# https://github.com/mikedh/trimesh
v 3688.82000000 2876.20000000 4572.71000000
v 3604.94000000 2835.40000000 4590.19000000
v 3635.38000000 2903.85000000 4573.25000000
v 3704.79000000 2900.50000000 4579.39000000
v 3539.89000000 2892.87000000 4585.84000000
v 3679.34000000 2923.37000000 4578.96000000
v 3650.79000000 2926.73000000 4576.70000000
v 3597.91000000 2930.71000000 4578.62000000
v 3546.35000000 2931.68000000 4584.09000000
v 3575.71000000 2939.23000000 4579.40000000
v 3640.03000000 2929.50000000 4576.65000000
v 3777.57000000 2785.49000000 4597.92000000
v 3850.05000000 2793.25000000 4598.71000000
v 3883.09000000 2751.46000000 4606.84000000
v 3809.52000000 2818.01000000 4592.21000000
v 3473.09000000 2797.40000000 4620.56000000
v 3563.22000000 2721.59000000 4638.00000000
v 3838.79000000 2827.51000000 4597.52000000
v 3773.10000000 2851.89000000 4590.16000000
v 3467.77000000 2866.51000000 4605.40000000
v 3824.71000000 2853.50000000 4604.20000000
v 3889.93000000 2825.62000000 4618.47000000
v 3768.81000000 2878.86000000 4595.48000000
v 3511.20000000 2908.69000000 4594.70000000
v 3486.16000000 2895.92000000 4601.41000000
v 3731.69000000 2901.83000000 4594.49000000
v 3513.20000000 2912.37000000 4596.40000000
v 3561.19000000 2933.69000000 4584.88000000
v 3622.27000000 2930.80000000 4586.89000000
v 3688.49000000 2918.33000000 4591.70000000
v 3942.85000000 2719.74000000 4616.45000000
v 3895.13000000 2677.46000000 4630.65000000
v 3776.14000000 2680.95000000 4634.00000000
v 3671.83000000 2705.77000000 4634.75000000
v 3918.23000000 2756.24000000 4610.66000000
v 3983.54000000 2728.10000000 4625.13000000
v 3918.55000000 2784.35000000 4616.43000000
v 3996.47000000 2754.73000000 4634.65000000
v 3980.88000000 2789.51000000 4652.60000000
v 3397.10000000 2802.27000000 4634.95000000
v 3416.67000000 2841.80000000 4626.64000000
v 3946.66000000 2819.94000000 4664.00000000
v 3441.38000000 2866.18000000 4618.51000000
v 3457.92000000 2874.16000000 4614.92000000
v 3870.12000000 2847.59000000 4633.67000000
v 3471.86000000 2883.74000000 4612.26000000
v 3794.69000000 2876.06000000 4614.93000000
v 3741.99000000 2897.15000000 4614.66000000
v 3599.94000000 2929.05000000 4601.77000000
v 3634.30000000 2926.18000000 4605.08000000
v 3684.00000000 2911.00000000 4610.91000000
v 3995.04000000 2576.62000000 4663.41000000
v 4019.83000000 2654.07000000 4639.56000000
v 4118.59000000 2628.79000000 4650.00000000
v 4063.29000000 2677.66000000 4641.68000000
v 4130.41000000 2657.42000000 4654.64000000
v 3646.31000000 2590.79000000 4686.18000000
v 3736.44000000 2635.50000000 4656.66000000
v 4080.91000000 2701.76000000 4651.78000000
v 4071.29000000 2759.57000000 4688.64000000
v 3372.41000000 2736.97000000 4659.14000000
v 3346.71000000 2771.18000000 4656.96000000
v 3363.40000000 2794.82000000 4649.13000000
v 3378.78000000 2810.31000000 4645.27000000
v 3386.98000000 2820.71000000 4650.06000000
v 3426.98000000 2850.93000000 4631.03000000
v 3451.55000000 2869.69000000 4624.46000000
v 3853.61000000 2858.16000000 4644.82000000
v 3484.49000000 2886.00000000 4621.86000000
v 3818.23000000 2866.60000000 4645.35000000
v 3551.14000000 2908.18000000 4611.17000000
v 4135.66000000 2482.90000000 4693.69000000
v 4149.98000000 2565.26000000 4666.33000000
v 4253.83000000 2550.27000000 4673.33000000
v 4182.75000000 2590.96000000 4663.54000000
v 3839.16000000 2583.68000000 4671.68000000
v 4191.21000000 2609.82000000 4664.49000000
v 4249.84000000 2594.36000000 4677.96000000
v 4168.22000000 2652.53000000 4668.71000000
v 3471.83000000 2675.63000000 4671.73000000
v 4134.54000000 2708.97000000 4688.16000000
v 3307.41000000 2727.97000000 4678.42000000
v 3313.37000000 2755.24000000 4674.33000000
v 3346.93000000 2783.89000000 4663.46000000
v 4042.42000000 2794.90000000 4707.34000000
v 3432.97000000 2843.11000000 4650.01000000
v 3888.38000000 2842.40000000 4676.14000000
v 3917.79000000 2833.10000000 4674.48000000
v 3553.95000000 2854.45000000 4660.87000000
v 3642.95000000 2899.82000000 4625.54000000
v 3752.16000000 2876.50000000 4646.65000000
v 4392.04000000 2487.03000000 4696.94000000
v 4298.22000000 2478.98000000 4692.37000000
v 4313.87000000 2514.03000000 4685.32000000
v 3951.19000000 2461.84000000 4717.20000000
v 4260.64000000 2397.07000000 4722.12000000
v 4309.14000000 2541.88000000 4685.17000000
v 4341.70000000 2556.36000000 4697.83000000
v 3465.40000000 2536.33000000 4741.98000000
v 4230.39000000 2653.59000000 4704.70000000
v 4326.64000000 2613.73000000 4727.24000000
v 3324.53000000 2627.88000000 4721.84000000
v 3258.13000000 2688.13000000 4707.30000000
v 3285.78000000 2731.44000000 4688.95000000
v 3258.32000000 2719.01000000 4703.24000000
v 3291.54000000 2745.91000000 4690.88000000
v 3336.18000000 2779.47000000 4683.51000000
v 4003.05000000 2806.61000000 4697.57000000
v 3380.70000000 2802.84000000 4677.51000000
v 3990.29000000 2816.49000000 4719.02000000
v 3686.09000000 2860.88000000 4662.62000000
v 4533.34000000 2376.87000000 4720.75000000
v 4424.32000000 2368.81000000 4725.78000000
v 4431.65000000 2428.53000000 4709.70000000
v 4480.84000000 2434.06000000 4712.71000000
v 4570.06000000 2401.60000000 4726.12000000
v 4101.39000000 2368.44000000 4750.02000000
v 4490.59000000 2464.04000000 4719.44000000
v 3779.68000000 2486.77000000 4722.73000000
v 4438.11000000 2545.13000000 4740.13000000
v 3199.09000000 2622.56000000 4751.53000000
v 3207.97000000 2668.60000000 4732.61000000
v 4262.22000000 2689.92000000 4748.51000000
v 3228.29000000 2695.13000000 4721.51000000
v 3239.10000000 2713.24000000 4720.67000000
v 3281.88000000 2742.63000000 4706.64000000
v 4169.63000000 2746.21000000 4739.06000000
v 4099.12000000 2797.54000000 4744.05000000
v 3336.23000000 2762.23000000 4716.85000000
v 3433.75000000 2783.95000000 4709.82000000
v 3671.35000000 2806.93000000 4714.24000000
v 3547.83000000 2775.92000000 4730.16000000
v 3856.28000000 2837.74000000 4692.65000000
v 3762.01000000 2838.77000000 4688.48000000
v 3941.08000000 2818.27000000 4723.48000000
v 4332.50000000 2335.10000000 4744.50000000
v 4477.74000000 2266.44000000 4763.97000000
v 4575.75000000 2310.12000000 4742.20000000
v 4612.04000000 2348.07000000 4735.48000000
v 4681.97000000 2294.72000000 4748.88000000
v 4673.13000000 2356.91000000 4746.94000000
v 4741.78000000 2301.49000000 4755.12000000
v 4286.10000000 2258.47000000 4788.14000000
v 4581.26000000 2414.41000000 4733.88000000
v 3793.02000000 2396.34000000 4767.91000000
v 4584.41000000 2454.63000000 4757.29000000
v 3632.85000000 2431.79000000 4774.15000000
v 4497.88000000 2569.34000000 4785.41000000
v 4358.43000000 2643.43000000 4766.10000000
v 3168.98000000 2648.69000000 4756.52000000
v 3200.87000000 2680.29000000 4742.16000000
v 3196.07000000 2685.18000000 4756.13000000
v 3251.28000000 2719.60000000 4735.33000000
v 3295.66000000 2746.25000000 4716.62000000
v 3791.04000000 2787.99000000 4744.65000000
v 3890.64000000 2775.97000000 4776.67000000
v 4047.58000000 2812.17000000 4737.96000000
v 4895.06000000 2192.75000000 4772.18000000
v 5026.29000000 2164.93000000 4783.20000000
v 5020.87000000 2137.37000000 4785.44000000
v 4909.91000000 2227.16000000 4772.19000000
v 4855.17000000 2227.33000000 4765.16000000
v 4689.08000000 2208.42000000 4776.26000000
v 4785.73000000 2251.17000000 4761.78000000
v 4832.69000000 2247.72000000 4763.15000000
v 4816.81000000 2268.73000000 4764.58000000
v 4814.70000000 2305.00000000 4773.85000000
v 4707.77000000 2398.29000000 4781.15000000
v 3939.93000000 2318.63000000 4794.33000000
v 4648.21000000 2503.50000000 4813.96000000
v 3206.22000000 2521.17000000 4807.07000000
v 3342.64000000 2492.01000000 4794.24000000
v 3140.75000000 2622.26000000 4775.33000000
v 3144.22000000 2641.40000000 4772.39000000
v 3161.93000000 2656.30000000 4767.32000000
v 3283.36000000 2724.82000000 4748.41000000
v 3373.36000000 2722.11000000 4764.45000000
v 3704.50000000 2739.36000000 4785.31000000
v 3614.96000000 2738.08000000 4775.06000000
v 4001.51000000 2810.47000000 4766.89000000
v 4045.89000000 2823.73000000 4764.91000000
v 5185.37000000 2066.96000000 4802.35000000
v 5099.09000000 2079.68000000 4801.39000000
v 5141.47000000 2118.15000000 4801.28000000
v 5071.42000000 2125.87000000 4793.01000000
v 4912.46000000 2126.91000000 4794.86000000
v 5030.39000000 2185.94000000 4789.22000000
v 5099.25000000 2181.64000000 4808.50000000
v 4561.99000000 2208.81000000 4784.22000000
v 4536.13000000 2165.92000000 4809.26000000
v 4967.14000000 2264.55000000 4808.06000000
v 4091.94000000 2263.53000000 4807.80000000
v 4827.64000000 2402.26000000 4829.04000000
v 3461.82000000 2377.48000000 4840.33000000
v 3126.71000000 2571.84000000 4799.98000000
v 3089.57000000 2591.58000000 4809.15000000
v 3124.79000000 2629.59000000 4790.28000000
v 4381.25000000 2730.25000000 4834.19000000
v 3148.80000000 2652.55000000 4786.13000000
v 3172.07000000 2663.52000000 4797.81000000
v 3229.93000000 2688.02000000 4781.72000000
v 4254.21000000 2776.24000000 4799.96000000
v 3315.70000000 2679.79000000 4806.43000000
v 3511.07000000 2723.64000000 4778.83000000
v 3962.05000000 2788.50000000 4790.00000000
v 4151.83000000 2834.10000000 4789.96000000
v 4095.70000000 2842.49000000 4782.15000000
v 4070.72000000 2846.87000000 4794.40000000
v 5222.73000000 2004.41000000 4819.56000000
v 5350.66000000 1970.25000000 4827.13000000
v 5313.90000000 1947.17000000 4834.30000000
v 5294.96000000 2011.34000000 4819.08000000
v 5329.92000000 2016.94000000 4823.50000000
v 5105.48000000 2008.15000000 4826.58000000
v 5241.51000000 2049.80000000 4814.32000000
v 4942.32000000 2038.73000000 4829.88000000
v 5270.55000000 2064.32000000 4819.65000000
v 4753.37000000 2121.14000000 4810.67000000
v 5213.79000000 2135.22000000 4831.25000000
v 4162.09000000 2161.77000000 4861.90000000
v 5129.17000000 2226.67000000 4846.05000000
v 3852.02000000 2239.13000000 4854.20000000
v 3976.60000000 2181.77000000 4878.60000000
v 3755.86000000 2320.08000000 4820.27000000
v 5013.35000000 2331.52000000 4860.35000000
v 3084.49000000 2509.61000000 4845.83000000
v 3064.35000000 2553.10000000 4830.24000000
v 3057.23000000 2575.94000000 4827.21000000
v 3064.47000000 2588.93000000 4823.55000000
v 3078.28000000 2601.23000000 4821.85000000
v 3106.54000000 2625.46000000 4817.67000000
v 3135.45000000 2642.08000000 4815.45000000
v 3792.80000000 2717.44000000 4826.86000000
v 3940.88000000 2757.29000000 4827.13000000
v 4004.51000000 2800.36000000 4817.61000000
v 4037.93000000 2826.53000000 4797.91000000
v 4177.51000000 2928.12000000 4857.38000000
v 4063.79000000 2864.04000000 4820.79000000
v 4091.77000000 2895.63000000 4821.69000000
v 4124.47000000 2895.99000000 4822.38000000
v 5529.44000000 1882.84000000 4848.65000000
v 5627.11000000 1886.51000000 4854.04000000
v 5640.01000000 1844.36000000 4854.61000000
v 5393.72000000 1913.47000000 4843.33000000
v 5317.50000000 1896.34000000 4854.96000000
v 5435.35000000 1939.07000000 4838.86000000
v 5501.80000000 1945.59000000 4848.08000000
v 5175.15000000 1943.76000000 4848.97000000
v 5407.04000000 1976.30000000 4836.05000000
v 5073.50000000 1955.42000000 4854.86000000
v 5355.64000000 2054.96000000 4847.87000000
v 4696.62000000 2036.98000000 4860.20000000
v 4518.11000000 2082.77000000 4856.96000000
v 4387.06000000 2103.32000000 4864.57000000
v 3624.76000000 2313.95000000 4848.75000000
v 3300.74000000 2368.34000000 4886.29000000
v 3041.96000000 2575.32000000 4844.58000000
v 3025.67000000 2549.39000000 4853.88000000
v 4525.92000000 2674.06000000 4864.62000000
v 3064.51000000 2596.36000000 4853.27000000
v 3108.41000000 2622.34000000 4841.61000000
v 3138.89000000 2623.52000000 4861.68000000
v 3190.95000000 2646.34000000 4838.50000000
v 3249.92000000 2647.07000000 4844.07000000
v 3437.64000000 2654.91000000 4850.27000000
v 3612.94000000 2687.37000000 4833.97000000
v 3894.42000000 2725.72000000 4849.52000000
v 4280.30000000 2853.69000000 4861.90000000
v 4030.44000000 2831.49000000 4841.21000000
v 4044.83000000 2904.39000000 4867.66000000
v 4071.12000000 2904.35000000 4839.23000000
v 4074.39000000 2947.28000000 4858.08000000
v 4099.82000000 2971.90000000 4863.59000000
v 5803.54000000 1786.80000000 4863.97000000
v 5753.67000000 1762.52000000 4870.23000000
v 5707.78000000 1813.99000000 4859.90000000
v 5870.08000000 1736.65000000 4878.01000000
v 5860.54000000 1787.51000000 4876.73000000
v 5623.37000000 1813.28000000 4863.88000000
v 5736.84000000 1837.39000000 4862.52000000
v 5677.88000000 1845.86000000 4857.98000000
v 5495.94000000 1835.76000000 4865.13000000
v 5783.88000000 1843.84000000 4873.79000000
v 5203.30000000 1849.92000000 4892.99000000
v 5699.48000000 1878.18000000 4865.89000000
v 5760.79000000 1890.38000000 4894.05000000
v 5630.90000000 1925.30000000 4873.23000000
v 4970.37000000 1926.18000000 4885.52000000
v 5520.59000000 2008.44000000 4881.72000000
v 4536.16000000 2031.06000000 4886.51000000
v 5463.84000000 2094.26000000 4905.08000000
v 5301.13000000 2172.93000000 4884.89000000
v 3711.50000000 2226.66000000 4891.88000000
v 3111.44000000 2415.15000000 4903.68000000
v 4735.79000000 2552.87000000 4879.52000000
v 3031.77000000 2522.49000000 4858.85000000
v 4997.36000000 2423.86000000 4908.32000000
v 2993.74000000 2516.60000000 4880.52000000
v 2991.37000000 2539.37000000 4886.45000000
v 3021.88000000 2568.26000000 4876.98000000
v 3302.85000000 2627.31000000 4876.67000000
v 3963.48000000 2749.82000000 4874.62000000
v 3990.24000000 2778.93000000 4895.03000000
v 4377.83000000 2850.21000000 4912.55000000
v 4012.48000000 2834.06000000 4895.00000000
v 4234.86000000 2950.04000000 4900.04000000
v 4051.88000000 3005.76000000 4896.89000000
v 4074.24000000 2993.91000000 4879.13000000
v 6005.43000000 1633.66000000 4903.29000000
v 5919.75000000 1659.62000000 4899.12000000
v 5979.49000000 1680.19000000 4894.43000000
v 6051.05000000 1646.99000000 4901.85000000
v 6034.52000000 1685.26000000 4900.20000000
v 5764.63000000 1692.66000000 4899.56000000
v 5946.89000000 1733.61000000 4889.36000000
v 5999.13000000 1734.86000000 4901.12000000
v 5621.47000000 1761.61000000 4883.63000000
v 5439.67000000 1795.44000000 4888.79000000
v 5931.34000000 1763.44000000 4890.34000000
v 5914.90000000 1813.95000000 4914.58000000
v 4940.51000000 1853.30000000 4934.93000000
v 4791.37000000 1932.19000000 4910.57000000
v 4633.64000000 1957.81000000 4919.79000000
v 4243.43000000 2038.81000000 4931.71000000
v 4447.15000000 1969.50000000 4945.77000000
v 5603.63000000 2022.89000000 4917.56000000
v 4032.71000000 2056.94000000 4961.65000000
v 3811.70000000 2156.37000000 4924.69000000
v 3549.26000000 2218.22000000 4934.94000000
v 5184.42000000 2285.69000000 4901.03000000
v 3426.71000000 2270.85000000 4924.54000000
v 3015.20000000 2477.10000000 4891.36000000
v 2965.57000000 2492.50000000 4904.83000000
v 2974.31000000 2516.55000000 4897.49000000
v 2940.65000000 2497.91000000 4926.20000000
v 4861.48000000 2530.88000000 4919.68000000
v 3038.15000000 2579.56000000 4889.94000000
v 4632.48000000 2660.11000000 4904.55000000
v 4786.95000000 2617.79000000 4951.77000000
v 3081.40000000 2596.03000000 4884.33000000
v 3827.38000000 2670.56000000 4900.00000000
v 4539.49000000 2742.93000000 4920.64000000
v 3928.67000000 2720.04000000 4884.54000000
v 3996.33000000 2876.75000000 4947.59000000
v 4005.45000000 3017.85000000 4969.41000000
v 4143.94000000 3068.92000000 4928.50000000
v 4070.52000000 3039.99000000 4901.42000000
v 4103.63000000 3036.73000000 4900.73000000
v 6151.94000000 1558.11000000 4926.23000000
v 6078.54000000 1572.80000000 4924.05000000
v 6114.41000000 1603.89000000 4915.06000000
v 6185.92000000 1576.27000000 4925.63000000
v 6159.77000000 1616.96000000 4923.20000000
v 5981.93000000 1591.18000000 4923.27000000
v 6090.18000000 1649.28000000 4911.46000000
v 5849.99000000 1622.98000000 4922.87000000
v 5728.87000000 1629.72000000 4933.60000000
v 5574.05000000 1711.69000000 4913.39000000
v 6100.24000000 1675.83000000 4919.29000000
v 5361.63000000 1737.05000000 4932.43000000
v 6050.46000000 1738.10000000 4929.96000000
v 5064.26000000 1842.12000000 4920.71000000
v 4756.69000000 1875.36000000 4955.69000000
v 5807.93000000 1938.33000000 4945.83000000
v 5927.73000000 1904.39000000 4979.85000000
v 5673.21000000 1967.96000000 4912.04000000
v 3885.85000000 2101.16000000 4954.83000000
v 5421.11000000 2197.22000000 4943.89000000
v 5201.80000000 2332.31000000 4935.85000000
v 2963.57000000 2415.88000000 4946.25000000
v 2948.78000000 2454.49000000 4928.06000000
v 2931.27000000 2472.46000000 4933.03000000
v 2939.61000000 2510.75000000 4944.00000000
v 3003.34000000 2552.24000000 4917.16000000
v 3523.85000000 2616.41000000 4911.10000000
v 3203.73000000 2603.53000000 4903.60000000
v 4635.63000000 2712.42000000 4948.35000000
v 3668.35000000 2625.50000000 4927.63000000
v 3887.54000000 2681.18000000 4918.59000000
v 4026.76000000 3090.79000000 4959.05000000
v 4246.40000000 3025.21000000 4960.75000000
v 4051.44000000 3090.59000000 4934.34000000
v 4072.76000000 3091.20000000 4926.28000000
v 6250.07000000 1515.20000000 4952.95000000
v 6202.33000000 1519.08000000 4943.95000000
v 6208.81000000 1546.55000000 4938.14000000
v 6097.17000000 1504.51000000 4957.84000000
v 6219.96000000 1575.32000000 4942.16000000
v 6256.68000000 1548.89000000 4961.54000000
v 5893.12000000 1562.33000000 4949.82000000
v 5761.62000000 1567.91000000 4964.02000000
v 6235.56000000 1596.77000000 4956.74000000
v 6187.08000000 1648.43000000 4957.14000000
v 5555.49000000 1621.67000000 4968.06000000
v 6128.66000000 1723.51000000 4967.10000000
v 5123.92000000 1747.55000000 4971.85000000
v 6035.43000000 1831.06000000 4988.20000000
v 5638.15000000 2072.00000000 4958.89000000
v 4137.48000000 1970.14000000 5008.50000000
v 4291.79000000 1960.71000000 4981.50000000
v 3788.94000000 2072.72000000 4996.37000000
v 3672.56000000 2105.14000000 4999.43000000
v 3351.28000000 2222.61000000 4983.16000000
v 3189.86000000 2256.37000000 5004.87000000
v 2987.50000000 2324.21000000 5010.74000000
v 2909.12000000 2446.40000000 4952.60000000
v 2927.36000000 2433.83000000 4948.82000000
v 5118.82000000 2426.27000000 4964.39000000
v 2906.48000000 2464.00000000 4953.21000000
v 4961.04000000 2514.57000000 4957.62000000
v 3047.15000000 2572.13000000 4918.29000000
v 3090.91000000 2572.02000000 4940.45000000
v 3331.55000000 2576.37000000 4955.10000000
v 3779.87000000 2615.21000000 4974.64000000
v 3845.68000000 2651.68000000 4944.43000000
v 3916.73000000 2685.27000000 4950.26000000
v 4552.76000000 2816.12000000 4990.96000000
v 3974.80000000 2787.67000000 4962.70000000
v 4141.39000000 3166.18000000 4993.50000000
v 4093.10000000 3108.18000000 4936.31000000
v 4067.21000000 3135.67000000 4951.96000000
v 4094.93000000 3159.92000000 4969.74000000
v 6210.75000000 1473.89000000 4970.37000000
v 6188.48000000 1412.25000000 5007.64000000
v 6232.21000000 1440.67000000 4993.48000000
v 6247.15000000 1475.89000000 4976.03000000
v 6256.65000000 1499.03000000 4977.76000000
v 6249.47000000 1586.97000000 4969.04000000
v 6227.10000000 1626.76000000 4981.04000000
v 5345.44000000 1665.75000000 4980.19000000
v 6172.92000000 1718.63000000 4997.98000000
v 4896.50000000 1800.65000000 4981.84000000
v 4615.06000000 1885.76000000 4977.50000000
v 4377.00000000 1870.49000000 5038.76000000
v 3422.63000000 2171.92000000 5005.60000000
v 5330.94000000 2317.09000000 4983.34000000
v 2897.89000000 2417.67000000 4971.55000000
v 2870.95000000 2431.53000000 4986.02000000
v 2884.31000000 2459.55000000 4981.15000000
v 2974.63000000 2529.73000000 4966.93000000
v 3026.26000000 2544.42000000 4967.32000000
v 4710.53000000 2723.07000000 5004.50000000
v 3936.49000000 2707.17000000 4991.83000000
v 3947.53000000 2824.95000000 5044.63000000
v 4398.54000000 2940.25000000 4999.45000000
v 3955.99000000 2983.20000000 5057.63000000
v 4323.62000000 3054.20000000 5052.12000000
v 4219.40000000 3140.89000000 5040.75000000
v 4040.10000000 3159.77000000 4978.78000000
v 4062.84000000 3199.43000000 4989.17000000
v 6094.84000000 1386.99000000 5030.03000000
v 5932.60000000 1482.96000000 4992.18000000
v 6245.68000000 1455.48000000 4996.58000000
v 5759.34000000 1496.80000000 5012.00000000
v 6258.90000000 1527.77000000 4991.19000000
v 6253.81000000 1567.89000000 4981.48000000
v 5405.42000000 1587.32000000 5022.49000000
v 5540.50000000 1505.95000000 5054.83000000
v 6239.97000000 1604.63000000 4997.02000000
v 6199.64000000 1683.57000000 5005.95000000
v 6125.60000000 1803.14000000 5029.21000000
v 4741.98000000 1792.20000000 5025.21000000
v 4556.48000000 1832.67000000 5035.52000000
v 4235.79000000 1910.30000000 5037.06000000
v 5808.51000000 2028.50000000 5006.29000000
v 3515.31000000 2092.36000000 5049.97000000
v 5563.62000000 2163.75000000 4982.00000000
v 5494.98000000 2223.87000000 4991.31000000
v 3056.82000000 2208.20000000 5084.92000000
v 2889.71000000 2379.76000000 4999.18000000
v 2861.29000000 2402.95000000 5000.45000000
v 5212.89000000 2417.64000000 5006.69000000
v 5086.51000000 2486.50000000 5000.24000000
v 2888.02000000 2474.56000000 4995.97000000
v 2933.71000000 2505.83000000 4981.45000000
v 2951.49000000 2510.33000000 5004.78000000
v 3168.44000000 2552.39000000 4984.44000000
v 3483.66000000 2551.54000000 5007.96000000
v 4819.87000000 2673.29000000 5024.70000000
v 4974.59000000 2583.19000000 5031.38000000
v 3860.40000000 2643.01000000 4975.17000000
v 3937.02000000 2740.09000000 5039.85000000
v 3995.28000000 3174.89000000 5040.12000000
v 4152.50000000 3230.56000000 5052.79000000
v 4033.53000000 3219.73000000 5014.45000000
v 4050.11000000 3205.87000000 4997.53000000
v 4068.85000000 3271.32000000 5032.25000000
v 5936.14000000 1399.03000000 5047.63000000
v 6224.27000000 1412.78000000 5019.63000000
v 6242.32000000 1465.76000000 5023.28000000
v 6227.94000000 1410.95000000 5037.70000000
v 6238.70000000 1575.17000000 5019.66000000
v 6215.25000000 1654.81000000 5021.37000000
v 5257.53000000 1613.53000000 5039.61000000
v 5120.57000000 1619.39000000 5071.30000000
v 4935.73000000 1706.91000000 5048.48000000
v 4268.30000000 1834.00000000 5100.29000000
v 5926.73000000 1985.36000000 5037.40000000
v 3989.14000000 1935.67000000 5076.71000000
v 3879.49000000 2016.65000000 5028.18000000
v 3764.50000000 1988.27000000 5083.11000000
v 5628.72000000 2181.94000000 5026.28000000
v 3350.05000000 2085.44000000 5105.98000000
v 5476.45000000 2274.17000000 5019.93000000
v 5380.52000000 2365.72000000 5050.39000000
v 2818.92000000 2389.43000000 5032.49000000
v 2834.68000000 2375.04000000 5027.21000000
v 2838.04000000 2417.96000000 5018.63000000
v 2827.98000000 2421.94000000 5043.88000000
v 2909.85000000 2485.40000000 5024.31000000
v 2973.11000000 2502.65000000 5046.41000000
v 3066.17000000 2499.90000000 5068.62000000
v 3340.66000000 2527.78000000 5032.30000000
v 3664.06000000 2558.46000000 5039.98000000
v 3828.61000000 2603.54000000 5026.11000000
v 4651.84000000 2808.37000000 5053.75000000
v 3957.92000000 3107.37000000 5085.13000000
v 4183.71000000 3233.21000000 5089.24000000
v 4052.66000000 3233.77000000 5011.91000000
v 4038.26000000 3254.78000000 5030.19000000
v 6161.95000000 1346.41000000 5054.93000000
v 6198.93000000 1363.98000000 5050.57000000
v 6210.88000000 1372.88000000 5054.48000000
v 5737.09000000 1406.61000000 5084.51000000
v 5919.16000000 1297.66000000 5129.81000000
v 5369.51000000 1513.02000000 5093.88000000
v 6218.70000000 1625.70000000 5037.62000000
v 6194.34000000 1709.32000000 5042.34000000
v 6170.67000000 1750.81000000 5038.06000000
v 4795.88000000 1708.75000000 5085.34000000
v 6116.99000000 1873.32000000 5079.80000000
v 6046.06000000 1919.67000000 5064.55000000
v 4469.71000000 1771.74000000 5109.97000000
v 4137.96000000 1873.11000000 5100.48000000
v 2845.96000000 2319.93000000 5061.09000000
v 2808.43000000 2353.18000000 5054.28000000
v 2850.95000000 2443.46000000 5059.09000000
v 5201.65000000 2485.11000000 5070.81000000
v 3240.96000000 2516.11000000 5047.90000000
v 3770.19000000 2579.73000000 5037.98000000
v 3881.48000000 2641.86000000 5020.33000000
v 4750.98000000 2759.04000000 5071.93000000
v 4524.95000000 2895.29000000 5051.09000000
v 4589.49000000 2852.32000000 5056.09000000
v 4011.25000000 3262.01000000 5053.28000000
v 4027.66000000 3303.28000000 5058.90000000
v 4105.66000000 3291.29000000 5062.60000000
v 4067.08000000 3351.11000000 5077.98000000
v 6093.49000000 1299.18000000 5102.54000000
v 6211.95000000 1385.43000000 5078.07000000
v 6198.18000000 1411.52000000 5110.49000000
v 5597.12000000 1422.57000000 5107.11000000
v 6222.45000000 1514.70000000 5056.37000000
v 5248.09000000 1531.68000000 5112.64000000
v 6194.76000000 1690.16000000 5061.61000000
v 6144.28000000 1820.94000000 5076.89000000
v 4367.12000000 1805.22000000 5102.30000000
v 6097.71000000 1937.85000000 5132.98000000
v 5952.90000000 2048.08000000 5104.39000000
v 5811.29000000 2126.72000000 5083.52000000
v 3153.63000000 2126.55000000 5127.22000000
v 5551.49000000 2286.57000000 5069.06000000
v 2911.15000000 2211.46000000 5128.85000000
v 2772.84000000 2316.58000000 5091.58000000
v 5507.91000000 2345.57000000 5099.60000000
v 2769.20000000 2346.57000000 5084.26000000
v 2796.08000000 2383.27000000 5061.00000000
v 2885.49000000 2457.47000000 5093.26000000
v 2930.17000000 2486.38000000 5054.33000000
v 3352.39000000 2495.71000000 5094.52000000
v 5127.52000000 2583.03000000 5139.10000000
v 3808.66000000 2573.54000000 5076.97000000
v 4880.98000000 2693.07000000 5094.76000000
v 5003.69000000 2649.63000000 5136.60000000
v 3883.92000000 2632.51000000 5096.75000000
v 3907.95000000 2681.84000000 5093.32000000
v 3911.82000000 2928.10000000 5154.63000000
v 4475.43000000 2977.14000000 5100.79000000
v 4286.87000000 3144.37000000 5114.84000000
v 4234.78000000 3219.12000000 5141.27000000
v 3979.41000000 3297.58000000 5098.42000000
v 4005.71000000 3321.90000000 5078.17000000
v 4130.63000000 3332.55000000 5120.42000000
v 4013.81000000 3362.31000000 5084.84000000
v 4032.70000000 3350.05000000 5074.01000000
v 4046.75000000 3360.66000000 5078.44000000
v 6168.53000000 1326.26000000 5080.14000000
v 6192.38000000 1339.43000000 5077.62000000
v 6198.46000000 1347.72000000 5082.33000000
v 5541.85000000 1385.62000000 5157.71000000
v 6195.82000000 1625.05000000 5082.38000000
v 6181.70000000 1541.50000000 5123.49000000
v 4859.35000000 1643.59000000 5126.18000000
v 5018.12000000 1595.85000000 5122.38000000
v 4652.30000000 1709.68000000 5127.07000000
v 6169.61000000 1760.76000000 5073.66000000
v 6046.28000000 2021.31000000 5157.42000000
v 3869.93000000 1925.33000000 5119.31000000
v 3644.36000000 1985.17000000 5118.40000000
v 5683.85000000 2226.85000000 5091.45000000
v 2797.85000000 2268.10000000 5117.32000000
v 2759.79000000 2358.28000000 5101.90000000
v 2789.58000000 2386.85000000 5080.68000000
v 2781.39000000 2383.94000000 5115.13000000
v 5399.17000000 2421.00000000 5121.47000000
v 2923.49000000 2466.59000000 5106.94000000
v 3514.12000000 2493.95000000 5132.48000000
v 3750.69000000 2543.60000000 5112.18000000
v 3847.70000000 2596.61000000 5087.97000000
v 3904.79000000 2726.65000000 5136.97000000
v 4647.42000000 2862.68000000 5115.36000000
v 3921.93000000 3098.64000000 5156.24000000
v 4375.11000000 3100.42000000 5152.61000000
v 3947.38000000 3242.77000000 5134.58000000
v 3988.76000000 3391.09000000 5109.72000000
v 4037.40000000 3418.69000000 5105.49000000
v 4065.70000000 3410.42000000 5116.80000000
v 4015.62000000 3405.90000000 5101.12000000
v 6112.51000000 1239.91000000 5142.58000000
v 6134.54000000 1255.87000000 5136.62000000
v 6160.97000000 1304.30000000 5111.06000000
v 5789.88000000 1309.79000000 5151.33000000
v 5869.74000000 1234.25000000 5197.22000000
v 5691.29000000 1344.47000000 5150.37000000
v 5152.41000000 1494.87000000 5178.86000000
v 4324.27000000 1732.08000000 5194.99000000
v 6146.11000000 1821.47000000 5115.41000000
v 6126.01000000 1872.48000000 5118.88000000
v 3919.90000000 1854.40000000 5179.97000000
v 3526.16000000 1969.33000000 5165.39000000
v 3037.14000000 2123.21000000 5166.34000000
v 2741.45000000 2279.19000000 5129.85000000
v 5641.60000000 2295.75000000 5129.28000000
v 2733.55000000 2304.29000000 5123.89000000
v 2735.79000000 2325.97000000 5122.19000000
v 2827.35000000 2418.50000000 5123.05000000
v 2952.47000000 2448.56000000 5168.64000000
v 3195.20000000 2454.06000000 5172.53000000
v 3899.57000000 2805.69000000 5173.35000000
v 4826.20000000 2793.07000000 5184.87000000
v 4189.91000000 3308.33000000 5179.40000000
v 3980.35000000 3478.42000000 5130.66000000
v 3954.76000000 3465.64000000 5144.68000000
v 4024.99000000 3471.25000000 5128.68000000
v 4010.12000000 3461.46000000 5122.30000000
v 6054.92000000 1216.54000000 5174.36000000
v 6147.91000000 1253.97000000 5155.87000000
v 5937.59000000 1181.71000000 5234.31000000
v 6172.56000000 1314.84000000 5131.74000000
v 4773.02000000 1589.21000000 5213.98000000
v 6163.63000000 1736.02000000 5110.30000000
v 4047.57000000 1799.96000000 5205.76000000
v 6101.97000000 2031.67000000 5225.16000000
v 3223.60000000 2012.70000000 5213.33000000
v 5984.90000000 2103.95000000 5183.80000000
v 5892.44000000 2156.97000000 5164.24000000
v 5764.63000000 2248.21000000 5166.39000000
v 2746.93000000 2230.45000000 5166.51000000
v 2816.53000000 2212.01000000 5160.73000000
v 2704.68000000 2294.75000000 5155.33000000
v 2729.93000000 2330.05000000 5143.79000000
v 5539.47000000 2374.18000000 5154.27000000
v 2841.76000000 2420.53000000 5160.05000000
v 2887.00000000 2432.73000000 5173.47000000
v 5279.20000000 2517.23000000 5163.24000000
v 3666.96000000 2516.38000000 5136.32000000
v 3811.41000000 2559.87000000 5134.38000000
v 3845.93000000 2584.43000000 5168.48000000
v 4973.45000000 2708.63000000 5195.68000000
v 4486.90000000 3023.91000000 5169.46000000
v 4590.27000000 2960.46000000 5192.30000000
v 3952.27000000 3366.75000000 5143.45000000
v 4079.16000000 3463.86000000 5179.50000000
v 4024.77000000 3501.05000000 5150.70000000
v 3953.77000000 3514.27000000 5146.29000000
v 3951.10000000 3552.12000000 5155.34000000
v 3994.57000000 3506.48000000 5142.79000000
v 6116.99000000 1211.39000000 5181.63000000
v 5338.41000000 1404.47000000 5208.37000000
v 4959.61000000 1529.94000000 5211.27000000
v 6147.14000000 1606.66000000 5179.89000000
v 4482.40000000 1700.60000000 5183.70000000
v 4188.29000000 1787.91000000 5176.47000000
v 6132.92000000 1773.99000000 5173.12000000
v 6124.52000000 1868.98000000 5156.77000000
v 3791.51000000 1880.55000000 5188.03000000
v 6114.57000000 1906.07000000 5144.28000000
v 3656.24000000 1899.05000000 5203.56000000
v 6108.28000000 1921.94000000 5176.73000000
v 6103.13000000 1975.94000000 5201.98000000
v 3434.44000000 1936.68000000 5226.03000000
v 2709.99000000 2266.66000000 5160.34000000
v 2686.72000000 2290.32000000 5192.02000000
v 2779.12000000 2367.89000000 5234.80000000
v 5433.55000000 2458.01000000 5193.60000000
v 3045.35000000 2436.83000000 5205.45000000
v 3372.53000000 2447.22000000 5212.01000000
v 3743.06000000 2510.82000000 5201.72000000
v 3781.60000000 2539.18000000 5162.56000000
v 3871.92000000 2646.22000000 5189.47000000
v 5087.66000000 2645.83000000 5197.34000000
v 4443.12000000 3092.33000000 5215.99000000
v 3921.67000000 3348.03000000 5186.77000000
v 3917.98000000 3453.38000000 5183.97000000
v 3931.38000000 3531.93000000 5163.31000000
v 3973.68000000 3560.90000000 5166.11000000
v 4016.96000000 3544.58000000 5190.96000000
v 3919.66000000 3589.34000000 5176.29000000
v 3900.90000000 3545.61000000 5195.30000000
v 3944.49000000 3577.48000000 5168.59000000
v 3939.25000000 3597.41000000 5185.24000000
v 6132.58000000 1211.86000000 5192.16000000
v 6119.14000000 1182.36000000 5213.34000000
v 6140.31000000 1229.02000000 5192.97000000
v 6150.79000000 1321.04000000 5195.44000000
v 6162.14000000 1463.37000000 5170.04000000
v 5064.46000000 1443.53000000 5266.48000000
v 4403.73000000 1653.29000000 5263.08000000
v 3566.95000000 1863.83000000 5267.77000000
v 6065.91000000 2106.54000000 5265.15000000
v 2828.33000000 2143.35000000 5216.61000000
v 5949.51000000 2177.91000000 5235.31000000
v 2708.30000000 2183.79000000 5221.59000000
v 2704.87000000 2233.01000000 5186.81000000
v 2681.93000000 2244.91000000 5199.29000000
v 5677.37000000 2340.91000000 5209.49000000
v 2723.94000000 2327.52000000 5201.13000000
v 5562.16000000 2406.62000000 5215.87000000
v 2842.15000000 2394.15000000 5249.62000000
v 3514.95000000 2455.62000000 5227.69000000
v 3622.09000000 2484.01000000 5201.26000000
v 5211.67000000 2604.07000000 5237.50000000
v 4710.15000000 2897.74000000 5225.44000000
v 4514.14000000 3049.25000000 5238.93000000
v 4297.14000000 3212.86000000 5210.81000000
v 4234.67000000 3284.41000000 5216.69000000
v 4144.69000000 3401.12000000 5215.44000000
v 4063.69000000 3527.77000000 5242.86000000
v 3885.21000000 3605.95000000 5208.58000000
v 3973.48000000 3584.25000000 5195.74000000
v 3903.44000000 3619.44000000 5210.40000000
v 6035.45000000 1127.21000000 5266.58000000
v 6080.91000000 1162.06000000 5227.16000000
v 6105.00000000 1159.31000000 5235.38000000
v 5847.55000000 1191.91000000 5246.16000000
v 6116.79000000 1169.11000000 5237.25000000
v 5707.51000000 1266.34000000 5219.85000000
v 5525.32000000 1298.51000000 5250.57000000
v 5171.08000000 1392.73000000 5286.25000000
v 6128.13000000 1406.03000000 5250.08000000
v 4557.77000000 1611.10000000 5268.12000000
v 6109.53000000 1850.43000000 5210.72000000
v 6101.86000000 1926.28000000 5226.63000000
v 3324.27000000 1958.81000000 5238.16000000
v 3087.28000000 2010.63000000 5260.19000000
v 6111.18000000 2020.57000000 5241.42000000
v 2954.67000000 2100.95000000 5216.30000000
v 2655.95000000 2200.25000000 5229.27000000
v 2645.83000000 2223.51000000 5228.29000000
v 5859.58000000 2231.35000000 5219.82000000
v 2646.18000000 2242.82000000 5237.68000000
v 5808.80000000 2287.17000000 5247.94000000
v 2670.26000000 2276.62000000 5256.07000000
v 5498.08000000 2469.03000000 5261.31000000
v 3803.14000000 2542.95000000 5198.74000000
v 3829.73000000 2563.32000000 5268.24000000
v 3884.88000000 2885.47000000 5223.24000000
v 3890.25000000 3034.41000000 5226.10000000
v 4377.99000000 3157.36000000 5233.99000000
v 3901.29000000 3211.08000000 5221.38000000
v 3891.35000000 3371.60000000 5240.13000000
v 4199.81000000 3346.41000000 5241.10000000
v 3880.00000000 3506.73000000 5230.05000000
v 4114.54000000 3467.38000000 5250.34000000
v 3872.16000000 3581.99000000 5227.68000000
v 4006.82000000 3576.26000000 5237.51000000
v 3860.28000000 3625.33000000 5248.87000000
v 3876.50000000 3631.03000000 5235.65000000
v 3950.66000000 3605.79000000 5224.09000000
v 3873.17000000 3647.39000000 5259.99000000
v 6123.00000000 1195.13000000 5254.43000000
v 5395.66000000 1285.40000000 5319.57000000
v 5270.91000000 1326.05000000 5325.73000000
v 4932.73000000 1448.19000000 5320.17000000
v 4796.11000000 1517.69000000 5292.98000000
v 4683.45000000 1565.05000000 5278.71000000
v 4277.53000000 1646.24000000 5314.72000000
v 4132.59000000 1685.09000000 5320.13000000
v 3892.35000000 1753.91000000 5308.99000000
v 6108.26000000 1703.64000000 5249.88000000
v 6105.78000000 1975.09000000 5256.00000000
v 3255.61000000 1913.79000000 5306.21000000
v 6129.89000000 2021.14000000 5281.11000000
v 2654.91000000 2147.94000000 5265.61000000
v 2638.02000000 2179.52000000 5248.06000000
v 2626.73000000 2190.73000000 5250.54000000
v 2609.21000000 2200.88000000 5269.36000000
v 5630.75000000 2405.60000000 5271.36000000
v 3580.67000000 2450.68000000 5274.10000000
v 3671.86000000 2469.07000000 5279.73000000
v 5365.45000000 2528.09000000 5246.94000000
v 3868.27000000 2732.75000000 5265.25000000
v 4826.73000000 2844.28000000 5266.45000000
v 4939.07000000 2770.60000000 5263.46000000
v 4617.18000000 2996.30000000 5281.93000000
v 3849.60000000 3581.06000000 5283.69000000
v 3911.67000000 3634.80000000 5261.34000000
v 5941.57000000 1089.74000000 5335.42000000
v 6076.04000000 1112.13000000 5283.83000000
v 6115.79000000 1244.13000000 5295.51000000
v 5680.05000000 1184.35000000 5319.08000000
v 6108.76000000 1512.00000000 5287.93000000
v 3994.81000000 1698.49000000 5348.12000000
v 3707.48000000 1782.24000000 5329.86000000
v 6083.93000000 1833.94000000 5321.56000000
v 2896.63000000 2034.87000000 5299.94000000
v 6141.52000000 2043.79000000 5289.17000000
v 6147.49000000 2070.62000000 5315.26000000
v 2746.25000000 2107.84000000 5276.05000000
v 2663.68000000 2098.42000000 5307.43000000
v 2613.54000000 2159.91000000 5273.56000000
v 6015.61000000 2179.78000000 5305.98000000
v 2600.93000000 2173.57000000 5278.32000000
v 2612.28000000 2216.59000000 5272.67000000
v 5914.52000000 2234.37000000 5277.50000000
v 2623.29000000 2231.00000000 5290.55000000
v 2710.30000000 2310.24000000 5276.15000000
v 5752.23000000 2348.28000000 5290.28000000
v 2811.16000000 2364.65000000 5316.00000000
v 2888.22000000 2386.55000000 5311.64000000
v 3119.64000000 2403.26000000 5287.54000000
v 3281.99000000 2412.27000000 5286.26000000
v 3788.13000000 2520.01000000 5269.06000000
v 3846.05000000 2615.94000000 5302.98000000
v 5092.21000000 2684.45000000 5266.58000000
v 3859.04000000 2902.45000000 5327.05000000
v 3864.61000000 3109.97000000 5327.15000000
v 4454.39000000 3121.20000000 5279.19000000
v 4261.29000000 3302.27000000 5282.32000000
v 3855.39000000 3449.31000000 5308.09000000
v 3969.58000000 3610.45000000 5296.76000000
v 3861.50000000 3644.79000000 5269.26000000
v 3853.37000000 3657.70000000 5313.65000000
v 3872.23000000 3656.97000000 5311.77000000
v 6096.51000000 1131.51000000 5269.74000000
v 6084.07000000 1100.16000000 5303.03000000
v 5813.71000000 1169.40000000 5288.75000000
v 6096.65000000 1121.18000000 5299.48000000
v 5540.50000000 1197.93000000 5366.48000000
v 5047.06000000 1392.41000000 5339.76000000
v 6104.57000000 1396.98000000 5318.27000000
v 4382.60000000 1587.69000000 5360.07000000
v 3420.33000000 1871.11000000 5303.27000000
v 6098.14000000 1944.50000000 5308.51000000
v 6129.07000000 1994.24000000 5313.74000000
v 6159.98000000 2023.06000000 5319.96000000
v 6172.57000000 2039.51000000 5327.04000000
v 2608.59000000 2126.51000000 5300.39000000
v 2584.28000000 2145.53000000 5302.34000000
v 2578.00000000 2158.30000000 5306.37000000
v 2584.95000000 2182.10000000 5313.42000000
v 2647.77000000 2248.64000000 5343.09000000
v 2988.64000000 2395.12000000 5305.34000000
v 5564.41000000 2466.56000000 5327.42000000
v 3749.96000000 2489.35000000 5308.83000000
v 5437.26000000 2521.36000000 5301.41000000
v 5338.06000000 2574.09000000 5305.50000000
v 5230.90000000 2632.81000000 5313.17000000
v 4536.10000000 3058.49000000 5286.19000000
v 3863.33000000 3292.17000000 5325.34000000
v 4361.92000000 3201.39000000 5281.15000000
v 4182.15000000 3402.11000000 5292.06000000
v 4046.06000000 3559.44000000 5304.68000000
v 3847.78000000 3637.42000000 5303.35000000
v 3905.78000000 3646.28000000 5326.36000000
v 6038.06000000 1071.75000000 5336.51000000
v 6070.64000000 1077.17000000 5330.98000000
v 6099.86000000 1142.17000000 5334.37000000
v 6101.57000000 1295.61000000 5341.96000000
v 4656.26000000 1526.64000000 5340.13000000
v 4502.02000000 1513.47000000 5426.93000000
v 6081.68000000 1598.38000000 5362.06000000
v 3518.63000000 1775.60000000 5387.25000000
v 3151.41000000 1891.52000000 5366.56000000
v 6085.30000000 1936.21000000 5375.80000000
v 6110.61000000 1972.98000000 5354.28000000
v 2742.08000000 2041.81000000 5342.70000000
v 6192.29000000 2057.96000000 5360.26000000
v 2605.21000000 2081.26000000 5347.17000000
v 2585.55000000 2118.81000000 5321.54000000
v 6137.37000000 2111.98000000 5357.24000000
v 2565.56000000 2116.86000000 5339.57000000
v 6077.97000000 2141.20000000 5327.71000000
v 5967.90000000 2229.82000000 5331.47000000
v 5863.66000000 2288.82000000 5313.01000000
v 2721.55000000 2296.24000000 5382.81000000
v 2777.24000000 2336.41000000 5359.08000000
v 5690.32000000 2403.81000000 5337.53000000
v 2841.33000000 2365.63000000 5343.64000000
v 3613.68000000 2437.64000000 5351.47000000
v 3708.97000000 2459.82000000 5368.65000000
v 3819.05000000 2549.72000000 5404.25000000
v 5148.88000000 2684.66000000 5335.05000000
v 5042.47000000 2745.23000000 5339.83000000
v 4907.17000000 2823.30000000 5329.59000000
v 4766.01000000 2908.90000000 5316.79000000
v 4672.11000000 2984.43000000 5340.57000000
v 4540.47000000 3077.26000000 5333.44000000
v 4425.58000000 3166.78000000 5324.41000000
v 3847.07000000 3373.20000000 5360.87000000
v 4120.28000000 3488.54000000 5320.24000000
v 3826.30000000 3534.89000000 5378.04000000
v 3830.24000000 3616.86000000 5359.21000000
v 6080.49000000 1080.83000000 5335.63000000
v 6078.91000000 1067.23000000 5381.47000000
v 6094.97000000 1183.84000000 5369.08000000
v 5257.41000000 1272.87000000 5400.71000000
v 4769.28000000 1444.32000000 5409.18000000
v 4618.74000000 1470.79000000 5442.11000000
v 3931.15000000 1644.82000000 5439.24000000
v 6068.51000000 1695.11000000 5390.93000000
v 3005.18000000 1943.33000000 5361.40000000
v 6158.94000000 2002.65000000 5388.09000000
v 6183.57000000 2021.66000000 5364.51000000
v 6190.58000000 2037.42000000 5354.33000000
v 6202.97000000 2047.64000000 5370.19000000
v 2559.34000000 2138.25000000 5343.25000000
v 6064.03000000 2172.32000000 5366.05000000
v 2592.48000000 2195.41000000 5346.55000000
v 5806.02000000 2345.19000000 5364.63000000
v 3204.04000000 2378.51000000 5367.11000000
v 3461.73000000 2421.37000000 5322.61000000
v 3789.31000000 2506.68000000 5387.84000000
v 4333.54000000 3256.51000000 5341.15000000
v 4250.77000000 3345.51000000 5349.19000000
v 3817.21000000 3608.03000000 5433.30000000
v 4007.85000000 3591.89000000 5402.63000000
v 3838.72000000 3655.91000000 5378.54000000
v 3918.03000000 3646.74000000 5421.21000000
v 3845.85000000 3672.71000000 5425.83000000
v 3876.74000000 3665.42000000 5405.31000000
v 6061.03000000 1052.71000000 5373.08000000
v 5835.03000000 1107.21000000 5352.76000000
v 5720.77000000 1086.68000000 5431.50000000
v 5325.85000000 1214.37000000 5453.22000000
v 5124.81000000 1337.11000000 5379.30000000
v 4951.36000000 1366.97000000 5426.81000000
v 6086.53000000 1400.16000000 5384.09000000
v 4251.64000000 1559.37000000 5447.49000000
v 4165.39000000 1594.50000000 5430.19000000
v 3296.00000000 1833.76000000 5386.92000000
v 2871.62000000 1976.15000000 5373.33000000
v 2595.56000000 2050.39000000 5389.23000000
v 2671.41000000 2031.62000000 5386.35000000
v 2559.29000000 2089.39000000 5364.56000000
v 2558.29000000 2077.16000000 5383.63000000
v 2548.86000000 2106.88000000 5378.57000000
v 2565.33000000 2152.50000000 5367.52000000
v 5946.68000000 2256.75000000 5376.06000000
v 2816.08000000 2335.51000000 5416.15000000
v 3325.62000000 2391.54000000 5362.83000000
v 5636.30000000 2442.85000000 5379.49000000
v 3755.28000000 2475.90000000 5402.65000000
v 5544.68000000 2490.46000000 5378.08000000
v 5448.05000000 2536.41000000 5361.82000000
v 3834.94000000 2621.43000000 5395.71000000
v 5327.43000000 2598.78000000 5358.92000000
v 5235.96000000 2649.66000000 5370.99000000
v 5075.97000000 2743.88000000 5398.03000000
v 4985.11000000 2792.52000000 5386.22000000
v 3840.78000000 2758.23000000 5402.13000000
v 4871.24000000 2862.20000000 5386.08000000
v 4752.92000000 2938.71000000 5379.48000000
v 3844.22000000 3048.50000000 5402.88000000
v 4433.81000000 3174.05000000 5372.24000000
v 4292.30000000 3307.86000000 5374.42000000
v 3832.09000000 3407.97000000 5417.35000000
v 4191.92000000 3419.63000000 5371.32000000
v 4144.95000000 3480.90000000 5408.49000000
v 4087.37000000 3530.97000000 5412.18000000
v 6019.28000000 1016.01000000 5416.99000000
v 5908.84000000 1032.33000000 5426.40000000
v 4021.44000000 1645.97000000 5410.03000000
v 3783.75000000 1667.93000000 5458.15000000
v 3649.86000000 1714.58000000 5432.99000000
v 6056.89000000 1774.25000000 5435.19000000
v 6059.23000000 1855.15000000 5423.84000000
v 3052.51000000 1882.28000000 5419.61000000
v 2945.84000000 1918.26000000 5421.20000000
v 6115.51000000 1982.71000000 5443.83000000
v 2765.79000000 1994.80000000 5396.93000000
v 6205.67000000 2024.32000000 5430.10000000
v 6184.35000000 2081.89000000 5380.75000000
v 2607.41000000 2192.01000000 5420.86000000
v 3075.90000000 2365.87000000 5392.36000000
v 3182.22000000 2355.52000000 5442.73000000
v 5722.56000000 2399.07000000 5396.02000000
v 3565.60000000 2409.82000000 5454.40000000
v 5513.04000000 2508.97000000 5404.58000000
v 5378.17000000 2580.18000000 5396.57000000
v 5146.95000000 2699.19000000 5382.28000000
v 3838.54000000 2926.27000000 5432.12000000
v 4641.24000000 3017.31000000 5384.72000000
v 4536.15000000 3093.22000000 5384.15000000
v 3841.41000000 3206.57000000 5421.19000000
v 3839.31000000 3324.28000000 5414.41000000
v 4324.38000000 3277.14000000 5399.25000000
v 3822.76000000 3649.66000000 5469.38000000
v 6055.15000000 1014.94000000 5435.33000000
v 6066.02000000 1019.09000000 5455.91000000
v 6077.72000000 1081.19000000 5433.18000000
v 5502.58000000 1143.52000000 5463.54000000
v 6080.93000000 1238.05000000 5433.18000000
v 3375.36000000 1760.90000000 5453.33000000
v 3163.79000000 1842.26000000 5430.17000000
v 6063.36000000 1903.11000000 5436.89000000
v 2844.44000000 1949.47000000 5431.15000000
v 6077.03000000 1952.68000000 5469.53000000
v 2703.28000000 2005.45000000 5418.58000000
v 2633.28000000 2030.16000000 5418.48000000
v 2574.90000000 2057.24000000 5407.25000000
v 6214.23000000 2042.39000000 5408.17000000
v 2551.45000000 2079.50000000 5400.57000000
v 6217.42000000 2053.49000000 5408.14000000
v 2547.84000000 2090.73000000 5416.76000000
v 6216.79000000 2072.25000000 5435.98000000
v 2568.21000000 2131.61000000 5425.48000000
v 6088.12000000 2175.77000000 5435.11000000
v 2672.01000000 2244.54000000 5438.97000000
v 5893.13000000 2300.62000000 5412.08000000
v 5996.08000000 2234.69000000 5422.88000000
v 2854.54000000 2345.35000000 5418.14000000
v 2959.25000000 2341.79000000 5455.56000000
v 3307.39000000 2372.47000000 5427.78000000
v 5806.47000000 2351.80000000 5417.04000000
v 3432.95000000 2390.53000000 5442.37000000
v 3678.58000000 2434.12000000 5482.43000000
v 5585.74000000 2470.98000000 5416.38000000
v 3732.19000000 2456.03000000 5469.22000000
v 5430.08000000 2550.94000000 5423.45000000
v 5279.98000000 2629.73000000 5414.57000000
v 5197.98000000 2674.09000000 5413.22000000
v 4804.18000000 2907.99000000 5418.35000000
v 4721.82000000 2961.08000000 5420.65000000
v 4566.94000000 3069.75000000 5420.47000000
v 4470.58000000 3144.11000000 5411.09000000
v 4386.54000000 3215.89000000 5413.87000000
v 4251.24000000 3356.88000000 5400.08000000
v 3812.44000000 3548.27000000 5505.24000000
v 3878.39000000 3674.10000000 5491.30000000
v 5978.26000000 954.15800000 5510.84000000
v 6038.22000000 983.15800000 5466.68000000
v 5847.68000000 996.08400000 5502.87000000
v 5578.77000000 1077.12000000 5519.89000000
v 6072.24000000 1350.82000000 5461.89000000
v 6063.72000000 1460.06000000 5475.06000000
v 4567.94000000 1443.97000000 5511.49000000
v 4343.40000000 1510.73000000 5489.02000000
v 4046.80000000 1595.62000000 5472.28000000
v 6058.92000000 1640.65000000 5453.03000000
v 3549.52000000 1709.30000000 5471.02000000
v 3250.87000000 1800.80000000 5451.84000000
v 3002.04000000 1881.09000000 5454.54000000
v 2898.06000000 1922.73000000 5452.25000000
v 2836.41000000 1945.35000000 5452.58000000
v 2807.15000000 1958.78000000 5450.32000000
v 2764.71000000 1980.03000000 5435.07000000
v 6165.22000000 2008.01000000 5470.17000000
v 2595.45000000 2043.63000000 5428.14000000
v 6224.78000000 2036.54000000 5463.13000000
v 2568.01000000 2065.87000000 5421.83000000
v 6226.54000000 2052.99000000 5457.61000000
v 6152.59000000 2118.05000000 5412.24000000
v 6060.62000000 2193.90000000 5464.26000000
v 2774.67000000 2302.85000000 5465.60000000
v 3084.61000000 2341.68000000 5477.76000000
v 5718.38000000 2394.29000000 5459.58000000
v 5657.55000000 2430.85000000 5422.18000000
v 5341.18000000 2596.35000000 5432.54000000
v 5126.69000000 2714.48000000 5424.03000000
v 5039.98000000 2764.55000000 5431.48000000
v 4951.85000000 2815.72000000 5421.16000000
v 4873.46000000 2861.44000000 5437.07000000
v 4645.44000000 3012.22000000 5429.35000000
v 4487.12000000 3123.05000000 5440.47000000
v 4414.05000000 3183.52000000 5441.49000000
v 4323.26000000 3264.44000000 5451.71000000
v 4257.90000000 3348.66000000 5445.44000000
v 4194.14000000 3424.79000000 5452.58000000
v 4057.26000000 3553.69000000 5512.04000000
v 3831.56000000 3671.18000000 5485.21000000
v 6024.35000000 969.74500000 5485.28000000
v 5108.99000000 1283.61000000 5465.85000000
v 4795.81000000 1366.83000000 5519.69000000
v 4677.52000000 1423.26000000 5492.08000000
v 4218.60000000 1512.77000000 5532.12000000
v 3377.95000000 1741.37000000 5484.64000000
v 3452.57000000 1721.57000000 5488.50000000
v 3327.57000000 1759.97000000 5485.43000000
v 3290.50000000 1776.58000000 5477.35000000
v 3242.91000000 1790.15000000 5486.31000000
v 3086.19000000 1850.28000000 5470.57000000
v 3028.22000000 1868.54000000 5480.38000000
v 2946.24000000 1904.37000000 5464.12000000
v 6044.63000000 1863.11000000 5511.26000000
v 2869.83000000 1935.69000000 5465.78000000
v 2774.61000000 1972.84000000 5457.52000000
v 2714.74000000 1999.72000000 5447.08000000
v 2649.74000000 2027.00000000 5448.58000000
v 6209.20000000 2030.40000000 5496.87000000
v 2604.82000000 2052.89000000 5450.12000000
v 2578.69000000 2081.61000000 5450.85000000
v 2575.40000000 2109.19000000 5456.11000000
v 2615.15000000 2171.05000000 5484.37000000
v 5969.88000000 2251.13000000 5453.76000000
v 5862.51000000 2312.95000000 5457.77000000
v 3308.27000000 2354.26000000 5523.14000000
v 3404.74000000 2370.88000000 5519.30000000
v 5597.14000000 2458.31000000 5453.63000000
v 3761.77000000 2472.26000000 5485.66000000
v 5513.35000000 2504.81000000 5439.40000000
v 3811.56000000 2556.81000000 5504.06000000
v 3821.74000000 2679.87000000 5497.21000000
v 5363.85000000 2580.96000000 5452.98000000
v 5183.10000000 2675.43000000 5454.00000000
v 5289.55000000 2615.72000000 5457.06000000
v 5093.95000000 2727.10000000 5453.55000000
v 5037.48000000 2756.06000000 5467.95000000
v 4948.34000000 2810.06000000 5458.61000000
v 4789.87000000 2908.10000000 5455.93000000
v 4693.36000000 2971.91000000 5452.44000000
v 4617.76000000 3021.22000000 5457.23000000
v 4539.33000000 3076.50000000 5456.03000000
v 3824.19000000 3284.49000000 5492.26000000
v 3817.73000000 3430.52000000 5492.08000000
v 4129.31000000 3492.28000000 5482.47000000
v 3970.82000000 3613.38000000 5515.84000000
v 6048.02000000 980.82500000 5478.72000000
v 6040.93000000 958.89900000 5513.50000000
v 6052.75000000 988.87300000 5480.35000000
v 5725.24000000 1007.74000000 5546.46000000
v 4941.19000000 1316.52000000 5513.81000000
v 6062.90000000 1266.75000000 5522.79000000
v 4158.20000000 1557.24000000 5488.19000000
v 3672.73000000 1674.54000000 5486.77000000
v 3531.20000000 1692.85000000 5511.80000000
v 6040.86000000 1715.87000000 5526.82000000
v 3178.37000000 1819.02000000 5475.46000000
v 2991.44000000 1885.04000000 5478.98000000
v 2917.17000000 1918.40000000 5476.53000000
v 2830.52000000 1954.37000000 5471.80000000
v 2773.52000000 1982.95000000 5475.95000000
v 2711.56000000 2010.24000000 5470.79000000
v 2669.14000000 2038.90000000 5478.70000000
v 2642.33000000 2091.51000000 5501.87000000
v 6225.71000000 2048.20000000 5504.17000000
v 6227.58000000 2071.51000000 5487.38000000
v 6183.29000000 2107.90000000 5489.25000000
v 2590.20000000 2135.57000000 5466.78000000
v 6122.45000000 2152.66000000 5484.15000000
v 6082.73000000 2171.17000000 5505.83000000
v 2666.11000000 2218.35000000 5498.37000000
v 6015.08000000 2216.52000000 5483.44000000
v 2727.85000000 2262.09000000 5501.16000000
v 5950.16000000 2253.89000000 5484.20000000
v 2856.77000000 2306.14000000 5519.07000000
v 5791.52000000 2347.79000000 5483.72000000
v 5721.50000000 2381.19000000 5491.31000000
v 5513.74000000 2492.11000000 5478.32000000
v 5430.85000000 2539.77000000 5464.12000000
v 5349.65000000 2573.31000000 5483.55000000
v 3827.50000000 2856.55000000 5487.02000000
v 4870.42000000 2855.97000000 5460.57000000
v 3828.32000000 3034.03000000 5488.52000000
v 4578.86000000 3035.93000000 5479.27000000
v 4476.27000000 3111.53000000 5474.95000000
v 4385.37000000 3190.02000000 5471.08000000
v 4258.40000000 3331.78000000 5475.74000000
v 4275.38000000 3291.20000000 5492.37000000
v 4213.54000000 3390.43000000 5495.65000000
v 3810.59000000 3489.44000000 5547.25000000
v 3894.58000000 3662.84000000 5541.05000000
v 6017.57000000 944.03000000 5524.87000000
v 6055.04000000 987.53900000 5514.33000000
v 6060.63000000 1091.31000000 5533.36000000
v 5394.48000000 1129.42000000 5549.95000000
v 5183.68000000 1207.39000000 5547.99000000
v 4605.63000000 1402.35000000 5566.33000000
v 4440.42000000 1459.61000000 5537.73000000
v 3900.69000000 1604.55000000 5512.40000000
v 3819.55000000 1616.89000000 5525.76000000
v 3615.44000000 1671.54000000 5521.66000000
v 3520.04000000 1692.23000000 5526.54000000
v 3474.43000000 1708.51000000 5518.32000000
v 3413.77000000 1728.32000000 5505.08000000
v 6043.23000000 1548.73000000 5552.69000000
v 3361.85000000 1745.35000000 5506.00000000
v 3304.45000000 1769.54000000 5507.19000000
v 3220.89000000 1803.61000000 5510.15000000
v 3145.31000000 1829.94000000 5497.12000000
v 3112.62000000 1846.90000000 5507.89000000
v 3029.94000000 1874.26000000 5499.26000000
v 3072.92000000 1861.85000000 5499.25000000
v 2976.07000000 1903.43000000 5497.64000000
v 2840.26000000 1964.90000000 5497.53000000
v 2891.90000000 1938.23000000 5488.31000000
v 6058.54000000 1940.85000000 5521.94000000
v 6100.48000000 1986.83000000 5525.06000000
v 6141.54000000 1999.97000000 5499.77000000
v 6226.91000000 2066.15000000 5510.10000000
v 2606.04000000 2110.98000000 5486.93000000
v 2609.51000000 2140.23000000 5490.80000000
v 6142.57000000 2129.82000000 5529.49000000
v 5868.23000000 2292.97000000 5501.08000000
v 3189.21000000 2338.21000000 5539.19000000
v 3553.02000000 2389.34000000 5568.23000000
v 5662.68000000 2398.28000000 5510.96000000
v 5600.91000000 2442.16000000 5485.29000000
v 3744.77000000 2450.51000000 5564.99000000
v 3788.68000000 2503.56000000 5510.12000000
v 5434.76000000 2522.24000000 5495.82000000
v 3810.00000000 2617.98000000 5559.00000000
v 5239.95000000 2623.80000000 5494.75000000
v 5091.05000000 2706.33000000 5494.61000000
v 4979.22000000 2779.39000000 5485.37000000
v 4869.59000000 2840.80000000 5486.80000000
v 4704.93000000 2941.12000000 5488.70000000
v 4393.46000000 3131.01000000 5515.59000000
v 4459.53000000 3057.37000000 5533.08000000
v 4317.52000000 3209.73000000 5510.33000000
v 4160.48000000 3450.29000000 5529.31000000
v 3814.75000000 3622.77000000 5518.03000000
v 3824.68000000 3664.72000000 5555.31000000
v 3837.66000000 3682.45000000 5536.54000000
v 3861.36000000 3676.29000000 5498.62000000
v 6005.73000000 920.89600000 5561.28000000
v 5867.49000000 945.89400000 5576.03000000
v 5558.60000000 1053.60000000 5572.13000000
v 5019.08000000 1263.82000000 5556.13000000
v 4124.17000000 1532.13000000 5545.96000000
v 4008.73000000 1563.03000000 5546.73000000
v 3860.03000000 1598.92000000 5542.20000000
v 3733.00000000 1643.04000000 5527.04000000
v 3617.70000000 1669.62000000 5552.23000000
v 3562.39000000 1685.86000000 5538.54000000
v 3425.33000000 1725.52000000 5524.47000000
v 3379.61000000 1744.58000000 5526.41000000
v 3289.97000000 1781.94000000 5527.92000000
v 2763.08000000 2001.88000000 5492.67000000
v 2754.82000000 2053.23000000 5526.73000000
v 6211.31000000 2047.67000000 5547.98000000
v 6217.58000000 2078.10000000 5522.12000000
v 2641.65000000 2144.84000000 5519.10000000
v 2663.44000000 2200.61000000 5528.28000000
v 2642.81000000 2172.38000000 5516.00000000
v 5974.79000000 2221.90000000 5518.22000000
v 2789.46000000 2281.00000000 5534.41000000
v 3095.86000000 2324.50000000 5559.23000000
v 5771.82000000 2339.87000000 5511.93000000
v 3646.40000000 2415.98000000 5544.59000000
v 3696.71000000 2429.62000000 5556.01000000
v 5525.58000000 2461.40000000 5515.29000000
v 5357.67000000 2540.59000000 5522.49000000
v 3816.89000000 2803.93000000 5551.87000000
v 4969.22000000 2765.86000000 5508.71000000
v 4570.24000000 2990.40000000 5524.08000000
v 4221.25000000 3353.76000000 5522.16000000
v 4248.38000000 3270.11000000 5538.88000000
v 4188.46000000 3406.86000000 5531.88000000
v 3813.36000000 3392.90000000 5569.17000000
v 4015.68000000 3577.87000000 5553.15000000
v 5976.69000000 914.62300000 5597.86000000
v 6022.19000000 923.82400000 5565.22000000
v 6034.62000000 937.02400000 5573.94000000
v 4868.85000000 1306.87000000 5588.72000000
v 4302.96000000 1478.46000000 5565.54000000
v 3907.25000000 1582.92000000 5566.48000000
v 3818.46000000 1610.45000000 5552.94000000
v 3679.61000000 1652.92000000 5555.30000000
v 3495.33000000 1708.73000000 5542.35000000
v 3355.44000000 1766.82000000 5544.83000000
v 3424.96000000 1735.62000000 5541.56000000
v 3244.83000000 1811.00000000 5539.98000000
v 3166.69000000 1831.25000000 5518.31000000
v 3108.67000000 1865.16000000 5526.05000000
v 2932.04000000 1975.92000000 5539.83000000
v 6040.51000000 1928.57000000 5575.47000000
v 6164.54000000 2021.78000000 5537.28000000
v 6215.44000000 2066.08000000 5544.94000000
v 6191.05000000 2092.75000000 5542.86000000
v 6067.59000000 2158.76000000 5547.07000000
v 5856.57000000 2273.39000000 5536.46000000
v 5725.87000000 2334.10000000 5544.63000000
v 3316.64000000 2340.17000000 5600.21000000
v 3432.25000000 2360.10000000 5591.80000000
v 5603.80000000 2397.22000000 5542.97000000
v 3802.26000000 2542.72000000 5564.97000000
v 5178.01000000 2602.82000000 5551.50000000
v 4982.46000000 2713.32000000 5547.83000000
v 4805.62000000 2831.53000000 5533.74000000
v 4676.86000000 2911.63000000 5531.70000000
v 3817.94000000 3077.78000000 5560.86000000
v 4391.31000000 3046.21000000 5581.00000000
v 4325.84000000 3112.30000000 5576.54000000
v 4258.71000000 3186.93000000 5582.00000000
v 4196.89000000 3323.58000000 5571.71000000
v 4108.56000000 3501.83000000 5542.75000000
v 3815.69000000 3572.36000000 5565.20000000
v 3853.62000000 3680.27000000 5566.19000000
v 6007.24000000 915.48100000 5582.87000000
v 5756.24000000 965.47700000 5609.33000000
v 5654.85000000 1005.94000000 5602.13000000
v 6046.68000000 984.33300000 5573.43000000
v 5541.42000000 1043.24000000 5610.63000000
v 5436.87000000 1086.22000000 5608.40000000
v 5254.23000000 1161.24000000 5589.20000000
v 5165.62000000 1186.89000000 5608.02000000
v 5078.01000000 1222.67000000 5600.57000000
v 6049.09000000 1185.30000000 5594.75000000
v 4977.06000000 1257.95000000 5609.21000000
v 4728.46000000 1358.25000000 5585.16000000
v 4458.61000000 1428.18000000 5595.85000000
v 4547.53000000 1403.20000000 5617.54000000
v 4379.65000000 1451.50000000 5587.41000000
v 4206.56000000 1498.62000000 5577.09000000
v 6046.81000000 1391.82000000 5571.01000000
v 4147.11000000 1512.36000000 5596.71000000
v 4070.53000000 1536.67000000 5588.30000000
v 3983.48000000 1560.45000000 5580.89000000
v 3944.08000000 1573.35000000 5593.69000000
v 3848.36000000 1602.96000000 5585.68000000
v 3761.14000000 1630.19000000 5566.43000000
v 3713.90000000 1650.36000000 5581.71000000
v 3653.81000000 1668.63000000 5573.65000000
v 3583.77000000 1696.22000000 5571.89000000
v 3467.08000000 1740.90000000 5566.95000000
v 6027.33000000 1789.82000000 5594.46000000
v 3159.82000000 1907.79000000 5581.78000000
v 6063.73000000 1979.52000000 5575.31000000
v 6110.34000000 2014.94000000 5576.57000000
v 2832.05000000 2076.23000000 5571.45000000
v 2735.88000000 2117.48000000 5558.82000000
v 2687.06000000 2154.19000000 5550.19000000
v 6137.47000000 2110.68000000 5569.68000000
v 2687.48000000 2186.96000000 5552.44000000
v 2713.29000000 2182.75000000 5574.10000000
v 5950.76000000 2189.60000000 5571.74000000
v 6053.54000000 2134.59000000 5582.23000000
v 2710.81000000 2222.56000000 5546.27000000
v 2776.56000000 2252.61000000 5568.63000000
v 2832.70000000 2273.08000000 5575.73000000
v 3219.95000000 2325.88000000 5606.04000000
v 5456.84000000 2452.04000000 5558.94000000
v 5304.19000000 2500.60000000 5582.07000000
v 4668.15000000 2855.37000000 5582.22000000
v 4491.83000000 2956.02000000 5594.73000000
v 4209.38000000 3256.77000000 5590.80000000
v 4042.34000000 3543.85000000 5580.70000000
v 3959.60000000 3610.87000000 5576.86000000
v 5836.16000000 935.53300000 5624.45000000
v 5906.34000000 920.49300000 5629.38000000
v 6012.60000000 919.41300000 5595.67000000
v 6045.84000000 1030.78000000 5595.64000000
v 5473.29000000 1065.87000000 5629.35000000
v 5221.45000000 1162.96000000 5626.38000000
v 5323.77000000 1130.32000000 5616.85000000
v 4651.70000000 1374.28000000 5622.82000000
v 4489.96000000 1416.71000000 5630.71000000
v 4391.72000000 1440.54000000 5613.35000000
v 4335.44000000 1459.22000000 5614.12000000
v 4261.12000000 1481.76000000 5609.74000000
v 4206.11000000 1498.03000000 5610.49000000
v 4123.63000000 1521.27000000 5609.52000000
v 4014.52000000 1556.49000000 5606.57000000
v 3905.18000000 1587.73000000 5590.73000000
v 6029.40000000 1622.78000000 5592.41000000
v 6032.74000000 1504.09000000 5602.86000000
v 3792.81000000 1632.41000000 5598.61000000
v 3338.65000000 1817.59000000 5580.60000000
v 3093.13000000 1970.85000000 5598.44000000
v 3005.96000000 2048.39000000 5613.36000000
v 6153.44000000 2035.09000000 5582.42000000
v 6119.92000000 2037.71000000 5600.16000000
v 6188.27000000 2048.56000000 5575.93000000
v 6203.28000000 2058.49000000 5569.46000000
v 6190.39000000 2072.56000000 5571.32000000
v 2749.19000000 2172.21000000 5587.42000000
v 2845.31000000 2130.06000000 5602.27000000
v 5803.31000000 2263.91000000 5571.21000000
v 5804.93000000 2203.09000000 5618.63000000
v 5610.77000000 2341.79000000 5585.07000000
v 3004.37000000 2303.46000000 5587.88000000
v 3150.60000000 2308.64000000 5624.03000000
v 3687.01000000 2417.92000000 5600.72000000
v 3809.88000000 2615.36000000 5606.03000000
v 4989.52000000 2635.18000000 5608.34000000
v 4850.01000000 2742.87000000 5584.63000000
v 4166.50000000 3394.99000000 5569.81000000
v 4115.20000000 3467.75000000 5576.65000000
v 3840.71000000 3675.87000000 5592.30000000
v 6026.63000000 949.31800000 5609.45000000
v 5781.84000000 951.25100000 5633.70000000
v 5750.27000000 963.23300000 5637.91000000
v 5700.72000000 983.59100000 5634.19000000
v 5611.67000000 1016.14000000 5632.12000000
v 5529.15000000 1045.11000000 5637.20000000
v 5436.09000000 1081.44000000 5635.83000000
v 5383.65000000 1106.14000000 5640.37000000
v 5112.34000000 1202.43000000 5635.35000000
v 5171.40000000 1181.62000000 5630.30000000
v 5025.49000000 1235.80000000 5633.88000000
v 4963.81000000 1257.45000000 5636.91000000
v 4907.27000000 1281.21000000 5631.60000000
v 4828.32000000 1311.56000000 5637.03000000
v 4760.70000000 1339.39000000 5618.00000000
v 4598.15000000 1390.55000000 5643.00000000
v 4425.45000000 1433.52000000 5629.32000000
v 4382.83000000 1446.00000000 5625.67000000
v 4166.94000000 1513.30000000 5622.71000000
v 4101.73000000 1533.96000000 5618.00000000
v 3926.78000000 1595.41000000 5615.28000000
v 3686.71000000 1683.52000000 5603.92000000
v 3524.95000000 1752.51000000 5599.32000000
v 3452.16000000 1819.01000000 5623.25000000
v 6033.91000000 1935.17000000 5612.46000000
v 6067.89000000 2009.98000000 5608.48000000
v 6148.20000000 2053.37000000 5597.25000000
v 6184.83000000 2060.18000000 5581.07000000
v 6141.71000000 2077.71000000 5589.15000000
v 5983.06000000 2121.68000000 5617.93000000
v 6073.27000000 2099.22000000 5601.06000000
v 2765.84000000 2209.02000000 5589.14000000
v 2910.92000000 2275.65000000 5604.87000000
v 3535.65000000 2370.11000000 5625.22000000
v 5413.40000000 2409.36000000 5610.30000000
v 3758.56000000 2441.55000000 5633.33000000
v 3791.53000000 2507.60000000 5600.37000000
v 5178.33000000 2505.68000000 5627.00000000
v 3815.22000000 2853.99000000 5601.77000000
v 4790.51000000 2707.79000000 5636.59000000
v 3815.73000000 3183.46000000 5610.76000000
v 4323.27000000 3026.30000000 5638.66000000
v 4201.66000000 3193.93000000 5631.24000000
v 4158.53000000 3326.03000000 5612.83000000
v 4119.18000000 3422.59000000 5607.39000000
v 3816.82000000 3486.79000000 5605.54000000
v 3967.64000000 3583.99000000 5627.95000000
v 3828.00000000 3613.34000000 5611.23000000
v 3888.25000000 3648.16000000 5601.07000000
v 5961.90000000 913.95500000 5641.55000000
v 5920.91000000 920.39100000 5653.41000000
v 5997.46000000 924.10500000 5619.69000000
v 5870.79000000 930.34200000 5648.27000000
v 5997.35000000 942.61800000 5646.62000000
v 5820.59000000 942.04800000 5643.98000000
v 5791.37000000 954.95800000 5651.66000000
v 5656.89000000 1005.56000000 5654.95000000
v 6028.04000000 1125.20000000 5631.36000000
v 5574.91000000 1036.12000000 5653.76000000
v 5513.37000000 1056.61000000 5655.07000000
v 5477.06000000 1067.35000000 5646.26000000
v 5318.91000000 1131.18000000 5648.57000000
v 5269.77000000 1150.82000000 5647.14000000
v 5192.94000000 1180.21000000 5650.82000000
v 6031.22000000 1362.14000000 5619.38000000
v 5054.35000000 1228.02000000 5653.33000000
v 4988.06000000 1254.85000000 5653.90000000
v 4933.11000000 1273.73000000 5649.95000000
v 4890.76000000 1291.75000000 5650.93000000
v 4752.43000000 1342.86000000 5649.01000000
v 4670.75000000 1374.37000000 5654.67000000
v 4487.24000000 1426.76000000 5653.41000000
v 4552.04000000 1407.91000000 5646.74000000
v 4300.79000000 1475.77000000 5636.25000000
v 4390.84000000 1456.04000000 5645.77000000
v 4231.39000000 1499.32000000 5631.85000000
v 4053.66000000 1558.73000000 5630.00000000
v 6020.45000000 1590.75000000 5628.26000000
v 3782.86000000 1667.08000000 5625.52000000
v 6013.95000000 1808.01000000 5637.83000000
v 3295.65000000 1917.40000000 5630.85000000
v 6029.15000000 1957.93000000 5633.22000000
v 6094.76000000 2044.06000000 5609.68000000
v 6050.81000000 2026.65000000 5627.35000000
v 6091.82000000 2060.99000000 5608.66000000
v 6016.01000000 2045.41000000 5641.12000000
v 2836.58000000 2187.84000000 5619.43000000
v 2863.44000000 2221.62000000 5633.85000000
v 2844.89000000 2245.71000000 5604.33000000
v 3010.70000000 2273.66000000 5643.91000000
v 3100.92000000 2291.21000000 5641.12000000
v 5570.43000000 2299.86000000 5629.75000000
v 3325.14000000 2326.66000000 5639.45000000
v 3418.60000000 2342.47000000 5636.56000000
v 3488.07000000 2357.43000000 5629.54000000
v 3621.71000000 2378.92000000 5640.82000000
v 3711.15000000 2406.30000000 5646.94000000
v 3820.61000000 2544.43000000 5650.29000000
v 3820.99000000 2995.89000000 5637.69000000
v 4974.98000000 2588.31000000 5645.21000000
v 4586.82000000 2827.19000000 5640.81000000
v 4435.10000000 2925.97000000 5644.42000000
v 4410.17000000 2987.94000000 5615.23000000
v 4266.64000000 3120.99000000 5618.91000000
v 4053.31000000 3497.38000000 5616.14000000
v 5888.62000000 936.97100000 5666.69000000
v 5839.44000000 945.95700000 5657.62000000
v 5739.82000000 978.75700000 5655.09000000
v 6005.82000000 1135.76000000 5665.32000000
v 5540.67000000 1061.96000000 5670.48000000
v 5487.87000000 1071.69000000 5660.89000000
v 5434.86000000 1092.16000000 5657.68000000
v 5363.62000000 1125.21000000 5664.05000000
v 5308.76000000 1141.98000000 5658.94000000
v 5115.68000000 1212.00000000 5661.85000000
v 4934.18000000 1286.32000000 5667.48000000
v 6013.28000000 1361.68000000 5649.86000000
v 4836.48000000 1316.18000000 5658.00000000
v 4756.92000000 1352.61000000 5668.73000000
v 4795.95000000 1334.94000000 5664.02000000
v 4620.84000000 1394.41000000 5659.54000000
v 4288.66000000 1496.48000000 5653.83000000
v 4160.15000000 1531.90000000 5640.46000000
v 4042.75000000 1586.26000000 5649.09000000
v 3858.76000000 1677.37000000 5655.36000000
v 3604.77000000 1772.95000000 5637.31000000
v 6000.42000000 1666.46000000 5661.04000000
v 6013.63000000 1911.80000000 5646.96000000
v 3133.04000000 2049.31000000 5652.27000000
v 3305.11000000 1999.02000000 5673.40000000
v 2976.09000000 2137.40000000 5643.76000000
v 5979.77000000 2071.58000000 5647.71000000
v 5916.45000000 2109.59000000 5643.76000000
v 5833.65000000 2127.97000000 5654.36000000
v 2933.89000000 2202.82000000 5652.58000000
v 5695.51000000 2195.42000000 5651.78000000
v 2933.11000000 2222.81000000 5655.90000000
v 2943.31000000 2242.57000000 5644.22000000
v 5517.27000000 2267.87000000 5661.03000000
v 3208.76000000 2294.37000000 5661.66000000
v 3277.93000000 2312.35000000 5648.24000000
v 5373.33000000 2370.14000000 5647.59000000
v 3418.05000000 2329.30000000 5658.44000000
v 3507.76000000 2352.11000000 5644.84000000
v 3805.21000000 2475.47000000 5659.47000000
v 3832.73000000 3044.67000000 5662.97000000
v 4679.46000000 2738.26000000 5658.44000000
v 3834.57000000 3443.92000000 5653.85000000
v 3823.43000000 3345.49000000 5623.28000000
v 4220.40000000 3124.24000000 5650.33000000
v 4171.80000000 3182.19000000 5655.95000000
v 4134.56000000 3270.77000000 5651.38000000
v 4077.12000000 3404.45000000 5642.65000000
v 3999.82000000 3512.87000000 5649.42000000
v 3934.72000000 3585.59000000 5655.82000000
v 3903.80000000 3621.64000000 5642.26000000
v 3862.62000000 3607.30000000 5632.99000000
v 5946.50000000 932.38200000 5659.48000000
v 5974.65000000 990.92700000 5670.46000000
v 5813.34000000 966.71800000 5668.16000000
v 5705.07000000 1007.08000000 5671.09000000
v 5986.74000000 1181.98000000 5679.11000000
v 5621.06000000 1031.25000000 5666.21000000
v 5481.52000000 1085.91000000 5670.50000000
v 5443.45000000 1107.87000000 5672.97000000
v 5287.98000000 1163.51000000 5669.53000000
v 5183.20000000 1200.85000000 5671.89000000
v 5113.04000000 1229.82000000 5677.53000000
v 5042.79000000 1250.18000000 5668.62000000
v 5993.66000000 1381.08000000 5670.68000000
v 4856.19000000 1324.27000000 5673.01000000
v 4687.88000000 1387.61000000 5673.95000000
v 4573.79000000 1419.23000000 5668.64000000
v 4481.72000000 1443.58000000 5665.90000000
v 4389.85000000 1489.49000000 5672.66000000
v 5976.02000000 1649.75000000 5679.88000000
v 4200.99000000 1558.78000000 5669.75000000
v 4023.77000000 1633.81000000 5671.85000000
v 3890.90000000 1709.77000000 5679.11000000
v 4013.41000000 1669.26000000 5684.71000000
v 3717.81000000 1791.24000000 5675.39000000
v 5987.28000000 1877.13000000 5664.98000000
v 3504.53000000 1882.82000000 5666.62000000
v 5925.12000000 2037.01000000 5663.00000000
v 3135.95000000 2106.89000000 5673.94000000
v 5789.44000000 2098.73000000 5670.84000000
v 3033.01000000 2171.70000000 5669.03000000
v 5630.51000000 2166.35000000 5673.55000000
v 3012.57000000 2217.03000000 5668.36000000
v 3040.83000000 2251.40000000 5664.02000000
v 5467.55000000 2230.28000000 5681.12000000
v 3125.45000000 2273.08000000 5662.91000000
v 3231.58000000 2277.51000000 5676.37000000
v 5353.21000000 2317.04000000 5675.31000000
v 3340.53000000 2302.58000000 5668.81000000
v 3530.03000000 2329.00000000 5671.17000000
v 5186.38000000 2413.08000000 5671.72000000
v 3701.01000000 2381.10000000 5670.57000000
v 3756.21000000 2423.56000000 5658.90000000
v 3799.03000000 2439.36000000 5678.00000000
v 3837.42000000 2870.08000000 5673.94000000
v 5009.52000000 2509.08000000 5670.71000000
v 4862.06000000 2596.28000000 5668.71000000
v 4706.06000000 2677.94000000 5673.60000000
v 4565.24000000 2768.09000000 5674.99000000
v 4471.88000000 2854.20000000 5665.90000000
v 4337.41000000 2935.51000000 5673.94000000
v 3846.06000000 3344.56000000 5670.59000000
v 4244.09000000 3053.38000000 5666.21000000
v 4162.40000000 3156.55000000 5668.95000000
v 4066.22000000 3304.53000000 5673.59000000
v 4008.87000000 3438.46000000 5667.34000000
v 3948.69000000 3516.60000000 5671.30000000
v 3859.03000000 3521.32000000 5662.35000000
v 3899.16000000 3563.75000000 5661.55000000
v 5904.83000000 972.54700000 5676.08000000
v 5953.47000000 1165.28000000 5683.98000000
v 5765.65000000 1017.87000000 5682.36000000
v 5860.62000000 1127.38000000 5688.17000000
v 5635.32000000 1046.57000000 5677.99000000
v 5657.57000000 1060.13000000 5686.02000000
v 5710.12000000 1088.64000000 5689.59000000
v 5554.93000000 1089.19000000 5680.62000000
v 5419.84000000 1144.87000000 5680.21000000
v 5463.96000000 1193.65000000 5688.14000000
v 5313.96000000 1195.15000000 5685.28000000
v 5233.04000000 1208.24000000 5681.48000000
v 5282.22000000 1260.57000000 5689.77000000
v 5166.13000000 1227.82000000 5682.04000000
v 5965.93000000 1393.71000000 5682.73000000
v 5100.72000000 1266.10000000 5684.25000000
v 5189.00000000 1250.88000000 5686.19000000
v 5823.91000000 1498.97000000 5690.32000000
v 4994.69000000 1297.93000000 5681.17000000
v 4928.00000000 1309.91000000 5677.62000000
v 4911.72000000 1334.96000000 5684.14000000
v 4986.55000000 1349.95000000 5689.15000000
v 4793.89000000 1362.55000000 5679.71000000
v 4829.23000000 1377.18000000 5687.42000000
v 4736.66000000 1398.44000000 5684.60000000
v 4646.13000000 1431.43000000 5683.42000000
v 4525.44000000 1464.11000000 5678.96000000
v 4759.44000000 1410.92000000 5687.84000000
v 5928.35000000 1689.39000000 5687.38000000
v 4433.50000000 1516.45000000 5686.06000000
v 4641.43000000 1484.03000000 5688.69000000
v 4314.85000000 1546.63000000 5682.07000000
v 4241.13000000 1579.09000000 5683.87000000
v 4295.66000000 1590.11000000 5688.62000000
v 4132.24000000 1627.50000000 5683.37000000
v 4033.66000000 1681.39000000 5688.32000000
v 4102.21000000 1682.62000000 5690.03000000
v 5766.41000000 1854.79000000 5692.05000000
v 3953.06000000 1722.69000000 5687.82000000
v 3827.02000000 1780.07000000 5686.15000000
v 5917.40000000 1851.66000000 5679.20000000
v 3685.95000000 1867.13000000 5688.18000000
v 3597.85000000 1870.26000000 5680.08000000
v 3485.80000000 1938.25000000 5682.19000000
v 3565.89000000 2009.80000000 5691.27000000
v 3376.86000000 2018.60000000 5685.22000000
v 5819.81000000 1985.51000000 5681.76000000
v 5716.38000000 1973.12000000 5689.96000000
v 3252.35000000 2068.10000000 5683.08000000
v 3319.49000000 2083.77000000 5688.99000000
v 5450.37000000 2128.77000000 5693.58000000
v 5644.12000000 2069.60000000 5684.75000000
v 3209.50000000 2128.31000000 5686.62000000
v 3394.61000000 2162.47000000 5691.71000000
v 5520.45000000 2161.81000000 5685.07000000
v 3645.31000000 2263.51000000 5694.00000000
v 3151.25000000 2170.67000000 5679.87000000
v 5411.09000000 2207.60000000 5689.06000000
v 3185.01000000 2233.08000000 5675.76000000
v 3410.54000000 2266.92000000 5680.79000000
v 3584.06000000 2302.10000000 5684.37000000
v 5352.00000000 2265.72000000 5686.23000000
v 3726.58000000 2378.34000000 5683.06000000
v 5229.06000000 2325.36000000 5685.38000000
v 4908.65000000 2435.87000000 5693.91000000
v 3855.21000000 2472.92000000 5687.11000000
v 5081.68000000 2390.16000000 5687.28000000
v 3915.96000000 2816.60000000 5692.47000000
v 4751.10000000 2542.23000000 5693.54000000
v 5024.99000000 2447.98000000 5683.18000000
v 3862.67000000 2917.03000000 5684.11000000
v 4914.15000000 2493.83000000 5686.31000000
v 4861.16000000 2545.06000000 5682.18000000
v 4767.76000000 2601.61000000 5682.08000000
v 4023.59000000 3060.83000000 5694.48000000
v 4679.84000000 2635.09000000 5686.27000000
v 4441.72000000 2720.98000000 5693.55000000
v 4603.87000000 2697.12000000 5684.16000000
v 3921.70000000 3204.51000000 5690.63000000
v 4522.57000000 2730.27000000 5687.37000000
v 3872.71000000 3237.00000000 5681.18000000
v 4447.70000000 2813.85000000 5681.02000000
v 4349.46000000 2841.49000000 5687.14000000
v 4268.75000000 2916.22000000 5687.78000000
v 4210.84000000 2946.31000000 5691.94000000
v 4207.39000000 3024.91000000 5682.04000000
v 4139.29000000 3021.84000000 5691.62000000
v 4108.70000000 3155.39000000 5683.75000000
v 4074.32000000 3129.03000000 5690.43000000
v 4046.76000000 3215.13000000 5686.95000000
v 3989.57000000 3321.09000000 5681.93000000
v 3917.35000000 3404.71000000 5678.23000000
v 3876.29000000 3415.06000000 5669.83000000
v 5884.43000000 1013.91000000 5689.48000000
v 5953.84000000 1179.50000000 5689.51000000
v 5773.56000000 1061.83000000 5687.09000000
v 5893.31000000 1204.74000000 5684.54000000
v 5581.30000000 1111.88000000 5689.78000000
v 5410.71000000 1161.88000000 5688.61000000
v 5516.65000000 1473.40000000 5681.28000000
v 5951.73000000 1362.90000000 5687.60000000
v 5407.54000000 1247.02000000 5684.55000000
v 5315.13000000 1213.69000000 5687.94000000
v 5089.05000000 1270.86000000 5692.05000000
v 5077.06000000 1383.48000000 5685.88000000
v 5036.28000000 1338.81000000 5685.50000000
v 5866.46000000 1504.90000000 5684.55000000
v 4939.23000000 1336.91000000 5691.32000000
v 4666.17000000 1528.38000000 5682.85000000
v 4729.09000000 1437.62000000 5686.28000000
v 4628.91000000 2118.09000000 5679.32000000
v 4651.56000000 1431.87000000 5692.10000000
v 4497.11000000 1540.66000000 5685.02000000
v 5802.03000000 1696.81000000 5681.50000000
v 4375.10000000 1552.85000000 5689.11000000
v 4330.59000000 1740.50000000 5681.18000000
v 4260.86000000 1636.77000000 5685.60000000
v 5908.36000000 1792.52000000 5686.61000000
v 5743.54000000 1823.58000000 5681.90000000
v 4011.41000000 1750.18000000 5685.92000000
v 5423.67000000 1999.46000000 5680.54000000
v 3885.44000000 1761.72000000 5689.86000000
v 3779.02000000 1826.28000000 5687.55000000
v 4004.12000000 1902.69000000 5680.86000000
v 3866.17000000 1848.42000000 5683.72000000
v 3606.04000000 1904.63000000 5688.18000000
v 3711.42000000 1922.41000000 5683.37000000
v 3507.18000000 1979.60000000 5687.57000000
v 5861.63000000 1928.25000000 5688.19000000
v 3741.14000000 2096.22000000 5681.16000000
v 5716.50000000 2004.85000000 5688.51000000
v 3421.78000000 2073.84000000 5685.38000000
v 5572.29000000 2061.63000000 5686.56000000
v 3271.62000000 2104.60000000 5688.15000000
v 5352.66000000 2173.06000000 5680.70000000
v 5483.11000000 2124.64000000 5686.70000000
v 3345.76000000 2160.91000000 5685.08000000
v 5135.87000000 2223.31000000 5680.68000000
v 5368.83000000 2231.48000000 5687.08000000
v 3968.16000000 2470.12000000 5679.41000000
v 3289.60000000 2238.73000000 5687.11000000
v 3592.19000000 2272.37000000 5682.47000000
v 5247.67000000 2266.23000000 5683.52000000
v 3424.13000000 2278.12000000 5687.53000000
v 4937.15000000 2330.54000000 5680.81000000
v 5265.35000000 2313.66000000 5690.22000000
v 3594.48000000 2319.26000000 5686.88000000
v 3788.53000000 2410.75000000 5683.71000000
v 3702.80000000 2377.37000000 5689.78000000
v 4795.95000000 2406.38000000 5680.48000000
v 5104.09000000 2354.79000000 5686.13000000
v 3899.71000000 2758.75000000 5681.60000000
v 3794.91000000 2447.28000000 5691.20000000
v 4926.79000000 2426.58000000 5683.81000000
v 3855.83000000 2904.77000000 5685.92000000
v 4664.09000000 2528.15000000 5680.64000000
v 4979.15000000 2472.88000000 5691.23000000
v 4815.76000000 2503.90000000 5685.08000000
v 4735.77000000 2569.45000000 5685.40000000
v 4222.93000000 2781.88000000 5679.68000000
v 4467.62000000 2650.03000000 5680.76000000
v 4692.67000000 2612.05000000 5687.57000000
v 4018.78000000 2960.56000000 5680.30000000
v 4586.40000000 2670.55000000 5686.94000000
v 3932.20000000 3162.45000000 5683.18000000
v 4491.47000000 2732.50000000 5687.62000000
v 3886.88000000 3264.62000000 5688.78000000
v 4324.34000000 2817.80000000 5681.85000000
v 4408.51000000 2800.31000000 5688.33000000
v 4308.71000000 2898.02000000 5689.34000000
v 4250.79000000 2901.75000000 5685.49000000
v 4188.90000000 2974.67000000 5687.11000000
v 4096.41000000 3062.04000000 5685.85000000
v 4040.70000000 3084.13000000 5682.93000000
v 4010.64000000 3199.60000000 5686.55000000
v 3955.92000000 3319.68000000 5686.48000000
v 3926.27000000 3350.65000000 5689.75000000
f 1 2 3
f 4 1 3
f 3 2 5
f 6 4 7
f 7 4 3
f 8 5 9
f 3 5 8
f 7 3 8
f 9 10 8
f 11 7 8
f 12 13 14
f 13 12 15
f 16 2 17
f 13 15 18
f 12 2 1
f 15 12 19
f 19 12 1
f 18 15 19
f 5 16 20
f 2 16 5
f 18 19 21
f 22 18 21
f 1 4 19
f 23 19 4
f 23 21 19
f 5 20 24
f 24 20 25
f 5 24 9
f 4 6 26
f 26 23 4
f 25 27 24
f 11 6 7
f 9 27 28
f 9 24 27
f 9 28 10
f 8 29 11
f 6 11 29
f 30 6 29
f 29 8 10
f 29 10 28
f 31 32 14
f 33 34 12
f 32 33 12
f 14 32 12
f 31 14 35
f 36 31 35
f 13 35 14
f 36 35 37
f 38 36 37
f 2 34 17
f 12 34 2
f 13 37 35
f 39 38 37
f 37 18 22
f 13 18 37
f 39 37 22
f 20 40 41
f 16 40 20
f 39 22 42
f 43 44 41
f 41 44 20
f 22 21 45
f 42 22 45
f 43 46 44
f 20 44 25
f 47 21 23
f 45 21 47
f 46 25 44
f 47 23 26
f 46 27 25
f 6 30 26
f 26 30 48
f 29 49 50
f 50 51 29
f 29 51 30
f 49 29 28
f 52 32 53
f 54 53 55
f 56 54 55
f 53 32 31
f 36 53 31
f 36 55 53
f 34 57 17
f 58 57 34
f 33 58 34
f 55 36 59
f 59 56 55
f 59 36 38
f 60 59 38
f 61 62 40
f 16 61 40
f 40 62 63
f 60 38 39
f 40 63 64
f 40 64 41
f 64 65 41
f 41 65 66
f 43 41 66
f 43 66 67
f 67 46 43
f 68 45 47
f 46 67 69
f 47 48 70
f 26 48 47
f 47 70 68
f 46 69 27
f 30 51 48
f 71 28 27
f 28 71 49
f 72 52 73
f 74 73 75
f 52 76 32
f 73 52 53
f 75 73 54
f 74 75 77
f 78 74 77
f 76 58 33
f 32 76 33
f 54 73 53
f 77 75 54
f 77 54 56
f 78 77 79
f 57 80 17
f 79 77 56
f 79 56 59
f 81 79 59
f 61 82 62
f 80 61 16
f 17 80 16
f 81 59 60
f 62 82 83
f 83 84 62
f 63 84 64
f 62 84 63
f 60 39 85
f 84 65 64
f 66 65 86
f 86 67 66
f 70 87 68
f 88 45 68
f 87 88 68
f 71 89 90
f 90 91 51
f 51 91 48
f 48 91 70
f 71 27 69
f 90 49 71
f 50 49 90
f 51 50 90
f 92 93 94
f 76 52 95
f 96 72 93
f 92 94 97
f 72 95 52
f 93 72 73
f 94 93 74
f 74 93 73
f 97 94 74
f 98 92 97
f 76 57 58
f 97 78 98
f 74 78 97
f 80 57 99
f 79 100 78
f 100 101 98
f 100 98 78
f 82 102 103
f 61 102 82
f 80 102 61
f 79 81 100
f 104 103 105
f 82 103 104
f 105 106 104
f 82 104 83
f 83 104 106
f 83 106 84
f 107 84 106
f 107 65 84
f 42 108 39
f 85 39 108
f 65 107 109
f 108 42 110
f 65 109 86
f 42 45 88
f 88 110 42
f 69 67 86
f 69 86 89
f 89 111 90
f 71 69 89
f 91 90 111
f 112 113 114
f 115 112 114
f 116 112 115
f 113 96 93
f 72 117 95
f 114 113 93
f 93 92 114
f 115 114 92
f 116 115 118
f 95 119 76
f 96 117 72
f 118 115 92
f 119 57 76
f 98 118 92
f 98 120 118
f 98 101 120
f 80 99 102
f 103 121 122
f 103 102 121
f 100 123 101
f 103 122 124
f 103 124 105
f 106 125 126
f 105 125 106
f 105 124 125
f 127 60 128
f 127 81 60
f 106 126 107
f 60 85 128
f 107 129 109
f 109 130 86
f 86 130 89
f 131 89 132
f 111 89 131
f 91 133 70
f 134 133 91
f 70 133 87
f 88 87 135
f 87 133 135
f 91 111 134
f 136 113 137
f 138 113 112
f 139 138 112
f 140 138 139
f 141 140 139
f 141 142 140
f 96 136 143
f 116 139 112
f 141 139 116
f 143 117 96
f 113 136 96
f 144 141 116
f 95 145 119
f 141 144 146
f 118 144 116
f 119 147 57
f 118 146 144
f 120 146 118
f 57 147 99
f 148 146 120
f 101 149 120
f 122 121 150
f 151 122 150
f 101 123 149
f 122 151 124
f 125 151 152
f 125 124 151
f 100 81 127
f 100 127 123
f 125 152 153
f 153 126 125
f 126 153 154
f 126 154 107
f 107 154 129
f 130 132 89
f 130 109 129
f 134 111 131
f 134 155 133
f 133 156 135
f 135 110 88
f 108 110 157
f 85 108 157
f 158 159 160
f 159 158 161
f 161 158 162
f 158 163 164
f 162 158 164
f 161 162 165
f 140 163 138
f 164 163 140
f 162 164 165
f 138 137 113
f 163 137 138
f 142 164 140
f 166 164 142
f 165 164 166
f 161 165 166
f 167 161 166
f 137 143 136
f 142 141 167
f 142 167 166
f 141 168 167
f 169 145 95
f 117 169 95
f 146 168 141
f 119 145 147
f 170 168 146
f 148 170 146
f 171 102 172
f 171 121 102
f 99 172 102
f 120 149 148
f 121 173 150
f 150 173 174
f 174 175 150
f 150 175 151
f 175 152 151
f 154 153 176
f 154 176 129
f 176 177 129
f 129 177 130
f 178 155 131
f 179 131 132
f 131 155 134
f 156 133 155
f 110 135 180
f 157 110 181
f 110 180 181
f 128 85 157
f 182 183 184
f 184 183 185
f 183 186 160
f 185 183 160
f 186 163 158
f 160 186 158
f 185 160 159
f 184 185 159
f 184 159 187
f 184 187 188
f 189 190 137
f 163 189 137
f 161 187 159
f 161 191 187
f 188 187 191
f 190 143 137
f 143 192 117
f 167 191 161
f 117 192 169
f 193 167 168
f 193 168 170
f 147 194 99
f 194 172 99
f 121 171 195
f 173 195 196
f 121 195 173
f 197 173 196
f 149 198 148
f 173 197 174
f 175 197 199
f 175 174 197
f 199 152 175
f 200 152 199
f 152 200 201
f 202 198 149
f 152 201 153
f 153 201 176
f 203 177 176
f 177 204 130
f 123 202 149
f 204 132 130
f 127 202 123
f 179 132 204
f 178 131 179
f 156 205 135
f 205 180 135
f 206 202 127
f 207 157 181
f 157 207 128
f 128 206 127
f 128 207 206
f 207 181 208
f 209 210 211
f 210 209 212
f 213 210 212
f 209 214 183
f 182 209 183
f 215 209 182
f 212 209 215
f 215 213 212
f 214 216 183
f 183 216 186
f 213 215 217
f 216 218 186
f 215 182 184
f 217 215 184
f 218 190 163
f 186 218 163
f 219 217 184
f 163 190 189
f 188 219 184
f 192 143 220
f 221 188 191
f 222 169 223
f 223 169 192
f 224 169 222
f 191 167 193
f 191 193 225
f 145 224 147
f 169 224 145
f 226 227 195
f 171 226 195
f 227 228 196
f 195 227 196
f 196 228 229
f 229 230 196
f 196 230 197
f 231 197 230
f 231 199 197
f 232 199 231
f 199 232 200
f 201 203 176
f 155 233 156
f 178 233 155
f 234 205 156
f 180 235 236
f 181 180 236
f 202 206 237
f 208 236 238
f 208 181 236
f 208 239 207
f 207 240 206
f 239 240 207
f 208 238 239
f 237 206 240
f 241 242 243
f 211 244 245
f 241 244 246
f 247 241 246
f 247 242 241
f 211 245 209
f 244 211 210
f 246 244 210
f 209 245 248
f 249 246 210
f 247 246 249
f 248 250 214
f 209 248 214
f 210 213 249
f 251 249 213
f 251 247 249
f 214 250 216
f 217 251 213
f 252 253 190
f 218 252 190
f 217 219 251
f 253 254 190
f 143 254 220
f 190 254 143
f 188 221 219
f 225 221 191
f 224 255 147
f 255 194 147
f 194 256 172
f 256 171 172
f 257 228 258
f 227 258 228
f 148 259 170
f 228 257 229
f 230 257 260
f 230 229 257
f 230 260 231
f 198 259 148
f 231 261 232
f 232 262 200
f 201 200 263
f 200 262 263
f 201 264 203
f 263 264 201
f 203 265 177
f 177 265 204
f 179 266 178
f 156 267 234
f 233 267 156
f 198 202 268
f 205 235 180
f 236 235 269
f 269 238 236
f 270 238 269
f 271 238 270
f 238 271 239
f 239 271 272
f 240 239 273
f 273 239 272
f 273 237 240
f 274 275 276
f 277 275 274
f 278 277 274
f 275 279 276
f 280 276 281
f 274 276 280
f 278 274 280
f 279 282 241
f 241 282 244
f 276 279 243
f 281 276 243
f 283 278 280
f 282 245 244
f 243 279 241
f 281 243 242
f 280 281 242
f 248 284 250
f 280 242 285
f 286 283 285
f 285 283 280
f 247 287 242
f 242 287 285
f 250 288 216
f 289 287 247
f 216 252 218
f 288 252 216
f 247 251 289
f 252 290 253
f 291 289 251
f 291 251 292
f 292 251 219
f 192 220 223
f 221 292 219
f 222 293 224
f 224 293 255
f 171 294 226
f 256 294 171
f 193 170 295
f 227 296 258
f 227 226 296
f 295 297 193
f 296 298 258
f 258 299 257
f 298 299 258
f 170 259 295
f 300 257 299
f 257 300 260
f 231 260 261
f 232 261 262
f 203 301 265
f 264 301 203
f 266 179 204
f 233 178 266
f 234 302 205
f 302 235 205
f 303 235 302
f 259 198 304
f 303 269 235
f 305 269 303
f 304 198 268
f 237 268 202
f 306 268 237
f 272 271 270
f 307 272 270
f 272 307 308
f 273 272 308
f 309 310 311
f 312 309 311
f 313 312 311
f 310 314 277
f 315 313 311
f 277 314 275
f 277 311 310
f 315 311 277
f 313 315 316
f 314 317 275
f 317 318 282
f 279 317 282
f 317 279 275
f 315 278 319
f 277 278 315
f 316 315 319
f 318 284 245
f 318 245 282
f 283 320 278
f 320 319 278
f 283 286 320
f 284 288 250
f 245 284 248
f 321 322 288
f 288 322 252
f 285 287 286
f 252 322 323
f 323 290 252
f 324 254 325
f 290 254 253
f 289 291 326
f 324 220 254
f 220 327 223
f 328 222 223
f 222 328 293
f 329 255 293
f 221 330 292
f 194 329 331
f 255 329 194
f 256 194 331
f 225 330 221
f 297 330 225
f 193 297 225
f 226 294 332
f 332 333 298
f 296 332 298
f 226 332 296
f 298 333 334
f 334 335 299
f 334 299 298
f 336 297 295
f 300 337 260
f 259 338 295
f 339 295 338
f 260 340 261
f 266 204 265
f 233 341 267
f 259 342 338
f 267 343 234
f 343 302 234
f 304 342 259
f 269 305 270
f 305 344 270
f 345 270 344
f 304 268 306
f 307 270 345
f 346 306 237
f 347 308 307
f 273 308 347
f 348 273 347
f 346 237 348
f 348 237 273
f 349 350 351
f 351 350 309
f 352 349 351
f 353 352 351
f 350 354 309
f 353 351 355
f 356 357 314
f 310 356 314
f 354 356 310
f 309 354 310
f 312 351 309
f 355 351 312
f 314 357 358
f 355 312 313
f 359 355 313
f 353 355 359
f 314 358 317
f 360 318 358
f 316 359 313
f 316 361 359
f 358 318 317
f 319 320 316
f 316 320 361
f 318 360 284
f 362 321 288
f 284 362 288
f 322 321 363
f 320 286 364
f 365 320 364
f 286 366 364
f 287 366 286
f 289 366 287
f 326 366 289
f 290 325 254
f 328 223 367
f 368 291 292
f 330 368 292
f 297 369 330
f 294 370 332
f 370 371 332
f 371 372 333
f 332 371 333
f 335 333 372
f 335 334 333
f 299 335 373
f 299 373 374
f 299 374 300
f 295 339 336
f 300 374 337
f 260 337 340
f 262 261 340
f 265 375 266
f 264 263 376
f 377 339 338
f 233 266 378
f 378 341 233
f 341 379 267
f 267 379 343
f 380 307 345
f 381 306 346
f 382 307 380
f 307 382 347
f 382 383 347
f 348 347 383
f 384 385 386
f 387 354 350
f 349 387 350
f 385 387 349
f 386 385 349
f 384 386 388
f 388 389 384
f 390 356 354
f 386 349 352
f 388 386 352
f 391 357 390
f 357 356 390
f 388 352 353
f 389 388 392
f 392 388 393
f 393 388 353
f 357 394 358
f 359 393 353
f 395 393 359
f 394 360 358
f 361 395 359
f 362 284 396
f 396 284 360
f 397 361 320
f 322 363 323
f 325 290 323
f 398 364 366
f 399 324 400
f 325 400 324
f 326 398 366
f 327 324 399
f 326 291 398
f 324 327 220
f 367 401 328
f 327 367 223
f 402 328 401
f 398 291 368
f 402 329 293
f 328 402 293
f 331 403 256
f 330 369 368
f 294 256 404
f 294 405 370
f 406 371 407
f 370 407 371
f 297 408 369
f 371 406 372
f 372 409 335
f 410 408 297
f 410 297 336
f 337 374 411
f 337 411 340
f 340 412 262
f 412 376 262
f 376 301 264
f 301 413 265
f 263 262 376
f 375 265 413
f 375 378 266
f 378 414 341
f 414 415 341
f 416 343 379
f 343 416 302
f 342 377 338
f 417 377 342
f 303 418 305
f 418 344 305
f 381 304 306
f 419 381 346
f 383 420 348
f 421 383 382
f 420 383 421
f 422 419 346
f 422 346 420
f 420 346 348
f 387 423 424
f 425 423 426
f 423 387 385
f 426 423 384
f 384 423 385
f 427 426 384
f 354 387 390
f 389 427 384
f 357 391 394
f 392 428 389
f 392 393 429
f 394 430 360
f 393 395 431
f 360 430 396
f 395 361 397
f 396 321 362
f 432 363 321
f 320 365 397
f 363 433 323
f 400 325 434
f 433 325 323
f 435 331 329
f 403 331 435
f 403 404 256
f 408 436 369
f 370 437 407
f 406 437 438
f 409 406 438
f 407 437 406
f 406 409 372
f 439 335 409
f 335 439 373
f 374 373 440
f 440 441 374
f 339 410 336
f 374 441 411
f 411 412 340
f 301 376 413
f 415 379 341
f 442 339 377
f 302 416 443
f 443 303 302
f 418 303 443
f 442 377 417
f 344 418 444
f 342 304 417
f 417 304 445
f 444 446 344
f 344 446 345
f 304 381 445
f 445 381 447
f 381 419 448
f 449 382 380
f 382 449 421
f 421 422 420
f 421 449 450
f 421 450 422
f 387 424 451
f 425 424 423
f 451 452 387
f 387 452 390
f 426 427 453
f 454 391 452
f 452 391 390
f 394 391 454
f 427 389 455
f 455 389 456
f 457 394 458
f 428 456 389
f 456 428 459
f 428 429 459
f 392 429 428
f 394 457 430
f 393 431 460
f 393 460 429
f 432 321 396
f 395 397 461
f 462 363 432
f 433 363 462
f 463 434 325
f 433 463 325
f 434 464 400
f 398 465 364
f 435 329 466
f 368 467 398
f 368 468 467
f 436 468 368
f 404 469 405
f 294 404 405
f 368 369 436
f 370 405 470
f 471 437 470
f 437 370 470
f 408 472 436
f 437 471 438
f 408 473 472
f 438 439 409
f 439 474 373
f 373 474 475
f 408 410 473
f 475 440 373
f 476 440 475
f 411 441 412
f 376 477 413
f 413 478 375
f 375 478 378
f 339 479 480
f 410 339 480
f 414 481 415
f 481 379 415
f 339 442 479
f 418 443 482
f 380 345 483
f 380 483 449
f 484 448 419
f 449 483 485
f 486 449 485
f 449 486 450
f 422 450 487
f 419 422 487
f 452 451 488
f 489 424 425
f 425 453 489
f 425 426 453
f 427 490 453
f 490 491 453
f 452 488 454
f 427 455 490
f 454 458 394
f 456 492 455
f 456 459 492
f 459 429 493
f 494 495 396
f 430 494 396
f 429 460 493
f 462 432 496
f 396 496 432
f 461 431 395
f 462 463 433
f 497 464 434
f 397 365 498
f 464 399 400
f 327 399 499
f 500 327 499
f 364 465 365
f 498 365 465
f 367 500 401
f 327 500 367
f 501 402 401
f 502 465 398
f 402 466 329
f 467 502 398
f 503 435 466
f 467 468 502
f 435 503 403
f 436 504 468
f 436 505 504
f 506 471 507
f 470 507 471
f 436 472 505
f 471 506 438
f 438 508 439
f 506 508 438
f 509 439 508
f 509 474 439
f 475 474 510
f 475 510 476
f 441 440 511
f 440 476 511
f 441 512 412
f 512 477 412
f 513 478 413
f 410 480 473
f 376 412 477
f 378 514 414
f 414 515 481
f 481 416 379
f 442 417 516
f 444 418 482
f 446 517 345
f 483 345 517
f 448 447 381
f 448 484 518
f 486 519 450
f 486 485 519
f 485 520 519
f 450 519 487
f 487 519 520
f 451 424 521
f 521 424 522
f 489 522 424
f 489 523 522
f 523 489 491
f 524 488 525
f 453 491 489
f 488 524 454
f 454 524 458
f 526 457 458
f 430 457 494
f 459 527 492
f 459 493 527
f 396 495 496
f 493 460 528
f 460 529 528
f 431 529 460
f 496 530 462
f 431 461 529
f 531 461 532
f 532 461 397
f 463 533 434
f 397 498 532
f 534 399 464
f 500 501 401
f 403 503 404
f 468 504 502
f 470 405 535
f 470 535 507
f 507 535 536
f 506 507 536
f 537 474 509
f 472 473 538
f 474 537 510
f 413 477 539
f 441 511 512
f 513 413 539
f 473 480 538
f 378 478 514
f 540 414 514
f 414 540 515
f 541 416 481
f 443 416 541
f 442 516 542
f 417 543 544
f 417 445 543
f 545 485 483
f 520 545 546
f 520 485 545
f 547 419 487
f 487 520 546
f 547 487 548
f 488 451 549
f 491 490 550
f 550 490 551
f 524 552 458
f 490 553 551
f 490 455 553
f 455 492 553
f 554 494 526
f 494 554 495
f 457 526 494
f 493 555 527
f 493 528 555
f 556 529 461
f 533 557 434
f 461 531 556
f 434 557 497
f 531 532 558
f 534 499 399
f 498 559 532
f 560 498 465
f 502 560 465
f 503 561 404
f 404 561 469
f 502 504 562
f 469 563 405
f 405 563 535
f 562 504 505
f 535 564 536
f 565 562 505
f 536 566 506
f 506 567 508
f 566 567 506
f 567 509 508
f 472 538 505
f 510 537 568
f 476 510 569
f 510 568 569
f 570 478 513
f 538 480 571
f 540 572 515
f 515 541 481
f 480 573 574
f 575 443 541
f 576 443 575
f 480 479 573
f 576 482 443
f 479 442 542
f 479 542 573
f 417 544 516
f 577 446 444
f 543 445 578
f 445 447 578
f 447 448 579
f 448 518 580
f 579 448 580
f 545 483 581
f 545 582 546
f 484 419 547
f 583 484 547
f 584 546 582
f 487 546 585
f 585 546 584
f 548 487 586
f 586 487 585
f 549 521 587
f 525 488 549
f 521 549 451
f 587 521 522
f 522 588 587
f 588 522 523
f 588 523 589
f 523 491 589
f 589 491 550
f 590 458 552
f 591 592 553
f 553 492 591
f 492 527 591
f 593 496 594
f 495 594 496
f 496 593 530
f 462 530 595
f 595 530 593
f 463 595 533
f 555 528 596
f 462 595 463
f 528 529 596
f 529 556 596
f 532 597 558
f 500 598 501
f 500 499 598
f 501 599 402
f 402 599 466
f 498 560 559
f 600 560 502
f 502 562 600
f 563 601 535
f 535 601 564
f 564 566 536
f 566 602 567
f 603 567 602
f 603 509 567
f 604 509 603
f 565 505 605
f 509 604 537
f 505 538 605
f 569 568 606
f 569 511 476
f 512 539 477
f 539 570 513
f 514 478 607
f 540 608 572
f 572 609 515
f 609 541 515
f 480 574 571
f 610 482 576
f 610 444 482
f 544 543 611
f 612 446 577
f 612 517 446
f 578 447 613
f 614 483 517
f 582 545 581
f 518 484 583
f 615 584 582
f 586 616 548
f 548 616 617
f 547 548 617
f 585 584 618
f 586 585 618
f 584 615 618
f 619 549 620
f 620 549 621
f 549 587 621
f 587 588 621
f 621 588 589
f 524 525 622
f 622 525 623
f 624 552 524
f 552 624 590
f 590 526 458
f 551 553 592
f 554 625 495
f 594 495 625
f 555 591 527
f 497 557 626
f 596 556 627
f 497 534 464
f 556 531 628
f 499 629 598
f 531 558 628
f 599 630 466
f 532 559 597
f 630 503 466
f 469 561 631
f 631 563 469
f 601 632 564
f 600 562 633
f 564 634 566
f 632 634 564
f 566 635 602
f 634 635 566
f 562 565 633
f 604 636 537
f 537 636 568
f 511 569 606
f 512 511 637
f 511 606 637
f 539 512 638
f 570 607 478
f 608 540 514
f 575 541 609
f 639 444 610
f 573 542 640
f 516 544 611
f 516 611 542
f 543 578 611
f 447 579 613
f 581 483 614
f 580 518 641
f 615 582 581
f 547 617 583
f 642 615 643
f 618 615 642
f 616 586 618
f 644 616 645
f 645 616 618
f 617 616 644
f 618 642 645
f 619 646 549
f 620 621 647
f 525 648 623
f 549 646 525
f 621 589 649
f 550 649 589
f 622 624 524
f 593 650 595
f 651 591 555
f 596 651 555
f 533 626 557
f 651 596 627
f 534 652 499
f 556 628 627
f 558 597 653
f 503 654 561
f 655 597 559
f 559 560 656
f 559 656 655
f 560 657 656
f 560 600 657
f 632 601 658
f 601 659 658
f 563 659 601
f 600 633 657
f 635 634 660
f 661 635 660
f 661 602 635
f 633 565 662
f 604 602 661
f 602 604 603
f 565 605 662
f 636 663 568
f 568 664 606
f 570 539 638
f 665 605 538
f 607 666 514
f 608 514 666
f 608 667 572
f 667 609 572
f 609 668 575
f 574 573 669
f 573 640 669
f 577 444 639
f 542 611 640
f 670 671 578
f 611 578 671
f 613 670 578
f 641 518 583
f 581 672 615
f 617 673 583
f 643 615 672
f 617 644 674
f 642 643 675
f 642 675 676
f 645 642 677
f 677 642 676
f 644 645 677
f 674 644 677
f 525 646 648
f 678 646 619
f 619 620 678
f 620 647 678
f 649 647 621
f 526 590 679
f 554 526 679
f 625 554 679
f 594 625 680
f 594 680 593
f 681 592 591
f 593 680 650
f 591 651 681
f 682 626 533
f 683 497 626
f 652 534 683
f 497 683 534
f 651 627 684
f 627 685 684
f 652 629 499
f 629 686 598
f 627 628 685
f 685 628 687
f 688 599 686
f 598 686 501
f 501 686 599
f 628 558 687
f 687 558 689
f 690 689 558
f 630 691 503
f 632 692 634
f 632 658 692
f 692 660 634
f 693 661 660
f 604 694 636
f 695 662 605
f 568 663 664
f 512 637 696
f 638 512 696
f 570 697 607
f 605 665 695
f 608 666 698
f 608 698 699
f 699 667 608
f 538 571 665
f 609 667 668
f 576 575 700
f 571 574 701
f 701 574 669
f 613 702 670
f 672 614 703
f 614 672 581
f 704 672 703
f 643 672 704
f 705 643 704
f 617 674 673
f 675 643 705
f 675 705 676
f 677 706 674
f 674 706 707
f 676 706 677
f 708 705 709
f 676 705 708
f 706 676 710
f 676 708 710
f 706 710 711
f 711 710 708
f 678 712 713
f 678 647 712
f 714 712 647
f 714 647 649
f 551 715 649
f 649 550 551
f 716 715 551
f 551 592 716
f 717 680 625
f 716 592 681
f 626 682 718
f 595 682 533
f 681 651 684
f 719 630 688
f 687 689 685
f 599 688 630
f 558 653 690
f 597 655 720
f 653 597 720
f 563 721 659
f 722 655 656
f 659 721 658
f 723 724 658
f 724 725 692
f 658 724 692
f 693 660 725
f 725 660 692
f 657 633 726
f 727 661 693
f 633 662 726
f 661 727 604
f 727 694 604
f 726 662 728
f 728 662 695
f 663 729 664
f 664 637 606
f 638 697 570
f 607 697 730
f 731 666 607
f 571 732 665
f 700 575 668
f 610 576 700
f 733 640 611
f 670 734 671
f 612 614 517
f 735 613 579
f 579 580 735
f 580 641 736
f 583 737 641
f 583 673 737
f 709 705 704
f 707 673 674
f 673 707 738
f 709 739 708
f 740 706 711
f 708 739 741
f 741 711 708
f 742 646 743
f 678 743 646
f 744 743 678
f 678 713 744
f 623 648 745
f 713 712 746
f 746 712 714
f 623 747 622
f 715 714 649
f 748 590 747
f 622 747 624
f 747 590 624
f 748 679 590
f 625 749 717
f 681 750 716
f 751 595 650
f 595 751 682
f 685 752 684
f 719 691 630
f 685 689 752
f 752 689 753
f 754 503 691
f 654 503 754
f 753 689 690
f 561 654 755
f 690 653 756
f 755 757 631
f 561 755 631
f 757 721 563
f 631 757 563
f 721 723 658
f 758 759 725
f 724 723 725
f 723 758 725
f 657 760 656
f 761 725 759
f 761 693 725
f 726 762 657
f 760 657 762
f 693 763 727
f 663 636 694
f 694 729 663
f 764 728 695
f 607 730 731
f 666 731 698
f 765 699 698
f 667 699 765
f 765 668 667
f 668 766 700
f 732 571 701
f 577 639 767
f 733 611 671
f 577 768 612
f 670 702 734
f 702 613 769
f 769 613 735
f 612 770 614
f 703 614 770
f 735 580 736
f 771 703 770
f 641 737 772
f 703 771 704
f 704 771 773
f 709 704 773
f 774 673 738
f 739 709 775
f 707 740 776
f 706 740 707
f 776 738 707
f 777 739 775
f 739 777 778
f 739 778 741
f 740 711 779
f 741 778 780
f 711 741 779
f 742 648 646
f 713 746 744
f 746 714 781
f 623 745 747
f 679 782 783
f 679 749 625
f 716 750 715
f 784 785 680
f 680 785 650
f 751 650 786
f 718 682 751
f 626 787 788
f 626 788 683
f 652 683 788
f 789 629 652
f 681 684 790
f 686 629 789
f 790 684 752
f 753 690 791
f 755 654 792
f 690 756 791
f 793 791 756
f 655 722 720
f 794 795 758
f 723 794 758
f 758 795 796
f 759 796 797
f 758 796 759
f 656 760 722
f 797 761 759
f 763 693 761
f 798 726 728
f 731 730 799
f 698 731 800
f 801 695 665
f 764 695 801
f 801 665 732
f 610 802 639
f 639 802 767
f 640 803 804
f 803 640 733
f 767 768 577
f 671 734 805
f 733 671 805
f 770 612 768
f 736 641 772
f 673 774 737
f 775 709 773
f 775 806 777
f 807 741 780
f 779 741 807
f 808 648 742
f 809 742 743
f 743 744 809
f 714 715 781
f 781 715 810
f 748 747 811
f 810 715 750
f 748 782 679
f 749 679 783
f 784 680 717
f 786 650 785
f 681 812 750
f 812 681 790
f 718 787 626
f 789 652 813
f 652 788 813
f 686 789 814
f 688 686 814
f 654 754 792
f 753 815 752
f 791 815 753
f 757 816 721
f 756 817 793
f 756 653 817
f 653 720 818
f 817 653 818
f 794 819 820
f 723 721 819
f 794 821 795
f 723 819 794
f 822 720 722
f 796 821 823
f 796 823 797
f 795 821 796
f 797 824 761
f 722 760 825
f 826 763 761
f 727 827 694
f 828 762 726
f 694 829 729
f 664 729 830
f 637 664 830
f 638 696 831
f 697 638 832
f 798 728 764
f 731 799 800
f 698 833 765
f 766 765 833
f 766 668 765
f 766 834 700
f 835 732 701
f 700 802 610
f 835 701 669
f 669 640 804
f 767 836 768
f 836 837 768
f 702 838 734
f 838 702 769
f 736 839 735
f 771 840 773
f 773 806 775
f 776 740 779
f 776 779 841
f 778 777 842
f 778 842 780
f 780 842 843
f 780 843 844
f 807 780 844
f 809 845 846
f 745 648 847
f 847 648 808
f 809 744 845
f 845 744 746
f 848 845 746
f 746 781 848
f 745 847 747
f 782 748 849
f 811 849 748
f 784 717 850
f 851 750 812
f 718 751 852
f 790 752 815
f 719 688 814
f 754 691 853
f 815 791 854
f 854 791 855
f 755 816 757
f 856 793 857
f 856 855 793
f 855 791 793
f 857 793 817
f 816 819 721
f 821 858 859
f 821 794 858
f 820 858 794
f 859 823 821
f 797 823 860
f 861 797 860
f 861 824 797
f 722 825 822
f 826 761 824
f 825 760 762
f 862 827 763
f 763 827 727
f 828 726 798
f 637 830 863
f 696 637 863
f 638 831 832
f 798 764 864
f 800 865 698
f 865 833 698
f 866 764 801
f 867 801 732
f 867 732 868
f 700 834 802
f 732 835 868
f 835 669 804
f 734 869 805
f 869 734 838
f 768 837 770
f 837 870 770
f 871 838 769
f 735 871 769
f 871 735 839
f 770 870 771
f 736 772 839
f 870 840 771
f 737 872 772
f 737 774 872
f 806 773 840
f 873 738 776
f 841 873 776
f 806 874 777
f 777 874 842
f 807 875 841
f 841 779 807
f 807 844 875
f 742 809 876
f 808 742 876
f 809 846 877
f 876 809 877
f 846 845 848
f 811 747 847
f 781 810 878
f 879 810 750
f 850 717 749
f 785 880 786
f 880 751 786
f 852 751 881
f 718 852 787
f 790 815 882
f 814 883 719
f 853 691 719
f 792 884 755
f 815 854 885
f 885 854 886
f 820 819 887
f 888 857 817
f 858 889 890
f 858 820 889
f 888 817 818
f 818 720 891
f 859 890 892
f 860 859 892
f 858 890 859
f 891 720 893
f 859 860 823
f 893 720 822
f 824 861 826
f 894 822 825
f 763 826 862
f 825 762 895
f 762 828 895
f 694 827 896
f 896 897 694
f 694 897 829
f 898 828 798
f 729 829 899
f 729 899 830
f 696 863 831
f 898 798 864
f 799 900 800
f 901 865 800
f 866 864 764
f 867 866 801
f 902 834 766
f 868 835 903
f 835 804 904
f 804 803 905
f 802 836 767
f 803 733 906
f 905 803 906
f 906 733 805
f 907 805 908
f 869 908 805
f 838 871 909
f 840 870 910
f 872 839 772
f 774 911 872
f 774 738 911
f 806 840 912
f 873 911 738
f 912 913 806
f 806 913 874
f 842 874 843
f 877 846 914
f 914 846 848
f 915 914 848
f 848 781 878
f 916 810 879
f 917 783 782
f 879 750 851
f 785 784 918
f 919 880 918
f 918 880 785
f 880 881 751
f 812 790 882
f 813 920 789
f 815 921 882
f 792 754 853
f 922 755 884
f 755 922 816
f 886 854 855
f 923 886 855
f 855 924 923
f 887 819 816
f 856 857 925
f 926 925 857
f 888 926 857
f 889 820 887
f 889 892 890
f 892 927 860
f 927 861 860
f 893 822 928
f 928 822 894
f 826 861 929
f 862 826 929
f 894 825 895
f 930 895 828
f 930 828 898
f 832 831 931
f 832 932 697
f 697 932 730
f 799 730 932
f 932 900 799
f 933 833 865
f 833 933 766
f 903 835 904
f 804 905 904
f 906 805 907
f 869 838 908
f 908 838 909
f 871 934 909
f 839 934 871
f 934 839 935
f 872 935 839
f 936 913 912
f 937 873 841
f 913 938 874
f 841 875 939
f 874 938 843
f 844 843 940
f 875 844 941
f 942 876 877
f 877 914 942
f 847 808 943
f 878 915 848
f 811 944 849
f 847 943 811
f 878 810 916
f 849 945 782
f 946 783 917
f 946 749 783
f 918 784 947
f 851 812 948
f 948 812 882
f 852 949 787
f 787 950 788
f 883 853 719
f 792 853 951
f 792 951 884
f 887 816 952
f 952 816 922
f 924 855 856
f 925 924 856
f 953 889 954
f 887 954 889
f 955 889 956
f 957 892 955
f 889 955 892
f 892 957 927
f 958 861 927
f 894 895 959
f 827 862 896
f 897 960 829
f 829 960 899
f 832 931 961
f 832 961 932
f 898 864 962
f 865 901 963
f 962 864 964
f 865 963 933
f 933 902 766
f 965 864 866
f 866 867 965
f 902 966 834
f 965 867 967
f 867 868 967
f 968 868 903
f 969 904 970
f 971 836 802
f 904 905 970
f 970 905 972
f 905 906 972
f 906 907 973
f 836 974 837
f 975 908 909
f 975 909 934
f 934 935 976
f 840 910 977
f 911 978 872
f 872 978 935
f 840 977 912
f 979 978 911
f 980 979 911
f 980 911 873
f 939 937 841
f 941 844 940
f 876 981 808
f 914 915 942
f 982 943 808
f 943 944 811
f 945 917 782
f 850 749 946
f 879 851 948
f 947 784 850
f 881 880 919
f 950 787 949
f 983 813 788
f 984 814 789
f 985 814 984
f 814 985 883
f 951 853 883
f 921 815 986
f 986 815 987
f 988 922 884
f 989 922 988
f 952 922 989
f 990 886 923
f 952 991 887
f 924 992 923
f 887 991 954
f 956 889 953
f 955 956 957
f 888 818 993
f 993 818 891
f 927 957 958
f 861 958 929
f 929 994 862
f 959 895 930
f 831 863 995
f 931 831 995
f 931 995 996
f 898 997 930
f 900 932 998
f 898 962 997
f 800 900 901
f 964 864 965
f 964 965 999
f 1000 965 967
f 834 966 802
f 868 968 967
f 971 802 966
f 903 1001 968
f 1001 904 969
f 1001 903 904
f 1002 836 971
f 906 973 972
f 974 836 1002
f 973 907 1003
f 907 908 1003
f 1004 908 975
f 837 1005 870
f 1005 1006 870
f 1007 975 934
f 1006 910 870
f 977 910 1006
f 980 873 937
f 1008 938 913
f 843 938 940
f 939 875 941
f 876 942 981
f 981 982 808
f 982 944 943
f 942 915 1009
f 1010 915 1011
f 915 878 1011
f 849 944 1012
f 878 916 1011
f 945 849 1012
f 916 879 1013
f 920 813 983
f 951 883 1014
f 1015 884 951
f 988 884 1015
f 987 815 1016
f 1017 952 989
f 815 885 1016
f 1017 991 952
f 885 990 1018
f 886 990 885
f 1019 954 991
f 953 1020 1021
f 954 1020 953
f 925 1022 924
f 924 1022 992
f 956 1021 1023
f 953 1021 956
f 1022 926 1024
f 925 926 1022
f 957 956 1023
f 926 888 1024
f 957 1023 1025
f 888 993 1026
f 888 1026 1024
f 957 1027 958
f 893 928 891
f 929 958 994
f 928 894 959
f 1028 928 959
f 994 1029 862
f 959 1030 1031
f 959 930 1030
f 830 899 1032
f 863 830 1033
f 830 1032 1033
f 931 996 1034
f 931 1034 961
f 1030 930 1035
f 932 961 1036
f 930 997 1035
f 1036 998 932
f 901 900 1037
f 964 1038 962
f 901 1039 963
f 964 999 1038
f 965 1040 999
f 965 1000 1040
f 967 1041 1000
f 1041 967 968
f 1041 968 1042
f 1001 1042 968
f 1043 972 973
f 973 1003 1044
f 1003 908 1004
f 1045 1003 1004
f 1005 837 974
f 1004 975 1046
f 975 1007 1047
f 1007 934 976
f 935 1048 976
f 935 978 1048
f 912 1049 936
f 939 941 1050
f 981 1051 982
f 1052 981 1009
f 981 942 1009
f 982 1053 944
f 915 1010 1009
f 1054 1012 944
f 1011 916 1013
f 879 948 1013
f 948 1055 1013
f 948 1056 1055
f 881 919 1057
f 948 882 1056
f 1058 852 881
f 983 788 1059
f 788 950 1059
f 882 921 1060
f 1060 921 986
f 1014 883 1061
f 985 1061 883
f 1062 951 1014
f 1015 951 1062
f 989 988 1063
f 989 1064 1017
f 1017 1065 1066
f 1017 1066 1067
f 885 1018 1016
f 991 1067 1019
f 1067 991 1017
f 954 1019 1020
f 923 992 1068
f 1021 1020 1069
f 1070 992 1022
f 1023 1021 1071
f 1071 1021 1069
f 1070 1022 1072
f 1023 1071 1025
f 1022 1024 1072
f 1072 1024 1026
f 1025 1027 957
f 891 1073 993
f 1073 1026 993
f 891 928 1073
f 958 1027 994
f 1028 1031 1074
f 959 1031 1028
f 862 1029 896
f 896 1075 897
f 899 960 1032
f 995 863 1033
f 1076 996 995
f 961 1034 1036
f 1035 997 1077
f 900 998 1037
f 962 1078 997
f 901 1037 1039
f 962 1038 1078
f 1079 1040 1000
f 1079 1000 1041
f 1001 1080 1042
f 1001 969 1080
f 1081 969 970
f 970 1082 1081
f 970 972 1082
f 972 1043 1083
f 1043 973 1044
f 1044 1003 1084
f 1003 1045 1084
f 1045 1046 1085
f 1004 1046 1045
f 1046 975 1047
f 1086 1046 1047
f 1087 1047 1007
f 1007 976 1048
f 1088 1007 1048
f 1089 1048 978
f 1090 980 937
f 1008 913 936
f 938 1008 1091
f 938 1091 940
f 1053 982 1051
f 981 1092 1051
f 981 1052 1092
f 917 1093 946
f 1093 917 945
f 946 947 850
f 918 1094 1095
f 947 1094 918
f 919 918 1095
f 1096 949 1058
f 852 1058 949
f 984 789 920
f 1097 1014 1098
f 1014 1061 1098
f 1014 1099 1100
f 1101 1062 1100
f 1100 1062 1014
f 1063 988 1102
f 1103 1063 1102
f 1102 988 1015
f 989 1104 1064
f 1104 989 1063
f 987 1016 1105
f 1017 1106 1065
f 1106 1017 1064
f 1067 1066 1107
f 1019 1067 1108
f 1067 1107 1108
f 1020 1109 1069
f 1109 1020 1108
f 1019 1108 1020
f 923 1068 990
f 992 1110 1068
f 1069 1109 1111
f 992 1070 1110
f 1112 1071 1111
f 1111 1071 1069
f 1071 1112 1025
f 1025 1113 1027
f 1073 928 1028
f 1027 1114 994
f 1031 1115 1074
f 1115 1031 1030
f 1116 1115 1030
f 897 1075 960
f 1035 1077 1116
f 1116 1030 1035
f 1034 996 1117
f 1034 1117 1118
f 1036 1034 1118
f 1078 1119 1077
f 1077 997 1078
f 963 1039 1120
f 1120 933 963
f 1119 1078 1038
f 999 1040 1121
f 1121 1038 999
f 902 1122 966
f 1122 1123 966
f 1124 1040 1079
f 966 1123 971
f 1041 1125 1126
f 1126 1079 1041
f 1080 1125 1042
f 1125 1041 1042
f 1080 1127 1125
f 1081 1128 1127
f 1080 969 1081
f 1127 1080 1081
f 1081 1082 1129
f 1082 972 1083
f 1043 1044 1130
f 1044 1131 1130
f 1084 1132 1131
f 1131 1044 1084
f 1084 1045 1132
f 1045 1133 1132
f 1045 1085 1133
f 1046 1086 1085
f 1005 1134 1006
f 1086 1047 1087
f 1087 1007 1088
f 1048 1089 1088
f 978 979 1089
f 977 1135 912
f 1135 1049 912
f 980 1136 979
f 937 939 1137
f 1052 1138 1139
f 1092 1052 1139
f 1138 1052 1009
f 1140 1138 1009
f 1141 944 1053
f 1009 1010 1140
f 1054 944 1141
f 1093 1142 947
f 946 1093 947
f 1013 1055 1143
f 1142 1094 947
f 1056 882 1060
f 950 949 1144
f 920 983 1059
f 985 984 1145
f 1098 1061 1146
f 1060 986 1147
f 1099 1014 1097
f 1148 1062 1101
f 1148 1102 1015
f 1062 1148 1015
f 986 987 1105
f 1063 1149 1104
f 1149 1063 1103
f 1064 1150 1106
f 1064 1104 1150
f 1065 1106 1151
f 1066 1151 1107
f 1107 1151 1152
f 1151 1066 1065
f 1107 1152 1108
f 1109 1108 1153
f 1154 1111 1109
f 1154 1155 1111
f 1070 1072 1156
f 1026 1157 1072
f 1025 1112 1113
f 1026 1073 1158
f 1158 1157 1026
f 1113 1159 1027
f 1028 1158 1073
f 1027 1159 1114
f 1160 1158 1028
f 1160 1028 1074
f 1161 1160 1074
f 1162 1029 994
f 1074 1115 1163
f 1164 896 1029
f 1115 1116 1165
f 896 1164 1075
f 960 1075 1166
f 995 1033 1076
f 1077 1167 1116
f 1168 1167 1077
f 1169 1119 1121
f 1038 1121 1119
f 1121 1170 1169
f 1040 1170 1121
f 1171 1170 1124
f 1040 1124 1170
f 1079 1126 1124
f 1123 1172 971
f 1081 1129 1128
f 971 1172 1002
f 1129 1082 1083
f 1173 1129 1083
f 1083 1130 1173
f 1130 1083 1043
f 1002 1174 974
f 1175 1132 1133
f 974 1174 1005
f 1176 1133 1085
f 1085 1086 1176
f 1086 1177 1176
f 1005 1174 1134
f 1086 1087 1177
f 1087 1178 1179
f 1087 1088 1178
f 977 1134 1135
f 977 1006 1134
f 1089 1180 1088
f 1180 1178 1088
f 979 1136 1089
f 1135 1181 1049
f 980 1090 1136
f 939 1050 1182
f 1051 1092 1183
f 1183 1092 1139
f 1138 1140 1139
f 1140 1010 1184
f 1010 1011 1184
f 1184 1011 1185
f 1011 1013 1185
f 945 1012 1186
f 1187 945 1186
f 1187 1093 945
f 1185 1013 1143
f 1055 1056 1143
f 1057 919 1095
f 1057 1095 1188
f 881 1189 1058
f 1096 1144 949
f 1059 950 1144
f 1190 920 1059
f 984 920 1190
f 1191 984 1190
f 1145 1192 1061
f 1146 1193 1194
f 1061 985 1145
f 1195 1098 1194
f 1194 1098 1146
f 1060 1147 1196
f 1099 1097 1197
f 1097 1195 1197
f 1098 1195 1097
f 1099 1197 1198
f 1100 1099 1198
f 1100 1198 1101
f 1101 1198 1199
f 1148 1199 1200
f 1199 1148 1101
f 986 1105 1147
f 1102 1200 1201
f 1200 1102 1148
f 1202 1149 1103
f 1102 1203 1103
f 1103 1203 1202
f 1203 1102 1201
f 1104 1149 1204
f 1149 1202 1204
f 1104 1204 1150
f 1205 1151 1206
f 1206 1151 1106
f 1150 1206 1106
f 1105 1016 1207
f 1205 1152 1151
f 1152 1153 1108
f 990 1208 1018
f 1208 990 1209
f 1153 1154 1109
f 1068 1209 990
f 1110 1070 1156
f 1111 1155 1112
f 1072 1210 1156
f 1112 1155 1211
f 1072 1157 1210
f 1113 1112 1211
f 1212 1113 1211
f 1159 1113 1212
f 1158 1160 1213
f 1114 1159 1212
f 1074 1163 1161
f 1114 1162 994
f 1115 1165 1163
f 1214 1165 1116
f 1116 1167 1214
f 996 1215 1117
f 998 1036 1216
f 1217 1168 1077
f 1218 1217 1077
f 1039 1037 1219
f 1219 1120 1039
f 1218 1077 1119
f 1220 933 1120
f 1218 1119 1169
f 933 1220 902
f 1221 1169 1170
f 1221 1170 1171
f 1222 1123 1122
f 1126 1171 1124
f 1126 1223 1171
f 1223 1126 1125
f 1127 1224 1125
f 1225 1224 1128
f 1224 1127 1128
f 1129 1225 1128
f 1226 1225 1129
f 1226 1129 1173
f 1172 1174 1002
f 1130 1226 1173
f 1227 1130 1131
f 1227 1131 1132
f 1227 1132 1175
f 1133 1176 1175
f 1176 1228 1229
f 1176 1177 1228
f 1177 1230 1228
f 1230 1087 1179
f 1177 1087 1230
f 1089 1231 1180
f 1049 1232 936
f 937 1137 1090
f 936 1232 1008
f 1232 1233 1008
f 939 1182 1137
f 1008 1233 1091
f 940 1091 1234
f 941 940 1235
f 940 1234 1235
f 1050 941 1235
f 1235 1182 1050
f 1183 1236 1051
f 1141 1053 1237
f 1184 1139 1140
f 1054 1238 1186
f 1012 1054 1186
f 1239 1142 1093
f 1057 1189 881
f 1059 1144 1240
f 1190 1059 1241
f 1191 1190 1242
f 1192 1145 1243
f 984 1243 1145
f 1243 984 1191
f 1192 1244 1245
f 1146 1245 1193
f 1245 1146 1192
f 1061 1192 1146
f 1246 1195 1194
f 1195 1246 1197
f 1197 1246 1247
f 1197 1247 1198
f 1198 1248 1199
f 1150 1204 1206
f 1016 1018 1207
f 1152 1249 1153
f 1152 1205 1249
f 1018 1208 1207
f 1154 1153 1249
f 1250 1154 1249
f 1251 1110 1156
f 1154 1250 1155
f 1210 1157 1252
f 1212 1211 1253
f 1155 1253 1211
f 1252 1157 1158
f 1161 1213 1160
f 1114 1254 1162
f 1114 1255 1254
f 1256 1161 1163
f 1163 1165 1256
f 1164 1029 1162
f 1165 1214 1256
f 1164 1257 1075
f 960 1166 1032
f 1076 1033 1258
f 1258 1215 1076
f 1259 1214 1167
f 1076 1215 996
f 1036 1118 1216
f 1259 1167 1168
f 1259 1168 1217
f 998 1216 1260
f 998 1260 1037
f 1037 1261 1219
f 1218 1262 1217
f 1262 1218 1169
f 1220 1122 902
f 1169 1221 1262
f 1263 1221 1171
f 1223 1125 1224
f 1172 1123 1264
f 1225 1265 1224
f 1226 1265 1225
f 1226 1130 1227
f 1227 1175 1266
f 1266 1176 1229
f 1266 1175 1176
f 1267 1268 1179
f 1179 1178 1267
f 1178 1180 1267
f 1267 1180 1269
f 1270 1181 1135
f 1180 1231 1269
f 1089 1136 1231
f 1137 1271 1090
f 1272 1051 1236
f 1236 1183 1273
f 1273 1183 1139
f 1274 1273 1139
f 1139 1184 1274
f 1238 1054 1141
f 1239 1093 1187
f 1142 1275 1094
f 1275 1142 1239
f 1189 1057 1188
f 1276 1058 1189
f 1058 1276 1096
f 1096 1240 1144
f 1241 1059 1240
f 1056 1060 1196
f 1190 1277 1242
f 1277 1190 1241
f 1191 1278 1243
f 1278 1191 1242
f 1243 1279 1192
f 1192 1279 1244
f 1245 1280 1193
f 1194 1280 1246
f 1280 1194 1193
f 1281 1247 1282
f 1282 1247 1246
f 1248 1198 1281
f 1281 1198 1247
f 1199 1248 1283
f 1200 1199 1284
f 1284 1199 1283
f 1201 1200 1284
f 1203 1285 1202
f 1201 1285 1203
f 1201 1284 1285
f 1202 1285 1204
f 1206 1204 1286
f 1204 1285 1286
f 1105 1207 1287
f 1205 1206 1286
f 1249 1205 1286
f 1209 1288 1208
f 1068 1288 1209
f 1110 1288 1068
f 1250 1249 1286
f 1110 1251 1288
f 1289 1156 1210
f 1252 1289 1210
f 1158 1213 1290
f 1290 1252 1158
f 1212 1255 1114
f 1255 1212 1253
f 1161 1291 1213
f 1291 1161 1256
f 1256 1214 1292
f 1075 1257 1166
f 1259 1293 1292
f 1032 1166 1033
f 1292 1214 1259
f 1117 1215 1294
f 1117 1294 1295
f 1117 1295 1118
f 1217 1296 1293
f 1217 1293 1259
f 1217 1262 1296
f 1297 1122 1220
f 1262 1221 1263
f 1263 1223 1298
f 1171 1223 1263
f 1123 1222 1264
f 1298 1224 1299
f 1298 1223 1224
f 1265 1300 1299
f 1224 1265 1299
f 1265 1226 1300
f 1300 1226 1227
f 1174 1172 1264
f 1301 1300 1227
f 1302 1174 1264
f 1227 1266 1301
f 1229 1228 1303
f 1303 1228 1304
f 1230 1305 1304
f 1228 1230 1304
f 1230 1268 1305
f 1174 1302 1134
f 1230 1179 1268
f 1267 1306 1268
f 1134 1270 1135
f 1136 1307 1231
f 1136 1090 1307
f 1181 1308 1049
f 1049 1308 1232
f 1309 1235 1234
f 1237 1051 1272
f 1273 1310 1236
f 1236 1310 1272
f 1051 1237 1053
f 1311 1141 1237
f 1312 1141 1311
f 1313 1184 1185
f 1238 1141 1312
f 1238 1314 1315
f 1186 1238 1315
f 1316 1187 1186
f 1317 1187 1316
f 1318 1187 1317
f 1187 1318 1239
f 1185 1143 1319
f 1320 1275 1239
f 1321 1094 1275
f 1188 1094 1321
f 1188 1095 1094
f 1322 1188 1323
f 1322 1189 1188
f 1189 1324 1276
f 1096 1276 1325
f 1143 1056 1326
f 1240 1327 1328
f 1327 1240 1325
f 1096 1325 1240
f 1240 1328 1241
f 1241 1328 1329
f 1241 1329 1277
f 1277 1329 1330
f 1242 1277 1278
f 1278 1277 1331
f 1243 1278 1332
f 1278 1331 1332
f 1243 1332 1279
f 1279 1332 1333
f 1279 1334 1244
f 1333 1334 1279
f 1335 1280 1245
f 1244 1335 1245
f 1334 1335 1244
f 1282 1246 1280
f 1336 1281 1282
f 1248 1281 1283
f 1285 1284 1283
f 1337 1147 1105
f 1286 1285 1338
f 1208 1339 1207
f 1288 1340 1208
f 1250 1286 1341
f 1251 1156 1289
f 1342 1250 1341
f 1155 1250 1342
f 1252 1290 1289
f 1342 1343 1155
f 1343 1253 1155
f 1291 1344 1213
f 1344 1290 1213
f 1253 1345 1255
f 1343 1345 1253
f 1345 1343 1346
f 1291 1347 1348
f 1255 1345 1254
f 1291 1256 1347
f 1254 1345 1349
f 1162 1254 1349
f 1347 1256 1292
f 1164 1162 1349
f 1349 1350 1164
f 1164 1350 1257
f 1166 1257 1351
f 1215 1258 1352
f 1215 1352 1294
f 1037 1260 1261
f 1296 1262 1353
f 1220 1120 1219
f 1353 1262 1263
f 1354 1353 1263
f 1122 1297 1222
f 1354 1263 1298
f 1301 1266 1355
f 1229 1356 1266
f 1355 1266 1356
f 1356 1229 1303
f 1268 1357 1305
f 1302 1270 1134
f 1268 1306 1357
f 1090 1271 1358
f 1358 1307 1090
f 1359 1271 1137
f 1091 1233 1234
f 1235 1309 1182
f 1360 1237 1361
f 1272 1361 1237
f 1310 1273 1362
f 1362 1273 1274
f 1237 1360 1311
f 1184 1313 1274
f 1313 1185 1363
f 1314 1238 1312
f 1364 1315 1314
f 1363 1185 1319
f 1365 1316 1366
f 1186 1366 1316
f 1366 1186 1315
f 1320 1239 1318
f 1143 1326 1319
f 1367 1188 1321
f 1323 1188 1367
f 1323 1368 1322
f 1189 1322 1324
f 1324 1322 1369
f 1324 1370 1276
f 1276 1370 1371
f 1369 1370 1324
f 1325 1372 1327
f 1325 1371 1372
f 1371 1325 1276
f 1327 1373 1328
f 1056 1196 1326
f 1329 1328 1374
f 1329 1374 1330
f 1277 1375 1331
f 1375 1277 1330
f 1376 1377 1196
f 1331 1378 1332
f 1378 1333 1332
f 1376 1196 1147
f 1280 1336 1282
f 1280 1335 1336
f 1337 1376 1147
f 1281 1379 1283
f 1336 1379 1281
f 1283 1379 1285
f 1285 1379 1338
f 1286 1338 1380
f 1287 1337 1105
f 1339 1287 1207
f 1286 1380 1381
f 1208 1340 1339
f 1341 1286 1381
f 1382 1383 1340
f 1288 1382 1340
f 1288 1384 1382
f 1251 1384 1288
f 1251 1385 1384
f 1251 1289 1385
f 1386 1385 1289
f 1289 1290 1386
f 1387 1342 1388
f 1387 1343 1342
f 1348 1344 1291
f 1290 1344 1386
f 1346 1343 1387
f 1347 1389 1390
f 1347 1292 1389
f 1257 1350 1351
f 1389 1293 1391
f 1292 1293 1389
f 1392 1033 1166
f 1258 1033 1392
f 1258 1393 1352
f 1293 1296 1391
f 1118 1295 1216
f 1391 1296 1353
f 1219 1261 1394
f 1297 1395 1222
f 1395 1264 1222
f 1298 1299 1396
f 1299 1300 1397
f 1355 1397 1300
f 1300 1301 1355
f 1267 1398 1306
f 1267 1269 1398
f 1231 1398 1269
f 1231 1399 1398
f 1307 1399 1231
f 1181 1270 1308
f 1307 1358 1399
f 1359 1358 1271
f 1308 1233 1232
f 1137 1182 1359
f 1400 1234 1233
f 1309 1234 1400
f 1310 1362 1272
f 1401 1362 1274
f 1402 1311 1360
f 1274 1313 1401
f 1311 1403 1404
f 1311 1402 1403
f 1312 1404 1405
f 1404 1312 1311
f 1314 1405 1406
f 1312 1405 1314
f 1314 1406 1364
f 1315 1407 1408
f 1315 1364 1407
f 1315 1408 1366
f 1365 1317 1316
f 1409 1317 1410
f 1365 1410 1317
f 1411 1318 1409
f 1409 1318 1317
f 1318 1411 1320
f 1320 1412 1413
f 1275 1413 1414
f 1320 1413 1275
f 1415 1275 1414
f 1415 1321 1275
f 1321 1415 1367
f 1323 1367 1416
f 1369 1417 1418
f 1322 1417 1369
f 1417 1322 1368
f 1327 1419 1373
f 1419 1327 1372
f 1326 1196 1377
f 1328 1420 1374
f 1373 1420 1328
f 1331 1375 1421
f 1421 1375 1330
f 1421 1378 1331
f 1333 1422 1334
f 1333 1378 1422
f 1334 1422 1335
f 1335 1423 1336
f 1422 1423 1335
f 1379 1336 1423
f 1423 1424 1379
f 1337 1287 1425
f 1425 1287 1339
f 1340 1426 1339
f 1383 1426 1340
f 1382 1427 1383
f 1384 1427 1382
f 1428 1427 1384
f 1384 1385 1428
f 1429 1428 1386
f 1428 1385 1386
f 1388 1342 1341
f 1348 1430 1431
f 1348 1431 1344
f 1431 1429 1344
f 1386 1344 1429
f 1347 1430 1348
f 1390 1430 1347
f 1432 1346 1387
f 1432 1345 1346
f 1349 1345 1432
f 1350 1349 1432
f 1390 1389 1391
f 1433 1166 1351
f 1433 1392 1166
f 1392 1393 1258
f 1216 1295 1434
f 1260 1216 1394
f 1353 1435 1391
f 1261 1260 1394
f 1394 1436 1219
f 1437 1220 1219
f 1353 1354 1435
f 1297 1220 1437
f 1395 1297 1437
f 1354 1298 1438
f 1395 1439 1264
f 1396 1299 1397
f 1355 1440 1397
f 1264 1439 1302
f 1439 1441 1302
f 1303 1304 1442
f 1302 1441 1270
f 1357 1443 1305
f 1357 1444 1443
f 1306 1444 1357
f 1306 1398 1444
f 1398 1445 1444
f 1445 1398 1399
f 1441 1446 1270
f 1270 1446 1308
f 1447 1358 1359
f 1308 1448 1233
f 1449 1359 1182
f 1448 1400 1233
f 1182 1309 1449
f 1361 1450 1451
f 1272 1450 1361
f 1272 1452 1450
f 1362 1452 1272
f 1361 1453 1360
f 1361 1451 1453
f 1401 1454 1452
f 1362 1401 1452
f 1360 1455 1402
f 1402 1456 1403
f 1405 1404 1457
f 1313 1363 1401
f 1401 1363 1458
f 1406 1405 1459
f 1406 1459 1460
f 1364 1406 1461
f 1406 1460 1461
f 1364 1461 1407
f 1363 1319 1458
f 1366 1408 1462
f 1365 1366 1463
f 1366 1462 1463
f 1365 1464 1410
f 1365 1463 1464
f 1458 1319 1465
f 1411 1409 1466
f 1411 1467 1412
f 1320 1411 1412
f 1411 1466 1467
f 1413 1412 1468
f 1413 1469 1414
f 1413 1468 1469
f 1319 1326 1465
f 1415 1414 1470
f 1415 1470 1367
f 1367 1471 1416
f 1417 1368 1472
f 1323 1473 1368
f 1368 1473 1472
f 1473 1323 1416
f 1418 1370 1369
f 1371 1370 1474
f 1370 1475 1474
f 1418 1475 1370
f 1326 1377 1465
f 1476 1372 1371
f 1474 1476 1371
f 1420 1373 1419
f 1476 1419 1372
f 1374 1420 1477
f 1374 1421 1330
f 1374 1477 1421
f 1377 1376 1478
f 1378 1421 1479
f 1378 1479 1422
f 1376 1337 1478
f 1478 1337 1480
f 1338 1379 1481
f 1424 1481 1379
f 1380 1338 1481
f 1337 1425 1480
f 1480 1425 1482
f 1381 1380 1481
f 1425 1426 1482
f 1426 1425 1339
f 1483 1484 1426
f 1383 1483 1426
f 1483 1383 1427
f 1485 1484 1483
f 1427 1485 1483
f 1428 1429 1427
f 1341 1381 1388
f 1485 1431 1486
f 1427 1429 1485
f 1431 1430 1486
f 1429 1431 1485
f 1387 1388 1487
f 1487 1432 1387
f 1487 1488 1432
f 1489 1432 1488
f 1350 1432 1489
f 1489 1351 1350
f 1351 1489 1433
f 1433 1490 1392
f 1392 1490 1491
f 1393 1392 1491
f 1390 1391 1492
f 1294 1352 1493
f 1294 1493 1494
f 1295 1294 1494
f 1295 1494 1495
f 1492 1391 1435
f 1295 1495 1434
f 1216 1434 1496
f 1394 1216 1496
f 1496 1497 1394
f 1436 1437 1219
f 1437 1498 1395
f 1354 1438 1435
f 1498 1499 1395
f 1438 1396 1500
f 1298 1396 1438
f 1395 1499 1439
f 1396 1397 1440
f 1500 1396 1440
f 1501 1440 1355
f 1501 1356 1502
f 1501 1355 1356
f 1499 1441 1439
f 1356 1503 1502
f 1356 1303 1503
f 1503 1303 1442
f 1442 1304 1504
f 1504 1305 1443
f 1304 1305 1504
f 1445 1399 1505
f 1358 1447 1505
f 1505 1399 1358
f 1446 1448 1308
f 1359 1449 1447
f 1400 1449 1309
f 1506 1453 1451
f 1452 1454 1450
f 1455 1456 1402
f 1507 1456 1455
f 1453 1455 1360
f 1453 1507 1455
f 1506 1507 1453
f 1456 1508 1403
f 1458 1454 1401
f 1509 1454 1458
f 1404 1508 1457
f 1508 1404 1403
f 1405 1457 1459
f 1510 1460 1459
f 1460 1511 1461
f 1510 1511 1460
f 1408 1407 1512
f 1461 1512 1407
f 1511 1512 1461
f 1408 1513 1462
f 1513 1408 1512
f 1462 1514 1463
f 1513 1514 1462
f 1410 1464 1409
f 1409 1464 1515
f 1515 1466 1409
f 1516 1468 1467
f 1467 1468 1412
f 1517 1509 1458
f 1516 1469 1468
f 1518 1470 1414
f 1469 1518 1414
f 1519 1470 1520
f 1518 1520 1470
f 1465 1517 1458
f 1470 1471 1367
f 1471 1470 1519
f 1471 1521 1416
f 1521 1473 1416
f 1418 1417 1475
f 1472 1475 1417
f 1478 1517 1465
f 1522 1476 1474
f 1475 1522 1474
f 1377 1478 1465
f 1420 1419 1523
f 1419 1476 1523
f 1522 1523 1476
f 1420 1523 1477
f 1477 1523 1524
f 1421 1477 1524
f 1479 1421 1525
f 1525 1421 1524
f 1423 1422 1526
f 1479 1526 1422
f 1526 1479 1525
f 1480 1527 1478
f 1528 1527 1480
f 1423 1526 1424
f 1481 1424 1526
f 1482 1528 1480
f 1381 1481 1529
f 1481 1530 1529
f 1482 1426 1484
f 1482 1484 1528
f 1484 1486 1528
f 1531 1381 1529
f 1484 1485 1486
f 1532 1430 1533
f 1486 1430 1532
f 1388 1381 1531
f 1533 1390 1534
f 1430 1390 1533
f 1531 1487 1388
f 1535 1487 1531
f 1534 1390 1536
f 1487 1535 1488
f 1537 1488 1535
f 1537 1538 1488
f 1538 1489 1488
f 1536 1492 1539
f 1390 1492 1536
f 1433 1489 1538
f 1538 1490 1433
f 1491 1540 1393
f 1393 1540 1541
f 1542 1539 1492
f 1541 1352 1393
f 1493 1352 1541
f 1493 1543 1494
f 1541 1543 1493
f 1495 1494 1544
f 1492 1435 1542
f 1544 1434 1495
f 1496 1434 1544
f 1436 1394 1497
f 1438 1542 1435
f 1436 1545 1437
f 1545 1498 1437
f 1499 1498 1546
f 1440 1501 1547
f 1548 1499 1546
f 1549 1499 1548
f 1499 1549 1441
f 1442 1502 1503
f 1550 1442 1504
f 1443 1550 1504
f 1443 1551 1550
f 1552 1551 1443
f 1443 1444 1552
f 1552 1444 1553
f 1444 1445 1553
f 1445 1505 1553
f 1505 1554 1553
f 1441 1549 1446
f 1505 1447 1554
f 1554 1447 1555
f 1446 1549 1448
f 1448 1549 1548
f 1555 1447 1556
f 1557 1448 1548
f 1556 1447 1449
f 1557 1556 1449
f 1448 1557 1400
f 1449 1400 1557
f 1451 1450 1558
f 1506 1451 1558
f 1558 1450 1454
f 1558 1454 1559
f 1508 1456 1560
f 1456 1507 1560
f 1506 1560 1507
f 1457 1508 1561
f 1561 1508 1560
f 1509 1559 1454
f 1562 1559 1509
f 1459 1457 1563
f 1510 1459 1563
f 1561 1563 1457
f 1512 1564 1565
f 1511 1564 1512
f 1510 1564 1511
f 1513 1512 1565
f 1464 1463 1566
f 1514 1566 1463
f 1513 1566 1514
f 1515 1464 1567
f 1567 1464 1566
f 1567 1568 1515
f 1467 1466 1569
f 1515 1569 1466
f 1515 1568 1569
f 1570 1562 1509
f 1509 1517 1570
f 1469 1516 1518
f 1569 1516 1467
f 1518 1516 1571
f 1520 1518 1571
f 1571 1519 1520
f 1471 1572 1521
f 1519 1572 1471
f 1472 1473 1573
f 1473 1521 1573
f 1572 1573 1521
f 1475 1472 1574
f 1574 1472 1573
f 1575 1475 1574
f 1475 1575 1522
f 1527 1570 1517
f 1576 1570 1527
f 1517 1478 1527
f 1523 1522 1577
f 1575 1577 1522
f 1523 1577 1524
f 1577 1578 1524
f 1524 1578 1525
f 1578 1579 1525
f 1580 1579 1578
f 1579 1581 1525
f 1525 1581 1526
f 1582 1576 1527
f 1528 1582 1527
f 1581 1583 1526
f 1526 1583 1481
f 1583 1530 1481
f 1582 1486 1584
f 1582 1528 1486
f 1486 1532 1584
f 1530 1585 1529
f 1534 1584 1533
f 1586 1584 1534
f 1532 1533 1584
f 1531 1529 1585
f 1587 1531 1585
f 1586 1536 1588
f 1534 1536 1586
f 1587 1535 1531
f 1589 1537 1535
f 1587 1589 1535
f 1589 1538 1537
f 1590 1538 1589
f 1588 1539 1591
f 1536 1539 1588
f 1490 1590 1592
f 1590 1490 1538
f 1592 1593 1540
f 1539 1594 1591
f 1592 1491 1490
f 1540 1491 1592
f 1595 1540 1593
f 1595 1541 1540
f 1541 1595 1543
f 1539 1542 1594
f 1543 1596 1544
f 1544 1494 1543
f 1542 1597 1594
f 1496 1544 1596
f 1598 1496 1596
f 1497 1496 1598
f 1599 1497 1598
f 1436 1497 1599
f 1597 1542 1438
f 1545 1436 1599
f 1545 1599 1600
f 1601 1545 1600
f 1498 1545 1601
f 1438 1602 1597
f 1498 1601 1546
f 1438 1500 1602
f 1602 1500 1603
f 1603 1440 1604
f 1603 1500 1440
f 1604 1547 1605
f 1440 1547 1604
f 1605 1501 1606
f 1547 1501 1605
f 1501 1502 1606
f 1606 1502 1607
f 1502 1442 1607
f 1546 1608 1548
f 1608 1546 1601
f 1607 1442 1609
f 1442 1550 1609
f 1609 1550 1610
f 1550 1551 1610
f 1551 1552 1610
f 1610 1552 1611
f 1552 1553 1611
f 1611 1553 1612
f 1553 1554 1612
f 1612 1554 1613
f 1554 1555 1613
f 1608 1614 1548
f 1613 1555 1615
f 1614 1557 1548
f 1615 1557 1614
f 1555 1556 1615
f 1556 1557 1615
f 1506 1558 1616
f 1616 1558 1559
f 1560 1506 1616
f 1559 1617 1616
f 1616 1618 1560
f 1617 1619 1616
f 1620 1561 1618
f 1561 1560 1618
f 1619 1618 1616
f 1559 1562 1617
f 1563 1561 1620
f 1618 1621 1620
f 1563 1620 1510
f 1618 1622 1621
f 1619 1622 1618
f 1564 1510 1623
f 1510 1620 1623
f 1621 1623 1620
f 1565 1564 1623
f 1622 1623 1621
f 1513 1565 1624
f 1623 1624 1565
f 1625 1624 1623
f 1622 1625 1623
f 1566 1513 1624
f 1566 1624 1626
f 1566 1627 1567
f 1627 1566 1626
f 1624 1628 1626
f 1625 1628 1624
f 1568 1567 1629
f 1629 1567 1627
f 1562 1630 1617
f 1568 1631 1569
f 1631 1568 1629
f 1632 1629 1627
f 1626 1632 1627
f 1628 1632 1626
f 1617 1633 1619
f 1562 1570 1630
f 1516 1569 1634
f 1635 1516 1634
f 1569 1631 1634
f 1629 1632 1631
f 1571 1516 1635
f 1634 1636 1635
f 1631 1637 1634
f 1632 1637 1631
f 1638 1571 1636
f 1635 1636 1571
f 1637 1636 1634
f 1519 1571 1638
f 1572 1519 1638
f 1636 1639 1638
f 1617 1630 1633
f 1638 1640 1572
f 1639 1640 1638
f 1637 1639 1636
f 1573 1572 1641
f 1641 1572 1640
f 1574 1573 1642
f 1642 1573 1641
f 1643 1641 1640
f 1639 1643 1640
f 1575 1574 1642
f 1630 1644 1633
f 1642 1645 1575
f 1641 1646 1642
f 1646 1645 1642
f 1643 1646 1641
f 1570 1576 1630
f 1576 1644 1630
f 1577 1575 1647
f 1647 1575 1645
f 1577 1647 1648
f 1649 1647 1645
f 1646 1649 1645
f 1650 1577 1648
f 1647 1649 1648
f 1577 1650 1578
f 1649 1650 1648
f 1578 1650 1580
f 1580 1650 1651
f 1652 1651 1650
f 1649 1652 1650
f 1580 1654 1579
f 1651 1654 1580
f 1579 1655 1581
f 1655 1579 1654
f 1576 1582 1656
f 1644 1576 1656
f 1644 1656 1653
f 1655 1657 1581
f 1581 1658 1583
f 1658 1581 1657
f 1658 1659 1583
f 1583 1659 1530
f 1657 1659 1658
f 1657 1660 1659
f 1659 1661 1530
f 1660 1661 1659
f 1656 1662 1653
f 1662 1663 1653
f 1582 1584 1656
f 1664 1530 1661
f 1656 1584 1662
f 1661 1665 1664
f 1662 1667 1663
f 1586 1667 1662
f 1584 1586 1662
f 1668 1585 1664
f 1585 1530 1664
f 1665 1668 1664
f 1667 1670 1666
f 1667 1588 1670
f 1586 1588 1667
f 1668 1672 1585
f 1587 1585 1672
f 1669 1672 1668
f 1672 1589 1587
f 1588 1591 1670
f 1674 1589 1672
f 1669 1674 1672
f 1670 1591 1673
f 1674 1590 1589
f 1669 1675 1674
f 1676 1675 1671
f 1591 1677 1673
f 1593 1674 1675
f 1674 1592 1590
f 1593 1592 1674
f 1678 1676 1671
f 1675 1595 1593
f 1596 1595 1675
f 1676 1596 1675
f 1678 1596 1676
f 1591 1594 1677
f 1596 1543 1595
f 1594 1679 1677
f 1598 1596 1678
f 1600 1598 1678
f 1594 1597 1679
f 1681 1600 1678
f 1679 1597 1682
f 1600 1599 1598
f 1597 1685 1682
f 1681 1686 1600
f 1685 1687 1680
f 1597 1602 1685
f 1600 1686 1601
f 1683 1686 1681
f 1602 1687 1685
f 1687 1688 1684
f 1602 1688 1687
f 1688 1689 1684
f 1602 1603 1688
f 1688 1603 1689
f 1689 1691 1684
f 1603 1604 1689
f 1604 1691 1689
f 1604 1693 1691
f 1604 1605 1693
f 1693 1605 1695
f 1686 1696 1601
f 1695 1697 1692
f 1605 1606 1697
f 1605 1697 1695
f 1697 1698 1692
f 1606 1607 1697
f 1697 1607 1698
f 1698 1607 1699
f 1699 1701 1700
f 1607 1701 1699
f 1607 1609 1701
f 1694 1696 1686
f 1701 1703 1702
f 1601 1696 1608
f 1701 1610 1703
f 1609 1610 1701
f 1703 1705 1704
f 1611 1705 1703
f 1610 1611 1703
f 1705 1706 1690
f 1611 1706 1705
f 1694 1707 1696
f 1706 1707 1694
f 1611 1612 1706
f 1612 1613 1706
f 1707 1708 1696
f 1706 1613 1707
f 1696 1708 1608
f 1707 1615 1708
f 1613 1615 1707
f 1608 1708 1614
f 1615 1614 1708
f 1712 1709 1711
f 1710 1709 1712
f 1715 1711 1713
f 1712 1711 1715
f 1710 1712 1716
f 1717 1713 1714
f 1715 1713 1717
f 1714 1718 1717
f 1717 1718 1720
f 1715 1717 1720
f 1720 1719 1721
f 1712 1715 1722
f 1716 1712 1722
f 1724 1721 1723
f 1720 1721 1724
f 1724 1723 1725
f 1715 1720 1726
f 1720 1724 1726
f 1725 1727 1728
f 1722 1715 1729
f 1725 1728 1724
f 1724 1728 1731
f 1728 1730 1732
f 1726 1724 1731
f 1728 1732 1731
f 1733 1729 1734
f 1722 1729 1733
f 1715 1726 1736
f 1729 1715 1734
f 1732 1735 1731
f 1735 1737 1738
f 1731 1735 1739
f 1735 1738 1740
f 1739 1735 1740
f 1738 1741 1742
f 1740 1738 1742
f 1731 1739 1726
f 1740 1742 1739
f 1734 1715 1736
f 1733 1734 1744
f 1742 1741 1743
f 1745 1742 1743
f 1739 1742 1745
f 1746 1734 1736
f 1744 1734 1746
f 1746 1736 1748
f 1726 1739 1745
f 1743 1747 1745
f 1736 1750 1751
f 1748 1736 1751
f 1745 1747 1752
f 1747 1749 1752
f 1750 1736 1753
f 1751 1750 1754
f 1755 1726 1745
f 1757 1752 1756
f 1745 1752 1757
f 1755 1745 1757
f 1750 1753 1758
f 1754 1750 1758
f 1736 1726 1753
f 1757 1756 1759
f 1753 1726 1760
f 1754 1758 1761
f 1757 1759 1762
f 1763 1757 1762
f 1755 1757 1763
f 1763 1762 1764
f 1760 1726 1765
f 1758 1753 1766
f 1766 1753 1760
f 1761 1758 1766
f 1755 1763 1767
f 1760 1765 1769
f 1766 1760 1769
f 1770 1763 1768
f 1767 1763 1770
f 1765 1726 1771
f 1766 1769 1772
f 1769 1765 1773
f 1765 1771 1773
f 1769 1773 1772
f 1773 1771 1774
f 1726 1755 1775
f 1771 1726 1776
f 1774 1771 1777
f 1775 1755 1778
f 1779 1771 1776
f 1777 1771 1779
f 1755 1767 1778
f 1767 1770 1780
f 1778 1767 1780
f 1779 1776 1781
f 1780 1770 1782
f 1783 1776 1775
f 1784 1776 1783
f 1781 1776 1784
f 1776 1726 1775
f 1784 1783 1785
f 1783 1775 1786
f 1785 1783 1786
f 1786 1775 1787
f 1775 1778 1788
f 1775 1788 1787
f 1788 1778 1789
f 1788 1789 1790
f 1789 1778 1790
f 1790 1778 1780
f 1790 1780 1791
f 1780 1782 1792
f 1791 1780 1792

