# https://github.com/mikedh/trimesh
v 2893.94000000 4960.41000000 3584.56000000
v 2887.95000000 5039.88000000 3572.10000000
v 2903.91000000 5075.54000000 3570.97000000
v 2925.20000000 5025.84000000 3584.89000000
v 2881.90000000 5117.71000000 3580.18000000
v 2919.88000000 5152.09000000 3580.95000000
v 2943.27000000 5074.56000000 3597.33000000
v 2948.80000000 5176.77000000 3595.18000000
v 2894.36000000 5190.83000000 3586.18000000
v 2920.46000000 5230.57000000 3590.45000000
v 2912.67000000 4867.96000000 3628.60000000
v 2903.81000000 4908.70000000 3604.39000000
v 2914.07000000 4939.70000000 3602.05000000
v 2883.65000000 4889.60000000 3615.71000000
v 2854.87000000 4921.25000000 3611.01000000
v 2847.40000000 5007.04000000 3608.60000000
v 2933.74000000 4936.34000000 3625.33000000
v 2813.25000000 5067.42000000 3636.67000000
v 2959.31000000 5117.17000000 3615.81000000
v 2831.78000000 5144.04000000 3633.93000000
v 2972.54000000 5216.59000000 3625.32000000
v 2884.49000000 5222.98000000 3613.52000000
v 2951.03000000 5245.55000000 3607.93000000
v 2981.72000000 5294.05000000 3631.29000000
v 2933.78000000 5274.48000000 3615.67000000
v 2831.42000000 4847.77000000 3649.17000000
v 2791.22000000 4904.49000000 3659.41000000
v 2958.72000000 4996.03000000 3662.58000000
v 2823.04000000 5183.84000000 3672.82000000
v 2902.06000000 5280.33000000 3661.19000000
v 2944.20000000 5312.84000000 3643.33000000
v 2972.40000000 5322.29000000 3643.01000000
v 2912.20000000 4794.82000000 3684.66000000
v 2927.42000000 4833.40000000 3676.31000000
v 2877.68000000 4814.84000000 3664.15000000
v 2841.44000000 4798.47000000 3673.79000000
v 2749.86000000 4969.95000000 3688.92000000
v 2976.09000000 5070.94000000 3700.67000000
v 3003.38000000 5174.16000000 3720.15000000
v 3003.24000000 5292.08000000 3661.92000000
v 2847.90000000 5219.79000000 3680.05000000
v 2961.43000000 5346.95000000 3669.19000000
v 2999.38000000 5335.18000000 3657.42000000
v 2817.26000000 4790.72000000 3683.71000000
v 2763.61000000 4810.71000000 3697.23000000
v 2948.24000000 4810.21000000 3750.34000000
v 2744.92000000 5056.45000000 3711.45000000
v 2778.95000000 5133.61000000 3714.88000000
v 3026.49000000 5290.20000000 3711.20000000
v 3024.58000000 5363.68000000 3694.79000000
v 3002.45000000 5365.53000000 3674.06000000
v 2994.56000000 5374.88000000 3679.05000000
v 2895.79000000 4751.11000000 3720.27000000
v 2843.04000000 4733.01000000 3727.50000000
v 2773.69000000 4738.93000000 3729.51000000
v 2688.96000000 4830.69000000 3732.03000000
v 2637.42000000 4881.76000000 3770.16000000
v 2976.61000000 4920.87000000 3784.15000000
v 2935.95000000 5363.80000000 3731.92000000
v 2988.85000000 5394.27000000 3704.47000000
v 3018.80000000 5410.98000000 3716.62000000
v 2920.56000000 4721.94000000 3774.84000000
v 2725.03000000 4743.79000000 3736.81000000
v 2697.56000000 4766.67000000 3739.50000000
v 2965.75000000 4828.81000000 3810.95000000
v 2678.33000000 4974.25000000 3755.35000000
v 2836.76000000 5234.24000000 3732.55000000
v 3047.63000000 5341.94000000 3755.52000000
v 3054.20000000 5436.32000000 3768.90000000
v 2883.59000000 4692.96000000 3774.57000000
v 2714.47000000 4697.82000000 3763.18000000
v 2661.99000000 4709.15000000 3772.15000000
v 2748.64000000 4637.88000000 3806.75000000
v 2944.02000000 4667.38000000 3869.55000000
v 2754.92000000 5141.56000000 3773.02000000
v 3033.40000000 5164.01000000 3824.55000000
v 2888.65000000 5344.20000000 3787.33000000
v 3007.04000000 5437.93000000 3745.73000000
v 2960.17000000 5429.10000000 3786.77000000
v 3041.93000000 5474.90000000 3775.76000000
v 2853.59000000 4638.10000000 3817.76000000
v 2631.76000000 4735.44000000 3778.07000000
v 2678.05000000 5044.29000000 3797.61000000
v 3019.66000000 5494.69000000 3798.37000000
v 2637.32000000 4642.06000000 3811.19000000
v 2594.89000000 4679.09000000 3809.47000000
v 2568.22000000 4736.46000000 3814.24000000
v 2553.37000000 4822.33000000 3830.52000000
v 2584.39000000 4920.90000000 3835.06000000
v 3062.35000000 5297.32000000 3839.57000000
v 3068.76000000 5384.46000000 3825.04000000
v 3064.73000000 5531.77000000 3844.00000000
v 3043.93000000 5528.96000000 3827.11000000
v 2628.55000000 4575.05000000 3852.19000000
v 2896.30000000 4644.63000000 3830.49000000
v 2965.11000000 4660.84000000 3970.30000000
v 3002.46000000 4977.56000000 3854.47000000
v 2811.75000000 5270.84000000 3824.22000000
v 2907.83000000 5411.90000000 3836.88000000
v 3080.48000000 5473.36000000 3893.07000000
v 2985.52000000 5493.17000000 3826.37000000
v 3023.92000000 5554.94000000 3856.59000000
v 2542.70000000 4627.59000000 3843.60000000
v 2559.92000000 4578.83000000 3858.37000000
v 2919.14000000 4604.31000000 3898.39000000
v 2451.74000000 4712.77000000 3884.84000000
v 2984.76000000 4800.05000000 3923.14000000
v 2718.57000000 5167.39000000 3853.60000000
v 2921.96000000 5502.69000000 3913.23000000
v 3050.93000000 5586.85000000 3886.77000000
v 2489.49000000 4556.03000000 3882.41000000
v 2527.77000000 4525.63000000 3891.26000000
v 2607.09000000 4482.89000000 3926.53000000
v 2780.14000000 4518.33000000 3924.61000000
v 2871.45000000 4590.16000000 3880.87000000
v 2454.53000000 4605.23000000 3882.90000000
v 2484.06000000 4820.34000000 3887.53000000
v 2488.98000000 4898.98000000 3914.08000000
v 2619.47000000 5053.81000000 3882.75000000
v 3034.41000000 4979.53000000 3971.84000000
v 3065.02000000 5140.04000000 3975.79000000
v 3084.74000000 5323.71000000 3942.87000000
v 3087.63000000 5587.49000000 3960.47000000
v 3030.10000000 5636.31000000 3936.26000000
v 2368.94000000 4590.94000000 3919.40000000
v 2407.52000000 4736.00000000 3916.74000000
v 2677.46000000 5183.55000000 3918.37000000
v 2786.17000000 5323.10000000 3907.11000000
v 3067.09000000 5615.03000000 3933.81000000
v 2982.05000000 5602.34000000 3943.97000000
v 2419.13000000 4499.74000000 3917.71000000
v 2466.03000000 4449.24000000 3941.21000000
v 2643.02000000 4397.10000000 4016.16000000
v 2830.32000000 4460.60000000 4004.58000000
v 2868.13000000 4522.58000000 3958.67000000
v 2366.71000000 4524.23000000 3925.44000000
v 2941.44000000 4576.68000000 3982.07000000
v 2299.96000000 4637.40000000 3961.03000000
v 2545.14000000 5065.34000000 3962.91000000
v 2621.37000000 5136.94000000 3940.20000000
v 3097.51000000 5188.54000000 4064.12000000
v 3104.60000000 5416.55000000 4014.01000000
v 3104.94000000 5515.88000000 4017.50000000
v 3056.48000000 5679.41000000 3984.21000000
v 2340.71000000 4396.63000000 3967.37000000
v 2337.38000000 4457.04000000 3948.37000000
v 2270.09000000 4486.81000000 3970.11000000
v 2350.99000000 4766.46000000 3960.25000000
v 2920.47000000 5619.67000000 4022.08000000
v 2995.36000000 5670.92000000 3998.92000000
v 2278.69000000 4407.67000000 3977.29000000
v 2380.66000000 4354.74000000 3995.31000000
v 2457.41000000 4355.32000000 4010.07000000
v 2720.85000000 4367.67000000 4078.19000000
v 2234.30000000 4675.50000000 4003.01000000
v 2366.81000000 4921.52000000 4012.69000000
v 3016.45000000 4811.89000000 4049.28000000
v 2678.64000000 5259.52000000 3973.00000000
v 2807.12000000 5448.94000000 3991.67000000
v 3032.19000000 5718.29000000 4021.61000000
v 2225.64000000 4335.34000000 4005.19000000
v 2258.36000000 4293.33000000 4021.99000000
v 2189.64000000 4380.01000000 4006.81000000
v 2114.91000000 4403.73000000 4031.99000000
v 2877.87000000 4457.61000000 4039.25000000
v 2167.60000000 4516.15000000 4014.61000000
v 2913.99000000 4493.16000000 4040.70000000
v 2470.01000000 5090.72000000 4031.94000000
v 3088.75000000 5684.01000000 4036.99000000
v 3116.34000000 5616.82000000 4078.19000000
v 2302.17000000 4240.91000000 4063.22000000
v 2151.16000000 4315.81000000 4025.90000000
v 2097.28000000 4296.66000000 4041.86000000
v 2533.54000000 4335.62000000 4050.21000000
v 2148.99000000 4590.09000000 4032.85000000
v 2995.55000000 4680.70000000 4092.08000000
v 2179.63000000 4747.83000000 4060.26000000
v 2228.30000000 4957.54000000 4113.16000000
v 2582.99000000 5239.01000000 4038.16000000
v 3095.21000000 5044.27000000 4161.65000000
v 3053.61000000 5740.49000000 4038.65000000
v 2137.39000000 4251.69000000 4042.29000000
v 3057.75000000 4887.55000000 4162.12000000
v 2383.82000000 5070.36000000 4077.06000000
v 2697.54000000 5378.59000000 4039.22000000
v 3132.53000000 5468.96000000 4126.22000000
v 3069.50000000 5761.96000000 4064.91000000
v 2076.06000000 4168.42000000 4071.50000000
v 2041.68000000 4217.93000000 4070.56000000
v 2165.89000000 4202.39000000 4062.40000000
v 2171.69000000 4154.21000000 4091.66000000
v 2048.09000000 4329.54000000 4061.44000000
v 2413.54000000 4261.43000000 4084.29000000
v 2588.58000000 4308.83000000 4097.07000000
v 2049.12000000 4435.79000000 4067.93000000
v 2896.11000000 4423.93000000 4102.54000000
v 2075.59000000 4596.76000000 4081.37000000
v 2949.34000000 4502.05000000 4115.18000000
v 2469.17000000 5204.73000000 4094.43000000
v 3123.37000000 5142.13000000 4197.53000000
v 2762.53000000 5523.15000000 4088.49000000
v 3111.74000000 5713.97000000 4089.81000000
v 2970.52000000 5746.26000000 4090.90000000
v 3099.78000000 5756.76000000 4091.36000000
v 3036.91000000 5777.12000000 4077.42000000
v 2075.98000000 4125.93000000 4099.99000000
v 2024.72000000 4146.78000000 4096.26000000
v 1990.18000000 4190.85000000 4100.08000000
v 2001.77000000 4279.38000000 4090.32000000
v 2218.81000000 4134.10000000 4126.66000000
v 2828.69000000 4389.58000000 4105.57000000
v 2033.10000000 4661.10000000 4125.17000000
v 2075.38000000 4833.65000000 4154.85000000
v 3124.97000000 5296.65000000 4141.13000000
v 2589.43000000 5378.61000000 4115.47000000
v 2833.74000000 5681.56000000 4151.38000000
v 3064.98000000 5826.59000000 4108.31000000
v 3098.71000000 5819.55000000 4118.90000000
v 2014.22000000 4111.30000000 4125.63000000
v 2045.08000000 4080.63000000 4159.72000000
v 2129.20000000 4101.63000000 4138.91000000
v 1984.52000000 4142.71000000 4129.91000000
v 1956.11000000 4214.40000000 4136.25000000
v 2346.77000000 4184.40000000 4138.89000000
v 1954.05000000 4355.71000000 4134.71000000
v 2485.08000000 4246.18000000 4130.32000000
v 1993.48000000 4505.41000000 4121.79000000
v 2921.93000000 4408.90000000 4172.14000000
v 2322.91000000 5159.16000000 4154.48000000
v 2641.18000000 5550.29000000 4195.17000000
v 3041.45000000 5859.58000000 4142.27000000
v 2195.34000000 4078.82000000 4190.50000000
v 2322.44000000 4118.55000000 4213.44000000
v 1930.51000000 4274.53000000 4160.68000000
v 2590.87000000 4242.13000000 4184.47000000
v 1944.58000000 4466.35000000 4152.73000000
v 1953.44000000 4603.55000000 4174.32000000
v 3159.24000000 5603.55000000 4174.86000000
v 3127.92000000 5726.42000000 4128.07000000
v 3100.83000000 5880.54000000 4140.32000000
v 3144.93000000 5833.82000000 4158.01000000
v 2138.44000000 4064.84000000 4202.98000000
v 1991.64000000 4104.32000000 4177.69000000
v 1954.43000000 4155.93000000 4180.36000000
v 1912.63000000 4231.91000000 4233.34000000
v 1902.67000000 4336.84000000 4230.24000000
v 2764.82000000 4291.05000000 4213.04000000
v 2868.12000000 4356.49000000 4188.77000000
v 1924.60000000 4485.05000000 4192.06000000
v 2983.87000000 4497.86000000 4281.35000000
v 1981.23000000 4764.71000000 4195.91000000
v 3026.61000000 4684.37000000 4247.13000000
v 2098.75000000 4982.46000000 4196.52000000
v 2170.21000000 5113.85000000 4213.41000000
v 3119.64000000 5028.69000000 4278.35000000
v 2429.39000000 5304.04000000 4169.19000000
v 2424.69000000 5419.48000000 4237.38000000
v 3163.43000000 5501.39000000 4218.37000000
v 2742.70000000 5621.54000000 4175.74000000
v 2923.13000000 5848.60000000 4218.31000000
v 3148.82000000 5969.67000000 4153.91000000
v 3055.71000000 5963.99000000 4211.12000000
v 3175.46000000 5944.20000000 4154.95000000
v 3215.18000000 5926.33000000 4175.68000000
v 3237.29000000 5987.67000000 4168.73000000
v 3213.44000000 6001.03000000 4158.20000000
v 3165.90000000 6073.60000000 4196.96000000
v 3212.63000000 6045.94000000 4168.95000000
v 3264.22000000 6041.94000000 4183.28000000
v 3241.19000000 6115.34000000 4188.87000000
v 3279.10000000 6115.68000000 4193.73000000
v 2023.39000000 4082.61000000 4227.51000000
v 2125.00000000 4064.61000000 4288.21000000
v 1955.48000000 4131.10000000 4227.43000000
v 2452.90000000 4174.62000000 4208.99000000
v 1940.99000000 4726.16000000 4217.23000000
v 2000.92000000 4947.79000000 4243.16000000
v 2275.16000000 5272.36000000 4236.61000000
v 3156.68000000 5362.15000000 4267.16000000
v 3179.15000000 5726.03000000 4187.79000000
v 3216.18000000 5643.53000000 4236.48000000
v 3246.45000000 5841.72000000 4207.29000000
v 3266.39000000 5950.58000000 4199.40000000
v 3304.24000000 6074.40000000 4213.71000000
v 3223.36000000 6157.35000000 4204.78000000
v 3269.95000000 6158.27000000 4203.28000000
v 3309.14000000 6144.90000000 4249.96000000
v 3251.17000000 6170.54000000 4207.97000000
v 2233.87000000 4050.14000000 4273.38000000
v 1975.60000000 4115.86000000 4260.28000000
v 1930.45000000 4173.57000000 4245.55000000
v 2864.62000000 4295.06000000 4281.56000000
v 1890.33000000 4504.70000000 4271.50000000
v 1914.97000000 4701.38000000 4251.77000000
v 1944.82000000 4858.04000000 4259.53000000
v 3097.11000000 4922.85000000 4289.15000000
v 2050.55000000 5091.58000000 4267.95000000
v 3191.80000000 5553.78000000 4257.55000000
v 2718.57000000 5705.10000000 4254.90000000
v 3250.68000000 5740.50000000 4231.09000000
v 3315.70000000 5908.00000000 4233.27000000
v 3322.77000000 5998.81000000 4230.26000000
v 3092.39000000 6073.95000000 4253.43000000
v 3341.76000000 6070.53000000 4257.27000000
v 3235.53000000 6202.21000000 4230.02000000
v 3167.28000000 6148.41000000 4245.25000000
v 3266.47000000 6202.53000000 4245.24000000
v 2332.64000000 4064.60000000 4316.84000000
v 2416.74000000 4112.90000000 4284.41000000
v 2522.78000000 4146.44000000 4294.65000000
v 1907.84000000 4199.78000000 4305.00000000
v 2647.23000000 4208.39000000 4272.40000000
v 1886.16000000 4285.82000000 4298.66000000
v 2913.74000000 4321.19000000 4304.33000000
v 2946.48000000 4389.20000000 4284.87000000
v 1886.35000000 4721.76000000 4329.19000000
v 2479.03000000 5563.54000000 4303.43000000
v 3296.61000000 5712.60000000 4270.76000000
v 3337.18000000 5824.45000000 4256.86000000
v 2984.19000000 6014.06000000 4296.33000000
v 3349.11000000 6121.81000000 4293.27000000
v 3195.05000000 6217.51000000 4282.35000000
v 3243.33000000 6236.77000000 4276.94000000
v 2214.40000000 4044.55000000 4312.99000000
v 1933.95000000 4163.65000000 4305.76000000
v 1874.15000000 4390.14000000 4332.06000000
v 1897.51000000 4831.67000000 4317.48000000
v 2122.73000000 5204.51000000 4281.17000000
v 2261.02000000 5354.40000000 4288.62000000
v 3185.01000000 5437.01000000 4348.59000000
v 3254.35000000 5597.39000000 4311.01000000
v 3363.83000000 5755.66000000 4289.41000000
v 3368.29000000 5929.70000000 4257.69000000
v 3423.54000000 5889.39000000 4272.46000000
v 3433.78000000 5952.99000000 4275.35000000
v 3392.38000000 6013.63000000 4276.08000000
v 3359.94000000 6169.04000000 4341.32000000
v 3311.76000000 6226.55000000 4331.34000000
v 2078.62000000 4103.52000000 4368.22000000
v 2017.56000000 4121.93000000 4340.82000000
v 2748.68000000 4216.94000000 4332.36000000
v 2830.16000000 4255.36000000 4327.43000000
v 1868.43000000 4571.26000000 4372.64000000
v 3076.72000000 4751.17000000 4401.34000000
v 1913.17000000 4948.27000000 4324.82000000
v 1950.60000000 5003.06000000 4302.01000000
v 1980.34000000 5090.61000000 4310.69000000
v 3141.52000000 5166.84000000 4303.15000000
v 2142.02000000 5298.69000000 4318.21000000
v 3233.94000000 5524.13000000 4365.66000000
v 3286.32000000 5654.26000000 4298.77000000
v 3347.80000000 5695.83000000 4315.54000000
v 3456.83000000 5828.79000000 4289.20000000
v 3541.56000000 5863.62000000 4295.21000000
v 3506.89000000 5916.75000000 4289.31000000
v 3582.63000000 5886.51000000 4308.35000000
v 3579.89000000 5944.30000000 4307.21000000
v 3525.63000000 5996.19000000 4307.37000000
v 3461.56000000 5986.45000000 4292.75000000
v 3382.87000000 6095.58000000 4309.91000000
v 3091.08000000 6144.60000000 4311.40000000
v 3274.84000000 6266.58000000 4332.72000000
v 2228.08000000 4041.56000000 4395.42000000
v 2306.18000000 4033.30000000 4375.11000000
v 1974.21000000 4157.61000000 4376.52000000
v 2633.74000000 4156.06000000 4360.40000000
v 1887.90000000 4279.27000000 4356.31000000
v 2887.19000000 4265.79000000 4369.12000000
v 2027.84000000 5208.90000000 4334.22000000
v 2235.42000000 5428.64000000 4348.54000000
v 3334.17000000 5642.56000000 4348.98000000
v 3450.23000000 5755.19000000 4319.05000000
v 3435.98000000 5697.39000000 4359.03000000
v 3546.01000000 5822.85000000 4320.51000000
v 2792.37000000 5907.29000000 4353.88000000
v 3608.30000000 5859.58000000 4338.87000000
v 3612.31000000 5942.31000000 4332.78000000
v 3588.67000000 6013.40000000 4337.08000000
v 3469.46000000 6063.19000000 4329.75000000
v 3537.89000000 6037.65000000 4331.21000000
v 3240.64000000 6286.59000000 4353.67000000
v 3151.68000000 6245.48000000 4369.42000000
v 2446.51000000 4085.47000000 4356.87000000
v 2528.08000000 4094.86000000 4403.74000000
v 2742.56000000 4170.04000000 4439.38000000
v 1911.24000000 4209.87000000 4361.65000000
v 2935.07000000 4292.34000000 4417.40000000
v 1858.21000000 4471.74000000 4395.83000000
v 3029.15000000 4576.41000000 4413.55000000
v 1868.47000000 4799.51000000 4433.02000000
v 1892.21000000 4925.10000000 4368.44000000
v 3123.69000000 4937.84000000 4416.29000000
v 1948.13000000 5150.24000000 4367.36000000
v 2082.43000000 5325.98000000 4365.67000000
v 3300.07000000 5572.81000000 4397.92000000
v 2550.30000000 5713.05000000 4369.66000000
v 3527.99000000 5756.26000000 4354.19000000
v 3581.88000000 5803.32000000 4353.23000000
v 3617.71000000 5998.73000000 4350.72000000
v 3626.67000000 6009.23000000 4392.82000000
v 3612.35000000 6034.70000000 4376.44000000
v 3594.83000000 6077.07000000 4394.96000000
v 2924.99000000 6076.37000000 4386.18000000
v 3540.10000000 6087.26000000 4378.36000000
v 3421.76000000 6144.04000000 4381.60000000
v 3306.57000000 6287.00000000 4405.73000000
v 3275.90000000 6322.43000000 4429.62000000
v 2290.12000000 4026.12000000 4413.10000000
v 2156.30000000 4093.31000000 4443.49000000
v 2911.76000000 4276.42000000 4393.78000000
v 2960.78000000 4364.22000000 4412.77000000
v 3004.55000000 4475.78000000 4455.76000000
v 1912.34000000 5082.35000000 4385.25000000
v 3163.75000000 5256.42000000 4390.96000000
v 3228.76000000 5453.70000000 4466.47000000
v 2309.40000000 5587.50000000 4430.17000000
v 3577.46000000 5763.31000000 4389.26000000
v 3611.97000000 5821.20000000 4389.02000000
v 3622.35000000 5916.50000000 4381.09000000
v 3486.56000000 6128.84000000 4400.23000000
v 3034.99000000 6179.01000000 4402.59000000
v 3355.00000000 6253.14000000 4447.22000000
v 3210.71000000 6322.95000000 4428.03000000
v 2428.26000000 4049.51000000 4433.87000000
v 2039.85000000 4162.58000000 4462.67000000
v 1935.73000000 4187.08000000 4385.46000000
v 2831.43000000 4220.28000000 4415.73000000
v 2003.59000000 5306.73000000 4405.20000000
v 3190.65000000 5375.74000000 4458.64000000
v 2159.05000000 5495.13000000 4442.49000000
v 3272.32000000 5510.54000000 4457.17000000
v 2396.24000000 5725.11000000 4488.04000000
v 3508.91000000 5709.71000000 4401.41000000
v 2591.14000000 5839.54000000 4442.60000000
v 2793.79000000 6019.82000000 4435.98000000
v 3570.09000000 6122.99000000 4433.26000000
v 3526.33000000 6150.42000000 4452.38000000
v 3124.74000000 6286.44000000 4463.25000000
v 3172.77000000 6302.29000000 4433.24000000
v 2313.58000000 4020.20000000 4486.61000000
v 2639.58000000 4124.67000000 4448.92000000
v 1970.45000000 4197.46000000 4452.01000000
v 1874.33000000 4350.35000000 4449.17000000
v 1864.36000000 4408.84000000 4408.88000000
v 2984.63000000 4404.18000000 4490.35000000
v 1858.73000000 4544.74000000 4430.72000000
v 1891.82000000 5053.82000000 4469.97000000
v 3144.64000000 5082.87000000 4401.07000000
v 1925.34000000 5192.07000000 4438.78000000
v 1959.11000000 5267.59000000 4433.70000000
v 2095.28000000 5408.97000000 4416.04000000
v 3358.38000000 5543.46000000 4514.58000000
v 3423.22000000 5634.13000000 4438.66000000
v 3553.64000000 5715.58000000 4453.51000000
v 3585.15000000 5758.96000000 4440.35000000
v 3623.29000000 5877.20000000 4430.36000000
v 3622.36000000 5969.38000000 4466.39000000
v 3608.54000000 6080.85000000 4440.66000000
v 2908.43000000 6151.91000000 4478.45000000
v 3244.63000000 6358.44000000 4484.52000000
v 2364.16000000 4022.40000000 4475.69000000
v 2253.64000000 4057.83000000 4538.52000000
v 2099.88000000 4130.65000000 4459.56000000
v 1918.46000000 4249.86000000 4425.93000000
v 2893.16000000 4246.20000000 4442.05000000
v 3134.63000000 5005.92000000 4457.36000000
v 3149.77000000 5161.17000000 4445.16000000
v 1989.14000000 5361.21000000 4468.43000000
v 2036.49000000 5400.40000000 4451.77000000
v 3499.27000000 5672.94000000 4462.44000000
v 2480.37000000 5816.38000000 4498.43000000
v 3595.30000000 5792.06000000 4500.69000000
v 2699.17000000 5943.11000000 4443.24000000
v 2819.62000000 6079.00000000 4465.02000000
v 3588.54000000 6118.97000000 4458.58000000
v 3401.73000000 6199.56000000 4431.55000000
v 3186.46000000 6336.05000000 4477.04000000
v 3275.96000000 6369.65000000 4523.08000000
v 2692.81000000 4121.19000000 4543.37000000
v 1860.94000000 4473.97000000 4463.44000000
v 3128.80000000 4868.79000000 4533.64000000
v 1870.82000000 4933.41000000 4493.90000000
v 1914.17000000 5184.68000000 4521.61000000
v 1955.78000000 5291.53000000 4509.77000000
v 2080.46000000 5468.45000000 4475.38000000
v 3295.60000000 5485.12000000 4530.94000000
v 3475.36000000 5628.52000000 4522.33000000
v 2592.59000000 5916.41000000 4492.78000000
v 2689.64000000 6003.64000000 4488.88000000
v 3614.70000000 6068.41000000 4503.90000000
v 3563.67000000 6161.95000000 4513.57000000
v 3025.59000000 6230.73000000 4488.10000000
v 3463.54000000 6176.43000000 4451.83000000
v 3213.02000000 6367.11000000 4514.96000000
v 2540.21000000 4069.11000000 4503.75000000
v 2829.98000000 4193.83000000 4512.79000000
v 2903.81000000 4239.70000000 4522.62000000
v 1900.15000000 4339.24000000 4484.03000000
v 2947.22000000 4306.19000000 4535.91000000
v 1861.79000000 4641.23000000 4493.83000000
v 3126.85000000 4922.82000000 4507.61000000
v 3140.66000000 5149.89000000 4479.18000000
v 3163.68000000 5283.88000000 4482.79000000
v 2033.09000000 5431.68000000 4489.88000000
v 3215.53000000 5418.33000000 4506.78000000
v 3547.93000000 5693.67000000 4572.22000000
v 2388.12000000 5787.80000000 4539.63000000
v 3608.62000000 5905.20000000 4541.23000000
v 3594.24000000 6141.00000000 4576.80000000
v 2729.70000000 6085.19000000 4533.50000000
v 2964.85000000 6247.14000000 4577.58000000
v 3443.81000000 6230.42000000 4525.26000000
v 2333.45000000 4027.41000000 4598.22000000
v 2192.29000000 4117.19000000 4590.77000000
v 2118.89000000 4162.70000000 4569.83000000
v 1955.21000000 4272.33000000 4502.34000000
v 1879.09000000 4469.25000000 4504.24000000
v 3064.64000000 4610.75000000 4552.90000000
v 1863.40000000 4803.09000000 4501.73000000
v 3118.79000000 5028.56000000 4492.63000000
v 3118.72000000 5182.48000000 4510.35000000
v 2026.93000000 5437.77000000 4530.65000000
v 2068.82000000 5489.94000000 4518.50000000
v 3238.02000000 5433.93000000 4551.37000000
v 2150.17000000 5553.76000000 4513.11000000
v 3434.26000000 5585.72000000 4539.38000000
v 3509.79000000 5653.77000000 4539.80000000
v 2489.64000000 5888.21000000 4538.51000000
v 2587.65000000 5952.64000000 4516.55000000
v 3610.62000000 6012.27000000 4599.49000000
v 2808.09000000 6176.44000000 4593.42000000
v 3509.21000000 6185.66000000 4505.73000000
v 3382.27000000 6289.58000000 4559.45000000
v 3071.81000000 6314.92000000 4583.15000000
v 3321.17000000 6322.31000000 4517.41000000
v 3226.39000000 6402.62000000 4592.09000000
v 2451.85000000 4027.99000000 4579.36000000
v 2384.28000000 4022.26000000 4608.03000000
v 2319.74000000 4046.38000000 4667.05000000
v 2008.94000000 4221.88000000 4519.48000000
v 1930.44000000 4366.81000000 4530.07000000
v 3025.27000000 4499.54000000 4570.27000000
v 3113.29000000 4738.21000000 4604.59000000
v 1864.58000000 4755.30000000 4539.92000000
v 3117.27000000 4918.11000000 4529.16000000
v 3126.59000000 4872.21000000 4561.06000000
v 3103.51000000 4962.99000000 4512.16000000
v 1873.97000000 4912.57000000 4540.20000000
v 3071.69000000 4950.65000000 4517.36000000
v 3071.17000000 5009.26000000 4506.10000000
v 3009.19000000 4947.23000000 4515.45000000
v 3063.40000000 5091.50000000 4515.24000000
v 1896.56000000 5070.55000000 4582.23000000
v 3141.34000000 5249.87000000 4511.58000000
v 3191.54000000 5379.36000000 4524.45000000
v 2098.96000000 5537.99000000 4553.48000000
v 2235.85000000 5653.26000000 4548.19000000
v 2313.49000000 5752.80000000 4569.18000000
v 2590.23000000 5984.04000000 4542.41000000
v 3606.97000000 6110.09000000 4670.71000000
v 3156.50000000 6360.13000000 4573.87000000
v 3260.62000000 6391.51000000 4571.51000000
v 2001.71000000 4296.35000000 4583.06000000
v 2920.20000000 4257.08000000 4623.43000000
v 1905.32000000 4478.64000000 4548.83000000
v 1881.72000000 4623.47000000 4552.31000000
v 3137.92000000 4818.42000000 4613.83000000
v 2725.55000000 4847.22000000 4535.27000000
v 2783.54000000 4831.42000000 4548.76000000
v 2784.80000000 4875.92000000 4530.42000000
v 2872.33000000 4873.71000000 4537.11000000
v 2734.31000000 4902.91000000 4543.49000000
v 2870.47000000 4957.93000000 4533.28000000
v 2942.35000000 4937.85000000 4522.81000000
v 2989.19000000 4900.61000000 4542.03000000
v 3052.70000000 4914.42000000 4540.81000000
v 3094.45000000 4914.64000000 4543.17000000
v 2989.16000000 5006.05000000 4520.60000000
v 2954.01000000 5073.18000000 4544.28000000
v 1940.21000000 5234.24000000 4587.45000000
v 3046.20000000 5175.46000000 4541.00000000
v 3113.64000000 5253.88000000 4535.64000000
v 3139.71000000 5324.52000000 4551.60000000
v 2078.52000000 5515.71000000 4598.82000000
v 3352.28000000 5492.02000000 4578.38000000
v 2154.94000000 5600.34000000 4567.70000000
v 3476.31000000 5591.83000000 4598.96000000
v 2388.43000000 5833.96000000 4574.03000000
v 3573.68000000 5761.62000000 4648.97000000
v 3594.39000000 5844.55000000 4605.10000000
v 2449.18000000 5919.59000000 4601.19000000
v 2572.32000000 6030.39000000 4608.10000000
v 2663.89000000 6126.12000000 4640.21000000
v 3562.79000000 6198.00000000 4642.35000000
v 3507.98000000 6215.33000000 4586.92000000
v 3294.44000000 6376.99000000 4599.43000000
v 2579.05000000 4072.15000000 4595.07000000
v 2061.41000000 4236.08000000 4613.59000000
v 2867.75000000 4210.46000000 4614.76000000
v 1952.62000000 4406.72000000 4568.67000000
v 1996.61000000 4357.57000000 4597.42000000
v 1879.53000000 4822.31000000 4586.80000000
v 2646.56000000 4830.07000000 4550.60000000
v 2561.58000000 4808.96000000 4562.98000000
v 2589.34000000 4777.07000000 4572.80000000
v 2641.09000000 4790.68000000 4567.58000000
v 2699.83000000 4808.38000000 4562.57000000
v 2761.09000000 4804.41000000 4600.62000000
v 1885.32000000 4946.27000000 4587.94000000
v 2600.98000000 4884.75000000 4581.35000000
v 2891.00000000 4843.74000000 4586.31000000
v 2978.09000000 4872.90000000 4573.20000000
v 3121.53000000 4879.34000000 4599.38000000
v 3139.38000000 4851.48000000 4620.17000000
v 3058.65000000 4888.83000000 4578.20000000
v 2784.19000000 5034.07000000 4588.29000000
v 2950.80000000 5161.73000000 4576.75000000
v 3039.53000000 5260.50000000 4580.16000000
v 1999.86000000 5372.07000000 4578.78000000
v 3185.13000000 5388.15000000 4578.43000000
v 3299.44000000 5450.42000000 4589.28000000
v 3413.66000000 5524.52000000 4598.38000000
v 2133.14000000 5588.89000000 4601.09000000
v 3508.09000000 5634.20000000 4595.68000000
v 2857.71000000 6248.48000000 4673.36000000
v 3436.93000000 6271.98000000 4637.71000000
v 3095.40000000 6368.65000000 4684.22000000
v 2396.43000000 4040.29000000 4743.53000000
v 2663.32000000 4101.00000000 4628.66000000
v 2261.60000000 4092.63000000 4674.10000000
v 2765.44000000 4154.38000000 4616.78000000
v 2947.10000000 4302.06000000 4640.67000000
v 2986.45000000 4395.06000000 4643.25000000
v 1981.45000000 4451.16000000 4592.98000000
v 2016.32000000 4380.85000000 4618.88000000
v 1927.80000000 4575.47000000 4592.56000000
v 1897.02000000 4713.52000000 4598.13000000
v 2520.94000000 4765.52000000 4582.97000000
v 2447.33000000 4745.27000000 4598.75000000
v 2501.88000000 4731.36000000 4620.51000000
v 2475.12000000 4803.34000000 4593.83000000
v 2571.68000000 4753.04000000 4609.25000000
v 2652.85000000 4781.35000000 4595.06000000
v 2977.87000000 4859.18000000 4636.74000000
v 1987.03000000 5329.38000000 4619.38000000
v 3117.37000000 5367.10000000 4617.49000000
v 3077.22000000 5328.31000000 4600.98000000
v 3231.02000000 5409.75000000 4606.69000000
v 3364.38000000 5439.62000000 4624.62000000
v 3423.39000000 5465.77000000 4649.42000000
v 3399.10000000 5413.30000000 4646.38000000
v 2191.95000000 5660.02000000 4624.72000000
v 2251.05000000 5729.90000000 4617.70000000
v 2334.18000000 5824.94000000 4620.88000000
v 3601.55000000 5921.69000000 4623.93000000
v 2559.86000000 6070.15000000 4674.17000000
v 2744.73000000 6192.09000000 4671.94000000
v 3351.25000000 6332.42000000 4618.57000000
v 2175.29000000 4163.03000000 4675.86000000
v 2658.74000000 4103.54000000 4704.59000000
v 2030.50000000 4441.41000000 4618.59000000
v 1993.41000000 4591.75000000 4620.43000000
v 2056.77000000 4549.40000000 4619.33000000
v 2089.54000000 4494.26000000 4639.85000000
v 3071.96000000 4595.64000000 4655.99000000
v 2376.21000000 4705.61000000 4628.42000000
v 2434.10000000 4715.84000000 4632.15000000
v 2402.01000000 4731.83000000 4614.47000000
v 2481.59000000 4726.27000000 4675.51000000
v 2554.88000000 4745.81000000 4652.10000000
v 2367.94000000 4753.05000000 4616.85000000
v 2653.90000000 4774.66000000 4638.67000000
v 1896.45000000 4817.33000000 4621.96000000
v 3158.60000000 4771.27000000 4687.36000000
v 3165.87000000 4838.51000000 4661.18000000
v 2457.35000000 4908.86000000 4645.45000000
v 2777.81000000 4807.12000000 4662.04000000
v 2858.88000000 4828.81000000 4636.95000000
v 1899.53000000 4943.21000000 4621.62000000
v 2640.72000000 4985.63000000 4617.68000000
v 3090.90000000 4886.43000000 4645.18000000
v 3156.76000000 4898.25000000 4660.71000000
v 3156.35000000 4873.17000000 4648.01000000
v 1919.73000000 5075.58000000 4641.59000000
v 2916.67000000 5218.07000000 4618.04000000
v 3012.68000000 5302.82000000 4620.91000000
v 3361.19000000 5276.37000000 4653.12000000
v 3269.94000000 5262.57000000 4660.14000000
v 3304.40000000 5345.78000000 4649.42000000
v 3157.28000000 5379.37000000 4637.92000000
v 3207.85000000 5379.86000000 4649.52000000
v 3272.52000000 5396.45000000 4633.13000000
v 2046.43000000 5439.58000000 4625.05000000
v 2096.04000000 5520.27000000 4640.70000000
v 2142.43000000 5583.16000000 4648.11000000
v 3508.36000000 5617.24000000 4658.65000000
v 2385.99000000 5899.73000000 4648.97000000
v 2463.25000000 5978.62000000 4667.11000000
v 3603.47000000 6007.98000000 4755.66000000
v 3508.64000000 6239.39000000 4693.16000000
v 2990.51000000 6307.04000000 4668.97000000
v 3169.21000000 6401.42000000 4667.65000000
v 3252.76000000 6410.91000000 4640.49000000
v 2061.22000000 4305.05000000 4690.86000000
v 2033.33000000 4343.91000000 4650.55000000
v 2051.49000000 4407.27000000 4656.47000000
v 2086.07000000 4442.00000000 4697.25000000
v 3049.53000000 4524.77000000 4753.39000000
v 2114.72000000 4499.07000000 4674.92000000
v 2165.35000000 4567.69000000 4659.41000000
v 2099.66000000 4670.06000000 4639.62000000
v 2145.60000000 4597.77000000 4633.80000000
v 1963.03000000 4684.54000000 4637.58000000
v 2061.33000000 4723.69000000 4654.31000000
v 2146.28000000 4648.49000000 4632.57000000
v 1922.40000000 4730.79000000 4625.84000000
v 2236.51000000 4635.45000000 4649.14000000
v 2315.25000000 4665.64000000 4667.36000000
v 2297.39000000 4695.67000000 4635.74000000
v 2208.68000000 4666.49000000 4636.73000000
v 2348.81000000 4687.17000000 4650.85000000
v 2383.68000000 4696.38000000 4675.05000000
v 2254.57000000 4739.70000000 4639.95000000
v 1923.20000000 4858.32000000 4647.65000000
v 2691.51000000 4791.60000000 4691.56000000
v 2951.41000000 4862.15000000 4696.81000000
v 3019.29000000 4880.18000000 4677.76000000
v 3059.44000000 4910.79000000 4694.88000000
v 3171.77000000 5017.01000000 4679.05000000
v 3228.67000000 5050.07000000 4667.51000000
v 3199.81000000 4966.04000000 4673.64000000
v 3263.49000000 4985.74000000 4678.15000000
v 2689.02000000 5114.73000000 4658.61000000
v 3278.92000000 5131.77000000 4664.63000000
v 1931.54000000 5155.09000000 4629.27000000
v 3342.30000000 5070.32000000 4677.59000000
v 3194.04000000 5147.43000000 4682.28000000
v 3389.91000000 5142.35000000 4677.19000000
v 3403.82000000 5250.34000000 4669.62000000
v 1974.29000000 5268.09000000 4636.61000000
v 3164.23000000 5269.83000000 4692.96000000
v 3226.93000000 5331.05000000 4664.05000000
v 3418.28000000 5322.24000000 4672.00000000
v 3424.84000000 5148.23000000 4694.93000000
v 2024.21000000 5372.28000000 4644.19000000
v 3047.56000000 5349.66000000 4653.86000000
v 2953.53000000 5315.51000000 4661.86000000
v 3455.51000000 5389.86000000 4712.56000000
v 3465.28000000 5525.75000000 4677.22000000
v 2232.77000000 5727.95000000 4656.25000000
v 2283.64000000 5795.14000000 4658.54000000
v 2364.95000000 5893.31000000 4681.25000000
v 2599.24000000 6128.08000000 4718.99000000
v 3594.37000000 6158.21000000 4739.96000000
v 3301.23000000 6379.19000000 4689.78000000
v 3212.30000000 6416.10000000 4665.82000000
v 2453.61000000 4037.73000000 4724.73000000
v 2554.22000000 4065.17000000 4672.85000000
v 2113.93000000 4219.22000000 4677.01000000
v 2787.49000000 4174.87000000 4711.71000000
v 2876.36000000 4235.89000000 4695.91000000
v 2942.62000000 4333.16000000 4736.62000000
v 2112.39000000 4478.56000000 4720.48000000
v 2156.51000000 4541.80000000 4716.78000000
v 2213.30000000 4599.32000000 4697.64000000
v 2264.30000000 4638.72000000 4695.81000000
v 1967.32000000 4809.72000000 4662.50000000
v 2589.95000000 4769.47000000 4698.12000000
v 2225.47000000 4837.44000000 4674.42000000
v 2769.35000000 4821.30000000 4717.32000000
v 3202.83000000 4823.42000000 4708.27000000
v 2867.70000000 4838.30000000 4682.99000000
v 3197.16000000 4893.72000000 4677.97000000
v 3270.87000000 4885.76000000 4703.59000000
v 3133.42000000 4939.40000000 4676.99000000
v 3094.83000000 4973.15000000 4697.27000000
v 2543.55000000 5051.44000000 4683.36000000
v 3344.45000000 4942.41000000 4700.63000000
v 3406.15000000 5015.92000000 4701.90000000
v 3081.51000000 5050.14000000 4711.20000000
v 1976.64000000 5189.45000000 4667.04000000
v 3037.64000000 5195.32000000 4736.52000000
v 2838.32000000 5254.16000000 4668.30000000
v 2061.43000000 5352.56000000 4686.63000000
v 3142.51000000 5338.78000000 4682.86000000
v 3450.68000000 5216.29000000 4716.39000000
v 3106.82000000 5358.95000000 4663.15000000
v 2112.84000000 5485.25000000 4680.98000000
v 2217.51000000 5694.65000000 4674.44000000
v 3540.72000000 5674.05000000 4708.65000000
v 3590.74000000 5890.55000000 4771.88000000
v 2315.14000000 5843.84000000 4702.22000000
v 2518.70000000 6058.70000000 4726.67000000
v 3570.95000000 6192.20000000 4726.11000000
v 3543.51000000 6218.81000000 4713.95000000
v 2762.24000000 6224.12000000 4716.61000000
v 3381.80000000 6316.81000000 4695.54000000
v 3229.96000000 6414.53000000 4699.43000000
v 2359.34000000 4076.73000000 4798.38000000
v 2103.12000000 4283.27000000 4747.63000000
v 2108.64000000 4455.06000000 4768.75000000
v 2244.66000000 4638.00000000 4741.86000000
v 2316.29000000 4688.88000000 4735.98000000
v 2103.50000000 4806.18000000 4678.32000000
v 2040.29000000 4800.06000000 4674.59000000
v 2405.89000000 4725.07000000 4727.75000000
v 2494.74000000 4756.32000000 4727.23000000
v 1967.88000000 4926.69000000 4682.12000000
v 2669.34000000 4804.98000000 4728.88000000
v 3265.94000000 4816.04000000 4740.47000000
v 2432.05000000 5044.84000000 4712.83000000
v 3350.38000000 4843.59000000 4730.88000000
v 1950.91000000 5026.13000000 4666.74000000
v 3403.95000000 4897.46000000 4721.64000000
v 2962.02000000 4889.65000000 4723.45000000
v 3006.45000000 4957.15000000 4724.28000000
v 3461.34000000 4896.74000000 4733.74000000
v 3449.25000000 5009.92000000 4720.63000000
v 2963.84000000 5041.09000000 4746.25000000
v 2718.72000000 5254.31000000 4713.88000000
v 3086.95000000 5288.43000000 4715.71000000
v 2853.91000000 5303.23000000 4691.78000000
v 3058.17000000 5338.49000000 4702.04000000
v 3474.33000000 5291.50000000 4765.58000000
v 2916.37000000 5343.89000000 4711.91000000
v 2994.35000000 5342.71000000 4690.55000000
v 2161.87000000 5455.48000000 4742.72000000
v 2267.70000000 5773.09000000 4680.51000000
v 3568.48000000 5755.51000000 4804.00000000
v 2270.37000000 5761.61000000 4707.58000000
v 2686.27000000 6182.42000000 4725.19000000
v 2907.18000000 6289.39000000 4738.54000000
v 3188.74000000 6410.31000000 4715.49000000
v 2558.42000000 4081.01000000 4787.31000000
v 2263.09000000 4145.10000000 4785.01000000
v 2655.75000000 4125.58000000 4804.86000000
v 2086.77000000 4390.34000000 4746.53000000
v 2999.16000000 4432.39000000 4769.93000000
v 2139.90000000 4515.16000000 4774.10000000
v 2199.62000000 4596.42000000 4745.59000000
v 2185.37000000 4585.88000000 4792.42000000
v 3111.11000000 4637.38000000 4779.27000000
v 3153.83000000 4710.87000000 4752.25000000
v 3206.35000000 4757.73000000 4760.68000000
v 2153.42000000 4881.12000000 4696.57000000
v 2061.47000000 4917.21000000 4696.90000000
v 3514.12000000 4778.16000000 4757.72000000
v 3439.39000000 4799.60000000 4750.50000000
v 3312.71000000 4793.27000000 4759.37000000
v 3535.89000000 4817.22000000 4763.09000000
v 2858.49000000 4857.76000000 4728.52000000
v 2284.36000000 4982.82000000 4718.87000000
v 3499.99000000 4934.43000000 4753.09000000
v 2023.87000000 5023.78000000 4701.76000000
v 3465.48000000 5073.07000000 4732.98000000
v 3514.87000000 5057.91000000 4801.56000000
v 2045.51000000 5163.19000000 4709.47000000
v 2575.09000000 5134.15000000 4707.78000000
v 2947.48000000 5135.06000000 4762.85000000
v 3490.96000000 5197.15000000 4792.96000000
v 2086.35000000 5282.29000000 4717.93000000
v 3012.75000000 5297.32000000 4740.69000000
v 2813.98000000 5318.14000000 4720.76000000
v 2980.51000000 5335.12000000 4729.06000000
v 2917.19000000 5331.42000000 4761.39000000
v 3484.35000000 5492.06000000 4756.94000000
v 3509.06000000 5584.94000000 4742.30000000
v 2211.02000000 5639.24000000 4706.25000000
v 2331.72000000 5847.32000000 4739.83000000
v 2372.16000000 5912.64000000 4738.70000000
v 2438.34000000 5978.80000000 4729.33000000
v 3605.57000000 6069.97000000 4750.67000000
v 2560.39000000 6107.58000000 4775.28000000
v 2746.15000000 6221.21000000 4758.44000000
v 2816.48000000 6250.65000000 4738.61000000
v 3525.23000000 6228.04000000 4782.80000000
v 3446.91000000 6273.55000000 4750.66000000
v 3358.86000000 6328.04000000 4755.45000000
v 3014.18000000 6331.26000000 4735.08000000
v 3145.40000000 6391.67000000 4718.88000000
v 3253.81000000 6404.02000000 4730.67000000
v 3302.44000000 6361.78000000 4757.02000000
v 2860.49000000 4271.96000000 4811.59000000
v 2173.91000000 4213.82000000 4760.96000000
v 2228.69000000 4642.77000000 4794.40000000
v 2271.36000000 4687.06000000 4786.29000000
v 2366.07000000 4750.72000000 4772.05000000
v 3444.02000000 4720.85000000 4780.21000000
v 3496.33000000 4734.49000000 4768.41000000
v 2448.18000000 4781.28000000 4766.71000000
v 3371.91000000 4772.27000000 4768.87000000
v 3550.95000000 4709.70000000 4778.85000000
v 3565.57000000 4742.48000000 4777.81000000
v 3267.95000000 4768.27000000 4777.29000000
v 3310.97000000 4746.71000000 4797.15000000
v 2584.55000000 4809.25000000 4754.39000000
v 2744.36000000 4847.13000000 4750.92000000
v 2852.28000000 4929.48000000 4755.18000000
v 3559.68000000 4834.99000000 4779.52000000
v 2207.98000000 5007.82000000 4731.02000000
v 2126.08000000 5045.13000000 4730.92000000
v 3548.03000000 4933.76000000 4801.98000000
v 2849.46000000 5020.95000000 4772.84000000
v 2126.03000000 5155.84000000 4742.94000000
v 2345.41000000 5111.84000000 4758.21000000
v 2910.62000000 5083.45000000 4767.47000000
v 2909.52000000 5224.71000000 4785.54000000
v 2528.48000000 5202.71000000 4754.27000000
v 2950.03000000 5280.47000000 4765.67000000
v 2966.32000000 5308.71000000 4751.07000000
v 2745.98000000 5322.02000000 4750.21000000
v 2837.85000000 5336.81000000 4756.38000000
v 3490.42000000 5407.51000000 4796.41000000
v 2187.53000000 5398.99000000 4769.07000000
v 2290.67000000 5730.11000000 4753.12000000
v 2377.81000000 5909.88000000 4765.96000000
v 2443.25000000 5979.90000000 4781.50000000
v 3595.24000000 6113.04000000 4836.28000000
v 2623.11000000 6157.33000000 4768.66000000
v 2850.02000000 6266.81000000 4768.32000000
v 3098.08000000 6366.34000000 4738.15000000
v 3224.59000000 6405.10000000 4737.70000000
v 2723.32000000 4182.93000000 4849.70000000
v 2103.88000000 4341.78000000 4782.45000000
v 2143.97000000 4502.24000000 4825.05000000
v 3519.35000000 4674.06000000 4797.58000000
v 3593.23000000 4660.44000000 4809.40000000
v 3605.05000000 4692.73000000 4801.86000000
v 2332.38000000 4778.25000000 4816.97000000
v 3199.99000000 4706.34000000 4825.87000000
v 3388.68000000 4700.93000000 4815.73000000
v 3603.20000000 4753.28000000 4801.46000000
v 3598.03000000 4876.75000000 4836.32000000
v 2518.02000000 4835.80000000 4786.61000000
v 2646.43000000 4886.12000000 4779.07000000
v 2738.05000000 4969.83000000 4783.04000000
v 2773.83000000 5065.77000000 4798.70000000
v 2229.42000000 5090.26000000 4752.62000000
v 2206.30000000 5151.59000000 4762.39000000
v 2865.54000000 5131.10000000 4788.83000000
v 2833.63000000 5207.52000000 4814.84000000
v 2156.84000000 5275.23000000 4757.04000000
v 2621.27000000 5282.21000000 4767.33000000
v 2773.85000000 5335.32000000 4793.81000000
v 2671.22000000 5324.16000000 4795.60000000
v 2860.42000000 5298.89000000 4790.49000000
v 2249.78000000 5599.55000000 4765.23000000
v 3543.94000000 5637.71000000 4819.77000000
v 2362.57000000 5825.10000000 4787.12000000
v 2495.53000000 6036.33000000 4765.39000000
v 3600.87000000 6066.80000000 4825.40000000
v 2600.85000000 6142.44000000 4799.07000000
v 2687.55000000 6185.49000000 4779.94000000
v 2803.22000000 6241.47000000 4779.24000000
v 2897.63000000 6278.33000000 4779.53000000
v 2958.24000000 6300.54000000 4767.72000000
v 3169.27000000 6383.02000000 4750.62000000
v 3257.01000000 6363.06000000 4776.48000000
v 2177.19000000 4560.93000000 4838.17000000
v 3587.19000000 4632.41000000 4828.07000000
v 3536.07000000 4626.16000000 4836.80000000
v 3644.41000000 4656.65000000 4830.63000000
v 3649.12000000 4626.88000000 4856.25000000
v 3474.26000000 4668.12000000 4816.21000000
v 3171.15000000 4672.92000000 4854.12000000
v 3665.94000000 4692.04000000 4845.60000000
v 3259.72000000 4724.97000000 4827.32000000
v 2433.30000000 4853.06000000 4807.79000000
v 2542.04000000 4901.30000000 4800.06000000
v 2562.69000000 4982.27000000 4821.57000000
v 2668.52000000 4987.12000000 4800.30000000
v 2672.40000000 5076.45000000 4827.60000000
v 3596.04000000 5057.65000000 4904.18000000
v 2324.59000000 5205.63000000 4792.85000000
v 2758.38000000 5148.95000000 4826.70000000
v 2283.88000000 5245.63000000 4797.92000000
v 2229.67000000 5260.61000000 4785.03000000
v 2539.53000000 5273.04000000 4791.69000000
v 2816.82000000 5260.62000000 4820.78000000
v 3508.83000000 5310.46000000 4840.69000000
v 2579.10000000 5314.69000000 4815.81000000
v 2783.01000000 5301.17000000 4821.78000000
v 2275.69000000 5520.29000000 4810.06000000
v 3523.72000000 5520.18000000 4838.68000000
v 2341.40000000 5719.07000000 4803.93000000
v 3585.66000000 5830.29000000 4884.82000000
v 3596.99000000 5999.87000000 4906.36000000
v 2428.91000000 5907.78000000 4815.24000000
v 2514.27000000 6050.93000000 4797.25000000
v 2642.95000000 6158.77000000 4800.26000000
v 3563.74000000 6172.64000000 4841.86000000
v 2750.88000000 6212.92000000 4787.69000000
v 2846.07000000 6247.80000000 4792.42000000
v 3480.06000000 6246.32000000 4841.51000000
v 3417.33000000 6278.13000000 4817.72000000
v 3065.20000000 6330.68000000 4772.03000000
v 3347.88000000 6298.41000000 4830.40000000
v 2427.25000000 4072.91000000 4875.27000000
v 2468.13000000 4070.12000000 4847.13000000
v 2357.65000000 4134.13000000 4903.63000000
v 2630.07000000 4142.66000000 4901.57000000
v 2252.28000000 4197.07000000 4852.82000000
v 2188.34000000 4258.46000000 4841.33000000
v 2963.88000000 4416.80000000 4887.93000000
v 2150.21000000 4324.23000000 4842.25000000
v 2986.08000000 4423.79000000 4821.59000000
v 2137.42000000 4389.46000000 4842.04000000
v 2139.33000000 4453.35000000 4831.37000000
v 3023.22000000 4491.68000000 4858.48000000
v 3614.34000000 4600.33000000 4874.10000000
v 2225.23000000 4644.99000000 4853.16000000
v 3676.78000000 4652.95000000 4864.60000000
v 3448.50000000 4650.52000000 4850.24000000
v 3318.95000000 4708.65000000 4835.62000000
v 2274.34000000 4721.44000000 4843.99000000
v 3670.27000000 4828.32000000 4895.57000000
v 2327.51000000 4816.39000000 4869.88000000
v 2404.79000000 4898.05000000 4846.69000000
v 2383.05000000 4907.17000000 4882.97000000
v 2498.32000000 5001.16000000 4855.92000000
v 2588.06000000 5070.57000000 4852.57000000
v 3562.67000000 5213.37000000 4906.20000000
v 2346.76000000 5290.64000000 4822.75000000
v 2750.23000000 5217.35000000 4845.76000000
v 2741.01000000 5274.48000000 4847.72000000
v 2637.82000000 5328.43000000 4836.14000000
v 2597.96000000 5328.40000000 4860.10000000
v 2705.73000000 5313.48000000 4839.47000000
v 2280.48000000 5365.92000000 4818.04000000
v 3537.22000000 5425.66000000 4890.61000000
v 2325.10000000 5459.88000000 4850.55000000
v 3594.86000000 5898.97000000 4918.95000000
v 2514.29000000 5960.23000000 4873.04000000
v 2569.06000000 6074.35000000 4835.10000000
v 2626.03000000 6123.79000000 4830.90000000
v 2779.60000000 6212.36000000 4801.71000000
v 2956.46000000 6267.49000000 4794.11000000
v 3099.31000000 6292.91000000 4807.00000000
v 3191.35000000 6323.45000000 4802.64000000
v 3270.73000000 6312.11000000 4823.84000000
v 2415.97000000 4099.99000000 4917.06000000
v 2561.99000000 4115.71000000 4907.56000000
v 2766.13000000 4283.85000000 4985.70000000
v 3080.51000000 4580.28000000 4884.61000000
v 3527.22000000 4608.26000000 4884.99000000
v 3356.37000000 4679.05000000 4864.87000000
v 3238.69000000 4687.36000000 4896.47000000
v 3297.21000000 4695.13000000 4868.62000000
v 3702.57000000 4683.37000000 4890.12000000
v 3692.31000000 4743.21000000 4890.39000000
v 3647.72000000 4970.78000000 4928.74000000
v 2449.29000000 4986.50000000 4882.43000000
v 2576.16000000 5114.61000000 4881.15000000
v 2664.57000000 5151.81000000 4860.88000000
v 2470.32000000 5264.76000000 4811.37000000
v 2685.77000000 5234.68000000 4874.71000000
v 2411.08000000 5311.04000000 4842.14000000
v 2303.70000000 5303.14000000 4815.18000000
v 2686.04000000 5278.90000000 4871.65000000
v 2550.26000000 5333.97000000 4876.72000000
v 2642.86000000 5306.22000000 4879.59000000
v 3564.48000000 5510.29000000 4941.27000000
v 2351.76000000 5622.76000000 4841.08000000
v 3564.62000000 5687.57000000 4874.11000000
v 3576.34000000 5736.00000000 4900.36000000
v 2432.26000000 5765.30000000 4869.68000000
v 2761.08000000 6158.15000000 4821.70000000
v 2894.14000000 6208.83000000 4813.17000000
v 3039.26000000 6225.67000000 4826.57000000
v 3158.43000000 6234.86000000 4847.64000000
v 3236.57000000 6274.20000000 4846.64000000
v 2630.34000000 4184.59000000 4988.61000000
v 2207.88000000 4292.57000000 4892.47000000
v 2887.72000000 4365.74000000 4939.73000000
v 2191.41000000 4535.94000000 4882.47000000
v 3408.58000000 4647.49000000 4908.82000000
v 3666.43000000 4599.71000000 4900.49000000
v 3689.78000000 4633.10000000 4906.72000000
v 3133.00000000 4637.97000000 4889.45000000
v 2278.87000000 4737.41000000 4896.10000000
v 2311.19000000 4795.98000000 4891.88000000
v 2519.87000000 5087.52000000 4905.43000000
v 2611.57000000 5182.16000000 4901.58000000
v 2641.83000000 5256.30000000 4899.95000000
v 2363.53000000 5352.63000000 4847.40000000
v 2596.67000000 5324.79000000 4903.59000000
v 3562.82000000 5342.10000000 4930.83000000
v 2405.62000000 5419.70000000 4891.12000000
v 2369.61000000 5533.45000000 4872.69000000
v 3571.13000000 5649.73000000 4929.33000000
v 2466.99000000 5875.16000000 4865.50000000
v 2603.07000000 6068.55000000 4871.88000000
v 2707.10000000 6064.26000000 4884.49000000
v 2952.14000000 6170.04000000 4838.10000000
v 3053.96000000 6145.71000000 4868.30000000
v 3524.26000000 6208.23000000 4867.88000000
v 3447.01000000 6230.42000000 4900.42000000
v 2249.40000000 4241.27000000 4896.08000000
v 2208.94000000 4464.46000000 4913.88000000
v 2200.21000000 4354.60000000 4899.87000000
v 2215.80000000 4605.97000000 4882.39000000
v 3518.54000000 4602.28000000 4921.72000000
v 3570.19000000 4585.28000000 4919.35000000
v 3608.44000000 4583.91000000 4918.33000000
v 3650.50000000 4589.41000000 4918.44000000
v 3172.92000000 4661.33000000 4924.47000000
v 3721.00000000 4705.65000000 4948.24000000
v 2260.55000000 4665.12000000 4917.18000000
v 3321.80000000 4677.71000000 4900.03000000
v 3709.48000000 4772.32000000 4931.03000000
v 2334.65000000 4831.86000000 4928.42000000
v 2355.61000000 4872.19000000 4908.18000000
v 2395.04000000 4943.59000000 4923.86000000
v 2450.60000000 5015.16000000 4922.47000000
v 2607.06000000 5233.39000000 4928.68000000
v 2616.96000000 5280.09000000 4921.83000000
v 2486.21000000 5336.29000000 4874.33000000
v 2581.34000000 5342.42000000 4932.39000000
v 2447.80000000 5370.68000000 4888.41000000
v 2491.19000000 5841.32000000 4906.41000000
v 2574.49000000 6002.56000000 4902.02000000
v 2622.47000000 6014.32000000 4913.88000000
v 2888.08000000 6082.24000000 4884.40000000
v 3132.24000000 6119.54000000 4905.44000000
v 3240.89000000 6184.24000000 4909.75000000
v 3350.67000000 6135.37000000 4989.96000000
v 3307.26000000 6238.66000000 4888.42000000
v 3504.42000000 6201.10000000 4913.01000000
v 3401.51000000 6195.88000000 4941.87000000
v 2322.90000000 4195.32000000 4930.65000000
v 3589.14000000 4590.65000000 4952.65000000
v 3679.55000000 4606.36000000 4947.54000000
v 2231.97000000 4595.84000000 4909.45000000
v 3490.12000000 4625.15000000 4953.94000000
v 3321.93000000 4674.61000000 4951.92000000
v 3728.29000000 4798.24000000 4973.88000000
v 2313.08000000 4767.80000000 4937.25000000
v 3691.35000000 4985.12000000 4990.23000000
v 2508.58000000 5100.70000000 4941.82000000
v 2564.64000000 5167.35000000 4942.64000000
v 2595.86000000 5238.92000000 4950.40000000
v 2602.39000000 5297.87000000 4945.35000000
v 2528.65000000 5369.62000000 4924.15000000
v 2493.14000000 5405.12000000 4932.75000000
v 2449.23000000 5517.64000000 4929.69000000
v 2437.24000000 5619.64000000 4908.82000000
v 3598.17000000 5803.57000000 4993.85000000
v 2511.50000000 5778.89000000 4953.75000000
v 2567.19000000 5925.04000000 4949.43000000
v 2679.34000000 5954.22000000 4961.37000000
v 2803.89000000 5993.21000000 4938.68000000
v 2910.76000000 5981.39000000 4955.94000000
v 3010.13000000 6040.37000000 4931.43000000
v 3581.38000000 6075.16000000 4949.03000000
v 3543.97000000 6138.88000000 4952.12000000
v 2387.70000000 4159.76000000 4966.75000000
v 2864.34000000 4388.79000000 5016.76000000
v 2941.15000000 4453.24000000 4997.68000000
v 2292.99000000 4607.82000000 4962.08000000
v 3641.45000000 4597.57000000 4957.55000000
v 3019.16000000 4520.27000000 4951.65000000
v 3547.25000000 4603.52000000 4955.95000000
v 3702.54000000 4647.40000000 4956.90000000
v 3100.82000000 4609.93000000 4966.95000000
v 3425.26000000 4654.84000000 4958.79000000
v 3194.11000000 4664.94000000 4979.50000000
v 3712.40000000 4867.77000000 4974.12000000
v 2386.32000000 4917.78000000 4946.67000000
v 2435.46000000 4994.66000000 4957.32000000
v 3663.68000000 5072.72000000 4992.54000000
v 2487.77000000 5068.73000000 4964.71000000
v 2532.21000000 5128.75000000 4967.06000000
v 3646.55000000 5230.18000000 5023.80000000
v 3584.06000000 5434.87000000 4976.34000000
v 2514.52000000 5469.92000000 4964.88000000
v 2495.91000000 5713.40000000 4949.97000000
v 2542.94000000 5859.53000000 4955.12000000
v 3204.74000000 6068.15000000 4976.32000000
v 3274.59000000 6097.42000000 4987.42000000
v 3465.66000000 6163.42000000 4980.07000000
v 2479.36000000 4105.85000000 4951.07000000
v 2540.53000000 4144.71000000 5012.31000000
v 2302.44000000 4276.74000000 4956.21000000
v 2324.15000000 4396.00000000 4994.00000000
v 3559.57000000 4622.06000000 4989.54000000
v 2370.35000000 4765.18000000 4992.31000000
v 3414.63000000 4699.62000000 5016.36000000
v 3501.56000000 4667.98000000 5012.90000000
v 3717.58000000 4718.13000000 5004.87000000
v 3729.81000000 4792.08000000 4999.38000000
v 2381.89000000 4865.34000000 4970.50000000
v 3727.50000000 4865.52000000 5007.23000000
v 2445.47000000 4972.45000000 4989.59000000
v 2573.70000000 5186.94000000 4974.38000000
v 3599.14000000 5340.49000000 4982.53000000
v 2604.18000000 5268.75000000 4980.50000000
v 2587.29000000 5338.74000000 4963.08000000
v 3602.70000000 5571.08000000 5019.35000000
v 2535.30000000 5645.30000000 4999.32000000
v 2569.68000000 5758.96000000 5014.50000000
v 2606.18000000 5951.94000000 4947.66000000
v 2785.04000000 5890.06000000 5016.33000000
v 3098.17000000 6017.59000000 4973.24000000
v 3498.75000000 6151.40000000 4977.68000000
v 2433.81000000 4138.91000000 4980.63000000
v 2411.16000000 4220.35000000 5019.14000000
v 2391.04000000 4297.46000000 5026.29000000
v 2388.99000000 4537.33000000 5042.92000000
v 3624.69000000 4631.69000000 5012.88000000
v 3668.71000000 4633.75000000 5000.38000000
v 3693.63000000 4655.49000000 4987.31000000
v 3256.22000000 4689.50000000 5012.90000000
v 3333.25000000 4706.04000000 5017.03000000
v 2485.35000000 5046.86000000 4988.05000000
v 2536.79000000 5120.14000000 4989.66000000
v 2623.27000000 5271.18000000 5012.53000000
v 2624.20000000 5358.65000000 5021.97000000
v 2558.68000000 5407.07000000 4971.98000000
v 2541.88000000 5551.65000000 4998.67000000
v 3616.27000000 5688.98000000 5056.79000000
v 2605.89000000 5874.41000000 4986.61000000
v 3604.51000000 5895.26000000 5012.44000000
v 2988.98000000 5939.32000000 5011.70000000
v 3167.95000000 5971.66000000 5047.67000000
v 3311.93000000 6027.80000000 5062.33000000
v 2493.25000000 4143.48000000 5021.74000000
v 2646.27000000 4258.58000000 5108.41000000
v 2367.92000000 4264.05000000 5000.01000000
v 2811.88000000 4378.84000000 5067.03000000
v 2732.32000000 4327.59000000 5099.86000000
v 2415.12000000 4446.34000000 5062.44000000
v 3107.88000000 4633.24000000 5038.40000000
v 3692.95000000 4706.87000000 5033.41000000
v 3172.24000000 4673.09000000 5043.10000000
v 3297.19000000 4725.07000000 5053.96000000
v 3726.91000000 4851.38000000 5047.86000000
v 3728.13000000 4898.23000000 5039.18000000
v 2481.33000000 4882.22000000 5050.31000000
v 3715.04000000 4983.39000000 5044.65000000
v 3689.04000000 5103.78000000 5043.54000000
v 2606.09000000 5186.32000000 5027.96000000
v 3630.10000000 5429.10000000 5045.70000000
v 2583.52000000 5478.91000000 5015.27000000
v 2617.52000000 5677.05000000 5087.52000000
v 2674.58000000 5863.67000000 5018.33000000
v 3603.13000000 5938.87000000 5057.53000000
v 3531.94000000 6095.74000000 5027.79000000
v 3571.28000000 6010.41000000 5066.46000000
v 3473.14000000 6089.44000000 5042.49000000
v 2895.63000000 4449.02000000 5054.09000000
v 2434.34000000 4362.43000000 5071.09000000
v 3576.59000000 4680.27000000 5049.53000000
v 2458.15000000 4692.73000000 5076.27000000
v 3216.67000000 4713.34000000 5081.91000000
v 3381.15000000 4752.18000000 5084.92000000
v 3708.25000000 4805.99000000 5064.36000000
v 2535.32000000 5046.25000000 5029.01000000
v 2656.99000000 5262.31000000 5068.70000000
v 2610.47000000 5561.03000000 5059.40000000
v 2696.57000000 5827.10000000 5050.16000000
v 3149.40000000 5886.79000000 5134.94000000
v 2532.91000000 4175.67000000 5074.16000000
v 2487.69000000 4183.93000000 5055.58000000
v 2583.21000000 4195.00000000 5062.62000000
v 2455.32000000 4281.96000000 5076.88000000
v 2999.48000000 4549.03000000 5044.18000000
v 3655.29000000 4689.98000000 5051.06000000
v 3620.63000000 4680.65000000 5052.81000000
v 3502.77000000 4729.68000000 5076.61000000
v 3675.68000000 4776.20000000 5082.61000000
v 3720.85000000 4950.04000000 5078.62000000
v 3708.54000000 5109.61000000 5092.79000000
v 2628.24000000 5057.20000000 5101.09000000
v 2682.88000000 5146.60000000 5129.48000000
v 3694.04000000 5218.34000000 5101.57000000
v 2685.27000000 5369.86000000 5114.67000000
v 3674.28000000 5390.00000000 5117.45000000
v 2638.02000000 5452.06000000 5066.50000000
v 3646.96000000 5552.46000000 5108.46000000
v 3638.83000000 5694.94000000 5135.50000000
v 3619.50000000 5756.85000000 5079.97000000
v 2632.37000000 5729.24000000 5090.05000000
v 2649.78000000 5791.76000000 5055.41000000
v 3621.62000000 5796.34000000 5101.09000000
v 2918.05000000 5848.91000000 5085.63000000
v 3407.22000000 6035.22000000 5087.15000000
v 3540.83000000 6040.39000000 5072.77000000
v 2495.80000000 4239.88000000 5096.09000000
v 2475.01000000 4473.79000000 5106.98000000
v 2875.41000000 4485.94000000 5107.26000000
v 2491.33000000 4576.61000000 5117.20000000
v 3108.81000000 4668.59000000 5104.58000000
v 3289.92000000 4763.60000000 5121.13000000
v 3711.10000000 4904.81000000 5097.68000000
v 2572.58000000 4950.95000000 5094.34000000
v 3712.75000000 5054.62000000 5112.33000000
v 2646.54000000 4881.90000000 5171.85000000
v 2720.45000000 5260.88000000 5169.86000000
v 2658.60000000 5599.44000000 5136.15000000
v 2683.24000000 5735.25000000 5131.61000000
v 2771.14000000 5795.07000000 5098.32000000
v 3277.85000000 5939.66000000 5135.55000000
v 3601.22000000 5900.58000000 5133.60000000
v 3565.59000000 5974.94000000 5119.77000000
v 2537.97000000 4214.59000000 5106.49000000
v 2576.84000000 4224.82000000 5112.49000000
v 2530.10000000 4354.54000000 5144.79000000
v 2759.90000000 4407.47000000 5160.65000000
v 2973.94000000 4591.91000000 5120.65000000
v 3611.88000000 4754.47000000 5088.52000000
v 3358.59000000 4793.04000000 5142.94000000
v 3452.01000000 4796.19000000 5135.15000000
v 3694.05000000 4862.33000000 5104.59000000
v 2565.19000000 4791.39000000 5134.95000000
v 3710.14000000 4997.21000000 5122.53000000
v 3705.78000000 5195.80000000 5144.49000000
v 2688.05000000 5494.12000000 5157.53000000
v 3673.28000000 5490.72000000 5153.91000000
v 2894.80000000 5805.76000000 5121.55000000
v 3045.53000000 5821.86000000 5173.40000000
v 3376.52000000 5934.04000000 5181.96000000
v 3581.78000000 5889.73000000 5177.98000000
v 2570.19000000 4247.38000000 5144.80000000
v 2692.81000000 4347.71000000 5172.83000000
v 2864.80000000 4552.17000000 5170.04000000
v 3045.90000000 4669.71000000 5150.81000000
v 3208.16000000 4752.17000000 5145.41000000
v 3550.67000000 4788.91000000 5118.06000000
v 3615.28000000 4859.68000000 5143.40000000
v 3531.21000000 4871.78000000 5165.17000000
v 3662.06000000 4862.20000000 5122.73000000
v 3687.92000000 4991.20000000 5155.55000000
v 3697.76000000 5140.06000000 5174.11000000
v 3695.76000000 5315.49000000 5152.72000000
v 3682.96000000 5446.42000000 5176.45000000
v 2742.10000000 5368.71000000 5210.41000000
v 2672.74000000 5696.44000000 5155.24000000
v 2677.92000000 5655.61000000 5180.02000000
v 2830.03000000 5736.57000000 5230.08000000
v 2924.52000000 5781.72000000 5184.18000000
v 3536.48000000 5966.51000000 5141.98000000
v 3462.27000000 5965.02000000 5157.55000000
v 2545.01000000 4264.90000000 5134.69000000
v 2601.04000000 4272.55000000 5158.50000000
v 2559.13000000 4495.86000000 5177.75000000
v 2802.26000000 4473.06000000 5173.79000000
v 2970.32000000 4654.30000000 5173.64000000
v 2577.08000000 4620.31000000 5181.46000000
v 3131.76000000 4731.42000000 5162.58000000
v 3290.05000000 4792.70000000 5160.36000000
v 3603.43000000 4973.43000000 5196.08000000
v 2719.22000000 5017.34000000 5201.05000000
v 2741.51000000 5158.12000000 5204.55000000
v 2749.63000000 5494.95000000 5256.17000000
v 3663.29000000 5566.25000000 5181.84000000
v 2718.59000000 5594.25000000 5232.73000000
v 3643.02000000 5682.19000000 5191.98000000
v 3612.64000000 5803.64000000 5174.60000000
v 2575.46000000 4296.94000000 5164.71000000
v 2642.06000000 4316.35000000 5178.01000000
v 2586.38000000 4352.04000000 5190.50000000
v 2608.26000000 4412.90000000 5214.85000000
v 2709.20000000 4396.47000000 5207.26000000
v 2912.08000000 4656.85000000 5198.84000000
v 3065.82000000 4720.95000000 5182.33000000
v 2653.36000000 4722.02000000 5217.84000000
v 3336.80000000 4818.66000000 5174.74000000
v 3410.19000000 4858.32000000 5181.17000000
v 3429.72000000 4944.84000000 5219.31000000
v 3648.61000000 4946.04000000 5164.16000000
v 3650.86000000 5062.55000000 5211.66000000
v 3687.92000000 5334.78000000 5203.46000000
v 3673.48000000 5477.22000000 5218.83000000
v 2722.95000000 5674.33000000 5239.86000000
v 2750.77000000 5703.49000000 5233.90000000
v 3060.61000000 5792.60000000 5239.13000000
v 3196.72000000 5831.83000000 5243.37000000
v 3276.39000000 5869.47000000 5223.74000000
v 3553.27000000 5893.61000000 5203.94000000
v 3421.52000000 5839.39000000 5288.57000000
v 3507.20000000 5884.14000000 5226.47000000
v 2618.45000000 4348.83000000 5198.38000000
v 2768.77000000 4509.72000000 5219.96000000
v 2618.81000000 4515.15000000 5225.67000000
v 2861.23000000 4644.71000000 5220.49000000
v 2976.65000000 4781.65000000 5243.82000000
v 3084.40000000 4775.49000000 5212.77000000
v 3195.31000000 4777.78000000 5179.43000000
v 2725.61000000 4838.28000000 5242.50000000
v 3274.76000000 4852.96000000 5205.20000000
v 3542.79000000 5070.36000000 5251.65000000
v 3669.32000000 5182.29000000 5229.89000000
v 3682.90000000 5256.62000000 5218.85000000
v 2786.69000000 5245.42000000 5257.05000000
v 2724.03000000 5645.70000000 5245.48000000
v 3121.03000000 5807.58000000 5249.08000000
v 2682.69000000 4400.95000000 5213.87000000
v 2656.90000000 4587.30000000 5245.14000000
v 2891.20000000 4770.92000000 5269.90000000
v 3608.04000000 5088.76000000 5241.39000000
v 2792.21000000 5096.31000000 5263.15000000
v 3665.39000000 5332.00000000 5255.25000000
v 3653.36000000 5578.60000000 5239.27000000
v 3629.65000000 5675.70000000 5239.42000000
v 2819.02000000 5706.19000000 5316.39000000
v 2906.23000000 5721.61000000 5360.23000000
v 3022.11000000 5763.33000000 5290.88000000
v 2657.35000000 4424.12000000 5235.36000000
v 2810.64000000 4644.21000000 5254.74000000
v 2788.90000000 4693.35000000 5277.27000000
v 3213.78000000 4922.68000000 5251.10000000
v 2791.65000000 4977.19000000 5269.69000000
v 3409.64000000 5072.01000000 5275.22000000
v 3593.95000000 5158.61000000 5274.73000000
v 3627.32000000 5172.29000000 5260.26000000
v 3660.35000000 5457.89000000 5253.49000000
v 2766.10000000 5643.90000000 5313.49000000
v 2784.09000000 5679.73000000 5317.84000000
v 2999.03000000 5740.55000000 5352.22000000
v 3587.81000000 5740.15000000 5267.90000000
v 3158.62000000 5788.58000000 5310.64000000
v 3544.76000000 5836.84000000 5245.63000000
v 3337.61000000 5843.24000000 5280.39000000
v 2703.67000000 4489.94000000 5250.91000000
v 2657.69000000 4494.27000000 5242.24000000
v 2752.90000000 4575.97000000 5257.12000000
v 2714.43000000 4691.47000000 5257.64000000
v 2786.77000000 4794.35000000 5275.58000000
v 2854.54000000 4789.52000000 5287.09000000
v 2816.67000000 4905.51000000 5287.98000000
v 3039.22000000 4907.41000000 5285.27000000
v 3223.18000000 5066.17000000 5304.93000000
v 3525.50000000 5169.00000000 5291.97000000
v 3631.55000000 5298.45000000 5287.01000000
v 2810.40000000 5385.19000000 5317.20000000
v 2776.38000000 5553.26000000 5317.35000000
v 3628.82000000 5585.18000000 5272.86000000
v 3493.80000000 5810.47000000 5294.51000000
v 2713.30000000 4587.79000000 5254.26000000
v 2846.11000000 4832.77000000 5295.97000000
v 2838.34000000 4878.46000000 5297.51000000
v 2922.52000000 4908.86000000 5308.40000000
v 2876.87000000 4951.65000000 5315.64000000
v 2851.49000000 4992.05000000 5308.63000000
v 2845.67000000 5060.71000000 5308.23000000
v 2851.11000000 5186.61000000 5325.08000000
v 3408.75000000 5204.19000000 5322.19000000
v 3586.23000000 5229.63000000 5294.93000000
v 3631.02000000 5451.02000000 5290.09000000
v 3537.60000000 5774.33000000 5296.00000000
v 3545.75000000 5716.71000000 5323.52000000
v 3258.15000000 5811.64000000 5305.44000000
v 3045.62000000 5034.87000000 5327.65000000
v 3147.78000000 5158.39000000 5349.32000000
v 3265.95000000 5204.53000000 5342.13000000
v 3524.63000000 5268.73000000 5325.80000000
v 3437.29000000 5356.65000000 5367.16000000
v 2867.46000000 5294.45000000 5370.74000000
v 3581.44000000 5313.82000000 5318.57000000
v 3593.24000000 5416.69000000 5324.34000000
v 2819.99000000 5506.80000000 5384.88000000
v 3567.42000000 5590.09000000 5328.51000000
v 2861.51000000 5707.12000000 5417.12000000
v 3130.70000000 5752.51000000 5401.20000000
v 3483.33000000 5750.14000000 5339.22000000
v 3439.87000000 5782.70000000 5332.19000000
v 3314.67000000 5777.07000000 5369.77000000
v 2945.25000000 5061.83000000 5351.97000000
v 2887.63000000 5089.32000000 5341.42000000
v 3034.53000000 5157.65000000 5377.17000000
v 2910.29000000 5219.33000000 5403.40000000
v 3236.84000000 5283.39000000 5371.02000000
v 3333.50000000 5286.49000000 5356.86000000
v 3535.16000000 5369.83000000 5344.52000000
v 2854.62000000 5394.96000000 5395.95000000
v 3540.91000000 5469.86000000 5354.98000000
v 2810.16000000 5660.57000000 5419.41000000
v 3475.77000000 5686.58000000 5366.37000000
v 2827.70000000 5688.36000000 5416.73000000
v 3403.98000000 5745.39000000 5367.72000000
v 2922.75000000 5136.78000000 5374.51000000
v 2963.48000000 5178.17000000 5405.13000000
v 3138.28000000 5243.45000000 5381.82000000
v 3319.35000000 5371.61000000 5387.98000000
v 2894.77000000 5319.61000000 5435.33000000
v 3497.70000000 5423.19000000 5368.79000000
v 2879.13000000 5384.21000000 5444.86000000
v 3379.42000000 5451.83000000 5408.04000000
v 3494.58000000 5489.27000000 5381.68000000
v 2861.06000000 5468.88000000 5482.39000000
v 3489.45000000 5554.84000000 5382.76000000
v 2804.55000000 5599.00000000 5400.98000000
v 3462.58000000 5622.14000000 5387.88000000
v 2940.35000000 5720.44000000 5463.45000000
v 3031.65000000 5734.44000000 5435.14000000
v 3230.74000000 5767.15000000 5388.33000000
v 3010.27000000 5198.94000000 5410.14000000
v 3083.37000000 5269.15000000 5416.81000000
v 3208.32000000 5350.70000000 5407.44000000
v 3289.02000000 5436.88000000 5426.80000000
v 3453.13000000 5447.45000000 5386.63000000
v 3419.28000000 5517.06000000 5412.07000000
v 2831.83000000 5562.04000000 5475.06000000
v 3398.32000000 5599.69000000 5426.03000000
v 3393.12000000 5675.83000000 5410.89000000
v 2851.09000000 5701.00000000 5497.78000000
v 3265.01000000 5744.24000000 5446.85000000
v 3005.57000000 5238.76000000 5441.16000000
v 3058.51000000 5303.49000000 5466.38000000
v 2930.74000000 5290.95000000 5497.08000000
v 3143.27000000 5366.84000000 5449.12000000
v 3216.45000000 5419.17000000 5447.20000000
v 3334.76000000 5489.59000000 5438.93000000
v 3371.31000000 5500.61000000 5428.19000000
v 3333.70000000 5533.36000000 5457.65000000
v 3315.79000000 5721.51000000 5442.03000000
v 2885.95000000 5721.55000000 5527.38000000
v 3211.43000000 5746.87000000 5453.07000000
v 2959.83000000 5247.26000000 5464.72000000
v 2996.65000000 5274.70000000 5501.88000000
v 3098.51000000 5360.33000000 5493.78000000
v 3175.76000000 5429.05000000 5495.35000000
v 3267.85000000 5470.56000000 5462.37000000
v 2830.07000000 5630.17000000 5507.81000000
v 3320.42000000 5593.65000000 5481.76000000
v 3332.68000000 5653.85000000 5465.40000000
v 2838.33000000 5678.89000000 5507.52000000
v 2941.72000000 5730.45000000 5529.68000000
v 3017.45000000 5742.59000000 5541.57000000
v 3133.56000000 5742.90000000 5504.85000000
v 2898.71000000 5379.52000000 5509.88000000
v 3239.31000000 5489.88000000 5506.79000000
v 3270.35000000 5543.01000000 5540.02000000
v 3281.19000000 5603.58000000 5555.42000000
v 3278.42000000 5686.46000000 5534.78000000
v 3228.26000000 5729.90000000 5519.74000000
v 2968.53000000 5294.43000000 5554.57000000
v 3042.81000000 5319.53000000 5530.33000000
v 3099.73000000 5380.61000000 5552.01000000
v 3167.78000000 5448.79000000 5563.95000000
v 2853.59000000 5565.14000000 5550.26000000
v 3297.19000000 5638.12000000 5520.41000000
v 3093.01000000 5748.12000000 5569.57000000
v 3003.11000000 5299.87000000 5565.49000000
v 2888.69000000 5478.76000000 5583.33000000
v 3214.14000000 5496.79000000 5574.56000000
v 3274.55000000 5653.61000000 5568.27000000
v 2867.07000000 5707.58000000 5575.27000000
v 2890.24000000 5730.84000000 5593.51000000
v 2926.62000000 5738.92000000 5574.85000000
v 2931.99000000 5374.73000000 5586.40000000
v 3042.73000000 5337.81000000 5590.55000000
v 3100.61000000 5398.17000000 5607.55000000
v 3252.21000000 5579.78000000 5607.81000000
v 3226.49000000 5713.85000000 5600.64000000
v 3051.77000000 5751.70000000 5588.39000000
v 3116.38000000 5741.02000000 5598.72000000
v 2998.92000000 5318.72000000 5608.82000000
v 3163.63000000 5464.11000000 5614.31000000
v 3213.96000000 5518.41000000 5608.64000000
v 2857.42000000 5644.67000000 5579.29000000
v 3254.08000000 5678.72000000 5595.23000000
v 2991.39000000 5747.14000000 5606.30000000
v 2974.97000000 5339.81000000 5620.48000000
v 2873.05000000 5575.26000000 5604.26000000
v 3256.02000000 5639.70000000 5606.11000000
v 2872.23000000 5682.16000000 5613.18000000
v 2897.73000000 5702.10000000 5630.72000000
v 2926.59000000 5732.28000000 5611.86000000
v 3007.51000000 5336.36000000 5640.35000000
v 3045.42000000 5360.67000000 5628.89000000
v 2953.49000000 5399.17000000 5642.65000000
v 2923.13000000 5451.98000000 5629.85000000
v 3094.94000000 5414.78000000 5646.31000000
v 2902.15000000 5539.28000000 5637.06000000
v 3211.98000000 5555.98000000 5647.25000000
v 3228.59000000 5623.85000000 5645.78000000
v 3221.59000000 5683.19000000 5635.47000000
v 3182.29000000 5719.44000000 5633.06000000
v 3095.15000000 5736.76000000 5648.12000000
v 3028.96000000 5742.76000000 5638.83000000
v 3038.96000000 5371.13000000 5652.52000000
v 3162.63000000 5492.58000000 5646.83000000
v 2884.87000000 5630.94000000 5622.37000000
v 2965.81000000 5730.28000000 5639.39000000
v 3053.02000000 5722.21000000 5664.37000000
v 2999.82000000 5382.40000000 5654.61000000
v 3051.45000000 5403.72000000 5662.39000000
v 2947.86000000 5480.20000000 5658.22000000
v 3112.29000000 5466.07000000 5667.85000000
v 3174.14000000 5534.32000000 5665.47000000
v 2919.14000000 5606.61000000 5652.18000000
v 3192.54000000 5605.08000000 5668.64000000
v 3195.02000000 5662.89000000 5662.80000000
v 2968.13000000 5674.26000000 5664.15000000
v 3150.62000000 5702.02000000 5653.98000000
v 3042.12000000 5490.68000000 5676.00000000
v 2976.76000000 5569.40000000 5672.79000000
v 3031.59000000 5579.58000000 5685.12000000
v 3074.07000000 5597.21000000 5687.83000000
v 3125.65000000 5561.99000000 5675.64000000
v 3036.35000000 5634.20000000 5682.00000000
v 3105.61000000 5649.65000000 5672.44000000
v 3040.04000000 5670.68000000 5670.28000000
f 1 2 3
f 4 1 3
f 3 2 5
f 4 3 6
f 6 7 4
f 6 3 5
f 8 7 6
f 6 5 9
f 9 10 6
f 11 12 13
f 14 15 1
f 12 14 1
f 1 15 16
f 13 12 1
f 1 16 2
f 4 13 1
f 4 17 13
f 7 17 4
f 5 2 16
f 18 5 16
f 19 7 8
f 5 20 9
f 18 20 5
f 8 21 19
f 9 20 22
f 9 22 10
f 8 6 23
f 23 21 8
f 10 23 6
f 21 23 24
f 25 10 22
f 10 25 23
f 14 26 15
f 11 14 12
f 15 26 27
f 15 27 16
f 7 28 17
f 19 28 7
f 20 29 22
f 22 30 25
f 25 30 31
f 25 32 23
f 32 24 23
f 32 25 31
f 33 11 34
f 14 35 26
f 35 36 26
f 11 35 14
f 17 34 11
f 11 13 17
f 37 18 16
f 28 19 38
f 19 21 38
f 38 21 39
f 39 21 40
f 41 22 29
f 22 41 30
f 21 24 40
f 31 30 42
f 40 24 43
f 32 43 24
f 44 45 26
f 36 44 26
f 33 35 11
f 26 45 27
f 46 34 17
f 17 28 46
f 27 37 16
f 20 47 48
f 47 20 18
f 20 48 29
f 39 40 49
f 32 31 42
f 50 40 43
f 51 50 43
f 32 42 52
f 32 51 43
f 32 52 51
f 35 33 53
f 54 35 53
f 44 55 45
f 36 54 44
f 54 55 44
f 35 54 36
f 45 56 27
f 37 27 56
f 57 37 56
f 28 38 58
f 37 47 18
f 42 30 59
f 49 40 50
f 42 59 60
f 52 42 60
f 52 61 51
f 60 61 52
f 53 33 62
f 55 63 45
f 33 34 62
f 62 34 46
f 45 64 56
f 46 28 65
f 65 28 58
f 37 57 66
f 48 67 29
f 67 41 29
f 41 67 30
f 49 50 68
f 50 51 61
f 50 61 69
f 50 69 68
f 54 53 70
f 71 72 63
f 55 71 63
f 73 71 55
f 54 73 55
f 64 63 72
f 45 63 64
f 74 62 46
f 37 66 47
f 48 47 75
f 67 59 30
f 76 49 68
f 77 59 67
f 59 78 60
f 79 78 59
f 60 78 61
f 61 80 69
f 80 61 78
f 54 70 81
f 70 53 62
f 72 82 64
f 64 82 56
f 83 47 66
f 78 84 80
f 85 86 72
f 71 85 72
f 81 73 54
f 72 86 82
f 82 87 56
f 56 87 57
f 87 88 57
f 57 88 89
f 57 89 66
f 83 75 47
f 75 67 48
f 39 49 76
f 90 76 68
f 77 79 59
f 68 69 91
f 78 79 84
f 80 92 69
f 80 84 93
f 92 80 93
f 94 85 73
f 73 85 71
f 95 70 62
f 86 87 82
f 46 65 96
f 66 89 83
f 97 39 76
f 97 38 39
f 98 67 75
f 98 77 67
f 99 79 77
f 100 91 69
f 92 100 69
f 79 101 84
f 84 101 102
f 93 84 102
f 103 85 104
f 94 104 85
f 85 103 86
f 95 81 70
f 95 62 105
f 86 103 87
f 87 106 88
f 65 58 107
f 58 38 97
f 108 98 75
f 99 77 98
f 68 91 90
f 99 101 79
f 102 101 109
f 102 110 93
f 104 111 103
f 94 112 104
f 113 112 94
f 73 113 94
f 114 73 81
f 115 81 95
f 103 116 87
f 105 62 74
f 87 116 106
f 74 46 96
f 106 117 88
f 88 117 89
f 118 89 117
f 107 58 97
f 89 118 119
f 83 89 119
f 108 83 119
f 75 83 108
f 120 76 121
f 121 76 90
f 122 90 91
f 122 91 100
f 99 109 101
f 92 123 100
f 102 124 110
f 93 110 92
f 112 111 104
f 114 113 73
f 81 115 114
f 111 116 103
f 95 105 115
f 116 125 106
f 117 106 126
f 97 76 120
f 108 119 127
f 121 90 122
f 98 108 128
f 128 99 98
f 92 129 123
f 109 130 102
f 92 110 129
f 102 130 124
f 131 112 132
f 112 131 111
f 113 114 133
f 134 114 135
f 131 136 116
f 111 131 116
f 114 115 135
f 116 136 125
f 135 115 105
f 137 105 74
f 137 74 96
f 125 138 106
f 138 126 106
f 96 65 107
f 119 139 140
f 127 119 140
f 127 128 108
f 121 122 141
f 122 100 142
f 100 123 143
f 110 124 144
f 145 146 131
f 132 145 131
f 113 132 112
f 146 147 136
f 131 146 136
f 136 147 125
f 126 138 148
f 148 117 126
f 119 118 139
f 99 128 109
f 100 143 142
f 149 130 109
f 124 130 150
f 145 151 146
f 146 151 147
f 152 145 132
f 153 152 132
f 113 153 132
f 114 154 133
f 134 154 114
f 147 138 125
f 155 148 138
f 117 148 118
f 148 156 118
f 157 97 120
f 118 156 139
f 140 158 127
f 128 159 109
f 109 159 149
f 110 144 129
f 124 150 160
f 124 160 144
f 161 145 162
f 162 145 152
f 145 161 151
f 151 163 147
f 163 164 147
f 134 135 165
f 147 164 166
f 135 105 167
f 147 166 138
f 168 139 156
f 140 139 158
f 127 158 128
f 128 158 159
f 129 169 123
f 123 169 170
f 129 144 169
f 152 171 162
f 171 152 153
f 151 161 163
f 163 172 173
f 163 173 164
f 113 174 153
f 133 174 113
f 165 135 167
f 166 175 138
f 138 175 155
f 176 96 107
f 148 155 177
f 157 107 97
f 177 156 148
f 178 156 177
f 139 168 179
f 121 141 180
f 139 179 158
f 150 130 149
f 160 181 144
f 162 182 161
f 161 182 172
f 163 161 172
f 167 105 137
f 175 177 155
f 183 157 120
f 156 184 168
f 158 185 159
f 142 143 186
f 123 170 143
f 169 144 187
f 144 181 187
f 188 189 182
f 190 188 182
f 190 171 191
f 162 190 182
f 189 192 173
f 182 189 173
f 171 190 162
f 182 173 172
f 153 193 171
f 174 193 153
f 192 164 173
f 133 154 194
f 195 164 192
f 164 195 166
f 165 167 196
f 195 175 166
f 175 195 197
f 198 137 96
f 177 175 197
f 176 107 157
f 178 184 156
f 121 183 120
f 168 184 199
f 180 141 200
f 199 179 168
f 158 179 185
f 159 185 201
f 149 159 201
f 186 143 170
f 170 169 202
f 150 149 203
f 202 169 204
f 187 204 169
f 203 160 150
f 205 160 203
f 205 181 160
f 206 207 188
f 190 206 188
f 207 208 189
f 188 207 189
f 191 206 190
f 209 189 208
f 191 171 210
f 189 209 192
f 195 192 209
f 211 154 134
f 134 165 211
f 165 196 211
f 198 167 137
f 197 212 177
f 212 213 177
f 177 213 178
f 183 121 180
f 200 141 214
f 199 215 179
f 141 122 214
f 122 142 214
f 214 142 186
f 185 179 215
f 215 201 185
f 149 201 216
f 149 216 203
f 205 187 181
f 205 217 187
f 204 187 218
f 219 206 220
f 206 219 207
f 221 191 210
f 222 207 219
f 191 221 206
f 207 222 208
f 223 208 222
f 208 223 209
f 210 171 224
f 224 171 193
f 223 225 209
f 193 174 226
f 133 194 174
f 209 225 195
f 227 195 225
f 167 198 228
f 195 227 197
f 227 212 197
f 184 178 229
f 184 229 199
f 201 215 230
f 203 231 205
f 205 231 217
f 217 218 187
f 221 220 206
f 221 210 232
f 233 210 224
f 224 193 226
f 223 234 225
f 194 226 174
f 235 194 154
f 225 236 227
f 196 167 228
f 236 237 227
f 170 238 186
f 218 239 204
f 217 240 218
f 240 241 218
f 240 217 231
f 221 242 220
f 221 232 242
f 220 243 219
f 222 219 243
f 233 232 210
f 222 243 244
f 223 244 245
f 223 222 244
f 245 234 223
f 235 226 194
f 234 246 225
f 211 247 154
f 247 211 248
f 249 225 246
f 211 196 248
f 225 249 236
f 198 96 250
f 250 96 176
f 227 237 212
f 251 212 237
f 176 157 252
f 251 213 212
f 213 253 178
f 178 254 229
f 180 200 255
f 229 256 199
f 199 256 215
f 256 257 215
f 215 257 230
f 258 186 238
f 230 259 201
f 238 170 239
f 201 259 216
f 170 202 239
f 202 204 239
f 216 260 203
f 231 203 260
f 239 218 241
f 231 261 240
f 262 261 231
f 240 263 241
f 264 241 263
f 263 240 261
f 265 264 263
f 266 263 261
f 265 263 266
f 262 267 261
f 268 261 267
f 266 261 268
f 269 265 266
f 266 268 269
f 269 268 270
f 271 269 270
f 270 268 267
f 220 272 243
f 220 273 272
f 273 220 242
f 243 274 244
f 226 275 224
f 235 154 247
f 228 248 196
f 249 237 236
f 250 176 252
f 237 276 251
f 252 157 183
f 213 251 277
f 254 278 229
f 229 278 256
f 214 186 279
f 280 281 238
f 239 280 238
f 280 239 241
f 241 282 280
f 282 241 264
f 283 282 264
f 283 264 265
f 269 283 265
f 269 271 284
f 267 285 270
f 270 286 271
f 287 284 271
f 286 287 271
f 288 270 285
f 286 270 288
f 232 289 242
f 243 290 274
f 290 243 272
f 224 275 233
f 245 244 291
f 235 275 226
f 248 292 247
f 249 246 293
f 294 237 249
f 251 276 295
f 213 277 253
f 183 180 296
f 178 253 254
f 297 254 253
f 186 258 279
f 298 258 238
f 298 238 281
f 216 259 299
f 216 299 260
f 300 280 282
f 231 260 262
f 301 282 283
f 269 302 283
f 284 302 269
f 267 262 303
f 304 302 284
f 305 285 306
f 288 285 305
f 307 286 288
f 307 288 305
f 233 308 232
f 308 233 309
f 233 275 309
f 244 274 291
f 235 310 275
f 291 311 245
f 312 310 235
f 247 312 235
f 234 245 246
f 246 245 313
f 248 228 314
f 314 228 315
f 315 228 198
f 294 249 293
f 316 294 293
f 276 237 294
f 277 251 295
f 297 253 277
f 257 317 230
f 259 230 299
f 300 318 281
f 281 280 300
f 319 300 282
f 301 319 282
f 262 260 320
f 301 283 302
f 284 287 304
f 304 287 321
f 285 267 306
f 286 307 287
f 305 306 322
f 323 305 322
f 323 307 305
f 242 324 273
f 289 324 242
f 232 308 289
f 274 290 325
f 292 248 314
f 246 326 293
f 327 294 316
f 295 276 294
f 297 328 254
f 254 328 278
f 256 278 257
f 329 257 278
f 279 258 330
f 330 258 298
f 317 299 230
f 331 298 281
f 300 319 318
f 332 318 319
f 319 301 333
f 334 319 333
f 335 334 333
f 301 302 333
f 336 333 302
f 262 320 303
f 336 302 304
f 303 306 267
f 321 287 337
f 287 307 338
f 339 272 273
f 290 272 340
f 339 340 272
f 325 291 274
f 310 309 275
f 312 247 341
f 342 247 292
f 313 326 246
f 326 343 293
f 198 250 315
f 293 343 316
f 252 183 344
f 345 295 294
f 295 346 277
f 296 180 255
f 277 346 347
f 347 297 277
f 255 200 348
f 348 200 214
f 279 348 214
f 328 349 278
f 330 298 350
f 350 298 331
f 351 331 281
f 318 351 281
f 318 332 352
f 353 332 319
f 319 334 353
f 354 353 355
f 355 353 334
f 356 354 355
f 356 355 357
f 355 334 335
f 357 355 358
f 333 336 335
f 336 359 335
f 355 335 359
f 358 355 359
f 336 304 360
f 304 321 360
f 303 361 306
f 287 338 337
f 323 362 307
f 324 363 273
f 289 308 364
f 289 364 324
f 340 365 290
f 312 366 310
f 312 341 366
f 311 367 245
f 367 313 245
f 292 314 368
f 292 368 342
f 344 183 296
f 294 327 345
f 346 295 345
f 369 297 347
f 297 369 328
f 328 369 349
f 329 349 370
f 278 349 329
f 329 370 257
f 331 351 371
f 351 318 352
f 352 372 373
f 332 372 352
f 332 353 372
f 374 372 353
f 299 375 260
f 374 353 354
f 356 374 354
f 374 356 376
f 377 376 356
f 357 377 356
f 357 358 378
f 378 377 357
f 379 358 359
f 336 379 359
f 360 379 336
f 380 358 379
f 380 378 358
f 303 320 361
f 322 306 361
f 307 362 338
f 381 322 382
f 381 323 322
f 362 323 381
f 308 309 383
f 309 310 383
f 365 325 290
f 310 366 384
f 291 325 311
f 366 341 385
f 311 386 367
f 386 311 325
f 342 341 247
f 314 315 387
f 326 388 343
f 389 250 252
f 343 390 316
f 316 391 327
f 345 327 391
f 296 255 392
f 347 346 393
f 347 393 369
f 369 394 349
f 257 370 317
f 331 371 395
f 371 351 352
f 373 371 352
f 317 396 299
f 397 373 372
f 374 397 372
f 397 374 398
f 375 299 396
f 374 376 398
f 320 260 375
f 377 378 399
f 400 377 399
f 399 378 401
f 402 401 378
f 320 403 361
f 380 404 378
f 402 378 404
f 380 379 404
f 360 405 379
f 321 337 360
f 322 361 382
f 338 362 406
f 362 381 407
f 324 408 363
f 364 408 324
f 409 339 273
f 363 409 273
f 313 367 326
f 368 314 410
f 387 410 314
f 387 315 411
f 389 412 250
f 390 391 316
f 344 296 392
f 413 345 391
f 392 255 348
f 393 346 345
f 348 279 414
f 394 370 349
f 414 279 330
f 415 330 350
f 416 317 370
f 331 395 350
f 317 416 396
f 397 398 417
f 398 376 418
f 418 376 419
f 376 377 419
f 419 377 400
f 399 401 400
f 320 375 403
f 379 420 404
f 379 405 420
f 360 337 405
f 361 421 382
f 337 338 422
f 406 422 338
f 381 382 423
f 407 406 362
f 383 424 308
f 308 424 364
f 425 365 340
f 340 339 425
f 384 383 310
f 325 426 386
f 426 325 365
f 341 342 427
f 342 368 427
f 315 250 411
f 413 393 345
f 369 393 428
f 369 428 394
f 414 330 429
f 370 430 416
f 431 350 395
f 396 416 432
f 373 397 433
f 397 417 433
f 432 434 396
f 417 398 418
f 403 375 435
f 404 436 402
f 436 404 437
f 421 361 403
f 438 439 382
f 423 382 439
f 408 440 363
f 384 366 441
f 365 442 426
f 366 385 441
f 385 341 427
f 367 443 444
f 367 444 326
f 326 444 388
f 445 411 250
f 445 250 412
f 388 446 343
f 252 344 389
f 391 447 413
f 448 392 348
f 449 413 447
f 393 413 449
f 428 393 450
f 394 428 451
f 451 370 394
f 370 451 430
f 330 415 429
f 395 452 431
f 371 373 453
f 373 433 453
f 433 417 454
f 417 418 455
f 375 396 434
f 418 419 456
f 456 419 457
f 419 400 457
f 401 458 400
f 401 402 458
f 420 437 404
f 421 403 459
f 460 381 423
f 407 381 460
f 364 461 408
f 408 461 440
f 424 461 364
f 363 440 462
f 462 409 363
f 463 425 339
f 425 442 365
f 426 464 386
f 386 464 367
f 368 410 465
f 388 444 446
f 343 446 390
f 391 390 447
f 392 448 466
f 466 448 467
f 448 348 414
f 393 449 450
f 428 450 468
f 468 469 428
f 428 469 451
f 350 431 415
f 395 371 453
f 453 433 470
f 433 454 470
f 454 417 455
f 434 432 471
f 418 472 455
f 418 456 472
f 375 434 473
f 473 435 375
f 403 435 474
f 402 475 458
f 459 403 474
f 475 402 436
f 337 422 476
f 405 337 476
f 382 421 438
f 423 439 477
f 407 460 478
f 383 384 424
f 409 463 339
f 479 441 385
f 442 464 426
f 368 465 427
f 367 464 443
f 387 465 410
f 443 480 444
f 392 466 481
f 390 482 447
f 467 448 414
f 483 449 447
f 484 450 449
f 450 484 468
f 451 469 485
f 451 485 430
f 431 486 415
f 453 470 487
f 488 473 434
f 489 435 473
f 457 400 490
f 435 489 474
f 400 458 490
f 491 436 437
f 475 436 491
f 421 459 492
f 420 405 493
f 493 437 420
f 493 405 476
f 438 421 492
f 423 477 494
f 460 423 494
f 424 384 495
f 441 495 384
f 385 427 496
f 497 465 387
f 464 498 443
f 387 411 499
f 444 480 446
f 480 500 446
f 481 466 501
f 467 502 466
f 467 414 503
f 503 414 429
f 469 468 504
f 505 429 415
f 504 485 469
f 506 454 455
f 432 507 471
f 434 471 488
f 508 456 457
f 488 489 473
f 490 458 509
f 474 510 459
f 509 458 475
f 459 511 492
f 422 512 476
f 439 438 477
f 513 462 440
f 462 514 409
f 515 463 409
f 441 479 495
f 496 479 385
f 442 516 464
f 427 465 496
f 516 498 464
f 499 411 445
f 443 517 480
f 344 518 389
f 446 500 390
f 500 519 390
f 482 390 519
f 501 466 520
f 466 502 520
f 521 520 502
f 467 503 502
f 484 449 483
f 468 484 522
f 504 468 522
f 504 522 523
f 415 486 524
f 486 431 452
f 485 504 523
f 485 523 525
f 485 525 430
f 395 453 452
f 416 430 525
f 453 487 526
f 527 487 470
f 527 470 454
f 454 506 527
f 472 456 508
f 488 471 528
f 528 529 488
f 488 529 489
f 490 530 457
f 474 489 510
f 531 459 510
f 511 459 531
f 437 493 532
f 491 437 532
f 493 476 512
f 422 533 512
f 438 492 534
f 422 406 535
f 407 535 406
f 535 407 478
f 460 494 536
f 461 537 538
f 424 537 461
f 539 462 513
f 424 495 537
f 514 515 409
f 540 442 425
f 497 387 499
f 541 498 516
f 443 498 517
f 412 542 445
f 412 389 542
f 517 500 480
f 344 543 518
f 344 392 543
f 544 519 500
f 543 392 481
f 501 545 546
f 501 546 481
f 547 545 520
f 520 545 501
f 519 548 482
f 549 550 551
f 547 550 549
f 547 520 550
f 482 548 447
f 550 520 552
f 520 521 552
f 447 553 483
f 554 521 502
f 502 503 554
f 555 503 429
f 555 429 505
f 415 524 505
f 556 523 522
f 452 453 526
f 416 525 557
f 432 416 557
f 558 432 557
f 558 507 432
f 472 506 455
f 528 559 529
f 529 559 489
f 510 489 559
f 490 509 560
f 509 475 491
f 493 512 532
f 422 535 533
f 561 477 438
f 494 477 561
f 460 536 562
f 460 562 478
f 461 538 440
f 515 425 463
f 442 540 516
f 465 497 496
f 516 540 563
f 497 499 564
f 516 563 541
f 498 541 517
f 517 541 565
f 517 566 500
f 500 566 544
f 567 543 481
f 544 548 519
f 568 569 570
f 571 570 569
f 568 570 572
f 573 572 570
f 571 573 570
f 574 573 571
f 575 574 571
f 551 574 575
f 576 577 549
f 549 577 547
f 547 577 545
f 578 573 574
f 576 551 575
f 549 551 576
f 551 578 574
f 578 579 573
f 551 550 578
f 548 553 447
f 550 552 578
f 578 552 579
f 553 580 483
f 552 521 581
f 521 582 581
f 521 554 582
f 580 484 483
f 554 583 582
f 583 554 503
f 555 583 503
f 522 584 556
f 452 585 486
f 525 523 556
f 586 525 556
f 487 587 526
f 487 527 587
f 557 525 586
f 507 558 588
f 589 472 590
f 472 508 590
f 507 588 528
f 507 528 471
f 591 559 528
f 508 457 530
f 559 592 510
f 510 593 531
f 594 509 491
f 532 595 491
f 438 534 561
f 536 494 561
f 596 478 562
f 535 478 596
f 440 538 513
f 495 597 537
f 495 479 597
f 598 425 515
f 425 598 540
f 497 599 496
f 564 599 497
f 600 563 601
f 563 600 541
f 565 541 600
f 565 566 517
f 389 518 542
f 566 602 544
f 603 604 605
f 606 603 605
f 607 603 606
f 607 608 569
f 544 602 548
f 602 609 548
f 610 604 603
f 568 603 607
f 569 568 607
f 569 608 611
f 481 546 567
f 568 572 603
f 569 611 571
f 571 611 612
f 546 613 614
f 610 603 572
f 571 612 575
f 575 612 615
f 545 577 613
f 545 613 546
f 576 575 615
f 577 576 615
f 572 573 616
f 616 573 579
f 552 581 579
f 617 579 581
f 581 582 618
f 619 484 580
f 484 619 522
f 583 555 620
f 555 524 620
f 505 524 555
f 486 621 524
f 522 619 584
f 486 585 621
f 452 526 622
f 452 622 585
f 556 623 586
f 624 587 527
f 506 624 527
f 589 506 472
f 528 588 591
f 559 591 592
f 510 592 593
f 511 531 625
f 512 595 532
f 595 512 626
f 534 492 511
f 512 533 626
f 627 561 534
f 538 628 513
f 479 629 597
f 630 514 462
f 629 479 631
f 479 496 631
f 540 598 563
f 632 564 499
f 632 499 633
f 445 633 499
f 601 634 600
f 634 601 635
f 600 636 565
f 600 634 636
f 565 636 566
f 602 566 637
f 638 639 640
f 638 641 639
f 642 638 640
f 638 642 605
f 642 643 605
f 605 604 638
f 604 641 638
f 605 643 606
f 607 606 643
f 607 643 608
f 641 604 610
f 567 546 614
f 612 611 644
f 615 612 644
f 577 615 613
f 610 572 616
f 609 553 548
f 616 579 617
f 617 581 618
f 582 583 618
f 645 619 580
f 583 646 647
f 583 647 618
f 583 620 646
f 524 648 620
f 648 524 621
f 621 585 649
f 650 651 649
f 650 649 622
f 622 649 585
f 584 623 556
f 526 587 622
f 652 586 623
f 557 586 652
f 557 653 558
f 558 653 654
f 558 654 588
f 591 588 654
f 508 530 655
f 592 656 593
f 490 560 530
f 593 657 531
f 594 491 595
f 658 533 535
f 535 596 658
f 514 659 515
f 631 660 629
f 496 599 631
f 635 661 634
f 445 542 633
f 634 662 636
f 661 663 634
f 663 661 664
f 663 662 634
f 518 665 542
f 566 636 637
f 666 667 668
f 667 639 668
f 667 640 639
f 640 669 670
f 668 639 671
f 640 670 642
f 672 643 642
f 673 602 637
f 639 641 671
f 674 567 675
f 676 671 641
f 608 643 672
f 608 672 677
f 675 567 614
f 641 610 676
f 611 608 678
f 608 677 678
f 679 602 673
f 609 602 679
f 611 678 644
f 680 676 610
f 681 615 644
f 613 681 682
f 615 681 613
f 683 614 613
f 682 683 613
f 680 610 616
f 609 679 553
f 679 684 553
f 616 617 685
f 685 617 618
f 685 618 686
f 647 686 618
f 687 688 689
f 620 690 646
f 687 689 649
f 620 648 690
f 691 648 692
f 649 689 692
f 651 687 649
f 645 693 619
f 648 621 692
f 649 692 621
f 693 584 619
f 694 584 693
f 695 623 584
f 696 624 506
f 557 652 653
f 654 697 591
f 655 590 508
f 591 697 698
f 655 530 699
f 592 591 698
f 592 698 656
f 594 595 700
f 534 511 701
f 627 534 701
f 561 702 536
f 703 562 536
f 596 562 703
f 539 630 462
f 659 514 630
f 598 704 563
f 563 705 601
f 635 601 705
f 705 706 635
f 706 664 661
f 706 661 635
f 706 707 664
f 633 542 708
f 709 664 707
f 709 710 664
f 663 711 662
f 664 712 663
f 712 664 710
f 662 713 636
f 714 713 662
f 711 714 662
f 712 715 663
f 715 711 663
f 636 716 637
f 716 636 713
f 665 518 543
f 717 718 719
f 720 717 719
f 718 721 719
f 719 721 666
f 666 721 722
f 667 666 722
f 720 719 723
f 666 671 719
f 671 723 719
f 666 668 671
f 667 669 640
f 674 543 567
f 716 673 637
f 642 670 672
f 724 673 716
f 723 671 676
f 672 725 677
f 683 675 614
f 644 726 727
f 644 727 681
f 681 727 728
f 729 730 731
f 732 731 730
f 680 616 733
f 732 730 734
f 616 685 733
f 553 684 735
f 736 732 734
f 734 730 737
f 734 737 688
f 736 734 687
f 738 736 687
f 735 580 553
f 739 738 687
f 735 740 580
f 580 740 645
f 688 737 741
f 687 734 688
f 688 741 742
f 743 744 739
f 740 745 645
f 746 747 686
f 647 746 686
f 688 742 689
f 743 739 687
f 646 746 647
f 692 742 691
f 689 742 692
f 690 648 691
f 687 651 743
f 745 693 645
f 743 651 650
f 650 748 743
f 749 650 622
f 622 587 749
f 696 587 624
f 694 695 584
f 695 652 623
f 653 652 750
f 653 751 654
f 654 751 752
f 697 654 752
f 753 593 656
f 509 754 560
f 531 657 625
f 595 626 700
f 658 626 533
f 561 627 702
f 755 658 596
f 536 756 703
f 538 757 628
f 538 537 757
f 628 539 513
f 597 629 758
f 515 659 759
f 599 760 631
f 759 598 515
f 599 564 761
f 704 705 563
f 762 632 633
f 763 709 707
f 542 665 708
f 709 764 710
f 765 710 764
f 765 717 710
f 717 712 710
f 715 712 720
f 717 765 766
f 723 711 715
f 720 723 715
f 717 720 712
f 717 766 718
f 713 767 716
f 721 718 722
f 667 722 669
f 670 669 768
f 672 670 768
f 723 676 769
f 672 768 725
f 677 725 770
f 771 674 675
f 677 770 772
f 678 677 772
f 771 675 773
f 644 678 772
f 644 772 726
f 675 683 773
f 771 773 774
f 673 724 679
f 683 682 773
f 728 775 681
f 681 775 682
f 775 731 682
f 773 682 731
f 732 774 773
f 775 728 776
f 777 676 733
f 676 680 733
f 775 776 729
f 731 775 729
f 773 731 732
f 778 732 736
f 779 778 736
f 729 780 737
f 738 779 736
f 729 737 730
f 684 781 735
f 744 779 738
f 738 739 744
f 740 735 781
f 737 780 782
f 733 685 783
f 741 737 782
f 783 685 747
f 685 686 747
f 740 784 745
f 742 741 785
f 743 786 744
f 748 786 743
f 646 787 746
f 785 787 690
f 787 646 690
f 691 785 690
f 742 785 691
f 749 748 650
f 788 694 693
f 696 749 587
f 788 695 694
f 789 652 695
f 696 506 790
f 789 750 652
f 506 589 790
f 750 751 653
f 791 589 590
f 752 751 792
f 590 655 791
f 697 752 698
f 656 698 793
f 509 794 754
f 594 794 509
f 594 795 794
f 657 796 625
f 795 594 700
f 701 511 625
f 658 797 626
f 658 755 797
f 755 596 703
f 536 702 756
f 703 756 798
f 798 755 703
f 597 758 537
f 628 799 539
f 539 799 630
f 631 760 660
f 599 761 760
f 598 800 704
f 759 800 598
f 564 762 761
f 762 564 632
f 801 763 707
f 764 709 763
f 802 766 765
f 718 766 803
f 722 718 803
f 711 769 714
f 714 769 804
f 714 805 713
f 804 805 714
f 711 723 769
f 722 806 669
f 669 807 768
f 767 808 724
f 716 767 724
f 767 713 805
f 768 809 725
f 725 809 770
f 771 774 810
f 676 811 769
f 812 810 774
f 808 813 724
f 778 812 774
f 814 812 778
f 779 814 778
f 728 815 816
f 728 727 815
f 774 732 778
f 724 813 679
f 777 811 676
f 776 728 816
f 817 814 779
f 817 779 818
f 776 816 780
f 780 816 819
f 729 776 780
f 679 813 684
f 819 782 780
f 779 744 818
f 684 813 781
f 784 740 781
f 820 733 783
f 741 782 821
f 783 747 822
f 741 821 785
f 785 821 823
f 748 824 786
f 747 825 822
f 747 826 825
f 826 747 746
f 746 787 823
f 746 823 826
f 785 823 787
f 788 745 784
f 788 784 827
f 745 788 693
f 789 828 750
f 829 589 791
f 750 828 751
f 828 792 751
f 830 792 828
f 791 655 699
f 793 753 656
f 593 753 831
f 657 593 831
f 657 831 796
f 625 832 701
f 702 833 756
f 537 758 757
f 758 660 834
f 629 660 758
f 630 835 659
f 660 760 836
f 705 837 706
f 706 837 707
f 707 837 801
f 708 838 633
f 839 764 763
f 840 764 841
f 840 765 764
f 840 802 765
f 842 665 543
f 766 802 803
f 722 803 806
f 843 543 674
f 806 807 669
f 674 771 844
f 845 846 805
f 804 845 805
f 769 845 804
f 847 848 817
f 805 846 767
f 812 849 810
f 848 812 814
f 817 848 814
f 817 850 847
f 808 767 846
f 772 770 851
f 772 851 726
f 852 845 769
f 726 851 815
f 727 726 815
f 853 850 817
f 811 852 769
f 854 808 846
f 854 813 808
f 853 818 855
f 817 818 853
f 855 856 853
f 854 857 813
f 857 781 813
f 818 744 855
f 733 858 777
f 819 859 782
f 744 786 855
f 855 786 860
f 733 820 858
f 861 781 857
f 861 784 781
f 821 782 862
f 820 783 822
f 822 863 820
f 821 862 823
f 823 862 864
f 825 863 822
f 826 864 825
f 825 864 865
f 823 864 826
f 748 749 866
f 749 696 867
f 868 695 788
f 868 789 695
f 868 830 789
f 830 828 789
f 869 792 830
f 792 869 870
f 752 792 870
f 752 870 871
f 698 752 871
f 793 698 871
f 872 699 530
f 530 560 872
f 753 793 873
f 796 874 875
f 625 796 875
f 700 876 795
f 626 877 700
f 875 832 625
f 626 797 877
f 797 755 878
f 701 879 627
f 702 627 880
f 702 880 833
f 881 882 755
f 756 833 798
f 881 755 798
f 799 835 630
f 660 836 834
f 761 883 760
f 759 884 800
f 704 837 705
f 764 839 841
f 708 665 842
f 802 840 885
f 842 543 843
f 802 886 803
f 803 887 806
f 888 848 889
f 887 890 806
f 806 890 807
f 888 891 848
f 892 889 847
f 892 847 893
f 771 810 844
f 844 810 894
f 810 849 894
f 849 891 895
f 894 849 895
f 848 891 812
f 889 848 847
f 896 807 890
f 807 896 768
f 768 896 809
f 893 847 850
f 812 891 849
f 897 809 896
f 809 897 770
f 770 897 851
f 851 898 815
f 850 853 899
f 900 846 845
f 815 898 816
f 900 901 846
f 852 900 845
f 816 898 819
f 856 902 853
f 901 854 846
f 898 903 819
f 901 904 854
f 905 852 811
f 906 819 903
f 819 906 859
f 860 856 855
f 858 811 777
f 857 854 904
f 859 907 782
f 858 820 908
f 786 824 860
f 782 907 909
f 862 782 909
f 862 909 910
f 820 863 911
f 863 912 911
f 825 912 863
f 825 865 912
f 864 910 865
f 862 910 864
f 824 748 913
f 914 784 861
f 914 827 784
f 748 866 913
f 866 749 867
f 696 790 867
f 830 868 915
f 829 790 589
f 869 916 870
f 917 871 870
f 872 560 918
f 919 753 873
f 560 754 918
f 831 753 919
f 796 831 874
f 700 877 876
f 875 920 832
f 701 832 879
f 627 879 921
f 921 880 627
f 833 922 798
f 758 834 757
f 760 923 836
f 884 759 659
f 761 762 883
f 837 704 924
f 801 839 763
f 801 925 839
f 840 841 885
f 885 886 802
f 926 888 889
f 892 926 889
f 927 926 892
f 928 927 892
f 928 892 893
f 803 886 929
f 843 674 844
f 843 844 930
f 888 931 891
f 928 893 932
f 887 803 929
f 891 931 895
f 850 932 893
f 932 850 899
f 899 933 932
f 896 890 934
f 935 896 934
f 935 897 896
f 897 898 851
f 898 897 935
f 899 853 902
f 898 935 936
f 898 936 903
f 903 936 937
f 900 938 901
f 904 901 939
f 852 905 900
f 939 901 938
f 905 938 900
f 903 937 940
f 903 940 906
f 908 905 811
f 908 811 858
f 906 940 859
f 859 940 907
f 940 941 907
f 904 942 857
f 908 820 943
f 857 942 861
f 942 914 861
f 911 943 820
f 944 945 911
f 911 912 944
f 865 946 912
f 909 946 865
f 910 909 865
f 788 947 868
f 915 868 947
f 790 948 867
f 915 869 830
f 915 949 869
f 949 916 869
f 870 916 917
f 950 871 917
f 951 699 872
f 793 871 950
f 793 950 873
f 952 919 873
f 831 919 953
f 874 831 953
f 875 874 954
f 875 954 920
f 832 920 955
f 797 878 877
f 832 955 956
f 956 879 832
f 755 882 878
f 921 957 880
f 880 957 833
f 833 957 922
f 922 958 881
f 958 882 881
f 881 798 922
f 884 659 835
f 760 883 923
f 800 924 704
f 762 633 838
f 839 959 841
f 926 960 961
f 927 962 963
f 961 964 926
f 927 960 926
f 843 930 965
f 843 965 842
f 926 964 888
f 928 962 927
f 966 962 928
f 964 931 888
f 932 966 928
f 844 894 967
f 895 967 894
f 887 929 968
f 887 968 890
f 890 968 934
f 934 968 969
f 934 969 935
f 899 902 933
f 968 970 969
f 971 969 970
f 935 969 971
f 936 935 971
f 936 971 937
f 971 970 972
f 973 902 856
f 937 971 972
f 905 974 938
f 940 937 975
f 974 939 938
f 975 937 972
f 976 939 974
f 940 975 941
f 939 977 904
f 977 942 904
f 976 977 939
f 908 943 978
f 907 941 979
f 860 824 980
f 943 981 978
f 946 979 982
f 907 979 946
f 909 907 946
f 945 981 943
f 943 911 945
f 824 913 980
f 982 944 946
f 912 946 944
f 914 983 827
f 983 947 827
f 913 866 984
f 827 947 788
f 984 866 867
f 984 867 948
f 915 947 985
f 948 790 829
f 829 791 986
f 791 699 987
f 916 988 917
f 699 951 987
f 989 873 950
f 919 952 990
f 754 991 918
f 919 990 953
f 991 754 794
f 874 953 992
f 992 954 874
f 795 876 794
f 920 993 955
f 920 954 993
f 877 994 876
f 877 878 995
f 996 879 956
f 882 958 997
f 882 997 878
f 921 879 996
f 957 921 996
f 958 922 957
f 998 799 628
f 757 999 628
f 628 999 998
f 757 834 999
f 835 799 1000
f 923 1001 836
f 835 1002 884
f 884 1003 800
f 1004 883 762
f 924 800 1005
f 1004 762 1006
f 837 924 1007
f 1006 762 838
f 837 1008 801
f 801 1008 925
f 1009 838 708
f 839 925 959
f 960 963 1010
f 841 959 1011
f 963 960 927
f 963 962 1012
f 841 1011 885
f 931 964 1013
f 961 1013 964
f 966 1012 962
f 844 967 930
f 1014 895 931
f 1015 886 885
f 886 1015 929
f 967 895 1014
f 1016 966 932
f 929 1015 1017
f 932 933 1016
f 1018 929 1019
f 929 1018 968
f 968 1018 1020
f 970 968 1020
f 970 1020 1021
f 972 970 1021
f 856 1022 973
f 860 1022 856
f 976 974 1023
f 941 975 1024
f 941 1024 979
f 979 1024 1025
f 979 1025 982
f 981 1026 1027
f 945 1026 981
f 945 1028 1026
f 1028 945 944
f 982 1028 944
f 977 1029 942
f 980 913 1030
f 942 1029 914
f 1029 1031 914
f 1031 983 914
f 1030 913 984
f 915 985 949
f 986 791 1032
f 949 988 916
f 791 987 1032
f 988 1033 917
f 917 1033 989
f 950 917 989
f 873 989 1034
f 1034 952 873
f 1035 952 1034
f 952 1035 990
f 1036 954 992
f 1036 993 954
f 995 994 877
f 1037 956 955
f 1038 996 1037
f 1037 996 956
f 997 995 878
f 1039 996 1038
f 997 958 1040
f 996 1039 957
f 1040 958 1039
f 958 957 1039
f 998 1041 799
f 836 1042 834
f 836 1001 1042
f 835 1000 1002
f 883 1043 923
f 1002 1003 884
f 800 1003 1005
f 1007 1008 837
f 1006 838 1009
f 1044 708 842
f 1045 1013 961
f 1010 1045 961
f 960 1010 961
f 1046 931 1013
f 1011 1015 885
f 965 930 1047
f 1014 1046 1048
f 1049 1012 966
f 930 967 1047
f 967 1014 1048
f 1046 1014 931
f 1050 1049 966
f 1016 1050 966
f 929 1017 1019
f 933 1051 1016
f 1018 1019 1052
f 933 902 973
f 973 1051 933
f 1020 1018 1052
f 1021 1020 1053
f 1054 1021 1053
f 1021 1054 972
f 1054 975 972
f 975 1054 1024
f 974 905 1055
f 1056 1024 1054
f 974 1057 1023
f 1055 1057 974
f 1055 905 908
f 1025 1024 1056
f 980 1022 860
f 977 976 1058
f 1023 1058 976
f 908 978 1055
f 1025 1059 1028
f 1027 1060 981
f 1026 1028 1061
f 1026 1061 1027
f 1061 1028 1059
f 982 1025 1028
f 977 1058 1029
f 1030 984 1062
f 947 983 1063
f 947 1063 985
f 948 829 1064
f 1064 829 1065
f 1066 949 985
f 829 986 1065
f 988 949 1066
f 1034 989 1033
f 951 872 918
f 990 1035 1067
f 1067 953 990
f 992 953 1067
f 1068 1036 1067
f 1036 992 1067
f 1069 1037 1068
f 1037 993 1068
f 993 1036 1068
f 1038 1037 1069
f 991 794 876
f 1037 955 993
f 1070 1038 1069
f 1039 1038 1070
f 1071 1039 1070
f 1040 1039 1071
f 799 1041 1000
f 1001 923 1072
f 1003 1073 1005
f 883 1004 1074
f 1005 1007 924
f 1008 1075 925
f 925 1075 959
f 708 1044 1009
f 1013 1045 1076
f 1010 963 1077
f 1077 963 1078
f 1079 1044 842
f 963 1012 1078
f 842 965 1079
f 1076 1046 1013
f 1049 1078 1012
f 1047 967 1048
f 1015 1011 1080
f 1015 1080 1081
f 1081 1017 1015
f 1020 1052 1082
f 1020 1082 1053
f 1083 1054 1053
f 1059 1056 1084
f 1056 1059 1025
f 1023 1057 1085
f 978 981 1055
f 981 1060 1055
f 1027 1086 1060
f 1027 1061 1086
f 1023 1085 1058
f 1087 980 1030
f 1029 1058 1085
f 1088 1031 1029
f 983 1031 1089
f 1063 983 1089
f 984 948 1090
f 1090 948 1064
f 1066 1091 988
f 988 1091 1033
f 1034 1092 1035
f 1093 1035 1092
f 1067 1094 1068
f 1067 1035 1093
f 1069 1068 1094
f 1069 1094 1095
f 1070 1069 1095
f 991 876 1096
f 1096 876 994
f 997 1097 995
f 994 995 1097
f 1002 1098 1003
f 1098 1073 1003
f 883 1074 1043
f 1099 1007 1100
f 1008 1007 1099
f 1009 1004 1006
f 1075 1101 959
f 1102 1045 1103
f 1104 1103 1045
f 1010 1104 1045
f 1105 1104 1010
f 1010 1077 1105
f 1045 1102 1076
f 1101 1011 959
f 965 1106 1079
f 1078 1049 1107
f 1101 1108 1011
f 965 1047 1106
f 1048 1109 1047
f 1109 1046 1076
f 1109 1048 1046
f 1011 1108 1080
f 1049 1050 1110
f 1111 1081 1080
f 1110 1050 1016
f 1112 1017 1081
f 1112 1019 1017
f 1113 1019 1112
f 1114 1052 1019
f 1052 1114 1082
f 1053 1082 1083
f 1054 1083 1056
f 1115 1084 1083
f 1056 1083 1084
f 1116 1084 1115
f 1061 1084 1116
f 1059 1084 1061
f 1022 980 1087
f 1057 1055 1117
f 1055 1060 1117
f 1118 1060 1086
f 1085 1057 1119
f 1117 1119 1057
f 1088 1085 1119
f 1085 1088 1029
f 984 1090 1062
f 1063 1066 985
f 1091 1066 1120
f 1033 1121 1034
f 1034 1121 1092
f 1121 1122 1092
f 1092 1122 1093
f 1123 1067 1093
f 1123 1094 1067
f 1094 1123 1095
f 1070 1095 1124
f 1124 1125 1070
f 1071 1070 1125
f 1126 1127 1125
f 1097 1128 994
f 1128 1096 994
f 1127 1071 1125
f 1040 1071 1127
f 1127 1129 997
f 997 1040 1127
f 834 1042 999
f 1000 1130 1002
f 1002 1130 1098
f 1043 1072 923
f 1005 1100 1007
f 1008 1099 1075
f 1103 1104 1131
f 1103 1131 1102
f 1105 1077 1132
f 1075 1133 1101
f 1077 1078 1132
f 1134 1076 1102
f 1109 1076 1135
f 1133 1108 1101
f 1049 1110 1107
f 1136 1107 1110
f 1080 1137 1111
f 1111 1112 1081
f 1051 1138 1016
f 1019 1113 1114
f 1082 1114 1139
f 1082 1139 1140
f 1083 1082 1140
f 1083 1140 1115
f 1116 1115 1141
f 1086 1142 1118
f 1116 1142 1086
f 1061 1116 1086
f 1143 1117 1060
f 1143 1060 1118
f 1088 1119 1144
f 1145 1089 1031
f 1088 1145 1031
f 1089 1146 1063
f 1063 1146 1066
f 1065 986 1147
f 1148 1120 1066
f 1147 986 1032
f 1120 1033 1091
f 1033 1149 1121
f 1150 1151 1093
f 1122 1150 1093
f 1152 1123 1151
f 1153 1123 1152
f 1123 1093 1151
f 1095 1123 1153
f 1095 1153 1124
f 951 918 987
f 987 918 1154
f 991 1154 918
f 1128 1155 1096
f 1155 991 1096
f 1097 997 1129
f 1000 1156 1130
f 1001 1072 1042
f 1074 1157 1043
f 1073 1100 1005
f 1004 1158 1074
f 1075 1099 1159
f 1104 1160 1131
f 1105 1160 1104
f 1133 1075 1159
f 1009 1044 1161
f 1131 1162 1102
f 1132 1160 1105
f 1102 1162 1134
f 1078 1163 1132
f 1078 1107 1163
f 1079 1106 1164
f 1076 1165 1135
f 1165 1076 1134
f 1106 1047 1166
f 1109 1135 1047
f 1108 1137 1080
f 1136 1110 1167
f 1016 1138 1167
f 1016 1167 1110
f 1111 1168 1112
f 1168 1113 1112
f 1168 1169 1113
f 1114 1113 1169
f 1138 1051 1170
f 1114 1169 1171
f 1171 1139 1114
f 1172 1139 1171
f 1172 1140 1139
f 1173 973 1022
f 1141 1115 1140
f 1141 1142 1116
f 1117 1143 1119
f 1119 1143 1144
f 1030 1174 1087
f 1088 1144 1175
f 1062 1174 1030
f 1145 1146 1089
f 1066 1146 1176
f 1148 1066 1176
f 1149 1033 1177
f 1177 1033 1120
f 1178 1125 1124
f 1178 1179 1125
f 991 1155 1154
f 1126 1125 1179
f 1129 1127 1126
f 1180 1097 1129
f 1181 1041 998
f 999 1181 998
f 999 1042 1181
f 1042 1072 1182
f 1130 1183 1098
f 1098 1183 1073
f 1073 1183 1100
f 1100 1183 1184
f 1074 1158 1157
f 1184 1099 1100
f 1161 1004 1009
f 1131 1185 1162
f 1044 1079 1164
f 1159 1186 1108
f 1133 1159 1108
f 1106 1166 1164
f 1165 1187 1135
f 1188 1187 1165
f 1107 1189 1163
f 1047 1135 1166
f 1189 1107 1190
f 1137 1108 1186
f 1107 1136 1190
f 1137 1191 1111
f 1191 1168 1111
f 1167 1192 1136
f 1168 1193 1169
f 1051 973 1170
f 1170 973 1173
f 1172 1194 1140
f 1194 1141 1140
f 1173 1022 1195
f 1141 1196 1142
f 1142 1197 1118
f 1142 1196 1197
f 1087 1195 1022
f 1118 1197 1143
f 1088 1175 1145
f 1198 1174 1062
f 1198 1062 1090
f 1199 1176 1146
f 1090 1064 1065
f 1147 1090 1065
f 1177 1148 1200
f 1120 1148 1177
f 1201 1121 1149
f 1202 1152 1151
f 1201 1122 1121
f 1150 1122 1201
f 1203 1178 1124
f 1124 1153 1203
f 1180 1204 1097
f 1097 1204 1128
f 1204 1155 1128
f 1000 1041 1205
f 1181 1205 1041
f 1042 1182 1181
f 1000 1205 1156
f 1130 1156 1206
f 1130 1206 1183
f 1207 1184 1183
f 1099 1184 1208
f 1208 1159 1099
f 1158 1004 1161
f 1209 1185 1131
f 1160 1209 1131
f 1132 1210 1160
f 1044 1164 1161
f 1162 1185 1134
f 1132 1211 1210
f 1132 1163 1211
f 1134 1188 1165
f 1134 1185 1188
f 1189 1211 1163
f 1135 1212 1166
f 1135 1213 1212
f 1187 1213 1135
f 1137 1186 1191
f 1136 1192 1190
f 1191 1193 1168
f 1193 1214 1169
f 1214 1171 1169
f 1214 1215 1171
f 1172 1171 1215
f 1215 1194 1172
f 1141 1194 1196
f 1216 1217 1196
f 1196 1217 1197
f 1143 1218 1144
f 1143 1197 1218
f 1087 1174 1195
f 1175 1144 1218
f 1219 1145 1175
f 1199 1145 1219
f 1145 1199 1146
f 1220 1198 1090
f 1148 1176 1200
f 1221 1201 1149
f 1221 1150 1201
f 1147 1032 1222
f 1151 1150 1202
f 1032 987 1222
f 1153 1152 1223
f 1203 1153 1223
f 1203 1224 1178
f 1178 1225 1179
f 1181 1182 1226
f 1156 1205 1206
f 1227 1072 1043
f 1183 1206 1228
f 1229 1230 1043
f 1228 1207 1183
f 1157 1229 1043
f 1231 1208 1184
f 1209 1160 1210
f 1164 1166 1232
f 1233 1211 1189
f 1166 1212 1234
f 1213 1235 1212
f 1236 1189 1190
f 1190 1192 1237
f 1191 1186 1238
f 1193 1191 1238
f 1167 1239 1192
f 1192 1239 1237
f 1167 1138 1239
f 1138 1170 1240
f 1215 1241 1194
f 1194 1241 1196
f 1196 1241 1216
f 1197 1217 1218
f 1174 1242 1195
f 1175 1218 1243
f 1243 1219 1175
f 1199 1200 1176
f 1200 1199 1244
f 1090 1147 1220
f 1149 1177 1221
f 1150 1221 1245
f 1223 1224 1203
f 1222 987 1246
f 1246 987 1154
f 1204 1247 1155
f 1248 1154 1155
f 1247 1248 1155
f 1129 1126 1249
f 1180 1129 1249
f 1226 1205 1181
f 1157 1250 1229
f 1231 1184 1251
f 1207 1251 1184
f 1157 1158 1250
f 1185 1209 1252
f 1208 1253 1159
f 1234 1232 1166
f 1211 1233 1210
f 1212 1235 1254
f 1187 1255 1213
f 1255 1235 1213
f 1256 1233 1189
f 1189 1236 1256
f 1190 1237 1236
f 1257 1193 1238
f 1214 1193 1257
f 1138 1240 1239
f 1257 1215 1214
f 1170 1173 1240
f 1215 1257 1241
f 1258 1216 1241
f 1258 1217 1216
f 1217 1243 1218
f 1198 1242 1174
f 1219 1259 1199
f 1244 1199 1259
f 1177 1200 1221
f 1260 1202 1245
f 1202 1150 1245
f 1152 1202 1223
f 1223 1261 1224
f 1178 1224 1225
f 1154 1248 1246
f 1225 1126 1179
f 1180 1249 1204
f 1226 1182 1262
f 1205 1263 1206
f 1072 1264 1182
f 1072 1227 1264
f 1206 1207 1228
f 1207 1206 1265
f 1043 1230 1227
f 1158 1266 1250
f 1161 1266 1158
f 1164 1266 1161
f 1232 1266 1164
f 1209 1210 1267
f 1185 1252 1188
f 1209 1268 1252
f 1267 1268 1209
f 1210 1233 1267
f 1159 1253 1186
f 1234 1212 1254
f 1187 1188 1269
f 1252 1269 1188
f 1233 1270 1267
f 1270 1233 1256
f 1238 1186 1253
f 1236 1237 1271
f 1237 1239 1271
f 1239 1240 1272
f 1257 1273 1241
f 1273 1274 1241
f 1173 1275 1240
f 1258 1241 1274
f 1258 1276 1217
f 1173 1195 1242
f 1277 1173 1242
f 1217 1278 1243
f 1259 1243 1278
f 1243 1259 1219
f 1242 1198 1279
f 1198 1220 1279
f 1279 1220 1280
f 1280 1220 1281
f 1282 1200 1244
f 1283 1200 1282
f 1221 1200 1283
f 1220 1147 1281
f 1245 1221 1283
f 1260 1245 1283
f 1281 1147 1284
f 1223 1202 1285
f 1147 1222 1284
f 1126 1225 1286
f 1247 1287 1248
f 1249 1126 1286
f 1247 1204 1249
f 1226 1263 1205
f 1263 1226 1262
f 1182 1264 1262
f 1288 1206 1263
f 1265 1206 1288
f 1207 1265 1251
f 1231 1251 1289
f 1250 1266 1290
f 1289 1291 1208
f 1231 1289 1208
f 1266 1232 1292
f 1292 1232 1234
f 1293 1254 1235
f 1255 1187 1269
f 1235 1255 1293
f 1294 1256 1236
f 1236 1271 1294
f 1238 1295 1257
f 1239 1296 1271
f 1239 1272 1296
f 1273 1257 1295
f 1273 1295 1297
f 1272 1240 1275
f 1258 1298 1276
f 1277 1275 1173
f 1276 1278 1217
f 1242 1279 1277
f 1299 1244 1259
f 1300 1283 1282
f 1283 1301 1260
f 1202 1260 1301
f 1285 1202 1301
f 1261 1223 1285
f 1224 1302 1225
f 1246 1248 1303
f 1304 1248 1287
f 1287 1247 1249
f 1263 1262 1305
f 1264 1306 1262
f 1264 1227 1306
f 1265 1288 1307
f 1229 1308 1230
f 1250 1290 1229
f 1290 1266 1309
f 1266 1292 1309
f 1253 1208 1291
f 1234 1254 1292
f 1268 1310 1252
f 1268 1267 1310
f 1310 1269 1252
f 1267 1270 1310
f 1255 1311 1293
f 1312 1311 1255
f 1269 1312 1255
f 1256 1313 1270
f 1253 1314 1238
f 1313 1256 1294
f 1238 1314 1295
f 1315 1294 1271
f 1271 1296 1315
f 1296 1272 1316
f 1272 1275 1316
f 1274 1298 1258
f 1276 1317 1278
f 1278 1317 1259
f 1279 1318 1277
f 1259 1317 1299
f 1301 1283 1300
f 1301 1319 1285
f 1319 1320 1285
f 1285 1320 1261
f 1284 1222 1246
f 1224 1261 1302
f 1302 1321 1225
f 1304 1322 1248
f 1248 1322 1303
f 1262 1306 1305
f 1305 1288 1263
f 1306 1323 1305
f 1230 1324 1227
f 1265 1307 1251
f 1290 1308 1229
f 1290 1309 1325
f 1292 1326 1309
f 1292 1254 1327
f 1293 1327 1254
f 1269 1310 1328
f 1328 1312 1269
f 1310 1329 1328
f 1329 1330 1328
f 1310 1270 1331
f 1331 1329 1310
f 1331 1270 1313
f 1313 1294 1332
f 1297 1295 1314
f 1294 1315 1332
f 1315 1296 1333
f 1333 1296 1316
f 1316 1275 1334
f 1277 1334 1275
f 1334 1277 1335
f 1317 1276 1336
f 1337 1244 1338
f 1282 1337 1300
f 1282 1244 1337
f 1301 1300 1339
f 1339 1340 1301
f 1340 1319 1301
f 1281 1284 1280
f 1304 1341 1322
f 1286 1225 1321
f 1249 1342 1341
f 1249 1286 1342
f 1304 1287 1341
f 1287 1249 1341
f 1305 1343 1288
f 1343 1305 1323
f 1306 1344 1323
f 1306 1227 1344
f 1288 1343 1307
f 1230 1308 1324
f 1307 1345 1289
f 1251 1307 1289
f 1290 1346 1308
f 1346 1290 1325
f 1289 1345 1291
f 1325 1309 1347
f 1326 1347 1309
f 1253 1291 1348
f 1314 1253 1348
f 1292 1349 1326
f 1327 1349 1292
f 1293 1350 1327
f 1293 1311 1350
f 1312 1328 1330
f 1329 1351 1330
f 1313 1332 1331
f 1273 1297 1352
f 1273 1352 1274
f 1298 1274 1353
f 1277 1318 1335
f 1336 1354 1317
f 1335 1318 1355
f 1317 1356 1299
f 1318 1279 1355
f 1299 1338 1244
f 1280 1355 1279
f 1280 1284 1357
f 1357 1284 1358
f 1320 1319 1340
f 1284 1246 1358
f 1358 1246 1303
f 1321 1342 1286
f 1343 1323 1359
f 1323 1344 1359
f 1227 1360 1344
f 1343 1359 1307
f 1227 1324 1360
f 1361 1307 1359
f 1362 1307 1361
f 1308 1363 1324
f 1345 1307 1362
f 1348 1291 1345
f 1325 1347 1364
f 1347 1326 1365
f 1365 1326 1349
f 1366 1314 1348
f 1350 1311 1367
f 1311 1312 1367
f 1368 1312 1330
f 1366 1297 1314
f 1312 1368 1367
f 1330 1369 1368
f 1330 1351 1369
f 1329 1370 1351
f 1329 1331 1370
f 1331 1332 1370
f 1332 1371 1370
f 1333 1332 1315
f 1333 1316 1372
f 1316 1334 1372
f 1298 1336 1276
f 1372 1334 1335
f 1317 1354 1356
f 1355 1373 1335
f 1299 1356 1338
f 1338 1374 1337
f 1355 1280 1357
f 1337 1375 1300
f 1300 1375 1339
f 1340 1376 1320
f 1320 1377 1261
f 1302 1261 1378
f 1322 1341 1379
f 1380 1381 1342
f 1341 1342 1381
f 1379 1341 1381
f 1359 1344 1382
f 1382 1344 1360
f 1361 1359 1382
f 1383 1308 1346
f 1383 1363 1308
f 1345 1362 1384
f 1346 1325 1383
f 1385 1383 1325
f 1325 1364 1385
f 1385 1364 1386
f 1364 1347 1387
f 1364 1387 1386
f 1347 1365 1387
f 1365 1349 1388
f 1349 1327 1388
f 1388 1327 1350
f 1388 1350 1367
f 1389 1297 1366
f 1367 1390 1388
f 1368 1390 1367
f 1351 1391 1369
f 1370 1371 1351
f 1353 1274 1352
f 1371 1332 1392
f 1392 1332 1333
f 1393 1392 1333
f 1298 1353 1394
f 1372 1393 1333
f 1372 1335 1373
f 1395 1374 1338
f 1337 1374 1375
f 1320 1376 1396
f 1303 1322 1358
f 1320 1396 1377
f 1261 1377 1378
f 1378 1321 1302
f 1342 1321 1380
f 1397 1382 1360
f 1360 1324 1397
f 1324 1363 1397
f 1382 1362 1361
f 1384 1348 1345
f 1366 1348 1398
f 1385 1386 1399
f 1365 1388 1387
f 1388 1390 1387
f 1297 1389 1352
f 1368 1369 1390
f 1351 1400 1391
f 1351 1371 1400
f 1352 1401 1353
f 1394 1353 1401
f 1394 1336 1298
f 1393 1372 1402
f 1355 1403 1373
f 1356 1395 1338
f 1403 1355 1357
f 1357 1404 1403
f 1375 1405 1339
f 1339 1405 1406
f 1404 1357 1358
f 1340 1339 1407
f 1376 1340 1407
f 1382 1397 1408
f 1382 1408 1362
f 1363 1383 1397
f 1384 1398 1348
f 1383 1385 1409
f 1385 1399 1409
f 1410 1409 1399
f 1386 1387 1411
f 1387 1390 1411
f 1352 1389 1412
f 1390 1369 1411
f 1413 1411 1369
f 1412 1401 1352
f 1413 1369 1391
f 1400 1414 1391
f 1371 1392 1415
f 1400 1371 1415
f 1402 1392 1393
f 1402 1372 1416
f 1372 1373 1416
f 1373 1403 1416
f 1395 1356 1417
f 1374 1395 1417
f 1374 1418 1375
f 1339 1406 1419
f 1339 1419 1407
f 1358 1420 1404
f 1322 1420 1358
f 1396 1376 1421
f 1420 1322 1422
f 1422 1322 1379
f 1422 1379 1381
f 1378 1423 1321
f 1423 1380 1321
f 1408 1397 1424
f 1397 1383 1424
f 1408 1425 1362
f 1424 1425 1408
f 1362 1425 1384
f 1398 1384 1425
f 1424 1383 1426
f 1383 1409 1426
f 1427 1366 1398
f 1426 1409 1410
f 1389 1366 1427
f 1427 1428 1389
f 1410 1399 1429
f 1428 1430 1389
f 1399 1386 1431
f 1386 1411 1431
f 1412 1389 1430
f 1432 1411 1413
f 1391 1433 1413
f 1433 1391 1414
f 1400 1415 1414
f 1392 1402 1434
f 1415 1392 1434
f 1336 1394 1435
f 1354 1336 1435
f 1435 1436 1354
f 1403 1437 1416
f 1403 1404 1437
f 1418 1374 1417
f 1375 1418 1405
f 1376 1407 1421
f 1381 1380 1438
f 1422 1381 1438
f 1424 1439 1425
f 1425 1439 1398
f 1424 1426 1439
f 1398 1439 1427
f 1426 1410 1439
f 1410 1427 1439
f 1410 1428 1427
f 1410 1440 1428
f 1429 1440 1410
f 1441 1430 1428
f 1440 1441 1428
f 1429 1442 1440
f 1429 1399 1442
f 1399 1431 1442
f 1441 1443 1430
f 1443 1444 1430
f 1430 1444 1412
f 1444 1445 1412
f 1431 1411 1432
f 1412 1445 1401
f 1394 1401 1446
f 1413 1447 1432
f 1414 1448 1433
f 1414 1415 1448
f 1435 1394 1446
f 1448 1415 1434
f 1434 1402 1449
f 1402 1416 1449
f 1437 1449 1416
f 1354 1436 1356
f 1356 1436 1417
f 1437 1404 1420
f 1422 1450 1420
f 1420 1450 1451
f 1421 1377 1396
f 1377 1421 1452
f 1377 1452 1378
f 1452 1423 1378
f 1450 1422 1438
f 1440 1443 1441
f 1442 1443 1440
f 1442 1431 1453
f 1432 1453 1431
f 1432 1454 1453
f 1445 1446 1401
f 1454 1432 1455
f 1447 1413 1433
f 1447 1455 1432
f 1456 1447 1433
f 1456 1457 1447
f 1448 1456 1433
f 1435 1446 1458
f 1456 1448 1459
f 1434 1459 1448
f 1459 1434 1460
f 1434 1449 1460
f 1436 1435 1461
f 1460 1449 1462
f 1449 1437 1462
f 1437 1420 1462
f 1451 1462 1420
f 1406 1405 1463
f 1407 1419 1464
f 1407 1464 1421
f 1451 1450 1465
f 1438 1466 1465
f 1465 1450 1438
f 1423 1467 1380
f 1468 1443 1442
f 1453 1468 1442
f 1468 1469 1443
f 1444 1469 1445
f 1443 1469 1444
f 1468 1453 1470
f 1454 1470 1453
f 1445 1469 1446
f 1471 1446 1469
f 1454 1455 1472
f 1447 1473 1455
f 1457 1473 1447
f 1474 1457 1456
f 1456 1459 1474
f 1475 1435 1458
f 1459 1460 1474
f 1474 1460 1476
f 1435 1475 1461
f 1460 1462 1476
f 1417 1477 1418
f 1462 1451 1478
f 1418 1477 1479
f 1405 1418 1479
f 1479 1463 1405
f 1465 1478 1451
f 1467 1480 1380
f 1480 1466 1380
f 1423 1452 1467
f 1438 1380 1466
f 1468 1481 1469
f 1470 1482 1468
f 1469 1481 1471
f 1470 1454 1483
f 1471 1458 1446
f 1454 1472 1483
f 1472 1455 1473
f 1473 1484 1472
f 1485 1475 1458
f 1474 1486 1457
f 1485 1487 1475
f 1457 1484 1473
f 1457 1488 1484
f 1476 1489 1486
f 1474 1476 1486
f 1475 1490 1461
f 1476 1491 1489
f 1476 1462 1491
f 1436 1461 1492
f 1417 1436 1492
f 1462 1493 1491
f 1417 1492 1477
f 1493 1462 1478
f 1465 1480 1478
f 1463 1494 1406
f 1419 1406 1495
f 1466 1480 1465
f 1421 1464 1496
f 1496 1452 1421
f 1467 1452 1496
f 1468 1482 1481
f 1470 1497 1482
f 1497 1470 1498
f 1470 1483 1498
f 1471 1481 1482
f 1458 1471 1485
f 1483 1499 1498
f 1472 1499 1483
f 1484 1499 1472
f 1500 1499 1484
f 1488 1457 1501
f 1501 1457 1486
f 1490 1475 1487
f 1488 1500 1484
f 1486 1489 1501
f 1489 1502 1501
f 1489 1491 1502
f 1461 1490 1503
f 1491 1504 1502
f 1491 1493 1504
f 1478 1480 1505
f 1505 1493 1478
f 1506 1463 1479
f 1419 1495 1464
f 1507 1467 1496
f 1508 1482 1497
f 1498 1508 1497
f 1498 1509 1508
f 1471 1510 1485
f 1498 1511 1509
f 1499 1511 1498
f 1512 1511 1499
f 1512 1499 1500
f 1513 1500 1488
f 1502 1514 1488
f 1501 1502 1488
f 1502 1515 1514
f 1502 1504 1515
f 1503 1492 1461
f 1504 1493 1505
f 1480 1516 1505
f 1463 1506 1517
f 1494 1463 1517
f 1406 1494 1495
f 1464 1518 1496
f 1518 1507 1496
f 1516 1467 1507
f 1480 1467 1516
f 1482 1519 1471
f 1508 1519 1482
f 1519 1510 1471
f 1509 1520 1508
f 1509 1511 1521
f 1511 1522 1521
f 1511 1512 1522
f 1513 1523 1500
f 1500 1523 1512
f 1513 1488 1514
f 1513 1515 1523
f 1513 1514 1515
f 1503 1524 1492
f 1515 1504 1525
f 1492 1524 1477
f 1504 1505 1526
f 1477 1527 1479
f 1479 1527 1506
f 1526 1505 1516
f 1494 1517 1528
f 1494 1528 1529
f 1495 1494 1529
f 1464 1495 1530
f 1519 1508 1520
f 1510 1531 1485
f 1487 1485 1531
f 1531 1490 1487
f 1512 1523 1522
f 1515 1532 1523
f 1515 1533 1532
f 1534 1533 1525
f 1533 1515 1525
f 1524 1527 1477
f 1525 1504 1526
f 1526 1516 1535
f 1495 1529 1530
f 1464 1530 1518
f 1536 1516 1507
f 1536 1507 1518
f 1537 1519 1520
f 1519 1537 1510
f 1509 1538 1520
f 1538 1509 1521
f 1521 1539 1538
f 1521 1522 1539
f 1522 1532 1540
f 1523 1532 1522
f 1490 1541 1503
f 1534 1525 1542
f 1525 1526 1542
f 1526 1535 1542
f 1536 1535 1516
f 1530 1529 1543
f 1520 1544 1537
f 1520 1538 1544
f 1522 1540 1539
f 1531 1545 1490
f 1532 1546 1540
f 1490 1545 1541
f 1503 1541 1524
f 1542 1535 1547
f 1506 1527 1548
f 1506 1548 1517
f 1517 1549 1550
f 1528 1517 1550
f 1528 1550 1529
f 1518 1530 1536
f 1510 1551 1531
f 1538 1539 1552
f 1531 1551 1545
f 1553 1539 1540
f 1546 1532 1533
f 1534 1554 1533
f 1534 1542 1547
f 1517 1548 1549
f 1535 1536 1555
f 1543 1529 1556
f 1530 1543 1557
f 1530 1557 1536
f 1558 1537 1544
f 1544 1538 1552
f 1510 1537 1551
f 1553 1552 1539
f 1540 1559 1553
f 1546 1559 1540
f 1560 1546 1533
f 1533 1554 1560
f 1524 1561 1527
f 1547 1535 1562
f 1550 1563 1529
f 1563 1556 1529
f 1543 1556 1557
f 1552 1558 1544
f 1551 1537 1564
f 1564 1537 1558
f 1546 1560 1559
f 1545 1565 1541
f 1554 1534 1566
f 1534 1547 1566
f 1524 1541 1561
f 1561 1541 1565
f 1566 1547 1562
f 1561 1548 1527
f 1561 1567 1548
f 1568 1549 1548
f 1562 1535 1555
f 1569 1550 1549
f 1536 1557 1555
f 1550 1569 1563
f 1557 1556 1563
f 1558 1570 1564
f 1552 1571 1558
f 1551 1564 1572
f 1571 1552 1553
f 1551 1572 1573
f 1553 1574 1571
f 1551 1573 1545
f 1553 1559 1574
f 1575 1545 1573
f 1545 1575 1565
f 1576 1560 1554
f 1566 1577 1554
f 1578 1577 1566
f 1562 1578 1566
f 1562 1555 1578
f 1567 1568 1548
f 1568 1569 1549
f 1555 1557 1579
f 1557 1580 1579
f 1557 1563 1581
f 1571 1570 1558
f 1571 1582 1570
f 1582 1571 1574
f 1574 1559 1583
f 1560 1576 1583
f 1560 1583 1559
f 1577 1576 1554
f 1565 1575 1584
f 1565 1584 1561
f 1561 1584 1567
f 1567 1584 1568
f 1578 1555 1579
f 1568 1585 1569
f 1586 1580 1581
f 1581 1580 1557
f 1585 1563 1569
f 1563 1585 1581
f 1564 1570 1587
f 1570 1582 1587
f 1582 1588 1587
f 1564 1587 1572
f 1582 1574 1588
f 1587 1589 1572
f 1588 1574 1590
f 1572 1589 1573
f 1583 1590 1574
f 1590 1583 1591
f 1583 1576 1591
f 1573 1589 1575
f 1592 1575 1589
f 1576 1593 1591
f 1576 1577 1593
f 1575 1592 1584
f 1593 1577 1594
f 1577 1578 1594
f 1584 1592 1568
f 1595 1568 1592
f 1594 1578 1596
f 1595 1585 1568
f 1596 1579 1580
f 1578 1579 1596
f 1586 1585 1595
f 1596 1580 1586
f 1586 1581 1585
f 1587 1588 1597
f 1587 1597 1589
f 1589 1597 1598
f 1598 1597 1599
f 1588 1590 1597
f 1600 1599 1597
f 1590 1601 1597
f 1601 1600 1597
f 1590 1591 1601
f 1589 1598 1592
f 1591 1593 1601
f 1599 1602 1598
f 1598 1595 1592
f 1602 1595 1598
f 1601 1603 1600
f 1593 1603 1601
f 1593 1594 1603
f 1600 1603 1602
f 1603 1604 1602
f 1604 1595 1602
f 1596 1603 1594
f 1604 1586 1595
f 1603 1586 1604
f 1596 1586 1603

