# https://github.com/mikedh/trimesh
v 3165.03000000 4345.09000000 3577.82000000
v 3135.19000000 4383.71000000 3578.46000000
v 3191.72000000 4392.06000000 3585.66000000
v 3301.35000000 4208.28000000 3600.94000000
v 3182.67000000 4222.72000000 3603.97000000
v 3223.89000000 4279.50000000 3588.15000000
v 3329.80000000 4270.62000000 3592.21000000
v 3413.97000000 4214.25000000 3608.32000000
v 3069.37000000 4220.64000000 3623.34000000
v 3099.88000000 4307.87000000 3597.29000000
v 3440.52000000 4265.27000000 3607.30000000
v 3260.68000000 4327.12000000 3586.77000000
v 3346.04000000 4322.65000000 3597.13000000
v 3275.79000000 4359.56000000 3592.79000000
v 2999.12000000 4379.76000000 3603.47000000
v 3087.71000000 4384.37000000 3589.00000000
v 3301.78000000 4403.94000000 3609.67000000
v 3007.85000000 4456.28000000 3605.84000000
v 3103.76000000 4416.98000000 3590.39000000
v 3181.92000000 4464.30000000 3608.44000000
v 3099.94000000 4468.87000000 3604.52000000
v 3296.22000000 4112.88000000 3642.18000000
v 3233.30000000 4162.67000000 3623.92000000
v 3407.81000000 4129.99000000 3640.27000000
v 3520.36000000 4156.09000000 3640.50000000
v 3508.65000000 4213.12000000 3624.89000000
v 3547.02000000 4253.00000000 3630.50000000
v 2990.96000000 4304.65000000 3620.58000000
v 3464.13000000 4344.67000000 3630.75000000
v 2945.82000000 4360.94000000 3620.49000000
v 2887.91000000 4378.60000000 3638.56000000
v 3449.36000000 4441.43000000 3658.96000000
v 2846.12000000 4473.57000000 3650.76000000
v 3256.09000000 4521.17000000 3651.85000000
v 2932.40000000 4528.91000000 3634.37000000
v 3024.94000000 4531.35000000 3625.30000000
v 3122.77000000 4515.54000000 3626.62000000
v 3150.33000000 4095.02000000 3661.68000000
v 3256.95000000 4024.23000000 3687.73000000
v 3000.52000000 4139.16000000 3663.81000000
v 3602.54000000 4196.38000000 3647.52000000
v 2967.53000000 4234.24000000 3643.13000000
v 3632.05000000 4239.33000000 3650.64000000
v 2905.63000000 4288.50000000 3646.59000000
v 3615.23000000 4315.08000000 3660.92000000
v 3587.48000000 4386.17000000 3674.52000000
v 2865.19000000 4531.32000000 3649.82000000
v 2880.41000000 4569.40000000 3655.49000000
v 2968.51000000 4587.05000000 3652.92000000
v 3103.41000000 4570.10000000 3655.21000000
v 3345.13000000 4001.07000000 3700.50000000
v 3526.17000000 4049.42000000 3693.42000000
v 3625.69000000 4121.60000000 3675.90000000
v 2995.20000000 4027.03000000 3702.43000000
v 2894.16000000 4187.50000000 3673.18000000
v 3683.77000000 4193.05000000 3673.22000000
v 2782.76000000 4263.85000000 3684.89000000
v 3684.52000000 4276.44000000 3675.73000000
v 2731.47000000 4379.17000000 3687.85000000
v 2723.25000000 4475.25000000 3691.29000000
v 2816.52000000 4537.77000000 3668.96000000
v 3485.35000000 4535.14000000 3713.52000000
v 3357.57000000 4595.84000000 3716.92000000
v 3215.86000000 4590.05000000 3687.93000000
v 2831.97000000 4589.19000000 3678.75000000
v 2902.55000000 4601.81000000 3669.53000000
v 3045.65000000 4617.47000000 3679.86000000
v 2951.31000000 4616.62000000 3676.60000000
v 3126.84000000 4602.70000000 3683.80000000
v 3186.20000000 3936.54000000 3731.37000000
v 3055.05000000 3962.76000000 3723.52000000
v 3647.28000000 4057.96000000 3707.48000000
v 3697.58000000 4112.03000000 3700.94000000
v 2862.72000000 4080.46000000 3706.26000000
v 2792.20000000 4163.00000000 3700.21000000
v 3736.60000000 4156.91000000 3704.49000000
v 3742.28000000 4257.39000000 3700.35000000
v 3767.69000000 4188.91000000 3726.20000000
v 3779.55000000 4261.10000000 3728.60000000
v 3775.22000000 4329.69000000 3731.91000000
v 3700.21000000 4361.73000000 3706.30000000
v 3598.20000000 4460.83000000 3711.39000000
v 2735.46000000 4545.08000000 3702.82000000
v 2795.46000000 4599.54000000 3701.14000000
v 3248.03000000 4615.44000000 3715.64000000
v 2877.30000000 4615.90000000 3689.44000000
v 2952.01000000 4626.97000000 3691.19000000
v 2958.10000000 3893.44000000 3755.49000000
v 2804.52000000 3934.46000000 3756.15000000
v 3608.04000000 3946.45000000 3764.35000000
v 3699.22000000 4033.72000000 3741.08000000
v 2735.94000000 4108.59000000 3722.34000000
v 3722.10000000 4100.62000000 3719.16000000
v 2695.20000000 4180.50000000 3719.00000000
v 3741.05000000 4085.10000000 3746.01000000
v 2614.20000000 4250.22000000 3728.54000000
v 2617.39000000 4382.95000000 3723.57000000
v 3761.30000000 4408.29000000 3745.35000000
v 2632.65000000 4475.22000000 3729.19000000
v 2682.75000000 4538.05000000 3724.38000000
v 2710.44000000 4567.48000000 3728.95000000
v 3127.24000000 4621.46000000 3703.53000000
v 2797.18000000 4608.52000000 3717.81000000
v 3318.80000000 4626.26000000 3738.98000000
v 2904.34000000 4630.35000000 3714.29000000
v 3012.48000000 4627.95000000 3700.48000000
v 3064.26000000 3862.17000000 3766.22000000
v 3442.81000000 3906.07000000 3763.41000000
v 3285.06000000 3866.88000000 3770.39000000
v 2700.86000000 4019.15000000 3748.35000000
v 2643.57000000 4110.63000000 3741.19000000
v 3770.11000000 4130.15000000 3759.82000000
v 3779.29000000 4187.01000000 3745.00000000
v 3782.34000000 4207.38000000 3753.24000000
v 3795.05000000 4310.56000000 3765.71000000
v 2516.42000000 4313.91000000 3748.33000000
v 3787.57000000 4397.96000000 3766.71000000
v 2518.44000000 4380.31000000 3754.79000000
v 3703.25000000 4470.46000000 3747.90000000
v 2639.15000000 4515.16000000 3741.61000000
v 3617.94000000 4551.26000000 3757.38000000
v 3508.54000000 4615.69000000 3766.62000000
v 3406.76000000 4632.38000000 3759.17000000
v 2818.50000000 4617.92000000 3739.20000000
v 2749.68000000 4592.91000000 3741.64000000
v 3200.09000000 4628.32000000 3731.87000000
v 2937.93000000 4633.45000000 3737.07000000
v 3057.25000000 4630.08000000 3727.82000000
v 3290.00000000 4634.16000000 3761.65000000
v 2592.74000000 3916.56000000 3785.83000000
v 2575.53000000 4032.19000000 3767.00000000
v 3694.30000000 3947.36000000 3792.47000000
v 3722.14000000 3998.12000000 3781.44000000
v 2504.51000000 4130.85000000 3766.30000000
v 3743.99000000 4016.44000000 3801.64000000
v 2442.99000000 4228.69000000 3770.46000000
v 2443.46000000 4309.40000000 3771.38000000
v 2447.52000000 4350.64000000 3778.82000000
v 3805.06000000 4406.06000000 3802.10000000
v 2483.57000000 4393.36000000 3777.70000000
v 2562.07000000 4459.91000000 3766.46000000
v 3763.72000000 4475.07000000 3774.61000000
v 2632.59000000 4525.82000000 3759.62000000
v 2685.96000000 4563.00000000 3762.24000000
v 3637.50000000 4605.48000000 3789.52000000
v 3022.03000000 4630.34000000 3751.96000000
v 3170.47000000 4627.58000000 3762.68000000
v 3378.59000000 4646.83000000 3779.29000000
v 2838.96000000 3826.59000000 3786.12000000
v 2680.18000000 3811.31000000 3799.88000000
v 2943.31000000 3752.64000000 3810.01000000
v 3136.18000000 3752.72000000 3818.37000000
v 3330.07000000 3774.44000000 3827.29000000
v 3498.03000000 3809.93000000 3832.33000000
v 3612.82000000 3840.57000000 3834.56000000
v 3664.30000000 3876.89000000 3828.46000000
v 2435.49000000 3998.39000000 3797.45000000
v 3763.46000000 4070.89000000 3807.60000000
v 2377.93000000 4132.51000000 3796.73000000
v 3777.90000000 4153.55000000 3798.01000000
v 2373.33000000 4207.59000000 3793.69000000
v 3790.87000000 4260.13000000 3827.85000000
v 2385.05000000 4257.01000000 3793.68000000
v 2334.35000000 4192.65000000 3817.01000000
v 2409.78000000 4312.32000000 3792.67000000
v 2431.52000000 4355.51000000 3804.83000000
v 2494.14000000 4415.02000000 3797.05000000
v 3795.09000000 4490.97000000 3809.65000000
v 2541.75000000 4459.72000000 3800.39000000
v 2587.31000000 4495.12000000 3782.87000000
v 2633.77000000 4530.58000000 3787.28000000
v 3710.00000000 4542.08000000 3780.49000000
v 3768.08000000 4552.65000000 3807.79000000
v 2683.76000000 4562.32000000 3782.49000000
v 2760.18000000 4582.29000000 3778.53000000
v 2928.58000000 4611.88000000 3772.65000000
v 3168.42000000 4584.76000000 3840.51000000
v 3238.98000000 4609.58000000 3812.36000000
v 3074.36000000 4598.87000000 3807.23000000
v 3291.37000000 4629.31000000 3798.78000000
v 3465.73000000 4665.12000000 3807.67000000
v 3620.88000000 4664.84000000 3835.16000000
v 2741.47000000 3684.99000000 3829.65000000
v 2560.44000000 3708.07000000 3830.30000000
v 2523.43000000 3799.17000000 3815.01000000
v 2427.56000000 3855.22000000 3816.26000000
v 3691.94000000 3868.36000000 3849.90000000
v 2329.02000000 3903.23000000 3825.67000000
v 3711.75000000 3908.59000000 3846.65000000
v 2320.46000000 4015.33000000 3820.54000000
v 2300.89000000 4098.31000000 3828.43000000
v 3778.53000000 4193.59000000 3872.66000000
v 2363.79000000 4269.76000000 3823.32000000
v 3803.31000000 4348.02000000 3822.71000000
v 2461.16000000 4388.52000000 3824.09000000
v 3810.64000000 4493.58000000 3853.85000000
v 3810.56000000 4422.88000000 3883.25000000
v 2507.29000000 4425.19000000 3826.31000000
v 2577.46000000 4485.00000000 3810.75000000
v 3722.85000000 4606.85000000 3817.76000000
v 3769.32000000 4596.62000000 3828.20000000
v 3786.61000000 4578.19000000 3836.52000000
v 2677.70000000 4544.05000000 3806.56000000
v 2868.79000000 4554.01000000 3841.91000000
v 3363.74000000 4647.49000000 3810.76000000
v 3427.03000000 4669.65000000 3832.00000000
v 2511.82000000 3598.17000000 3858.61000000
v 2421.55000000 3710.13000000 3840.68000000
v 2834.87000000 3603.56000000 3857.27000000
v 2968.10000000 3598.06000000 3869.97000000
v 3238.96000000 3661.57000000 3879.34000000
v 2313.87000000 3773.19000000 3842.63000000
v 2251.86000000 3819.33000000 3848.95000000
v 3646.85000000 3802.69000000 3874.29000000
v 3671.70000000 3817.21000000 3878.05000000
v 2252.91000000 3905.15000000 3845.03000000
v 2255.90000000 4007.10000000 3844.86000000
v 3729.17000000 3928.70000000 3863.98000000
v 3746.17000000 4002.44000000 3896.62000000
v 3766.73000000 4113.75000000 3955.72000000
v 2253.79000000 4062.85000000 3853.32000000
v 2283.35000000 4135.96000000 3850.28000000
v 2323.52000000 4206.99000000 3835.55000000
v 2313.58000000 4207.73000000 3858.16000000
v 2348.69000000 4264.42000000 3848.48000000
v 2382.83000000 4304.62000000 3842.23000000
v 2428.40000000 4352.57000000 3838.97000000
v 2542.87000000 4454.10000000 3822.08000000
v 2613.08000000 4493.80000000 3832.32000000
v 3801.70000000 4553.06000000 3853.45000000
v 2759.65000000 4525.98000000 3852.58000000
v 3005.63000000 4554.31000000 3860.53000000
v 3094.69000000 4547.82000000 3882.47000000
v 3767.69000000 4617.72000000 3846.47000000
v 3297.61000000 4599.99000000 3859.79000000
v 3725.27000000 4650.11000000 3857.21000000
v 3360.71000000 4616.40000000 3897.23000000
v 3471.86000000 4695.57000000 3859.30000000
v 3687.79000000 4674.13000000 3869.62000000
v 3529.67000000 4698.99000000 3861.83000000
v 2680.83000000 3535.88000000 3876.09000000
v 2529.99000000 3477.98000000 3895.06000000
v 2350.90000000 3594.04000000 3869.56000000
v 2270.36000000 3649.09000000 3869.51000000
v 3089.25000000 3566.79000000 3900.38000000
v 2215.46000000 3705.83000000 3870.87000000
v 3382.37000000 3670.22000000 3901.41000000
v 3558.82000000 3716.61000000 3918.00000000
v 2182.00000000 3789.19000000 3877.72000000
v 2213.81000000 3917.43000000 3864.81000000
v 3705.84000000 3843.71000000 3912.48000000
v 2218.38000000 3981.33000000 3868.92000000
v 2234.04000000 4039.61000000 3874.95000000
v 3785.37000000 4270.03000000 3951.00000000
v 3798.90000000 4345.04000000 3920.50000000
v 2468.86000000 4383.83000000 3851.16000000
v 2536.82000000 4434.68000000 3845.42000000
v 2668.29000000 4456.98000000 3894.74000000
v 2845.90000000 4485.63000000 3919.24000000
v 3228.69000000 4561.38000000 3891.60000000
v 3787.24000000 4607.48000000 3877.84000000
v 3757.66000000 4642.21000000 3879.90000000
v 3420.80000000 4659.17000000 3899.59000000
v 3468.67000000 4697.56000000 3896.26000000
v 3589.41000000 4700.90000000 3871.56000000
v 3644.71000000 4697.22000000 3889.74000000
v 3506.34000000 4711.10000000 3893.26000000
v 2646.39000000 3416.08000000 3920.32000000
v 2350.71000000 3463.55000000 3909.44000000
v 2813.82000000 3492.39000000 3900.73000000
v 2238.48000000 3529.41000000 3901.47000000
v 2160.59000000 3582.36000000 3907.09000000
v 2158.14000000 3671.12000000 3894.74000000
v 2134.10000000 3692.76000000 3906.97000000
v 2144.78000000 3755.19000000 3901.57000000
v 2156.80000000 3800.65000000 3894.35000000
v 2177.89000000 3869.83000000 3891.69000000
v 3682.06000000 3804.28000000 3908.76000000
v 3720.95000000 3905.82000000 3943.74000000
v 2202.02000000 3957.73000000 3890.08000000
v 2264.59000000 4112.42000000 3881.08000000
v 2291.84000000 4170.21000000 3889.33000000
v 2343.83000000 4245.28000000 3880.61000000
v 2412.11000000 4321.71000000 3868.47000000
v 2576.41000000 4415.81000000 3891.35000000
v 3804.68000000 4555.13000000 3890.77000000
v 2942.83000000 4507.09000000 3911.15000000
v 3325.35000000 4569.73000000 3943.64000000
v 3705.91000000 4675.92000000 3899.70000000
v 3567.86000000 4714.58000000 3906.34000000
v 2487.80000000 3375.37000000 3935.00000000
v 2265.49000000 3376.42000000 3941.70000000
v 2220.51000000 3430.19000000 3930.50000000
v 2163.69000000 3484.96000000 3927.72000000
v 2936.02000000 3475.73000000 3920.05000000
v 2102.33000000 3630.93000000 3935.64000000
v 2126.06000000 3627.29000000 3918.21000000
v 3181.17000000 3526.62000000 3938.23000000
v 2127.58000000 3722.87000000 3926.75000000
v 3420.68000000 3590.38000000 3971.01000000
v 3623.23000000 3704.94000000 3951.45000000
v 3641.04000000 3760.30000000 3917.25000000
v 2152.11000000 3794.93000000 3904.22000000
v 2153.14000000 3812.59000000 3925.23000000
v 2183.98000000 3908.94000000 3913.50000000
v 2223.11000000 4013.72000000 3899.00000000
v 3748.46000000 4041.36000000 4068.16000000
v 3774.91000000 4196.44000000 4004.70000000
v 2352.10000000 4193.21000000 3952.68000000
v 2395.49000000 4276.38000000 3908.48000000
v 2486.78000000 4336.01000000 3913.52000000
v 3799.40000000 4409.32000000 4003.72000000
v 3806.06000000 4501.96000000 3940.29000000
v 2763.26000000 4457.73000000 3927.15000000
v 3022.10000000 4508.02000000 3923.60000000
v 3113.28000000 4495.21000000 3962.12000000
v 3273.37000000 4554.72000000 3926.12000000
v 3791.34000000 4582.11000000 3934.02000000
v 3744.25000000 4644.57000000 3936.60000000
v 3661.46000000 4701.77000000 3921.03000000
v 2810.19000000 3366.30000000 3958.58000000
v 2608.08000000 3308.18000000 3966.98000000
v 2329.93000000 3335.39000000 3953.02000000
v 3000.85000000 3424.80000000 3957.57000000
v 2139.37000000 3400.61000000 3952.76000000
v 2101.19000000 3474.21000000 3951.39000000
v 2103.49000000 3567.26000000 3941.37000000
v 2081.04000000 3561.93000000 3965.87000000
v 3634.99000000 3706.08000000 3971.17000000
v 2176.18000000 3859.44000000 3950.63000000
v 2214.81000000 3944.87000000 3953.05000000
v 3715.69000000 3948.15000000 4050.79000000
v 2261.30000000 4070.67000000 3929.42000000
v 2306.49000000 4161.86000000 3918.45000000
v 2616.10000000 4365.12000000 3960.66000000
v 3231.05000000 4514.90000000 3974.19000000
v 3434.25000000 4632.81000000 4004.03000000
v 3471.40000000 4682.57000000 3964.10000000
v 3522.28000000 4707.50000000 3956.54000000
v 3620.88000000 4714.66000000 3932.14000000
v 3578.00000000 4718.11000000 3950.07000000
v 2415.98000000 3268.18000000 3979.40000000
v 2201.39000000 3340.34000000 3961.21000000
v 2710.80000000 3241.75000000 4011.63000000
v 2111.59000000 3338.85000000 3974.92000000
v 2078.67000000 3385.60000000 3974.62000000
v 2053.23000000 3420.29000000 3984.07000000
v 2071.52000000 3493.96000000 3975.47000000
v 3094.84000000 3371.64000000 4009.22000000
v 3276.54000000 3510.73000000 3976.28000000
v 3345.67000000 3490.77000000 4016.71000000
v 3512.39000000 3595.17000000 4008.90000000
v 2093.64000000 3611.29000000 3982.48000000
v 3591.79000000 3666.94000000 3981.59000000
v 3616.21000000 3693.90000000 3965.53000000
v 2127.31000000 3719.48000000 3960.11000000
v 3663.08000000 3744.83000000 3980.31000000
v 3692.96000000 3831.00000000 3982.92000000
v 2155.84000000 3778.92000000 3975.25000000
v 3704.09000000 3893.55000000 4020.59000000
v 2304.54000000 4085.94000000 3980.67000000
v 2431.11000000 4246.72000000 3963.15000000
v 3787.31000000 4325.87000000 4017.22000000
v 2746.46000000 4398.84000000 3986.08000000
v 2828.15000000 4427.59000000 3982.10000000
v 3759.41000000 4594.28000000 4005.70000000
v 3668.60000000 4690.79000000 3959.64000000
v 3607.26000000 4712.75000000 3967.14000000
v 2258.19000000 3281.70000000 3979.30000000
v 2139.34000000 3278.59000000 3993.51000000
v 2555.05000000 3250.84000000 3992.65000000
v 2068.23000000 3320.32000000 3994.11000000
v 2045.48000000 3359.28000000 3995.80000000
v 2025.30000000 3367.28000000 4010.14000000
v 2039.57000000 3425.82000000 4005.11000000
v 2060.48000000 3498.97000000 4000.83000000
v 3427.86000000 3526.77000000 4027.32000000
v 2198.32000000 3835.84000000 4018.67000000
v 2258.71000000 3988.64000000 3993.10000000
v 2530.38000000 4265.02000000 4010.91000000
v 2942.84000000 4452.15000000 3981.67000000
v 3288.02000000 4533.11000000 3979.93000000
v 3780.20000000 4516.59000000 4031.64000000
v 3372.72000000 4573.26000000 4018.43000000
v 3723.75000000 4638.32000000 4007.19000000
v 3706.48000000 4657.96000000 3986.58000000
v 3503.59000000 4680.49000000 4018.94000000
v 2284.63000000 3222.75000000 4008.07000000
v 2505.82000000 3202.26000000 4020.95000000
v 2381.53000000 3166.00000000 4044.67000000
v 2134.88000000 3224.02000000 4023.37000000
v 2063.80000000 3266.39000000 4019.04000000
v 2031.93000000 3312.59000000 4018.15000000
v 2909.53000000 3317.45000000 4002.89000000
v 2907.49000000 3226.84000000 4056.60000000
v 3233.63000000 3379.35000000 4053.52000000
v 3088.76000000 3278.75000000 4071.38000000
v 2012.31000000 3360.01000000 4032.82000000
v 3562.77000000 3610.86000000 4028.58000000
v 3591.31000000 3638.46000000 4028.01000000
v 2088.09000000 3559.63000000 4062.21000000
v 2141.41000000 3687.54000000 4037.27000000
v 3655.83000000 3773.01000000 4051.32000000
v 2300.44000000 4016.79000000 4034.21000000
v 3759.90000000 4089.51000000 4144.95000000
v 2355.84000000 4083.42000000 4047.55000000
v 2431.91000000 4172.33000000 4035.64000000
v 3794.01000000 4466.55000000 4015.48000000
v 3206.86000000 4469.58000000 4044.24000000
v 3321.35000000 4534.11000000 4019.70000000
v 3479.91000000 4655.27000000 4037.89000000
v 3572.81000000 4706.83000000 3996.38000000
v 3620.56000000 4691.34000000 4012.57000000
v 2225.85000000 3165.96000000 4063.40000000
v 2115.60000000 3197.17000000 4052.65000000
v 2691.39000000 3173.07000000 4056.80000000
v 2057.35000000 3223.17000000 4053.23000000
v 2026.81000000 3268.28000000 4042.29000000
v 2009.07000000 3298.50000000 4050.13000000
v 2028.96000000 3412.97000000 4039.03000000
v 3376.02000000 3440.11000000 4076.16000000
v 2057.94000000 3486.24000000 4054.08000000
v 3471.83000000 3508.96000000 4072.86000000
v 3527.39000000 3567.04000000 4053.42000000
v 3615.10000000 3667.55000000 4031.79000000
v 3628.03000000 3708.66000000 4054.62000000
v 3677.74000000 3844.88000000 4061.07000000
v 2505.78000000 4196.68000000 4070.69000000
v 3777.06000000 4250.35000000 4110.71000000
v 3012.33000000 4419.52000000 4045.16000000
v 3107.46000000 4423.00000000 4077.69000000
v 3275.63000000 4495.05000000 4053.67000000
v 3706.70000000 4599.22000000 4080.38000000
v 3671.28000000 4651.06000000 4036.78000000
v 3543.92000000 4676.04000000 4052.42000000
v 2409.58000000 3101.68000000 4124.22000000
v 2551.76000000 3134.63000000 4080.51000000
v 2709.70000000 3123.59000000 4098.96000000
v 2159.15000000 3135.36000000 4127.66000000
v 2097.26000000 3173.83000000 4104.47000000
v 2223.23000000 3120.07000000 4131.24000000
v 2031.88000000 3199.06000000 4111.09000000
v 2017.48000000 3237.95000000 4086.24000000
v 2004.65000000 3324.43000000 4081.05000000
v 3547.51000000 3573.67000000 4074.38000000
v 3572.60000000 3605.44000000 4078.73000000
v 3648.30000000 3794.61000000 4098.35000000
v 3679.24000000 3876.79000000 4097.13000000
v 2258.81000000 3890.59000000 4081.71000000
v 3768.41000000 4150.45000000 4152.57000000
v 2419.62000000 4102.71000000 4096.97000000
v 2696.71000000 4310.77000000 4060.72000000
v 2857.51000000 4378.55000000 4049.76000000
v 3779.22000000 4432.24000000 4090.50000000
v 3336.20000000 4511.92000000 4113.98000000
v 3734.01000000 4518.95000000 4130.85000000
v 3591.47000000 4681.85000000 4045.53000000
v 3620.37000000 4648.59000000 4087.87000000
v 2601.30000000 3076.52000000 4155.96000000
v 2696.27000000 3098.29000000 4130.54000000
v 2292.21000000 3087.37000000 4170.35000000
v 2818.60000000 3147.93000000 4098.18000000
v 2968.84000000 3147.05000000 4137.03000000
v 3040.10000000 3207.83000000 4107.84000000
v 1997.26000000 3242.11000000 4141.39000000
v 2020.42000000 3349.75000000 4142.17000000
v 3305.54000000 3324.76000000 4134.71000000
v 3436.28000000 3438.17000000 4122.82000000
v 3506.87000000 3517.81000000 4102.61000000
v 3597.52000000 3660.52000000 4083.50000000
v 2126.56000000 3591.33000000 4124.35000000
v 2327.93000000 3952.05000000 4134.14000000
v 2508.70000000 4145.56000000 4133.99000000
v 2600.63000000 4228.45000000 4101.70000000
v 3781.71000000 4358.20000000 4095.57000000
v 3236.86000000 4448.75000000 4110.83000000
v 3759.13000000 4456.75000000 4140.82000000
v 3650.33000000 4600.73000000 4133.96000000
v 3508.62000000 4641.80000000 4096.12000000
v 2828.27000000 3085.17000000 4179.16000000
v 3064.72000000 3179.51000000 4137.97000000
v 1994.68000000 3259.53000000 4168.66000000
v 3160.06000000 3237.27000000 4136.02000000
v 2002.98000000 3289.50000000 4161.91000000
v 3381.56000000 3383.93000000 4134.99000000
v 3475.98000000 3475.18000000 4121.43000000
v 2080.77000000 3446.49000000 4204.91000000
v 3530.41000000 3544.40000000 4116.89000000
v 3555.73000000 3606.23000000 4135.74000000
v 3606.90000000 3717.67000000 4126.94000000
v 2199.32000000 3701.98000000 4162.93000000
v 3709.49000000 3973.04000000 4215.39000000
v 2422.73000000 4029.24000000 4179.18000000
v 3122.81000000 4389.59000000 4146.49000000
v 3176.30000000 4425.68000000 4114.26000000
v 3269.11000000 4458.29000000 4139.90000000
v 3416.67000000 4562.24000000 4141.81000000
v 3470.85000000 4610.00000000 4113.07000000
v 3576.23000000 4637.56000000 4121.93000000
v 2720.90000000 3064.62000000 4185.74000000
v 2086.69000000 3122.20000000 4202.81000000
v 2035.55000000 3160.64000000 4183.30000000
v 2011.29000000 3192.76000000 4172.67000000
v 3368.98000000 3335.93000000 4179.31000000
v 3491.35000000 3484.45000000 4144.85000000
v 3639.35000000 3803.83000000 4139.88000000
v 3647.09000000 3847.14000000 4193.50000000
v 3745.39000000 4050.95000000 4229.65000000
v 2710.85000000 4256.79000000 4142.51000000
v 2812.09000000 4307.04000000 4128.87000000
v 2982.18000000 4356.14000000 4135.06000000
v 3677.01000000 4536.95000000 4190.02000000
v 3538.93000000 4626.04000000 4138.41000000
v 3597.47000000 4592.59000000 4184.73000000
v 2672.20000000 3016.57000000 4253.82000000
v 2189.55000000 3092.31000000 4198.69000000
v 3110.26000000 3164.61000000 4180.66000000
v 3268.72000000 3237.97000000 4195.49000000
v 3325.95000000 3274.35000000 4204.68000000
v 3416.14000000 3388.94000000 4169.51000000
v 3456.55000000 3439.43000000 4157.25000000
v 3530.23000000 3614.31000000 4215.15000000
v 2293.10000000 3802.70000000 4228.21000000
v 2381.06000000 3871.41000000 4297.76000000
v 2673.70000000 4200.50000000 4200.33000000
v 3772.31000000 4298.08000000 4207.74000000
v 3773.66000000 4372.98000000 4149.24000000
v 3763.67000000 4348.18000000 4228.01000000
v 2386.25000000 3041.98000000 4221.74000000
v 2268.22000000 3026.37000000 4273.58000000
v 2516.43000000 3014.19000000 4256.51000000
v 2950.29000000 3069.76000000 4241.12000000
v 3077.88000000 3085.27000000 4283.53000000
v 2002.89000000 3140.03000000 4260.97000000
v 3201.56000000 3190.83000000 4206.23000000
v 3303.02000000 3230.15000000 4231.42000000
v 3465.08000000 3444.68000000 4181.75000000
v 3499.15000000 3521.26000000 4179.69000000
v 2142.53000000 3527.02000000 4265.44000000
v 3768.29000000 4195.44000000 4267.13000000
v 3086.45000000 4360.24000000 4186.07000000
v 3184.91000000 4404.49000000 4175.32000000
v 3278.80000000 4446.78000000 4229.88000000
v 3359.91000000 4506.80000000 4201.52000000
v 3695.74000000 4461.64000000 4263.54000000
v 3471.70000000 4568.99000000 4204.53000000
v 3508.53000000 4595.23000000 4179.33000000
v 3547.80000000 4588.14000000 4203.58000000
v 2763.94000000 3019.58000000 4265.47000000
v 3202.60000000 3119.69000000 4315.56000000
v 2027.28000000 3122.30000000 4254.44000000
v 1991.49000000 3214.00000000 4223.93000000
v 1998.99000000 3244.54000000 4234.50000000
v 3359.91000000 3279.04000000 4246.04000000
v 3393.25000000 3339.07000000 4222.71000000
v 3429.66000000 3397.41000000 4199.99000000
v 2031.81000000 3295.63000000 4297.49000000
v 3451.59000000 3456.60000000 4224.43000000
v 3478.22000000 3529.32000000 4238.33000000
v 2199.78000000 3581.81000000 4318.79000000
v 3585.02000000 3725.96000000 4212.00000000
v 3646.39000000 3867.56000000 4312.35000000
v 2516.55000000 4075.14000000 4245.70000000
v 2619.91000000 4131.75000000 4283.40000000
v 2834.59000000 4272.12000000 4194.07000000
v 2979.81000000 4295.39000000 4246.39000000
v 3735.68000000 4386.43000000 4273.74000000
v 3404.87000000 4515.47000000 4279.04000000
v 2100.29000000 3084.35000000 4254.62000000
v 2039.36000000 3082.08000000 4299.21000000
v 1994.68000000 3179.40000000 4239.60000000
v 3279.72000000 3183.92000000 4283.52000000
v 3324.62000000 3223.75000000 4273.93000000
v 3404.51000000 3381.12000000 4274.65000000
v 2272.69000000 3679.55000000 4328.42000000
v 2444.41000000 3945.14000000 4319.82000000
v 3100.99000000 4342.24000000 4241.64000000
v 3352.00000000 4485.11000000 4287.71000000
v 3447.04000000 4540.29000000 4251.92000000
v 3615.82000000 4533.18000000 4260.45000000
v 2148.68000000 3042.59000000 4291.03000000
v 3373.89000000 3281.33000000 4292.73000000
v 3443.66000000 3484.91000000 4278.48000000
v 3521.68000000 3637.99000000 4273.95000000
v 3731.56000000 4040.36000000 4350.48000000
v 2482.96000000 4003.83000000 4302.34000000
v 2733.39000000 4167.06000000 4328.10000000
v 2830.82000000 4220.94000000 4291.21000000
v 3175.88000000 4376.55000000 4253.06000000
v 3552.66000000 4542.84000000 4283.44000000
v 2592.59000000 2936.67000000 4391.33000000
v 2875.81000000 3010.81000000 4312.85000000
v 2999.24000000 3030.33000000 4332.49000000
v 2071.96000000 3040.93000000 4336.78000000
v 3174.29000000 3064.28000000 4383.77000000
v 1986.48000000 3166.69000000 4303.13000000
v 3351.96000000 3213.92000000 4333.41000000
v 3377.23000000 3299.89000000 4351.28000000
v 2114.53000000 3426.00000000 4351.18000000
v 3484.23000000 3562.20000000 4268.99000000
v 3558.82000000 3714.95000000 4312.92000000
v 3695.74000000 3975.37000000 4376.23000000
v 3753.02000000 4109.98000000 4289.79000000
v 2550.80000000 4033.94000000 4369.17000000
v 2594.26000000 4083.05000000 4348.53000000
v 3041.06000000 4291.78000000 4302.81000000
v 3209.03000000 4382.21000000 4333.05000000
v 3652.83000000 4484.06000000 4290.90000000
v 3373.55000000 4486.67000000 4363.76000000
v 3450.37000000 4514.85000000 4339.62000000
v 3496.79000000 4551.15000000 4262.53000000
v 2403.81000000 2971.09000000 4338.06000000
v 2499.43000000 2954.58000000 4360.50000000
v 2747.92000000 2974.06000000 4345.38000000
v 2112.65000000 3012.93000000 4355.52000000
v 2165.37000000 2979.29000000 4392.46000000
v 1996.64000000 3090.07000000 4339.75000000
v 1986.76000000 3125.50000000 4324.58000000
v 3295.78000000 3124.73000000 4397.70000000
v 3323.54000000 3178.41000000 4347.48000000
v 1994.80000000 3177.81000000 4381.08000000
v 2080.36000000 3347.13000000 4395.58000000
v 3412.85000000 3442.69000000 4325.58000000
v 2338.19000000 3765.38000000 4341.77000000
v 2509.33000000 3965.29000000 4406.13000000
v 3761.93000000 4235.75000000 4325.79000000
v 3119.46000000 4330.16000000 4308.01000000
v 3693.01000000 4355.31000000 4393.82000000
v 3305.98000000 4448.61000000 4369.26000000
v 2286.42000000 2959.22000000 4387.49000000
v 2972.78000000 2988.64000000 4392.98000000
v 3079.63000000 3018.28000000 4405.60000000
v 3389.11000000 3374.65000000 4374.05000000
v 3460.25000000 3544.04000000 4363.75000000
v 3655.56000000 3910.66000000 4438.21000000
v 2649.83000000 4100.62000000 4396.68000000
v 2737.88000000 4134.39000000 4422.49000000
v 2959.00000000 4241.13000000 4353.25000000
v 3746.10000000 4275.36000000 4358.12000000
v 3055.04000000 4282.10000000 4349.89000000
v 3112.42000000 4306.52000000 4374.78000000
v 3236.70000000 4404.33000000 4452.19000000
v 3659.17000000 4427.51000000 4356.86000000
v 2010.70000000 3032.86000000 4400.61000000
v 3369.92000000 3223.78000000 4381.41000000
v 3374.09000000 3262.30000000 4398.71000000
v 3407.38000000 3438.53000000 4401.33000000
v 2242.48000000 3576.45000000 4412.93000000
v 2404.18000000 3808.37000000 4412.54000000
v 3591.63000000 3799.89000000 4456.39000000
v 2852.20000000 4186.59000000 4397.22000000
v 3720.86000000 4286.74000000 4410.11000000
v 3403.24000000 4492.16000000 4398.14000000
v 3557.00000000 4502.24000000 4353.14000000
v 3494.43000000 4505.00000000 4375.59000000
v 2367.58000000 2911.12000000 4460.58000000
v 2477.13000000 2929.21000000 4411.48000000
v 2860.22000000 2958.18000000 4407.35000000
v 2053.21000000 2986.01000000 4443.44000000
v 3240.39000000 3084.33000000 4410.34000000
v 1973.34000000 3072.82000000 4402.82000000
v 1971.10000000 3097.12000000 4418.44000000
v 3381.43000000 3235.69000000 4473.48000000
v 3379.60000000 3310.78000000 4431.20000000
v 2171.47000000 3493.26000000 4389.70000000
v 3513.66000000 3663.32000000 4474.70000000
v 2446.34000000 3895.50000000 4385.69000000
v 3750.50000000 4155.58000000 4385.22000000
v 3167.66000000 4343.41000000 4416.88000000
v 3599.61000000 4457.25000000 4383.98000000
v 2730.64000000 2929.17000000 4432.50000000
v 2106.56000000 2934.59000000 4510.11000000
v 1978.17000000 3044.62000000 4426.56000000
v 1969.65000000 3100.93000000 4490.85000000
v 3350.91000000 3165.48000000 4423.51000000
v 2035.31000000 3235.36000000 4477.70000000
v 3418.12000000 3470.83000000 4460.11000000
v 2327.11000000 3698.67000000 4409.43000000
v 3687.61000000 3991.66000000 4505.26000000
v 2570.67000000 4013.58000000 4454.16000000
v 2615.39000000 4058.03000000 4448.54000000
v 3030.30000000 4248.86000000 4416.63000000
v 3156.08000000 4337.92000000 4516.60000000
v 3640.16000000 4380.68000000 4437.87000000
v 3296.44000000 4445.88000000 4507.14000000
v 3437.80000000 4484.96000000 4445.23000000
v 3522.24000000 4458.57000000 4456.35000000
v 2465.62000000 2883.12000000 4518.47000000
v 2832.70000000 2911.25000000 4506.32000000
v 2981.28000000 2959.43000000 4468.44000000
v 1999.81000000 2995.99000000 4466.62000000
v 3375.70000000 3187.71000000 4479.94000000
v 3396.92000000 3393.36000000 4469.08000000
v 3452.19000000 3547.46000000 4501.71000000
v 3712.40000000 4023.97000000 4428.17000000
v 3719.35000000 4070.52000000 4457.01000000
v 3739.46000000 4186.41000000 4435.11000000
v 3085.23000000 4274.88000000 4473.27000000
v 3240.80000000 4430.75000000 4601.01000000
v 3352.88000000 4468.71000000 4451.28000000
v 2218.98000000 2918.31000000 4498.03000000
v 2661.83000000 2894.58000000 4509.35000000
v 1976.48000000 3005.58000000 4482.67000000
v 3185.41000000 3035.04000000 4458.53000000
v 1960.59000000 3031.36000000 4491.57000000
v 3282.32000000 3079.50000000 4484.63000000
v 3330.49000000 3119.72000000 4480.31000000
v 1990.75000000 3141.35000000 4518.99000000
v 2082.58000000 3303.38000000 4524.95000000
v 2138.38000000 3402.33000000 4481.48000000
v 2209.93000000 3503.06000000 4472.22000000
v 2291.70000000 3609.99000000 4480.37000000
v 2539.74000000 3954.53000000 4518.93000000
v 2694.08000000 4095.48000000 4491.25000000
v 3722.76000000 4125.66000000 4490.96000000
v 2953.52000000 4205.95000000 4456.88000000
v 3014.59000000 4226.43000000 4487.70000000
v 3678.26000000 4241.44000000 4535.82000000
v 3653.51000000 4305.52000000 4509.22000000
v 3583.17000000 4396.93000000 4485.81000000
v 3472.10000000 4470.82000000 4474.50000000
v 1983.89000000 2964.56000000 4545.78000000
v 3096.04000000 2987.11000000 4487.96000000
v 3391.61000000 3194.21000000 4547.41000000
v 3393.61000000 3297.57000000 4507.91000000
v 3401.46000000 3241.35000000 4551.12000000
v 3547.32000000 3743.08000000 4576.21000000
v 2384.46000000 3743.29000000 4474.54000000
v 2459.68000000 3861.79000000 4467.47000000
v 3634.07000000 3894.44000000 4530.96000000
v 2597.76000000 4019.11000000 4539.08000000
v 2782.67000000 4124.80000000 4544.43000000
v 2859.74000000 4162.49000000 4499.00000000
v 3714.72000000 4211.01000000 4483.40000000
v 3392.90000000 4472.45000000 4496.03000000
v 2288.91000000 2876.00000000 4574.36000000
v 2953.03000000 2927.18000000 4532.74000000
v 2034.89000000 2925.80000000 4579.43000000
v 3164.08000000 3006.91000000 4507.03000000
v 3220.52000000 3030.43000000 4534.26000000
v 1948.73000000 3034.04000000 4579.83000000
v 3329.20000000 3101.61000000 4535.11000000
v 3361.03000000 3152.22000000 4524.77000000
v 3422.69000000 3464.39000000 4529.70000000
v 3492.14000000 3634.76000000 4572.99000000
v 2334.93000000 3647.92000000 4542.02000000
v 3592.61000000 3832.21000000 4587.65000000
v 3033.77000000 4230.81000000 4544.26000000
v 3089.33000000 4283.29000000 4571.41000000
v 3615.36000000 4329.46000000 4534.12000000
v 3194.80000000 4393.10000000 4590.51000000
v 3524.63000000 4414.31000000 4536.04000000
v 2889.27000000 2900.85000000 4575.74000000
v 3034.17000000 2954.51000000 4525.07000000
v 3127.81000000 2985.46000000 4547.87000000
v 1953.11000000 2977.79000000 4584.49000000
v 3292.19000000 3073.78000000 4561.35000000
v 1967.68000000 3081.72000000 4651.34000000
v 3418.55000000 3320.23000000 4580.54000000
v 3417.91000000 3392.10000000 4555.32000000
v 3452.42000000 3540.18000000 4583.77000000
v 2413.34000000 3768.97000000 4525.67000000
v 2460.49000000 3834.52000000 4559.94000000
v 2664.43000000 4066.72000000 4563.57000000
v 2722.57000000 4096.73000000 4579.22000000
v 2946.01000000 4187.71000000 4571.78000000
v 3283.26000000 4456.97000000 4644.09000000
v 3484.21000000 4445.28000000 4529.40000000
v 3339.35000000 4463.16000000 4579.22000000
v 3434.71000000 4459.73000000 4538.90000000
v 3385.41000000 4463.31000000 4596.27000000
v 2731.55000000 2872.86000000 4595.10000000
v 1941.87000000 2991.95000000 4614.79000000
v 2054.52000000 3236.86000000 4660.53000000
v 2227.57000000 3500.90000000 4554.36000000
v 2367.72000000 3690.61000000 4623.04000000
v 2504.99000000 3900.57000000 4630.40000000
v 2563.47000000 3974.20000000 4612.92000000
v 3712.56000000 4152.17000000 4522.80000000
v 3675.88000000 4156.85000000 4598.16000000
v 3552.08000000 4357.17000000 4590.75000000
v 2384.63000000 2853.91000000 4611.75000000
v 2508.71000000 2857.29000000 4608.16000000
v 2138.83000000 2885.51000000 4617.63000000
v 3007.42000000 2936.26000000 4593.39000000
v 3175.20000000 3000.12000000 4593.58000000
v 3227.79000000 3032.17000000 4602.56000000
v 2007.45000000 3161.87000000 4622.89000000
v 3428.59000000 3282.12000000 4606.09000000
v 3451.48000000 3409.26000000 4630.94000000
v 2134.21000000 3363.39000000 4611.25000000
v 3443.39000000 3483.39000000 4600.82000000
v 3449.37000000 3524.61000000 4604.17000000
v 2276.29000000 3555.49000000 4627.05000000
v 3570.48000000 3810.54000000 4663.91000000
v 3619.19000000 3899.33000000 4621.37000000
v 3651.22000000 3964.65000000 4606.22000000
v 3682.84000000 4025.90000000 4568.38000000
v 3680.51000000 4084.65000000 4594.62000000
v 2845.40000000 4146.19000000 4587.22000000
v 3009.80000000 4227.71000000 4639.80000000
v 3604.11000000 4260.40000000 4637.32000000
v 3135.20000000 4346.42000000 4637.91000000
v 2822.16000000 2880.14000000 4639.47000000
v 2019.61000000 2896.76000000 4670.69000000
v 2904.32000000 2899.81000000 4676.35000000
v 1985.50000000 2924.12000000 4637.34000000
v 1954.82000000 2939.80000000 4660.15000000
v 3084.37000000 2960.82000000 4637.19000000
v 1929.34000000 2985.85000000 4739.80000000
v 3282.11000000 3070.09000000 4611.88000000
v 3336.63000000 3124.65000000 4593.94000000
v 3379.88000000 3179.25000000 4588.30000000
v 3411.33000000 3236.80000000 4611.71000000
v 3445.03000000 3332.41000000 4626.97000000
v 3460.20000000 3541.73000000 4624.50000000
v 2196.80000000 3442.10000000 4693.93000000
v 2431.60000000 3794.39000000 4674.05000000
v 2702.61000000 4084.60000000 4657.72000000
v 3067.29000000 4297.06000000 4688.41000000
v 3476.92000000 4416.47000000 4628.22000000
v 3512.95000000 4368.56000000 4678.14000000
v 3407.80000000 4450.44000000 4688.64000000
v 3311.10000000 4470.16000000 4728.25000000
v 2379.28000000 2844.55000000 4649.80000000
v 2604.45000000 2849.32000000 4663.56000000
v 2725.35000000 2863.64000000 4669.56000000
v 3145.96000000 2992.83000000 4659.33000000
v 3225.22000000 3042.01000000 4648.61000000
v 3444.82000000 3303.67000000 4647.16000000
v 3490.18000000 3615.92000000 4648.22000000
v 3534.37000000 3710.06000000 4683.07000000
v 3597.17000000 3878.53000000 4669.84000000
v 2549.30000000 3959.74000000 4712.93000000
v 2623.65000000 4030.41000000 4660.73000000
v 2780.13000000 4118.20000000 4628.49000000
v 2842.68000000 4146.56000000 4677.00000000
v 2922.89000000 4183.03000000 4690.19000000
v 3548.32000000 4315.71000000 4687.17000000
v 3228.31000000 4450.04000000 4742.37000000
v 2283.53000000 2851.84000000 4659.45000000
v 2668.14000000 2853.32000000 4725.71000000
v 1935.43000000 2960.09000000 4737.06000000
v 1937.09000000 3021.95000000 4796.28000000
v 3270.48000000 3117.89000000 4708.71000000
v 3377.63000000 3207.78000000 4668.47000000
v 3436.00000000 3288.95000000 4679.92000000
v 3465.75000000 3379.41000000 4665.67000000
v 3482.19000000 3526.40000000 4668.88000000
v 2348.76000000 3671.24000000 4762.22000000
v 3649.92000000 4009.32000000 4648.19000000
v 3170.25000000 4409.82000000 4739.46000000
v 3438.01000000 4426.82000000 4748.29000000
v 3358.82000000 4464.52000000 4696.40000000
v 2423.17000000 2842.39000000 4693.96000000
v 2170.47000000 2855.87000000 4706.21000000
v 2082.21000000 2872.23000000 4720.28000000
v 2770.93000000 2869.60000000 4758.33000000
v 1960.68000000 2918.80000000 4755.43000000
v 2981.53000000 2923.18000000 4707.82000000
v 3060.01000000 2955.00000000 4700.47000000
v 3135.06000000 3022.30000000 4739.65000000
v 1999.19000000 3141.76000000 4763.74000000
v 3465.47000000 3358.96000000 4689.60000000
v 3485.97000000 3424.16000000 4701.68000000
v 3479.10000000 3446.83000000 4679.09000000
v 3505.22000000 3613.16000000 4694.71000000
v 2268.51000000 3544.01000000 4741.09000000
v 3517.26000000 3655.29000000 4702.41000000
v 2414.46000000 3793.13000000 4816.39000000
v 3565.04000000 3790.20000000 4754.87000000
v 2480.06000000 3889.02000000 4801.25000000
v 3619.27000000 3953.29000000 4691.13000000
v 2742.20000000 4109.58000000 4721.50000000
v 3638.50000000 4104.35000000 4692.35000000
v 3632.02000000 4163.96000000 4677.04000000
v 2940.96000000 4215.88000000 4772.85000000
v 2999.96000000 4262.03000000 4756.80000000
v 3570.05000000 4247.79000000 4737.65000000
v 3102.95000000 4352.67000000 4744.64000000
v 2526.83000000 2843.23000000 4752.99000000
v 3064.82000000 2968.78000000 4737.82000000
v 3418.02000000 3292.31000000 4737.51000000
v 2116.10000000 3326.58000000 4744.01000000
v 3481.06000000 3398.32000000 4712.49000000
v 3498.72000000 3500.31000000 4712.80000000
v 3506.08000000 3573.77000000 4712.10000000
v 3518.75000000 3618.61000000 4727.70000000
v 2845.98000000 4162.09000000 4767.54000000
v 3517.25000000 4341.45000000 4750.96000000
v 3477.57000000 4387.91000000 4782.02000000
v 3391.29000000 4455.50000000 4848.92000000
v 2288.46000000 2841.84000000 4760.28000000
v 2009.60000000 2893.12000000 4799.38000000
v 1943.70000000 2938.03000000 4763.42000000
v 2876.88000000 2892.10000000 4760.85000000
v 2974.49000000 2931.64000000 4780.28000000
v 2057.15000000 3240.11000000 4794.49000000
v 3351.71000000 3227.39000000 4757.14000000
v 3467.55000000 3377.02000000 4723.70000000
v 3497.93000000 3472.05000000 4735.17000000
v 2280.60000000 3569.27000000 4821.88000000
v 3588.73000000 3875.94000000 4733.77000000
v 3628.12000000 4039.92000000 4715.38000000
v 2670.37000000 4073.11000000 4749.84000000
v 2596.60000000 4018.74000000 4788.08000000
v 2872.40000000 4195.58000000 4832.00000000
v 3538.42000000 4295.95000000 4800.80000000
v 3027.03000000 4313.63000000 4818.89000000
v 3252.05000000 4474.66000000 4837.18000000
v 3374.06000000 4461.79000000 4759.43000000
v 2157.63000000 2855.22000000 4785.20000000
v 2401.02000000 2838.71000000 4776.40000000
v 2070.18000000 2875.04000000 4832.01000000
v 1924.43000000 2969.80000000 4900.31000000
v 1927.54000000 2994.07000000 4862.85000000
v 1959.35000000 3069.01000000 4780.67000000
v 2174.74000000 3410.43000000 4785.46000000
v 3495.47000000 3486.50000000 4775.06000000
v 3518.45000000 3585.88000000 4747.01000000
v 3527.42000000 3653.31000000 4732.19000000
v 3538.45000000 3672.24000000 4767.11000000
v 3600.28000000 3952.19000000 4776.20000000
v 3617.88000000 4095.97000000 4742.34000000
v 2689.92000000 4105.55000000 4838.86000000
v 2764.13000000 4139.97000000 4817.61000000
v 3594.65000000 4160.45000000 4768.67000000
v 3294.74000000 4482.09000000 4859.53000000
v 3340.85000000 4474.09000000 4858.45000000
v 2451.98000000 2849.16000000 4865.25000000
v 2611.95000000 2854.19000000 4802.36000000
v 2811.34000000 2876.09000000 4827.94000000
v 3097.92000000 3066.46000000 4859.08000000
v 3216.88000000 3160.26000000 4848.77000000
v 3373.97000000 3298.53000000 4815.20000000
v 3439.12000000 3392.91000000 4791.39000000
v 3514.57000000 3561.45000000 4767.42000000
v 3556.63000000 3746.57000000 4794.18000000
v 2538.92000000 3968.49000000 4840.35000000
v 3567.50000000 4226.31000000 4814.05000000
v 2960.36000000 4269.98000000 4854.66000000
v 3497.45000000 4353.00000000 4857.80000000
v 3431.89000000 4425.40000000 4910.40000000
v 3162.54000000 4449.46000000 4899.07000000
v 2219.37000000 2850.02000000 4851.64000000
v 2316.36000000 2847.65000000 4843.95000000
v 2673.69000000 2855.77000000 4851.72000000
v 1938.87000000 2942.13000000 4842.86000000
v 2878.94000000 2898.45000000 4813.63000000
v 2965.06000000 2968.42000000 4859.97000000
v 3258.61000000 3240.29000000 4907.52000000
v 2198.85000000 3457.65000000 4870.34000000
v 3461.25000000 3516.14000000 4848.37000000
v 3512.91000000 3599.52000000 4806.66000000
v 2371.70000000 3769.85000000 4985.69000000
v 3573.68000000 3839.37000000 4803.96000000
v 3602.20000000 4048.23000000 4792.20000000
v 3069.57000000 4374.62000000 4871.68000000
v 3093.20000000 4413.81000000 4923.63000000
v 3269.68000000 4493.93000000 4968.17000000
v 2585.58000000 2852.30000000 4875.94000000
v 2128.57000000 2866.66000000 4888.46000000
v 2743.71000000 2863.51000000 4856.51000000
v 2040.65000000 2892.87000000 4927.57000000
v 3547.43000000 3737.95000000 4824.40000000
v 2288.59000000 3615.27000000 4926.73000000
v 2449.30000000 3905.95000000 5039.73000000
v 2635.77000000 4069.69000000 4857.71000000
v 2704.99000000 4131.66000000 4897.72000000
v 2794.75000000 4180.61000000 4896.08000000
v 2890.80000000 4258.40000000 4944.59000000
v 1970.04000000 2922.71000000 4908.98000000
v 2863.28000000 2914.72000000 4883.18000000
v 1965.08000000 3085.29000000 4881.50000000
v 2020.12000000 3189.95000000 4911.08000000
v 2107.73000000 3321.15000000 4849.13000000
v 3354.40000000 3416.45000000 4920.95000000
v 3285.67000000 3308.39000000 4937.14000000
v 3513.05000000 3646.33000000 4844.98000000
v 3561.52000000 3852.27000000 4867.07000000
v 3578.13000000 3969.45000000 4852.12000000
v 2572.54000000 4036.78000000 4963.18000000
v 3580.91000000 4098.20000000 4859.74000000
v 2719.77000000 4163.36000000 4956.48000000
v 3570.32000000 4188.97000000 4859.13000000
v 3542.71000000 4262.78000000 4879.42000000
v 2655.97000000 2855.58000000 4909.36000000
v 2717.42000000 2875.43000000 4952.60000000
v 2944.44000000 3007.40000000 4950.37000000
v 3089.19000000 3137.18000000 4990.32000000
v 3467.18000000 3640.31000000 4906.62000000
v 3523.16000000 3750.63000000 4880.99000000
v 2506.57000000 3956.57000000 4949.16000000
v 2658.98000000 4126.67000000 4973.55000000
v 2816.86000000 4223.52000000 4968.26000000
v 3509.13000000 4312.92000000 4932.50000000
v 2969.94000000 4321.71000000 4941.81000000
v 3466.38000000 4379.62000000 4947.88000000
v 2544.71000000 2849.60000000 4936.47000000
v 3222.54000000 3370.40000000 5068.14000000
v 3395.06000000 3555.69000000 4952.02000000
v 2404.84000000 3872.45000000 5145.35000000
v 3500.07000000 3838.60000000 4949.28000000
v 3528.66000000 3982.65000000 4945.41000000
v 3548.51000000 4228.17000000 4911.66000000
v 2258.07000000 2865.73000000 4950.24000000
v 2416.11000000 2858.23000000 4957.25000000
v 1933.60000000 3025.06000000 4992.68000000
v 3153.00000000 3200.49000000 5005.65000000
v 3452.32000000 3724.19000000 4960.98000000
v 3559.99000000 4063.83000000 4909.12000000
v 3550.17000000 4163.50000000 4922.47000000
v 3533.12000000 4262.38000000 4920.86000000
v 3001.02000000 4379.80000000 5013.80000000
v 3167.76000000 4472.89000000 4995.93000000
v 3351.83000000 4477.80000000 5038.50000000
v 3216.18000000 4495.40000000 5055.49000000
v 3299.66000000 4493.09000000 5017.91000000
v 2129.78000000 2881.49000000 4967.62000000
v 2486.72000000 2849.64000000 4987.10000000
v 2614.29000000 2847.39000000 4956.55000000
v 2626.69000000 2851.27000000 4981.59000000
v 1939.50000000 2950.95000000 4948.73000000
v 1973.41000000 3116.84000000 4993.37000000
v 2104.55000000 3331.05000000 4953.16000000
v 2181.50000000 3471.04000000 5007.65000000
v 3394.84000000 3658.44000000 5003.17000000
v 2317.19000000 3694.02000000 5028.23000000
v 3526.43000000 4098.99000000 4962.77000000
v 3518.86000000 4249.82000000 4962.53000000
v 3418.35000000 4429.98000000 5056.68000000
v 3391.99000000 4452.38000000 5013.87000000
v 2153.56000000 2889.82000000 5022.78000000
v 2343.07000000 2868.06000000 5019.34000000
v 2544.98000000 2843.04000000 5007.57000000
v 1993.09000000 2931.19000000 5036.78000000
v 1953.92000000 2953.25000000 5033.85000000
v 2935.84000000 3042.50000000 5022.31000000
v 3162.00000000 3243.40000000 5055.54000000
v 3208.04000000 3285.83000000 5026.20000000
v 2320.32000000 3740.67000000 5142.04000000
v 3432.13000000 3921.15000000 5057.34000000
v 2518.14000000 4008.29000000 5078.43000000
v 3512.86000000 4167.15000000 4983.15000000
v 2751.44000000 4212.09000000 5028.14000000
v 3499.89000000 4297.57000000 4985.33000000
v 3056.65000000 4424.17000000 5023.09000000
v 2461.06000000 2840.09000000 5045.33000000
v 2504.72000000 2830.91000000 5053.00000000
v 2417.39000000 2855.89000000 5012.83000000
v 2797.48000000 2952.44000000 5025.55000000
v 2017.37000000 3212.16000000 5045.43000000
v 2085.95000000 3344.29000000 5087.40000000
v 2255.10000000 3615.00000000 5077.57000000
v 3474.79000000 4102.67000000 5036.13000000
v 2613.99000000 4121.62000000 5072.43000000
v 2695.87000000 4190.24000000 5057.94000000
v 3493.98000000 4218.99000000 5013.93000000
v 3491.35000000 4281.59000000 5012.70000000
v 2794.98000000 4271.96000000 5099.45000000
v 3475.19000000 4332.88000000 5017.84000000
v 3065.79000000 4455.22000000 5102.69000000
v 3262.66000000 4498.74000000 5043.03000000
v 2530.99000000 2834.68000000 5053.84000000
v 2547.35000000 2843.73000000 5072.51000000
v 2090.43000000 2915.00000000 5072.11000000
v 2193.83000000 2896.36000000 5074.34000000
v 2270.81000000 2880.12000000 5045.33000000
v 1937.87000000 2981.66000000 5031.43000000
v 3056.47000000 3181.85000000 5120.00000000
v 3309.39000000 3607.04000000 5083.79000000
v 3406.56000000 3757.40000000 5029.15000000
v 2564.82000000 4092.43000000 5150.97000000
v 2468.58000000 2825.44000000 5091.00000000
v 2393.41000000 2852.14000000 5060.50000000
v 2322.18000000 2869.43000000 5075.62000000
v 1970.71000000 2964.67000000 5121.90000000
v 1962.56000000 3122.60000000 5104.57000000
v 3088.94000000 3237.32000000 5163.75000000
v 2657.05000000 4183.54000000 5113.39000000
v 2906.13000000 4334.72000000 5070.73000000
v 3437.60000000 4394.85000000 5075.36000000
v 3118.90000000 4486.69000000 5155.21000000
v 2411.52000000 2834.28000000 5098.70000000
v 2509.00000000 2831.65000000 5073.98000000
v 2360.87000000 2848.80000000 5102.72000000
v 1931.88000000 3063.80000000 5187.57000000
v 2944.65000000 3103.04000000 5128.57000000
v 3138.55000000 3294.06000000 5143.59000000
v 2162.70000000 3496.19000000 5144.96000000
v 2358.14000000 3849.91000000 5268.92000000
v 3410.03000000 4020.32000000 5120.03000000
v 3462.00000000 4248.95000000 5065.61000000
v 3440.12000000 4350.33000000 5109.20000000
v 2440.65000000 2824.42000000 5145.03000000
v 2357.06000000 2831.98000000 5140.98000000
v 2254.54000000 2885.80000000 5100.55000000
v 2024.88000000 2956.56000000 5169.60000000
v 1954.82000000 2987.86000000 5156.49000000
v 1936.76000000 3025.66000000 5170.68000000
v 3151.79000000 3367.92000000 5171.95000000
v 3361.82000000 3813.76000000 5110.81000000
v 3365.73000000 3915.56000000 5149.59000000
v 2615.15000000 4175.61000000 5201.61000000
v 3417.41000000 4137.16000000 5133.48000000
v 2955.15000000 4411.80000000 5163.69000000
v 3368.95000000 4461.78000000 5188.87000000
v 3308.80000000 4495.48000000 5245.16000000
v 3254.35000000 4504.21000000 5153.94000000
v 3211.31000000 4506.84000000 5172.15000000
v 2394.81000000 2822.75000000 5141.87000000
v 2305.73000000 2859.96000000 5127.33000000
v 2240.48000000 2884.68000000 5152.43000000
v 2612.54000000 2933.93000000 5227.59000000
v 2585.47000000 2883.60000000 5138.80000000
v 2205.40000000 2898.96000000 5137.15000000
v 2788.96000000 3011.45000000 5156.69000000
v 2010.50000000 3240.66000000 5167.07000000
v 2069.64000000 3385.19000000 5232.88000000
v 3209.13000000 3505.53000000 5170.36000000
v 2428.88000000 3942.89000000 5247.15000000
v 2710.71000000 4234.16000000 5133.57000000
v 3407.52000000 4268.72000000 5186.53000000
v 3402.83000000 4428.66000000 5170.44000000
v 3164.73000000 4509.65000000 5246.70000000
v 2344.16000000 2817.98000000 5170.90000000
v 2310.41000000 2834.13000000 5167.54000000
v 2275.04000000 2856.31000000 5166.41000000
v 2090.89000000 2933.56000000 5155.22000000
v 2142.91000000 2916.11000000 5152.83000000
v 1982.39000000 2977.76000000 5181.65000000
v 2965.48000000 3164.04000000 5237.98000000
v 3029.15000000 3211.09000000 5225.97000000
v 2220.65000000 3637.59000000 5241.48000000
v 3366.98000000 4118.42000000 5223.22000000
v 3418.54000000 4398.81000000 5155.98000000
v 2988.39000000 4454.84000000 5223.11000000
v 2308.39000000 2814.55000000 5198.65000000
v 2363.64000000 2816.44000000 5184.35000000
v 2271.70000000 2831.92000000 5197.85000000
v 2420.57000000 2832.89000000 5207.02000000
v 2381.73000000 2817.72000000 5191.95000000
v 2234.32000000 2862.61000000 5193.20000000
v 2193.86000000 2894.52000000 5180.72000000
v 1931.13000000 3048.03000000 5221.55000000
v 2131.71000000 3516.92000000 5275.45000000
v 3239.23000000 3667.02000000 5218.06000000
v 3306.39000000 3829.88000000 5200.38000000
v 2285.88000000 3746.19000000 5265.87000000
v 2505.62000000 4054.92000000 5273.95000000
v 3363.13000000 4007.74000000 5186.66000000
v 2739.98000000 4295.94000000 5222.49000000
v 3411.10000000 4369.57000000 5191.55000000
v 3218.59000000 4516.92000000 5290.73000000
v 2245.95000000 2807.76000000 5236.14000000
v 2225.17000000 2840.49000000 5222.51000000
v 2197.48000000 2875.10000000 5214.22000000
v 2089.09000000 2939.31000000 5201.08000000
v 2150.14000000 2905.18000000 5213.08000000
v 2662.47000000 2994.80000000 5309.70000000
v 2805.98000000 3086.61000000 5328.35000000
v 1957.52000000 3157.36000000 5240.96000000
v 2578.23000000 4153.50000000 5271.35000000
v 3364.23000000 4211.00000000 5267.36000000
v 2835.51000000 4349.02000000 5198.78000000
v 3395.13000000 4408.55000000 5243.23000000
v 3025.78000000 4479.62000000 5253.89000000
v 2311.03000000 2811.65000000 5227.70000000
v 2202.72000000 2821.81000000 5248.46000000
v 2172.09000000 2862.42000000 5244.86000000
v 2100.61000000 2929.42000000 5243.88000000
v 2054.22000000 2948.85000000 5257.93000000
v 1983.93000000 2985.63000000 5261.03000000
v 2004.64000000 3286.45000000 5292.87000000
v 3114.99000000 3357.04000000 5228.40000000
v 3144.33000000 3490.17000000 5269.95000000
v 2626.35000000 4238.18000000 5348.77000000
v 2673.58000000 4238.54000000 5219.49000000
v 3386.51000000 4303.91000000 5254.84000000
v 3391.85000000 4351.47000000 5255.92000000
v 3375.14000000 4434.62000000 5293.92000000
v 3067.99000000 4502.92000000 5306.72000000
v 2178.23000000 2802.03000000 5273.60000000
v 2215.59000000 2798.62000000 5276.19000000
v 2162.36000000 2830.48000000 5268.76000000
v 2130.70000000 2899.34000000 5252.68000000
v 2120.01000000 2871.96000000 5281.06000000
v 1928.47000000 3049.01000000 5291.84000000
v 1927.86000000 3100.93000000 5312.44000000
v 3027.73000000 3266.79000000 5332.81000000
v 3075.27000000 3331.51000000 5291.15000000
v 2045.09000000 3391.33000000 5320.20000000
v 3190.77000000 3617.10000000 5268.58000000
v 3315.97000000 4025.89000000 5278.95000000
v 2857.79000000 4408.84000000 5293.40000000
v 2922.60000000 4463.47000000 5338.48000000
v 3336.40000000 4479.98000000 5328.81000000
v 3254.37000000 4513.69000000 5315.33000000
v 2124.55000000 2824.89000000 5297.04000000
v 2140.87000000 2795.12000000 5307.62000000
v 2274.99000000 2812.48000000 5303.76000000
v 2435.35000000 2871.14000000 5294.98000000
v 2094.86000000 2914.13000000 5270.15000000
v 2532.11000000 2932.37000000 5338.90000000
v 1948.04000000 3016.18000000 5245.88000000
v 2976.86000000 3226.27000000 5374.76000000
v 3096.31000000 3434.80000000 5328.36000000
v 2086.24000000 3475.59000000 5339.91000000
v 3235.87000000 3818.29000000 5312.47000000
v 3364.52000000 4306.24000000 5321.70000000
v 2701.87000000 4304.19000000 5312.30000000
v 3315.68000000 4491.01000000 5414.83000000
v 2078.45000000 2812.05000000 5329.63000000
v 2184.70000000 2791.75000000 5310.84000000
v 2111.29000000 2779.71000000 5346.65000000
v 2061.97000000 2866.75000000 5326.75000000
v 2063.14000000 2914.73000000 5300.47000000
v 2017.45000000 2953.91000000 5303.88000000
v 1957.28000000 3194.20000000 5340.29000000
v 3109.21000000 3529.61000000 5375.55000000
v 3162.03000000 3644.33000000 5344.92000000
v 2263.59000000 3748.54000000 5347.40000000
v 2780.78000000 4363.57000000 5308.01000000
v 3096.22000000 4515.81000000 5364.21000000
v 2068.89000000 2786.45000000 5350.25000000
v 2152.13000000 2788.75000000 5379.39000000
v 2028.01000000 2797.20000000 5362.30000000
v 2025.95000000 2836.12000000 5356.26000000
v 2008.27000000 2930.70000000 5342.32000000
v 1937.83000000 3009.85000000 5348.62000000
v 1970.30000000 2971.40000000 5343.92000000
v 2900.72000000 3166.05000000 5373.37000000
v 2042.98000000 3403.12000000 5367.57000000
v 2171.05000000 3618.80000000 5366.86000000
v 3331.99000000 4203.10000000 5353.28000000
v 2680.74000000 4318.48000000 5405.03000000
v 3370.80000000 4394.38000000 5345.40000000
v 2975.97000000 4498.49000000 5383.91000000
v 3154.47000000 4520.28000000 5383.13000000
v 2047.69000000 2770.25000000 5382.89000000
v 2002.39000000 2780.97000000 5389.97000000
v 2065.31000000 2769.25000000 5404.17000000
v 1991.78000000 2886.35000000 5370.18000000
v 2417.78000000 2895.64000000 5403.30000000
v 1922.45000000 3031.45000000 5371.61000000
v 2672.55000000 3028.31000000 5394.97000000
v 1921.53000000 3063.41000000 5386.92000000
v 1937.24000000 3142.47000000 5387.55000000
v 1997.60000000 3303.65000000 5381.56000000
v 3174.87000000 3760.07000000 5402.60000000
v 3276.26000000 4047.54000000 5385.42000000
v 2429.24000000 3988.92000000 5398.83000000
v 2558.14000000 4156.24000000 5377.58000000
v 2744.08000000 4381.42000000 5413.35000000
v 2824.71000000 4426.36000000 5384.89000000
v 3362.79000000 4432.79000000 5380.21000000
v 3346.98000000 4461.26000000 5387.06000000
v 3014.52000000 4514.67000000 5426.22000000
v 3227.01000000 4517.52000000 5439.63000000
v 2002.82000000 2762.95000000 5410.99000000
v 2027.87000000 2763.54000000 5408.81000000
v 1987.32000000 2836.01000000 5384.82000000
v 2267.66000000 2838.20000000 5440.01000000
v 1946.15000000 2895.03000000 5409.25000000
v 1966.85000000 2933.47000000 5378.05000000
v 2993.88000000 3266.72000000 5419.56000000
v 3036.81000000 3342.34000000 5393.79000000
v 2332.46000000 3866.37000000 5418.48000000
v 3213.50000000 3903.93000000 5428.73000000
v 2642.71000000 4285.44000000 5481.91000000
v 3345.23000000 4330.51000000 5411.59000000
v 3280.44000000 4504.40000000 5395.84000000
v 1973.47000000 2768.42000000 5419.14000000
v 1957.96000000 2803.38000000 5420.31000000
v 1946.31000000 2960.23000000 5386.88000000
v 2534.97000000 2968.86000000 5470.58000000
v 1927.61000000 2947.49000000 5424.31000000
v 2807.81000000 3132.30000000 5494.21000000
v 1966.43000000 3224.60000000 5405.76000000
v 2914.60000000 3200.29000000 5464.68000000
v 3005.28000000 3328.88000000 5476.80000000
v 2039.79000000 3405.32000000 5432.40000000
v 3071.00000000 3464.72000000 5421.03000000
v 2099.21000000 3515.90000000 5419.78000000
v 2711.74000000 4368.60000000 5479.74000000
v 1985.34000000 2763.86000000 5452.72000000
v 2023.61000000 2765.31000000 5430.16000000
v 1959.61000000 2777.48000000 5444.78000000
v 1938.33000000 2802.48000000 5462.57000000
v 1936.89000000 2855.72000000 5437.09000000
v 2369.07000000 2893.21000000 5500.24000000
v 2690.21000000 3052.40000000 5459.02000000
v 1935.29000000 3118.46000000 5428.17000000
v 1951.32000000 3170.76000000 5429.62000000
v 2959.80000000 3249.98000000 5489.08000000
v 1996.53000000 3291.74000000 5438.29000000
v 3127.87000000 3641.69000000 5426.85000000
v 2251.29000000 3761.75000000 5450.44000000
v 2503.21000000 4094.64000000 5438.00000000
v 2568.96000000 4184.87000000 5471.75000000
v 2855.84000000 4473.18000000 5454.80000000
v 3327.76000000 4478.22000000 5486.86000000
v 3338.35000000 4460.82000000 5509.25000000
v 2909.21000000 4492.34000000 5445.17000000
v 3083.92000000 4521.34000000 5459.20000000
v 2097.85000000 2791.90000000 5478.35000000
v 1928.55000000 2853.90000000 5460.06000000
v 1939.04000000 3031.08000000 5462.92000000
v 1965.85000000 3151.40000000 5471.69000000
v 1973.62000000 3216.72000000 5444.69000000
v 2023.05000000 3342.10000000 5468.81000000
v 2074.01000000 3470.73000000 5463.81000000
v 2179.57000000 3653.94000000 5467.89000000
v 3152.48000000 3805.75000000 5523.50000000
v 3232.85000000 4034.32000000 5506.05000000
v 3295.18000000 4196.73000000 5469.15000000
v 2747.92000000 4406.37000000 5472.22000000
v 3319.80000000 4318.31000000 5521.04000000
v 3343.57000000 4407.06000000 5467.31000000
v 2794.54000000 4437.59000000 5473.47000000
v 2937.18000000 4508.93000000 5493.27000000
v 1972.00000000 2785.78000000 5491.02000000
v 1932.71000000 2834.70000000 5486.97000000
v 2199.06000000 2832.20000000 5541.79000000
v 1927.45000000 2888.10000000 5471.66000000
v 1932.54000000 2932.41000000 5476.34000000
v 2002.32000000 3261.19000000 5477.04000000
v 2051.30000000 3404.38000000 5476.83000000
v 2125.84000000 3551.17000000 5493.74000000
v 2326.90000000 3873.85000000 5511.78000000
v 3192.62000000 3927.12000000 5523.40000000
v 3158.82000000 4520.04000000 5477.15000000
v 2030.80000000 2789.08000000 5513.42000000
v 1954.41000000 2813.31000000 5499.14000000
v 2291.82000000 2871.08000000 5557.91000000
v 1952.02000000 2951.77000000 5510.54000000
v 2064.13000000 3373.34000000 5520.98000000
v 2086.70000000 3462.06000000 5499.29000000
v 3088.16000000 3618.14000000 5536.51000000
v 2174.76000000 3638.41000000 5509.11000000
v 2221.97000000 3712.58000000 5530.77000000
v 2232.55000000 3735.31000000 5497.95000000
v 2394.82000000 3959.30000000 5509.13000000
v 2456.56000000 4038.47000000 5493.03000000
v 2762.97000000 4420.01000000 5503.91000000
v 2834.62000000 4472.36000000 5501.26000000
v 2872.66000000 4487.70000000 5502.27000000
v 3013.61000000 4518.26000000 5510.82000000
v 3098.67000000 4520.37000000 5517.22000000
v 3288.47000000 4495.36000000 5511.44000000
v 2013.97000000 2802.91000000 5537.49000000
v 2085.40000000 2802.14000000 5536.97000000
v 1938.03000000 2888.96000000 5493.08000000
v 1985.25000000 3084.79000000 5518.05000000
v 2023.74000000 3226.72000000 5522.27000000
v 3037.82000000 3457.38000000 5532.75000000
v 2132.96000000 3513.89000000 5543.72000000
v 2277.36000000 3795.89000000 5526.06000000
v 2370.00000000 3925.76000000 5547.21000000
v 3249.10000000 4141.36000000 5581.79000000
v 2503.79000000 4097.24000000 5522.78000000
v 3289.88000000 4236.34000000 5549.41000000
v 2600.38000000 4226.92000000 5532.67000000
v 2704.24000000 4356.01000000 5536.72000000
v 2753.61000000 4408.52000000 5530.21000000
v 3324.93000000 4376.11000000 5565.87000000
v 2815.06000000 4450.70000000 5541.33000000
v 3326.09000000 4434.05000000 5571.96000000
v 3183.28000000 4512.24000000 5531.32000000
v 1981.08000000 2812.85000000 5524.00000000
v 2136.05000000 2823.99000000 5569.71000000
v 1970.05000000 2872.58000000 5526.24000000
v 2504.83000000 2981.85000000 5600.58000000
v 2412.97000000 2929.54000000 5567.88000000
v 2650.07000000 3057.77000000 5580.25000000
v 2046.82000000 3165.03000000 5569.67000000
v 2891.02000000 3205.33000000 5562.52000000
v 2786.88000000 3142.35000000 5594.30000000
v 2092.77000000 3314.16000000 5578.91000000
v 2179.05000000 3619.39000000 5540.30000000
v 2231.25000000 3676.03000000 5584.72000000
v 2343.83000000 3875.26000000 5571.52000000
v 2453.91000000 4028.90000000 5542.92000000
v 2553.48000000 4157.29000000 5543.99000000
v 2648.49000000 4278.87000000 5553.20000000
v 3313.81000000 4469.37000000 5553.99000000
v 2888.61000000 4490.87000000 5553.32000000
v 3068.60000000 4512.33000000 5569.76000000
v 2067.85000000 2817.96000000 5561.09000000
v 2023.35000000 2843.90000000 5559.20000000
v 2019.20000000 2911.09000000 5572.29000000
v 2015.83000000 3009.99000000 5559.71000000
v 2952.99000000 3271.83000000 5569.23000000
v 2998.86000000 3386.24000000 5581.15000000
v 3042.01000000 3538.87000000 5607.01000000
v 2197.95000000 3585.24000000 5593.91000000
v 2281.17000000 3765.53000000 5578.69000000
v 3112.97000000 3746.24000000 5594.29000000
v 3179.95000000 3953.61000000 5592.78000000
v 2416.57000000 3968.07000000 5574.78000000
v 3290.78000000 4283.42000000 5598.58000000
v 2586.54000000 4189.20000000 5575.73000000
v 2696.60000000 4325.82000000 5577.41000000
v 2747.74000000 4381.41000000 5568.78000000
v 2959.85000000 4505.94000000 5556.61000000
v 2231.18000000 2863.73000000 5606.33000000
v 2179.66000000 2858.08000000 5621.18000000
v 2089.60000000 3111.81000000 5612.77000000
v 2847.00000000 3192.01000000 5630.47000000
v 2120.71000000 3267.08000000 5617.09000000
v 2153.78000000 3453.43000000 5596.25000000
v 3086.02000000 3682.11000000 5610.80000000
v 3139.49000000 3828.97000000 5591.29000000
v 2510.49000000 4079.44000000 5582.82000000
v 2652.03000000 4251.00000000 5599.35000000
v 3307.67000000 4376.96000000 5613.09000000
v 2799.38000000 4410.94000000 5599.19000000
v 2858.40000000 4457.16000000 5596.45000000
v 2913.81000000 4485.45000000 5592.86000000
v 3244.66000000 4498.69000000 5578.28000000
v 3275.86000000 4485.15000000 5580.61000000
v 2982.19000000 4491.45000000 5607.68000000
v 2136.51000000 2851.36000000 5609.85000000
v 2099.06000000 2865.51000000 5604.95000000
v 2067.13000000 2900.77000000 5598.31000000
v 2341.77000000 2912.33000000 5621.59000000
v 2082.43000000 2981.39000000 5609.77000000
v 2434.96000000 2956.00000000 5621.53000000
v 2561.58000000 3019.99000000 5623.06000000
v 2709.46000000 3104.61000000 5628.56000000
v 2912.64000000 3248.24000000 5628.51000000
v 2963.35000000 3337.52000000 5625.86000000
v 2140.20000000 3362.93000000 5612.08000000
v 2239.58000000 3642.55000000 5616.04000000
v 2286.38000000 3717.92000000 5625.39000000
v 2344.53000000 3829.10000000 5618.39000000
v 2392.67000000 3910.46000000 5608.43000000
v 2449.32000000 3975.72000000 5614.93000000
v 2592.62000000 4154.17000000 5619.65000000
v 3251.21000000 4192.63000000 5631.84000000
v 2740.80000000 4335.02000000 5614.07000000
v 3287.55000000 4457.91000000 5613.26000000
v 3160.39000000 4504.02000000 5587.45000000
v 3196.52000000 4485.15000000 5612.60000000
v 3078.12000000 4490.78000000 5614.49000000
v 2156.83000000 2886.63000000 5640.39000000
v 2139.16000000 2937.45000000 5639.51000000
v 2292.10000000 2908.80000000 5650.84000000
v 2494.34000000 2997.80000000 5645.56000000
v 2579.99000000 3044.01000000 5643.40000000
v 2142.56000000 3069.72000000 5646.65000000
v 2652.21000000 3081.15000000 5638.72000000
v 2765.94000000 3147.15000000 5642.44000000
v 3000.19000000 3438.71000000 5627.76000000
v 3015.95000000 3524.70000000 5652.98000000
v 2238.19000000 3588.79000000 5631.53000000
v 3118.55000000 3824.15000000 5634.09000000
v 3209.05000000 4100.53000000 5641.89000000
v 2523.32000000 4028.58000000 5646.13000000
v 2675.15000000 4221.39000000 5643.16000000
v 3264.30000000 4254.73000000 5645.38000000
v 3277.02000000 4314.80000000 5645.35000000
v 2834.24000000 4397.41000000 5637.93000000
v 3299.88000000 4424.66000000 5624.52000000
v 2913.85000000 4454.74000000 5627.09000000
v 2192.54000000 2888.16000000 5648.60000000
v 2230.24000000 2889.69000000 5642.05000000
v 2350.05000000 2931.48000000 5652.17000000
v 2404.18000000 2958.05000000 5649.92000000
v 2695.90000000 3113.81000000 5653.31000000
v 2161.33000000 3243.73000000 5648.39000000
v 2815.54000000 3187.14000000 5657.44000000
v 2865.77000000 3223.22000000 5654.16000000
v 2896.67000000 3266.24000000 5665.05000000
v 2935.37000000 3312.84000000 5652.63000000
v 2190.38000000 3415.14000000 5637.61000000
v 2970.72000000 3398.07000000 5652.87000000
v 3060.00000000 3659.40000000 5644.34000000
v 2308.89000000 3693.64000000 5654.41000000
v 2357.47000000 3789.21000000 5652.35000000
v 2415.49000000 3898.64000000 5636.04000000
v 3160.20000000 3975.12000000 5646.02000000
v 2605.49000000 4130.69000000 5646.61000000
v 3235.63000000 4193.79000000 5655.48000000
v 2768.22000000 4310.51000000 5650.62000000
v 3285.71000000 4375.88000000 5642.96000000
v 3268.52000000 4417.84000000 5648.37000000
v 3285.74000000 4432.73000000 5628.11000000
v 3188.69000000 4452.28000000 5645.65000000
v 2991.15000000 4462.31000000 5643.35000000
v 3079.30000000 4461.16000000 5645.32000000
v 2198.20000000 2931.07000000 5663.54000000
v 2272.95000000 2936.48000000 5667.70000000
v 2357.83000000 2950.59000000 5663.07000000
v 2187.98000000 3053.21000000 5667.42000000
v 2446.50000000 2998.16000000 5668.13000000
v 2534.22000000 3040.81000000 5664.63000000
v 2634.65000000 3097.75000000 5664.78000000
v 2199.83000000 3223.91000000 5669.65000000
v 2746.02000000 3157.45000000 5663.65000000
v 2820.48000000 3215.89000000 5669.04000000
v 2934.45000000 3360.65000000 5670.29000000
v 2232.72000000 3400.77000000 5668.17000000
v 2979.62000000 3468.32000000 5667.77000000
v 2300.33000000 3602.06000000 5664.39000000
v 3008.06000000 3590.36000000 5673.18000000
v 3061.14000000 3745.07000000 5668.38000000
v 2382.39000000 3764.14000000 5671.40000000
v 2450.89000000 3893.69000000 5662.23000000
v 3103.63000000 3902.74000000 5671.19000000
v 2542.45000000 3996.21000000 5672.72000000
v 3153.60000000 4028.52000000 5669.69000000
v 2643.70000000 4128.59000000 5666.09000000
v 3195.07000000 4139.61000000 5670.83000000
v 2740.61000000 4245.44000000 5665.64000000
v 3236.37000000 4231.82000000 5663.40000000
v 2817.61000000 4321.37000000 5668.35000000
v 3234.33000000 4322.22000000 5667.76000000
v 3182.34000000 4390.55000000 5673.24000000
v 2909.82000000 4404.00000000 5661.18000000
v 3173.35000000 4424.32000000 5661.44000000
v 3093.52000000 4419.12000000 5669.24000000
v 3007.61000000 4429.86000000 5660.99000000
v 2250.19000000 3053.59000000 5681.01000000
v 2348.47000000 3018.35000000 5684.41000000
v 2391.36000000 2995.60000000 5674.46000000
v 2462.08000000 3191.86000000 5691.64000000
v 2518.64000000 3084.60000000 5678.60000000
v 2231.94000000 3185.92000000 5680.03000000
v 2689.08000000 3235.36000000 5690.45000000
v 2312.76000000 3281.19000000 5688.63000000
v 2714.57000000 3179.30000000 5675.85000000
v 2840.93000000 3302.86000000 5678.70000000
v 2268.59000000 3364.03000000 5681.04000000
v 2760.38000000 3573.64000000 5692.01000000
v 2379.50000000 3522.77000000 5690.11000000
v 2917.35000000 3481.50000000 5678.50000000
v 2326.76000000 3534.94000000 5679.43000000
v 2967.62000000 3674.44000000 5686.76000000
v 2616.19000000 3780.48000000 5693.74000000
v 3022.92000000 3702.52000000 5679.27000000
v 2472.13000000 3773.27000000 5683.92000000
v 3032.73000000 3952.19000000 5689.35000000
v 3038.78000000 3794.62000000 5678.27000000
v 2499.34000000 3904.06000000 5675.47000000
v 2692.55000000 4034.03000000 5691.36000000
v 2886.71000000 4105.58000000 5692.04000000
v 2602.35000000 4006.21000000 5679.89000000
v 3108.85000000 3988.36000000 5679.95000000
v 3141.91000000 4095.78000000 5682.34000000
v 3111.65000000 4195.58000000 5686.35000000
v 3185.85000000 4196.20000000 5673.28000000
v 2750.97000000 4171.25000000 5678.52000000
v 2864.58000000 4281.11000000 5677.72000000
v 3075.82000000 4309.98000000 5683.32000000
v 3151.59000000 4305.34000000 5677.42000000
v 2973.03000000 4326.66000000 5673.56000000
v 2307.99000000 2984.84000000 5691.21000000
v 2274.10000000 3105.51000000 5689.47000000
v 2446.81000000 3040.78000000 5688.48000000
v 2585.68000000 3399.54000000 5682.88000000
v 2359.28000000 3348.37000000 5685.48000000
v 2694.11000000 3209.86000000 5687.53000000
v 2852.97000000 3497.29000000 5682.73000000
v 2849.84000000 3308.86000000 5693.32000000
v 2584.26000000 3731.71000000 5681.66000000
v 2387.05000000 3576.26000000 5689.36000000
v 2935.83000000 3477.90000000 5691.46000000
v 2979.56000000 3881.98000000 5680.89000000
v 2968.79000000 3685.30000000 5683.93000000
v 3018.73000000 3691.30000000 5690.59000000
v 2550.88000000 3836.25000000 5686.82000000
v 2854.58000000 4001.70000000 5680.98000000
v 2704.02000000 4002.35000000 5683.69000000
v 3068.30000000 3880.94000000 5689.13000000
v 2611.28000000 3987.13000000 5690.68000000
v 2733.29000000 4132.53000000 5688.87000000
v 3143.66000000 4070.41000000 5693.15000000
v 3089.32000000 4176.97000000 5687.93000000
v 2843.08000000 4214.49000000 5689.21000000
v 2987.20000000 4258.88000000 5689.44000000
f 1 2 3
f 4 5 6
f 7 4 6
f 8 4 7
f 5 9 10
f 6 5 10
f 11 8 7
f 6 10 1
f 12 6 1
f 7 6 12
f 13 7 12
f 11 7 13
f 1 3 12
f 3 14 12
f 13 12 14
f 10 15 16
f 1 10 16
f 2 1 16
f 14 3 17
f 13 14 17
f 16 15 18
f 2 16 19
f 3 2 19
f 20 17 3
f 19 16 18
f 19 18 21
f 20 3 21
f 21 3 19
f 4 22 23
f 24 22 4
f 4 23 5
f 8 24 4
f 25 24 8
f 26 25 8
f 26 8 11
f 27 26 11
f 9 28 10
f 27 11 29
f 11 13 29
f 15 28 30
f 28 15 10
f 29 13 17
f 15 30 31
f 29 17 32
f 15 31 18
f 18 31 33
f 17 20 34
f 33 35 18
f 18 36 21
f 37 20 21
f 36 18 35
f 37 34 20
f 37 21 36
f 38 22 39
f 22 38 23
f 23 38 5
f 38 40 9
f 5 38 9
f 41 25 26
f 9 40 42
f 41 26 27
f 43 41 27
f 9 42 28
f 28 42 44
f 45 43 27
f 27 29 45
f 28 44 30
f 30 44 31
f 46 45 29
f 32 17 34
f 35 33 47
f 47 48 35
f 49 35 48
f 35 49 36
f 49 50 36
f 50 37 36
f 50 34 37
f 51 22 24
f 51 24 52
f 52 25 53
f 38 54 40
f 52 24 25
f 41 53 25
f 40 55 42
f 56 53 41
f 42 55 44
f 43 56 41
f 55 57 44
f 58 56 43
f 58 43 45
f 44 57 31
f 31 57 59
f 32 46 29
f 33 59 60
f 59 33 31
f 61 33 60
f 33 61 47
f 32 34 62
f 62 34 63
f 47 61 48
f 50 64 34
f 34 64 63
f 61 65 48
f 48 65 66
f 49 48 66
f 49 67 50
f 68 67 49
f 64 50 69
f 68 49 66
f 69 50 67
f 70 38 39
f 39 22 51
f 70 71 38
f 38 71 54
f 53 72 52
f 73 72 53
f 54 74 40
f 74 75 55
f 40 74 55
f 56 73 53
f 76 73 56
f 75 57 55
f 76 56 77
f 77 78 76
f 56 58 77
f 79 77 80
f 81 77 58
f 58 45 81
f 45 46 81
f 46 32 82
f 82 32 62
f 83 61 60
f 61 83 65
f 83 84 65
f 63 64 85
f 86 65 84
f 65 86 66
f 86 68 66
f 87 68 86
f 67 68 87
f 54 71 88
f 54 89 74
f 90 52 72
f 91 72 73
f 74 92 75
f 93 91 73
f 75 92 94
f 76 93 73
f 76 95 93
f 76 78 95
f 75 94 57
f 78 77 79
f 57 94 96
f 57 96 59
f 59 96 97
f 77 81 80
f 81 98 80
f 59 97 60
f 81 46 82
f 60 97 99
f 99 100 83
f 99 83 60
f 83 100 101
f 101 84 83
f 64 69 102
f 102 85 64
f 103 84 101
f 84 103 86
f 69 67 102
f 63 85 104
f 86 103 105
f 87 86 105
f 87 105 106
f 106 67 87
f 102 67 106
f 107 88 71
f 51 70 39
f 51 108 109
f 52 108 51
f 89 110 74
f 54 88 89
f 52 90 108
f 72 91 90
f 74 110 92
f 110 111 92
f 92 111 94
f 95 78 112
f 113 112 78
f 94 111 96
f 113 78 114
f 78 79 114
f 114 79 115
f 96 116 97
f 79 80 115
f 98 117 80
f 97 116 118
f 118 99 97
f 82 119 81
f 119 98 81
f 120 100 99
f 82 62 121
f 101 100 120
f 122 121 62
f 62 63 122
f 122 63 123
f 124 103 125
f 103 101 125
f 102 126 85
f 126 104 85
f 104 123 63
f 103 124 105
f 105 124 127
f 106 105 128
f 105 127 128
f 102 106 128
f 126 102 128
f 104 126 129
f 70 107 71
f 51 109 70
f 110 130 131
f 89 130 110
f 132 91 133
f 91 132 90
f 95 133 91
f 110 131 111
f 91 93 95
f 111 131 134
f 112 135 95
f 111 134 96
f 96 134 136
f 112 113 114
f 116 136 137
f 96 136 116
f 138 118 137
f 116 137 118
f 115 80 117
f 117 139 115
f 140 118 138
f 140 141 118
f 118 141 99
f 119 142 98
f 142 117 98
f 120 99 141
f 120 141 143
f 82 121 119
f 101 143 144
f 101 120 143
f 101 144 125
f 122 145 121
f 128 127 146
f 128 146 147
f 126 128 147
f 126 147 129
f 104 129 148
f 123 104 148
f 149 150 89
f 151 149 88
f 109 152 70
f 107 151 88
f 70 152 107
f 108 153 109
f 88 149 89
f 89 150 130
f 90 154 108
f 90 155 154
f 156 90 132
f 131 130 157
f 135 133 95
f 131 157 134
f 135 112 158
f 157 159 134
f 134 159 136
f 158 112 160
f 136 159 161
f 112 114 160
f 160 114 162
f 163 161 164
f 136 163 137
f 161 163 136
f 114 115 162
f 163 165 137
f 137 165 138
f 165 166 138
f 138 166 140
f 140 166 167
f 140 167 141
f 139 117 168
f 141 167 169
f 141 169 170
f 141 170 143
f 143 170 171
f 119 121 172
f 119 172 142
f 172 173 142
f 171 144 143
f 174 144 171
f 172 121 145
f 125 144 175
f 144 174 175
f 125 175 124
f 124 176 127
f 175 176 124
f 177 178 147
f 146 127 176
f 146 176 179
f 146 179 147
f 147 178 180
f 147 180 129
f 148 181 123
f 122 123 181
f 182 122 181
f 183 184 150
f 185 150 184
f 151 183 149
f 152 151 107
f 109 153 152
f 130 150 185
f 149 183 150
f 154 153 108
f 130 185 186
f 130 186 157
f 156 155 90
f 156 132 187
f 186 188 157
f 132 133 189
f 132 189 187
f 189 133 135
f 157 188 190
f 157 190 159
f 159 190 191
f 159 191 164
f 159 164 161
f 160 162 192
f 193 163 164
f 163 193 165
f 162 115 194
f 193 166 165
f 115 139 194
f 166 195 167
f 168 196 139
f 139 196 197
f 167 198 169
f 117 142 168
f 170 169 199
f 142 173 168
f 170 199 171
f 173 172 200
f 200 201 173
f 202 168 173
f 201 202 173
f 174 203 175
f 145 200 172
f 204 176 175
f 179 177 147
f 129 180 205
f 148 129 205
f 182 145 122
f 200 145 182
f 148 205 206
f 181 148 206
f 184 207 208
f 151 209 183
f 184 208 185
f 210 209 151
f 152 210 151
f 153 211 152
f 186 208 212
f 185 208 186
f 212 213 188
f 156 214 155
f 214 156 215
f 186 212 188
f 187 215 156
f 188 213 216
f 188 216 190
f 190 216 217
f 218 189 135
f 135 158 219
f 219 158 220
f 191 217 221
f 190 217 191
f 158 160 220
f 221 222 191
f 164 191 222
f 223 164 222
f 193 164 223
f 224 193 223
f 193 225 226
f 193 226 166
f 166 226 227
f 227 195 166
f 139 197 194
f 167 195 198
f 228 169 198
f 228 199 169
f 199 229 171
f 230 196 168
f 202 230 168
f 174 171 203
f 171 229 203
f 175 231 204
f 175 203 231
f 232 233 179
f 201 200 234
f 234 202 201
f 232 176 204
f 179 176 232
f 177 179 233
f 180 178 235
f 200 236 234
f 235 237 180
f 180 237 205
f 182 236 200
f 206 238 181
f 236 182 239
f 181 238 240
f 182 181 240
f 207 241 242
f 183 207 184
f 241 207 183
f 209 241 183
f 208 243 244
f 207 243 208
f 245 210 152
f 245 152 211
f 244 246 212
f 208 244 212
f 153 154 247
f 212 246 213
f 214 248 155
f 213 246 249
f 216 249 250
f 213 249 216
f 189 218 251
f 216 250 217
f 135 219 218
f 250 252 217
f 217 252 221
f 253 221 252
f 253 222 221
f 224 223 222
f 225 193 224
f 192 162 254
f 162 194 255
f 256 195 227
f 256 198 195
f 228 257 199
f 199 257 229
f 229 258 203
f 231 259 204
f 178 177 260
f 178 260 235
f 230 202 261
f 234 236 262
f 205 237 263
f 206 205 263
f 206 263 264
f 206 264 238
f 240 265 182
f 239 182 266
f 266 182 265
f 238 267 240
f 241 268 242
f 242 269 207
f 270 241 209
f 269 271 243
f 207 269 243
f 210 270 209
f 244 271 272
f 243 271 244
f 246 272 273
f 244 272 246
f 247 211 153
f 273 274 249
f 246 273 249
f 249 274 275
f 247 154 248
f 155 248 154
f 275 276 249
f 249 277 250
f 276 277 249
f 278 215 187
f 278 187 189
f 251 218 279
f 218 219 279
f 252 277 280
f 277 252 250
f 253 252 280
f 160 192 220
f 253 281 222
f 222 281 224
f 281 282 224
f 282 283 224
f 283 225 224
f 284 226 283
f 283 226 225
f 284 227 226
f 227 284 256
f 256 257 198
f 198 257 228
f 257 285 229
f 229 285 258
f 196 230 286
f 231 203 258
f 204 287 232
f 288 237 235
f 261 286 230
f 202 234 261
f 262 261 234
f 289 236 239
f 236 289 262
f 264 267 238
f 240 290 265
f 269 242 291
f 268 291 242
f 292 293 269
f 270 268 241
f 293 294 271
f 269 293 271
f 295 270 210
f 210 245 295
f 294 272 271
f 296 274 297
f 272 297 273
f 273 297 274
f 211 298 245
f 299 274 296
f 274 299 275
f 248 300 247
f 301 248 302
f 276 275 303
f 248 214 302
f 214 215 302
f 302 215 278
f 276 303 277
f 304 277 303
f 278 189 251
f 304 305 277
f 305 280 277
f 305 306 280
f 280 306 253
f 219 220 307
f 281 253 306
f 220 192 308
f 254 308 192
f 309 310 283
f 284 283 310
f 255 254 162
f 310 311 284
f 284 311 256
f 194 197 255
f 255 197 312
f 256 311 257
f 312 197 313
f 197 196 313
f 196 286 313
f 259 231 314
f 287 204 259
f 315 233 232
f 233 316 177
f 316 260 177
f 317 288 235
f 235 260 317
f 318 286 261
f 319 261 262
f 239 266 289
f 266 320 289
f 240 267 290
f 265 290 266
f 268 321 322
f 269 291 323
f 268 322 291
f 270 321 268
f 295 321 270
f 269 323 292
f 295 245 324
f 294 325 326
f 293 325 294
f 294 326 272
f 324 245 298
f 272 326 327
f 297 272 327
f 247 298 211
f 296 327 328
f 327 296 297
f 275 299 303
f 302 278 329
f 299 304 303
f 304 330 305
f 305 331 306
f 279 219 332
f 306 333 281
f 333 282 281
f 333 334 282
f 282 334 283
f 334 309 283
f 311 285 257
f 285 335 258
f 231 258 314
f 287 315 232
f 315 316 233
f 317 260 336
f 237 337 263
f 318 261 319
f 319 262 289
f 338 264 263
f 339 267 264
f 266 290 340
f 320 266 340
f 290 267 339
f 290 339 341
f 290 341 340
f 342 323 291
f 322 342 291
f 323 343 292
f 321 344 322
f 292 343 293
f 345 346 325
f 343 345 325
f 293 343 325
f 326 325 346
f 324 321 295
f 326 346 347
f 348 326 347
f 349 324 298
f 327 326 348
f 328 327 348
f 247 350 298
f 350 300 351
f 247 300 350
f 300 248 352
f 328 353 296
f 248 301 354
f 296 353 299
f 355 301 329
f 353 356 299
f 301 302 329
f 357 329 278
f 278 251 357
f 357 251 358
f 299 356 304
f 356 359 304
f 359 330 304
f 251 279 358
f 358 279 360
f 330 331 305
f 360 279 332
f 331 333 306
f 333 361 334
f 309 362 310
f 310 362 311
f 363 254 255
f 364 258 335
f 258 364 314
f 365 259 314
f 260 316 336
f 313 286 318
f 366 318 319
f 337 338 263
f 319 289 367
f 367 289 320
f 338 339 264
f 340 368 367
f 367 320 340
f 340 341 368
f 342 369 323
f 369 370 343
f 323 369 343
f 322 371 342
f 344 371 322
f 370 372 345
f 343 370 345
f 345 372 346
f 346 372 373
f 347 373 374
f 346 373 347
f 375 347 374
f 375 348 347
f 350 349 298
f 348 376 328
f 351 300 377
f 377 300 352
f 328 376 353
f 352 248 354
f 355 354 301
f 378 331 330
f 379 333 331
f 379 361 333
f 334 361 309
f 362 380 311
f 380 335 311
f 311 335 285
f 314 364 365
f 365 381 259
f 259 381 287
f 381 316 315
f 315 287 381
f 382 317 336
f 317 382 288
f 313 318 383
f 288 384 237
f 384 337 237
f 366 319 385
f 385 319 386
f 386 319 367
f 338 387 339
f 388 389 390
f 342 389 388
f 388 391 370
f 342 388 369
f 371 389 342
f 344 389 371
f 391 392 370
f 388 370 369
f 372 392 393
f 370 392 372
f 321 394 344
f 394 321 324
f 324 349 394
f 394 349 395
f 372 393 373
f 373 393 374
f 396 397 349
f 398 375 374
f 350 396 349
f 376 348 375
f 352 354 399
f 399 354 400
f 401 402 353
f 354 329 400
f 355 329 354
f 402 356 353
f 357 358 403
f 379 331 378
f 332 219 307
f 379 404 361
f 307 220 405
f 404 406 361
f 361 406 309
f 407 380 362
f 312 363 255
f 312 313 408
f 336 316 409
f 408 313 383
f 382 410 288
f 410 384 288
f 318 366 383
f 338 337 411
f 411 387 338
f 368 412 413
f 367 368 413
f 412 341 339
f 412 368 341
f 390 414 388
f 414 415 391
f 388 414 391
f 344 416 389
f 392 417 418
f 417 392 391
f 415 417 391
f 392 418 393
f 393 418 419
f 349 397 395
f 393 419 374
f 419 398 374
f 398 420 375
f 350 351 396
f 351 377 421
f 375 420 376
f 420 422 376
f 376 422 353
f 377 352 423
f 424 352 399
f 329 425 400
f 425 357 426
f 329 357 425
f 359 356 402
f 403 358 427
f 359 378 330
f 360 427 358
f 309 406 407
f 309 407 362
f 428 380 407
f 308 254 429
f 381 430 316
f 316 431 409
f 382 336 432
f 336 409 432
f 382 432 410
f 433 366 385
f 386 434 385
f 413 434 367
f 434 386 367
f 387 435 339
f 412 339 435
f 414 390 436
f 437 416 438
f 414 439 440
f 439 414 441
f 389 437 390
f 416 437 389
f 344 395 416
f 440 415 414
f 440 417 415
f 440 442 417
f 394 395 344
f 417 443 418
f 418 443 419
f 419 444 398
f 398 444 420
f 351 421 396
f 421 377 423
f 401 353 422
f 423 352 424
f 424 399 445
f 399 400 445
f 445 400 446
f 403 426 357
f 427 447 403
f 360 448 427
f 360 332 448
f 379 449 404
f 405 220 450
f 451 407 406
f 220 308 450
f 254 363 429
f 335 380 452
f 335 452 364
f 364 453 365
f 381 365 453
f 430 431 316
f 383 454 408
f 455 384 410
f 366 456 383
f 433 385 434
f 457 458 413
f 458 434 413
f 412 435 457
f 413 412 457
f 436 437 459
f 459 437 460
f 437 438 460
f 441 414 461
f 414 436 461
f 437 436 390
f 416 462 438
f 395 462 416
f 462 395 463
f 417 442 443
f 397 464 395
f 443 465 419
f 465 444 419
f 444 466 420
f 421 467 396
f 420 466 422
f 421 423 468
f 423 424 469
f 425 446 400
f 425 470 446
f 471 402 401
f 470 425 426
f 402 378 359
f 449 379 378
f 404 449 472
f 404 472 406
f 451 473 407
f 308 429 450
f 428 474 380
f 363 475 429
f 453 364 452
f 363 312 475
f 381 453 430
f 408 454 312
f 432 409 476
f 383 477 454
f 432 455 410
f 383 456 477
f 366 433 456
f 434 458 478
f 411 479 387
f 479 435 387
f 460 438 480
f 438 462 480
f 395 464 463
f 463 464 481
f 465 482 444
f 464 397 483
f 396 483 397
f 482 484 444
f 467 483 396
f 467 421 485
f 421 468 485
f 468 423 486
f 423 469 486
f 422 487 401
f 469 424 445
f 469 445 488
f 488 445 446
f 470 489 446
f 490 470 426
f 426 403 490
f 491 378 402
f 332 307 492
f 472 493 406
f 473 428 407
f 380 474 452
f 475 312 454
f 494 495 431
f 431 495 409
f 409 495 476
f 432 496 455
f 337 497 498
f 411 337 498
f 411 498 479
f 435 499 457
f 458 457 499
f 500 460 480
f 480 462 463
f 501 440 439
f 442 502 503
f 502 442 440
f 464 483 481
f 443 503 465
f 442 503 443
f 484 466 444
f 467 485 504
f 487 422 466
f 469 505 486
f 488 505 469
f 471 401 487
f 489 470 490
f 402 471 491
f 447 490 403
f 378 491 449
f 447 427 506
f 427 448 506
f 448 332 507
f 492 307 508
f 307 405 508
f 428 473 474
f 474 509 452
f 453 452 510
f 430 511 431
f 431 511 494
f 476 496 432
f 384 455 497
f 337 384 497
f 456 433 512
f 433 478 512
f 433 434 478
f 479 513 435
f 499 514 458
f 514 478 458
f 459 500 515
f 500 459 460
f 516 441 461
f 502 440 501
f 463 481 517
f 481 483 517
f 483 467 518
f 467 519 518
f 467 504 519
f 504 485 520
f 485 468 520
f 468 521 520
f 468 486 521
f 505 521 486
f 488 446 489
f 490 522 489
f 490 447 506
f 491 523 449
f 507 506 448
f 449 523 472
f 524 493 472
f 451 406 493
f 473 525 474
f 509 510 452
f 429 475 526
f 510 511 453
f 453 511 430
f 475 454 527
f 454 528 527
f 454 477 528
f 435 513 499
f 461 436 529
f 530 461 529
f 529 436 531
f 459 531 436
f 459 515 531
f 501 439 516
f 516 439 441
f 480 463 532
f 463 533 532
f 463 517 533
f 502 534 503
f 517 483 535
f 483 518 535
f 518 519 536
f 537 521 505
f 488 538 505
f 538 537 505
f 489 538 488
f 538 489 522
f 471 539 491
f 523 524 472
f 492 507 332
f 451 493 473
f 450 429 540
f 509 474 525
f 475 527 526
f 511 541 494
f 494 541 542
f 494 542 495
f 495 542 476
f 476 542 496
f 543 455 496
f 544 455 543
f 544 497 455
f 456 512 545
f 498 497 546
f 546 547 498
f 498 547 479
f 479 547 513
f 513 548 499
f 499 548 514
f 516 461 530
f 549 515 500
f 533 517 550
f 501 551 502
f 517 535 550
f 465 552 482
f 552 553 482
f 482 553 484
f 519 504 554
f 484 553 466
f 555 504 520
f 556 555 520
f 557 487 466
f 556 520 521
f 556 521 537
f 558 556 537
f 522 559 538
f 560 491 539
f 490 561 522
f 506 561 490
f 506 507 561
f 507 492 562
f 473 563 564
f 473 564 525
f 540 429 526
f 525 565 509
f 509 565 510
f 510 565 511
f 541 511 566
f 526 527 528
f 542 543 496
f 477 456 567
f 528 477 567
f 497 544 568
f 547 548 513
f 500 480 549
f 569 570 501
f 516 569 501
f 570 551 501
f 502 551 534
f 503 534 571
f 535 518 572
f 503 571 465
f 571 552 465
f 518 536 572
f 536 519 573
f 519 554 573
f 557 466 553
f 554 504 555
f 574 555 556
f 538 558 537
f 539 471 487
f 523 491 575
f 576 493 524
f 473 493 563
f 511 565 566
f 541 566 577
f 541 577 542
f 456 545 567
f 544 578 568
f 579 497 568
f 478 580 512
f 497 579 546
f 478 514 580
f 581 516 530
f 516 581 569
f 582 554 555
f 582 555 574
f 558 574 556
f 559 583 558
f 559 558 538
f 560 575 491
f 561 584 522
f 585 492 508
f 493 586 563
f 564 587 525
f 525 588 565
f 542 577 589
f 589 543 542
f 543 578 544
f 548 590 514
f 531 515 591
f 480 592 549
f 480 532 592
f 592 532 593
f 594 569 581
f 570 569 594
f 533 550 595
f 535 572 550
f 571 596 552
f 536 573 572
f 552 596 553
f 573 554 597
f 582 574 598
f 583 574 558
f 599 539 487
f 600 559 522
f 584 600 522
f 601 561 507
f 601 507 562
f 562 492 602
f 493 576 586
f 492 585 602
f 603 508 405
f 563 586 604
f 405 450 603
f 603 450 540
f 563 605 564
f 588 525 587
f 577 566 606
f 607 543 589
f 545 512 608
f 578 609 568
f 579 568 610
f 579 611 546
f 590 580 514
f 512 580 608
f 546 611 547
f 547 611 548
f 612 531 613
f 531 591 613
f 515 614 591
f 615 581 616
f 581 530 616
f 529 612 530
f 531 612 529
f 515 549 614
f 592 614 549
f 615 594 581
f 532 533 593
f 551 570 617
f 551 617 534
f 534 618 571
f 618 596 571
f 550 572 619
f 572 573 620
f 597 620 573
f 621 553 596
f 557 622 487
f 623 574 583
f 559 600 583
f 601 584 561
f 523 624 524
f 625 586 576
f 585 508 603
f 540 526 626
f 588 566 565
f 626 526 528
f 577 606 627
f 577 627 589
f 567 545 628
f 543 607 629
f 578 543 629
f 579 610 611
f 590 548 611
f 616 530 630
f 530 612 630
f 592 593 631
f 593 533 632
f 533 595 632
f 534 617 618
f 557 553 621
f 582 597 554
f 598 574 633
f 622 599 487
f 574 623 633
f 583 600 634
f 634 600 584
f 634 584 601
f 575 624 523
f 635 562 602
f 586 625 604
f 563 604 605
f 605 636 564
f 564 637 587
f 566 588 638
f 566 638 606
f 626 528 639
f 606 640 627
f 528 567 639
f 627 641 607
f 627 607 589
f 607 642 629
f 608 643 545
f 570 594 644
f 644 617 570
f 597 582 645
f 582 598 645
f 645 598 646
f 633 623 647
f 623 634 647
f 634 623 583
f 648 575 560
f 649 524 624
f 650 601 562
f 562 635 650
f 564 636 637
f 587 637 651
f 587 651 588
f 638 640 606
f 567 652 639
f 567 628 652
f 643 628 545
f 609 578 629
f 568 653 610
f 654 580 590
f 590 611 655
f 630 612 656
f 612 613 657
f 592 658 614
f 594 615 659
f 550 660 595
f 618 617 661
f 550 619 660
f 618 662 596
f 661 662 618
f 662 621 596
f 572 620 619
f 645 646 663
f 646 598 664
f 664 598 633
f 665 560 539
f 634 601 666
f 524 667 576
f 603 540 668
f 540 626 668
f 640 641 627
f 607 641 669
f 669 642 607
f 643 608 670
f 568 609 653
f 608 580 670
f 611 610 655
f 590 655 654
f 614 671 591
f 616 672 659
f 658 592 631
f 616 659 615
f 632 631 593
f 659 644 594
f 644 673 617
f 673 661 617
f 674 621 662
f 620 597 675
f 675 597 645
f 557 621 676
f 665 539 599
f 647 634 677
f 648 560 665
f 678 575 648
f 666 601 650
f 575 678 624
f 667 524 649
f 602 679 635
f 680 681 604
f 605 604 681
f 588 651 638
f 638 682 640
f 682 641 640
f 683 642 669
f 628 643 684
f 629 642 685
f 653 686 610
f 655 687 654
f 670 580 654
f 686 655 610
f 657 656 612
f 591 657 613
f 688 657 591
f 658 671 614
f 658 689 671
f 631 690 658
f 691 644 659
f 675 619 620
f 675 645 692
f 692 645 663
f 663 646 664
f 622 557 676
f 664 633 693
f 634 694 677
f 604 625 680
f 585 695 602
f 585 603 696
f 605 681 636
f 696 603 668
f 668 626 697
f 697 626 639
f 698 641 682
f 641 698 669
f 684 643 670
f 642 699 685
f 609 700 653
f 701 630 656
f 671 702 591
f 672 616 701
f 630 701 616
f 658 690 689
f 631 632 690
f 644 691 703
f 632 595 704
f 673 644 703
f 661 673 705
f 595 660 704
f 660 706 704
f 661 705 662
f 660 619 706
f 619 675 707
f 674 708 621
f 708 676 621
f 676 709 622
f 622 710 599
f 693 633 647
f 710 665 599
f 693 647 677
f 648 665 711
f 634 666 694
f 678 648 712
f 678 649 624
f 667 625 576
f 602 695 679
f 625 713 680
f 696 695 585
f 681 714 636
f 715 696 668
f 636 714 637
f 638 651 716
f 638 716 682
f 682 717 698
f 628 718 652
f 698 683 669
f 628 684 719
f 670 687 720
f 609 629 700
f 687 670 654
f 655 686 721
f 702 688 591
f 722 691 659
f 723 690 632
f 704 723 632
f 673 703 705
f 706 619 707
f 692 663 724
f 725 726 663
f 663 664 725
f 665 710 711
f 648 711 712
f 727 666 650
f 678 728 649
f 728 729 649
f 729 667 649
f 635 730 650
f 729 625 667
f 729 713 625
f 680 713 731
f 680 731 681
f 637 714 732
f 651 637 733
f 668 697 715
f 651 733 716
f 697 639 734
f 716 717 682
f 639 652 734
f 684 670 720
f 629 685 700
f 700 735 653
f 686 653 735
f 687 655 721
f 656 688 736
f 657 688 656
f 689 690 737
f 659 738 722
f 738 659 672
f 703 691 722
f 739 723 704
f 740 739 704
f 705 741 662
f 706 740 704
f 741 674 662
f 707 742 706
f 707 675 743
f 675 692 743
f 724 663 726
f 710 622 709
f 664 693 725
f 693 677 744
f 677 694 744
f 694 666 745
f 712 728 678
f 712 746 728
f 747 727 650
f 747 650 730
f 652 718 734
f 698 717 748
f 628 719 718
f 698 749 683
f 684 750 719
f 642 683 751
f 752 720 687
f 656 736 701
f 689 702 671
f 689 737 753
f 690 754 737
f 690 723 754
f 755 754 723
f 703 722 756
f 739 755 723
f 705 703 756
f 757 740 706
f 706 742 757
f 741 758 674
f 743 742 707
f 674 758 708
f 724 743 692
f 726 725 759
f 725 693 760
f 693 744 760
f 761 744 694
f 666 727 745
f 762 728 746
f 762 729 728
f 763 713 729
f 635 679 730
f 679 695 696
f 681 731 764
f 681 764 714
f 765 732 714
f 637 732 733
f 766 716 733
f 717 716 766
f 749 698 748
f 750 684 720
f 642 751 699
f 767 685 699
f 768 752 687
f 700 769 735
f 686 735 770
f 735 771 770
f 686 770 721
f 768 687 721
f 702 689 772
f 753 772 689
f 705 756 773
f 739 740 755
f 705 773 741
f 774 709 676
f 710 775 711
f 712 711 775
f 776 762 746
f 729 762 763
f 763 777 713
f 778 731 713
f 764 765 714
f 715 697 779
f 697 734 779
f 779 734 780
f 780 734 718
f 717 766 748
f 781 750 720
f 700 685 769
f 685 767 769
f 735 769 771
f 768 721 770
f 688 782 736
f 688 783 782
f 702 783 688
f 702 772 783
f 784 701 736
f 738 672 784
f 701 784 672
f 737 754 785
f 755 785 754
f 740 786 755
f 740 757 787
f 758 788 708
f 676 708 788
f 788 774 676
f 759 789 726
f 759 725 760
f 790 759 760
f 775 710 791
f 760 744 792
f 744 761 792
f 792 761 793
f 775 746 712
f 775 794 746
f 727 747 795
f 763 762 776
f 796 747 730
f 777 778 713
f 679 797 730
f 798 679 696
f 798 696 799
f 696 715 799
f 799 715 779
f 733 800 766
f 801 749 748
f 719 750 802
f 683 749 803
f 803 751 683
f 781 720 752
f 753 804 772
f 738 784 805
f 737 785 753
f 753 785 806
f 722 807 808
f 807 722 738
f 722 808 756
f 755 809 785
f 809 755 786
f 773 810 741
f 740 787 786
f 811 787 757
f 757 812 811
f 757 742 812
f 742 743 812
f 813 743 724
f 814 724 726
f 726 789 814
f 815 789 759
f 790 815 759
f 709 791 710
f 790 760 792
f 793 761 816
f 794 775 817
f 694 745 761
f 776 746 794
f 776 818 763
f 730 797 796
f 798 797 679
f 819 765 764
f 733 732 800
f 748 766 801
f 718 719 802
f 820 749 801
f 820 803 749
f 781 821 822
f 781 752 821
f 768 821 752
f 768 770 821
f 770 823 821
f 767 824 769
f 770 771 823
f 782 783 825
f 783 772 826
f 772 827 826
f 772 804 827
f 753 806 804
f 738 805 807
f 786 828 809
f 786 787 828
f 787 811 829
f 812 743 813
f 813 724 814
f 814 789 830
f 789 815 830
f 709 774 791
f 793 816 792
f 831 816 761
f 761 745 831
f 745 727 832
f 795 747 833
f 833 747 796
f 818 777 763
f 834 778 777
f 764 731 835
f 764 835 819
f 799 779 780
f 732 765 836
f 732 836 800
f 800 837 766
f 766 838 801
f 802 750 781
f 839 781 822
f 699 840 767
f 841 782 825
f 841 784 736
f 782 841 736
f 827 842 826
f 756 808 843
f 756 843 773
f 810 844 741
f 844 758 741
f 811 845 829
f 812 845 811
f 812 813 846
f 846 813 814
f 847 846 814
f 815 848 830
f 791 817 775
f 790 848 815
f 849 790 792
f 816 849 792
f 816 831 849
f 745 832 831
f 776 850 818
f 727 795 832
f 797 798 851
f 835 778 834
f 731 778 835
f 798 799 851
f 819 836 765
f 837 800 836
f 766 837 838
f 781 839 802
f 751 803 852
f 821 823 853
f 769 824 854
f 771 769 854
f 771 854 823
f 783 855 825
f 783 826 855
f 841 856 784
f 784 857 805
f 804 806 858
f 807 859 808
f 805 859 807
f 785 860 806
f 809 860 785
f 809 828 861
f 843 810 773
f 828 787 829
f 829 845 862
f 758 863 788
f 812 846 845
f 847 814 830
f 830 864 847
f 864 830 848
f 865 864 848
f 866 865 848
f 848 790 866
f 790 849 866
f 831 867 849
f 868 776 794
f 776 868 850
f 831 869 867
f 832 869 831
f 818 850 870
f 832 795 871
f 818 872 777
f 873 833 796
f 873 796 797
f 851 873 797
f 874 836 819
f 799 780 875
f 718 876 780
f 718 802 876
f 877 801 838
f 878 801 877
f 801 878 820
f 839 879 802
f 803 880 852
f 825 855 841
f 826 842 881
f 784 856 857
f 804 858 827
f 809 861 860
f 828 882 861
f 828 862 882
f 828 829 862
f 788 863 774
f 883 846 847
f 774 884 791
f 884 817 791
f 864 865 885
f 865 866 886
f 866 849 886
f 794 817 868
f 849 867 887
f 867 869 888
f 818 870 872
f 874 837 836
f 837 889 838
f 880 803 820
f 890 839 822
f 821 891 822
f 853 891 821
f 823 892 853
f 841 893 856
f 841 855 893
f 826 881 855
f 894 859 805
f 894 805 857
f 808 859 895
f 806 896 858
f 806 860 896
f 895 843 808
f 861 882 897
f 863 898 774
f 846 899 845
f 883 899 846
f 847 900 883
f 900 847 864
f 885 865 901
f 901 865 886
f 886 849 887
f 868 902 850
f 888 887 867
f 795 833 903
f 833 873 903
f 904 873 851
f 851 799 904
f 905 835 906
f 799 875 904
f 819 835 905
f 874 819 905
f 876 875 780
f 907 838 889
f 838 907 877
f 839 908 879
f 820 878 909
f 909 880 820
f 839 890 908
f 891 890 822
f 852 699 751
f 767 840 910
f 767 910 824
f 823 854 911
f 856 893 912
f 855 913 893
f 855 881 913
f 857 914 894
f 856 912 857
f 857 912 914
f 827 858 842
f 861 897 860
f 810 843 915
f 915 916 810
f 916 844 810
f 917 758 844
f 918 817 884
f 900 864 885
f 885 901 900
f 900 901 919
f 868 817 918
f 901 886 920
f 886 887 920
f 887 888 920
f 888 921 920
f 869 921 888
f 869 832 921
f 921 832 922
f 832 871 922
f 871 795 903
f 872 834 777
f 904 923 873
f 835 834 906
f 924 904 875
f 925 874 905
f 837 874 926
f 837 926 889
f 802 927 876
f 802 879 927
f 840 699 852
f 824 910 928
f 824 928 929
f 824 929 854
f 881 930 913
f 842 931 881
f 842 858 931
f 858 896 932
f 845 933 862
f 758 917 863
f 899 934 845
f 935 899 883
f 898 884 774
f 883 936 935
f 883 900 936
f 936 900 919
f 919 901 937
f 901 920 937
f 920 921 922
f 922 871 938
f 939 834 872
f 873 923 903
f 939 906 834
f 874 925 926
f 876 924 875
f 879 940 927
f 878 877 941
f 879 908 940
f 890 891 942
f 943 891 853
f 944 840 852
f 840 944 910
f 892 823 911
f 893 945 912
f 913 946 893
f 858 947 931
f 895 859 948
f 896 860 949
f 949 860 897
f 948 843 895
f 882 950 897
f 934 933 845
f 899 935 951
f 952 868 918
f 953 936 919
f 953 919 954
f 954 919 937
f 937 920 922
f 955 870 850
f 938 871 956
f 956 871 903
f 924 957 904
f 876 927 924
f 908 890 942
f 880 958 852
f 880 909 958
f 852 958 959
f 852 959 944
f 854 929 911
f 928 910 960
f 946 945 893
f 881 931 930
f 930 931 961
f 914 912 962
f 858 963 947
f 932 963 858
f 894 914 964
f 896 949 932
f 843 948 915
f 862 950 882
f 934 899 951
f 902 868 952
f 954 937 922
f 954 922 965
f 902 966 850
f 965 922 938
f 965 938 956
f 967 872 870
f 903 923 956
f 923 904 957
f 906 968 905
f 957 924 927
f 905 968 925
f 925 969 926
f 889 926 970
f 889 970 907
f 907 971 877
f 878 941 909
f 943 853 892
f 913 930 946
f 931 947 961
f 859 972 948
f 859 894 972
f 949 897 973
f 950 973 897
f 950 862 933
f 974 863 917
f 898 863 975
f 898 975 976
f 976 884 898
f 935 977 978
f 935 936 977
f 936 953 977
f 953 954 979
f 850 966 955
f 967 870 955
f 965 956 980
f 956 923 981
f 939 982 906
f 923 957 981
f 981 957 983
f 906 982 968
f 957 927 983
f 926 969 984
f 926 984 970
f 985 927 940
f 941 877 971
f 940 908 986
f 947 987 961
f 963 987 947
f 894 964 972
f 949 973 988
f 949 988 932
f 950 933 989
f 933 934 990
f 935 978 951
f 976 918 884
f 902 952 966
f 953 979 991
f 954 965 979
f 979 965 992
f 992 965 980
f 872 993 939
f 956 981 980
f 994 925 968
f 983 927 985
f 925 994 969
f 970 995 907
f 907 995 971
f 940 986 985
f 908 996 986
f 942 996 908
f 909 941 997
f 958 909 997
f 891 943 998
f 998 942 891
f 912 945 962
f 961 999 930
f 932 988 963
f 914 962 964
f 844 974 917
f 977 1000 978
f 952 918 976
f 991 1001 953
f 992 991 979
f 1002 967 955
f 992 980 1003
f 993 872 967
f 1004 980 981
f 993 982 939
f 985 986 1005
f 998 996 942
f 911 929 892
f 1006 946 930
f 945 1006 962
f 946 1006 945
f 930 1007 1006
f 999 1007 930
f 961 987 999
f 963 988 987
f 844 916 1008
f 1008 974 844
f 934 1009 990
f 974 975 863
f 934 951 1009
f 953 1001 977
f 1010 991 992
f 1003 1010 992
f 1003 980 1004
f 1011 1004 981
f 981 983 1011
f 1011 983 1012
f 994 968 982
f 983 985 1012
f 1012 985 1005
f 1005 986 1013
f 986 996 1013
f 958 1014 959
f 944 1015 910
f 929 1016 892
f 910 1015 1017
f 910 1017 960
f 929 928 1018
f 962 1006 1019
f 999 1020 1007
f 987 1021 999
f 988 1022 987
f 962 1019 964
f 972 1023 948
f 948 1023 915
f 975 974 1024
f 976 975 1025
f 1025 952 976
f 1025 1026 952
f 1026 966 952
f 1001 991 1027
f 991 1010 1027
f 1028 955 966
f 1011 1029 1004
f 1005 1030 1012
f 1030 1005 1013
f 943 1031 998
f 892 1032 943
f 928 960 1018
f 929 1018 1016
f 987 1022 1021
f 1006 1033 1019
f 1007 1034 1006
f 999 1035 1020
f 1021 1035 999
f 964 1036 972
f 1037 1023 972
f 915 1008 916
f 933 1038 989
f 1038 933 990
f 951 1039 1009
f 951 1040 1039
f 951 978 1040
f 1041 955 1028
f 1003 1004 1042
f 982 993 1043
f 1012 1029 1011
f 1044 1029 1012
f 1030 1044 1012
f 970 984 1045
f 970 1045 995
f 941 971 997
f 1013 996 1030
f 1030 996 1046
f 997 1014 958
f 959 1014 1047
f 959 1047 944
f 892 1016 1032
f 1048 1020 1035
f 1049 1048 1035
f 1021 1022 1035
f 1007 1050 1034
f 1020 1050 1007
f 1020 1048 1050
f 1036 1037 972
f 950 1051 973
f 989 1051 950
f 974 1008 1024
f 1024 1052 975
f 975 1052 1025
f 978 1000 1040
f 1053 1026 1025
f 966 1026 1054
f 1004 1029 1055
f 994 982 1056
f 984 994 1057
f 984 969 994
f 1058 1044 1030
f 1030 1059 1058
f 971 995 1060
f 996 1061 1046
f 996 998 1061
f 1062 944 1047
f 1032 1031 943
f 944 1062 1015
f 960 1017 1063
f 960 1063 1018
f 1035 1064 1049
f 1022 988 1065
f 1066 964 1019
f 1019 1033 1066
f 1006 1067 1033
f 1034 1068 1006
f 973 1051 988
f 1023 1069 915
f 990 1009 1070
f 977 1071 1000
f 1001 1071 977
f 1054 1028 966
f 1027 1010 1072
f 1003 1072 1010
f 1042 1072 1003
f 1042 1004 1055
f 982 1073 1056
f 1055 1029 1044
f 984 1057 1045
f 1046 1059 1030
f 1046 1061 1059
f 1048 1049 1074
f 1035 1065 1064
f 1022 1065 1035
f 1075 1034 1050
f 1048 1075 1050
f 1006 1068 1067
f 1034 1076 1068
f 1075 1076 1034
f 964 1066 1036
f 1077 1037 1036
f 1037 1069 1023
f 915 1069 1008
f 989 1038 1051
f 1024 1078 1052
f 1009 1039 1079
f 1009 1079 1070
f 1052 1053 1025
f 1071 1001 1027
f 1073 982 1043
f 1057 994 1080
f 971 1060 1081
f 971 1081 997
f 1014 997 1081
f 1061 998 1082
f 1082 998 1031
f 1015 1062 1083
f 1084 1048 1074
f 1085 1074 1049
f 1049 1064 1085
f 1064 1065 1085
f 1084 1086 1075
f 1048 1084 1075
f 1086 1076 1075
f 1078 1008 1087
f 1008 1078 1024
f 1038 990 1088
f 1088 990 1070
f 1089 1039 1040
f 1090 1026 1053
f 1041 1028 1054
f 1091 955 1041
f 955 1091 1002
f 967 1043 993
f 1042 1055 1092
f 1056 1080 994
f 1058 1055 1044
f 995 1045 1060
f 1058 1059 1093
f 1059 1061 1093
f 1082 1094 1061
f 1095 1074 1085
f 1086 1084 1096
f 1068 1097 1067
f 1068 1076 1097
f 1033 1067 1066
f 1098 1077 1036
f 1037 1077 1099
f 1037 1099 1069
f 1069 1100 1008
f 1100 1087 1008
f 1040 1000 1089
f 1089 1000 1101
f 1090 1054 1026
f 1072 1071 1027
f 1102 1072 1042
f 1103 1102 1042
f 1092 1103 1042
f 1056 1104 1080
f 1093 1105 1055
f 1058 1093 1055
f 1093 1061 1094
f 1047 1106 1062
f 1016 1107 1032
f 1015 1083 1017
f 1018 1108 1016
f 1063 1017 1109
f 1017 1110 1109
f 1074 1111 1084
f 1086 1096 1112
f 1085 1065 1095
f 1076 1112 1097
f 1097 1112 1113
f 1086 1112 1076
f 1051 1114 1115
f 1051 1115 988
f 1097 1116 1067
f 1113 1116 1097
f 1036 1066 1098
f 1051 1038 1117
f 1052 1078 1118
f 1052 1118 1053
f 1053 1119 1090
f 1071 1120 1000
f 1121 967 1002
f 1092 1055 1105
f 1122 1045 1057
f 1060 1045 1122
f 1094 1123 1093
f 1014 1081 1106
f 1014 1106 1047
f 1031 1124 1082
f 1031 1107 1124
f 1032 1107 1031
f 1017 1083 1125
f 1063 1109 1018
f 1096 1126 1127
f 1126 1096 1111
f 1096 1084 1111
f 1074 1095 1111
f 1096 1127 1112
f 988 1115 1065
f 1112 1128 1113
f 1129 1066 1130
f 1130 1066 1067
f 1067 1116 1130
f 1066 1129 1098
f 1077 1131 1099
f 1077 1098 1131
f 1069 1099 1100
f 1038 1088 1117
f 1088 1070 1132
f 1079 1133 1070
f 1119 1053 1118
f 1000 1120 1101
f 1090 1134 1054
f 1072 1102 1071
f 1056 1073 1104
f 1123 1105 1093
f 1135 1105 1123
f 1094 1082 1136
f 1082 1124 1136
f 1062 1106 1137
f 1017 1125 1110
f 1138 1127 1126
f 1111 1139 1126
f 1111 1095 1139
f 1127 1140 1128
f 1127 1128 1112
f 1095 1141 1142
f 1095 1065 1141
f 1128 1140 1143
f 1128 1143 1113
f 1116 1144 1130
f 1143 1144 1113
f 1144 1116 1113
f 1051 1117 1114
f 1100 1145 1087
f 1132 1070 1133
f 1089 1079 1039
f 1146 1090 1119
f 1071 1147 1120
f 1147 1071 1148
f 1134 1041 1054
f 1149 1041 1134
f 1102 1148 1071
f 1121 1002 1091
f 1150 1043 967
f 1151 1103 1092
f 1092 1105 1151
f 1122 1057 1080
f 1060 1122 1152
f 1153 1123 1094
f 1136 1153 1094
f 1110 1154 1109
f 1018 1109 1108
f 1140 1155 1156
f 1140 1127 1138
f 1140 1138 1155
f 1126 1139 1138
f 1095 1142 1139
f 1157 1143 1156
f 1140 1156 1143
f 1143 1157 1144
f 1130 1158 1129
f 1130 1159 1158
f 1159 1130 1144
f 1117 1160 1114
f 1088 1161 1117
f 1078 1087 1162
f 1132 1161 1088
f 1118 1078 1162
f 1134 1090 1146
f 1149 1091 1041
f 1148 1102 1103
f 1043 1150 1073
f 1151 1105 1135
f 1163 1104 1073
f 1164 1135 1123
f 1081 1060 1165
f 1165 1106 1081
f 1124 1166 1136
f 1062 1137 1167
f 1062 1167 1083
f 1108 1107 1016
f 1110 1125 1154
f 1155 1138 1168
f 1155 1169 1156
f 1138 1139 1168
f 1139 1142 1168
f 1170 1156 1169
f 1156 1170 1157
f 1157 1170 1159
f 1157 1159 1144
f 1158 1159 1171
f 1129 1158 1098
f 1098 1158 1172
f 1173 1131 1098
f 1172 1173 1098
f 1131 1173 1099
f 1117 1161 1160
f 1119 1118 1174
f 1175 1089 1101
f 1176 1175 1101
f 1101 1120 1176
f 1163 1073 1150
f 1104 1177 1178
f 1080 1104 1178
f 1122 1080 1178
f 1122 1178 1152
f 1179 1164 1123
f 1180 1179 1123
f 1123 1153 1180
f 1153 1136 1166
f 1124 1107 1181
f 1124 1181 1166
f 1083 1167 1182
f 1083 1182 1125
f 1183 1155 1184
f 1184 1155 1168
f 1169 1183 1185
f 1155 1183 1169
f 1185 1170 1169
f 1065 1115 1141
f 1186 1170 1187
f 1170 1186 1159
f 1186 1171 1159
f 1158 1171 1172
f 1145 1188 1087
f 1188 1189 1087
f 1133 1079 1190
f 1191 1079 1089
f 1192 1119 1174
f 1176 1120 1193
f 1120 1147 1193
f 1135 1194 1151
f 1177 1104 1163
f 1165 1060 1152
f 1106 1165 1195
f 1166 1180 1153
f 1106 1196 1137
f 1197 1107 1108
f 1109 1154 1198
f 1199 1183 1200
f 1200 1183 1184
f 1199 1185 1183
f 1142 1141 1168
f 1168 1141 1201
f 1187 1185 1199
f 1185 1187 1170
f 1141 1115 1202
f 1187 1203 1186
f 1114 1204 1202
f 1114 1202 1115
f 1203 1171 1186
f 1114 1160 1204
f 1203 1172 1171
f 1099 1173 1205
f 1100 1205 1188
f 1145 1100 1188
f 1205 1100 1099
f 1087 1189 1162
f 1132 1133 1206
f 1162 1174 1118
f 1175 1191 1089
f 1175 1176 1207
f 1208 1146 1119
f 1193 1147 1209
f 1147 1148 1209
f 1103 1151 1148
f 1150 967 1121
f 1164 1194 1135
f 1210 1164 1179
f 1211 1152 1178
f 1106 1195 1196
f 1137 1196 1167
f 1108 1212 1197
f 1109 1198 1108
f 1199 1200 1213
f 1184 1214 1200
f 1200 1214 1215
f 1168 1201 1184
f 1184 1201 1214
f 1199 1213 1216
f 1199 1216 1187
f 1187 1217 1203
f 1187 1216 1217
f 1217 1218 1172
f 1203 1217 1172
f 1218 1173 1172
f 1219 1162 1189
f 1191 1190 1079
f 1192 1208 1119
f 1176 1220 1207
f 1221 1176 1193
f 1149 1134 1222
f 1194 1209 1148
f 1148 1151 1194
f 1211 1178 1177
f 1223 1152 1211
f 1195 1165 1223
f 1165 1152 1223
f 1179 1180 1210
f 1125 1182 1224
f 1200 1225 1213
f 1215 1214 1226
f 1214 1201 1226
f 1213 1225 1227
f 1228 1213 1227
f 1216 1213 1228
f 1217 1216 1229
f 1217 1229 1218
f 1205 1173 1230
f 1231 1173 1218
f 1231 1230 1173
f 1132 1206 1232
f 1206 1133 1190
f 1162 1219 1174
f 1207 1191 1175
f 1208 1192 1233
f 1134 1146 1234
f 1194 1164 1235
f 1210 1235 1164
f 1211 1177 1236
f 1180 1166 1237
f 1237 1166 1181
f 1167 1238 1182
f 1125 1224 1239
f 1125 1239 1154
f 1225 1240 1241
f 1225 1200 1215
f 1225 1215 1240
f 1240 1215 1242
f 1225 1241 1227
f 1141 1202 1201
f 1216 1243 1229
f 1228 1243 1216
f 1204 1244 1202
f 1218 1229 1231
f 1188 1230 1245
f 1188 1205 1230
f 1161 1246 1160
f 1189 1188 1247
f 1248 1189 1247
f 1189 1248 1219
f 1132 1232 1161
f 1219 1249 1174
f 1233 1192 1174
f 1234 1146 1208
f 1193 1209 1221
f 1134 1234 1222
f 1221 1209 1250
f 1222 1091 1149
f 1251 1209 1194
f 1252 1121 1091
f 1252 1150 1121
f 1194 1235 1251
f 1177 1163 1253
f 1211 1236 1254
f 1223 1211 1254
f 1210 1180 1237
f 1195 1223 1255
f 1181 1256 1237
f 1256 1181 1257
f 1107 1197 1257
f 1257 1181 1107
f 1167 1196 1238
f 1182 1238 1258
f 1182 1258 1224
f 1154 1239 1259
f 1198 1154 1259
f 1260 1241 1240
f 1240 1242 1261
f 1215 1226 1242
f 1227 1262 1228
f 1241 1262 1227
f 1201 1263 1226
f 1228 1262 1243
f 1264 1243 1262
f 1265 1243 1264
f 1243 1265 1229
f 1229 1265 1231
f 1188 1245 1247
f 1190 1266 1206
f 1267 1190 1191
f 1249 1233 1174
f 1176 1221 1220
f 1222 1268 1091
f 1268 1252 1091
f 1209 1251 1269
f 1253 1163 1150
f 1177 1270 1236
f 1210 1237 1271
f 1195 1255 1196
f 1108 1198 1272
f 1273 1241 1260
f 1240 1261 1260
f 1241 1274 1262
f 1241 1273 1274
f 1202 1263 1201
f 1202 1244 1263
f 1262 1274 1264
f 1275 1265 1264
f 1204 1160 1276
f 1231 1265 1275
f 1231 1275 1230
f 1230 1277 1245
f 1161 1232 1278
f 1248 1279 1219
f 1206 1280 1232
f 1249 1219 1279
f 1281 1266 1190
f 1281 1190 1267
f 1249 1282 1233
f 1283 1267 1191
f 1191 1207 1283
f 1220 1283 1207
f 1284 1208 1233
f 1234 1208 1284
f 1269 1250 1209
f 1236 1285 1254
f 1212 1257 1197
f 1212 1108 1272
f 1286 1260 1287
f 1288 1273 1286
f 1286 1273 1260
f 1260 1261 1287
f 1261 1242 1287
f 1289 1274 1288
f 1288 1274 1273
f 1274 1289 1290
f 1290 1264 1274
f 1277 1264 1290
f 1244 1276 1291
f 1276 1244 1204
f 1275 1264 1277
f 1160 1246 1276
f 1230 1275 1277
f 1246 1161 1292
f 1292 1161 1278
f 1247 1293 1248
f 1248 1294 1279
f 1280 1206 1295
f 1296 1249 1279
f 1249 1296 1282
f 1282 1284 1233
f 1297 1220 1221
f 1222 1234 1298
f 1299 1150 1252
f 1300 1177 1253
f 1271 1235 1210
f 1236 1270 1285
f 1254 1255 1223
f 1196 1255 1301
f 1257 1302 1303
f 1196 1304 1238
f 1302 1257 1212
f 1258 1305 1224
f 1198 1259 1272
f 1226 1306 1242
f 1226 1263 1306
f 1290 1289 1307
f 1244 1291 1263
f 1290 1307 1277
f 1245 1277 1247
f 1277 1308 1247
f 1308 1293 1247
f 1293 1294 1248
f 1293 1309 1294
f 1310 1279 1294
f 1295 1206 1266
f 1279 1310 1296
f 1296 1311 1282
f 1284 1282 1312
f 1234 1284 1313
f 1313 1298 1234
f 1221 1250 1297
f 1250 1314 1297
f 1222 1298 1268
f 1314 1250 1269
f 1315 1269 1251
f 1299 1253 1150
f 1316 1315 1251
f 1251 1235 1316
f 1270 1177 1300
f 1235 1271 1316
f 1285 1317 1254
f 1318 1271 1319
f 1319 1271 1237
f 1237 1256 1319
f 1254 1317 1320
f 1254 1320 1255
f 1319 1256 1257
f 1196 1301 1304
f 1238 1304 1321
f 1238 1321 1258
f 1224 1305 1239
f 1288 1322 1289
f 1286 1322 1288
f 1287 1306 1286
f 1242 1306 1287
f 1289 1323 1307
f 1263 1324 1306
f 1323 1325 1307
f 1307 1325 1277
f 1325 1326 1277
f 1276 1246 1292
f 1326 1308 1277
f 1308 1309 1293
f 1309 1310 1294
f 1310 1327 1296
f 1327 1311 1296
f 1267 1283 1281
f 1311 1328 1282
f 1282 1328 1312
f 1220 1297 1283
f 1312 1329 1284
f 1284 1329 1313
f 1330 1268 1298
f 1314 1269 1331
f 1269 1315 1331
f 1299 1300 1253
f 1316 1271 1318
f 1257 1303 1319
f 1255 1320 1301
f 1332 1239 1305
f 1286 1333 1322
f 1306 1333 1286
f 1289 1334 1323
f 1289 1322 1334
f 1291 1335 1263
f 1336 1308 1326
f 1278 1232 1280
f 1309 1327 1310
f 1311 1337 1328
f 1338 1312 1328
f 1283 1297 1339
f 1340 1313 1329
f 1340 1341 1313
f 1313 1341 1342
f 1298 1313 1342
f 1268 1330 1343
f 1252 1268 1343
f 1344 1252 1343
f 1252 1344 1299
f 1317 1285 1345
f 1317 1345 1320
f 1301 1320 1346
f 1301 1346 1347
f 1304 1301 1347
f 1304 1347 1321
f 1258 1321 1348
f 1258 1348 1305
f 1305 1349 1332
f 1272 1259 1350
f 1350 1212 1272
f 1332 1259 1239
f 1333 1351 1322
f 1306 1352 1333
f 1263 1335 1324
f 1323 1353 1325
f 1325 1353 1326
f 1353 1336 1326
f 1308 1336 1354
f 1354 1309 1308
f 1355 1327 1309
f 1355 1337 1327
f 1337 1311 1327
f 1281 1295 1266
f 1337 1338 1328
f 1281 1283 1356
f 1329 1338 1357
f 1338 1329 1312
f 1339 1356 1283
f 1339 1297 1314
f 1298 1342 1358
f 1298 1358 1330
f 1330 1359 1343
f 1360 1315 1316
f 1344 1361 1299
f 1362 1360 1316
f 1299 1361 1300
f 1300 1363 1270
f 1316 1318 1362
f 1285 1270 1364
f 1365 1285 1364
f 1345 1285 1365
f 1318 1319 1366
f 1367 1320 1345
f 1319 1303 1368
f 1320 1367 1346
f 1305 1348 1349
f 1332 1369 1259
f 1259 1369 1350
f 1322 1370 1334
f 1370 1322 1351
f 1371 1352 1306
f 1334 1370 1372
f 1306 1324 1371
f 1334 1372 1323
f 1323 1372 1353
f 1372 1336 1353
f 1276 1373 1374
f 1276 1375 1373
f 1375 1276 1292
f 1375 1292 1278
f 1354 1376 1355
f 1354 1355 1309
f 1278 1377 1378
f 1278 1280 1377
f 1337 1355 1379
f 1337 1357 1338
f 1357 1380 1329
f 1329 1380 1340
f 1341 1340 1380
f 1381 1341 1380
f 1341 1358 1342
f 1358 1382 1330
f 1383 1344 1343
f 1300 1361 1384
f 1384 1363 1300
f 1270 1363 1385
f 1385 1364 1270
f 1345 1365 1367
f 1368 1303 1386
f 1386 1303 1302
f 1346 1367 1347
f 1350 1302 1212
f 1321 1347 1387
f 1348 1388 1349
f 1389 1351 1333
f 1352 1389 1333
f 1371 1389 1352
f 1370 1390 1372
f 1391 1372 1390
f 1291 1374 1335
f 1372 1392 1336
f 1392 1372 1391
f 1276 1374 1291
f 1354 1336 1392
f 1278 1378 1375
f 1377 1280 1295
f 1393 1377 1295
f 1379 1355 1376
f 1295 1281 1393
f 1281 1394 1393
f 1356 1394 1281
f 1394 1356 1395
f 1395 1356 1339
f 1380 1357 1396
f 1381 1397 1341
f 1314 1398 1339
f 1341 1397 1358
f 1397 1382 1358
f 1382 1359 1330
f 1331 1399 1314
f 1343 1359 1400
f 1400 1383 1343
f 1383 1361 1344
f 1362 1401 1360
f 1363 1384 1402
f 1402 1385 1363
f 1362 1318 1401
f 1385 1403 1364
f 1401 1318 1366
f 1404 1364 1403
f 1404 1365 1364
f 1366 1319 1368
f 1365 1404 1367
f 1347 1367 1387
f 1386 1302 1350
f 1321 1387 1405
f 1348 1321 1405
f 1348 1405 1388
f 1349 1388 1369
f 1332 1349 1369
f 1370 1351 1390
f 1390 1351 1389
f 1371 1406 1407
f 1324 1406 1371
f 1354 1392 1376
f 1376 1392 1408
f 1378 1377 1409
f 1379 1376 1410
f 1379 1411 1337
f 1357 1337 1411
f 1395 1339 1412
f 1380 1396 1381
f 1398 1412 1339
f 1314 1413 1398
f 1314 1399 1413
f 1382 1400 1359
f 1399 1331 1315
f 1360 1399 1315
f 1400 1414 1383
f 1414 1361 1383
f 1361 1414 1384
f 1384 1414 1402
f 1402 1415 1385
f 1415 1403 1385
f 1366 1368 1416
f 1404 1417 1367
f 1417 1418 1367
f 1367 1418 1387
f 1387 1418 1419
f 1420 1421 1350
f 1421 1386 1350
f 1387 1419 1405
f 1405 1422 1388
f 1350 1369 1420
f 1389 1371 1423
f 1371 1407 1423
f 1390 1389 1424
f 1424 1389 1423
f 1335 1406 1324
f 1424 1425 1390
f 1425 1391 1390
f 1335 1426 1406
f 1374 1426 1335
f 1425 1427 1391
f 1374 1428 1426
f 1373 1428 1374
f 1391 1427 1392
f 1375 1429 1373
f 1408 1392 1427
f 1375 1378 1430
f 1431 1377 1393
f 1432 1431 1393
f 1379 1410 1433
f 1393 1394 1432
f 1411 1379 1433
f 1411 1396 1357
f 1434 1381 1396
f 1435 1397 1381
f 1435 1436 1397
f 1397 1436 1382
f 1437 1382 1436
f 1382 1437 1400
f 1437 1438 1400
f 1438 1414 1400
f 1414 1439 1402
f 1402 1439 1415
f 1401 1440 1360
f 1415 1441 1403
f 1401 1366 1416
f 1403 1441 1404
f 1441 1417 1404
f 1386 1442 1368
f 1386 1421 1442
f 1443 1444 1420
f 1444 1421 1420
f 1422 1405 1419
f 1388 1422 1445
f 1369 1388 1443
f 1388 1445 1443
f 1420 1369 1443
f 1446 1424 1423
f 1446 1447 1424
f 1447 1425 1424
f 1406 1426 1448
f 1447 1427 1425
f 1373 1449 1428
f 1373 1429 1449
f 1375 1450 1429
f 1408 1427 1451
f 1375 1452 1450
f 1452 1375 1430
f 1378 1453 1430
f 1378 1409 1453
f 1410 1376 1408
f 1377 1431 1409
f 1454 1432 1394
f 1454 1394 1395
f 1455 1454 1395
f 1396 1456 1434
f 1396 1411 1456
f 1381 1434 1435
f 1412 1398 1457
f 1413 1457 1398
f 1360 1458 1399
f 1414 1438 1459
f 1360 1440 1458
f 1459 1439 1414
f 1439 1460 1415
f 1440 1401 1461
f 1415 1460 1441
f 1416 1462 1401
f 1441 1463 1417
f 1416 1368 1464
f 1418 1417 1463
f 1464 1368 1442
f 1465 1419 1418
f 1419 1465 1422
f 1421 1444 1442
f 1444 1443 1445
f 1446 1423 1466
f 1423 1407 1466
f 1466 1407 1467
f 1407 1406 1467
f 1448 1467 1406
f 1426 1468 1448
f 1426 1469 1468
f 1428 1469 1426
f 1447 1451 1427
f 1428 1449 1469
f 1429 1450 1449
f 1452 1430 1470
f 1471 1408 1451
f 1430 1453 1470
f 1472 1453 1409
f 1409 1473 1472
f 1408 1471 1410
f 1431 1473 1409
f 1431 1474 1473
f 1431 1475 1474
f 1432 1475 1431
f 1471 1476 1410
f 1433 1410 1476
f 1475 1432 1477
f 1432 1454 1477
f 1433 1476 1411
f 1454 1455 1477
f 1411 1476 1456
f 1478 1455 1395
f 1395 1412 1478
f 1434 1456 1435
f 1479 1435 1456
f 1412 1457 1478
f 1479 1480 1435
f 1480 1436 1435
f 1436 1480 1481
f 1457 1413 1399
f 1436 1481 1437
f 1482 1457 1399
f 1438 1481 1459
f 1437 1481 1438
f 1482 1399 1458
f 1483 1439 1459
f 1440 1484 1458
f 1439 1483 1460
f 1484 1440 1461
f 1485 1441 1460
f 1401 1462 1461
f 1441 1485 1463
f 1416 1464 1486
f 1462 1416 1486
f 1487 1486 1464
f 1464 1488 1487
f 1463 1465 1418
f 1464 1442 1488
f 1487 1442 1489
f 1442 1444 1489
f 1488 1442 1487
f 1490 1422 1465
f 1445 1422 1490
f 1491 1445 1490
f 1444 1445 1491
f 1489 1444 1491
f 1447 1446 1492
f 1466 1492 1446
f 1493 1466 1467
f 1493 1492 1466
f 1448 1493 1467
f 1494 1493 1448
f 1468 1494 1448
f 1468 1469 1494
f 1492 1495 1447
f 1496 1494 1469
f 1469 1449 1496
f 1495 1451 1447
f 1449 1497 1496
f 1497 1449 1450
f 1498 1497 1450
f 1450 1452 1498
f 1498 1452 1470
f 1499 1451 1495
f 1500 1498 1470
f 1470 1453 1500
f 1451 1499 1471
f 1500 1453 1472
f 1472 1501 1500
f 1472 1473 1501
f 1474 1501 1473
f 1475 1502 1474
f 1499 1503 1471
f 1503 1476 1471
f 1475 1477 1502
f 1504 1502 1477
f 1503 1505 1476
f 1455 1504 1477
f 1476 1505 1456
f 1506 1504 1455
f 1455 1478 1506
f 1505 1479 1456
f 1507 1506 1478
f 1479 1505 1508
f 1479 1508 1480
f 1509 1480 1508
f 1457 1510 1507
f 1457 1507 1478
f 1509 1481 1480
f 1457 1482 1510
f 1459 1481 1509
f 1511 1459 1509
f 1512 1510 1482
f 1513 1459 1511
f 1482 1458 1512
f 1483 1459 1513
f 1512 1458 1514
f 1458 1484 1514
f 1460 1483 1513
f 1515 1460 1513
f 1516 1514 1484
f 1484 1461 1516
f 1485 1460 1515
f 1517 1485 1515
f 1461 1462 1516
f 1462 1518 1516
f 1463 1485 1517
f 1519 1518 1487
f 1486 1487 1518
f 1518 1462 1486
f 1520 1463 1517
f 1487 1521 1519
f 1522 1519 1521
f 1520 1465 1463
f 1523 1490 1520
f 1490 1465 1520
f 1487 1489 1521
f 1491 1490 1523
f 1522 1491 1523
f 1489 1491 1522
f 1521 1489 1522
f 1493 1524 1492
f 1524 1495 1492
f 1525 1524 1493
f 1494 1526 1493
f 1526 1525 1493
f 1494 1496 1526
f 1525 1527 1524
f 1528 1527 1525
f 1526 1528 1525
f 1496 1528 1526
f 1497 1528 1496
f 1524 1529 1495
f 1528 1530 1527
f 1498 1528 1497
f 1495 1529 1499
f 1527 1531 1524
f 1532 1528 1498
f 1532 1498 1500
f 1532 1530 1528
f 1524 1531 1529
f 1500 1501 1532
f 1533 1532 1501
f 1533 1530 1532
f 1474 1533 1501
f 1534 1499 1529
f 1533 1535 1530
f 1474 1502 1533
f 1531 1534 1529
f 1499 1534 1503
f 1502 1537 1533
f 1536 1534 1531
f 1502 1504 1537
f 1537 1535 1533
f 1534 1538 1503
f 1536 1538 1534
f 1537 1539 1535
f 1503 1538 1505
f 1504 1506 1537
f 1506 1539 1537
f 1506 1541 1539
f 1536 1542 1538
f 1540 1542 1536
f 1542 1505 1538
f 1542 1508 1505
f 1539 1543 1535
f 1506 1507 1541
f 1541 1544 1539
f 1541 1507 1544
f 1542 1545 1508
f 1544 1543 1539
f 1509 1508 1545
f 1546 1542 1540
f 1507 1510 1544
f 1542 1548 1545
f 1546 1548 1542
f 1510 1543 1544
f 1510 1549 1543
f 1511 1509 1545
f 1510 1512 1549
f 1511 1545 1548
f 1549 1512 1550
f 1549 1550 1543
f 1512 1514 1550
f 1513 1511 1548
f 1550 1551 1543
f 1550 1514 1552
f 1546 1553 1548
f 1553 1513 1548
f 1552 1551 1550
f 1514 1516 1552
f 1515 1513 1553
f 1547 1553 1546
f 1551 1547 1543
f 1552 1516 1518
f 1518 1551 1552
f 1517 1515 1553
f 1554 1517 1553
f 1547 1554 1553
f 1551 1555 1547
f 1518 1556 1551
f 1551 1556 1555
f 1547 1557 1554
f 1555 1557 1547
f 1518 1519 1556
f 1520 1517 1554
f 1557 1520 1554
f 1556 1519 1555
f 1523 1520 1557
f 1522 1523 1557
f 1555 1522 1557
f 1519 1522 1555
f 1558 1559 1561
f 1560 1558 1561
f 1561 1559 1562
f 1563 1560 1561
f 1563 1561 1564
f 1565 1563 1564
f 1561 1562 1566
f 1568 1565 1564
f 1566 1562 1567
f 1564 1561 1569
f 1570 1564 1569
f 1568 1564 1570
f 1571 1568 1570
f 1566 1567 1572
f 1573 1561 1566
f 1574 1566 1572
f 1571 1570 1575
f 1573 1566 1574
f 1575 1570 1569
f 1574 1572 1576
f 1574 1576 1577
f 1578 1575 1569
f 1569 1561 1573
f 1579 1569 1573
f 1578 1569 1579
f 1580 1574 1577
f 1573 1574 1580
f 1581 1573 1580
f 1579 1573 1581

