# https://github.com/mikedh/trimesh
v 6883.50000000 5041.71000000 2998.03000000
v 6856.58000000 5037.91000000 3008.61000000
v 6829.33000000 5079.99000000 3012.81000000
v 6891.78000000 5060.64000000 3011.63000000
v 6899.22000000 5028.61000000 3014.91000000
v 6864.43000000 5013.92000000 3032.71000000
v 6804.44000000 5040.90000000 3029.52000000
v 6927.78000000 5045.11000000 3026.38000000
v 6919.97000000 5021.63000000 3041.94000000
v 6940.34000000 5049.31000000 3040.49000000
v 6796.44000000 5065.01000000 3023.45000000
v 6907.99000000 5100.32000000 3036.48000000
v 6764.04000000 5108.14000000 3032.57000000
v 6796.20000000 5135.85000000 3033.41000000
v 6844.50000000 5160.28000000 3062.29000000
v 6882.27000000 5005.01000000 3063.42000000
v 6795.08000000 5029.71000000 3054.86000000
v 6741.69000000 5081.30000000 3051.52000000
v 6936.87000000 5085.27000000 3059.86000000
v 6714.63000000 5126.73000000 3054.99000000
v 6737.97000000 5154.23000000 3056.73000000
v 6764.55000000 5197.18000000 3081.74000000
v 6838.48000000 5012.55000000 3066.13000000
v 6938.77000000 5051.23000000 3059.50000000
v 6726.40000000 5061.44000000 3088.89000000
v 6672.10000000 5111.12000000 3085.95000000
v 6697.95000000 5118.48000000 3066.31000000
v 6682.57000000 5158.35000000 3081.41000000
v 6903.10000000 5166.71000000 3094.27000000
v 6845.22000000 5010.88000000 3084.02000000
v 6888.32000000 5018.64000000 3091.01000000
v 6906.80000000 5015.34000000 3067.25000000
v 6794.00000000 5031.56000000 3086.60000000
v 6925.49000000 5046.54000000 3084.96000000
v 6669.29000000 5092.88000000 3107.09000000
v 6940.69000000 5098.89000000 3099.64000000
v 6931.57000000 5136.92000000 3102.05000000
v 6630.80000000 5166.72000000 3109.99000000
v 6649.51000000 5190.00000000 3103.72000000
v 6674.02000000 5235.07000000 3127.07000000
v 6778.68000000 5262.15000000 3135.54000000
v 6842.88000000 5253.78000000 3144.81000000
v 6747.68000000 5054.26000000 3115.44000000
v 6689.80000000 5082.97000000 3125.60000000
v 6623.80000000 5134.31000000 3122.91000000
v 6915.83000000 5193.88000000 3140.38000000
v 6606.69000000 5207.76000000 3133.26000000
v 6788.24000000 5053.10000000 3125.19000000
v 6911.52000000 5058.85000000 3119.46000000
v 6927.56000000 5089.64000000 3122.66000000
v 6630.53000000 5117.11000000 3141.37000000
v 6583.62000000 5155.95000000 3154.40000000
v 6576.20000000 5188.34000000 3154.07000000
v 6931.39000000 5153.82000000 3131.98000000
v 6557.64000000 5233.91000000 3168.20000000
v 6598.06000000 5238.54000000 3152.91000000
v 6880.74000000 5239.91000000 3157.39000000
v 6833.84000000 5083.28000000 3152.55000000
v 6659.47000000 5101.89000000 3152.19000000
v 6623.62000000 5130.06000000 3176.63000000
v 6585.45000000 5154.09000000 3170.88000000
v 6927.62000000 5138.50000000 3145.05000000
v 6914.82000000 5192.29000000 3166.80000000
v 6879.64000000 5260.96000000 3197.79000000
v 6585.01000000 5294.74000000 3199.76000000
v 6694.98000000 5345.75000000 3211.41000000
v 6775.08000000 5357.04000000 3220.69000000
v 6693.01000000 5092.63000000 3149.01000000
v 6713.67000000 5127.49000000 3190.07000000
v 6890.27000000 5128.24000000 3170.86000000
v 6543.99000000 5193.75000000 3194.93000000
v 6519.06000000 5235.40000000 3207.23000000
v 6523.94000000 5270.41000000 3212.39000000
v 6594.00000000 5432.62000000 3314.10000000
v 6834.16000000 5309.79000000 3205.46000000
v 4949.04000000 6553.69000000 3205.35000000
v 4921.10000000 6533.68000000 3206.09000000
v 4877.29000000 6541.02000000 3213.37000000
v 6801.27000000 5165.67000000 3219.83000000
v 6847.15000000 5203.37000000 3237.70000000
v 6607.76000000 5163.37000000 3214.33000000
v 6565.53000000 5179.21000000 3208.69000000
v 6903.51000000 5182.19000000 3188.96000000
v 6510.74000000 5225.32000000 3224.87000000
v 6884.33000000 5236.78000000 3216.58000000
v 6479.53000000 5295.32000000 3259.84000000
v 6522.01000000 5297.05000000 3231.97000000
v 6671.94000000 5435.14000000 3286.73000000
v 4724.40000000 6466.95000000 3246.88000000
v 4805.67000000 6497.36000000 3227.24000000
v 4795.91000000 6458.96000000 3261.18000000
v 4887.64000000 6511.01000000 3227.18000000
v 4779.96000000 6509.26000000 3229.03000000
v 4983.97000000 6540.77000000 3220.61000000
v 4800.57000000 6544.99000000 3229.58000000
v 4866.31000000 6568.80000000 3225.37000000
v 4967.12000000 6605.01000000 3234.28000000
v 5056.55000000 6587.61000000 3221.46000000
v 5113.41000000 6576.45000000 3231.78000000
v 5129.78000000 6635.96000000 3232.94000000
v 5169.10000000 6619.03000000 3232.64000000
v 5205.65000000 6646.58000000 3237.71000000
v 6881.89000000 5183.71000000 3208.54000000
v 6509.94000000 5226.85000000 3244.01000000
v 6491.02000000 5256.59000000 3251.05000000
v 6850.67000000 5303.58000000 3253.56000000
v 6503.73000000 5359.24000000 3293.75000000
v 6828.02000000 5341.09000000 3249.62000000
v 6788.91000000 5393.28000000 3268.68000000
v 4663.41000000 6465.51000000 3260.80000000
v 4653.87000000 6434.20000000 3278.88000000
v 4728.99000000 6508.83000000 3245.13000000
v 4936.97000000 6472.30000000 3291.96000000
v 5069.67000000 6531.04000000 3265.28000000
v 4746.95000000 6561.13000000 3257.11000000
v 5156.80000000 6553.98000000 3278.23000000
v 5200.77000000 6596.76000000 3262.59000000
v 4854.00000000 6599.58000000 3256.27000000
v 5244.72000000 6647.69000000 3258.10000000
v 5120.49000000 6708.28000000 3290.25000000
v 5212.75000000 6672.28000000 3258.62000000
v 5274.14000000 6693.59000000 3287.69000000
v 5233.49000000 6751.43000000 3329.59000000
v 6673.68000000 5234.33000000 3284.58000000
v 6538.81000000 5224.69000000 3266.75000000
v 6609.03000000 5207.77000000 3259.41000000
v 6867.19000000 5220.79000000 3232.40000000
v 6460.39000000 5292.59000000 3288.53000000
v 6712.89000000 5437.15000000 3285.55000000
v 6746.88000000 5440.38000000 3298.86000000
v 4684.35000000 6415.74000000 3300.71000000
v 4625.25000000 6444.33000000 3281.58000000
v 4620.30000000 6470.19000000 3281.04000000
v 4662.61000000 6515.51000000 3278.21000000
v 5112.43000000 6495.52000000 3327.26000000
v 4659.28000000 6588.60000000 3327.69000000
v 4800.62000000 6663.95000000 3340.94000000
v 5249.42000000 6611.64000000 3288.46000000
v 5276.13000000 6634.55000000 3301.32000000
v 4970.79000000 6687.25000000 3307.44000000
v 5281.67000000 6664.23000000 3304.96000000
v 6831.21000000 5253.67000000 3270.36000000
v 6495.63000000 5249.96000000 3280.65000000
v 6478.62000000 5269.03000000 3285.00000000
v 6846.81000000 5273.58000000 3261.06000000
v 6442.87000000 5325.80000000 3314.89000000
v 6448.19000000 5347.47000000 3316.58000000
v 6811.10000000 5369.86000000 3294.48000000
v 6789.54000000 5410.86000000 3311.44000000
v 4613.19000000 6421.02000000 3302.85000000
v 4584.07000000 6440.93000000 3304.32000000
v 4578.61000000 6475.02000000 3311.42000000
v 4569.57000000 6529.54000000 3346.41000000
v 6766.24000000 5287.49000000 3307.22000000
v 6532.41000000 5300.20000000 3347.79000000
v 6817.94000000 5329.93000000 3297.34000000
v 6435.38000000 5398.02000000 3363.40000000
v 6491.04000000 5440.32000000 3372.93000000
v 6661.90000000 5490.71000000 3340.37000000
v 6700.96000000 5512.60000000 3365.59000000
v 6752.04000000 5463.85000000 3347.28000000
v 4587.68000000 6388.82000000 3339.10000000
v 4779.66000000 6415.14000000 3326.86000000
v 4545.56000000 6406.66000000 3333.62000000
v 4538.21000000 6437.38000000 3330.78000000
v 4863.07000000 6429.33000000 3342.18000000
v 4939.19000000 6442.55000000 3374.38000000
v 5043.71000000 6450.02000000 3376.01000000
v 5214.16000000 6543.77000000 3331.74000000
v 5268.06000000 6587.78000000 3343.26000000
v 4542.48000000 6600.08000000 3419.32000000
v 5305.06000000 6695.49000000 3386.72000000
v 5068.86000000 6773.18000000 3366.81000000
v 5280.69000000 6742.78000000 3352.44000000
v 5160.60000000 6799.01000000 3381.07000000
v 5277.10000000 6793.30000000 3383.77000000
v 6486.44000000 5277.98000000 3309.23000000
v 6813.91000000 5295.40000000 3290.99000000
v 6454.79000000 5305.76000000 3318.90000000
v 6426.54000000 5353.47000000 3346.44000000
v 6787.97000000 5409.30000000 3331.15000000
v 6598.70000000 5552.87000000 3416.50000000
v 4486.12000000 6408.10000000 3359.19000000
v 4494.84000000 6380.47000000 3369.96000000
v 4655.94000000 6384.66000000 3352.36000000
v 4491.48000000 6461.90000000 3364.98000000
v 5288.91000000 6622.88000000 3359.00000000
v 5301.17000000 6774.14000000 3406.91000000
v 4915.13000000 6763.71000000 3407.22000000
v 5240.79000000 6826.93000000 3411.20000000
v 6630.35000000 5352.95000000 3386.41000000
v 6451.67000000 5325.81000000 3359.37000000
v 6423.78000000 5345.43000000 3357.08000000
v 6790.50000000 5341.50000000 3321.98000000
v 6398.00000000 5380.31000000 3381.16000000
v 6779.76000000 5397.96000000 3347.58000000
v 6765.66000000 5443.74000000 3360.06000000
v 6506.66000000 5539.55000000 3453.92000000
v 6644.85000000 5578.71000000 3429.39000000
v 4530.72000000 6362.73000000 3392.26000000
v 4414.16000000 6383.94000000 3390.84000000
v 4718.33000000 6385.64000000 3367.84000000
v 4793.81000000 6405.05000000 3371.94000000
v 4430.68000000 6421.48000000 3383.99000000
v 5124.38000000 6446.62000000 3389.43000000
v 5201.53000000 6447.75000000 3403.73000000
v 5254.69000000 6466.04000000 3410.36000000
v 4412.65000000 6505.94000000 3436.94000000
v 5267.80000000 6514.89000000 3391.46000000
v 6408.57000000 5361.61000000 3392.27000000
v 6383.16000000 5382.54000000 3402.87000000
v 6760.88000000 5360.66000000 3348.60000000
v 6342.02000000 5421.18000000 3435.27000000
v 6389.03000000 5425.50000000 3412.74000000
v 6739.26000000 5496.74000000 3398.17000000
v 4622.80000000 6369.63000000 3396.22000000
v 4373.29000000 6405.89000000 3405.07000000
v 4341.05000000 6373.05000000 3424.88000000
v 4862.04000000 6423.74000000 3383.01000000
v 5004.56000000 6439.57000000 3439.97000000
v 5079.18000000 6425.30000000 3441.48000000
v 4406.23000000 6442.08000000 3402.41000000
v 5102.14000000 6432.74000000 3410.55000000
v 5293.26000000 6539.12000000 3408.11000000
v 5312.26000000 6574.58000000 3446.89000000
v 4664.72000000 6680.15000000 3422.42000000
v 5293.71000000 6853.24000000 3457.54000000
v 6720.99000000 5367.67000000 3371.80000000
v 6738.36000000 5417.56000000 3391.67000000
v 6321.94000000 5435.53000000 3447.00000000
v 6330.99000000 5454.12000000 3456.25000000
v 6396.29000000 5485.90000000 3457.66000000
v 6703.99000000 5549.03000000 3425.64000000
v 6664.02000000 5607.23000000 3468.14000000
v 4375.89000000 6350.30000000 3442.13000000
v 4524.66000000 6354.10000000 3431.48000000
v 4321.58000000 6393.53000000 3426.30000000
v 4699.63000000 6383.82000000 3408.27000000
v 4798.36000000 6413.01000000 3416.83000000
v 4343.99000000 6429.94000000 3429.60000000
v 4876.34000000 6436.42000000 3430.98000000
v 4937.70000000 6446.02000000 3452.67000000
v 5152.07000000 6413.00000000 3440.46000000
v 5276.13000000 6389.01000000 3461.24000000
v 5297.88000000 6445.66000000 3450.63000000
v 5317.74000000 6634.49000000 3486.85000000
v 4786.72000000 6720.39000000 3408.45000000
v 5313.83000000 6754.73000000 3443.35000000
v 5322.28000000 6808.91000000 3476.71000000
v 4906.90000000 6833.22000000 3502.81000000
v 5054.42000000 6836.96000000 3459.58000000
v 5304.89000000 6820.63000000 3445.01000000
v 6441.72000000 5362.84000000 3410.08000000
v 6487.58000000 5391.46000000 3450.41000000
v 6383.91000000 5391.69000000 3437.81000000
v 6338.24000000 5417.87000000 3462.42000000
v 6659.03000000 5440.70000000 3447.18000000
v 6734.15000000 5477.43000000 3416.80000000
v 6301.41000000 5451.34000000 3469.92000000
v 6710.30000000 5538.75000000 3449.30000000
v 4281.26000000 6376.18000000 3455.14000000
v 4294.16000000 6353.06000000 3466.90000000
v 4440.10000000 6341.46000000 3457.55000000
v 4568.73000000 6365.83000000 3448.67000000
v 4291.00000000 6404.86000000 3451.09000000
v 5320.31000000 6482.42000000 3474.39000000
v 4531.57000000 6667.44000000 3499.27000000
v 5325.60000000 6744.05000000 3508.80000000
v 4757.03000000 6775.71000000 3499.10000000
v 5179.36000000 6865.08000000 3469.23000000
v 5259.92000000 6884.03000000 3494.74000000
v 6522.69000000 5448.01000000 3506.90000000
v 6295.05000000 5445.75000000 3485.44000000
v 6699.61000000 5474.51000000 3449.16000000
v 6269.36000000 5479.33000000 3494.71000000
v 6288.18000000 5507.64000000 3508.03000000
v 6686.28000000 5589.93000000 3477.77000000
v 6550.20000000 5641.24000000 3516.69000000
v 6608.45000000 5628.09000000 3484.61000000
v 6669.25000000 5621.30000000 3497.07000000
v 4321.56000000 6309.09000000 3520.77000000
v 4478.28000000 6346.81000000 3466.99000000
v 4636.80000000 6382.20000000 3447.19000000
v 4689.01000000 6407.70000000 3459.82000000
v 5180.40000000 6375.05000000 3487.60000000
v 5223.10000000 6378.12000000 3468.52000000
v 4246.14000000 6391.04000000 3483.06000000
v 4776.70000000 6437.82000000 3477.04000000
v 5103.17000000 6406.23000000 3505.64000000
v 4293.19000000 6442.46000000 3477.01000000
v 5344.48000000 6387.60000000 3499.74000000
v 5335.58000000 6492.04000000 3523.97000000
v 4407.20000000 6603.99000000 3536.90000000
v 4591.88000000 6744.06000000 3562.73000000
v 5323.28000000 6859.24000000 3505.37000000
v 6404.94000000 5406.38000000 3473.48000000
v 6342.63000000 5437.66000000 3524.66000000
v 6265.27000000 5467.86000000 3499.79000000
v 6650.59000000 5506.83000000 3502.43000000
v 6679.02000000 5529.48000000 3496.79000000
v 6690.27000000 5557.52000000 3494.10000000
v 6682.84000000 5590.08000000 3500.03000000
v 6630.59000000 5644.74000000 3501.83000000
v 5674.87000000 5909.84000000 3505.71000000
v 5597.59000000 6041.08000000 3498.85000000
v 5643.03000000 6048.64000000 3502.31000000
v 5512.52000000 6114.67000000 3503.33000000
v 5565.95000000 6113.99000000 3498.83000000
v 5522.84000000 6168.83000000 3502.85000000
v 5600.36000000 6144.35000000 3512.26000000
v 4246.91000000 6316.03000000 3528.43000000
v 4389.78000000 6325.08000000 3505.99000000
v 5296.04000000 6314.00000000 3502.85000000
v 4242.40000000 6356.22000000 3496.57000000
v 5221.62000000 6338.02000000 3513.86000000
v 4195.70000000 6367.28000000 3524.24000000
v 5331.70000000 6348.76000000 3492.00000000
v 4963.15000000 6449.40000000 3510.20000000
v 5024.90000000 6433.14000000 3518.99000000
v 4866.30000000 6457.87000000 3509.37000000
v 5348.72000000 6424.57000000 3517.46000000
v 5322.91000000 6565.17000000 3542.56000000
v 5339.78000000 6851.53000000 3564.50000000
v 5198.64000000 6918.58000000 3567.38000000
v 5308.59000000 6891.46000000 3531.54000000
v 6287.94000000 5448.70000000 3521.99000000
v 6232.75000000 5489.73000000 3522.39000000
v 6558.32000000 5510.95000000 3554.76000000
v 6231.57000000 5504.15000000 3527.11000000
v 6405.15000000 5584.02000000 3549.35000000
v 6479.40000000 5624.63000000 3542.86000000
v 6663.67000000 5634.81000000 3533.82000000
v 5784.29000000 5666.82000000 3524.88000000
v 5705.23000000 5728.25000000 3523.03000000
v 5723.52000000 5784.23000000 3514.37000000
v 5860.51000000 5695.17000000 3533.58000000
v 5856.78000000 5646.56000000 3535.14000000
v 6594.40000000 5703.11000000 3565.85000000
v 5764.64000000 5825.83000000 3518.00000000
v 5819.12000000 5844.15000000 3534.55000000
v 5688.34000000 5821.29000000 3514.37000000
v 5653.62000000 5821.12000000 3524.18000000
v 5768.12000000 5936.36000000 3524.46000000
v 5717.15000000 5957.32000000 3515.35000000
v 5567.98000000 5973.35000000 3522.19000000
v 5442.23000000 6091.55000000 3536.50000000
v 5482.36000000 6089.92000000 3519.52000000
v 5707.79000000 6050.81000000 3526.66000000
v 5414.23000000 6181.19000000 3518.83000000
v 5657.27000000 6142.07000000 3531.38000000
v 5707.69000000 6116.47000000 3550.57000000
v 5453.82000000 6210.30000000 3512.20000000
v 5599.75000000 6196.05000000 3539.85000000
v 5346.24000000 6252.60000000 3518.38000000
v 5372.67000000 6267.06000000 3511.29000000
v 5508.89000000 6222.24000000 3524.00000000
v 5405.12000000 6296.13000000 3516.30000000
v 4315.06000000 6298.44000000 3554.34000000
v 5323.01000000 6229.58000000 3536.86000000
v 4447.11000000 6348.04000000 3509.31000000
v 4180.87000000 6328.36000000 3550.05000000
v 5385.80000000 6361.71000000 3533.34000000
v 4547.83000000 6402.68000000 3510.40000000
v 5125.13000000 6375.26000000 3570.55000000
v 4196.74000000 6417.41000000 3544.30000000
v 4147.36000000 6364.88000000 3562.39000000
v 4629.37000000 6461.88000000 3545.68000000
v 4293.26000000 6510.45000000 3543.17000000
v 4815.47000000 6857.76000000 3599.06000000
v 5059.98000000 6899.94000000 3575.93000000
v 6411.96000000 5448.71000000 3538.16000000
v 6224.31000000 5479.21000000 3546.28000000
v 6171.06000000 5524.80000000 3564.29000000
v 6216.80000000 5553.84000000 3569.37000000
v 6311.13000000 5568.87000000 3566.13000000
v 6662.47000000 5627.01000000 3557.63000000
v 5864.11000000 5612.38000000 3550.81000000
v 5896.43000000 5636.90000000 3548.20000000
v 5960.15000000 5606.70000000 3569.67000000
v 5778.83000000 5610.19000000 3553.47000000
v 5702.63000000 5645.70000000 3552.53000000
v 5656.33000000 5737.79000000 3543.61000000
v 6480.72000000 5706.02000000 3602.38000000
v 6638.35000000 5673.32000000 3558.18000000
v 5889.51000000 5770.51000000 3571.49000000
v 5931.77000000 5698.26000000 3576.13000000
v 5573.32000000 5844.44000000 3559.45000000
v 5869.91000000 5860.69000000 3578.82000000
v 5824.35000000 5963.23000000 3577.68000000
v 5484.21000000 5997.22000000 3557.36000000
v 5785.97000000 6068.54000000 3599.69000000
v 5667.85000000 6160.48000000 3557.07000000
v 5536.94000000 6248.23000000 3554.66000000
v 5449.69000000 6298.61000000 3544.30000000
v 4354.93000000 6315.73000000 3549.09000000
v 5205.40000000 6300.93000000 3587.11000000
v 5415.22000000 6356.12000000 3582.17000000
v 4147.49000000 6341.92000000 3563.57000000
v 4513.61000000 6463.19000000 3585.85000000
v 5366.85000000 6428.08000000 3583.06000000
v 4736.61000000 6480.93000000 3559.49000000
v 4639.67000000 6510.89000000 3620.25000000
v 5318.52000000 6658.02000000 3560.93000000
v 4640.19000000 6806.39000000 3629.79000000
v 4934.56000000 6868.13000000 3564.85000000
v 5329.38000000 6891.02000000 3565.06000000
v 5285.26000000 6921.47000000 3577.87000000
v 6232.22000000 5469.78000000 3578.95000000
v 6118.01000000 5514.03000000 3609.67000000
v 6609.99000000 5562.70000000 3569.72000000
v 6073.65000000 5557.22000000 3583.61000000
v 6110.31000000 5565.52000000 3580.94000000
v 5812.65000000 5580.81000000 3578.64000000
v 5713.53000000 5580.35000000 3595.72000000
v 5942.58000000 5568.86000000 3595.79000000
v 6648.25000000 5602.70000000 3568.91000000
v 5648.19000000 5603.63000000 3602.27000000
v 6218.88000000 5629.18000000 3632.65000000
v 5962.50000000 5642.87000000 3571.61000000
v 6043.56000000 5600.62000000 3583.41000000
v 5614.84000000 5708.05000000 3584.40000000
v 5997.41000000 5678.45000000 3607.19000000
v 6545.61000000 5725.43000000 3590.22000000
v 5894.57000000 5908.85000000 3617.45000000
v 5368.18000000 6106.10000000 3588.03000000
v 5861.20000000 6026.76000000 3643.73000000
v 5741.01000000 6132.72000000 3616.49000000
v 5274.35000000 6224.67000000 3587.40000000
v 5646.85000000 6194.66000000 3602.79000000
v 4218.30000000 6276.88000000 3591.30000000
v 4265.92000000 6282.56000000 3583.13000000
v 5220.91000000 6257.48000000 3622.23000000
v 5546.10000000 6261.90000000 3604.87000000
v 4138.10000000 6278.19000000 3616.50000000
v 5481.17000000 6303.18000000 3594.93000000
v 4444.29000000 6376.72000000 3545.14000000
v 4364.55000000 6349.74000000 3579.86000000
v 4101.84000000 6366.10000000 3599.81000000
v 4095.93000000 6413.82000000 3638.59000000
v 5026.77000000 6423.70000000 3622.45000000
v 4907.48000000 6468.92000000 3572.10000000
v 4185.99000000 6490.60000000 3627.06000000
v 4816.60000000 6487.53000000 3593.18000000
v 5326.46000000 6748.49000000 3582.19000000
v 4416.55000000 6681.07000000 3627.55000000
v 5335.43000000 6807.41000000 3597.20000000
v 6267.59000000 5466.00000000 3587.05000000
v 6216.18000000 5475.49000000 3613.84000000
v 6312.33000000 5481.71000000 3625.41000000
v 6144.58000000 5488.14000000 3668.04000000
v 6087.72000000 5537.94000000 3598.23000000
v 5797.38000000 5534.80000000 3650.38000000
v 6035.31000000 5550.27000000 3602.23000000
v 5659.96000000 5563.48000000 3626.58000000
v 6026.76000000 5580.11000000 3584.42000000
v 6131.01000000 5601.68000000 3603.10000000
v 6055.09000000 5644.44000000 3613.75000000
v 6328.37000000 5647.95000000 3629.72000000
v 6417.71000000 5651.66000000 3595.81000000
v 5968.43000000 5738.82000000 3619.29000000
v 5511.31000000 5819.73000000 3619.20000000
v 6559.57000000 5808.63000000 3668.88000000
v 5927.27000000 5834.33000000 3619.07000000
v 5465.37000000 5951.45000000 3593.98000000
v 4283.12000000 6291.73000000 3599.01000000
v 4115.45000000 6316.98000000 3596.06000000
v 4112.62000000 6343.89000000 3589.62000000
v 5110.05000000 6348.69000000 3652.47000000
v 4438.22000000 6417.38000000 3587.60000000
v 4961.17000000 6455.28000000 3598.59000000
v 4732.52000000 6508.04000000 3623.62000000
v 5337.67000000 6500.56000000 3611.19000000
v 5313.44000000 6581.50000000 3643.31000000
v 5319.65000000 6914.09000000 3592.71000000
v 6436.14000000 5511.97000000 3616.03000000
v 6019.19000000 5539.56000000 3620.61000000
v 5936.49000000 5532.49000000 3664.60000000
v 5565.30000000 5650.83000000 3653.42000000
v 6127.84000000 5651.95000000 3639.71000000
v 6061.79000000 5704.65000000 3647.63000000
v 6645.23000000 5670.02000000 3588.54000000
v 6390.05000000 5714.09000000 3647.08000000
v 6624.57000000 5733.15000000 3650.49000000
v 6505.36000000 5788.72000000 3654.85000000
v 6598.57000000 5768.24000000 3651.97000000
v 5909.33000000 5975.31000000 3652.49000000
v 5408.19000000 5952.74000000 3648.38000000
v 5803.29000000 6100.97000000 3655.31000000
v 5239.27000000 6201.55000000 3661.76000000
v 5742.37000000 6152.82000000 3667.76000000
v 4158.96000000 6244.58000000 3661.15000000
v 4068.26000000 6293.01000000 3637.36000000
v 4060.92000000 6323.29000000 3631.68000000
v 5530.92000000 6289.17000000 3708.39000000
v 5450.29000000 6344.57000000 3652.63000000
v 4319.13000000 6404.76000000 3671.85000000
v 5053.38000000 6388.80000000 3678.77000000
v 4098.55000000 6497.16000000 3733.09000000
v 4551.74000000 6498.63000000 3620.71000000
v 4254.21000000 6580.95000000 3670.73000000
v 5299.04000000 6695.06000000 3661.74000000
v 4466.32000000 6761.30000000 3712.82000000
v 5339.28000000 6871.78000000 3679.87000000
v 5333.33000000 6905.64000000 3640.39000000
v 5058.48000000 6940.35000000 3684.56000000
v 5215.52000000 6944.62000000 3651.62000000
v 5301.09000000 6933.02000000 3663.85000000
v 6221.30000000 5482.15000000 3659.61000000
v 5667.61000000 5518.65000000 3680.03000000
v 5618.22000000 5561.51000000 3662.88000000
v 6036.62000000 5512.12000000 3684.17000000
v 6528.21000000 5564.26000000 3624.07000000
v 6438.78000000 5764.69000000 3657.74000000
v 5859.84000000 6070.92000000 3682.31000000
v 5303.25000000 6067.19000000 3693.63000000
v 5622.91000000 6222.14000000 3671.19000000
v 5697.09000000 6178.49000000 3717.36000000
v 4214.25000000 6262.16000000 3636.17000000
v 4012.83000000 6290.15000000 3671.98000000
v 4260.76000000 6316.77000000 3658.17000000
v 5144.70000000 6285.40000000 3697.23000000
v 4007.11000000 6314.15000000 3669.69000000
v 4016.83000000 6340.70000000 3670.94000000
v 5402.88000000 6392.77000000 3668.67000000
v 4941.94000000 6460.02000000 3706.06000000
v 4874.28000000 6484.33000000 3654.27000000
v 5366.00000000 6442.55000000 3685.89000000
v 4438.19000000 6484.27000000 3668.02000000
v 5318.74000000 6796.34000000 3675.41000000
v 4899.50000000 6904.33000000 3667.94000000
v 5861.38000000 5509.35000000 3732.19000000
v 5784.80000000 5499.03000000 3718.31000000
v 5566.03000000 5549.52000000 3715.28000000
v 6579.24000000 5634.53000000 3659.13000000
v 6627.78000000 5683.61000000 3639.70000000
v 5459.02000000 5769.08000000 3704.57000000
v 6020.19000000 5824.88000000 3667.07000000
v 6445.75000000 5832.49000000 3711.07000000
v 5961.96000000 5910.13000000 3660.70000000
v 6020.15000000 5958.72000000 3705.32000000
v 5833.43000000 6110.32000000 3708.00000000
v 4069.44000000 6229.41000000 3711.23000000
v 4030.30000000 6264.00000000 3686.19000000
v 4219.65000000 6269.02000000 3660.63000000
v 4786.22000000 6507.75000000 3654.08000000
v 4698.51000000 6526.96000000 3698.44000000
v 4558.93000000 6812.17000000 3713.38000000
v 5239.27000000 6955.75000000 3754.74000000
v 5596.37000000 5498.72000000 3740.81000000
v 5958.54000000 5506.19000000 3745.22000000
v 5509.27000000 5595.10000000 3764.42000000
v 6153.27000000 5684.00000000 3662.79000000
v 6247.33000000 5714.35000000 3677.28000000
v 6327.93000000 5716.04000000 3665.43000000
v 6121.79000000 5775.77000000 3681.43000000
v 6064.09000000 5836.29000000 3683.31000000
v 6349.52000000 5774.46000000 3692.37000000
v 6583.12000000 5833.30000000 3715.21000000
v 6103.82000000 5846.41000000 3695.05000000
v 6514.56000000 5864.48000000 3729.66000000
v 6558.50000000 5870.32000000 3751.80000000
v 6049.47000000 5888.25000000 3689.87000000
v 5936.42000000 6021.09000000 3701.48000000
v 5363.56000000 5914.22000000 3728.83000000
v 5214.27000000 6133.30000000 3759.78000000
v 4114.64000000 6225.34000000 3707.45000000
v 4152.70000000 6238.66000000 3694.45000000
v 3969.23000000 6267.73000000 3716.42000000
v 3976.30000000 6295.95000000 3702.67000000
v 4129.11000000 6257.81000000 3762.13000000
v 4183.47000000 6329.85000000 3751.94000000
v 5049.54000000 6353.13000000 3760.30000000
v 5457.20000000 6349.19000000 3732.69000000
v 3997.78000000 6400.97000000 3748.76000000
v 4550.77000000 6534.30000000 3727.66000000
v 5284.05000000 6624.39000000 3710.03000000
v 5284.39000000 6566.81000000 3777.19000000
v 5263.41000000 6670.51000000 3746.78000000
v 5261.17000000 6723.25000000 3764.80000000
v 5291.14000000 6774.61000000 3744.97000000
v 4692.10000000 6865.01000000 3729.12000000
v 5328.41000000 6924.26000000 3747.13000000
v 5128.10000000 6955.99000000 3753.11000000
v 5623.76000000 5450.09000000 3788.20000000
v 5717.35000000 5477.82000000 3747.23000000
v 6018.35000000 5488.07000000 3788.00000000
v 6096.56000000 5482.69000000 3781.63000000
v 6161.18000000 5486.51000000 3736.39000000
v 6214.33000000 5495.89000000 3753.61000000
v 6327.60000000 5531.97000000 3722.03000000
v 6461.33000000 5597.34000000 3712.89000000
v 5443.63000000 5630.50000000 3843.60000000
v 6605.26000000 5725.45000000 3734.22000000
v 6616.56000000 5764.38000000 3720.15000000
v 6219.65000000 5811.02000000 3706.49000000
v 6605.81000000 5798.79000000 3717.16000000
v 6318.27000000 5831.21000000 3733.94000000
v 6136.16000000 5881.72000000 3715.15000000
v 6392.79000000 5852.73000000 3744.66000000
v 6046.34000000 6002.17000000 3754.57000000
v 5158.53000000 6210.47000000 3763.85000000
v 5634.42000000 6222.07000000 3803.25000000
v 3929.54000000 6310.52000000 3763.36000000
v 4278.10000000 6461.14000000 3770.65000000
v 4827.30000000 6502.95000000 3786.57000000
v 4341.69000000 6506.57000000 3777.80000000
v 4785.36000000 6512.98000000 3715.97000000
v 4413.15000000 6534.88000000 3789.97000000
v 5332.63000000 6492.10000000 3758.28000000
v 4303.22000000 6682.46000000 3763.75000000
v 5333.61000000 6905.50000000 3717.90000000
v 5790.65000000 5478.60000000 3784.73000000
v 5533.07000000 5475.22000000 3836.57000000
v 6230.14000000 5527.66000000 3837.86000000
v 6540.20000000 5679.74000000 3753.87000000
v 6607.64000000 5821.60000000 3780.49000000
v 5369.06000000 5796.52000000 3813.65000000
v 6255.30000000 5885.10000000 3765.43000000
v 6148.33000000 5939.63000000 3761.08000000
v 5948.70000000 6056.95000000 3747.15000000
v 4089.67000000 6216.49000000 3739.80000000
v 5803.16000000 6140.44000000 3787.76000000
v 3950.96000000 6234.36000000 3773.03000000
v 3942.44000000 6273.28000000 3748.68000000
v 4159.53000000 6387.22000000 3828.08000000
v 4979.61000000 6414.22000000 3772.10000000
v 5409.63000000 6396.67000000 3810.68000000
v 4316.40000000 6756.76000000 3889.38000000
v 5299.84000000 6845.43000000 3810.28000000
v 4834.43000000 6925.46000000 3780.55000000
v 4933.77000000 6934.47000000 3744.11000000
v 5295.18000000 6939.92000000 3824.07000000
v 5571.02000000 5439.05000000 3838.96000000
v 6319.80000000 5583.06000000 3826.49000000
v 6576.44000000 5730.59000000 3792.24000000
v 6528.88000000 5708.88000000 3808.69000000
v 6354.20000000 5890.32000000 3785.39000000
v 6586.70000000 5850.43000000 3770.50000000
v 6448.86000000 5902.08000000 3787.37000000
v 6517.52000000 5901.80000000 3785.10000000
v 5248.04000000 5973.06000000 3848.42000000
v 4000.83000000 6204.33000000 3797.85000000
v 4087.37000000 6221.26000000 3770.61000000
v 4024.76000000 6202.95000000 3818.93000000
v 5710.36000000 6180.68000000 3858.38000000
v 4085.25000000 6286.67000000 3837.20000000
v 4075.72000000 6322.28000000 3877.91000000
v 5073.55000000 6263.12000000 3839.24000000
v 3888.18000000 6259.63000000 3811.25000000
v 5500.17000000 6321.58000000 3823.65000000
v 4878.00000000 6463.47000000 3842.22000000
v 4719.85000000 6533.64000000 3804.35000000
v 4632.22000000 6549.20000000 3807.45000000
v 4130.77000000 6591.90000000 3833.37000000
v 5250.27000000 6626.77000000 3811.82000000
v 4484.32000000 6814.38000000 3826.28000000
v 4703.36000000 6896.78000000 3829.30000000
v 5652.36000000 5425.76000000 3830.98000000
v 5741.21000000 5434.61000000 3873.05000000
v 5858.74000000 5473.76000000 3851.86000000
v 6607.49000000 5784.02000000 3780.98000000
v 6311.35000000 5911.17000000 3812.04000000
v 6263.73000000 5933.94000000 3821.35000000
v 6158.60000000 5978.28000000 3810.49000000
v 6498.14000000 5926.14000000 3818.02000000
v 6061.44000000 6028.40000000 3804.90000000
v 3887.03000000 6361.18000000 3868.07000000
v 3975.35000000 6473.82000000 3882.53000000
v 4306.26000000 6539.07000000 3888.60000000
v 4451.97000000 6568.70000000 3870.18000000
v 5224.95000000 6698.43000000 3852.34000000
v 5253.03000000 6772.42000000 3830.80000000
v 5323.25000000 6899.80000000 3791.61000000
v 4576.79000000 6857.76000000 3865.67000000
v 5311.82000000 6920.51000000 3845.19000000
v 4980.37000000 6949.83000000 3828.62000000
v 5125.34000000 6961.09000000 3846.19000000
v 5208.26000000 6953.78000000 3882.61000000
v 6118.19000000 5483.73000000 3837.62000000
v 5925.71000000 5488.21000000 3808.52000000
v 5462.82000000 5483.80000000 3952.03000000
v 6447.70000000 5664.38000000 3818.72000000
v 5375.70000000 5693.10000000 3894.79000000
v 6590.81000000 5774.91000000 3811.97000000
v 6587.44000000 5862.43000000 3814.51000000
v 6542.19000000 5896.82000000 3817.16000000
v 6447.42000000 5932.44000000 3837.30000000
v 6149.29000000 6002.20000000 3848.54000000
v 5944.67000000 6086.70000000 3807.69000000
v 3931.37000000 6181.89000000 3887.20000000
v 3984.36000000 6194.61000000 3847.67000000
v 5779.55000000 6157.94000000 3875.11000000
v 5830.22000000 6145.25000000 3866.14000000
v 3862.27000000 6230.07000000 3851.80000000
v 3840.99000000 6278.60000000 3868.14000000
v 3850.33000000 6253.68000000 3853.95000000
v 5564.05000000 6272.62000000 3860.72000000
v 4538.61000000 6569.20000000 3874.31000000
v 4667.80000000 6549.36000000 3863.11000000
v 5228.11000000 6592.57000000 3919.81000000
v 5595.15000000 5393.93000000 3898.27000000
v 5806.80000000 5455.42000000 3869.98000000
v 6128.59000000 5497.71000000 3900.77000000
v 6230.15000000 5552.01000000 3889.60000000
v 6514.71000000 5737.93000000 3844.04000000
v 6587.82000000 5834.09000000 3825.52000000
v 6372.24000000 5922.73000000 3828.41000000
v 6222.23000000 5971.31000000 3868.15000000
v 5144.51000000 6128.26000000 3863.38000000
v 5883.99000000 6125.22000000 3869.47000000
v 3880.99000000 6198.27000000 3881.98000000
v 3998.91000000 6207.85000000 3881.38000000
v 4993.19000000 6349.16000000 3867.54000000
v 4159.74000000 6447.86000000 3894.03000000
v 4242.24000000 6499.99000000 3884.13000000
v 4367.33000000 6562.90000000 3905.21000000
v 5265.14000000 6536.22000000 3925.18000000
v 5293.56000000 6900.41000000 3908.58000000
v 4626.66000000 6883.26000000 3927.23000000
v 4780.85000000 6919.60000000 3930.66000000
v 5663.24000000 5382.83000000 3939.97000000
v 5534.26000000 5393.60000000 3938.89000000
v 6028.63000000 5474.65000000 3876.67000000
v 5503.71000000 5427.95000000 3938.55000000
v 5305.43000000 5758.72000000 3949.83000000
v 6560.99000000 5878.68000000 3841.65000000
v 6417.86000000 5937.03000000 3865.68000000
v 6480.89000000 5926.75000000 3848.22000000
v 6060.00000000 6047.04000000 3856.59000000
v 5974.14000000 6087.89000000 3878.11000000
v 5827.56000000 6146.42000000 3921.69000000
v 4017.85000000 6244.63000000 3891.75000000
v 3815.87000000 6236.73000000 3896.18000000
v 3783.55000000 6287.07000000 3959.50000000
v 4910.08000000 6400.88000000 3920.38000000
v 4794.31000000 6498.06000000 3910.41000000
v 5327.03000000 6462.66000000 3939.77000000
v 4691.22000000 6541.08000000 3938.97000000
v 4599.17000000 6566.07000000 3915.78000000
v 4212.16000000 6686.05000000 3893.13000000
v 5207.45000000 6647.04000000 3915.18000000
v 5240.55000000 6823.60000000 3920.18000000
v 4463.58000000 6832.03000000 3924.84000000
v 5938.17000000 5469.66000000 3878.25000000
v 6230.76000000 5577.99000000 3926.30000000
v 6334.07000000 5642.49000000 3886.51000000
v 6417.94000000 5699.37000000 3872.79000000
v 6555.26000000 5806.98000000 3856.40000000
v 6514.13000000 5903.57000000 3866.65000000
v 6324.92000000 5939.85000000 3868.41000000
v 6135.68000000 6014.29000000 3879.74000000
v 3952.20000000 6188.01000000 3902.13000000
v 3811.22000000 6209.82000000 3918.60000000
v 5616.30000000 6236.15000000 3951.49000000
v 5013.63000000 6223.31000000 3979.81000000
v 3996.79000000 6330.57000000 3987.44000000
v 4819.19000000 6455.81000000 3973.64000000
v 4295.35000000 6569.35000000 3999.22000000
v 4006.28000000 6573.59000000 3985.15000000
v 4375.76000000 6584.05000000 3986.08000000
v 4458.35000000 6589.56000000 4067.22000000
v 5189.64000000 6766.93000000 3961.69000000
v 4379.42000000 6812.05000000 3986.81000000
v 5252.25000000 6862.27000000 3946.73000000
v 5246.85000000 6941.17000000 3938.65000000
v 5274.21000000 6924.14000000 3933.73000000
v 5036.33000000 6961.92000000 3925.17000000
v 5108.79000000 6957.10000000 3946.16000000
v 5734.63000000 5390.87000000 3984.81000000
v 5845.81000000 5442.55000000 3944.57000000
v 6019.08000000 5475.04000000 3951.04000000
v 5386.05000000 5593.44000000 3983.96000000
v 6148.59000000 5532.50000000 3955.18000000
v 6465.00000000 5762.82000000 3889.70000000
v 6514.67000000 5785.01000000 3873.07000000
v 6543.29000000 5857.49000000 3864.18000000
v 5217.71000000 5865.62000000 3998.21000000
v 6291.54000000 5949.39000000 3902.79000000
v 6391.75000000 5934.57000000 3888.88000000
v 6455.63000000 5924.28000000 3872.84000000
v 6156.52000000 6000.35000000 3921.76000000
v 5127.59000000 5994.50000000 4028.08000000
v 6045.86000000 6055.95000000 3906.58000000
v 5920.07000000 6108.85000000 3934.46000000
v 3874.04000000 6168.31000000 3969.44000000
v 5081.33000000 6136.14000000 3955.09000000
v 3783.42000000 6217.63000000 3937.43000000
v 3771.95000000 6228.62000000 3952.40000000
v 3989.83000000 6275.08000000 3953.69000000
v 3839.92000000 6386.37000000 3988.11000000
v 4039.04000000 6392.59000000 3998.08000000
v 5474.40000000 6335.27000000 3941.36000000
v 5392.28000000 6399.96000000 3946.77000000
v 4510.28000000 6850.63000000 4003.98000000
v 4903.33000000 6945.72000000 4011.29000000
v 5945.86000000 5462.19000000 3928.70000000
v 6238.00000000 5626.00000000 3966.39000000
v 6350.52000000 5733.59000000 3927.76000000
v 6490.60000000 5824.17000000 3889.44000000
v 6464.72000000 5879.49000000 3896.74000000
v 6427.66000000 5910.78000000 3894.70000000
v 3842.91000000 6168.59000000 3960.73000000
v 3790.08000000 6175.92000000 3972.33000000
v 5739.12000000 6175.57000000 3957.95000000
v 4942.90000000 6283.25000000 4028.84000000
v 4110.40000000 6480.52000000 4037.58000000
v 4212.97000000 6533.50000000 4013.82000000
v 4533.76000000 6580.06000000 3976.04000000
v 4115.47000000 6657.91000000 3981.85000000
v 5168.81000000 6695.30000000 3994.90000000
v 4204.23000000 6724.04000000 3987.85000000
v 5561.58000000 5346.06000000 3994.00000000
v 5602.68000000 5339.69000000 4006.13000000
v 5489.28000000 5374.87000000 4037.38000000
v 5322.96000000 5643.55000000 4040.96000000
v 6225.71000000 5667.58000000 4000.37000000
v 6428.59000000 5795.79000000 3908.07000000
v 6392.70000000 5825.30000000 3922.41000000
v 6352.35000000 5898.76000000 3926.34000000
v 5241.40000000 5748.26000000 4083.97000000
v 6344.41000000 5928.31000000 3908.21000000
v 6245.26000000 5952.37000000 3934.54000000
v 6002.83000000 6064.13000000 3964.03000000
v 3760.49000000 6192.84000000 3977.20000000
v 3882.10000000 6174.71000000 3995.85000000
v 3922.43000000 6222.59000000 3996.05000000
v 3715.58000000 6223.96000000 4020.20000000
v 4063.32000000 6433.90000000 4023.97000000
v 3895.06000000 6493.68000000 4056.82000000
v 4746.07000000 6507.10000000 3989.35000000
v 5141.33000000 6742.87000000 4052.35000000
v 5233.75000000 6928.04000000 4005.33000000
v 5144.91000000 6937.56000000 4030.25000000
v 5655.91000000 5343.87000000 4028.01000000
v 5934.13000000 5458.58000000 3979.15000000
v 6159.32000000 5569.10000000 3994.78000000
v 5289.22000000 5695.48000000 4049.42000000
v 6255.08000000 5758.66000000 3990.59000000
v 6329.22000000 5795.86000000 3949.07000000
v 6297.77000000 5847.41000000 3956.70000000
v 6220.76000000 5918.34000000 3971.46000000
v 6106.06000000 5994.42000000 3979.40000000
v 5045.72000000 6095.53000000 4064.33000000
v 3819.46000000 6152.95000000 4009.98000000
v 5818.19000000 6145.59000000 3971.12000000
v 3706.40000000 6191.88000000 4030.39000000
v 4688.91000000 6529.56000000 4062.40000000
v 5191.40000000 6589.22000000 4060.13000000
v 5252.00000000 6510.09000000 4088.29000000
v 4558.00000000 6577.17000000 4074.45000000
v 4029.52000000 6637.84000000 4081.42000000
v 5183.10000000 6638.84000000 4002.80000000
v 5223.83000000 6880.75000000 4024.60000000
v 4659.83000000 6886.88000000 4144.68000000
v 4784.81000000 6920.97000000 4097.65000000
v 5248.55000000 6923.97000000 3999.18000000
v 5024.24000000 6946.51000000 4037.54000000
v 6027.23000000 5494.19000000 4011.28000000
v 6227.26000000 5836.08000000 3992.76000000
v 6154.28000000 5862.42000000 4028.16000000
v 6115.44000000 5939.26000000 4017.76000000
v 5936.54000000 6062.01000000 4034.94000000
v 5835.75000000 6120.59000000 4020.41000000
v 3713.32000000 6163.84000000 4043.19000000
v 3772.51000000 6149.48000000 4031.83000000
v 3833.82000000 6155.47000000 4017.07000000
v 3715.89000000 6286.20000000 4073.85000000
v 4847.52000000 6369.75000000 4072.19000000
v 4243.90000000 6766.23000000 4055.21000000
v 5246.47000000 6914.12000000 3996.04000000
v 5530.04000000 5339.29000000 4036.46000000
v 5718.86000000 5367.39000000 4057.52000000
v 5791.49000000 5409.51000000 4021.18000000
v 5868.23000000 5440.15000000 4024.60000000
v 5944.75000000 5464.77000000 4010.19000000
v 5411.00000000 5491.68000000 4047.81000000
v 6129.49000000 5602.65000000 4046.36000000
v 6164.90000000 5686.82000000 4047.15000000
v 6169.56000000 5772.84000000 4040.79000000
v 3798.51000000 6145.34000000 4042.20000000
v 5750.01000000 6158.75000000 4026.87000000
v 5365.49000000 6408.61000000 4066.36000000
v 4746.82000000 6470.98000000 4094.29000000
v 4620.45000000 6555.99000000 4132.03000000
v 4297.99000000 6586.49000000 4084.84000000
v 4336.89000000 6594.17000000 4218.22000000
v 5131.53000000 6712.44000000 4078.99000000
v 4102.15000000 6696.20000000 4117.59000000
v 5136.13000000 6783.47000000 4085.09000000
v 5185.41000000 6830.65000000 4034.95000000
v 5558.79000000 5316.24000000 4060.14000000
v 5601.01000000 5316.04000000 4065.55000000
v 5430.05000000 5422.70000000 4112.19000000
v 6075.91000000 5541.55000000 4035.48000000
v 5368.07000000 5543.32000000 4081.62000000
v 5169.64000000 5847.33000000 4123.84000000
v 6014.03000000 5996.75000000 4042.38000000
v 5929.93000000 6036.81000000 4067.57000000
v 3687.68000000 6133.17000000 4105.16000000
v 3753.87000000 6135.87000000 4097.74000000
v 3806.31000000 6153.92000000 4067.66000000
v 3657.26000000 6172.34000000 4082.12000000
v 4984.99000000 6127.87000000 4141.67000000
v 3643.69000000 6199.51000000 4104.46000000
v 5640.78000000 6212.67000000 4050.08000000
v 5501.52000000 6302.84000000 4063.22000000
v 4903.00000000 6217.62000000 4173.75000000
v 3763.32000000 6393.10000000 4146.72000000
v 3962.95000000 6407.00000000 4154.87000000
v 4190.01000000 6558.85000000 4155.62000000
v 3929.32000000 6572.89000000 4142.99000000
v 5142.34000000 6661.27000000 4108.51000000
v 4393.67000000 6832.91000000 4142.91000000
v 4497.04000000 6851.18000000 4201.50000000
v 5228.47000000 6918.44000000 4025.96000000
v 4844.93000000 6930.79000000 4152.58000000
v 5640.66000000 5325.38000000 4090.77000000
v 5515.13000000 5316.95000000 4108.90000000
v 5477.20000000 5347.47000000 4128.14000000
v 5785.27000000 5411.22000000 4080.70000000
v 5698.67000000 5359.13000000 4103.27000000
v 5902.28000000 5461.73000000 4058.44000000
v 5306.86000000 5621.58000000 4114.16000000
v 6096.46000000 5803.96000000 4079.13000000
v 6027.03000000 5916.45000000 4075.55000000
v 5853.74000000 6060.60000000 4094.99000000
v 3645.52000000 6149.16000000 4112.62000000
v 5786.38000000 6104.45000000 4096.10000000
v 3821.49000000 6197.98000000 4114.99000000
v 5668.38000000 6173.94000000 4117.14000000
v 3887.44000000 6278.09000000 4101.97000000
v 3938.10000000 6347.94000000 4108.57000000
v 4764.43000000 6388.80000000 4218.65000000
v 3989.52000000 6468.35000000 4249.26000000
v 4102.98000000 6510.24000000 4155.17000000
v 4293.49000000 6803.46000000 4178.25000000
v 5202.49000000 6897.12000000 4058.47000000
v 5176.30000000 6906.92000000 4077.76000000
v 4933.30000000 6935.54000000 4129.73000000
v 5570.80000000 5305.49000000 4117.32000000
v 5936.11000000 5500.64000000 4088.16000000
v 6113.07000000 5719.76000000 4081.86000000
v 5090.64000000 5926.54000000 4186.02000000
v 5049.12000000 6023.12000000 4147.75000000
v 5924.89000000 5999.36000000 4092.85000000
v 3635.98000000 6130.92000000 4143.33000000
v 3765.24000000 6153.26000000 4144.92000000
v 3608.35000000 6162.97000000 4143.36000000
v 3620.16000000 6237.98000000 4167.19000000
v 4664.04000000 6512.22000000 4205.84000000
v 4549.60000000 6577.86000000 4228.34000000
v 3972.10000000 6635.82000000 4218.28000000
v 5100.18000000 6735.22000000 4158.69000000
v 5092.44000000 6806.76000000 4183.54000000
v 5145.11000000 6890.40000000 4133.60000000
v 5157.37000000 6865.27000000 4108.13000000
v 5490.73000000 5320.78000000 4176.83000000
v 5625.21000000 5325.50000000 4143.71000000
v 5705.24000000 5382.66000000 4139.42000000
v 5805.95000000 5450.40000000 4121.66000000
v 6000.46000000 5559.46000000 4100.19000000
v 6053.24000000 5640.13000000 4106.37000000
v 5252.95000000 5677.48000000 4169.93000000
v 5199.86000000 5757.63000000 4185.57000000
v 5989.31000000 5833.73000000 4123.61000000
v 5885.15000000 5953.44000000 4132.76000000
v 3641.11000000 6118.96000000 4178.52000000
v 3699.92000000 6122.89000000 4147.92000000
v 3597.63000000 6139.44000000 4188.25000000
v 3698.60000000 6133.85000000 4218.82000000
v 5778.48000000 6073.21000000 4133.28000000
v 3571.85000000 6186.97000000 4206.42000000
v 5522.07000000 6266.63000000 4157.51000000
v 3659.46000000 6305.29000000 4194.22000000
v 4837.36000000 6282.33000000 4210.62000000
v 4715.43000000 6456.67000000 4209.33000000
v 3787.05000000 6483.21000000 4268.64000000
v 4238.42000000 6586.17000000 4265.42000000
v 4374.47000000 6595.62000000 4380.11000000
v 4483.36000000 6587.12000000 4262.15000000
v 5129.01000000 6902.45000000 4146.15000000
v 5092.52000000 6910.27000000 4169.33000000
v 5005.17000000 6924.92000000 4175.19000000
v 5528.86000000 5305.41000000 4158.30000000
v 5557.91000000 5306.12000000 4168.32000000
v 5880.92000000 5525.61000000 4143.35000000
v 5369.14000000 5502.11000000 4158.70000000
v 5974.44000000 5583.41000000 4127.31000000
v 5292.50000000 5602.07000000 4224.92000000
v 6041.82000000 5733.56000000 4115.68000000
v 5833.37000000 6028.83000000 4125.21000000
v 5540.10000000 6228.10000000 4214.26000000
v 5391.31000000 6361.12000000 4186.61000000
v 5077.60000000 6767.78000000 4199.60000000
v 4155.27000000 6751.74000000 4270.65000000
v 4334.25000000 6825.53000000 4264.90000000
v 4779.74000000 6908.82000000 4242.64000000
v 5459.89000000 5360.89000000 4174.94000000
v 5623.53000000 5347.88000000 4188.12000000
v 5922.76000000 5597.39000000 4155.86000000
v 5952.76000000 5667.87000000 4155.32000000
v 5939.93000000 5754.97000000 4155.41000000
v 5879.91000000 5847.31000000 4160.23000000
v 5757.61000000 6027.83000000 4169.10000000
v 3662.95000000 6120.28000000 4217.65000000
v 3580.42000000 6158.97000000 4194.38000000
v 5686.77000000 6104.78000000 4176.81000000
v 5594.18000000 6171.57000000 4214.92000000
v 3586.33000000 6270.65000000 4278.43000000
v 3667.41000000 6369.01000000 4292.62000000
v 5268.87000000 6465.84000000 4203.70000000
v 4579.60000000 6553.62000000 4295.92000000
v 5155.93000000 6583.83000000 4206.36000000
v 5099.89000000 6667.69000000 4208.63000000
v 4410.17000000 6837.85000000 4253.38000000
v 5101.66000000 6895.12000000 4181.50000000
v 5522.77000000 5317.59000000 4200.77000000
v 5574.67000000 5321.23000000 4184.62000000
v 5416.89000000 5425.56000000 4201.21000000
v 5359.89000000 5508.07000000 4217.68000000
v 5721.00000000 5439.43000000 4178.38000000
v 5838.12000000 5619.36000000 4193.04000000
v 5836.47000000 5696.49000000 4193.59000000
v 5859.07000000 5775.66000000 4177.09000000
v 5121.58000000 5838.56000000 4256.03000000
v 5787.56000000 5806.71000000 4198.96000000
v 5797.51000000 5914.35000000 4177.31000000
v 3604.73000000 6124.45000000 4238.30000000
v 3565.76000000 6159.87000000 4224.28000000
v 3726.30000000 6193.67000000 4278.97000000
v 3799.54000000 6254.41000000 4221.42000000
v 5434.99000000 6297.36000000 4260.71000000
v 3849.36000000 6329.77000000 4246.79000000
v 4796.95000000 6262.98000000 4323.39000000
v 4890.04000000 6919.06000000 4250.02000000
v 5468.43000000 5375.61000000 4219.54000000
v 5629.03000000 5388.15000000 4212.28000000
v 5382.75000000 5486.13000000 4250.68000000
v 5792.68000000 5544.96000000 4187.98000000
v 5682.70000000 5469.84000000 4214.41000000
v 5330.79000000 5558.12000000 4261.63000000
v 5216.18000000 5688.70000000 4315.81000000
v 5201.01000000 5726.42000000 4252.58000000
v 5728.26000000 5888.95000000 4219.93000000
v 5712.71000000 5963.40000000 4218.46000000
v 5659.88000000 6035.91000000 4237.54000000
v 3568.13000000 6151.47000000 4283.19000000
v 3631.02000000 6120.87000000 4249.68000000
v 3640.62000000 6131.31000000 4291.87000000
v 4925.91000000 6082.87000000 4304.49000000
v 4850.78000000 6175.83000000 4324.35000000
v 3542.76000000 6222.28000000 4303.36000000
v 4038.78000000 6520.44000000 4348.06000000
v 4142.45000000 6564.64000000 4334.01000000
v 3984.06000000 6671.39000000 4340.96000000
v 5043.33000000 6694.08000000 4284.74000000
v 5042.24000000 6748.70000000 4258.95000000
v 4280.17000000 6805.46000000 4352.26000000
v 5100.34000000 6872.69000000 4184.92000000
v 5037.40000000 6851.99000000 4269.56000000
v 4590.24000000 6857.99000000 4378.68000000
v 4711.81000000 6885.70000000 4369.63000000
v 5015.66000000 6905.87000000 4258.94000000
v 5569.35000000 5347.74000000 4214.37000000
v 5421.91000000 5446.31000000 4246.39000000
v 5278.59000000 5621.50000000 4292.76000000
v 5680.32000000 5558.24000000 4237.59000000
v 5723.10000000 5709.81000000 4231.57000000
v 5651.64000000 5821.77000000 4277.15000000
v 5627.80000000 5969.01000000 4286.97000000
v 5029.02000000 5976.66000000 4254.35000000
v 5583.79000000 6124.05000000 4269.29000000
v 3554.92000000 6180.65000000 4267.10000000
v 5325.21000000 6391.19000000 4272.83000000
v 4670.65000000 6445.63000000 4351.46000000
v 3861.32000000 6577.36000000 4323.90000000
v 5073.45000000 6634.28000000 4298.62000000
v 5058.78000000 6887.16000000 4228.28000000
v 4951.60000000 6911.20000000 4292.51000000
v 5510.61000000 5379.49000000 4240.37000000
v 5586.63000000 5427.76000000 4239.02000000
v 5392.89000000 5503.57000000 4280.16000000
v 5607.81000000 5671.80000000 4284.62000000
v 3543.22000000 6218.89000000 4391.16000000
v 3756.88000000 6265.48000000 4334.92000000
v 5487.85000000 6215.47000000 4309.94000000
v 4724.54000000 6334.32000000 4394.17000000
v 3865.51000000 6399.61000000 4353.55000000
v 5236.31000000 6466.57000000 4294.28000000
v 4189.99000000 6584.60000000 4427.18000000
v 3901.11000000 6616.93000000 4351.40000000
v 4184.31000000 6771.26000000 4399.38000000
v 4464.72000000 6842.35000000 4321.21000000
v 5445.31000000 5452.62000000 4267.67000000
v 5510.34000000 5450.70000000 4268.93000000
v 5574.36000000 5487.48000000 4259.99000000
v 5355.93000000 5543.34000000 4283.18000000
v 5312.66000000 5598.23000000 4310.10000000
v 5542.53000000 5546.29000000 4283.76000000
v 5126.64000000 5801.27000000 4340.07000000
v 5591.52000000 5772.71000000 4311.63000000
v 5057.50000000 5892.00000000 4331.78000000
v 5557.67000000 6074.96000000 4329.67000000
v 3604.88000000 6136.67000000 4300.64000000
v 3655.76000000 6161.23000000 4343.55000000
v 3547.93000000 6281.37000000 4377.16000000
v 4517.37000000 6575.77000000 4339.77000000
v 4033.75000000 6712.68000000 4423.90000000
v 4110.95000000 6742.03000000 4399.48000000
v 4989.92000000 6794.14000000 4332.28000000
v 4384.12000000 6827.27000000 4341.32000000
v 5015.66000000 6882.09000000 4287.30000000
v 4882.85000000 6905.69000000 4353.68000000
v 5461.09000000 5516.19000000 4292.09000000
v 5379.87000000 5563.29000000 4313.16000000
v 5516.10000000 5653.94000000 4323.18000000
v 5259.74000000 5654.69000000 4336.41000000
v 5544.61000000 5858.65000000 4351.08000000
v 5549.48000000 5949.16000000 4355.87000000
v 5526.54000000 6032.55000000 4373.34000000
v 4963.57000000 5971.23000000 4398.19000000
v 3579.28000000 6157.52000000 4355.95000000
v 3565.07000000 6192.30000000 4406.56000000
v 5498.79000000 6151.89000000 4356.21000000
v 5304.01000000 6366.43000000 4367.27000000
v 3588.83000000 6339.44000000 4399.05000000
v 4597.13000000 6510.96000000 4389.40000000
v 4518.90000000 6551.33000000 4447.08000000
v 5158.19000000 6519.95000000 4343.59000000
v 4986.38000000 6860.02000000 4334.06000000
v 4973.71000000 6888.88000000 4324.77000000
v 5448.53000000 5607.91000000 4327.11000000
v 5391.90000000 5621.73000000 4346.51000000
v 5305.83000000 5634.76000000 4347.51000000
v 5208.23000000 5710.94000000 4363.74000000
v 5528.12000000 5758.86000000 4341.19000000
v 5154.78000000 5769.20000000 4382.03000000
v 4867.76000000 6059.63000000 4439.25000000
v 3664.98000000 6198.93000000 4413.74000000
v 3699.43000000 6247.97000000 4442.71000000
v 3534.40000000 6270.65000000 4429.14000000
v 4081.01000000 6550.78000000 4422.36000000
v 4272.18000000 6591.83000000 4402.83000000
v 4984.98000000 6714.43000000 4360.51000000
v 5032.79000000 6604.57000000 4415.00000000
v 4469.71000000 6833.98000000 4418.35000000
v 4808.83000000 6899.97000000 4360.81000000
v 5391.54000000 5670.87000000 4369.91000000
v 5437.84000000 5727.29000000 4371.70000000
v 5041.06000000 5883.33000000 4412.27000000
v 3611.02000000 6161.30000000 4368.96000000
v 4764.78000000 6194.33000000 4476.14000000
v 5401.36000000 6229.97000000 4410.13000000
v 3766.04000000 6326.27000000 4443.73000000
v 3651.45000000 6425.93000000 4455.29000000
v 3892.78000000 6456.37000000 4477.15000000
v 4108.90000000 6743.04000000 4496.11000000
v 4928.09000000 6839.05000000 4404.36000000
v 4559.58000000 6839.73000000 4521.55000000
v 4940.25000000 6870.55000000 4379.33000000
v 4837.38000000 6892.49000000 4430.57000000
v 4906.73000000 6887.54000000 4382.06000000
v 5322.26000000 5676.13000000 4382.14000000
v 5250.19000000 5695.01000000 4377.01000000
v 5187.44000000 5763.75000000 4416.27000000
v 5088.37000000 5841.38000000 4435.69000000
v 5461.45000000 5852.85000000 4396.80000000
v 5478.76000000 5944.41000000 4409.31000000
v 5451.73000000 6130.65000000 4419.34000000
v 3583.72000000 6198.86000000 4454.44000000
v 3533.69000000 6262.92000000 4469.17000000
v 3546.81000000 6321.70000000 4470.25000000
v 4655.56000000 6400.42000000 4468.86000000
v 3937.77000000 6499.25000000 4588.70000000
v 4600.42000000 6456.01000000 4496.78000000
v 3739.79000000 6507.70000000 4446.83000000
v 4124.29000000 6567.85000000 4472.59000000
v 3834.98000000 6597.42000000 4487.59000000
v 4451.83000000 6579.96000000 4417.01000000
v 4925.84000000 6742.41000000 4418.14000000
v 4374.79000000 6818.93000000 4459.52000000
v 5354.55000000 5748.06000000 4410.24000000
v 5133.42000000 5811.45000000 4436.56000000
v 5013.70000000 5889.47000000 4506.10000000
v 4951.85000000 5932.83000000 4499.90000000
v 4893.33000000 5982.85000000 4503.94000000
v 3621.33000000 6205.54000000 4476.16000000
v 3530.86000000 6317.37000000 4547.04000000
v 4678.07000000 6316.55000000 4521.22000000
v 4914.79000000 6795.07000000 4421.60000000
v 4671.13000000 6867.48000000 4494.48000000
v 5246.55000000 5737.19000000 4415.23000000
v 5283.23000000 5795.08000000 4446.65000000
v 5210.18000000 5816.49000000 4465.51000000
v 5155.72000000 5821.06000000 4460.43000000
v 5389.94000000 5855.14000000 4435.95000000
v 5112.26000000 5850.69000000 4485.38000000
v 5391.88000000 5968.79000000 4474.99000000
v 5434.45000000 6044.33000000 4450.84000000
v 5221.04000000 6352.98000000 4509.85000000
v 5135.95000000 6471.92000000 4458.69000000
v 3815.29000000 6397.58000000 4489.42000000
v 4039.87000000 6537.69000000 4537.81000000
v 4548.00000000 6504.46000000 4507.69000000
v 4930.96000000 6684.75000000 4454.20000000
v 3907.56000000 6657.06000000 4538.87000000
v 4867.26000000 6761.27000000 4493.37000000
v 4870.55000000 6830.22000000 4469.39000000
v 4242.47000000 6780.85000000 4534.80000000
v 4889.69000000 6864.69000000 4429.70000000
v 4744.12000000 6874.40000000 4488.48000000
v 4849.36000000 6879.12000000 4452.68000000
v 5335.44000000 5850.18000000 4457.12000000
v 5052.24000000 5879.86000000 4542.53000000
v 5331.06000000 5928.52000000 4496.78000000
v 3562.36000000 6231.44000000 4522.55000000
v 3650.50000000 6231.90000000 4524.54000000
v 5345.90000000 6220.89000000 4489.41000000
v 3538.98000000 6263.62000000 4534.43000000
v 3532.54000000 6284.02000000 4522.04000000
v 3575.33000000 6375.23000000 4522.61000000
v 3659.57000000 6468.62000000 4566.53000000
v 3728.45000000 6529.99000000 4583.42000000
v 4190.80000000 6578.57000000 4523.14000000
v 4916.05000000 6628.12000000 4534.59000000
v 4984.71000000 6553.46000000 4546.50000000
v 4376.45000000 6799.72000000 4586.77000000
v 4471.43000000 6816.83000000 4571.48000000
v 4617.25000000 6849.07000000 4540.36000000
v 4840.33000000 6859.21000000 4481.84000000
v 5249.61000000 5853.35000000 4485.58000000
v 5250.29000000 5886.58000000 4512.86000000
v 4872.58000000 5948.19000000 4597.61000000
v 5348.95000000 6153.47000000 4518.64000000
v 4387.26000000 6583.48000000 4503.73000000
v 4430.97000000 6559.47000000 4541.21000000
v 3983.61000000 6693.99000000 4606.30000000
v 4791.16000000 6862.82000000 4512.95000000
v 5156.36000000 5859.64000000 4507.44000000
v 5203.77000000 5862.42000000 4504.88000000
v 5094.01000000 5885.19000000 4568.34000000
v 4939.52000000 5914.19000000 4593.08000000
v 5244.54000000 5947.02000000 4563.47000000
v 5265.10000000 6004.77000000 4584.03000000
v 5300.18000000 6079.11000000 4567.54000000
v 3590.25000000 6222.65000000 4539.51000000
v 3624.28000000 6228.46000000 4558.90000000
v 5309.69000000 6207.25000000 4541.10000000
v 5237.95000000 6270.89000000 4568.87000000
v 5064.85000000 6476.33000000 4544.88000000
v 4291.19000000 6566.07000000 4585.73000000
v 4845.82000000 6687.72000000 4561.64000000
v 4119.66000000 6737.61000000 4622.71000000
v 4994.59000000 5898.77000000 4591.51000000
v 5156.74000000 5890.36000000 4558.26000000
v 4807.18000000 6024.91000000 4588.02000000
v 4715.16000000 6112.91000000 4650.63000000
v 3608.08000000 6230.04000000 4604.77000000
v 3685.71000000 6288.12000000 4635.99000000
v 4645.15000000 6245.32000000 4652.87000000
v 4613.26000000 6378.49000000 4574.68000000
v 3763.09000000 6374.86000000 4622.48000000
v 3817.01000000 6425.13000000 4629.16000000
v 3587.89000000 6415.87000000 4623.80000000
v 4527.64000000 6453.83000000 4618.13000000
v 4110.52000000 6558.54000000 4571.82000000
v 4466.07000000 6516.16000000 4590.61000000
v 4368.19000000 6561.43000000 4581.09000000
v 3814.32000000 6614.35000000 4683.03000000
v 4790.27000000 6748.97000000 4592.25000000
v 4805.20000000 6818.71000000 4536.79000000
v 4925.19000000 5898.90000000 4678.62000000
v 5163.58000000 5924.49000000 4604.67000000
v 5172.40000000 5967.02000000 4643.13000000
v 5224.73000000 6050.52000000 4634.91000000
v 5107.82000000 6366.99000000 4621.11000000
v 3547.64000000 6358.41000000 4578.40000000
v 4965.25000000 6482.13000000 4649.11000000
v 4572.81000000 6821.70000000 4645.78000000
v 4662.09000000 6841.35000000 4597.50000000
v 4726.67000000 6843.42000000 4578.71000000
v 4762.38000000 6833.80000000 4563.93000000
v 5006.60000000 5894.89000000 4645.33000000
v 5210.94000000 6192.64000000 4632.97000000
v 3581.68000000 6237.79000000 4644.80000000
v 3631.96000000 6243.70000000 4653.90000000
v 3553.74000000 6255.57000000 4662.68000000
v 3530.34000000 6292.65000000 4689.70000000
v 3525.66000000 6346.13000000 4685.75000000
v 3860.87000000 6461.80000000 4725.20000000
v 3969.75000000 6514.03000000 4693.43000000
v 4062.77000000 6539.31000000 4664.15000000
v 4352.04000000 6527.22000000 4671.61000000
v 3750.68000000 6558.81000000 4665.18000000
v 4846.96000000 6613.86000000 4633.97000000
v 3874.49000000 6646.68000000 4683.27000000
v 4329.49000000 6771.05000000 4712.52000000
v 4424.99000000 6788.22000000 4686.63000000
v 5069.93000000 5905.10000000 4655.60000000
v 5124.07000000 6298.10000000 4660.98000000
v 3540.05000000 6379.18000000 4693.94000000
v 3921.58000000 6492.39000000 4715.01000000
v 4167.85000000 6552.65000000 4653.19000000
v 4784.44000000 6688.40000000 4636.59000000
v 4734.85000000 6798.26000000 4617.11000000
v 4860.95000000 5917.26000000 4681.24000000
v 4814.83000000 5953.93000000 4670.26000000
v 4779.45000000 5975.44000000 4687.19000000
v 4733.75000000 6004.53000000 4728.52000000
v 5105.92000000 6259.23000000 4705.74000000
v 3732.07000000 6355.52000000 4798.18000000
v 4554.40000000 6353.57000000 4693.75000000
v 3526.95000000 6373.22000000 4841.72000000
v 4988.82000000 6376.10000000 4729.60000000
v 3658.93000000 6487.79000000 4709.39000000
v 4387.21000000 6463.75000000 4756.42000000
v 4221.32000000 6542.00000000 4703.06000000
v 4704.32000000 6728.86000000 4704.01000000
v 4019.21000000 6702.04000000 4688.91000000
v 4215.06000000 6756.30000000 4667.31000000
v 4499.51000000 6802.34000000 4687.39000000
v 4683.90000000 6815.37000000 4646.96000000
v 5087.06000000 5936.38000000 4703.00000000
v 5165.88000000 6016.25000000 4680.74000000
v 5143.58000000 6077.67000000 4714.11000000
v 3793.44000000 6409.89000000 4725.76000000
v 4215.58000000 6513.07000000 4785.34000000
v 3918.33000000 6657.68000000 4762.60000000
v 4118.33000000 6724.24000000 4717.10000000
v 4539.79000000 6794.02000000 4763.85000000
v 4841.24000000 5880.57000000 4773.81000000
v 4924.75000000 5883.79000000 4739.93000000
v 4977.36000000 5891.93000000 4722.65000000
v 4639.85000000 6094.34000000 4794.40000000
v 5111.37000000 6149.40000000 4740.58000000
v 3603.01000000 6236.72000000 4763.89000000
v 3567.27000000 6240.96000000 4789.51000000
v 5095.91000000 6208.57000000 4735.85000000
v 4532.04000000 6279.10000000 4791.46000000
v 4470.08000000 6406.94000000 4748.91000000
v 4092.60000000 6530.68000000 4746.17000000
v 4021.75000000 6518.35000000 4760.07000000
v 4734.48000000 6657.20000000 4723.66000000
v 4672.85000000 6778.34000000 4701.51000000
v 4479.36000000 6781.25000000 4789.17000000
v 4627.27000000 6794.71000000 4713.26000000
v 4782.88000000 5933.36000000 4747.02000000
v 4987.86000000 5902.06000000 4758.60000000
v 5107.73000000 5974.61000000 4720.00000000
v 5073.97000000 6004.71000000 4771.92000000
v 3640.92000000 6254.56000000 4762.21000000
v 5059.81000000 6301.44000000 4720.04000000
v 3521.41000000 6318.50000000 4895.95000000
v 4499.10000000 6353.03000000 4768.41000000
v 4836.73000000 6481.90000000 4780.69000000
v 4142.91000000 6523.93000000 4773.43000000
v 4024.14000000 6688.38000000 4768.16000000
v 4925.63000000 5877.23000000 4780.21000000
v 5016.61000000 5945.97000000 4788.15000000
v 3545.27000000 6258.38000000 4802.46000000
v 3578.76000000 6420.16000000 4786.67000000
v 3719.95000000 6541.09000000 4809.41000000
v 4783.57000000 6570.07000000 4752.07000000
v 4226.02000000 6734.64000000 4778.02000000
v 4611.89000000 6745.34000000 4802.23000000
v 4579.21000000 6791.48000000 4756.83000000
v 5052.69000000 6102.19000000 4807.41000000
v 3579.48000000 6227.15000000 4855.48000000
v 5007.42000000 6286.55000000 4773.57000000
v 3679.50000000 6292.32000000 4804.68000000
v 4377.57000000 6400.32000000 4858.31000000
v 4265.69000000 6475.29000000 4829.98000000
v 3815.37000000 6606.07000000 4793.21000000
v 4120.35000000 6695.05000000 4832.23000000
v 4407.92000000 6766.32000000 4814.88000000
v 4864.27000000 5847.24000000 4839.01000000
v 4804.49000000 5839.24000000 4849.65000000
v 4913.20000000 5869.62000000 4831.34000000
v 4763.19000000 5872.98000000 4836.10000000
v 4703.00000000 5937.78000000 4841.30000000
v 4939.16000000 5908.62000000 4850.66000000
v 5026.08000000 6047.52000000 4835.01000000
v 4999.33000000 6178.01000000 4836.88000000
v 3533.44000000 6248.49000000 4954.80000000
v 4454.86000000 6359.62000000 4813.10000000
v 3803.76000000 6410.96000000 4853.54000000
v 4265.43000000 6402.24000000 4939.50000000
v 4837.35000000 6363.64000000 4864.87000000
v 3630.44000000 6467.09000000 4846.22000000
v 3951.61000000 6490.33000000 4810.21000000
v 4048.57000000 6508.19000000 4817.23000000
v 3976.83000000 6649.89000000 4863.23000000
v 4317.98000000 6743.33000000 4852.88000000
v 4583.80000000 6774.77000000 4800.67000000
v 4514.45000000 6774.08000000 4849.76000000
v 4551.06000000 6778.38000000 4814.40000000
v 4718.45000000 5847.53000000 4890.99000000
v 4960.46000000 5949.81000000 4864.38000000
v 4521.89000000 6147.78000000 4921.72000000
v 4664.26000000 6638.97000000 4825.55000000
v 3851.96000000 6607.61000000 4887.50000000
v 4222.20000000 6710.25000000 4885.79000000
v 4754.24000000 5811.59000000 4899.73000000
v 4904.85000000 5874.59000000 4877.10000000
v 4990.37000000 5989.63000000 4855.10000000
v 4598.37000000 5964.46000000 4961.44000000
v 4976.28000000 6085.31000000 4890.65000000
v 3564.06000000 6211.31000000 4928.86000000
v 3600.71000000 6220.10000000 4884.55000000
v 4936.58000000 6257.36000000 4849.60000000
v 3751.62000000 6350.64000000 4934.13000000
v 4427.81000000 6289.31000000 4910.77000000
v 3579.46000000 6416.33000000 4921.28000000
v 3875.93000000 6451.01000000 4856.13000000
v 4758.32000000 6511.28000000 4827.27000000
v 4453.57000000 6764.55000000 4889.89000000
v 4806.81000000 5793.30000000 4911.15000000
v 4871.87000000 5834.50000000 4898.01000000
v 4674.77000000 5858.36000000 4930.62000000
v 4889.45000000 5873.33000000 4933.09000000
v 3647.11000000 6254.31000000 4886.32000000
v 3702.09000000 6309.81000000 4884.66000000
v 3541.09000000 6378.09000000 4953.18000000
v 3848.77000000 6414.73000000 4943.53000000
v 4004.85000000 6484.09000000 4890.53000000
v 4091.44000000 6492.84000000 4866.31000000
v 3755.75000000 6550.51000000 4907.76000000
v 3905.34000000 6610.72000000 4927.96000000
v 4075.26000000 6645.83000000 4924.97000000
v 4154.25000000 6672.99000000 4919.98000000
v 4540.50000000 6758.41000000 4864.80000000
v 4705.80000000 5793.91000000 4947.79000000
v 4837.71000000 5792.25000000 4932.03000000
v 4844.11000000 5816.58000000 4896.94000000
v 4936.00000000 5949.40000000 4903.35000000
v 3589.91000000 6201.22000000 4937.53000000
v 4901.98000000 6215.53000000 4901.87000000
v 4345.53000000 6348.93000000 4940.54000000
v 3798.77000000 6369.74000000 4970.12000000
v 4151.67000000 6451.92000000 4922.43000000
v 3668.19000000 6483.03000000 4924.01000000
v 4685.63000000 6520.02000000 4889.48000000
v 4560.62000000 6707.81000000 4892.09000000
v 4378.58000000 6750.95000000 4933.06000000
v 4478.90000000 6753.80000000 4931.44000000
v 4745.77000000 5762.45000000 4961.55000000
v 4804.09000000 5769.40000000 4963.01000000
v 4956.29000000 6012.65000000 4906.41000000
v 4499.50000000 6050.67000000 5038.23000000
v 4897.84000000 6035.97000000 4972.37000000
v 4907.72000000 6131.51000000 4934.35000000
v 3521.52000000 6268.32000000 5099.79000000
v 3520.32000000 6309.79000000 5028.25000000
v 4376.79000000 6275.83000000 4983.87000000
v 3529.60000000 6342.99000000 4978.51000000
v 3928.47000000 6436.61000000 4947.98000000
v 4035.42000000 6449.12000000 4950.62000000
v 3777.06000000 6538.30000000 4988.40000000
v 4572.75000000 6591.61000000 4945.68000000
v 4610.25000000 6494.91000000 4963.18000000
v 3965.83000000 6595.92000000 4974.96000000
v 4213.32000000 6681.54000000 4988.33000000
v 4699.67000000 5761.78000000 4984.98000000
v 4846.03000000 5804.33000000 4953.68000000
v 3585.63000000 6174.42000000 4993.20000000
v 3615.54000000 6208.40000000 4944.25000000
v 3652.52000000 6212.92000000 5008.97000000
v 4406.60000000 6172.41000000 5040.12000000
v 3707.72000000 6277.18000000 4995.45000000
v 4785.84000000 6249.53000000 4964.39000000
v 4682.66000000 6393.13000000 4961.47000000
v 3869.66000000 6387.72000000 5009.53000000
v 4133.52000000 6634.83000000 4986.70000000
v 4298.20000000 6729.62000000 4995.65000000
v 4499.49000000 6731.49000000 4941.65000000
v 4416.61000000 6747.23000000 4995.09000000
v 4762.29000000 5746.57000000 4995.59000000
v 4646.04000000 5815.86000000 5011.29000000
v 4852.90000000 5828.17000000 4989.12000000
v 4891.12000000 5927.26000000 4965.47000000
v 3612.62000000 6168.48000000 5019.83000000
v 4310.03000000 6288.37000000 5023.32000000
v 4061.33000000 6391.47000000 5037.29000000
v 3700.45000000 6480.30000000 5009.47000000
v 3847.48000000 6553.40000000 5007.15000000
v 4056.00000000 6592.96000000 5004.87000000
v 4474.99000000 6689.73000000 5003.98000000
v 4257.19000000 6709.10000000 5045.75000000
v 4697.19000000 5754.04000000 5023.43000000
v 4801.97000000 5769.95000000 5000.44000000
v 3598.72000000 6147.81000000 5045.30000000
v 3583.72000000 6147.35000000 5054.59000000
v 3561.58000000 6151.36000000 5098.59000000
v 3771.13000000 6306.10000000 5048.40000000
v 4650.37000000 6303.23000000 5026.45000000
v 3832.35000000 6351.83000000 5034.79000000
v 3561.47000000 6354.77000000 5049.37000000
v 4143.77000000 6375.09000000 5029.64000000
v 3972.54000000 6378.67000000 5049.58000000
v 3627.95000000 6400.75000000 5051.68000000
v 4532.36000000 6421.84000000 5054.80000000
v 4167.68000000 6626.84000000 5058.23000000
v 4469.01000000 6570.36000000 5059.12000000
v 4454.66000000 6731.32000000 4987.35000000
v 4361.64000000 6746.30000000 5021.40000000
v 4643.92000000 5774.57000000 5057.51000000
v 4778.87000000 5755.36000000 5034.93000000
v 4742.87000000 5749.86000000 5029.90000000
v 4816.08000000 5797.05000000 5025.42000000
v 4570.37000000 5885.21000000 5078.07000000
v 4850.17000000 5871.36000000 5010.69000000
v 4853.68000000 5929.86000000 5015.37000000
v 4795.99000000 6013.46000000 5038.05000000
v 4792.31000000 6125.60000000 5006.13000000
v 4199.09000000 6292.62000000 5090.97000000
v 3896.51000000 6357.07000000 5057.10000000
v 3760.70000000 6480.72000000 5077.04000000
v 3897.11000000 6494.76000000 5110.67000000
v 3998.99000000 6524.68000000 5081.86000000
v 4228.63000000 6684.68000000 5083.32000000
v 4323.45000000 6738.53000000 5089.09000000
v 4703.38000000 5746.06000000 5047.13000000
v 4678.58000000 5754.22000000 5056.75000000
v 4610.06000000 5812.25000000 5075.99000000
v 4816.48000000 5841.57000000 5038.89000000
v 4526.35000000 5971.23000000 5070.44000000
v 3617.92000000 6104.11000000 5112.80000000
v 3656.02000000 6155.87000000 5097.77000000
v 4693.94000000 6209.81000000 5034.45000000
v 3703.79000000 6214.85000000 5090.53000000
v 3735.62000000 6256.71000000 5073.57000000
v 3697.75000000 6424.65000000 5103.54000000
v 3829.01000000 6496.15000000 5091.84000000
v 4084.04000000 6555.34000000 5080.61000000
v 4273.34000000 6715.17000000 5105.15000000
v 4415.52000000 6729.52000000 5039.07000000
v 4366.19000000 6736.84000000 5069.82000000
v 4727.05000000 5752.07000000 5046.76000000
v 4764.34000000 5780.11000000 5047.07000000
v 4771.35000000 5912.97000000 5058.15000000
v 4463.63000000 6029.82000000 5105.82000000
v 4659.83000000 6112.35000000 5079.16000000
v 3586.85000000 6099.45000000 5128.98000000
v 4301.48000000 6180.02000000 5124.53000000
v 3532.94000000 6302.24000000 5103.43000000
v 4062.89000000 6288.08000000 5140.49000000
v 4009.50000000 6339.23000000 5096.56000000
v 4473.53000000 6483.00000000 5083.52000000
v 4690.94000000 5776.75000000 5071.19000000
v 4640.86000000 5784.84000000 5076.16000000
v 4732.26000000 5832.47000000 5068.87000000
v 4581.82000000 5846.54000000 5102.90000000
v 4674.63000000 5991.92000000 5092.22000000
v 3601.78000000 6086.88000000 5133.40000000
v 3761.57000000 6226.45000000 5134.51000000
v 4592.86000000 6244.74000000 5078.41000000
v 3845.13000000 6272.97000000 5129.91000000
v 3955.77000000 6295.73000000 5130.91000000
v 4133.62000000 6559.65000000 5137.31000000
v 4185.28000000 6622.57000000 5148.07000000
v 4388.81000000 6669.56000000 5099.98000000
v 4635.35000000 5801.53000000 5092.50000000
v 4613.14000000 5817.20000000 5091.61000000
v 4665.01000000 5822.94000000 5089.77000000
v 4659.97000000 5900.54000000 5098.25000000
v 4558.01000000 5885.96000000 5115.48000000
v 4511.22000000 5953.95000000 5127.44000000
v 4597.01000000 5960.17000000 5126.48000000
v 3604.63000000 6052.99000000 5174.43000000
v 4397.10000000 6062.55000000 5159.79000000
v 4557.89000000 6033.38000000 5137.05000000
v 3673.43000000 6092.57000000 5174.62000000
v 4522.55000000 6145.28000000 5139.94000000
v 4219.36000000 6159.12000000 5194.58000000
v 4132.14000000 6202.47000000 5193.15000000
v 4491.75000000 6258.78000000 5131.72000000
v 3552.70000000 6304.02000000 5157.39000000
v 3621.83000000 6311.09000000 5197.16000000
v 3694.16000000 6351.36000000 5199.67000000
v 4420.15000000 6515.78000000 5122.90000000
v 3820.98000000 6443.14000000 5166.88000000
v 4026.22000000 6479.76000000 5147.34000000
v 4073.66000000 6469.45000000 5189.30000000
v 4228.10000000 6669.81000000 5167.20000000
v 4291.97000000 6720.52000000 5145.30000000
v 4328.23000000 6714.88000000 5128.77000000
v 4613.31000000 5849.80000000 5102.95000000
v 4568.66000000 5886.36000000 5118.99000000
v 4585.16000000 5910.11000000 5123.55000000
v 4539.00000000 5919.97000000 5130.94000000
v 4508.45000000 5956.94000000 5146.53000000
v 4458.93000000 6009.99000000 5141.90000000
v 4463.50000000 6004.15000000 5155.45000000
v 3654.98000000 6022.49000000 5196.09000000
v 3628.50000000 6033.39000000 5182.68000000
v 3707.47000000 6042.24000000 5228.62000000
v 3725.04000000 6157.30000000 5166.36000000
v 3540.46000000 6189.05000000 5155.35000000
v 3530.46000000 6267.54000000 5198.65000000
v 4379.61000000 6325.36000000 5195.80000000
v 3761.38000000 6391.49000000 5200.49000000
v 3963.72000000 6441.12000000 5182.14000000
v 4141.15000000 6531.29000000 5223.49000000
v 4533.20000000 5936.73000000 5139.07000000
v 4548.56000000 5965.86000000 5139.37000000
v 3593.86000000 6061.73000000 5183.64000000
v 3574.67000000 6096.03000000 5211.03000000
v 4305.90000000 6084.83000000 5208.82000000
v 3902.96000000 6202.23000000 5218.16000000
v 3807.71000000 6169.17000000 5210.03000000
v 3976.64000000 6212.77000000 5212.14000000
v 4049.06000000 6145.71000000 5253.30000000
v 3539.58000000 6220.36000000 5246.76000000
v 3541.63000000 6280.83000000 5201.76000000
v 4022.94000000 6413.59000000 5222.37000000
v 4110.95000000 6494.06000000 5207.01000000
v 4330.23000000 6695.56000000 5154.02000000
v 4343.70000000 6616.27000000 5165.76000000
v 4262.64000000 6697.03000000 5167.18000000
v 4483.35000000 6004.47000000 5159.49000000
v 3632.59000000 5998.18000000 5218.15000000
v 3710.29000000 5973.70000000 5252.24000000
v 4420.46000000 6036.03000000 5189.00000000
v 4355.59000000 6048.41000000 5222.02000000
v 4437.67000000 6072.46000000 5193.16000000
v 3751.42000000 6097.64000000 5227.54000000
v 4435.91000000 6181.69000000 5182.97000000
v 4328.61000000 6510.62000000 5204.11000000
v 3890.70000000 6408.47000000 5218.95000000
v 4187.23000000 6597.81000000 5235.41000000
v 4234.06000000 6658.01000000 5211.61000000
v 4287.86000000 6679.35000000 5177.54000000
v 3677.93000000 5960.71000000 5239.77000000
v 4408.25000000 6040.91000000 5202.77000000
v 3624.35000000 6001.23000000 5251.10000000
v 4293.19000000 6045.82000000 5257.26000000
v 4363.24000000 6043.33000000 5226.00000000
v 4229.80000000 6078.61000000 5255.98000000
v 4160.62000000 6123.34000000 5240.91000000
v 3585.18000000 6272.86000000 5260.22000000
v 3826.04000000 6385.19000000 5239.14000000
v 4058.82000000 6414.51000000 5242.71000000
v 4274.47000000 6583.78000000 5228.73000000
v 3717.15000000 5927.08000000 5268.51000000
v 3733.26000000 5899.93000000 5294.01000000
v 3676.20000000 5942.78000000 5265.26000000
v 3749.20000000 5947.06000000 5286.16000000
v 3772.45000000 6012.56000000 5276.94000000
v 4307.60000000 6042.42000000 5259.57000000
v 3559.03000000 6147.61000000 5265.10000000
v 3879.41000000 6135.24000000 5266.07000000
v 3951.89000000 6155.26000000 5253.81000000
v 4351.20000000 6168.69000000 5238.74000000
v 3793.20000000 6338.88000000 5279.01000000
v 4098.61000000 6446.33000000 5270.41000000
v 4203.52000000 6610.57000000 5254.18000000
v 4235.29000000 6621.21000000 5236.96000000
v 3706.38000000 5899.31000000 5297.30000000
v 3673.11000000 5935.25000000 5294.17000000
v 4330.97000000 6063.38000000 5249.80000000
v 3593.11000000 6080.48000000 5298.14000000
v 3834.16000000 6088.76000000 5269.83000000
v 4142.33000000 6060.43000000 5291.40000000
v 3557.64000000 6248.28000000 5278.02000000
v 3665.55000000 6251.93000000 5327.73000000
v 3715.60000000 6286.90000000 5292.77000000
v 4240.50000000 6453.94000000 5280.45000000
v 3750.29000000 6330.14000000 5263.22000000
v 3967.09000000 6364.49000000 5267.15000000
v 4051.07000000 6375.93000000 5289.33000000
v 4226.71000000 6560.24000000 5267.41000000
v 4175.30000000 6545.84000000 5291.48000000
v 3741.73000000 5878.57000000 5318.50000000
v 3815.28000000 5882.72000000 5343.74000000
v 3799.52000000 5950.97000000 5310.82000000
v 3707.90000000 5898.94000000 5310.42000000
v 3682.38000000 5932.14000000 5324.10000000
v 3640.96000000 6004.53000000 5319.85000000
v 3847.62000000 6014.31000000 5303.09000000
v 4162.36000000 6011.11000000 5324.74000000
v 4230.44000000 6041.40000000 5291.41000000
v 4245.99000000 6039.47000000 5298.43000000
v 3933.00000000 6057.53000000 5294.53000000
v 4043.07000000 6033.61000000 5305.03000000
v 3553.01000000 6183.47000000 5302.84000000
v 4282.81000000 6264.88000000 5273.52000000
v 3615.08000000 6233.15000000 5345.14000000
v 4145.00000000 6506.92000000 5284.93000000
v 4205.35000000 6578.12000000 5269.74000000
v 3793.42000000 5872.09000000 5348.38000000
v 3903.36000000 5874.18000000 5364.75000000
v 3914.56000000 5897.61000000 5354.76000000
v 3882.19000000 5952.39000000 5327.50000000
v 4128.88000000 5982.94000000 5344.92000000
v 4092.73000000 5957.80000000 5351.88000000
v 4083.92000000 5980.54000000 5335.66000000
v 4180.90000000 6015.80000000 5328.81000000
v 3983.69000000 5958.10000000 5336.11000000
v 4171.86000000 6007.95000000 5337.97000000
v 4231.69000000 6042.19000000 5309.00000000
v 4233.40000000 6131.92000000 5309.24000000
v 3575.13000000 6151.12000000 5332.69000000
v 3566.85000000 6198.80000000 5321.02000000
v 3859.81000000 6326.50000000 5295.99000000
v 3955.01000000 6265.90000000 5350.78000000
v 4018.82000000 6316.15000000 5325.66000000
v 4096.92000000 6403.76000000 5321.20000000
v 4122.95000000 6456.75000000 5312.82000000
v 4202.27000000 6529.55000000 5286.72000000
v 3744.01000000 5903.04000000 5350.94000000
v 3883.43000000 5874.04000000 5364.50000000
v 3973.77000000 5899.14000000 5365.32000000
v 4043.35000000 5940.12000000 5357.28000000
v 4085.18000000 5954.28000000 5357.46000000
v 3682.08000000 5989.86000000 5370.75000000
v 4130.41000000 5984.09000000 5348.51000000
v 3629.23000000 6076.83000000 5362.54000000
v 4181.20000000 6274.76000000 5333.52000000
v 4040.24000000 6282.14000000 5356.57000000
v 3783.49000000 6302.58000000 5303.46000000
v 4080.79000000 6346.41000000 5338.77000000
v 4170.97000000 6399.73000000 5330.93000000
v 4149.44000000 6490.64000000 5312.18000000
v 4174.79000000 6477.86000000 5308.39000000
v 3797.45000000 5929.06000000 5409.67000000
v 3858.00000000 5886.68000000 5380.50000000
v 3950.76000000 5884.18000000 5369.50000000
v 4018.76000000 5915.54000000 5371.05000000
v 4088.57000000 5960.95000000 5363.73000000
v 4136.11000000 6032.76000000 5359.88000000
v 4119.32000000 6127.14000000 5374.41000000
v 3601.23000000 6204.47000000 5364.78000000
v 3810.03000000 6239.66000000 5365.92000000
v 3922.53000000 6209.37000000 5393.27000000
v 4131.23000000 6415.87000000 5324.34000000
v 3952.48000000 5889.71000000 5380.18000000
v 3735.95000000 5984.21000000 5409.88000000
v 4021.38000000 5923.66000000 5383.45000000
v 4052.57000000 6037.68000000 5409.96000000
v 3622.64000000 6147.00000000 5387.22000000
v 4090.76000000 6208.86000000 5381.96000000
v 3666.09000000 6184.67000000 5417.55000000
v 3714.95000000 6204.51000000 5399.48000000
v 4124.26000000 6321.12000000 5345.59000000
v 4035.50000000 6227.17000000 5381.14000000
v 4073.84000000 6277.41000000 5360.19000000
v 3930.74000000 5906.62000000 5407.52000000
v 3868.07000000 5922.08000000 5415.84000000
v 3988.66000000 5924.44000000 5400.29000000
v 4045.26000000 5969.85000000 5390.12000000
v 3690.27000000 6071.69000000 5424.20000000
v 4054.88000000 6117.77000000 5409.28000000
v 3656.45000000 6163.50000000 5419.24000000
v 3896.73000000 6170.27000000 5429.42000000
v 3967.70000000 6202.00000000 5396.06000000
v 3991.05000000 6156.94000000 5418.26000000
v 3837.94000000 5971.42000000 5441.96000000
v 3899.47000000 5964.92000000 5438.58000000
v 3976.21000000 5981.61000000 5422.45000000
v 3676.59000000 6122.92000000 5433.46000000
v 3797.23000000 6182.78000000 5429.90000000
v 3772.62000000 6028.13000000 5447.18000000
v 3920.11000000 6024.88000000 5455.14000000
v 3971.69000000 6069.41000000 5438.17000000
v 3703.80000000 6108.65000000 5452.53000000
v 3900.55000000 6119.21000000 5454.47000000
v 3706.10000000 6132.50000000 5450.76000000
v 3745.13000000 6158.47000000 5443.40000000
v 3848.13000000 6036.30000000 5462.28000000
v 3892.97000000 6069.79000000 5459.60000000
v 3726.81000000 6090.19000000 5451.81000000
v 3822.91000000 6140.11000000 5455.20000000
v 3776.92000000 6098.84000000 5456.23000000
v 3849.10000000 6093.24000000 5457.19000000
f 1 2 3
f 4 1 3
f 2 5 6
f 7 2 6
f 5 8 9
f 9 8 10
f 1 5 2
f 1 4 5
f 4 8 5
f 2 7 11
f 2 11 3
f 12 8 4
f 3 11 13
f 3 13 14
f 4 3 15
f 12 4 15
f 15 3 14
f 16 6 9
f 6 17 7
f 9 6 5
f 7 17 18
f 7 18 11
f 8 12 19
f 8 19 10
f 13 18 20
f 18 13 11
f 14 13 21
f 13 20 21
f 14 22 15
f 22 14 21
f 23 6 16
f 6 23 17
f 24 9 10
f 17 25 18
f 18 25 26
f 10 19 24
f 18 27 20
f 18 26 27
f 20 27 28
f 12 29 19
f 21 20 28
f 15 29 12
f 16 30 23
f 16 31 30
f 16 32 31
f 9 32 16
f 17 23 33
f 9 34 32
f 9 24 34
f 33 25 17
f 26 25 35
f 24 19 36
f 19 37 36
f 38 28 26
f 26 28 27
f 19 29 37
f 38 39 28
f 28 40 21
f 28 39 40
f 21 40 22
f 22 41 15
f 29 15 42
f 30 33 23
f 34 31 32
f 33 43 25
f 44 35 25
f 34 24 36
f 26 35 45
f 45 38 26
f 37 29 46
f 38 47 39
f 39 47 40
f 41 42 15
f 40 41 22
f 48 33 30
f 31 48 30
f 43 44 25
f 33 48 43
f 34 49 31
f 34 50 49
f 34 36 50
f 51 35 44
f 45 51 52
f 35 51 45
f 45 53 38
f 52 53 45
f 36 37 54
f 46 54 37
f 38 53 47
f 47 53 55
f 55 56 47
f 29 42 57
f 29 57 46
f 40 47 56
f 48 31 58
f 31 49 58
f 59 51 44
f 59 60 51
f 61 52 51
f 62 50 36
f 36 54 62
f 54 46 63
f 46 64 63
f 46 57 64
f 55 65 56
f 56 65 40
f 40 66 41
f 66 40 65
f 42 41 67
f 44 43 68
f 68 43 48
f 68 59 44
f 58 69 48
f 70 58 49
f 49 50 70
f 60 61 51
f 70 50 62
f 52 61 71
f 53 52 71
f 62 54 63
f 53 72 55
f 71 72 53
f 72 73 55
f 55 73 65
f 74 66 65
f 42 67 75
f 42 75 57
f 76 77 78
f 68 48 69
f 69 58 79
f 79 58 70
f 68 60 59
f 80 79 70
f 60 81 82
f 61 60 82
f 70 62 83
f 71 61 82
f 62 63 83
f 72 71 84
f 63 85 83
f 63 64 85
f 86 73 72
f 73 86 87
f 73 87 65
f 75 64 57
f 74 88 66
f 41 66 67
f 89 90 91
f 91 90 92
f 90 89 93
f 78 90 93
f 77 92 78
f 92 90 78
f 77 94 92
f 78 93 95
f 94 77 76
f 78 95 96
f 96 97 78
f 78 97 76
f 97 98 76
f 94 76 98
f 99 94 98
f 100 98 97
f 101 99 98
f 101 98 100
f 102 101 100
f 60 68 69
f 69 81 60
f 80 70 103
f 70 83 103
f 71 82 104
f 104 84 71
f 84 105 72
f 72 105 86
f 64 106 85
f 65 87 107
f 108 64 75
f 67 109 75
f 110 89 111
f 89 110 112
f 93 89 112
f 92 94 113
f 113 94 114
f 93 112 95
f 112 115 95
f 99 114 94
f 99 116 114
f 99 117 116
f 118 95 115
f 96 95 118
f 99 101 117
f 119 117 101
f 97 96 118
f 97 120 100
f 102 119 101
f 100 121 102
f 119 102 121
f 121 100 120
f 122 119 121
f 122 121 123
f 69 79 124
f 81 125 82
f 126 81 69
f 82 125 104
f 103 127 80
f 84 104 105
f 83 85 127
f 103 83 127
f 105 128 86
f 64 108 106
f 107 87 86
f 74 65 107
f 75 109 108
f 88 129 66
f 66 129 67
f 129 130 67
f 109 67 130
f 111 89 131
f 89 91 131
f 111 132 110
f 110 132 133
f 92 113 91
f 110 133 134
f 110 134 112
f 114 135 113
f 112 134 115
f 134 136 115
f 137 118 115
f 117 119 138
f 139 138 119
f 140 97 118
f 139 119 141
f 119 122 141
f 126 69 124
f 125 81 126
f 142 80 127
f 104 143 144
f 105 104 144
f 125 143 104
f 127 85 145
f 106 145 85
f 146 86 128
f 86 146 147
f 86 147 107
f 108 148 106
f 108 149 148
f 108 109 149
f 132 111 150
f 150 111 131
f 132 151 133
f 152 133 151
f 134 152 153
f 134 133 152
f 135 114 116
f 136 134 153
f 115 136 137
f 118 137 140
f 140 120 97
f 120 123 121
f 124 79 154
f 154 79 80
f 124 155 126
f 80 142 154
f 127 145 142
f 128 105 144
f 145 106 156
f 106 148 156
f 157 107 147
f 107 157 158
f 74 107 158
f 159 88 74
f 159 129 88
f 129 160 130
f 109 130 161
f 129 159 160
f 162 150 131
f 91 163 131
f 164 165 151
f 132 150 151
f 150 164 151
f 91 113 163
f 113 166 163
f 166 113 167
f 113 168 167
f 165 152 151
f 135 168 113
f 135 116 169
f 116 117 169
f 169 117 138
f 170 169 138
f 153 171 136
f 139 170 138
f 141 122 172
f 120 140 173
f 122 123 174
f 174 172 122
f 123 120 175
f 123 176 174
f 143 125 177
f 125 126 155
f 177 125 155
f 154 142 178
f 144 179 128
f 144 177 179
f 144 143 177
f 142 145 178
f 128 179 146
f 145 156 178
f 146 180 147
f 149 181 148
f 182 159 74
f 149 109 161
f 161 130 160
f 183 164 184
f 164 150 162
f 184 164 162
f 185 131 163
f 164 183 165
f 165 186 152
f 186 153 152
f 170 139 187
f 187 139 141
f 187 141 172
f 174 188 172
f 173 140 189
f 175 120 173
f 176 123 190
f 124 154 191
f 179 192 193
f 177 192 179
f 178 194 154
f 146 179 193
f 178 156 194
f 195 180 193
f 180 146 193
f 196 194 156
f 180 157 147
f 148 196 156
f 181 196 148
f 149 197 181
f 198 182 74
f 149 161 197
f 199 159 182
f 199 160 159
f 184 162 200
f 200 162 185
f 184 201 183
f 131 185 162
f 185 163 202
f 163 203 202
f 201 204 183
f 163 166 203
f 186 183 204
f 183 186 165
f 168 135 205
f 169 206 135
f 207 206 169
f 186 208 153
f 169 209 207
f 169 170 209
f 140 137 189
f 123 175 190
f 155 124 191
f 155 192 177
f 192 210 193
f 195 193 211
f 154 194 212
f 195 211 213
f 194 196 212
f 214 195 213
f 195 157 180
f 195 214 157
f 196 181 197
f 198 74 158
f 197 161 215
f 185 216 200
f 185 202 216
f 217 201 218
f 201 217 204
f 166 219 203
f 166 167 219
f 168 220 167
f 168 221 220
f 217 222 204
f 205 223 168
f 204 222 186
f 206 205 135
f 222 208 186
f 153 208 171
f 209 170 224
f 224 170 187
f 224 187 225
f 136 171 226
f 187 172 225
f 136 226 137
f 174 176 188
f 227 176 190
f 191 154 228
f 193 210 211
f 228 154 212
f 229 228 212
f 212 196 229
f 213 230 231
f 231 214 213
f 214 231 232
f 157 214 232
f 158 157 232
f 160 233 161
f 233 215 161
f 160 199 234
f 233 160 234
f 184 235 201
f 184 200 235
f 216 236 200
f 218 237 217
f 203 238 202
f 238 203 239
f 203 219 239
f 237 240 217
f 167 241 219
f 167 242 241
f 167 220 242
f 168 223 221
f 205 243 223
f 206 207 244
f 217 240 222
f 245 207 209
f 224 245 209
f 225 172 246
f 226 247 137
f 247 189 137
f 172 188 248
f 248 188 249
f 189 250 251
f 189 251 173
f 176 252 188
f 251 175 173
f 176 227 252
f 192 155 253
f 253 155 254
f 254 155 191
f 192 253 210
f 211 255 256
f 213 211 256
f 210 255 211
f 228 257 191
f 258 229 196
f 230 259 231
f 197 215 258
f 196 197 258
f 215 260 258
f 233 260 215
f 261 218 262
f 235 262 218
f 201 235 218
f 200 263 235
f 236 263 200
f 216 264 236
f 216 238 264
f 202 238 216
f 218 261 237
f 261 265 237
f 237 265 240
f 219 241 239
f 221 223 243
f 206 243 205
f 222 240 208
f 225 266 224
f 171 267 226
f 172 248 268
f 189 247 269
f 189 269 250
f 188 252 249
f 190 175 270
f 271 190 270
f 227 190 271
f 253 255 210
f 191 272 254
f 228 229 257
f 213 273 259
f 230 213 259
f 273 213 256
f 229 274 257
f 229 258 274
f 259 275 231
f 276 232 231
f 198 158 232
f 277 260 233
f 182 198 278
f 182 279 199
f 280 233 234
f 235 263 281
f 236 264 282
f 238 283 264
f 238 284 283
f 238 239 284
f 285 243 286
f 261 287 265
f 239 288 284
f 243 289 221
f 285 289 243
f 286 243 206
f 244 286 206
f 241 288 239
f 265 287 290
f 290 240 265
f 244 207 245
f 266 291 245
f 245 224 266
f 208 240 290
f 266 225 292
f 208 293 171
f 171 293 267
f 226 267 294
f 247 226 269
f 249 252 295
f 252 227 295
f 175 251 270
f 255 253 296
f 253 254 296
f 255 297 256
f 296 297 255
f 259 273 298
f 298 275 259
f 274 299 257
f 275 276 231
f 258 300 274
f 301 300 258
f 260 301 258
f 260 302 301
f 302 260 277
f 182 278 279
f 233 280 277
f 199 303 234
f 279 303 199
f 304 305 306
f 305 307 308
f 305 308 306
f 308 307 309
f 306 308 310
f 310 308 309
f 281 311 235
f 311 262 235
f 263 282 312
f 236 282 263
f 286 244 313
f 262 314 261
f 285 286 315
f 316 287 314
f 314 287 261
f 245 317 244
f 242 220 318
f 221 319 220
f 242 320 241
f 291 266 321
f 292 225 322
f 225 246 322
f 246 172 268
f 226 294 269
f 268 248 249
f 295 323 249
f 271 270 324
f 227 271 325
f 256 326 273
f 326 256 297
f 272 191 257
f 327 275 298
f 299 328 257
f 274 300 299
f 327 329 275
f 276 275 329
f 198 232 330
f 331 278 198
f 332 277 280
f 332 302 277
f 333 334 335
f 336 337 333
f 279 338 303
f 336 333 339
f 338 279 278
f 339 333 335
f 340 336 339
f 341 334 342
f 335 334 341
f 343 340 339
f 335 341 304
f 339 335 304
f 341 342 304
f 339 304 344
f 339 344 343
f 342 345 304
f 305 345 307
f 304 345 305
f 304 306 344
f 346 347 345
f 345 347 307
f 348 344 306
f 348 343 344
f 307 347 349
f 310 348 306
f 348 310 350
f 350 351 348
f 307 352 309
f 349 352 307
f 350 310 353
f 349 354 355
f 352 349 355
f 352 356 309
f 309 356 310
f 356 353 310
f 355 354 313
f 357 356 352
f 357 352 355
f 263 312 281
f 281 312 358
f 313 359 315
f 355 313 317
f 357 355 317
f 311 314 262
f 282 360 312
f 313 315 286
f 244 317 313
f 314 361 316
f 357 317 291
f 291 362 357
f 283 363 264
f 363 283 284
f 285 364 289
f 315 364 285
f 365 316 366
f 316 365 287
f 319 221 289
f 317 245 291
f 288 367 284
f 220 319 318
f 290 287 365
f 241 320 288
f 242 318 320
f 321 266 292
f 368 208 290
f 293 208 368
f 268 249 323
f 269 369 250
f 270 251 370
f 270 370 324
f 325 295 227
f 254 371 296
f 372 298 273
f 372 273 326
f 327 372 373
f 372 327 298
f 328 272 257
f 327 373 329
f 329 374 276
f 374 375 276
f 276 375 232
f 375 330 232
f 302 376 301
f 377 378 379
f 331 198 330
f 380 381 333
f 377 380 333
f 337 377 333
f 378 377 337
f 381 382 334
f 333 381 334
f 336 378 337
f 331 383 278
f 280 384 332
f 234 384 280
f 385 386 336
f 384 234 303
f 334 382 342
f 340 385 336
f 342 382 387
f 388 385 340
f 342 387 345
f 340 343 389
f 389 388 340
f 345 387 390
f 345 390 346
f 343 348 389
f 391 348 351
f 346 359 349
f 347 346 349
f 351 350 392
f 350 353 392
f 349 359 354
f 353 356 393
f 394 393 356
f 314 311 361
f 358 312 395
f 354 359 313
f 362 394 357
f 357 394 356
f 396 315 359
f 397 394 362
f 361 398 316
f 282 264 360
f 396 364 315
f 398 366 316
f 363 360 264
f 363 284 367
f 321 362 291
f 367 399 363
f 400 362 321
f 401 402 367
f 288 401 367
f 288 320 401
f 290 365 368
f 246 268 403
f 269 294 404
f 250 405 251
f 295 406 323
f 251 405 370
f 271 324 407
f 325 271 407
f 296 371 297
f 326 408 372
f 272 371 254
f 373 372 409
f 299 410 328
f 411 412 373
f 373 412 374
f 329 373 374
f 380 377 413
f 414 380 413
f 377 379 415
f 413 377 415
f 301 376 416
f 300 301 416
f 414 417 381
f 380 414 381
f 375 374 418
f 419 379 378
f 420 379 419
f 382 381 421
f 381 417 421
f 378 336 419
f 302 332 376
f 336 386 419
f 422 419 386
f 383 423 278
f 421 387 382
f 338 278 423
f 303 338 384
f 424 388 389
f 346 390 425
f 348 391 389
f 391 426 389
f 425 359 346
f 391 351 427
f 425 428 359
f 351 392 427
f 429 353 393
f 392 353 429
f 430 311 281
f 431 281 358
f 428 432 396
f 428 396 359
f 429 393 433
f 311 434 361
f 360 395 312
f 394 397 435
f 393 394 435
f 360 436 437
f 360 363 436
f 362 400 397
f 365 438 439
f 366 438 365
f 289 440 319
f 289 364 440
f 320 318 441
f 365 442 368
f 441 443 320
f 321 292 400
f 322 246 403
f 403 268 444
f 267 445 294
f 268 323 446
f 250 369 405
f 295 325 406
f 408 447 448
f 326 447 408
f 297 447 326
f 371 449 297
f 408 450 372
f 450 409 372
f 451 373 409
f 451 411 373
f 414 413 452
f 452 413 415
f 415 411 453
f 451 453 411
f 299 300 410
f 417 414 454
f 455 415 379
f 411 415 455
f 412 411 455
f 410 300 416
f 420 455 379
f 412 455 420
f 456 412 420
f 456 374 412
f 457 420 419
f 457 456 420
f 330 375 458
f 330 459 331
f 422 457 419
f 383 331 459
f 386 460 422
f 421 461 387
f 460 386 385
f 338 423 462
f 463 385 388
f 387 464 390
f 464 425 390
f 311 430 434
f 281 431 430
f 358 465 431
f 465 358 395
f 434 466 361
f 435 433 393
f 361 466 398
f 360 437 395
f 398 467 366
f 466 467 398
f 396 468 364
f 467 438 366
f 469 436 363
f 399 469 363
f 319 440 470
f 470 441 318
f 470 318 319
f 365 439 442
f 320 443 401
f 401 443 471
f 472 292 322
f 473 472 322
f 267 293 445
f 404 369 269
f 474 325 407
f 297 449 447
f 448 450 408
f 328 475 272
f 453 451 476
f 409 476 451
f 415 477 452
f 453 476 415
f 478 421 417
f 374 456 418
f 479 456 457
f 459 330 458
f 457 422 480
f 376 332 481
f 421 478 461
f 482 383 459
f 332 384 481
f 481 384 483
f 460 385 463
f 383 484 423
f 338 462 485
f 338 485 384
f 461 464 387
f 388 424 463
f 424 389 486
f 389 426 486
f 487 425 464
f 391 427 488
f 425 489 428
f 427 392 429
f 429 490 427
f 491 434 430
f 466 492 493
f 434 492 466
f 395 437 465
f 435 494 433
f 493 467 466
f 435 495 494
f 493 438 467
f 469 496 437
f 436 469 437
f 495 435 397
f 364 497 440
f 439 498 442
f 367 499 399
f 499 367 402
f 471 402 401
f 400 292 472
f 322 403 473
f 293 368 500
f 473 403 501
f 500 445 293
f 403 444 501
f 502 294 445
f 444 268 446
f 446 323 503
f 325 474 406
f 406 474 504
f 370 505 324
f 407 324 506
f 474 407 507
f 407 506 507
f 447 508 448
f 272 475 371
f 454 509 510
f 454 414 509
f 509 414 452
f 477 476 511
f 476 477 415
f 410 512 328
f 454 510 417
f 510 478 417
f 418 458 375
f 418 456 479
f 457 480 479
f 458 482 459
f 422 460 480
f 482 513 383
f 383 513 484
f 484 462 423
f 464 461 487
f 426 391 514
f 391 488 514
f 515 489 425
f 428 489 432
f 516 517 429
f 431 518 430
f 431 465 518
f 433 516 429
f 492 519 493
f 465 437 520
f 396 521 468
f 432 521 396
f 433 494 516
f 493 519 522
f 493 523 438
f 364 468 497
f 438 523 439
f 397 524 495
f 397 400 524
f 470 525 526
f 441 470 526
f 524 400 527
f 399 528 469
f 526 443 441
f 400 472 527
f 368 442 500
f 444 446 529
f 294 502 404
f 529 446 503
f 405 369 530
f 406 504 323
f 323 504 503
f 507 504 474
f 448 508 450
f 371 475 449
f 476 409 511
f 511 409 450
f 477 531 452
f 452 531 532
f 475 328 512
f 478 510 533
f 534 512 410
f 410 416 534
f 534 416 535
f 535 416 376
f 376 481 535
f 536 461 478
f 460 537 480
f 463 537 460
f 384 485 483
f 513 538 484
f 461 536 487
f 539 537 463
f 463 424 539
f 539 424 486
f 539 486 540
f 425 487 515
f 488 427 541
f 429 517 490
f 542 434 491
f 491 430 518
f 492 434 543
f 432 489 521
f 492 543 519
f 544 465 520
f 522 523 493
f 437 496 520
f 469 528 496
f 470 440 525
f 399 499 528
f 443 545 471
f 443 526 545
f 545 546 471
f 501 444 529
f 404 502 547
f 405 530 370
f 324 505 506
f 507 506 548
f 447 449 508
f 510 509 549
f 510 549 533
f 477 550 531
f 511 550 477
f 551 478 533
f 479 552 418
f 552 553 418
f 553 458 418
f 479 480 552
f 554 458 553
f 552 480 555
f 482 458 554
f 481 483 535
f 480 537 555
f 537 556 555
f 554 557 482
f 482 557 513
f 557 538 513
f 485 462 558
f 556 537 559
f 484 560 462
f 560 561 462
f 462 561 558
f 559 537 562
f 537 539 562
f 540 562 539
f 486 426 563
f 486 563 540
f 564 515 487
f 514 488 541
f 515 565 489
f 541 427 490
f 434 542 543
f 491 566 542
f 518 567 491
f 491 567 566
f 518 544 567
f 465 544 518
f 519 568 569
f 543 568 519
f 544 520 570
f 519 569 522
f 520 571 570
f 468 521 572
f 523 522 569
f 496 571 520
f 572 497 468
f 573 494 495
f 439 523 574
f 439 574 498
f 402 575 499
f 471 546 402
f 498 500 442
f 576 577 473
f 473 501 576
f 576 501 578
f 578 501 579
f 501 529 580
f 369 404 581
f 530 369 581
f 530 505 370
f 582 504 507
f 506 505 583
f 506 583 548
f 549 509 584
f 584 509 585
f 586 450 587
f 508 588 450
f 449 589 508
f 452 585 509
f 532 585 452
f 450 586 511
f 449 590 589
f 475 590 449
f 475 591 590
f 512 591 475
f 551 536 478
f 536 551 592
f 593 534 535
f 552 555 553
f 594 535 483
f 554 553 557
f 553 555 595
f 557 553 595
f 559 555 556
f 595 555 559
f 483 485 596
f 557 595 597
f 598 595 559
f 538 557 599
f 487 536 564
f 560 484 538
f 598 559 562
f 540 598 562
f 600 540 563
f 426 514 563
f 565 601 489
f 517 516 602
f 489 601 521
f 523 569 603
f 523 603 574
f 495 524 573
f 496 528 604
f 526 525 605
f 604 528 606
f 526 607 545
f 499 575 528
f 528 575 608
f 575 402 546
f 607 546 545
f 609 527 472
f 472 473 609
f 609 473 577
f 445 500 610
f 445 610 502
f 501 580 579
f 404 547 581
f 503 504 611
f 504 582 611
f 532 612 585
f 450 588 587
f 508 589 588
f 533 549 613
f 532 531 612
f 589 590 614
f 533 613 551
f 534 615 591
f 512 534 591
f 534 593 615
f 483 596 594
f 594 596 616
f 564 536 617
f 597 599 557
f 597 595 618
f 598 618 595
f 596 485 558
f 619 618 598
f 598 540 619
f 540 600 619
f 563 514 620
f 566 621 542
f 566 567 621
f 622 490 517
f 568 623 624
f 568 543 623
f 570 567 544
f 624 569 568
f 569 624 603
f 496 625 571
f 626 497 572
f 440 626 525
f 626 440 497
f 496 604 625
f 527 627 524
f 627 527 609
f 605 607 526
f 502 610 628
f 629 529 503
f 530 581 630
f 631 530 630
f 505 530 631
f 507 632 582
f 507 548 632
f 549 584 633
f 511 586 550
f 591 634 590
f 615 635 636
f 615 593 635
f 536 592 617
f 594 593 535
f 637 597 618
f 637 599 597
f 596 558 638
f 639 599 637
f 639 538 599
f 639 560 538
f 640 560 639
f 561 560 640
f 564 641 515
f 565 515 641
f 600 563 620
f 620 514 541
f 541 490 622
f 623 542 642
f 642 542 621
f 621 643 644
f 567 643 621
f 517 602 645
f 542 623 543
f 567 570 643
f 571 646 570
f 647 646 571
f 601 648 521
f 516 494 602
f 624 649 603
f 521 648 572
f 494 573 650
f 524 627 573
f 525 651 605
f 607 605 652
f 528 608 606
f 607 652 546
f 546 653 575
f 653 546 652
f 654 500 498
f 576 655 577
f 576 578 655
f 629 580 529
f 547 656 581
f 581 657 630
f 584 585 658
f 549 633 613
f 612 659 585
f 531 660 612
f 590 634 614
f 593 594 661
f 594 616 661
f 638 616 596
f 637 618 662
f 618 619 663
f 558 561 638
f 619 664 663
f 640 639 665
f 619 600 664
f 600 620 666
f 664 600 666
f 642 621 644
f 645 622 517
f 623 649 624
f 603 667 574
f 498 574 668
f 606 608 669
f 608 575 670
f 500 654 610
f 578 671 655
f 672 580 629
f 629 503 673
f 581 674 657
f 503 611 673
f 611 582 673
f 673 582 675
f 675 582 632
f 631 676 505
f 548 583 677
f 548 678 632
f 585 659 658
f 588 679 587
f 588 589 679
f 531 680 660
f 550 680 531
f 551 681 592
f 615 682 591
f 615 636 682
f 617 592 683
f 635 593 684
f 593 661 684
f 618 663 662
f 616 638 685
f 561 686 638
f 686 561 640
f 639 687 665
f 688 664 666
f 666 620 689
f 620 541 689
f 689 541 622
f 690 642 691
f 622 645 692
f 622 692 693
f 623 694 649
f 695 649 696
f 602 494 697
f 649 695 603
f 695 667 603
f 651 525 626
f 575 698 670
f 575 653 698
f 699 653 652
f 498 668 654
f 577 655 700
f 578 579 671
f 579 580 672
f 547 502 656
f 581 656 674
f 631 630 676
f 583 505 676
f 633 584 701
f 701 584 658
f 659 612 702
f 612 660 702
f 680 550 586
f 679 589 703
f 551 613 681
f 589 614 703
f 704 614 634
f 682 634 591
f 635 705 636
f 635 684 705
f 661 616 706
f 617 641 564
f 706 616 685
f 685 638 686
f 637 662 707
f 637 707 639
f 639 707 687
f 640 665 686
f 664 688 708
f 641 709 565
f 622 710 689
f 711 642 690
f 642 644 691
f 709 601 565
f 710 622 693
f 694 623 711
f 642 711 623
f 644 643 712
f 649 694 696
f 494 650 697
f 572 648 713
f 571 625 647
f 650 573 627
f 667 668 574
f 604 714 625
f 604 715 714
f 604 606 715
f 608 670 716
f 577 717 609
f 502 628 656
f 718 629 673
f 674 719 657
f 630 657 720
f 583 676 677
f 548 677 678
f 659 721 658
f 633 722 613
f 587 723 586
f 587 679 723
f 681 613 724
f 636 705 682
f 706 684 661
f 617 725 641
f 686 726 685
f 663 664 708
f 707 662 663
f 687 707 727
f 686 665 728
f 665 687 728
f 666 729 688
f 689 730 729
f 729 666 689
f 689 710 730
f 693 731 710
f 643 570 712
f 570 732 712
f 570 646 732
f 733 695 696
f 734 667 695
f 626 572 713
f 626 735 651
f 605 651 736
f 737 627 609
f 737 609 717
f 605 738 652
f 739 698 653
f 653 699 739
f 610 654 740
f 655 671 741
f 671 579 672
f 672 629 742
f 743 674 656
f 675 718 673
f 680 744 660
f 586 744 680
f 704 634 745
f 634 682 746
f 617 683 725
f 682 705 747
f 684 748 705
f 684 706 748
f 685 726 706
f 726 686 749
f 707 663 750
f 663 708 750
f 707 750 727
f 686 728 749
f 687 727 728
f 751 688 729
f 708 688 751
f 691 752 690
f 712 752 644
f 644 752 691
f 693 692 731
f 711 753 694
f 696 694 733
f 754 602 697
f 648 755 713
f 625 756 647
f 713 735 626
f 757 736 651
f 606 669 715
f 652 738 699
f 605 736 738
f 669 716 758
f 608 716 669
f 668 759 654
f 670 760 716
f 670 761 760
f 670 698 761
f 741 700 655
f 671 672 762
f 610 740 628
f 763 656 628
f 656 763 743
f 764 742 629
f 718 764 629
f 657 719 720
f 720 676 630
f 632 765 766
f 766 675 632
f 676 767 677
f 677 768 678
f 765 632 678
f 658 721 701
f 701 722 633
f 659 769 721
f 722 724 613
f 702 660 770
f 770 660 744
f 723 744 586
f 723 679 771
f 679 703 771
f 592 681 772
f 614 704 773
f 592 772 683
f 634 746 745
f 682 747 746
f 747 705 774
f 775 774 705
f 748 775 705
f 748 706 776
f 706 726 776
f 641 725 777
f 776 726 749
f 750 708 778
f 750 778 779
f 727 750 779
f 727 779 780
f 780 749 728
f 728 727 780
f 708 751 781
f 709 641 782
f 783 751 729
f 783 729 730
f 710 784 730
f 785 690 752
f 709 786 648
f 709 648 601
f 753 787 733
f 753 733 694
f 602 754 645
f 788 733 787
f 695 733 788
f 647 789 646
f 756 789 647
f 790 667 734
f 791 756 625
f 627 792 650
f 625 714 791
f 757 651 735
f 627 737 793
f 717 577 700
f 674 794 719
f 675 766 718
f 676 795 767
f 770 769 659
f 702 770 659
f 723 796 744
f 614 773 703
f 704 745 773
f 746 797 745
f 683 772 725
f 747 798 746
f 747 774 798
f 774 775 799
f 775 748 799
f 748 776 799
f 776 800 799
f 800 749 801
f 776 749 800
f 779 801 780
f 749 780 801
f 708 781 778
f 641 777 782
f 783 781 751
f 730 784 783
f 690 802 711
f 802 690 785
f 753 711 803
f 803 711 802
f 692 804 731
f 710 731 784
f 645 804 692
f 732 646 789
f 648 786 755
f 697 650 792
f 805 735 713
f 790 668 667
f 715 806 714
f 669 807 715
f 739 808 698
f 740 654 809
f 671 810 741
f 810 671 762
f 811 628 740
f 674 743 794
f 677 767 768
f 722 701 812
f 721 813 701
f 701 813 812
f 722 814 724
f 744 796 770
f 796 723 771
f 725 772 815
f 798 816 797
f 746 798 797
f 774 817 798
f 817 774 799
f 817 818 798
f 799 818 817
f 800 818 799
f 800 819 818
f 725 820 777
f 821 822 819
f 801 821 819
f 800 801 819
f 801 779 821
f 821 778 822
f 779 778 821
f 822 778 781
f 783 823 781
f 784 823 783
f 753 803 824
f 712 825 752
f 753 824 787
f 732 826 712
f 804 645 754
f 695 788 734
f 734 788 827
f 755 805 713
f 627 793 792
f 714 828 791
f 714 806 828
f 668 790 829
f 830 736 757
f 715 807 806
f 699 738 739
f 698 808 761
f 654 759 809
f 831 810 762
f 762 672 742
f 832 766 765
f 676 720 795
f 678 768 833
f 678 833 765
f 721 834 813
f 834 721 769
f 724 814 681
f 770 796 835
f 797 836 745
f 725 815 837
f 798 838 816
f 798 839 838
f 725 837 820
f 798 818 839
f 818 840 839
f 818 819 840
f 841 819 822
f 823 842 781
f 822 781 842
f 782 843 786
f 782 786 709
f 802 785 844
f 752 825 785
f 784 731 845
f 788 824 846
f 712 826 825
f 824 788 787
f 668 829 759
f 736 830 738
f 738 830 847
f 717 848 849
f 849 737 717
f 669 758 807
f 716 760 758
f 808 739 850
f 700 848 717
f 759 851 809
f 852 700 741
f 811 740 809
f 743 763 794
f 718 853 764
f 719 854 720
f 855 795 720
f 833 832 765
f 856 766 832
f 768 767 857
f 796 771 835
f 703 858 771
f 703 773 858
f 745 836 773
f 840 859 838
f 838 839 840
f 859 841 860
f 840 841 859
f 819 841 840
f 841 861 860
f 841 842 861
f 841 822 842
f 823 862 842
f 863 823 784
f 824 864 846
f 864 824 803
f 802 865 803
f 802 844 865
f 785 866 844
f 866 785 825
f 863 784 845
f 845 731 804
f 846 827 788
f 826 732 789
f 827 867 734
f 754 697 792
f 735 805 868
f 735 868 757
f 739 738 850
f 700 852 848
f 761 808 850
f 741 810 852
f 811 869 628
f 763 628 869
f 870 853 718
f 718 766 870
f 870 766 856
f 767 795 857
f 768 857 833
f 871 814 722
f 812 871 722
f 834 769 872
f 873 769 770
f 835 874 770
f 770 874 873
f 835 875 874
f 771 875 835
f 876 772 681
f 771 858 875
f 836 797 877
f 797 816 877
f 838 878 816
f 879 878 838
f 838 859 879
f 865 844 880
f 880 844 866
f 862 823 863
f 864 803 865
f 786 843 755
f 881 845 804
f 882 793 737
f 757 883 830
f 883 847 830
f 738 847 884
f 760 885 758
f 760 886 885
f 760 761 886
f 810 831 887
f 809 888 811
f 831 762 889
f 742 890 762
f 742 764 890
f 719 794 854
f 871 812 891
f 813 891 812
f 813 892 891
f 813 834 892
f 769 873 872
f 893 681 814
f 858 773 894
f 836 894 773
f 876 895 772
f 772 895 815
f 879 859 860
f 777 896 782
f 861 842 897
f 862 898 897
f 897 842 862
f 899 864 865
f 865 880 900
f 901 880 866
f 864 902 846
f 843 903 755
f 881 863 845
f 846 904 827
f 902 904 846
f 804 905 881
f 904 867 827
f 804 754 905
f 805 755 903
f 754 906 905
f 805 907 868
f 754 792 906
f 734 867 790
f 790 908 829
f 828 806 909
f 737 849 882
f 758 910 807
f 738 884 850
f 759 829 911
f 759 911 851
f 809 851 888
f 810 912 852
f 810 887 912
f 794 763 913
f 764 853 890
f 794 914 854
f 720 854 855
f 870 856 915
f 855 916 795
f 856 832 915
f 834 917 892
f 918 814 871
f 834 872 917
f 814 919 893
f 872 920 921
f 873 920 872
f 920 873 874
f 893 876 681
f 874 922 920
f 875 922 874
f 858 922 875
f 815 923 837
f 877 816 878
f 837 923 820
f 777 820 896
f 879 860 924
f 925 924 860
f 861 925 860
f 861 897 925
f 862 926 898
f 864 899 927
f 865 900 899
f 864 927 902
f 866 825 901
f 928 862 863
f 826 929 825
f 930 863 881
f 930 928 863
f 930 881 905
f 789 931 826
f 903 907 805
f 756 931 789
f 908 790 867
f 791 932 756
f 882 792 793
f 868 933 883
f 868 883 757
f 806 934 909
f 806 807 935
f 890 889 762
f 936 763 869
f 763 936 913
f 853 870 937
f 938 937 915
f 937 870 915
f 938 832 833
f 915 832 938
f 795 939 857
f 891 940 918
f 892 940 891
f 892 917 940
f 918 871 891
f 918 919 814
f 921 917 872
f 858 941 922
f 941 858 894
f 836 877 894
f 815 895 923
f 878 879 942
f 879 924 942
f 782 896 943
f 782 943 944
f 782 944 843
f 925 897 945
f 897 898 945
f 899 946 927
f 880 901 900
f 901 929 947
f 825 929 901
f 926 862 928
f 948 902 927
f 902 948 904
f 867 904 949
f 929 826 931
f 792 882 906
f 806 935 934
f 950 847 883
f 807 910 935
f 758 885 910
f 884 951 850
f 952 851 911
f 852 912 848
f 851 952 888
f 887 831 953
f 869 811 888
f 889 953 831
f 954 889 890
f 794 913 914
f 937 955 956
f 853 937 956
f 853 956 890
f 795 916 939
f 918 957 919
f 917 921 958
f 920 959 921
f 920 960 959
f 922 960 920
f 941 960 922
f 961 941 894
f 894 877 961
f 961 877 962
f 877 878 962
f 878 942 962
f 963 820 923
f 963 964 820
f 964 896 820
f 924 925 965
f 965 925 966
f 925 945 966
f 945 898 926
f 946 899 967
f 967 899 968
f 900 968 899
f 927 946 969
f 901 947 900
f 900 947 970
f 926 928 971
f 927 969 948
f 948 972 904
f 905 973 930
f 949 974 867
f 905 906 973
f 867 974 908
f 931 756 932
f 932 791 909
f 868 975 933
f 791 828 909
f 883 933 976
f 829 908 977
f 885 978 910
f 761 979 886
f 761 850 980
f 890 956 954
f 938 981 955
f 955 937 938
f 833 982 938
f 939 983 857
f 857 983 833
f 918 984 957
f 940 984 918
f 940 958 985
f 917 958 940
f 921 959 958
f 876 893 895
f 941 986 960
f 961 986 941
f 895 987 923
f 988 961 962
f 923 989 963
f 962 942 990
f 942 924 990
f 924 965 990
f 966 945 991
f 843 944 903
f 991 926 971
f 945 926 991
f 900 970 968
f 949 904 972
f 992 930 973
f 993 906 882
f 976 950 883
f 887 953 912
f 953 954 994
f 954 953 889
f 869 995 936
f 913 936 996
f 855 854 997
f 833 983 982
f 938 982 981
f 940 985 984
f 998 919 957
f 958 959 999
f 919 998 893
f 893 987 895
f 986 961 988
f 987 989 923
f 962 1000 988
f 1000 962 1001
f 962 990 1001
f 990 1002 1001
f 990 965 1002
f 965 966 1003
f 965 1003 1002
f 966 991 1004
f 991 971 1004
f 968 970 1005
f 946 967 969
f 948 969 1006
f 972 948 1006
f 1007 928 930
f 971 928 1007
f 1008 930 992
f 949 1009 974
f 907 975 868
f 973 906 993
f 908 974 1010
f 1010 977 908
f 882 1011 993
f 882 849 1011
f 847 950 884
f 884 950 1012
f 849 1013 1011
f 849 848 1013
f 885 886 978
f 761 980 979
f 1013 848 912
f 1014 1013 912
f 912 953 1014
f 913 996 1015
f 981 982 1016
f 984 985 1017
f 958 1018 985
f 958 999 1018
f 1019 893 998
f 893 1019 987
f 1019 1020 987
f 959 1021 999
f 960 1021 959
f 960 986 1021
f 988 1000 986
f 1001 1022 1000
f 1001 1023 1022
f 1002 1023 1001
f 1002 1024 1023
f 1025 896 964
f 1002 1003 1024
f 1003 1026 1024
f 943 896 1025
f 1003 1027 1026
f 1003 966 1027
f 966 1004 1027
f 969 967 1028
f 968 1005 967
f 1006 969 1029
f 971 1007 1004
f 1006 1029 972
f 1030 947 929
f 1007 930 1008
f 1031 929 931
f 1032 992 973
f 973 993 1032
f 909 1033 932
f 933 975 1034
f 911 829 977
f 913 1015 914
f 1016 955 981
f 916 855 997
f 939 916 1035
f 939 1035 983
f 1017 957 984
f 985 1018 1017
f 957 1017 1036
f 1036 998 957
f 1019 998 1036
f 999 1021 1037
f 1019 1038 1020
f 1039 1040 1021
f 1021 986 1039
f 1020 989 987
f 1041 989 1020
f 1000 1039 986
f 1039 1000 1022
f 989 1042 1043
f 963 989 1043
f 1026 1023 1024
f 1026 1027 1044
f 1044 1027 1045
f 1027 1004 1045
f 1046 1045 1004
f 969 1028 1047
f 1005 1048 967
f 1005 1049 1048
f 969 1047 1029
f 947 1030 970
f 1050 907 903
f 1046 1004 1007
f 1031 1030 929
f 1051 907 1050
f 972 1052 1009
f 1009 949 972
f 1051 975 907
f 932 1033 931
f 1033 1031 931
f 910 1053 935
f 1054 1053 910
f 1012 951 884
f 850 951 980
f 888 952 1055
f 953 1056 1014
f 1056 953 1057
f 869 888 995
f 953 994 1057
f 936 1058 996
f 954 1059 1060
f 954 956 1059
f 956 955 1059
f 914 1061 854
f 1059 955 1016
f 854 1062 997
f 916 997 1035
f 983 1063 982
f 1017 1018 1064
f 1018 999 1064
f 999 1037 1064
f 1036 1065 1019
f 1037 1021 1040
f 1066 989 1041
f 1067 1040 1039
f 1022 1067 1039
f 1023 1068 1067
f 1022 1023 1067
f 964 963 1043
f 1023 1026 1068
f 1025 964 1043
f 1068 1026 1069
f 1026 1044 1069
f 1070 1069 1044
f 1045 1070 1044
f 1071 944 943
f 944 1071 903
f 967 1048 1028
f 1049 1005 970
f 1046 1007 1072
f 1029 1073 972
f 1072 1007 1008
f 972 1073 1052
f 1074 1032 993
f 976 933 1075
f 976 1075 950
f 911 977 1076
f 1056 1077 1014
f 888 1055 995
f 994 954 1057
f 1058 936 995
f 1078 1059 1016
f 1035 1079 983
f 983 1079 1063
f 1016 982 1078
f 1017 1064 1080
f 1036 1017 1080
f 1081 1080 1064
f 1081 1064 1037
f 1019 1065 1038
f 1081 1037 1040
f 1038 1065 1082
f 1067 1081 1040
f 1020 1038 1041
f 1066 1042 989
f 1069 1083 1068
f 1025 1071 943
f 1070 1045 1046
f 1071 1050 903
f 1029 1047 1073
f 1073 1084 1052
f 1034 975 1051
f 1031 1085 1030
f 1086 1008 992
f 1033 1085 1031
f 1034 1087 933
f 993 1011 1074
f 909 934 1088
f 1013 1089 1011
f 978 1090 1054
f 978 1054 910
f 1076 952 911
f 952 1091 1055
f 1092 1058 995
f 914 1015 1093
f 854 1061 1062
f 1078 1060 1059
f 1063 1078 982
f 1036 1094 1065
f 1036 1080 1094
f 1081 1095 1080
f 1095 1094 1080
f 1081 1096 1095
f 1082 1065 1094
f 1081 1067 1096
f 1038 1082 1097
f 1038 1097 1041
f 1041 1097 1098
f 1099 1096 1067
f 1066 1041 1098
f 1099 1067 1083
f 1083 1067 1068
f 1043 1100 1025
f 1083 1069 1101
f 1025 1102 1071
f 1046 1103 1070
f 1048 1104 1028
f 970 1105 1049
f 1105 970 1030
f 1073 1047 1084
f 1008 1086 1072
f 1106 1009 1052
f 1086 992 1032
f 1009 1010 974
f 909 1088 1033
f 933 1087 1075
f 935 1053 934
f 1089 1074 1011
f 1012 1107 951
f 1107 980 951
f 1076 1091 952
f 1077 1013 1014
f 995 1108 1109
f 995 1109 1092
f 954 1110 1057
f 1015 1111 1093
f 914 1093 1061
f 1060 1078 1112
f 1078 1063 1112
f 1035 1113 1079
f 1094 1095 1114
f 1096 1099 1095
f 1082 1094 1115
f 1095 1099 1114
f 1082 1115 1097
f 1114 1115 1094
f 1099 1083 1116
f 1117 1066 1098
f 1066 1117 1042
f 1042 1100 1043
f 1025 1100 1102
f 1069 1118 1101
f 1119 1118 1069
f 1070 1119 1069
f 1103 1120 1070
f 1050 1071 1121
f 1048 1049 1104
f 1103 1046 1072
f 1047 1122 1123
f 1104 1047 1028
f 1104 1122 1047
f 1047 1123 1084
f 1072 1086 1124
f 1125 1086 1032
f 1009 1126 1010
f 1127 950 1075
f 1128 1107 1012
f 1089 1013 1129
f 995 1055 1108
f 1110 954 1060
f 1015 996 1111
f 1060 1112 1130
f 1131 1063 1079
f 1115 1114 1132
f 1114 1099 1132
f 1132 1133 1115
f 1099 1116 1132
f 1097 1115 1098
f 1115 1134 1098
f 1098 1134 1117
f 1135 1042 1117
f 1116 1083 1136
f 1101 1136 1083
f 1137 1100 1042
f 1136 1101 1118
f 1119 1070 1120
f 1050 1138 1051
f 1105 1030 1139
f 1085 1140 1030
f 1141 1106 1052
f 1009 1106 1126
f 1074 1125 1032
f 1074 1089 1125
f 1053 1054 1142
f 1127 1012 950
f 978 886 1143
f 886 979 1143
f 1077 1129 1013
f 1056 1144 1145
f 1057 1144 1056
f 1060 1130 1110
f 1111 996 1058
f 1093 1146 1061
f 1131 1130 1112
f 1112 1063 1131
f 1035 1147 1113
f 1132 1148 1133
f 1149 1148 1132
f 1132 1116 1149
f 1116 1136 1149
f 1135 1137 1042
f 1102 1100 1150
f 1102 1121 1071
f 1050 1121 1138
f 1104 1151 1122
f 1049 1151 1104
f 1049 1105 1151
f 1124 1103 1072
f 1139 1030 1140
f 1034 1051 1152
f 1086 1153 1124
f 1084 1141 1052
f 1034 1152 1087
f 1085 1033 1154
f 1010 1126 1155
f 934 1156 1088
f 1010 1155 977
f 934 1053 1156
f 1127 1128 1012
f 1129 1077 1145
f 1077 1056 1145
f 1057 1110 1144
f 1109 1157 1092
f 1158 1110 1130
f 1111 1146 1093
f 1061 1146 1159
f 1160 1158 1130
f 1131 1160 1130
f 997 1147 1035
f 1113 1147 1161
f 1079 1113 1162
f 1162 1131 1079
f 1134 1115 1163
f 1115 1133 1163
f 1163 1133 1148
f 1117 1134 1164
f 1135 1117 1164
f 1165 1135 1164
f 1137 1135 1165
f 1166 1100 1137
f 1100 1166 1150
f 1136 1118 1167
f 1150 1121 1102
f 1119 1168 1118
f 1103 1124 1169
f 1120 1103 1169
f 1123 1122 1170
f 1151 1170 1122
f 1152 1051 1138
f 1084 1171 1141
f 1086 1125 1153
f 1172 1106 1141
f 1106 1172 1126
f 1033 1088 1154
f 1087 1173 1075
f 1053 1174 1156
f 1127 1075 1175
f 1125 1089 1129
f 977 1155 1176
f 1076 977 1176
f 1054 1177 1142
f 1054 1090 1177
f 1176 1178 1076
f 1179 980 1107
f 1110 1180 1144
f 1111 1058 1181
f 1146 1111 1181
f 997 1062 1147
f 1160 1131 1162
f 1161 1162 1113
f 1134 1163 1164
f 1163 1148 1182
f 1148 1149 1182
f 1137 1165 1183
f 1183 1166 1137
f 1136 1167 1149
f 1184 1150 1166
f 1118 1168 1167
f 1150 1185 1121
f 1121 1186 1138
f 1105 1187 1151
f 1105 1139 1187
f 1154 1140 1085
f 1188 1172 1141
f 1087 1189 1173
f 979 980 1179
f 1178 1091 1076
f 1108 1157 1109
f 1110 1158 1190
f 1180 1110 1190
f 1191 1062 1061
f 1164 1163 1192
f 1192 1163 1193
f 1193 1163 1182
f 1164 1192 1165
f 1165 1192 1194
f 1194 1195 1165
f 1182 1149 1196
f 1195 1183 1165
f 1183 1197 1166
f 1149 1167 1196
f 1198 1167 1168
f 1119 1120 1199
f 1168 1119 1199
f 1169 1199 1120
f 1124 1153 1169
f 1087 1152 1189
f 1125 1200 1153
f 1125 1201 1200
f 1088 1202 1154
f 1088 1156 1202
f 1075 1173 1175
f 1053 1203 1174
f 1142 1203 1053
f 1127 1204 1128
f 1201 1125 1129
f 1179 1107 1128
f 1145 1201 1129
f 978 1143 1090
f 1091 1178 1055
f 1144 1205 1145
f 1055 1206 1108
f 1180 1207 1205
f 1144 1180 1205
f 1190 1207 1180
f 1208 1190 1158
f 1058 1209 1181
f 1210 1208 1158
f 1160 1210 1158
f 1062 1191 1211
f 1147 1062 1211
f 1162 1161 1212
f 1210 1160 1162
f 1210 1162 1212
f 1193 1194 1192
f 1193 1182 1213
f 1196 1213 1182
f 1166 1214 1184
f 1197 1214 1166
f 1185 1150 1184
f 1215 1213 1196
f 1167 1198 1196
f 1196 1198 1215
f 1198 1168 1199
f 1151 1187 1170
f 1123 1216 1084
f 1123 1170 1216
f 1140 1217 1139
f 1169 1153 1218
f 1216 1219 1084
f 1171 1084 1219
f 1153 1200 1218
f 1188 1141 1220
f 1220 1141 1171
f 1126 1172 1221
f 1126 1221 1155
f 1222 1176 1155
f 1223 1176 1222
f 1175 1204 1127
f 1142 1177 1203
f 1178 1176 1223
f 1224 1177 1090
f 1090 1143 1224
f 1225 1226 1145
f 1225 1145 1205
f 1181 1209 1227
f 1146 1228 1159
f 1061 1159 1229
f 1212 1230 1210
f 1147 1211 1161
f 1193 1231 1194
f 1195 1197 1183
f 1193 1232 1231
f 1213 1232 1193
f 1185 1233 1186
f 1185 1186 1121
f 1169 1234 1199
f 1218 1234 1169
f 1217 1187 1139
f 1220 1171 1219
f 1235 1179 1236
f 1128 1236 1179
f 1179 1235 979
f 1108 1206 1237
f 1108 1237 1157
f 1092 1209 1058
f 1146 1181 1228
f 1210 1230 1208
f 1061 1229 1191
f 1230 1212 1238
f 1238 1212 1161
f 1195 1194 1239
f 1239 1194 1240
f 1240 1194 1231
f 1241 1214 1197
f 1195 1239 1197
f 1242 1185 1184
f 1213 1215 1232
f 1242 1233 1185
f 1243 1232 1215
f 1244 1215 1198
f 1245 1198 1199
f 1234 1245 1199
f 1170 1187 1246
f 1217 1247 1187
f 1218 1248 1234
f 1216 1170 1246
f 1218 1249 1248
f 1249 1218 1200
f 1201 1250 1200
f 1226 1201 1145
f 979 1251 1143
f 1251 979 1235
f 1055 1178 1206
f 1207 1252 1205
f 1092 1157 1209
f 1157 1253 1209
f 1208 1207 1190
f 1228 1181 1227
f 1161 1211 1238
f 1184 1214 1254
f 1239 1241 1197
f 1255 1241 1239
f 1240 1255 1239
f 1231 1232 1240
f 1244 1243 1215
f 1186 1256 1138
f 1257 1152 1256
f 1152 1138 1256
f 1258 1246 1187
f 1187 1247 1258
f 1259 1217 1140
f 1152 1260 1189
f 1259 1140 1154
f 1189 1261 1173
f 1154 1202 1262
f 1156 1263 1202
f 1221 1264 1155
f 1175 1265 1204
f 1250 1201 1226
f 1177 1266 1203
f 1267 1236 1128
f 1204 1267 1128
f 1177 1224 1266
f 1236 1268 1235
f 1143 1251 1224
f 1178 1269 1206
f 1207 1270 1252
f 1208 1271 1207
f 1208 1230 1271
f 1184 1254 1242
f 1242 1254 1272
f 1240 1232 1255
f 1232 1273 1255
f 1232 1243 1273
f 1244 1274 1243
f 1198 1245 1244
f 1245 1275 1244
f 1260 1152 1257
f 1259 1154 1262
f 1189 1260 1261
f 1249 1200 1276
f 1277 1172 1188
f 1221 1172 1277
f 1263 1262 1202
f 1276 1200 1278
f 1173 1261 1175
f 1200 1250 1278
f 1222 1155 1264
f 1225 1205 1252
f 1157 1237 1253
f 1279 1159 1228
f 1159 1279 1229
f 1191 1280 1211
f 1211 1281 1238
f 1281 1282 1238
f 1282 1271 1238
f 1230 1238 1271
f 1283 1254 1214
f 1214 1241 1283
f 1186 1233 1256
f 1284 1234 1248
f 1285 1216 1246
f 1247 1286 1258
f 1217 1286 1247
f 1249 1284 1248
f 1219 1287 1288
f 1287 1219 1216
f 1219 1288 1220
f 1220 1288 1188
f 1188 1289 1277
f 1221 1277 1264
f 1175 1261 1265
f 1290 1263 1156
f 1156 1174 1290
f 1291 1174 1203
f 1265 1267 1204
f 1266 1292 1203
f 1268 1236 1293
f 1293 1236 1267
f 1235 1268 1251
f 1223 1294 1178
f 1225 1295 1226
f 1225 1252 1295
f 1206 1296 1237
f 1270 1207 1271
f 1227 1209 1297
f 1228 1227 1298
f 1191 1229 1280
f 1211 1280 1281
f 1255 1299 1241
f 1273 1299 1255
f 1243 1274 1273
f 1245 1234 1284
f 1246 1258 1285
f 1287 1216 1285
f 1217 1259 1286
f 1284 1249 1300
f 1300 1249 1276
f 1188 1288 1289
f 1301 1277 1289
f 1277 1301 1264
f 1174 1291 1302
f 1203 1292 1291
f 1224 1303 1266
f 1224 1251 1303
f 1178 1294 1269
f 1252 1304 1295
f 1269 1296 1206
f 1271 1305 1270
f 1227 1297 1298
f 1282 1281 1305
f 1305 1271 1282
f 1306 1242 1272
f 1241 1299 1283
f 1307 1233 1306
f 1306 1233 1242
f 1256 1307 1308
f 1233 1307 1256
f 1257 1256 1309
f 1310 1284 1300
f 1311 1259 1262
f 1312 1261 1260
f 1313 1301 1289
f 1261 1312 1265
f 1276 1278 1314
f 1174 1302 1290
f 1223 1222 1315
f 1316 1293 1267
f 1265 1316 1267
f 1266 1303 1292
f 1294 1223 1315
f 1317 1303 1251
f 1250 1226 1278
f 1304 1270 1318
f 1252 1270 1304
f 1253 1237 1319
f 1270 1305 1318
f 1253 1320 1209
f 1321 1228 1298
f 1228 1321 1279
f 1280 1322 1281
f 1254 1283 1272
f 1273 1323 1299
f 1273 1274 1323
f 1256 1308 1309
f 1274 1244 1324
f 1244 1275 1324
f 1275 1245 1325
f 1245 1284 1325
f 1276 1314 1300
f 1262 1263 1326
f 1251 1327 1317
f 1268 1293 1251
f 1251 1293 1327
f 1226 1295 1278
f 1237 1296 1328
f 1237 1328 1319
f 1253 1319 1329
f 1329 1320 1253
f 1279 1321 1330
f 1305 1281 1322
f 1331 1306 1272
f 1283 1332 1272
f 1283 1299 1333
f 1324 1275 1325
f 1257 1334 1260
f 1284 1335 1325
f 1258 1336 1285
f 1285 1336 1337
f 1286 1336 1258
f 1338 1284 1310
f 1260 1339 1312
f 1312 1340 1265
f 1222 1264 1315
f 1340 1316 1265
f 1292 1341 1342
f 1292 1303 1341
f 1295 1304 1343
f 1304 1318 1343
f 1305 1344 1318
f 1209 1320 1297
f 1321 1298 1345
f 1322 1344 1305
f 1280 1346 1322
f 1279 1280 1229
f 1331 1272 1332
f 1307 1306 1347
f 1348 1333 1299
f 1307 1347 1308
f 1299 1323 1348
f 1274 1349 1323
f 1274 1324 1349
f 1325 1350 1324
f 1257 1309 1334
f 1335 1284 1338
f 1351 1336 1286
f 1260 1334 1339
f 1337 1287 1285
f 1286 1259 1351
f 1352 1310 1300
f 1288 1353 1289
f 1352 1300 1314
f 1289 1353 1313
f 1312 1354 1340
f 1263 1290 1326
f 1342 1291 1292
f 1314 1278 1355
f 1303 1356 1341
f 1303 1317 1356
f 1328 1357 1319
f 1280 1279 1346
f 1322 1346 1344
f 1283 1333 1332
f 1332 1333 1358
f 1306 1331 1347
f 1347 1309 1308
f 1323 1349 1359
f 1324 1350 1349
f 1287 1360 1288
f 1339 1354 1312
f 1262 1326 1311
f 1361 1264 1301
f 1362 1294 1315
f 1278 1295 1363
f 1294 1362 1269
f 1295 1343 1363
f 1319 1357 1329
f 1320 1329 1364
f 1318 1344 1365
f 1346 1365 1344
f 1321 1345 1330
f 1279 1366 1346
f 1348 1358 1333
f 1359 1348 1323
f 1325 1335 1367
f 1337 1336 1368
f 1310 1369 1338
f 1310 1352 1369
f 1259 1311 1370
f 1264 1361 1315
f 1340 1371 1316
f 1372 1293 1316
f 1278 1363 1355
f 1373 1296 1269
f 1328 1296 1373
f 1329 1357 1374
f 1329 1374 1364
f 1320 1364 1297
f 1298 1297 1375
f 1298 1375 1345
f 1330 1366 1279
f 1331 1332 1376
f 1377 1331 1376
f 1332 1358 1376
f 1358 1348 1378
f 1347 1379 1380
f 1347 1380 1309
f 1348 1359 1381
f 1349 1350 1359
f 1334 1309 1380
f 1350 1325 1382
f 1382 1325 1367
f 1338 1383 1335
f 1287 1337 1360
f 1369 1383 1338
f 1351 1259 1370
f 1288 1384 1353
f 1360 1384 1288
f 1354 1385 1340
f 1340 1385 1371
f 1313 1361 1301
f 1326 1290 1386
f 1387 1316 1371
f 1314 1355 1388
f 1315 1361 1389
f 1291 1390 1302
f 1291 1342 1390
f 1372 1327 1293
f 1362 1315 1389
f 1341 1391 1342
f 1341 1356 1391
f 1327 1356 1317
f 1373 1269 1362
f 1357 1392 1374
f 1297 1364 1393
f 1297 1393 1375
f 1365 1346 1394
f 1330 1345 1395
f 1330 1396 1366
f 1346 1366 1394
f 1358 1378 1376
f 1379 1347 1331
f 1377 1379 1331
f 1379 1397 1380
f 1359 1398 1381
f 1339 1334 1399
f 1367 1335 1383
f 1385 1354 1339
f 1314 1388 1369
f 1369 1352 1314
f 1302 1390 1290
f 1343 1400 1363
f 1328 1373 1401
f 1392 1328 1401
f 1357 1328 1392
f 1343 1318 1400
f 1365 1400 1318
f 1364 1402 1393
f 1394 1366 1396
f 1379 1403 1397
f 1378 1381 1404
f 1348 1381 1378
f 1359 1405 1398
f 1334 1380 1406
f 1367 1407 1382
f 1337 1408 1360
f 1337 1368 1408
f 1336 1409 1368
f 1369 1388 1410
f 1311 1386 1411
f 1326 1386 1311
f 1385 1412 1371
f 1413 1361 1313
f 1414 1386 1290
f 1290 1390 1414
f 1387 1372 1316
f 1342 1391 1390
f 1355 1415 1388
f 1355 1363 1415
f 1364 1374 1402
f 1345 1375 1416
f 1345 1416 1395
f 1395 1396 1330
f 1377 1403 1379
f 1376 1417 1377
f 1418 1376 1378
f 1378 1404 1418
f 1397 1419 1380
f 1420 1404 1381
f 1359 1350 1405
f 1382 1405 1350
f 1383 1407 1367
f 1409 1336 1421
f 1421 1336 1351
f 1383 1369 1410
f 1370 1311 1422
f 1311 1411 1422
f 1423 1413 1313
f 1361 1413 1389
f 1386 1414 1424
f 1391 1425 1390
f 1356 1426 1391
f 1327 1426 1356
f 1362 1427 1373
f 1363 1400 1415
f 1401 1428 1392
f 1392 1429 1374
f 1374 1429 1430
f 1430 1402 1374
f 1396 1395 1431
f 1397 1403 1432
f 1433 1417 1434
f 1417 1376 1434
f 1434 1376 1418
f 1398 1435 1381
f 1435 1420 1381
f 1406 1399 1334
f 1409 1436 1368
f 1437 1383 1410
f 1421 1351 1370
f 1399 1412 1339
f 1412 1385 1339
f 1410 1388 1437
f 1412 1438 1371
f 1386 1424 1439
f 1438 1387 1371
f 1327 1372 1440
f 1426 1425 1391
f 1389 1441 1362
f 1415 1400 1442
f 1373 1427 1401
f 1365 1443 1400
f 1444 1375 1393
f 1394 1431 1365
f 1375 1444 1416
f 1416 1445 1395
f 1431 1394 1396
f 1403 1446 1432
f 1403 1417 1446
f 1417 1433 1447
f 1446 1417 1447
f 1417 1403 1377
f 1397 1432 1419
f 1420 1418 1404
f 1406 1380 1419
f 1405 1435 1398
f 1448 1435 1405
f 1382 1448 1405
f 1399 1406 1449
f 1382 1407 1448
f 1407 1450 1448
f 1407 1383 1451
f 1408 1368 1436
f 1383 1437 1451
f 1384 1452 1353
f 1370 1422 1421
f 1353 1452 1453
f 1412 1454 1438
f 1353 1455 1313
f 1313 1455 1423
f 1386 1439 1411
f 1414 1456 1424
f 1440 1372 1387
f 1414 1390 1456
f 1390 1425 1456
f 1425 1426 1457
f 1327 1440 1426
f 1388 1415 1442
f 1427 1362 1441
f 1427 1458 1401
f 1459 1460 1442
f 1442 1400 1459
f 1428 1461 1392
f 1392 1461 1429
f 1400 1443 1459
f 1430 1462 1402
f 1443 1365 1431
f 1445 1431 1395
f 1446 1463 1432
f 1433 1418 1464
f 1434 1418 1433
f 1464 1418 1420
f 1451 1450 1407
f 1465 1408 1436
f 1436 1409 1466
f 1466 1409 1421
f 1467 1466 1421
f 1399 1468 1412
f 1421 1422 1469
f 1437 1388 1470
f 1388 1471 1470
f 1424 1456 1472
f 1388 1442 1471
f 1457 1456 1425
f 1457 1426 1440
f 1429 1473 1430
f 1402 1462 1474
f 1393 1402 1474
f 1474 1444 1393
f 1443 1431 1475
f 1416 1444 1476
f 1431 1445 1475
f 1447 1477 1446
f 1464 1447 1433
f 1463 1478 1432
f 1432 1478 1419
f 1464 1420 1479
f 1406 1419 1478
f 1420 1435 1480
f 1448 1480 1435
f 1399 1449 1468
f 1436 1481 1465
f 1436 1466 1481
f 1360 1408 1384
f 1469 1467 1421
f 1422 1411 1469
f 1453 1455 1353
f 1454 1482 1438
f 1482 1387 1438
f 1457 1440 1483
f 1389 1413 1441
f 1442 1460 1471
f 1441 1484 1427
f 1458 1427 1484
f 1458 1485 1401
f 1428 1401 1485
f 1429 1461 1486
f 1486 1473 1429
f 1487 1459 1443
f 1462 1488 1474
f 1475 1487 1443
f 1476 1445 1416
f 1446 1477 1489
f 1446 1489 1463
f 1477 1447 1490
f 1463 1489 1478
f 1490 1447 1464
f 1479 1490 1464
f 1479 1420 1480
f 1480 1448 1450
f 1465 1481 1491
f 1492 1465 1491
f 1470 1451 1437
f 1492 1408 1465
f 1408 1493 1384
f 1454 1412 1468
f 1494 1469 1411
f 1470 1471 1495
f 1411 1439 1494
f 1439 1424 1496
f 1496 1424 1472
f 1497 1423 1455
f 1440 1387 1498
f 1413 1423 1497
f 1499 1456 1457
f 1483 1499 1457
f 1413 1500 1441
f 1471 1460 1501
f 1459 1501 1460
f 1428 1485 1461
f 1473 1462 1430
f 1502 1462 1473
f 1503 1459 1487
f 1476 1504 1445
f 1504 1487 1475
f 1504 1475 1445
f 1444 1505 1476
f 1478 1489 1506
f 1490 1507 1508
f 1490 1508 1477
f 1490 1509 1507
f 1509 1490 1479
f 1406 1478 1510
f 1479 1480 1511
f 1511 1480 1512
f 1480 1450 1512
f 1512 1450 1513
f 1514 1513 1450
f 1450 1451 1514
f 1514 1451 1470
f 1481 1466 1467
f 1468 1482 1454
f 1439 1496 1494
f 1482 1515 1387
f 1515 1498 1387
f 1472 1456 1516
f 1456 1499 1516
f 1413 1497 1500
f 1440 1498 1483
f 1441 1500 1484
f 1503 1501 1459
f 1458 1484 1517
f 1485 1518 1461
f 1461 1519 1486
f 1462 1520 1488
f 1444 1474 1505
f 1474 1521 1505
f 1489 1508 1522
f 1477 1508 1489
f 1489 1523 1506
f 1524 1478 1506
f 1511 1509 1479
f 1478 1524 1510
f 1512 1525 1511
f 1406 1510 1526
f 1449 1406 1526
f 1492 1491 1527
f 1491 1481 1527
f 1408 1492 1493
f 1481 1467 1528
f 1470 1529 1514
f 1530 1467 1469
f 1529 1470 1495
f 1531 1530 1469
f 1494 1531 1469
f 1516 1496 1472
f 1500 1532 1484
f 1517 1485 1458
f 1533 1518 1485
f 1534 1486 1519
f 1486 1534 1473
f 1502 1520 1462
f 1535 1474 1488
f 1474 1535 1521
f 1504 1476 1536
f 1505 1537 1476
f 1522 1523 1489
f 1538 1523 1522
f 1508 1538 1522
f 1538 1508 1507
f 1539 1538 1507
f 1507 1509 1539
f 1509 1511 1525
f 1509 1525 1539
f 1540 1525 1512
f 1512 1513 1540
f 1449 1541 1468
f 1513 1514 1542
f 1492 1543 1493
f 1542 1514 1529
f 1528 1467 1530
f 1468 1544 1482
f 1482 1544 1515
f 1545 1455 1453
f 1545 1497 1455
f 1483 1498 1546
f 1546 1498 1515
f 1499 1483 1547
f 1546 1547 1483
f 1495 1471 1501
f 1485 1517 1533
f 1501 1503 1548
f 1518 1519 1461
f 1502 1473 1534
f 1504 1536 1487
f 1476 1537 1536
f 1505 1521 1537
f 1549 1523 1538
f 1550 1506 1523
f 1549 1538 1539
f 1506 1550 1524
f 1539 1551 1549
f 1539 1525 1551
f 1510 1524 1552
f 1551 1525 1540
f 1513 1553 1540
f 1526 1541 1449
f 1492 1554 1543
f 1527 1554 1492
f 1553 1513 1542
f 1527 1481 1528
f 1531 1494 1555
f 1529 1495 1556
f 1452 1545 1453
f 1557 1494 1496
f 1496 1516 1557
f 1516 1499 1558
f 1558 1499 1547
f 1495 1501 1556
f 1534 1559 1502
f 1560 1520 1502
f 1561 1487 1536
f 1550 1523 1549
f 1549 1562 1550
f 1550 1562 1563
f 1550 1563 1524
f 1549 1564 1562
f 1549 1551 1564
f 1524 1563 1552
f 1551 1565 1564
f 1551 1540 1565
f 1510 1552 1566
f 1510 1566 1567
f 1526 1510 1567
f 1565 1540 1553
f 1565 1553 1568
f 1526 1567 1541
f 1554 1569 1543
f 1541 1570 1468
f 1542 1571 1553
f 1527 1528 1572
f 1570 1544 1468
f 1573 1542 1556
f 1529 1556 1542
f 1530 1531 1555
f 1494 1557 1555
f 1544 1574 1515
f 1557 1516 1558
f 1546 1515 1575
f 1556 1501 1576
f 1577 1497 1545
f 1497 1578 1500
f 1500 1579 1532
f 1500 1578 1579
f 1532 1517 1484
f 1580 1501 1548
f 1533 1581 1518
f 1519 1582 1534
f 1534 1583 1559
f 1534 1582 1583
f 1503 1580 1548
f 1560 1502 1559
f 1487 1561 1503
f 1584 1520 1560
f 1520 1535 1488
f 1521 1535 1585
f 1586 1521 1585
f 1537 1586 1561
f 1536 1537 1561
f 1586 1537 1521
f 1563 1562 1587
f 1562 1564 1587
f 1563 1587 1552
f 1552 1588 1566
f 1587 1588 1552
f 1587 1589 1588
f 1564 1565 1587
f 1565 1589 1587
f 1566 1590 1567
f 1591 1567 1590
f 1592 1567 1593
f 1567 1592 1541
f 1565 1568 1589
f 1527 1572 1594
f 1595 1527 1594
f 1594 1572 1596
f 1553 1571 1568
f 1595 1569 1554
f 1527 1595 1554
f 1572 1528 1597
f 1542 1573 1571
f 1597 1528 1530
f 1597 1530 1555
f 1493 1598 1384
f 1384 1598 1452
f 1515 1574 1575
f 1599 1545 1452
f 1546 1558 1547
f 1577 1578 1497
f 1501 1600 1576
f 1580 1600 1501
f 1532 1601 1517
f 1517 1581 1533
f 1518 1602 1519
f 1519 1602 1582
f 1503 1561 1580
f 1603 1560 1559
f 1520 1584 1535
f 1590 1566 1588
f 1590 1588 1604
f 1589 1604 1588
f 1590 1604 1591
f 1591 1593 1567
f 1589 1605 1604
f 1589 1568 1605
f 1592 1593 1570
f 1568 1571 1605
f 1541 1592 1570
f 1543 1606 1493
f 1493 1606 1607
f 1569 1606 1543
f 1608 1574 1544
f 1570 1608 1544
f 1493 1607 1598
f 1556 1576 1573
f 1609 1610 1557
f 1558 1546 1611
f 1546 1575 1612
f 1611 1546 1612
f 1452 1613 1599
f 1558 1609 1557
f 1614 1545 1599
f 1577 1545 1614
f 1602 1615 1582
f 1616 1559 1583
f 1617 1618 1561
f 1584 1619 1535
f 1561 1586 1617
f 1593 1591 1620
f 1604 1620 1591
f 1605 1620 1604
f 1569 1595 1621
f 1622 1594 1596
f 1623 1570 1593
f 1620 1623 1593
f 1605 1571 1620
f 1623 1624 1570
f 1625 1620 1571
f 1626 1596 1572
f 1572 1597 1626
f 1571 1573 1625
f 1573 1576 1627
f 1452 1598 1613
f 1610 1555 1557
f 1609 1558 1611
f 1580 1628 1600
f 1532 1579 1601
f 1517 1601 1581
f 1581 1629 1518
f 1616 1603 1559
f 1618 1628 1580
f 1561 1618 1580
f 1560 1603 1630
f 1630 1584 1560
f 1631 1584 1630
f 1584 1631 1619
f 1585 1535 1619
f 1585 1632 1586
f 1619 1632 1585
f 1632 1617 1586
f 1633 1621 1595
f 1633 1595 1594
f 1622 1633 1594
f 1623 1620 1634
f 1606 1621 1635
f 1606 1569 1621
f 1636 1608 1624
f 1608 1570 1624
f 1623 1637 1624
f 1637 1623 1634
f 1634 1620 1625
f 1635 1607 1606
f 1608 1638 1574
f 1638 1639 1574
f 1625 1573 1627
f 1597 1610 1626
f 1597 1555 1610
f 1574 1639 1575
f 1576 1600 1627
f 1577 1614 1640
f 1578 1577 1640
f 1641 1629 1581
f 1615 1642 1583
f 1581 1601 1641
f 1602 1518 1629
f 1583 1582 1615
f 1628 1618 1643
f 1632 1643 1618
f 1631 1632 1619
f 1618 1617 1632
f 1633 1644 1645
f 1646 1633 1645
f 1622 1644 1633
f 1622 1647 1644
f 1646 1635 1621
f 1633 1646 1621
f 1622 1596 1648
f 1608 1636 1638
f 1624 1649 1636
f 1624 1637 1649
f 1648 1596 1626
f 1607 1650 1598
f 1639 1612 1575
f 1609 1651 1610
f 1609 1652 1651
f 1609 1611 1652
f 1611 1612 1652
f 1653 1627 1600
f 1601 1654 1641
f 1583 1655 1616
f 1656 1631 1630
f 1632 1631 1657
f 1643 1632 1657
f 1646 1645 1658
f 1658 1659 1646
f 1644 1647 1645
f 1659 1635 1646
f 1647 1622 1648
f 1649 1637 1660
f 1637 1634 1660
f 1635 1661 1607
f 1634 1625 1660
f 1650 1607 1661
f 1648 1626 1662
f 1663 1639 1638
f 1660 1625 1653
f 1626 1610 1662
f 1651 1662 1610
f 1663 1612 1639
f 1625 1627 1653
f 1598 1650 1613
f 1664 1614 1599
f 1614 1664 1640
f 1640 1665 1578
f 1578 1666 1579
f 1600 1628 1667
f 1579 1668 1601
f 1602 1629 1669
f 1602 1669 1615
f 1669 1670 1615
f 1642 1615 1670
f 1583 1642 1655
f 1643 1667 1628
f 1671 1667 1643
f 1655 1603 1616
f 1656 1630 1672
f 1631 1656 1657
f 1671 1643 1657
f 1645 1673 1658
f 1673 1645 1674
f 1675 1645 1647
f 1676 1659 1658
f 1677 1659 1676
f 1635 1659 1678
f 1647 1648 1675
f 1679 1675 1648
f 1635 1678 1661
f 1680 1663 1681
f 1682 1681 1649
f 1649 1681 1636
f 1638 1681 1663
f 1636 1681 1638
f 1649 1660 1682
f 1679 1648 1662
f 1683 1679 1662
f 1683 1662 1651
f 1684 1683 1612
f 1612 1683 1652
f 1684 1612 1663
f 1652 1683 1651
f 1650 1685 1613
f 1653 1600 1686
f 1613 1664 1599
f 1640 1687 1665
f 1578 1665 1666
f 1666 1668 1579
f 1600 1667 1686
f 1668 1654 1601
f 1655 1642 1670
f 1655 1688 1603
f 1603 1688 1630
f 1672 1630 1688
f 1656 1672 1689
f 1671 1657 1689
f 1656 1689 1657
f 1676 1658 1673
f 1674 1690 1673
f 1691 1674 1692
f 1675 1674 1645
f 1693 1692 1674
f 1693 1674 1675
f 1678 1659 1677
f 1693 1675 1679
f 1694 1695 1696
f 1696 1680 1694
f 1694 1680 1697
f 1696 1698 1684
f 1684 1698 1683
f 1680 1681 1697
f 1682 1699 1697
f 1682 1697 1681
f 1683 1693 1679
f 1663 1696 1684
f 1680 1696 1663
f 1682 1700 1699
f 1682 1660 1700
f 1700 1660 1701
f 1660 1653 1701
f 1661 1702 1650
f 1685 1703 1613
f 1653 1686 1701
f 1703 1664 1613
f 1640 1664 1687
f 1704 1705 1669
f 1705 1706 1669
f 1654 1704 1641
f 1629 1704 1669
f 1670 1669 1706
f 1629 1641 1704
f 1670 1707 1655
f 1707 1708 1655
f 1655 1708 1688
f 1709 1667 1671
f 1671 1689 1709
f 1676 1673 1710
f 1690 1710 1673
f 1691 1711 1674
f 1674 1711 1690
f 1712 1691 1692
f 1676 1710 1677
f 1698 1692 1693
f 1712 1692 1698
f 1713 1712 1698
f 1683 1698 1693
f 1714 1713 1695
f 1713 1698 1696
f 1695 1713 1696
f 1695 1694 1714
f 1678 1677 1715
f 1694 1697 1716
f 1661 1717 1702
f 1678 1717 1661
f 1702 1685 1650
f 1701 1686 1718
f 1705 1719 1706
f 1668 1720 1654
f 1720 1704 1654
f 1706 1721 1670
f 1667 1718 1686
f 1670 1721 1707
f 1722 1718 1667
f 1708 1723 1688
f 1667 1709 1724
f 1722 1667 1724
f 1672 1688 1723
f 1723 1724 1672
f 1724 1709 1672
f 1689 1672 1709
f 1725 1710 1726
f 1726 1710 1690
f 1691 1727 1711
f 1727 1691 1712
f 1712 1728 1727
f 1712 1713 1728
f 1677 1710 1715
f 1713 1714 1728
f 1714 1694 1716
f 1729 1714 1716
f 1729 1699 1730
f 1729 1716 1699
f 1716 1697 1699
f 1715 1717 1678
f 1699 1700 1730
f 1700 1701 1730
f 1701 1731 1730
f 1718 1731 1701
f 1685 1702 1703
f 1703 1732 1664
f 1664 1732 1687
f 1733 1734 1705
f 1720 1668 1666
f 1733 1705 1704
f 1706 1719 1721
f 1707 1735 1708
f 1708 1735 1723
f 1722 1724 1735
f 1735 1724 1723
f 1711 1726 1690
f 1711 1736 1726
f 1727 1736 1711
f 1710 1725 1737
f 1727 1728 1736
f 1728 1738 1736
f 1710 1737 1715
f 1728 1729 1738
f 1714 1729 1728
f 1731 1739 1730
f 1703 1702 1740
f 1732 1703 1740
f 1731 1718 1741
f 1732 1742 1687
f 1742 1743 1687
f 1687 1743 1665
f 1665 1733 1666
f 1718 1744 1741
f 1720 1666 1733
f 1719 1705 1745
f 1746 1719 1745
f 1745 1741 1746
f 1704 1720 1733
f 1721 1719 1746
f 1744 1746 1741
f 1744 1721 1746
f 1718 1722 1744
f 1721 1735 1707
f 1744 1735 1721
f 1744 1722 1735
f 1726 1736 1747
f 1726 1748 1725
f 1747 1748 1726
f 1749 1747 1736
f 1749 1736 1738
f 1749 1738 1750
f 1738 1729 1750
f 1729 1730 1750
f 1739 1750 1730
f 1715 1751 1717
f 1731 1752 1739
f 1717 1740 1702
f 1731 1741 1752
f 1732 1740 1753
f 1754 1755 1734
f 1755 1756 1745
f 1756 1741 1745
f 1742 1732 1753
f 1755 1705 1734
f 1665 1743 1733
f 1745 1705 1755
f 1725 1748 1757
f 1747 1758 1748
f 1749 1759 1747
f 1759 1758 1747
f 1749 1750 1759
f 1737 1751 1715
f 1759 1750 1739
f 1717 1751 1740
f 1752 1741 1756
f 1753 1740 1760
f 1755 1754 1756
f 1761 1754 1733
f 1733 1754 1734
f 1743 1761 1733
f 1758 1757 1748
f 1725 1762 1737
f 1757 1762 1725
f 1758 1759 1763
f 1737 1762 1751
f 1763 1759 1764
f 1739 1764 1759
f 1739 1752 1764
f 1751 1760 1740
f 1751 1765 1760
f 1766 1764 1756
f 1752 1756 1764
f 1766 1756 1754
f 1760 1767 1753
f 1742 1753 1767
f 1767 1768 1742
f 1768 1761 1743
f 1768 1743 1742
f 1762 1757 1769
f 1758 1769 1757
f 1763 1769 1758
f 1763 1764 1770
f 1769 1763 1770
f 1771 1765 1751
f 1771 1751 1762
f 1764 1766 1770
f 1771 1767 1765
f 1767 1760 1765
f 1772 1766 1754
f 1772 1754 1761
f 1772 1761 1768
f 1773 1762 1769
f 1762 1773 1771
f 1774 1773 1769
f 1770 1774 1769
f 1770 1766 1774
f 1773 1767 1771
f 1768 1767 1773
f 1774 1772 1773
f 1772 1768 1773
f 1766 1772 1774

