,ID,type,AP,DV,ML,R,parent,area_ID,area_name,name_use,bratch_ID,side,terminal
0,1,1,6848.86,5668.86,2654.08,4.55078125,-1,303,BLAa,BLA,1,left,0
1,2,2,6852.06,5668.42,2654.44,4.95703125,1,303,BLAa,BLA,1,left,0
2,3,2,6855.0,5668.0,2654.74,4.46875,2,303,BLAa,BLA,1,left,0
3,4,2,6857.22,5667.78,2654.78,3.51953125,3,303,BLAa,BLA,1,left,0
4,5,2,6859.62,5668.2,2654.74,1.54296875,4,303,BLAa,BLA,1,left,0
5,6,2,6861.6,5669.14,2653.7,0.8671875,5,303,BLAa,BLA,1,left,0
6,7,2,6862.1,5670.18,2651.54,0.43359375,6,303,BLAa,BLA,1,left,0
7,8,2,6863.7,5670.4,2650.48,0.6484375,7,303,BLAa,BLA,1,left,0
8,9,2,6864.54,5670.76,2648.96,0.296875,8,303,BLAa,BLA,1,left,0
9,10,2,6865.26,5670.64,2646.34,0.3515625,9,303,BLAa,BLA,1,left,0
10,11,2,6865.72,5670.12,2644.58,0.26953125,10,303,BLAa,BLA,1,left,0
11,12,2,6866.74,5669.36,2643.48,0.40625,11,303,BLAa,BLA,1,left,0
12,13,2,6868.0,5668.38,2642.02,0.19140625,12,303,BLAa,BLA,1,left,0
13,14,2,6869.48,5667.34,2640.96,0.3515625,13,303,BLAa,BLA,1,left,0
14,15,2,6870.72,5665.94,2640.5,0.32421875,14,303,BLAa,BLA,1,left,0
15,16,2,6872.38,5664.3,2640.08,0.296875,15,303,BLAa,BLA,1,left,0
16,17,2,6873.62,5663.86,2639.98,0.32421875,16,303,BLAa,BLA,1,left,0
17,18,2,6874.72,5662.16,2638.92,0.4609375,17,303,BLAa,BLA,1,left,0
18,19,2,6875.44,5660.4,2637.8,0.4609375,18,303,BLAa,BLA,1,left,0
19,20,2,6876.54,5659.88,2637.46,0.32421875,19,303,BLAa,BLA,1,left,0
20,21,2,6877.36,5659.88,2635.9,0.26953125,20,303,BLAa,BLA,1,left,0
21,22,2,6877.56,5659.34,2634.14,0.40625,21,303,BLAa,BLA,1,left,0
22,23,2,6878.26,5658.52,2632.34,0.48828125,22,303,BLAa,BLA,1,left,0
23,24,2,6879.38,5658.38,2630.4,0.32421875,23,303,BLAa,BLA,1,left,0
24,25,2,6881.14,5658.68,2628.6,0.43359375,24,303,BLAa,BLA,1,left,0
25,26,2,6883.18,5658.86,2627.58,0.32421875,25,303,BLAa,BLA,1,left,0
26,27,2,6884.08,5658.84,2626.78,0.4609375,26,303,BLAa,BLA,1,left,0
27,28,2,6885.58,5658.62,2625.34,0.0078125,27,303,BLAa,BLA,1,left,0
28,29,2,6887.38,5658.52,2624.02,0.40625,28,303,BLAa,BLA,1,left,0
29,30,2,6888.3,5658.5,2623.04,0.40625,29,303,BLAa,BLA,1,left,0
30,31,2,6889.44,5657.04,2620.7,0.21484375,30,303,BLAa,BLA,1,left,0
31,32,2,6890.8,5656.1,2618.98,0.3515625,31,303,BLAa,BLA,1,left,0
32,33,2,6892.16,5655.74,2616.98,0.00390625,32,303,BLAa,BLA,1,left,0
33,34,2,6893.52,5655.36,2614.96,0.32421875,33,303,BLAa,BLA,1,left,0
34,35,2,6895.08,5654.98,2614.32,0.37890625,34,303,BLAa,BLA,1,left,0
35,36,2,6895.28,5654.2,2613.24,0.48828125,35,303,BLAa,BLA,1,left,0
36,37,2,6896.06,5654.34,2612.34,0.0078125,36,303,BLAa,BLA,1,left,0
37,38,3,6849.56,5669.04,2654.86,0.5,1,303,BLAa,BLA,2,left,0
38,39,3,6850.26,5669.24,2655.64,0.5,38,303,BLAa,BLA,2,left,0
39,40,3,6850.96,5669.42,2656.4,0.5,39,303,BLAa,BLA,2,left,0
40,41,3,6851.66,5669.6,2657.2,0.5,40,303,BLAa,BLA,2,left,0
41,42,3,6852.36,5669.78,2657.96,0.5,41,303,BLAa,BLA,2,left,0
42,43,3,6853.06,5669.96,2658.76,0.5,42,303,BLAa,BLA,2,left,0
43,44,3,6853.76,5670.14,2659.54,0.5,43,303,BLAa,BLA,2,left,0
44,45,3,6854.46,5670.32,2660.32,0.5,44,303,BLAa,BLA,2,left,0
45,46,3,6855.16,5670.52,2661.1,0.5,45,303,BLAa,BLA,2,left,0
46,47,3,6855.86,5670.7,2661.86,0.5,46,303,BLAa,BLA,2,left,0
47,48,3,6855.9,5670.5,2662.32,0.08203125,47,303,BLAa,BLA,2,left,0
48,49,3,6856.26,5669.92,2666.88,0.43359375,48,579,ec,ec,2,left,0
49,50,3,6855.86,5669.84,2668.08,1.00390625,49,579,ec,ec,2,left,0
50,51,3,6855.64,5669.56,2672.68,0.4609375,50,579,ec,ec,2,left,0
51,52,3,6855.18,5669.7,2674.3,0.48828125,51,579,ec,ec,2,left,0
52,53,3,6855.02,5669.38,2677.76,0.73046875,52,579,ec,ec,2,left,0
53,54,3,6854.48,5668.54,2679.34,1.08203125,53,579,ec,ec,2,left,0
54,55,3,6853.22,5667.52,2680.64,1.0546875,54,579,ec,ec,2,left,0
55,56,3,6852.76,5666.0,2682.26,0.59765625,55,579,ec,ec,2,left,0
56,57,3,6852.58,5663.34,2683.64,0.62109375,56,579,ec,ec,2,left,0
57,58,3,6852.34,5660.28,2684.9,1.02734375,57,579,ec,ec,2,left,0
58,59,3,6849.56,5667.92,2654.82,0.5,1,303,BLAa,BLA,3,left,0
59,60,3,6850.26,5666.98,2655.56,0.5,59,303,BLAa,BLA,3,left,0
60,61,3,6850.96,5666.02,2656.3,0.5,60,303,BLAa,BLA,3,left,0
61,62,3,6851.66,5665.08,2657.06,0.5,61,303,BLAa,BLA,3,left,0
62,63,3,6852.36,5664.14,2657.8,0.5,62,579,ec,ec,3,left,0
63,64,3,6853.06,5663.18,2658.54,0.5,63,579,ec,ec,3,left,0
64,65,3,6853.76,5662.24,2659.3,0.5,64,579,ec,ec,3,left,0
65,66,3,6854.46,5661.3,2660.04,0.5,65,579,ec,ec,3,left,0
66,67,3,6855.16,5660.34,2660.78,0.5,66,579,ec,ec,3,left,0
67,68,3,6855.88,5659.4,2661.52,0.5,67,579,ec,ec,3,left,0
68,69,3,6849.62,5668.06,2654.2,0.5,1,303,BLAa,BLA,4,left,0
69,70,3,6850.42,5667.26,2654.32,0.5,69,303,BLAa,BLA,4,left,0
70,71,3,6851.2,5666.44,2654.44,0.5,70,303,BLAa,BLA,4,left,0
71,72,3,6851.96,5665.64,2654.58,0.5,71,303,BLAa,BLA,4,left,0
72,73,3,6852.76,5664.84,2654.7,0.5,72,303,BLAa,BLA,4,left,0
73,74,3,6853.52,5664.04,2654.82,0.5,73,303,BLAa,BLA,4,left,0
74,75,3,6854.32,5663.24,2654.92,0.5,74,303,BLAa,BLA,4,left,0
75,76,3,6855.08,5662.44,2655.04,0.5,75,579,ec,ec,4,left,0
76,77,3,6855.86,5661.64,2655.16,0.5,76,579,ec,ec,4,left,0
77,78,3,6856.64,5660.84,2655.28,0.5,77,579,ec,ec,4,left,0
78,79,3,6857.42,5660.04,2655.42,0.5,78,579,ec,ec,4,left,0
79,80,3,6857.06,5657.46,2654.62,0.78515625,79,303,BLAa,BLA,4,left,0
80,81,3,6858.1,5656.74,2653.82,0.9765625,80,303,BLAa,BLA,4,left,0
81,82,3,6859.54,5655.7,2654.0,1.109375,81,303,BLAa,BLA,4,left,0
82,83,3,6848.28,5669.9,2654.04,0.5,1,303,BLAa,BLA,5,left,0
83,84,3,6847.7,5670.96,2653.98,0.5,83,303,BLAa,BLA,5,left,0
84,85,3,6847.12,5671.98,2653.96,0.5,84,303,BLAa,BLA,5,left,0
85,86,3,6846.54,5673.04,2653.9,0.5,85,303,BLAa,BLA,5,left,0
86,87,3,6845.96,5674.1,2653.86,0.5,86,303,BLAa,BLA,5,left,0
87,88,3,6845.38,5675.14,2653.8,0.5,87,303,BLAa,BLA,5,left,0
88,89,3,6844.82,5676.2,2653.76,0.5,88,303,BLAa,BLA,5,left,0
89,90,3,6844.22,5677.22,2653.72,0.5,89,303,BLAa,BLA,5,left,0
90,91,3,6843.64,5678.28,2653.66,0.5,90,303,BLAa,BLA,5,left,0
91,92,3,6843.06,5679.32,2653.64,0.5,91,303,BLAa,BLA,5,left,0
92,93,3,6842.48,5680.38,2653.58,0.5,92,303,BLAa,BLA,5,left,0
93,94,3,6841.9,5681.44,2653.54,0.5,93,303,BLAa,BLA,5,left,0
94,95,3,6839.42,5681.76,2653.18,0.0546875,94,303,BLAa,BLA,5,left,0
95,96,3,6837.34,5682.04,2652.96,1.19140625,95,303,BLAa,BLA,5,left,0
96,97,3,6835.88,5682.78,2652.68,0.89453125,96,303,BLAa,BLA,5,left,0
97,98,3,6836.02,5684.68,2653.16,1.35546875,97,303,BLAa,BLA,5,left,0
98,99,3,6836.32,5685.8,2654.82,0.89453125,98,303,BLAa,BLA,5,left,0
99,100,3,6835.58,5687.02,2655.42,0.48828125,99,303,BLAa,BLA,5,left,0
100,101,3,6833.92,5687.7,2655.7,0.5703125,100,303,BLAa,BLA,5,left,0
101,102,3,6832.04,5688.4,2655.86,0.62109375,101,303,BLAa,BLA,5,left,0
102,103,3,6829.18,5689.04,2655.62,1.30078125,102,303,BLAa,BLA,5,left,0
103,104,3,6826.98,5689.32,2655.4,1.59765625,103,303,BLAa,BLA,5,left,0
104,105,2,6897.4,5652.02,2615.28,0.54296875,37,303,BLAa,BLA,6,left,0
105,106,2,6897.62,5650.64,2618.22,0.0078125,105,303,BLAa,BLA,6,left,0
106,107,2,6896.62,5655.12,2609.0,0.4609375,37,303,BLAa,BLA,7,left,0
107,108,2,6897.38,5655.18,2607.56,0.6484375,107,303,BLAa,BLA,7,left,0
108,109,2,6898.9,5655.12,2606.42,0.59765625,108,303,BLAa,BLA,7,left,0
109,110,3,6851.92,5655.74,2686.3,0.00390625,58,544,CEAc,CEA,8,left,0
110,111,3,6851.78,5652.88,2687.6,0.78515625,110,544,CEAc,CEA,8,left,0
111,112,3,6852.62,5649.66,2688.74,0.37890625,111,544,CEAc,CEA,8,left,0
112,113,3,6853.12,5647.28,2689.38,0.7578125,112,544,CEAc,CEA,8,left,0
113,114,3,6853.28,5644.44,2690.18,0.515625,113,544,CEAc,CEA,8,left,0
114,115,3,6853.14,5641.38,2692.42,0.7578125,114,544,CEAc,CEA,8,left,0
115,116,3,6853.1,5639.48,2694.12,0.6484375,115,544,CEAc,CEA,8,left,0
116,117,3,6852.96,5636.62,2695.94,0.0078125,116,544,CEAc,CEA,8,left,0
117,118,3,6852.96,5634.18,2698.58,0.94921875,117,544,CEAc,CEA,8,left,0
118,119,3,6852.38,5632.16,2700.56,0.5703125,118,544,CEAc,CEA,8,left,0
119,120,3,6850.42,5631.06,2701.6,0.73046875,119,544,CEAc,CEA,8,left,0
120,121,3,6849.48,5630.04,2702.66,0.78515625,120,544,CEAc,CEA,8,left,0
121,122,3,6849.6,5660.5,2684.96,0.0390625,58,579,ec,ec,9,left,0
122,123,3,6848.76,5660.14,2686.3,0.5703125,122,544,CEAc,CEA,9,left,0
123,124,3,6847.28,5660.1,2687.5,0.6484375,123,544,CEAc,CEA,9,left,0
124,125,3,6846.36,5660.04,2689.06,0.8125,124,544,CEAc,CEA,9,left,0
125,126,3,6845.92,5659.9,2691.04,0.7578125,125,544,CEAc,CEA,9,left,0
126,127,3,6844.66,5659.92,2692.22,0.62109375,126,544,CEAc,CEA,9,left,0
127,128,3,6842.92,5659.92,2694.32,0.4609375,127,544,CEAc,CEA,9,left,0
128,129,3,6841.72,5659.92,2695.86,0.4609375,128,544,CEAc,CEA,9,left,0
129,130,3,6839.14,5659.64,2698.2,0.48828125,129,544,CEAc,CEA,9,left,0
130,131,3,6837.86,5659.16,2699.54,0.5703125,130,544,CEAc,CEA,9,left,0
131,132,3,6837.18,5658.48,2702.0,0.00390625,131,544,CEAc,CEA,9,left,0
132,133,3,6835.8,5657.76,2703.58,0.3515625,132,544,CEAc,CEA,9,left,0
133,134,3,6834.84,5655.94,2704.58,0.6484375,133,544,CEAc,CEA,9,left,0
134,135,3,6832.4,5654.36,2706.54,0.703125,134,544,CEAc,CEA,9,left,0
135,136,3,6831.48,5653.26,2708.48,0.7578125,135,544,CEAc,CEA,9,left,0
136,137,3,6831.44,5652.64,2713.2,0.67578125,136,544,CEAc,CEA,9,left,0
137,138,3,6831.64,5652.16,2715.4,0.48828125,137,544,CEAc,CEA,9,left,0
138,139,3,6831.78,5651.4,2717.56,0.2421875,138,544,CEAc,CEA,9,left,0
139,140,3,6831.86,5650.08,2719.64,0.4609375,139,544,CEAc,CEA,9,left,0
140,141,3,6832.04,5649.28,2722.08,0.48828125,140,544,CEAc,CEA,9,left,0
141,142,3,6832.28,5648.04,2725.64,0.54296875,141,544,CEAc,CEA,9,left,0
142,143,3,6832.84,5647.14,2728.46,0.2421875,142,544,CEAc,CEA,9,left,0
143,144,3,6834.42,5647.1,2729.7,0.62109375,143,544,CEAc,CEA,9,left,0
144,145,3,6835.42,5647.08,2734.24,0.40625,144,544,CEAc,CEA,9,left,0
145,146,3,6835.56,5646.6,2736.0,0.4609375,145,544,CEAc,CEA,9,left,0
146,147,3,6835.92,5644.58,2739.44,0.40625,146,544,CEAc,CEA,9,left,0
147,148,3,6837.4,5641.42,2741.86,0.1640625,147,544,CEAc,CEA,9,left,0
148,149,3,6838.78,5639.58,2743.24,0.1640625,148,544,CEAc,CEA,9,left,1
149,150,3,6856.78,5656.62,2660.84,0.00390625,68,579,ec,ec,10,left,0
150,151,3,6855.18,5657.8,2662.48,0.01171875,68,579,ec,ec,11,left,0
151,152,3,6853.58,5656.92,2663.48,0.921875,151,579,ec,ec,11,left,0
152,153,3,6852.62,5654.82,2665.02,1.00390625,152,579,ec,ec,11,left,0
153,154,3,6851.44,5652.74,2666.82,0.5703125,153,579,ec,ec,11,left,0
154,155,3,6849.1,5652.36,2667.34,0.8125,154,579,ec,ec,11,left,0
155,156,3,6848.52,5652.3,2668.44,1.08203125,155,579,ec,ec,11,left,0
156,157,3,6846.7,5651.44,2670.04,0.00390625,156,579,ec,ec,11,left,0
157,158,3,6844.92,5651.0,2671.96,0.703125,157,579,ec,ec,11,left,0
158,159,3,6843.8,5650.86,2673.88,0.921875,158,579,ec,ec,11,left,0
159,160,3,6843.38,5650.62,2676.44,0.83984375,159,544,CEAc,CEA,11,left,0
160,161,3,6860.24,5654.04,2653.06,0.00390625,82,579,ec,ec,12,left,0
161,162,3,6861.8,5652.12,2652.04,0.73046875,161,579,ec,ec,12,left,0
162,163,3,6863.54,5650.86,2650.52,0.43359375,162,579,ec,ec,12,left,0
163,164,3,6863.6,5650.78,2648.54,0.78515625,163,579,ec,ec,12,left,0
164,165,3,6863.92,5650.84,2646.28,0.43359375,164,579,ec,ec,12,left,0
165,166,3,6865.26,5650.76,2645.58,0.703125,165,579,ec,ec,12,left,0
166,167,3,6867.26,5650.54,2645.24,0.921875,166,579,ec,ec,12,left,0
167,168,3,6867.78,5650.58,2644.32,1.0546875,167,303,BLAa,BLA,12,left,0
168,169,3,6858.88,5654.22,2654.4,0.0546875,82,579,ec,ec,13,left,0
169,170,3,6859.08,5651.44,2655.16,0.5703125,169,579,ec,ec,13,left,0
170,171,3,6859.58,5648.96,2655.68,0.48828125,170,579,ec,ec,13,left,0
171,172,3,6860.32,5646.9,2656.26,0.5703125,171,579,ec,ec,13,left,0
172,173,3,6860.3,5643.34,2657.8,0.6484375,172,579,ec,ec,13,left,0
173,174,3,6860.94,5641.34,2659.32,0.43359375,173,579,ec,ec,13,left,0
174,175,3,6861.12,5638.8,2661.44,0.00390625,174,579,ec,ec,13,left,0
175,176,3,6861.1,5636.26,2664.26,0.54296875,175,579,ec,ec,13,left,0
176,177,3,6861.18,5635.48,2665.98,0.703125,176,579,ec,ec,13,left,0
177,178,3,6861.8,5633.28,2667.68,0.6484375,177,544,CEAc,CEA,13,left,0
178,179,3,6862.88,5631.42,2669.26,0.19140625,178,544,CEAc,CEA,13,left,0
179,180,3,6863.28,5628.68,2670.88,0.67578125,179,544,CEAc,CEA,13,left,0
180,181,3,6864.34,5627.46,2671.54,0.6484375,180,544,CEAc,CEA,13,left,0
181,182,3,6865.34,5624.24,2672.3,0.515625,181,544,CEAc,CEA,13,left,0
182,183,3,6865.92,5622.08,2673.34,0.4609375,182,544,CEAc,CEA,13,left,0
183,184,3,6865.88,5618.82,2674.94,0.515625,183,544,CEAc,CEA,13,left,0
184,185,3,6866.16,5616.04,2677.34,0.54296875,184,544,CEAc,CEA,13,left,0
185,186,3,6866.86,5614.46,2679.06,0.1640625,185,544,CEAc,CEA,13,left,0
186,187,3,6866.86,5611.7,2681.28,0.5703125,186,544,CEAc,CEA,13,left,0
187,188,3,6866.72,5607.62,2684.2,0.2421875,187,544,CEAc,CEA,13,left,0
188,189,3,6866.74,5606.44,2685.56,0.67578125,188,544,CEAc,CEA,13,left,1
189,190,3,6824.44,5689.84,2655.1,0.08984375,104,303,BLAa,BLA,14,left,0
190,191,3,6822.64,5690.8,2654.76,1.08203125,190,303,BLAa,BLA,14,left,0
191,192,3,6822.14,5692.04,2654.8,1.54296875,191,303,BLAa,BLA,14,left,0
192,193,3,6824.42,5689.02,2655.96,0.05859375,104,303,BLAa,BLA,15,left,0
193,194,3,6823.44,5687.66,2657.7,0.6484375,193,303,BLAa,BLA,15,left,0
194,195,3,6823.16,5686.64,2660.16,0.73046875,194,303,BLAa,BLA,15,left,0
195,196,3,6822.98,5685.0,2661.72,0.48828125,195,303,BLAa,BLA,15,left,0
196,197,3,6822.16,5684.14,2661.82,0.89453125,196,303,BLAa,BLA,15,left,0
197,198,2,6895.76,5648.3,2620.82,0.1640625,106,303,BLAa,BLA,16,left,0
198,199,2,6895.38,5648.2,2622.22,0.4609375,198,303,BLAa,BLA,16,left,0
199,200,2,6893.38,5648.6,2623.36,0.40625,199,303,BLAa,BLA,16,left,0
200,201,2,6891.34,5648.86,2623.58,0.32421875,200,303,BLAa,BLA,16,left,0
201,202,2,6896.32,5650.6,2619.36,0.37890625,106,303,BLAa,BLA,17,left,0
202,203,2,6893.04,5651.36,2619.54,0.48828125,202,303,BLAa,BLA,17,left,0
203,204,2,6891.62,5652.2,2619.52,0.1640625,203,303,BLAa,BLA,17,left,0
204,205,2,6890.08,5654.82,2618.52,0.296875,204,303,BLAa,BLA,17,left,0
205,206,2,6888.2,5656.24,2617.74,0.32421875,205,303,BLAa,BLA,17,left,0
206,207,2,6899.62,5655.2,2604.94,0.32421875,109,303,BLAa,BLA,18,left,0
207,208,2,6901.06,5655.18,2603.46,0.5703125,207,303,BLAa,BLA,18,left,0
208,209,2,6901.2,5655.46,2600.98,0.01953125,208,303,BLAa,BLA,18,left,0
209,210,2,6901.94,5655.74,2599.02,0.43359375,209,303,BLAa,BLA,18,left,0
210,211,2,6903.44,5655.92,2597.46,0.296875,210,303,BLAa,BLA,18,left,0
211,212,2,6905.2,5655.34,2596.32,0.3515625,211,303,BLAa,BLA,18,left,0
212,213,2,6905.98,5655.06,2595.0,0.3515625,212,303,BLAa,BLA,18,left,0
213,214,2,6906.18,5655.34,2592.22,0.59765625,213,303,BLAa,BLA,18,left,0
214,215,2,6897.4,5654.18,2606.66,0.0078125,109,303,BLAa,BLA,19,left,0
215,216,2,6898.9,5651.98,2605.46,0.21484375,215,303,BLAa,BLA,19,left,0
216,217,2,6897.52,5651.36,2605.06,0.00390625,216,303,BLAa,BLA,19,left,0
217,218,2,6895.18,5651.9,2605.0,0.2421875,217,303,BLAa,BLA,19,left,0
218,219,2,6892.66,5652.22,2605.42,0.00390625,218,303,BLAa,BLA,19,left,0
219,220,2,6891.76,5652.48,2606.32,0.48828125,219,303,BLAa,BLA,19,left,0
220,221,2,6890.16,5653.42,2607.1,0.40625,220,303,BLAa,BLA,19,left,0
221,222,2,6888.78,5654.62,2607.94,0.48828125,221,303,BLAa,BLA,19,left,0
222,223,2,6887.7,5655.24,2608.98,0.32421875,222,303,BLAa,BLA,19,left,0
223,224,2,6886.22,5656.42,2610.06,0.37890625,223,303,BLAa,BLA,19,left,0
224,225,2,6886.26,5657.88,2610.98,0.26953125,224,303,BLAa,BLA,19,left,0
225,226,2,6885.32,5659.12,2612.16,0.3515625,225,303,BLAa,BLA,19,left,0
226,227,2,6884.0,5660.34,2613.12,0.40625,226,303,BLAa,BLA,19,left,0
227,228,2,6883.84,5660.58,2614.42,0.0078125,227,303,BLAa,BLA,19,left,0
228,229,2,6883.2,5660.42,2616.7,0.43359375,228,303,BLAa,BLA,19,left,0
229,230,2,6882.14,5660.14,2617.8,0.1640625,229,303,BLAa,BLA,19,left,0
230,231,2,6880.42,5659.38,2619.12,0.43359375,230,303,BLAa,BLA,19,left,0
231,232,2,6878.48,5658.38,2620.46,0.32421875,231,303,BLAa,BLA,19,left,0
232,233,2,6877.88,5656.76,2621.52,0.0078125,232,303,BLAa,BLA,19,left,0
233,234,2,6877.7,5654.72,2624.26,0.48828125,233,303,BLAa,BLA,19,left,0
234,235,2,6877.02,5653.76,2626.38,0.21484375,234,303,BLAa,BLA,19,left,0
235,236,2,6875.94,5653.14,2629.18,0.37890625,235,303,BLAa,BLA,19,left,0
236,237,2,6875.48,5653.0,2631.04,0.59765625,236,303,BLAa,BLA,19,left,0
237,238,2,6872.74,5653.32,2631.68,0.296875,237,303,BLAa,BLA,19,left,0
238,239,2,6871.62,5653.76,2631.92,0.296875,238,303,BLAa,BLA,19,left,0
239,240,2,6871.34,5653.3,2633.66,0.3515625,239,303,BLAa,BLA,19,left,0
240,241,2,6869.7,5653.32,2634.46,0.40625,240,303,BLAa,BLA,19,left,0
241,242,2,6868.32,5652.84,2635.28,0.37890625,241,303,BLAa,BLA,19,left,0
242,243,2,6866.38,5652.72,2635.52,0.62109375,242,303,BLAa,BLA,19,left,0
243,244,2,6864.72,5653.44,2636.1,0.0234375,243,303,BLAa,BLA,19,left,0
244,245,2,6863.14,5654.46,2636.68,0.5703125,244,303,BLAa,BLA,19,left,0
245,246,2,6861.98,5655.2,2637.54,0.5703125,245,303,BLAa,BLA,19,left,0
246,247,2,6860.34,5655.82,2638.96,0.296875,246,303,BLAa,BLA,19,left,0
247,248,2,6857.94,5656.24,2640.76,0.21484375,247,303,BLAa,BLA,19,left,0
248,249,2,6857.04,5656.96,2642.14,0.21484375,248,303,BLAa,BLA,19,left,0
249,250,2,6856.24,5658.12,2643.7,0.26953125,249,303,BLAa,BLA,19,left,0
250,251,2,6854.84,5659.3,2644.68,0.515625,250,303,BLAa,BLA,19,left,0
251,252,2,6853.24,5660.28,2645.16,0.37890625,251,303,BLAa,BLA,19,left,0
252,253,2,6851.86,5662.04,2646.48,0.00390625,252,303,BLAa,BLA,19,left,0
253,254,2,6850.26,5663.56,2648.0,0.32421875,253,303,BLAa,BLA,19,left,0
254,255,2,6848.6,5664.38,2648.66,0.48828125,254,303,BLAa,BLA,19,left,0
255,256,2,6846.6,5665.22,2648.44,0.01171875,255,303,BLAa,BLA,19,left,0
256,257,2,6846.08,5665.16,2651.28,0.94921875,256,303,BLAa,BLA,19,left,0
257,258,2,6845.78,5665.08,2652.36,1.41015625,257,303,BLAa,BLA,19,left,0
258,259,2,6844.12,5665.82,2652.32,1.8671875,258,303,BLAa,BLA,19,left,0
259,260,2,6842.82,5667.2,2652.28,1.19140625,259,303,BLAa,BLA,19,left,0
260,261,2,6841.3,5668.36,2653.3,0.296875,260,303,BLAa,BLA,19,left,0
261,262,2,6839.88,5669.84,2654.64,1.0546875,261,303,BLAa,BLA,19,left,0
262,263,2,6838.5,5671.2,2655.58,0.73046875,262,579,ec,ec,19,left,0
263,264,2,6834.48,5673.3,2655.2,0.32421875,263,579,ec,ec,19,left,0
264,265,2,6832.84,5674.3,2655.24,0.40625,264,579,ec,ec,19,left,0
265,266,2,6830.76,5675.5,2655.98,0.19140625,265,303,BLAa,BLA,19,left,0
266,267,2,6828.84,5676.12,2656.52,0.4609375,266,303,BLAa,BLA,19,left,0
267,268,2,6828.0,5677.14,2658.14,0.21484375,267,303,BLAa,BLA,19,left,0
268,269,2,6826.88,5677.86,2659.58,0.3515625,268,303,BLAa,BLA,19,left,0
269,270,2,6826.48,5677.64,2661.64,0.2421875,269,303,BLAa,BLA,19,left,0
270,271,2,6825.22,5677.82,2662.5,0.32421875,270,303,BLAa,BLA,19,left,0
271,272,2,6824.8,5678.82,2663.9,0.01171875,271,303,BLAa,BLA,19,left,0
272,273,2,6824.06,5679.44,2665.66,0.32421875,272,579,ec,ec,19,left,0
273,274,2,6823.76,5679.58,2667.34,1.3828125,273,579,ec,ec,19,left,0
274,275,2,6821.2,5679.96,2667.62,0.703125,274,579,ec,ec,19,left,0
275,276,2,6818.98,5680.4,2667.46,0.32421875,275,579,ec,ec,19,left,0
276,277,2,6817.62,5680.42,2668.26,0.515625,276,579,ec,ec,19,left,0
277,278,2,6815.8,5679.36,2669.36,0.19140625,277,579,ec,ec,19,left,0
278,279,2,6813.8,5678.72,2670.76,0.19140625,278,579,ec,ec,19,left,0
279,280,2,6812.16,5678.68,2671.32,0.296875,279,579,ec,ec,19,left,0
280,281,2,6810.96,5679.44,2673.1,0.40625,280,579,ec,ec,19,left,0
281,282,2,6809.32,5681.24,2673.36,0.32421875,281,579,ec,ec,19,left,0
282,283,2,6807.88,5682.48,2673.86,0.40625,282,579,ec,ec,19,left,0
283,284,2,6805.84,5683.84,2673.64,0.19140625,283,579,ec,ec,19,left,0
284,285,2,6804.32,5685.86,2672.76,0.3515625,284,579,ec,ec,19,left,0
285,286,2,6803.2,5687.98,2672.68,0.515625,285,579,ec,ec,19,left,0
286,287,2,6802.98,5691.44,2672.14,2.22265625,286,579,ec,ec,19,left,0
287,288,2,6802.12,5692.58,2671.86,1.54296875,287,579,ec,ec,19,left,0
288,289,2,6799.12,5693.22,2671.48,0.32421875,288,579,ec,ec,19,left,0
289,290,2,6796.92,5693.48,2671.26,0.32421875,289,579,ec,ec,19,left,0
290,291,2,6795.5,5694.22,2671.72,0.37890625,290,579,ec,ec,19,left,0
291,292,2,6794.8,5694.92,2672.9,0.26953125,291,579,ec,ec,19,left,0
292,293,2,6793.78,5696.36,2674.56,0.32421875,292,579,ec,ec,19,left,0
293,294,2,6792.5,5697.56,2675.46,0.4609375,293,579,ec,ec,19,left,0
294,295,2,6790.72,5699.82,2675.34,0.62109375,294,579,ec,ec,19,left,0
295,296,2,6789.74,5702.0,2674.92,1.1640625,295,579,ec,ec,19,left,0
296,297,2,6788.24,5703.52,2674.6,0.703125,296,579,ec,ec,19,left,0
297,298,2,6788.0,5703.52,2677.9,0.40625,297,579,ec,ec,19,left,0
298,299,2,6788.2,5703.78,2679.46,0.32421875,298,579,ec,ec,19,left,0
299,300,2,6787.66,5704.74,2680.6,0.40625,299,579,ec,ec,19,left,0
300,301,2,6786.36,5705.2,2680.8,0.296875,300,579,ec,ec,19,left,0
301,302,2,6784.4,5705.46,2681.3,0.32421875,301,579,ec,ec,19,left,0
302,303,2,6783.92,5705.36,2682.78,0.37890625,302,579,ec,ec,19,left,0
303,304,2,6782.48,5705.6,2683.58,0.37890625,303,579,ec,ec,19,left,0
304,305,2,6781.62,5705.86,2684.92,0.0078125,304,579,ec,ec,19,left,0
305,306,2,6779.6,5706.1,2685.48,0.40625,305,579,ec,ec,19,left,0
306,307,2,6777.94,5706.58,2686.24,0.40625,306,579,ec,ec,19,left,0
307,308,2,6777.14,5706.58,2687.46,0.32421875,307,579,ec,ec,19,left,0
308,309,2,6774.48,5707.1,2688.58,0.62109375,308,579,ec,ec,19,left,0
309,310,2,6773.58,5708.82,2689.6,0.26953125,309,579,ec,ec,19,left,0
310,311,2,6771.86,5710.7,2690.64,0.32421875,310,579,ec,ec,19,left,0
311,312,2,6769.92,5712.52,2691.26,0.40625,311,579,ec,ec,19,left,0
312,313,2,6768.92,5713.5,2691.58,0.40625,312,579,ec,ec,19,left,0
313,314,2,6767.32,5715.14,2691.94,0.21484375,313,579,ec,ec,19,left,0
314,315,2,6765.32,5716.02,2691.98,0.296875,314,579,ec,ec,19,left,0
315,316,2,6762.86,5717.52,2692.56,0.54296875,315,579,ec,ec,19,left,0
316,317,2,6760.98,5718.5,2693.08,0.4609375,316,579,ec,ec,19,left,0
317,318,2,6759.52,5719.38,2693.76,0.37890625,317,579,ec,ec,19,left,0
318,319,2,6757.18,5720.62,2694.58,0.32421875,318,579,ec,ec,19,left,0
319,320,2,6754.86,5721.74,2694.5,0.296875,319,579,ec,ec,19,left,0
320,321,2,6752.78,5722.88,2694.76,0.515625,320,579,ec,ec,19,left,0
321,322,2,6751.06,5723.92,2695.32,0.26953125,321,579,ec,ec,19,left,0
322,323,2,6748.94,5724.26,2696.38,0.89453125,322,579,ec,ec,19,left,0
323,324,2,6747.92,5723.82,2696.66,0.5703125,323,579,ec,ec,19,left,0
324,325,2,6744.82,5723.98,2696.86,0.01953125,324,579,ec,ec,19,left,0
325,326,2,6743.16,5724.08,2697.62,0.37890625,325,579,ec,ec,19,left,0
326,327,2,6742.42,5724.52,2698.74,0.73046875,326,579,ec,ec,19,left,0
327,328,2,6742.58,5724.72,2700.18,0.32421875,327,579,ec,ec,19,left,0
328,329,2,6741.4,5724.76,2701.78,0.67578125,328,579,ec,ec,19,left,0
329,330,2,6739.62,5725.08,2702.26,0.67578125,329,579,ec,ec,19,left,0
330,331,2,6737.58,5725.56,2702.14,0.94921875,330,579,ec,ec,19,left,0
331,332,2,6736.24,5725.66,2702.48,0.94921875,331,579,ec,ec,19,left,0
332,333,2,6735.96,5725.96,2703.58,1.0546875,332,579,ec,ec,19,left,0
333,334,2,6734.68,5726.7,2703.84,0.296875,333,579,ec,ec,19,left,0
334,335,2,6734.3,5727.32,2705.2,0.2421875,334,544,CEAc,CEA,19,left,0
335,336,2,6734.18,5727.64,2707.54,0.40625,335,544,CEAc,CEA,19,left,0
336,337,2,6733.4,5728.42,2708.42,0.43359375,336,544,CEAc,CEA,19,left,0
337,338,2,6731.8,5729.06,2709.2,0.19140625,337,544,CEAc,CEA,19,left,0
338,339,2,6730.98,5729.2,2710.62,0.296875,338,544,CEAc,CEA,19,left,0
339,340,2,6730.22,5728.96,2713.96,0.32421875,339,544,CEAc,CEA,19,left,0
340,341,2,6729.08,5729.48,2715.28,0.3515625,340,544,CEAc,CEA,19,left,0
341,342,2,6728.8,5730.56,2716.94,0.40625,341,544,CEAc,CEA,19,left,0
342,343,2,6727.72,5731.04,2718.02,0.2421875,342,544,CEAc,CEA,19,left,0
343,344,2,6726.62,5733.18,2719.82,0.2421875,343,544,CEAc,CEA,19,left,0
344,345,2,6725.28,5734.1,2720.56,0.40625,344,544,CEAc,CEA,19,left,0
345,346,2,6723.9,5734.62,2721.02,0.32421875,345,544,CEAc,CEA,19,left,0
346,347,2,6723.38,5735.0,2722.12,0.48828125,346,544,CEAc,CEA,19,left,0
347,348,2,6723.52,5736.34,2724.16,0.32421875,347,544,CEAc,CEA,19,left,0
348,349,2,6722.46,5737.32,2725.18,0.296875,348,544,CEAc,CEA,19,left,0
349,350,2,6721.8,5738.62,2726.76,0.32421875,349,544,CEAc,CEA,19,left,0
350,351,2,6720.52,5739.18,2727.92,0.26953125,350,544,CEAc,CEA,19,left,0
351,352,2,6720.28,5740.46,2729.44,0.296875,351,544,CEAc,CEA,19,left,0
352,353,2,6720.36,5741.74,2731.02,0.32421875,352,544,CEAc,CEA,19,left,0
353,354,2,6718.72,5743.38,2731.26,0.3515625,353,544,CEAc,CEA,19,left,0
354,355,2,6717.12,5745.48,2732.04,0.32421875,354,544,CEAc,CEA,19,left,0
355,356,2,6715.8,5746.88,2732.96,0.296875,355,544,CEAc,CEA,19,left,0
356,357,2,6714.12,5748.62,2733.4,0.2421875,356,544,CEAc,CEA,19,left,0
357,358,2,6712.58,5749.6,2733.4,0.40625,357,544,CEAc,CEA,19,left,0
358,359,2,6710.46,5750.38,2734.54,0.43359375,358,544,CEAc,CEA,19,left,0
359,360,2,6708.94,5750.66,2736.5,0.19140625,359,544,CEAc,CEA,19,left,0
360,361,2,6708.08,5750.78,2738.4,0.32421875,360,544,CEAc,CEA,19,left,0
361,362,2,6707.38,5752.1,2740.22,0.00390625,361,544,CEAc,CEA,19,left,0
362,363,2,6706.58,5754.46,2741.26,0.32421875,362,544,CEAc,CEA,19,left,0
363,364,2,6705.48,5755.84,2741.82,0.54296875,363,544,CEAc,CEA,19,left,0
364,365,2,6705.36,5757.14,2742.86,0.32421875,364,544,CEAc,CEA,19,left,0
365,366,2,6704.38,5759.14,2743.4,0.2421875,365,544,CEAc,CEA,19,left,0
366,367,2,6702.98,5760.88,2744.28,0.296875,366,544,CEAc,CEA,19,left,0
367,368,2,6701.22,5761.34,2745.0,0.48828125,367,544,CEAc,CEA,19,left,0
368,369,2,6700.5,5761.58,2746.52,0.00390625,368,544,CEAc,CEA,19,left,0
369,370,2,6697.98,5761.76,2747.08,0.40625,369,544,CEAc,CEA,19,left,0
370,371,2,6696.1,5761.64,2747.84,0.2421875,370,544,CEAc,CEA,19,left,0
371,372,2,6693.94,5762.84,2747.94,0.1640625,371,544,CEAc,CEA,19,left,0
372,373,2,6692.9,5764.34,2748.14,0.1640625,372,544,CEAc,CEA,19,left,0
373,374,2,6691.6,5765.74,2748.3,0.32421875,373,544,CEAc,CEA,19,left,0
374,375,2,6691.76,5768.58,2748.7,0.00390625,374,544,CEAc,CEA,19,left,0
375,376,2,6692.36,5772.58,2749.66,0.26953125,375,544,CEAc,CEA,19,left,0
376,377,2,6692.72,5775.26,2749.98,0.48828125,376,544,CEAc,CEA,19,left,0
377,378,2,6693.3,5778.64,2751.32,1.02734375,377,544,CEAc,CEA,19,left,0
378,379,2,6693.88,5781.68,2753.26,0.62109375,378,544,CEAc,CEA,19,left,0
379,380,2,6694.28,5782.86,2755.76,0.67578125,379,544,CEAc,CEA,19,left,0
380,381,2,6694.1,5783.14,2757.38,0.4609375,380,544,CEAc,CEA,19,left,0
381,382,2,6692.12,5783.26,2757.52,0.40625,381,544,CEAc,CEA,19,left,0
382,383,2,6690.38,5783.42,2757.36,0.37890625,382,544,CEAc,CEA,19,left,0
383,384,2,6689.94,5785.0,2758.66,0.00390625,383,544,CEAc,CEA,19,left,0
384,385,2,6688.7,5785.32,2758.88,0.1640625,384,544,CEAc,CEA,19,left,0
385,386,2,6688.46,5787.22,2759.7,0.37890625,385,544,CEAc,CEA,19,left,0
386,387,2,6688.78,5789.26,2760.42,0.43359375,386,544,CEAc,CEA,19,left,0
387,388,2,6688.26,5792.46,2761.52,0.1640625,387,544,CEAc,CEA,19,left,0
388,389,2,6687.24,5795.62,2762.58,0.21484375,388,544,CEAc,CEA,19,left,0
389,390,2,6685.92,5797.58,2763.64,0.703125,389,544,CEAc,CEA,19,left,0
390,391,2,6686.08,5800.12,2764.64,0.43359375,390,544,CEAc,CEA,19,left,0
391,392,2,6685.82,5803.4,2765.36,0.32421875,391,544,CEAc,CEA,19,left,0
392,393,2,6685.12,5804.96,2766.26,0.515625,392,544,CEAc,CEA,19,left,0
393,394,2,6684.36,5806.46,2768.02,0.0078125,393,544,CEAc,CEA,19,left,0
394,395,2,6682.92,5807.54,2769.28,0.296875,394,544,CEAc,CEA,19,left,0
395,396,2,6681.48,5807.7,2770.0,0.32421875,395,544,CEAc,CEA,19,left,0
396,397,2,6681.02,5808.32,2771.26,0.48828125,396,544,CEAc,CEA,19,left,0
397,398,2,6680.78,5809.5,2772.62,0.32421875,397,544,CEAc,CEA,19,left,0
398,399,2,6679.76,5810.76,2773.16,0.2421875,398,544,CEAc,CEA,19,left,0
399,400,2,6679.18,5813.36,2773.68,0.00390625,399,544,CEAc,CEA,19,left,0
400,401,2,6677.52,5814.2,2774.98,0.3515625,400,544,CEAc,CEA,19,left,0
401,402,2,6676.7,5814.2,2776.82,0.43359375,401,544,CEAc,CEA,19,left,0
402,403,2,6675.86,5814.28,2777.86,0.43359375,402,544,CEAc,CEA,19,left,0
403,404,2,6675.9,5815.44,2778.56,0.6484375,403,544,CEAc,CEA,19,left,0
404,405,2,6675.86,5817.82,2778.5,1.08203125,404,544,CEAc,CEA,19,left,0
405,406,2,6674.18,5819.58,2778.08,1.00390625,405,544,CEAc,CEA,19,left,0
406,407,2,6672.14,5820.9,2778.14,0.43359375,406,544,CEAc,CEA,19,left,0
407,408,2,6671.84,5821.84,2780.5,0.00390625,407,544,CEAc,CEA,19,left,0
408,409,2,6670.76,5823.12,2781.58,0.4609375,408,544,CEAc,CEA,19,left,0
409,410,2,6669.9,5824.68,2783.08,0.32421875,409,544,CEAc,CEA,19,left,0
410,411,2,6668.6,5825.2,2783.66,0.4609375,410,544,CEAc,CEA,19,left,0
411,412,2,6666.9,5825.6,2784.22,0.48828125,411,544,CEAc,CEA,19,left,0
412,413,2,6665.7,5826.76,2784.94,0.3515625,412,544,CEAc,CEA,19,left,0
413,414,2,6664.04,5827.76,2785.44,0.1640625,413,544,CEAc,CEA,19,left,0
414,415,2,6663.72,5827.76,2786.68,0.01953125,414,544,CEAc,CEA,19,left,0
415,416,2,6663.9,5827.74,2789.3,0.8671875,415,544,CEAc,CEA,19,left,0
416,417,2,6663.62,5828.98,2789.7,1.08203125,416,544,CEAc,CEA,19,left,0
417,418,2,6662.54,5832.48,2789.74,2.03125,417,544,CEAc,CEA,19,left,0
418,419,2,6661.36,5833.78,2790.66,0.78515625,418,544,CEAc,CEA,19,left,0
419,420,2,6659.96,5835.16,2790.62,0.1640625,419,544,CEAc,CEA,19,left,0
420,421,2,6657.76,5836.16,2790.42,0.62109375,420,544,CEAc,CEA,19,left,0
421,422,2,6656.36,5837.36,2791.08,0.515625,421,544,CEAc,CEA,19,left,0
422,423,2,6654.86,5838.82,2792.18,0.3515625,422,544,CEAc,CEA,19,left,0
423,424,2,6654.2,5840.4,2792.9,0.32421875,423,544,CEAc,CEA,19,left,0
424,425,2,6653.2,5841.56,2793.44,0.26953125,424,544,CEAc,CEA,19,left,0
425,426,2,6651.82,5842.82,2793.56,0.3515625,425,544,CEAc,CEA,19,left,0
426,427,2,6650.1,5844.5,2794.92,0.62109375,426,544,CEAc,CEA,19,left,0
427,428,2,6647.72,5845.96,2795.18,0.21484375,427,544,CEAc,CEA,19,left,0
428,429,2,6646.24,5847.16,2795.0,0.37890625,428,544,CEAc,CEA,19,left,0
429,430,2,6645.48,5848.04,2794.8,0.015625,429,544,CEAc,CEA,19,left,0
430,431,2,6643.02,5849.26,2794.38,0.1640625,430,544,CEAc,CEA,19,left,0
431,432,2,6641.66,5850.1,2794.12,0.48828125,431,544,CEAc,CEA,19,left,0
432,433,2,6641.78,5851.22,2796.24,0.00390625,432,544,CEAc,CEA,19,left,0
433,434,2,6642.08,5852.06,2798.26,0.19140625,433,544,CEAc,CEA,19,left,0
434,435,2,6642.0,5853.74,2798.46,0.515625,434,544,CEAc,CEA,19,left,0
435,436,2,6640.54,5855.22,2798.26,0.94921875,435,544,CEAc,CEA,19,left,0
436,437,2,6639.26,5857.56,2798.04,1.1640625,436,544,CEAc,CEA,19,left,0
437,438,2,6638.62,5859.72,2797.84,1.02734375,437,544,CEAc,CEA,19,left,0
438,439,2,6636.3,5860.92,2797.48,0.2421875,438,544,CEAc,CEA,19,left,0
439,440,2,6634.5,5860.58,2797.4,0.40625,439,544,CEAc,CEA,19,left,0
440,441,2,6631.74,5860.24,2797.28,0.2421875,440,544,CEAc,CEA,19,left,0
441,442,2,6630.38,5860.28,2797.58,0.40625,441,544,CEAc,CEA,19,left,0
442,443,2,6627.86,5860.34,2797.92,0.54296875,442,544,CEAc,CEA,19,left,0
443,444,2,6625.82,5860.38,2798.16,0.3515625,443,544,CEAc,CEA,19,left,0
444,445,2,6623.26,5859.98,2798.42,0.4609375,444,544,CEAc,CEA,19,left,0
445,446,2,6622.08,5859.56,2799.24,0.515625,445,544,CEAc,CEA,19,left,0
446,447,2,6621.0,5859.36,2801.14,0.0078125,446,544,CEAc,CEA,19,left,0
447,448,2,6619.72,5859.84,2802.68,0.296875,447,544,CEAc,CEA,19,left,0
448,449,2,6618.78,5860.94,2803.26,0.43359375,448,544,CEAc,CEA,19,left,0
449,450,2,6616.68,5862.2,2803.76,0.32421875,449,544,CEAc,CEA,19,left,0
450,451,2,6614.54,5863.74,2803.78,0.1640625,450,544,CEAc,CEA,19,left,0
451,452,2,6613.5,5865.64,2803.42,0.2421875,451,544,CEAc,CEA,19,left,0
452,453,2,6611.08,5866.3,2803.96,0.0078125,452,544,CEAc,CEA,19,left,0
453,454,2,6608.94,5866.26,2805.2,0.32421875,453,544,CEAc,CEA,19,left,0
454,455,2,6607.58,5866.62,2806.0,0.43359375,454,544,CEAc,CEA,19,left,0
455,456,2,6606.48,5867.48,2806.66,0.296875,455,544,CEAc,CEA,19,left,0
456,457,2,6605.08,5868.16,2807.08,0.37890625,456,544,CEAc,CEA,19,left,0
457,458,2,6604.12,5870.76,2807.46,0.48828125,457,544,CEAc,CEA,19,left,0
458,459,2,6603.8,5872.0,2808.82,0.3515625,458,544,CEAc,CEA,19,left,0
459,460,2,6602.68,5873.24,2809.44,0.8671875,459,544,CEAc,CEA,19,left,0
460,461,2,6602.18,5874.06,2811.0,0.6484375,460,544,CEAc,CEA,19,left,0
461,462,2,6601.32,5875.42,2811.9,0.73046875,461,544,CEAc,CEA,19,left,0
462,463,2,6599.16,5875.7,2812.4,0.2421875,462,544,CEAc,CEA,19,left,0
463,464,2,6596.7,5875.74,2812.72,0.54296875,463,544,CEAc,CEA,19,left,0
464,465,2,6594.66,5876.02,2812.7,0.37890625,464,544,CEAc,CEA,19,left,0
465,466,2,6592.76,5876.28,2813.4,0.40625,465,544,CEAc,CEA,19,left,0
466,467,2,6591.86,5876.2,2814.72,0.73046875,466,544,CEAc,CEA,19,left,0
467,468,2,6589.68,5876.2,2815.38,0.54296875,467,544,CEAc,CEA,19,left,0
468,469,2,6589.54,5877.88,2814.92,0.01171875,468,544,CEAc,CEA,19,left,0
469,470,2,6587.28,5878.28,2814.82,0.7578125,469,544,CEAc,CEA,19,left,0
470,471,2,6585.42,5878.28,2815.2,1.24609375,470,544,CEAc,CEA,19,left,0
471,472,2,6583.56,5878.28,2815.7,1.1640625,471,544,CEAc,CEA,19,left,0
472,473,2,6581.82,5878.26,2816.42,1.0546875,472,544,CEAc,CEA,19,left,0
473,474,2,6581.56,5879.04,2817.24,1.35546875,473,544,CEAc,CEA,19,left,0
474,475,2,6580.94,5881.32,2817.38,1.02734375,474,544,CEAc,CEA,19,left,0
475,476,2,6579.32,5882.58,2817.66,0.6484375,475,544,CEAc,CEA,19,left,0
476,477,2,6579.2,5884.0,2818.42,0.2421875,476,544,CEAc,CEA,19,left,0
477,478,2,6578.62,5882.4,2818.5,0.00390625,477,544,CEAc,CEA,19,left,0
478,479,2,6576.16,5882.24,2819.08,1.328125,478,544,CEAc,CEA,19,left,0
479,480,2,6575.02,5883.14,2819.44,1.328125,479,544,CEAc,CEA,19,left,0
480,481,2,6575.28,5886.52,2819.96,0.9765625,480,544,CEAc,CEA,19,left,0
481,482,2,6575.16,5887.58,2821.78,0.21484375,481,544,CEAc,CEA,19,left,0
482,483,2,6573.84,5888.42,2823.04,0.43359375,482,544,CEAc,CEA,19,left,0
483,484,2,6572.98,5889.08,2824.28,0.296875,483,544,CEAc,CEA,19,left,0
484,485,2,6571.74,5889.52,2824.62,0.32421875,484,544,CEAc,CEA,19,left,0
485,486,2,6570.7,5890.48,2826.34,0.2421875,485,544,CEAc,CEA,19,left,0
486,487,2,6569.16,5891.12,2827.66,0.40625,486,544,CEAc,CEA,19,left,0
487,488,2,6567.16,5891.18,2828.68,0.40625,487,544,CEAc,CEA,19,left,0
488,489,2,6564.06,5891.58,2828.5,0.015625,488,544,CEAc,CEA,19,left,0
489,490,2,6562.0,5892.46,2828.48,0.59765625,489,544,CEAc,CEA,19,left,0
490,491,2,6560.32,5892.94,2829.0,0.1640625,490,544,CEAc,CEA,19,left,0
491,492,2,6559.3,5894.22,2829.38,0.515625,491,544,CEAc,CEA,19,left,0
492,493,2,6558.04,5896.22,2830.24,1.24609375,492,544,CEAc,CEA,19,left,0
493,494,2,6558.08,5897.74,2831.18,0.26953125,493,544,CEAc,CEA,19,left,0
494,495,2,6556.7,5898.26,2832.32,0.00390625,494,544,CEAc,CEA,19,left,0
495,496,2,6554.94,5900.08,2832.72,0.4609375,495,544,CEAc,CEA,19,left,0
496,497,2,6552.44,5901.42,2832.36,0.01171875,496,544,CEAc,CEA,19,left,0
497,498,2,6551.34,5903.1,2832.48,0.1640625,497,544,CEAc,CEA,19,left,0
498,499,2,6549.96,5905.32,2832.38,0.00390625,498,544,CEAc,CEA,19,left,0
499,500,2,6548.46,5906.88,2832.62,0.19140625,499,544,CEAc,CEA,19,left,0
500,501,2,6546.42,5907.66,2832.74,0.296875,500,544,CEAc,CEA,19,left,0
501,502,2,6544.7,5908.62,2832.98,0.296875,501,544,CEAc,CEA,19,left,0
502,503,2,6543.26,5909.38,2833.92,0.26953125,502,544,CEAc,CEA,19,left,0
503,504,2,6541.34,5910.36,2834.68,0.37890625,503,544,CEAc,CEA,19,left,0
504,505,2,6539.8,5911.18,2834.68,0.21484375,504,544,CEAc,CEA,19,left,0
505,506,2,6538.62,5912.12,2835.3,0.00390625,505,544,CEAc,CEA,19,left,0
506,507,2,6538.76,5913.78,2836.1,0.32421875,506,544,CEAc,CEA,19,left,0
507,508,2,6538.64,5915.68,2836.74,0.43359375,507,544,CEAc,CEA,19,left,0
508,509,2,6537.38,5916.82,2837.18,0.26953125,508,544,CEAc,CEA,19,left,0
509,510,2,6537.34,5918.38,2837.64,0.21484375,509,544,CEAc,CEA,19,left,0
510,511,2,6536.18,5919.42,2838.44,0.00390625,510,544,CEAc,CEA,19,left,0
511,512,2,6535.32,5921.08,2839.16,0.26953125,511,544,CEAc,CEA,19,left,0
512,513,2,6534.22,5921.32,2839.64,0.32421875,512,544,CEAc,CEA,19,left,0
513,514,2,6533.86,5922.18,2841.44,0.43359375,513,544,CEAc,CEA,19,left,0
514,515,2,6533.68,5922.5,2842.5,0.40625,514,544,CEAc,CEA,19,left,0
515,516,2,6532.12,5922.46,2843.22,0.43359375,515,544,CEAc,CEA,19,left,0
516,517,2,6529.88,5922.34,2844.62,0.296875,516,544,CEAc,CEA,19,left,0
517,518,2,6528.28,5922.5,2845.44,0.1640625,517,544,CEAc,CEA,19,left,0
518,519,2,6527.64,5922.56,2846.98,0.00390625,518,544,CEAc,CEA,19,left,0
519,520,2,6526.44,5922.56,2848.3,0.32421875,519,544,CEAc,CEA,19,left,0
520,521,2,6525.18,5923.04,2849.46,0.26953125,520,544,CEAc,CEA,19,left,0
521,522,2,6524.26,5923.6,2850.66,0.2421875,521,544,CEAc,CEA,19,left,0
522,523,2,6523.04,5923.88,2851.9,0.40625,522,544,CEAc,CEA,19,left,0
523,524,2,6521.4,5923.86,2853.86,0.21484375,523,544,CEAc,CEA,19,left,0
524,525,2,6520.62,5923.88,2855.62,0.32421875,524,544,CEAc,CEA,19,left,0
525,526,2,6519.26,5924.62,2857.4,0.40625,525,544,CEAc,CEA,19,left,0
526,527,2,6517.36,5925.08,2858.06,0.37890625,526,544,CEAc,CEA,19,left,0
527,528,2,6516.54,5925.58,2859.02,0.48828125,527,544,CEAc,CEA,19,left,0
528,529,2,6516.18,5927.12,2860.22,0.4609375,528,544,CEAc,CEA,19,left,0
529,530,3,6848.38,5628.38,2704.04,0.00390625,121,544,CEAc,CEA,20,left,0
530,531,3,6848.12,5625.78,2705.14,0.6484375,530,544,CEAc,CEA,20,left,0
531,532,3,6848.16,5624.34,2707.08,0.4609375,531,544,CEAc,CEA,20,left,0
532,533,3,6848.36,5623.34,2709.86,0.54296875,532,544,CEAc,CEA,20,left,0
533,534,3,6848.78,5622.6,2714.4,0.296875,533,544,CEAc,CEA,20,left,0
534,535,3,6849.08,5623.04,2716.6,0.40625,534,544,CEAc,CEA,20,left,0
535,536,3,6849.38,5623.3,2719.0,0.296875,535,544,CEAc,CEA,20,left,0
536,537,3,6849.48,5622.4,2720.76,0.4609375,536,544,CEAc,CEA,20,left,0
537,538,3,6849.7,5621.48,2723.58,0.43359375,537,544,CEAc,CEA,20,left,0
538,539,3,6849.8,5621.36,2724.68,0.32421875,538,544,CEAc,CEA,20,left,0
539,540,3,6849.82,5619.16,2727.02,0.48828125,539,544,CEAc,CEA,20,left,0
540,541,3,6849.8,5617.0,2728.84,0.296875,540,544,CEAc,CEA,20,left,0
541,542,3,6849.68,5614.66,2730.14,0.40625,541,544,CEAc,CEA,20,left,0
542,543,3,6849.56,5612.42,2732.18,0.515625,542,544,CEAc,CEA,20,left,0
543,544,3,6848.92,5611.76,2733.48,0.48828125,543,544,CEAc,CEA,20,left,0
544,545,3,6848.8,5610.64,2736.3,0.2421875,544,544,CEAc,CEA,20,left,0
545,546,3,6849.04,5609.66,2739.22,0.62109375,545,544,CEAc,CEA,20,left,0
546,547,3,6849.2,5608.9,2741.3,0.296875,546,544,CEAc,CEA,20,left,0
547,548,3,6849.44,5608.28,2743.94,0.00390625,547,544,CEAc,CEA,20,left,0
548,549,3,6849.56,5607.02,2746.12,0.54296875,548,544,CEAc,CEA,20,left,0
549,550,3,6849.92,5606.02,2748.94,0.40625,549,544,CEAc,CEA,20,left,0
550,551,3,6850.76,5605.26,2750.74,0.3515625,550,544,CEAc,CEA,20,left,1
551,552,3,6847.98,5630.04,2702.66,0.12890625,121,544,CEAc,CEA,21,left,0
552,553,3,6846.22,5630.42,2704.26,0.78515625,552,544,CEAc,CEA,21,left,0
553,554,3,6845.08,5631.02,2705.34,0.67578125,553,544,CEAc,CEA,21,left,0
554,555,3,6843.14,5631.56,2706.24,0.73046875,554,544,CEAc,CEA,21,left,0
555,556,3,6841.68,5632.18,2706.6,0.78515625,555,544,CEAc,CEA,21,left,0
556,557,3,6839.58,5632.58,2707.56,0.59765625,556,544,CEAc,CEA,21,left,0
557,558,3,6837.44,5633.14,2707.66,0.5703125,557,544,CEAc,CEA,21,left,0
558,559,3,6835.52,5633.98,2708.38,0.54296875,558,544,CEAc,CEA,21,left,0
559,560,3,6833.98,5635.6,2709.22,0.43359375,559,544,CEAc,CEA,21,left,0
560,561,3,6833.1,5637.2,2709.82,0.515625,560,544,CEAc,CEA,21,left,0
561,562,3,6831.96,5637.5,2710.84,0.5703125,561,544,CEAc,CEA,21,left,0
562,563,3,6832.02,5637.58,2713.46,0.48828125,562,544,CEAc,CEA,21,left,0
563,564,3,6830.92,5638.28,2716.22,0.4609375,563,544,CEAc,CEA,21,left,0
564,565,3,6830.4,5639.06,2717.82,0.48828125,564,544,CEAc,CEA,21,left,0
565,566,3,6830.5,5639.48,2720.54,0.00390625,565,544,CEAc,CEA,21,left,0
566,567,3,6828.72,5640.46,2721.18,0.43359375,566,544,CEAc,CEA,21,left,0
567,568,3,6827.3,5641.98,2722.24,0.43359375,567,544,CEAc,CEA,21,left,0
568,569,3,6826.08,5643.56,2722.86,0.3515625,568,544,CEAc,CEA,21,left,0
569,570,3,6823.78,5645.04,2723.32,0.54296875,569,544,CEAc,CEA,21,left,0
570,571,3,6821.92,5646.68,2723.9,0.43359375,570,544,CEAc,CEA,21,left,0
571,572,3,6820.82,5648.14,2724.16,0.5703125,571,544,CEAc,CEA,21,left,0
572,573,3,6820.12,5650.02,2725.04,0.703125,572,544,CEAc,CEA,21,left,0
573,574,3,6819.1,5652.02,2725.88,0.515625,573,544,CEAc,CEA,21,left,0
574,575,3,6817.2,5653.42,2726.28,0.40625,574,544,CEAc,CEA,21,left,0
575,576,3,6816.14,5654.88,2726.62,0.37890625,575,544,CEAc,CEA,21,left,0
576,577,3,6814.38,5656.7,2726.72,0.54296875,576,544,CEAc,CEA,21,left,0
577,578,3,6813.74,5659.24,2726.7,0.73046875,577,544,CEAc,CEA,21,left,0
578,579,3,6812.04,5661.1,2727.38,0.3515625,578,544,CEAc,CEA,21,left,0
579,580,3,6810.94,5662.78,2727.5,0.40625,579,544,CEAc,CEA,21,left,0
580,581,3,6809.14,5664.52,2727.74,0.54296875,580,544,CEAc,CEA,21,left,0
581,582,3,6807.4,5665.96,2727.48,0.40625,581,544,CEAc,CEA,21,left,0
582,583,3,6806.24,5667.46,2727.1,0.19140625,582,544,CEAc,CEA,21,left,0
583,584,3,6804.52,5669.6,2726.82,0.48828125,583,544,CEAc,CEA,21,left,0
584,585,3,6803.86,5671.82,2727.16,0.26953125,584,544,CEAc,CEA,21,left,0
585,586,3,6802.16,5674.14,2727.0,0.2421875,585,544,CEAc,CEA,21,left,0
586,587,3,6801.36,5676.18,2727.04,0.62109375,586,544,CEAc,CEA,21,left,0
587,588,3,6801.56,5677.66,2727.34,0.48828125,587,544,CEAc,CEA,21,left,0
588,589,3,6799.8,5679.18,2727.4,0.00390625,588,544,CEAc,CEA,21,left,0
589,590,3,6799.54,5681.2,2728.38,0.48828125,589,544,CEAc,CEA,21,left,0
590,591,3,6798.36,5683.18,2728.62,0.1640625,590,544,CEAc,CEA,21,left,0
591,592,3,6796.66,5685.5,2729.12,0.3515625,591,544,CEAc,CEA,21,left,0
592,593,3,6795.18,5687.16,2729.72,0.40625,592,544,CEAc,CEA,21,left,0
593,594,3,6793.42,5688.42,2729.46,0.32421875,593,544,CEAc,CEA,21,left,0
594,595,3,6791.04,5690.58,2728.86,0.3515625,594,544,CEAc,CEA,21,left,0
595,596,3,6789.8,5691.58,2728.58,0.40625,595,544,CEAc,CEA,21,left,1
596,597,3,6858.14,5656.08,2661.2,1.0546875,150,579,ec,ec,22,left,0
597,598,3,6858.46,5653.74,2662.58,0.78515625,597,579,ec,ec,22,left,0
598,599,3,6858.38,5651.42,2664.64,0.6484375,598,579,ec,ec,22,left,0
599,600,3,6859.22,5649.38,2665.76,0.83984375,599,579,ec,ec,22,left,0
600,601,3,6860.38,5649.12,2666.14,0.59765625,600,579,ec,ec,22,left,0
601,602,3,6858.26,5656.02,2660.48,1.109375,150,579,ec,ec,23,left,0
602,603,3,6858.3,5654.24,2659.36,0.62109375,602,579,ec,ec,23,left,0
603,604,3,6859.78,5650.92,2657.66,0.59765625,603,579,ec,ec,23,left,0
604,605,3,6860.6,5649.38,2656.5,0.67578125,604,579,ec,ec,23,left,0
605,606,3,6860.44,5647.36,2655.66,0.6484375,605,579,ec,ec,23,left,0
606,607,3,6861.28,5646.3,2655.14,0.40625,606,579,ec,ec,23,left,0
607,608,3,6862.72,5645.56,2654.08,0.73046875,607,579,ec,ec,23,left,0
608,609,3,6863.72,5644.26,2653.08,0.67578125,608,579,ec,ec,23,left,0
609,610,3,6865.62,5643.24,2653.12,0.43359375,609,579,ec,ec,23,left,0
610,611,3,6869.46,5641.86,2653.5,0.48828125,610,579,ec,ec,23,left,0
611,612,3,6869.78,5640.88,2653.24,0.59765625,611,579,ec,ec,23,left,0
612,613,3,6871.76,5639.54,2653.5,0.03125,612,579,ec,ec,23,left,0
613,614,3,6874.26,5638.28,2653.96,0.59765625,613,579,ec,ec,23,left,0
614,615,3,6876.42,5637.26,2654.34,0.8125,614,579,ec,ec,23,left,0
615,616,3,6878.18,5636.1,2654.74,0.67578125,615,579,ec,ec,23,left,0
616,617,3,6881.1,5634.62,2654.9,0.67578125,616,579,ec,ec,23,left,0
617,618,3,6882.52,5633.68,2654.16,1.00390625,617,579,ec,ec,23,left,0
618,619,3,6882.74,5632.34,2652.88,1.00390625,618,579,ec,ec,23,left,0
619,620,3,6883.94,5631.58,2653.0,0.83984375,619,579,ec,ec,23,left,0
620,621,3,6843.4,5648.54,2679.04,0.01171875,160,544,CEAc,CEA,24,left,0
621,622,3,6843.14,5645.76,2681.42,0.8125,621,544,CEAc,CEA,24,left,0
622,623,3,6841.7,5645.1,2681.78,0.6484375,622,544,CEAc,CEA,24,left,0
623,624,3,6839.94,5644.14,2682.64,0.8125,623,544,CEAc,CEA,24,left,0
624,625,3,6837.26,5643.5,2683.92,0.62109375,624,544,CEAc,CEA,24,left,0
625,626,3,6835.58,5642.76,2685.4,0.59765625,625,544,CEAc,CEA,24,left,0
626,627,3,6834.72,5642.46,2686.4,0.703125,626,544,CEAc,CEA,24,left,0
627,628,3,6834.56,5642.14,2689.76,0.43359375,627,544,CEAc,CEA,24,left,0
628,629,3,6834.44,5642.0,2691.12,0.4609375,628,544,CEAc,CEA,24,left,0
629,630,3,6833.24,5642.24,2691.64,0.21484375,629,544,CEAc,CEA,24,left,0
630,631,3,6832.76,5643.08,2693.26,0.296875,630,544,CEAc,CEA,24,left,0
631,632,3,6832.8,5643.82,2694.96,0.73046875,631,544,CEAc,CEA,24,left,0
632,633,3,6831.14,5644.3,2696.12,0.8671875,632,544,CEAc,CEA,24,left,0
633,634,3,6830.14,5644.3,2697.12,1.02734375,633,544,CEAc,CEA,24,left,0
634,635,3,6828.24,5644.5,2697.38,0.48828125,634,544,CEAc,CEA,24,left,0
635,636,3,6827.74,5644.48,2698.3,0.43359375,635,544,CEAc,CEA,24,left,0
636,637,3,6825.64,5645.08,2698.9,0.0078125,636,544,CEAc,CEA,24,left,0
637,638,3,6825.2,5646.14,2700.58,0.54296875,637,544,CEAc,CEA,24,left,0
638,639,3,6823.84,5646.88,2703.0,0.6484375,638,544,CEAc,CEA,24,left,0
639,640,3,6823.28,5647.2,2704.42,0.515625,639,544,CEAc,CEA,24,left,0
640,641,3,6822.22,5647.66,2706.6,0.40625,640,544,CEAc,CEA,24,left,0
641,642,3,6821.32,5648.04,2707.66,0.48828125,641,544,CEAc,CEA,24,left,0
642,643,3,6821.3,5648.76,2710.28,0.43359375,642,544,CEAc,CEA,24,left,0
643,644,3,6820.36,5649.18,2711.92,0.43359375,643,544,CEAc,CEA,24,left,0
644,645,3,6819.86,5650.18,2714.64,0.62109375,644,544,CEAc,CEA,24,left,0
645,646,3,6820.08,5650.28,2716.66,0.8671875,645,544,CEAc,CEA,24,left,0
646,647,3,6840.42,5651.4,2676.62,0.01171875,160,544,CEAc,CEA,25,left,0
647,648,3,6839.32,5652.06,2677.58,0.62109375,647,544,CEAc,CEA,25,left,0
648,649,3,6839.16,5653.78,2679.58,0.6484375,648,544,CEAc,CEA,25,left,0
649,650,3,6837.86,5655.3,2680.04,0.40625,649,579,ec,ec,25,left,0
650,651,3,6836.06,5656.94,2680.72,0.4609375,650,579,ec,ec,25,left,0
651,652,3,6835.7,5658.62,2681.68,0.6484375,651,579,ec,ec,25,left,0
652,653,3,6836.04,5660.0,2683.3,0.6484375,652,579,ec,ec,25,left,0
653,654,3,6834.8,5661.46,2685.04,0.3515625,653,544,CEAc,CEA,25,left,0
654,655,3,6833.02,5663.02,2685.12,0.32421875,654,544,CEAc,CEA,25,left,0
655,656,3,6830.44,5666.7,2685.2,0.5703125,655,579,ec,ec,25,left,0
656,657,3,6828.62,5668.04,2686.0,0.21484375,656,579,ec,ec,25,left,0
657,658,3,6827.44,5668.92,2686.78,0.703125,657,579,ec,ec,25,left,0
658,659,3,6826.26,5670.64,2686.54,1.02734375,658,579,ec,ec,25,left,0
659,660,3,6824.36,5671.76,2686.16,0.6484375,659,579,ec,ec,25,left,0
660,661,3,6822.58,5671.88,2687.22,0.0078125,660,579,ec,ec,25,left,0
661,662,3,6819.76,5671.84,2687.66,0.43359375,661,579,ec,ec,25,left,0
662,663,3,6818.0,5671.16,2687.92,0.5703125,662,579,ec,ec,25,left,0
663,664,3,6815.34,5671.16,2688.4,0.73046875,663,579,ec,ec,25,left,0
664,665,3,6812.54,5671.48,2688.34,0.78515625,664,544,CEAc,CEA,25,left,0
665,666,3,6810.8,5671.72,2688.14,0.83984375,665,544,CEAc,CEA,25,left,0
666,667,3,6869.26,5650.16,2644.54,0.17578125,168,303,BLAa,BLA,26,left,0
667,668,3,6870.88,5648.68,2644.64,0.296875,667,303,BLAa,BLA,26,left,0
668,669,3,6873.24,5647.0,2644.7,0.296875,668,303,BLAa,BLA,26,left,0
669,670,3,6874.9,5645.54,2643.82,0.19140625,669,303,BLAa,BLA,26,left,0
670,671,3,6876.1,5645.22,2642.54,0.703125,670,303,BLAa,BLA,26,left,0
671,672,3,6877.6,5644.46,2641.92,0.59765625,671,579,ec,ec,26,left,0
672,673,3,6878.76,5643.1,2641.34,0.515625,672,579,ec,ec,26,left,0
673,674,3,6880.6,5641.88,2640.98,0.4609375,673,579,ec,ec,26,left,0
674,675,3,6882.34,5641.04,2639.78,0.54296875,674,579,ec,ec,26,left,0
675,676,3,6883.52,5639.78,2638.72,0.4609375,675,579,ec,ec,26,left,0
676,677,3,6885.52,5638.32,2637.2,0.54296875,676,303,BLAa,BLA,26,left,0
677,678,3,6886.52,5636.36,2636.3,0.21484375,677,303,BLAa,BLA,26,left,0
678,679,3,6887.5,5634.54,2635.76,0.4609375,678,579,ec,ec,26,left,0
679,680,3,6889.7,5632.78,2635.58,0.62109375,679,579,ec,ec,26,left,0
680,681,3,6889.98,5632.32,2634.66,0.703125,680,303,BLAa,BLA,26,left,0
681,682,3,6892.1,5632.04,2634.6,0.0390625,681,303,BLAa,BLA,26,left,0
682,683,3,6893.88,5631.6,2634.0,0.62109375,682,303,BLAa,BLA,26,left,0
683,684,3,6894.92,5630.6,2633.46,0.40625,683,303,BLAa,BLA,26,left,0
684,685,3,6896.52,5629.88,2632.96,0.59765625,684,303,BLAa,BLA,26,left,0
685,686,3,6898.86,5628.92,2632.56,0.703125,685,303,BLAa,BLA,26,left,0
686,687,3,6900.4,5627.7,2632.14,0.73046875,686,303,BLAa,BLA,26,left,0
687,688,3,6902.44,5626.34,2631.78,0.4609375,687,303,BLAa,BLA,26,left,0
688,689,3,6904.76,5624.3,2632.08,0.62109375,688,579,ec,ec,26,left,0
689,690,3,6906.7,5622.26,2631.78,0.3515625,689,579,ec,ec,26,left,0
690,691,3,6907.26,5620.24,2630.9,0.19140625,690,579,ec,ec,26,left,0
691,692,3,6908.6,5618.84,2630.8,0.515625,691,579,ec,ec,26,left,0
692,693,3,6909.0,5615.6,2631.48,0.0078125,692,579,ec,ec,26,left,0
693,694,3,6910.56,5614.28,2631.88,0.59765625,693,579,ec,ec,26,left,0
694,695,3,6912.52,5613.7,2631.72,0.67578125,694,579,ec,ec,26,left,0
695,696,3,6913.86,5612.48,2629.98,0.48828125,695,579,ec,ec,26,left,0
696,697,3,6915.3,5610.76,2629.5,0.296875,696,579,ec,ec,26,left,0
697,698,3,6916.44,5610.02,2628.7,0.515625,697,579,ec,ec,26,left,0
698,699,3,6918.1,5609.24,2628.42,0.37890625,698,579,ec,ec,26,left,0
699,700,3,6920.4,5608.74,2627.98,0.296875,699,579,ec,ec,26,left,0
700,701,3,6922.78,5608.42,2627.62,0.5703125,700,579,ec,ec,26,left,0
701,702,3,6923.34,5607.8,2626.78,0.703125,701,579,ec,ec,26,left,0
702,703,3,6924.72,5607.82,2624.38,0.00390625,702,303,BLAa,BLA,26,left,1
703,704,3,6868.16,5652.46,2642.4,0.00390625,168,303,BLAa,BLA,27,left,0
704,705,3,6869.6,5653.12,2641.92,0.6484375,704,303,BLAa,BLA,27,left,0
705,706,3,6870.2,5654.76,2640.16,0.62109375,705,303,BLAa,BLA,27,left,0
706,707,3,6870.18,5656.44,2637.78,0.62109375,706,303,BLAa,BLA,27,left,0
707,708,3,6870.08,5657.02,2636.0,0.6484375,707,303,BLAa,BLA,27,left,0
708,709,3,6869.88,5657.82,2632.9,0.00390625,708,303,BLAa,BLA,27,left,0
709,710,3,6869.48,5659.96,2629.9,0.515625,709,303,BLAa,BLA,27,left,0
710,711,3,6868.12,5662.1,2628.62,0.32421875,710,303,BLAa,BLA,27,left,0
711,712,3,6867.9,5665.06,2627.04,0.6484375,711,303,BLAa,BLA,27,left,0
712,713,3,6868.16,5667.9,2624.74,0.62109375,712,303,BLAa,BLA,27,left,0
713,714,3,6869.04,5669.74,2623.18,0.515625,713,303,BLAa,BLA,27,left,0
714,715,3,6870.4,5672.1,2621.36,0.296875,714,303,BLAa,BLA,27,left,0
715,716,3,6871.1,5673.84,2619.38,1.02734375,715,303,BLAa,BLA,27,left,0
716,717,3,6872.46,5674.36,2618.0,0.32421875,716,303,BLAa,BLA,27,left,0
717,718,3,6872.64,5675.0,2615.42,0.43359375,717,303,BLAa,BLA,27,left,0
718,719,3,6874.04,5675.46,2613.18,0.43359375,718,303,BLAa,BLA,27,left,0
719,720,3,6875.82,5675.9,2612.04,0.40625,719,303,BLAa,BLA,27,left,0
720,721,3,6876.98,5676.44,2610.54,0.62109375,720,303,BLAa,BLA,27,left,0
721,722,3,6877.12,5678.84,2608.92,0.67578125,721,303,BLAa,BLA,27,left,0
722,723,3,6877.26,5681.44,2606.98,0.3515625,722,303,BLAa,BLA,27,left,0
723,724,3,6877.14,5682.6,2603.8,0.43359375,723,303,BLAa,BLA,27,left,0
724,725,3,6877.64,5682.82,2602.18,0.515625,724,303,BLAa,BLA,27,left,0
725,726,3,6878.44,5683.38,2599.66,0.4609375,725,303,BLAa,BLA,27,left,0
726,727,3,6879.0,5683.64,2598.42,0.54296875,726,303,BLAa,BLA,27,left,0
727,728,3,6879.64,5684.62,2596.02,0.48828125,727,303,BLAa,BLA,27,left,0
728,729,3,6880.9,5685.4,2594.22,0.4609375,728,303,BLAa,BLA,27,left,0
729,730,3,6881.32,5685.46,2591.74,0.00390625,729,303,BLAa,BLA,27,left,0
730,731,3,6882.82,5685.18,2590.28,0.48828125,730,303,BLAa,BLA,27,left,0
731,732,3,6883.76,5684.26,2588.24,0.21484375,731,303,BLAa,BLA,27,left,0
732,733,3,6884.52,5683.42,2586.66,0.59765625,732,303,BLAa,BLA,27,left,0
733,734,3,6884.78,5681.96,2584.9,0.32421875,733,303,BLAa,BLA,27,left,0
734,735,3,6885.22,5680.56,2583.38,0.32421875,734,303,BLAa,BLA,27,left,0
735,736,3,6885.54,5679.46,2581.78,0.21484375,735,303,BLAa,BLA,27,left,0
736,737,3,6886.5,5679.72,2579.7,0.19140625,736,303,BLAa,BLA,27,left,0
737,738,3,6887.92,5679.44,2578.94,0.296875,737,303,BLAa,BLA,27,left,1
738,739,3,6821.5,5694.44,2654.36,0.01953125,192,303,BLAa,BLA,28,left,0
739,740,3,6819.34,5696.22,2653.86,0.83984375,739,303,BLAa,BLA,28,left,0
740,741,3,6818.22,5696.78,2654.22,1.00390625,740,303,BLAa,BLA,28,left,0
741,742,3,6818.2,5696.64,2655.54,0.78515625,741,303,BLAa,BLA,28,left,0
742,743,3,6817.2,5697.3,2656.32,0.62109375,742,303,BLAa,BLA,28,left,0
743,744,3,6815.68,5699.2,2656.1,0.6484375,743,303,BLAa,BLA,28,left,0
744,745,3,6815.12,5701.4,2655.66,0.78515625,744,303,BLAa,BLA,28,left,0
745,746,3,6813.26,5702.8,2655.24,1.02734375,745,303,BLAa,BLA,28,left,0
746,747,3,6812.2,5704.28,2654.88,0.921875,746,303,BLAa,BLA,28,left,0
747,748,3,6819.52,5690.82,2654.94,0.02734375,192,303,BLAa,BLA,29,left,0
748,749,3,6817.26,5690.4,2655.54,0.6484375,748,303,BLAa,BLA,29,left,0
749,750,3,6815.48,5689.9,2656.5,0.4609375,749,303,BLAa,BLA,29,left,0
750,751,3,6813.68,5689.28,2658.28,0.62109375,750,303,BLAa,BLA,29,left,0
751,752,3,6813.06,5688.1,2660.18,0.83984375,751,303,BLAa,BLA,29,left,0
752,753,3,6812.84,5686.84,2663.06,0.32421875,752,303,BLAa,BLA,29,left,0
753,754,3,6811.92,5685.88,2664.4,0.515625,753,303,BLAa,BLA,29,left,0
754,755,3,6810.04,5685.42,2665.18,0.67578125,754,579,ec,ec,29,left,0
755,756,3,6807.94,5685.66,2665.04,0.703125,755,579,ec,ec,29,left,0
756,757,3,6807.74,5685.66,2667.74,0.015625,756,579,ec,ec,29,left,0
757,758,3,6807.44,5686.62,2669.5,0.5703125,757,579,ec,ec,29,left,0
758,759,3,6806.04,5687.18,2669.92,0.37890625,758,579,ec,ec,29,left,0
759,760,3,6804.98,5688.22,2671.34,0.78515625,759,579,ec,ec,29,left,0
760,761,3,6803.42,5689.84,2672.8,0.703125,760,579,ec,ec,29,left,0
761,762,3,6802.52,5691.42,2674.68,0.26953125,761,579,ec,ec,29,left,0
762,763,3,6802.24,5692.52,2676.08,0.78515625,762,579,ec,ec,29,left,0
763,764,3,6800.78,5693.72,2677.08,1.02734375,763,579,ec,ec,29,left,0
764,765,3,6799.92,5694.34,2678.22,0.8671875,764,579,ec,ec,29,left,0
765,766,3,6799.28,5695.42,2679.28,0.7578125,765,579,ec,ec,29,left,0
766,767,3,6797.74,5696.4,2680.12,0.7578125,766,579,ec,ec,29,left,0
767,768,3,6796.0,5697.68,2681.2,0.7578125,767,579,ec,ec,29,left,0
768,769,3,6794.88,5699.32,2681.5,0.7578125,768,579,ec,ec,29,left,0
769,770,3,6794.9,5700.5,2682.52,0.73046875,769,579,ec,ec,29,left,0
770,771,3,6794.2,5701.58,2683.92,0.67578125,770,579,ec,ec,29,left,0
771,772,3,6793.56,5703.24,2684.88,0.48828125,771,579,ec,ec,29,left,0
772,773,3,6792.26,5704.68,2685.66,0.62109375,772,579,ec,ec,29,left,0
773,774,3,6790.74,5705.64,2686.16,0.48828125,773,579,ec,ec,29,left,0
774,775,3,6789.18,5707.08,2687.14,0.00390625,774,579,ec,ec,29,left,0
775,776,3,6787.78,5707.7,2688.94,0.32421875,775,579,ec,ec,29,left,0
776,777,3,6785.08,5707.82,2690.34,0.37890625,776,579,ec,ec,29,left,0
777,778,3,6783.8,5707.4,2691.52,0.43359375,777,579,ec,ec,29,left,0
778,779,3,6781.38,5706.24,2692.82,0.7578125,778,579,ec,ec,29,left,0
779,780,3,6779.36,5706.24,2693.06,1.0546875,779,579,ec,ec,29,left,0
780,781,3,6823.44,5683.38,2664.18,0.00390625,197,303,BLAa,BLA,30,left,0
781,782,3,6824.88,5681.6,2665.8,0.5703125,781,579,ec,ec,30,left,0
782,783,3,6825.38,5679.74,2667.82,0.6484375,782,579,ec,ec,30,left,0
783,784,3,6825.82,5678.06,2669.32,0.26953125,783,579,ec,ec,30,left,0
784,785,3,6827.18,5677.0,2671.52,0.4609375,784,579,ec,ec,30,left,0
785,786,3,6827.84,5675.08,2675.08,0.54296875,785,579,ec,ec,30,left,0
786,787,3,6828.16,5673.98,2676.64,0.515625,786,579,ec,ec,30,left,0
787,788,3,6829.3,5673.02,2677.82,0.4609375,787,579,ec,ec,30,left,0
788,789,3,6830.66,5671.88,2679.84,0.43359375,788,579,ec,ec,30,left,0
789,790,3,6831.66,5670.84,2681.96,0.6484375,789,579,ec,ec,30,left,0
790,791,3,6832.64,5670.46,2683.34,0.296875,790,579,ec,ec,30,left,0
791,792,3,6832.84,5669.56,2685.7,0.5703125,791,579,ec,ec,30,left,0
792,793,3,6833.02,5668.8,2688.14,0.6484375,792,579,ec,ec,30,left,0
793,794,3,6833.0,5667.66,2689.4,0.62109375,793,579,ec,ec,30,left,0
794,795,3,6833.02,5665.74,2691.82,0.73046875,794,579,ec,ec,30,left,0
795,796,3,6833.0,5663.22,2694.5,0.6484375,795,544,CEAc,CEA,30,left,0
796,797,3,6833.14,5662.34,2696.74,0.43359375,796,544,CEAc,CEA,30,left,0
797,798,3,6830.62,5661.2,2697.2,0.0078125,797,544,CEAc,CEA,30,left,0
798,799,3,6829.46,5658.4,2698.94,0.32421875,798,544,CEAc,CEA,30,left,0
799,800,3,6829.34,5656.1,2700.44,0.48828125,799,544,CEAc,CEA,30,left,0
800,801,3,6828.76,5653.3,2701.7,0.37890625,800,544,CEAc,CEA,30,left,0
801,802,3,6828.02,5651.86,2702.8,0.67578125,801,544,CEAc,CEA,30,left,0
802,803,3,6827.6,5647.76,2704.16,0.6484375,802,544,CEAc,CEA,30,left,0
803,804,3,6827.42,5645.0,2705.38,0.921875,803,544,CEAc,CEA,30,left,0
804,805,3,6827.06,5641.44,2705.94,0.32421875,804,544,CEAc,CEA,30,left,0
805,806,3,6826.82,5639.52,2705.84,0.54296875,805,544,CEAc,CEA,30,left,0
806,807,3,6827.78,5637.92,2706.82,0.00390625,806,544,CEAc,CEA,30,left,0
807,808,3,6827.72,5635.48,2707.86,0.48828125,807,544,CEAc,CEA,30,left,0
808,809,3,6827.12,5628.74,2709.34,0.703125,808,544,CEAc,CEA,30,left,0
809,810,3,6827.04,5625.7,2710.5,0.5703125,809,544,CEAc,CEA,30,left,0
810,811,3,6827.66,5623.42,2711.82,0.32421875,810,544,CEAc,CEA,30,left,1
811,812,3,6821.82,5684.32,2664.6,0.01171875,197,303,BLAa,BLA,31,left,0
812,813,3,6820.96,5683.98,2666.34,0.43359375,812,579,ec,ec,31,left,0
813,814,3,6819.12,5683.36,2667.44,0.3515625,813,579,ec,ec,31,left,0
814,815,3,6818.42,5682.58,2668.74,0.296875,814,579,ec,ec,31,left,0
815,816,3,6817.52,5681.7,2670.68,0.48828125,815,579,ec,ec,31,left,0
816,817,3,6816.64,5681.44,2672.2,0.62109375,816,579,ec,ec,31,left,0
817,818,3,6815.24,5681.54,2673.36,0.32421875,817,579,ec,ec,31,left,0
818,819,3,6814.84,5681.84,2674.62,0.59765625,818,579,ec,ec,31,left,0
819,820,3,6814.76,5681.7,2677.38,0.296875,819,579,ec,ec,31,left,0
820,821,3,6813.96,5682.3,2678.94,0.4609375,820,579,ec,ec,31,left,0
821,822,3,6812.44,5683.44,2679.46,0.3515625,821,579,ec,ec,31,left,0
822,823,3,6810.96,5683.8,2679.28,0.32421875,822,579,ec,ec,31,left,0
823,824,3,6810.88,5684.96,2680.98,0.7578125,823,579,ec,ec,31,left,0
824,825,3,6809.42,5686.2,2681.78,0.59765625,824,579,ec,ec,31,left,0
825,826,3,6808.64,5687.74,2682.56,0.3515625,825,579,ec,ec,31,left,0
826,827,3,6807.34,5689.1,2683.22,0.48828125,826,579,ec,ec,31,left,0
827,828,3,6805.64,5689.64,2684.74,0.40625,827,579,ec,ec,31,left,0
828,829,3,6804.9,5689.54,2686.48,0.21484375,828,579,ec,ec,31,left,0
829,830,3,6804.36,5689.42,2688.24,0.48828125,829,579,ec,ec,31,left,0
830,831,3,6803.48,5688.4,2689.38,0.43359375,830,579,ec,ec,31,left,0
831,832,3,6802.8,5686.22,2691.1,0.37890625,831,579,ec,ec,31,left,0
832,833,3,6801.42,5685.58,2692.48,0.4609375,832,579,ec,ec,31,left,0
833,834,3,6800.64,5684.16,2694.9,0.54296875,833,579,ec,ec,31,left,0
834,835,3,6799.26,5683.58,2696.12,0.4609375,834,544,CEAc,CEA,31,left,0
835,836,3,6798.84,5682.74,2698.1,0.32421875,835,544,CEAc,CEA,31,left,0
836,837,3,6797.74,5682.68,2699.22,0.43359375,836,544,CEAc,CEA,31,left,0
837,838,3,6796.7,5682.58,2701.48,0.59765625,837,544,CEAc,CEA,31,left,0
838,839,3,6795.2,5682.06,2703.82,0.4609375,838,544,CEAc,CEA,31,left,0
839,840,3,6794.6,5680.78,2705.48,0.3515625,839,544,CEAc,CEA,31,left,0
840,841,3,6792.96,5680.46,2706.4,0.6484375,840,544,CEAc,CEA,31,left,0
841,842,3,6791.78,5680.12,2708.12,0.296875,841,544,CEAc,CEA,31,left,0
842,843,3,6789.98,5680.02,2710.2,0.37890625,842,544,CEAc,CEA,31,left,0
843,844,3,6788.54,5680.28,2711.36,0.48828125,843,544,CEAc,CEA,31,left,0
844,845,3,6786.8,5681.02,2712.48,0.2421875,844,544,CEAc,CEA,31,left,0
845,846,3,6785.9,5681.78,2714.14,0.48828125,845,544,CEAc,CEA,31,left,0
846,847,3,6785.22,5682.22,2716.1,0.2421875,846,544,CEAc,CEA,31,left,0
847,848,3,6785.0,5681.6,2718.1,0.40625,847,544,CEAc,CEA,31,left,0
848,849,3,6784.94,5681.2,2719.7,0.00390625,848,544,CEAc,CEA,31,left,0
849,850,3,6782.88,5680.84,2720.8,0.43359375,849,544,CEAc,CEA,31,left,0
850,851,3,6781.38,5680.3,2722.1,0.4609375,850,544,CEAc,CEA,31,left,0
851,852,3,6780.8,5679.78,2723.48,0.296875,851,544,CEAc,CEA,31,left,0
852,853,3,6780.88,5678.54,2725.6,0.43359375,852,544,CEAc,CEA,31,left,0
853,854,3,6780.94,5676.64,2728.18,0.515625,853,544,CEAc,CEA,31,left,0
854,855,3,6781.08,5675.8,2730.34,0.48828125,854,544,CEAc,CEA,31,left,0
855,856,3,6781.34,5675.38,2733.18,0.296875,855,544,CEAc,CEA,31,left,0
856,857,3,6781.54,5675.54,2734.8,0.3515625,856,544,CEAc,CEA,31,left,0
857,858,3,6782.58,5676.14,2735.78,0.32421875,857,544,CEAc,CEA,31,left,0
858,859,3,6784.68,5676.82,2735.94,0.1640625,858,544,CEAc,CEA,31,left,1
859,860,2,6890.26,5647.66,2625.92,0.00390625,201,303,BLAa,BLA,32,left,0
860,861,2,6888.46,5646.48,2627.38,0.40625,860,303,BLAa,BLA,32,left,0
861,862,2,6887.02,5646.1,2628.2,0.2421875,861,303,BLAa,BLA,32,left,0
862,863,2,6885.46,5646.28,2629.98,0.40625,862,303,BLAa,BLA,32,left,0
863,864,2,6884.36,5646.84,2631.42,0.54296875,863,303,BLAa,BLA,32,left,0
864,865,2,6882.66,5647.02,2632.82,0.40625,864,303,BLAa,BLA,32,left,0
865,866,2,6881.6,5647.02,2633.8,0.40625,865,303,BLAa,BLA,32,left,0
866,867,2,6879.52,5646.84,2634.48,0.1640625,866,303,BLAa,BLA,32,left,0
867,868,2,6876.78,5646.38,2634.62,0.40625,867,303,BLAa,BLA,32,left,0
868,869,2,6875.56,5645.94,2634.36,0.296875,868,303,BLAa,BLA,32,left,0
869,870,2,6874.16,5646.08,2634.48,0.015625,869,303,BLAa,BLA,32,left,0
870,871,2,6873.38,5647.98,2634.1,0.32421875,870,303,BLAa,BLA,32,left,0
871,872,2,6873.5,5650.56,2634.1,0.19140625,871,303,BLAa,BLA,32,left,0
872,873,2,6872.26,5653.06,2634.3,0.1640625,872,303,BLAa,BLA,32,left,0
873,874,2,6871.1,5654.9,2634.04,0.00390625,873,303,BLAa,BLA,32,left,0
874,875,2,6870.1,5657.02,2633.56,1.13671875,874,303,BLAa,BLA,32,left,0
875,876,2,6868.2,5658.14,2633.18,1.328125,875,303,BLAa,BLA,32,left,0
876,877,2,6867.92,5660.14,2633.56,0.515625,876,303,BLAa,BLA,32,left,0
877,878,2,6868.2,5661.32,2634.94,0.43359375,877,303,BLAa,BLA,32,left,0
878,879,2,6867.94,5662.12,2636.26,0.32421875,878,303,BLAa,BLA,32,left,0
879,880,2,6867.02,5662.58,2636.42,0.296875,879,303,BLAa,BLA,32,left,0
880,881,2,6865.16,5664.84,2636.22,0.21484375,880,303,BLAa,BLA,32,left,0
881,882,2,6863.64,5667.18,2636.34,0.48828125,881,303,BLAa,BLA,32,left,0
882,883,2,6862.94,5668.8,2636.76,0.1640625,882,303,BLAa,BLA,32,left,0
883,884,2,6861.1,5670.14,2636.5,0.5703125,883,303,BLAa,BLA,32,left,0
884,885,2,6860.36,5672.66,2635.56,0.40625,884,303,BLAa,BLA,32,left,0
885,886,2,6859.9,5675.36,2634.7,0.32421875,885,303,BLAa,BLA,32,left,0
886,887,2,6859.6,5678.2,2634.6,0.515625,886,303,BLAa,BLA,32,left,0
887,888,2,6858.28,5680.22,2634.66,0.40625,887,303,BLAa,BLA,32,left,0
888,889,2,6856.94,5680.64,2634.8,0.3515625,888,303,BLAa,BLA,32,left,0
889,890,2,6854.96,5682.44,2634.02,0.00390625,889,303,BLAa,BLA,32,left,0
890,891,2,6853.72,5684.6,2633.5,0.32421875,890,303,BLAa,BLA,32,left,0
891,892,2,6852.84,5686.78,2634.0,0.48828125,891,303,BLAa,BLA,32,left,0
892,893,2,6852.62,5687.46,2634.92,0.48828125,892,303,BLAa,BLA,32,left,0
893,894,2,6851.16,5687.94,2635.08,0.4609375,893,303,BLAa,BLA,32,left,0
894,895,2,6850.94,5688.9,2635.58,0.6484375,894,303,BLAa,BLA,32,left,0
895,896,2,6851.28,5689.1,2638.72,0.2421875,895,303,BLAa,BLA,32,left,0
896,897,2,6851.1,5688.18,2641.2,0.4609375,896,303,BLAa,BLA,32,left,0
897,898,2,6849.82,5687.98,2642.58,0.4609375,897,303,BLAa,BLA,32,left,0
898,899,2,6849.52,5688.98,2644.54,0.19140625,898,303,BLAa,BLA,32,left,0
899,900,2,6849.86,5690.32,2646.34,0.3515625,899,303,BLAa,BLA,32,left,0
900,901,2,6848.78,5692.24,2647.64,0.00390625,900,303,BLAa,BLA,32,left,0
901,902,2,6848.64,5697.26,2647.04,0.67578125,901,303,BLAa,BLA,32,left,0
902,903,2,6849.54,5699.36,2646.5,0.37890625,902,303,BLAa,BLA,32,left,0
903,904,2,6850.22,5702.16,2646.62,0.32421875,903,303,BLAa,BLA,32,left,0
904,905,2,6850.18,5704.62,2647.6,0.1640625,904,303,BLAa,BLA,32,left,0
905,906,2,6849.76,5706.6,2647.98,0.1640625,905,303,BLAa,BLA,32,left,0
906,907,2,6849.14,5708.74,2648.86,0.37890625,906,303,BLAa,BLA,32,left,0
907,908,2,6848.88,5710.88,2649.76,0.1640625,907,303,BLAa,BLA,32,left,0
908,909,2,6848.44,5711.96,2650.84,0.48828125,908,303,BLAa,BLA,32,left,0
909,910,2,6848.76,5713.02,2653.16,0.3515625,909,303,BLAa,BLA,32,left,0
910,911,2,6849.2,5713.94,2656.48,0.48828125,910,303,BLAa,BLA,32,left,0
911,912,2,6849.5,5714.72,2658.56,0.54296875,911,303,BLAa,BLA,32,left,0
912,913,2,6849.84,5715.02,2661.6,0.40625,912,303,BLAa,BLA,32,left,0
913,914,2,6849.88,5714.58,2662.52,0.54296875,913,303,BLAa,BLA,32,left,0
914,915,2,6848.6,5715.14,2662.42,0.03125,914,303,BLAa,BLA,32,left,0
915,916,2,6847.82,5715.68,2663.62,0.59765625,915,303,BLAa,BLA,32,left,0
916,917,2,6848.08,5716.2,2665.66,0.3515625,916,303,BLAa,BLA,32,left,0
917,918,2,6847.38,5717.88,2667.62,0.48828125,917,303,BLAa,BLA,32,left,0
918,919,2,6846.58,5718.74,2668.64,0.48828125,918,303,BLAa,BLA,32,left,0
919,920,2,6846.34,5720.2,2671.18,0.37890625,919,303,BLAa,BLA,32,left,0
920,921,2,6845.4,5721.12,2672.32,0.67578125,920,303,BLAa,BLA,32,left,0
921,922,2,6845.08,5721.94,2674.52,0.515625,921,303,BLAa,BLA,32,left,0
922,923,2,6844.72,5723.52,2676.56,0.40625,922,303,BLAa,BLA,32,left,0
923,924,2,6843.7,5725.22,2677.34,0.32421875,923,303,BLAa,BLA,32,left,0
924,925,2,6843.82,5726.98,2678.6,0.43359375,924,303,BLAa,BLA,32,left,0
925,926,2,6844.32,5729.64,2680.28,0.21484375,925,303,BLAa,BLA,32,left,0
926,927,2,6844.76,5731.92,2681.94,0.37890625,926,303,BLAa,BLA,32,left,0
927,928,2,6844.94,5733.56,2683.62,0.54296875,927,303,BLAa,BLA,32,left,0
928,929,2,6844.48,5735.18,2684.22,0.40625,928,303,BLAa,BLA,32,left,0
929,930,2,6844.62,5737.28,2685.34,0.2421875,929,303,BLAa,BLA,32,left,0
930,931,2,6844.9,5738.38,2686.86,0.48828125,930,303,BLAa,BLA,32,left,0
931,932,2,6845.14,5739.06,2688.36,0.32421875,931,303,BLAa,BLA,32,left,0
932,933,2,6843.98,5740.82,2689.06,0.48828125,932,303,BLAa,BLA,32,left,0
933,934,2,6842.46,5742.58,2689.3,0.62109375,933,303,BLAa,BLA,32,left,0
934,935,2,6842.14,5743.64,2691.84,0.00390625,934,303,BLAa,BLA,32,left,0
935,936,2,6841.08,5745.12,2692.78,0.3515625,935,303,BLAa,BLA,32,left,0
936,937,2,6838.98,5747.26,2693.98,0.21484375,936,303,BLAa,BLA,32,left,0
937,938,2,6838.44,5747.86,2695.9,0.73046875,937,303,BLAa,BLA,32,left,0
938,939,2,6837.24,5749.46,2696.38,0.32421875,938,303,BLAa,BLA,32,left,0
939,940,2,6836.96,5751.34,2697.56,0.32421875,939,303,BLAa,BLA,32,left,0
940,941,2,6835.86,5752.88,2698.44,0.296875,940,303,BLAa,BLA,32,left,0
941,942,2,6835.46,5753.52,2699.94,0.59765625,941,303,BLAa,BLA,32,left,0
942,943,2,6835.82,5755.44,2701.14,0.26953125,942,303,BLAa,BLA,32,left,0
943,944,2,6836.26,5757.98,2702.34,0.21484375,943,303,BLAa,BLA,32,left,0
944,945,2,6836.54,5760.02,2702.56,0.78515625,944,303,BLAa,BLA,32,left,0
945,946,2,6836.96,5762.62,2703.52,0.4609375,945,303,BLAa,BLA,32,left,0
946,947,2,6837.4,5765.46,2704.4,0.4609375,946,303,BLAa,BLA,32,left,0
947,948,2,6837.72,5767.48,2705.04,0.2421875,947,303,BLAa,BLA,32,left,0
948,949,2,6838.18,5770.86,2705.54,0.62109375,948,303,BLAa,BLA,32,left,0
949,950,2,6838.46,5772.82,2705.88,0.5703125,949,303,BLAa,BLA,32,left,0
950,951,2,6838.52,5776.2,2706.8,0.40625,950,303,BLAa,BLA,32,left,0
951,952,2,6838.06,5778.56,2707.26,0.48828125,951,303,BLAa,BLA,32,left,0
952,953,2,6837.38,5779.74,2708.2,0.48828125,952,303,BLAa,BLA,32,left,0
953,954,2,6837.46,5781.24,2709.68,0.296875,953,303,BLAa,BLA,32,left,0
954,955,2,6837.12,5783.48,2710.4,0.59765625,954,303,BLAa,BLA,32,left,0
955,956,2,6838.24,5786.56,2710.76,0.00390625,955,303,BLAa,BLA,32,left,0
956,957,2,6839.1,5789.16,2711.94,0.5703125,956,303,BLAa,BLA,32,left,0
957,958,2,6839.94,5789.42,2712.82,0.9765625,957,303,BLAa,BLA,32,left,0
958,959,2,6840.7,5794.98,2712.28,0.40625,958,303,BLAa,BLA,32,left,0
959,960,2,6840.62,5797.28,2712.44,0.40625,959,303,BLAa,BLA,32,left,0
960,961,2,6839.8,5798.16,2713.42,0.4609375,960,303,BLAa,BLA,32,left,0
961,962,2,6837.46,5798.84,2713.96,0.515625,961,303,BLAa,BLA,32,left,0
962,963,2,6836.2,5799.3,2715.5,0.515625,962,303,BLAa,BLA,32,left,0
963,964,2,6835.12,5800.48,2717.14,0.8125,963,303,BLAa,BLA,32,left,0
964,965,2,6834.2,5802.72,2717.5,0.26953125,964,303,BLAa,BLA,32,left,0
965,966,2,6832.52,5804.98,2718.56,0.73046875,965,303,BLAa,BLA,32,left,0
966,967,2,6832.22,5807.14,2718.92,0.40625,966,303,BLAa,BLA,32,left,0
967,968,2,6830.96,5809.86,2718.46,0.83984375,967,303,BLAa,BLA,32,left,0
968,969,2,6830.1,5812.18,2717.96,0.32421875,968,303,BLAa,BLA,32,left,0
969,970,2,6829.86,5814.82,2717.44,0.40625,969,303,BLAa,BLA,32,left,0
970,971,2,6828.42,5817.0,2717.1,0.40625,970,303,BLAa,BLA,32,left,0
971,972,2,6827.28,5819.48,2717.08,0.5703125,971,303,BLAa,BLA,32,left,0
972,973,2,6827.46,5822.24,2717.14,0.2421875,972,303,BLAa,BLA,32,left,0
973,974,2,6828.1,5827.24,2717.04,0.48828125,973,303,BLAa,BLA,32,left,0
974,975,2,6827.84,5831.34,2716.64,0.21484375,974,303,BLAa,BLA,32,left,0
975,976,2,6826.96,5834.62,2716.26,0.59765625,975,303,BLAa,BLA,32,left,0
976,977,2,6826.88,5837.32,2716.3,0.3515625,976,303,BLAa,BLA,32,left,0
977,978,2,6825.74,5838.56,2716.56,0.43359375,977,303,BLAa,BLA,32,left,0
978,979,2,6824.92,5840.82,2716.24,0.43359375,978,303,BLAa,BLA,32,left,0
979,980,2,6823.66,5843.24,2716.46,0.32421875,979,303,BLAa,BLA,32,left,0
980,981,2,6823.18,5845.4,2716.6,0.83984375,980,303,BLAa,BLA,32,left,0
981,982,2,6821.32,5846.48,2716.96,0.62109375,981,303,BLAa,BLA,32,left,0
982,983,2,6820.56,5847.02,2717.84,0.78515625,982,303,BLAa,BLA,32,left,0
983,984,2,6820.66,5849.46,2717.04,0.015625,983,303,BLAa,BLA,32,left,0
984,985,2,6820.7,5852.22,2716.76,0.43359375,984,303,BLAa,BLA,32,left,0
985,986,2,6820.18,5853.58,2717.36,0.48828125,985,303,BLAa,BLA,32,left,0
986,987,2,6819.48,5854.04,2719.1,0.3515625,986,303,BLAa,BLA,32,left,0
987,988,2,6818.26,5854.42,2720.24,0.62109375,987,303,BLAa,BLA,32,left,0
988,989,2,6816.84,5856.16,2720.44,0.40625,988,303,BLAa,BLA,32,left,0
989,990,2,6816.16,5858.16,2720.02,0.5703125,989,303,BLAa,BLA,32,left,0
990,991,2,6814.64,5859.32,2719.98,0.26953125,990,303,BLAa,BLA,32,left,0
991,992,2,6812.18,5860.74,2719.92,0.78515625,991,303,BLAa,BLA,32,left,0
992,993,2,6811.4,5862.1,2720.38,0.59765625,992,303,BLAa,BLA,32,left,0
993,994,2,6811.68,5864.4,2721.86,0.62109375,993,303,BLAa,BLA,32,left,0
994,995,2,6812.04,5865.88,2723.6,0.32421875,994,303,BLAa,BLA,32,left,0
995,996,2,6810.9,5867.16,2724.2,0.3515625,995,303,BLAa,BLA,32,left,0
996,997,2,6809.24,5867.86,2724.2,0.2421875,996,303,BLAa,BLA,32,left,1
997,998,2,6888.68,5649.28,2623.02,0.01171875,201,303,BLAa,BLA,33,left,0
998,999,2,6886.12,5649.52,2623.04,0.19140625,998,303,BLAa,BLA,33,left,0
999,1000,2,6884.84,5649.28,2623.74,0.2421875,999,303,BLAa,BLA,33,left,0
1000,1001,2,6883.88,5649.16,2625.38,0.296875,1000,303,BLAa,BLA,33,left,0
1001,1002,2,6882.58,5649.46,2626.42,0.26953125,1001,303,BLAa,BLA,33,left,0
1002,1003,2,6881.66,5649.98,2628.5,0.00390625,1002,303,BLAa,BLA,33,left,0
1003,1004,2,6879.06,5650.76,2628.88,0.59765625,1003,303,BLAa,BLA,33,left,0
1004,1005,2,6878.24,5651.98,2629.7,0.54296875,1004,303,BLAa,BLA,33,left,0
1005,1006,2,6876.04,5652.3,2629.94,0.015625,1005,303,BLAa,BLA,33,left,0
1006,1007,2,6876.46,5654.96,2633.0,0.515625,1006,303,BLAa,BLA,33,left,0
1007,1008,2,6876.66,5655.26,2634.74,0.296875,1007,303,BLAa,BLA,33,left,0
1008,1009,2,6876.66,5654.52,2636.46,0.37890625,1008,303,BLAa,BLA,33,left,0
1009,1010,2,6875.78,5654.0,2638.22,0.2421875,1009,303,BLAa,BLA,33,left,0
1010,1011,2,6875.94,5653.22,2639.9,0.2421875,1010,303,BLAa,BLA,33,left,0
1011,1012,2,6876.92,5652.72,2640.46,0.3515625,1011,303,BLAa,BLA,33,left,0
1012,1013,2,6887.74,5659.86,2616.94,0.00390625,206,303,BLAa,BLA,34,left,0
1013,1014,2,6886.5,5661.34,2616.32,0.5703125,1013,303,BLAa,BLA,34,left,0
1014,1015,2,6885.72,5662.66,2614.6,0.32421875,1014,303,BLAa,BLA,34,left,0
1015,1016,2,6885.14,5664.84,2613.18,0.1640625,1015,303,BLAa,BLA,34,left,0
1016,1017,2,6884.3,5666.82,2612.5,0.296875,1016,303,BLAa,BLA,34,left,0
1017,1018,2,6882.48,5668.48,2611.58,0.26953125,1017,303,BLAa,BLA,34,left,0
1018,1019,2,6881.42,5670.64,2610.74,0.32421875,1018,303,BLAa,BLA,34,left,0
1019,1020,2,6879.64,5673.04,2610.36,0.40625,1019,303,BLAa,BLA,34,left,0
1020,1021,2,6877.54,5673.58,2610.86,0.0078125,1020,303,BLAa,BLA,34,left,0
1021,1022,2,6877.02,5676.84,2610.34,1.7890625,1021,303,BLAa,BLA,34,left,0
1022,1023,2,6877.22,5678.42,2610.36,1.109375,1022,303,BLAa,BLA,34,left,0
1023,1024,2,6877.48,5679.12,2612.3,0.4609375,1023,303,BLAa,BLA,34,left,0
1024,1025,2,6885.88,5656.78,2617.38,0.01953125,206,303,BLAa,BLA,35,left,0
1025,1026,2,6884.1,5657.82,2617.8,0.3515625,1025,303,BLAa,BLA,35,left,0
1026,1027,2,6882.9,5659.2,2618.26,0.2421875,1026,303,BLAa,BLA,35,left,0
1027,1028,2,6881.2,5660.26,2618.8,0.48828125,1027,303,BLAa,BLA,35,left,0
1028,1029,2,6880.16,5661.68,2619.88,0.2421875,1028,303,BLAa,BLA,35,left,0
1029,1030,2,6878.86,5662.94,2620.7,0.3515625,1029,303,BLAa,BLA,35,left,0
1030,1031,2,6878.82,5664.26,2621.5,0.43359375,1030,303,BLAa,BLA,35,left,0
1031,1032,2,6877.56,5665.42,2622.42,0.01171875,1031,303,BLAa,BLA,35,left,0
1032,1033,2,6876.8,5665.7,2624.26,0.32421875,1032,303,BLAa,BLA,35,left,0
1033,1034,2,6875.4,5665.76,2625.32,0.40625,1033,303,BLAa,BLA,35,left,0
1034,1035,2,6874.86,5665.66,2626.72,0.32421875,1034,303,BLAa,BLA,35,left,0
1035,1036,2,6873.42,5664.92,2628.42,0.0078125,1035,303,BLAa,BLA,35,left,0
1036,1037,2,6872.6,5663.06,2630.44,1.00390625,1036,303,BLAa,BLA,35,left,0
1037,1038,2,6871.6,5662.68,2631.38,0.43359375,1037,303,BLAa,BLA,35,left,0
1038,1039,2,6869.34,5662.96,2631.5,0.67578125,1038,303,BLAa,BLA,35,left,0
1039,1040,2,6867.58,5663.14,2631.94,0.515625,1039,303,BLAa,BLA,35,left,1
1040,1041,2,6906.18,5656.5,2590.78,0.015625,214,303,BLAa,BLA,36,left,0
1041,1042,2,6906.36,5659.68,2588.4,0.40625,1041,303,BLAa,BLA,36,left,0
1042,1043,2,6906.38,5661.22,2586.56,0.54296875,1042,303,BLAa,BLA,36,left,0
1043,1044,2,6903.38,5653.52,2591.7,0.2421875,214,303,BLAa,BLA,37,left,0
1044,1045,2,6902.22,5652.34,2593.56,0.3515625,1044,303,BLAa,BLA,37,left,0
1045,1046,2,6900.5,5652.14,2594.96,0.21484375,1045,303,BLAa,BLA,37,left,0
1046,1047,2,6899.86,5652.6,2596.74,0.21484375,1046,303,BLAa,BLA,37,left,0
1047,1048,2,6898.46,5652.54,2598.34,0.48828125,1047,303,BLAa,BLA,37,left,0
1048,1049,2,6897.7,5652.2,2599.78,0.59765625,1048,303,BLAa,BLA,37,left,0
1049,1050,2,6895.46,5652.5,2599.9,0.43359375,1049,303,BLAa,BLA,37,left,0
1050,1051,2,6894.46,5653.0,2602.1,0.00390625,1050,303,BLAa,BLA,37,left,0
1051,1052,2,6893.86,5652.2,2604.68,0.296875,1051,303,BLAa,BLA,37,left,0
1052,1053,2,6892.26,5652.44,2605.7,0.19140625,1052,303,BLAa,BLA,37,left,0
1053,1054,2,6891.26,5652.38,2609.94,0.37890625,1053,303,BLAa,BLA,37,left,0
1054,1055,2,6891.36,5652.22,2611.14,0.43359375,1054,303,BLAa,BLA,37,left,0
1055,1056,2,6889.86,5652.68,2611.6,0.0234375,1055,303,BLAa,BLA,37,left,0
1056,1057,2,6887.86,5653.06,2613.02,0.40625,1056,303,BLAa,BLA,37,left,0
1057,1058,2,6886.32,5653.64,2614.26,0.40625,1057,303,BLAa,BLA,37,left,0
1058,1059,2,6885.1,5653.92,2615.96,0.296875,1058,303,BLAa,BLA,37,left,0
1059,1060,2,6883.44,5653.6,2617.7,0.2421875,1059,303,BLAa,BLA,37,left,0
1060,1061,2,6881.82,5653.6,2618.44,0.3515625,1060,303,BLAa,BLA,37,left,0
1061,1062,2,6881.58,5654.58,2619.52,0.0078125,1061,303,BLAa,BLA,37,left,0
1062,1063,2,6880.28,5655.24,2620.76,0.37890625,1062,303,BLAa,BLA,37,left,0
1063,1064,2,6878.84,5655.62,2621.92,0.21484375,1063,303,BLAa,BLA,37,left,0
1064,1065,2,6876.46,5656.22,2622.6,0.21484375,1064,303,BLAa,BLA,37,left,0
1065,1066,2,6875.28,5656.4,2623.6,0.2421875,1065,303,BLAa,BLA,37,left,0
1066,1067,2,6873.84,5657.4,2624.58,0.296875,1066,303,BLAa,BLA,37,left,0
1067,1068,2,6873.42,5658.1,2625.54,0.4609375,1067,303,BLAa,BLA,37,left,0
1068,1069,2,6872.0,5658.32,2626.48,0.32421875,1068,303,BLAa,BLA,37,left,0
1069,1070,2,6871.8,5657.86,2628.92,0.4609375,1069,303,BLAa,BLA,37,left,0
1070,1071,2,6871.86,5657.98,2629.36,0.078125,1070,303,BLAa,BLA,37,left,0
1071,1072,2,6872.2,5657.5,2633.48,0.43359375,1071,303,BLAa,BLA,37,left,0
1072,1073,2,6871.9,5657.42,2634.58,0.54296875,1072,303,BLAa,BLA,37,left,0
1073,1074,2,6869.28,5657.76,2634.52,1.328125,1073,303,BLAa,BLA,37,left,0
1074,1075,2,6865.98,5658.26,2634.14,0.26953125,1074,303,BLAa,BLA,37,left,0
1075,1076,2,6864.02,5658.88,2634.04,0.32421875,1075,303,BLAa,BLA,37,left,0
1076,1077,2,6862.3,5659.56,2634.7,0.296875,1076,303,BLAa,BLA,37,left,0
1077,1078,2,6860.48,5660.6,2635.74,0.54296875,1077,303,BLAa,BLA,37,left,0
1078,1079,2,6859.46,5662.04,2636.84,0.37890625,1078,303,BLAa,BLA,37,left,0
1079,1080,2,6858.82,5662.8,2638.18,0.37890625,1079,303,BLAa,BLA,37,left,0
1080,1081,2,6857.48,5664.06,2637.9,0.21484375,1080,303,BLAa,BLA,37,left,0
1081,1082,2,6857.32,5666.1,2638.1,0.54296875,1081,303,BLAa,BLA,37,left,0
1082,1083,2,6855.28,5667.24,2638.3,0.4609375,1082,303,BLAa,BLA,37,left,0
1083,1084,2,6853.62,5669.9,2637.94,0.1640625,1083,303,BLAa,BLA,37,left,0
1084,1085,2,6852.68,5672.1,2637.88,0.21484375,1084,303,BLAa,BLA,37,left,0
1085,1086,2,6851.3,5673.9,2637.7,0.4609375,1085,303,BLAa,BLA,37,left,0
1086,1087,2,6849.5,5675.54,2637.58,0.32421875,1086,303,BLAa,BLA,37,left,0
1087,1088,2,6848.1,5676.92,2637.78,0.19140625,1087,303,BLAa,BLA,37,left,0
1088,1089,2,6846.54,5678.24,2638.92,0.1640625,1088,303,BLAa,BLA,37,left,0
1089,1090,2,6844.68,5678.46,2640.74,0.4609375,1089,303,BLAa,BLA,37,left,0
1090,1091,2,6843.42,5678.06,2642.7,0.62109375,1090,303,BLAa,BLA,37,left,0
1091,1092,2,6842.66,5678.0,2644.12,0.515625,1091,303,BLAa,BLA,37,left,0
1092,1093,2,6841.06,5678.46,2645.56,0.0078125,1092,303,BLAa,BLA,37,left,0
1093,1094,2,6839.8,5679.64,2646.74,0.21484375,1093,303,BLAa,BLA,37,left,0
1094,1095,2,6838.68,5680.46,2647.02,0.48828125,1094,303,BLAa,BLA,37,left,0
1095,1096,2,6836.8,5681.48,2649.18,0.2421875,1095,303,BLAa,BLA,37,left,0
1096,1097,2,6835.58,5681.52,2650.62,0.00390625,1096,303,BLAa,BLA,37,left,0
1097,1098,2,6835.62,5681.82,2652.7,1.6796875,1097,303,BLAa,BLA,37,left,0
1098,1099,2,6836.08,5683.94,2654.68,1.4609375,1098,303,BLAa,BLA,37,left,0
1099,1100,2,6836.1,5685.92,2655.72,0.6484375,1099,303,BLAa,BLA,37,left,0
1100,1101,2,6834.8,5686.98,2656.12,0.26953125,1100,303,BLAa,BLA,37,left,0
1101,1102,2,6833.18,5688.5,2656.14,0.89453125,1101,303,BLAa,BLA,37,left,0
1102,1103,2,6831.24,5689.78,2656.36,0.9765625,1102,303,BLAa,BLA,37,left,0
1103,1104,2,6830.38,5691.42,2656.04,0.37890625,1103,303,BLAa,BLA,37,left,0
1104,1105,2,6830.54,5693.22,2656.86,0.32421875,1104,303,BLAa,BLA,37,left,0
1105,1106,2,6830.96,5694.88,2659.0,0.296875,1105,303,BLAa,BLA,37,left,0
1106,1107,2,6830.8,5697.12,2660.28,0.296875,1106,303,BLAa,BLA,37,left,0
1107,1108,2,6829.66,5698.94,2660.82,0.37890625,1107,303,BLAa,BLA,37,left,0
1108,1109,2,6829.62,5700.34,2661.74,0.32421875,1108,303,BLAa,BLA,37,left,0
1109,1110,2,6829.82,5700.2,2663.82,0.01171875,1109,303,BLAa,BLA,37,left,0
1110,1111,2,6830.06,5700.64,2665.68,0.19140625,1110,303,BLAa,BLA,37,left,0
1111,1112,2,6830.4,5701.84,2667.54,0.2421875,1111,303,BLAa,BLA,37,left,0
1112,1113,2,6830.38,5703.9,2669.16,0.26953125,1112,303,BLAa,BLA,37,left,0
1113,1114,2,6829.78,5704.7,2670.74,0.296875,1113,303,BLAa,BLA,37,left,0
1114,1115,2,6829.22,5706.12,2672.16,0.26953125,1114,303,BLAa,BLA,37,left,0
1115,1116,2,6827.98,5707.4,2673.9,0.4609375,1115,303,BLAa,BLA,37,left,0
1116,1117,2,6826.98,5708.42,2675.12,0.21484375,1116,303,BLAa,BLA,37,left,0
1117,1118,2,6826.12,5711.1,2677.02,0.37890625,1117,303,BLAa,BLA,37,left,0
1118,1119,2,6825.94,5712.74,2678.14,0.40625,1118,303,BLAa,BLA,37,left,0
1119,1120,2,6825.5,5712.86,2679.58,0.48828125,1119,303,BLAa,BLA,37,left,0
1120,1121,2,6823.88,5711.86,2680.48,0.6484375,1120,303,BLAa,BLA,37,left,0
1121,1122,2,6823.18,5709.86,2681.8,0.26953125,1121,303,BLAa,BLA,37,left,0
1122,1123,2,6821.42,5709.7,2682.84,0.4609375,1122,303,BLAa,BLA,37,left,0
1123,1124,2,6819.72,5709.7,2684.94,0.2421875,1123,303,BLAa,BLA,37,left,0
1124,1125,2,6818.84,5709.44,2686.74,0.21484375,1124,579,ec,ec,37,left,0
1125,1126,2,6817.4,5710.86,2687.98,0.00390625,1125,579,ec,ec,37,left,0
1126,1127,2,6816.42,5712.3,2689.2,0.3515625,1126,579,ec,ec,37,left,0
1127,1128,2,6815.22,5713.6,2689.26,0.26953125,1127,579,ec,ec,37,left,0
1128,1129,2,6813.24,5715.52,2690.16,0.32421875,1128,303,BLAa,BLA,37,left,0
1129,1130,2,6812.22,5716.98,2691.28,0.3515625,1129,303,BLAa,BLA,37,left,0
1130,1131,2,6811.36,5719.58,2692.82,0.515625,1130,303,BLAa,BLA,37,left,0
1131,1132,2,6810.48,5721.2,2693.9,0.43359375,1131,303,BLAa,BLA,37,left,0
1132,1133,2,6809.24,5723.44,2694.78,0.48828125,1132,303,BLAa,BLA,37,left,0
1133,1134,2,6808.0,5725.74,2695.4,0.32421875,1133,579,ec,ec,37,left,0
1134,1135,2,6806.42,5727.18,2695.68,0.4609375,1134,579,ec,ec,37,left,0
1135,1136,2,6804.64,5728.14,2695.86,0.4609375,1135,579,ec,ec,37,left,0
1136,1137,2,6802.3,5728.82,2696.3,0.296875,1136,579,ec,ec,37,left,0
1137,1138,2,6800.94,5729.46,2697.32,0.48828125,1137,579,ec,ec,37,left,0
1138,1139,2,6799.02,5731.22,2697.48,0.00390625,1138,579,ec,ec,37,left,0
1139,1140,2,6797.94,5732.34,2698.26,0.296875,1139,579,ec,ec,37,left,0
1140,1141,2,6796.76,5733.38,2699.08,0.48828125,1140,579,ec,ec,37,left,0
1141,1142,2,6796.58,5734.88,2701.0,0.26953125,1141,579,ec,ec,37,left,0
1142,1143,2,6796.54,5735.78,2702.86,0.40625,1142,303,BLAa,BLA,37,left,0
1143,1144,2,6795.08,5736.48,2703.48,0.37890625,1143,303,BLAa,BLA,37,left,0
1144,1145,2,6795.0,5737.28,2705.14,0.4609375,1144,579,ec,ec,37,left,0
1145,1146,2,6794.72,5738.2,2706.76,0.32421875,1145,579,ec,ec,37,left,0
1146,1147,2,6793.7,5738.64,2707.26,0.26953125,1146,579,ec,ec,37,left,0
1147,1148,2,6791.22,5738.96,2707.8,0.296875,1147,579,ec,ec,37,left,0
1148,1149,2,6789.1,5738.82,2707.36,0.1640625,1148,579,ec,ec,37,left,0
1149,1150,2,6787.48,5738.58,2706.6,0.296875,1149,579,ec,ec,37,left,0
1150,1151,2,6784.78,5738.46,2706.2,0.296875,1150,579,ec,ec,37,left,0
1151,1152,2,6782.26,5739.02,2704.5,0.00390625,1151,579,ec,ec,37,left,0
1152,1153,2,6780.16,5738.56,2703.64,0.4609375,1152,579,ec,ec,37,left,0
1153,1154,2,6778.78,5738.14,2702.2,0.515625,1153,579,ec,ec,37,left,0
1154,1155,2,6778.38,5737.04,2700.76,0.26953125,1154,579,ec,ec,37,left,0
1155,1156,2,6777.28,5735.7,2699.94,0.19140625,1155,579,ec,ec,37,left,0
1156,1157,2,6776.34,5733.4,2699.58,0.2421875,1156,579,ec,ec,37,left,0
1157,1158,2,6775.16,5731.42,2700.24,0.48828125,1157,579,ec,ec,37,left,0
1158,1159,2,6773.38,5729.82,2700.86,0.1640625,1158,579,ec,ec,37,left,0
1159,1160,2,6772.26,5729.08,2702.12,0.2421875,1159,579,ec,ec,37,left,0
1160,1161,2,6770.22,5728.48,2702.56,0.19140625,1160,579,ec,ec,37,left,0
1161,1162,2,6768.2,5728.82,2702.38,0.01171875,1161,579,ec,ec,37,left,0
1162,1163,2,6765.76,5729.1,2702.9,0.19140625,1162,579,ec,ec,37,left,0
1163,1164,2,6764.66,5729.88,2703.68,0.1640625,1163,579,ec,ec,37,left,0
1164,1165,2,6764.12,5731.2,2704.84,0.4609375,1164,579,ec,ec,37,left,0
1165,1166,2,6762.72,5731.46,2706.04,0.32421875,1165,579,ec,ec,37,left,0
1166,1167,2,6760.48,5731.54,2707.42,0.32421875,1166,579,ec,ec,37,left,0
1167,1168,2,6758.64,5731.54,2709.02,0.296875,1167,579,ec,ec,37,left,0
1168,1169,2,6757.92,5730.98,2710.46,0.3515625,1168,579,ec,ec,37,left,0
1169,1170,2,6756.08,5730.6,2711.4,0.32421875,1169,579,ec,ec,37,left,0
1170,1171,2,6753.74,5731.36,2712.16,0.1640625,1170,579,ec,ec,37,left,0
1171,1172,2,6751.92,5732.26,2712.54,0.26953125,1171,579,ec,ec,37,left,0
1172,1173,2,6749.88,5732.5,2713.32,0.32421875,1172,579,ec,ec,37,left,0
1173,1174,2,6749.46,5732.1,2715.42,0.54296875,1173,544,CEAc,CEA,37,left,0
1174,1175,2,6747.6,5731.88,2716.72,0.37890625,1174,544,CEAc,CEA,37,left,0
1175,1176,2,6746.14,5731.92,2717.68,0.37890625,1175,544,CEAc,CEA,37,left,0
1176,1177,2,6743.24,5732.18,2718.16,0.43359375,1176,544,CEAc,CEA,37,left,0
1177,1178,2,6741.2,5732.78,2718.36,0.32421875,1177,544,CEAc,CEA,37,left,0
1178,1179,2,6739.28,5733.38,2717.84,0.01953125,1178,544,CEAc,CEA,37,left,0
1179,1180,2,6736.86,5735.12,2717.58,0.54296875,1179,544,CEAc,CEA,37,left,0
1180,1181,2,6735.24,5736.44,2717.76,0.21484375,1180,544,CEAc,CEA,37,left,0
1181,1182,2,6733.9,5737.34,2718.74,0.40625,1181,544,CEAc,CEA,37,left,0
1182,1183,2,6732.46,5737.0,2719.9,0.48828125,1182,544,CEAc,CEA,37,left,0
1183,1184,2,6730.6,5736.3,2720.66,0.48828125,1183,544,CEAc,CEA,37,left,0
1184,1185,2,6730.0,5735.74,2721.68,0.37890625,1184,544,CEAc,CEA,37,left,0
1185,1186,2,6728.04,5734.54,2722.84,0.26953125,1185,544,CEAc,CEA,37,left,0
1186,1187,2,6725.34,5733.76,2723.7,0.37890625,1186,544,CEAc,CEA,37,left,0
1187,1188,2,6723.74,5733.44,2724.4,0.37890625,1187,544,CEAc,CEA,37,left,0
1188,1189,2,6722.46,5731.7,2725.04,0.48828125,1188,544,CEAc,CEA,37,left,0
1189,1190,2,6720.82,5729.86,2725.68,0.32421875,1189,544,CEAc,CEA,37,left,0
1190,1191,2,6718.48,5728.26,2726.24,0.3515625,1190,544,CEAc,CEA,37,left,0
1191,1192,2,6716.52,5727.24,2727.02,0.1640625,1191,544,CEAc,CEA,37,left,0
1192,1193,2,6713.14,5726.2,2728.34,0.2421875,1192,544,CEAc,CEA,37,left,0
1193,1194,2,6711.54,5725.52,2729.76,0.32421875,1193,544,CEAc,CEA,37,left,0
1194,1195,2,6709.6,5725.14,2730.84,0.32421875,1194,544,CEAc,CEA,37,left,0
1195,1196,2,6708.76,5725.1,2732.02,0.40625,1195,544,CEAc,CEA,37,left,0
1196,1197,2,6707.48,5725.18,2732.22,0.04296875,1196,544,CEAc,CEA,37,left,0
1197,1198,2,6705.26,5725.36,2732.4,0.296875,1197,544,CEAc,CEA,37,left,0
1198,1199,2,6703.12,5725.42,2733.72,0.40625,1198,544,CEAc,CEA,37,left,0
1199,1200,2,6701.84,5725.64,2735.22,0.37890625,1199,544,CEAc,CEA,37,left,0
1200,1201,2,6699.9,5726.26,2735.5,0.48828125,1200,544,CEAc,CEA,37,left,0
1201,1202,2,6698.7,5726.52,2736.22,0.296875,1201,544,CEAc,CEA,37,left,0
1202,1203,2,6696.88,5726.98,2736.5,0.2421875,1202,544,CEAc,CEA,37,left,0
1203,1204,2,6694.84,5727.22,2736.94,0.40625,1203,544,CEAc,CEA,37,left,0
1204,1205,2,6693.66,5727.3,2738.12,0.26953125,1204,544,CEAc,CEA,37,left,0
1205,1206,2,6692.62,5728.2,2739.14,0.3515625,1205,544,CEAc,CEA,37,left,0
1206,1207,2,6691.74,5729.46,2740.0,0.2421875,1206,544,CEAc,CEA,37,left,0
1207,1208,2,6689.84,5730.4,2741.0,0.4609375,1207,544,CEAc,CEA,37,left,0
1208,1209,2,6688.56,5731.04,2742.26,0.296875,1208,544,CEAc,CEA,37,left,0
1209,1210,2,6687.48,5730.9,2743.64,0.21484375,1209,544,CEAc,CEA,37,left,0
1210,1211,2,6686.44,5730.02,2746.0,0.48828125,1210,544,CEAc,CEA,37,left,0
1211,1212,2,6684.9,5730.3,2746.46,0.48828125,1211,544,CEAc,CEA,37,left,0
1212,1213,2,6684.62,5731.44,2746.24,0.4609375,1212,544,CEAc,CEA,37,left,0
1213,1214,2,6682.52,5733.98,2746.36,0.00390625,1213,544,CEAc,CEA,37,left,0
1214,1215,2,6679.62,5735.5,2746.62,0.3515625,1214,544,CEAc,CEA,37,left,0
1215,1216,2,6677.86,5736.36,2746.7,0.296875,1215,544,CEAc,CEA,37,left,0
1216,1217,2,6675.54,5736.94,2746.84,0.32421875,1216,544,CEAc,CEA,37,left,0
1217,1218,2,6673.94,5737.58,2746.24,0.01953125,1217,544,CEAc,CEA,37,left,0
1218,1219,2,6672.3,5739.32,2746.08,0.37890625,1218,544,CEAc,CEA,37,left,0
1219,1220,2,6670.74,5740.54,2746.6,0.37890625,1219,544,CEAc,CEA,37,left,0
1220,1221,2,6669.54,5742.36,2747.36,0.48828125,1220,544,CEAc,CEA,37,left,0
1221,1222,2,6668.28,5743.56,2747.42,0.5703125,1221,544,CEAc,CEA,37,left,0
1222,1223,2,6668.96,5746.14,2747.38,0.0078125,1222,544,CEAc,CEA,37,left,0
1223,1224,2,6669.9,5749.3,2746.9,0.37890625,1223,544,CEAc,CEA,37,left,0
1224,1225,2,6515.24,5928.36,2862.14,0.00390625,529,544,CEAc,CEA,38,left,0
1225,1226,2,6515.16,5929.94,2860.68,0.00390625,529,544,CEAc,CEA,39,left,0
1226,1227,2,6513.62,5931.72,2860.6,0.1640625,1226,544,CEAc,CEA,39,left,0
1227,1228,2,6513.4,5932.04,2861.04,0.0078125,1227,544,CEAc,CEA,39,left,0
1228,1229,2,6513.72,5936.4,2860.78,0.4609375,1228,544,CEAc,CEA,39,left,0
1229,1230,2,6514.14,5938.88,2861.52,0.40625,1229,544,CEAc,CEA,39,left,0
1230,1231,2,6514.72,5942.1,2863.02,0.8125,1230,544,CEAc,CEA,39,left,1
1231,1232,3,6863.7,5648.62,2666.66,0.01953125,601,579,ec,ec,40,left,0
1232,1233,3,6865.42,5648.1,2666.9,0.515625,1232,579,ec,ec,40,left,0
1233,1234,3,6868.14,5647.54,2667.26,0.32421875,1233,579,ec,ec,40,left,0
1234,1235,3,6870.3,5647.08,2667.52,0.4609375,1234,579,ec,ec,40,left,0
1235,1236,3,6871.9,5646.3,2667.82,0.703125,1235,579,ec,ec,40,left,0
1236,1237,3,6874.02,5645.28,2668.2,0.62109375,1236,579,ec,ec,40,left,0
1237,1238,3,6876.04,5643.7,2668.14,0.7578125,1237,579,ec,ec,40,left,0
1238,1239,3,6877.76,5642.76,2667.66,0.4609375,1238,579,ec,ec,40,left,0
1239,1240,3,6879.6,5641.54,2666.76,0.48828125,1239,579,ec,ec,40,left,0
1240,1241,3,6880.42,5641.06,2665.46,0.67578125,1240,579,ec,ec,40,left,0
1241,1242,3,6881.8,5640.72,2664.44,0.7578125,1241,579,ec,ec,40,left,0
1242,1243,3,6882.62,5640.64,2662.54,0.26953125,1242,579,ec,ec,40,left,0
1243,1244,3,6884.08,5639.2,2661.64,0.73046875,1243,579,ec,ec,40,left,0
1244,1245,3,6884.72,5636.94,2660.36,0.40625,1244,579,ec,ec,40,left,0
1245,1246,3,6885.82,5635.8,2659.74,0.54296875,1245,579,ec,ec,40,left,0
1246,1247,3,6887.26,5634.16,2659.16,0.00390625,1246,579,ec,ec,40,left,0
1247,1248,3,6888.5,5632.2,2658.54,0.40625,1247,579,ec,ec,40,left,0
1248,1249,3,6889.04,5630.1,2657.7,0.40625,1248,579,ec,ec,40,left,0
1249,1250,3,6889.58,5629.66,2655.66,0.4609375,1249,579,ec,ec,40,left,0
1250,1251,3,6890.8,5627.94,2654.2,0.32421875,1250,579,ec,ec,40,left,0
1251,1252,3,6891.58,5625.92,2654.08,0.37890625,1251,579,ec,ec,40,left,0
1252,1253,3,6892.96,5624.96,2653.96,0.40625,1252,579,ec,ec,40,left,0
1253,1254,3,6893.32,5622.76,2653.5,0.00390625,1253,579,ec,ec,40,left,0
1254,1255,3,6894.72,5621.42,2653.16,0.43359375,1254,579,ec,ec,40,left,0
1255,1256,3,6895.26,5619.84,2652.7,0.2421875,1255,579,ec,ec,40,left,0
1256,1257,3,6896.32,5617.74,2652.14,0.48828125,1256,579,ec,ec,40,left,0
1257,1258,3,6896.62,5616.36,2651.08,0.515625,1257,579,ec,ec,40,left,0
1258,1259,3,6897.44,5616.18,2649.32,0.3515625,1258,579,ec,ec,40,left,0
1259,1260,3,6899.04,5615.84,2647.46,0.2421875,1259,579,ec,ec,40,left,0
1260,1261,3,6899.84,5615.78,2645.62,0.5703125,1260,579,ec,ec,40,left,0
1261,1262,3,6900.66,5616.02,2642.52,0.32421875,1261,579,ec,ec,40,left,0
1262,1263,3,6901.92,5615.92,2641.38,0.296875,1262,579,ec,ec,40,left,0
1263,1264,3,6902.3,5615.54,2639.46,0.296875,1263,579,ec,ec,40,left,0
1264,1265,3,6902.06,5615.2,2637.42,0.48828125,1264,579,ec,ec,40,left,0
1265,1266,3,6901.76,5614.52,2635.22,0.59765625,1265,579,ec,ec,40,left,0
1266,1267,3,6902.3,5613.18,2633.66,0.32421875,1266,579,ec,ec,40,left,0
1267,1268,3,6903.24,5612.2,2633.26,0.40625,1267,579,ec,ec,40,left,0
1268,1269,3,6905.26,5611.02,2632.26,0.00390625,1268,579,ec,ec,40,left,0
1269,1270,3,6905.78,5609.76,2631.22,0.40625,1269,579,ec,ec,40,left,0
1270,1271,3,6907.2,5608.26,2630.08,0.515625,1270,579,ec,ec,40,left,0
1271,1272,3,6907.86,5607.82,2629.24,0.296875,1271,579,ec,ec,40,left,0
1272,1273,3,6909.8,5607.24,2629.28,0.5703125,1272,579,ec,ec,40,left,0
1273,1274,3,6911.72,5606.96,2628.82,0.4609375,1273,579,ec,ec,40,left,0
1274,1275,3,6912.14,5607.04,2627.76,0.37890625,1274,579,ec,ec,40,left,0
1275,1276,3,6914.28,5607.16,2627.42,0.43359375,1275,579,ec,ec,40,left,0
1276,1277,3,6916.12,5607.72,2627.44,0.40625,1276,579,ec,ec,40,left,0
1277,1278,3,6917.8,5608.48,2626.26,0.00390625,1277,579,ec,ec,40,left,0
1278,1279,3,6919.62,5609.08,2625.16,0.296875,1278,579,ec,ec,40,left,0
1279,1280,3,6921.84,5609.24,2624.18,0.21484375,1279,303,BLAa,BLA,40,left,0
1280,1281,3,6923.14,5609.88,2623.78,0.3515625,1280,303,BLAa,BLA,40,left,1
1281,1282,3,6859.26,5647.8,2665.72,0.00390625,601,579,ec,ec,41,left,0
1282,1283,3,6885.48,5631.4,2652.1,0.0234375,620,579,ec,ec,42,left,0
1283,1284,3,6887.82,5630.8,2651.16,0.32421875,1283,579,ec,ec,42,left,0
1284,1285,3,6888.56,5630.84,2649.76,0.40625,1284,579,ec,ec,42,left,0
1285,1286,3,6888.92,5631.28,2647.72,0.48828125,1285,579,ec,ec,42,left,0
1286,1287,3,6889.86,5631.56,2645.9,0.32421875,1286,579,ec,ec,42,left,0
1287,1288,3,6890.48,5631.56,2644.68,0.32421875,1287,579,ec,ec,42,left,0
1288,1289,3,6891.1,5631.1,2641.96,0.4609375,1288,579,ec,ec,42,left,0
1289,1290,3,6892.18,5630.74,2640.54,0.67578125,1289,579,ec,ec,42,left,0
1290,1291,3,6892.36,5629.46,2638.84,0.2421875,1290,579,ec,ec,42,left,0
1291,1292,3,6892.36,5627.6,2637.12,0.67578125,1291,579,ec,ec,42,left,0
1292,1293,3,6893.5,5627.26,2635.52,0.6484375,1292,579,ec,ec,42,left,0
1293,1294,3,6894.04,5626.74,2633.94,0.48828125,1293,303,BLAa,BLA,42,left,0
1294,1295,3,6894.98,5626.42,2633.92,0.32421875,1294,303,BLAa,BLA,42,left,0
1295,1296,3,6895.66,5623.5,2634.26,0.54296875,1295,579,ec,ec,42,left,0
1296,1297,3,6896.6,5622.16,2633.14,0.48828125,1296,579,ec,ec,42,left,0
1297,1298,3,6897.7,5621.5,2632.16,0.48828125,1297,579,ec,ec,42,left,0
1298,1299,3,6899.6,5620.8,2631.16,0.40625,1298,579,ec,ec,42,left,0
1299,1300,3,6900.66,5620.82,2629.66,0.32421875,1299,579,ec,ec,42,left,0
1300,1301,3,6902.26,5620.78,2628.06,0.3515625,1300,579,ec,ec,42,left,0
1301,1302,3,6904.44,5620.52,2626.52,0.1640625,1301,579,ec,ec,42,left,0
1302,1303,3,6905.94,5620.08,2625.94,0.19140625,1302,579,ec,ec,42,left,1
1303,1304,3,6885.68,5629.48,2653.92,0.03125,620,579,ec,ec,43,left,0
1304,1305,3,6888.28,5627.1,2654.64,0.703125,1304,579,ec,ec,43,left,0
1305,1306,3,6888.72,5624.06,2655.26,0.43359375,1305,579,ec,ec,43,left,0
1306,1307,3,6888.74,5622.48,2655.58,0.48828125,1306,579,ec,ec,43,left,0
1307,1308,3,6890.12,5621.24,2656.1,0.67578125,1307,579,ec,ec,43,left,0
1308,1309,3,6890.6,5619.24,2656.94,0.515625,1308,579,ec,ec,43,left,0
1309,1310,3,6818.24,5650.28,2718.12,0.0234375,646,544,CEAc,CEA,44,left,0
1310,1311,3,6816.04,5649.68,2720.04,0.4609375,1310,544,CEAc,CEA,44,left,0
1311,1312,3,6815.42,5648.74,2720.82,0.43359375,1311,544,CEAc,CEA,44,left,0
1312,1313,3,6813.18,5648.24,2721.38,0.515625,1312,544,CEAc,CEA,44,left,0
1313,1314,3,6811.48,5647.8,2722.32,0.7578125,1313,544,CEAc,CEA,44,left,0
1314,1315,3,6810.12,5646.32,2722.72,0.2421875,1314,544,CEAc,CEA,44,left,0
1315,1316,3,6808.76,5644.92,2722.48,0.40625,1315,544,CEAc,CEA,44,left,1
1316,1317,3,6818.26,5651.5,2716.7,0.015625,646,544,CEAc,CEA,45,left,0
1317,1318,3,6818.22,5652.82,2717.78,0.48828125,1317,544,CEAc,CEA,45,left,0
1318,1319,3,6818.6,5653.9,2720.08,0.67578125,1318,544,CEAc,CEA,45,left,0
1319,1320,3,6819.2,5655.16,2724.22,0.5703125,1319,544,CEAc,CEA,45,left,0
1320,1321,3,6819.54,5655.84,2726.58,0.48828125,1320,544,CEAc,CEA,45,left,0
1321,1322,3,6819.84,5656.46,2728.64,0.296875,1321,544,CEAc,CEA,45,left,0
1322,1323,3,6820.26,5658.16,2730.66,0.3515625,1322,544,CEAc,CEA,45,left,0
1323,1324,3,6820.32,5659.68,2732.22,0.515625,1323,544,CEAc,CEA,45,left,0
1324,1325,3,6819.58,5660.56,2733.34,0.48828125,1324,544,CEAc,CEA,45,left,0
1325,1326,3,6818.08,5661.24,2734.6,0.6484375,1325,544,CEAc,CEA,45,left,0
1326,1327,3,6817.64,5661.08,2736.78,0.40625,1326,544,CEAc,CEA,45,left,0
1327,1328,3,6816.96,5661.04,2737.9,0.48828125,1327,544,CEAc,CEA,45,left,0
1328,1329,3,6817.12,5660.5,2741.04,0.0078125,1328,544,CEAc,CEA,45,left,0
1329,1330,3,6817.34,5659.86,2744.42,0.4609375,1329,544,CEAc,CEA,45,left,0
1330,1331,3,6816.74,5659.74,2746.44,0.37890625,1330,544,CEAc,CEA,45,left,0
1331,1332,3,6816.28,5659.56,2748.86,0.59765625,1331,544,CEAc,CEA,45,left,0
1332,1333,3,6815.86,5660.0,2750.36,0.59765625,1332,544,CEAc,CEA,45,left,0
1333,1334,3,6815.38,5661.18,2752.22,0.26953125,1333,544,CEAc,CEA,45,left,0
1334,1335,3,6814.3,5661.44,2752.54,0.40625,1334,544,CEAc,CEA,45,left,0
1335,1336,3,6814.14,5661.9,2753.86,0.5703125,1335,544,CEAc,CEA,45,left,0
1336,1337,3,6814.28,5661.9,2756.68,0.43359375,1336,544,CEAc,CEA,45,left,0
1337,1338,3,6812.8,5661.98,2757.64,0.26953125,1337,544,CEAc,CEA,45,left,0
1338,1339,3,6810.76,5661.88,2758.84,0.48828125,1338,544,CEAc,CEA,45,left,0
1339,1340,3,6810.18,5660.14,2760.98,0.6484375,1339,544,CEAc,CEA,45,left,0
1340,1341,3,6810.16,5657.72,2763.12,0.6484375,1340,544,CEAc,CEA,45,left,0
1341,1342,3,6810.68,5655.42,2765.3,0.7578125,1341,544,CEAc,CEA,45,left,0
1342,1343,3,6811.2,5653.22,2766.96,0.32421875,1342,544,CEAc,CEA,45,left,0
1343,1344,3,6811.2,5651.98,2769.54,0.00390625,1343,544,CEAc,CEA,45,left,0
1344,1345,3,6810.56,5651.6,2771.54,0.40625,1344,544,CEAc,CEA,45,left,0
1345,1346,3,6810.76,5650.88,2774.92,0.43359375,1345,544,CEAc,CEA,45,left,0
1346,1347,3,6810.14,5650.86,2777.34,0.4609375,1346,544,CEAc,CEA,45,left,0
1347,1348,3,6809.28,5651.68,2779.08,0.40625,1347,544,CEAc,CEA,45,left,0
1348,1349,3,6809.48,5653.76,2780.86,0.515625,1348,544,CEAc,CEA,45,left,0
1349,1350,3,6810.58,5656.04,2782.16,0.19140625,1349,544,CEAc,CEA,45,left,0
1350,1351,3,6811.96,5656.54,2783.16,0.26953125,1350,544,CEAc,CEA,45,left,0
1351,1352,3,6811.92,5657.54,2785.1,0.4609375,1351,544,CEAc,CEA,45,left,0
1352,1353,3,6811.82,5658.26,2786.84,0.296875,1352,544,CEAc,CEA,45,left,0
1353,1354,3,6812.32,5659.9,2789.62,0.296875,1353,544,CEAc,CEA,45,left,0
1354,1355,3,6812.66,5661.48,2791.02,0.43359375,1354,544,CEAc,CEA,45,left,1
1355,1356,3,6809.5,5671.7,2689.72,0.01171875,666,544,CEAc,CEA,46,left,0
1356,1357,3,6806.76,5672.38,2689.86,0.40625,1356,544,CEAc,CEA,46,left,0
1357,1358,3,6805.1,5673.06,2690.9,0.48828125,1357,544,CEAc,CEA,46,left,0
1358,1359,3,6803.56,5674.08,2692.8,0.4609375,1358,544,CEAc,CEA,46,left,0
1359,1360,3,6802.46,5674.54,2693.8,0.5703125,1359,544,CEAc,CEA,46,left,0
1360,1361,3,6802.42,5675.04,2695.66,0.59765625,1360,544,CEAc,CEA,46,left,0
1361,1362,3,6802.74,5675.84,2697.7,0.4609375,1361,544,CEAc,CEA,46,left,0
1362,1363,3,6803.18,5677.2,2700.6,0.515625,1362,544,CEAc,CEA,46,left,0
1363,1364,3,6802.92,5677.36,2702.82,0.32421875,1363,544,CEAc,CEA,46,left,0
1364,1365,3,6802.1,5677.2,2705.36,0.43359375,1364,544,CEAc,CEA,46,left,0
1365,1366,3,6801.28,5676.94,2706.54,0.26953125,1365,544,CEAc,CEA,46,left,0
1366,1367,3,6799.78,5676.32,2707.88,0.4609375,1366,544,CEAc,CEA,46,left,0
1367,1368,3,6799.26,5675.88,2709.8,0.21484375,1367,544,CEAc,CEA,46,left,0
1368,1369,3,6797.72,5675.22,2711.16,0.37890625,1368,544,CEAc,CEA,46,left,0
1369,1370,3,6797.06,5674.82,2712.6,0.515625,1369,544,CEAc,CEA,46,left,0
1370,1371,3,6796.16,5674.56,2714.28,0.40625,1370,544,CEAc,CEA,46,left,0
1371,1372,3,6794.98,5674.52,2715.96,0.4609375,1371,544,CEAc,CEA,46,left,0
1372,1373,3,6793.58,5674.5,2717.68,0.40625,1372,544,CEAc,CEA,46,left,0
1373,1374,3,6793.36,5674.18,2719.92,0.3515625,1373,544,CEAc,CEA,46,left,0
1374,1375,3,6791.96,5673.84,2721.14,0.4609375,1374,544,CEAc,CEA,46,left,0
1375,1376,3,6791.24,5673.76,2722.72,0.59765625,1375,544,CEAc,CEA,46,left,0
1376,1377,3,6789.82,5673.84,2723.52,0.37890625,1376,544,CEAc,CEA,46,left,0
1377,1378,3,6788.68,5673.88,2724.4,0.00390625,1377,544,CEAc,CEA,46,left,0
1378,1379,3,6788.86,5673.2,2730.94,0.32421875,1378,544,CEAc,CEA,46,left,0
1379,1380,3,6788.58,5673.16,2732.48,0.21484375,1379,544,CEAc,CEA,46,left,0
1380,1381,3,6787.2,5673.5,2733.82,0.296875,1380,544,CEAc,CEA,46,left,0
1381,1382,3,6786.34,5673.52,2735.2,0.32421875,1381,544,CEAc,CEA,46,left,0
1382,1383,3,6786.0,5672.92,2738.18,0.21484375,1382,544,CEAc,CEA,46,left,0
1383,1384,3,6785.06,5672.78,2739.3,0.43359375,1383,544,CEAc,CEA,46,left,0
1384,1385,3,6784.24,5673.7,2740.46,0.32421875,1384,544,CEAc,CEA,46,left,0
1385,1386,3,6784.46,5675.22,2740.8,0.296875,1385,544,CEAc,CEA,46,left,1
1386,1387,3,6809.48,5672.18,2686.46,0.01171875,666,544,CEAc,CEA,47,left,0
1387,1388,3,6807.54,5673.44,2685.46,0.43359375,1387,544,CEAc,CEA,47,left,0
1388,1389,3,6806.02,5675.4,2684.62,0.703125,1388,579,ec,ec,47,left,0
1389,1390,3,6803.86,5677.14,2683.96,0.515625,1389,579,ec,ec,47,left,0
1390,1391,3,6802.88,5678.68,2684.06,0.1640625,1390,579,ec,ec,47,left,0
1391,1392,3,6801.04,5680.96,2683.66,0.296875,1391,579,ec,ec,47,left,0
1392,1393,3,6800.02,5682.68,2683.12,0.40625,1392,579,ec,ec,47,left,0
1393,1394,3,6799.02,5685.04,2682.56,0.43359375,1393,579,ec,ec,47,left,0
1394,1395,3,6797.74,5686.76,2682.6,0.78515625,1394,579,ec,ec,47,left,0
1395,1396,3,6795.9,5688.7,2682.3,0.4609375,1395,579,ec,ec,47,left,0
1396,1397,3,6794.68,5690.28,2682.14,0.26953125,1396,579,ec,ec,47,left,0
1397,1398,3,6793.92,5692.64,2681.64,0.32421875,1397,579,ec,ec,47,left,0
1398,1399,3,6794.18,5695.5,2680.68,0.2421875,1398,579,ec,ec,47,left,0
1399,1400,3,6793.76,5698.8,2678.76,0.59765625,1399,579,ec,ec,47,left,0
1400,1401,3,6792.1,5699.56,2677.44,0.67578125,1400,579,ec,ec,47,left,0
1401,1402,3,6790.14,5701.22,2676.44,0.62109375,1401,579,ec,ec,47,left,0
1402,1403,3,6787.9,5703.32,2675.8,0.73046875,1402,579,ec,ec,47,left,0
1403,1404,3,6786.56,5704.92,2675.64,0.32421875,1403,579,ec,ec,47,left,0
1404,1405,3,6785.0,5706.72,2675.24,0.59765625,1404,579,ec,ec,47,left,0
1405,1406,3,6783.64,5709.02,2675.02,0.0078125,1405,579,ec,ec,47,left,0
1406,1407,3,6782.2,5709.74,2675.28,0.21484375,1406,579,ec,ec,47,left,0
1407,1408,3,6781.84,5711.08,2675.58,0.40625,1407,579,ec,ec,47,left,0
1408,1409,3,6782.24,5713.58,2676.52,0.4609375,1408,579,ec,ec,47,left,0
1409,1410,3,6782.6,5715.42,2677.72,0.43359375,1409,303,BLAa,BLA,47,left,0
1410,1411,3,6782.02,5717.22,2678.46,0.40625,1410,303,BLAa,BLA,47,left,0
1411,1412,3,6780.8,5719.08,2678.64,0.5703125,1411,303,BLAa,BLA,47,left,0
1412,1413,3,6779.38,5720.74,2679.08,0.2421875,1412,303,BLAa,BLA,47,left,0
1413,1414,3,6777.26,5722.36,2678.7,0.2421875,1413,303,BLAa,BLA,47,left,0
1414,1415,3,6776.58,5723.66,2678.4,0.5703125,1414,303,BLAa,BLA,47,left,0
1415,1416,3,6773.86,5724.44,2678.04,0.43359375,1415,303,BLAa,BLA,47,left,0
1416,1417,3,6771.86,5724.76,2677.82,0.32421875,1416,303,BLAa,BLA,47,left,0
1417,1418,3,6770.2,5725.32,2677.58,0.43359375,1417,303,BLAa,BLA,47,left,0
1418,1419,3,6767.72,5726.48,2677.62,0.59765625,1418,303,BLAa,BLA,47,left,0
1419,1420,3,6810.68,5704.66,2654.7,0.15234375,747,303,BLAa,BLA,48,left,0
1420,1421,3,6809.36,5706.56,2654.38,0.78515625,1420,303,BLAa,BLA,48,left,0
1421,1422,3,6809.2,5708.68,2654.04,0.2421875,1421,303,BLAa,BLA,48,left,0
1422,1423,3,6809.88,5715.18,2652.66,0.515625,1422,303,BLAa,BLA,48,left,0
1423,1424,3,6809.76,5717.2,2652.26,0.5703125,1423,303,BLAa,BLA,48,left,0
1424,1425,3,6808.72,5719.18,2651.76,0.37890625,1424,303,BLAa,BLA,48,left,0
1425,1426,3,6808.12,5723.76,2650.28,0.515625,1425,303,BLAa,BLA,48,left,0
1426,1427,3,6807.64,5726.62,2648.94,0.40625,1426,303,BLAa,BLA,48,left,0
1427,1428,3,6807.62,5730.82,2647.56,0.48828125,1427,303,BLAa,BLA,48,left,0
1428,1429,3,6807.06,5732.26,2647.08,0.59765625,1428,303,BLAa,BLA,48,left,0
1429,1430,3,6807.52,5737.72,2646.24,0.43359375,1429,303,BLAa,BLA,48,left,0
1430,1431,3,6807.84,5739.82,2646.68,0.43359375,1430,303,BLAa,BLA,48,left,1
1431,1432,3,6810.06,5704.9,2654.62,0.05078125,747,303,BLAa,BLA,49,left,0
1432,1433,3,6808.4,5706.06,2654.7,0.78515625,1432,303,BLAa,BLA,49,left,0
1433,1434,3,6807.2,5708.04,2654.82,0.7578125,1433,303,BLAa,BLA,49,left,0
1434,1435,3,6806.18,5709.26,2655.14,0.62109375,1434,303,BLAa,BLA,49,left,0
1435,1436,3,6804.32,5709.38,2655.86,0.7578125,1435,303,BLAa,BLA,49,left,0
1436,1437,3,6803.82,5709.34,2656.82,0.8125,1436,303,BLAa,BLA,49,left,0
1437,1438,3,6778.48,5704.6,2693.92,0.01171875,780,579,ec,ec,50,left,0
1438,1439,3,6776.88,5702.5,2695.04,0.54296875,1438,579,ec,ec,50,left,0
1439,1440,3,6775.04,5701.58,2695.48,0.59765625,1439,579,ec,ec,50,left,0
1440,1441,3,6773.72,5701.16,2696.3,0.4609375,1440,579,ec,ec,50,left,0
1441,1442,3,6773.44,5700.76,2698.44,0.43359375,1441,579,ec,ec,50,left,0
1442,1443,3,6772.4,5700.52,2699.48,0.40625,1442,579,ec,ec,50,left,0
1443,1444,3,6769.8,5700.62,2700.56,0.32421875,1443,579,ec,ec,50,left,0
1444,1445,3,6768.16,5700.36,2701.48,0.3515625,1444,579,ec,ec,50,left,0
1445,1446,3,6767.04,5697.86,2703.16,0.48828125,1445,579,ec,ec,50,left,0
1446,1447,3,6766.4,5694.98,2703.84,0.2421875,1446,544,CEAc,CEA,50,left,0
1447,1448,3,6764.84,5693.74,2704.44,0.515625,1447,544,CEAc,CEA,50,left,0
1448,1449,3,6764.14,5691.88,2706.32,0.48828125,1448,544,CEAc,CEA,50,left,0
1449,1450,3,6762.66,5690.54,2708.02,0.2421875,1449,544,CEAc,CEA,50,left,0
1450,1451,3,6762.1,5689.88,2710.02,0.43359375,1450,544,CEAc,CEA,50,left,0
1451,1452,3,6760.92,5689.38,2710.7,0.296875,1451,544,CEAc,CEA,50,left,0
1452,1453,3,6760.12,5689.24,2712.46,0.43359375,1452,544,CEAc,CEA,50,left,0
1453,1454,3,6759.84,5689.42,2714.48,0.1640625,1453,544,CEAc,CEA,50,left,0
1454,1455,3,6758.72,5689.58,2715.56,0.40625,1454,544,CEAc,CEA,50,left,0
1455,1456,3,6756.62,5689.76,2715.8,0.1640625,1455,544,CEAc,CEA,50,left,0
1456,1457,3,6756.04,5689.52,2716.7,0.515625,1456,544,CEAc,CEA,50,left,0
1457,1458,3,6756.12,5688.14,2718.86,0.48828125,1457,544,CEAc,CEA,50,left,0
1458,1459,3,6755.38,5686.94,2720.8,0.32421875,1458,544,CEAc,CEA,50,left,0
1459,1460,3,6753.7,5687.1,2720.88,0.32421875,1459,544,CEAc,CEA,50,left,1
1460,1461,3,6777.74,5708.24,2694.96,0.00390625,780,579,ec,ec,51,left,0
1461,1462,3,6777.1,5710.36,2695.74,0.59765625,1461,579,ec,ec,51,left,0
1462,1463,3,6777.18,5712.42,2697.34,0.54296875,1462,579,ec,ec,51,left,0
1463,1464,3,6776.04,5712.76,2698.36,0.2421875,1463,579,ec,ec,51,left,0
1464,1465,3,6775.52,5713.9,2699.88,0.43359375,1464,579,ec,ec,51,left,0
1465,1466,3,6775.98,5716.12,2701.7,0.62109375,1465,579,ec,ec,51,left,0
1466,1467,3,6776.08,5717.12,2703.12,0.43359375,1466,579,ec,ec,51,left,0
1467,1468,3,6775.12,5717.26,2703.78,0.703125,1467,579,ec,ec,51,left,0
1468,1469,3,6774.28,5717.0,2708.0,0.37890625,1468,579,ec,ec,51,left,0
1469,1470,3,6773.12,5717.36,2709.2,0.32421875,1469,579,ec,ec,51,left,0
1470,1471,3,6772.62,5718.08,2710.96,0.48828125,1470,579,ec,ec,51,left,0
1471,1472,3,6772.48,5720.32,2712.88,0.62109375,1471,579,ec,ec,51,left,0
1472,1473,3,6772.04,5722.76,2713.44,0.73046875,1472,579,ec,ec,51,left,0
1473,1474,3,6771.14,5724.24,2714.84,0.3515625,1473,579,ec,ec,51,left,0
1474,1475,3,6769.96,5725.36,2716.22,0.3515625,1474,579,ec,ec,51,left,0
1475,1476,3,6769.74,5726.64,2717.06,0.19140625,1475,579,ec,ec,51,left,0
1476,1477,3,6768.7,5727.56,2719.06,0.4609375,1476,579,ec,ec,51,left,0
1477,1478,3,6766.98,5728.08,2719.52,0.37890625,1477,579,ec,ec,51,left,0
1478,1479,3,6767.06,5728.8,2721.64,0.26953125,1478,579,ec,ec,51,left,0
1479,1480,3,6767.2,5729.1,2723.4,0.48828125,1479,579,ec,ec,51,left,0
1480,1481,3,6766.44,5729.16,2724.88,0.40625,1480,579,ec,ec,51,left,0
1481,1482,3,6766.28,5729.12,2727.5,0.48828125,1481,544,CEAc,CEA,51,left,0
1482,1483,3,6765.54,5729.46,2728.98,0.4609375,1482,544,CEAc,CEA,51,left,0
1483,1484,3,6764.0,5729.76,2730.8,0.40625,1483,544,CEAc,CEA,51,left,0
1484,1485,3,6762.44,5729.8,2731.94,0.62109375,1484,544,CEAc,CEA,51,left,0
1485,1486,3,6760.7,5730.0,2732.92,0.4609375,1485,544,CEAc,CEA,51,left,0
1486,1487,3,6759.32,5730.64,2733.96,0.40625,1486,544,CEAc,CEA,51,left,0
1487,1488,3,6758.52,5731.58,2734.82,0.6484375,1487,544,CEAc,CEA,51,left,0
1488,1489,3,6758.82,5732.92,2736.06,0.67578125,1488,544,CEAc,CEA,51,left,0
1489,1490,3,6759.12,5734.12,2737.56,0.6484375,1489,544,CEAc,CEA,51,left,0
1490,1491,3,6759.54,5736.4,2739.76,0.43359375,1490,544,CEAc,CEA,51,left,0
1491,1492,3,6759.08,5737.24,2740.62,0.48828125,1491,544,CEAc,CEA,51,left,0
1492,1493,3,6758.62,5737.42,2742.82,0.40625,1492,544,CEAc,CEA,51,left,0
1493,1494,3,6757.18,5737.92,2744.08,0.5703125,1493,544,CEAc,CEA,51,left,0
1494,1495,3,6756.42,5739.3,2745.24,0.3515625,1494,544,CEAc,CEA,51,left,0
1495,1496,3,6753.88,5740.76,2746.34,0.5703125,1495,544,CEAc,CEA,51,left,0
1496,1497,3,6751.88,5742.14,2747.34,0.4609375,1496,544,CEAc,CEA,51,left,0
1497,1498,3,6750.46,5743.64,2748.72,0.37890625,1497,544,CEAc,CEA,51,left,0
1498,1499,3,6750.12,5745.1,2749.98,0.21484375,1498,544,CEAc,CEA,51,left,0
1499,1500,3,6748.28,5745.02,2751.32,0.5703125,1499,544,CEAc,CEA,51,left,0
1500,1501,3,6747.24,5744.22,2752.22,0.26953125,1500,544,CEAc,CEA,51,left,1
1501,1502,2,6875.88,5652.06,2641.82,0.01953125,1012,303,BLAa,BLA,52,left,0
1502,1503,2,6875.38,5650.24,2644.52,0.1640625,1502,303,BLAa,BLA,52,left,0
1503,1504,2,6874.84,5649.68,2646.28,0.48828125,1503,579,ec,ec,52,left,0
1504,1505,2,6875.02,5648.52,2650.02,0.32421875,1504,579,ec,ec,52,left,0
1505,1506,2,6875.54,5647.1,2653.36,0.1640625,1505,579,ec,ec,52,left,0
1506,1507,2,6876.14,5644.64,2654.68,0.43359375,1506,579,ec,ec,52,left,0
1507,1508,2,6876.88,5642.54,2655.84,0.40625,1507,579,ec,ec,52,left,0
1508,1509,2,6877.18,5641.12,2657.64,0.3515625,1508,579,ec,ec,52,left,0
1509,1510,2,6877.0,5637.8,2659.86,0.4609375,1509,579,ec,ec,52,left,0
1510,1511,2,6876.82,5635.52,2660.92,0.32421875,1510,579,ec,ec,52,left,0
1511,1512,2,6877.02,5634.54,2664.98,0.40625,1511,579,ec,ec,52,left,0
1512,1513,2,6876.48,5634.48,2666.3,0.37890625,1512,579,ec,ec,52,left,0
1513,1514,2,6875.26,5635.06,2666.72,0.01171875,1513,579,ec,ec,52,left,0
1514,1515,2,6875.32,5636.38,2667.78,0.40625,1514,579,ec,ec,52,left,0
1515,1516,2,6875.14,5637.56,2669.86,0.296875,1515,579,ec,ec,52,left,0
1516,1517,2,6874.5,5637.94,2671.38,0.43359375,1516,579,ec,ec,52,left,0
1517,1518,2,6872.56,5638.06,2673.38,0.3515625,1517,579,ec,ec,52,left,0
1518,1519,2,6871.72,5637.34,2675.22,0.2421875,1518,544,CEAc,CEA,52,left,0
1519,1520,2,6871.58,5635.0,2677.98,0.6484375,1519,544,CEAc,CEA,52,left,0
1520,1521,2,6871.58,5632.76,2680.54,0.0234375,1520,544,CEAc,CEA,52,left,0
1521,1522,2,6872.0,5629.74,2684.04,0.48828125,1521,544,CEAc,CEA,52,left,0
1522,1523,2,6872.62,5627.66,2686.06,0.19140625,1522,544,CEAc,CEA,52,left,0
1523,1524,2,6872.9,5626.82,2688.68,0.32421875,1523,544,CEAc,CEA,52,left,0
1524,1525,2,6873.98,5626.26,2689.6,0.02734375,1524,544,CEAc,CEA,52,left,0
1525,1526,2,6874.34,5625.9,2692.46,0.59765625,1525,544,CEAc,CEA,52,left,0
1526,1527,2,6874.28,5626.72,2693.86,0.26953125,1526,544,CEAc,CEA,52,left,0
1527,1528,2,6873.06,5627.64,2694.48,0.32421875,1527,544,CEAc,CEA,52,left,0
1528,1529,2,6872.74,5627.58,2697.24,0.5703125,1528,544,CEAc,CEA,52,left,0
1529,1530,2,6872.78,5625.72,2699.56,0.3515625,1529,544,CEAc,CEA,52,left,0
1530,1531,2,6873.06,5623.36,2701.2,0.48828125,1530,544,CEAc,CEA,52,left,0
1531,1532,2,6874.34,5622.0,2701.36,0.21484375,1531,544,CEAc,CEA,52,left,0
1532,1533,2,6874.86,5620.12,2700.72,0.32421875,1532,544,CEAc,CEA,52,left,0
1533,1534,2,6875.76,5619.36,2699.78,0.1640625,1533,544,CEAc,CEA,52,left,0
1534,1535,2,6877.7,5617.84,2699.28,0.2421875,1534,544,CEAc,CEA,52,left,0
1535,1536,2,6879.28,5616.22,2699.28,0.32421875,1535,544,CEAc,CEA,52,left,0
1536,1537,2,6881.58,5613.02,2700.4,0.00390625,1536,544,CEAc,CEA,52,left,0
1537,1538,2,6884.38,5611.3,2700.96,0.4609375,1537,544,CEAc,CEA,52,left,0
1538,1539,2,6885.26,5609.98,2700.66,0.32421875,1538,544,CEAc,CEA,52,left,0
1539,1540,2,6885.76,5605.84,2701.12,0.32421875,1539,544,CEAc,CEA,52,left,0
1540,1541,2,6886.34,5604.18,2701.84,0.32421875,1540,544,CEAc,CEA,52,left,0
1541,1542,2,6886.68,5601.1,2702.8,0.43359375,1541,544,CEAc,CEA,52,left,0
1542,1543,2,6887.6,5598.12,2703.7,0.40625,1542,544,CEAc,CEA,52,left,0
1543,1544,2,6888.96,5596.0,2704.4,0.2421875,1543,544,CEAc,CEA,52,left,0
1544,1545,2,6890.48,5592.22,2705.32,0.3515625,1544,544,CEAc,CEA,52,left,0
1545,1546,2,6892.6,5589.04,2706.74,0.2421875,1545,544,CEAc,CEA,52,left,0
1546,1547,2,6893.66,5586.54,2707.76,0.21484375,1546,544,CEAc,CEA,52,left,0
1547,1548,2,6894.96,5584.96,2708.88,0.19140625,1547,544,CEAc,CEA,52,left,0
1548,1549,2,6895.74,5583.14,2710.52,0.26953125,1548,544,CEAc,CEA,52,left,0
1549,1550,2,6895.7,5580.92,2712.5,0.43359375,1549,544,CEAc,CEA,52,left,0
1550,1551,2,6895.84,5580.48,2714.02,0.1640625,1550,544,CEAc,CEA,52,left,0
1551,1552,2,6896.88,5580.5,2714.34,0.01953125,1551,544,CEAc,CEA,52,left,0
1552,1553,2,6897.24,5582.26,2714.6,0.32421875,1552,544,CEAc,CEA,52,left,0
1553,1554,2,6897.18,5585.12,2715.08,0.2421875,1553,544,CEAc,CEA,52,left,0
1554,1555,2,6896.48,5587.32,2715.2,0.48828125,1554,544,CEAc,CEA,52,left,0
1555,1556,2,6895.2,5590.3,2715.62,0.3515625,1555,544,CEAc,CEA,52,left,0
1556,1557,2,6893.98,5592.16,2715.38,0.37890625,1556,544,CEAc,CEA,52,left,0
1557,1558,2,6874.48,5653.94,2640.02,0.0078125,1012,303,BLAa,BLA,53,left,0
1558,1559,2,6871.78,5654.44,2639.68,0.7578125,1558,303,BLAa,BLA,53,left,0
1559,1560,2,6869.78,5654.72,2639.5,1.02734375,1559,303,BLAa,BLA,53,left,0
1560,1561,2,6868.02,5655.22,2640.12,1.109375,1560,303,BLAa,BLA,53,left,0
1561,1562,2,6866.42,5655.92,2640.66,0.1640625,1561,303,BLAa,BLA,53,left,0
1562,1563,2,6863.94,5657.12,2641.06,0.2421875,1562,303,BLAa,BLA,53,left,0
1563,1564,2,6861.96,5657.14,2642.5,0.296875,1563,303,BLAa,BLA,53,left,0
1564,1565,2,6860.92,5656.66,2643.7,0.296875,1564,303,BLAa,BLA,53,left,0
1565,1566,2,6857.86,5655.86,2643.8,0.00390625,1565,303,BLAa,BLA,53,left,0
1566,1567,2,6855.92,5656.0,2644.18,0.2421875,1566,303,BLAa,BLA,53,left,0
1567,1568,2,6854.72,5656.44,2644.8,0.21484375,1567,303,BLAa,BLA,53,left,0
1568,1569,2,6853.98,5657.8,2645.62,0.00390625,1568,303,BLAa,BLA,53,left,0
1569,1570,2,6852.46,5658.94,2646.36,0.2421875,1569,303,BLAa,BLA,53,left,0
1570,1571,2,6850.98,5659.1,2647.96,0.00390625,1570,303,BLAa,BLA,53,left,0
1571,1572,2,6849.78,5659.12,2650.5,0.21484375,1571,303,BLAa,BLA,53,left,0
1572,1573,2,6848.72,5659.38,2651.94,0.37890625,1572,303,BLAa,BLA,53,left,0
1573,1574,2,6847.08,5659.48,2652.9,0.37890625,1573,303,BLAa,BLA,53,left,0
1574,1575,2,6846.84,5659.06,2655.06,0.48828125,1574,579,ec,ec,53,left,0
1575,1576,2,6847.06,5657.42,2659.24,0.40625,1575,579,ec,ec,53,left,0
1576,1577,2,6847.0,5655.96,2662.3,0.4609375,1576,579,ec,ec,53,left,0
1577,1578,2,6845.88,5655.62,2663.0,0.32421875,1577,579,ec,ec,53,left,0
1578,1579,2,6845.08,5655.5,2664.88,0.296875,1578,579,ec,ec,53,left,0
1579,1580,2,6845.18,5654.74,2666.78,0.48828125,1579,579,ec,ec,53,left,0
1580,1581,2,6844.96,5653.16,2669.82,0.43359375,1580,579,ec,ec,53,left,0
1581,1582,2,6843.6,5653.16,2670.62,0.2421875,1581,579,ec,ec,53,left,0
1582,1583,2,6842.36,5651.7,2671.94,0.0078125,1582,579,ec,ec,53,left,0
1583,1584,2,6840.72,5650.68,2672.6,0.89453125,1583,579,ec,ec,53,left,0
1584,1585,2,6839.76,5650.42,2673.7,0.94921875,1584,579,ec,ec,53,left,0
1585,1586,2,6839.82,5649.82,2676.24,1.7890625,1585,544,CEAc,CEA,53,left,0
1586,1587,2,6839.74,5648.14,2677.4,0.54296875,1586,544,CEAc,CEA,53,left,0
1587,1588,2,6839.62,5644.46,2678.8,0.32421875,1587,544,CEAc,CEA,53,left,0
1588,1589,2,6840.56,5643.94,2679.2,0.37890625,1588,544,CEAc,CEA,53,left,0
1589,1590,2,6839.36,5643.46,2680.26,0.00390625,1589,544,CEAc,CEA,53,left,0
1590,1591,2,6838.14,5641.74,2680.56,0.4609375,1590,544,CEAc,CEA,53,left,0
1591,1592,2,6838.3,5639.62,2681.18,0.48828125,1591,544,CEAc,CEA,53,left,0
1592,1593,2,6839.62,5638.02,2682.0,0.40625,1592,544,CEAc,CEA,53,left,0
1593,1594,2,6840.04,5635.72,2683.5,0.4609375,1593,544,CEAc,CEA,53,left,0
1594,1595,2,6839.98,5633.84,2685.22,0.21484375,1594,544,CEAc,CEA,53,left,0
1595,1596,2,6839.3,5631.26,2685.84,0.26953125,1595,544,CEAc,CEA,53,left,0
1596,1597,2,6837.48,5629.82,2685.34,0.48828125,1596,544,CEAc,CEA,53,left,0
1597,1598,2,6836.46,5627.76,2684.52,0.515625,1597,544,CEAc,CEA,53,left,0
1598,1599,2,6833.56,5626.6,2684.22,0.54296875,1598,544,CEAc,CEA,53,left,0
1599,1600,2,6832.04,5624.9,2684.06,0.48828125,1599,544,CEAc,CEA,53,left,0
1600,1601,2,6830.82,5624.52,2683.12,0.2421875,1600,544,CEAc,CEA,53,left,0
1601,1602,2,6828.76,5625.42,2682.46,0.1640625,1601,544,CEAc,CEA,53,left,0
1602,1603,2,6826.72,5626.62,2681.82,0.32421875,1602,544,CEAc,CEA,53,left,0
1603,1604,2,6823.82,5627.64,2681.26,0.19140625,1603,544,CEAc,CEA,53,left,0
1604,1605,2,6822.92,5628.78,2680.96,0.515625,1604,544,CEAc,CEA,53,left,0
1605,1606,2,6820.9,5630.78,2679.38,0.3515625,1605,544,CEAc,CEA,53,left,0
1606,1607,2,6820.48,5632.48,2676.1,0.48828125,1606,544,CEAc,CEA,53,left,0
1607,1608,2,6820.4,5633.5,2674.2,0.43359375,1607,544,CEAc,CEA,53,left,0
1608,1609,2,6819.68,5633.94,2671.98,0.3515625,1608,544,CEAc,CEA,53,left,0
1609,1610,2,6818.12,5634.5,2670.1,0.32421875,1609,544,CEAc,CEA,53,left,0
1610,1611,2,6816.98,5636.5,2668.24,0.19140625,1610,579,ec,ec,53,left,0
1611,1612,2,6815.58,5638.16,2667.66,0.3515625,1611,579,ec,ec,53,left,0
1612,1613,2,6813.24,5640.46,2667.06,0.19140625,1612,544,CEAc,CEA,53,left,0
1613,1614,2,6811.68,5641.2,2667.14,0.37890625,1613,544,CEAc,CEA,53,left,0
1614,1615,2,6810.44,5641.6,2666.96,0.04296875,1614,544,CEAc,CEA,53,left,0
1615,1616,2,6808.04,5641.9,2666.72,0.26953125,1615,544,CEAc,CEA,53,left,0
1616,1617,2,6806.22,5641.82,2666.58,0.1640625,1616,544,CEAc,CEA,53,left,0
1617,1618,2,6803.68,5642.16,2666.32,0.19140625,1617,544,CEAc,CEA,53,left,0
1618,1619,2,6801.98,5642.64,2666.3,0.1640625,1618,544,CEAc,CEA,53,left,0
1619,1620,2,6798.92,5643.12,2666.1,0.1640625,1619,544,CEAc,CEA,53,left,0
1620,1621,2,6797.42,5643.64,2665.52,0.2421875,1620,544,CEAc,CEA,53,left,0
1621,1622,2,6794.54,5644.3,2664.58,0.2421875,1621,579,ec,ec,53,left,0
1622,1623,2,6792.74,5645.18,2663.74,0.40625,1622,579,ec,ec,53,left,0
1623,1624,2,6789.46,5647.08,2662.42,0.5703125,1623,579,ec,ec,53,left,0
1624,1625,2,6786.88,5648.66,2660.82,0.1640625,1624,579,ec,ec,53,left,0
1625,1626,2,6785.3,5649.18,2659.28,0.32421875,1625,579,ec,ec,53,left,0
1626,1627,2,6783.54,5650.22,2658.4,0.00390625,1626,579,ec,ec,53,left,0
1627,1628,2,6781.12,5651.14,2658.6,0.54296875,1627,579,ec,ec,53,left,0
1628,1629,2,6780.6,5651.5,2659.9,0.40625,1628,579,ec,ec,53,left,0
1629,1630,2,6779.22,5653.28,2660.56,0.48828125,1629,579,ec,ec,53,left,0
1630,1631,2,6778.02,5654.64,2661.28,0.296875,1630,579,ec,ec,53,left,0
1631,1632,2,6776.3,5655.62,2661.9,0.3515625,1631,579,ec,ec,53,left,0
1632,1633,2,6775.32,5656.22,2662.48,0.40625,1632,579,ec,ec,53,left,0
1633,1634,2,6773.66,5657.82,2662.42,0.3515625,1633,579,ec,ec,53,left,0
1634,1635,2,6772.26,5660.28,2662.38,0.296875,1634,579,ec,ec,53,left,0
1635,1636,2,6771.52,5661.52,2663.3,0.48828125,1635,579,ec,ec,53,left,0
1636,1637,2,6770.14,5662.28,2663.34,0.5703125,1636,579,ec,ec,53,left,0
1637,1638,2,6769.36,5665.3,2664.82,0.40625,1637,579,ec,ec,53,left,0
1638,1639,2,6768.5,5667.34,2665.28,0.515625,1638,579,ec,ec,53,left,0
1639,1640,2,6767.96,5669.38,2666.16,0.40625,1639,579,ec,ec,53,left,0
1640,1641,2,6767.5,5671.72,2666.72,0.2421875,1640,579,ec,ec,53,left,0
1641,1642,2,6765.16,5674.78,2666.42,0.3515625,1641,579,ec,ec,53,left,0
1642,1643,2,6763.72,5676.98,2666.0,0.19140625,1642,579,ec,ec,53,left,0
1643,1644,2,6762.4,5678.98,2666.12,0.4609375,1643,579,ec,ec,53,left,0
1644,1645,2,6761.24,5680.64,2665.84,0.3515625,1644,579,ec,ec,53,left,0
1645,1646,2,6760.92,5682.5,2666.08,0.3515625,1645,579,ec,ec,53,left,0
1646,1647,2,6759.7,5683.86,2666.52,0.1640625,1646,579,ec,ec,53,left,0
1647,1648,2,6759.0,5685.66,2667.22,0.4609375,1647,579,ec,ec,53,left,0
1648,1649,2,6757.64,5687.16,2667.72,0.48828125,1648,579,ec,ec,53,left,0
1649,1650,2,6755.82,5688.5,2668.3,0.3515625,1649,579,ec,ec,53,left,0
1650,1651,2,6754.66,5689.78,2668.86,0.48828125,1650,579,ec,ec,53,left,0
1651,1652,2,6752.88,5691.36,2670.22,0.32421875,1651,579,ec,ec,53,left,0
1652,1653,2,6751.48,5692.38,2670.9,0.1640625,1652,579,ec,ec,53,left,0
1653,1654,2,6749.58,5692.98,2671.86,0.26953125,1653,579,ec,ec,53,left,0
1654,1655,2,6747.86,5692.44,2672.8,0.32421875,1654,579,ec,ec,53,left,0
1655,1656,2,6877.3,5680.7,2613.8,0.2421875,1024,303,BLAa,BLA,54,left,0
1656,1657,2,6876.34,5682.88,2613.82,0.37890625,1656,303,BLAa,BLA,54,left,0
1657,1658,2,6875.92,5686.46,2613.64,0.48828125,1657,303,BLAa,BLA,54,left,0
1658,1659,2,6875.36,5688.24,2613.26,0.4609375,1658,303,BLAa,BLA,54,left,0
1659,1660,2,6875.76,5677.72,2612.94,0.00390625,1024,303,BLAa,BLA,55,left,0
1660,1661,2,6874.9,5675.98,2613.48,1.2734375,1660,303,BLAa,BLA,55,left,0
1661,1662,2,6874.96,5674.92,2615.52,0.2421875,1661,303,BLAa,BLA,55,left,0
1662,1663,2,6875.22,5675.54,2617.54,0.7578125,1662,303,BLAa,BLA,55,left,0
1663,1664,2,6873.4,5675.58,2617.98,0.0625,1663,303,BLAa,BLA,55,left,0
1664,1665,2,6873.1,5674.72,2620.64,0.54296875,1664,303,BLAa,BLA,55,left,0
1665,1666,2,6873.08,5674.08,2623.06,0.40625,1665,303,BLAa,BLA,55,left,0
1666,1667,2,6871.32,5674.26,2623.5,0.59765625,1666,303,BLAa,BLA,55,left,0
1667,1668,2,6868.6,5674.26,2624.52,0.8125,1667,303,BLAa,BLA,55,left,0
1668,1669,2,6867.26,5673.8,2625.66,0.40625,1668,303,BLAa,BLA,55,left,1
1669,1670,2,6907.1,5661.62,2584.08,0.40625,1043,303,BLAa,BLA,56,left,0
1670,1671,2,6907.36,5663.42,2581.8,0.40625,1670,303,BLAa,BLA,56,left,0
1671,1672,2,6907.44,5665.48,2579.8,0.48828125,1671,303,BLAa,BLA,56,left,0
1672,1673,2,6907.58,5667.38,2578.8,0.40625,1672,303,BLAa,BLA,56,left,0
1673,1674,2,6907.96,5669.38,2576.68,0.40625,1673,303,BLAa,BLA,56,left,0
1674,1675,2,6908.78,5670.84,2575.06,0.32421875,1674,303,BLAa,BLA,56,left,0
1675,1676,2,6909.92,5672.68,2573.0,0.21484375,1675,303,BLAa,BLA,56,left,0
1676,1677,2,6910.32,5673.32,2571.16,0.37890625,1676,303,BLAa,BLA,56,left,0
1677,1678,2,6911.8,5673.38,2570.42,0.32421875,1677,303,BLAa,BLA,56,left,0
1678,1679,2,6912.16,5674.38,2568.82,0.40625,1678,303,BLAa,BLA,56,left,0
1679,1680,2,6913.32,5676.0,2567.02,0.32421875,1679,303,BLAa,BLA,56,left,0
1680,1681,2,6914.32,5676.24,2566.64,0.32421875,1680,303,BLAa,BLA,56,left,0
1681,1682,2,6916.02,5676.06,2566.38,0.03515625,1681,303,BLAa,BLA,56,left,0
1682,1683,2,6918.32,5675.82,2565.52,0.40625,1682,303,BLAa,BLA,56,left,0
1683,1684,2,6919.64,5675.84,2563.88,0.40625,1683,303,BLAa,BLA,56,left,0
1684,1685,2,6921.08,5675.8,2562.58,0.37890625,1684,303,BLAa,BLA,56,left,0
1685,1686,2,6923.04,5675.36,2561.4,0.48828125,1685,303,BLAa,BLA,56,left,0
1686,1687,2,6924.14,5674.28,2560.6,0.40625,1686,303,BLAa,BLA,56,left,0
1687,1688,2,6925.64,5672.58,2559.1,0.515625,1687,303,BLAa,BLA,56,left,0
1688,1689,2,6926.64,5671.82,2558.14,0.2421875,1688,303,BLAa,BLA,56,left,0
1689,1690,2,6927.32,5671.82,2556.4,0.37890625,1689,303,BLAa,BLA,56,left,0
1690,1691,2,6928.8,5672.12,2554.7,0.296875,1690,303,BLAa,BLA,56,left,0
1691,1692,2,6929.42,5672.42,2553.14,0.296875,1691,303,BLAa,BLA,56,left,0
1692,1693,2,6931.44,5671.76,2552.28,0.3515625,1692,303,BLAa,BLA,56,left,0
1693,1694,2,6932.96,5670.76,2552.04,0.37890625,1693,303,BLAa,BLA,56,left,0
1694,1695,2,6935.54,5670.34,2551.1,0.0078125,1694,303,BLAa,BLA,56,left,0
1695,1696,2,6938.26,5669.9,2550.26,0.2421875,1695,303,BLAa,BLA,56,left,0
1696,1697,2,6939.62,5669.18,2549.44,0.48828125,1696,303,BLAa,BLA,56,left,0
1697,1698,2,6940.02,5668.68,2547.68,0.59765625,1697,303,BLAa,BLA,56,left,0
1698,1699,2,6941.36,5668.54,2547.06,0.5703125,1698,303,BLAa,BLA,56,left,0
1699,1700,2,6904.6,5662.9,2586.4,0.00390625,1043,303,BLAa,BLA,57,left,0
1700,1701,2,6903.22,5663.98,2586.64,0.21484375,1700,303,BLAa,BLA,57,left,0
1701,1702,2,6901.2,5665.84,2586.94,0.1640625,1701,303,BLAa,BLA,57,left,0
1702,1703,2,6898.84,5666.9,2588.24,0.26953125,1702,303,BLAa,BLA,57,left,0
1703,1704,2,6897.32,5667.06,2589.44,0.296875,1703,303,BLAa,BLA,57,left,0
1704,1705,2,6896.92,5665.94,2591.04,0.32421875,1704,303,BLAa,BLA,57,left,0
1705,1706,2,6896.14,5664.28,2591.92,0.48828125,1705,303,BLAa,BLA,57,left,0
1706,1707,2,6894.96,5662.26,2593.86,0.4609375,1706,303,BLAa,BLA,57,left,0
1707,1708,2,6893.62,5661.48,2595.24,0.26953125,1707,303,BLAa,BLA,57,left,0
1708,1709,2,6892.9,5659.96,2597.72,0.296875,1708,303,BLAa,BLA,57,left,0
1709,1710,2,6892.1,5659.38,2599.7,0.43359375,1709,303,BLAa,BLA,57,left,0
1710,1711,2,6890.66,5659.4,2600.52,0.32421875,1710,303,BLAa,BLA,57,left,0
1711,1712,2,6890.18,5658.84,2602.24,0.3515625,1711,303,BLAa,BLA,57,left,0
1712,1713,2,6890.26,5657.66,2604.76,0.48828125,1712,303,BLAa,BLA,57,left,0
1713,1714,2,6890.42,5656.42,2608.0,0.00390625,1713,303,BLAa,BLA,57,left,0
1714,1715,2,6891.76,5655.2,2612.08,0.3515625,1714,303,BLAa,BLA,57,left,0
1715,1716,2,6891.32,5655.88,2614.16,0.40625,1715,303,BLAa,BLA,57,left,0
1716,1717,2,6889.74,5656.3,2615.16,0.37890625,1716,303,BLAa,BLA,57,left,0
1717,1718,2,6888.96,5656.66,2616.6,0.4609375,1717,303,BLAa,BLA,57,left,0
1718,1719,2,6889.26,5657.56,2618.48,0.2421875,1718,303,BLAa,BLA,57,left,0
1719,1720,2,6889.02,5657.62,2621.9,0.00390625,1719,303,BLAa,BLA,57,left,0
1720,1721,2,6888.0,5659.16,2622.86,0.1640625,1720,303,BLAa,BLA,57,left,0
1721,1722,2,6887.94,5661.18,2624.16,0.515625,1721,303,BLAa,BLA,57,left,0
1722,1723,2,6888.44,5664.1,2625.78,0.515625,1722,303,BLAa,BLA,57,left,0
1723,1724,2,6888.22,5665.76,2627.1,0.32421875,1723,303,BLAa,BLA,57,left,0
1724,1725,2,6887.94,5666.42,2629.04,0.4609375,1724,303,BLAa,BLA,57,left,0
1725,1726,2,6888.68,5666.66,2636.84,0.296875,1725,303,BLAa,BLA,57,left,0
1726,1727,2,6888.48,5666.76,2639.06,0.54296875,1726,303,BLAa,BLA,57,left,0
1727,1728,2,6887.92,5666.48,2640.92,0.19140625,1727,303,BLAa,BLA,57,left,0
1728,1729,2,6886.44,5665.74,2642.1,0.0078125,1728,303,BLAa,BLA,57,left,0
1729,1730,2,6883.88,5665.44,2644.04,0.32421875,1729,303,BLAa,BLA,57,left,0
1730,1731,2,6882.3,5665.54,2644.92,0.26953125,1730,303,BLAa,BLA,57,left,0
1731,1732,2,6881.4,5665.54,2646.58,0.43359375,1731,303,BLAa,BLA,57,left,0
1732,1733,2,6880.92,5666.62,2647.72,0.48828125,1732,303,BLAa,BLA,57,left,0
1733,1734,2,6879.82,5667.62,2648.88,0.40625,1733,303,BLAa,BLA,57,left,0
1734,1735,2,6879.76,5667.34,2650.94,0.32421875,1734,303,BLAa,BLA,57,left,0
1735,1736,2,6878.72,5666.58,2653.12,0.37890625,1735,303,BLAa,BLA,57,left,0
1736,1737,2,6877.56,5666.0,2654.96,0.19140625,1736,303,BLAa,BLA,57,left,0
1737,1738,2,6875.6,5664.56,2656.86,0.32421875,1737,579,ec,ec,57,left,0
1738,1739,2,6874.32,5663.16,2658.0,0.48828125,1738,579,ec,ec,57,left,0
1739,1740,2,6874.02,5660.74,2659.62,0.54296875,1739,579,ec,ec,57,left,0
1740,1741,2,6873.92,5658.06,2661.84,0.32421875,1740,579,ec,ec,57,left,0
1741,1742,2,6873.74,5655.72,2663.0,0.296875,1741,579,ec,ec,57,left,0
1742,1743,2,6873.36,5652.92,2664.1,0.19140625,1742,579,ec,ec,57,left,0
1743,1744,2,6872.62,5652.0,2665.14,0.32421875,1743,579,ec,ec,57,left,0
1744,1745,2,6872.2,5650.02,2666.1,0.0078125,1744,579,ec,ec,57,left,0
1745,1746,2,6871.68,5646.42,2666.98,1.5703125,1745,579,ec,ec,57,left,0
1746,1747,2,6870.92,5645.5,2667.36,0.62109375,1746,579,ec,ec,57,left,0
1747,1748,2,6870.74,5645.08,2669.04,0.67578125,1747,579,ec,ec,57,left,0
1748,1749,2,6870.76,5643.4,2671.26,0.32421875,1748,579,ec,ec,57,left,0
1749,1750,2,6870.7,5641.08,2673.5,0.37890625,1749,579,ec,ec,57,left,0
1750,1751,2,6870.62,5638.9,2675.32,0.48828125,1750,544,CEAc,CEA,57,left,0
1751,1752,2,6870.54,5636.3,2677.62,0.515625,1751,544,CEAc,CEA,57,left,0
1752,1753,2,6870.58,5635.14,2679.84,0.26953125,1752,544,CEAc,CEA,57,left,0
1753,1754,2,6869.9,5634.68,2681.34,0.32421875,1753,544,CEAc,CEA,57,left,0
1754,1755,2,6869.66,5635.12,2683.96,0.00390625,1754,544,CEAc,CEA,57,left,0
1755,1756,2,6868.88,5635.34,2685.6,0.32421875,1755,544,CEAc,CEA,57,left,0
1756,1757,2,6868.08,5635.7,2686.9,0.43359375,1756,544,CEAc,CEA,57,left,0
1757,1758,2,6868.2,5636.34,2688.88,0.19140625,1757,544,CEAc,CEA,57,left,0
1758,1759,2,6867.58,5636.42,2690.44,0.32421875,1758,544,CEAc,CEA,57,left,0
1759,1760,2,6867.5,5636.2,2692.62,0.40625,1759,544,CEAc,CEA,57,left,0
1760,1761,2,6669.12,5750.4,2747.46,0.00390625,1224,544,CEAc,CEA,58,left,0
1761,1762,2,6666.64,5751.38,2748.02,0.1640625,1761,544,CEAc,CEA,58,left,0
1762,1763,2,6665.24,5752.54,2748.88,0.296875,1762,544,CEAc,CEA,58,left,0
1763,1764,2,6664.96,5754.32,2749.9,0.32421875,1763,544,CEAc,CEA,58,left,0
1764,1765,2,6663.78,5755.42,2750.22,0.32421875,1764,544,CEAc,CEA,58,left,0
1765,1766,2,6663.42,5757.84,2750.4,0.00390625,1765,544,CEAc,CEA,58,left,0
1766,1767,2,6662.7,5758.98,2751.76,0.89453125,1766,544,CEAc,CEA,58,left,0
1767,1768,2,6661.64,5759.96,2752.98,0.37890625,1767,544,CEAc,CEA,58,left,0
1768,1769,2,6660.6,5760.48,2754.82,0.37890625,1768,544,CEAc,CEA,58,left,0
1769,1770,2,6659.18,5760.54,2755.24,0.1640625,1769,544,CEAc,CEA,58,left,0
1770,1771,2,6658.72,5760.02,2756.84,0.4609375,1770,544,CEAc,CEA,58,left,0
1771,1772,2,6659.24,5758.4,2759.2,0.19140625,1771,544,CEAc,CEA,58,left,0
1772,1773,2,6659.88,5757.4,2760.68,0.26953125,1772,544,CEAc,CEA,58,left,1
1773,1774,2,6672.14,5750.34,2745.88,0.00390625,1224,544,CEAc,CEA,59,left,0
1774,1775,2,6674.36,5751.04,2744.96,0.515625,1774,544,CEAc,CEA,59,left,0
1775,1776,2,6675.24,5752.7,2743.96,0.2421875,1775,544,CEAc,CEA,59,left,0
1776,1777,2,6677.62,5754.48,2743.84,0.00390625,1776,544,CEAc,CEA,59,left,0
1777,1778,2,6679.4,5755.96,2743.38,0.32421875,1777,544,CEAc,CEA,59,left,0
1778,1779,2,6681.3,5756.3,2743.08,0.32421875,1778,544,CEAc,CEA,59,left,0
1779,1780,2,6682.78,5757.32,2742.98,0.03515625,1779,544,CEAc,CEA,59,left,0
1780,1781,2,6683.22,5760.24,2742.38,0.78515625,1780,544,CEAc,CEA,59,left,0
1781,1782,2,6684.28,5764.56,2741.42,0.1640625,1781,544,CEAc,CEA,59,left,0
1782,1783,2,6686.02,5766.6,2741.1,0.1640625,1782,544,CEAc,CEA,59,left,0
1783,1784,2,6687.24,5768.18,2740.04,0.1640625,1783,544,CEAc,CEA,59,left,0
1784,1785,2,6687.48,5770.12,2738.78,0.32421875,1784,544,CEAc,CEA,59,left,0
1785,1786,2,6688.72,5771.78,2738.36,0.2421875,1785,544,CEAc,CEA,59,left,0
1786,1787,2,6689.78,5771.68,2738.92,0.32421875,1786,544,CEAc,CEA,59,left,1
1787,1788,2,6517.1,5928.06,2864.24,0.54296875,1225,544,CEAc,CEA,60,left,1
1788,1789,2,6514.42,5928.78,2863.78,0.32421875,1225,544,CEAc,CEA,61,left,0
1789,1790,2,6512.54,5929.14,2864.98,0.40625,1789,544,CEAc,CEA,61,left,0
1790,1791,2,6511.18,5929.58,2865.52,0.32421875,1790,544,CEAc,CEA,61,left,0
1791,1792,2,6509.98,5930.16,2866.64,0.48828125,1791,544,CEAc,CEA,61,left,0
1792,1793,2,6509.26,5930.2,2868.94,0.32421875,1792,544,CEAc,CEA,61,left,0
1793,1794,2,6508.06,5930.08,2870.06,0.2421875,1793,544,CEAc,CEA,61,left,0
1794,1795,2,6506.62,5930.04,2871.46,0.48828125,1794,544,CEAc,CEA,61,left,0
1795,1796,2,6505.76,5930.72,2872.8,0.37890625,1795,544,CEAc,CEA,61,left,0
1796,1797,2,6504.1,5931.32,2873.62,0.32421875,1796,544,CEAc,CEA,61,left,0
1797,1798,2,6503.72,5932.5,2875.88,0.4609375,1797,544,CEAc,CEA,61,left,0
1798,1799,2,6503.3,5933.3,2877.38,0.32421875,1798,544,CEAc,CEA,61,left,0
1799,1800,2,6501.6,5934.12,2878.06,0.0078125,1799,544,CEAc,CEA,61,left,0
1800,1801,2,6499.78,5934.4,2879.56,0.21484375,1800,544,CEAc,CEA,61,left,0
1801,1802,2,6497.14,5934.56,2880.82,0.48828125,1801,544,CEAc,CEA,61,left,0
1802,1803,2,6495.08,5935.94,2881.7,0.59765625,1802,544,CEAc,CEA,61,left,0
1803,1804,2,6493.72,5937.24,2882.34,0.19140625,1803,544,CEAc,CEA,61,left,0
1804,1805,2,6493.44,5937.84,2884.12,0.32421875,1804,544,CEAc,CEA,61,left,0
1805,1806,2,6493.16,5939.1,2885.16,0.37890625,1805,544,CEAc,CEA,61,left,0
1806,1807,2,6492.92,5939.48,2887.08,0.32421875,1806,544,CEAc,CEA,61,left,0
1807,1808,2,6491.72,5941.4,2889.18,0.43359375,1807,544,CEAc,CEA,61,left,0
1808,1809,2,6491.6,5941.44,2892.88,0.43359375,1808,544,CEAc,CEA,61,left,0
1809,1810,2,6491.6,5941.64,2894.56,0.296875,1809,544,CEAc,CEA,61,left,0
1810,1811,2,6490.64,5941.66,2895.76,0.3515625,1810,544,CEAc,CEA,61,left,0
1811,1812,2,6490.0,5942.34,2897.22,0.5703125,1811,544,CEAc,CEA,61,left,0
1812,1813,2,6489.78,5942.56,2899.56,0.00390625,1812,544,CEAc,CEA,61,left,0
1813,1814,2,6489.04,5943.8,2900.84,0.1640625,1813,544,CEAc,CEA,61,left,0
1814,1815,2,6488.44,5946.28,2902.24,0.21484375,1814,544,CEAc,CEA,61,left,0
1815,1816,2,6487.3,5947.2,2902.96,0.296875,1815,544,CEAc,CEA,61,left,0
1816,1817,2,6485.06,5947.24,2904.08,0.21484375,1816,544,CEAc,CEA,61,left,0
1817,1818,2,6484.44,5948.08,2905.42,0.296875,1817,544,CEAc,CEA,61,left,0
1818,1819,2,6483.26,5948.56,2906.26,0.48828125,1818,544,CEAc,CEA,61,left,0
1819,1820,2,6483.4,5949.72,2907.92,0.37890625,1819,544,CEAc,CEA,61,left,0
1820,1821,2,6483.56,5950.56,2909.78,0.32421875,1820,544,CEAc,CEA,61,left,0
1821,1822,2,6482.14,5950.82,2910.64,0.48828125,1821,544,CEAc,CEA,61,left,0
1822,1823,2,6481.0,5950.72,2912.06,0.43359375,1822,544,CEAc,CEA,61,left,0
1823,1824,2,6480.8,5951.1,2913.98,0.2421875,1823,544,CEAc,CEA,61,left,0
1824,1825,2,6480.22,5951.76,2915.54,0.4609375,1824,544,CEAc,CEA,61,left,0
1825,1826,2,6480.4,5952.78,2916.9,0.43359375,1825,544,CEAc,CEA,61,left,0
1826,1827,2,6479.9,5953.02,2918.94,0.00390625,1826,544,CEAc,CEA,61,left,0
1827,1828,2,6478.68,5953.72,2919.78,0.26953125,1827,544,CEAc,CEA,61,left,0
1828,1829,2,6477.3,5955.66,2920.26,0.4609375,1828,544,CEAc,CEA,61,left,0
1829,1830,2,6477.16,5957.9,2920.84,0.43359375,1829,544,CEAc,CEA,61,left,0
1830,1831,2,6477.24,5959.9,2922.16,0.32421875,1830,544,CEAc,CEA,61,left,0
1831,1832,2,6476.0,5960.22,2922.74,0.1640625,1831,544,CEAc,CEA,61,left,0
1832,1833,2,6474.76,5960.68,2924.28,0.00390625,1832,544,CEAc,CEA,61,left,0
1833,1834,2,6473.4,5960.78,2925.5,0.19140625,1833,544,CEAc,CEA,61,left,0
1834,1835,2,6471.7,5959.62,2927.04,0.43359375,1834,544,CEAc,CEA,61,left,0
1835,1836,2,6470.46,5958.78,2927.24,0.2421875,1835,544,CEAc,CEA,61,left,0
1836,1837,2,6469.9,5958.64,2928.84,0.00390625,1836,544,CEAc,CEA,61,left,0
1837,1838,2,6467.68,5958.26,2929.46,0.9765625,1837,544,CEAc,CEA,61,left,0
1838,1839,2,6467.0,5956.78,2930.46,0.83984375,1838,544,CEAc,CEA,61,left,0
1839,1840,2,6464.96,5955.82,2931.16,0.4609375,1839,544,CEAc,CEA,61,left,0
1840,1841,2,6464.1,5955.8,2932.36,0.4609375,1840,544,CEAc,CEA,61,left,0
1841,1842,2,6462.92,5956.16,2933.28,0.2421875,1841,544,CEAc,CEA,61,left,0
1842,1843,2,6462.04,5957.06,2934.72,0.40625,1842,544,CEAc,CEA,61,left,0
1843,1844,2,6460.74,5957.22,2936.22,0.43359375,1843,544,CEAc,CEA,61,left,0
1844,1845,2,6458.98,5957.44,2937.34,0.1640625,1844,544,CEAc,CEA,61,left,0
1845,1846,2,6458.52,5957.74,2938.28,0.32421875,1845,544,CEAc,CEA,61,left,0
1846,1847,2,6457.76,5958.46,2938.7,0.01171875,1846,544,CEAc,CEA,61,left,0
1847,1848,2,6457.54,5961.08,2938.78,0.296875,1847,544,CEAc,CEA,61,left,0
1848,1849,2,6456.14,5962.9,2938.6,0.296875,1848,544,CEAc,CEA,61,left,0
1849,1850,2,6454.44,5964.08,2938.62,0.26953125,1849,544,CEAc,CEA,61,left,0
1850,1851,2,6452.04,5964.32,2938.88,0.40625,1850,544,CEAc,CEA,61,left,0
1851,1852,2,6450.78,5964.3,2939.12,0.515625,1851,544,CEAc,CEA,61,left,0
1852,1853,2,6450.02,5964.72,2940.5,0.296875,1852,544,CEAc,CEA,61,left,0
1853,1854,2,6450.24,5965.26,2941.94,0.5703125,1853,544,CEAc,CEA,61,left,0
1854,1855,2,6450.26,5967.22,2942.78,0.00390625,1854,544,CEAc,CEA,61,left,0
1855,1856,2,6448.96,5968.06,2943.2,0.26953125,1855,544,CEAc,CEA,61,left,0
1856,1857,2,6447.58,5969.0,2943.88,0.32421875,1856,544,CEAc,CEA,61,left,0
1857,1858,2,6446.96,5970.28,2945.32,0.296875,1857,544,CEAc,CEA,61,left,0
1858,1859,2,6446.94,5971.16,2946.64,0.6484375,1858,544,CEAc,CEA,61,left,0
1859,1860,2,6445.44,5971.26,2947.18,0.62109375,1859,544,CEAc,CEA,61,left,0
1860,1861,2,6443.6,5971.14,2947.22,0.19140625,1860,544,CEAc,CEA,61,left,0
1861,1862,2,6441.74,5970.6,2947.84,0.32421875,1861,544,CEAc,CEA,61,left,0
1862,1863,2,6440.16,5969.78,2948.0,0.32421875,1862,544,CEAc,CEA,61,left,0
1863,1864,2,6437.96,5968.3,2949.28,0.00390625,1863,544,CEAc,CEA,61,left,0
1864,1865,2,6436.42,5967.68,2949.74,0.32421875,1864,544,CEAc,CEA,61,left,0
1865,1866,3,6859.78,5647.8,2664.98,0.8125,1282,579,ec,ec,62,left,0
1866,1867,3,6859.94,5645.36,2664.6,0.40625,1866,579,ec,ec,62,left,0
1867,1868,3,6860.04,5642.64,2664.32,0.2421875,1867,579,ec,ec,62,left,0
1868,1869,3,6860.9,5640.28,2663.98,0.32421875,1868,579,ec,ec,62,left,0
1869,1870,3,6861.4,5637.78,2662.58,0.78515625,1869,579,ec,ec,62,left,0
1870,1871,3,6862.62,5636.52,2662.26,0.37890625,1870,579,ec,ec,62,left,0
1871,1872,3,6863.92,5635.22,2661.52,0.40625,1871,579,ec,ec,62,left,0
1872,1873,3,6865.26,5634.12,2660.76,0.67578125,1872,579,ec,ec,62,left,0
1873,1874,3,6867.1,5632.72,2660.7,0.5703125,1873,579,ec,ec,62,left,0
1874,1875,3,6868.64,5631.82,2660.34,0.37890625,1874,579,ec,ec,62,left,0
1875,1876,3,6870.08,5631.5,2659.7,0.515625,1875,579,ec,ec,62,left,0
1876,1877,3,6871.64,5630.8,2659.34,0.515625,1876,579,ec,ec,62,left,0
1877,1878,3,6874.72,5629.22,2658.44,0.62109375,1877,579,ec,ec,62,left,0
1878,1879,3,6876.86,5627.6,2657.94,0.515625,1878,579,ec,ec,62,left,0
1879,1880,3,6878.36,5626.96,2656.76,0.40625,1879,579,ec,ec,62,left,0
1880,1881,3,6880.62,5626.3,2656.46,0.43359375,1880,579,ec,ec,62,left,0
1881,1882,3,6884.1,5624.44,2656.02,0.00390625,1881,579,ec,ec,62,left,0
1882,1883,3,6885.44,5622.92,2655.56,0.4609375,1882,579,ec,ec,62,left,0
1883,1884,3,6886.22,5621.12,2655.06,0.48828125,1883,579,ec,ec,62,left,0
1884,1885,3,6887.74,5619.06,2654.98,0.67578125,1884,579,ec,ec,62,left,0
1885,1886,3,6888.46,5617.88,2653.92,0.54296875,1885,579,ec,ec,62,left,0
1886,1887,3,6889.1,5616.62,2652.18,0.43359375,1886,579,ec,ec,62,left,0
1887,1888,3,6889.84,5615.4,2651.62,0.43359375,1887,579,ec,ec,62,left,0
1888,1889,3,6891.36,5613.88,2650.78,0.59765625,1888,579,ec,ec,62,left,0
1889,1890,3,6892.28,5612.62,2649.94,0.32421875,1889,579,ec,ec,62,left,0
1890,1891,3,6894.24,5611.14,2649.8,0.43359375,1890,579,ec,ec,62,left,0
1891,1892,3,6895.96,5609.62,2650.02,0.7578125,1891,579,ec,ec,62,left,0
1892,1893,3,6897.88,5608.68,2649.54,0.62109375,1892,579,ec,ec,62,left,0
1893,1894,3,6899.26,5608.3,2648.52,0.3515625,1893,579,ec,ec,62,left,0
1894,1895,3,6900.7,5607.6,2647.56,0.43359375,1894,579,ec,ec,62,left,0
1895,1896,3,6902.34,5606.1,2647.38,0.43359375,1895,579,ec,ec,62,left,0
1896,1897,3,6904.18,5603.9,2647.74,0.43359375,1896,579,ec,ec,62,left,0
1897,1898,3,6906.9,5601.82,2648.38,0.19140625,1897,579,ec,ec,62,left,0
1898,1899,3,6908.9,5600.94,2648.48,0.32421875,1898,579,ec,ec,62,left,1
1899,1900,3,6858.36,5647.64,2666.04,0.78515625,1282,579,ec,ec,63,left,0
1900,1901,3,6857.92,5645.22,2667.5,0.6484375,1900,579,ec,ec,63,left,0
1901,1902,3,6857.78,5643.06,2669.74,0.48828125,1901,579,ec,ec,63,left,0
1902,1903,3,6857.14,5642.04,2671.08,0.515625,1902,579,ec,ec,63,left,0
1903,1904,3,6856.4,5640.68,2673.42,0.54296875,1903,579,ec,ec,63,left,0
1904,1905,3,6855.32,5640.2,2674.9,0.6484375,1904,579,ec,ec,63,left,0
1905,1906,3,6854.72,5639.98,2677.26,0.6484375,1905,544,CEAc,CEA,63,left,0
1906,1907,3,6853.54,5640.02,2678.4,0.62109375,1906,544,CEAc,CEA,63,left,0
1907,1908,3,6851.94,5640.2,2678.54,0.48828125,1907,544,CEAc,CEA,63,left,0
1908,1909,3,6851.24,5638.96,2682.3,0.00390625,1908,544,CEAc,CEA,63,left,0
1909,1910,3,6849.86,5638.02,2684.0,0.40625,1909,544,CEAc,CEA,63,left,0
1910,1911,3,6849.9,5636.92,2688.44,0.83984375,1910,544,CEAc,CEA,63,left,0
1911,1912,3,6850.04,5636.16,2690.76,0.54296875,1911,544,CEAc,CEA,63,left,0
1912,1913,3,6850.8,5634.8,2699.22,0.43359375,1912,544,CEAc,CEA,63,left,0
1913,1914,3,6850.98,5634.86,2700.72,0.62109375,1913,544,CEAc,CEA,63,left,0
1914,1915,3,6851.28,5634.88,2703.48,0.515625,1914,544,CEAc,CEA,63,left,0
1915,1916,3,6851.42,5635.2,2704.48,0.48828125,1915,544,CEAc,CEA,63,left,0
1916,1917,3,6851.86,5635.16,2708.58,0.703125,1916,544,CEAc,CEA,63,left,0
1917,1918,3,6852.14,5635.38,2710.86,0.43359375,1917,544,CEAc,CEA,63,left,0
1918,1919,3,6852.44,5636.22,2712.64,0.6484375,1918,544,CEAc,CEA,63,left,0
1919,1920,3,6852.4,5636.8,2714.04,0.62109375,1919,544,CEAc,CEA,63,left,0
1920,1921,3,6851.2,5637.1,2714.58,0.48828125,1920,544,CEAc,CEA,63,left,0
1921,1922,3,6850.82,5638.9,2715.96,0.62109375,1921,544,CEAc,CEA,63,left,0
1922,1923,3,6850.7,5640.3,2716.52,0.67578125,1922,544,CEAc,CEA,63,left,0
1923,1924,3,6849.24,5641.16,2716.7,0.5703125,1923,544,CEAc,CEA,63,left,0
1924,1925,3,6849.14,5642.28,2718.02,0.54296875,1924,544,CEAc,CEA,63,left,0
1925,1926,3,6848.52,5643.26,2719.18,0.43359375,1925,544,CEAc,CEA,63,left,0
1926,1927,3,6846.96,5644.08,2720.06,0.54296875,1926,544,CEAc,CEA,63,left,0
1927,1928,3,6845.42,5644.94,2721.18,0.515625,1927,544,CEAc,CEA,63,left,0
1928,1929,3,6845.38,5645.28,2722.54,0.54296875,1928,544,CEAc,CEA,63,left,0
1929,1930,3,6845.1,5646.54,2724.06,0.515625,1929,544,CEAc,CEA,63,left,0
1930,1931,3,6843.98,5648.06,2725.38,0.4609375,1930,544,CEAc,CEA,63,left,0
1931,1932,3,6843.06,5648.78,2726.7,0.54296875,1931,544,CEAc,CEA,63,left,0
1932,1933,3,6841.72,5649.66,2728.48,0.4609375,1932,544,CEAc,CEA,63,left,0
1933,1934,3,6840.62,5650.56,2729.16,0.21484375,1933,544,CEAc,CEA,63,left,0
1934,1935,3,6840.08,5651.88,2730.84,0.515625,1934,544,CEAc,CEA,63,left,0
1935,1936,3,6839.42,5653.08,2731.36,0.3515625,1935,544,CEAc,CEA,63,left,0
1936,1937,3,6839.1,5654.78,2732.58,0.515625,1936,544,CEAc,CEA,63,left,0
1937,1938,3,6838.52,5656.32,2733.82,0.37890625,1937,544,CEAc,CEA,63,left,0
1938,1939,3,6837.0,5657.2,2735.38,0.48828125,1938,544,CEAc,CEA,63,left,0
1939,1940,3,6836.1,5657.36,2736.86,0.703125,1939,544,CEAc,CEA,63,left,0
1940,1941,3,6834.82,5657.86,2738.2,0.01171875,1940,544,CEAc,CEA,63,left,0
1941,1942,3,6833.78,5657.98,2740.64,0.48828125,1941,544,CEAc,CEA,63,left,0
1942,1943,3,6832.82,5658.2,2742.46,0.43359375,1942,544,CEAc,CEA,63,left,0
1943,1944,3,6831.44,5658.7,2744.78,0.32421875,1943,544,CEAc,CEA,63,left,0
1944,1945,3,6830.5,5659.1,2746.34,0.37890625,1944,544,CEAc,CEA,63,left,0
1945,1946,3,6830.34,5659.26,2748.58,0.37890625,1945,544,CEAc,CEA,63,left,0
1946,1947,3,6829.82,5659.2,2750.34,0.32421875,1946,544,CEAc,CEA,63,left,0
1947,1948,3,6829.12,5659.0,2753.14,0.43359375,1947,544,CEAc,CEA,63,left,0
1948,1949,3,6827.98,5659.54,2754.54,0.37890625,1948,544,CEAc,CEA,63,left,0
1949,1950,3,6827.98,5660.12,2756.56,0.296875,1949,544,CEAc,CEA,63,left,0
1950,1951,3,6829.06,5659.96,2758.14,0.43359375,1950,544,CEAc,CEA,63,left,0
1951,1952,3,6830.78,5659.94,2759.28,0.62109375,1951,544,CEAc,CEA,63,left,0
1952,1953,3,6832.84,5660.9,2760.06,0.1640625,1952,544,CEAc,CEA,63,left,0
1953,1954,3,6834.0,5662.58,2760.6,0.37890625,1953,544,CEAc,CEA,63,left,0
1954,1955,3,6834.74,5664.5,2761.46,0.37890625,1954,544,CEAc,CEA,63,left,0
1955,1956,3,6835.48,5665.26,2764.3,0.43359375,1955,544,CEAc,CEA,63,left,0
1956,1957,3,6837.12,5664.12,2767.06,0.5703125,1956,544,CEAc,CEA,63,left,0
1957,1958,3,6838.68,5663.06,2768.9,0.54296875,1957,544,CEAc,CEA,63,left,0
1958,1959,3,6838.82,5660.74,2770.78,0.32421875,1958,544,CEAc,CEA,63,left,0
1959,1960,3,6838.96,5658.56,2772.64,0.3515625,1959,544,CEAc,CEA,63,left,0
1960,1961,3,6839.66,5657.3,2773.56,0.43359375,1960,544,CEAc,CEA,63,left,1
1961,1962,3,6890.52,5617.18,2658.58,0.0078125,1309,579,ec,ec,64,left,0
1962,1963,3,6890.6,5615.64,2661.1,0.40625,1962,579,ec,ec,64,left,0
1963,1964,3,6890.66,5613.9,2663.72,0.73046875,1963,544,CEAc,CEA,64,left,0
1964,1965,3,6890.8,5612.34,2665.28,0.515625,1964,544,CEAc,CEA,64,left,0
1965,1966,3,6892.3,5611.34,2666.88,0.37890625,1965,544,CEAc,CEA,64,left,0
1966,1967,3,6893.74,5609.56,2669.76,0.48828125,1966,544,CEAc,CEA,64,left,1
1967,1968,3,6891.48,5616.26,2657.42,0.0078125,1309,579,ec,ec,65,left,0
1968,1969,3,6892.22,5613.34,2657.92,0.59765625,1968,544,CEAc,CEA,65,left,0
1969,1970,3,6892.4,5611.42,2657.36,0.26953125,1969,544,CEAc,CEA,65,left,0
1970,1971,3,6893.86,5609.12,2656.74,0.4609375,1970,544,CEAc,CEA,65,left,0
1971,1972,3,6895.8,5607.3,2656.0,0.48828125,1971,544,CEAc,CEA,65,left,0
1972,1973,3,6897.28,5606.44,2655.44,0.3515625,1972,544,CEAc,CEA,65,left,0
1973,1974,3,6898.26,5605.42,2654.74,0.48828125,1973,579,ec,ec,65,left,0
1974,1975,3,6899.76,5604.26,2654.68,0.3515625,1974,579,ec,ec,65,left,0
1975,1976,3,6902.02,5603.22,2655.08,0.26953125,1975,544,CEAc,CEA,65,left,0
1976,1977,3,6903.28,5601.42,2655.26,0.3515625,1976,544,CEAc,CEA,65,left,0
1977,1978,3,6904.44,5599.74,2654.86,0.703125,1977,579,ec,ec,65,left,0
1978,1979,3,6906.34,5598.9,2654.14,0.48828125,1978,579,ec,ec,65,left,0
1979,1980,3,6907.7,5597.84,2652.98,0.296875,1979,579,ec,ec,65,left,0
1980,1981,3,6910.22,5596.82,2651.76,0.43359375,1980,579,ec,ec,65,left,0
1981,1982,3,6910.96,5595.68,2651.14,0.296875,1981,579,ec,ec,65,left,0
1982,1983,3,6912.5,5594.1,2650.82,0.32421875,1982,544,CEAc,CEA,65,left,0
1983,1984,3,6914.32,5592.82,2650.84,0.4609375,1983,544,CEAc,CEA,65,left,1
1984,1985,3,6766.8,5724.38,2677.88,0.00390625,1419,303,BLAa,BLA,66,left,0
1985,1986,3,6765.02,5723.54,2677.9,0.40625,1985,303,BLAa,BLA,66,left,0
1986,1987,3,6762.7,5723.18,2677.8,0.4609375,1986,579,ec,ec,66,left,0
1987,1988,3,6760.78,5722.92,2677.86,0.296875,1987,579,ec,ec,66,left,0
1988,1989,3,6760.12,5721.96,2678.58,0.37890625,1988,579,ec,ec,66,left,0
1989,1990,3,6757.96,5721.26,2679.32,0.37890625,1989,579,ec,ec,66,left,0
1990,1991,3,6755.86,5721.26,2679.66,0.32421875,1990,579,ec,ec,66,left,0
1991,1992,3,6753.38,5721.06,2679.9,0.2421875,1991,579,ec,ec,66,left,0
1992,1993,3,6751.58,5720.32,2680.2,0.1640625,1992,579,ec,ec,66,left,0
1993,1994,3,6749.32,5719.6,2680.74,0.40625,1993,579,ec,ec,66,left,0
1994,1995,3,6747.42,5719.16,2681.56,0.59765625,1994,579,ec,ec,66,left,0
1995,1996,3,6745.36,5718.76,2682.06,0.43359375,1995,579,ec,ec,66,left,0
1996,1997,3,6743.4,5718.82,2682.18,0.40625,1996,579,ec,ec,66,left,1
1997,1998,3,6766.3,5728.46,2677.76,0.296875,1419,303,BLAa,BLA,67,left,0
1998,1999,3,6766.12,5731.02,2678.32,0.54296875,1998,303,BLAa,BLA,67,left,0
1999,2000,3,6765.22,5732.48,2678.82,0.19140625,1999,303,BLAa,BLA,67,left,0
2000,2001,3,6763.82,5734.76,2679.1,0.37890625,2000,303,BLAa,BLA,67,left,0
2001,2002,3,6762.58,5735.52,2679.48,0.40625,2001,303,BLAa,BLA,67,left,0
2002,2003,3,6762.66,5736.62,2680.68,0.73046875,2002,303,BLAa,BLA,67,left,0
2003,2004,3,6761.18,5738.18,2680.34,0.01953125,2003,303,BLAa,BLA,67,left,0
2004,2005,3,6759.28,5741.22,2679.98,0.37890625,2004,303,BLAa,BLA,67,left,0
2005,2006,3,6757.9,5742.82,2680.4,0.5703125,2005,303,BLAa,BLA,67,left,0
2006,2007,3,6757.08,5744.52,2680.72,0.2421875,2006,303,BLAa,BLA,67,left,1
2007,2008,3,6803.26,5711.54,2653.12,0.32421875,1437,303,BLAa,BLA,68,left,0
2008,2009,3,6801.82,5712.9,2650.42,0.54296875,2008,303,BLAa,BLA,68,left,0
2009,2010,3,6800.42,5714.26,2648.32,0.83984375,2009,303,BLAa,BLA,68,left,0
2010,2011,3,6800.2,5716.84,2645.48,0.515625,2010,303,BLAa,BLA,68,left,0
2011,2012,3,6800.12,5717.9,2643.26,0.62109375,2011,303,BLAa,BLA,68,left,0
2012,2013,3,6800.12,5719.72,2640.94,0.40625,2012,303,BLAa,BLA,68,left,0
2013,2014,3,6799.34,5721.22,2638.96,0.48828125,2013,303,BLAa,BLA,68,left,0
2014,2015,3,6797.6,5723.02,2637.74,0.37890625,2014,303,BLAa,BLA,68,left,0
2015,2016,3,6796.04,5725.04,2636.2,0.26953125,2015,303,BLAa,BLA,68,left,0
2016,2017,3,6795.72,5726.68,2633.64,0.62109375,2016,303,BLAa,BLA,68,left,0
2017,2018,3,6795.64,5728.58,2630.34,0.48828125,2017,303,BLAa,BLA,68,left,0
2018,2019,3,6795.72,5730.42,2628.8,0.6484375,2018,303,BLAa,BLA,68,left,0
2019,2020,3,6795.72,5732.06,2626.62,0.6484375,2019,303,BLAa,BLA,68,left,0
2020,2021,3,6795.04,5732.3,2625.22,0.1640625,2020,303,BLAa,BLA,68,left,0
2021,2022,3,6793.56,5733.5,2623.84,0.54296875,2021,303,BLAa,BLA,68,left,0
2022,2023,3,6793.42,5735.36,2622.12,0.703125,2022,303,BLAa,BLA,68,left,0
2023,2024,3,6793.54,5736.8,2620.04,0.54296875,2023,303,BLAa,BLA,68,left,0
2024,2025,3,6794.46,5738.18,2618.64,0.43359375,2024,303,BLAa,BLA,68,left,0
2025,2026,3,6794.82,5740.84,2617.24,0.73046875,2025,303,BLAa,BLA,68,left,0
2026,2027,3,6795.12,5745.8,2615.88,0.1640625,2026,303,BLAa,BLA,68,left,0
2027,2028,3,6794.7,5748.54,2615.48,0.32421875,2027,303,BLAa,BLA,68,left,0
2028,2029,3,6794.74,5751.34,2614.2,0.2421875,2028,303,BLAa,BLA,68,left,0
2029,2030,3,6795.72,5755.0,2612.62,0.1640625,2029,303,BLAa,BLA,68,left,0
2030,2031,3,6797.12,5756.5,2612.32,0.32421875,2030,303,BLAa,BLA,68,left,1
2031,2032,3,6802.68,5712.1,2656.72,0.00390625,1437,303,BLAa,BLA,69,left,0
2032,2033,3,6801.22,5712.84,2656.92,0.62109375,2032,303,BLAa,BLA,69,left,0
2033,2034,3,6800.76,5714.06,2657.28,0.703125,2033,303,BLAa,BLA,69,left,0
2034,2035,3,6799.26,5714.8,2657.68,0.515625,2034,303,BLAa,BLA,69,left,0
2035,2036,3,6798.82,5715.36,2658.86,0.7578125,2035,303,BLAa,BLA,69,left,0
2036,2037,3,6797.32,5716.12,2659.66,0.6484375,2036,303,BLAa,BLA,69,left,0
2037,2038,3,6795.32,5717.66,2659.88,0.5703125,2037,303,BLAa,BLA,69,left,0
2038,2039,3,6794.62,5718.34,2661.04,0.73046875,2038,303,BLAa,BLA,69,left,0
2039,2040,3,6793.28,5719.28,2662.28,0.703125,2039,303,BLAa,BLA,69,left,0
2040,2041,3,6792.96,5720.98,2662.72,0.62109375,2040,303,BLAa,BLA,69,left,0
2041,2042,3,6791.78,5722.26,2662.86,0.59765625,2041,303,BLAa,BLA,69,left,0
2042,2043,3,6791.2,5723.32,2663.98,0.8125,2042,303,BLAa,BLA,69,left,0
2043,2044,3,6790.08,5724.88,2664.12,0.67578125,2043,303,BLAa,BLA,69,left,0
2044,2045,3,6789.6,5726.98,2664.56,0.7578125,2044,303,BLAa,BLA,69,left,0
2045,2046,3,6789.68,5729.34,2665.6,0.5703125,2045,303,BLAa,BLA,69,left,0
2046,2047,3,6788.3,5730.98,2666.04,0.43359375,2046,303,BLAa,BLA,69,left,0
2047,2048,3,6787.88,5732.48,2667.18,0.62109375,2047,303,BLAa,BLA,69,left,0
2048,2049,3,6785.58,5733.92,2668.0,0.78515625,2048,303,BLAa,BLA,69,left,0
2049,2050,3,6784.42,5735.02,2669.02,0.59765625,2049,303,BLAa,BLA,69,left,0
2050,2051,3,6783.96,5736.16,2670.6,0.32421875,2050,303,BLAa,BLA,69,left,0
2051,2052,3,6782.68,5737.32,2671.66,0.8125,2051,303,BLAa,BLA,69,left,0
2052,2053,3,6782.66,5738.78,2672.7,0.73046875,2052,303,BLAa,BLA,69,left,0
2053,2054,3,6782.04,5739.12,2673.92,0.62109375,2053,303,BLAa,BLA,69,left,0
2054,2055,3,6779.14,5739.72,2674.16,0.0078125,2054,303,BLAa,BLA,69,left,0
2055,2056,3,6778.58,5740.22,2675.12,0.78515625,2055,303,BLAa,BLA,69,left,0
2056,2057,3,6778.58,5742.06,2675.84,0.94921875,2056,303,BLAa,BLA,69,left,0
2057,2058,3,6777.16,5742.98,2676.64,0.67578125,2057,303,BLAa,BLA,69,left,0
2058,2059,3,6774.66,5744.0,2677.22,0.78515625,2058,303,BLAa,BLA,69,left,0
2059,2060,3,6773.18,5745.36,2677.62,0.21484375,2059,303,BLAa,BLA,69,left,0
2060,2061,3,6772.42,5746.74,2677.66,0.40625,2060,303,BLAa,BLA,69,left,0
2061,2062,3,6770.64,5747.7,2677.38,0.83984375,2061,303,BLAa,BLA,69,left,0
2062,2063,3,6768.9,5749.28,2677.5,0.515625,2062,303,BLAa,BLA,69,left,0
2063,2064,3,6767.42,5750.84,2677.84,0.6484375,2063,303,BLAa,BLA,69,left,0
2064,2065,3,6766.54,5753.08,2677.6,0.78515625,2064,303,BLAa,BLA,69,left,0
2065,2066,3,6765.16,5754.44,2677.24,0.43359375,2065,303,BLAa,BLA,69,left,0
2066,2067,3,6764.62,5756.58,2676.96,0.01171875,2066,303,BLAa,BLA,69,left,0
2067,2068,3,6763.2,5758.6,2676.94,0.515625,2067,303,BLAa,BLA,69,left,0
2068,2069,3,6762.22,5760.26,2677.34,0.48828125,2068,303,BLAa,BLA,69,left,0
2069,2070,3,6760.24,5761.82,2678.08,0.4609375,2069,303,BLAa,BLA,69,left,0
2070,2071,3,6758.96,5764.02,2678.4,0.59765625,2070,303,BLAa,BLA,69,left,0
2071,2072,3,6757.48,5766.56,2678.48,0.59765625,2071,303,BLAa,BLA,69,left,0
2072,2073,3,6757.46,5768.46,2679.28,0.54296875,2072,303,BLAa,BLA,69,left,0
2073,2074,3,6756.94,5769.84,2680.42,0.59765625,2073,303,BLAa,BLA,69,left,0
2074,2075,3,6755.26,5769.98,2680.54,0.43359375,2074,303,BLAa,BLA,69,left,0
2075,2076,3,6751.96,5770.1,2680.32,0.5703125,2075,303,BLAa,BLA,69,left,0
2076,2077,3,6749.1,5769.36,2680.24,0.703125,2076,303,BLAa,BLA,69,left,0
2077,2078,3,6747.26,5768.52,2680.6,0.48828125,2077,303,BLAa,BLA,69,left,0
2078,2079,3,6744.46,5768.46,2681.74,0.48828125,2078,303,BLAa,BLA,69,left,0
2079,2080,3,6742.44,5768.88,2682.26,0.37890625,2079,303,BLAa,BLA,69,left,0
2080,2081,3,6740.06,5770.34,2682.5,0.62109375,2080,303,BLAa,BLA,69,left,0
2081,2082,3,6738.12,5772.56,2683.12,0.54296875,2081,303,BLAa,BLA,69,left,0
2082,2083,3,6737.22,5773.66,2683.86,0.48828125,2082,303,BLAa,BLA,69,left,0
2083,2084,3,6736.36,5775.62,2684.72,0.00390625,2083,303,BLAa,BLA,69,left,0
2084,2085,3,6735.94,5777.54,2685.68,0.26953125,2084,303,BLAa,BLA,69,left,0
2085,2086,3,6734.16,5779.16,2686.44,0.54296875,2085,303,BLAa,BLA,69,left,0
2086,2087,3,6733.12,5780.8,2687.28,0.43359375,2086,303,BLAa,BLA,69,left,0
2087,2088,3,6732.14,5781.34,2688.46,0.5703125,2087,303,BLAa,BLA,69,left,0
2088,2089,3,6730.9,5783.16,2690.5,0.59765625,2088,303,BLAa,BLA,69,left,0
2089,2090,3,6729.94,5784.18,2692.02,0.515625,2089,303,BLAa,BLA,69,left,0
2090,2091,3,6729.16,5786.52,2693.38,0.1640625,2090,303,BLAa,BLA,69,left,0
2091,2092,3,6728.48,5788.28,2694.38,0.515625,2091,303,BLAa,BLA,69,left,0
2092,2093,3,6727.72,5790.86,2695.04,0.59765625,2092,303,BLAa,BLA,69,left,0
2093,2094,3,6728.0,5793.5,2696.3,0.40625,2093,303,BLAa,BLA,69,left,0
2094,2095,3,6727.28,5795.08,2696.98,0.515625,2094,303,BLAa,BLA,69,left,0
2095,2096,3,6726.62,5797.56,2698.02,0.48828125,2095,303,BLAa,BLA,69,left,0
2096,2097,3,6726.88,5799.26,2698.38,0.6484375,2096,303,BLAa,BLA,69,left,0
2097,2098,3,6726.86,5800.56,2699.26,0.0078125,2097,303,BLAa,BLA,69,left,0
2098,2099,3,6725.6,5802.12,2699.84,0.43359375,2098,303,BLAa,BLA,69,left,0
2099,2100,3,6725.28,5804.3,2700.46,0.4609375,2099,303,BLAa,BLA,69,left,0
2100,2101,3,6723.98,5805.8,2700.5,0.5703125,2100,303,BLAa,BLA,69,left,0
2101,2102,3,6723.68,5807.48,2701.08,0.703125,2101,303,BLAa,BLA,69,left,0
2102,2103,3,6724.04,5810.1,2701.12,0.4609375,2102,303,BLAa,BLA,69,left,0
2103,2104,3,6724.02,5812.08,2701.54,0.37890625,2103,303,BLAa,BLA,69,left,0
2104,2105,3,6723.06,5813.08,2702.2,0.40625,2104,303,BLAa,BLA,69,left,0
2105,2106,3,6721.34,5815.5,2702.8,0.67578125,2105,303,BLAa,BLA,69,left,0
2106,2107,3,6720.46,5817.12,2703.34,0.8125,2106,303,BLAa,BLA,69,left,0
2107,2108,3,6719.32,5817.52,2704.78,0.515625,2107,303,BLAa,BLA,69,left,0
2108,2109,3,6718.54,5818.84,2706.58,0.40625,2108,303,BLAa,BLA,69,left,0
2109,2110,3,6717.4,5820.16,2707.76,0.2421875,2109,303,BLAa,BLA,69,left,0
2110,2111,3,6717.26,5821.14,2709.76,0.59765625,2110,303,BLAa,BLA,69,left,0
2111,2112,3,6716.58,5821.24,2711.1,0.40625,2111,303,BLAa,BLA,69,left,0
2112,2113,3,6714.68,5821.32,2711.82,0.37890625,2112,303,BLAa,BLA,69,left,0
2113,2114,3,6711.96,5821.36,2713.62,0.62109375,2113,303,BLAa,BLA,69,left,0
2114,2115,3,6710.82,5821.3,2715.02,0.40625,2114,303,BLAa,BLA,69,left,0
2115,2116,3,6708.56,5821.76,2715.86,0.43359375,2115,303,BLAa,BLA,69,left,0
2116,2117,3,6707.1,5822.32,2716.86,0.48828125,2116,303,BLAa,BLA,69,left,0
2117,2118,3,6706.54,5823.18,2718.64,0.26953125,2117,303,BLAa,BLA,69,left,0
2118,2119,3,6705.26,5823.48,2719.82,0.43359375,2118,303,BLAa,BLA,69,left,0
2119,2120,3,6705.14,5823.98,2721.22,0.43359375,2119,303,BLAa,BLA,69,left,0
2120,2121,3,6702.86,5824.52,2721.54,0.0078125,2120,303,BLAa,BLA,69,left,0
2121,2122,3,6700.46,5825.02,2722.54,0.4609375,2121,303,BLAa,BLA,69,left,0
2122,2123,3,6698.92,5825.8,2723.36,0.21484375,2122,303,BLAa,BLA,69,left,0
2123,2124,3,6698.2,5826.78,2724.04,0.32421875,2123,303,BLAa,BLA,69,left,0
2124,2125,3,6695.38,5827.22,2724.8,0.40625,2124,303,BLAa,BLA,69,left,0
2125,2126,3,6693.28,5827.02,2725.26,0.296875,2125,303,BLAa,BLA,69,left,0
2126,2127,3,6692.06,5827.02,2725.94,0.48828125,2126,303,BLAa,BLA,69,left,0
2127,2128,3,6689.36,5827.84,2726.38,0.26953125,2127,303,BLAa,BLA,69,left,0
2128,2129,3,6688.34,5828.72,2726.7,0.40625,2128,303,BLAa,BLA,69,left,0
2129,2130,3,6687.66,5829.48,2728.1,0.32421875,2129,303,BLAa,BLA,69,left,0
2130,2131,3,6686.62,5829.5,2729.3,0.32421875,2130,303,BLAa,BLA,69,left,1
2131,2132,2,6893.04,5596.02,2715.02,0.26953125,1557,544,CEAc,CEA,70,left,0
2132,2133,2,6892.26,5598.58,2715.2,0.37890625,2132,544,CEAc,CEA,70,left,0
2133,2134,2,6892.22,5601.0,2715.56,0.3515625,2133,544,CEAc,CEA,70,left,0
2134,2135,2,6891.68,5603.82,2715.52,0.59765625,2134,544,CEAc,CEA,70,left,0
2135,2136,2,6891.62,5606.48,2715.44,0.32421875,2135,544,CEAc,CEA,70,left,0
2136,2137,2,6890.68,5608.76,2715.1,0.296875,2136,544,CEAc,CEA,70,left,0
2137,2138,2,6889.26,5610.96,2715.14,0.32421875,2137,544,CEAc,CEA,70,left,0
2138,2139,2,6889.16,5612.34,2715.64,0.59765625,2138,544,CEAc,CEA,70,left,0
2139,2140,2,6895.72,5592.9,2715.12,0.01171875,1557,544,CEAc,CEA,71,left,0
2140,2141,2,6896.4,5594.22,2713.58,0.19140625,2140,544,CEAc,CEA,71,left,0
2141,2142,2,6897.98,5594.46,2712.62,0.26953125,2141,544,CEAc,CEA,71,left,0
2142,2143,2,6899.04,5595.16,2711.04,0.3515625,2142,544,CEAc,CEA,71,left,0
2143,2144,2,6900.7,5595.54,2710.38,0.26953125,2143,544,CEAc,CEA,71,left,0
2144,2145,2,6903.42,5596.1,2710.62,0.1640625,2144,544,CEAc,CEA,71,left,0
2145,2146,2,6904.8,5597.28,2711.36,0.32421875,2145,544,CEAc,CEA,71,left,0
2146,2147,2,6905.88,5599.82,2712.52,0.1640625,2146,544,CEAc,CEA,71,left,0
2147,2148,2,6906.52,5602.32,2713.68,0.2421875,2147,544,CEAc,CEA,71,left,0
2148,2149,2,6908.26,5603.2,2714.1,0.26953125,2148,544,CEAc,CEA,71,left,0
2149,2150,2,6910.02,5604.06,2715.5,0.37890625,2149,544,CEAc,CEA,71,left,0
2150,2151,2,6910.42,5605.24,2716.76,0.19140625,2150,544,CEAc,CEA,71,left,0
2151,2152,2,6911.34,5606.04,2718.8,0.00390625,2151,544,CEAc,CEA,71,left,0
2152,2153,2,6912.56,5606.1,2720.42,0.296875,2152,544,CEAc,CEA,71,left,0
2153,2154,2,6914.38,5606.24,2721.72,0.37890625,2153,544,CEAc,CEA,71,left,0
2154,2155,2,6915.74,5606.3,2723.32,0.40625,2154,544,CEAc,CEA,71,left,0
2155,2156,2,6918.94,5605.54,2725.68,0.2421875,2155,544,CEAc,CEA,71,left,0
2156,2157,2,6920.52,5604.86,2727.6,0.19140625,2156,544,CEAc,CEA,71,left,0
2157,2158,2,6922.72,5605.16,2728.5,0.26953125,2157,544,CEAc,CEA,71,left,0
2158,2159,2,6924.74,5607.08,2729.6,0.40625,2158,544,CEAc,CEA,71,left,0
2159,2160,2,6925.12,5608.62,2730.62,0.5703125,2159,544,CEAc,CEA,71,left,0
2160,2161,2,6926.38,5609.14,2731.54,0.21484375,2160,544,CEAc,CEA,71,left,0
2161,2162,2,6927.96,5610.94,2731.28,0.4609375,2161,544,CEAc,CEA,71,left,0
2162,2163,2,6930.34,5613.28,2731.36,0.26953125,2162,544,CEAc,CEA,71,left,0
2163,2164,2,6932.1,5615.98,2731.6,0.2421875,2163,544,CEAc,CEA,71,left,0
2164,2165,2,6933.3,5618.26,2731.2,0.37890625,2164,544,CEAc,CEA,71,left,0
2165,2166,2,6935.36,5620.22,2731.34,0.37890625,2165,544,CEAc,CEA,71,left,0
2166,2167,2,6935.98,5622.42,2731.32,0.4609375,2166,544,CEAc,CEA,71,left,0
2167,2168,2,6936.96,5624.08,2732.04,0.6484375,2167,544,CEAc,CEA,71,left,0
2168,2169,2,6937.58,5626.4,2731.98,0.48828125,2168,544,CEAc,CEA,71,left,0
2169,2170,2,6938.58,5626.52,2732.2,0.08203125,2169,544,CEAc,CEA,71,left,0
2170,2171,2,6939.06,5629.54,2731.7,0.32421875,2170,544,CEAc,CEA,71,left,0
2171,2172,2,6940.12,5631.16,2731.96,0.21484375,2171,544,CEAc,CEA,71,left,0
2172,2173,2,6942.06,5631.3,2733.32,0.26953125,2172,544,CEAc,CEA,71,left,0
2173,2174,2,6943.92,5630.64,2734.3,0.4609375,2173,544,CEAc,CEA,71,left,0
2174,2175,2,6945.9,5629.26,2735.42,0.0078125,2174,544,CEAc,CEA,71,left,0
2175,2176,2,6946.62,5627.24,2737.58,0.296875,2175,544,CEAc,CEA,71,left,0
2176,2177,2,6947.88,5626.1,2738.88,0.1640625,2176,544,CEAc,CEA,71,left,0
2177,2178,2,6949.08,5625.2,2740.84,0.40625,2177,544,CEAc,CEA,71,left,0
2178,2179,2,6950.88,5625.08,2742.48,0.40625,2178,544,CEAc,CEA,71,left,0
2179,2180,2,6952.32,5625.68,2744.3,0.296875,2179,544,CEAc,CEA,71,left,0
2180,2181,2,6953.94,5626.56,2745.14,0.32421875,2180,544,CEAc,CEA,71,left,0
2181,2182,2,6954.62,5628.58,2744.94,0.48828125,2181,544,CEAc,CEA,71,left,0
2182,2183,2,6956.28,5629.04,2745.56,0.26953125,2182,544,CEAc,CEA,71,left,0
2183,2184,2,6958.82,5629.14,2746.58,0.62109375,2183,544,CEAc,CEA,71,left,0
2184,2185,2,6961.52,5628.66,2747.12,0.21484375,2184,544,CEAc,CEA,71,left,0
2185,2186,2,6963.26,5628.82,2747.52,0.19140625,2185,544,CEAc,CEA,71,left,0
2186,2187,2,6964.8,5628.5,2747.78,0.01953125,2186,544,CEAc,CEA,71,left,0
2187,2188,2,6966.78,5628.14,2748.06,0.62109375,2187,544,CEAc,CEA,71,left,0
2188,2189,2,6968.28,5627.96,2747.36,0.59765625,2188,544,CEAc,CEA,71,left,0
2189,2190,2,6968.64,5628.36,2745.84,0.40625,2189,544,CEAc,CEA,71,left,0
2190,2191,2,6970.12,5628.36,2745.28,0.515625,2190,544,CEAc,CEA,71,left,0
2191,2192,2,6971.36,5626.84,2745.62,0.01953125,2191,544,CEAc,CEA,71,left,0
2192,2193,2,6973.5,5625.58,2746.1,0.40625,2192,544,CEAc,CEA,71,left,0
2193,2194,2,6975.52,5624.24,2746.56,0.40625,2193,544,CEAc,CEA,71,left,0
2194,2195,2,6976.74,5623.32,2746.86,0.59765625,2194,544,CEAc,CEA,71,left,0
2195,2196,2,6979.06,5622.82,2747.2,0.06640625,2195,544,CEAc,CEA,71,left,0
2196,2197,2,6981.7,5622.32,2747.64,0.32421875,2196,544,CEAc,CEA,71,left,0
2197,2198,2,6983.58,5621.8,2748.16,0.40625,2197,544,CEAc,CEA,71,left,0
2198,2199,2,6985.92,5621.58,2748.5,0.89453125,2198,544,CEAc,CEA,71,left,0
2199,2200,2,6986.48,5623.48,2747.94,0.4609375,2199,544,CEAc,CEA,71,left,0
2200,2201,2,6988.14,5624.58,2747.18,0.00390625,2200,544,CEAc,CEA,71,left,0
2201,2202,2,6990.38,5624.32,2746.54,0.21484375,2201,544,CEAc,CEA,71,left,0
2202,2203,2,6993.12,5624.72,2746.14,0.4609375,2202,544,CEAc,CEA,71,left,0
2203,2204,2,6994.0,5627.26,2745.5,0.32421875,2203,544,CEAc,CEA,71,left,0
2204,2205,2,6995.92,5628.7,2745.36,0.6484375,2204,544,CEAc,CEA,71,left,0
2205,2206,2,6997.48,5630.6,2744.7,0.40625,2205,544,CEAc,CEA,71,left,0
2206,2207,2,6999.54,5632.94,2744.1,0.2421875,2206,544,CEAc,CEA,71,left,0
2207,2208,2,7002.14,5634.38,2744.24,0.4609375,2207,544,CEAc,CEA,71,left,0
2208,2209,2,7003.74,5635.82,2744.5,0.48828125,2208,544,CEAc,CEA,71,left,0
2209,2210,2,7006.58,5636.48,2744.9,0.3515625,2209,544,CEAc,CEA,71,left,0
2210,2211,2,7008.46,5637.04,2744.98,0.32421875,2210,544,CEAc,CEA,71,left,0
2211,2212,2,7010.54,5638.14,2744.96,0.32421875,2211,544,CEAc,CEA,71,left,0
2212,2213,2,7012.48,5640.38,2744.94,0.48828125,2212,544,CEAc,CEA,71,left,0
2213,2214,2,7013.74,5642.62,2745.4,0.4609375,2213,544,CEAc,CEA,71,left,0
2214,2215,2,7015.2,5643.96,2745.84,0.32421875,2214,544,CEAc,CEA,71,left,0
2215,2216,2,7016.84,5645.94,2745.04,0.00390625,2215,544,CEAc,CEA,71,left,0
2216,2217,2,7018.76,5647.04,2743.74,0.2421875,2216,544,CEAc,CEA,71,left,0
2217,2218,2,7020.76,5647.66,2743.28,0.3515625,2217,544,CEAc,CEA,71,left,0
2218,2219,2,7021.52,5649.24,2743.04,0.32421875,2218,544,CEAc,CEA,71,left,0
2219,2220,2,7023.38,5649.9,2743.1,0.2421875,2219,544,CEAc,CEA,71,left,0
2220,2221,2,7025.84,5649.78,2743.58,0.1640625,2220,544,CEAc,CEA,71,left,0
2221,2222,2,7027.2,5649.64,2744.4,0.48828125,2221,544,CEAc,CEA,71,left,0
2222,2223,2,7029.98,5649.34,2745.06,0.1640625,2222,544,CEAc,CEA,71,left,0
2223,2224,2,7032.72,5649.98,2745.22,0.296875,2223,544,CEAc,CEA,71,left,0
2224,2225,2,7034.74,5651.22,2745.22,0.8671875,2224,544,CEAc,CEA,71,left,0
2225,2226,2,7036.4,5653.84,2745.14,0.59765625,2225,544,CEAc,CEA,71,left,0
2226,2227,2,7037.54,5655.98,2744.86,0.48828125,2226,544,CEAc,CEA,71,left,0
2227,2228,2,7039.62,5657.84,2744.56,0.4609375,2227,544,CEAc,CEA,71,left,0
2228,2229,2,7041.66,5659.08,2744.56,0.37890625,2228,544,CEAc,CEA,71,left,0
2229,2230,2,7044.1,5659.94,2745.52,0.3515625,2229,544,CEAc,CEA,71,left,0
2230,2231,2,7045.86,5660.1,2746.74,0.00390625,2230,544,CEAc,CEA,71,left,0
2231,2232,2,7046.78,5661.34,2747.92,0.21484375,2231,544,CEAc,CEA,71,left,0
2232,2233,2,7047.66,5663.02,2748.12,0.21484375,2232,544,CEAc,CEA,71,left,1
2233,2234,2,6746.6,5692.52,2674.26,0.01171875,1655,579,ec,ec,72,left,0
2234,2235,2,6744.96,5693.96,2675.42,0.21484375,2234,579,ec,ec,72,left,0
2235,2236,2,6743.44,5695.0,2675.96,0.5703125,2235,579,ec,ec,72,left,1
2236,2237,2,6747.0,5693.72,2672.16,0.0078125,1655,579,ec,ec,73,left,0
2237,2238,2,6745.0,5695.44,2671.56,0.21484375,2237,579,ec,ec,73,left,0
2238,2239,2,6743.82,5697.42,2671.36,0.296875,2238,579,ec,ec,73,left,0
2239,2240,2,6741.7,5699.56,2671.3,0.32421875,2239,579,ec,ec,73,left,0
2240,2241,2,6740.76,5701.9,2671.34,0.1640625,2240,579,ec,ec,73,left,0
2241,2242,2,6739.22,5704.66,2670.96,0.1640625,2241,579,ec,ec,73,left,0
2242,2243,2,6737.58,5706.42,2670.66,0.296875,2242,579,ec,ec,73,left,0
2243,2244,2,6735.94,5708.96,2671.04,0.43359375,2243,579,ec,ec,73,left,0
2244,2245,2,6734.84,5711.22,2670.98,0.2421875,2244,579,ec,ec,73,left,0
2245,2246,2,6734.62,5712.94,2670.9,0.7578125,2245,579,ec,ec,73,left,0
2246,2247,2,6734.16,5714.44,2672.12,0.19140625,2246,579,ec,ec,73,left,0
2247,2248,2,6733.2,5716.78,2672.38,0.2421875,2247,579,ec,ec,73,left,0
2248,2249,2,6732.58,5720.8,2672.84,0.40625,2248,579,ec,ec,73,left,0
2249,2250,2,6731.6,5723.3,2673.0,0.515625,2249,579,ec,ec,73,left,0
2250,2251,2,6731.0,5725.1,2673.44,0.19140625,2250,303,BLAa,BLA,73,left,0
2251,2252,2,6729.04,5727.22,2674.06,0.6484375,2251,303,BLAa,BLA,73,left,0
2252,2253,2,6727.3,5728.64,2673.86,0.1640625,2252,303,BLAa,BLA,73,left,0
2253,2254,2,6725.76,5730.82,2674.26,0.1640625,2253,303,BLAa,BLA,73,left,0
2254,2255,2,6724.74,5732.26,2674.54,0.3515625,2254,303,BLAa,BLA,73,left,0
2255,2256,2,6722.22,5733.76,2674.42,0.32421875,2255,303,BLAa,BLA,73,left,0
2256,2257,2,6720.66,5735.36,2674.2,0.48828125,2256,303,BLAa,BLA,73,left,0
2257,2258,2,6718.48,5737.04,2674.28,0.54296875,2257,303,BLAa,BLA,73,left,0
2258,2259,2,6716.92,5737.96,2674.56,0.296875,2258,303,BLAa,BLA,73,left,0
2259,2260,2,6714.64,5738.8,2674.78,0.40625,2259,303,BLAa,BLA,73,left,0
2260,2261,2,6711.78,5739.02,2675.12,0.32421875,2260,579,ec,ec,73,left,0
2261,2262,2,6710.18,5739.34,2675.62,0.43359375,2261,579,ec,ec,73,left,0
2262,2263,2,6709.2,5740.24,2676.7,0.0078125,2262,579,ec,ec,73,left,0
2263,2264,2,6707.42,5741.06,2677.86,0.3515625,2263,579,ec,ec,73,left,0
2264,2265,2,6705.74,5741.5,2678.6,0.2421875,2264,579,ec,ec,73,left,0
2265,2266,2,6702.9,5741.88,2679.28,0.4609375,2265,579,ec,ec,73,left,0
2266,2267,2,6702.12,5743.0,2679.66,0.21484375,2266,579,ec,ec,73,left,0
2267,2268,2,6700.32,5744.66,2679.36,0.32421875,2267,579,ec,ec,73,left,0
2268,2269,2,6698.06,5746.2,2679.02,0.1640625,2268,303,BLAa,BLA,73,left,0
2269,2270,2,6697.28,5747.64,2679.4,0.296875,2269,303,BLAa,BLA,73,left,0
2270,2271,2,6696.02,5749.46,2680.02,0.32421875,2270,303,BLAa,BLA,73,left,0
2271,2272,2,6695.94,5750.3,2681.1,0.26953125,2271,303,BLAa,BLA,73,left,0
2272,2273,2,6694.92,5751.26,2682.64,0.00390625,2272,303,BLAa,BLA,73,left,0
2273,2274,2,6694.28,5753.22,2683.1,0.26953125,2273,303,BLAa,BLA,73,left,0
2274,2275,2,6693.8,5755.88,2683.24,0.67578125,2274,303,BLAa,BLA,73,left,0
2275,2276,2,6692.42,5757.74,2683.12,0.19140625,2275,303,BLAa,BLA,73,left,0
2276,2277,2,6690.24,5760.28,2683.42,0.40625,2276,303,BLAa,BLA,73,left,0
2277,2278,2,6689.8,5761.78,2684.3,0.59765625,2277,303,BLAa,BLA,73,left,0
2278,2279,2,6690.14,5763.8,2686.36,0.62109375,2278,579,ec,ec,73,left,0
2279,2280,2,6688.48,5764.34,2687.26,0.921875,2279,579,ec,ec,73,left,0
2280,2281,2,6686.4,5764.64,2687.06,0.59765625,2280,579,ec,ec,73,left,0
2281,2282,2,6684.64,5765.28,2686.82,0.7578125,2281,303,BLAa,BLA,73,left,0
2282,2283,2,6683.0,5766.3,2686.52,0.78515625,2282,303,BLAa,BLA,73,left,0
2283,2284,2,6680.86,5767.14,2686.62,0.26953125,2283,303,BLAa,BLA,73,left,0
2284,2285,2,6680.72,5768.08,2687.72,0.296875,2284,303,BLAa,BLA,73,left,0
2285,2286,2,6680.22,5770.12,2688.36,0.32421875,2285,303,BLAa,BLA,73,left,0
2286,2287,2,6680.24,5772.7,2688.06,0.19140625,2286,303,BLAa,BLA,73,left,0
2287,2288,2,6681.42,5774.1,2687.64,0.2421875,2287,303,BLAa,BLA,73,left,0
2288,2289,2,6682.46,5773.8,2687.26,0.3515625,2288,303,BLAa,BLA,73,left,0
2289,2290,2,6681.8,5775.4,2687.64,0.0078125,2289,303,BLAa,BLA,73,left,0
2290,2291,2,6682.58,5778.32,2687.84,0.1640625,2290,303,BLAa,BLA,73,left,0
2291,2292,2,6683.78,5780.7,2687.98,0.48828125,2291,303,BLAa,BLA,73,left,0
2292,2293,2,6685.36,5782.72,2688.06,0.4609375,2292,303,BLAa,BLA,73,left,0
2293,2294,2,6686.9,5783.28,2688.6,0.19140625,2293,303,BLAa,BLA,73,left,0
2294,2295,2,6689.06,5783.44,2688.82,0.83984375,2294,303,BLAa,BLA,73,left,0
2295,2296,2,6690.06,5786.42,2688.46,0.2421875,2295,303,BLAa,BLA,73,left,0
2296,2297,2,6690.18,5788.9,2688.26,0.40625,2296,303,BLAa,BLA,73,left,0
2297,2298,2,6689.3,5789.64,2688.08,0.40625,2297,303,BLAa,BLA,73,left,0
2298,2299,2,6690.36,5792.86,2686.36,0.48828125,2298,303,BLAa,BLA,73,left,0
2299,2300,2,6690.98,5795.88,2684.22,0.19140625,2299,303,BLAa,BLA,73,left,0
2300,2301,2,6691.96,5797.04,2683.38,0.296875,2300,303,BLAa,BLA,73,left,0
2301,2302,2,6692.34,5799.54,2682.46,0.48828125,2301,303,BLAa,BLA,73,left,0
2302,2303,2,6693.28,5802.54,2681.98,0.00390625,2302,303,BLAa,BLA,73,left,0
2303,2304,2,6693.92,5804.08,2680.88,0.6484375,2303,303,BLAa,BLA,73,left,0
2304,2305,2,6695.82,5805.48,2679.5,0.00390625,2304,303,BLAa,BLA,73,left,0
2305,2306,2,6698.76,5805.9,2678.6,0.6484375,2305,303,BLAa,BLA,73,left,0
2306,2307,2,6700.4,5806.32,2678.5,0.5703125,2306,303,BLAa,BLA,73,left,0
2307,2308,2,6702.72,5806.56,2678.32,0.03125,2307,303,BLAa,BLA,73,left,0
2308,2309,2,6703.44,5808.08,2676.78,0.296875,2308,303,BLAa,BLA,73,left,0
2309,2310,2,6705.62,5809.46,2675.36,0.4609375,2309,303,BLAa,BLA,73,left,0
2310,2311,2,6707.42,5811.3,2673.34,0.32421875,2310,303,BLAa,BLA,73,left,0
2311,2312,2,6708.36,5813.46,2671.72,0.73046875,2311,303,BLAa,BLA,73,left,0
2312,2313,2,6710.08,5814.46,2671.12,0.48828125,2312,303,BLAa,BLA,73,left,0
2313,2314,2,6711.14,5816.24,2669.82,0.21484375,2313,303,BLAa,BLA,73,left,0
2314,2315,2,6712.14,5819.04,2668.7,0.4609375,2314,303,BLAa,BLA,73,left,0
2315,2316,2,6713.16,5821.66,2667.14,0.703125,2315,303,BLAa,BLA,73,left,0
2316,2317,2,6714.42,5824.1,2665.7,0.00390625,2316,303,BLAa,BLA,73,left,0
2317,2318,2,6715.28,5827.1,2664.44,0.37890625,2317,303,BLAa,BLA,73,left,0
2318,2319,2,6716.3,5828.28,2663.74,0.59765625,2318,303,BLAa,BLA,73,left,0
2319,2320,2,6718.38,5829.1,2662.36,0.19140625,2319,303,BLAa,BLA,73,left,0
2320,2321,2,6719.84,5830.26,2661.24,0.19140625,2320,303,BLAa,BLA,73,left,0
2321,2322,2,6721.02,5833.16,2660.74,0.43359375,2321,303,BLAa,BLA,73,left,0
2322,2323,2,6721.4,5836.14,2660.26,0.62109375,2322,303,BLAa,BLA,73,left,0
2323,2324,2,6722.16,5839.96,2659.44,1.0546875,2323,303,BLAa,BLA,73,left,0
2324,2325,2,6723.92,5841.32,2659.06,1.328125,2324,303,BLAa,BLA,73,left,0
2325,2326,2,6725.2,5843.06,2657.52,0.43359375,2325,303,BLAa,BLA,73,left,0
2326,2327,2,6726.4,5845.32,2656.54,0.2421875,2326,303,BLAa,BLA,73,left,0
2327,2328,2,6727.5,5848.26,2654.66,0.32421875,2327,303,BLAa,BLA,73,left,0
2328,2329,2,6728.56,5850.4,2654.06,0.48828125,2328,303,BLAa,BLA,73,left,0
2329,2330,2,6730.22,5852.18,2653.46,0.32421875,2329,303,BLAa,BLA,73,left,0
2330,2331,2,6731.76,5854.36,2652.32,0.1640625,2330,303,BLAa,BLA,73,left,0
2331,2332,2,6733.5,5855.52,2651.5,0.3515625,2331,303,BLAa,BLA,73,left,0
2332,2333,2,6735.44,5858.36,2650.04,0.37890625,2332,303,BLAa,BLA,73,left,0
2333,2334,2,6736.22,5860.8,2648.62,0.1640625,2333,303,BLAa,BLA,73,left,0
2334,2335,2,6736.64,5863.76,2647.6,0.2421875,2334,303,BLAa,BLA,73,left,0
2335,2336,2,6737.54,5865.38,2647.52,0.59765625,2335,303,BLAa,BLA,73,left,0
2336,2337,2,6737.22,5868.18,2646.08,0.01171875,2336,303,BLAa,BLA,73,left,0
2337,2338,2,6738.12,5870.96,2643.86,0.26953125,2337,303,BLAa,BLA,73,left,0
2338,2339,2,6738.3,5872.62,2640.96,0.48828125,2338,303,BLAa,BLA,73,left,0
2339,2340,2,6738.18,5873.34,2638.54,0.26953125,2339,303,BLAa,BLA,73,left,0
2340,2341,2,6739.02,5873.66,2636.82,0.40625,2340,303,BLAa,BLA,73,left,0
2341,2342,2,6740.2,5874.1,2636.54,0.40625,2341,303,BLAa,BLA,73,left,0
2342,2343,2,6740.54,5876.12,2635.24,0.4609375,2342,303,BLAa,BLA,73,left,0
2343,2344,2,6741.32,5878.72,2634.08,0.40625,2343,303,BLAa,BLA,73,left,0
2344,2345,2,6742.02,5880.5,2632.8,0.1640625,2344,303,BLAa,BLA,73,left,0
2345,2346,2,6742.38,5883.72,2631.3,0.26953125,2345,303,BLAa,BLA,73,left,0
2346,2347,2,6742.72,5887.32,2629.58,0.62109375,2346,303,BLAa,BLA,73,left,0
2347,2348,2,6742.8,5888.84,2628.16,0.6484375,2347,303,BLAa,BLA,73,left,0
2348,2349,2,6742.84,5890.44,2625.94,0.48828125,2348,303,BLAa,BLA,73,left,0
2349,2350,2,6742.96,5893.14,2623.06,0.62109375,2349,303,BLAa,BLA,73,left,0
2350,2351,2,6743.08,5895.0,2621.68,1.21875,2350,303,BLAa,BLA,73,left,0
2351,2352,2,6743.14,5898.32,2618.32,0.62109375,2351,303,BLAa,BLA,73,left,0
2352,2353,2,6742.56,5900.64,2616.26,0.48828125,2352,303,BLAa,BLA,73,left,1
2353,2354,2,6875.22,5689.62,2611.12,0.00390625,1659,303,BLAa,BLA,74,left,0
2354,2355,2,6874.84,5689.8,2608.46,0.19140625,2354,303,BLAa,BLA,74,left,0
2355,2356,2,6873.94,5689.6,2607.42,0.48828125,2355,303,BLAa,BLA,74,left,0
2356,2357,2,6872.14,5689.2,2607.22,0.32421875,2356,303,BLAa,BLA,74,left,0
2357,2358,2,6870.94,5689.68,2607.52,0.43359375,2357,303,BLAa,BLA,74,left,0
2358,2359,2,6869.14,5691.06,2607.3,0.48828125,2358,303,BLAa,BLA,74,left,0
2359,2360,2,6867.4,5691.76,2607.0,0.3515625,2359,303,BLAa,BLA,74,left,1
2360,2361,2,6875.44,5690.46,2612.38,0.00390625,1659,303,BLAa,BLA,75,left,0
2361,2362,2,6875.62,5694.16,2611.9,0.296875,2361,303,BLAa,BLA,75,left,0
2362,2363,2,6875.14,5696.96,2611.82,0.3515625,2362,303,BLAa,BLA,75,left,0
2363,2364,2,6873.46,5699.28,2612.72,0.32421875,2363,303,BLAa,BLA,75,left,0
2364,2365,2,6872.14,5701.58,2613.66,0.43359375,2364,303,BLAa,BLA,75,left,0
2365,2366,2,6871.48,5702.96,2614.92,0.48828125,2365,303,BLAa,BLA,75,left,0
2366,2367,2,6870.12,5703.68,2615.9,0.19140625,2366,303,BLAa,BLA,75,left,0
2367,2368,2,6869.0,5705.54,2617.16,0.26953125,2367,303,BLAa,BLA,75,left,0
2368,2369,2,6868.1,5707.16,2617.88,0.19140625,2368,303,BLAa,BLA,75,left,0
2369,2370,2,6867.56,5708.66,2618.74,0.296875,2369,303,BLAa,BLA,75,left,0
2370,2371,2,6866.26,5709.68,2619.26,0.32421875,2370,303,BLAa,BLA,75,left,0
2371,2372,2,6866.14,5711.36,2620.66,0.40625,2371,303,BLAa,BLA,75,left,0
2372,2373,2,6866.24,5713.54,2622.44,0.00390625,2372,303,BLAa,BLA,75,left,0
2373,2374,2,6865.0,5715.7,2622.92,0.32421875,2373,303,BLAa,BLA,75,left,0
2374,2375,2,6864.78,5717.2,2622.94,0.296875,2374,303,BLAa,BLA,75,left,0
2375,2376,2,6866.14,5721.38,2621.32,0.43359375,2375,303,BLAa,BLA,75,left,0
2376,2377,2,6866.2,5724.96,2618.76,0.37890625,2376,303,BLAa,BLA,75,left,0
2377,2378,2,6865.26,5727.92,2617.22,0.78515625,2377,303,BLAa,BLA,75,left,0
2378,2379,2,6864.46,5729.86,2615.62,0.43359375,2378,303,BLAa,BLA,75,left,0
2379,2380,2,6863.24,5731.14,2614.54,0.37890625,2379,303,BLAa,BLA,75,left,0
2380,2381,2,6861.26,5732.46,2614.42,0.32421875,2380,303,BLAa,BLA,75,left,0
2381,2382,2,6859.82,5733.14,2614.78,0.32421875,2381,303,BLAa,BLA,75,left,0
2382,2383,2,6857.04,5733.9,2615.08,0.40625,2382,303,BLAa,BLA,75,left,0
2383,2384,2,6853.9,5734.32,2615.44,0.21484375,2383,303,BLAa,BLA,75,left,0
2384,2385,2,6852.0,5734.42,2615.86,0.2421875,2384,303,BLAa,BLA,75,left,0
2385,2386,2,6850.36,5734.16,2616.6,0.37890625,2385,303,BLAa,BLA,75,left,0
2386,2387,2,6848.56,5734.08,2617.68,0.26953125,2386,303,BLAa,BLA,75,left,0
2387,2388,2,6847.24,5733.86,2618.28,0.1640625,2387,303,BLAa,BLA,75,left,0
2388,2389,2,6845.86,5732.84,2620.4,0.2421875,2388,303,BLAa,BLA,75,left,0
2389,2390,2,6844.1,5732.5,2622.18,0.21484375,2389,303,BLAa,BLA,75,left,0
2390,2391,2,6842.62,5732.8,2623.46,0.2421875,2390,303,BLAa,BLA,75,left,0
2391,2392,2,6841.36,5733.22,2624.74,0.4609375,2391,303,BLAa,BLA,75,left,0
2392,2393,2,6839.68,5734.56,2625.56,0.43359375,2392,303,BLAa,BLA,75,left,0
2393,2394,2,6837.88,5734.92,2626.42,0.2421875,2393,303,BLAa,BLA,75,left,0
2394,2395,2,6834.6,5733.84,2627.64,0.296875,2394,303,BLAa,BLA,75,left,0
2395,2396,2,6832.96,5733.32,2628.72,0.2421875,2395,303,BLAa,BLA,75,left,0
2396,2397,2,6831.22,5733.06,2629.42,0.40625,2396,303,BLAa,BLA,75,left,0
2397,2398,2,6829.88,5733.04,2630.66,0.54296875,2397,303,BLAa,BLA,75,left,0
2398,2399,2,6827.8,5733.18,2631.68,0.32421875,2398,303,BLAa,BLA,75,left,0
2399,2400,2,6826.4,5733.1,2632.62,0.19140625,2399,303,BLAa,BLA,75,left,0
2400,2401,2,6824.1,5732.58,2633.48,0.00390625,2400,303,BLAa,BLA,75,left,0
2401,2402,2,6822.44,5732.06,2634.82,0.296875,2401,303,BLAa,BLA,75,left,0
2402,2403,2,6820.48,5732.86,2635.9,0.48828125,2402,303,BLAa,BLA,75,left,0
2403,2404,2,6818.54,5733.74,2636.14,0.26953125,2403,303,BLAa,BLA,75,left,0
2404,2405,2,6816.84,5733.86,2636.98,0.43359375,2404,303,BLAa,BLA,75,left,0
2405,2406,2,6815.18,5733.04,2638.16,0.3515625,2405,303,BLAa,BLA,75,left,0
2406,2407,2,6814.58,5731.38,2639.32,0.2421875,2406,303,BLAa,BLA,75,left,0
2407,2408,2,6815.0,5729.5,2640.1,0.4609375,2407,303,BLAa,BLA,75,left,0
2408,2409,2,6814.42,5726.86,2641.72,0.19140625,2408,303,BLAa,BLA,75,left,0
2409,2410,2,6813.64,5725.36,2642.24,0.515625,2409,303,BLAa,BLA,75,left,0
2410,2411,2,6811.5,5723.76,2643.38,0.37890625,2410,303,BLAa,BLA,75,left,0
2411,2412,2,6809.6,5722.68,2643.9,0.54296875,2411,303,BLAa,BLA,75,left,0
2412,2413,2,6807.04,5722.54,2644.02,0.3515625,2412,303,BLAa,BLA,75,left,0
2413,2414,2,6943.94,5668.74,2546.7,0.01171875,1699,303,BLAa,BLA,76,left,0
2414,2415,2,6944.22,5669.76,2544.94,0.3515625,2414,303,BLAa,BLA,76,left,0
2415,2416,2,6945.12,5670.14,2543.24,0.48828125,2415,303,BLAa,BLA,76,left,0
2416,2417,2,6946.54,5670.72,2541.8,0.5703125,2416,303,BLAa,BLA,76,left,0
2417,2418,2,6947.96,5670.76,2540.72,0.37890625,2417,303,BLAa,BLA,76,left,0
2418,2419,2,6949.38,5670.38,2539.48,0.296875,2418,303,BLAa,BLA,76,left,0
2419,2420,2,6951.1,5670.46,2538.64,0.26953125,2419,303,BLAa,BLA,76,left,0
2420,2421,2,6953.34,5669.9,2537.84,0.32421875,2420,303,BLAa,BLA,76,left,0
2421,2422,2,6956.04,5668.72,2537.36,0.4609375,2421,303,BLAa,BLA,76,left,0
2422,2423,2,6957.38,5668.04,2536.64,0.2421875,2422,303,BLAa,BLA,76,left,0
2423,2424,2,6959.16,5667.78,2535.94,0.37890625,2423,303,BLAa,BLA,76,left,0
2424,2425,2,6961.3,5667.52,2535.38,0.40625,2424,303,BLAa,BLA,76,left,0
2425,2426,2,6962.7,5667.4,2534.68,0.48828125,2425,303,BLAa,BLA,76,left,0
2426,2427,2,6964.42,5667.22,2534.02,0.40625,2426,303,BLAa,BLA,76,left,0
2427,2428,2,6966.38,5666.64,2533.16,0.4609375,2427,303,BLAa,BLA,76,left,0
2428,2429,2,6967.82,5666.04,2532.52,0.515625,2428,303,BLAa,BLA,76,left,0
2429,2430,2,6969.68,5665.98,2532.14,0.32421875,2429,303,BLAa,BLA,76,left,0
2430,2431,2,6971.08,5666.12,2531.34,0.1640625,2430,303,BLAa,BLA,76,left,0
2431,2432,2,6972.88,5666.58,2531.26,0.43359375,2431,303,BLAa,BLA,76,left,0
2432,2433,2,6976.76,5666.92,2531.5,0.26953125,2432,303,BLAa,BLA,76,left,0
2433,2434,2,6978.5,5666.48,2531.34,0.40625,2433,303,BLAa,BLA,76,left,0
2434,2435,2,6943.22,5667.72,2547.62,0.03125,1699,303,BLAa,BLA,77,left,0
2435,2436,2,6944.3,5667.46,2548.8,0.296875,2435,303,BLAa,BLA,77,left,0
2436,2437,2,6944.5,5667.94,2550.38,0.48828125,2436,303,BLAa,BLA,77,left,0
2437,2438,2,6944.84,5669.72,2551.64,0.00390625,2437,303,BLAa,BLA,77,left,0
2438,2439,2,6944.94,5672.2,2552.2,0.21484375,2438,303,BLAa,BLA,77,left,0
2439,2440,2,6943.78,5673.84,2552.9,0.54296875,2439,303,BLAa,BLA,77,left,0
2440,2441,2,6943.08,5675.7,2553.98,0.296875,2440,303,BLAa,BLA,77,left,0
2441,2442,2,6941.86,5676.92,2555.4,0.19140625,2441,303,BLAa,BLA,77,left,0
2442,2443,2,6939.78,5678.04,2556.86,0.26953125,2442,303,BLAa,BLA,77,left,0
2443,2444,2,6938.84,5679.08,2558.18,0.32421875,2443,303,BLAa,BLA,77,left,0
2444,2445,2,6937.68,5679.94,2558.64,0.48828125,2444,303,BLAa,BLA,77,left,0
2445,2446,2,6937.78,5681.94,2559.78,0.21484375,2445,303,BLAa,BLA,77,left,0
2446,2447,2,6937.92,5683.5,2561.1,0.4609375,2446,303,BLAa,BLA,77,left,0
2447,2448,2,6936.2,5685.28,2562.1,0.37890625,2447,303,BLAa,BLA,77,left,0
2448,2449,2,6935.32,5686.46,2563.24,0.19140625,2448,303,BLAa,BLA,77,left,0
2449,2450,2,6934.26,5687.26,2563.5,0.01953125,2449,303,BLAa,BLA,77,left,0
2450,2451,2,6934.02,5688.84,2564.86,0.32421875,2450,303,BLAa,BLA,77,left,0
2451,2452,2,6932.4,5689.66,2566.08,0.32421875,2451,303,BLAa,BLA,77,left,0
2452,2453,2,6930.6,5689.86,2566.86,0.21484375,2452,303,BLAa,BLA,77,left,0
2453,2454,2,6930.32,5689.58,2569.44,0.3515625,2453,303,BLAa,BLA,77,left,0
2454,2455,2,6929.7,5689.52,2571.04,0.40625,2454,303,BLAa,BLA,77,left,0
2455,2456,2,6928.42,5690.68,2571.88,0.32421875,2455,303,BLAa,BLA,77,left,0
2456,2457,2,6927.82,5692.3,2573.02,0.21484375,2456,303,BLAa,BLA,77,left,0
2457,2458,2,6927.84,5694.48,2573.72,0.2421875,2457,303,BLAa,BLA,77,left,0
2458,2459,2,6927.88,5697.54,2573.28,0.26953125,2458,303,BLAa,BLA,77,left,0
2459,2460,2,6927.34,5698.8,2573.42,0.4609375,2459,303,BLAa,BLA,77,left,0
2460,2461,2,6927.22,5700.1,2575.04,0.32421875,2460,303,BLAa,BLA,77,left,0
2461,2462,2,6926.24,5700.94,2576.02,0.37890625,2461,303,BLAa,BLA,77,left,0
2462,2463,2,6925.58,5701.78,2577.22,0.43359375,2462,303,BLAa,BLA,77,left,0
2463,2464,2,6925.36,5702.68,2579.6,0.32421875,2463,303,BLAa,BLA,77,left,0
2464,2465,2,6924.94,5703.76,2581.34,0.48828125,2464,303,BLAa,BLA,77,left,0
2465,2466,2,6924.02,5704.54,2581.78,0.37890625,2465,303,BLAa,BLA,77,left,0
2466,2467,2,6924.32,5704.88,2584.68,0.00390625,2466,303,BLAa,BLA,77,left,0
2467,2468,2,6924.52,5705.9,2587.16,0.48828125,2467,303,BLAa,BLA,77,left,0
2468,2469,2,6923.8,5706.88,2588.02,0.37890625,2468,303,BLAa,BLA,77,left,0
2469,2470,2,6922.5,5707.96,2589.34,0.54296875,2469,303,BLAa,BLA,77,left,0
2470,2471,2,6920.98,5708.3,2590.34,0.40625,2470,303,BLAa,BLA,77,left,0
2471,2472,2,6918.44,5708.44,2592.08,0.43359375,2471,303,BLAa,BLA,77,left,0
2472,2473,2,6917.64,5708.46,2593.72,0.26953125,2472,303,BLAa,BLA,77,left,0
2473,2474,2,6916.72,5708.76,2595.64,0.32421875,2473,303,BLAa,BLA,77,left,0
2474,2475,2,6916.26,5709.06,2596.98,0.37890625,2474,303,BLAa,BLA,77,left,0
2475,2476,2,6915.92,5711.22,2597.82,0.32421875,2475,303,BLAa,BLA,77,left,0
2476,2477,2,6915.84,5712.68,2599.26,0.4609375,2476,303,BLAa,BLA,77,left,0
2477,2478,2,6915.26,5712.76,2600.66,0.32421875,2477,303,BLAa,BLA,77,left,0
2478,2479,2,6915.04,5712.46,2603.36,0.00390625,2478,303,BLAa,BLA,77,left,0
2479,2480,2,6913.42,5712.48,2604.4,0.2421875,2479,303,BLAa,BLA,77,left,0
2480,2481,2,6912.32,5712.2,2605.46,0.2421875,2480,303,BLAa,BLA,77,left,0
2481,2482,2,6911.14,5712.3,2607.22,0.48828125,2481,303,BLAa,BLA,77,left,0
2482,2483,2,6910.94,5712.78,2608.58,0.3515625,2482,303,BLAa,BLA,77,left,0
2483,2484,2,6908.72,5713.7,2608.56,0.4609375,2483,303,BLAa,BLA,77,left,0
2484,2485,2,6907.2,5714.76,2608.94,0.2421875,2484,303,BLAa,BLA,77,left,0
2485,2486,2,6906.28,5715.88,2610.28,0.296875,2485,303,BLAa,BLA,77,left,0
2486,2487,2,6904.48,5716.9,2611.5,0.32421875,2486,303,BLAa,BLA,77,left,0
2487,2488,2,6902.86,5716.96,2613.0,0.43359375,2487,303,BLAa,BLA,77,left,0
2488,2489,2,6901.4,5717.12,2614.24,0.2421875,2488,303,BLAa,BLA,77,left,0
2489,2490,2,6901.06,5717.4,2615.86,0.015625,2489,303,BLAa,BLA,77,left,0
2490,2491,2,6899.82,5717.88,2617.6,0.2421875,2490,303,BLAa,BLA,77,left,0
2491,2492,2,6898.86,5718.24,2618.48,0.2421875,2491,303,BLAa,BLA,77,left,0
2492,2493,2,6897.16,5718.94,2619.02,0.40625,2492,303,BLAa,BLA,77,left,0
2493,2494,2,6896.84,5720.3,2619.68,0.296875,2493,303,BLAa,BLA,77,left,0
2494,2495,2,6895.26,5722.26,2620.48,0.48828125,2494,303,BLAa,BLA,77,left,0
2495,2496,2,6894.14,5724.18,2620.2,0.32421875,2495,303,BLAa,BLA,77,left,0
2496,2497,2,6892.72,5726.96,2619.96,0.32421875,2496,303,BLAa,BLA,77,left,0
2497,2498,2,6891.62,5729.38,2620.0,0.43359375,2497,303,BLAa,BLA,77,left,0
2498,2499,2,6890.74,5732.28,2620.18,0.4609375,2498,303,BLAa,BLA,77,left,0
2499,2500,2,6889.62,5733.9,2620.2,0.1640625,2499,303,BLAa,BLA,77,left,0
2500,2501,2,6888.2,5734.84,2620.7,0.19140625,2500,303,BLAa,BLA,77,left,0
2501,2502,2,6886.74,5735.98,2622.3,0.40625,2501,303,BLAa,BLA,77,left,0
2502,2503,2,6885.68,5736.88,2623.74,0.48828125,2502,303,BLAa,BLA,77,left,0
2503,2504,2,6883.8,5738.56,2625.14,0.296875,2503,303,BLAa,BLA,77,left,0
2504,2505,2,6882.02,5739.46,2625.94,0.43359375,2504,303,BLAa,BLA,77,left,0
2505,2506,2,6881.5,5740.4,2627.48,0.32421875,2505,303,BLAa,BLA,77,left,0
2506,2507,2,6880.62,5740.86,2628.96,0.48828125,2506,303,BLAa,BLA,77,left,0
2507,2508,2,6880.04,5741.62,2630.34,0.37890625,2507,303,BLAa,BLA,77,left,0
2508,2509,2,6880.38,5743.5,2631.5,0.59765625,2508,303,BLAa,BLA,77,left,0
2509,2510,2,6880.18,5745.4,2633.0,0.1640625,2509,303,BLAa,BLA,77,left,0
2510,2511,2,6878.92,5745.66,2634.0,0.26953125,2510,303,BLAa,BLA,77,left,0
2511,2512,2,6878.78,5745.84,2635.84,0.26953125,2511,303,BLAa,BLA,77,left,0
2512,2513,2,6877.12,5746.74,2636.88,0.00390625,2512,303,BLAa,BLA,77,left,0
2513,2514,2,6876.68,5747.54,2638.26,0.40625,2513,303,BLAa,BLA,77,left,0
2514,2515,2,6875.22,5748.32,2639.32,0.26953125,2514,303,BLAa,BLA,77,left,0
2515,2516,2,6874.24,5748.84,2640.68,0.32421875,2515,303,BLAa,BLA,77,left,0
2516,2517,2,6873.58,5748.78,2642.7,0.32421875,2516,303,BLAa,BLA,77,left,0
2517,2518,2,6872.78,5748.78,2643.78,0.40625,2517,303,BLAa,BLA,77,left,0
2518,2519,2,6870.62,5748.96,2644.7,0.4609375,2518,303,BLAa,BLA,77,left,0
2519,2520,2,6869.46,5749.08,2645.86,0.26953125,2519,303,BLAa,BLA,77,left,0
2520,2521,2,6869.0,5750.72,2647.32,0.1640625,2520,303,BLAa,BLA,77,left,0
2521,2522,2,6869.2,5752.4,2648.72,0.19140625,2521,303,BLAa,BLA,77,left,0
2522,2523,2,6867.66,5753.42,2649.82,0.48828125,2522,303,BLAa,BLA,77,left,0
2523,2524,2,6866.1,5753.78,2651.06,0.32421875,2523,303,BLAa,BLA,77,left,0
2524,2525,2,6865.3,5754.42,2651.94,0.21484375,2524,303,BLAa,BLA,77,left,0
2525,2526,2,6865.6,5755.54,2653.56,0.48828125,2525,303,BLAa,BLA,77,left,0
2526,2527,2,6865.94,5757.18,2654.98,0.4609375,2526,303,BLAa,BLA,77,left,0
2527,2528,2,6866.26,5757.64,2657.72,0.5703125,2527,303,BLAa,BLA,77,left,0
2528,2529,2,6866.16,5756.92,2659.7,0.48828125,2528,303,BLAa,BLA,77,left,0
2529,2530,2,6864.72,5756.5,2660.56,0.32421875,2529,303,BLAa,BLA,77,left,0
2530,2531,2,6861.6,5755.86,2661.52,0.48828125,2530,303,BLAa,BLA,77,left,0
2531,2532,2,6859.86,5755.18,2662.86,0.37890625,2531,303,BLAa,BLA,77,left,0
2532,2533,2,6857.72,5754.98,2663.56,0.00390625,2532,303,BLAa,BLA,77,left,0
2533,2534,2,6856.58,5755.3,2664.6,0.26953125,2533,303,BLAa,BLA,77,left,0
2534,2535,2,6855.28,5755.32,2667.12,0.32421875,2534,303,BLAa,BLA,77,left,0
2535,2536,2,6854.56,5755.22,2668.84,0.32421875,2535,303,BLAa,BLA,77,left,0
2536,2537,2,6852.58,5755.44,2670.54,0.2421875,2536,303,BLAa,BLA,77,left,0
2537,2538,2,6851.74,5755.72,2671.68,0.296875,2537,303,BLAa,BLA,77,left,0
2538,2539,2,6851.3,5755.26,2673.84,0.515625,2538,303,BLAa,BLA,77,left,0
2539,2540,2,6850.26,5754.72,2674.66,0.296875,2539,303,BLAa,BLA,77,left,0
2540,2541,2,6849.46,5754.08,2680.36,0.43359375,2540,303,BLAa,BLA,77,left,0
2541,2542,2,6848.3,5753.68,2682.02,0.37890625,2541,303,BLAa,BLA,77,left,0
2542,2543,2,6847.62,5752.74,2685.58,0.43359375,2542,303,BLAa,BLA,77,left,0
2543,2544,2,6846.98,5752.04,2687.54,0.19140625,2543,303,BLAa,BLA,77,left,0
2544,2545,2,6846.56,5751.0,2690.78,0.3515625,2544,303,BLAa,BLA,77,left,0
2545,2546,2,6845.94,5750.62,2692.24,0.40625,2545,303,BLAa,BLA,77,left,0
2546,2547,2,6845.34,5749.36,2694.76,0.1640625,2546,303,BLAa,BLA,77,left,0
2547,2548,2,6843.98,5748.86,2695.9,0.40625,2547,303,BLAa,BLA,77,left,0
2548,2549,2,6843.74,5747.38,2698.6,0.2421875,2548,303,BLAa,BLA,77,left,0
2549,2550,2,6842.02,5747.1,2701.04,0.2421875,2549,303,BLAa,BLA,77,left,0
2550,2551,2,6841.94,5747.0,2703.96,0.2421875,2550,303,BLAa,BLA,77,left,0
2551,2552,2,6842.12,5746.5,2706.28,0.43359375,2551,303,BLAa,BLA,77,left,0
2552,2553,2,6841.32,5746.4,2707.58,0.3515625,2552,303,BLAa,BLA,77,left,0
2553,2554,2,6839.38,5746.08,2708.26,0.21484375,2553,303,BLAa,BLA,77,left,0
2554,2555,2,6838.32,5745.06,2709.74,0.40625,2554,303,BLAa,BLA,77,left,0
2555,2556,2,6837.74,5743.22,2712.54,0.40625,2555,303,BLAa,BLA,77,left,0
2556,2557,2,6837.16,5741.34,2714.68,0.296875,2556,303,BLAa,BLA,77,left,0
2557,2558,2,6835.84,5741.22,2714.92,0.19140625,2557,303,BLAa,BLA,77,left,0
2558,2559,2,6835.4,5740.14,2716.26,0.515625,2558,579,ec,ec,77,left,0
2559,2560,2,6834.28,5740.18,2718.08,0.21484375,2559,579,ec,ec,77,left,0
2560,2561,2,6833.64,5741.44,2719.38,0.83984375,2560,579,ec,ec,77,left,0
2561,2562,2,6832.62,5741.48,2720.56,0.48828125,2561,579,ec,ec,77,left,0
2562,2563,2,6831.66,5741.06,2722.9,0.43359375,2562,579,ec,ec,77,left,0
2563,2564,2,6831.74,5740.4,2724.56,0.32421875,2563,579,ec,ec,77,left,0
2564,2565,2,6831.9,5739.1,2727.58,0.32421875,2564,579,ec,ec,77,left,0
2565,2566,2,6831.5,5739.02,2728.92,0.43359375,2565,579,ec,ec,77,left,0
2566,2567,2,6830.02,5738.82,2730.42,0.48828125,2566,579,ec,ec,77,left,0
2567,2568,2,6829.0,5738.48,2732.04,0.32421875,2567,579,ec,ec,77,left,0
2568,2569,2,6827.12,5738.14,2734.02,0.26953125,2568,579,ec,ec,77,left,0
2569,2570,2,6825.84,5738.28,2734.66,0.40625,2569,579,ec,ec,77,left,0
2570,2571,2,6825.54,5738.66,2736.48,0.19140625,2570,579,ec,ec,77,left,0
2571,2572,2,6824.32,5739.0,2736.98,0.32421875,2571,579,ec,ec,77,left,0
2572,2573,2,6823.84,5739.06,2737.22,0.0546875,2572,579,ec,ec,77,left,0
2573,2574,2,6824.02,5738.56,2740.68,0.40625,2573,579,ec,ec,77,left,0
2574,2575,2,6823.84,5737.84,2742.34,0.32421875,2574,579,ec,ec,77,left,0
2575,2576,2,6822.28,5737.7,2743.2,0.32421875,2575,579,ec,ec,77,left,0
2576,2577,2,6821.86,5737.84,2745.2,0.2421875,2576,544,CEAc,CEA,77,left,0
2577,2578,2,6820.46,5738.1,2746.64,0.296875,2577,544,CEAc,CEA,77,left,0
2578,2579,2,6819.94,5738.32,2748.18,0.26953125,2578,544,CEAc,CEA,77,left,0
2579,2580,2,6818.7,5738.44,2749.18,0.40625,2579,544,CEAc,CEA,77,left,0
2580,2581,2,6818.34,5738.02,2752.86,0.59765625,2580,544,CEAc,CEA,77,left,0
2581,2582,2,6818.18,5737.16,2755.4,0.43359375,2581,544,CEAc,CEA,77,left,0
2582,2583,2,6816.86,5736.86,2756.34,0.43359375,2582,544,CEAc,CEA,77,left,0
2583,2584,2,6816.32,5735.74,2758.06,0.26953125,2583,544,CEAc,CEA,77,left,0
2584,2585,2,6866.44,5636.44,2694.76,0.0078125,1760,544,CEAc,CEA,78,left,0
2585,2586,2,6865.44,5637.2,2696.72,0.296875,2585,544,CEAc,CEA,78,left,0
2586,2587,2,6864.86,5637.84,2698.24,0.43359375,2586,544,CEAc,CEA,78,left,0
2587,2588,2,6865.08,5638.3,2699.88,0.2421875,2587,544,CEAc,CEA,78,left,0
2588,2589,2,6864.86,5639.9,2701.96,0.21484375,2588,544,CEAc,CEA,78,left,0
2589,2590,2,6863.8,5641.46,2703.02,0.32421875,2589,544,CEAc,CEA,78,left,0
2590,2591,2,6863.86,5642.72,2705.08,0.1640625,2590,544,CEAc,CEA,78,left,0
2591,2592,2,6863.02,5643.76,2706.94,0.4609375,2591,544,CEAc,CEA,78,left,0
2592,2593,2,6862.22,5644.24,2708.24,0.59765625,2592,544,CEAc,CEA,78,left,0
2593,2594,2,6862.42,5644.4,2711.2,0.4609375,2593,544,CEAc,CEA,78,left,0
2594,2595,2,6862.62,5644.74,2712.8,0.1640625,2594,544,CEAc,CEA,78,left,0
2595,2596,2,6863.1,5646.0,2715.8,0.00390625,2595,544,CEAc,CEA,78,left,0
2596,2597,2,6863.2,5647.04,2717.32,0.48828125,2596,544,CEAc,CEA,78,left,0
2597,2598,2,6862.28,5647.32,2717.52,0.32421875,2597,544,CEAc,CEA,78,left,0
2598,2599,2,6868.42,5634.44,2694.16,0.0078125,1760,544,CEAc,CEA,79,left,0
2599,2600,2,6868.66,5632.48,2696.86,0.21484375,2599,544,CEAc,CEA,79,left,0
2600,2601,2,6868.52,5631.5,2698.94,0.26953125,2600,544,CEAc,CEA,79,left,0
2601,2602,2,6866.96,5630.3,2700.72,0.48828125,2601,544,CEAc,CEA,79,left,0
2602,2603,2,6866.2,5628.56,2701.92,0.40625,2602,544,CEAc,CEA,79,left,0
2603,2604,2,6864.76,5627.88,2702.3,0.32421875,2603,544,CEAc,CEA,79,left,0
2604,2605,2,6862.32,5628.02,2703.88,0.296875,2604,544,CEAc,CEA,79,left,0
2605,2606,2,6861.12,5627.74,2705.22,0.4609375,2605,544,CEAc,CEA,79,left,0
2606,2607,2,6860.06,5628.42,2705.44,0.01171875,2606,544,CEAc,CEA,79,left,0
2607,2608,2,6859.98,5628.48,2707.48,0.40625,2607,544,CEAc,CEA,79,left,0
2608,2609,2,6858.52,5628.52,2709.0,0.32421875,2608,544,CEAc,CEA,79,left,0
2609,2610,2,6856.36,5628.44,2710.2,0.1640625,2609,544,CEAc,CEA,79,left,0
2610,2611,2,6855.54,5627.12,2710.98,0.40625,2610,544,CEAc,CEA,79,left,0
2611,2612,2,6853.76,5625.94,2711.06,0.296875,2611,544,CEAc,CEA,79,left,0
2612,2613,2,6853.0,5624.12,2711.52,0.48828125,2612,544,CEAc,CEA,79,left,0
2613,2614,2,6851.42,5623.38,2712.08,0.26953125,2613,544,CEAc,CEA,79,left,0
2614,2615,2,6849.34,5623.14,2712.36,0.015625,2614,544,CEAc,CEA,79,left,0
2615,2616,2,6847.6,5622.54,2714.08,0.89453125,2615,544,CEAc,CEA,79,left,0
2616,2617,2,6847.54,5620.48,2716.22,0.4609375,2616,544,CEAc,CEA,79,left,0
2617,2618,2,6846.44,5618.72,2717.64,0.59765625,2617,544,CEAc,CEA,79,left,0
2618,2619,2,6843.46,5618.08,2717.5,0.32421875,2618,544,CEAc,CEA,79,left,0
2619,2620,2,6841.92,5617.54,2717.46,0.48828125,2619,544,CEAc,CEA,79,left,0
2620,2621,2,6841.38,5614.16,2718.24,0.0078125,2620,544,CEAc,CEA,79,left,0
2621,2622,2,6840.12,5612.68,2719.06,0.32421875,2621,544,CEAc,CEA,79,left,0
2622,2623,2,6837.96,5612.64,2719.16,0.37890625,2622,544,CEAc,CEA,79,left,0
2623,2624,2,6835.68,5612.76,2719.32,0.296875,2623,544,CEAc,CEA,79,left,0
2624,2625,2,6833.24,5613.84,2719.0,0.3515625,2624,544,CEAc,CEA,79,left,0
2625,2626,2,6832.22,5615.7,2718.98,0.43359375,2625,544,CEAc,CEA,79,left,0
2626,2627,2,6830.62,5617.2,2719.28,0.3515625,2626,544,CEAc,CEA,79,left,0
2627,2628,2,6828.96,5617.84,2720.16,0.19140625,2627,544,CEAc,CEA,79,left,0
2628,2629,2,6827.62,5618.24,2721.18,0.32421875,2628,544,CEAc,CEA,79,left,0
2629,2630,2,6826.6,5618.64,2722.58,0.00390625,2629,544,CEAc,CEA,79,left,0
2630,2631,2,6825.38,5618.94,2724.2,0.48828125,2630,544,CEAc,CEA,79,left,0
2631,2632,2,6824.32,5619.8,2725.14,0.32421875,2631,544,CEAc,CEA,79,left,0
2632,2633,2,6823.26,5620.4,2725.98,0.515625,2632,544,CEAc,CEA,79,left,0
2633,2634,2,6821.18,5620.44,2725.96,0.40625,2633,544,CEAc,CEA,79,left,0
2634,2635,2,6819.12,5619.64,2725.94,0.3515625,2634,544,CEAc,CEA,79,left,0
2635,2636,2,6817.52,5618.1,2726.22,0.43359375,2635,544,CEAc,CEA,79,left,0
2636,2637,2,6817.42,5616.24,2728.3,0.37890625,2636,544,CEAc,CEA,79,left,0
2637,2638,2,6816.02,5614.96,2729.82,0.32421875,2637,544,CEAc,CEA,79,left,0
2638,2639,2,6814.7,5613.0,2731.18,0.3515625,2638,544,CEAc,CEA,79,left,0
2639,2640,2,6813.28,5611.92,2732.36,0.32421875,2639,544,CEAc,CEA,79,left,0
2640,2641,2,6812.72,5608.84,2734.86,0.4609375,2640,544,CEAc,CEA,79,left,0
2641,2642,2,6811.42,5608.3,2735.16,0.54296875,2641,544,CEAc,CEA,79,left,0
2642,2643,2,6811.02,5606.56,2736.96,0.00390625,2642,544,CEAc,CEA,79,left,0
2643,2644,2,6810.44,5603.28,2738.5,0.19140625,2643,544,CEAc,CEA,79,left,0
2644,2645,2,6809.96,5600.16,2739.92,0.2421875,2644,544,CEAc,CEA,79,left,0
2645,2646,2,6808.24,5598.94,2740.52,0.1640625,2645,544,CEAc,CEA,79,left,0
2646,2647,2,6806.78,5596.9,2741.18,0.32421875,2646,544,CEAc,CEA,79,left,0
2647,2648,2,6804.88,5595.12,2741.74,0.26953125,2647,544,CEAc,CEA,79,left,0
2648,2649,2,6803.42,5593.28,2743.02,0.37890625,2648,544,CEAc,CEA,79,left,0
2649,2650,2,6802.26,5592.42,2744.0,0.32421875,2649,544,CEAc,CEA,79,left,0
2650,2651,2,6801.4,5590.44,2745.32,0.32421875,2650,544,CEAc,CEA,79,left,0
2651,2652,2,6800.7,5589.32,2746.78,0.19140625,2651,544,CEAc,CEA,79,left,0
2652,2653,2,6799.52,5588.2,2748.6,0.4609375,2652,544,CEAc,CEA,79,left,0
2653,2654,2,6798.38,5587.96,2750.3,0.32421875,2653,544,CEAc,CEA,79,left,0
2654,2655,2,6796.7,5587.96,2752.44,0.32421875,2654,544,CEAc,CEA,79,left,0
2655,2656,2,6795.12,5588.0,2753.76,0.19140625,2655,544,CEAc,CEA,79,left,0
2656,2657,2,6434.78,5966.58,2950.26,0.00390625,1865,544,CEAc,CEA,80,left,0
2657,2658,2,6431.72,5966.7,2950.56,0.2421875,2657,544,CEAc,CEA,80,left,0
2658,2659,2,6430.18,5968.12,2950.42,0.19140625,2658,544,CEAc,CEA,80,left,0
2659,2660,2,6428.04,5969.22,2950.38,0.32421875,2659,544,CEAc,CEA,80,left,0
2660,2661,2,6426.3,5969.72,2950.98,0.48828125,2660,544,CEAc,CEA,80,left,0
2661,2662,2,6424.3,5970.32,2951.36,0.3515625,2661,544,CEAc,CEA,80,left,0
2662,2663,2,6424.32,5971.08,2951.78,0.26953125,2662,544,CEAc,CEA,80,left,0
2663,2664,2,6423.4,5971.64,2952.24,0.015625,2663,544,CEAc,CEA,80,left,0
2664,2665,2,6422.66,5971.96,2955.04,0.32421875,2664,544,CEAc,CEA,80,left,0
2665,2666,2,6422.82,5971.3,2957.38,0.40625,2665,544,CEAc,CEA,80,left,0
2666,2667,2,6422.32,5970.3,2959.78,0.296875,2666,544,CEAc,CEA,80,left,0
2667,2668,2,6421.2,5970.44,2961.16,0.4609375,2667,544,CEAc,CEA,80,left,0
2668,2669,2,6420.7,5971.84,2962.14,0.32421875,2668,544,CEAc,CEA,80,left,0
2669,2670,2,6421.12,5973.66,2963.18,0.0078125,2669,544,CEAc,CEA,80,left,0
2670,2671,2,6421.48,5976.06,2963.8,0.19140625,2670,544,CEAc,CEA,80,left,0
2671,2672,2,6420.14,5978.36,2963.6,0.8671875,2671,544,CEAc,CEA,80,left,0
2672,2673,2,6419.0,5980.0,2964.18,0.37890625,2672,544,CEAc,CEA,80,left,0
2673,2674,2,6418.22,5981.64,2964.92,0.48828125,2673,544,CEAc,CEA,80,left,0
2674,2675,2,6416.42,5982.06,2965.58,0.19140625,2674,544,CEAc,CEA,80,left,0
2675,2676,2,6415.02,5982.46,2966.2,0.296875,2675,544,CEAc,CEA,80,left,0
2676,2677,2,6413.56,5982.42,2966.84,0.0078125,2676,544,CEAc,CEA,80,left,0
2677,2678,2,6412.56,5981.54,2968.28,0.21484375,2677,544,CEAc,CEA,80,left,0
2678,2679,2,6412.08,5979.5,2970.44,0.21484375,2678,544,CEAc,CEA,80,left,0
2679,2680,2,6410.86,5978.24,2971.74,0.37890625,2679,544,CEAc,CEA,80,left,0
2680,2681,2,6410.42,5977.48,2973.08,0.296875,2680,544,CEAc,CEA,80,left,0
2681,2682,2,6410.74,5976.92,2976.76,0.59765625,2681,544,CEAc,CEA,80,left,0
2682,2683,2,6410.6,5975.94,2979.94,0.32421875,2682,544,CEAc,CEA,80,left,0
2683,2684,2,6410.1,5975.1,2981.9,0.3515625,2683,544,CEAc,CEA,80,left,0
2684,2685,2,6409.6,5973.76,2983.7,0.21484375,2684,544,CEAc,CEA,80,left,0
2685,2686,2,6409.02,5973.14,2984.98,0.43359375,2685,544,CEAc,CEA,80,left,0
2686,2687,2,6409.4,5973.86,2987.88,0.32421875,2686,544,CEAc,CEA,80,left,0
2687,2688,2,6409.78,5974.78,2990.4,0.32421875,2687,544,CEAc,CEA,80,left,0
2688,2689,2,6409.38,5974.7,2991.66,0.43359375,2688,544,CEAc,CEA,80,left,0
2689,2690,2,6408.1,5974.78,2992.66,0.32421875,2689,544,CEAc,CEA,80,left,0
2690,2691,2,6407.74,5974.96,2994.16,0.37890625,2690,544,CEAc,CEA,80,left,0
2691,2692,2,6406.4,5974.88,2994.78,0.32421875,2691,544,CEAc,CEA,80,left,0
2692,2693,2,6406.22,5975.2,2996.1,0.43359375,2692,544,CEAc,CEA,80,left,0
2693,2694,2,6405.84,5975.76,2998.0,0.19140625,2693,544,CEAc,CEA,80,left,0
2694,2695,2,6404.86,5976.0,2999.22,0.296875,2694,544,CEAc,CEA,80,left,0
2695,2696,2,6404.76,5976.16,3000.98,0.48828125,2695,544,CEAc,CEA,80,left,0
2696,2697,2,6404.96,5974.6,3004.78,0.62109375,2696,544,CEAc,CEA,80,left,0
2697,2698,2,6404.86,5973.82,3008.06,0.515625,2697,544,CEAc,CEA,80,left,0
2698,2699,2,6403.62,5973.66,3009.3,0.21484375,2698,544,CEAc,CEA,80,left,0
2699,2700,2,6403.26,5973.58,3011.26,0.40625,2699,544,CEAc,CEA,80,left,0
2700,2701,2,6402.12,5973.6,3012.48,0.32421875,2700,544,CEAc,CEA,80,left,0
2701,2702,2,6401.04,5974.7,3013.78,0.2421875,2701,544,CEAc,CEA,80,left,0
2702,2703,2,6400.04,5975.62,3014.68,0.4609375,2702,544,CEAc,CEA,80,left,0
2703,2704,2,6399.8,5977.32,3015.24,0.40625,2703,544,CEAc,CEA,80,left,0
2704,2705,2,6398.8,5978.36,3015.62,0.3515625,2704,544,CEAc,CEA,80,left,0
2705,2706,2,6396.6,5979.18,3015.44,0.00390625,2705,544,CEAc,CEA,80,left,0
2706,2707,2,6396.38,5981.28,3015.76,0.48828125,2706,544,CEAc,CEA,80,left,0
2707,2708,2,6395.6,5982.54,3016.48,0.32421875,2707,544,CEAc,CEA,80,left,0
2708,2709,2,6393.66,5981.06,3017.82,0.00390625,2708,544,CEAc,CEA,80,left,0
2709,2710,2,6391.78,5980.7,3018.7,0.5703125,2709,544,CEAc,CEA,80,left,0
2710,2711,2,6390.54,5981.68,3018.46,0.4609375,2710,544,CEAc,CEA,80,left,0
2711,2712,2,6390.72,5984.24,3017.84,0.26953125,2711,544,CEAc,CEA,80,left,0
2712,2713,2,6391.82,5986.04,3017.26,0.32421875,2712,544,CEAc,CEA,80,left,0
2713,2714,2,6392.84,5986.14,3016.92,0.59765625,2713,544,CEAc,CEA,80,left,0
2714,2715,2,6391.64,5986.02,3017.3,0.04296875,2714,544,CEAc,CEA,80,left,0
2715,2716,2,6389.76,5985.86,3017.38,0.32421875,2715,544,CEAc,CEA,80,left,0
2716,2717,2,6389.02,5987.36,3018.04,0.2421875,2716,544,CEAc,CEA,80,left,0
2717,2718,2,6389.16,5989.3,3019.02,0.19140625,2717,544,CEAc,CEA,80,left,0
2718,2719,2,6387.28,5990.12,3019.5,0.67578125,2718,544,CEAc,CEA,80,left,0
2719,2720,2,6385.8,5991.38,3019.88,0.4609375,2719,544,CEAc,CEA,80,left,0
2720,2721,2,6384.74,5992.34,3020.9,0.43359375,2720,544,CEAc,CEA,80,left,0
2721,2722,2,6382.98,5992.02,3022.2,0.26953125,2721,544,CEAc,CEA,80,left,0
2722,2723,2,6381.48,5991.3,3023.4,0.40625,2722,544,CEAc,CEA,80,left,0
2723,2724,2,6379.92,5990.06,3025.4,0.26953125,2723,544,CEAc,CEA,80,left,0
2724,2725,2,6379.54,5988.7,3026.4,0.26953125,2724,544,CEAc,CEA,80,left,0
2725,2726,2,6378.66,5988.1,3025.18,0.37890625,2725,544,CEAc,CEA,80,left,0
2726,2727,2,6378.44,5987.6,3026.28,0.04296875,2726,544,CEAc,CEA,80,left,0
2727,2728,2,6378.5,5987.5,3028.76,0.43359375,2727,544,CEAc,CEA,80,left,0
2728,2729,2,6377.82,5986.88,3029.92,0.67578125,2728,544,CEAc,CEA,80,left,0
2729,2730,2,6377.48,5985.3,3031.88,0.515625,2729,544,CEAc,CEA,80,left,0
2730,2731,2,6376.18,5984.02,3033.48,0.73046875,2730,544,CEAc,CEA,80,left,0
2731,2732,2,6375.54,5982.6,3034.84,0.48828125,2731,544,CEAc,CEA,80,left,0
2732,2733,2,6373.96,5981.7,3034.98,0.21484375,2732,544,CEAc,CEA,80,left,0
2733,2734,2,6372.42,5981.54,3034.4,0.26953125,2733,544,CEAc,CEA,80,left,0
2734,2735,2,6371.7,5980.98,3035.98,0.00390625,2734,544,CEAc,CEA,80,left,0
2735,2736,2,6369.34,5980.58,3036.4,0.2421875,2735,544,CEAc,CEA,80,left,0
2736,2737,2,6367.44,5979.9,3036.94,0.4609375,2736,544,CEAc,CEA,80,left,0
2737,2738,2,6365.64,5979.32,3037.76,0.32421875,2737,544,CEAc,CEA,80,left,0
2738,2739,2,6363.62,5978.74,3038.18,0.296875,2738,544,CEAc,CEA,80,left,0
2739,2740,2,6362.24,5978.22,3038.76,0.2421875,2739,544,CEAc,CEA,80,left,0
2740,2741,2,6360.72,5977.9,3039.62,0.32421875,2740,544,CEAc,CEA,80,left,0
2741,2742,2,6359.5,5979.22,3041.06,0.67578125,2741,544,CEAc,CEA,80,left,0
2742,2743,2,6359.3,5979.04,3043.1,0.0234375,2742,544,CEAc,CEA,80,left,0
2743,2744,2,6359.54,5977.78,3045.42,0.5703125,2743,544,CEAc,CEA,80,left,0
2744,2745,2,6360.6,5976.76,3046.24,0.1640625,2744,544,CEAc,CEA,80,left,0
2745,2746,2,6361.52,5974.68,3047.58,0.5703125,2745,544,CEAc,CEA,80,left,0
2746,2747,2,6363.18,5973.58,3048.46,0.4609375,2746,544,CEAc,CEA,80,left,0
2747,2748,2,6364.38,5972.78,3049.34,0.48828125,2747,544,CEAc,CEA,80,left,0
2748,2749,2,6364.48,5971.68,3051.38,0.515625,2748,544,CEAc,CEA,80,left,0
2749,2750,2,6364.1,5971.16,3053.26,0.296875,2749,544,CEAc,CEA,80,left,0
2750,2751,2,6363.74,5971.7,3055.1,0.48828125,2750,559,CEAm,CEA,80,left,0
2751,2752,2,6363.08,5972.04,3056.92,0.4609375,2751,559,CEAm,CEA,80,left,0
2752,2753,2,6363.16,5971.8,3059.08,0.32421875,2752,559,CEAm,CEA,80,left,0
2753,2754,2,6362.4,5971.3,3060.94,0.296875,2753,559,CEAm,CEA,80,left,0
2754,2755,2,6362.4,5970.5,3063.48,0.43359375,2754,559,CEAm,CEA,80,left,0
2755,2756,2,6361.82,5969.28,3065.06,0.4609375,2755,559,CEAm,CEA,80,left,0
2756,2757,2,6361.6,5968.36,3067.42,0.4609375,2756,559,CEAm,CEA,80,left,0
2757,2758,2,6361.44,5967.56,3069.46,0.2421875,2757,559,CEAm,CEA,80,left,0
2758,2759,2,6361.0,5967.84,3071.06,0.2421875,2758,559,CEAm,CEA,80,left,0
2759,2760,2,6360.84,5968.4,3073.22,0.37890625,2759,559,CEAm,CEA,80,left,0
2760,2761,2,6359.76,5968.3,3073.7,0.32421875,2760,559,CEAm,CEA,80,left,0
2761,2762,2,6359.38,5968.54,3075.74,0.19140625,2761,559,CEAm,CEA,80,left,0
2762,2763,2,6359.5,5968.38,3078.0,0.37890625,2762,559,CEAm,CEA,80,left,0
2763,2764,2,6358.4,5967.78,3079.3,0.4609375,2763,559,CEAm,CEA,80,left,0
2764,2765,2,6357.68,5967.72,3081.44,0.43359375,2764,559,CEAm,CEA,80,left,0
2765,2766,2,6356.66,5967.64,3082.06,0.32421875,2765,559,CEAm,CEA,80,left,0
2766,2767,2,6355.98,5967.6,3084.0,0.6484375,2766,559,CEAm,CEA,80,left,0
2767,2768,2,6355.82,5967.74,3085.38,0.48828125,2767,559,CEAm,CEA,80,left,0
2768,2769,2,6355.02,5968.5,3086.4,0.32421875,2768,559,CEAm,CEA,80,left,0
2769,2770,2,6354.1,5968.52,3088.26,0.296875,2769,559,CEAm,CEA,80,left,0
2770,2771,2,6353.12,5967.48,3090.0,0.32421875,2770,559,CEAm,CEA,80,left,0
2771,2772,2,6351.86,5966.86,3092.62,0.40625,2771,559,CEAm,CEA,80,left,0
2772,2773,2,6350.78,5966.38,3093.94,0.3515625,2772,559,CEAm,CEA,80,left,0
2773,2774,2,6350.48,5966.22,3095.48,0.00390625,2773,559,CEAm,CEA,80,left,0
2774,2775,2,6348.6,5965.72,3095.8,0.40625,2774,559,CEAm,CEA,80,left,0
2775,2776,2,6346.82,5965.66,3096.56,0.32421875,2775,559,CEAm,CEA,80,left,0
2776,2777,2,6346.96,5966.36,3098.46,0.4609375,2776,559,CEAm,CEA,80,left,0
2777,2778,2,6347.26,5967.0,3100.6,0.296875,2777,559,CEAm,CEA,80,left,0
2778,2779,2,6347.5,5967.94,3101.88,0.19140625,2778,559,CEAm,CEA,80,left,0
2779,2780,2,6347.86,5969.0,3104.14,0.2421875,2779,559,CEAm,CEA,80,left,0
2780,2781,2,6348.04,5969.54,3105.46,0.19140625,2780,559,CEAm,CEA,80,left,0
2781,2782,2,6348.48,5969.88,3109.28,0.43359375,2781,559,CEAm,CEA,80,left,0
2782,2783,2,6348.06,5969.88,3110.68,0.3515625,2782,559,CEAm,CEA,80,left,0
2783,2784,2,6346.76,5969.64,3111.9,0.19140625,2783,559,CEAm,CEA,80,left,0
2784,2785,2,6345.08,5969.2,3114.0,0.43359375,2784,559,CEAm,CEA,80,left,0
2785,2786,2,6344.04,5968.76,3115.5,0.26953125,2785,559,CEAm,CEA,80,left,0
2786,2787,2,6342.92,5967.52,3117.38,0.1640625,2786,559,CEAm,CEA,80,left,0
2787,2788,2,6341.8,5966.4,3118.54,0.19140625,2787,559,CEAm,CEA,80,left,0
2788,2789,2,6341.16,5966.56,3119.54,0.26953125,2788,559,CEAm,CEA,80,left,0
2789,2790,2,6341.2,5967.22,3121.86,0.296875,2789,559,CEAm,CEA,80,left,0
2790,2791,2,6341.16,5966.9,3123.9,0.40625,2790,559,CEAm,CEA,80,left,0
2791,2792,2,6340.16,5966.48,3125.18,0.37890625,2791,559,CEAm,CEA,80,left,0
2792,2793,2,6339.88,5966.66,3129.76,0.26953125,2792,559,CEAm,CEA,80,left,0
2793,2794,2,6340.06,5966.84,3131.34,0.48828125,2793,559,CEAm,CEA,80,left,0
2794,2795,2,6340.82,5967.08,3138.42,0.43359375,2794,559,CEAm,CEA,80,left,0
2795,2796,2,6340.94,5967.16,3139.54,0.43359375,2795,559,CEAm,CEA,80,left,0
2796,2797,2,6341.32,5968.1,3142.3,0.40625,2796,559,CEAm,CEA,80,left,0
2797,2798,2,6341.2,5968.42,3144.44,0.40625,2797,559,CEAm,CEA,80,left,0
2798,2799,2,6340.8,5968.7,3145.72,0.4609375,2798,559,CEAm,CEA,80,left,0
2799,2800,2,6340.84,5969.04,3148.38,0.32421875,2799,559,CEAm,CEA,80,left,0
2800,2801,2,6340.26,5968.88,3149.32,0.4609375,2800,559,CEAm,CEA,80,left,0
2801,2802,2,6340.36,5968.74,3152.44,0.43359375,2801,559,CEAm,CEA,80,left,0
2802,2803,2,6340.48,5968.82,3153.5,0.32421875,2802,559,CEAm,CEA,80,left,0
2803,2804,2,6341.28,5969.4,3156.94,0.1640625,2803,559,CEAm,CEA,80,left,0
2804,2805,2,6342.8,5970.06,3158.36,0.1640625,2804,559,CEAm,CEA,80,left,0
2805,2806,2,6343.4,5970.16,3160.54,0.32421875,2805,559,CEAm,CEA,80,left,0
2806,2807,2,6343.56,5970.98,3161.34,0.703125,2806,559,CEAm,CEA,80,left,0
2807,2808,2,6344.14,5971.82,3166.2,0.43359375,2807,559,CEAm,CEA,80,left,0
2808,2809,2,6344.26,5971.9,3167.32,0.43359375,2808,559,CEAm,CEA,80,left,0
2809,2810,2,6436.72,5970.78,2948.68,0.00390625,1865,544,CEAc,CEA,81,left,0
2810,2811,2,6438.0,5973.12,2946.86,0.19140625,2810,544,CEAc,CEA,81,left,0
2811,2812,2,6439.36,5974.7,2945.2,0.515625,2811,544,CEAc,CEA,81,left,0
2812,2813,2,6440.4,5975.86,2943.98,0.8671875,2812,544,CEAc,CEA,81,left,0
2813,2814,2,6442.4,5976.18,2943.3,0.62109375,2813,544,CEAc,CEA,81,left,0
2814,2815,2,6443.9,5975.58,2944.62,0.0078125,2814,544,CEAc,CEA,81,left,0
2815,2816,2,6446.66,5974.6,2946.08,0.73046875,2815,544,CEAc,CEA,81,left,0
2816,2817,2,6448.3,5974.3,2946.38,0.48828125,2816,544,CEAc,CEA,81,left,1
2817,2818,2,6888.96,5614.72,2716.64,0.00390625,2139,544,CEAc,CEA,82,left,0
2818,2819,2,6887.74,5616.26,2717.0,0.19140625,2818,544,CEAc,CEA,82,left,0
2819,2820,2,6887.44,5619.06,2717.68,0.43359375,2819,544,CEAc,CEA,82,left,0
2820,2821,2,6887.02,5621.0,2717.96,0.48828125,2820,544,CEAc,CEA,82,left,0
2821,2822,2,6886.4,5623.1,2717.8,0.26953125,2821,544,CEAc,CEA,82,left,0
2822,2823,2,6885.34,5624.06,2718.06,0.43359375,2822,544,CEAc,CEA,82,left,0
2823,2824,2,6885.08,5626.6,2718.32,0.26953125,2823,544,CEAc,CEA,82,left,0
2824,2825,2,6884.48,5628.84,2718.16,0.48828125,2824,544,CEAc,CEA,82,left,0
2825,2826,2,6884.52,5629.32,2718.92,0.4609375,2825,544,CEAc,CEA,82,left,1
2826,2827,2,6887.16,5612.82,2716.04,0.03515625,2139,544,CEAc,CEA,83,left,0
2827,2828,2,6885.86,5613.52,2716.8,0.2421875,2827,544,CEAc,CEA,83,left,0
2828,2829,2,6886.18,5616.0,2716.54,0.00390625,2828,544,CEAc,CEA,83,left,0
2829,2830,2,6885.6,5616.48,2717.2,0.296875,2829,544,CEAc,CEA,83,left,0
2830,2831,2,6885.96,5616.76,2719.24,0.296875,2830,544,CEAc,CEA,83,left,0
2831,2832,2,6886.78,5617.92,2720.32,0.32421875,2831,544,CEAc,CEA,83,left,0
2832,2833,2,6887.06,5620.12,2721.62,0.00390625,2832,544,CEAc,CEA,83,left,0
2833,2834,2,6886.42,5622.02,2721.9,0.26953125,2833,544,CEAc,CEA,83,left,0
2834,2835,2,6886.06,5624.48,2723.04,0.26953125,2834,544,CEAc,CEA,83,left,0
2835,2836,2,6884.92,5625.86,2723.72,0.40625,2835,544,CEAc,CEA,83,left,0
2836,2837,2,6884.86,5628.4,2724.84,0.296875,2836,544,CEAc,CEA,83,left,0
2837,2838,2,6883.88,5630.14,2725.26,0.21484375,2837,544,CEAc,CEA,83,left,0
2838,2839,2,6883.2,5633.02,2725.44,0.4609375,2838,544,CEAc,CEA,83,left,0
2839,2840,2,6882.64,5635.8,2725.78,0.48828125,2839,544,CEAc,CEA,83,left,0
2840,2841,2,6881.92,5637.82,2727.1,0.32421875,2840,544,CEAc,CEA,83,left,0
2841,2842,2,6881.36,5639.06,2728.98,0.43359375,2841,544,CEAc,CEA,83,left,0
2842,2843,2,6880.26,5639.88,2730.02,0.32421875,2842,544,CEAc,CEA,83,left,0
2843,2844,2,6880.36,5641.56,2731.3,0.3515625,2843,544,CEAc,CEA,83,left,0
2844,2845,2,6880.72,5643.62,2732.42,0.00390625,2844,544,CEAc,CEA,83,left,0
2845,2846,2,6881.04,5644.6,2734.46,0.19140625,2845,544,CEAc,CEA,83,left,0
2846,2847,2,6881.24,5646.32,2736.58,0.32421875,2846,544,CEAc,CEA,83,left,0
2847,2848,2,6880.02,5647.4,2737.3,0.1640625,2847,544,CEAc,CEA,83,left,0
2848,2849,2,6878.72,5649.66,2738.56,0.32421875,2848,544,CEAc,CEA,83,left,0
2849,2850,2,6878.22,5651.56,2739.16,0.40625,2849,544,CEAc,CEA,83,left,0
2850,2851,2,6878.12,5653.44,2740.46,0.32421875,2850,544,CEAc,CEA,83,left,0
2851,2852,2,6878.22,5654.54,2741.92,0.21484375,2851,544,CEAc,CEA,83,left,0
2852,2853,2,6877.32,5654.82,2742.12,0.32421875,2852,544,CEAc,CEA,83,left,0
2853,2854,2,6876.54,5656.48,2743.14,0.00390625,2853,544,CEAc,CEA,83,left,0
2854,2855,2,6876.84,5658.52,2745.16,0.296875,2854,544,CEAc,CEA,83,left,0
2855,2856,2,6876.18,5659.94,2746.84,0.54296875,2855,544,CEAc,CEA,83,left,0
2856,2857,2,6875.64,5660.72,2748.28,0.32421875,2856,544,CEAc,CEA,83,left,0
2857,2858,2,6875.54,5663.44,2749.42,0.37890625,2857,544,CEAc,CEA,83,left,0
2858,2859,2,6875.18,5665.98,2749.8,0.43359375,2858,544,CEAc,CEA,83,left,0
2859,2860,2,6875.12,5669.36,2750.54,0.32421875,2859,544,CEAc,CEA,83,left,0
2860,2861,2,6874.56,5670.8,2750.64,0.296875,2860,544,CEAc,CEA,83,left,0
2861,2862,2,6874.66,5673.26,2751.26,0.48828125,2861,544,CEAc,CEA,83,left,0
2862,2863,2,6874.98,5675.66,2751.56,0.515625,2862,544,CEAc,CEA,83,left,0
2863,2864,2,6875.28,5678.16,2752.7,0.40625,2863,544,CEAc,CEA,83,left,0
2864,2865,2,6874.82,5679.92,2753.08,0.43359375,2864,544,CEAc,CEA,83,left,0
2865,2866,2,6873.8,5681.68,2753.5,0.0078125,2865,544,CEAc,CEA,83,left,0
2866,2867,2,6873.9,5684.32,2753.26,0.1640625,2866,544,CEAc,CEA,83,left,0
2867,2868,2,6874.04,5686.72,2751.8,0.32421875,2867,544,CEAc,CEA,83,left,0
2868,2869,2,6873.98,5688.38,2750.48,0.19140625,2868,544,CEAc,CEA,83,left,0
2869,2870,2,6872.96,5689.76,2749.98,0.40625,2869,544,CEAc,CEA,83,left,0
2870,2871,2,6872.24,5693.36,2749.24,0.40625,2870,544,CEAc,CEA,83,left,0
2871,2872,2,6871.46,5696.24,2748.58,0.43359375,2871,544,CEAc,CEA,83,left,0
2872,2873,2,6870.52,5698.16,2747.92,0.4609375,2872,544,CEAc,CEA,83,left,0
2873,2874,2,6870.3,5700.94,2747.88,0.19140625,2873,544,CEAc,CEA,83,left,0
2874,2875,2,6869.76,5702.16,2748.78,0.43359375,2874,544,CEAc,CEA,83,left,0
2875,2876,2,6868.82,5704.6,2749.26,0.48828125,2875,544,CEAc,CEA,83,left,0
2876,2877,2,6868.36,5706.82,2749.84,0.296875,2876,544,CEAc,CEA,83,left,0
2877,2878,2,6868.54,5710.3,2749.52,0.4609375,2877,544,CEAc,CEA,83,left,0
2878,2879,2,6868.96,5713.52,2749.78,0.37890625,2878,544,CEAc,CEA,83,left,0
2879,2880,2,6869.1,5714.32,2750.32,0.2421875,2879,544,CEAc,CEA,83,left,0
2880,2881,2,6867.72,5716.34,2751.04,0.00390625,2880,579,ec,ec,83,left,0
2881,2882,2,6866.24,5718.02,2752.22,0.515625,2881,579,ec,ec,83,left,0
2882,2883,2,6865.12,5718.88,2753.48,0.37890625,2882,579,ec,ec,83,left,0
2883,2884,2,6864.3,5720.14,2755.0,0.19140625,2883,544,CEAc,CEA,83,left,0
2884,2885,2,6863.48,5720.84,2756.24,0.3515625,2884,544,CEAc,CEA,83,left,0
2885,2886,2,6861.92,5721.76,2756.96,0.3515625,2885,544,CEAc,CEA,83,left,0
2886,2887,2,6860.74,5722.34,2758.02,0.37890625,2886,544,CEAc,CEA,83,left,0
2887,2888,2,6860.0,5723.44,2759.14,0.2421875,2887,544,CEAc,CEA,83,left,0
2888,2889,2,6858.68,5725.04,2759.68,0.54296875,2888,544,CEAc,CEA,83,left,0
2889,2890,2,6857.2,5727.12,2760.04,0.1640625,2889,544,CEAc,CEA,83,left,0
2890,2891,2,6856.5,5730.04,2760.68,0.296875,2890,544,CEAc,CEA,83,left,0
2891,2892,2,6855.1,5731.96,2760.86,0.37890625,2891,544,CEAc,CEA,83,left,0
2892,2893,2,6853.02,5733.68,2760.72,0.48828125,2892,544,CEAc,CEA,83,left,0
2893,2894,2,6850.5,5735.06,2761.18,0.32421875,2893,544,CEAc,CEA,83,left,0
2894,2895,2,6849.02,5736.44,2761.72,0.37890625,2894,544,CEAc,CEA,83,left,0
2895,2896,2,6848.46,5737.26,2762.68,0.296875,2895,544,CEAc,CEA,83,left,0
2896,2897,2,6846.38,5738.36,2763.36,0.32421875,2896,544,CEAc,CEA,83,left,0
2897,2898,2,6845.24,5739.52,2764.16,0.3515625,2897,544,CEAc,CEA,83,left,0
2898,2899,2,6844.48,5741.94,2765.02,0.00390625,2898,544,CEAc,CEA,83,left,0
2899,2900,2,6843.6,5744.28,2765.42,0.21484375,2899,544,CEAc,CEA,83,left,0
2900,2901,2,6842.96,5746.62,2766.08,0.515625,2900,544,CEAc,CEA,83,left,0
2901,2902,2,6841.8,5748.24,2766.22,0.21484375,2901,544,CEAc,CEA,83,left,0
2902,2903,2,6841.84,5750.22,2766.86,0.5703125,2902,544,CEAc,CEA,83,left,0
2903,2904,2,6842.18,5751.76,2768.28,0.37890625,2903,544,CEAc,CEA,83,left,0
2904,2905,2,6842.52,5753.28,2769.98,0.48828125,2904,544,CEAc,CEA,83,left,0
2905,2906,2,6842.78,5754.14,2771.34,0.2421875,2905,544,CEAc,CEA,83,left,0
2906,2907,2,6842.86,5754.76,2773.66,0.48828125,2906,544,CEAc,CEA,83,left,0
2907,2908,2,6841.68,5755.12,2775.3,0.48828125,2907,544,CEAc,CEA,83,left,0
2908,2909,2,6840.88,5755.68,2777.0,0.43359375,2908,544,CEAc,CEA,83,left,0
2909,2910,2,6839.68,5756.14,2777.44,0.26953125,2909,544,CEAc,CEA,83,left,0
2910,2911,2,6838.24,5756.96,2778.32,0.32421875,2910,544,CEAc,CEA,83,left,0
2911,2912,2,6837.3,5758.06,2778.78,0.296875,2911,544,CEAc,CEA,83,left,0
2912,2913,2,6836.1,5759.3,2779.84,0.32421875,2912,544,CEAc,CEA,83,left,0
2913,2914,2,6835.4,5760.82,2781.02,0.1640625,2913,544,CEAc,CEA,83,left,0
2914,2915,2,6835.6,5762.34,2781.2,0.32421875,2914,544,CEAc,CEA,83,left,0
2915,2916,2,6834.34,5763.72,2782.04,0.00390625,2915,544,CEAc,CEA,83,left,0
2916,2917,2,6833.9,5766.32,2782.4,0.37890625,2916,544,CEAc,CEA,83,left,0
2917,2918,2,6834.06,5767.48,2783.48,0.3515625,2917,544,CEAc,CEA,83,left,0
2918,2919,2,6833.24,5768.92,2784.02,0.37890625,2918,544,CEAc,CEA,83,left,0
2919,2920,2,6832.3,5770.68,2784.06,0.3515625,2919,544,CEAc,CEA,83,left,0
2920,2921,2,6831.56,5772.42,2784.88,0.32421875,2920,544,CEAc,CEA,83,left,0
2921,2922,2,6830.68,5773.34,2785.64,0.21484375,2921,544,CEAc,CEA,83,left,0
2922,2923,2,6829.9,5773.12,2787.46,0.19140625,2922,544,CEAc,CEA,83,left,0
2923,2924,2,6828.68,5773.44,2787.62,0.26953125,2923,544,CEAc,CEA,83,left,0
2924,2925,2,6808.44,5721.94,2644.4,0.01953125,2413,303,BLAa,BLA,84,left,0
2925,2926,2,6808.94,5720.42,2645.78,0.19140625,2925,303,BLAa,BLA,84,left,0
2926,2927,2,6810.4,5719.2,2646.88,0.26953125,2926,303,BLAa,BLA,84,left,1
2927,2928,2,6806.24,5721.18,2642.68,0.01171875,2413,303,BLAa,BLA,85,left,0
2928,2929,2,6806.24,5720.56,2640.7,0.40625,2928,303,BLAa,BLA,85,left,0
2929,2930,2,6806.98,5721.26,2639.62,0.21484375,2929,303,BLAa,BLA,85,left,0
2930,2931,2,6807.2,5723.64,2637.68,0.48828125,2930,303,BLAa,BLA,85,left,1
2931,2932,2,6979.78,5667.08,2530.6,0.0078125,2434,303,BLAa,BLA,86,left,0
2932,2933,2,6979.5,5669.94,2530.48,0.3515625,2932,303,BLAa,BLA,86,left,0
2933,2934,2,6978.28,5671.9,2529.7,0.48828125,2933,303,BLAa,BLA,86,left,0
2934,2935,2,6978.42,5675.78,2528.78,0.2421875,2934,303,BLAa,BLA,86,left,0
2935,2936,2,6978.7,5678.26,2528.52,0.67578125,2935,303,BLAa,BLA,86,left,0
2936,2937,2,6978.74,5680.62,2527.08,0.32421875,2936,303,BLAa,BLA,86,left,0
2937,2938,2,6977.52,5681.16,2525.9,0.515625,2937,303,BLAa,BLA,86,left,0
2938,2939,2,6976.3,5681.96,2522.78,0.26953125,2938,303,BLAa,BLA,86,left,0
2939,2940,2,6976.24,5683.12,2520.66,0.67578125,2939,303,BLAa,BLA,86,left,1
2940,2941,2,6981.3,5665.3,2531.28,0.00390625,2434,303,BLAa,BLA,87,left,0
2941,2942,2,6982.48,5664.28,2530.56,0.48828125,2941,303,BLAa,BLA,87,left,0
2942,2943,2,6983.98,5663.34,2530.14,0.5703125,2942,303,BLAa,BLA,87,left,0
2943,2944,2,6985.8,5662.38,2530.04,0.40625,2943,303,BLAa,BLA,87,left,0
2944,2945,2,6987.5,5662.0,2529.82,0.296875,2944,303,BLAa,BLA,87,left,0
2945,2946,2,6989.54,5660.56,2530.16,0.515625,2945,303,BLAa,BLA,87,left,0
2946,2947,2,6991.58,5659.26,2530.0,0.1640625,2946,303,BLAa,BLA,87,left,0
2947,2948,2,6993.36,5658.98,2529.22,0.26953125,2947,303,BLAa,BLA,87,left,0
2948,2949,2,6815.9,5734.88,2759.94,0.00390625,2584,544,CEAc,CEA,88,left,0
2949,2950,2,6814.64,5735.06,2761.34,0.3515625,2949,544,CEAc,CEA,88,left,0
2950,2951,2,6814.7,5736.36,2763.52,0.26953125,2950,544,CEAc,CEA,88,left,0
2951,2952,2,6813.96,5737.08,2764.94,0.3515625,2951,544,CEAc,CEA,88,left,0
2952,2953,2,6813.0,5737.66,2765.92,0.48828125,2952,544,CEAc,CEA,88,left,0
2953,2954,2,6812.86,5737.66,2768.12,0.40625,2953,544,CEAc,CEA,88,left,0
2954,2955,2,6811.78,5737.74,2768.66,0.37890625,2954,544,CEAc,CEA,88,left,0
2955,2956,2,6811.04,5737.56,2770.92,0.40625,2955,544,CEAc,CEA,88,left,0
2956,2957,2,6810.96,5737.02,2772.78,0.2421875,2956,544,CEAc,CEA,88,left,0
2957,2958,2,6809.92,5736.9,2774.12,0.32421875,2957,544,CEAc,CEA,88,left,0
2958,2959,2,6809.28,5737.42,2776.06,0.296875,2958,544,CEAc,CEA,88,left,0
2959,2960,2,6809.5,5737.74,2777.82,0.4609375,2959,544,CEAc,CEA,88,left,0
2960,2961,2,6809.86,5737.36,2781.62,0.40625,2960,544,CEAc,CEA,88,left,0
2961,2962,2,6809.56,5736.64,2783.12,0.43359375,2961,544,CEAc,CEA,88,left,0
2962,2963,2,6808.08,5736.66,2783.32,0.37890625,2962,544,CEAc,CEA,88,left,0
2963,2964,2,6807.94,5737.22,2785.06,0.00390625,2963,544,CEAc,CEA,88,left,0
2964,2965,2,6807.96,5739.18,2787.02,0.21484375,2964,544,CEAc,CEA,88,left,0
2965,2966,2,6807.42,5740.88,2788.24,0.1640625,2965,544,CEAc,CEA,88,left,0
2966,2967,2,6806.78,5741.52,2789.82,0.32421875,2966,544,CEAc,CEA,88,left,0
2967,2968,2,6806.86,5741.76,2791.6,0.43359375,2967,544,CEAc,CEA,88,left,0
2968,2969,2,6806.8,5743.32,2792.84,0.32421875,2968,544,CEAc,CEA,88,left,0
2969,2970,2,6805.62,5744.42,2793.48,0.48828125,2969,544,CEAc,CEA,88,left,0
2970,2971,2,6804.9,5746.1,2795.66,0.32421875,2970,544,CEAc,CEA,88,left,0
2971,2972,2,6804.54,5747.66,2796.94,0.32421875,2971,544,CEAc,CEA,88,left,0
2972,2973,2,6803.58,5748.78,2798.1,0.26953125,2972,544,CEAc,CEA,88,left,0
2973,2974,2,6802.86,5748.48,2799.48,0.26953125,2973,544,CEAc,CEA,88,left,0
2974,2975,2,6801.84,5748.78,2801.04,0.32421875,2974,544,CEAc,CEA,88,left,0
2975,2976,2,6801.12,5749.58,2802.74,0.40625,2975,544,CEAc,CEA,88,left,0
2976,2977,2,6800.14,5750.34,2803.84,0.43359375,2976,544,CEAc,CEA,88,left,0
2977,2978,2,6800.32,5751.1,2805.74,0.26953125,2977,544,CEAc,CEA,88,left,0
2978,2979,2,6800.7,5752.32,2807.96,0.19140625,2978,544,CEAc,CEA,88,left,0
2979,2980,2,6800.3,5752.96,2809.66,0.32421875,2979,544,CEAc,CEA,88,left,0
2980,2981,2,6799.12,5752.72,2811.46,0.43359375,2980,544,CEAc,CEA,88,left,0
2981,2982,2,6799.04,5752.26,2814.78,0.19140625,2981,544,CEAc,CEA,88,left,0
2982,2983,2,6798.02,5752.56,2815.9,0.4609375,2982,544,CEAc,CEA,88,left,0
2983,2984,2,6795.78,5752.36,2817.5,0.00390625,2983,544,CEAc,CEA,88,left,0
2984,2985,2,6794.26,5752.32,2818.8,0.21484375,2984,544,CEAc,CEA,88,left,0
2985,2986,2,6793.4,5753.22,2819.88,0.37890625,2985,544,CEAc,CEA,88,left,0
2986,2987,2,6792.36,5754.86,2820.72,0.515625,2986,544,CEAc,CEA,88,left,0
2987,2988,2,6791.66,5756.6,2821.22,0.43359375,2987,544,CEAc,CEA,88,left,0
2988,2989,2,6791.5,5758.6,2821.68,0.5703125,2988,544,CEAc,CEA,88,left,0
2989,2990,2,6791.88,5760.76,2823.04,0.2421875,2989,544,CEAc,CEA,88,left,0
2990,2991,2,6792.04,5762.38,2824.8,0.48828125,2990,544,CEAc,CEA,88,left,0
2991,2992,2,6790.9,5762.7,2825.92,0.48828125,2991,544,CEAc,CEA,88,left,0
2992,2993,2,6790.06,5762.58,2828.4,0.296875,2992,544,CEAc,CEA,88,left,0
2993,2994,2,6789.22,5763.08,2830.04,0.19140625,2993,544,CEAc,CEA,88,left,0
2994,2995,2,6787.78,5764.16,2831.34,0.21484375,2994,544,CEAc,CEA,88,left,0
2995,2996,2,6785.1,5765.56,2833.2,0.32421875,2995,544,CEAc,CEA,88,left,0
2996,2997,2,6783.76,5766.5,2834.4,0.40625,2996,544,CEAc,CEA,88,left,0
2997,2998,2,6782.28,5767.22,2835.52,0.2421875,2997,544,CEAc,CEA,88,left,0
2998,2999,2,6780.76,5768.02,2836.8,0.26953125,2998,544,CEAc,CEA,88,left,0
2999,3000,2,6779.98,5768.3,2838.16,0.43359375,2999,544,CEAc,CEA,88,left,0
3000,3001,2,6778.72,5769.14,2839.38,0.32421875,3000,544,CEAc,CEA,88,left,0
3001,3002,2,6777.0,5769.92,2840.62,0.19140625,3001,544,CEAc,CEA,88,left,0
3002,3003,2,6776.02,5770.44,2841.44,0.21484375,3002,544,CEAc,CEA,88,left,0
3003,3004,2,6774.1,5770.62,2844.06,0.00390625,3003,544,CEAc,CEA,88,left,0
3004,3005,2,6772.84,5770.64,2845.26,0.40625,3004,544,CEAc,CEA,88,left,0
3005,3006,2,6773.04,5771.9,2846.96,0.54296875,3005,544,CEAc,CEA,88,left,0
3006,3007,2,6772.74,5773.86,2848.24,0.43359375,3006,544,CEAc,CEA,88,left,0
3007,3008,2,6771.58,5774.72,2849.18,0.26953125,3007,544,CEAc,CEA,88,left,0
3008,3009,2,6771.44,5775.62,2850.6,0.32421875,3008,544,CEAc,CEA,88,left,0
3009,3010,2,6770.32,5776.46,2851.6,0.43359375,3009,544,CEAc,CEA,88,left,0
3010,3011,2,6768.96,5776.82,2852.68,0.2421875,3010,544,CEAc,CEA,88,left,0
3011,3012,2,6767.5,5777.78,2853.46,0.32421875,3011,544,CEAc,CEA,88,left,0
3012,3013,2,6766.12,5778.58,2854.64,0.19140625,3012,544,CEAc,CEA,88,left,0
3013,3014,2,6765.26,5778.84,2856.04,0.40625,3013,544,CEAc,CEA,88,left,0
3014,3015,2,6763.94,5779.28,2856.38,0.1640625,3014,544,CEAc,CEA,88,left,0
3015,3016,2,6762.3,5780.4,2858.14,0.1640625,3015,544,CEAc,CEA,88,left,0
3016,3017,2,6816.4,5734.36,2760.32,0.00390625,2584,544,CEAc,CEA,89,left,0
3017,3018,2,6816.32,5732.12,2762.16,0.6484375,3017,544,CEAc,CEA,89,left,0
3018,3019,2,6816.1,5728.46,2764.18,0.32421875,3018,544,CEAc,CEA,89,left,0
3019,3020,2,6815.98,5725.26,2766.6,0.296875,3019,544,CEAc,CEA,89,left,0
3020,3021,2,6815.56,5722.78,2768.32,0.32421875,3020,544,CEAc,CEA,89,left,0
3021,3022,2,6813.92,5721.66,2769.26,0.37890625,3021,544,CEAc,CEA,89,left,0
3022,3023,2,6813.64,5720.34,2771.26,0.62109375,3022,544,CEAc,CEA,89,left,0
3023,3024,2,6813.76,5717.56,2775.36,0.48828125,3023,544,CEAc,CEA,89,left,0
3024,3025,2,6813.32,5716.68,2777.94,0.296875,3024,544,CEAc,CEA,89,left,0
3025,3026,2,6812.0,5716.64,2778.7,0.32421875,3025,544,CEAc,CEA,89,left,0
3026,3027,2,6812.0,5716.24,2781.56,0.01171875,3026,544,CEAc,CEA,89,left,0
3027,3028,2,6812.16,5714.8,2784.54,0.48828125,3027,544,CEAc,CEA,89,left,0
3028,3029,2,6812.3,5713.82,2786.82,0.6484375,3028,544,CEAc,CEA,89,left,0
3029,3030,2,6812.68,5715.08,2788.74,0.00390625,3029,544,CEAc,CEA,89,left,0
3030,3031,2,6813.76,5715.68,2790.36,0.2421875,3030,544,CEAc,CEA,89,left,0
3031,3032,2,6814.18,5715.14,2792.22,0.21484375,3031,544,CEAc,CEA,89,left,0
3032,3033,2,6814.4,5714.74,2794.6,0.015625,3032,544,CEAc,CEA,89,left,0
3033,3034,2,6814.64,5714.64,2796.92,0.5703125,3033,544,CEAc,CEA,89,left,0
3034,3035,2,6815.16,5714.44,2801.8,0.78515625,3034,544,CEAc,CEA,89,left,0
3035,3036,2,6815.4,5714.76,2803.6,0.8125,3035,544,CEAc,CEA,89,left,0
3036,3037,2,6815.3,5714.62,2805.62,0.296875,3036,544,CEAc,CEA,89,left,0
3037,3038,2,6814.48,5713.32,2806.22,0.48828125,3037,544,CEAc,CEA,89,left,0
3038,3039,2,6814.32,5711.02,2807.92,0.296875,3038,544,CEAc,CEA,89,left,0
3039,3040,2,6814.08,5709.3,2810.16,0.00390625,3039,544,CEAc,CEA,89,left,0
3040,3041,2,6812.76,5708.56,2811.24,0.40625,3040,544,CEAc,CEA,89,left,0
3041,3042,2,6812.12,5707.06,2812.46,0.40625,3041,544,CEAc,CEA,89,left,0
3042,3043,2,6812.18,5705.76,2814.4,0.40625,3042,544,CEAc,CEA,89,left,0
3043,3044,2,6812.36,5704.72,2816.9,0.2421875,3043,544,CEAc,CEA,89,left,0
3044,3045,2,6812.44,5703.38,2818.88,0.26953125,3044,544,CEAc,CEA,89,left,0
3045,3046,2,6812.46,5701.72,2820.64,0.21484375,3045,544,CEAc,CEA,89,left,0
3046,3047,2,6812.54,5700.32,2822.84,0.32421875,3046,544,CEAc,CEA,89,left,0
3047,3048,2,6812.68,5698.72,2825.6,0.00390625,3047,544,CEAc,CEA,89,left,0
3048,3049,2,6812.84,5697.32,2828.24,0.2421875,3048,544,CEAc,CEA,89,left,0
3049,3050,2,6812.86,5695.48,2830.2,0.515625,3049,544,CEAc,CEA,89,left,0
3050,3051,2,6813.02,5694.0,2832.94,0.26953125,3050,544,CEAc,CEA,89,left,0
3051,3052,2,6813.22,5692.68,2835.94,0.4609375,3051,551,CEAl,CEA,89,left,0
3052,3053,2,6813.56,5691.58,2839.8,0.40625,3052,551,CEAl,CEA,89,left,0
3053,3054,2,6813.72,5691.0,2841.78,0.296875,3053,551,CEAl,CEA,89,left,0
3054,3055,2,6813.8,5689.8,2843.7,0.43359375,3054,551,CEAl,CEA,89,left,0
3055,3056,2,6813.9,5687.46,2846.64,0.32421875,3055,551,CEAl,CEA,89,left,0
3056,3057,2,6813.82,5686.14,2848.68,0.43359375,3056,551,CEAl,CEA,89,left,0
3057,3058,2,6812.84,5685.88,2849.52,0.32421875,3057,551,CEAl,CEA,89,left,0
3058,3059,2,6812.18,5685.58,2853.22,0.37890625,3058,551,CEAl,CEA,89,left,0
3059,3060,2,6812.36,5685.02,2855.22,0.37890625,3059,551,CEAl,CEA,89,left,0
3060,3061,2,6812.52,5684.22,2857.4,0.2421875,3060,551,CEAl,CEA,89,left,0
3061,3062,2,6812.72,5682.84,2861.08,0.32421875,3061,551,CEAl,CEA,89,left,0
3062,3063,2,6811.38,5682.42,2862.96,0.26953125,3062,551,CEAl,CEA,89,left,0
3063,3064,2,6810.08,5683.34,2863.84,0.32421875,3063,551,CEAl,CEA,89,left,0
3064,3065,2,6808.98,5685.54,2864.4,0.43359375,3064,551,CEAl,CEA,89,left,0
3065,3066,2,6808.44,5687.72,2864.4,0.19140625,3065,551,CEAl,CEA,89,left,0
3066,3067,2,6808.32,5691.84,2863.72,0.4609375,3066,551,CEAl,CEA,89,left,0
3067,3068,2,6807.84,5694.58,2863.52,0.2421875,3067,551,CEAl,CEA,89,left,0
3068,3069,2,6807.02,5697.64,2863.7,0.43359375,3068,551,CEAl,CEA,89,left,0
3069,3070,2,6806.34,5700.18,2863.9,0.19140625,3069,551,CEAl,CEA,89,left,0
3070,3071,2,6806.08,5702.64,2863.86,0.515625,3070,551,CEAl,CEA,89,left,0
3071,3072,2,6805.9,5704.46,2864.42,0.2421875,3071,551,CEAl,CEA,89,left,0
3072,3073,2,6805.02,5706.2,2865.1,0.37890625,3072,551,CEAl,CEA,89,left,0
3073,3074,2,6804.04,5708.8,2866.66,0.40625,3073,551,CEAl,CEA,89,left,0
3074,3075,2,6803.04,5710.12,2866.94,0.32421875,3074,551,CEAl,CEA,89,left,0
3075,3076,2,6802.3,5712.94,2868.02,0.00390625,3075,551,CEAl,CEA,89,left,0
3076,3077,2,6800.92,5715.02,2869.02,0.32421875,3076,544,CEAc,CEA,89,left,0
3077,3078,2,6799.64,5715.98,2869.58,0.2421875,3077,544,CEAc,CEA,89,left,0
3078,3079,2,6798.44,5716.58,2870.48,0.32421875,3078,544,CEAc,CEA,89,left,0
3079,3080,2,6797.16,5716.96,2871.28,0.1640625,3079,544,CEAc,CEA,89,left,0
3080,3081,2,6795.24,5717.24,2872.7,0.37890625,3080,544,CEAc,CEA,89,left,0
3081,3082,2,6793.56,5716.86,2874.68,0.21484375,3081,551,CEAl,CEA,89,left,0
3082,3083,2,6792.34,5716.3,2877.04,0.67578125,3082,551,CEAl,CEA,89,left,0
3083,3084,2,6792.08,5715.72,2878.8,0.2421875,3083,551,CEAl,CEA,89,left,0
3084,3085,2,6863.96,5647.76,2719.52,0.2421875,2598,544,CEAc,CEA,90,left,0
3085,3086,2,6866.36,5647.6,2723.08,0.515625,3085,544,CEAc,CEA,90,left,0
3086,3087,2,6867.96,5648.44,2724.62,0.6484375,3086,544,CEAc,CEA,90,left,0
3087,3088,2,6870.8,5648.28,2725.54,0.32421875,3087,544,CEAc,CEA,90,left,1
3088,3089,2,6860.44,5648.2,2717.64,0.0078125,2598,544,CEAc,CEA,91,left,0
3089,3090,2,6859.88,5649.34,2719.64,0.3515625,3089,544,CEAc,CEA,91,left,0
3090,3091,2,6859.0,5650.42,2721.0,0.26953125,3090,544,CEAc,CEA,91,left,0
3091,3092,2,6858.4,5652.22,2723.86,0.1640625,3091,544,CEAc,CEA,91,left,0
3092,3093,2,6857.28,5654.3,2725.04,0.1640625,3092,544,CEAc,CEA,91,left,0
3093,3094,2,6856.3,5655.76,2725.66,0.3515625,3093,544,CEAc,CEA,91,left,0
3094,3095,2,6856.24,5657.14,2727.34,0.32421875,3094,544,CEAc,CEA,91,left,0
3095,3096,2,6855.16,5657.72,2728.22,0.32421875,3095,544,CEAc,CEA,91,left,0
3096,3097,2,6854.06,5659.04,2729.56,0.1640625,3096,544,CEAc,CEA,91,left,0
3097,3098,2,6852.86,5660.6,2730.78,0.48828125,3097,544,CEAc,CEA,91,left,0
3098,3099,2,6852.52,5661.48,2731.94,0.32421875,3098,544,CEAc,CEA,91,left,0
3099,3100,2,6851.04,5661.84,2732.54,0.2421875,3099,544,CEAc,CEA,91,left,0
3100,3101,2,6850.76,5662.64,2733.54,0.40625,3100,544,CEAc,CEA,91,left,0
3101,3102,2,6849.52,5663.32,2735.62,0.43359375,3101,544,CEAc,CEA,91,left,0
3102,3103,2,6848.58,5664.2,2737.18,0.48828125,3102,544,CEAc,CEA,91,left,0
3103,3104,2,6847.0,5665.94,2738.86,0.32421875,3103,544,CEAc,CEA,91,left,0
3104,3105,2,6845.96,5667.94,2739.26,0.21484375,3104,544,CEAc,CEA,91,left,0
3105,3106,2,6845.42,5668.76,2741.16,0.43359375,3105,544,CEAc,CEA,91,left,0
3106,3107,2,6844.3,5669.12,2742.64,0.32421875,3106,544,CEAc,CEA,91,left,0
3107,3108,2,6842.78,5670.58,2743.32,0.1640625,3107,544,CEAc,CEA,91,left,0
3108,3109,2,6841.98,5672.12,2743.72,0.48828125,3108,544,CEAc,CEA,91,left,0
3109,3110,2,6841.94,5673.18,2745.22,0.3515625,3109,544,CEAc,CEA,91,left,0
3110,3111,2,6840.72,5674.22,2746.88,0.296875,3110,544,CEAc,CEA,91,left,0
3111,3112,2,6839.92,5675.12,2748.32,0.296875,3111,544,CEAc,CEA,91,left,0
3112,3113,2,6838.72,5676.18,2749.38,0.296875,3112,544,CEAc,CEA,91,left,0
3113,3114,2,6838.1,5677.56,2750.4,0.296875,3113,544,CEAc,CEA,91,left,0
3114,3115,2,6836.84,5678.02,2751.36,0.21484375,3114,544,CEAc,CEA,91,left,0
3115,3116,2,6794.82,5588.6,2756.02,0.00390625,2656,544,CEAc,CEA,92,left,0
3116,3117,2,6794.38,5589.32,2757.78,0.19140625,3116,544,CEAc,CEA,92,left,1
3117,3118,2,6793.0,5587.58,2754.4,0.00390625,2656,544,CEAc,CEA,93,left,0
3118,3119,2,6791.58,5586.24,2756.02,0.6484375,3118,544,CEAc,CEA,93,left,0
3119,3120,2,6790.12,5585.84,2757.5,0.43359375,3119,544,CEAc,CEA,93,left,0
3120,3121,2,6788.12,5585.9,2759.24,0.40625,3120,544,CEAc,CEA,93,left,0
3121,3122,2,6786.62,5586.0,2759.94,0.32421875,3121,544,CEAc,CEA,93,left,0
3122,3123,2,6786.24,5585.66,2763.08,0.2421875,3122,544,CEAc,CEA,93,left,0
3123,3124,2,6785.82,5584.86,2764.8,0.32421875,3123,544,CEAc,CEA,93,left,0
3124,3125,2,6784.06,5584.28,2766.82,0.40625,3124,551,CEAl,CEA,93,left,0
3125,3126,2,6782.68,5584.44,2768.32,0.43359375,3125,551,CEAl,CEA,93,left,0
3126,3127,2,6781.28,5583.94,2769.32,0.59765625,3126,551,CEAl,CEA,93,left,0
3127,3128,2,6780.64,5583.3,2771.02,0.1640625,3127,551,CEAl,CEA,93,left,0
3128,3129,2,6779.44,5583.32,2773.32,0.296875,3128,551,CEAl,CEA,93,left,0
3129,3130,2,6778.46,5583.44,2775.1,0.19140625,3129,551,CEAl,CEA,93,left,0
3130,3131,2,6776.2,5583.24,2776.84,0.32421875,3130,551,CEAl,CEA,93,left,0
3131,3132,2,6774.5,5583.1,2777.5,0.2421875,3131,551,CEAl,CEA,93,left,0
3132,3133,2,6773.7,5581.76,2779.12,0.40625,3132,551,CEAl,CEA,93,left,0
3133,3134,2,6772.3,5580.98,2780.04,0.296875,3133,551,CEAl,CEA,93,left,0
3134,3135,2,6771.74,5580.5,2781.88,0.1640625,3134,551,CEAl,CEA,93,left,0
3135,3136,2,6769.48,5580.56,2783.94,0.2421875,3135,551,CEAl,CEA,93,left,0
3136,3137,2,6768.22,5580.88,2785.28,0.2421875,3136,551,CEAl,CEA,93,left,0
3137,3138,2,6766.8,5581.1,2785.72,0.48828125,3137,551,CEAl,CEA,93,left,0
3138,3139,2,6764.78,5581.62,2787.86,0.00390625,3138,551,CEAl,CEA,93,left,0
3139,3140,2,6763.7,5582.68,2788.9,0.4609375,3139,551,CEAl,CEA,93,left,0
3140,3141,2,6762.0,5583.62,2789.8,0.32421875,3140,551,CEAl,CEA,93,left,0
3141,3142,2,6760.28,5584.84,2790.82,0.43359375,3141,551,CEAl,CEA,93,left,0
3142,3143,2,6758.5,5585.98,2791.32,0.40625,3142,551,CEAl,CEA,93,left,0
3143,3144,2,6757.6,5586.62,2791.84,0.015625,3143,551,CEAl,CEA,93,left,0
3144,3145,2,6755.48,5586.9,2792.64,0.37890625,3144,551,CEAl,CEA,93,left,0
3145,3146,2,6754.08,5587.7,2793.82,0.3515625,3145,551,CEAl,CEA,93,left,0
3146,3147,2,6753.24,5588.66,2795.46,0.32421875,3146,551,CEAl,CEA,93,left,0
3147,3148,2,6752.1,5589.66,2796.68,0.40625,3147,551,CEAl,CEA,93,left,0
3148,3149,2,6751.56,5591.4,2797.62,0.3515625,3148,551,CEAl,CEA,93,left,0
3149,3150,2,6749.16,5593.0,2799.06,0.4609375,3149,551,CEAl,CEA,93,left,0
3150,3151,2,6747.18,5593.92,2800.54,0.40625,3150,551,CEAl,CEA,93,left,0
3151,3152,2,6745.92,5594.56,2801.64,0.296875,3151,551,CEAl,CEA,93,left,0
3152,3153,2,6744.32,5594.72,2802.34,0.32421875,3152,551,CEAl,CEA,93,left,0
3153,3154,2,6744.12,5595.02,2803.66,0.19140625,3153,551,CEAl,CEA,93,left,0
3154,3155,2,6743.3,5596.3,2805.08,0.32421875,3154,551,CEAl,CEA,93,left,0
3155,3156,2,6742.1,5597.2,2805.5,0.19140625,3155,551,CEAl,CEA,93,left,0
3156,3157,2,6740.5,5597.9,2805.8,0.19140625,3156,551,CEAl,CEA,93,left,0
3157,3158,2,6740.1,5598.9,2806.7,0.3515625,3157,551,CEAl,CEA,93,left,0
3158,3159,2,6738.8,5599.72,2807.86,0.4609375,3158,551,CEAl,CEA,93,left,0
3159,3160,2,6737.96,5600.72,2809.14,0.32421875,3159,551,CEAl,CEA,93,left,0
3160,3161,2,6736.04,5601.8,2810.02,0.21484375,3160,551,CEAl,CEA,93,left,0
3161,3162,2,6734.52,5602.36,2810.6,0.37890625,3161,551,CEAl,CEA,93,left,0
3162,3163,2,6734.18,5602.4,2812.66,0.00390625,3162,551,CEAl,CEA,93,left,0
3163,3164,2,6732.7,5603.12,2813.44,0.54296875,3163,551,CEAl,CEA,93,left,0
3164,3165,2,6732.24,5604.14,2814.56,0.1640625,3164,551,CEAl,CEA,93,left,0
3165,3166,2,6730.9,5604.58,2815.56,0.40625,3165,551,CEAl,CEA,93,left,0
3166,3167,2,6730.74,5605.78,2816.92,0.32421875,3166,551,CEAl,CEA,93,left,0
3167,3168,2,6729.88,5607.04,2818.86,0.32421875,3167,551,CEAl,CEA,93,left,0
3168,3169,2,6729.4,5608.24,2820.32,0.3515625,3168,551,CEAl,CEA,93,left,0
3169,3170,2,6728.82,5609.94,2821.36,0.26953125,3169,551,CEAl,CEA,93,left,0
3170,3171,2,6727.52,5610.9,2821.98,0.43359375,3170,551,CEAl,CEA,93,left,0
3171,3172,2,6726.04,5611.38,2823.2,0.2421875,3171,551,CEAl,CEA,93,left,0
3172,3173,2,6725.38,5611.96,2824.92,0.48828125,3172,551,CEAl,CEA,93,left,0
3173,3174,2,6724.4,5612.94,2826.26,0.32421875,3173,551,CEAl,CEA,93,left,0
3174,3175,2,6723.46,5613.56,2827.26,0.32421875,3174,551,CEAl,CEA,93,left,0
3175,3176,2,6722.14,5614.38,2828.44,0.2421875,3175,551,CEAl,CEA,93,left,0
3176,3177,2,6721.38,5615.9,2829.96,0.37890625,3176,551,CEAl,CEA,93,left,0
3177,3178,2,6720.18,5617.22,2830.96,0.19140625,3177,551,CEAl,CEA,93,left,0
3178,3179,2,6718.62,5619.54,2831.2,0.2421875,3178,551,CEAl,CEA,93,left,0
3179,3180,2,6717.16,5621.46,2831.32,0.4609375,3179,551,CEAl,CEA,93,left,0
3180,3181,2,6716.2,5622.16,2832.08,0.59765625,3180,551,CEAl,CEA,93,left,0
3181,3182,2,6716.5,5624.06,2832.94,0.40625,3181,551,CEAl,CEA,93,left,0
3182,3183,2,6716.84,5625.78,2834.2,0.32421875,3182,551,CEAl,CEA,93,left,0
3183,3184,2,6715.18,5627.7,2834.86,0.296875,3183,551,CEAl,CEA,93,left,0
3184,3185,2,6715.28,5630.26,2836.16,0.26953125,3184,551,CEAl,CEA,93,left,0
3185,3186,2,6715.7,5632.44,2837.68,0.703125,3185,551,CEAl,CEA,93,left,0
3186,3187,2,6716.02,5633.32,2839.6,0.54296875,3186,551,CEAl,CEA,93,left,0
3187,3188,2,6715.04,5633.62,2841.04,0.2421875,3187,551,CEAl,CEA,93,left,0
3188,3189,2,6712.58,5634.42,2841.04,0.19140625,3188,551,CEAl,CEA,93,left,0
3189,3190,2,6711.66,5635.1,2841.94,0.2421875,3189,551,CEAl,CEA,93,left,0
3190,3191,2,6710.14,5635.58,2843.36,0.19140625,3190,551,CEAl,CEA,93,left,0
3191,3192,2,6708.08,5636.2,2844.28,0.37890625,3191,551,CEAl,CEA,93,left,0
3192,3193,2,6706.46,5637.58,2845.08,0.26953125,3192,551,CEAl,CEA,93,left,0
3193,3194,2,6705.96,5638.6,2845.98,0.5703125,3193,551,CEAl,CEA,93,left,0
3194,3195,2,6704.46,5640.0,2847.66,0.00390625,3194,551,CEAl,CEA,93,left,0
3195,3196,2,6344.64,5971.4,3171.58,0.4609375,2809,559,CEAm,CEA,94,left,0
3196,3197,2,6344.8,5970.76,3173.82,0.4609375,3196,559,CEAm,CEA,94,left,0
3197,3198,2,6345.2,5971.56,3177.0,0.2421875,3197,559,CEAm,CEA,94,left,0
3198,3199,2,6345.36,5972.24,3178.98,0.3515625,3198,559,CEAm,CEA,94,left,0
3199,3200,2,6344.46,5972.46,3180.2,0.48828125,3199,559,CEAm,CEA,94,left,0
3200,3201,2,6343.72,5972.4,3182.02,0.4609375,3200,559,CEAm,CEA,94,left,0
3201,3202,2,6343.78,5971.4,3183.76,0.4609375,3201,559,CEAm,CEA,94,left,0
3202,3203,2,6343.82,5971.16,3185.82,0.296875,3202,559,CEAm,CEA,94,left,0
3203,3204,2,6343.28,5971.52,3186.54,0.54296875,3203,559,CEAm,CEA,94,left,0
3204,3205,2,6343.22,5972.06,3188.7,0.19140625,3204,559,CEAm,CEA,94,left,0
3205,3206,2,6342.66,5971.6,3190.0,0.26953125,3205,559,CEAm,CEA,94,left,0
3206,3207,2,6342.6,5971.44,3192.2,0.015625,3206,559,CEAm,CEA,94,left,0
3207,3208,2,6342.68,5971.12,3195.2,0.296875,3207,559,CEAm,CEA,94,left,0
3208,3209,2,6341.76,5970.7,3195.96,0.296875,3208,559,CEAm,CEA,94,left,0
3209,3210,2,6341.04,5970.62,3198.38,0.3515625,3209,559,CEAm,CEA,94,left,0
3210,3211,2,6340.76,5970.44,3200.34,0.296875,3210,559,CEAm,CEA,94,left,0
3211,3212,2,6339.18,5970.7,3201.48,0.296875,3211,559,CEAm,CEA,94,left,0
3212,3213,2,6338.28,5971.14,3202.96,0.2421875,3212,559,CEAm,CEA,94,left,0
3213,3214,2,6337.36,5971.08,3204.42,0.19140625,3213,559,CEAm,CEA,94,left,0
3214,3215,2,6335.9,5970.72,3205.1,0.32421875,3214,559,CEAm,CEA,94,left,0
3215,3216,2,6335.42,5970.58,3207.04,0.48828125,3215,559,CEAm,CEA,94,left,0
3216,3217,2,6334.68,5970.4,3208.86,0.32421875,3216,559,CEAm,CEA,94,left,0
3217,3218,2,6334.0,5970.36,3209.74,0.26953125,3217,559,CEAm,CEA,94,left,0
3218,3219,2,6344.74,5971.76,3168.96,0.00390625,2809,559,CEAm,CEA,95,left,0
3219,3220,2,6346.38,5970.86,3170.32,0.40625,3219,559,CEAm,CEA,95,left,0
3220,3221,2,6347.64,5969.48,3172.58,0.21484375,3220,559,CEAm,CEA,95,left,0
3221,3222,2,6347.8,5968.22,3173.86,0.515625,3221,559,CEAm,CEA,95,left,0
3222,3223,2,6349.96,5968.14,3174.98,0.2421875,3222,559,CEAm,CEA,95,left,0
3223,3224,2,6351.74,5968.34,3175.62,0.21484375,3223,559,CEAm,CEA,95,left,0
3224,3225,2,6354.22,5968.28,3177.08,0.00390625,3224,559,CEAm,CEA,95,left,0
3225,3226,2,6355.6,5967.64,3178.28,0.19140625,3225,559,CEAm,CEA,95,left,0
3226,3227,2,6357.66,5967.54,3178.26,0.21484375,3226,559,CEAm,CEA,95,left,0
3227,3228,2,6359.48,5967.2,3177.9,0.296875,3227,559,CEAm,CEA,95,left,0
3228,3229,2,6362.22,5966.74,3177.96,0.1640625,3228,559,CEAm,CEA,95,left,0
3229,3230,2,6363.78,5966.12,3178.5,0.21484375,3229,559,CEAm,CEA,95,left,0
3230,3231,2,6366.58,5964.88,3179.26,0.40625,3230,559,CEAm,CEA,95,left,0
3231,3232,2,6368.3,5964.04,3179.42,0.21484375,3231,559,CEAm,CEA,95,left,0
3232,3233,2,6369.9,5963.4,3178.66,0.1640625,3232,559,CEAm,CEA,95,left,0
3233,3234,2,6371.72,5962.28,3178.3,0.1640625,3233,559,CEAm,CEA,95,left,0
3234,3235,2,6372.8,5961.52,3177.4,0.37890625,3234,559,CEAm,CEA,95,left,0
3235,3236,2,6826.8,5773.32,2787.7,0.015625,2924,544,CEAc,CEA,96,left,0
3236,3237,2,6824.16,5771.04,2787.34,0.4609375,3236,544,CEAc,CEA,96,left,0
3237,3238,2,6822.98,5769.68,2786.7,0.40625,3237,544,CEAc,CEA,96,left,0
3238,3239,2,6820.76,5768.76,2786.02,0.19140625,3238,544,CEAc,CEA,96,left,0
3239,3240,2,6819.78,5768.34,2786.66,0.37890625,3239,544,CEAc,CEA,96,left,1
3240,3241,2,6826.54,5775.26,2789.3,0.4609375,2924,544,CEAc,CEA,97,left,0
3241,3242,2,6824.4,5776.96,2790.36,0.48828125,3241,544,CEAc,CEA,97,left,0
3242,3243,2,6822.84,5778.22,2791.16,0.4609375,3242,544,CEAc,CEA,97,left,0
3243,3244,2,6821.62,5781.18,2791.42,0.3515625,3243,544,CEAc,CEA,97,left,0
3244,3245,2,6821.04,5783.16,2792.0,0.48828125,3244,544,CEAc,CEA,97,left,0
3245,3246,2,6993.42,5656.48,2527.72,0.73046875,2948,303,BLAa,BLA,98,left,1
3246,3247,2,6995.66,5658.74,2529.24,0.0078125,2948,303,BLAa,BLA,99,left,0
3247,3248,2,6997.66,5659.06,2528.44,0.48828125,3247,303,BLAa,BLA,99,left,0
3248,3249,2,6999.04,5659.14,2526.94,0.37890625,3248,303,BLAa,BLA,99,left,0
3249,3250,2,7001.4,5659.5,2526.1,0.296875,3249,303,BLAa,BLA,99,left,0
3250,3251,2,7003.56,5660.14,2526.28,0.3515625,3250,303,BLAa,BLA,99,left,0
3251,3252,2,7006.16,5659.74,2527.14,0.40625,3251,303,BLAa,BLA,99,left,0
3252,3253,2,7007.42,5659.12,2527.84,0.1640625,3252,303,BLAa,BLA,99,left,0
3253,3254,2,7010.26,5658.44,2528.6,0.40625,3253,303,BLAa,BLA,99,left,0
3254,3255,2,7012.24,5657.66,2529.68,0.19140625,3254,303,BLAa,BLA,99,left,0
3255,3256,2,7015.3,5656.76,2531.34,0.62109375,3255,303,BLAa,BLA,99,left,0
3256,3257,2,7017.56,5656.14,2533.18,0.40625,3256,303,BLAa,BLA,99,left,0
3257,3258,2,7019.68,5656.2,2534.36,0.515625,3257,303,BLAa,BLA,99,left,0
3258,3259,2,7021.18,5657.48,2535.12,0.37890625,3258,303,BLAa,BLA,99,left,0
3259,3260,2,7023.82,5658.06,2536.0,0.00390625,3259,303,BLAa,BLA,99,left,0
3260,3261,2,7025.96,5658.44,2536.4,0.37890625,3260,303,BLAa,BLA,99,left,0
3261,3262,2,7028.54,5656.58,2536.6,0.00390625,3261,303,BLAa,BLA,99,left,0
3262,3263,2,7030.62,5655.2,2536.82,0.48828125,3262,303,BLAa,BLA,99,left,0
3263,3264,2,7032.6,5654.4,2537.06,0.32421875,3263,303,BLAa,BLA,99,left,0
3264,3265,2,7034.68,5653.68,2537.04,0.43359375,3264,303,BLAa,BLA,99,left,0
3265,3266,2,7036.72,5652.56,2536.7,0.515625,3265,303,BLAa,BLA,99,left,0
3266,3267,2,7038.38,5651.24,2536.16,0.2421875,3266,303,BLAa,BLA,99,left,0
3267,3268,2,7040.16,5649.24,2536.38,0.37890625,3267,303,BLAa,BLA,99,left,0
3268,3269,2,7041.54,5647.88,2536.62,0.48828125,3268,303,BLAa,BLA,99,left,0
3269,3270,2,7043.74,5646.56,2536.72,0.3515625,3269,303,BLAa,BLA,99,left,0
3270,3271,2,7045.5,5644.54,2537.46,0.43359375,3270,303,BLAa,BLA,99,left,0
3271,3272,2,7046.94,5642.32,2538.48,0.296875,3271,303,BLAa,BLA,99,left,0
3272,3273,2,7048.82,5639.06,2538.98,0.48828125,3272,303,BLAa,BLA,99,left,0
3273,3274,2,7050.04,5637.5,2538.74,0.40625,3273,303,BLAa,BLA,99,left,0
3274,3275,2,7051.64,5635.44,2538.48,0.37890625,3274,303,BLAa,BLA,99,left,0
3275,3276,2,7052.14,5633.08,2538.62,0.3515625,3275,303,BLAa,BLA,99,left,0
3276,3277,2,7054.2,5630.76,2539.46,0.32421875,3276,303,BLAa,BLA,99,left,0
3277,3278,2,7056.1,5629.72,2539.92,0.32421875,3277,303,BLAa,BLA,99,left,0
3278,3279,2,7055.78,5627.54,2541.94,0.00390625,3278,303,BLAa,BLA,99,left,0
3279,3280,2,7054.16,5626.78,2542.64,0.3515625,3279,303,BLAa,BLA,99,left,0
3280,3281,2,7053.2,5626.04,2544.36,0.2421875,3280,303,BLAa,BLA,99,left,0
3281,3282,2,7051.66,5625.66,2546.38,0.48828125,3281,303,BLAa,BLA,99,left,0
3282,3283,2,7050.42,5625.76,2547.98,0.43359375,3282,303,BLAa,BLA,99,left,0
3283,3284,2,7049.24,5626.58,2548.8,0.515625,3283,303,BLAa,BLA,99,left,0
3284,3285,2,7047.4,5627.18,2549.86,0.4609375,3284,303,BLAa,BLA,99,left,0
3285,3286,2,7044.7,5627.06,2551.5,0.37890625,3285,303,BLAa,BLA,99,left,0
3286,3287,2,7042.86,5626.64,2552.5,0.6484375,3286,303,BLAa,BLA,99,left,0
3287,3288,2,7040.14,5626.22,2553.24,0.43359375,3287,303,BLAa,BLA,99,left,0
3288,3289,2,7038.06,5625.56,2553.36,0.62109375,3288,303,BLAa,BLA,99,left,0
3289,3290,2,6760.82,5781.12,2859.5,0.48828125,3016,544,CEAc,CEA,100,left,0
3290,3291,2,6759.82,5782.36,2860.26,0.3515625,3290,544,CEAc,CEA,100,left,0
3291,3292,2,6760.02,5782.96,2861.34,0.32421875,3291,544,CEAc,CEA,100,left,0
3292,3293,2,6758.52,5784.92,2862.44,0.37890625,3292,544,CEAc,CEA,100,left,0
3293,3294,2,6757.92,5786.54,2863.38,0.40625,3293,544,CEAc,CEA,100,left,0
3294,3295,2,6756.52,5787.36,2863.9,0.37890625,3294,544,CEAc,CEA,100,left,0
3295,3296,2,6754.66,5788.16,2864.3,0.48828125,3295,544,CEAc,CEA,100,left,0
3296,3297,2,6754.14,5789.3,2865.22,0.2421875,3296,544,CEAc,CEA,100,left,0
3297,3298,2,6753.04,5790.82,2866.04,0.26953125,3297,544,CEAc,CEA,100,left,0
3298,3299,2,6752.28,5792.46,2867.14,0.296875,3298,544,CEAc,CEA,100,left,0
3299,3300,2,6750.76,5794.0,2868.64,0.40625,3299,544,CEAc,CEA,100,left,0
3300,3301,2,6749.1,5795.26,2869.26,0.32421875,3300,544,CEAc,CEA,100,left,0
3301,3302,2,6746.16,5795.1,2869.64,0.0078125,3301,544,CEAc,CEA,100,left,0
3302,3303,2,6744.32,5795.02,2870.2,0.4609375,3302,544,CEAc,CEA,100,left,0
3303,3304,2,6743.98,5795.24,2871.14,0.32421875,3303,544,CEAc,CEA,100,left,0
3304,3305,2,6741.74,5795.44,2871.78,0.32421875,3304,544,CEAc,CEA,100,left,0
3305,3306,2,6740.32,5796.16,2872.68,0.4609375,3305,544,CEAc,CEA,100,left,0
3306,3307,2,6739.46,5796.86,2874.18,0.37890625,3306,544,CEAc,CEA,100,left,0
3307,3308,2,6738.18,5797.3,2875.06,0.37890625,3307,559,CEAm,CEA,100,left,0
3308,3309,2,6736.2,5798.36,2875.88,0.19140625,3308,559,CEAm,CEA,100,left,0
3309,3310,2,6734.32,5798.9,2876.54,0.43359375,3309,544,CEAc,CEA,100,left,0
3310,3311,2,6731.44,5799.36,2877.46,0.37890625,3310,544,CEAc,CEA,100,left,0
3311,3312,2,6729.9,5799.74,2877.7,0.37890625,3311,544,CEAc,CEA,100,left,0
3312,3313,2,6727.84,5800.08,2878.74,0.00390625,3312,544,CEAc,CEA,100,left,0
3313,3314,2,6726.94,5801.2,2879.7,0.2421875,3313,544,CEAc,CEA,100,left,0
3314,3315,2,6724.74,5803.54,2880.76,0.37890625,3314,544,CEAc,CEA,100,left,0
3315,3316,2,6723.58,5804.72,2881.96,0.2421875,3315,544,CEAc,CEA,100,left,0
3316,3317,2,6722.2,5805.26,2883.16,0.3515625,3316,559,CEAm,CEA,100,left,0
3317,3318,2,6721.86,5805.82,2884.6,0.3515625,3317,559,CEAm,CEA,100,left,0
3318,3319,2,6720.62,5806.24,2885.7,0.1640625,3318,559,CEAm,CEA,100,left,0
3319,3320,2,6719.9,5806.44,2886.94,0.40625,3319,559,CEAm,CEA,100,left,0
3320,3321,2,6717.8,5807.0,2887.92,0.32421875,3320,559,CEAm,CEA,100,left,0
3321,3322,2,6716.46,5808.06,2888.46,0.26953125,3321,559,CEAm,CEA,100,left,0
3322,3323,2,6714.68,5810.88,2887.84,0.19140625,3322,559,CEAm,CEA,100,left,0
3323,3324,2,6712.34,5812.92,2886.98,0.26953125,3323,559,CEAm,CEA,100,left,0
3324,3325,2,6710.32,5814.0,2885.78,0.19140625,3324,559,CEAm,CEA,100,left,0
3325,3326,2,6709.96,5816.44,2885.08,0.67578125,3325,559,CEAm,CEA,100,left,0
3326,3327,2,6709.2,5817.5,2885.52,0.26953125,3326,559,CEAm,CEA,100,left,0
3327,3328,2,6707.5,5818.66,2885.06,0.32421875,3327,559,CEAm,CEA,100,left,0
3328,3329,2,6706.22,5820.74,2884.44,0.0078125,3328,559,CEAm,CEA,100,left,0
3329,3330,2,6705.54,5823.38,2883.86,0.32421875,3329,559,CEAm,CEA,100,left,0
3330,3331,2,6704.16,5825.76,2883.3,0.37890625,3330,559,CEAm,CEA,100,left,0
3331,3332,2,6702.78,5827.6,2882.96,0.32421875,3331,559,CEAm,CEA,100,left,0
3332,3333,2,6702.02,5829.76,2883.92,0.19140625,3332,559,CEAm,CEA,100,left,0
3333,3334,2,6700.8,5830.78,2884.52,0.296875,3333,559,CEAm,CEA,100,left,0
3334,3335,2,6700.42,5833.46,2885.68,0.00390625,3334,559,CEAm,CEA,100,left,0
3335,3336,2,6699.54,5835.38,2885.76,0.3515625,3335,559,CEAm,CEA,100,left,0
3336,3337,2,6697.6,5836.6,2885.34,0.32421875,3336,559,CEAm,CEA,100,left,0
3337,3338,2,6696.74,5838.42,2884.98,0.515625,3337,559,CEAm,CEA,100,left,0
3338,3339,2,6696.96,5840.2,2884.92,0.2421875,3338,559,CEAm,CEA,100,left,0
3339,3340,2,6695.9,5842.88,2884.46,0.26953125,3339,559,CEAm,CEA,100,left,0
3340,3341,2,6695.12,5846.0,2884.24,0.26953125,3340,559,CEAm,CEA,100,left,0
3341,3342,2,6693.38,5848.92,2884.1,0.2421875,3341,559,CEAm,CEA,100,left,0
3342,3343,2,6692.04,5850.32,2883.86,0.37890625,3342,559,CEAm,CEA,100,left,0
3343,3344,2,6690.16,5852.1,2884.54,0.00390625,3343,559,CEAm,CEA,100,left,0
3344,3345,2,6689.22,5853.96,2885.34,0.2421875,3344,559,CEAm,CEA,100,left,0
3345,3346,2,6688.36,5855.2,2886.18,0.1640625,3345,559,CEAm,CEA,100,left,0
3346,3347,2,6687.28,5856.64,2886.56,0.00390625,3346,559,CEAm,CEA,100,left,0
3347,3348,2,6687.2,5859.34,2886.76,0.19140625,3347,559,CEAm,CEA,100,left,0
3348,3349,2,6688.12,5860.54,2887.44,0.48828125,3348,559,CEAm,CEA,100,left,0
3349,3350,2,6687.16,5862.28,2887.4,0.32421875,3349,559,CEAm,CEA,100,left,0
3350,3351,2,6685.3,5863.5,2887.0,0.37890625,3350,559,CEAm,CEA,100,left,0
3351,3352,2,6684.38,5865.26,2886.58,0.4609375,3351,559,CEAm,CEA,100,left,0
3352,3353,2,6684.42,5867.18,2886.64,0.32421875,3352,559,CEAm,CEA,100,left,0
3353,3354,2,6683.5,5868.38,2887.56,0.48828125,3353,559,CEAm,CEA,100,left,0
3354,3355,2,6682.88,5869.54,2888.78,0.3515625,3354,559,CEAm,CEA,100,left,0
3355,3356,2,6683.28,5873.16,2889.66,0.43359375,3355,559,CEAm,CEA,100,left,0
3356,3357,2,6682.68,5874.92,2889.92,0.5703125,3356,559,CEAm,CEA,100,left,0
3357,3358,2,6682.86,5877.02,2890.64,0.2421875,3357,559,CEAm,CEA,100,left,0
3358,3359,2,6682.86,5879.48,2890.82,0.67578125,3358,559,CEAm,CEA,100,left,0
3359,3360,2,6682.4,5881.66,2890.56,0.5703125,3359,559,CEAm,CEA,100,left,0
3360,3361,2,6682.58,5884.78,2891.42,0.3515625,3360,559,CEAm,CEA,100,left,0
3361,3362,2,6681.96,5886.26,2892.52,0.32421875,3361,559,CEAm,CEA,100,left,0
3362,3363,2,6679.94,5888.04,2892.82,0.19140625,3362,559,CEAm,CEA,100,left,0
3363,3364,2,6679.0,5888.78,2892.96,0.1640625,3363,559,CEAm,CEA,100,left,0
3364,3365,2,6677.74,5891.84,2893.68,0.4609375,3364,559,CEAm,CEA,100,left,0
3365,3366,2,6677.52,5894.68,2894.22,0.43359375,3365,559,CEAm,CEA,100,left,0
3366,3367,2,6676.6,5896.98,2895.22,0.19140625,3366,559,CEAm,CEA,100,left,0
3367,3368,2,6761.8,5781.12,2858.5,0.01171875,3016,544,CEAc,CEA,101,left,0
3368,3369,2,6762.1,5783.06,2859.7,0.32421875,3368,544,CEAc,CEA,101,left,0
3369,3370,2,6762.44,5784.2,2861.48,0.54296875,3369,544,CEAc,CEA,101,left,0
3370,3371,2,6761.96,5784.94,2863.28,0.40625,3370,544,CEAc,CEA,101,left,0
3371,3372,2,6761.94,5785.78,2865.74,0.5703125,3371,544,CEAc,CEA,101,left,0
3372,3373,2,6762.98,5786.68,2867.42,0.2421875,3372,544,CEAc,CEA,101,left,0
3373,3374,2,6764.8,5786.64,2868.54,0.1640625,3373,544,CEAc,CEA,101,left,0
3374,3375,2,6766.1,5787.3,2869.88,0.4609375,3374,544,CEAc,CEA,101,left,0
3375,3376,2,6767.18,5787.3,2871.6,0.26953125,3375,544,CEAc,CEA,101,left,0
3376,3377,2,6767.78,5786.32,2873.9,0.21484375,3376,544,CEAc,CEA,101,left,0
3377,3378,2,6768.98,5785.14,2876.2,0.21484375,3377,559,CEAm,CEA,101,left,0
3378,3379,2,6770.7,5782.06,2879.26,0.4609375,3378,559,CEAm,CEA,101,left,0
3379,3380,2,6771.64,5780.08,2880.48,0.32421875,3379,559,CEAm,CEA,101,left,0
3380,3381,2,6793.2,5713.6,2881.3,0.59765625,3084,551,CEAl,CEA,102,left,0
3381,3382,2,6793.46,5711.6,2883.5,0.43359375,3381,551,CEAl,CEA,102,left,0
3382,3383,2,6794.22,5709.76,2884.3,0.32421875,3382,551,CEAl,CEA,102,left,0
3383,3384,2,6794.12,5707.04,2884.68,0.54296875,3383,551,CEAl,CEA,102,left,0
3384,3385,2,6795.12,5704.9,2885.2,0.3515625,3384,551,CEAl,CEA,102,left,0
3385,3386,2,6796.3,5702.94,2886.3,0.54296875,3385,551,CEAl,CEA,102,left,0
3386,3387,2,6796.86,5700.44,2886.36,0.3515625,3386,551,CEAl,CEA,102,left,1
3387,3388,2,6790.06,5717.1,2879.9,0.00390625,3084,551,CEAl,CEA,103,left,0
3388,3389,2,6788.9,5718.6,2879.42,0.296875,3388,551,CEAl,CEA,103,left,0
3389,3390,2,6786.74,5720.26,2878.54,0.4609375,3389,551,CEAl,CEA,103,left,0
3390,3391,2,6784.66,5721.4,2877.32,0.2421875,3390,551,CEAl,CEA,103,left,0
3391,3392,2,6782.6,5722.48,2876.12,0.40625,3391,551,CEAl,CEA,103,left,0
3392,3393,2,6781.66,5723.9,2875.04,0.21484375,3392,551,CEAl,CEA,103,left,0
3393,3394,2,6779.44,5725.96,2873.76,0.3515625,3393,544,CEAc,CEA,103,left,0
3394,3395,2,6778.12,5728.46,2872.86,0.2421875,3394,544,CEAc,CEA,103,left,0
3395,3396,2,6778.24,5730.88,2872.84,0.4609375,3395,544,CEAc,CEA,103,left,0
3396,3397,2,6834.66,5678.48,2751.64,0.00390625,3115,544,CEAc,CEA,104,left,0
3397,3398,2,6832.68,5678.16,2752.52,0.4609375,3397,544,CEAc,CEA,104,left,1
3398,3399,2,6836.14,5680.14,2752.12,0.00390625,3115,544,CEAc,CEA,105,left,0
3399,3400,2,6835.06,5680.42,2753.72,0.296875,3399,544,CEAc,CEA,105,left,0
3400,3401,2,6832.82,5680.84,2754.24,0.37890625,3400,544,CEAc,CEA,105,left,0
3401,3402,2,6832.5,5681.76,2755.6,0.4609375,3401,544,CEAc,CEA,105,left,0
3402,3403,2,6831.34,5682.5,2756.36,0.4609375,3402,544,CEAc,CEA,105,left,0
3403,3404,2,6829.92,5682.38,2757.36,0.4609375,3403,544,CEAc,CEA,105,left,0
3404,3405,2,6827.94,5681.94,2757.92,0.19140625,3404,544,CEAc,CEA,105,left,0
3405,3406,2,6824.94,5680.66,2758.34,0.62109375,3405,544,CEAc,CEA,105,left,0
3406,3407,2,6823.5,5678.92,2758.8,0.6484375,3406,544,CEAc,CEA,105,left,0
3407,3408,2,6821.74,5677.58,2758.96,0.26953125,3407,544,CEAc,CEA,105,left,0
3408,3409,2,6820.06,5675.68,2759.16,0.5703125,3408,544,CEAc,CEA,105,left,0
3409,3410,2,6817.72,5672.42,2760.98,0.43359375,3409,544,CEAc,CEA,105,left,0
3410,3411,2,6815.42,5671.92,2761.84,0.296875,3410,544,CEAc,CEA,105,left,0
3411,3412,2,6814.18,5670.56,2762.78,0.3515625,3411,544,CEAc,CEA,105,left,0
3412,3413,2,6811.94,5669.7,2764.24,0.4609375,3412,544,CEAc,CEA,105,left,0
3413,3414,2,6809.64,5670.08,2765.24,0.62109375,3413,544,CEAc,CEA,105,left,0
3414,3415,2,6808.54,5670.6,2766.4,0.40625,3414,544,CEAc,CEA,105,left,0
3415,3416,2,6806.58,5671.4,2767.86,0.1640625,3415,544,CEAc,CEA,105,left,0
3416,3417,2,6805.38,5672.0,2768.36,0.296875,3416,544,CEAc,CEA,105,left,0
3417,3418,2,6803.2,5672.64,2768.6,0.19140625,3417,544,CEAc,CEA,105,left,0
3418,3419,2,6800.7,5672.6,2769.26,0.32421875,3418,544,CEAc,CEA,105,left,0
3419,3420,2,6798.94,5672.02,2770.4,0.48828125,3419,544,CEAc,CEA,105,left,0
3420,3421,2,6797.42,5670.52,2771.5,0.21484375,3420,544,CEAc,CEA,105,left,0
3421,3422,2,6796.56,5669.46,2772.7,0.26953125,3421,544,CEAc,CEA,105,left,0
3422,3423,2,6795.1,5669.82,2773.9,0.21484375,3422,544,CEAc,CEA,105,left,0
3423,3424,2,6793.8,5670.62,2775.18,0.296875,3423,544,CEAc,CEA,105,left,0
3424,3425,2,6792.44,5670.82,2776.24,0.296875,3424,544,CEAc,CEA,105,left,0
3425,3426,2,6790.56,5671.66,2777.66,0.296875,3425,544,CEAc,CEA,105,left,0
3426,3427,2,6789.48,5671.86,2778.7,0.26953125,3426,544,CEAc,CEA,105,left,0
3427,3428,2,6788.22,5673.16,2779.88,0.1640625,3427,544,CEAc,CEA,105,left,0
3428,3429,2,6786.7,5675.06,2780.86,0.3515625,3428,544,CEAc,CEA,105,left,0
3429,3430,2,6785.28,5676.14,2781.52,0.40625,3429,544,CEAc,CEA,105,left,0
3430,3431,2,6783.48,5677.4,2782.72,0.00390625,3430,544,CEAc,CEA,105,left,0
3431,3432,2,6782.26,5678.76,2784.84,0.296875,3431,544,CEAc,CEA,105,left,0
3432,3433,2,6780.94,5679.46,2785.96,0.40625,3432,544,CEAc,CEA,105,left,0
3433,3434,2,6778.7,5679.8,2787.34,0.296875,3433,544,CEAc,CEA,105,left,0
3434,3435,2,6777.64,5679.48,2788.7,0.2421875,3434,544,CEAc,CEA,105,left,0
3435,3436,2,6776.6,5679.32,2789.9,0.37890625,3435,544,CEAc,CEA,105,left,0
3436,3437,2,6773.9,5678.8,2790.92,0.40625,3436,544,CEAc,CEA,105,left,0
3437,3438,2,6772.2,5677.92,2792.16,0.4609375,3437,544,CEAc,CEA,105,left,0
3438,3439,2,6770.46,5677.82,2792.36,0.3515625,3438,544,CEAc,CEA,105,left,0
3439,3440,2,6768.7,5679.34,2792.9,0.00390625,3439,544,CEAc,CEA,105,left,0
3440,3441,2,6766.96,5679.9,2794.02,0.296875,3440,544,CEAc,CEA,105,left,0
3441,3442,2,6766.02,5679.52,2795.04,0.7578125,3441,544,CEAc,CEA,105,left,0
3442,3443,2,6763.86,5679.68,2795.48,0.04296875,3442,544,CEAc,CEA,105,left,0
3443,3444,2,6762.24,5679.76,2796.5,0.21484375,3443,544,CEAc,CEA,105,left,0
3444,3445,2,6759.62,5679.96,2797.2,0.5703125,3444,544,CEAc,CEA,105,left,0
3445,3446,2,6758.28,5680.32,2797.7,0.37890625,3445,544,CEAc,CEA,105,left,0
3446,3447,2,6755.68,5681.14,2797.9,0.48828125,3446,544,CEAc,CEA,105,left,0
3447,3448,2,6754.42,5681.78,2798.16,0.2421875,3447,544,CEAc,CEA,105,left,0
3448,3449,2,6751.92,5682.06,2798.42,0.015625,3448,544,CEAc,CEA,105,left,0
3449,3450,2,6749.0,5682.86,2799.2,0.26953125,3449,544,CEAc,CEA,105,left,0
3450,3451,2,6746.98,5684.28,2799.62,0.2421875,3450,544,CEAc,CEA,105,left,0
3451,3452,2,6745.84,5684.96,2799.92,0.26953125,3451,544,CEAc,CEA,105,left,0
3452,3453,2,6744.54,5685.82,2800.98,0.00390625,3452,544,CEAc,CEA,105,left,0
3453,3454,2,6742.98,5685.98,2802.48,0.21484375,3453,544,CEAc,CEA,105,left,0
3454,3455,2,6741.14,5685.74,2803.62,0.296875,3454,544,CEAc,CEA,105,left,0
3455,3456,2,6740.42,5685.5,2805.54,0.32421875,3455,544,CEAc,CEA,105,left,0
3456,3457,2,6739.42,5685.86,2806.18,0.37890625,3456,544,CEAc,CEA,105,left,0
3457,3458,2,6737.8,5687.12,2807.12,0.2421875,3457,544,CEAc,CEA,105,left,0
3458,3459,2,6736.22,5687.54,2808.0,0.21484375,3458,544,CEAc,CEA,105,left,0
3459,3460,2,6734.48,5687.64,2809.1,0.26953125,3459,544,CEAc,CEA,105,left,0
3460,3461,2,6731.62,5687.86,2810.0,0.1640625,3460,544,CEAc,CEA,105,left,0
3461,3462,2,6730.22,5688.22,2810.76,0.3515625,3461,544,CEAc,CEA,105,left,0
3462,3463,2,6728.9,5688.82,2810.8,0.01953125,3462,544,CEAc,CEA,105,left,0
3463,3464,2,6728.08,5691.44,2810.26,0.32421875,3463,544,CEAc,CEA,105,left,0
3464,3465,2,6728.06,5694.02,2809.26,0.4609375,3464,544,CEAc,CEA,105,left,0
3465,3466,2,6726.78,5695.78,2808.24,0.296875,3465,544,CEAc,CEA,105,left,0
3466,3467,2,6724.18,5698.58,2807.36,0.37890625,3466,544,CEAc,CEA,105,left,0
3467,3468,2,6722.94,5700.16,2806.7,0.1640625,3467,544,CEAc,CEA,105,left,0
3468,3469,2,6721.32,5701.76,2806.5,0.1640625,3468,544,CEAc,CEA,105,left,0
3469,3470,2,6719.98,5702.96,2806.84,0.48828125,3469,544,CEAc,CEA,105,left,0
3470,3471,2,6719.12,5704.76,2807.64,0.37890625,3470,544,CEAc,CEA,105,left,0
3471,3472,2,6717.36,5706.04,2808.76,0.40625,3471,544,CEAc,CEA,105,left,0
3472,3473,2,6716.24,5706.86,2809.66,0.4609375,3472,544,CEAc,CEA,105,left,0
3473,3474,2,6715.02,5707.46,2811.14,0.4609375,3473,544,CEAc,CEA,105,left,0
3474,3475,2,6714.08,5708.04,2812.06,0.4609375,3474,544,CEAc,CEA,105,left,0
3475,3476,2,6712.48,5708.16,2812.86,0.32421875,3475,544,CEAc,CEA,105,left,0
3476,3477,2,6711.18,5708.4,2813.92,0.48828125,3476,544,CEAc,CEA,105,left,0
3477,3478,2,6710.08,5708.94,2815.16,0.2421875,3477,544,CEAc,CEA,105,left,0
3478,3479,2,6709.72,5709.46,2816.96,0.43359375,3478,544,CEAc,CEA,105,left,0
3479,3480,2,6709.3,5711.38,2817.78,0.3515625,3479,544,CEAc,CEA,105,left,0
3480,3481,2,6708.26,5713.0,2817.92,0.32421875,3480,544,CEAc,CEA,105,left,0
3481,3482,2,6706.9,5713.8,2818.28,0.26953125,3481,544,CEAc,CEA,105,left,0
3482,3483,2,6706.54,5715.24,2819.48,0.3515625,3482,544,CEAc,CEA,105,left,0
3483,3484,2,6705.74,5717.32,2820.24,0.37890625,3483,544,CEAc,CEA,105,left,0
3484,3485,2,6705.26,5720.76,2819.8,0.37890625,3484,544,CEAc,CEA,105,left,0
3485,3486,2,6705.4,5723.06,2819.74,0.4609375,3485,544,CEAc,CEA,105,left,0
3486,3487,2,6704.74,5725.44,2819.76,0.5703125,3486,544,CEAc,CEA,105,left,0
3487,3488,2,6704.1,5727.74,2818.9,0.37890625,3487,544,CEAc,CEA,105,left,0
3488,3489,2,6703.86,5730.22,2817.94,0.43359375,3488,544,CEAc,CEA,105,left,0
3489,3490,2,6703.04,5733.74,2815.74,0.26953125,3489,544,CEAc,CEA,105,left,0
3490,3491,2,6702.2,5738.06,2814.12,0.37890625,3490,544,CEAc,CEA,105,left,0
3491,3492,2,6701.2,5740.38,2814.12,0.40625,3491,544,CEAc,CEA,105,left,0
3492,3493,2,6700.02,5742.34,2814.98,0.1640625,3492,544,CEAc,CEA,105,left,0
3493,3494,2,6699.14,5743.08,2815.66,0.26953125,3493,544,CEAc,CEA,105,left,0
3494,3495,2,6697.16,5744.64,2816.18,0.2421875,3494,544,CEAc,CEA,105,left,0
3495,3496,2,6696.46,5745.8,2816.56,0.21484375,3495,544,CEAc,CEA,105,left,0
3496,3497,2,6694.32,5748.14,2816.4,0.1640625,3496,544,CEAc,CEA,105,left,0
3497,3498,2,6693.34,5750.52,2816.4,0.703125,3497,544,CEAc,CEA,105,left,0
3498,3499,2,6691.88,5751.64,2817.44,0.32421875,3498,544,CEAc,CEA,105,left,0
3499,3500,2,6690.76,5752.5,2817.84,0.40625,3499,544,CEAc,CEA,105,left,0
3500,3501,2,6689.3,5753.86,2818.92,0.1640625,3500,544,CEAc,CEA,105,left,0
3501,3502,2,6687.82,5755.36,2820.36,0.48828125,3501,544,CEAc,CEA,105,left,0
3502,3503,2,6687.62,5756.42,2821.48,0.3515625,3502,544,CEAc,CEA,105,left,0
3503,3504,2,6686.48,5758.02,2822.82,0.19140625,3503,544,CEAc,CEA,105,left,0
3504,3505,2,6685.36,5759.32,2823.38,0.37890625,3504,544,CEAc,CEA,105,left,0
3505,3506,2,6684.66,5760.64,2825.28,0.67578125,3505,544,CEAc,CEA,105,left,0
3506,3507,2,6683.0,5760.78,2826.38,0.5703125,3506,544,CEAc,CEA,105,left,0
3507,3508,2,6681.22,5761.24,2826.32,0.2421875,3507,544,CEAc,CEA,105,left,0
3508,3509,2,6679.04,5761.26,2826.74,0.4609375,3508,544,CEAc,CEA,105,left,0
3509,3510,2,6678.18,5761.02,2827.48,0.62109375,3509,544,CEAc,CEA,105,left,0
3510,3511,2,6675.6,5761.2,2827.22,0.03515625,3510,544,CEAc,CEA,105,left,0
3511,3512,2,6674.7,5761.04,2828.36,1.19140625,3511,544,CEAc,CEA,105,left,0
3512,3513,2,6674.9,5760.52,2830.6,0.37890625,3512,544,CEAc,CEA,105,left,0
3513,3514,2,6674.3,5760.5,2832.1,0.1640625,3513,544,CEAc,CEA,105,left,0
3514,3515,2,6672.94,5760.92,2831.78,0.296875,3514,544,CEAc,CEA,105,left,0
3515,3516,2,6670.62,5760.96,2831.26,0.43359375,3515,544,CEAc,CEA,105,left,0
3516,3517,2,6669.08,5760.9,2830.9,0.296875,3516,544,CEAc,CEA,105,left,0
3517,3518,2,6666.94,5761.96,2829.08,0.00390625,3517,544,CEAc,CEA,105,left,0
3518,3519,2,6664.46,5763.46,2828.44,0.43359375,3518,544,CEAc,CEA,105,left,0
3519,3520,2,6662.32,5764.48,2828.08,0.6484375,3519,544,CEAc,CEA,105,left,0
3520,3521,2,6660.48,5765.82,2827.96,0.37890625,3520,544,CEAc,CEA,105,left,0
3521,3522,2,6658.9,5766.18,2828.24,0.43359375,3521,544,CEAc,CEA,105,left,0
3522,3523,2,6656.36,5766.5,2828.64,0.3515625,3522,544,CEAc,CEA,105,left,0
3523,3524,2,6655.04,5767.38,2829.34,0.37890625,3523,544,CEAc,CEA,105,left,0
3524,3525,2,6653.66,5768.5,2829.74,0.296875,3524,544,CEAc,CEA,105,left,0
3525,3526,2,6652.88,5770.22,2830.5,0.00390625,3525,544,CEAc,CEA,105,left,0
3526,3527,2,6651.56,5772.22,2830.34,0.515625,3526,544,CEAc,CEA,105,left,0
3527,3528,2,6650.88,5773.66,2830.1,0.2421875,3527,544,CEAc,CEA,105,left,0
3528,3529,2,6650.78,5776.0,2830.36,0.515625,3528,544,CEAc,CEA,105,left,0
3529,3530,2,6649.86,5778.4,2829.96,0.73046875,3529,544,CEAc,CEA,105,left,0
3530,3531,2,6648.02,5779.58,2828.74,0.296875,3530,544,CEAc,CEA,105,left,0
3531,3532,2,6647.78,5782.14,2827.12,0.32421875,3531,544,CEAc,CEA,105,left,0
3532,3533,2,6648.1,5786.4,2825.42,0.37890625,3532,544,CEAc,CEA,105,left,0
3533,3534,2,6648.24,5788.52,2824.3,0.4609375,3533,544,CEAc,CEA,105,left,0
3534,3535,2,6648.42,5790.88,2823.32,0.62109375,3534,544,CEAc,CEA,105,left,0
3535,3536,2,6648.66,5794.18,2821.96,0.2421875,3535,544,CEAc,CEA,105,left,0
3536,3537,2,6648.82,5796.42,2821.0,0.2421875,3536,544,CEAc,CEA,105,left,0
3537,3538,2,6647.18,5798.78,2819.38,0.0078125,3537,544,CEAc,CEA,105,left,0
3538,3539,2,6646.4,5800.42,2817.1,0.37890625,3538,544,CEAc,CEA,105,left,0
3539,3540,2,6645.06,5801.64,2815.76,0.40625,3539,544,CEAc,CEA,105,left,0
3540,3541,2,6644.26,5804.22,2813.88,0.37890625,3540,544,CEAc,CEA,105,left,0
3541,3542,2,6642.24,5805.94,2812.74,0.2421875,3541,544,CEAc,CEA,105,left,0
3542,3543,2,6640.82,5807.56,2812.02,0.6484375,3542,544,CEAc,CEA,105,left,0
3543,3544,2,6640.14,5809.56,2810.12,0.48828125,3543,544,CEAc,CEA,105,left,0
3544,3545,2,6639.36,5810.02,2808.3,0.4609375,3544,544,CEAc,CEA,105,left,0
3545,3546,2,6638.16,5811.38,2805.82,0.00390625,3545,544,CEAc,CEA,105,left,0
3546,3547,2,6635.4,5813.02,2803.82,0.296875,3546,544,CEAc,CEA,105,left,0
3547,3548,2,6633.98,5814.32,2802.24,0.3515625,3547,544,CEAc,CEA,105,left,0
3548,3549,2,6633.42,5816.56,2801.24,0.48828125,3548,544,CEAc,CEA,105,left,0
3549,3550,2,6633.7,5820.24,2800.32,0.00390625,3549,544,CEAc,CEA,105,left,0
3550,3551,2,6633.1,5821.1,2799.72,0.4609375,3550,544,CEAc,CEA,105,left,0
3551,3552,2,6632.9,5823.8,2799.16,0.015625,3551,544,CEAc,CEA,105,left,0
3552,3553,2,6632.32,5825.82,2798.76,0.48828125,3552,544,CEAc,CEA,105,left,0
3553,3554,2,6632.5,5829.52,2798.14,0.0234375,3553,544,CEAc,CEA,105,left,0
3554,3555,2,6632.74,5831.66,2798.02,0.4609375,3554,544,CEAc,CEA,105,left,0
3555,3556,2,6633.06,5834.52,2797.66,0.02734375,3555,544,CEAc,CEA,105,left,0
3556,3557,2,6633.64,5837.24,2797.24,0.40625,3556,544,CEAc,CEA,105,left,0
3557,3558,2,6635.1,5838.22,2797.04,0.26953125,3557,544,CEAc,CEA,105,left,0
3558,3559,2,6635.9,5839.2,2798.02,0.00390625,3558,544,CEAc,CEA,105,left,0
3559,3560,2,6636.08,5841.24,2797.02,0.54296875,3559,544,CEAc,CEA,105,left,0
3560,3561,2,6636.08,5842.58,2795.24,0.7578125,3560,544,CEAc,CEA,105,left,1
3561,3562,2,6702.62,5638.66,2849.94,0.32421875,3195,551,CEAl,CEA,106,left,0
3562,3563,2,6702.08,5637.78,2852.28,0.48828125,3562,551,CEAl,CEA,106,left,0
3563,3564,2,6701.94,5636.1,2854.08,0.32421875,3563,551,CEAl,CEA,106,left,0
3564,3565,2,6700.98,5635.44,2855.02,0.67578125,3564,551,CEAl,CEA,106,left,0
3565,3566,2,6699.72,5635.14,2856.72,0.296875,3565,551,CEAl,CEA,106,left,0
3566,3567,2,6698.3,5635.56,2857.66,0.32421875,3566,551,CEAl,CEA,106,left,0
3567,3568,2,6696.02,5635.8,2858.18,0.3515625,3567,551,CEAl,CEA,106,left,0
3568,3569,2,6694.24,5635.68,2858.52,0.32421875,3568,551,CEAl,CEA,106,left,1
3569,3570,2,6703.2,5642.48,2848.68,0.32421875,3195,551,CEAl,CEA,107,left,0
3570,3571,2,6701.98,5644.4,2850.1,0.26953125,3570,551,CEAl,CEA,107,left,0
3571,3572,2,6700.72,5645.7,2850.92,0.32421875,3571,551,CEAl,CEA,107,left,0
3572,3573,2,6698.52,5647.3,2851.9,0.4609375,3572,551,CEAl,CEA,107,left,0
3573,3574,2,6697.36,5648.24,2852.96,0.48828125,3573,551,CEAl,CEA,107,left,0
3574,3575,2,6695.64,5649.2,2853.5,0.32421875,3574,551,CEAl,CEA,107,left,0
3575,3576,2,6694.8,5650.54,2854.26,0.32421875,3575,551,CEAl,CEA,107,left,0
3576,3577,2,6693.86,5652.3,2855.28,0.2421875,3576,551,CEAl,CEA,107,left,0
3577,3578,2,6692.88,5653.66,2856.22,0.37890625,3577,551,CEAl,CEA,107,left,0
3578,3579,2,6692.34,5654.96,2857.04,0.3515625,3578,551,CEAl,CEA,107,left,0
3579,3580,2,6690.76,5655.62,2859.68,0.296875,3579,551,CEAl,CEA,107,left,0
3580,3581,2,6688.56,5655.92,2860.34,0.40625,3580,551,CEAl,CEA,107,left,0
3581,3582,2,6686.82,5656.58,2860.92,0.67578125,3581,551,CEAl,CEA,107,left,0
3582,3583,2,6687.24,5658.62,2861.26,0.0078125,3582,551,CEAl,CEA,107,left,0
3583,3584,2,6687.58,5660.16,2862.72,0.26953125,3583,551,CEAl,CEA,107,left,0
3584,3585,2,6687.98,5662.5,2863.92,0.89453125,3584,551,CEAl,CEA,107,left,0
3585,3586,2,6688.06,5664.06,2865.14,0.515625,3585,551,CEAl,CEA,107,left,0
3586,3587,2,6686.38,5665.24,2865.44,0.83984375,3586,551,CEAl,CEA,107,left,0
3587,3588,2,6684.96,5666.6,2865.1,0.3515625,3587,551,CEAl,CEA,107,left,0
3588,3589,2,6683.76,5667.96,2864.72,0.62109375,3588,551,CEAl,CEA,107,left,0
3589,3590,2,6681.94,5668.66,2864.54,0.54296875,3589,551,CEAl,CEA,107,left,0
3590,3591,2,6680.16,5669.36,2864.98,0.4609375,3590,551,CEAl,CEA,107,left,0
3591,3592,2,6678.74,5670.32,2865.68,0.4609375,3591,551,CEAl,CEA,107,left,0
3592,3593,2,6677.64,5671.78,2866.1,0.6484375,3592,551,CEAl,CEA,107,left,0
3593,3594,2,6676.72,5672.42,2867.22,0.19140625,3593,551,CEAl,CEA,107,left,0
3594,3595,2,6675.68,5674.12,2868.04,0.4609375,3594,551,CEAl,CEA,107,left,0
3595,3596,2,6674.6,5676.1,2869.12,0.703125,3595,551,CEAl,CEA,107,left,0
3596,3597,2,6673.12,5677.3,2868.82,0.4609375,3596,551,CEAl,CEA,107,left,0
3597,3598,2,6672.4,5679.14,2869.52,0.5703125,3597,551,CEAl,CEA,107,left,0
3598,3599,2,6673.34,5680.0,2870.24,0.3515625,3598,551,CEAl,CEA,107,left,0
3599,3600,2,6671.24,5680.62,2870.26,0.0078125,3599,551,CEAl,CEA,107,left,0
3600,3601,2,6670.64,5684.06,2869.68,0.6484375,3600,551,CEAl,CEA,107,left,0
3601,3602,2,6670.76,5685.42,2869.46,0.43359375,3601,551,CEAl,CEA,107,left,0
3602,3603,2,6670.46,5687.02,2869.78,0.01171875,3602,551,CEAl,CEA,107,left,0
3603,3604,2,6669.08,5689.06,2870.3,0.40625,3603,551,CEAl,CEA,107,left,0
3604,3605,2,6668.16,5691.02,2870.86,0.32421875,3604,551,CEAl,CEA,107,left,0
3605,3606,2,6666.52,5693.02,2871.64,0.2421875,3605,551,CEAl,CEA,107,left,0
3606,3607,2,6665.06,5694.62,2872.0,0.2421875,3606,551,CEAl,CEA,107,left,0
3607,3608,2,6663.84,5696.12,2872.52,0.26953125,3607,551,CEAl,CEA,107,left,0
3608,3609,2,6663.52,5697.72,2873.06,0.32421875,3608,551,CEAl,CEA,107,left,0
3609,3610,2,6661.86,5700.64,2873.02,0.00390625,3609,551,CEAl,CEA,107,left,0
3610,3611,2,6660.88,5701.98,2873.56,0.32421875,3610,551,CEAl,CEA,107,left,0
3611,3612,2,6660.82,5703.78,2873.86,0.19140625,3611,551,CEAl,CEA,107,left,0
3612,3613,2,6660.14,5706.2,2873.94,0.37890625,3612,551,CEAl,CEA,107,left,0
3613,3614,2,6660.0,5708.04,2874.8,0.515625,3613,551,CEAl,CEA,107,left,0
3614,3615,2,6658.64,5709.14,2874.98,0.40625,3614,551,CEAl,CEA,107,left,0
3615,3616,2,6658.06,5711.2,2875.68,0.1640625,3615,551,CEAl,CEA,107,left,0
3616,3617,2,6656.98,5712.88,2875.9,0.32421875,3616,551,CEAl,CEA,107,left,0
3617,3618,2,6656.46,5715.1,2876.08,0.32421875,3617,551,CEAl,CEA,107,left,0
3618,3619,2,6655.28,5716.68,2876.26,0.3515625,3618,551,CEAl,CEA,107,left,0
3619,3620,2,6654.82,5718.72,2877.1,0.37890625,3619,551,CEAl,CEA,107,left,0
3620,3621,2,6653.7,5720.02,2877.7,0.296875,3620,551,CEAl,CEA,107,left,0
3621,3622,2,6653.3,5722.12,2877.76,0.59765625,3621,551,CEAl,CEA,107,left,0
3622,3623,2,6652.68,5724.04,2877.6,0.37890625,3622,551,CEAl,CEA,107,left,0
3623,3624,2,6650.84,5725.72,2877.88,0.1640625,3623,551,CEAl,CEA,107,left,0
3624,3625,2,6649.5,5726.92,2878.24,0.3515625,3624,551,CEAl,CEA,107,left,0
3625,3626,2,6648.02,5728.92,2879.62,0.40625,3625,551,CEAl,CEA,107,left,0
3626,3627,2,6645.82,5729.72,2879.62,0.19140625,3626,551,CEAl,CEA,107,left,0
3627,3628,2,6645.18,5730.88,2880.06,0.32421875,3627,551,CEAl,CEA,107,left,0
3628,3629,2,6643.12,5732.4,2881.4,0.32421875,3628,551,CEAl,CEA,107,left,0
3629,3630,2,6641.92,5733.54,2882.5,0.48828125,3629,551,CEAl,CEA,107,left,0
3630,3631,2,6641.44,5734.54,2883.62,0.32421875,3630,551,CEAl,CEA,107,left,0
3631,3632,2,6640.06,5734.78,2884.14,0.32421875,3631,551,CEAl,CEA,107,left,0
3632,3633,2,6638.34,5738.76,2883.9,0.1640625,3632,551,CEAl,CEA,107,left,0
3633,3634,2,6638.34,5743.42,2882.9,0.32421875,3633,551,CEAl,CEA,107,left,0
3634,3635,2,6638.28,5745.64,2882.9,0.3515625,3634,551,CEAl,CEA,107,left,0
3635,3636,2,6636.6,5746.52,2883.3,0.2421875,3635,551,CEAl,CEA,107,left,0
3636,3637,2,6332.32,5969.94,3211.64,0.32421875,3218,559,CEAm,CEA,108,left,0
3637,3638,2,6331.98,5970.86,3214.26,0.1640625,3637,559,CEAm,CEA,108,left,0
3638,3639,2,6331.14,5971.3,3215.76,0.48828125,3638,559,CEAm,CEA,108,left,0
3639,3640,2,6329.96,5971.56,3217.56,0.1640625,3639,559,CEAm,CEA,108,left,0
3640,3641,2,6328.82,5971.32,3218.0,0.32421875,3640,559,CEAm,CEA,108,left,0
3641,3642,2,6328.82,5970.96,3219.98,0.48828125,3641,559,CEAm,CEA,108,left,0
3642,3643,2,6328.6,5970.42,3223.28,0.1640625,3642,559,CEAm,CEA,108,left,0
3643,3644,2,6327.58,5970.02,3224.42,0.26953125,3643,559,CEAm,CEA,108,left,0
3644,3645,2,6327.38,5970.2,3226.98,0.43359375,3644,559,CEAm,CEA,108,left,0
3645,3646,2,6327.2,5970.3,3228.52,0.37890625,3645,559,CEAm,CEA,108,left,0
3646,3647,2,6326.38,5970.36,3230.54,0.40625,3646,559,CEAm,CEA,108,left,0
3647,3648,2,6325.7,5970.2,3232.26,0.48828125,3647,559,CEAm,CEA,108,left,0
3648,3649,2,6324.48,5970.0,3233.78,0.3515625,3648,559,CEAm,CEA,108,left,0
3649,3650,2,6323.26,5969.98,3234.94,0.00390625,3649,559,CEAm,CEA,108,left,0
3650,3651,2,6322.12,5970.04,3236.9,0.40625,3650,559,CEAm,CEA,108,left,0
3651,3652,2,6321.48,5970.06,3237.86,0.32421875,3651,559,CEAm,CEA,108,left,0
3652,3653,2,6320.52,5970.26,3240.78,0.43359375,3652,559,CEAm,CEA,108,left,0
3653,3654,2,6320.08,5970.68,3242.44,0.4609375,3653,559,CEAm,CEA,108,left,0
3654,3655,2,6319.0,5971.14,3243.28,0.40625,3654,559,CEAm,CEA,108,left,0
3655,3656,2,6318.4,5971.52,3246.12,0.32421875,3655,559,CEAm,CEA,108,left,0
3656,3657,2,6317.88,5971.68,3248.24,0.32421875,3656,559,CEAm,CEA,108,left,0
3657,3658,2,6317.12,5971.98,3249.16,0.4609375,3657,559,CEAm,CEA,108,left,0
3658,3659,2,6315.64,5972.9,3250.48,0.48828125,3658,559,CEAm,CEA,108,left,0
3659,3660,2,6314.3,5973.76,3251.9,0.19140625,3659,559,CEAm,CEA,108,left,0
3660,3661,2,6313.82,5974.64,3253.54,0.296875,3660,559,CEAm,CEA,108,left,0
3661,3662,2,6312.62,5974.74,3254.48,0.3515625,3661,559,CEAm,CEA,108,left,0
3662,3663,2,6311.26,5975.1,3256.04,0.19140625,3662,559,CEAm,CEA,108,left,0
3663,3664,2,6310.54,5975.64,3256.9,0.2421875,3663,559,CEAm,CEA,108,left,0
3664,3665,2,6309.88,5976.82,3258.96,0.40625,3664,559,CEAm,CEA,108,left,0
3665,3666,2,6309.34,5977.06,3260.96,0.37890625,3665,559,CEAm,CEA,108,left,0
3666,3667,2,6308.56,5977.0,3262.64,0.19140625,3666,559,CEAm,CEA,108,left,0
3667,3668,2,6307.14,5976.5,3264.36,0.4609375,3667,559,CEAm,CEA,108,left,0
3668,3669,2,6306.8,5976.46,3266.42,0.32421875,3668,559,CEAm,CEA,108,left,0
3669,3670,2,6305.6,5976.42,3267.42,0.26953125,3669,559,CEAm,CEA,108,left,0
3670,3671,2,6305.3,5976.56,3268.72,0.32421875,3670,559,CEAm,CEA,108,left,0
3671,3672,2,6303.88,5976.42,3268.88,0.01953125,3671,559,CEAm,CEA,108,left,0
3672,3673,2,6303.46,5976.88,3270.6,0.2421875,3672,559,CEAm,CEA,108,left,0
3673,3674,2,6303.28,5976.96,3272.42,0.37890625,3673,559,CEAm,CEA,108,left,0
3674,3675,2,6302.36,5977.06,3274.14,0.1640625,3674,559,CEAm,CEA,108,left,0
3675,3676,2,6301.66,5978.12,3276.38,0.32421875,3675,559,CEAm,CEA,108,left,0
3676,3677,2,6300.34,5978.8,3277.34,0.296875,3676,559,CEAm,CEA,108,left,0
3677,3678,2,6298.52,5979.2,3277.68,0.2421875,3677,559,CEAm,CEA,108,left,0
3678,3679,2,6298.08,5979.58,3278.84,0.703125,3678,559,CEAm,CEA,108,left,0
3679,3680,2,6296.82,5979.5,3279.32,0.32421875,3679,559,CEAm,CEA,108,left,0
3680,3681,2,6296.52,5979.92,3281.46,0.2421875,3680,559,CEAm,CEA,108,left,0
3681,3682,2,6296.32,5980.44,3282.82,0.32421875,3681,559,CEAm,CEA,108,left,0
3682,3683,2,6294.86,5981.08,3283.74,0.43359375,3682,559,CEAm,CEA,108,left,0
3683,3684,2,6293.72,5981.68,3285.06,0.48828125,3683,559,CEAm,CEA,108,left,0
3684,3685,2,6292.4,5982.04,3286.82,0.32421875,3684,559,CEAm,CEA,108,left,0
3685,3686,2,6291.32,5982.22,3287.42,0.4609375,3685,559,CEAm,CEA,108,left,0
3686,3687,2,6291.14,5982.7,3288.98,0.3515625,3686,559,CEAm,CEA,108,left,0
3687,3688,2,6290.14,5982.76,3290.08,0.37890625,3687,559,CEAm,CEA,108,left,0
3688,3689,2,6289.36,5982.98,3292.14,0.32421875,3688,559,CEAm,CEA,108,left,0
3689,3690,2,6288.74,5983.06,3293.1,0.32421875,3689,559,CEAm,CEA,108,left,0
3690,3691,2,6287.02,5984.12,3294.24,0.32421875,3690,559,CEAm,CEA,108,left,0
3691,3692,2,6285.74,5984.88,3297.56,0.37890625,3691,559,CEAm,CEA,108,left,0
3692,3693,2,6284.38,5985.18,3298.56,0.19140625,3692,559,CEAm,CEA,108,left,0
3693,3694,2,6282.34,5985.32,3299.74,0.32421875,3693,559,CEAm,CEA,108,left,0
3694,3695,2,6280.82,5985.52,3301.36,0.1640625,3694,559,CEAm,CEA,108,left,0
3695,3696,2,6279.6,5986.22,3303.2,0.2421875,3695,559,CEAm,CEA,108,left,0
3696,3697,2,6278.6,5986.6,3304.34,0.43359375,3696,559,CEAm,CEA,108,left,0
3697,3698,2,6277.28,5986.6,3305.4,0.37890625,3697,559,CEAm,CEA,108,left,0
3698,3699,2,6276.5,5987.04,3306.98,0.4609375,3698,559,CEAm,CEA,108,left,0
3699,3700,2,6275.2,5987.96,3307.52,0.21484375,3699,559,CEAm,CEA,108,left,0
3700,3701,2,6273.62,5988.36,3309.7,0.1640625,3700,559,CEAm,CEA,108,left,0
3701,3702,2,6271.64,5988.62,3310.44,0.89453125,3701,559,CEAm,CEA,108,left,0
3702,3703,2,6270.94,5990.68,3311.08,0.3515625,3702,559,CEAm,CEA,108,left,0
3703,3704,2,6269.94,5992.52,3311.4,0.3515625,3703,559,CEAm,CEA,108,left,0
3704,3705,2,6269.2,5995.04,3312.12,0.26953125,3704,559,CEAm,CEA,108,left,0
3705,3706,2,6268.34,5996.86,3312.78,0.1640625,3705,559,CEAm,CEA,108,left,0
3706,3707,2,6268.12,5999.26,3314.4,0.32421875,3706,559,CEAm,CEA,108,left,0
3707,3708,2,6267.3,5999.82,3314.96,0.40625,3707,559,CEAm,CEA,108,left,0
3708,3709,2,6266.28,6001.2,3316.72,0.43359375,3708,559,CEAm,CEA,108,left,0
3709,3710,2,6264.82,6001.76,3317.72,0.1640625,3709,559,CEAm,CEA,108,left,0
3710,3711,2,6264.72,6001.64,3319.18,0.3515625,3710,559,CEAm,CEA,108,left,0
3711,3712,2,6263.54,6000.78,3320.4,0.32421875,3711,559,CEAm,CEA,108,left,0
3712,3713,2,6262.06,6000.04,3321.02,0.4609375,3712,559,CEAm,CEA,108,left,0
3713,3714,2,6260.98,5999.0,3322.18,0.3515625,3713,559,CEAm,CEA,108,left,0
3714,3715,2,6260.7,5997.72,3324.0,0.3515625,3714,559,CEAm,CEA,108,left,0
3715,3716,2,6259.12,5997.3,3323.72,0.02734375,3715,559,CEAm,CEA,108,left,0
3716,3717,2,6258.7,5996.84,3325.16,0.48828125,3716,559,CEAm,CEA,108,left,0
3717,3718,2,6258.8,5996.34,3327.0,0.2421875,3717,559,CEAm,CEA,108,left,0
3718,3719,2,6259.06,5996.02,3330.64,0.4609375,3718,559,CEAm,CEA,108,left,0
3719,3720,2,6259.08,5995.4,3332.5,0.43359375,3719,559,CEAm,CEA,108,left,0
3720,3721,2,6257.96,5994.48,3333.24,0.40625,3720,559,CEAm,CEA,108,left,0
3721,3722,2,6257.56,5995.36,3338.38,0.32421875,3721,559,CEAm,CEA,108,left,0
3722,3723,2,6257.44,5995.36,3340.14,0.43359375,3722,559,CEAm,CEA,108,left,0
3723,3724,2,6256.62,5995.74,3341.52,0.43359375,3723,559,CEAm,CEA,108,left,0
3724,3725,2,6255.8,5997.2,3342.86,0.48828125,3724,559,CEAm,CEA,108,left,0
3725,3726,2,6253.96,5997.26,3343.76,0.2421875,3725,559,CEAm,CEA,108,left,0
3726,3727,2,6252.64,5996.94,3344.54,0.21484375,3726,559,CEAm,CEA,108,left,0
3727,3728,2,6252.08,5996.98,3346.68,0.00390625,3727,559,CEAm,CEA,108,left,0
3728,3729,2,6250.96,5996.86,3348.3,0.21484375,3728,559,CEAm,CEA,108,left,0
3729,3730,2,6250.34,5996.82,3349.82,0.4609375,3729,559,CEAm,CEA,108,left,0
3730,3731,2,6249.46,5996.72,3351.62,0.2421875,3730,559,CEAm,CEA,108,left,0
3731,3732,2,6248.8,5996.52,3353.12,0.296875,3731,559,CEAm,CEA,108,left,0
3732,3733,2,6247.52,5996.08,3354.08,0.37890625,3732,559,CEAm,CEA,108,left,0
3733,3734,2,6246.78,5996.42,3356.48,0.40625,3733,559,CEAm,CEA,108,left,0
3734,3735,2,6246.3,5996.6,3357.8,0.3515625,3734,559,CEAm,CEA,108,left,0
3735,3736,2,6244.74,5996.48,3358.72,0.26953125,3735,559,CEAm,CEA,108,left,0
3736,3737,2,6243.62,5996.38,3360.22,0.26953125,3736,559,CEAm,CEA,108,left,0
3737,3738,2,6242.66,5997.3,3361.66,0.40625,3737,559,CEAm,CEA,108,left,0
3738,3739,2,6242.34,5998.28,3363.24,0.21484375,3738,559,CEAm,CEA,108,left,0
3739,3740,2,6240.98,5999.74,3365.04,0.40625,3739,559,CEAm,CEA,108,left,0
3740,3741,2,6239.8,5999.68,3366.14,0.43359375,3740,559,CEAm,CEA,108,left,0
3741,3742,2,6239.24,5999.3,3368.5,0.1640625,3741,559,CEAm,CEA,108,left,0
3742,3743,2,6238.42,5999.76,3369.94,0.37890625,3742,559,CEAm,CEA,108,left,0
3743,3744,2,6237.5,5999.94,3372.08,0.3515625,3743,559,CEAm,CEA,108,left,0
3744,3745,2,6236.28,5999.78,3372.64,0.32421875,3744,559,CEAm,CEA,108,left,0
3745,3746,2,6236.16,6000.26,3374.32,0.19140625,3745,559,CEAm,CEA,108,left,0
3746,3747,2,6236.0,5999.52,3375.54,0.32421875,3746,559,CEAm,CEA,108,left,0
3747,3748,2,6234.46,5998.3,3376.52,0.296875,3747,559,CEAm,CEA,108,left,0
3748,3749,2,6233.6,5997.48,3377.28,0.73046875,3748,559,CEAm,CEA,108,left,0
3749,3750,2,6232.52,5994.6,3377.64,0.40625,3749,559,CEAm,CEA,108,left,0
3750,3751,2,6231.9,5992.74,3378.86,0.32421875,3750,559,CEAm,CEA,108,left,0
3751,3752,2,6231.58,5990.78,3380.98,0.32421875,3751,559,CEAm,CEA,108,left,0
3752,3753,2,6230.18,5989.96,3381.84,0.515625,3752,559,CEAm,CEA,108,left,0
3753,3754,2,6229.62,5988.4,3383.44,0.48828125,3753,559,CEAm,CEA,108,left,0
3754,3755,2,6228.28,5987.7,3385.28,0.19140625,3754,559,CEAm,CEA,108,left,0
3755,3756,2,6227.52,5987.38,3386.94,0.1640625,3755,559,CEAm,CEA,108,left,0
3756,3757,2,6226.42,5987.9,3387.8,0.19140625,3756,559,CEAm,CEA,108,left,0
3757,3758,2,6224.42,5987.98,3389.5,0.21484375,3757,559,CEAm,CEA,108,left,0
3758,3759,2,6224.22,5987.18,3391.1,0.21484375,3758,559,CEAm,CEA,108,left,0
3759,3760,2,6224.34,5986.66,3393.32,0.48828125,3759,559,CEAm,CEA,108,left,0
3760,3761,2,6223.9,5986.6,3394.4,0.32421875,3760,559,CEAm,CEA,108,left,0
3761,3762,2,6221.66,5986.18,3395.0,0.21484375,3761,559,CEAm,CEA,108,left,0
3762,3763,2,6220.6,5986.54,3395.84,0.40625,3762,559,CEAm,CEA,108,left,0
3763,3764,2,6220.18,5987.5,3398.44,0.296875,3763,559,CEAm,CEA,108,left,0
3764,3765,2,6219.36,5987.9,3399.48,0.37890625,3764,559,CEAm,CEA,108,left,0
3765,3766,2,6218.96,5988.48,3401.98,0.40625,3765,559,CEAm,CEA,108,left,0
3766,3767,2,6219.06,5988.22,3403.7,0.43359375,3766,559,CEAm,CEA,108,left,0
3767,3768,2,6218.7,5987.7,3405.3,0.21484375,3767,559,CEAm,CEA,108,left,0
3768,3769,2,6217.54,5987.56,3405.32,0.32421875,3768,559,CEAm,CEA,108,left,0
3769,3770,2,6217.3,5987.98,3407.64,0.37890625,3769,559,CEAm,CEA,108,left,0
3770,3771,2,6217.1,5987.94,3409.24,0.296875,3770,559,CEAm,CEA,108,left,0
3771,3772,2,6215.86,5988.06,3409.78,0.21484375,3771,559,CEAm,CEA,108,left,0
3772,3773,2,6215.62,5988.44,3412.2,0.00390625,3772,559,CEAm,CEA,108,left,0
3773,3774,2,6215.56,5988.84,3415.04,0.32421875,3773,559,CEAm,CEA,108,left,0
3774,3775,2,6215.0,5989.16,3415.9,0.48828125,3774,559,CEAm,CEA,108,left,0
3775,3776,2,6215.1,5990.54,3417.84,0.48828125,3775,559,CEAm,CEA,108,left,0
3776,3777,2,6215.34,5992.32,3419.58,0.4609375,3776,559,CEAm,CEA,108,left,0
3777,3778,2,6215.52,5993.2,3421.42,0.2421875,3777,559,CEAm,CEA,108,left,0
3778,3779,2,6215.26,5994.42,3423.2,0.43359375,3778,559,CEAm,CEA,108,left,0
3779,3780,2,6214.9,5995.3,3424.48,0.4609375,3779,559,CEAm,CEA,108,left,0
3780,3781,2,6214.7,5995.3,3427.08,0.2421875,3780,559,CEAm,CEA,108,left,0
3781,3782,2,6213.58,5995.58,3428.46,0.3515625,3781,559,CEAm,CEA,108,left,0
3782,3783,2,6213.34,5996.42,3431.18,0.43359375,3782,559,CEAm,CEA,108,left,0
3783,3784,2,6214.4,5997.16,3433.0,0.00390625,3783,559,CEAm,CEA,108,left,0
3784,3785,2,6214.92,5998.9,3437.08,0.43359375,3784,559,CEAm,CEA,108,left,0
3785,3786,2,6215.1,6000.0,3438.82,0.2421875,3785,559,CEAm,CEA,108,left,0
3786,3787,2,6215.36,6001.44,3441.24,0.4609375,3786,559,CEAm,CEA,108,left,0
3787,3788,2,6215.82,6003.1,3446.2,0.54296875,3787,559,CEAm,CEA,108,left,0
3788,3789,2,6216.72,6004.22,3448.18,0.19140625,3788,559,CEAm,CEA,108,left,0
3789,3790,2,6217.94,6004.82,3451.04,0.2421875,3789,559,CEAm,CEA,108,left,0
3790,3791,2,6218.28,6006.1,3453.1,0.40625,3790,559,CEAm,CEA,108,left,0
3791,3792,2,6217.58,6007.18,3454.08,0.296875,3791,559,CEAm,CEA,108,left,0
3792,3793,2,6215.86,6008.0,3455.1,0.37890625,3792,559,CEAm,CEA,108,left,0
3793,3794,2,6215.24,6009.08,3456.8,0.40625,3793,559,CEAm,CEA,108,left,0
3794,3795,2,6213.82,6010.3,3458.78,0.5703125,3794,559,CEAm,CEA,108,left,0
3795,3796,2,6212.52,6010.68,3460.26,0.21484375,3795,559,CEAm,CEA,108,left,0
3796,3797,2,6212.22,6011.26,3461.78,0.48828125,3796,559,CEAm,CEA,108,left,0
3797,3798,2,6211.74,6012.36,3463.22,0.2421875,3797,559,CEAm,CEA,108,left,0
3798,3799,2,6210.68,6013.22,3463.66,0.296875,3798,559,CEAm,CEA,108,left,0
3799,3800,2,6210.58,6014.84,3465.2,0.48828125,3799,559,CEAm,CEA,108,left,0
3800,3801,2,6210.02,6015.94,3466.86,0.32421875,3800,559,CEAm,CEA,108,left,0
3801,3802,2,6209.64,6016.6,3469.1,0.19140625,3801,559,CEAm,CEA,108,left,0
3802,3803,2,6207.94,6016.74,3469.26,0.37890625,3802,559,CEAm,CEA,108,left,0
3803,3804,2,6206.18,6016.74,3469.8,0.40625,3803,559,CEAm,CEA,108,left,0
3804,3805,2,6205.98,6017.06,3470.64,0.4609375,3804,559,CEAm,CEA,108,left,0
3805,3806,2,6206.24,6018.54,3475.04,0.2421875,3805,559,CEAm,CEA,108,left,0
3806,3807,2,6205.58,6019.06,3476.9,0.48828125,3806,559,CEAm,CEA,108,left,0
3807,3808,2,6203.84,6019.0,3478.32,0.296875,3807,559,CEAm,CEA,108,left,0
3808,3809,2,6203.62,6019.6,3480.02,0.48828125,3808,559,CEAm,CEA,108,left,0
3809,3810,2,6203.12,6020.28,3481.96,0.40625,3809,559,CEAm,CEA,108,left,0
3810,3811,2,6202.24,6020.28,3482.06,0.32421875,3810,559,CEAm,CEA,108,left,0
3811,3812,2,6201.86,6021.08,3483.4,0.296875,3811,559,CEAm,CEA,108,left,0
3812,3813,2,6202.04,6022.18,3485.16,0.4609375,3812,559,CEAm,CEA,108,left,0
3813,3814,2,6201.38,6022.82,3486.42,0.2421875,3813,559,CEAm,CEA,108,left,0
3814,3815,2,6200.2,6023.64,3487.22,0.2421875,3814,559,CEAm,CEA,108,left,0
3815,3816,2,6199.22,6024.64,3488.56,0.2421875,3815,559,CEAm,CEA,108,left,0
3816,3817,2,6198.32,6026.2,3490.0,0.296875,3816,559,CEAm,CEA,108,left,0
3817,3818,2,6197.46,6026.22,3490.18,0.40625,3817,559,CEAm,CEA,108,left,0
3818,3819,2,6196.94,6026.74,3492.54,0.00390625,3818,559,CEAm,CEA,108,left,0
3819,3820,2,6196.0,6027.76,3494.86,0.4609375,3819,559,CEAm,CEA,108,left,0
3820,3821,2,6195.0,6028.34,3495.84,0.296875,3820,559,CEAm,CEA,108,left,0
3821,3822,2,6195.06,6029.98,3497.8,0.3515625,3821,559,CEAm,CEA,108,left,0
3822,3823,2,6195.3,6032.1,3499.92,0.2421875,3822,559,CEAm,CEA,108,left,0
3823,3824,2,6195.5,6033.76,3501.42,0.1640625,3823,559,CEAm,CEA,108,left,0
3824,3825,2,6195.68,6035.92,3502.2,0.21484375,3824,559,CEAm,CEA,108,left,0
3825,3826,2,6195.96,6037.48,3505.32,0.32421875,3825,559,CEAm,CEA,108,left,0
3826,3827,2,6195.88,6037.78,3506.54,0.40625,3826,559,CEAm,CEA,108,left,0
3827,3828,2,6194.82,6037.9,3507.36,0.32421875,3827,559,CEAm,CEA,108,left,0
3828,3829,2,6193.74,6038.06,3508.4,0.32421875,3828,559,CEAm,CEA,108,left,0
3829,3830,2,6192.4,6038.06,3508.64,0.26953125,3829,559,CEAm,CEA,108,left,0
3830,3831,2,6191.72,6038.58,3509.58,0.1640625,3830,559,CEAm,CEA,108,left,0
3831,3832,2,6190.32,6039.22,3510.62,0.26953125,3831,559,CEAm,CEA,108,left,0
3832,3833,2,6189.64,6040.14,3512.1,0.37890625,3832,559,CEAm,CEA,108,left,0
3833,3834,2,6189.38,6040.82,3513.38,0.4609375,3833,559,CEAm,CEA,108,left,0
3834,3835,2,6188.54,6041.3,3513.44,0.078125,3834,559,CEAm,CEA,108,left,0
3835,3836,2,6188.44,6042.86,3514.92,0.296875,3835,559,CEAm,CEA,108,left,0
3836,3837,2,6187.4,6043.86,3516.14,0.48828125,3836,559,CEAm,CEA,108,left,0
3837,3838,2,6185.96,6044.8,3517.38,0.21484375,3837,559,CEAm,CEA,108,left,0
3838,3839,2,6184.78,6045.56,3518.3,0.37890625,3838,559,CEAm,CEA,108,left,0
3839,3840,2,6183.32,6046.58,3520.22,0.1640625,3839,559,CEAm,CEA,108,left,0
3840,3841,2,6182.52,6047.04,3521.4,0.1640625,3840,559,CEAm,CEA,108,left,0
3841,3842,2,6181.04,6047.82,3522.38,0.43359375,3841,559,CEAm,CEA,108,left,0
3842,3843,2,6180.16,6048.66,3523.9,0.21484375,3842,559,CEAm,CEA,108,left,0
3843,3844,2,6179.26,6050.12,3525.9,0.3515625,3843,559,CEAm,CEA,108,left,0
3844,3845,2,6179.04,6050.88,3527.62,0.32421875,3844,559,CEAm,CEA,108,left,0
3845,3846,2,6177.46,6051.24,3528.24,0.19140625,3845,559,CEAm,CEA,108,left,0
3846,3847,2,6176.26,6051.7,3529.42,0.26953125,3846,559,CEAm,CEA,108,left,0
3847,3848,2,6175.48,6052.3,3530.42,0.296875,3847,559,CEAm,CEA,108,left,0
3848,3849,2,6175.44,6052.88,3532.32,0.40625,3848,559,CEAm,CEA,108,left,0
3849,3850,2,6174.32,6052.94,3532.94,0.40625,3849,559,CEAm,CEA,108,left,0
3850,3851,2,6173.2,6053.0,3534.4,0.26953125,3850,559,CEAm,CEA,108,left,0
3851,3852,2,6171.9,6052.64,3535.28,0.1640625,3851,559,CEAm,CEA,108,left,0
3852,3853,2,6170.98,6052.22,3536.76,0.19140625,3852,559,CEAm,CEA,108,left,0
3853,3854,2,6169.78,6052.62,3537.9,0.1640625,3853,559,CEAm,CEA,108,left,0
3854,3855,2,6168.7,6052.52,3538.5,0.43359375,3854,559,CEAm,CEA,108,left,0
3855,3856,2,6166.88,6052.92,3537.52,0.00390625,3855,559,CEAm,CEA,108,left,0
3856,3857,2,6164.76,6053.18,3537.32,0.3515625,3856,559,CEAm,CEA,108,left,0
3857,3858,2,6163.04,6053.56,3537.66,0.1640625,3857,559,CEAm,CEA,108,left,0
3858,3859,2,6161.18,6053.34,3538.52,0.4609375,3858,559,CEAm,CEA,108,left,0
3859,3860,2,6159.48,6052.56,3539.22,0.2421875,3859,559,CEAm,CEA,108,left,0
3860,3861,2,6157.52,6052.16,3539.98,0.32421875,3860,559,CEAm,CEA,108,left,0
3861,3862,2,6156.02,6052.18,3540.62,0.40625,3861,559,CEAm,CEA,108,left,0
3862,3863,2,6155.18,6052.5,3542.04,0.32421875,3862,559,CEAm,CEA,108,left,0
3863,3864,2,6154.16,6052.94,3543.0,0.48828125,3863,559,CEAm,CEA,108,left,0
3864,3865,2,6152.76,6053.78,3543.88,0.32421875,3864,559,CEAm,CEA,108,left,0
3865,3866,2,6151.36,6053.94,3544.88,0.5703125,3865,559,CEAm,CEA,108,left,0
3866,3867,2,6149.3,6053.74,3545.5,0.2421875,3866,559,CEAm,CEA,108,left,0
3867,3868,2,6147.84,6053.42,3546.1,0.3515625,3867,559,CEAm,CEA,108,left,0
3868,3869,2,6146.18,6053.68,3546.98,0.21484375,3868,559,CEAm,CEA,108,left,0
3869,3870,2,6143.86,6054.52,3547.34,0.19140625,3869,559,CEAm,CEA,108,left,0
3870,3871,2,6142.32,6054.74,3547.64,0.2421875,3870,559,CEAm,CEA,108,left,0
3871,3872,2,6140.86,6055.32,3548.58,0.0078125,3871,559,CEAm,CEA,108,left,0
3872,3873,2,6138.68,6055.88,3549.68,0.21484375,3872,559,CEAm,CEA,108,left,0
3873,3874,2,6137.82,6056.92,3551.12,0.43359375,3873,559,CEAm,CEA,108,left,0
3874,3875,2,6135.84,6057.7,3551.82,0.48828125,3874,559,CEAm,CEA,108,left,0
3875,3876,2,6135.34,6060.02,3552.44,0.54296875,3875,559,CEAm,CEA,108,left,0
3876,3877,2,6134.24,6061.96,3553.62,0.2421875,3876,559,CEAm,CEA,108,left,0
3877,3878,2,6133.48,6063.66,3555.18,0.26953125,3877,559,CEAm,CEA,108,left,0
3878,3879,2,6132.38,6064.72,3555.72,0.32421875,3878,559,CEAm,CEA,108,left,0
3879,3880,2,6131.58,6066.26,3556.86,0.48828125,3879,23,AAA,AAA,108,left,0
3880,3881,2,6129.86,6066.94,3557.6,0.21484375,3880,23,AAA,AAA,108,left,0
3881,3882,2,6128.36,6067.88,3559.5,0.1640625,3881,23,AAA,AAA,108,left,0
3882,3883,2,6127.56,6068.46,3561.26,0.1640625,3882,23,AAA,AAA,108,left,0
3883,3884,2,6125.88,6068.66,3561.28,0.2421875,3883,23,AAA,AAA,108,left,0
3884,3885,2,6125.02,6069.64,3562.22,0.26953125,3884,23,AAA,AAA,108,left,0
3885,3886,2,6125.08,6071.96,3563.78,0.32421875,3885,23,AAA,AAA,108,left,0
3886,3887,2,6124.38,6073.4,3564.9,0.2421875,3886,23,AAA,AAA,108,left,0
3887,3888,2,6123.74,6074.16,3566.42,0.37890625,3887,23,AAA,AAA,108,left,0
3888,3889,2,6122.28,6074.66,3568.1,0.4609375,3888,23,AAA,AAA,108,left,0
3889,3890,2,6120.88,6074.42,3568.42,0.32421875,3889,23,AAA,AAA,108,left,0
3890,3891,2,6120.46,6075.2,3569.66,0.3515625,3890,23,AAA,AAA,108,left,0
3891,3892,2,6120.62,6076.5,3571.72,0.296875,3891,23,AAA,AAA,108,left,0
3892,3893,2,6120.54,6078.6,3573.78,0.37890625,3892,23,AAA,AAA,108,left,0
3893,3894,2,6119.3,6079.64,3574.18,0.21484375,3893,23,AAA,AAA,108,left,0
3894,3895,2,6118.78,6081.16,3575.74,0.32421875,3894,23,AAA,AAA,108,left,0
3895,3896,2,6117.56,6082.6,3577.44,0.32421875,3895,23,AAA,AAA,108,left,0
3896,3897,2,6116.8,6083.42,3579.02,0.26953125,3896,23,AAA,AAA,108,left,0
3897,3898,2,6115.5,6083.88,3579.4,0.296875,3897,23,AAA,AAA,108,left,0
3898,3899,2,6114.88,6085.76,3580.12,0.4609375,3898,23,AAA,AAA,108,left,0
3899,3900,2,6113.72,6087.2,3580.92,0.2421875,3899,23,AAA,AAA,108,left,0
3900,3901,2,6113.28,6088.68,3582.34,0.3515625,3900,23,AAA,AAA,108,left,0
3901,3902,2,6112.38,6088.82,3582.96,0.3515625,3901,23,AAA,AAA,108,left,0
3902,3903,2,6111.24,6089.18,3584.8,0.296875,3902,23,AAA,AAA,108,left,0
3903,3904,2,6109.84,6088.64,3585.1,0.32421875,3903,23,AAA,AAA,108,left,0
3904,3905,2,6109.44,6089.26,3587.28,0.3515625,3904,23,AAA,AAA,108,left,0
3905,3906,2,6108.92,6089.64,3588.6,0.37890625,3905,23,AAA,AAA,108,left,0
3906,3907,2,6107.44,6089.8,3589.4,0.40625,3906,23,AAA,AAA,108,left,0
3907,3908,2,6105.88,6089.58,3589.68,0.3515625,3907,23,AAA,AAA,108,left,0
3908,3909,2,6105.52,6090.54,3592.92,0.40625,3908,23,AAA,AAA,108,left,0
3909,3910,2,6105.58,6090.86,3593.96,0.32421875,3909,23,AAA,AAA,108,left,0
3910,3911,2,6103.9,6091.62,3595.96,0.37890625,3910,23,AAA,AAA,108,left,0
3911,3912,2,6103.18,6092.44,3598.64,0.40625,3911,23,AAA,AAA,108,left,0
3912,3913,2,6101.92,6092.18,3599.88,0.62109375,3912,23,AAA,AAA,108,left,0
3913,3914,2,6101.32,6092.82,3601.84,0.00390625,3913,23,AAA,AAA,108,left,0
3914,3915,2,6100.44,6093.2,3603.36,0.8125,3914,23,AAA,AAA,108,left,0
3915,3916,2,6098.92,6093.58,3605.12,1.94921875,3915,23,AAA,AAA,108,left,0
3916,3917,2,6097.24,6093.72,3606.2,1.02734375,3916,23,AAA,AAA,108,left,0
3917,3918,2,6095.52,6093.5,3606.12,1.70703125,3917,23,AAA,AAA,108,left,0
3918,3919,2,6094.66,6094.3,3609.0,0.32421875,3918,23,AAA,AAA,108,left,0
3919,3920,2,6093.9,6094.58,3610.22,0.40625,3919,23,AAA,AAA,108,left,0
3920,3921,2,6092.14,6095.16,3611.46,0.00390625,3920,23,AAA,AAA,108,left,0
3921,3922,2,6091.38,6095.5,3612.44,0.32421875,3921,23,AAA,AAA,108,left,0
3922,3923,2,6089.98,6095.34,3612.46,0.32421875,3922,23,AAA,AAA,108,left,0
3923,3924,2,6332.52,5969.88,3211.34,0.32421875,3218,559,CEAm,CEA,109,left,0
3924,3925,2,6329.78,5969.62,3212.0,0.3515625,3924,559,CEAm,CEA,109,left,0
3925,3926,2,6327.76,5969.46,3212.46,0.37890625,3925,559,CEAm,CEA,109,left,0
3926,3927,2,6326.3,5969.2,3213.48,0.3515625,3926,559,CEAm,CEA,109,left,0
3927,3928,2,6324.18,5968.68,3214.84,0.43359375,3927,559,CEAm,CEA,109,left,0
3928,3929,2,6323.1,5968.34,3216.08,0.40625,3928,559,CEAm,CEA,109,left,0
3929,3930,2,6320.58,5968.02,3216.7,0.5703125,3929,559,CEAm,CEA,109,left,0
3930,3931,2,6320.12,5968.04,3217.54,0.5703125,3930,559,CEAm,CEA,109,left,0
3931,3932,2,6318.16,5968.02,3217.36,0.01171875,3931,559,CEAm,CEA,109,left,0
3932,3933,2,6373.12,5964.24,3176.04,0.01171875,3235,559,CEAm,CEA,110,left,0
3933,3934,2,6372.52,5965.94,3174.78,0.62109375,3933,559,CEAm,CEA,110,left,1
3934,3935,2,6373.56,5959.7,3176.5,0.00390625,3235,559,CEAm,CEA,111,left,0
3935,3936,2,6374.62,5958.16,3175.2,0.2421875,3935,559,CEAm,CEA,111,left,0
3936,3937,2,6374.66,5956.16,3174.68,0.3515625,3936,559,CEAm,CEA,111,left,0
3937,3938,2,6376.8,5955.32,3174.54,0.3515625,3937,559,CEAm,CEA,111,left,0
3938,3939,2,6378.24,5955.1,3174.76,0.40625,3938,559,CEAm,CEA,111,left,1
3939,3940,2,6818.74,5783.04,2789.92,0.0078125,3245,544,CEAc,CEA,112,left,0
3940,3941,2,6818.04,5782.16,2787.56,0.296875,3940,544,CEAc,CEA,112,left,0
3941,3942,2,6817.14,5781.02,2785.16,0.19140625,3941,544,CEAc,CEA,112,left,0
3942,3943,2,6815.56,5780.84,2783.62,0.32421875,3942,544,CEAc,CEA,112,left,1
3943,3944,2,6820.04,5784.38,2792.94,0.00390625,3245,544,CEAc,CEA,113,left,0
3944,3945,2,6820.1,5787.48,2793.52,0.32421875,3944,544,CEAc,CEA,113,left,0
3945,3946,2,6819.44,5789.06,2793.64,0.3515625,3945,544,CEAc,CEA,113,left,0
3946,3947,2,6817.68,5791.04,2794.8,0.3515625,3946,544,CEAc,CEA,113,left,0
3947,3948,2,6816.84,5792.48,2795.78,0.37890625,3947,544,CEAc,CEA,113,left,0
3948,3949,2,6817.08,5794.16,2797.5,0.296875,3948,544,CEAc,CEA,113,left,0
3949,3950,2,6817.34,5794.74,2799.56,0.19140625,3949,544,CEAc,CEA,113,left,0
3950,3951,2,6817.26,5795.66,2801.4,0.43359375,3950,544,CEAc,CEA,113,left,0
3951,3952,2,6816.9,5797.34,2802.46,0.40625,3951,544,CEAc,CEA,113,left,0
3952,3953,2,6817.3,5800.68,2803.28,0.26953125,3952,544,CEAc,CEA,113,left,0
3953,3954,2,6817.48,5803.02,2804.24,0.32421875,3953,544,CEAc,CEA,113,left,0
3954,3955,2,6816.34,5804.06,2804.8,0.32421875,3954,544,CEAc,CEA,113,left,0
3955,3956,2,6815.32,5805.62,2805.4,0.1640625,3955,544,CEAc,CEA,113,left,0
3956,3957,2,6814.32,5807.84,2806.36,0.21484375,3956,544,CEAc,CEA,113,left,0
3957,3958,2,6813.44,5809.16,2806.66,0.32421875,3957,544,CEAc,CEA,113,left,0
3958,3959,2,6812.94,5811.0,2807.5,0.32421875,3958,544,CEAc,CEA,113,left,0
3959,3960,2,6812.44,5812.44,2808.12,0.43359375,3959,544,CEAc,CEA,113,left,0
3960,3961,2,6812.96,5816.32,2809.24,0.32421875,3960,544,CEAc,CEA,113,left,0
3961,3962,2,6813.68,5816.88,2810.76,0.1640625,3961,544,CEAc,CEA,113,left,0
3962,3963,2,6815.04,5817.68,2812.16,0.48828125,3962,559,CEAm,CEA,113,left,0
3963,3964,2,6815.64,5819.48,2813.76,0.48828125,3963,559,CEAm,CEA,113,left,0
3964,3965,2,6815.2,5820.92,2814.28,0.54296875,3964,559,CEAm,CEA,113,left,0
3965,3966,2,6815.52,5822.3,2816.18,0.515625,3965,559,CEAm,CEA,113,left,0
3966,3967,2,6815.76,5823.28,2817.44,0.59765625,3966,559,CEAm,CEA,113,left,0
3967,3968,2,6816.16,5825.94,2818.26,0.296875,3967,559,CEAm,CEA,113,left,0
3968,3969,2,6816.26,5828.6,2818.72,0.32421875,3968,559,CEAm,CEA,113,left,0
3969,3970,2,6815.74,5829.66,2819.32,0.32421875,3969,559,CEAm,CEA,113,left,0
3970,3971,2,6816.02,5832.22,2820.48,0.21484375,3970,559,CEAm,CEA,113,left,0
3971,3972,2,6816.18,5835.0,2821.58,0.19140625,3971,559,CEAm,CEA,113,left,0
3972,3973,2,6815.7,5836.92,2821.7,0.40625,3972,559,CEAm,CEA,113,left,0
3973,3974,2,6815.94,5840.82,2820.64,0.32421875,3973,559,CEAm,CEA,113,left,0
3974,3975,2,6816.28,5844.4,2819.9,0.4609375,3974,559,CEAm,CEA,113,left,0
3975,3976,2,6816.08,5846.48,2820.2,0.19140625,3975,559,CEAm,CEA,113,left,0
3976,3977,2,6815.74,5849.74,2820.14,0.1640625,3976,559,CEAm,CEA,113,left,0
3977,3978,2,6815.36,5851.48,2820.68,0.40625,3977,559,CEAm,CEA,113,left,0
3978,3979,2,6815.42,5854.8,2821.06,0.2421875,3978,559,CEAm,CEA,113,left,0
3979,3980,2,6815.76,5856.74,2821.14,0.1640625,3979,559,CEAm,CEA,113,left,0
3980,3981,2,6816.86,5858.44,2821.02,0.32421875,3980,559,CEAm,CEA,113,left,0
3981,3982,2,6817.32,5861.36,2820.7,0.48828125,3981,559,CEAm,CEA,113,left,0
3982,3983,2,6817.68,5863.96,2821.16,0.00390625,3982,559,CEAm,CEA,113,left,0
3983,3984,2,6818.22,5868.4,2821.08,0.2421875,3983,559,CEAm,CEA,113,left,0
3984,3985,2,6818.52,5870.84,2821.06,0.43359375,3984,559,CEAm,CEA,113,left,0
3985,3986,2,6818.8,5873.44,2820.82,0.296875,3985,559,CEAm,CEA,113,left,0
3986,3987,2,6819.16,5876.24,2820.9,0.67578125,3986,559,CEAm,CEA,113,left,0
3987,3988,2,6819.42,5879.22,2820.8,0.2421875,3987,559,CEAm,CEA,113,left,0
3988,3989,2,6818.7,5880.48,2820.66,0.4609375,3988,559,CEAm,CEA,113,left,0
3989,3990,2,6819.0,5885.02,2819.72,0.32421875,3989,477,STR,STR,113,left,0
3990,3991,2,6819.76,5888.02,2819.04,0.32421875,3990,477,STR,STR,113,left,0
3991,3992,2,6820.58,5889.4,2819.48,0.43359375,3991,477,STR,STR,113,left,0
3992,3993,2,6819.72,5890.36,2819.82,0.0234375,3992,477,STR,STR,113,left,0
3993,3994,2,6820.34,5896.14,2819.64,0.7578125,3993,477,STR,STR,113,left,0
3994,3995,2,6819.9,5898.24,2819.66,0.26953125,3994,477,STR,STR,113,left,0
3995,3996,2,6819.94,5901.68,2818.92,0.703125,3995,477,STR,STR,113,left,0
3996,3997,2,6820.88,5903.62,2818.96,0.43359375,3996,477,STR,STR,113,left,0
3997,3998,2,6822.04,5907.04,2818.76,0.32421875,3997,477,STR,STR,113,left,0
3998,3999,2,6822.84,5908.64,2818.36,0.48828125,3998,477,STR,STR,113,left,0
3999,4000,2,6823.46,5912.92,2817.42,0.48828125,3999,477,STR,STR,113,left,0
4000,4001,2,6824.38,5914.64,2817.24,0.32421875,4000,477,STR,STR,113,left,0
4001,4002,2,6825.86,5918.42,2816.98,0.3515625,4001,477,STR,STR,113,left,0
4002,4003,2,6827.54,5921.24,2816.68,0.43359375,4002,477,STR,STR,113,left,0
4003,4004,2,6828.76,5923.68,2816.58,0.26953125,4003,477,STR,STR,113,left,0
4004,4005,2,6829.5,5926.38,2816.78,0.48828125,4004,477,STR,STR,113,left,0
4005,4006,2,6830.4,5929.2,2817.24,0.67578125,4005,477,STR,STR,113,left,0
4006,4007,2,6832.06,5931.46,2817.1,0.296875,4006,477,STR,STR,113,left,0
4007,4008,2,6832.76,5934.44,2816.86,0.43359375,4007,477,STR,STR,113,left,0
4008,4009,2,6833.88,5937.1,2816.58,0.32421875,4008,477,STR,STR,113,left,0
4009,4010,2,6835.06,5937.98,2816.52,0.32421875,4009,303,BLAa,BLA,113,left,0
4010,4011,2,6835.42,5938.56,2816.44,0.0546875,4010,303,BLAa,BLA,113,left,0
4011,4012,2,6836.3,5945.3,2815.18,0.2421875,4011,303,BLAa,BLA,113,left,0
4012,4013,2,6837.26,5947.18,2814.34,0.1640625,4012,303,BLAa,BLA,113,left,0
4013,4014,2,6839.7,5949.7,2813.22,0.43359375,4013,303,BLAa,BLA,113,left,0
4014,4015,2,6840.78,5950.88,2813.04,0.26953125,4014,303,BLAa,BLA,113,left,0
4015,4016,2,6841.6,5953.88,2813.04,0.62109375,4015,303,BLAa,BLA,113,left,0
4016,4017,2,6842.3,5956.04,2813.6,0.1640625,4016,303,BLAa,BLA,113,left,0
4017,4018,2,6843.92,5957.0,2813.78,0.26953125,4017,303,BLAa,BLA,113,left,0
4018,4019,2,6844.58,5959.18,2813.9,0.4609375,4018,303,BLAa,BLA,113,left,0
4019,4020,2,6845.9,5962.16,2813.68,0.37890625,4019,303,BLAa,BLA,113,left,0
4020,4021,2,6847.62,5964.22,2813.16,0.62109375,4020,303,BLAa,BLA,113,left,0
4021,4022,2,6850.2,5966.04,2812.96,0.40625,4021,303,BLAa,BLA,113,left,0
4022,4023,2,6852.04,5967.58,2812.56,0.43359375,4022,303,BLAa,BLA,113,left,0
4023,4024,2,6852.78,5968.88,2811.48,0.3515625,4023,303,BLAa,BLA,113,left,0
4024,4025,2,6854.48,5969.36,2810.74,0.3515625,4024,303,BLAa,BLA,113,left,0
4025,4026,2,6856.7,5969.76,2809.12,0.40625,4025,303,BLAa,BLA,113,left,0
4026,4027,2,6858.26,5969.98,2807.82,0.40625,4026,303,BLAa,BLA,113,left,0
4027,4028,2,6859.44,5970.2,2806.86,0.0078125,4027,303,BLAa,BLA,113,left,0
4028,4029,2,6862.38,5970.0,2805.0,0.32421875,4028,303,BLAa,BLA,113,left,0
4029,4030,2,6863.76,5969.58,2804.1,0.1640625,4029,303,BLAa,BLA,113,left,0
4030,4031,2,7037.3,5626.32,2555.8,0.00390625,3289,303,BLAa,BLA,114,left,0
4031,4032,2,7036.04,5627.04,2556.68,0.40625,4031,303,BLAa,BLA,114,left,0
4032,4033,2,7033.28,5627.28,2558.3,0.32421875,4032,303,BLAa,BLA,114,left,0
4033,4034,2,7030.94,5627.02,2559.86,0.2421875,4033,303,BLAa,BLA,114,left,0
4034,4035,2,7029.26,5627.48,2560.82,0.59765625,4034,303,BLAa,BLA,114,left,0
4035,4036,2,7027.22,5628.24,2561.48,0.4609375,4035,303,BLAa,BLA,114,left,0
4036,4037,2,7025.3,5629.3,2562.86,0.37890625,4036,303,BLAa,BLA,114,left,0
4037,4038,2,7023.82,5629.86,2563.94,0.32421875,4037,303,BLAa,BLA,114,left,0
4038,4039,2,7022.5,5630.1,2565.48,0.32421875,4038,303,BLAa,BLA,114,left,0
4039,4040,2,7020.14,5630.16,2566.32,0.40625,4039,303,BLAa,BLA,114,left,0
4040,4041,2,7018.0,5630.0,2567.3,0.26953125,4040,303,BLAa,BLA,114,left,0
4041,4042,2,7016.5,5629.9,2567.92,0.4609375,4041,303,BLAa,BLA,114,left,0
4042,4043,2,7014.78,5630.02,2569.04,0.0078125,4042,303,BLAa,BLA,114,left,0
4043,4044,2,7013.28,5629.84,2570.1,0.19140625,4043,303,BLAa,BLA,114,left,0
4044,4045,2,7011.0,5629.86,2570.56,0.4609375,4044,303,BLAa,BLA,114,left,0
4045,4046,2,7009.84,5629.4,2572.14,0.40625,4045,303,BLAa,BLA,114,left,0
4046,4047,2,7008.7,5628.7,2573.86,0.26953125,4046,303,BLAa,BLA,114,left,0
4047,4048,2,7007.28,5628.44,2574.76,0.37890625,4047,303,BLAa,BLA,114,left,0
4048,4049,2,7005.24,5628.0,2575.64,0.1640625,4048,303,BLAa,BLA,114,left,0
4049,4050,2,7003.48,5628.16,2576.32,0.32421875,4049,303,BLAa,BLA,114,left,0
4050,4051,2,7001.88,5628.38,2577.48,0.515625,4050,303,BLAa,BLA,114,left,0
4051,4052,2,7001.1,5628.88,2578.56,0.296875,4051,303,BLAa,BLA,114,left,0
4052,4053,2,7000.04,5630.32,2580.28,0.3515625,4052,303,BLAa,BLA,114,left,0
4053,4054,2,6998.7,5631.0,2581.68,0.19140625,4053,303,BLAa,BLA,114,left,0
4054,4055,2,6997.06,5630.6,2583.42,0.2421875,4054,303,BLAa,BLA,114,left,0
4055,4056,2,6995.98,5629.8,2584.54,0.3515625,4055,303,BLAa,BLA,114,left,0
4056,4057,2,6994.22,5629.36,2585.26,0.4609375,4056,303,BLAa,BLA,114,left,0
4057,4058,2,6992.56,5628.78,2586.62,0.3515625,4057,303,BLAa,BLA,114,left,0
4058,4059,2,6991.8,5627.58,2588.96,0.32421875,4058,303,BLAa,BLA,114,left,0
4059,4060,2,6990.38,5626.58,2590.28,0.1640625,4059,303,BLAa,BLA,114,left,0
4060,4061,2,6988.72,5625.98,2590.9,0.32421875,4060,303,BLAa,BLA,114,left,0
4061,4062,2,6986.46,5625.26,2591.14,0.26953125,4061,303,BLAa,BLA,114,left,0
4062,4063,2,6985.32,5623.36,2592.0,0.2421875,4062,303,BLAa,BLA,114,left,0
4063,4064,2,6983.76,5622.6,2593.38,0.40625,4063,303,BLAa,BLA,114,left,0
4064,4065,2,6982.54,5622.94,2594.36,0.43359375,4064,303,BLAa,BLA,114,left,0
4065,4066,2,6980.38,5623.32,2595.34,0.40625,4065,303,BLAa,BLA,114,left,0
4066,4067,2,6978.76,5623.4,2596.82,0.21484375,4066,303,BLAa,BLA,114,left,0
4067,4068,2,6977.38,5623.5,2597.8,0.32421875,4067,303,BLAa,BLA,114,left,0
4068,4069,2,6975.86,5622.86,2599.58,0.00390625,4068,303,BLAa,BLA,114,left,0
4069,4070,2,6973.78,5622.4,2600.72,0.296875,4069,303,BLAa,BLA,114,left,0
4070,4071,2,6972.0,5622.84,2601.66,0.2421875,4070,303,BLAa,BLA,114,left,0
4071,4072,2,6969.76,5623.22,2602.34,0.3515625,4071,303,BLAa,BLA,114,left,0
4072,4073,2,6967.84,5623.38,2603.36,0.296875,4072,303,BLAa,BLA,114,left,0
4073,4074,2,6966.66,5622.94,2604.68,0.32421875,4073,303,BLAa,BLA,114,left,0
4074,4075,2,6965.22,5622.72,2604.6,0.296875,4074,303,BLAa,BLA,114,left,0
4075,4076,2,6965.06,5622.22,2606.38,0.00390625,4075,303,BLAa,BLA,114,left,0
4076,4077,2,6963.9,5621.62,2607.1,0.1640625,4076,303,BLAa,BLA,114,left,0
4077,4078,2,6961.4,5621.48,2608.24,0.2421875,4077,303,BLAa,BLA,114,left,0
4078,4079,2,6960.5,5621.2,2610.12,0.4609375,4078,303,BLAa,BLA,114,left,0
4079,4080,2,6959.16,5621.0,2610.52,0.4609375,4079,303,BLAa,BLA,114,left,0
4080,4081,2,6956.62,5621.32,2610.68,0.32421875,4080,303,BLAa,BLA,114,left,0
4081,4082,2,6954.38,5621.66,2611.5,0.32421875,4081,303,BLAa,BLA,114,left,0
4082,4083,2,6952.68,5622.1,2612.44,0.37890625,4082,303,BLAa,BLA,114,left,0
4083,4084,2,6951.52,5622.24,2613.8,0.32421875,4083,303,BLAa,BLA,114,left,0
4084,4085,2,6949.86,5622.62,2615.14,0.43359375,4084,303,BLAa,BLA,114,left,0
4085,4086,2,6948.5,5623.16,2616.56,0.26953125,4085,303,BLAa,BLA,114,left,0
4086,4087,2,6947.4,5622.38,2618.9,0.37890625,4086,303,BLAa,BLA,114,left,0
4087,4088,2,6946.06,5621.72,2620.74,0.32421875,4087,303,BLAa,BLA,114,left,0
4088,4089,2,6944.86,5621.86,2622.46,0.59765625,4088,303,BLAa,BLA,114,left,0
4089,4090,2,6943.22,5622.2,2624.08,0.37890625,4089,303,BLAa,BLA,114,left,0
4090,4091,2,6941.72,5622.34,2625.36,0.37890625,4090,579,ec,ec,114,left,0
4091,4092,2,6939.56,5622.4,2627.0,0.296875,4091,579,ec,ec,114,left,0
4092,4093,2,6938.06,5622.14,2628.4,0.296875,4092,579,ec,ec,114,left,0
4093,4094,2,6936.82,5621.62,2630.94,0.40625,4093,579,ec,ec,114,left,0
4094,4095,2,6934.58,5621.38,2631.96,0.4609375,4094,579,ec,ec,114,left,0
4095,4096,2,6933.24,5621.0,2632.62,0.3515625,4095,579,ec,ec,114,left,0
4096,4097,2,6932.66,5620.44,2635.14,0.43359375,4096,579,ec,ec,114,left,0
4097,4098,2,6932.34,5619.68,2636.78,0.3515625,4097,579,ec,ec,114,left,0
4098,4099,2,6930.2,5619.16,2637.24,0.26953125,4098,579,ec,ec,114,left,0
4099,4100,2,6928.2,5618.12,2637.9,0.4609375,4099,579,ec,ec,114,left,0
4100,4101,2,6926.08,5617.82,2638.24,0.54296875,4100,579,ec,ec,114,left,0
4101,4102,2,6924.4,5618.48,2638.84,0.296875,4101,579,ec,ec,114,left,0
4102,4103,2,6923.08,5619.4,2639.4,0.67578125,4102,579,ec,ec,114,left,0
4103,4104,2,7035.84,5625.52,2553.12,0.40625,3289,303,BLAa,BLA,115,left,0
4104,4105,2,7033.58,5626.06,2553.12,0.4609375,4104,303,BLAa,BLA,115,left,0
4105,4106,2,7032.54,5626.5,2553.98,0.37890625,4105,303,BLAa,BLA,115,left,0
4106,4107,2,7030.5,5627.16,2554.66,0.4609375,4106,303,BLAa,BLA,115,left,0
4107,4108,2,7029.76,5628.04,2554.98,0.0078125,4107,303,BLAa,BLA,115,left,0
4108,4109,2,7027.1,5628.78,2554.64,0.32421875,4108,303,BLAa,BLA,115,left,0
4109,4110,2,7024.22,5629.18,2554.24,0.21484375,4109,303,BLAa,BLA,115,left,0
4110,4111,2,7022.02,5628.74,2554.3,0.48828125,4110,303,BLAa,BLA,115,left,0
4111,4112,2,7019.64,5628.04,2555.44,0.32421875,4111,303,BLAa,BLA,115,left,0
4112,4113,2,7018.24,5628.1,2556.8,0.40625,4112,303,BLAa,BLA,115,left,0
4113,4114,2,7017.1,5627.46,2558.74,0.26953125,4113,303,BLAa,BLA,115,left,0
4114,4115,2,7015.04,5626.66,2559.16,0.32421875,4114,303,BLAa,BLA,115,left,0
4115,4116,2,7011.82,5625.86,2559.88,0.3515625,4115,303,BLAa,BLA,115,left,0
4116,4117,2,7009.82,5625.16,2560.62,0.19140625,4116,303,BLAa,BLA,115,left,0
4117,4118,2,6675.98,5899.16,2894.52,0.00390625,3367,559,CEAm,CEA,116,left,0
4118,4119,2,6675.98,5901.96,2894.08,0.48828125,4118,559,CEAm,CEA,116,left,0
4119,4120,2,6674.64,5903.12,2894.44,0.19140625,4119,559,CEAm,CEA,116,left,0
4120,4121,2,6673.78,5905.38,2895.12,0.2421875,4120,559,CEAm,CEA,116,left,0
4121,4122,2,6672.6,5906.44,2895.4,0.4609375,4121,559,CEAm,CEA,116,left,0
4122,4123,2,6672.74,5909.24,2895.1,0.1640625,4122,559,CEAm,CEA,116,left,0
4123,4124,2,6672.64,5911.1,2893.94,0.48828125,4123,559,CEAm,CEA,116,left,0
4124,4125,2,6671.2,5911.96,2893.22,0.48828125,4124,559,CEAm,CEA,116,left,1
4125,4126,2,6675.98,5897.64,2896.28,0.26953125,3367,559,CEAm,CEA,117,left,0
4126,4127,2,6674.2,5898.6,2897.06,0.00390625,4126,559,CEAm,CEA,117,left,0
4127,4128,2,6672.84,5899.7,2897.32,0.2421875,4127,559,CEAm,CEA,117,left,0
4128,4129,2,6671.9,5899.8,2898.34,0.296875,4128,559,CEAm,CEA,117,left,0
4129,4130,2,6672.04,5900.4,2899.78,0.48828125,4129,559,CEAm,CEA,117,left,0
4130,4131,2,6671.68,5902.12,2900.8,0.32421875,4130,559,CEAm,CEA,117,left,0
4131,4132,2,6671.28,5904.42,2902.12,0.296875,4131,559,CEAm,CEA,117,left,0
4132,4133,2,6670.66,5906.2,2902.54,0.2421875,4132,559,CEAm,CEA,117,left,0
4133,4134,2,6669.44,5907.62,2903.06,0.3515625,4133,559,CEAm,CEA,117,left,0
4134,4135,2,6669.14,5909.38,2903.38,0.67578125,4134,559,CEAm,CEA,117,left,0
4135,4136,2,6669.52,5911.66,2904.54,0.3515625,4135,559,CEAm,CEA,117,left,0
4136,4137,2,6669.38,5912.58,2905.66,0.48828125,4136,559,CEAm,CEA,117,left,0
4137,4138,2,6667.9,5913.34,2906.1,0.4609375,4137,559,CEAm,CEA,117,left,0
4138,4139,2,6667.48,5914.42,2906.78,0.3515625,4138,559,CEAm,CEA,117,left,0
4139,4140,2,6665.66,5915.46,2906.62,0.37890625,4139,559,CEAm,CEA,117,left,0
4140,4141,2,6664.14,5916.64,2906.26,0.2421875,4140,559,CEAm,CEA,117,left,0
4141,4142,2,6663.72,5920.02,2906.2,0.00390625,4141,559,CEAm,CEA,117,left,0
4142,4143,2,6662.26,5921.8,2905.96,0.5703125,4142,559,CEAm,CEA,117,left,0
4143,4144,2,6661.42,5923.34,2905.48,0.26953125,4143,559,CEAm,CEA,117,left,0
4144,4145,2,6659.8,5924.4,2904.28,0.32421875,4144,559,CEAm,CEA,117,left,0
4145,4146,2,6658.0,5924.66,2902.14,0.21484375,4145,559,CEAm,CEA,117,left,0
4146,4147,2,6657.0,5924.88,2900.2,0.32421875,4146,559,CEAm,CEA,117,left,0
4147,4148,2,6655.38,5925.58,2899.22,0.32421875,4147,559,CEAm,CEA,117,left,0
4148,4149,2,6655.12,5927.28,2897.04,0.6484375,4148,559,CEAm,CEA,117,left,0
4149,4150,2,6655.02,5928.62,2894.36,0.43359375,4149,559,CEAm,CEA,117,left,0
4150,4151,2,6654.7,5929.16,2892.14,0.37890625,4150,559,CEAm,CEA,117,left,0
4151,4152,2,6653.7,5929.5,2890.68,0.40625,4151,559,CEAm,CEA,117,left,0
4152,4153,2,6650.84,5930.32,2888.48,0.19140625,4152,559,CEAm,CEA,117,left,0
4153,4154,2,6649.44,5931.02,2887.14,0.4609375,4153,559,CEAm,CEA,117,left,0
4154,4155,2,6647.14,5932.84,2885.3,0.3515625,4154,559,CEAm,CEA,117,left,0
4155,4156,2,6645.76,5934.74,2884.12,0.3515625,4155,559,CEAm,CEA,117,left,0
4156,4157,2,6644.44,5935.86,2883.38,0.32421875,4156,559,CEAm,CEA,117,left,0
4157,4158,2,6642.18,5938.04,2882.6,0.32421875,4157,559,CEAm,CEA,117,left,0
4158,4159,2,6640.08,5938.82,2882.02,0.19140625,4158,559,CEAm,CEA,117,left,0
4159,4160,2,6637.66,5940.46,2881.2,0.515625,4159,559,CEAm,CEA,117,left,0
4160,4161,2,6636.3,5942.14,2880.12,0.37890625,4160,559,CEAm,CEA,117,left,0
4161,4162,2,6634.3,5943.06,2879.52,0.32421875,4161,559,CEAm,CEA,117,left,0
4162,4163,2,6633.32,5944.52,2879.72,0.01171875,4162,559,CEAm,CEA,117,left,0
4163,4164,2,6632.14,5946.92,2879.1,0.2421875,4163,559,CEAm,CEA,117,left,0
4164,4165,2,6631.42,5948.04,2879.04,0.32421875,4164,559,CEAm,CEA,117,left,0
4165,4166,2,6629.4,5949.64,2878.5,0.1640625,4165,559,CEAm,CEA,117,left,0
4166,4167,2,6627.62,5950.98,2877.72,0.37890625,4166,559,CEAm,CEA,117,left,0
4167,4168,2,6626.2,5952.32,2877.14,0.37890625,4167,559,CEAm,CEA,117,left,0
4168,4169,2,6625.66,5955.56,2876.6,0.296875,4168,559,CEAm,CEA,117,left,0
4169,4170,2,6625.9,5957.58,2877.06,0.32421875,4169,559,CEAm,CEA,117,left,0
4170,4171,2,6624.92,5960.02,2877.1,0.43359375,4170,559,CEAm,CEA,117,left,0
4171,4172,2,6624.04,5961.88,2876.24,0.19140625,4171,559,CEAm,CEA,117,left,0
4172,4173,2,6622.5,5963.14,2875.68,0.296875,4172,559,CEAm,CEA,117,left,0
4173,4174,2,6621.1,5965.32,2875.1,0.00390625,4173,559,CEAm,CEA,117,left,0
4174,4175,2,6620.64,5968.76,2875.0,0.296875,4174,559,CEAm,CEA,117,left,0
4175,4176,2,6620.8,5971.74,2874.42,0.32421875,4175,559,CEAm,CEA,117,left,0
4176,4177,2,6619.64,5973.3,2873.7,0.32421875,4176,559,CEAm,CEA,117,left,0
4177,4178,2,6618.28,5975.66,2872.98,0.296875,4177,559,CEAm,CEA,117,left,0
4178,4179,2,6617.52,5977.64,2872.38,0.32421875,4178,559,CEAm,CEA,117,left,0
4179,4180,2,6617.06,5979.78,2871.96,0.32421875,4179,559,CEAm,CEA,117,left,0
4180,4181,2,6615.58,5981.5,2871.52,0.40625,4180,559,CEAm,CEA,117,left,0
4181,4182,2,6614.82,5983.74,2871.06,0.40625,4181,559,CEAm,CEA,117,left,0
4182,4183,2,6614.56,5985.86,2870.68,0.48828125,4182,559,CEAm,CEA,117,left,0
4183,4184,2,6613.16,5987.52,2870.26,0.32421875,4183,559,CEAm,CEA,117,left,0
4184,4185,2,6611.88,5989.24,2869.84,0.32421875,4184,559,CEAm,CEA,117,left,0
4185,4186,2,6770.38,5780.18,2882.6,0.00390625,3380,559,CEAm,CEA,118,left,0
4186,4187,2,6769.24,5781.6,2883.18,0.32421875,4186,559,CEAm,CEA,118,left,1
4187,4188,2,6772.92,5776.82,2882.74,0.2421875,3380,559,CEAm,CEA,119,left,0
4188,4189,2,6774.12,5775.08,2884.44,0.4609375,4188,559,CEAm,CEA,119,left,0
4189,4190,2,6774.34,5774.62,2886.78,0.4609375,4189,559,CEAm,CEA,119,left,0
4190,4191,2,6774.4,5773.36,2888.64,0.40625,4190,559,CEAm,CEA,119,left,0
4191,4192,2,6774.78,5770.84,2891.06,0.00390625,4191,559,CEAm,CEA,119,left,0
4192,4193,2,6775.38,5768.78,2892.62,0.3515625,4192,559,CEAm,CEA,119,left,0
4193,4194,2,6776.4,5766.78,2894.16,0.26953125,4193,559,CEAm,CEA,119,left,0
4194,4195,2,6778.34,5765.76,2895.28,0.1640625,4194,559,CEAm,CEA,119,left,0
4195,4196,2,6779.56,5764.88,2896.66,0.6484375,4195,559,CEAm,CEA,119,left,0
4196,4197,2,6781.64,5764.5,2897.8,0.32421875,4196,559,CEAm,CEA,119,left,0
4197,4198,2,6783.14,5764.32,2898.0,0.32421875,4197,559,CEAm,CEA,119,left,1
4198,4199,2,6780.76,5730.66,2873.0,0.02734375,3396,544,CEAc,CEA,120,left,0
4199,4200,2,6782.68,5730.88,2873.16,0.3515625,4199,544,CEAc,CEA,120,left,0
4200,4201,2,6783.08,5733.32,2873.08,0.296875,4200,544,CEAc,CEA,120,left,0
4201,4202,2,6783.36,5736.38,2872.7,0.4609375,4201,544,CEAc,CEA,120,left,0
4202,4203,2,6783.44,5739.04,2871.58,0.2421875,4202,544,CEAc,CEA,120,left,0
4203,4204,2,6782.58,5741.74,2870.7,0.40625,4203,544,CEAc,CEA,120,left,0
4204,4205,2,6781.98,5743.7,2870.42,0.21484375,4204,544,CEAc,CEA,120,left,0
4205,4206,2,6781.64,5746.4,2870.46,0.296875,4205,544,CEAc,CEA,120,left,0
4206,4207,2,6781.14,5748.82,2870.04,0.19140625,4206,544,CEAc,CEA,120,left,0
4207,4208,2,6781.2,5752.52,2869.76,0.3515625,4207,544,CEAc,CEA,120,left,0
4208,4209,2,6780.66,5753.78,2869.78,0.4609375,4208,544,CEAc,CEA,120,left,1
4209,4210,2,6776.42,5732.44,2872.28,0.00390625,3396,544,CEAc,CEA,121,left,0
4210,4211,2,6775.92,5734.68,2871.4,0.26953125,4210,544,CEAc,CEA,121,left,0
4211,4212,2,6774.5,5736.7,2870.94,0.296875,4211,544,CEAc,CEA,121,left,0
4212,4213,2,6772.5,5738.28,2871.04,0.32421875,4212,544,CEAc,CEA,121,left,0
4213,4214,2,6770.02,5738.92,2871.24,0.32421875,4213,544,CEAc,CEA,121,left,0
4214,4215,2,6768.14,5739.12,2871.22,0.26953125,4214,544,CEAc,CEA,121,left,0
4215,4216,2,6765.44,5739.1,2870.96,0.40625,4215,544,CEAc,CEA,121,left,0
4216,4217,2,6762.16,5739.16,2870.6,0.40625,4216,544,CEAc,CEA,121,left,0
4217,4218,2,6760.38,5739.1,2870.42,0.37890625,4217,544,CEAc,CEA,121,left,0
4218,4219,2,6758.5,5739.24,2870.9,0.015625,4218,544,CEAc,CEA,121,left,0
4219,4220,2,6755.5,5739.54,2871.4,0.32421875,4219,544,CEAc,CEA,121,left,0
4220,4221,2,6753.84,5739.96,2871.82,0.43359375,4220,544,CEAc,CEA,121,left,0
4221,4222,2,6751.98,5741.56,2871.84,0.2421875,4221,544,CEAc,CEA,121,left,0
4222,4223,2,6749.82,5743.28,2871.16,0.4609375,4222,544,CEAc,CEA,121,left,0
4223,4224,2,6748.18,5744.56,2870.54,0.1640625,4223,544,CEAc,CEA,121,left,0
4224,4225,2,6746.8,5745.38,2870.22,0.01953125,4224,544,CEAc,CEA,121,left,0
4225,4226,2,6744.72,5746.2,2870.06,0.19140625,4225,544,CEAc,CEA,121,left,0
4226,4227,2,6744.08,5747.76,2869.8,0.2421875,4226,544,CEAc,CEA,121,left,0
4227,4228,2,6742.46,5748.64,2869.22,0.40625,4227,544,CEAc,CEA,121,left,0
4228,4229,2,6739.36,5749.28,2868.74,0.32421875,4228,544,CEAc,CEA,121,left,0
4229,4230,2,6736.74,5749.6,2868.66,0.296875,4229,544,CEAc,CEA,121,left,0
4230,4231,2,6734.86,5750.52,2868.74,0.1640625,4230,544,CEAc,CEA,121,left,0
4231,4232,2,6732.52,5751.88,2868.48,0.296875,4231,544,CEAc,CEA,121,left,0
4232,4233,2,6731.0,5753.04,2868.4,0.32421875,4232,544,CEAc,CEA,121,left,0
4233,4234,2,6728.34,5754.46,2868.28,0.3515625,4233,544,CEAc,CEA,121,left,0
4234,4235,2,6726.22,5755.84,2868.26,0.4609375,4234,544,CEAc,CEA,121,left,0
4235,4236,2,6724.62,5757.86,2868.0,0.1640625,4235,544,CEAc,CEA,121,left,0
4236,4237,2,6723.0,5759.5,2867.34,0.0078125,4236,544,CEAc,CEA,121,left,0
4237,4238,2,6720.54,5761.82,2866.2,0.1640625,4237,544,CEAc,CEA,121,left,0
4238,4239,2,6719.94,5767.92,2865.2,0.296875,4238,544,CEAc,CEA,121,left,0
4239,4240,2,6718.8,5770.3,2865.02,0.19140625,4239,544,CEAc,CEA,121,left,0
4240,4241,2,6718.16,5773.2,2863.7,0.48828125,4240,544,CEAc,CEA,121,left,0
4241,4242,2,6716.7,5774.8,2863.04,0.19140625,4241,544,CEAc,CEA,121,left,0
4242,4243,2,6713.92,5775.82,2862.0,0.3515625,4242,544,CEAc,CEA,121,left,0
4243,4244,2,6712.1,5776.82,2860.82,0.40625,4243,544,CEAc,CEA,121,left,0
4244,4245,2,6710.58,5779.7,2857.92,0.21484375,4244,544,CEAc,CEA,121,left,0
4245,4246,2,6709.0,5781.78,2856.2,0.43359375,4245,544,CEAc,CEA,121,left,0
4246,4247,2,6708.7,5785.12,2854.94,0.78515625,4246,544,CEAc,CEA,121,left,0
4247,4248,2,6708.96,5788.82,2853.5,0.43359375,4247,544,CEAc,CEA,121,left,0
4248,4249,2,6710.12,5789.94,2852.94,0.4609375,4248,544,CEAc,CEA,121,left,0
4249,4250,2,6712.24,5790.56,2851.78,0.26953125,4249,544,CEAc,CEA,121,left,0
4250,4251,2,6713.6,5791.02,2850.76,0.4609375,4250,544,CEAc,CEA,121,left,0
4251,4252,2,6716.02,5791.4,2850.36,0.32421875,4251,544,CEAc,CEA,121,left,0
4252,4253,2,6716.88,5793.26,2848.96,0.32421875,4252,544,CEAc,CEA,121,left,0
4253,4254,2,6717.14,5794.86,2847.22,0.4609375,4253,544,CEAc,CEA,121,left,0
4254,4255,2,6718.32,5795.6,2846.38,0.32421875,4254,544,CEAc,CEA,121,left,0
4255,4256,2,6719.9,5797.56,2845.7,0.3515625,4255,544,CEAc,CEA,121,left,0
4256,4257,2,6721.56,5799.76,2844.6,0.32421875,4256,544,CEAc,CEA,121,left,0
4257,4258,2,6721.78,5802.12,2842.92,0.40625,4257,544,CEAc,CEA,121,left,0
4258,4259,2,6722.28,5804.82,2841.68,0.2421875,4258,544,CEAc,CEA,121,left,0
4259,4260,2,6723.12,5806.34,2841.12,0.21484375,4259,544,CEAc,CEA,121,left,0
4260,4261,2,6723.58,5810.14,2840.42,0.48828125,4260,544,CEAc,CEA,121,left,0
4261,4262,2,6724.08,5811.06,2840.8,0.54296875,4261,544,CEAc,CEA,121,left,0
4262,4263,2,6726.16,5811.56,2841.12,0.32421875,4262,544,CEAc,CEA,121,left,0
4263,4264,2,6727.42,5813.28,2841.1,0.19140625,4263,544,CEAc,CEA,121,left,0
4264,4265,2,6727.9,5817.74,2840.56,0.3515625,4264,544,CEAc,CEA,121,left,0
4265,4266,2,6728.04,5819.22,2840.32,0.43359375,4265,544,CEAc,CEA,121,left,0
4266,4267,2,6728.36,5821.88,2839.52,0.32421875,4266,544,CEAc,CEA,121,left,0
4267,4268,2,6729.48,5822.54,2838.52,0.515625,4267,544,CEAc,CEA,121,left,0
4268,4269,2,6731.4,5831.3,2837.0,0.296875,4268,544,CEAc,CEA,121,left,0
4269,4270,2,6731.74,5833.96,2837.1,0.48828125,4269,544,CEAc,CEA,121,left,0
4270,4271,2,6732.3,5838.86,2836.72,0.2421875,4270,544,CEAc,CEA,121,left,0
4271,4272,2,6732.6,5841.86,2836.04,0.296875,4271,544,CEAc,CEA,121,left,0
4272,4273,2,6733.02,5845.62,2835.62,0.43359375,4272,544,CEAc,CEA,121,left,0
4273,4274,2,6733.32,5849.34,2834.1,0.59765625,4273,544,CEAc,CEA,121,left,0
4274,4275,2,6733.82,5854.64,2832.58,0.43359375,4274,544,CEAc,CEA,121,left,0
4275,4276,2,6734.08,5857.76,2832.64,0.48828125,4275,559,CEAm,CEA,121,left,0
4276,4277,2,6733.66,5859.66,2832.98,0.67578125,4276,559,CEAm,CEA,121,left,0
4277,4278,2,6733.5,5863.9,2832.22,0.19140625,4277,559,CEAm,CEA,121,left,0
4278,4279,2,6733.02,5866.7,2830.84,0.62109375,4278,559,CEAm,CEA,121,left,0
4279,4280,2,6732.98,5868.86,2828.92,0.296875,4279,559,CEAm,CEA,121,left,0
4280,4281,2,6732.76,5869.5,2825.7,0.32421875,4280,559,CEAm,CEA,121,left,0
4281,4282,2,6732.66,5869.62,2824.56,0.32421875,4281,559,CEAm,CEA,121,left,1
4282,4283,2,6634.54,5746.36,2884.3,0.00390625,3636,551,CEAl,CEA,122,left,0
4283,4284,2,6634.18,5744.52,2886.4,0.296875,4283,551,CEAl,CEA,122,left,0
4284,4285,2,6633.42,5743.28,2887.8,0.48828125,4284,551,CEAl,CEA,122,left,0
4285,4286,2,6633.44,5742.96,2889.62,0.40625,4285,551,CEAl,CEA,122,left,1
4286,4287,2,6634.74,5748.4,2882.68,0.0078125,3636,551,CEAl,CEA,123,left,0
4287,4288,2,6632.66,5750.9,2881.82,0.32421875,4287,551,CEAl,CEA,123,left,0
4288,4289,2,6632.6,5753.54,2881.48,0.1640625,4288,551,CEAl,CEA,123,left,0
4289,4290,2,6632.28,5754.2,2882.36,0.32421875,4289,551,CEAl,CEA,123,left,0
4290,4291,2,6631.1,5754.06,2883.74,0.19140625,4290,551,CEAl,CEA,123,left,0
4291,4292,2,6630.42,5753.42,2885.18,0.43359375,4291,551,CEAl,CEA,123,left,0
4292,4293,2,6629.04,5753.36,2886.0,0.32421875,4292,551,CEAl,CEA,123,left,0
4293,4294,2,6627.96,5755.22,2885.94,0.62109375,4293,551,CEAl,CEA,123,left,0
4294,4295,2,6627.56,5757.26,2885.8,0.19140625,4294,551,CEAl,CEA,123,left,0
4295,4296,2,6626.1,5759.44,2885.36,0.37890625,4295,551,CEAl,CEA,123,left,0
4296,4297,2,6625.42,5762.16,2884.96,0.21484375,4296,544,CEAc,CEA,123,left,0
4297,4298,2,6624.62,5764.54,2885.62,0.32421875,4297,544,CEAc,CEA,123,left,0
4298,4299,2,6623.5,5765.64,2885.94,0.3515625,4298,544,CEAc,CEA,123,left,0
4299,4300,2,6622.74,5767.62,2886.46,0.32421875,4299,544,CEAc,CEA,123,left,0
4300,4301,2,6622.1,5770.02,2886.68,0.37890625,4300,544,CEAc,CEA,123,left,0
4301,4302,2,6621.94,5772.0,2886.86,0.37890625,4301,544,CEAc,CEA,123,left,0
4302,4303,2,6621.64,5774.62,2887.4,0.43359375,4302,544,CEAc,CEA,123,left,0
4303,4304,2,6620.56,5776.56,2888.1,0.26953125,4303,544,CEAc,CEA,123,left,0
4304,4305,2,6620.3,5778.32,2888.8,0.1640625,4304,544,CEAc,CEA,123,left,0
4305,4306,2,6618.82,5779.98,2888.76,0.26953125,4305,544,CEAc,CEA,123,left,0
4306,4307,2,6617.52,5782.14,2888.7,0.21484375,4306,544,CEAc,CEA,123,left,0
4307,4308,2,6616.88,5784.02,2888.9,0.37890625,4307,544,CEAc,CEA,123,left,0
4308,4309,2,6617.06,5784.64,2889.94,0.4609375,4308,544,CEAc,CEA,123,left,0
4309,4310,2,6616.34,5786.46,2890.32,0.2421875,4309,544,CEAc,CEA,123,left,0
4310,4311,2,6615.1,5788.36,2889.86,0.32421875,4310,544,CEAc,CEA,123,left,0
4311,4312,2,6613.82,5789.84,2889.5,0.40625,4311,544,CEAc,CEA,123,left,0
4312,4313,2,6612.9,5791.36,2889.72,0.32421875,4312,544,CEAc,CEA,123,left,0
4313,4314,2,6611.7,5792.56,2890.12,0.40625,4313,544,CEAc,CEA,123,left,0
4314,4315,2,6611.76,5794.34,2892.06,0.21484375,4314,544,CEAc,CEA,123,left,0
4315,4316,2,6611.92,5795.36,2893.58,0.21484375,4315,544,CEAc,CEA,123,left,0
4316,4317,2,6610.98,5795.52,2893.88,0.32421875,4316,544,CEAc,CEA,123,left,0
4317,4318,2,6610.26,5797.18,2894.24,0.00390625,4317,544,CEAc,CEA,123,left,0
4318,4319,2,6610.46,5800.26,2894.04,0.54296875,4318,544,CEAc,CEA,123,left,0
4319,4320,2,6610.36,5801.84,2893.5,0.296875,4319,544,CEAc,CEA,123,left,0
4320,4321,2,6609.0,5803.48,2893.28,0.1640625,4320,544,CEAc,CEA,123,left,0
4321,4322,2,6608.06,5806.06,2893.2,0.1640625,4321,544,CEAc,CEA,123,left,0
4322,4323,2,6607.5,5807.94,2892.86,0.26953125,4322,544,CEAc,CEA,123,left,0
4323,4324,2,6605.68,5809.38,2892.64,0.3515625,4323,544,CEAc,CEA,123,left,0
4324,4325,2,6604.76,5811.32,2893.08,0.296875,4324,544,CEAc,CEA,123,left,0
4325,4326,2,6603.36,5813.96,2893.64,0.40625,4325,544,CEAc,CEA,123,left,0
4326,4327,2,6602.72,5816.08,2893.58,0.19140625,4326,544,CEAc,CEA,123,left,0
4327,4328,2,6600.78,5817.88,2893.32,0.1640625,4327,544,CEAc,CEA,123,left,0
4328,4329,2,6598.94,5819.7,2893.0,0.32421875,4328,544,CEAc,CEA,123,left,0
4329,4330,2,6597.78,5821.4,2893.22,0.26953125,4329,544,CEAc,CEA,123,left,0
4330,4331,2,6596.38,5823.5,2893.36,0.32421875,4330,544,CEAc,CEA,123,left,0
4331,4332,2,6595.76,5825.4,2893.76,0.48828125,4331,544,CEAc,CEA,123,left,0
4332,4333,2,6594.32,5827.4,2894.44,0.37890625,4332,544,CEAc,CEA,123,left,0
4333,4334,2,6593.52,5828.94,2895.54,0.2421875,4333,544,CEAc,CEA,123,left,0
4334,4335,2,6592.28,5829.86,2895.76,0.2421875,4334,544,CEAc,CEA,123,left,0
4335,4336,2,6591.68,5832.16,2895.98,0.5703125,4335,544,CEAc,CEA,123,left,0
4336,4337,2,6590.6,5833.94,2896.3,0.32421875,4336,544,CEAc,CEA,123,left,0
4337,4338,2,6590.26,5836.06,2896.92,0.2421875,4337,544,CEAc,CEA,123,left,0
4338,4339,2,6588.92,5838.22,2897.38,0.32421875,4338,544,CEAc,CEA,123,left,0
4339,4340,2,6588.76,5840.08,2898.1,0.26953125,4339,544,CEAc,CEA,123,left,0
4340,4341,2,6587.46,5841.0,2898.74,0.2421875,4340,544,CEAc,CEA,123,left,0
4341,4342,2,6587.02,5842.5,2899.14,0.26953125,4341,544,CEAc,CEA,123,left,0
4342,4343,2,6585.92,5843.9,2899.86,0.3515625,4342,544,CEAc,CEA,123,left,0
4343,4344,2,6584.46,5845.0,2900.96,0.3515625,4343,544,CEAc,CEA,123,left,0
4344,4345,2,6582.98,5846.14,2901.6,0.1640625,4344,544,CEAc,CEA,123,left,0
4345,4346,2,6581.6,5847.86,2903.04,0.296875,4345,544,CEAc,CEA,123,left,0
4346,4347,2,6580.22,5849.8,2904.46,0.32421875,4346,544,CEAc,CEA,123,left,0
4347,4348,2,6578.6,5851.32,2905.7,0.19140625,4347,544,CEAc,CEA,123,left,0
4348,4349,2,6577.54,5852.0,2907.04,0.26953125,4348,544,CEAc,CEA,123,left,0
4349,4350,2,6576.2,5852.5,2907.22,0.32421875,4349,544,CEAc,CEA,123,left,0
4350,4351,2,6575.6,5853.82,2907.92,0.1640625,4350,544,CEAc,CEA,123,left,0
4351,4352,2,6574.5,5854.3,2909.02,0.296875,4351,544,CEAc,CEA,123,left,0
4352,4353,2,6574.54,5855.54,2910.44,0.00390625,4352,544,CEAc,CEA,123,left,0
4353,4354,2,6574.42,5857.74,2910.22,0.32421875,4353,544,CEAc,CEA,123,left,0
4354,4355,2,6573.04,5858.16,2910.52,0.32421875,4354,544,CEAc,CEA,123,left,0
4355,4356,2,6572.68,5858.2,2912.12,0.2421875,4355,544,CEAc,CEA,123,left,0
4356,4357,2,6571.4,5859.12,2912.82,0.1640625,4356,544,CEAc,CEA,123,left,0
4357,4358,2,6570.76,5860.5,2913.3,0.1640625,4357,544,CEAc,CEA,123,left,0
4358,4359,2,6569.38,5861.66,2913.7,0.21484375,4358,544,CEAc,CEA,123,left,0
4359,4360,2,6567.46,5862.06,2913.9,0.5703125,4359,544,CEAc,CEA,123,left,0
4360,4361,2,6566.64,5863.08,2915.0,0.296875,4360,544,CEAc,CEA,123,left,0
4361,4362,2,6565.56,5863.16,2916.72,0.296875,4361,544,CEAc,CEA,123,left,0
4362,4363,2,6563.52,5862.86,2918.38,0.26953125,4362,544,CEAc,CEA,123,left,0
4363,4364,2,6562.04,5864.14,2918.9,0.37890625,4363,544,CEAc,CEA,123,left,0
4364,4365,2,6561.4,5866.56,2919.16,0.48828125,4364,544,CEAc,CEA,123,left,0
4365,4366,2,6561.18,5868.38,2919.64,0.0078125,4365,544,CEAc,CEA,123,left,0
4366,4367,2,6560.08,5870.3,2920.82,0.3515625,4366,544,CEAc,CEA,123,left,0
4367,4368,2,6559.32,5871.54,2922.4,0.2421875,4367,544,CEAc,CEA,123,left,0
4368,4369,2,6557.7,5872.1,2923.36,0.37890625,4368,544,CEAc,CEA,123,left,0
4369,4370,2,6556.7,5873.06,2925.14,0.40625,4369,559,CEAm,CEA,123,left,0
4370,4371,2,6555.32,5874.62,2926.38,0.4609375,4370,559,CEAm,CEA,123,left,0
4371,4372,2,6554.26,5876.6,2927.3,0.2421875,4371,559,CEAm,CEA,123,left,0
4372,4373,2,6552.5,5878.36,2928.54,0.26953125,4372,559,CEAm,CEA,123,left,0
4373,4374,2,6551.4,5879.96,2929.28,0.1640625,4373,559,CEAm,CEA,123,left,0
4374,4375,2,6090.56,6094.16,3612.42,0.0234375,3923,23,AAA,AAA,124,left,0
4375,4376,2,6089.8,6090.6,3611.48,0.21484375,4375,23,AAA,AAA,124,left,0
4376,4377,2,6088.42,6088.62,3610.7,0.296875,4376,23,AAA,AAA,124,left,1
4377,4378,2,6089.74,6095.84,3614.72,0.01171875,3923,23,AAA,AAA,125,left,0
4378,4379,2,6089.8,6095.9,3617.46,0.40625,4378,23,AAA,AAA,125,left,0
4379,4380,2,6088.86,6095.52,3618.68,0.32421875,4379,23,AAA,AAA,125,left,0
4380,4381,2,6087.32,6094.96,3618.56,0.296875,4380,23,AAA,AAA,125,left,0
4381,4382,2,6085.52,6094.78,3619.06,0.40625,4381,23,AAA,AAA,125,left,0
4382,4383,2,6083.54,6094.78,3620.04,0.40625,4382,23,AAA,AAA,125,left,0
4383,4384,2,6082.22,6094.82,3621.22,0.19140625,4383,23,AAA,AAA,125,left,0
4384,4385,2,6081.06,6095.5,3622.88,0.40625,4384,23,AAA,AAA,125,left,0
4385,4386,2,6079.96,6096.12,3624.28,0.1640625,4385,23,AAA,AAA,125,left,0
4386,4387,2,6078.14,6096.18,3625.66,0.2421875,4386,23,AAA,AAA,125,left,0
4387,4388,2,6076.06,6095.52,3626.78,0.32421875,4387,23,AAA,AAA,125,left,0
4388,4389,2,6074.42,6094.74,3627.56,0.21484375,4388,23,AAA,AAA,125,left,0
4389,4390,2,6073.84,6094.14,3629.72,0.00390625,4389,23,AAA,AAA,125,left,0
4390,4391,2,6073.06,6093.28,3631.22,0.515625,4390,23,AAA,AAA,125,left,0
4391,4392,2,6071.86,6092.2,3632.68,0.2421875,4391,23,AAA,AAA,125,left,0
4392,4393,2,6070.78,6092.06,3633.96,0.40625,4392,23,AAA,AAA,125,left,0
4393,4394,2,6069.3,6091.48,3634.72,0.26953125,4393,23,AAA,AAA,125,left,0
4394,4395,2,6066.78,6091.16,3635.6,0.1640625,4394,23,AAA,AAA,125,left,0
4395,4396,2,6065.08,6090.54,3636.4,0.3515625,4395,23,AAA,AAA,125,left,0
4396,4397,2,6063.0,6090.34,3636.64,0.32421875,4396,23,AAA,AAA,125,left,0
4397,4398,2,6062.06,6090.72,3637.16,0.296875,4397,23,AAA,AAA,125,left,0
4398,4399,2,6060.66,6090.98,3638.44,0.32421875,4398,23,AAA,AAA,125,left,0
4399,4400,2,6057.82,6091.24,3640.18,0.21484375,4399,23,AAA,AAA,125,left,0
4400,4401,2,6056.52,6091.68,3641.08,0.2421875,4400,23,AAA,AAA,125,left,0
4401,4402,2,6054.98,6091.88,3642.32,0.00390625,4401,23,AAA,AAA,125,left,0
4402,4403,2,6053.84,6091.84,3643.78,0.21484375,4402,23,AAA,AAA,125,left,0
4403,4404,2,6052.44,6092.12,3644.6,0.48828125,4403,23,AAA,AAA,125,left,0
4404,4405,2,6051.48,6092.68,3645.72,0.37890625,4404,23,AAA,AAA,125,left,0
4405,4406,2,6050.16,6092.84,3646.78,0.43359375,4405,23,AAA,AAA,125,left,0
4406,4407,2,6047.74,6092.88,3648.22,0.2421875,4406,23,AAA,AAA,125,left,0
4407,4408,2,6046.7,6093.02,3649.9,0.32421875,4407,23,AAA,AAA,125,left,0
4408,4409,2,6044.82,6092.66,3651.54,0.3515625,4408,23,AAA,AAA,125,left,0
4409,4410,2,6043.64,6091.7,3652.64,0.19140625,4409,23,AAA,AAA,125,left,0
4410,4411,2,6041.98,6091.32,3653.8,0.2421875,4410,23,AAA,AAA,125,left,0
4411,4412,2,6040.8,6090.94,3655.22,0.5703125,4411,23,AAA,AAA,125,left,0
4412,4413,2,6038.84,6090.64,3656.84,0.48828125,4412,23,AAA,AAA,125,left,0
4413,4414,2,6037.72,6090.62,3658.06,0.32421875,4413,23,AAA,AAA,125,left,0
4414,4415,2,6037.2,6090.22,3660.46,0.32421875,4414,23,AAA,AAA,125,left,0
4415,4416,2,6035.84,6089.14,3661.12,0.6484375,4415,23,AAA,AAA,125,left,0
4416,4417,2,6033.94,6089.16,3663.44,0.32421875,4416,23,AAA,AAA,125,left,0
4417,4418,2,6032.8,6089.52,3665.0,0.54296875,4417,23,AAA,AAA,125,left,0
4418,4419,2,6030.4,6089.0,3665.44,0.5703125,4418,23,AAA,AAA,125,left,0
4419,4420,2,6029.04,6088.74,3666.4,0.1640625,4419,23,AAA,AAA,125,left,0
4420,4421,2,6315.88,5968.12,3217.6,0.43359375,3932,559,CEAm,CEA,126,left,0
4421,4422,2,6313.38,5968.14,3217.24,0.43359375,4421,559,CEAm,CEA,126,left,1
4422,4423,2,6316.44,5967.5,3218.1,0.3515625,3932,559,CEAm,CEA,127,left,0
4423,4424,2,6315.94,5966.32,3219.44,0.43359375,4423,559,CEAm,CEA,127,left,0
4424,4425,2,6315.14,5965.84,3220.98,0.32421875,4424,559,CEAm,CEA,127,left,0
4425,4426,2,6314.62,5965.88,3222.2,0.32421875,4425,559,CEAm,CEA,127,left,0
4426,4427,2,6314.42,5965.8,3224.12,0.21484375,4426,559,CEAm,CEA,127,left,0
4427,4428,2,6314.54,5964.84,3226.14,0.54296875,4427,559,CEAm,CEA,127,left,0
4428,4429,2,6314.6,5963.0,3228.54,0.59765625,4428,559,CEAm,CEA,127,left,0
4429,4430,2,6314.66,5962.38,3229.68,0.48828125,4429,559,CEAm,CEA,127,left,0
4430,4431,2,6314.64,5961.76,3233.62,1.109375,4430,559,CEAm,CEA,127,left,0
4431,4432,2,6312.48,5961.36,3234.26,0.43359375,4431,559,CEAm,CEA,127,left,0
4432,4433,2,6311.26,5961.04,3235.18,0.296875,4432,559,CEAm,CEA,127,left,0
4433,4434,2,6311.26,5961.58,3237.5,0.54296875,4433,559,CEAm,CEA,127,left,0
4434,4435,2,6311.32,5961.9,3239.4,0.32421875,4434,559,CEAm,CEA,127,left,0
4435,4436,2,6310.46,5961.8,3239.62,0.43359375,4435,559,CEAm,CEA,127,left,0
4436,4437,2,6308.58,5961.74,3239.58,0.01171875,4436,559,CEAm,CEA,127,left,0
4437,4438,2,6308.64,5963.68,3240.0,0.515625,4437,559,CEAm,CEA,127,left,0
4438,4439,2,6308.94,5966.14,3240.88,0.26953125,4438,559,CEAm,CEA,127,left,0
4439,4440,2,6308.94,5969.86,3242.38,0.37890625,4439,559,CEAm,CEA,127,left,0
4440,4441,2,6308.68,5971.42,3243.42,0.2421875,4440,559,CEAm,CEA,127,left,0
4441,4442,2,6308.3,5971.92,3245.16,0.21484375,4441,559,CEAm,CEA,127,left,0
4442,4443,2,6307.06,5971.84,3245.42,0.2421875,4442,559,CEAm,CEA,127,left,0
4443,4444,2,6862.32,5969.7,2803.48,0.0078125,4030,303,BLAa,BLA,128,left,0
4444,4445,2,6860.02,5969.98,2803.24,0.43359375,4444,303,BLAa,BLA,128,left,0
4445,4446,2,6858.18,5969.8,2803.2,0.62109375,4445,303,BLAa,BLA,128,left,0
4446,4447,2,6856.64,5969.44,2803.4,0.32421875,4446,303,BLAa,BLA,128,left,1
4447,4448,2,6865.62,5971.44,2803.38,0.43359375,4030,303,BLAa,BLA,129,left,0
4448,4449,2,6867.2,5972.62,2801.94,0.1640625,4448,303,BLAa,BLA,129,left,0
4449,4450,2,6867.64,5973.78,2799.34,0.19140625,4449,303,BLAa,BLA,129,left,0
4450,4451,2,6868.26,5975.18,2797.0,0.19140625,4450,303,BLAa,BLA,129,left,0
4451,4452,2,6869.5,5975.78,2796.02,0.32421875,4451,303,BLAa,BLA,129,left,0
4452,4453,2,6870.82,5976.4,2794.68,0.4609375,4452,303,BLAa,BLA,129,left,0
4453,4454,2,6873.28,5976.82,2793.12,0.40625,4453,303,BLAa,BLA,129,left,0
4454,4455,2,6875.3,5977.2,2792.62,0.21484375,4454,303,BLAa,BLA,129,left,0
4455,4456,2,6878.24,5978.98,2791.84,0.1640625,4455,303,BLAa,BLA,129,left,0
4456,4457,2,6880.04,5980.1,2790.94,0.19140625,4456,303,BLAa,BLA,129,left,0
4457,4458,2,6881.7,5984.86,2790.02,0.37890625,4457,303,BLAa,BLA,129,left,0
4458,4459,2,6882.04,5986.4,2789.62,0.1640625,4458,303,BLAa,BLA,129,left,0
4459,4460,2,6883.56,5987.54,2789.3,0.37890625,4459,303,BLAa,BLA,129,left,0
4460,4461,2,6884.98,5989.84,2788.96,0.32421875,4460,303,BLAa,BLA,129,left,0
4461,4462,2,6886.24,5993.54,2787.82,0.19140625,4461,303,BLAa,BLA,129,left,0
4462,4463,2,6887.12,5994.82,2786.94,0.2421875,4462,303,BLAa,BLA,129,left,0
4463,4464,2,6888.74,5996.54,2786.1,0.32421875,4463,303,BLAa,BLA,129,left,0
4464,4465,2,6889.96,5998.92,2785.76,0.3515625,4464,303,BLAa,BLA,129,left,0
4465,4466,2,6892.0,6001.06,2785.8,0.3515625,4465,303,BLAa,BLA,129,left,0
4466,4467,2,6893.84,6002.64,2785.54,0.3515625,4466,303,BLAa,BLA,129,left,0
4467,4468,2,6897.44,6003.96,2785.58,0.26953125,4467,303,BLAa,BLA,129,left,0
4468,4469,2,6899.24,6004.42,2786.22,0.3515625,4468,303,BLAa,BLA,129,left,0
4469,4470,2,6901.72,6005.3,2786.24,0.01171875,4469,303,BLAa,BLA,129,left,0
4470,4471,2,6903.62,6006.86,2786.1,0.32421875,4470,303,BLAa,BLA,129,left,0
4471,4472,2,6904.7,6009.06,2785.52,0.62109375,4471,303,BLAa,BLA,129,left,0
4472,4473,2,6906.06,6010.0,2784.98,0.296875,4472,303,BLAa,BLA,129,left,0
4473,4474,2,6907.66,6012.02,2784.68,0.1640625,4473,303,BLAa,BLA,129,left,0
4474,4475,2,6909.62,6012.98,2784.46,0.2421875,4474,303,BLAa,BLA,129,left,0
4475,4476,2,6911.58,6013.34,2784.18,0.19140625,4475,303,BLAa,BLA,129,left,0
4476,4477,2,6913.92,6013.08,2784.18,0.32421875,4476,303,BLAa,BLA,129,left,0
4477,4478,2,6915.56,6012.54,2784.4,0.32421875,4477,303,BLAa,BLA,129,left,0
4478,4479,2,6918.32,6011.88,2784.7,0.1640625,4478,303,BLAa,BLA,129,left,0
4479,4480,2,6920.0,6011.38,2784.56,0.32421875,4479,303,BLAa,BLA,129,left,0
4480,4481,2,6923.06,6010.94,2784.12,0.32421875,4480,303,BLAa,BLA,129,left,0
4481,4482,2,6925.0,6010.7,2783.94,0.32421875,4481,303,BLAa,BLA,129,left,0
4482,4483,2,6927.02,6010.46,2784.24,0.1640625,4482,303,BLAa,BLA,129,left,0
4483,4484,2,6928.48,6010.52,2784.7,0.21484375,4483,303,BLAa,BLA,129,left,0
4484,4485,2,6930.7,6010.6,2785.98,0.26953125,4484,303,BLAa,BLA,129,left,0
4485,4486,2,6932.24,6010.66,2786.98,0.40625,4485,303,BLAa,BLA,129,left,0
4486,4487,2,6935.26,6010.68,2787.38,0.3515625,4486,303,BLAa,BLA,129,left,0
4487,4488,2,6937.18,6010.8,2787.5,0.32421875,4487,303,BLAa,BLA,129,left,0
4488,4489,2,6940.0,6012.86,2787.34,0.00390625,4488,303,BLAa,BLA,129,left,0
4489,4490,2,6942.82,6011.94,2787.86,0.43359375,4489,303,BLAa,BLA,129,left,0
4490,4491,2,6944.18,6010.44,2788.66,0.40625,4490,303,BLAa,BLA,129,left,0
4491,4492,2,6945.78,6009.16,2789.2,0.26953125,4491,303,BLAa,BLA,129,left,0
4492,4493,2,6948.48,6007.92,2789.64,0.37890625,4492,303,BLAa,BLA,129,left,0
4493,4494,2,6949.74,6007.22,2789.86,0.4609375,4493,303,BLAa,BLA,129,left,0
4494,4495,2,6952.16,6006.1,2789.84,0.26953125,4494,303,BLAa,BLA,129,left,0
4495,4496,2,6954.04,6004.88,2789.86,0.40625,4495,303,BLAa,BLA,129,left,0
4496,4497,2,6958.1,6003.6,2790.4,0.1640625,4496,303,BLAa,BLA,129,left,0
4497,4498,2,6959.78,6002.56,2790.96,1.02734375,4497,303,BLAa,BLA,129,left,0
4498,4499,2,6963.04,6001.42,2791.48,0.73046875,4498,303,BLAa,BLA,129,left,0
4499,4500,2,6964.42,6001.24,2791.34,0.4609375,4499,303,BLAa,BLA,129,left,1
4500,4501,2,6922.68,5617.56,2639.76,0.0078125,4103,579,ec,ec,130,left,0
4501,4502,2,6924.62,5615.1,2640.68,0.4609375,4501,579,ec,ec,130,left,0
4502,4503,2,6925.4,5613.12,2642.02,0.59765625,4502,579,ec,ec,130,left,1
4503,4504,2,6921.66,5620.28,2640.0,0.0234375,4103,579,ec,ec,131,left,0
4504,4505,2,6920.98,5621.86,2641.1,0.19140625,4504,579,ec,ec,131,left,0
4505,4506,2,6918.36,5622.68,2642.62,0.32421875,4505,579,ec,ec,131,left,0
4506,4507,2,6916.36,5622.54,2643.44,0.26953125,4506,579,ec,ec,131,left,0
4507,4508,2,6915.22,5621.66,2645.1,0.515625,4507,579,ec,ec,131,left,0
4508,4509,2,6915.2,5619.68,2647.32,0.21484375,4508,579,ec,ec,131,left,0
4509,4510,2,6915.08,5617.0,2649.5,0.54296875,4509,579,ec,ec,131,left,0
4510,4511,2,6914.82,5614.32,2651.7,0.43359375,4510,579,ec,ec,131,left,0
4511,4512,2,6913.94,5612.7,2652.82,0.296875,4511,579,ec,ec,131,left,0
4512,4513,2,6913.22,5610.82,2654.54,0.1640625,4512,579,ec,ec,131,left,0
4513,4514,2,6912.4,5610.32,2655.98,0.32421875,4513,579,ec,ec,131,left,0
4514,4515,2,6911.2,5609.82,2657.9,0.43359375,4514,579,ec,ec,131,left,0
4515,4516,2,6910.6,5609.26,2660.78,0.4609375,4515,579,ec,ec,131,left,0
4516,4517,2,6909.94,5608.92,2661.7,0.40625,4516,579,ec,ec,131,left,0
4517,4518,2,6909.8,5609.04,2663.86,0.48828125,4517,579,ec,ec,131,left,0
4518,4519,2,6909.64,5610.26,2665.56,0.3515625,4518,544,CEAc,CEA,131,left,0
4519,4520,2,6908.92,5611.46,2666.9,0.3515625,4519,544,CEAc,CEA,131,left,0
4520,4521,2,6907.5,5612.8,2668.2,0.32421875,4520,544,CEAc,CEA,131,left,0
4521,4522,2,6906.44,5613.8,2668.92,0.4609375,4521,544,CEAc,CEA,131,left,0
4522,4523,2,6905.78,5615.42,2670.68,0.32421875,4522,544,CEAc,CEA,131,left,0
4523,4524,2,6904.24,5616.6,2671.54,0.43359375,4523,544,CEAc,CEA,131,left,0
4524,4525,2,6902.48,5617.54,2672.54,0.37890625,4524,544,CEAc,CEA,131,left,0
4525,4526,2,6900.36,5618.38,2673.2,0.4609375,4525,544,CEAc,CEA,131,left,0
4526,4527,2,6899.22,5619.5,2673.48,0.54296875,4526,544,CEAc,CEA,131,left,0
4527,4528,2,6897.52,5621.44,2673.66,0.21484375,4527,544,CEAc,CEA,131,left,0
4528,4529,2,6896.58,5622.68,2673.76,0.1640625,4528,544,CEAc,CEA,131,left,0
4529,4530,2,6895.24,5625.16,2673.58,0.296875,4529,579,ec,ec,131,left,0
4530,4531,2,6893.36,5628.0,2672.88,0.48828125,4530,579,ec,ec,131,left,0
4531,4532,2,6891.0,5629.72,2672.82,0.48828125,4531,579,ec,ec,131,left,0
4532,4533,2,6889.46,5632.16,2673.1,0.48828125,4532,579,ec,ec,131,left,0
4533,4534,2,6888.52,5633.9,2673.18,0.32421875,4533,579,ec,ec,131,left,0
4534,4535,2,6886.7,5636.98,2672.76,0.4609375,4534,579,ec,ec,131,left,0
4535,4536,2,6885.3,5639.12,2672.54,0.48828125,4535,579,ec,ec,131,left,0
4536,4537,2,6883.3,5641.6,2672.54,0.40625,4536,579,ec,ec,131,left,0
4537,4538,2,6881.7,5643.06,2672.9,0.296875,4537,579,ec,ec,131,left,0
4538,4539,2,6879.86,5644.94,2673.42,0.2421875,4538,579,ec,ec,131,left,0
4539,4540,2,6877.26,5647.56,2674.74,0.54296875,4539,579,ec,ec,131,left,0
4540,4541,2,6875.76,5648.82,2675.6,0.296875,4540,579,ec,ec,131,left,0
4541,4542,2,6874.76,5650.46,2676.74,0.32421875,4541,579,ec,ec,131,left,0
4542,4543,2,6873.5,5651.58,2677.08,0.32421875,4542,579,ec,ec,131,left,0
4543,4544,2,6872.72,5654.76,2677.74,0.296875,4543,579,ec,ec,131,left,0
4544,4545,2,6872.04,5658.88,2678.02,0.3515625,4544,579,ec,ec,131,left,0
4545,4546,2,6871.54,5661.82,2678.48,0.32421875,4545,579,ec,ec,131,left,0
4546,4547,2,6870.62,5663.7,2678.44,0.37890625,4546,579,ec,ec,131,left,0
4547,4548,2,6870.76,5665.5,2678.72,0.5703125,4547,579,ec,ec,131,left,0
4548,4549,2,6871.16,5667.5,2680.14,0.32421875,4548,579,ec,ec,131,left,0
4549,4550,2,6870.18,5670.1,2681.04,0.32421875,4549,579,ec,ec,131,left,0
4550,4551,2,6869.5,5671.98,2681.6,0.19140625,4550,579,ec,ec,131,left,0
4551,4552,2,6868.46,5673.58,2682.52,0.26953125,4551,579,ec,ec,131,left,0
4552,4553,2,6867.54,5674.72,2683.86,0.3515625,4552,579,ec,ec,131,left,0
4553,4554,2,6865.98,5676.24,2685.0,0.2421875,4553,579,ec,ec,131,left,0
4554,4555,2,6863.52,5677.84,2685.26,0.32421875,4554,579,ec,ec,131,left,0
4555,4556,2,6861.54,5679.34,2686.16,0.32421875,4555,579,ec,ec,131,left,0
4556,4557,2,6859.82,5679.92,2687.08,0.40625,4556,579,ec,ec,131,left,0
4557,4558,2,6857.74,5680.84,2687.7,0.59765625,4557,579,ec,ec,131,left,0
4558,4559,2,6855.96,5682.62,2687.36,0.48828125,4558,579,ec,ec,131,left,0
4559,4560,2,6855.3,5684.22,2687.72,0.21484375,4559,579,ec,ec,131,left,0
4560,4561,2,6853.78,5685.28,2687.84,0.296875,4560,579,ec,ec,131,left,0
4561,4562,2,6853.08,5686.62,2688.42,0.19140625,4561,579,ec,ec,131,left,0
4562,4563,2,6851.62,5688.32,2689.04,0.3515625,4562,579,ec,ec,131,left,0
4563,4564,2,6850.34,5689.72,2689.84,0.2421875,4563,579,ec,ec,131,left,0
4564,4565,2,6849.4,5691.6,2689.98,0.32421875,4564,579,ec,ec,131,left,0
4565,4566,2,6848.0,5692.46,2690.06,0.515625,4565,579,ec,ec,131,left,0
4566,4567,2,6847.84,5692.84,2691.92,0.48828125,4566,579,ec,ec,131,left,0
4567,4568,2,6848.22,5694.34,2693.86,0.43359375,4567,579,ec,ec,131,left,0
4568,4569,2,6847.92,5696.28,2694.58,0.1640625,4568,579,ec,ec,131,left,0
4569,4570,2,6846.74,5697.16,2694.86,0.2421875,4569,579,ec,ec,131,left,0
4570,4571,2,6845.32,5699.46,2695.8,0.00390625,4570,579,ec,ec,131,left,0
4571,4572,2,6844.42,5700.62,2696.88,0.3515625,4571,579,ec,ec,131,left,0
4572,4573,2,6843.22,5701.4,2697.54,0.2421875,4572,579,ec,ec,131,left,0
4573,4574,2,6842.02,5703.18,2698.58,0.37890625,4573,579,ec,ec,131,left,0
4574,4575,2,6840.94,5704.26,2698.9,0.54296875,4574,579,ec,ec,131,left,0
4575,4576,2,6841.08,5705.34,2700.72,0.515625,4575,579,ec,ec,131,left,0
4576,4577,2,6841.02,5705.96,2702.66,0.296875,4576,579,ec,ec,131,left,0
4577,4578,2,6839.76,5706.88,2702.82,0.37890625,4577,579,ec,ec,131,left,0
4578,4579,2,6838.98,5708.8,2703.62,0.1640625,4578,579,ec,ec,131,left,0
4579,4580,2,6837.78,5710.14,2704.08,0.3515625,4579,579,ec,ec,131,left,0
4580,4581,2,6837.38,5711.4,2705.08,0.296875,4580,579,ec,ec,131,left,0
4581,4582,2,6836.18,5712.04,2705.84,0.3515625,4581,579,ec,ec,131,left,0
4582,4583,2,6835.36,5713.22,2706.94,0.48828125,4582,579,ec,ec,131,left,0
4583,4584,2,6834.12,5713.52,2709.3,0.32421875,4583,579,ec,ec,131,left,0
4584,4585,2,6833.82,5714.3,2711.2,0.2421875,4584,579,ec,ec,131,left,0
4585,4586,2,6831.78,5715.22,2712.62,0.3515625,4585,579,ec,ec,131,left,0
4586,4587,2,6830.06,5715.6,2713.82,0.1640625,4586,579,ec,ec,131,left,0
4587,4588,2,6827.98,5715.74,2714.36,0.43359375,4587,579,ec,ec,131,left,0
4588,4589,2,6825.62,5716.84,2714.64,0.4609375,4588,579,ec,ec,131,left,0
4589,4590,2,6824.04,5717.52,2715.14,0.1640625,4589,579,ec,ec,131,left,0
4590,4591,2,6821.8,5718.6,2715.96,0.32421875,4590,579,ec,ec,131,left,0
4591,4592,2,6819.3,5719.38,2716.68,0.43359375,4591,579,ec,ec,131,left,0
4592,4593,2,6817.9,5719.96,2717.42,0.32421875,4592,579,ec,ec,131,left,0
4593,4594,2,6815.44,5721.16,2717.6,0.00390625,4593,579,ec,ec,131,left,0
4594,4595,2,6814.24,5721.92,2718.44,0.4609375,4594,579,ec,ec,131,left,0
4595,4596,2,6812.5,5723.14,2720.2,0.1640625,4595,579,ec,ec,131,left,0
4596,4597,2,6811.4,5724.08,2720.88,0.296875,4596,579,ec,ec,131,left,0
4597,4598,2,6810.92,5725.48,2722.4,0.32421875,4597,579,ec,ec,131,left,0
4598,4599,2,6810.2,5726.46,2723.38,0.32421875,4598,579,ec,ec,131,left,0
4599,4600,2,6809.28,5727.56,2724.26,0.40625,4599,579,ec,ec,131,left,0
4600,4601,2,6807.62,5728.26,2725.64,0.48828125,4600,579,ec,ec,131,left,0
4601,4602,2,6804.96,5728.52,2726.62,0.1640625,4601,579,ec,ec,131,left,0
4602,4603,2,6803.18,5728.12,2727.58,0.40625,4602,579,ec,ec,131,left,0
4603,4604,2,6801.36,5727.48,2728.32,0.32421875,4603,579,ec,ec,131,left,0
4604,4605,2,6799.52,5726.74,2729.66,0.2421875,4604,579,ec,ec,131,left,0
4605,4606,2,6798.52,5726.28,2731.08,0.1640625,4605,579,ec,ec,131,left,0
4606,4607,2,6796.44,5726.06,2733.0,0.40625,4606,579,ec,ec,131,left,0
4607,4608,2,6794.76,5726.48,2733.58,0.26953125,4607,579,ec,ec,131,left,0
4608,4609,2,6794.28,5726.98,2734.86,0.2421875,4608,579,ec,ec,131,left,0
4609,4610,2,6792.54,5727.26,2735.7,0.3515625,4609,544,CEAc,CEA,131,left,0
4610,4611,2,6791.5,5727.82,2736.18,0.296875,4610,544,CEAc,CEA,131,left,0
4611,4612,2,6789.68,5728.32,2737.26,0.32421875,4611,544,CEAc,CEA,131,left,0
4612,4613,2,6788.46,5728.42,2737.48,0.40625,4612,544,CEAc,CEA,131,left,0
4613,4614,2,6786.44,5730.5,2736.96,0.00390625,4613,544,CEAc,CEA,131,left,0
4614,4615,2,6785.32,5732.2,2736.56,0.26953125,4614,544,CEAc,CEA,131,left,0
4615,4616,2,6784.16,5734.08,2736.1,0.40625,4615,544,CEAc,CEA,131,left,0
4616,4617,2,6782.62,5735.44,2736.02,0.37890625,4616,544,CEAc,CEA,131,left,0
4617,4618,2,6781.5,5735.68,2737.0,0.3515625,4617,544,CEAc,CEA,131,left,0
4618,4619,2,6781.32,5737.2,2738.64,0.1640625,4618,544,CEAc,CEA,131,left,0
4619,4620,2,6781.44,5738.9,2739.68,0.32421875,4619,544,CEAc,CEA,131,left,0
4620,4621,2,6780.8,5740.06,2740.02,0.26953125,4620,544,CEAc,CEA,131,left,0
4621,4622,2,6780.98,5741.9,2740.96,0.26953125,4621,544,CEAc,CEA,131,left,0
4622,4623,2,6781.22,5742.8,2742.06,0.01171875,4622,544,CEAc,CEA,131,left,0
4623,4624,2,6781.48,5743.42,2744.72,0.4609375,4623,544,CEAc,CEA,131,left,0
4624,4625,2,6780.96,5743.54,2745.84,0.4609375,4624,544,CEAc,CEA,131,left,0
4625,4626,2,6780.84,5743.34,2748.86,0.296875,4625,544,CEAc,CEA,131,left,0
4626,4627,2,6780.84,5744.12,2750.52,0.32421875,4626,544,CEAc,CEA,131,left,0
4627,4628,2,6779.3,5744.94,2752.38,0.2421875,4627,544,CEAc,CEA,131,left,0
4628,4629,2,6778.18,5744.32,2754.26,0.40625,4628,544,CEAc,CEA,131,left,0
4629,4630,2,6775.46,5744.52,2755.28,0.296875,4629,544,CEAc,CEA,131,left,0
4630,4631,2,6774.36,5745.26,2755.62,0.32421875,4630,544,CEAc,CEA,131,left,0
4631,4632,2,6774.04,5746.32,2756.66,0.21484375,4631,544,CEAc,CEA,131,left,0
4632,4633,2,6774.4,5747.8,2758.34,0.40625,4632,544,CEAc,CEA,131,left,0
4633,4634,2,6774.08,5748.78,2759.38,0.515625,4633,544,CEAc,CEA,131,left,0
4634,4635,2,6773.12,5748.84,2759.9,0.515625,4634,544,CEAc,CEA,131,left,0
4635,4636,2,6772.5,5748.58,2763.08,0.40625,4635,544,CEAc,CEA,131,left,0
4636,4637,2,6772.08,5748.42,2765.1,0.32421875,4636,544,CEAc,CEA,131,left,0
4637,4638,2,6772.8,5748.18,2766.66,0.59765625,4637,544,CEAc,CEA,131,left,0
4638,4639,2,7010.42,5623.38,2559.16,0.00390625,4117,303,BLAa,BLA,132,left,0
4639,4640,2,7011.2,5621.72,2558.5,0.78515625,4639,303,BLAa,BLA,132,left,0
4640,4641,2,7013.08,5620.1,2558.88,0.43359375,4640,303,BLAa,BLA,132,left,0
4641,4642,2,7014.96,5618.5,2559.42,0.2421875,4641,303,BLAa,BLA,132,left,1
4642,4643,2,7008.1,5624.58,2561.06,0.00390625,4117,303,BLAa,BLA,133,left,0
4643,4644,2,7005.42,5625.02,2561.32,0.296875,4643,303,BLAa,BLA,133,left,0
4644,4645,2,7003.66,5626.0,2561.58,0.515625,4644,303,BLAa,BLA,133,left,0
4645,4646,2,7001.44,5627.16,2561.5,0.37890625,4645,303,BLAa,BLA,133,left,0
4646,4647,2,6999.76,5627.82,2561.98,0.21484375,4646,303,BLAa,BLA,133,left,0
4647,4648,2,6996.7,5629.06,2562.28,0.40625,4647,303,BLAa,BLA,133,left,0
4648,4649,2,6994.98,5629.74,2562.74,0.37890625,4648,303,BLAa,BLA,133,left,0
4649,4650,2,6992.38,5630.7,2563.54,0.43359375,4649,303,BLAa,BLA,133,left,0
4650,4651,2,6991.0,5631.68,2564.2,0.32421875,4650,303,BLAa,BLA,133,left,0
4651,4652,2,6988.64,5633.02,2564.3,0.32421875,4651,303,BLAa,BLA,133,left,0
4652,4653,2,6987.14,5633.6,2565.14,0.43359375,4652,303,BLAa,BLA,133,left,0
4653,4654,2,6985.26,5633.86,2565.38,0.62109375,4653,303,BLAa,BLA,133,left,0
4654,4655,2,6983.04,5631.7,2567.06,0.00390625,4654,303,BLAa,BLA,133,left,0
4655,4656,2,6981.42,5631.26,2568.14,0.32421875,4655,303,BLAa,BLA,133,left,0
4656,4657,2,6979.66,5631.2,2568.88,0.0078125,4656,303,BLAa,BLA,133,left,0
4657,4658,2,6611.9,5988.54,2867.94,0.00390625,4185,559,CEAm,CEA,134,left,0
4658,4659,2,6613.12,5988.14,2866.7,0.43359375,4658,559,CEAm,CEA,134,left,1
4659,4660,2,6610.54,5993.02,2869.08,0.00390625,4185,559,CEAm,CEA,135,left,0
4660,4661,2,6610.28,5994.76,2868.44,0.26953125,4660,559,CEAm,CEA,135,left,0
4661,4662,2,6610.14,5997.14,2866.72,0.37890625,4661,559,CEAm,CEA,135,left,0
4662,4663,2,6608.82,5997.74,2866.04,0.62109375,4662,559,CEAm,CEA,135,left,0
4663,4664,2,6607.82,6001.24,2864.78,0.00390625,4663,559,CEAm,CEA,135,left,0
4664,4665,2,6607.7,6003.1,2863.78,1.19140625,4664,559,CEAm,CEA,135,left,0
4665,4666,2,6608.12,6005.64,2864.52,0.8125,4665,477,STR,STR,135,left,0
4666,4667,2,6608.32,6008.7,2864.0,0.32421875,4666,477,STR,STR,135,left,0
4667,4668,2,6607.68,6010.44,2863.46,0.19140625,4667,477,STR,STR,135,left,0
4668,4669,2,6607.78,6012.8,2861.9,0.54296875,4668,477,STR,STR,135,left,0
4669,4670,2,6607.04,6014.92,2860.26,0.26953125,4669,477,STR,STR,135,left,0
4670,4671,2,6605.92,6015.66,2859.68,0.4609375,4670,477,STR,STR,135,left,0
4671,4672,2,6604.66,6018.3,2859.82,0.00390625,4671,477,STR,STR,135,left,0
4672,4673,2,6604.4,6021.5,2859.92,0.3515625,4672,477,STR,STR,135,left,0
4673,4674,2,6603.84,6023.58,2859.56,0.40625,4673,477,STR,STR,135,left,0
4674,4675,2,6602.24,6025.44,2858.86,0.37890625,4674,477,STR,STR,135,left,0
4675,4676,2,6601.68,6028.12,2858.22,0.73046875,4675,477,STR,STR,135,left,0
4676,4677,2,6600.68,6030.16,2857.8,0.32421875,4676,477,STR,STR,135,left,0
4677,4678,2,6599.12,6032.24,2857.54,0.4609375,4677,477,STR,STR,135,left,0
4678,4679,2,6597.64,6033.84,2857.74,0.1640625,4678,477,STR,STR,135,left,0
4679,4680,2,6594.66,6035.36,2857.48,0.3515625,4679,477,STR,STR,135,left,0
4680,4681,2,6593.24,6036.1,2857.0,0.296875,4680,477,STR,STR,135,left,0
4681,4682,2,6593.14,6038.54,2855.1,0.00390625,4681,477,STR,STR,135,left,0
4682,4683,2,6593.44,6042.24,2852.64,0.2421875,4682,477,STR,STR,135,left,0
4683,4684,2,6593.58,6045.16,2851.44,0.32421875,4683,477,STR,STR,135,left,0
4684,4685,2,6592.74,6046.56,2851.02,0.296875,4684,477,STR,STR,135,left,0
4685,4686,2,6591.92,6050.5,2851.2,0.32421875,4685,477,STR,STR,135,left,0
4686,4687,2,6591.52,6052.88,2851.82,0.19140625,4686,477,STR,STR,135,left,0
4687,4688,2,6590.24,6054.02,2852.46,0.26953125,4687,477,STR,STR,135,left,0
4688,4689,2,6590.52,6055.66,2851.94,0.0078125,4688,477,STR,STR,135,left,0
4689,4690,2,6589.36,6057.96,2851.32,0.21484375,4689,477,STR,STR,135,left,0
4690,4691,2,6588.96,6060.2,2850.18,0.40625,4690,477,STR,STR,135,left,0
4691,4692,2,6588.44,6062.64,2849.2,0.1640625,4691,477,STR,STR,135,left,0
4692,4693,2,6588.26,6065.34,2848.6,0.43359375,4692,477,STR,STR,135,left,0
4693,4694,2,6587.64,6067.36,2848.0,0.37890625,4693,477,STR,STR,135,left,0
4694,4695,2,6586.22,6069.02,2847.46,0.26953125,4694,477,STR,STR,135,left,0
4695,4696,2,6585.64,6071.74,2846.28,0.43359375,4695,477,STR,STR,135,left,0
4696,4697,2,6584.54,6074.36,2844.62,0.3515625,4696,477,STR,STR,135,left,0
4697,4698,2,6584.22,6075.26,2843.64,0.32421875,4697,477,STR,STR,135,left,0
4698,4699,2,6584.26,6076.34,2842.26,0.0078125,4698,477,STR,STR,135,left,0
4699,4700,2,6584.34,6078.68,2839.22,0.32421875,4699,477,STR,STR,135,left,0
4700,4701,2,6584.48,6080.92,2836.98,0.19140625,4700,477,STR,STR,135,left,0
4701,4702,2,6584.58,6082.66,2835.2,0.26953125,4701,477,STR,STR,135,left,0
4702,4703,2,6584.84,6085.38,2833.4,0.5703125,4702,477,STR,STR,135,left,0
4703,4704,2,6585.08,6088.44,2831.84,0.37890625,4703,477,STR,STR,135,left,0
4704,4705,2,6584.64,6090.58,2830.48,0.3515625,4704,477,STR,STR,135,left,0
4705,4706,2,6584.36,6092.48,2828.26,0.2421875,4705,477,STR,STR,135,left,0
4706,4707,2,6584.62,6094.08,2826.46,0.515625,4706,477,STR,STR,135,left,0
4707,4708,2,6585.5,6096.1,2825.16,0.48828125,4707,703,CTXsp,CTXsp,135,left,0
4708,4709,2,6585.94,6098.46,2823.6,0.0078125,4708,703,CTXsp,CTXsp,135,left,0
4709,4710,2,6586.46,6102.46,2822.6,0.43359375,4709,703,CTXsp,CTXsp,135,left,0
4710,4711,2,6586.64,6104.36,2821.38,0.21484375,4710,703,CTXsp,CTXsp,135,left,0
4711,4712,2,6586.44,6106.26,2819.18,0.3515625,4711,703,CTXsp,CTXsp,135,left,0
4712,4713,2,6584.94,6108.06,2816.54,0.32421875,4712,703,CTXsp,CTXsp,135,left,0
4713,4714,2,6584.6,6109.46,2814.34,0.48828125,4713,703,CTXsp,CTXsp,135,left,0
4714,4715,2,6582.46,6111.62,2812.72,0.67578125,4714,703,CTXsp,CTXsp,135,left,0
4715,4716,2,6580.96,6113.2,2812.24,0.21484375,4715,703,CTXsp,CTXsp,135,left,0
4716,4717,2,6580.7,6115.06,2812.54,0.32421875,4716,703,CTXsp,CTXsp,135,left,0
4717,4718,2,6579.98,6116.86,2813.04,0.59765625,4717,703,CTXsp,CTXsp,135,left,0
4718,4719,2,6578.72,6119.12,2813.2,0.1640625,4718,703,CTXsp,CTXsp,135,left,0
4719,4720,2,6577.54,6120.34,2813.0,0.32421875,4719,703,CTXsp,CTXsp,135,left,0
4720,4721,2,6575.24,6120.48,2813.38,0.00390625,4720,703,CTXsp,CTXsp,135,left,0
4721,4722,2,6573.14,6121.62,2812.84,0.54296875,4721,703,CTXsp,CTXsp,135,left,0
4722,4723,2,6571.46,6122.96,2812.74,0.2421875,4722,703,CTXsp,CTXsp,135,left,0
4723,4724,2,6569.92,6123.72,2812.88,0.21484375,4723,703,CTXsp,CTXsp,135,left,0
4724,4725,2,6568.18,6124.7,2812.92,0.48828125,4724,703,CTXsp,CTXsp,135,left,0
4725,4726,2,6566.76,6126.22,2812.7,0.32421875,4725,703,CTXsp,CTXsp,135,left,0
4726,4727,2,6565.5,6128.62,2811.9,0.4609375,4726,703,CTXsp,CTXsp,135,left,0
4727,4728,2,6564.28,6130.06,2811.02,0.32421875,4727,703,CTXsp,CTXsp,135,left,0
4728,4729,2,6562.42,6132.32,2810.94,0.2421875,4728,703,CTXsp,CTXsp,135,left,0
4729,4730,2,6560.88,6135.3,2810.78,0.00390625,4729,703,CTXsp,CTXsp,135,left,0
4730,4731,2,6560.32,6137.04,2810.36,0.21484375,4730,703,CTXsp,CTXsp,135,left,0
4731,4732,2,6559.94,6138.32,2808.64,0.515625,4731,703,CTXsp,CTXsp,135,left,0
4732,4733,2,6552.9,5881.38,2927.42,0.32421875,4374,559,CEAm,CEA,136,left,0
4733,4734,2,6553.18,5882.4,2925.3,0.3515625,4733,559,CEAm,CEA,136,left,0
4734,4735,2,6553.92,5883.56,2924.34,0.1640625,4734,544,CEAc,CEA,136,left,0
4735,4736,2,6553.24,5885.76,2923.46,0.43359375,4735,544,CEAc,CEA,136,left,0
4736,4737,2,6550.64,5888.06,2922.0,0.5703125,4736,544,CEAc,CEA,136,left,0
4737,4738,2,6549.02,5888.44,2921.18,0.515625,4737,544,CEAc,CEA,136,left,1
4738,4739,2,6551.06,5881.28,2931.56,0.62109375,4374,559,CEAm,CEA,137,left,0
4739,4740,2,6549.56,5882.22,2931.64,0.26953125,4739,559,CEAm,CEA,137,left,0
4740,4741,2,6547.44,5882.74,2932.32,0.296875,4740,559,CEAm,CEA,137,left,0
4741,4742,2,6546.02,5883.6,2933.16,0.32421875,4741,559,CEAm,CEA,137,left,0
4742,4743,2,6544.72,5884.66,2934.38,0.296875,4742,544,CEAc,CEA,137,left,0
4743,4744,2,6543.72,5885.28,2934.92,0.48828125,4743,544,CEAc,CEA,137,left,0
4744,4745,2,6543.68,5886.54,2936.08,0.43359375,4744,559,CEAm,CEA,137,left,0
4745,4746,2,6542.9,5887.62,2937.32,0.43359375,4745,559,CEAm,CEA,137,left,0
4746,4747,2,6541.9,5889.0,2937.58,0.296875,4746,559,CEAm,CEA,137,left,0
4747,4748,2,6540.12,5890.56,2938.08,0.296875,4747,559,CEAm,CEA,137,left,0
4748,4749,2,6538.48,5890.62,2938.7,0.21484375,4748,559,CEAm,CEA,137,left,0
4749,4750,2,6538.18,5892.32,2939.52,0.6484375,4749,559,CEAm,CEA,137,left,0
4750,4751,2,6538.5,5894.12,2940.48,0.40625,4750,559,CEAm,CEA,137,left,0
4751,4752,2,6536.36,5894.88,2940.66,0.01171875,4751,559,CEAm,CEA,137,left,0
4752,4753,2,6534.34,5895.88,2941.84,0.19140625,4752,559,CEAm,CEA,137,left,0
4753,4754,2,6532.8,5896.9,2942.24,0.48828125,4753,559,CEAm,CEA,137,left,0
4754,4755,2,6530.56,5897.66,2943.06,0.00390625,4754,559,CEAm,CEA,137,left,0
4755,4756,2,6529.6,5898.42,2943.96,0.37890625,4755,559,CEAm,CEA,137,left,0
4756,4757,2,6528.8,5900.02,2945.18,0.2421875,4756,559,CEAm,CEA,137,left,0
4757,4758,2,6528.28,5902.0,2946.12,0.1640625,4757,559,CEAm,CEA,137,left,0
4758,4759,2,6527.22,5903.26,2946.0,0.43359375,4758,559,CEAm,CEA,137,left,0
4759,4760,2,6525.92,5904.82,2946.54,0.3515625,4759,559,CEAm,CEA,137,left,0
4760,4761,2,6523.96,5905.44,2946.7,0.2421875,4760,559,CEAm,CEA,137,left,0
4761,4762,2,6521.94,5905.38,2948.08,0.32421875,4761,559,CEAm,CEA,137,left,0
4762,4763,2,6520.46,5904.94,2950.06,0.19140625,4762,559,CEAm,CEA,137,left,0
4763,4764,2,6519.3,5905.16,2951.0,0.54296875,4763,559,CEAm,CEA,137,left,0
4764,4765,2,6517.68,5906.14,2952.44,0.296875,4764,559,CEAm,CEA,137,left,0
4765,4766,2,6517.6,5908.86,2952.74,0.54296875,4765,559,CEAm,CEA,137,left,0
4766,4767,2,6517.9,5910.92,2953.12,0.54296875,4766,559,CEAm,CEA,137,left,0
4767,4768,2,6516.82,5911.26,2953.62,0.515625,4767,559,CEAm,CEA,137,left,0
4768,4769,2,6514.46,5911.18,2954.26,0.32421875,4768,559,CEAm,CEA,137,left,0
4769,4770,2,6513.58,5910.84,2955.54,0.37890625,4769,559,CEAm,CEA,137,left,0
4770,4771,2,6512.14,5910.74,2956.12,0.21484375,4770,559,CEAm,CEA,137,left,0
4771,4772,2,6027.34,6089.54,3665.58,0.00390625,4420,23,AAA,AAA,138,left,0
4772,4773,2,6026.86,6090.92,3664.4,0.21484375,4772,23,AAA,AAA,138,left,0
4773,4774,2,6025.56,6092.24,3663.58,0.32421875,4773,23,AAA,AAA,138,left,0
4774,4775,2,6023.86,6093.8,3662.16,0.43359375,4774,23,AAA,AAA,138,left,0
4775,4776,2,6023.02,6096.12,3661.02,0.5703125,4775,23,AAA,AAA,138,left,0
4776,4777,2,6023.14,6098.52,3661.22,0.54296875,4776,23,AAA,AAA,138,left,1
4777,4778,2,6027.08,6089.74,3668.28,0.2421875,4420,23,AAA,AAA,139,left,0
4778,4779,2,6025.74,6090.0,3669.3,0.40625,4778,23,AAA,AAA,139,left,0
4779,4780,2,6023.04,6089.78,3670.62,0.3515625,4779,23,AAA,AAA,139,left,0
4780,4781,2,6022.0,6089.04,3671.64,0.40625,4780,23,AAA,AAA,139,left,0
4781,4782,2,6020.72,6088.66,3672.9,0.19140625,4781,23,AAA,AAA,139,left,0
4782,4783,2,6019.56,6087.78,3673.66,0.26953125,4782,23,AAA,AAA,139,left,0
4783,4784,2,6018.34,6087.4,3674.76,0.2421875,4783,23,AAA,AAA,139,left,0
4784,4785,2,6017.18,6086.84,3676.1,0.26953125,4784,23,AAA,AAA,139,left,0
4785,4786,2,6016.3,6086.86,3676.92,0.32421875,4785,23,AAA,AAA,139,left,0
4786,4787,2,6014.26,6086.56,3677.78,0.48828125,4786,23,AAA,AAA,139,left,0
4787,4788,2,6012.44,6085.76,3679.04,0.3515625,4787,23,AAA,AAA,139,left,0
4788,4789,2,6011.48,6085.46,3679.62,0.3515625,4788,23,AAA,AAA,139,left,0
4789,4790,2,6010.5,6085.16,3681.36,0.00390625,4789,23,AAA,AAA,139,left,0
4790,4791,2,6009.14,6084.42,3682.52,0.296875,4790,23,AAA,AAA,139,left,0
4791,4792,2,6007.38,6083.74,3683.22,0.3515625,4791,23,AAA,AAA,139,left,0
4792,4793,2,6006.52,6083.76,3684.74,0.26953125,4792,23,AAA,AAA,139,left,0
4793,4794,2,6005.7,6083.86,3686.06,0.1640625,4793,23,AAA,AAA,139,left,0
4794,4795,2,6004.2,6082.98,3687.16,0.21484375,4794,23,AAA,AAA,139,left,0
4795,4796,2,6003.52,6082.52,3688.38,0.4609375,4795,23,AAA,AAA,139,left,0
4796,4797,2,6001.86,6082.36,3689.12,0.37890625,4796,23,AAA,AAA,139,left,0
4797,4798,2,6001.04,6082.38,3690.02,0.40625,4797,23,AAA,AAA,139,left,0
4798,4799,2,5998.62,6081.2,3691.12,0.296875,4798,23,AAA,AAA,139,left,0
4799,4800,2,5997.56,6080.74,3692.62,0.32421875,4799,23,AAA,AAA,139,left,0
4800,4801,2,5996.32,6079.98,3692.76,0.03515625,4800,23,AAA,AAA,139,left,0
4801,4802,2,5995.32,6079.16,3694.08,0.32421875,4801,23,AAA,AAA,139,left,0
4802,4803,2,5993.48,6078.34,3695.26,0.2421875,4802,23,AAA,AAA,139,left,0
4803,4804,2,5992.34,6078.52,3696.16,0.2421875,4803,23,AAA,AAA,139,left,0
4804,4805,2,5990.6,6078.86,3696.6,0.40625,4804,23,AAA,AAA,139,left,0
4805,4806,2,5989.26,6079.34,3697.18,0.296875,4805,23,AAA,AAA,139,left,0
4806,4807,2,5988.32,6079.34,3698.38,0.1640625,4806,23,AAA,AAA,139,left,0
4807,4808,2,5986.86,6078.54,3699.08,0.40625,4807,23,AAA,AAA,139,left,0
4808,4809,2,5984.88,6077.52,3699.72,0.1640625,4808,23,AAA,AAA,139,left,0
4809,4810,2,5982.9,6077.18,3700.26,0.2421875,4809,23,AAA,AAA,139,left,0
4810,4811,2,5981.42,6076.82,3700.94,0.296875,4810,23,AAA,AAA,139,left,0
4811,4812,2,5979.84,6076.26,3702.0,0.32421875,4811,23,AAA,AAA,139,left,0
4812,4813,2,5977.94,6075.78,3702.74,0.3515625,4812,23,AAA,AAA,139,left,0
4813,4814,2,5976.42,6075.88,3703.0,0.3515625,4813,23,AAA,AAA,139,left,0
4814,4815,2,5974.6,6074.64,3703.98,0.1640625,4814,23,AAA,AAA,139,left,0
4815,4816,2,5973.36,6074.18,3705.08,0.32421875,4815,477,STR,STR,139,left,0
4816,4817,2,5971.78,6072.92,3705.76,0.296875,4816,477,STR,STR,139,left,0
4817,4818,2,5970.18,6071.7,3706.66,0.2421875,4817,477,STR,STR,139,left,0
4818,4819,2,5968.72,6071.66,3707.84,0.40625,4818,477,STR,STR,139,left,0
4819,4820,2,5965.96,6071.84,3708.54,0.1640625,4819,477,STR,STR,139,left,0
4820,4821,2,5963.88,6072.56,3708.88,0.26953125,4820,477,STR,STR,139,left,0
4821,4822,2,5962.14,6072.84,3709.46,0.37890625,4821,477,STR,STR,139,left,0
4822,4823,2,5959.88,6072.5,3709.8,0.3515625,4822,477,STR,STR,139,left,0
4823,4824,2,5958.64,6072.3,3710.74,0.32421875,4823,477,STR,STR,139,left,0
4824,4825,2,5956.58,6071.76,3711.52,0.00390625,4824,477,STR,STR,139,left,0
4825,4826,2,5954.96,6071.58,3712.24,0.37890625,4825,477,STR,STR,139,left,0
4826,4827,2,5952.42,6071.42,3712.92,0.32421875,4826,477,STR,STR,139,left,0
4827,4828,2,5950.8,6071.42,3713.72,0.62109375,4827,477,STR,STR,139,left,0
4828,4829,2,5948.76,6070.56,3714.94,0.4609375,4828,477,STR,STR,139,left,0
4829,4830,2,5947.6,6069.3,3716.36,0.19140625,4829,803,PAL,PAL,139,left,0
4830,4831,2,5945.56,6068.8,3717.72,0.1640625,4830,803,PAL,PAL,139,left,0
4831,4832,2,5943.76,6068.72,3717.82,0.1640625,4831,803,PAL,PAL,139,left,0
4832,4833,2,5942.3,6068.34,3718.22,0.296875,4832,803,PAL,PAL,139,left,0
4833,4834,2,5940.38,6067.58,3718.4,0.0078125,4833,803,PAL,PAL,139,left,0
4834,4835,2,5938.24,6067.32,3718.96,0.43359375,4834,803,PAL,PAL,139,left,0
4835,4836,2,5937.22,6066.32,3720.24,0.37890625,4835,803,PAL,PAL,139,left,0
4836,4837,2,5935.7,6064.66,3720.9,0.1640625,4836,803,PAL,PAL,139,left,0
4837,4838,2,5934.62,6062.88,3721.4,0.37890625,4837,803,PAL,PAL,139,left,0
4838,4839,2,5934.4,6060.66,3722.28,0.3515625,4838,803,PAL,PAL,139,left,0
4839,4840,2,5933.24,6059.94,3722.82,0.2421875,4839,803,PAL,PAL,139,left,0
4840,4841,2,5931.22,6058.28,3723.76,0.32421875,4840,803,PAL,PAL,139,left,0
4841,4842,2,5930.1,6056.02,3724.56,0.26953125,4841,803,PAL,PAL,139,left,0
4842,4843,2,5928.46,6054.32,3725.28,0.37890625,4842,342,SI,SI,139,left,0
4843,4844,2,5927.66,6053.52,3726.66,0.43359375,4843,342,SI,SI,139,left,0
4844,4845,2,5925.78,6052.12,3728.06,0.21484375,4844,342,SI,SI,139,left,0
4845,4846,2,5924.34,6051.2,3729.02,0.1640625,4845,342,SI,SI,139,left,0
4846,4847,2,5922.68,6050.18,3729.3,0.32421875,4846,342,SI,SI,139,left,0
4847,4848,2,5920.56,6049.12,3729.5,0.0078125,4847,342,SI,SI,139,left,0
4848,4849,2,5917.52,6047.64,3729.96,0.32421875,4848,342,SI,SI,139,left,0
4849,4850,2,5915.28,6046.72,3730.64,0.296875,4849,342,SI,SI,139,left,0
4850,4851,2,5913.98,6046.36,3731.46,0.4609375,4850,342,SI,SI,139,left,0
4851,4852,2,5912.42,6045.42,3731.76,0.296875,4851,342,SI,SI,139,left,0
4852,4853,2,5910.28,6044.48,3731.6,0.32421875,4852,342,SI,SI,139,left,0
4853,4854,2,5908.66,6044.3,3731.88,0.32421875,4853,342,SI,SI,139,left,0
4854,4855,2,5906.36,6043.96,3732.02,0.1640625,4854,342,SI,SI,139,left,0
4855,4856,2,5905.48,6043.88,3732.74,0.59765625,4855,342,SI,SI,139,left,0
4856,4857,2,5903.62,6043.24,3732.88,0.37890625,4856,342,SI,SI,139,left,0
4857,4858,2,5901.42,6042.94,3733.34,0.296875,4857,342,SI,SI,139,left,0
4858,4859,2,5900.0,6042.62,3734.12,0.1640625,4858,342,SI,SI,139,left,0
4859,4860,2,5898.3,6042.3,3734.42,0.32421875,4859,342,SI,SI,139,left,0
4860,4861,2,5897.28,6042.02,3736.06,0.2421875,4860,342,SI,SI,139,left,0
4861,4862,2,5894.4,6041.54,3736.98,0.26953125,4861,342,SI,SI,139,left,0
4862,4863,2,5892.94,6042.04,3737.46,0.40625,4862,342,SI,SI,139,left,0
4863,4864,2,5891.26,6042.18,3737.44,0.32421875,4863,342,SI,SI,139,left,0
4864,4865,2,5888.76,6041.74,3737.36,0.40625,4864,342,SI,SI,139,left,0
4865,4866,2,5886.98,6041.78,3737.46,0.2421875,4865,342,SI,SI,139,left,0
4866,4867,2,5884.62,6041.92,3738.32,0.32421875,4866,342,SI,SI,139,left,0
4867,4868,2,5882.78,6042.08,3738.64,0.1640625,4867,342,SI,SI,139,left,0
4868,4869,2,5881.02,6042.2,3739.42,0.00390625,4868,342,SI,SI,139,left,0
4869,4870,2,5880.06,6042.36,3740.76,0.19140625,4869,342,SI,SI,139,left,0
4870,4871,2,5878.04,6042.42,3741.7,0.2421875,4870,342,SI,SI,139,left,0
4871,4872,2,5875.18,6043.0,3742.18,0.19140625,4871,342,SI,SI,139,left,0
4872,4873,2,5873.0,6043.22,3742.74,0.40625,4872,342,SI,SI,139,left,0
4873,4874,2,5871.34,6043.76,3743.54,0.1640625,4873,342,SI,SI,139,left,0
4874,4875,2,5867.7,6043.68,3744.5,0.21484375,4874,342,SI,SI,139,left,0
4875,4876,2,5865.92,6042.78,3745.26,0.32421875,4875,342,SI,SI,139,left,0
4876,4877,2,5864.1,6041.58,3746.24,0.1640625,4876,342,SI,SI,139,left,0
4877,4878,2,5862.88,6039.7,3747.12,0.296875,4877,342,SI,SI,139,left,0
4878,4879,2,5861.52,6038.36,3748.12,0.2421875,4878,342,SI,SI,139,left,0
4879,4880,2,5860.52,6036.06,3749.12,0.3515625,4879,342,SI,SI,139,left,0
4880,4881,2,5859.36,6033.3,3749.52,0.26953125,4880,342,SI,SI,139,left,0
4881,4882,2,5858.48,6029.6,3749.18,0.00390625,4881,342,SI,SI,139,left,0
4882,4883,2,5857.8,6027.7,3749.98,0.2421875,4882,342,SI,SI,139,left,0
4883,4884,2,5856.92,6026.96,3751.18,0.5703125,4883,342,SI,SI,139,left,0
4884,4885,2,5856.36,6026.74,3752.82,0.40625,4884,342,SI,SI,139,left,0
4885,4886,2,5855.54,6026.98,3754.18,0.40625,4885,342,SI,SI,139,left,0
4886,4887,2,5853.54,6026.28,3755.2,0.40625,4886,342,SI,SI,139,left,0
4887,4888,2,5852.66,6025.7,3756.48,0.21484375,4887,342,SI,SI,139,left,0
4888,4889,2,5852.4,6024.56,3757.68,0.0078125,4888,342,SI,SI,139,left,0
4889,4890,2,5851.36,6023.48,3759.2,0.21484375,4889,342,SI,SI,139,left,0
4890,4891,2,5850.58,6023.08,3760.82,0.37890625,4890,342,SI,SI,139,left,0
4891,4892,2,5848.38,6021.54,3760.24,0.015625,4891,342,SI,SI,139,left,0
4892,4893,2,5847.14,6019.82,3760.6,0.515625,4892,342,SI,SI,139,left,0
4893,4894,2,5847.12,6019.3,3761.84,0.6484375,4893,342,SI,SI,139,left,0
4894,4895,2,5846.8,6019.66,3764.44,0.32421875,4894,342,SI,SI,139,left,0
4895,4896,2,5846.12,6019.0,3765.78,0.32421875,4895,342,SI,SI,139,left,0
4896,4897,2,5845.02,6016.94,3767.78,0.2421875,4896,342,SI,SI,139,left,0
4897,4898,2,5843.46,6015.7,3769.7,0.43359375,4897,342,SI,SI,139,left,0
4898,4899,2,5842.32,6014.66,3770.72,0.21484375,4898,342,SI,SI,139,left,0
4899,4900,2,5840.98,6012.74,3772.72,0.3515625,4899,342,SI,SI,139,left,0
4900,4901,2,5839.9,6011.96,3773.76,0.3515625,4900,342,SI,SI,139,left,0
4901,4902,2,5839.46,6011.56,3775.48,0.21484375,4901,342,SI,SI,139,left,0
4902,4903,2,5837.72,6009.78,3776.88,0.21484375,4902,342,SI,SI,139,left,0
4903,4904,2,5836.32,6008.44,3778.4,0.37890625,4903,342,SI,SI,139,left,0
4904,4905,2,5835.26,6007.66,3779.66,0.3515625,4904,342,SI,SI,139,left,0
4905,4906,2,5835.1,6007.04,3781.72,0.515625,4905,342,SI,SI,139,left,0
4906,4907,2,5835.04,6006.58,3784.2,0.32421875,4906,342,SI,SI,139,left,0
4907,4908,2,5834.44,6006.12,3785.8,0.1640625,4907,342,SI,SI,139,left,0
4908,4909,2,5832.84,6005.3,3785.9,0.67578125,4908,342,SI,SI,139,left,0
4909,4910,2,5831.7,6006.06,3788.98,0.32421875,4909,342,SI,SI,139,left,0
4910,4911,2,5831.06,6006.34,3790.54,0.296875,4910,342,SI,SI,139,left,0
4911,4912,2,5829.94,6006.26,3792.96,0.00390625,4911,342,SI,SI,139,left,0
4912,4913,2,5828.92,6006.52,3794.7,0.3515625,4912,342,SI,SI,139,left,0
4913,4914,2,5828.32,6006.94,3797.64,0.32421875,4913,342,SI,SI,139,left,0
4914,4915,2,5827.3,6006.46,3799.34,0.21484375,4914,342,SI,SI,139,left,0
4915,4916,2,5825.92,6006.42,3801.84,0.32421875,4915,342,SI,SI,139,left,0
4916,4917,2,5825.32,6005.94,3802.08,0.32421875,4916,342,SI,SI,139,left,0
4917,4918,2,5824.46,6006.44,3803.08,0.00390625,4917,342,SI,SI,139,left,0
4918,4919,2,5822.58,6005.84,3803.98,0.43359375,4918,342,SI,SI,139,left,0
4919,4920,2,5821.62,6004.86,3804.98,0.1640625,4919,342,SI,SI,139,left,0
4920,4921,2,5820.04,6004.26,3806.44,0.3515625,4920,342,SI,SI,139,left,0
4921,4922,2,5818.14,6002.66,3808.58,0.32421875,4921,342,SI,SI,139,left,0
4922,4923,2,5816.86,6001.56,3809.92,0.00390625,4922,342,SI,SI,139,left,0
4923,4924,2,5815.7,6000.82,3810.64,0.48828125,4923,342,SI,SI,139,left,0
4924,4925,2,5815.54,6000.52,3812.58,0.0078125,4924,342,SI,SI,139,left,0
4925,4926,2,5815.48,5999.84,3814.66,0.296875,4925,342,SI,SI,139,left,0
4926,4927,2,5815.04,5998.82,3815.04,0.26953125,4926,342,SI,SI,139,left,0
4927,4928,2,5813.08,5996.86,3814.82,0.4609375,4927,342,SI,SI,139,left,0
4928,4929,2,5811.84,5995.22,3815.72,0.1640625,4928,342,SI,SI,139,left,0
4929,4930,2,5811.08,5993.74,3817.86,0.1640625,4929,342,SI,SI,139,left,0
4930,4931,2,5809.86,5991.48,3819.4,0.1640625,4930,342,SI,SI,139,left,0
4931,4932,2,5809.04,5990.92,3820.34,0.48828125,4931,342,SI,SI,139,left,0
4932,4933,2,5807.88,5989.12,3822.02,0.37890625,4932,342,SI,SI,139,left,0
4933,4934,2,5806.68,5989.4,3824.58,0.40625,4933,342,SI,SI,139,left,0
4934,4935,2,5805.64,5988.86,3825.48,0.48828125,4934,342,SI,SI,139,left,0
4935,4936,2,5804.66,5987.8,3826.76,0.26953125,4935,342,SI,SI,139,left,0
4936,4937,2,5804.22,5986.62,3828.38,0.1640625,4936,342,SI,SI,139,left,0
4937,4938,2,5803.02,5985.44,3829.3,0.2421875,4937,342,SI,SI,139,left,0
4938,4939,2,5802.44,5983.94,3831.42,0.32421875,4938,342,SI,SI,139,left,0
4939,4940,2,5801.4,5983.0,3832.48,0.3515625,4939,342,SI,SI,139,left,0
4940,4941,2,5799.8,5982.42,3833.3,0.1640625,4940,342,SI,SI,139,left,0
4941,4942,2,5798.22,5982.16,3834.96,0.26953125,4941,342,SI,SI,139,left,0
4942,4943,2,5798.12,5982.34,3836.48,0.2421875,4942,342,SI,SI,139,left,0
4943,4944,2,5796.26,5981.96,3838.42,0.2421875,4943,342,SI,SI,139,left,0
4944,4945,2,5795.6,5981.6,3839.64,0.1640625,4944,342,SI,SI,139,left,0
4945,4946,2,5794.06,5981.12,3840.44,0.4609375,4945,342,SI,SI,139,left,0
4946,4947,2,5793.16,5980.5,3842.06,0.40625,4946,342,SI,SI,139,left,0
4947,4948,2,5790.88,5979.82,3842.56,0.32421875,4947,342,SI,SI,139,left,0
4948,4949,2,5789.48,5979.72,3842.96,0.32421875,4948,342,SI,SI,139,left,0
4949,4950,2,5788.52,5978.56,3843.92,0.5703125,4949,342,SI,SI,139,left,0
4950,4951,2,5788.18,5976.86,3845.68,0.32421875,4950,342,SI,SI,139,left,0
4951,4952,2,5787.2,5975.9,3847.12,0.43359375,4951,342,SI,SI,139,left,0
4952,4953,2,5785.64,5974.68,3848.7,0.3515625,4952,342,SI,SI,139,left,0
4953,4954,2,5784.64,5973.98,3849.92,0.32421875,4953,342,SI,SI,139,left,0
4954,4955,2,5783.32,5972.92,3851.26,0.0078125,4954,342,SI,SI,139,left,0
4955,4956,2,5782.76,5971.84,3853.2,0.43359375,4955,342,SI,SI,139,left,0
4956,4957,2,5781.4,5971.84,3854.56,0.40625,4956,342,SI,SI,139,left,0
4957,4958,2,5779.56,5971.9,3855.64,0.2421875,4957,342,SI,SI,139,left,0
4958,4959,2,5778.78,5971.46,3857.0,0.1640625,4958,342,SI,SI,139,left,0
4959,4960,2,5777.96,5970.46,3858.94,0.40625,4959,342,SI,SI,139,left,0
4960,4961,2,5776.74,5969.62,3860.44,0.4609375,4960,342,SI,SI,139,left,0
4961,4962,2,5775.24,5968.46,3862.18,0.37890625,4961,342,SI,SI,139,left,0
4962,4963,2,5774.18,5968.06,3863.74,0.1640625,4962,342,SI,SI,139,left,0
4963,4964,2,5772.92,5967.36,3865.22,0.40625,4963,342,SI,SI,139,left,0
4964,4965,2,5771.92,5966.16,3867.02,0.296875,4964,342,SI,SI,139,left,0
4965,4966,2,5770.78,5965.62,3867.42,0.32421875,4965,342,SI,SI,139,left,0
4966,4967,2,5770.1,5965.88,3869.1,0.4609375,4966,342,SI,SI,139,left,0
4967,4968,2,5769.7,5966.12,3870.78,0.40625,4967,342,SI,SI,139,left,0
4968,4969,2,5768.1,5965.84,3871.7,0.19140625,4968,342,SI,SI,139,left,0
4969,4970,2,5767.2,5965.38,3872.76,0.21484375,4969,342,SI,SI,139,left,0
4970,4971,2,5765.56,5964.32,3873.36,0.0078125,4970,342,SI,SI,139,left,0
4971,4972,2,5763.4,5962.98,3873.66,0.2421875,4971,342,SI,SI,139,left,0
4972,4973,2,5761.74,5962.5,3874.32,0.3515625,4972,342,SI,SI,139,left,0
4973,4974,2,5760.36,5962.56,3875.14,0.296875,4973,342,SI,SI,139,left,0
4974,4975,2,5758.74,5962.1,3875.46,0.48828125,4974,342,SI,SI,139,left,0
4975,4976,2,5757.28,5961.32,3876.42,0.32421875,4975,342,SI,SI,139,left,0
4976,4977,2,5755.56,5959.22,3877.62,0.4609375,4976,342,SI,SI,139,left,0
4977,4978,2,5754.5,5957.48,3878.46,0.296875,4977,342,SI,SI,139,left,0
4978,4979,2,5753.28,5956.1,3879.7,0.40625,4978,342,SI,SI,139,left,0
4979,4980,2,5752.32,5955.62,3879.8,0.4609375,4979,342,SI,SI,139,left,0
4980,4981,2,5751.28,5955.18,3880.76,0.01953125,4980,342,SI,SI,139,left,0
4981,4982,2,5750.9,5954.98,3882.58,0.26953125,4981,342,SI,SI,139,left,0
4982,4983,2,5749.44,5954.22,3884.14,0.32421875,4982,342,SI,SI,139,left,0
4983,4984,2,5748.7,5953.7,3885.62,0.40625,4983,342,SI,SI,139,left,0
4984,4985,2,5747.3,5952.62,3886.9,0.37890625,4984,342,SI,SI,139,left,0
4985,4986,2,5746.02,5952.1,3888.72,0.19140625,4985,342,SI,SI,139,left,0
4986,4987,2,5744.68,5951.5,3889.94,0.32421875,4986,342,SI,SI,139,left,0
4987,4988,2,5743.12,5950.32,3890.92,0.32421875,4987,342,SI,SI,139,left,0
4988,4989,2,5741.86,5949.4,3891.96,0.32421875,4988,342,SI,SI,139,left,0
4989,4990,2,5740.64,5949.12,3893.42,0.26953125,4989,342,SI,SI,139,left,0
4990,4991,2,5739.94,5948.78,3895.02,0.48828125,4990,342,SI,SI,139,left,0
4991,4992,2,5738.34,5947.98,3896.8,0.48828125,4991,342,SI,SI,139,left,0
4992,4993,2,5737.48,5947.66,3898.2,0.26953125,4992,342,SI,SI,139,left,0
4993,4994,2,5735.42,5947.32,3898.72,0.40625,4993,342,SI,SI,139,left,0
4994,4995,2,5734.62,5947.48,3900.9,0.00390625,4994,342,SI,SI,139,left,0
4995,4996,2,5733.6,5947.62,3902.68,0.40625,4995,342,SI,SI,139,left,0
4996,4997,2,5732.2,5947.58,3904.14,0.32421875,4996,342,SI,SI,139,left,0
4997,4998,2,5731.76,5947.68,3905.32,0.48828125,4997,342,SI,SI,139,left,0
4998,4999,2,5731.16,5946.9,3907.4,0.32421875,4998,342,SI,SI,139,left,0
4999,5000,2,5729.9,5946.34,3908.36,0.4609375,4999,342,SI,SI,139,left,0
5000,5001,2,5729.56,5945.74,3909.88,0.32421875,5000,342,SI,SI,139,left,0
5001,5002,2,5729.5,5945.44,3911.98,0.4609375,5001,342,SI,SI,139,left,0
5002,5003,2,5729.46,5945.2,3913.52,0.43359375,5002,342,SI,SI,139,left,0
5003,5004,2,5729.38,5945.62,3915.88,0.43359375,5003,342,SI,SI,139,left,0
5004,5005,2,5729.34,5945.98,3916.88,0.32421875,5004,342,SI,SI,139,left,0
5005,5006,2,5729.24,5946.06,3920.02,0.00390625,5005,342,SI,SI,139,left,0
5006,5007,2,5729.1,5946.88,3924.18,0.43359375,5006,342,SI,SI,139,left,0
5007,5008,2,5728.56,5947.78,3925.9,0.2421875,5007,342,SI,SI,139,left,0
5008,5009,2,5727.22,5948.12,3927.24,0.26953125,5008,342,SI,SI,139,left,0
5009,5010,2,5726.84,5948.02,3929.56,0.37890625,5009,342,SI,SI,139,left,0
5010,5011,2,5726.76,5947.8,3932.1,0.2421875,5010,342,SI,SI,139,left,0
5011,5012,2,5726.7,5947.62,3933.94,0.2421875,5011,342,SI,SI,139,left,0
5012,5013,2,5726.44,5946.7,3935.98,0.40625,5012,342,SI,SI,139,left,0
5013,5014,2,5725.36,5945.28,3936.7,0.1640625,5013,342,SI,SI,139,left,0
5014,5015,2,5724.56,5942.82,3937.2,0.296875,5014,342,SI,SI,139,left,0
5015,5016,2,5724.6,5940.22,3937.04,0.4609375,5015,342,SI,SI,139,left,0
5016,5017,2,5724.64,5937.54,3937.12,0.26953125,5016,342,SI,SI,139,left,0
5017,5018,2,5724.06,5934.58,3938.04,0.1640625,5017,342,SI,SI,139,left,0
5018,5019,2,5722.94,5931.86,3938.4,0.32421875,5018,342,SI,SI,139,left,0
5019,5020,2,5721.46,5928.14,3939.34,0.32421875,5019,342,SI,SI,139,left,0
5020,5021,2,5720.38,5926.38,3940.64,0.4609375,5020,342,SI,SI,139,left,0
5021,5022,2,5718.88,5925.78,3941.68,0.48828125,5021,342,SI,SI,139,left,0
5022,5023,2,5718.22,5924.76,3943.02,0.3515625,5022,342,SI,SI,139,left,0
5023,5024,2,5716.76,5924.14,3944.02,0.21484375,5023,342,SI,SI,139,left,0
5024,5025,2,5715.9,5923.68,3945.2,0.1640625,5024,342,SI,SI,139,left,0
5025,5026,2,5714.46,5922.72,3946.2,0.296875,5025,342,SI,SI,139,left,0
5026,5027,2,5713.6,5921.2,3947.26,0.26953125,5026,342,SI,SI,139,left,0
5027,5028,2,5711.38,5920.0,3947.84,0.37890625,5027,342,SI,SI,139,left,0
5028,5029,2,5710.44,5919.64,3949.1,0.3515625,5028,342,SI,SI,139,left,0
5029,5030,2,5709.36,5918.28,3951.04,0.40625,5029,342,SI,SI,139,left,0
5030,5031,2,5708.28,5917.56,3952.14,0.32421875,5030,342,SI,SI,139,left,0
5031,5032,2,5707.42,5917.1,3954.06,0.32421875,5031,342,SI,SI,139,left,0
5032,5033,2,5706.34,5916.72,3955.6,0.296875,5032,342,SI,SI,139,left,0
5033,5034,2,5705.68,5916.52,3957.46,0.26953125,5033,342,SI,SI,139,left,0
5034,5035,2,5705.38,5915.88,3958.88,0.00390625,5034,342,SI,SI,139,left,0
5035,5036,2,5704.12,5915.46,3959.76,0.48828125,5035,342,SI,SI,139,left,0
5036,5037,2,5703.52,5915.24,3961.24,0.32421875,5036,342,SI,SI,139,left,0
5037,5038,2,5703.16,5913.78,3963.06,0.43359375,5037,342,SI,SI,139,left,0
5038,5039,2,5701.84,5912.42,3964.34,0.32421875,5038,342,SI,SI,139,left,0
5039,5040,2,5701.02,5911.54,3965.62,0.19140625,5039,342,SI,SI,139,left,0
5040,5041,2,5699.46,5910.84,3966.22,0.21484375,5040,342,SI,SI,139,left,0
5041,5042,2,5698.1,5910.26,3967.38,0.2421875,5041,342,SI,SI,139,left,0
5042,5043,2,5697.16,5910.0,3969.0,0.43359375,5042,342,SI,SI,139,left,0
5043,5044,2,5696.78,5907.62,3971.2,0.00390625,5043,342,SI,SI,139,left,0
5044,5045,2,5695.48,5905.12,3972.84,0.296875,5044,342,SI,SI,139,left,0
5045,5046,2,5694.3,5902.66,3974.82,0.2421875,5045,342,SI,SI,139,left,0
5046,5047,2,5693.68,5901.26,3976.44,0.26953125,5046,342,SI,SI,139,left,0
5047,5048,2,5691.64,5900.26,3977.6,0.48828125,5047,342,SI,SI,139,left,0
5048,5049,2,5690.68,5899.2,3979.3,0.3515625,5048,342,SI,SI,139,left,0
5049,5050,2,5689.34,5897.86,3980.88,0.26953125,5049,342,SI,SI,139,left,0
5050,5051,2,5688.7,5896.48,3982.74,0.296875,5050,342,SI,SI,139,left,0
5051,5052,2,5687.68,5895.48,3983.78,0.4609375,5051,342,SI,SI,139,left,0
5052,5053,2,5686.16,5894.92,3984.92,0.1640625,5052,342,SI,SI,139,left,0
5053,5054,2,5684.58,5893.32,3986.8,0.48828125,5053,342,SI,SI,139,left,0
5054,5055,2,5683.76,5891.32,3988.12,0.48828125,5054,342,SI,SI,139,left,0
5055,5056,2,5683.48,5888.98,3989.66,0.515625,5055,342,SI,SI,139,left,0
5056,5057,2,5683.5,5886.22,3990.64,0.32421875,5056,342,SI,SI,139,left,0
5057,5058,2,5683.56,5883.8,3991.12,0.19140625,5057,342,SI,SI,139,left,0
5058,5059,2,5683.78,5879.88,3991.94,0.19140625,5058,342,SI,SI,139,left,0
5059,5060,2,5684.86,5878.2,3992.22,0.48828125,5059,342,SI,SI,139,left,0
5060,5061,2,5686.6,5875.72,3991.96,0.26953125,5060,342,SI,SI,139,left,0
5061,5062,2,5686.88,5873.2,3992.32,0.5703125,5061,342,SI,SI,139,left,0
5062,5063,2,5686.96,5869.2,3992.68,0.40625,5062,342,SI,SI,139,left,0
5063,5064,2,5687.08,5866.2,3991.84,0.37890625,5063,342,SI,SI,139,left,0
5064,5065,2,5687.44,5863.26,3990.32,0.59765625,5064,342,SI,SI,139,left,0
5065,5066,2,5688.74,5861.54,3990.06,0.32421875,5065,342,SI,SI,139,left,0
5066,5067,2,5689.64,5857.2,3989.26,0.48828125,5066,342,SI,SI,139,left,0
5067,5068,2,5690.38,5854.96,3988.7,0.4609375,5067,342,SI,SI,139,left,0
5068,5069,2,5690.54,5851.46,3988.42,0.00390625,5068,342,SI,SI,139,left,0
5069,5070,2,5689.88,5849.48,3988.06,0.2421875,5069,342,SI,SI,139,left,0
5070,5071,2,5689.96,5846.52,3988.3,0.921875,5070,342,SI,SI,139,left,0
5071,5072,2,5690.74,5844.86,3988.32,0.296875,5071,342,SI,SI,139,left,0
5072,5073,2,5691.36,5842.94,3987.08,0.3515625,5072,342,SI,SI,139,left,0
5073,5074,2,5692.02,5841.58,3986.32,0.32421875,5073,342,SI,SI,139,left,0
5074,5075,2,5692.26,5837.7,3984.66,0.4609375,5074,342,SI,SI,139,left,0
5075,5076,2,5692.36,5835.88,3983.58,0.54296875,5075,342,SI,SI,139,left,0
5076,5077,2,5692.5,5833.24,3981.72,0.26953125,5076,342,SI,SI,139,left,0
5077,5078,2,5692.62,5830.06,3981.06,0.32421875,5077,342,SI,SI,139,left,0
5078,5079,2,5692.7,5827.0,3981.4,0.4609375,5078,342,SI,SI,139,left,0
5079,5080,2,5692.76,5823.22,3982.88,0.48828125,5079,342,SI,SI,139,left,0
5080,5081,2,5692.92,5818.56,3984.44,0.43359375,5080,342,SI,SI,139,left,0
5081,5082,2,5693.58,5816.22,3984.52,0.26953125,5081,342,SI,SI,139,left,0
5082,5083,2,5694.18,5812.2,3983.3,0.40625,5082,342,SI,SI,139,left,0
5083,5084,2,5694.94,5810.56,3981.84,0.26953125,5083,342,SI,SI,139,left,0
5084,5085,2,5696.56,5808.86,3980.74,0.296875,5084,342,SI,SI,139,left,0
5085,5086,2,5697.6,5806.86,3979.88,0.37890625,5085,342,SI,SI,139,left,0
5086,5087,2,5698.44,5805.7,3979.5,0.4609375,5086,342,SI,SI,139,left,0
5087,5088,2,5698.5,5802.88,3979.94,0.48828125,5087,342,SI,SI,139,left,0
5088,5089,2,5697.86,5801.14,3980.58,0.6484375,5088,342,SI,SI,139,left,0
5089,5090,2,5697.58,5797.66,3982.0,0.21484375,5089,342,SI,SI,139,left,0
5090,5091,2,5696.92,5796.48,3982.3,0.32421875,5090,342,SI,SI,139,left,0
5091,5092,2,5697.16,5796.14,3983.9,0.00390625,5091,342,SI,SI,139,left,0
5092,5093,2,6304.4,5972.22,3245.06,0.00390625,4443,559,CEAm,CEA,140,left,0
5093,5094,2,6303.6,5973.06,3245.64,0.32421875,5093,559,CEAm,CEA,140,left,0
5094,5095,2,6302.58,5974.8,3245.48,0.21484375,5094,559,CEAm,CEA,140,left,0
5095,5096,2,6302.14,5977.92,3245.16,0.73046875,5095,559,CEAm,CEA,140,left,0
5096,5097,2,6301.68,5979.86,3245.5,0.3515625,5096,559,CEAm,CEA,140,left,1
5097,5098,2,6304.34,5972.0,3245.12,0.0078125,4443,559,CEAm,CEA,141,left,0
5098,5099,2,6302.94,5971.56,3245.72,0.32421875,5098,559,CEAm,CEA,141,left,0
5099,5100,2,6302.86,5971.28,3247.06,0.40625,5099,559,CEAm,CEA,141,left,0
5100,5101,2,6303.14,5971.8,3249.56,0.8125,5100,559,CEAm,CEA,141,left,0
5101,5102,2,6303.38,5973.58,3250.54,0.43359375,5101,559,CEAm,CEA,141,left,0
5102,5103,2,6303.4,5976.2,3252.76,0.21484375,5102,559,CEAm,CEA,141,left,0
5103,5104,2,6302.84,5976.84,3254.32,0.296875,5103,559,CEAm,CEA,141,left,0
5104,5105,2,6302.08,5975.92,3255.9,0.2421875,5104,559,CEAm,CEA,141,left,0
5105,5106,2,6301.62,5974.18,3256.8,0.21484375,5105,559,CEAm,CEA,141,left,0
5106,5107,2,6300.22,5973.54,3256.74,0.4609375,5106,559,CEAm,CEA,141,left,0
5107,5108,2,6299.98,5973.02,3258.38,0.00390625,5107,559,CEAm,CEA,141,left,0
5108,5109,2,6299.4,5970.32,3259.46,0.1640625,5108,559,CEAm,CEA,141,left,0
5109,5110,2,6298.38,5968.92,3261.1,0.4609375,5109,559,CEAm,CEA,141,left,0
5110,5111,2,6296.78,5968.56,3262.86,0.40625,5110,559,CEAm,CEA,141,left,0
5111,5112,2,6296.14,5968.58,3265.04,0.40625,5111,559,CEAm,CEA,141,left,0
5112,5113,2,6296.38,5968.98,3267.28,0.43359375,5112,559,CEAm,CEA,141,left,0
5113,5114,2,6296.02,5969.66,3268.36,0.32421875,5113,559,CEAm,CEA,141,left,0
5114,5115,2,6294.7,5969.56,3268.86,0.40625,5114,559,CEAm,CEA,141,left,0
5115,5116,2,6293.5,5969.58,3270.14,0.32421875,5115,559,CEAm,CEA,141,left,0
5116,5117,2,6291.96,5969.72,3272.54,0.4609375,5116,559,CEAm,CEA,141,left,0
5117,5118,2,6291.04,5969.58,3274.06,0.48828125,5117,559,CEAm,CEA,141,left,0
5118,5119,2,6289.64,5969.36,3275.44,0.00390625,5118,559,CEAm,CEA,141,left,0
5119,5120,2,6288.2,5969.42,3276.98,0.40625,5119,559,CEAm,CEA,141,left,0
5120,5121,2,6286.52,5969.76,3277.8,0.40625,5120,559,CEAm,CEA,141,left,0
5121,5122,2,6285.08,5970.0,3278.14,0.296875,5121,559,CEAm,CEA,141,left,0
5122,5123,2,6283.34,5970.46,3278.46,0.37890625,5122,559,CEAm,CEA,141,left,0
5123,5124,2,6281.96,5971.02,3279.5,0.2421875,5123,559,CEAm,CEA,141,left,0
5124,5125,2,6279.82,5971.9,3279.62,0.32421875,5124,559,CEAm,CEA,141,left,0
5125,5126,2,6277.84,5973.04,3279.14,0.26953125,5125,559,CEAm,CEA,141,left,0
5126,5127,2,6276.56,5973.72,3278.98,0.26953125,5126,559,CEAm,CEA,141,left,0
5127,5128,2,6274.76,5973.82,3278.62,0.43359375,5127,559,CEAm,CEA,141,left,0
5128,5129,2,6273.02,5973.74,3278.62,0.03515625,5128,559,CEAm,CEA,141,left,0
5129,5130,2,6271.56,5973.78,3278.08,0.3515625,5129,559,CEAm,CEA,141,left,0
5130,5131,2,6270.42,5972.72,3277.46,0.01953125,5130,559,CEAm,CEA,141,left,0
5131,5132,2,6269.94,5971.38,3276.18,0.40625,5131,559,CEAm,CEA,141,left,0
5132,5133,2,6269.72,5968.76,3276.22,0.48828125,5132,559,CEAm,CEA,141,left,0
5133,5134,2,6269.08,5967.58,3276.84,0.3515625,5133,559,CEAm,CEA,141,left,0
5134,5135,2,6267.32,5966.96,3277.78,0.3515625,5134,559,CEAm,CEA,141,left,0
5135,5136,2,6266.38,5966.98,3279.06,0.67578125,5135,559,CEAm,CEA,141,left,0
5136,5137,2,6264.18,5966.7,3279.1,0.40625,5136,559,CEAm,CEA,141,left,1
5137,5138,2,6773.52,5747.74,2767.36,0.296875,4638,544,CEAc,CEA,142,left,0
5138,5139,2,6774.94,5746.82,2768.64,0.00390625,5138,544,CEAc,CEA,142,left,0
5139,5140,2,6777.44,5745.26,2769.84,0.3515625,5139,544,CEAc,CEA,142,left,0
5140,5141,2,6778.8,5743.2,2770.94,0.3515625,5140,544,CEAc,CEA,142,left,0
5141,5142,2,6779.88,5740.6,2772.06,0.40625,5141,544,CEAc,CEA,142,left,0
5142,5143,2,6781.4,5739.34,2772.38,0.0078125,5142,544,CEAc,CEA,142,left,0
5143,5144,2,6781.44,5737.28,2772.02,0.2421875,5143,544,CEAc,CEA,142,left,0
5144,5145,2,6781.38,5734.28,2772.34,0.515625,5144,544,CEAc,CEA,142,left,0
5145,5146,2,6782.48,5732.76,2772.36,0.296875,5145,544,CEAc,CEA,142,left,0
5146,5147,2,6783.1,5730.26,2772.02,0.1640625,5146,544,CEAc,CEA,142,left,0
5147,5148,2,6784.32,5728.08,2772.14,0.4609375,5147,544,CEAc,CEA,142,left,0
5148,5149,2,6784.92,5725.34,2772.42,0.43359375,5148,544,CEAc,CEA,142,left,0
5149,5150,2,6786.34,5723.02,2772.98,0.32421875,5149,544,CEAc,CEA,142,left,0
5150,5151,2,6788.74,5719.58,2773.62,0.1640625,5150,544,CEAc,CEA,142,left,0
5151,5152,2,6789.34,5717.14,2774.1,0.19140625,5151,544,CEAc,CEA,142,left,0
5152,5153,2,6771.6,5748.68,2767.08,0.0234375,4638,544,CEAc,CEA,143,left,0
5153,5154,2,6771.14,5749.52,2768.78,0.32421875,5153,544,CEAc,CEA,143,left,0
5154,5155,2,6771.38,5749.9,2770.5,0.32421875,5154,544,CEAc,CEA,143,left,0
5155,5156,2,6771.84,5752.24,2772.16,0.4609375,5155,544,CEAc,CEA,143,left,0
5156,5157,2,6771.9,5754.0,2772.82,0.32421875,5156,544,CEAc,CEA,143,left,0
5157,5158,2,6770.98,5755.22,2773.42,0.32421875,5157,544,CEAc,CEA,143,left,0
5158,5159,2,6770.36,5756.5,2775.0,0.296875,5158,544,CEAc,CEA,143,left,0
5159,5160,2,6769.74,5757.84,2776.54,0.4609375,5159,544,CEAc,CEA,143,left,0
5160,5161,2,6768.62,5758.44,2777.84,0.4609375,5160,544,CEAc,CEA,143,left,0
5161,5162,2,6767.28,5758.8,2778.78,0.32421875,5161,544,CEAc,CEA,143,left,0
5162,5163,2,6765.44,5758.8,2780.66,0.40625,5162,544,CEAc,CEA,143,left,0
5163,5164,2,6764.0,5758.1,2782.2,0.19140625,5163,544,CEAc,CEA,143,left,0
5164,5165,2,6762.1,5756.88,2783.48,0.4609375,5164,544,CEAc,CEA,143,left,0
5165,5166,2,6759.98,5756.48,2783.92,0.43359375,5165,544,CEAc,CEA,143,left,0
5166,5167,2,6758.18,5755.78,2784.56,0.1640625,5166,544,CEAc,CEA,143,left,0
5167,5168,2,6756.32,5754.08,2786.18,0.48828125,5167,544,CEAc,CEA,143,left,0
5168,5169,2,6755.38,5753.1,2787.68,0.21484375,5168,544,CEAc,CEA,143,left,0
5169,5170,2,6754.74,5750.2,2789.5,0.3515625,5169,544,CEAc,CEA,143,left,0
5170,5171,2,6753.24,5749.24,2790.66,0.3515625,5170,544,CEAc,CEA,143,left,0
5171,5172,2,6752.18,5747.8,2792.1,0.2421875,5171,544,CEAc,CEA,143,left,0
5172,5173,2,6750.52,5747.06,2792.3,0.0078125,5172,544,CEAc,CEA,143,left,0
5173,5174,2,6748.32,5747.48,2792.82,0.0078125,5173,544,CEAc,CEA,143,left,0
5174,5175,2,6747.7,5748.34,2793.72,0.40625,5174,544,CEAc,CEA,143,left,0
5175,5176,2,6746.52,5749.8,2793.78,0.32421875,5175,544,CEAc,CEA,143,left,0
5176,5177,2,6744.74,5751.14,2793.56,0.296875,5176,544,CEAc,CEA,143,left,0
5177,5178,2,6742.68,5751.48,2793.32,0.59765625,5177,544,CEAc,CEA,143,left,0
5178,5179,2,6741.26,5751.5,2794.54,0.67578125,5178,544,CEAc,CEA,143,left,0
5179,5180,2,6741.36,5751.68,2796.08,0.4609375,5179,544,CEAc,CEA,143,left,0
5180,5181,2,6740.84,5751.74,2797.5,0.0078125,5180,544,CEAc,CEA,143,left,0
5181,5182,2,6738.64,5751.94,2797.52,0.515625,5181,544,CEAc,CEA,143,left,0
5182,5183,2,6736.88,5753.06,2797.26,0.32421875,5182,544,CEAc,CEA,143,left,0
5183,5184,2,6736.28,5754.0,2797.74,0.62109375,5183,544,CEAc,CEA,143,left,0
5184,5185,2,6736.42,5754.34,2799.94,0.37890625,5184,544,CEAc,CEA,143,left,0
5185,5186,2,6735.62,5753.7,2801.28,0.43359375,5185,544,CEAc,CEA,143,left,0
5186,5187,2,6734.36,5752.72,2801.9,0.48828125,5186,544,CEAc,CEA,143,left,0
5187,5188,2,6733.36,5751.02,2802.9,0.00390625,5187,544,CEAc,CEA,143,left,0
5188,5189,2,6731.54,5749.9,2803.86,0.43359375,5188,544,CEAc,CEA,143,left,0
5189,5190,2,6729.92,5749.32,2804.82,0.37890625,5189,544,CEAc,CEA,143,left,0
5190,5191,2,6729.38,5747.56,2806.74,0.296875,5190,544,CEAc,CEA,143,left,0
5191,5192,2,6727.92,5745.88,2809.04,0.19140625,5191,544,CEAc,CEA,143,left,0
5192,5193,2,6725.92,5744.8,2810.28,0.4609375,5192,544,CEAc,CEA,143,left,0
5193,5194,2,6724.9,5743.34,2810.86,0.21484375,5193,544,CEAc,CEA,143,left,0
5194,5195,2,6723.58,5742.76,2811.76,0.32421875,5194,544,CEAc,CEA,143,left,0
5195,5196,2,6723.0,5743.02,2812.88,0.26953125,5195,544,CEAc,CEA,143,left,0
5196,5197,2,6721.24,5743.08,2814.54,0.00390625,5196,544,CEAc,CEA,143,left,0
5197,5198,2,6719.6,5743.14,2815.76,0.37890625,5197,544,CEAc,CEA,143,left,0
5198,5199,2,6718.68,5743.6,2817.56,0.19140625,5198,544,CEAc,CEA,143,left,0
5199,5200,2,6717.26,5744.5,2818.7,0.37890625,5199,544,CEAc,CEA,143,left,0
5200,5201,2,6716.66,5745.08,2820.08,0.1640625,5200,544,CEAc,CEA,143,left,0
5201,5202,2,6715.04,5746.14,2821.16,0.43359375,5201,544,CEAc,CEA,143,left,0
5202,5203,2,6713.24,5746.88,2822.3,0.26953125,5202,544,CEAc,CEA,143,left,0
5203,5204,2,6711.6,5747.66,2824.02,0.19140625,5203,544,CEAc,CEA,143,left,0
5204,5205,2,6710.9,5747.82,2825.56,0.296875,5204,544,CEAc,CEA,143,left,0
5205,5206,2,6709.28,5747.88,2826.42,0.37890625,5205,544,CEAc,CEA,143,left,0
5206,5207,2,6708.32,5747.5,2828.06,0.4609375,5206,544,CEAc,CEA,143,left,0
5207,5208,2,6707.4,5747.2,2830.14,0.32421875,5207,544,CEAc,CEA,143,left,0
5208,5209,2,6708.02,5745.38,2831.78,0.0078125,5208,544,CEAc,CEA,143,left,0
5209,5210,2,6707.22,5742.64,2834.08,0.26953125,5209,544,CEAc,CEA,143,left,0
5210,5211,2,6707.18,5741.32,2835.88,0.43359375,5210,544,CEAc,CEA,143,left,0
5211,5212,2,6705.96,5741.32,2836.74,0.59765625,5211,544,CEAc,CEA,143,left,0
5212,5213,2,6704.2,5741.16,2836.82,0.703125,5212,544,CEAc,CEA,143,left,0
5213,5214,2,6703.1,5741.16,2837.42,0.0390625,5213,544,CEAc,CEA,143,left,0
5214,5215,2,6703.08,5741.38,2839.66,0.4609375,5214,544,CEAc,CEA,143,left,0
5215,5216,2,6702.86,5741.66,2840.84,0.296875,5215,544,CEAc,CEA,143,left,0
5216,5217,2,6701.64,5741.62,2842.52,0.19140625,5216,544,CEAc,CEA,143,left,0
5217,5218,2,6700.94,5741.22,2844.3,0.32421875,5217,544,CEAc,CEA,143,left,0
5218,5219,2,6699.3,5741.18,2844.9,0.4609375,5218,544,CEAc,CEA,143,left,0
5219,5220,2,6697.82,5741.2,2845.92,0.37890625,5219,544,CEAc,CEA,143,left,0
5220,5221,2,6695.7,5741.3,2846.92,0.40625,5220,544,CEAc,CEA,143,left,0
5221,5222,2,6694.0,5740.7,2847.84,0.2421875,5221,544,CEAc,CEA,143,left,0
5222,5223,2,6693.22,5739.16,2849.4,0.48828125,5222,544,CEAc,CEA,143,left,0
5223,5224,2,6691.5,5738.54,2850.88,0.2421875,5223,544,CEAc,CEA,143,left,0
5224,5225,2,6689.94,5738.28,2852.06,0.296875,5224,544,CEAc,CEA,143,left,0
5225,5226,2,6688.38,5737.98,2853.12,0.40625,5225,544,CEAc,CEA,143,left,0
5226,5227,2,6687.04,5737.94,2854.58,0.40625,5226,544,CEAc,CEA,143,left,0
5227,5228,2,6686.58,5737.76,2857.12,0.43359375,5227,551,CEAl,CEA,143,left,0
5228,5229,2,6684.68,5738.36,2857.22,0.0234375,5228,551,CEAl,CEA,143,left,0
5229,5230,2,6682.6,5738.54,2858.14,0.4609375,5229,551,CEAl,CEA,143,left,0
5230,5231,2,6682.16,5738.94,2860.06,0.32421875,5230,551,CEAl,CEA,143,left,0
5231,5232,2,6680.78,5739.48,2861.66,0.4609375,5231,551,CEAl,CEA,143,left,0
5232,5233,2,6678.6,5739.74,2864.02,0.40625,5232,551,CEAl,CEA,143,left,0
5233,5234,2,6677.44,5739.7,2865.48,0.43359375,5233,551,CEAl,CEA,143,left,0
5234,5235,2,6675.82,5739.8,2867.28,0.1640625,5234,551,CEAl,CEA,143,left,0
5235,5236,2,6673.92,5740.0,2868.54,0.4609375,5235,551,CEAl,CEA,143,left,0
5236,5237,2,6672.64,5739.68,2869.62,0.296875,5236,551,CEAl,CEA,143,left,0
5237,5238,2,6670.62,5739.16,2871.02,0.4609375,5237,551,CEAl,CEA,143,left,0
5238,5239,2,6668.74,5738.96,2871.84,0.26953125,5238,551,CEAl,CEA,143,left,0
5239,5240,2,6666.16,5737.66,2873.14,0.4609375,5239,551,CEAl,CEA,143,left,0
5240,5241,2,6665.34,5736.02,2873.78,0.21484375,5240,551,CEAl,CEA,143,left,0
5241,5242,2,6663.72,5735.18,2874.3,0.37890625,5241,551,CEAl,CEA,143,left,0
5242,5243,2,6661.52,5733.98,2874.64,0.32421875,5242,551,CEAl,CEA,143,left,0
5243,5244,2,6659.88,5732.1,2874.9,0.32421875,5243,551,CEAl,CEA,143,left,0
5244,5245,2,6658.22,5730.94,2875.82,0.37890625,5244,551,CEAl,CEA,143,left,0
5245,5246,2,6656.44,5729.66,2876.98,0.1640625,5245,551,CEAl,CEA,143,left,0
5246,5247,2,6654.58,5729.4,2877.44,0.32421875,5246,551,CEAl,CEA,143,left,0
5247,5248,2,6652.36,5729.52,2878.1,0.3515625,5247,551,CEAl,CEA,143,left,0
5248,5249,2,6650.52,5729.62,2878.78,0.32421875,5248,551,CEAl,CEA,143,left,0
5249,5250,2,6649.3,5729.36,2879.56,0.32421875,5249,551,CEAl,CEA,143,left,0
5250,5251,2,6647.1,5729.0,2880.12,0.43359375,5250,551,CEAl,CEA,143,left,0
5251,5252,2,6645.96,5728.36,2881.84,0.3515625,5251,551,CEAl,CEA,143,left,0
5252,5253,2,6642.96,5728.36,2883.72,0.00390625,5252,551,CEAl,CEA,143,left,0
5253,5254,2,6641.44,5728.42,2884.36,0.3515625,5253,551,CEAl,CEA,143,left,0
5254,5255,2,6978.52,5631.42,2569.5,0.43359375,4657,303,BLAa,BLA,144,left,0
5255,5256,2,6980.96,5629.58,2567.78,0.37890625,4657,303,BLAa,BLA,145,left,0
5256,5257,2,6981.9,5629.08,2566.6,0.00390625,5256,303,BLAa,BLA,145,left,0
5257,5258,2,6984.74,5628.1,2566.56,0.32421875,5257,303,BLAa,BLA,145,left,0
5258,5259,2,6985.58,5627.92,2565.52,0.54296875,5258,303,BLAa,BLA,145,left,0
5259,5260,2,6987.98,5627.0,2564.82,0.43359375,5259,303,BLAa,BLA,145,left,0
5260,5261,2,6989.92,5626.18,2564.38,0.37890625,5260,303,BLAa,BLA,145,left,1
5261,5262,2,6558.62,6137.94,2805.84,0.3515625,4732,703,CTXsp,CTXsp,146,left,0
5262,5263,2,6558.26,6137.46,2803.16,0.62109375,5262,703,CTXsp,CTXsp,146,left,0
5263,5264,2,6558.12,6137.26,2801.88,0.40625,5263,703,CTXsp,CTXsp,146,left,1
5264,5265,2,6559.44,6139.14,2807.16,0.00390625,4732,703,CTXsp,CTXsp,147,left,0
5265,5266,2,6556.72,6140.8,2805.94,0.48828125,5265,703,CTXsp,CTXsp,147,left,0
5266,5267,2,6555.08,6142.28,2805.5,0.5703125,5266,703,CTXsp,CTXsp,147,left,1
5267,5268,2,6510.6,5909.06,2957.3,0.00390625,4771,559,CEAm,CEA,148,left,0
5268,5269,2,6509.0,5908.48,2958.54,0.78515625,5268,559,CEAm,CEA,148,left,0
5269,5270,2,6506.72,5907.98,2959.22,0.296875,5269,559,CEAm,CEA,148,left,0
5270,5271,2,6505.3,5907.78,2959.58,0.40625,5270,559,CEAm,CEA,148,left,0
5271,5272,2,6503.68,5908.12,2959.86,0.0234375,5271,559,CEAm,CEA,148,left,0
5272,5273,2,6501.72,5908.14,2960.4,0.89453125,5272,559,CEAm,CEA,148,left,0
5273,5274,2,6499.12,5908.3,2960.46,0.015625,5273,559,CEAm,CEA,148,left,0
5274,5275,2,6498.76,5909.12,2962.3,0.37890625,5274,559,CEAm,CEA,148,left,0
5275,5276,2,6497.54,5909.32,2963.24,0.48828125,5275,559,CEAm,CEA,148,left,0
5276,5277,2,6497.24,5913.4,2963.88,0.43359375,5276,559,CEAm,CEA,148,left,0
5277,5278,2,6495.24,5914.22,2963.68,0.67578125,5277,559,CEAm,CEA,148,left,0
5278,5279,2,6492.9,5916.34,2962.76,0.1640625,5278,544,CEAc,CEA,148,left,0
5279,5280,2,6491.7,5918.08,2961.94,0.43359375,5279,544,CEAc,CEA,148,left,0
5280,5281,2,6490.76,5920.72,2960.24,0.0078125,5280,544,CEAc,CEA,148,left,0
5281,5282,2,6488.5,5922.58,2959.34,0.48828125,5281,544,CEAc,CEA,148,left,0
5282,5283,2,6486.3,5924.26,2959.38,0.32421875,5282,544,CEAc,CEA,148,left,0
5283,5284,2,6484.82,5925.72,2959.26,0.515625,5283,544,CEAc,CEA,148,left,0
5284,5285,2,6483.34,5926.44,2959.84,0.01171875,5284,544,CEAc,CEA,148,left,0
5285,5286,2,6482.18,5926.38,2961.4,0.40625,5285,544,CEAc,CEA,148,left,1
5286,5287,2,6510.88,5911.64,2957.56,0.48828125,4771,559,CEAm,CEA,149,left,0
5287,5288,2,6509.5,5911.72,2958.58,0.37890625,5287,559,CEAm,CEA,149,left,0
5288,5289,2,6507.84,5911.34,2959.04,1.02734375,5288,559,CEAm,CEA,149,left,0
5289,5290,2,6505.56,5911.2,2959.74,0.40625,5289,559,CEAm,CEA,149,left,0
5290,5291,2,6503.76,5911.48,2959.96,0.4609375,5290,559,CEAm,CEA,149,left,0
5291,5292,2,6501.62,5911.9,2960.5,0.00390625,5291,559,CEAm,CEA,149,left,0
5292,5293,2,6500.74,5913.52,2960.46,0.26953125,5292,559,CEAm,CEA,149,left,0
5293,5294,2,6499.16,5914.64,2960.54,0.19140625,5293,559,CEAm,CEA,149,left,0
5294,5295,2,6498.1,5914.76,2961.14,0.0078125,5294,559,CEAm,CEA,149,left,0
5295,5296,2,6497.66,5914.46,2962.9,0.48828125,5295,559,CEAm,CEA,149,left,0
5296,5297,2,6495.62,5914.18,2963.42,0.00390625,5296,559,CEAm,CEA,149,left,0
5297,5298,2,6493.74,5915.28,2963.36,0.21484375,5297,544,CEAc,CEA,149,left,0
5298,5299,2,6493.68,5916.28,2964.16,0.1640625,5298,544,CEAc,CEA,149,left,0
5299,5300,2,6492.82,5916.1,2965.04,0.00390625,5299,559,CEAm,CEA,149,left,0
5300,5301,2,6490.46,5916.62,2965.26,0.32421875,5300,559,CEAm,CEA,149,left,0
5301,5302,2,6487.74,5917.38,2965.68,0.43359375,5301,559,CEAm,CEA,149,left,0
5302,5303,2,6486.0,5917.56,2966.16,0.32421875,5302,559,CEAm,CEA,149,left,0
5303,5304,2,6482.86,5916.4,2967.08,0.00390625,5303,544,CEAc,CEA,149,left,0
5304,5305,2,6481.52,5915.48,2968.0,0.1640625,5304,544,CEAc,CEA,149,left,0
5305,5306,2,6480.98,5916.0,2969.86,0.00390625,5305,544,CEAc,CEA,149,left,0
5306,5307,2,6479.86,5916.32,2970.3,0.2421875,5306,544,CEAc,CEA,149,left,0
5307,5308,2,6477.78,5917.16,2971.12,0.19140625,5307,544,CEAc,CEA,149,left,0
5308,5309,2,6476.58,5917.44,2971.44,0.2421875,5308,544,CEAc,CEA,149,left,0
5309,5310,2,6475.42,5919.2,2971.62,0.00390625,5309,544,CEAc,CEA,149,left,0
5310,5311,2,6473.56,5920.7,2971.64,0.32421875,5310,544,CEAc,CEA,149,left,0
5311,5312,2,6472.22,5921.48,2972.34,0.4609375,5311,544,CEAc,CEA,149,left,0
5312,5313,2,6471.28,5921.94,2973.48,0.32421875,5312,544,CEAc,CEA,149,left,0
5313,5314,2,6469.76,5922.2,2974.18,0.296875,5313,544,CEAc,CEA,149,left,0
5314,5315,2,6468.56,5922.78,2975.34,0.296875,5314,559,CEAm,CEA,149,left,0
5315,5316,2,6467.22,5923.68,2976.48,0.32421875,5315,559,CEAm,CEA,149,left,0
5316,5317,2,6465.2,5923.74,2976.86,0.1640625,5316,559,CEAm,CEA,149,left,0
5317,5318,2,6463.8,5923.24,2977.74,0.19140625,5317,544,CEAc,CEA,149,left,0
5318,5319,2,6462.36,5922.88,2978.92,0.00390625,5318,544,CEAc,CEA,149,left,0
5319,5320,2,6460.8,5923.6,2979.34,0.43359375,5319,544,CEAc,CEA,149,left,0
5320,5321,2,6459.36,5924.76,2980.46,0.1640625,5320,544,CEAc,CEA,149,left,0
5321,5322,2,6457.86,5925.54,2981.22,0.40625,5321,544,CEAc,CEA,149,left,0
5322,5323,2,6455.82,5926.54,2981.64,0.26953125,5322,544,CEAc,CEA,149,left,0
5323,5324,2,6454.22,5927.76,2981.62,0.32421875,5323,544,CEAc,CEA,149,left,0
5324,5325,2,6451.74,5928.8,2981.46,0.78515625,5324,544,CEAc,CEA,149,left,0
5325,5326,2,6450.3,5929.78,2982.32,0.2421875,5325,544,CEAc,CEA,149,left,0
5326,5327,2,6448.8,5930.34,2983.24,0.19140625,5326,544,CEAc,CEA,149,left,0
5327,5328,2,6447.3,5931.62,2983.8,0.32421875,5327,544,CEAc,CEA,149,left,0
5328,5329,2,6445.6,5932.34,2983.94,0.40625,5328,544,CEAc,CEA,149,left,0
5329,5330,2,6444.08,5933.88,2984.38,0.0078125,5329,544,CEAc,CEA,149,left,0
5330,5331,2,6442.62,5935.5,2984.88,0.48828125,5330,544,CEAc,CEA,149,left,0
5331,5332,2,6442.26,5937.18,2985.06,0.37890625,5331,544,CEAc,CEA,149,left,0
5332,5333,2,6440.9,5938.52,2985.04,0.26953125,5332,544,CEAc,CEA,149,left,0
5333,5334,2,6439.94,5939.48,2985.44,0.21484375,5333,544,CEAc,CEA,149,left,0
5334,5335,2,6437.88,5939.8,2985.42,0.40625,5334,544,CEAc,CEA,149,left,0
5335,5336,2,6436.34,5939.74,2985.44,0.32421875,5335,544,CEAc,CEA,149,left,0
5336,5337,2,6434.48,5940.1,2985.18,0.296875,5336,544,CEAc,CEA,149,left,0
5337,5338,2,6432.96,5941.36,2984.94,0.1640625,5337,544,CEAc,CEA,149,left,0
5338,5339,2,6431.54,5942.98,2985.02,0.32421875,5338,544,CEAc,CEA,149,left,0
5339,5340,2,6430.64,5944.76,2985.18,0.32421875,5339,544,CEAc,CEA,149,left,0
5340,5341,2,6429.22,5945.62,2985.2,0.62109375,5340,544,CEAc,CEA,149,left,0
5341,5342,2,6428.32,5946.82,2985.7,0.1640625,5341,544,CEAc,CEA,149,left,0
5342,5343,2,6426.78,5947.02,2986.32,0.2421875,5342,544,CEAc,CEA,149,left,0
5343,5344,2,6425.28,5947.28,2986.52,0.296875,5343,544,CEAc,CEA,149,left,0
5344,5345,2,6424.36,5950.28,2986.06,0.54296875,5344,544,CEAc,CEA,149,left,0
5345,5346,2,6424.5,5953.18,2985.18,0.2421875,5345,544,CEAc,CEA,149,left,0
5346,5347,2,6423.7,5955.02,2984.72,0.32421875,5346,544,CEAc,CEA,149,left,0
5347,5348,2,6422.16,5955.62,2984.46,0.3515625,5347,544,CEAc,CEA,149,left,0
5348,5349,2,6421.02,5957.4,2983.82,0.19140625,5348,544,CEAc,CEA,149,left,0
5349,5350,2,6419.34,5958.7,2983.26,0.32421875,5349,544,CEAc,CEA,149,left,0
5350,5351,2,6417.72,5959.5,2982.76,0.4609375,5350,544,CEAc,CEA,149,left,0
5351,5352,2,6416.18,5960.02,2983.24,0.0078125,5351,544,CEAc,CEA,149,left,0
5352,5353,2,6413.76,5960.8,2982.84,0.2421875,5352,544,CEAc,CEA,149,left,0
5353,5354,2,6412.44,5962.36,2982.12,0.32421875,5353,544,CEAc,CEA,149,left,0
5354,5355,2,6411.3,5964.14,2982.34,0.1640625,5354,544,CEAc,CEA,149,left,0
5355,5356,2,6408.96,5965.58,2982.38,0.1640625,5355,544,CEAc,CEA,149,left,0
5356,5357,2,6407.74,5967.06,2982.08,0.1640625,5356,544,CEAc,CEA,149,left,0
5357,5358,2,6406.74,5968.78,2981.68,0.32421875,5357,544,CEAc,CEA,149,left,0
5358,5359,2,6404.72,5969.86,2981.28,0.0078125,5358,544,CEAc,CEA,149,left,0
5359,5360,2,6404.02,5972.34,2980.96,0.40625,5359,544,CEAc,CEA,149,left,0
5360,5361,2,6402.76,5973.9,2980.8,0.32421875,5360,544,CEAc,CEA,149,left,0
5361,5362,2,6399.94,5974.38,2980.38,0.19140625,5361,544,CEAc,CEA,149,left,0
5362,5363,2,6397.98,5974.04,2980.0,0.296875,5362,544,CEAc,CEA,149,left,0
5363,5364,2,6396.58,5974.34,2979.66,0.296875,5363,544,CEAc,CEA,149,left,0
5364,5365,2,6396.22,5977.12,2978.88,0.296875,5364,544,CEAc,CEA,149,left,0
5365,5366,2,6396.38,5979.0,2978.0,0.1640625,5365,544,CEAc,CEA,149,left,0
5366,5367,2,6393.96,5980.74,2977.46,0.1640625,5366,544,CEAc,CEA,149,left,0
5367,5368,2,6393.74,5983.86,2977.44,0.3515625,5367,544,CEAc,CEA,149,left,0
5368,5369,2,6392.36,5985.8,2978.0,0.43359375,5368,544,CEAc,CEA,149,left,0
5369,5370,2,6390.7,5986.82,2978.28,0.37890625,5369,544,CEAc,CEA,149,left,0
5370,5371,2,6388.74,5987.96,2978.38,0.32421875,5370,544,CEAc,CEA,149,left,0
5371,5372,2,6387.82,5988.66,2978.56,0.0078125,5371,544,CEAc,CEA,149,left,0
5372,5373,2,6385.7,5990.76,2978.36,0.26953125,5372,544,CEAc,CEA,149,left,0
5373,5374,2,6384.0,5992.58,2978.76,0.296875,5373,544,CEAc,CEA,149,left,0
5374,5375,2,6383.46,5994.88,2978.92,0.296875,5374,544,CEAc,CEA,149,left,0
5375,5376,2,6381.78,5995.78,2978.64,0.40625,5375,544,CEAc,CEA,149,left,0
5376,5377,2,6380.1,5996.58,2978.2,0.296875,5376,544,CEAc,CEA,149,left,0
5377,5378,2,6378.98,5997.76,2977.52,0.1640625,5377,544,CEAc,CEA,149,left,0
5378,5379,2,6376.56,5999.34,2976.2,0.2421875,5378,544,CEAc,CEA,149,left,0
5379,5380,2,6375.1,6000.14,2975.32,0.296875,5379,544,CEAc,CEA,149,left,0
5380,5381,2,6374.56,6001.22,2974.3,0.48828125,5380,544,CEAc,CEA,149,left,0
5381,5382,2,6373.94,6003.26,2973.8,0.4609375,5381,544,CEAc,CEA,149,left,0
5382,5383,2,6372.26,6005.64,2973.18,0.43359375,5382,544,CEAc,CEA,149,left,0
5383,5384,2,6371.7,6008.12,2972.5,0.1640625,5383,544,CEAc,CEA,149,left,0
5384,5385,2,6370.44,6008.96,2972.2,0.2421875,5384,544,CEAc,CEA,149,left,0
5385,5386,2,6368.88,6011.08,2971.96,0.00390625,5385,544,CEAc,CEA,149,left,0
5386,5387,2,6368.5,6013.06,2972.02,0.21484375,5386,544,CEAc,CEA,149,left,0
5387,5388,2,6367.2,6014.66,2972.26,0.296875,5387,544,CEAc,CEA,149,left,0
5388,5389,2,6366.68,6016.1,2972.12,0.37890625,5388,544,CEAc,CEA,149,left,0
5389,5390,2,6365.2,6017.1,2971.82,0.48828125,5389,544,CEAc,CEA,149,left,0
5390,5391,2,6364.1,6018.84,2971.42,0.32421875,5390,544,CEAc,CEA,149,left,0
5391,5392,2,6361.8,6020.78,2970.56,0.21484375,5391,544,CEAc,CEA,149,left,0
5392,5393,2,6360.3,6022.72,2970.12,0.40625,5392,544,CEAc,CEA,149,left,0
5393,5394,2,6359.64,6024.2,2969.94,0.54296875,5393,544,CEAc,CEA,149,left,0
5394,5395,2,6358.18,6027.2,2968.88,0.00390625,5394,544,CEAc,CEA,149,left,0
5395,5396,2,6356.48,6029.04,2967.12,0.1640625,5395,544,CEAc,CEA,149,left,0
5396,5397,2,6354.98,6030.3,2966.06,0.43359375,5396,544,CEAc,CEA,149,left,0
5397,5398,2,6354.7,6033.26,2965.74,0.40625,5397,544,CEAc,CEA,149,left,0
5398,5399,2,6354.16,6035.58,2965.98,0.4609375,5398,544,CEAc,CEA,149,left,0
5399,5400,2,6352.8,6036.7,2966.14,0.5703125,5399,544,CEAc,CEA,149,left,0
5400,5401,2,6352.42,6038.14,2966.24,0.4609375,5400,544,CEAc,CEA,149,left,0
5401,5402,2,6350.76,6039.58,2966.38,0.296875,5401,544,CEAc,CEA,149,left,0
5402,5403,2,6349.6,6041.52,2966.36,0.26953125,5402,544,CEAc,CEA,149,left,0
5403,5404,2,6347.62,6042.14,2966.4,0.00390625,5403,544,CEAc,CEA,149,left,0
5404,5405,2,6346.3,6043.48,2965.84,0.48828125,5404,544,CEAc,CEA,149,left,0
5405,5406,2,6344.58,6045.68,2965.66,0.1640625,5405,544,CEAc,CEA,149,left,0
5406,5407,2,6343.96,6047.66,2966.16,1.13671875,5406,544,CEAc,CEA,149,left,0
5407,5408,2,6341.42,6047.82,2965.86,0.73046875,5407,544,CEAc,CEA,149,left,0
5408,5409,2,6339.68,6047.46,2965.2,0.48828125,5408,544,CEAc,CEA,149,left,0
5409,5410,2,6337.32,6047.44,2964.5,0.3515625,5409,544,CEAc,CEA,149,left,0
5410,5411,2,6336.24,6048.1,2964.1,0.2421875,5410,544,CEAc,CEA,149,left,0
5411,5412,2,6333.5,6048.24,2963.18,0.37890625,5411,544,CEAc,CEA,149,left,0
5412,5413,2,6331.74,6048.6,2962.66,0.296875,5412,544,CEAc,CEA,149,left,0
5413,5414,2,6329.54,6050.62,2961.04,0.00390625,5413,544,CEAc,CEA,149,left,0
5414,5415,2,6329.14,6052.76,2960.12,0.19140625,5414,544,CEAc,CEA,149,left,0
5415,5416,2,6328.3,6055.18,2959.46,0.32421875,5415,544,CEAc,CEA,149,left,0
5416,5417,2,6326.84,6057.22,2958.72,0.4609375,5416,544,CEAc,CEA,149,left,0
5417,5418,2,6325.66,6058.38,2958.08,0.37890625,5417,544,CEAc,CEA,149,left,0
5418,5419,2,6324.26,6059.1,2957.56,0.01171875,5418,544,CEAc,CEA,149,left,0
5419,5420,2,6323.12,6061.72,2957.54,0.21484375,5419,544,CEAc,CEA,149,left,0
5420,5421,2,6322.64,6064.32,2956.88,0.3515625,5420,544,CEAc,CEA,149,left,0
5421,5422,2,6320.4,6065.72,2956.04,0.78515625,5421,544,CEAc,CEA,149,left,0
5422,5423,2,6318.56,6066.38,2955.74,0.32421875,5422,544,CEAc,CEA,149,left,0
5423,5424,2,6318.3,6069.04,2955.46,0.26953125,5423,544,CEAc,CEA,149,left,0
5424,5425,2,6317.02,6071.08,2955.22,0.32421875,5424,544,CEAc,CEA,149,left,0
5425,5426,2,6315.0,6072.3,2955.04,0.1640625,5425,544,CEAc,CEA,149,left,0
5426,5427,2,6314.16,6072.64,2955.54,0.19140625,5426,544,CEAc,CEA,149,left,0
5427,5428,2,6312.92,6074.56,2956.42,0.2421875,5427,544,CEAc,CEA,149,left,0
5428,5429,2,6311.14,6075.96,2956.54,0.3515625,5428,544,CEAc,CEA,149,left,0
5429,5430,2,6310.5,6077.46,2956.62,0.40625,5429,544,CEAc,CEA,149,left,0
5430,5431,2,6310.68,6078.72,2957.86,0.7578125,5430,544,CEAc,CEA,149,left,0
5431,5432,2,6309.66,6079.16,2959.38,0.5703125,5431,544,CEAc,CEA,149,left,0
5432,5433,2,6308.28,6079.22,2960.14,0.59765625,5432,544,CEAc,CEA,149,left,0
5433,5434,2,6307.32,6079.1,2961.26,0.26953125,5433,544,CEAc,CEA,149,left,0
5434,5435,2,6305.7,6079.12,2961.94,0.59765625,5434,544,CEAc,CEA,149,left,0
5435,5436,2,6304.28,6079.54,2962.56,0.62109375,5435,544,CEAc,CEA,149,left,0
5436,5437,2,6303.44,6079.8,2963.86,0.296875,5436,544,CEAc,CEA,149,left,0
5437,5438,2,6302.28,6079.9,2964.94,0.4609375,5437,544,CEAc,CEA,149,left,0
5438,5439,2,6300.18,6080.28,2965.1,0.8671875,5438,544,CEAc,CEA,149,left,0
5439,5440,2,6298.58,6080.66,2964.86,0.54296875,5439,544,CEAc,CEA,149,left,0
5440,5441,2,5698.9,5795.28,3984.32,0.32421875,5092,342,SI,SI,150,left,0
5441,5442,2,5700.14,5792.98,3984.8,0.43359375,5441,342,SI,SI,150,left,0
5442,5443,2,5700.94,5790.56,3984.22,0.48828125,5442,342,SI,SI,150,left,0
5443,5444,2,5701.58,5790.26,3983.02,0.37890625,5443,342,SI,SI,150,left,0
5444,5445,2,5702.34,5789.58,3981.4,0.296875,5444,342,SI,SI,150,left,0
5445,5446,2,5703.42,5787.5,3981.26,1.109375,5445,342,SI,SI,150,left,1
5446,5447,2,5695.22,5793.6,3984.42,0.2421875,5092,342,SI,SI,151,left,0
5447,5448,2,5694.66,5790.62,3986.08,0.3515625,5447,342,SI,SI,151,left,0
5448,5449,2,5694.7,5787.92,3987.36,0.515625,5448,342,SI,SI,151,left,0
5449,5450,2,5694.98,5785.42,3989.32,0.4609375,5449,342,SI,SI,151,left,0
5450,5451,2,5695.56,5784.56,3990.48,0.32421875,5450,342,SI,SI,151,left,0
5451,5452,2,5696.0,5782.28,3992.3,0.21484375,5451,342,SI,SI,151,left,0
5452,5453,2,5696.64,5780.96,3993.14,0.26953125,5452,342,SI,SI,151,left,0
5453,5454,2,5697.12,5777.78,3993.5,0.19140625,5453,342,SI,SI,151,left,0
5454,5455,2,5697.92,5775.7,3993.46,0.2421875,5454,342,SI,SI,151,left,0
5455,5456,2,5698.9,5773.94,3993.9,0.37890625,5455,342,SI,SI,151,left,0
5456,5457,2,5699.14,5770.42,3994.74,0.40625,5456,342,SI,SI,151,left,0
5457,5458,2,5699.86,5769.14,3995.1,0.32421875,5457,342,SI,SI,151,left,0
5458,5459,2,5700.08,5768.46,3995.24,0.0546875,5458,342,SI,SI,151,left,0
5459,5460,2,5700.24,5763.72,3996.0,0.43359375,5459,342,SI,SI,151,left,0
5460,5461,2,5700.28,5762.18,3996.42,0.48828125,5460,342,SI,SI,151,left,0
5461,5462,2,5700.42,5756.16,3997.58,0.296875,5461,342,SI,SI,151,left,0
5462,5463,2,5700.48,5754.38,3997.66,0.62109375,5462,342,SI,SI,151,left,0
5463,5464,2,6790.38,5716.44,2774.54,0.01171875,5152,544,CEAc,CEA,152,left,0
5464,5465,2,6790.82,5715.66,2776.42,0.515625,5464,544,CEAc,CEA,152,left,0
5465,5466,2,6791.08,5716.28,2778.16,0.62109375,5465,544,CEAc,CEA,152,left,0
5466,5467,2,6791.36,5718.18,2778.82,0.54296875,5466,544,CEAc,CEA,152,left,0
5467,5468,2,6791.6,5718.96,2780.2,0.3515625,5467,544,CEAc,CEA,152,left,1
5468,5469,2,6789.44,5716.26,2773.84,0.01171875,5152,544,CEAc,CEA,153,left,0
5469,5470,2,6789.02,5712.06,2774.14,0.40625,5469,544,CEAc,CEA,153,left,0
5470,5471,2,6788.8,5709.72,2774.72,0.19140625,5470,544,CEAc,CEA,153,left,0
5471,5472,2,6788.52,5706.84,2775.08,0.40625,5471,544,CEAc,CEA,153,left,0
5472,5473,2,6788.0,5702.98,2775.96,0.48828125,5472,544,CEAc,CEA,153,left,0
5473,5474,2,6787.12,5701.18,2776.34,0.40625,5473,544,CEAc,CEA,153,left,0
5474,5475,2,6786.68,5698.28,2777.62,0.0078125,5474,544,CEAc,CEA,153,left,0
5475,5476,2,6786.5,5695.4,2778.96,0.32421875,5475,544,CEAc,CEA,153,left,0
5476,5477,2,6786.44,5693.16,2780.7,0.54296875,5476,544,CEAc,CEA,153,left,0
5477,5478,2,6786.44,5690.14,2781.82,0.40625,5477,544,CEAc,CEA,153,left,0
5478,5479,2,6787.72,5688.12,2781.96,0.37890625,5478,544,CEAc,CEA,153,left,0
5479,5480,2,6790.04,5685.84,2782.22,0.32421875,5479,544,CEAc,CEA,153,left,0
5480,5481,2,6790.22,5684.38,2782.5,0.43359375,5480,544,CEAc,CEA,153,left,0
5481,5482,2,6790.98,5682.04,2782.72,0.00390625,5481,544,CEAc,CEA,153,left,0
5482,5483,2,6790.92,5679.68,2782.1,0.78515625,5482,544,CEAc,CEA,153,left,0
5483,5484,2,6791.66,5678.1,2781.26,0.54296875,5483,544,CEAc,CEA,153,left,0
5484,5485,2,6792.12,5676.92,2780.36,0.1640625,5484,544,CEAc,CEA,153,left,0
5485,5486,2,6792.16,5674.9,2778.8,0.1640625,5485,544,CEAc,CEA,153,left,0
5486,5487,2,6791.92,5673.54,2777.24,0.40625,5486,544,CEAc,CEA,153,left,0
5487,5488,2,6792.6,5672.96,2776.96,0.32421875,5487,544,CEAc,CEA,153,left,0
5488,5489,2,6792.6,5670.76,2776.66,0.40625,5488,544,CEAc,CEA,153,left,0
5489,5490,2,6792.32,5669.06,2775.84,0.40625,5489,544,CEAc,CEA,153,left,0
5490,5491,2,6791.82,5665.28,2775.3,0.43359375,5490,544,CEAc,CEA,153,left,0
5491,5492,2,6791.6,5662.16,2774.64,0.296875,5491,544,CEAc,CEA,153,left,0
5492,5493,2,6792.2,5660.44,2774.86,0.37890625,5492,544,CEAc,CEA,153,left,0
5493,5494,2,6792.76,5657.78,2773.6,0.40625,5493,544,CEAc,CEA,153,left,0
5494,5495,2,6792.36,5657.58,2767.62,0.3515625,5494,544,CEAc,CEA,153,left,0
5495,5496,2,6792.72,5657.7,2766.06,0.3515625,5495,544,CEAc,CEA,153,left,0
5496,5497,2,6794.12,5657.7,2764.54,0.3515625,5496,544,CEAc,CEA,153,left,0
5497,5498,2,6795.0,5657.72,2763.22,0.32421875,5497,544,CEAc,CEA,153,left,0
5498,5499,2,6797.9,5657.18,2762.06,0.2421875,5498,544,CEAc,CEA,153,left,0
5499,5500,2,6799.18,5656.66,2761.7,0.40625,5499,544,CEAc,CEA,153,left,0
5500,5501,2,6800.92,5655.38,2761.22,0.01171875,5500,544,CEAc,CEA,153,left,0
5501,5502,2,6803.7,5653.14,2762.08,0.40625,5501,544,CEAc,CEA,153,left,0
5502,5503,2,6805.54,5652.66,2763.28,0.296875,5502,544,CEAc,CEA,153,left,0
5503,5504,2,6807.78,5651.44,2764.44,0.26953125,5503,544,CEAc,CEA,153,left,0
5504,5505,2,6809.26,5649.12,2765.58,0.37890625,5504,544,CEAc,CEA,153,left,0
5505,5506,2,6809.44,5647.44,2766.74,0.48828125,5505,544,CEAc,CEA,153,left,1
5506,5507,2,6640.82,5727.06,2881.9,0.00390625,5254,551,CEAl,CEA,154,left,0
5507,5508,2,6641.16,5725.84,2880.62,0.515625,5507,551,CEAl,CEA,154,left,0
5508,5509,2,6643.2,5725.7,2880.48,0.40625,5508,551,CEAl,CEA,154,left,0
5509,5510,2,6643.78,5725.74,2879.64,0.40625,5509,551,CEAl,CEA,154,left,1
5510,5511,2,6640.26,5728.04,2885.12,0.00390625,5254,551,CEAl,CEA,155,left,0
5511,5512,2,6638.52,5728.38,2886.22,0.37890625,5511,551,CEAl,CEA,155,left,0
5512,5513,2,6636.9,5728.46,2887.22,0.296875,5512,551,CEAl,CEA,155,left,0
5513,5514,2,6634.58,5728.2,2888.0,0.40625,5513,551,CEAl,CEA,155,left,0
5514,5515,2,6632.72,5728.02,2888.64,0.4609375,5514,551,CEAl,CEA,155,left,0
5515,5516,2,6630.6,5727.88,2889.04,0.37890625,5515,551,CEAl,CEA,155,left,0
5516,5517,2,6629.02,5727.84,2889.9,0.3515625,5516,551,CEAl,CEA,155,left,0
5517,5518,2,6627.12,5727.24,2890.52,0.4609375,5517,551,CEAl,CEA,155,left,0
5518,5519,2,6625.48,5726.8,2891.32,0.26953125,5518,551,CEAl,CEA,155,left,0
5519,5520,2,6623.68,5726.6,2892.08,0.2421875,5519,551,CEAl,CEA,155,left,0
5520,5521,2,6621.64,5726.26,2892.96,0.40625,5520,551,CEAl,CEA,155,left,0
5521,5522,2,6620.64,5725.86,2893.26,0.43359375,5521,551,CEAl,CEA,155,left,0
5522,5523,2,6618.54,5725.74,2893.48,0.01171875,5522,551,CEAl,CEA,155,left,0
5523,5524,2,6616.8,5725.16,2894.42,0.21484375,5523,551,CEAl,CEA,155,left,0
5524,5525,2,6615.22,5724.44,2895.14,0.48828125,5524,551,CEAl,CEA,155,left,0
5525,5526,2,6613.24,5724.3,2895.42,0.43359375,5525,551,CEAl,CEA,155,left,0
5526,5527,2,6974.88,5632.56,2568.68,0.00390625,5255,303,BLAa,BLA,156,left,0
5527,5528,2,6973.28,5632.56,2567.82,0.43359375,5527,303,BLAa,BLA,156,left,0
5528,5529,2,6971.26,5632.46,2567.42,0.54296875,5528,303,BLAa,BLA,156,left,1
5529,5530,2,6976.84,5632.72,2570.0,0.00390625,5255,303,BLAa,BLA,157,left,0
5530,5531,2,6975.02,5633.0,2571.2,0.37890625,5530,303,BLAa,BLA,157,left,0
5531,5532,2,6973.88,5631.52,2572.84,0.2421875,5531,303,BLAa,BLA,157,left,0
5532,5533,2,6971.6,5630.76,2573.44,0.296875,5532,303,BLAa,BLA,157,left,0
5533,5534,2,6298.6,6080.66,2966.58,0.0390625,5440,544,CEAc,CEA,158,left,0
5534,5535,2,6298.56,6080.32,2968.62,0.48828125,5534,544,CEAc,CEA,158,left,0
5535,5536,2,6297.06,6079.72,2969.52,0.67578125,5535,544,CEAc,CEA,158,left,0
5536,5537,2,6294.1,6079.16,2969.82,0.32421875,5536,544,CEAc,CEA,158,left,0
5537,5538,2,6292.62,6078.84,2970.48,0.6484375,5537,544,CEAc,CEA,158,left,0
5538,5539,2,6291.4,6079.0,2971.68,0.3515625,5538,544,CEAc,CEA,158,left,0
5539,5540,2,6290.6,6080.48,2972.48,0.4609375,5539,544,CEAc,CEA,158,left,0
5540,5541,2,6289.28,6080.82,2972.84,0.4609375,5540,544,CEAc,CEA,158,left,0
5541,5542,2,6287.98,6080.76,2973.42,0.01171875,5541,544,CEAc,CEA,158,left,0
5542,5543,2,6286.1,6080.38,2974.24,0.40625,5542,544,CEAc,CEA,158,left,0
5543,5544,2,6284.84,6080.12,2974.72,0.32421875,5543,544,CEAc,CEA,158,left,0
5544,5545,2,6282.98,6080.12,2974.8,0.19140625,5544,544,CEAc,CEA,158,left,0
5545,5546,2,6281.64,6080.68,2974.86,0.21484375,5545,544,CEAc,CEA,158,left,0
5546,5547,2,6279.62,6080.94,2975.54,0.3515625,5546,544,CEAc,CEA,158,left,0
5547,5548,2,6278.38,6080.86,2976.12,0.32421875,5547,544,CEAc,CEA,158,left,0
5548,5549,2,6277.12,6081.92,2976.44,0.0078125,5548,544,CEAc,CEA,158,left,0
5549,5550,2,6275.88,6082.96,2976.96,0.21484375,5549,544,CEAc,CEA,158,left,0
5550,5551,2,6274.66,6083.5,2977.66,0.21484375,5550,544,CEAc,CEA,158,left,0
5551,5552,2,6272.38,6083.36,2978.02,0.1640625,5551,544,CEAc,CEA,158,left,0
5552,5553,2,6270.72,6084.32,2977.88,0.3515625,5552,544,CEAc,CEA,158,left,0
5553,5554,2,6269.16,6086.28,2977.44,0.40625,5553,544,CEAc,CEA,158,left,0
5554,5555,2,6266.98,6087.12,2977.06,0.32421875,5554,544,CEAc,CEA,158,left,0
5555,5556,2,6264.94,6088.5,2976.82,0.54296875,5555,544,CEAc,CEA,158,left,0
5556,5557,2,6263.78,6089.5,2977.16,0.37890625,5556,544,CEAc,CEA,158,left,0
5557,5558,2,6262.14,6090.0,2977.8,0.00390625,5557,544,CEAc,CEA,158,left,0
5558,5559,2,6260.54,6090.12,2978.44,0.48828125,5558,544,CEAc,CEA,158,left,0
5559,5560,2,6258.96,6090.54,2979.9,0.37890625,5559,544,CEAc,CEA,158,left,0
5560,5561,2,6258.04,6090.8,2981.32,0.3515625,5560,544,CEAc,CEA,158,left,0
5561,5562,2,6257.9,6092.48,2982.24,0.48828125,5561,544,CEAc,CEA,158,left,0
5562,5563,2,6258.0,6095.26,2981.82,0.26953125,5562,544,CEAc,CEA,158,left,0
5563,5564,2,6256.42,6095.6,2981.68,0.48828125,5563,544,CEAc,CEA,158,left,0
5564,5565,2,6255.36,6094.82,2982.38,0.48828125,5564,544,CEAc,CEA,158,left,0
5565,5566,2,6254.58,6095.3,2983.58,0.3515625,5565,544,CEAc,CEA,158,left,0
5566,5567,2,6253.64,6095.98,2984.18,0.2421875,5566,544,CEAc,CEA,158,left,0
5567,5568,2,6252.8,6096.92,2985.1,0.32421875,5567,544,CEAc,CEA,158,left,0
5568,5569,2,6250.9,6097.2,2985.62,0.1640625,5568,544,CEAc,CEA,158,left,0
5569,5570,2,6249.92,6098.38,2985.76,0.54296875,5569,544,CEAc,CEA,158,left,0
5570,5571,2,6250.24,6101.18,2985.48,0.32421875,5570,544,CEAc,CEA,158,left,0
5571,5572,2,6250.24,6102.76,2986.04,0.26953125,5571,544,CEAc,CEA,158,left,0
5572,5573,2,6249.36,6104.04,2986.56,0.37890625,5572,544,CEAc,CEA,158,left,0
5573,5574,2,6249.06,6107.1,2987.12,0.21484375,5573,544,CEAc,CEA,158,left,0
5574,5575,2,6248.48,6107.98,2987.58,0.32421875,5574,544,CEAc,CEA,158,left,0
5575,5576,2,6246.68,6109.72,2987.36,0.32421875,5575,544,CEAc,CEA,158,left,0
5576,5577,2,6245.42,6110.6,2986.94,0.32421875,5576,544,CEAc,CEA,158,left,0
5577,5578,2,6243.58,6111.2,2986.66,0.703125,5577,544,CEAc,CEA,158,left,0
5578,5579,2,6242.22,6111.9,2986.82,0.1640625,5578,544,CEAc,CEA,158,left,0
5579,5580,2,6239.94,6112.56,2987.14,0.1640625,5579,544,CEAc,CEA,158,left,0
5580,5581,2,6239.3,6112.52,2988.48,0.32421875,5580,544,CEAc,CEA,158,left,0
5581,5582,2,6237.28,6112.08,2990.04,0.2421875,5581,544,CEAc,CEA,158,left,0
5582,5583,2,6235.5,6112.26,2990.32,0.1640625,5582,544,CEAc,CEA,158,left,0
5583,5584,2,6231.86,6112.54,2990.28,0.19140625,5583,544,CEAc,CEA,158,left,0
5584,5585,2,6230.36,6112.7,2990.68,0.2421875,5584,544,CEAc,CEA,158,left,0
5585,5586,2,6230.04,6114.42,2991.26,0.32421875,5585,544,CEAc,CEA,158,left,0
5586,5587,2,6228.94,6115.08,2992.46,0.26953125,5586,544,CEAc,CEA,158,left,0
5587,5588,2,6226.98,6115.12,2993.1,0.32421875,5587,544,CEAc,CEA,158,left,0
5588,5589,2,6225.2,6115.36,2992.9,0.3515625,5588,544,CEAc,CEA,158,left,0
5589,5590,2,6224.72,6116.46,2993.1,0.5703125,5589,544,CEAc,CEA,158,left,0
5590,5591,2,6225.22,6119.42,2994.48,0.00390625,5590,544,CEAc,CEA,158,left,0
5591,5592,2,6224.56,6120.4,2995.58,0.32421875,5591,544,CEAc,CEA,158,left,0
5592,5593,2,6223.38,6120.66,2996.32,0.37890625,5592,544,CEAc,CEA,158,left,0
5593,5594,2,6221.14,6121.44,2997.4,0.32421875,5593,544,CEAc,CEA,158,left,0
5594,5595,2,6219.96,6122.28,2997.9,0.43359375,5594,544,CEAc,CEA,158,left,0
5595,5596,2,6217.92,6122.12,2999.1,0.00390625,5595,544,CEAc,CEA,158,left,0
5596,5597,2,6216.36,6121.5,3000.58,0.32421875,5596,544,CEAc,CEA,158,left,0
5597,5598,2,6214.16,6120.88,3002.08,0.37890625,5597,544,CEAc,CEA,158,left,0
5598,5599,2,6212.8,6120.66,3002.94,0.1640625,5598,544,CEAc,CEA,158,left,0
5599,5600,2,6212.0,6121.52,3003.94,0.19140625,5599,544,CEAc,CEA,158,left,0
5600,5601,2,6210.82,6121.74,3004.1,0.48828125,5600,544,CEAc,CEA,158,left,0
5601,5602,2,6208.54,6122.16,3004.84,0.2421875,5601,544,CEAc,CEA,158,left,0
5602,5603,2,6206.3,6123.0,3005.16,0.26953125,5602,544,CEAc,CEA,158,left,0
5603,5604,2,6204.52,6123.22,3006.12,0.515625,5603,544,CEAc,CEA,158,left,0
5604,5605,2,6203.38,6123.5,3007.24,0.37890625,5604,544,CEAc,CEA,158,left,0
5605,5606,2,6202.0,6123.26,3008.7,0.21484375,5605,544,CEAc,CEA,158,left,0
5606,5607,2,6200.62,6122.6,3009.78,0.32421875,5606,544,CEAc,CEA,158,left,0
5607,5608,2,6198.16,6121.6,3011.06,0.48828125,5607,544,CEAc,CEA,158,left,0
5608,5609,2,6197.1,6121.04,3012.06,0.32421875,5608,544,CEAc,CEA,158,left,0
5609,5610,2,6196.26,6120.78,3013.98,0.00390625,5609,544,CEAc,CEA,158,left,0
5610,5611,2,6194.8,6120.64,3014.92,0.2421875,5610,544,CEAc,CEA,158,left,0
5611,5612,2,6193.88,6120.44,3016.8,0.32421875,5611,544,CEAc,CEA,158,left,0
5612,5613,2,6193.1,6120.22,3017.8,0.40625,5612,544,CEAc,CEA,158,left,0
5613,5614,2,6191.76,6120.14,3018.64,0.19140625,5613,544,CEAc,CEA,158,left,0
5614,5615,2,6189.84,6120.16,3019.2,0.1640625,5614,544,CEAc,CEA,158,left,0
5615,5616,2,6189.22,6121.38,3020.36,0.1640625,5615,544,CEAc,CEA,158,left,0
5616,5617,2,6188.06,6122.14,3020.7,0.37890625,5616,544,CEAc,CEA,158,left,0
5617,5618,2,6187.62,6124.34,3022.04,0.00390625,5617,544,CEAc,CEA,158,left,0
5618,5619,2,6186.54,6124.62,3023.06,0.19140625,5618,544,CEAc,CEA,158,left,0
5619,5620,2,6186.58,6125.94,3025.54,0.4609375,5619,544,CEAc,CEA,158,left,0
5620,5621,2,6186.16,6126.46,3026.76,0.43359375,5620,544,CEAc,CEA,158,left,0
5621,5622,2,6186.1,6128.32,3027.46,0.43359375,5621,544,CEAc,CEA,158,left,0
5622,5623,2,6184.8,6128.78,3028.26,0.1640625,5622,544,CEAc,CEA,158,left,0
5623,5624,2,6183.46,6128.92,3028.68,0.26953125,5623,544,CEAc,CEA,158,left,0
5624,5625,2,6181.74,6127.78,3030.26,0.26953125,5624,544,CEAc,CEA,158,left,0
5625,5626,2,6180.08,6126.92,3032.3,0.43359375,5625,544,CEAc,CEA,158,left,0
5626,5627,2,6178.8,6126.78,3033.34,0.32421875,5626,544,CEAc,CEA,158,left,0
5627,5628,2,6177.82,6126.44,3034.4,0.26953125,5627,544,CEAc,CEA,158,left,0
5628,5629,2,6177.58,6125.92,3036.24,0.3515625,5628,544,CEAc,CEA,158,left,0
5629,5630,2,6177.62,6125.22,3037.86,0.48828125,5629,544,CEAc,CEA,158,left,0
5630,5631,2,6176.1,6123.88,3038.24,0.48828125,5630,544,CEAc,CEA,158,left,0
5631,5632,2,6174.58,6122.78,3038.3,0.32421875,5631,544,CEAc,CEA,158,left,0
5632,5633,2,6173.16,6121.74,3038.88,0.00390625,5632,544,CEAc,CEA,158,left,0
5633,5634,2,6170.72,6120.98,3039.48,0.32421875,5633,544,CEAc,CEA,158,left,0
5634,5635,2,6168.82,6120.42,3039.74,0.43359375,5634,544,CEAc,CEA,158,left,0
5635,5636,2,6166.92,6119.36,3040.74,0.21484375,5635,544,CEAc,CEA,158,left,0
5636,5637,2,6165.56,6118.32,3041.54,0.37890625,5636,544,CEAc,CEA,158,left,0
5637,5638,2,6165.2,6117.02,3042.56,0.703125,5637,544,CEAc,CEA,158,left,0
5638,5639,2,6163.8,6115.5,3042.74,0.21484375,5638,544,CEAc,CEA,158,left,0
5639,5640,2,6161.58,6114.38,3043.32,0.43359375,5639,544,CEAc,CEA,158,left,0
5640,5641,2,6160.14,6113.6,3044.3,0.1640625,5640,544,CEAc,CEA,158,left,0
5641,5642,2,6158.64,6112.3,3045.66,0.26953125,5641,544,CEAc,CEA,158,left,0
5642,5643,2,6157.74,6110.72,3046.5,0.43359375,5642,544,CEAc,CEA,158,left,0
5643,5644,2,6156.38,6109.48,3047.82,0.48828125,5643,544,CEAc,CEA,158,left,0
5644,5645,2,6155.18,6108.78,3048.4,0.32421875,5644,544,CEAc,CEA,158,left,0
5645,5646,2,6153.66,6108.38,3049.68,0.00390625,5645,544,CEAc,CEA,158,left,0
5646,5647,2,6152.3,6108.3,3051.02,0.40625,5646,544,CEAc,CEA,158,left,0
5647,5648,2,6150.48,6107.76,3051.74,0.32421875,5647,544,CEAc,CEA,158,left,0
5648,5649,2,6149.1,6107.62,3052.28,0.37890625,5648,544,CEAc,CEA,158,left,0
5649,5650,2,6147.08,6106.94,3053.14,0.296875,5649,544,CEAc,CEA,158,left,0
5650,5651,2,6145.92,6106.22,3054.4,0.2421875,5650,544,CEAc,CEA,158,left,0
5651,5652,2,6144.96,6105.8,3055.86,0.515625,5651,544,CEAc,CEA,158,left,0
5652,5653,2,6143.16,6105.18,3056.38,0.21484375,5652,544,CEAc,CEA,158,left,0
5653,5654,2,6141.82,6105.28,3057.08,0.00390625,5653,544,CEAc,CEA,158,left,0
5654,5655,2,6141.48,6105.6,3058.48,0.32421875,5654,544,CEAc,CEA,158,left,0
5655,5656,2,6140.44,6105.28,3059.76,0.40625,5655,544,CEAc,CEA,158,left,0
5656,5657,2,6138.64,6103.88,3061.34,0.40625,5656,544,CEAc,CEA,158,left,0
5657,5658,2,6137.1,6101.98,3062.14,0.19140625,5657,544,CEAc,CEA,158,left,0
5658,5659,2,6135.68,6101.0,3065.02,0.4609375,5658,544,CEAc,CEA,158,left,0
5659,5660,2,6135.5,6101.74,3066.72,0.32421875,5659,544,CEAc,CEA,158,left,0
5660,5661,2,6134.4,6102.38,3067.24,0.19140625,5660,544,CEAc,CEA,158,left,0
5661,5662,2,6132.86,6102.82,3068.38,0.32421875,5661,544,CEAc,CEA,158,left,0
5662,5663,2,6132.1,6103.08,3069.24,0.40625,5662,544,CEAc,CEA,158,left,0
5663,5664,2,6130.38,6103.14,3070.08,0.26953125,5663,544,CEAc,CEA,158,left,0
5664,5665,2,6129.18,6103.42,3071.08,0.48828125,5664,544,CEAc,CEA,158,left,0
5665,5666,2,6128.64,6103.98,3071.98,0.3515625,5665,544,CEAc,CEA,158,left,0
5666,5667,2,6126.8,6103.38,3073.04,0.00390625,5666,544,CEAc,CEA,158,left,0
5667,5668,2,6125.12,6102.84,3074.08,0.37890625,5667,544,CEAc,CEA,158,left,0
5668,5669,2,6124.26,6102.24,3075.6,0.2421875,5668,544,CEAc,CEA,158,left,0
5669,5670,2,6122.86,6101.66,3076.62,0.32421875,5669,544,CEAc,CEA,158,left,0
5670,5671,2,6120.74,6100.7,3077.62,0.4609375,5670,544,CEAc,CEA,158,left,0
5671,5672,2,6119.48,6099.78,3078.8,0.19140625,5671,544,CEAc,CEA,158,left,0
5672,5673,2,6118.78,6100.36,3081.12,0.32421875,5672,544,CEAc,CEA,158,left,0
5673,5674,2,6118.1,6100.44,3082.76,0.32421875,5673,544,CEAc,CEA,158,left,0
5674,5675,2,6116.5,6100.26,3083.8,0.37890625,5674,544,CEAc,CEA,158,left,0
5675,5676,2,6115.3,6100.5,3084.5,0.21484375,5675,544,CEAc,CEA,158,left,0
5676,5677,2,6113.74,6100.48,3085.96,0.19140625,5676,544,CEAc,CEA,158,left,0
5677,5678,2,6112.9,6100.72,3087.54,0.40625,5677,544,CEAc,CEA,158,left,0
5678,5679,2,6111.58,6101.2,3089.0,0.19140625,5678,544,CEAc,CEA,158,left,0
5679,5680,2,6109.3,6101.06,3089.8,0.40625,5679,544,CEAc,CEA,158,left,0
5680,5681,2,6108.34,6101.48,3090.6,0.32421875,5680,544,CEAc,CEA,158,left,0
5681,5682,2,6106.58,6102.32,3091.82,0.37890625,5681,544,CEAc,CEA,158,left,0
5682,5683,2,6105.48,6102.7,3092.54,0.015625,5682,544,CEAc,CEA,158,left,0
5683,5684,2,6297.98,6082.58,2964.5,0.01171875,5440,544,CEAc,CEA,159,left,0
5684,5685,2,6296.1,6083.6,2963.88,0.48828125,5684,544,CEAc,CEA,159,left,0
5685,5686,2,5700.78,5752.22,3995.78,0.00390625,5463,342,SI,SI,160,left,0
5686,5687,2,5702.16,5751.7,3995.42,0.62109375,5686,342,SI,SI,160,left,0
5687,5688,2,5703.6,5750.38,3994.96,0.1640625,5687,342,SI,SI,160,left,1
5688,5689,2,5700.54,5751.86,3998.24,0.01171875,5463,342,SI,SI,161,left,0
5689,5690,2,5700.96,5748.64,3998.56,0.3515625,5689,342,SI,SI,161,left,0
5690,5691,2,5702.26,5746.84,3998.56,0.4609375,5690,342,SI,SI,161,left,0
5691,5692,2,5702.84,5743.5,3998.34,0.4609375,5691,342,SI,SI,161,left,0
5692,5693,2,5702.92,5740.82,3998.38,0.4609375,5692,342,SI,SI,161,left,0
5693,5694,2,5703.06,5737.1,3997.92,0.37890625,5693,342,SI,SI,161,left,0
5694,5695,2,5703.18,5734.76,3997.22,0.59765625,5694,342,SI,SI,161,left,0
5695,5696,2,5703.44,5733.38,3995.88,0.515625,5695,342,SI,SI,161,left,0
5696,5697,2,5704.7,5732.6,3995.9,0.5703125,5696,342,SI,SI,161,left,0
5697,5698,2,5705.92,5730.66,3996.36,0.2421875,5697,342,SI,SI,161,left,0
5698,5699,2,5706.4,5728.66,3995.96,0.21484375,5698,342,SI,SI,161,left,0
5699,5700,2,5705.86,5726.3,3995.24,0.19140625,5699,342,SI,SI,161,left,0
5700,5701,2,5705.7,5723.28,3994.8,0.26953125,5700,342,SI,SI,161,left,0
5701,5702,2,5707.1,5721.38,3994.5,0.32421875,5701,342,SI,SI,161,left,1
5702,5703,2,6612.52,5721.48,2895.34,0.00390625,5526,551,CEAl,CEA,162,left,0
5703,5704,2,6611.3,5720.24,2894.76,0.6484375,5703,551,CEAl,CEA,162,left,0
5704,5705,2,6609.42,5720.34,2894.54,0.32421875,5704,551,CEAl,CEA,162,left,1
5705,5706,2,6611.48,5724.76,2897.32,0.00390625,5526,551,CEAl,CEA,163,left,0
5706,5707,2,6610.1,5725.38,2898.42,0.37890625,5706,551,CEAl,CEA,163,left,0
5707,5708,2,6607.42,5725.88,2898.68,0.32421875,5707,551,CEAl,CEA,163,left,0
5708,5709,2,6605.96,5725.96,2898.88,0.37890625,5708,551,CEAl,CEA,163,left,0
5709,5710,2,6973.22,5630.66,2572.8,0.4609375,5533,303,BLAa,BLA,164,left,0
5710,5711,2,6973.3,5629.28,2571.18,0.32421875,5710,303,BLAa,BLA,164,left,0
5711,5712,2,6973.88,5628.58,2570.42,0.48828125,5711,303,BLAa,BLA,164,left,0
5712,5713,2,6973.88,5628.64,2566.9,0.2421875,5712,303,BLAa,BLA,164,left,0
5713,5714,2,6974.2,5628.0,2565.66,0.6484375,5713,303,BLAa,BLA,164,left,1
5714,5715,2,6970.32,5630.34,2574.66,0.00390625,5533,303,BLAa,BLA,165,left,0
5715,5716,2,6969.22,5631.48,2575.68,0.3515625,5715,303,BLAa,BLA,165,left,0
5716,5717,2,6967.98,5632.52,2576.0,0.3515625,5716,303,BLAa,BLA,165,left,0
5717,5718,2,6965.48,5633.16,2576.5,0.32421875,5717,303,BLAa,BLA,165,left,0
5718,5719,2,6964.06,5633.26,2577.52,0.32421875,5718,303,BLAa,BLA,165,left,0
5719,5720,2,6963.66,5633.16,2578.86,0.32421875,5719,303,BLAa,BLA,165,left,0
5720,5721,2,6962.22,5632.92,2580.34,0.48828125,5720,303,BLAa,BLA,165,left,0
5721,5722,2,6961.22,5631.44,2582.2,0.1640625,5721,303,BLAa,BLA,165,left,0
5722,5723,2,6959.68,5630.66,2583.88,0.296875,5722,303,BLAa,BLA,165,left,0
5723,5724,2,6958.84,5629.64,2585.16,0.32421875,5723,303,BLAa,BLA,165,left,0
5724,5725,2,6957.34,5629.32,2585.88,0.54296875,5724,303,BLAa,BLA,165,left,0
5725,5726,2,6956.68,5628.66,2587.32,0.21484375,5725,303,BLAa,BLA,165,left,0
5726,5727,2,6954.68,5628.04,2588.34,0.296875,5726,303,BLAa,BLA,165,left,0
5727,5728,2,6953.84,5626.7,2589.8,0.4609375,5727,303,BLAa,BLA,165,left,0
5728,5729,2,6954.32,5625.04,2590.94,0.26953125,5728,303,BLAa,BLA,165,left,0
5729,5730,2,6954.4,5621.94,2592.56,0.43359375,5729,303,BLAa,BLA,165,left,0
5730,5731,2,6953.64,5619.4,2593.84,0.32421875,5730,303,BLAa,BLA,165,left,0
5731,5732,2,6952.14,5618.58,2594.14,0.32421875,5731,303,BLAa,BLA,165,left,0
5732,5733,2,6951.66,5616.58,2595.1,0.2421875,5732,303,BLAa,BLA,165,left,0
5733,5734,2,6951.4,5613.04,2597.84,0.43359375,5733,303,BLAa,BLA,165,left,0
5734,5735,2,6950.6,5611.54,2598.64,0.48828125,5734,303,BLAa,BLA,165,left,0
5735,5736,2,6949.94,5609.04,2598.92,0.0078125,5735,303,BLAa,BLA,165,left,0
5736,5737,2,6949.54,5605.12,2599.7,0.4609375,5736,303,BLAa,BLA,165,left,0
5737,5738,2,6949.44,5601.92,2600.8,0.2421875,5737,303,BLAa,BLA,165,left,0
5738,5739,2,6950.14,5599.74,2601.38,0.43359375,5738,303,BLAa,BLA,165,left,0
5739,5740,2,6951.94,5596.76,2602.06,0.3515625,5739,303,BLAa,BLA,165,left,0
5740,5741,2,6952.52,5594.24,2602.92,0.2421875,5740,303,BLAa,BLA,165,left,0
5741,5742,2,6953.82,5591.86,2603.66,0.1640625,5741,303,BLAa,BLA,165,left,0
5742,5743,2,6953.88,5589.38,2604.08,0.54296875,5742,303,BLAa,BLA,165,left,0
5743,5744,2,6953.32,5587.04,2605.72,0.296875,5743,303,BLAa,BLA,165,left,0
5744,5745,2,6952.68,5586.42,2607.24,0.5703125,5744,303,BLAa,BLA,165,left,0
5745,5746,2,6952.22,5583.62,2609.06,0.37890625,5745,579,ec,ec,165,left,0
5746,5747,2,6951.32,5581.3,2610.26,0.40625,5746,579,ec,ec,165,left,0
5747,5748,2,6950.98,5578.14,2612.02,0.32421875,5747,579,ec,ec,165,left,0
5748,5749,2,6950.42,5576.3,2614.16,0.48828125,5748,579,ec,ec,165,left,0
5749,5750,2,6949.12,5576.1,2615.9,0.32421875,5749,579,ec,ec,165,left,0
5750,5751,2,6948.36,5575.98,2617.88,0.40625,5750,579,ec,ec,165,left,0
5751,5752,2,6946.88,5576.06,2619.04,0.43359375,5751,579,ec,ec,165,left,0
5752,5753,2,6944.72,5576.14,2621.1,0.32421875,5752,579,ec,ec,165,left,0
5753,5754,2,6943.24,5576.38,2622.42,0.19140625,5753,579,ec,ec,165,left,0
5754,5755,2,6942.68,5577.18,2623.76,0.2421875,5754,579,ec,ec,165,left,0
5755,5756,2,6941.38,5578.14,2625.74,0.1640625,5755,579,ec,ec,165,left,0
5756,5757,2,6940.84,5578.84,2626.84,0.32421875,5756,579,ec,ec,165,left,0
5757,5758,2,6104.06,6101.6,3094.68,0.48828125,5683,544,CEAc,CEA,166,left,0
5758,5759,2,6105.88,6101.94,3095.02,0.5703125,5683,544,CEAc,CEA,167,left,0
5759,5760,2,6107.28,6100.98,3096.38,0.296875,5759,544,CEAc,CEA,167,left,0
5760,5761,2,6108.7,6099.42,3098.28,0.4609375,5760,544,CEAc,CEA,167,left,0
5761,5762,2,6110.42,6098.3,3098.96,0.40625,5761,544,CEAc,CEA,167,left,0
5762,5763,2,6111.96,6098.46,3098.78,0.3515625,5762,544,CEAc,CEA,167,left,0
5763,5764,2,6114.02,6098.22,3099.34,0.0078125,5763,544,CEAc,CEA,167,left,0
5764,5765,2,6115.12,6097.36,3100.38,0.43359375,5764,544,CEAc,CEA,167,left,0
5765,5766,2,6116.36,6097.16,3102.64,0.26953125,5765,544,CEAc,CEA,167,left,0
5766,5767,2,6117.04,6096.54,3104.94,0.21484375,5766,544,CEAc,CEA,167,left,0
5767,5768,2,6118.2,6096.44,3106.18,0.26953125,5767,544,CEAc,CEA,167,left,0
5768,5769,2,6119.12,6095.54,3107.54,0.296875,5768,544,CEAc,CEA,167,left,0
5769,5770,2,6120.3,6094.18,3108.7,0.296875,5769,544,CEAc,CEA,167,left,0
5770,5771,2,6121.0,6091.94,3109.4,0.19140625,5770,544,CEAc,CEA,167,left,0
5771,5772,2,6122.44,6090.86,3110.48,0.3515625,5771,544,CEAc,CEA,167,left,0
5772,5773,2,6123.94,6089.66,3111.92,0.2421875,5772,544,CEAc,CEA,167,left,0
5773,5774,2,6124.22,6088.84,3113.06,0.26953125,5773,544,CEAc,CEA,167,left,0
5774,5775,2,6124.9,6088.22,3115.0,0.00390625,5774,544,CEAc,CEA,167,left,0
5775,5776,2,6127.2,6089.4,3116.22,0.296875,5775,544,CEAc,CEA,167,left,0
5776,5777,2,6129.6,6090.66,3117.3,0.19140625,5776,544,CEAc,CEA,167,left,0
5777,5778,2,6131.14,6091.48,3117.58,0.43359375,5777,544,CEAc,CEA,167,left,0
5778,5779,2,6133.12,6092.16,3117.64,0.32421875,5778,544,CEAc,CEA,167,left,0
5779,5780,2,6135.54,6092.76,3118.26,0.1640625,5779,544,CEAc,CEA,167,left,0
5780,5781,2,6136.84,6093.1,3119.58,0.43359375,5780,544,CEAc,CEA,167,left,0
5781,5782,2,6139.26,6093.54,3120.74,0.32421875,5781,544,CEAc,CEA,167,left,0
5782,5783,2,6140.54,6093.54,3120.56,0.26953125,5782,544,CEAc,CEA,167,left,0
5783,5784,2,6141.4,6094.88,3118.6,0.43359375,5783,544,CEAc,CEA,167,left,0
5784,5785,2,6142.52,6096.86,3117.94,0.40625,5784,544,CEAc,CEA,167,left,0
5785,5786,2,6144.4,6097.96,3117.72,0.32421875,5785,544,CEAc,CEA,167,left,0
5786,5787,2,6146.62,6098.58,3117.22,0.40625,5786,544,CEAc,CEA,167,left,0
5787,5788,2,6146.98,6097.84,3115.88,0.43359375,5787,544,CEAc,CEA,167,left,0
5788,5789,2,6147.96,6097.12,3115.84,0.3515625,5788,544,CEAc,CEA,167,left,0
5789,5790,2,6150.42,6097.8,3116.24,0.32421875,5789,544,CEAc,CEA,167,left,0
5790,5791,2,6153.48,6099.02,3116.66,0.3515625,5790,544,CEAc,CEA,167,left,0
5791,5792,2,6155.5,6100.22,3116.72,0.21484375,5791,544,CEAc,CEA,167,left,1
5792,5793,2,6297.5,6085.2,2962.48,0.0078125,5685,544,CEAc,CEA,168,left,0
5793,5794,2,6297.94,6087.6,2961.58,0.54296875,5793,544,CEAc,CEA,168,left,0
5794,5795,2,6297.64,6089.78,2961.82,0.6484375,5794,544,CEAc,CEA,168,left,1
5795,5796,2,6294.62,6084.38,2965.2,0.0078125,5685,544,CEAc,CEA,169,left,0
5796,5797,2,6292.94,6085.92,2965.92,0.1640625,5796,544,CEAc,CEA,169,left,0
5797,5798,2,6290.46,6086.32,2966.18,0.3515625,5797,544,CEAc,CEA,169,left,0
5798,5799,2,6288.66,6086.3,2966.6,0.1640625,5798,544,CEAc,CEA,169,left,0
5799,5800,2,6287.26,6086.22,2967.56,0.43359375,5799,544,CEAc,CEA,169,left,0
5800,5801,2,6287.4,6087.4,2968.24,0.43359375,5800,544,CEAc,CEA,169,left,0
5801,5802,2,6285.9,6088.76,2968.42,0.37890625,5801,544,CEAc,CEA,169,left,0
5802,5803,2,6284.42,6088.74,2969.0,0.43359375,5802,544,CEAc,CEA,169,left,0
5803,5804,2,6282.48,6088.7,2970.26,0.32421875,5803,544,CEAc,CEA,169,left,0
5804,5805,2,6281.18,6089.14,2971.34,0.32421875,5804,544,CEAc,CEA,169,left,0
5805,5806,2,6279.26,6089.24,2972.52,0.3515625,5805,544,CEAc,CEA,169,left,0
5806,5807,2,6277.96,6088.7,2973.26,0.48828125,5806,544,CEAc,CEA,169,left,0
5807,5808,2,6277.94,6087.6,2975.64,0.00390625,5807,544,CEAc,CEA,169,left,0
5808,5809,2,6277.82,6085.0,2978.12,0.21484375,5808,544,CEAc,CEA,169,left,0
5809,5810,2,6277.78,6082.78,2980.88,0.296875,5809,544,CEAc,CEA,169,left,0
5810,5811,2,6277.7,6080.74,2982.68,0.37890625,5810,544,CEAc,CEA,169,left,0
5811,5812,2,6277.28,6078.0,2984.86,0.00390625,5811,544,CEAc,CEA,169,left,0
5812,5813,2,6275.86,6075.88,2985.7,0.19140625,5812,544,CEAc,CEA,169,left,0
5813,5814,2,6275.2,6074.28,2986.72,0.37890625,5813,544,CEAc,CEA,169,left,0
5814,5815,2,6273.7,6073.2,2987.12,0.01171875,5814,544,CEAc,CEA,169,left,0
5815,5816,2,6271.26,6072.36,2988.12,0.73046875,5815,544,CEAc,CEA,169,left,0
5816,5817,2,6269.56,6072.24,2988.6,0.59765625,5816,544,CEAc,CEA,169,left,0
5817,5818,2,6269.98,6071.36,2989.52,0.03125,5817,544,CEAc,CEA,169,left,0
5818,5819,2,6269.62,6070.3,2991.58,0.43359375,5818,544,CEAc,CEA,169,left,0
5819,5820,2,6269.0,6068.68,2992.76,0.40625,5819,544,CEAc,CEA,169,left,0
5820,5821,2,6268.72,6066.98,2994.98,0.6484375,5820,544,CEAc,CEA,169,left,0
5821,5822,2,6267.46,6066.68,2996.38,0.4609375,5821,544,CEAc,CEA,169,left,0
5822,5823,2,6265.14,6066.72,2997.72,0.5703125,5822,544,CEAc,CEA,169,left,0
5823,5824,2,6264.4,6067.3,2998.3,0.7578125,5823,544,CEAc,CEA,169,left,0
5824,5825,2,6264.24,6069.08,2998.56,0.6484375,5824,544,CEAc,CEA,169,left,0
5825,5826,2,6262.9,6069.56,2999.64,0.37890625,5825,544,CEAc,CEA,169,left,0
5826,5827,2,6261.62,6069.16,3001.1,0.37890625,5826,544,CEAc,CEA,169,left,0
5827,5828,2,6260.06,6068.88,3002.14,0.00390625,5827,544,CEAc,CEA,169,left,0
5828,5829,2,6259.64,6069.34,3003.3,0.296875,5828,544,CEAc,CEA,169,left,0
5829,5830,2,6258.32,6068.66,3004.86,0.32421875,5829,544,CEAc,CEA,169,left,0
5830,5831,2,6257.1,6067.16,3006.24,0.5703125,5830,544,CEAc,CEA,169,left,0
5831,5832,2,6256.72,6065.44,3008.66,0.40625,5831,544,CEAc,CEA,169,left,0
5832,5833,2,6255.74,6064.64,3009.2,0.59765625,5832,544,CEAc,CEA,169,left,0
5833,5834,2,6254.94,6064.14,3011.42,0.703125,5833,544,CEAc,CEA,169,left,0
5834,5835,2,6254.74,6064.06,3012.54,0.59765625,5834,544,CEAc,CEA,169,left,0
5835,5836,2,6253.44,6063.56,3012.9,0.37890625,5835,544,CEAc,CEA,169,left,0
5836,5837,2,6254.08,6063.0,3015.44,0.00390625,5836,544,CEAc,CEA,169,left,0
5837,5838,2,6253.82,6062.7,3016.88,0.1640625,5837,544,CEAc,CEA,169,left,0
5838,5839,2,6252.54,6062.1,3017.3,0.1640625,5838,544,CEAc,CEA,169,left,0
5839,5840,2,6251.36,6059.74,3017.5,0.00390625,5839,544,CEAc,CEA,169,left,0
5840,5841,2,6250.02,6059.62,3017.58,0.703125,5840,544,CEAc,CEA,169,left,0
5841,5842,2,6250.12,6060.02,3019.3,0.32421875,5841,544,CEAc,CEA,169,left,0
5842,5843,2,6250.24,6059.62,3021.24,0.00390625,5842,544,CEAc,CEA,169,left,0
5843,5844,2,6249.28,6058.36,3022.1,0.32421875,5843,544,CEAc,CEA,169,left,0
5844,5845,2,6249.54,6057.94,3025.96,0.40625,5844,544,CEAc,CEA,169,left,0
5845,5846,2,6250.3,6058.36,3027.1,0.32421875,5845,544,CEAc,CEA,169,left,1
5846,5847,2,6605.52,5726.08,2897.56,0.04296875,5709,551,CEAl,CEA,170,left,0
5847,5848,2,6604.84,5726.32,2894.84,0.43359375,5847,551,CEAl,CEA,170,left,0
5848,5849,2,6602.9,5726.52,2893.78,0.59765625,5848,551,CEAl,CEA,170,left,0
5849,5850,2,6601.54,5726.72,2892.32,0.32421875,5849,551,CEAl,CEA,170,left,1
5850,5851,2,6603.5,5727.38,2900.0,0.32421875,5709,551,CEAl,CEA,171,left,0
5851,5852,2,6601.6,5727.48,2901.0,0.3515625,5851,551,CEAl,CEA,171,left,0
5852,5853,2,6599.4,5727.68,2902.22,0.296875,5852,551,CEAl,CEA,171,left,0
5853,5854,2,6598.16,5728.28,2903.28,0.296875,5853,551,CEAl,CEA,171,left,0
5854,5855,2,6596.78,5729.0,2903.88,0.6484375,5854,551,CEAl,CEA,171,left,0
5855,5856,2,6594.46,5730.08,2903.76,0.01171875,5855,551,CEAl,CEA,171,left,0
5856,5857,2,6594.42,5730.46,2905.88,0.32421875,5856,551,CEAl,CEA,171,left,0
5857,5858,2,6593.2,5730.68,2906.8,0.1640625,5857,551,CEAl,CEA,171,left,0
5858,5859,2,6591.9,5731.0,2908.04,0.296875,5858,551,CEAl,CEA,171,left,0
5859,5860,2,6590.28,5731.58,2908.9,0.296875,5859,551,CEAl,CEA,171,left,0
5860,5861,2,6588.38,5731.58,2910.56,0.3515625,5860,551,CEAl,CEA,171,left,0
5861,5862,2,6586.6,5730.7,2911.38,0.48828125,5861,551,CEAl,CEA,171,left,0
5862,5863,2,6585.24,5729.06,2912.86,0.4609375,5862,551,CEAl,CEA,171,left,0
5863,5864,2,6584.92,5728.52,2914.9,0.3515625,5863,551,CEAl,CEA,171,left,0
5864,5865,2,6583.7,5727.06,2916.42,0.00390625,5864,551,CEAl,CEA,171,left,0
5865,5866,2,6582.2,5725.76,2917.5,0.62109375,5865,551,CEAl,CEA,171,left,0
5866,5867,2,6581.16,5724.62,2918.46,0.296875,5866,551,CEAl,CEA,171,left,0
5867,5868,2,6578.6,5723.96,2919.18,0.21484375,5867,551,CEAl,CEA,171,left,0
5868,5869,2,6577.72,5723.86,2919.88,0.7578125,5868,551,CEAl,CEA,171,left,0
5869,5870,2,6577.46,5723.7,2922.56,0.8671875,5869,551,CEAl,CEA,171,left,0
5870,5871,2,6576.2,5723.96,2923.08,1.02734375,5870,551,CEAl,CEA,171,left,0
5871,5872,2,6575.92,5725.66,2924.22,0.5703125,5871,551,CEAl,CEA,171,left,0
5872,5873,2,6575.18,5727.24,2924.46,0.6484375,5872,551,CEAl,CEA,171,left,0
5873,5874,2,6572.54,5728.68,2924.34,0.32421875,5873,551,CEAl,CEA,171,left,0
5874,5875,2,6570.52,5729.6,2924.36,0.26953125,5874,551,CEAl,CEA,171,left,0
5875,5876,2,6570.14,5731.06,2923.98,0.1640625,5875,551,CEAl,CEA,171,left,0
5876,5877,2,6569.8,5730.98,2926.38,0.00390625,5876,551,CEAl,CEA,171,left,0
5877,5878,2,6568.5,5732.06,2926.74,1.00390625,5877,551,CEAl,CEA,171,left,0
5878,5879,2,6568.18,5733.96,2926.48,0.703125,5878,551,CEAl,CEA,171,left,0
5879,5880,2,6566.22,5734.48,2926.18,0.43359375,5879,551,CEAl,CEA,171,left,0
5880,5881,2,6564.5,5734.58,2925.96,0.32421875,5880,551,CEAl,CEA,171,left,0
5881,5882,2,6562.46,5734.8,2926.2,0.32421875,5881,551,CEAl,CEA,171,left,0
5882,5883,2,6560.72,5735.4,2926.68,0.296875,5882,551,CEAl,CEA,171,left,0
5883,5884,2,6558.4,5736.14,2926.68,0.32421875,5883,551,CEAl,CEA,171,left,0
5884,5885,2,6556.62,5736.58,2927.28,0.43359375,5884,551,CEAl,CEA,171,left,0
5885,5886,2,6554.62,5736.88,2927.86,0.32421875,5885,551,CEAl,CEA,171,left,0
5886,5887,2,6552.7,5738.76,2928.62,0.6484375,5886,551,CEAl,CEA,171,left,0
5887,5888,2,6551.88,5738.5,2931.06,0.26953125,5887,551,CEAl,CEA,171,left,0
5888,5889,2,6551.56,5737.8,2932.56,0.3515625,5888,551,CEAl,CEA,171,left,0
5889,5890,2,6549.16,5737.76,2933.0,0.8125,5889,551,CEAl,CEA,171,left,0
5890,5891,2,6547.28,5737.82,2933.44,0.19140625,5890,551,CEAl,CEA,171,left,0
5891,5892,2,6545.06,5737.9,2933.98,0.48828125,5891,551,CEAl,CEA,171,left,0
5892,5893,2,6543.54,5737.96,2934.24,0.54296875,5892,551,CEAl,CEA,171,left,0
5893,5894,2,6542.08,5737.96,2935.88,0.01171875,5893,551,CEAl,CEA,171,left,0
5894,5895,2,6541.14,5738.2,2936.9,0.296875,5894,551,CEAl,CEA,171,left,0
5895,5896,2,6539.56,5738.82,2936.9,0.26953125,5895,551,CEAl,CEA,171,left,0
5896,5897,2,6538.34,5739.48,2937.56,0.2421875,5896,551,CEAl,CEA,171,left,0
5897,5898,2,6536.58,5740.16,2938.28,0.43359375,5897,551,CEAl,CEA,171,left,0
5898,5899,2,6534.72,5741.34,2939.26,0.40625,5898,551,CEAl,CEA,171,left,0
5899,5900,2,6533.34,5742.08,2940.0,0.3515625,5899,551,CEAl,CEA,171,left,0
5900,5901,2,6531.94,5742.48,2940.8,0.296875,5900,551,CEAl,CEA,171,left,0
5901,5902,2,6530.86,5743.02,2941.7,0.19140625,5901,551,CEAl,CEA,171,left,0
5902,5903,2,6528.98,5743.78,2942.62,0.32421875,5902,551,CEAl,CEA,171,left,0
5903,5904,2,6527.66,5744.36,2943.0,0.40625,5903,551,CEAl,CEA,171,left,0
5904,5905,2,6526.06,5745.68,2944.52,0.32421875,5904,551,CEAl,CEA,171,left,0
5905,5906,2,6524.5,5746.22,2945.46,0.1640625,5905,551,CEAl,CEA,171,left,0
5906,5907,2,6522.84,5746.64,2946.28,0.296875,5906,551,CEAl,CEA,171,left,0
5907,5908,2,6521.36,5747.12,2947.62,0.21484375,5907,551,CEAl,CEA,171,left,0
5908,5909,2,6520.0,5747.96,2948.46,0.32421875,5908,551,CEAl,CEA,171,left,0
5909,5910,2,6519.06,5748.88,2949.52,0.54296875,5909,551,CEAl,CEA,171,left,0
5910,5911,2,6517.14,5749.9,2950.64,0.296875,5910,551,CEAl,CEA,171,left,0
5911,5912,2,6515.66,5750.26,2951.28,0.2421875,5911,551,CEAl,CEA,171,left,0
5912,5913,2,6513.72,5751.46,2952.32,0.43359375,5912,551,CEAl,CEA,171,left,0
5913,5914,2,6512.1,5752.78,2953.34,0.40625,5913,551,CEAl,CEA,171,left,0
5914,5915,2,6510.4,5753.62,2953.48,0.40625,5914,551,CEAl,CEA,171,left,0
5915,5916,2,6509.38,5754.18,2954.56,0.21484375,5915,551,CEAl,CEA,171,left,0
5916,5917,2,6507.88,5754.58,2955.62,0.59765625,5916,551,CEAl,CEA,171,left,0
5917,5918,2,6506.1,5754.96,2956.04,0.48828125,5917,551,CEAl,CEA,171,left,0
5918,5919,2,6504.44,5755.1,2956.76,0.37890625,5918,551,CEAl,CEA,171,left,0
5919,5920,2,6503.06,5755.18,2957.72,0.2421875,5919,551,CEAl,CEA,171,left,0
5920,5921,2,6501.44,5755.52,2958.4,0.3515625,5920,551,CEAl,CEA,171,left,0
5921,5922,2,6499.54,5755.64,2959.08,0.32421875,5921,551,CEAl,CEA,171,left,0
5922,5923,2,6497.96,5755.44,2960.36,0.00390625,5922,551,CEAl,CEA,171,left,0
5923,5924,2,6495.62,5755.26,2961.18,0.32421875,5923,551,CEAl,CEA,171,left,0
5924,5925,2,6493.88,5755.52,2961.92,0.21484375,5924,551,CEAl,CEA,171,left,0
5925,5926,2,6491.32,5755.44,2962.56,0.2421875,5925,551,CEAl,CEA,171,left,0
5926,5927,2,6489.7,5755.68,2963.08,0.2421875,5926,551,CEAl,CEA,171,left,0
5927,5928,2,6488.64,5756.24,2963.84,0.37890625,5927,551,CEAl,CEA,171,left,0
5928,5929,2,6486.68,5757.14,2964.68,0.32421875,5928,551,CEAl,CEA,171,left,0
5929,5930,2,6485.12,5757.18,2964.8,0.296875,5929,551,CEAl,CEA,171,left,0
5930,5931,2,6484.04,5757.84,2966.66,0.6484375,5930,551,CEAl,CEA,171,left,0
5931,5932,2,6482.6,5758.52,2967.26,0.32421875,5931,551,CEAl,CEA,171,left,0
5932,5933,2,6480.6,5758.96,2967.16,0.2421875,5932,551,CEAl,CEA,171,left,0
5933,5934,2,6478.9,5759.7,2967.72,0.19140625,5933,551,CEAl,CEA,171,left,0
5934,5935,2,6477.08,5760.46,2967.88,0.32421875,5934,551,CEAl,CEA,171,left,0
5935,5936,2,6474.94,5761.22,2968.42,0.43359375,5935,551,CEAl,CEA,171,left,0
5936,5937,2,6473.6,5762.56,2968.88,0.296875,5936,551,CEAl,CEA,171,left,0
5937,5938,2,6472.0,5763.86,2968.78,0.43359375,5937,551,CEAl,CEA,171,left,0
5938,5939,2,6470.14,5764.66,2968.52,0.1640625,5938,551,CEAl,CEA,171,left,0
5939,5940,2,6469.16,5765.98,2968.94,0.1640625,5939,551,CEAl,CEA,171,left,0
5940,5941,2,6467.22,5766.88,2969.38,0.2421875,5940,551,CEAl,CEA,171,left,0
5941,5942,2,6465.48,5766.8,2970.08,0.3515625,5941,551,CEAl,CEA,171,left,0
5942,5943,2,6463.36,5766.66,2970.44,0.01171875,5942,551,CEAl,CEA,171,left,0
5943,5944,2,6461.56,5766.7,2971.28,0.40625,5943,551,CEAl,CEA,171,left,0
5944,5945,2,6460.08,5767.06,2972.12,0.296875,5944,551,CEAl,CEA,171,left,0
5945,5946,2,6458.36,5767.06,2973.12,0.19140625,5945,551,CEAl,CEA,171,left,0
5946,5947,2,6455.66,5766.52,2974.68,0.26953125,5946,551,CEAl,CEA,171,left,0
5947,5948,2,6454.32,5765.7,2976.08,0.37890625,5947,551,CEAl,CEA,171,left,0
5948,5949,2,6452.38,5764.2,2977.66,0.21484375,5948,551,CEAl,CEA,171,left,0
5949,5950,2,6451.08,5763.78,2978.8,0.2421875,5949,551,CEAl,CEA,171,left,0
5950,5951,2,6449.44,5763.12,2979.78,0.00390625,5950,551,CEAl,CEA,171,left,0
5951,5952,2,6447.76,5761.96,2981.22,0.40625,5951,551,CEAl,CEA,171,left,0
5952,5953,2,6447.06,5759.66,2982.94,0.32421875,5952,551,CEAl,CEA,171,left,0
5953,5954,2,6445.74,5758.02,2984.16,0.37890625,5953,551,CEAl,CEA,171,left,0
5954,5955,2,6445.02,5755.22,2986.04,0.26953125,5954,551,CEAl,CEA,171,left,0
5955,5956,2,6444.06,5753.84,2986.9,0.1640625,5955,551,CEAl,CEA,171,left,0
5956,5957,2,6443.0,5751.8,2988.3,0.40625,5956,551,CEAl,CEA,171,left,0
5957,5958,2,6442.54,5751.12,2988.96,0.5,5957,551,CEAl,CEA,171,left,0
5958,5959,2,6442.06,5750.4,2989.62,0.5,5958,551,CEAl,CEA,171,left,0
5959,5960,2,6441.56,5749.68,2990.28,0.5,5959,551,CEAl,CEA,171,left,0
5960,5961,2,6441.08,5748.96,2990.94,0.5,5960,551,CEAl,CEA,171,left,0
5961,5962,2,6440.62,5748.28,2991.6,0.5,5961,551,CEAl,CEA,171,left,0
5962,5963,2,6440.14,5747.56,2992.26,0.5,5962,551,CEAl,CEA,171,left,0
5963,5964,2,6439.68,5746.84,2992.94,0.5,5963,551,CEAl,CEA,171,left,0
5964,5965,2,6439.18,5746.16,2993.58,0.5,5964,551,CEAl,CEA,171,left,0
5965,5966,2,6438.7,5745.44,2994.22,0.5,5965,551,CEAl,CEA,171,left,0
5966,5967,2,6438.24,5744.74,2994.88,0.5,5966,551,CEAl,CEA,171,left,0
5967,5968,2,6437.68,5744.0,2995.4,0.5,5967,551,CEAl,CEA,171,left,0
5968,5969,2,6437.12,5743.24,2995.94,0.5,5968,551,CEAl,CEA,171,left,0
5969,5970,2,6436.54,5742.5,2996.46,0.5,5969,551,CEAl,CEA,171,left,0
5970,5971,2,6436.0,5741.74,2996.98,0.5,5970,551,CEAl,CEA,171,left,0
5971,5972,2,6435.44,5740.98,2997.52,0.5,5971,551,CEAl,CEA,171,left,0
5972,5973,2,6433.34,5739.92,2997.62,0.0078125,5972,551,CEAl,CEA,171,left,0
5973,5974,2,6430.7,5739.82,2997.34,1.35546875,5973,551,CEAl,CEA,171,left,0
5974,5975,2,6429.34,5739.82,2997.96,1.35546875,5974,551,CEAl,CEA,171,left,0
5975,5976,2,6429.42,5739.1,2999.56,0.54296875,5975,551,CEAl,CEA,171,left,0
5976,5977,2,6429.44,5736.78,3001.24,1.24609375,5976,551,CEAl,CEA,171,left,0
5977,5978,2,6429.54,5734.22,3002.78,0.32421875,5977,551,CEAl,CEA,171,left,0
5978,5979,2,6430.32,5733.2,3004.46,0.48828125,5978,551,CEAl,CEA,171,left,0
5979,5980,2,6431.02,5732.6,3007.46,0.0078125,5979,551,CEAl,CEA,171,left,0
5980,5981,2,6430.84,5729.18,3008.32,1.81640625,5980,551,CEAl,CEA,171,left,0
5981,5982,2,6430.86,5725.9,3008.44,0.9765625,5981,551,CEAl,CEA,171,left,0
5982,5983,2,6431.26,5724.0,3008.8,0.54296875,5982,551,CEAl,CEA,171,left,0
5983,5984,2,6430.58,5723.16,3009.44,0.32421875,5983,551,CEAl,CEA,171,left,0
5984,5985,2,6430.64,5722.88,3010.92,0.62109375,5984,551,CEAl,CEA,171,left,0
5985,5986,2,6429.94,5721.28,3010.46,0.00390625,5985,551,CEAl,CEA,171,left,0
5986,5987,2,6428.56,5720.26,3010.52,0.4609375,5986,551,CEAl,CEA,171,left,0
5987,5988,2,6428.44,5719.2,3012.58,0.26953125,5987,551,CEAl,CEA,171,left,0
5988,5989,2,6428.64,5718.2,3014.66,0.94921875,5988,551,CEAl,CEA,171,left,0
5989,5990,2,6428.56,5715.46,3015.62,0.4609375,5989,551,CEAl,CEA,171,left,0
5990,5991,2,6428.48,5714.02,3015.9,0.015625,5990,551,CEAl,CEA,171,left,0
5991,5992,2,6428.16,5712.8,3016.32,0.5,5991,551,CEAl,CEA,171,left,0
5992,5993,2,6427.84,5711.6,3016.74,0.5,5992,551,CEAl,CEA,171,left,0
5993,5994,2,6427.52,5710.38,3017.16,0.5,5993,551,CEAl,CEA,171,left,0
5994,5995,2,6427.2,5709.2,3017.56,0.5,5994,551,CEAl,CEA,171,left,0
5995,5996,2,6426.86,5707.98,3017.98,0.5,5995,551,CEAl,CEA,171,left,0
5996,5997,2,6426.56,5706.78,3018.4,0.5,5996,551,CEAl,CEA,171,left,0
5997,5998,2,6426.24,5705.56,3018.82,0.5,5997,551,CEAl,CEA,171,left,0
5998,5999,10,6425.92,5704.38,3019.24,0.5,5998,551,CEAl,CEA,171,left,0
5999,6000,2,6425.6,5703.16,3019.64,0.5,5999,551,CEAl,CEA,171,left,0
6000,6001,10,6425.28,5701.96,3020.06,0.5,6000,551,CEAl,CEA,171,left,0
6001,6002,2,6424.96,5700.74,3020.48,0.5,6001,551,CEAl,CEA,171,left,0
6002,6003,2,6424.64,5699.56,3020.9,0.5,6002,551,CEAl,CEA,171,left,0
6003,6004,2,6424.34,5698.34,3021.32,0.5,6003,551,CEAl,CEA,171,left,0
6004,6005,2,6424.0,5697.16,3021.74,0.5,6004,551,CEAl,CEA,171,left,0
6005,6006,2,6423.7,5695.94,3022.14,0.32421875,6005,551,CEAl,CEA,171,left,0
6006,6007,2,6423.28,5694.86,3022.94,0.4609375,6006,551,CEAl,CEA,171,left,0
6007,6008,2,6421.76,5694.48,3023.26,0.37890625,6007,551,CEAl,CEA,171,left,0
6008,6009,2,6419.54,5694.3,3023.06,0.67578125,6008,551,CEAl,CEA,171,left,0
6009,6010,2,6416.96,5694.4,3022.74,1.625,6009,551,CEAl,CEA,171,left,0
6010,6011,2,6414.28,5693.9,3022.8,0.32421875,6010,551,CEAl,CEA,171,left,0
6011,6012,2,6413.36,5692.22,3024.06,0.89453125,6011,551,CEAl,CEA,171,left,0
6012,6013,2,6413.4,5691.2,3026.06,0.37890625,6012,551,CEAl,CEA,171,left,0
6013,6014,2,6413.52,5688.22,3028.24,1.5703125,6013,551,CEAl,CEA,171,left,0
6014,6015,2,6413.66,5686.2,3030.06,0.40625,6014,551,CEAl,CEA,171,left,0
6015,6016,2,6413.88,5685.18,3031.78,0.00390625,6015,551,CEAl,CEA,171,left,0
6016,6017,2,6413.76,5681.92,3033.28,0.48828125,6016,551,CEAl,CEA,171,left,0
6017,6018,2,6412.66,5681.12,3034.44,0.296875,6017,551,CEAl,CEA,171,left,0
6018,6019,2,6411.1,5679.26,3036.06,0.1640625,6018,551,CEAl,CEA,171,left,0
6019,6020,2,6409.94,5678.36,3037.84,0.703125,6019,551,CEAl,CEA,171,left,0
6020,6021,2,6409.22,5677.6,3038.32,0.32421875,6020,551,CEAl,CEA,171,left,0
6021,6022,2,6408.3,5675.28,3039.9,0.515625,6021,551,CEAl,CEA,171,left,0
6022,6023,2,6407.98,5673.5,3041.36,0.26953125,6022,551,CEAl,CEA,171,left,0
6023,6024,2,6405.66,5672.68,3041.96,0.19140625,6023,551,CEAl,CEA,171,left,0
6024,6025,2,6404.68,5672.12,3042.7,0.3515625,6024,551,CEAl,CEA,171,left,0
6025,6026,2,6404.56,5671.98,3044.46,0.4609375,6025,551,CEAl,CEA,171,left,0
6026,6027,2,6403.18,5671.98,3046.36,0.32421875,6026,551,CEAl,CEA,171,left,0
6027,6028,2,6400.7,5672.04,3047.52,0.26953125,6027,551,CEAl,CEA,171,left,0
6028,6029,2,6399.04,5671.86,3047.86,0.296875,6028,551,CEAl,CEA,171,left,0
6029,6030,2,6396.64,5671.66,3048.22,0.21484375,6029,551,CEAl,CEA,171,left,0
6030,6031,2,6394.04,5670.94,3048.88,0.2421875,6030,551,CEAl,CEA,171,left,0
6031,6032,2,6393.0,5670.3,3049.52,0.32421875,6031,551,CEAl,CEA,171,left,0
6032,6033,2,6391.3,5669.8,3050.9,0.48828125,6032,551,CEAl,CEA,171,left,0
6033,6034,2,6389.66,5669.02,3051.56,0.43359375,6033,551,CEAl,CEA,171,left,0
6034,6035,2,6387.94,5668.14,3052.46,0.00390625,6034,551,CEAl,CEA,171,left,0
6035,6036,2,6385.7,5667.48,3053.66,0.19140625,6035,551,CEAl,CEA,171,left,0
6036,6037,2,6384.72,5666.6,3054.46,0.32421875,6036,551,CEAl,CEA,171,left,0
6037,6038,2,6382.92,5665.62,3055.34,0.37890625,6037,551,CEAl,CEA,171,left,0
6038,6039,2,6381.46,5665.4,3055.78,0.3515625,6038,551,CEAl,CEA,171,left,0
6039,6040,2,6380.92,5662.84,3056.4,0.00390625,6039,551,CEAl,CEA,171,left,0
6040,6041,2,6379.12,5661.64,3056.68,0.48828125,6040,551,CEAl,CEA,171,left,0
6041,6042,2,6378.3,5660.12,3057.08,0.4609375,6041,551,CEAl,CEA,171,left,0
6042,6043,2,6377.18,5657.64,3057.7,0.3515625,6042,551,CEAl,CEA,171,left,0
6043,6044,2,6375.88,5655.68,3058.18,0.67578125,6043,551,CEAl,CEA,171,left,0
6044,6045,2,6374.24,5655.22,3057.92,0.48828125,6044,551,CEAl,CEA,171,left,0
6045,6046,2,6372.92,5654.32,3059.82,0.3515625,6045,551,CEAl,CEA,171,left,0
6046,6047,2,6371.06,5654.0,3062.5,0.1640625,6046,551,CEAl,CEA,171,left,0
6047,6048,2,6370.1,5652.48,3063.86,0.515625,6047,551,CEAl,CEA,171,left,0
6048,6049,2,6369.32,5650.72,3064.0,0.32421875,6048,551,CEAl,CEA,171,left,0
6049,6050,2,6368.14,5649.62,3064.36,0.1640625,6049,551,CEAl,CEA,171,left,0
6050,6051,2,6367.54,5649.06,3065.6,0.2421875,6050,551,CEAl,CEA,171,left,0
6051,6052,2,6367.0,5647.86,3066.0,0.37890625,6051,551,CEAl,CEA,171,left,0
6052,6053,2,6365.34,5646.98,3067.12,0.515625,6052,551,CEAl,CEA,171,left,0
6053,6054,2,6365.0,5647.74,3068.46,0.00390625,6053,551,CEAl,CEA,171,left,0
6054,6055,2,6363.18,5647.04,3068.66,0.6484375,6054,551,CEAl,CEA,171,left,0
6055,6056,2,6361.8,5645.62,3069.12,0.296875,6055,551,CEAl,CEA,171,left,0
6056,6057,2,6360.12,5645.08,3070.76,0.00390625,6056,551,CEAl,CEA,171,left,0
6057,6058,2,6359.04,5645.26,3072.14,0.40625,6057,551,CEAl,CEA,171,left,0
6058,6059,2,6356.9,5645.74,3072.46,0.015625,6058,551,CEAl,CEA,171,left,0
6059,6060,2,6355.64,5646.18,3073.34,0.2421875,6059,551,CEAl,CEA,171,left,0
6060,6061,2,6354.72,5646.6,3075.04,0.00390625,6060,551,CEAl,CEA,171,left,0
6061,6062,2,6354.3,5646.62,3076.66,0.4609375,6061,551,CEAl,CEA,171,left,0
6062,6063,2,6352.2,5646.72,3077.66,0.3515625,6062,551,CEAl,CEA,171,left,0
6063,6064,2,6350.64,5647.32,3079.02,0.37890625,6063,551,CEAl,CEA,171,left,0
6064,6065,2,6349.72,5647.54,3080.04,0.40625,6064,551,CEAl,CEA,171,left,0
6065,6066,2,6347.9,5647.14,3080.34,0.015625,6065,551,CEAl,CEA,171,left,0
6066,6067,2,6346.58,5647.16,3081.64,0.37890625,6066,551,CEAl,CEA,171,left,0
6067,6068,2,6346.28,5647.14,3083.5,0.43359375,6067,551,CEAl,CEA,171,left,0
6068,6069,2,6344.88,5647.16,3084.82,0.6484375,6068,551,CEAl,CEA,171,left,0
6069,6070,2,6342.9,5646.9,3085.3,0.62109375,6069,551,CEAl,CEA,171,left,0
6070,6071,2,6342.04,5645.5,3086.58,0.32421875,6070,551,CEAl,CEA,171,left,0
6071,6072,2,6340.22,5643.32,3087.86,0.37890625,6071,551,CEAl,CEA,171,left,0
6072,6073,2,6340.12,5642.12,3089.24,0.296875,6072,551,CEAl,CEA,171,left,0
6073,6074,2,6340.56,5641.68,3091.64,0.54296875,6073,551,CEAl,CEA,171,left,0
6074,6075,2,6340.5,5641.1,3094.74,0.00390625,6074,551,CEAl,CEA,171,left,0
6075,6076,2,6339.74,5641.28,3096.22,0.32421875,6075,551,CEAl,CEA,171,left,0
6076,6077,2,6339.6,5641.84,3097.6,0.296875,6076,551,CEAl,CEA,171,left,0
6077,6078,2,6338.82,5641.9,3098.04,0.37890625,6077,551,CEAl,CEA,171,left,0
6078,6079,2,6337.96,5642.14,3099.6,0.00390625,6078,551,CEAl,CEA,171,left,0
6079,6080,2,6336.76,5642.56,3101.18,0.3515625,6079,551,CEAl,CEA,171,left,0
6080,6081,2,6336.1,5643.3,3101.96,0.19140625,6080,551,CEAl,CEA,171,left,0
6081,6082,2,6334.58,5643.54,3102.18,0.01171875,6081,551,CEAl,CEA,171,left,0
6082,6083,2,6332.42,5643.14,3102.56,0.296875,6082,551,CEAl,CEA,171,left,0
6083,6084,2,6331.26,5642.82,3103.96,0.3515625,6083,551,CEAl,CEA,171,left,0
6084,6085,2,6331.16,5643.08,3104.96,0.3515625,6084,551,CEAl,CEA,171,left,0
6085,6086,2,6329.86,5643.48,3105.4,0.32421875,6085,551,CEAl,CEA,171,left,0
6086,6087,2,6327.88,5643.74,3105.94,0.32421875,6086,551,CEAl,CEA,171,left,0
6087,6088,2,6326.64,5643.78,3106.86,0.19140625,6087,551,CEAl,CEA,171,left,0
6088,6089,2,6325.98,5644.04,3108.0,0.48828125,6088,551,CEAl,CEA,171,left,0
6089,6090,2,6324.7,5644.42,3109.38,0.37890625,6089,551,CEAl,CEA,171,left,0
6090,6091,2,6323.86,5645.06,3110.4,0.32421875,6090,551,CEAl,CEA,171,left,0
6091,6092,2,6323.0,5646.86,3111.16,0.48828125,6091,551,CEAl,CEA,171,left,0
6092,6093,2,6322.94,5648.52,3111.84,0.32421875,6092,551,CEAl,CEA,171,left,0
6093,6094,2,6322.18,5649.78,3112.5,0.296875,6093,551,CEAl,CEA,171,left,0
6094,6095,2,6320.4,5650.38,3113.58,0.19140625,6094,551,CEAl,CEA,171,left,0
6095,6096,2,6319.24,5650.92,3114.46,0.21484375,6095,551,CEAl,CEA,171,left,0
6096,6097,2,6317.9,5651.82,3115.52,0.00390625,6096,551,CEAl,CEA,171,left,0
6097,6098,2,6316.66,5652.14,3116.48,0.43359375,6097,551,CEAl,CEA,171,left,0
6098,6099,2,6316.46,5653.28,3117.68,0.43359375,6098,551,CEAl,CEA,171,left,0
6099,6100,2,6315.4,5654.34,3118.5,0.4609375,6099,551,CEAl,CEA,171,left,0
6100,6101,2,6315.18,5654.66,3120.14,0.01171875,6100,551,CEAl,CEA,171,left,0
6101,6102,2,6316.06,5654.88,3125.1,0.43359375,6101,559,CEAm,CEA,171,left,0
6102,6103,2,6315.68,5654.86,3126.2,0.40625,6102,559,CEAm,CEA,171,left,0
6103,6104,2,6313.32,5654.98,3126.46,0.3515625,6103,551,CEAl,CEA,171,left,0
6104,6105,2,6311.6,5655.24,3126.74,0.32421875,6104,551,CEAl,CEA,171,left,0
6105,6106,2,6310.68,5656.14,3127.04,0.4609375,6105,551,CEAl,CEA,171,left,0
6106,6107,2,6310.4,5656.98,3128.26,0.296875,6106,551,CEAl,CEA,171,left,0
6107,6108,2,6309.4,5657.0,3129.86,0.37890625,6107,551,CEAl,CEA,171,left,0
6108,6109,2,6307.7,5656.98,3132.8,0.32421875,6108,551,CEAl,CEA,171,left,0
6109,6110,2,6307.44,5657.24,3134.88,0.4609375,6109,551,CEAl,CEA,171,left,0
6110,6111,2,6306.86,5657.44,3135.82,0.01171875,6110,559,CEAm,CEA,171,left,0
6111,6112,2,6305.54,5658.18,3137.02,0.32421875,6111,559,CEAm,CEA,171,left,0
6112,6113,2,6304.1,5659.06,3138.42,0.296875,6112,559,CEAm,CEA,171,left,0
6113,6114,2,6302.7,5659.14,3139.46,0.37890625,6113,559,CEAm,CEA,171,left,0
6114,6115,2,6301.84,5659.04,3141.56,0.26953125,6114,559,CEAm,CEA,171,left,0
6115,6116,2,6301.44,5659.88,3143.26,0.296875,6115,559,CEAm,CEA,171,left,0
6116,6117,2,6300.72,5660.9,3145.18,0.1640625,6116,559,CEAm,CEA,171,left,0
6117,6118,2,6300.96,5661.52,3146.98,0.43359375,6117,559,CEAm,CEA,171,left,0
6118,6119,2,6301.3,5661.74,3149.14,0.48828125,6118,559,CEAm,CEA,171,left,0
6119,6120,2,6301.32,5661.22,3150.64,0.26953125,6119,559,CEAm,CEA,171,left,0
6120,6121,2,6300.38,5661.28,3151.74,0.26953125,6120,559,CEAm,CEA,171,left,0
6121,6122,2,6299.82,5662.06,3153.64,0.00390625,6121,559,CEAm,CEA,171,left,0
6122,6123,2,6298.88,5662.32,3155.38,0.37890625,6122,559,CEAm,CEA,171,left,0
6123,6124,2,6298.8,5662.5,3157.72,0.3515625,6123,559,CEAm,CEA,171,left,0
6124,6125,2,6297.94,5663.2,3159.2,0.296875,6124,559,CEAm,CEA,171,left,0
6125,6126,2,6296.8,5664.34,3160.84,0.2421875,6125,559,CEAm,CEA,171,left,0
6126,6127,2,6295.88,5664.94,3161.34,0.43359375,6126,559,CEAm,CEA,171,left,0
6127,6128,2,6295.72,5666.5,3161.58,0.59765625,6127,559,CEAm,CEA,171,left,0
6128,6129,2,6294.88,5667.92,3162.24,0.21484375,6128,559,CEAm,CEA,171,left,0
6129,6130,2,6294.02,5668.8,3163.62,0.40625,6129,559,CEAm,CEA,171,left,0
6130,6131,2,6293.14,5669.5,3165.46,0.296875,6130,559,CEAm,CEA,171,left,0
6131,6132,2,6292.3,5669.92,3166.82,0.21484375,6131,559,CEAm,CEA,171,left,0
6132,6133,2,6291.3,5670.74,3168.32,0.40625,6132,559,CEAm,CEA,171,left,0
6133,6134,2,6291.28,5672.56,3169.9,0.37890625,6133,559,CEAm,CEA,171,left,0
6134,6135,2,6291.42,5674.04,3171.14,0.40625,6134,559,CEAm,CEA,171,left,0
6135,6136,2,6290.18,5674.54,3173.26,0.37890625,6135,559,CEAm,CEA,171,left,0
6136,6137,2,6289.82,5675.0,3174.86,0.296875,6136,559,CEAm,CEA,171,left,0
6137,6138,2,6288.78,5675.1,3175.88,0.1640625,6137,559,CEAm,CEA,171,left,0
6138,6139,2,6288.06,5675.54,3177.7,0.296875,6138,559,CEAm,CEA,171,left,0
6139,6140,2,6287.18,5676.18,3178.94,0.43359375,6139,559,CEAm,CEA,171,left,0
6140,6141,2,6286.88,5677.14,3180.2,0.40625,6140,559,CEAm,CEA,171,left,0
6141,6142,2,6285.88,5677.64,3181.26,0.2421875,6141,559,CEAm,CEA,171,left,0
6142,6143,2,6284.1,5678.56,3182.88,0.40625,6142,559,CEAm,CEA,171,left,0
6143,6144,2,6283.02,5679.5,3184.2,0.43359375,6143,559,CEAm,CEA,171,left,0
6144,6145,2,6281.8,5680.3,3185.06,0.2421875,6144,559,CEAm,CEA,171,left,0
6145,6146,2,6280.54,5680.86,3185.52,0.19140625,6145,559,CEAm,CEA,171,left,0
6146,6147,2,6279.54,5681.36,3186.7,0.21484375,6146,559,CEAm,CEA,171,left,0
6147,6148,2,6279.08,5681.82,3188.04,0.40625,6147,559,CEAm,CEA,171,left,0
6148,6149,2,6278.86,5681.98,3190.06,0.00390625,6148,559,CEAm,CEA,171,left,0
6149,6150,2,6277.7,5682.32,3190.4,0.2421875,6149,559,CEAm,CEA,171,left,0
6150,6151,2,6277.34,5683.7,3191.24,0.32421875,6150,559,CEAm,CEA,171,left,0
6151,6152,2,6276.18,5684.78,3191.9,0.48828125,6151,559,CEAm,CEA,171,left,0
6152,6153,2,6274.88,5685.46,3193.02,0.2421875,6152,559,CEAm,CEA,171,left,0
6153,6154,2,6273.54,5685.56,3194.34,0.48828125,6153,559,CEAm,CEA,171,left,0
6154,6155,2,6273.12,5685.62,3195.62,0.40625,6154,559,CEAm,CEA,171,left,0
6155,6156,2,6272.0,5686.44,3197.36,0.40625,6155,559,CEAm,CEA,171,left,0
6156,6157,2,6271.08,5686.84,3198.24,0.19140625,6156,559,CEAm,CEA,171,left,0
6157,6158,2,6270.84,5686.76,3199.68,0.43359375,6157,559,CEAm,CEA,171,left,0
6158,6159,2,6269.76,5686.54,3200.64,0.32421875,6158,559,CEAm,CEA,171,left,0
6159,6160,2,6267.9,5686.68,3202.54,0.40625,6159,559,CEAm,CEA,171,left,0
6160,6161,2,6266.56,5686.96,3203.3,0.37890625,6160,559,CEAm,CEA,171,left,0
6161,6162,2,6266.44,5686.4,3205.74,0.0078125,6161,559,CEAm,CEA,171,left,0
6162,6163,2,6266.28,5686.04,3207.94,0.32421875,6162,559,CEAm,CEA,171,left,0
6163,6164,2,6265.14,5686.16,3208.38,0.26953125,6163,559,CEAm,CEA,171,left,0
6164,6165,2,6264.46,5686.48,3209.68,0.2421875,6164,559,CEAm,CEA,171,left,0
6165,6166,2,6263.46,5686.98,3211.14,0.48828125,6165,559,CEAm,CEA,171,left,0
6166,6167,2,6262.56,5686.84,3212.92,0.3515625,6166,559,CEAm,CEA,171,left,0
6167,6168,2,6262.04,5686.48,3214.6,0.43359375,6167,559,CEAm,CEA,171,left,0
6168,6169,2,6261.14,5686.7,3216.24,0.4609375,6168,559,CEAm,CEA,171,left,0
6169,6170,2,6260.08,5687.76,3217.7,0.32421875,6169,559,CEAm,CEA,171,left,0
6170,6171,2,6259.02,5688.48,3218.5,0.296875,6170,559,CEAm,CEA,171,left,0
6171,6172,2,6257.9,5689.8,3221.08,0.26953125,6171,559,CEAm,CEA,171,left,0
6172,6173,2,6256.9,5690.52,3222.84,0.32421875,6172,559,CEAm,CEA,171,left,0
6173,6174,2,6255.72,5691.28,3223.78,0.3515625,6173,559,CEAm,CEA,171,left,0
6174,6175,2,6254.12,5691.88,3224.42,0.32421875,6174,559,CEAm,CEA,171,left,0
6175,6176,2,6253.44,5692.22,3225.28,0.1640625,6175,559,CEAm,CEA,171,left,0
6176,6177,2,6252.14,5692.82,3226.02,0.32421875,6176,559,CEAm,CEA,171,left,0
6177,6178,2,6251.12,5693.04,3226.9,0.19140625,6177,559,CEAm,CEA,171,left,0
6178,6179,2,6250.36,5693.64,3228.32,0.2421875,6178,559,CEAm,CEA,171,left,0
6179,6180,2,6249.44,5694.08,3229.74,0.37890625,6179,559,CEAm,CEA,171,left,0
6180,6181,2,6248.64,5694.7,3231.48,0.43359375,6180,559,CEAm,CEA,171,left,0
6181,6182,2,6247.46,5695.38,3232.38,0.37890625,6181,559,CEAm,CEA,171,left,0
6182,6183,2,6246.0,5695.76,3233.42,0.26953125,6182,559,CEAm,CEA,171,left,0
6183,6184,2,6245.78,5695.8,3234.76,0.40625,6183,559,CEAm,CEA,171,left,0
6184,6185,2,6243.86,5697.22,3236.12,0.19140625,6184,559,CEAm,CEA,171,left,0
6185,6186,2,6242.5,5698.7,3237.14,0.1640625,6185,559,CEAm,CEA,171,left,0
6186,6187,2,6242.2,5700.22,3238.74,0.37890625,6186,559,CEAm,CEA,171,left,0
6187,6188,2,6240.72,5700.34,3239.22,0.43359375,6187,559,CEAm,CEA,171,left,0
6188,6189,2,6238.92,5700.86,3239.32,0.296875,6188,559,CEAm,CEA,171,left,0
6189,6190,2,6238.1,5702.08,3239.98,0.21484375,6189,559,CEAm,CEA,171,left,0
6190,6191,2,6236.08,5702.86,3239.9,0.296875,6190,559,CEAm,CEA,171,left,0
6191,6192,2,6234.74,5704.02,3240.1,0.32421875,6191,559,CEAm,CEA,171,left,0
6192,6193,2,6233.5,5704.7,3240.12,0.21484375,6192,559,CEAm,CEA,171,left,0
6193,6194,2,6232.94,5706.04,3239.96,0.00390625,6193,559,CEAm,CEA,171,left,0
6194,6195,2,6232.52,5707.04,3241.12,0.3515625,6194,559,CEAm,CEA,171,left,0
6195,6196,2,6231.36,5707.18,3242.08,0.4609375,6195,559,CEAm,CEA,171,left,0
6196,6197,2,6230.16,5706.96,3243.02,0.296875,6196,559,CEAm,CEA,171,left,0
6197,6198,2,6229.56,5707.86,3243.8,0.26953125,6197,559,CEAm,CEA,171,left,0
6198,6199,2,6229.22,5708.98,3244.94,0.1640625,6198,559,CEAm,CEA,171,left,0
6199,6200,2,6228.14,5709.32,3245.06,0.296875,6199,559,CEAm,CEA,171,left,0
6200,6201,2,6227.32,5710.72,3244.62,0.37890625,6200,559,CEAm,CEA,171,left,0
6201,6202,2,6225.64,5711.14,3244.54,0.3515625,6201,559,CEAm,CEA,171,left,0
6202,6203,2,6223.68,5713.24,3243.7,0.40625,6202,559,CEAm,CEA,171,left,0
6203,6204,2,6223.54,5715.16,3243.56,0.26953125,6203,559,CEAm,CEA,171,left,0
6204,6205,2,6223.26,5716.96,3244.62,0.48828125,6204,559,CEAm,CEA,171,left,0
6205,6206,2,6222.14,5717.2,3245.18,0.1640625,6205,559,CEAm,CEA,171,left,0
6206,6207,2,6941.12,5579.42,2628.98,0.00390625,5757,579,ec,ec,172,left,1
6207,6208,2,6939.06,5578.14,2629.1,0.43359375,5757,579,ec,ec,173,left,0
6208,6209,2,6938.48,5576.68,2631.08,0.48828125,6208,579,ec,ec,173,left,0
6209,6210,2,6936.78,5575.78,2632.42,0.40625,6209,579,ec,ec,173,left,0
6210,6211,2,6935.74,5575.52,2634.28,0.32421875,6210,579,ec,ec,173,left,0
6211,6212,2,6934.04,5575.94,2635.48,0.296875,6211,579,ec,ec,173,left,0
6212,6213,2,6932.48,5576.16,2636.26,0.32421875,6212,579,ec,ec,173,left,0
6213,6214,2,6931.22,5576.28,2637.5,0.2421875,6213,579,ec,ec,173,left,0
6214,6215,2,6929.98,5576.66,2638.48,0.296875,6214,579,ec,ec,173,left,0
6215,6216,2,6928.3,5577.16,2639.02,0.4609375,6215,579,ec,ec,173,left,0
6216,6217,2,6927.78,5577.74,2639.98,0.40625,6216,579,ec,ec,173,left,0
6217,6218,2,6926.28,5578.24,2641.54,0.2421875,6217,579,ec,ec,173,left,0
6218,6219,2,6925.48,5578.0,2642.34,0.32421875,6218,579,ec,ec,173,left,0
6219,6220,2,6925.08,5577.68,2644.98,0.40625,6219,579,ec,ec,173,left,0
6220,6221,2,6925.04,5577.8,2646.24,0.59765625,6220,544,CEAc,CEA,173,left,0
6221,6222,2,6923.78,5578.14,2646.4,0.6484375,6221,544,CEAc,CEA,173,left,0
6222,6223,2,6922.56,5577.76,2647.48,0.0234375,6222,544,CEAc,CEA,173,left,0
6223,6224,2,6921.78,5577.44,2649.5,0.43359375,6223,544,CEAc,CEA,173,left,0
6224,6225,2,6920.36,5577.06,2651.46,0.26953125,6224,544,CEAc,CEA,173,left,0
6225,6226,2,6919.64,5576.36,2653.52,0.3515625,6225,544,CEAc,CEA,173,left,0
6226,6227,2,6918.32,5576.38,2654.96,0.40625,6226,544,CEAc,CEA,173,left,0
6227,6228,2,6917.56,5577.18,2656.76,0.1640625,6227,544,CEAc,CEA,173,left,0
6228,6229,2,6916.18,5577.5,2658.14,0.43359375,6228,544,CEAc,CEA,173,left,0
6229,6230,2,6914.28,5577.7,2659.5,0.296875,6229,544,CEAc,CEA,173,left,0
6230,6231,2,6913.82,5578.26,2660.6,0.4609375,6230,544,CEAc,CEA,173,left,0
6231,6232,2,6912.38,5579.32,2661.8,0.19140625,6231,544,CEAc,CEA,173,left,0
6232,6233,2,6911.42,5580.06,2662.74,0.296875,6232,544,CEAc,CEA,173,left,0
6233,6234,2,6910.12,5581.28,2663.2,0.37890625,6233,544,CEAc,CEA,173,left,0
6234,6235,2,6909.72,5582.1,2664.56,0.4609375,6234,544,CEAc,CEA,173,left,0
6235,6236,2,6908.5,5581.04,2666.3,0.1640625,6235,544,CEAc,CEA,173,left,0
6236,6237,2,6906.8,5579.62,2669.04,0.296875,6236,544,CEAc,CEA,173,left,0
6237,6238,2,6906.18,5580.44,2670.36,0.48828125,6237,544,CEAc,CEA,173,left,0
6238,6239,2,6906.3,5581.18,2672.18,0.43359375,6238,544,CEAc,CEA,173,left,0
6239,6240,2,6904.24,5581.66,2673.26,0.0078125,6239,544,CEAc,CEA,173,left,0
6240,6241,2,6902.26,5582.36,2674.22,0.4609375,6240,544,CEAc,CEA,173,left,0
6241,6242,2,6901.58,5583.2,2675.24,0.19140625,6241,544,CEAc,CEA,173,left,0
6242,6243,2,6900.02,5583.28,2676.16,0.32421875,6242,544,CEAc,CEA,173,left,0
6243,6244,2,6898.9,5581.96,2676.44,0.43359375,6243,544,CEAc,CEA,173,left,0
6244,6245,2,6898.5,5579.2,2676.98,0.296875,6244,544,CEAc,CEA,173,left,0
6245,6246,2,6897.54,5578.68,2677.88,0.3515625,6245,544,CEAc,CEA,173,left,0
6246,6247,2,6896.3,5579.18,2679.44,0.32421875,6246,544,CEAc,CEA,173,left,0
6247,6248,2,6895.38,5579.34,2681.7,0.32421875,6247,544,CEAc,CEA,173,left,0
6248,6249,2,6894.64,5579.48,2682.48,0.2421875,6248,544,CEAc,CEA,173,left,0
6249,6250,2,6894.76,5580.04,2684.16,0.3515625,6249,544,CEAc,CEA,173,left,0
6250,6251,2,6894.84,5580.36,2686.32,0.43359375,6250,544,CEAc,CEA,173,left,0
6251,6252,2,6893.52,5580.5,2687.14,0.32421875,6251,544,CEAc,CEA,173,left,0
6252,6253,2,6892.08,5580.86,2688.5,0.296875,6252,544,CEAc,CEA,173,left,0
6253,6254,2,6890.1,5581.14,2689.48,0.32421875,6253,544,CEAc,CEA,173,left,0
6254,6255,2,6889.88,5580.68,2691.6,0.48828125,6254,544,CEAc,CEA,173,left,0
6255,6256,2,6889.92,5579.74,2694.5,0.43359375,6255,544,CEAc,CEA,173,left,0
6256,6257,2,6888.7,5579.7,2695.22,0.3515625,6256,544,CEAc,CEA,173,left,0
6257,6258,2,6887.76,5578.88,2696.92,0.37890625,6257,544,CEAc,CEA,173,left,0
6258,6259,2,6886.32,5578.44,2697.96,0.40625,6258,544,CEAc,CEA,173,left,0
6259,6260,2,6884.06,5577.66,2699.02,0.1640625,6259,544,CEAc,CEA,173,left,0
6260,6261,2,6883.36,5575.92,2699.82,0.21484375,6260,544,CEAc,CEA,173,left,0
6261,6262,2,6883.16,5573.92,2700.04,0.89453125,6261,544,CEAc,CEA,173,left,0
6262,6263,2,6883.0,5571.44,2700.98,0.5703125,6262,544,CEAc,CEA,173,left,0
6263,6264,2,6882.88,5568.92,2702.32,0.26953125,6263,544,CEAc,CEA,173,left,0
6264,6265,2,6881.58,5567.36,2703.12,0.21484375,6264,544,CEAc,CEA,173,left,0
6265,6266,2,6879.56,5566.24,2703.66,0.43359375,6265,544,CEAc,CEA,173,left,0
6266,6267,2,6878.06,5564.72,2704.54,0.43359375,6266,544,CEAc,CEA,173,left,0
6267,6268,2,6877.98,5562.96,2705.48,0.32421875,6267,544,CEAc,CEA,173,left,0
6268,6269,2,6876.96,5562.34,2706.36,0.21484375,6268,544,CEAc,CEA,173,left,0
6269,6270,2,6875.12,5562.4,2707.38,0.2421875,6269,544,CEAc,CEA,173,left,0
6270,6271,2,6873.24,5561.6,2708.32,0.515625,6270,544,CEAc,CEA,173,left,0
6271,6272,2,6871.88,5561.32,2709.04,0.2421875,6271,544,CEAc,CEA,173,left,0
6272,6273,2,6872.54,5560.4,2710.74,0.015625,6272,544,CEAc,CEA,173,left,0
6273,6274,2,6872.08,5559.18,2713.06,0.4609375,6273,544,CEAc,CEA,173,left,0
6274,6275,2,6871.12,5557.32,2714.0,0.32421875,6274,544,CEAc,CEA,173,left,0
6275,6276,2,6868.72,5555.02,2715.12,0.32421875,6275,544,CEAc,CEA,173,left,0
6276,6277,2,6867.26,5552.88,2715.9,0.32421875,6276,544,CEAc,CEA,173,left,0
6277,6278,2,6866.16,5550.84,2717.04,0.32421875,6277,544,CEAc,CEA,173,left,0
6278,6279,2,6864.2,5550.4,2718.14,0.19140625,6278,544,CEAc,CEA,173,left,0
6279,6280,2,6862.24,5550.0,2719.78,0.19140625,6279,544,CEAc,CEA,173,left,0
6280,6281,2,6860.8,5548.9,2721.18,0.3515625,6280,544,CEAc,CEA,173,left,0
6281,6282,2,6858.6,5548.26,2721.9,0.40625,6281,544,CEAc,CEA,173,left,0
6282,6283,2,6857.64,5547.24,2722.86,0.48828125,6282,544,CEAc,CEA,173,left,0
6283,6284,2,6857.48,5545.52,2723.7,0.296875,6283,544,CEAc,CEA,173,left,0
6284,6285,2,6856.22,5544.88,2724.4,0.32421875,6284,544,CEAc,CEA,173,left,0
6285,6286,2,6854.48,5544.66,2725.44,0.2421875,6285,544,CEAc,CEA,173,left,0
6286,6287,2,6851.9,5544.72,2726.6,0.32421875,6286,544,CEAc,CEA,173,left,0
6287,6288,2,6850.84,5544.28,2727.84,0.296875,6287,544,CEAc,CEA,173,left,0
6288,6289,2,6849.14,5544.04,2728.16,0.32421875,6288,544,CEAc,CEA,173,left,0
6289,6290,2,6848.62,5541.9,2728.9,0.01953125,6289,544,CEAc,CEA,173,left,0
6290,6291,2,6848.4,5539.28,2729.46,0.2421875,6290,544,CEAc,CEA,173,left,0
6291,6292,2,6847.74,5537.24,2730.74,0.54296875,6291,544,CEAc,CEA,173,left,0
6292,6293,2,6846.52,5535.6,2732.3,0.32421875,6292,544,CEAc,CEA,173,left,0
6293,6294,2,6846.16,5533.76,2734.74,0.2421875,6293,544,CEAc,CEA,173,left,0
6294,6295,2,6845.9,5531.34,2736.46,0.32421875,6294,544,CEAc,CEA,173,left,0
6295,6296,2,6844.1,5530.66,2737.26,0.19140625,6295,544,CEAc,CEA,173,left,0
6296,6297,2,6841.66,5529.54,2737.64,0.515625,6296,544,CEAc,CEA,173,left,0
6297,6298,2,6841.0,5527.74,2738.42,0.32421875,6297,544,CEAc,CEA,173,left,0
6298,6299,2,6839.42,5527.04,2738.64,0.3515625,6298,544,CEAc,CEA,173,left,0
6299,6300,2,6104.28,6102.5,3093.42,0.00390625,5758,544,CEAc,CEA,174,left,0
6300,6301,2,6102.82,6103.7,3093.18,0.48828125,6300,544,CEAc,CEA,174,left,0
6301,6302,2,6101.16,6103.54,3093.22,0.32421875,6301,544,CEAc,CEA,174,left,1
6302,6303,2,6102.94,6101.5,3096.92,0.00390625,5758,544,CEAc,CEA,175,left,0
6303,6304,2,6101.14,6100.58,3098.2,0.2421875,6303,544,CEAc,CEA,175,left,0
6304,6305,2,6100.08,6100.76,3099.64,0.2421875,6304,544,CEAc,CEA,175,left,0
6305,6306,2,6098.96,6100.94,3101.44,0.32421875,6305,544,CEAc,CEA,175,left,0
6306,6307,2,6097.76,6100.54,3102.22,0.32421875,6306,544,CEAc,CEA,175,left,0
6307,6308,2,6096.9,6100.06,3103.78,0.1640625,6307,544,CEAc,CEA,175,left,0
6308,6309,2,6095.62,6099.18,3105.3,0.3515625,6308,544,CEAc,CEA,175,left,0
6309,6310,2,6094.96,6098.58,3106.24,0.1640625,6309,544,CEAc,CEA,175,left,0
6310,6311,2,6093.84,6097.94,3106.36,0.02734375,6310,544,CEAc,CEA,175,left,0
6311,6312,2,6093.8,6098.14,3108.78,0.43359375,6311,544,CEAc,CEA,175,left,0
6312,6313,2,6093.36,6098.08,3110.04,0.73046875,6312,544,CEAc,CEA,175,left,0
6313,6314,2,6091.94,6097.16,3110.98,0.48828125,6313,544,CEAc,CEA,175,left,0
6314,6315,2,6090.6,6096.24,3112.28,0.32421875,6314,544,CEAc,CEA,175,left,0
6315,6316,2,6089.84,6096.24,3114.12,0.296875,6315,544,CEAc,CEA,175,left,0
6316,6317,2,6088.5,6096.16,3115.06,0.1640625,6316,544,CEAc,CEA,175,left,0
6317,6318,2,6086.48,6095.36,3115.6,0.48828125,6317,544,CEAc,CEA,175,left,0
6318,6319,2,6085.1,6093.84,3115.74,0.19140625,6318,544,CEAc,CEA,175,left,0
6319,6320,2,6083.42,6092.28,3116.44,0.40625,6319,544,CEAc,CEA,175,left,0
6320,6321,2,6081.7,6090.72,3117.52,0.4609375,6320,544,CEAc,CEA,175,left,0
6321,6322,2,6080.48,6089.98,3118.04,0.32421875,6321,544,CEAc,CEA,175,left,0
6322,6323,2,6079.3,6089.84,3119.44,0.00390625,6322,544,CEAc,CEA,175,left,0
6323,6324,2,6078.46,6090.08,3120.88,0.32421875,6323,544,CEAc,CEA,175,left,0
6324,6325,2,6077.08,6090.12,3122.26,0.2421875,6324,544,CEAc,CEA,175,left,0
6325,6326,2,6075.76,6090.12,3123.2,0.6484375,6325,544,CEAc,CEA,175,left,0
6326,6327,2,6074.96,6091.12,3125.04,0.32421875,6326,477,STR,STR,175,left,0
6327,6328,2,6073.6,6090.86,3125.7,0.515625,6327,477,STR,STR,175,left,0
6328,6329,2,6072.14,6090.46,3126.92,0.3515625,6328,477,STR,STR,175,left,0
6329,6330,2,6071.62,6090.46,3128.58,0.40625,6329,477,STR,STR,175,left,0
6330,6331,2,6070.96,6090.48,3129.78,0.2421875,6330,477,STR,STR,175,left,0
6331,6332,2,6069.96,6090.42,3129.82,0.1640625,6331,477,STR,STR,175,left,0
6332,6333,2,6069.14,6091.52,3131.1,0.00390625,6332,477,STR,STR,175,left,0
6333,6334,2,6067.96,6092.08,3132.04,0.32421875,6333,477,STR,STR,175,left,0
6334,6335,2,6066.54,6093.1,3133.1,0.19140625,6334,477,STR,STR,175,left,0
6335,6336,2,6066.2,6094.4,3134.24,0.32421875,6335,477,STR,STR,175,left,0
6336,6337,2,6065.0,6094.52,3134.86,0.1640625,6336,477,STR,STR,175,left,0
6337,6338,2,6066.18,6095.62,3135.08,0.02734375,6337,477,STR,STR,175,left,0
6338,6339,2,6066.06,6097.98,3135.8,0.296875,6338,477,STR,STR,175,left,0
6339,6340,2,6065.96,6101.92,3136.86,0.48828125,6339,477,STR,STR,175,left,0
6340,6341,2,6065.52,6103.24,3137.48,0.48828125,6340,477,STR,STR,175,left,0
6341,6342,2,6064.08,6103.98,3138.48,0.0078125,6341,477,STR,STR,175,left,0
6342,6343,2,6063.76,6105.66,3142.06,0.43359375,6342,477,STR,STR,175,left,0
6343,6344,2,6063.28,6106.0,3143.74,0.3515625,6343,477,STR,STR,175,left,0
6344,6345,2,6062.36,6106.94,3144.78,0.2421875,6344,477,STR,STR,175,left,0
6345,6346,2,6062.36,6109.56,3146.74,0.32421875,6345,477,STR,STR,175,left,0
6346,6347,2,6062.6,6111.1,3149.14,0.32421875,6346,477,STR,STR,175,left,0
6347,6348,2,6061.94,6111.16,3150.58,0.296875,6347,477,STR,STR,175,left,0
6348,6349,2,6060.94,6111.2,3151.2,0.43359375,6348,477,STR,STR,175,left,0
6349,6350,2,6060.9,6111.6,3152.86,0.015625,6349,477,STR,STR,175,left,0
6350,6351,2,6061.24,6114.02,3155.9,0.54296875,6350,477,STR,STR,175,left,0
6351,6352,2,6061.32,6115.94,3157.16,0.37890625,6351,477,STR,STR,175,left,0
6352,6353,2,6060.26,6116.4,3157.72,0.3515625,6352,477,STR,STR,175,left,0
6353,6354,2,6059.54,6116.48,3159.62,0.32421875,6353,477,STR,STR,175,left,0
6354,6355,2,6058.36,6116.98,3160.4,0.43359375,6354,477,STR,STR,175,left,0
6355,6356,2,6057.94,6118.56,3160.84,0.32421875,6355,477,STR,STR,175,left,0
6356,6357,2,6057.22,6119.22,3162.16,0.00390625,6356,477,STR,STR,175,left,0
6357,6358,2,6055.88,6119.06,3163.78,0.296875,6357,477,STR,STR,175,left,0
6358,6359,2,6054.58,6119.02,3164.6,0.21484375,6358,477,STR,STR,175,left,0
6359,6360,2,6054.44,6120.28,3166.12,0.3515625,6359,477,STR,STR,175,left,0
6360,6361,2,6054.5,6121.78,3168.4,0.54296875,6360,477,STR,STR,175,left,0
6361,6362,2,6053.62,6122.06,3168.56,0.5703125,6361,477,STR,STR,175,left,0
6362,6363,2,6052.9,6123.68,3169.74,0.59765625,6362,477,STR,STR,175,left,0
6363,6364,2,6053.18,6126.78,3171.26,0.19140625,6363,477,STR,STR,175,left,0
6364,6365,2,6053.58,6129.1,3172.96,0.40625,6364,477,STR,STR,175,left,0
6365,6366,2,6054.34,6129.7,3173.72,0.2421875,6365,477,STR,STR,175,left,0
6366,6367,2,6053.66,6131.28,3173.7,0.00390625,6366,477,STR,STR,175,left,0
6367,6368,2,6053.76,6132.26,3175.38,0.40625,6367,477,STR,STR,175,left,0
6368,6369,2,6053.84,6132.04,3176.98,0.2421875,6368,477,STR,STR,175,left,0
6369,6370,2,6054.14,6132.88,3181.92,0.4609375,6369,477,STR,STR,175,left,0
6370,6371,2,6054.28,6133.62,3183.64,0.21484375,6370,477,STR,STR,175,left,0
6371,6372,2,6053.46,6133.86,3185.28,0.32421875,6371,477,STR,STR,175,left,0
6372,6373,2,6052.66,6134.26,3186.02,0.32421875,6372,477,STR,STR,175,left,0
6373,6374,2,6052.7,6136.3,3187.24,0.1640625,6373,477,STR,STR,175,left,0
6374,6375,2,6052.1,6137.76,3188.12,0.1640625,6374,477,STR,STR,175,left,0
6375,6376,2,6052.72,6140.16,3189.04,0.296875,6375,477,STR,STR,175,left,0
6376,6377,2,6053.34,6143.66,3190.08,0.1640625,6376,477,STR,STR,175,left,0
6377,6378,2,6053.8,6145.04,3191.16,0.21484375,6377,477,STR,STR,175,left,0
6378,6379,2,6055.14,6146.04,3192.22,0.48828125,6378,477,STR,STR,175,left,0
6379,6380,2,6055.84,6147.8,3193.82,0.40625,6379,477,STR,STR,175,left,0
6380,6381,2,6057.26,6150.22,3195.0,0.37890625,6380,477,STR,STR,175,left,0
6381,6382,2,6058.98,6153.04,3195.5,0.37890625,6381,477,STR,STR,175,left,0
6382,6383,2,6060.2,6156.32,3195.96,0.32421875,6382,477,STR,STR,175,left,0
6383,6384,2,6060.78,6160.42,3196.74,0.6484375,6383,477,STR,STR,175,left,0
6384,6385,2,6061.32,6161.96,3198.08,0.37890625,6384,477,STR,STR,175,left,0
6385,6386,2,6062.26,6165.04,3200.36,0.40625,6385,477,STR,STR,175,left,0
6386,6387,2,6062.54,6167.66,3201.96,0.54296875,6386,477,STR,STR,175,left,0
6387,6388,2,6063.46,6170.86,3203.08,0.00390625,6387,477,STR,STR,175,left,0
6388,6389,2,6064.1,6173.86,3204.36,0.37890625,6388,477,STR,STR,175,left,0
6389,6390,2,6064.34,6176.44,3205.32,0.515625,6389,477,STR,STR,175,left,0
6390,6391,2,6064.64,6179.6,3206.98,0.32421875,6390,477,STR,STR,175,left,0
6391,6392,2,6064.52,6180.88,3208.22,0.26953125,6391,477,STR,STR,175,left,0
6392,6393,2,6063.32,6180.74,3208.38,0.296875,6392,477,STR,STR,175,left,0
6393,6394,2,6062.96,6181.54,3209.82,0.2421875,6393,477,STR,STR,175,left,0
6394,6395,2,6063.18,6182.78,3212.36,0.296875,6394,477,STR,STR,175,left,0
6395,6396,2,6063.38,6184.3,3214.08,0.3515625,6395,477,STR,STR,175,left,0
6396,6397,2,6063.98,6185.38,3215.76,0.26953125,6396,477,STR,STR,175,left,0
6397,6398,2,6065.12,6185.64,3217.14,0.1640625,6397,477,STR,STR,175,left,0
6398,6399,2,6065.78,6185.72,3219.94,0.4609375,6398,477,STR,STR,175,left,0
6399,6400,2,6065.86,6185.04,3222.52,0.296875,6399,477,STR,STR,175,left,0
6400,6401,2,6065.64,6184.66,3224.76,0.21484375,6400,477,STR,STR,175,left,0
6401,6402,2,6064.42,6184.26,3225.98,0.1640625,6401,477,STR,STR,175,left,0
6402,6403,2,6064.06,6183.98,3227.4,0.0078125,6402,477,STR,STR,175,left,0
6403,6404,2,6064.12,6183.02,3230.66,0.515625,6403,477,STR,STR,175,left,0
6404,6405,2,6063.88,6181.88,3232.8,0.21484375,6404,477,STR,STR,175,left,0
6405,6406,2,6063.38,6179.22,3233.38,0.2421875,6405,477,STR,STR,175,left,0
6406,6407,2,6063.8,6176.84,3233.92,0.4609375,6406,477,STR,STR,175,left,0
6407,6408,2,6063.7,6174.28,3235.06,0.48828125,6407,23,AAA,AAA,175,left,0
6408,6409,2,6063.82,6171.72,3235.62,0.32421875,6408,23,AAA,AAA,175,left,0
6409,6410,2,6064.3,6169.5,3236.0,0.4609375,6409,23,AAA,AAA,175,left,0
6410,6411,2,6064.18,6165.98,3236.7,0.19140625,6410,23,AAA,AAA,175,left,0
6411,6412,2,6064.1,6163.62,3236.7,0.4609375,6411,23,AAA,AAA,175,left,0
6412,6413,2,6064.8,6161.78,3236.9,0.1640625,6412,23,AAA,AAA,175,left,0
6413,6414,2,6065.18,6159.52,3237.36,0.296875,6413,23,AAA,AAA,175,left,0
6414,6415,2,6066.14,6157.98,3238.78,0.1640625,6414,23,AAA,AAA,175,left,0
6415,6416,2,6066.54,6155.08,3240.16,0.48828125,6415,23,AAA,AAA,175,left,0
6416,6417,2,6067.26,6152.58,3240.68,0.40625,6416,23,AAA,AAA,175,left,0
6417,6418,2,6068.62,6151.12,3240.9,0.2421875,6417,23,AAA,AAA,175,left,0
6418,6419,2,6069.74,6148.6,3241.56,0.00390625,6418,23,AAA,AAA,175,left,0
6419,6420,2,6069.88,6145.14,3241.82,0.4609375,6419,23,AAA,AAA,175,left,0
6420,6421,2,6070.08,6143.0,3242.36,0.32421875,6420,477,STR,STR,175,left,0
6421,6422,2,6070.0,6131.9,3243.38,0.43359375,6421,477,STR,STR,175,left,0
6422,6423,2,6069.88,6129.92,3243.7,0.515625,6422,477,STR,STR,175,left,0
6423,6424,2,6069.64,6126.1,3244.36,0.48828125,6423,477,STR,STR,175,left,0
6424,6425,2,6069.2,6123.46,3245.56,0.37890625,6424,477,STR,STR,175,left,0
6425,6426,2,6068.48,6121.5,3246.38,0.37890625,6425,477,STR,STR,175,left,0
6426,6427,2,6068.36,6119.32,3248.4,0.32421875,6426,477,STR,STR,175,left,0
6427,6428,2,6068.28,6117.32,3249.88,0.296875,6427,477,STR,STR,175,left,0
6428,6429,2,6068.12,6113.74,3251.72,0.40625,6428,477,STR,STR,175,left,0
6429,6430,2,6068.0,6111.34,3252.9,0.40625,6429,477,STR,STR,175,left,0
6430,6431,2,6069.98,6111.08,3253.42,0.015625,6430,477,STR,STR,175,left,0
6431,6432,2,6071.6,6110.64,3254.2,0.19140625,6431,477,STR,STR,175,left,0
6432,6433,2,6071.98,6109.96,3255.52,0.59765625,6432,23,AAA,AAA,175,left,0
6433,6434,2,6071.96,6107.96,3257.78,0.32421875,6433,23,AAA,AAA,175,left,0
6434,6435,2,6071.92,6106.68,3258.9,0.43359375,6434,23,AAA,AAA,175,left,0
6435,6436,2,6071.7,6103.18,3259.68,0.43359375,6435,477,STR,STR,175,left,0
6436,6437,2,6071.56,6101.2,3259.64,0.2421875,6436,477,STR,STR,175,left,0
6437,6438,2,6071.28,6097.14,3260.1,0.4609375,6437,477,STR,STR,175,left,0
6438,6439,2,6070.76,6095.32,3261.32,0.19140625,6438,477,STR,STR,175,left,0
6439,6440,2,6069.42,6094.34,3262.42,0.40625,6439,477,STR,STR,175,left,0
6440,6441,2,6069.22,6093.66,3263.8,0.3515625,6440,477,STR,STR,175,left,0
6441,6442,2,6069.04,6091.74,3266.1,0.32421875,6441,477,STR,STR,175,left,0
6442,6443,2,6068.44,6090.92,3267.92,0.5703125,6442,477,STR,STR,175,left,1
6443,6444,2,6221.48,5718.38,3247.56,0.00390625,6206,559,CEAm,CEA,176,left,0
6444,6445,2,6220.62,5719.22,3248.82,0.40625,6444,559,CEAm,CEA,176,left,0
6445,6446,2,6219.62,5720.62,3250.6,0.2421875,6445,559,CEAm,CEA,176,left,0
6446,6447,2,6218.12,5721.28,3251.96,0.296875,6446,559,CEAm,CEA,176,left,0
6447,6448,2,6216.86,5722.02,3252.5,0.296875,6447,559,CEAm,CEA,176,left,0
6448,6449,2,6216.14,5723.7,3253.3,0.21484375,6448,559,CEAm,CEA,176,left,0
6449,6450,2,6214.96,5724.92,3254.06,0.32421875,6449,559,CEAm,CEA,176,left,0
6450,6451,2,6214.32,5726.82,3255.22,0.296875,6450,559,CEAm,CEA,176,left,0
6451,6452,2,6213.36,5728.06,3255.72,0.26953125,6451,559,CEAm,CEA,176,left,0
6452,6453,2,6212.68,5730.28,3256.18,0.1640625,6452,559,CEAm,CEA,176,left,0
6453,6454,2,6212.6,5733.02,3257.02,0.3515625,6453,559,CEAm,CEA,176,left,0
6454,6455,2,6212.04,5734.8,3257.32,0.21484375,6454,559,CEAm,CEA,176,left,0
6455,6456,2,6210.9,5736.06,3257.84,0.32421875,6455,559,CEAm,CEA,176,left,0
6456,6457,2,6210.28,5737.22,3258.84,0.21484375,6456,559,CEAm,CEA,176,left,0
6457,6458,2,6209.0,5738.12,3259.54,0.32421875,6457,559,CEAm,CEA,176,left,0
6458,6459,2,6208.12,5738.8,3260.04,0.26953125,6458,559,CEAm,CEA,176,left,0
6459,6460,2,6206.64,5741.48,3260.2,0.37890625,6459,559,CEAm,CEA,176,left,0
6460,6461,2,6205.22,5743.06,3260.64,0.1640625,6460,559,CEAm,CEA,176,left,0
6461,6462,2,6204.42,5744.64,3261.76,0.26953125,6461,559,CEAm,CEA,176,left,0
6462,6463,2,6203.26,5745.68,3262.34,0.19140625,6462,559,CEAm,CEA,176,left,0
6463,6464,2,6202.3,5746.84,3263.22,0.1640625,6463,559,CEAm,CEA,176,left,0
6464,6465,2,6200.92,5747.72,3263.88,0.2421875,6464,559,CEAm,CEA,176,left,0
6465,6466,2,6200.16,5748.46,3264.9,0.1640625,6465,559,CEAm,CEA,176,left,0
6466,6467,2,6199.5,5749.7,3265.64,0.40625,6466,559,CEAm,CEA,176,left,0
6467,6468,2,6199.02,5750.82,3267.7,0.21484375,6467,559,CEAm,CEA,176,left,0
6468,6469,2,6197.88,5751.22,3268.68,0.1640625,6468,559,CEAm,CEA,176,left,0
6469,6470,2,6197.76,5752.02,3272.1,0.43359375,6469,559,CEAm,CEA,176,left,0
6470,6471,2,6197.84,5752.12,3273.16,0.32421875,6470,559,CEAm,CEA,176,left,0
6471,6472,2,6196.24,5751.96,3273.72,0.0078125,6471,559,CEAm,CEA,176,left,0
6472,6473,2,6195.6,5752.08,3275.28,0.40625,6472,559,CEAm,CEA,176,left,0
6473,6474,2,6194.52,5752.58,3276.3,0.48828125,6473,559,CEAm,CEA,176,left,0
6474,6475,2,6193.42,5753.64,3277.42,0.26953125,6474,559,CEAm,CEA,176,left,0
6475,6476,2,6192.5,5754.78,3278.12,0.21484375,6475,559,CEAm,CEA,176,left,0
6476,6477,2,6191.5,5755.46,3279.8,0.2421875,6476,559,CEAm,CEA,176,left,0
6477,6478,2,6190.5,5755.72,3280.86,0.296875,6477,559,CEAm,CEA,176,left,0
6478,6479,2,6189.1,5755.96,3281.36,0.1640625,6478,559,CEAm,CEA,176,left,0
6479,6480,2,6188.58,5757.24,3281.9,0.3515625,6479,559,CEAm,CEA,176,left,0
6480,6481,2,6187.36,5757.82,3282.68,0.296875,6480,559,CEAm,CEA,176,left,0
6481,6482,2,6186.66,5758.62,3284.28,0.32421875,6481,559,CEAm,CEA,176,left,0
6482,6483,2,6185.52,5759.16,3285.02,0.1640625,6482,559,CEAm,CEA,176,left,0
6483,6484,2,6184.94,5760.22,3285.82,0.296875,6483,559,CEAm,CEA,176,left,0
6484,6485,2,6183.88,5760.56,3286.78,0.3515625,6484,559,CEAm,CEA,176,left,0
6485,6486,2,6182.58,5761.0,3287.9,0.32421875,6485,559,CEAm,CEA,176,left,0
6486,6487,2,6181.56,5761.12,3287.8,0.0546875,6486,559,CEAm,CEA,176,left,0
6487,6488,2,6181.2,5762.0,3289.08,0.3515625,6487,559,CEAm,CEA,176,left,0
6488,6489,2,6180.24,5763.02,3290.88,0.43359375,6488,559,CEAm,CEA,176,left,0
6489,6490,2,6179.24,5763.6,3291.7,0.296875,6489,559,CEAm,CEA,176,left,0
6490,6491,2,6178.6,5764.58,3292.96,0.2421875,6490,559,CEAm,CEA,176,left,0
6491,6492,2,6177.32,5765.42,3293.3,0.4609375,6491,559,CEAm,CEA,176,left,0
6492,6493,2,6176.1,5766.16,3294.72,0.26953125,6492,559,CEAm,CEA,176,left,0
6493,6494,2,6175.62,5766.6,3296.32,0.19140625,6493,559,CEAm,CEA,176,left,0
6494,6495,2,6174.46,5766.7,3296.8,0.21484375,6494,559,CEAm,CEA,176,left,0
6495,6496,2,6174.2,5767.72,3297.98,0.48828125,6495,559,CEAm,CEA,176,left,0
6496,6497,2,6174.34,5768.58,3299.78,0.4609375,6496,559,CEAm,CEA,176,left,0
6497,6498,2,6173.62,5769.66,3300.66,0.3515625,6497,559,CEAm,CEA,176,left,0
6498,6499,2,6172.54,5771.2,3301.06,0.43359375,6498,559,CEAm,CEA,176,left,0
6499,6500,2,6172.1,5772.68,3301.8,0.40625,6499,559,CEAm,CEA,176,left,0
6500,6501,2,6170.9,5773.64,3302.1,0.26953125,6500,559,CEAm,CEA,176,left,0
6501,6502,2,6170.52,5775.18,3303.24,0.21484375,6501,559,CEAm,CEA,176,left,0
6502,6503,2,6170.62,5776.3,3304.64,0.48828125,6502,559,CEAm,CEA,176,left,0
6503,6504,2,6170.34,5777.98,3306.14,0.00390625,6503,559,CEAm,CEA,176,left,0
6504,6505,2,6169.24,5779.04,3307.0,0.26953125,6504,559,CEAm,CEA,176,left,0
6505,6506,2,6168.54,5780.42,3308.5,0.32421875,6505,559,CEAm,CEA,176,left,0
6506,6507,2,6166.94,5780.92,3308.74,0.43359375,6506,559,CEAm,CEA,176,left,0
6507,6508,2,6165.42,5781.62,3309.38,0.1640625,6507,559,CEAm,CEA,176,left,0
6508,6509,2,6164.26,5782.48,3310.46,0.32421875,6508,559,CEAm,CEA,176,left,0
6509,6510,2,6163.06,5783.08,3310.94,0.59765625,6509,559,CEAm,CEA,176,left,0
6510,6511,2,6161.52,5783.28,3310.96,0.32421875,6510,559,CEAm,CEA,176,left,0
6511,6512,2,6222.08,5715.18,3247.26,0.0078125,6206,559,CEAm,CEA,177,left,0
6512,6513,2,6222.62,5713.14,3251.5,0.67578125,6512,559,CEAm,CEA,177,left,0
6513,6514,2,6222.68,5713.7,3252.6,0.6484375,6513,559,CEAm,CEA,177,left,0
6514,6515,2,6222.7,5715.42,3253.72,0.32421875,6514,559,CEAm,CEA,177,left,0
6515,6516,2,6222.3,5716.96,3255.32,0.37890625,6515,559,CEAm,CEA,177,left,0
6516,6517,2,6221.2,5717.9,3256.16,0.19140625,6516,559,CEAm,CEA,177,left,0
6517,6518,2,6220.78,5719.16,3257.94,0.1640625,6517,559,CEAm,CEA,177,left,0
6518,6519,2,6219.46,5719.68,3258.76,0.32421875,6518,559,CEAm,CEA,177,left,0
6519,6520,2,6219.2,5720.78,3259.44,0.3515625,6519,559,CEAm,CEA,177,left,0
6520,6521,2,6217.6,5722.66,3260.8,0.4609375,6520,559,CEAm,CEA,177,left,0
6521,6522,2,6217.3,5725.1,3261.86,0.5703125,6521,559,CEAm,CEA,177,left,0
6522,6523,2,6216.82,5727.68,3262.08,0.6484375,6522,559,CEAm,CEA,177,left,0
6523,6524,2,6216.22,5728.84,3262.72,0.21484375,6523,559,CEAm,CEA,177,left,0
6524,6525,2,6215.32,5730.42,3262.72,0.32421875,6524,559,CEAm,CEA,177,left,0
6525,6526,2,6215.18,5732.26,3263.56,0.2421875,6525,559,CEAm,CEA,177,left,0
6526,6527,2,6215.1,5734.46,3263.8,0.54296875,6526,559,CEAm,CEA,177,left,0
6527,6528,2,6214.82,5738.16,3262.92,0.21484375,6527,559,CEAm,CEA,177,left,0
6528,6529,2,6214.78,5739.68,3263.14,0.2421875,6528,559,CEAm,CEA,177,left,0
6529,6530,2,6214.58,5742.68,3262.68,0.2421875,6529,559,CEAm,CEA,177,left,0
6530,6531,2,6214.42,5745.04,3262.2,0.73046875,6530,559,CEAm,CEA,177,left,0
6531,6532,2,6214.84,5746.3,3262.42,0.2421875,6531,559,CEAm,CEA,177,left,0
6532,6533,2,6216.02,5748.38,3262.4,0.4609375,6532,559,CEAm,CEA,177,left,0
6533,6534,2,6216.44,5750.34,3263.16,0.6484375,6533,559,CEAm,CEA,177,left,0
6534,6535,2,6217.64,5752.28,3263.5,0.1640625,6534,559,CEAm,CEA,177,left,0
6535,6536,2,6218.36,5754.14,3263.9,0.0078125,6535,559,CEAm,CEA,177,left,0
6536,6537,2,6219.66,5755.96,3264.12,0.21484375,6536,559,CEAm,CEA,177,left,0
6537,6538,2,6219.84,5758.34,3263.9,0.26953125,6537,559,CEAm,CEA,177,left,0
6538,6539,2,6219.72,5760.78,3263.52,0.296875,6538,559,CEAm,CEA,177,left,0
6539,6540,2,6219.66,5762.76,3263.44,0.48828125,6539,559,CEAm,CEA,177,left,0
6540,6541,2,6219.62,5764.08,3263.42,0.0078125,6540,559,CEAm,CEA,177,left,0
6541,6542,2,6219.4,5767.9,3262.38,0.8671875,6541,559,CEAm,CEA,177,left,0
6542,6543,2,6219.32,5770.1,3262.22,0.2421875,6542,559,CEAm,CEA,177,left,0
6543,6544,2,6219.12,5774.24,3261.36,0.32421875,6543,559,CEAm,CEA,177,left,0
6544,6545,2,6219.08,5776.4,3261.52,0.1640625,6544,559,CEAm,CEA,177,left,0
6545,6546,2,6219.08,5778.66,3261.96,0.296875,6545,559,CEAm,CEA,177,left,0
6546,6547,2,6219.8,5779.82,3260.78,1.08203125,6546,559,CEAm,CEA,177,left,0
6547,6548,2,6219.88,5782.54,3259.68,0.43359375,6547,559,CEAm,CEA,177,left,0
6548,6549,2,6220.54,5784.16,3259.42,0.67578125,6548,559,CEAm,CEA,177,left,0
6549,6550,2,6220.58,5786.7,3258.86,0.67578125,6549,559,CEAm,CEA,177,left,0
6550,6551,2,6221.18,5788.64,3258.54,0.32421875,6550,559,CEAm,CEA,177,left,0
6551,6552,2,6222.46,5789.42,3258.72,0.515625,6551,559,CEAm,CEA,177,left,0
6552,6553,2,6223.3,5792.06,3258.56,0.2421875,6552,559,CEAm,CEA,177,left,0
6553,6554,2,6222.64,5793.84,3258.44,0.703125,6553,559,CEAm,CEA,177,left,0
6554,6555,2,6222.52,5796.14,3259.46,0.5703125,6554,559,CEAm,CEA,177,left,0
6555,6556,2,6222.54,5799.1,3259.72,0.00390625,6555,559,CEAm,CEA,177,left,0
6556,6557,2,6222.4,5803.46,3259.06,0.515625,6556,559,CEAm,CEA,177,left,0
6557,6558,2,6221.72,5805.26,3258.44,0.54296875,6557,559,CEAm,CEA,177,left,0
6558,6559,2,6221.36,5807.48,3258.14,0.32421875,6558,559,CEAm,CEA,177,left,0
6559,6560,2,6222.1,5808.58,3258.38,0.40625,6559,559,CEAm,CEA,177,left,0
6560,6561,2,6223.62,5808.86,3258.82,0.26953125,6560,559,CEAm,CEA,177,left,0
6561,6562,2,6222.56,5809.22,3258.58,0.02734375,6561,559,CEAm,CEA,177,left,0
6562,6563,2,6222.38,5811.86,3258.28,0.6484375,6562,559,CEAm,CEA,177,left,0
6563,6564,2,6222.4,5814.18,3258.16,0.21484375,6563,559,CEAm,CEA,177,left,0
6564,6565,2,6223.64,5815.64,3258.16,0.0078125,6564,559,CEAm,CEA,177,left,0
6565,6566,2,6224.46,5817.54,3258.26,0.6484375,6565,559,CEAm,CEA,177,left,0
6566,6567,2,6224.36,5818.52,3257.3,0.78515625,6566,559,CEAm,CEA,177,left,0
6567,6568,2,6222.64,5819.48,3257.22,0.0078125,6567,559,CEAm,CEA,177,left,0
6568,6569,2,6222.4,5821.2,3256.98,0.32421875,6568,559,CEAm,CEA,177,left,0
6569,6570,2,6221.58,5822.24,3258.14,0.00390625,6569,559,CEAm,CEA,177,left,0
6570,6571,2,6221.42,5824.5,3256.72,0.4609375,6570,559,CEAm,CEA,177,left,0
6571,6572,2,6221.56,5826.32,3255.54,1.109375,6571,559,CEAm,CEA,177,left,0
6572,6573,2,6222.3,5827.94,3255.68,0.67578125,6572,559,CEAm,CEA,177,left,0
6573,6574,2,6222.58,5829.9,3256.14,0.62109375,6573,559,CEAm,CEA,177,left,0
6574,6575,2,6223.52,5830.34,3256.72,0.32421875,6574,559,CEAm,CEA,177,left,0
6575,6576,2,6224.44,5831.08,3256.52,0.01953125,6575,559,CEAm,CEA,177,left,0
6576,6577,2,6224.52,5833.6,3255.9,0.62109375,6576,559,CEAm,CEA,177,left,0
6577,6578,2,6224.6,5835.64,3256.06,0.37890625,6577,559,CEAm,CEA,177,left,0
6578,6579,2,6225.04,5838.84,3256.48,0.59765625,6578,559,CEAm,CEA,177,left,0
6579,6580,2,6225.8,5840.84,3256.76,0.37890625,6579,559,CEAm,CEA,177,left,0
6580,6581,2,6225.98,5843.12,3257.24,0.703125,6580,559,CEAm,CEA,177,left,0
6581,6582,2,6226.56,5845.78,3257.46,0.3515625,6581,559,CEAm,CEA,177,left,0
6582,6583,2,6227.14,5848.48,3256.92,0.73046875,6582,559,CEAm,CEA,177,left,0
6583,6584,2,6227.22,5850.54,3257.0,0.54296875,6583,559,CEAm,CEA,177,left,0
6584,6585,2,6227.38,5852.16,3257.92,0.32421875,6584,559,CEAm,CEA,177,left,0
6585,6586,2,6227.58,5854.74,3258.78,0.2421875,6585,559,CEAm,CEA,177,left,0
6586,6587,2,6227.68,5857.86,3258.38,0.54296875,6586,559,CEAm,CEA,177,left,0
6587,6588,2,6227.82,5860.42,3258.72,0.32421875,6587,559,CEAm,CEA,177,left,0
6588,6589,2,6228.0,5863.14,3259.18,0.00390625,6588,559,CEAm,CEA,177,left,0
6589,6590,2,6228.18,5865.1,3260.12,0.19140625,6589,559,CEAm,CEA,177,left,0
6590,6591,2,6228.34,5869.52,3259.64,0.515625,6590,559,CEAm,CEA,177,left,0
6591,6592,2,6228.32,5871.46,3259.66,0.37890625,6591,559,CEAm,CEA,177,left,0
6592,6593,2,6227.9,5873.08,3260.82,0.59765625,6592,559,CEAm,CEA,177,left,0
6593,6594,2,6227.74,5873.76,3261.4,0.0234375,6593,559,CEAm,CEA,177,left,0
6594,6595,2,6227.8,5877.02,3261.22,0.67578125,6594,559,CEAm,CEA,177,left,0
6595,6596,2,6227.32,5879.14,3260.88,0.3515625,6595,559,CEAm,CEA,177,left,0
6596,6597,2,6227.24,5882.02,3261.72,0.54296875,6596,559,CEAm,CEA,177,left,0
6597,6598,2,6227.42,5883.88,3262.44,0.21484375,6597,559,CEAm,CEA,177,left,0
6598,6599,2,6227.58,5887.06,3262.4,0.2421875,6598,559,CEAm,CEA,177,left,0
6599,6600,2,6227.68,5888.86,3262.26,0.40625,6599,559,CEAm,CEA,177,left,0
6600,6601,2,6227.82,5892.92,3261.38,0.4609375,6600,559,CEAm,CEA,177,left,0
6601,6602,2,6228.1,5896.66,3261.9,0.32421875,6601,559,CEAm,CEA,177,left,0
6602,6603,2,6228.28,5898.64,3262.38,0.40625,6602,559,CEAm,CEA,177,left,0
6603,6604,2,6228.54,5900.9,3263.48,0.015625,6603,559,CEAm,CEA,177,left,0
6604,6605,2,6229.0,5903.68,3264.54,0.48828125,6604,559,CEAm,CEA,177,left,0
6605,6606,2,6230.2,5904.92,3264.92,0.4609375,6605,559,CEAm,CEA,177,left,0
6606,6607,2,6231.14,5905.74,3266.78,0.26953125,6606,559,CEAm,CEA,177,left,0
6607,6608,2,6231.28,5906.98,3267.28,0.4609375,6607,559,CEAm,CEA,177,left,0
6608,6609,2,6231.36,5908.54,3267.14,0.05078125,6608,559,CEAm,CEA,177,left,0
6609,6610,2,6231.52,5911.86,3266.76,0.40625,6609,559,CEAm,CEA,177,left,0
6610,6611,2,6231.76,5914.08,3267.68,0.4609375,6610,559,CEAm,CEA,177,left,0
6611,6612,2,6231.98,5916.96,3268.0,0.54296875,6611,559,CEAm,CEA,177,left,0
6612,6613,2,6232.18,5918.92,3268.76,0.01953125,6612,559,CEAm,CEA,177,left,0
6613,6614,2,6232.56,5922.56,3270.32,0.48828125,6613,559,CEAm,CEA,177,left,0
6614,6615,2,6232.8,5924.86,3271.32,0.32421875,6614,559,CEAm,CEA,177,left,0
6615,6616,2,6232.4,5926.98,3272.98,0.32421875,6615,559,CEAm,CEA,177,left,0
6616,6617,2,6232.94,5928.48,3274.28,0.19140625,6616,559,CEAm,CEA,177,left,0
6617,6618,2,6233.48,5931.26,3274.12,0.59765625,6617,559,CEAm,CEA,177,left,0
6618,6619,2,6233.72,5934.2,3274.64,0.54296875,6618,559,CEAm,CEA,177,left,0
6619,6620,2,6233.96,5936.76,3275.32,0.62109375,6619,559,CEAm,CEA,177,left,0
6620,6621,2,6234.32,5939.78,3276.96,0.00390625,6620,559,CEAm,CEA,177,left,0
6621,6622,2,6233.6,5942.82,3276.4,0.296875,6621,559,CEAm,CEA,177,left,0
6622,6623,2,6233.38,5944.96,3276.6,0.515625,6622,559,CEAm,CEA,177,left,0
6623,6624,2,6232.88,5945.16,3277.8,1.83984375,6623,559,CEAm,CEA,177,left,0
6624,6625,2,6233.08,5949.84,3277.92,0.296875,6624,559,CEAm,CEA,177,left,0
6625,6626,2,6233.26,5952.22,3278.14,0.921875,6625,559,CEAm,CEA,177,left,0
6626,6627,2,6233.84,5955.06,3278.02,0.21484375,6626,559,CEAm,CEA,177,left,0
6627,6628,2,6234.4,5956.6,3277.06,0.48828125,6627,559,CEAm,CEA,177,left,0
6628,6629,2,6233.68,5958.7,3276.04,0.67578125,6628,559,CEAm,CEA,177,left,0
6629,6630,2,6234.08,5961.48,3275.94,0.296875,6629,559,CEAm,CEA,177,left,0
6630,6631,2,6234.86,5963.62,3276.34,0.48828125,6630,559,CEAm,CEA,177,left,0
6631,6632,2,6235.34,5966.66,3276.94,0.3515625,6631,559,CEAm,CEA,177,left,0
6632,6633,2,6236.32,5967.42,3277.28,0.4609375,6632,559,CEAm,CEA,177,left,0
6633,6634,2,6234.5,5968.5,3277.32,0.0078125,6633,559,CEAm,CEA,177,left,0
6634,6635,2,6233.72,5970.96,3277.96,0.4609375,6634,559,CEAm,CEA,177,left,0
6635,6636,2,6836.52,5526.52,2736.72,0.40625,6299,544,CEAc,CEA,178,left,0
6636,6637,2,6834.42,5526.02,2736.02,0.296875,6636,544,CEAc,CEA,178,left,1
6637,6638,2,6839.04,5525.6,2739.88,0.0078125,6299,544,CEAc,CEA,179,left,0
6638,6639,2,6839.14,5523.66,2742.38,0.48828125,6638,544,CEAc,CEA,179,left,0
6639,6640,2,6838.82,5523.26,2744.24,0.3515625,6639,544,CEAc,CEA,179,left,0
6640,6641,2,6837.76,5522.98,2745.94,0.19140625,6640,551,CEAl,CEA,179,left,0
6641,6642,2,6836.94,5521.8,2748.82,0.3515625,6641,551,CEAl,CEA,179,left,0
6642,6643,2,6835.5,5521.14,2750.38,0.296875,6642,551,CEAl,CEA,179,left,0
6643,6644,2,6834.46,5519.62,2751.9,0.296875,6643,551,CEAl,CEA,179,left,0
6644,6645,2,6833.2,5518.46,2752.94,0.32421875,6644,551,CEAl,CEA,179,left,0
6645,6646,2,6832.5,5515.86,2755.06,0.26953125,6645,551,CEAl,CEA,179,left,0
6646,6647,2,6831.2,5514.9,2756.56,0.48828125,6646,551,CEAl,CEA,179,left,0
6647,6648,2,6830.82,5513.14,2758.16,0.32421875,6647,551,CEAl,CEA,179,left,0
6648,6649,2,6829.8,5512.26,2759.08,0.26953125,6648,551,CEAl,CEA,179,left,0
6649,6650,2,6828.06,5512.18,2758.96,0.32421875,6649,551,CEAl,CEA,179,left,0
6650,6651,2,6825.4,5511.84,2758.78,0.00390625,6650,551,CEAl,CEA,179,left,0
6651,6652,2,6823.74,5511.54,2759.54,0.296875,6651,551,CEAl,CEA,179,left,0
6652,6653,2,6822.4,5511.32,2760.4,0.19140625,6652,551,CEAl,CEA,179,left,0
6653,6654,2,6821.82,5510.22,2761.7,0.4609375,6653,551,CEAl,CEA,179,left,0
6654,6655,2,6821.66,5507.44,2762.66,0.40625,6654,551,CEAl,CEA,179,left,0
6655,6656,2,6820.94,5505.64,2763.0,0.19140625,6655,551,CEAl,CEA,179,left,0
6656,6657,2,6819.06,5504.5,2763.32,0.43359375,6656,551,CEAl,CEA,179,left,0
6657,6658,2,6817.96,5502.12,2763.8,0.40625,6657,551,CEAl,CEA,179,left,0
6658,6659,2,6816.96,5499.82,2764.98,0.3515625,6658,551,CEAl,CEA,179,left,0
6659,6660,2,6815.74,5498.32,2765.82,0.32421875,6659,551,CEAl,CEA,179,left,0
6660,6661,2,6814.42,5497.34,2766.72,0.26953125,6660,551,CEAl,CEA,179,left,0
6661,6662,2,6813.86,5496.4,2768.18,0.2421875,6661,551,CEAl,CEA,179,left,0
6662,6663,2,6812.4,5495.12,2769.28,0.59765625,6662,551,CEAl,CEA,179,left,0
6663,6664,2,6811.28,5493.06,2769.98,0.4609375,6663,551,CEAl,CEA,179,left,0
6664,6665,2,6810.34,5490.62,2770.92,0.4609375,6664,551,CEAl,CEA,179,left,0
6665,6666,2,6808.72,5488.22,2771.24,0.515625,6665,551,CEAl,CEA,179,left,0
6666,6667,2,6807.06,5486.34,2771.24,0.515625,6666,551,CEAl,CEA,179,left,0
6667,6668,2,6806.64,5484.08,2771.96,0.40625,6667,551,CEAl,CEA,179,left,0
6668,6669,2,6805.4,5483.06,2772.8,0.3515625,6668,551,CEAl,CEA,179,left,0
6669,6670,2,6803.96,5482.4,2774.1,0.40625,6669,551,CEAl,CEA,179,left,0
6670,6671,2,6802.62,5482.48,2774.66,0.48828125,6670,551,CEAl,CEA,179,left,0
6671,6672,2,6800.84,5481.54,2776.36,0.00390625,6671,551,CEAl,CEA,179,left,0
6672,6673,2,6799.22,5479.74,2777.08,0.48828125,6672,551,CEAl,CEA,179,left,0
6673,6674,2,6796.72,5477.48,2778.04,0.21484375,6673,551,CEAl,CEA,179,left,0
6674,6675,2,6794.94,5476.32,2779.14,0.1640625,6674,551,CEAl,CEA,179,left,0
6675,6676,2,6793.5,5474.9,2780.3,0.37890625,6675,551,CEAl,CEA,179,left,0
6676,6677,2,6793.28,5472.66,2782.26,0.37890625,6676,551,CEAl,CEA,179,left,0
6677,6678,2,6792.16,5471.6,2783.58,0.296875,6677,551,CEAl,CEA,179,left,0
6678,6679,2,6790.04,5471.52,2783.94,0.1640625,6678,551,CEAl,CEA,179,left,0
6679,6680,2,6788.22,5471.44,2784.64,0.40625,6679,551,CEAl,CEA,179,left,0
6680,6681,2,6786.98,5471.04,2784.98,0.4609375,6680,551,CEAl,CEA,179,left,0
6681,6682,2,6786.56,5469.98,2786.36,0.26953125,6681,551,CEAl,CEA,179,left,0
6682,6683,2,6785.1,5469.3,2787.7,0.1640625,6682,551,CEAl,CEA,179,left,0
6683,6684,2,6783.6,5469.0,2788.92,0.32421875,6683,551,CEAl,CEA,179,left,0
6684,6685,2,6782.78,5468.96,2789.98,0.32421875,6684,551,CEAl,CEA,179,left,0
6685,6686,2,6782.6,5467.64,2791.8,0.32421875,6685,551,CEAl,CEA,179,left,0
6686,6687,2,6781.84,5465.14,2793.42,0.32421875,6686,551,CEAl,CEA,179,left,0
6687,6688,2,6780.44,5462.92,2794.46,0.3515625,6687,551,CEAl,CEA,179,left,0
6688,6689,2,6779.26,5460.5,2795.74,0.40625,6688,551,CEAl,CEA,179,left,0
6689,6690,2,6778.3,5458.76,2796.28,0.37890625,6689,551,CEAl,CEA,179,left,0
6690,6691,2,6776.22,5458.62,2796.84,0.19140625,6690,551,CEAl,CEA,179,left,0
6691,6692,2,6775.06,5457.92,2797.38,0.00390625,6691,551,CEAl,CEA,179,left,0
6692,6693,2,6772.92,5457.78,2798.84,0.1640625,6692,551,CEAl,CEA,179,left,0
6693,6694,2,6771.68,5457.48,2800.42,0.296875,6693,551,CEAl,CEA,179,left,0
6694,6695,2,6771.12,5457.42,2801.54,0.32421875,6694,551,CEAl,CEA,179,left,0
6695,6696,2,6769.38,5457.46,2802.28,0.1640625,6695,551,CEAl,CEA,179,left,0
6696,6697,2,6768.0,5457.24,2802.98,0.296875,6696,551,CEAl,CEA,179,left,0
6697,6698,2,6767.16,5456.94,2804.78,0.48828125,6697,551,CEAl,CEA,179,left,0
6698,6699,2,6765.9,5456.66,2806.46,0.3515625,6698,551,CEAl,CEA,179,left,0
6699,6700,2,6765.0,5456.38,2807.82,0.43359375,6699,551,CEAl,CEA,179,left,0
6700,6701,2,6763.22,5456.26,2808.44,0.2421875,6700,551,CEAl,CEA,179,left,0
6701,6702,2,6761.74,5456.02,2809.16,0.32421875,6701,551,CEAl,CEA,179,left,0
6702,6703,2,6760.12,5455.72,2810.28,0.2421875,6702,551,CEAl,CEA,179,left,0
6703,6704,2,6758.38,5455.74,2811.9,0.32421875,6703,551,CEAl,CEA,179,left,0
6704,6705,2,6756.36,5456.44,2813.5,0.21484375,6704,551,CEAl,CEA,179,left,0
6705,6706,2,6755.42,5457.7,2814.1,0.37890625,6705,551,CEAl,CEA,179,left,0
6706,6707,2,6753.96,5458.42,2814.78,0.32421875,6706,551,CEAl,CEA,179,left,0
6707,6708,2,6752.98,5457.7,2815.52,0.43359375,6707,551,CEAl,CEA,179,left,0
6708,6709,2,6751.28,5457.98,2816.14,0.01171875,6708,551,CEAl,CEA,179,left,0
6709,6710,2,6749.06,5458.7,2816.92,0.37890625,6709,551,CEAl,CEA,179,left,0
6710,6711,2,6748.04,5459.04,2818.2,0.37890625,6710,551,CEAl,CEA,179,left,0
6711,6712,2,6746.64,5459.94,2819.38,0.43359375,6711,551,CEAl,CEA,179,left,0
6712,6713,2,6745.64,5461.78,2820.02,0.40625,6712,551,CEAl,CEA,179,left,0
6713,6714,2,6743.9,5462.9,2821.34,0.32421875,6713,551,CEAl,CEA,179,left,0
6714,6715,2,6742.9,5462.74,2821.94,0.48828125,6714,551,CEAl,CEA,179,left,0
6715,6716,2,6742.56,5461.28,2823.64,0.32421875,6715,551,CEAl,CEA,179,left,0
6716,6717,2,6741.34,5460.54,2824.52,0.32421875,6716,551,CEAl,CEA,179,left,0
6717,6718,2,6740.68,5458.9,2826.36,0.32421875,6717,551,CEAl,CEA,179,left,0
6718,6719,2,6739.68,5458.42,2827.76,0.26953125,6718,551,CEAl,CEA,179,left,0
6719,6720,2,6738.5,5459.34,2828.58,0.37890625,6719,551,CEAl,CEA,179,left,0
6720,6721,2,6736.62,5460.56,2829.2,0.48828125,6720,551,CEAl,CEA,179,left,0
6721,6722,2,6734.6,5461.32,2830.94,0.43359375,6721,551,CEAl,CEA,179,left,0
6722,6723,2,6733.92,5461.34,2831.56,0.32421875,6722,551,CEAl,CEA,179,left,0
6723,6724,2,6730.88,5461.46,2831.44,0.01171875,6723,551,CEAl,CEA,179,left,0
6724,6725,2,6730.18,5460.36,2832.12,0.43359375,6724,551,CEAl,CEA,179,left,0
6725,6726,2,6729.86,5458.98,2834.5,0.4609375,6725,551,CEAl,CEA,179,left,0
6726,6727,2,6728.42,5458.16,2835.7,0.37890625,6726,551,CEAl,CEA,179,left,0
6727,6728,2,6727.48,5456.64,2837.16,0.37890625,6727,551,CEAl,CEA,179,left,0
6728,6729,2,6726.12,5456.08,2838.54,0.2421875,6728,551,CEAl,CEA,179,left,0
6729,6730,2,6723.72,5455.8,2839.5,0.40625,6729,551,CEAl,CEA,179,left,0
6730,6731,2,6722.06,5455.84,2840.48,0.19140625,6730,551,CEAl,CEA,179,left,0
6731,6732,2,6719.82,5456.52,2841.22,0.19140625,6731,551,CEAl,CEA,179,left,0
6732,6733,2,6718.86,5456.8,2842.56,0.2421875,6732,551,CEAl,CEA,179,left,0
6733,6734,2,6716.82,5457.24,2843.8,0.19140625,6733,551,CEAl,CEA,179,left,0
6734,6735,2,6714.96,5457.06,2845.3,0.21484375,6734,551,CEAl,CEA,179,left,0
6735,6736,2,6713.6,5456.74,2846.62,0.48828125,6735,551,CEAl,CEA,179,left,0
6736,6737,2,6711.5,5456.6,2848.02,0.4609375,6736,551,CEAl,CEA,179,left,0
6737,6738,2,6708.38,5456.94,2848.96,0.296875,6737,551,CEAl,CEA,179,left,0
6738,6739,2,6707.2,5457.28,2849.72,0.43359375,6738,551,CEAl,CEA,179,left,0
6739,6740,2,6705.36,5457.48,2850.9,0.296875,6739,551,CEAl,CEA,179,left,0
6740,6741,2,6704.34,5457.24,2851.84,0.19140625,6740,551,CEAl,CEA,179,left,0
6741,6742,2,6701.84,5456.96,2852.76,0.00390625,6741,551,CEAl,CEA,179,left,0
6742,6743,2,6700.72,5456.42,2853.58,0.32421875,6742,551,CEAl,CEA,179,left,0
6743,6744,2,6698.88,5455.58,2854.16,0.40625,6743,551,CEAl,CEA,179,left,0
6744,6745,2,6697.52,5453.96,2854.82,0.3515625,6744,551,CEAl,CEA,179,left,0
6745,6746,2,6697.16,5451.98,2855.58,0.32421875,6745,551,CEAl,CEA,179,left,0
6746,6747,2,6696.16,5450.98,2856.48,0.37890625,6746,551,CEAl,CEA,179,left,0
6747,6748,2,6694.28,5450.98,2857.46,0.296875,6747,551,CEAl,CEA,179,left,0
6748,6749,2,6692.56,5451.58,2858.34,0.515625,6748,551,CEAl,CEA,179,left,0
6749,6750,2,6690.78,5451.98,2859.22,0.19140625,6749,551,CEAl,CEA,179,left,0
6750,6751,2,6688.24,5452.08,2860.2,0.2421875,6750,551,CEAl,CEA,179,left,0
6751,6752,2,6686.84,5451.6,2861.38,0.296875,6751,551,CEAl,CEA,179,left,0
6752,6753,2,6685.74,5451.36,2863.34,0.1640625,6752,551,CEAl,CEA,179,left,0
6753,6754,2,6684.24,5450.72,2864.06,0.48828125,6753,551,CEAl,CEA,179,left,0
6754,6755,2,6683.5,5448.46,2865.36,0.32421875,6754,551,CEAl,CEA,179,left,0
6755,6756,2,6682.38,5446.36,2866.16,0.296875,6755,551,CEAl,CEA,179,left,0
6756,6757,2,6680.3,5445.0,2867.4,0.296875,6756,551,CEAl,CEA,179,left,0
6757,6758,2,6679.46,5443.62,2868.2,0.296875,6757,551,CEAl,CEA,179,left,0
6758,6759,2,6678.2,5443.9,2868.38,0.015625,6758,551,CEAl,CEA,179,left,0
6759,6760,2,6677.08,5442.06,2868.4,0.19140625,6759,551,CEAl,CEA,179,left,0
6760,6761,2,6676.22,5439.58,2868.86,0.43359375,6760,551,CEAl,CEA,179,left,0
6761,6762,2,6675.38,5437.22,2869.62,0.62109375,6761,551,CEAl,CEA,179,left,0
6762,6763,2,6674.64,5434.06,2870.26,0.40625,6762,551,CEAl,CEA,179,left,0
6763,6764,2,6674.62,5432.14,2870.96,0.43359375,6763,551,CEAl,CEA,179,left,0
6764,6765,2,6674.24,5430.74,2872.34,0.296875,6764,551,CEAl,CEA,179,left,0
6765,6766,2,6673.28,5429.96,2873.66,0.2421875,6765,551,CEAl,CEA,179,left,0
6766,6767,2,6672.76,5427.92,2875.62,0.32421875,6766,551,CEAl,CEA,179,left,0
6767,6768,2,6672.8,5425.94,2876.82,0.48828125,6767,551,CEAl,CEA,179,left,0
6768,6769,2,6672.62,5423.84,2878.1,0.32421875,6768,551,CEAl,CEA,179,left,0
6769,6770,2,6671.26,5423.26,2879.04,0.1640625,6769,551,CEAl,CEA,179,left,0
6770,6771,2,6669.58,5422.38,2880.36,0.19140625,6770,551,CEAl,CEA,179,left,0
6771,6772,2,6668.56,5421.64,2882.28,0.32421875,6771,551,CEAl,CEA,179,left,0
6772,6773,2,6667.04,5421.04,2884.1,0.37890625,6772,551,CEAl,CEA,179,left,0
6773,6774,2,6666.48,5420.54,2885.52,0.2421875,6773,551,CEAl,CEA,179,left,0
6774,6775,2,6665.08,5420.8,2886.3,0.40625,6774,551,CEAl,CEA,179,left,0
6775,6776,2,6662.98,5421.32,2886.7,0.32421875,6775,551,CEAl,CEA,179,left,0
6776,6777,2,6661.66,5422.06,2887.28,0.37890625,6776,551,CEAl,CEA,179,left,0
6777,6778,2,6659.12,5423.58,2887.3,0.19140625,6777,551,CEAl,CEA,179,left,0
6778,6779,2,6161.22,5784.26,3311.5,0.515625,6511,559,CEAm,CEA,180,left,0
6779,6780,2,6159.6,5784.64,3312.1,0.00390625,6779,559,CEAm,CEA,180,left,0
6780,6781,2,6159.32,5786.06,3312.54,0.43359375,6780,559,CEAm,CEA,180,left,0
6781,6782,2,6159.54,5787.24,3315.26,0.32421875,6781,559,CEAm,CEA,180,left,0
6782,6783,2,6159.44,5787.96,3316.76,0.26953125,6782,559,CEAm,CEA,180,left,0
6783,6784,2,6158.24,5788.88,3316.76,0.4609375,6783,559,CEAm,CEA,180,left,0
6784,6785,2,6157.06,5790.88,3316.7,0.26953125,6784,559,CEAm,CEA,180,left,0
6785,6786,2,6155.72,5792.04,3317.44,0.59765625,6785,559,CEAm,CEA,180,left,0
6786,6787,2,6154.34,5792.4,3318.36,0.32421875,6786,559,CEAm,CEA,180,left,0
6787,6788,2,6153.8,5792.78,3319.98,0.3515625,6787,559,CEAm,CEA,180,left,0
6788,6789,2,6152.66,5792.82,3320.82,0.1640625,6788,559,CEAm,CEA,180,left,0
6789,6790,2,6151.3,5793.6,3322.42,0.43359375,6789,559,CEAm,CEA,180,left,0
6790,6791,2,6150.14,5795.08,3322.54,0.1640625,6790,559,CEAm,CEA,180,left,0
6791,6792,2,6148.58,5796.92,3323.26,0.32421875,6791,559,CEAm,CEA,180,left,0
6792,6793,2,6147.9,5797.5,3324.28,0.4609375,6792,559,CEAm,CEA,180,left,0
6793,6794,2,6146.68,5797.96,3324.42,0.2421875,6793,559,CEAm,CEA,180,left,0
6794,6795,2,6146.3,5799.7,3325.64,0.0078125,6794,559,CEAm,CEA,180,left,0
6795,6796,2,6145.06,5800.82,3327.04,0.1640625,6795,559,CEAm,CEA,180,left,0
6796,6797,2,6144.4,5801.84,3328.5,0.32421875,6796,559,CEAm,CEA,180,left,0
6797,6798,2,6143.4,5802.58,3329.22,0.21484375,6797,559,CEAm,CEA,180,left,0
6798,6799,2,6142.8,5804.76,3329.34,0.515625,6798,559,CEAm,CEA,180,left,0
6799,6800,2,6142.8,5806.46,3329.6,0.6484375,6799,559,CEAm,CEA,180,left,0
6800,6801,2,6141.24,5806.6,3329.92,0.0234375,6800,559,CEAm,CEA,180,left,0
6801,6802,2,6140.5,5807.76,3330.94,0.1640625,6801,559,CEAm,CEA,180,left,0
6802,6803,2,6139.14,5808.5,3331.46,0.3515625,6802,559,CEAm,CEA,180,left,0
6803,6804,2,6138.08,5809.34,3332.02,0.32421875,6803,559,CEAm,CEA,180,left,0
6804,6805,2,6137.06,5811.04,3332.4,0.43359375,6804,559,CEAm,CEA,180,left,0
6805,6806,2,6136.86,5812.88,3333.62,0.48828125,6805,559,CEAm,CEA,180,left,0
6806,6807,2,6135.62,5813.9,3333.88,0.32421875,6806,559,CEAm,CEA,180,left,0
6807,6808,2,6134.9,5815.08,3334.9,0.32421875,6807,559,CEAm,CEA,180,left,0
6808,6809,2,6133.46,5815.52,3334.92,0.26953125,6808,559,CEAm,CEA,180,left,0
6809,6810,2,6132.58,5816.64,3335.5,0.37890625,6809,559,CEAm,CEA,180,left,0
6810,6811,2,6131.08,5818.12,3336.56,0.296875,6810,559,CEAm,CEA,180,left,0
6811,6812,2,6130.34,5818.86,3337.88,0.43359375,6811,559,CEAm,CEA,180,left,0
6812,6813,2,6129.24,5820.4,3338.42,0.1640625,6812,559,CEAm,CEA,180,left,0
6813,6814,2,6128.06,5821.28,3339.1,0.1640625,6813,559,CEAm,CEA,180,left,0
6814,6815,2,6126.88,5822.34,3340.1,0.19140625,6814,559,CEAm,CEA,180,left,0
6815,6816,2,6125.46,5822.72,3340.74,0.4609375,6815,559,CEAm,CEA,180,left,0
6816,6817,2,6124.04,5823.96,3341.58,0.00390625,6816,559,CEAm,CEA,180,left,0
6817,6818,2,6123.56,5825.4,3342.4,0.48828125,6817,559,CEAm,CEA,180,left,0
6818,6819,2,6122.02,5826.0,3342.26,0.48828125,6818,559,CEAm,CEA,180,left,0
6819,6820,2,6121.0,5826.96,3342.6,0.2421875,6819,559,CEAm,CEA,180,left,0
6820,6821,2,6119.02,5827.66,3343.44,0.296875,6820,559,CEAm,CEA,180,left,0
6821,6822,2,6117.68,5828.54,3343.8,0.2421875,6821,559,CEAm,CEA,180,left,0
6822,6823,2,6116.4,5830.08,3343.88,0.296875,6822,559,CEAm,CEA,180,left,0
6823,6824,2,6115.04,5832.5,3344.46,0.48828125,6823,559,CEAm,CEA,180,left,0
6824,6825,2,6113.86,5833.32,3345.26,0.19140625,6824,559,CEAm,CEA,180,left,0
6825,6826,2,6112.52,5833.6,3346.32,0.37890625,6825,559,CEAm,CEA,180,left,0
6826,6827,2,6112.18,5834.78,3347.38,0.43359375,6826,559,CEAm,CEA,180,left,0
6827,6828,2,6111.42,5835.88,3348.36,0.296875,6827,559,CEAm,CEA,180,left,0
6828,6829,2,6110.44,5836.12,3348.48,0.32421875,6828,559,CEAm,CEA,180,left,0
6829,6830,2,6109.32,5836.94,3349.22,0.00390625,6829,559,CEAm,CEA,180,left,0
6830,6831,2,6107.58,5838.38,3349.34,0.26953125,6830,559,CEAm,CEA,180,left,0
6831,6832,2,6106.18,5839.7,3349.36,0.3515625,6831,559,CEAm,CEA,180,left,0
6832,6833,2,6104.8,5841.32,3350.18,0.37890625,6832,559,CEAm,CEA,180,left,0
6833,6834,2,6104.34,5841.82,3351.12,0.32421875,6833,559,CEAm,CEA,180,left,0
6834,6835,2,6103.02,5841.9,3351.1,0.21484375,6834,559,CEAm,CEA,180,left,0
6835,6836,2,6102.7,5843.18,3351.2,0.48828125,6835,559,CEAm,CEA,180,left,0
6836,6837,2,6101.54,5845.68,3352.44,0.32421875,6836,559,CEAm,CEA,180,left,0
6837,6838,2,6100.74,5847.04,3353.26,0.37890625,6837,559,CEAm,CEA,180,left,0
6838,6839,2,6099.18,5847.88,3354.08,0.43359375,6838,559,CEAm,CEA,180,left,0
6839,6840,2,6098.5,5848.82,3355.52,0.2421875,6839,559,CEAm,CEA,180,left,0
6840,6841,2,6097.28,5849.68,3356.06,0.43359375,6840,559,CEAm,CEA,180,left,0
6841,6842,2,6097.26,5851.34,3357.08,0.1640625,6841,559,CEAm,CEA,180,left,0
6842,6843,2,6097.16,5852.92,3358.88,0.26953125,6842,559,CEAm,CEA,180,left,0
6843,6844,2,6096.58,5852.92,3359.44,0.37890625,6843,559,CEAm,CEA,180,left,0
6844,6845,2,6095.52,5853.72,3359.08,0.02734375,6844,559,CEAm,CEA,180,left,0
6845,6846,2,6094.86,5856.32,3358.78,0.40625,6845,559,CEAm,CEA,180,left,0
6846,6847,2,6093.62,5857.68,3358.62,0.43359375,6846,559,CEAm,CEA,180,left,0
6847,6848,2,6093.52,5859.16,3359.02,0.32421875,6847,559,CEAm,CEA,180,left,0
6848,6849,2,6092.7,5860.34,3360.28,0.37890625,6848,559,CEAm,CEA,180,left,0
6849,6850,2,6091.82,5861.22,3360.76,0.48828125,6849,559,CEAm,CEA,180,left,0
6850,6851,2,6090.06,5863.26,3360.94,0.19140625,6850,559,CEAm,CEA,180,left,0
6851,6852,2,6089.4,5864.66,3361.5,0.2421875,6851,559,CEAm,CEA,180,left,0
6852,6853,2,6087.82,5865.34,3361.42,0.515625,6852,559,CEAm,CEA,180,left,0
6853,6854,2,6086.4,5866.58,3361.54,0.6484375,6853,559,CEAm,CEA,180,left,0
6854,6855,2,6085.96,5868.76,3362.12,0.43359375,6854,559,CEAm,CEA,180,left,0
6855,6856,2,6085.76,5870.02,3363.56,0.32421875,6855,559,CEAm,CEA,180,left,0
6856,6857,2,6084.56,5871.12,3364.14,0.5703125,6856,559,CEAm,CEA,180,left,0
6857,6858,2,6084.28,5872.34,3365.18,0.48828125,6857,559,CEAm,CEA,180,left,0
6858,6859,2,6083.1,5873.44,3367.02,0.32421875,6858,559,CEAm,CEA,180,left,0
6859,6860,2,6081.68,5874.4,3368.1,0.26953125,6859,559,CEAm,CEA,180,left,0
6860,6861,2,6080.56,5875.08,3368.86,0.26953125,6860,559,CEAm,CEA,180,left,0
6861,6862,2,6079.08,5875.76,3369.7,0.21484375,6861,559,CEAm,CEA,180,left,0
6862,6863,2,6077.24,5876.9,3370.1,0.4609375,6862,559,CEAm,CEA,180,left,0
6863,6864,2,6076.64,5877.96,3371.0,0.32421875,6863,559,CEAm,CEA,180,left,0
6864,6865,2,6075.36,5878.28,3371.68,0.515625,6864,559,CEAm,CEA,180,left,0
6865,6866,2,6074.98,5879.34,3372.74,0.48828125,6865,559,CEAm,CEA,180,left,0
6866,6867,2,6074.84,5879.96,3374.68,0.32421875,6866,559,CEAm,CEA,180,left,0
6867,6868,2,6073.72,5879.82,3375.16,0.32421875,6867,559,CEAm,CEA,180,left,0
6868,6869,2,6071.42,5879.18,3375.48,0.00390625,6868,559,CEAm,CEA,180,left,0
6869,6870,2,6071.46,5880.28,3379.32,0.21484375,6869,559,CEAm,CEA,180,left,0
6870,6871,2,6071.38,5880.4,3380.92,0.48828125,6870,559,CEAm,CEA,180,left,0
6871,6872,2,6070.18,5880.28,3381.76,0.26953125,6871,559,CEAm,CEA,180,left,0
6872,6873,2,6068.78,5880.62,3383.14,0.43359375,6872,559,CEAm,CEA,180,left,0
6873,6874,2,6067.88,5881.06,3384.42,0.2421875,6873,559,CEAm,CEA,180,left,0
6874,6875,2,6067.56,5881.24,3386.16,0.296875,6874,559,CEAm,CEA,180,left,0
6875,6876,2,6066.32,5881.54,3386.94,0.21484375,6875,559,CEAm,CEA,180,left,0
6876,6877,2,6066.12,5882.14,3388.38,0.0078125,6876,559,CEAm,CEA,180,left,0
6877,6878,2,6064.96,5882.8,3390.0,0.32421875,6877,559,CEAm,CEA,180,left,0
6878,6879,2,6063.78,5883.64,3391.16,0.37890625,6878,559,CEAm,CEA,180,left,0
6879,6880,2,6063.46,5884.12,3392.98,0.296875,6879,559,CEAm,CEA,180,left,0
6880,6881,2,6062.8,5884.16,3394.08,0.26953125,6880,559,CEAm,CEA,180,left,0
6881,6882,2,6061.28,5883.84,3395.4,0.2421875,6881,559,CEAm,CEA,180,left,0
6882,6883,2,6060.34,5883.98,3397.0,0.19140625,6882,559,CEAm,CEA,180,left,0
6883,6884,2,6059.0,5883.96,3398.06,0.3515625,6883,559,CEAm,CEA,180,left,0
6884,6885,2,6057.38,5884.86,3399.44,0.40625,6884,559,CEAm,CEA,180,left,0
6885,6886,2,6057.02,5885.78,3401.46,0.32421875,6885,559,CEAm,CEA,180,left,0
6886,6887,2,6055.22,5886.14,3402.96,0.2421875,6886,559,CEAm,CEA,180,left,0
6887,6888,2,6054.06,5886.72,3404.12,0.3515625,6887,559,CEAm,CEA,180,left,0
6888,6889,2,6052.34,5886.94,3404.54,0.32421875,6888,559,CEAm,CEA,180,left,0
6889,6890,2,6051.28,5887.08,3405.72,0.40625,6889,559,CEAm,CEA,180,left,0
6890,6891,2,6051.36,5887.86,3406.82,0.62109375,6890,559,CEAm,CEA,180,left,0
6891,6892,2,6051.14,5888.86,3409.06,0.00390625,6891,559,CEAm,CEA,180,left,0
6892,6893,2,6048.6,5889.0,3408.96,0.48828125,6892,559,CEAm,CEA,180,left,0
6893,6894,2,6046.8,5889.42,3409.1,0.2421875,6893,559,CEAm,CEA,180,left,0
6894,6895,2,6045.44,5890.18,3409.38,0.4609375,6894,559,CEAm,CEA,180,left,0
6895,6896,2,6044.26,5890.82,3410.12,0.3515625,6895,559,CEAm,CEA,180,left,0
6896,6897,2,6042.86,5890.96,3410.02,0.703125,6896,559,CEAm,CEA,180,left,0
6897,6898,2,6042.6,5894.02,3409.62,0.01171875,6897,559,CEAm,CEA,180,left,0
6898,6899,2,6041.92,5895.84,3409.12,0.6484375,6898,559,CEAm,CEA,180,left,0
6899,6900,2,6040.38,5895.76,3408.76,0.54296875,6899,559,CEAm,CEA,180,left,0
6900,6901,2,6037.94,5895.08,3408.28,1.00390625,6900,559,CEAm,CEA,180,left,0
6901,6902,2,6036.4,5894.4,3408.06,0.4609375,6901,559,CEAm,CEA,180,left,0
6902,6903,2,6035.52,5894.76,3408.86,0.5703125,6902,559,CEAm,CEA,180,left,0
6903,6904,2,6035.64,5896.68,3409.94,0.26953125,6903,559,CEAm,CEA,180,left,0
6904,6905,2,6035.12,5898.16,3411.2,0.3515625,6904,559,CEAm,CEA,180,left,0
6905,6906,2,6034.02,5898.58,3411.84,0.54296875,6905,559,CEAm,CEA,180,left,0
6906,6907,2,6033.1,5899.56,3412.9,0.32421875,6906,559,CEAm,CEA,180,left,0
6907,6908,2,6031.54,5899.84,3413.7,0.1640625,6907,559,CEAm,CEA,180,left,0
6908,6909,2,6030.68,5900.88,3414.42,0.32421875,6908,559,CEAm,CEA,180,left,0
6909,6910,2,6028.94,5901.76,3414.5,0.40625,6909,559,CEAm,CEA,180,left,0
6910,6911,2,6028.04,5902.96,3414.78,0.54296875,6910,559,CEAm,CEA,180,left,0
6911,6912,2,6028.14,5904.48,3415.8,0.40625,6911,559,CEAm,CEA,180,left,0
6912,6913,2,6027.54,5906.76,3416.22,0.32421875,6912,559,CEAm,CEA,180,left,0
6913,6914,2,6026.6,5908.24,3416.46,0.48828125,6913,559,CEAm,CEA,180,left,0
6914,6915,2,6025.16,5909.78,3417.86,0.19140625,6914,559,CEAm,CEA,180,left,0
6915,6916,2,6024.26,5911.1,3418.78,0.32421875,6915,559,CEAm,CEA,180,left,0
6916,6917,2,6022.76,5911.82,3419.42,0.32421875,6916,559,CEAm,CEA,180,left,0
6917,6918,2,6020.5,5913.54,3420.22,0.32421875,6917,559,CEAm,CEA,180,left,0
6918,6919,2,6019.06,5914.26,3420.88,0.26953125,6918,559,CEAm,CEA,180,left,0
6919,6920,2,6018.08,5915.02,3421.68,0.40625,6919,559,CEAm,CEA,180,left,0
6920,6921,2,6016.7,5916.4,3422.3,0.2421875,6920,559,CEAm,CEA,180,left,0
6921,6922,2,6015.08,5917.68,3422.68,0.32421875,6921,559,CEAm,CEA,180,left,0
6922,6923,2,6014.56,5918.38,3423.84,0.32421875,6922,559,CEAm,CEA,180,left,0
6923,6924,2,6013.5,5918.34,3424.24,0.2421875,6923,559,CEAm,CEA,180,left,0
6924,6925,2,6012.46,5919.36,3425.86,0.2421875,6924,559,CEAm,CEA,180,left,0
6925,6926,2,6010.94,5920.22,3427.22,0.59765625,6925,559,CEAm,CEA,180,left,0
6926,6927,2,6009.42,5920.12,3427.4,0.6484375,6926,559,CEAm,CEA,180,left,0
6927,6928,2,6159.84,5782.72,3310.76,0.01953125,6511,559,CEAm,CEA,181,left,0
6928,6929,2,6157.28,5782.36,3311.1,0.7578125,6928,559,CEAm,CEA,181,left,0
6929,6930,2,6155.76,5782.38,3311.64,0.8671875,6929,559,CEAm,CEA,181,left,0
6930,6931,2,6155.48,5782.92,3312.72,0.54296875,6930,559,CEAm,CEA,181,left,0
6931,6932,2,6155.2,5784.48,3312.86,0.32421875,6931,559,CEAm,CEA,181,left,0
6932,6933,2,6153.76,5785.7,3312.3,0.21484375,6932,559,CEAm,CEA,181,left,0
6933,6934,2,6151.46,5787.3,3311.64,0.26953125,6933,559,CEAm,CEA,181,left,0
6934,6935,2,6149.98,5788.68,3311.14,0.2421875,6934,559,CEAm,CEA,181,left,0
6935,6936,2,6148.96,5789.4,3311.6,0.00390625,6935,559,CEAm,CEA,181,left,0
6936,6937,2,6147.32,5789.7,3312.4,0.21484375,6936,559,CEAm,CEA,181,left,0
6937,6938,2,6145.84,5790.72,3313.08,0.32421875,6937,559,CEAm,CEA,181,left,0
6938,6939,2,6145.18,5791.08,3313.96,0.21484375,6938,559,CEAm,CEA,181,left,0
6939,6940,2,6143.7,5791.8,3314.34,0.5703125,6939,559,CEAm,CEA,181,left,0
6940,6941,2,6142.54,5792.5,3315.44,0.40625,6940,559,CEAm,CEA,181,left,0
6941,6942,2,6141.7,5792.8,3317.3,0.4609375,6941,559,CEAm,CEA,181,left,0
6942,6943,2,6140.56,5792.46,3318.2,0.54296875,6942,559,CEAm,CEA,181,left,0
6943,6944,2,6138.54,5791.88,3319.86,0.0078125,6943,559,CEAm,CEA,181,left,0
6944,6945,2,6137.24,5791.28,3321.1,0.32421875,6944,559,CEAm,CEA,181,left,0
6945,6946,2,6135.9,5790.68,3321.92,0.21484375,6945,559,CEAm,CEA,181,left,0
6946,6947,2,6134.86,5790.26,3323.02,0.40625,6946,559,CEAm,CEA,181,left,0
6947,6948,2,6133.08,5789.2,3323.26,0.40625,6947,559,CEAm,CEA,181,left,0
6948,6949,2,6132.98,5787.1,3325.74,0.00390625,6948,559,CEAm,CEA,181,left,0
6949,6950,2,6133.24,5784.72,3328.04,0.48828125,6949,559,CEAm,CEA,181,left,0
6950,6951,2,6133.94,5782.68,3329.76,0.3515625,6950,559,CEAm,CEA,181,left,0
6951,6952,2,6135.22,5782.32,3330.9,0.4609375,6951,559,CEAm,CEA,181,left,0
6952,6953,2,6135.66,5781.66,3332.6,0.54296875,6952,559,CEAm,CEA,181,left,0
6953,6954,2,6133.9,5781.3,3333.14,0.01953125,6953,559,CEAm,CEA,181,left,0
6954,6955,2,6132.86,5781.28,3334.24,1.54296875,6954,559,CEAm,CEA,181,left,0
6955,6956,2,6132.96,5781.08,3335.32,0.94921875,6955,559,CEAm,CEA,181,left,0
6956,6957,2,6132.7,5778.8,3336.94,0.8125,6956,559,CEAm,CEA,181,left,0
6957,6958,2,6132.16,5777.52,3338.9,0.48828125,6957,559,CEAm,CEA,181,left,0
6958,6959,2,6130.96,5776.92,3339.6,0.32421875,6958,559,CEAm,CEA,181,left,0
6959,6960,2,6130.58,5776.82,3341.04,0.40625,6959,559,CEAm,CEA,181,left,0
6960,6961,2,6130.76,5776.48,3343.2,0.4609375,6960,559,CEAm,CEA,181,left,0
6961,6962,2,6130.94,5776.26,3345.5,0.54296875,6961,559,CEAm,CEA,181,left,0
6962,6963,2,6131.12,5775.26,3347.62,0.26953125,6962,559,CEAm,CEA,181,left,0
6963,6964,2,6131.46,5773.36,3351.48,0.43359375,6963,559,CEAm,CEA,181,left,0
6964,6965,2,6131.64,5771.9,3353.3,0.7578125,6964,559,CEAm,CEA,181,left,0
6965,6966,2,6131.92,5769.9,3356.18,0.00390625,6965,559,CEAm,CEA,181,left,0
6966,6967,2,6132.1,5768.68,3358.28,0.3515625,6966,559,CEAm,CEA,181,left,0
6967,6968,2,6132.0,5767.56,3359.66,0.4609375,6967,559,CEAm,CEA,181,left,0
6968,6969,2,6130.78,5766.88,3360.74,0.2421875,6968,559,CEAm,CEA,181,left,0
6969,6970,2,6130.24,5766.52,3362.22,0.32421875,6969,559,CEAm,CEA,181,left,0
6970,6971,2,6128.48,5766.2,3363.66,0.43359375,6970,559,CEAm,CEA,181,left,0
6971,6972,2,6127.04,5766.4,3364.54,0.2421875,6971,559,CEAm,CEA,181,left,0
6972,6973,2,6125.6,5767.12,3364.96,0.2421875,6972,559,CEAm,CEA,181,left,0
6973,6974,2,6124.82,5768.72,3364.96,0.48828125,6973,559,CEAm,CEA,181,left,0
6974,6975,2,6124.76,5770.26,3366.54,0.19140625,6974,559,CEAm,CEA,181,left,0
6975,6976,2,6124.12,5769.48,3368.26,0.54296875,6975,559,CEAm,CEA,181,left,0
6976,6977,2,6122.66,5769.06,3369.34,0.43359375,6976,559,CEAm,CEA,181,left,0
6977,6978,2,6121.18,5769.26,3369.96,0.5703125,6977,559,CEAm,CEA,181,left,0
6978,6979,2,6119.44,5768.36,3371.86,0.00390625,6978,559,CEAm,CEA,181,left,0
6979,6980,2,6119.28,5766.72,3373.76,0.62109375,6979,559,CEAm,CEA,181,left,0
6980,6981,2,6118.56,5765.18,3374.38,0.48828125,6980,559,CEAm,CEA,181,left,0
6981,6982,2,6117.26,5764.8,3375.56,0.1640625,6981,559,CEAm,CEA,181,left,0
6982,6983,2,6116.24,5765.58,3376.28,0.1640625,6982,559,CEAm,CEA,181,left,0
6983,6984,2,6114.24,5765.68,3377.16,0.1640625,6983,559,CEAm,CEA,181,left,0
6984,6985,2,6112.74,5765.08,3378.22,0.48828125,6984,559,CEAm,CEA,181,left,0
6985,6986,2,6112.08,5764.44,3380.52,0.2421875,6985,559,CEAm,CEA,181,left,0
6986,6987,2,6112.2,5764.4,3382.46,0.62109375,6986,559,CEAm,CEA,181,left,0
6987,6988,2,6112.36,5763.3,3384.54,0.37890625,6987,559,CEAm,CEA,181,left,0
6988,6989,2,6112.54,5761.64,3386.84,0.62109375,6988,559,CEAm,CEA,181,left,0
6989,6990,2,6112.64,5761.36,3388.3,0.21484375,6989,559,CEAm,CEA,181,left,0
6990,6991,2,6112.7,5761.74,3389.7,0.00390625,6990,559,CEAm,CEA,181,left,0
6991,6992,2,6113.56,5763.02,3390.2,0.26953125,6991,559,CEAm,CEA,181,left,0
6992,6993,2,6114.88,5764.92,3390.3,0.3515625,6992,559,CEAm,CEA,181,left,0
6993,6994,2,6115.56,5766.62,3390.94,0.54296875,6993,559,CEAm,CEA,181,left,0
6994,6995,2,6115.6,5767.52,3392.28,0.48828125,6994,559,CEAm,CEA,181,left,0
6995,6996,2,6115.68,5769.12,3392.74,0.2421875,6995,559,CEAm,CEA,181,left,0
6996,6997,2,6116.34,5770.76,3392.7,0.21484375,6996,559,CEAm,CEA,181,left,0
6997,6998,2,6116.44,5773.1,3392.72,0.40625,6997,559,CEAm,CEA,181,left,0
6998,6999,2,6116.86,5774.84,3392.74,0.19140625,6998,559,CEAm,CEA,181,left,0
6999,7000,2,6118.16,5776.2,3392.72,0.515625,6999,559,CEAm,CEA,181,left,0
7000,7001,2,6119.3,5777.68,3393.16,0.19140625,7000,559,CEAm,CEA,181,left,0
7001,7002,2,6120.16,5780.9,3392.58,0.37890625,7001,559,CEAm,CEA,181,left,0
7002,7003,2,6120.1,5781.76,3391.92,0.703125,7002,559,CEAm,CEA,181,left,0
7003,7004,2,6121.14,5781.6,3391.26,0.01953125,7003,559,CEAm,CEA,181,left,0
7004,7005,2,6122.56,5782.06,3389.94,0.21484375,7004,559,CEAm,CEA,181,left,0
7005,7006,2,6124.86,5783.04,3388.18,0.48828125,7005,559,CEAm,CEA,181,left,0
7006,7007,2,6125.8,5783.5,3386.5,0.3515625,7006,559,CEAm,CEA,181,left,0
7007,7008,2,6127.38,5784.2,3385.34,0.48828125,7007,559,CEAm,CEA,181,left,0
7008,7009,2,6128.4,5784.6,3384.42,0.1640625,7008,559,CEAm,CEA,181,left,0
7009,7010,2,6129.34,5785.6,3382.9,0.32421875,7009,559,CEAm,CEA,181,left,0
7010,7011,2,6129.22,5786.48,3381.56,0.48828125,7010,559,CEAm,CEA,181,left,0
7011,7012,2,6129.34,5786.36,3379.96,0.19140625,7011,559,CEAm,CEA,181,left,0
7012,7013,2,6130.7,5786.52,3379.24,0.32421875,7012,559,CEAm,CEA,181,left,0
7013,7014,2,6132.1,5787.36,3378.4,0.3515625,7013,559,CEAm,CEA,181,left,0
7014,7015,2,6133.54,5788.54,3377.68,0.32421875,7014,559,CEAm,CEA,181,left,0
7015,7016,2,6136.12,5790.52,3377.14,0.43359375,7015,559,CEAm,CEA,181,left,0
7016,7017,2,6136.72,5791.48,3377.24,0.4609375,7016,559,CEAm,CEA,181,left,0
7017,7018,2,6136.98,5792.66,3375.84,0.00390625,7017,559,CEAm,CEA,181,left,0
7018,7019,2,6138.5,5793.32,3375.48,0.26953125,7018,559,CEAm,CEA,181,left,0
7019,7020,2,6140.06,5794.42,3374.22,0.2421875,7019,559,CEAm,CEA,181,left,0
7020,7021,2,6141.54,5795.7,3373.26,0.40625,7020,559,CEAm,CEA,181,left,0
7021,7022,2,6142.16,5796.74,3371.18,0.26953125,7021,559,CEAm,CEA,181,left,0
7022,7023,2,6142.74,5797.54,3369.72,0.1640625,7022,559,CEAm,CEA,181,left,0
7023,7024,2,6144.42,5797.78,3369.3,0.43359375,7023,559,CEAm,CEA,181,left,0
7024,7025,2,6145.82,5798.48,3368.9,0.32421875,7024,559,CEAm,CEA,181,left,0
7025,7026,2,6145.82,5800.44,3367.74,0.21484375,7025,559,CEAm,CEA,181,left,0
7026,7027,2,6146.46,5802.94,3366.64,0.296875,7026,559,CEAm,CEA,181,left,0
7027,7028,2,6147.82,5803.92,3366.24,0.19140625,7027,559,CEAm,CEA,181,left,0
7028,7029,2,6149.18,5804.3,3365.62,0.2421875,7028,559,CEAm,CEA,181,left,0
7029,7030,2,6150.68,5805.84,3365.48,0.3515625,7029,559,CEAm,CEA,181,left,0
7030,7031,2,6151.46,5806.82,3366.12,0.3515625,7030,559,CEAm,CEA,181,left,0
7031,7032,2,6154.06,5807.72,3367.24,0.00390625,7031,559,CEAm,CEA,181,left,0
7032,7033,2,6155.5,5808.38,3369.0,0.6484375,7032,559,CEAm,CEA,181,left,0
7033,7034,2,6157.26,5808.86,3370.4,0.5703125,7033,559,CEAm,CEA,181,left,0
7034,7035,2,6159.6,5809.6,3370.7,0.40625,7034,559,CEAm,CEA,181,left,0
7035,7036,2,6161.52,5810.44,3370.84,0.32421875,7035,559,CEAm,CEA,181,left,0
7036,7037,2,6163.64,5811.98,3370.88,0.32421875,7036,559,CEAm,CEA,181,left,0
7037,7038,2,6164.36,5814.16,3371.2,0.37890625,7037,559,CEAm,CEA,181,left,0
7038,7039,2,6165.62,5815.86,3371.88,0.4609375,7038,559,CEAm,CEA,181,left,0
7039,7040,2,6167.8,5816.92,3373.06,0.54296875,7039,559,CEAm,CEA,181,left,0
7040,7041,2,6169.64,5817.74,3373.66,0.32421875,7040,559,CEAm,CEA,181,left,0
7041,7042,2,6170.0,5818.1,3374.36,0.4609375,7041,559,CEAm,CEA,181,left,0
7042,7043,2,6172.3,5817.96,3375.26,0.0078125,7042,559,CEAm,CEA,181,left,0
7043,7044,2,6174.48,5817.74,3375.88,0.48828125,7043,559,CEAm,CEA,181,left,0
7044,7045,2,6177.12,5817.98,3376.38,0.2421875,7044,559,CEAm,CEA,181,left,0
7045,7046,2,6179.28,5818.64,3376.92,0.54296875,7045,559,CEAm,CEA,181,left,0
7046,7047,2,6180.32,5819.78,3376.86,0.3515625,7046,559,CEAm,CEA,181,left,0
7047,7048,2,6182.18,5820.54,3377.0,0.37890625,7047,559,CEAm,CEA,181,left,0
7048,7049,2,6184.1,5821.18,3376.94,0.43359375,7048,559,CEAm,CEA,181,left,0
7049,7050,2,6185.72,5822.46,3376.72,0.43359375,7049,559,CEAm,CEA,181,left,0
7050,7051,2,6187.82,5822.68,3377.24,0.05078125,7050,559,CEAm,CEA,181,left,0
7051,7052,2,6190.04,5823.04,3377.6,0.9765625,7051,559,CEAm,CEA,181,left,0
7052,7053,2,6191.6,5823.54,3377.78,0.26953125,7052,559,CEAm,CEA,181,left,0
7053,7054,2,6193.88,5824.86,3378.28,0.59765625,7053,559,CEAm,CEA,181,left,0
7054,7055,2,6194.5,5826.5,3378.62,0.2421875,7054,559,CEAm,CEA,181,left,0
7055,7056,2,6196.34,5828.12,3379.08,0.515625,7055,559,CEAm,CEA,181,left,0
7056,7057,2,6197.76,5830.06,3379.54,0.1640625,7056,559,CEAm,CEA,181,left,0
7057,7058,2,6198.82,5831.44,3380.46,0.3515625,7057,559,CEAm,CEA,181,left,0
7058,7059,2,6200.22,5832.0,3381.5,0.26953125,7058,559,CEAm,CEA,181,left,0
7059,7060,2,6202.32,5832.78,3382.6,0.43359375,7059,559,CEAm,CEA,181,left,0
7060,7061,2,6203.42,5833.42,3383.04,0.1640625,7060,559,CEAm,CEA,181,left,0
7061,7062,2,6205.64,5834.36,3383.36,0.32421875,7061,559,CEAm,CEA,181,left,0
7062,7063,2,6206.86,5835.4,3383.72,0.4609375,7062,559,CEAm,CEA,181,left,0
7063,7064,2,6209.58,5836.9,3384.32,0.32421875,7063,559,CEAm,CEA,181,left,0
7064,7065,2,6210.68,5837.58,3385.0,0.43359375,7064,559,CEAm,CEA,181,left,0
7065,7066,2,6212.56,5838.34,3386.12,0.01171875,7065,559,CEAm,CEA,181,left,0
7066,7067,2,6214.68,5839.58,3387.16,0.43359375,7066,559,CEAm,CEA,181,left,0
7067,7068,2,6216.24,5839.98,3388.08,0.0234375,7067,559,CEAm,CEA,181,left,0
7068,7069,2,6218.9,5840.02,3388.9,0.2421875,7068,559,CEAm,CEA,181,left,0
7069,7070,2,6220.78,5840.5,3389.14,0.32421875,7069,559,CEAm,CEA,181,left,0
7070,7071,2,6223.42,5840.94,3389.76,0.32421875,7070,559,CEAm,CEA,181,left,0
7071,7072,2,6225.66,5841.32,3390.5,0.296875,7071,559,CEAm,CEA,181,left,0
7072,7073,2,6227.0,5841.8,3390.94,0.2421875,7072,559,CEAm,CEA,181,left,0
7073,7074,2,6228.6,5841.98,3392.1,0.00390625,7073,559,CEAm,CEA,181,left,0
7074,7075,2,6230.08,5842.52,3393.2,0.40625,7074,559,CEAm,CEA,181,left,0
7075,7076,2,6231.74,5842.42,3393.86,0.4609375,7075,559,CEAm,CEA,181,left,0
7076,7077,2,6233.16,5842.38,3393.66,0.32421875,7076,559,CEAm,CEA,181,left,0
7077,7078,2,6235.38,5842.84,3394.14,0.43359375,7077,559,CEAm,CEA,181,left,0
7078,7079,2,6236.2,5843.2,3394.54,0.37890625,7078,559,CEAm,CEA,181,left,0
7079,7080,2,6238.42,5845.32,3393.76,0.2421875,7079,559,CEAm,CEA,181,left,0
7080,7081,2,6239.66,5847.18,3393.54,0.4609375,7080,559,CEAm,CEA,181,left,0
7081,7082,2,6241.4,5847.78,3393.86,0.3515625,7081,559,CEAm,CEA,181,left,0
7082,7083,2,6243.44,5848.7,3394.16,0.515625,7082,559,CEAm,CEA,181,left,0
7083,7084,2,6244.6,5849.68,3394.7,0.21484375,7083,559,CEAm,CEA,181,left,0
7084,7085,2,6234.76,5973.96,3278.02,0.00390625,6635,559,CEAm,CEA,182,left,0
7085,7086,2,6235.08,5977.1,3278.18,0.48828125,7085,559,CEAm,CEA,182,left,0
7086,7087,2,6235.12,5979.92,3278.02,0.21484375,7086,559,CEAm,CEA,182,left,0
7087,7088,2,6234.32,5981.92,3278.02,0.21484375,7087,559,CEAm,CEA,182,left,0
7088,7089,2,6232.44,5984.38,3277.68,0.26953125,7088,559,CEAm,CEA,182,left,0
7089,7090,2,6231.64,5985.66,3277.36,0.6484375,7089,559,CEAm,CEA,182,left,0
7090,7091,2,6231.82,5988.12,3277.38,0.43359375,7090,559,CEAm,CEA,182,left,0
7091,7092,2,6232.04,5990.72,3277.6,0.32421875,7091,559,CEAm,CEA,182,left,0
7092,7093,2,6232.22,5993.14,3277.56,0.00390625,7092,559,CEAm,CEA,182,left,0
7093,7094,2,6232.5,5996.9,3277.32,0.515625,7093,559,CEAm,CEA,182,left,0
7094,7095,2,6232.76,5999.98,3277.4,0.48828125,7094,559,CEAm,CEA,182,left,0
7095,7096,2,6232.98,6002.16,3277.94,0.62109375,7095,559,CEAm,CEA,182,left,0
7096,7097,2,6233.24,6004.34,3278.98,0.32421875,7096,559,CEAm,CEA,182,left,0
7097,7098,2,6233.46,6006.5,3279.62,0.19140625,7097,559,CEAm,CEA,182,left,0
7098,7099,2,6233.54,6010.4,3280.58,0.32421875,7098,559,CEAm,CEA,182,left,0
7099,7100,2,6233.04,6013.2,3280.2,0.703125,7099,559,CEAm,CEA,182,left,0
7100,7101,2,6233.08,6015.18,3279.66,1.2734375,7100,559,CEAm,CEA,182,left,0
7101,7102,2,6232.56,6016.94,3280.0,0.4609375,7101,559,CEAm,CEA,182,left,0
7102,7103,2,6232.68,6021.4,3279.86,0.43359375,7102,559,CEAm,CEA,182,left,0
7103,7104,2,6232.76,6022.8,3279.4,0.5703125,7103,559,CEAm,CEA,182,left,0
7104,7105,2,6232.98,6026.12,3278.54,0.37890625,7104,559,CEAm,CEA,182,left,0
7105,7106,2,6233.08,6027.54,3278.36,0.43359375,7105,559,CEAm,CEA,182,left,0
7106,7107,2,6233.04,6031.6,3278.18,0.4609375,7106,559,CEAm,CEA,182,left,0
7107,7108,2,6232.34,6032.44,3277.12,0.37890625,7107,559,CEAm,CEA,182,left,0
7108,7109,2,6231.64,6033.86,3276.94,0.48828125,7108,559,CEAm,CEA,182,left,0
7109,7110,2,6231.72,6035.72,3278.12,0.59765625,7109,559,CEAm,CEA,182,left,0
7110,7111,2,6232.04,6039.02,3278.46,0.2421875,7110,559,CEAm,CEA,182,left,0
7111,7112,2,6232.26,6041.8,3278.3,0.2421875,7111,559,CEAm,CEA,182,left,0
7112,7113,2,6232.46,6044.42,3277.84,0.296875,7112,559,CEAm,CEA,182,left,0
7113,7114,2,6232.64,6046.54,3277.8,0.296875,7113,559,CEAm,CEA,182,left,0
7114,7115,2,6232.92,6049.2,3278.5,0.00390625,7114,559,CEAm,CEA,182,left,0
7115,7116,2,6233.3,6053.28,3278.58,0.296875,7115,559,CEAm,CEA,182,left,0
7116,7117,2,6233.46,6055.18,3278.64,0.40625,7116,559,CEAm,CEA,182,left,0
7117,7118,2,6233.0,6056.96,3279.74,0.00390625,7117,559,CEAm,CEA,182,left,0
7118,7119,2,6232.16,6058.68,3280.26,0.26953125,7118,559,CEAm,CEA,182,left,0
7119,7120,2,6232.06,6060.72,3280.42,0.21484375,7119,559,CEAm,CEA,182,left,0
7120,7121,2,6232.46,6065.42,3280.22,0.43359375,7120,559,CEAm,CEA,182,left,0
7121,7122,2,6232.7,6067.66,3280.58,0.4609375,7121,559,CEAm,CEA,182,left,0
7122,7123,2,6233.08,6072.66,3281.96,0.48828125,7122,559,CEAm,CEA,182,left,0
7123,7124,2,6232.44,6073.1,3282.5,0.32421875,7123,559,CEAm,CEA,182,left,0
7124,7125,2,6232.48,6074.98,3283.82,0.3515625,7124,559,CEAm,CEA,182,left,0
7125,7126,2,6232.1,6077.52,3284.28,0.3515625,7125,559,CEAm,CEA,182,left,0
7126,7127,2,6232.24,6081.56,3285.14,0.2421875,7126,559,CEAm,CEA,182,left,0
7127,7128,2,6232.44,6084.14,3286.34,0.26953125,7127,559,CEAm,CEA,182,left,0
7128,7129,2,6231.52,6085.0,3286.66,0.21484375,7128,559,CEAm,CEA,182,left,0
7129,7130,2,6231.36,6086.36,3286.7,0.5,7129,559,CEAm,CEA,182,left,0
7130,7131,2,6231.22,6087.72,3286.72,0.5,7130,559,CEAm,CEA,182,left,0
7131,7132,2,6231.08,6089.08,3286.74,0.5,7131,559,CEAm,CEA,182,left,0
7132,7133,2,6230.92,6090.44,3286.76,0.5,7132,559,CEAm,CEA,182,left,0
7133,7134,2,6230.78,6091.8,3286.8,0.5,7133,559,CEAm,CEA,182,left,0
7134,7135,2,6230.66,6093.18,3286.82,0.5,7134,559,CEAm,CEA,182,left,0
7135,7136,2,6230.5,6094.54,3286.86,0.5,7135,559,CEAm,CEA,182,left,0
7136,7137,2,6230.36,6095.9,3286.88,0.5,7136,559,CEAm,CEA,182,left,0
7137,7138,2,6230.2,6097.26,3286.92,0.5,7137,559,CEAm,CEA,182,left,0
7138,7139,2,6230.06,6098.62,3286.92,0.5,7138,559,CEAm,CEA,182,left,0
7139,7140,2,6229.92,6099.98,3286.96,0.5,7139,559,CEAm,CEA,182,left,0
7140,7141,2,6229.76,6101.34,3286.98,0.5,7140,559,CEAm,CEA,182,left,0
7141,7142,2,6229.62,6102.7,3287.02,0.5,7141,559,CEAm,CEA,182,left,0
7142,7143,2,6229.48,6104.06,3287.06,0.5,7142,559,CEAm,CEA,182,left,0
7143,7144,2,6229.34,6105.44,3287.1,0.5,7143,559,CEAm,CEA,182,left,0
7144,7145,2,6229.2,6106.8,3287.14,0.5,7144,559,CEAm,CEA,182,left,0
7145,7146,2,6229.06,6108.18,3287.18,0.5,7145,559,CEAm,CEA,182,left,0
7146,7147,2,6229.02,6111.0,3287.34,0.01171875,7146,559,CEAm,CEA,182,left,0
7147,7148,2,6229.54,6116.0,3288.22,0.6484375,7147,559,CEAm,CEA,182,left,0
7148,7149,2,6229.7,6117.72,3288.02,0.296875,7148,559,CEAm,CEA,182,left,0
7149,7150,2,6229.84,6119.26,3288.14,0.01171875,7149,559,CEAm,CEA,182,left,0
7150,7151,2,6229.92,6121.18,3286.54,0.5703125,7150,559,CEAm,CEA,182,left,0
7151,7152,2,6230.04,6122.38,3284.52,0.94921875,7151,559,CEAm,CEA,182,left,0
7152,7153,2,6231.26,6124.0,3283.66,0.4609375,7152,559,CEAm,CEA,182,left,1
7153,7154,2,6233.34,5972.18,3280.56,0.00390625,6635,559,CEAm,CEA,183,left,0
7154,7155,2,6232.1,5971.32,3282.08,0.48828125,7154,559,CEAm,CEA,183,left,0
7155,7156,2,6229.84,5971.02,3281.96,0.48828125,7155,559,CEAm,CEA,183,left,0
7156,7157,2,6227.9,5970.7,3281.32,0.37890625,7156,559,CEAm,CEA,183,left,0
7157,7158,2,6225.68,5970.32,3280.94,0.32421875,7157,559,CEAm,CEA,183,left,0
7158,7159,2,6223.8,5970.02,3280.88,0.26953125,7158,559,CEAm,CEA,183,left,0
7159,7160,2,6221.78,5969.78,3281.18,0.54296875,7159,559,CEAm,CEA,183,left,0
7160,7161,2,6220.8,5970.08,3282.24,0.19140625,7160,559,CEAm,CEA,183,left,0
7161,7162,2,6220.18,5970.38,3283.58,0.32421875,7161,559,CEAm,CEA,183,left,0
7162,7163,2,6218.16,5969.82,3283.46,0.01953125,7162,559,CEAm,CEA,183,left,0
7163,7164,2,6217.84,5969.3,3285.24,0.3515625,7163,559,CEAm,CEA,183,left,0
7164,7165,2,6217.24,5968.7,3286.64,0.21484375,7164,559,CEAm,CEA,183,left,0
7165,7166,2,6217.0,5966.82,3288.14,0.32421875,7165,559,CEAm,CEA,183,left,0
7166,7167,2,6216.92,5966.2,3289.56,0.3515625,7166,559,CEAm,CEA,183,left,0
7167,7168,2,6215.92,5966.1,3290.42,0.26953125,7167,559,CEAm,CEA,183,left,0
7168,7169,2,6214.5,5966.42,3291.58,0.54296875,7168,559,CEAm,CEA,183,left,0
7169,7170,2,6212.62,5966.96,3291.36,0.40625,7169,559,CEAm,CEA,183,left,0
7170,7171,2,6211.42,5967.46,3291.56,0.04296875,7170,559,CEAm,CEA,183,left,0
7171,7172,2,6210.98,5968.16,3293.06,0.40625,7171,559,CEAm,CEA,183,left,0
7172,7173,2,6210.54,5968.64,3295.96,1.4609375,7172,559,CEAm,CEA,183,left,0
7173,7174,2,6209.36,5968.56,3296.6,0.59765625,7173,559,CEAm,CEA,183,left,0
7174,7175,2,6208.18,5968.56,3297.58,0.32421875,7174,559,CEAm,CEA,183,left,0
7175,7176,2,6207.98,5968.88,3299.56,0.40625,7175,559,CEAm,CEA,183,left,1
7176,7177,2,6655.96,5423.22,2887.96,0.1640625,6778,551,CEAl,CEA,184,left,0
7177,7178,2,6654.96,5421.8,2889.02,0.19140625,7177,551,CEAl,CEA,184,left,0
7178,7179,2,6654.44,5421.36,2890.42,0.48828125,7178,551,CEAl,CEA,184,left,0
7179,7180,2,6654.3,5421.08,2892.64,0.00390625,7179,551,CEAl,CEA,184,left,0
7180,7181,2,6652.7,5421.12,2893.48,0.43359375,7180,551,CEAl,CEA,184,left,0
7181,7182,2,6651.34,5421.1,2894.9,0.2421875,7181,551,CEAl,CEA,184,left,0
7182,7183,2,6649.66,5420.38,2897.02,0.67578125,7182,551,CEAl,CEA,184,left,0
7183,7184,2,6648.96,5419.78,2898.36,1.00390625,7183,551,CEAl,CEA,184,left,0
7184,7185,2,6649.2,5419.26,2901.88,1.08203125,7184,551,CEAl,CEA,184,left,0
7185,7186,2,6649.34,5419.18,2903.04,1.13671875,7185,551,CEAl,CEA,184,left,0
7186,7187,2,6656.86,5424.1,2888.08,0.00390625,6778,551,CEAl,CEA,185,left,0
7187,7188,2,6655.26,5425.28,2889.16,0.26953125,7187,551,CEAl,CEA,185,left,0
7188,7189,2,6653.22,5425.68,2890.3,0.21484375,7188,551,CEAl,CEA,185,left,0
7189,7190,2,6652.42,5425.26,2891.66,0.296875,7189,551,CEAl,CEA,185,left,0
7190,7191,2,6651.38,5425.18,2893.38,0.3515625,7190,551,CEAl,CEA,185,left,0
7191,7192,2,6650.82,5426.22,2894.76,0.37890625,7191,551,CEAl,CEA,185,left,0
7192,7193,2,6649.8,5426.7,2895.32,0.54296875,7192,551,CEAl,CEA,185,left,0
7193,7194,2,6649.92,5428.38,2895.62,0.01953125,7193,551,CEAl,CEA,185,left,0
7194,7195,2,6650.1,5430.9,2895.76,0.296875,7194,551,CEAl,CEA,185,left,0
7195,7196,2,6649.28,5432.22,2895.76,0.3515625,7195,551,CEAl,CEA,185,left,0
7196,7197,2,6647.54,5432.7,2895.92,0.21484375,7196,551,CEAl,CEA,185,left,0
7197,7198,2,6645.32,5433.0,2896.68,0.19140625,7197,551,CEAl,CEA,185,left,0
7198,7199,2,6643.3,5433.48,2898.24,0.1640625,7198,551,CEAl,CEA,185,left,0
7199,7200,2,6642.58,5433.58,2899.48,0.1640625,7199,551,CEAl,CEA,185,left,0
7200,7201,2,6640.92,5433.74,2900.04,0.3515625,7200,551,CEAl,CEA,185,left,0
7201,7202,2,6638.9,5433.62,2901.22,0.40625,7201,551,CEAl,CEA,185,left,0
7202,7203,2,6637.84,5433.16,2902.42,0.296875,7202,551,CEAl,CEA,185,left,0
7203,7204,2,6636.98,5433.1,2904.22,0.37890625,7203,551,CEAl,CEA,185,left,0
7204,7205,2,6636.94,5433.6,2905.88,0.43359375,7204,551,CEAl,CEA,185,left,0
7205,7206,2,6635.8,5434.54,2906.78,0.21484375,7205,551,CEAl,CEA,185,left,0
7206,7207,2,6634.76,5436.2,2907.74,0.296875,7206,551,CEAl,CEA,185,left,0
7207,7208,2,6633.6,5437.22,2908.5,0.32421875,7207,551,CEAl,CEA,185,left,0
7208,7209,2,6631.54,5438.16,2909.58,0.00390625,7208,551,CEAl,CEA,185,left,0
7209,7210,2,6629.12,5439.44,2910.26,0.32421875,7209,551,CEAl,CEA,185,left,0
7210,7211,2,6628.02,5439.94,2911.36,0.32421875,7210,551,CEAl,CEA,185,left,0
7211,7212,2,6626.98,5440.82,2912.34,0.1640625,7211,551,CEAl,CEA,185,left,0
7212,7213,2,6625.62,5441.34,2913.34,0.2421875,7212,551,CEAl,CEA,185,left,0
7213,7214,2,6624.48,5441.16,2914.58,0.2421875,7213,551,CEAl,CEA,185,left,0
7214,7215,2,6623.5,5441.06,2916.42,0.32421875,7214,551,CEAl,CEA,185,left,0
7215,7216,2,6622.0,5441.3,2918.28,0.40625,7215,551,CEAl,CEA,185,left,0
7216,7217,2,6620.66,5441.68,2919.2,0.32421875,7216,551,CEAl,CEA,185,left,0
7217,7218,2,6619.5,5442.38,2920.46,0.48828125,7217,551,CEAl,CEA,185,left,0
7218,7219,2,6618.14,5443.88,2920.86,0.37890625,7218,551,CEAl,CEA,185,left,0
7219,7220,2,6616.12,5444.76,2921.64,0.32421875,7219,551,CEAl,CEA,185,left,0
7220,7221,2,6615.14,5444.82,2923.04,0.40625,7220,551,CEAl,CEA,185,left,0
7221,7222,2,6613.78,5445.32,2924.12,0.32421875,7221,551,CEAl,CEA,185,left,0
7222,7223,2,6611.68,5446.66,2925.46,0.19140625,7222,551,CEAl,CEA,185,left,0
7223,7224,2,6610.98,5447.1,2926.56,0.48828125,7223,551,CEAl,CEA,185,left,0
7224,7225,2,6608.78,5448.34,2927.72,0.00390625,7224,551,CEAl,CEA,185,left,0
7225,7226,2,6606.18,5449.1,2928.18,0.40625,7225,551,CEAl,CEA,185,left,0
7226,7227,2,6604.54,5449.28,2929.06,0.40625,7226,551,CEAl,CEA,185,left,0
7227,7228,2,6603.5,5449.36,2929.88,0.40625,7227,551,CEAl,CEA,185,left,0
7228,7229,2,6601.54,5449.34,2930.18,0.2421875,7228,551,CEAl,CEA,185,left,0
7229,7230,2,6600.06,5448.82,2930.66,0.40625,7229,551,CEAl,CEA,185,left,0
7230,7231,2,6599.32,5447.04,2931.56,0.37890625,7230,551,CEAl,CEA,185,left,0
7231,7232,2,6597.1,5445.92,2932.5,0.37890625,7231,551,CEAl,CEA,185,left,0
7232,7233,2,6594.8,5445.4,2932.76,0.32421875,7232,551,CEAl,CEA,185,left,0
7233,7234,2,6593.34,5445.06,2933.7,0.0078125,7233,551,CEAl,CEA,185,left,0
7234,7235,2,6592.38,5445.22,2935.48,0.19140625,7234,551,CEAl,CEA,185,left,0
7235,7236,2,6590.14,5445.68,2936.34,0.32421875,7235,551,CEAl,CEA,185,left,0
7236,7237,2,6588.94,5445.76,2937.4,0.32421875,7236,551,CEAl,CEA,185,left,0
7237,7238,2,6588.16,5446.08,2938.82,0.37890625,7237,551,CEAl,CEA,185,left,0
7238,7239,2,6587.04,5446.98,2939.42,0.1640625,7238,551,CEAl,CEA,185,left,0
7239,7240,2,6585.02,5447.92,2940.5,0.1640625,7239,551,CEAl,CEA,185,left,0
7240,7241,2,6583.72,5449.02,2941.08,0.48828125,7240,551,CEAl,CEA,185,left,0
7241,7242,2,6582.0,5451.56,2941.96,0.296875,7241,551,CEAl,CEA,185,left,0
7242,7243,2,6581.56,5453.38,2942.84,0.3515625,7242,551,CEAl,CEA,185,left,0
7243,7244,2,6580.16,5454.26,2942.94,0.21484375,7243,551,CEAl,CEA,185,left,0
7244,7245,2,6578.82,5455.82,2943.54,0.00390625,7244,551,CEAl,CEA,185,left,0
7245,7246,2,6577.6,5456.9,2944.34,0.32421875,7245,551,CEAl,CEA,185,left,0
7246,7247,2,6575.92,5457.9,2944.82,0.37890625,7246,551,CEAl,CEA,185,left,0
7247,7248,2,6575.26,5459.6,2945.58,0.37890625,7247,551,CEAl,CEA,185,left,0
7248,7249,2,6573.3,5460.84,2946.64,0.32421875,7248,551,CEAl,CEA,185,left,0
7249,7250,2,6572.0,5462.02,2947.32,0.3515625,7249,551,CEAl,CEA,185,left,0
7250,7251,2,6571.76,5463.46,2948.72,0.296875,7250,551,CEAl,CEA,185,left,0
7251,7252,2,6570.2,5464.46,2949.6,0.296875,7251,551,CEAl,CEA,185,left,0
7252,7253,2,6568.22,5465.72,2950.38,0.296875,7252,551,CEAl,CEA,185,left,0
7253,7254,2,6567.04,5466.92,2951.36,0.21484375,7253,551,CEAl,CEA,185,left,0
7254,7255,2,6566.1,5467.88,2952.06,0.19140625,7254,551,CEAl,CEA,185,left,0
7255,7256,2,6564.64,5468.66,2952.74,0.32421875,7255,551,CEAl,CEA,185,left,0
7256,7257,2,6563.84,5469.72,2953.46,0.3515625,7256,551,CEAl,CEA,185,left,0
7257,7258,2,6563.3,5470.74,2954.92,0.01171875,7257,551,CEAl,CEA,185,left,0
7258,7259,2,6562.5,5471.9,2955.86,0.43359375,7258,551,CEAl,CEA,185,left,0
7259,7260,2,6560.98,5472.5,2956.32,0.37890625,7259,551,CEAl,CEA,185,left,0
7260,7261,2,6560.78,5472.64,2957.52,0.67578125,7260,551,CEAl,CEA,185,left,0
7261,7262,2,6560.94,5473.94,2958.06,0.26953125,7261,551,CEAl,CEA,185,left,0
7262,7263,2,6559.84,5474.88,2958.08,0.19140625,7262,551,CEAl,CEA,185,left,0
7263,7264,2,6557.16,5476.3,2958.32,0.32421875,7263,551,CEAl,CEA,185,left,0
7264,7265,2,6555.76,5477.72,2959.06,0.43359375,7264,551,CEAl,CEA,185,left,0
7265,7266,2,6554.66,5479.42,2959.32,0.32421875,7265,551,CEAl,CEA,185,left,0
7266,7267,2,6553.16,5480.1,2959.82,0.32421875,7266,551,CEAl,CEA,185,left,0
7267,7268,2,6551.82,5480.44,2960.56,0.32421875,7267,551,CEAl,CEA,185,left,0
7268,7269,2,6549.68,5480.92,2961.42,0.00390625,7268,551,CEAl,CEA,185,left,0
7269,7270,2,6547.52,5482.42,2962.14,0.40625,7269,551,CEAl,CEA,185,left,0
7270,7271,2,6545.88,5483.34,2962.68,0.32421875,7270,551,CEAl,CEA,185,left,0
7271,7272,2,6543.62,5484.08,2963.8,0.48828125,7271,551,CEAl,CEA,185,left,0
7272,7273,2,6542.88,5484.66,2964.14,0.3515625,7272,551,CEAl,CEA,185,left,0
7273,7274,2,6542.26,5485.24,2964.64,0.0078125,7273,551,CEAl,CEA,185,left,0
7274,7275,2,6539.62,5485.58,2964.48,0.43359375,7274,551,CEAl,CEA,185,left,0
7275,7276,2,6537.58,5486.14,2964.86,0.59765625,7275,551,CEAl,CEA,185,left,0
7276,7277,2,6535.98,5487.1,2965.38,0.8125,7276,551,CEAl,CEA,185,left,0
7277,7278,2,6534.98,5487.36,2966.5,0.62109375,7277,551,CEAl,CEA,185,left,0
7278,7279,2,6534.92,5487.64,2968.56,0.3515625,7278,551,CEAl,CEA,185,left,0
7279,7280,2,6534.28,5488.38,2969.94,0.703125,7279,551,CEAl,CEA,185,left,0
7280,7281,2,6533.04,5489.04,2970.58,0.62109375,7280,551,CEAl,CEA,185,left,0
7281,7282,2,6531.4,5489.88,2970.74,0.2421875,7281,551,CEAl,CEA,185,left,0
7282,7283,2,6531.12,5491.82,2970.62,0.32421875,7282,551,CEAl,CEA,185,left,0
7283,7284,2,6529.96,5493.04,2971.72,0.00390625,7283,551,CEAl,CEA,185,left,0
7284,7285,2,6528.62,5493.1,2973.2,0.296875,7284,551,CEAl,CEA,185,left,0
7285,7286,2,6527.48,5493.78,2974.42,0.48828125,7285,551,CEAl,CEA,185,left,0
7286,7287,2,6527.4,5493.04,2976.58,0.00390625,7286,551,CEAl,CEA,185,left,0
7287,7288,2,6526.04,5493.48,2976.86,0.48828125,7287,551,CEAl,CEA,185,left,0
7288,7289,2,6525.68,5494.98,2976.46,0.703125,7288,551,CEAl,CEA,185,left,0
7289,7290,2,6525.04,5495.16,2978.02,0.00390625,7289,551,CEAl,CEA,185,left,0
7290,7291,2,6523.4,5496.16,2978.08,0.32421875,7290,551,CEAl,CEA,185,left,0
7291,7292,2,6520.76,5497.78,2977.56,0.40625,7291,551,CEAl,CEA,185,left,0
7292,7293,2,6519.62,5499.12,2977.18,0.32421875,7292,551,CEAl,CEA,185,left,0
7293,7294,2,6518.78,5499.92,2977.28,0.0078125,7293,551,CEAl,CEA,185,left,0
7294,7295,2,6516.72,5501.52,2976.76,0.32421875,7294,551,CEAl,CEA,185,left,0
7295,7296,2,6514.9,5503.38,2977.0,0.00390625,7295,551,CEAl,CEA,185,left,0
7296,7297,2,6513.22,5504.46,2977.42,0.2421875,7296,551,CEAl,CEA,185,left,0
7297,7298,2,6511.9,5505.06,2977.94,0.2421875,7297,551,CEAl,CEA,185,left,0
7298,7299,2,6509.94,5505.44,2978.96,0.00390625,7298,551,CEAl,CEA,185,left,0
7299,7300,2,6509.34,5505.74,2980.24,0.21484375,7299,551,CEAl,CEA,185,left,0
7300,7301,2,6507.64,5505.96,2981.14,0.32421875,7300,551,CEAl,CEA,185,left,0
7301,7302,2,6506.38,5506.5,2982.02,0.3515625,7301,551,CEAl,CEA,185,left,0
7302,7303,2,6505.1,5507.46,2981.98,0.32421875,7302,551,CEAl,CEA,185,left,0
7303,7304,2,6503.44,5508.34,2981.64,0.0078125,7303,551,CEAl,CEA,185,left,0
7304,7305,2,6501.64,5509.78,2981.88,0.40625,7304,551,CEAl,CEA,185,left,0
7305,7306,2,6500.18,5511.08,2982.38,0.3515625,7305,551,CEAl,CEA,185,left,0
7306,7307,2,6497.5,5512.82,2982.68,0.32421875,7306,551,CEAl,CEA,185,left,0
7307,7308,2,6495.88,5513.48,2983.38,0.3515625,7307,551,CEAl,CEA,185,left,0
7308,7309,2,6493.82,5515.3,2984.1,0.37890625,7308,551,CEAl,CEA,185,left,0
7309,7310,2,6492.96,5516.9,2985.1,0.32421875,7309,551,CEAl,CEA,185,left,0
7310,7311,2,6491.44,5518.78,2986.28,0.2421875,7310,551,CEAl,CEA,185,left,0
7311,7312,2,6489.74,5519.92,2987.42,0.3515625,7311,551,CEAl,CEA,185,left,0
7312,7313,2,6488.22,5520.36,2988.24,0.2421875,7312,551,CEAl,CEA,185,left,0
7313,7314,2,6485.44,5520.9,2987.94,0.01171875,7313,551,CEAl,CEA,185,left,0
7314,7315,2,6484.34,5521.98,2987.62,0.78515625,7314,551,CEAl,CEA,185,left,0
7315,7316,2,6483.92,5523.64,2988.04,0.6484375,7315,551,CEAl,CEA,185,left,0
7316,7317,2,6484.2,5524.98,2989.3,0.2421875,7316,551,CEAl,CEA,185,left,0
7317,7318,2,6484.46,5523.36,2991.76,0.703125,7317,551,CEAl,CEA,185,left,0
7318,7319,2,6483.78,5523.38,2993.26,0.67578125,7318,551,CEAl,CEA,185,left,0
7319,7320,2,6481.84,5524.4,2993.18,0.8671875,7319,551,CEAl,CEA,185,left,0
7320,7321,2,6481.08,5526.28,2992.96,0.78515625,7320,551,CEAl,CEA,185,left,0
7321,7322,2,6478.98,5527.92,2992.54,0.3515625,7321,551,CEAl,CEA,185,left,0
7322,7323,2,6477.72,5529.08,2992.56,0.3515625,7322,551,CEAl,CEA,185,left,0
7323,7324,2,6475.92,5529.7,2993.82,0.40625,7323,551,CEAl,CEA,185,left,0
7324,7325,2,6474.92,5530.02,2995.1,0.37890625,7324,551,CEAl,CEA,185,left,0
7325,7326,2,6472.88,5530.78,2996.32,0.2421875,7325,551,CEAl,CEA,185,left,0
7326,7327,2,6470.32,5531.34,2997.34,0.32421875,7326,551,CEAl,CEA,185,left,0
7327,7328,2,6469.3,5531.5,2998.56,0.2421875,7327,551,CEAl,CEA,185,left,0
7328,7329,2,6469.32,5532.04,2999.94,0.703125,7328,551,CEAl,CEA,185,left,0
7329,7330,2,6467.56,5533.6,3000.96,0.00390625,7329,551,CEAl,CEA,185,left,0
7330,7331,2,6466.84,5534.86,3001.4,0.3515625,7330,551,CEAl,CEA,185,left,0
7331,7332,2,6465.06,5536.4,3002.08,0.21484375,7331,551,CEAl,CEA,185,left,0
7332,7333,2,6464.0,5536.98,3002.4,0.296875,7332,551,CEAl,CEA,185,left,0
7333,7334,2,6463.66,5538.04,3003.32,0.48828125,7333,551,CEAl,CEA,185,left,0
7334,7335,2,6462.12,5539.72,3003.84,0.32421875,7334,551,CEAl,CEA,185,left,0
7335,7336,2,6461.3,5541.06,3004.14,0.2421875,7335,551,CEAl,CEA,185,left,0
7336,7337,2,6459.92,5543.54,3004.04,0.00390625,7336,551,CEAl,CEA,185,left,0
7337,7338,2,6458.26,5545.08,3004.1,0.48828125,7337,551,CEAl,CEA,185,left,0
7338,7339,2,6457.42,5546.4,3004.6,0.37890625,7338,551,CEAl,CEA,185,left,0
7339,7340,2,6456.4,5548.62,3005.8,0.3515625,7339,551,CEAl,CEA,185,left,0
7340,7341,2,6455.82,5549.74,3007.12,0.26953125,7340,551,CEAl,CEA,185,left,0
7341,7342,2,6454.86,5550.78,3008.22,0.3515625,7341,551,CEAl,CEA,185,left,0
7342,7343,2,6453.4,5551.12,3008.54,0.4609375,7342,551,CEAl,CEA,185,left,0
7343,7344,2,6452.82,5552.42,3009.72,0.00390625,7343,551,CEAl,CEA,185,left,0
7344,7345,2,6450.96,5553.1,3010.24,0.2421875,7344,551,CEAl,CEA,185,left,0
7345,7346,2,6449.34,5554.08,3010.78,0.3515625,7345,551,CEAl,CEA,185,left,0
7346,7347,2,6447.3,5554.8,3011.76,0.32421875,7346,551,CEAl,CEA,185,left,0
7347,7348,2,6445.64,5555.04,3012.98,0.3515625,7347,551,CEAl,CEA,185,left,0
7348,7349,2,6444.96,5555.4,3014.48,0.296875,7348,551,CEAl,CEA,185,left,0
7349,7350,2,6443.28,5556.14,3015.7,0.40625,7349,551,CEAl,CEA,185,left,0
7350,7351,2,6441.96,5556.92,3016.52,0.32421875,7350,551,CEAl,CEA,185,left,0
7351,7352,2,6439.82,5557.68,3017.2,0.19140625,7351,551,CEAl,CEA,185,left,0
7352,7353,2,6438.54,5558.2,3018.5,0.43359375,7352,551,CEAl,CEA,185,left,0
7353,7354,2,6437.48,5558.98,3019.4,0.00390625,7353,551,CEAl,CEA,185,left,0
7354,7355,2,6435.62,5560.56,3020.52,0.32421875,7354,551,CEAl,CEA,185,left,0
7355,7356,2,6434.38,5561.84,3021.22,0.32421875,7355,551,CEAl,CEA,185,left,0
7356,7357,2,6432.28,5563.82,3021.44,0.1640625,7356,551,CEAl,CEA,185,left,0
7357,7358,2,6431.06,5564.8,3021.8,0.59765625,7357,551,CEAl,CEA,185,left,0
7358,7359,2,6430.3,5565.42,3020.64,0.00390625,7358,551,CEAl,CEA,185,left,0
7359,7360,2,6428.12,5566.28,3020.56,0.67578125,7359,551,CEAl,CEA,185,left,0
7360,7361,2,6426.78,5566.84,3021.04,0.6484375,7360,551,CEAl,CEA,185,left,0
7361,7362,2,6426.18,5567.12,3022.26,0.00390625,7361,551,CEAl,CEA,185,left,0
7362,7363,2,6426.18,5567.92,3024.8,0.296875,7362,551,CEAl,CEA,185,left,0
7363,7364,2,6424.96,5568.92,3026.04,0.4609375,7363,551,CEAl,CEA,185,left,0
7364,7365,2,6423.84,5569.6,3026.64,0.43359375,7364,551,CEAl,CEA,185,left,0
7365,7366,2,6424.1,5570.34,3028.7,0.5703125,7365,551,CEAl,CEA,185,left,0
7366,7367,2,6423.44,5571.38,3029.76,0.515625,7366,551,CEAl,CEA,185,left,0
7367,7368,2,6422.16,5572.86,3030.3,0.6484375,7367,551,CEAl,CEA,185,left,0
7368,7369,2,6420.8,5573.96,3030.78,0.54296875,7368,551,CEAl,CEA,185,left,0
7369,7370,2,6420.9,5574.4,3032.48,0.515625,7369,551,CEAl,CEA,185,left,0
7370,7371,2,6420.64,5575.34,3034.96,0.43359375,7370,551,CEAl,CEA,185,left,0
7371,7372,2,6419.54,5576.66,3035.4,0.62109375,7371,551,CEAl,CEA,185,left,0
7372,7373,2,6418.16,5577.54,3036.94,0.32421875,7372,551,CEAl,CEA,185,left,0
7373,7374,2,6417.44,5577.7,3038.74,0.26953125,7373,551,CEAl,CEA,185,left,0
7374,7375,2,6413.86,5578.28,3039.0,0.78515625,7374,551,CEAl,CEA,185,left,0
7375,7376,2,6412.16,5578.38,3038.56,0.40625,7375,551,CEAl,CEA,185,left,0
7376,7377,2,6412.46,5578.9,3041.18,0.0078125,7376,551,CEAl,CEA,185,left,0
7377,7378,2,6412.66,5579.96,3042.68,0.67578125,7377,551,CEAl,CEA,185,left,0
7378,7379,2,6411.44,5580.52,3042.64,0.32421875,7378,551,CEAl,CEA,185,left,0
7379,7380,2,6409.24,5580.66,3041.96,0.296875,7379,551,CEAl,CEA,185,left,0
7380,7381,2,6407.76,5580.78,3041.2,0.2421875,7380,551,CEAl,CEA,185,left,0
7381,7382,2,6405.82,5582.12,3041.44,0.32421875,7381,551,CEAl,CEA,185,left,0
7382,7383,2,6404.9,5583.22,3042.52,0.2421875,7382,551,CEAl,CEA,185,left,0
7383,7384,2,6405.08,5585.56,3044.52,0.00390625,7383,551,CEAl,CEA,185,left,0
7384,7385,2,6403.94,5586.48,3044.82,0.6484375,7384,551,CEAl,CEA,185,left,0
7385,7386,2,6402.86,5587.7,3045.54,0.296875,7385,551,CEAl,CEA,185,left,0
7386,7387,2,6402.18,5589.06,3046.34,0.296875,7386,551,CEAl,CEA,185,left,0
7387,7388,2,6401.68,5589.68,3047.56,0.3515625,7387,551,CEAl,CEA,185,left,0
7388,7389,2,6400.56,5589.72,3048.16,0.19140625,7388,551,CEAl,CEA,185,left,0
7389,7390,2,6398.46,5590.64,3049.56,0.296875,7389,551,CEAl,CEA,185,left,0
7390,7391,2,6396.68,5592.1,3050.4,0.40625,7390,551,CEAl,CEA,185,left,0
7391,7392,2,6395.66,5593.46,3051.82,0.296875,7391,551,CEAl,CEA,185,left,0
7392,7393,2,6394.9,5594.36,3052.88,0.1640625,7392,551,CEAl,CEA,185,left,0
7393,7394,2,6393.52,5595.54,3054.04,0.26953125,7393,551,CEAl,CEA,185,left,0
7394,7395,2,6392.3,5596.22,3055.16,0.2421875,7394,551,CEAl,CEA,185,left,0
7395,7396,2,6391.58,5597.8,3055.98,0.3515625,7395,551,CEAl,CEA,185,left,0
7396,7397,2,6390.22,5599.46,3056.9,0.21484375,7396,551,CEAl,CEA,185,left,0
7397,7398,2,6388.86,5599.88,3057.9,0.296875,7397,551,CEAl,CEA,185,left,0
7398,7399,2,6387.2,5600.38,3058.88,0.19140625,7398,551,CEAl,CEA,185,left,0
7399,7400,2,6386.02,5601.36,3059.74,0.515625,7399,551,CEAl,CEA,185,left,0
7400,7401,2,6384.36,5601.96,3060.44,0.19140625,7400,551,CEAl,CEA,185,left,0
7401,7402,2,6383.12,5602.56,3061.18,0.32421875,7401,551,CEAl,CEA,185,left,0
7402,7403,2,6383.24,5604.5,3062.46,0.3515625,7402,551,CEAl,CEA,185,left,0
7403,7404,2,6382.8,5605.94,3063.88,0.296875,7403,551,CEAl,CEA,185,left,0
7404,7405,2,6381.34,5606.76,3064.7,0.2421875,7404,551,CEAl,CEA,185,left,0
7405,7406,2,6379.24,5607.54,3066.5,0.296875,7405,551,CEAl,CEA,185,left,0
7406,7407,2,6378.44,5608.08,3067.5,0.3515625,7406,551,CEAl,CEA,185,left,0
7407,7408,2,6377.5,5609.28,3068.88,0.48828125,7407,551,CEAl,CEA,185,left,0
7408,7409,2,6376.42,5610.1,3070.08,0.1640625,7408,551,CEAl,CEA,185,left,0
7409,7410,2,6375.76,5610.86,3071.32,0.2421875,7409,551,CEAl,CEA,185,left,0
7410,7411,2,6375.0,5611.84,3072.16,0.32421875,7410,551,CEAl,CEA,185,left,0
7411,7412,2,6373.78,5612.56,3073.04,0.2421875,7411,551,CEAl,CEA,185,left,0
7412,7413,2,6373.04,5613.24,3074.4,0.3515625,7412,551,CEAl,CEA,185,left,0
7413,7414,2,6371.94,5613.82,3075.52,0.19140625,7413,551,CEAl,CEA,185,left,0
7414,7415,2,6370.56,5614.5,3076.76,0.37890625,7414,551,CEAl,CEA,185,left,0
7415,7416,2,6370.22,5615.48,3077.66,0.2421875,7415,551,CEAl,CEA,185,left,0
7416,7417,2,6368.92,5616.14,3078.2,0.32421875,7416,551,CEAl,CEA,185,left,0
7417,7418,2,6368.36,5617.28,3079.08,0.48828125,7417,551,CEAl,CEA,185,left,0
7418,7419,2,6366.36,5618.52,3079.42,0.40625,7418,551,CEAl,CEA,185,left,0
7419,7420,2,6365.2,5619.28,3079.96,0.2421875,7419,551,CEAl,CEA,185,left,0
7420,7421,2,6365.12,5619.76,3081.2,0.37890625,7420,551,CEAl,CEA,185,left,0
7421,7422,2,6364.12,5619.82,3081.7,0.32421875,7421,551,CEAl,CEA,185,left,0
7422,7423,2,6363.88,5620.68,3082.76,0.00390625,7422,551,CEAl,CEA,185,left,0
7423,7424,2,6363.64,5622.36,3084.64,0.54296875,7423,551,CEAl,CEA,185,left,0
7424,7425,2,6362.64,5623.62,3085.74,0.32421875,7424,551,CEAl,CEA,185,left,0
7425,7426,2,6362.2,5624.66,3086.58,0.1640625,7425,551,CEAl,CEA,185,left,0
7426,7427,2,6360.22,5626.36,3086.94,0.32421875,7426,551,CEAl,CEA,185,left,0
7427,7428,2,6358.84,5627.46,3087.3,0.48828125,7427,551,CEAl,CEA,185,left,0
7428,7429,2,6357.24,5627.74,3088.36,0.32421875,7428,551,CEAl,CEA,185,left,0
7429,7430,2,6355.76,5628.56,3088.98,0.296875,7429,551,CEAl,CEA,185,left,0
7430,7431,2,6355.12,5630.04,3089.74,0.37890625,7430,551,CEAl,CEA,185,left,0
7431,7432,2,6354.08,5631.04,3090.86,0.19140625,7431,551,CEAl,CEA,185,left,0
7432,7433,2,6353.34,5631.62,3091.88,0.2421875,7432,551,CEAl,CEA,185,left,0
7433,7434,2,6352.28,5632.06,3093.98,0.26953125,7433,551,CEAl,CEA,185,left,0
7434,7435,2,6350.8,5632.54,3094.7,0.43359375,7434,551,CEAl,CEA,185,left,0
7435,7436,2,6349.56,5633.24,3095.36,0.1640625,7435,551,CEAl,CEA,185,left,0
7436,7437,2,6347.78,5633.5,3096.18,0.40625,7436,551,CEAl,CEA,185,left,0
7437,7438,2,6346.32,5633.56,3097.04,0.296875,7437,551,CEAl,CEA,185,left,0
7438,7439,2,6345.28,5633.82,3097.34,0.3515625,7438,551,CEAl,CEA,185,left,0
7439,7440,2,6343.9,5634.0,3098.48,0.3515625,7439,551,CEAl,CEA,185,left,0
7440,7441,2,6343.06,5634.0,3099.42,0.5703125,7440,551,CEAl,CEA,185,left,0
7441,7442,2,6342.0,5634.06,3096.88,0.0078125,7441,551,CEAl,CEA,185,left,0
7442,7443,2,6340.14,5634.54,3096.24,0.703125,7442,551,CEAl,CEA,185,left,0
7443,7444,2,6338.78,5635.58,3096.46,0.26953125,7443,551,CEAl,CEA,185,left,0
7444,7445,2,6337.98,5636.26,3099.38,0.54296875,7444,551,CEAl,CEA,185,left,0
7445,7446,2,6337.84,5636.24,3100.9,1.0546875,7445,551,CEAl,CEA,185,left,0
7446,7447,2,6338.0,5636.6,3104.18,1.02734375,7446,551,CEAl,CEA,185,left,0
7447,7448,2,6338.64,5638.12,3104.82,0.8125,7447,551,CEAl,CEA,185,left,0
7448,7449,2,6338.86,5640.18,3105.74,0.4609375,7448,551,CEAl,CEA,185,left,0
7449,7450,2,6337.8,5641.54,3106.04,0.26953125,7449,551,CEAl,CEA,185,left,0
7450,7451,2,6336.86,5641.44,3106.86,0.40625,7450,551,CEAl,CEA,185,left,0
7451,7452,2,6335.96,5642.04,3107.88,0.00390625,7451,551,CEAl,CEA,185,left,0
7452,7453,2,6336.02,5643.3,3108.8,0.296875,7452,551,CEAl,CEA,185,left,0
7453,7454,2,6334.68,5644.42,3109.14,0.26953125,7453,551,CEAl,CEA,185,left,0
7454,7455,2,6332.74,5644.82,3109.3,0.1640625,7454,551,CEAl,CEA,185,left,0
7455,7456,2,6331.7,5646.28,3109.7,0.67578125,7455,551,CEAl,CEA,185,left,0
7456,7457,2,6329.96,5646.66,3110.5,0.32421875,7456,551,CEAl,CEA,185,left,0
7457,7458,2,6329.4,5646.66,3112.28,0.37890625,7457,551,CEAl,CEA,185,left,0
7458,7459,2,6327.84,5646.9,3114.36,0.2421875,7458,551,CEAl,CEA,185,left,0
7459,7460,2,6327.06,5647.72,3115.52,0.32421875,7459,551,CEAl,CEA,185,left,0
7460,7461,2,6325.48,5649.7,3116.1,0.19140625,7460,551,CEAl,CEA,185,left,0
7461,7462,2,6324.26,5650.86,3116.54,0.40625,7461,551,CEAl,CEA,185,left,0
7462,7463,2,6323.08,5651.88,3116.58,0.43359375,7462,551,CEAl,CEA,185,left,0
7463,7464,2,6322.46,5652.52,3117.32,0.0078125,7463,551,CEAl,CEA,185,left,0
7464,7465,2,6320.8,5652.74,3118.58,0.32421875,7464,551,CEAl,CEA,185,left,0
7465,7466,2,6319.38,5652.72,3119.72,0.1640625,7465,551,CEAl,CEA,185,left,0
7466,7467,2,6318.22,5652.42,3120.32,0.21484375,7466,551,CEAl,CEA,185,left,0
7467,7468,2,6316.94,5653.36,3119.84,0.0078125,7467,551,CEAl,CEA,185,left,0
7468,7469,2,6315.26,5654.66,3119.96,0.4609375,7468,551,CEAl,CEA,185,left,0
7469,7470,2,6314.62,5655.58,3121.4,0.59765625,7469,551,CEAl,CEA,185,left,0
7470,7471,2,6314.3,5655.78,3123.16,0.19140625,7470,551,CEAl,CEA,185,left,0
7471,7472,2,6312.8,5655.78,3124.08,0.83984375,7471,551,CEAl,CEA,185,left,0
7472,7473,2,6310.74,5655.78,3124.36,0.3515625,7472,551,CEAl,CEA,185,left,0
7473,7474,2,6310.2,5656.82,3124.46,0.67578125,7473,551,CEAl,CEA,185,left,0
7474,7475,2,6310.06,5659.18,3123.84,0.2421875,7474,551,CEAl,CEA,185,left,0
7475,7476,2,6309.9,5661.08,3124.22,0.2421875,7475,551,CEAl,CEA,185,left,0
7476,7477,2,6308.94,5661.64,3125.38,0.32421875,7476,551,CEAl,CEA,185,left,0
7477,7478,2,6307.92,5662.62,3126.82,0.48828125,7477,551,CEAl,CEA,185,left,0
7478,7479,2,6306.94,5663.06,3127.4,0.37890625,7478,551,CEAl,CEA,185,left,0
7479,7480,2,6305.82,5664.3,3128.98,0.19140625,7479,551,CEAl,CEA,185,left,0
7480,7481,2,6304.76,5666.42,3129.84,0.3515625,7480,551,CEAl,CEA,185,left,0
7481,7482,2,6303.8,5667.88,3130.64,0.48828125,7481,551,CEAl,CEA,185,left,0
7482,7483,2,6303.38,5668.6,3132.22,0.32421875,7482,551,CEAl,CEA,185,left,0
7483,7484,2,6302.56,5668.88,3134.02,0.54296875,7483,551,CEAl,CEA,185,left,0
7484,7485,2,6301.72,5669.66,3135.02,0.37890625,7484,559,CEAm,CEA,185,left,0
7485,7486,2,6300.04,5669.82,3135.48,0.296875,7485,559,CEAm,CEA,185,left,0
7486,7487,2,6299.1,5670.42,3136.98,0.00390625,7486,559,CEAm,CEA,185,left,0
7487,7488,2,6298.82,5672.0,3137.82,0.32421875,7487,559,CEAm,CEA,185,left,0
7488,7489,2,6297.62,5672.88,3138.98,0.1640625,7488,559,CEAm,CEA,185,left,0
7489,7490,2,6295.88,5673.16,3140.64,0.43359375,7489,559,CEAm,CEA,185,left,0
7490,7491,2,6295.3,5672.96,3141.62,0.48828125,7490,559,CEAm,CEA,185,left,0
7491,7492,2,6295.34,5673.1,3143.42,0.296875,7491,559,CEAm,CEA,185,left,0
7492,7493,2,6295.14,5673.98,3144.66,0.3515625,7492,559,CEAm,CEA,185,left,0
7493,7494,2,6294.12,5674.98,3145.34,0.21484375,7493,559,CEAm,CEA,185,left,0
7494,7495,2,6293.12,5675.24,3146.14,0.32421875,7494,559,CEAm,CEA,185,left,0
7495,7496,2,6292.36,5675.54,3147.68,0.00390625,7495,559,CEAm,CEA,185,left,0
7496,7497,2,6291.92,5676.76,3149.18,0.1640625,7496,559,CEAm,CEA,185,left,0
7497,7498,2,6290.86,5677.9,3149.98,0.48828125,7497,559,CEAm,CEA,185,left,0
7498,7499,2,6290.38,5678.4,3151.14,0.32421875,7498,559,CEAm,CEA,185,left,0
7499,7500,2,6288.06,5678.24,3152.04,0.43359375,7499,559,CEAm,CEA,185,left,0
7500,7501,2,6286.6,5678.0,3151.94,0.32421875,7500,559,CEAm,CEA,185,left,0
7501,7502,2,6285.76,5679.06,3149.86,0.0078125,7501,559,CEAm,CEA,185,left,0
7502,7503,2,6284.06,5679.36,3149.68,0.40625,7502,559,CEAm,CEA,185,left,0
7503,7504,2,6282.94,5680.52,3150.12,0.26953125,7503,559,CEAm,CEA,185,left,0
7504,7505,2,6281.46,5683.3,3150.34,0.48828125,7504,559,CEAm,CEA,185,left,0
7505,7506,2,6280.68,5684.06,3150.9,0.1640625,7505,559,CEAm,CEA,185,left,0
7506,7507,2,6280.56,5686.36,3151.6,0.43359375,7506,559,CEAm,CEA,185,left,0
7507,7508,2,6279.94,5687.44,3152.56,0.26953125,7507,559,CEAm,CEA,185,left,0
7508,7509,2,6278.88,5688.16,3153.7,0.4609375,7508,559,CEAm,CEA,185,left,0
7509,7510,2,6277.5,5688.66,3154.32,0.4609375,7509,559,CEAm,CEA,185,left,0
7510,7511,2,6277.26,5690.04,3154.98,0.26953125,7510,559,CEAm,CEA,185,left,0
7511,7512,2,6276.84,5691.66,3156.04,0.21484375,7511,559,CEAm,CEA,185,left,0
7512,7513,2,6275.32,5692.06,3156.34,0.2421875,7512,559,CEAm,CEA,185,left,0
7513,7514,2,6273.38,5692.64,3156.86,0.296875,7513,559,CEAm,CEA,185,left,0
7514,7515,2,6272.9,5693.94,3158.24,0.43359375,7514,559,CEAm,CEA,185,left,0
7515,7516,2,6272.12,5694.94,3159.72,0.32421875,7515,559,CEAm,CEA,185,left,0
7516,7517,2,6270.94,5695.4,3160.32,0.3515625,7516,559,CEAm,CEA,185,left,0
7517,7518,2,6270.34,5696.24,3161.22,0.37890625,7517,559,CEAm,CEA,185,left,0
7518,7519,2,6269.2,5696.94,3162.14,0.40625,7518,559,CEAm,CEA,185,left,0
7519,7520,2,6268.84,5697.92,3163.12,0.48828125,7519,559,CEAm,CEA,185,left,0
7520,7521,2,6267.66,5698.36,3163.6,0.37890625,7520,559,CEAm,CEA,185,left,0
7521,7522,2,6266.62,5699.78,3164.2,0.2421875,7521,559,CEAm,CEA,185,left,0
7522,7523,2,6265.32,5700.96,3164.82,0.2421875,7522,559,CEAm,CEA,185,left,0
7523,7524,2,6264.0,5702.52,3165.56,0.5703125,7523,559,CEAm,CEA,185,left,0
7524,7525,2,6263.04,5703.42,3166.58,0.296875,7524,559,CEAm,CEA,185,left,0
7525,7526,2,6262.18,5704.46,3167.52,0.43359375,7525,559,CEAm,CEA,185,left,0
7526,7527,2,6262.18,5704.74,3168.64,0.19140625,7526,559,CEAm,CEA,185,left,0
7527,7528,2,6260.96,5705.24,3169.04,0.19140625,7527,559,CEAm,CEA,185,left,0
7528,7529,2,6259.14,5706.38,3170.36,0.3515625,7528,559,CEAm,CEA,185,left,0
7529,7530,2,6258.28,5707.14,3171.5,0.515625,7529,559,CEAm,CEA,185,left,0
7530,7531,2,6257.1,5708.34,3171.42,0.1640625,7530,559,CEAm,CEA,185,left,0
7531,7532,2,6255.62,5709.88,3171.84,0.2421875,7531,559,CEAm,CEA,185,left,0
7532,7533,2,6255.18,5710.68,3173.22,0.48828125,7532,559,CEAm,CEA,185,left,0
7533,7534,2,6253.9,5711.36,3174.04,0.48828125,7533,559,CEAm,CEA,185,left,0
7534,7535,2,6252.72,5712.32,3175.08,0.4609375,7534,559,CEAm,CEA,185,left,0
7535,7536,2,6252.02,5712.8,3176.64,0.32421875,7535,559,CEAm,CEA,185,left,0
7536,7537,2,6251.1,5712.72,3177.46,0.2421875,7536,559,CEAm,CEA,185,left,0
7537,7538,2,6249.92,5712.76,3178.84,0.26953125,7537,559,CEAm,CEA,185,left,0
7538,7539,2,6249.16,5713.5,3179.5,0.40625,7538,559,CEAm,CEA,185,left,0
7539,7540,2,6247.24,5714.56,3179.8,0.32421875,7539,559,CEAm,CEA,185,left,0
7540,7541,2,6246.6,5715.46,3180.74,0.54296875,7540,559,CEAm,CEA,185,left,0
7541,7542,2,6245.44,5716.36,3181.44,0.3515625,7541,559,CEAm,CEA,185,left,0
7542,7543,2,6244.46,5716.06,3182.32,0.43359375,7542,559,CEAm,CEA,185,left,0
7543,7544,2,6243.6,5715.4,3183.84,0.48828125,7543,559,CEAm,CEA,185,left,0
7544,7545,2,6241.78,5715.38,3185.16,0.2421875,7544,559,CEAm,CEA,185,left,0
7545,7546,2,6240.94,5716.08,3185.72,0.00390625,7545,559,CEAm,CEA,185,left,0
7546,7547,2,6239.0,5717.06,3186.26,0.2421875,7546,559,CEAm,CEA,185,left,0
7547,7548,2,6238.14,5718.32,3186.66,0.3515625,7547,559,CEAm,CEA,185,left,0
7548,7549,2,6236.68,5719.56,3186.58,0.40625,7548,559,CEAm,CEA,185,left,0
7549,7550,2,6235.6,5720.34,3186.9,0.4609375,7549,559,CEAm,CEA,185,left,0
7550,7551,2,6234.46,5721.48,3187.18,0.3515625,7550,559,CEAm,CEA,185,left,0
7551,7552,2,6233.04,5722.26,3187.76,0.19140625,7551,559,CEAm,CEA,185,left,0
7552,7553,2,6231.36,5723.12,3189.02,0.3515625,7552,559,CEAm,CEA,185,left,0
7553,7554,2,6229.88,5724.02,3189.48,0.48828125,7553,559,CEAm,CEA,185,left,0
7554,7555,2,6229.46,5724.9,3190.34,0.32421875,7554,559,CEAm,CEA,185,left,0
7555,7556,2,6228.6,5724.08,3190.22,0.00390625,7555,559,CEAm,CEA,185,left,0
7556,7557,2,6226.54,5724.32,3190.12,0.2421875,7556,559,CEAm,CEA,185,left,0
7557,7558,2,6225.66,5725.56,3189.8,0.3515625,7557,559,CEAm,CEA,185,left,0
7558,7559,2,6225.52,5727.1,3189.82,0.40625,7558,559,CEAm,CEA,185,left,0
7559,7560,2,6225.74,5728.56,3191.7,0.1640625,7559,559,CEAm,CEA,185,left,0
7560,7561,2,6225.56,5729.56,3193.02,0.32421875,7560,559,CEAm,CEA,185,left,0
7561,7562,2,6224.36,5729.72,3193.5,0.4609375,7561,559,CEAm,CEA,185,left,0
7562,7563,2,6223.64,5730.1,3194.82,0.1640625,7562,559,CEAm,CEA,185,left,0
7563,7564,2,6222.3,5730.74,3195.44,0.1640625,7563,559,CEAm,CEA,185,left,0
7564,7565,2,6220.7,5731.32,3196.02,0.296875,7564,559,CEAm,CEA,185,left,0
7565,7566,2,6219.54,5731.82,3197.2,0.21484375,7565,559,CEAm,CEA,185,left,0
7566,7567,2,6217.94,5731.84,3198.28,0.00390625,7566,559,CEAm,CEA,185,left,0
7567,7568,2,6216.2,5732.58,3198.86,0.3515625,7567,559,CEAm,CEA,185,left,0
7568,7569,2,6213.78,5734.12,3198.42,0.26953125,7568,559,CEAm,CEA,185,left,0
7569,7570,2,6211.9,5734.76,3197.64,0.19140625,7569,559,CEAm,CEA,185,left,0
7570,7571,2,6210.42,5735.58,3197.62,0.1640625,7570,559,CEAm,CEA,185,left,0
7571,7572,2,6208.86,5735.82,3197.92,0.1640625,7571,559,CEAm,CEA,185,left,0
7572,7573,2,6207.46,5736.02,3198.02,0.32421875,7572,559,CEAm,CEA,185,left,0
7573,7574,2,6207.76,5739.48,3196.68,0.43359375,7573,559,CEAm,CEA,185,left,0
7574,7575,2,6207.9,5740.78,3197.36,0.5703125,7574,559,CEAm,CEA,185,left,0
7575,7576,2,6206.74,5741.06,3198.08,0.48828125,7575,559,CEAm,CEA,185,left,0
7576,7577,2,6204.88,5740.56,3198.78,0.8671875,7576,559,CEAm,CEA,185,left,0
7577,7578,2,6204.02,5739.74,3200.4,0.515625,7577,559,CEAm,CEA,185,left,0
7578,7579,2,6202.06,5739.36,3201.3,0.4609375,7578,559,CEAm,CEA,185,left,0
7579,7580,2,6199.92,5739.06,3201.16,0.32421875,7579,559,CEAm,CEA,185,left,0
7580,7581,2,6197.98,5739.16,3200.86,0.3515625,7580,559,CEAm,CEA,185,left,0
7581,7582,2,6196.3,5740.64,3200.06,0.21484375,7581,559,CEAm,CEA,185,left,0
7582,7583,2,6195.62,5742.68,3199.02,0.19140625,7582,559,CEAm,CEA,185,left,0
7583,7584,2,6195.48,5744.4,3198.9,0.00390625,7583,559,CEAm,CEA,185,left,0
7584,7585,2,6195.62,5745.46,3200.32,0.515625,7584,559,CEAm,CEA,185,left,0
7585,7586,2,6195.56,5746.88,3201.66,0.59765625,7585,559,CEAm,CEA,185,left,0
7586,7587,2,6193.84,5746.98,3201.36,0.26953125,7586,559,CEAm,CEA,185,left,0
7587,7588,2,6191.3,5746.62,3201.14,0.32421875,7587,559,CEAm,CEA,185,left,0
7588,7589,2,6189.9,5746.4,3201.02,0.32421875,7588,559,CEAm,CEA,185,left,0
7589,7590,2,6188.42,5747.02,3201.06,0.015625,7589,559,CEAm,CEA,185,left,0
7590,7591,2,6186.86,5747.92,3201.34,0.4609375,7590,559,CEAm,CEA,185,left,0
7591,7592,2,6184.94,5749.12,3201.8,0.296875,7591,559,CEAm,CEA,185,left,0
7592,7593,2,6184.02,5749.96,3201.96,0.37890625,7592,559,CEAm,CEA,185,left,0
7593,7594,2,6182.44,5750.36,3201.98,0.0078125,7593,559,CEAm,CEA,185,left,0
7594,7595,2,6180.42,5751.04,3201.74,0.32421875,7594,559,CEAm,CEA,185,left,0
7595,7596,2,6178.76,5751.6,3202.14,0.37890625,7595,559,CEAm,CEA,185,left,0
7596,7597,2,6177.24,5752.66,3202.64,0.19140625,7596,559,CEAm,CEA,185,left,0
7597,7598,2,6176.24,5753.1,3202.8,0.26953125,7597,559,CEAm,CEA,185,left,0
7598,7599,2,6174.92,5753.82,3203.7,0.73046875,7598,559,CEAm,CEA,185,left,0
7599,7600,2,6173.62,5754.46,3204.32,0.3515625,7599,559,CEAm,CEA,185,left,0
7600,7601,2,6172.82,5756.34,3204.58,0.37890625,7600,559,CEAm,CEA,185,left,0
7601,7602,2,6173.24,5757.56,3205.84,0.37890625,7601,559,CEAm,CEA,185,left,0
7602,7603,2,6172.4,5758.04,3206.62,0.515625,7602,559,CEAm,CEA,185,left,0
7603,7604,2,6170.5,5757.92,3206.34,0.26953125,7603,559,CEAm,CEA,185,left,0
7604,7605,2,6167.94,5757.5,3206.08,0.32421875,7604,559,CEAm,CEA,185,left,0
7605,7606,2,6166.4,5757.22,3206.3,0.37890625,7605,559,CEAm,CEA,185,left,0
7606,7607,2,6164.82,5756.82,3206.84,0.296875,7606,559,CEAm,CEA,185,left,0
7607,7608,2,6162.94,5756.62,3207.44,0.32421875,7607,559,CEAm,CEA,185,left,0
7608,7609,2,6162.18,5757.14,3207.44,0.1640625,7608,559,CEAm,CEA,185,left,0
7609,7610,2,6160.78,5757.56,3207.3,0.0078125,7609,559,CEAm,CEA,185,left,0
7610,7611,2,6159.62,5758.28,3207.68,0.296875,7610,559,CEAm,CEA,185,left,0
7611,7612,2,6158.42,5758.98,3208.52,0.2421875,7611,559,CEAm,CEA,185,left,0
7612,7613,2,6157.32,5759.38,3208.38,0.21484375,7612,559,CEAm,CEA,185,left,0
7613,7614,2,6156.48,5760.82,3208.56,0.2421875,7613,559,CEAm,CEA,185,left,0
7614,7615,2,6155.14,5761.9,3208.52,0.40625,7614,559,CEAm,CEA,185,left,0
7615,7616,2,6154.42,5763.68,3208.36,0.48828125,7615,559,CEAm,CEA,185,left,0
7616,7617,2,6153.64,5764.8,3208.54,0.43359375,7616,559,CEAm,CEA,185,left,0
7617,7618,2,6152.26,5765.74,3208.8,0.37890625,7617,559,CEAm,CEA,185,left,0
7618,7619,2,6150.98,5766.04,3208.86,0.296875,7618,559,CEAm,CEA,185,left,0
7619,7620,2,6148.76,5767.94,3208.86,0.37890625,7619,559,CEAm,CEA,185,left,0
7620,7621,2,6147.62,5769.4,3208.76,0.21484375,7620,559,CEAm,CEA,185,left,0
7621,7622,2,6146.3,5770.16,3208.54,0.67578125,7621,559,CEAm,CEA,185,left,0
7622,7623,2,6144.14,5771.6,3209.02,0.2421875,7622,559,CEAm,CEA,185,left,0
7623,7624,2,6142.54,5772.48,3209.0,0.43359375,7623,559,CEAm,CEA,185,left,0
7624,7625,2,6141.9,5774.48,3209.16,0.19140625,7624,559,CEAm,CEA,185,left,0
7625,7626,2,6140.58,5775.26,3209.24,0.21484375,7625,559,CEAm,CEA,185,left,0
7626,7627,2,6139.6,5776.28,3209.62,0.21484375,7626,559,CEAm,CEA,185,left,0
7627,7628,2,6138.22,5776.64,3209.22,0.19140625,7627,559,CEAm,CEA,185,left,0
7628,7629,2,6136.5,5776.8,3209.24,0.00390625,7628,559,CEAm,CEA,185,left,0
7629,7630,2,6134.0,5777.72,3208.52,0.19140625,7629,559,CEAm,CEA,185,left,0
7630,7631,2,6131.6,5778.28,3208.72,0.40625,7630,559,CEAm,CEA,185,left,0
7631,7632,2,6129.84,5778.52,3208.84,0.19140625,7631,559,CEAm,CEA,185,left,0
7632,7633,2,6128.78,5778.34,3210.02,0.19140625,7632,559,CEAm,CEA,185,left,0
7633,7634,2,6127.42,5779.04,3211.16,0.26953125,7633,559,CEAm,CEA,185,left,0
7634,7635,2,6126.24,5779.6,3211.48,0.43359375,7634,559,CEAm,CEA,185,left,0
7635,7636,2,6126.08,5781.68,3212.04,0.43359375,7635,559,CEAm,CEA,185,left,0
7636,7637,2,6126.04,5783.98,3212.36,0.32421875,7636,559,CEAm,CEA,185,left,0
7637,7638,2,6125.38,5785.26,3212.82,0.32421875,7637,559,CEAm,CEA,185,left,0
7638,7639,2,6124.22,5786.32,3212.78,0.32421875,7638,559,CEAm,CEA,185,left,0
7639,7640,2,6123.94,5788.52,3212.98,0.26953125,7639,559,CEAm,CEA,185,left,0
7640,7641,2,6123.54,5790.16,3213.72,0.40625,7640,559,CEAm,CEA,185,left,0
7641,7642,2,6122.38,5791.4,3213.78,0.40625,7641,559,CEAm,CEA,185,left,0
7642,7643,2,6121.88,5793.0,3214.42,0.32421875,7642,559,CEAm,CEA,185,left,0
7643,7644,2,6120.32,5793.64,3214.44,0.32421875,7643,559,CEAm,CEA,185,left,0
7644,7645,2,6118.56,5794.1,3213.52,0.40625,7644,559,CEAm,CEA,185,left,0
7645,7646,2,6117.6,5795.18,3212.94,0.515625,7645,559,CEAm,CEA,185,left,0
7646,7647,2,6117.42,5796.74,3213.36,0.32421875,7646,559,CEAm,CEA,185,left,0
7647,7648,2,6116.24,5797.6,3213.58,0.2421875,7647,559,CEAm,CEA,185,left,0
7648,7649,2,6115.36,5798.4,3214.18,0.32421875,7648,559,CEAm,CEA,185,left,0
7649,7650,2,6113.28,5798.66,3213.96,0.32421875,7649,559,CEAm,CEA,185,left,0
7650,7651,2,6111.86,5799.08,3213.98,0.26953125,7650,559,CEAm,CEA,185,left,0
7651,7652,2,6111.36,5800.78,3214.68,0.21484375,7651,559,CEAm,CEA,185,left,0
7652,7653,2,6110.06,5801.9,3215.46,0.26953125,7652,559,CEAm,CEA,185,left,0
7653,7654,2,6108.96,5803.34,3216.06,0.296875,7653,559,CEAm,CEA,185,left,0
7654,7655,2,6107.86,5803.9,3216.2,0.26953125,7654,559,CEAm,CEA,185,left,0
7655,7656,2,6106.18,5805.58,3216.42,0.21484375,7655,559,CEAm,CEA,185,left,0
7656,7657,2,6105.54,5806.62,3217.02,0.296875,7656,559,CEAm,CEA,185,left,0
7657,7658,2,6103.98,5807.34,3217.12,0.3515625,7657,559,CEAm,CEA,185,left,0
7658,7659,2,6102.7,5808.2,3217.44,0.2421875,7658,559,CEAm,CEA,185,left,0
7659,7660,2,6101.3,5809.26,3217.92,0.2421875,7659,559,CEAm,CEA,185,left,0
7660,7661,2,6099.82,5809.8,3218.42,0.26953125,7660,559,CEAm,CEA,185,left,0
7661,7662,2,6097.94,5810.0,3218.82,0.2421875,7661,559,CEAm,CEA,185,left,0
7662,7663,2,6096.16,5810.32,3218.68,0.19140625,7662,559,CEAm,CEA,185,left,0
7663,7664,2,6095.32,5810.86,3219.18,0.1640625,7663,559,CEAm,CEA,185,left,0
7664,7665,2,6093.72,5811.4,3219.36,0.19140625,7664,559,CEAm,CEA,185,left,0
7665,7666,2,6091.76,5812.1,3218.92,0.32421875,7665,559,CEAm,CEA,185,left,0
7666,7667,2,6089.86,5812.32,3219.18,0.296875,7666,559,CEAm,CEA,185,left,0
7667,7668,2,6088.62,5812.62,3219.5,0.19140625,7667,559,CEAm,CEA,185,left,0
7668,7669,2,6087.28,5813.46,3219.98,0.37890625,7668,559,CEAm,CEA,185,left,0
7669,7670,2,6085.76,5814.1,3220.2,0.40625,7669,559,CEAm,CEA,185,left,0
7670,7671,2,6084.0,5814.66,3220.08,0.19140625,7670,559,CEAm,CEA,185,left,0
7671,7672,2,6081.78,5815.1,3219.96,0.4609375,7671,559,CEAm,CEA,185,left,0
7672,7673,2,6080.06,5815.58,3219.88,0.26953125,7672,559,CEAm,CEA,185,left,0
7673,7674,2,6077.96,5815.94,3219.9,0.19140625,7673,559,CEAm,CEA,185,left,0
7674,7675,2,6077.1,5816.62,3220.84,0.21484375,7674,559,CEAm,CEA,185,left,0
7675,7676,2,6075.44,5817.04,3221.06,0.32421875,7675,559,CEAm,CEA,185,left,0
7676,7677,2,6074.6,5818.14,3221.48,0.0078125,7676,559,CEAm,CEA,185,left,0
7677,7678,2,6073.64,5819.62,3221.9,0.26953125,7677,559,CEAm,CEA,185,left,0
7678,7679,2,6072.18,5819.9,3221.82,0.32421875,7678,559,CEAm,CEA,185,left,0
7679,7680,2,6071.26,5821.12,3221.62,0.296875,7679,559,CEAm,CEA,185,left,0
7680,7681,2,6068.7,5822.22,3220.86,0.296875,7680,559,CEAm,CEA,185,left,0
7681,7682,2,6067.28,5822.9,3220.88,0.296875,7681,559,CEAm,CEA,185,left,0
7682,7683,2,6064.44,5822.24,3221.04,0.43359375,7682,559,CEAm,CEA,185,left,0
7683,7684,2,6063.86,5822.14,3221.4,0.43359375,7683,559,CEAm,CEA,185,left,0
7684,7685,2,6007.6,5919.02,3427.94,0.01171875,6927,559,CEAm,CEA,186,left,0
7685,7686,2,6007.14,5919.14,3429.64,0.62109375,7685,559,CEAm,CEA,186,left,0
7686,7687,2,6006.7,5917.94,3431.06,0.40625,7686,559,CEAm,CEA,186,left,0
7687,7688,2,6005.7,5917.16,3432.28,0.4609375,7687,559,CEAm,CEA,186,left,1
7688,7689,2,6009.18,5921.02,3428.46,0.03515625,6927,559,CEAm,CEA,187,left,0
7689,7690,2,6008.56,5923.84,3430.46,0.296875,7689,559,CEAm,CEA,187,left,0
7690,7691,2,6007.36,5925.34,3431.1,0.21484375,7690,559,CEAm,CEA,187,left,0
7691,7692,2,6005.98,5926.24,3431.84,0.1640625,7691,559,CEAm,CEA,187,left,0
7692,7693,2,6005.2,5927.0,3433.2,0.32421875,7692,559,CEAm,CEA,187,left,0
7693,7694,2,6004.3,5928.12,3434.06,0.296875,7693,559,CEAm,CEA,187,left,0
7694,7695,2,6003.82,5930.5,3435.4,0.40625,7694,559,CEAm,CEA,187,left,0
7695,7696,2,6003.54,5932.54,3437.1,0.26953125,7695,559,CEAm,CEA,187,left,0
7696,7697,2,6002.52,5933.58,3438.16,0.1640625,7696,559,CEAm,CEA,187,left,0
7697,7698,2,6001.96,5934.58,3440.12,1.08203125,7697,559,CEAm,CEA,187,left,0
7698,7699,2,6000.92,5934.62,3440.92,0.296875,7698,559,CEAm,CEA,187,left,0
7699,7700,2,6000.0,5935.04,3442.22,0.515625,7699,559,CEAm,CEA,187,left,0
7700,7701,2,5998.04,5935.22,3442.42,0.26953125,7700,559,CEAm,CEA,187,left,0
7701,7702,2,5995.44,5935.54,3442.84,0.40625,7701,559,CEAm,CEA,187,left,0
7702,7703,2,5994.36,5935.94,3443.92,0.3515625,7702,559,CEAm,CEA,187,left,0
7703,7704,2,5992.56,5935.9,3444.3,0.37890625,7703,559,CEAm,CEA,187,left,0
7704,7705,2,5991.1,5937.9,3446.52,0.78515625,7704,559,CEAm,CEA,187,left,0
7705,7706,2,5989.2,5937.94,3446.38,0.32421875,7705,559,CEAm,CEA,187,left,0
7706,7707,2,5987.2,5937.58,3446.5,0.296875,7706,559,CEAm,CEA,187,left,0
7707,7708,2,5986.52,5938.3,3447.68,0.26953125,7707,559,CEAm,CEA,187,left,0
7708,7709,2,5985.58,5939.98,3448.74,0.67578125,7708,559,CEAm,CEA,187,left,0
7709,7710,2,5985.08,5941.88,3449.56,0.32421875,7709,559,CEAm,CEA,187,left,0
7710,7711,2,5983.64,5942.94,3451.06,0.3515625,7710,559,CEAm,CEA,187,left,0
7711,7712,2,5981.74,5943.46,3452.38,0.19140625,7711,559,CEAm,CEA,187,left,0
7712,7713,2,5980.76,5944.24,3453.16,0.1640625,7712,559,CEAm,CEA,187,left,0
7713,7714,2,5979.46,5944.42,3453.82,0.2421875,7713,559,CEAm,CEA,187,left,0
7714,7715,2,5978.58,5945.32,3455.02,0.2421875,7714,559,CEAm,CEA,187,left,0
7715,7716,2,5977.36,5945.8,3455.64,0.296875,7715,559,CEAm,CEA,187,left,0
7716,7717,2,5975.9,5946.24,3455.86,0.19140625,7716,559,CEAm,CEA,187,left,0
7717,7718,2,5974.02,5946.6,3456.78,0.26953125,7717,559,CEAm,CEA,187,left,0
7718,7719,2,5973.12,5947.64,3457.08,0.2421875,7718,559,CEAm,CEA,187,left,0
7719,7720,2,5972.68,5949.32,3458.08,0.00390625,7719,559,CEAm,CEA,187,left,0
7720,7721,2,5971.48,5949.98,3458.44,0.48828125,7720,559,CEAm,CEA,187,left,0
7721,7722,2,6247.16,5850.52,3395.82,0.00390625,7084,559,CEAm,CEA,188,left,0
7722,7723,2,6248.32,5851.14,3397.02,0.32421875,7722,559,CEAm,CEA,188,left,0
7723,7724,2,6250.98,5851.4,3398.1,0.2421875,7723,559,CEAm,CEA,188,left,0
7724,7725,2,6252.94,5851.26,3398.48,0.4609375,7724,559,CEAm,CEA,188,left,0
7725,7726,2,6255.46,5851.38,3398.22,0.01171875,7725,559,CEAm,CEA,188,left,0
7726,7727,2,6256.58,5851.68,3397.0,0.43359375,7726,559,CEAm,CEA,188,left,0
7727,7728,2,6257.68,5853.48,3396.38,0.296875,7727,559,CEAm,CEA,188,left,0
7728,7729,2,6257.96,5854.64,3396.64,0.43359375,7728,559,CEAm,CEA,188,left,0
7729,7730,2,6259.4,5855.8,3397.14,0.515625,7729,559,CEAm,CEA,188,left,0
7730,7731,2,6260.46,5856.42,3398.26,0.26953125,7730,559,CEAm,CEA,188,left,0
7731,7732,2,6262.7,5856.14,3401.18,0.26953125,7731,559,CEAm,CEA,188,left,0
7732,7733,2,6263.26,5856.38,3403.12,0.8125,7732,559,CEAm,CEA,188,left,0
7733,7734,2,6264.24,5856.58,3404.06,0.296875,7733,559,CEAm,CEA,188,left,0
7734,7735,2,6266.18,5856.82,3404.86,0.515625,7734,559,CEAm,CEA,188,left,0
7735,7736,2,6267.56,5857.28,3405.78,1.0546875,7735,559,CEAm,CEA,188,left,0
7736,7737,2,6269.8,5858.68,3406.1,0.7578125,7736,559,CEAm,CEA,188,left,0
7737,7738,2,6272.16,5860.02,3406.32,0.1640625,7737,559,CEAm,CEA,188,left,0
7738,7739,2,6273.02,5860.92,3406.96,0.515625,7738,559,CEAm,CEA,188,left,0
7739,7740,2,6274.94,5861.86,3408.06,0.00390625,7739,559,CEAm,CEA,188,left,0
7740,7741,2,6276.78,5862.62,3408.7,0.26953125,7740,559,CEAm,CEA,188,left,0
7741,7742,2,6278.24,5863.32,3408.82,0.296875,7741,559,CEAm,CEA,188,left,0
7742,7743,2,6280.38,5864.52,3409.02,0.19140625,7742,559,CEAm,CEA,188,left,0
7743,7744,2,6281.26,5865.52,3409.2,0.32421875,7743,559,CEAm,CEA,188,left,0
7744,7745,2,6283.2,5866.58,3409.64,0.515625,7744,559,CEAm,CEA,188,left,0
7745,7746,2,6284.66,5867.12,3410.44,0.21484375,7745,559,CEAm,CEA,188,left,0
7746,7747,2,6286.66,5867.44,3410.7,0.0078125,7746,559,CEAm,CEA,188,left,0
7747,7748,2,6287.78,5868.46,3411.18,0.1640625,7747,559,CEAm,CEA,188,left,0
7748,7749,2,6290.06,5870.3,3411.64,0.2421875,7748,559,CEAm,CEA,188,left,0
7749,7750,2,6291.56,5871.54,3412.1,0.4609375,7749,559,CEAm,CEA,188,left,0
7750,7751,2,6294.2,5873.22,3412.56,0.921875,7750,559,CEAm,CEA,188,left,0
7751,7752,2,6295.6,5874.4,3412.84,0.89453125,7751,559,CEAm,CEA,188,left,0
7752,7753,2,6295.94,5875.94,3414.24,0.48828125,7752,559,CEAm,CEA,188,left,0
7753,7754,2,6296.38,5878.24,3415.78,0.21484375,7753,559,CEAm,CEA,188,left,0
7754,7755,2,6297.8,5879.72,3416.98,0.26953125,7754,559,CEAm,CEA,188,left,0
7755,7756,2,6298.72,5881.88,3418.22,0.48828125,7755,559,CEAm,CEA,188,left,0
7756,7757,2,6300.26,5883.0,3419.22,0.32421875,7756,559,CEAm,CEA,188,left,0
7757,7758,2,6302.5,5883.88,3419.76,0.21484375,7757,559,CEAm,CEA,188,left,0
7758,7759,2,6304.9,5884.34,3420.14,0.3515625,7758,559,CEAm,CEA,188,left,0
7759,7760,2,6306.78,5885.28,3420.54,0.37890625,7759,559,CEAm,CEA,188,left,0
7760,7761,2,6308.46,5886.38,3420.72,0.2421875,7760,559,CEAm,CEA,188,left,0
7761,7762,2,6311.08,5887.06,3420.36,0.2421875,7761,559,CEAm,CEA,188,left,0
7762,7763,2,6313.12,5888.0,3420.24,0.2421875,7762,559,CEAm,CEA,188,left,0
7763,7764,2,6314.56,5889.72,3420.1,0.32421875,7763,559,CEAm,CEA,188,left,0
7764,7765,2,6316.34,5892.38,3419.82,0.1640625,7764,559,CEAm,CEA,188,left,0
7765,7766,2,6317.5,5895.28,3419.48,0.4609375,7765,559,CEAm,CEA,188,left,0
7766,7767,2,6318.34,5897.7,3419.38,0.26953125,7766,559,CEAm,CEA,188,left,0
7767,7768,2,6319.58,5899.6,3419.32,0.32421875,7767,559,CEAm,CEA,188,left,0
7768,7769,2,6319.96,5902.28,3419.38,0.48828125,7768,559,CEAm,CEA,188,left,0
7769,7770,2,6320.44,5905.1,3418.84,0.0078125,7769,559,CEAm,CEA,188,left,0
7770,7771,2,6322.18,5906.12,3419.34,0.4609375,7770,559,CEAm,CEA,188,left,0
7771,7772,2,6323.58,5906.94,3420.26,0.40625,7771,559,CEAm,CEA,188,left,0
7772,7773,2,6324.56,5909.1,3420.92,0.6484375,7772,559,CEAm,CEA,188,left,0
7773,7774,2,6324.92,5911.44,3421.66,0.54296875,7773,559,CEAm,CEA,188,left,0
7774,7775,2,6325.94,5912.96,3422.38,0.21484375,7774,559,CEAm,CEA,188,left,0
7775,7776,2,6326.82,5915.34,3422.98,0.54296875,7775,559,CEAm,CEA,188,left,0
7776,7777,2,6325.38,5916.16,3423.14,0.0078125,7776,559,CEAm,CEA,188,left,0
7777,7778,2,6325.4,5918.02,3424.3,0.5703125,7777,559,CEAm,CEA,188,left,0
7778,7779,2,6325.44,5919.02,3426.1,0.40625,7778,559,CEAm,CEA,188,left,0
7779,7780,2,6324.6,5919.62,3427.1,0.3515625,7779,559,CEAm,CEA,188,left,0
7780,7781,2,6323.78,5921.06,3427.86,0.26953125,7780,559,CEAm,CEA,188,left,0
7781,7782,2,6323.2,5923.94,3430.1,0.296875,7781,559,CEAm,CEA,188,left,0
7782,7783,2,6323.96,5926.4,3431.68,0.1640625,7782,559,CEAm,CEA,188,left,0
7783,7784,2,6325.06,5928.68,3432.74,0.37890625,7783,559,CEAm,CEA,188,left,0
7784,7785,2,6326.02,5931.72,3433.64,0.1640625,7784,559,CEAm,CEA,188,left,0
7785,7786,2,6326.22,5934.46,3433.82,0.26953125,7785,559,CEAm,CEA,188,left,0
7786,7787,2,6326.4,5936.48,3434.24,0.62109375,7786,559,CEAm,CEA,188,left,0
7787,7788,2,6328.36,5939.04,3436.08,0.48828125,7787,559,CEAm,CEA,188,left,0
7788,7789,2,6329.84,5940.52,3437.32,0.32421875,7788,559,CEAm,CEA,188,left,0
7789,7790,2,6330.2,5941.94,3439.18,0.40625,7789,559,CEAm,CEA,188,left,0
7790,7791,2,6330.7,5942.32,3442.52,0.2421875,7790,559,CEAm,CEA,188,left,0
7791,7792,2,6331.38,5941.46,3444.06,0.54296875,7791,559,CEAm,CEA,188,left,0
7792,7793,2,6331.56,5940.24,3446.16,0.01171875,7792,559,CEAm,CEA,188,left,0
7793,7794,2,6331.4,5938.46,3448.74,0.43359375,7793,559,CEAm,CEA,188,left,0
7794,7795,2,6330.76,5937.0,3450.52,0.515625,7794,559,CEAm,CEA,188,left,0
7795,7796,2,6330.68,5935.14,3453.64,0.32421875,7795,559,CEAm,CEA,188,left,0
7796,7797,2,6330.4,5934.12,3455.02,0.19140625,7796,559,CEAm,CEA,188,left,0
7797,7798,2,6329.16,5933.84,3455.26,0.296875,7797,559,CEAm,CEA,188,left,0
7798,7799,2,6328.7,5933.34,3456.4,0.48828125,7798,559,CEAm,CEA,188,left,0
7799,7800,2,6328.8,5932.7,3458.48,0.54296875,7799,559,CEAm,CEA,188,left,0
7800,7801,2,6328.78,5931.26,3459.74,0.43359375,7800,559,CEAm,CEA,188,left,0
7801,7802,2,6328.8,5930.2,3461.34,0.21484375,7801,559,CEAm,CEA,188,left,0
7802,7803,2,6329.24,5928.28,3461.94,0.2421875,7802,559,CEAm,CEA,188,left,0
7803,7804,2,6330.4,5926.74,3462.58,0.32421875,7803,559,CEAm,CEA,188,left,0
7804,7805,2,6330.68,5924.46,3465.24,0.59765625,7804,559,CEAm,CEA,188,left,0
7805,7806,2,6330.92,5923.4,3466.54,0.8671875,7805,559,CEAm,CEA,188,left,0
7806,7807,2,6332.36,5922.9,3466.98,0.32421875,7806,559,CEAm,CEA,188,left,0
7807,7808,2,6333.62,5921.68,3467.62,0.37890625,7807,559,CEAm,CEA,188,left,0
7808,7809,2,6333.8,5919.34,3468.52,0.40625,7808,559,CEAm,CEA,188,left,0
7809,7810,2,6335.32,5917.88,3469.74,0.32421875,7809,559,CEAm,CEA,188,left,0
7810,7811,2,6337.28,5917.54,3470.56,0.32421875,7810,559,CEAm,CEA,188,left,0
7811,7812,2,6338.44,5917.26,3471.12,0.0546875,7811,559,CEAm,CEA,188,left,0
7812,7813,2,6338.64,5915.54,3472.48,0.59765625,7812,559,CEAm,CEA,188,left,0
7813,7814,2,6338.52,5912.64,3473.82,0.296875,7813,559,CEAm,CEA,188,left,0
7814,7815,2,6338.4,5910.14,3474.66,0.1640625,7814,559,CEAm,CEA,188,left,0
7815,7816,2,6338.56,5908.28,3475.78,0.4609375,7815,559,CEAm,CEA,188,left,0
7816,7817,2,6339.9,5907.32,3476.58,0.1640625,7816,559,CEAm,CEA,188,left,0
7817,7818,2,6340.48,5905.66,3477.68,0.67578125,7817,559,CEAm,CEA,188,left,0
7818,7819,2,6341.74,5904.3,3479.46,0.43359375,7818,559,CEAm,CEA,188,left,0
7819,7820,2,6343.42,5903.68,3480.88,0.43359375,7819,559,CEAm,CEA,188,left,0
7820,7821,2,6344.66,5902.58,3482.1,0.19140625,7820,559,CEAm,CEA,188,left,0
7821,7822,2,6345.64,5901.68,3482.28,0.37890625,7821,559,CEAm,CEA,188,left,0
7822,7823,2,6346.18,5897.88,3483.02,0.2421875,7822,559,CEAm,CEA,188,left,0
7823,7824,2,6346.16,5896.46,3484.2,0.5703125,7823,559,CEAm,CEA,188,left,0
7824,7825,2,6345.12,5895.74,3485.6,0.0078125,7824,559,CEAm,CEA,188,left,0
7825,7826,2,6344.34,5895.3,3487.06,0.4609375,7825,559,CEAm,CEA,188,left,0
7826,7827,2,6344.12,5893.92,3488.96,0.48828125,7826,559,CEAm,CEA,188,left,0
7827,7828,2,6342.82,5892.6,3489.98,0.32421875,7827,559,CEAm,CEA,188,left,0
7828,7829,2,6341.64,5892.32,3491.4,0.32421875,7828,559,CEAm,CEA,188,left,0
7829,7830,2,6340.72,5892.26,3491.54,0.02734375,7829,559,CEAm,CEA,188,left,0
7830,7831,2,6340.56,5892.74,3494.42,0.32421875,7830,559,CEAm,CEA,188,left,0
7831,7832,2,6340.64,5892.92,3495.44,0.6484375,7831,559,CEAm,CEA,188,left,0
7832,7833,2,6340.96,5894.7,3498.34,0.4609375,7832,559,CEAm,CEA,188,left,0
7833,7834,2,6341.14,5895.62,3500.16,0.3515625,7833,559,CEAm,CEA,188,left,0
7834,7835,2,6340.52,5895.82,3503.14,0.2421875,7834,559,CEAm,CEA,188,left,0
7835,7836,2,6340.94,5897.1,3505.68,0.32421875,7835,559,CEAm,CEA,188,left,0
7836,7837,2,6341.7,5898.2,3506.54,0.3515625,7836,559,CEAm,CEA,188,left,0
7837,7838,2,6342.06,5899.38,3510.12,0.32421875,7837,559,CEAm,CEA,188,left,0
7838,7839,2,6342.86,5899.48,3511.84,0.32421875,7838,559,CEAm,CEA,188,left,0
7839,7840,2,6344.02,5899.62,3512.88,0.48828125,7839,559,CEAm,CEA,188,left,0
7840,7841,2,6344.4,5899.12,3515.16,0.00390625,7840,559,CEAm,CEA,188,left,0
7841,7842,2,6344.68,5899.44,3518.92,0.296875,7841,559,CEAm,CEA,188,left,0
7842,7843,2,6344.8,5899.94,3520.18,0.37890625,7842,559,CEAm,CEA,188,left,0
7843,7844,2,6345.1,5901.02,3523.54,0.00390625,7843,559,CEAm,CEA,188,left,0
7844,7845,2,6345.04,5901.22,3525.62,0.37890625,7844,559,CEAm,CEA,188,left,0
7845,7846,2,6343.9,5901.24,3526.36,0.40625,7845,559,CEAm,CEA,188,left,0
7846,7847,2,6343.58,5902.02,3530.06,0.296875,7846,559,CEAm,CEA,188,left,0
7847,7848,2,6343.42,5903.06,3531.78,0.19140625,7847,559,CEAm,CEA,188,left,0
7848,7849,2,6342.26,5903.76,3532.64,0.1640625,7848,559,CEAm,CEA,188,left,0
7849,7850,2,6340.8,5903.76,3532.9,0.0078125,7849,559,CEAm,CEA,188,left,0
7850,7851,2,6340.28,5904.44,3538.5,0.2421875,7850,559,CEAm,CEA,188,left,0
7851,7852,2,6341.22,5904.58,3540.72,0.2421875,7851,559,CEAm,CEA,188,left,0
7852,7853,2,6342.46,5905.46,3541.36,0.4609375,7852,559,CEAm,CEA,188,left,0
7853,7854,2,6342.86,5908.8,3542.42,0.00390625,7853,559,CEAm,CEA,188,left,0
7854,7855,2,6343.22,5911.9,3544.82,0.40625,7854,559,CEAm,CEA,188,left,0
7855,7856,2,6343.4,5913.16,3546.2,0.296875,7855,559,CEAm,CEA,188,left,0
7856,7857,2,6343.42,5915.4,3547.2,0.32421875,7856,559,CEAm,CEA,188,left,0
7857,7858,2,6342.18,5916.2,3547.32,0.32421875,7857,559,CEAm,CEA,188,left,0
7858,7859,2,6339.28,5916.26,3547.58,0.2421875,7858,559,CEAm,CEA,188,left,0
7859,7860,2,6337.92,5916.12,3548.08,0.37890625,7859,559,CEAm,CEA,188,left,0
7860,7861,2,6335.94,5914.84,3549.52,0.296875,7860,559,CEAm,CEA,188,left,0
7861,7862,2,6335.04,5913.0,3550.88,0.54296875,7861,559,CEAm,CEA,188,left,0
7862,7863,2,6333.8,5911.48,3551.7,0.32421875,7862,559,CEAm,CEA,188,left,0
7863,7864,2,6333.42,5909.48,3552.92,0.43359375,7863,559,CEAm,CEA,188,left,0
7864,7865,2,6332.46,5907.38,3553.92,0.4609375,7864,559,CEAm,CEA,188,left,0
7865,7866,2,6331.54,5905.12,3554.5,0.19140625,7865,559,CEAm,CEA,188,left,0
7866,7867,2,6330.2,5903.54,3554.66,0.01171875,7866,559,CEAm,CEA,188,left,0
7867,7868,2,6328.24,5901.2,3554.62,0.26953125,7867,559,CEAm,CEA,188,left,0
7868,7869,2,6326.3,5899.9,3554.32,0.40625,7868,559,CEAm,CEA,188,left,0
7869,7870,2,6324.08,5899.16,3554.62,0.26953125,7869,559,CEAm,CEA,188,left,0
7870,7871,2,6322.92,5899.3,3556.2,0.296875,7870,559,CEAm,CEA,188,left,0
7871,7872,2,6322.42,5898.9,3557.42,0.48828125,7871,559,CEAm,CEA,188,left,0
7872,7873,2,6320.96,5898.66,3558.38,0.2421875,7872,559,CEAm,CEA,188,left,0
7873,7874,2,6319.26,5898.26,3559.92,0.4609375,7873,559,CEAm,CEA,188,left,0
7874,7875,2,6318.48,5897.94,3560.9,0.40625,7874,559,CEAm,CEA,188,left,0
7875,7876,2,6316.3,5897.98,3561.38,0.32421875,7875,559,CEAm,CEA,188,left,0
7876,7877,2,6314.72,5898.2,3562.3,0.1640625,7876,559,CEAm,CEA,188,left,0
7877,7878,2,6313.5,5898.34,3562.96,0.32421875,7877,559,CEAm,CEA,188,left,0
7878,7879,2,6311.68,5898.06,3563.64,0.0078125,7878,559,CEAm,CEA,188,left,0
7879,7880,2,6309.98,5898.38,3564.02,0.37890625,7879,559,CEAm,CEA,188,left,0
7880,7881,2,6307.88,5898.86,3564.3,0.37890625,7880,559,CEAm,CEA,188,left,0
7881,7882,2,6306.72,5900.02,3565.1,0.54296875,7881,559,CEAm,CEA,188,left,0
7882,7883,2,6305.46,5900.98,3565.34,0.54296875,7882,559,CEAm,CEA,188,left,0
7883,7884,2,6304.36,5902.06,3566.68,0.43359375,7883,559,CEAm,CEA,188,left,0
7884,7885,2,6303.46,5903.52,3568.64,0.296875,7884,559,CEAm,CEA,188,left,0
7885,7886,2,6302.26,5903.68,3569.1,0.26953125,7885,559,CEAm,CEA,188,left,0
7886,7887,2,6300.72,5904.02,3570.68,0.00390625,7886,559,CEAm,CEA,188,left,0
7887,7888,2,6299.84,5904.2,3572.24,0.2421875,7887,559,CEAm,CEA,188,left,0
7888,7889,2,6298.2,5902.92,3572.58,0.296875,7888,559,CEAm,CEA,188,left,0
7889,7890,2,6296.84,5901.04,3572.86,0.296875,7889,559,CEAm,CEA,188,left,1
7890,7891,2,6246.48,5852.1,3395.28,0.515625,7084,559,CEAm,CEA,189,left,0
7891,7892,2,6248.46,5852.9,3395.02,0.43359375,7891,559,CEAm,CEA,189,left,0
7892,7893,2,6249.22,5853.1,3394.12,0.296875,7892,559,CEAm,CEA,189,left,0
7893,7894,2,6250.84,5853.3,3393.26,0.00390625,7893,559,CEAm,CEA,189,left,0
7894,7895,2,6252.86,5853.54,3392.32,0.2421875,7894,559,CEAm,CEA,189,left,0
7895,7896,2,6253.3,5852.88,3391.34,0.515625,7895,559,CEAm,CEA,189,left,0
7896,7897,2,6253.4,5855.28,3388.98,0.00390625,7896,559,CEAm,CEA,189,left,0
7897,7898,2,6254.82,5856.12,3388.02,0.2421875,7897,559,CEAm,CEA,189,left,0
7898,7899,2,6255.14,5857.72,3386.9,0.4609375,7898,559,CEAm,CEA,189,left,0
7899,7900,2,6255.18,5859.68,3386.22,0.015625,7899,559,CEAm,CEA,189,left,0
7900,7901,2,6255.04,5861.44,3386.56,0.3515625,7900,559,CEAm,CEA,189,left,0
7901,7902,2,6254.48,5861.52,3387.46,0.32421875,7901,559,CEAm,CEA,189,left,0
7902,7903,2,6254.52,5862.28,3389.28,0.43359375,7902,559,CEAm,CEA,189,left,0
7903,7904,2,6254.7,5863.58,3391.0,0.2421875,7903,559,CEAm,CEA,189,left,0
7904,7905,2,6254.84,5864.18,3392.5,0.32421875,7904,559,CEAm,CEA,189,left,1
7905,7906,2,6650.52,5417.5,2903.78,0.01171875,7186,551,CEAl,CEA,190,left,0
7906,7907,2,6651.64,5416.14,2905.66,0.3515625,7906,551,CEAl,CEA,190,left,0
7907,7908,2,6651.9,5414.7,2907.28,1.21875,7907,551,CEAl,CEA,190,left,0
7908,7909,2,6651.18,5414.54,2910.02,0.015625,7908,551,CEAl,CEA,190,left,0
7909,7910,2,6650.58,5414.62,2912.12,0.37890625,7909,551,CEAl,CEA,190,left,0
7910,7911,2,6650.8,5414.82,2915.48,0.83984375,7910,551,CEAl,CEA,190,left,0
7911,7912,2,6651.18,5415.34,2918.06,0.6484375,7911,551,CEAl,CEA,190,left,0
7912,7913,2,6651.16,5416.36,2919.68,0.6484375,7912,551,CEAl,CEA,190,left,0
7913,7914,2,6649.46,5416.88,2920.48,0.515625,7913,551,CEAl,CEA,190,left,0
7914,7915,2,6647.68,5417.8,2921.54,0.37890625,7914,551,CEAl,CEA,190,left,0
7915,7916,2,6646.08,5418.64,2922.06,0.48828125,7915,551,CEAl,CEA,190,left,0
7916,7917,2,6644.16,5419.18,2922.7,0.54296875,7916,551,CEAl,CEA,190,left,0
7917,7918,2,6642.88,5419.84,2923.44,0.40625,7917,551,CEAl,CEA,190,left,0
7918,7919,2,6641.38,5420.4,2923.88,0.4609375,7918,551,CEAl,CEA,190,left,0
7919,7920,2,6641.32,5420.86,2924.6,0.59765625,7919,551,CEAl,CEA,190,left,0
7920,7921,2,6641.62,5421.3,2926.7,0.0234375,7920,551,CEAl,CEA,190,left,0
7921,7922,2,6642.04,5421.92,2929.6,0.67578125,7921,551,CEAl,CEA,190,left,0
7922,7923,2,6642.3,5422.28,2931.46,0.3515625,7922,551,CEAl,CEA,190,left,0
7923,7924,2,6641.12,5422.38,2933.04,0.40625,7923,551,CEAl,CEA,190,left,0
7924,7925,2,6639.62,5422.34,2933.86,0.3515625,7924,551,CEAl,CEA,190,left,0
7925,7926,2,6639.58,5422.1,2936.5,0.40625,7925,551,CEAl,CEA,190,left,0
7926,7927,2,6639.08,5422.96,2937.46,0.3515625,7926,551,CEAl,CEA,190,left,0
7927,7928,2,6639.02,5424.56,2939.38,0.43359375,7927,551,CEAl,CEA,190,left,0
7928,7929,2,6638.56,5425.1,2940.8,0.21484375,7928,551,CEAl,CEA,190,left,0
7929,7930,2,6638.44,5425.72,2943.08,0.4609375,7929,551,CEAl,CEA,190,left,0
7930,7931,2,6637.94,5426.32,2944.74,0.48828125,7930,551,CEAl,CEA,190,left,0
7931,7932,2,6637.94,5426.88,2946.44,0.0078125,7931,551,CEAl,CEA,190,left,0
7932,7933,2,6638.28,5428.18,2948.38,0.6484375,7932,551,CEAl,CEA,190,left,0
7933,7934,2,6637.92,5429.56,2950.36,0.515625,7933,551,CEAl,CEA,190,left,0
7934,7935,2,6636.92,5430.92,2951.0,0.515625,7934,551,CEAl,CEA,190,left,0
7935,7936,2,6636.8,5431.5,2952.56,0.2421875,7935,551,CEAl,CEA,190,left,0
7936,7937,2,6637.12,5431.12,2955.0,0.4609375,7936,551,CEAl,CEA,190,left,0
7937,7938,2,6637.5,5431.44,2957.82,0.48828125,7937,551,CEAl,CEA,190,left,0
7938,7939,2,6637.8,5432.18,2959.72,0.62109375,7938,551,CEAl,CEA,190,left,0
7939,7940,2,6637.84,5433.8,2960.56,0.43359375,7939,551,CEAl,CEA,190,left,0
7940,7941,2,6636.94,5434.18,2961.18,0.54296875,7940,551,CEAl,CEA,190,left,0
7941,7942,2,6636.2,5434.1,2963.46,0.296875,7941,551,CEAl,CEA,190,left,0
7942,7943,2,6636.44,5433.44,2965.64,0.4609375,7942,551,CEAl,CEA,190,left,0
7943,7944,2,6636.68,5432.98,2967.68,0.43359375,7943,551,CEAl,CEA,190,left,1
7944,7945,2,6651.12,5417.96,2905.62,0.296875,7186,551,CEAl,CEA,191,left,0
7945,7946,2,6652.28,5417.64,2909.0,0.515625,7945,551,CEAl,CEA,191,left,0
7946,7947,2,6652.38,5417.98,2909.56,0.48828125,7946,551,CEAl,CEA,191,left,0
7947,7948,2,6650.54,5417.72,2910.26,0.00390625,7947,551,CEAl,CEA,191,left,0
7948,7949,2,6650.4,5417.14,2911.38,0.54296875,7948,551,CEAl,CEA,191,left,0
7949,7950,2,6650.0,5415.34,2913.82,0.00390625,7949,551,CEAl,CEA,191,left,0
7950,7951,2,6649.96,5414.66,2917.48,0.43359375,7950,551,CEAl,CEA,191,left,0
7951,7952,2,6649.68,5414.22,2918.84,0.32421875,7951,551,CEAl,CEA,191,left,0
7952,7953,2,6647.72,5413.48,2918.96,0.2421875,7952,551,CEAl,CEA,191,left,0
7953,7954,2,6646.38,5414.82,2920.62,0.00390625,7953,551,CEAl,CEA,191,left,0
7954,7955,2,6645.28,5414.98,2921.88,0.3515625,7954,551,CEAl,CEA,191,left,1
7955,7956,2,6065.54,5823.0,3220.82,0.00390625,7684,559,CEAm,CEA,192,left,0
7956,7957,2,6065.76,5824.96,3220.16,0.37890625,7956,559,CEAm,CEA,192,left,0
7957,7958,2,6065.04,5825.86,3220.08,0.19140625,7957,559,CEAm,CEA,192,left,0
7958,7959,2,6063.48,5826.54,3220.1,0.37890625,7958,559,CEAm,CEA,192,left,0
7959,7960,2,6061.56,5828.1,3219.88,0.32421875,7959,559,CEAm,CEA,192,left,0
7960,7961,2,6060.18,5828.96,3220.34,0.2421875,7960,559,CEAm,CEA,192,left,0
7961,7962,2,6059.1,5830.0,3221.1,0.48828125,7961,559,CEAm,CEA,192,left,0
7962,7963,2,6058.24,5831.38,3221.18,0.3515625,7962,559,CEAm,CEA,192,left,0
7963,7964,2,6057.98,5833.06,3221.68,0.515625,7963,559,CEAm,CEA,192,left,0
7964,7965,2,6057.16,5833.5,3222.36,0.43359375,7964,559,CEAm,CEA,192,left,0
7965,7966,2,6056.68,5834.82,3224.28,0.40625,7965,559,CEAm,CEA,192,left,0
7966,7967,2,6056.28,5835.5,3225.72,0.1640625,7966,559,CEAm,CEA,192,left,0
7967,7968,2,6055.78,5837.04,3226.98,0.32421875,7967,559,CEAm,CEA,192,left,0
7968,7969,2,6055.1,5838.1,3227.46,0.19140625,7968,559,CEAm,CEA,192,left,0
7969,7970,2,6053.84,5838.62,3228.04,0.32421875,7969,559,CEAm,CEA,192,left,0
7970,7971,2,6053.3,5839.5,3228.78,0.296875,7970,559,CEAm,CEA,192,left,0
7971,7972,2,6051.84,5839.68,3229.46,0.1640625,7971,559,CEAm,CEA,192,left,0
7972,7973,2,6050.88,5840.54,3230.58,0.32421875,7972,559,CEAm,CEA,192,left,0
7973,7974,2,6049.74,5841.74,3230.74,0.43359375,7973,559,CEAm,CEA,192,left,0
7974,7975,2,6048.28,5842.26,3230.72,0.1640625,7974,559,CEAm,CEA,192,left,0
7975,7976,2,6047.92,5843.16,3231.76,0.296875,7975,559,CEAm,CEA,192,left,0
7976,7977,2,6046.22,5843.38,3232.32,0.1640625,7976,559,CEAm,CEA,192,left,0
7977,7978,2,6044.76,5844.42,3233.2,0.32421875,7977,559,CEAm,CEA,192,left,0
7978,7979,2,6043.78,5845.5,3234.18,0.37890625,7978,559,CEAm,CEA,192,left,0
7979,7980,2,6041.72,5846.3,3234.94,0.26953125,7979,559,CEAm,CEA,192,left,0
7980,7981,2,6041.04,5847.38,3235.46,0.3515625,7980,559,CEAm,CEA,192,left,0
7981,7982,2,6040.1,5848.86,3237.06,0.37890625,7981,559,CEAm,CEA,192,left,0
7982,7983,2,6038.8,5850.14,3238.24,0.4609375,7982,559,CEAm,CEA,192,left,0
7983,7984,2,6038.38,5852.44,3239.02,0.3515625,7983,559,CEAm,CEA,192,left,0
7984,7985,2,6037.88,5854.22,3239.22,0.26953125,7984,559,CEAm,CEA,192,left,0
7985,7986,2,6037.24,5857.46,3241.04,0.296875,7985,559,CEAm,CEA,192,left,0
7986,7987,2,6036.36,5858.48,3242.32,0.21484375,7986,559,CEAm,CEA,192,left,0
7987,7988,2,6034.8,5858.6,3243.02,0.3515625,7987,559,CEAm,CEA,192,left,0
7988,7989,2,6033.48,5858.38,3243.8,0.296875,7988,559,CEAm,CEA,192,left,0
7989,7990,2,6032.4,5858.26,3244.78,0.32421875,7989,559,CEAm,CEA,192,left,0
7990,7991,2,6030.24,5857.68,3245.02,0.32421875,7990,559,CEAm,CEA,192,left,0
7991,7992,2,6029.0,5857.7,3245.6,0.19140625,7991,559,CEAm,CEA,192,left,0
7992,7993,2,6027.4,5857.66,3245.92,0.40625,7992,559,CEAm,CEA,192,left,0
7993,7994,2,6027.26,5858.76,3247.0,0.4609375,7993,559,CEAm,CEA,192,left,0
7994,7995,2,6027.12,5859.84,3249.26,0.32421875,7994,559,CEAm,CEA,192,left,0
7995,7996,2,6026.34,5860.02,3250.18,0.1640625,7995,559,CEAm,CEA,192,left,0
7996,7997,2,6024.28,5860.24,3251.22,0.1640625,7996,559,CEAm,CEA,192,left,0
7997,7998,2,6023.14,5861.18,3251.8,0.26953125,7997,559,CEAm,CEA,192,left,0
7998,7999,2,6022.52,5862.54,3252.12,0.21484375,7998,559,CEAm,CEA,192,left,0
7999,8000,2,6064.88,5822.36,3220.72,0.00390625,7684,559,CEAm,CEA,193,left,0
8000,8001,2,6065.78,5824.22,3220.4,0.32421875,8000,559,CEAm,CEA,193,left,0
8001,8002,2,6065.56,5825.8,3218.72,0.54296875,8001,559,CEAm,CEA,193,left,0
8002,8003,2,6065.42,5826.48,3216.92,0.32421875,8002,559,CEAm,CEA,193,left,0
8003,8004,2,6066.08,5827.34,3215.7,0.3515625,8003,559,CEAm,CEA,193,left,0
8004,8005,2,6066.68,5829.08,3214.54,0.296875,8004,559,CEAm,CEA,193,left,0
8005,8006,2,6067.0,5831.88,3213.08,0.4609375,8005,559,CEAm,CEA,193,left,0
8006,8007,2,6067.52,5833.84,3212.42,0.1640625,8006,559,CEAm,CEA,193,left,0
8007,8008,2,6068.76,5834.84,3212.6,0.40625,8007,559,CEAm,CEA,193,left,0
8008,8009,2,6069.12,5836.62,3212.08,0.19140625,8008,559,CEAm,CEA,193,left,0
8009,8010,2,6068.9,5838.14,3209.92,0.5703125,8009,559,CEAm,CEA,193,left,0
8010,8011,2,6068.74,5839.16,3207.96,0.296875,8010,559,CEAm,CEA,193,left,0
8011,8012,2,6069.38,5840.36,3206.46,0.21484375,8011,559,CEAm,CEA,193,left,0
8012,8013,2,6070.08,5841.22,3204.7,0.2421875,8012,559,CEAm,CEA,193,left,0
8013,8014,2,6071.64,5842.18,3204.04,0.37890625,8013,559,CEAm,CEA,193,left,0
8014,8015,2,6072.74,5843.06,3202.92,0.19140625,8014,559,CEAm,CEA,193,left,0
8015,8016,2,6073.84,5843.18,3201.88,0.43359375,8015,559,CEAm,CEA,193,left,0
8016,8017,2,6074.04,5843.9,3199.92,0.1640625,8016,559,CEAm,CEA,193,left,0
8017,8018,2,6074.82,5844.12,3198.98,0.32421875,8017,559,CEAm,CEA,193,left,0
8018,8019,2,6076.92,5844.94,3198.1,0.32421875,8018,559,CEAm,CEA,193,left,0
8019,8020,2,6077.74,5845.52,3197.02,0.2421875,8019,559,CEAm,CEA,193,left,0
8020,8021,2,6079.36,5846.1,3196.34,0.40625,8020,559,CEAm,CEA,193,left,0
8021,8022,2,6080.72,5846.88,3195.62,0.21484375,8021,559,CEAm,CEA,193,left,0
8022,8023,2,6081.88,5848.06,3194.02,0.73046875,8022,559,CEAm,CEA,193,left,0
8023,8024,2,6083.14,5849.78,3193.12,0.37890625,8023,559,CEAm,CEA,193,left,0
8024,8025,2,6083.88,5853.02,3191.08,0.00390625,8024,559,CEAm,CEA,193,left,0
8025,8026,2,6085.06,5854.94,3190.4,0.40625,8025,559,CEAm,CEA,193,left,0
8026,8027,2,6085.36,5857.56,3189.06,0.54296875,8026,559,CEAm,CEA,193,left,0
8027,8028,2,6085.24,5858.7,3187.26,0.62109375,8027,559,CEAm,CEA,193,left,0
8028,8029,2,6085.18,5859.98,3185.94,0.21484375,8028,559,CEAm,CEA,193,left,0
8029,8030,2,6085.08,5861.6,3184.2,0.32421875,8029,559,CEAm,CEA,193,left,0
8030,8031,2,6085.04,5862.8,3182.96,0.32421875,8030,559,CEAm,CEA,193,left,0
8031,8032,2,6084.92,5864.94,3180.56,0.21484375,8031,559,CEAm,CEA,193,left,0
8032,8033,2,6084.8,5866.4,3178.58,0.4609375,8032,559,CEAm,CEA,193,left,0
8033,8034,2,6084.78,5868.12,3177.18,0.89453125,8033,559,CEAm,CEA,193,left,0
8034,8035,2,6084.64,5869.86,3174.78,0.296875,8034,559,CEAm,CEA,193,left,0
8035,8036,2,6084.44,5870.84,3172.3,0.48828125,8035,559,CEAm,CEA,193,left,0
8036,8037,2,6084.32,5871.76,3170.46,0.21484375,8036,559,CEAm,CEA,193,left,0
8037,8038,2,6083.92,5873.16,3168.32,0.1640625,8037,559,CEAm,CEA,193,left,0
8038,8039,2,6083.22,5874.86,3166.8,0.48828125,8038,559,CEAm,CEA,193,left,0
8039,8040,2,6082.4,5876.06,3165.44,0.296875,8039,559,CEAm,CEA,193,left,0
8040,8041,2,6082.08,5877.32,3163.32,0.0078125,8040,559,CEAm,CEA,193,left,0
8041,8042,2,6082.02,5879.08,3161.28,0.32421875,8041,559,CEAm,CEA,193,left,0
8042,8043,2,6081.96,5880.54,3159.38,0.515625,8042,559,CEAm,CEA,193,left,0
8043,8044,2,6081.9,5881.96,3157.54,0.4609375,8043,559,CEAm,CEA,193,left,0
8044,8045,2,6081.88,5883.92,3155.48,0.515625,8044,559,CEAm,CEA,193,left,0
8045,8046,2,6081.84,5886.08,3153.94,0.4609375,8045,477,STR,STR,193,left,0
8046,8047,2,6081.26,5887.58,3152.74,0.37890625,8046,477,STR,STR,193,left,0
8047,8048,2,6081.04,5889.22,3151.16,0.62109375,8047,477,STR,STR,193,left,0
8048,8049,2,6081.26,5890.38,3149.52,0.21484375,8048,477,STR,STR,193,left,0
8049,8050,2,6082.42,5892.8,3149.28,0.5703125,8049,477,STR,STR,193,left,0
8050,8051,2,6083.94,5895.36,3148.9,0.515625,8050,477,STR,STR,193,left,0
8051,8052,2,6084.54,5897.1,3147.82,0.3515625,8051,477,STR,STR,193,left,0
8052,8053,2,6084.64,5898.38,3145.96,0.26953125,8052,477,STR,STR,193,left,0
8053,8054,2,6085.48,5900.76,3145.58,0.21484375,8053,559,CEAm,CEA,193,left,0
8054,8055,2,6086.82,5903.94,3144.78,0.26953125,8054,559,CEAm,CEA,193,left,0
8055,8056,2,6088.48,5905.98,3144.38,0.32421875,8055,559,CEAm,CEA,193,left,0
8056,8057,2,6089.16,5907.92,3143.44,0.00390625,8056,559,CEAm,CEA,193,left,0
8057,8058,2,6089.66,5911.6,3142.14,0.4609375,8057,559,CEAm,CEA,193,left,0
8058,8059,2,6090.5,5913.66,3142.04,0.19140625,8058,559,CEAm,CEA,193,left,0
8059,8060,2,6091.26,5916.18,3141.9,0.37890625,8059,477,STR,STR,193,left,0
8060,8061,2,6091.96,5917.74,3141.2,0.1640625,8060,477,STR,STR,193,left,0
8061,8062,2,6092.68,5922.18,3140.14,0.37890625,8061,477,STR,STR,193,left,0
8062,8063,2,6093.58,5924.72,3139.3,0.54296875,8062,477,STR,STR,193,left,0
8063,8064,2,6094.78,5927.32,3138.56,0.26953125,8063,477,STR,STR,193,left,0
8064,8065,2,6095.34,5929.74,3137.9,0.40625,8064,559,CEAm,CEA,193,left,0
8065,8066,2,6096.74,5932.68,3137.34,0.3515625,8065,559,CEAm,CEA,193,left,0
8066,8067,2,6098.26,5937.0,3136.6,0.37890625,8066,559,CEAm,CEA,193,left,0
8067,8068,2,6099.5,5939.42,3136.22,0.1640625,8067,559,CEAm,CEA,193,left,0
8068,8069,2,6100.74,5942.44,3135.74,0.3515625,8068,559,CEAm,CEA,193,left,0
8069,8070,2,6101.96,5944.22,3135.48,0.54296875,8069,559,CEAm,CEA,193,left,0
8070,8071,2,6102.56,5947.42,3134.68,0.59765625,8070,477,STR,STR,193,left,0
8071,8072,2,6103.52,5949.16,3134.2,0.3515625,8071,477,STR,STR,193,left,0
8072,8073,2,6105.08,5951.26,3134.3,0.40625,8072,559,CEAm,CEA,193,left,0
8073,8074,2,6106.7,5952.7,3134.76,0.37890625,8073,559,CEAm,CEA,193,left,0
8074,8075,2,6109.12,5954.18,3133.88,0.00390625,8074,559,CEAm,CEA,193,left,0
8075,8076,2,6111.56,5955.14,3133.92,0.43359375,8075,559,CEAm,CEA,193,left,0
8076,8077,2,6113.38,5955.72,3133.62,0.32421875,8076,559,CEAm,CEA,193,left,0
8077,8078,2,6114.74,5956.42,3133.12,0.1640625,8077,559,CEAm,CEA,193,left,0
8078,8079,2,6116.52,5957.06,3132.9,0.5703125,8078,559,CEAm,CEA,193,left,0
8079,8080,2,6116.92,5957.56,3132.16,0.296875,8079,559,CEAm,CEA,193,left,0
8080,8081,2,6117.28,5960.26,3131.2,0.19140625,8080,559,CEAm,CEA,193,left,0
8081,8082,2,6118.62,5963.04,3131.0,0.32421875,8081,559,CEAm,CEA,193,left,0
8082,8083,2,6119.94,5965.92,3130.9,0.3515625,8082,559,CEAm,CEA,193,left,0
8083,8084,2,6121.22,5967.42,3130.64,0.19140625,8083,559,CEAm,CEA,193,left,0
8084,8085,2,6122.42,5968.98,3129.88,0.43359375,8084,559,CEAm,CEA,193,left,0
8085,8086,2,6123.78,5971.02,3129.5,0.2421875,8085,559,CEAm,CEA,193,left,0
8086,8087,2,6124.16,5973.28,3129.56,0.2421875,8086,559,CEAm,CEA,193,left,0
8087,8088,2,6124.56,5976.8,3130.04,0.00390625,8087,544,CEAc,CEA,193,left,0
8088,8089,2,6124.86,5979.34,3130.56,0.43359375,8088,544,CEAc,CEA,193,left,0
8089,8090,2,6125.32,5983.9,3130.56,0.48828125,8089,544,CEAc,CEA,193,left,0
8090,8091,2,6125.62,5986.62,3130.82,0.921875,8090,544,CEAc,CEA,193,left,0
8091,8092,2,6125.92,5988.22,3132.46,0.703125,8091,544,CEAc,CEA,193,left,0
8092,8093,2,6126.16,5989.96,3133.24,0.59765625,8092,544,CEAc,CEA,193,left,0
8093,8094,2,6126.98,5991.94,3134.98,0.48828125,8093,544,CEAc,CEA,193,left,0
8094,8095,2,6128.38,5993.56,3135.58,0.296875,8094,544,CEAc,CEA,193,left,0
8095,8096,2,6128.9,5995.46,3136.4,0.43359375,8095,544,CEAc,CEA,193,left,0
8096,8097,2,5970.66,5950.34,3459.54,0.01171875,7721,559,CEAm,CEA,194,left,0
8097,8098,2,5969.04,5950.62,3460.12,0.1640625,8097,559,CEAm,CEA,194,left,0
8098,8099,2,5966.66,5951.44,3460.76,0.32421875,8098,559,CEAm,CEA,194,left,0
8099,8100,2,5965.52,5952.1,3461.56,0.1640625,8099,559,CEAm,CEA,194,left,0
8100,8101,2,5965.14,5952.88,3463.54,0.59765625,8100,559,CEAm,CEA,194,left,0
8101,8102,2,5964.06,5953.12,3464.62,0.21484375,8101,559,CEAm,CEA,194,left,0
8102,8103,2,5963.46,5953.7,3465.82,0.43359375,8102,559,CEAm,CEA,194,left,0
8103,8104,2,5962.6,5953.52,3467.04,0.00390625,8103,559,CEAm,CEA,194,left,0
8104,8105,2,5960.88,5953.94,3467.44,0.703125,8104,559,CEAm,CEA,194,left,0
8105,8106,2,5959.84,5954.78,3468.84,0.3515625,8105,559,CEAm,CEA,194,left,0
8106,8107,2,5958.82,5955.08,3469.76,0.48828125,8106,559,CEAm,CEA,194,left,0
8107,8108,2,5957.48,5956.24,3470.5,0.01171875,8107,559,CEAm,CEA,194,left,0
8108,8109,2,5956.12,5958.1,3471.54,0.2421875,8108,559,CEAm,CEA,194,left,0
8109,8110,2,5954.86,5959.92,3472.5,0.21484375,8109,559,CEAm,CEA,194,left,0
8110,8111,2,5954.38,5962.02,3472.76,0.32421875,8110,559,CEAm,CEA,194,left,0
8111,8112,2,5953.78,5963.82,3473.76,0.3515625,8111,559,CEAm,CEA,194,left,0
8112,8113,2,5952.56,5963.62,3474.34,0.3515625,8112,559,CEAm,CEA,194,left,0
8113,8114,2,5951.2,5963.5,3476.06,0.3515625,8113,559,CEAm,CEA,194,left,0
8114,8115,2,5950.56,5963.88,3477.86,0.21484375,8114,559,CEAm,CEA,194,left,0
8115,8116,2,5948.56,5963.92,3479.38,0.37890625,8115,559,CEAm,CEA,194,left,0
8116,8117,2,5947.32,5964.08,3480.76,0.26953125,8116,559,CEAm,CEA,194,left,0
8117,8118,2,5946.3,5964.28,3482.08,0.40625,8117,559,CEAm,CEA,194,left,0
8118,8119,2,5945.2,5964.66,3482.74,0.26953125,8118,559,CEAm,CEA,194,left,0
8119,8120,2,5944.5,5965.88,3482.54,0.2421875,8119,559,CEAm,CEA,194,left,0
8120,8121,2,5942.88,5966.0,3482.32,0.40625,8120,559,CEAm,CEA,194,left,0
8121,8122,2,5942.08,5966.12,3483.04,0.3515625,8121,559,CEAm,CEA,194,left,0
8122,8123,2,5941.6,5966.3,3485.1,0.1640625,8122,559,CEAm,CEA,194,left,0
8123,8124,2,5940.5,5966.82,3487.0,0.19140625,8123,559,CEAm,CEA,194,left,0
8124,8125,2,5938.7,5967.16,3488.12,0.32421875,8124,559,CEAm,CEA,194,left,0
8125,8126,2,5938.02,5967.6,3489.52,0.296875,8125,559,CEAm,CEA,194,left,0
8126,8127,2,5936.8,5967.42,3490.62,0.26953125,8126,559,CEAm,CEA,194,left,0
8127,8128,2,5935.52,5968.56,3492.06,0.43359375,8127,559,CEAm,CEA,194,left,0
8128,8129,2,5934.22,5969.4,3493.14,0.2421875,8128,559,CEAm,CEA,194,left,0
8129,8130,2,5932.7,5969.6,3494.18,0.19140625,8129,559,CEAm,CEA,194,left,0
8130,8131,2,5932.08,5970.58,3495.5,0.2421875,8130,559,CEAm,CEA,194,left,0
8131,8132,2,5930.7,5972.2,3495.9,0.32421875,8131,559,CEAm,CEA,194,left,0
8132,8133,2,5929.82,5973.46,3496.38,0.48828125,8132,559,CEAm,CEA,194,left,0
8133,8134,2,5927.86,5973.14,3496.26,0.1640625,8133,559,CEAm,CEA,194,left,0
8134,8135,2,5926.3,5972.94,3496.74,0.40625,8134,559,CEAm,CEA,194,left,0
8135,8136,2,5925.1,5972.86,3497.24,0.26953125,8135,559,CEAm,CEA,194,left,0
8136,8137,2,5924.4,5974.68,3498.58,0.37890625,8136,559,CEAm,CEA,194,left,0
8137,8138,2,5924.34,5977.06,3500.52,0.3515625,8137,559,CEAm,CEA,194,left,0
8138,8139,2,5923.1,5977.16,3501.16,0.37890625,8138,559,CEAm,CEA,194,left,0
8139,8140,2,5921.34,5977.08,3502.24,0.4609375,8139,559,CEAm,CEA,194,left,0
8140,8141,2,5919.74,5976.34,3503.28,0.40625,8140,559,CEAm,CEA,194,left,0
8141,8142,2,5918.48,5975.64,3502.78,0.3515625,8141,559,CEAm,CEA,194,left,0
8142,8143,2,5917.52,5975.52,3503.16,0.0390625,8142,559,CEAm,CEA,194,left,0
8143,8144,2,5915.14,5975.22,3503.44,0.2421875,8143,559,CEAm,CEA,194,left,0
8144,8145,2,5912.9,5975.24,3503.6,0.21484375,8144,559,CEAm,CEA,194,left,0
8145,8146,2,5912.06,5975.66,3504.46,0.40625,8145,559,CEAm,CEA,194,left,0
8146,8147,2,5910.16,5975.8,3505.36,0.37890625,8146,559,CEAm,CEA,194,left,0
8147,8148,2,5908.78,5976.8,3506.26,0.4609375,8147,559,CEAm,CEA,194,left,0
8148,8149,2,5907.98,5977.66,3507.2,0.48828125,8148,559,CEAm,CEA,194,left,0
8149,8150,2,5906.14,5977.2,3507.14,0.3515625,8149,559,CEAm,CEA,194,left,0
8150,8151,2,5904.54,5976.72,3506.8,0.67578125,8150,559,CEAm,CEA,194,left,0
8151,8152,2,5903.76,5978.5,3508.34,0.00390625,8151,559,CEAm,CEA,194,left,0
8152,8153,2,5902.24,5978.62,3508.84,0.48828125,8152,559,CEAm,CEA,194,left,0
8153,8154,2,5900.32,5978.64,3508.62,0.19140625,8153,559,CEAm,CEA,194,left,0
8154,8155,2,5898.5,5978.96,3508.86,0.32421875,8154,559,CEAm,CEA,194,left,0
8155,8156,2,5896.98,5979.52,3509.5,0.921875,8155,559,CEAm,CEA,194,left,0
8156,8157,2,5895.9,5980.16,3510.84,0.32421875,8156,559,CEAm,CEA,194,left,0
8157,8158,2,5894.38,5980.8,3511.98,0.37890625,8157,559,CEAm,CEA,194,left,0
8158,8159,2,5892.74,5981.26,3513.58,0.2421875,8158,559,CEAm,CEA,194,left,0
8159,8160,2,5891.56,5980.86,3515.12,0.19140625,8159,559,CEAm,CEA,194,left,0
8160,8161,2,5890.34,5980.5,3516.08,0.48828125,8160,559,CEAm,CEA,194,left,0
8161,8162,2,5890.2,5980.0,3518.5,0.48828125,8161,559,CEAm,CEA,194,left,0
8162,8163,2,5890.22,5979.36,3520.22,0.3515625,8162,559,CEAm,CEA,194,left,0
8163,8164,2,5889.52,5978.34,3521.26,0.21484375,8163,559,CEAm,CEA,194,left,0
8164,8165,2,5888.28,5978.12,3521.82,0.32421875,8164,559,CEAm,CEA,194,left,0
8165,8166,2,5886.46,5977.82,3522.2,0.32421875,8165,559,CEAm,CEA,194,left,0
8166,8167,2,5886.14,5978.18,3523.4,0.32421875,8166,559,CEAm,CEA,194,left,0
8167,8168,2,5886.12,5976.44,3525.24,0.78515625,8167,559,CEAm,CEA,194,left,0
8168,8169,2,5886.0,5975.0,3527.06,0.1640625,8168,559,CEAm,CEA,194,left,0
8169,8170,2,5885.22,5973.72,3528.18,0.48828125,8169,559,CEAm,CEA,194,left,0
8170,8171,2,5884.62,5971.5,3529.82,0.48828125,8170,559,CEAm,CEA,194,left,0
8171,8172,2,5884.02,5969.78,3531.18,0.37890625,8171,559,CEAm,CEA,194,left,0
8172,8173,2,5883.82,5967.82,3533.46,0.515625,8172,559,CEAm,CEA,194,left,0
8173,8174,2,5883.14,5966.78,3534.1,0.48828125,8173,559,CEAm,CEA,194,left,0
8174,8175,2,5882.94,5965.78,3536.96,0.59765625,8174,559,CEAm,CEA,194,left,0
8175,8176,2,5881.92,5964.52,3538.06,0.32421875,8175,559,CEAm,CEA,194,left,0
8176,8177,2,5880.22,5962.92,3538.1,0.73046875,8176,559,CEAm,CEA,194,left,0
8177,8178,2,5879.78,5961.0,3539.28,0.2421875,8177,559,CEAm,CEA,194,left,0
8178,8179,2,5879.76,5958.64,3542.08,0.5703125,8178,559,CEAm,CEA,194,left,0
8179,8180,2,5879.76,5957.68,3543.46,0.5703125,8179,559,CEAm,CEA,194,left,0
8180,8181,2,5879.76,5956.7,3545.3,0.00390625,8180,559,CEAm,CEA,194,left,0
8181,8182,2,5879.54,5954.38,3545.9,0.67578125,8181,559,CEAm,CEA,194,left,0
8182,8183,2,5878.58,5953.48,3546.04,0.37890625,8182,559,CEAm,CEA,194,left,0
8183,8184,2,5877.66,5953.52,3547.52,0.19140625,8183,559,CEAm,CEA,194,left,0
8184,8185,2,5877.7,5953.46,3549.38,0.3515625,8184,559,CEAm,CEA,194,left,0
8185,8186,2,5877.7,5952.0,3551.2,0.32421875,8185,559,CEAm,CEA,194,left,0
8186,8187,2,5877.68,5950.22,3552.7,0.21484375,8186,559,CEAm,CEA,194,left,0
8187,8188,2,5877.7,5949.6,3555.22,0.2421875,8187,559,CEAm,CEA,194,left,0
8188,8189,2,5877.74,5949.54,3557.32,0.3515625,8188,559,CEAm,CEA,194,left,0
8189,8190,2,5877.78,5949.78,3559.16,0.59765625,8189,559,CEAm,CEA,194,left,0
8190,8191,2,5877.86,5950.46,3562.94,1.1640625,8190,559,CEAm,CEA,194,left,0
8191,8192,2,5877.88,5950.62,3564.62,0.296875,8191,559,CEAm,CEA,194,left,0
8192,8193,2,5877.88,5949.48,3565.74,0.5703125,8192,559,CEAm,CEA,194,left,0
8193,8194,2,5879.18,5948.84,3566.6,0.4609375,8193,559,CEAm,CEA,194,left,0
8194,8195,2,5881.02,5949.1,3567.02,0.2421875,8194,559,CEAm,CEA,194,left,0
8195,8196,2,5882.02,5949.98,3567.96,0.296875,8195,559,CEAm,CEA,194,left,0
8196,8197,2,5882.08,5950.7,3570.2,0.296875,8196,559,CEAm,CEA,194,left,0
8197,8198,2,5882.08,5950.22,3572.0,0.4609375,8197,559,CEAm,CEA,194,left,0
8198,8199,2,5882.16,5949.0,3573.44,0.32421875,8198,559,CEAm,CEA,194,left,0
8199,8200,2,5883.12,5948.8,3574.2,0.32421875,8199,559,CEAm,CEA,194,left,0
8200,8201,2,5883.78,5948.58,3574.52,0.02734375,8200,559,CEAm,CEA,194,left,0
8201,8202,2,5884.22,5949.74,3578.02,0.4609375,8201,559,CEAm,CEA,194,left,0
8202,8203,2,5884.26,5949.96,3579.9,0.6484375,8202,559,CEAm,CEA,194,left,0
8203,8204,2,5884.28,5949.64,3582.2,0.32421875,8203,559,CEAm,CEA,194,left,0
8204,8205,2,5884.32,5950.08,3584.46,0.32421875,8204,559,CEAm,CEA,194,left,0
8205,8206,2,5884.02,5950.94,3586.58,0.2421875,8205,559,CEAm,CEA,194,left,0
8206,8207,2,5883.2,5951.24,3588.2,0.4609375,8206,559,CEAm,CEA,194,left,0
8207,8208,2,5881.54,5952.18,3589.92,0.2421875,8207,559,CEAm,CEA,194,left,0
8208,8209,2,5880.44,5952.52,3590.52,0.296875,8208,559,CEAm,CEA,194,left,0
8209,8210,2,5882.14,5952.28,3591.08,0.00390625,8209,559,CEAm,CEA,194,left,0
8210,8211,2,5882.46,5952.96,3594.8,0.43359375,8210,559,CEAm,CEA,194,left,0
8211,8212,2,5882.5,5953.66,3596.2,0.48828125,8211,559,CEAm,CEA,194,left,0
8212,8213,2,5882.46,5954.84,3599.72,0.48828125,8212,559,CEAm,CEA,194,left,0
8213,8214,2,5881.3,5954.64,3600.56,0.703125,8213,559,CEAm,CEA,194,left,0
8214,8215,2,5880.26,5954.7,3602.44,0.40625,8214,559,CEAm,CEA,194,left,0
8215,8216,2,5879.0,5954.28,3603.76,0.43359375,8215,559,CEAm,CEA,194,left,0
8216,8217,2,5878.06,5954.58,3606.02,0.1640625,8216,342,SI,SI,194,left,0
8217,8218,2,5876.76,5954.54,3607.76,0.4609375,8217,342,SI,SI,194,left,0
8218,8219,2,5876.02,5954.42,3609.76,0.43359375,8218,342,SI,SI,194,left,0
8219,8220,2,5874.72,5953.98,3610.66,0.26953125,8219,342,SI,SI,194,left,0
8220,8221,2,5874.3,5954.08,3612.96,0.26953125,8220,342,SI,SI,194,left,0
8221,8222,2,5873.14,5953.7,3613.58,0.43359375,8221,342,SI,SI,194,left,0
8222,8223,2,5871.96,5953.94,3615.1,0.21484375,8222,342,SI,SI,194,left,0
8223,8224,2,5870.66,5954.12,3615.72,0.48828125,8223,342,SI,SI,194,left,0
8224,8225,2,5870.14,5955.9,3617.38,0.3515625,8224,342,SI,SI,194,left,0
8225,8226,2,5868.9,5956.38,3618.18,0.1640625,8225,342,SI,SI,194,left,0
8226,8227,2,5868.12,5957.32,3620.1,0.00390625,8226,342,SI,SI,194,left,0
8227,8228,2,5866.36,5957.38,3621.2,0.3515625,8227,342,SI,SI,194,left,0
8228,8229,2,5864.92,5957.74,3622.26,0.3515625,8228,342,SI,SI,194,left,0
8229,8230,2,5863.28,5957.88,3623.02,0.32421875,8229,342,SI,SI,194,left,0
8230,8231,2,5862.28,5958.04,3624.78,0.48828125,8230,342,SI,SI,194,left,0
8231,8232,2,5862.3,5957.4,3626.84,0.32421875,8231,342,SI,SI,194,left,0
8232,8233,2,5861.84,5956.94,3628.74,0.32421875,8232,342,SI,SI,194,left,0
8233,8234,2,5860.54,5956.78,3629.08,0.19140625,8233,342,SI,SI,194,left,0
8234,8235,2,5858.9,5956.48,3629.22,0.32421875,8234,342,SI,SI,194,left,0
8235,8236,2,5858.18,5956.74,3629.98,0.703125,8235,342,SI,SI,194,left,0
8236,8237,2,5858.22,5958.48,3631.08,0.59765625,8236,342,SI,SI,194,left,0
8237,8238,2,5857.64,5959.64,3633.16,0.21484375,8237,342,SI,SI,194,left,0
8238,8239,2,5856.54,5959.4,3634.58,0.32421875,8238,342,SI,SI,194,left,0
8239,8240,2,5854.16,5959.0,3635.6,0.00390625,8239,342,SI,SI,194,left,0
8240,8241,2,5851.7,5958.0,3636.52,0.32421875,8240,342,SI,SI,194,left,0
8241,8242,2,5850.3,5957.16,3637.94,0.32421875,8241,342,SI,SI,194,left,0
8242,8243,2,5849.12,5955.98,3639.46,0.1640625,8242,342,SI,SI,194,left,0
8243,8244,2,5847.7,5955.36,3640.58,0.32421875,8243,342,SI,SI,194,left,0
8244,8245,2,5846.02,5954.24,3641.5,0.78515625,8244,342,SI,SI,194,left,0
8245,8246,2,5845.16,5952.38,3642.16,0.37890625,8245,342,SI,SI,194,left,0
8246,8247,2,5843.9,5951.94,3642.22,0.32421875,8246,342,SI,SI,194,left,0
8247,8248,2,5844.64,5951.48,3643.3,0.00390625,8247,342,SI,SI,194,left,0
8248,8249,2,5844.76,5950.42,3645.32,0.94921875,8248,342,SI,SI,194,left,0
8249,8250,2,5844.74,5949.04,3646.94,0.6484375,8249,342,SI,SI,194,left,0
8250,8251,2,5844.12,5947.84,3649.44,0.19140625,8250,342,SI,SI,194,left,0
8251,8252,2,5843.0,5946.94,3650.96,0.21484375,8251,342,SI,SI,194,left,0
8252,8253,2,5842.58,5946.56,3653.56,0.2421875,8252,342,SI,SI,194,left,0
8253,8254,2,5841.96,5946.74,3654.96,0.32421875,8253,342,SI,SI,194,left,0
8254,8255,2,5841.2,5947.12,3656.94,0.296875,8254,342,SI,SI,194,left,0
8255,8256,2,5839.2,5946.44,3658.68,0.296875,8255,342,SI,SI,194,left,0
8256,8257,2,5837.82,5946.32,3659.48,0.19140625,8256,342,SI,SI,194,left,0
8257,8258,2,5836.72,5946.8,3659.68,0.01171875,8257,342,SI,SI,194,left,0
8258,8259,2,5834.26,5946.76,3660.04,0.21484375,8258,342,SI,SI,194,left,0
8259,8260,2,5832.48,5946.24,3660.46,0.2421875,8259,342,SI,SI,194,left,0
8260,8261,2,5831.32,5946.74,3661.04,0.19140625,8260,342,SI,SI,194,left,0
8261,8262,2,5830.76,5946.52,3662.34,0.296875,8261,342,SI,SI,194,left,0
8262,8263,2,5829.38,5946.26,3663.44,0.3515625,8262,342,SI,SI,194,left,0
8263,8264,2,5827.38,5946.54,3664.42,0.4609375,8263,342,SI,SI,194,left,0
8264,8265,2,5826.3,5946.78,3665.52,0.4609375,8264,342,SI,SI,194,left,0
8265,8266,2,5825.14,5947.64,3667.26,0.4609375,8265,342,SI,SI,194,left,0
8266,8267,2,5824.7,5948.1,3668.5,0.3515625,8266,342,SI,SI,194,left,0
8267,8268,2,5823.34,5946.74,3669.56,0.4609375,8267,342,SI,SI,194,left,0
8268,8269,2,5822.22,5945.76,3671.04,0.48828125,8268,342,SI,SI,194,left,0
8269,8270,2,5820.98,5945.48,3671.8,0.32421875,8269,342,SI,SI,194,left,0
8270,8271,2,5819.38,5945.82,3674.22,0.2421875,8270,342,SI,SI,194,left,0
8271,8272,2,5818.06,5945.2,3675.5,0.26953125,8271,342,SI,SI,194,left,0
8272,8273,2,5816.9,5944.94,3677.22,0.43359375,8272,342,SI,SI,194,left,0
8273,8274,2,5816.46,5945.34,3678.6,0.32421875,8273,342,SI,SI,194,left,0
8274,8275,2,5814.88,5945.42,3679.16,0.48828125,8274,342,SI,SI,194,left,0
8275,8276,2,5814.02,5945.84,3680.18,0.32421875,8275,342,SI,SI,194,left,0
8276,8277,2,5970.56,5952.06,3458.04,0.00390625,7721,559,CEAm,CEA,195,left,0
8277,8278,2,5968.62,5952.98,3458.16,0.26953125,8277,559,CEAm,CEA,195,left,0
8278,8279,2,5967.36,5953.38,3458.34,0.21484375,8278,559,CEAm,CEA,195,left,0
8279,8280,2,5966.04,5953.18,3459.18,0.0078125,8279,559,CEAm,CEA,195,left,0
8280,8281,2,5964.96,5953.8,3460.4,0.32421875,8280,559,CEAm,CEA,195,left,0
8281,8282,2,5963.46,5954.7,3460.98,0.48828125,8281,559,CEAm,CEA,195,left,0
8282,8283,2,5962.52,5954.7,3461.58,0.48828125,8282,559,CEAm,CEA,195,left,0
8283,8284,2,5961.4,5954.92,3463.08,0.21484375,8283,559,CEAm,CEA,195,left,0
8284,8285,2,5961.46,5956.42,3463.66,0.703125,8284,559,CEAm,CEA,195,left,0
8285,8286,2,5960.66,5959.42,3463.06,0.0078125,8285,559,CEAm,CEA,195,left,0
8286,8287,2,5959.88,5961.22,3462.58,0.43359375,8286,559,CEAm,CEA,195,left,0
8287,8288,2,5958.48,5961.18,3462.24,0.40625,8287,559,CEAm,CEA,195,left,0
8288,8289,2,5957.58,5962.42,3461.76,0.3515625,8288,559,CEAm,CEA,195,left,0
8289,8290,2,5957.06,5965.24,3460.68,0.32421875,8289,559,CEAm,CEA,195,left,0
8290,8291,2,5955.98,5966.5,3459.92,0.921875,8290,559,CEAm,CEA,195,left,0
8291,8292,2,5954.16,5968.06,3459.68,0.0078125,8291,559,CEAm,CEA,195,left,0
8292,8293,2,5952.98,5969.44,3459.92,0.48828125,8292,559,CEAm,CEA,195,left,0
8293,8294,2,5951.68,5971.66,3459.64,0.515625,8293,559,CEAm,CEA,195,left,0
8294,8295,2,5950.66,5973.1,3459.88,0.2421875,8294,559,CEAm,CEA,195,left,0
8295,8296,2,5949.88,5975.44,3459.56,0.26953125,8295,559,CEAm,CEA,195,left,0
8296,8297,2,5949.14,5975.76,3459.98,0.015625,8296,559,CEAm,CEA,195,left,0
8297,8298,2,5949.02,5977.84,3461.54,0.21484375,8297,559,CEAm,CEA,195,left,0
8298,8299,2,5948.72,5978.34,3462.7,0.83984375,8298,559,CEAm,CEA,195,left,0
8299,8300,2,5947.4,5978.46,3462.66,1.41015625,8299,559,CEAm,CEA,195,left,0
8300,8301,2,5946.84,5979.74,3462.34,0.59765625,8300,559,CEAm,CEA,195,left,0
8301,8302,2,5945.46,5980.42,3462.24,0.32421875,8301,559,CEAm,CEA,195,left,0
8302,8303,2,5944.22,5981.4,3462.7,0.26953125,8302,559,CEAm,CEA,195,left,0
8303,8304,2,5942.58,5983.14,3463.5,0.2421875,8303,559,CEAm,CEA,195,left,0
8304,8305,2,5942.04,5984.76,3464.12,0.4609375,8304,559,CEAm,CEA,195,left,0
8305,8306,2,5939.7,5985.6,3464.2,0.2421875,8305,559,CEAm,CEA,195,left,0
8306,8307,2,5938.5,5986.44,3464.46,0.83984375,8306,559,CEAm,CEA,195,left,0
8307,8308,2,5938.36,5988.06,3465.42,0.54296875,8307,559,CEAm,CEA,195,left,0
8308,8309,2,5938.42,5991.92,3467.36,0.32421875,8308,559,CEAm,CEA,195,left,0
8309,8310,2,5937.84,5993.9,3467.7,0.515625,8309,559,CEAm,CEA,195,left,0
8310,8311,2,5937.9,5996.26,3468.74,1.02734375,8310,559,CEAm,CEA,195,left,0
8311,8312,2,5938.72,5998.14,3469.18,0.5703125,8311,559,CEAm,CEA,195,left,0
8312,8313,2,5937.24,5997.9,3468.84,0.046875,8312,559,CEAm,CEA,195,left,0
8313,8314,2,5936.88,5999.72,3469.62,0.19140625,8313,559,CEAm,CEA,195,left,0
8314,8315,2,5937.02,6002.12,3471.16,0.296875,8314,559,CEAm,CEA,195,left,0
8315,8316,2,5937.4,6012.28,3470.4,0.296875,8315,559,CEAm,CEA,195,left,0
8316,8317,2,5937.52,6015.36,3470.24,0.296875,8316,559,CEAm,CEA,195,left,0
8317,8318,2,5937.68,6019.66,3470.0,0.40625,8317,559,CEAm,CEA,195,left,0
8318,8319,2,5937.78,6021.96,3469.56,0.2421875,8318,559,CEAm,CEA,195,left,0
8319,8320,2,5937.9,6024.8,3469.78,0.4609375,8319,559,CEAm,CEA,195,left,0
8320,8321,2,5937.88,6026.44,3471.16,0.21484375,8320,559,CEAm,CEA,195,left,0
8321,8322,2,5936.84,6026.82,3471.66,0.32421875,8321,559,CEAm,CEA,195,left,0
8322,8323,2,5936.08,6029.1,3471.98,0.6484375,8322,559,CEAm,CEA,195,left,0
8323,8324,2,5935.84,6031.56,3473.04,0.21484375,8323,559,CEAm,CEA,195,left,0
8324,8325,2,5934.22,6032.66,3473.6,0.40625,8324,559,CEAm,CEA,195,left,0
8325,8326,2,5932.48,6033.8,3473.92,0.4609375,8325,559,CEAm,CEA,195,left,0
8326,8327,2,5931.38,6035.5,3474.1,0.19140625,8326,23,AAA,AAA,195,left,0
8327,8328,2,5930.38,6036.08,3473.52,0.43359375,8327,23,AAA,AAA,195,left,0
8328,8329,2,5928.2,6036.62,3472.86,0.00390625,8328,23,AAA,AAA,195,left,0
8329,8330,2,5926.1,6036.9,3472.44,0.37890625,8329,23,AAA,AAA,195,left,0
8330,8331,2,5924.72,6037.68,3472.86,0.32421875,8330,23,AAA,AAA,195,left,0
8331,8332,2,5923.7,6039.5,3473.4,0.26953125,8331,23,AAA,AAA,195,left,0
8332,8333,2,5922.44,6040.8,3473.66,0.37890625,8332,23,AAA,AAA,195,left,0
8333,8334,2,5921.14,6041.9,3474.44,0.4609375,8333,23,AAA,AAA,195,left,0
8334,8335,2,5919.76,6044.18,3474.98,0.43359375,8334,23,AAA,AAA,195,left,0
8335,8336,2,5918.62,6044.84,3474.8,0.67578125,8335,23,AAA,AAA,195,left,0
8336,8337,2,5917.94,6048.46,3474.64,0.00390625,8336,23,AAA,AAA,195,left,0
8337,8338,2,5916.84,6049.64,3474.46,0.515625,8337,23,AAA,AAA,195,left,0
8338,8339,2,5916.72,6051.54,3474.78,0.43359375,8338,23,AAA,AAA,195,left,0
8339,8340,2,5915.58,6053.04,3474.8,0.21484375,8339,23,AAA,AAA,195,left,0
8340,8341,2,5914.0,6054.48,3474.8,0.48828125,8340,23,AAA,AAA,195,left,0
8341,8342,2,5913.88,6056.22,3476.02,0.515625,8341,23,AAA,AAA,195,left,0
8342,8343,2,5915.44,6058.26,3478.12,0.1640625,8342,23,AAA,AAA,195,left,0
8343,8344,2,5917.22,6059.3,3479.46,0.43359375,8343,23,AAA,AAA,195,left,0
8344,8345,2,5919.6,6060.34,3480.68,0.3515625,8344,23,AAA,AAA,195,left,0
8345,8346,2,5921.4,6060.86,3482.06,0.8125,8345,23,AAA,AAA,195,left,0
8346,8347,2,5923.3,6059.66,3483.06,0.40625,8346,23,AAA,AAA,195,left,0
8347,8348,2,5925.1,6058.7,3483.32,0.21484375,8347,23,AAA,AAA,195,left,0
8348,8349,2,5926.2,6057.4,3483.2,0.515625,8348,23,AAA,AAA,195,left,0
8349,8350,2,5928.22,6057.44,3482.86,0.32421875,8349,23,AAA,AAA,195,left,0
8350,8351,2,5930.12,6057.74,3481.48,0.4609375,8350,23,AAA,AAA,195,left,0
8351,8352,2,5931.14,6058.62,3480.72,0.32421875,8351,23,AAA,AAA,195,left,0
8352,8353,2,5932.52,6059.4,3480.88,0.01953125,8352,23,AAA,AAA,195,left,0
8353,8354,2,5934.68,6061.64,3481.2,0.3515625,8353,23,AAA,AAA,195,left,0
8354,8355,2,5936.38,6063.34,3481.86,0.296875,8354,23,AAA,AAA,195,left,0
8355,8356,2,5937.76,6064.12,3482.02,0.3515625,8355,23,AAA,AAA,195,left,0
8356,8357,2,5940.52,6064.92,3482.38,0.3515625,8356,23,AAA,AAA,195,left,0
8357,8358,2,5943.32,6065.98,3483.12,0.6484375,8357,23,AAA,AAA,195,left,0
8358,8359,2,5945.28,6067.14,3484.18,0.37890625,8358,23,AAA,AAA,195,left,0
8359,8360,2,5947.64,6067.94,3484.72,0.26953125,8359,23,AAA,AAA,195,left,0
8360,8361,2,5948.2,6067.96,3484.36,0.32421875,8360,23,AAA,AAA,195,left,0
8361,8362,2,5949.26,6068.34,3486.54,0.7578125,8361,23,AAA,AAA,195,left,0
8362,8363,2,5950.6,6068.96,3488.48,0.921875,8362,23,AAA,AAA,195,left,0
8363,8364,2,5952.52,6069.84,3489.98,0.2421875,8363,23,AAA,AAA,195,left,0
8364,8365,2,5955.26,6070.5,3491.22,0.32421875,8364,23,AAA,AAA,195,left,0
8365,8366,2,5956.66,6070.9,3491.5,0.43359375,8365,23,AAA,AAA,195,left,0
8366,8367,2,5958.94,6071.62,3492.1,0.015625,8366,23,AAA,AAA,195,left,0
8367,8368,2,5961.78,6072.2,3491.98,0.5703125,8367,23,AAA,AAA,195,left,0
8368,8369,2,5962.46,6072.24,3491.32,0.48828125,8368,23,AAA,AAA,195,left,0
8369,8370,2,5964.46,6073.1,3491.56,0.3515625,8369,23,AAA,AAA,195,left,0
8370,8371,2,5966.72,6073.82,3492.0,0.515625,8370,23,AAA,AAA,195,left,1
8371,8372,2,6021.0,5863.0,3252.96,0.00390625,7999,559,CEAm,CEA,196,left,0
8372,8373,2,6018.8,5863.16,3253.86,0.21484375,8372,559,CEAm,CEA,196,left,0
8373,8374,2,6018.52,5863.56,3255.82,0.40625,8373,559,CEAm,CEA,196,left,0
8374,8375,2,6017.46,5863.42,3256.66,0.54296875,8374,559,CEAm,CEA,196,left,0
8375,8376,2,6016.84,5863.54,3258.4,0.43359375,8375,559,CEAm,CEA,196,left,0
8376,8377,2,6015.68,5863.22,3259.7,0.3515625,8376,559,CEAm,CEA,196,left,0
8377,8378,2,6015.34,5863.82,3261.54,0.5703125,8377,559,CEAm,CEA,196,left,1
8378,8379,2,6021.82,5864.7,3252.36,0.00390625,7999,559,CEAm,CEA,197,left,0
8379,8380,2,6020.68,5865.32,3252.38,0.2421875,8379,559,CEAm,CEA,197,left,0
8380,8381,2,6020.16,5866.24,3253.28,0.1640625,8380,559,CEAm,CEA,197,left,0
8381,8382,2,6018.5,5867.48,3253.5,0.43359375,8381,559,CEAm,CEA,197,left,0
8382,8383,2,6017.0,5868.12,3253.34,0.1640625,8382,559,CEAm,CEA,197,left,0
8383,8384,2,6016.84,5869.98,3254.08,0.21484375,8383,559,CEAm,CEA,197,left,0
8384,8385,2,6016.32,5871.06,3255.02,0.6484375,8384,559,CEAm,CEA,197,left,0
8385,8386,2,6015.12,5872.42,3256.7,0.00390625,8385,559,CEAm,CEA,197,left,0
8386,8387,2,6013.78,5873.22,3257.54,0.40625,8386,559,CEAm,CEA,197,left,0
8387,8388,2,6011.6,5873.06,3258.34,0.4609375,8387,559,CEAm,CEA,197,left,0
8388,8389,2,6010.56,5873.48,3259.26,0.3515625,8388,559,CEAm,CEA,197,left,0
8389,8390,2,6009.42,5875.6,3260.66,0.32421875,8389,559,CEAm,CEA,197,left,0
8390,8391,2,6008.68,5876.56,3261.5,0.26953125,8390,559,CEAm,CEA,197,left,0
8391,8392,2,6008.02,5878.14,3262.62,0.21484375,8391,559,CEAm,CEA,197,left,0
8392,8393,2,6007.12,5878.94,3263.16,0.32421875,8392,559,CEAm,CEA,197,left,0
8393,8394,2,6005.66,5879.68,3264.1,0.3515625,8393,559,CEAm,CEA,197,left,0
8394,8395,2,6004.3,5879.38,3264.7,0.296875,8394,559,CEAm,CEA,197,left,0
8395,8396,2,6003.34,5879.58,3264.96,0.01171875,8395,559,CEAm,CEA,197,left,0
8396,8397,2,6001.08,5879.42,3265.62,0.296875,8396,559,CEAm,CEA,197,left,0
8397,8398,2,5999.86,5879.02,3266.42,0.1640625,8397,559,CEAm,CEA,197,left,0
8398,8399,2,5998.36,5879.54,3267.52,0.3515625,8398,559,CEAm,CEA,197,left,0
8399,8400,2,5996.46,5879.86,3267.92,0.3515625,8399,559,CEAm,CEA,197,left,0
8400,8401,2,5995.08,5880.28,3268.02,0.296875,8400,559,CEAm,CEA,197,left,0
8401,8402,2,5992.96,5880.92,3267.62,0.43359375,8401,559,CEAm,CEA,197,left,0
8402,8403,2,5991.18,5880.8,3268.02,0.40625,8402,559,CEAm,CEA,197,left,0
8403,8404,2,5988.84,5881.04,3269.34,0.37890625,8403,559,CEAm,CEA,197,left,0
8404,8405,2,5987.16,5881.9,3269.94,0.26953125,8404,559,CEAm,CEA,197,left,0
8405,8406,2,5985.76,5882.76,3270.38,0.2421875,8405,559,CEAm,CEA,197,left,0
8406,8407,2,5985.32,5884.36,3271.68,0.37890625,8406,559,CEAm,CEA,197,left,0
8407,8408,2,5984.0,5885.8,3273.0,0.48828125,8407,559,CEAm,CEA,197,left,0
8408,8409,2,5982.54,5887.22,3273.72,0.37890625,8408,559,CEAm,CEA,197,left,0
8409,8410,2,5981.18,5887.78,3274.42,0.48828125,8409,559,CEAm,CEA,197,left,0
8410,8411,2,5979.36,5888.64,3274.88,0.4609375,8410,559,CEAm,CEA,197,left,0
8411,8412,2,5978.46,5889.4,3275.52,0.1640625,8411,559,CEAm,CEA,197,left,0
8412,8413,2,5977.06,5889.7,3275.76,0.1640625,8412,559,CEAm,CEA,197,left,0
8413,8414,2,5976.3,5890.74,3275.82,0.2421875,8413,559,CEAm,CEA,197,left,0
8414,8415,2,6130.08,5998.7,3136.58,0.00390625,8096,544,CEAc,CEA,198,left,0
8415,8416,2,6130.52,6000.94,3136.76,0.3515625,8415,544,CEAc,CEA,198,left,0
8416,8417,2,6131.5,6002.44,3137.52,0.26953125,8416,544,CEAc,CEA,198,left,0
8417,8418,2,6131.8,6003.16,3138.66,0.2421875,8417,544,CEAc,CEA,198,left,0
8418,8419,2,6131.48,6003.82,3141.22,0.4609375,8418,544,CEAc,CEA,198,left,0
8419,8420,2,6131.4,6007.36,3140.88,0.67578125,8419,544,CEAc,CEA,198,left,0
8420,8421,2,6131.74,6009.58,3140.42,0.296875,8420,544,CEAc,CEA,198,left,0
8421,8422,2,6132.98,6011.44,3140.36,0.40625,8421,544,CEAc,CEA,198,left,0
8422,8423,2,6135.52,6014.4,3141.4,0.1640625,8422,544,CEAc,CEA,198,left,0
8423,8424,2,6136.76,6015.96,3142.64,0.3515625,8423,544,CEAc,CEA,198,left,0
8424,8425,2,6137.6,6018.6,3143.82,0.4609375,8424,544,CEAc,CEA,198,left,0
8425,8426,2,6138.62,6019.78,3145.0,0.26953125,8425,544,CEAc,CEA,198,left,0
8426,8427,2,6140.38,6021.52,3145.96,0.19140625,8426,544,CEAc,CEA,198,left,0
8427,8428,2,6141.2,6023.44,3146.62,0.48828125,8427,544,CEAc,CEA,198,left,0
8428,8429,2,6142.36,6026.32,3147.0,0.00390625,8428,544,CEAc,CEA,198,left,0
8429,8430,2,6142.94,6028.5,3147.64,0.37890625,8429,544,CEAc,CEA,198,left,0
8430,8431,2,6144.54,6029.92,3148.28,0.59765625,8430,544,CEAc,CEA,198,left,0
8431,8432,2,6145.68,6032.4,3148.22,0.4609375,8431,544,CEAc,CEA,198,left,0
8432,8433,2,6147.02,6034.78,3148.26,0.32421875,8432,544,CEAc,CEA,198,left,0
8433,8434,2,6147.5,6037.04,3148.48,0.54296875,8433,544,CEAc,CEA,198,left,0
8434,8435,2,6148.2,6039.76,3147.94,0.59765625,8434,544,CEAc,CEA,198,left,0
8435,8436,2,6149.38,6042.2,3147.46,0.40625,8435,544,CEAc,CEA,198,left,0
8436,8437,2,6151.06,6045.5,3147.04,0.43359375,8436,544,CEAc,CEA,198,left,0
8437,8438,2,6152.6,6048.06,3147.16,0.21484375,8437,544,CEAc,CEA,198,left,0
8438,8439,2,6154.02,6049.68,3147.82,0.5703125,8438,544,CEAc,CEA,198,left,0
8439,8440,2,6156.16,6050.54,3148.2,0.03125,8439,544,CEAc,CEA,198,left,0
8440,8441,2,6158.34,6051.24,3148.58,0.32421875,8440,544,CEAc,CEA,198,left,0
8441,8442,2,6159.96,6051.76,3148.48,0.43359375,8441,544,CEAc,CEA,198,left,0
8442,8443,2,6161.28,6052.22,3147.72,0.37890625,8442,544,CEAc,CEA,198,left,0
8443,8444,2,6162.66,6053.82,3147.42,0.37890625,8443,544,CEAc,CEA,198,left,0
8444,8445,2,6164.26,6056.56,3147.78,0.2421875,8444,544,CEAc,CEA,198,left,0
8445,8446,2,6165.82,6057.88,3148.5,0.1640625,8445,544,CEAc,CEA,198,left,0
8446,8447,2,6169.16,6061.12,3149.24,0.26953125,8446,544,CEAc,CEA,198,left,0
8447,8448,2,6171.16,6063.44,3148.62,0.37890625,8447,544,CEAc,CEA,198,left,0
8448,8449,2,6172.56,6065.28,3148.18,0.296875,8448,544,CEAc,CEA,198,left,0
8449,8450,2,6174.06,6068.04,3148.2,0.59765625,8449,544,CEAc,CEA,198,left,0
8450,8451,2,6174.74,6070.66,3148.76,0.2421875,8450,544,CEAc,CEA,198,left,0
8451,8452,2,6175.6,6073.38,3148.96,0.43359375,8451,544,CEAc,CEA,198,left,0
8452,8453,2,6175.9,6075.54,3149.6,0.00390625,8452,544,CEAc,CEA,198,left,1
8453,8454,2,6129.08,5995.98,3137.9,0.40625,8096,544,CEAc,CEA,199,left,0
8454,8455,2,6130.06,5996.78,3141.14,0.21484375,8454,544,CEAc,CEA,199,left,0
8455,8456,2,6131.2,5996.08,3142.58,0.67578125,8455,544,CEAc,CEA,199,left,0
8456,8457,2,6131.48,5995.08,3144.32,0.37890625,8456,544,CEAc,CEA,199,left,0
8457,8458,2,6131.6,5994.26,3146.68,0.4609375,8457,544,CEAc,CEA,199,left,0
8458,8459,2,6132.12,5994.18,3148.0,0.40625,8458,544,CEAc,CEA,199,left,0
8459,8460,2,6133.48,5994.68,3148.9,0.32421875,8459,544,CEAc,CEA,199,left,0
8460,8461,2,6133.88,5994.72,3150.28,0.48828125,8460,544,CEAc,CEA,199,left,0
8461,8462,2,5812.96,5948.2,3679.66,0.7578125,8276,342,SI,SI,200,left,1
8462,8463,2,5812.86,5946.5,3681.46,0.00390625,8276,342,SI,SI,201,left,0
8463,8464,2,5812.66,5946.78,3683.32,0.2421875,8463,342,SI,SI,201,left,0
8464,8465,2,5811.9,5946.96,3684.54,0.37890625,8464,342,SI,SI,201,left,0
8465,8466,2,5810.52,5946.58,3685.06,0.32421875,8465,342,SI,SI,201,left,0
8466,8467,2,5809.4,5946.22,3686.52,0.515625,8466,342,SI,SI,201,left,0
8467,8468,2,5808.48,5946.32,3688.2,0.19140625,8467,342,SI,SI,201,left,0
8468,8469,2,5806.66,5945.96,3690.12,0.21484375,8468,342,SI,SI,201,left,0
8469,8470,2,5805.54,5945.04,3691.14,0.48828125,8469,342,SI,SI,201,left,0
8470,8471,2,5805.36,5945.14,3692.34,0.43359375,8470,342,SI,SI,201,left,0
8471,8472,2,5805.34,5945.4,3694.5,0.0234375,8471,342,SI,SI,201,left,0
8472,8473,2,5804.98,5945.96,3696.38,0.67578125,8472,342,SI,SI,201,left,0
8473,8474,2,5803.46,5945.38,3696.52,0.40625,8473,342,SI,SI,201,left,0
8474,8475,2,5802.4,5945.34,3697.92,0.26953125,8474,342,SI,SI,201,left,0
8475,8476,2,5801.86,5945.44,3699.62,0.32421875,8475,342,SI,SI,201,left,0
8476,8477,2,5800.48,5945.28,3700.16,0.48828125,8476,342,SI,SI,201,left,0
8477,8478,2,5800.12,5945.56,3701.62,0.2421875,8477,342,SI,SI,201,left,0
8478,8479,2,5799.48,5944.48,3703.16,0.43359375,8478,342,SI,SI,201,left,0
8479,8480,2,5798.14,5943.64,3704.52,0.19140625,8479,342,SI,SI,201,left,0
8480,8481,2,5796.3,5942.94,3705.02,0.32421875,8480,342,SI,SI,201,left,0
8481,8482,2,5794.5,5943.54,3705.98,0.00390625,8481,342,SI,SI,201,left,0
8482,8483,2,5792.54,5943.98,3707.74,0.21484375,8482,342,SI,SI,201,left,0
8483,8484,2,5791.08,5943.86,3709.22,0.32421875,8483,342,SI,SI,201,left,0
8484,8485,2,5789.62,5943.94,3710.46,0.296875,8484,342,SI,SI,201,left,0
8485,8486,2,5787.92,5943.72,3712.72,0.21484375,8485,342,SI,SI,201,left,0
8486,8487,2,5787.16,5942.58,3714.2,0.2421875,8486,342,SI,SI,201,left,0
8487,8488,2,5785.4,5940.64,3715.2,0.73046875,8487,342,SI,SI,201,left,0
8488,8489,2,5783.96,5940.1,3716.56,0.19140625,8488,342,SI,SI,201,left,0
8489,8490,2,5783.38,5940.08,3718.0,0.54296875,8489,342,SI,SI,201,left,0
8490,8491,2,5783.02,5938.66,3719.24,0.48828125,8490,342,SI,SI,201,left,0
8491,8492,2,5781.46,5937.8,3720.16,0.40625,8491,342,SI,SI,201,left,0
8492,8493,2,5780.38,5936.84,3721.66,0.5703125,8492,342,SI,SI,201,left,0
8493,8494,2,5778.82,5936.52,3722.82,0.32421875,8493,342,SI,SI,201,left,0
8494,8495,2,5777.26,5936.38,3723.8,0.19140625,8494,342,SI,SI,201,left,0
8495,8496,2,5776.7,5936.1,3725.24,0.48828125,8495,342,SI,SI,201,left,0
8496,8497,2,5775.28,5936.0,3726.5,0.3515625,8496,342,SI,SI,201,left,0
8497,8498,2,5774.62,5936.46,3728.2,0.32421875,8497,342,SI,SI,201,left,0
8498,8499,2,5773.02,5936.04,3728.68,0.40625,8498,342,SI,SI,201,left,0
8499,8500,2,5771.82,5934.92,3729.3,0.5703125,8499,342,SI,SI,201,left,0
8500,8501,2,5771.46,5933.94,3731.24,0.40625,8500,342,SI,SI,201,left,0
8501,8502,2,5770.7,5933.14,3732.72,0.73046875,8501,342,SI,SI,201,left,0
8502,8503,2,5769.04,5931.66,3733.78,0.3515625,8502,342,SI,SI,201,left,0
8503,8504,2,5767.32,5931.02,3734.48,0.43359375,8503,342,SI,SI,201,left,0
8504,8505,2,5765.96,5930.14,3736.0,0.00390625,8504,342,SI,SI,201,left,0
8505,8506,2,5765.52,5929.06,3737.42,0.21484375,8505,342,SI,SI,201,left,0
8506,8507,2,5765.0,5929.16,3739.1,0.32421875,8506,342,SI,SI,201,left,0
8507,8508,2,5764.16,5928.38,3740.02,0.43359375,8507,342,SI,SI,201,left,0
8508,8509,2,5762.46,5927.68,3741.08,0.296875,8508,342,SI,SI,201,left,0
8509,8510,2,5760.92,5926.76,3742.68,0.19140625,8509,342,SI,SI,201,left,0
8510,8511,2,5759.76,5926.18,3743.58,0.5703125,8510,342,SI,SI,201,left,0
8511,8512,2,5757.7,5924.72,3744.56,0.3515625,8511,342,SI,SI,201,left,0
8512,8513,2,5756.5,5924.02,3745.98,0.37890625,8512,342,SI,SI,201,left,0
8513,8514,2,5755.76,5923.3,3747.32,0.32421875,8513,342,SI,SI,201,left,0
8514,8515,2,5754.02,5921.76,3747.48,0.37890625,8514,342,SI,SI,201,left,0
8515,8516,2,5752.08,5920.36,3747.64,0.4609375,8515,342,SI,SI,201,left,0
8516,8517,2,5751.94,5920.26,3748.9,0.26953125,8516,342,SI,SI,201,left,0
8517,8518,2,5750.22,5918.8,3751.1,0.78515625,8517,342,SI,SI,201,left,0
8518,8519,2,5748.84,5917.92,3751.92,0.48828125,8518,342,SI,SI,201,left,0
8519,8520,2,5747.9,5917.52,3753.7,0.3515625,8519,342,SI,SI,201,left,0
8520,8521,2,5746.1,5916.42,3755.78,0.37890625,8520,342,SI,SI,201,left,0
8521,8522,2,5745.58,5915.42,3757.08,0.4609375,8521,342,SI,SI,201,left,0
8522,8523,2,5744.36,5914.22,3758.54,0.21484375,8522,342,SI,SI,201,left,0
8523,8524,2,5743.38,5914.44,3760.14,0.32421875,8523,342,SI,SI,201,left,0
8524,8525,2,5741.8,5914.42,3761.06,0.26953125,8524,342,SI,SI,201,left,0
8525,8526,2,5741.44,5914.86,3762.5,0.515625,8525,342,SI,SI,201,left,0
8526,8527,2,5739.74,5914.06,3763.68,0.00390625,8526,342,SI,SI,201,left,0
8527,8528,2,5739.32,5913.96,3765.64,0.37890625,8527,342,SI,SI,201,left,0
8528,8529,2,5738.72,5914.0,3768.64,1.02734375,8528,342,SI,SI,201,left,0
8529,8530,2,5737.18,5913.5,3769.5,0.48828125,8529,342,SI,SI,201,left,0
8530,8531,2,5735.48,5912.38,3770.84,0.19140625,8530,342,SI,SI,201,left,0
8531,8532,2,5735.1,5910.42,3772.92,0.94921875,8531,342,SI,SI,201,left,0
8532,8533,2,5734.58,5909.36,3773.98,0.1640625,8532,342,SI,SI,201,left,0
8533,8534,2,5733.0,5908.32,3774.34,0.32421875,8533,342,SI,SI,201,left,0
8534,8535,2,5731.64,5907.7,3775.5,0.7578125,8534,342,SI,SI,201,left,0
8535,8536,2,5730.2,5907.68,3777.18,0.48828125,8535,342,SI,SI,201,left,0
8536,8537,2,5729.08,5906.88,3777.96,0.32421875,8536,342,SI,SI,201,left,0
8537,8538,2,5728.36,5906.34,3780.16,0.00390625,8537,342,SI,SI,201,left,0
8538,8539,2,5727.06,5905.86,3781.46,0.21484375,8538,342,SI,SI,201,left,0
8539,8540,2,5726.74,5905.28,3783.2,1.13671875,8539,342,SI,SI,201,left,0
8540,8541,2,5725.8,5905.12,3784.16,2.51953125,8540,342,SI,SI,201,left,0
8541,8542,2,5724.12,5904.72,3784.1,0.40625,8541,342,SI,SI,201,left,0
8542,8543,2,5722.86,5904.66,3784.8,0.40625,8542,342,SI,SI,201,left,0
8543,8544,2,5722.04,5904.4,3786.54,0.40625,8543,342,SI,SI,201,left,0
8544,8545,2,5721.1,5903.72,3787.9,0.1640625,8544,342,SI,SI,201,left,0
8545,8546,2,5720.48,5902.9,3789.68,0.5703125,8545,342,SI,SI,201,left,0
8546,8547,2,5720.06,5901.72,3790.84,0.43359375,8546,342,SI,SI,201,left,0
8547,8548,2,5719.0,5901.3,3791.34,0.32421875,8547,342,SI,SI,201,left,0
8548,8549,2,5718.38,5900.92,3792.92,0.703125,8548,342,SI,SI,201,left,0
8549,8550,2,5718.36,5900.18,3794.7,0.32421875,8549,342,SI,SI,201,left,0
8550,8551,2,5716.62,5898.76,3795.32,0.2421875,8550,342,SI,SI,201,left,0
8551,8552,2,5716.3,5897.22,3796.56,0.5703125,8551,342,SI,SI,201,left,0
8552,8553,2,5716.3,5894.58,3798.24,0.6484375,8552,342,SI,SI,201,left,0
8553,8554,2,5716.3,5893.28,3799.6,0.6484375,8553,342,SI,SI,201,left,0
8554,8555,2,5715.64,5892.52,3801.38,0.296875,8554,342,SI,SI,201,left,0
8555,8556,2,5714.18,5891.3,3802.44,0.4609375,8555,342,SI,SI,201,left,0
8556,8557,2,5712.62,5889.82,3803.1,0.1640625,8556,342,SI,SI,201,left,0
8557,8558,2,5712.16,5889.04,3804.38,0.3515625,8557,342,SI,SI,201,left,0
8558,8559,2,5712.18,5886.98,3805.2,0.62109375,8558,342,SI,SI,201,left,0
8559,8560,2,5712.2,5885.44,3804.82,0.296875,8559,342,SI,SI,201,left,0
8560,8561,2,5712.3,5879.34,3805.02,0.703125,8560,342,SI,SI,201,left,0
8561,8562,2,5712.46,5877.24,3804.84,0.48828125,8561,342,SI,SI,201,left,0
8562,8563,2,5713.32,5875.12,3805.14,0.8671875,8562,342,SI,SI,201,left,0
8563,8564,2,5713.5,5873.0,3806.06,0.6484375,8563,342,SI,SI,201,left,0
8564,8565,2,5714.22,5870.6,3806.92,0.32421875,8564,342,SI,SI,201,left,0
8565,8566,2,5714.52,5866.72,3807.22,0.00390625,8565,342,SI,SI,201,left,0
8566,8567,2,5714.96,5864.1,3807.8,0.32421875,8566,342,SI,SI,201,left,0
8567,8568,2,5716.18,5863.88,3808.28,0.1640625,8567,342,SI,SI,201,left,0
8568,8569,2,5716.64,5861.98,3809.34,0.296875,8568,342,SI,SI,201,left,0
8569,8570,2,5716.68,5859.6,3810.44,0.73046875,8569,342,SI,SI,201,left,0
8570,8571,2,5716.68,5857.96,3812.4,0.40625,8570,342,SI,SI,201,left,0
8571,8572,2,5716.66,5856.46,3814.82,0.48828125,8571,342,SI,SI,201,left,0
8572,8573,2,5716.36,5856.08,3817.38,0.32421875,8572,342,SI,SI,201,left,0
8573,8574,2,5715.06,5856.06,3818.6,0.19140625,8573,342,SI,SI,201,left,0
8574,8575,2,5713.44,5855.74,3820.08,0.296875,8574,342,SI,SI,201,left,0
8575,8576,2,5712.46,5855.72,3821.8,0.67578125,8575,342,SI,SI,201,left,0
8576,8577,2,5712.24,5856.3,3824.4,0.40625,8576,342,SI,SI,201,left,0
8577,8578,2,5710.88,5856.3,3825.28,0.43359375,8577,342,SI,SI,201,left,0
8578,8579,2,5708.58,5856.6,3826.72,0.4609375,8578,342,SI,SI,201,left,0
8579,8580,2,5707.48,5857.06,3828.14,0.296875,8579,342,SI,SI,201,left,0
8580,8581,2,5706.26,5857.38,3828.86,0.40625,8580,342,SI,SI,201,left,0
8581,8582,2,5705.76,5857.84,3830.18,0.32421875,8581,342,SI,SI,201,left,0
8582,8583,2,5704.26,5857.84,3830.66,0.1640625,8582,342,SI,SI,201,left,0
8583,8584,2,5703.24,5857.9,3831.74,0.1640625,8583,342,SI,SI,201,left,0
8584,8585,2,5701.64,5856.76,3832.86,0.37890625,8584,342,SI,SI,201,left,0
8585,8586,2,5700.04,5856.0,3833.34,0.32421875,8585,342,SI,SI,201,left,0
8586,8587,2,5698.44,5857.24,3834.62,0.2421875,8586,342,SI,SI,201,left,0
8587,8588,2,5696.7,5857.74,3835.68,0.32421875,8587,342,SI,SI,201,left,0
8588,8589,2,5694.96,5857.78,3836.0,0.21484375,8588,342,SI,SI,201,left,0
8589,8590,2,5693.54,5858.16,3837.6,0.40625,8589,342,SI,SI,201,left,0
8590,8591,2,5692.78,5858.34,3839.22,0.8671875,8590,342,SI,SI,201,left,0
8591,8592,2,5691.16,5857.06,3841.06,0.19140625,8591,342,SI,SI,201,left,0
8592,8593,2,5689.78,5857.02,3842.24,0.48828125,8592,342,SI,SI,201,left,0
8593,8594,2,5687.76,5857.1,3842.94,0.59765625,8593,342,SI,SI,201,left,0
8594,8595,2,5686.54,5857.2,3842.96,4.0078125,8594,342,SI,SI,201,left,0
8595,8596,2,5684.16,5856.64,3843.08,1.59765625,8595,342,SI,SI,201,left,0
8596,8597,2,5682.86,5856.14,3844.02,0.21484375,8596,342,SI,SI,201,left,0
8597,8598,2,5681.94,5855.06,3846.16,0.2421875,8597,342,SI,SI,201,left,0
8598,8599,2,5680.36,5854.52,3846.68,0.19140625,8598,342,SI,SI,201,left,0
8599,8600,2,5679.16,5854.48,3847.86,0.43359375,8599,342,SI,SI,201,left,0
8600,8601,2,5678.82,5854.06,3850.06,0.2421875,8600,342,SI,SI,201,left,0
8601,8602,2,5677.52,5853.5,3851.06,0.1640625,8601,342,SI,SI,201,left,0
8602,8603,2,5675.22,5851.24,3853.32,0.62109375,8602,342,SI,SI,201,left,0
8603,8604,2,5674.66,5850.5,3854.96,0.2421875,8603,342,SI,SI,201,left,0
8604,8605,2,5673.22,5849.64,3856.16,0.32421875,8604,342,SI,SI,201,left,0
8605,8606,2,5672.56,5848.72,3857.82,0.37890625,8605,342,SI,SI,201,left,0
8606,8607,2,5671.14,5847.46,3859.6,0.37890625,8606,342,SI,SI,201,left,0
8607,8608,2,5670.68,5847.76,3861.96,0.59765625,8607,342,SI,SI,201,left,0
8608,8609,2,5669.52,5848.08,3863.12,0.19140625,8608,342,SI,SI,201,left,0
8609,8610,2,5668.26,5847.74,3863.7,0.1640625,8609,342,SI,SI,201,left,0
8610,8611,2,5666.86,5848.88,3864.42,0.00390625,8610,342,SI,SI,201,left,0
8611,8612,2,5664.94,5849.06,3864.5,0.40625,8611,342,SI,SI,201,left,0
8612,8613,2,5664.54,5850.34,3865.92,0.5703125,8612,342,SI,SI,201,left,0
8613,8614,2,5663.66,5852.56,3867.82,0.94921875,8613,342,SI,SI,201,left,0
8614,8615,2,5662.18,5853.28,3868.74,0.19140625,8614,342,SI,SI,201,left,0
8615,8616,2,5660.04,5853.72,3869.34,0.4609375,8615,342,SI,SI,201,left,0
8616,8617,2,5658.18,5854.4,3870.08,0.6484375,8616,342,SI,SI,201,left,0
8617,8618,2,5658.14,5855.68,3870.74,0.296875,8617,342,SI,SI,201,left,0
8618,8619,2,5657.52,5856.66,3872.68,0.296875,8618,342,SI,SI,201,left,0
8619,8620,2,5656.1,5856.48,3873.94,0.43359375,8619,342,SI,SI,201,left,0
8620,8621,2,5654.0,5856.02,3874.98,0.40625,8620,342,SI,SI,201,left,0
8621,8622,2,5652.72,5855.44,3876.34,0.21484375,8621,342,SI,SI,201,left,0
8622,8623,2,5651.84,5854.74,3878.5,0.54296875,8622,342,SI,SI,201,left,0
8623,8624,2,5651.82,5853.74,3880.42,0.296875,8623,342,SI,SI,201,left,0
8624,8625,2,5651.74,5852.48,3882.78,0.54296875,8624,342,SI,SI,201,left,0
8625,8626,2,5651.02,5851.86,3883.28,0.296875,8625,342,SI,SI,201,left,0
8626,8627,2,5649.82,5851.84,3884.2,0.0234375,8626,342,SI,SI,201,left,0
8627,8628,2,5649.7,5851.92,3885.78,0.40625,8627,342,SI,SI,201,left,0
8628,8629,2,5649.36,5852.2,3889.34,0.19140625,8628,342,SI,SI,201,left,0
8629,8630,2,5648.06,5852.04,3890.64,0.32421875,8629,342,SI,SI,201,left,0
8630,8631,2,5647.46,5851.88,3893.3,0.2421875,8630,342,SI,SI,201,left,0
8631,8632,2,5647.38,5851.54,3896.48,0.4609375,8631,342,SI,SI,201,left,0
8632,8633,2,5647.3,5852.06,3899.14,0.40625,8632,342,SI,SI,201,left,0
8633,8634,2,5647.28,5851.86,3900.18,0.296875,8633,342,SI,SI,201,left,0
8634,8635,2,5647.18,5852.5,3903.54,0.32421875,8634,342,SI,SI,201,left,0
8635,8636,2,5647.1,5853.04,3906.34,0.4609375,8635,342,SI,SI,201,left,0
8636,8637,2,5647.04,5853.18,3908.34,0.4609375,8636,342,SI,SI,201,left,0
8637,8638,2,5645.34,5853.38,3910.32,0.00390625,8637,342,SI,SI,201,left,0
8638,8639,2,5644.84,5853.94,3912.64,0.43359375,8638,342,SI,SI,201,left,0
8639,8640,2,5644.8,5853.94,3914.4,0.62109375,8639,342,SI,SI,201,left,0
8640,8641,2,5644.7,5854.44,3917.44,0.4609375,8640,342,SI,SI,201,left,0
8641,8642,2,5644.62,5854.58,3919.88,0.40625,8641,342,SI,SI,201,left,0
8642,8643,2,5644.58,5854.06,3921.76,0.26953125,8642,342,SI,SI,201,left,0
8643,8644,2,5643.6,5853.46,3923.08,0.921875,8643,342,SI,SI,201,left,0
8644,8645,2,5642.66,5852.24,3923.34,0.67578125,8644,342,SI,SI,201,left,0
8645,8646,2,5642.36,5853.1,3928.74,0.40625,8645,342,SI,SI,201,left,0
8646,8647,2,5642.32,5853.72,3929.84,0.48828125,8646,342,SI,SI,201,left,0
8647,8648,2,5642.04,5856.74,3937.68,0.59765625,8647,342,SI,SI,201,left,0
8648,8649,2,5642.68,5857.22,3938.62,0.26953125,8648,342,SI,SI,201,left,0
8649,8650,2,5642.0,5854.98,3939.62,0.00390625,8649,342,SI,SI,201,left,0
8650,8651,2,5641.94,5853.02,3942.6,0.54296875,8650,342,SI,SI,201,left,0
8651,8652,2,5641.92,5852.16,3944.5,0.2421875,8651,342,SI,SI,201,left,0
8652,8653,2,5641.9,5850.82,3946.0,0.2421875,8652,342,SI,SI,201,left,0
8653,8654,2,5641.84,5850.6,3948.58,0.26953125,8653,342,SI,SI,201,left,0
8654,8655,2,5641.42,5850.96,3950.26,0.515625,8654,342,SI,SI,201,left,0
8655,8656,2,5639.68,5850.36,3950.84,0.40625,8655,342,SI,SI,201,left,0
8656,8657,2,5638.16,5849.76,3952.04,0.3515625,8656,342,SI,SI,201,left,0
8657,8658,2,5637.36,5849.58,3953.82,0.2421875,8657,342,SI,SI,201,left,0
8658,8659,2,5636.04,5849.06,3954.46,0.515625,8658,342,SI,SI,201,left,0
8659,8660,2,5635.42,5849.66,3957.12,0.3515625,8659,342,SI,SI,201,left,0
8660,8661,2,5635.16,5849.3,3959.0,0.48828125,8660,342,SI,SI,201,left,0
8661,8662,2,5633.26,5848.32,3959.42,0.19140625,8661,342,SI,SI,201,left,0
8662,8663,2,5631.68,5847.84,3959.98,0.37890625,8662,342,SI,SI,201,left,0
8663,8664,2,5631.24,5847.58,3961.7,0.19140625,8663,342,SI,SI,201,left,0
8664,8665,2,5631.18,5847.32,3963.48,0.296875,8664,342,SI,SI,201,left,0
8665,8666,2,5630.72,5846.2,3964.9,0.00390625,8665,342,SI,SI,201,left,0
8666,8667,2,5629.42,5845.52,3966.74,0.3515625,8666,342,SI,SI,201,left,0
8667,8668,2,5628.58,5845.72,3968.8,0.21484375,8667,342,SI,SI,201,left,0
8668,8669,2,5627.64,5845.82,3970.32,0.37890625,8668,342,SI,SI,201,left,0
8669,8670,2,5626.8,5845.96,3972.64,0.21484375,8669,342,SI,SI,201,left,0
8670,8671,2,5626.76,5845.26,3974.56,0.43359375,8670,342,SI,SI,201,left,0
8671,8672,2,5625.74,5844.98,3976.24,0.48828125,8671,342,SI,SI,201,left,0
8672,8673,2,5624.78,5845.36,3976.86,0.4609375,8672,342,SI,SI,201,left,0
8673,8674,2,5624.3,5846.16,3978.8,0.40625,8673,342,SI,SI,201,left,0
8674,8675,2,5622.66,5845.9,3979.94,0.48828125,8674,342,SI,SI,201,left,0
8675,8676,2,5620.54,5845.48,3981.96,0.48828125,8675,342,SI,SI,201,left,0
8676,8677,2,5619.96,5845.12,3983.36,0.32421875,8676,342,SI,SI,201,left,0
8677,8678,2,5618.62,5844.88,3984.88,0.37890625,8677,342,SI,SI,201,left,0
8678,8679,2,5618.0,5844.26,3986.2,0.32421875,8678,342,SI,SI,201,left,0
8679,8680,2,5616.98,5843.88,3986.4,0.6484375,8679,342,SI,SI,201,left,0
8680,8681,2,5616.06,5843.66,3988.32,0.1640625,8680,342,SI,SI,201,left,0
8681,8682,2,5616.0,5843.34,3990.28,0.32421875,8681,342,SI,SI,201,left,0
8682,8683,2,5616.3,5842.32,3993.12,0.3515625,8682,342,SI,SI,201,left,0
8683,8684,2,5617.44,5842.14,3994.9,0.1640625,8683,342,SI,SI,201,left,0
8684,8685,2,5974.84,5890.82,3276.4,0.0078125,8414,559,CEAm,CEA,202,left,0
8685,8686,2,5973.22,5891.1,3276.42,0.2421875,8685,559,CEAm,CEA,202,left,0
8686,8687,2,5971.34,5891.0,3275.84,0.3515625,8686,559,CEAm,CEA,202,left,0
8687,8688,2,5969.52,5890.82,3276.22,0.32421875,8687,559,CEAm,CEA,202,left,0
8688,8689,2,5968.0,5890.26,3277.06,0.21484375,8688,559,CEAm,CEA,202,left,0
8689,8690,2,5967.16,5889.54,3277.86,0.4609375,8689,559,CEAm,CEA,202,left,0
8690,8691,2,5967.16,5888.38,3279.1,0.515625,8690,559,CEAm,CEA,202,left,0
8691,8692,2,5966.62,5886.12,3280.22,0.21484375,8691,559,CEAm,CEA,202,left,0
8692,8693,2,5965.42,5885.54,3281.16,0.43359375,8692,559,CEAm,CEA,202,left,0
8693,8694,2,5965.14,5885.58,3283.32,0.21484375,8693,559,CEAm,CEA,202,left,0
8694,8695,2,5964.52,5884.92,3283.98,0.37890625,8694,477,STR,STR,202,left,0
8695,8696,2,5963.72,5883.36,3286.02,0.00390625,8695,559,CEAm,CEA,202,left,0
8696,8697,2,5963.44,5882.82,3288.02,0.2421875,8696,559,CEAm,CEA,202,left,0
8697,8698,2,5963.38,5883.22,3289.72,0.19140625,8697,559,CEAm,CEA,202,left,0
8698,8699,2,5962.42,5883.36,3290.44,0.83984375,8698,559,CEAm,CEA,202,left,0
8699,8700,2,5959.6,5882.44,3290.34,0.2421875,8699,559,CEAm,CEA,202,left,0
8700,8701,2,5957.76,5881.8,3290.5,0.21484375,8700,559,CEAm,CEA,202,left,0
8701,8702,2,5955.96,5881.32,3291.86,0.40625,8701,559,CEAm,CEA,202,left,0
8702,8703,2,5955.02,5881.4,3293.24,0.32421875,8702,559,CEAm,CEA,202,left,0
8703,8704,2,5953.54,5880.68,3293.82,0.1640625,8703,477,STR,STR,202,left,0
8704,8705,2,5950.92,5879.2,3293.82,0.1640625,8704,477,STR,STR,202,left,0
8705,8706,2,5949.34,5878.48,3294.26,0.1640625,8705,477,STR,STR,202,left,0
8706,8707,2,5947.54,5877.48,3295.6,0.32421875,8706,559,CEAm,CEA,202,left,0
8707,8708,2,5946.34,5877.22,3296.92,0.26953125,8707,559,CEAm,CEA,202,left,0
8708,8709,2,5945.82,5877.48,3298.22,0.32421875,8708,559,CEAm,CEA,202,left,0
8709,8710,2,5944.62,5877.36,3298.58,0.1640625,8709,477,STR,STR,202,left,0
8710,8711,2,5942.26,5877.22,3298.66,0.19140625,8710,477,STR,STR,202,left,0
8711,8712,2,5940.88,5877.12,3299.04,0.296875,8711,477,STR,STR,202,left,0
8712,8713,2,5937.66,5876.3,3299.34,0.2421875,8712,477,STR,STR,202,left,0
8713,8714,2,5936.22,5876.36,3299.98,0.2421875,8713,477,STR,STR,202,left,0
8714,8715,2,5934.62,5876.0,3300.1,0.37890625,8714,477,STR,STR,202,left,0
8715,8716,2,5933.52,5876.62,3300.02,0.01171875,8715,477,STR,STR,202,left,0
8716,8717,2,5931.96,5877.06,3299.66,0.37890625,8716,477,STR,STR,202,left,0
8717,8718,2,5929.88,5877.16,3299.8,0.2421875,8717,477,STR,STR,202,left,0
8718,8719,2,5928.72,5878.02,3300.84,0.40625,8718,477,STR,STR,202,left,0
8719,8720,2,5927.16,5878.6,3301.56,0.1640625,8719,477,STR,STR,202,left,0
8720,8721,2,5924.76,5878.38,3302.08,0.2421875,8720,477,STR,STR,202,left,0
8721,8722,2,5923.36,5877.88,3302.7,0.296875,8721,477,STR,STR,202,left,0
8722,8723,2,5921.44,5877.56,3303.66,0.32421875,8722,477,STR,STR,202,left,0
8723,8724,2,5920.18,5877.7,3304.92,0.1640625,8723,477,STR,STR,202,left,0
8724,8725,2,5919.14,5878.2,3305.62,0.19140625,8724,477,STR,STR,202,left,0
8725,8726,2,5918.32,5878.26,3307.1,0.3515625,8725,477,STR,STR,202,left,0
8726,8727,2,5916.98,5877.86,3307.82,0.1640625,8726,477,STR,STR,202,left,0
8727,8728,2,5915.48,5877.22,3308.06,0.32421875,8727,477,STR,STR,202,left,0
8728,8729,2,5914.74,5877.46,3309.42,0.1640625,8728,477,STR,STR,202,left,0
8729,8730,2,5913.48,5877.48,3310.82,0.2421875,8729,477,STR,STR,202,left,0
8730,8731,2,5912.08,5877.04,3311.7,0.26953125,8730,477,STR,STR,202,left,0
8731,8732,2,5911.12,5877.64,3312.64,0.43359375,8731,477,STR,STR,202,left,0
8732,8733,2,5909.32,5878.12,3313.36,0.2421875,8732,477,STR,STR,202,left,0
8733,8734,2,5907.64,5879.02,3313.8,0.32421875,8733,477,STR,STR,202,left,0
8734,8735,2,5906.36,5880.0,3314.26,0.3515625,8734,477,STR,STR,202,left,0
8735,8736,2,5905.62,5880.26,3314.3,0.01953125,8735,477,STR,STR,202,left,0
8736,8737,2,5903.36,5879.86,3314.46,0.40625,8736,998,FS,FS,202,left,0
8737,8738,2,5901.4,5879.96,3315.28,0.1640625,8737,477,STR,STR,202,left,0
8738,8739,2,5899.98,5880.3,3315.78,0.2421875,8738,477,STR,STR,202,left,0
8739,8740,2,5897.3,5879.36,3315.48,0.40625,8739,477,STR,STR,202,left,0
8740,8741,2,5896.44,5879.46,3317.2,0.40625,8740,477,STR,STR,202,left,0
8741,8742,2,5895.26,5880.26,3320.02,0.21484375,8741,477,STR,STR,202,left,0
8742,8743,2,5896.0,5881.36,3320.9,0.21484375,8742,477,STR,STR,202,left,0
8743,8744,2,5893.78,5880.58,3321.06,0.00390625,8743,998,FS,FS,202,left,0
8744,8745,2,5891.94,5880.22,3321.98,0.1640625,8744,998,FS,FS,202,left,0
8745,8746,2,5890.36,5879.82,3322.22,0.3515625,8745,998,FS,FS,202,left,0
8746,8747,2,5888.88,5879.68,3323.1,0.26953125,8746,998,FS,FS,202,left,0
8747,8748,2,5887.2,5879.82,3324.14,0.59765625,8747,998,FS,FS,202,left,0
8748,8749,2,5886.3,5880.14,3324.42,0.19140625,8748,998,FS,FS,202,left,0
8749,8750,2,5884.1,5880.24,3325.26,0.26953125,8749,998,FS,FS,202,left,0
8750,8751,2,5882.68,5880.92,3326.5,0.37890625,8750,998,FS,FS,202,left,0
8751,8752,2,5881.14,5880.9,3327.44,0.1640625,8751,998,FS,FS,202,left,0
8752,8753,2,5879.58,5880.88,3328.58,0.43359375,8752,998,FS,FS,202,left,0
8753,8754,2,5877.56,5880.94,3329.96,0.26953125,8753,998,FS,FS,202,left,0
8754,8755,2,5876.04,5880.98,3331.32,0.40625,8754,998,FS,FS,202,left,0
8755,8756,2,5874.62,5880.96,3332.42,0.296875,8755,998,FS,FS,202,left,0
8756,8757,2,5873.5,5881.62,3334.4,0.1640625,8756,998,FS,FS,202,left,0
8757,8758,2,5872.04,5881.98,3335.38,0.43359375,8757,998,FS,FS,202,left,0
8758,8759,2,5871.22,5882.46,3335.94,0.2421875,8758,998,FS,FS,202,left,0
8759,8760,2,5869.56,5882.76,3337.38,0.37890625,8759,998,FS,FS,202,left,0
8760,8761,2,5867.5,5883.9,3338.0,0.296875,8760,998,FS,FS,202,left,0
8761,8762,2,5867.18,5885.0,3339.04,0.40625,8761,998,FS,FS,202,left,0
8762,8763,2,5865.96,5885.36,3339.32,0.59765625,8762,477,STR,STR,202,left,0
8763,8764,2,5865.56,5886.9,3340.96,0.2421875,8763,477,STR,STR,202,left,0
8764,8765,2,5864.0,5887.6,3342.22,0.2421875,8764,998,FS,FS,202,left,0
8765,8766,2,5861.84,5888.24,3343.32,0.2421875,8765,998,FS,FS,202,left,0
8766,8767,2,5860.36,5888.18,3344.26,0.1640625,8766,998,FS,FS,202,left,0
8767,8768,2,5859.98,5888.28,3344.6,0.02734375,8767,998,FS,FS,202,left,0
8768,8769,2,5860.34,5891.2,3352.28,0.43359375,8768,477,STR,STR,202,left,0
8769,8770,2,5860.4,5891.32,3354.06,0.26953125,8769,477,STR,STR,202,left,0
8770,8771,2,5860.66,5890.26,3355.3,0.4609375,8770,477,STR,STR,202,left,0
8771,8772,2,5862.46,5890.56,3356.36,0.37890625,8771,477,STR,STR,202,left,0
8772,8773,2,5863.9,5891.44,3357.7,0.32421875,8772,477,STR,STR,202,left,0
8773,8774,2,5864.58,5891.28,3359.62,0.2421875,8773,477,STR,STR,202,left,0
8774,8775,2,5864.52,5889.58,3361.18,0.73046875,8774,477,STR,STR,202,left,0
8775,8776,2,5864.58,5889.1,3363.16,0.32421875,8775,477,STR,STR,202,left,0
8776,8777,2,5864.54,5887.7,3365.1,0.54296875,8776,477,STR,STR,202,left,0
8777,8778,2,5864.52,5886.44,3366.28,0.5703125,8777,477,STR,STR,202,left,0
8778,8779,2,5865.14,5885.96,3367.8,0.32421875,8778,477,STR,STR,202,left,0
8779,8780,2,5866.08,5885.86,3368.18,0.26953125,8779,477,STR,STR,202,left,0
8780,8781,2,5866.56,5885.26,3369.52,0.296875,8780,477,STR,STR,202,left,0
8781,8782,2,5866.58,5884.44,3371.34,0.54296875,8781,477,STR,STR,202,left,0
8782,8783,2,5865.8,5884.18,3372.62,0.01171875,8782,477,STR,STR,202,left,0
8783,8784,2,5865.74,5884.58,3375.4,0.2421875,8783,477,STR,STR,202,left,0
8784,8785,2,5865.88,5885.08,3378.92,0.4609375,8784,477,STR,STR,202,left,0
8785,8786,2,5866.1,5884.74,3380.72,0.5703125,8785,477,STR,STR,202,left,0
8786,8787,2,5866.9,5884.14,3382.32,0.2421875,8786,477,STR,STR,202,left,0
8787,8788,2,5867.02,5883.5,3384.3,0.40625,8787,477,STR,STR,202,left,0
8788,8789,2,5867.18,5884.4,3387.56,0.2421875,8788,477,STR,STR,202,left,0
8789,8790,2,5867.3,5885.62,3388.94,0.5703125,8789,477,STR,STR,202,left,0
8790,8791,2,5867.44,5887.08,3391.22,0.19140625,8790,477,STR,STR,202,left,0
8791,8792,2,5867.76,5889.44,3397.02,0.32421875,8791,559,CEAm,CEA,202,left,0
8792,8793,2,5867.84,5889.78,3399.06,0.2421875,8792,559,CEAm,CEA,202,left,0
8793,8794,2,5867.88,5889.46,3400.82,0.2421875,8793,559,CEAm,CEA,202,left,0
8794,8795,2,5867.98,5889.78,3403.32,0.32421875,8794,559,CEAm,CEA,202,left,0
8795,8796,2,5868.08,5890.08,3405.86,0.2421875,8795,559,CEAm,CEA,202,left,0
8796,8797,2,5868.12,5889.48,3407.76,0.43359375,8796,559,CEAm,CEA,202,left,0
8797,8798,2,5867.3,5888.7,3408.66,0.37890625,8797,559,CEAm,CEA,202,left,0
8798,8799,2,5865.18,5888.08,3409.5,0.19140625,8798,559,CEAm,CEA,202,left,0
8799,8800,2,5864.04,5887.82,3410.74,0.2421875,8799,477,STR,STR,202,left,0
8800,8801,2,5863.08,5887.14,3412.14,0.48828125,8800,477,STR,STR,202,left,0
8801,8802,2,5862.5,5887.54,3413.56,0.2421875,8801,477,STR,STR,202,left,0
8802,8803,2,5861.94,5887.72,3415.78,0.296875,8802,559,CEAm,CEA,202,left,0
8803,8804,2,5860.68,5887.52,3416.76,0.37890625,8803,559,CEAm,CEA,202,left,0
8804,8805,2,5860.32,5888.08,3418.92,0.62109375,8804,559,CEAm,CEA,202,left,0
8805,8806,2,5860.34,5887.26,3420.7,0.32421875,8805,559,CEAm,CEA,202,left,0
8806,8807,2,5860.42,5887.18,3422.86,0.19140625,8806,559,CEAm,CEA,202,left,0
8807,8808,2,5860.5,5887.04,3425.34,0.515625,8807,559,CEAm,CEA,202,left,0
8808,8809,2,5860.58,5887.24,3427.34,0.2421875,8808,559,CEAm,CEA,202,left,0
8809,8810,2,5860.64,5887.12,3429.28,0.48828125,8809,559,CEAm,CEA,202,left,0
8810,8811,2,5862.42,5887.82,3429.84,0.0078125,8810,559,CEAm,CEA,202,left,0
8811,8812,2,5862.9,5889.46,3433.98,0.32421875,8811,559,CEAm,CEA,202,left,0
8812,8813,2,5862.96,5889.68,3435.74,0.515625,8812,559,CEAm,CEA,202,left,0
8813,8814,2,5863.0,5888.96,3437.82,0.43359375,8813,559,CEAm,CEA,202,left,0
8814,8815,2,5863.1,5888.78,3440.68,0.19140625,8814,559,CEAm,CEA,202,left,0
8815,8816,2,5863.24,5889.08,3444.5,0.19140625,8815,559,CEAm,CEA,202,left,0
8816,8817,2,5863.3,5889.16,3446.42,0.2421875,8816,559,CEAm,CEA,202,left,0
8817,8818,2,5863.42,5890.32,3448.84,0.32421875,8817,559,CEAm,CEA,202,left,0
8818,8819,2,5863.62,5892.42,3450.86,0.40625,8818,559,CEAm,CEA,202,left,0
8819,8820,2,5864.32,5893.54,3452.48,0.515625,8819,559,CEAm,CEA,202,left,0
8820,8821,2,5865.56,5894.1,3453.32,0.05859375,8820,559,CEAm,CEA,202,left,0
8821,8822,2,5865.96,5894.0,3455.08,0.48828125,8821,559,CEAm,CEA,202,left,0
8822,8823,2,5866.94,5893.74,3456.28,0.19140625,8822,559,CEAm,CEA,202,left,0
8823,8824,2,5867.9,5894.18,3458.14,0.48828125,8823,559,CEAm,CEA,202,left,0
8824,8825,2,5867.94,5893.9,3459.82,0.4609375,8824,559,CEAm,CEA,202,left,0
8825,8826,2,5868.52,5894.0,3462.16,0.296875,8825,559,CEAm,CEA,202,left,0
8826,8827,2,5869.62,5894.18,3463.18,0.40625,8826,559,CEAm,CEA,202,left,0
8827,8828,2,5870.18,5894.34,3465.86,0.26953125,8827,559,CEAm,CEA,202,left,0
8828,8829,2,5870.24,5894.14,3467.88,0.54296875,8828,559,CEAm,CEA,202,left,0
8829,8830,2,5870.26,5893.12,3469.52,0.37890625,8829,559,CEAm,CEA,202,left,0
8830,8831,2,5871.64,5891.5,3471.2,0.21484375,8830,559,CEAm,CEA,202,left,0
8831,8832,2,5873.42,5891.46,3472.26,0.2421875,8831,559,CEAm,CEA,202,left,0
8832,8833,2,5874.46,5892.28,3474.5,0.2421875,8832,559,CEAm,CEA,202,left,0
8833,8834,2,5874.5,5892.04,3476.18,0.40625,8833,559,CEAm,CEA,202,left,0
8834,8835,2,5874.58,5891.7,3478.76,0.00390625,8834,559,CEAm,CEA,202,left,0
8835,8836,2,5874.66,5891.36,3481.76,0.515625,8835,559,CEAm,CEA,202,left,0
8836,8837,2,5874.72,5891.28,3483.82,0.2421875,8836,559,CEAm,CEA,202,left,0
8837,8838,2,5874.76,5891.34,3485.2,0.54296875,8837,559,CEAm,CEA,202,left,0
8838,8839,2,5874.82,5890.74,3487.2,0.37890625,8838,559,CEAm,CEA,202,left,0
8839,8840,2,5874.84,5889.7,3488.7,0.21484375,8839,559,CEAm,CEA,202,left,0
8840,8841,2,5874.9,5888.14,3491.38,0.37890625,8840,559,CEAm,CEA,202,left,0
8841,8842,2,5874.92,5886.96,3493.24,0.37890625,8841,559,CEAm,CEA,202,left,0
8842,8843,2,5874.98,5886.4,3495.48,0.6484375,8842,559,CEAm,CEA,202,left,0
8843,8844,2,5875.02,5886.1,3497.5,0.4609375,8843,559,CEAm,CEA,202,left,0
8844,8845,2,5875.38,5885.8,3499.72,0.21484375,8844,559,CEAm,CEA,202,left,0
8845,8846,2,5876.02,5885.48,3501.22,0.43359375,8845,559,CEAm,CEA,202,left,0
8846,8847,2,5876.54,5886.18,3504.28,0.32421875,8846,559,CEAm,CEA,202,left,0
8847,8848,2,5877.22,5886.74,3505.58,0.32421875,8847,559,CEAm,CEA,202,left,0
8848,8849,2,5877.36,5887.0,3507.14,0.00390625,8848,559,CEAm,CEA,202,left,0
8849,8850,2,5877.46,5887.6,3509.96,0.296875,8849,559,CEAm,CEA,202,left,0
8850,8851,2,5877.5,5887.68,3511.14,0.19140625,8850,559,CEAm,CEA,202,left,0
8851,8852,2,5877.5,5888.28,3513.6,0.40625,8851,559,CEAm,CEA,202,left,0
8852,8853,2,5876.88,5888.46,3514.5,0.32421875,8852,559,CEAm,CEA,202,left,0
8853,8854,2,5876.66,5889.42,3516.68,0.296875,8853,559,CEAm,CEA,202,left,0
8854,8855,2,5876.94,5890.0,3518.16,0.32421875,8854,559,CEAm,CEA,202,left,0
8855,8856,2,5877.94,5889.72,3519.76,0.37890625,8855,559,CEAm,CEA,202,left,0
8856,8857,2,5878.64,5888.78,3521.74,0.21484375,8856,559,CEAm,CEA,202,left,0
8857,8858,2,5878.78,5888.84,3523.94,0.62109375,8857,559,CEAm,CEA,202,left,0
8858,8859,2,5878.2,5889.02,3524.64,0.32421875,8858,559,CEAm,CEA,202,left,0
8859,8860,2,5877.94,5890.74,3526.32,0.40625,8859,559,CEAm,CEA,202,left,0
8860,8861,2,5878.0,5892.16,3527.78,0.4609375,8860,559,CEAm,CEA,202,left,0
8861,8862,2,5878.1,5893.9,3529.86,0.40625,8861,559,CEAm,CEA,202,left,0
8862,8863,2,5878.26,5896.1,3535.6,0.32421875,8862,559,CEAm,CEA,202,left,0
8863,8864,2,5878.88,5896.46,3537.42,0.26953125,8863,559,CEAm,CEA,202,left,0
8864,8865,2,5879.84,5896.64,3539.06,0.2421875,8864,559,CEAm,CEA,202,left,0
8865,8866,2,5880.78,5898.02,3541.82,0.296875,8865,559,CEAm,CEA,202,left,0
8866,8867,2,5882.08,5898.98,3543.2,0.40625,8866,559,CEAm,CEA,202,left,0
8867,8868,2,5882.68,5900.42,3545.92,0.48828125,8867,559,CEAm,CEA,202,left,0
8868,8869,2,5883.02,5900.94,3547.98,0.37890625,8868,559,CEAm,CEA,202,left,0
8869,8870,2,5884.42,5900.56,3549.34,0.32421875,8869,559,CEAm,CEA,202,left,0
8870,8871,2,5885.14,5900.02,3550.78,0.43359375,8870,559,CEAm,CEA,202,left,0
8871,8872,2,5886.44,5900.42,3552.0,0.3515625,8871,559,CEAm,CEA,202,left,0
8872,8873,2,5886.94,5900.8,3554.28,0.0078125,8872,559,CEAm,CEA,202,left,0
8873,8874,2,5887.5,5900.44,3555.84,0.40625,8873,559,CEAm,CEA,202,left,0
8874,8875,2,5888.7,5900.68,3556.4,0.2421875,8874,559,CEAm,CEA,202,left,0
8875,8876,2,5889.42,5900.56,3558.32,0.19140625,8875,559,CEAm,CEA,202,left,0
8876,8877,2,5890.4,5900.38,3560.46,0.32421875,8876,559,CEAm,CEA,202,left,0
8877,8878,2,5892.02,5900.82,3562.22,0.26953125,8877,559,CEAm,CEA,202,left,0
8878,8879,2,5892.94,5901.36,3564.04,0.48828125,8878,559,CEAm,CEA,202,left,0
8879,8880,2,5893.66,5901.88,3566.14,0.32421875,8879,559,CEAm,CEA,202,left,0
8880,8881,2,5895.18,5902.38,3567.7,0.19140625,8880,559,CEAm,CEA,202,left,0
8881,8882,2,5896.34,5903.04,3569.7,0.4609375,8881,559,CEAm,CEA,202,left,0
8882,8883,2,5897.78,5903.68,3572.72,0.296875,8882,559,CEAm,CEA,202,left,0
8883,8884,2,5898.46,5903.58,3573.78,0.43359375,8883,559,CEAm,CEA,202,left,0
8884,8885,2,5976.84,5891.68,3278.5,0.32421875,8414,559,CEAm,CEA,203,left,0
8885,8886,2,5977.82,5893.56,3282.1,0.296875,8885,559,CEAm,CEA,203,left,0
8886,8887,2,5979.2,5894.94,3283.58,0.296875,8886,559,CEAm,CEA,203,left,0
8887,8888,2,5980.76,5895.58,3284.46,0.32421875,8887,559,CEAm,CEA,203,left,0
8888,8889,2,5982.26,5896.24,3286.5,0.32421875,8888,559,CEAm,CEA,203,left,0
8889,8890,2,5983.62,5897.26,3288.5,0.32421875,8889,559,CEAm,CEA,203,left,0
8890,8891,2,5984.32,5898.2,3290.98,0.32421875,8890,559,CEAm,CEA,203,left,0
8891,8892,2,5984.5,5899.02,3292.76,0.48828125,8891,559,CEAm,CEA,203,left,0
8892,8893,2,5984.7,5900.26,3294.88,0.2421875,8892,559,CEAm,CEA,203,left,0
8893,8894,2,5984.86,5900.86,3296.68,0.40625,8893,559,CEAm,CEA,203,left,0
8894,8895,2,5985.84,5901.1,3297.3,0.26953125,8894,559,CEAm,CEA,203,left,0
8895,8896,2,5988.16,5902.02,3297.56,0.43359375,8895,559,CEAm,CEA,203,left,0
8896,8897,2,5989.8,5901.72,3297.28,0.3515625,8896,559,CEAm,CEA,203,left,0
8897,8898,2,5991.8,5901.44,3296.72,0.1640625,8897,559,CEAm,CEA,203,left,0
8898,8899,2,5993.06,5900.64,3296.68,0.2421875,8898,559,CEAm,CEA,203,left,0
8899,8900,2,5995.26,5900.46,3297.2,0.1640625,8899,559,CEAm,CEA,203,left,0
8900,8901,2,5996.52,5899.26,3297.8,0.48828125,8900,559,CEAm,CEA,203,left,0
8901,8902,2,5997.08,5897.74,3298.26,0.4609375,8901,559,CEAm,CEA,203,left,0
8902,8903,2,5998.94,5897.54,3298.78,0.1640625,8902,559,CEAm,CEA,203,left,0
8903,8904,2,6000.3,5897.12,3299.02,0.296875,8903,559,CEAm,CEA,203,left,0
8904,8905,2,6001.32,5895.6,3301.36,0.00390625,8904,559,CEAm,CEA,203,left,0
8905,8906,2,6002.4,5895.84,3303.26,0.1640625,8905,559,CEAm,CEA,203,left,0
8906,8907,2,6002.82,5894.94,3304.26,0.2421875,8906,559,CEAm,CEA,203,left,0
8907,8908,2,6003.28,5891.98,3305.14,0.6484375,8907,559,CEAm,CEA,203,left,0
8908,8909,2,6004.7,5890.84,3305.82,0.78515625,8908,559,CEAm,CEA,203,left,0
8909,8910,2,6006.54,5890.22,3306.52,0.59765625,8909,559,CEAm,CEA,203,left,0
8910,8911,2,6007.78,5888.2,3307.52,0.43359375,8910,559,CEAm,CEA,203,left,0
8911,8912,2,6008.54,5886.36,3308.88,0.48828125,8911,559,CEAm,CEA,203,left,0
8912,8913,2,6010.04,5885.42,3309.96,0.1640625,8912,559,CEAm,CEA,203,left,0
8913,8914,2,6010.86,5885.0,3309.36,0.3515625,8913,559,CEAm,CEA,203,left,0
8914,8915,2,6012.58,5885.02,3309.2,0.32421875,8914,559,CEAm,CEA,203,left,0
8915,8916,2,6014.12,5884.56,3309.56,0.21484375,8915,559,CEAm,CEA,203,left,0
8916,8917,2,6015.7,5883.52,3310.2,0.26953125,8916,559,CEAm,CEA,203,left,0
8917,8918,2,6017.82,5883.16,3311.28,0.40625,8917,559,CEAm,CEA,203,left,0
8918,8919,2,6019.52,5883.1,3312.92,0.1640625,8918,559,CEAm,CEA,203,left,0
8919,8920,2,6021.66,5883.22,3313.98,0.296875,8919,559,CEAm,CEA,203,left,0
8920,8921,2,6022.54,5882.84,3314.32,0.2421875,8920,559,CEAm,CEA,203,left,0
8921,8922,2,6022.92,5880.48,3316.54,0.83984375,8921,559,CEAm,CEA,203,left,0
8922,8923,2,6023.26,5879.2,3318.52,0.62109375,8922,559,CEAm,CEA,203,left,0
8923,8924,2,6023.88,5877.02,3319.44,0.6484375,8923,559,CEAm,CEA,203,left,0
8924,8925,2,6025.3,5874.62,3320.56,0.00390625,8924,559,CEAm,CEA,203,left,0
8925,8926,2,6026.64,5873.7,3320.7,0.1640625,8925,559,CEAm,CEA,203,left,0
8926,8927,2,6027.28,5871.42,3320.26,0.40625,8926,559,CEAm,CEA,203,left,0
8927,8928,2,6028.42,5870.22,3319.5,0.43359375,8927,559,CEAm,CEA,203,left,0
8928,8929,2,6029.36,5869.14,3319.3,0.37890625,8928,559,CEAm,CEA,203,left,0
8929,8930,2,6030.26,5869.0,3318.62,0.015625,8929,559,CEAm,CEA,203,left,0
8930,8931,2,6030.52,5865.74,3318.92,0.703125,8930,559,CEAm,CEA,203,left,0
8931,8932,2,6030.98,5863.8,3319.48,0.21484375,8931,559,CEAm,CEA,203,left,0
8932,8933,2,6032.26,5862.78,3319.84,0.1640625,8932,559,CEAm,CEA,203,left,0
8933,8934,2,6034.12,5862.74,3320.28,0.4609375,8933,559,CEAm,CEA,203,left,0
8934,8935,2,6035.82,5862.0,3320.54,0.83984375,8934,559,CEAm,CEA,203,left,0
8935,8936,2,6037.34,5861.6,3321.0,0.54296875,8935,559,CEAm,CEA,203,left,0
8936,8937,2,6037.76,5861.12,3323.06,0.2421875,8936,559,CEAm,CEA,203,left,0
8937,8938,2,6038.64,5860.38,3325.0,0.40625,8937,559,CEAm,CEA,203,left,0
8938,8939,2,6039.1,5858.66,3326.22,0.4609375,8938,559,CEAm,CEA,203,left,0
8939,8940,2,6040.28,5858.26,3327.24,0.2421875,8939,559,CEAm,CEA,203,left,0
8940,8941,2,6041.06,5858.08,3328.98,0.1640625,8940,559,CEAm,CEA,203,left,0
8941,8942,2,6041.22,5857.6,3330.9,0.21484375,8941,559,CEAm,CEA,203,left,0
8942,8943,2,6043.58,5857.62,3333.92,0.40625,8942,559,CEAm,CEA,203,left,0
8943,8944,2,6045.66,5857.72,3335.08,0.3515625,8943,559,CEAm,CEA,203,left,0
8944,8945,2,6047.28,5857.16,3335.98,0.37890625,8944,559,CEAm,CEA,203,left,0
8945,8946,2,6048.76,5856.78,3337.4,0.1640625,8945,559,CEAm,CEA,203,left,0
8946,8947,2,6050.46,5856.22,3339.6,0.19140625,8946,559,CEAm,CEA,203,left,0
8947,8948,2,6051.78,5855.46,3340.66,0.296875,8947,559,CEAm,CEA,203,left,0
8948,8949,2,6053.88,5855.42,3342.16,0.00390625,8948,559,CEAm,CEA,203,left,0
8949,8950,2,6055.4,5854.0,3343.52,0.4609375,8949,559,CEAm,CEA,203,left,0
8950,8951,2,6056.76,5853.2,3345.24,0.1640625,8950,559,CEAm,CEA,203,left,0
8951,8952,2,6058.04,5852.16,3346.6,0.37890625,8951,559,CEAm,CEA,203,left,0
8952,8953,2,6059.72,5851.52,3348.16,0.43359375,8952,559,CEAm,CEA,203,left,0
8953,8954,2,6060.94,5851.88,3349.48,0.40625,8953,559,CEAm,CEA,203,left,0
8954,8955,2,6062.92,5851.74,3351.16,0.19140625,8954,559,CEAm,CEA,203,left,0
8955,8956,2,6064.34,5850.96,3351.84,0.21484375,8955,559,CEAm,CEA,203,left,0
8956,8957,2,6064.82,5848.98,3352.56,0.00390625,8956,559,CEAm,CEA,203,left,0
8957,8958,2,6065.82,5848.42,3353.62,0.1640625,8957,559,CEAm,CEA,203,left,0
8958,8959,2,6067.74,5848.12,3354.6,0.8671875,8958,559,CEAm,CEA,203,left,0
8959,8960,2,6069.34,5847.54,3355.76,0.37890625,8959,559,CEAm,CEA,203,left,0
8960,8961,2,6071.0,5846.72,3356.44,0.19140625,8960,559,CEAm,CEA,203,left,0
8961,8962,2,6072.76,5845.28,3357.48,0.21484375,8961,559,CEAm,CEA,203,left,0
8962,8963,2,6073.48,5843.24,3358.2,0.59765625,8962,559,CEAm,CEA,203,left,0
8963,8964,2,6075.08,5842.72,3358.84,0.43359375,8963,559,CEAm,CEA,203,left,0
8964,8965,2,6076.22,5842.0,3359.54,0.37890625,8964,559,CEAm,CEA,203,left,0
8965,8966,2,6077.88,5841.24,3360.08,0.1640625,8965,559,CEAm,CEA,203,left,0
8966,8967,2,6079.54,5840.04,3361.34,0.4609375,8966,559,CEAm,CEA,203,left,0
8967,8968,2,6081.14,5839.64,3362.16,0.32421875,8967,559,CEAm,CEA,203,left,0
8968,8969,2,6082.78,5838.58,3365.6,0.00390625,8968,559,CEAm,CEA,203,left,0
8969,8970,2,6084.06,5837.84,3367.26,0.6484375,8969,559,CEAm,CEA,203,left,0
8970,8971,2,6085.72,5836.6,3368.28,0.62109375,8970,559,CEAm,CEA,203,left,0
8971,8972,2,6087.72,5836.28,3369.12,0.21484375,8971,559,CEAm,CEA,203,left,0
8972,8973,2,6088.12,5836.52,3370.0,0.40625,8972,559,CEAm,CEA,203,left,1
8973,8974,2,6134.2,5995.98,3152.46,0.00390625,8461,544,CEAc,CEA,204,left,0
8974,8975,2,6134.44,5997.66,3153.38,0.26953125,8974,544,CEAc,CEA,204,left,0
8975,8976,2,6134.92,6000.2,3156.16,0.296875,8975,544,CEAc,CEA,204,left,0
8976,8977,2,6135.04,6000.44,3157.36,0.4609375,8976,544,CEAc,CEA,204,left,0
8977,8978,2,6133.46,5999.92,3157.9,0.01953125,8977,544,CEAc,CEA,204,left,0
8978,8979,2,6133.16,5999.74,3159.16,0.21484375,8978,544,CEAc,CEA,204,left,0
8979,8980,2,6133.22,5998.3,3161.38,0.48828125,8979,544,CEAc,CEA,204,left,0
8980,8981,2,6133.36,5997.66,3163.82,0.515625,8980,544,CEAc,CEA,204,left,0
8981,8982,2,6133.48,5997.0,3166.0,0.67578125,8981,559,CEAm,CEA,204,left,0
8982,8983,2,6135.12,5996.9,3166.66,0.0546875,8982,559,CEAm,CEA,204,left,0
8983,8984,2,6135.7,5995.08,3167.3,0.515625,8983,559,CEAm,CEA,204,left,0
8984,8985,2,6137.34,5993.86,3167.68,0.59765625,8984,559,CEAm,CEA,204,left,0
8985,8986,2,6137.88,5991.52,3167.76,0.515625,8985,559,CEAm,CEA,204,left,0
8986,8987,2,6137.92,5989.18,3169.12,0.296875,8986,559,CEAm,CEA,204,left,0
8987,8988,2,6138.52,5989.56,3170.7,0.2421875,8987,559,CEAm,CEA,204,left,0
8988,8989,2,6140.18,5989.62,3171.5,0.00390625,8988,559,CEAm,CEA,204,left,0
8989,8990,2,6142.3,5989.96,3171.74,0.296875,8989,559,CEAm,CEA,204,left,0
8990,8991,2,6144.16,5990.72,3172.38,0.32421875,8990,559,CEAm,CEA,204,left,0
8991,8992,2,6145.16,5990.9,3174.06,0.6484375,8991,559,CEAm,CEA,204,left,0
8992,8993,2,6145.76,5989.76,3176.26,2.0859375,8992,559,CEAm,CEA,204,left,0
8993,8994,2,6146.28,5987.94,3177.1,1.48828125,8993,559,CEAm,CEA,204,left,0
8994,8995,2,6146.72,5987.48,3179.32,0.73046875,8994,559,CEAm,CEA,204,left,0
8995,8996,2,6147.52,5987.94,3181.18,0.73046875,8995,559,CEAm,CEA,204,left,0
8996,8997,2,6148.64,5988.48,3182.74,0.40625,8996,559,CEAm,CEA,204,left,0
8997,8998,2,6149.68,5989.12,3182.92,0.40625,8997,559,CEAm,CEA,204,left,0
8998,8999,2,6150.76,5989.22,3184.72,0.00390625,8998,559,CEAm,CEA,204,left,0
8999,9000,2,6151.82,5988.08,3186.2,0.48828125,8999,559,CEAm,CEA,204,left,0
9000,9001,2,6152.14,5987.3,3188.54,0.296875,9000,559,CEAm,CEA,204,left,0
9001,9002,2,6152.3,5987.16,3190.54,0.43359375,9001,559,CEAm,CEA,204,left,0
9002,9003,2,6152.56,5987.16,3193.52,0.7578125,9002,559,CEAm,CEA,204,left,0
9003,9004,2,6152.82,5986.88,3196.74,0.2421875,9003,559,CEAm,CEA,204,left,0
9004,9005,2,6152.66,5986.9,3198.56,0.3515625,9004,559,CEAm,CEA,204,left,0
9005,9006,2,6151.62,5986.28,3198.66,0.6484375,9005,559,CEAm,CEA,204,left,0
9006,9007,2,6151.0,5985.52,3200.04,0.4609375,9006,559,CEAm,CEA,204,left,0
9007,9008,2,6151.2,5984.88,3202.72,0.6484375,9007,559,CEAm,CEA,204,left,0
9008,9009,2,6151.56,5983.6,3203.88,0.3515625,9008,559,CEAm,CEA,204,left,0
9009,9010,2,6153.06,5982.58,3205.72,0.00390625,9009,559,CEAm,CEA,204,left,0
9010,9011,2,6153.82,5981.78,3207.26,0.40625,9010,559,CEAm,CEA,204,left,0
9011,9012,2,6154.6,5980.08,3208.42,0.515625,9011,559,CEAm,CEA,204,left,0
9012,9013,2,6155.82,5978.66,3209.8,0.8125,9012,559,CEAm,CEA,204,left,0
9013,9014,2,6156.22,5977.98,3211.2,0.54296875,9013,559,CEAm,CEA,204,left,0
9014,9015,2,6133.44,5994.78,3152.48,0.00390625,8461,544,CEAc,CEA,205,left,0
9015,9016,2,6132.34,5994.14,3153.7,0.515625,9015,544,CEAc,CEA,205,left,0
9016,9017,2,6132.12,5992.7,3154.64,0.2421875,9016,544,CEAc,CEA,205,left,0
9017,9018,2,6130.5,5991.06,3154.56,1.19140625,9017,544,CEAc,CEA,205,left,0
9018,9019,2,6128.66,5990.12,3154.3,0.8125,9018,544,CEAc,CEA,205,left,0
9019,9020,2,6127.94,5989.4,3154.94,0.3515625,9019,544,CEAc,CEA,205,left,0
9020,9021,2,6128.02,5988.62,3156.8,0.4609375,9020,559,CEAm,CEA,205,left,0
9021,9022,2,6128.18,5988.5,3158.86,0.43359375,9021,559,CEAm,CEA,205,left,0
9022,9023,2,6128.34,5988.46,3160.66,0.00390625,9022,559,CEAm,CEA,205,left,0
9023,9024,2,6128.46,5988.0,3162.6,0.296875,9023,559,CEAm,CEA,205,left,0
9024,9025,2,6128.08,5987.54,3164.44,0.48828125,9024,559,CEAm,CEA,205,left,0
9025,9026,2,6126.96,5986.92,3165.78,0.19140625,9025,559,CEAm,CEA,205,left,0
9026,9027,2,6126.76,5986.16,3167.54,0.67578125,9026,559,CEAm,CEA,205,left,0
9027,9028,2,6126.96,5985.7,3170.42,0.43359375,9027,559,CEAm,CEA,205,left,0
9028,9029,2,6127.08,5986.08,3171.44,0.43359375,9028,559,CEAm,CEA,205,left,0
9029,9030,2,6125.64,5985.98,3171.56,0.296875,9029,559,CEAm,CEA,205,left,0
9030,9031,2,6123.82,5985.66,3171.24,0.67578125,9030,559,CEAm,CEA,205,left,0
9031,9032,2,6123.24,5986.74,3171.38,0.703125,9031,559,CEAm,CEA,205,left,0
9032,9033,2,6123.54,5989.1,3172.34,0.2421875,9032,559,CEAm,CEA,205,left,0
9033,9034,2,6123.84,5991.36,3173.4,0.62109375,9033,559,CEAm,CEA,205,left,0
9034,9035,2,6123.98,5991.88,3174.38,0.6484375,9034,559,CEAm,CEA,205,left,1
9035,9036,2,5617.8,5842.44,3996.12,0.01171875,8684,342,SI,SI,206,left,0
9036,9037,2,5617.24,5841.94,3997.68,0.26953125,9036,342,SI,SI,206,left,0
9037,9038,2,5616.5,5839.3,3998.96,0.40625,9037,342,SI,SI,206,left,0
9038,9039,2,5616.88,5837.78,4000.88,0.26953125,9038,342,SI,SI,206,left,0
9039,9040,2,5617.62,5837.66,4002.0,0.32421875,9039,342,SI,SI,206,left,0
9040,9041,2,5617.64,5838.6,4004.64,0.32421875,9040,342,SI,SI,206,left,0
9041,9042,2,5617.58,5838.34,4006.44,0.54296875,9041,342,SI,SI,206,left,0
9042,9043,2,5617.24,5836.36,4008.04,0.3515625,9042,342,SI,SI,206,left,0
9043,9044,2,5616.58,5835.66,4009.18,0.48828125,9043,342,SI,SI,206,left,0
9044,9045,2,5616.46,5834.64,4011.86,0.48828125,9044,342,SI,SI,206,left,0
9045,9046,2,5616.7,5833.96,4014.08,0.37890625,9045,342,SI,SI,206,left,0
9046,9047,2,5617.3,5833.6,4015.32,0.26953125,9046,342,SI,SI,206,left,0
9047,9048,2,5617.38,5832.14,4016.72,0.62109375,9047,342,SI,SI,206,left,0
9048,9049,2,5617.34,5830.96,4018.44,0.67578125,9048,342,SI,SI,206,left,0
9049,9050,2,5617.0,5830.72,4020.92,0.48828125,9049,342,SI,SI,206,left,0
9050,9051,2,5616.38,5829.16,4021.62,0.48828125,9050,342,SI,SI,206,left,0
9051,9052,2,5616.28,5826.66,4023.34,0.26953125,9051,342,SI,SI,206,left,0
9052,9053,2,5616.26,5825.34,4024.92,0.40625,9052,342,SI,SI,206,left,0
9053,9054,2,5616.22,5823.92,4026.96,0.37890625,9053,342,SI,SI,206,left,0
9054,9055,2,5616.86,5822.56,4029.26,0.26953125,9054,342,SI,SI,206,left,0
9055,9056,2,5617.32,5820.92,4030.76,0.4609375,9055,342,SI,SI,206,left,0
9056,9057,2,5618.18,5818.54,4031.8,0.40625,9056,342,SI,SI,206,left,0
9057,9058,2,5618.5,5815.86,4032.18,0.32421875,9057,342,SI,SI,206,left,0
9058,9059,2,5619.28,5814.78,4033.2,0.48828125,9058,342,SI,SI,206,left,0
9059,9060,2,5619.78,5812.54,4034.54,0.1640625,9059,342,SI,SI,206,left,0
9060,9061,2,5621.24,5810.98,4034.8,0.4609375,9060,342,SI,SI,206,left,0
9061,9062,2,5621.6,5807.96,4034.7,0.921875,9061,342,SI,SI,206,left,0
9062,9063,2,5621.64,5805.44,4035.72,0.921875,9062,342,SI,SI,206,left,0
9063,9064,2,5621.86,5801.92,4037.2,0.3515625,9063,342,SI,SI,206,left,0
9064,9065,2,5622.76,5799.44,4038.04,0.921875,9064,342,SI,SI,206,left,0
9065,9066,2,5625.08,5796.58,4038.26,0.48828125,9065,342,SI,SI,206,left,0
9066,9067,2,5626.66,5795.44,4038.22,0.2421875,9066,342,SI,SI,206,left,0
9067,9068,2,5627.98,5794.82,4039.1,0.296875,9067,342,SI,SI,206,left,0
9068,9069,2,5629.44,5795.04,4039.72,0.1640625,9068,342,SI,SI,206,left,0
9069,9070,2,5630.14,5791.24,4040.42,0.40625,9069,342,SI,SI,206,left,0
9070,9071,2,5630.18,5789.2,4041.06,0.32421875,9070,342,SI,SI,206,left,0
9071,9072,2,5629.32,5787.08,4041.9,0.5703125,9071,342,SI,SI,206,left,0
9072,9073,2,5630.2,5785.3,4043.26,0.59765625,9072,342,SI,SI,206,left,0
9073,9074,2,5630.26,5782.86,4045.0,0.8125,9073,342,SI,SI,206,left,0
9074,9075,2,5630.26,5781.12,4046.34,0.19140625,9074,342,SI,SI,206,left,0
9075,9076,2,5630.36,5777.74,4047.28,0.37890625,9075,342,SI,SI,206,left,0
9076,9077,2,5630.92,5775.9,4047.68,0.1640625,9076,342,SI,SI,206,left,0
9077,9078,2,5632.1,5775.46,4048.04,0.21484375,9077,342,SI,SI,206,left,0
9078,9079,2,5632.52,5773.04,4049.08,0.515625,9078,342,SI,SI,206,left,0
9079,9080,2,5633.36,5770.88,4050.4,0.1640625,9079,342,SI,SI,206,left,0
9080,9081,2,5633.48,5769.5,4052.42,0.54296875,9080,342,SI,SI,206,left,0
9081,9082,2,5633.62,5766.44,4054.06,0.40625,9081,342,SI,SI,206,left,0
9082,9083,2,5634.2,5765.24,4055.46,0.3515625,9082,342,SI,SI,206,left,0
9083,9084,2,5617.76,5842.86,3997.32,0.0078125,8684,342,SI,SI,207,left,0
9084,9085,2,5618.94,5843.58,3999.02,0.62109375,9084,342,SI,SI,207,left,0
9085,9086,2,5620.48,5843.7,3999.94,0.40625,9085,342,SI,SI,207,left,0
9086,9087,2,5621.26,5843.82,4001.36,0.3515625,9086,342,SI,SI,207,left,0
9087,9088,2,5621.88,5842.98,4003.42,0.40625,9087,342,SI,SI,207,left,0
9088,9089,2,5622.58,5842.64,4004.72,0.2421875,9088,342,SI,SI,207,left,0
9089,9090,2,5623.46,5843.88,4006.6,0.43359375,9089,342,SI,SI,207,left,0
9090,9091,2,5623.76,5845.06,4008.48,0.21484375,9090,342,SI,SI,207,left,0
9091,9092,2,5624.9,5844.8,4010.16,0.1640625,9091,342,SI,SI,207,left,0
9092,9093,2,5626.36,5844.62,4011.68,0.43359375,9092,342,SI,SI,207,left,0
9093,9094,2,5897.72,5904.9,3574.68,0.015625,8884,559,CEAm,CEA,208,left,0
9094,9095,2,5898.1,5906.66,3576.52,0.37890625,9094,559,CEAm,CEA,208,left,0
9095,9096,2,5899.68,5908.62,3577.22,0.48828125,9095,559,CEAm,CEA,208,left,0
9096,9097,2,5900.94,5910.36,3577.66,0.2421875,9096,559,CEAm,CEA,208,left,0
9097,9098,2,5902.08,5913.2,3578.56,0.515625,9097,559,CEAm,CEA,208,left,0
9098,9099,2,5902.8,5914.54,3579.32,0.296875,9098,559,CEAm,CEA,208,left,0
9099,9100,2,5899.36,5903.84,3575.12,0.0078125,8884,559,CEAm,CEA,209,left,0
9100,9101,2,5899.88,5904.46,3577.34,0.21484375,9100,559,CEAm,CEA,209,left,0
9101,9102,2,5900.6,5904.48,3577.9,0.3515625,9101,559,CEAm,CEA,209,left,0
9102,9103,2,5898.98,5905.08,3580.58,0.1640625,9102,559,CEAm,CEA,209,left,0
9103,9104,2,5897.94,5905.56,3581.8,0.59765625,9103,559,CEAm,CEA,209,left,0
9104,9105,2,5896.36,5905.2,3581.64,0.83984375,9104,559,CEAm,CEA,209,left,0
9105,9106,2,5895.82,5905.8,3583.34,0.67578125,9105,559,CEAm,CEA,209,left,0
9106,9107,2,5895.88,5907.32,3585.2,0.703125,9106,559,CEAm,CEA,209,left,0
9107,9108,2,5897.92,5908.22,3587.16,0.0078125,9107,559,CEAm,CEA,209,left,0
9108,9109,2,5899.66,5909.34,3588.3,0.19140625,9108,559,CEAm,CEA,209,left,0
9109,9110,2,5900.12,5910.48,3589.96,0.32421875,9109,559,CEAm,CEA,209,left,0
9110,9111,2,5900.06,5912.02,3593.56,0.32421875,9110,559,CEAm,CEA,209,left,0
9111,9112,2,5898.9,5912.12,3594.06,0.21484375,9111,559,CEAm,CEA,209,left,0
9112,9113,2,5897.88,5913.0,3595.44,0.19140625,9112,559,CEAm,CEA,209,left,0
9113,9114,2,5896.6,5913.54,3596.58,0.32421875,9113,559,CEAm,CEA,209,left,0
9114,9115,2,5896.22,5915.26,3597.76,0.5703125,9114,559,CEAm,CEA,209,left,0
9115,9116,2,5895.96,5916.64,3600.02,0.2421875,9115,559,CEAm,CEA,209,left,0
9116,9117,2,5894.68,5916.72,3600.74,0.1640625,9116,559,CEAm,CEA,209,left,0
9117,9118,2,5894.26,5916.96,3601.48,0.0078125,9117,559,CEAm,CEA,209,left,0
9118,9119,2,5894.32,5918.4,3605.0,0.296875,9118,559,CEAm,CEA,209,left,0
9119,9120,2,5893.9,5919.22,3606.72,0.40625,9119,559,CEAm,CEA,209,left,0
9120,9121,2,5892.64,5919.24,3607.92,0.37890625,9120,559,CEAm,CEA,209,left,0
9121,9122,2,5892.04,5919.76,3609.78,0.32421875,9121,559,CEAm,CEA,209,left,0
9122,9123,2,5890.74,5921.44,3611.34,0.21484375,9122,559,CEAm,CEA,209,left,0
9123,9124,2,5890.4,5922.96,3613.04,0.2421875,9123,559,CEAm,CEA,209,left,0
9124,9125,2,5890.44,5924.02,3614.84,0.0078125,9124,559,CEAm,CEA,209,left,0
9125,9126,2,5890.34,5925.06,3616.8,0.2421875,9125,342,SI,SI,209,left,0
9126,9127,2,5889.16,5925.22,3617.4,0.5703125,9126,342,SI,SI,209,left,0
9127,9128,2,5888.46,5925.88,3618.82,0.19140625,9127,342,SI,SI,209,left,0
9128,9129,2,5887.78,5926.2,3620.94,0.2421875,9128,342,SI,SI,209,left,0
9129,9130,2,5886.64,5926.04,3622.36,0.48828125,9129,342,SI,SI,209,left,0
9130,9131,2,5886.16,5925.24,3623.66,0.40625,9130,342,SI,SI,209,left,0
9131,9132,2,5884.6,5924.94,3624.18,0.32421875,9131,342,SI,SI,209,left,0
9132,9133,2,5883.36,5924.52,3625.1,0.6484375,9132,342,SI,SI,209,left,0
9133,9134,2,5883.38,5924.26,3626.52,0.4609375,9133,342,SI,SI,209,left,0
9134,9135,2,5883.4,5924.74,3628.6,0.26953125,9134,342,SI,SI,209,left,0
9135,9136,2,5883.1,5926.16,3629.38,0.2421875,9135,342,SI,SI,209,left,0
9136,9137,2,5881.86,5926.6,3629.96,0.37890625,9136,342,SI,SI,209,left,0
9137,9138,2,5881.38,5925.94,3631.52,0.26953125,9137,342,SI,SI,209,left,0
9138,9139,2,5881.0,5925.86,3633.72,0.1640625,9138,342,SI,SI,209,left,0
9139,9140,2,5880.46,5926.34,3635.26,0.48828125,9139,342,SI,SI,209,left,0
9140,9141,2,5880.08,5926.98,3638.08,0.296875,9140,342,SI,SI,209,left,0
9141,9142,2,5878.9,5926.8,3638.46,0.43359375,9141,342,SI,SI,209,left,0
9142,9143,2,5878.48,5928.96,3645.04,0.296875,9142,342,SI,SI,209,left,0
9143,9144,2,5877.98,5929.5,3647.06,0.21484375,9143,342,SI,SI,209,left,0
9144,9145,2,5876.86,5930.04,3647.92,0.2421875,9144,342,SI,SI,209,left,0
9145,9146,2,5876.5,5933.18,3648.98,0.59765625,9145,342,SI,SI,209,left,0
9146,9147,2,5875.78,5935.02,3649.72,0.296875,9146,342,SI,SI,209,left,0
9147,9148,2,5874.7,5937.0,3649.78,0.48828125,9147,342,SI,SI,209,left,0
9148,9149,2,5874.18,5938.94,3650.48,0.296875,9148,342,SI,SI,209,left,0
9149,9150,2,5872.82,5939.4,3650.68,0.40625,9149,342,SI,SI,209,left,0
9150,9151,2,5872.38,5941.18,3651.7,0.48828125,9150,342,SI,SI,209,left,0
9151,9152,2,5871.2,5942.02,3652.46,0.40625,9151,342,SI,SI,209,left,0
9152,9153,2,5870.4,5942.12,3654.02,0.2421875,9152,342,SI,SI,209,left,0
9153,9154,2,5869.56,5942.1,3655.28,0.5703125,9153,342,SI,SI,209,left,0
9154,9155,2,5868.74,5942.9,3656.76,0.26953125,9154,342,SI,SI,209,left,0
9155,9156,2,5867.0,5943.28,3657.4,0.19140625,9155,342,SI,SI,209,left,0
9156,9157,2,6158.06,5977.3,3213.9,0.26953125,9014,559,CEAm,CEA,210,left,0
9157,9158,2,6159.28,5976.9,3215.0,0.40625,9157,559,CEAm,CEA,210,left,0
9158,9159,2,6160.08,5975.52,3217.58,0.67578125,9158,559,CEAm,CEA,210,left,0
9159,9160,2,6161.24,5974.86,3219.52,0.1640625,9159,559,CEAm,CEA,210,left,0
9160,9161,2,6162.0,5974.5,3221.28,0.21484375,9160,559,CEAm,CEA,210,left,0
9161,9162,2,6163.12,5974.26,3221.7,0.43359375,9161,559,CEAm,CEA,210,left,0
9162,9163,2,6164.14,5974.24,3223.78,0.01171875,9162,559,CEAm,CEA,210,left,0
9163,9164,2,6165.76,5974.76,3225.72,0.32421875,9163,559,CEAm,CEA,210,left,0
9164,9165,2,6166.96,5973.82,3226.44,1.30078125,9164,559,CEAm,CEA,210,left,0
9165,9166,2,6167.38,5972.06,3226.48,0.8125,9165,559,CEAm,CEA,210,left,0
9166,9167,2,6168.34,5971.12,3226.0,0.7578125,9166,559,CEAm,CEA,210,left,0
9167,9168,2,6169.2,5969.88,3225.62,0.32421875,9167,559,CEAm,CEA,210,left,0
9168,9169,2,6170.4,5967.4,3225.9,0.43359375,9168,559,CEAm,CEA,210,left,0
9169,9170,2,6171.36,5966.34,3226.62,0.43359375,9169,559,CEAm,CEA,210,left,0
9170,9171,2,6171.48,5964.1,3228.18,0.26953125,9170,559,CEAm,CEA,210,left,0
9171,9172,2,6171.5,5962.02,3230.02,0.59765625,9171,559,CEAm,CEA,210,left,0
9172,9173,2,6171.74,5961.08,3231.96,0.3515625,9172,559,CEAm,CEA,210,left,0
9173,9174,2,6172.88,5960.26,3232.94,0.48828125,9173,559,CEAm,CEA,210,left,0
9174,9175,2,6173.58,5958.02,3234.52,0.26953125,9174,559,CEAm,CEA,210,left,0
9175,9176,2,6174.44,5956.72,3237.24,0.48828125,9175,559,CEAm,CEA,210,left,0
9176,9177,2,6175.6,5956.12,3238.24,0.26953125,9176,559,CEAm,CEA,210,left,0
9177,9178,2,6177.56,5955.84,3239.36,0.00390625,9177,559,CEAm,CEA,210,left,0
9178,9179,2,6177.66,5953.94,3242.16,0.48828125,9178,559,CEAm,CEA,210,left,0
9179,9180,2,6177.1,5952.48,3243.8,0.59765625,9179,559,CEAm,CEA,210,left,1
9180,9181,2,6156.9,5977.44,3212.48,0.00390625,9014,559,CEAm,CEA,211,left,0
9181,9182,2,6157.46,5977.56,3214.48,0.4609375,9181,559,CEAm,CEA,211,left,0
9182,9183,2,6157.86,5978.84,3217.64,0.296875,9182,559,CEAm,CEA,211,left,0
9183,9184,2,6157.68,5979.4,3218.8,0.43359375,9183,559,CEAm,CEA,211,left,0
9184,9185,2,6155.74,5979.22,3220.02,0.296875,9184,559,CEAm,CEA,211,left,0
9185,9186,2,6154.42,5978.84,3221.12,0.48828125,9185,559,CEAm,CEA,211,left,0
9186,9187,2,6154.22,5979.96,3220.48,0.0078125,9186,559,CEAm,CEA,211,left,1
9187,9188,2,5634.54,5763.1,4057.12,0.0078125,9083,342,SI,SI,212,left,0
9188,9189,2,5634.52,5761.0,4059.34,0.8671875,9188,342,SI,SI,212,left,0
9189,9190,2,5634.62,5759.38,4060.46,0.78515625,9189,342,SI,SI,212,left,0
9190,9191,2,5635.48,5757.78,4061.34,0.32421875,9190,342,SI,SI,212,left,0
9191,9192,2,5636.16,5755.68,4062.28,0.515625,9191,342,SI,SI,212,left,0
9192,9193,2,5636.64,5752.64,4064.54,0.296875,9192,342,SI,SI,212,left,0
9193,9194,2,5636.6,5751.08,4066.46,0.3515625,9193,342,SI,SI,212,left,0
9194,9195,2,5636.62,5747.94,4068.62,0.6484375,9194,342,SI,SI,212,left,0
9195,9196,2,5636.72,5746.46,4070.44,0.54296875,9195,342,SI,SI,212,left,0
9196,9197,2,5637.86,5746.38,4071.1,0.67578125,9196,342,SI,SI,212,left,0
9197,9198,2,5638.06,5744.38,4070.44,0.015625,9197,342,SI,SI,212,left,0
9198,9199,2,5639.02,5742.7,4071.4,0.37890625,9198,342,SI,SI,212,left,0
9199,9200,2,5640.22,5742.54,4072.88,0.59765625,9199,342,SI,SI,212,left,0
9200,9201,2,5640.94,5740.2,4074.16,0.32421875,9200,342,SI,SI,212,left,0
9201,9202,2,5642.0,5739.18,4074.96,0.26953125,9201,342,SI,SI,212,left,0
9202,9203,2,5642.86,5735.66,4075.94,0.54296875,9202,342,SI,SI,212,left,0
9203,9204,2,5642.88,5733.4,4077.38,0.54296875,9203,342,SI,SI,212,left,0
9204,9205,2,5642.84,5731.78,4079.4,0.48828125,9204,342,SI,SI,212,left,0
9205,9206,2,5642.88,5729.82,4080.52,0.54296875,9205,342,SI,SI,212,left,0
9206,9207,2,5642.96,5727.0,4081.32,0.32421875,9206,342,SI,SI,212,left,0
9207,9208,2,5642.88,5726.4,4083.32,0.67578125,9207,342,SI,SI,212,left,0
9208,9209,2,5642.78,5725.48,4086.18,0.40625,9208,342,SI,SI,212,left,0
9209,9210,2,5643.24,5724.88,4087.42,0.3515625,9209,342,SI,SI,212,left,0
9210,9211,2,5645.22,5723.8,4087.9,0.26953125,9210,342,SI,SI,212,left,0
9211,9212,2,5646.52,5722.36,4088.34,0.32421875,9211,342,SI,SI,212,left,0
9212,9213,2,5648.0,5722.22,4088.58,0.01953125,9212,342,SI,SI,212,left,0
9213,9214,2,5648.94,5720.44,4089.0,0.32421875,9213,342,SI,SI,212,left,0
9214,9215,2,5649.38,5718.12,4089.7,0.26953125,9214,342,SI,SI,212,left,0
9215,9216,2,5650.74,5716.76,4090.78,0.1640625,9215,342,SI,SI,212,left,0
9216,9217,2,5651.62,5716.04,4092.02,0.1640625,9216,342,SI,SI,212,left,0
9217,9218,2,5652.08,5716.78,4093.9,0.54296875,9217,342,SI,SI,212,left,0
9218,9219,2,5652.72,5717.84,4095.2,0.73046875,9218,342,SI,SI,212,left,0
9219,9220,2,5652.7,5717.96,4096.5,0.54296875,9219,342,SI,SI,212,left,0
9220,9221,2,5652.66,5716.34,4098.98,0.48828125,9220,342,SI,SI,212,left,0
9221,9222,2,5652.58,5715.6,4101.14,0.5703125,9221,342,SI,SI,212,left,0
9222,9223,2,5652.44,5715.8,4103.34,0.62109375,9222,342,SI,SI,212,left,0
9223,9224,2,5652.7,5707.48,4105.28,0.43359375,9223,342,SI,SI,212,left,0
9224,9225,2,5652.76,5705.48,4105.9,0.1640625,9224,342,SI,SI,212,left,0
9225,9226,2,5652.74,5703.56,4107.72,0.4609375,9225,342,SI,SI,212,left,0
9226,9227,2,5652.72,5701.06,4110.34,0.48828125,9226,342,SI,SI,212,left,0
9227,9228,2,5652.7,5700.06,4111.56,0.54296875,9227,342,SI,SI,212,left,0
9228,9229,2,5652.74,5697.12,4113.4,0.296875,9228,342,SI,SI,212,left,0
9229,9230,2,5652.68,5695.16,4116.04,0.32421875,9229,342,SI,SI,212,left,0
9230,9231,2,5652.68,5693.26,4117.7,0.703125,9230,342,SI,SI,212,left,0
9231,9232,2,5652.7,5691.32,4118.92,0.48828125,9231,342,SI,SI,212,left,0
9232,9233,2,5652.64,5690.14,4120.86,0.37890625,9232,342,SI,SI,212,left,0
9233,9234,2,5652.92,5689.26,4122.84,0.37890625,9233,342,SI,SI,212,left,0
9234,9235,2,5654.06,5687.46,4123.42,0.3515625,9234,342,SI,SI,212,left,0
9235,9236,2,5654.66,5685.2,4124.86,0.37890625,9235,342,SI,SI,212,left,0
9236,9237,2,5654.62,5684.6,4126.34,0.32421875,9236,342,SI,SI,212,left,0
9237,9238,2,5654.76,5679.4,4128.0,0.43359375,9237,342,SI,SI,212,left,0
9238,9239,2,5654.98,5677.7,4128.32,0.703125,9238,342,SI,SI,212,left,0
9239,9240,2,5655.98,5677.32,4128.54,0.4609375,9239,342,SI,SI,212,left,0
9240,9241,2,5657.2,5667.24,4130.28,0.32421875,9240,342,SI,SI,212,left,0
9241,9242,2,5657.44,5664.48,4130.08,0.67578125,9241,342,SI,SI,212,left,0
9242,9243,2,5658.36,5663.72,4130.12,0.48828125,9242,342,SI,SI,212,left,0
9243,9244,2,5659.46,5661.82,4129.18,0.26953125,9243,342,SI,SI,212,left,0
9244,9245,2,5659.72,5658.82,4128.02,1.2734375,9244,342,SI,SI,212,left,0
9245,9246,2,5659.92,5654.48,4127.92,0.40625,9245,342,SI,SI,212,left,0
9246,9247,2,5659.94,5652.2,4129.3,0.48828125,9246,342,SI,SI,212,left,0
9247,9248,2,5659.88,5650.96,4131.36,0.40625,9247,342,SI,SI,212,left,0
9248,9249,2,5661.22,5649.88,4132.52,0.32421875,9248,342,SI,SI,212,left,0
9249,9250,2,5661.96,5648.22,4132.52,0.59765625,9249,342,SI,SI,212,left,0
9250,9251,2,5662.1,5646.58,4131.28,0.21484375,9250,342,SI,SI,212,left,0
9251,9252,2,5662.76,5644.52,4131.02,0.21484375,9251,342,SI,SI,212,left,0
9252,9253,2,5663.98,5643.38,4131.48,0.40625,9252,342,SI,SI,212,left,0
9253,9254,2,5664.3,5640.7,4132.38,0.73046875,9253,342,SI,SI,212,left,0
9254,9255,2,5664.3,5638.88,4134.0,0.62109375,9254,342,SI,SI,212,left,0
9255,9256,2,5664.28,5636.9,4135.78,0.54296875,9255,342,SI,SI,212,left,0
9256,9257,2,5664.4,5632.36,4137.18,0.43359375,9256,342,SI,SI,212,left,0
9257,9258,2,5664.74,5630.86,4137.78,0.26953125,9257,342,SI,SI,212,left,0
9258,9259,2,5666.34,5629.38,4138.32,0.515625,9258,342,SI,SI,212,left,0
9259,9260,2,5667.16,5627.42,4138.8,0.48828125,9259,342,SI,SI,212,left,0
9260,9261,2,5667.54,5625.04,4140.28,0.01953125,9260,342,SI,SI,212,left,0
9261,9262,2,5668.16,5620.06,4142.66,0.26953125,9261,342,SI,SI,212,left,0
9262,9263,2,5669.16,5618.18,4144.08,0.1640625,9262,342,SI,SI,212,left,0
9263,9264,2,5671.22,5615.72,4144.82,0.5703125,9263,342,SI,SI,212,left,0
9264,9265,2,5671.78,5614.7,4144.34,0.32421875,9264,342,SI,SI,212,left,0
9265,9266,2,5671.9,5611.56,4144.4,0.43359375,9265,342,SI,SI,212,left,0
9266,9267,2,5672.5,5609.66,4144.86,0.2421875,9266,342,SI,SI,212,left,0
9267,9268,2,5674.22,5608.9,4145.1,0.4609375,9267,342,SI,SI,212,left,0
9268,9269,2,5675.22,5600.9,4146.58,0.6484375,9268,342,SI,SI,212,left,0
9269,9270,2,5675.26,5599.48,4146.88,0.73046875,9269,342,SI,SI,212,left,1
9270,9271,2,5634.42,5765.52,4057.64,0.0078125,9083,342,SI,SI,213,left,0
9271,9272,2,5634.2,5767.2,4060.7,0.43359375,9271,342,SI,SI,213,left,0
9272,9273,2,5634.08,5768.22,4062.48,0.296875,9272,342,SI,SI,213,left,0
9273,9274,2,5633.22,5768.76,4063.78,0.515625,9273,342,SI,SI,213,left,0
9274,9275,2,5632.1,5769.84,4064.4,0.54296875,9274,342,SI,SI,213,left,0
9275,9276,2,5631.78,5771.0,4065.44,0.6484375,9275,342,SI,SI,213,left,0
9276,9277,2,5630.54,5770.92,4067.48,0.2421875,9276,342,SI,SI,213,left,0
9277,9278,2,5628.48,5771.02,4069.02,0.296875,9277,342,SI,SI,213,left,0
9278,9279,2,5627.56,5771.94,4070.74,0.43359375,9278,342,SI,SI,213,left,0
9279,9280,2,5626.94,5774.02,4071.76,0.32421875,9279,342,SI,SI,213,left,0
9280,9281,2,5625.42,5776.02,4072.38,0.3515625,9280,342,SI,SI,213,left,0
9281,9282,2,5624.72,5777.14,4073.32,0.2421875,9281,342,SI,SI,213,left,0
9282,9283,2,5623.26,5777.08,4073.96,0.19140625,9282,342,SI,SI,213,left,0
9283,9284,2,5620.84,5777.28,4074.5,0.48828125,9283,342,SI,SI,213,left,0
9284,9285,2,5619.14,5778.18,4075.3,0.37890625,9284,342,SI,SI,213,left,0
9285,9286,2,5618.44,5779.42,4076.98,0.5703125,9285,342,SI,SI,213,left,0
9286,9287,2,5616.94,5780.3,4078.22,0.3515625,9286,342,SI,SI,213,left,0
9287,9288,2,5615.8,5780.46,4079.58,0.296875,9287,342,SI,SI,213,left,0
9288,9289,2,5613.3,5779.9,4080.06,0.43359375,9288,342,SI,SI,213,left,0
9289,9290,2,5611.54,5779.6,4080.26,0.43359375,9289,342,SI,SI,213,left,0
9290,9291,2,5608.9,5779.48,4080.34,0.0078125,9290,342,SI,SI,213,left,0
9291,9292,2,5607.98,5780.36,4080.5,0.73046875,9291,342,SI,SI,213,left,0
9292,9293,2,5606.18,5780.7,4081.64,0.43359375,9292,342,SI,SI,213,left,0
9293,9294,2,5604.3,5780.74,4082.9,0.32421875,9293,342,SI,SI,213,left,0
9294,9295,2,5603.86,5781.64,4084.96,0.515625,9294,342,SI,SI,213,left,0
9295,9296,2,5602.56,5782.84,4086.06,0.48828125,9295,342,SI,SI,213,left,0
9296,9297,2,5600.96,5782.98,4086.58,0.43359375,9296,342,SI,SI,213,left,1
9297,9298,2,5627.3,5846.62,4010.44,0.00390625,9093,342,SI,SI,214,left,0
9298,9299,2,5627.38,5848.74,4008.72,0.296875,9298,342,SI,SI,214,left,0
9299,9300,2,5627.7,5849.76,4006.64,0.2421875,9299,342,SI,SI,214,left,0
9300,9301,2,5628.96,5849.98,4005.98,0.67578125,9300,342,SI,SI,214,left,1
9301,9302,2,5627.28,5843.72,4013.48,0.43359375,9093,342,SI,SI,215,left,0
9302,9303,2,5627.28,5843.32,4015.34,0.3515625,9302,342,SI,SI,215,left,0
9303,9304,2,5627.16,5843.32,4018.16,0.2421875,9303,342,SI,SI,215,left,0
9304,9305,2,5626.88,5843.0,4020.14,0.515625,9304,342,SI,SI,215,left,0
9305,9306,2,5625.2,5842.38,4020.74,0.37890625,9305,342,SI,SI,215,left,0
9306,9307,2,5623.84,5841.94,4021.62,0.32421875,9306,342,SI,SI,215,left,0
9307,9308,2,5622.86,5841.94,4022.88,0.2421875,9307,342,SI,SI,215,left,0
9308,9309,2,5621.78,5841.92,4025.2,0.59765625,9308,342,SI,SI,215,left,0
9309,9310,2,5621.34,5840.5,4026.22,0.43359375,9309,342,SI,SI,215,left,0
9310,9311,2,5620.18,5839.18,4027.78,0.3515625,9310,342,SI,SI,215,left,0
9311,9312,2,5619.46,5838.8,4029.98,0.32421875,9311,342,SI,SI,215,left,0
9312,9313,2,5618.64,5838.72,4030.96,0.67578125,9312,342,SI,SI,215,left,0
9313,9314,2,5618.42,5837.4,4033.36,0.43359375,9313,342,SI,SI,215,left,0
9314,9315,2,5617.8,5836.46,4034.44,0.37890625,9314,342,SI,SI,215,left,0
9315,9316,2,5617.42,5835.04,4036.5,0.296875,9315,342,SI,SI,215,left,0
9316,9317,2,5617.24,5834.14,4038.44,0.1640625,9316,342,SI,SI,215,left,0
9317,9318,2,5616.42,5834.04,4039.54,0.40625,9317,342,SI,SI,215,left,0
9318,9319,2,5616.2,5834.16,4041.8,0.3515625,9318,342,SI,SI,215,left,0
9319,9320,2,5616.16,5831.68,4044.5,0.8671875,9319,342,SI,SI,215,left,0
9320,9321,2,5616.16,5829.6,4046.08,0.6484375,9320,342,SI,SI,215,left,0
9321,9322,2,5616.12,5827.58,4048.52,0.296875,9321,342,SI,SI,215,left,0
9322,9323,2,5616.14,5825.92,4049.64,0.54296875,9322,342,SI,SI,215,left,0
9323,9324,2,5616.1,5824.9,4051.1,0.00390625,9323,342,SI,SI,215,left,0
9324,9325,2,5616.16,5822.52,4053.64,0.43359375,9324,342,SI,SI,215,left,0
9325,9326,2,5616.74,5821.46,4054.74,0.19140625,9325,342,SI,SI,215,left,0
9326,9327,2,5617.04,5819.7,4056.96,0.62109375,9326,342,SI,SI,215,left,0
9327,9328,2,5616.76,5817.86,4059.02,0.37890625,9327,342,SI,SI,215,left,0
9328,9329,2,5616.08,5817.08,4060.1,0.32421875,9328,342,SI,SI,215,left,0
9329,9330,2,5615.92,5815.68,4062.12,0.515625,9329,342,SI,SI,215,left,0
9330,9331,2,5615.34,5815.28,4063.74,0.2421875,9330,342,SI,SI,215,left,0
9331,9332,2,5614.12,5814.26,4064.24,0.26953125,9331,342,SI,SI,215,left,0
9332,9333,2,5613.88,5811.26,4065.42,0.6484375,9332,342,SI,SI,215,left,0
9333,9334,2,5612.68,5809.08,4066.14,1.19140625,9333,342,SI,SI,215,left,0
9334,9335,2,5611.34,5807.64,4067.14,0.32421875,9334,342,SI,SI,215,left,0
9335,9336,2,5609.86,5806.5,4068.78,0.515625,9335,342,SI,SI,215,left,0
9336,9337,2,5609.78,5805.32,4070.46,0.6484375,9336,342,SI,SI,215,left,0
9337,9338,2,5608.92,5803.66,4071.8,0.32421875,9337,342,SI,SI,215,left,0
9338,9339,2,5607.9,5803.0,4072.2,0.40625,9338,342,SI,SI,215,left,0
9339,9340,2,5607.7,5801.36,4074.06,0.1640625,9339,342,SI,SI,215,left,0
9340,9341,2,5607.68,5800.0,4075.5,0.32421875,9340,342,SI,SI,215,left,0
9341,9342,2,5607.7,5797.78,4076.78,0.00390625,9341,342,SI,SI,215,left,0
9342,9343,2,5607.68,5795.9,4078.76,0.54296875,9342,342,SI,SI,215,left,0
9343,9344,2,5607.6,5795.1,4080.88,0.4609375,9343,342,SI,SI,215,left,0
9344,9345,2,5606.5,5795.34,4084.3,0.5703125,9344,342,SI,SI,215,left,0
9345,9346,2,5604.82,5795.16,4086.1,0.4609375,9345,342,SI,SI,215,left,0
9346,9347,2,5603.62,5794.08,4086.84,0.32421875,9346,342,SI,SI,215,left,0
9347,9348,2,5603.2,5793.74,4088.34,0.32421875,9347,342,SI,SI,215,left,0
9348,9349,2,5603.12,5792.02,4091.14,0.26953125,9348,342,SI,SI,215,left,0
9349,9350,2,5603.08,5790.46,4093.1,0.4609375,9349,342,SI,SI,215,left,0
9350,9351,2,5602.92,5789.56,4096.68,0.515625,9350,342,SI,SI,215,left,0
9351,9352,2,5602.88,5788.82,4098.12,0.6484375,9351,342,SI,SI,215,left,0
9352,9353,2,5602.34,5786.52,4101.08,0.1640625,9352,342,SI,SI,215,left,0
9353,9354,2,5601.0,5786.02,4102.46,0.62109375,9353,342,SI,SI,215,left,0
9354,9355,2,5600.6,5785.74,4104.8,1.02734375,9354,342,SI,SI,215,left,0
9355,9356,2,5600.58,5784.96,4106.06,0.32421875,9355,342,SI,SI,215,left,0
9356,9357,2,5599.64,5784.22,4107.16,0.48828125,9356,342,SI,SI,215,left,0
9357,9358,2,5598.36,5783.68,4108.4,0.4609375,9357,342,SI,SI,215,left,0
9358,9359,2,5596.7,5783.52,4109.44,0.19140625,9358,342,SI,SI,215,left,0
9359,9360,2,5596.14,5783.24,4111.12,0.5703125,9359,342,SI,SI,215,left,0
9360,9361,2,5594.78,5782.12,4111.44,0.32421875,9360,342,SI,SI,215,left,0
9361,9362,2,5594.14,5782.66,4113.5,0.43359375,9361,342,SI,SI,215,left,0
9362,9363,2,5593.36,5782.54,4115.02,0.703125,9362,342,SI,SI,215,left,0
9363,9364,2,5592.16,5782.06,4115.7,0.4609375,9363,342,SI,SI,215,left,0
9364,9365,2,5591.94,5781.84,4117.12,0.54296875,9364,342,SI,SI,215,left,0
9365,9366,2,5591.86,5780.28,4119.5,0.515625,9365,342,SI,SI,215,left,0
9366,9367,2,5591.52,5778.88,4121.82,0.32421875,9366,342,SI,SI,215,left,0
9367,9368,2,5590.24,5778.68,4122.7,0.59765625,9367,342,SI,SI,215,left,0
9368,9369,2,5589.66,5777.6,4124.56,0.67578125,9368,342,SI,SI,215,left,0
9369,9370,2,5589.5,5775.16,4126.14,0.54296875,9369,342,SI,SI,215,left,0
9370,9371,2,5588.82,5772.76,4127.1,0.4609375,9370,342,SI,SI,215,left,0
9371,9372,2,5588.7,5771.1,4128.66,0.62109375,9371,342,SI,SI,215,left,0
9372,9373,2,5588.6,5771.06,4130.38,0.296875,9372,342,SI,SI,215,left,0
9373,9374,2,5588.48,5770.22,4133.04,0.4609375,9373,342,SI,SI,215,left,0
9374,9375,2,5588.32,5768.92,4134.96,0.1640625,9374,342,SI,SI,215,left,0
9375,9376,2,5587.46,5768.26,4136.28,0.54296875,9375,342,SI,SI,215,left,0
9376,9377,2,5587.28,5768.38,4137.92,0.2421875,9376,342,SI,SI,215,left,0
9377,9378,2,5587.28,5766.06,4139.48,0.21484375,9377,342,SI,SI,215,left,0
9378,9379,2,5587.34,5763.64,4140.4,0.7578125,9378,342,SI,SI,215,left,0
9379,9380,2,5585.7,5763.72,4141.64,0.00390625,9379,342,SI,SI,215,left,0
9380,9381,2,5584.4,5763.64,4143.06,0.32421875,9380,342,SI,SI,215,left,0
9381,9382,2,5583.24,5763.38,4143.76,0.48828125,9381,342,SI,SI,215,left,0
9382,9383,2,5583.04,5762.26,4145.12,0.48828125,9382,342,SI,SI,215,left,0
9383,9384,2,5583.08,5759.82,4146.48,0.54296875,9383,342,SI,SI,215,left,0
9384,9385,2,5583.12,5757.6,4147.52,0.515625,9384,342,SI,SI,215,left,0
9385,9386,2,5583.2,5754.5,4148.44,1.48828125,9385,342,SI,SI,215,left,0
9386,9387,2,5583.26,5751.86,4149.54,0.54296875,9386,342,SI,SI,215,left,0
9387,9388,2,5583.12,5748.16,4150.36,0.6484375,9387,342,SI,SI,215,left,0
9388,9389,2,5581.74,5745.38,4150.94,0.5703125,9388,342,SI,SI,215,left,0
9389,9390,2,5580.96,5742.76,4151.58,0.59765625,9389,342,SI,SI,215,left,1
9390,9391,2,5904.36,5915.82,3579.56,0.0234375,9099,559,CEAm,CEA,216,left,0
9391,9392,2,5905.8,5918.24,3579.54,0.5703125,9391,559,CEAm,CEA,216,left,0
9392,9393,2,5907.62,5921.18,3579.62,0.48828125,9392,559,CEAm,CEA,216,left,0
9393,9394,2,5909.18,5922.8,3579.72,1.41015625,9393,559,CEAm,CEA,216,left,1
9394,9395,2,5902.3,5914.86,3580.36,0.015625,9099,559,CEAm,CEA,217,left,0
9395,9396,2,5901.32,5915.68,3583.2,0.89453125,9395,559,CEAm,CEA,217,left,0
9396,9397,2,5900.32,5916.24,3584.68,0.3515625,9396,559,CEAm,CEA,217,left,0
9397,9398,2,5900.18,5917.2,3586.68,0.43359375,9397,559,CEAm,CEA,217,left,0
9398,9399,2,5900.24,5918.52,3588.44,0.296875,9398,559,CEAm,CEA,217,left,0
9399,9400,2,5900.2,5919.52,3590.34,0.32421875,9399,559,CEAm,CEA,217,left,0
9400,9401,2,5899.5,5919.48,3590.7,0.32421875,9400,559,CEAm,CEA,217,left,0
9401,9402,2,5899.32,5919.98,3592.24,0.0234375,9401,559,CEAm,CEA,217,left,0
9402,9403,2,5899.22,5920.88,3594.18,0.2421875,9402,559,CEAm,CEA,217,left,0
9403,9404,2,5898.46,5921.02,3595.18,0.1640625,9403,559,CEAm,CEA,217,left,0
9404,9405,2,5898.14,5920.6,3597.06,0.54296875,9404,559,CEAm,CEA,217,left,0
9405,9406,2,5897.34,5920.58,3598.92,0.40625,9405,559,CEAm,CEA,217,left,0
9406,9407,2,5896.44,5920.8,3600.36,0.59765625,9406,559,CEAm,CEA,217,left,0
9407,9408,2,5896.38,5920.78,3602.1,0.2421875,9407,559,CEAm,CEA,217,left,0
9408,9409,2,5894.66,5919.72,3603.48,0.26953125,9408,559,CEAm,CEA,217,left,0
9409,9410,2,5894.2,5919.12,3605.4,0.2421875,9409,559,CEAm,CEA,217,left,0
9410,9411,2,5893.08,5919.12,3606.64,0.40625,9410,559,CEAm,CEA,217,left,0
9411,9412,2,5892.32,5918.6,3607.86,0.54296875,9411,559,CEAm,CEA,217,left,0
9412,9413,2,5892.32,5917.88,3609.6,0.67578125,9412,559,CEAm,CEA,217,left,0
9413,9414,2,5892.24,5916.04,3612.3,0.48828125,9413,559,CEAm,CEA,217,left,0
9414,9415,2,5891.64,5915.06,3613.98,0.3515625,9414,559,CEAm,CEA,217,left,0
9415,9416,2,5891.34,5914.72,3615.36,0.01171875,9415,342,SI,SI,217,left,0
9416,9417,2,5891.82,5912.92,3616.66,0.19140625,9416,342,SI,SI,217,left,0
9417,9418,2,5893.12,5912.3,3617.66,0.5703125,9417,342,SI,SI,217,left,0
9418,9419,2,5893.28,5912.26,3619.82,0.73046875,9418,342,SI,SI,217,left,0
9419,9420,2,5892.44,5911.3,3620.84,0.1640625,9419,342,SI,SI,217,left,0
9420,9421,2,5891.74,5909.98,3622.18,0.5703125,9420,342,SI,SI,217,left,0
9421,9422,2,5891.36,5908.98,3624.4,0.19140625,9421,342,SI,SI,217,left,0
9422,9423,2,5891.9,5908.78,3626.52,0.19140625,9422,342,SI,SI,217,left,0
9423,9424,2,5891.68,5909.2,3627.24,0.1640625,9423,342,SI,SI,217,left,0
9424,9425,2,5892.34,5909.4,3629.08,0.00390625,9424,342,SI,SI,217,left,0
9425,9426,2,5891.36,5909.24,3630.76,0.32421875,9425,342,SI,SI,217,left,0
9426,9427,2,5889.96,5909.16,3632.34,0.19140625,9426,342,SI,SI,217,left,0
9427,9428,2,5888.54,5909.3,3632.96,0.296875,9427,342,SI,SI,217,left,0
9428,9429,2,5888.44,5911.04,3635.58,0.296875,9428,342,SI,SI,217,left,0
9429,9430,2,5888.46,5912.08,3637.32,0.296875,9429,342,SI,SI,217,left,0
9430,9431,2,5890.44,5912.66,3636.9,0.00390625,9430,342,SI,SI,217,left,0
9431,9432,2,5891.08,5911.98,3635.88,0.37890625,9431,342,SI,SI,217,left,0
9432,9433,2,5892.46,5912.68,3635.08,0.00390625,9432,342,SI,SI,217,left,0
9433,9434,2,5892.56,5913.22,3633.42,0.54296875,9433,342,SI,SI,217,left,0
9434,9435,2,5892.88,5912.44,3631.66,0.32421875,9434,342,SI,SI,217,left,0
9435,9436,2,5894.16,5912.46,3630.4,0.37890625,9435,342,SI,SI,217,left,0
9436,9437,2,5894.52,5912.6,3628.64,0.0078125,9436,342,SI,SI,217,left,0
9437,9438,2,5893.8,5913.06,3627.16,0.4609375,9437,342,SI,SI,217,left,0
9438,9439,2,5893.5,5915.54,3626.5,0.40625,9438,342,SI,SI,217,left,0
9439,9440,2,5867.5,5946.4,3656.68,0.0078125,9156,342,SI,SI,218,left,0
9440,9441,2,5868.22,5948.92,3656.64,0.37890625,9440,342,SI,SI,218,left,0
9441,9442,2,5868.56,5950.7,3657.62,0.2421875,9441,342,SI,SI,218,left,0
9442,9443,2,5868.6,5953.38,3658.74,0.32421875,9442,342,SI,SI,218,left,0
9443,9444,2,5868.38,5955.84,3660.12,0.32421875,9443,342,SI,SI,218,left,0
9444,9445,2,5866.68,5956.82,3660.4,0.4609375,9444,342,SI,SI,218,left,0
9445,9446,2,5865.52,5957.64,3662.04,0.296875,9445,342,SI,SI,218,left,0
9446,9447,2,5864.3,5957.58,3662.92,0.2421875,9446,342,SI,SI,218,left,0
9447,9448,2,5863.1,5956.06,3663.8,0.21484375,9447,342,SI,SI,218,left,0
9448,9449,2,5861.6,5954.84,3665.32,0.3515625,9448,342,SI,SI,218,left,0
9449,9450,2,5860.06,5954.72,3666.22,0.40625,9449,342,SI,SI,218,left,0
9450,9451,2,5858.48,5954.88,3666.46,0.48828125,9450,342,SI,SI,218,left,1
9451,9452,2,5865.36,5943.24,3658.26,0.00390625,9156,342,SI,SI,219,left,0
9452,9453,2,5862.96,5942.46,3658.44,0.1640625,9452,342,SI,SI,219,left,0
9453,9454,2,5861.38,5942.14,3658.76,0.43359375,9453,342,SI,SI,219,left,0
9454,9455,2,5859.72,5941.86,3658.96,0.37890625,9454,342,SI,SI,219,left,0
9455,9456,2,5857.58,5941.58,3659.14,0.1640625,9455,342,SI,SI,219,left,0
9456,9457,2,5855.76,5942.18,3659.58,0.48828125,9456,342,SI,SI,219,left,0
9457,9458,2,5854.3,5942.78,3660.62,0.2421875,9457,342,SI,SI,219,left,0
9458,9459,2,5853.38,5941.82,3661.7,0.00390625,9458,342,SI,SI,219,left,0
9459,9460,2,5851.38,5941.04,3661.56,0.1640625,9459,342,SI,SI,219,left,0
9460,9461,2,5849.62,5940.88,3662.22,0.296875,9460,342,SI,SI,219,left,0
9461,9462,2,5848.6,5940.58,3663.06,0.59765625,9461,342,SI,SI,219,left,0
9462,9463,2,5847.18,5940.08,3664.06,0.1640625,9462,342,SI,SI,219,left,0
9463,9464,2,5845.88,5940.02,3664.94,0.40625,9463,342,SI,SI,219,left,0
9464,9465,2,5843.98,5939.66,3665.8,0.26953125,9464,342,SI,SI,219,left,0
9465,9466,2,5842.94,5939.52,3667.24,0.43359375,9465,342,SI,SI,219,left,0
9466,9467,2,5841.78,5939.12,3667.72,0.40625,9466,342,SI,SI,219,left,0
9467,9468,2,5839.7,5937.82,3668.92,0.37890625,9467,342,SI,SI,219,left,0
9468,9469,2,5837.66,5936.84,3669.74,0.19140625,9468,342,SI,SI,219,left,0
9469,9470,2,5837.42,5937.14,3671.32,0.4609375,9469,342,SI,SI,219,left,0
9470,9471,2,5837.44,5938.38,3673.52,0.43359375,9470,342,SI,SI,219,left,0
9471,9472,2,5837.44,5938.98,3676.32,0.40625,9471,342,SI,SI,219,left,0
9472,9473,2,5837.44,5938.42,3677.46,0.32421875,9472,342,SI,SI,219,left,0
9473,9474,2,5835.94,5937.56,3677.56,0.32421875,9473,342,SI,SI,219,left,0
9474,9475,2,5833.74,5936.88,3677.34,0.43359375,9474,342,SI,SI,219,left,0
9475,9476,2,5833.28,5936.16,3677.78,0.8671875,9475,342,SI,SI,219,left,0
9476,9477,2,5833.28,5936.64,3681.0,0.40625,9476,342,SI,SI,219,left,0
9477,9478,2,5833.28,5937.04,3682.68,0.4609375,9477,342,SI,SI,219,left,0
9478,9479,2,5832.94,5937.3,3685.16,0.4609375,9478,342,SI,SI,219,left,0
9479,9480,2,5831.26,5936.82,3686.08,0.26953125,9479,342,SI,SI,219,left,0
9480,9481,2,5829.94,5936.72,3687.66,0.00390625,9480,342,SI,SI,219,left,0
9481,9482,2,5828.88,5937.2,3688.84,0.2421875,9481,342,SI,SI,219,left,0
9482,9483,2,5827.46,5937.78,3689.72,0.2421875,9482,342,SI,SI,219,left,0
9483,9484,2,5826.74,5938.2,3691.12,0.32421875,9483,342,SI,SI,219,left,0
9484,9485,2,5825.3,5938.28,3692.54,0.2421875,9484,342,SI,SI,219,left,0
9485,9486,2,5824.38,5938.2,3693.62,0.2421875,9485,342,SI,SI,219,left,0
9486,9487,2,5823.14,5939.26,3694.28,0.48828125,9486,342,SI,SI,219,left,0
9487,9488,2,5822.06,5941.04,3695.92,0.921875,9487,342,SI,SI,219,left,0
9488,9489,2,5820.96,5941.8,3696.82,0.4609375,9488,342,SI,SI,219,left,0
9489,9490,2,5819.34,5942.0,3697.86,0.0078125,9489,342,SI,SI,219,left,0
9490,9491,2,5818.42,5941.76,3699.36,0.2421875,9490,342,SI,SI,219,left,0
9491,9492,2,5816.22,5941.04,3700.76,0.32421875,9491,342,SI,SI,219,left,0
9492,9493,2,5814.26,5940.76,3701.6,0.37890625,9492,342,SI,SI,219,left,0
9493,9494,2,5812.7,5940.86,3702.06,0.1640625,9493,342,SI,SI,219,left,0
9494,9495,2,5811.58,5940.8,3702.9,0.26953125,9494,342,SI,SI,219,left,0
9495,9496,2,5893.0,5917.18,3626.98,0.26953125,9439,342,SI,SI,220,left,1
9496,9497,2,5894.42,5916.52,3625.64,0.00390625,9439,342,SI,SI,221,left,0
9497,9498,2,5894.56,5916.88,3623.6,0.48828125,9497,342,SI,SI,221,left,0
9498,9499,2,5894.74,5917.84,3621.9,0.78515625,9498,342,SI,SI,221,left,0
9499,9500,2,5895.78,5919.42,3620.72,0.40625,9499,559,CEAm,CEA,221,left,0
9500,9501,2,5896.5,5920.94,3619.1,0.01171875,9500,559,CEAm,CEA,221,left,0
9501,9502,2,5897.32,5922.4,3617.28,0.32421875,9501,559,CEAm,CEA,221,left,0
9502,9503,2,5898.68,5924.16,3616.6,0.2421875,9502,559,CEAm,CEA,221,left,0
9503,9504,2,5899.46,5925.18,3615.74,0.43359375,9503,559,CEAm,CEA,221,left,0
9504,9505,2,5899.82,5925.9,3613.38,0.00390625,9504,559,CEAm,CEA,221,left,0
9505,9506,2,5900.46,5927.1,3612.64,0.78515625,9505,559,CEAm,CEA,221,left,0
9506,9507,2,5900.72,5927.04,3610.6,0.21484375,9506,559,CEAm,CEA,221,left,0
9507,9508,2,5900.86,5927.8,3609.22,0.62109375,9507,559,CEAm,CEA,221,left,0
9508,9509,2,5901.7,5928.94,3608.48,0.5703125,9508,559,CEAm,CEA,221,left,0
9509,9510,2,5903.58,5930.62,3607.44,0.26953125,9509,559,CEAm,CEA,221,left,0
9510,9511,2,5904.76,5932.2,3606.4,0.26953125,9510,559,CEAm,CEA,221,left,0
9511,9512,2,5904.16,5932.88,3605.5,0.21484375,9511,559,CEAm,CEA,221,left,0
9512,9513,2,5905.72,5933.42,3604.94,0.0078125,9512,559,CEAm,CEA,221,left,0
9513,9514,2,5907.64,5934.36,3603.5,0.48828125,9513,559,CEAm,CEA,221,left,0
9514,9515,2,5908.82,5935.46,3602.1,0.67578125,9514,559,CEAm,CEA,221,left,0
9515,9516,2,5910.46,5936.18,3600.78,0.2421875,9515,559,CEAm,CEA,221,left,0
9516,9517,2,5911.04,5936.78,3599.68,0.2421875,9516,559,CEAm,CEA,221,left,0
9517,9518,2,5911.56,5936.7,3597.9,0.2421875,9517,559,CEAm,CEA,221,left,0
9518,9519,2,5912.78,5937.54,3596.1,0.40625,9518,559,CEAm,CEA,221,left,0
9519,9520,2,5913.84,5937.96,3594.1,0.1640625,9519,559,CEAm,CEA,221,left,0
9520,9521,2,5914.98,5938.12,3593.28,0.48828125,9520,559,CEAm,CEA,221,left,0
9521,9522,2,5915.82,5937.44,3591.28,0.32421875,9521,559,CEAm,CEA,221,left,0
9522,9523,2,5916.02,5937.8,3589.14,0.19140625,9522,559,CEAm,CEA,221,left,0
9523,9524,2,5916.52,5938.88,3587.52,0.32421875,9523,559,CEAm,CEA,221,left,0
9524,9525,2,5917.96,5939.96,3587.0,0.296875,9524,559,CEAm,CEA,221,left,0
9525,9526,2,5919.12,5940.88,3586.12,0.4609375,9525,559,CEAm,CEA,221,left,0
9526,9527,2,5919.84,5941.08,3584.62,0.32421875,9526,559,CEAm,CEA,221,left,0
9527,9528,2,5920.98,5942.3,3583.32,0.1640625,9527,559,CEAm,CEA,221,left,0
9528,9529,2,5922.4,5943.44,3581.9,0.32421875,9528,559,CEAm,CEA,221,left,0
9529,9530,2,5923.14,5944.48,3580.78,0.4609375,9529,559,CEAm,CEA,221,left,0
9530,9531,2,5924.44,5945.44,3579.06,0.37890625,9530,559,CEAm,CEA,221,left,0
9531,9532,2,5925.86,5946.14,3577.06,0.3515625,9531,559,CEAm,CEA,221,left,0
9532,9533,2,5927.14,5946.2,3575.98,0.48828125,9532,559,CEAm,CEA,221,left,0
9533,9534,2,5927.46,5948.26,3573.68,0.00390625,9533,559,CEAm,CEA,221,left,0
9534,9535,2,5928.12,5948.96,3572.62,0.48828125,9534,559,CEAm,CEA,221,left,0
9535,9536,2,5928.84,5949.06,3571.78,0.02734375,9535,559,CEAm,CEA,221,left,0
9536,9537,2,5929.76,5948.76,3569.82,0.1640625,9536,559,CEAm,CEA,221,left,0
9537,9538,2,5930.88,5949.24,3568.7,0.1640625,9537,559,CEAm,CEA,221,left,0
9538,9539,2,5931.76,5950.06,3566.6,0.19140625,9538,559,CEAm,CEA,221,left,0
9539,9540,2,5933.2,5950.82,3565.48,0.2421875,9539,559,CEAm,CEA,221,left,0
9540,9541,2,5935.22,5951.1,3564.1,0.43359375,9540,559,CEAm,CEA,221,left,0
9541,9542,2,5936.12,5951.44,3563.06,0.296875,9541,559,CEAm,CEA,221,left,0
9542,9543,2,5938.48,5951.98,3561.7,0.296875,9542,559,CEAm,CEA,221,left,0
9543,9544,2,5939.32,5952.16,3560.88,0.4609375,9543,559,CEAm,CEA,221,left,0
9544,9545,2,5940.32,5951.7,3559.54,0.0078125,9544,559,CEAm,CEA,221,left,0
9545,9546,2,5941.32,5951.48,3558.48,0.37890625,9545,559,CEAm,CEA,221,left,0
9546,9547,2,5943.24,5951.92,3557.44,0.00390625,9546,559,CEAm,CEA,221,left,0
9547,9548,2,5945.28,5951.3,3555.76,0.4609375,9547,559,CEAm,CEA,221,left,0
9548,9549,2,5946.04,5950.36,3554.44,0.1640625,9548,559,CEAm,CEA,221,left,0
9549,9550,2,5947.82,5951.16,3554.8,0.0078125,9549,559,CEAm,CEA,221,left,0
9550,9551,2,5949.5,5951.3,3553.78,0.2421875,9550,559,CEAm,CEA,221,left,0
9551,9552,2,5949.88,5951.1,3551.76,0.32421875,9551,559,CEAm,CEA,221,left,0
9552,9553,2,5951.4,5951.4,3551.18,0.26953125,9552,559,CEAm,CEA,221,left,0
9553,9554,2,5952.66,5952.06,3550.28,0.19140625,9553,559,CEAm,CEA,221,left,0
9554,9555,2,5954.66,5953.08,3549.2,0.1640625,9554,559,CEAm,CEA,221,left,0
9555,9556,2,5956.04,5953.7,3548.18,0.2421875,9555,559,CEAm,CEA,221,left,0
9556,9557,2,5957.4,5954.52,3546.84,0.00390625,9556,559,CEAm,CEA,221,left,0
9557,9558,2,5959.34,5955.22,3545.42,0.26953125,9557,559,CEAm,CEA,221,left,0
9558,9559,2,5960.9,5955.24,3544.44,0.40625,9558,559,CEAm,CEA,221,left,0
9559,9560,2,5963.5,5954.92,3543.54,0.32421875,9559,559,CEAm,CEA,221,left,0
9560,9561,2,5964.7,5954.28,3541.84,0.21484375,9560,559,CEAm,CEA,221,left,0
9561,9562,2,5965.64,5953.6,3540.72,0.5703125,9561,559,CEAm,CEA,221,left,0
9562,9563,2,5966.64,5951.56,3540.46,0.00390625,9562,559,CEAm,CEA,221,left,0
9563,9564,2,5967.3,5950.24,3539.18,0.32421875,9563,559,CEAm,CEA,221,left,0
9564,9565,2,5968.66,5949.68,3538.16,0.4609375,9564,559,CEAm,CEA,221,left,0
9565,9566,2,5969.88,5948.9,3536.86,0.43359375,9565,559,CEAm,CEA,221,left,0
9566,9567,2,5970.56,5948.3,3536.28,0.43359375,9566,559,CEAm,CEA,221,left,0
9567,9568,2,5972.0,5947.38,3535.36,0.40625,9567,559,CEAm,CEA,221,left,0
9568,9569,2,5973.22,5946.56,3534.84,0.32421875,9568,559,CEAm,CEA,221,left,0
9569,9570,2,5973.88,5945.38,3532.96,0.00390625,9569,559,CEAm,CEA,221,left,0
9570,9571,2,5975.48,5945.48,3532.48,0.78515625,9570,559,CEAm,CEA,221,left,0
9571,9572,2,5977.32,5945.7,3532.02,0.40625,9571,559,CEAm,CEA,221,left,0
9572,9573,2,5977.9,5945.58,3531.22,0.296875,9572,559,CEAm,CEA,221,left,0
9573,9574,2,5979.7,5945.26,3530.5,0.40625,9573,559,CEAm,CEA,221,left,0
9574,9575,2,5980.7,5944.4,3530.86,0.32421875,9574,559,CEAm,CEA,221,left,0
9575,9576,2,5982.8,5944.26,3530.78,0.2421875,9575,559,CEAm,CEA,221,left,0
9576,9577,2,5984.04,5943.68,3530.1,0.26953125,9576,559,CEAm,CEA,221,left,0
9577,9578,2,5985.4,5943.76,3529.88,0.015625,9577,559,CEAm,CEA,221,left,0
9578,9579,2,5986.58,5944.34,3528.64,0.296875,9578,559,CEAm,CEA,221,left,0
9579,9580,2,5988.26,5944.4,3527.0,0.37890625,9579,559,CEAm,CEA,221,left,0
9580,9581,2,5989.36,5944.08,3526.16,0.1640625,9580,559,CEAm,CEA,221,left,0
9581,9582,2,5990.08,5942.04,3525.04,0.3515625,9581,559,CEAm,CEA,221,left,0
9582,9583,2,5991.04,5940.96,3524.5,0.1640625,9582,559,CEAm,CEA,221,left,0
9583,9584,2,5992.4,5939.22,3524.32,0.4609375,9583,559,CEAm,CEA,221,left,0
9584,9585,2,5993.82,5937.92,3524.08,0.26953125,9584,559,CEAm,CEA,221,left,0
9585,9586,2,5995.42,5936.72,3523.46,0.37890625,9585,559,CEAm,CEA,221,left,0
9586,9587,2,5996.7,5935.34,3522.66,0.296875,9586,559,CEAm,CEA,221,left,0
9587,9588,2,5998.24,5933.06,3521.4,0.48828125,9587,559,CEAm,CEA,221,left,0
9588,9589,2,5999.14,5932.96,3520.64,0.703125,9588,559,CEAm,CEA,221,left,0
9589,9590,2,6001.58,5933.32,3519.34,0.1640625,9589,559,CEAm,CEA,221,left,0
9590,9591,2,6002.8,5933.88,3517.92,0.2421875,9590,559,CEAm,CEA,221,left,0
9591,9592,2,6003.94,5934.5,3516.24,0.1640625,9591,559,CEAm,CEA,221,left,0
9592,9593,2,6005.1,5935.74,3515.54,0.67578125,9592,559,CEAm,CEA,221,left,0
9593,9594,2,6006.78,5936.58,3513.8,0.00390625,9593,559,CEAm,CEA,221,left,0
9594,9595,2,6007.82,5937.38,3512.4,0.21484375,9594,559,CEAm,CEA,221,left,0
9595,9596,2,6008.46,5937.24,3510.52,0.43359375,9595,559,CEAm,CEA,221,left,0
9596,9597,2,6009.7,5937.24,3508.72,0.48828125,9596,559,CEAm,CEA,221,left,0
9597,9598,2,6010.92,5937.54,3507.96,0.3515625,9597,559,CEAm,CEA,221,left,0
9598,9599,2,6011.04,5938.14,3506.0,0.54296875,9598,559,CEAm,CEA,221,left,0
9599,9600,2,6011.32,5939.34,3504.2,0.4609375,9599,559,CEAm,CEA,221,left,0
9600,9601,2,6012.58,5940.06,3503.18,0.1640625,9600,559,CEAm,CEA,221,left,0
9601,9602,2,6014.78,5941.06,3502.9,0.00390625,9601,559,CEAm,CEA,221,left,0
9602,9603,2,6015.18,5941.54,3501.28,0.32421875,9602,559,CEAm,CEA,221,left,0
9603,9604,2,6016.3,5941.66,3500.62,0.4609375,9603,559,CEAm,CEA,221,left,0
9604,9605,2,6017.42,5941.36,3498.8,0.19140625,9604,559,CEAm,CEA,221,left,0
9605,9606,2,6018.68,5941.88,3498.08,0.32421875,9605,559,CEAm,CEA,221,left,0
9606,9607,2,6019.24,5942.08,3496.7,0.37890625,9606,559,CEAm,CEA,221,left,0
9607,9608,2,6020.72,5941.82,3495.54,0.21484375,9607,559,CEAm,CEA,221,left,0
9608,9609,2,6021.54,5940.86,3494.66,0.37890625,9608,559,CEAm,CEA,221,left,0
9609,9610,2,6022.42,5940.6,3492.94,0.00390625,9609,559,CEAm,CEA,221,left,0
9610,9611,2,6022.66,5939.7,3490.72,0.37890625,9610,559,CEAm,CEA,221,left,0
9611,9612,2,6023.18,5940.56,3488.6,0.62109375,9611,559,CEAm,CEA,221,left,0
9612,9613,2,6024.44,5942.22,3487.98,0.32421875,9612,559,CEAm,CEA,221,left,0
9613,9614,2,6024.94,5944.06,3486.22,0.00390625,9613,559,CEAm,CEA,221,left,0
9614,9615,2,6025.54,5944.74,3484.56,0.59765625,9614,559,CEAm,CEA,221,left,0
9615,9616,2,6025.62,5946.52,3483.08,0.73046875,9615,559,CEAm,CEA,221,left,0
9616,9617,2,6026.36,5948.02,3482.72,0.43359375,9616,559,CEAm,CEA,221,left,0
9617,9618,2,6027.96,5949.02,3482.06,0.32421875,9617,559,CEAm,CEA,221,left,0
9618,9619,2,6029.0,5950.18,3481.18,0.37890625,9618,559,CEAm,CEA,221,left,0
9619,9620,2,6030.4,5951.82,3481.08,0.32421875,9619,559,CEAm,CEA,221,left,0
9620,9621,2,6032.22,5953.46,3480.9,0.3515625,9620,559,CEAm,CEA,221,left,0
9621,9622,2,6033.04,5954.16,3479.26,0.32421875,9621,559,CEAm,CEA,221,left,0
9622,9623,2,6035.36,5955.84,3478.34,0.515625,9622,559,CEAm,CEA,221,left,0
9623,9624,2,6036.74,5957.44,3477.76,0.3515625,9623,559,CEAm,CEA,221,left,0
9624,9625,2,6037.66,5960.06,3477.42,0.00390625,9624,559,CEAm,CEA,221,left,0
9625,9626,2,6040.52,5961.7,3477.78,0.296875,9625,559,CEAm,CEA,221,left,0
9626,9627,2,6042.68,5961.94,3477.28,0.43359375,9626,559,CEAm,CEA,221,left,0
9627,9628,2,6043.08,5961.28,3475.44,0.48828125,9627,559,CEAm,CEA,221,left,0
9628,9629,2,6044.86,5961.6,3473.96,0.37890625,9628,559,CEAm,CEA,221,left,0
9629,9630,2,6045.8,5962.84,3471.94,0.2421875,9629,559,CEAm,CEA,221,left,0
9630,9631,2,6046.88,5963.54,3471.08,0.21484375,9630,559,CEAm,CEA,221,left,0
9631,9632,2,6047.0,5964.8,3469.12,0.67578125,9631,559,CEAm,CEA,221,left,0
9632,9633,2,6047.02,5967.3,3467.18,0.9765625,9632,559,CEAm,CEA,221,left,0
9633,9634,2,6047.02,5968.52,3466.3,0.703125,9633,559,CEAm,CEA,221,left,0
9634,9635,2,6049.18,5969.26,3466.12,0.0078125,9634,559,CEAm,CEA,221,left,0
9635,9636,2,6049.96,5968.9,3463.42,0.6484375,9635,559,CEAm,CEA,221,left,0
9636,9637,2,6050.66,5969.28,3462.16,0.296875,9636,559,CEAm,CEA,221,left,0
9637,9638,2,6052.22,5970.26,3461.42,0.37890625,9637,559,CEAm,CEA,221,left,0
9638,9639,2,6052.92,5971.72,3459.36,0.62109375,9638,559,CEAm,CEA,221,left,0
9639,9640,2,6053.0,5973.58,3458.0,0.296875,9639,559,CEAm,CEA,221,left,0
9640,9641,2,6053.96,5976.18,3456.14,0.3515625,9640,559,CEAm,CEA,221,left,0
9641,9642,2,6054.78,5977.86,3454.9,0.3515625,9641,559,CEAm,CEA,221,left,0
9642,9643,2,6055.06,5979.58,3453.88,0.00390625,9642,559,CEAm,CEA,221,left,0
9643,9644,2,6055.0,5980.4,3451.92,0.4609375,9643,559,CEAm,CEA,221,left,0
9644,9645,2,6055.36,5980.44,3449.32,0.1640625,9644,559,CEAm,CEA,221,left,0
9645,9646,2,6056.06,5980.98,3447.8,0.4609375,9645,559,CEAm,CEA,221,left,0
9646,9647,2,6056.84,5983.08,3446.6,0.703125,9646,559,CEAm,CEA,221,left,0
9647,9648,2,6056.84,5983.48,3444.96,0.32421875,9647,559,CEAm,CEA,221,left,0
9648,9649,2,6057.72,5983.38,3443.82,0.296875,9648,559,CEAm,CEA,221,left,0
9649,9650,2,6059.1,5983.64,3442.58,0.1640625,9649,559,CEAm,CEA,221,left,0
9650,9651,2,6059.86,5983.9,3440.68,0.32421875,9650,559,CEAm,CEA,221,left,0
9651,9652,2,6060.48,5985.04,3439.28,0.4609375,9651,559,CEAm,CEA,221,left,0
9652,9653,2,6060.68,5985.7,3438.54,0.0390625,9652,559,CEAm,CEA,221,left,0
9653,9654,2,6060.54,5985.3,3435.52,0.4609375,9653,559,CEAm,CEA,221,left,0
9654,9655,2,6060.84,5985.86,3433.7,0.2421875,9654,559,CEAm,CEA,221,left,0
9655,9656,2,6062.06,5986.32,3432.94,0.37890625,9655,559,CEAm,CEA,221,left,0
9656,9657,2,6062.62,5986.96,3430.76,0.40625,9656,559,CEAm,CEA,221,left,0
9657,9658,2,6063.92,5987.62,3428.98,0.1640625,9657,559,CEAm,CEA,221,left,0
9658,9659,2,6064.68,5987.72,3428.02,0.37890625,9658,559,CEAm,CEA,221,left,0
9659,9660,2,6066.02,5988.14,3427.82,0.19140625,9659,559,CEAm,CEA,221,left,0
9660,9661,2,6066.54,5988.26,3426.84,0.32421875,9660,559,CEAm,CEA,221,left,0
9661,9662,2,6068.1,5988.84,3425.74,0.54296875,9661,559,CEAm,CEA,221,left,0
9662,9663,2,6068.58,5989.2,3423.8,0.2421875,9662,559,CEAm,CEA,221,left,0
9663,9664,2,6070.24,5990.16,3422.92,0.37890625,9663,559,CEAm,CEA,221,left,0
9664,9665,2,6071.54,5990.84,3421.84,0.32421875,9664,559,CEAm,CEA,221,left,0
9665,9666,2,6072.24,5991.28,3420.54,0.21484375,9665,559,CEAm,CEA,221,left,0
9666,9667,2,6073.02,5991.96,3418.16,0.43359375,9666,559,CEAm,CEA,221,left,0
9667,9668,2,6074.36,5993.34,3417.1,0.21484375,9667,559,CEAm,CEA,221,left,0
9668,9669,2,6075.18,5993.86,3415.6,0.515625,9668,559,CEAm,CEA,221,left,0
9669,9670,2,6076.02,5994.66,3414.32,0.3515625,9669,559,CEAm,CEA,221,left,0
9670,9671,2,5809.84,5939.78,3703.8,0.0078125,9495,342,SI,SI,222,left,0
9671,9672,2,5808.02,5938.94,3704.88,0.2421875,9671,342,SI,SI,222,left,0
9672,9673,2,5806.88,5938.72,3706.18,0.26953125,9672,342,SI,SI,222,left,0
9673,9674,2,5805.82,5938.88,3707.28,0.43359375,9673,342,SI,SI,222,left,0
9674,9675,2,5805.2,5939.5,3709.42,0.26953125,9674,342,SI,SI,222,left,0
9675,9676,2,5811.4,5943.36,3703.64,0.00390625,9495,342,SI,SI,223,left,0
9676,9677,2,5810.54,5944.5,3704.6,0.43359375,9676,342,SI,SI,223,left,0
9677,9678,2,5810.46,5946.28,3706.38,0.296875,9677,342,SI,SI,223,left,0
9678,9679,2,5810.48,5949.18,3708.02,0.296875,9678,342,SI,SI,223,left,0
9679,9680,2,5810.48,5950.76,3708.8,0.83984375,9679,342,SI,SI,223,left,1
9680,9681,2,6077.76,5994.2,3412.94,0.00390625,9670,559,CEAm,CEA,224,left,0
9681,9682,2,6078.6,5993.62,3412.16,0.2421875,9681,559,CEAm,CEA,224,left,0
9682,9683,2,6080.88,5993.62,3412.28,0.2421875,9682,559,CEAm,CEA,224,left,0
9683,9684,2,6082.48,5992.74,3411.98,0.1640625,9683,559,CEAm,CEA,224,left,0
9684,9685,2,6083.54,5992.32,3411.22,0.59765625,9684,559,CEAm,CEA,224,left,0
9685,9686,2,6085.78,5992.9,3410.9,0.2421875,9685,559,CEAm,CEA,224,left,0
9686,9687,2,6087.4,5993.56,3410.08,0.48828125,9686,559,CEAm,CEA,224,left,0
9687,9688,2,6089.52,5994.7,3409.24,0.59765625,9687,559,CEAm,CEA,224,left,0
9688,9689,2,6090.96,5996.62,3407.44,0.3515625,9688,559,CEAm,CEA,224,left,0
9689,9690,2,6092.7,5997.24,3406.42,0.32421875,9689,559,CEAm,CEA,224,left,0
9690,9691,2,6095.3,5997.36,3404.96,0.40625,9690,559,CEAm,CEA,224,left,0
9691,9692,2,6096.32,5997.08,3403.18,0.32421875,9691,559,CEAm,CEA,224,left,0
9692,9693,2,6097.62,5996.54,3401.48,0.296875,9692,559,CEAm,CEA,224,left,0
9693,9694,2,6098.46,5995.7,3399.86,0.2421875,9693,559,CEAm,CEA,224,left,0
9694,9695,2,6099.56,5995.72,3399.14,0.32421875,9694,559,CEAm,CEA,224,left,0
9695,9696,2,6099.96,5996.18,3395.5,0.43359375,9695,559,CEAm,CEA,224,left,0
9696,9697,2,6101.26,5997.24,3395.16,0.26953125,9696,559,CEAm,CEA,224,left,0
9697,9698,2,6101.72,5998.56,3394.24,0.54296875,9697,559,CEAm,CEA,224,left,0
9698,9699,2,6102.46,5998.76,3393.4,0.515625,9698,559,CEAm,CEA,224,left,0
9699,9700,2,6104.36,5998.92,3392.62,0.21484375,9699,559,CEAm,CEA,224,left,0
9700,9701,2,6105.36,5998.72,3391.12,0.43359375,9700,559,CEAm,CEA,224,left,0
9701,9702,2,6106.16,5998.54,3389.8,0.37890625,9701,559,CEAm,CEA,224,left,0
9702,9703,2,6107.26,5999.56,3387.54,0.296875,9702,559,CEAm,CEA,224,left,0
9703,9704,2,6108.58,6000.1,3386.26,0.515625,9703,559,CEAm,CEA,224,left,0
9704,9705,2,6109.68,6000.58,3384.68,0.78515625,9704,559,CEAm,CEA,224,left,0
9705,9706,2,6111.12,6000.58,3382.4,0.32421875,9705,559,CEAm,CEA,224,left,0
9706,9707,2,6112.44,6000.84,3381.2,0.48828125,9706,559,CEAm,CEA,224,left,0
9707,9708,2,6113.04,6001.74,3379.44,0.48828125,9707,559,CEAm,CEA,224,left,0
9708,9709,2,6113.9,6002.04,3378.16,0.26953125,9708,559,CEAm,CEA,224,left,0
9709,9710,2,6115.64,6002.22,3378.24,0.19140625,9709,559,CEAm,CEA,224,left,0
9710,9711,2,6116.26,6001.76,3377.06,0.32421875,9710,559,CEAm,CEA,224,left,0
9711,9712,2,6116.98,6001.06,3373.62,0.40625,9711,559,CEAm,CEA,224,left,0
9712,9713,2,6118.18,6001.22,3372.9,0.21484375,9712,559,CEAm,CEA,224,left,0
9713,9714,2,6118.56,6001.34,3370.58,0.32421875,9713,559,CEAm,CEA,224,left,0
9714,9715,2,6119.32,6001.44,3369.06,0.32421875,9714,559,CEAm,CEA,224,left,0
9715,9716,2,6120.34,6001.86,3368.84,0.32421875,9715,559,CEAm,CEA,224,left,0
9716,9717,2,6120.4,6001.72,3367.46,0.43359375,9716,559,CEAm,CEA,224,left,0
9717,9718,2,6121.76,6001.36,3365.44,0.00390625,9717,559,CEAm,CEA,224,left,0
9718,9719,2,6123.36,6001.42,3364.5,0.7578125,9718,559,CEAm,CEA,224,left,0
9719,9720,2,6124.14,6001.66,3362.76,0.62109375,9719,559,CEAm,CEA,224,left,0
9720,9721,2,6124.82,6002.7,3361.5,0.32421875,9720,559,CEAm,CEA,224,left,0
9721,9722,2,6126.02,6003.44,3361.08,0.67578125,9721,559,CEAm,CEA,224,left,0
9722,9723,2,6127.02,6003.64,3359.82,0.4609375,9722,559,CEAm,CEA,224,left,0
9723,9724,2,6128.1,6004.68,3358.46,0.5703125,9723,559,CEAm,CEA,224,left,0
9724,9725,2,6128.18,6005.66,3357.14,0.43359375,9724,559,CEAm,CEA,224,left,0
9725,9726,2,6129.18,6006.22,3356.52,0.26953125,9725,559,CEAm,CEA,224,left,0
9726,9727,2,6129.98,6006.18,3354.76,0.48828125,9726,559,CEAm,CEA,224,left,0
9727,9728,2,6129.84,6006.3,3352.46,0.296875,9727,559,CEAm,CEA,224,left,0
9728,9729,2,6129.74,6006.6,3350.32,0.3515625,9728,559,CEAm,CEA,224,left,0
9729,9730,2,6129.48,6006.52,3346.48,0.2421875,9729,559,CEAm,CEA,224,left,0
9730,9731,2,6129.42,6007.02,3344.96,0.59765625,9730,559,CEAm,CEA,224,left,0
9731,9732,2,6129.32,6007.4,3343.02,0.3515625,9731,559,CEAm,CEA,224,left,0
9732,9733,2,6129.28,6008.12,3341.6,0.37890625,9732,559,CEAm,CEA,224,left,0
9733,9734,2,6130.58,6008.28,3340.38,0.00390625,9733,559,CEAm,CEA,224,left,0
9734,9735,2,6132.22,6008.96,3338.9,0.43359375,9734,559,CEAm,CEA,224,left,0
9735,9736,2,6133.1,6008.98,3337.64,0.3515625,9735,559,CEAm,CEA,224,left,0
9736,9737,2,6134.38,6009.16,3337.32,0.43359375,9736,559,CEAm,CEA,224,left,0
9737,9738,2,6136.52,6009.6,3337.16,0.703125,9737,559,CEAm,CEA,224,left,0
9738,9739,2,6137.5,6009.9,3336.24,0.43359375,9738,559,CEAm,CEA,224,left,0
9739,9740,2,6139.7,6010.42,3336.14,0.37890625,9739,559,CEAm,CEA,224,left,0
9740,9741,2,6141.04,6010.42,3335.8,0.32421875,9740,559,CEAm,CEA,224,left,0
9741,9742,2,6141.32,6009.44,3334.98,0.296875,9741,559,CEAm,CEA,224,left,0
9742,9743,2,6142.56,6009.22,3334.94,0.26953125,9742,559,CEAm,CEA,224,left,0
9743,9744,2,6142.8,6008.2,3332.78,0.2421875,9743,559,CEAm,CEA,224,left,0
9744,9745,2,6142.94,6007.38,3330.7,0.296875,9744,559,CEAm,CEA,224,left,0
9745,9746,2,6144.4,6007.6,3329.74,0.32421875,9745,559,CEAm,CEA,224,left,0
9746,9747,2,6145.5,6007.88,3328.44,0.48828125,9746,559,CEAm,CEA,224,left,0
9747,9748,2,6146.66,6009.14,3327.24,0.32421875,9747,559,CEAm,CEA,224,left,0
9748,9749,2,6147.84,6009.98,3326.18,0.48828125,9748,559,CEAm,CEA,224,left,0
9749,9750,2,6149.04,6011.02,3325.48,0.4609375,9749,559,CEAm,CEA,224,left,0
9750,9751,2,6150.2,6011.68,3324.38,0.00390625,9750,559,CEAm,CEA,224,left,0
9751,9752,2,6152.2,6011.98,3323.7,0.32421875,9751,559,CEAm,CEA,224,left,0
9752,9753,2,6152.86,6011.52,3322.6,0.32421875,9752,559,CEAm,CEA,224,left,0
9753,9754,2,6154.32,6011.36,3321.82,0.4609375,9753,559,CEAm,CEA,224,left,0
9754,9755,2,6157.54,6012.18,3321.1,0.21484375,9754,559,CEAm,CEA,224,left,0
9755,9756,2,6159.24,6012.78,3320.34,0.515625,9755,559,CEAm,CEA,224,left,0
9756,9757,2,6160.94,6012.88,3318.74,0.4609375,9756,559,CEAm,CEA,224,left,0
9757,9758,2,6162.76,6012.76,3317.6,0.2421875,9757,559,CEAm,CEA,224,left,0
9758,9759,2,6164.28,6013.12,3316.62,0.32421875,9758,559,CEAm,CEA,224,left,0
9759,9760,2,6166.06,6013.66,3316.08,0.19140625,9759,559,CEAm,CEA,224,left,0
9760,9761,2,6167.46,6014.8,3315.68,0.48828125,9760,559,CEAm,CEA,224,left,0
9761,9762,2,6168.42,6016.3,3314.74,0.1640625,9761,559,CEAm,CEA,224,left,0
9762,9763,2,6169.34,6017.18,3313.5,0.5703125,9762,559,CEAm,CEA,224,left,0
9763,9764,2,6170.04,6018.86,3312.2,0.54296875,9763,559,CEAm,CEA,224,left,0
9764,9765,2,6170.3,6019.18,3310.0,0.2421875,9764,559,CEAm,CEA,224,left,0
9765,9766,2,6171.22,6018.8,3308.76,0.3515625,9765,559,CEAm,CEA,224,left,0
9766,9767,2,6171.88,6018.3,3306.32,0.54296875,9766,559,CEAm,CEA,224,left,0
9767,9768,2,6173.5,6017.06,3305.98,0.00390625,9767,559,CEAm,CEA,224,left,0
9768,9769,2,6174.0,6016.04,3304.24,0.37890625,9768,559,CEAm,CEA,224,left,0
9769,9770,2,6175.14,6015.14,3302.62,0.1640625,9769,559,CEAm,CEA,224,left,0
9770,9771,2,6175.56,6014.14,3301.74,0.515625,9770,559,CEAm,CEA,224,left,0
9771,9772,2,6177.08,6013.3,3302.3,0.54296875,9771,559,CEAm,CEA,224,left,0
9772,9773,2,6178.18,6011.94,3302.82,0.40625,9772,559,CEAm,CEA,224,left,0
9773,9774,2,6178.76,6010.6,3298.16,0.21484375,9773,559,CEAm,CEA,224,left,0
9774,9775,2,6178.66,6010.36,3297.06,0.43359375,9774,559,CEAm,CEA,224,left,0
9775,9776,2,6180.46,6008.68,3296.42,0.00390625,9775,559,CEAm,CEA,224,left,0
9776,9777,2,6183.36,6008.2,3296.12,0.37890625,9776,559,CEAm,CEA,224,left,0
9777,9778,2,6184.32,6008.54,3295.3,0.48828125,9777,559,CEAm,CEA,224,left,0
9778,9779,2,6184.46,6006.86,3294.04,0.0078125,9778,559,CEAm,CEA,224,left,0
9779,9780,2,6185.8,6004.64,3294.06,0.5703125,9779,559,CEAm,CEA,224,left,0
9780,9781,2,6186.12,6002.66,3293.72,0.2421875,9780,559,CEAm,CEA,224,left,0
9781,9782,2,6187.36,6001.62,3293.56,0.1640625,9781,559,CEAm,CEA,224,left,0
9782,9783,2,6188.92,6001.14,3292.06,0.62109375,9782,559,CEAm,CEA,224,left,0
9783,9784,2,6190.08,5999.6,3291.46,0.921875,9783,559,CEAm,CEA,224,left,0
9784,9785,2,6192.06,5999.6,3291.72,0.32421875,9784,559,CEAm,CEA,224,left,0
9785,9786,2,6193.4,5999.74,3291.04,0.73046875,9785,559,CEAm,CEA,224,left,0
9786,9787,2,6193.4,6000.08,3289.84,0.515625,9786,559,CEAm,CEA,224,left,0
9787,9788,2,6194.42,6001.04,3289.72,0.296875,9787,559,CEAm,CEA,224,left,0
9788,9789,2,6196.92,6001.38,3289.78,0.21484375,9788,559,CEAm,CEA,224,left,0
9789,9790,2,6198.88,6001.18,3289.96,0.21484375,9789,559,CEAm,CEA,224,left,0
9790,9791,2,6199.94,6000.5,3292.9,0.43359375,9790,559,CEAm,CEA,224,left,0
9791,9792,2,6201.16,5999.04,3294.48,0.26953125,9791,559,CEAm,CEA,224,left,0
9792,9793,2,6201.64,5996.56,3295.6,0.2421875,9792,559,CEAm,CEA,224,left,0
9793,9794,2,6201.54,5994.68,3296.38,0.703125,9793,559,CEAm,CEA,224,left,0
9794,9795,2,6202.16,5993.7,3297.68,0.296875,9794,559,CEAm,CEA,224,left,0
9795,9796,2,6203.56,5992.68,3298.64,0.26953125,9795,559,CEAm,CEA,224,left,0
9796,9797,2,6205.28,5992.58,3299.18,0.37890625,9796,559,CEAm,CEA,224,left,0
9797,9798,2,6206.84,5992.76,3298.88,0.32421875,9797,559,CEAm,CEA,224,left,0
9798,9799,2,6209.36,5993.12,3298.74,0.40625,9798,559,CEAm,CEA,224,left,0
9799,9800,2,6211.18,5993.62,3298.58,0.3515625,9799,559,CEAm,CEA,224,left,0
9800,9801,2,6212.58,5992.22,3298.06,0.00390625,9800,559,CEAm,CEA,224,left,0
9801,9802,2,6213.36,5991.48,3296.82,0.3515625,9801,559,CEAm,CEA,224,left,0
9802,9803,2,6215.7,5991.8,3295.84,0.26953125,9802,559,CEAm,CEA,224,left,0
9803,9804,2,6217.18,5991.34,3294.96,0.48828125,9803,559,CEAm,CEA,224,left,0
9804,9805,2,6218.96,5990.44,3294.9,0.26953125,9804,559,CEAm,CEA,224,left,0
9805,9806,2,6220.96,5989.7,3294.62,0.37890625,9805,559,CEAm,CEA,224,left,0
9806,9807,2,6221.12,5989.06,3294.14,0.21484375,9806,559,CEAm,CEA,224,left,0
9807,9808,2,6221.52,5986.28,3295.18,0.296875,9807,559,CEAm,CEA,224,left,1
9808,9809,2,6076.22,5996.98,3413.24,0.0078125,9670,559,CEAm,CEA,225,left,0
9809,9810,2,6076.24,5999.1,3411.52,0.296875,9809,559,CEAm,CEA,225,left,0
9810,9811,2,6076.24,6000.36,3409.94,0.5703125,9810,559,CEAm,CEA,225,left,0
9811,9812,2,6075.32,6001.22,3407.92,0.43359375,9811,559,CEAm,CEA,225,left,0
9812,9813,2,6073.8,6001.28,3406.56,0.515625,9812,559,CEAm,CEA,225,left,0
9813,9814,2,6072.28,6001.5,3405.5,0.48828125,9813,559,CEAm,CEA,225,left,0
9814,9815,2,6071.86,6002.46,3404.22,0.6484375,9814,559,CEAm,CEA,225,left,0
9815,9816,2,6070.18,6003.76,3401.72,0.32421875,9815,559,CEAm,CEA,225,left,0
9816,9817,2,6069.28,6004.8,3400.02,0.1640625,9816,559,CEAm,CEA,225,left,0
9817,9818,2,6069.62,6006.2,3398.24,0.73046875,9817,559,CEAm,CEA,225,left,0
9818,9819,2,6068.02,6006.22,3398.32,0.01953125,9818,559,CEAm,CEA,225,left,0
9819,9820,2,6068.0,6008.16,3398.42,0.6484375,9819,559,CEAm,CEA,225,left,0
9820,9821,2,6068.16,6009.96,3399.54,0.48828125,9820,559,CEAm,CEA,225,left,0
9821,9822,2,6068.34,6011.52,3401.46,0.19140625,9821,559,CEAm,CEA,225,left,0
9822,9823,2,6068.12,6012.06,3403.22,0.2421875,9822,559,CEAm,CEA,225,left,0
9823,9824,2,6067.36,6011.56,3404.3,0.48828125,9823,559,CEAm,CEA,225,left,0
9824,9825,2,6066.38,6011.32,3405.98,0.59765625,9824,559,CEAm,CEA,225,left,0
9825,9826,2,6065.12,6011.12,3406.54,0.3515625,9825,559,CEAm,CEA,225,left,0
9826,9827,2,6064.66,6012.4,3407.72,0.62109375,9826,559,CEAm,CEA,225,left,0
9827,9828,2,6064.08,6013.08,3409.38,0.296875,9827,559,CEAm,CEA,225,left,0
9828,9829,2,6063.04,6013.98,3411.06,0.5703125,9828,559,CEAm,CEA,225,left,0
9829,9830,2,6062.7,6014.82,3413.08,0.48828125,9829,559,CEAm,CEA,225,left,0
9830,9831,2,6060.94,6015.08,3413.26,0.59765625,9830,559,CEAm,CEA,225,left,0
9831,9832,2,6059.44,6016.0,3413.94,0.26953125,9831,559,CEAm,CEA,225,left,0
9832,9833,2,6059.28,6018.16,3414.98,0.83984375,9832,559,CEAm,CEA,225,left,0
9833,9834,2,6059.56,6020.82,3417.8,0.2421875,9833,559,CEAm,CEA,225,left,0
9834,9835,2,6059.7,6021.82,3420.0,0.62109375,9834,559,CEAm,CEA,225,left,1
9835,9836,2,5804.28,5937.64,3710.1,0.0078125,9675,342,SI,SI,226,left,0
9836,9837,2,5802.66,5935.14,3710.36,0.515625,9836,342,SI,SI,226,left,0
9837,9838,2,5801.22,5934.44,3710.6,0.5703125,9837,342,SI,SI,226,left,1
9838,9839,2,5805.18,5939.78,3711.76,0.43359375,9675,342,SI,SI,227,left,0
9839,9840,2,5805.18,5939.94,3713.8,0.43359375,9839,342,SI,SI,227,left,0
9840,9841,2,5803.98,5940.1,3715.0,0.0078125,9840,342,SI,SI,227,left,0
9841,9842,2,5802.28,5940.06,3715.7,0.5703125,9841,342,SI,SI,227,left,0
9842,9843,2,5802.04,5941.42,3716.68,0.26953125,9842,342,SI,SI,227,left,0
9843,9844,2,5801.18,5943.28,3716.74,0.921875,9843,342,SI,SI,227,left,0
9844,9845,2,5800.14,5943.6,3716.88,0.32421875,9844,342,SI,SI,227,left,0
9845,9846,2,5799.98,5944.64,3718.38,0.43359375,9845,342,SI,SI,227,left,0
9846,9847,2,5798.16,5944.38,3719.22,0.015625,9846,342,SI,SI,227,left,0
9847,9848,2,5796.24,5944.48,3720.02,0.2421875,9847,342,SI,SI,227,left,0
9848,9849,2,5795.62,5945.46,3723.66,0.32421875,9848,342,SI,SI,227,left,0
9849,9850,2,5794.5,5945.04,3724.94,0.19140625,9849,342,SI,SI,227,left,0
9850,9851,2,5793.66,5945.18,3726.94,0.4609375,9850,342,SI,SI,227,left,0
9851,9852,2,5793.36,5944.8,3728.86,0.4609375,9851,342,SI,SI,227,left,0
9852,9853,2,5791.9,5944.64,3729.88,0.19140625,9852,342,SI,SI,227,left,0
9853,9854,2,5791.18,5945.4,3731.6,0.32421875,9853,342,SI,SI,227,left,0
9854,9855,2,5789.32,5945.14,3732.16,0.3515625,9854,342,SI,SI,227,left,0
9855,9856,2,5787.8,5944.56,3733.2,0.26953125,9855,342,SI,SI,227,left,0
9856,9857,2,5787.0,5944.42,3734.32,0.32421875,9856,342,SI,SI,227,left,0
9857,9858,2,5785.1,5944.82,3734.5,0.19140625,9857,342,SI,SI,227,left,0
9858,9859,2,5783.3,5946.26,3735.34,0.4609375,9858,342,SI,SI,227,left,0
9859,9860,2,5781.96,5946.74,3736.3,0.32421875,9859,342,SI,SI,227,left,0
9860,9861,2,5780.84,5946.9,3737.94,0.296875,9860,342,SI,SI,227,left,0
9861,9862,2,5779.48,5947.0,3739.22,0.43359375,9861,342,SI,SI,227,left,0
9862,9863,2,5778.36,5948.4,3741.46,0.00390625,9862,342,SI,SI,227,left,0
9863,9864,2,5776.82,5949.68,3741.96,0.26953125,9863,342,SI,SI,227,left,0
9864,9865,2,5775.7,5951.2,3742.02,0.48828125,9864,342,SI,SI,227,left,0
9865,9866,2,5774.7,5953.26,3742.34,0.40625,9865,342,SI,SI,227,left,0
9866,9867,2,5773.86,5954.16,3743.38,0.43359375,9866,342,SI,SI,227,left,0
9867,9868,2,5771.84,5954.34,3743.96,0.32421875,9867,342,SI,SI,227,left,0
9868,9869,2,5770.22,5954.32,3744.52,0.32421875,9868,342,SI,SI,227,left,0
9869,9870,2,5768.72,5954.56,3745.1,0.2421875,9869,342,SI,SI,227,left,0
9870,9871,2,5766.72,5954.82,3745.94,0.40625,9870,342,SI,SI,227,left,0
9871,9872,2,5766.02,5956.12,3747.66,0.21484375,9871,342,SI,SI,227,left,0
9872,9873,2,5763.94,5957.14,3747.94,0.19140625,9872,342,SI,SI,227,left,0
9873,9874,2,5762.44,5957.62,3747.64,0.3515625,9873,342,SI,SI,227,left,0
9874,9875,2,5761.78,5959.62,3747.62,0.00390625,9874,342,SI,SI,227,left,0
9875,9876,2,5760.26,5960.02,3747.48,0.1640625,9875,342,SI,SI,227,left,0
9876,9877,2,5758.86,5960.1,3747.94,0.32421875,9876,342,SI,SI,227,left,0
9877,9878,2,5756.42,5960.28,3748.62,0.1640625,9877,342,SI,SI,227,left,0
9878,9879,2,5754.82,5960.96,3749.28,1.43359375,9878,342,SI,SI,227,left,0
9879,9880,2,5753.74,5962.0,3751.1,0.40625,9879,342,SI,SI,227,left,0
9880,9881,2,5753.04,5962.12,3752.8,0.43359375,9880,342,SI,SI,227,left,0
9881,9882,2,5751.78,5962.46,3755.18,0.3515625,9881,342,SI,SI,227,left,0
9882,9883,2,5750.26,5963.22,3755.92,0.1640625,9882,342,SI,SI,227,left,0
9883,9884,2,5749.28,5964.7,3756.94,0.19140625,9883,342,SI,SI,227,left,0
9884,9885,2,5747.92,5966.48,3757.16,0.43359375,9884,342,SI,SI,227,left,0
9885,9886,2,5747.74,5969.2,3757.48,0.54296875,9885,342,SI,SI,227,left,0
9886,9887,2,5747.72,5971.3,3759.28,0.32421875,9886,342,SI,SI,227,left,0
9887,9888,2,5747.18,5971.56,3760.24,0.32421875,9887,342,SI,SI,227,left,0
9888,9889,2,5744.86,5971.26,3761.48,0.1640625,9888,342,SI,SI,227,left,0
9889,9890,2,5743.68,5971.38,3762.24,0.4609375,9889,342,SI,SI,227,left,0
9890,9891,2,5743.48,5972.26,3764.12,0.32421875,9890,342,SI,SI,227,left,0
9891,9892,2,5742.16,5972.5,3765.52,0.00390625,9891,342,SI,SI,227,left,0
9892,9893,2,5741.32,5973.8,3769.18,0.2421875,9892,342,SI,SI,227,left,0
9893,9894,2,5741.38,5975.14,3770.36,0.4609375,9893,342,SI,SI,227,left,0
9894,9895,2,5742.64,5976.0,3771.2,0.26953125,9894,342,SI,SI,227,left,0
9895,9896,2,5744.22,5975.66,3771.54,0.32421875,9895,342,SI,SI,227,left,0
9896,9897,2,5746.48,5975.86,3771.8,0.3515625,9896,342,SI,SI,227,left,0
9897,9898,2,5747.36,5976.4,3771.76,0.2421875,9897,342,SI,SI,227,left,0
9898,9899,2,5744.74,5974.72,3771.48,0.40625,9898,342,SI,SI,227,left,0
9899,9900,2,5744.38,5971.76,3771.74,0.67578125,9899,342,SI,SI,227,left,0
9900,9901,2,5744.36,5970.52,3772.62,0.67578125,9900,342,SI,SI,227,left,0
9901,9902,2,5744.3,5970.74,3775.6,0.32421875,9901,342,SI,SI,227,left,0
9902,9903,2,5744.28,5970.84,3776.84,0.48828125,9902,342,SI,SI,227,left,0
9903,9904,2,5743.94,5968.76,3777.6,0.37890625,9903,342,SI,SI,227,left,0
9904,9905,2,5743.04,5966.04,3778.36,0.48828125,9904,342,SI,SI,227,left,0
9905,9906,2,5742.2,5964.7,3779.5,0.48828125,9905,342,SI,SI,227,left,1
9906,9907,2,5749.22,5976.64,3771.64,0.00390625,9898,342,SI,SI,228,left,0
9907,9908,2,5751.86,5977.92,3771.66,0.32421875,9907,342,SI,SI,228,left,0
9908,9909,2,5753.54,5979.22,3771.4,0.1640625,9908,342,SI,SI,228,left,0
9909,9910,2,5755.78,5980.76,3771.56,0.21484375,9909,342,SI,SI,228,left,0
9910,9911,2,5757.32,5982.1,3771.74,0.37890625,9910,342,SI,SI,228,left,0
9911,9912,2,5760.24,5984.04,3772.14,0.40625,9911,342,SI,SI,228,left,0
9912,9913,2,5761.96,5985.46,3772.36,0.37890625,9912,342,SI,SI,228,left,0
9913,9914,2,5765.18,5986.56,3772.4,0.0078125,9913,342,SI,SI,228,left,0
9914,9915,2,5766.78,5987.06,3771.72,0.32421875,9914,342,SI,SI,228,left,0
9915,9916,2,5768.18,5988.06,3771.52,0.26953125,9915,342,SI,SI,228,left,1
9916,9917,2,5763.06,5986.5,3773.22,0.04296875,9913,342,SI,SI,229,left,0
9917,9918,2,5763.82,5988.52,3774.46,0.21484375,9917,342,SI,SI,229,left,0
9918,9919,2,5764.1,5990.58,3775.82,0.4609375,9918,342,SI,SI,229,left,0
9919,9920,2,5764.04,5992.22,3779.12,0.32421875,9919,342,SI,SI,229,left,0
9920,9921,2,5763.84,5992.34,3780.36,0.43359375,9920,342,SI,SI,229,left,0
9921,9922,2,5762.74,5992.12,3780.98,0.62109375,9921,342,SI,SI,229,left,0
9922,9923,2,5761.28,5992.32,3782.82,0.48828125,9922,342,SI,SI,229,left,0
9923,9924,2,5760.04,5992.2,3784.58,0.1640625,9923,342,SI,SI,229,left,0
9924,9925,2,5758.88,5991.92,3786.36,0.2421875,9924,342,SI,SI,229,left,0
9925,9926,2,5757.26,5992.14,3787.38,0.1640625,9925,342,SI,SI,229,left,0
9926,9927,2,5756.18,5991.88,3789.02,0.21484375,9926,342,SI,SI,229,left,0
9927,9928,2,5754.88,5991.92,3790.3,0.3515625,9927,342,SI,SI,229,left,0
9928,9929,2,5753.54,5992.24,3791.32,0.4609375,9928,342,SI,SI,229,left,0
9929,9930,2,5753.14,5992.92,3792.9,0.19140625,9929,342,SI,SI,229,left,0
9930,9931,2,5751.98,5992.52,3794.32,0.40625,9930,342,SI,SI,229,left,0
9931,9932,2,5751.34,5992.8,3795.8,0.01171875,9931,342,SI,SI,229,left,0
9932,9933,2,5751.16,5993.0,3798.42,0.59765625,9932,342,SI,SI,229,left,0
9933,9934,2,5750.94,5992.9,3800.42,0.4609375,9933,342,SI,SI,229,left,0
9934,9935,2,5750.06,5994.22,3801.92,0.21484375,9934,342,SI,SI,229,left,0
9935,9936,2,5749.32,5996.06,3803.24,0.40625,9935,342,SI,SI,229,left,0
9936,9937,2,5748.94,5997.6,3805.16,0.296875,9936,342,SI,SI,229,left,0
9937,9938,2,5748.88,5997.48,3807.06,0.48828125,9937,342,SI,SI,229,left,0
9938,9939,2,5748.68,5996.92,3808.56,0.40625,9938,342,SI,SI,229,left,0
9939,9940,2,5747.72,5996.32,3809.84,0.3515625,9939,342,SI,SI,229,left,0
9940,9941,2,5746.94,5996.42,3811.58,0.32421875,9940,342,SI,SI,229,left,0
9941,9942,2,5745.28,5997.18,3812.24,0.00390625,9941,342,SI,SI,229,left,0
9942,9943,2,5743.22,5997.46,3811.16,0.32421875,9942,342,SI,SI,229,left,0
9943,9944,2,5741.1,5996.78,3809.8,0.26953125,9943,342,SI,SI,229,left,1
9944,9945,2,5746.64,5996.88,3814.02,0.0078125,9941,342,SI,SI,230,left,0
9945,9946,2,5746.6,5996.28,3815.9,0.296875,9945,342,SI,SI,230,left,0
9946,9947,2,5746.7,5992.08,3816.94,0.6484375,9946,342,SI,SI,230,left,0
9947,9948,2,5747.34,5990.74,3817.56,0.48828125,9947,342,SI,SI,230,left,1
9948,9949,2,5745.32,5994.58,3816.92,0.515625,9946,342,SI,SI,231,left,0
9949,9950,2,5744.44,5995.34,3818.98,0.296875,9949,342,SI,SI,231,left,0
9950,9951,2,5744.38,5995.8,3820.88,0.5703125,9950,342,SI,SI,231,left,0
9951,9952,2,5743.28,5995.18,3821.68,0.00390625,9951,342,SI,SI,231,left,0
9952,9953,2,5742.24,5995.26,3823.76,0.2421875,9952,342,SI,SI,231,left,0
9953,9954,2,5742.18,5995.72,3825.62,0.43359375,9953,342,SI,SI,231,left,0
9954,9955,2,5741.48,5996.48,3827.1,0.00390625,9954,342,SI,SI,231,left,0
9955,9956,2,5741.1,5998.62,3827.86,0.296875,9955,342,SI,SI,231,left,0
9956,9957,2,5741.06,6000.78,3829.56,0.19140625,9956,342,SI,SI,231,left,0
9957,9958,2,5741.04,6002.52,3830.7,0.2421875,9957,342,SI,SI,231,left,0
9958,9959,2,5740.98,6003.26,3832.38,0.296875,9958,342,SI,SI,231,left,0
9959,9960,2,5740.92,6002.02,3834.46,0.8125,9959,342,SI,SI,231,left,0
9960,9961,2,5740.9,5999.72,3835.46,0.21484375,9960,342,SI,SI,231,left,0
9961,9962,2,5741.18,6000.32,3837.68,0.32421875,9961,342,SI,SI,231,left,0
9962,9963,2,5741.76,6001.84,3838.82,0.48828125,9962,342,SI,SI,231,left,0
9963,9964,2,5741.78,6004.28,3841.4,0.4609375,9963,342,SI,SI,231,left,0
9964,9965,2,5741.74,6005.64,3842.56,0.2421875,9964,342,SI,SI,231,left,0
9965,9966,2,5741.08,6007.92,3844.2,0.62109375,9965,342,SI,SI,231,left,0
9966,9967,2,5738.88,6008.3,3844.68,0.1640625,9966,342,SI,SI,231,left,0
9967,9968,2,5737.52,6008.52,3845.44,0.37890625,9967,342,SI,SI,231,left,0
9968,9969,2,5737.48,6009.62,3846.26,0.6484375,9968,342,SI,SI,231,left,0
9969,9970,2,5737.4,6012.02,3849.38,0.19140625,9969,342,SI,SI,231,left,0
9970,9971,2,5737.06,6013.44,3851.24,0.3515625,9970,342,SI,SI,231,left,0
9971,9972,2,5735.7,6014.44,3852.12,0.1640625,9971,342,SI,SI,231,left,0
9972,9973,2,5734.88,6017.04,3853.24,0.43359375,9972,342,SI,SI,231,left,0
9973,9974,2,5733.76,6017.8,3853.32,0.703125,9973,342,SI,SI,231,left,0
9974,9975,2,5733.1,6019.52,3854.44,0.21484375,9974,342,SI,SI,231,left,0
9975,9976,2,5732.7,6020.3,3855.94,0.4609375,9975,342,SI,SI,231,left,0
9976,9977,2,5731.4,6020.76,3856.32,0.1640625,9976,342,SI,SI,231,left,0
9977,9978,2,5730.94,6021.52,3857.36,0.48828125,9977,342,SI,SI,231,left,0
9978,9979,2,5729.86,6023.44,3859.22,0.515625,9978,342,SI,SI,231,left,0
9979,9980,2,5728.3,6025.48,3860.52,0.21484375,9979,342,SI,SI,231,left,0
9980,9981,2,5726.94,6026.48,3861.52,0.40625,9980,342,SI,SI,231,left,0
9981,9982,2,5726.6,6029.16,3863.6,0.21484375,9981,342,SI,SI,231,left,0
9982,9983,2,5726.56,6031.1,3864.68,0.1640625,9982,342,SI,SI,231,left,0
9983,9984,2,5724.98,6031.88,3865.96,0.2421875,9983,342,SI,SI,231,left,0
9984,9985,2,5724.4,6033.96,3867.26,0.6484375,9984,342,SI,SI,231,left,0
9985,9986,2,5724.34,6036.16,3868.98,0.21484375,9985,342,SI,SI,231,left,0
9986,9987,2,5724.26,6037.04,3871.48,0.00390625,9986,342,SI,SI,231,left,0
9987,9988,2,5724.22,6036.2,3872.96,0.2421875,9987,342,SI,SI,231,left,0
9988,9989,2,5722.22,6036.28,3873.68,0.37890625,9988,342,SI,SI,231,left,0
9989,9990,2,5721.68,6036.36,3876.16,0.00390625,9989,342,SI,SI,231,left,0
9990,9991,2,5720.22,6034.92,3876.46,0.3515625,9990,342,SI,SI,231,left,0
9991,9992,2,5718.94,6034.3,3877.18,0.5703125,9991,342,SI,SI,231,left,0
9992,9993,2,5718.62,6032.42,3877.7,0.67578125,9992,342,SI,SI,231,left,0
9993,9994,2,5717.14,6030.04,3878.06,0.703125,9993,342,SI,SI,231,left,0
9994,9995,2,5716.32,6026.78,3879.34,0.48828125,9994,342,SI,SI,231,left,0
9995,9996,2,5715.62,6025.44,3880.78,0.515625,9995,342,SI,SI,231,left,0
9996,9997,2,5715.54,6024.22,3882.98,0.54296875,9996,342,SI,SI,231,left,0
9997,9998,2,5715.24,6022.84,3883.72,0.4609375,9997,342,SI,SI,231,left,0
9998,9999,2,5713.92,6021.66,3884.52,0.296875,9998,342,SI,SI,231,left,0
9999,10000,2,5713.34,6020.56,3886.16,0.48828125,9999,342,SI,SI,231,left,0
10000,10001,2,5711.06,6019.36,3888.0,0.5703125,10000,342,SI,SI,231,left,0
10001,10002,2,5709.14,6018.76,3888.78,0.19140625,10001,342,SI,SI,231,left,0
10002,10003,2,5707.7,6018.5,3889.68,0.2421875,10002,342,SI,SI,231,left,0
10003,10004,2,5706.6,6018.32,3890.76,0.40625,10003,342,SI,SI,231,left,0
10004,10005,2,5705.2,6018.1,3891.48,0.48828125,10004,342,SI,SI,231,left,0
10005,10006,2,5702.56,6018.14,3892.88,0.59765625,10005,342,SI,SI,231,left,0
10006,10007,2,5700.88,6018.02,3893.3,0.32421875,10006,342,SI,SI,231,left,0
10007,10008,2,5698.3,6017.1,3894.48,0.00390625,10007,342,SI,SI,231,left,0
10008,10009,2,5697.14,6015.22,3894.92,0.19140625,10008,342,SI,SI,231,left,0
10009,10010,2,5695.16,6013.58,3894.86,0.296875,10009,342,SI,SI,231,left,0
10010,10011,2,5693.4,6013.04,3895.14,0.32421875,10010,342,SI,SI,231,left,0
10011,10012,2,5693.2,6011.22,3897.24,0.67578125,10011,342,SI,SI,231,left,0
10012,10013,2,5693.16,6009.14,3898.78,0.1640625,10012,342,SI,SI,231,left,0
10013,10014,2,5691.06,6009.82,3900.98,0.26953125,10013,342,SI,SI,231,left,0
10014,10015,2,5689.94,6009.56,3901.92,0.5703125,10014,342,SI,SI,231,left,0
10015,10016,2,5689.96,6001.22,3902.68,0.296875,10015,342,SI,SI,231,left,0
10016,10017,2,5689.98,5998.96,3902.2,0.54296875,10016,342,SI,SI,231,left,0
10017,10018,2,5690.12,5996.54,3898.74,0.67578125,10017,342,SI,SI,231,left,0
10018,10019,2,5689.66,5995.88,3897.3,0.921875,10018,342,SI,SI,231,left,0
10019,10020,2,5688.42,5994.76,3896.68,1.0546875,10019,342,SI,SI,231,left,0
10020,10021,2,5688.14,5992.04,3896.7,1.625,10020,342,SI,SI,231,left,0
10021,10022,2,5688.12,5989.62,3897.88,1.109375,10021,342,SI,SI,231,left,0
10022,10023,2,5688.1,5988.34,3899.0,0.21484375,10022,342,SI,SI,231,left,0
10023,10024,2,5687.8,5987.38,3901.12,0.43359375,10023,342,SI,SI,231,left,0
10024,10025,2,5686.62,5987.02,3901.68,0.37890625,10024,342,SI,SI,231,left,0
10025,10026,2,5685.88,5986.34,3903.46,0.4609375,10025,342,SI,SI,231,left,0
10026,10027,2,5685.84,5985.98,3905.2,0.48828125,10026,342,SI,SI,231,left,0
10027,10028,2,5685.76,5984.82,3907.2,0.26953125,10027,342,SI,SI,231,left,0
10028,10029,2,5685.6,5983.74,3908.48,0.37890625,10028,342,SI,SI,231,left,0
10029,10030,2,5684.7,5983.16,3908.76,0.32421875,10029,342,SI,SI,231,left,1
10030,10031,2,5720.26,6037.34,3873.7,0.19140625,9989,342,SI,SI,232,left,0
10031,10032,2,5719.98,6038.64,3875.0,0.296875,10031,342,SI,SI,232,left,0
10032,10033,2,5719.9,6040.36,3877.5,0.32421875,10032,342,SI,SI,232,left,0
10033,10034,2,5719.66,6042.44,3881.6,0.3515625,10033,342,SI,SI,232,left,0
10034,10035,2,5718.64,6042.58,3883.26,0.2421875,10034,342,SI,SI,232,left,0
10035,10036,2,5717.36,6045.04,3889.98,0.40625,10035,342,SI,SI,232,left,0
10036,10037,2,5716.74,6045.56,3891.5,0.1640625,10036,342,SI,SI,232,left,0
10037,10038,2,5715.56,6047.14,3894.06,0.296875,10037,342,SI,SI,232,left,0
10038,10039,2,5714.28,6047.82,3895.6,0.1640625,10038,342,SI,SI,232,left,0
10039,10040,2,5713.12,6046.96,3896.32,0.62109375,10039,342,SI,SI,232,left,0
10040,10041,2,5712.52,6047.0,3898.16,0.26953125,10040,342,SI,SI,232,left,0
10041,10042,2,5711.86,6047.2,3899.58,0.48828125,10041,342,SI,SI,232,left,0
10042,10043,2,5709.6,6047.88,3900.96,0.0078125,10042,342,SI,SI,232,left,0
10043,10044,2,5707.82,6048.38,3902.0,0.32421875,10043,342,SI,SI,232,left,0
10044,10045,2,5705.82,6047.74,3903.22,0.1640625,10044,342,SI,SI,232,left,0
10045,10046,2,5704.54,6047.02,3904.32,0.40625,10045,342,SI,SI,232,left,0
10046,10047,2,5703.48,6046.9,3905.42,0.19140625,10046,342,SI,SI,232,left,0
10047,10048,2,5701.2,6047.28,3906.4,0.32421875,10047,342,SI,SI,232,left,0
10048,10049,2,5700.14,6047.3,3907.42,0.19140625,10048,342,SI,SI,232,left,0
10049,10050,2,5699.98,6047.62,3909.04,0.40625,10049,342,SI,SI,232,left,0
10050,10051,2,5698.8,6048.24,3910.84,0.2421875,10050,342,SI,SI,232,left,0
10051,10052,2,5697.86,6048.56,3912.06,0.3515625,10051,342,SI,SI,232,left,0
10052,10053,2,5695.88,6048.42,3914.3,0.296875,10052,342,SI,SI,232,left,0
10053,10054,2,5695.14,6048.46,3915.64,0.2421875,10053,342,SI,SI,232,left,0
10054,10055,2,5693.6,6048.36,3916.9,0.48828125,10054,342,SI,SI,232,left,0
10055,10056,2,5693.0,6047.86,3918.48,0.3515625,10055,342,SI,SI,232,left,0
10056,10057,2,5691.66,6048.04,3919.72,0.1640625,10056,342,SI,SI,232,left,0
10057,10058,2,5689.44,6048.28,3920.78,0.32421875,10057,342,SI,SI,232,left,0
10058,10059,2,5688.62,6048.08,3922.2,0.21484375,10058,342,SI,SI,232,left,0
10059,10060,2,5687.48,6047.9,3923.42,0.43359375,10059,342,SI,SI,232,left,0
10060,10061,2,5686.82,6048.5,3925.14,0.32421875,10060,342,SI,SI,232,left,0
10061,10062,2,5685.06,6048.6,3927.36,0.3515625,10061,342,SI,SI,232,left,0
10062,10063,2,5684.4,6049.12,3928.94,0.48828125,10062,342,SI,SI,232,left,0
10063,10064,2,5682.96,6049.2,3929.72,0.37890625,10063,342,SI,SI,232,left,0
10064,10065,2,5681.94,6049.62,3930.96,0.19140625,10064,342,SI,SI,232,left,0
10065,10066,2,5680.62,6050.38,3931.58,0.40625,10065,342,SI,SI,232,left,0
10066,10067,2,5679.88,6050.98,3932.88,0.19140625,10066,342,SI,SI,232,left,0
10067,10068,2,5678.4,6050.8,3933.84,0.21484375,10067,342,SI,SI,232,left,0
10068,10069,2,5678.06,6051.16,3934.88,0.32421875,10068,342,SI,SI,232,left,0
10069,10070,2,5678.02,6049.58,3936.06,0.00390625,10069,342,SI,SI,232,left,0
10070,10071,2,5677.92,6047.6,3938.66,0.67578125,10070,342,SI,SI,232,left,0
10071,10072,2,5678.46,6045.62,3939.46,0.5703125,10071,342,SI,SI,232,left,0
10072,10073,2,5679.72,6044.96,3939.78,0.32421875,10072,342,SI,SI,232,left,1
10073,10074,2,5676.06,6051.76,3935.34,0.00390625,10069,342,SI,SI,233,left,0
10074,10075,2,5675.86,6053.52,3937.32,0.296875,10074,342,SI,SI,233,left,0
10075,10076,2,5675.12,6054.24,3938.68,0.32421875,10075,342,SI,SI,233,left,0
10076,10077,2,5673.48,6055.12,3939.36,0.21484375,10076,342,SI,SI,233,left,0
10077,10078,2,5671.96,6055.78,3940.18,0.19140625,10077,342,SI,SI,233,left,0
10078,10079,2,5670.12,6057.68,3941.44,0.00390625,10078,342,SI,SI,233,left,0
10079,10080,2,5668.96,6058.6,3942.88,0.48828125,10079,342,SI,SI,233,left,0
10080,10081,2,5667.04,6058.52,3943.94,0.19140625,10080,342,SI,SI,233,left,0
10081,10082,2,5665.48,6058.42,3945.08,0.296875,10081,342,SI,SI,233,left,0
10082,10083,2,5664.86,6058.98,3946.8,0.01171875,10082,342,SI,SI,233,left,0
10083,10084,2,5663.72,6059.52,3948.48,0.3515625,10083,342,SI,SI,233,left,0
10084,10085,2,5662.32,6059.88,3950.0,0.1640625,10084,342,SI,SI,233,left,0
10085,10086,2,5661.12,6060.22,3951.1,0.32421875,10085,342,SI,SI,233,left,0
10086,10087,2,5659.84,6061.28,3951.56,0.1640625,10086,342,SI,SI,233,left,0
10087,10088,2,5658.1,6062.18,3952.7,0.0078125,10087,342,SI,SI,233,left,0
10088,10089,2,5656.24,6062.32,3954.7,0.40625,10088,342,SI,SI,233,left,0
10089,10090,2,5654.72,6063.34,3956.86,0.32421875,10089,342,SI,SI,233,left,0
10090,10091,2,5653.78,6063.62,3957.98,0.21484375,10090,342,SI,SI,233,left,0
10091,10092,2,5652.22,6063.48,3958.36,0.703125,10091,342,SI,SI,233,left,0
10092,10093,2,5651.22,6064.54,3960.02,0.26953125,10092,342,SI,SI,233,left,0
10093,10094,2,5649.6,6065.24,3961.1,0.43359375,10093,342,SI,SI,233,left,0
10094,10095,2,5647.74,6066.26,3962.02,0.48828125,10094,342,SI,SI,233,left,0
10095,10096,2,5644.6,6067.48,3963.24,0.00390625,10095,342,SI,SI,233,left,0
10096,10097,2,5643.3,6068.72,3964.62,0.26953125,10096,342,SI,SI,233,left,0
10097,10098,2,5642.18,6070.52,3966.08,0.8125,10097,342,SI,SI,233,left,0
10098,10099,2,5641.62,6071.66,3968.42,0.43359375,10098,342,SI,SI,233,left,0
10099,10100,2,5640.28,6071.08,3969.06,0.2421875,10099,342,SI,SI,233,left,0
10100,10101,2,5639.5,6072.16,3973.4,0.40625,10100,342,SI,SI,233,left,0
10101,10102,2,5638.6,6072.82,3975.24,0.6484375,10101,342,SI,SI,233,left,0
10102,10103,2,5636.66,6073.22,3976.82,0.32421875,10102,342,SI,SI,233,left,0
10103,10104,2,5636.2,6074.06,3978.82,0.6484375,10103,342,SI,SI,233,left,0
10104,10105,2,5635.22,6074.24,3979.58,0.40625,10104,342,SI,SI,233,left,0
10105,10106,2,5632.72,6073.86,3979.58,0.7578125,10105,342,SI,SI,233,left,0
10106,10107,2,5630.4,6073.82,3980.3,0.43359375,10106,342,SI,SI,233,left,0
10107,10108,2,5629.56,6074.44,3981.98,0.43359375,10107,342,SI,SI,233,left,0
10108,10109,2,5627.28,6074.68,3983.2,0.3515625,10108,342,SI,SI,233,left,0
10109,10110,2,5625.62,6075.04,3983.7,0.40625,10109,342,SI,SI,233,left,0
10110,10111,2,5624.1,6075.64,3985.16,0.00390625,10110,342,SI,SI,233,left,0
10111,10112,2,5621.44,6075.78,3985.84,0.40625,10111,342,SI,SI,233,left,0
10112,10113,2,5620.5,6076.82,3987.7,0.37890625,10112,342,SI,SI,233,left,0
10113,10114,2,5618.84,6077.3,3989.22,0.43359375,10113,342,SI,SI,233,left,0
10114,10115,2,5617.16,6077.28,3989.74,0.37890625,10114,342,SI,SI,233,left,0
10115,10116,2,5616.16,6078.18,3991.02,0.2421875,10115,342,SI,SI,233,left,0
10116,10117,2,5614.78,6079.14,3992.18,0.32421875,10116,342,SI,SI,233,left,0
10117,10118,2,5612.52,6079.32,3993.3,0.515625,10117,342,SI,SI,233,left,0
10118,10119,2,5611.42,6078.88,3994.5,0.48828125,10118,342,SI,SI,233,left,0
10119,10120,2,5608.52,6077.96,3995.5,0.40625,10119,342,SI,SI,233,left,0
10120,10121,2,5606.32,6077.36,3996.2,0.37890625,10120,342,SI,SI,233,left,0
10121,10122,2,5604.44,6076.96,3996.72,0.19140625,10121,342,SI,SI,233,left,0
10122,10123,2,5602.98,6077.68,3998.0,0.21484375,10122,342,SI,SI,233,left,0
10123,10124,2,5601.02,6077.62,3998.52,0.21484375,10123,342,SI,SI,233,left,0
10124,10125,2,5599.42,6077.86,3999.54,0.43359375,10124,342,SI,SI,233,left,0
10125,10126,2,5597.4,6078.4,4000.4,0.2421875,10125,342,SI,SI,233,left,0
10126,10127,2,5595.7,6078.84,4001.52,0.32421875,10126,342,SI,SI,233,left,0
10127,10128,2,5593.6,6078.8,4002.08,0.2421875,10127,342,SI,SI,233,left,0
10128,10129,2,5593.0,6080.1,4004.84,0.2421875,10128,342,SI,SI,233,left,0
10129,10130,2,5592.12,6080.96,4006.14,0.515625,10129,342,SI,SI,233,left,0
10130,10131,2,5590.92,6080.48,4006.48,0.19140625,10130,342,SI,SI,233,left,0
10131,10132,2,5590.72,6080.2,4008.62,0.00390625,10131,342,SI,SI,233,left,0
10132,10133,2,5590.54,6080.44,4011.76,0.2421875,10132,342,SI,SI,233,left,0
10133,10134,2,5590.46,6079.94,4013.62,0.4609375,10133,342,SI,SI,233,left,0
10134,10135,2,5590.3,6080.06,4016.58,0.54296875,10134,342,SI,SI,233,left,0
10135,10136,2,5590.18,6080.18,4018.84,0.8671875,10135,342,SI,SI,233,left,0
10136,10137,2,5590.04,6079.76,4021.64,0.515625,10136,342,SI,SI,233,left,0
10137,10138,2,5589.92,6079.3,4024.08,0.48828125,10137,342,SI,SI,233,left,0
10138,10139,2,5589.82,6078.24,4026.38,0.62109375,10138,342,SI,SI,233,left,0
10139,10140,2,5589.82,6077.38,4027.98,0.515625,10139,342,SI,SI,233,left,0
10140,10141,2,5590.52,6077.16,4028.52,0.296875,10140,342,SI,SI,233,left,0
10141,10142,2,5592.0,6077.26,4029.98,0.00390625,10141,342,SI,SI,233,left,0
10142,10143,2,5593.98,6076.38,4031.42,0.5703125,10142,342,SI,SI,233,left,0
10143,10144,2,5595.68,6075.88,4032.16,0.5703125,10143,342,SI,SI,233,left,0
10144,10145,2,5597.48,6075.04,4033.54,0.40625,10144,342,SI,SI,233,left,0
10145,10146,2,5598.6,6074.62,4035.58,0.37890625,10145,342,SI,SI,233,left,0
10146,10147,2,5599.64,6073.4,4037.26,0.62109375,10146,342,SI,SI,233,left,0
10147,10148,2,5599.7,6071.64,4038.98,0.296875,10147,342,SI,SI,233,left,0
10148,10149,2,5600.18,6070.92,4040.02,0.2421875,10148,342,SI,SI,233,left,0
10149,10150,2,5602.3,6072.42,4040.28,0.5703125,10149,342,SI,SI,233,left,0
10150,10151,2,5603.6,6074.0,4040.62,0.2421875,10150,342,SI,SI,233,left,0
10151,10152,2,5605.2,6072.82,4041.06,0.01171875,10151,342,SI,SI,233,left,0
10152,10153,2,5606.06,6070.6,4041.92,1.08203125,10152,342,SI,SI,233,left,0
10153,10154,2,5608.56,6070.04,4042.56,0.6484375,10153,342,SI,SI,233,left,0
10154,10155,2,5610.68,6069.52,4042.84,0.5703125,10154,342,SI,SI,233,left,0
10155,10156,2,5611.66,6068.46,4043.2,0.62109375,10155,342,SI,SI,233,left,0
10156,10157,2,5614.14,6068.68,4043.6,0.296875,10156,342,SI,SI,233,left,0
10157,10158,2,5615.7,6068.2,4043.8,0.1640625,10157,342,SI,SI,233,left,0
10158,10159,2,5616.72,6066.1,4044.08,0.1640625,10158,342,SI,SI,233,left,0
10159,10160,2,5617.94,6065.32,4044.88,0.32421875,10159,342,SI,SI,233,left,0
10160,10161,2,5619.34,6065.64,4045.96,0.0078125,10160,342,SI,SI,233,left,0
10161,10162,2,5621.24,6065.76,4046.62,0.48828125,10161,342,SI,SI,233,left,0
10162,10163,2,5623.04,6064.88,4047.02,0.1640625,10162,342,SI,SI,233,left,0
10163,10164,2,5625.12,6064.5,4047.26,0.21484375,10163,342,SI,SI,233,left,0
10164,10165,2,5626.56,6064.28,4047.44,0.40625,10164,342,SI,SI,233,left,0
10165,10166,2,5628.38,6064.76,4048.58,0.67578125,10165,342,SI,SI,233,left,0
10166,10167,2,5629.54,6065.36,4049.6,0.43359375,10166,342,SI,SI,233,left,0
10167,10168,2,5631.24,6065.08,4050.16,0.78515625,10167,342,SI,SI,233,left,0
10168,10169,2,5632.76,6063.9,4050.36,0.37890625,10168,342,SI,SI,233,left,0
10169,10170,2,5633.76,6062.46,4049.2,0.54296875,10169,342,SI,SI,233,left,0
10170,10171,2,5633.3,6060.92,4048.22,0.2421875,10170,342,SI,SI,233,left,0
10171,10172,2,5633.8,6062.36,4049.32,0.0078125,10171,342,SI,SI,233,left,0
10172,10173,2,5633.74,6061.12,4050.96,0.62109375,10172,342,SI,SI,233,left,0
10173,10174,2,5633.88,6059.8,4052.22,0.59765625,10173,342,SI,SI,233,left,0
10174,10175,2,5635.4,6059.18,4053.34,0.59765625,10174,342,SI,SI,233,left,0
10175,10176,2,5636.4,6056.74,4053.78,0.8125,10175,342,SI,SI,233,left,0
10176,10177,2,5638.28,6055.24,4054.06,0.4609375,10176,342,SI,SI,233,left,0
10177,10178,2,5639.86,6054.82,4053.72,0.19140625,10177,342,SI,SI,233,left,0
10178,10179,2,5640.04,6054.34,4052.5,0.40625,10178,342,SI,SI,233,left,0
10179,10180,2,5639.88,6054.54,4055.82,0.7578125,10179,342,SI,SI,233,left,0
10180,10181,2,5641.36,6053.06,4056.38,0.296875,10180,342,SI,SI,233,left,0
10181,10182,2,5643.36,6053.0,4056.36,0.54296875,10181,342,SI,SI,233,left,0
10182,10183,2,5645.68,6053.08,4056.5,0.48828125,10182,342,SI,SI,233,left,0
10183,10184,2,5648.02,6053.24,4056.06,0.4609375,10183,342,SI,SI,233,left,0
10184,10185,2,5649.86,6052.48,4055.28,0.1640625,10184,342,SI,SI,233,left,0
10185,10186,2,5650.44,6049.72,4055.3,0.4609375,10185,342,SI,SI,233,left,0
10186,10187,2,5650.8,6047.54,4054.3,0.32421875,10186,342,SI,SI,233,left,0
10187,10188,2,5652.06,6045.88,4053.28,0.921875,10187,342,SI,SI,233,left,0
10188,10189,2,5654.22,6044.68,4052.82,0.32421875,10188,342,SI,SI,233,left,0
10189,10190,2,5655.56,6042.94,4053.52,0.32421875,10189,342,SI,SI,233,left,0
10190,10191,2,5655.1,6040.14,4054.0,0.32421875,10190,342,SI,SI,233,left,0
10191,10192,2,5656.06,6037.46,4054.28,0.515625,10191,342,SI,SI,233,left,1
