,ID,type,AP,DV,ML,R,parent,area_ID,area_name,name_use,bratch_ID,side,terminal
0,1,1,6587.22,5895.66,2752.26,1.8671875,-1,303,BLAa,BLA,1,left,0
1,2,2,6587.08,5895.88,2750.84,0.78515625,1,303,BLAa,BLA,1,left,0
2,3,2,6587.32,5898.78,2749.5200000000004,2.4375,2,303,BLAa,BLA,1,left,0
3,4,2,6587.74,5900.36,2749.2800000000007,2.46484375,3,303,BLAa,BLA,1,left,0
4,5,2,6589.24,5901.16,2749.1399999999994,2.00390625,4,303,BLAa,BLA,1,left,0
5,6,2,6591.66,5901.54,2749.08,0.6484375,5,303,BLAa,BLA,1,left,0
6,7,2,6593.68,5901.1,2748.5200000000004,0.296875,6,303,BLAa,BLA,1,left,0
7,8,2,6594.92,5900.0,2747.540000000001,0.43359375,7,303,BLAa,BLA,1,left,0
8,9,2,6596.42,5898.7,2746.7800000000007,0.1640625,8,303,BLAa,BLA,1,left,0
9,10,2,6597.9,5898.12,2746.22,0.37890625,9,303,BLAa,BLA,1,left,0
10,11,2,6599.32,5896.88,2745.58,0.19140625,10,303,BLAa,BLA,1,left,0
11,12,2,6600.58,5895.48,2745.2000000000007,0.32421875,11,303,BLAa,BLA,1,left,0
12,13,2,6601.8,5894.36,2744.459999999999,0.2421875,12,303,BLAa,BLA,1,left,0
13,14,2,6602.64,5893.68,2743.42,0.32421875,13,303,BLAa,BLA,1,left,0
14,15,2,6603.84,5893.18,2742.42,0.2421875,14,303,BLAa,BLA,1,left,0
15,16,2,6605.28,5892.9,2741.26,0.32421875,15,303,BLAa,BLA,1,left,0
16,17,2,6606.54,5892.24,2740.6800000000003,0.296875,16,303,BLAa,BLA,1,left,0
17,18,2,6608.24,5890.88,2739.620000000001,0.54296875,17,303,BLAa,BLA,1,left,0
18,19,2,6609.12,5889.88,2738.92,0.4609375,18,303,BLAa,BLA,1,left,0
19,20,2,6611.36,5889.08,2737.98,0.01171875,19,303,BLAa,BLA,1,left,0
20,21,2,6612.34,5888.12,2736.8600000000006,0.2421875,20,303,BLAa,BLA,1,left,0
21,22,2,6614.42,5886.24,2736.040000000001,0.32421875,21,303,BLAa,BLA,1,left,0
22,23,2,6616.1,5885.1,2735.459999999999,0.4609375,22,303,BLAa,BLA,1,left,0
23,24,2,6617.66,5883.12,2735.3,0.32421875,23,303,BLAa,BLA,1,left,0
24,25,2,6619.14,5881.54,2735.459999999999,0.32421875,24,303,BLAa,BLA,1,left,0
25,26,2,6621.26,5877.78,2735.98,0.37890625,25,303,BLAa,BLA,1,left,0
26,27,2,6621.76,5877.56,2738.379999999999,0.43359375,26,303,BLAa,BLA,1,left,0
27,28,2,6620.7,5878.18,2739.3600000000006,0.19140625,27,303,BLAa,BLA,1,left,0
28,29,2,6619.28,5879.16,2740.7800000000007,0.26953125,28,303,BLAa,BLA,1,left,0
29,30,2,6617.84,5879.68,2741.620000000001,0.4609375,29,303,BLAa,BLA,1,left,0
30,31,2,6616.32,5880.1,2743.26,0.32421875,30,303,BLAa,BLA,1,left,0
31,32,2,6615.52,5880.5,2744.1000000000004,0.1640625,31,303,BLAa,BLA,1,left,0
32,33,2,6613.28,5882.18,2745.1800000000003,0.2421875,32,303,BLAa,BLA,1,left,0
33,34,2,6611.36,5884.16,2746.6000000000004,0.21484375,33,303,BLAa,BLA,1,left,0
34,35,2,6609.9,5885.64,2747.8600000000006,0.32421875,34,303,BLAa,BLA,1,left,0
35,36,2,6608.88,5886.7,2749.0599999999995,0.37890625,35,303,BLAa,BLA,1,left,0
36,37,2,6607.2,5887.88,2750.16,0.3515625,36,303,BLAa,BLA,1,left,0
37,38,2,6606.28,5888.76,2751.26,0.48828125,37,303,BLAa,BLA,1,left,0
38,39,2,6604.98,5889.78,2752.16,0.21484375,38,303,BLAa,BLA,1,left,0
39,40,2,6602.9,5891.4,2753.2800000000007,0.1640625,39,303,BLAa,BLA,1,left,0
40,41,2,6601.74,5892.48,2753.8,0.3515625,40,303,BLAa,BLA,1,left,0
41,42,2,6600.46,5893.58,2754.76,0.296875,41,303,BLAa,BLA,1,left,0
42,43,2,6598.98,5894.6,2755.540000000001,0.1640625,42,544,CEAc,CEA,1,left,0
43,44,2,6596.88,5895.84,2756.540000000001,0.296875,43,544,CEAc,CEA,1,left,0
44,45,2,6595.8,5896.74,2757.1000000000004,0.296875,44,544,CEAc,CEA,1,left,0
45,46,2,6594.14,5897.44,2757.2000000000007,0.32421875,45,544,CEAc,CEA,1,left,0
46,47,2,6591.84,5898.14,2757.3,0.6484375,46,544,CEAc,CEA,1,left,0
47,48,2,6591.3,5899.42,2758.5,0.1640625,47,544,CEAc,CEA,1,left,0
48,49,2,6588.94,5899.74,2758.2800000000007,0.00390625,48,544,CEAc,CEA,1,left,0
49,50,2,6587.68,5901.5,2758.7000000000007,0.515625,49,544,CEAc,CEA,1,left,0
50,51,2,6587.66,5902.64,2760.42,0.40625,50,544,CEAc,CEA,1,left,0
51,52,2,6586.14,5904.12,2761.6800000000003,0.26953125,51,544,CEAc,CEA,1,left,0
52,53,2,6584.68,5905.06,2762.5200000000004,0.40625,52,544,CEAc,CEA,1,left,0
53,54,2,6583.72,5905.82,2763.72,0.32421875,53,544,CEAc,CEA,1,left,0
54,55,2,6582.16,5906.68,2765.0200000000004,0.00390625,54,544,CEAc,CEA,1,left,0
55,56,2,6580.42,5907.78,2766.42,0.4609375,55,544,CEAc,CEA,1,left,0
56,57,2,6578.9,5908.96,2767.879999999999,0.4609375,56,544,CEAc,CEA,1,left,0
57,58,2,6577.74,5909.8,2769.1000000000004,0.43359375,57,544,CEAc,CEA,1,left,0
58,59,2,6576.26,5911.18,2770.540000000001,0.26953125,58,544,CEAc,CEA,1,left,0
59,60,2,6574.84,5912.46,2771.4400000000005,0.1640625,59,544,CEAc,CEA,1,left,0
60,61,2,6573.86,5913.64,2772.0200000000004,0.26953125,60,544,CEAc,CEA,1,left,0
61,62,2,6572.58,5915.02,2771.9400000000005,0.32421875,61,544,CEAc,CEA,1,left,0
62,63,2,6571.14,5916.4,2772.1399999999994,0.3515625,62,544,CEAc,CEA,1,left,0
63,64,2,6570.14,5917.58,2772.879999999999,0.19140625,63,544,CEAc,CEA,1,left,0
64,65,2,6568.36,5919.52,2774.16,0.37890625,64,544,CEAc,CEA,1,left,0
65,66,2,6567.32,5920.78,2775.16,0.21484375,65,544,CEAc,CEA,1,left,0
66,67,2,6566.82,5922.14,2776.34,0.00390625,66,544,CEAc,CEA,1,left,0
67,68,2,6565.84,5923.86,2777.74,0.21484375,67,544,CEAc,CEA,1,left,0
68,69,2,6564.64,5925.12,2778.7000000000007,0.48828125,68,544,CEAc,CEA,1,left,0
69,70,3,6587.66,5895.74,2754.76,0.046875,1,303,BLAa,BLA,2,left,0
70,71,3,6588.54,5895.98,2755.959999999999,3.38671875,70,544,CEAc,CEA,2,left,0
71,72,3,6589.22,5897.94,2756.0599999999995,3.57421875,71,544,CEAc,CEA,2,left,0
72,73,3,6590.74,5899.38,2755.82,2.51953125,72,544,CEAc,CEA,2,left,0
73,74,3,6592.46,5902.14,2755.5,1.35546875,73,544,CEAc,CEA,2,left,0
74,75,3,6593.48,5907.42,2754.959999999999,1.81640625,74,303,BLAa,BLA,2,left,0
75,76,3,6593.94,5909.04,2754.8,1.02734375,75,303,BLAa,BLA,2,left,0
76,77,3,6595.44,5909.5,2755.48,1.1640625,76,303,BLAa,BLA,2,left,0
77,78,3,6597.9,5909.38,2756.08,1.3828125,77,303,BLAa,BLA,2,left,0
78,79,3,6585.74,5895.7,2752.16,0.3125,1,303,BLAa,BLA,3,left,0
79,80,3,6583.78,5895.82,2752.120000000001,2.7890625,79,303,BLAa,BLA,3,left,0
80,81,3,6582.1,5895.9,2752.120000000001,3.05859375,80,303,BLAa,BLA,3,left,0
81,82,3,6580.54,5897.54,2751.8600000000006,3.68359375,81,303,BLAa,BLA,3,left,0
82,83,3,6579.74,5900.7,2751.5200000000004,3.359375,82,303,BLAa,BLA,3,left,0
83,84,3,6578.84,5902.44,2752.120000000001,1.94921875,83,303,BLAa,BLA,3,left,0
84,85,3,6578.52,5906.58,2751.879999999999,0.73046875,84,303,BLAa,BLA,3,left,0
85,86,3,6577.38,5909.24,2751.48,1.19140625,85,303,BLAa,BLA,3,left,0
86,87,3,6576.38,5911.36,2751.16,0.89453125,86,303,BLAa,BLA,3,left,0
87,88,3,6576.36,5915.02,2750.58,0.94921875,87,303,BLAa,BLA,3,left,0
88,89,3,6576.52,5916.38,2750.379999999999,0.8125,88,303,BLAa,BLA,3,left,0
89,90,3,6574.28,5916.84,2750.3,0.046875,89,303,BLAa,BLA,3,left,0
90,91,3,6572.2,5917.98,2750.7000000000007,0.62109375,90,303,BLAa,BLA,3,left,0
91,92,3,6571.18,5919.68,2751.26,0.43359375,91,303,BLAa,BLA,3,left,0
92,93,3,6569.62,5921.88,2751.8600000000006,0.43359375,92,303,BLAa,BLA,3,left,0
93,94,3,6568.18,5923.52,2751.959999999999,0.5703125,93,303,BLAa,BLA,3,left,0
94,95,3,6568.06,5925.7,2752.2000000000007,0.67578125,94,303,BLAa,BLA,3,left,0
95,96,3,6567.52,5927.74,2752.24,0.54296875,95,303,BLAa,BLA,3,left,0
96,97,3,6566.0,5929.0,2752.08,0.73046875,96,303,BLAa,BLA,3,left,0
97,98,3,6564.98,5930.44,2752.3,0.6484375,97,303,BLAa,BLA,3,left,0
98,99,3,6564.1,5931.56,2753.2000000000007,0.2421875,98,303,BLAa,BLA,3,left,0
99,100,3,6563.5,5934.6,2754.26,0.78515625,99,303,BLAa,BLA,3,left,0
100,101,3,6563.14,5936.1,2755.48,0.83984375,100,303,BLAa,BLA,3,left,0
101,102,3,6562.22,5937.44,2756.6399999999994,0.48828125,101,303,BLAa,BLA,3,left,0
102,103,3,6561.58,5939.04,2756.959999999999,0.67578125,102,303,BLAa,BLA,3,left,0
103,104,3,6559.78,5939.34,2757.0599999999995,0.07421875,103,303,BLAa,BLA,3,left,0
104,105,3,6558.32,5939.72,2757.5,0.515625,104,303,BLAa,BLA,3,left,0
105,106,3,6557.4,5941.26,2758.5,0.73046875,105,303,BLAa,BLA,3,left,0
106,107,3,6557.08,5943.32,2759.459999999999,0.515625,106,303,BLAa,BLA,3,left,0
107,108,3,6556.24,5944.88,2760.9400000000005,0.8125,107,303,BLAa,BLA,3,left,0
108,109,3,6554.58,5945.2,2761.3600000000006,1.109375,108,303,BLAa,BLA,3,left,0
109,110,3,6554.04,5948.14,2761.24,0.0078125,109,303,BLAa,BLA,3,left,0
110,111,3,6552.78,5949.64,2761.26,0.6484375,110,303,BLAa,BLA,3,left,0
111,112,3,6552.64,5950.9,2762.32,0.5703125,111,303,BLAa,BLA,3,left,0
112,113,3,6551.82,5951.84,2763.74,0.6484375,112,303,BLAa,BLA,3,left,0
113,114,3,6550.04,5953.68,2764.32,0.59765625,113,303,BLAa,BLA,3,left,0
114,115,3,6549.5,5956.12,2764.42,0.62109375,114,303,BLAa,BLA,3,left,0
115,116,3,6548.6,5958.08,2765.0200000000004,0.59765625,115,303,BLAa,BLA,3,left,0
116,117,3,6547.48,5959.46,2765.82,0.59765625,116,303,BLAa,BLA,3,left,0
117,118,3,6545.38,5961.26,2767.040000000001,0.54296875,117,303,BLAa,BLA,3,left,0
118,119,3,6544.3,5962.52,2768.2000000000007,0.78515625,118,303,BLAa,BLA,3,left,0
119,120,3,6544.0,5963.56,2769.5,0.921875,119,303,BLAa,BLA,3,left,0
120,121,3,6542.62,5964.86,2770.379999999999,0.515625,120,303,BLAa,BLA,3,left,0
121,122,3,6540.7,5966.58,2771.4,0.4609375,121,303,BLAa,BLA,3,left,0
122,123,3,6540.66,5967.72,2771.6000000000004,0.6484375,122,303,BLAa,BLA,3,left,0
123,124,3,6538.76,5968.08,2772.0200000000004,0.0234375,123,303,BLAa,BLA,3,left,0
124,125,3,6537.88,5969.06,2773.040000000001,0.5703125,124,303,BLAa,BLA,3,left,0
125,126,3,6537.0,5970.88,2773.5200000000004,0.73046875,125,303,BLAa,BLA,3,left,0
126,127,3,6535.26,5972.72,2774.16,0.6484375,126,303,BLAa,BLA,3,left,0
127,128,3,6533.96,5973.76,2775.0,0.32421875,127,477,STR,STR,3,left,0
128,129,3,6533.38,5974.98,2776.3600000000006,0.4609375,128,477,STR,STR,3,left,0
129,130,3,6532.74,5975.72,2777.82,0.59765625,129,477,STR,STR,3,left,0
130,131,3,6530.96,5975.88,2779.379999999999,0.43359375,130,477,STR,STR,3,left,0
131,132,3,6529.96,5976.02,2781.120000000001,0.40625,131,477,STR,STR,3,left,0
132,133,3,6528.1,5976.12,2781.74,0.78515625,132,477,STR,STR,3,left,0
133,134,3,6527.66,5976.22,2782.82,0.62109375,133,477,STR,STR,3,left,0
134,135,3,6585.74,5895.7,2752.16,0.3125,1,303,BLAa,BLA,4,left,0
135,136,3,6583.22,5895.84,2752.120000000001,3.4140625,135,303,BLAa,BLA,4,left,0
136,137,3,6581.12,5895.96,2752.1000000000004,3.1953125,136,303,BLAa,BLA,4,left,0
137,138,3,6579.54,5896.06,2752.1000000000004,2.03125,137,303,BLAa,BLA,4,left,0
138,139,3,6578.06,5896.2,2753.120000000001,1.94921875,138,303,BLAa,BLA,4,left,0
139,140,3,6576.98,5896.32,2754.16,1.328125,139,303,BLAa,BLA,4,left,0
140,141,3,6576.92,5896.68,2757.459999999999,0.5703125,140,544,CEAc,CEA,4,left,0
141,142,3,6576.78,5897.08,2759.040000000001,0.8671875,141,544,CEAc,CEA,4,left,0
142,143,3,6575.46,5897.26,2759.8600000000006,0.78515625,142,544,CEAc,CEA,4,left,0
143,144,3,6575.28,5897.96,2761.6399999999994,0.73046875,143,544,CEAc,CEA,4,left,0
144,145,3,6574.76,5899.0,2763.9400000000005,0.62109375,144,544,CEAc,CEA,4,left,0
145,146,3,6574.44,5899.14,2765.84,1.00390625,145,544,CEAc,CEA,4,left,0
146,147,3,6573.46,5899.96,2767.16,1.109375,146,544,CEAc,CEA,4,left,0
147,148,3,6572.58,5901.12,2768.1399999999994,0.921875,147,544,CEAc,CEA,4,left,0
148,149,3,6571.38,5901.82,2768.879999999999,0.83984375,148,544,CEAc,CEA,4,left,0
149,150,3,6571.4,5903.34,2768.7800000000007,0.73046875,149,544,CEAc,CEA,4,left,0
150,151,3,6568.56,5904.34,2769.3,0.00390625,150,544,CEAc,CEA,4,left,0
151,152,3,6566.1,5905.88,2769.120000000001,0.59765625,151,544,CEAc,CEA,4,left,0
152,153,3,6564.78,5907.56,2768.8600000000006,0.3515625,152,544,CEAc,CEA,4,left,0
153,154,3,6563.5,5909.14,2769.6000000000004,0.703125,153,544,CEAc,CEA,4,left,0
154,155,3,6563.56,5909.72,2771.120000000001,1.2734375,154,544,CEAc,CEA,4,left,0
155,156,3,6561.48,5910.0,2772.9400000000005,0.59765625,155,544,CEAc,CEA,4,left,0
156,157,3,6559.76,5910.16,2774.08,0.73046875,156,544,CEAc,CEA,4,left,0
157,158,3,6557.86,5910.34,2775.32,0.703125,157,544,CEAc,CEA,4,left,0
158,159,3,6556.9,5910.42,2776.120000000001,0.67578125,158,544,CEAc,CEA,4,left,0
159,160,3,6554.94,5910.46,2777.1399999999994,0.32421875,159,544,CEAc,CEA,4,left,0
160,161,3,6554.26,5910.32,2778.9,0.6484375,160,544,CEAc,CEA,4,left,0
161,162,3,6552.2,5910.42,2780.0599999999995,0.6484375,161,544,CEAc,CEA,4,left,0
162,163,3,6550.72,5910.52,2780.6399999999994,0.703125,162,544,CEAc,CEA,4,left,0
163,164,3,6548.36,5910.96,2780.9,0.0390625,163,544,CEAc,CEA,4,left,0
164,165,3,6546.96,5912.46,2781.26,0.67578125,164,544,CEAc,CEA,4,left,0
165,166,3,6545.64,5915.04,2781.120000000001,0.54296875,165,544,CEAc,CEA,4,left,0
166,167,3,6544.56,5916.1,2781.4,0.37890625,166,544,CEAc,CEA,4,left,0
167,168,3,6542.94,5917.0,2781.84,0.83984375,167,544,CEAc,CEA,4,left,0
168,169,3,6541.62,5917.86,2782.76,0.67578125,168,544,CEAc,CEA,4,left,0
169,170,3,6540.2,5917.98,2783.5599999999995,0.40625,169,544,CEAc,CEA,4,left,0
170,171,3,6537.86,5918.14,2784.58,0.8125,170,544,CEAc,CEA,4,left,0
171,172,3,6536.24,5918.26,2785.459999999999,0.48828125,171,544,CEAc,CEA,4,left,0
172,173,3,6533.02,5918.26,2786.620000000001,0.4609375,172,544,CEAc,CEA,4,left,0
173,174,3,6531.28,5918.12,2787.6000000000004,0.7578125,173,544,CEAc,CEA,4,left,0
174,175,3,6528.8,5918.2,2788.0599999999995,0.62109375,174,544,CEAc,CEA,4,left,0
175,176,3,6526.8,5918.58,2788.5200000000004,0.0234375,175,544,CEAc,CEA,4,left,0
176,177,3,6525.64,5919.88,2788.82,0.59765625,176,544,CEAc,CEA,4,left,0
177,178,3,6522.6,5920.94,2789.1000000000004,0.67578125,177,544,CEAc,CEA,4,left,0
178,179,3,6520.7,5921.0,2789.1800000000003,0.21484375,178,544,CEAc,CEA,4,left,0
179,180,3,6519.08,5921.08,2789.42,0.62109375,179,544,CEAc,CEA,4,left,0
180,181,3,6517.08,5921.18,2789.76,0.59765625,180,544,CEAc,CEA,4,left,0
181,182,3,6515.16,5921.54,2790.3,0.7578125,181,544,CEAc,CEA,4,left,0
182,183,3,6513.32,5922.46,2790.5,0.1640625,182,544,CEAc,CEA,4,left,0
183,184,3,6511.06,5923.56,2790.7000000000007,0.59765625,183,544,CEAc,CEA,4,left,0
184,185,3,6508.46,5923.98,2790.92,1.02734375,184,544,CEAc,CEA,4,left,0
185,186,3,6506.78,5924.04,2790.92,0.59765625,185,544,CEAc,CEA,4,left,0
186,187,2,6562.32,5925.96,2779.08,0.00390625,69,544,CEAc,CEA,5,left,0
187,188,2,6560.12,5926.96,2779.6800000000003,0.3515625,187,544,CEAc,CEA,5,left,0
188,189,2,6558.72,5927.68,2780.5200000000004,0.296875,188,544,CEAc,CEA,5,left,0
189,190,2,6556.72,5929.1,2781.26,0.296875,189,544,CEAc,CEA,5,left,0
190,191,2,6555.02,5931.02,2781.42,0.1640625,190,544,CEAc,CEA,5,left,0
191,192,2,6554.74,5932.88,2781.8,0.37890625,191,544,CEAc,CEA,5,left,0
192,193,2,6554.92,5935.26,2782.26,0.00390625,192,544,CEAc,CEA,5,left,0
193,194,2,6553.24,5938.0,2782.22,0.43359375,193,544,CEAc,CEA,5,left,0
194,195,2,6552.16,5940.02,2781.66,0.37890625,194,544,CEAc,CEA,5,left,0
195,196,2,6550.62,5941.18,2781.1800000000003,0.43359375,195,544,CEAc,CEA,5,left,0
196,197,2,6549.54,5943.3,2781.4,0.00390625,196,544,CEAc,CEA,5,left,0
197,198,2,6547.7,5945.68,2781.5200000000004,0.7578125,197,544,CEAc,CEA,5,left,0
198,199,2,6547.06,5947.26,2782.6800000000003,0.296875,198,544,CEAc,CEA,5,left,0
199,200,2,6545.72,5948.6,2783.8,0.26953125,199,544,CEAc,CEA,5,left,0
200,201,2,6544.4,5949.7,2784.959999999999,0.43359375,200,544,CEAc,CEA,5,left,0
201,202,2,6543.52,5950.56,2785.879999999999,0.3515625,201,544,CEAc,CEA,5,left,0
202,203,2,6542.68,5952.44,2786.08,0.2421875,202,544,CEAc,CEA,5,left,0
203,204,2,6541.9,5954.98,2786.76,0.19140625,203,544,CEAc,CEA,5,left,0
204,205,2,6539.84,5957.4,2787.5599999999995,0.515625,204,544,CEAc,CEA,5,left,0
205,206,2,6539.22,5957.7,2788.120000000001,0.40625,205,544,CEAc,CEA,5,left,0
206,207,2,6564.74,5927.14,2781.22,0.00390625,69,544,CEAc,CEA,6,left,0
207,208,2,6564.3,5928.26,2782.3600000000006,0.43359375,207,544,CEAc,CEA,6,left,0
208,209,2,6564.24,5931.36,2783.879999999999,0.00390625,208,544,CEAc,CEA,6,left,0
209,210,2,6563.98,5933.04,2785.2000000000007,0.3515625,209,544,CEAc,CEA,6,left,0
210,211,2,6565.22,5934.4,2786.58,0.515625,210,544,CEAc,CEA,6,left,0
211,212,2,6565.68,5936.66,2788.2800000000007,0.32421875,211,544,CEAc,CEA,6,left,0
212,213,2,6565.12,5937.98,2788.6800000000003,0.43359375,212,544,CEAc,CEA,6,left,0
213,214,2,6565.36,5940.24,2789.7000000000007,0.3515625,213,544,CEAc,CEA,6,left,0
214,215,2,6565.8,5943.8,2791.32,0.32421875,214,544,CEAc,CEA,6,left,0
215,216,2,6565.04,5945.78,2791.9,0.40625,215,544,CEAc,CEA,6,left,0
216,217,2,6564.64,5949.64,2792.72,0.21484375,216,544,CEAc,CEA,6,left,0
217,218,2,6564.32,5951.66,2793.42,0.3515625,217,544,CEAc,CEA,6,left,0
218,219,2,6564.46,5954.92,2794.1000000000004,0.26953125,218,544,CEAc,CEA,6,left,0
219,220,2,6564.84,5957.18,2794.76,0.00390625,219,544,CEAc,CEA,6,left,0
220,221,2,6564.96,5960.02,2795.32,0.3515625,220,544,CEAc,CEA,6,left,0
221,222,2,6564.46,5960.94,2796.1000000000004,0.4609375,221,544,CEAc,CEA,6,left,0
222,223,2,6562.74,5961.42,2796.379999999999,0.0390625,222,544,CEAc,CEA,6,left,0
223,224,2,6562.02,5962.72,2797.1399999999994,0.26953125,223,544,CEAc,CEA,6,left,0
224,225,2,6561.14,5964.2,2797.8,0.32421875,224,544,CEAc,CEA,6,left,0
225,226,2,6561.0,5966.42,2798.74,0.21484375,225,544,CEAc,CEA,6,left,0
226,227,2,6560.54,5968.22,2799.0599999999995,0.296875,226,544,CEAc,CEA,6,left,0
227,228,2,6559.34,5969.44,2799.3,0.296875,227,544,CEAc,CEA,6,left,0
228,229,2,6558.34,5970.84,2799.8600000000006,0.26953125,228,544,CEAc,CEA,6,left,0
229,230,2,6557.22,5972.98,2800.0,0.21484375,229,544,CEAc,CEA,6,left,0
230,231,2,6555.92,5974.14,2800.0,0.21484375,230,544,CEAc,CEA,6,left,0
231,232,2,6553.38,5975.56,2799.959999999999,0.00390625,231,477,STR,STR,6,left,0
232,233,2,6552.16,5976.48,2800.8,0.2421875,232,477,STR,STR,6,left,0
233,234,2,6551.48,5977.66,2801.5,0.37890625,233,477,STR,STR,6,left,0
234,235,2,6550.32,5979.16,2802.66,0.21484375,234,477,STR,STR,6,left,0
235,236,2,6548.36,5980.18,2803.8,0.32421875,235,477,STR,STR,6,left,0
236,237,2,6548.12,5980.28,2805.040000000001,0.32421875,236,544,CEAc,CEA,6,left,0
237,238,2,6546.62,5981.86,2806.1800000000003,0.00390625,237,544,CEAc,CEA,6,left,0
238,239,2,6546.0,5983.66,2806.98,0.1640625,238,544,CEAc,CEA,6,left,0
239,240,2,6543.9,5984.78,2807.7000000000007,0.1640625,239,544,CEAc,CEA,6,left,0
240,241,2,6541.68,5985.24,2807.98,0.1640625,240,544,CEAc,CEA,6,left,0
241,242,2,6540.68,5986.0,2807.8600000000006,0.37890625,241,544,CEAc,CEA,6,left,0
242,243,2,6540.66,5987.66,2808.2000000000007,0.48828125,242,544,CEAc,CEA,6,left,0
243,244,2,6541.04,5989.72,2809.1800000000003,0.2421875,243,544,CEAc,CEA,6,left,0
244,245,2,6540.12,5991.5,2809.5599999999995,0.32421875,244,544,CEAc,CEA,6,left,0
245,246,2,6538.66,5995.36,2810.16,0.26953125,245,477,STR,STR,6,left,0
246,247,2,6537.74,5997.48,2810.459999999999,0.32421875,246,477,STR,STR,6,left,0
247,248,2,6536.24,5999.6,2810.7000000000007,0.48828125,247,477,STR,STR,6,left,0
248,249,2,6534.28,6000.68,2810.9400000000005,0.48828125,248,544,CEAc,CEA,6,left,0
249,250,2,6533.92,6001.28,2811.7000000000007,0.32421875,249,544,CEAc,CEA,6,left,0
250,251,2,6532.28,6002.16,2812.34,0.19140625,250,544,CEAc,CEA,6,left,0
251,252,2,6530.54,6003.18,2812.48,0.26953125,251,544,CEAc,CEA,6,left,0
252,253,2,6528.78,6005.66,2813.9,0.32421875,252,477,STR,STR,6,left,0
253,254,2,6528.14,6007.18,2814.98,0.26953125,253,477,STR,STR,6,left,0
254,255,2,6526.78,6009.1,2816.1000000000004,0.2421875,254,477,STR,STR,6,left,0
255,256,2,6525.4,6010.36,2816.84,0.26953125,255,477,STR,STR,6,left,0
256,257,2,6524.68,6011.68,2817.76,0.26953125,256,544,CEAc,CEA,6,left,0
257,258,2,6523.56,6012.74,2818.34,0.296875,257,544,CEAc,CEA,6,left,0
258,259,2,6522.36,6014.84,2818.72,0.37890625,258,544,CEAc,CEA,6,left,0
259,260,2,6521.74,6016.94,2818.74,0.296875,259,477,STR,STR,6,left,0
260,261,2,6519.96,6019.14,2819.0,0.1640625,260,477,STR,STR,6,left,0
261,262,2,6519.72,6020.46,2819.959999999999,0.26953125,261,477,STR,STR,6,left,0
262,263,2,6518.7,6021.3,2820.459999999999,0.26953125,262,477,STR,STR,6,left,0
263,264,2,6517.36,6023.48,2820.7800000000007,0.48828125,263,477,STR,STR,6,left,0
264,265,2,6516.6,6026.16,2821.2800000000007,0.32421875,264,477,STR,STR,6,left,0
265,266,2,6515.92,6028.24,2821.82,0.19140625,265,477,STR,STR,6,left,0
266,267,2,6514.78,6029.6,2821.82,0.32421875,266,477,STR,STR,6,left,0
267,268,3,6598.6,5910.88,2757.540000000001,0.078125,78,303,BLAa,BLA,7,left,0
268,269,3,6599.22,5913.22,2758.98,0.703125,268,303,BLAa,BLA,7,left,0
269,270,3,6600.46,5913.96,2760.120000000001,0.67578125,269,303,BLAa,BLA,7,left,0
270,271,3,6601.56,5915.2,2761.32,0.8125,270,303,BLAa,BLA,7,left,0
271,272,3,6602.94,5916.96,2761.9400000000005,0.89453125,271,303,BLAa,BLA,7,left,0
272,273,3,6604.54,5918.24,2763.08,0.67578125,272,303,BLAa,BLA,7,left,0
273,274,3,6605.58,5919.42,2763.42,0.48828125,273,303,BLAa,BLA,7,left,0
274,275,3,6606.42,5921.94,2764.9400000000005,0.01171875,274,303,BLAa,BLA,7,left,0
275,276,3,6607.24,5923.12,2766.0200000000004,0.6484375,275,477,STR,STR,7,left,0
276,277,3,6609.02,5923.92,2766.26,0.67578125,276,477,STR,STR,7,left,0
277,278,3,6610.38,5925.68,2767.620000000001,0.8671875,277,303,BLAa,BLA,7,left,0
278,279,3,6611.18,5926.84,2768.8600000000006,0.703125,278,303,BLAa,BLA,7,left,0
279,280,3,6613.28,5927.62,2769.0,0.703125,279,303,BLAa,BLA,7,left,0
280,281,3,6614.9,5929.74,2768.9400000000005,0.8671875,280,303,BLAa,BLA,7,left,0
281,282,3,6617.08,5931.3,2769.84,0.703125,281,303,BLAa,BLA,7,left,0
282,283,3,6619.9,5932.18,2770.1399999999994,0.6484375,282,303,BLAa,BLA,7,left,0
283,284,3,6621.78,5932.5,2770.1000000000004,0.94921875,283,303,BLAa,BLA,7,left,0
284,285,3,6623.46,5932.6,2770.1000000000004,0.703125,284,303,BLAa,BLA,7,left,0
285,286,3,6599.42,5912.34,2754.58,0.01171875,78,303,BLAa,BLA,8,left,0
286,287,3,6601.7,5913.74,2753.8600000000006,0.5703125,286,303,BLAa,BLA,8,left,0
287,288,3,6602.98,5915.22,2753.32,0.5703125,287,303,BLAa,BLA,8,left,0
288,289,3,6605.64,5916.18,2752.26,0.54296875,288,303,BLAa,BLA,8,left,0
289,290,3,6606.84,5917.9,2751.58,0.62109375,289,303,BLAa,BLA,8,left,0
290,291,3,6608.4,5918.98,2750.72,0.3515625,290,303,BLAa,BLA,8,left,0
291,292,3,6609.16,5919.72,2749.42,0.43359375,291,303,BLAa,BLA,8,left,0
292,293,3,6610.9,5920.58,2748.9400000000005,0.4609375,292,303,BLAa,BLA,8,left,0
293,294,3,6613.06,5922.02,2748.0599999999995,0.54296875,293,303,BLAa,BLA,8,left,0
294,295,3,6614.3,5923.22,2746.6399999999994,0.54296875,294,303,BLAa,BLA,8,left,0
295,296,3,6616.0,5924.26,2744.92,0.2421875,295,303,BLAa,BLA,8,left,0
296,297,3,6617.48,5925.08,2743.84,0.40625,296,303,BLAa,BLA,8,left,0
297,298,3,6618.52,5925.74,2742.74,0.40625,297,303,BLAa,BLA,8,left,0
298,299,3,6620.1,5926.06,2741.9,0.37890625,298,303,BLAa,BLA,8,left,0
299,300,3,6621.72,5926.3,2740.32,0.3515625,299,303,BLAa,BLA,8,left,0
300,301,3,6622.66,5927.0,2738.7000000000007,0.6484375,300,303,BLAa,BLA,8,left,0
301,302,3,6624.54,5928.26,2736.98,0.00390625,301,303,BLAa,BLA,8,left,0
302,303,3,6626.48,5928.92,2736.16,0.83984375,302,303,BLAa,BLA,8,left,0
303,304,3,6526.42,5979.32,2782.459999999999,0.296875,134,477,STR,STR,9,left,0
304,305,3,6525.26,5981.18,2783.4,0.4609375,304,477,STR,STR,9,left,0
305,306,3,6524.74,5982.9,2783.6800000000003,0.1640625,305,477,STR,STR,9,left,0
306,307,3,6522.86,5984.44,2783.48,0.54296875,306,477,STR,STR,9,left,0
307,308,3,6522.5,5986.26,2783.4400000000005,0.4609375,307,477,STR,STR,9,left,0
308,309,3,6521.72,5988.92,2783.1800000000003,0.67578125,308,477,STR,STR,9,left,0
309,310,3,6520.7,5990.74,2782.92,0.6484375,309,477,STR,STR,9,left,0
310,311,3,6519.18,5991.86,2782.8,0.37890625,310,477,STR,STR,9,left,0
311,312,3,6519.04,5993.42,2783.1000000000004,0.48828125,311,477,STR,STR,9,left,0
312,313,3,6517.64,5996.24,2784.16,0.43359375,312,303,BLAa,BLA,9,left,0
313,314,3,6516.5,5998.2,2784.4,0.4609375,313,303,BLAa,BLA,9,left,0
314,315,3,6514.8,5999.38,2784.459999999999,0.48828125,314,303,BLAa,BLA,9,left,0
315,316,3,6513.88,6001.74,2785.6800000000003,0.703125,315,477,STR,STR,9,left,0
316,317,3,6513.74,6003.38,2786.32,1.13671875,316,477,STR,STR,9,left,0
317,318,3,6511.24,6004.46,2786.32,0.296875,317,477,STR,STR,9,left,0
318,319,3,6509.6,6005.68,2786.620000000001,0.54296875,318,477,STR,STR,9,left,0
319,320,3,6506.96,6006.08,2787.1399999999994,0.73046875,319,477,STR,STR,9,left,0
320,321,3,6505.94,6007.84,2787.5599999999995,0.01953125,320,477,STR,STR,9,left,0
321,322,3,6504.44,6009.6,2787.84,0.6484375,321,477,STR,STR,9,left,0
322,323,3,6502.1,6010.62,2788.22,0.40625,322,477,STR,STR,9,left,0
323,324,3,6500.12,6012.12,2788.48,0.515625,323,477,STR,STR,9,left,0
324,325,3,6498.98,6013.8,2788.5,0.32421875,324,477,STR,STR,9,left,0
325,326,3,6497.64,6014.64,2788.76,0.3515625,325,477,STR,STR,9,left,0
326,327,3,6496.5,6016.72,2789.5599999999995,0.00390625,326,477,STR,STR,9,left,0
327,328,3,6494.9,6018.12,2789.5200000000004,0.4609375,327,477,STR,STR,9,left,0
328,329,3,6493.96,6018.92,2788.74,0.73046875,328,477,STR,STR,9,left,0
329,330,3,6491.9,6019.64,2788.5,0.5703125,329,477,STR,STR,9,left,0
330,331,3,6489.88,6020.14,2788.5,0.40625,330,477,STR,STR,9,left,0
331,332,3,6488.36,6020.38,2788.74,0.40625,331,477,STR,STR,9,left,0
332,333,3,6486.4,6021.2,2788.6800000000003,0.54296875,332,477,STR,STR,9,left,0
333,334,3,6484.26,6021.88,2788.8,0.4609375,333,477,STR,STR,9,left,0
334,335,3,6483.0,6022.56,2789.1399999999994,0.37890625,334,477,STR,STR,9,left,0
335,336,3,6481.38,6023.06,2789.92,0.32421875,335,477,STR,STR,9,left,0
336,337,3,6479.88,6023.42,2791.08,0.40625,336,477,STR,STR,9,left,0
337,338,3,6478.34,6023.5,2791.84,0.4609375,337,477,STR,STR,9,left,0
338,339,3,6476.5,6023.6,2793.040000000001,0.32421875,338,477,STR,STR,9,left,0
339,340,3,6475.08,6024.06,2794.26,0.515625,339,477,STR,STR,9,left,0
340,341,3,6473.94,6024.66,2795.22,0.515625,340,544,CEAc,CEA,9,left,0
341,342,3,6472.14,6024.82,2796.4400000000005,0.54296875,341,544,CEAc,CEA,9,left,0
342,343,3,6470.48,6024.88,2796.7800000000007,0.703125,342,544,CEAc,CEA,9,left,0
343,344,3,6467.82,6024.3,2796.8,0.01171875,343,544,CEAc,CEA,9,left,0
344,345,3,6464.94,6024.02,2796.6399999999994,0.32421875,344,544,CEAc,CEA,9,left,0
345,346,3,6462.4,6024.68,2796.8,0.59765625,345,544,CEAc,CEA,9,left,0
346,347,3,6461.36,6025.52,2797.959999999999,0.32421875,346,544,CEAc,CEA,9,left,0
347,348,3,6459.04,6026.14,2799.379999999999,0.43359375,347,544,CEAc,CEA,9,left,0
348,349,3,6456.78,6026.46,2800.3600000000006,0.515625,348,544,CEAc,CEA,9,left,0
349,350,3,6455.56,6027.26,2801.2000000000007,0.296875,349,544,CEAc,CEA,9,left,0
350,351,3,6452.58,6027.38,2800.9400000000005,0.01171875,350,544,CEAc,CEA,9,left,0
351,352,3,6450.64,6027.64,2799.92,0.43359375,351,544,CEAc,CEA,9,left,0
352,353,3,6448.26,6027.78,2798.879999999999,0.43359375,352,544,CEAc,CEA,9,left,0
353,354,3,6446.38,6028.08,2798.7800000000007,0.40625,353,544,CEAc,CEA,9,left,0
354,355,3,6443.3,6028.32,2799.120000000001,0.32421875,354,544,CEAc,CEA,9,left,0
355,356,3,6441.88,6028.36,2799.459999999999,0.6484375,355,544,CEAc,CEA,9,left,0
356,357,3,6439.16,6028.38,2799.58,0.03515625,356,544,CEAc,CEA,9,left,0
357,358,3,6437.22,6027.62,2799.9,0.9765625,357,544,CEAc,CEA,9,left,0
358,359,3,6436.1,6025.84,2800.34,0.6484375,358,544,CEAc,CEA,9,left,0
359,360,3,6434.28,6024.84,2800.540000000001,0.43359375,359,544,CEAc,CEA,9,left,0
360,361,3,6431.8,6023.48,2800.7800000000007,0.21484375,360,544,CEAc,CEA,9,left,0
361,362,3,6430.3,6022.44,2800.98,0.5703125,361,544,CEAc,CEA,9,left,0
362,363,3,6428.52,6022.22,2801.040000000001,0.32421875,362,544,CEAc,CEA,9,left,0
363,364,3,6426.86,6021.88,2801.1399999999994,0.6484375,363,544,CEAc,CEA,9,left,0
364,365,3,6425.08,6021.84,2801.1800000000003,0.67578125,364,544,CEAc,CEA,9,left,0
365,366,3,6422.8,6020.72,2801.6800000000003,0.01171875,365,544,CEAc,CEA,9,left,0
366,367,3,6422.2,6018.86,2802.84,0.32421875,366,544,CEAc,CEA,9,left,0
367,368,3,6420.98,6017.38,2803.32,0.43359375,367,544,CEAc,CEA,9,left,0
368,369,3,6419.26,6016.08,2803.5599999999995,0.19140625,368,544,CEAc,CEA,9,left,0
369,370,3,6417.28,6013.86,2804.08,0.32421875,369,544,CEAc,CEA,9,left,0
370,371,3,6415.06,6012.14,2804.879999999999,0.40625,370,544,CEAc,CEA,9,left,0
371,372,3,6413.38,6011.44,2805.74,0.1640625,371,544,CEAc,CEA,9,left,0
372,373,3,6412.78,6009.86,2806.2000000000007,0.00390625,372,544,CEAc,CEA,9,left,0
373,374,3,6413.34,6008.12,2806.2800000000007,0.67578125,373,544,CEAc,CEA,9,left,0
374,375,3,6412.44,6006.66,2806.5200000000004,0.43359375,374,544,CEAc,CEA,9,left,0
375,376,3,6409.8,6004.0,2806.98,0.32421875,375,544,CEAc,CEA,9,left,0
376,377,3,6408.32,6002.18,2807.34,0.19140625,376,544,CEAc,CEA,9,left,0
377,378,3,6405.7,6001.62,2808.040000000001,0.37890625,377,544,CEAc,CEA,9,left,0
378,379,3,6403.94,6002.06,2808.6399999999994,0.40625,378,544,CEAc,CEA,9,left,0
379,380,3,6402.8,6002.9,2809.2800000000007,0.43359375,379,544,CEAc,CEA,9,left,0
380,381,3,6400.44,6003.66,2809.58,0.296875,380,544,CEAc,CEA,9,left,0
381,382,3,6399.22,6004.32,2810.0599999999995,0.43359375,381,544,CEAc,CEA,9,left,0
382,383,3,6397.24,6005.22,2810.6000000000004,0.32421875,382,544,CEAc,CEA,9,left,0
383,384,3,6395.92,6006.02,2811.22,0.2421875,383,544,CEAc,CEA,9,left,0
384,385,3,6394.68,6006.98,2812.34,0.296875,384,544,CEAc,CEA,9,left,0
385,386,3,6392.96,6007.84,2812.1800000000003,0.54296875,385,544,CEAc,CEA,9,left,0
386,387,3,6391.24,6009.66,2813.16,0.2421875,386,544,CEAc,CEA,9,left,0
387,388,3,6390.0,6010.7,2813.540000000001,0.19140625,387,544,CEAc,CEA,9,left,0
388,389,3,6389.26,6011.4,2814.58,0.3515625,388,544,CEAc,CEA,9,left,0
389,390,3,6387.94,6011.8,2815.76,0.48828125,389,544,CEAc,CEA,9,left,0
390,391,3,6385.78,6012.04,2817.16,0.32421875,390,544,CEAc,CEA,9,left,0
391,392,3,6384.34,6012.34,2818.34,0.48828125,391,544,CEAc,CEA,9,left,0
392,393,3,6383.14,6013.1,2819.1800000000003,0.37890625,392,544,CEAc,CEA,9,left,0
393,394,3,6382.04,6013.58,2819.92,0.40625,393,544,CEAc,CEA,9,left,0
394,395,3,6378.84,6013.62,2821.2000000000007,0.5703125,394,544,CEAc,CEA,9,left,0
395,396,3,6376.4,6013.64,2821.9400000000005,0.37890625,395,544,CEAc,CEA,9,left,0
396,397,3,6374.76,6013.64,2822.3,0.32421875,396,544,CEAc,CEA,9,left,0
397,398,3,6372.36,6013.1,2822.6000000000004,0.26953125,397,544,CEAc,CEA,9,left,0
398,399,3,6370.88,6012.34,2822.74,0.4609375,398,544,CEAc,CEA,9,left,0
399,400,3,6368.58,6011.26,2823.1800000000003,0.0078125,399,544,CEAc,CEA,9,left,0
400,401,3,6367.76,6009.04,2823.7000000000007,0.296875,400,544,CEAc,CEA,9,left,0
401,402,3,6366.0,6007.5,2824.16,0.21484375,401,544,CEAc,CEA,9,left,0
402,403,3,6364.18,6003.3,2824.959999999999,0.3515625,402,544,CEAc,CEA,9,left,0
403,404,3,6363.82,6001.7,2825.22,0.43359375,403,544,CEAc,CEA,9,left,0
404,405,3,6362.3,5999.86,2825.540000000001,0.32421875,404,544,CEAc,CEA,9,left,0
405,406,3,6360.98,5997.28,2825.959999999999,0.32421875,405,544,CEAc,CEA,9,left,0
406,407,3,6359.32,5995.62,2826.2800000000007,0.3515625,406,544,CEAc,CEA,9,left,0
407,408,3,6358.76,5993.52,2826.2800000000007,0.6484375,407,544,CEAc,CEA,9,left,0
408,409,3,6358.32,5990.28,2826.120000000001,0.6484375,408,544,CEAc,CEA,9,left,0
409,410,3,6358.02,5988.08,2825.879999999999,0.48828125,409,544,CEAc,CEA,9,left,0
410,411,3,6357.54,5984.4,2825.82,0.48828125,410,544,CEAc,CEA,9,left,0
411,412,3,6357.04,5981.8,2825.32,0.32421875,411,544,CEAc,CEA,9,left,0
412,413,3,6355.82,5980.66,2825.0599999999995,0.1640625,412,544,CEAc,CEA,9,left,0
413,414,3,6353.86,5979.46,2824.76,0.3515625,413,544,CEAc,CEA,9,left,0
414,415,3,6352.74,5977.72,2824.48,0.43359375,414,544,CEAc,CEA,9,left,0
415,416,3,6351.78,5973.82,2824.7000000000007,0.43359375,415,544,CEAc,CEA,9,left,0
416,417,3,6351.24,5972.08,2824.959999999999,0.43359375,416,544,CEAc,CEA,9,left,0
417,418,3,6349.98,5971.7,2824.84,0.32421875,417,544,CEAc,CEA,9,left,0
418,419,3,6350.36,5970.66,2825.42,0.01953125,418,544,CEAc,CEA,9,left,0
419,420,3,6349.92,5966.14,2826.6800000000003,0.32421875,419,544,CEAc,CEA,9,left,0
420,421,3,6349.98,5964.08,2827.7000000000007,0.37890625,420,544,CEAc,CEA,9,left,0
421,422,3,6350.98,5962.3,2828.24,0.43359375,421,544,CEAc,CEA,9,left,0
422,423,3,6352.24,5961.36,2828.22,0.37890625,422,544,CEAc,CEA,9,left,0
423,424,3,6352.48,5960.06,2827.82,0.19140625,423,544,CEAc,CEA,9,left,0
424,425,3,6351.98,5956.52,2828.26,0.19140625,424,544,CEAc,CEA,9,left,0
425,426,3,6351.14,5954.24,2829.0200000000004,0.19140625,425,544,CEAc,CEA,9,left,0
426,427,3,6350.2,5949.98,2829.4,0.1640625,426,544,CEAc,CEA,9,left,0
427,428,3,6349.34,5948.3,2829.3600000000006,0.3515625,427,544,CEAc,CEA,9,left,0
428,429,3,6348.64,5945.86,2828.959999999999,0.296875,428,544,CEAc,CEA,9,left,0
429,430,3,6348.28,5943.12,2828.82,0.21484375,429,544,CEAc,CEA,9,left,0
430,431,3,6347.12,5941.22,2828.72,0.1640625,430,544,CEAc,CEA,9,left,0
431,432,3,6345.62,5940.9,2828.16,0.40625,431,544,CEAc,CEA,9,left,0
432,433,3,6344.76,5939.46,2827.9,0.54296875,432,544,CEAc,CEA,9,left,0
433,434,3,6345.18,5937.98,2827.76,0.40625,433,544,CEAc,CEA,9,left,0
434,435,3,6344.14,5936.96,2827.6399999999994,0.43359375,434,544,CEAc,CEA,9,left,0
435,436,3,6346.1,5936.66,2827.84,0.01171875,435,544,CEAc,CEA,9,left,0
436,437,3,6345.92,5934.3,2827.959999999999,0.296875,436,544,CEAc,CEA,9,left,0
437,438,3,6344.98,5931.82,2827.5,0.59765625,437,544,CEAc,CEA,9,left,0
438,439,3,6343.84,5925.98,2828.0,0.6484375,438,544,CEAc,CEA,9,left,0
439,440,3,6343.66,5924.18,2828.459999999999,0.296875,439,544,CEAc,CEA,9,left,0
440,441,3,6343.3,5920.76,2829.26,0.26953125,440,544,CEAc,CEA,9,left,0
441,442,3,6343.16,5918.98,2830.040000000001,0.54296875,441,544,CEAc,CEA,9,left,0
442,443,3,6342.72,5914.54,2831.2000000000007,0.32421875,442,544,CEAc,CEA,9,left,0
443,444,3,6342.48,5912.06,2831.92,0.40625,443,544,CEAc,CEA,9,left,0
444,445,3,6342.1,5908.8,2833.0200000000004,0.19140625,444,544,CEAc,CEA,9,left,0
445,446,3,6341.32,5907.06,2833.4400000000005,0.62109375,445,544,CEAc,CEA,9,left,0
446,447,3,6340.34,5901.56,2834.34,0.32421875,446,544,CEAc,CEA,9,left,0
447,448,3,6340.1,5899.6,2834.48,0.48828125,447,544,CEAc,CEA,9,left,0
448,449,3,6339.54,5895.44,2834.98,0.48828125,448,544,CEAc,CEA,9,left,0
449,450,3,6338.56,5893.38,2835.34,0.21484375,449,544,CEAc,CEA,9,left,0
450,451,3,6337.74,5891.14,2835.66,0.43359375,450,544,CEAc,CEA,9,left,0
451,452,3,6336.1,5890.24,2835.4,0.40625,451,544,CEAc,CEA,9,left,0
452,453,3,6333.82,5889.44,2835.24,0.48828125,452,544,CEAc,CEA,9,left,0
453,454,3,6332.74,5888.5,2835.2800000000007,0.21484375,453,544,CEAc,CEA,9,left,0
454,455,3,6330.5,5887.78,2835.48,0.40625,454,544,CEAc,CEA,9,left,0
455,456,3,6329.36,5886.94,2835.66,0.2421875,455,544,CEAc,CEA,9,left,0
456,457,3,6326.38,5886.08,2835.879999999999,0.26953125,456,544,CEAc,CEA,9,left,0
457,458,3,6324.46,5885.26,2835.879999999999,0.40625,457,544,CEAc,CEA,9,left,0
458,459,3,6323.28,5885.08,2835.2800000000007,0.32421875,458,544,CEAc,CEA,9,left,0
459,460,3,6321.28,5883.58,2836.120000000001,0.43359375,459,544,CEAc,CEA,9,left,0
460,461,3,6318.5,5882.2,2836.16,0.1640625,460,544,CEAc,CEA,9,left,0
461,462,3,6315.84,5881.42,2836.0,0.4609375,461,544,CEAc,CEA,9,left,0
462,463,3,6313.88,5880.18,2835.379999999999,0.48828125,462,544,CEAc,CEA,9,left,0
463,464,3,6311.54,5878.62,2835.040000000001,0.43359375,463,544,CEAc,CEA,9,left,0
464,465,3,6309.7,5876.94,2835.1800000000003,0.3515625,464,544,CEAc,CEA,9,left,0
465,466,3,6308.32,5876.08,2834.5599999999995,0.48828125,465,544,CEAc,CEA,9,left,0
466,467,3,6307.72,5874.02,2833.74,0.32421875,466,544,CEAc,CEA,9,left,0
467,468,3,6307.26,5871.56,2832.74,0.32421875,467,544,CEAc,CEA,9,left,0
468,469,3,6306.22,5870.86,2831.98,0.32421875,468,544,CEAc,CEA,9,left,0
469,470,3,6304.56,5870.66,2831.8,0.32421875,469,544,CEAc,CEA,9,left,0
470,471,3,6303.06,5869.36,2831.959999999999,0.296875,470,544,CEAc,CEA,9,left,0
471,472,3,6302.24,5867.04,2832.24,0.26953125,471,544,CEAc,CEA,9,left,0
472,473,3,6300.98,5865.22,2832.4,0.296875,472,544,CEAc,CEA,9,left,0
473,474,3,6299.16,5864.42,2832.84,0.43359375,473,544,CEAc,CEA,9,left,0
474,475,3,6527.64,5974.46,2784.84,0.01171875,134,477,STR,STR,10,left,0
475,476,3,6527.2,5973.08,2786.2800000000007,0.296875,475,544,CEAc,CEA,10,left,0
476,477,3,6525.9,5972.56,2787.6800000000003,0.3515625,476,544,CEAc,CEA,10,left,0
477,478,3,6525.1,5971.46,2789.0599999999995,0.40625,477,544,CEAc,CEA,10,left,0
478,479,3,6523.9,5971.02,2790.1399999999994,0.4609375,478,544,CEAc,CEA,10,left,0
479,480,3,6522.96,5970.44,2791.5599999999995,0.26953125,479,544,CEAc,CEA,10,left,0
480,481,3,6521.14,5970.04,2792.84,0.37890625,480,544,CEAc,CEA,10,left,0
481,482,3,6519.66,5969.92,2793.92,0.43359375,481,544,CEAc,CEA,10,left,0
482,483,3,6517.9,5970.88,2794.82,0.015625,482,544,CEAc,CEA,10,left,0
483,484,3,6516.62,5971.78,2796.6800000000003,0.2421875,483,544,CEAc,CEA,10,left,0
484,485,3,6515.04,5972.26,2798.08,0.32421875,484,544,CEAc,CEA,10,left,0
485,486,3,6512.68,5972.38,2798.8,0.67578125,485,544,CEAc,CEA,10,left,0
486,487,3,6510.52,5972.72,2799.74,1.3828125,486,544,CEAc,CEA,10,left,0
487,488,3,6509.88,5974.18,2800.7800000000007,0.83984375,487,544,CEAc,CEA,10,left,0
488,489,3,6509.94,5975.14,2802.4400000000005,0.26953125,488,544,CEAc,CEA,10,left,0
489,490,3,6509.08,5975.44,2803.379999999999,0.48828125,489,544,CEAc,CEA,10,left,0
490,491,3,6507.38,5976.2,2804.22,0.296875,490,544,CEAc,CEA,10,left,0
491,492,3,6506.26,5976.4,2805.5599999999995,0.37890625,491,544,CEAc,CEA,10,left,0
492,493,3,6504.5,5976.54,2807.0200000000004,0.37890625,492,544,CEAc,CEA,10,left,0
493,494,3,6504.18,5976.38,2808.3,0.48828125,493,544,CEAc,CEA,10,left,0
494,495,3,6502.58,5975.8,2810.26,0.296875,494,544,CEAc,CEA,10,left,0
495,496,3,6500.48,5975.44,2811.6000000000004,0.26953125,495,544,CEAc,CEA,10,left,0
496,497,3,6499.72,5974.9,2812.620000000001,0.48828125,496,544,CEAc,CEA,10,left,0
497,498,3,6497.68,5974.44,2813.84,0.26953125,497,544,CEAc,CEA,10,left,0
498,499,3,6495.74,5974.44,2815.32,0.40625,498,544,CEAc,CEA,10,left,0
499,500,3,6494.68,5974.68,2816.540000000001,0.19140625,499,544,CEAc,CEA,10,left,0
500,501,3,6492.84,5975.18,2818.120000000001,0.32421875,500,544,CEAc,CEA,10,left,0
501,502,3,6491.8,5975.52,2818.66,0.4609375,501,544,CEAc,CEA,10,left,0
502,503,3,6490.04,5975.78,2819.540000000001,0.32421875,502,544,CEAc,CEA,10,left,0
503,504,3,6488.04,5975.88,2820.22,0.296875,503,544,CEAc,CEA,10,left,0
504,505,3,6486.64,5975.96,2820.9,0.32421875,504,544,CEAc,CEA,10,left,0
505,506,3,6484.6,5976.06,2821.92,0.32421875,505,544,CEAc,CEA,10,left,0
506,507,3,6483.06,5976.14,2822.5599999999995,0.43359375,506,544,CEAc,CEA,10,left,0
507,508,3,6481.72,5976.74,2823.1800000000003,0.0234375,507,544,CEAc,CEA,10,left,0
508,509,3,6478.82,5977.76,2824.22,0.515625,508,544,CEAc,CEA,10,left,0
509,510,3,6477.58,5978.74,2825.459999999999,0.32421875,509,544,CEAc,CEA,10,left,0
510,511,3,6475.68,5979.3,2826.4400000000005,0.296875,510,544,CEAc,CEA,10,left,0
511,512,3,6473.66,5979.68,2827.16,0.40625,511,544,CEAc,CEA,10,left,0
512,513,3,6472.4,5980.86,2828.120000000001,0.296875,512,544,CEAc,CEA,10,left,0
513,514,3,6471.54,5982.28,2829.379999999999,0.1640625,513,544,CEAc,CEA,10,left,0
514,515,3,6469.52,5984.38,2830.5200000000004,0.4609375,514,544,CEAc,CEA,10,left,0
515,516,3,6468.56,5986.3,2831.2000000000007,0.3515625,515,544,CEAc,CEA,10,left,0
516,517,3,6467.58,5987.74,2831.58,0.40625,516,544,CEAc,CEA,10,left,0
517,518,3,6465.96,5988.26,2832.1000000000004,0.32421875,517,544,CEAc,CEA,10,left,0
518,519,3,6465.14,5989.58,2832.6000000000004,0.19140625,518,544,CEAc,CEA,10,left,0
519,520,3,6463.56,5991.26,2832.98,0.1640625,519,544,CEAc,CEA,10,left,0
520,521,3,6462.14,5993.44,2833.5200000000004,0.48828125,520,544,CEAc,CEA,10,left,0
521,522,3,6460.62,5994.46,2833.879999999999,0.54296875,521,544,CEAc,CEA,10,left,0
522,523,3,6458.36,5996.1,2834.22,0.015625,522,544,CEAc,CEA,10,left,0
523,524,3,6456.98,5997.64,2834.5,0.26953125,523,544,CEAc,CEA,10,left,0
524,525,3,6455.7,5998.62,2834.8600000000006,0.32421875,524,544,CEAc,CEA,10,left,0
525,526,3,6454.92,6000.68,2835.7000000000007,0.48828125,525,544,CEAc,CEA,10,left,0
526,527,3,6453.16,6002.64,2836.2000000000007,0.32421875,526,544,CEAc,CEA,10,left,0
527,528,3,6452.22,6004.82,2836.459999999999,0.296875,527,544,CEAc,CEA,10,left,0
528,529,3,6450.42,6006.64,2836.459999999999,0.19140625,528,544,CEAc,CEA,10,left,0
529,530,3,6448.56,6008.0,2836.5,0.40625,529,544,CEAc,CEA,10,left,0
530,531,3,6448.32,6010.46,2837.16,0.48828125,530,544,CEAc,CEA,10,left,0
531,532,3,6447.5,6011.28,2837.5599999999995,0.32421875,531,544,CEAc,CEA,10,left,0
532,533,3,6445.26,6013.58,2838.92,0.00390625,532,544,CEAc,CEA,10,left,0
533,534,3,6444.84,6015.12,2840.0,0.32421875,533,544,CEAc,CEA,10,left,0
534,535,3,6444.02,6016.38,2841.040000000001,0.37890625,534,544,CEAc,CEA,10,left,0
535,536,3,6442.4,6016.88,2842.2000000000007,0.40625,535,544,CEAc,CEA,10,left,0
536,537,3,6441.78,6016.92,2843.76,0.1640625,536,544,CEAc,CEA,10,left,0
537,538,3,6441.0,6016.08,2845.24,0.32421875,537,544,CEAc,CEA,10,left,0
538,539,3,6439.54,6015.18,2846.620000000001,0.40625,538,544,CEAc,CEA,10,left,0
539,540,3,6439.14,6013.9,2847.92,0.43359375,539,544,CEAc,CEA,10,left,0
540,541,3,6438.64,6011.44,2849.48,0.32421875,540,544,CEAc,CEA,10,left,0
541,542,3,6437.24,6009.92,2850.6399999999994,0.48828125,541,544,CEAc,CEA,10,left,0
542,543,3,6436.54,6007.52,2852.5,0.32421875,542,544,CEAc,CEA,10,left,0
543,544,3,6435.84,6006.32,2853.16,0.37890625,543,544,CEAc,CEA,10,left,0
544,545,3,6435.26,6003.12,2855.08,0.2421875,544,544,CEAc,CEA,10,left,0
545,546,3,6434.74,6000.84,2856.8,0.32421875,545,544,CEAc,CEA,10,left,0
546,547,3,6433.96,5999.22,2858.16,0.4609375,546,544,CEAc,CEA,10,left,0
547,548,3,6432.6,5997.38,2859.16,0.48828125,547,544,CEAc,CEA,10,left,0
548,549,3,6431.86,5997.74,2859.5,0.19140625,548,544,CEAc,CEA,10,left,0
549,550,3,6430.56,5994.5,2861.32,0.1640625,549,544,CEAc,CEA,10,left,0
550,551,3,6429.28,5991.88,2862.34,0.19140625,550,544,CEAc,CEA,10,left,0
551,552,3,6428.84,5989.68,2862.879999999999,0.40625,551,544,CEAc,CEA,10,left,0
552,553,3,6427.36,5987.44,2862.9400000000005,0.21484375,552,544,CEAc,CEA,10,left,0
553,554,3,6426.22,5985.98,2862.7800000000007,0.40625,553,544,CEAc,CEA,10,left,0
554,555,3,6423.96,5984.86,2862.4,0.4609375,554,544,CEAc,CEA,10,left,0
555,556,3,6422.36,5984.12,2862.16,0.59765625,555,544,CEAc,CEA,10,left,0
556,557,3,6420.54,5982.72,2862.26,0.26953125,556,544,CEAc,CEA,10,left,0
557,558,3,6419.24,5981.94,2862.2000000000007,0.32421875,557,544,CEAc,CEA,10,left,0
558,559,3,6417.24,5980.98,2862.2800000000007,0.32421875,558,544,CEAc,CEA,10,left,0
559,560,3,6415.26,5980.28,2862.6399999999994,0.296875,559,544,CEAc,CEA,10,left,0
560,561,3,6414.0,5978.92,2864.0,0.2421875,560,544,CEAc,CEA,10,left,0
561,562,3,6412.46,5977.84,2865.0,0.2421875,561,544,CEAc,CEA,10,left,0
562,563,3,6410.5,5977.06,2865.84,0.48828125,562,544,CEAc,CEA,10,left,0
563,564,3,6408.98,5976.0,2866.6800000000003,0.296875,563,544,CEAc,CEA,10,left,0
564,565,3,6407.06,5975.32,2867.26,0.0078125,564,544,CEAc,CEA,10,left,0
565,566,3,6404.78,5974.6,2867.84,0.296875,565,544,CEAc,CEA,10,left,0
566,567,3,6403.22,5974.6,2868.5599999999995,0.2421875,566,544,CEAc,CEA,10,left,0
567,568,3,6399.98,5974.62,2869.040000000001,0.40625,567,544,CEAc,CEA,10,left,0
568,569,3,6397.42,5974.52,2869.1800000000003,0.26953125,568,544,CEAc,CEA,10,left,0
569,570,3,6396.08,5974.02,2869.92,0.26953125,569,544,CEAc,CEA,10,left,0
570,571,3,6393.86,5973.28,2871.0,0.3515625,570,544,CEAc,CEA,10,left,0
571,572,3,6392.8,5972.62,2872.1399999999994,0.21484375,571,544,CEAc,CEA,10,left,0
572,573,3,6390.66,5972.44,2873.26,0.32421875,572,544,CEAc,CEA,10,left,0
573,574,3,6388.98,5972.16,2874.48,0.40625,573,544,CEAc,CEA,10,left,0
574,575,3,6387.76,5971.7,2875.4,0.26953125,574,544,CEAc,CEA,10,left,0
575,576,3,6387.08,5971.74,2876.8,0.26953125,575,544,CEAc,CEA,10,left,0
576,577,3,6385.04,5970.9,2878.5,0.00390625,576,544,CEAc,CEA,10,left,0
577,578,3,6383.14,5970.46,2879.6000000000004,0.37890625,577,544,CEAc,CEA,10,left,0
578,579,3,6382.46,5970.52,2880.5,0.21484375,578,544,CEAc,CEA,10,left,0
579,580,3,6380.06,5970.62,2882.22,0.3515625,579,544,CEAc,CEA,10,left,0
580,581,3,6378.9,5970.68,2883.2800000000007,0.2421875,580,544,CEAc,CEA,10,left,0
581,582,3,6377.3,5970.72,2884.120000000001,0.40625,581,544,CEAc,CEA,10,left,0
582,583,3,6376.32,5970.38,2886.040000000001,0.32421875,582,544,CEAc,CEA,10,left,0
583,584,3,6375.2,5969.92,2887.5200000000004,0.296875,583,544,CEAc,CEA,10,left,0
584,585,3,6374.08,5969.44,2888.72,0.4609375,584,544,CEAc,CEA,10,left,0
585,586,3,6373.12,5969.1,2890.24,0.43359375,585,544,CEAc,CEA,10,left,0
586,587,3,6371.54,5969.22,2892.08,0.21484375,586,544,CEAc,CEA,10,left,0
587,588,3,6370.92,5969.42,2893.32,0.37890625,587,544,CEAc,CEA,10,left,0
588,589,3,6369.6,5969.46,2894.2000000000007,0.32421875,588,544,CEAc,CEA,10,left,0
589,590,3,6369.26,5969.62,2896.08,0.40625,589,544,CEAc,CEA,10,left,0
590,591,3,6368.64,5969.74,2897.540000000001,0.3515625,590,544,CEAc,CEA,10,left,0
591,592,3,6368.8,5970.72,2899.6399999999994,0.26953125,591,544,CEAc,CEA,10,left,0
592,593,3,6368.4,5971.36,2901.08,0.2421875,592,544,CEAc,CEA,10,left,0
593,594,3,6368.08,5970.34,2902.540000000001,0.1640625,593,544,CEAc,CEA,10,left,0
594,595,3,6367.9,5966.98,2904.66,0.3515625,594,544,CEAc,CEA,10,left,0
595,596,3,6367.46,5964.76,2905.84,0.21484375,595,544,CEAc,CEA,10,left,0
596,597,3,6365.94,5964.14,2906.1000000000004,0.43359375,596,544,CEAc,CEA,10,left,0
597,598,3,6367.58,5963.96,2906.4400000000005,0.01171875,597,544,CEAc,CEA,10,left,0
598,599,3,6367.64,5962.08,2907.34,0.2421875,598,544,CEAc,CEA,10,left,0
599,600,3,6368.0,5958.92,2908.6399999999994,0.21484375,599,544,CEAc,CEA,10,left,0
600,601,3,6368.4,5957.3,2909.6800000000003,0.43359375,600,544,CEAc,CEA,10,left,0
601,602,3,6368.42,5955.52,2911.3600000000006,0.19140625,601,544,CEAc,CEA,10,left,0
602,603,3,6368.3,5953.14,2913.0599999999995,0.48828125,602,544,CEAc,CEA,10,left,0
603,604,3,6367.5,5951.62,2913.98,0.19140625,603,544,CEAc,CEA,10,left,0
604,605,3,6367.0,5949.0,2914.84,0.62109375,604,544,CEAc,CEA,10,left,0
605,606,3,6366.54,5943.6,2916.120000000001,0.32421875,605,544,CEAc,CEA,10,left,0
606,607,3,6366.9,5942.08,2916.1800000000003,0.1640625,606,544,CEAc,CEA,10,left,0
607,608,3,6368.12,5941.38,2915.959999999999,0.19140625,607,544,CEAc,CEA,10,left,0
608,609,3,6368.12,5939.48,2915.16,0.48828125,608,544,CEAc,CEA,10,left,0
609,610,3,6367.62,5938.56,2913.540000000001,0.48828125,609,544,CEAc,CEA,10,left,0
610,611,3,6366.06,5936.56,2912.26,0.4609375,610,544,CEAc,CEA,10,left,0
611,612,3,6364.6,5935.1,2911.459999999999,0.2421875,611,544,CEAc,CEA,10,left,0
612,613,3,6362.94,5934.26,2910.7800000000007,0.296875,612,544,CEAc,CEA,10,left,0
613,614,3,6361.06,5933.56,2910.0599999999995,0.00390625,613,544,CEAc,CEA,10,left,0
614,615,3,6358.46,5932.5,2909.1000000000004,0.26953125,614,544,CEAc,CEA,10,left,0
615,616,3,6356.88,5930.7,2908.26,0.1640625,615,544,CEAc,CEA,10,left,0
616,617,3,6355.5,5928.54,2907.0599999999995,0.54296875,616,544,CEAc,CEA,10,left,0
617,618,3,6354.72,5925.44,2906.16,0.7578125,617,544,CEAc,CEA,10,left,0
618,619,3,6354.36,5922.78,2905.7000000000007,0.2421875,618,544,CEAc,CEA,10,left,0
619,620,3,6354.02,5920.52,2905.040000000001,0.37890625,619,544,CEAc,CEA,10,left,0
620,621,3,6353.64,5917.7,2904.3600000000006,0.296875,620,544,CEAc,CEA,10,left,0
621,622,3,6353.56,5915.36,2903.3600000000006,0.43359375,621,544,CEAc,CEA,10,left,0
622,623,3,6353.92,5913.42,2902.58,0.48828125,622,544,CEAc,CEA,10,left,0
623,624,3,6354.66,5912.54,2901.72,0.32421875,623,544,CEAc,CEA,10,left,0
624,625,3,6356.08,5912.22,2901.2800000000007,0.43359375,624,544,CEAc,CEA,10,left,0
625,626,3,6356.9,5910.76,2900.6000000000004,0.26953125,625,544,CEAc,CEA,10,left,0
626,627,3,6357.32,5908.46,2900.040000000001,0.32421875,626,544,CEAc,CEA,10,left,0
627,628,3,6358.1,5906.02,2899.2000000000007,0.3515625,627,544,CEAc,CEA,10,left,0
628,629,3,6358.6,5903.58,2899.0,0.26953125,628,544,CEAc,CEA,10,left,0
629,630,3,6359.22,5900.08,2898.8600000000006,0.32421875,629,544,CEAc,CEA,10,left,0
630,631,3,6360.6,5898.66,2898.5,0.19140625,630,544,CEAc,CEA,10,left,0
631,632,3,6361.3,5897.6,2898.42,0.00390625,631,544,CEAc,CEA,10,left,0
632,633,3,6361.54,5894.22,2898.22,0.19140625,632,544,CEAc,CEA,10,left,0
633,634,3,6362.5,5892.66,2897.9,0.32421875,633,544,CEAc,CEA,10,left,0
634,635,3,6363.94,5891.32,2897.16,0.3515625,634,544,CEAc,CEA,10,left,0
635,636,3,6365.74,5889.08,2896.2800000000007,0.43359375,635,544,CEAc,CEA,10,left,0
636,637,3,6367.08,5886.66,2895.5599999999995,0.32421875,636,544,CEAc,CEA,10,left,0
637,638,3,6367.76,5884.72,2894.6000000000004,0.21484375,637,544,CEAc,CEA,10,left,0
638,639,3,6367.88,5883.22,2893.72,0.19140625,638,544,CEAc,CEA,10,left,0
639,640,3,6368.38,5881.46,2893.620000000001,0.296875,639,544,CEAc,CEA,10,left,0
640,641,3,6369.4,5880.66,2892.959999999999,0.32421875,640,544,CEAc,CEA,10,left,0
641,642,3,6369.42,5879.34,2892.379999999999,0.21484375,641,544,CEAc,CEA,10,left,0
642,643,3,6371.0,5877.98,2891.620000000001,0.26953125,642,544,CEAc,CEA,10,left,0
643,644,3,6371.42,5876.24,2890.540000000001,0.2421875,643,544,CEAc,CEA,10,left,0
644,645,3,6372.06,5875.1,2889.72,0.3515625,644,544,CEAc,CEA,10,left,0
645,646,3,6373.04,5874.34,2888.0200000000004,0.59765625,645,544,CEAc,CEA,10,left,0
646,647,3,6374.26,5872.24,2887.32,0.54296875,646,544,CEAc,CEA,10,left,0
647,648,3,6374.74,5869.82,2887.48,0.48828125,647,544,CEAc,CEA,10,left,0
648,649,3,6375.4,5868.96,2885.92,0.4609375,648,544,CEAc,CEA,10,left,0
649,650,3,6376.02,5868.58,2884.42,0.3515625,649,544,CEAc,CEA,10,left,0
650,651,3,6377.5,5867.78,2883.24,0.4609375,650,544,CEAc,CEA,10,left,0
651,652,3,6377.88,5866.6,2882.42,0.48828125,651,544,CEAc,CEA,10,left,0
652,653,3,6379.18,5865.96,2882.120000000001,0.26953125,652,544,CEAc,CEA,10,left,0
653,654,3,6379.68,5864.14,2881.3600000000006,0.1640625,653,544,CEAc,CEA,10,left,0
654,655,3,6380.62,5862.46,2880.8,0.1640625,654,544,CEAc,CEA,10,left,0
655,656,3,6381.76,5861.56,2880.540000000001,0.01171875,655,544,CEAc,CEA,10,left,0
656,657,3,6383.36,5860.08,2880.72,0.515625,656,544,CEAc,CEA,10,left,0
657,658,3,6383.88,5858.04,2880.7800000000007,0.54296875,657,544,CEAc,CEA,10,left,0
658,659,3,6383.72,5855.6,2880.1399999999994,0.296875,658,544,CEAc,CEA,10,left,0
659,660,3,6384.2,5854.34,2879.6000000000004,0.43359375,659,544,CEAc,CEA,10,left,0
660,661,3,6383.98,5851.46,2879.42,1.1640625,660,544,CEAc,CEA,10,left,0
661,662,3,6383.24,5850.44,2879.2000000000007,0.7578125,661,544,CEAc,CEA,10,left,0
662,663,3,6382.34,5845.76,2879.879999999999,1.19140625,662,544,CEAc,CEA,10,left,0
663,664,3,6382.1,5843.4,2880.040000000001,0.4609375,663,544,CEAc,CEA,10,left,0
664,665,3,6381.3,5839.78,2879.98,0.54296875,664,544,CEAc,CEA,10,left,0
665,666,3,6380.46,5838.06,2879.8600000000006,0.32421875,665,544,CEAc,CEA,10,left,0
666,667,3,6380.08,5833.92,2879.6399999999994,0.00390625,666,544,CEAc,CEA,10,left,0
667,668,3,6380.6,5832.3,2879.5,0.48828125,667,544,CEAc,CEA,10,left,1
668,669,3,6506.48,5924.32,2792.8,0.015625,186,544,CEAc,CEA,11,left,0
669,670,3,6505.58,5925.24,2793.879999999999,0.515625,669,544,CEAc,CEA,11,left,0
670,671,3,6504.64,5926.32,2794.5599999999995,0.7578125,670,544,CEAc,CEA,11,left,0
671,672,3,6503.4,5928.68,2795.34,0.296875,671,544,CEAc,CEA,11,left,0
672,673,3,6502.98,5929.36,2796.5,0.4609375,672,544,CEAc,CEA,11,left,0
673,674,3,6501.52,5929.76,2797.1800000000003,0.67578125,673,544,CEAc,CEA,11,left,0
674,675,3,6500.96,5930.02,2798.2800000000007,0.40625,674,544,CEAc,CEA,11,left,0
675,676,3,6499.04,5930.58,2799.6399999999994,0.40625,675,544,CEAc,CEA,11,left,0
676,677,3,6497.8,5931.2,2800.8600000000006,0.515625,676,544,CEAc,CEA,11,left,0
677,678,3,6497.58,5932.18,2802.9,0.59765625,677,544,CEAc,CEA,11,left,0
678,679,3,6496.46,5933.12,2803.5599999999995,0.1640625,678,544,CEAc,CEA,11,left,0
679,680,3,6495.02,5934.28,2804.5599999999995,0.48828125,679,544,CEAc,CEA,11,left,0
680,681,3,6493.98,5935.12,2805.08,0.48828125,680,544,CEAc,CEA,11,left,0
681,682,3,6492.04,5936.74,2805.6800000000003,0.3515625,681,544,CEAc,CEA,11,left,0
682,683,3,6490.78,5938.48,2806.26,0.3515625,682,544,CEAc,CEA,11,left,0
683,684,3,6489.78,5940.52,2806.959999999999,0.00390625,683,544,CEAc,CEA,11,left,0
684,685,3,6489.64,5942.88,2807.32,0.48828125,684,544,CEAc,CEA,11,left,0
685,686,3,6488.92,5944.56,2807.9400000000005,0.5703125,685,544,CEAc,CEA,11,left,0
686,687,3,6487.58,5945.92,2808.34,0.21484375,686,544,CEAc,CEA,11,left,0
687,688,3,6486.4,5947.52,2809.0599999999995,0.43359375,687,544,CEAc,CEA,11,left,0
688,689,3,6485.44,5948.4,2809.879999999999,0.48828125,688,544,CEAc,CEA,11,left,0
689,690,3,6484.02,5949.16,2810.4,0.2421875,689,544,CEAc,CEA,11,left,0
690,691,3,6481.62,5950.24,2810.5599999999995,0.4609375,690,544,CEAc,CEA,11,left,0
691,692,3,6480.64,5951.4,2810.620000000001,0.3515625,691,544,CEAc,CEA,11,left,0
692,693,3,6478.78,5953.08,2810.459999999999,0.40625,692,544,CEAc,CEA,11,left,0
693,694,3,6477.26,5953.54,2810.4,0.62109375,693,544,CEAc,CEA,11,left,0
694,695,3,6474.52,5953.86,2810.84,0.21484375,694,544,CEAc,CEA,11,left,0
695,696,3,6473.18,5954.58,2811.379999999999,0.40625,695,544,CEAc,CEA,11,left,0
696,697,3,6471.72,5956.02,2812.74,0.40625,696,544,CEAc,CEA,11,left,0
697,698,3,6470.9,5958.08,2814.379999999999,0.40625,697,544,CEAc,CEA,11,left,0
698,699,3,6470.32,5959.66,2815.1399999999994,0.59765625,698,544,CEAc,CEA,11,left,0
699,700,3,6470.08,5962.12,2815.42,0.00390625,699,544,CEAc,CEA,11,left,0
700,701,3,6468.92,5963.26,2816.379999999999,0.1640625,700,544,CEAc,CEA,11,left,0
701,702,3,6467.46,5963.28,2817.8600000000006,0.703125,701,544,CEAc,CEA,11,left,0
702,703,3,6465.7,5963.18,2818.9400000000005,0.3515625,702,544,CEAc,CEA,11,left,0
703,704,3,6463.56,5963.34,2819.9,0.296875,703,544,CEAc,CEA,11,left,0
704,705,3,6462.52,5963.74,2821.1800000000003,0.703125,704,544,CEAc,CEA,11,left,0
705,706,3,6460.34,5964.0,2822.7000000000007,0.67578125,705,544,CEAc,CEA,11,left,0
706,707,3,6458.26,5964.06,2823.34,0.3515625,706,544,CEAc,CEA,11,left,0
707,708,3,6455.24,5964.62,2824.0,0.37890625,707,544,CEAc,CEA,11,left,0
708,709,3,6453.16,5965.28,2824.620000000001,0.26953125,708,544,CEAc,CEA,11,left,0
709,710,3,6451.86,5966.12,2825.1000000000004,0.43359375,709,544,CEAc,CEA,11,left,0
710,711,3,6449.34,5967.46,2825.879999999999,0.48828125,710,544,CEAc,CEA,11,left,0
711,712,3,6447.54,5967.76,2826.620000000001,0.43359375,711,544,CEAc,CEA,11,left,0
712,713,3,6446.2,5967.66,2827.459999999999,0.01171875,712,544,CEAc,CEA,11,left,0
713,714,3,6444.42,5967.24,2828.879999999999,0.54296875,713,544,CEAc,CEA,11,left,0
714,715,3,6443.14,5966.82,2830.1800000000003,0.5703125,714,544,CEAc,CEA,11,left,0
715,716,3,6441.84,5966.72,2831.540000000001,0.40625,715,544,CEAc,CEA,11,left,0
716,717,3,6440.52,5966.64,2832.84,0.21484375,716,544,CEAc,CEA,11,left,0
717,718,3,6440.26,5966.12,2834.540000000001,0.6484375,717,544,CEAc,CEA,11,left,0
718,719,3,6439.2,5966.06,2836.2800000000007,0.43359375,718,544,CEAc,CEA,11,left,0
719,720,3,6437.74,5966.24,2838.0,0.48828125,719,544,CEAc,CEA,11,left,0
720,721,3,6436.44,5966.64,2839.0200000000004,0.515625,720,544,CEAc,CEA,11,left,0
721,722,3,6434.48,5966.86,2840.1000000000004,0.43359375,721,544,CEAc,CEA,11,left,0
722,723,3,6433.08,5967.14,2841.26,0.32421875,722,544,CEAc,CEA,11,left,0
723,724,3,6432.46,5967.52,2842.8600000000006,0.62109375,723,544,CEAc,CEA,11,left,0
724,725,3,6431.1,5967.62,2844.22,0.32421875,724,544,CEAc,CEA,11,left,0
725,726,3,6428.74,5967.76,2846.040000000001,0.43359375,725,544,CEAc,CEA,11,left,0
726,727,3,6427.7,5967.96,2847.5599999999995,0.2421875,726,544,CEAc,CEA,11,left,0
727,728,3,6427.02,5968.68,2848.4400000000005,0.59765625,727,544,CEAc,CEA,11,left,0
728,729,3,6425.48,5968.7,2850.0599999999995,0.0078125,728,544,CEAc,CEA,11,left,0
729,730,3,6424.1,5968.24,2851.26,0.54296875,729,544,CEAc,CEA,11,left,0
730,731,3,6422.62,5968.24,2852.66,0.7578125,730,544,CEAc,CEA,11,left,0
731,732,3,6421.46,5968.38,2854.58,0.32421875,731,544,CEAc,CEA,11,left,0
732,733,3,6420.02,5968.44,2855.84,0.3515625,732,544,CEAc,CEA,11,left,0
733,734,3,6418.98,5968.3,2857.8,0.3515625,733,544,CEAc,CEA,11,left,0
734,735,3,6417.76,5968.24,2859.8,0.54296875,734,544,CEAc,CEA,11,left,0
735,736,3,6415.68,5968.36,2861.2800000000007,0.32421875,735,544,CEAc,CEA,11,left,0
736,737,3,6414.54,5968.42,2862.16,0.32421875,736,544,CEAc,CEA,11,left,0
737,738,3,6412.74,5968.2,2863.42,0.296875,737,544,CEAc,CEA,11,left,0
738,739,3,6411.3,5967.66,2864.8,0.43359375,738,544,CEAc,CEA,11,left,0
739,740,3,6409.48,5967.14,2866.32,0.48828125,739,544,CEAc,CEA,11,left,0
740,741,3,6408.8,5966.8,2867.42,0.3515625,740,544,CEAc,CEA,11,left,0
741,742,3,6407.06,5966.42,2868.2000000000007,0.54296875,741,544,CEAc,CEA,11,left,0
742,743,3,6404.04,5965.72,2868.8,0.37890625,742,544,CEAc,CEA,11,left,0
743,744,3,6401.68,5965.08,2869.620000000001,0.3515625,743,544,CEAc,CEA,11,left,0
744,745,3,6399.86,5964.5,2870.4,0.4609375,744,544,CEAc,CEA,11,left,0
745,746,3,6397.88,5964.24,2871.540000000001,0.48828125,745,544,CEAc,CEA,11,left,0
746,747,3,6396.64,5964.26,2871.9400000000005,0.703125,746,544,CEAc,CEA,11,left,0
747,748,3,6395.16,5964.28,2872.48,0.0390625,747,544,CEAc,CEA,11,left,0
748,749,3,6393.46,5964.32,2873.2000000000007,0.32421875,748,544,CEAc,CEA,11,left,0
749,750,3,6391.52,5964.36,2873.879999999999,0.32421875,749,544,CEAc,CEA,11,left,0
750,751,3,6388.74,5964.4,2874.72,0.40625,750,544,CEAc,CEA,11,left,0
751,752,3,6387.18,5964.46,2875.7000000000007,0.32421875,751,544,CEAc,CEA,11,left,0
752,753,3,6385.06,5964.52,2876.82,0.40625,752,544,CEAc,CEA,11,left,0
753,754,3,6382.92,5964.32,2878.1000000000004,0.4609375,753,544,CEAc,CEA,11,left,0
754,755,3,6381.28,5963.84,2879.32,0.2421875,754,544,CEAc,CEA,11,left,0
755,756,3,6379.32,5964.04,2880.7800000000007,0.5703125,755,544,CEAc,CEA,11,left,0
756,757,3,6378.04,5964.82,2881.58,0.3515625,756,544,CEAc,CEA,11,left,0
757,758,3,6376.1,5965.98,2882.5,0.48828125,757,544,CEAc,CEA,11,left,0
758,759,3,6373.9,5966.32,2883.540000000001,0.32421875,758,544,CEAc,CEA,11,left,0
759,760,3,6371.64,5966.5,2884.32,0.4609375,759,544,CEAc,CEA,11,left,0
760,761,3,6369.92,5967.48,2884.7000000000007,0.43359375,760,544,CEAc,CEA,11,left,0
761,762,3,6366.9,5968.88,2885.0599999999995,0.48828125,761,544,CEAc,CEA,11,left,0
762,763,3,6365.18,5969.82,2885.5599999999995,0.4609375,762,544,CEAc,CEA,11,left,0
763,764,3,6364.16,5970.22,2886.32,0.54296875,763,544,CEAc,CEA,11,left,0
764,765,3,6363.02,5971.32,2885.0,0.296875,764,544,CEAc,CEA,11,left,0
765,766,3,6361.24,5972.36,2885.58,0.43359375,765,544,CEAc,CEA,11,left,0
766,767,3,6359.16,5972.86,2886.379999999999,0.40625,766,544,CEAc,CEA,11,left,0
767,768,3,6357.94,5974.16,2886.2800000000007,0.5703125,767,544,CEAc,CEA,11,left,0
768,769,3,6356.22,5975.5,2885.98,0.37890625,768,544,CEAc,CEA,11,left,0
769,770,3,6353.94,5976.2,2885.7000000000007,0.32421875,769,544,CEAc,CEA,11,left,0
770,771,3,6352.22,5977.44,2885.42,0.5703125,770,544,CEAc,CEA,11,left,0
771,772,3,6350.76,5978.84,2885.0599999999995,0.32421875,771,544,CEAc,CEA,11,left,0
772,773,3,6348.18,5980.04,2884.9,0.37890625,772,544,CEAc,CEA,11,left,0
773,774,3,6346.18,5981.02,2884.8,0.21484375,773,544,CEAc,CEA,11,left,0
774,775,3,6344.58,5982.16,2884.66,0.26953125,774,544,CEAc,CEA,11,left,0
775,776,3,6342.96,5983.48,2884.66,0.19140625,775,544,CEAc,CEA,11,left,0
776,777,3,6341.08,5984.14,2884.7800000000007,0.40625,776,544,CEAc,CEA,11,left,0
777,778,3,6339.46,5985.16,2884.66,0.32421875,777,544,CEAc,CEA,11,left,0
778,779,3,6337.76,5985.76,2884.7800000000007,0.4609375,778,544,CEAc,CEA,11,left,0
779,780,3,6335.94,5986.76,2884.98,0.32421875,779,544,CEAc,CEA,11,left,0
780,781,3,6334.4,5988.22,2884.959999999999,0.1640625,780,544,CEAc,CEA,11,left,0
781,782,3,6332.94,5989.04,2884.6000000000004,0.296875,781,544,CEAc,CEA,11,left,0
782,783,3,6331.06,5989.3,2884.58,0.32421875,782,544,CEAc,CEA,11,left,0
783,784,3,6329.62,5990.2,2884.3600000000006,0.37890625,783,544,CEAc,CEA,11,left,0
784,785,3,6328.46,5991.52,2883.98,0.37890625,784,544,CEAc,CEA,11,left,0
785,786,3,6326.3,5992.98,2883.8600000000006,0.1640625,785,544,CEAc,CEA,11,left,0
786,787,3,6324.54,5993.82,2884.0200000000004,0.3515625,786,544,CEAc,CEA,11,left,0
787,788,3,6323.04,5994.66,2883.959999999999,0.37890625,787,544,CEAc,CEA,11,left,0
788,789,3,6320.72,5995.64,2883.48,0.0078125,788,544,CEAc,CEA,11,left,0
789,790,3,6319.5,5996.98,2883.08,0.296875,789,544,CEAc,CEA,11,left,0
790,791,3,6318.02,5998.72,2882.959999999999,0.19140625,790,544,CEAc,CEA,11,left,0
791,792,3,6316.6,5999.5,2883.34,0.2421875,791,544,CEAc,CEA,11,left,0
792,793,3,6314.68,6000.46,2884.0,0.1640625,792,544,CEAc,CEA,11,left,0
793,794,3,6312.58,6001.8,2884.1800000000003,0.19140625,793,544,CEAc,CEA,11,left,0
794,795,3,6311.22,6003.24,2884.7000000000007,0.296875,794,544,CEAc,CEA,11,left,0
795,796,3,6310.44,6004.24,2885.8,0.59765625,795,544,CEAc,CEA,11,left,0
796,797,3,6308.02,6005.4,2887.2000000000007,0.4609375,796,544,CEAc,CEA,11,left,0
797,798,3,6306.86,6006.5,2887.6399999999994,0.1640625,797,544,CEAc,CEA,11,left,0
798,799,3,6305.54,6007.06,2889.0200000000004,0.3515625,798,544,CEAc,CEA,11,left,0
799,800,3,6303.94,6007.14,2890.620000000001,0.32421875,799,544,CEAc,CEA,11,left,0
800,801,3,6302.64,6007.36,2891.7000000000007,0.43359375,800,544,CEAc,CEA,11,left,0
801,802,3,6301.3,6007.64,2892.26,0.32421875,801,544,CEAc,CEA,11,left,0
802,803,3,6299.66,6007.68,2893.1399999999994,0.26953125,802,544,CEAc,CEA,11,left,0
803,804,3,6297.76,6008.28,2894.42,0.48828125,803,544,CEAc,CEA,11,left,0
804,805,3,6296.24,6009.02,2895.26,0.296875,804,544,CEAc,CEA,11,left,0
805,806,3,6294.88,6010.08,2896.120000000001,0.32421875,805,544,CEAc,CEA,11,left,0
806,807,3,6294.38,6011.28,2897.0,0.2421875,806,544,CEAc,CEA,11,left,0
807,808,3,6292.74,6011.62,2898.0200000000004,0.2421875,807,544,CEAc,CEA,11,left,0
808,809,3,6290.76,6012.42,2899.0,0.2421875,808,544,CEAc,CEA,11,left,0
809,810,3,6289.16,6013.0,2900.4,0.296875,809,544,CEAc,CEA,11,left,0
810,811,3,6287.6,6012.9,2901.6399999999994,0.1640625,810,544,CEAc,CEA,11,left,0
811,812,3,6284.44,6012.26,2902.98,0.37890625,811,544,CEAc,CEA,11,left,0
812,813,3,6282.94,6011.82,2903.42,0.43359375,812,544,CEAc,CEA,11,left,0
813,814,3,6281.38,6011.54,2904.540000000001,0.01171875,813,544,CEAc,CEA,11,left,0
814,815,3,6279.7,6010.94,2905.98,0.43359375,814,544,CEAc,CEA,11,left,0
815,816,3,6278.58,6010.5,2906.6399999999994,0.4609375,815,544,CEAc,CEA,11,left,0
816,817,3,6275.86,6010.18,2907.72,0.37890625,816,544,CEAc,CEA,11,left,0
817,818,3,6274.74,6010.22,2908.9,0.3515625,817,544,CEAc,CEA,11,left,0
818,819,3,6273.36,6010.24,2909.7000000000007,0.37890625,818,544,CEAc,CEA,11,left,0
819,820,3,6271.16,6010.14,2910.2800000000007,0.37890625,819,544,CEAc,CEA,11,left,0
820,821,3,6270.3,6009.42,2911.34,0.48828125,820,544,CEAc,CEA,11,left,0
821,822,3,6268.92,6008.02,2912.48,0.1640625,821,544,CEAc,CEA,11,left,0
822,823,3,6266.66,6007.36,2914.0200000000004,0.32421875,822,544,CEAc,CEA,11,left,0
823,824,3,6265.46,6006.88,2915.0599999999995,0.296875,823,544,CEAc,CEA,11,left,0
824,825,3,6262.24,6005.94,2916.0200000000004,0.3515625,824,544,CEAc,CEA,11,left,0
825,826,3,6260.54,6005.66,2916.540000000001,0.21484375,825,544,CEAc,CEA,11,left,0
826,827,3,6259.74,6004.94,2917.5200000000004,0.19140625,826,544,CEAc,CEA,11,left,0
827,828,3,6257.96,6004.54,2918.6000000000004,0.3515625,827,544,CEAc,CEA,11,left,0
828,829,3,6256.68,6004.8,2919.84,0.37890625,828,544,CEAc,CEA,11,left,0
829,830,3,6255.92,6005.12,2921.9400000000005,0.40625,829,544,CEAc,CEA,11,left,0
830,831,3,6255.08,6005.2,2923.3600000000006,0.40625,830,544,CEAc,CEA,11,left,0
831,832,3,6253.1,6005.2,2924.72,0.43359375,831,544,CEAc,CEA,11,left,0
832,833,3,6252.2,6005.28,2926.2800000000007,0.32421875,832,544,CEAc,CEA,11,left,0
833,834,3,6250.74,6005.32,2927.620000000001,0.296875,833,544,CEAc,CEA,11,left,0
834,835,3,6250.36,6005.3,2929.1000000000004,0.37890625,834,544,CEAc,CEA,11,left,0
835,836,3,6249.04,6005.0,2930.22,0.3515625,835,544,CEAc,CEA,11,left,0
836,837,3,6248.3,6005.02,2931.5,0.26953125,836,544,CEAc,CEA,11,left,0
837,838,3,6246.56,6004.96,2932.5,0.3515625,837,544,CEAc,CEA,11,left,0
838,839,3,6244.98,6004.8,2934.0599999999995,0.1640625,838,544,CEAc,CEA,11,left,0
839,840,3,6243.94,6005.28,2935.620000000001,0.21484375,839,544,CEAc,CEA,11,left,0
840,841,3,6243.14,6006.3,2937.22,0.296875,840,544,CEAc,CEA,11,left,0
841,842,3,6241.72,6006.7,2938.72,0.32421875,841,544,CEAc,CEA,11,left,0
842,843,3,6239.82,6006.64,2939.4400000000005,0.32421875,842,544,CEAc,CEA,11,left,0
843,844,3,6238.96,6006.62,2940.7000000000007,0.40625,843,544,CEAc,CEA,11,left,0
844,845,3,6239.06,6006.2,2942.26,0.43359375,844,544,CEAc,CEA,11,left,0
845,846,3,6238.4,6005.94,2943.72,0.40625,845,544,CEAc,CEA,11,left,0
846,847,3,6236.7,6005.92,2944.5200000000004,0.296875,846,544,CEAc,CEA,11,left,0
847,848,3,6235.0,6005.72,2946.42,0.4609375,847,544,CEAc,CEA,11,left,0
848,849,3,6234.06,6005.48,2947.5599999999995,0.40625,848,544,CEAc,CEA,11,left,0
849,850,3,6233.36,6006.66,2949.5,0.296875,849,544,CEAc,CEA,11,left,0
850,851,3,6232.3,6007.76,2950.5,0.21484375,850,544,CEAc,CEA,11,left,0
851,852,3,6231.08,6009.16,2950.7800000000007,0.1640625,851,544,CEAc,CEA,11,left,0
852,853,3,6228.36,6009.48,2951.0599999999995,0.1640625,852,544,CEAc,CEA,11,left,0
853,854,3,6226.14,6010.16,2950.92,0.32421875,853,544,CEAc,CEA,11,left,0
854,855,3,6225.08,6011.08,2951.379999999999,0.26953125,854,544,CEAc,CEA,11,left,0
855,856,3,6222.4,6012.88,2951.8600000000006,0.3515625,855,544,CEAc,CEA,11,left,0
856,857,3,6221.56,6013.64,2952.4400000000005,0.48828125,856,544,CEAc,CEA,11,left,0
857,858,3,6219.76,6014.98,2953.620000000001,0.40625,857,544,CEAc,CEA,11,left,0
858,859,3,6218.34,6017.16,2954.6000000000004,0.40625,858,544,CEAc,CEA,11,left,0
859,860,3,6217.02,6018.42,2955.459999999999,0.37890625,859,544,CEAc,CEA,11,left,0
860,861,3,6216.26,6019.08,2956.6800000000003,0.40625,860,544,CEAc,CEA,11,left,0
861,862,3,6215.06,6019.1,2957.6800000000003,0.3515625,861,544,CEAc,CEA,11,left,0
862,863,3,6213.44,6019.26,2958.4400000000005,0.48828125,862,544,CEAc,CEA,11,left,0
863,864,3,6212.2,6020.96,2959.32,0.40625,863,544,CEAc,CEA,11,left,0
864,865,3,6211.4,6022.76,2960.22,0.4609375,864,544,CEAc,CEA,11,left,0
865,866,3,6210.2,6025.04,2961.1800000000003,0.32421875,865,544,CEAc,CEA,11,left,0
866,867,3,6209.4,6026.64,2961.3,0.21484375,866,544,CEAc,CEA,11,left,0
867,868,3,6207.94,6027.1,2961.84,0.37890625,867,544,CEAc,CEA,11,left,0
868,869,3,6207.14,6027.88,2963.1399999999994,0.48828125,868,544,CEAc,CEA,11,left,0
869,870,3,6207.52,6029.68,2965.1800000000003,0.48828125,869,544,CEAc,CEA,11,left,0
870,871,3,6207.4,6031.26,2966.66,0.32421875,870,544,CEAc,CEA,11,left,0
871,872,3,6206.94,6032.26,2967.3600000000006,0.515625,871,544,CEAc,CEA,11,left,0
872,873,3,6206.22,6034.86,2967.8,0.00390625,872,544,CEAc,CEA,11,left,0
873,874,3,6206.26,6037.68,2968.74,0.3515625,873,544,CEAc,CEA,11,left,0
874,875,3,6205.14,6038.56,2969.32,0.1640625,874,544,CEAc,CEA,11,left,0
875,876,3,6204.8,6040.62,2969.8600000000006,0.296875,875,544,CEAc,CEA,11,left,0
876,877,3,6205.16,6043.28,2970.620000000001,0.48828125,876,544,CEAc,CEA,11,left,0
877,878,3,6205.32,6046.22,2971.16,0.3515625,877,544,CEAc,CEA,11,left,0
878,879,3,6204.3,6047.04,2972.16,0.48828125,878,544,CEAc,CEA,11,left,0
879,880,3,6203.84,6048.7,2973.22,0.73046875,879,544,CEAc,CEA,11,left,0
880,881,3,6203.92,6050.82,2973.459999999999,0.54296875,880,544,CEAc,CEA,11,left,0
881,882,3,6202.62,6051.78,2973.3,0.1640625,881,544,CEAc,CEA,11,left,0
882,883,3,6200.9,6053.7,2973.5599999999995,0.3515625,882,544,CEAc,CEA,11,left,0
883,884,3,6200.12,6055.1,2973.959999999999,0.43359375,883,544,CEAc,CEA,11,left,0
884,885,3,6198.32,6056.44,2973.7000000000007,0.3515625,884,544,CEAc,CEA,11,left,0
885,886,3,6197.58,6058.1,2973.24,0.40625,885,544,CEAc,CEA,11,left,0
886,887,3,6197.36,6060.22,2972.5,0.4609375,886,544,CEAc,CEA,11,left,0
887,888,3,6196.44,6061.18,2971.959999999999,0.32421875,887,544,CEAc,CEA,11,left,0
888,889,3,6194.5,6062.94,2971.879999999999,0.32421875,888,544,CEAc,CEA,11,left,0
889,890,3,6192.88,6064.26,2972.0200000000004,0.48828125,889,544,CEAc,CEA,11,left,0
890,891,3,6190.58,6066.18,2971.76,0.3515625,890,544,CEAc,CEA,11,left,0
891,892,3,6189.08,6067.86,2971.4,0.2421875,891,544,CEAc,CEA,11,left,0
892,893,3,6187.44,6068.78,2971.0200000000004,0.1640625,892,544,CEAc,CEA,11,left,0
893,894,3,6185.38,6069.06,2970.7800000000007,0.2421875,893,544,CEAc,CEA,11,left,0
894,895,3,6182.64,6069.76,2970.6399999999994,0.296875,894,544,CEAc,CEA,11,left,0
895,896,3,6181.66,6070.14,2970.7800000000007,0.296875,895,544,CEAc,CEA,11,left,0
896,897,3,6180.68,6071.12,2970.42,0.01171875,896,544,CEAc,CEA,11,left,0
897,898,3,6178.34,6071.82,2970.22,0.3515625,897,544,CEAc,CEA,11,left,0
898,899,3,6176.66,6071.68,2969.74,0.26953125,898,544,CEAc,CEA,11,left,0
899,900,3,6173.6,6071.08,2969.4,0.32421875,899,544,CEAc,CEA,11,left,0
900,901,3,6171.56,6070.18,2969.22,0.1640625,900,544,CEAc,CEA,11,left,0
901,902,3,6169.94,6069.24,2968.72,0.296875,901,544,CEAc,CEA,11,left,0
902,903,3,6167.8,6068.1,2968.7000000000007,0.296875,902,544,CEAc,CEA,11,left,0
903,904,3,6165.96,6067.46,2969.0,0.296875,903,544,CEAc,CEA,11,left,0
904,905,3,6164.04,6066.44,2969.1000000000004,0.515625,904,544,CEAc,CEA,11,left,0
905,906,3,6162.18,6065.14,2968.8,0.3515625,905,544,CEAc,CEA,11,left,0
906,907,3,6160.4,6064.4,2968.6000000000004,0.37890625,906,544,CEAc,CEA,11,left,0
907,908,3,6158.92,6063.58,2968.620000000001,0.32421875,907,544,CEAc,CEA,11,left,0
908,909,3,6156.4,6061.6,2968.7000000000007,0.1640625,908,544,CEAc,CEA,11,left,0
909,910,3,6154.56,6060.5,2968.48,0.3515625,909,544,CEAc,CEA,11,left,0
910,911,3,6153.2,6057.94,2968.5200000000004,0.0078125,910,544,CEAc,CEA,11,left,0
911,912,3,6151.28,6056.22,2968.7000000000007,0.32421875,911,544,CEAc,CEA,11,left,0
912,913,3,6150.06,6054.94,2968.6800000000003,0.19140625,912,544,CEAc,CEA,11,left,0
913,914,3,6147.64,6053.36,2968.82,0.37890625,913,544,CEAc,CEA,11,left,0
914,915,3,6145.74,6051.62,2968.76,0.296875,914,544,CEAc,CEA,11,left,0
915,916,3,6143.32,6050.44,2968.42,0.296875,915,544,CEAc,CEA,11,left,0
916,917,3,6141.7,6049.5,2968.1800000000003,0.21484375,916,544,CEAc,CEA,11,left,0
917,918,3,6139.56,6049.24,2967.4400000000005,0.40625,917,544,CEAc,CEA,11,left,0
918,919,3,6137.96,6050.04,2966.58,0.48828125,918,544,CEAc,CEA,11,left,0
919,920,3,6136.66,6051.2,2965.3,0.21484375,919,544,CEAc,CEA,11,left,0
920,921,3,6135.86,6052.5,2964.5599999999995,0.296875,920,544,CEAc,CEA,11,left,1
921,922,3,6505.72,5925.7,2788.82,0.01171875,186,544,CEAc,CEA,12,left,0
922,923,3,6503.6,5927.42,2788.0200000000004,0.32421875,922,544,CEAc,CEA,12,left,0
923,924,3,6502.26,5928.86,2787.5599999999995,0.40625,923,544,CEAc,CEA,12,left,0
924,925,3,6501.08,5929.58,2786.48,0.48828125,924,544,CEAc,CEA,12,left,0
925,926,3,6499.26,5930.6,2785.459999999999,0.296875,925,544,CEAc,CEA,12,left,0
926,927,3,6497.92,5931.24,2785.0,0.32421875,926,544,CEAc,CEA,12,left,0
927,928,3,6496.62,5932.0,2782.8600000000006,0.40625,927,544,CEAc,CEA,12,left,0
928,929,3,6493.94,5932.9,2781.040000000001,0.1640625,928,544,CEAc,CEA,12,left,0
929,930,3,6491.48,5933.06,2779.48,0.40625,929,544,CEAc,CEA,12,left,0
930,931,3,6490.58,5933.0,2777.6800000000003,0.40625,930,544,CEAc,CEA,12,left,0
931,932,3,6489.26,5933.18,2776.1399999999994,0.48828125,931,544,CEAc,CEA,12,left,0
932,933,3,6487.78,5933.4,2774.98,0.296875,932,544,CEAc,CEA,12,left,0
933,934,3,6486.1,5933.44,2774.2800000000007,0.37890625,933,544,CEAc,CEA,12,left,0
934,935,3,6485.88,5933.04,2772.7800000000007,0.00390625,934,544,CEAc,CEA,12,left,0
935,936,3,6485.1,5931.02,2771.5200000000004,0.2421875,935,544,CEAc,CEA,12,left,0
936,937,3,6483.46,5929.64,2770.5200000000004,0.54296875,936,544,CEAc,CEA,12,left,0
937,938,3,6482.7,5927.88,2769.9400000000005,0.32421875,937,544,CEAc,CEA,12,left,0
938,939,3,6481.62,5927.12,2769.1000000000004,0.19140625,938,544,CEAc,CEA,12,left,0
939,940,3,6479.84,5926.18,2767.959999999999,0.48828125,939,544,CEAc,CEA,12,left,0
940,941,3,6478.72,5925.32,2766.5200000000004,0.43359375,940,544,CEAc,CEA,12,left,0
941,942,3,6478.46,5924.92,2764.7800000000007,0.6484375,941,544,CEAc,CEA,12,left,0
942,943,3,6477.34,5925.06,2763.6800000000003,0.03515625,942,544,CEAc,CEA,12,left,0
943,944,3,6476.72,5925.26,2761.6399999999994,0.37890625,943,544,CEAc,CEA,12,left,0
944,945,3,6475.34,5925.2,2760.16,0.296875,944,544,CEAc,CEA,12,left,0
945,946,3,6473.58,5924.74,2757.26,0.32421875,945,544,CEAc,CEA,12,left,0
946,947,3,6472.1,5924.64,2755.620000000001,0.2421875,946,544,CEAc,CEA,12,left,0
947,948,3,6469.72,5924.52,2754.26,0.2421875,947,544,CEAc,CEA,12,left,0
948,949,3,6468.14,5923.88,2753.16,0.43359375,948,544,CEAc,CEA,12,left,0
949,950,3,6466.92,5923.52,2750.5,0.43359375,949,544,CEAc,CEA,12,left,0
950,951,3,6466.74,5923.2,2749.42,0.4609375,950,544,CEAc,CEA,12,left,0
951,952,3,6464.82,5923.06,2747.82,0.0078125,951,544,CEAc,CEA,12,left,0
952,953,3,6463.7,5923.02,2746.22,0.19140625,952,544,CEAc,CEA,12,left,0
953,954,3,6462.26,5923.0,2745.32,0.296875,953,544,CEAc,CEA,12,left,0
954,955,3,6461.74,5922.62,2744.1399999999994,0.4609375,954,544,CEAc,CEA,12,left,0
955,956,3,6461.44,5922.16,2741.9,0.21484375,955,544,CEAc,CEA,12,left,0
956,957,3,6460.78,5920.72,2739.74,0.4609375,956,544,CEAc,CEA,12,left,0
957,958,3,6459.34,5919.62,2738.8600000000006,0.32421875,957,544,CEAc,CEA,12,left,0
958,959,3,6458.34,5918.98,2737.1399999999994,0.37890625,958,544,CEAc,CEA,12,left,0
959,960,3,6457.98,5918.06,2735.120000000001,0.4609375,959,544,CEAc,CEA,12,left,0
960,961,3,6457.68,5917.4,2733.1800000000003,0.3515625,960,579,ec,ec,12,left,0
961,962,3,6457.1,5916.6,2732.08,0.40625,961,579,ec,ec,12,left,0
962,963,3,6455.84,5916.42,2731.8600000000006,0.32421875,962,579,ec,ec,12,left,0
963,964,3,6454.08,5915.3,2731.0,0.00390625,963,579,ec,ec,12,left,0
964,965,3,6452.88,5913.38,2729.959999999999,0.296875,964,579,ec,ec,12,left,0
965,966,3,6451.72,5910.08,2729.74,0.32421875,965,579,ec,ec,12,left,0
966,967,3,6450.66,5907.86,2729.620000000001,0.43359375,966,579,ec,ec,12,left,0
967,968,3,6449.48,5905.72,2729.7800000000007,0.6484375,967,579,ec,ec,12,left,0
968,969,3,6448.8,5902.86,2730.4,0.21484375,968,579,ec,ec,12,left,0
969,970,3,6447.6,5901.6,2730.8600000000006,0.21484375,969,579,ec,ec,12,left,0
970,971,3,6446.28,5898.64,2731.5,0.4609375,970,579,ec,ec,12,left,0
971,972,3,6445.76,5895.82,2732.0599999999995,0.3515625,971,579,ec,ec,12,left,0
972,973,3,6444.78,5894.26,2732.1800000000003,0.48828125,972,544,CEAc,CEA,12,left,0
973,974,3,6444.32,5892.04,2733.4,0.01171875,973,544,CEAc,CEA,12,left,0
974,975,3,6443.62,5891.06,2734.7800000000007,0.4609375,974,544,CEAc,CEA,12,left,0
975,976,3,6443.28,5888.54,2736.3600000000006,0.515625,975,544,CEAc,CEA,12,left,0
976,977,3,6443.14,5886.66,2737.379999999999,0.40625,976,544,CEAc,CEA,12,left,0
977,978,3,6442.32,5884.38,2738.32,0.19140625,977,544,CEAc,CEA,12,left,0
978,979,3,6440.48,5882.78,2738.7800000000007,0.32421875,978,544,CEAc,CEA,12,left,0
979,980,3,6439.18,5880.92,2739.2800000000007,0.48828125,979,544,CEAc,CEA,12,left,0
980,981,3,6437.8,5879.62,2739.74,0.40625,980,544,CEAc,CEA,12,left,0
981,982,3,6435.86,5877.46,2740.0599999999995,0.21484375,981,544,CEAc,CEA,12,left,0
982,983,3,6434.5,5874.8,2740.32,0.32421875,982,544,CEAc,CEA,12,left,0
983,984,3,6433.16,5873.72,2740.540000000001,0.32421875,983,544,CEAc,CEA,12,left,0
984,985,3,6431.4,5871.74,2740.74,0.0078125,984,544,CEAc,CEA,12,left,0
985,986,3,6429.8,5868.7,2741.22,0.37890625,985,544,CEAc,CEA,12,left,0
986,987,3,6428.58,5867.1,2741.959999999999,0.1640625,986,544,CEAc,CEA,12,left,0
987,988,3,6427.44,5865.18,2742.5200000000004,0.32421875,987,544,CEAc,CEA,12,left,0
988,989,3,6425.92,5863.96,2742.8,0.43359375,988,544,CEAc,CEA,12,left,0
989,990,3,6424.56,5861.98,2743.2800000000007,0.32421875,989,544,CEAc,CEA,12,left,0
990,991,3,6423.2,5860.5,2743.9400000000005,0.43359375,990,544,CEAc,CEA,12,left,0
991,992,3,6422.82,5858.32,2745.16,0.48828125,991,544,CEAc,CEA,12,left,0
992,993,3,6422.5,5856.4,2746.7000000000007,0.26953125,992,544,CEAc,CEA,12,left,0
993,994,3,6421.26,5855.78,2747.34,0.32421875,993,544,CEAc,CEA,12,left,0
994,995,3,6420.46,5855.34,2749.16,0.00390625,994,544,CEAc,CEA,12,left,0
995,996,3,6419.08,5854.84,2749.84,0.296875,995,544,CEAc,CEA,12,left,0
996,997,3,6418.4,5853.38,2749.92,0.59765625,996,544,CEAc,CEA,12,left,0
997,998,3,6418.74,5852.32,2749.42,0.48828125,997,544,CEAc,CEA,12,left,1
998,999,2,6538.22,5958.48,2790.120000000001,0.43359375,206,544,CEAc,CEA,13,left,0
999,1000,2,6537.52,5959.9,2791.42,0.43359375,999,544,CEAc,CEA,13,left,0
1000,1001,2,6537.8,5962.0,2792.6800000000003,0.40625,1000,544,CEAc,CEA,13,left,0
1001,1002,2,6538.22,5963.28,2794.9,0.48828125,1001,544,CEAc,CEA,13,left,0
1002,1003,2,6538.98,5963.64,2796.3,0.21484375,1002,544,CEAc,CEA,13,left,0
1003,1004,2,6540.14,5964.08,2796.5200000000004,0.296875,1003,544,CEAc,CEA,13,left,0
1004,1005,2,6541.14,5966.2,2798.1000000000004,0.00390625,1004,544,CEAc,CEA,13,left,0
1005,1006,2,6541.48,5968.76,2798.9,0.1640625,1005,544,CEAc,CEA,13,left,0
1006,1007,2,6540.58,5969.5,2798.959999999999,0.32421875,1006,544,CEAc,CEA,13,left,0
1007,1008,2,6540.66,5969.24,2801.6000000000004,0.00390625,1007,544,CEAc,CEA,13,left,0
1008,1009,2,6540.16,5969.9,2803.22,0.32421875,1008,544,CEAc,CEA,13,left,0
1009,1010,2,6540.38,5971.6,2804.72,0.43359375,1009,544,CEAc,CEA,13,left,0
1010,1011,2,6540.76,5972.88,2806.6000000000004,0.40625,1010,544,CEAc,CEA,13,left,0
1011,1012,2,6541.18,5976.48,2806.3,0.4609375,1011,544,CEAc,CEA,13,left,0
1012,1013,2,6541.52,5979.06,2806.32,0.40625,1012,544,CEAc,CEA,13,left,0
1013,1014,2,6541.88,5980.62,2807.6800000000003,0.40625,1013,544,CEAc,CEA,13,left,0
1014,1015,2,6541.7,5982.94,2808.24,0.2421875,1014,544,CEAc,CEA,13,left,0
1015,1016,2,6540.64,5984.22,2808.48,0.37890625,1015,544,CEAc,CEA,13,left,0
1016,1017,2,6540.26,5985.46,2809.92,0.3515625,1016,544,CEAc,CEA,13,left,0
1017,1018,2,6539.04,5985.92,2810.5,0.2421875,1017,544,CEAc,CEA,13,left,0
1018,1019,2,6538.86,5987.64,2811.32,0.48828125,1018,544,CEAc,CEA,13,left,0
1019,1020,2,6539.7,5989.32,2811.9400000000005,0.1640625,1019,544,CEAc,CEA,13,left,0
1020,1021,2,6540.42,5991.0,2812.26,0.00390625,1020,544,CEAc,CEA,13,left,0
1021,1022,2,6540.56,5993.4,2812.08,0.26953125,1021,544,CEAc,CEA,13,left,0
1022,1023,2,6539.94,5994.86,2811.9,0.43359375,1022,544,CEAc,CEA,13,left,0
1023,1024,2,6540.12,5997.36,2811.620000000001,0.4609375,1023,477,STR,STR,13,left,0
1024,1025,2,6540.38,5999.52,2811.540000000001,0.5703125,1024,477,STR,STR,13,left,0
1025,1026,2,6541.8,6001.22,2811.5599999999995,0.296875,1025,477,STR,STR,13,left,0
1026,1027,2,6543.92,6001.52,2811.959999999999,0.21484375,1026,477,STR,STR,13,left,0
1027,1028,2,6545.34,6001.72,2814.1000000000004,0.32421875,1027,477,STR,STR,13,left,0
1028,1029,2,6545.86,6002.2,2815.8600000000006,0.2421875,1028,477,STR,STR,13,left,0
1029,1030,2,6547.32,6002.32,2817.0,0.43359375,1029,477,STR,STR,13,left,1
1030,1031,2,6538.86,5960.18,2788.3600000000006,0.0078125,206,544,CEAc,CEA,14,left,0
1031,1032,2,6537.18,5962.46,2788.540000000001,0.48828125,1031,544,CEAc,CEA,14,left,0
1032,1033,2,6535.5,5964.74,2788.7000000000007,0.32421875,1032,544,CEAc,CEA,14,left,0
1033,1034,2,6533.88,5966.14,2789.0,0.296875,1033,544,CEAc,CEA,14,left,0
1034,1035,2,6532.08,5968.1,2789.48,0.37890625,1034,544,CEAc,CEA,14,left,0
1035,1036,2,6530.52,5972.06,2790.1000000000004,0.62109375,1035,544,CEAc,CEA,14,left,0
1036,1037,2,6530.44,5973.76,2791.34,0.54296875,1036,544,CEAc,CEA,14,left,0
1037,1038,2,6529.42,5975.92,2792.08,0.0078125,1037,544,CEAc,CEA,14,left,0
1038,1039,2,6526.96,5976.64,2792.0,0.37890625,1038,544,CEAc,CEA,14,left,0
1039,1040,2,6525.36,5977.26,2791.32,0.21484375,1039,544,CEAc,CEA,14,left,0
1040,1041,2,6524.62,5979.7,2790.98,0.21484375,1040,544,CEAc,CEA,14,left,0
1041,1042,2,6524.94,5981.6,2791.6399999999994,0.32421875,1041,544,CEAc,CEA,14,left,0
1042,1043,2,6524.58,5985.1,2793.4,0.43359375,1042,477,STR,STR,14,left,0
1043,1044,2,6522.76,5986.72,2793.72,0.515625,1043,477,STR,STR,14,left,0
1044,1045,2,6521.6,5988.92,2794.2000000000007,0.296875,1044,477,STR,STR,14,left,0
1045,1046,2,6520.54,5990.74,2794.8,0.32421875,1045,477,STR,STR,14,left,0
1046,1047,2,6520.16,5992.58,2794.6399999999994,0.32421875,1046,477,STR,STR,14,left,0
1047,1048,2,6519.14,5996.0,2795.1399999999994,0.21484375,1047,477,STR,STR,14,left,0
1048,1049,2,6517.48,5997.84,2795.26,0.32421875,1048,477,STR,STR,14,left,0
1049,1050,2,6516.78,5999.5,2795.5,0.32421875,1049,477,STR,STR,14,left,0
1050,1051,2,6517.0,6001.68,2795.66,0.37890625,1050,477,STR,STR,14,left,0
1051,1052,2,6516.52,6003.02,2795.32,0.296875,1051,477,STR,STR,14,left,0
1052,1053,2,6514.9,6005.7,2794.6399999999994,0.2421875,1052,477,STR,STR,14,left,0
1053,1054,2,6514.36,6008.98,2794.120000000001,0.2421875,1053,477,STR,STR,14,left,0
1054,1055,2,6513.1,6010.76,2794.08,0.2421875,1054,477,STR,STR,14,left,0
1055,1056,2,6511.96,6013.42,2794.22,0.67578125,1055,477,STR,STR,14,left,0
1056,1057,2,6512.28,6015.54,2794.58,0.32421875,1056,477,STR,STR,14,left,0
1057,1058,2,6511.94,6018.02,2795.2000000000007,0.21484375,1057,477,STR,STR,14,left,0
1058,1059,2,6510.82,6018.42,2795.5,0.296875,1058,477,STR,STR,14,left,0
1059,1060,2,6510.4,6021.32,2795.9400000000005,0.00390625,1059,477,STR,STR,14,left,0
1060,1061,2,6509.52,6023.22,2795.98,0.4609375,1060,477,STR,STR,14,left,0
1061,1062,2,6509.5,6026.48,2795.74,0.19140625,1061,477,STR,STR,14,left,0
1062,1063,2,6509.06,6029.34,2795.58,0.37890625,1062,477,STR,STR,14,left,0
1063,1064,2,6508.14,6030.68,2795.72,0.26953125,1063,477,STR,STR,14,left,0
1064,1065,2,6507.96,6032.64,2795.8600000000006,0.37890625,1064,477,STR,STR,14,left,0
1065,1066,2,6507.0,6034.08,2795.879999999999,0.2421875,1065,477,STR,STR,14,left,0
1066,1067,2,6505.48,6036.18,2796.16,0.48828125,1066,477,STR,STR,14,left,0
1067,1068,2,6504.94,6037.76,2796.08,0.32421875,1067,477,STR,STR,14,left,0
1068,1069,2,6504.88,6040.84,2795.6800000000003,0.2421875,1068,477,STR,STR,14,left,0
1069,1070,2,6504.8,6043.34,2795.5599999999995,0.37890625,1069,477,STR,STR,14,left,0
1070,1071,2,6504.04,6045.36,2795.1399999999994,0.21484375,1070,477,STR,STR,14,left,0
1071,1072,2,6502.8,6047.82,2795.120000000001,0.21484375,1071,477,STR,STR,14,left,0
1072,1073,2,6502.56,6050.6,2795.26,0.2421875,1072,477,STR,STR,14,left,0
1073,1074,2,6502.12,6052.04,2795.58,0.1640625,1073,477,STR,STR,14,left,0
1074,1075,2,6501.82,6054.5,2797.0200000000004,0.3515625,1074,477,STR,STR,14,left,0
1075,1076,2,6501.62,6057.24,2797.48,0.3515625,1075,477,STR,STR,14,left,0
1076,1077,2,6501.02,6059.16,2797.540000000001,0.19140625,1076,477,STR,STR,14,left,0
1077,1078,2,6499.32,6061.72,2796.959999999999,0.3515625,1077,477,STR,STR,14,left,0
1078,1079,2,6498.12,6063.0,2795.98,0.32421875,1078,477,STR,STR,14,left,0
1079,1080,2,6497.16,6064.6,2795.0200000000004,0.1640625,1079,477,STR,STR,14,left,0
1080,1081,2,6496.82,6067.06,2794.6399999999994,0.1640625,1080,303,BLAa,BLA,14,left,0
1081,1082,2,6496.02,6069.28,2794.84,0.3515625,1081,303,BLAa,BLA,14,left,0
1082,1083,2,6495.5,6071.9,2794.98,0.43359375,1082,303,BLAa,BLA,14,left,0
1083,1084,2,6494.06,6074.46,2795.120000000001,0.1640625,1083,477,STR,STR,14,left,0
1084,1085,2,6492.94,6076.36,2795.32,0.32421875,1084,477,STR,STR,14,left,0
1085,1086,2,6492.4,6078.9,2795.74,0.26953125,1085,477,STR,STR,14,left,0
1086,1087,2,6491.56,6081.14,2796.0599999999995,0.26953125,1086,477,STR,STR,14,left,0
1087,1088,2,6491.06,6082.46,2796.120000000001,0.54296875,1087,477,STR,STR,14,left,0
1088,1089,2,6490.62,6086.36,2796.5599999999995,0.32421875,1088,477,STR,STR,14,left,0
1089,1090,2,6489.22,6088.64,2796.7800000000007,0.296875,1089,477,STR,STR,14,left,0
1090,1091,2,6488.96,6090.6,2796.84,0.296875,1090,477,STR,STR,14,left,0
1091,1092,2,6488.76,6092.88,2796.32,0.1640625,1091,477,STR,STR,14,left,0
1092,1093,2,6488.08,6094.88,2796.0200000000004,0.32421875,1092,477,STR,STR,14,left,0
1093,1094,2,6487.14,6097.36,2795.72,0.1640625,1093,703,CTXsp,CTXsp,14,left,0
1094,1095,2,6486.5,6099.88,2795.74,0.1640625,1094,703,CTXsp,CTXsp,14,left,0
1095,1096,2,6485.98,6101.04,2796.34,0.32421875,1095,703,CTXsp,CTXsp,14,left,0
1096,1097,2,6485.38,6103.14,2796.9400000000005,0.40625,1096,703,CTXsp,CTXsp,14,left,0
1097,1098,2,6485.56,6104.58,2797.6000000000004,0.3515625,1097,703,CTXsp,CTXsp,14,left,0
1098,1099,2,6484.88,6107.34,2798.6399999999994,0.3515625,1098,703,CTXsp,CTXsp,14,left,0
1099,1100,2,6484.38,6110.42,2799.379999999999,0.26953125,1099,703,CTXsp,CTXsp,14,left,0
1100,1101,2,6484.06,6112.46,2800.24,0.40625,1100,703,CTXsp,CTXsp,14,left,0
1101,1102,2,6483.38,6115.88,2800.7800000000007,0.26953125,1101,703,CTXsp,CTXsp,14,left,0
1102,1103,2,6482.12,6117.72,2800.8600000000006,0.32421875,1102,703,CTXsp,CTXsp,14,left,0
1103,1104,2,6481.16,6119.62,2801.0599999999995,0.32421875,1103,703,CTXsp,CTXsp,14,left,0
1104,1105,2,6479.66,6122.06,2801.2800000000007,0.32421875,1104,703,CTXsp,CTXsp,14,left,0
1105,1106,2,6478.54,6124.02,2801.7000000000007,0.32421875,1105,703,CTXsp,CTXsp,14,left,0
1106,1107,2,6477.1,6125.68,2801.48,0.01171875,1106,703,CTXsp,CTXsp,14,left,0
1107,1108,2,6475.94,6127.5,2801.879999999999,0.296875,1107,703,CTXsp,CTXsp,14,left,0
1108,1109,2,6473.94,6129.26,2801.879999999999,0.32421875,1108,703,CTXsp,CTXsp,14,left,0
1109,1110,2,6472.56,6131.3,2801.84,0.48828125,1109,703,CTXsp,CTXsp,14,left,0
1110,1111,2,6471.72,6133.16,2802.0200000000004,0.26953125,1110,703,CTXsp,CTXsp,14,left,0
1111,1112,2,6470.36,6135.56,2801.9,0.296875,1111,1105,IA,IA,14,left,0
1112,1113,2,6469.12,6136.58,2802.0200000000004,0.3515625,1112,1105,IA,IA,14,left,0
1113,1114,2,6514.56,6033.6,2821.6800000000003,0.2421875,267,477,STR,STR,15,left,0
1114,1115,2,6514.16,6037.42,2821.48,0.2421875,1114,477,STR,STR,15,left,0
1115,1116,2,6513.5,6039.24,2821.459999999999,0.2421875,1115,477,STR,STR,15,left,0
1116,1117,2,6512.14,6040.0,2821.6000000000004,0.67578125,1116,477,STR,STR,15,left,0
1117,1118,2,6511.98,6041.48,2821.74,0.19140625,1117,477,STR,STR,15,left,0
1118,1119,2,6512.14,6043.92,2822.6000000000004,0.21484375,1118,477,STR,STR,15,left,0
1119,1120,2,6511.02,6046.72,2823.42,0.2421875,1119,477,STR,STR,15,left,0
1120,1121,2,6510.16,6048.98,2823.8600000000006,0.48828125,1120,477,STR,STR,15,left,0
1121,1122,2,6508.28,6052.22,2824.6399999999994,0.296875,1121,477,STR,STR,15,left,0
1122,1123,2,6506.74,6053.68,2825.040000000001,0.26953125,1122,477,STR,STR,15,left,0
1123,1124,2,6506.52,6055.42,2825.82,0.48828125,1123,477,STR,STR,15,left,0
1124,1125,2,6505.7,6056.9,2826.3,0.40625,1124,477,STR,STR,15,left,0
1125,1126,2,6505.06,6058.58,2827.1000000000004,0.40625,1125,477,STR,STR,15,left,0
1126,1127,2,6504.28,6060.82,2827.459999999999,0.2421875,1126,477,STR,STR,15,left,0
1127,1128,2,6504.14,6062.88,2827.4,0.296875,1127,477,STR,STR,15,left,0
1128,1129,2,6502.88,6064.96,2827.3600000000006,0.40625,1128,477,STR,STR,15,left,0
1129,1130,2,6501.7,6067.7,2827.7800000000007,0.296875,1129,477,STR,STR,15,left,0
1130,1131,2,6500.72,6069.62,2828.24,0.32421875,1130,477,STR,STR,15,left,0
1131,1132,2,6499.72,6072.24,2828.540000000001,0.296875,1131,477,STR,STR,15,left,0
1132,1133,2,6499.46,6075.86,2828.1000000000004,0.32421875,1132,477,STR,STR,15,left,0
1133,1134,2,6498.28,6078.38,2827.8600000000006,0.32421875,1133,477,STR,STR,15,left,0
1134,1135,2,6497.24,6079.28,2828.26,0.43359375,1134,477,STR,STR,15,left,0
1135,1136,2,6497.5,6083.2,2828.34,0.00390625,1135,477,STR,STR,15,left,0
1136,1137,2,6512.9,6031.68,2821.4400000000005,0.00390625,267,477,STR,STR,16,left,0
1137,1138,2,6511.96,6034.26,2820.2800000000007,0.19140625,1137,477,STR,STR,16,left,0
1138,1139,2,6512.12,6036.98,2819.22,0.3515625,1138,477,STR,STR,16,left,0
1139,1140,2,6511.44,6037.6,2818.959999999999,0.5703125,1139,477,STR,STR,16,left,0
1140,1141,2,6512.48,6039.5,2818.8600000000006,0.015625,1140,477,STR,STR,16,left,0
1141,1142,2,6513.54,6048.58,2817.879999999999,0.2421875,1141,477,STR,STR,16,left,0
1142,1143,2,6513.24,6051.26,2817.72,0.296875,1142,477,STR,STR,16,left,0
1143,1144,3,6627.74,5932.32,2770.16,0.0078125,285,303,BLAa,BLA,17,left,0
1144,1145,3,6630.44,5932.16,2770.2000000000007,0.62109375,1144,303,BLAa,BLA,17,left,0
1145,1146,3,6632.5,5932.42,2769.9,0.6484375,1145,303,BLAa,BLA,17,left,0
1146,1147,3,6634.02,5932.96,2769.1399999999994,0.48828125,1146,303,BLAa,BLA,17,left,0
1147,1148,3,6635.28,5934.36,2768.1399999999994,0.43359375,1147,303,BLAa,BLA,17,left,0
1148,1149,3,6636.66,5935.52,2766.959999999999,0.40625,1148,303,BLAa,BLA,17,left,0
1149,1150,3,6638.68,5936.46,2766.3600000000006,0.48828125,1149,303,BLAa,BLA,17,left,0
1150,1151,3,6640.24,5938.28,2765.7000000000007,0.296875,1150,303,BLAa,BLA,17,left,0
1151,1152,3,6641.12,5940.8,2764.6399999999994,0.89453125,1151,303,BLAa,BLA,17,left,0
1152,1153,3,6642.2,5942.48,2763.6000000000004,0.6484375,1152,303,BLAa,BLA,17,left,0
1153,1154,3,6644.0,5943.56,2762.6399999999994,0.5703125,1153,303,BLAa,BLA,17,left,0
1154,1155,3,6644.42,5944.84,2762.0599999999995,0.43359375,1154,303,BLAa,BLA,17,left,0
1155,1156,3,6646.12,5947.04,2761.72,0.00390625,1155,303,BLAa,BLA,17,left,0
1156,1157,3,6648.96,5948.9,2761.42,0.48828125,1156,303,BLAa,BLA,17,left,0
1157,1158,3,6651.02,5949.78,2760.92,0.26953125,1157,303,BLAa,BLA,17,left,0
1158,1159,3,6653.02,5950.62,2759.92,0.37890625,1158,303,BLAa,BLA,17,left,0
1159,1160,3,6654.48,5951.46,2759.120000000001,0.2421875,1159,303,BLAa,BLA,17,left,0
1160,1161,3,6656.56,5951.8,2758.72,0.37890625,1160,303,BLAa,BLA,17,left,0
1161,1162,3,6658.14,5952.48,2757.459999999999,0.37890625,1161,303,BLAa,BLA,17,left,0
1162,1163,3,6660.16,5953.42,2755.58,0.54296875,1162,303,BLAa,BLA,17,left,0
1163,1164,3,6661.22,5953.88,2753.8600000000006,0.703125,1163,303,BLAa,BLA,17,left,0
1164,1165,3,6662.92,5954.48,2752.0200000000004,0.2421875,1164,303,BLAa,BLA,17,left,0
1165,1166,3,6663.96,5954.88,2750.3,0.3515625,1165,303,BLAa,BLA,17,left,0
1166,1167,3,6666.0,5955.02,2748.5200000000004,0.296875,1166,303,BLAa,BLA,17,left,0
1167,1168,3,6666.98,5954.3,2747.7800000000007,0.37890625,1167,303,BLAa,BLA,17,left,0
1168,1169,3,6669.16,5952.8,2747.32,0.40625,1168,303,BLAa,BLA,17,left,0
1169,1170,3,6670.04,5952.24,2746.5599999999995,0.5703125,1169,303,BLAa,BLA,17,left,0
1170,1171,3,6670.46,5951.82,2745.6800000000003,0.01171875,1170,303,BLAa,BLA,17,left,0
1171,1172,3,6672.62,5951.4,2745.34,0.59765625,1171,303,BLAa,BLA,17,left,0
1172,1173,3,6674.04,5951.04,2744.3,0.8125,1172,303,BLAa,BLA,17,left,0
1173,1174,3,6674.36,5950.54,2742.379999999999,0.37890625,1173,303,BLAa,BLA,17,left,0
1174,1175,3,6675.62,5948.98,2740.9400000000005,0.703125,1174,303,BLAa,BLA,17,left,0
1175,1176,3,6676.26,5946.98,2740.040000000001,0.3515625,1175,303,BLAa,BLA,17,left,0
1176,1177,3,6676.82,5943.88,2739.84,0.73046875,1176,303,BLAa,BLA,17,left,0
1177,1178,3,6677.58,5941.34,2739.82,0.515625,1177,303,BLAa,BLA,17,left,0
1178,1179,3,6677.86,5939.52,2739.34,0.26953125,1178,303,BLAa,BLA,17,left,0
1179,1180,3,6679.6,5938.78,2739.379999999999,0.43359375,1179,303,BLAa,BLA,17,left,0
1180,1181,3,6681.56,5938.62,2739.42,0.37890625,1180,303,BLAa,BLA,17,left,0
1181,1182,3,6683.3,5938.14,2739.5200000000004,0.62109375,1181,303,BLAa,BLA,17,left,0
1182,1183,3,6684.7,5937.32,2739.4,0.32421875,1182,303,BLAa,BLA,17,left,0
1183,1184,3,6685.82,5936.0,2738.8600000000006,0.19140625,1183,303,BLAa,BLA,17,left,0
1184,1185,3,6687.08,5934.6,2738.74,0.43359375,1184,303,BLAa,BLA,17,left,0
1185,1186,3,6689.06,5933.62,2738.3600000000006,0.40625,1185,303,BLAa,BLA,17,left,0
1186,1187,3,6690.42,5932.3,2737.9400000000005,0.40625,1186,303,BLAa,BLA,17,left,0
1187,1188,3,6691.1,5930.42,2737.9,0.32421875,1187,303,BLAa,BLA,17,left,0
1188,1189,3,6692.36,5928.12,2737.9400000000005,0.19140625,1188,303,BLAa,BLA,17,left,0
1189,1190,3,6693.02,5926.36,2737.8600000000006,0.32421875,1189,303,BLAa,BLA,17,left,0
1190,1191,3,6695.38,5923.18,2738.66,0.40625,1190,303,BLAa,BLA,17,left,0
1191,1192,3,6696.14,5919.92,2739.16,0.43359375,1191,303,BLAa,BLA,17,left,0
1192,1193,3,6696.28,5918.02,2739.459999999999,0.32421875,1192,303,BLAa,BLA,17,left,0
1193,1194,3,6697.48,5915.98,2739.7800000000007,0.54296875,1193,303,BLAa,BLA,17,left,0
1194,1195,3,6698.9,5913.94,2740.040000000001,0.1640625,1194,303,BLAa,BLA,17,left,0
1195,1196,3,6700.1,5912.0,2739.620000000001,0.1640625,1195,303,BLAa,BLA,17,left,0
1196,1197,3,6702.2,5910.8,2739.3,0.37890625,1196,303,BLAa,BLA,17,left,0
1197,1198,3,6703.56,5910.02,2739.34,0.5703125,1197,303,BLAa,BLA,17,left,0
1198,1199,3,6705.3,5908.44,2738.82,0.015625,1198,303,BLAa,BLA,17,left,0
1199,1200,3,6707.52,5907.22,2738.1000000000004,0.54296875,1199,303,BLAa,BLA,17,left,0
1200,1201,3,6708.7,5905.62,2737.34,0.48828125,1200,303,BLAa,BLA,17,left,0
1201,1202,3,6709.86,5904.24,2736.48,0.32421875,1201,303,BLAa,BLA,17,left,0
1202,1203,3,6710.46,5903.06,2735.5599999999995,0.32421875,1202,303,BLAa,BLA,17,left,0
1203,1204,3,6711.92,5902.3,2734.92,0.4609375,1203,303,BLAa,BLA,17,left,0
1204,1205,3,6713.14,5901.04,2733.7000000000007,0.6484375,1204,303,BLAa,BLA,17,left,0
1205,1206,3,6713.68,5899.84,2733.540000000001,0.54296875,1205,303,BLAa,BLA,17,left,0
1206,1207,3,6715.96,5897.62,2733.459999999999,0.00390625,1206,303,BLAa,BLA,17,left,0
1207,1208,3,6717.46,5895.86,2732.84,0.26953125,1207,303,BLAa,BLA,17,left,0
1208,1209,3,6719.04,5894.26,2732.459999999999,0.32421875,1208,303,BLAa,BLA,17,left,0
1209,1210,3,6719.96,5892.16,2731.7800000000007,0.32421875,1209,303,BLAa,BLA,17,left,0
1210,1211,3,6721.28,5890.58,2730.620000000001,0.43359375,1210,303,BLAa,BLA,17,left,0
1211,1212,3,6722.14,5889.14,2729.3,0.48828125,1211,303,BLAa,BLA,17,left,0
1212,1213,3,6723.34,5887.84,2728.379999999999,0.32421875,1212,303,BLAa,BLA,17,left,0
1213,1214,3,6723.72,5886.06,2727.66,0.3515625,1213,303,BLAa,BLA,17,left,0
1214,1215,3,6723.4,5884.6,2726.5,0.32421875,1214,303,BLAa,BLA,17,left,0
1215,1216,3,6723.86,5883.26,2726.08,0.19140625,1215,303,BLAa,BLA,17,left,0
1216,1217,3,6724.86,5881.38,2725.5,0.296875,1216,303,BLAa,BLA,17,left,0
1217,1218,3,6726.36,5878.82,2724.76,0.19140625,1217,303,BLAa,BLA,17,left,0
1218,1219,3,6727.4,5877.44,2724.2800000000007,0.296875,1218,303,BLAa,BLA,17,left,0
1219,1220,3,6728.64,5876.02,2723.9,0.37890625,1219,303,BLAa,BLA,17,left,0
1220,1221,3,6729.66,5874.32,2723.1800000000003,0.3515625,1220,303,BLAa,BLA,17,left,0
1221,1222,3,6730.84,5873.2,2722.4,0.2421875,1221,303,BLAa,BLA,17,left,0
1222,1223,3,6732.92,5871.18,2721.32,0.00390625,1222,303,BLAa,BLA,17,left,0
1223,1224,3,6733.96,5869.78,2720.66,0.32421875,1223,303,BLAa,BLA,17,left,0
1224,1225,3,6734.02,5867.84,2718.92,0.40625,1224,303,BLAa,BLA,17,left,0
1225,1226,3,6735.2,5866.78,2718.540000000001,0.32421875,1225,303,BLAa,BLA,17,left,0
1226,1227,3,6736.12,5864.88,2718.3,0.32421875,1226,303,BLAa,BLA,17,left,0
1227,1228,3,6737.2,5863.44,2718.0,0.21484375,1227,303,BLAa,BLA,17,left,0
1228,1229,3,6737.42,5861.78,2717.5,0.32421875,1228,303,BLAa,BLA,17,left,0
1229,1230,3,6738.54,5860.0,2717.08,0.43359375,1229,303,BLAa,BLA,17,left,0
1230,1231,3,6739.12,5857.98,2716.42,0.48828125,1230,303,BLAa,BLA,17,left,0
1231,1232,3,6740.52,5856.32,2716.1800000000003,0.32421875,1231,303,BLAa,BLA,17,left,0
1232,1233,3,6741.92,5854.58,2715.6399999999994,0.43359375,1232,303,BLAa,BLA,17,left,0
1233,1234,3,6742.76,5853.2,2714.8,0.32421875,1233,303,BLAa,BLA,17,left,0
1234,1235,3,6745.24,5851.26,2714.1399999999994,0.32421875,1234,303,BLAa,BLA,17,left,0
1235,1236,3,6746.36,5850.76,2713.98,0.40625,1235,303,BLAa,BLA,17,left,0
1236,1237,3,6748.36,5848.0,2713.1399999999994,0.40625,1236,303,BLAa,BLA,17,left,0
1237,1238,3,6749.8,5845.82,2713.08,0.3515625,1237,303,BLAa,BLA,17,left,0
1238,1239,3,6751.88,5844.1,2712.66,0.3515625,1238,303,BLAa,BLA,17,left,0
1239,1240,3,6753.46,5843.78,2711.98,0.32421875,1239,303,BLAa,BLA,17,left,0
1240,1241,3,6755.38,5842.04,2711.620000000001,0.3515625,1240,303,BLAa,BLA,17,left,0
1241,1242,3,6756.86,5840.26,2711.4,0.32421875,1241,303,BLAa,BLA,17,left,0
1242,1243,3,6758.62,5838.58,2711.5200000000004,0.1640625,1242,303,BLAa,BLA,17,left,0
1243,1244,3,6760.22,5837.06,2712.1000000000004,0.43359375,1243,303,BLAa,BLA,17,left,0
1244,1245,3,6761.68,5835.52,2712.76,0.32421875,1244,303,BLAa,BLA,17,left,0
1245,1246,3,6763.38,5833.56,2713.2000000000007,0.40625,1245,303,BLAa,BLA,17,left,0
1246,1247,3,6765.04,5831.92,2713.84,0.3515625,1246,303,BLAa,BLA,17,left,0
1247,1248,3,6766.32,5831.64,2714.34,0.6484375,1247,303,BLAa,BLA,17,left,0
1248,1249,3,6768.14,5829.96,2714.5599999999995,0.01171875,1248,303,BLAa,BLA,17,left,0
1249,1250,3,6769.3,5827.84,2714.92,0.296875,1249,303,BLAa,BLA,17,left,0
1250,1251,3,6770.54,5825.9,2715.040000000001,0.26953125,1250,303,BLAa,BLA,17,left,0
1251,1252,3,6772.9,5823.48,2714.74,0.2421875,1251,303,BLAa,BLA,17,left,0
1252,1253,3,6774.5,5822.26,2714.459999999999,0.32421875,1252,303,BLAa,BLA,17,left,0
1253,1254,3,6776.2,5820.02,2714.6399999999994,0.59765625,1253,303,BLAa,BLA,17,left,0
1254,1255,3,6777.52,5818.36,2714.72,0.3515625,1254,303,BLAa,BLA,17,left,0
1255,1256,3,6778.78,5816.08,2714.72,0.43359375,1255,303,BLAa,BLA,17,left,0
1256,1257,3,6779.98,5813.84,2715.34,0.43359375,1256,303,BLAa,BLA,17,left,0
1257,1258,3,6781.82,5812.0,2715.8600000000006,0.515625,1257,303,BLAa,BLA,17,left,0
1258,1259,3,6782.86,5810.98,2716.6399999999994,0.6484375,1258,303,BLAa,BLA,17,left,0
1259,1260,3,6786.08,5809.48,2717.4,0.19140625,1259,303,BLAa,BLA,17,left,0
1260,1261,3,6788.58,5807.6,2717.98,0.54296875,1260,303,BLAa,BLA,17,left,0
1261,1262,3,6790.06,5806.06,2718.24,0.43359375,1261,303,BLAa,BLA,17,left,0
1262,1263,3,6792.52,5803.12,2719.3,0.00390625,1262,303,BLAa,BLA,17,left,0
1263,1264,3,6793.56,5801.32,2720.24,0.37890625,1263,303,BLAa,BLA,17,left,0
1264,1265,3,6795.4,5797.96,2721.120000000001,0.26953125,1264,303,BLAa,BLA,17,left,0
1265,1266,3,6796.54,5796.08,2721.92,0.19140625,1265,303,BLAa,BLA,17,left,0
1266,1267,3,6798.54,5794.14,2722.7000000000007,0.54296875,1266,303,BLAa,BLA,17,left,0
1267,1268,3,6799.52,5792.76,2723.48,0.3515625,1267,303,BLAa,BLA,17,left,0
1268,1269,3,6801.16,5790.72,2724.6399999999994,0.43359375,1268,303,BLAa,BLA,17,left,0
1269,1270,3,6802.72,5789.74,2725.379999999999,0.2421875,1269,303,BLAa,BLA,17,left,0
1270,1271,3,6804.8,5789.08,2726.0200000000004,0.5703125,1270,303,BLAa,BLA,17,left,0
1271,1272,3,6806.34,5789.04,2726.58,0.2421875,1271,303,BLAa,BLA,17,left,0
1272,1273,3,6808.02,5789.74,2727.4400000000005,0.26953125,1272,303,BLAa,BLA,17,left,0
1273,1274,3,6809.68,5790.8,2727.98,0.296875,1273,303,BLAa,BLA,17,left,0
1274,1275,3,6810.86,5792.28,2728.5200000000004,0.1640625,1274,303,BLAa,BLA,17,left,0
1275,1276,3,6811.68,5794.46,2729.16,0.48828125,1275,303,BLAa,BLA,17,left,0
1276,1277,3,6812.9,5795.5,2730.120000000001,0.515625,1276,303,BLAa,BLA,17,left,0
1277,1278,3,6815.24,5797.1,2731.24,0.515625,1277,303,BLAa,BLA,17,left,0
1278,1279,3,6816.4,5797.18,2732.459999999999,0.48828125,1278,303,BLAa,BLA,17,left,0
1279,1280,3,6818.98,5796.12,2733.26,0.3515625,1279,303,BLAa,BLA,17,left,0
1280,1281,3,6820.84,5795.54,2733.42,0.32421875,1280,303,BLAa,BLA,17,left,0
1281,1282,3,6624.34,5934.58,2771.1000000000004,0.0078125,285,303,BLAa,BLA,18,left,0
1282,1283,3,6625.84,5935.48,2771.74,0.32421875,1282,303,BLAa,BLA,18,left,0
1283,1284,3,6626.9,5937.04,2772.76,0.48828125,1283,303,BLAa,BLA,18,left,0
1284,1285,3,6627.32,5939.2,2773.98,0.515625,1284,303,BLAa,BLA,18,left,0
1285,1286,3,6628.52,5940.12,2775.1800000000003,0.26953125,1285,477,STR,STR,18,left,0
1286,1287,3,6629.84,5941.14,2775.9,0.48828125,1286,477,STR,STR,18,left,0
1287,1288,3,6630.54,5942.2,2777.1800000000003,0.48828125,1287,477,STR,STR,18,left,0
1288,1289,3,6633.06,5943.22,2778.0,0.4609375,1288,477,STR,STR,18,left,0
1289,1290,3,6634.98,5943.94,2778.4,0.37890625,1289,477,STR,STR,18,left,0
1290,1291,3,6637.06,5944.06,2779.1000000000004,0.32421875,1290,303,BLAa,BLA,18,left,0
1291,1292,3,6639.12,5944.24,2779.5,0.19140625,1291,303,BLAa,BLA,18,left,0
1292,1293,3,6640.04,5945.54,2779.6800000000003,0.4609375,1292,303,BLAa,BLA,18,left,0
1293,1294,3,6642.62,5947.1,2780.24,0.32421875,1293,303,BLAa,BLA,18,left,0
1294,1295,3,6644.46,5947.88,2780.6800000000003,0.5703125,1294,303,BLAa,BLA,18,left,0
1295,1296,3,6646.18,5948.2,2780.879999999999,0.09375,1295,303,BLAa,BLA,18,left,0
1296,1297,3,6647.9,5949.4,2781.6800000000003,0.21484375,1296,303,BLAa,BLA,18,left,0
1297,1298,3,6650.22,5952.5,2782.459999999999,0.3515625,1297,303,BLAa,BLA,18,left,0
1298,1299,3,6651.44,5954.58,2783.0,0.48828125,1298,303,BLAa,BLA,18,left,0
1299,1300,3,6653.36,5956.7,2783.2800000000007,0.43359375,1299,303,BLAa,BLA,18,left,0
1300,1301,3,6654.94,5958.42,2783.32,0.296875,1300,303,BLAa,BLA,18,left,0
1301,1302,3,6657.08,5959.44,2783.24,0.296875,1301,303,BLAa,BLA,18,left,0
1302,1303,3,6657.8,5961.46,2783.48,0.26953125,1302,303,BLAa,BLA,18,left,0
1303,1304,3,6658.46,5965.26,2783.459999999999,0.703125,1303,303,BLAa,BLA,18,left,0
1304,1305,3,6660.06,5966.28,2783.6000000000004,0.4609375,1304,303,BLAa,BLA,18,left,0
1305,1306,3,6661.9,5967.72,2784.4,0.48828125,1305,303,BLAa,BLA,18,left,0
1306,1307,3,6663.7,5969.76,2784.5599999999995,0.40625,1306,303,BLAa,BLA,18,left,0
1307,1308,3,6665.44,5971.6,2784.98,0.48828125,1307,303,BLAa,BLA,18,left,0
1308,1309,3,6666.58,5973.46,2785.72,0.48828125,1308,303,BLAa,BLA,18,left,0
1309,1310,3,6667.96,5974.1,2785.92,0.32421875,1309,303,BLAa,BLA,18,left,0
1310,1311,3,6668.92,5976.54,2786.2800000000007,0.0078125,1310,303,BLAa,BLA,18,left,0
1311,1312,3,6669.72,5979.64,2787.1399999999994,0.48828125,1311,303,BLAa,BLA,18,left,0
1312,1313,3,6671.22,5980.2,2787.76,0.48828125,1312,303,BLAa,BLA,18,left,0
1313,1314,3,6672.18,5982.0,2788.6399999999994,0.1640625,1313,303,BLAa,BLA,18,left,0
1314,1315,3,6673.24,5984.46,2788.84,0.3515625,1314,303,BLAa,BLA,18,left,0
1315,1316,3,6674.18,5987.08,2789.1800000000003,0.40625,1315,303,BLAa,BLA,18,left,0
1316,1317,3,6676.02,5988.6,2789.0200000000004,0.1640625,1316,303,BLAa,BLA,18,left,0
1317,1318,3,6678.4,5989.76,2788.9,0.43359375,1317,303,BLAa,BLA,18,left,0
1318,1319,3,6679.52,5990.92,2788.72,0.37890625,1318,303,BLAa,BLA,18,left,0
1319,1320,3,6680.66,5992.26,2787.4400000000005,0.43359375,1319,303,BLAa,BLA,18,left,0
1320,1321,3,6681.98,5993.34,2785.98,0.32421875,1320,303,BLAa,BLA,18,left,0
1321,1322,3,6682.76,5995.56,2785.040000000001,0.296875,1321,303,BLAa,BLA,18,left,0
1322,1323,3,6685.38,5998.4,2784.34,0.1640625,1322,303,BLAa,BLA,18,left,0
1323,1324,3,6687.22,6000.18,2784.26,0.48828125,1323,303,BLAa,BLA,18,left,0
1324,1325,3,6687.68,6001.96,2785.0599999999995,0.59765625,1324,303,BLAa,BLA,18,left,0
1325,1326,3,6689.52,6001.88,2785.24,0.03515625,1325,303,BLAa,BLA,18,left,0
1326,1327,3,6690.14,6002.76,2786.3600000000006,0.37890625,1326,303,BLAa,BLA,18,left,0
1327,1328,3,6690.78,6004.8,2787.620000000001,0.5703125,1327,303,BLAa,BLA,18,left,0
1328,1329,3,6692.38,6005.68,2788.74,0.3515625,1328,303,BLAa,BLA,18,left,0
1329,1330,3,6693.58,6006.16,2790.1800000000003,0.37890625,1329,303,BLAa,BLA,18,left,0
1330,1331,3,6695.3,6006.1,2790.9400000000005,0.32421875,1330,303,BLAa,BLA,18,left,0
1331,1332,3,6696.46,6006.12,2792.34,0.40625,1331,303,BLAa,BLA,18,left,0
1332,1333,3,6697.54,6006.74,2794.66,0.4609375,1332,303,BLAa,BLA,18,left,0
1333,1334,3,6699.24,6007.94,2796.16,0.40625,1333,303,BLAa,BLA,18,left,0
1334,1335,3,6700.72,6008.58,2797.08,0.32421875,1334,303,BLAa,BLA,18,left,0
1335,1336,3,6701.3,6010.48,2798.48,0.515625,1335,303,BLAa,BLA,18,left,0
1336,1337,3,6702.0,6012.28,2799.32,0.43359375,1336,303,BLAa,BLA,18,left,0
1337,1338,3,6703.0,6012.66,2800.42,0.4609375,1337,303,BLAa,BLA,18,left,0
1338,1339,3,6704.64,6013.0,2801.8,0.43359375,1338,303,BLAa,BLA,18,left,0
1339,1340,3,6705.9,6013.22,2803.34,0.40625,1339,303,BLAa,BLA,18,left,0
1340,1341,3,6708.54,6014.28,2803.7000000000007,0.2421875,1340,303,BLAa,BLA,18,left,0
1341,1342,3,6709.4,6015.56,2804.3,0.2421875,1341,303,BLAa,BLA,18,left,0
1342,1343,3,6711.46,6016.14,2805.98,0.296875,1342,303,BLAa,BLA,18,left,0
1343,1344,3,6712.8,6016.3,2807.620000000001,0.26953125,1343,303,BLAa,BLA,18,left,0
1344,1345,3,6714.0,6018.1,2808.92,0.1640625,1344,303,BLAa,BLA,18,left,0
1345,1346,3,6715.42,6019.64,2809.959999999999,0.515625,1345,303,BLAa,BLA,18,left,0
1346,1347,3,6716.72,6021.64,2811.6800000000003,0.32421875,1346,303,BLAa,BLA,18,left,0
1347,1348,3,6717.7,6022.86,2812.98,0.48828125,1347,303,BLAa,BLA,18,left,0
1348,1349,3,6718.08,6023.98,2814.5200000000004,0.296875,1348,303,BLAa,BLA,18,left,0
1349,1350,3,6719.78,6024.88,2815.1000000000004,0.00390625,1349,303,BLAa,BLA,18,left,0
1350,1351,3,6720.74,6025.52,2816.8600000000006,0.296875,1350,303,BLAa,BLA,18,left,0
1351,1352,3,6722.06,6026.2,2819.0599999999995,0.40625,1351,303,BLAa,BLA,18,left,0
1352,1353,3,6723.58,6026.9,2819.84,0.19140625,1352,303,BLAa,BLA,18,left,0
1353,1354,3,6725.7,6026.98,2820.9400000000005,0.32421875,1353,303,BLAa,BLA,18,left,0
1354,1355,3,6727.88,6027.38,2822.459999999999,0.3515625,1354,303,BLAa,BLA,18,left,0
1355,1356,3,6729.8,6028.02,2823.459999999999,0.4609375,1355,303,BLAa,BLA,18,left,0
1356,1357,3,6731.5,6028.72,2824.82,0.37890625,1356,303,BLAa,BLA,18,left,0
1357,1358,3,6733.5,6028.66,2825.959999999999,0.26953125,1357,703,CTXsp,CTXsp,18,left,0
1358,1359,3,6734.78,6027.74,2827.26,0.19140625,1358,703,CTXsp,CTXsp,18,left,0
1359,1360,3,6735.72,6026.2,2827.98,0.296875,1359,703,CTXsp,CTXsp,18,left,0
1360,1361,3,6736.4,6024.32,2828.9400000000005,0.3515625,1360,477,STR,STR,18,left,0
1361,1362,3,6737.28,6022.82,2829.9,0.3515625,1361,477,STR,STR,18,left,0
1362,1363,3,6738.98,6021.46,2830.8600000000006,0.2421875,1362,477,STR,STR,18,left,0
1363,1364,3,6740.7,6020.72,2832.040000000001,0.1640625,1363,477,STR,STR,18,left,0
1364,1365,3,6741.92,6020.3,2833.1399999999994,0.2421875,1364,477,STR,STR,18,left,0
1365,1366,3,6744.52,6019.68,2834.1399999999994,0.21484375,1365,477,STR,STR,18,left,0
1366,1367,3,6745.96,6019.36,2835.3,0.4609375,1366,477,STR,STR,18,left,0
1367,1368,3,6746.24,6018.4,2836.92,0.43359375,1367,477,STR,STR,18,left,0
1368,1369,3,6746.54,6018.08,2840.120000000001,0.43359375,1368,477,STR,STR,18,left,0
1369,1370,3,6747.24,6018.16,2841.4400000000005,0.37890625,1369,477,STR,STR,18,left,0
1370,1371,3,6748.88,6018.82,2842.32,0.3515625,1370,477,STR,STR,18,left,0
1371,1372,3,6749.6,6019.98,2843.7000000000007,0.21484375,1371,477,STR,STR,18,left,0
1372,1373,3,6751.28,6020.26,2845.2000000000007,0.40625,1372,477,STR,STR,18,left,0
1373,1374,3,6752.1,6021.4,2846.7000000000007,0.4609375,1373,477,STR,STR,18,left,0
1374,1375,3,6752.46,6023.0,2848.120000000001,0.515625,1374,477,STR,STR,18,left,0
1375,1376,3,6752.98,6024.88,2848.9,0.21484375,1375,477,STR,STR,18,left,0
1376,1377,3,6754.4,6026.38,2849.5200000000004,0.48828125,1376,477,STR,STR,18,left,0
1377,1378,3,6756.48,6027.9,2851.0,0.40625,1377,477,STR,STR,18,left,0
1378,1379,3,6757.86,6028.48,2852.22,0.37890625,1378,477,STR,STR,18,left,0
1379,1380,3,6758.8,6030.0,2854.26,0.26953125,1379,477,STR,STR,18,left,0
1380,1381,3,6759.74,6031.1,2855.379999999999,0.40625,1380,477,STR,STR,18,left,0
1381,1382,3,6762.24,6031.96,2856.5200000000004,0.32421875,1381,477,STR,STR,18,left,0
1382,1383,3,6765.62,6032.64,2858.0,0.296875,1382,477,STR,STR,18,left,0
1383,1384,3,6767.12,6032.72,2858.72,0.32421875,1383,477,STR,STR,18,left,0
1384,1385,3,6768.32,6032.96,2860.42,0.2421875,1384,477,STR,STR,18,left,0
1385,1386,3,6768.94,6033.42,2862.120000000001,0.296875,1385,477,STR,STR,18,left,0
1386,1387,3,6770.76,6033.68,2863.040000000001,0.1640625,1386,477,STR,STR,18,left,0
1387,1388,3,6772.56,6034.1,2864.379999999999,0.19140625,1387,477,STR,STR,18,left,0
1388,1389,3,6774.6,6034.82,2866.4,0.296875,1388,477,STR,STR,18,left,0
1389,1390,3,6777.28,6034.82,2867.879999999999,0.32421875,1389,477,STR,STR,18,left,0
1390,1391,3,6778.54,6034.86,2869.42,0.37890625,1390,477,STR,STR,18,left,0
1391,1392,3,6780.42,6034.46,2870.5,0.3515625,1391,477,STR,STR,18,left,0
1392,1393,3,6782.38,6034.3,2871.540000000001,0.1640625,1392,477,STR,STR,18,left,0
1393,1394,3,6783.58,6034.06,2872.6399999999994,0.3515625,1393,477,STR,STR,18,left,0
1394,1395,3,6785.2,6033.2,2873.540000000001,0.26953125,1394,477,STR,STR,18,left,0
1395,1396,3,6787.64,6031.68,2874.82,0.2421875,1395,477,STR,STR,18,left,0
1396,1397,3,6789.56,6030.5,2875.42,0.19140625,1396,477,STR,STR,18,left,0
1397,1398,3,6790.9,6029.24,2875.9,0.32421875,1397,477,STR,STR,18,left,0
1398,1399,3,6792.46,6027.92,2876.66,0.19140625,1398,477,STR,STR,18,left,0
1399,1400,3,6794.0,6025.98,2877.5599999999995,0.3515625,1399,477,STR,STR,18,left,0
1400,1401,3,6795.18,6025.26,2877.879999999999,0.296875,1400,477,STR,STR,18,left,0
1401,1402,3,6795.7,6024.18,2879.1000000000004,0.1640625,1401,477,STR,STR,18,left,0
1402,1403,3,6796.06,6021.98,2880.959999999999,0.26953125,1402,477,STR,STR,18,left,0
1403,1404,3,6796.78,6021.32,2882.08,0.4609375,1403,477,STR,STR,18,left,0
1404,1405,3,6798.96,6020.54,2883.58,0.40625,1404,477,STR,STR,18,left,0
1405,1406,3,6800.74,6019.76,2884.7000000000007,0.296875,1405,477,STR,STR,18,left,0
1406,1407,3,6802.9,6019.12,2885.5,0.2421875,1406,477,STR,STR,18,left,0
1407,1408,3,6803.82,6017.76,2885.48,0.00390625,1407,477,STR,STR,18,left,0
1408,1409,3,6806.26,6016.34,2885.6800000000003,0.26953125,1408,477,STR,STR,18,left,0
1409,1410,3,6808.02,6014.76,2886.0599999999995,0.1640625,1409,477,STR,STR,18,left,0
1410,1411,3,6808.72,6013.34,2886.2800000000007,0.48828125,1410,477,STR,STR,18,left,0
1411,1412,3,6810.68,6012.22,2886.3600000000006,0.32421875,1411,477,STR,STR,18,left,1
1412,1413,3,6628.0,5928.5,2735.040000000001,0.015625,303,303,BLAa,BLA,19,left,0
1413,1414,3,6627.96,5928.58,2735.8,0.0703125,303,303,BLAa,BLA,20,left,0
1414,1415,3,6628.4,5929.94,2734.5,0.32421875,1414,303,BLAa,BLA,20,left,0
1415,1416,3,6628.54,5932.08,2733.120000000001,0.40625,1415,303,BLAa,BLA,20,left,0
1416,1417,3,6628.86,5935.38,2730.16,0.32421875,1416,303,BLAa,BLA,20,left,0
1417,1418,3,6629.78,5937.14,2728.6399999999994,0.37890625,1417,303,BLAa,BLA,20,left,0
1418,1419,3,6630.8,5938.5,2727.0200000000004,0.32421875,1418,303,BLAa,BLA,20,left,0
1419,1420,3,6630.96,5940.16,2725.0200000000004,0.296875,1419,303,BLAa,BLA,20,left,0
1420,1421,3,6630.96,5941.94,2722.0599999999995,0.40625,1420,303,BLAa,BLA,20,left,0
1421,1422,3,6631.62,5942.0,2721.3600000000006,0.32421875,1421,303,BLAa,BLA,20,left,0
1422,1423,3,6632.56,5942.48,2719.16,0.32421875,1422,303,BLAa,BLA,20,left,0
1423,1424,3,6632.76,5943.72,2716.6399999999994,0.296875,1423,303,BLAa,BLA,20,left,0
1424,1425,3,6632.82,5945.98,2714.32,0.3515625,1424,303,BLAa,BLA,20,left,0
1425,1426,3,6633.34,5947.98,2713.0200000000004,0.54296875,1425,303,BLAa,BLA,20,left,0
1426,1427,3,6634.1,5949.72,2712.0200000000004,0.4609375,1426,303,BLAa,BLA,20,left,0
1427,1428,3,6634.36,5952.54,2710.0,0.4609375,1427,303,BLAa,BLA,20,left,0
1428,1429,3,6634.56,5955.02,2708.540000000001,0.3515625,1428,303,BLAa,BLA,20,left,0
1429,1430,3,6634.68,5957.1,2707.0200000000004,0.37890625,1429,303,BLAa,BLA,20,left,0
1430,1431,3,6634.9,5960.76,2704.22,0.37890625,1430,303,BLAa,BLA,20,left,0
1431,1432,3,6635.2,5962.88,2703.0200000000004,0.515625,1431,303,BLAa,BLA,20,left,0
1432,1433,3,6636.22,5963.44,2702.76,0.32421875,1432,303,BLAa,BLA,20,left,0
1433,1434,3,6636.22,5965.1,2700.66,0.01171875,1433,303,BLAa,BLA,20,left,0
1434,1435,3,6636.2,5966.86,2698.16,0.1640625,1434,303,BLAa,BLA,20,left,0
1435,1436,3,6636.24,5968.38,2695.9,0.32421875,1435,303,BLAa,BLA,20,left,0
1436,1437,3,6636.78,5968.84,2694.72,0.32421875,1436,303,BLAa,BLA,20,left,0
1437,1438,3,6636.84,5968.78,2690.8600000000006,0.43359375,1437,303,BLAa,BLA,20,left,0
1438,1439,3,6637.24,5969.34,2689.34,0.3515625,1438,303,BLAa,BLA,20,left,0
1439,1440,3,6639.82,5970.26,2687.84,0.32421875,1439,303,BLAa,BLA,20,left,0
1440,1441,3,6640.82,5971.34,2686.040000000001,0.48828125,1440,303,BLAa,BLA,20,left,0
1441,1442,3,6641.7,5972.48,2684.22,0.32421875,1441,303,BLAa,BLA,20,left,0
1442,1443,3,6642.12,5973.44,2682.620000000001,0.19140625,1442,303,BLAa,BLA,20,left,0
1443,1444,3,6641.96,5973.34,2681.1800000000003,0.0078125,1443,303,BLAa,BLA,20,left,0
1444,1445,3,6641.72,5974.26,2678.3600000000006,0.48828125,1444,303,BLAa,BLA,20,left,0
1445,1446,3,6641.04,5975.44,2676.5200000000004,0.32421875,1445,303,BLAa,BLA,20,left,0
1446,1447,3,6640.74,5977.36,2674.42,0.32421875,1446,303,BLAa,BLA,20,left,0
1447,1448,3,6640.58,5979.76,2672.459999999999,0.1640625,1447,303,BLAa,BLA,20,left,0
1448,1449,3,6640.04,5981.28,2671.5200000000004,0.43359375,1448,303,BLAa,BLA,20,left,0
1449,1450,3,6640.0,5983.86,2669.1000000000004,0.40625,1449,303,BLAa,BLA,20,left,0
1450,1451,3,6639.98,5985.12,2667.1800000000003,0.4609375,1450,303,BLAa,BLA,20,left,0
1451,1452,3,6640.06,5987.86,2664.040000000001,0.21484375,1451,303,BLAa,BLA,20,left,0
1452,1453,3,6640.06,5989.14,2662.32,0.32421875,1452,303,BLAa,BLA,20,left,0
1453,1454,3,6639.92,5990.02,2659.58,0.40625,1453,303,BLAa,BLA,20,left,0
1454,1455,3,6640.3,5989.96,2658.5599999999995,0.3515625,1454,303,BLAa,BLA,20,left,0
1455,1456,3,6640.62,5989.62,2655.66,0.48828125,1455,303,BLAa,BLA,20,left,0
1456,1457,3,6641.02,5989.3,2654.24,0.26953125,1456,303,BLAa,BLA,20,left,0
1457,1458,3,6641.26,5989.14,2652.34,0.2421875,1457,303,BLAa,BLA,20,left,0
1458,1459,3,6641.1,5988.74,2649.8600000000006,0.296875,1458,303,BLAa,BLA,20,left,0
1459,1460,3,6641.66,5988.6,2648.5599999999995,0.32421875,1459,303,BLAa,BLA,20,left,0
1460,1461,3,6642.74,5988.5,2648.3600000000006,0.0546875,1460,303,BLAa,BLA,20,left,0
1461,1462,3,6642.66,5988.42,2645.4400000000005,0.40625,1461,303,BLAa,BLA,20,left,0
1462,1463,3,6642.7,5988.38,2644.2000000000007,0.32421875,1462,303,BLAa,BLA,20,left,0
1463,1464,3,6643.86,5988.28,2643.6399999999994,0.40625,1463,303,BLAa,BLA,20,left,0
1464,1465,3,6644.82,5987.96,2642.1399999999994,0.43359375,1464,303,BLAa,BLA,20,left,0
1465,1466,3,6645.92,5987.56,2640.0,0.21484375,1465,303,BLAa,BLA,20,left,0
1466,1467,3,6646.54,5987.46,2638.040000000001,0.40625,1466,303,BLAa,BLA,20,left,0
1467,1468,3,6647.84,5987.42,2637.120000000001,0.32421875,1467,303,BLAa,BLA,20,left,0
1468,1469,3,6648.88,5987.66,2635.7000000000007,0.40625,1468,303,BLAa,BLA,20,left,0
1469,1470,3,6650.36,5987.52,2634.48,0.40625,1469,303,BLAa,BLA,20,left,0
1470,1471,3,6652.1,5987.36,2633.5200000000004,0.40625,1470,303,BLAa,BLA,20,left,0
1471,1472,3,6654.16,5987.14,2632.4,0.296875,1471,303,BLAa,BLA,20,left,0
1472,1473,3,6655.74,5986.98,2631.1399999999994,0.26953125,1472,303,BLAa,BLA,20,left,0
1473,1474,3,6658.02,5986.74,2629.540000000001,0.26953125,1473,303,BLAa,BLA,20,left,0
1474,1475,3,6659.14,5986.38,2628.8600000000006,0.37890625,1474,303,BLAa,BLA,20,left,1
1475,1476,3,6298.46,5861.02,2833.540000000001,0.00390625,474,544,CEAc,CEA,21,left,0
1476,1477,3,6298.12,5857.38,2835.48,0.43359375,1476,544,CEAc,CEA,21,left,0
1477,1478,3,6297.38,5855.76,2836.6800000000003,0.40625,1477,544,CEAc,CEA,21,left,0
1478,1479,3,6296.88,5853.28,2838.32,0.32421875,1478,544,CEAc,CEA,21,left,0
1479,1480,3,6296.12,5851.78,2838.92,0.5703125,1479,544,CEAc,CEA,21,left,0
1480,1481,3,6295.34,5849.14,2839.5599999999995,0.48828125,1480,544,CEAc,CEA,21,left,0
1481,1482,3,6294.44,5846.96,2840.72,0.40625,1481,544,CEAc,CEA,21,left,0
1482,1483,3,6292.84,5844.88,2842.34,0.48828125,1482,544,CEAc,CEA,21,left,0
1483,1484,3,6291.4,5844.0,2843.7800000000007,0.48828125,1483,544,CEAc,CEA,21,left,0
1484,1485,3,6289.86,5842.92,2844.92,0.296875,1484,544,CEAc,CEA,21,left,0
1485,1486,3,6288.62,5841.68,2846.1800000000003,0.48828125,1485,544,CEAc,CEA,21,left,0
1486,1487,3,6287.92,5841.26,2847.8600000000006,0.48828125,1486,544,CEAc,CEA,21,left,0
1487,1488,3,6287.32,5840.36,2850.2800000000007,0.48828125,1487,544,CEAc,CEA,21,left,0
1488,1489,3,6285.5,5839.8,2851.0599999999995,0.40625,1488,544,CEAc,CEA,21,left,0
1489,1490,3,6284.66,5837.18,2851.7800000000007,0.1640625,1489,544,CEAc,CEA,21,left,0
1490,1491,3,6284.42,5834.5,2852.74,0.2421875,1490,544,CEAc,CEA,21,left,0
1491,1492,3,6284.0,5830.74,2853.32,0.59765625,1491,544,CEAc,CEA,21,left,0
1492,1493,3,6283.6,5829.04,2853.0599999999995,0.2421875,1492,544,CEAc,CEA,21,left,0
1493,1494,3,6282.58,5828.18,2852.4,0.21484375,1493,544,CEAc,CEA,21,left,0
1494,1495,3,6282.06,5826.78,2850.9,0.43359375,1494,544,CEAc,CEA,21,left,0
1495,1496,3,6281.68,5824.74,2850.0200000000004,0.48828125,1495,544,CEAc,CEA,21,left,1
1496,1497,3,6298.52,5862.78,2832.040000000001,0.0078125,474,544,CEAc,CEA,22,left,0
1497,1498,3,6297.74,5859.04,2831.9400000000005,0.43359375,1497,544,CEAc,CEA,22,left,0
1498,1499,3,6296.82,5857.18,2831.82,0.67578125,1498,544,CEAc,CEA,22,left,0
1499,1500,3,6295.72,5853.84,2832.0599999999995,0.1640625,1499,544,CEAc,CEA,22,left,0
1500,1501,2,6467.8,6138.54,2802.84,0.32421875,1113,1105,IA,IA,23,left,0
1501,1502,2,6467.3,6140.08,2803.6800000000003,0.3515625,1501,1105,IA,IA,23,left,0
1502,1503,2,6467.54,6142.34,2803.92,0.19140625,1502,1105,IA,IA,23,left,0
1503,1504,2,6466.82,6143.96,2804.1000000000004,0.37890625,1503,1105,IA,IA,23,left,0
1504,1505,2,6466.08,6146.06,2804.7000000000007,0.3515625,1504,1105,IA,IA,23,left,0
1505,1506,2,6465.8,6147.48,2805.6000000000004,0.296875,1505,1105,IA,IA,23,left,0
1506,1507,2,6464.7,6148.9,2806.3600000000006,0.37890625,1506,1105,IA,IA,23,left,0
1507,1508,2,6463.56,6149.88,2806.74,0.32421875,1507,1105,IA,IA,23,left,0
1508,1509,2,6462.74,6151.7,2808.040000000001,0.37890625,1508,1105,IA,IA,23,left,0
1509,1510,2,6461.46,6153.86,2809.1800000000003,0.296875,1509,1105,IA,IA,23,left,0
1510,1511,2,6460.76,6155.76,2810.2000000000007,0.2421875,1510,1105,IA,IA,23,left,0
1511,1512,2,6459.8,6157.18,2811.0,0.21484375,1511,1105,IA,IA,23,left,0
1512,1513,2,6460.02,6159.7,2812.08,0.43359375,1512,1105,IA,IA,23,left,0
1513,1514,2,6460.16,6161.52,2812.48,0.48828125,1513,1105,IA,IA,23,left,0
1514,1515,2,6459.08,6162.5,2812.5,0.43359375,1514,1105,IA,IA,23,left,0
1515,1516,2,6456.36,6164.88,2811.76,0.4609375,1515,1105,IA,IA,23,left,0
1516,1517,2,6454.72,6166.3,2811.22,0.26953125,1516,1105,IA,IA,23,left,0
1517,1518,2,6454.66,6168.36,2811.0,0.19140625,1517,1105,IA,IA,23,left,0
1518,1519,2,6454.88,6170.64,2811.5599999999995,0.296875,1518,1105,IA,IA,23,left,0
1519,1520,2,6454.4,6172.28,2812.0599999999995,0.3515625,1519,1105,IA,IA,23,left,0
1520,1521,2,6454.22,6174.4,2812.48,0.26953125,1520,1105,IA,IA,23,left,0
1521,1522,2,6453.52,6175.54,2813.34,0.2421875,1521,1105,IA,IA,23,left,0
1522,1523,2,6452.42,6176.18,2814.3600000000006,0.26953125,1522,1105,IA,IA,23,left,0
1523,1524,2,6452.04,6177.3,2815.7800000000007,0.32421875,1523,1105,IA,IA,23,left,0
1524,1525,2,6452.42,6178.82,2817.6399999999994,0.37890625,1524,1105,IA,IA,23,left,0
1525,1526,2,6452.74,6179.98,2819.24,0.43359375,1525,1105,IA,IA,23,left,0
1526,1527,2,6453.16,6181.56,2821.379999999999,0.62109375,1526,1105,IA,IA,23,left,0
1527,1528,2,6453.52,6182.88,2823.32,0.4609375,1527,1105,IA,IA,23,left,0
1528,1529,2,6453.8,6183.58,2825.32,0.4609375,1528,1105,IA,IA,23,left,0
1529,1530,2,6454.1,6184.12,2827.84,0.2421875,1529,1105,IA,IA,23,left,0
1530,1531,2,6454.34,6184.9,2829.26,0.43359375,1530,1105,IA,IA,23,left,0
1531,1532,2,6454.84,6185.72,2833.66,0.296875,1531,1105,IA,IA,23,left,0
1532,1533,2,6455.36,6184.98,2835.42,0.1640625,1532,1105,IA,IA,23,left,0
1533,1534,2,6456.46,6183.32,2836.6800000000003,0.1640625,1533,1105,IA,IA,23,left,0
1534,1535,2,6457.16,6180.54,2838.459999999999,0.26953125,1534,1105,IA,IA,23,left,0
1535,1536,2,6458.08,6179.06,2839.34,0.2421875,1535,1105,IA,IA,23,left,0
1536,1537,2,6458.96,6176.94,2840.620000000001,0.1640625,1536,1105,IA,IA,23,left,0
1537,1538,2,6460.3,6175.42,2841.26,0.2421875,1537,1105,IA,IA,23,left,0
1538,1539,2,6462.08,6173.58,2842.2800000000007,0.1640625,1538,1105,IA,IA,23,left,0
1539,1540,2,6462.68,6172.16,2843.5599999999995,0.4609375,1539,1105,IA,IA,23,left,0
1540,1541,2,6464.4,6170.98,2844.6800000000003,0.1640625,1540,1105,IA,IA,23,left,0
1541,1542,2,6465.28,6169.98,2845.8,0.19140625,1541,1105,IA,IA,23,left,0
1542,1543,2,6467.56,6168.24,2846.9,0.2421875,1542,1105,IA,IA,23,left,0
1543,1544,2,6468.42,6166.02,2847.1000000000004,0.4609375,1543,1105,IA,IA,23,left,0
1544,1545,2,6468.72,6164.14,2847.22,0.40625,1544,1105,IA,IA,23,left,0
1545,1546,2,6470.54,6163.6,2847.9400000000005,0.1640625,1545,1105,IA,IA,23,left,0
1546,1547,2,6472.18,6162.68,2848.5599999999995,0.37890625,1546,1105,IA,IA,23,left,0
1547,1548,2,6473.14,6161.08,2849.1000000000004,0.1640625,1547,1105,IA,IA,23,left,0
1548,1549,2,6474.6,6160.24,2848.620000000001,0.32421875,1548,1105,IA,IA,23,left,0
1549,1550,2,6476.96,6159.84,2848.32,0.32421875,1549,1105,IA,IA,23,left,0
1550,1551,2,6478.66,6159.48,2848.379999999999,0.3515625,1550,1105,IA,IA,23,left,0
1551,1552,2,6480.5,6158.22,2848.540000000001,0.32421875,1551,1105,IA,IA,23,left,0
1552,1553,2,6482.32,6156.98,2848.5599999999995,0.3515625,1552,1105,IA,IA,23,left,0
1553,1554,2,6483.04,6156.0,2848.42,0.19140625,1553,1105,IA,IA,23,left,0
1554,1555,2,6484.92,6154.3,2848.26,0.26953125,1554,1105,IA,IA,23,left,0
1555,1556,2,6485.96,6153.06,2848.1800000000003,0.296875,1555,1105,IA,IA,23,left,0
1556,1557,2,6488.06,6151.68,2848.32,0.32421875,1556,1105,IA,IA,23,left,0
1557,1558,2,6489.2,6150.66,2848.459999999999,0.2421875,1557,1105,IA,IA,23,left,0
1558,1559,2,6491.26,6149.44,2848.82,0.40625,1558,1105,IA,IA,23,left,0
1559,1560,2,6492.78,6148.6,2849.74,0.26953125,1559,1105,IA,IA,23,left,0
1560,1561,2,6494.52,6147.78,2851.24,0.32421875,1560,1105,IA,IA,23,left,0
1561,1562,2,6495.24,6146.42,2852.3600000000006,0.3515625,1561,1105,IA,IA,23,left,0
1562,1563,2,6497.72,6145.06,2853.040000000001,0.32421875,1562,1105,IA,IA,23,left,0
1563,1564,2,6498.76,6143.86,2853.4,0.1640625,1563,1105,IA,IA,23,left,0
1564,1565,2,6501.32,6142.64,2853.6000000000004,0.2421875,1564,1105,IA,IA,23,left,0
1565,1566,2,6502.66,6141.28,2853.1800000000003,0.3515625,1565,1105,IA,IA,23,left,0
1566,1567,2,6504.58,6139.68,2852.32,0.3515625,1566,1105,IA,IA,23,left,0
1567,1568,2,6506.38,6138.78,2851.959999999999,0.3515625,1567,1105,IA,IA,23,left,0
1568,1569,2,6507.38,6137.7,2851.879999999999,0.40625,1568,1105,IA,IA,23,left,0
1569,1570,2,6508.62,6136.96,2851.5200000000004,0.01953125,1569,1105,IA,IA,23,left,0
1570,1571,2,6510.1,6134.92,2851.26,0.1640625,1570,1105,IA,IA,23,left,0
1571,1572,2,6511.2,6132.78,2851.4,0.37890625,1571,1105,IA,IA,23,left,0
1572,1573,2,6512.1,6130.48,2851.16,0.26953125,1572,1105,IA,IA,23,left,0
1573,1574,2,6513.04,6128.7,2850.7000000000007,0.2421875,1573,1105,IA,IA,23,left,0
1574,1575,2,6514.26,6125.84,2850.1800000000003,0.32421875,1574,1105,IA,IA,23,left,0
1575,1576,2,6515.24,6123.82,2849.74,0.32421875,1575,477,STR,STR,23,left,0
1576,1577,2,6516.32,6121.86,2849.6399999999994,0.32421875,1576,477,STR,STR,23,left,0
1577,1578,2,6516.62,6119.2,2849.98,0.296875,1577,477,STR,STR,23,left,0
1578,1579,2,6517.36,6117.56,2850.0599999999995,0.43359375,1578,477,STR,STR,23,left,0
1579,1580,2,6518.6,6115.68,2849.84,0.2421875,1579,477,STR,STR,23,left,0
1580,1581,2,6519.52,6113.42,2849.3600000000006,0.32421875,1580,477,STR,STR,23,left,0
1581,1582,2,6520.42,6111.86,2848.6800000000003,0.1640625,1581,477,STR,STR,23,left,0
1582,1583,2,6522.4,6110.34,2847.9400000000005,0.1640625,1582,477,STR,STR,23,left,0
1583,1584,2,6523.6,6109.02,2847.1000000000004,0.296875,1583,477,STR,STR,23,left,0
1584,1585,2,6525.24,6107.64,2846.72,0.1640625,1584,477,STR,STR,23,left,0
1585,1586,2,6526.4,6105.74,2847.5200000000004,0.296875,1585,477,STR,STR,23,left,0
1586,1587,2,6527.3,6103.22,2848.1800000000003,0.296875,1586,477,STR,STR,23,left,0
1587,1588,2,6527.26,6100.9,2848.22,0.40625,1587,477,STR,STR,23,left,0
1588,1589,2,6527.94,6099.04,2848.379999999999,0.32421875,1588,477,STR,STR,23,left,0
1589,1590,2,6529.06,6097.4,2848.120000000001,0.19140625,1589,477,STR,STR,23,left,0
1590,1591,2,6530.8,6095.72,2848.22,0.32421875,1590,477,STR,STR,23,left,0
1591,1592,2,6532.16,6093.98,2848.76,0.21484375,1591,477,STR,STR,23,left,0
1592,1593,2,6532.26,6089.68,2849.6800000000003,0.3515625,1592,477,STR,STR,23,left,0
1593,1594,2,6532.22,6087.7,2850.1000000000004,0.48828125,1593,477,STR,STR,23,left,0
1594,1595,2,6532.88,6086.16,2851.0,0.1640625,1594,477,STR,STR,23,left,0
1595,1596,2,6532.92,6084.4,2852.5200000000004,0.37890625,1595,477,STR,STR,23,left,0
1596,1597,2,6532.66,6082.14,2854.24,0.32421875,1596,477,STR,STR,23,left,0
1597,1598,2,6531.84,6080.94,2854.6800000000003,0.4609375,1597,477,STR,STR,23,left,0
1598,1599,2,6531.34,6078.46,2855.84,0.1640625,1598,477,STR,STR,23,left,0
1599,1600,2,6531.1,6077.0,2857.0200000000004,0.21484375,1599,477,STR,STR,23,left,0
1600,1601,2,6530.18,6076.82,2857.3,0.32421875,1600,477,STR,STR,23,left,0
1601,1602,2,6467.26,6136.6,2800.42,0.00390625,1113,1105,IA,IA,24,left,0
1602,1603,2,6465.04,6136.6,2799.3,0.32421875,1602,1105,IA,IA,24,left,0
1603,1604,2,6464.06,6136.4,2797.879999999999,0.21484375,1603,1105,IA,IA,24,left,0
1604,1605,2,6463.72,6135.08,2796.1399999999994,0.43359375,1604,1105,IA,IA,24,left,0
1605,1606,2,6463.18,6132.44,2794.379999999999,0.54296875,1605,703,CTXsp,CTXsp,24,left,0
1606,1607,2,6462.56,6129.22,2792.8,0.32421875,1606,703,CTXsp,CTXsp,24,left,0
1607,1608,2,6461.98,6126.18,2791.32,0.1640625,1607,703,CTXsp,CTXsp,24,left,0
1608,1609,2,6461.64,6124.1,2790.76,0.3515625,1608,703,CTXsp,CTXsp,24,left,0
1609,1610,2,6461.86,6121.08,2790.9400000000005,0.1640625,1609,703,CTXsp,CTXsp,24,left,0
1610,1611,2,6462.78,6119.08,2790.7800000000007,0.32421875,1610,703,CTXsp,CTXsp,24,left,0
1611,1612,2,6462.98,6115.76,2791.26,0.00390625,1611,703,CTXsp,CTXsp,24,left,0
1612,1613,2,6463.14,6111.18,2791.9400000000005,0.40625,1612,703,CTXsp,CTXsp,24,left,0
1613,1614,2,6462.86,6108.84,2792.4400000000005,0.19140625,1613,703,CTXsp,CTXsp,24,left,0
1614,1615,2,6462.94,6105.28,2793.540000000001,0.37890625,1614,703,CTXsp,CTXsp,24,left,0
1615,1616,2,6463.8,6103.02,2794.92,0.26953125,1615,703,CTXsp,CTXsp,24,left,0
1616,1617,2,6465.06,6101.36,2795.84,0.1640625,1616,477,STR,STR,24,left,0
1617,1618,2,6465.28,6099.72,2797.48,0.43359375,1617,477,STR,STR,24,left,0
1618,1619,2,6465.12,6097.56,2798.0200000000004,0.2421875,1618,477,STR,STR,24,left,0
1619,1620,2,6465.72,6095.54,2797.9,0.296875,1619,477,STR,STR,24,left,0
1620,1621,2,6467.42,6092.84,2798.620000000001,0.40625,1620,477,STR,STR,24,left,0
1621,1622,2,6468.44,6091.2,2799.4,0.40625,1621,477,STR,STR,24,left,0
1622,1623,2,6468.92,6088.98,2800.459999999999,0.26953125,1622,477,STR,STR,24,left,0
1623,1624,2,6470.02,6087.56,2800.76,0.296875,1623,477,STR,STR,24,left,0
1624,1625,2,6470.3,6084.1,2800.8,0.00390625,1624,477,STR,STR,24,left,0
1625,1626,2,6470.88,6081.76,2800.9400000000005,0.54296875,1625,477,STR,STR,24,left,0
1626,1627,2,6471.84,6079.2,2801.0200000000004,0.296875,1626,477,STR,STR,24,left,0
1627,1628,2,6472.66,6076.0,2801.22,0.1640625,1627,477,STR,STR,24,left,0
1628,1629,2,6472.94,6074.28,2801.6000000000004,0.1640625,1628,477,STR,STR,24,left,0
1629,1630,2,6472.94,6071.46,2801.379999999999,0.62109375,1629,477,STR,STR,24,left,0
1630,1631,2,6473.54,6069.12,2801.42,0.2421875,1630,477,STR,STR,24,left,0
1631,1632,2,6474.18,6067.6,2801.7800000000007,0.37890625,1631,477,STR,STR,24,left,0
1632,1633,2,6473.26,6066.22,2802.379999999999,0.0078125,1632,477,STR,STR,24,left,0
1633,1634,2,6473.62,6064.28,2802.620000000001,0.21484375,1633,477,STR,STR,24,left,0
1634,1635,2,6473.46,6061.96,2801.8,0.54296875,1634,477,STR,STR,24,left,0
1635,1636,2,6473.82,6060.0,2801.16,0.26953125,1635,477,STR,STR,24,left,0
1636,1637,2,6474.86,6059.02,2800.6800000000003,0.32421875,1636,477,STR,STR,24,left,0
1637,1638,2,6474.78,6057.26,2799.76,0.26953125,1637,477,STR,STR,24,left,0
1638,1639,2,6497.62,6085.56,2826.879999999999,0.4609375,1136,477,STR,STR,25,left,0
1639,1640,2,6496.76,6087.32,2826.2000000000007,0.3515625,1639,477,STR,STR,25,left,0
1640,1641,2,6496.36,6089.6,2826.2000000000007,0.1640625,1640,477,STR,STR,25,left,0
1641,1642,2,6494.54,6091.62,2825.98,0.40625,1641,477,STR,STR,25,left,0
1642,1643,2,6494.0,6093.78,2825.5,0.48828125,1642,477,STR,STR,25,left,0
1643,1644,2,6492.1,6095.34,2824.3600000000006,0.3515625,1643,477,STR,STR,25,left,0
1644,1645,2,6490.98,6097.1,2823.5599999999995,0.26953125,1644,477,STR,STR,25,left,0
1645,1646,2,6489.74,6099.32,2822.48,0.3515625,1645,477,STR,STR,25,left,0
1646,1647,2,6489.4,6102.76,2821.22,0.37890625,1646,477,STR,STR,25,left,0
1647,1648,2,6488.9,6104.5,2820.8,0.2421875,1647,477,STR,STR,25,left,0
1648,1649,2,6487.48,6106.7,2819.82,0.26953125,1648,477,STR,STR,25,left,0
1649,1650,2,6486.0,6108.96,2818.84,0.32421875,1649,477,STR,STR,25,left,0
1650,1651,2,6486.1,6111.42,2818.1800000000003,0.37890625,1650,477,STR,STR,25,left,0
1651,1652,2,6485.06,6115.26,2817.4,0.37890625,1651,477,STR,STR,25,left,0
1652,1653,2,6484.1,6118.22,2816.74,0.48828125,1652,477,STR,STR,25,left,0
1653,1654,2,6482.8,6119.82,2815.7800000000007,0.32421875,1653,477,STR,STR,25,left,0
1654,1655,2,6481.08,6121.32,2815.16,0.59765625,1654,477,STR,STR,25,left,0
1655,1656,2,6480.62,6123.02,2814.9400000000005,0.19140625,1655,703,CTXsp,CTXsp,25,left,0
1656,1657,2,6480.5,6126.74,2814.58,0.2421875,1656,1105,IA,IA,25,left,0
1657,1658,2,6480.52,6129.46,2814.3,0.4609375,1657,1105,IA,IA,25,left,0
1658,1659,2,6479.88,6131.78,2813.6800000000003,0.43359375,1658,1105,IA,IA,25,left,0
1659,1660,2,6478.56,6133.72,2813.26,0.26953125,1659,1105,IA,IA,25,left,0
1660,1661,2,6477.98,6136.46,2812.92,0.32421875,1660,1105,IA,IA,25,left,0
1661,1662,2,6476.9,6138.22,2812.7000000000007,0.19140625,1661,1105,IA,IA,25,left,0
1662,1663,2,6475.46,6140.64,2812.74,0.00390625,1662,1105,IA,IA,25,left,0
1663,1664,2,6474.52,6143.2,2812.459999999999,0.32421875,1663,1105,IA,IA,25,left,0
1664,1665,2,6473.46,6145.12,2812.42,0.78515625,1664,1105,IA,IA,25,left,0
1665,1666,2,6473.5,6147.7,2812.0,0.21484375,1665,1105,IA,IA,25,left,0
1666,1667,2,6472.98,6150.04,2811.620000000001,0.32421875,1666,1105,IA,IA,25,left,0
1667,1668,2,6472.1,6151.5,2811.6000000000004,0.48828125,1667,1105,IA,IA,25,left,0
1668,1669,2,6497.1,6087.1,2827.7000000000007,0.3515625,1136,477,STR,STR,26,left,0
1669,1670,2,6496.38,6090.24,2825.92,0.43359375,1669,477,STR,STR,26,left,0
1670,1671,2,6496.06,6091.46,2824.3600000000006,0.37890625,1670,477,STR,STR,26,left,0
1671,1672,2,6495.32,6089.92,2822.459999999999,0.01171875,1671,477,STR,STR,26,left,0
1672,1673,2,6494.44,6088.68,2821.92,0.21484375,1672,477,STR,STR,26,left,0
1673,1674,2,6493.92,6084.72,2822.24,0.515625,1673,477,STR,STR,26,left,0
1674,1675,2,6494.32,6083.12,2821.8600000000006,0.2421875,1674,477,STR,STR,26,left,0
1675,1676,2,6494.72,6080.9,2820.7800000000007,0.3515625,1675,477,STR,STR,26,left,0
1676,1677,2,6495.02,6079.42,2820.040000000001,0.3515625,1676,477,STR,STR,26,left,0
1677,1678,2,6495.46,6076.4,2819.3,0.32421875,1677,477,STR,STR,26,left,0
1678,1679,2,6496.22,6074.32,2817.9400000000005,0.4609375,1678,477,STR,STR,26,left,0
1679,1680,2,6496.1,6072.32,2816.82,0.37890625,1679,477,STR,STR,26,left,0
1680,1681,2,6497.5,6070.54,2816.4,0.40625,1680,477,STR,STR,26,left,0
1681,1682,2,6497.6,6068.2,2816.8,0.515625,1681,477,STR,STR,26,left,0
1682,1683,2,6498.22,6065.56,2816.58,0.00390625,1682,477,STR,STR,26,left,0
1683,1684,2,6497.72,6061.06,2816.7800000000007,0.6484375,1683,477,STR,STR,26,left,0
1684,1685,2,6497.32,6058.08,2816.8600000000006,0.296875,1684,477,STR,STR,26,left,0
1685,1686,2,6497.16,6055.58,2816.540000000001,0.40625,1685,477,STR,STR,26,left,0
1686,1687,2,6498.06,6054.4,2815.84,0.26953125,1686,477,STR,STR,26,left,0
1687,1688,2,6497.58,6053.12,2815.0599999999995,0.01953125,1687,477,STR,STR,26,left,0
1688,1689,2,6497.44,6050.96,2813.9,0.4609375,1688,477,STR,STR,26,left,0
1689,1690,2,6497.96,6049.88,2812.42,0.2421875,1689,477,STR,STR,26,left,0
1690,1691,2,6498.32,6048.28,2811.34,0.1640625,1690,477,STR,STR,26,left,0
1691,1692,2,6498.68,6045.08,2810.6000000000004,0.21484375,1691,477,STR,STR,26,left,0
1692,1693,2,6499.82,6043.84,2810.4400000000005,0.1640625,1692,477,STR,STR,26,left,0
1693,1694,2,6513.28,6054.26,2817.540000000001,0.00390625,1143,477,STR,STR,27,left,0
1694,1695,2,6513.66,6057.8,2816.58,0.1640625,1694,477,STR,STR,27,left,0
1695,1696,2,6513.28,6059.52,2815.959999999999,0.32421875,1695,477,STR,STR,27,left,0
1696,1697,2,6512.16,6061.06,2815.72,0.40625,1696,477,STR,STR,27,left,0
1697,1698,2,6511.96,6063.32,2815.5599999999995,0.43359375,1697,477,STR,STR,27,left,0
1698,1699,2,6509.78,6065.24,2815.74,0.32421875,1698,477,STR,STR,27,left,0
1699,1700,2,6508.4,6066.0,2816.1399999999994,0.48828125,1699,477,STR,STR,27,left,0
1700,1701,2,6508.38,6066.96,2816.9400000000005,0.32421875,1700,477,STR,STR,27,left,0
1701,1702,2,6507.24,6068.18,2817.5599999999995,0.37890625,1701,477,STR,STR,27,left,0
1702,1703,2,6505.9,6068.82,2818.24,0.296875,1702,477,STR,STR,27,left,0
1703,1704,2,6513.02,6053.16,2816.3,0.01171875,1143,477,STR,STR,28,left,0
1704,1705,2,6512.62,6055.56,2814.22,0.2421875,1704,477,STR,STR,28,left,0
1705,1706,2,6512.12,6057.16,2812.620000000001,0.2421875,1705,477,STR,STR,28,left,0
1706,1707,2,6512.1,6059.66,2809.42,0.1640625,1706,477,STR,STR,28,left,0
1707,1708,2,6512.02,6060.32,2807.74,0.296875,1707,477,STR,STR,28,left,0
1708,1709,2,6513.06,6059.9,2805.0200000000004,0.48828125,1708,477,STR,STR,28,left,0
1709,1710,2,6514.1,6058.6,2803.8,0.40625,1709,477,STR,STR,28,left,0
1710,1711,2,6514.84,6057.64,2802.379999999999,0.32421875,1710,477,STR,STR,28,left,0
1711,1712,2,6516.04,6057.1,2802.0599999999995,0.3515625,1711,477,STR,STR,28,left,0
1712,1713,2,6516.24,6056.84,2799.7800000000007,0.40625,1712,477,STR,STR,28,left,0
1713,1714,2,6516.08,6056.52,2798.66,0.4609375,1713,477,STR,STR,28,left,0
1714,1715,2,6515.18,6056.76,2797.540000000001,0.00390625,1714,477,STR,STR,28,left,0
1715,1716,2,6514.68,6058.26,2797.34,0.2421875,1715,477,STR,STR,28,left,0
1716,1717,2,6513.38,6059.68,2797.92,0.32421875,1716,477,STR,STR,28,left,0
1717,1718,2,6512.62,6061.3,2798.24,0.19140625,1717,477,STR,STR,28,left,0
1718,1719,2,6511.9,6063.06,2798.7000000000007,0.4609375,1718,477,STR,STR,28,left,0
1719,1720,2,6511.5,6065.16,2798.92,0.32421875,1719,477,STR,STR,28,left,0
1720,1721,2,6510.64,6066.0,2798.6800000000003,0.2421875,1720,477,STR,STR,28,left,0
1721,1722,2,6507.82,6066.58,2798.0599999999995,0.21484375,1721,477,STR,STR,28,left,0
1722,1723,2,6506.68,6067.56,2797.620000000001,0.26953125,1722,477,STR,STR,28,left,0
1723,1724,2,6506.04,6069.34,2795.959999999999,0.32421875,1723,477,STR,STR,28,left,0
1724,1725,3,6823.12,5794.58,2732.8600000000006,0.0078125,1281,303,BLAa,BLA,29,left,0
1725,1726,3,6825.96,5792.88,2733.08,0.2421875,1725,303,BLAa,BLA,29,left,0
1726,1727,3,6827.66,5791.36,2733.879999999999,0.21484375,1726,303,BLAa,BLA,29,left,0
1727,1728,3,6829.16,5789.74,2735.08,0.515625,1727,303,BLAa,BLA,29,left,0
1728,1729,3,6830.64,5789.32,2735.66,0.40625,1728,303,BLAa,BLA,29,left,0
1729,1730,3,6833.34,5787.82,2736.2000000000007,0.1640625,1729,303,BLAa,BLA,29,left,0
1730,1731,3,6834.66,5785.72,2736.22,0.3515625,1730,303,BLAa,BLA,29,left,0
1731,1732,3,6836.82,5784.36,2735.7800000000007,0.26953125,1731,303,BLAa,BLA,29,left,0
1732,1733,3,6838.32,5783.72,2735.120000000001,0.40625,1732,303,BLAa,BLA,29,left,0
1733,1734,3,6839.5,5783.12,2734.379999999999,0.21484375,1733,303,BLAa,BLA,29,left,0
1734,1735,3,6841.68,5782.84,2733.82,0.32421875,1734,303,BLAa,BLA,29,left,0
1735,1736,3,6842.94,5782.92,2733.6399999999994,0.37890625,1735,303,BLAa,BLA,29,left,0
1736,1737,3,6845.48,5782.52,2732.58,0.32421875,1736,303,BLAa,BLA,29,left,0
1737,1738,3,6847.16,5782.02,2731.5200000000004,0.40625,1737,303,BLAa,BLA,29,left,0
1738,1739,3,6849.52,5780.54,2730.6000000000004,0.48828125,1738,303,BLAa,BLA,29,left,0
1739,1740,3,6851.12,5779.88,2729.6800000000003,0.4609375,1739,303,BLAa,BLA,29,left,0
1740,1741,3,6852.94,5778.94,2729.1399999999994,0.296875,1740,303,BLAa,BLA,29,left,0
1741,1742,3,6854.56,5777.96,2728.620000000001,0.3515625,1741,303,BLAa,BLA,29,left,0
1742,1743,3,6855.48,5776.78,2727.8,0.32421875,1742,303,BLAa,BLA,29,left,0
1743,1744,3,6857.46,5774.7,2727.08,0.19140625,1743,303,BLAa,BLA,29,left,0
1744,1745,3,6858.72,5773.0,2726.4,0.40625,1744,303,BLAa,BLA,29,left,0
1745,1746,3,6859.16,5771.64,2725.98,0.21484375,1745,303,BLAa,BLA,29,left,0
1746,1747,3,6860.62,5770.9,2726.08,0.32421875,1746,303,BLAa,BLA,29,left,0
1747,1748,3,6861.78,5769.52,2724.9400000000005,0.00390625,1747,303,BLAa,BLA,29,left,0
1748,1749,3,6862.96,5767.68,2724.1000000000004,0.4609375,1748,303,BLAa,BLA,29,left,0
1749,1750,3,6864.36,5767.22,2723.379999999999,0.32421875,1749,303,BLAa,BLA,29,left,0
1750,1751,3,6864.72,5767.02,2721.540000000001,0.37890625,1750,303,BLAa,BLA,29,left,0
1751,1752,3,6866.18,5766.36,2720.4400000000005,0.43359375,1751,303,BLAa,BLA,29,left,0
1752,1753,3,6866.94,5764.78,2719.8,0.26953125,1752,303,BLAa,BLA,29,left,0
1753,1754,3,6868.86,5763.74,2718.48,0.1640625,1753,303,BLAa,BLA,29,left,0
1754,1755,3,6870.06,5763.24,2716.98,0.19140625,1754,303,BLAa,BLA,29,left,0
1755,1756,3,6871.04,5761.9,2716.040000000001,0.37890625,1755,303,BLAa,BLA,29,left,0
1756,1757,3,6871.2,5760.38,2714.6399999999994,0.4609375,1756,303,BLAa,BLA,29,left,0
1757,1758,3,6872.62,5759.2,2713.9,0.296875,1757,303,BLAa,BLA,29,left,0
1758,1759,3,6873.14,5757.82,2712.7000000000007,0.26953125,1758,303,BLAa,BLA,29,left,0
1759,1760,3,6873.24,5755.5,2711.4400000000005,0.54296875,1759,303,BLAa,BLA,29,left,0
1760,1761,3,6873.26,5752.6,2710.7800000000007,0.296875,1760,303,BLAa,BLA,29,left,0
1761,1762,3,6873.7,5750.2,2710.5,0.3515625,1761,303,BLAa,BLA,29,left,0
1762,1763,3,6874.32,5748.1,2709.92,0.40625,1762,303,BLAa,BLA,29,left,0
1763,1764,3,6874.1,5745.7,2709.4,0.3515625,1763,303,BLAa,BLA,29,left,0
1764,1765,3,6874.44,5743.42,2709.0,0.26953125,1764,303,BLAa,BLA,29,left,0
1765,1766,3,6875.56,5742.32,2708.4,0.26953125,1765,303,BLAa,BLA,29,left,0
1766,1767,3,6876.4,5740.62,2707.5200000000004,0.32421875,1766,303,BLAa,BLA,29,left,0
1767,1768,3,6877.2,5738.42,2706.32,0.40625,1767,303,BLAa,BLA,29,left,0
1768,1769,3,6877.86,5736.78,2705.9400000000005,0.26953125,1768,303,BLAa,BLA,29,left,0
1769,1770,3,6879.22,5735.08,2705.620000000001,0.3515625,1769,303,BLAa,BLA,29,left,0
1770,1771,3,6880.42,5732.96,2705.26,0.2421875,1770,303,BLAa,BLA,29,left,0
1771,1772,3,6881.4,5730.46,2704.5599999999995,0.19140625,1771,303,BLAa,BLA,29,left,0
1772,1773,3,6882.58,5729.34,2704.26,0.43359375,1772,303,BLAa,BLA,29,left,0
1773,1774,3,6883.3,5727.6,2702.84,0.40625,1773,303,BLAa,BLA,29,left,0
1774,1775,3,6884.4,5725.84,2701.9400000000005,0.26953125,1774,303,BLAa,BLA,29,left,0
1775,1776,3,6885.68,5724.4,2701.32,0.32421875,1775,303,BLAa,BLA,29,left,0
1776,1777,3,6886.58,5722.36,2700.8600000000006,0.37890625,1776,303,BLAa,BLA,29,left,0
1777,1778,3,6887.9,5721.16,2700.9,0.43359375,1777,303,BLAa,BLA,29,left,0
1778,1779,3,6889.62,5718.66,2699.84,0.2421875,1778,303,BLAa,BLA,29,left,0
1779,1780,3,6890.62,5716.56,2699.42,0.3515625,1779,303,BLAa,BLA,29,left,0
1780,1781,3,6891.98,5714.78,2699.48,0.21484375,1780,303,BLAa,BLA,29,left,0
1781,1782,3,6893.12,5713.42,2698.84,0.37890625,1781,303,BLAa,BLA,29,left,0
1782,1783,3,6893.56,5711.64,2698.040000000001,0.515625,1782,303,BLAa,BLA,29,left,0
1783,1784,3,6893.22,5709.32,2697.459999999999,0.4609375,1783,303,BLAa,BLA,29,left,0
1784,1785,3,6893.94,5707.26,2697.5599999999995,0.19140625,1784,303,BLAa,BLA,29,left,0
1785,1786,3,6895.22,5705.94,2697.8600000000006,0.37890625,1785,303,BLAa,BLA,29,left,0
1786,1787,3,6897.34,5704.22,2698.1000000000004,0.48828125,1786,579,ec,ec,29,left,0
1787,1788,3,6898.38,5702.26,2698.16,0.54296875,1787,579,ec,ec,29,left,0
1788,1789,3,6899.04,5699.5,2699.1800000000003,0.21484375,1788,579,ec,ec,29,left,0
1789,1790,3,6899.42,5698.14,2700.66,0.43359375,1789,579,ec,ec,29,left,0
1790,1791,3,6901.14,5697.42,2701.74,0.3515625,1790,579,ec,ec,29,left,0
1791,1792,3,6902.28,5696.44,2703.0200000000004,0.40625,1791,579,ec,ec,29,left,0
1792,1793,3,6904.32,5694.92,2705.48,0.32421875,1792,579,ec,ec,29,left,0
1793,1794,3,6905.82,5693.84,2707.1800000000003,0.37890625,1793,579,ec,ec,29,left,0
1794,1795,3,6907.18,5691.64,2708.7800000000007,0.43359375,1794,579,ec,ec,29,left,0
1795,1796,3,6908.38,5689.88,2709.42,0.3515625,1795,579,ec,ec,29,left,0
1796,1797,3,6910.06,5688.24,2710.459999999999,0.3515625,1796,579,ec,ec,29,left,0
1797,1798,3,6911.08,5686.06,2712.040000000001,0.43359375,1797,579,ec,ec,29,left,0
1798,1799,3,6912.46,5684.78,2712.82,0.37890625,1798,579,ec,ec,29,left,0
1799,1800,3,6914.38,5683.36,2713.620000000001,0.32421875,1799,579,ec,ec,29,left,0
1800,1801,3,6915.32,5681.32,2714.42,0.40625,1800,579,ec,ec,29,left,0
1801,1802,3,6915.82,5678.8,2715.1399999999994,0.21484375,1801,579,ec,ec,29,left,0
1802,1803,3,6916.48,5676.54,2715.620000000001,0.40625,1802,579,ec,ec,29,left,0
1803,1804,3,6918.42,5674.22,2716.16,0.296875,1803,544,CEAc,CEA,29,left,0
1804,1805,3,6919.6,5671.3,2716.92,0.3515625,1804,544,CEAc,CEA,29,left,0
1805,1806,3,6921.12,5670.12,2717.6399999999994,0.4609375,1805,544,CEAc,CEA,29,left,0
1806,1807,3,6921.86,5669.9,2718.82,0.32421875,1806,544,CEAc,CEA,29,left,0
1807,1808,3,6924.66,5669.56,2720.9,0.19140625,1807,544,CEAc,CEA,29,left,0
1808,1809,3,6926.28,5669.66,2721.72,0.3515625,1808,544,CEAc,CEA,29,left,0
1809,1810,3,6928.6,5667.92,2722.540000000001,0.0078125,1809,544,CEAc,CEA,29,left,0
1810,1811,3,6930.4,5665.04,2723.6000000000004,0.37890625,1810,544,CEAc,CEA,29,left,0
1811,1812,3,6930.88,5662.78,2724.82,0.3515625,1811,544,CEAc,CEA,29,left,0
1812,1813,3,6932.18,5660.78,2725.879999999999,0.21484375,1812,544,CEAc,CEA,29,left,0
1813,1814,3,6934.24,5657.64,2726.82,0.21484375,1813,544,CEAc,CEA,29,left,0
1814,1815,3,6935.46,5655.48,2727.5200000000004,0.296875,1814,544,CEAc,CEA,29,left,0
1815,1816,3,6937.84,5653.7,2728.22,0.1640625,1815,544,CEAc,CEA,29,left,0
1816,1817,3,6940.46,5652.46,2729.0200000000004,0.21484375,1816,544,CEAc,CEA,29,left,0
1817,1818,3,6942.22,5650.98,2729.540000000001,0.40625,1817,544,CEAc,CEA,29,left,0
1818,1819,3,6944.56,5649.12,2729.040000000001,0.296875,1818,544,CEAc,CEA,29,left,0
1819,1820,3,6945.96,5646.96,2728.3,0.21484375,1819,544,CEAc,CEA,29,left,0
1820,1821,3,6947.44,5645.22,2728.58,0.296875,1820,544,CEAc,CEA,29,left,0
1821,1822,3,6948.84,5644.16,2729.08,0.0078125,1821,544,CEAc,CEA,29,left,0
1822,1823,3,6951.08,5642.02,2729.48,0.43359375,1822,544,CEAc,CEA,29,left,0
1823,1824,3,6952.76,5640.22,2730.5200000000004,0.1640625,1823,544,CEAc,CEA,29,left,1
1824,1825,3,6820.22,5796.68,2733.72,0.00390625,1281,303,BLAa,BLA,30,left,0
1825,1826,3,6820.98,5796.68,2735.98,0.4609375,1825,303,BLAa,BLA,30,left,0
1826,1827,3,6822.3,5795.92,2737.9400000000005,0.21484375,1826,303,BLAa,BLA,30,left,0
1827,1828,3,6823.12,5794.76,2739.22,0.48828125,1827,303,BLAa,BLA,30,left,0
1828,1829,3,6825.12,5794.88,2740.22,0.43359375,1828,303,BLAa,BLA,30,left,0
1829,1830,3,6826.9,5795.36,2740.879999999999,0.48828125,1829,303,BLAa,BLA,30,left,0
1830,1831,3,6827.9,5795.78,2743.9,0.32421875,1830,303,BLAa,BLA,30,left,0
1831,1832,3,6828.38,5795.84,2745.32,0.43359375,1831,303,BLAa,BLA,30,left,0
1832,1833,3,6829.64,5795.98,2746.24,0.40625,1832,303,BLAa,BLA,30,left,0
1833,1834,3,6831.34,5795.24,2747.0,0.48828125,1833,303,BLAa,BLA,30,left,0
1834,1835,3,6832.12,5793.74,2748.459999999999,0.3515625,1834,477,STR,STR,30,left,0
1835,1836,3,6832.6,5792.26,2749.6399999999994,0.515625,1835,477,STR,STR,30,left,0
1836,1837,3,6834.22,5791.54,2750.82,0.32421875,1836,477,STR,STR,30,left,0
1837,1838,3,6835.82,5791.04,2751.7800000000007,0.3515625,1837,303,BLAa,BLA,30,left,0
1838,1839,3,6838.0,5790.66,2752.34,0.01953125,1838,303,BLAa,BLA,30,left,0
1839,1840,3,6840.6,5790.24,2752.6800000000003,0.296875,1839,303,BLAa,BLA,30,left,0
1840,1841,3,6842.56,5789.44,2753.1399999999994,0.26953125,1840,303,BLAa,BLA,30,left,0
1841,1842,3,6843.8,5787.94,2754.24,0.40625,1841,303,BLAa,BLA,30,left,0
1842,1843,3,6843.72,5786.08,2755.5200000000004,0.32421875,1842,544,CEAc,CEA,30,left,0
1843,1844,3,6843.6,5782.62,2758.120000000001,0.54296875,1843,544,CEAc,CEA,30,left,0
1844,1845,3,6843.98,5780.98,2759.84,0.32421875,1844,544,CEAc,CEA,30,left,0
1845,1846,3,6845.86,5780.12,2760.620000000001,0.40625,1845,544,CEAc,CEA,30,left,0
1846,1847,3,6847.04,5778.78,2762.1399999999994,0.32421875,1846,544,CEAc,CEA,30,left,0
1847,1848,3,6847.96,5777.38,2763.92,0.43359375,1847,544,CEAc,CEA,30,left,0
1848,1849,3,6849.5,5775.98,2765.2800000000007,0.2421875,1848,544,CEAc,CEA,30,left,0
1849,1850,3,6850.26,5773.46,2766.4,0.4609375,1849,544,CEAc,CEA,30,left,0
1850,1851,3,6850.7,5771.44,2767.0599999999995,0.2421875,1850,544,CEAc,CEA,30,left,0
1851,1852,3,6850.92,5768.38,2768.2800000000007,0.4609375,1851,544,CEAc,CEA,30,left,0
1852,1853,3,6851.18,5765.06,2769.82,0.00390625,1852,544,CEAc,CEA,30,left,0
1853,1854,3,6851.6,5762.7,2770.5599999999995,0.43359375,1853,544,CEAc,CEA,30,left,0
1854,1855,3,6851.44,5759.18,2772.2000000000007,0.48828125,1854,544,CEAc,CEA,30,left,0
1855,1856,3,6851.58,5757.16,2774.040000000001,0.26953125,1855,544,CEAc,CEA,30,left,0
1856,1857,3,6852.82,5756.24,2774.8,0.40625,1856,544,CEAc,CEA,30,left,0
1857,1858,3,6853.5,5754.26,2775.72,0.515625,1857,544,CEAc,CEA,30,left,0
1858,1859,3,6853.42,5751.84,2777.42,0.43359375,1858,544,CEAc,CEA,30,left,0
1859,1860,3,6853.8,5750.98,2778.540000000001,0.43359375,1859,544,CEAc,CEA,30,left,0
1860,1861,3,6855.24,5750.56,2779.3,0.296875,1860,544,CEAc,CEA,30,left,0
1861,1862,3,6855.88,5749.7,2781.6000000000004,0.0078125,1861,544,CEAc,CEA,30,left,0
1862,1863,3,6856.92,5749.12,2783.8,0.37890625,1862,544,CEAc,CEA,30,left,0
1863,1864,3,6858.16,5748.6,2785.1000000000004,0.26953125,1863,544,CEAc,CEA,30,left,0
1864,1865,3,6859.2,5747.26,2787.3,0.2421875,1864,544,CEAc,CEA,30,left,0
1865,1866,3,6860.26,5746.16,2788.2800000000007,0.32421875,1865,544,CEAc,CEA,30,left,0
1866,1867,3,6860.9,5744.82,2790.1399999999994,0.2421875,1866,544,CEAc,CEA,30,left,0
1867,1868,3,6861.64,5743.48,2791.379999999999,0.2421875,1867,544,CEAc,CEA,30,left,0
1868,1869,3,6861.86,5741.32,2792.92,0.37890625,1868,544,CEAc,CEA,30,left,0
1869,1870,3,6862.26,5739.36,2794.379999999999,0.296875,1869,544,CEAc,CEA,30,left,0
1870,1871,3,6863.34,5737.46,2796.0599999999995,0.3515625,1870,544,CEAc,CEA,30,left,0
1871,1872,3,6864.8,5736.02,2797.72,0.32421875,1871,544,CEAc,CEA,30,left,0
1872,1873,3,6865.26,5733.9,2800.1800000000003,0.1640625,1872,544,CEAc,CEA,30,left,0
1873,1874,3,6865.76,5732.26,2801.72,0.43359375,1873,544,CEAc,CEA,30,left,0
1874,1875,3,6867.22,5731.9,2802.4,0.0078125,1874,544,CEAc,CEA,30,left,0
1875,1876,3,6867.62,5731.04,2804.040000000001,0.4609375,1875,544,CEAc,CEA,30,left,0
1876,1877,3,6867.82,5729.84,2806.9,0.4609375,1876,544,CEAc,CEA,30,left,0
1877,1878,3,6867.92,5728.72,2808.84,0.26953125,1877,544,CEAc,CEA,30,left,0
1878,1879,3,6629.5,5927.94,2733.8600000000006,0.2421875,1413,303,BLAa,BLA,31,left,0
1879,1880,3,6630.6,5927.4,2732.540000000001,0.37890625,1879,303,BLAa,BLA,31,left,0
1880,1881,3,6631.78,5926.06,2731.5599999999995,0.32421875,1880,303,BLAa,BLA,31,left,0
1881,1882,3,6632.02,5924.36,2730.540000000001,0.48828125,1881,303,BLAa,BLA,31,left,0
1882,1883,3,6633.62,5923.56,2729.98,0.48828125,1882,303,BLAa,BLA,31,left,0
1883,1884,3,6634.82,5922.42,2728.76,0.32421875,1883,303,BLAa,BLA,31,left,0
1884,1885,3,6635.28,5920.28,2727.459999999999,0.54296875,1884,303,BLAa,BLA,31,left,0
1885,1886,3,6636.32,5918.02,2727.1000000000004,0.2421875,1885,303,BLAa,BLA,31,left,0
1886,1887,3,6637.02,5915.64,2726.84,0.32421875,1886,303,BLAa,BLA,31,left,0
1887,1888,3,6638.04,5913.62,2726.3,0.6484375,1887,303,BLAa,BLA,31,left,0
1888,1889,3,6639.26,5910.62,2725.74,0.00390625,1888,303,BLAa,BLA,31,left,0
1889,1890,3,6641.26,5907.36,2726.1800000000003,0.43359375,1889,303,BLAa,BLA,31,left,0
1890,1891,3,6641.9,5905.24,2726.48,0.296875,1890,303,BLAa,BLA,31,left,0
1891,1892,3,6641.74,5902.52,2726.48,0.43359375,1891,303,BLAa,BLA,31,left,0
1892,1893,3,6642.52,5900.38,2725.98,0.3515625,1892,303,BLAa,BLA,31,left,0
1893,1894,3,6642.98,5897.1,2724.48,0.32421875,1893,303,BLAa,BLA,31,left,0
1894,1895,3,6644.04,5895.98,2724.1800000000003,0.37890625,1894,303,BLAa,BLA,31,left,0
1895,1896,3,6645.78,5894.52,2723.459999999999,0.296875,1895,303,BLAa,BLA,31,left,0
1896,1897,3,6646.78,5893.48,2722.5599999999995,0.1640625,1896,303,BLAa,BLA,31,left,0
1897,1898,3,6649.3,5891.96,2722.2800000000007,0.2421875,1897,303,BLAa,BLA,31,left,0
1898,1899,3,6650.28,5890.74,2721.84,0.21484375,1898,303,BLAa,BLA,31,left,0
1899,1900,3,6650.7,5888.52,2721.9400000000005,0.26953125,1899,303,BLAa,BLA,31,left,0
1900,1901,3,6651.58,5886.74,2721.74,0.19140625,1900,303,BLAa,BLA,31,left,0
1901,1902,3,6652.9,5884.18,2721.4400000000005,0.40625,1901,303,BLAa,BLA,31,left,0
1902,1903,3,6653.68,5881.82,2720.98,0.26953125,1902,303,BLAa,BLA,31,left,0
1903,1904,3,6654.04,5879.22,2720.620000000001,0.32421875,1903,303,BLAa,BLA,31,left,0
1904,1905,3,6654.84,5877.5,2720.08,0.32421875,1904,303,BLAa,BLA,31,left,0
1905,1906,3,6655.84,5874.92,2719.58,0.62109375,1905,303,BLAa,BLA,31,left,0
1906,1907,3,6656.66,5872.62,2719.32,0.1640625,1906,303,BLAa,BLA,31,left,0
1907,1908,3,6658.3,5870.52,2718.7800000000007,0.40625,1907,303,BLAa,BLA,31,left,0
1908,1909,3,6659.4,5868.5,2718.3,0.37890625,1908,303,BLAa,BLA,31,left,0
1909,1910,3,6660.82,5865.5,2718.0599999999995,0.43359375,1909,303,BLAa,BLA,31,left,0
1910,1911,3,6661.88,5864.12,2717.1399999999994,0.48828125,1910,303,BLAa,BLA,31,left,0
1911,1912,3,6663.66,5862.62,2716.72,0.296875,1911,303,BLAa,BLA,31,left,0
1912,1913,3,6664.38,5860.94,2716.379999999999,0.32421875,1912,303,BLAa,BLA,31,left,0
1913,1914,3,6665.5,5858.38,2716.459999999999,0.3515625,1913,303,BLAa,BLA,31,left,0
1914,1915,3,6665.76,5856.78,2716.7000000000007,0.26953125,1914,303,BLAa,BLA,31,left,0
1915,1916,3,6667.16,5855.48,2716.1800000000003,0.3515625,1915,303,BLAa,BLA,31,left,0
1916,1917,3,6668.16,5854.26,2715.26,0.37890625,1916,303,BLAa,BLA,31,left,0
1917,1918,3,6669.9,5851.84,2714.8,0.296875,1917,303,BLAa,BLA,31,left,0
1918,1919,3,6671.26,5850.38,2714.1800000000003,0.37890625,1918,303,BLAa,BLA,31,left,0
1919,1920,3,6672.78,5847.42,2713.3600000000006,0.37890625,1919,303,BLAa,BLA,31,left,0
1920,1921,3,6674.26,5845.86,2713.22,0.48828125,1920,303,BLAa,BLA,31,left,0
1921,1922,3,6675.9,5844.02,2712.120000000001,0.00390625,1921,303,BLAa,BLA,31,left,0
1922,1923,3,6678.1,5842.66,2711.2800000000007,0.32421875,1922,303,BLAa,BLA,31,left,0
1923,1924,3,6678.56,5842.1,2710.5200000000004,0.3515625,1923,303,BLAa,BLA,31,left,0
1924,1925,3,6681.02,5840.88,2709.6800000000003,0.32421875,1924,303,BLAa,BLA,31,left,0
1925,1926,3,6682.56,5839.62,2708.7000000000007,0.48828125,1925,303,BLAa,BLA,31,left,0
1926,1927,3,6684.26,5838.64,2707.98,0.37890625,1926,303,BLAa,BLA,31,left,0
1927,1928,3,6686.14,5837.34,2705.92,0.48828125,1927,303,BLAa,BLA,31,left,0
1928,1929,3,6687.52,5836.62,2704.84,0.26953125,1928,303,BLAa,BLA,31,left,0
1929,1930,3,6688.56,5835.8,2703.1399999999994,0.00390625,1929,303,BLAa,BLA,31,left,0
1930,1931,3,6689.56,5834.9,2702.3600000000006,0.4609375,1930,303,BLAa,BLA,31,left,0
1931,1932,3,6689.66,5833.6,2701.2000000000007,0.4609375,1931,303,BLAa,BLA,31,left,0
1932,1933,3,6690.84,5832.64,2700.5599999999995,0.296875,1932,303,BLAa,BLA,31,left,0
1933,1934,3,6692.06,5831.18,2699.84,0.48828125,1933,303,BLAa,BLA,31,left,0
1934,1935,3,6692.0,5829.86,2698.42,0.3515625,1934,303,BLAa,BLA,31,left,0
1935,1936,3,6691.72,5828.98,2696.84,0.19140625,1935,303,BLAa,BLA,31,left,0
1936,1937,3,6691.82,5828.08,2694.16,0.1640625,1936,303,BLAa,BLA,31,left,0
1937,1938,3,6692.28,5827.06,2692.5200000000004,0.40625,1937,303,BLAa,BLA,31,left,0
1938,1939,3,6693.84,5826.48,2691.1000000000004,0.48828125,1938,303,BLAa,BLA,31,left,0
1939,1940,3,6694.32,5826.68,2689.8600000000006,0.3515625,1939,303,BLAa,BLA,31,left,0
1940,1941,3,6695.72,5826.66,2689.26,0.26953125,1940,303,BLAa,BLA,31,left,0
1941,1942,3,6696.42,5826.8,2687.82,0.26953125,1941,303,BLAa,BLA,31,left,0
1942,1943,3,6697.3,5826.36,2686.120000000001,0.4609375,1942,303,BLAa,BLA,31,left,0
1943,1944,3,6698.06,5826.12,2683.5200000000004,0.37890625,1943,303,BLAa,BLA,31,left,0
1944,1945,3,6698.82,5826.28,2682.2800000000007,0.43359375,1944,303,BLAa,BLA,31,left,0
1945,1946,3,6700.54,5826.2,2681.5599999999995,0.4609375,1945,303,BLAa,BLA,31,left,0
1946,1947,3,6703.4,5825.82,2680.74,0.2421875,1946,303,BLAa,BLA,31,left,0
1947,1948,3,6704.92,5825.12,2680.040000000001,0.1640625,1947,303,BLAa,BLA,31,left,0
1948,1949,3,6706.98,5824.42,2679.459999999999,0.1640625,1948,303,BLAa,BLA,31,left,0
1949,1950,3,6708.44,5823.88,2678.8,0.19140625,1949,303,BLAa,BLA,31,left,0
1950,1951,3,6710.56,5822.26,2678.2000000000007,0.1640625,1950,303,BLAa,BLA,31,left,0
1951,1952,3,6712.48,5821.16,2678.3600000000006,0.1640625,1951,303,BLAa,BLA,31,left,0
1952,1953,3,6715.24,5819.84,2678.5,0.4609375,1952,303,BLAa,BLA,31,left,0
1953,1954,3,6716.42,5819.16,2677.959999999999,0.48828125,1953,303,BLAa,BLA,31,left,0
1954,1955,3,6718.36,5817.92,2677.22,0.48828125,1954,303,BLAa,BLA,31,left,0
1955,1956,3,6720.82,5816.94,2676.459999999999,0.1640625,1955,303,BLAa,BLA,31,left,0
1956,1957,3,6722.32,5816.18,2676.4400000000005,0.40625,1956,303,BLAa,BLA,31,left,0
1957,1958,3,6724.32,5815.5,2676.2800000000007,0.296875,1957,303,BLAa,BLA,31,left,0
1958,1959,3,6725.66,5815.06,2675.8600000000006,0.2421875,1958,303,BLAa,BLA,31,left,0
1959,1960,3,6727.36,5814.36,2674.8600000000006,0.32421875,1959,303,BLAa,BLA,31,left,0
1960,1961,3,6728.76,5813.64,2674.1000000000004,0.3515625,1960,303,BLAa,BLA,31,left,0
1961,1962,3,6730.44,5812.98,2673.16,0.19140625,1961,303,BLAa,BLA,31,left,0
1962,1963,3,6732.0,5812.18,2672.6800000000003,0.1640625,1962,303,BLAa,BLA,31,left,0
1963,1964,3,6734.32,5811.74,2672.34,0.32421875,1963,303,BLAa,BLA,31,left,0
1964,1965,3,6736.28,5811.52,2672.42,0.32421875,1964,303,BLAa,BLA,31,left,0
1965,1966,3,6738.16,5811.32,2672.4400000000005,0.26953125,1965,303,BLAa,BLA,31,left,0
1966,1967,3,6740.4,5811.04,2672.24,0.37890625,1966,303,BLAa,BLA,31,left,0
1967,1968,3,6742.82,5810.66,2671.7800000000007,0.1640625,1967,303,BLAa,BLA,31,left,0
1968,1969,3,6744.32,5809.86,2671.34,0.32421875,1968,303,BLAa,BLA,31,left,0
1969,1970,3,6748.16,5808.62,2671.32,0.32421875,1969,303,BLAa,BLA,31,left,0
1970,1971,3,6751.42,5808.18,2671.459999999999,0.26953125,1970,303,BLAa,BLA,31,left,0
1971,1972,3,6753.32,5807.64,2671.459999999999,0.3515625,1971,303,BLAa,BLA,31,left,0
1972,1973,3,6754.34,5807.0,2670.74,0.32421875,1972,303,BLAa,BLA,31,left,0
1973,1974,3,6756.14,5806.26,2670.82,0.32421875,1973,303,BLAa,BLA,31,left,0
1974,1975,3,6758.26,5805.46,2670.58,0.37890625,1974,303,BLAa,BLA,31,left,0
1975,1976,3,6758.88,5804.5,2670.040000000001,0.19140625,1975,303,BLAa,BLA,31,left,0
1976,1977,3,6760.36,5804.02,2669.3600000000006,0.00390625,1976,303,BLAa,BLA,31,left,0
1977,1978,3,6762.16,5802.94,2668.9400000000005,0.32421875,1977,303,BLAa,BLA,31,left,0
1978,1979,3,6763.56,5800.86,2668.3600000000006,0.32421875,1978,303,BLAa,BLA,31,left,0
1979,1980,3,6764.06,5799.18,2667.92,0.26953125,1979,303,BLAa,BLA,31,left,0
1980,1981,3,6765.86,5798.06,2668.0599999999995,0.40625,1980,303,BLAa,BLA,31,left,0
1981,1982,3,6767.36,5796.62,2668.0,0.21484375,1981,303,BLAa,BLA,31,left,0
1982,1983,3,6768.14,5794.14,2667.1800000000003,0.296875,1982,303,BLAa,BLA,31,left,0
1983,1984,3,6769.36,5792.42,2666.6800000000003,0.40625,1983,303,BLAa,BLA,31,left,0
1984,1985,3,6770.78,5790.8,2666.4,0.21484375,1984,303,BLAa,BLA,31,left,0
1985,1986,3,6771.92,5789.36,2665.7800000000007,0.32421875,1985,303,BLAa,BLA,31,left,0
1986,1987,3,6773.12,5787.74,2665.620000000001,0.32421875,1986,303,BLAa,BLA,31,left,0
1987,1988,3,6775.14,5785.58,2665.6800000000003,0.32421875,1987,303,BLAa,BLA,31,left,0
1988,1989,3,6776.16,5783.9,2665.82,0.48828125,1988,303,BLAa,BLA,31,left,0
1989,1990,3,6778.04,5782.24,2666.3,0.48828125,1989,303,BLAa,BLA,31,left,0
1990,1991,3,6779.28,5781.7,2667.34,0.1640625,1990,303,BLAa,BLA,31,left,0
1991,1992,3,6780.96,5780.5,2668.82,0.4609375,1991,303,BLAa,BLA,31,left,0
1992,1993,3,6781.72,5778.64,2669.9,0.43359375,1992,303,BLAa,BLA,31,left,0
1993,1994,3,6783.28,5776.44,2671.76,0.26953125,1993,303,BLAa,BLA,31,left,0
1994,1995,3,6784.34,5774.56,2673.040000000001,0.21484375,1994,303,BLAa,BLA,31,left,0
1995,1996,3,6785.72,5773.56,2674.3600000000006,0.3515625,1995,303,BLAa,BLA,31,left,0
1996,1997,3,6786.24,5773.58,2675.9,0.40625,1996,303,BLAa,BLA,31,left,0
1997,1998,3,6787.56,5773.46,2677.08,0.40625,1997,303,BLAa,BLA,31,left,0
1998,1999,3,6790.26,5773.28,2677.8600000000006,0.32421875,1998,303,BLAa,BLA,31,left,0
1999,2000,3,6791.48,5774.06,2678.8,0.40625,1999,303,BLAa,BLA,31,left,0
2000,2001,3,6793.7,5775.22,2680.3,0.32421875,2000,303,BLAa,BLA,31,left,0
2001,2002,3,6795.82,5775.5,2681.26,0.19140625,2001,303,BLAa,BLA,31,left,0
2002,2003,3,6797.22,5775.38,2682.0599999999995,0.19140625,2002,303,BLAa,BLA,31,left,0
2003,2004,3,6800.22,5774.8,2682.4400000000005,0.1640625,2003,303,BLAa,BLA,31,left,0
2004,2005,3,6802.26,5774.04,2682.8600000000006,0.37890625,2004,303,BLAa,BLA,31,left,0
2005,2006,3,6805.72,5773.84,2683.0599999999995,0.01171875,2005,303,BLAa,BLA,31,left,0
2006,2007,3,6807.72,5773.56,2682.84,0.32421875,2006,303,BLAa,BLA,31,left,0
2007,2008,3,6811.02,5773.1,2682.7000000000007,0.54296875,2007,303,BLAa,BLA,31,left,0
2008,2009,3,6812.46,5772.48,2682.7800000000007,0.06640625,2008,303,BLAa,BLA,31,left,0
2009,2010,3,6815.46,5772.18,2682.5200000000004,0.2421875,2009,303,BLAa,BLA,31,left,0
2010,2011,3,6817.1,5771.86,2681.76,0.2421875,2010,303,BLAa,BLA,31,left,0
2011,2012,3,6818.84,5772.0,2681.040000000001,0.1640625,2011,303,BLAa,BLA,31,left,0
2012,2013,3,6820.82,5772.54,2680.4,0.32421875,2012,303,BLAa,BLA,31,left,0
2013,2014,3,6822.52,5772.86,2679.959999999999,0.32421875,2013,303,BLAa,BLA,31,left,0
2014,2015,3,6823.96,5772.64,2679.32,0.2421875,2014,303,BLAa,BLA,31,left,0
2015,2016,3,6825.2,5772.06,2678.040000000001,0.21484375,2015,303,BLAa,BLA,31,left,0
2016,2017,3,6826.42,5771.54,2676.959999999999,0.5703125,2016,303,BLAa,BLA,31,left,0
2017,2018,3,6828.36,5771.0,2676.6800000000003,0.40625,2017,303,BLAa,BLA,31,left,0
2018,2019,3,6830.5,5771.02,2675.92,0.40625,2018,303,BLAa,BLA,31,left,0
2019,2020,3,6832.92,5771.28,2674.1399999999994,0.3515625,2019,303,BLAa,BLA,31,left,0
2020,2021,3,6834.58,5772.02,2672.92,0.1640625,2020,303,BLAa,BLA,31,left,0
2021,2022,3,6834.88,5770.5,2671.1000000000004,0.4609375,2021,303,BLAa,BLA,31,left,0
2022,2023,3,6836.52,5769.62,2670.459999999999,0.37890625,2022,303,BLAa,BLA,31,left,0
2023,2024,3,6837.78,5769.1,2669.66,0.40625,2023,303,BLAa,BLA,31,left,0
2024,2025,3,6838.5,5767.86,2668.48,0.4609375,2024,303,BLAa,BLA,31,left,0
2025,2026,3,6839.52,5766.36,2667.8600000000006,0.32421875,2025,303,BLAa,BLA,31,left,0
2026,2027,3,6841.22,5764.38,2667.1800000000003,0.48828125,2026,303,BLAa,BLA,31,left,0
2027,2028,3,6842.76,5763.14,2666.22,0.515625,2027,303,BLAa,BLA,31,left,0
2028,2029,3,6844.34,5762.5,2665.08,0.2421875,2028,303,BLAa,BLA,31,left,0
2029,2030,3,6845.78,5761.76,2664.5,0.37890625,2029,303,BLAa,BLA,31,left,0
2030,2031,3,6847.16,5760.08,2664.1399999999994,0.296875,2030,303,BLAa,BLA,31,left,0
2031,2032,3,6848.5,5758.62,2664.0,0.1640625,2031,303,BLAa,BLA,31,left,0
2032,2033,3,6849.84,5757.5,2663.76,0.43359375,2032,303,BLAa,BLA,31,left,0
2033,2034,3,6850.7,5755.62,2663.34,0.2421875,2033,303,BLAa,BLA,31,left,0
2034,2035,3,6851.94,5753.64,2663.0,0.2421875,2034,303,BLAa,BLA,31,left,0
2035,2036,3,6853.26,5752.4,2662.620000000001,0.1640625,2035,303,BLAa,BLA,31,left,0
2036,2037,3,6852.5,5750.54,2662.6000000000004,0.00390625,2036,303,BLAa,BLA,31,left,0
2037,2038,3,6853.32,5748.92,2662.879999999999,0.43359375,2037,303,BLAa,BLA,31,left,0
2038,2039,3,6855.16,5748.58,2663.0200000000004,0.4609375,2038,303,BLAa,BLA,31,left,0
2039,2040,3,6856.84,5748.0,2662.84,0.40625,2039,303,BLAa,BLA,31,left,0
2040,2041,3,6857.36,5746.98,2662.26,0.32421875,2040,303,BLAa,BLA,31,left,0
2041,2042,3,6856.94,5744.34,2662.620000000001,0.2421875,2041,303,BLAa,BLA,31,left,0
2042,2043,3,6857.7,5741.68,2662.959999999999,0.43359375,2042,303,BLAa,BLA,31,left,0
2043,2044,3,6857.86,5737.42,2663.6399999999994,0.32421875,2043,303,BLAa,BLA,31,left,0
2044,2045,3,6858.52,5734.84,2664.26,0.48828125,2044,303,BLAa,BLA,31,left,0
2045,2046,3,6860.42,5731.94,2664.959999999999,0.515625,2045,303,BLAa,BLA,31,left,0
2046,2047,3,6861.02,5730.7,2664.72,0.40625,2046,303,BLAa,BLA,31,left,0
2047,2048,3,6863.52,5728.02,2664.98,0.48828125,2047,303,BLAa,BLA,31,left,0
2048,2049,3,6864.42,5725.96,2665.3,0.48828125,2048,303,BLAa,BLA,31,left,0
2049,2050,3,6865.86,5724.08,2665.92,0.4609375,2049,303,BLAa,BLA,31,left,0
2050,2051,3,6866.88,5721.7,2666.1800000000003,0.21484375,2050,303,BLAa,BLA,31,left,0
2051,2052,3,6869.12,5719.24,2666.6000000000004,0.296875,2051,303,BLAa,BLA,31,left,0
2052,2053,3,6870.32,5716.96,2666.5599999999995,0.32421875,2052,303,BLAa,BLA,31,left,0
2053,2054,3,6871.94,5714.12,2665.98,0.40625,2053,303,BLAa,BLA,31,left,0
2054,2055,3,6872.26,5712.46,2665.5200000000004,0.43359375,2054,303,BLAa,BLA,31,left,0
2055,2056,3,6874.14,5711.44,2665.6800000000003,0.32421875,2055,303,BLAa,BLA,31,left,0
2056,2057,3,6875.6,5709.9,2665.84,0.21484375,2056,303,BLAa,BLA,31,left,0
2057,2058,3,6876.46,5707.42,2665.6000000000004,0.43359375,2057,303,BLAa,BLA,31,left,0
2058,2059,3,6877.64,5705.16,2665.72,0.48828125,2058,303,BLAa,BLA,31,left,0
2059,2060,3,6878.24,5703.58,2665.34,0.1640625,2059,303,BLAa,BLA,31,left,0
2060,2061,3,6880.8,5702.26,2665.4,0.1640625,2060,303,BLAa,BLA,31,left,0
2061,2062,3,6881.88,5701.16,2665.0200000000004,0.32421875,2061,303,BLAa,BLA,31,left,0
2062,2063,3,6883.58,5699.78,2664.76,0.43359375,2062,303,BLAa,BLA,31,left,0
2063,2064,3,6884.02,5698.56,2664.379999999999,0.48828125,2063,303,BLAa,BLA,31,left,0
2064,2065,3,6885.44,5698.08,2664.2800000000007,0.32421875,2064,303,BLAa,BLA,31,left,0
2065,2066,3,6888.44,5696.32,2664.26,0.00390625,2065,303,BLAa,BLA,31,left,0
2066,2067,3,6890.2,5695.52,2663.5200000000004,0.48828125,2066,303,BLAa,BLA,31,left,0
2067,2068,3,6892.56,5694.04,2663.0200000000004,0.1640625,2067,303,BLAa,BLA,31,left,0
2068,2069,3,6894.3,5693.78,2662.4400000000005,0.1640625,2068,303,BLAa,BLA,31,left,0
2069,2070,3,6896.62,5693.66,2662.2800000000007,0.32421875,2069,303,BLAa,BLA,31,left,0
2070,2071,3,6898.54,5693.24,2662.0599999999995,0.2421875,2070,303,BLAa,BLA,31,left,0
2071,2072,3,6900.66,5692.04,2662.32,0.40625,2071,303,BLAa,BLA,31,left,0
2072,2073,3,6901.86,5691.52,2662.66,0.19140625,2072,303,BLAa,BLA,31,left,0
2073,2074,3,6903.46,5691.58,2663.84,0.3515625,2073,303,BLAa,BLA,31,left,0
2074,2075,3,6904.96,5692.96,2664.66,0.2421875,2074,303,BLAa,BLA,31,left,0
2075,2076,3,6906.0,5694.5,2665.879999999999,0.1640625,2075,303,BLAa,BLA,31,left,0
2076,2077,3,6906.36,5694.76,2667.26,0.32421875,2076,303,BLAa,BLA,31,left,0
2077,2078,3,6907.38,5694.42,2668.22,0.37890625,2077,303,BLAa,BLA,31,left,0
2078,2079,3,6910.16,5694.2,2669.5,0.32421875,2078,303,BLAa,BLA,31,left,0
2079,2080,3,6912.32,5694.36,2670.1800000000003,0.32421875,2079,303,BLAa,BLA,31,left,0
2080,2081,3,6915.2,5693.66,2670.620000000001,0.19140625,2080,303,BLAa,BLA,31,left,0
2081,2082,3,6917.52,5692.36,2670.98,0.32421875,2081,303,BLAa,BLA,31,left,0
2082,2083,3,6919.6,5690.64,2671.24,0.48828125,2082,303,BLAa,BLA,31,left,0
2083,2084,3,6920.56,5689.42,2671.08,0.37890625,2083,303,BLAa,BLA,31,left,0
2084,2085,3,6922.9,5687.62,2671.4400000000005,0.32421875,2084,303,BLAa,BLA,31,left,0
2085,2086,3,6924.54,5686.7,2671.7000000000007,0.32421875,2085,303,BLAa,BLA,31,left,0
2086,2087,3,6926.62,5685.08,2672.1000000000004,0.296875,2086,303,BLAa,BLA,31,left,0
2087,2088,3,6928.66,5684.26,2672.16,0.2421875,2087,303,BLAa,BLA,31,left,0
2088,2089,3,6931.24,5684.08,2671.9400000000005,0.37890625,2088,303,BLAa,BLA,31,left,0
2089,2090,3,6934.96,5683.26,2671.6399999999994,0.4609375,2089,303,BLAa,BLA,31,left,0
2090,2091,3,6936.72,5682.68,2671.459999999999,0.32421875,2090,303,BLAa,BLA,31,left,0
2091,2092,3,6938.04,5679.9,2671.120000000001,0.3515625,2091,303,BLAa,BLA,31,left,0
2092,2093,3,6939.64,5679.12,2671.1000000000004,0.32421875,2092,303,BLAa,BLA,31,left,1
2093,2094,3,6628.82,5929.12,2736.34,0.32421875,1413,303,BLAa,BLA,32,left,0
2094,2095,3,6631.14,5930.18,2735.92,0.37890625,2094,303,BLAa,BLA,32,left,0
2095,2096,3,6632.74,5931.1,2734.8,0.4609375,2095,303,BLAa,BLA,32,left,0
2096,2097,3,6634.82,5931.48,2733.9400000000005,0.296875,2096,303,BLAa,BLA,32,left,0
2097,2098,3,6636.78,5931.78,2733.6800000000003,0.2421875,2097,303,BLAa,BLA,32,left,0
2098,2099,3,6639.24,5931.94,2733.5599999999995,0.3515625,2098,303,BLAa,BLA,32,left,0
2099,2100,3,6640.7,5931.82,2733.6000000000004,0.32421875,2099,303,BLAa,BLA,32,left,0
2100,2101,3,6642.44,5931.04,2733.620000000001,0.40625,2100,303,BLAa,BLA,32,left,0
2101,2102,3,6644.22,5929.94,2733.5599999999995,0.19140625,2101,303,BLAa,BLA,32,left,0
2102,2103,3,6645.82,5928.92,2733.42,0.00390625,2102,303,BLAa,BLA,32,left,0
2103,2104,3,6647.2,5927.3,2733.08,0.1640625,2103,303,BLAa,BLA,32,left,0
2104,2105,3,6647.96,5926.12,2732.76,0.3515625,2104,303,BLAa,BLA,32,left,0
2105,2106,3,6649.68,5925.2,2732.6800000000003,0.1640625,2105,303,BLAa,BLA,32,left,0
2106,2107,3,6651.04,5923.52,2732.540000000001,0.4609375,2106,303,BLAa,BLA,32,left,0
2107,2108,3,6652.32,5922.48,2732.2800000000007,0.3515625,2107,303,BLAa,BLA,32,left,0
2108,2109,3,6654.12,5921.44,2731.5599999999995,0.32421875,2108,303,BLAa,BLA,32,left,0
2109,2110,3,6655.3,5920.68,2730.959999999999,0.26953125,2109,303,BLAa,BLA,32,left,0
2110,2111,3,6657.14,5919.4,2730.9400000000005,0.37890625,2110,303,BLAa,BLA,32,left,0
2111,2112,3,6658.7,5918.5,2731.08,0.32421875,2111,303,BLAa,BLA,32,left,0
2112,2113,3,6660.78,5917.62,2731.16,0.2421875,2112,303,BLAa,BLA,32,left,0
2113,2114,3,6662.12,5917.02,2730.959999999999,0.3515625,2113,303,BLAa,BLA,32,left,0
2114,2115,3,6664.28,5916.62,2730.459999999999,0.32421875,2114,303,BLAa,BLA,32,left,0
2115,2116,3,6665.74,5916.48,2730.1000000000004,0.3515625,2115,303,BLAa,BLA,32,left,0
2116,2117,3,6666.04,5916.32,2728.22,0.00390625,2116,303,BLAa,BLA,32,left,0
2117,2118,3,6667.4,5915.72,2727.98,0.4609375,2117,303,BLAa,BLA,32,left,0
2118,2119,3,6669.5,5914.68,2728.1000000000004,0.2421875,2118,303,BLAa,BLA,32,left,0
2119,2120,3,6669.88,5912.76,2728.1399999999994,0.2421875,2119,303,BLAa,BLA,32,left,0
2120,2121,3,6671.36,5910.5,2728.459999999999,0.67578125,2120,303,BLAa,BLA,32,left,0
2121,2122,3,6672.58,5908.9,2728.72,0.48828125,2121,303,BLAa,BLA,32,left,0
2122,2123,3,6674.36,5906.58,2729.0599999999995,0.67578125,2122,303,BLAa,BLA,32,left,0
2123,2124,3,6676.34,5905.84,2728.98,0.1640625,2123,303,BLAa,BLA,32,left,0
2124,2125,3,6679.14,5905.38,2728.98,0.19140625,2124,303,BLAa,BLA,32,left,0
2125,2126,3,6680.4,5904.6,2729.2000000000007,0.1640625,2125,303,BLAa,BLA,32,left,0
2126,2127,3,6682.24,5903.88,2729.5599999999995,0.32421875,2126,303,BLAa,BLA,32,left,0
2127,2128,3,6684.14,5902.68,2729.8,0.32421875,2127,303,BLAa,BLA,32,left,0
2128,2129,3,6686.36,5902.04,2729.92,0.32421875,2128,303,BLAa,BLA,32,left,0
2129,2130,3,6688.34,5901.42,2730.040000000001,0.32421875,2129,303,BLAa,BLA,32,left,0
2130,2131,3,6689.78,5900.82,2730.040000000001,0.1640625,2130,303,BLAa,BLA,32,left,0
2131,2132,3,6692.48,5900.04,2729.5200000000004,0.32421875,2131,303,BLAa,BLA,32,left,0
2132,2133,3,6693.9,5899.74,2728.6399999999994,0.32421875,2132,303,BLAa,BLA,32,left,0
2133,2134,3,6695.58,5898.66,2727.82,0.32421875,2133,303,BLAa,BLA,32,left,0
2134,2135,3,6696.98,5897.46,2727.26,0.32421875,2134,303,BLAa,BLA,32,left,0
2135,2136,3,6698.42,5896.82,2726.9400000000005,0.32421875,2135,303,BLAa,BLA,32,left,0
2136,2137,3,6700.76,5895.5,2726.6000000000004,0.00390625,2136,303,BLAa,BLA,32,left,0
2137,2138,3,6702.16,5894.04,2726.6800000000003,0.32421875,2137,303,BLAa,BLA,32,left,0
2138,2139,3,6703.02,5892.2,2726.72,0.1640625,2138,303,BLAa,BLA,32,left,0
2139,2140,3,6704.72,5889.68,2727.08,1.2734375,2139,303,BLAa,BLA,32,left,0
2140,2141,3,6706.88,5887.68,2725.92,0.62109375,2140,303,BLAa,BLA,32,left,0
2141,2142,3,6707.08,5887.4,2723.8600000000006,0.48828125,2141,303,BLAa,BLA,32,left,0
2142,2143,3,6707.56,5886.68,2722.6000000000004,0.19140625,2142,303,BLAa,BLA,32,left,0
2143,2144,3,6707.72,5885.14,2722.08,0.48828125,2143,303,BLAa,BLA,32,left,0
2144,2145,3,6708.34,5883.68,2722.6399999999994,1.3828125,2144,303,BLAa,BLA,32,left,0
2145,2146,3,6708.28,5881.74,2723.82,0.2421875,2145,303,BLAa,BLA,32,left,0
2146,2147,3,6708.5,5878.96,2724.42,0.2421875,2146,303,BLAa,BLA,32,left,0
2147,2148,3,6708.72,5876.46,2724.26,0.62109375,2147,303,BLAa,BLA,32,left,0
2148,2149,3,6708.6,5873.28,2723.6800000000003,0.2421875,2148,303,BLAa,BLA,32,left,0
2149,2150,3,6709.02,5871.18,2723.379999999999,0.1640625,2149,303,BLAa,BLA,32,left,0
2150,2151,3,6709.52,5869.66,2722.5200000000004,0.515625,2150,303,BLAa,BLA,32,left,0
2151,2152,3,6709.4,5866.86,2721.22,0.26953125,2151,303,BLAa,BLA,32,left,0
2152,2153,3,6709.32,5865.1,2720.540000000001,0.4609375,2152,303,BLAa,BLA,32,left,0
2153,2154,3,6710.48,5864.3,2719.72,0.37890625,2153,303,BLAa,BLA,32,left,0
2154,2155,3,6711.02,5863.46,2718.3,0.4609375,2154,303,BLAa,BLA,32,left,0
2155,2156,3,6712.9,5862.1,2717.459999999999,0.48828125,2155,303,BLAa,BLA,32,left,0
2156,2157,3,6714.68,5860.96,2717.7000000000007,0.37890625,2156,303,BLAa,BLA,32,left,0
2157,2158,3,6716.44,5859.68,2717.2800000000007,0.00390625,2157,303,BLAa,BLA,32,left,0
2158,2159,3,6720.1,5858.32,2718.1800000000003,0.26953125,2158,303,BLAa,BLA,32,left,0
2159,2160,3,6721.62,5857.2,2719.379999999999,0.43359375,2159,303,BLAa,BLA,32,left,0
2160,2161,3,6723.84,5854.74,2720.92,0.3515625,2160,303,BLAa,BLA,32,left,0
2161,2162,3,6724.88,5853.26,2721.9400000000005,0.1640625,2161,303,BLAa,BLA,32,left,0
2162,2163,3,6726.54,5851.48,2722.8600000000006,0.21484375,2162,303,BLAa,BLA,32,left,0
2163,2164,3,6727.8,5849.94,2724.08,0.32421875,2163,303,BLAa,BLA,32,left,0
2164,2165,3,6729.36,5848.9,2725.5200000000004,0.32421875,2164,303,BLAa,BLA,32,left,0
2165,2166,3,6730.2,5848.42,2727.4400000000005,0.296875,2165,303,BLAa,BLA,32,left,0
2166,2167,3,6731.82,5847.68,2729.1000000000004,0.19140625,2166,303,BLAa,BLA,32,left,0
2167,2168,3,6732.76,5847.06,2730.8,0.32421875,2167,303,BLAa,BLA,32,left,0
2168,2169,3,6734.54,5846.5,2731.58,0.37890625,2168,303,BLAa,BLA,32,left,0
2169,2170,3,6736.22,5844.98,2732.5599999999995,0.2421875,2169,303,BLAa,BLA,32,left,0
2170,2171,3,6738.58,5843.26,2733.3,0.2421875,2170,303,BLAa,BLA,32,left,0
2171,2172,3,6740.18,5842.2,2733.5200000000004,0.40625,2171,303,BLAa,BLA,32,left,0
2172,2173,3,6742.26,5840.3,2733.7800000000007,0.37890625,2172,303,BLAa,BLA,32,left,0
2173,2174,3,6744.36,5838.36,2734.0200000000004,0.1640625,2173,303,BLAa,BLA,32,left,0
2174,2175,3,6745.34,5835.82,2734.2800000000007,0.296875,2174,303,BLAa,BLA,32,left,1
2175,2176,3,6294.28,5853.02,2831.959999999999,0.32421875,1500,544,CEAc,CEA,33,left,0
2176,2177,3,6293.64,5851.0,2831.4,0.2421875,2176,544,CEAc,CEA,33,left,0
2177,2178,3,6293.22,5848.82,2830.3600000000006,0.6484375,2177,544,CEAc,CEA,33,left,1
2178,2179,3,6296.96,5851.98,2833.98,0.00390625,1500,544,CEAc,CEA,34,left,0
2179,2180,3,6298.06,5850.72,2834.6000000000004,0.1640625,2179,544,CEAc,CEA,34,left,0
2180,2181,3,6298.68,5849.54,2836.26,0.2421875,2180,544,CEAc,CEA,34,left,0
2181,2182,3,6300.02,5848.36,2837.459999999999,0.40625,2181,544,CEAc,CEA,34,left,1
2182,2183,2,6529.0,6076.98,2858.7000000000007,0.0078125,1601,477,STR,STR,35,left,0
2183,2184,2,6527.72,6077.4,2859.84,0.1640625,2183,477,STR,STR,35,left,0
2184,2185,2,6526.62,6077.68,2860.9400000000005,0.32421875,2184,477,STR,STR,35,left,0
2185,2186,2,6525.64,6077.8,2862.16,0.37890625,2185,477,STR,STR,35,left,0
2186,2187,2,6523.78,6077.96,2863.379999999999,0.19140625,2186,477,STR,STR,35,left,0
2187,2188,2,6522.6,6078.12,2864.92,0.37890625,2187,477,STR,STR,35,left,0
2188,2189,2,6521.76,6078.42,2866.1800000000003,0.3515625,2188,477,STR,STR,35,left,0
2189,2190,2,6521.24,6079.62,2867.959999999999,0.19140625,2189,477,STR,STR,35,left,0
2190,2191,2,6520.1,6079.96,2868.8,0.32421875,2190,477,STR,STR,35,left,0
2191,2192,2,6518.04,6081.0,2869.959999999999,0.296875,2191,477,STR,STR,35,left,0
2192,2193,2,6516.8,6082.54,2870.7000000000007,0.296875,2192,477,STR,STR,35,left,0
2193,2194,2,6515.22,6083.14,2871.66,0.40625,2193,477,STR,STR,35,left,0
2194,2195,2,6513.82,6082.06,2872.1800000000003,0.2421875,2194,477,STR,STR,35,left,0
2195,2196,2,6512.92,6079.68,2872.6800000000003,0.37890625,2195,477,STR,STR,35,left,0
2196,2197,2,6511.18,6075.54,2874.459999999999,0.26953125,2196,477,STR,STR,35,left,0
2197,2198,2,6510.02,6073.4,2875.379999999999,0.2421875,2197,477,STR,STR,35,left,0
2198,2199,2,6509.42,6071.72,2875.7000000000007,0.43359375,2198,477,STR,STR,35,left,0
2199,2200,2,6530.22,6074.02,2858.459999999999,0.00390625,1601,477,STR,STR,36,left,0
2200,2201,2,6531.18,6072.92,2859.6000000000004,0.4609375,2200,477,STR,STR,36,left,0
2201,2202,2,6532.62,6071.64,2860.1000000000004,0.26953125,2201,477,STR,STR,36,left,0
2202,2203,2,6533.14,6069.48,2860.24,0.40625,2202,477,STR,STR,36,left,0
2203,2204,2,6534.6,6067.3,2860.32,0.40625,2203,477,STR,STR,36,left,0
2204,2205,2,6535.88,6066.04,2860.2000000000007,0.3515625,2204,477,STR,STR,36,left,0
2205,2206,2,6537.8,6064.32,2859.6399999999994,0.2421875,2205,477,STR,STR,36,left,0
2206,2207,2,6538.76,6063.22,2859.34,0.40625,2206,477,STR,STR,36,left,0
2207,2208,2,6540.88,6061.98,2859.34,0.40625,2207,477,STR,STR,36,left,0
2208,2209,2,6541.74,6059.96,2859.540000000001,0.1640625,2208,477,STR,STR,36,left,0
2209,2210,2,6543.32,6057.74,2859.24,0.40625,2209,477,STR,STR,36,left,0
2210,2211,2,6544.18,6055.64,2858.7000000000007,0.2421875,2210,477,STR,STR,36,left,0
2211,2212,2,6544.98,6053.72,2858.5,0.26953125,2211,477,STR,STR,36,left,0
2212,2213,2,6546.44,6051.98,2858.6399999999994,0.32421875,2212,477,STR,STR,36,left,0
2213,2214,2,6546.98,6049.16,2858.959999999999,0.19140625,2213,477,STR,STR,36,left,0
2214,2215,2,6547.92,6047.26,2859.0,0.2421875,2214,477,STR,STR,36,left,0
2215,2216,2,6549.78,6043.8,2859.0599999999995,0.37890625,2215,477,STR,STR,36,left,0
2216,2217,2,6551.12,6041.8,2859.32,0.59765625,2216,477,STR,STR,36,left,0
2217,2218,2,6553.9,6040.3,2859.66,0.37890625,2217,477,STR,STR,36,left,0
2218,2219,2,6555.5,6039.56,2860.379999999999,0.43359375,2218,477,STR,STR,36,left,0
2219,2220,2,6557.26,6038.28,2860.540000000001,0.43359375,2219,477,STR,STR,36,left,0
2220,2221,2,6558.94,6037.0,2860.4,0.32421875,2220,477,STR,STR,36,left,0
2221,2222,2,6560.48,6035.68,2860.5599999999995,0.296875,2221,477,STR,STR,36,left,0
2222,2223,2,6562.9,6034.46,2860.66,0.32421875,2222,477,STR,STR,36,left,0
2223,2224,2,6564.94,6033.54,2860.08,0.32421875,2223,477,STR,STR,36,left,0
2224,2225,2,6566.6,6032.48,2859.48,0.2421875,2224,477,STR,STR,36,left,0
2225,2226,2,6569.12,6030.5,2859.24,0.32421875,2225,477,STR,STR,36,left,0
2226,2227,2,6570.76,6029.24,2859.1399999999994,0.32421875,2226,477,STR,STR,36,left,0
2227,2228,2,6571.4,6028.02,2858.3600000000006,0.1640625,2227,477,STR,STR,36,left,0
2228,2229,2,6572.82,6026.5,2858.379999999999,0.3515625,2228,477,STR,STR,36,left,0
2229,2230,2,6573.82,6024.78,2858.4,0.21484375,2229,477,STR,STR,36,left,0
2230,2231,2,6575.4,6022.74,2857.959999999999,0.21484375,2230,477,STR,STR,36,left,0
2231,2232,2,6575.86,6020.68,2858.0,0.48828125,2231,477,STR,STR,36,left,0
2232,2233,2,6577.64,6019.0,2857.959999999999,0.1640625,2232,477,STR,STR,36,left,0
2233,2234,2,6579.04,6017.82,2857.66,0.21484375,2233,477,STR,STR,36,left,0
2234,2235,2,6580.42,6017.26,2856.84,0.0078125,2234,477,STR,STR,36,left,0
2235,2236,2,6582.04,6016.92,2855.7000000000007,0.19140625,2235,477,STR,STR,36,left,0
2236,2237,2,6582.74,6016.24,2855.040000000001,0.3515625,2236,477,STR,STR,36,left,0
2237,2238,2,6584.66,6015.34,2854.8,0.2421875,2237,477,STR,STR,36,left,0
2238,2239,2,6586.08,6014.2,2854.32,0.4609375,2238,477,STR,STR,36,left,0
2239,2240,2,6587.4,6013.38,2853.3600000000006,0.2421875,2239,477,STR,STR,36,left,0
2240,2241,2,6589.02,6013.16,2852.74,0.19140625,2240,477,STR,STR,36,left,0
2241,2242,2,6475.24,6053.74,2799.459999999999,0.19140625,1638,477,STR,STR,37,left,0
2242,2243,2,6474.84,6050.42,2798.74,0.48828125,2242,477,STR,STR,37,left,0
2243,2244,2,6474.54,6047.8,2798.1800000000003,0.1640625,2243,477,STR,STR,37,left,0
2244,2245,2,6475.08,6046.76,2797.620000000001,0.32421875,2244,477,STR,STR,37,left,0
2245,2246,2,6474.86,6044.3,2796.34,0.0078125,2245,477,STR,STR,37,left,0
2246,2247,2,6474.18,6040.84,2795.98,0.515625,2246,477,STR,STR,37,left,0
2247,2248,2,6473.32,6039.24,2796.66,0.6484375,2247,477,STR,STR,37,left,0
2248,2249,2,6472.9,6036.62,2797.74,0.6484375,2248,477,STR,STR,37,left,0
2249,2250,2,6473.22,6035.52,2797.6800000000003,0.21484375,2249,477,STR,STR,37,left,0
2250,2251,2,6473.46,6035.22,2794.6000000000004,0.40625,2250,477,STR,STR,37,left,0
2251,2252,2,6473.3,6034.9,2793.459999999999,0.4609375,2251,477,STR,STR,37,left,0
2252,2253,2,6472.44,6031.46,2792.1399999999994,0.4609375,2252,477,STR,STR,37,left,0
2253,2254,2,6470.58,6030.24,2791.959999999999,0.32421875,2253,477,STR,STR,37,left,0
2254,2255,2,6468.9,6028.52,2791.72,0.32421875,2254,477,STR,STR,37,left,0
2255,2256,2,6467.78,6027.56,2790.8,0.3515625,2255,477,STR,STR,37,left,0
2256,2257,2,6467.36,6026.02,2789.6399999999994,0.40625,2256,477,STR,STR,37,left,0
2257,2258,2,6467.08,6024.76,2788.48,0.59765625,2257,477,STR,STR,37,left,1
2258,2259,2,6474.6,6057.2,2797.98,0.0078125,1638,477,STR,STR,38,left,0
2259,2260,2,6474.52,6058.6,2795.1800000000003,0.48828125,2259,477,STR,STR,38,left,0
2260,2261,2,6474.02,6059.02,2794.040000000001,0.48828125,2260,477,STR,STR,38,left,0
2261,2262,2,6472.7,6059.24,2793.48,0.32421875,2261,477,STR,STR,38,left,0
2262,2263,2,6472.46,6061.98,2791.5599999999995,0.48828125,2262,477,STR,STR,38,left,0
2263,2264,2,6472.48,6062.64,2790.76,0.03515625,2263,477,STR,STR,38,left,0
2264,2265,2,6472.36,6063.72,2788.040000000001,0.40625,2264,477,STR,STR,38,left,0
2265,2266,2,6471.88,6064.32,2785.66,1.59765625,2265,477,STR,STR,38,left,0
2266,2267,2,6470.6,6065.36,2785.0200000000004,0.26953125,2266,477,STR,STR,38,left,0
2267,2268,2,6470.26,6068.04,2782.72,0.54296875,2267,303,BLAa,BLA,38,left,0
2268,2269,2,6470.3,6069.38,2781.2000000000007,0.62109375,2268,303,BLAa,BLA,38,left,0
2269,2270,2,6470.5,6072.3,2779.0,0.00390625,2269,303,BLAa,BLA,38,left,0
2270,2271,2,6470.6,6074.2,2777.2000000000007,0.515625,2270,303,BLAa,BLA,38,left,0
2271,2272,2,6470.76,6076.2,2775.84,0.5703125,2271,303,BLAa,BLA,38,left,0
2272,2273,2,6472.0,6077.34,2774.6399999999994,0.4609375,2272,303,BLAa,BLA,38,left,0
2273,2274,2,6473.84,6077.5,2773.98,0.32421875,2273,303,BLAa,BLA,38,left,0
2274,2275,2,6475.04,6077.46,2773.1800000000003,0.3515625,2274,303,BLAa,BLA,38,left,0
2275,2276,2,6476.76,6076.58,2772.42,0.00390625,2275,303,BLAa,BLA,38,left,0
2276,2277,2,6477.8,6075.28,2771.74,0.4609375,2276,303,BLAa,BLA,38,left,0
2277,2278,2,6478.9,6074.3,2770.959999999999,0.59765625,2277,303,BLAa,BLA,38,left,0
2278,2279,2,6479.78,6072.56,2770.8600000000006,0.37890625,2278,303,BLAa,BLA,38,left,0
2279,2280,2,6481.66,6071.28,2771.1399999999994,0.40625,2279,303,BLAa,BLA,38,left,0
2280,2281,2,6482.86,6070.1,2771.5,0.40625,2280,303,BLAa,BLA,38,left,0
2281,2282,2,6483.4,6068.26,2771.08,1.109375,2281,303,BLAa,BLA,38,left,0
2282,2283,2,6483.76,6067.22,2769.74,0.1640625,2282,303,BLAa,BLA,38,left,0
2283,2284,2,6484.9,6066.06,2769.040000000001,0.2421875,2283,303,BLAa,BLA,38,left,1
2284,2285,2,6471.48,6154.06,2810.6000000000004,0.0078125,1668,1105,IA,IA,39,left,0
2285,2286,2,6469.56,6156.28,2810.0200000000004,0.4609375,2285,1105,IA,IA,39,left,0
2286,2287,2,6469.3,6157.96,2809.16,0.4609375,2286,1105,IA,IA,39,left,0
2287,2288,2,6469.12,6160.92,2808.540000000001,0.21484375,2287,1105,IA,IA,39,left,0
2288,2289,2,6467.74,6163.42,2808.2800000000007,0.40625,2288,1105,IA,IA,39,left,0
2289,2290,2,6466.44,6165.32,2808.24,0.1640625,2289,1105,IA,IA,39,left,0
2290,2291,2,6465.14,6166.88,2807.98,0.00390625,2290,1105,IA,IA,39,left,0
2291,2292,2,6465.3,6169.14,2806.8600000000006,0.4609375,2291,1105,IA,IA,39,left,0
2292,2293,2,6464.56,6171.0,2806.2800000000007,0.40625,2292,1105,IA,IA,39,left,0
2293,2294,2,6463.06,6172.14,2806.1399999999994,0.32421875,2293,1105,IA,IA,39,left,0
2294,2295,2,6461.26,6173.42,2805.16,0.00390625,2294,1105,IA,IA,39,left,0
2295,2296,2,6460.2,6173.56,2802.8600000000006,0.32421875,2295,1105,IA,IA,39,left,0
2296,2297,2,6460.64,6173.26,2801.6399999999994,0.296875,2296,1105,IA,IA,39,left,0
2297,2298,2,6460.74,6171.64,2800.379999999999,0.2421875,2297,1105,IA,IA,39,left,0
2298,2299,2,6460.32,6169.82,2798.76,0.40625,2298,1105,IA,IA,39,left,0
2299,2300,2,6460.04,6168.2,2797.5200000000004,0.32421875,2299,1105,IA,IA,39,left,0
2300,2301,2,6460.48,6167.0,2797.32,0.32421875,2300,1105,IA,IA,39,left,0
2301,2302,2,6460.82,6163.74,2797.72,0.296875,2301,1105,IA,IA,39,left,0
2302,2303,2,6461.22,6162.14,2797.879999999999,0.48828125,2302,1105,IA,IA,39,left,0
2303,2304,2,6472.38,6153.92,2810.4,0.0078125,1668,1105,IA,IA,40,left,0
2304,2305,2,6473.94,6154.92,2809.26,0.2421875,2304,1105,IA,IA,40,left,0
2305,2306,2,6474.62,6153.7,2807.72,0.2421875,2305,1105,IA,IA,40,left,0
2306,2307,2,6475.38,6152.24,2806.5,0.48828125,2306,1105,IA,IA,40,left,0
2307,2308,2,6476.5,6152.1,2804.72,0.0078125,2307,1105,IA,IA,40,left,0
2308,2309,2,6477.86,6152.54,2803.2000000000007,0.296875,2308,1105,IA,IA,40,left,0
2309,2310,2,6479.68,6152.28,2802.4,0.4609375,2309,1105,IA,IA,40,left,0
2310,2311,2,6481.8,6151.62,2802.2800000000007,0.48828125,2310,1105,IA,IA,40,left,0
2311,2312,2,6483.58,6151.16,2802.1399999999994,0.48828125,2311,1105,IA,IA,40,left,0
2312,2313,2,6483.76,6149.7,2801.74,0.54296875,2312,1105,IA,IA,40,left,0
2313,2314,2,6485.46,6147.72,2801.92,0.0078125,2313,1105,IA,IA,40,left,0
2314,2315,2,6486.8,6145.32,2802.24,0.67578125,2314,1105,IA,IA,40,left,0
2315,2316,2,6488.8,6143.94,2801.6399999999994,0.48828125,2315,1105,IA,IA,40,left,0
2316,2317,2,6490.66,6143.62,2800.9,0.32421875,2316,1105,IA,IA,40,left,0
2317,2318,2,6491.52,6144.18,2799.9400000000005,0.37890625,2317,1105,IA,IA,40,left,0
2318,2319,2,6491.5,6145.1,2798.32,0.26953125,2318,1105,IA,IA,40,left,0
2319,2320,2,6491.44,6146.52,2795.48,0.2421875,2319,1105,IA,IA,40,left,0
2320,2321,2,6491.04,6147.06,2793.98,0.32421875,2320,1105,IA,IA,40,left,0
2321,2322,2,6488.94,6147.8,2793.58,0.32421875,2321,1105,IA,IA,40,left,0
2322,2323,2,6487.3,6148.6,2793.3,0.37890625,2322,1105,IA,IA,40,left,1
2323,2324,2,6501.42,6042.02,2810.08,0.00390625,1693,477,STR,STR,41,left,0
2324,2325,2,6502.58,6039.42,2809.7000000000007,0.26953125,2324,477,STR,STR,41,left,0
2325,2326,2,6503.1,6037.38,2808.98,0.1640625,2325,477,STR,STR,41,left,0
2326,2327,2,6504.36,6036.52,2807.08,0.2421875,2326,477,STR,STR,41,left,0
2327,2328,2,6505.18,6036.12,2806.16,0.40625,2327,477,STR,STR,41,left,0
2328,2329,2,6505.32,6035.82,2803.5200000000004,0.00390625,2328,477,STR,STR,41,left,0
2329,2330,2,6505.9,6035.22,2803.1399999999994,0.2421875,2329,477,STR,STR,41,left,0
2330,2331,2,6499.16,6044.06,2809.1000000000004,0.00390625,1693,477,STR,STR,42,left,0
2331,2332,2,6498.4,6045.32,2806.0,0.32421875,2331,477,STR,STR,42,left,0
2332,2333,2,6497.78,6046.34,2804.1000000000004,0.40625,2332,477,STR,STR,42,left,0
2333,2334,2,6498.56,6046.24,2803.040000000001,0.00390625,2333,477,STR,STR,42,left,0
2334,2335,2,6498.38,6045.64,2800.7000000000007,0.2421875,2334,477,STR,STR,42,left,0
2335,2336,2,6498.88,6044.92,2799.6800000000003,0.3515625,2335,477,STR,STR,42,left,0
2336,2337,2,6500.0,6044.52,2799.72,0.32421875,2336,477,STR,STR,42,left,1
2337,2338,2,6504.82,6069.16,2818.9,0.015625,1703,477,STR,STR,43,left,0
2338,2339,2,6504.68,6070.34,2820.4,0.48828125,2338,477,STR,STR,43,left,0
2339,2340,2,6503.78,6071.4,2821.459999999999,0.4609375,2339,477,STR,STR,43,left,0
2340,2341,2,6502.64,6071.76,2823.08,0.1640625,2340,477,STR,STR,43,left,0
2341,2342,2,6500.9,6072.26,2825.0,0.32421875,2341,477,STR,STR,43,left,0
2342,2343,2,6499.38,6072.76,2826.120000000001,0.32421875,2342,477,STR,STR,43,left,0
2343,2344,2,6498.34,6073.96,2827.540000000001,0.19140625,2343,477,STR,STR,43,left,0
2344,2345,2,6496.78,6074.98,2828.4,0.1640625,2344,477,STR,STR,43,left,0
2345,2346,2,6495.22,6075.28,2828.48,0.0078125,2345,477,STR,STR,43,left,0
2346,2347,2,6493.18,6075.18,2827.74,0.26953125,2346,477,STR,STR,43,left,0
2347,2348,2,6491.78,6076.62,2826.7000000000007,0.1640625,2347,477,STR,STR,43,left,0
2348,2349,2,6491.1,6078.92,2825.82,0.4609375,2348,477,STR,STR,43,left,0
2349,2350,2,6489.88,6080.5,2824.9,0.3515625,2349,477,STR,STR,43,left,0
2350,2351,2,6489.0,6082.22,2824.26,0.40625,2350,477,STR,STR,43,left,0
2351,2352,2,6487.54,6083.3,2823.2800000000007,0.1640625,2351,477,STR,STR,43,left,0
2352,2353,2,6485.3,6083.54,2822.959999999999,0.0078125,2352,477,STR,STR,43,left,0
2353,2354,2,6482.4,6082.76,2823.5599999999995,0.1640625,2353,477,STR,STR,43,left,0
2354,2355,2,6480.68,6081.34,2823.5200000000004,0.32421875,2354,477,STR,STR,43,left,1
2355,2356,2,6506.66,6070.02,2818.34,0.02734375,1703,477,STR,STR,44,left,0
2356,2357,2,6506.2,6072.5,2818.74,0.32421875,2356,477,STR,STR,44,left,0
2357,2358,2,6506.38,6075.42,2818.34,0.48828125,2357,477,STR,STR,44,left,0
2358,2359,2,6506.8,6077.4,2818.24,0.40625,2358,477,STR,STR,44,left,0
2359,2360,2,6508.28,6078.7,2818.3600000000006,0.26953125,2359,477,STR,STR,44,left,0
2360,2361,2,6511.04,6080.12,2819.0200000000004,0.1640625,2360,477,STR,STR,44,left,0
2361,2362,2,6511.82,6081.84,2820.1399999999994,0.6484375,2361,477,STR,STR,44,left,0
2362,2363,2,6513.74,6083.42,2821.3600000000006,0.01171875,2362,477,STR,STR,44,left,0
2363,2364,2,6517.16,6083.82,2822.4400000000005,0.2421875,2363,477,STR,STR,44,left,0
2364,2365,2,6519.04,6083.6,2822.26,0.32421875,2364,477,STR,STR,44,left,0
2365,2366,2,6520.94,6083.04,2822.08,0.32421875,2365,477,STR,STR,44,left,0
2366,2367,2,6521.74,6082.06,2821.4400000000005,0.32421875,2366,477,STR,STR,44,left,0
2367,2368,2,6523.8,6080.94,2821.0200000000004,0.37890625,2367,477,STR,STR,44,left,0
2368,2369,2,6525.4,6080.22,2820.82,0.1640625,2368,477,STR,STR,44,left,0
2369,2370,2,6526.24,6079.32,2819.92,0.1640625,2369,477,STR,STR,44,left,0
2370,2371,2,6527.86,6077.88,2818.9400000000005,0.26953125,2370,477,STR,STR,44,left,0
2371,2372,2,6528.92,6076.04,2818.92,0.1640625,2371,477,STR,STR,44,left,0
2372,2373,2,6529.72,6074.5,2818.2800000000007,0.26953125,2372,477,STR,STR,44,left,0
2373,2374,2,6531.4,6073.12,2817.92,0.48828125,2373,477,STR,STR,44,left,0
2374,2375,2,6532.84,6071.92,2817.3600000000006,0.43359375,2374,477,STR,STR,44,left,0
2375,2376,2,6533.98,6069.84,2816.08,0.00390625,2375,477,STR,STR,44,left,0
2376,2377,2,6535.28,6066.78,2815.120000000001,0.32421875,2376,477,STR,STR,44,left,0
2377,2378,2,6535.52,6064.64,2814.120000000001,0.1640625,2377,477,STR,STR,44,left,0
2378,2379,2,6536.86,6063.0,2814.1399999999994,0.37890625,2378,477,STR,STR,44,left,0
2379,2380,2,6537.74,6061.2,2814.379999999999,0.3515625,2379,477,STR,STR,44,left,0
2380,2381,2,6539.64,6059.24,2814.0599999999995,0.37890625,2380,477,STR,STR,44,left,0
2381,2382,2,6540.7,6058.32,2813.040000000001,0.40625,2381,477,STR,STR,44,left,0
2382,2383,2,6542.04,6057.1,2811.58,0.1640625,2382,477,STR,STR,44,left,0
2383,2384,2,6543.76,6055.98,2810.32,0.37890625,2383,477,STR,STR,44,left,0
2384,2385,2,6545.06,6054.92,2809.9,0.32421875,2384,477,STR,STR,44,left,0
2385,2386,2,6546.94,6053.84,2808.72,0.296875,2385,477,STR,STR,44,left,0
2386,2387,2,6548.14,6053.34,2808.24,0.3515625,2386,477,STR,STR,44,left,0
2387,2388,2,6550.54,6053.6,2807.4400000000005,0.0078125,2387,477,STR,STR,44,left,0
2388,2389,2,6553.36,6054.24,2807.2800000000007,0.40625,2388,477,STR,STR,44,left,0
2389,2390,2,6555.46,6055.16,2807.379999999999,0.37890625,2389,477,STR,STR,44,left,0
2390,2391,2,6558.36,6055.7,2807.82,0.296875,2390,477,STR,STR,44,left,0
2391,2392,2,6560.44,6057.12,2807.8,0.296875,2391,477,STR,STR,44,left,0
2392,2393,2,6504.78,6070.5,2795.3,0.0078125,1724,477,STR,STR,45,left,0
2393,2394,2,6504.88,6073.02,2794.9400000000005,0.4609375,2393,303,BLAa,BLA,45,left,0
2394,2395,2,6504.6,6074.32,2795.620000000001,0.1640625,2394,477,STR,STR,45,left,0
2395,2396,2,6503.14,6076.42,2796.4,0.296875,2395,477,STR,STR,45,left,0
2396,2397,2,6502.38,6079.34,2797.16,0.21484375,2396,477,STR,STR,45,left,0
2397,2398,2,6501.9,6080.66,2797.879999999999,0.32421875,2397,477,STR,STR,45,left,1
2398,2399,2,6503.78,6070.78,2794.5200000000004,0.00390625,1724,303,BLAa,BLA,46,left,0
2399,2400,2,6502.44,6070.92,2793.8600000000006,0.37890625,2399,303,BLAa,BLA,46,left,0
2400,2401,2,6502.02,6069.52,2793.08,0.40625,2400,303,BLAa,BLA,46,left,0
2401,2402,2,6501.34,6067.08,2792.5200000000004,0.37890625,2401,303,BLAa,BLA,46,left,0
2402,2403,2,6499.88,6066.56,2791.9400000000005,0.1640625,2402,303,BLAa,BLA,46,left,0
2403,2404,2,6498.88,6065.24,2790.98,0.21484375,2403,303,BLAa,BLA,46,left,0
2404,2405,2,6496.78,6064.14,2790.76,0.26953125,2404,303,BLAa,BLA,46,left,0
2405,2406,2,6494.66,6063.62,2790.84,0.32421875,2405,303,BLAa,BLA,46,left,0
2406,2407,2,6492.04,6064.1,2791.0200000000004,0.2421875,2406,303,BLAa,BLA,46,left,0
2407,2408,2,6489.94,6065.58,2790.72,0.21484375,2407,303,BLAa,BLA,46,left,0
2408,2409,2,6488.02,6066.54,2790.4,0.296875,2408,303,BLAa,BLA,46,left,0
2409,2410,2,6485.48,6066.9,2790.34,0.32421875,2409,303,BLAa,BLA,46,left,0
2410,2411,2,6483.68,6067.98,2788.24,0.4609375,2410,303,BLAa,BLA,46,left,0
2411,2412,2,6481.78,6068.24,2786.9,0.296875,2411,303,BLAa,BLA,46,left,0
2412,2413,2,6479.42,6067.46,2786.459999999999,0.26953125,2412,303,BLAa,BLA,46,left,0
2413,2414,2,6477.3,6066.54,2786.8,0.26953125,2413,303,BLAa,BLA,46,left,0
2414,2415,2,6474.62,6066.12,2787.26,0.00390625,2414,477,STR,STR,46,left,0
2415,2416,2,6472.44,6066.64,2786.48,1.515625,2415,477,STR,STR,46,left,0
2416,2417,2,6470.92,6067.44,2785.98,0.515625,2416,477,STR,STR,46,left,0
2417,2418,2,6468.2,6067.6,2785.7800000000007,0.40625,2417,477,STR,STR,46,left,0
2418,2419,2,6466.54,6067.64,2785.8,0.32421875,2418,477,STR,STR,46,left,1
2419,2420,3,6869.62,5727.28,2810.26,0.00390625,1878,544,CEAc,CEA,47,left,0
2420,2421,3,6870.82,5725.88,2811.379999999999,0.32421875,2420,544,CEAc,CEA,47,left,0
2421,2422,3,6872.04,5724.06,2812.76,0.37890625,2421,544,CEAc,CEA,47,left,0
2422,2423,3,6873.82,5723.42,2814.1800000000003,0.4609375,2422,544,CEAc,CEA,47,left,0
2423,2424,3,6876.1,5722.6,2815.040000000001,0.2421875,2423,544,CEAc,CEA,47,left,0
2424,2425,3,6879.16,5721.98,2815.459999999999,0.296875,2424,544,CEAc,CEA,47,left,0
2425,2426,3,6881.48,5721.14,2815.6399999999994,0.1640625,2425,544,CEAc,CEA,47,left,0
2426,2427,3,6882.3,5720.58,2815.379999999999,0.21484375,2426,544,CEAc,CEA,47,left,1
2427,2428,3,6866.08,5728.6,2809.1000000000004,0.015625,1878,544,CEAc,CEA,48,left,0
2428,2429,3,6865.78,5727.12,2811.1000000000004,0.40625,2428,544,CEAc,CEA,48,left,0
2429,2430,3,6865.92,5725.3,2813.9400000000005,0.4609375,2429,544,CEAc,CEA,48,left,0
2430,2431,3,6866.16,5725.0,2816.26,0.40625,2430,544,CEAc,CEA,48,left,0
2431,2432,3,6866.32,5724.78,2817.74,0.4609375,2431,544,CEAc,CEA,48,left,1
2432,2433,2,6507.64,6072.34,2876.34,0.01171875,2199,477,STR,STR,49,left,0
2433,2434,2,6504.78,6073.58,2876.48,0.19140625,2433,477,STR,STR,49,left,0
2434,2435,2,6502.9,6074.1,2876.4,0.296875,2434,477,STR,STR,49,left,0
2435,2436,2,6501.16,6074.28,2876.7000000000007,0.32421875,2435,477,STR,STR,49,left,0
2436,2437,2,6499.08,6074.4,2877.0200000000004,0.296875,2436,477,STR,STR,49,left,0
2437,2438,2,6496.66,6074.96,2877.76,0.26953125,2437,477,STR,STR,49,left,0
2438,2439,2,6495.28,6075.44,2878.34,0.296875,2438,477,STR,STR,49,left,0
2439,2440,2,6492.94,6076.0,2878.66,0.32421875,2439,477,STR,STR,49,left,0
2440,2441,2,6491.08,6076.08,2879.22,0.32421875,2440,477,STR,STR,49,left,0
2441,2442,2,6489.68,6076.18,2880.16,0.37890625,2441,477,STR,STR,49,left,0
2442,2443,2,6487.46,6075.92,2881.34,0.296875,2442,477,STR,STR,49,left,0
2443,2444,2,6485.96,6075.46,2881.879999999999,0.1640625,2443,477,STR,STR,49,left,0
2444,2445,2,6482.9,6073.9,2882.76,0.00390625,2444,544,CEAc,CEA,49,left,0
2445,2446,2,6480.92,6072.04,2883.82,0.32421875,2445,544,CEAc,CEA,49,left,0
2446,2447,2,6480.12,6069.16,2884.92,0.2421875,2446,544,CEAc,CEA,49,left,0
2447,2448,2,6479.14,6066.76,2885.0200000000004,0.26953125,2447,544,CEAc,CEA,49,left,0
2448,2449,2,6478.2,6058.8,2885.5599999999995,0.21484375,2448,544,CEAc,CEA,49,left,0
2449,2450,2,6478.58,6057.3,2885.1800000000003,0.43359375,2449,544,CEAc,CEA,49,left,0
2450,2451,2,6478.62,6054.48,2885.3,0.1640625,2450,544,CEAc,CEA,49,left,0
2451,2452,2,6478.4,6052.06,2886.24,0.37890625,2451,544,CEAc,CEA,49,left,0
2452,2453,2,6478.1,6049.2,2886.84,0.48828125,2452,544,CEAc,CEA,49,left,0
2453,2454,2,6477.1,6047.7,2886.1000000000004,0.32421875,2453,544,CEAc,CEA,49,left,0
2454,2455,2,6475.92,6047.96,2885.22,0.1640625,2454,544,CEAc,CEA,49,left,0
2455,2456,2,6508.76,6067.36,2874.84,0.4609375,2199,477,STR,STR,50,left,0
2456,2457,2,6508.8,6064.68,2874.8,0.48828125,2456,477,STR,STR,50,left,0
2457,2458,2,6509.42,6062.78,2874.82,0.37890625,2457,477,STR,STR,50,left,0
2458,2459,2,6510.56,6061.18,2875.0,0.296875,2458,559,CEAm,CEA,50,left,0
2459,2460,2,6510.9,6058.36,2875.3,0.4609375,2459,559,CEAm,CEA,50,left,0
2460,2461,2,6510.54,6055.62,2875.26,0.43359375,2460,559,CEAm,CEA,50,left,0
2461,2462,2,6510.96,6053.38,2875.6800000000003,0.26953125,2461,559,CEAm,CEA,50,left,0
2462,2463,2,6512.1,6052.04,2876.040000000001,0.21484375,2462,559,CEAm,CEA,50,left,0
2463,2464,2,6512.18,6050.22,2876.8,0.4609375,2463,559,CEAm,CEA,50,left,0
2464,2465,2,6512.62,6047.82,2877.42,0.32421875,2464,559,CEAm,CEA,50,left,0
2465,2466,2,6513.8,6047.02,2877.32,0.21484375,2465,559,CEAm,CEA,50,left,0
2466,2467,2,6515.98,6045.88,2877.1399999999994,0.3515625,2466,559,CEAm,CEA,50,left,0
2467,2468,2,6517.3,6045.14,2876.6800000000003,0.1640625,2467,559,CEAm,CEA,50,left,0
2468,2469,2,6518.32,6043.6,2876.42,0.21484375,2468,559,CEAm,CEA,50,left,0
2469,2470,2,6519.88,6041.28,2876.9,0.48828125,2469,559,CEAm,CEA,50,left,0
2470,2471,2,6520.78,6038.86,2877.34,0.32421875,2470,559,CEAm,CEA,50,left,0
2471,2472,2,6521.76,6037.08,2877.1800000000003,0.32421875,2471,559,CEAm,CEA,50,left,0
2472,2473,2,6522.1,6033.34,2877.379999999999,0.62109375,2472,544,CEAc,CEA,50,left,0
2473,2474,2,6522.04,6030.92,2877.1000000000004,0.5703125,2473,544,CEAc,CEA,50,left,0
2474,2475,2,6523.02,6029.4,2876.4400000000005,0.32421875,2474,544,CEAc,CEA,50,left,0
2475,2476,2,6524.52,6028.66,2875.32,0.2421875,2475,544,CEAc,CEA,50,left,0
2476,2477,2,6526.2,6028.2,2874.66,0.32421875,2476,559,CEAm,CEA,50,left,0
2477,2478,2,6527.92,6028.1,2874.08,0.40625,2477,559,CEAm,CEA,50,left,0
2478,2479,2,6528.5,6027.88,2871.7000000000007,0.48828125,2478,559,CEAm,CEA,50,left,0
2479,2480,2,6528.88,6027.8,2870.6800000000003,0.43359375,2479,559,CEAm,CEA,50,left,0
2480,2481,2,6531.02,6027.68,2870.1000000000004,0.19140625,2480,559,CEAm,CEA,50,left,0
2481,2482,2,6534.32,6027.14,2869.0599999999995,0.40625,2481,559,CEAm,CEA,50,left,0
2482,2483,2,6535.52,6026.3,2868.22,0.32421875,2482,559,CEAm,CEA,50,left,0
2483,2484,2,6536.54,6025.78,2866.34,0.40625,2483,559,CEAm,CEA,50,left,0
2484,2485,2,6537.5,6025.44,2862.959999999999,0.296875,2484,559,CEAm,CEA,50,left,0
2485,2486,2,6538.88,6025.0,2861.620000000001,0.43359375,2485,559,CEAm,CEA,50,left,0
2486,2487,2,6540.9,6024.72,2860.72,0.296875,2486,559,CEAm,CEA,50,left,0
2487,2488,2,6542.26,6024.08,2860.120000000001,0.3515625,2487,559,CEAm,CEA,50,left,0
2488,2489,2,6543.16,6023.18,2859.08,0.2421875,2488,559,CEAm,CEA,50,left,0
2489,2490,2,6544.3,6022.04,2857.8600000000006,0.26953125,2489,559,CEAm,CEA,50,left,0
2490,2491,2,6545.5,6021.28,2856.1800000000003,0.32421875,2490,559,CEAm,CEA,50,left,0
2491,2492,2,6545.58,6020.66,2855.24,0.21484375,2491,559,CEAm,CEA,50,left,0
2492,2493,2,6545.9,6020.74,2854.3,0.0234375,2492,477,STR,STR,50,left,0
2493,2494,2,6548.0,6021.22,2852.6800000000003,0.2421875,2493,477,STR,STR,50,left,0
2494,2495,2,6549.5,6021.1,2851.4400000000005,0.21484375,2494,477,STR,STR,50,left,0
2495,2496,2,6549.4,6020.82,2849.620000000001,0.43359375,2495,477,STR,STR,50,left,0
2496,2497,2,6549.76,6021.0,2848.040000000001,0.296875,2496,477,STR,STR,50,left,0
2497,2498,2,6550.82,6021.3,2847.0200000000004,0.26953125,2497,477,STR,STR,50,left,0
2498,2499,2,6551.5,6021.54,2845.1399999999994,0.26953125,2498,477,STR,STR,50,left,0
2499,2500,2,6552.6,6021.88,2843.7000000000007,0.296875,2499,477,STR,STR,50,left,0
2500,2501,2,6554.36,6022.38,2842.2800000000007,0.296875,2500,477,STR,STR,50,left,0
2501,2502,2,6556.04,6023.42,2841.040000000001,0.32421875,2501,477,STR,STR,50,left,0
2502,2503,2,6556.68,6025.36,2839.6800000000003,0.3515625,2502,477,STR,STR,50,left,0
2503,2504,2,6557.28,6026.12,2838.16,0.32421875,2503,477,STR,STR,50,left,0
2504,2505,2,6557.66,6025.8,2835.26,0.00390625,2504,477,STR,STR,50,left,0
2505,2506,2,6559.02,6025.14,2834.1800000000003,0.40625,2505,477,STR,STR,50,left,0
2506,2507,2,6559.72,6024.18,2833.040000000001,0.37890625,2506,477,STR,STR,50,left,0
2507,2508,2,6561.24,6023.26,2831.1800000000003,0.1640625,2507,477,STR,STR,50,left,0
2508,2509,2,6562.48,6021.74,2829.379999999999,0.32421875,2508,477,STR,STR,50,left,0
2509,2510,2,6562.82,6020.5,2827.98,0.48828125,2509,477,STR,STR,50,left,0
2510,2511,2,6565.28,6020.16,2827.84,0.48828125,2510,477,STR,STR,50,left,0
2511,2512,2,6567.68,6020.44,2827.82,0.296875,2511,477,STR,STR,50,left,0
2512,2513,2,6569.3,6020.9,2827.7000000000007,0.296875,2512,477,STR,STR,50,left,0
2513,2514,2,6571.14,6020.82,2826.92,0.40625,2513,477,STR,STR,50,left,0
2514,2515,2,6572.24,6020.68,2825.9400000000005,0.515625,2514,477,STR,STR,50,left,0
2515,2516,2,6573.28,6020.3,2824.58,0.3515625,2515,477,STR,STR,50,left,0
2516,2517,2,6573.92,6019.72,2824.72,0.40625,2516,477,STR,STR,50,left,0
2517,2518,2,6574.5,6018.7,2822.9400000000005,0.26953125,2517,477,STR,STR,50,left,0
2518,2519,2,6574.88,6016.16,2821.8600000000006,0.1640625,2518,477,STR,STR,50,left,0
2519,2520,2,6575.84,6014.14,2821.2000000000007,0.19140625,2519,477,STR,STR,50,left,0
2520,2521,2,6577.5,6011.94,2820.5,0.296875,2520,477,STR,STR,50,left,0
2521,2522,2,6578.2,6010.12,2819.22,0.1640625,2521,477,STR,STR,50,left,0
2522,2523,2,6579.26,6009.12,2818.040000000001,0.2421875,2522,477,STR,STR,50,left,0
2523,2524,2,6581.98,6008.04,2816.9,0.37890625,2523,477,STR,STR,50,left,0
2524,2525,2,6582.62,6006.6,2816.42,0.296875,2524,477,STR,STR,50,left,0
2525,2526,2,6583.52,6004.6,2815.16,0.32421875,2525,477,STR,STR,50,left,0
2526,2527,2,6584.26,6002.54,2814.6399999999994,0.43359375,2526,477,STR,STR,50,left,0
2527,2528,2,6585.4,6000.9,2813.98,0.32421875,2527,477,STR,STR,50,left,0
2528,2529,2,6586.5,5999.8,2813.3600000000006,0.0078125,2528,477,STR,STR,50,left,0
2529,2530,2,6588.44,5998.92,2812.82,0.2421875,2529,477,STR,STR,50,left,0
2530,2531,2,6589.88,5997.42,2812.3600000000006,0.40625,2530,477,STR,STR,50,left,0
2531,2532,2,6590.9,5996.0,2811.72,0.19140625,2531,477,STR,STR,50,left,0
2532,2533,2,6592.6,5994.9,2811.120000000001,0.3515625,2532,477,STR,STR,50,left,0
2533,2534,2,6594.12,5994.6,2809.76,0.26953125,2533,477,STR,STR,50,left,0
2534,2535,2,6594.64,5994.64,2808.0,0.21484375,2534,477,STR,STR,50,left,0
2535,2536,2,6595.82,5993.92,2806.8600000000006,0.32421875,2535,477,STR,STR,50,left,0
2536,2537,2,6596.64,5993.3,2805.42,0.32421875,2536,477,STR,STR,50,left,0
2537,2538,2,6597.7,5992.16,2804.5599999999995,0.48828125,2537,477,STR,STR,50,left,0
2538,2539,2,6597.2,5990.08,2803.620000000001,0.19140625,2538,477,STR,STR,50,left,0
2539,2540,2,6596.4,5988.88,2803.879999999999,0.48828125,2539,477,STR,STR,50,left,0
2540,2541,2,6589.52,6011.02,2852.7000000000007,0.00390625,2241,477,STR,STR,51,left,0
2541,2542,2,6590.84,6009.38,2852.5,0.26953125,2541,477,STR,STR,51,left,0
2542,2543,2,6591.78,6007.26,2852.72,0.32421875,2542,477,STR,STR,51,left,0
2543,2544,2,6592.5,6004.28,2853.0599999999995,0.2421875,2543,559,CEAm,CEA,51,left,0
2544,2545,2,6593.08,6001.78,2853.1000000000004,0.21484375,2544,559,CEAm,CEA,51,left,0
2545,2546,2,6593.1,5999.3,2852.459999999999,0.296875,2545,559,CEAm,CEA,51,left,0
2546,2547,2,6593.06,5995.88,2851.459999999999,0.2421875,2546,559,CEAm,CEA,51,left,0
2547,2548,2,6593.4,5994.52,2850.5599999999995,0.37890625,2547,559,CEAm,CEA,51,left,0
2548,2549,2,6594.04,5993.34,2848.8,0.26953125,2548,559,CEAm,CEA,51,left,0
2549,2550,2,6593.72,5991.2,2847.5200000000004,0.4609375,2549,559,CEAm,CEA,51,left,0
2550,2551,2,6593.32,5988.3,2847.24,0.00390625,2550,559,CEAm,CEA,51,left,0
2551,2552,2,6592.82,5984.52,2847.1800000000003,0.32421875,2551,559,CEAm,CEA,51,left,0
2552,2553,2,6592.54,5982.36,2847.1000000000004,0.21484375,2552,559,CEAm,CEA,51,left,0
2553,2554,2,6592.26,5980.06,2847.3,0.32421875,2553,559,CEAm,CEA,51,left,0
2554,2555,2,6591.82,5976.98,2846.8,0.00390625,2554,559,CEAm,CEA,51,left,0
2555,2556,2,6591.42,5974.52,2845.959999999999,0.40625,2555,559,CEAm,CEA,51,left,0
2556,2557,2,6591.0,5971.56,2845.6800000000003,0.4609375,2556,559,CEAm,CEA,51,left,0
2557,2558,2,6591.38,5970.14,2846.08,0.43359375,2557,559,CEAm,CEA,51,left,0
2558,2559,2,6593.36,5969.42,2846.3600000000006,0.21484375,2558,559,CEAm,CEA,51,left,0
2559,2560,2,6594.22,5967.78,2846.22,0.00390625,2559,559,CEAm,CEA,51,left,0
2560,2561,2,6595.26,5965.44,2845.9,0.26953125,2560,559,CEAm,CEA,51,left,0
2561,2562,2,6595.38,5962.88,2845.3600000000006,0.515625,2561,559,CEAm,CEA,51,left,0
2562,2563,2,6595.8,5960.4,2845.540000000001,0.32421875,2562,559,CEAm,CEA,51,left,0
2563,2564,2,6597.1,5958.66,2845.8,0.40625,2563,559,CEAm,CEA,51,left,0
2564,2565,2,6597.86,5956.08,2845.8,0.32421875,2564,559,CEAm,CEA,51,left,0
2565,2566,2,6598.04,5952.56,2845.26,0.296875,2565,559,CEAm,CEA,51,left,0
2566,2567,2,6599.14,5950.3,2844.6000000000004,0.21484375,2566,544,CEAc,CEA,51,left,0
2567,2568,2,6600.22,5949.02,2843.9,0.48828125,2567,544,CEAc,CEA,51,left,0
2568,2569,2,6600.82,5946.88,2843.32,0.43359375,2568,544,CEAc,CEA,51,left,0
2569,2570,2,6600.54,5944.38,2842.22,0.32421875,2569,544,CEAc,CEA,51,left,0
2570,2571,2,6601.06,5942.76,2841.72,0.37890625,2570,544,CEAc,CEA,51,left,0
2571,2572,2,6601.1,5940.2,2841.3600000000006,0.2421875,2571,544,CEAc,CEA,51,left,0
2572,2573,2,6602.16,5938.38,2841.1000000000004,0.19140625,2572,544,CEAc,CEA,51,left,0
2573,2574,2,6603.52,5937.56,2840.32,0.00390625,2573,544,CEAc,CEA,51,left,0
2574,2575,2,6603.68,5935.94,2840.040000000001,0.4609375,2574,544,CEAc,CEA,51,left,0
2575,2576,2,6604.82,5934.64,2839.98,0.32421875,2575,544,CEAc,CEA,51,left,0
2576,2577,2,6605.84,5933.58,2839.0599999999995,0.43359375,2576,544,CEAc,CEA,51,left,0
2577,2578,2,6607.18,5932.82,2838.0599999999995,0.296875,2577,544,CEAc,CEA,51,left,0
2578,2579,2,6609.16,5932.96,2837.620000000001,0.37890625,2578,544,CEAc,CEA,51,left,0
2579,2580,2,6609.32,5933.34,2835.8600000000006,0.37890625,2579,544,CEAc,CEA,51,left,0
2580,2581,2,6610.32,5932.0,2834.7800000000007,0.4609375,2580,544,CEAc,CEA,51,left,0
2581,2582,2,6611.56,5930.32,2834.5,0.32421875,2581,544,CEAc,CEA,51,left,0
2582,2583,2,6613.16,5928.48,2833.98,0.4609375,2582,544,CEAc,CEA,51,left,0
2583,2584,2,6614.06,5926.96,2833.3,0.3515625,2583,544,CEAc,CEA,51,left,0
2584,2585,2,6614.92,5925.84,2832.6800000000003,0.4609375,2584,544,CEAc,CEA,51,left,0
2585,2586,2,6616.58,5923.84,2832.66,0.296875,2585,544,CEAc,CEA,51,left,0
2586,2587,2,6618.32,5922.16,2832.6399999999994,0.296875,2586,544,CEAc,CEA,51,left,0
2587,2588,2,6618.38,5920.98,2832.4400000000005,0.01171875,2587,544,CEAc,CEA,51,left,0
2588,2589,2,6590.22,6013.12,2851.6399999999994,0.00390625,2241,477,STR,STR,52,left,0
2589,2590,2,6592.06,6013.7,2850.76,0.3515625,2589,477,STR,STR,52,left,0
2590,2591,2,6594.1,6014.1,2849.620000000001,0.21484375,2590,477,STR,STR,52,left,0
2591,2592,2,6595.46,6013.42,2848.6000000000004,0.21484375,2591,477,STR,STR,52,left,0
2592,2593,2,6596.42,6012.02,2847.1800000000003,0.37890625,2592,477,STR,STR,52,left,0
2593,2594,2,6597.66,6010.94,2846.82,0.19140625,2593,477,STR,STR,52,left,0
2594,2595,2,6598.36,6009.52,2845.84,0.1640625,2594,477,STR,STR,52,left,0
2595,2596,2,6599.12,6007.06,2844.7800000000007,0.2421875,2595,477,STR,STR,52,left,0
2596,2597,2,6599.68,6005.2,2843.82,0.32421875,2596,477,STR,STR,52,left,0
2597,2598,2,6600.86,6002.36,2842.8,0.2421875,2597,477,STR,STR,52,left,0
2598,2599,2,6601.18,6000.18,2842.26,0.2421875,2598,477,STR,STR,52,left,0
2599,2600,2,6602.74,5998.76,2841.9,0.32421875,2599,477,STR,STR,52,left,0
2600,2601,2,6604.08,5997.72,2840.92,0.43359375,2600,477,STR,STR,52,left,0
2601,2602,2,6606.14,5997.26,2839.16,0.32421875,2601,477,STR,STR,52,left,0
2602,2603,2,6608.74,5996.88,2838.7800000000007,0.26953125,2602,477,STR,STR,52,left,0
2603,2604,2,6610.42,5996.3,2838.72,0.1640625,2603,477,STR,STR,52,left,0
2604,2605,2,6611.4,5994.9,2838.620000000001,0.1640625,2604,477,STR,STR,52,left,0
2605,2606,2,6613.1,5992.94,2839.26,0.1640625,2605,477,STR,STR,52,left,0
2606,2607,2,6614.6,5991.56,2839.459999999999,0.2421875,2606,477,STR,STR,52,left,0
2607,2608,2,6614.56,5989.4,2838.82,0.43359375,2607,477,STR,STR,52,left,0
2608,2609,2,6613.9,5985.1,2837.959999999999,0.6484375,2608,477,STR,STR,52,left,0
2609,2610,2,6613.56,5982.86,2837.4,0.32421875,2609,559,CEAm,CEA,52,left,0
2610,2611,2,6613.94,5981.22,2836.0599999999995,0.32421875,2610,559,CEAm,CEA,52,left,0
2611,2612,2,6614.82,5979.12,2835.26,0.3515625,2611,559,CEAm,CEA,52,left,0
2612,2613,2,6615.48,5977.34,2834.3,0.19140625,2612,477,STR,STR,52,left,0
2613,2614,2,6616.48,5976.16,2833.32,0.48828125,2613,477,STR,STR,52,left,0
2614,2615,2,6616.6,5975.2,2832.2000000000007,0.48828125,2614,477,STR,STR,52,left,0
2615,2616,2,6617.9,5974.32,2831.040000000001,0.296875,2615,477,STR,STR,52,left,0
2616,2617,2,6619.46,5973.74,2830.1399999999994,0.2421875,2616,477,STR,STR,52,left,0
2617,2618,2,6620.46,5973.1,2829.08,0.2421875,2617,477,STR,STR,52,left,0
2618,2619,2,6622.54,5973.04,2827.6399999999994,0.2421875,2618,477,STR,STR,52,left,0
2619,2620,2,6624.18,5973.0,2826.48,0.4609375,2619,477,STR,STR,52,left,0
2620,2621,2,6625.34,5972.9,2826.0,0.32421875,2620,477,STR,STR,52,left,0
2621,2622,2,6625.32,5973.38,2825.3600000000006,0.01953125,2621,477,STR,STR,52,left,0
2622,2623,2,6627.48,5974.34,2823.8,0.26953125,2622,477,STR,STR,52,left,0
2623,2624,2,6628.94,5975.56,2822.879999999999,0.40625,2623,477,STR,STR,52,left,0
2624,2625,2,6631.66,5976.16,2821.6800000000003,0.3515625,2624,477,STR,STR,52,left,0
2625,2626,2,6633.26,5976.26,2820.74,0.296875,2625,477,STR,STR,52,left,0
2626,2627,2,6634.12,5975.36,2819.540000000001,0.40625,2626,477,STR,STR,52,left,0
2627,2628,2,6634.46,5973.66,2818.58,0.37890625,2627,477,STR,STR,52,left,0
2628,2629,2,6634.94,5972.38,2817.379999999999,0.32421875,2628,477,STR,STR,52,left,0
2629,2630,2,6636.26,5971.98,2817.24,0.40625,2629,477,STR,STR,52,left,0
2630,2631,2,6638.62,5971.74,2816.8600000000006,0.21484375,2630,477,STR,STR,52,left,0
2631,2632,2,6640.42,5971.74,2816.1800000000003,0.296875,2631,477,STR,STR,52,left,0
2632,2633,2,6642.08,5972.36,2815.459999999999,0.1640625,2632,477,STR,STR,52,left,0
2633,2634,2,6644.66,5973.36,2815.26,0.1640625,2633,477,STR,STR,52,left,0
2634,2635,2,6645.56,5974.5,2815.1399999999994,0.48828125,2634,477,STR,STR,52,left,0
2635,2636,2,6646.78,5974.8,2814.0,0.2421875,2635,477,STR,STR,52,left,0
2636,2637,2,6647.64,5974.06,2812.48,0.3515625,2636,477,STR,STR,52,left,0
2637,2638,2,6648.88,5972.6,2812.0,0.3515625,2637,477,STR,STR,52,left,0
2638,2639,2,6651.26,5971.48,2811.459999999999,0.32421875,2638,477,STR,STR,52,left,0
2639,2640,2,6653.02,5970.34,2811.32,0.32421875,2639,477,STR,STR,52,left,0
2640,2641,2,6654.52,5968.88,2811.32,0.21484375,2640,477,STR,STR,52,left,0
2641,2642,2,6654.88,5966.36,2811.459999999999,0.43359375,2641,477,STR,STR,52,left,0
2642,2643,2,6655.06,5964.44,2811.9400000000005,0.37890625,2642,477,STR,STR,52,left,0
2643,2644,2,6656.52,5962.92,2812.5,0.32421875,2643,477,STR,STR,52,left,0
2644,2645,2,6657.22,5960.62,2813.66,0.32421875,2644,477,STR,STR,52,left,0
2645,2646,2,6657.8,5957.96,2815.0200000000004,0.54296875,2645,477,STR,STR,52,left,0
2646,2647,2,6659.12,5955.4,2815.72,0.1640625,2646,477,STR,STR,52,left,0
2647,2648,2,6660.2,5953.68,2815.620000000001,0.3515625,2647,477,STR,STR,52,left,0
2648,2649,2,6661.02,5952.98,2815.459999999999,0.0078125,2648,477,STR,STR,52,left,1
2649,2650,2,6461.2,6160.06,2797.7800000000007,0.00390625,2303,1105,IA,IA,53,left,0
2650,2651,2,6462.5,6158.2,2797.98,0.32421875,2650,1105,IA,IA,53,left,0
2651,2652,2,6463.74,6155.76,2798.5200000000004,0.40625,2651,1105,IA,IA,53,left,0
2652,2653,2,6464.42,6153.6,2799.58,0.40625,2652,1105,IA,IA,53,left,0
2653,2654,2,6464.36,6151.38,2801.1399999999994,0.00390625,2653,1105,IA,IA,53,left,0
2654,2655,2,6460.9,6159.56,2797.6000000000004,0.0078125,2303,1105,IA,IA,54,left,0
2655,2656,2,6460.66,6159.2,2795.540000000001,0.2421875,2655,1105,IA,IA,54,left,0
2656,2657,2,6460.52,6158.32,2792.879999999999,0.32421875,2656,1105,IA,IA,54,left,0
2657,2658,2,6460.98,6157.38,2791.8600000000006,0.26953125,2657,1105,IA,IA,54,left,0
2658,2659,2,6461.04,6154.92,2788.76,0.1640625,2658,1105,IA,IA,54,left,0
2659,2660,2,6461.84,6153.9,2787.1800000000003,0.1640625,2659,1105,IA,IA,54,left,0
2660,2661,2,6463.82,6153.68,2786.22,0.32421875,2660,1105,IA,IA,54,left,0
2661,2662,2,6465.28,6153.02,2785.34,0.26953125,2661,1105,IA,IA,54,left,0
2662,2663,2,6465.34,6151.7,2784.6399999999994,0.37890625,2662,1105,IA,IA,54,left,0
2663,2664,2,6466.74,6150.1,2784.2800000000007,0.40625,2663,1105,IA,IA,54,left,0
2664,2665,2,6467.84,6148.76,2783.8,0.2421875,2664,1105,IA,IA,54,left,0
2665,2666,2,6468.76,6147.94,2782.9,0.48828125,2665,1105,IA,IA,54,left,0
2666,2667,2,6468.22,6146.26,2782.1399999999994,0.3515625,2666,1105,IA,IA,54,left,0
2667,2668,2,6466.66,6144.84,2780.84,0.48828125,2667,703,CTXsp,CTXsp,54,left,0
2668,2669,2,6465.62,6143.24,2779.9400000000005,0.5703125,2668,703,CTXsp,CTXsp,54,left,0
2669,2670,2,6466.66,6140.76,2779.6000000000004,0.00390625,2669,703,CTXsp,CTXsp,54,left,0
2670,2671,2,6467.68,6138.76,2780.2000000000007,0.3515625,2670,703,CTXsp,CTXsp,54,left,0
2671,2672,2,6468.42,6135.94,2781.16,0.5703125,2671,703,CTXsp,CTXsp,54,left,0
2672,2673,2,6469.58,6134.44,2781.5,0.32421875,2672,303,BLAa,BLA,54,left,0
2673,2674,2,6469.86,6132.4,2782.0599999999995,0.3515625,2673,303,BLAa,BLA,54,left,0
2674,2675,2,6470.94,6130.88,2782.959999999999,0.37890625,2674,303,BLAa,BLA,54,left,0
2675,2676,2,6473.64,6128.44,2783.6800000000003,0.32421875,2675,303,BLAa,BLA,54,left,0
2676,2677,2,6475.1,6127.02,2783.84,0.32421875,2676,303,BLAa,BLA,54,left,0
2677,2678,2,6477.86,6125.66,2784.0,0.296875,2677,303,BLAa,BLA,54,left,0
2678,2679,2,6479.48,6125.52,2783.76,0.32421875,2678,303,BLAa,BLA,54,left,0
2679,2680,2,6481.68,6125.24,2784.24,0.00390625,2679,303,BLAa,BLA,54,left,0
2680,2681,2,6483.4,6124.38,2784.0,0.296875,2680,303,BLAa,BLA,54,left,0
2681,2682,2,6485.26,6122.92,2783.8600000000006,0.1640625,2681,303,BLAa,BLA,54,left,0
2682,2683,2,6487.92,6121.62,2782.9,0.48828125,2682,303,BLAa,BLA,54,left,0
2683,2684,2,6489.34,6120.56,2782.1800000000003,0.3515625,2683,303,BLAa,BLA,54,left,0
2684,2685,2,6489.3,6118.08,2781.72,0.32421875,2684,303,BLAa,BLA,54,left,0
2685,2686,2,6489.32,6115.78,2780.5200000000004,0.37890625,2685,303,BLAa,BLA,54,left,0
2686,2687,2,6490.38,6114.14,2779.6800000000003,0.32421875,2686,303,BLAa,BLA,54,left,0
2687,2688,2,6490.26,6111.38,2778.98,0.21484375,2687,303,BLAa,BLA,54,left,0
2688,2689,2,6490.24,6109.92,2777.7800000000007,0.515625,2688,303,BLAa,BLA,54,left,0
2689,2690,2,6491.3,6108.82,2776.74,0.515625,2689,303,BLAa,BLA,54,left,0
2690,2691,2,6492.14,6106.88,2775.2800000000007,0.40625,2690,303,BLAa,BLA,54,left,0
2691,2692,2,6493.3,6105.88,2774.459999999999,0.19140625,2691,303,BLAa,BLA,54,left,0
2692,2693,2,6495.06,6103.86,2774.040000000001,0.19140625,2692,303,BLAa,BLA,54,left,0
2693,2694,2,6496.06,6103.2,2773.84,0.296875,2693,303,BLAa,BLA,54,left,0
2694,2695,2,6497.78,6101.98,2774.16,0.00390625,2694,303,BLAa,BLA,54,left,0
2695,2696,2,6499.14,6100.96,2774.5200000000004,0.19140625,2695,303,BLAa,BLA,54,left,0
2696,2697,2,6499.38,6098.74,2775.0200000000004,0.3515625,2696,303,BLAa,BLA,54,left,0
2697,2698,2,6499.98,6096.9,2775.1399999999994,0.3515625,2697,303,BLAa,BLA,54,left,0
2698,2699,2,6501.42,6094.94,2774.7000000000007,0.296875,2698,303,BLAa,BLA,54,left,0
2699,2700,2,6502.46,6094.36,2774.3,0.40625,2699,303,BLAa,BLA,54,left,0
2700,2701,2,6508.26,6035.6,2801.4,0.296875,2330,477,STR,STR,55,left,0
2701,2702,2,6509.46,6035.56,2800.1000000000004,0.2421875,2701,477,STR,STR,55,left,0
2702,2703,2,6511.02,6035.26,2798.9400000000005,0.19140625,2702,477,STR,STR,55,left,0
2703,2704,2,6512.3,6034.48,2798.42,0.3515625,2703,477,STR,STR,55,left,0
2704,2705,2,6513.54,6032.88,2797.0599999999995,0.32421875,2704,477,STR,STR,55,left,0
2705,2706,2,6514.5,6031.76,2796.540000000001,0.32421875,2705,477,STR,STR,55,left,0
2706,2707,2,6514.36,6029.72,2796.1399999999994,0.32421875,2706,477,STR,STR,55,left,0
2707,2708,2,6514.08,6028.42,2795.1399999999994,0.43359375,2707,477,STR,STR,55,left,0
2708,2709,2,6513.78,6027.62,2793.32,0.26953125,2708,477,STR,STR,55,left,0
2709,2710,2,6513.22,6025.9,2791.6800000000003,0.26953125,2709,477,STR,STR,55,left,0
2710,2711,2,6512.48,6025.4,2791.620000000001,0.32421875,2710,477,STR,STR,55,left,0
2711,2712,2,6512.74,6024.6,2790.08,0.00390625,2711,477,STR,STR,55,left,0
2712,2713,2,6511.18,6023.9,2788.879999999999,0.32421875,2712,477,STR,STR,55,left,0
2713,2714,2,6510.42,6023.86,2786.76,0.26953125,2713,477,STR,STR,55,left,0
2714,2715,2,6510.4,6024.74,2785.42,0.40625,2714,477,STR,STR,55,left,0
2715,2716,2,6510.28,6025.38,2783.379999999999,0.3515625,2715,303,BLAa,BLA,55,left,0
2716,2717,2,6510.04,6024.78,2781.92,0.43359375,2716,303,BLAa,BLA,55,left,0
2717,2718,2,6509.72,6023.9,2779.9,0.00390625,2717,303,BLAa,BLA,55,left,0
2718,2719,2,6509.32,6022.48,2777.120000000001,0.26953125,2718,303,BLAa,BLA,55,left,0
2719,2720,2,6509.84,6022.16,2775.92,0.26953125,2719,303,BLAa,BLA,55,left,0
2720,2721,2,6510.58,6021.58,2773.84,0.32421875,2720,303,BLAa,BLA,55,left,0
2721,2722,2,6511.48,6021.14,2772.9,0.26953125,2721,303,BLAa,BLA,55,left,1
2722,2723,2,6506.46,6032.32,2802.6399999999994,0.48828125,2330,477,STR,STR,56,left,0
2723,2724,2,6507.08,6029.34,2802.540000000001,0.19140625,2723,477,STR,STR,56,left,0
2724,2725,2,6507.52,6026.8,2802.5,0.19140625,2724,477,STR,STR,56,left,0
2725,2726,2,6507.58,6023.74,2802.16,0.0078125,2725,477,STR,STR,56,left,0
2726,2727,2,6507.36,6020.26,2801.9,0.48828125,2726,477,STR,STR,56,left,0
2727,2728,2,6508.4,6018.3,2801.540000000001,0.4609375,2727,477,STR,STR,56,left,0
2728,2729,2,6508.68,6016.76,2800.6000000000004,0.1640625,2728,477,STR,STR,56,left,0
2729,2730,2,6507.0,6014.02,2799.3600000000006,0.40625,2729,477,STR,STR,56,left,0
2730,2731,2,6504.78,6012.7,2798.48,0.21484375,2730,544,CEAc,CEA,56,left,0
2731,2732,2,6503.62,6013.58,2797.82,0.32421875,2731,544,CEAc,CEA,56,left,0
2732,2733,2,6500.9,6015.76,2797.84,0.40625,2732,477,STR,STR,56,left,0
2733,2734,2,6499.86,6016.9,2798.16,0.19140625,2733,477,STR,STR,56,left,0
2734,2735,2,6498.04,6018.42,2798.48,0.00390625,2734,477,STR,STR,56,left,0
2735,2736,2,6497.74,6019.82,2799.58,0.1640625,2735,477,STR,STR,56,left,0
2736,2737,2,6496.64,6021.16,2800.1800000000003,0.32421875,2736,477,STR,STR,56,left,0
2737,2738,2,6495.38,6024.36,2800.6399999999994,0.48828125,2737,477,STR,STR,56,left,0
2738,2739,2,6494.88,6026.24,2800.22,0.43359375,2738,477,STR,STR,56,left,0
2739,2740,2,6495.02,6030.14,2798.9,0.296875,2739,477,STR,STR,56,left,0
2740,2741,2,6495.22,6032.42,2798.0200000000004,0.2421875,2740,477,STR,STR,56,left,0
2741,2742,2,6494.5,6034.74,2796.8600000000006,0.32421875,2741,477,STR,STR,56,left,0
2742,2743,2,6493.54,6035.9,2796.5,0.40625,2742,477,STR,STR,56,left,0
2743,2744,2,6492.2,6039.26,2795.84,0.1640625,2743,477,STR,STR,56,left,0
2744,2745,2,6490.26,6040.66,2795.5599999999995,0.32421875,2744,477,STR,STR,56,left,0
2745,2746,2,6488.9,6041.18,2795.9400000000005,0.32421875,2745,477,STR,STR,56,left,0
2746,2747,2,6486.86,6041.24,2795.6800000000003,0.01953125,2746,477,STR,STR,56,left,0
2747,2748,2,6484.58,6041.3,2795.7000000000007,0.54296875,2747,477,STR,STR,56,left,0
2748,2749,2,6482.68,6042.12,2795.6000000000004,0.83984375,2748,477,STR,STR,56,left,0
2749,2750,2,6481.44,6043.86,2795.5200000000004,1.02734375,2749,477,STR,STR,56,left,0
2750,2751,2,6481.6,6045.86,2796.24,0.67578125,2750,477,STR,STR,56,left,1
2751,2752,2,6562.44,6060.12,2807.8,0.00390625,2392,477,STR,STR,57,left,0
2752,2753,2,6563.92,6062.16,2807.2000000000007,0.19140625,2752,477,STR,STR,57,left,0
2753,2754,2,6565.64,6063.86,2806.5,0.1640625,2753,477,STR,STR,57,left,0
2754,2755,2,6567.56,6064.3,2805.7000000000007,0.296875,2754,477,STR,STR,57,left,0
2755,2756,2,6568.66,6064.52,2804.6000000000004,0.26953125,2755,303,BLAa,BLA,57,left,0
2756,2757,2,6569.94,6064.26,2803.72,0.19140625,2756,303,BLAa,BLA,57,left,0
2757,2758,2,6570.36,6063.2,2802.379999999999,0.3515625,2757,303,BLAa,BLA,57,left,0
2758,2759,2,6571.66,6062.78,2800.7000000000007,0.296875,2758,303,BLAa,BLA,57,left,0
2759,2760,2,6571.9,6063.4,2799.120000000001,0.37890625,2759,303,BLAa,BLA,57,left,0
2760,2761,2,6572.18,6065.06,2797.9400000000005,0.59765625,2760,303,BLAa,BLA,57,left,0
2761,2762,2,6573.42,6065.52,2797.3600000000006,0.1640625,2761,303,BLAa,BLA,57,left,0
2762,2763,2,6575.38,6066.88,2796.040000000001,0.26953125,2762,303,BLAa,BLA,57,left,0
2763,2764,2,6576.5,6068.12,2795.120000000001,0.48828125,2763,303,BLAa,BLA,57,left,1
2764,2765,2,6562.78,6056.12,2807.48,0.01171875,2392,477,STR,STR,58,left,0
2765,2766,2,6563.74,6054.48,2806.8600000000006,0.32421875,2765,477,STR,STR,58,left,0
2766,2767,2,6564.54,6052.6,2806.2000000000007,0.2421875,2766,477,STR,STR,58,left,0
2767,2768,2,6564.14,6050.08,2805.6800000000003,0.48828125,2767,477,STR,STR,58,left,0
2768,2769,2,6564.14,6047.36,2805.5200000000004,0.32421875,2768,477,STR,STR,58,left,0
2769,2770,2,6564.9,6045.76,2805.620000000001,0.19140625,2769,477,STR,STR,58,left,0
2770,2771,2,6566.04,6044.86,2805.16,0.32421875,2770,477,STR,STR,58,left,0
2771,2772,2,6567.76,6044.5,2804.5,0.296875,2771,477,STR,STR,58,left,0
2772,2773,2,6569.3,6043.84,2803.459999999999,0.32421875,2772,477,STR,STR,58,left,0
2773,2774,2,6570.28,6042.84,2801.959999999999,0.26953125,2773,477,STR,STR,58,left,0
2774,2775,2,6571.02,6042.18,2800.1800000000003,0.3515625,2774,477,STR,STR,58,left,0
2775,2776,2,6473.56,6047.14,2884.9400000000005,0.0078125,2455,544,CEAc,CEA,59,left,0
2776,2777,2,6471.36,6046.68,2885.540000000001,0.32421875,2776,544,CEAc,CEA,59,left,0
2777,2778,2,6470.02,6046.7,2886.5200000000004,0.1640625,2777,544,CEAc,CEA,59,left,0
2778,2779,2,6467.58,6046.48,2887.48,0.1640625,2778,544,CEAc,CEA,59,left,0
2779,2780,2,6465.78,6046.66,2888.3,0.1640625,2779,544,CEAc,CEA,59,left,0
2780,2781,2,6464.78,6047.56,2888.84,0.32421875,2780,544,CEAc,CEA,59,left,0
2781,2782,2,6463.14,6048.42,2889.0599999999995,0.1640625,2781,544,CEAc,CEA,59,left,0
2782,2783,2,6461.78,6049.22,2889.5599999999995,0.3515625,2782,544,CEAc,CEA,59,left,0
2783,2784,2,6459.98,6049.56,2890.379999999999,0.32421875,2783,544,CEAc,CEA,59,left,0
2784,2785,2,6456.8,6049.58,2891.26,0.296875,2784,544,CEAc,CEA,59,left,0
2785,2786,2,6455.1,6049.22,2891.84,0.296875,2785,544,CEAc,CEA,59,left,0
2786,2787,2,6452.58,6049.02,2891.459999999999,0.40625,2786,544,CEAc,CEA,59,left,0
2787,2788,2,6451.32,6049.8,2890.58,0.48828125,2787,544,CEAc,CEA,59,left,0
2788,2789,2,6449.4,6051.24,2890.4,0.19140625,2788,544,CEAc,CEA,59,left,0
2789,2790,2,6447.58,6052.84,2890.8,0.3515625,2789,544,CEAc,CEA,59,left,0
2790,2791,2,6446.08,6054.52,2890.84,0.21484375,2790,544,CEAc,CEA,59,left,0
2791,2792,2,6443.82,6056.08,2890.620000000001,0.32421875,2791,544,CEAc,CEA,59,left,0
2792,2793,2,6442.48,6056.64,2890.3600000000006,0.3515625,2792,544,CEAc,CEA,59,left,0
2793,2794,2,6440.42,6056.62,2890.48,0.01953125,2793,544,CEAc,CEA,59,left,0
2794,2795,2,6438.42,6057.94,2890.8600000000006,0.37890625,2794,544,CEAc,CEA,59,left,0
2795,2796,2,6436.58,6059.3,2890.92,0.43359375,2795,544,CEAc,CEA,59,left,0
2796,2797,2,6434.36,6060.32,2890.8,0.3515625,2796,544,CEAc,CEA,59,left,0
2797,2798,2,6432.18,6061.4,2890.82,0.19140625,2797,544,CEAc,CEA,59,left,0
2798,2799,2,6430.54,6062.22,2891.4,0.48828125,2798,544,CEAc,CEA,59,left,0
2799,2800,2,6428.84,6062.56,2891.66,0.32421875,2799,544,CEAc,CEA,59,left,0
2800,2801,2,6427.56,6062.56,2892.42,0.43359375,2800,544,CEAc,CEA,59,left,0
2801,2802,2,6425.96,6062.08,2893.0599999999995,0.26953125,2801,544,CEAc,CEA,59,left,0
2802,2803,2,6424.46,6061.52,2893.959999999999,0.1640625,2802,544,CEAc,CEA,59,left,0
2803,2804,2,6423.32,6060.94,2895.5599999999995,0.32421875,2803,544,CEAc,CEA,59,left,0
2804,2805,2,6421.78,6060.06,2896.76,0.32421875,2804,544,CEAc,CEA,59,left,0
2805,2806,2,6419.34,6059.38,2897.7800000000007,0.40625,2805,544,CEAc,CEA,59,left,0
2806,2807,2,6417.84,6058.84,2897.7800000000007,0.1640625,2806,544,CEAc,CEA,59,left,0
2807,2808,2,6416.5,6058.88,2896.84,0.48828125,2807,544,CEAc,CEA,59,left,0
2808,2809,2,6415.12,6059.94,2895.76,0.32421875,2808,544,CEAc,CEA,59,left,0
2809,2810,2,6413.16,6062.08,2894.3600000000006,0.3515625,2809,544,CEAc,CEA,59,left,0
2810,2811,2,6412.3,6063.24,2893.5599999999995,0.19140625,2810,544,CEAc,CEA,59,left,0
2811,2812,2,6410.82,6065.3,2893.32,0.26953125,2811,544,CEAc,CEA,59,left,0
2812,2813,2,6409.06,6066.7,2893.6800000000003,0.48828125,2812,544,CEAc,CEA,59,left,0
2813,2814,2,6407.58,6067.76,2894.5,0.19140625,2813,544,CEAc,CEA,59,left,0
2814,2815,2,6405.6,6068.52,2895.76,0.32421875,2814,544,CEAc,CEA,59,left,0
2815,2816,2,6403.4,6068.62,2896.48,0.3515625,2815,544,CEAc,CEA,59,left,0
2816,2817,2,6401.84,6068.98,2896.7800000000007,0.32421875,2816,544,CEAc,CEA,59,left,0
2817,2818,2,6399.16,6070.28,2897.540000000001,0.32421875,2817,544,CEAc,CEA,59,left,0
2818,2819,2,6398.28,6070.96,2898.34,0.2421875,2818,544,CEAc,CEA,59,left,0
2819,2820,2,6397.2,6070.52,2899.58,0.32421875,2819,544,CEAc,CEA,59,left,0
2820,2821,2,6396.2,6068.26,2900.72,0.40625,2820,544,CEAc,CEA,59,left,0
2821,2822,2,6395.68,6065.96,2901.72,0.48828125,2821,544,CEAc,CEA,59,left,0
2822,2823,2,6394.72,6064.54,2902.2000000000007,0.296875,2822,544,CEAc,CEA,59,left,0
2823,2824,2,6394.36,6061.88,2902.84,0.296875,2823,544,CEAc,CEA,59,left,0
2824,2825,2,6393.82,6058.56,2903.92,0.43359375,2824,544,CEAc,CEA,59,left,0
2825,2826,2,6393.04,6057.2,2904.7000000000007,0.43359375,2825,544,CEAc,CEA,59,left,0
2826,2827,2,6392.46,6054.22,2905.98,0.3515625,2826,544,CEAc,CEA,59,left,0
2827,2828,2,6391.32,6052.92,2906.540000000001,0.32421875,2827,544,CEAc,CEA,59,left,0
2828,2829,2,6388.92,6051.46,2907.16,0.37890625,2828,544,CEAc,CEA,59,left,0
2829,2830,2,6387.1,6050.48,2907.959999999999,0.3515625,2829,544,CEAc,CEA,59,left,0
2830,2831,2,6386.2,6049.12,2909.120000000001,0.296875,2830,544,CEAc,CEA,59,left,0
2831,2832,2,6385.02,6046.34,2910.6399999999994,0.21484375,2831,544,CEAc,CEA,59,left,0
2832,2833,2,6383.82,6044.08,2911.1000000000004,0.2421875,2832,544,CEAc,CEA,59,left,0
2833,2834,2,6382.1,6042.62,2911.4400000000005,0.32421875,2833,544,CEAc,CEA,59,left,0
2834,2835,2,6379.92,6042.58,2911.5,0.32421875,2834,544,CEAc,CEA,59,left,0
2835,2836,2,6378.28,6043.52,2911.379999999999,0.1640625,2835,544,CEAc,CEA,59,left,0
2836,2837,2,6377.08,6044.36,2911.2800000000007,0.21484375,2836,544,CEAc,CEA,59,left,0
2837,2838,2,6375.88,6045.08,2911.3600000000006,0.01171875,2837,544,CEAc,CEA,59,left,0
2838,2839,2,6373.88,6045.76,2911.26,0.296875,2838,544,CEAc,CEA,59,left,0
2839,2840,2,6372.3,6046.52,2910.24,0.4609375,2839,544,CEAc,CEA,59,left,0
2840,2841,2,6369.9,6047.58,2908.7800000000007,0.2421875,2840,544,CEAc,CEA,59,left,0
2841,2842,2,6368.74,6048.44,2908.0599999999995,0.32421875,2841,544,CEAc,CEA,59,left,0
2842,2843,2,6366.66,6049.32,2907.540000000001,0.32421875,2842,544,CEAc,CEA,59,left,0
2843,2844,2,6365.1,6050.54,2906.24,0.37890625,2843,544,CEAc,CEA,59,left,0
2844,2845,2,6363.82,6052.0,2904.879999999999,0.296875,2844,544,CEAc,CEA,59,left,0
2845,2846,2,6363.14,6054.12,2903.2000000000007,0.32421875,2845,544,CEAc,CEA,59,left,0
2846,2847,2,6477.74,6048.36,2886.620000000001,0.1640625,2455,544,CEAc,CEA,60,left,0
2847,2848,2,6478.34,6051.18,2886.58,0.48828125,2847,544,CEAc,CEA,60,left,0
2848,2849,2,6478.54,6053.64,2885.6000000000004,0.54296875,2848,544,CEAc,CEA,60,left,0
2849,2850,2,6478.58,6055.08,2884.1000000000004,0.62109375,2849,544,CEAc,CEA,60,left,0
2850,2851,2,6478.44,6055.4,2882.34,0.62109375,2850,544,CEAc,CEA,60,left,0
2851,2852,2,6478.4,6056.46,2880.6000000000004,0.21484375,2851,544,CEAc,CEA,60,left,0
2852,2853,2,6478.34,6057.92,2878.1399999999994,0.296875,2852,544,CEAc,CEA,60,left,0
2853,2854,2,6478.18,6059.36,2876.7000000000007,0.4609375,2853,544,CEAc,CEA,60,left,0
2854,2855,2,6477.2,6060.68,2876.08,0.32421875,2854,544,CEAc,CEA,60,left,0
2855,2856,2,6476.54,6063.8,2874.379999999999,0.37890625,2855,544,CEAc,CEA,60,left,0
2856,2857,2,6476.58,6065.06,2873.16,0.21484375,2856,544,CEAc,CEA,60,left,0
2857,2858,2,6477.06,6064.9,2872.0,0.1640625,2857,544,CEAc,CEA,60,left,0
2858,2859,2,6478.8,6063.52,2871.1000000000004,0.2421875,2858,544,CEAc,CEA,60,left,0
2859,2860,2,6480.12,6063.1,2870.5200000000004,0.296875,2859,544,CEAc,CEA,60,left,0
2860,2861,2,6480.9,6066.16,2870.26,0.00390625,2860,544,CEAc,CEA,60,left,0
2861,2862,2,6481.9,6067.56,2870.1399999999994,0.43359375,2861,544,CEAc,CEA,60,left,0
2862,2863,2,6483.98,6068.92,2868.8600000000006,0.4609375,2862,544,CEAc,CEA,60,left,0
2863,2864,2,6485.46,6069.86,2867.5200000000004,0.296875,2863,477,STR,STR,60,left,0
2864,2865,2,6487.42,6069.82,2866.379999999999,0.37890625,2864,477,STR,STR,60,left,0
2865,2866,2,6488.98,6069.56,2865.6399999999994,0.32421875,2865,477,STR,STR,60,left,0
2866,2867,2,6490.86,6068.56,2865.540000000001,0.32421875,2866,477,STR,STR,60,left,0
2867,2868,2,6597.48,5989.76,2803.58,0.0078125,2540,477,STR,STR,61,left,0
2868,2869,2,6599.82,5989.2,2803.66,0.21484375,2868,477,STR,STR,61,left,0
2869,2870,2,6601.16,5988.12,2803.6000000000004,0.3515625,2869,477,STR,STR,61,left,0
2870,2871,2,6602.72,5987.84,2802.7800000000007,0.21484375,2870,477,STR,STR,61,left,0
2871,2872,2,6605.0,5987.9,2802.1399999999994,0.32421875,2871,477,STR,STR,61,left,0
2872,2873,2,6606.2,5987.48,2801.1800000000003,0.26953125,2872,477,STR,STR,61,left,0
2873,2874,2,6607.86,5988.02,2799.48,0.19140625,2873,477,STR,STR,61,left,0
2874,2875,2,6608.3,5989.18,2798.32,0.37890625,2874,477,STR,STR,61,left,0
2875,2876,2,6609.88,5989.14,2797.5599999999995,0.296875,2875,477,STR,STR,61,left,0
2876,2877,2,6610.54,5988.5,2796.6399999999994,0.43359375,2876,477,STR,STR,61,left,0
2877,2878,2,6610.56,5985.94,2794.879999999999,0.296875,2877,303,BLAa,BLA,61,left,0
2878,2879,2,6610.86,5983.74,2793.9400000000005,0.3515625,2878,303,BLAa,BLA,61,left,0
2879,2880,2,6610.7,5981.12,2793.0200000000004,0.43359375,2879,303,BLAa,BLA,61,left,0
2880,2881,2,6611.74,5979.28,2792.7000000000007,0.37890625,2880,303,BLAa,BLA,61,left,0
2881,2882,2,6613.2,5978.58,2792.24,0.26953125,2881,303,BLAa,BLA,61,left,0
2882,2883,2,6614.24,5976.54,2791.16,0.1640625,2882,303,BLAa,BLA,61,left,0
2883,2884,2,6613.86,5974.94,2789.1399999999994,0.32421875,2883,477,STR,STR,61,left,0
2884,2885,2,6614.12,5974.62,2787.4400000000005,0.21484375,2884,477,STR,STR,61,left,0
2885,2886,2,6615.14,5973.64,2785.66,0.37890625,2885,477,STR,STR,61,left,0
2886,2887,2,6615.3,5972.32,2784.3600000000006,0.37890625,2886,303,BLAa,BLA,61,left,0
2887,2888,2,6616.46,5970.94,2783.6800000000003,0.32421875,2887,303,BLAa,BLA,61,left,0
2888,2889,2,6617.2,5969.84,2782.459999999999,0.296875,2888,303,BLAa,BLA,61,left,0
2889,2890,2,6618.5,5968.7,2781.379999999999,0.296875,2889,303,BLAa,BLA,61,left,0
2890,2891,2,6618.82,5967.78,2780.42,0.48828125,2890,303,BLAa,BLA,61,left,0
2891,2892,2,6619.74,5966.28,2780.1399999999994,0.1640625,2891,303,BLAa,BLA,61,left,0
2892,2893,2,6621.06,5963.8,2779.16,0.515625,2892,303,BLAa,BLA,61,left,0
2893,2894,2,6622.72,5962.56,2778.620000000001,0.1640625,2893,303,BLAa,BLA,61,left,0
2894,2895,2,6623.84,5961.12,2776.82,0.4609375,2894,303,BLAa,BLA,61,left,0
2895,2896,2,6626.04,5960.28,2776.1000000000004,0.43359375,2895,303,BLAa,BLA,61,left,0
2896,2897,2,6627.2,5959.52,2775.48,0.296875,2896,303,BLAa,BLA,61,left,0
2897,2898,2,6628.54,5958.8,2773.74,0.4609375,2897,303,BLAa,BLA,61,left,0
2898,2899,2,6629.54,5959.12,2772.040000000001,0.43359375,2898,303,BLAa,BLA,61,left,0
2899,2900,2,6629.76,5958.68,2769.74,0.21484375,2899,303,BLAa,BLA,61,left,0
2900,2901,2,6630.8,5957.48,2768.9,0.26953125,2900,303,BLAa,BLA,61,left,0
2901,2902,2,6632.0,5956.92,2767.3600000000006,0.26953125,2901,303,BLAa,BLA,61,left,0
2902,2903,2,6632.48,5956.46,2765.6399999999994,0.296875,2902,303,BLAa,BLA,61,left,0
2903,2904,2,6633.74,5956.0,2764.2000000000007,0.40625,2903,303,BLAa,BLA,61,left,0
2904,2905,2,6634.74,5955.14,2763.58,0.32421875,2904,303,BLAa,BLA,61,left,0
2905,2906,2,6634.6,5954.16,2761.72,0.2421875,2905,303,BLAa,BLA,61,left,0
2906,2907,2,6634.86,5953.56,2760.1800000000003,0.37890625,2906,303,BLAa,BLA,61,left,0
2907,2908,2,6635.7,5951.72,2759.8600000000006,0.703125,2907,303,BLAa,BLA,61,left,0
2908,2909,2,6635.94,5949.72,2759.82,0.01171875,2908,303,BLAa,BLA,61,left,0
2909,2910,2,6635.62,5947.96,2758.5599999999995,0.54296875,2909,303,BLAa,BLA,61,left,0
2910,2911,2,6636.44,5946.58,2758.040000000001,0.01953125,2910,303,BLAa,BLA,61,left,0
2911,2912,2,6637.7,5946.24,2757.8600000000006,0.32421875,2911,303,BLAa,BLA,61,left,0
2912,2913,2,6638.04,5941.14,2758.58,0.67578125,2912,303,BLAa,BLA,61,left,0
2913,2914,2,6637.84,5939.74,2758.48,0.4609375,2913,303,BLAa,BLA,61,left,0
2914,2915,2,6638.7,5939.46,2757.9,0.05078125,2914,303,BLAa,BLA,61,left,0
2915,2916,2,6638.56,5938.94,2755.959999999999,0.4609375,2915,303,BLAa,BLA,61,left,0
2916,2917,2,6638.78,5937.44,2753.7000000000007,0.48828125,2916,303,BLAa,BLA,61,left,0
2917,2918,2,6639.78,5936.26,2752.459999999999,0.48828125,2917,303,BLAa,BLA,61,left,0
2918,2919,2,6639.56,5934.06,2750.8600000000006,0.3515625,2918,303,BLAa,BLA,61,left,0
2919,2920,2,6640.9,5930.5,2750.34,0.21484375,2919,303,BLAa,BLA,61,left,0
2920,2921,2,6640.76,5927.62,2749.459999999999,0.4609375,2920,303,BLAa,BLA,61,left,0
2921,2922,2,6640.28,5924.66,2748.6800000000003,0.296875,2921,303,BLAa,BLA,61,left,0
2922,2923,2,6640.04,5922.02,2749.6800000000003,0.48828125,2922,303,BLAa,BLA,61,left,0
2923,2924,2,6639.94,5919.94,2751.2800000000007,0.48828125,2923,303,BLAa,BLA,61,left,0
2924,2925,2,6640.02,5917.58,2752.16,0.40625,2924,303,BLAa,BLA,61,left,0
2925,2926,2,6640.42,5915.42,2751.74,0.43359375,2925,303,BLAa,BLA,61,left,0
2926,2927,2,6640.2,5914.08,2750.48,0.2421875,2926,303,BLAa,BLA,61,left,0
2927,2928,2,6641.34,5912.74,2749.379999999999,0.2421875,2927,303,BLAa,BLA,61,left,0
2928,2929,2,6642.28,5911.66,2748.08,0.3515625,2928,303,BLAa,BLA,61,left,0
2929,2930,2,6643.36,5911.16,2746.72,0.2421875,2929,303,BLAa,BLA,61,left,0
2930,2931,2,6644.6,5910.9,2745.82,0.37890625,2930,303,BLAa,BLA,61,left,0
2931,2932,2,6594.34,5989.74,2804.22,0.01171875,2540,477,STR,STR,62,left,0
2932,2933,2,6593.42,5992.28,2802.879999999999,0.32421875,2932,477,STR,STR,62,left,0
2933,2934,2,6593.54,5994.0,2801.16,0.43359375,2933,477,STR,STR,62,left,0
2934,2935,2,6594.28,5994.0,2799.74,0.2421875,2934,477,STR,STR,62,left,0
2935,2936,2,6594.94,5993.26,2798.0599999999995,0.40625,2935,477,STR,STR,62,left,0
2936,2937,2,6595.52,5993.68,2796.16,0.00390625,2936,477,STR,STR,62,left,0
2937,2938,2,6596.7,5994.72,2795.1800000000003,0.1640625,2937,477,STR,STR,62,left,0
2938,2939,2,6597.66,5996.96,2793.82,0.43359375,2938,303,BLAa,BLA,62,left,0
2939,2940,2,6598.88,5997.02,2792.540000000001,0.296875,2939,303,BLAa,BLA,62,left,0
2940,2941,2,6600.2,5996.18,2790.5599999999995,0.21484375,2940,303,BLAa,BLA,62,left,0
2941,2942,2,6601.26,5996.52,2789.0200000000004,0.26953125,2941,303,BLAa,BLA,62,left,0
2942,2943,2,6601.8,5998.76,2787.58,0.1640625,2942,303,BLAa,BLA,62,left,0
2943,2944,2,6603.24,5999.98,2786.34,0.1640625,2943,303,BLAa,BLA,62,left,0
2944,2945,2,6604.12,6003.1,2786.379999999999,0.1640625,2944,303,BLAa,BLA,62,left,0
2945,2946,2,6605.44,6005.88,2786.540000000001,0.32421875,2945,303,BLAa,BLA,62,left,0
2946,2947,2,6606.12,6009.46,2786.58,0.26953125,2946,303,BLAa,BLA,62,left,1
2947,2948,2,6617.64,5918.9,2834.16,0.54296875,2588,544,CEAc,CEA,63,left,1
2948,2949,2,6619.14,5919.62,2832.379999999999,0.26953125,2588,544,CEAc,CEA,64,left,0
2949,2950,2,6621.2,5919.24,2831.32,0.3515625,2949,544,CEAc,CEA,64,left,0
2950,2951,2,6622.24,5918.82,2830.040000000001,0.37890625,2950,544,CEAc,CEA,64,left,0
2951,2952,2,6622.38,5917.04,2829.2800000000007,0.1640625,2951,544,CEAc,CEA,64,left,0
2952,2953,2,6622.94,5914.58,2828.9,0.5703125,2952,544,CEAc,CEA,64,left,0
2953,2954,2,6624.42,5912.32,2828.459999999999,0.3515625,2953,544,CEAc,CEA,64,left,0
2954,2955,2,6626.24,5910.98,2827.7800000000007,0.296875,2954,544,CEAc,CEA,64,left,0
2955,2956,2,6627.44,5909.94,2826.72,0.1640625,2955,544,CEAc,CEA,64,left,0
2956,2957,2,6628.38,5907.8,2826.0200000000004,0.19140625,2956,544,CEAc,CEA,64,left,0
2957,2958,2,6629.14,5906.94,2824.959999999999,0.37890625,2957,544,CEAc,CEA,64,left,0
2958,2959,2,6630.88,5906.72,2823.7000000000007,0.296875,2958,544,CEAc,CEA,64,left,0
2959,2960,2,6633.66,5906.48,2823.0,0.21484375,2959,544,CEAc,CEA,64,left,0
2960,2961,2,6634.98,5906.36,2822.5,0.32421875,2960,544,CEAc,CEA,64,left,0
2961,2962,2,6637.42,5906.34,2821.1800000000003,0.48828125,2961,544,CEAc,CEA,64,left,0
2962,2963,2,6639.14,5906.42,2820.6000000000004,0.26953125,2962,544,CEAc,CEA,64,left,0
2963,2964,2,6640.36,5905.54,2819.0,0.4609375,2963,544,CEAc,CEA,64,left,0
2964,2965,2,6641.76,5905.96,2817.76,0.21484375,2964,544,CEAc,CEA,64,left,0
2965,2966,2,6643.86,5906.58,2817.48,0.3515625,2965,544,CEAc,CEA,64,left,1
2966,2967,2,6463.36,6150.76,2802.0599999999995,0.32421875,2654,1105,IA,IA,65,left,0
2967,2968,2,6460.9,6150.8,2802.76,0.296875,2967,1105,IA,IA,65,left,0
2968,2969,2,6460.1,6150.18,2803.4400000000005,0.703125,2968,1105,IA,IA,65,left,1
2969,2970,2,6465.68,6149.48,2800.4,0.32421875,2654,1105,IA,IA,66,left,0
2970,2971,2,6465.84,6147.86,2799.040000000001,0.296875,2970,1105,IA,IA,66,left,0
2971,2972,2,6465.86,6144.84,2797.3600000000006,0.37890625,2971,1105,IA,IA,66,left,0
2972,2973,2,6466.7,6142.98,2797.1000000000004,0.21484375,2972,1105,IA,IA,66,left,0
2973,2974,2,6467.18,6141.06,2797.0200000000004,0.32421875,2973,1105,IA,IA,66,left,0
2974,2975,2,6468.36,6139.82,2796.040000000001,0.3515625,2974,1105,IA,IA,66,left,0
2975,2976,2,6468.94,6138.36,2794.92,0.1640625,2975,1105,IA,IA,66,left,0
2976,2977,2,6470.44,6135.74,2795.42,0.3515625,2976,1105,IA,IA,66,left,0
2977,2978,2,6472.34,6133.08,2795.22,0.26953125,2977,703,CTXsp,CTXsp,66,left,0
2978,2979,2,6473.44,6131.32,2794.48,0.2421875,2978,703,CTXsp,CTXsp,66,left,0
2979,2980,2,6474.06,6129.66,2793.84,0.1640625,2979,703,CTXsp,CTXsp,66,left,0
2980,2981,2,6475.24,6127.9,2793.42,0.37890625,2980,703,CTXsp,CTXsp,66,left,0
2981,2982,2,6475.16,6125.96,2792.379999999999,0.59765625,2981,703,CTXsp,CTXsp,66,left,0
2982,2983,2,6475.56,6124.04,2792.32,0.32421875,2982,703,CTXsp,CTXsp,66,left,0
2983,2984,2,6476.5,6123.8,2791.92,0.02734375,2983,703,CTXsp,CTXsp,66,left,0
2984,2985,2,6476.36,6121.58,2791.72,0.37890625,2984,703,CTXsp,CTXsp,66,left,0
2985,2986,2,6474.9,6120.44,2791.42,0.4609375,2985,703,CTXsp,CTXsp,66,left,0
2986,2987,2,6474.02,6119.8,2790.42,0.3515625,2986,703,CTXsp,CTXsp,66,left,0
2987,2988,2,6473.56,6117.26,2789.459999999999,0.21484375,2987,703,CTXsp,CTXsp,66,left,0
2988,2989,2,6473.48,6114.62,2788.8600000000006,0.32421875,2988,703,CTXsp,CTXsp,66,left,0
2989,2990,2,6473.84,6112.92,2788.48,0.32421875,2989,703,CTXsp,CTXsp,66,left,0
2990,2991,2,6473.52,6110.96,2787.0599999999995,0.515625,2990,703,CTXsp,CTXsp,66,left,0
2991,2992,2,6473.28,6109.98,2785.08,0.40625,2991,703,CTXsp,CTXsp,66,left,0
2992,2993,2,6473.78,6109.26,2784.379999999999,0.32421875,2992,303,BLAa,BLA,66,left,0
2993,2994,2,6473.72,6106.38,2783.120000000001,0.19140625,2993,303,BLAa,BLA,66,left,0
2994,2995,2,6474.08,6104.32,2782.879999999999,0.2421875,2994,303,BLAa,BLA,66,left,0
2995,2996,2,6475.32,6101.8,2782.2800000000007,0.00390625,2995,303,BLAa,BLA,66,left,0
2996,2997,2,6476.5,6101.18,2781.5599999999995,0.32421875,2996,303,BLAa,BLA,66,left,0
2997,2998,2,6477.42,6099.84,2780.6399999999994,0.00390625,2997,303,BLAa,BLA,66,left,0
2998,2999,2,6478.26,6097.82,2780.58,0.40625,2998,303,BLAa,BLA,66,left,0
2999,3000,2,6478.64,6095.52,2780.58,1.0546875,2999,303,BLAa,BLA,66,left,0
3000,3001,2,6480.12,6094.32,2780.620000000001,0.48828125,3000,303,BLAa,BLA,66,left,0
3001,3002,2,6481.18,6092.74,2779.92,0.26953125,3001,303,BLAa,BLA,66,left,0
3002,3003,2,6481.52,6091.32,2779.08,0.1640625,3002,303,BLAa,BLA,66,left,0
3003,3004,2,6501.2,6090.54,2775.4400000000005,0.40625,2700,303,BLAa,BLA,67,left,0
3004,3005,2,6501.46,6088.48,2774.3600000000006,0.43359375,3004,303,BLAa,BLA,67,left,0
3005,3006,2,6502.32,6087.44,2773.5,0.19140625,3005,303,BLAa,BLA,67,left,1
3006,3007,2,6503.98,6092.58,2773.32,0.0078125,2700,303,BLAa,BLA,68,left,0
3007,3008,2,6505.16,6091.46,2772.620000000001,0.48828125,3007,303,BLAa,BLA,68,left,0
3008,3009,2,6505.08,6090.18,2771.74,0.32421875,3008,303,BLAa,BLA,68,left,0
3009,3010,2,6504.58,6086.46,2770.9,0.2421875,3009,303,BLAa,BLA,68,left,0
3010,3011,2,6505.06,6084.02,2771.0,0.32421875,3010,303,BLAa,BLA,68,left,0
3011,3012,2,6506.22,6081.66,2771.08,0.21484375,3011,303,BLAa,BLA,68,left,0
3012,3013,2,6507.36,6079.68,2771.1800000000003,0.32421875,3012,303,BLAa,BLA,68,left,0
3013,3014,2,6508.14,6077.3,2769.76,0.0078125,3013,303,BLAa,BLA,68,left,0
3014,3015,2,6509.14,6076.08,2768.66,0.40625,3014,303,BLAa,BLA,68,left,0
3015,3016,2,6508.94,6074.42,2767.1399999999994,0.21484375,3015,303,BLAa,BLA,68,left,0
3016,3017,2,6508.58,6073.82,2764.4,0.4609375,3016,303,BLAa,BLA,68,left,0
3017,3018,2,6508.4,6073.82,2762.379999999999,0.4609375,3017,303,BLAa,BLA,68,left,0
3018,3019,2,6508.3,6074.2,2760.8,0.0078125,3018,303,BLAa,BLA,68,left,0
3019,3020,2,6508.0,6074.06,2757.959999999999,0.1640625,3019,303,BLAa,BLA,68,left,0
3020,3021,2,6508.04,6072.8,2756.6800000000003,0.37890625,3020,303,BLAa,BLA,68,left,0
3021,3022,2,6509.0,6072.24,2755.3,0.515625,3021,303,BLAa,BLA,68,left,0
3022,3023,2,6509.54,6071.74,2753.6399999999994,0.21484375,3022,303,BLAa,BLA,68,left,0
3023,3024,2,6509.92,6070.6,2753.0,0.43359375,3023,303,BLAa,BLA,68,left,0
3024,3025,2,6510.2,6070.36,2751.5,0.48828125,3024,303,BLAa,BLA,68,left,0
3025,3026,2,6511.22,6070.3,2749.9,0.19140625,3025,303,BLAa,BLA,68,left,0
3026,3027,2,6511.74,6069.6,2748.459999999999,0.48828125,3026,303,BLAa,BLA,68,left,0
3027,3028,2,6511.88,6068.12,2746.4400000000005,0.4609375,3027,303,BLAa,BLA,68,left,0
3028,3029,2,6512.3,6067.32,2745.32,0.37890625,3028,303,BLAa,BLA,68,left,0
3029,3030,2,6512.02,6066.26,2743.1000000000004,0.00390625,3029,303,BLAa,BLA,68,left,0
3030,3031,2,6512.14,6064.42,2741.66,0.37890625,3030,303,BLAa,BLA,68,left,0
3031,3032,2,6513.14,6062.44,2741.1000000000004,0.54296875,3031,303,BLAa,BLA,68,left,0
3032,3033,2,6513.18,6060.56,2740.92,0.37890625,3032,303,BLAa,BLA,68,left,0
3033,3034,2,6514.36,6058.94,2739.98,0.0078125,3033,303,BLAa,BLA,68,left,0
3034,3035,2,6514.68,6056.62,2739.58,0.4609375,3034,303,BLAa,BLA,68,left,0
3035,3036,2,6514.3,6054.72,2738.58,0.59765625,3035,303,BLAa,BLA,68,left,0
3036,3037,2,6513.96,6053.28,2737.16,0.4609375,3036,303,BLAa,BLA,68,left,0
3037,3038,2,6513.9,6052.04,2736.48,0.00390625,3037,303,BLAa,BLA,68,left,0
3038,3039,2,6515.14,6050.72,2735.879999999999,0.19140625,3038,303,BLAa,BLA,68,left,0
3039,3040,2,6516.06,6049.04,2735.08,0.19140625,3039,303,BLAa,BLA,68,left,0
3040,3041,2,6516.12,6046.74,2734.22,0.4609375,3040,303,BLAa,BLA,68,left,0
3041,3042,2,6516.44,6045.22,2732.7800000000007,0.37890625,3041,303,BLAa,BLA,68,left,0
3042,3043,2,6516.7,6044.2,2730.8600000000006,0.48828125,3042,303,BLAa,BLA,68,left,0
3043,3044,2,6517.26,6043.64,2730.7000000000007,0.40625,3043,303,BLAa,BLA,68,left,0
3044,3045,2,6519.46,6042.52,2729.34,0.00390625,3044,303,BLAa,BLA,68,left,0
3045,3046,2,6520.48,6040.92,2728.98,0.32421875,3045,303,BLAa,BLA,68,left,0
3046,3047,2,6521.62,6039.18,2729.34,0.1640625,3046,303,BLAa,BLA,68,left,0
3047,3048,2,6522.32,6037.18,2730.84,0.32421875,3047,303,BLAa,BLA,68,left,0
3048,3049,2,6523.66,6035.06,2732.1399999999994,0.26953125,3048,303,BLAa,BLA,68,left,0
3049,3050,2,6524.1,6033.02,2732.879999999999,0.21484375,3049,303,BLAa,BLA,68,left,0
3050,3051,2,6525.74,6030.72,2732.7800000000007,0.296875,3050,303,BLAa,BLA,68,left,0
3051,3052,2,6527.1,6029.3,2732.24,0.2421875,3051,303,BLAa,BLA,68,left,0
3052,3053,2,6529.66,6028.12,2730.76,0.40625,3052,303,BLAa,BLA,68,left,0
3053,3054,2,6531.36,6027.16,2729.620000000001,0.48828125,3053,303,BLAa,BLA,68,left,0
3054,3055,2,6532.52,6026.36,2728.24,0.32421875,3054,303,BLAa,BLA,68,left,0
3055,3056,2,6533.46,6023.92,2727.5200000000004,0.1640625,3055,303,BLAa,BLA,68,left,0
3056,3057,2,6534.46,6021.36,2727.22,0.43359375,3056,303,BLAa,BLA,68,left,0
3057,3058,2,6534.74,6019.06,2726.379999999999,0.21484375,3057,303,BLAa,BLA,68,left,0
3058,3059,2,6535.22,6017.4,2725.9400000000005,0.3515625,3058,303,BLAa,BLA,68,left,0
3059,3060,2,6535.92,6015.36,2725.0599999999995,0.296875,3059,303,BLAa,BLA,68,left,0
3060,3061,2,6536.44,6012.76,2724.34,0.26953125,3060,303,BLAa,BLA,68,left,0
3061,3062,2,6536.28,6010.84,2723.6000000000004,0.48828125,3061,303,BLAa,BLA,68,left,0
3062,3063,2,6537.14,6010.46,2723.22,0.32421875,3062,303,BLAa,BLA,68,left,0
3063,3064,2,6535.54,6010.34,2722.8,0.01953125,3063,303,BLAa,BLA,68,left,0
3064,3065,2,6533.66,6007.68,2721.32,0.4609375,3064,303,BLAa,BLA,68,left,0
3065,3066,2,6532.4,6006.04,2720.48,0.515625,3065,303,BLAa,BLA,68,left,1
3066,3067,2,6571.22,6042.84,2798.74,0.0078125,2775,477,STR,STR,69,left,0
3067,3068,2,6571.72,6045.08,2797.2800000000007,0.296875,3067,703,CTXsp,CTXsp,69,left,0
3068,3069,2,6573.38,6047.4,2795.9400000000005,0.3515625,3068,703,CTXsp,CTXsp,69,left,0
3069,3070,2,6574.72,6048.36,2794.7000000000007,0.1640625,3069,303,BLAa,BLA,69,left,1
3070,3071,2,6571.08,6040.92,2800.0599999999995,0.0390625,2775,477,STR,STR,70,left,0
3071,3072,2,6570.62,6038.1,2799.16,0.19140625,3071,477,STR,STR,70,left,0
3072,3073,2,6570.6,6035.24,2797.72,0.19140625,3072,477,STR,STR,70,left,0
3073,3074,2,6570.8,6033.2,2797.08,0.40625,3073,477,STR,STR,70,left,0
3074,3075,2,6571.02,6031.94,2795.84,0.3515625,3074,477,STR,STR,70,left,0
3075,3076,2,6572.08,6032.14,2794.2800000000007,0.48828125,3075,303,BLAa,BLA,70,left,0
3076,3077,2,6572.52,6033.08,2792.120000000001,0.515625,3076,303,BLAa,BLA,70,left,0
3077,3078,2,6572.54,6034.04,2791.16,0.21484375,3077,303,BLAa,BLA,70,left,0
3078,3079,2,6572.7,6036.02,2790.0200000000004,0.00390625,3078,303,BLAa,BLA,70,left,0
3079,3080,2,6573.7,6038.28,2789.24,0.4609375,3079,303,BLAa,BLA,70,left,0
3080,3081,2,6575.36,6039.06,2788.540000000001,0.1640625,3080,303,BLAa,BLA,70,left,0
3081,3082,2,6576.54,6038.72,2787.42,0.37890625,3081,303,BLAa,BLA,70,left,0
3082,3083,2,6577.68,6037.32,2786.98,0.26953125,3082,303,BLAa,BLA,70,left,0
3083,3084,2,6577.94,6036.84,2785.32,0.0078125,3083,303,BLAa,BLA,70,left,0
3084,3085,2,6579.16,6036.08,2784.5599999999995,0.37890625,3084,303,BLAa,BLA,70,left,0
3085,3086,2,6580.28,6034.76,2784.22,0.4609375,3085,303,BLAa,BLA,70,left,0
3086,3087,2,6580.7,6032.62,2783.42,0.32421875,3086,303,BLAa,BLA,70,left,0
3087,3088,2,6580.98,6030.3,2782.66,0.37890625,3087,303,BLAa,BLA,70,left,0
3088,3089,2,6581.16,6028.4,2782.6000000000004,0.73046875,3088,303,BLAa,BLA,70,left,0
3089,3090,2,6583.62,6027.86,2782.7000000000007,0.9765625,3089,303,BLAa,BLA,70,left,0
3090,3091,2,6585.72,6027.76,2782.72,0.7578125,3090,303,BLAa,BLA,70,left,0
3091,3092,2,6587.62,6026.86,2781.9,0.21484375,3091,303,BLAa,BLA,70,left,0
3092,3093,2,6588.66,6025.08,2780.98,0.32421875,3092,303,BLAa,BLA,70,left,0
3093,3094,2,6589.76,6023.32,2780.6800000000003,0.37890625,3093,303,BLAa,BLA,70,left,0
3094,3095,2,6591.4,6022.62,2780.3600000000006,0.1640625,3094,303,BLAa,BLA,70,left,1
3095,3096,2,6362.76,6055.74,2901.98,0.00390625,2846,544,CEAc,CEA,71,left,0
3096,3097,2,6361.9,6058.06,2901.32,0.2421875,3096,544,CEAc,CEA,71,left,0
3097,3098,2,6361.3,6061.62,2900.5200000000004,0.37890625,3097,544,CEAc,CEA,71,left,0
3098,3099,2,6360.52,6063.8,2900.1000000000004,0.32421875,3098,544,CEAc,CEA,71,left,0
3099,3100,2,6359.3,6065.48,2899.58,0.43359375,3099,544,CEAc,CEA,71,left,0
3100,3101,2,6358.62,6067.42,2899.08,0.1640625,3100,544,CEAc,CEA,71,left,0
3101,3102,2,6357.78,6069.34,2899.4400000000005,0.37890625,3101,544,CEAc,CEA,71,left,0
3102,3103,2,6356.36,6071.32,2899.48,0.2421875,3102,544,CEAc,CEA,71,left,0
3103,3104,2,6354.3,6072.6,2899.540000000001,0.1640625,3103,544,CEAc,CEA,71,left,0
3104,3105,2,6352.62,6072.72,2900.3,0.40625,3104,544,CEAc,CEA,71,left,0
3105,3106,2,6350.02,6072.62,2901.0599999999995,0.37890625,3105,544,CEAc,CEA,71,left,0
3106,3107,2,6348.2,6073.3,2901.4400000000005,0.32421875,3106,544,CEAc,CEA,71,left,0
3107,3108,2,6346.24,6074.7,2901.08,0.3515625,3107,544,CEAc,CEA,71,left,0
3108,3109,2,6345.0,6075.64,2900.2000000000007,0.37890625,3108,544,CEAc,CEA,71,left,0
3109,3110,2,6342.96,6077.04,2899.2800000000007,0.19140625,3109,544,CEAc,CEA,71,left,0
3110,3111,2,6340.32,6078.82,2897.8,0.32421875,3110,544,CEAc,CEA,71,left,0
3111,3112,2,6338.68,6079.86,2896.84,0.26953125,3111,544,CEAc,CEA,71,left,0
3112,3113,2,6337.16,6081.36,2895.8600000000006,0.32421875,3112,544,CEAc,CEA,71,left,0
3113,3114,2,6335.6,6082.88,2895.379999999999,0.2421875,3113,544,CEAc,CEA,71,left,0
3114,3115,2,6334.5,6084.4,2895.5,0.26953125,3114,544,CEAc,CEA,71,left,0
3115,3116,2,6334.22,6086.36,2896.0599999999995,0.48828125,3115,544,CEAc,CEA,71,left,0
3116,3117,2,6333.98,6088.68,2896.42,0.1640625,3116,544,CEAc,CEA,71,left,0
3117,3118,2,6333.08,6090.34,2897.1800000000003,0.32421875,3117,544,CEAc,CEA,71,left,0
3118,3119,2,6331.98,6091.48,2898.6399999999994,0.00390625,3118,544,CEAc,CEA,71,left,0
3119,3120,2,6330.74,6094.12,2898.72,0.1640625,3119,544,CEAc,CEA,71,left,0
3120,3121,2,6329.74,6095.62,2899.0,0.32421875,3120,544,CEAc,CEA,71,left,0
3121,3122,2,6329.5,6097.44,2899.8,0.32421875,3121,544,CEAc,CEA,71,left,0
3122,3123,2,6329.8,6100.02,2901.0200000000004,0.1640625,3122,544,CEAc,CEA,71,left,0
3123,3124,2,6329.26,6100.84,2901.58,0.48828125,3123,544,CEAc,CEA,71,left,0
3124,3125,2,6363.22,6056.58,2900.9,0.54296875,2846,544,CEAc,CEA,72,left,0
3125,3126,2,6363.0,6057.0,2897.98,0.40625,3125,544,CEAc,CEA,72,left,0
3126,3127,2,6362.46,6056.44,2895.82,0.40625,3126,544,CEAc,CEA,72,left,0
3127,3128,2,6361.04,6055.98,2894.58,0.32421875,3127,544,CEAc,CEA,72,left,0
3128,3129,2,6360.3,6055.9,2893.540000000001,0.01171875,3128,544,CEAc,CEA,72,left,0
3129,3130,2,6490.04,6065.2,2865.7000000000007,0.00390625,2867,477,STR,STR,73,left,0
3130,3131,2,6488.86,6062.96,2865.7800000000007,0.296875,3130,544,CEAc,CEA,73,left,0
3131,3132,2,6486.72,6061.9,2865.459999999999,0.2421875,3131,544,CEAc,CEA,73,left,0
3132,3133,2,6484.42,6060.6,2865.32,0.21484375,3132,544,CEAc,CEA,73,left,0
3133,3134,2,6482.4,6059.54,2865.040000000001,0.32421875,3133,544,CEAc,CEA,73,left,1
3134,3135,2,6492.0,6068.0,2864.3,0.00390625,2867,477,STR,STR,74,left,0
3135,3136,2,6492.12,6066.06,2863.32,0.40625,3135,477,STR,STR,74,left,0
3136,3137,2,6492.3,6063.64,2863.4,0.3515625,3136,544,CEAc,CEA,74,left,0
3137,3138,2,6492.58,6059.8,2863.92,0.32421875,3137,544,CEAc,CEA,74,left,0
3138,3139,2,6493.48,6058.36,2863.98,0.37890625,3138,544,CEAc,CEA,74,left,0
3139,3140,2,6494.72,6056.5,2863.42,0.296875,3139,544,CEAc,CEA,74,left,0
3140,3141,2,6495.06,6053.14,2863.2800000000007,0.4609375,3140,544,CEAc,CEA,74,left,0
3141,3142,2,6496.12,6050.26,2863.16,0.296875,3141,544,CEAc,CEA,74,left,0
3142,3143,2,6497.18,6048.36,2863.1399999999994,0.2421875,3142,544,CEAc,CEA,74,left,0
3143,3144,2,6499.26,6046.4,2863.22,0.21484375,3143,544,CEAc,CEA,74,left,0
3144,3145,2,6500.98,6044.54,2863.26,0.296875,3144,544,CEAc,CEA,74,left,0
3145,3146,2,6502.76,6042.08,2863.32,0.2421875,3145,544,CEAc,CEA,74,left,0
3146,3147,2,6503.72,6040.44,2862.959999999999,0.2421875,3146,544,CEAc,CEA,74,left,0
3147,3148,2,6505.14,6038.7,2862.5200000000004,0.32421875,3147,544,CEAc,CEA,74,left,0
3148,3149,2,6506.5,6036.56,2861.82,0.4609375,3148,544,CEAc,CEA,74,left,0
3149,3150,2,6506.84,6034.62,2861.5599999999995,0.19140625,3149,544,CEAc,CEA,74,left,0
3150,3151,2,6508.36,6032.46,2861.42,0.32421875,3150,544,CEAc,CEA,74,left,0
3151,3152,2,6508.86,6030.06,2860.959999999999,0.1640625,3151,544,CEAc,CEA,74,left,0
3152,3153,2,6508.68,6027.52,2860.76,0.296875,3152,544,CEAc,CEA,74,left,0
3153,3154,2,6508.26,6024.76,2860.0599999999995,0.43359375,3153,544,CEAc,CEA,74,left,0
3154,3155,2,6507.92,6022.92,2858.98,0.59765625,3154,544,CEAc,CEA,74,left,0
3155,3156,2,6507.78,6020.32,2858.5599999999995,0.32421875,3155,544,CEAc,CEA,74,left,0
3156,3157,2,6508.26,6018.94,2858.2000000000007,0.32421875,3156,544,CEAc,CEA,74,left,0
3157,3158,2,6508.02,6016.56,2857.3,0.40625,3157,544,CEAc,CEA,74,left,0
3158,3159,2,6507.9,6014.96,2856.3600000000006,0.40625,3158,544,CEAc,CEA,74,left,0
3159,3160,2,6509.16,6014.32,2855.7800000000007,0.48828125,3159,544,CEAc,CEA,74,left,0
3160,3161,2,6510.46,6012.7,2854.959999999999,0.48828125,3160,544,CEAc,CEA,74,left,0
3161,3162,2,6510.36,6010.9,2854.3,0.62109375,3161,544,CEAc,CEA,74,left,0
3162,3163,2,6511.32,6009.28,2853.0599999999995,0.40625,3162,544,CEAc,CEA,74,left,0
3163,3164,2,6512.56,6007.78,2852.7000000000007,0.32421875,3163,544,CEAc,CEA,74,left,0
3164,3165,2,6513.44,6005.0,2851.7000000000007,0.296875,3164,544,CEAc,CEA,74,left,0
3165,3166,2,6513.18,6001.96,2851.22,0.48828125,3165,544,CEAc,CEA,74,left,0
3166,3167,2,6644.46,5909.62,2744.4400000000005,0.01171875,2931,303,BLAa,BLA,75,left,0
3167,3168,2,6644.5,5907.96,2743.1000000000004,0.2421875,3167,303,BLAa,BLA,75,left,0
3168,3169,2,6644.88,5906.34,2742.1800000000003,0.32421875,3168,303,BLAa,BLA,75,left,0
3169,3170,2,6645.44,5904.08,2740.1000000000004,0.19140625,3169,303,BLAa,BLA,75,left,0
3170,3171,2,6645.82,5902.32,2738.959999999999,0.19140625,3170,303,BLAa,BLA,75,left,0
3171,3172,2,6645.76,5900.64,2737.040000000001,0.296875,3171,303,BLAa,BLA,75,left,0
3172,3173,2,6645.42,5913.02,2744.6800000000003,0.00390625,2931,303,BLAa,BLA,76,left,0
3173,3174,2,6646.86,5914.88,2743.72,0.19140625,3173,303,BLAa,BLA,76,left,0
3174,3175,2,6647.52,5917.22,2742.98,0.62109375,3174,303,BLAa,BLA,76,left,0
3175,3176,2,6646.12,5918.42,2743.4,0.015625,3175,303,BLAa,BLA,76,left,0
3176,3177,2,6645.9,5921.22,2743.5599999999995,0.48828125,3176,303,BLAa,BLA,76,left,0
3177,3178,2,6646.24,5924.06,2743.3600000000006,0.43359375,3177,303,BLAa,BLA,76,left,0
3178,3179,2,6647.18,5926.6,2743.120000000001,0.40625,3178,303,BLAa,BLA,76,left,0
3179,3180,2,6648.0,5928.06,2744.4400000000005,0.37890625,3179,303,BLAa,BLA,76,left,0
3180,3181,2,6648.32,5928.96,2746.16,0.48828125,3180,303,BLAa,BLA,76,left,0
3181,3182,2,6648.54,5931.94,2747.1800000000003,0.78515625,3181,303,BLAa,BLA,76,left,0
3182,3183,2,6648.16,5934.64,2746.66,0.19140625,3182,303,BLAa,BLA,76,left,0
3183,3184,2,6648.12,5935.86,2746.08,0.00390625,3183,303,BLAa,BLA,76,left,1
3184,3185,2,6481.52,6088.76,2778.6399999999994,0.00390625,3003,303,BLAa,BLA,77,left,0
3185,3186,2,6481.78,6085.8,2778.92,0.1640625,3185,303,BLAa,BLA,77,left,0
3186,3187,2,6482.9,6084.62,2778.84,0.32421875,3186,303,BLAa,BLA,77,left,0
3187,3188,2,6483.48,6081.22,2778.8600000000006,0.32421875,3187,303,BLAa,BLA,77,left,0
3188,3189,2,6484.44,6078.96,2778.6000000000004,0.32421875,3188,303,BLAa,BLA,77,left,0
3189,3190,2,6485.92,6077.56,2778.2000000000007,0.1640625,3189,303,BLAa,BLA,77,left,0
3190,3191,2,6486.6,6075.62,2777.6000000000004,0.1640625,3190,303,BLAa,BLA,77,left,0
3191,3192,2,6487.74,6074.34,2777.120000000001,0.40625,3191,303,BLAa,BLA,77,left,0
3192,3193,2,6488.0,6071.16,2777.5,0.00390625,3192,303,BLAa,BLA,77,left,0
3193,3194,2,6489.32,6070.12,2777.5,0.26953125,3193,303,BLAa,BLA,77,left,0
3194,3195,2,6489.66,6067.64,2777.16,0.32421875,3194,303,BLAa,BLA,77,left,0
3195,3196,2,6491.18,6066.78,2776.9400000000005,0.4609375,3195,303,BLAa,BLA,77,left,0
3196,3197,2,6492.28,6065.88,2776.58,0.2421875,3196,303,BLAa,BLA,77,left,0
3197,3198,2,6493.72,6064.94,2775.9,0.296875,3197,303,BLAa,BLA,77,left,0
3198,3199,2,6496.0,6065.08,2775.7000000000007,0.01171875,3198,303,BLAa,BLA,77,left,0
3199,3200,2,6497.86,6065.32,2775.66,0.4609375,3199,303,BLAa,BLA,77,left,0
3200,3201,2,6499.5,6064.56,2775.74,0.296875,3200,303,BLAa,BLA,77,left,0
3201,3202,2,6499.34,6062.3,2775.8600000000006,0.6484375,3201,303,BLAa,BLA,77,left,0
3202,3203,2,6498.88,6059.42,2775.459999999999,0.54296875,3202,303,BLAa,BLA,77,left,0
3203,3204,2,6498.92,6057.86,2774.98,0.296875,3203,303,BLAa,BLA,77,left,0
3204,3205,2,6500.64,6056.78,2774.76,0.32421875,3204,303,BLAa,BLA,77,left,1
3205,3206,2,6481.76,6090.92,2778.379999999999,0.01953125,3003,303,BLAa,BLA,78,left,0
3206,3207,2,6481.46,6090.32,2775.6800000000003,0.296875,3206,303,BLAa,BLA,78,left,0
3207,3208,2,6481.2,6089.48,2774.1399999999994,0.48828125,3207,303,BLAa,BLA,78,left,0
3208,3209,2,6482.12,6089.66,2773.34,0.01171875,3208,303,BLAa,BLA,78,left,0
3209,3210,2,6482.26,6091.72,2771.9400000000005,0.19140625,3209,303,BLAa,BLA,78,left,0
3210,3211,2,6481.78,6093.62,2771.379999999999,0.48828125,3210,303,BLAa,BLA,78,left,0
3211,3212,2,6480.76,6094.88,2770.42,0.32421875,3211,303,BLAa,BLA,78,left,0
3212,3213,2,6478.68,6094.6,2769.2800000000007,0.43359375,3212,303,BLAa,BLA,78,left,0
3213,3214,2,6477.16,6094.44,2768.32,0.43359375,3213,303,BLAa,BLA,78,left,0
3214,3215,2,6476.66,6094.04,2765.1399999999994,0.00390625,3214,303,BLAa,BLA,78,left,0
3215,3216,2,6476.46,6094.04,2763.0,0.48828125,3215,303,BLAa,BLA,78,left,0
3216,3217,2,6475.5,6094.96,2762.0,0.0078125,3216,303,BLAa,BLA,78,left,0
3217,3218,2,6474.82,6094.8,2759.8,0.32421875,3217,303,BLAa,BLA,78,left,0
3218,3219,2,6472.86,6093.96,2759.74,0.21484375,3218,303,BLAa,BLA,78,left,0
3219,3220,2,6471.96,6094.22,2760.2800000000007,0.62109375,3219,303,BLAa,BLA,78,left,1
3220,3221,2,6326.74,6101.44,2900.9,0.0078125,3124,544,CEAc,CEA,79,left,0
3221,3222,2,6325.8,6102.64,2898.959999999999,0.21484375,3221,544,CEAc,CEA,79,left,0
3222,3223,2,6325.2,6103.8,2896.5599999999995,0.48828125,3222,544,CEAc,CEA,79,left,0
3223,3224,2,6323.9,6104.4,2895.72,0.32421875,3223,544,CEAc,CEA,79,left,0
3224,3225,2,6323.6,6105.54,2894.0200000000004,0.4609375,3224,544,CEAc,CEA,79,left,0
3225,3226,2,6323.7,6107.46,2892.4,0.3515625,3225,544,CEAc,CEA,79,left,0
3226,3227,2,6323.54,6108.34,2891.0599999999995,0.3515625,3226,544,CEAc,CEA,79,left,0
3227,3228,2,6322.62,6108.54,2890.3600000000006,0.4609375,3227,544,CEAc,CEA,79,left,0
3228,3229,2,6321.26,6108.56,2887.22,0.296875,3228,544,CEAc,CEA,79,left,0
3229,3230,2,6321.08,6108.16,2885.620000000001,0.2421875,3229,544,CEAc,CEA,79,left,0
3230,3231,2,6321.08,6109.8,2883.0200000000004,0.32421875,3230,544,CEAc,CEA,79,left,0
3231,3232,2,6321.14,6112.06,2880.34,0.62109375,3231,544,CEAc,CEA,79,left,0
3232,3233,2,6321.2,6113.54,2878.82,0.5703125,3232,544,CEAc,CEA,79,left,0
3233,3234,2,6320.76,6115.8,2876.7800000000007,0.54296875,3233,544,CEAc,CEA,79,left,0
3234,3235,2,6319.58,6117.22,2875.76,0.32421875,3234,544,CEAc,CEA,79,left,0
3235,3236,2,6318.92,6118.32,2874.34,0.32421875,3235,544,CEAc,CEA,79,left,0
3236,3237,2,6317.7,6119.06,2873.1800000000003,0.32421875,3236,544,CEAc,CEA,79,left,0
3237,3238,2,6316.1,6119.54,2871.5200000000004,0.43359375,3237,544,CEAc,CEA,79,left,0
3238,3239,2,6315.08,6119.46,2870.3600000000006,0.43359375,3238,544,CEAc,CEA,79,left,0
3239,3240,2,6313.28,6119.4,2869.16,0.2421875,3239,544,CEAc,CEA,79,left,0
3240,3241,2,6312.06,6119.72,2867.5200000000004,0.296875,3240,544,CEAc,CEA,79,left,0
3241,3242,2,6310.84,6120.02,2866.42,0.1640625,3241,544,CEAc,CEA,79,left,0
3242,3243,2,6309.46,6120.06,2864.5599999999995,0.2421875,3242,544,CEAc,CEA,79,left,0
3243,3244,2,6307.96,6120.74,2863.16,0.4609375,3243,544,CEAc,CEA,79,left,0
3244,3245,2,6306.34,6121.18,2860.959999999999,0.4609375,3244,544,CEAc,CEA,79,left,0
3245,3246,2,6305.6,6121.1,2859.5,0.43359375,3245,544,CEAc,CEA,79,left,0
3246,3247,2,6305.36,6120.42,2857.58,0.00390625,3246,544,CEAc,CEA,79,left,0
3247,3248,2,6305.0,6118.92,2855.540000000001,0.32421875,3247,544,CEAc,CEA,79,left,0
3248,3249,2,6304.12,6117.78,2854.5200000000004,0.32421875,3248,544,CEAc,CEA,79,left,0
3249,3250,2,6302.6,6116.98,2853.76,0.296875,3249,544,CEAc,CEA,79,left,0
3250,3251,2,6301.44,6115.9,2853.040000000001,0.32421875,3250,544,CEAc,CEA,79,left,0
3251,3252,2,6328.1,6101.82,2900.84,0.0078125,3124,544,CEAc,CEA,80,left,0
3252,3253,2,6328.2,6103.88,2899.82,0.59765625,3252,544,CEAc,CEA,80,left,0
3253,3254,2,6328.48,6106.86,2898.620000000001,0.296875,3253,544,CEAc,CEA,80,left,0
3254,3255,2,6328.7,6109.26,2897.6399999999994,0.2421875,3254,544,CEAc,CEA,80,left,0
3255,3256,2,6327.94,6111.38,2897.4,0.00390625,3255,544,CEAc,CEA,80,left,0
3256,3257,2,6326.3,6113.3,2897.6000000000004,0.2421875,3256,544,CEAc,CEA,80,left,0
3257,3258,2,6325.16,6114.54,2897.32,0.43359375,3257,544,CEAc,CEA,80,left,0
3258,3259,2,6323.58,6116.1,2896.9400000000005,0.01171875,3258,544,CEAc,CEA,80,left,0
3259,3260,2,6322.26,6119.26,2896.08,0.4609375,3259,544,CEAc,CEA,80,left,0
3260,3261,2,6321.72,6121.28,2895.66,0.3515625,3260,544,CEAc,CEA,80,left,0
3261,3262,2,6322.42,6117.86,2895.5,0.26953125,3261,544,CEAc,CEA,80,left,0
3262,3263,2,6322.94,6115.82,2897.040000000001,0.26953125,3262,544,CEAc,CEA,80,left,0
3263,3264,2,6322.8,6114.26,2896.58,0.37890625,3263,544,CEAc,CEA,80,left,0
3264,3265,2,6324.44,6113.36,2895.8,0.0078125,3264,544,CEAc,CEA,80,left,0
3265,3266,2,6325.62,6111.88,2895.3600000000006,0.48828125,3265,544,CEAc,CEA,80,left,0
3266,3267,2,6325.36,6109.98,2895.2800000000007,0.48828125,3266,544,CEAc,CEA,80,left,0
3267,3268,2,6324.96,6106.64,2895.72,0.01171875,3267,544,CEAc,CEA,80,left,0
3268,3269,2,6324.72,6103.6,2897.4400000000005,0.37890625,3268,544,CEAc,CEA,80,left,0
3269,3270,2,6325.22,6102.84,2898.58,0.3515625,3269,544,CEAc,CEA,80,left,0
3270,3271,2,6327.36,6101.94,2898.9,0.2421875,3270,544,CEAc,CEA,80,left,0
3271,3272,2,6328.48,6100.86,2899.040000000001,0.32421875,3271,544,CEAc,CEA,80,left,0
3272,3273,2,6328.5,6097.66,2899.8,0.0078125,3272,544,CEAc,CEA,80,left,0
3273,3274,2,6328.9,6095.12,2900.1800000000003,0.32421875,3273,544,CEAc,CEA,80,left,0
3274,3275,2,6329.44,6091.02,2901.0,0.37890625,3274,544,CEAc,CEA,80,left,0
3275,3276,2,6330.28,6088.88,2900.98,0.26953125,3275,544,CEAc,CEA,80,left,0
3276,3277,2,6331.26,6085.92,2901.0599999999995,0.40625,3276,544,CEAc,CEA,80,left,0
3277,3278,2,6332.16,6084.18,2901.0599999999995,0.26953125,3277,544,CEAc,CEA,80,left,0
3278,3279,2,6333.68,6082.82,2901.42,0.00390625,3278,544,CEAc,CEA,80,left,1
3279,3280,2,6360.12,6056.68,2890.8,0.48828125,3129,544,CEAc,CEA,81,left,0
3280,3281,2,6360.1,6056.38,2889.0599999999995,0.296875,3280,544,CEAc,CEA,81,left,0
3281,3282,2,6361.02,6056.32,2888.34,0.40625,3281,544,CEAc,CEA,81,left,0
3282,3283,2,6361.74,6055.16,2887.040000000001,0.26953125,3282,544,CEAc,CEA,81,left,0
3283,3284,2,6361.46,6053.52,2886.3,0.1640625,3283,544,CEAc,CEA,81,left,0
3284,3285,2,6361.0,6051.4,2884.34,0.515625,3284,544,CEAc,CEA,81,left,0
3285,3286,2,6361.06,6049.4,2882.82,0.1640625,3285,544,CEAc,CEA,81,left,0
3286,3287,2,6361.68,6048.54,2881.34,0.32421875,3286,544,CEAc,CEA,81,left,0
3287,3288,2,6362.48,6047.16,2880.24,0.32421875,3287,544,CEAc,CEA,81,left,0
3288,3289,2,6363.54,6045.18,2879.1399999999994,0.1640625,3288,544,CEAc,CEA,81,left,0
3289,3290,2,6363.66,6043.72,2877.2000000000007,0.00390625,3289,544,CEAc,CEA,81,left,0
3290,3291,2,6363.04,6041.16,2874.3600000000006,0.59765625,3290,544,CEAc,CEA,81,left,0
3291,3292,2,6362.34,6040.88,2873.34,0.1640625,3291,544,CEAc,CEA,81,left,0
3292,3293,2,6360.24,6042.58,2873.08,0.3515625,3292,544,CEAc,CEA,81,left,0
3293,3294,2,6358.98,6043.9,2873.0200000000004,0.54296875,3293,544,CEAc,CEA,81,left,0
3294,3295,2,6359.3,6046.0,2873.7000000000007,0.32421875,3294,544,CEAc,CEA,81,left,0
3295,3296,2,6359.3,6047.84,2874.379999999999,0.32421875,3295,544,CEAc,CEA,81,left,0
3296,3297,2,6358.36,6048.54,2874.879999999999,0.40625,3296,544,CEAc,CEA,81,left,0
3297,3298,2,6356.9,6049.26,2875.959999999999,0.19140625,3297,544,CEAc,CEA,81,left,0
3298,3299,2,6355.3,6049.58,2876.6000000000004,0.32421875,3298,544,CEAc,CEA,81,left,0
3299,3300,2,6353.2,6049.92,2876.9400000000005,0.37890625,3299,544,CEAc,CEA,81,left,0
3300,3301,2,6351.28,6050.7,2876.5200000000004,0.01171875,3300,544,CEAc,CEA,81,left,0
3301,3302,2,6348.58,6051.36,2875.66,0.32421875,3301,544,CEAc,CEA,81,left,0
3302,3303,2,6347.62,6053.14,2875.1800000000003,0.32421875,3302,544,CEAc,CEA,81,left,0
3303,3304,2,6347.42,6055.42,2874.6399999999994,0.37890625,3303,544,CEAc,CEA,81,left,0
3304,3305,2,6346.24,6056.8,2873.8,0.3515625,3304,544,CEAc,CEA,81,left,0
3305,3306,2,6345.4,6058.2,2872.9400000000005,0.296875,3305,544,CEAc,CEA,81,left,0
3306,3307,2,6344.24,6059.72,2872.76,0.3515625,3306,544,CEAc,CEA,81,left,0
3307,3308,2,6343.84,6062.28,2872.6399999999994,0.3515625,3307,544,CEAc,CEA,81,left,0
3308,3309,2,6342.74,6063.64,2872.540000000001,0.1640625,3308,544,CEAc,CEA,81,left,0
3309,3310,2,6341.64,6065.1,2871.879999999999,0.1640625,3309,544,CEAc,CEA,81,left,0
3310,3311,2,6338.8,6066.52,2871.1000000000004,0.296875,3310,544,CEAc,CEA,81,left,0
3311,3312,2,6337.36,6067.0,2871.0200000000004,0.2421875,3311,544,CEAc,CEA,81,left,0
3312,3313,2,6336.1,6067.74,2871.1000000000004,0.015625,3312,544,CEAc,CEA,81,left,0
3313,3314,2,6333.84,6069.92,2871.0,0.32421875,3313,544,CEAc,CEA,81,left,0
3314,3315,2,6332.52,6071.78,2870.4400000000005,0.37890625,3314,544,CEAc,CEA,81,left,0
3315,3316,2,6360.8,6055.92,2892.5599999999995,0.37890625,3129,544,CEAc,CEA,82,left,0
3316,3317,2,6362.54,6055.0,2892.26,0.4609375,3316,544,CEAc,CEA,82,left,0
3317,3318,2,6364.4,6054.2,2891.4,0.48828125,3317,544,CEAc,CEA,82,left,0
3318,3319,2,6365.68,6054.0,2890.3,0.40625,3318,544,CEAc,CEA,82,left,0
3319,3320,2,6366.14,6054.12,2889.9,0.03515625,3319,544,CEAc,CEA,82,left,0
3320,3321,2,6365.18,6056.7,2890.7000000000007,0.32421875,3320,544,CEAc,CEA,82,left,0
3321,3322,2,6364.7,6058.76,2890.7800000000007,0.21484375,3321,544,CEAc,CEA,82,left,0
3322,3323,2,6364.2,6060.04,2891.120000000001,0.00390625,3322,544,CEAc,CEA,82,left,0
3323,3324,2,6362.06,6060.3,2892.120000000001,0.40625,3323,544,CEAc,CEA,82,left,0
3324,3325,2,6360.3,6059.64,2893.08,0.32421875,3324,544,CEAc,CEA,82,left,0
3325,3326,2,6359.74,6059.58,2894.040000000001,0.01171875,3325,544,CEAc,CEA,82,left,1
3326,3327,2,6513.64,5997.92,2851.0200000000004,0.1640625,3166,544,CEAc,CEA,83,left,0
3327,3328,2,6514.38,5995.34,2850.74,0.1640625,3327,544,CEAc,CEA,83,left,0
3328,3329,2,6514.14,5993.4,2850.0,0.515625,3328,544,CEAc,CEA,83,left,0
3329,3330,2,6513.02,5993.28,2849.34,0.00390625,3329,544,CEAc,CEA,83,left,0
3330,3331,2,6512.7,5991.1,2849.42,0.26953125,3330,544,CEAc,CEA,83,left,0
3331,3332,2,6512.82,5989.66,2848.16,0.40625,3331,544,CEAc,CEA,83,left,0
3332,3333,2,6513.12,5988.68,2846.66,1.0546875,3332,544,CEAc,CEA,83,left,0
3333,3334,2,6512.82,5985.68,2846.74,0.296875,3333,544,CEAc,CEA,83,left,0
3334,3335,2,6512.58,5983.0,2847.620000000001,0.48828125,3334,544,CEAc,CEA,83,left,0
3335,3336,2,6512.34,5980.46,2848.379999999999,0.54296875,3335,544,CEAc,CEA,83,left,0
3336,3337,2,6512.14,5978.52,2848.7800000000007,0.89453125,3336,544,CEAc,CEA,83,left,0
3337,3338,2,6513.02,5977.5,2848.92,0.89453125,3337,544,CEAc,CEA,83,left,0
3338,3339,2,6514.82,5977.4,2848.9400000000005,1.0546875,3338,544,CEAc,CEA,83,left,0
3339,3340,2,6516.2,5976.34,2848.9400000000005,0.40625,3339,544,CEAc,CEA,83,left,0
3340,3341,2,6516.0,5975.12,2847.879999999999,0.54296875,3340,544,CEAc,CEA,83,left,0
3341,3342,2,6517.56,5974.6,2846.98,0.00390625,3341,544,CEAc,CEA,83,left,0
3342,3343,2,6517.96,5971.1,2847.16,0.21484375,3342,544,CEAc,CEA,83,left,0
3343,3344,2,6518.62,5968.88,2847.0,0.37890625,3343,544,CEAc,CEA,83,left,0
3344,3345,2,6520.18,5966.74,2846.459999999999,0.26953125,3344,544,CEAc,CEA,83,left,0
3345,3346,2,6520.98,5964.64,2846.58,0.32421875,3345,544,CEAc,CEA,83,left,0
3346,3347,2,6521.74,5963.56,2846.42,0.00390625,3346,544,CEAc,CEA,83,left,0
3347,3348,2,6513.32,6000.68,2848.959999999999,0.00390625,3166,544,CEAc,CEA,84,left,0
3348,3349,2,6514.54,6000.58,2847.24,0.48828125,3348,544,CEAc,CEA,84,left,0
3349,3350,2,6514.52,6002.32,2843.98,0.48828125,3349,544,CEAc,CEA,84,left,0
3350,3351,2,6513.76,6003.06,2842.2800000000007,0.37890625,3350,544,CEAc,CEA,84,left,0
3351,3352,2,6513.28,6003.22,2840.42,0.32421875,3351,544,CEAc,CEA,84,left,0
3352,3353,2,6646.38,5899.02,2735.040000000001,0.43359375,3172,303,BLAa,BLA,85,left,0
3353,3354,2,6645.62,5900.88,2735.5200000000004,0.00390625,3172,303,BLAa,BLA,86,left,0
3354,3355,2,6646.12,5903.12,2734.6000000000004,0.3515625,3354,303,BLAa,BLA,86,left,0
3355,3356,2,6647.02,5905.32,2733.7800000000007,0.26953125,3355,303,BLAa,BLA,86,left,0
3356,3357,2,6647.76,5908.9,2732.0599999999995,0.59765625,3356,303,BLAa,BLA,86,left,0
3357,3358,2,6649.1,5909.16,2731.3,0.3515625,3357,303,BLAa,BLA,86,left,0
3358,3359,2,6650.06,5907.48,2730.0,0.00390625,3358,303,BLAa,BLA,86,left,0
3359,3360,2,6650.26,5905.06,2729.3600000000006,0.40625,3359,303,BLAa,BLA,86,left,0
3360,3361,2,6650.82,5904.48,2728.74,0.2421875,3360,303,BLAa,BLA,86,left,0
3361,3362,2,6653.02,5905.88,2728.3,0.00390625,3361,303,BLAa,BLA,86,left,0
3362,3363,2,6653.3,5906.54,2728.2000000000007,0.40625,3362,303,BLAa,BLA,86,left,1
3363,3364,2,6300.92,6113.76,2853.120000000001,0.01171875,3251,544,CEAc,CEA,87,left,0
3364,3365,2,6300.5,6110.82,2852.7000000000007,0.54296875,3364,544,CEAc,CEA,87,left,0
3365,3366,2,6300.4,6109.28,2851.98,0.37890625,3365,544,CEAc,CEA,87,left,0
3366,3367,2,6301.06,6108.74,2851.0200000000004,0.48828125,3366,544,CEAc,CEA,87,left,0
3367,3368,2,6301.42,6106.4,2850.08,0.296875,3367,544,CEAc,CEA,87,left,0
3368,3369,2,6302.16,6104.34,2849.66,0.32421875,3368,544,CEAc,CEA,87,left,0
3369,3370,2,6302.24,6102.58,2848.22,0.37890625,3369,544,CEAc,CEA,87,left,0
3370,3371,2,6301.9,6100.64,2846.58,0.32421875,3370,544,CEAc,CEA,87,left,0
3371,3372,2,6302.06,6098.84,2845.76,0.32421875,3371,544,CEAc,CEA,87,left,0
3372,3373,2,6303.32,6097.52,2845.620000000001,0.00390625,3372,544,CEAc,CEA,87,left,0
3373,3374,2,6303.2,6094.66,2845.26,0.48828125,3373,544,CEAc,CEA,87,left,0
3374,3375,2,6303.54,6092.28,2845.2000000000007,0.21484375,3374,544,CEAc,CEA,87,left,0
3375,3376,2,6303.44,6090.16,2843.76,0.4609375,3375,544,CEAc,CEA,87,left,0
3376,3377,2,6302.64,6088.0,2842.6800000000003,0.1640625,3376,544,CEAc,CEA,87,left,0
3377,3378,2,6301.8,6086.28,2842.24,0.48828125,3377,544,CEAc,CEA,87,left,0
3378,3379,2,6301.36,6083.36,2841.0599999999995,0.40625,3378,544,CEAc,CEA,87,left,0
3379,3380,2,6301.98,6082.62,2839.8600000000006,0.296875,3379,544,CEAc,CEA,87,left,0
3380,3381,2,6302.98,6082.2,2838.0,0.48828125,3380,544,CEAc,CEA,87,left,0
3381,3382,2,6304.42,6080.52,2836.84,0.32421875,3381,544,CEAc,CEA,87,left,0
3382,3383,2,6304.96,6078.82,2836.3600000000006,0.1640625,3382,544,CEAc,CEA,87,left,0
3383,3384,2,6306.2,6077.08,2835.76,0.48828125,3383,544,CEAc,CEA,87,left,0
3384,3385,2,6307.38,6075.4,2835.540000000001,0.43359375,3384,544,CEAc,CEA,87,left,0
3385,3386,2,6308.8,6073.32,2835.379999999999,0.32421875,3385,544,CEAc,CEA,87,left,0
3386,3387,2,6309.52,6069.8,2835.66,0.43359375,3386,544,CEAc,CEA,87,left,0
3387,3388,2,6309.64,6067.0,2835.7000000000007,0.2421875,3387,544,CEAc,CEA,87,left,0
3388,3389,2,6310.94,6064.58,2836.1800000000003,0.21484375,3388,544,CEAc,CEA,87,left,0
3389,3390,2,6311.62,6062.12,2836.8600000000006,0.19140625,3389,544,CEAc,CEA,87,left,0
3390,3391,2,6312.44,6059.34,2836.92,0.37890625,3390,544,CEAc,CEA,87,left,0
3391,3392,2,6312.32,6056.24,2837.2800000000007,0.296875,3391,544,CEAc,CEA,87,left,0
3392,3393,2,6312.18,6054.84,2837.92,0.73046875,3392,544,CEAc,CEA,87,left,0
3393,3394,2,6312.76,6053.14,2837.9400000000005,0.00390625,3393,544,CEAc,CEA,87,left,0
3394,3395,2,6312.72,6050.32,2838.459999999999,0.4609375,3394,544,CEAc,CEA,87,left,0
3395,3396,2,6312.92,6048.42,2839.74,0.26953125,3395,544,CEAc,CEA,87,left,0
3396,3397,2,6313.46,6046.84,2840.9,0.32421875,3396,544,CEAc,CEA,87,left,0
3397,3398,2,6313.76,6044.78,2841.540000000001,0.21484375,3397,544,CEAc,CEA,87,left,0
3398,3399,2,6314.66,6043.2,2841.26,0.40625,3398,544,CEAc,CEA,87,left,0
3399,3400,2,6315.62,6041.5,2840.540000000001,0.1640625,3399,544,CEAc,CEA,87,left,0
3400,3401,2,6316.3,6039.28,2839.879999999999,0.32421875,3400,544,CEAc,CEA,87,left,0
3401,3402,2,6316.5,6036.54,2838.8600000000006,0.3515625,3401,544,CEAc,CEA,87,left,0
3402,3403,2,6317.36,6034.22,2838.08,0.3515625,3402,544,CEAc,CEA,87,left,0
3403,3404,2,6317.86,6030.86,2837.6800000000003,0.32421875,3403,544,CEAc,CEA,87,left,0
3404,3405,2,6318.34,6028.62,2837.459999999999,0.4609375,3404,544,CEAc,CEA,87,left,0
3405,3406,2,6319.42,6027.06,2836.6000000000004,0.26953125,3405,544,CEAc,CEA,87,left,0
3406,3407,2,6320.3,6025.4,2835.9,0.32421875,3406,544,CEAc,CEA,87,left,0
3407,3408,2,6321.88,6023.04,2835.120000000001,0.43359375,3407,544,CEAc,CEA,87,left,0
3408,3409,2,6322.66,6021.68,2834.72,0.4609375,3408,544,CEAc,CEA,87,left,0
3409,3410,2,6324.24,6020.2,2834.22,0.296875,3409,544,CEAc,CEA,87,left,0
3410,3411,2,6325.8,6019.38,2833.4400000000005,0.26953125,3410,544,CEAc,CEA,87,left,0
3411,3412,2,6327.14,6018.52,2832.5,0.00390625,3411,544,CEAc,CEA,87,left,0
3412,3413,2,6328.96,6017.38,2831.9400000000005,0.1640625,3412,544,CEAc,CEA,87,left,0
3413,3414,2,6330.08,6015.96,2831.620000000001,0.3515625,3413,544,CEAc,CEA,87,left,0
3414,3415,2,6331.7,6014.72,2831.1000000000004,0.48828125,3414,544,CEAc,CEA,87,left,0
3415,3416,2,6333.44,6012.22,2830.040000000001,0.296875,3415,544,CEAc,CEA,87,left,0
3416,3417,2,6333.4,6010.16,2828.879999999999,0.48828125,3416,544,CEAc,CEA,87,left,0
3417,3418,2,6334.0,6008.56,2828.5,0.32421875,3417,544,CEAc,CEA,87,left,0
3418,3419,2,6334.96,6007.98,2827.58,0.296875,3418,544,CEAc,CEA,87,left,0
3419,3420,2,6334.8,6007.1,2826.0599999999995,0.2421875,3419,544,CEAc,CEA,87,left,0
3420,3421,2,6334.38,6005.96,2823.16,0.40625,3420,544,CEAc,CEA,87,left,0
3421,3422,2,6334.32,6006.38,2821.98,0.296875,3421,544,CEAc,CEA,87,left,0
3422,3423,2,6333.46,6006.58,2822.08,0.05078125,3422,544,CEAc,CEA,87,left,0
3423,3424,2,6333.62,6009.52,2821.6399999999994,0.3515625,3423,544,CEAc,CEA,87,left,0
3424,3425,2,6333.78,6011.76,2820.9400000000005,0.32421875,3424,544,CEAc,CEA,87,left,0
3425,3426,2,6333.24,6013.14,2820.24,0.4609375,3425,544,CEAc,CEA,87,left,0
3426,3427,2,6332.54,6016.58,2818.48,0.32421875,3426,544,CEAc,CEA,87,left,0
3427,3428,2,6331.64,6018.64,2817.4400000000005,0.48828125,3427,544,CEAc,CEA,87,left,0
3428,3429,2,6331.08,6020.96,2816.66,0.296875,3428,544,CEAc,CEA,87,left,0
3429,3430,2,6330.08,6023.42,2815.879999999999,0.43359375,3429,544,CEAc,CEA,87,left,0
3430,3431,2,6328.56,6024.62,2815.48,0.54296875,3430,544,CEAc,CEA,87,left,0
3431,3432,2,6328.42,6032.64,2814.22,0.32421875,3431,544,CEAc,CEA,87,left,0
3432,3433,2,6327.78,6034.24,2813.8600000000006,0.1640625,3432,544,CEAc,CEA,87,left,0
3433,3434,2,6327.0,6038.42,2813.040000000001,0.40625,3433,544,CEAc,CEA,87,left,0
3434,3435,2,6327.18,6040.0,2812.6000000000004,0.19140625,3434,544,CEAc,CEA,87,left,0
3435,3436,2,6327.5,6042.58,2812.4,0.00390625,3435,544,CEAc,CEA,87,left,0
3436,3437,2,6327.3,6045.16,2811.84,0.54296875,3436,544,CEAc,CEA,87,left,0
3437,3438,2,6326.16,6046.74,2811.48,0.32421875,3437,544,CEAc,CEA,87,left,0
3438,3439,2,6325.86,6049.6,2810.6000000000004,0.40625,3438,544,CEAc,CEA,87,left,0
3439,3440,2,6325.38,6051.72,2809.7800000000007,0.26953125,3439,544,CEAc,CEA,87,left,0
3440,3441,2,6324.72,6054.68,2809.08,0.2421875,3440,544,CEAc,CEA,87,left,0
3441,3442,2,6324.1,6056.9,2808.98,0.19140625,3441,544,CEAc,CEA,87,left,0
3442,3443,2,6323.04,6059.06,2808.9400000000005,0.19140625,3442,544,CEAc,CEA,87,left,0
3443,3444,2,6322.58,6061.46,2808.72,0.37890625,3443,544,CEAc,CEA,87,left,0
3444,3445,2,6321.96,6064.02,2808.08,0.00390625,3444,544,CEAc,CEA,87,left,0
3445,3446,2,6321.68,6066.66,2807.6000000000004,0.40625,3445,544,CEAc,CEA,87,left,0
3446,3447,2,6321.16,6068.46,2807.4,0.296875,3446,544,CEAc,CEA,87,left,0
3447,3448,2,6320.94,6071.94,2807.1000000000004,0.1640625,3447,544,CEAc,CEA,87,left,0
3448,3449,2,6320.46,6074.1,2806.879999999999,0.3515625,3448,544,CEAc,CEA,87,left,0
3449,3450,2,6319.68,6075.96,2806.72,0.21484375,3449,544,CEAc,CEA,87,left,0
3450,3451,2,6319.02,6078.1,2806.6399999999994,0.37890625,3450,544,CEAc,CEA,87,left,0
3451,3452,2,6317.64,6079.66,2806.459999999999,0.32421875,3451,544,CEAc,CEA,87,left,0
3452,3453,2,6317.34,6082.5,2806.0200000000004,0.6484375,3452,544,CEAc,CEA,87,left,0
3453,3454,2,6316.62,6084.48,2805.48,0.32421875,3453,544,CEAc,CEA,87,left,0
3454,3455,2,6315.68,6085.82,2804.9400000000005,0.296875,3454,477,STR,STR,87,left,0
3455,3456,2,6315.42,6088.94,2803.6800000000003,0.1640625,3455,477,STR,STR,87,left,0
3456,3457,2,6314.28,6090.9,2802.92,0.37890625,3456,477,STR,STR,87,left,0
3457,3458,2,6314.22,6093.68,2801.620000000001,0.59765625,3457,477,STR,STR,87,left,0
3458,3459,2,6314.44,6095.74,2800.82,0.21484375,3458,477,STR,STR,87,left,0
3459,3460,2,6314.52,6096.54,2800.6000000000004,0.03515625,3459,477,STR,STR,87,left,0
3460,3461,2,6316.38,6111.76,2798.22,1.59765625,3460,477,STR,STR,87,left,0
3461,3462,2,6316.62,6113.9,2797.5200000000004,1.02734375,3461,477,STR,STR,87,left,0
3462,3463,2,6316.84,6116.7,2795.540000000001,0.73046875,3462,477,STR,STR,87,left,0
3463,3464,2,6316.7,6117.16,2794.379999999999,1.13671875,3463,703,CTXsp,CTXsp,87,left,0
3464,3465,2,6315.34,6117.52,2793.22,0.48828125,3464,703,CTXsp,CTXsp,87,left,0
3465,3466,2,6314.0,6118.92,2792.48,0.296875,3465,703,CTXsp,CTXsp,87,left,0
3466,3467,2,6312.84,6121.14,2791.5599999999995,0.00390625,3466,703,CTXsp,CTXsp,87,left,0
3467,3468,2,6311.42,6123.28,2790.9,0.2421875,3467,703,CTXsp,CTXsp,87,left,0
3468,3469,2,6311.14,6125.34,2791.120000000001,0.40625,3468,703,CTXsp,CTXsp,87,left,0
3469,3470,2,6310.52,6127.68,2791.08,0.48828125,3469,703,CTXsp,CTXsp,87,left,0
3470,3471,2,6310.08,6130.26,2790.1000000000004,0.2421875,3470,703,CTXsp,CTXsp,87,left,0
3471,3472,2,6309.9,6133.7,2788.620000000001,0.5703125,3471,703,CTXsp,CTXsp,87,left,0
3472,3473,2,6309.04,6134.8,2788.2000000000007,0.40625,3472,703,CTXsp,CTXsp,87,left,0
3473,3474,2,6308.54,6138.62,2787.620000000001,0.32421875,3473,1105,IA,IA,87,left,0
3474,3475,2,6308.46,6140.7,2787.32,0.40625,3474,1105,IA,IA,87,left,0
3475,3476,2,6307.84,6143.28,2786.82,0.2421875,3475,1105,IA,IA,87,left,0
3476,3477,2,6306.9,6146.28,2786.5599999999995,0.32421875,3476,1105,IA,IA,87,left,0
3477,3478,2,6306.6,6149.72,2786.42,0.32421875,3477,1105,IA,IA,87,left,0
3478,3479,2,6306.0,6150.6,2786.32,0.32421875,3478,1105,IA,IA,87,left,0
3479,3480,2,6306.14,6153.14,2785.9400000000005,0.40625,3479,1105,IA,IA,87,left,0
3480,3481,2,6306.4,6155.24,2785.4,0.19140625,3480,1105,IA,IA,87,left,0
3481,3482,2,6306.66,6157.78,2784.34,0.40625,3481,1105,IA,IA,87,left,0
3482,3483,2,6306.5,6160.3,2783.959999999999,0.00390625,3482,1105,IA,IA,87,left,0
3483,3484,2,6305.56,6161.46,2784.32,0.4609375,3483,1105,IA,IA,87,left,0
3484,3485,2,6305.6,6165.62,2784.1800000000003,0.32421875,3484,1105,IA,IA,87,left,0
3485,3486,2,6305.86,6167.6,2784.120000000001,0.2421875,3485,1105,IA,IA,87,left,0
3486,3487,2,6306.24,6170.04,2784.7000000000007,0.43359375,3486,1105,IA,IA,87,left,0
3487,3488,2,6306.72,6173.28,2785.0,0.1640625,3487,1105,IA,IA,87,left,0
3488,3489,2,6307.08,6177.76,2784.32,0.48828125,3488,1105,IA,IA,87,left,0
3489,3490,2,6306.4,6179.82,2783.6000000000004,0.40625,3489,1105,IA,IA,87,left,0
3490,3491,2,6305.6,6181.4,2782.6399999999994,0.40625,3490,1105,IA,IA,87,left,0
3491,3492,2,6305.66,6183.58,2780.5599999999995,0.4609375,3491,1105,IA,IA,87,left,0
3492,3493,2,6305.78,6185.12,2779.4,0.296875,3492,1105,IA,IA,87,left,0
3493,3494,2,6305.96,6186.14,2780.0,0.2421875,3493,1105,IA,IA,87,left,0
3494,3495,2,6306.22,6186.76,2782.1800000000003,0.48828125,3494,1105,IA,IA,87,left,0
3495,3496,2,6306.52,6187.34,2783.66,0.43359375,3495,1105,IA,IA,87,left,0
3496,3497,2,6307.98,6187.4,2785.540000000001,0.296875,3496,1105,IA,IA,87,left,0
3497,3498,2,6309.34,6186.72,2787.0599999999995,0.19140625,3497,1105,IA,IA,87,left,0
3498,3499,2,6311.22,6185.8,2787.459999999999,0.19140625,3498,1105,IA,IA,87,left,0
3499,3500,2,6313.6,6185.6,2787.6800000000003,0.00390625,3499,1105,IA,IA,87,left,0
3500,3501,2,6315.34,6187.28,2787.959999999999,0.19140625,3500,1105,IA,IA,87,left,0
3501,3502,2,6316.24,6188.98,2788.6800000000003,0.3515625,3501,1105,IA,IA,87,left,0
3502,3503,2,6316.98,6190.98,2789.5,0.26953125,3502,1105,IA,IA,87,left,0
3503,3504,2,6317.44,6193.42,2790.9400000000005,0.26953125,3503,1105,IA,IA,87,left,0
3504,3505,2,6317.68,6194.64,2791.959999999999,0.26953125,3504,1105,IA,IA,87,left,0
3505,3506,2,6317.94,6197.04,2792.92,0.40625,3505,1105,IA,IA,87,left,0
3506,3507,2,6317.52,6198.76,2793.4400000000005,0.4609375,3506,1105,IA,IA,87,left,0
3507,3508,2,6317.46,6201.56,2794.72,0.19140625,3507,1105,IA,IA,87,left,0
3508,3509,2,6316.46,6203.26,2795.58,0.21484375,3508,1105,IA,IA,87,left,0
3509,3510,2,6316.36,6205.46,2796.6399999999994,0.1640625,3509,1105,IA,IA,87,left,0
3510,3511,2,6316.72,6207.32,2798.040000000001,0.43359375,3510,1105,IA,IA,87,left,0
3511,3512,2,6317.6,6208.66,2799.4,0.1640625,3511,1105,IA,IA,87,left,0
3512,3513,2,6319.02,6209.22,2799.82,0.26953125,3512,1105,IA,IA,87,left,0
3513,3514,2,6319.6,6210.72,2801.2000000000007,0.0078125,3513,1105,IA,IA,87,left,0
3514,3515,2,6320.28,6212.92,2802.74,0.3515625,3514,1105,IA,IA,87,left,0
3515,3516,2,6321.46,6213.52,2804.0,0.37890625,3515,1105,IA,IA,87,left,0
3516,3517,2,6323.5,6214.0,2804.8600000000006,0.32421875,3516,1105,IA,IA,87,left,0
3517,3518,2,6324.8,6214.04,2807.0200000000004,0.43359375,3517,1105,IA,IA,87,left,0
3518,3519,2,6325.22,6214.3,2808.34,0.48828125,3518,1105,IA,IA,87,left,0
3519,3520,2,6326.66,6214.9,2809.1399999999994,0.40625,3519,1105,IA,IA,87,left,0
3520,3521,2,6300.18,6115.34,2852.2800000000007,0.0078125,3251,544,CEAc,CEA,88,left,0
3521,3522,2,6299.86,6116.08,2850.8600000000006,0.296875,3521,544,CEAc,CEA,88,left,0
3522,3523,2,6299.34,6117.42,2850.42,0.48828125,3522,544,CEAc,CEA,88,left,0
3523,3524,2,6299.74,6119.6,2850.16,0.21484375,3523,544,CEAc,CEA,88,left,0
3524,3525,2,6300.74,6121.5,2849.26,0.32421875,3524,544,CEAc,CEA,88,left,0
3525,3526,2,6302.48,6122.98,2848.7000000000007,0.32421875,3525,544,CEAc,CEA,88,left,0
3526,3527,2,6303.56,6124.84,2848.6399999999994,0.67578125,3526,544,CEAc,CEA,88,left,0
3527,3528,2,6304.52,6127.22,2849.5599999999995,0.00390625,3527,544,CEAc,CEA,88,left,0
3528,3529,2,6305.42,6130.56,2850.48,0.4609375,3528,544,CEAc,CEA,88,left,0
3529,3530,2,6306.22,6131.68,2850.74,0.8671875,3529,544,CEAc,CEA,88,left,0
3530,3531,2,6308.2,6131.38,2851.2800000000007,0.03515625,3530,544,CEAc,CEA,88,left,0
3531,3532,2,6308.86,6130.28,2852.76,0.1640625,3531,544,CEAc,CEA,88,left,0
3532,3533,2,6310.2,6129.64,2853.66,0.296875,3532,544,CEAc,CEA,88,left,1
3533,3534,2,6330.16,6074.14,2870.459999999999,0.32421875,3315,544,CEAc,CEA,89,left,0
3534,3535,2,6327.68,6074.48,2870.4400000000005,0.32421875,3534,544,CEAc,CEA,89,left,0
3535,3536,2,6326.26,6074.16,2871.0,0.48828125,3535,544,CEAc,CEA,89,left,0
3536,3537,2,6326.1,6073.06,2872.22,0.54296875,3536,544,CEAc,CEA,89,left,0
3537,3538,2,6324.42,6072.26,2873.9400000000005,0.01171875,3537,544,CEAc,CEA,89,left,0
3538,3539,2,6323.54,6071.0,2875.84,0.296875,3538,544,CEAc,CEA,89,left,0
3539,3540,2,6322.42,6070.98,2877.540000000001,0.2421875,3539,544,CEAc,CEA,89,left,0
3540,3541,2,6321.8,6071.38,2878.92,0.4609375,3540,544,CEAc,CEA,89,left,0
3541,3542,2,6320.3,6071.92,2879.5599999999995,0.1640625,3541,544,CEAc,CEA,89,left,0
3542,3543,2,6317.74,6072.24,2880.040000000001,0.26953125,3542,544,CEAc,CEA,89,left,0
3543,3544,2,6316.06,6072.8,2880.379999999999,0.2421875,3543,544,CEAc,CEA,89,left,0
3544,3545,2,6313.94,6073.26,2880.9,0.2421875,3544,544,CEAc,CEA,89,left,0
3545,3546,2,6312.68,6073.02,2881.32,0.296875,3545,544,CEAc,CEA,89,left,0
3546,3547,2,6310.6,6072.86,2882.120000000001,0.32421875,3546,544,CEAc,CEA,89,left,0
3547,3548,2,6309.84,6072.88,2882.76,0.32421875,3547,544,CEAc,CEA,89,left,0
3548,3549,2,6307.88,6072.6,2884.16,0.00390625,3548,544,CEAc,CEA,89,left,0
3549,3550,2,6306.14,6071.92,2884.42,0.26953125,3549,544,CEAc,CEA,89,left,0
3550,3551,2,6304.28,6071.56,2884.34,0.19140625,3550,544,CEAc,CEA,89,left,0
3551,3552,2,6302.72,6071.86,2884.16,0.296875,3551,544,CEAc,CEA,89,left,0
3552,3553,2,6299.76,6072.08,2884.1800000000003,0.32421875,3552,544,CEAc,CEA,89,left,0
3553,3554,2,6297.96,6071.74,2884.22,0.32421875,3553,544,CEAc,CEA,89,left,0
3554,3555,2,6296.42,6071.62,2884.0200000000004,0.1640625,3554,544,CEAc,CEA,89,left,0
3555,3556,2,6294.24,6071.7,2884.26,0.1640625,3555,544,CEAc,CEA,89,left,0
3556,3557,2,6292.42,6071.94,2884.58,0.296875,3556,544,CEAc,CEA,89,left,0
3557,3558,2,6290.38,6071.94,2884.72,0.015625,3557,544,CEAc,CEA,89,left,0
3558,3559,2,6288.34,6071.84,2884.24,0.40625,3558,544,CEAc,CEA,89,left,0
3559,3560,2,6287.28,6071.98,2883.58,0.4609375,3559,544,CEAc,CEA,89,left,0
3560,3561,2,6284.12,6072.18,2883.040000000001,0.32421875,3560,544,CEAc,CEA,89,left,0
3561,3562,2,6282.2,6072.38,2882.5599999999995,0.37890625,3561,544,CEAc,CEA,89,left,0
3562,3563,2,6280.14,6072.42,2882.1800000000003,0.32421875,3562,544,CEAc,CEA,89,left,0
3563,3564,2,6278.62,6072.64,2882.2000000000007,0.26953125,3563,544,CEAc,CEA,89,left,0
3564,3565,2,6276.74,6072.8,2882.3600000000006,0.32421875,3564,544,CEAc,CEA,89,left,0
3565,3566,2,6274.68,6072.74,2882.6800000000003,0.32421875,3565,544,CEAc,CEA,89,left,0
3566,3567,2,6273.0,6072.72,2883.22,0.1640625,3566,544,CEAc,CEA,89,left,0
3567,3568,2,6271.02,6073.0,2883.5599999999995,0.1640625,3567,544,CEAc,CEA,89,left,0
3568,3569,2,6269.32,6073.12,2884.08,0.32421875,3568,544,CEAc,CEA,89,left,0
3569,3570,2,6266.78,6073.2,2884.16,0.1640625,3569,544,CEAc,CEA,89,left,0
3570,3571,2,6265.44,6073.98,2883.7800000000007,0.19140625,3570,544,CEAc,CEA,89,left,0
3571,3572,2,6264.64,6075.54,2883.9,0.4609375,3571,544,CEAc,CEA,89,left,0
3572,3573,2,6262.7,6076.64,2883.76,0.2421875,3572,544,CEAc,CEA,89,left,0
3573,3574,2,6260.58,6077.08,2883.459999999999,0.015625,3573,544,CEAc,CEA,89,left,0
3574,3575,2,6257.4,6076.74,2883.0,0.2421875,3574,544,CEAc,CEA,89,left,0
3575,3576,2,6255.4,6075.98,2883.08,0.21484375,3575,544,CEAc,CEA,89,left,0
3576,3577,2,6252.78,6074.88,2883.08,0.40625,3576,544,CEAc,CEA,89,left,0
3577,3578,2,6251.48,6073.76,2882.5200000000004,0.21484375,3577,544,CEAc,CEA,89,left,0
3578,3579,2,6249.14,6073.24,2882.74,0.37890625,3578,544,CEAc,CEA,89,left,0
3579,3580,2,6247.38,6073.5,2883.3600000000006,0.4609375,3579,544,CEAc,CEA,89,left,0
3580,3581,2,6246.28,6074.04,2883.7000000000007,0.26953125,3580,544,CEAc,CEA,89,left,0
3581,3582,2,6244.28,6074.82,2883.9,0.015625,3581,544,CEAc,CEA,89,left,0
3582,3583,2,6242.08,6075.98,2883.8,0.32421875,3582,544,CEAc,CEA,89,left,0
3583,3584,2,6240.5,6076.8,2883.4,0.3515625,3583,544,CEAc,CEA,89,left,0
3584,3585,2,6238.34,6078.12,2883.1800000000003,0.2421875,3584,544,CEAc,CEA,89,left,0
3585,3586,2,6236.92,6079.12,2883.3600000000006,0.296875,3585,544,CEAc,CEA,89,left,0
3586,3587,2,6234.98,6080.56,2883.6000000000004,0.21484375,3586,544,CEAc,CEA,89,left,0
3587,3588,2,6233.24,6080.88,2884.32,0.3515625,3587,544,CEAc,CEA,89,left,0
3588,3589,2,6231.42,6080.82,2884.6800000000003,0.01953125,3588,544,CEAc,CEA,89,left,0
3589,3590,2,6229.44,6080.94,2884.4,0.5703125,3589,544,CEAc,CEA,89,left,0
3590,3591,2,6228.28,6082.64,2884.7000000000007,0.37890625,3590,544,CEAc,CEA,89,left,0
3591,3592,2,6228.16,6084.64,2885.5599999999995,0.1640625,3591,544,CEAc,CEA,89,left,0
3592,3593,2,6227.16,6086.26,2885.92,0.8125,3592,544,CEAc,CEA,89,left,0
3593,3594,2,6226.84,6086.7,2887.1800000000003,0.54296875,3593,544,CEAc,CEA,89,left,0
3594,3595,2,6226.38,6088.2,2890.3,0.48828125,3594,544,CEAc,CEA,89,left,0
3595,3596,2,6225.94,6090.04,2891.66,0.2421875,3595,544,CEAc,CEA,89,left,0
3596,3597,2,6226.74,6092.2,2891.92,0.48828125,3596,544,CEAc,CEA,89,left,0
3597,3598,2,6226.38,6093.48,2892.9,0.1640625,3597,544,CEAc,CEA,89,left,0
3598,3599,2,6224.8,6093.58,2893.959999999999,0.00390625,3598,544,CEAc,CEA,89,left,0
3599,3600,2,6223.86,6093.38,2895.2800000000007,0.32421875,3599,544,CEAc,CEA,89,left,0
3600,3601,2,6222.28,6092.64,2896.16,0.32421875,3600,544,CEAc,CEA,89,left,0
3601,3602,2,6221.56,6092.3,2897.48,0.26953125,3601,544,CEAc,CEA,89,left,0
3602,3603,2,6220.34,6093.02,2898.16,0.3515625,3602,544,CEAc,CEA,89,left,0
3603,3604,2,6220.18,6094.62,2899.0,0.6484375,3603,544,CEAc,CEA,89,left,0
3604,3605,2,6218.86,6095.8,2899.66,0.1640625,3604,544,CEAc,CEA,89,left,0
3605,3606,2,6216.66,6096.7,2900.5599999999995,0.48828125,3605,544,CEAc,CEA,89,left,0
3606,3607,2,6215.16,6096.94,2901.24,0.1640625,3606,544,CEAc,CEA,89,left,0
3607,3608,2,6212.36,6096.58,2901.6399999999994,0.48828125,3607,544,CEAc,CEA,89,left,0
3608,3609,2,6210.7,6096.3,2902.08,0.32421875,3608,544,CEAc,CEA,89,left,0
3609,3610,2,6210.18,6096.28,2902.22,0.02734375,3609,544,CEAc,CEA,89,left,1
3610,3611,2,6330.88,6071.96,2870.620000000001,0.0078125,3315,544,CEAc,CEA,90,left,0
3611,3612,2,6329.38,6070.02,2871.120000000001,0.3515625,3611,544,CEAc,CEA,90,left,0
3612,3613,2,6326.5,6068.26,2871.6800000000003,0.32421875,3612,544,CEAc,CEA,90,left,0
3613,3614,2,6324.68,6067.4,2871.879999999999,0.21484375,3613,544,CEAc,CEA,90,left,0
3614,3615,2,6322.72,6068.84,2871.879999999999,0.48828125,3614,544,CEAc,CEA,90,left,0
3615,3616,2,6320.86,6070.18,2872.459999999999,0.2421875,3615,544,CEAc,CEA,90,left,0
3616,3617,2,6319.68,6071.68,2872.84,0.32421875,3616,544,CEAc,CEA,90,left,0
3617,3618,2,6318.98,6073.2,2872.82,0.37890625,3617,544,CEAc,CEA,90,left,0
3618,3619,2,6319.38,6074.2,2872.9400000000005,0.01171875,3618,544,CEAc,CEA,90,left,0
3619,3620,2,6317.96,6075.48,2873.3,0.43359375,3619,544,CEAc,CEA,90,left,0
3620,3621,2,6316.18,6077.32,2873.4400000000005,0.3515625,3620,544,CEAc,CEA,90,left,0
3621,3622,2,6314.66,6078.3,2873.5200000000004,0.26953125,3621,544,CEAc,CEA,90,left,0
3622,3623,2,6313.12,6080.4,2873.3,0.296875,3622,544,CEAc,CEA,90,left,0
3623,3624,2,6312.14,6082.12,2873.26,0.2421875,3623,544,CEAc,CEA,90,left,0
3624,3625,2,6309.88,6083.16,2873.26,0.32421875,3624,544,CEAc,CEA,90,left,0
3625,3626,2,6307.58,6083.68,2873.3,0.1640625,3625,544,CEAc,CEA,90,left,0
3626,3627,2,6306.32,6083.96,2873.66,0.40625,3626,544,CEAc,CEA,90,left,0
3627,3628,2,6305.46,6084.42,2874.98,0.00390625,3627,544,CEAc,CEA,90,left,0
3628,3629,2,6305.72,6086.58,2876.5599999999995,0.43359375,3628,544,CEAc,CEA,90,left,0
3629,3630,2,6305.96,6088.54,2877.42,0.48828125,3629,544,CEAc,CEA,90,left,0
3630,3631,2,6305.32,6089.44,2878.34,0.26953125,3630,544,CEAc,CEA,90,left,0
3631,3632,2,6304.78,6090.5,2879.879999999999,0.37890625,3631,544,CEAc,CEA,90,left,0
3632,3633,2,6303.66,6091.86,2879.6000000000004,0.0078125,3632,544,CEAc,CEA,90,left,0
3633,3634,2,6303.38,6094.02,2877.959999999999,0.26953125,3633,544,CEAc,CEA,90,left,0
3634,3635,2,6302.44,6094.66,2876.8600000000006,0.40625,3634,544,CEAc,CEA,90,left,0
3635,3636,2,6300.66,6095.26,2876.16,0.37890625,3635,544,CEAc,CEA,90,left,0
3636,3637,2,6298.66,6095.26,2875.7000000000007,0.3515625,3636,544,CEAc,CEA,90,left,0
3637,3638,2,6297.04,6093.3,2875.9,0.00390625,3637,544,CEAc,CEA,90,left,0
3638,3639,2,6297.76,6091.12,2877.22,0.26953125,3638,544,CEAc,CEA,90,left,0
3639,3640,2,6298.96,6090.22,2878.98,0.32421875,3639,544,CEAc,CEA,90,left,0
3640,3641,2,6299.52,6089.1,2879.7800000000007,0.2421875,3640,544,CEAc,CEA,90,left,0
3641,3642,2,6299.84,6088.58,2880.040000000001,0.015625,3641,544,CEAc,CEA,90,left,1
3642,3643,2,6521.66,5959.82,2847.08,0.5703125,3347,544,CEAc,CEA,91,left,0
3643,3644,2,6523.18,5962.7,2847.0200000000004,0.2421875,3347,544,CEAc,CEA,92,left,0
3644,3645,2,6525.3,5963.24,2847.120000000001,0.32421875,3644,544,CEAc,CEA,92,left,0
3645,3646,2,6527.26,5963.32,2846.379999999999,0.32421875,3645,544,CEAc,CEA,92,left,0
3646,3647,2,6528.88,5961.54,2845.7000000000007,0.1640625,3646,544,CEAc,CEA,92,left,0
3647,3648,2,6530.58,5960.8,2845.4,0.32421875,3647,544,CEAc,CEA,92,left,0
3648,3649,2,6513.2,6002.24,2838.5,0.43359375,3352,544,CEAc,CEA,93,left,0
3649,3650,2,6514.2,6000.92,2838.040000000001,0.19140625,3649,544,CEAc,CEA,93,left,0
3650,3651,2,6514.54,5998.18,2837.76,0.3515625,3650,544,CEAc,CEA,93,left,0
3651,3652,2,6515.28,5996.3,2837.7800000000007,0.296875,3651,544,CEAc,CEA,93,left,0
3652,3653,2,6517.08,5996.2,2837.7800000000007,0.6484375,3652,544,CEAc,CEA,93,left,0
3653,3654,2,6518.6,5996.86,2837.6800000000003,0.8671875,3653,544,CEAc,CEA,93,left,0
3654,3655,2,6518.9,5998.44,2837.459999999999,0.32421875,3654,544,CEAc,CEA,93,left,0
3655,3656,2,6519.1,6000.2,2837.2000000000007,0.00390625,3655,544,CEAc,CEA,93,left,0
3656,3657,2,6520.9,6000.46,2837.4400000000005,0.296875,3656,544,CEAc,CEA,93,left,0
3657,3658,2,6521.54,6001.18,2838.2000000000007,0.54296875,3657,544,CEAc,CEA,93,left,0
3658,3659,2,6524.04,6001.72,2839.1399999999994,0.01171875,3658,544,CEAc,CEA,93,left,0
3659,3660,2,6526.18,6001.12,2840.0599999999995,0.1640625,3659,544,CEAc,CEA,93,left,0
3660,3661,2,6529.0,6000.44,2840.6800000000003,0.32421875,3660,544,CEAc,CEA,93,left,1
3661,3662,2,6513.4,6005.98,2838.8600000000006,0.00390625,3352,544,CEAc,CEA,94,left,0
3662,3663,2,6512.78,6007.56,2838.3,0.48828125,3662,544,CEAc,CEA,94,left,0
3663,3664,2,6512.78,6009.72,2838.16,0.40625,3663,544,CEAc,CEA,94,left,0
3664,3665,2,6512.94,6011.04,2838.0599999999995,0.0078125,3664,544,CEAc,CEA,94,left,0
3665,3666,2,6646.72,5897.08,2733.2800000000007,0.4609375,3353,303,BLAa,BLA,95,left,0
3666,3667,2,6644.14,5897.54,2736.34,0.00390625,3353,303,BLAa,BLA,96,left,0
3667,3668,2,6641.98,5897.64,2737.540000000001,0.48828125,3667,303,BLAa,BLA,96,left,0
3668,3669,2,6640.7,5898.8,2738.040000000001,0.296875,3668,303,BLAa,BLA,96,left,0
3669,3670,2,6639.2,5899.88,2739.22,0.48828125,3669,303,BLAa,BLA,96,left,0
3670,3671,2,6638.36,5900.3,2740.32,0.40625,3670,303,BLAa,BLA,96,left,0
3671,3672,2,6636.92,5901.04,2741.2800000000007,0.015625,3671,303,BLAa,BLA,96,left,0
3672,3673,2,6636.26,5902.82,2743.2000000000007,0.1640625,3672,303,BLAa,BLA,96,left,0
3673,3674,2,6635.2,5904.38,2744.08,0.43359375,3673,303,BLAa,BLA,96,left,0
3674,3675,2,6634.96,5903.28,2745.98,0.01171875,3674,303,BLAa,BLA,96,left,0
3675,3676,2,6635.2,5902.52,2748.98,0.32421875,3675,303,BLAa,BLA,96,left,0
3676,3677,2,6635.3,5902.58,2749.9400000000005,0.32421875,3676,303,BLAa,BLA,96,left,0
3677,3678,2,6635.44,5902.14,2751.72,0.32421875,3677,303,BLAa,BLA,96,left,0
3678,3679,2,6635.36,5899.6,2753.8600000000006,0.54296875,3678,303,BLAa,BLA,96,left,0
3679,3680,2,6635.12,5897.72,2754.6399999999994,0.32421875,3679,303,BLAa,BLA,96,left,0
3680,3681,2,6634.22,5896.86,2755.58,0.54296875,3680,303,BLAa,BLA,96,left,0
3681,3682,2,6634.34,5897.28,2757.24,0.32421875,3681,303,BLAa,BLA,96,left,0
3682,3683,2,6634.32,5899.48,2757.379999999999,0.32421875,3682,303,BLAa,BLA,96,left,0
3683,3684,2,6633.08,5900.3,2757.42,0.1640625,3683,303,BLAa,BLA,96,left,1
3684,3685,2,6329.3,6215.42,2809.5,0.00390625,3520,1105,IA,IA,97,left,0
3685,3686,2,6331.92,6214.84,2809.379999999999,0.1640625,3685,1105,IA,IA,97,left,0
3686,3687,2,6333.6,6214.56,2809.879999999999,0.32421875,3686,1105,IA,IA,97,left,0
3687,3688,2,6334.6,6214.58,2810.82,0.32421875,3687,1105,IA,IA,97,left,0
3688,3689,2,6337.02,6214.32,2812.3600000000006,0.4609375,3688,1105,IA,IA,97,left,0
3689,3690,2,6338.12,6214.02,2813.82,0.19140625,3689,1105,IA,IA,97,left,0
3690,3691,2,6339.7,6213.56,2815.0200000000004,0.3515625,3690,1105,IA,IA,97,left,0
3691,3692,2,6341.3,6212.58,2815.0599999999995,0.43359375,3691,1105,IA,IA,97,left,0
3692,3693,2,6342.68,6211.32,2814.72,0.26953125,3692,1105,IA,IA,97,left,0
3693,3694,2,6344.22,6210.2,2814.5,0.19140625,3693,1105,IA,IA,97,left,0
3694,3695,2,6345.9,6209.4,2814.2800000000007,0.37890625,3694,1105,IA,IA,97,left,0
3695,3696,2,6348.44,6208.24,2814.1800000000003,0.19140625,3695,1105,IA,IA,97,left,0
3696,3697,2,6349.84,6207.06,2813.72,0.32421875,3696,1105,IA,IA,97,left,0
3697,3698,2,6350.68,6205.94,2813.16,0.32421875,3697,1105,IA,IA,97,left,0
3698,3699,2,6352.24,6205.8,2812.82,0.0234375,3698,1105,IA,IA,97,left,0
3699,3700,2,6353.76,6205.36,2812.48,0.19140625,3699,1105,IA,IA,97,left,0
3700,3701,2,6355.6,6204.5,2811.9400000000005,0.21484375,3700,1105,IA,IA,97,left,0
3701,3702,2,6356.16,6203.16,2810.76,0.296875,3701,1105,IA,IA,97,left,0
3702,3703,2,6357.42,6202.2,2809.66,0.296875,3702,1105,IA,IA,97,left,0
3703,3704,2,6328.64,6216.7,2810.98,0.48828125,3520,1105,IA,IA,98,left,0
3704,3705,2,6523.22,5957.74,2847.459999999999,0.0078125,3643,544,CEAc,CEA,99,left,0
3705,3706,2,6524.78,5956.18,2847.22,0.32421875,3705,544,CEAc,CEA,99,left,0
3706,3707,2,6525.86,5954.64,2846.6000000000004,0.1640625,3706,544,CEAc,CEA,99,left,0
3707,3708,2,6526.78,5953.06,2845.120000000001,0.3515625,3707,544,CEAc,CEA,99,left,0
3708,3709,2,6527.78,5952.6,2844.2800000000007,0.32421875,3708,544,CEAc,CEA,99,left,0
3709,3710,2,6526.96,5953.14,2843.1000000000004,0.01171875,3709,544,CEAc,CEA,99,left,0
3710,3711,2,6527.58,5955.0,2841.82,0.48828125,3710,544,CEAc,CEA,99,left,0
3711,3712,2,6528.98,5956.08,2841.2000000000007,0.40625,3711,544,CEAc,CEA,99,left,0
3712,3713,2,6529.96,5958.76,2840.5,0.37890625,3712,544,CEAc,CEA,99,left,0
3713,3714,2,6530.84,5961.16,2840.2000000000007,0.6484375,3713,544,CEAc,CEA,99,left,0
3714,3715,2,6532.26,5963.38,2839.6399999999994,0.296875,3714,544,CEAc,CEA,99,left,0
3715,3716,2,6534.64,5963.9,2839.48,0.2421875,3715,544,CEAc,CEA,99,left,0
3716,3717,2,6536.16,5963.58,2839.48,0.296875,3716,544,CEAc,CEA,99,left,0
3717,3718,2,6536.92,5961.1,2839.040000000001,0.00390625,3717,544,CEAc,CEA,99,left,0
3718,3719,2,6537.04,5958.34,2839.379999999999,0.32421875,3718,544,CEAc,CEA,99,left,1
3719,3720,2,6518.58,5958.42,2846.58,0.00390625,3643,544,CEAc,CEA,100,left,0
3720,3721,2,6518.06,5958.28,2845.82,0.4609375,3720,544,CEAc,CEA,100,left,0
3721,3722,2,6518.22,5960.6,2844.8,0.40625,3721,544,CEAc,CEA,100,left,0
3722,3723,2,6518.42,5963.52,2843.34,0.3515625,3722,544,CEAc,CEA,100,left,0
3723,3724,2,6518.6,5965.74,2842.58,0.43359375,3723,544,CEAc,CEA,100,left,0
3724,3725,2,6518.84,5968.14,2841.22,0.3515625,3724,544,CEAc,CEA,100,left,0
3725,3726,2,6519.56,5968.44,2840.8,0.32421875,3725,544,CEAc,CEA,100,left,0
3726,3727,2,6518.16,5970.12,2839.0,0.703125,3726,544,CEAc,CEA,100,left,0
3727,3728,2,6517.88,5972.8,2837.7800000000007,0.296875,3727,544,CEAc,CEA,100,left,0
3728,3729,2,6517.74,5975.06,2836.3,0.32421875,3728,544,CEAc,CEA,100,left,0
3729,3730,2,6517.02,5977.02,2835.1800000000003,0.48828125,3729,544,CEAc,CEA,100,left,0
3730,3731,2,6516.22,5979.04,2834.72,0.48828125,3730,544,CEAc,CEA,100,left,0
3731,3732,2,6516.44,5981.48,2834.6000000000004,0.62109375,3731,544,CEAc,CEA,100,left,0
3732,3733,2,6515.48,5984.28,2834.82,0.4609375,3732,544,CEAc,CEA,100,left,0
3733,3734,2,6514.74,5986.8,2834.379999999999,0.19140625,3733,544,CEAc,CEA,100,left,0
3734,3735,2,6513.68,5987.94,2834.1000000000004,0.296875,3734,544,CEAc,CEA,100,left,0
3735,3736,2,6512.72,5990.42,2833.74,0.32421875,3735,544,CEAc,CEA,100,left,0
3736,3737,2,6511.58,5993.78,2833.26,0.32421875,3736,544,CEAc,CEA,100,left,0
3737,3738,2,6510.76,5996.2,2832.879999999999,0.32421875,3737,544,CEAc,CEA,100,left,0
3738,3739,2,6509.74,5998.1,2832.459999999999,0.48828125,3738,544,CEAc,CEA,100,left,0
3739,3740,2,6508.0,6000.36,2832.1399999999994,0.21484375,3739,544,CEAc,CEA,100,left,0
3740,3741,2,6507.82,6003.04,2832.42,0.54296875,3740,544,CEAc,CEA,100,left,0
3741,3742,2,6506.98,6006.24,2831.98,0.296875,3741,544,CEAc,CEA,100,left,0
3742,3743,2,6506.38,6009.36,2831.5200000000004,0.40625,3742,544,CEAc,CEA,100,left,0
3743,3744,2,6504.54,6011.12,2831.6399999999994,0.48828125,3743,544,CEAc,CEA,100,left,0
3744,3745,2,6502.72,6012.66,2831.8,0.59765625,3744,544,CEAc,CEA,100,left,0
3745,3746,2,6502.06,6014.28,2831.6000000000004,0.37890625,3745,544,CEAc,CEA,100,left,0
3746,3747,2,6500.72,6017.04,2832.1000000000004,0.296875,3746,544,CEAc,CEA,100,left,0
3747,3748,2,6498.88,6019.14,2832.76,0.26953125,3747,544,CEAc,CEA,100,left,0
3748,3749,2,6497.54,6021.12,2832.5599999999995,0.40625,3748,544,CEAc,CEA,100,left,0
3749,3750,2,6496.14,6024.26,2831.84,0.1640625,3749,544,CEAc,CEA,100,left,0
3750,3751,2,6495.44,6025.96,2831.58,0.26953125,3750,544,CEAc,CEA,100,left,0
3751,3752,2,6493.86,6027.98,2831.8600000000006,0.19140625,3751,544,CEAc,CEA,100,left,0
3752,3753,2,6491.88,6029.32,2832.32,0.1640625,3752,544,CEAc,CEA,100,left,0
3753,3754,2,6491.42,6032.26,2832.42,0.00390625,3753,544,CEAc,CEA,100,left,0
3754,3755,2,6489.28,6034.3,2831.6800000000003,0.48828125,3754,544,CEAc,CEA,100,left,0
3755,3756,2,6488.44,6035.0,2831.1399999999994,0.1640625,3755,544,CEAc,CEA,100,left,0
3756,3757,2,6488.3,6036.8,2831.5,0.2421875,3756,544,CEAc,CEA,100,left,0
3757,3758,2,6488.7,6039.66,2831.7000000000007,0.296875,3757,544,CEAc,CEA,100,left,0
3758,3759,2,6488.3,6041.42,2831.0200000000004,0.19140625,3758,544,CEAc,CEA,100,left,0
3759,3760,2,6486.92,6042.74,2830.5,0.26953125,3759,544,CEAc,CEA,100,left,0
3760,3761,2,6484.84,6043.72,2830.1399999999994,0.3515625,3760,544,CEAc,CEA,100,left,0
3761,3762,2,6483.38,6044.6,2830.0200000000004,0.48828125,3761,544,CEAc,CEA,100,left,0
3762,3763,2,6481.96,6047.1,2829.6800000000003,0.4609375,3762,544,CEAc,CEA,100,left,0
3763,3764,2,6481.24,6048.5,2829.48,0.21484375,3763,544,CEAc,CEA,100,left,0
3764,3765,2,6479.88,6052.12,2830.34,0.1640625,3764,544,CEAc,CEA,100,left,0
3765,3766,2,6479.54,6053.78,2830.4400000000005,0.62109375,3765,544,CEAc,CEA,100,left,0
3766,3767,2,6479.88,6056.6,2830.1000000000004,0.921875,3766,477,STR,STR,100,left,0
3767,3768,2,6479.78,6058.9,2830.1000000000004,0.00390625,3767,477,STR,STR,100,left,0
3768,3769,2,6477.54,6060.26,2829.82,0.1640625,3768,477,STR,STR,100,left,0
3769,3770,2,6475.9,6061.24,2829.040000000001,0.1640625,3769,477,STR,STR,100,left,0
3770,3771,2,6474.02,6063.18,2828.34,0.3515625,3770,544,CEAc,CEA,100,left,0
3771,3772,2,6473.22,6065.28,2827.74,0.26953125,3771,477,STR,STR,100,left,0
3772,3773,2,6472.42,6066.68,2827.34,0.515625,3772,477,STR,STR,100,left,0
3773,3774,2,6471.26,6068.58,2826.82,0.0078125,3773,477,STR,STR,100,left,0
3774,3775,2,6468.88,6071.3,2825.1399999999994,0.32421875,3774,477,STR,STR,100,left,0
3775,3776,2,6467.22,6071.9,2823.82,0.296875,3775,477,STR,STR,100,left,0
3776,3777,2,6465.86,6071.76,2821.6800000000003,0.2421875,3776,477,STR,STR,100,left,0
3777,3778,2,6465.6,6070.76,2820.42,0.40625,3777,477,STR,STR,100,left,0
3778,3779,2,6464.28,6069.48,2819.82,0.2421875,3778,477,STR,STR,100,left,0
3779,3780,2,6463.28,6069.74,2819.22,0.2421875,3779,477,STR,STR,100,left,0
3780,3781,2,6461.14,6069.36,2817.959999999999,0.296875,3780,477,STR,STR,100,left,0
3781,3782,2,6532.28,5959.44,2845.1399999999994,0.00390625,3648,544,CEAc,CEA,101,left,0
3782,3783,2,6534.1,5958.92,2843.879999999999,0.26953125,3782,544,CEAc,CEA,101,left,0
3783,3784,2,6535.12,5958.04,2843.0,0.40625,3783,544,CEAc,CEA,101,left,0
3784,3785,2,6535.56,5956.5,2841.7800000000007,0.26953125,3784,544,CEAc,CEA,101,left,0
3785,3786,2,6536.26,5953.78,2839.92,0.4609375,3785,544,CEAc,CEA,101,left,0
3786,3787,2,6537.38,5952.4,2838.959999999999,0.296875,3786,544,CEAc,CEA,101,left,0
3787,3788,2,6538.84,5950.96,2838.32,0.3515625,3787,544,CEAc,CEA,101,left,0
3788,3789,2,6538.98,5948.92,2837.120000000001,0.21484375,3788,544,CEAc,CEA,101,left,0
3789,3790,2,6539.74,5947.68,2836.379999999999,0.48828125,3789,544,CEAc,CEA,101,left,0
3790,3791,2,6541.2,5945.4,2834.879999999999,0.26953125,3790,544,CEAc,CEA,101,left,0
3791,3792,2,6542.1,5943.84,2833.5200000000004,0.26953125,3791,544,CEAc,CEA,101,left,0
3792,3793,2,6542.4,5941.86,2832.32,0.32421875,3792,544,CEAc,CEA,101,left,0
3793,3794,2,6543.34,5940.12,2831.620000000001,0.21484375,3793,544,CEAc,CEA,101,left,0
3794,3795,2,6543.34,5938.02,2830.42,0.32421875,3794,544,CEAc,CEA,101,left,0
3795,3796,2,6542.92,5934.46,2830.5599999999995,0.37890625,3795,544,CEAc,CEA,101,left,0
3796,3797,2,6542.6,5931.94,2830.58,0.54296875,3796,544,CEAc,CEA,101,left,0
3797,3798,2,6542.54,5929.26,2831.0,0.2421875,3797,544,CEAc,CEA,101,left,0
3798,3799,2,6543.62,5928.36,2831.0599999999995,0.1640625,3798,544,CEAc,CEA,101,left,0
3799,3800,2,6544.2,5927.4,2830.24,0.19140625,3799,544,CEAc,CEA,101,left,0
3800,3801,2,6544.04,5925.1,2829.8600000000006,0.62109375,3800,544,CEAc,CEA,101,left,0
3801,3802,2,6544.66,5923.14,2829.7800000000007,0.21484375,3801,544,CEAc,CEA,101,left,0
3802,3803,2,6545.28,5920.84,2829.1399999999994,0.3515625,3802,544,CEAc,CEA,101,left,0
3803,3804,2,6545.76,5918.24,2827.98,0.2421875,3803,544,CEAc,CEA,101,left,0
3804,3805,2,6546.66,5916.58,2827.5200000000004,0.19140625,3804,544,CEAc,CEA,101,left,0
3805,3806,2,6546.96,5915.04,2827.0,0.00390625,3805,544,CEAc,CEA,101,left,0
3806,3807,2,6548.78,5912.78,2826.879999999999,0.43359375,3806,544,CEAc,CEA,101,left,0
3807,3808,2,6550.26,5911.46,2826.5200000000004,0.32421875,3807,544,CEAc,CEA,101,left,0
3808,3809,2,6550.26,5909.68,2825.76,0.5703125,3808,544,CEAc,CEA,101,left,0
3809,3810,2,6549.94,5907.44,2825.34,0.32421875,3809,544,CEAc,CEA,101,left,0
3810,3811,2,6549.5,5903.84,2825.4400000000005,0.6484375,3810,544,CEAc,CEA,101,left,0
3811,3812,2,6549.26,5902.2,2825.1399999999994,0.40625,3811,544,CEAc,CEA,101,left,0
3812,3813,2,6548.14,5891.96,2826.2800000000007,0.40625,3812,544,CEAc,CEA,101,left,0
3813,3814,2,6547.62,5888.9,2826.5,0.2421875,3813,544,CEAc,CEA,101,left,0
3814,3815,2,6546.72,5886.9,2826.76,0.32421875,3814,544,CEAc,CEA,101,left,0
3815,3816,2,6546.22,5884.58,2826.08,0.3515625,3815,544,CEAc,CEA,101,left,0
3816,3817,2,6546.58,5883.28,2825.16,0.26953125,3816,544,CEAc,CEA,101,left,0
3817,3818,2,6546.72,5881.2,2825.2000000000007,0.32421875,3817,544,CEAc,CEA,101,left,0
3818,3819,2,6546.06,5878.5,2825.6399999999994,0.3515625,3818,544,CEAc,CEA,101,left,0
3819,3820,2,6544.58,5878.26,2825.6800000000003,0.32421875,3819,544,CEAc,CEA,101,left,0
3820,3821,2,6531.64,5961.36,2844.7800000000007,0.01171875,3648,544,CEAc,CEA,102,left,0
3821,3822,2,6534.14,5961.74,2844.5200000000004,0.2421875,3821,544,CEAc,CEA,102,left,0
3822,3823,2,6535.22,5965.7,2843.9400000000005,0.40625,3822,544,CEAc,CEA,102,left,0
3823,3824,2,6536.2,5967.94,2843.9,0.32421875,3823,544,CEAc,CEA,102,left,0
3824,3825,2,6537.72,5970.74,2844.5599999999995,0.296875,3824,544,CEAc,CEA,102,left,0
3825,3826,2,6538.46,5974.52,2843.8600000000006,0.5703125,3825,544,CEAc,CEA,102,left,0
3826,3827,2,6538.76,5976.9,2843.74,0.62109375,3826,544,CEAc,CEA,102,left,0
3827,3828,2,6539.26,5980.94,2843.76,0.40625,3827,544,CEAc,CEA,102,left,0
3828,3829,2,6539.34,5981.98,2843.22,0.296875,3828,544,CEAc,CEA,102,left,0
3829,3830,2,6541.68,5984.16,2842.22,0.00390625,3829,544,CEAc,CEA,102,left,0
3830,3831,2,6544.2,5986.54,2841.5,0.48828125,3830,544,CEAc,CEA,102,left,0
3831,3832,2,6545.86,5988.64,2841.5200000000004,0.296875,3831,544,CEAc,CEA,102,left,0
3832,3833,2,6547.16,5990.08,2840.459999999999,0.32421875,3832,544,CEAc,CEA,102,left,0
3833,3834,2,6548.7,5989.8,2839.1800000000003,0.4609375,3833,544,CEAc,CEA,102,left,0
3834,3835,2,6550.04,5989.08,2838.540000000001,0.32421875,3834,544,CEAc,CEA,102,left,0
3835,3836,2,6551.58,5988.52,2838.16,0.37890625,3835,544,CEAc,CEA,102,left,0
3836,3837,2,6553.82,5988.36,2837.959999999999,0.37890625,3836,544,CEAc,CEA,102,left,0
3837,3838,2,6554.74,5988.3,2837.58,0.32421875,3837,544,CEAc,CEA,102,left,0
3838,3839,2,6556.82,5991.0,2836.4,0.00390625,3838,544,CEAc,CEA,102,left,0
3839,3840,2,6557.52,5992.24,2835.3,0.2421875,3839,544,CEAc,CEA,102,left,0
3840,3841,2,6558.48,5992.26,2834.1399999999994,0.296875,3840,559,CEAm,CEA,102,left,0
3841,3842,2,6559.56,5992.5,2832.379999999999,0.32421875,3841,559,CEAm,CEA,102,left,0
3842,3843,2,6560.96,5992.24,2831.379999999999,0.2421875,3842,559,CEAm,CEA,102,left,0
3843,3844,2,6563.18,5991.52,2830.8,0.43359375,3843,559,CEAm,CEA,102,left,0
3844,3845,2,6564.2,5990.42,2830.58,0.1640625,3844,559,CEAm,CEA,102,left,0
3845,3846,2,6566.42,5988.52,2830.8,0.37890625,3845,559,CEAm,CEA,102,left,0
3846,3847,2,6568.16,5986.46,2831.040000000001,0.2421875,3846,559,CEAm,CEA,102,left,0
3847,3848,2,6569.06,5985.26,2830.8600000000006,0.26953125,3847,559,CEAm,CEA,102,left,0
3848,3849,2,6570.58,5985.24,2829.66,0.43359375,3848,559,CEAm,CEA,102,left,0
3849,3850,2,6512.0,6013.54,2837.959999999999,0.37890625,3665,544,CEAc,CEA,103,left,0
3850,3851,2,6509.8,6015.08,2837.92,0.32421875,3850,544,CEAc,CEA,103,left,0
3851,3852,2,6507.32,6014.48,2838.1800000000003,0.40625,3851,544,CEAc,CEA,103,left,0
3852,3853,2,6505.86,6013.48,2838.74,0.1640625,3852,544,CEAc,CEA,103,left,0
3853,3854,2,6503.86,6010.64,2839.6800000000003,0.00390625,3853,544,CEAc,CEA,103,left,0
3854,3855,2,6502.98,6007.5,2841.1800000000003,0.32421875,3854,544,CEAc,CEA,103,left,0
3855,3856,2,6501.88,6005.94,2842.0599999999995,0.32421875,3855,544,CEAc,CEA,103,left,0
3856,3857,2,6500.66,6004.94,2842.0200000000004,0.48828125,3856,544,CEAc,CEA,103,left,0
3857,3858,2,6500.04,6002.2,2840.459999999999,0.40625,3857,544,CEAc,CEA,103,left,0
3858,3859,2,6499.42,6000.4,2839.3600000000006,0.37890625,3858,544,CEAc,CEA,103,left,0
3859,3860,2,6498.44,5998.84,2838.4400000000005,0.296875,3859,544,CEAc,CEA,103,left,0
3860,3861,2,6498.32,5996.62,2837.120000000001,0.32421875,3860,544,CEAc,CEA,103,left,0
3861,3862,2,6498.68,5995.2,2836.48,0.48828125,3861,544,CEAc,CEA,103,left,0
3862,3863,2,6497.68,5991.98,2836.6800000000003,0.00390625,3862,544,CEAc,CEA,103,left,0
3863,3864,2,6496.8,5987.96,2837.42,0.4609375,3863,544,CEAc,CEA,103,left,0
3864,3865,2,6496.58,5985.32,2838.42,0.37890625,3864,544,CEAc,CEA,103,left,0
3865,3866,2,6496.1,5981.62,2839.120000000001,0.19140625,3865,544,CEAc,CEA,103,left,0
3866,3867,2,6495.36,5980.46,2839.72,0.43359375,3866,544,CEAc,CEA,103,left,0
3867,3868,2,6494.26,5973.16,2841.2800000000007,0.6484375,3867,544,CEAc,CEA,103,left,0
3868,3869,2,6494.1,5971.72,2841.5,0.43359375,3868,544,CEAc,CEA,103,left,0
3869,3870,2,6492.52,5969.92,2841.66,0.00390625,3869,544,CEAc,CEA,103,left,1
3870,3871,2,6515.52,6013.12,2837.84,0.40625,3665,544,CEAc,CEA,104,left,0
3871,3872,2,6518.52,6014.94,2837.1399999999994,0.2421875,3871,544,CEAc,CEA,104,left,0
3872,3873,2,6519.72,6016.8,2836.0599999999995,0.515625,3872,544,CEAc,CEA,104,left,0
3873,3874,2,6520.12,6019.6,2835.24,0.0078125,3873,544,CEAc,CEA,104,left,0
3874,3875,2,6519.64,6021.66,2835.32,0.3515625,3874,544,CEAc,CEA,104,left,0
3875,3876,2,6519.88,6024.52,2835.42,0.19140625,3875,544,CEAc,CEA,104,left,0
3876,3877,2,6520.1,6027.06,2834.22,0.4609375,3876,477,STR,STR,104,left,0
3877,3878,2,6520.42,6030.38,2833.0200000000004,0.40625,3877,477,STR,STR,104,left,0
3878,3879,2,6520.6,6031.78,2833.0200000000004,0.2421875,3878,477,STR,STR,104,left,1
3879,3880,2,6646.86,5894.36,2734.3,0.00390625,3666,303,BLAa,BLA,105,left,0
3880,3881,2,6646.8,5892.3,2736.459999999999,0.1640625,3880,303,BLAa,BLA,105,left,0
3881,3882,2,6646.42,5892.14,2737.4400000000005,0.40625,3881,303,BLAa,BLA,105,left,0
3882,3883,2,6646.1,5892.32,2739.879999999999,0.43359375,3882,303,BLAa,BLA,105,left,0
3883,3884,2,6646.32,5892.7,2741.32,0.5703125,3883,303,BLAa,BLA,105,left,0
3884,3885,2,6646.64,5893.86,2742.8,0.26953125,3884,303,BLAa,BLA,105,left,0
3885,3886,2,6646.34,5894.56,2744.24,0.32421875,3885,303,BLAa,BLA,105,left,0
3886,3887,2,6645.06,5894.66,2744.2800000000007,0.32421875,3886,303,BLAa,BLA,105,left,1
3887,3888,2,6647.0,5895.86,2730.92,0.0078125,3666,303,BLAa,BLA,106,left,0
3888,3889,2,6647.44,5894.88,2729.6800000000003,0.37890625,3888,303,BLAa,BLA,106,left,0
3889,3890,2,6648.4,5893.48,2728.3,0.43359375,3889,303,BLAa,BLA,106,left,0
3890,3891,2,6649.6,5892.12,2727.540000000001,0.2421875,3890,303,BLAa,BLA,106,left,0
3891,3892,2,6650.04,5889.86,2726.08,0.3515625,3891,303,BLAa,BLA,106,left,0
3892,3893,2,6650.44,5888.54,2724.959999999999,0.4609375,3892,303,BLAa,BLA,106,left,0
3893,3894,2,6650.24,5888.02,2722.5599999999995,0.43359375,3893,303,BLAa,BLA,106,left,0
3894,3895,2,6651.7,5887.84,2721.74,0.32421875,3894,303,BLAa,BLA,106,left,0
3895,3896,2,6653.74,5887.66,2721.26,0.19140625,3895,303,BLAa,BLA,106,left,0
3896,3897,2,6654.52,5887.34,2720.0200000000004,0.19140625,3896,303,BLAa,BLA,106,left,0
3897,3898,2,6655.68,5886.52,2719.0,0.19140625,3897,303,BLAa,BLA,106,left,0
3898,3899,2,6656.8,5885.68,2717.8600000000006,0.32421875,3898,303,BLAa,BLA,106,left,0
3899,3900,2,6657.92,5884.9,2717.1000000000004,0.32421875,3899,303,BLAa,BLA,106,left,0
3900,3901,2,6358.98,6202.52,2807.08,0.32421875,3703,1105,IA,IA,107,left,0
3901,3902,2,6359.8,6203.58,2805.1399999999994,0.26953125,3901,1105,IA,IA,107,left,0
3902,3903,2,6361.02,6204.3,2803.5200000000004,0.3515625,3902,1105,IA,IA,107,left,0
3903,3904,2,6362.46,6205.22,2801.959999999999,0.32421875,3903,1105,IA,IA,107,left,0
3904,3905,2,6364.18,6205.62,2801.540000000001,0.1640625,3904,1105,IA,IA,107,left,0
3905,3906,2,6366.46,6205.32,2801.540000000001,0.32421875,3905,1105,IA,IA,107,left,0
3906,3907,2,6368.84,6204.08,2801.84,0.32421875,3906,1105,IA,IA,107,left,0
3907,3908,2,6370.22,6202.26,2802.48,0.3515625,3907,1105,IA,IA,107,left,0
3908,3909,2,6371.84,6201.38,2803.4400000000005,0.32421875,3908,1105,IA,IA,107,left,0
3909,3910,2,6373.98,6200.7,2804.42,0.1640625,3909,1105,IA,IA,107,left,0
3910,3911,2,6375.34,6199.86,2804.98,0.296875,3910,1105,IA,IA,107,left,0
3911,3912,2,6377.3,6199.28,2805.74,0.26953125,3911,1105,IA,IA,107,left,0
3912,3913,2,6378.78,6198.68,2806.1399999999994,0.3515625,3912,1105,IA,IA,107,left,0
3913,3914,2,6380.54,6197.92,2806.5200000000004,0.19140625,3913,1105,IA,IA,107,left,0
3914,3915,2,6382.28,6197.66,2807.1399999999994,0.32421875,3914,1105,IA,IA,107,left,0
3915,3916,2,6384.86,6197.66,2807.6399999999994,0.21484375,3915,1105,IA,IA,107,left,0
3916,3917,2,6387.28,6197.68,2808.959999999999,0.40625,3916,1105,IA,IA,107,left,0
3917,3918,2,6389.6,6197.52,2811.1000000000004,0.19140625,3917,1105,IA,IA,107,left,0
3918,3919,2,6391.3,6196.96,2812.3600000000006,0.21484375,3918,1105,IA,IA,107,left,0
3919,3920,2,6392.6,6196.06,2814.42,0.00390625,3919,1105,IA,IA,107,left,0
3920,3921,2,6393.96,6195.92,2816.040000000001,0.296875,3920,1105,IA,IA,107,left,0
3921,3922,2,6396.02,6195.04,2817.1000000000004,0.3515625,3921,1105,IA,IA,107,left,0
3922,3923,2,6397.86,6194.04,2817.2000000000007,0.43359375,3922,1105,IA,IA,107,left,0
3923,3924,2,6398.04,6193.44,2816.3,0.4609375,3923,1105,IA,IA,107,left,0
3924,3925,2,6398.3,6193.88,2814.16,0.32421875,3924,1105,IA,IA,107,left,0
3925,3926,2,6399.18,6194.5,2812.459999999999,0.43359375,3925,1105,IA,IA,107,left,0
3926,3927,2,6400.04,6194.8,2811.0200000000004,0.37890625,3926,1105,IA,IA,107,left,0
3927,3928,2,6401.64,6194.18,2810.74,0.32421875,3927,1105,IA,IA,107,left,0
3928,3929,2,6403.4,6193.1,2811.2000000000007,0.32421875,3928,1105,IA,IA,107,left,0
3929,3930,2,6405.86,6191.68,2811.5,0.48828125,3929,1105,IA,IA,107,left,0
3930,3931,2,6407.32,6190.62,2810.959999999999,0.48828125,3930,1105,IA,IA,107,left,0
3931,3932,2,6409.14,6189.64,2810.959999999999,0.32421875,3931,1105,IA,IA,107,left,0
3932,3933,2,6410.38,6189.18,2811.3600000000006,0.296875,3932,1105,IA,IA,107,left,0
3933,3934,2,6412.76,6189.0,2811.6399999999994,0.32421875,3933,1105,IA,IA,107,left,0
3934,3935,2,6414.12,6188.4,2811.5,0.01953125,3934,1105,IA,IA,107,left,0
3935,3936,2,6416.1,6187.82,2811.4,0.37890625,3935,1105,IA,IA,107,left,0
3936,3937,2,6417.38,6187.22,2811.459999999999,0.19140625,3936,1105,IA,IA,107,left,0
3937,3938,2,6419.54,6185.68,2811.7000000000007,0.21484375,3937,1105,IA,IA,107,left,0
3938,3939,2,6420.78,6184.76,2812.040000000001,0.1640625,3938,1105,IA,IA,107,left,0
3939,3940,2,6422.36,6183.0,2812.34,0.1640625,3939,1105,IA,IA,107,left,0
3940,3941,2,6423.3,6181.6,2812.5,0.21484375,3940,1105,IA,IA,107,left,0
3941,3942,2,6423.62,6177.46,2813.08,0.26953125,3941,1105,IA,IA,107,left,0
3942,3943,2,6423.32,6174.86,2814.0200000000004,0.4609375,3942,1105,IA,IA,107,left,0
3943,3944,2,6423.88,6172.52,2814.540000000001,0.2421875,3943,1105,IA,IA,107,left,0
3944,3945,2,6424.96,6170.48,2814.4400000000005,0.26953125,3944,1105,IA,IA,107,left,0
3945,3946,2,6426.54,6168.1,2814.1800000000003,0.32421875,3945,1105,IA,IA,107,left,0
3946,3947,2,6428.82,6166.04,2813.8,0.32421875,3946,1105,IA,IA,107,left,0
3947,3948,2,6429.86,6164.82,2813.2800000000007,0.1640625,3947,1105,IA,IA,107,left,0
3948,3949,2,6431.68,6163.58,2813.540000000001,0.296875,3948,1105,IA,IA,107,left,0
3949,3950,2,6432.98,6162.16,2813.7000000000007,0.32421875,3949,1105,IA,IA,107,left,0
3950,3951,2,6434.42,6160.96,2813.22,0.3515625,3950,1105,IA,IA,107,left,0
3951,3952,2,6435.66,6158.88,2812.66,0.1640625,3951,1105,IA,IA,107,left,0
3952,3953,2,6436.4,6157.44,2812.32,0.1640625,3952,1105,IA,IA,107,left,0
3953,3954,2,6438.4,6156.46,2812.1000000000004,0.1640625,3953,1105,IA,IA,107,left,0
3954,3955,2,6439.78,6156.28,2811.74,0.3515625,3954,1105,IA,IA,107,left,0
3955,3956,2,6442.3,6156.22,2811.3600000000006,0.0078125,3955,1105,IA,IA,107,left,0
3956,3957,2,6444.26,6155.72,2811.3600000000006,0.32421875,3956,1105,IA,IA,107,left,0
3957,3958,2,6445.78,6154.44,2811.5,0.19140625,3957,1105,IA,IA,107,left,0
3958,3959,2,6448.14,6152.08,2811.76,0.40625,3958,1105,IA,IA,107,left,0
3959,3960,2,6450.04,6151.18,2811.7000000000007,0.19140625,3959,1105,IA,IA,107,left,0
3960,3961,2,6453.34,6150.42,2811.5599999999995,0.1640625,3960,1105,IA,IA,107,left,0
3961,3962,2,6454.94,6149.72,2811.42,0.37890625,3961,1105,IA,IA,107,left,0
3962,3963,2,6456.42,6149.02,2810.9400000000005,0.4609375,3962,1105,IA,IA,107,left,0
3963,3964,2,6457.76,6147.72,2810.5,0.32421875,3963,1105,IA,IA,107,left,0
3964,3965,2,6459.76,6146.2,2810.540000000001,0.48828125,3964,1105,IA,IA,107,left,0
3965,3966,2,6460.32,6145.66,2811.24,0.2421875,3965,1105,IA,IA,107,left,0
3966,3967,2,6461.98,6144.38,2811.459999999999,0.1640625,3966,1105,IA,IA,107,left,0
3967,3968,2,6463.34,6143.22,2811.42,0.40625,3967,1105,IA,IA,107,left,0
3968,3969,2,6464.02,6140.82,2811.72,0.0078125,3968,1105,IA,IA,107,left,0
3969,3970,2,6465.38,6138.02,2812.0599999999995,0.32421875,3969,1105,IA,IA,107,left,0
3970,3971,2,6466.56,6137.22,2812.16,0.32421875,3970,1105,IA,IA,107,left,0
3971,3972,2,6358.42,6199.84,2810.32,0.00390625,3703,1105,IA,IA,108,left,0
3972,3973,2,6359.06,6198.34,2811.26,0.2421875,3972,1105,IA,IA,108,left,0
3973,3974,2,6360.7,6196.54,2811.24,0.3515625,3973,1105,IA,IA,108,left,0
3974,3975,2,6362.06,6195.44,2810.879999999999,0.32421875,3974,1105,IA,IA,108,left,0
3975,3976,2,6363.06,6194.02,2810.1000000000004,0.32421875,3975,1105,IA,IA,108,left,0
3976,3977,2,6363.08,6192.56,2809.1000000000004,0.32421875,3976,1105,IA,IA,108,left,0
3977,3978,2,6364.26,6191.62,2808.34,0.3515625,3977,1105,IA,IA,108,left,0
3978,3979,2,6364.54,6189.38,2807.1000000000004,0.43359375,3978,1105,IA,IA,108,left,0
3979,3980,2,6365.76,6188.06,2806.58,0.26953125,3979,1105,IA,IA,108,left,0
3980,3981,2,6366.3,6186.76,2805.459999999999,0.3515625,3980,1105,IA,IA,108,left,0
3981,3982,2,6367.5,6185.1,2805.0,0.1640625,3981,1105,IA,IA,108,left,0
3982,3983,2,6367.84,6183.32,2804.7800000000007,0.19140625,3982,1105,IA,IA,108,left,0
3983,3984,2,6369.44,6182.08,2804.7800000000007,0.37890625,3983,1105,IA,IA,108,left,0
3984,3985,2,6370.8,6180.76,2805.1399999999994,0.19140625,3984,1105,IA,IA,108,left,0
3985,3986,2,6372.56,6179.44,2805.34,0.2421875,3985,1105,IA,IA,108,left,0
3986,3987,2,6374.5,6178.4,2805.1800000000003,0.1640625,3986,1105,IA,IA,108,left,0
3987,3988,2,6376.3,6177.82,2804.84,0.2421875,3987,1105,IA,IA,108,left,0
3988,3989,2,6378.2,6177.56,2804.5599999999995,0.32421875,3988,1105,IA,IA,108,left,0
3989,3990,2,6379.52,6176.94,2804.4,0.01953125,3989,1105,IA,IA,108,left,0
3990,3991,2,6381.34,6176.54,2803.72,0.21484375,3990,1105,IA,IA,108,left,0
3991,3992,2,6383.14,6175.38,2803.2800000000007,0.3515625,3991,1105,IA,IA,108,left,0
3992,3993,2,6384.72,6174.3,2803.0599999999995,0.296875,3992,1105,IA,IA,108,left,0
3993,3994,2,6386.06,6172.66,2802.4,0.32421875,3993,1105,IA,IA,108,left,0
3994,3995,2,6387.12,6170.52,2802.1399999999994,0.32421875,3994,1105,IA,IA,108,left,0
3995,3996,2,6388.34,6168.72,2801.9,0.48828125,3995,1105,IA,IA,108,left,0
3996,3997,2,6388.94,6166.96,2801.16,0.32421875,3996,1105,IA,IA,108,left,0
3997,3998,2,6389.92,6165.6,2800.3600000000006,0.26953125,3997,1105,IA,IA,108,left,0
3998,3999,2,6391.12,6164.26,2799.76,0.40625,3998,1105,IA,IA,108,left,0
3999,4000,2,6392.56,6163.88,2799.0,0.296875,3999,1105,IA,IA,108,left,0
4000,4001,2,6393.94,6163.06,2798.0200000000004,0.37890625,4000,1105,IA,IA,108,left,0
4001,4002,2,6394.98,6161.56,2797.379999999999,0.2421875,4001,1105,IA,IA,108,left,0
4002,4003,2,6395.94,6160.46,2796.459999999999,0.32421875,4002,1105,IA,IA,108,left,0
4003,4004,2,6397.54,6159.24,2795.540000000001,0.4609375,4003,1105,IA,IA,108,left,0
4004,4005,2,6399.04,6158.58,2794.74,0.26953125,4004,1105,IA,IA,108,left,0
4005,4006,2,6399.92,6156.26,2793.82,0.1640625,4005,1105,IA,IA,108,left,0
4006,4007,2,6401.0,6154.9,2793.24,0.37890625,4006,1105,IA,IA,108,left,0
4007,4008,2,6401.42,6153.76,2792.08,0.3515625,4007,1105,IA,IA,108,left,0
4008,4009,2,6402.76,6152.58,2791.2000000000007,0.32421875,4008,1105,IA,IA,108,left,0
4009,4010,2,6405.2,6150.12,2790.2000000000007,0.1640625,4009,1105,IA,IA,108,left,0
4010,4011,2,6406.38,6148.38,2789.4400000000005,0.32421875,4010,1105,IA,IA,108,left,0
4011,4012,2,6407.44,6147.22,2789.24,0.32421875,4011,1105,IA,IA,108,left,0
4012,4013,2,6328.16,6218.54,2811.9400000000005,0.00390625,3704,1105,IA,IA,109,left,0
4013,4014,2,6326.98,6218.92,2812.3600000000006,0.4609375,4013,1105,IA,IA,109,left,0
4014,4015,2,6329.82,6216.92,2812.1399999999994,0.01953125,3704,1105,IA,IA,110,left,0
4015,4016,2,6330.74,6216.68,2814.0200000000004,0.2421875,4015,1105,IA,IA,110,left,0
4016,4017,2,6330.76,6216.68,2816.08,0.00390625,4016,1105,IA,IA,110,left,0
4017,4018,2,6328.98,6217.16,2816.42,0.21484375,4017,1105,IA,IA,110,left,0
4018,4019,2,6327.06,6217.54,2816.98,0.3515625,4018,1105,IA,IA,110,left,0
4019,4020,2,6325.36,6217.74,2817.6399999999994,0.1640625,4019,1105,IA,IA,110,left,0
4020,4021,2,6323.1,6218.28,2817.7000000000007,0.1640625,4020,1105,IA,IA,110,left,0
4021,4022,2,6322.16,6219.16,2817.4,0.00390625,4021,1105,IA,IA,110,left,1
4022,4023,2,6460.14,6068.18,2817.0,0.0078125,3781,477,STR,STR,111,left,0
4023,4024,2,6458.38,6067.24,2815.72,0.2421875,4023,477,STR,STR,111,left,0
4024,4025,2,6457.3,6066.18,2814.040000000001,0.26953125,4024,477,STR,STR,111,left,0
4025,4026,2,6455.92,6066.82,2813.4400000000005,0.296875,4025,477,STR,STR,111,left,0
4026,4027,2,6459.1,6069.92,2817.42,0.01171875,3781,477,STR,STR,112,left,0
4027,4028,2,6457.54,6071.38,2816.7800000000007,0.37890625,4027,477,STR,STR,112,left,0
4028,4029,2,6455.96,6072.14,2816.5599999999995,0.296875,4028,477,STR,STR,112,left,0
4029,4030,2,6453.7,6071.54,2816.0599999999995,0.00390625,4029,477,STR,STR,112,left,0
4030,4031,2,6451.26,6071.3,2816.540000000001,0.40625,4030,477,STR,STR,112,left,0
4031,4032,2,6449.82,6071.04,2817.76,0.296875,4031,477,STR,STR,112,left,0
4032,4033,2,6448.26,6069.98,2818.6000000000004,0.26953125,4032,477,STR,STR,112,left,0
4033,4034,2,6446.74,6068.62,2818.3,0.296875,4033,477,STR,STR,112,left,0
4034,4035,2,6445.58,6067.6,2817.08,0.4609375,4034,477,STR,STR,112,left,0
4035,4036,2,6443.82,6067.18,2817.1800000000003,0.4609375,4035,544,CEAc,CEA,112,left,1
4036,4037,2,6543.3,5877.46,2826.98,0.00390625,3820,544,CEAc,CEA,113,left,0
4037,4038,2,6542.28,5874.6,2828.1800000000003,0.32421875,4037,544,CEAc,CEA,113,left,0
4038,4039,2,6540.88,5875.02,2829.4,0.37890625,4038,544,CEAc,CEA,113,left,1
4039,4040,2,6545.0,5876.76,2825.4,0.0078125,3820,544,CEAc,CEA,114,left,0
4040,4041,2,6544.82,5873.84,2824.8,0.26953125,4040,544,CEAc,CEA,114,left,0
4041,4042,2,6545.28,5871.54,2825.0200000000004,0.4609375,4041,544,CEAc,CEA,114,left,0
4042,4043,2,6571.02,5985.62,2827.9,0.0234375,3849,559,CEAm,CEA,115,left,0
4043,4044,2,6570.62,5985.9,2823.5599999999995,0.4609375,4043,477,STR,STR,115,left,0
4044,4045,2,6570.4,5984.94,2822.620000000001,0.32421875,4044,559,CEAm,CEA,115,left,0
4045,4046,2,6569.88,5981.18,2822.620000000001,0.2421875,4045,559,CEAm,CEA,115,left,0
4046,4047,2,6569.22,5979.46,2822.6399999999994,0.2421875,4046,559,CEAm,CEA,115,left,0
4047,4048,2,6567.92,5973.68,2823.32,0.296875,4047,544,CEAc,CEA,115,left,0
4048,4049,2,6567.64,5971.72,2823.1000000000004,0.4609375,4048,544,CEAc,CEA,115,left,0
4049,4050,2,6568.52,5970.04,2822.72,0.48828125,4049,544,CEAc,CEA,115,left,0
4050,4051,2,6570.18,5967.66,2822.459999999999,0.40625,4050,544,CEAc,CEA,115,left,0
4051,4052,2,6570.8,5965.92,2822.040000000001,0.32421875,4051,544,CEAc,CEA,115,left,0
4052,4053,2,6570.82,5963.34,2821.8600000000006,0.48828125,4052,544,CEAc,CEA,115,left,0
4053,4054,2,6570.38,5959.96,2821.72,0.4609375,4053,544,CEAc,CEA,115,left,0
4054,4055,2,6570.26,5956.74,2821.540000000001,0.2421875,4054,544,CEAc,CEA,115,left,0
4055,4056,2,6570.72,5955.54,2821.16,0.2421875,4055,544,CEAc,CEA,115,left,0
4056,4057,2,6571.2,5953.3,2820.6399999999994,0.00390625,4056,544,CEAc,CEA,115,left,0
4057,4058,2,6572.3,5952.9,2820.2800000000007,0.26953125,4057,544,CEAc,CEA,115,left,1
4058,4059,2,6571.34,5984.68,2828.66,0.00390625,3849,544,CEAc,CEA,116,left,0
4059,4060,2,6573.52,5983.22,2828.72,0.2421875,4059,544,CEAc,CEA,116,left,0
4060,4061,2,6574.9,5982.12,2828.6399999999994,0.37890625,4060,544,CEAc,CEA,116,left,0
4061,4062,2,6657.9,5884.86,2715.66,0.01171875,3900,303,BLAa,BLA,117,left,0
4062,4063,2,6657.58,5884.0,2713.8,0.32421875,4062,303,BLAa,BLA,117,left,0
4063,4064,2,6657.32,5883.64,2711.7800000000007,0.48828125,4063,303,BLAa,BLA,117,left,0
4064,4065,2,6656.98,5884.52,2710.0200000000004,0.32421875,4064,303,BLAa,BLA,117,left,0
4065,4066,2,6655.72,5885.2,2708.8600000000006,0.3515625,4065,303,BLAa,BLA,117,left,0
4066,4067,2,6654.88,5886.84,2707.1000000000004,0.37890625,4066,303,BLAa,BLA,117,left,0
4067,4068,2,6654.3,5888.92,2705.66,0.43359375,4067,303,BLAa,BLA,117,left,0
4068,4069,2,6654.02,5891.04,2703.74,0.296875,4068,303,BLAa,BLA,117,left,0
4069,4070,2,6653.3,5891.64,2703.22,0.3515625,4069,303,BLAa,BLA,117,left,0
4070,4071,2,6653.52,5895.22,2703.5,0.00390625,4070,303,BLAa,BLA,117,left,0
4071,4072,2,6653.86,5897.04,2704.3600000000006,0.515625,4071,303,BLAa,BLA,117,left,0
4072,4073,2,6659.22,5883.38,2716.879999999999,0.0078125,3900,303,BLAa,BLA,118,left,0
4073,4074,2,6661.1,5880.68,2716.9,0.21484375,4073,303,BLAa,BLA,118,left,0
4074,4075,2,6662.42,5879.06,2716.6000000000004,0.43359375,4074,303,BLAa,BLA,118,left,0
4075,4076,2,6662.68,5878.48,2716.5,0.03515625,4075,303,BLAa,BLA,118,left,0
4076,4077,2,6466.38,6133.04,2812.0,0.00390625,3971,1105,IA,IA,119,left,0
4077,4078,2,6466.92,6131.3,2811.5,0.32421875,4077,1105,IA,IA,119,left,0
4078,4079,2,6468.6,6129.08,2811.120000000001,0.40625,4078,1105,IA,IA,119,left,0
4079,4080,2,6470.16,6127.52,2810.5,0.32421875,4079,1105,IA,IA,119,left,0
4080,4081,2,6470.8,6126.58,2809.42,0.32421875,4080,1105,IA,IA,119,left,0
4081,4082,2,6472.0,6124.66,2808.48,0.00390625,4081,703,CTXsp,CTXsp,119,left,0
4082,4083,2,6472.8,6122.54,2808.3600000000006,0.40625,4082,703,CTXsp,CTXsp,119,left,0
4083,4084,2,6473.26,6120.5,2808.6000000000004,0.32421875,4083,703,CTXsp,CTXsp,119,left,0
4084,4085,2,6473.98,6117.6,2808.98,0.1640625,4084,703,CTXsp,CTXsp,119,left,0
4085,4086,2,6475.38,6115.72,2809.1399999999994,0.1640625,4085,703,CTXsp,CTXsp,119,left,0
4086,4087,2,6476.92,6113.28,2809.16,0.21484375,4086,477,STR,STR,119,left,0
4087,4088,2,6477.94,6111.56,2809.22,0.43359375,4087,477,STR,STR,119,left,0
4088,4089,2,6478.92,6109.36,2809.3,0.43359375,4088,477,STR,STR,119,left,0
4089,4090,2,6480.2,6108.02,2809.48,0.32421875,4089,477,STR,STR,119,left,0
4090,4091,2,6480.38,6105.76,2810.5,0.01171875,4090,477,STR,STR,119,left,0
4091,4092,2,6480.72,6103.08,2812.16,0.1640625,4091,477,STR,STR,119,left,0
4092,4093,2,6483.06,6103.02,2812.24,0.32421875,4092,477,STR,STR,119,left,0
4093,4094,2,6485.14,6102.98,2812.24,0.40625,4093,477,STR,STR,119,left,0
4094,4095,2,6487.58,6102.32,2811.84,0.3515625,4094,477,STR,STR,119,left,0
4095,4096,2,6489.24,6100.9,2811.7800000000007,0.32421875,4095,477,STR,STR,119,left,0
4096,4097,2,6491.16,6098.62,2811.6000000000004,0.2421875,4096,477,STR,STR,119,left,0
4097,4098,2,6491.94,6097.46,2811.4,0.32421875,4097,477,STR,STR,119,left,0
4098,4099,2,6492.98,6095.08,2811.3,0.1640625,4098,477,STR,STR,119,left,0
4099,4100,2,6494.24,6093.22,2811.120000000001,0.21484375,4099,477,STR,STR,119,left,0
4100,4101,2,6495.78,6091.54,2811.5200000000004,0.26953125,4100,477,STR,STR,119,left,0
4101,4102,2,6496.5,6089.68,2812.3,0.21484375,4101,477,STR,STR,119,left,0
4102,4103,2,6497.6,6087.38,2812.9,0.00390625,4102,477,STR,STR,119,left,0
4103,4104,2,6497.76,6085.12,2813.4400000000005,0.48828125,4103,477,STR,STR,119,left,0
4104,4105,2,6499.0,6083.36,2812.9,0.43359375,4104,477,STR,STR,119,left,0
4105,4106,2,6499.72,6081.46,2812.459999999999,0.1640625,4105,477,STR,STR,119,left,0
4106,4107,2,6500.02,6078.14,2811.7000000000007,0.40625,4106,477,STR,STR,119,left,0
4107,4108,2,6500.96,6076.08,2811.24,0.515625,4107,477,STR,STR,119,left,0
4108,4109,2,6502.06,6074.64,2811.0200000000004,0.21484375,4108,477,STR,STR,119,left,0
4109,4110,2,6502.86,6073.02,2810.92,0.00390625,4109,477,STR,STR,119,left,0
4110,4111,2,6502.78,6070.24,2811.0599999999995,0.67578125,4110,477,STR,STR,119,left,0
4111,4112,2,6503.28,6067.0,2811.540000000001,0.3515625,4111,477,STR,STR,119,left,0
4112,4113,2,6504.7,6064.88,2812.1000000000004,0.43359375,4112,477,STR,STR,119,left,0
4113,4114,2,6505.88,6063.16,2811.6399999999994,0.32421875,4113,477,STR,STR,119,left,0
4114,4115,2,6505.92,6060.9,2811.540000000001,0.62109375,4114,477,STR,STR,119,left,0
4115,4116,2,6505.82,6059.22,2812.92,0.2421875,4115,477,STR,STR,119,left,0
4116,4117,2,6505.74,6056.98,2813.84,0.3515625,4116,477,STR,STR,119,left,0
4117,4118,2,6506.38,6055.5,2814.5,0.21484375,4117,477,STR,STR,119,left,0
4118,4119,2,6506.36,6053.08,2815.6000000000004,0.1640625,4118,477,STR,STR,119,left,0
4119,4120,2,6505.3,6051.58,2816.76,0.37890625,4119,477,STR,STR,119,left,0
4120,4121,2,6503.12,6051.16,2818.0,0.32421875,4120,477,STR,STR,119,left,0
4121,4122,2,6501.32,6049.52,2818.379999999999,0.2421875,4121,477,STR,STR,119,left,0
4122,4123,2,6499.68,6047.4,2818.7000000000007,0.00390625,4122,477,STR,STR,119,left,0
4123,4124,2,6499.1,6045.08,2819.3600000000006,0.32421875,4123,477,STR,STR,119,left,0
4124,4125,2,6499.6,6043.02,2820.76,0.2421875,4124,477,STR,STR,119,left,0
4125,4126,2,6500.4,6041.14,2821.9400000000005,0.40625,4125,477,STR,STR,119,left,0
4126,4127,2,6500.68,6036.82,2824.26,0.48828125,4126,477,STR,STR,119,left,0
4127,4128,2,6500.52,6034.82,2825.4,0.32421875,4127,544,CEAc,CEA,119,left,0
4128,4129,2,6500.06,6034.12,2826.4,0.37890625,4128,544,CEAc,CEA,119,left,0
4129,4130,2,6498.7,6033.9,2826.879999999999,0.40625,4129,544,CEAc,CEA,119,left,0
4130,4131,2,6497.56,6032.36,2828.2000000000007,0.32421875,4130,544,CEAc,CEA,119,left,0
4131,4132,2,6496.32,6031.68,2829.5,0.48828125,4131,544,CEAc,CEA,119,left,0
4132,4133,2,6495.92,6028.8,2830.7800000000007,0.43359375,4132,544,CEAc,CEA,119,left,0
4133,4134,2,6495.72,6027.04,2831.1800000000003,0.19140625,4133,544,CEAc,CEA,119,left,0
4134,4135,2,6495.24,6022.8,2831.82,0.515625,4134,544,CEAc,CEA,119,left,0
4135,4136,2,6494.9,6020.54,2831.4,0.21484375,4135,544,CEAc,CEA,119,left,0
4136,4137,2,6494.9,6017.96,2830.620000000001,0.37890625,4136,544,CEAc,CEA,119,left,0
4137,4138,2,6496.08,6017.32,2830.120000000001,0.1640625,4137,544,CEAc,CEA,119,left,0
4138,4139,2,6496.74,6016.08,2829.3,0.00390625,4138,544,CEAc,CEA,119,left,0
4139,4140,2,6498.04,6014.62,2830.0200000000004,0.48828125,4139,544,CEAc,CEA,119,left,0
4140,4141,2,6500.06,6013.0,2829.8600000000006,0.1640625,4140,544,CEAc,CEA,119,left,0
4141,4142,2,6501.44,6011.58,2829.0200000000004,0.19140625,4141,544,CEAc,CEA,119,left,0
4142,4143,2,6502.18,6009.7,2828.16,0.32421875,4142,544,CEAc,CEA,119,left,0
4143,4144,2,6502.9,6007.62,2827.9400000000005,0.48828125,4143,544,CEAc,CEA,119,left,0
4144,4145,2,6503.66,6005.64,2827.5599999999995,0.1640625,4144,544,CEAc,CEA,119,left,0
4145,4146,2,6505.32,6003.88,2827.620000000001,0.43359375,4145,544,CEAc,CEA,119,left,0
4146,4147,2,6506.04,6002.38,2827.84,0.32421875,4146,544,CEAc,CEA,119,left,0
4147,4148,2,6507.64,5999.18,2827.32,0.1640625,4147,544,CEAc,CEA,119,left,0
4148,4149,2,6509.54,5998.14,2827.26,0.296875,4148,544,CEAc,CEA,119,left,0
4149,4150,2,6511.12,5997.26,2826.6399999999994,0.32421875,4149,544,CEAc,CEA,119,left,0
4150,4151,2,6511.8,5994.78,2826.3600000000006,0.4609375,4150,544,CEAc,CEA,119,left,0
4151,4152,2,6512.6,5992.44,2826.040000000001,0.296875,4151,544,CEAc,CEA,119,left,0
4152,4153,2,6513.86,5990.58,2825.58,0.32421875,4152,544,CEAc,CEA,119,left,0
4153,4154,2,6514.86,5988.6,2825.16,0.296875,4153,544,CEAc,CEA,119,left,0
4154,4155,2,6516.64,5985.82,2824.2000000000007,0.32421875,4154,544,CEAc,CEA,119,left,0
4155,4156,2,6517.18,5984.26,2823.4400000000005,0.1640625,4155,544,CEAc,CEA,119,left,0
4156,4157,2,6518.62,5982.76,2822.72,0.21484375,4156,544,CEAc,CEA,119,left,0
4157,4158,2,6519.36,5981.96,2822.2800000000007,0.43359375,4157,544,CEAc,CEA,119,left,0
4158,4159,2,6519.78,5980.7,2820.7800000000007,0.40625,4158,544,CEAc,CEA,119,left,0
4159,4160,2,6521.32,5980.3,2819.620000000001,0.515625,4159,544,CEAc,CEA,119,left,0
4160,4161,2,6523.5,5980.48,2818.08,0.296875,4160,544,CEAc,CEA,119,left,0
4161,4162,2,6525.02,5980.84,2816.6800000000003,0.2421875,4161,544,CEAc,CEA,119,left,0
4162,4163,2,6526.64,5980.34,2815.74,0.26953125,4162,544,CEAc,CEA,119,left,0
4163,4164,2,6528.04,5979.12,2814.82,0.296875,4163,544,CEAc,CEA,119,left,0
4164,4165,2,6529.54,5977.02,2814.08,0.3515625,4164,544,CEAc,CEA,119,left,0
4165,4166,2,6530.08,5975.84,2813.3,0.2421875,4165,544,CEAc,CEA,119,left,0
4166,4167,2,6531.52,5975.24,2812.16,0.21484375,4166,544,CEAc,CEA,119,left,0
4167,4168,2,6532.9,5974.7,2811.5200000000004,0.40625,4167,544,CEAc,CEA,119,left,0
4168,4169,2,6534.76,5972.66,2811.32,0.37890625,4168,544,CEAc,CEA,119,left,0
4169,4170,2,6535.38,5971.04,2810.84,0.40625,4169,544,CEAc,CEA,119,left,0
4170,4171,2,6536.38,5967.42,2810.58,0.296875,4170,544,CEAc,CEA,119,left,0
4171,4172,2,6537.54,5965.52,2810.3,0.2421875,4171,544,CEAc,CEA,119,left,0
4172,4173,2,6537.86,5963.4,2809.5599999999995,0.48828125,4172,544,CEAc,CEA,119,left,0
4173,4174,2,6538.46,5962.34,2809.72,0.43359375,4173,544,CEAc,CEA,119,left,0
4174,4175,2,6541.32,5960.64,2809.26,0.2421875,4174,544,CEAc,CEA,119,left,0
4175,4176,2,6541.6,5959.04,2808.8,0.3515625,4175,544,CEAc,CEA,119,left,0
4176,4177,2,6542.9,5957.86,2808.040000000001,0.2421875,4176,544,CEAc,CEA,119,left,0
4177,4178,2,6544.18,5956.76,2807.08,0.4609375,4177,544,CEAc,CEA,119,left,0
4178,4179,2,6545.08,5955.9,2806.1000000000004,0.43359375,4178,544,CEAc,CEA,119,left,0
4179,4180,2,6545.42,5954.36,2805.540000000001,0.2421875,4179,544,CEAc,CEA,119,left,0
4180,4181,2,6546.76,5952.74,2804.98,0.48828125,4180,544,CEAc,CEA,119,left,0
4181,4182,2,6547.88,5951.98,2803.84,0.37890625,4181,544,CEAc,CEA,119,left,0
4182,4183,2,6548.7,5950.02,2802.5,0.32421875,4182,544,CEAc,CEA,119,left,0
4183,4184,2,6549.68,5948.28,2801.0200000000004,0.19140625,4183,544,CEAc,CEA,119,left,0
4184,4185,2,6550.6,5947.24,2799.9,0.40625,4184,544,CEAc,CEA,119,left,0
4185,4186,2,6551.78,5944.58,2798.82,0.48828125,4185,544,CEAc,CEA,119,left,0
4186,4187,2,6552.86,5942.04,2797.620000000001,0.26953125,4186,544,CEAc,CEA,119,left,0
4187,4188,2,6553.0,5940.26,2796.26,0.32421875,4187,544,CEAc,CEA,119,left,0
4188,4189,2,6553.86,5939.22,2795.959999999999,0.54296875,4188,544,CEAc,CEA,119,left,0
4189,4190,2,6554.16,5937.42,2794.42,0.00390625,4189,544,CEAc,CEA,119,left,0
4190,4191,2,6554.0,5934.92,2792.48,0.5703125,4190,544,CEAc,CEA,119,left,0
4191,4192,2,6553.58,5933.34,2791.08,0.5703125,4191,544,CEAc,CEA,119,left,0
4192,4193,2,6552.76,5932.68,2790.959999999999,0.6484375,4192,544,CEAc,CEA,119,left,0
4193,4194,2,6555.6,5932.48,2791.1399999999994,0.01171875,4193,544,CEAc,CEA,119,left,0
4194,4195,2,6556.56,5930.98,2791.0,0.515625,4194,544,CEAc,CEA,119,left,0
4195,4196,2,6556.22,5928.56,2790.34,0.5703125,4195,544,CEAc,CEA,119,left,0
4196,4197,2,6555.9,5926.98,2789.16,0.48828125,4196,544,CEAc,CEA,119,left,0
4197,4198,2,6556.1,5926.5,2787.22,0.43359375,4197,544,CEAc,CEA,119,left,0
4198,4199,2,6556.86,5924.96,2786.22,0.40625,4198,544,CEAc,CEA,119,left,0
4199,4200,2,6557.6,5922.26,2784.6399999999994,0.1640625,4199,544,CEAc,CEA,119,left,0
4200,4201,2,6558.38,5920.76,2783.5599999999995,0.2421875,4200,544,CEAc,CEA,119,left,0
4201,4202,2,6559.78,5920.02,2782.9400000000005,0.32421875,4201,544,CEAc,CEA,119,left,0
4202,4203,2,6468.56,6135.96,2811.9400000000005,0.01171875,3971,1105,IA,IA,120,left,0
4203,4204,2,6470.68,6133.5,2811.66,0.1640625,4203,1105,IA,IA,120,left,0
4204,4205,2,6471.38,6132.64,2810.74,0.2421875,4204,1105,IA,IA,120,left,0
4205,4206,2,6472.98,6131.38,2809.620000000001,0.43359375,4205,1105,IA,IA,120,left,0
4206,4207,2,6474.44,6130.26,2808.7800000000007,0.32421875,4206,1105,IA,IA,120,left,0
4207,4208,2,6476.38,6128.1,2808.34,0.26953125,4207,1105,IA,IA,120,left,0
4208,4209,2,6477.84,6126.36,2808.5599999999995,0.32421875,4208,1105,IA,IA,120,left,0
4209,4210,2,6478.66,6124.38,2808.72,0.43359375,4209,703,CTXsp,CTXsp,120,left,0
4210,4211,2,6479.66,6123.46,2808.379999999999,0.32421875,4210,703,CTXsp,CTXsp,120,left,0
4211,4212,2,6481.9,6122.48,2807.92,0.1640625,4211,703,CTXsp,CTXsp,120,left,0
4212,4213,2,6482.48,6122.32,2807.42,0.40625,4212,703,CTXsp,CTXsp,120,left,0
4213,4214,2,6483.56,6120.24,2807.74,0.1640625,4213,703,CTXsp,CTXsp,120,left,0
4214,4215,2,6485.22,6118.08,2808.3600000000006,0.32421875,4214,703,CTXsp,CTXsp,120,left,0
4215,4216,2,6486.94,6115.6,2808.7800000000007,0.2421875,4215,703,CTXsp,CTXsp,120,left,0
4216,4217,2,6487.86,6113.3,2808.7800000000007,0.37890625,4216,703,CTXsp,CTXsp,120,left,0
4217,4218,2,6489.2,6110.56,2807.98,0.3515625,4217,703,CTXsp,CTXsp,120,left,0
4218,4219,2,6490.32,6109.42,2807.6000000000004,0.19140625,4218,703,CTXsp,CTXsp,120,left,0
4219,4220,2,6492.12,6108.52,2807.459999999999,0.48828125,4219,703,CTXsp,CTXsp,120,left,0
4220,4221,2,6492.36,6108.0,2806.879999999999,0.48828125,4220,703,CTXsp,CTXsp,120,left,0
4221,4222,2,6409.54,6146.14,2788.620000000001,0.0078125,4012,1105,IA,IA,121,left,0
4222,4223,2,6410.78,6144.44,2788.5,0.1640625,4222,1105,IA,IA,121,left,0
4223,4224,2,6412.32,6143.26,2788.6399999999994,0.32421875,4223,1105,IA,IA,121,left,0
4224,4225,2,6414.92,6142.12,2788.32,0.37890625,4224,1105,IA,IA,121,left,0
4225,4226,2,6416.28,6141.18,2787.6399999999994,0.32421875,4225,1105,IA,IA,121,left,0
4226,4227,2,6418.12,6140.12,2787.58,0.40625,4226,1105,IA,IA,121,left,0
4227,4228,2,6420.0,6138.7,2787.7800000000007,0.296875,4227,1105,IA,IA,121,left,0
4228,4229,2,6421.4,6137.98,2788.4,0.32421875,4228,1105,IA,IA,121,left,0
4229,4230,2,6422.96,6138.62,2788.92,0.515625,4229,1105,IA,IA,121,left,0
4230,4231,2,6406.26,6144.16,2788.879999999999,0.26953125,4012,1105,IA,IA,122,left,0
4231,4232,2,6405.38,6140.98,2788.2000000000007,0.48828125,4231,1105,IA,IA,122,left,0
4232,4233,2,6405.4,6138.6,2788.08,0.32421875,4232,1105,IA,IA,122,left,0
4233,4234,2,6406.66,6137.46,2787.76,0.32421875,4233,1105,IA,IA,122,left,0
4234,4235,2,6406.72,6136.0,2787.120000000001,0.2421875,4234,1105,IA,IA,122,left,0
4235,4236,2,6406.18,6132.7,2786.1800000000003,0.43359375,4235,703,CTXsp,CTXsp,122,left,0
4236,4237,2,6406.38,6130.16,2785.8,0.1640625,4236,703,CTXsp,CTXsp,122,left,0
4237,4238,2,6407.34,6128.18,2785.22,0.54296875,4237,703,CTXsp,CTXsp,122,left,0
4238,4239,2,6407.24,6126.22,2784.3600000000006,0.54296875,4238,703,CTXsp,CTXsp,122,left,0
4239,4240,2,6407.76,6124.04,2783.66,0.00390625,4239,703,CTXsp,CTXsp,122,left,0
4240,4241,2,6407.94,6121.46,2782.959999999999,0.48828125,4240,703,CTXsp,CTXsp,122,left,0
4241,4242,2,6408.26,6120.02,2782.08,0.48828125,4241,703,CTXsp,CTXsp,122,left,0
4242,4243,2,6407.76,6118.36,2779.5200000000004,0.48828125,4242,703,CTXsp,CTXsp,122,left,0
4243,4244,2,6406.88,6117.3,2778.379999999999,0.19140625,4243,703,CTXsp,CTXsp,122,left,0
4244,4245,2,6407.3,6115.84,2778.0200000000004,0.01171875,4244,703,CTXsp,CTXsp,122,left,0
4245,4246,2,6407.12,6112.22,2777.7800000000007,0.48828125,4245,703,CTXsp,CTXsp,122,left,0
4246,4247,2,6407.52,6110.22,2778.0599999999995,0.5703125,4246,703,CTXsp,CTXsp,122,left,0
4247,4248,2,6408.34,6106.92,2779.76,0.59765625,4247,703,CTXsp,CTXsp,122,left,0
4248,4249,2,6409.38,6105.74,2781.6399999999994,0.921875,4248,703,CTXsp,CTXsp,122,left,0
4249,4250,2,6409.52,6105.16,2782.98,1.5703125,4249,703,CTXsp,CTXsp,122,left,0
4250,4251,2,6409.22,6102.64,2783.6399999999994,0.921875,4250,703,CTXsp,CTXsp,122,left,0
4251,4252,2,6407.68,6101.42,2783.8600000000006,0.32421875,4251,703,CTXsp,CTXsp,122,left,0
4252,4253,2,6404.96,6101.02,2784.2000000000007,0.40625,4252,703,CTXsp,CTXsp,122,left,0
4253,4254,2,6403.14,6100.56,2784.7000000000007,0.1640625,4253,703,CTXsp,CTXsp,122,left,0
4254,4255,2,6403.34,6098.66,2784.58,0.0078125,4254,703,CTXsp,CTXsp,122,left,0
4255,4256,2,6402.7,6095.34,2784.42,0.3515625,4255,703,CTXsp,CTXsp,122,left,0
4256,4257,2,6401.64,6092.8,2784.48,0.40625,4256,703,CTXsp,CTXsp,122,left,0
4257,4258,2,6401.08,6090.04,2784.72,0.48828125,4257,703,CTXsp,CTXsp,122,left,0
4258,4259,2,6400.54,6086.08,2784.16,0.37890625,4258,703,CTXsp,CTXsp,122,left,0
4259,4260,2,6400.84,6084.14,2783.74,0.1640625,4259,477,STR,STR,122,left,0
4260,4261,2,6400.98,6082.58,2783.3600000000006,0.00390625,4260,477,STR,STR,122,left,0
4261,4262,2,6400.6,6079.68,2783.4,0.26953125,4261,477,STR,STR,122,left,0
4262,4263,2,6400.22,6077.4,2782.84,0.48828125,4262,477,STR,STR,122,left,0
4263,4264,2,6399.92,6075.18,2782.84,0.32421875,4263,477,STR,STR,122,left,0
4264,4265,2,6400.46,6072.64,2784.6000000000004,0.94921875,4264,477,STR,STR,122,left,0
4265,4266,2,6400.56,6070.24,2785.6399999999994,0.515625,4265,477,STR,STR,122,left,0
4266,4267,2,6400.58,6069.18,2787.379999999999,0.515625,4266,477,STR,STR,122,left,0
4267,4268,2,6400.64,6068.34,2789.26,0.48828125,4267,477,STR,STR,122,left,0
4268,4269,2,6400.48,6066.0,2791.0599999999995,0.00390625,4268,477,STR,STR,122,left,0
4269,4270,2,6400.1,6062.66,2791.8,0.5703125,4269,477,STR,STR,122,left,0
4270,4271,2,6399.72,6059.9,2791.74,0.4609375,4270,477,STR,STR,122,left,0
4271,4272,2,6399.96,6057.02,2791.8,0.296875,4271,477,STR,STR,122,left,0
4272,4273,2,6400.86,6056.26,2791.9,0.37890625,4272,477,STR,STR,122,left,0
4273,4274,2,6401.12,6053.72,2792.7000000000007,0.19140625,4273,477,STR,STR,122,left,0
4274,4275,2,6400.86,6051.32,2793.48,0.4609375,4274,477,STR,STR,122,left,0
4275,4276,2,6401.4,6047.66,2794.0200000000004,0.00390625,4275,477,STR,STR,122,left,0
4276,4277,2,6401.6,6045.74,2793.459999999999,0.3515625,4276,477,STR,STR,122,left,0
4277,4278,2,6403.0,6045.1,2792.8600000000006,0.59765625,4277,477,STR,STR,122,left,0
4278,4279,2,6404.94,6043.98,2792.34,0.37890625,4278,477,STR,STR,122,left,0
4279,4280,2,6405.72,6042.86,2792.3,0.19140625,4279,477,STR,STR,122,left,0
4280,4281,2,6405.14,6040.32,2793.3600000000006,0.37890625,4280,477,STR,STR,122,left,0
4281,4282,2,6404.22,6037.24,2793.84,2.00390625,4281,477,STR,STR,122,left,0
4282,4283,2,6403.48,6036.28,2794.24,1.48828125,4282,477,STR,STR,122,left,0
4283,4284,2,6403.14,6034.6,2796.040000000001,0.32421875,4283,544,CEAc,CEA,122,left,0
4284,4285,2,6402.96,6032.16,2797.48,0.296875,4284,544,CEAc,CEA,122,left,0
4285,4286,2,6403.74,6030.92,2797.8600000000006,0.01171875,4285,544,CEAc,CEA,122,left,0
4286,4287,2,6403.78,6029.1,2799.0599999999995,0.37890625,4286,544,CEAc,CEA,122,left,0
4287,4288,2,6404.56,6026.32,2801.620000000001,0.9765625,4287,544,CEAc,CEA,122,left,0
4288,4289,2,6406.06,6025.36,2803.2000000000007,0.3515625,4288,544,CEAc,CEA,122,left,0
4289,4290,2,6407.5,6024.54,2803.48,0.43359375,4289,544,CEAc,CEA,122,left,1
4290,4291,2,6326.94,6220.1,2810.72,0.00390625,4014,1105,IA,IA,123,left,0
4291,4292,2,6326.08,6219.84,2809.26,0.32421875,4291,1105,IA,IA,123,left,1
4292,4293,2,6327.12,6218.64,2814.6800000000003,0.40625,4014,1105,IA,IA,124,left,0
4293,4294,2,6453.38,6067.2,2812.879999999999,0.00390625,4026,477,STR,STR,125,left,0
4294,4295,2,6450.04,6066.72,2812.8,0.296875,4294,477,STR,STR,125,left,0
4295,4296,2,6449.12,6066.12,2812.3600000000006,0.59765625,4295,477,STR,STR,125,left,0
4296,4297,2,6448.7,6065.0,2810.8,0.48828125,4296,477,STR,STR,125,left,0
4297,4298,2,6448.1,6064.32,2808.8600000000006,0.26953125,4297,477,STR,STR,125,left,0
4298,4299,2,6447.32,6064.16,2807.879999999999,0.32421875,4298,477,STR,STR,125,left,0
4299,4300,2,6445.32,6063.86,2806.0599999999995,0.00390625,4299,477,STR,STR,125,left,0
4300,4301,2,6443.98,6062.9,2804.82,0.32421875,4300,477,STR,STR,125,left,0
4301,4302,2,6453.44,6067.2,2812.879999999999,0.00390625,4026,477,STR,STR,126,left,0
4302,4303,2,6450.74,6064.7,2813.120000000001,1.109375,4302,477,STR,STR,126,left,0
4303,4304,2,6449.86,6062.74,2813.76,0.296875,4303,477,STR,STR,126,left,0
4304,4305,2,6448.54,6061.38,2812.9400000000005,0.40625,4304,477,STR,STR,126,left,0
4305,4306,2,6448.34,6060.22,2813.76,0.62109375,4305,477,STR,STR,126,left,0
4306,4307,2,6448.48,6059.88,2815.76,0.54296875,4306,544,CEAc,CEA,126,left,0
4307,4308,2,6448.32,6057.86,2817.040000000001,0.40625,4307,544,CEAc,CEA,126,left,0
4308,4309,2,6448.74,6056.08,2818.1399999999994,0.1640625,4308,544,CEAc,CEA,126,left,0
4309,4310,2,6450.0,6056.06,2818.1800000000003,0.32421875,4309,544,CEAc,CEA,126,left,0
4310,4311,2,6452.28,6055.82,2818.1800000000003,0.01953125,4310,544,CEAc,CEA,126,left,0
4311,4312,2,6453.88,6054.66,2818.3,0.54296875,4311,544,CEAc,CEA,126,left,0
4312,4313,2,6454.62,6052.56,2818.379999999999,0.32421875,4312,544,CEAc,CEA,126,left,0
4313,4314,2,6456.34,6051.34,2817.959999999999,0.4609375,4313,544,CEAc,CEA,126,left,0
4314,4315,2,6544.54,5869.26,2825.34,0.0078125,4042,544,CEAc,CEA,127,left,0
4315,4316,2,6543.9,5866.42,2825.6800000000003,0.48828125,4315,544,CEAc,CEA,127,left,0
4316,4317,2,6543.62,5863.24,2826.6000000000004,0.2421875,4316,544,CEAc,CEA,127,left,0
4317,4318,2,6544.32,5860.0,2827.66,0.26953125,4317,544,CEAc,CEA,127,left,0
4318,4319,2,6545.9,5858.86,2827.879999999999,0.32421875,4318,544,CEAc,CEA,127,left,1
4319,4320,2,6545.86,5869.64,2824.92,0.0078125,4042,544,CEAc,CEA,128,left,0
4320,4321,2,6547.26,5867.86,2824.2000000000007,0.32421875,4320,544,CEAc,CEA,128,left,0
4321,4322,2,6548.54,5865.98,2823.7000000000007,0.1640625,4321,544,CEAc,CEA,128,left,0
4322,4323,2,6549.12,5863.98,2823.16,0.26953125,4322,544,CEAc,CEA,128,left,0
4323,4324,2,6550.38,5861.24,2822.7800000000007,0.3515625,4323,544,CEAc,CEA,128,left,0
4324,4325,2,6550.96,5859.76,2822.459999999999,0.1640625,4324,544,CEAc,CEA,128,left,0
4325,4326,2,6551.9,5857.7,2820.6399999999994,0.48828125,4325,544,CEAc,CEA,128,left,0
4326,4327,2,6552.48,5856.52,2819.3600000000006,0.3515625,4326,544,CEAc,CEA,128,left,0
4327,4328,2,6576.66,5979.82,2828.620000000001,0.00390625,4061,559,CEAm,CEA,129,left,0
4328,4329,2,6577.62,5978.42,2828.120000000001,0.40625,4328,559,CEAm,CEA,129,left,0
4329,4330,2,6579.1,5978.0,2826.5599999999995,0.1640625,4329,559,CEAm,CEA,129,left,0
4330,4331,2,6580.46,5978.92,2825.540000000001,0.1640625,4330,559,CEAm,CEA,129,left,0
4331,4332,2,6582.76,5979.38,2825.1000000000004,0.32421875,4331,559,CEAm,CEA,129,left,0
4332,4333,2,6575.66,5985.7,2829.72,0.19140625,4061,477,STR,STR,130,left,0
4333,4334,2,6576.0,5987.62,2830.6399999999994,0.32421875,4333,477,STR,STR,130,left,0
4334,4335,2,6577.14,5988.8,2831.1000000000004,0.296875,4334,477,STR,STR,130,left,0
4335,4336,2,6578.2,5988.44,2831.2000000000007,0.32421875,4335,477,STR,STR,130,left,0
4336,4337,2,6578.42,5988.76,2831.42,0.02734375,4336,477,STR,STR,130,left,1
4337,4338,2,6654.06,5898.72,2704.22,0.05859375,4072,303,BLAa,BLA,131,left,0
4338,4339,2,6654.44,5902.02,2703.6399999999994,0.5703125,4338,303,BLAa,BLA,131,left,0
4339,4340,2,6654.54,5903.56,2702.5200000000004,0.4609375,4339,303,BLAa,BLA,131,left,0
4340,4341,2,6654.7,5905.94,2701.0,0.40625,4340,303,BLAa,BLA,131,left,0
4341,4342,2,6654.44,5909.14,2699.9,0.37890625,4341,303,BLAa,BLA,131,left,0
4342,4343,2,6653.42,5911.26,2698.9,0.3515625,4342,303,BLAa,BLA,131,left,0
4343,4344,2,6653.22,5913.66,2698.2800000000007,0.54296875,4343,303,BLAa,BLA,131,left,0
4344,4345,2,6653.42,5916.18,2696.82,0.40625,4344,303,BLAa,BLA,131,left,0
4345,4346,2,6653.4,5918.24,2695.74,0.1640625,4345,303,BLAa,BLA,131,left,0
4346,4347,2,6652.5,5918.66,2695.4400000000005,0.37890625,4346,303,BLAa,BLA,131,left,0
4347,4348,2,6652.84,5921.9,2694.540000000001,0.48828125,4347,303,BLAa,BLA,131,left,0
4348,4349,2,6653.04,5924.42,2693.22,0.296875,4348,303,BLAa,BLA,131,left,0
4349,4350,2,6653.16,5926.66,2692.120000000001,0.26953125,4349,303,BLAa,BLA,131,left,0
4350,4351,2,6652.74,5928.18,2691.8600000000006,0.67578125,4350,303,BLAa,BLA,131,left,0
4351,4352,2,6652.82,5932.48,2691.1399999999994,0.296875,4351,303,BLAa,BLA,131,left,0
4352,4353,2,6653.14,5935.32,2690.48,0.43359375,4352,303,BLAa,BLA,131,left,0
4353,4354,2,6653.3,5937.36,2689.459999999999,0.37890625,4353,303,BLAa,BLA,131,left,0
4354,4355,2,6652.9,5938.52,2688.0599999999995,0.296875,4354,303,BLAa,BLA,131,left,0
4355,4356,2,6651.96,5940.32,2687.48,0.26953125,4355,303,BLAa,BLA,131,left,0
4356,4357,2,6650.0,5943.54,2686.72,0.37890625,4356,303,BLAa,BLA,131,left,0
4357,4358,2,6649.0,5945.78,2686.040000000001,0.37890625,4357,303,BLAa,BLA,131,left,0
4358,4359,2,6647.46,5948.18,2685.48,0.00390625,4358,303,BLAa,BLA,131,left,0
4359,4360,2,6646.18,5950.96,2685.1800000000003,0.3515625,4359,303,BLAa,BLA,131,left,0
4360,4361,2,6645.18,5952.6,2685.42,0.48828125,4360,303,BLAa,BLA,131,left,0
4361,4362,2,6644.76,5955.22,2686.2000000000007,0.21484375,4361,303,BLAa,BLA,131,left,0
4362,4363,2,6643.56,5957.36,2686.0599999999995,0.40625,4362,303,BLAa,BLA,131,left,0
4363,4364,2,6641.94,5959.12,2686.4,0.43359375,4363,303,BLAa,BLA,131,left,0
4364,4365,2,6640.8,5960.9,2686.620000000001,0.296875,4364,303,BLAa,BLA,131,left,0
4365,4366,2,6639.88,5962.7,2687.2800000000007,0.4609375,4365,303,BLAa,BLA,131,left,0
4366,4367,2,6638.4,5965.62,2687.879999999999,0.48828125,4366,303,BLAa,BLA,131,left,0
4367,4368,2,6638.02,5967.88,2687.24,0.4609375,4367,303,BLAa,BLA,131,left,0
4368,4369,2,6637.54,5968.28,2686.76,0.01171875,4368,303,BLAa,BLA,131,left,1
4369,4370,2,6652.34,5897.88,2704.7000000000007,0.01953125,4072,303,BLAa,BLA,132,left,0
4370,4371,2,6650.76,5900.16,2704.959999999999,0.19140625,4370,303,BLAa,BLA,132,left,0
4371,4372,2,6650.04,5902.38,2704.92,0.48828125,4371,303,BLAa,BLA,132,left,0
4372,4373,2,6648.56,5904.54,2705.48,0.40625,4372,303,BLAa,BLA,132,left,0
4373,4374,2,6647.58,5905.78,2705.6399999999994,0.32421875,4373,303,BLAa,BLA,132,left,0
4374,4375,2,6646.54,5906.5,2705.620000000001,0.03515625,4374,303,BLAa,BLA,132,left,0
4375,4376,2,6646.72,5908.82,2705.48,0.32421875,4375,303,BLAa,BLA,132,left,0
4376,4377,2,6646.2,5911.14,2705.8,0.48828125,4376,303,BLAa,BLA,132,left,0
4377,4378,2,6644.74,5912.98,2705.98,0.32421875,4377,303,BLAa,BLA,132,left,0
4378,4379,2,6643.72,5915.36,2705.98,0.1640625,4378,303,BLAa,BLA,132,left,0
4379,4380,2,6641.88,5917.18,2705.8,0.296875,4379,303,BLAa,BLA,132,left,0
4380,4381,2,6641.02,5918.22,2704.6399999999994,0.19140625,4380,303,BLAa,BLA,132,left,0
4381,4382,2,6639.4,5919.54,2703.92,0.32421875,4381,303,BLAa,BLA,132,left,0
4382,4383,2,6638.94,5921.24,2703.9,0.26953125,4382,303,BLAa,BLA,132,left,0
4383,4384,2,6636.36,5923.0,2704.040000000001,0.2421875,4383,303,BLAa,BLA,132,left,0
4384,4385,2,6635.42,5923.72,2704.24,0.26953125,4384,303,BLAa,BLA,132,left,0
4385,4386,2,6635.26,5926.14,2704.76,0.00390625,4385,303,BLAa,BLA,132,left,0
4386,4387,2,6634.34,5926.64,2706.120000000001,0.19140625,4386,303,BLAa,BLA,132,left,0
4387,4388,2,6632.92,5927.68,2707.4,0.3515625,4387,303,BLAa,BLA,132,left,0
4388,4389,2,6630.86,5928.64,2707.9400000000005,0.4609375,4388,303,BLAa,BLA,132,left,0
4389,4390,2,6629.74,5930.36,2708.5200000000004,0.37890625,4389,303,BLAa,BLA,132,left,0
4390,4391,2,6628.96,5933.24,2709.5599999999995,0.40625,4390,303,BLAa,BLA,132,left,0
4391,4392,2,6628.74,5935.32,2710.040000000001,0.6484375,4391,303,BLAa,BLA,132,left,0
4392,4393,2,6629.2,5938.36,2710.76,0.296875,4392,303,BLAa,BLA,132,left,0
4393,4394,2,6664.94,5876.66,2714.9400000000005,0.2421875,4076,303,BLAa,BLA,133,left,1
4394,4395,2,6665.36,5876.96,2717.9,0.43359375,4076,303,BLAa,BLA,134,left,0
4395,4396,2,6666.78,5875.4,2719.16,0.19140625,4395,303,BLAa,BLA,134,left,0
4396,4397,2,6668.18,5874.54,2720.1800000000003,0.296875,4396,303,BLAa,BLA,134,left,0
4397,4398,2,6670.12,5873.06,2720.84,0.32421875,4397,303,BLAa,BLA,134,left,0
4398,4399,2,6671.5,5871.38,2720.82,0.32421875,4398,303,BLAa,BLA,134,left,0
4399,4400,2,6673.76,5869.54,2720.620000000001,0.296875,4399,303,BLAa,BLA,134,left,0
4400,4401,2,6675.06,5867.62,2721.3,0.43359375,4400,303,BLAa,BLA,134,left,0
4401,4402,2,6675.7,5865.92,2721.66,0.26953125,4401,303,BLAa,BLA,134,left,0
4402,4403,2,6675.68,5862.72,2722.2000000000007,0.00390625,4402,303,BLAa,BLA,134,left,0
4403,4404,2,6676.02,5860.82,2722.6800000000003,0.32421875,4403,303,BLAa,BLA,134,left,0
4404,4405,2,6677.24,5860.16,2723.22,0.21484375,4404,303,BLAa,BLA,134,left,0
4405,4406,2,6678.04,5859.04,2725.32,0.2421875,4405,303,BLAa,BLA,134,left,0
4406,4407,2,6679.56,5857.28,2726.9400000000005,0.32421875,4406,303,BLAa,BLA,134,left,0
4407,4408,2,6557.9,5919.52,2782.459999999999,0.01171875,4202,544,CEAc,CEA,135,left,0
4408,4409,2,6556.42,5917.38,2782.3,0.3515625,4408,544,CEAc,CEA,135,left,0
4409,4410,2,6555.02,5915.84,2782.58,0.40625,4409,544,CEAc,CEA,135,left,0
4410,4411,2,6554.6,5913.46,2783.48,0.43359375,4410,544,CEAc,CEA,135,left,0
4411,4412,2,6553.02,5911.84,2784.4,0.48828125,4411,544,CEAc,CEA,135,left,0
4412,4413,2,6551.02,5911.34,2784.92,0.37890625,4412,544,CEAc,CEA,135,left,1
4413,4414,2,6561.2,5918.86,2780.92,0.32421875,4202,544,CEAc,CEA,136,left,0
4414,4415,2,6561.74,5917.92,2780.040000000001,0.32421875,4414,544,CEAc,CEA,136,left,0
4415,4416,2,6563.04,5916.5,2779.1399999999994,0.40625,4415,544,CEAc,CEA,136,left,0
4416,4417,2,6564.3,5915.52,2778.0,0.37890625,4416,544,CEAc,CEA,136,left,0
4417,4418,2,6564.88,5913.98,2776.620000000001,0.43359375,4417,544,CEAc,CEA,136,left,0
4418,4419,2,6564.6,5912.34,2776.120000000001,0.26953125,4418,544,CEAc,CEA,136,left,0
4419,4420,2,6564.14,5908.9,2776.040000000001,0.2421875,4419,544,CEAc,CEA,136,left,0
4420,4421,2,6563.94,5905.02,2776.5,0.59765625,4420,544,CEAc,CEA,136,left,0
4421,4422,2,6564.74,5902.58,2777.08,0.37890625,4421,544,CEAc,CEA,136,left,0
4422,4423,2,6565.26,5899.3,2777.4400000000005,0.48828125,4422,544,CEAc,CEA,136,left,0
4423,4424,2,6565.12,5896.22,2776.9400000000005,0.32421875,4423,544,CEAc,CEA,136,left,0
4424,4425,2,6565.56,5893.52,2776.9400000000005,0.1640625,4424,544,CEAc,CEA,136,left,0
4425,4426,2,6566.16,5890.24,2776.7800000000007,0.26953125,4425,544,CEAc,CEA,136,left,0
4426,4427,2,6565.86,5887.88,2776.24,0.4609375,4426,544,CEAc,CEA,136,left,0
4427,4428,2,6566.68,5885.66,2776.32,0.00390625,4427,544,CEAc,CEA,136,left,0
4428,4429,2,6567.36,5883.44,2775.7800000000007,0.32421875,4428,544,CEAc,CEA,136,left,0
4429,4430,2,6568.98,5881.22,2775.3600000000006,0.1640625,4429,544,CEAc,CEA,136,left,0
4430,4431,2,6569.08,5879.14,2774.879999999999,0.26953125,4430,544,CEAc,CEA,136,left,0
4431,4432,2,6570.16,5877.04,2774.42,0.19140625,4431,544,CEAc,CEA,136,left,0
4432,4433,2,6571.3,5875.78,2773.66,0.40625,4432,544,CEAc,CEA,136,left,0
4433,4434,2,6571.56,5873.42,2772.4,0.296875,4433,544,CEAc,CEA,136,left,0
4434,4435,2,6572.06,5872.6,2771.7800000000007,0.296875,4434,544,CEAc,CEA,136,left,0
4435,4436,2,6571.72,5869.64,2770.9400000000005,0.00390625,4435,544,CEAc,CEA,136,left,0
4436,4437,2,6571.3,5865.34,2770.5200000000004,0.48828125,4436,544,CEAc,CEA,136,left,0
4437,4438,2,6572.08,5863.28,2770.2800000000007,0.78515625,4437,544,CEAc,CEA,136,left,0
4438,4439,2,6573.62,5861.76,2769.32,0.26953125,4438,544,CEAc,CEA,136,left,0
4439,4440,2,6574.42,5860.64,2768.2800000000007,0.26953125,4439,544,CEAc,CEA,136,left,0
4440,4441,2,6575.44,5859.34,2767.98,0.296875,4440,544,CEAc,CEA,136,left,0
4441,4442,2,6575.84,5857.4,2767.5200000000004,0.1640625,4441,544,CEAc,CEA,136,left,0
4442,4443,2,6576.4,5855.88,2766.8600000000006,0.2421875,4442,544,CEAc,CEA,136,left,0
4443,4444,2,6577.86,5854.38,2766.540000000001,0.26953125,4443,544,CEAc,CEA,136,left,0
4444,4445,2,6579.54,5852.56,2765.540000000001,0.32421875,4444,544,CEAc,CEA,136,left,0
4445,4446,2,6580.72,5851.32,2764.58,0.48828125,4445,544,CEAc,CEA,136,left,0
4446,4447,2,6581.86,5850.38,2763.6399999999994,0.1640625,4446,544,CEAc,CEA,136,left,0
4447,4448,2,6583.52,5849.1,2762.7800000000007,0.21484375,4447,544,CEAc,CEA,136,left,0
4448,4449,2,6584.86,5846.92,2762.22,0.32421875,4448,544,CEAc,CEA,136,left,0
4449,4450,2,6585.08,5844.44,2761.84,0.26953125,4449,544,CEAc,CEA,136,left,0
4450,4451,2,6584.56,5842.28,2759.7800000000007,0.00390625,4450,544,CEAc,CEA,136,left,0
4451,4452,2,6583.76,5840.04,2758.48,0.3515625,4451,544,CEAc,CEA,136,left,0
4452,4453,2,6582.84,5838.78,2757.58,0.515625,4452,544,CEAc,CEA,136,left,0
4453,4454,2,6582.08,5838.22,2755.98,0.2421875,4453,544,CEAc,CEA,136,left,0
4454,4455,2,6581.46,5839.06,2754.98,0.296875,4454,544,CEAc,CEA,136,left,0
4455,4456,2,6494.42,6106.26,2806.879999999999,0.01171875,4221,703,CTXsp,CTXsp,137,left,0
4456,4457,2,6495.44,6103.9,2807.1000000000004,0.2421875,4456,477,STR,STR,137,left,0
4457,4458,2,6496.62,6102.36,2807.72,0.32421875,4457,477,STR,STR,137,left,0
4458,4459,2,6497.28,6100.86,2808.48,0.19140625,4458,477,STR,STR,137,left,0
4459,4460,2,6499.14,6098.5,2809.16,0.1640625,4459,477,STR,STR,137,left,0
4460,4461,2,6500.78,6095.92,2809.6000000000004,0.37890625,4460,477,STR,STR,137,left,0
4461,4462,2,6502.62,6093.58,2809.6800000000003,0.73046875,4461,477,STR,STR,137,left,0
4462,4463,2,6503.7,6091.54,2809.7000000000007,0.40625,4462,477,STR,STR,137,left,0
4463,4464,2,6504.5,6088.82,2809.2800000000007,0.515625,4463,477,STR,STR,137,left,0
4464,4465,2,6505.34,6087.02,2809.0599999999995,0.296875,4464,477,STR,STR,137,left,0
4465,4466,2,6506.56,6083.96,2808.76,0.3515625,4465,477,STR,STR,137,left,0
4466,4467,2,6507.48,6083.58,2808.5599999999995,0.32421875,4466,477,STR,STR,137,left,0
4467,4468,2,6507.68,6080.74,2809.3,0.54296875,4467,477,STR,STR,137,left,0
4468,4469,2,6508.56,6078.94,2809.08,0.26953125,4468,477,STR,STR,137,left,0
4469,4470,2,6509.16,6074.8,2808.74,0.1640625,4469,477,STR,STR,137,left,0
4470,4471,2,6510.12,6072.82,2808.6000000000004,0.26953125,4470,477,STR,STR,137,left,0
4471,4472,2,6510.74,6071.04,2807.76,0.296875,4471,477,STR,STR,137,left,0
4472,4473,2,6512.42,6069.58,2807.040000000001,0.43359375,4472,477,STR,STR,137,left,0
4473,4474,2,6513.8,6068.32,2806.7800000000007,0.37890625,4473,477,STR,STR,137,left,0
4474,4475,2,6515.02,6066.42,2806.379999999999,0.4609375,4474,477,STR,STR,137,left,0
4475,4476,2,6515.76,6064.5,2806.6399999999994,0.296875,4475,477,STR,STR,137,left,0
4476,4477,2,6516.48,6061.8,2806.379999999999,0.00390625,4476,477,STR,STR,137,left,0
4477,4478,2,6517.42,6059.04,2805.9,0.21484375,4477,477,STR,STR,137,left,0
4478,4479,2,6518.52,6057.36,2805.9400000000005,0.1640625,4478,477,STR,STR,137,left,0
4479,4480,2,6519.8,6055.54,2806.0200000000004,0.32421875,4479,477,STR,STR,137,left,0
4480,4481,2,6521.1,6053.56,2806.6000000000004,0.19140625,4480,477,STR,STR,137,left,0
4481,4482,2,6522.42,6051.56,2807.3,0.19140625,4481,477,STR,STR,137,left,0
4482,4483,2,6522.78,6049.82,2808.2800000000007,0.296875,4482,477,STR,STR,137,left,0
4483,4484,2,6523.84,6047.56,2808.5200000000004,0.43359375,4483,477,STR,STR,137,left,0
4484,4485,2,6524.22,6045.78,2808.1399999999994,0.1640625,4484,477,STR,STR,137,left,0
4485,4486,2,6524.84,6042.4,2807.3600000000006,0.19140625,4485,477,STR,STR,137,left,0
4486,4487,2,6524.42,6041.52,2805.1800000000003,0.3515625,4486,477,STR,STR,137,left,0
4487,4488,2,6523.78,6043.16,2803.379999999999,0.1640625,4487,477,STR,STR,137,left,0
4488,4489,2,6523.68,6046.24,2801.1399999999994,0.40625,4488,477,STR,STR,137,left,0
4489,4490,2,6524.38,6048.66,2799.5200000000004,0.4609375,4489,477,STR,STR,137,left,0
4490,4491,2,6525.5,6050.56,2798.6800000000003,0.37890625,4490,477,STR,STR,137,left,0
4491,4492,2,6526.58,6053.72,2797.98,0.4609375,4491,477,STR,STR,137,left,0
4492,4493,2,6527.02,6057.56,2797.2000000000007,0.32421875,4492,477,STR,STR,137,left,0
4493,4494,2,6527.06,6058.1,2796.8,0.02734375,4493,477,STR,STR,137,left,0
4494,4495,2,6527.46,6062.06,2795.26,0.3515625,4494,477,STR,STR,137,left,0
4495,4496,2,6528.86,6062.86,2793.92,0.26953125,4495,303,BLAa,BLA,137,left,0
4496,4497,2,6530.78,6063.12,2793.66,0.296875,4496,303,BLAa,BLA,137,left,0
4497,4498,2,6531.92,6064.38,2792.74,0.32421875,4497,303,BLAa,BLA,137,left,0
4498,4499,2,6532.0,6065.88,2791.5200000000004,0.32421875,4498,303,BLAa,BLA,137,left,0
4499,4500,2,6531.1,6067.24,2790.7000000000007,0.0078125,4499,303,BLAa,BLA,137,left,0
4500,4501,2,6531.1,6069.22,2788.6800000000003,0.26953125,4500,303,BLAa,BLA,137,left,0
4501,4502,2,6531.14,6070.54,2787.1399999999994,0.2421875,4501,303,BLAa,BLA,137,left,0
4502,4503,2,6532.08,6070.78,2786.3,0.37890625,4502,303,BLAa,BLA,137,left,0
4503,4504,2,6534.02,6070.36,2785.1800000000003,0.19140625,4503,303,BLAa,BLA,137,left,0
4504,4505,2,6535.66,6070.34,2784.040000000001,0.3515625,4504,303,BLAa,BLA,137,left,0
4505,4506,2,6536.0,6069.68,2782.26,0.43359375,4505,303,BLAa,BLA,137,left,1
4506,4507,2,6493.98,6108.24,2804.2000000000007,0.37890625,4221,703,CTXsp,CTXsp,138,left,0
4507,4508,2,6494.28,6107.92,2802.22,0.37890625,4507,703,CTXsp,CTXsp,138,left,0
4508,4509,2,6495.3,6107.82,2801.0599999999995,0.32421875,4508,703,CTXsp,CTXsp,138,left,0
4509,4510,2,6496.16,6107.66,2799.1399999999994,0.3515625,4509,703,CTXsp,CTXsp,138,left,0
4510,4511,2,6496.76,6107.4,2797.6399999999994,0.37890625,4510,703,CTXsp,CTXsp,138,left,0
4511,4512,2,6496.62,6106.66,2796.120000000001,0.015625,4511,703,CTXsp,CTXsp,138,left,0
4512,4513,2,6496.26,6105.46,2794.0599999999995,0.32421875,4512,703,CTXsp,CTXsp,138,left,0
4513,4514,2,6495.72,6103.3,2791.5200000000004,0.296875,4513,303,BLAa,BLA,138,left,0
4514,4515,2,6495.48,6102.2,2790.6000000000004,0.21484375,4514,303,BLAa,BLA,138,left,0
4515,4516,2,6495.34,6101.24,2788.22,0.48828125,4515,303,BLAa,BLA,138,left,0
4516,4517,2,6496.42,6099.98,2787.66,0.40625,4516,303,BLAa,BLA,138,left,0
4517,4518,2,6496.6,6097.38,2786.74,0.26953125,4517,303,BLAa,BLA,138,left,0
4518,4519,2,6496.16,6094.86,2785.959999999999,0.1640625,4518,303,BLAa,BLA,138,left,0
4519,4520,2,6497.54,6092.44,2785.620000000001,0.40625,4519,303,BLAa,BLA,138,left,0
4520,4521,2,6497.68,6090.98,2784.76,0.0078125,4520,303,BLAa,BLA,138,left,0
4521,4522,2,6423.4,6139.1,2789.6800000000003,0.02734375,4230,1105,IA,IA,139,left,0
4522,4523,2,6422.52,6140.52,2790.48,0.296875,4522,1105,IA,IA,139,left,0
4523,4524,2,6421.1,6141.64,2790.66,0.1640625,4523,1105,IA,IA,139,left,0
4524,4525,2,6420.0,6143.26,2790.2000000000007,0.19140625,4524,1105,IA,IA,139,left,0
4525,4526,2,6419.28,6145.04,2790.16,0.296875,4525,1105,IA,IA,139,left,0
4526,4527,2,6418.3,6145.86,2791.040000000001,0.43359375,4526,1105,IA,IA,139,left,0
4527,4528,2,6418.42,6146.58,2792.26,0.54296875,4527,1105,IA,IA,139,left,0
4528,4529,2,6418.84,6149.54,2792.2800000000007,0.296875,4528,1105,IA,IA,139,left,0
4529,4530,2,6419.16,6151.02,2791.9,0.4609375,4529,1105,IA,IA,139,left,0
4530,4531,2,6419.96,6151.38,2790.66,0.32421875,4530,1105,IA,IA,139,left,0
4531,4532,2,6419.96,6151.72,2789.16,0.54296875,4531,1105,IA,IA,139,left,0
4532,4533,2,6420.14,6153.18,2788.6800000000003,0.515625,4532,1105,IA,IA,139,left,1
4533,4534,2,6425.94,6136.82,2789.620000000001,0.21484375,4230,1105,IA,IA,140,left,0
4534,4535,2,6428.32,6135.28,2790.24,0.3515625,4534,1105,IA,IA,140,left,0
4535,4536,2,6430.42,6135.68,2791.16,0.19140625,4535,1105,IA,IA,140,left,0
4536,4537,2,6431.7,6137.1,2791.5200000000004,0.26953125,4536,1105,IA,IA,140,left,0
4537,4538,2,6433.8,6137.36,2791.5200000000004,0.2421875,4537,1105,IA,IA,140,left,0
4538,4539,2,6435.28,6137.14,2790.540000000001,0.19140625,4538,1105,IA,IA,140,left,0
4539,4540,2,6435.88,6136.28,2789.32,0.32421875,4539,1105,IA,IA,140,left,0
4540,4541,2,6437.04,6135.88,2788.76,0.01953125,4540,1105,IA,IA,140,left,0
4541,4542,2,6436.68,6135.18,2785.0,0.703125,4541,703,CTXsp,CTXsp,140,left,0
4542,4543,2,6437.42,6135.04,2783.9400000000005,0.4609375,4542,703,CTXsp,CTXsp,140,left,0
4543,4544,2,6438.58,6134.34,2783.879999999999,0.62109375,4543,703,CTXsp,CTXsp,140,left,0
4544,4545,2,6440.46,6133.62,2783.9400000000005,0.4609375,4544,703,CTXsp,CTXsp,140,left,0
4545,4546,2,6443.48,6133.56,2783.92,0.59765625,4545,703,CTXsp,CTXsp,140,left,0
4546,4547,2,6445.62,6133.52,2783.9,0.73046875,4546,703,CTXsp,CTXsp,140,left,0
4547,4548,2,6447.12,6133.9,2784.0599999999995,0.43359375,4547,703,CTXsp,CTXsp,140,left,0
4548,4549,2,6447.82,6135.58,2784.5599999999995,0.21484375,4548,703,CTXsp,CTXsp,140,left,0
4549,4550,2,6449.36,6137.08,2784.620000000001,0.67578125,4549,703,CTXsp,CTXsp,140,left,0
4550,4551,2,6450.44,6139.84,2785.6800000000003,0.4609375,4550,1105,IA,IA,140,left,0
4551,4552,2,6450.48,6142.64,2786.7800000000007,0.296875,4551,1105,IA,IA,140,left,0
4552,4553,2,6449.82,6145.12,2786.9,0.296875,4552,1105,IA,IA,140,left,0
4553,4554,2,6448.2,6147.52,2786.6800000000003,0.40625,4553,1105,IA,IA,140,left,0
4554,4555,2,6447.54,6149.22,2786.48,0.32421875,4554,1105,IA,IA,140,left,0
4555,4556,2,6445.92,6150.98,2786.24,0.0078125,4555,1105,IA,IA,140,left,0
4556,4557,2,6446.04,6153.0,2785.4400000000005,0.3515625,4556,1105,IA,IA,140,left,0
4557,4558,2,6447.24,6153.42,2784.5599999999995,0.2421875,4557,1105,IA,IA,140,left,0
4558,4559,2,6448.38,6151.7,2784.040000000001,0.2421875,4558,1105,IA,IA,140,left,0
4559,4560,2,6449.86,6149.52,2783.72,0.2421875,4559,1105,IA,IA,140,left,0
4560,4561,2,6329.24,6217.26,2816.0200000000004,0.00390625,4293,1105,IA,IA,141,left,0
4561,4562,2,6330.88,6216.54,2816.7000000000007,0.32421875,4561,1105,IA,IA,141,left,0
4562,4563,2,6333.0,6215.92,2817.379999999999,0.48828125,4562,1105,IA,IA,141,left,0
4563,4564,2,6334.74,6215.2,2818.1000000000004,0.32421875,4563,1105,IA,IA,141,left,0
4564,4565,2,6335.88,6214.4,2817.9,0.4609375,4564,1105,IA,IA,141,left,1
4565,4566,2,6328.1,6217.42,2816.5599999999995,0.4609375,4293,1105,IA,IA,142,left,0
4566,4567,2,6328.58,6216.66,2819.6000000000004,0.32421875,4566,1105,IA,IA,142,left,0
4567,4568,2,6329.28,6216.66,2820.1800000000003,0.32421875,4567,1105,IA,IA,142,left,0
4568,4569,2,6331.86,6215.36,2820.5200000000004,0.00390625,4568,1105,IA,IA,142,left,0
4569,4570,2,6333.46,6214.02,2820.459999999999,0.4609375,4569,1105,IA,IA,142,left,0
4570,4571,2,6333.26,6212.62,2821.48,0.02734375,4570,1105,IA,IA,142,left,0
4571,4572,2,6331.64,6213.24,2822.3600000000006,0.1640625,4571,1105,IA,IA,142,left,0
4572,4573,2,6330.66,6215.94,2821.6399999999994,0.00390625,4572,1105,IA,IA,142,left,0
4573,4574,2,6329.36,6217.64,2821.48,0.4609375,4573,1105,IA,IA,142,left,0
4574,4575,2,6327.88,6218.12,2821.2000000000007,0.26953125,4574,1105,IA,IA,142,left,0
4575,4576,2,6327.52,6218.42,2819.9400000000005,0.0078125,4575,1105,IA,IA,142,left,1
4576,4577,2,6442.28,6061.58,2804.2000000000007,0.00390625,4301,477,STR,STR,143,left,0
4577,4578,2,6440.66,6061.12,2802.6399999999994,0.32421875,4577,477,STR,STR,143,left,0
4578,4579,2,6438.92,6061.38,2801.2800000000007,0.1640625,4578,477,STR,STR,143,left,0
4579,4580,2,6438.18,6061.54,2799.48,0.43359375,4579,477,STR,STR,143,left,0
4580,4581,2,6436.84,6062.04,2798.32,0.1640625,4580,477,STR,STR,143,left,0
4581,4582,2,6435.82,6063.2,2796.8,0.21484375,4581,477,STR,STR,143,left,0
4582,4583,2,6434.54,6063.64,2795.7000000000007,0.1640625,4582,477,STR,STR,143,left,0
4583,4584,2,6433.86,6063.42,2793.959999999999,0.48828125,4583,477,STR,STR,143,left,0
4584,4585,2,6433.18,6063.52,2792.6800000000003,0.0078125,4584,477,STR,STR,143,left,0
4585,4586,2,6431.8,6064.76,2791.459999999999,0.54296875,4585,477,STR,STR,143,left,0
4586,4587,2,6430.44,6066.5,2790.6000000000004,0.19140625,4586,477,STR,STR,143,left,0
4587,4588,2,6429.8,6068.68,2789.16,0.921875,4587,477,STR,STR,143,left,0
4588,4589,2,6428.3,6069.74,2788.26,0.32421875,4588,477,STR,STR,143,left,0
4589,4590,2,6425.88,6069.76,2788.0200000000004,0.32421875,4589,477,STR,STR,143,left,0
4590,4591,2,6423.74,6069.88,2787.6399999999994,0.32421875,4590,477,STR,STR,143,left,0
4591,4592,2,6421.7,6070.42,2787.5599999999995,0.32421875,4591,477,STR,STR,143,left,0
4592,4593,2,6420.06,6070.9,2786.3600000000006,0.0078125,4592,477,STR,STR,143,left,0
4593,4594,2,6418.72,6072.02,2785.0599999999995,0.1640625,4593,477,STR,STR,143,left,0
4594,4595,2,6417.18,6073.02,2784.48,0.40625,4594,477,STR,STR,143,left,0
4595,4596,2,6415.52,6073.86,2783.6800000000003,0.296875,4595,477,STR,STR,143,left,0
4596,4597,2,6414.36,6075.32,2782.74,0.1640625,4596,703,CTXsp,CTXsp,143,left,0
4597,4598,2,6412.94,6077.88,2781.6399999999994,0.43359375,4597,703,CTXsp,CTXsp,143,left,0
4598,4599,2,6411.64,6079.72,2780.620000000001,0.32421875,4598,703,CTXsp,CTXsp,143,left,0
4599,4600,2,6409.38,6080.32,2780.2000000000007,0.0078125,4599,703,CTXsp,CTXsp,143,left,0
4600,4601,2,6406.32,6080.7,2779.0,0.32421875,4600,703,CTXsp,CTXsp,143,left,0
4601,4602,2,6404.7,6080.84,2777.7800000000007,0.5703125,4601,477,STR,STR,143,left,0
4602,4603,2,6403.84,6080.74,2776.379999999999,0.1640625,4602,477,STR,STR,143,left,0
4603,4604,2,6402.26,6079.7,2775.1800000000003,0.43359375,4603,477,STR,STR,143,left,0
4604,4605,2,6401.76,6078.76,2774.16,0.3515625,4604,303,BLAa,BLA,143,left,0
4605,4606,2,6401.6,6077.84,2773.76,0.0078125,4605,303,BLAa,BLA,143,left,1
4606,4607,2,6443.16,6061.84,2802.82,0.0078125,4301,477,STR,STR,144,left,0
4607,4608,2,6443.0,6062.72,2800.0599999999995,0.296875,4607,477,STR,STR,144,left,0
4608,4609,2,6442.96,6063.98,2797.7000000000007,0.54296875,4608,477,STR,STR,144,left,0
4609,4610,2,6442.02,6064.2,2797.3,0.015625,4609,477,STR,STR,144,left,0
4610,4611,2,6458.04,6049.62,2816.16,0.32421875,4314,544,CEAc,CEA,145,left,0
4611,4612,2,6459.28,6048.12,2814.84,0.32421875,4611,477,STR,STR,145,left,0
4612,4613,2,6459.58,6047.02,2814.1399999999994,0.01953125,4612,477,STR,STR,145,left,0
4613,4614,2,6459.72,6044.0,2813.74,0.54296875,4613,544,CEAc,CEA,145,left,0
4614,4615,2,6461.04,6042.16,2813.76,0.37890625,4614,544,CEAc,CEA,145,left,0
4615,4616,2,6463.02,6040.32,2813.959999999999,0.37890625,4615,544,CEAc,CEA,145,left,0
4616,4617,2,6464.62,6038.98,2813.959999999999,0.296875,4616,544,CEAc,CEA,145,left,0
4617,4618,2,6466.08,6038.38,2813.620000000001,0.1640625,4617,544,CEAc,CEA,145,left,0
4618,4619,2,6467.52,6037.7,2812.9400000000005,0.296875,4618,544,CEAc,CEA,145,left,0
4619,4620,2,6469.12,6035.72,2812.92,0.19140625,4619,544,CEAc,CEA,145,left,0
4620,4621,2,6469.74,6034.26,2813.26,0.43359375,4620,544,CEAc,CEA,145,left,0
4621,4622,2,6470.56,6031.7,2813.5599999999995,0.00390625,4621,544,CEAc,CEA,145,left,0
4622,4623,2,6471.68,6030.16,2812.98,0.32421875,4622,544,CEAc,CEA,145,left,0
4623,4624,2,6472.08,6027.32,2812.9,0.43359375,4623,544,CEAc,CEA,145,left,0
4624,4625,2,6471.8,6025.4,2812.7800000000007,0.32421875,4624,544,CEAc,CEA,145,left,0
4625,4626,2,6457.04,6048.68,2817.0200000000004,0.0078125,4314,544,CEAc,CEA,146,left,0
4626,4627,2,6457.56,6046.16,2816.8600000000006,0.48828125,4626,544,CEAc,CEA,146,left,0
4627,4628,2,6459.34,6042.9,2817.0200000000004,0.00390625,4627,544,CEAc,CEA,146,left,0
4628,4629,2,6460.68,6040.98,2816.32,0.19140625,4628,544,CEAc,CEA,146,left,0
4629,4630,2,6460.92,6039.44,2815.72,0.54296875,4629,544,CEAc,CEA,146,left,0
4630,4631,2,6460.44,6036.78,2814.540000000001,0.0078125,4630,544,CEAc,CEA,146,left,0
4631,4632,2,6458.88,6034.18,2813.74,0.2421875,4631,544,CEAc,CEA,146,left,0
4632,4633,2,6457.34,6032.2,2813.84,0.32421875,4632,544,CEAc,CEA,146,left,0
4633,4634,2,6455.34,6030.7,2814.040000000001,0.19140625,4633,544,CEAc,CEA,146,left,0
4634,4635,2,6453.4,6030.4,2814.1000000000004,0.32421875,4634,544,CEAc,CEA,146,left,0
4635,4636,2,6451.32,6028.4,2814.08,0.00390625,4635,544,CEAc,CEA,146,left,0
4636,4637,2,6450.18,6024.9,2814.6000000000004,0.67578125,4636,544,CEAc,CEA,146,left,0
4637,4638,2,6449.5,6021.36,2813.32,0.00390625,4637,544,CEAc,CEA,146,left,0
4638,4639,2,6448.52,6019.62,2813.34,0.54296875,4638,544,CEAc,CEA,146,left,0
4639,4640,2,6448.28,6019.26,2813.6800000000003,0.03125,4639,544,CEAc,CEA,146,left,1
4640,4641,2,6552.6,5853.68,2819.6800000000003,0.0078125,4327,544,CEAc,CEA,147,left,0
4641,4642,2,6552.5,5851.02,2819.3,0.1640625,4641,544,CEAc,CEA,147,left,0
4642,4643,2,6553.54,5849.86,2818.84,0.3515625,4642,544,CEAc,CEA,147,left,1
4643,4644,2,6553.08,5855.32,2817.0200000000004,0.00390625,4327,544,CEAc,CEA,148,left,0
4644,4645,2,6554.24,5853.92,2816.32,0.40625,4644,544,CEAc,CEA,148,left,0
4645,4646,2,6582.1,5980.42,2824.1800000000003,0.01171875,4332,477,STR,STR,149,left,0
4646,4647,2,6583.16,5981.62,2823.72,0.296875,4646,477,STR,STR,149,left,0
4647,4648,2,6585.18,5981.36,2823.72,0.1640625,4647,477,STR,STR,149,left,0
4648,4649,2,6587.84,5980.24,2823.620000000001,0.54296875,4648,477,STR,STR,149,left,0
4649,4650,2,6588.76,5978.92,2823.7000000000007,0.26953125,4649,477,STR,STR,149,left,0
4650,4651,2,6590.06,5977.22,2823.2000000000007,0.296875,4650,477,STR,STR,149,left,0
4651,4652,2,6592.2,5974.22,2823.0,0.32421875,4651,559,CEAm,CEA,149,left,0
4652,4653,2,6593.14,5971.96,2823.0599999999995,0.43359375,4652,559,CEAm,CEA,149,left,0
4653,4654,2,6594.9,5969.66,2823.16,0.40625,4653,559,CEAm,CEA,149,left,0
4654,4655,2,6596.64,5968.98,2823.72,0.37890625,4654,477,STR,STR,149,left,0
4655,4656,2,6598.88,5967.9,2824.16,0.0078125,4655,477,STR,STR,149,left,0
4656,4657,2,6601.4,5966.7,2824.3600000000006,0.19140625,4656,477,STR,STR,149,left,0
4657,4658,2,6602.98,5965.34,2824.379999999999,0.32421875,4657,477,STR,STR,149,left,0
4658,4659,2,6605.46,5965.04,2824.0599999999995,0.2421875,4658,477,STR,STR,149,left,0
4659,4660,2,6606.88,5964.76,2822.8,0.1640625,4659,559,CEAm,CEA,149,left,0
4660,4661,2,6608.3,5963.72,2821.98,0.4609375,4660,559,CEAm,CEA,149,left,0
4661,4662,2,6610.2,5963.12,2820.74,0.40625,4661,559,CEAm,CEA,149,left,0
4662,4663,2,6611.34,5962.5,2820.1800000000003,0.1640625,4662,559,CEAm,CEA,149,left,0
4663,4664,2,6613.44,5961.74,2819.620000000001,0.40625,4663,559,CEAm,CEA,149,left,0
4664,4665,2,6614.82,5962.34,2818.84,0.40625,4664,559,CEAm,CEA,149,left,0
4665,4666,2,6583.46,5980.76,2826.72,0.01171875,4332,559,CEAm,CEA,150,left,0
4666,4667,2,6584.1,5982.64,2829.7000000000007,0.32421875,4666,559,CEAm,CEA,150,left,0
4667,4668,2,6584.98,5983.64,2830.66,0.296875,4667,559,CEAm,CEA,150,left,0
4668,4669,2,6585.8,5985.82,2831.8,0.1640625,4668,477,STR,STR,150,left,0
4669,4670,2,6586.1,5987.96,2832.0200000000004,0.54296875,4669,477,STR,STR,150,left,0
4670,4671,2,6586.4,5991.54,2831.040000000001,0.4609375,4670,477,STR,STR,150,left,0
4671,4672,2,6585.74,5993.44,2830.7000000000007,0.21484375,4671,477,STR,STR,150,left,0
4672,4673,2,6585.14,5995.28,2831.1399999999994,0.3515625,4672,477,STR,STR,150,left,0
4673,4674,2,6585.2,5998.26,2831.6800000000003,0.32421875,4673,477,STR,STR,150,left,0
4674,4675,2,6585.0,6000.76,2831.72,0.40625,4674,477,STR,STR,150,left,0
4675,4676,2,6584.38,6002.76,2831.66,0.26953125,4675,477,STR,STR,150,left,0
4676,4677,2,6583.28,6004.86,2831.5200000000004,0.21484375,4676,477,STR,STR,150,left,0
4677,4678,2,6583.04,6007.02,2831.5599999999995,0.2421875,4677,477,STR,STR,150,left,0
4678,4679,2,6583.38,6009.38,2831.82,0.296875,4678,477,STR,STR,150,left,0
4679,4680,2,6583.66,6011.58,2831.76,0.48828125,4679,477,STR,STR,150,left,0
4680,4681,2,6584.06,6014.68,2831.6000000000004,0.2421875,4680,477,STR,STR,150,left,0
4681,4682,2,6584.12,6016.32,2831.82,0.43359375,4681,477,STR,STR,150,left,0
4682,4683,2,6583.14,6017.46,2831.66,0.43359375,4682,477,STR,STR,150,left,0
4683,4684,2,6581.68,6019.64,2831.16,0.0078125,4683,477,STR,STR,150,left,0
4684,4685,2,6581.76,6023.72,2830.1399999999994,0.21484375,4684,477,STR,STR,150,left,0
4685,4686,2,6581.5,6025.92,2829.1399999999994,0.40625,4685,477,STR,STR,150,left,0
4686,4687,2,6581.2,6028.96,2828.379999999999,0.37890625,4686,477,STR,STR,150,left,0
4687,4688,2,6581.36,6031.24,2827.0,0.21484375,4687,477,STR,STR,150,left,0
4688,4689,2,6581.54,6035.04,2825.24,0.32421875,4688,477,STR,STR,150,left,0
4689,4690,2,6581.04,6037.04,2824.6399999999994,0.6484375,4689,477,STR,STR,150,left,0
4690,4691,2,6581.2,6040.16,2824.42,0.01171875,4690,477,STR,STR,150,left,0
4691,4692,2,6581.42,6042.62,2824.040000000001,0.4609375,4691,477,STR,STR,150,left,0
4692,4693,2,6580.8,6043.96,2823.6800000000003,0.296875,4692,477,STR,STR,150,left,0
4693,4694,2,6580.32,6048.02,2822.879999999999,0.19140625,4693,477,STR,STR,150,left,0
4694,4695,2,6579.5,6050.44,2822.5599999999995,0.1640625,4694,477,STR,STR,150,left,0
4695,4696,2,6579.46,6052.84,2822.76,0.4609375,4695,477,STR,STR,150,left,0
4696,4697,2,6579.64,6056.36,2822.7800000000007,0.32421875,4696,477,STR,STR,150,left,0
4697,4698,2,6579.1,6057.2,2822.66,0.37890625,4697,477,STR,STR,150,left,0
4698,4699,2,6577.5,6060.9,2822.8,0.26953125,4698,477,STR,STR,150,left,0
4699,4700,2,6576.86,6062.96,2822.6800000000003,0.296875,4699,477,STR,STR,150,left,0
4700,4701,2,6576.88,6066.04,2823.0200000000004,0.5703125,4700,477,STR,STR,150,left,0
4701,4702,2,6577.74,6068.4,2823.540000000001,0.32421875,4701,477,STR,STR,150,left,0
4702,4703,2,6579.1,6070.32,2823.42,0.32421875,4702,477,STR,STR,150,left,0
4703,4704,2,6579.9,6073.68,2823.4400000000005,0.2421875,4703,477,STR,STR,150,left,0
4704,4705,2,6579.26,6076.96,2823.8,0.54296875,4704,477,STR,STR,150,left,0
4705,4706,2,6578.88,6079.4,2823.98,0.59765625,4705,477,STR,STR,150,left,0
4706,4707,2,6577.64,6082.56,2823.7800000000007,0.1640625,4706,477,STR,STR,150,left,0
4707,4708,2,6577.56,6086.12,2823.48,0.37890625,4707,703,CTXsp,CTXsp,150,left,0
4708,4709,2,6578.4,6088.16,2823.4400000000005,0.19140625,4708,703,CTXsp,CTXsp,150,left,0
4709,4710,2,6578.16,6090.98,2822.76,0.19140625,4709,703,CTXsp,CTXsp,150,left,0
4710,4711,2,6577.96,6094.22,2821.5200000000004,0.1640625,4710,703,CTXsp,CTXsp,150,left,0
4711,4712,2,6577.08,6096.24,2820.9,0.1640625,4711,703,CTXsp,CTXsp,150,left,0
4712,4713,2,6576.76,6098.86,2820.0200000000004,0.43359375,4712,703,CTXsp,CTXsp,150,left,0
4713,4714,2,6576.92,6100.88,2818.879999999999,0.2421875,4713,703,CTXsp,CTXsp,150,left,0
4714,4715,2,6576.78,6103.96,2818.42,0.1640625,4714,703,CTXsp,CTXsp,150,left,0
4715,4716,2,6575.96,6105.96,2818.4,0.1640625,4715,703,CTXsp,CTXsp,150,left,0
4716,4717,2,6574.66,6107.12,2818.0200000000004,0.296875,4716,703,CTXsp,CTXsp,150,left,0
4717,4718,2,6573.52,6108.34,2817.540000000001,0.015625,4717,703,CTXsp,CTXsp,150,left,0
4718,4719,2,6573.5,6110.22,2817.6000000000004,0.32421875,4718,703,CTXsp,CTXsp,150,left,0
4719,4720,2,6571.54,6111.08,2818.7000000000007,0.48828125,4719,703,CTXsp,CTXsp,150,left,0
4720,4721,2,6570.48,6112.6,2819.16,0.19140625,4720,703,CTXsp,CTXsp,150,left,0
4721,4722,2,6568.32,6113.76,2820.459999999999,0.19140625,4721,703,CTXsp,CTXsp,150,left,0
4722,4723,2,6566.7,6113.76,2821.48,0.37890625,4722,703,CTXsp,CTXsp,150,left,0
4723,4724,2,6565.6,6113.4,2822.66,0.3515625,4723,703,CTXsp,CTXsp,150,left,0
4724,4725,2,6563.72,6113.04,2823.8600000000006,0.32421875,4724,703,CTXsp,CTXsp,150,left,0
4725,4726,2,6562.4,6112.66,2824.5,0.296875,4725,703,CTXsp,CTXsp,150,left,0
4726,4727,2,6561.72,6113.12,2825.6000000000004,0.37890625,4726,477,STR,STR,150,left,0
4727,4728,2,6561.8,6114.38,2826.92,0.48828125,4727,477,STR,STR,150,left,0
4728,4729,2,6560.52,6115.18,2827.82,0.19140625,4728,703,CTXsp,CTXsp,150,left,0
4729,4730,2,6560.16,6116.5,2828.5,0.48828125,4729,703,CTXsp,CTXsp,150,left,0
4730,4731,2,6558.86,6117.98,2829.5,0.296875,4730,703,CTXsp,CTXsp,150,left,0
4731,4732,2,6557.48,6119.36,2829.6399999999994,0.32421875,4731,703,CTXsp,CTXsp,150,left,0
4732,4733,2,6556.24,6122.22,2830.1399999999994,0.00390625,4732,703,CTXsp,CTXsp,150,left,0
4733,4734,2,6555.02,6124.8,2830.58,0.48828125,4733,703,CTXsp,CTXsp,150,left,0
4734,4735,2,6553.76,6126.82,2831.1800000000003,0.32421875,4734,703,CTXsp,CTXsp,150,left,0
4735,4736,2,6553.5,6128.66,2831.48,0.48828125,4735,703,CTXsp,CTXsp,150,left,0
4736,4737,2,6553.84,6131.26,2831.120000000001,0.1640625,4736,703,CTXsp,CTXsp,150,left,0
4737,4738,2,6553.88,6132.4,2829.84,0.296875,4737,703,CTXsp,CTXsp,150,left,0
4738,4739,2,6553.88,6134.08,2827.16,0.43359375,4738,703,CTXsp,CTXsp,150,left,0
4739,4740,2,6553.44,6134.38,2825.48,0.32421875,4739,703,CTXsp,CTXsp,150,left,0
4740,4741,2,6552.1,6134.64,2824.9400000000005,0.2421875,4740,703,CTXsp,CTXsp,150,left,0
4741,4742,2,6550.22,6135.42,2823.8600000000006,0.00390625,4741,703,CTXsp,CTXsp,150,left,0
4742,4743,2,6549.22,6137.14,2822.9400000000005,0.19140625,4742,703,CTXsp,CTXsp,150,left,0
4743,4744,2,6548.1,6138.52,2822.040000000001,0.3515625,4743,703,CTXsp,CTXsp,150,left,0
4744,4745,2,6547.3,6140.18,2820.82,0.48828125,4744,703,CTXsp,CTXsp,150,left,0
4745,4746,2,6546.28,6141.66,2820.22,0.2421875,4745,703,CTXsp,CTXsp,150,left,0
4746,4747,2,6545.72,6143.66,2819.3600000000006,0.1640625,4746,703,CTXsp,CTXsp,150,left,0
4747,4748,2,6545.66,6145.22,2818.26,0.32421875,4747,1105,IA,IA,150,left,0
4748,4749,2,6544.76,6145.56,2817.879999999999,0.32421875,4748,1105,IA,IA,150,left,0
4749,4750,2,6628.94,5940.48,2712.32,0.4609375,4393,303,BLAa,BLA,151,left,0
4750,4751,2,6627.16,5942.7,2713.4,0.37890625,4750,303,BLAa,BLA,151,left,0
4751,4752,2,6625.92,5943.56,2713.7000000000007,0.32421875,4751,303,BLAa,BLA,151,left,0
4752,4753,2,6628.0,5940.78,2710.42,0.2421875,4393,303,BLAa,BLA,152,left,0
4753,4754,2,6626.6,5942.44,2710.459999999999,0.26953125,4753,303,BLAa,BLA,152,left,0
4754,4755,2,6624.74,5943.78,2710.879999999999,0.32421875,4754,303,BLAa,BLA,152,left,0
4755,4756,2,6623.52,5943.98,2710.6800000000003,0.32421875,4755,303,BLAa,BLA,152,left,0
4756,4757,2,6621.6,5945.38,2710.620000000001,0.40625,4756,303,BLAa,BLA,152,left,0
4757,4758,2,6621.56,5947.2,2710.620000000001,0.1640625,4757,303,BLAa,BLA,152,left,0
4758,4759,2,6621.96,5949.5,2711.4400000000005,0.2421875,4758,303,BLAa,BLA,152,left,0
4759,4760,2,6621.72,5950.52,2712.32,0.32421875,4759,303,BLAa,BLA,152,left,0
4760,4761,2,6620.18,5950.92,2712.72,0.296875,4760,303,BLAa,BLA,152,left,0
4761,4762,2,6619.22,5951.96,2713.6000000000004,0.1640625,4761,303,BLAa,BLA,152,left,0
4762,4763,2,6619.32,5952.86,2714.98,0.26953125,4762,303,BLAa,BLA,152,left,0
4763,4764,2,6618.78,5954.3,2715.540000000001,0.32421875,4763,303,BLAa,BLA,152,left,0
4764,4765,2,6618.54,5956.58,2716.2000000000007,0.2421875,4764,303,BLAa,BLA,152,left,0
4765,4766,2,6617.6,5958.18,2716.32,0.21484375,4765,303,BLAa,BLA,152,left,0
4766,4767,2,6616.06,5961.04,2715.459999999999,0.00390625,4766,303,BLAa,BLA,152,left,0
4767,4768,2,6615.34,5963.36,2714.2000000000007,0.32421875,4767,303,BLAa,BLA,152,left,0
4768,4769,2,6615.5,5965.46,2712.98,0.21484375,4768,303,BLAa,BLA,152,left,0
4769,4770,2,6615.34,5967.0,2711.040000000001,0.48828125,4769,303,BLAa,BLA,152,left,0
4770,4771,2,6614.18,5967.78,2709.92,0.32421875,4770,303,BLAa,BLA,152,left,0
4771,4772,2,6612.62,5969.44,2708.22,0.296875,4771,303,BLAa,BLA,152,left,0
4772,4773,2,6611.48,5970.96,2707.1399999999994,0.21484375,4772,303,BLAa,BLA,152,left,0
4773,4774,2,6611.32,5972.86,2705.1800000000003,0.00390625,4773,303,BLAa,BLA,152,left,0
4774,4775,2,6610.88,5974.42,2702.74,0.54296875,4774,303,BLAa,BLA,152,left,0
4775,4776,2,6610.2,5976.86,2701.58,0.43359375,4775,303,BLAa,BLA,152,left,0
4776,4777,2,6608.44,5978.42,2700.76,0.73046875,4776,303,BLAa,BLA,152,left,0
4777,4778,2,6606.76,5978.6,2699.58,0.43359375,4777,303,BLAa,BLA,152,left,0
4778,4779,2,6605.64,5978.52,2695.92,0.43359375,4778,303,BLAa,BLA,152,left,0
4779,4780,2,6604.82,5978.18,2694.5599999999995,0.3515625,4779,303,BLAa,BLA,152,left,0
4780,4781,2,6603.34,5977.8,2693.6399999999994,0.21484375,4780,303,BLAa,BLA,152,left,0
4781,4782,2,6602.36,5977.3,2691.98,0.296875,4781,303,BLAa,BLA,152,left,0
4782,4783,2,6600.9,5975.62,2691.0,0.48828125,4782,303,BLAa,BLA,152,left,0
4783,4784,2,6600.2,5973.52,2689.98,0.5703125,4783,303,BLAa,BLA,152,left,0
4784,4785,2,6600.64,5972.54,2688.959999999999,0.48828125,4784,303,BLAa,BLA,152,left,0
4785,4786,2,6600.52,5969.98,2686.5,0.40625,4785,303,BLAa,BLA,152,left,0
4786,4787,2,6600.8,5968.3,2685.040000000001,0.37890625,4786,303,BLAa,BLA,152,left,0
4787,4788,2,6601.16,5966.9,2682.7800000000007,0.48828125,4787,303,BLAa,BLA,152,left,0
4788,4789,2,6600.62,5963.8,2680.620000000001,0.32421875,4788,303,BLAa,BLA,152,left,0
4789,4790,2,6599.64,5962.2,2679.92,0.59765625,4789,303,BLAa,BLA,152,left,0
4790,4791,2,6598.96,5959.7,2679.48,0.296875,4790,303,BLAa,BLA,152,left,0
4791,4792,2,6598.18,5959.04,2679.42,0.5703125,4791,303,BLAa,BLA,152,left,0
4792,4793,2,6597.16,5953.18,2680.08,0.1640625,4792,303,BLAa,BLA,152,left,0
4793,4794,2,6596.16,5951.0,2680.0200000000004,0.26953125,4793,303,BLAa,BLA,152,left,0
4794,4795,2,6594.64,5949.84,2679.42,0.296875,4794,303,BLAa,BLA,152,left,0
4795,4796,2,6592.94,5947.08,2679.58,0.00390625,4795,303,BLAa,BLA,152,left,0
4796,4797,2,6590.98,5944.28,2680.9400000000005,0.4609375,4796,303,BLAa,BLA,152,left,0
4797,4798,2,6589.82,5943.38,2681.84,0.26953125,4797,303,BLAa,BLA,152,left,0
4798,4799,2,6588.76,5937.7,2682.74,0.32421875,4798,303,BLAa,BLA,152,left,0
4799,4800,2,6589.1,5935.48,2682.84,0.78515625,4799,303,BLAa,BLA,152,left,0
4800,4801,2,6588.86,5931.54,2682.5,0.6484375,4800,303,BLAa,BLA,152,left,0
4801,4802,2,6588.44,5928.92,2681.8600000000006,0.37890625,4801,303,BLAa,BLA,152,left,0
4802,4803,2,6680.9,5855.5,2729.8,0.43359375,4407,303,BLAa,BLA,153,left,0
4803,4804,2,6682.2,5854.84,2731.4,0.296875,4803,303,BLAa,BLA,153,left,0
4804,4805,2,6684.04,5854.4,2732.1800000000003,0.40625,4804,303,BLAa,BLA,153,left,1
4805,4806,2,6680.82,5854.54,2726.26,0.3515625,4407,303,BLAa,BLA,154,left,0
4806,4807,2,6681.52,5852.86,2724.7800000000007,0.43359375,4806,303,BLAa,BLA,154,left,0
4807,4808,2,6683.22,5852.22,2723.620000000001,0.2421875,4807,303,BLAa,BLA,154,left,0
4808,4809,2,6684.0,5851.58,2723.22,0.3515625,4808,303,BLAa,BLA,154,left,0
4809,4810,2,6580.32,5840.78,2753.1800000000003,0.40625,4455,544,CEAc,CEA,155,left,0
4810,4811,2,6580.52,5843.68,2752.24,0.296875,4810,544,CEAc,CEA,155,left,0
4811,4812,2,6580.82,5846.62,2750.9,0.2421875,4811,544,CEAc,CEA,155,left,0
4812,4813,2,6581.58,5848.02,2750.1000000000004,0.43359375,4812,544,CEAc,CEA,155,left,0
4813,4814,2,6583.8,5848.96,2749.5599999999995,0.19140625,4813,544,CEAc,CEA,155,left,0
4814,4815,2,6584.96,5848.56,2749.22,0.37890625,4814,544,CEAc,CEA,155,left,0
4815,4816,2,6586.78,5847.9,2748.58,0.00390625,4815,544,CEAc,CEA,155,left,0
4816,4817,2,6588.3,5847.36,2748.26,0.32421875,4816,544,CEAc,CEA,155,left,0
4817,4818,2,6589.88,5845.98,2748.3600000000006,0.32421875,4817,544,CEAc,CEA,155,left,0
4818,4819,2,6592.18,5844.04,2748.34,0.26953125,4818,544,CEAc,CEA,155,left,0
4819,4820,2,6593.58,5843.28,2747.98,0.1640625,4819,544,CEAc,CEA,155,left,0
4820,4821,2,6595.52,5842.74,2747.3,0.19140625,4820,544,CEAc,CEA,155,left,0
4821,4822,2,6597.22,5841.88,2745.9,0.4609375,4821,544,CEAc,CEA,155,left,0
4822,4823,2,6598.02,5841.38,2744.9,0.2421875,4822,544,CEAc,CEA,155,left,0
4823,4824,2,6599.54,5840.22,2743.58,0.296875,4823,544,CEAc,CEA,155,left,0
4824,4825,2,6601.66,5839.02,2742.6800000000003,0.37890625,4824,544,CEAc,CEA,155,left,0
4825,4826,2,6603.22,5838.12,2741.66,0.1640625,4825,544,CEAc,CEA,155,left,0
4826,4827,2,6604.68,5837.82,2740.48,0.32421875,4826,544,CEAc,CEA,155,left,0
4827,4828,2,6605.88,5837.72,2740.0200000000004,0.37890625,4827,544,CEAc,CEA,155,left,0
4828,4829,2,6606.76,5836.8,2737.620000000001,0.48828125,4828,544,CEAc,CEA,155,left,0
4829,4830,2,6607.62,5836.36,2735.7800000000007,0.1640625,4829,544,CEAc,CEA,155,left,0
4830,4831,2,6609.18,5836.2,2734.4400000000005,0.40625,4830,544,CEAc,CEA,155,left,0
4831,4832,2,6610.64,5836.42,2733.22,0.4609375,4831,544,CEAc,CEA,155,left,0
4832,4833,2,6611.7,5837.18,2732.3,0.3515625,4832,544,CEAc,CEA,155,left,0
4833,4834,2,6613.38,5837.48,2731.4400000000005,0.40625,4833,544,CEAc,CEA,155,left,0
4834,4835,2,6615.46,5838.14,2730.9,0.296875,4834,303,BLAa,BLA,155,left,0
4835,4836,2,6617.12,5839.6,2730.24,0.515625,4835,303,BLAa,BLA,155,left,0
4836,4837,2,6617.38,5842.24,2729.48,0.2421875,4836,303,BLAa,BLA,155,left,0
4837,4838,2,6617.66,5845.4,2728.3,0.2421875,4837,303,BLAa,BLA,155,left,0
4838,4839,2,6617.76,5847.2,2727.26,0.4609375,4838,303,BLAa,BLA,155,left,0
4839,4840,2,6618.22,5851.74,2726.26,0.32421875,4839,303,BLAa,BLA,155,left,0
4840,4841,2,6617.88,5853.54,2726.0200000000004,0.19140625,4840,303,BLAa,BLA,155,left,0
4841,4842,2,6617.68,5856.96,2726.2000000000007,0.26953125,4841,303,BLAa,BLA,155,left,0
4842,4843,2,6617.34,5858.82,2726.6000000000004,0.26953125,4842,303,BLAa,BLA,155,left,0
4843,4844,2,6617.96,5860.14,2727.2000000000007,0.00390625,4843,303,BLAa,BLA,155,left,0
4844,4845,2,6618.78,5863.08,2727.76,0.296875,4844,303,BLAa,BLA,155,left,0
4845,4846,2,6619.24,5865.7,2728.6399999999994,0.32421875,4845,303,BLAa,BLA,155,left,0
4846,4847,2,6619.56,5867.36,2729.66,0.32421875,4846,303,BLAa,BLA,155,left,0
4847,4848,2,6619.94,5872.02,2729.08,0.37890625,4847,303,BLAa,BLA,155,left,0
4848,4849,10,6619.08,5872.62,2729.0200000000004,0.62109375,4848,303,BLAa,BLA,155,left,1
4849,4850,2,6580.52,5839.58,2754.24,0.01171875,4455,544,CEAc,CEA,156,left,0
4850,4851,2,6577.56,5839.72,2753.72,0.32421875,4850,544,CEAc,CEA,156,left,0
4851,4852,2,6575.2,5840.3,2753.459999999999,0.37890625,4851,544,CEAc,CEA,156,left,0
4852,4853,2,6574.48,5842.14,2752.24,0.32421875,4852,544,CEAc,CEA,156,left,0
4853,4854,2,6573.22,5844.32,2750.92,0.3515625,4853,544,CEAc,CEA,156,left,0
4854,4855,2,6572.88,5846.16,2750.1800000000003,0.01171875,4854,544,CEAc,CEA,156,left,0
4855,4856,2,6573.08,5849.32,2749.3,0.32421875,4855,544,CEAc,CEA,156,left,0
4856,4857,2,6572.56,5850.78,2749.08,0.296875,4856,544,CEAc,CEA,156,left,0
4857,4858,2,6572.58,5853.84,2748.8600000000006,0.37890625,4857,544,CEAc,CEA,156,left,0
4858,4859,2,6573.02,5857.18,2748.92,0.19140625,4858,544,CEAc,CEA,156,left,0
4859,4860,2,6573.32,5860.1,2748.4400000000005,0.73046875,4859,544,CEAc,CEA,156,left,0
4860,4861,2,6572.9,5861.44,2747.42,0.3515625,4860,544,CEAc,CEA,156,left,0
4861,4862,2,6572.5,5864.58,2745.74,0.4609375,4861,544,CEAc,CEA,156,left,0
4862,4863,2,6572.52,5866.1,2744.120000000001,0.37890625,4862,544,CEAc,CEA,156,left,0
4863,4864,2,6572.6,5868.22,2742.540000000001,0.4609375,4863,544,CEAc,CEA,156,left,0
4864,4865,2,6572.78,5871.14,2741.76,0.1640625,4864,544,CEAc,CEA,156,left,0
4865,4866,2,6572.04,5872.66,2740.6800000000003,0.5703125,4865,544,CEAc,CEA,156,left,0
4866,4867,2,6572.08,5873.48,2739.0,0.4609375,4866,544,CEAc,CEA,156,left,0
4867,4868,2,6572.86,5874.78,2738.72,0.515625,4867,544,CEAc,CEA,156,left,0
4868,4869,2,6572.22,5877.06,2737.76,0.2421875,4868,303,BLAa,BLA,156,left,0
4869,4870,2,6570.76,5879.94,2736.959999999999,0.2421875,4869,303,BLAa,BLA,156,left,0
4870,4871,2,6570.38,5881.2,2737.2000000000007,0.48828125,4870,303,BLAa,BLA,156,left,0
4871,4872,2,6569.74,5883.6,2738.24,0.00390625,4871,303,BLAa,BLA,156,left,0
4872,4873,2,6569.82,5886.94,2739.48,0.2421875,4872,303,BLAa,BLA,156,left,0
4873,4874,2,6568.34,5889.14,2740.3,0.48828125,4873,303,BLAa,BLA,156,left,0
4874,4875,2,6567.06,5890.56,2741.120000000001,0.19140625,4874,303,BLAa,BLA,156,left,0
4875,4876,2,6566.02,5893.04,2741.3600000000006,0.48828125,4875,303,BLAa,BLA,156,left,0
4876,4877,2,6564.72,5895.0,2741.74,0.37890625,4876,303,BLAa,BLA,156,left,0
4877,4878,2,6562.52,5896.78,2741.959999999999,0.296875,4877,303,BLAa,BLA,156,left,0
4878,4879,2,6560.42,5898.02,2741.66,0.32421875,4878,303,BLAa,BLA,156,left,0
4879,4880,2,6559.94,5899.2,2740.540000000001,0.1640625,4879,303,BLAa,BLA,156,left,0
4880,4881,2,6498.68,6090.46,2785.1399999999994,0.296875,4521,303,BLAa,BLA,157,left,0
4881,4882,2,6498.32,6087.3,2785.5,0.4609375,4881,303,BLAa,BLA,157,left,0
4882,4883,2,6498.4,6085.16,2784.92,0.32421875,4882,303,BLAa,BLA,157,left,0
4883,4884,2,6498.7,6083.64,2783.9,0.2421875,4883,303,BLAa,BLA,157,left,0
4884,4885,2,6498.4,6080.4,2782.8,0.32421875,4884,303,BLAa,BLA,157,left,0
4885,4886,2,6499.52,6078.44,2782.1800000000003,0.1640625,4885,303,BLAa,BLA,157,left,0
4886,4887,2,6499.96,6076.62,2781.6399999999994,0.2421875,4886,303,BLAa,BLA,157,left,0
4887,4888,2,6501.18,6075.14,2780.84,0.21484375,4887,303,BLAa,BLA,157,left,0
4888,4889,2,6502.1,6073.74,2779.92,0.26953125,4888,303,BLAa,BLA,157,left,0
4889,4890,2,6502.32,6070.92,2778.2000000000007,0.00390625,4889,303,BLAa,BLA,157,left,0
4890,4891,2,6502.58,6069.4,2777.040000000001,0.54296875,4890,303,BLAa,BLA,157,left,0
4891,4892,2,6502.34,6068.54,2775.32,1.54296875,4891,303,BLAa,BLA,157,left,0
4892,4893,2,6503.24,6068.46,2774.540000000001,0.54296875,4892,303,BLAa,BLA,157,left,0
4893,4894,2,6505.54,6068.3,2774.540000000001,0.2421875,4893,303,BLAa,BLA,157,left,0
4894,4895,2,6507.24,6067.8,2774.6000000000004,0.296875,4894,303,BLAa,BLA,157,left,0
4895,4896,2,6509.5,6067.12,2774.42,0.3515625,4895,303,BLAa,BLA,157,left,0
4896,4897,2,6510.4,6066.8,2774.1000000000004,0.1640625,4896,303,BLAa,BLA,157,left,0
4897,4898,2,6511.6,6066.68,2773.72,0.01953125,4897,303,BLAa,BLA,157,left,0
4898,4899,2,6514.6,6066.92,2773.8,0.40625,4898,303,BLAa,BLA,157,left,0
4899,4900,2,6516.64,6067.64,2774.5599999999995,0.73046875,4899,303,BLAa,BLA,157,left,0
4900,4901,2,6519.22,6067.88,2774.92,0.515625,4900,303,BLAa,BLA,157,left,0
4901,4902,2,6520.26,6068.56,2776.0599999999995,0.0078125,4901,303,BLAa,BLA,157,left,0
4902,4903,2,6521.8,6069.1,2776.0,0.4609375,4902,303,BLAa,BLA,157,left,0
4903,4904,2,6522.28,6069.78,2774.74,0.32421875,4903,303,BLAa,BLA,157,left,0
4904,4905,2,6523.52,6069.84,2773.4,0.19140625,4904,303,BLAa,BLA,157,left,0
4905,4906,2,6524.9,6068.94,2772.74,0.40625,4905,303,BLAa,BLA,157,left,0
4906,4907,2,6526.18,6068.34,2771.22,0.40625,4906,303,BLAa,BLA,157,left,0
4907,4908,2,6527.16,6068.18,2769.540000000001,0.37890625,4907,303,BLAa,BLA,157,left,0
4908,4909,2,6527.88,6067.54,2768.0599999999995,0.43359375,4908,303,BLAa,BLA,157,left,0
4909,4910,2,6528.78,6067.12,2767.9400000000005,0.32421875,4909,303,BLAa,BLA,157,left,0
4910,4911,2,6528.38,6064.88,2767.1800000000003,0.0078125,4910,303,BLAa,BLA,157,left,0
4911,4912,2,6529.0,6062.72,2766.5200000000004,0.2421875,4911,303,BLAa,BLA,157,left,0
4912,4913,2,6530.68,6060.68,2766.1399999999994,0.48828125,4912,303,BLAa,BLA,157,left,0
4913,4914,2,6531.84,6058.84,2766.24,0.2421875,4913,303,BLAa,BLA,157,left,0
4914,4915,2,6533.86,6057.68,2766.4,0.32421875,4914,303,BLAa,BLA,157,left,0
4915,4916,2,6535.86,6058.0,2765.1000000000004,0.0078125,4915,303,BLAa,BLA,157,left,0
4916,4917,2,6538.3,6057.76,2762.58,0.37890625,4916,303,BLAa,BLA,157,left,0
4917,4918,2,6540.26,6057.58,2760.9400000000005,0.1640625,4917,303,BLAa,BLA,157,left,0
4918,4919,2,6541.04,6057.46,2759.2000000000007,0.3515625,4918,303,BLAa,BLA,157,left,0
4919,4920,2,6542.28,6057.36,2758.4,0.26953125,4919,303,BLAa,BLA,157,left,0
4920,4921,2,6543.62,6058.6,2756.66,0.00390625,4920,303,BLAa,BLA,157,left,0
4921,4922,2,6545.4,6059.34,2755.9,0.32421875,4921,303,BLAa,BLA,157,left,0
4922,4923,2,6548.02,6059.38,2755.879999999999,0.32421875,4922,303,BLAa,BLA,157,left,0
4923,4924,2,6550.2,6059.1,2755.9400000000005,0.32421875,4923,303,BLAa,BLA,157,left,0
4924,4925,2,6551.32,6058.78,2755.98,0.26953125,4924,303,BLAa,BLA,157,left,1
4925,4926,2,6499.14,6089.9,2783.120000000001,0.4609375,4521,303,BLAa,BLA,158,left,0
4926,4927,2,6499.4,6090.34,2780.74,0.296875,4926,303,BLAa,BLA,158,left,0
4927,4928,2,6499.32,6090.38,2779.9400000000005,0.015625,4927,303,BLAa,BLA,158,left,1
4928,4929,2,6451.84,6147.84,2784.1399999999994,0.296875,4560,1105,IA,IA,159,left,0
4929,4930,2,6453.6,6146.88,2783.879999999999,0.48828125,4929,1105,IA,IA,159,left,0
4930,4931,2,6454.78,6145.58,2783.48,0.1640625,4930,1105,IA,IA,159,left,0
4931,4932,2,6455.98,6144.06,2783.76,0.3515625,4931,703,CTXsp,CTXsp,159,left,0
4932,4933,2,6457.8,6143.74,2784.4400000000005,0.19140625,4932,703,CTXsp,CTXsp,159,left,0
4933,4934,2,6459.78,6144.96,2784.7000000000007,0.296875,4933,703,CTXsp,CTXsp,159,left,0
4934,4935,2,6460.7,6146.32,2784.92,0.21484375,4934,1105,IA,IA,159,left,0
4935,4936,2,6461.14,6148.4,2784.48,0.2421875,4935,1105,IA,IA,159,left,0
4936,4937,2,6460.6,6149.78,2784.0,0.48828125,4936,1105,IA,IA,159,left,0
4937,4938,2,6460.9,6152.16,2783.4400000000005,0.0078125,4937,1105,IA,IA,159,left,0
4938,4939,2,6461.92,6152.7,2782.879999999999,0.32421875,4938,1105,IA,IA,159,left,0
4939,4940,2,6463.26,6153.7,2780.620000000001,0.19140625,4939,1105,IA,IA,159,left,0
4940,4941,2,6464.52,6154.16,2779.0599999999995,0.2421875,4940,1105,IA,IA,159,left,0
4941,4942,2,6465.36,6155.24,2778.24,0.37890625,4941,1105,IA,IA,159,left,0
4942,4943,2,6467.6,6156.04,2777.08,0.32421875,4942,1105,IA,IA,159,left,0
4943,4944,2,6469.12,6156.82,2775.8,0.32421875,4943,1105,IA,IA,159,left,0
4944,4945,2,6470.1,6157.6,2774.76,0.32421875,4944,703,CTXsp,CTXsp,159,left,0
4945,4946,2,6472.24,6157.32,2773.8,0.1640625,4945,703,CTXsp,CTXsp,159,left,0
4946,4947,2,6474.24,6155.78,2773.34,0.43359375,4946,703,CTXsp,CTXsp,159,left,0
4947,4948,2,6475.1,6154.72,2772.7000000000007,0.2421875,4947,303,BLAa,BLA,159,left,0
4948,4949,2,6476.78,6153.96,2770.879999999999,0.32421875,4948,303,BLAa,BLA,159,left,0
4949,4950,2,6477.06,6153.56,2769.2800000000007,0.37890625,4949,303,BLAa,BLA,159,left,0
4950,4951,2,6478.3,6153.8,2768.42,0.43359375,4950,303,BLAa,BLA,159,left,0
4951,4952,2,6479.54,6155.18,2767.84,0.48828125,4951,703,CTXsp,CTXsp,159,left,0
4952,4953,2,6481.28,6155.66,2766.620000000001,0.1640625,4952,703,CTXsp,CTXsp,159,left,0
4953,4954,2,6482.46,6155.26,2765.7000000000007,0.2421875,4953,703,CTXsp,CTXsp,159,left,0
4954,4955,2,6451.92,6149.3,2783.2800000000007,0.00390625,4560,1105,IA,IA,160,left,0
4955,4956,2,6452.72,6150.08,2782.379999999999,0.54296875,4955,1105,IA,IA,160,left,0
4956,4957,2,6452.34,6152.0,2781.32,0.0078125,4956,1105,IA,IA,160,left,0
4957,4958,2,6452.12,6154.5,2780.540000000001,0.2421875,4957,1105,IA,IA,160,left,0
4958,4959,2,6452.28,6156.8,2779.58,0.1640625,4958,1105,IA,IA,160,left,0
4959,4960,2,6451.9,6158.76,2779.26,0.32421875,4959,1105,IA,IA,160,left,0
4960,4961,2,6449.44,6158.76,2780.4400000000005,0.0078125,4960,1105,IA,IA,160,left,0
4961,4962,2,6448.48,6158.42,2781.959999999999,0.54296875,4961,1105,IA,IA,160,left,0
4962,4963,2,6447.7,6158.26,2783.5200000000004,0.26953125,4962,1105,IA,IA,160,left,0
4963,4964,2,6446.1,6158.34,2784.620000000001,0.32421875,4963,1105,IA,IA,160,left,1
4964,4965,2,6441.84,6066.18,2795.5,0.3515625,4610,477,STR,STR,161,left,0
4965,4966,2,6441.16,6068.26,2794.5,0.26953125,4965,477,STR,STR,161,left,0
4966,4967,2,6441.16,6070.5,2793.58,0.26953125,4966,477,STR,STR,161,left,0
4967,4968,2,6440.48,6072.1,2792.98,0.43359375,4967,477,STR,STR,161,left,0
4968,4969,2,6439.98,6074.5,2792.120000000001,0.1640625,4968,477,STR,STR,161,left,0
4969,4970,2,6439.9,6077.92,2790.8,0.54296875,4969,477,STR,STR,161,left,0
4970,4971,2,6439.94,6079.16,2789.5,0.296875,4970,477,STR,STR,161,left,0
4971,4972,2,6440.98,6065.18,2797.120000000001,0.00390625,4610,477,STR,STR,162,left,0
4972,4973,2,6440.8,6067.08,2797.08,0.40625,4972,477,STR,STR,162,left,0
4973,4974,2,6439.38,6068.78,2796.92,0.515625,4973,477,STR,STR,162,left,0
4974,4975,2,6438.12,6070.58,2796.76,0.19140625,4974,477,STR,STR,162,left,0
4975,4976,2,6437.44,6071.44,2797.3,0.37890625,4975,477,STR,STR,162,left,0
4976,4977,2,6437.92,6073.32,2799.4400000000005,0.00390625,4976,477,STR,STR,162,left,0
4977,4978,2,6438.48,6074.4,2802.1000000000004,0.21484375,4977,477,STR,STR,162,left,0
4978,4979,2,6439.78,6074.64,2803.22,0.21484375,4978,477,STR,STR,162,left,0
4979,4980,2,6441.04,6075.04,2804.6000000000004,0.296875,4979,477,STR,STR,162,left,0
4980,4981,2,6443.18,6075.46,2805.76,0.2421875,4980,477,STR,STR,162,left,0
4981,4982,2,6444.76,6075.94,2806.42,0.37890625,4981,477,STR,STR,162,left,0
4982,4983,2,6446.72,6076.12,2807.540000000001,0.32421875,4982,477,STR,STR,162,left,0
4983,4984,2,6448.44,6076.12,2807.959999999999,0.21484375,4983,477,STR,STR,162,left,0
4984,4985,2,6471.38,6022.26,2812.6000000000004,0.40625,4625,544,CEAc,CEA,163,left,0
4985,4986,2,6470.86,6017.12,2814.1399999999994,0.4609375,4985,544,CEAc,CEA,163,left,0
4986,4987,2,6470.64,6014.84,2814.959999999999,0.62109375,4986,544,CEAc,CEA,163,left,0
4987,4988,2,6471.44,6013.28,2814.7800000000007,0.4609375,4987,544,CEAc,CEA,163,left,0
4988,4989,2,6472.0,6011.5,2815.959999999999,0.1640625,4988,544,CEAc,CEA,163,left,0
4989,4990,2,6473.0,6010.22,2816.7800000000007,0.296875,4989,544,CEAc,CEA,163,left,0
4990,4991,2,6474.08,6008.56,2818.040000000001,0.296875,4990,544,CEAc,CEA,163,left,0
4991,4992,2,6475.1,6007.34,2818.5,0.26953125,4991,544,CEAc,CEA,163,left,0
4992,4993,2,6476.94,6006.78,2818.32,0.32421875,4992,544,CEAc,CEA,163,left,0
4993,4994,2,6479.02,6006.66,2818.2800000000007,0.21484375,4993,544,CEAc,CEA,163,left,0
4994,4995,2,6481.18,6006.22,2818.22,0.19140625,4994,544,CEAc,CEA,163,left,0
4995,4996,2,6482.96,6005.42,2817.9,0.48828125,4995,544,CEAc,CEA,163,left,0
4996,4997,2,6485.14,6003.44,2817.6399999999994,0.40625,4996,544,CEAc,CEA,163,left,0
4997,4998,2,6486.44,6002.42,2816.879999999999,0.21484375,4997,544,CEAc,CEA,163,left,0
4998,4999,2,6487.78,6001.58,2815.92,0.00390625,4998,544,CEAc,CEA,163,left,0
4999,5000,2,6488.7,6000.46,2814.58,0.26953125,4999,544,CEAc,CEA,163,left,0
5000,5001,2,6490.12,5999.04,2813.6800000000003,0.26953125,5000,544,CEAc,CEA,163,left,0
5001,5002,2,6492.42,5997.58,2812.879999999999,0.43359375,5001,544,CEAc,CEA,163,left,0
5002,5003,2,6494.44,5996.88,2812.32,0.32421875,5002,544,CEAc,CEA,163,left,0
5003,5004,2,6495.96,5996.84,2812.1800000000003,0.32421875,5003,544,CEAc,CEA,163,left,1
5004,5005,2,6471.8,6023.44,2815.120000000001,0.00390625,4625,544,CEAc,CEA,164,left,0
5005,5006,2,6471.7,6020.72,2817.6399999999994,0.32421875,5005,544,CEAc,CEA,164,left,0
5006,5007,2,6471.66,6019.32,2819.1000000000004,0.43359375,5006,544,CEAc,CEA,164,left,0
5007,5008,2,6470.7,6017.64,2820.34,0.32421875,5007,544,CEAc,CEA,164,left,0
5008,5009,2,6469.56,6016.06,2821.4400000000005,0.26953125,5008,544,CEAc,CEA,164,left,0
5009,5010,2,6469.16,6014.26,2822.4,0.40625,5009,544,CEAc,CEA,164,left,0
5010,5011,2,6468.38,6012.58,2822.92,0.00390625,5010,544,CEAc,CEA,164,left,1
5011,5012,2,6555.12,5852.02,2816.26,0.01171875,4645,544,CEAc,CEA,165,left,0
5012,5013,2,6555.26,5848.28,2816.959999999999,0.37890625,5012,544,CEAc,CEA,165,left,0
5013,5014,2,6556.46,5847.72,2817.2000000000007,0.32421875,5013,544,CEAc,CEA,165,left,0
5014,5015,2,6556.78,5844.9,2817.620000000001,0.0078125,5014,544,CEAc,CEA,165,left,0
5015,5016,2,6556.5,5841.18,2818.76,0.54296875,5015,544,CEAc,CEA,165,left,0
5016,5017,2,6556.3,5838.86,2818.4,0.26953125,5016,544,CEAc,CEA,165,left,0
5017,5018,2,6557.0,5837.48,2817.6399999999994,0.19140625,5017,544,CEAc,CEA,165,left,0
5018,5019,2,6558.2,5837.1,2816.2000000000007,0.3515625,5018,544,CEAc,CEA,165,left,0
5019,5020,2,6559.44,5837.0,2815.459999999999,0.01171875,5019,544,CEAc,CEA,165,left,1
5020,5021,2,6552.86,5854.22,2814.9400000000005,0.015625,4645,544,CEAc,CEA,166,left,0
5021,5022,2,6551.2,5855.64,2813.58,0.73046875,5021,544,CEAc,CEA,166,left,0
5022,5023,2,6551.08,5857.5,2812.540000000001,0.40625,5022,544,CEAc,CEA,166,left,0
5023,5024,2,6552.36,5860.54,2811.82,0.4609375,5023,544,CEAc,CEA,166,left,0
5024,5025,2,6552.62,5862.74,2811.8600000000006,0.40625,5024,544,CEAc,CEA,166,left,0
5025,5026,2,6552.02,5864.5,2811.32,0.40625,5025,544,CEAc,CEA,166,left,0
5026,5027,2,6551.9,5867.08,2809.72,0.296875,5026,544,CEAc,CEA,166,left,0
5027,5028,2,6551.94,5869.18,2808.0,0.32421875,5027,544,CEAc,CEA,166,left,0
5028,5029,2,6551.98,5869.92,2807.6399999999994,0.01953125,5028,544,CEAc,CEA,166,left,1
5029,5030,2,6615.9,5964.48,2817.1800000000003,0.00390625,4665,477,STR,STR,167,left,0
5030,5031,2,6617.54,5965.84,2816.22,0.296875,5030,477,STR,STR,167,left,0
5031,5032,2,6619.72,5966.16,2815.16,0.2421875,5031,477,STR,STR,167,left,0
5032,5033,2,6621.1,5966.02,2814.120000000001,0.5703125,5032,477,STR,STR,167,left,0
5033,5034,2,6622.34,5964.56,2813.72,0.43359375,5033,477,STR,STR,167,left,0
5034,5035,2,6623.98,5963.2,2814.22,0.00390625,5034,477,STR,STR,167,left,0
5035,5036,2,6626.0,5962.3,2814.4,0.3515625,5035,477,STR,STR,167,left,0
5036,5037,2,6627.52,5960.62,2814.6399999999994,0.32421875,5036,477,STR,STR,167,left,0
5037,5038,2,6627.74,5958.42,2814.84,0.4609375,5037,477,STR,STR,167,left,0
5038,5039,2,6627.86,5957.7,2814.0,0.40625,5038,477,STR,STR,167,left,0
5039,5040,2,6629.26,5957.56,2813.5599999999995,0.26953125,5039,477,STR,STR,167,left,0
5040,5041,2,6630.8,5956.22,2813.0599999999995,0.37890625,5040,477,STR,STR,167,left,0
5041,5042,2,6631.28,5954.68,2811.9400000000005,0.21484375,5041,477,STR,STR,167,left,0
5042,5043,2,6631.98,5952.6,2811.0200000000004,0.32421875,5042,477,STR,STR,167,left,0
5043,5044,2,6632.52,5950.22,2810.3600000000006,0.21484375,5043,477,STR,STR,167,left,0
5044,5045,2,6633.5,5948.78,2809.34,0.2421875,5044,477,STR,STR,167,left,0
5045,5046,2,6635.48,5949.02,2808.74,0.2421875,5045,477,STR,STR,167,left,0
5046,5047,2,6637.58,5949.3,2807.66,0.32421875,5046,477,STR,STR,167,left,0
5047,5048,2,6638.82,5949.52,2807.5,0.32421875,5047,477,STR,STR,167,left,0
5048,5049,2,6639.88,5947.04,2807.16,0.0078125,5048,477,STR,STR,167,left,0
5049,5050,2,6641.08,5945.26,2806.5,0.1640625,5049,477,STR,STR,167,left,0
5050,5051,2,6643.94,5944.36,2805.48,0.32421875,5050,477,STR,STR,167,left,0
5051,5052,2,6644.7,5942.86,2805.0200000000004,0.1640625,5051,477,STR,STR,167,left,0
5052,5053,2,6645.9,5941.18,2804.4,0.2421875,5052,477,STR,STR,167,left,0
5053,5054,2,6647.04,5940.1,2803.48,0.26953125,5053,477,STR,STR,167,left,0
5054,5055,2,6648.7,5939.18,2802.6000000000004,0.1640625,5054,477,STR,STR,167,left,0
5055,5056,2,6650.76,5938.56,2801.0200000000004,0.37890625,5055,477,STR,STR,167,left,0
5056,5057,2,6652.04,5938.18,2800.1000000000004,0.19140625,5056,477,STR,STR,167,left,0
5057,5058,2,6652.24,5936.78,2799.3,0.19140625,5057,477,STR,STR,167,left,0
5058,5059,2,6653.34,5936.02,2798.92,0.1640625,5058,477,STR,STR,167,left,0
5059,5060,2,6655.42,5936.38,2798.6000000000004,0.32421875,5059,477,STR,STR,167,left,0
5060,5061,2,6613.46,5965.16,2818.9400000000005,0.00390625,4665,477,STR,STR,168,left,0
5061,5062,2,6612.16,5967.7,2818.82,0.32421875,5061,477,STR,STR,168,left,0
5062,5063,2,6611.08,5969.44,2818.5599999999995,0.19140625,5062,477,STR,STR,168,left,0
5063,5064,2,6609.22,5969.86,2818.34,0.26953125,5063,477,STR,STR,168,left,0
5064,5065,2,6607.92,5971.5,2817.6000000000004,0.37890625,5064,477,STR,STR,168,left,0
5065,5066,2,6607.28,5973.74,2817.379999999999,0.1640625,5065,477,STR,STR,168,left,0
5066,5067,2,6607.12,5975.1,2818.0599999999995,0.5703125,5066,477,STR,STR,168,left,0
5067,5068,2,6607.32,5977.72,2817.959999999999,0.2421875,5067,477,STR,STR,168,left,0
5068,5069,2,6606.8,5979.58,2817.48,0.296875,5068,477,STR,STR,168,left,0
5069,5070,2,6605.74,5982.62,2818.0599999999995,0.32421875,5069,477,STR,STR,168,left,0
5070,5071,2,6605.1,5984.16,2818.379999999999,0.40625,5070,477,STR,STR,168,left,0
5071,5072,2,6605.34,5986.7,2818.120000000001,0.2421875,5071,477,STR,STR,168,left,0
5072,5073,2,6605.2,5989.02,2817.0599999999995,0.296875,5072,477,STR,STR,168,left,0
5073,5074,2,6604.7,5991.1,2815.98,0.703125,5073,477,STR,STR,168,left,0
5074,5075,2,6604.82,5994.94,2814.959999999999,0.32421875,5074,477,STR,STR,168,left,0
5075,5076,2,6603.66,5996.3,2814.76,0.2421875,5075,477,STR,STR,168,left,0
5076,5077,2,6601.64,5996.8,2814.6800000000003,0.32421875,5076,477,STR,STR,168,left,1
5077,5078,2,6543.98,6147.64,2816.84,0.00390625,4749,1105,IA,IA,169,left,0
5078,5079,2,6544.44,6148.64,2815.0200000000004,0.19140625,5078,1105,IA,IA,169,left,0
5079,5080,2,6545.86,6149.9,2814.24,0.32421875,5079,703,CTXsp,CTXsp,169,left,0
5080,5081,2,6546.34,6151.92,2813.1000000000004,0.1640625,5080,703,CTXsp,CTXsp,169,left,1
5081,5082,2,6542.94,6147.56,2817.3,0.00390625,4749,1105,IA,IA,170,left,0
5082,5083,2,6624.74,5943.62,2713.82,0.08203125,4752,303,BLAa,BLA,171,left,0
5083,5084,2,6623.88,5945.06,2713.66,0.54296875,5083,303,BLAa,BLA,171,left,0
5084,5085,2,6624.04,5946.78,2713.6399999999994,0.21484375,5084,303,BLAa,BLA,171,left,0
5085,5086,2,6624.06,5943.88,2714.48,0.0078125,4752,303,BLAa,BLA,172,left,0
5086,5087,2,6623.96,5944.64,2715.74,0.26953125,5086,303,BLAa,BLA,172,left,0
5087,5088,2,6621.68,5946.74,2715.9,0.26953125,5087,303,BLAa,BLA,172,left,0
5088,5089,2,6621.66,5947.98,2713.92,0.00390625,5088,303,BLAa,BLA,172,left,0
5089,5090,2,6620.1,5949.36,2713.3600000000006,0.62109375,5089,303,BLAa,BLA,172,left,0
5090,5091,2,6618.34,5951.82,2712.620000000001,0.32421875,5090,303,BLAa,BLA,172,left,0
5091,5092,2,6617.1,5953.54,2711.2800000000007,0.43359375,5091,303,BLAa,BLA,172,left,0
5092,5093,2,6615.24,5956.44,2709.7800000000007,0.4609375,5092,303,BLAa,BLA,172,left,0
5093,5094,2,6614.42,5958.0,2709.26,0.2421875,5093,303,BLAa,BLA,172,left,0
5094,5095,2,6613.7,5961.7,2708.6000000000004,0.89453125,5094,303,BLAa,BLA,172,left,0
5095,5096,2,6613.7,5964.42,2707.6399999999994,0.2421875,5095,303,BLAa,BLA,172,left,0
5096,5097,2,6612.84,5966.0,2706.92,0.43359375,5096,303,BLAa,BLA,172,left,0
5097,5098,2,6611.26,5967.0,2706.120000000001,0.296875,5097,303,BLAa,BLA,172,left,0
5098,5099,2,6608.4,5967.84,2704.26,0.26953125,5098,303,BLAa,BLA,172,left,0
5099,5100,2,6606.84,5968.28,2703.1000000000004,0.1640625,5099,303,BLAa,BLA,172,left,0
5100,5101,2,6604.68,5970.38,2701.74,0.26953125,5100,303,BLAa,BLA,172,left,0
5101,5102,2,6604.22,5972.42,2701.16,0.3515625,5101,303,BLAa,BLA,172,left,0
5102,5103,2,6603.1,5975.88,2700.48,0.26953125,5102,303,BLAa,BLA,172,left,0
5103,5104,2,6602.86,5977.56,2700.5,0.01171875,5103,303,BLAa,BLA,172,left,0
5104,5105,2,6587.32,5927.82,2682.4,0.02734375,4802,303,BLAa,BLA,173,left,0
5105,5106,2,6586.72,5926.04,2683.5,0.73046875,5105,303,BLAa,BLA,173,left,0
5106,5107,2,6585.28,5925.76,2683.82,0.37890625,5106,303,BLAa,BLA,173,left,1
5107,5108,2,6588.86,5926.96,2681.3600000000006,0.00390625,4802,303,BLAa,BLA,174,left,0
5108,5109,2,6590.26,5926.26,2680.3,0.4609375,5108,303,BLAa,BLA,174,left,0
5109,5110,2,6592.2,5924.92,2679.5599999999995,0.5703125,5109,303,BLAa,BLA,174,left,0
5110,5111,2,6593.5,5923.2,2679.08,0.26953125,5110,303,BLAa,BLA,174,left,0
5111,5112,2,6594.16,5921.24,2678.7800000000007,0.1640625,5111,303,BLAa,BLA,174,left,0
5112,5113,2,6595.84,5918.84,2679.08,0.2421875,5112,303,BLAa,BLA,174,left,0
5113,5114,2,6597.5,5915.5,2679.82,0.37890625,5113,303,BLAa,BLA,174,left,0
5114,5115,2,6598.02,5913.0,2680.1399999999994,0.48828125,5114,303,BLAa,BLA,174,left,0
5115,5116,2,6599.02,5910.84,2680.2800000000007,0.00390625,5115,303,BLAa,BLA,174,left,0
5116,5117,2,6599.84,5908.6,2680.9,0.2421875,5116,303,BLAa,BLA,174,left,0
5117,5118,2,6599.68,5906.74,2681.8,0.83984375,5117,303,BLAa,BLA,174,left,0
5118,5119,2,6599.58,5905.78,2682.040000000001,0.0234375,5118,303,BLAa,BLA,174,left,1
5119,5120,2,6685.4,5850.3,2723.16,0.0078125,4809,303,BLAa,BLA,175,left,0
5120,5121,2,6687.44,5848.82,2722.879999999999,0.1640625,5120,303,BLAa,BLA,175,left,0
5121,5122,2,6688.1,5848.0,2722.32,0.515625,5121,303,BLAa,BLA,175,left,0
5122,5123,2,6689.02,5847.72,2720.76,0.0078125,5122,303,BLAa,BLA,175,left,0
5123,5124,2,6690.1,5847.16,2719.4,0.2421875,5123,303,BLAa,BLA,175,left,0
5124,5125,2,6691.58,5846.08,2718.48,0.19140625,5124,303,BLAa,BLA,175,left,0
5125,5126,2,6692.84,5845.68,2717.8,0.32421875,5125,303,BLAa,BLA,175,left,0
5126,5127,2,6694.66,5845.5,2717.8,0.32421875,5126,303,BLAa,BLA,175,left,0
5127,5128,2,6696.12,5845.64,2717.2000000000007,0.3515625,5127,303,BLAa,BLA,175,left,0
5128,5129,2,6696.38,5846.38,2716.379999999999,0.3515625,5128,303,BLAa,BLA,175,left,0
5129,5130,2,6697.62,5846.02,2714.9400000000005,0.32421875,5129,303,BLAa,BLA,175,left,0
5130,5131,2,6698.68,5844.7,2713.4,0.40625,5130,303,BLAa,BLA,175,left,0
5131,5132,2,6699.54,5843.74,2711.8600000000006,0.37890625,5131,303,BLAa,BLA,175,left,0
5132,5133,2,6700.7,5843.7,2711.0200000000004,0.40625,5132,303,BLAa,BLA,175,left,0
5133,5134,2,6685.04,5851.14,2722.6000000000004,0.01953125,4809,303,BLAa,BLA,176,left,0
5134,5135,2,6685.68,5850.66,2720.379999999999,0.19140625,5134,303,BLAa,BLA,176,left,0
5135,5136,2,6687.14,5849.88,2718.74,0.3515625,5135,303,BLAa,BLA,176,left,0
5136,5137,2,6688.58,5849.12,2717.7800000000007,0.296875,5136,303,BLAa,BLA,176,left,0
5137,5138,2,6689.6,5848.88,2716.9400000000005,0.21484375,5137,303,BLAa,BLA,176,left,0
5138,5139,2,6690.72,5850.26,2715.1800000000003,0.00390625,5138,303,BLAa,BLA,176,left,0
5139,5140,2,6692.28,5852.0,2714.5200000000004,0.48828125,5139,303,BLAa,BLA,176,left,0
5140,5141,2,6694.02,5852.68,2712.92,0.32421875,5140,303,BLAa,BLA,176,left,0
5141,5142,2,6695.04,5852.62,2711.879999999999,0.2421875,5141,303,BLAa,BLA,176,left,0
5142,5143,2,6695.28,5853.16,2710.1800000000003,0.21484375,5142,303,BLAa,BLA,176,left,0
5143,5144,2,6695.32,5853.26,2707.74,0.32421875,5143,303,BLAa,BLA,176,left,0
5144,5145,2,6696.78,5853.7,2706.58,0.19140625,5144,303,BLAa,BLA,176,left,0
5145,5146,2,6699.52,5854.14,2704.9400000000005,0.37890625,5145,303,BLAa,BLA,176,left,0
5146,5147,2,6701.1,5853.92,2703.72,0.32421875,5146,303,BLAa,BLA,176,left,0
5147,5148,2,6702.34,5853.76,2703.24,0.37890625,5147,303,BLAa,BLA,176,left,0
5148,5149,2,6704.42,5853.5,2702.0200000000004,0.00390625,5148,303,BLAa,BLA,176,left,0
5149,5150,2,6705.3,5853.36,2700.34,0.32421875,5149,303,BLAa,BLA,176,left,0
5150,5151,2,6705.2,5853.62,2699.120000000001,0.1640625,5150,303,BLAa,BLA,176,left,0
5151,5152,2,6706.26,5853.3,2698.26,0.1640625,5151,303,BLAa,BLA,176,left,0
5152,5153,2,6708.12,5852.24,2698.2000000000007,0.3515625,5152,303,BLAa,BLA,176,left,0
5153,5154,2,6709.1,5850.6,2697.9,0.296875,5153,303,BLAa,BLA,176,left,0
5154,5155,2,6708.82,5849.92,2696.08,0.296875,5154,303,BLAa,BLA,176,left,0
5155,5156,2,6708.64,5850.24,2694.16,0.48828125,5155,303,BLAa,BLA,176,left,0
5156,5157,2,6709.9,5850.48,2692.620000000001,0.00390625,5156,303,BLAa,BLA,176,left,0
5157,5158,2,6710.42,5849.66,2690.82,0.296875,5157,303,BLAa,BLA,176,left,0
5158,5159,2,6710.84,5848.74,2689.08,0.3515625,5158,303,BLAa,BLA,176,left,0
5159,5160,2,6712.26,5849.14,2687.6399999999994,0.59765625,5159,303,BLAa,BLA,176,left,0
5160,5161,2,6714.0,5850.24,2686.6800000000003,0.32421875,5160,303,BLAa,BLA,176,left,0
5161,5162,2,6716.14,5850.44,2685.7800000000007,0.26953125,5161,303,BLAa,BLA,176,left,0
5162,5163,2,6717.88,5849.8,2685.0599999999995,0.296875,5162,303,BLAa,BLA,176,left,0
5163,5164,2,6719.6,5848.84,2684.58,0.48828125,5163,303,BLAa,BLA,176,left,0
5164,5165,2,6721.5,5848.26,2683.879999999999,0.296875,5164,303,BLAa,BLA,176,left,0
5165,5166,2,6722.58,5847.84,2683.7000000000007,0.296875,5165,303,BLAa,BLA,176,left,0
5166,5167,2,6723.82,5845.88,2684.32,0.00390625,5166,303,BLAa,BLA,176,left,0
5167,5168,2,6725.46,5844.42,2685.3600000000006,0.37890625,5167,303,BLAa,BLA,176,left,0
5168,5169,2,6726.0,5842.8,2685.8600000000006,0.3515625,5168,303,BLAa,BLA,176,left,0
5169,5170,2,6727.34,5840.46,2686.2800000000007,0.40625,5169,303,BLAa,BLA,176,left,0
5170,5171,2,6728.06,5838.4,2686.6399999999994,0.296875,5170,303,BLAa,BLA,176,left,0
5171,5172,2,6729.3,5836.9,2686.1000000000004,0.4609375,5171,303,BLAa,BLA,176,left,0
5172,5173,2,6729.1,5834.78,2685.4,0.3515625,5172,303,BLAa,BLA,176,left,0
5173,5174,2,6729.48,5832.78,2684.5200000000004,0.48828125,5173,303,BLAa,BLA,176,left,0
5174,5175,2,6729.42,5829.48,2684.120000000001,0.37890625,5174,303,BLAa,BLA,176,left,0
5175,5176,2,6729.82,5827.92,2683.4400000000005,0.48828125,5175,303,BLAa,BLA,176,left,1
5176,5177,2,6558.98,5899.54,2740.3,0.01953125,4880,303,BLAa,BLA,177,left,0
5177,5178,2,6558.96,5901.08,2739.34,0.3515625,5177,303,BLAa,BLA,177,left,0
5178,5179,2,6557.94,5902.36,2738.4400000000005,0.26953125,5178,303,BLAa,BLA,177,left,0
5179,5180,2,6556.48,5903.14,2738.66,0.296875,5179,303,BLAa,BLA,177,left,0
5180,5181,2,6555.2,5904.82,2739.82,0.3515625,5180,303,BLAa,BLA,177,left,0
5181,5182,2,6554.46,5906.08,2740.5599999999995,0.43359375,5181,303,BLAa,BLA,177,left,0
5182,5183,2,6553.6,5908.36,2741.22,0.54296875,5182,303,BLAa,BLA,177,left,0
5183,5184,2,6552.64,5909.68,2741.5599999999995,0.32421875,5183,303,BLAa,BLA,177,left,0
5184,5185,2,6552.92,5912.02,2741.16,0.00390625,5184,303,BLAa,BLA,177,left,0
5185,5186,2,6553.46,5917.24,2739.32,0.40625,5185,303,BLAa,BLA,177,left,0
5186,5187,2,6554.18,5918.72,2739.1399999999994,0.296875,5186,303,BLAa,BLA,177,left,0
5187,5188,2,6555.08,5921.26,2739.58,0.48828125,5187,303,BLAa,BLA,177,left,0
5188,5189,2,6556.38,5925.3,2740.0,0.37890625,5188,303,BLAa,BLA,177,left,0
5189,5190,2,6557.8,5927.5,2740.4400000000005,0.89453125,5189,303,BLAa,BLA,177,left,0
5190,5191,2,6558.56,5928.88,2741.9,0.54296875,5190,303,BLAa,BLA,177,left,0
5191,5192,2,6558.78,5929.24,2743.459999999999,0.19140625,5191,303,BLAa,BLA,177,left,0
5192,5193,2,6559.0,5929.5,2745.1399999999994,0.32421875,5192,303,BLAa,BLA,177,left,0
5193,5194,2,6559.28,5928.84,2748.540000000001,0.00390625,5193,303,BLAa,BLA,177,left,0
5194,5195,2,6559.0,5899.68,2740.26,0.01953125,4880,303,BLAa,BLA,178,left,0
5195,5196,2,6559.8,5901.96,2739.24,0.3515625,5195,303,BLAa,BLA,178,left,0
5196,5197,2,6561.26,5903.7,2738.76,0.2421875,5196,303,BLAa,BLA,178,left,0
5197,5198,2,6563.72,5904.9,2737.9400000000005,0.32421875,5197,303,BLAa,BLA,178,left,0
5198,5199,2,6565.52,5906.72,2737.32,0.32421875,5198,303,BLAa,BLA,178,left,0
5199,5200,2,6565.12,5909.2,2736.040000000001,0.00390625,5199,303,BLAa,BLA,178,left,0
5200,5201,2,6563.86,5909.48,2733.9400000000005,0.4609375,5200,303,BLAa,BLA,178,left,0
5201,5202,2,6563.02,5909.18,2732.6800000000003,0.40625,5201,303,BLAa,BLA,178,left,0
5202,5203,2,6562.08,5909.0,2728.22,0.3515625,5202,303,BLAa,BLA,178,left,0
5203,5204,2,6561.94,5908.96,2727.16,0.32421875,5203,303,BLAa,BLA,178,left,1
5204,5205,2,6484.6,6155.9,2767.2800000000007,0.59765625,4954,703,CTXsp,CTXsp,179,left,0
5205,5206,2,6485.14,6157.54,2767.9,0.73046875,5205,303,BLAa,BLA,179,left,0
5206,5207,2,6485.52,6160.14,2767.6800000000003,0.73046875,5206,303,BLAa,BLA,179,left,0
5207,5208,2,6486.78,6161.14,2767.5599999999995,0.21484375,5207,303,BLAa,BLA,179,left,0
5208,5209,2,6488.86,6160.66,2767.620000000001,0.26953125,5208,303,BLAa,BLA,179,left,0
5209,5210,2,6491.18,6160.66,2767.34,0.1640625,5209,303,BLAa,BLA,179,left,0
5210,5211,2,6492.12,6162.0,2766.9400000000005,0.48828125,5210,303,BLAa,BLA,179,left,0
5211,5212,2,6492.66,6165.14,2766.2000000000007,0.2421875,5211,1105,IA,IA,179,left,0
5212,5213,2,6492.82,6167.02,2764.92,0.296875,5212,303,BLAa,BLA,179,left,0
5213,5214,2,6493.16,6167.76,2763.040000000001,0.21484375,5213,303,BLAa,BLA,179,left,0
5214,5215,2,6494.12,6166.72,2761.5200000000004,0.40625,5214,303,BLAa,BLA,179,left,0
5215,5216,2,6496.18,6166.1,2760.16,0.1640625,5215,303,BLAa,BLA,179,left,0
5216,5217,2,6496.48,6165.78,2759.120000000001,0.4609375,5216,303,BLAa,BLA,179,left,0
5217,5218,2,6496.44,6163.56,2757.32,0.00390625,5217,303,BLAa,BLA,179,left,0
5218,5219,2,6496.78,6162.72,2755.66,0.26953125,5218,303,BLAa,BLA,179,left,0
5219,5220,2,6497.92,6161.4,2754.74,0.32421875,5219,303,BLAa,BLA,179,left,0
5220,5221,2,6499.7,6160.42,2754.6800000000003,0.48828125,5220,303,BLAa,BLA,179,left,0
5221,5222,2,6500.54,6158.8,2753.92,0.32421875,5221,303,BLAa,BLA,179,left,0
5222,5223,2,6501.08,6157.58,2752.7000000000007,0.48828125,5222,303,BLAa,BLA,179,left,0
5223,5224,2,6502.9,6157.22,2752.0200000000004,0.32421875,5223,303,BLAa,BLA,179,left,0
5224,5225,2,6504.66,6157.14,2751.459999999999,0.40625,5224,303,BLAa,BLA,179,left,0
5225,5226,2,6506.6,6156.74,2750.1000000000004,0.4609375,5225,303,BLAa,BLA,179,left,0
5226,5227,2,6507.94,6156.24,2748.82,0.32421875,5226,303,BLAa,BLA,179,left,0
5227,5228,2,6507.98,6155.08,2747.379999999999,0.3515625,5227,303,BLAa,BLA,179,left,0
5228,5229,2,6507.52,6153.04,2745.5599999999995,0.3515625,5228,303,BLAa,BLA,179,left,0
5229,5230,2,6506.3,6152.24,2743.620000000001,0.21484375,5229,303,BLAa,BLA,179,left,0
5230,5231,2,6505.0,6152.1,2742.08,0.3515625,5230,303,BLAa,BLA,179,left,0
5231,5232,2,6504.5,6149.92,2741.5,0.0078125,5231,303,BLAa,BLA,179,left,0
5232,5233,2,6504.02,6146.78,2741.3600000000006,0.21484375,5232,303,BLAa,BLA,179,left,0
5233,5234,2,6503.68,6144.8,2740.82,0.4609375,5233,303,BLAa,BLA,179,left,0
5234,5235,2,6503.26,6142.68,2739.74,0.43359375,5234,303,BLAa,BLA,179,left,0
5235,5236,2,6502.84,6140.28,2738.98,0.89453125,5235,303,BLAa,BLA,179,left,0
5236,5237,2,6502.5,6138.14,2738.5599999999995,0.59765625,5236,303,BLAa,BLA,179,left,0
5237,5238,2,6502.88,6137.82,2737.5200000000004,0.1640625,5237,303,BLAa,BLA,179,left,0
5238,5239,2,6504.9,6137.06,2735.22,0.32421875,5238,303,BLAa,BLA,179,left,0
5239,5240,2,6506.0,6136.28,2734.0,0.43359375,5239,303,BLAa,BLA,179,left,0
5240,5241,2,6505.88,6135.54,2732.32,0.4609375,5240,303,BLAa,BLA,179,left,0
5241,5242,2,6505.42,6134.04,2729.76,0.21484375,5241,303,BLAa,BLA,179,left,0
5242,5243,2,6505.22,6132.62,2728.84,0.48828125,5242,303,BLAa,BLA,179,left,0
5243,5244,2,6506.08,6131.78,2728.72,0.32421875,5243,303,BLAa,BLA,179,left,0
5244,5245,2,6506.38,6129.72,2727.7000000000007,0.32421875,5244,303,BLAa,BLA,179,left,0
5245,5246,2,6507.06,6128.02,2726.3600000000006,0.1640625,5245,303,BLAa,BLA,179,left,0
5246,5247,2,6507.86,6126.7,2725.6800000000003,0.2421875,5246,303,BLAa,BLA,179,left,0
5247,5248,2,6508.26,6124.66,2724.24,0.3515625,5247,303,BLAa,BLA,179,left,0
5248,5249,2,6508.8,6122.44,2723.5,0.32421875,5248,303,BLAa,BLA,179,left,0
5249,5250,2,6509.9,6119.5,2722.92,0.37890625,5249,303,BLAa,BLA,179,left,0
5250,5251,2,6511.08,6118.64,2722.5599999999995,0.43359375,5250,303,BLAa,BLA,179,left,0
5251,5252,2,6483.18,6153.98,2764.66,0.00390625,4954,303,BLAa,BLA,180,left,0
5252,5253,2,6483.3,6151.74,2764.24,0.26953125,5252,303,BLAa,BLA,180,left,0
5253,5254,2,6484.58,6150.82,2764.22,0.26953125,5253,303,BLAa,BLA,180,left,0
5254,5255,2,6439.86,6080.34,2786.9,0.62109375,4971,477,STR,STR,181,left,0
5255,5256,2,6439.64,6080.14,2784.92,0.296875,5255,303,BLAa,BLA,181,left,0
5256,5257,2,6440.48,6079.5,2783.4400000000005,0.48828125,5256,303,BLAa,BLA,181,left,0
5257,5258,2,6441.3,6079.02,2782.540000000001,0.4609375,5257,303,BLAa,BLA,181,left,0
5258,5259,2,6443.48,6078.9,2781.5,0.015625,5258,303,BLAa,BLA,181,left,0
5259,5260,2,6445.24,6078.62,2780.6000000000004,0.48828125,5259,303,BLAa,BLA,181,left,0
5260,5261,2,6445.28,6077.64,2779.6000000000004,0.1640625,5260,303,BLAa,BLA,181,left,0
5261,5262,2,6444.9,6075.6,2778.459999999999,0.21484375,5261,303,BLAa,BLA,181,left,0
5262,5263,2,6444.66,6072.96,2777.1399999999994,0.32421875,5262,303,BLAa,BLA,181,left,0
5263,5264,2,6445.08,6071.8,2775.879999999999,0.1640625,5263,303,BLAa,BLA,181,left,0
5264,5265,2,6444.92,6071.0,2774.16,0.1640625,5264,303,BLAa,BLA,181,left,0
5265,5266,2,6442.94,6070.72,2773.32,0.0078125,5265,303,BLAa,BLA,181,left,0
5266,5267,2,6441.32,6069.76,2772.34,0.296875,5266,303,BLAa,BLA,181,left,0
5267,5268,2,6441.0,6068.34,2771.1000000000004,0.26953125,5267,303,BLAa,BLA,181,left,0
5268,5269,2,6440.56,6065.56,2770.5599999999995,0.296875,5268,303,BLAa,BLA,181,left,0
5269,5270,2,6440.28,6062.96,2770.48,0.703125,5269,303,BLAa,BLA,181,left,0
5270,5271,2,6440.72,6061.46,2769.0599999999995,0.59765625,5270,303,BLAa,BLA,181,left,0
5271,5272,2,6439.86,6060.76,2767.58,0.4609375,5271,303,BLAa,BLA,181,left,0
5272,5273,2,6439.2,6059.86,2764.74,0.48828125,5272,303,BLAa,BLA,181,left,0
5273,5274,2,6438.92,6058.72,2763.42,0.32421875,5273,303,BLAa,BLA,181,left,0
5274,5275,2,6438.8,6058.26,2762.84,0.0078125,5274,303,BLAa,BLA,181,left,1
5275,5276,2,6441.14,6079.2,2788.4,0.00390625,4971,477,STR,STR,182,left,0
5276,5277,2,6442.44,6079.12,2787.1399999999994,0.1640625,5276,477,STR,STR,182,left,0
5277,5278,2,6443.58,6078.72,2786.540000000001,0.26953125,5277,477,STR,STR,182,left,0
5278,5279,2,6443.68,6076.9,2785.8,0.296875,5278,477,STR,STR,182,left,0
5279,5280,2,6444.24,6074.42,2785.620000000001,0.48828125,5279,477,STR,STR,182,left,0
5280,5281,2,6444.06,6071.74,2786.22,0.3515625,5280,477,STR,STR,182,left,0
5281,5282,2,6444.46,6069.36,2786.620000000001,0.296875,5281,477,STR,STR,182,left,0
5282,5283,2,6444.72,6067.2,2787.16,0.26953125,5282,477,STR,STR,182,left,0
5283,5284,2,6445.56,6066.62,2787.3,0.32421875,5283,477,STR,STR,182,left,0
5284,5285,2,6447.5,6063.66,2787.6800000000003,0.37890625,5284,477,STR,STR,182,left,0
5285,5286,2,6448.16,6061.64,2787.76,0.3515625,5285,477,STR,STR,182,left,0
5286,5287,2,6448.38,6059.34,2787.620000000001,0.32421875,5286,477,STR,STR,182,left,0
5287,5288,2,6449.54,6058.36,2787.34,0.32421875,5287,477,STR,STR,182,left,0
5288,5289,2,6449.56,6057.38,2785.8600000000006,0.32421875,5288,477,STR,STR,182,left,0
5289,5290,2,6449.44,6056.94,2783.6000000000004,0.40625,5289,303,BLAa,BLA,182,left,0
5290,5291,2,6450.62,6057.04,2781.959999999999,0.21484375,5290,303,BLAa,BLA,182,left,0
5291,5292,2,6450.94,6055.68,2780.3,0.48828125,5291,303,BLAa,BLA,182,left,0
5292,5293,2,6450.62,6053.52,2780.1000000000004,0.0078125,5292,303,BLAa,BLA,182,left,0
5293,5294,2,6450.46,6049.62,2780.1800000000003,0.3515625,5293,303,BLAa,BLA,182,left,0
5294,5295,2,6451.4,6047.76,2780.0200000000004,0.19140625,5294,303,BLAa,BLA,182,left,0
5295,5296,2,6451.6,6045.32,2779.5,0.48828125,5295,303,BLAa,BLA,182,left,0
5296,5297,2,6451.34,6043.58,2779.4,0.5703125,5296,477,STR,STR,182,left,1
5297,5298,2,6449.96,6075.84,2809.0200000000004,0.0078125,4984,477,STR,STR,183,left,0
5298,5299,2,6451.38,6075.02,2810.459999999999,0.26953125,5298,477,STR,STR,183,left,0
5299,5300,2,6452.32,6074.58,2812.4400000000005,0.19140625,5299,477,STR,STR,183,left,0
5300,5301,2,6452.88,6074.96,2814.34,0.32421875,5300,477,STR,STR,183,left,0
5301,5302,2,6454.36,6075.04,2815.4400000000005,0.32421875,5301,477,STR,STR,183,left,0
5302,5303,2,6454.82,6075.02,2815.120000000001,0.32421875,5302,477,STR,STR,183,left,1
5303,5304,2,6448.66,6075.5,2806.84,0.00390625,4984,477,STR,STR,184,left,0
5304,5305,2,6448.22,6073.24,2806.3,0.296875,5304,477,STR,STR,184,left,0
5305,5306,2,6447.24,6071.74,2806.1000000000004,0.37890625,5305,477,STR,STR,184,left,0
5306,5307,2,6447.02,6069.2,2805.92,0.37890625,5306,477,STR,STR,184,left,0
5307,5308,2,6447.38,6067.5,2805.5599999999995,0.40625,5307,477,STR,STR,184,left,0
5308,5309,2,6448.78,6064.44,2804.5200000000004,0.32421875,5308,477,STR,STR,184,left,0
5309,5310,2,6449.48,6062.78,2803.8600000000006,0.296875,5309,477,STR,STR,184,left,0
5310,5311,2,6449.6,6061.34,2803.040000000001,0.32421875,5310,477,STR,STR,184,left,0
5311,5312,2,6449.08,6058.26,2801.98,0.54296875,5311,477,STR,STR,184,left,0
5312,5313,2,6449.24,6055.42,2801.4,0.1640625,5312,477,STR,STR,184,left,0
5313,5314,2,6450.48,6052.84,2800.84,0.26953125,5313,477,STR,STR,184,left,0
5314,5315,2,6452.78,6051.3,2800.6399999999994,0.32421875,5314,477,STR,STR,184,left,0
5315,5316,2,6453.2,6051.32,2800.9,0.02734375,5315,477,STR,STR,184,left,1
5316,5317,2,6658.36,5935.86,2798.22,0.0078125,5060,477,STR,STR,185,left,0
5317,5318,2,6659.88,5934.98,2797.4400000000005,0.32421875,5317,477,STR,STR,185,left,0
5318,5319,2,6661.58,5933.08,2796.7800000000007,0.2421875,5318,477,STR,STR,185,left,0
5319,5320,2,6663.0,5932.08,2797.1399999999994,0.1640625,5319,477,STR,STR,185,left,0
5320,5321,2,6665.4,5931.08,2797.32,0.3515625,5320,477,STR,STR,185,left,0
5321,5322,2,6666.92,5930.26,2797.0599999999995,0.32421875,5321,477,STR,STR,185,left,0
5322,5323,2,6668.96,5927.94,2796.8,0.3515625,5322,477,STR,STR,185,left,0
5323,5324,2,6670.04,5927.1,2796.7000000000007,0.1640625,5323,477,STR,STR,185,left,0
5324,5325,2,6672.06,5926.84,2796.120000000001,0.0078125,5324,477,STR,STR,185,left,0
5325,5326,2,6674.1,5926.56,2795.3600000000006,0.296875,5325,477,STR,STR,185,left,0
5326,5327,2,6674.24,5925.92,2794.32,0.4609375,5326,477,STR,STR,185,left,0
5327,5328,2,6673.74,5924.8,2791.1000000000004,0.43359375,5327,477,STR,STR,185,left,0
5328,5329,2,6673.58,5924.2,2789.1399999999994,0.3515625,5328,477,STR,STR,185,left,0
5329,5330,2,6674.4,5923.52,2787.459999999999,0.32421875,5329,477,STR,STR,185,left,0
5330,5331,2,6675.1,5922.92,2785.6800000000003,0.4609375,5330,477,STR,STR,185,left,0
5331,5332,2,6675.8,5921.32,2783.8600000000006,0.0078125,5331,303,BLAa,BLA,185,left,0
5332,5333,2,6676.82,5920.08,2782.2000000000007,0.515625,5332,303,BLAa,BLA,185,left,0
5333,5334,2,6677.68,5919.14,2781.5,0.32421875,5333,303,BLAa,BLA,185,left,0
5334,5335,2,6678.24,5917.5,2780.4,0.32421875,5334,303,BLAa,BLA,185,left,0
5335,5336,2,6677.98,5915.98,2779.8600000000006,0.37890625,5335,303,BLAa,BLA,185,left,0
5336,5337,2,6679.1,5914.7,2779.379999999999,0.2421875,5336,477,STR,STR,185,left,0
5337,5338,2,6680.36,5913.56,2778.8,0.1640625,5337,477,STR,STR,185,left,0
5338,5339,2,6682.12,5912.18,2776.1800000000003,0.296875,5338,477,STR,STR,185,left,0
5339,5340,2,6683.26,5911.54,2774.8600000000006,0.4609375,5339,303,BLAa,BLA,185,left,0
5340,5341,2,6683.24,5908.7,2773.040000000001,0.2421875,5340,303,BLAa,BLA,185,left,0
5341,5342,2,6684.26,5906.72,2772.2800000000007,0.2421875,5341,303,BLAa,BLA,185,left,0
5342,5343,2,6685.46,5903.46,2771.58,0.32421875,5342,303,BLAa,BLA,185,left,0
5343,5344,2,6685.76,5901.74,2770.98,0.2421875,5343,303,BLAa,BLA,185,left,0
5344,5345,2,6685.8,5899.54,2769.84,0.00390625,5344,303,BLAa,BLA,185,left,0
5345,5346,2,6685.6,5898.4,2769.32,0.26953125,5345,303,BLAa,BLA,185,left,0
5346,5347,2,6656.6,5939.48,2798.82,0.00390625,5060,477,STR,STR,186,left,0
5347,5348,2,6656.74,5942.96,2798.7000000000007,0.296875,5347,477,STR,STR,186,left,0
5348,5349,2,6656.28,5945.0,2798.42,0.26953125,5348,477,STR,STR,186,left,0
5349,5350,2,6655.34,5946.72,2798.22,0.3515625,5349,477,STR,STR,186,left,0
5350,5351,2,6653.88,5947.18,2798.4,0.32421875,5350,477,STR,STR,186,left,0
5351,5352,2,6653.62,5949.48,2798.66,0.19140625,5351,477,STR,STR,186,left,0
5352,5353,2,6654.86,5951.8,2798.3,0.59765625,5352,477,STR,STR,186,left,0
5353,5354,2,6656.08,5954.36,2796.5599999999995,0.48828125,5353,477,STR,STR,186,left,0
5354,5355,2,6657.96,5954.96,2796.3,0.00390625,5354,477,STR,STR,186,left,0
5355,5356,2,6659.98,5954.88,2795.7800000000007,0.19140625,5355,477,STR,STR,186,left,0
5356,5357,2,6661.6,5954.68,2794.72,0.37890625,5356,477,STR,STR,186,left,0
5357,5358,2,6662.8,5954.5,2793.7800000000007,0.32421875,5357,477,STR,STR,186,left,0
5358,5359,2,6664.7,5954.12,2793.1800000000003,0.19140625,5358,477,STR,STR,186,left,0
5359,5360,2,6665.78,5952.92,2792.58,0.19140625,5359,303,BLAa,BLA,186,left,0
5360,5361,2,6666.8,5950.08,2792.6399999999994,0.1640625,5360,303,BLAa,BLA,186,left,0
5361,5362,2,6667.86,5948.54,2793.34,0.43359375,5361,303,BLAa,BLA,186,left,0
5362,5363,2,6543.28,6150.08,2818.34,0.296875,5082,1105,IA,IA,187,left,0
5363,5364,2,6543.76,6153.76,2818.66,0.32421875,5363,1105,IA,IA,187,left,0
5364,5365,2,6543.32,6155.24,2818.48,0.40625,5364,1105,IA,IA,187,left,1
5365,5366,2,6541.32,6149.26,2817.0599999999995,0.37890625,5082,1105,IA,IA,188,left,0
5366,5367,2,6540.56,6151.68,2816.4,0.26953125,5366,1105,IA,IA,188,left,0
5367,5368,2,6539.62,6153.8,2815.5599999999995,0.37890625,5367,1105,IA,IA,188,left,0
5368,5369,2,6539.18,6156.2,2814.98,0.43359375,5368,1105,IA,IA,188,left,0
5369,5370,2,6538.2,6157.76,2814.6000000000004,0.32421875,5369,1105,IA,IA,188,left,0
5370,5371,2,6537.22,6159.3,2814.459999999999,0.40625,5370,1105,IA,IA,188,left,0
5371,5372,2,6536.7,6162.34,2814.9,0.19140625,5371,1105,IA,IA,188,left,0
5372,5373,2,6536.44,6164.6,2815.540000000001,0.37890625,5372,1105,IA,IA,188,left,0
5373,5374,2,6536.76,6167.84,2815.9,0.296875,5373,1105,IA,IA,188,left,0
5374,5375,2,6536.24,6169.22,2816.22,0.43359375,5374,1105,IA,IA,188,left,0
5375,5376,2,6622.66,5949.04,2712.540000000001,0.00390625,5085,303,BLAa,BLA,189,left,0
5376,5377,2,6622.06,5950.66,2710.76,0.1640625,5376,303,BLAa,BLA,189,left,0
5377,5378,2,6621.42,5950.94,2709.040000000001,0.2421875,5377,303,BLAa,BLA,189,left,0
5378,5379,2,6619.7,5951.3,2707.08,0.43359375,5378,303,BLAa,BLA,189,left,0
5379,5380,2,6618.7,5951.38,2705.8,0.296875,5379,303,BLAa,BLA,189,left,0
5380,5381,2,6617.04,5950.92,2705.0599999999995,0.01171875,5380,303,BLAa,BLA,189,left,0
5381,5382,2,6615.34,5949.28,2704.6399999999994,0.21484375,5381,303,BLAa,BLA,189,left,0
5382,5383,2,6614.62,5948.72,2704.4,0.0078125,5382,303,BLAa,BLA,189,left,1
5383,5384,2,6622.34,5947.76,2713.9400000000005,0.0078125,5085,303,BLAa,BLA,190,left,0
5384,5385,2,6622.4,5949.3,2715.76,0.43359375,5384,303,BLAa,BLA,190,left,0
5385,5386,2,6620.86,5950.7,2716.959999999999,0.1640625,5385,303,BLAa,BLA,190,left,0
5386,5387,2,6618.88,5951.84,2717.76,0.2421875,5386,303,BLAa,BLA,190,left,0
5387,5388,2,6618.12,5952.7,2719.040000000001,0.2421875,5387,303,BLAa,BLA,190,left,0
5388,5389,2,6617.48,5954.72,2720.2000000000007,0.1640625,5388,303,BLAa,BLA,190,left,0
5389,5390,2,6616.68,5956.42,2721.0,0.48828125,5389,303,BLAa,BLA,190,left,0
5390,5391,2,6616.48,5958.5,2720.959999999999,0.32421875,5390,303,BLAa,BLA,190,left,0
5391,5392,2,6616.88,5960.74,2721.74,0.4609375,5391,303,BLAa,BLA,190,left,0
5392,5393,2,6617.26,5962.62,2722.9,0.296875,5392,303,BLAa,BLA,190,left,0
5393,5394,2,6615.8,5963.3,2724.8600000000006,0.21484375,5393,303,BLAa,BLA,190,left,0
5394,5395,2,6613.96,5963.4,2726.08,0.2421875,5394,303,BLAa,BLA,190,left,0
5395,5396,2,6611.84,5963.68,2726.540000000001,0.26953125,5395,303,BLAa,BLA,190,left,0
5396,5397,2,6610.24,5964.4,2726.540000000001,0.3515625,5396,303,BLAa,BLA,190,left,0
5397,5398,2,6608.2,5966.54,2726.7800000000007,0.48828125,5397,303,BLAa,BLA,190,left,0
5398,5399,2,6607.14,5967.34,2728.1000000000004,0.32421875,5398,303,BLAa,BLA,190,left,0
5399,5400,2,6605.22,5967.26,2729.48,0.4609375,5399,303,BLAa,BLA,190,left,0
5400,5401,2,6603.0,5967.28,2730.32,0.32421875,5400,303,BLAa,BLA,190,left,0
5401,5402,2,6602.3,5967.64,2731.16,0.5703125,5401,303,BLAa,BLA,190,left,0
5402,5403,2,6602.64,5969.7,2731.74,0.48828125,5402,303,BLAa,BLA,190,left,0
5403,5404,2,6602.3,5972.26,2731.92,0.32421875,5403,303,BLAa,BLA,190,left,0
5404,5405,2,6601.24,5972.72,2732.0599999999995,0.26953125,5404,303,BLAa,BLA,190,left,0
5405,5406,2,6600.24,5974.22,2732.74,0.00390625,5405,303,BLAa,BLA,190,left,0
5406,5407,2,6600.64,5977.68,2732.879999999999,0.2421875,5406,303,BLAa,BLA,190,left,0
5407,5408,2,6601.7,5980.14,2733.540000000001,0.4609375,5407,303,BLAa,BLA,190,left,0
5408,5409,2,6602.52,5982.62,2734.74,0.43359375,5408,303,BLAa,BLA,190,left,0
5409,5410,2,6603.12,5984.66,2735.22,0.296875,5409,303,BLAa,BLA,190,left,0
5410,5411,2,6604.56,5985.78,2735.5,0.32421875,5410,303,BLAa,BLA,190,left,0
5411,5412,2,6605.84,5985.72,2737.0200000000004,0.0078125,5411,303,BLAa,BLA,190,left,0
5412,5413,2,6607.38,5985.22,2738.24,0.1640625,5412,303,BLAa,BLA,190,left,0
5413,5414,2,6610.46,5984.66,2738.620000000001,0.32421875,5413,303,BLAa,BLA,190,left,0
5414,5415,2,6611.88,5984.88,2738.6000000000004,0.3515625,5414,303,BLAa,BLA,190,left,0
5415,5416,2,6614.82,5985.32,2739.42,0.0078125,5415,303,BLAa,BLA,190,left,0
5416,5417,2,6617.4,5985.66,2739.76,1.43359375,5416,303,BLAa,BLA,190,left,0
5417,5418,2,6618.68,5985.6,2740.2000000000007,1.109375,5417,303,BLAa,BLA,190,left,0
5418,5419,2,6620.92,5985.46,2740.6399999999994,0.73046875,5418,303,BLAa,BLA,190,left,0
5419,5420,2,6622.6,5985.52,2741.1399999999994,0.37890625,5419,303,BLAa,BLA,190,left,0
5420,5421,2,6623.58,5986.08,2741.959999999999,0.48828125,5420,303,BLAa,BLA,190,left,1
5421,5422,2,6603.1,5980.38,2700.72,0.21484375,5104,303,BLAa,BLA,191,left,0
5422,5423,2,6603.24,5981.24,2701.040000000001,0.00390625,5422,303,BLAa,BLA,191,left,1
5423,5424,2,6601.58,5974.56,2703.2800000000007,0.26953125,5104,303,BLAa,BLA,192,left,1
5424,5425,2,6701.5,5841.68,2709.2800000000007,0.515625,5133,303,BLAa,BLA,193,left,0
5425,5426,2,6702.1,5840.26,2708.32,0.32421875,5425,303,BLAa,BLA,193,left,0
5426,5427,2,6701.98,5838.46,2707.7800000000007,0.37890625,5426,303,BLAa,BLA,193,left,0
5427,5428,2,6702.66,5837.14,2707.1000000000004,0.32421875,5427,303,BLAa,BLA,193,left,0
5428,5429,2,6703.72,5836.72,2707.120000000001,0.3515625,5428,303,BLAa,BLA,193,left,1
5429,5430,2,6701.84,5843.72,2708.8,0.32421875,5133,303,BLAa,BLA,194,left,0
5430,5431,2,6702.7,5843.22,2706.82,0.4609375,5430,303,BLAa,BLA,194,left,0
5431,5432,2,6704.22,5843.68,2705.26,0.37890625,5431,303,BLAa,BLA,194,left,0
5432,5433,2,6705.98,5844.76,2704.379999999999,0.4609375,5432,303,BLAa,BLA,194,left,0
5433,5434,2,6559.76,5931.4,2749.72,0.2421875,5194,303,BLAa,BLA,195,left,0
5434,5435,2,6559.22,5934.42,2750.66,0.296875,5434,303,BLAa,BLA,195,left,0
5435,5436,2,6558.38,5935.54,2750.98,0.43359375,5435,303,BLAa,BLA,195,left,0
5436,5437,2,6559.24,5926.9,2750.58,0.3515625,5194,303,BLAa,BLA,196,left,0
5437,5438,2,6558.68,5924.92,2752.32,0.1640625,5437,303,BLAa,BLA,196,left,0
5438,5439,2,6557.78,5924.46,2752.72,0.37890625,5438,303,BLAa,BLA,196,left,0
5439,5440,2,6557.1,5923.8,2754.66,0.43359375,5439,303,BLAa,BLA,196,left,0
5440,5441,2,6556.88,5923.48,2756.1399999999994,0.296875,5440,544,CEAc,CEA,196,left,0
5441,5442,2,6555.42,5923.44,2756.8600000000006,0.2421875,5441,544,CEAc,CEA,196,left,0
5442,5443,2,6555.12,5922.76,2757.879999999999,0.1640625,5442,544,CEAc,CEA,196,left,0
5443,5444,2,6556.44,5920.48,2758.6399999999994,0.1640625,5443,544,CEAc,CEA,196,left,0
5444,5445,2,6556.96,5918.18,2758.5200000000004,0.3515625,5444,544,CEAc,CEA,196,left,0
5445,5446,2,6558.12,5916.7,2758.58,0.32421875,5445,544,CEAc,CEA,196,left,0
5446,5447,2,6558.84,5914.28,2758.72,0.296875,5446,544,CEAc,CEA,196,left,0
5447,5448,2,6559.98,5911.8,2758.5,0.37890625,5447,544,CEAc,CEA,196,left,0
5448,5449,2,6561.14,5909.6,2758.48,0.3515625,5448,544,CEAc,CEA,196,left,0
5449,5450,2,6562.78,5907.2,2758.98,0.32421875,5449,544,CEAc,CEA,196,left,0
5450,5451,2,6564.24,5905.32,2759.08,0.32421875,5450,544,CEAc,CEA,196,left,0
5451,5452,2,6565.88,5903.92,2758.72,0.21484375,5451,544,CEAc,CEA,196,left,0
5452,5453,2,6568.04,5902.52,2758.1399999999994,0.4609375,5452,544,CEAc,CEA,196,left,0
5453,5454,2,6568.66,5901.34,2757.6000000000004,0.21484375,5453,544,CEAc,CEA,196,left,0
5454,5455,2,6569.8,5898.56,2757.459999999999,0.6484375,5454,544,CEAc,CEA,196,left,0
5455,5456,2,6571.28,5897.86,2757.84,0.26953125,5455,544,CEAc,CEA,196,left,1
5456,5457,2,6511.02,6116.44,2720.5599999999995,0.26953125,5251,303,BLAa,BLA,197,left,0
5457,5458,2,6512.06,6115.6,2720.34,0.1640625,5457,303,BLAa,BLA,197,left,0
5458,5459,2,6513.08,6113.68,2720.0200000000004,0.2421875,5458,303,BLAa,BLA,197,left,0
5459,5460,2,6513.98,6112.08,2720.040000000001,0.32421875,5459,303,BLAa,BLA,197,left,0
5460,5461,2,6515.0,6110.0,2718.76,0.43359375,5460,303,BLAa,BLA,197,left,0
5461,5462,2,6515.9,6108.2,2717.8600000000006,0.32421875,5461,303,BLAa,BLA,197,left,0
5462,5463,2,6517.4,6106.32,2717.0200000000004,0.37890625,5462,303,BLAa,BLA,197,left,0
5463,5464,2,6517.3,6104.88,2716.26,0.48828125,5463,303,BLAa,BLA,197,left,0
5464,5465,2,6518.06,6103.4,2715.879999999999,0.32421875,5464,303,BLAa,BLA,197,left,0
5465,5466,2,6519.64,6102.02,2715.84,0.32421875,5465,303,BLAa,BLA,197,left,0
5466,5467,2,6520.9,6101.1,2715.48,0.296875,5466,303,BLAa,BLA,197,left,0
5467,5468,2,6520.9,6100.78,2714.6399999999994,0.21484375,5467,303,BLAa,BLA,197,left,0
5468,5469,2,6521.14,6098.12,2713.5200000000004,0.00390625,5468,303,BLAa,BLA,197,left,0
5469,5470,2,6522.38,6096.02,2712.1000000000004,0.19140625,5469,303,BLAa,BLA,197,left,0
5470,5471,2,6523.76,6095.0,2710.66,0.19140625,5470,303,BLAa,BLA,197,left,0
5471,5472,2,6525.4,6093.74,2710.16,0.00390625,5471,303,BLAa,BLA,197,left,0
5472,5473,2,6528.64,6091.9,2709.9400000000005,0.32421875,5472,303,BLAa,BLA,197,left,0
5473,5474,2,6529.78,6089.96,2709.0200000000004,0.32421875,5473,303,BLAa,BLA,197,left,0
5474,5475,2,6530.14,6088.14,2707.92,0.19140625,5474,303,BLAa,BLA,197,left,0
5475,5476,2,6532.06,6086.48,2707.5599999999995,0.0078125,5475,303,BLAa,BLA,197,left,0
5476,5477,2,6534.58,6083.84,2707.2000000000007,0.32421875,5476,303,BLAa,BLA,197,left,0
5477,5478,2,6534.86,6082.02,2706.4400000000005,0.26953125,5477,303,BLAa,BLA,197,left,0
5478,5479,2,6534.84,6080.2,2705.32,0.1640625,5478,303,BLAa,BLA,197,left,0
5479,5480,2,6536.16,6079.22,2704.5,0.2421875,5479,303,BLAa,BLA,197,left,0
5480,5481,2,6537.62,6078.12,2703.1399999999994,0.2421875,5480,303,BLAa,BLA,197,left,0
5481,5482,2,6539.14,6076.24,2702.22,0.32421875,5481,303,BLAa,BLA,197,left,0
5482,5483,2,6539.88,6074.88,2701.92,0.26953125,5482,303,BLAa,BLA,197,left,0
5483,5484,2,6540.26,6072.54,2701.24,0.48828125,5483,303,BLAa,BLA,197,left,0
5484,5485,2,6540.16,6070.3,2699.74,0.43359375,5484,303,BLAa,BLA,197,left,0
5485,5486,2,6540.2,6068.6,2699.040000000001,0.48828125,5485,303,BLAa,BLA,197,left,0
5486,5487,2,6541.88,6067.3,2698.48,0.37890625,5486,303,BLAa,BLA,197,left,0
5487,5488,2,6543.2,6066.2,2698.1399999999994,0.19140625,5487,303,BLAa,BLA,197,left,0
5488,5489,2,6543.68,6064.56,2697.74,0.48828125,5488,303,BLAa,BLA,197,left,0
5489,5490,2,6544.06,6062.64,2696.5200000000004,0.37890625,5489,303,BLAa,BLA,197,left,0
5490,5491,2,6544.76,6060.64,2695.74,0.32421875,5490,303,BLAa,BLA,197,left,0
5491,5492,2,6544.88,6058.46,2695.620000000001,0.26953125,5491,303,BLAa,BLA,197,left,0
5492,5493,2,6545.32,6055.66,2695.6399999999994,0.4609375,5492,303,BLAa,BLA,197,left,0
5493,5494,2,6545.68,6053.4,2695.0200000000004,0.48828125,5493,303,BLAa,BLA,197,left,0
5494,5495,2,6546.98,6051.9,2693.7000000000007,0.40625,5494,303,BLAa,BLA,197,left,0
5495,5496,2,6547.98,6050.5,2692.72,0.2421875,5495,303,BLAa,BLA,197,left,0
5496,5497,2,6548.74,6050.1,2691.22,0.37890625,5496,303,BLAa,BLA,197,left,0
5497,5498,2,6550.02,6049.5,2689.3,0.32421875,5497,303,BLAa,BLA,197,left,0
5498,5499,2,6550.46,6048.2,2687.72,0.32421875,5498,303,BLAa,BLA,197,left,0
5499,5500,2,6550.9,6046.12,2686.959999999999,0.43359375,5499,303,BLAa,BLA,197,left,0
5500,5501,2,6551.92,6044.08,2686.08,0.1640625,5500,303,BLAa,BLA,197,left,0
5501,5502,2,6552.28,6042.78,2685.34,0.296875,5501,303,BLAa,BLA,197,left,0
5502,5503,2,6552.88,6041.2,2684.0200000000004,0.00390625,5502,303,BLAa,BLA,197,left,0
5503,5504,2,6553.2,6039.26,2683.120000000001,0.19140625,5503,303,BLAa,BLA,197,left,0
5504,5505,2,6554.28,6037.88,2682.24,0.43359375,5504,303,BLAa,BLA,197,left,0
5505,5506,2,6555.5,6036.16,2681.58,0.296875,5505,303,BLAa,BLA,197,left,0
5506,5507,2,6556.52,6034.76,2681.1000000000004,0.4609375,5506,303,BLAa,BLA,197,left,0
5507,5508,2,6557.92,6033.3,2680.5,0.37890625,5507,303,BLAa,BLA,197,left,0
5508,5509,2,6558.1,6031.98,2679.540000000001,0.32421875,5508,303,BLAa,BLA,197,left,0
5509,5510,2,6559.14,6030.78,2678.540000000001,0.37890625,5509,303,BLAa,BLA,197,left,0
5510,5511,2,6559.9,6029.44,2677.8,0.2421875,5510,303,BLAa,BLA,197,left,0
5511,5512,2,6560.44,6027.68,2677.82,0.48828125,5511,303,BLAa,BLA,197,left,0
5512,5513,2,6561.64,6025.02,2677.26,0.2421875,5512,303,BLAa,BLA,197,left,0
5513,5514,2,6562.82,6023.68,2676.5200000000004,0.2421875,5513,303,BLAa,BLA,197,left,0
5514,5515,2,6565.08,6021.54,2676.0200000000004,0.296875,5514,303,BLAa,BLA,197,left,0
5515,5516,2,6566.44,6020.4,2675.58,0.48828125,5515,303,BLAa,BLA,197,left,0
5516,5517,2,6512.28,6116.72,2723.5599999999995,0.26953125,5251,303,BLAa,BLA,198,left,0
5517,5518,2,6514.24,6115.3,2724.5200000000004,0.21484375,5517,303,BLAa,BLA,198,left,0
5518,5519,2,6515.68,6114.16,2725.540000000001,0.19140625,5518,303,BLAa,BLA,198,left,0
5519,5520,2,6517.48,6112.96,2727.26,0.37890625,5519,303,BLAa,BLA,198,left,0
5520,5521,2,6518.94,6112.22,2728.92,0.1640625,5520,303,BLAa,BLA,198,left,0
5521,5522,2,6519.58,6111.46,2730.459999999999,0.2421875,5521,303,BLAa,BLA,198,left,0
5522,5523,2,6519.38,6109.06,2732.1000000000004,0.19140625,5522,303,BLAa,BLA,198,left,0
5523,5524,2,6519.3,6107.28,2734.040000000001,0.4609375,5523,303,BLAa,BLA,198,left,0
5524,5525,2,6519.48,6106.46,2737.1399999999994,0.2421875,5524,303,BLAa,BLA,198,left,0
5525,5526,2,6519.44,6105.1,2738.8,0.54296875,5525,303,BLAa,BLA,198,left,0
5526,5527,2,6519.38,6103.34,2740.9,0.26953125,5526,303,BLAa,BLA,198,left,0
5527,5528,2,6519.62,6101.88,2742.08,0.40625,5527,303,BLAa,BLA,198,left,0
5528,5529,2,6521.16,6101.52,2743.040000000001,0.2421875,5528,303,BLAa,BLA,198,left,0
5529,5530,2,6521.62,6101.72,2744.08,0.21484375,5529,303,BLAa,BLA,198,left,0
5530,5531,2,6521.2,6100.34,2745.3600000000006,0.21484375,5530,303,BLAa,BLA,198,left,0
5531,5532,2,6519.68,6098.6,2746.1800000000003,0.40625,5531,303,BLAa,BLA,198,left,0
5532,5533,2,6518.9,6095.74,2747.72,0.4609375,5532,303,BLAa,BLA,198,left,0
5533,5534,2,6518.5,6092.0,2749.1800000000003,0.515625,5533,303,BLAa,BLA,198,left,0
5534,5535,2,6518.14,6089.38,2749.4,0.4609375,5534,303,BLAa,BLA,198,left,0
5535,5536,2,6518.82,6087.22,2749.24,0.3515625,5535,303,BLAa,BLA,198,left,0
5536,5537,2,6519.8,6086.88,2749.5200000000004,0.296875,5536,303,BLAa,BLA,198,left,0
5537,5538,2,6519.68,6084.38,2750.26,0.296875,5537,303,BLAa,BLA,198,left,0
5538,5539,2,6518.66,6083.72,2750.4,0.0078125,5538,303,BLAa,BLA,198,left,1
5539,5540,2,6485.9,6150.62,2762.540000000001,0.00390625,5254,303,BLAa,BLA,199,left,0
5540,5541,2,6486.6,6149.22,2761.379999999999,0.1640625,5540,303,BLAa,BLA,199,left,0
5541,5542,2,6486.34,6147.18,2762.0200000000004,0.48828125,5541,303,BLAa,BLA,199,left,0
5542,5543,2,6483.56,6151.12,2764.1800000000003,0.0234375,5254,303,BLAa,BLA,200,left,0
5543,5544,2,6480.76,6151.34,2763.620000000001,0.32421875,5543,303,BLAa,BLA,200,left,0
5544,5545,2,6478.8,6151.26,2762.8,0.296875,5544,303,BLAa,BLA,200,left,0
5545,5546,2,6476.68,6150.64,2762.72,0.296875,5545,303,BLAa,BLA,200,left,0
5546,5547,2,6475.06,6150.36,2764.0200000000004,0.3515625,5546,303,BLAa,BLA,200,left,0
5547,5548,2,6473.8,6151.52,2765.98,0.19140625,5547,303,BLAa,BLA,200,left,0
5548,5549,2,6473.7,6154.76,2766.08,0.48828125,5548,303,BLAa,BLA,200,left,0
5549,5550,2,6474.08,6156.64,2765.0,0.2421875,5549,303,BLAa,BLA,200,left,0
5550,5551,2,6475.08,6158.4,2764.5200000000004,0.19140625,5550,303,BLAa,BLA,200,left,0
5551,5552,2,6475.44,6159.76,2765.16,0.3515625,5551,703,CTXsp,CTXsp,200,left,0
5552,5553,2,6474.42,6161.28,2765.5,0.32421875,5552,703,CTXsp,CTXsp,200,left,0
5553,5554,2,6472.78,6161.48,2765.8600000000006,0.1640625,5553,703,CTXsp,CTXsp,200,left,0
5554,5555,2,6469.96,6161.94,2765.84,0.00390625,5554,703,CTXsp,CTXsp,200,left,0
5555,5556,2,6469.42,6162.48,2766.1800000000003,0.48828125,5555,703,CTXsp,CTXsp,200,left,0
5556,5557,2,6469.74,6163.1,2768.92,0.00390625,5556,703,CTXsp,CTXsp,200,left,0
5557,5558,2,6470.06,6164.36,2770.4400000000005,0.54296875,5557,703,CTXsp,CTXsp,200,left,0
5558,5559,2,6470.14,6164.74,2770.620000000001,0.046875,5558,703,CTXsp,CTXsp,200,left,1
5559,5560,2,6685.48,5896.92,2766.540000000001,0.296875,5346,303,BLAa,BLA,201,left,0
5560,5561,2,6686.92,5896.66,2765.48,0.37890625,5560,303,BLAa,BLA,201,left,0
5561,5562,2,6687.58,5895.66,2763.9400000000005,0.19140625,5561,303,BLAa,BLA,201,left,0
5562,5563,2,6688.66,5894.66,2763.08,0.48828125,5562,303,BLAa,BLA,201,left,0
5563,5564,2,6689.46,5892.06,2762.22,0.43359375,5563,303,BLAa,BLA,201,left,0
5564,5565,2,6689.98,5890.44,2762.08,0.19140625,5564,303,BLAa,BLA,201,left,0
5565,5566,2,6690.12,5890.1,2759.879999999999,0.40625,5565,303,BLAa,BLA,201,left,0
5566,5567,2,6689.84,5889.34,2758.2800000000007,0.1640625,5566,303,BLAa,BLA,201,left,0
5567,5568,2,6689.96,5887.9,2757.72,0.21484375,5567,303,BLAa,BLA,201,left,0
5568,5569,2,6691.44,5886.92,2757.6399999999994,0.19140625,5568,303,BLAa,BLA,201,left,0
5569,5570,2,6692.66,5884.88,2757.76,0.32421875,5569,303,BLAa,BLA,201,left,0
5570,5571,2,6694.2,5883.44,2758.0,0.19140625,5570,303,BLAa,BLA,201,left,0
5571,5572,2,6695.8,5880.78,2757.6800000000003,0.00390625,5571,303,BLAa,BLA,201,left,0
5572,5573,2,6697.18,5879.42,2756.82,0.40625,5572,303,BLAa,BLA,201,left,0
5573,5574,2,6699.34,5878.8,2755.26,0.32421875,5573,303,BLAa,BLA,201,left,0
5574,5575,2,6699.92,5877.8,2753.74,0.43359375,5574,303,BLAa,BLA,201,left,0
5575,5576,2,6700.92,5877.42,2753.22,0.05078125,5575,303,BLAa,BLA,201,left,0
5576,5577,2,6700.7,5876.06,2751.7000000000007,0.59765625,5576,303,BLAa,BLA,201,left,0
5577,5578,2,6700.54,5875.16,2750.16,0.40625,5577,303,BLAa,BLA,201,left,0
5578,5579,2,6701.46,5875.62,2748.82,0.21484375,5578,303,BLAa,BLA,201,left,0
5579,5580,2,6702.22,5877.24,2747.0,0.296875,5579,303,BLAa,BLA,201,left,0
5580,5581,2,6703.68,5879.14,2745.959999999999,0.2421875,5580,303,BLAa,BLA,201,left,0
5581,5582,2,6704.76,5879.38,2746.16,0.32421875,5581,303,BLAa,BLA,201,left,0
5582,5583,2,6707.58,5880.2,2746.82,0.0078125,5582,303,BLAa,BLA,201,left,0
5583,5584,2,6711.2,5880.86,2747.120000000001,0.2421875,5583,303,BLAa,BLA,201,left,0
5584,5585,2,6712.98,5880.3,2747.0200000000004,0.32421875,5584,303,BLAa,BLA,201,left,0
5585,5586,2,6715.08,5878.96,2747.22,1.328125,5585,303,BLAa,BLA,201,left,0
5586,5587,2,6716.82,5877.36,2747.5,0.5703125,5586,303,BLAa,BLA,201,left,0
5587,5588,2,6717.24,5875.76,2747.76,0.6484375,5587,303,BLAa,BLA,201,left,0
5588,5589,2,6718.6,5875.02,2747.66,0.515625,5588,303,BLAa,BLA,201,left,0
5589,5590,2,6719.0,5874.38,2746.76,0.48828125,5589,303,BLAa,BLA,201,left,0
5590,5591,2,6720.32,5873.72,2746.379999999999,0.19140625,5590,303,BLAa,BLA,201,left,1
5591,5592,2,6683.3,5896.7,2769.1000000000004,0.32421875,5346,303,BLAa,BLA,202,left,0
5592,5593,2,6668.62,5946.56,2793.1000000000004,0.00390625,5362,303,BLAa,BLA,203,left,0
5593,5594,2,6669.12,5943.78,2793.26,0.6484375,5593,477,STR,STR,203,left,0
5594,5595,2,6670.8,5941.86,2792.879999999999,0.48828125,5594,477,STR,STR,203,left,0
5595,5596,2,6673.02,5940.62,2793.120000000001,0.32421875,5595,477,STR,STR,203,left,0
5596,5597,2,6674.0,5939.54,2794.3600000000006,0.1640625,5596,477,STR,STR,203,left,0
5597,5598,2,6675.8,5938.26,2795.379999999999,0.296875,5597,477,STR,STR,203,left,0
5598,5599,2,6677.14,5937.0,2796.459999999999,0.2421875,5598,477,STR,STR,203,left,0
5599,5600,2,6678.02,5934.08,2797.1399999999994,0.54296875,5599,477,STR,STR,203,left,0
5600,5601,2,6678.54,5932.1,2797.24,0.43359375,5600,477,STR,STR,203,left,0
5601,5602,2,6678.26,5929.36,2796.6800000000003,0.515625,5601,477,STR,STR,203,left,0
5602,5603,2,6677.98,5927.48,2796.379999999999,0.2421875,5602,477,STR,STR,203,left,1
5603,5604,2,6669.28,5948.56,2795.5,0.00390625,5362,477,STR,STR,204,left,0
5604,5605,2,6669.92,5950.62,2796.22,0.32421875,5604,477,STR,STR,204,left,0
5605,5606,2,6670.5,5952.92,2797.1399999999994,0.4609375,5605,477,STR,STR,204,left,0
5606,5607,2,6671.72,5953.22,2797.92,0.40625,5606,477,STR,STR,204,left,0
5607,5608,2,6673.34,5952.32,2797.959999999999,0.0234375,5607,477,STR,STR,204,left,0
5608,5609,2,6673.44,5949.92,2798.2000000000007,0.2421875,5608,477,STR,STR,204,left,0
5609,5610,2,6674.8,5947.64,2798.3,0.21484375,5609,477,STR,STR,204,left,0
5610,5611,2,6676.94,5945.4,2798.72,0.296875,5610,477,STR,STR,204,left,0
5611,5612,2,6677.82,5943.98,2799.4400000000005,0.32421875,5611,477,STR,STR,204,left,0
5612,5613,2,6679.94,5943.5,2799.7000000000007,0.32421875,5612,477,STR,STR,204,left,0
5613,5614,2,6681.42,5943.0,2799.8,0.32421875,5613,477,STR,STR,204,left,0
5614,5615,2,6682.24,5941.46,2799.959999999999,0.3515625,5614,477,STR,STR,204,left,0
5615,5616,2,6682.9,5938.5,2799.9,0.21484375,5615,477,STR,STR,204,left,0
5616,5617,2,6683.7,5936.8,2799.4400000000005,0.4609375,5616,477,STR,STR,204,left,0
5617,5618,2,6684.8,5933.82,2799.76,0.40625,5617,477,STR,STR,204,left,0
5618,5619,2,6685.26,5932.08,2799.92,0.2421875,5618,477,STR,STR,204,left,0
5619,5620,2,6685.36,5928.4,2800.66,0.32421875,5619,477,STR,STR,204,left,0
5620,5621,2,6686.0,5927.08,2801.8,0.32421875,5620,477,STR,STR,204,left,0
5621,5622,2,6538.12,6169.78,2817.3,0.01171875,5375,1105,IA,IA,205,left,0
5622,5623,2,6540.26,6169.9,2817.82,0.32421875,5622,1105,IA,IA,205,left,1
5623,5624,2,6534.34,6171.76,2816.22,0.21484375,5375,1105,IA,IA,206,left,0
5624,5625,2,6532.74,6173.34,2816.5200000000004,0.1640625,5624,1105,IA,IA,206,left,0
5625,5626,2,6531.7,6175.96,2816.8600000000006,0.1640625,5625,1105,IA,IA,206,left,0
5626,5627,2,6531.32,6178.66,2816.9,0.3515625,5626,1105,IA,IA,206,left,0
5627,5628,2,6530.78,6181.28,2818.459999999999,0.296875,5627,1105,IA,IA,206,left,0
5628,5629,2,6529.98,6183.7,2819.76,0.32421875,5628,1105,IA,IA,206,left,0
5629,5630,2,6530.08,6185.92,2820.3600000000006,0.2421875,5629,1105,IA,IA,206,left,0
5630,5631,2,6530.3,6188.14,2819.16,0.32421875,5630,1105,IA,IA,206,left,0
5631,5632,2,6530.64,6190.06,2817.7000000000007,0.3515625,5631,1105,IA,IA,206,left,0
5632,5633,2,6531.78,6191.38,2816.72,0.40625,5632,1105,IA,IA,206,left,0
5633,5634,2,6534.36,6193.0,2815.72,0.1640625,5633,1105,IA,IA,206,left,0
5634,5635,2,6535.88,6193.48,2815.2000000000007,0.2421875,5634,1105,IA,IA,206,left,0
5635,5636,2,6538.24,6193.46,2814.72,0.015625,5635,1105,IA,IA,206,left,0
5636,5637,2,6541.82,6193.94,2814.26,0.19140625,5636,1105,IA,IA,206,left,0
5637,5638,2,6543.96,6194.66,2814.42,0.32421875,5637,1105,IA,IA,206,left,0
5638,5639,2,6546.92,6194.86,2814.76,0.32421875,5638,1105,IA,IA,206,left,0
5639,5640,2,6549.48,6194.76,2814.8600000000006,0.32421875,5639,1105,IA,IA,206,left,0
5640,5641,2,6551.44,6194.66,2815.34,0.4609375,5640,1105,IA,IA,206,left,0
5641,5642,2,6553.96,6194.56,2815.42,0.43359375,5641,1105,IA,IA,206,left,0
5642,5643,2,6555.64,6195.82,2815.4,0.3515625,5642,1105,IA,IA,206,left,0
5643,5644,2,6558.06,6198.78,2815.08,0.43359375,5643,1105,IA,IA,206,left,0
5644,5645,2,6560.66,6199.14,2814.22,0.3515625,5644,1105,IA,IA,206,left,0
5645,5646,2,6561.88,6198.36,2813.7800000000007,0.32421875,5645,1105,IA,IA,206,left,0
5646,5647,2,6561.38,6194.62,2813.2000000000007,0.32421875,5646,1105,IA,IA,206,left,0
5647,5648,2,6560.82,6190.94,2813.1000000000004,0.40625,5647,1105,IA,IA,206,left,0
5648,5649,2,6560.86,6188.2,2813.82,0.40625,5648,1105,IA,IA,206,left,0
5649,5650,2,6562.06,6185.22,2813.879999999999,0.32421875,5649,1105,IA,IA,206,left,0
5650,5651,2,6562.6,6183.06,2813.26,0.21484375,5650,1105,IA,IA,206,left,0
5651,5652,2,6564.58,6181.68,2813.2800000000007,0.37890625,5651,1105,IA,IA,206,left,0
5652,5653,2,6566.84,6182.32,2813.72,0.19140625,5652,1105,IA,IA,206,left,0
5653,5654,2,6568.18,6182.92,2814.4400000000005,0.1640625,5653,1105,IA,IA,206,left,0
5654,5655,2,6709.1,5846.02,2703.2000000000007,0.00390625,5433,303,BLAa,BLA,207,left,0
5655,5656,2,6710.76,5846.38,2702.2800000000007,0.32421875,5655,303,BLAa,BLA,207,left,0
5656,5657,2,6712.64,5845.86,2701.72,0.1640625,5656,303,BLAa,BLA,207,left,0
5657,5658,2,6714.66,5844.44,2701.5200000000004,0.26953125,5657,303,BLAa,BLA,207,left,0
5658,5659,2,6716.58,5843.06,2701.4,0.21484375,5658,303,BLAa,BLA,207,left,0
5659,5660,2,6717.76,5842.2,2700.74,0.3515625,5659,303,BLAa,BLA,207,left,0
5660,5661,2,6719.3,5841.52,2700.08,0.32421875,5660,303,BLAa,BLA,207,left,0
5661,5662,2,6720.88,5840.9,2700.24,0.0234375,5661,303,BLAa,BLA,207,left,0
5662,5663,2,6723.02,5840.64,2700.540000000001,0.32421875,5662,303,BLAa,BLA,207,left,0
5663,5664,2,6704.82,5846.3,2702.959999999999,0.00390625,5433,303,BLAa,BLA,208,left,0
5664,5665,2,6704.98,5849.58,2701.9,0.4609375,5664,303,BLAa,BLA,208,left,0
5665,5666,2,6705.7,5852.74,2701.2800000000007,0.00390625,5665,303,BLAa,BLA,208,left,0
5666,5667,2,6707.28,5853.78,2701.1399999999994,0.32421875,5666,303,BLAa,BLA,208,left,0
5667,5668,2,6707.92,5855.82,2700.98,0.19140625,5667,303,BLAa,BLA,208,left,0
5668,5669,2,6707.36,5858.94,2699.7800000000007,0.703125,5668,303,BLAa,BLA,208,left,0
5669,5670,2,6707.76,5860.96,2698.879999999999,1.00390625,5669,303,BLAa,BLA,208,left,0
5670,5671,2,6708.66,5863.88,2698.24,0.67578125,5670,303,BLAa,BLA,208,left,0
5671,5672,2,6708.9,5866.58,2697.120000000001,0.54296875,5671,303,BLAa,BLA,208,left,0
5672,5673,2,6709.5,5868.64,2696.6800000000003,0.54296875,5672,303,BLAa,BLA,208,left,0
5673,5674,2,6710.28,5869.24,2697.32,0.59765625,5673,303,BLAa,BLA,208,left,0
5674,5675,2,6710.42,5868.98,2698.0599999999995,0.015625,5674,303,BLAa,BLA,208,left,1
5675,5676,2,6558.72,5937.74,2752.5599999999995,0.00390625,5436,303,BLAa,BLA,209,left,0
5676,5677,2,6559.22,5940.08,2754.2000000000007,0.1640625,5676,303,BLAa,BLA,209,left,0
5677,5678,2,6559.64,5941.66,2756.22,0.00390625,5677,303,BLAa,BLA,209,left,0
5678,5679,2,6560.08,5944.22,2756.98,0.2421875,5678,303,BLAa,BLA,209,left,0
5679,5680,2,6559.1,5945.88,2758.4,0.00390625,5679,303,BLAa,BLA,209,left,0
5680,5681,2,6558.52,5947.16,2759.26,0.3515625,5680,303,BLAa,BLA,209,left,0
5681,5682,2,6558.08,5947.9,2762.120000000001,0.296875,5681,303,BLAa,BLA,209,left,0
5682,5683,2,6558.86,5948.72,2763.0,0.4609375,5682,303,BLAa,BLA,209,left,0
5683,5684,2,6558.28,5949.98,2763.22,0.02734375,5683,303,BLAa,BLA,209,left,0
5684,5685,2,6558.78,5954.28,2762.959999999999,0.4609375,5684,303,BLAa,BLA,209,left,0
5685,5686,2,6559.1,5956.78,2762.84,0.37890625,5685,303,BLAa,BLA,209,left,0
5686,5687,2,6558.34,5958.62,2762.58,0.8125,5686,303,BLAa,BLA,209,left,0
5687,5688,2,6556.56,5959.2,2762.6800000000003,0.37890625,5687,303,BLAa,BLA,209,left,0
5688,5689,2,6556.3,5961.04,2762.8,0.43359375,5688,303,BLAa,BLA,209,left,0
5689,5690,2,6555.64,5963.26,2762.6399999999994,0.32421875,5689,303,BLAa,BLA,209,left,0
5690,5691,2,6555.12,5965.62,2762.82,0.1640625,5690,303,BLAa,BLA,209,left,0
5691,5692,2,6554.2,5967.26,2763.5200000000004,0.26953125,5691,303,BLAa,BLA,209,left,0
5692,5693,2,6554.2,5968.7,2763.620000000001,0.32421875,5692,303,BLAa,BLA,209,left,0
5693,5694,2,6553.26,5971.74,2763.040000000001,0.48828125,5693,303,BLAa,BLA,209,left,0
5694,5695,2,6552.78,5974.76,2763.24,0.37890625,5694,303,BLAa,BLA,209,left,0
5695,5696,2,6552.48,5976.94,2763.2000000000007,0.1640625,5695,303,BLAa,BLA,209,left,0
5696,5697,2,6552.28,5980.76,2763.120000000001,0.1640625,5696,303,BLAa,BLA,209,left,0
5697,5698,2,6551.28,5982.08,2763.4,0.43359375,5697,303,BLAa,BLA,209,left,0
5698,5699,2,6550.2,5982.54,2764.84,0.2421875,5698,303,BLAa,BLA,209,left,0
5699,5700,2,6549.22,5983.58,2765.74,0.32421875,5699,303,BLAa,BLA,209,left,0
5700,5701,2,6549.42,5986.14,2768.58,0.26953125,5700,303,BLAa,BLA,209,left,0
5701,5702,2,6549.64,5987.38,2769.22,0.3515625,5701,303,BLAa,BLA,209,left,0
5702,5703,2,6550.12,5990.4,2769.8600000000006,0.19140625,5702,303,BLAa,BLA,209,left,0
5703,5704,2,6550.46,5992.68,2770.08,0.296875,5703,303,BLAa,BLA,209,left,0
5704,5705,2,6550.76,5994.44,2770.7000000000007,0.2421875,5704,303,BLAa,BLA,209,left,0
5705,5706,2,6549.84,5995.14,2770.8600000000006,0.01171875,5705,303,BLAa,BLA,209,left,0
5706,5707,2,6550.16,5998.02,2770.76,0.43359375,5706,303,BLAa,BLA,209,left,0
5707,5708,2,6551.34,5999.88,2770.34,0.1640625,5707,303,BLAa,BLA,209,left,0
5708,5709,2,6553.1,5999.34,2769.620000000001,0.296875,5708,303,BLAa,BLA,209,left,0
5709,5710,2,6555.92,5998.22,2769.32,0.4609375,5709,303,BLAa,BLA,209,left,0
5710,5711,2,6557.72,5997.48,2769.2800000000007,0.48828125,5710,303,BLAa,BLA,209,left,0
5711,5712,2,6559.72,5997.1,2768.84,0.32421875,5711,303,BLAa,BLA,209,left,0
5712,5713,2,6561.24,5996.98,2768.3,0.296875,5712,303,BLAa,BLA,209,left,0
5713,5714,2,6563.34,5995.36,2767.620000000001,0.00390625,5713,303,BLAa,BLA,209,left,0
5714,5715,2,6565.24,5993.94,2767.3,0.2421875,5714,303,BLAa,BLA,209,left,0
5715,5716,2,6566.96,5990.56,2766.8,0.19140625,5715,303,BLAa,BLA,209,left,0
5716,5717,2,6569.62,5989.78,2767.26,0.32421875,5716,303,BLAa,BLA,209,left,0
5717,5718,2,6570.62,5990.02,2768.1000000000004,0.48828125,5717,303,BLAa,BLA,209,left,0
5718,5719,2,6573.12,5990.3,2768.9400000000005,0.01953125,5718,303,BLAa,BLA,209,left,0
5719,5720,2,6574.14,5990.74,2769.32,0.19140625,5719,303,BLAa,BLA,209,left,0
5720,5721,2,6574.32,5991.08,2769.2800000000007,0.40625,5720,303,BLAa,BLA,209,left,0
5721,5722,2,6574.66,5990.12,2771.34,0.00390625,5721,303,BLAa,BLA,209,left,0
5722,5723,2,6575.3,5988.14,2771.5599999999995,0.43359375,5722,303,BLAa,BLA,209,left,0
5723,5724,2,6575.68,5985.66,2771.66,0.1640625,5723,303,BLAa,BLA,209,left,0
5724,5725,2,6575.56,5982.76,2770.9,0.703125,5724,303,BLAa,BLA,209,left,0
5725,5726,2,6575.3,5981.86,2769.7800000000007,0.62109375,5725,303,BLAa,BLA,209,left,0
5726,5727,2,6574.98,5979.88,2769.2000000000007,0.5703125,5726,303,BLAa,BLA,209,left,0
5727,5728,2,6574.84,5978.98,2767.74,0.4609375,5727,303,BLAa,BLA,209,left,0
5728,5729,2,6576.32,5978.02,2767.32,0.32421875,5728,303,BLAa,BLA,209,left,0
5729,5730,2,6577.7,5976.7,2767.58,0.3515625,5729,303,BLAa,BLA,209,left,0
5730,5731,2,6580.38,5975.66,2767.42,0.1640625,5730,303,BLAa,BLA,209,left,0
5731,5732,2,6582.38,5974.56,2766.9400000000005,0.21484375,5731,303,BLAa,BLA,209,left,0
5732,5733,2,6582.52,5973.38,2765.66,0.2421875,5732,303,BLAa,BLA,209,left,0
5733,5734,2,6582.06,5970.82,2764.540000000001,0.515625,5733,303,BLAa,BLA,209,left,0
5734,5735,2,6581.64,5968.1,2764.1399999999994,0.21484375,5734,303,BLAa,BLA,209,left,0
5735,5736,2,6581.76,5965.62,2763.66,0.1640625,5735,303,BLAa,BLA,209,left,0
5736,5737,2,6582.06,5964.06,2763.26,0.54296875,5736,303,BLAa,BLA,209,left,0
5737,5738,2,6583.92,5962.16,2763.3,0.00390625,5737,303,BLAa,BLA,209,left,0
5738,5739,2,6585.2,5960.32,2764.26,0.48828125,5738,303,BLAa,BLA,209,left,0
5739,5740,2,6585.8,5958.42,2765.3600000000006,0.43359375,5739,303,BLAa,BLA,209,left,0
5740,5741,2,6585.96,5956.16,2768.08,0.32421875,5740,303,BLAa,BLA,209,left,0
5741,5742,2,6585.98,5954.96,2769.74,0.48828125,5741,303,BLAa,BLA,209,left,1
5742,5743,2,6558.08,5937.84,2749.040000000001,0.0078125,5436,303,BLAa,BLA,210,left,0
5743,5744,2,6557.44,5939.86,2747.540000000001,0.40625,5743,303,BLAa,BLA,210,left,0
5744,5745,2,6557.66,5943.62,2744.379999999999,0.2421875,5744,303,BLAa,BLA,210,left,0
5745,5746,2,6558.44,5945.32,2742.98,0.40625,5745,303,BLAa,BLA,210,left,0
5746,5747,2,6558.92,5946.8,2740.540000000001,0.3515625,5746,303,BLAa,BLA,210,left,0
5747,5748,2,6559.58,5947.06,2740.1399999999994,0.32421875,5747,303,BLAa,BLA,210,left,0
5748,5749,2,6561.2,5948.42,2739.26,0.01171875,5748,303,BLAa,BLA,210,left,0
5749,5750,2,6563.4,5948.74,2738.34,0.1640625,5749,303,BLAa,BLA,210,left,0
5750,5751,2,6564.8,5948.1,2737.98,0.43359375,5750,303,BLAa,BLA,210,left,0
5751,5752,2,6565.4,5947.44,2736.74,0.1640625,5751,303,BLAa,BLA,210,left,0
5752,5753,2,6566.62,5947.12,2735.66,0.296875,5752,303,BLAa,BLA,210,left,0
5753,5754,2,6567.68,5947.78,2733.8600000000006,0.296875,5753,303,BLAa,BLA,210,left,0
5754,5755,2,6568.84,5948.38,2732.879999999999,0.48828125,5754,303,BLAa,BLA,210,left,0
5755,5756,2,6568.98,5949.84,2730.620000000001,0.1640625,5755,303,BLAa,BLA,210,left,0
5756,5757,2,6569.12,5950.88,2728.959999999999,0.21484375,5756,303,BLAa,BLA,210,left,0
5757,5758,2,6570.3,5950.86,2728.5200000000004,0.32421875,5757,303,BLAa,BLA,210,left,1
5758,5759,2,6568.32,6019.46,2677.1800000000003,0.00390625,5516,303,BLAa,BLA,211,left,0
5759,5760,2,6569.36,6019.48,2679.1800000000003,0.19140625,5759,303,BLAa,BLA,211,left,0
5760,5761,2,6570.94,6018.88,2679.6800000000003,0.43359375,5760,303,BLAa,BLA,211,left,0
5761,5762,2,6572.24,6017.86,2679.3600000000006,0.3515625,5761,303,BLAa,BLA,211,left,0
5762,5763,2,6574.74,6017.04,2678.76,0.2421875,5762,303,BLAa,BLA,211,left,0
5763,5764,2,6576.48,6016.22,2678.3,0.2421875,5763,303,BLAa,BLA,211,left,0
5764,5765,2,6577.12,6015.12,2677.74,0.32421875,5764,303,BLAa,BLA,211,left,0
5765,5766,2,6576.8,6013.52,2676.8,0.4609375,5765,303,BLAa,BLA,211,left,0
5766,5767,2,6577.48,6012.34,2676.72,0.1640625,5766,303,BLAa,BLA,211,left,0
5767,5768,2,6579.3,6012.14,2677.2800000000007,0.32421875,5767,303,BLAa,BLA,211,left,0
5768,5769,2,6581.06,6012.02,2677.66,0.3515625,5768,303,BLAa,BLA,211,left,0
5769,5770,2,6582.58,6011.98,2677.4400000000005,0.00390625,5769,303,BLAa,BLA,211,left,0
5770,5771,2,6583.76,6014.06,2677.48,0.4609375,5770,303,BLAa,BLA,211,left,0
5771,5772,2,6586.38,6015.22,2676.620000000001,0.1640625,5771,303,BLAa,BLA,211,left,0
5772,5773,2,6588.08,6014.22,2676.08,0.32421875,5772,303,BLAa,BLA,211,left,0
5773,5774,2,6590.38,6012.42,2675.379999999999,0.19140625,5773,303,BLAa,BLA,211,left,0
5774,5775,2,6592.0,6011.62,2674.4400000000005,0.32421875,5774,303,BLAa,BLA,211,left,0
5775,5776,2,6593.64,6011.72,2673.98,0.515625,5775,303,BLAa,BLA,211,left,0
5776,5777,2,6596.62,6011.74,2673.74,0.32421875,5776,303,BLAa,BLA,211,left,0
5777,5778,2,6598.52,6011.06,2673.72,0.2421875,5777,303,BLAa,BLA,211,left,0
5778,5779,2,6600.12,6009.6,2673.379999999999,0.3515625,5778,303,BLAa,BLA,211,left,0
5779,5780,2,6601.7,6008.92,2672.32,0.37890625,5779,303,BLAa,BLA,211,left,0
5780,5781,2,6603.18,6008.78,2671.58,0.296875,5780,303,BLAa,BLA,211,left,0
5781,5782,2,6605.24,6008.58,2670.82,0.32421875,5781,303,BLAa,BLA,211,left,0
5782,5783,2,6606.06,6008.28,2670.1000000000004,0.48828125,5782,303,BLAa,BLA,211,left,0
5783,5784,2,6606.04,6006.66,2669.459999999999,0.00390625,5783,303,BLAa,BLA,211,left,0
5784,5785,2,6607.1,6005.18,2669.620000000001,0.32421875,5784,303,BLAa,BLA,211,left,0
5785,5786,2,6609.18,6003.9,2671.1399999999994,0.3515625,5785,303,BLAa,BLA,211,left,0
5786,5787,2,6610.16,6003.12,2672.58,0.59765625,5786,303,BLAa,BLA,211,left,0
5787,5788,2,6612.4,6001.68,2673.5599999999995,0.4609375,5787,303,BLAa,BLA,211,left,0
5788,5789,2,6615.02,6000.74,2674.1800000000003,0.1640625,5788,303,BLAa,BLA,211,left,0
5789,5790,2,6616.74,5999.72,2674.4,0.32421875,5789,303,BLAa,BLA,211,left,0
5790,5791,2,6617.48,5997.96,2674.16,0.32421875,5790,303,BLAa,BLA,211,left,0
5791,5792,2,6618.14,5996.06,2673.48,0.40625,5791,303,BLAa,BLA,211,left,0
5792,5793,2,6619.4,5994.02,2673.1399999999994,0.32421875,5792,303,BLAa,BLA,211,left,0
5793,5794,2,6620.48,5992.42,2672.48,0.3515625,5793,303,BLAa,BLA,211,left,0
5794,5795,2,6622.0,5990.22,2672.22,0.3515625,5794,303,BLAa,BLA,211,left,0
5795,5796,2,6622.74,5987.8,2672.120000000001,0.3515625,5795,303,BLAa,BLA,211,left,0
5796,5797,2,6623.64,5986.2,2671.7800000000007,0.43359375,5796,303,BLAa,BLA,211,left,0
5797,5798,2,6625.16,5984.78,2671.879999999999,0.296875,5797,303,BLAa,BLA,211,left,0
5798,5799,2,6626.7,5984.12,2671.98,0.32421875,5798,303,BLAa,BLA,211,left,0
5799,5800,2,6628.46,5982.68,2672.120000000001,0.296875,5799,303,BLAa,BLA,211,left,0
5800,5801,2,6629.78,5981.26,2672.120000000001,0.1640625,5800,303,BLAa,BLA,211,left,0
5801,5802,2,6630.96,5979.86,2672.379999999999,0.1640625,5801,303,BLAa,BLA,211,left,0
5802,5803,2,6632.0,5978.8,2673.540000000001,0.1640625,5802,303,BLAa,BLA,211,left,0
5803,5804,2,6632.7,5977.5,2674.9400000000005,0.32421875,5803,303,BLAa,BLA,211,left,0
5804,5805,2,6633.4,5975.64,2675.74,0.32421875,5804,303,BLAa,BLA,211,left,0
5805,5806,2,6634.42,5973.34,2676.08,0.37890625,5805,303,BLAa,BLA,211,left,0
5806,5807,2,6634.56,5971.4,2676.120000000001,0.21484375,5806,303,BLAa,BLA,211,left,0
5807,5808,2,6636.12,5966.96,2676.92,0.43359375,5807,303,BLAa,BLA,211,left,0
5808,5809,2,6637.3,5964.98,2677.84,0.48828125,5808,303,BLAa,BLA,211,left,0
5809,5810,2,6638.16,5963.02,2678.32,0.4609375,5809,303,BLAa,BLA,211,left,0
5810,5811,2,6639.42,5960.94,2678.76,0.4609375,5810,303,BLAa,BLA,211,left,0
5811,5812,2,6640.84,5958.06,2679.6800000000003,0.4609375,5811,303,BLAa,BLA,211,left,0
5812,5813,2,6641.94,5956.3,2680.76,0.32421875,5812,303,BLAa,BLA,211,left,0
5813,5814,2,6643.02,5953.96,2681.42,0.21484375,5813,303,BLAa,BLA,211,left,0
5814,5815,2,6644.14,5950.78,2681.3,0.37890625,5814,303,BLAa,BLA,211,left,0
5815,5816,2,6644.3,5947.54,2680.6399999999994,0.32421875,5815,303,BLAa,BLA,211,left,0
5816,5817,2,6644.78,5945.0,2680.379999999999,0.26953125,5816,303,BLAa,BLA,211,left,0
5817,5818,2,6646.24,5942.5,2680.6399999999994,0.40625,5817,303,BLAa,BLA,211,left,0
5818,5819,2,6647.0,5940.24,2680.959999999999,0.32421875,5818,303,BLAa,BLA,211,left,0
5819,5820,2,6647.96,5938.44,2681.040000000001,0.48828125,5819,303,BLAa,BLA,211,left,0
5820,5821,2,6648.1,5935.24,2680.620000000001,0.1640625,5820,303,BLAa,BLA,211,left,0
5821,5822,2,6648.78,5932.62,2680.16,0.48828125,5821,303,BLAa,BLA,211,left,0
5822,5823,2,6649.24,5931.5,2679.879999999999,0.19140625,5822,303,BLAa,BLA,211,left,0
5823,5824,2,6649.14,5927.78,2680.7800000000007,0.37890625,5823,303,BLAa,BLA,211,left,0
5824,5825,2,6649.74,5925.24,2681.540000000001,0.21484375,5824,303,BLAa,BLA,211,left,0
5825,5826,2,6650.68,5923.12,2682.84,0.3515625,5825,303,BLAa,BLA,211,left,0
5826,5827,2,6651.36,5921.5,2684.0599999999995,0.4609375,5826,303,BLAa,BLA,211,left,0
5827,5828,2,6652.46,5919.7,2685.82,0.00390625,5827,303,BLAa,BLA,211,left,0
5828,5829,2,6652.66,5917.94,2687.620000000001,0.3515625,5828,303,BLAa,BLA,211,left,0
5829,5830,2,6653.18,5916.28,2689.0200000000004,0.19140625,5829,303,BLAa,BLA,211,left,0
5830,5831,2,6654.32,5915.08,2689.7000000000007,0.296875,5830,303,BLAa,BLA,211,left,0
5831,5832,2,6654.9,5913.48,2691.3600000000006,0.4609375,5831,303,BLAa,BLA,211,left,0
5832,5833,2,6655.86,5911.58,2693.0,0.3515625,5832,303,BLAa,BLA,211,left,0
5833,5834,2,6656.74,5909.46,2694.34,0.40625,5833,303,BLAa,BLA,211,left,0
5834,5835,2,6657.24,5906.74,2695.3,0.48828125,5834,303,BLAa,BLA,211,left,0
5835,5836,2,6658.62,5903.44,2696.0,0.26953125,5835,303,BLAa,BLA,211,left,0
5836,5837,2,6659.98,5901.72,2696.24,0.40625,5836,303,BLAa,BLA,211,left,0
5837,5838,2,6659.98,5899.5,2695.9400000000005,0.296875,5837,303,BLAa,BLA,211,left,0
5838,5839,2,6660.5,5898.14,2695.3,0.21484375,5838,303,BLAa,BLA,211,left,0
5839,5840,2,6661.08,5897.46,2693.92,0.40625,5839,303,BLAa,BLA,211,left,0
5840,5841,2,6663.2,5896.8,2692.5200000000004,0.43359375,5840,303,BLAa,BLA,211,left,0
5841,5842,2,6664.82,5896.1,2692.16,0.21484375,5841,303,BLAa,BLA,211,left,0
5842,5843,2,6667.02,5895.88,2691.4,0.2421875,5842,303,BLAa,BLA,211,left,0
5843,5844,2,6668.38,5896.04,2690.540000000001,0.37890625,5843,303,BLAa,BLA,211,left,0
5844,5845,2,6567.84,6019.8,2676.1800000000003,0.0078125,5516,303,BLAa,BLA,212,left,0
5845,5846,2,6568.62,6017.46,2676.1399999999994,0.26953125,5845,303,BLAa,BLA,212,left,0
5846,5847,2,6568.96,6015.84,2675.58,0.26953125,5846,303,BLAa,BLA,212,left,0
5847,5848,2,6569.04,6013.5,2674.7000000000007,0.26953125,5847,303,BLAa,BLA,212,left,0
5848,5849,2,6569.48,6011.96,2674.3600000000006,0.4609375,5848,303,BLAa,BLA,212,left,0
5849,5850,2,6486.32,6145.62,2760.3,0.00390625,5542,303,BLAa,BLA,213,left,0
5850,5851,2,6486.94,6144.78,2759.24,0.515625,5850,303,BLAa,BLA,213,left,0
5851,5852,2,6488.68,6143.94,2758.16,0.48828125,5851,303,BLAa,BLA,213,left,0
5852,5853,2,6490.62,6143.0,2756.84,0.4609375,5852,303,BLAa,BLA,213,left,0
5853,5854,2,6491.72,6141.78,2755.8,0.26953125,5853,303,BLAa,BLA,213,left,0
5854,5855,2,6493.08,6141.1,2754.98,0.32421875,5854,303,BLAa,BLA,213,left,0
5855,5856,2,6493.38,6140.78,2754.32,0.01171875,5855,303,BLAa,BLA,213,left,1
5856,5857,2,6485.06,6146.72,2763.84,0.00390625,5542,303,BLAa,BLA,214,left,0
5857,5858,2,6483.4,6148.02,2765.120000000001,0.3515625,5857,303,BLAa,BLA,214,left,0
5858,5859,2,6481.7,6149.02,2765.459999999999,0.2421875,5858,303,BLAa,BLA,214,left,0
5859,5860,2,6479.76,6149.54,2765.459999999999,0.37890625,5859,303,BLAa,BLA,214,left,0
5860,5861,2,6479.46,6150.02,2765.4,0.32421875,5860,303,BLAa,BLA,214,left,1
5861,5862,2,6681.42,5895.98,2769.08,0.01171875,5592,303,BLAa,BLA,215,left,0
5862,5863,2,6678.94,5895.48,2769.120000000001,0.1640625,5862,303,BLAa,BLA,215,left,0
5863,5864,2,6676.16,5894.78,2768.66,0.2421875,5863,477,STR,STR,215,left,0
5864,5865,2,6674.1,5894.26,2767.84,0.4609375,5864,477,STR,STR,215,left,0
5865,5866,2,6673.46,5892.38,2766.6000000000004,0.40625,5865,477,STR,STR,215,left,0
5866,5867,2,6673.12,5891.24,2764.9,0.19140625,5866,303,BLAa,BLA,215,left,0
5867,5868,2,6672.78,5890.26,2763.0599999999995,0.4609375,5867,303,BLAa,BLA,215,left,0
5868,5869,2,6672.64,5889.72,2760.8600000000006,0.40625,5868,303,BLAa,BLA,215,left,0
5869,5870,2,6674.1,5890.12,2759.6000000000004,0.1640625,5869,303,BLAa,BLA,215,left,0
5870,5871,2,6675.42,5891.1,2758.9400000000005,0.5703125,5870,303,BLAa,BLA,215,left,0
5871,5872,2,6676.4,5893.12,2758.74,0.015625,5871,303,BLAa,BLA,215,left,0
5872,5873,2,6678.78,5894.62,2759.8,0.26953125,5872,303,BLAa,BLA,215,left,0
5873,5874,2,6680.42,5896.26,2759.74,0.21484375,5873,303,BLAa,BLA,215,left,0
5874,5875,2,6684.44,5894.1,2769.7000000000007,0.00390625,5592,477,STR,STR,216,left,0
5875,5876,2,6685.66,5890.92,2770.1000000000004,0.21484375,5875,303,BLAa,BLA,216,left,0
5876,5877,2,6686.18,5888.44,2770.32,0.1640625,5876,303,BLAa,BLA,216,left,0
5877,5878,2,6686.42,5885.98,2771.0599999999995,0.43359375,5877,303,BLAa,BLA,216,left,0
5878,5879,2,6686.4,5884.38,2772.5599999999995,0.4609375,5878,477,STR,STR,216,left,0
5879,5880,2,6686.58,5884.18,2774.42,0.40625,5879,477,STR,STR,216,left,0
5880,5881,2,6687.0,5885.5,2776.6000000000004,0.4609375,5880,477,STR,STR,216,left,0
5881,5882,2,6686.72,5884.84,2778.16,0.2421875,5881,544,CEAc,CEA,216,left,0
5882,5883,2,6685.7,5885.08,2779.26,0.37890625,5882,477,STR,STR,216,left,0
5883,5884,2,6685.4,5886.86,2780.5599999999995,0.37890625,5883,477,STR,STR,216,left,0
5884,5885,2,6685.76,5889.48,2780.82,0.32421875,5884,477,STR,STR,216,left,0
5885,5886,2,6686.26,5892.36,2782.24,0.48828125,5885,477,STR,STR,216,left,0
5886,5887,2,6685.98,5893.24,2783.74,0.296875,5886,477,STR,STR,216,left,0
5887,5888,2,6684.5,5893.46,2785.6000000000004,0.21484375,5887,544,CEAc,CEA,216,left,0
5888,5889,2,6683.22,5893.66,2786.58,0.32421875,5888,544,CEAc,CEA,216,left,0
5889,5890,2,6681.96,5894.0,2787.66,0.32421875,5889,544,CEAc,CEA,216,left,0
5890,5891,2,6680.72,5894.02,2788.42,0.1640625,5890,544,CEAc,CEA,216,left,0
5891,5892,2,6679.32,5892.74,2789.3,0.1640625,5891,544,CEAc,CEA,216,left,0
5892,5893,2,6677.48,5890.4,2790.72,0.26953125,5892,544,CEAc,CEA,216,left,0
5893,5894,2,6676.08,5889.92,2791.42,0.32421875,5893,544,CEAc,CEA,216,left,0
5894,5895,2,6687.66,5924.58,2801.3,0.1640625,5621,477,STR,STR,217,left,0
5895,5896,2,6687.84,5922.54,2800.4,0.3515625,5895,477,STR,STR,217,left,0
5896,5897,2,6688.68,5921.4,2800.0,0.32421875,5896,477,STR,STR,217,left,0
5897,5898,2,6690.28,5919.74,2799.3,0.40625,5897,477,STR,STR,217,left,0
5898,5899,2,6691.84,5918.36,2798.7000000000007,0.43359375,5898,477,STR,STR,217,left,0
5899,5900,2,6693.76,5917.96,2798.16,0.2421875,5899,477,STR,STR,217,left,0
5900,5901,2,6695.42,5918.44,2797.6000000000004,0.48828125,5900,477,STR,STR,217,left,0
5901,5902,2,6696.78,5919.12,2796.9,0.2421875,5901,477,STR,STR,217,left,0
5902,5903,2,6699.02,5919.14,2797.0200000000004,0.296875,5902,477,STR,STR,217,left,0
5903,5904,2,6701.84,5918.72,2798.1399999999994,0.1640625,5903,477,STR,STR,217,left,0
5904,5905,2,6703.66,5918.9,2799.2000000000007,0.43359375,5904,477,STR,STR,217,left,0
5905,5906,2,6704.72,5919.08,2799.4,0.07421875,5905,477,STR,STR,217,left,0
5906,5907,2,6705.16,5919.9,2800.6399999999994,0.2421875,5906,477,STR,STR,217,left,0
5907,5908,2,6705.6,5921.64,2802.92,0.43359375,5907,477,STR,STR,217,left,0
5908,5909,2,6705.32,5922.88,2804.0,0.43359375,5908,477,STR,STR,217,left,1
5909,5910,2,6686.54,5926.86,2804.2000000000007,0.01171875,5621,477,STR,STR,218,left,0
5910,5911,2,6687.56,5927.04,2805.879999999999,0.296875,5910,477,STR,STR,218,left,0
5911,5912,2,6689.3,5927.58,2806.5599999999995,0.21484375,5911,477,STR,STR,218,left,0
5912,5913,2,6691.3,5927.76,2808.040000000001,0.3515625,5912,477,STR,STR,218,left,0
5913,5914,2,6692.04,5927.82,2809.379999999999,0.32421875,5913,477,STR,STR,218,left,0
5914,5915,2,6693.56,5927.9,2809.9400000000005,0.296875,5914,477,STR,STR,218,left,0
5915,5916,2,6694.14,5928.74,2810.74,0.32421875,5915,477,STR,STR,218,left,0
5916,5917,2,6695.36,5929.26,2811.9,0.48828125,5916,477,STR,STR,218,left,0
5917,5918,2,6697.72,5928.38,2812.959999999999,0.26953125,5917,477,STR,STR,218,left,0
5918,5919,2,6698.98,5927.7,2813.7000000000007,0.296875,5918,477,STR,STR,218,left,0
5919,5920,2,6700.9,5927.78,2814.379999999999,0.40625,5919,477,STR,STR,218,left,0
5920,5921,2,6702.74,5928.56,2815.1800000000003,0.21484375,5920,477,STR,STR,218,left,0
5921,5922,2,6705.02,5929.16,2816.2800000000007,0.3515625,5921,477,STR,STR,218,left,0
5922,5923,2,6706.96,5929.08,2817.379999999999,0.4609375,5922,477,STR,STR,218,left,0
5923,5924,2,6708.02,5928.56,2818.120000000001,0.4609375,5923,477,STR,STR,218,left,0
5924,5925,2,6708.88,5926.82,2819.6399999999994,0.21484375,5924,477,STR,STR,218,left,0
5925,5926,2,6710.0,5924.62,2820.540000000001,0.296875,5925,559,CEAm,CEA,218,left,0
5926,5927,2,6568.28,6184.5,2813.98,0.00390625,5654,1105,IA,IA,219,left,0
5927,5928,2,6567.36,6185.86,2814.6399999999994,0.32421875,5927,1105,IA,IA,219,left,1
5928,5929,2,6569.52,6181.34,2815.26,0.00390625,5654,1105,IA,IA,220,left,0
5929,5930,2,6570.96,6179.76,2815.959999999999,0.1640625,5929,1105,IA,IA,220,left,0
5930,5931,2,6572.92,6178.66,2816.2000000000007,0.32421875,5930,1105,IA,IA,220,left,0
5931,5932,2,6574.4,6177.52,2816.6000000000004,0.2421875,5931,1105,IA,IA,220,left,0
5932,5933,2,6574.3,6175.4,2817.379999999999,0.296875,5932,1105,IA,IA,220,left,0
5933,5934,2,6574.12,6172.82,2819.48,0.54296875,5933,1105,IA,IA,220,left,0
5934,5935,2,6574.32,6171.2,2820.24,0.32421875,5934,1105,IA,IA,220,left,0
5935,5936,2,6576.42,6170.32,2820.42,0.32421875,5935,703,CTXsp,CTXsp,220,left,0
5936,5937,2,6577.74,6169.08,2820.58,0.32421875,5936,703,CTXsp,CTXsp,220,left,0
5937,5938,2,6577.8,6167.1,2820.8,0.3515625,5937,703,CTXsp,CTXsp,220,left,0
5938,5939,2,6724.04,5839.4,2701.16,0.0078125,5663,303,BLAa,BLA,221,left,0
5939,5940,2,6726.02,5837.36,2700.9400000000005,0.19140625,5939,303,BLAa,BLA,221,left,0
5940,5941,2,6727.06,5836.2,2700.42,0.32421875,5940,303,BLAa,BLA,221,left,0
5941,5942,2,6728.22,5834.72,2699.120000000001,0.21484375,5941,303,BLAa,BLA,221,left,0
5942,5943,2,6729.24,5833.32,2698.040000000001,0.37890625,5942,303,BLAa,BLA,221,left,0
5943,5944,2,6730.66,5831.84,2697.1000000000004,0.32421875,5943,303,BLAa,BLA,221,left,0
5944,5945,2,6731.52,5829.94,2696.620000000001,0.21484375,5944,303,BLAa,BLA,221,left,0
5945,5946,2,6732.62,5828.84,2695.32,0.3515625,5945,303,BLAa,BLA,221,left,0
5946,5947,2,6732.6,5828.16,2693.58,0.21484375,5946,303,BLAa,BLA,221,left,0
5947,5948,2,6733.44,5827.74,2693.22,0.32421875,5947,303,BLAa,BLA,221,left,0
5948,5949,2,6734.42,5827.54,2691.26,0.00390625,5948,303,BLAa,BLA,221,left,0
5949,5950,2,6736.2,5826.62,2690.1000000000004,0.43359375,5949,303,BLAa,BLA,221,left,0
5950,5951,2,6737.56,5825.72,2689.0599999999995,0.2421875,5950,303,BLAa,BLA,221,left,0
5951,5952,2,6740.08,5824.4,2688.379999999999,0.1640625,5951,303,BLAa,BLA,221,left,0
5952,5953,2,6741.5,5823.32,2687.82,0.48828125,5952,303,BLAa,BLA,221,left,0
5953,5954,2,6742.34,5822.58,2686.2800000000007,0.3515625,5953,303,BLAa,BLA,221,left,0
5954,5955,2,6743.92,5820.78,2685.5,0.32421875,5954,303,BLAa,BLA,221,left,0
5955,5956,2,6745.56,5819.58,2685.2800000000007,0.32421875,5955,303,BLAa,BLA,221,left,0
5956,5957,2,6746.9,5819.3,2684.76,0.32421875,5956,303,BLAa,BLA,221,left,0
5957,5958,2,6748.94,5818.64,2684.5,0.21484375,5957,303,BLAa,BLA,221,left,0
5958,5959,2,6750.96,5816.84,2684.1000000000004,0.26953125,5958,303,BLAa,BLA,221,left,0
5959,5960,2,6751.74,5816.72,2683.0599999999995,0.5703125,5959,303,BLAa,BLA,221,left,0
5960,5961,2,6753.36,5816.9,2682.120000000001,0.00390625,5960,303,BLAa,BLA,221,left,0
5961,5962,2,6756.12,5816.54,2681.379999999999,0.40625,5961,303,BLAa,BLA,221,left,0
5962,5963,2,6757.26,5815.2,2679.8600000000006,0.21484375,5962,303,BLAa,BLA,221,left,0
5963,5964,2,6757.86,5813.94,2678.32,0.19140625,5963,303,BLAa,BLA,221,left,0
5964,5965,2,6758.78,5814.38,2677.0200000000004,0.59765625,5964,303,BLAa,BLA,221,left,0
5965,5966,2,6759.46,5815.78,2676.24,0.19140625,5965,303,BLAa,BLA,221,left,0
5966,5967,2,6761.02,5816.78,2674.16,0.1640625,5966,303,BLAa,BLA,221,left,0
5967,5968,2,6762.16,5817.28,2672.5,0.37890625,5967,303,BLAa,BLA,221,left,0
5968,5969,2,6763.64,5817.72,2670.84,0.1640625,5968,303,BLAa,BLA,221,left,0
5969,5970,2,6764.74,5818.96,2668.879999999999,0.32421875,5969,303,BLAa,BLA,221,left,0
5970,5971,2,6765.24,5819.88,2667.8600000000006,0.43359375,5970,303,BLAa,BLA,221,left,0
5971,5972,2,6721.72,5843.8,2700.24,0.00390625,5663,303,BLAa,BLA,222,left,0
5972,5973,2,6720.06,5845.32,2700.0,0.296875,5972,303,BLAa,BLA,222,left,0
5973,5974,2,6719.68,5846.88,2700.5,0.32421875,5973,303,BLAa,BLA,222,left,0
5974,5975,2,6718.52,5847.92,2701.42,0.1640625,5974,303,BLAa,BLA,222,left,0
5975,5976,2,6717.92,5848.94,2702.32,0.4609375,5975,303,BLAa,BLA,222,left,0
5976,5977,2,6716.4,5849.94,2702.74,0.37890625,5976,303,BLAa,BLA,222,left,0
5977,5978,2,6715.68,5850.86,2703.74,0.2421875,5977,303,BLAa,BLA,222,left,0
5978,5979,2,6714.8,5851.9,2705.0200000000004,0.00390625,5978,303,BLAa,BLA,222,left,0
5979,5980,2,6712.84,5854.2,2706.16,0.40625,5979,303,BLAa,BLA,222,left,0
5980,5981,2,6712.04,5855.34,2707.48,0.48828125,5980,303,BLAa,BLA,222,left,0
5981,5982,2,6709.76,5856.96,2707.8600000000006,0.00390625,5981,303,BLAa,BLA,222,left,0
5982,5983,2,6707.4,5857.96,2707.72,0.6484375,5982,303,BLAa,BLA,222,left,0
5983,5984,2,6706.8,5857.68,2708.66,0.40625,5983,303,BLAa,BLA,222,left,0
5984,5985,2,6706.98,5857.3,2710.72,0.62109375,5984,303,BLAa,BLA,222,left,0
5985,5986,2,6706.22,5857.56,2712.1399999999994,0.4609375,5985,303,BLAa,BLA,222,left,0
5986,5987,2,6704.9,5858.06,2712.92,0.296875,5986,303,BLAa,BLA,222,left,0
5987,5988,2,6702.4,5858.88,2713.379999999999,0.37890625,5987,303,BLAa,BLA,222,left,0
5988,5989,2,6700.48,5859.44,2713.6800000000003,0.32421875,5988,303,BLAa,BLA,222,left,0
5989,5990,2,6699.8,5859.88,2714.48,0.4609375,5989,303,BLAa,BLA,222,left,0
5990,5991,2,6698.52,5861.54,2714.540000000001,0.1640625,5990,303,BLAa,BLA,222,left,0
5991,5992,2,6696.56,5864.0,2714.379999999999,0.37890625,5991,303,BLAa,BLA,222,left,0
5992,5993,2,6695.26,5864.94,2714.58,0.40625,5992,303,BLAa,BLA,222,left,0
5993,5994,2,6692.52,5865.78,2714.7800000000007,0.0078125,5993,303,BLAa,BLA,222,left,0
5994,5995,2,6691.24,5866.72,2715.34,0.3515625,5994,303,BLAa,BLA,222,left,0
5995,5996,2,6690.86,5868.44,2716.120000000001,0.19140625,5995,303,BLAa,BLA,222,left,0
5996,5997,2,6689.92,5870.36,2716.9400000000005,0.2421875,5996,303,BLAa,BLA,222,left,0
5997,5998,2,6688.5,5871.76,2717.5599999999995,0.2421875,5997,303,BLAa,BLA,222,left,0
5998,5999,2,6687.38,5874.0,2718.92,0.19140625,5998,303,BLAa,BLA,222,left,0
5999,6000,2,6686.5,5876.36,2719.2000000000007,0.1640625,5999,303,BLAa,BLA,222,left,0
6000,6001,2,6686.32,5878.32,2719.8600000000006,0.40625,6000,303,BLAa,BLA,222,left,0
6001,6002,2,6685.72,5878.74,2721.24,0.19140625,6001,303,BLAa,BLA,222,left,0
6002,6003,2,6684.64,5879.9,2721.9400000000005,0.26953125,6002,303,BLAa,BLA,222,left,0
6003,6004,2,6682.86,5881.7,2722.4400000000005,0.32421875,6003,303,BLAa,BLA,222,left,0
6004,6005,2,6680.24,5882.9,2722.1000000000004,0.43359375,6004,303,BLAa,BLA,222,left,0
6005,6006,2,6678.36,5883.68,2721.8,0.2421875,6005,303,BLAa,BLA,222,left,0
6006,6007,2,6676.46,5886.62,2721.34,0.00390625,6006,303,BLAa,BLA,222,left,0
6007,6008,2,6675.0,5889.22,2721.379999999999,0.32421875,6007,303,BLAa,BLA,222,left,0
6008,6009,2,6672.92,5892.6,2721.34,0.32421875,6008,303,BLAa,BLA,222,left,0
6009,6010,2,6672.14,5894.34,2721.120000000001,0.43359375,6009,303,BLAa,BLA,222,left,0
6010,6011,2,6670.68,5894.9,2690.6000000000004,0.0078125,5844,303,BLAa,BLA,223,left,0
6011,6012,2,6672.52,5894.26,2690.98,0.32421875,6011,303,BLAa,BLA,223,left,0
6012,6013,2,6674.96,5893.34,2690.82,0.37890625,6012,303,BLAa,BLA,223,left,0
6013,6014,2,6676.1,5892.1,2690.34,0.3515625,6013,303,BLAa,BLA,223,left,0
6014,6015,2,6677.66,5890.36,2690.0,0.19140625,6014,303,BLAa,BLA,223,left,0
6015,6016,2,6678.98,5888.68,2690.16,0.32421875,6015,303,BLAa,BLA,223,left,0
6016,6017,2,6679.62,5885.64,2689.7000000000007,0.00390625,6016,303,BLAa,BLA,223,left,0
6017,6018,2,6680.62,5883.44,2689.58,0.21484375,6017,303,BLAa,BLA,223,left,0
6018,6019,2,6681.94,5881.92,2688.9,0.4609375,6018,303,BLAa,BLA,223,left,0
6019,6020,2,6683.38,5878.24,2687.8,0.37890625,6019,303,BLAa,BLA,223,left,0
6020,6021,2,6684.42,5876.72,2687.16,0.43359375,6020,303,BLAa,BLA,223,left,0
6021,6022,2,6685.8,5873.9,2687.1000000000004,0.43359375,6021,303,BLAa,BLA,223,left,0
6022,6023,2,6686.54,5871.68,2687.22,0.32421875,6022,303,BLAa,BLA,223,left,0
6023,6024,2,6688.34,5869.98,2687.42,0.2421875,6023,303,BLAa,BLA,223,left,0
6024,6025,2,6689.98,5868.26,2687.72,0.1640625,6024,303,BLAa,BLA,223,left,0
6025,6026,2,6692.26,5865.74,2688.040000000001,0.19140625,6025,303,BLAa,BLA,223,left,0
6026,6027,2,6693.84,5862.68,2688.66,0.37890625,6026,303,BLAa,BLA,223,left,0
6027,6028,2,6694.06,5860.72,2688.98,0.40625,6027,303,BLAa,BLA,223,left,0
6028,6029,2,6695.16,5859.5,2689.9400000000005,0.43359375,6028,303,BLAa,BLA,223,left,0
6029,6030,2,6696.28,5858.56,2691.6399999999994,0.296875,6029,303,BLAa,BLA,223,left,0
6030,6031,2,6698.26,5858.06,2692.879999999999,0.43359375,6030,303,BLAa,BLA,223,left,0
6031,6032,2,6699.58,5857.78,2693.98,0.48828125,6031,303,BLAa,BLA,223,left,0
6032,6033,2,6700.76,5856.88,2695.34,0.32421875,6032,303,BLAa,BLA,223,left,0
6033,6034,2,6700.8,5856.22,2696.5,0.48828125,6033,303,BLAa,BLA,223,left,0
6034,6035,2,6702.78,5855.4,2696.959999999999,0.02734375,6034,303,BLAa,BLA,223,left,0
6035,6036,2,6704.36,5854.28,2697.72,0.32421875,6035,303,BLAa,BLA,223,left,0
6036,6037,2,6706.98,5852.96,2698.2000000000007,0.37890625,6036,303,BLAa,BLA,223,left,0
6037,6038,2,6708.48,5851.82,2698.379999999999,0.2421875,6037,303,BLAa,BLA,223,left,0
6038,6039,2,6709.78,5850.32,2698.5,0.296875,6038,303,BLAa,BLA,223,left,0
6039,6040,2,6711.28,5849.52,2698.459999999999,0.19140625,6039,303,BLAa,BLA,223,left,0
6040,6041,2,6713.82,5848.58,2698.459999999999,0.32421875,6040,303,BLAa,BLA,223,left,0
6041,6042,2,6716.5,5847.82,2698.4400000000005,0.40625,6041,303,BLAa,BLA,223,left,0
6042,6043,2,6717.64,5846.84,2697.74,0.2421875,6042,303,BLAa,BLA,223,left,0
6043,6044,2,6719.06,5844.06,2697.26,0.296875,6043,303,BLAa,BLA,223,left,0
6044,6045,2,6719.46,5841.74,2697.1800000000003,0.19140625,6044,303,BLAa,BLA,223,left,0
6045,6046,2,6720.72,5840.2,2696.98,0.32421875,6045,303,BLAa,BLA,223,left,0
6046,6047,2,6720.76,5838.4,2697.0,0.48828125,6046,303,BLAa,BLA,223,left,0
6047,6048,2,6722.92,5836.52,2697.84,0.0078125,6047,303,BLAa,BLA,223,left,0
6048,6049,2,6725.04,5834.26,2698.379999999999,0.26953125,6048,303,BLAa,BLA,223,left,0
6049,6050,2,6725.94,5832.04,2698.0599999999995,0.32421875,6049,303,BLAa,BLA,223,left,0
6050,6051,2,6727.26,5829.5,2698.16,0.43359375,6050,303,BLAa,BLA,223,left,0
6051,6052,2,6728.66,5827.06,2699.5599999999995,0.48828125,6051,303,BLAa,BLA,223,left,0
6052,6053,2,6729.38,5824.38,2700.459999999999,0.1640625,6052,303,BLAa,BLA,223,left,0
6053,6054,2,6730.52,5823.14,2702.1399999999994,0.32421875,6053,303,BLAa,BLA,223,left,0
6054,6055,2,6731.34,5822.82,2703.48,0.48828125,6054,303,BLAa,BLA,223,left,0
6055,6056,2,6732.42,5820.8,2704.879999999999,0.19140625,6055,303,BLAa,BLA,223,left,0
6056,6057,2,6733.6,5819.3,2706.0599999999995,0.48828125,6056,303,BLAa,BLA,223,left,0
6057,6058,2,6734.84,5819.02,2707.620000000001,0.40625,6057,303,BLAa,BLA,223,left,0
6058,6059,2,6736.2,5819.1,2708.6399999999994,0.21484375,6058,303,BLAa,BLA,223,left,0
6059,6060,2,6737.3,5819.74,2709.42,0.19140625,6059,303,BLAa,BLA,223,left,0
6060,6061,2,6669.82,5896.86,2688.8,0.00390625,5844,303,BLAa,BLA,224,left,0
6061,6062,2,6670.36,5898.76,2688.7800000000007,0.2421875,6061,303,BLAa,BLA,224,left,0
6062,6063,2,6672.08,5899.68,2689.1000000000004,0.32421875,6062,303,BLAa,BLA,224,left,0
6063,6064,2,6674.58,5899.86,2688.7800000000007,0.32421875,6063,303,BLAa,BLA,224,left,0
6064,6065,2,6676.64,5899.62,2687.6399999999994,0.43359375,6064,303,BLAa,BLA,224,left,0
6065,6066,2,6677.56,5899.24,2686.5599999999995,0.48828125,6065,303,BLAa,BLA,224,left,0
6066,6067,2,6677.84,5896.92,2685.1000000000004,0.00390625,6066,303,BLAa,BLA,224,left,0
6067,6068,2,6679.22,5893.82,2685.7000000000007,0.54296875,6067,303,BLAa,BLA,224,left,0
6068,6069,2,6680.8,5891.0,2688.120000000001,0.296875,6068,303,BLAa,BLA,224,left,0
6069,6070,2,6682.04,5889.38,2690.120000000001,0.37890625,6069,303,BLAa,BLA,224,left,0
6070,6071,2,6683.88,5888.26,2690.92,0.21484375,6070,303,BLAa,BLA,224,left,0
6071,6072,2,6684.92,5885.48,2691.42,0.32421875,6071,303,BLAa,BLA,224,left,0
6072,6073,2,6686.18,5882.52,2691.120000000001,0.296875,6072,303,BLAa,BLA,224,left,0
6073,6074,2,6687.54,5881.12,2690.4,0.3515625,6073,303,BLAa,BLA,224,left,0
6074,6075,2,6690.26,5878.78,2690.3600000000006,0.2421875,6074,303,BLAa,BLA,224,left,0
6075,6076,2,6691.58,5877.48,2690.34,0.48828125,6075,303,BLAa,BLA,224,left,0
6076,6077,2,6693.06,5876.62,2689.98,0.26953125,6076,303,BLAa,BLA,224,left,0
6077,6078,2,6695.08,5876.14,2689.6800000000003,0.32421875,6077,303,BLAa,BLA,224,left,0
6078,6079,2,6697.66,5875.66,2689.5200000000004,0.32421875,6078,303,BLAa,BLA,224,left,0
6079,6080,2,6700.16,5875.04,2689.66,0.01171875,6079,303,BLAa,BLA,224,left,0
6080,6081,2,6701.54,5874.2,2689.6399999999994,0.1640625,6080,303,BLAa,BLA,224,left,0
6081,6082,2,6702.56,5872.8,2688.82,0.515625,6081,303,BLAa,BLA,224,left,0
6082,6083,2,6703.2,5870.92,2688.540000000001,0.40625,6082,303,BLAa,BLA,224,left,0
6083,6084,2,6704.44,5868.58,2687.7000000000007,0.40625,6083,303,BLAa,BLA,224,left,0
6084,6085,2,6705.0,5866.38,2687.7800000000007,0.54296875,6084,303,BLAa,BLA,224,left,0
6085,6086,2,6706.58,5865.46,2688.8,0.296875,6085,303,BLAa,BLA,224,left,0
6086,6087,2,6708.52,5864.8,2689.26,0.32421875,6086,303,BLAa,BLA,224,left,0
6087,6088,2,6709.2,5862.92,2689.379999999999,0.37890625,6087,303,BLAa,BLA,224,left,0
6088,6089,2,6710.56,5861.12,2689.48,0.296875,6088,303,BLAa,BLA,224,left,0
6089,6090,2,6712.26,5859.56,2689.48,0.1640625,6089,303,BLAa,BLA,224,left,0
6090,6091,2,6714.34,5857.42,2690.4400000000005,0.2421875,6090,303,BLAa,BLA,224,left,0
6091,6092,2,6717.04,5856.16,2691.4400000000005,0.1640625,6091,303,BLAa,BLA,224,left,0
6092,6093,2,6719.16,5855.56,2691.5599999999995,0.32421875,6092,303,BLAa,BLA,224,left,0
6093,6094,2,6720.8,5855.14,2690.8600000000006,0.40625,6093,303,BLAa,BLA,224,left,0
6094,6095,2,6722.06,5854.74,2690.4400000000005,0.43359375,6094,303,BLAa,BLA,224,left,0
6095,6096,2,6566.66,6010.98,2674.4,0.01171875,5849,303,BLAa,BLA,225,left,0
6096,6097,2,6564.26,6009.94,2674.42,0.54296875,6096,303,BLAa,BLA,225,left,1
6097,6098,2,6570.0,6011.04,2673.4400000000005,0.00390625,5849,303,BLAa,BLA,226,left,0
6098,6099,2,6572.08,6010.34,2672.4,0.296875,6098,303,BLAa,BLA,226,left,0
6099,6100,2,6573.66,6009.46,2671.48,0.1640625,6099,303,BLAa,BLA,226,left,0
6100,6101,2,6575.66,6009.12,2670.6000000000004,0.1640625,6100,303,BLAa,BLA,226,left,0
6101,6102,2,6577.1,6009.08,2669.4,0.19140625,6101,303,BLAa,BLA,226,left,0
6102,6103,2,6682.18,5896.9,2758.8,0.00390625,5874,303,BLAa,BLA,227,left,0
6103,6104,2,6684.2,5897.4,2757.959999999999,0.1640625,6103,303,BLAa,BLA,227,left,0
6104,6105,2,6686.14,5898.86,2757.5200000000004,0.1640625,6104,303,BLAa,BLA,227,left,0
6105,6106,2,6689.38,5900.2,2757.120000000001,0.32421875,6105,303,BLAa,BLA,227,left,0
6106,6107,2,6691.06,5901.2,2757.1000000000004,0.2421875,6106,303,BLAa,BLA,227,left,0
6107,6108,2,6693.6,5902.18,2757.6399999999994,0.40625,6107,303,BLAa,BLA,227,left,0
6108,6109,2,6695.54,5902.66,2758.32,0.296875,6108,303,BLAa,BLA,227,left,0
6109,6110,2,6698.24,5902.08,2759.76,0.00390625,6109,303,BLAa,BLA,227,left,0
6110,6111,2,6700.16,5900.14,2760.76,0.43359375,6110,303,BLAa,BLA,227,left,0
6111,6112,2,6701.2,5899.16,2761.959999999999,0.1640625,6111,303,BLAa,BLA,227,left,0
6112,6113,2,6703.72,5898.46,2763.1000000000004,0.1640625,6112,303,BLAa,BLA,227,left,0
6113,6114,2,6705.78,5896.96,2763.620000000001,0.73046875,6113,303,BLAa,BLA,227,left,0
6114,6115,2,6706.8,5895.92,2764.459999999999,0.48828125,6114,303,BLAa,BLA,227,left,0
6115,6116,2,6709.88,5895.58,2765.3,0.32421875,6115,303,BLAa,BLA,227,left,0
6116,6117,2,6712.0,5895.24,2765.4,0.40625,6116,303,BLAa,BLA,227,left,0
6117,6118,2,6713.94,5894.08,2765.879999999999,0.1640625,6117,303,BLAa,BLA,227,left,0
6118,6119,2,6714.64,5892.5,2766.2000000000007,0.19140625,6118,303,BLAa,BLA,227,left,0
6119,6120,2,6716.36,5890.52,2766.540000000001,0.37890625,6119,303,BLAa,BLA,227,left,0
6120,6121,2,6717.76,5889.14,2766.26,0.0078125,6120,303,BLAa,BLA,227,left,0
6121,6122,2,6719.82,5887.68,2766.32,0.1640625,6121,303,BLAa,BLA,227,left,0
6122,6123,2,6721.74,5887.58,2766.22,0.37890625,6122,303,BLAa,BLA,227,left,0
6123,6124,2,6725.02,5887.82,2765.959999999999,0.32421875,6123,303,BLAa,BLA,227,left,0
6124,6125,2,6726.82,5887.52,2765.540000000001,0.26953125,6124,303,BLAa,BLA,227,left,0
6125,6126,2,6728.32,5886.62,2764.959999999999,0.48828125,6125,303,BLAa,BLA,227,left,0
6126,6127,2,6730.82,5885.1,2764.74,0.296875,6126,303,BLAa,BLA,227,left,0
6127,6128,2,6731.82,5884.06,2764.5200000000004,0.3515625,6127,303,BLAa,BLA,227,left,0
6128,6129,2,6731.76,5882.28,2764.3600000000006,0.37890625,6128,303,BLAa,BLA,227,left,0
6129,6130,2,6733.46,5878.3,2763.48,0.26953125,6129,303,BLAa,BLA,227,left,0
6130,6131,2,6734.58,5876.1,2763.22,0.21484375,6130,303,BLAa,BLA,227,left,0
6131,6132,2,6735.92,5873.98,2763.4400000000005,0.32421875,6131,303,BLAa,BLA,227,left,0
6132,6133,2,6737.18,5873.1,2763.620000000001,0.32421875,6132,303,BLAa,BLA,227,left,1
6133,6134,2,6681.1,5898.9,2759.2000000000007,0.00390625,5874,303,BLAa,BLA,228,left,0
6134,6135,2,6680.56,5901.08,2759.1399999999994,0.43359375,6134,303,BLAa,BLA,228,left,0
6135,6136,2,6679.7,5901.62,2759.98,0.40625,6135,303,BLAa,BLA,228,left,0
6136,6137,2,6679.6,5901.16,2761.92,0.48828125,6136,303,BLAa,BLA,228,left,0
6137,6138,2,6679.0,5901.32,2763.76,0.43359375,6137,303,BLAa,BLA,228,left,0
6138,6139,2,6677.72,5901.8,2764.8600000000006,0.32421875,6138,303,BLAa,BLA,228,left,0
6139,6140,2,6676.9,5902.02,2766.620000000001,0.3515625,6139,303,BLAa,BLA,228,left,0
6140,6141,2,6677.14,5902.66,2767.98,0.00390625,6140,303,BLAa,BLA,228,left,0
6141,6142,2,6677.66,5906.1,2768.74,0.2421875,6141,303,BLAa,BLA,228,left,0
6142,6143,2,6678.14,5909.28,2769.1800000000003,0.43359375,6142,303,BLAa,BLA,228,left,0
6143,6144,2,6678.46,5910.78,2770.4400000000005,0.21484375,6143,303,BLAa,BLA,228,left,0
6144,6145,2,6678.16,5911.3,2772.959999999999,0.00390625,6144,303,BLAa,BLA,228,left,0
6145,6146,2,6677.28,5911.8,2774.5200000000004,0.32421875,6145,303,BLAa,BLA,228,left,0
6146,6147,2,6677.12,5912.28,2776.5,0.48828125,6146,477,STR,STR,228,left,0
6147,6148,2,6677.56,5913.48,2778.92,0.48828125,6147,477,STR,STR,228,left,0
6148,6149,2,6677.82,5914.12,2780.5,0.4609375,6148,477,STR,STR,228,left,0
6149,6150,2,6677.8,5916.48,2781.82,0.00390625,6149,303,BLAa,BLA,228,left,0
6150,6151,2,6676.76,5917.4,2782.4,0.21484375,6150,303,BLAa,BLA,228,left,0
6151,6152,2,6674.02,5918.48,2782.42,0.3515625,6151,477,STR,STR,228,left,0
6152,6153,2,6672.42,5919.12,2782.9400000000005,0.2421875,6152,477,STR,STR,228,left,0
6153,6154,2,6669.84,5919.5,2783.66,0.00390625,6153,477,STR,STR,228,left,0
6154,6155,2,6667.64,5918.56,2784.0,0.1640625,6154,477,STR,STR,228,left,0
6155,6156,2,6666.18,5917.58,2784.5599999999995,0.26953125,6155,477,STR,STR,228,left,0
6156,6157,2,6663.96,5917.8,2786.24,0.1640625,6156,477,STR,STR,228,left,0
6157,6158,2,6662.78,5919.08,2786.959999999999,0.26953125,6157,477,STR,STR,228,left,0
6158,6159,2,6661.98,5921.42,2787.26,0.21484375,6158,477,STR,STR,228,left,0
6159,6160,2,6661.42,5923.46,2787.48,0.32421875,6159,477,STR,STR,228,left,0
6160,6161,2,6659.58,5925.64,2786.6399999999994,0.43359375,6160,477,STR,STR,228,left,0
6161,6162,2,6658.48,5927.3,2786.7800000000007,0.32421875,6161,477,STR,STR,228,left,0
6162,6163,2,6658.6,5931.22,2786.6800000000003,0.296875,6162,477,STR,STR,228,left,0
6163,6164,2,6658.98,5933.94,2786.3600000000006,0.48828125,6163,477,STR,STR,228,left,0
6164,6165,2,6660.14,5935.16,2786.040000000001,0.32421875,6164,477,STR,STR,228,left,0
6165,6166,2,6661.12,5936.4,2785.879999999999,0.01953125,6165,477,STR,STR,228,left,0
6166,6167,2,6661.52,5938.88,2785.5200000000004,0.40625,6166,477,STR,STR,228,left,0
6167,6168,2,6659.9,5941.38,2785.48,0.32421875,6167,477,STR,STR,228,left,0
6168,6169,2,6659.02,5942.88,2785.6000000000004,0.32421875,6168,477,STR,STR,228,left,0
6169,6170,2,6657.72,5942.94,2784.16,0.0234375,6169,303,BLAa,BLA,228,left,0
6170,6171,2,6657.42,5942.5,2782.620000000001,0.4609375,6170,303,BLAa,BLA,228,left,0
6171,6172,2,6657.22,5940.86,2781.24,0.00390625,6171,303,BLAa,BLA,228,left,0
6172,6173,2,6658.12,5938.76,2780.959999999999,0.32421875,6172,303,BLAa,BLA,228,left,0
6173,6174,2,6659.16,5935.92,2780.42,0.1640625,6173,303,BLAa,BLA,228,left,0
6174,6175,2,6660.26,5934.4,2780.1399999999994,0.32421875,6174,303,BLAa,BLA,228,left,0
6175,6176,2,6660.38,5931.32,2779.22,0.19140625,6175,303,BLAa,BLA,228,left,0
6176,6177,2,6660.68,5928.98,2778.959999999999,0.48828125,6176,303,BLAa,BLA,228,left,0
6177,6178,2,6660.6,5927.38,2779.4400000000005,0.62109375,6177,303,BLAa,BLA,228,left,0
6178,6179,2,6663.26,5926.52,2779.8,0.015625,6178,303,BLAa,BLA,228,left,0
6179,6180,2,6665.26,5925.56,2780.6399999999994,0.21484375,6179,303,BLAa,BLA,228,left,0
6180,6181,2,6666.7,5923.88,2781.0200000000004,0.32421875,6180,477,STR,STR,228,left,0
6181,6182,2,6667.98,5922.54,2781.24,0.32421875,6181,477,STR,STR,228,left,0
6182,6183,2,6670.0,5920.84,2781.0599999999995,0.3515625,6182,477,STR,STR,228,left,0
6183,6184,2,6671.16,5918.96,2780.459999999999,0.1640625,6183,477,STR,STR,228,left,0
6184,6185,2,6672.28,5916.24,2779.92,0.00390625,6184,477,STR,STR,228,left,0
6185,6186,2,6672.5,5913.28,2779.4400000000005,0.3515625,6185,477,STR,STR,228,left,0
6186,6187,2,6672.98,5911.18,2778.540000000001,0.40625,6186,477,STR,STR,228,left,0
6187,6188,2,6674.82,5909.94,2777.6399999999994,0.515625,6187,477,STR,STR,228,left,0
6188,6189,2,6675.58,5909.8,2776.82,0.32421875,6188,477,STR,STR,228,left,0
6189,6190,2,6677.84,5909.84,2774.620000000001,0.296875,6189,303,BLAa,BLA,228,left,0
6190,6191,2,6678.46,5908.24,2773.26,0.32421875,6190,303,BLAa,BLA,228,left,0
6191,6192,2,6677.98,5905.6,2772.7000000000007,0.26953125,6191,303,BLAa,BLA,228,left,0
6192,6193,2,6677.06,5904.46,2772.7000000000007,0.6484375,6192,303,BLAa,BLA,228,left,0
6193,6194,2,6676.44,5901.66,2772.6800000000003,0.0234375,6193,303,BLAa,BLA,228,left,0
6194,6195,2,6676.14,5898.32,2772.0,0.21484375,6194,303,BLAa,BLA,228,left,0
6195,6196,2,6677.06,5897.06,2771.1800000000003,0.4609375,6195,303,BLAa,BLA,228,left,1
6196,6197,2,6674.4,5889.24,2792.24,0.37890625,5894,544,CEAc,CEA,229,left,0
6197,6198,2,6671.88,5888.58,2792.5599999999995,0.1640625,6197,544,CEAc,CEA,229,left,0
6198,6199,2,6670.42,5887.6,2792.7000000000007,0.26953125,6198,544,CEAc,CEA,229,left,0
6199,6200,2,6668.44,5886.62,2792.82,0.32421875,6199,544,CEAc,CEA,229,left,1
6200,6201,2,6675.44,5890.36,2794.2800000000007,0.43359375,5894,544,CEAc,CEA,230,left,0
6201,6202,2,6674.16,5889.8,2795.7800000000007,0.3515625,6201,544,CEAc,CEA,230,left,0
6202,6203,2,6672.48,5889.64,2796.620000000001,0.32421875,6202,544,CEAc,CEA,230,left,0
6203,6204,2,6672.3,5890.08,2797.6800000000003,0.5703125,6203,544,CEAc,CEA,230,left,0
6204,6205,2,6672.42,5891.84,2798.4400000000005,0.32421875,6204,544,CEAc,CEA,230,left,0
6205,6206,2,6671.42,5892.38,2798.72,0.32421875,6205,544,CEAc,CEA,230,left,0
6206,6207,2,6670.66,5892.48,2800.1800000000003,0.26953125,6206,544,CEAc,CEA,230,left,0
6207,6208,2,6670.8,5892.06,2801.8,0.515625,6207,544,CEAc,CEA,230,left,0
6208,6209,2,6670.76,5892.46,2803.84,0.32421875,6208,544,CEAc,CEA,230,left,0
6209,6210,2,6669.56,5893.38,2804.66,0.4609375,6209,544,CEAc,CEA,230,left,0
6210,6211,2,6671.14,5892.78,2805.48,0.01171875,6210,544,CEAc,CEA,230,left,0
6211,6212,2,6672.28,5891.1,2806.08,0.26953125,6211,544,CEAc,CEA,230,left,0
6212,6213,2,6672.0,5888.18,2806.76,0.296875,6212,544,CEAc,CEA,230,left,0
6213,6214,2,6671.76,5886.08,2806.92,0.4609375,6213,544,CEAc,CEA,230,left,0
6214,6215,2,6711.6,5924.7,2821.2000000000007,0.00390625,5926,559,CEAm,CEA,231,left,0
6215,6216,2,6714.2,5925.64,2822.24,0.32421875,6215,477,STR,STR,231,left,0
6216,6217,2,6715.14,5926.36,2823.4400000000005,0.32421875,6216,477,STR,STR,231,left,1
6217,6218,2,6710.06,5923.46,2820.459999999999,0.015625,5926,559,CEAm,CEA,232,left,0
6218,6219,2,6709.54,5918.66,2821.040000000001,0.296875,6218,559,CEAm,CEA,232,left,0
6219,6220,2,6709.34,5916.42,2821.7800000000007,0.4609375,6219,559,CEAm,CEA,232,left,0
6220,6221,2,6710.5,5914.4,2822.42,0.32421875,6220,559,CEAm,CEA,232,left,0
6221,6222,2,6712.06,5913.12,2823.040000000001,0.1640625,6221,559,CEAm,CEA,232,left,0
6222,6223,2,6712.46,5910.28,2823.3600000000006,0.4609375,6222,559,CEAm,CEA,232,left,0
6223,6224,2,6713.34,5907.76,2823.120000000001,0.19140625,6223,559,CEAm,CEA,232,left,0
6224,6225,2,6714.6,5906.16,2822.6800000000003,0.296875,6224,559,CEAm,CEA,232,left,0
6225,6226,2,6716.0,5904.26,2822.4,0.5703125,6225,559,CEAm,CEA,232,left,0
6226,6227,2,6716.48,5902.88,2821.6800000000003,0.37890625,6226,559,CEAm,CEA,232,left,0
6227,6228,2,6579.36,6165.92,2820.040000000001,0.0078125,5938,703,CTXsp,CTXsp,233,left,0
6228,6229,2,6579.82,6164.4,2818.4,0.296875,6228,703,CTXsp,CTXsp,233,left,0
6229,6230,2,6580.2,6162.56,2817.459999999999,0.48828125,6229,703,CTXsp,CTXsp,233,left,0
6230,6231,2,6580.84,6161.0,2817.26,0.296875,6230,703,CTXsp,CTXsp,233,left,0
6231,6232,2,6580.68,6157.38,2817.4,0.26953125,6231,703,CTXsp,CTXsp,233,left,0
6232,6233,2,6581.02,6154.9,2817.459999999999,0.48828125,6232,703,CTXsp,CTXsp,233,left,0
6233,6234,2,6580.48,6166.72,2821.1399999999994,0.0078125,5938,703,CTXsp,CTXsp,234,left,0
6234,6235,2,6581.88,6165.86,2821.0599999999995,0.26953125,6234,703,CTXsp,CTXsp,234,left,0
6235,6236,2,6582.48,6164.34,2820.879999999999,0.19140625,6235,703,CTXsp,CTXsp,234,left,0
6236,6237,2,6582.52,6161.46,2821.34,0.21484375,6236,703,CTXsp,CTXsp,234,left,0
6237,6238,2,6581.82,6162.38,2822.620000000001,0.21484375,6237,703,CTXsp,CTXsp,234,left,0
6238,6239,2,6582.12,6164.7,2824.48,0.21484375,6238,703,CTXsp,CTXsp,234,left,0
6239,6240,2,6581.78,6165.14,2825.98,0.26953125,6239,703,CTXsp,CTXsp,234,left,1
6240,6241,2,6766.26,5820.74,2666.5,0.00390625,5971,303,BLAa,BLA,235,left,0
6241,6242,2,6766.26,5823.32,2665.379999999999,0.296875,6241,303,BLAa,BLA,235,left,0
6242,6243,2,6764.9,5825.3,2664.16,0.48828125,6242,303,BLAa,BLA,235,left,0
6243,6244,2,6764.42,5827.32,2661.6399999999994,0.43359375,6243,303,BLAa,BLA,235,left,0
6244,6245,2,6764.38,5828.74,2659.5599999999995,0.21484375,6244,303,BLAa,BLA,235,left,1
6245,6246,2,6767.06,5820.34,2666.2000000000007,0.1640625,5971,303,BLAa,BLA,236,left,0
6246,6247,2,6768.44,5820.34,2664.6800000000003,0.40625,6246,303,BLAa,BLA,236,left,0
6247,6248,2,6769.46,5820.88,2663.34,0.4609375,6247,303,BLAa,BLA,236,left,0
6248,6249,2,6770.92,5822.48,2661.620000000001,0.40625,6248,303,BLAa,BLA,236,left,0
6249,6250,2,6772.3,5824.06,2660.4400000000005,0.32421875,6249,303,BLAa,BLA,236,left,0
6250,6251,2,6773.14,5826.36,2659.1800000000003,0.48828125,6250,303,BLAa,BLA,236,left,0
6251,6252,2,6774.22,5826.6,2658.74,0.48828125,6251,303,BLAa,BLA,236,left,0
6252,6253,2,6776.08,5825.66,2657.48,0.296875,6252,303,BLAa,BLA,236,left,0
6253,6254,2,6777.74,5823.44,2656.879999999999,0.43359375,6253,303,BLAa,BLA,236,left,0
6254,6255,2,6778.9,5821.54,2656.4,0.2421875,6254,303,BLAa,BLA,236,left,0
6255,6256,2,6780.56,5820.3,2655.3600000000006,0.3515625,6255,303,BLAa,BLA,236,left,0
6256,6257,2,6782.18,5819.98,2654.1399999999994,0.32421875,6256,303,BLAa,BLA,236,left,0
6257,6258,2,6784.32,5819.28,2654.040000000001,0.0078125,6257,303,BLAa,BLA,236,left,0
6258,6259,2,6787.28,5818.92,2654.1399999999994,0.3515625,6258,303,BLAa,BLA,236,left,0
6259,6260,2,6789.34,5819.18,2654.0,0.26953125,6259,303,BLAa,BLA,236,left,0
6260,6261,2,6792.58,5819.08,2653.620000000001,0.32421875,6260,303,BLAa,BLA,236,left,0
6261,6262,2,6793.84,5818.88,2652.9,0.40625,6261,303,BLAa,BLA,236,left,0
6262,6263,2,6795.7,5818.6,2652.2800000000007,0.37890625,6262,303,BLAa,BLA,236,left,0
6263,6264,2,6797.26,5818.8,2651.58,0.26953125,6263,303,BLAa,BLA,236,left,0
6264,6265,2,6799.62,5820.0,2650.82,0.40625,6264,303,BLAa,BLA,236,left,0
6265,6266,2,6800.54,5820.78,2649.5599999999995,0.296875,6265,303,BLAa,BLA,236,left,0
6266,6267,2,6802.04,5821.5,2648.16,0.21484375,6266,303,BLAa,BLA,236,left,0
6267,6268,2,6803.92,5821.74,2646.9400000000005,0.32421875,6267,303,BLAa,BLA,236,left,0
6268,6269,2,6804.68,5821.58,2645.8,0.40625,6268,303,BLAa,BLA,236,left,0
6269,6270,2,6806.26,5820.94,2644.98,0.40625,6269,303,BLAa,BLA,236,left,0
6270,6271,2,6807.24,5819.92,2644.48,0.48828125,6270,303,BLAa,BLA,236,left,0
6271,6272,2,6808.42,5819.0,2642.959999999999,0.32421875,6271,303,BLAa,BLA,236,left,0
6272,6273,2,6809.78,5817.02,2643.22,0.21484375,6272,303,BLAa,BLA,236,left,0
6273,6274,2,6810.04,5814.22,2644.2000000000007,0.37890625,6273,303,BLAa,BLA,236,left,0
6274,6275,2,6811.2,5811.74,2644.620000000001,0.2421875,6274,303,BLAa,BLA,236,left,0
6275,6276,2,6813.16,5810.62,2644.6399999999994,0.1640625,6275,303,BLAa,BLA,236,left,1
6276,6277,2,6670.82,5897.26,2720.9,0.00390625,6010,303,BLAa,BLA,237,left,0
6277,6278,2,6669.24,5900.12,2720.6800000000003,0.40625,6277,303,BLAa,BLA,237,left,0
6278,6279,2,6668.16,5903.46,2720.22,0.3515625,6278,303,BLAa,BLA,237,left,0
6279,6280,2,6667.04,5905.14,2720.48,0.21484375,6279,303,BLAa,BLA,237,left,0
6280,6281,2,6665.7,5906.42,2721.08,0.43359375,6280,303,BLAa,BLA,237,left,0
6281,6282,2,6664.22,5907.76,2721.2800000000007,0.32421875,6281,303,BLAa,BLA,237,left,0
6282,6283,2,6663.6,5909.5,2721.040000000001,0.43359375,6282,303,BLAa,BLA,237,left,0
6283,6284,2,6662.28,5911.68,2720.959999999999,0.3515625,6283,303,BLAa,BLA,237,left,0
6284,6285,2,6661.28,5913.26,2721.0200000000004,0.4609375,6284,303,BLAa,BLA,237,left,0
6285,6286,2,6659.8,5914.0,2721.7800000000007,0.02734375,6285,303,BLAa,BLA,237,left,0
6286,6287,2,6657.98,5914.74,2723.0599999999995,0.32421875,6286,303,BLAa,BLA,237,left,0
6287,6288,2,6656.26,5915.88,2723.32,0.32421875,6287,303,BLAa,BLA,237,left,0
6288,6289,2,6654.84,5917.58,2723.379999999999,0.19140625,6288,303,BLAa,BLA,237,left,0
6289,6290,2,6653.3,5918.64,2724.3,0.32421875,6289,303,BLAa,BLA,237,left,0
6290,6291,2,6652.52,5918.78,2725.5599999999995,0.32421875,6290,303,BLAa,BLA,237,left,0
6291,6292,2,6650.84,5918.98,2726.879999999999,0.32421875,6291,303,BLAa,BLA,237,left,0
6292,6293,2,6649.66,5919.1,2728.66,0.2421875,6292,303,BLAa,BLA,237,left,0
6293,6294,2,6648.26,5918.68,2730.08,0.32421875,6293,303,BLAa,BLA,237,left,0
6294,6295,2,6646.74,5918.56,2730.6399999999994,0.26953125,6294,303,BLAa,BLA,237,left,0
6295,6296,2,6644.34,5919.04,2730.98,0.1640625,6295,303,BLAa,BLA,237,left,0
6296,6297,2,6642.94,5919.36,2731.1399999999994,0.32421875,6296,303,BLAa,BLA,237,left,0
6297,6298,2,6640.64,5918.94,2731.7000000000007,0.0078125,6297,303,BLAa,BLA,237,left,0
6298,6299,2,6639.02,5919.82,2731.82,0.32421875,6298,303,BLAa,BLA,237,left,0
6299,6300,2,6639.06,5922.74,2731.4,0.296875,6299,303,BLAa,BLA,237,left,0
6300,6301,2,6638.52,5923.78,2731.540000000001,0.515625,6300,303,BLAa,BLA,237,left,0
6301,6302,2,6673.7,5895.26,2721.48,0.00390625,6010,303,BLAa,BLA,238,left,0
6302,6303,2,6675.54,5896.24,2721.9400000000005,0.48828125,6302,303,BLAa,BLA,238,left,0
6303,6304,2,6676.04,5898.92,2722.5599999999995,0.32421875,6303,303,BLAa,BLA,238,left,0
6304,6305,2,6676.74,5901.8,2723.6000000000004,0.21484375,6304,303,BLAa,BLA,238,left,0
6305,6306,2,6677.6,5902.22,2724.24,0.48828125,6305,303,BLAa,BLA,238,left,0
6306,6307,2,6738.74,5819.7,2710.0,0.01171875,6060,303,BLAa,BLA,239,left,0
6307,6308,2,6741.18,5819.4,2710.5200000000004,0.2421875,6307,303,BLAa,BLA,239,left,0
6308,6309,2,6742.98,5818.7,2711.379999999999,0.4609375,6308,303,BLAa,BLA,239,left,0
6309,6310,2,6745.0,5816.54,2712.2000000000007,0.26953125,6309,303,BLAa,BLA,239,left,0
6310,6311,2,6746.44,5814.64,2711.959999999999,0.32421875,6310,303,BLAa,BLA,239,left,0
6311,6312,2,6748.18,5812.82,2711.66,0.2421875,6311,303,BLAa,BLA,239,left,0
6312,6313,2,6750.06,5810.9,2712.26,0.32421875,6312,303,BLAa,BLA,239,left,0
6313,6314,2,6752.34,5808.68,2714.0599999999995,0.4609375,6313,303,BLAa,BLA,239,left,0
6314,6315,2,6753.38,5806.92,2715.82,0.37890625,6314,303,BLAa,BLA,239,left,0
6315,6316,2,6754.54,5806.0,2717.4,0.32421875,6315,303,BLAa,BLA,239,left,0
6316,6317,2,6754.78,5805.64,2719.0,0.32421875,6316,303,BLAa,BLA,239,left,0
6317,6318,2,6755.46,5804.22,2721.22,0.19140625,6317,303,BLAa,BLA,239,left,0
6318,6319,2,6756.7,5803.3,2721.92,0.1640625,6318,303,BLAa,BLA,239,left,0
6319,6320,2,6757.24,5801.46,2721.72,0.00390625,6319,303,BLAa,BLA,239,left,0
6320,6321,2,6758.98,5800.14,2722.2000000000007,0.19140625,6320,303,BLAa,BLA,239,left,0
6321,6322,2,6760.56,5800.1,2722.6000000000004,0.32421875,6321,303,BLAa,BLA,239,left,0
6322,6323,2,6763.52,5799.88,2722.66,0.37890625,6322,303,BLAa,BLA,239,left,0
6323,6324,2,6765.32,5799.26,2722.42,0.3515625,6323,303,BLAa,BLA,239,left,0
6324,6325,2,6768.36,5798.36,2722.4,0.32421875,6324,303,BLAa,BLA,239,left,0
6325,6326,2,6770.4,5798.12,2722.4,0.32421875,6325,303,BLAa,BLA,239,left,0
6326,6327,2,6771.94,5797.82,2721.08,0.32421875,6326,303,BLAa,BLA,239,left,0
6327,6328,2,6773.2,5797.68,2719.58,0.32421875,6327,303,BLAa,BLA,239,left,0
6328,6329,2,6773.72,5797.3,2718.1000000000004,0.59765625,6328,303,BLAa,BLA,239,left,0
6329,6330,2,6774.94,5795.84,2717.959999999999,0.296875,6329,303,BLAa,BLA,239,left,0
6330,6331,2,6776.46,5794.56,2718.22,0.32421875,6330,303,BLAa,BLA,239,left,0
6331,6332,2,6777.86,5795.18,2718.2800000000007,0.0234375,6331,303,BLAa,BLA,239,left,0
6332,6333,2,6778.12,5796.7,2719.34,0.1640625,6332,303,BLAa,BLA,239,left,0
6333,6334,2,6777.66,5797.56,2720.58,0.43359375,6333,303,BLAa,BLA,239,left,0
6334,6335,2,6777.96,5798.8,2724.22,0.32421875,6334,303,BLAa,BLA,239,left,0
6335,6336,2,6778.12,5799.12,2725.32,0.515625,6335,303,BLAa,BLA,239,left,0
6336,6337,2,6778.46,5801.08,2726.1399999999994,0.4609375,6336,303,BLAa,BLA,239,left,0
6337,6338,2,6778.74,5803.5,2726.7000000000007,0.32421875,6337,303,BLAa,BLA,239,left,0
6338,6339,2,6778.14,5805.16,2727.16,0.48828125,6338,303,BLAa,BLA,239,left,0
6339,6340,2,6777.78,5805.68,2728.6800000000003,0.1640625,6339,303,BLAa,BLA,239,left,0
6340,6341,2,6777.08,5806.76,2729.879999999999,0.296875,6340,303,BLAa,BLA,239,left,0
6341,6342,2,6775.98,5807.86,2730.66,0.296875,6341,303,BLAa,BLA,239,left,0
6342,6343,2,6774.58,5809.02,2731.32,0.32421875,6342,303,BLAa,BLA,239,left,0
6343,6344,2,6774.74,5810.34,2732.24,0.1640625,6343,303,BLAa,BLA,239,left,0
6344,6345,2,6775.88,5812.78,2733.0,0.1640625,6344,303,BLAa,BLA,239,left,0
6345,6346,2,6777.38,5813.68,2733.7800000000007,0.48828125,6345,303,BLAa,BLA,239,left,0
6346,6347,2,6777.8,5815.9,2734.2800000000007,0.1640625,6346,303,BLAa,BLA,239,left,0
6347,6348,2,6776.9,5816.92,2734.26,0.32421875,6347,303,BLAa,BLA,239,left,0
6348,6349,2,6776.92,5821.12,2733.1000000000004,0.5703125,6348,303,BLAa,BLA,239,left,0
6349,6350,2,6774.86,5822.54,2732.5599999999995,0.26953125,6349,303,BLAa,BLA,239,left,0
6350,6351,2,6772.92,5823.2,2732.4,0.43359375,6350,303,BLAa,BLA,239,left,0
6351,6352,2,6772.12,5825.12,2732.379999999999,0.62109375,6351,303,BLAa,BLA,239,left,0
6352,6353,2,6772.5,5827.4,2733.32,0.40625,6352,303,BLAa,BLA,239,left,0
6353,6354,2,6772.88,5830.0,2733.72,0.2421875,6353,303,BLAa,BLA,239,left,0
6354,6355,2,6773.0,5831.9,2732.7800000000007,0.48828125,6354,303,BLAa,BLA,239,left,0
6355,6356,2,6772.34,5835.42,2731.1000000000004,0.37890625,6355,303,BLAa,BLA,239,left,0
6356,6357,2,6771.78,5838.0,2730.5599999999995,0.48828125,6356,303,BLAa,BLA,239,left,0
6357,6358,2,6771.72,5842.4,2729.5200000000004,0.4609375,6357,303,BLAa,BLA,239,left,0
6358,6359,2,6772.0,5845.38,2728.6000000000004,0.54296875,6358,303,BLAa,BLA,239,left,0
6359,6360,2,6772.4,5847.22,2727.540000000001,0.40625,6359,303,BLAa,BLA,239,left,0
6360,6361,2,6774.2,5849.18,2726.879999999999,0.40625,6360,303,BLAa,BLA,239,left,0
6361,6362,2,6775.4,5851.0,2726.4,0.296875,6361,303,BLAa,BLA,239,left,0
6362,6363,2,6776.4,5854.16,2725.4,0.62109375,6362,303,BLAa,BLA,239,left,0
6363,6364,2,6777.74,5856.62,2724.379999999999,0.21484375,6363,303,BLAa,BLA,239,left,0
6364,6365,2,6778.56,5857.86,2723.7800000000007,0.40625,6364,303,BLAa,BLA,239,left,0
6365,6366,2,6777.46,5859.62,2723.26,0.32421875,6365,303,BLAa,BLA,239,left,0
6366,6367,2,6775.92,5861.0,2723.22,0.1640625,6366,303,BLAa,BLA,239,left,0
6367,6368,2,6775.8,5861.88,2724.0200000000004,0.19140625,6367,303,BLAa,BLA,239,left,0
6368,6369,2,6774.52,5864.58,2723.459999999999,0.1640625,6368,303,BLAa,BLA,239,left,0
6369,6370,2,6772.3,5867.22,2722.6000000000004,0.2421875,6369,303,BLAa,BLA,239,left,0
6370,6371,2,6770.84,5869.52,2721.7000000000007,0.2421875,6370,303,BLAa,BLA,239,left,0
6371,6372,2,6769.72,5869.8,2720.92,0.296875,6371,303,BLAa,BLA,239,left,0
6372,6373,2,6767.34,5871.62,2720.32,0.21484375,6372,303,BLAa,BLA,239,left,0
6373,6374,2,6766.0,5872.92,2719.879999999999,0.2421875,6373,303,BLAa,BLA,239,left,0
6374,6375,2,6738.04,5823.24,2709.32,0.00390625,6060,303,BLAa,BLA,240,left,0
6375,6376,2,6738.48,5826.44,2709.58,0.19140625,6375,303,BLAa,BLA,240,left,0
6376,6377,2,6738.66,5828.62,2710.3,0.37890625,6376,303,BLAa,BLA,240,left,0
6377,6378,2,6737.76,5829.52,2710.3600000000006,0.3515625,6377,303,BLAa,BLA,240,left,0
6378,6379,2,6737.24,5831.88,2709.5599999999995,0.32421875,6378,303,BLAa,BLA,240,left,0
6379,6380,2,6738.08,5833.74,2708.8,0.54296875,6379,303,BLAa,BLA,240,left,0
6380,6381,2,6738.52,5837.24,2707.5599999999995,0.32421875,6380,303,BLAa,BLA,240,left,0
6381,6382,2,6737.44,5838.28,2707.1000000000004,0.1640625,6381,303,BLAa,BLA,240,left,0
6382,6383,2,6735.3,5837.98,2707.34,0.19140625,6382,303,BLAa,BLA,240,left,0
6383,6384,2,6734.42,5838.18,2709.58,0.1640625,6383,303,BLAa,BLA,240,left,0
6384,6385,2,6735.22,5839.78,2710.879999999999,0.32421875,6384,303,BLAa,BLA,240,left,0
6385,6386,2,6736.34,5842.1,2712.2800000000007,0.62109375,6385,303,BLAa,BLA,240,left,0
6386,6387,2,6737.38,5842.26,2712.66,0.015625,6386,303,BLAa,BLA,240,left,1
6387,6388,2,6723.1,5853.54,2689.34,0.21484375,6095,303,BLAa,BLA,241,left,0
6388,6389,2,6724.54,5851.3,2688.4400000000005,0.2421875,6388,303,BLAa,BLA,241,left,0
6389,6390,2,6725.98,5849.64,2688.040000000001,0.32421875,6389,303,BLAa,BLA,241,left,0
6390,6391,2,6727.06,5847.54,2687.9400000000005,0.2421875,6390,303,BLAa,BLA,241,left,0
6391,6392,2,6728.42,5846.12,2687.7800000000007,0.48828125,6391,303,BLAa,BLA,241,left,0
6392,6393,2,6729.36,5845.72,2687.0599999999995,0.01171875,6392,303,BLAa,BLA,241,left,0
6393,6394,2,6729.22,5845.06,2685.26,0.32421875,6393,303,BLAa,BLA,241,left,0
6394,6395,2,6729.94,5844.26,2684.620000000001,0.40625,6394,303,BLAa,BLA,241,left,0
6395,6396,2,6731.36,5842.8,2684.879999999999,0.4609375,6395,303,BLAa,BLA,241,left,0
6396,6397,2,6733.06,5841.02,2684.74,0.1640625,6396,303,BLAa,BLA,241,left,0
6397,6398,2,6734.56,5838.76,2684.0,0.4609375,6397,303,BLAa,BLA,241,left,0
6398,6399,2,6736.02,5836.92,2684.08,0.21484375,6398,303,BLAa,BLA,241,left,0
6399,6400,2,6737.74,5835.08,2684.040000000001,0.26953125,6399,303,BLAa,BLA,241,left,0
6400,6401,2,6739.26,5834.5,2683.7000000000007,0.296875,6400,303,BLAa,BLA,241,left,0
6401,6402,2,6740.7,5833.06,2682.9,0.3515625,6401,303,BLAa,BLA,241,left,0
6402,6403,2,6742.7,5831.12,2682.620000000001,0.32421875,6402,303,BLAa,BLA,241,left,0
6403,6404,2,6743.66,5830.14,2682.1800000000003,0.3515625,6403,303,BLAa,BLA,241,left,0
6404,6405,2,6745.8,5829.32,2681.3600000000006,0.296875,6404,303,BLAa,BLA,241,left,0
6405,6406,2,6747.34,5828.38,2680.76,0.3515625,6405,303,BLAa,BLA,241,left,0
6406,6407,2,6749.6,5827.02,2680.24,0.32421875,6406,303,BLAa,BLA,241,left,0
6407,6408,2,6751.34,5826.24,2679.8,0.296875,6407,303,BLAa,BLA,241,left,0
6408,6409,2,6753.24,5825.36,2679.5200000000004,0.3515625,6408,303,BLAa,BLA,241,left,0
6409,6410,2,6755.4,5824.12,2679.4,0.00390625,6409,303,BLAa,BLA,241,left,0
6410,6411,2,6756.64,5822.64,2678.7800000000007,0.48828125,6410,303,BLAa,BLA,241,left,0
6411,6412,2,6759.16,5820.4,2677.74,0.26953125,6411,303,BLAa,BLA,241,left,0
6412,6413,2,6760.14,5818.84,2676.959999999999,0.32421875,6412,303,BLAa,BLA,241,left,0
6413,6414,2,6761.7,5817.3,2676.3600000000006,0.37890625,6413,303,BLAa,BLA,241,left,0
6414,6415,2,6763.74,5816.88,2676.459999999999,0.3515625,6414,303,BLAa,BLA,241,left,0
6415,6416,2,6765.44,5816.68,2676.540000000001,0.32421875,6415,303,BLAa,BLA,241,left,0
6416,6417,2,6766.28,5816.56,2676.2800000000007,0.0546875,6416,303,BLAa,BLA,241,left,0
6417,6418,2,6768.72,5816.24,2675.879999999999,0.32421875,6417,303,BLAa,BLA,241,left,0
6418,6419,2,6770.74,5815.7,2675.26,0.43359375,6418,303,BLAa,BLA,241,left,0
6419,6420,2,6771.7,5815.32,2674.6000000000004,0.32421875,6419,303,BLAa,BLA,241,left,0
6420,6421,2,6773.84,5815.02,2674.5,0.32421875,6420,303,BLAa,BLA,241,left,0
6421,6422,2,6776.14,5814.1,2674.66,0.32421875,6421,303,BLAa,BLA,241,left,0
6422,6423,2,6777.92,5812.66,2674.7000000000007,0.2421875,6422,303,BLAa,BLA,241,left,0
6423,6424,2,6779.72,5811.82,2674.58,0.32421875,6423,303,BLAa,BLA,241,left,0
6424,6425,2,6781.38,5811.32,2673.9400000000005,0.48828125,6424,303,BLAa,BLA,241,left,0
6425,6426,2,6782.82,5810.1,2673.1800000000003,0.37890625,6425,303,BLAa,BLA,241,left,0
6426,6427,2,6783.72,5808.56,2672.620000000001,0.32421875,6426,303,BLAa,BLA,241,left,0
6427,6428,2,6784.88,5806.96,2671.879999999999,0.32421875,6427,303,BLAa,BLA,241,left,0
6428,6429,2,6785.44,5805.88,2670.9,0.2421875,6428,303,BLAa,BLA,241,left,0
6429,6430,2,6787.18,5804.26,2670.120000000001,0.32421875,6429,303,BLAa,BLA,241,left,0
6430,6431,2,6787.74,5802.88,2669.459999999999,0.40625,6430,303,BLAa,BLA,241,left,0
6431,6432,2,6790.62,5801.22,2668.7800000000007,0.00390625,6431,303,BLAa,BLA,241,left,0
6432,6433,2,6790.8,5799.28,2668.32,0.40625,6432,303,BLAa,BLA,241,left,0
6433,6434,2,6791.84,5798.08,2667.0599999999995,0.296875,6433,303,BLAa,BLA,241,left,0
6434,6435,2,6792.66,5797.56,2665.5200000000004,0.40625,6434,303,BLAa,BLA,241,left,0
6435,6436,2,6794.08,5796.88,2665.120000000001,0.48828125,6435,303,BLAa,BLA,241,left,0
6436,6437,2,6794.86,5795.44,2663.5200000000004,0.37890625,6436,303,BLAa,BLA,241,left,0
6437,6438,2,6795.94,5794.42,2662.2000000000007,0.2421875,6437,303,BLAa,BLA,241,left,0
6438,6439,2,6797.9,5793.96,2661.24,0.32421875,6438,303,BLAa,BLA,241,left,0
6439,6440,2,6798.92,5793.16,2660.8,0.296875,6439,303,BLAa,BLA,241,left,0
6440,6441,2,6801.28,5791.6,2661.0200000000004,0.32421875,6440,303,BLAa,BLA,241,left,0
6441,6442,2,6802.04,5789.98,2660.5200000000004,0.3515625,6441,303,BLAa,BLA,241,left,0
6442,6443,2,6802.28,5789.1,2659.08,0.19140625,6442,303,BLAa,BLA,241,left,0
6443,6444,2,6803.56,5789.34,2657.92,0.37890625,6443,303,BLAa,BLA,241,left,0
6444,6445,2,6806.06,5791.84,2656.2800000000007,0.4609375,6444,303,BLAa,BLA,241,left,0
6445,6446,2,6808.14,5791.84,2655.4,0.296875,6445,303,BLAa,BLA,241,left,0
6446,6447,2,6809.98,5791.58,2655.2000000000007,0.32421875,6446,303,BLAa,BLA,241,left,0
6447,6448,2,6724.54,5855.02,2688.0599999999995,0.26953125,6095,303,BLAa,BLA,242,left,0
6448,6449,2,6725.3,5857.0,2685.959999999999,0.296875,6448,303,BLAa,BLA,242,left,0
6449,6450,2,6725.24,5859.24,2684.48,0.40625,6449,303,BLAa,BLA,242,left,0
6450,6451,2,6724.36,5859.88,2684.120000000001,0.37890625,6450,303,BLAa,BLA,242,left,0
6451,6452,2,6723.8,5861.62,2682.0200000000004,0.00390625,6451,303,BLAa,BLA,242,left,0
6452,6453,2,6721.9,5862.34,2681.1800000000003,0.40625,6452,303,BLAa,BLA,242,left,0
6453,6454,2,6721.06,5863.44,2680.2800000000007,0.32421875,6453,303,BLAa,BLA,242,left,0
6454,6455,2,6721.06,5864.56,2678.92,0.48828125,6454,303,BLAa,BLA,242,left,0
6455,6456,2,6721.08,5865.2,2678.22,0.0078125,6455,303,BLAa,BLA,242,left,0
6456,6457,2,6575.8,6006.52,2669.540000000001,0.00390625,6102,303,BLAa,BLA,243,left,0
6457,6458,2,6574.96,6004.78,2670.2800000000007,0.515625,6457,303,BLAa,BLA,243,left,0
6458,6459,2,6575.6,6002.62,2671.1000000000004,0.32421875,6458,303,BLAa,BLA,243,left,0
6459,6460,2,6576.6,6002.12,2670.9400000000005,0.48828125,6459,303,BLAa,BLA,243,left,0
6460,6461,2,6576.76,6000.28,2671.120000000001,0.21484375,6460,303,BLAa,BLA,243,left,0
6461,6462,2,6577.88,5998.4,2671.6399999999994,0.19140625,6461,303,BLAa,BLA,243,left,0
6462,6463,2,6578.18,5995.82,2672.1000000000004,0.40625,6462,303,BLAa,BLA,243,left,1
6463,6464,2,6577.4,6008.78,2667.6399999999994,0.00390625,6102,303,BLAa,BLA,244,left,0
6464,6465,2,6577.34,6009.58,2665.879999999999,0.4609375,6464,303,BLAa,BLA,244,left,0
6465,6466,2,6577.42,6012.22,2664.6000000000004,0.67578125,6465,303,BLAa,BLA,244,left,0
6466,6467,2,6576.88,6014.38,2664.5599999999995,0.3515625,6466,303,BLAa,BLA,244,left,0
6467,6468,2,6575.42,6015.6,2664.24,0.48828125,6467,303,BLAa,BLA,244,left,0
6468,6469,2,6575.32,6019.28,2663.620000000001,0.40625,6468,303,BLAa,BLA,244,left,0
6469,6470,2,6576.1,6020.4,2663.459999999999,0.32421875,6469,303,BLAa,BLA,244,left,0
6470,6471,2,6575.92,6023.88,2663.2000000000007,0.00390625,6470,303,BLAa,BLA,244,left,0
6471,6472,2,6575.98,6024.74,2663.1800000000003,0.43359375,6471,303,BLAa,BLA,244,left,1
6472,6473,2,6671.5,5884.0,2806.84,0.01171875,6214,544,CEAc,CEA,245,left,0
6473,6474,2,6671.4,5881.16,2807.5200000000004,0.26953125,6473,544,CEAc,CEA,245,left,0
6474,6475,2,6672.22,5880.04,2807.9,0.4609375,6474,544,CEAc,CEA,245,left,0
6475,6476,2,6673.06,5875.96,2808.8,0.6484375,6475,544,CEAc,CEA,245,left,0
6476,6477,2,6673.46,5873.6,2809.1800000000003,0.59765625,6476,544,CEAc,CEA,245,left,0
6477,6478,2,6673.7,5871.72,2810.2800000000007,0.296875,6477,544,CEAc,CEA,245,left,0
6478,6479,2,6674.02,5872.38,2812.1800000000003,0.21484375,6478,544,CEAc,CEA,245,left,0
6479,6480,2,6674.76,5872.82,2813.5200000000004,0.32421875,6479,544,CEAc,CEA,245,left,0
6480,6481,2,6676.4,5873.0,2813.8600000000006,0.21484375,6480,544,CEAc,CEA,245,left,0
6481,6482,2,6678.28,5872.72,2814.6399999999994,0.296875,6481,544,CEAc,CEA,245,left,0
6482,6483,2,6679.94,5871.54,2815.540000000001,0.0234375,6482,544,CEAc,CEA,245,left,0
6483,6484,2,6680.68,5869.64,2816.66,0.32421875,6483,544,CEAc,CEA,245,left,0
6484,6485,2,6681.72,5867.66,2817.42,0.32421875,6484,544,CEAc,CEA,245,left,0
6485,6486,2,6683.56,5867.2,2818.2800000000007,0.3515625,6485,544,CEAc,CEA,245,left,0
6486,6487,2,6684.22,5867.16,2819.84,0.32421875,6486,544,CEAc,CEA,245,left,0
6487,6488,2,6683.42,5867.54,2820.5200000000004,0.0078125,6487,544,CEAc,CEA,245,left,0
6488,6489,2,6681.18,5869.1,2820.3,0.2421875,6488,544,CEAc,CEA,245,left,0
6489,6490,2,6679.66,5871.22,2820.379999999999,0.26953125,6489,544,CEAc,CEA,245,left,0
6490,6491,2,6678.66,5872.42,2821.2800000000007,0.2421875,6490,544,CEAc,CEA,245,left,0
6491,6492,2,6677.4,5874.46,2821.72,0.26953125,6491,544,CEAc,CEA,245,left,0
6492,6493,2,6676.4,5876.52,2821.58,0.296875,6492,544,CEAc,CEA,245,left,0
6493,6494,2,6675.56,5879.68,2821.3600000000006,0.32421875,6493,544,CEAc,CEA,245,left,0
6494,6495,2,6675.1,5882.38,2821.2000000000007,0.4609375,6494,544,CEAc,CEA,245,left,0
6495,6496,2,6674.5,5884.54,2821.3600000000006,0.1640625,6495,544,CEAc,CEA,245,left,0
6496,6497,2,6674.76,5886.82,2822.459999999999,0.54296875,6496,544,CEAc,CEA,245,left,0
6497,6498,2,6675.4,5890.9,2823.2000000000007,0.43359375,6497,544,CEAc,CEA,245,left,0
6498,6499,2,6676.24,5892.62,2823.6399999999994,0.26953125,6498,544,CEAc,CEA,245,left,0
6499,6500,2,6676.78,5894.36,2823.6800000000003,0.01171875,6499,544,CEAc,CEA,245,left,0
6500,6501,2,6676.28,5896.34,2823.34,0.32421875,6500,559,CEAm,CEA,245,left,0
6501,6502,2,6675.06,5897.74,2822.82,0.32421875,6501,559,CEAm,CEA,245,left,0
6502,6503,2,6672.78,5898.66,2822.84,0.43359375,6502,544,CEAc,CEA,245,left,0
6503,6504,2,6671.44,5899.64,2823.540000000001,0.26953125,6503,544,CEAc,CEA,245,left,0
6504,6505,2,6670.14,5901.62,2823.5599999999995,0.40625,6504,544,CEAc,CEA,245,left,0
6505,6506,2,6669.52,5903.82,2822.6000000000004,0.2421875,6505,544,CEAc,CEA,245,left,0
6506,6507,2,6669.2,5906.86,2822.24,0.37890625,6506,559,CEAm,CEA,245,left,0
6507,6508,2,6666.98,5908.46,2822.22,0.26953125,6507,559,CEAm,CEA,245,left,0
6508,6509,2,6665.64,5908.7,2822.5599999999995,0.19140625,6508,559,CEAm,CEA,245,left,1
6509,6510,2,6668.98,5886.22,2807.08,0.0078125,6214,544,CEAc,CEA,246,left,0
6510,6511,2,6666.86,5885.38,2806.84,0.4609375,6510,544,CEAc,CEA,246,left,0
6511,6512,2,6666.44,5885.24,2807.22,0.01171875,6511,544,CEAc,CEA,246,left,0
6512,6513,2,6717.14,5900.88,2821.540000000001,0.00390625,6227,559,CEAm,CEA,247,left,0
6513,6514,2,6719.52,5899.04,2822.120000000001,0.4609375,6513,559,CEAm,CEA,247,left,0
6514,6515,2,6720.62,5897.92,2821.2800000000007,0.32421875,6514,559,CEAm,CEA,247,left,0
6515,6516,2,6722.0,5896.62,2820.72,0.3515625,6515,559,CEAm,CEA,247,left,1
6516,6517,2,6716.02,5900.22,2820.48,0.0078125,6227,559,CEAm,CEA,248,left,0
6517,6518,2,6715.96,5897.34,2819.9,0.5703125,6517,559,CEAm,CEA,248,left,0
6518,6519,2,6716.94,5895.02,2820.92,0.32421875,6518,559,CEAm,CEA,248,left,0
6519,6520,2,6718.02,5895.0,2822.6800000000003,0.40625,6519,559,CEAm,CEA,248,left,0
6520,6521,2,6720.06,5896.38,2824.1800000000003,0.2421875,6520,559,CEAm,CEA,248,left,0
6521,6522,2,6722.44,5896.82,2825.5599999999995,0.296875,6521,559,CEAm,CEA,248,left,0
6522,6523,2,6724.3,5896.4,2826.0599999999995,0.32421875,6522,559,CEAm,CEA,248,left,1
6523,6524,2,6580.82,6152.56,2817.0200000000004,0.0078125,6233,703,CTXsp,CTXsp,249,left,0
6524,6525,2,6580.38,6149.04,2816.879999999999,0.4609375,6524,703,CTXsp,CTXsp,249,left,0
6525,6526,2,6580.78,6147.38,2816.7800000000007,0.26953125,6525,703,CTXsp,CTXsp,249,left,0
6526,6527,2,6580.6,6144.4,2815.5599999999995,0.48828125,6526,703,CTXsp,CTXsp,249,left,0
6527,6528,2,6580.76,6142.44,2814.9400000000005,0.2421875,6527,703,CTXsp,CTXsp,249,left,0
6528,6529,2,6581.88,6140.94,2814.6399999999994,0.296875,6528,703,CTXsp,CTXsp,249,left,0
6529,6530,2,6581.8,6138.1,2814.66,0.32421875,6529,703,CTXsp,CTXsp,249,left,0
6530,6531,2,6582.6,6136.66,2815.0200000000004,0.0078125,6530,703,CTXsp,CTXsp,249,left,0
6531,6532,2,6582.32,6133.44,2815.58,0.43359375,6531,703,CTXsp,CTXsp,249,left,0
6532,6533,2,6582.46,6132.3,2815.5200000000004,0.19140625,6532,703,CTXsp,CTXsp,249,left,0
6533,6534,2,6584.6,6130.96,2815.08,0.296875,6533,703,CTXsp,CTXsp,249,left,0
6534,6535,2,6585.84,6129.66,2814.26,0.37890625,6534,703,CTXsp,CTXsp,249,left,0
6535,6536,2,6585.66,6127.1,2813.959999999999,0.40625,6535,703,CTXsp,CTXsp,249,left,0
6536,6537,2,6585.52,6125.18,2814.6000000000004,0.4609375,6536,703,CTXsp,CTXsp,249,left,0
6537,6538,2,6586.14,6123.02,2814.9400000000005,0.1640625,6537,703,CTXsp,CTXsp,249,left,0
6538,6539,2,6586.7,6120.74,2814.620000000001,0.3515625,6538,703,CTXsp,CTXsp,249,left,0
6539,6540,2,6587.8,6118.62,2814.22,0.00390625,6539,703,CTXsp,CTXsp,249,left,0
6540,6541,2,6589.0,6116.7,2813.540000000001,0.32421875,6540,703,CTXsp,CTXsp,249,left,0
6541,6542,2,6590.52,6115.28,2812.540000000001,0.19140625,6541,703,CTXsp,CTXsp,249,left,0
6542,6543,2,6591.96,6114.26,2811.72,0.37890625,6542,703,CTXsp,CTXsp,249,left,0
6543,6544,2,6594.44,6113.1,2811.1399999999994,0.4609375,6543,703,CTXsp,CTXsp,249,left,0
6544,6545,2,6595.82,6111.88,2810.6800000000003,0.32421875,6544,703,CTXsp,CTXsp,249,left,0
6545,6546,2,6597.98,6111.74,2810.66,0.0078125,6545,703,CTXsp,CTXsp,249,left,0
6546,6547,2,6599.46,6111.92,2810.0599999999995,0.48828125,6546,703,CTXsp,CTXsp,249,left,0
6547,6548,2,6599.74,6113.06,2809.7800000000007,0.6484375,6547,703,CTXsp,CTXsp,249,left,0
6548,6549,2,6582.52,6152.56,2816.3,0.00390625,6233,703,CTXsp,CTXsp,250,left,0
6549,6550,2,6583.72,6152.02,2815.22,0.32421875,6549,703,CTXsp,CTXsp,250,left,0
6550,6551,2,6583.9,6153.2,2813.84,0.0078125,6550,703,CTXsp,CTXsp,250,left,0
6551,6552,2,6584.34,6156.96,2812.7800000000007,0.2421875,6551,703,CTXsp,CTXsp,250,left,0
6552,6553,2,6584.26,6158.48,2812.379999999999,0.2421875,6552,703,CTXsp,CTXsp,250,left,0
6553,6554,2,6582.62,6159.82,2812.5599999999995,0.37890625,6553,703,CTXsp,CTXsp,250,left,0
6554,6555,2,6581.12,6160.84,2813.16,0.21484375,6554,703,CTXsp,CTXsp,250,left,0
6555,6556,2,6579.12,6162.88,2812.34,0.00390625,6555,703,CTXsp,CTXsp,250,left,0
6556,6557,2,6576.78,6164.82,2812.1800000000003,0.296875,6556,703,CTXsp,CTXsp,250,left,0
6557,6558,2,6576.02,6165.4,2812.879999999999,0.43359375,6557,703,CTXsp,CTXsp,250,left,0
6558,6559,2,6574.6,6165.54,2812.76,0.32421875,6558,703,CTXsp,CTXsp,250,left,1
6559,6560,2,6637.2,5924.22,2732.16,0.0078125,6301,303,BLAa,BLA,251,left,0
6560,6561,2,6636.52,5926.46,2732.26,0.37890625,6560,303,BLAa,BLA,251,left,0
6561,6562,2,6636.76,5928.3,2732.22,0.4609375,6561,303,BLAa,BLA,251,left,0
6562,6563,2,6637.34,5931.98,2732.92,0.5703125,6562,303,BLAa,BLA,251,left,0
6563,6564,2,6637.1,5932.3,2733.7800000000007,0.48828125,6563,303,BLAa,BLA,251,left,0
6564,6565,2,6635.56,5933.12,2733.72,0.43359375,6564,303,BLAa,BLA,251,left,0
6565,6566,2,6634.9,5934.98,2733.4400000000005,0.19140625,6565,303,BLAa,BLA,251,left,0
6566,6567,2,6634.78,5937.72,2732.8,0.19140625,6566,303,BLAa,BLA,251,left,0
6567,6568,2,6634.06,5941.02,2732.0,0.1640625,6567,303,BLAa,BLA,251,left,0
6568,6569,2,6633.32,5943.28,2731.5,0.5703125,6568,303,BLAa,BLA,251,left,0
6569,6570,2,6633.66,5947.56,2730.5200000000004,0.00390625,6569,303,BLAa,BLA,251,left,0
6570,6571,2,6633.88,5950.0,2729.459999999999,0.40625,6570,303,BLAa,BLA,251,left,0
6571,6572,2,6633.84,5954.56,2728.22,0.2421875,6571,303,BLAa,BLA,251,left,0
6572,6573,2,6633.54,5956.66,2727.8,0.4609375,6572,303,BLAa,BLA,251,left,0
6573,6574,2,6633.7,5959.24,2726.26,0.32421875,6573,303,BLAa,BLA,251,left,0
6574,6575,2,6633.88,5960.96,2724.0599999999995,0.296875,6574,303,BLAa,BLA,251,left,0
6575,6576,2,6635.1,5962.1,2723.1399999999994,0.26953125,6575,303,BLAa,BLA,251,left,0
6576,6577,2,6636.12,5963.96,2722.24,0.43359375,6576,303,BLAa,BLA,251,left,0
6577,6578,2,6637.28,5966.18,2721.76,0.0078125,6577,303,BLAa,BLA,251,left,0
6578,6579,2,6637.82,5968.62,2721.76,0.59765625,6578,303,BLAa,BLA,251,left,0
6579,6580,2,6638.54,5969.92,2722.8,0.921875,6579,303,BLAa,BLA,251,left,0
6580,6581,2,6639.5,5971.92,2723.32,0.48828125,6580,303,BLAa,BLA,251,left,0
6581,6582,2,6639.68,5972.48,2724.08,0.01953125,6581,303,BLAa,BLA,251,left,1
6582,6583,2,6636.86,5923.9,2732.4,0.00390625,6301,303,BLAa,BLA,252,left,0
6583,6584,2,6635.92,5922.24,2733.4,0.48828125,6583,303,BLAa,BLA,252,left,0
6584,6585,2,6634.5,5920.98,2734.4400000000005,0.4609375,6584,303,BLAa,BLA,252,left,0
6585,6586,2,6633.28,5920.96,2735.84,0.2421875,6585,303,BLAa,BLA,252,left,0
6586,6587,2,6631.24,5921.32,2737.1800000000003,0.1640625,6586,303,BLAa,BLA,252,left,0
6587,6588,2,6629.58,5921.1,2738.459999999999,0.296875,6587,303,BLAa,BLA,252,left,0
6588,6589,2,6628.3,5922.94,2739.32,0.37890625,6588,303,BLAa,BLA,252,left,0
6589,6590,2,6626.34,5924.34,2738.959999999999,0.19140625,6589,303,BLAa,BLA,252,left,0
6590,6591,2,6625.9,5925.46,2737.26,0.00390625,6590,303,BLAa,BLA,252,left,0
6591,6592,2,6625.58,5924.8,2735.24,0.43359375,6591,303,BLAa,BLA,252,left,0
6592,6593,2,6625.3,5925.06,2732.34,0.40625,6592,303,BLAa,BLA,252,left,0
6593,6594,2,6625.22,5926.0,2730.4,0.48828125,6593,303,BLAa,BLA,252,left,0
6594,6595,2,6625.3,5927.88,2728.879999999999,0.26953125,6594,303,BLAa,BLA,252,left,0
6595,6596,2,6625.52,5930.42,2727.7000000000007,0.515625,6595,303,BLAa,BLA,252,left,0
6596,6597,2,6625.74,5933.4,2725.9400000000005,0.40625,6596,303,BLAa,BLA,252,left,0
6597,6598,2,6625.78,5935.08,2724.32,0.26953125,6597,303,BLAa,BLA,252,left,0
6598,6599,2,6624.16,5938.5,2723.72,0.48828125,6598,303,BLAa,BLA,252,left,0
6599,6600,2,6622.34,5940.1,2723.58,0.40625,6599,303,BLAa,BLA,252,left,0
6600,6601,2,6621.08,5940.98,2723.0200000000004,0.296875,6600,303,BLAa,BLA,252,left,0
6601,6602,2,6618.28,5941.44,2721.6399999999994,0.296875,6601,303,BLAa,BLA,252,left,0
6602,6603,2,6616.24,5941.24,2720.74,0.296875,6602,303,BLAa,BLA,252,left,0
6603,6604,2,6615.0,5940.98,2719.1800000000003,0.48828125,6603,303,BLAa,BLA,252,left,0
6604,6605,2,6614.84,5940.96,2717.72,0.48828125,6604,303,BLAa,BLA,252,left,0
6605,6606,2,6613.74,5941.12,2716.6000000000004,0.2421875,6605,303,BLAa,BLA,252,left,0
6606,6607,2,6611.94,5941.3,2715.6399999999994,0.21484375,6606,303,BLAa,BLA,252,left,0
6607,6608,2,6609.88,5941.72,2714.66,0.3515625,6607,303,BLAa,BLA,252,left,0
6608,6609,2,6609.06,5942.48,2713.1800000000003,0.515625,6608,303,BLAa,BLA,252,left,0
6609,6610,2,6609.02,5943.38,2711.620000000001,0.21484375,6609,303,BLAa,BLA,252,left,0
6610,6611,2,6606.96,5945.66,2710.6800000000003,0.00390625,6610,303,BLAa,BLA,252,left,0
6611,6612,2,6604.18,5947.82,2709.9400000000005,0.296875,6611,303,BLAa,BLA,252,left,0
6612,6613,2,6602.8,5949.34,2708.48,0.40625,6612,303,BLAa,BLA,252,left,0
6613,6614,2,6601.92,5951.78,2706.4400000000005,0.73046875,6613,303,BLAa,BLA,252,left,0
6614,6615,2,6602.12,5954.36,2705.08,0.37890625,6614,303,BLAa,BLA,252,left,0
6615,6616,2,6601.98,5958.5,2703.5599999999995,0.1640625,6615,303,BLAa,BLA,252,left,0
6616,6617,2,6601.8,5961.12,2703.2000000000007,0.2421875,6616,303,BLAa,BLA,252,left,0
6617,6618,2,6601.38,5963.88,2702.2000000000007,0.26953125,6617,303,BLAa,BLA,252,left,0
6618,6619,2,6600.46,5965.64,2701.6000000000004,0.32421875,6618,303,BLAa,BLA,252,left,0
6619,6620,2,6599.74,5968.42,2699.98,0.48828125,6619,303,BLAa,BLA,252,left,0
6620,6621,2,6599.3,5970.9,2698.6800000000003,0.3515625,6620,303,BLAa,BLA,252,left,0
6621,6622,2,6598.18,5972.12,2697.82,0.296875,6621,303,BLAa,BLA,252,left,0
6622,6623,2,6595.46,5972.72,2697.72,0.32421875,6622,303,BLAa,BLA,252,left,0
6623,6624,2,6594.32,5973.06,2697.66,0.26953125,6623,303,BLAa,BLA,252,left,0
6624,6625,2,6593.64,5974.04,2696.6399999999994,0.00390625,6624,303,BLAa,BLA,252,left,0
6625,6626,2,6592.02,5975.68,2695.879999999999,0.32421875,6625,303,BLAa,BLA,252,left,0
6626,6627,2,6591.06,5977.68,2694.459999999999,0.32421875,6626,303,BLAa,BLA,252,left,0
6627,6628,2,6591.22,5979.74,2693.0,0.4609375,6627,303,BLAa,BLA,252,left,0
6628,6629,2,6590.74,5981.24,2692.540000000001,0.32421875,6628,303,BLAa,BLA,252,left,0
6629,6630,2,6588.76,5982.8,2692.1399999999994,0.37890625,6629,303,BLAa,BLA,252,left,0
6630,6631,2,6588.24,5985.12,2691.2000000000007,0.26953125,6630,303,BLAa,BLA,252,left,0
6631,6632,2,6587.46,5988.16,2689.879999999999,0.1640625,6631,303,BLAa,BLA,252,left,0
6632,6633,2,6586.6,5991.08,2688.48,0.43359375,6632,303,BLAa,BLA,252,left,0
6633,6634,2,6585.5,5993.5,2687.379999999999,0.2421875,6633,303,BLAa,BLA,252,left,0
6634,6635,2,6584.24,5997.32,2686.3,0.19140625,6634,303,BLAa,BLA,252,left,0
6635,6636,2,6583.54,5999.72,2686.24,0.43359375,6635,303,BLAa,BLA,252,left,0
6636,6637,2,6582.38,6002.3,2687.34,0.2421875,6636,303,BLAa,BLA,252,left,0
6637,6638,2,6580.72,6004.14,2689.4,0.32421875,6637,303,BLAa,BLA,252,left,0
6638,6639,2,6580.02,6004.96,2690.8600000000006,0.19140625,6638,303,BLAa,BLA,252,left,0
6639,6640,2,6578.82,6006.5,2691.9,0.296875,6639,303,BLAa,BLA,252,left,0
6640,6641,2,6577.64,6007.26,2692.2800000000007,0.2421875,6640,303,BLAa,BLA,252,left,0
6641,6642,2,6577.72,6008.34,2693.459999999999,0.296875,6641,303,BLAa,BLA,252,left,0
6642,6643,2,6578.14,6009.74,2695.6800000000003,0.4609375,6642,303,BLAa,BLA,252,left,0
6643,6644,2,6578.54,6011.36,2697.26,0.40625,6643,303,BLAa,BLA,252,left,0
6644,6645,2,6579.02,6013.94,2698.5200000000004,0.00390625,6644,303,BLAa,BLA,252,left,0
6645,6646,2,6579.06,6016.5,2699.0200000000004,0.2421875,6645,303,BLAa,BLA,252,left,0
6646,6647,2,6577.8,6018.52,2699.26,0.48828125,6646,303,BLAa,BLA,252,left,0
6647,6648,2,6575.44,6020.86,2698.7800000000007,0.32421875,6647,303,BLAa,BLA,252,left,0
6648,6649,2,6573.92,6022.38,2697.98,0.40625,6648,303,BLAa,BLA,252,left,0
6649,6650,2,6573.0,6024.36,2697.24,0.296875,6649,303,BLAa,BLA,252,left,0
6650,6651,2,6571.1,6026.7,2696.82,0.43359375,6650,303,BLAa,BLA,252,left,0
6651,6652,2,6570.08,6028.06,2696.8,0.48828125,6651,303,BLAa,BLA,252,left,0
6652,6653,2,6568.28,6028.34,2697.6000000000004,0.01953125,6652,303,BLAa,BLA,252,left,0
6653,6654,2,6567.32,6028.14,2699.34,0.3515625,6653,303,BLAa,BLA,252,left,0
6654,6655,2,6566.14,6028.12,2700.879999999999,0.32421875,6654,303,BLAa,BLA,252,left,0
6655,6656,2,6566.12,6027.84,2703.120000000001,0.296875,6655,303,BLAa,BLA,252,left,0
6656,6657,2,6565.74,6027.88,2704.58,0.32421875,6656,303,BLAa,BLA,252,left,0
6657,6658,2,6564.66,6028.08,2705.620000000001,0.19140625,6657,303,BLAa,BLA,252,left,0
6658,6659,2,6563.88,6029.02,2707.5200000000004,0.1640625,6658,303,BLAa,BLA,252,left,0
6659,6660,2,6562.8,6030.18,2708.2800000000007,0.26953125,6659,303,BLAa,BLA,252,left,0
6660,6661,2,6562.96,6031.62,2710.1000000000004,0.32421875,6660,303,BLAa,BLA,252,left,0
6661,6662,2,6562.36,6032.72,2711.379999999999,0.296875,6661,303,BLAa,BLA,252,left,0
6662,6663,2,6561.46,6033.32,2712.48,0.40625,6662,303,BLAa,BLA,252,left,0
6663,6664,2,6561.36,6033.82,2714.7000000000007,0.32421875,6663,303,BLAa,BLA,252,left,0
6664,6665,2,6560.5,6034.5,2715.6800000000003,0.32421875,6664,303,BLAa,BLA,252,left,0
6665,6666,2,6559.3,6035.92,2718.3600000000006,0.296875,6665,303,BLAa,BLA,252,left,0
6666,6667,2,6558.5,6036.26,2720.24,0.1640625,6666,303,BLAa,BLA,252,left,0
6667,6668,2,6558.2,6037.28,2721.6800000000003,0.3515625,6667,303,BLAa,BLA,252,left,0
6668,6669,2,6557.34,6037.66,2722.16,0.32421875,6668,303,BLAa,BLA,252,left,0
6669,6670,2,6556.44,6037.86,2722.66,0.03515625,6669,303,BLAa,BLA,252,left,0
6670,6671,2,6556.3,6038.88,2724.5,0.32421875,6670,303,BLAa,BLA,252,left,0
6671,6672,2,6555.24,6040.18,2725.58,0.1640625,6671,303,BLAa,BLA,252,left,0
6672,6673,2,6555.24,6042.4,2727.42,0.32421875,6672,303,BLAa,BLA,252,left,0
6673,6674,2,6555.34,6043.34,2728.7000000000007,0.32421875,6673,303,BLAa,BLA,252,left,0
6674,6675,2,6554.34,6044.14,2729.6000000000004,0.48828125,6674,303,BLAa,BLA,252,left,0
6675,6676,2,6553.82,6045.52,2731.1399999999994,0.26953125,6675,303,BLAa,BLA,252,left,0
6676,6677,2,6552.88,6046.22,2732.6399999999994,0.4609375,6676,303,BLAa,BLA,252,left,0
6677,6678,2,6552.32,6046.72,2733.879999999999,0.2421875,6677,303,BLAa,BLA,252,left,0
6678,6679,2,6552.4,6047.5,2735.6399999999994,0.2421875,6678,303,BLAa,BLA,252,left,0
6679,6680,2,6552.56,6047.38,2737.3600000000006,0.4609375,6679,303,BLAa,BLA,252,left,0
6680,6681,2,6552.52,6045.86,2739.1399999999994,0.48828125,6680,303,BLAa,BLA,252,left,0
6681,6682,2,6552.64,6045.84,2740.5200000000004,0.296875,6681,303,BLAa,BLA,252,left,0
6682,6683,2,6552.66,6047.06,2741.6800000000003,0.00390625,6682,303,BLAa,BLA,252,left,0
6683,6684,2,6551.28,6048.22,2741.76,0.19140625,6683,303,BLAa,BLA,252,left,0
6684,6685,2,6548.64,6049.44,2742.120000000001,0.40625,6684,303,BLAa,BLA,252,left,0
6685,6686,2,6547.2,6049.62,2743.22,0.26953125,6685,303,BLAa,BLA,252,left,0
6686,6687,2,6546.94,6048.64,2745.379999999999,0.32421875,6686,303,BLAa,BLA,252,left,0
6687,6688,2,6547.02,6047.4,2747.82,0.32421875,6687,303,BLAa,BLA,252,left,0
6688,6689,2,6546.8,6046.42,2749.379999999999,0.3515625,6688,303,BLAa,BLA,252,left,0
6689,6690,2,6545.22,6045.76,2751.2000000000007,0.296875,6689,303,BLAa,BLA,252,left,0
6690,6691,2,6543.84,6045.7,2753.1399999999994,0.19140625,6690,303,BLAa,BLA,252,left,0
6691,6692,2,6542.96,6046.66,2754.66,0.37890625,6691,303,BLAa,BLA,252,left,0
6692,6693,2,6541.54,6047.64,2756.48,0.296875,6692,303,BLAa,BLA,252,left,0
6693,6694,2,6540.8,6047.8,2757.82,0.37890625,6693,303,BLAa,BLA,252,left,0
6694,6695,2,6540.0,6049.3,2758.6399999999994,0.00390625,6694,303,BLAa,BLA,252,left,0
6695,6696,2,6539.52,6051.7,2758.9,0.21484375,6695,303,BLAa,BLA,252,left,0
6696,6697,2,6538.4,6053.1,2759.8,0.21484375,6696,303,BLAa,BLA,252,left,0
6697,6698,2,6538.32,6054.16,2761.040000000001,0.515625,6697,303,BLAa,BLA,252,left,0
6698,6699,2,6677.24,5903.0,2725.3,0.01171875,6306,303,BLAa,BLA,253,left,0
6699,6700,2,6675.86,5904.7,2725.4,0.26953125,6699,303,BLAa,BLA,253,left,0
6700,6701,2,6675.24,5907.02,2725.620000000001,0.48828125,6700,303,BLAa,BLA,253,left,0
6701,6702,2,6675.46,5909.18,2725.6800000000003,0.19140625,6701,303,BLAa,BLA,253,left,0
6702,6703,2,6674.96,5910.82,2725.120000000001,0.3515625,6702,303,BLAa,BLA,253,left,0
6703,6704,2,6674.76,5913.5,2723.6000000000004,0.43359375,6703,303,BLAa,BLA,253,left,0
6704,6705,2,6675.06,5916.42,2722.6800000000003,0.2421875,6704,303,BLAa,BLA,253,left,0
6705,6706,2,6675.36,5919.34,2721.8600000000006,0.40625,6705,303,BLAa,BLA,253,left,0
6706,6707,2,6675.08,5922.42,2720.620000000001,0.37890625,6706,303,BLAa,BLA,253,left,0
6707,6708,2,6674.18,5924.54,2719.92,0.3515625,6707,303,BLAa,BLA,253,left,0
6708,6709,2,6672.84,5925.7,2719.48,0.19140625,6708,303,BLAa,BLA,253,left,1
6709,6710,2,6680.3,5903.48,2724.24,0.01953125,6306,303,BLAa,BLA,254,left,0
6710,6711,2,6682.32,5906.02,2724.0,0.296875,6710,303,BLAa,BLA,254,left,0
6711,6712,2,6683.88,5908.06,2724.16,0.43359375,6711,303,BLAa,BLA,254,left,0
6712,6713,2,6684.9,5911.1,2723.8600000000006,0.37890625,6712,303,BLAa,BLA,254,left,0
6713,6714,2,6686.32,5911.82,2723.9400000000005,0.1640625,6713,303,BLAa,BLA,254,left,0
6714,6715,2,6764.62,5874.26,2718.5200000000004,0.00390625,6374,303,BLAa,BLA,255,left,0
6715,6716,2,6764.56,5876.82,2715.6800000000003,0.40625,6715,303,BLAa,BLA,255,left,0
6716,6717,2,6764.64,5879.0,2713.9400000000005,0.4609375,6716,303,BLAa,BLA,255,left,0
6717,6718,2,6765.02,5882.52,2712.32,0.515625,6717,303,BLAa,BLA,255,left,0
6718,6719,2,6765.78,5883.78,2711.72,0.21484375,6718,303,BLAa,BLA,255,left,1
6719,6720,2,6764.7,5874.42,2719.7800000000007,0.00390625,6374,303,BLAa,BLA,256,left,0
6720,6721,2,6763.94,5877.3,2719.6800000000003,0.3515625,6720,303,BLAa,BLA,256,left,0
6721,6722,2,6764.54,5881.34,2720.3600000000006,0.48828125,6721,303,BLAa,BLA,256,left,0
6722,6723,2,6764.56,5883.9,2720.8,0.19140625,6722,303,BLAa,BLA,256,left,0
6723,6724,2,6763.08,5885.7,2721.2000000000007,0.43359375,6723,303,BLAa,BLA,256,left,0
6724,6725,2,6761.26,5887.04,2721.1000000000004,0.40625,6724,303,BLAa,BLA,256,left,0
6725,6726,2,6760.86,5887.68,2719.98,0.19140625,6725,303,BLAa,BLA,256,left,0
6726,6727,2,6758.66,5887.78,2718.08,0.54296875,6726,303,BLAa,BLA,256,left,0
6727,6728,2,6756.6,5888.16,2717.2000000000007,0.19140625,6727,303,BLAa,BLA,256,left,0
6728,6729,2,6754.82,5888.78,2716.9400000000005,0.01953125,6728,303,BLAa,BLA,256,left,0
6729,6730,2,6752.68,5890.02,2716.92,0.4609375,6729,303,BLAa,BLA,256,left,0
6730,6731,2,6751.72,5891.82,2717.6000000000004,0.21484375,6730,303,BLAa,BLA,256,left,0
6731,6732,2,6748.98,5893.14,2718.9400000000005,0.32421875,6731,303,BLAa,BLA,256,left,0
6732,6733,2,6747.18,5893.66,2719.2000000000007,0.21484375,6732,303,BLAa,BLA,256,left,0
6733,6734,2,6743.92,5894.64,2719.26,0.32421875,6733,303,BLAa,BLA,256,left,0
6734,6735,2,6742.04,5896.62,2719.98,0.48828125,6734,303,BLAa,BLA,256,left,0
6735,6736,2,6741.34,5897.96,2720.9400000000005,0.54296875,6735,303,BLAa,BLA,256,left,0
6736,6737,2,6740.34,5900.02,2721.540000000001,0.4609375,6736,303,BLAa,BLA,256,left,0
6737,6738,2,6739.02,5901.92,2721.6399999999994,0.1640625,6737,303,BLAa,BLA,256,left,0
6738,6739,2,6737.06,5903.64,2721.48,0.32421875,6738,303,BLAa,BLA,256,left,0
6739,6740,2,6734.74,5904.12,2721.3600000000006,0.3515625,6739,303,BLAa,BLA,256,left,0
6740,6741,2,6732.54,5905.86,2721.3600000000006,0.00390625,6740,303,BLAa,BLA,256,left,0
6741,6742,2,6730.54,5908.18,2721.92,0.48828125,6741,303,BLAa,BLA,256,left,0
6742,6743,2,6729.68,5909.86,2722.8,0.19140625,6742,303,BLAa,BLA,256,left,0
6743,6744,2,6729.02,5911.38,2723.0200000000004,0.3515625,6743,303,BLAa,BLA,256,left,1
6744,6745,2,6811.58,5791.38,2654.16,0.00390625,6447,303,BLAa,BLA,257,left,0
6745,6746,2,6812.8,5792.58,2652.9,0.32421875,6745,303,BLAa,BLA,257,left,0
6746,6747,2,6814.32,5793.58,2651.58,0.19140625,6746,303,BLAa,BLA,257,left,0
6747,6748,2,6814.96,5794.84,2650.1800000000003,0.54296875,6747,303,BLAa,BLA,257,left,0
6748,6749,2,6815.12,5796.92,2649.24,0.48828125,6748,303,BLAa,BLA,257,left,0
6749,6750,2,6815.54,5799.22,2648.0599999999995,0.2421875,6749,303,BLAa,BLA,257,left,0
6750,6751,2,6816.24,5799.84,2647.1399999999994,0.3515625,6750,303,BLAa,BLA,257,left,0
6751,6752,2,6816.52,5802.7,2644.98,0.4609375,6751,303,BLAa,BLA,257,left,0
6752,6753,2,6816.72,5805.36,2643.82,0.6484375,6752,303,BLAa,BLA,257,left,0
6753,6754,2,6815.9,5808.12,2642.72,0.48828125,6753,303,BLAa,BLA,257,left,0
6754,6755,2,6814.42,5809.98,2641.5200000000004,0.296875,6754,303,BLAa,BLA,257,left,0
6755,6756,2,6813.26,5811.58,2640.1800000000003,0.1640625,6755,303,BLAa,BLA,257,left,0
6756,6757,2,6812.5,5812.06,2638.3600000000006,0.515625,6756,303,BLAa,BLA,257,left,0
6757,6758,2,6812.5,5813.86,2636.3,0.43359375,6757,303,BLAa,BLA,257,left,0
6758,6759,2,6812.18,5815.48,2634.32,0.48828125,6758,303,BLAa,BLA,257,left,0
6759,6760,2,6811.52,5816.08,2633.9,0.40625,6759,303,BLAa,BLA,257,left,0
6760,6761,2,6810.28,5790.72,2653.1800000000003,0.0078125,6447,303,BLAa,BLA,258,left,0
6761,6762,2,6809.8,5789.08,2650.58,0.2421875,6761,303,BLAa,BLA,258,left,0
6762,6763,2,6809.88,5787.86,2648.8,0.32421875,6762,303,BLAa,BLA,258,left,0
6763,6764,2,6810.5,5788.44,2647.74,0.21484375,6763,303,BLAa,BLA,258,left,0
6764,6765,2,6811.08,5790.86,2645.9,0.515625,6764,303,BLAa,BLA,258,left,0
6765,6766,2,6812.56,5793.16,2644.459999999999,0.40625,6765,303,BLAa,BLA,258,left,0
6766,6767,2,6813.98,5794.1,2643.7800000000007,0.32421875,6766,303,BLAa,BLA,258,left,0
6767,6768,2,6814.38,5797.42,2641.98,0.19140625,6767,303,BLAa,BLA,258,left,0
6768,6769,2,6814.6,5800.12,2640.7800000000007,0.21484375,6768,303,BLAa,BLA,258,left,0
6769,6770,2,6813.56,5801.9,2640.5599999999995,0.00390625,6769,303,BLAa,BLA,258,left,1
6770,6771,2,6721.94,5866.68,2678.0599999999995,0.296875,6456,303,BLAa,BLA,259,left,0
6771,6772,2,6719.98,5865.64,2677.42,0.48828125,6456,303,BLAa,BLA,260,left,0
6772,6773,2,6719.58,5865.68,2674.24,0.2421875,6772,303,BLAa,BLA,260,left,0
6773,6774,2,6719.52,5865.32,2672.42,0.296875,6773,303,BLAa,BLA,260,left,0
6774,6775,2,6721.62,5863.76,2671.58,0.4609375,6774,303,BLAa,BLA,260,left,0
6775,6776,2,6723.22,5862.4,2670.879999999999,0.296875,6775,303,BLAa,BLA,260,left,0
6776,6777,2,6724.46,5861.74,2669.9,0.1640625,6776,303,BLAa,BLA,260,left,0
6777,6778,2,6726.36,5861.0,2669.24,0.00390625,6777,303,BLAa,BLA,260,left,0
6778,6779,2,6727.28,5861.64,2668.1000000000004,0.26953125,6778,303,BLAa,BLA,260,left,0
6779,6780,2,6727.62,5863.02,2666.1800000000003,0.32421875,6779,303,BLAa,BLA,260,left,0
6780,6781,2,6728.32,5864.2,2664.98,0.4609375,6780,303,BLAa,BLA,260,left,0
6781,6782,2,6727.58,5864.86,2663.6399999999994,0.00390625,6781,303,BLAa,BLA,260,left,0
6782,6783,2,6725.44,5864.62,2663.0200000000004,0.40625,6782,303,BLAa,BLA,260,left,0
6783,6784,2,6724.72,5863.08,2662.1399999999994,0.19140625,6783,303,BLAa,BLA,260,left,0
6784,6785,2,6725.16,5861.58,2661.74,0.3515625,6784,303,BLAa,BLA,260,left,0
6785,6786,2,6726.6,5861.84,2660.9,0.01953125,6785,303,BLAa,BLA,260,left,0
6786,6787,2,6728.18,5862.76,2659.4400000000005,0.1640625,6786,303,BLAa,BLA,260,left,0
6787,6788,2,6729.54,5863.86,2657.98,0.3515625,6787,303,BLAa,BLA,260,left,0
6788,6789,2,6730.74,5863.68,2656.620000000001,0.19140625,6788,303,BLAa,BLA,260,left,0
6789,6790,2,6730.72,5863.18,2655.34,0.21484375,6789,303,BLAa,BLA,260,left,0
6790,6791,2,6731.66,5862.68,2654.879999999999,0.296875,6790,303,BLAa,BLA,260,left,0
6791,6792,2,6734.1,5861.16,2655.42,0.32421875,6791,303,BLAa,BLA,260,left,0
6792,6793,2,6736.2,5860.38,2656.08,0.1640625,6792,303,BLAa,BLA,260,left,0
6793,6794,2,6738.86,5859.98,2656.08,0.32421875,6793,303,BLAa,BLA,260,left,0
6794,6795,2,6740.32,5859.34,2655.66,0.01953125,6794,303,BLAa,BLA,260,left,0
6795,6796,2,6741.56,5859.24,2654.08,0.3515625,6795,303,BLAa,BLA,260,left,0
6796,6797,2,6743.28,5859.82,2652.9400000000005,0.3515625,6796,303,BLAa,BLA,260,left,0
6797,6798,2,6745.06,5859.94,2651.379999999999,0.4609375,6797,303,BLAa,BLA,260,left,0
6798,6799,2,6745.44,5859.52,2650.0200000000004,0.296875,6798,303,BLAa,BLA,260,left,0
6799,6800,2,6746.66,5859.3,2649.6399999999994,0.40625,6799,303,BLAa,BLA,260,left,0
6800,6801,2,6746.8,5859.1,2646.24,0.296875,6800,303,BLAa,BLA,260,left,0
6801,6802,2,6746.12,5858.86,2645.42,0.26953125,6801,303,BLAa,BLA,260,left,0
6802,6803,2,6747.8,5857.36,2643.8,0.2421875,6802,303,BLAa,BLA,260,left,0
6803,6804,2,6748.18,5855.12,2643.1800000000003,0.26953125,6803,303,BLAa,BLA,260,left,0
6804,6805,2,6749.04,5853.58,2643.32,0.4609375,6804,303,BLAa,BLA,260,left,0
6805,6806,2,6751.22,5851.58,2643.22,0.3515625,6805,303,BLAa,BLA,260,left,0
6806,6807,2,6752.18,5849.76,2643.34,0.43359375,6806,303,BLAa,BLA,260,left,0
6807,6808,2,6753.78,5847.94,2643.6800000000003,0.32421875,6807,303,BLAa,BLA,260,left,0
6808,6809,2,6754.8,5845.6,2643.7800000000007,0.43359375,6808,303,BLAa,BLA,260,left,0
6809,6810,2,6754.58,5844.16,2643.6399999999994,0.32421875,6809,303,BLAa,BLA,260,left,0
6810,6811,2,6756.32,5843.56,2643.7000000000007,0.01953125,6810,303,BLAa,BLA,260,left,0
6811,6812,2,6758.68,5842.14,2643.24,0.37890625,6811,303,BLAa,BLA,260,left,0
6812,6813,2,6760.12,5840.86,2642.84,0.37890625,6812,303,BLAa,BLA,260,left,0
6813,6814,2,6762.04,5838.38,2642.6800000000003,0.1640625,6813,303,BLAa,BLA,260,left,0
6814,6815,2,6763.42,5837.44,2643.34,0.00390625,6814,303,BLAa,BLA,260,left,0
6815,6816,2,6763.96,5837.98,2644.959999999999,0.21484375,6815,303,BLAa,BLA,260,left,0
6816,6817,2,6665.28,5884.46,2808.4,0.296875,6512,544,CEAc,CEA,261,left,0
6817,6818,2,6663.38,5884.6,2809.32,0.32421875,6817,544,CEAc,CEA,261,left,0
6818,6819,2,6661.28,5883.86,2809.58,0.296875,6818,544,CEAc,CEA,261,left,0
6819,6820,2,6659.96,5883.44,2809.8600000000006,0.296875,6819,544,CEAc,CEA,261,left,1
6820,6821,2,6665.78,5882.5,2806.76,0.703125,6512,544,CEAc,CEA,262,left,0
6821,6822,2,6599.64,6111.86,2810.379999999999,0.01953125,6548,703,CTXsp,CTXsp,263,left,0
6822,6823,2,6600.02,6111.76,2812.5599999999995,0.40625,6822,703,CTXsp,CTXsp,263,left,0
6823,6824,2,6601.08,6111.62,2813.4,0.2421875,6823,703,CTXsp,CTXsp,263,left,0
6824,6825,2,6601.94,6109.86,2814.2800000000007,0.4609375,6824,703,CTXsp,CTXsp,263,left,1
6825,6826,2,6600.04,6114.2,2811.1800000000003,0.0078125,6548,703,CTXsp,CTXsp,264,left,0
6826,6827,2,6600.9,6119.58,2811.1399999999994,0.40625,6826,703,CTXsp,CTXsp,264,left,0
6827,6828,2,6601.84,6121.6,2811.1800000000003,0.43359375,6827,703,CTXsp,CTXsp,264,left,0
6828,6829,2,6602.64,6124.3,2811.6800000000003,0.296875,6828,703,CTXsp,CTXsp,264,left,0
6829,6830,2,6602.42,6126.9,2811.620000000001,0.19140625,6829,703,CTXsp,CTXsp,264,left,0
6830,6831,2,6601.46,6128.22,2811.1399999999994,0.32421875,6830,703,CTXsp,CTXsp,264,left,0
6831,6832,2,6600.92,6130.5,2810.3,0.21484375,6831,703,CTXsp,CTXsp,264,left,0
6832,6833,2,6600.38,6132.52,2809.7800000000007,0.37890625,6832,703,CTXsp,CTXsp,264,left,0
6833,6834,2,6600.7,6134.96,2810.0200000000004,0.4609375,6833,703,CTXsp,CTXsp,264,left,0
6834,6835,2,6601.3,6138.88,2810.540000000001,0.2421875,6834,703,CTXsp,CTXsp,264,left,0
6835,6836,2,6601.6,6141.44,2811.1800000000003,0.48828125,6835,703,CTXsp,CTXsp,264,left,0
6836,6837,2,6601.06,6142.3,2811.4400000000005,0.515625,6836,703,CTXsp,CTXsp,264,left,0
6837,6838,2,6599.6,6145.06,2811.9400000000005,0.00390625,6837,703,CTXsp,CTXsp,264,left,0
6838,6839,2,6599.56,6148.8,2811.82,0.2421875,6838,703,CTXsp,CTXsp,264,left,0
6839,6840,2,6599.76,6151.06,2810.66,0.67578125,6839,703,CTXsp,CTXsp,264,left,0
6840,6841,2,6600.3,6153.44,2808.98,0.4609375,6840,703,CTXsp,CTXsp,264,left,0
6841,6842,2,6601.12,6155.06,2808.0599999999995,0.4609375,6841,703,CTXsp,CTXsp,264,left,0
6842,6843,2,6600.64,6156.92,2806.459999999999,0.48828125,6842,703,CTXsp,CTXsp,264,left,0
6843,6844,2,6599.5,6158.38,2804.959999999999,0.54296875,6843,703,CTXsp,CTXsp,264,left,0
6844,6845,2,6598.68,6159.82,2803.42,0.32421875,6844,703,CTXsp,CTXsp,264,left,0
6845,6846,2,6597.42,6161.14,2802.72,0.48828125,6845,703,CTXsp,CTXsp,264,left,0
6846,6847,2,6597.22,6162.16,2801.58,0.32421875,6846,703,CTXsp,CTXsp,264,left,0
6847,6848,2,6597.5,6165.32,2799.74,0.00390625,6847,703,CTXsp,CTXsp,264,left,0
6848,6849,2,6597.6,6167.18,2798.0,0.4609375,6848,703,CTXsp,CTXsp,264,left,0
6849,6850,2,6597.38,6169.36,2797.3600000000006,0.3515625,6849,703,CTXsp,CTXsp,264,left,0
6850,6851,2,6596.52,6170.92,2797.1800000000003,0.43359375,6850,703,CTXsp,CTXsp,264,left,0
6851,6852,2,6596.3,6173.92,2796.82,0.26953125,6851,703,CTXsp,CTXsp,264,left,0
6852,6853,2,6536.68,6054.36,2761.9400000000005,0.01953125,6698,303,BLAa,BLA,265,left,0
6853,6854,2,6536.3,6053.92,2763.74,0.3515625,6853,303,BLAa,BLA,265,left,0
6854,6855,2,6535.54,6053.8,2765.34,0.19140625,6854,303,BLAa,BLA,265,left,0
6855,6856,2,6535.66,6054.44,2767.0200000000004,0.4609375,6855,303,BLAa,BLA,265,left,0
6856,6857,2,6536.1,6056.02,2769.379999999999,0.48828125,6856,303,BLAa,BLA,265,left,0
6857,6858,2,6536.04,6056.72,2771.0599999999995,0.40625,6857,303,BLAa,BLA,265,left,0
6858,6859,2,6534.92,6057.82,2772.620000000001,0.37890625,6858,303,BLAa,BLA,265,left,0
6859,6860,2,6533.78,6058.7,2773.48,0.26953125,6859,303,BLAa,BLA,265,left,0
6860,6861,2,6534.06,6060.66,2775.34,0.515625,6860,303,BLAa,BLA,265,left,0
6861,6862,2,6534.38,6061.9,2776.7800000000007,0.59765625,6861,303,BLAa,BLA,265,left,0
6862,6863,2,6534.52,6062.6,2778.5200000000004,0.40625,6862,303,BLAa,BLA,265,left,0
6863,6864,2,6533.92,6062.68,2779.459999999999,0.37890625,6863,303,BLAa,BLA,265,left,0
6864,6865,2,6532.88,6062.94,2780.6000000000004,0.01171875,6864,303,BLAa,BLA,265,left,0
6865,6866,2,6532.42,6062.64,2782.879999999999,0.40625,6865,303,BLAa,BLA,265,left,0
6866,6867,2,6531.68,6062.36,2784.72,0.48828125,6866,303,BLAa,BLA,265,left,0
6867,6868,2,6529.98,6062.46,2786.040000000001,0.4609375,6867,303,BLAa,BLA,265,left,0
6868,6869,2,6528.9,6062.04,2787.72,0.40625,6868,303,BLAa,BLA,265,left,0
6869,6870,2,6528.88,6060.92,2789.040000000001,0.4609375,6869,303,BLAa,BLA,265,left,0
6870,6871,2,6528.86,6060.02,2791.66,0.43359375,6870,303,BLAa,BLA,265,left,0
6871,6872,2,6528.22,6059.7,2792.8600000000006,0.4609375,6871,303,BLAa,BLA,265,left,0
6872,6873,2,6527.32,6059.98,2795.620000000001,0.00390625,6872,477,STR,STR,265,left,0
6873,6874,2,6525.6,6059.8,2796.6800000000003,0.21484375,6873,477,STR,STR,265,left,1
6874,6875,2,6539.86,6051.66,2761.8600000000006,0.00390625,6698,303,BLAa,BLA,266,left,0
6875,6876,2,6540.2,6050.14,2763.6800000000003,0.4609375,6875,303,BLAa,BLA,266,left,0
6876,6877,2,6540.04,6047.82,2765.4,0.54296875,6876,303,BLAa,BLA,266,left,0
6877,6878,2,6539.84,6045.82,2766.1800000000003,0.4609375,6877,303,BLAa,BLA,266,left,0
6878,6879,2,6539.58,6042.08,2767.98,0.4609375,6878,303,BLAa,BLA,266,left,0
6879,6880,2,6540.68,6040.2,2768.24,0.32421875,6879,303,BLAa,BLA,266,left,0
6880,6881,2,6541.38,6038.56,2768.040000000001,0.3515625,6880,303,BLAa,BLA,266,left,0
6881,6882,2,6542.92,6037.68,2768.26,0.37890625,6881,303,BLAa,BLA,266,left,0
6882,6883,2,6544.56,6037.32,2769.040000000001,0.4609375,6882,303,BLAa,BLA,266,left,0
6883,6884,2,6546.44,6036.46,2769.620000000001,0.2421875,6883,303,BLAa,BLA,266,left,0
6884,6885,2,6547.82,6036.1,2769.3,0.1640625,6884,303,BLAa,BLA,266,left,0
6885,6886,2,6550.58,6036.04,2769.08,0.1640625,6885,303,BLAa,BLA,266,left,0
6886,6887,2,6551.96,6036.5,2769.22,0.19140625,6886,303,BLAa,BLA,266,left,0
6887,6888,2,6552.44,6039.7,2769.24,0.6484375,6887,303,BLAa,BLA,266,left,0
6888,6889,2,6552.86,6040.28,2772.66,0.296875,6888,303,BLAa,BLA,266,left,0
6889,6890,2,6552.98,6040.06,2774.040000000001,0.4609375,6889,303,BLAa,BLA,266,left,1
6890,6891,2,6688.6,5913.22,2723.040000000001,0.2421875,6714,303,BLAa,BLA,267,left,0
6891,6892,2,6691.0,5915.04,2721.92,0.37890625,6891,303,BLAa,BLA,267,left,0
6892,6893,2,6692.48,5916.0,2720.5599999999995,0.32421875,6892,303,BLAa,BLA,267,left,0
6893,6894,2,6694.06,5916.2,2720.32,0.32421875,6893,303,BLAa,BLA,267,left,0
6894,6895,2,6696.12,5917.52,2719.6800000000003,0.21484375,6894,303,BLAa,BLA,267,left,0
6895,6896,2,6697.6,5917.74,2718.540000000001,0.1640625,6895,303,BLAa,BLA,267,left,0
6896,6897,2,6697.94,5916.72,2716.82,0.3515625,6896,303,BLAa,BLA,267,left,0
6897,6898,2,6699.38,5916.08,2715.5,0.32421875,6897,303,BLAa,BLA,267,left,0
6898,6899,2,6699.68,5916.6,2713.540000000001,0.515625,6898,303,BLAa,BLA,267,left,0
6899,6900,2,6700.58,5917.56,2712.2800000000007,0.37890625,6899,303,BLAa,BLA,267,left,0
6900,6901,2,6701.66,5919.38,2709.66,0.32421875,6900,303,BLAa,BLA,267,left,0
6901,6902,2,6701.54,5920.24,2706.879999999999,0.43359375,6901,303,BLAa,BLA,267,left,0
6902,6903,2,6701.28,5919.74,2705.08,0.296875,6902,303,BLAa,BLA,267,left,0
6903,6904,2,6700.96,5918.54,2703.58,0.515625,6903,303,BLAa,BLA,267,left,0
6904,6905,2,6700.58,5916.82,2702.2000000000007,0.00390625,6904,303,BLAa,BLA,267,left,0
6905,6906,2,6700.24,5914.38,2702.040000000001,0.48828125,6905,303,BLAa,BLA,267,left,0
6906,6907,2,6699.76,5909.94,2701.7000000000007,0.1640625,6906,303,BLAa,BLA,267,left,0
6907,6908,10,6700.34,5909.06,2701.540000000001,0.26953125,6907,303,BLAa,BLA,267,left,1
6908,6909,2,6687.0,5911.3,2725.66,0.0078125,6714,303,BLAa,BLA,268,left,0
6909,6910,2,6688.44,5909.6,2727.540000000001,0.26953125,6909,303,BLAa,BLA,268,left,0
6910,6911,2,6689.14,5908.68,2729.1800000000003,0.37890625,6910,303,BLAa,BLA,268,left,0
6911,6912,2,6689.48,5910.04,2730.7800000000007,0.0078125,6911,303,BLAa,BLA,268,left,0
6912,6913,2,6690.02,5912.54,2732.620000000001,0.4609375,6912,303,BLAa,BLA,268,left,0
6913,6914,2,6690.02,5914.16,2734.540000000001,0.296875,6913,303,BLAa,BLA,268,left,0
6914,6915,2,6689.04,5915.28,2735.3600000000006,0.32421875,6914,303,BLAa,BLA,268,left,0
6915,6916,2,6687.42,5917.8,2735.5,0.00390625,6915,303,BLAa,BLA,268,left,0
6916,6917,2,6686.84,5919.2,2736.0200000000004,0.2421875,6916,303,BLAa,BLA,268,left,1
6917,6918,2,6810.38,5818.44,2632.3600000000006,0.43359375,6760,303,BLAa,BLA,269,left,0
6918,6919,2,6808.74,5818.52,2631.22,0.37890625,6918,303,BLAa,BLA,269,left,0
6919,6920,2,6808.0,5816.12,2631.040000000001,0.703125,6919,303,BLAa,BLA,269,left,0
6920,6921,2,6808.46,5814.7,2630.72,0.21484375,6920,303,BLAa,BLA,269,left,0
6921,6922,2,6808.08,5811.84,2629.1000000000004,0.54296875,6921,303,BLAa,BLA,269,left,0
6922,6923,2,6807.76,5810.42,2627.879999999999,0.4609375,6922,303,BLAa,BLA,269,left,0
6923,6924,2,6807.54,5810.36,2625.9400000000005,0.19140625,6923,303,BLAa,BLA,269,left,0
6924,6925,2,6807.54,5811.14,2623.459999999999,0.2421875,6924,303,BLAa,BLA,269,left,0
6925,6926,2,6808.12,5811.7,2621.7000000000007,0.4609375,6925,303,BLAa,BLA,269,left,1
6926,6927,2,6810.38,5818.5,2632.5200000000004,0.37890625,6760,303,BLAa,BLA,270,left,0
6927,6928,2,6809.18,5818.74,2631.0200000000004,0.4609375,6927,303,BLAa,BLA,270,left,0
6928,6929,2,6808.92,5818.56,2628.9,0.2421875,6928,303,BLAa,BLA,270,left,0
6929,6930,2,6808.7,5818.74,2626.8,0.2421875,6929,303,BLAa,BLA,270,left,0
6930,6931,2,6808.42,5818.54,2624.4400000000005,0.21484375,6930,303,BLAa,BLA,270,left,0
6931,6932,2,6808.0,5818.82,2621.7000000000007,0.32421875,6931,303,BLAa,BLA,270,left,0
6932,6933,2,6807.24,5819.46,2620.22,0.40625,6932,303,BLAa,BLA,270,left,0
6933,6934,2,6806.56,5822.08,2617.2000000000007,0.40625,6933,303,BLAa,BLA,270,left,0
6934,6935,2,6805.9,5823.22,2615.5,0.21484375,6934,303,BLAa,BLA,270,left,0
6935,6936,2,6805.76,5825.04,2612.959999999999,0.40625,6935,303,BLAa,BLA,270,left,0
6936,6937,2,6805.82,5827.22,2610.9,0.54296875,6936,303,BLAa,BLA,270,left,0
6937,6938,2,6805.86,5828.56,2609.6800000000003,0.26953125,6937,303,BLAa,BLA,270,left,0
6938,6939,2,6721.4,5868.56,2677.0599999999995,0.00390625,6771,303,BLAa,BLA,271,left,0
6939,6940,2,6721.06,5869.88,2675.1000000000004,0.32421875,6939,303,BLAa,BLA,271,left,0
6940,6941,2,6720.44,5870.52,2674.72,0.40625,6940,303,BLAa,BLA,271,left,0
6941,6942,2,6721.14,5868.96,2680.2000000000007,0.296875,6771,303,BLAa,BLA,272,left,0
6942,6943,2,6720.66,5870.26,2681.48,0.4609375,6942,303,BLAa,BLA,272,left,0
6943,6944,2,6719.62,5872.08,2681.959999999999,0.1640625,6943,303,BLAa,BLA,272,left,0
6944,6945,2,6719.28,5874.84,2681.959999999999,0.43359375,6944,303,BLAa,BLA,272,left,0
6945,6946,2,6718.0,5876.54,2682.540000000001,0.1640625,6945,303,BLAa,BLA,272,left,0
6946,6947,2,6764.42,5838.88,2647.9400000000005,0.296875,6816,303,BLAa,BLA,273,left,0
6947,6948,2,6764.68,5839.98,2649.08,0.54296875,6947,303,BLAa,BLA,273,left,0
6948,6949,2,6765.0,5842.12,2649.459999999999,0.37890625,6948,303,BLAa,BLA,273,left,0
6949,6950,2,6765.48,5844.72,2650.620000000001,0.62109375,6949,303,BLAa,BLA,273,left,0
6950,6951,2,6765.88,5846.14,2652.6399999999994,0.26953125,6950,303,BLAa,BLA,273,left,0
6951,6952,2,6765.52,5846.74,2654.5200000000004,0.48828125,6951,303,BLAa,BLA,273,left,0
6952,6953,2,6764.38,5847.46,2655.3600000000006,0.32421875,6952,303,BLAa,BLA,273,left,0
6953,6954,2,6764.36,5848.44,2656.26,0.54296875,6953,303,BLAa,BLA,273,left,0
6954,6955,2,6764.84,5850.5,2658.22,0.26953125,6954,303,BLAa,BLA,273,left,0
6955,6956,2,6764.94,5851.58,2659.5200000000004,0.3515625,6955,303,BLAa,BLA,273,left,0
6956,6957,2,6764.04,5851.7,2659.7000000000007,0.40625,6956,303,BLAa,BLA,273,left,0
6957,6958,2,6764.1,5839.12,2645.98,0.00390625,6816,303,BLAa,BLA,274,left,0
6958,6959,2,6762.98,5840.14,2646.6399999999994,0.32421875,6958,303,BLAa,BLA,274,left,0
6959,6960,2,6761.9,5841.56,2646.9400000000005,0.32421875,6959,303,BLAa,BLA,274,left,0
6960,6961,2,6759.72,5842.34,2646.74,0.0078125,6960,303,BLAa,BLA,274,left,0
6961,6962,2,6757.56,5842.96,2645.9400000000005,0.26953125,6961,303,BLAa,BLA,274,left,0
6962,6963,2,6756.82,5841.32,2644.959999999999,0.00390625,6962,303,BLAa,BLA,274,left,0
6963,6964,2,6757.08,5840.4,2643.5599999999995,0.26953125,6963,303,BLAa,BLA,274,left,0
6964,6965,2,6758.06,5838.0,2642.08,0.2421875,6964,303,BLAa,BLA,274,left,0
6965,6966,2,6758.86,5835.84,2640.7000000000007,0.40625,6965,303,BLAa,BLA,274,left,0
6966,6967,2,6760.1,5833.76,2640.34,0.1640625,6966,303,BLAa,BLA,274,left,0
6967,6968,2,6760.78,5831.62,2640.22,0.32421875,6967,303,BLAa,BLA,274,left,0
6968,6969,2,6763.08,5829.34,2640.42,0.32421875,6968,303,BLAa,BLA,274,left,0
6969,6970,2,6764.22,5827.92,2640.48,0.40625,6969,303,BLAa,BLA,274,left,0
6970,6971,2,6766.72,5826.04,2640.459999999999,0.40625,6970,303,BLAa,BLA,274,left,0
6971,6972,2,6768.2,5825.28,2640.26,0.296875,6971,303,BLAa,BLA,274,left,0
6972,6973,2,6770.04,5823.08,2639.7800000000007,0.00390625,6972,303,BLAa,BLA,274,left,0
6973,6974,2,6770.7,5821.32,2639.3600000000006,0.37890625,6973,303,BLAa,BLA,274,left,0
6974,6975,2,6770.9,5818.2,2638.7000000000007,0.21484375,6974,303,BLAa,BLA,274,left,0
6975,6976,2,6771.54,5817.26,2637.6000000000004,0.40625,6975,303,BLAa,BLA,274,left,0
6976,6977,2,6773.68,5817.38,2636.9400000000005,0.40625,6976,303,BLAa,BLA,274,left,0
6977,6978,2,6775.36,5817.88,2637.42,0.2421875,6977,303,BLAa,BLA,274,left,0
6978,6979,2,6778.2,5818.1,2637.9400000000005,0.48828125,6978,303,BLAa,BLA,274,left,0
6979,6980,2,6779.34,5818.22,2637.9400000000005,0.32421875,6979,303,BLAa,BLA,274,left,0
6980,6981,2,6665.34,5881.18,2805.48,0.00390625,6821,544,CEAc,CEA,275,left,0
6981,6982,2,6664.32,5879.84,2805.72,0.515625,6981,544,CEAc,CEA,275,left,0
6982,6983,2,6664.76,5878.64,2805.9,0.21484375,6982,544,CEAc,CEA,275,left,0
6983,6984,2,6664.84,5876.36,2805.120000000001,0.21484375,6983,544,CEAc,CEA,275,left,0
6984,6985,2,6664.56,5874.6,2804.58,0.00390625,6984,544,CEAc,CEA,275,left,0
6985,6986,2,6664.0,5869.64,2805.0599999999995,0.43359375,6985,544,CEAc,CEA,275,left,0
6986,6987,2,6663.74,5867.36,2805.26,0.48828125,6986,544,CEAc,CEA,275,left,0
6987,6988,2,6664.1,5865.28,2805.040000000001,0.2421875,6987,544,CEAc,CEA,275,left,0
6988,6989,2,6665.12,5863.42,2804.5599999999995,0.2421875,6988,544,CEAc,CEA,275,left,0
6989,6990,2,6665.3,5861.8,2803.42,0.32421875,6989,544,CEAc,CEA,275,left,0
6990,6991,2,6666.92,5859.94,2802.620000000001,0.48828125,6990,544,CEAc,CEA,275,left,0
6991,6992,2,6668.3,5858.66,2802.0200000000004,0.2421875,6991,544,CEAc,CEA,275,left,0
6992,6993,2,6670.26,5857.66,2801.42,0.00390625,6992,544,CEAc,CEA,275,left,0
6993,6994,2,6672.26,5856.46,2800.8,0.1640625,6993,544,CEAc,CEA,275,left,0
6994,6995,2,6673.6,5854.98,2800.82,0.32421875,6994,544,CEAc,CEA,275,left,0
6995,6996,2,6673.74,5853.54,2801.0599999999995,0.40625,6995,544,CEAc,CEA,275,left,1
6996,6997,2,6664.94,5880.2,2805.0599999999995,0.00390625,6821,544,CEAc,CEA,276,left,0
6997,6998,2,6664.02,5878.76,2804.42,0.32421875,6997,544,CEAc,CEA,276,left,0
6998,6999,2,6664.02,5878.1,2803.2000000000007,0.32421875,6998,544,CEAc,CEA,276,left,0
6999,7000,2,6664.98,5877.34,2801.98,0.48828125,6999,544,CEAc,CEA,276,left,0
7000,7001,2,6665.5,5875.3,2801.26,0.4609375,7000,544,CEAc,CEA,276,left,0
7001,7002,2,6667.02,5873.28,2800.2800000000007,0.2421875,7001,544,CEAc,CEA,276,left,0
7002,7003,2,6669.08,5871.6,2799.22,0.2421875,7002,544,CEAc,CEA,276,left,0
7003,7004,2,6671.16,5870.96,2798.58,0.296875,7003,544,CEAc,CEA,276,left,0
7004,7005,2,6673.24,5870.16,2797.379999999999,0.4609375,7004,544,CEAc,CEA,276,left,0
7005,7006,2,6674.46,5868.66,2795.8600000000006,0.26953125,7005,544,CEAc,CEA,276,left,0
7006,7007,2,6675.94,5867.64,2794.24,0.2421875,7006,544,CEAc,CEA,276,left,0
7007,7008,2,6677.22,5867.32,2792.8,0.1640625,7007,544,CEAc,CEA,276,left,0
7008,7009,2,6678.04,5867.92,2791.7000000000007,0.0078125,7008,544,CEAc,CEA,276,left,0
7009,7010,2,6679.64,5869.4,2790.540000000001,0.37890625,7009,544,CEAc,CEA,276,left,0
7010,7011,2,6680.3,5870.5,2789.48,0.21484375,7010,544,CEAc,CEA,276,left,0
7011,7012,2,6681.7,5870.76,2788.98,0.32421875,7011,544,CEAc,CEA,276,left,0
7012,7013,2,6683.36,5871.6,2788.3,0.32421875,7012,544,CEAc,CEA,276,left,0
7013,7014,2,6685.06,5872.08,2788.120000000001,0.2421875,7013,544,CEAc,CEA,276,left,0
7014,7015,2,6687.0,5871.32,2787.58,0.19140625,7014,544,CEAc,CEA,276,left,0
7015,7016,2,6688.2,5870.44,2787.2000000000007,0.1640625,7015,544,CEAc,CEA,276,left,0
7016,7017,2,6689.12,5868.66,2786.74,0.00390625,7016,544,CEAc,CEA,276,left,0
7017,7018,2,6689.66,5866.56,2785.9400000000005,0.2421875,7017,544,CEAc,CEA,276,left,0
7018,7019,2,6690.18,5864.48,2784.6399999999994,0.1640625,7018,544,CEAc,CEA,276,left,0
7019,7020,2,6690.74,5862.48,2783.5599999999995,0.4609375,7019,544,CEAc,CEA,276,left,0
7020,7021,2,6691.88,5861.12,2781.8600000000006,0.32421875,7020,544,CEAc,CEA,276,left,0
7021,7022,2,6694.14,5859.54,2780.9,0.37890625,7021,544,CEAc,CEA,276,left,0
7022,7023,2,6695.6,5858.3,2780.7000000000007,0.32421875,7022,544,CEAc,CEA,276,left,0
7023,7024,2,6697.22,5856.74,2780.5599999999995,0.32421875,7023,544,CEAc,CEA,276,left,0
7024,7025,2,6698.64,5856.1,2780.1399999999994,0.2421875,7024,544,CEAc,CEA,276,left,0
7025,7026,2,6700.84,5855.1,2778.959999999999,0.2421875,7025,544,CEAc,CEA,276,left,0
7026,7027,2,6701.94,5853.76,2778.5599999999995,0.1640625,7026,544,CEAc,CEA,276,left,0
7027,7028,2,6704.04,5852.66,2778.32,0.1640625,7027,544,CEAc,CEA,276,left,0
7028,7029,2,6705.48,5852.34,2777.5,0.40625,7028,544,CEAc,CEA,276,left,0
7029,7030,2,6707.22,5853.02,2776.879999999999,0.296875,7029,544,CEAc,CEA,276,left,0
7030,7031,2,6709.8,5853.82,2776.0200000000004,0.43359375,7030,544,CEAc,CEA,276,left,0
7031,7032,2,6711.58,5854.0,2775.6000000000004,0.32421875,7031,544,CEAc,CEA,276,left,0
7032,7033,2,6713.04,5854.48,2774.72,0.01171875,7032,544,CEAc,CEA,276,left,0
7033,7034,2,6715.14,5854.46,2773.5599999999995,0.40625,7033,544,CEAc,CEA,276,left,0
7034,7035,2,6715.92,5855.16,2772.040000000001,0.296875,7034,477,STR,STR,276,left,0
7035,7036,2,6715.88,5855.44,2770.459999999999,0.19140625,7035,477,STR,STR,276,left,0
7036,7037,2,6716.6,5854.06,2769.4400000000005,0.296875,7036,544,CEAc,CEA,276,left,0
7037,7038,2,6717.1,5852.6,2768.48,0.40625,7037,544,CEAc,CEA,276,left,0
7038,7039,2,6717.02,5850.26,2767.5599999999995,0.43359375,7038,544,CEAc,CEA,276,left,0
7039,7040,2,6716.48,5848.34,2765.76,0.296875,7039,544,CEAc,CEA,276,left,0
7040,7041,2,6715.64,5847.82,2764.6800000000003,0.26953125,7040,303,BLAa,BLA,276,left,1
7041,7042,2,6596.7,6178.02,2794.8600000000006,0.4609375,6852,703,CTXsp,CTXsp,277,left,0
7042,7043,2,6597.0,6180.62,2793.8,0.1640625,7042,703,CTXsp,CTXsp,277,left,0
7043,7044,2,6597.56,6181.74,2792.8600000000006,0.32421875,7043,703,CTXsp,CTXsp,277,left,0
7044,7045,2,6599.36,6182.34,2792.5,0.32421875,7044,703,CTXsp,CTXsp,277,left,0
7045,7046,2,6601.06,6183.2,2791.959999999999,0.1640625,7045,703,CTXsp,CTXsp,277,left,0
7046,7047,2,6603.38,6183.2,2791.6000000000004,0.32421875,7046,703,CTXsp,CTXsp,277,left,0
7047,7048,2,6605.14,6181.82,2791.7000000000007,0.1640625,7047,703,CTXsp,CTXsp,277,left,0
7048,7049,2,6606.2,6179.74,2791.4,0.32421875,7048,703,CTXsp,CTXsp,277,left,0
7049,7050,2,6606.16,6177.4,2791.3600000000006,0.2421875,7049,703,CTXsp,CTXsp,277,left,0
7050,7051,2,6605.92,6175.08,2792.3,0.2421875,7050,703,CTXsp,CTXsp,277,left,0
7051,7052,2,6605.46,6171.6,2792.84,0.2421875,7051,703,CTXsp,CTXsp,277,left,0
7052,7053,2,6604.46,6168.6,2792.32,0.296875,7052,703,CTXsp,CTXsp,277,left,0
7053,7054,2,6603.62,6166.64,2792.2800000000007,0.48828125,7053,703,CTXsp,CTXsp,277,left,0
7054,7055,2,6604.46,6163.4,2791.7800000000007,0.32421875,7054,703,CTXsp,CTXsp,277,left,0
7055,7056,2,6605.58,6161.56,2791.48,0.2421875,7055,303,BLAa,BLA,277,left,0
7056,7057,2,6607.6,6159.84,2791.92,0.3515625,7056,303,BLAa,BLA,277,left,0
7057,7058,2,6609.12,6159.4,2792.2800000000007,0.32421875,7057,303,BLAa,BLA,277,left,0
7058,7059,2,6610.58,6155.8,2792.5200000000004,0.37890625,7058,303,BLAa,BLA,277,left,0
7059,7060,2,6595.14,6177.06,2797.9,0.2421875,6852,703,CTXsp,CTXsp,278,left,0
7060,7061,2,6595.14,6179.72,2798.8,0.59765625,7060,703,CTXsp,CTXsp,278,left,0
7061,7062,2,6595.64,6182.66,2799.5599999999995,0.515625,7061,703,CTXsp,CTXsp,278,left,0
7062,7063,2,6596.82,6185.06,2800.8600000000006,0.296875,7062,703,CTXsp,CTXsp,278,left,0
7063,7064,2,6598.04,6186.44,2801.74,0.1640625,7063,703,CTXsp,CTXsp,278,left,0
7064,7065,2,6599.04,6188.48,2803.3,0.32421875,7064,703,CTXsp,CTXsp,278,left,0
7065,7066,2,6599.32,6190.18,2804.959999999999,0.32421875,7065,703,CTXsp,CTXsp,278,left,0
7066,7067,2,6598.78,6190.62,2805.82,0.32421875,7066,703,CTXsp,CTXsp,278,left,0
7067,7068,2,6597.8,6191.76,2806.4400000000005,0.00390625,7067,703,CTXsp,CTXsp,278,left,0
7068,7069,2,6598.08,6193.86,2808.08,0.4609375,7068,703,CTXsp,CTXsp,278,left,0
7069,7070,2,6598.46,6195.8,2809.08,0.1640625,7069,703,CTXsp,CTXsp,278,left,0
7070,7071,2,6599.04,6199.72,2809.040000000001,0.43359375,7070,703,CTXsp,CTXsp,278,left,0
7071,7072,2,6599.42,6201.92,2809.6399999999994,0.48828125,7071,703,CTXsp,CTXsp,278,left,0
7072,7073,2,6598.76,6203.86,2810.66,0.00390625,7072,703,CTXsp,CTXsp,278,left,0
7073,7074,2,6806.36,5829.12,2606.540000000001,0.32421875,6938,303,BLAa,BLA,279,left,0
7074,7075,2,6806.6,5829.9,2604.48,0.48828125,7074,303,BLAa,BLA,279,left,0
7075,7076,2,6807.4,5831.46,2602.9,0.32421875,7075,303,BLAa,BLA,279,left,0
7076,7077,2,6808.72,5832.24,2602.0200000000004,0.296875,7076,303,BLAa,BLA,279,left,0
7077,7078,2,6809.62,5833.66,2600.72,0.43359375,7077,303,BLAa,BLA,279,left,0
7078,7079,2,6810.0,5836.06,2598.1000000000004,0.40625,7078,303,BLAa,BLA,279,left,0
7079,7080,2,6809.26,5836.88,2596.98,0.43359375,7079,303,BLAa,BLA,279,left,0
7080,7081,2,6810.48,5837.2,2595.82,0.01171875,7080,303,BLAa,BLA,279,left,0
7081,7082,2,6811.02,5837.76,2593.7000000000007,0.19140625,7081,303,BLAa,BLA,279,left,0
7082,7083,2,6811.78,5837.96,2592.5,0.59765625,7082,303,BLAa,BLA,279,left,0
7083,7084,2,6811.66,5837.98,2589.7800000000007,0.40625,7083,303,BLAa,BLA,279,left,0
7084,7085,2,6811.56,5838.58,2588.0,0.32421875,7084,303,BLAa,BLA,279,left,0
7085,7086,2,6812.28,5839.44,2586.5599999999995,0.26953125,7085,303,BLAa,BLA,279,left,0
7086,7087,2,6813.52,5840.08,2585.879999999999,0.1640625,7086,303,BLAa,BLA,279,left,0
7087,7088,2,6813.72,5841.42,2583.76,0.2421875,7087,303,BLAa,BLA,279,left,0
7088,7089,2,6813.78,5842.0,2581.9400000000005,0.3515625,7088,303,BLAa,BLA,279,left,0
7089,7090,2,6814.66,5841.88,2581.6800000000003,0.32421875,7089,303,BLAa,BLA,279,left,0
7090,7091,2,6804.38,5829.44,2609.4,0.015625,6938,303,BLAa,BLA,280,left,0
7091,7092,2,6803.9,5831.62,2608.5599999999995,0.4609375,7091,303,BLAa,BLA,280,left,0
7092,7093,2,6804.42,5836.18,2607.74,0.19140625,7092,303,BLAa,BLA,280,left,0
7093,7094,2,6804.68,5838.52,2608.4400000000005,0.48828125,7093,303,BLAa,BLA,280,left,0
7094,7095,2,6804.24,5840.86,2609.5599999999995,0.19140625,7094,303,BLAa,BLA,280,left,0
7095,7096,2,6803.86,5843.2,2610.0,0.1640625,7095,303,BLAa,BLA,280,left,0
7096,7097,2,6720.52,5873.34,2673.48,0.00390625,6941,303,BLAa,BLA,281,left,0
7097,7098,2,6720.58,5875.54,2671.26,0.5703125,7097,303,BLAa,BLA,281,left,0
7098,7099,2,6720.84,5878.84,2669.76,0.43359375,7098,303,BLAa,BLA,281,left,0
7099,7100,2,6721.12,5880.9,2668.4400000000005,0.59765625,7099,303,BLAa,BLA,281,left,0
7100,7101,2,6722.36,5881.02,2668.0,0.32421875,7100,303,BLAa,BLA,281,left,0
7101,7102,2,6723.02,5881.24,2667.66,0.0546875,7101,303,BLAa,BLA,281,left,0
7102,7103,2,6723.26,5883.38,2665.9400000000005,0.515625,7102,303,BLAa,BLA,281,left,0
7103,7104,2,6723.46,5886.54,2663.4,0.26953125,7103,303,BLAa,BLA,281,left,0
7104,7105,2,6724.16,5888.08,2662.379999999999,0.48828125,7104,303,BLAa,BLA,281,left,0
7105,7106,2,6724.54,5890.2,2660.8,0.26953125,7105,303,BLAa,BLA,281,left,0
7106,7107,2,6723.94,5891.6,2660.32,0.62109375,7106,303,BLAa,BLA,281,left,0
7107,7108,2,6724.66,5888.4,2660.58,0.0078125,7107,303,BLAa,BLA,281,left,0
7108,7109,2,6725.88,5886.82,2660.16,0.1640625,7108,303,BLAa,BLA,281,left,1
7109,7110,2,6721.5,5869.82,2674.7800000000007,0.0234375,6941,303,BLAa,BLA,282,left,0
7110,7111,2,6724.04,5868.54,2674.26,0.4609375,7110,303,BLAa,BLA,282,left,0
7111,7112,2,6725.44,5867.16,2673.8600000000006,0.32421875,7111,303,BLAa,BLA,282,left,0
7112,7113,2,6728.22,5864.82,2673.7800000000007,0.1640625,7112,303,BLAa,BLA,282,left,0
7113,7114,2,6729.92,5863.36,2673.66,0.1640625,7113,303,BLAa,BLA,282,left,0
7114,7115,2,6730.98,5862.26,2673.42,0.01171875,7114,303,BLAa,BLA,282,left,0
7115,7116,2,6732.84,5860.16,2673.98,0.1640625,7115,303,BLAa,BLA,282,left,0
7116,7117,2,6734.12,5858.78,2674.6000000000004,0.40625,7116,303,BLAa,BLA,282,left,0
7117,7118,2,6734.22,5856.5,2677.32,0.32421875,7117,303,BLAa,BLA,282,left,0
7118,7119,2,6733.68,5855.78,2678.82,0.40625,7118,303,BLAa,BLA,282,left,0
7119,7120,2,6733.44,5855.42,2681.0,0.0078125,7119,303,BLAa,BLA,282,left,0
7120,7121,2,6733.72,5855.56,2683.26,0.48828125,7120,303,BLAa,BLA,282,left,0
7121,7122,2,6733.82,5855.06,2684.7800000000007,0.4609375,7121,303,BLAa,BLA,282,left,0
7122,7123,2,6730.94,5854.9,2684.3600000000006,0.00390625,7122,303,BLAa,BLA,282,left,0
7123,7124,2,6728.7,5853.16,2684.34,0.2421875,7123,303,BLAa,BLA,282,left,0
7124,7125,2,6726.94,5852.34,2684.0,0.32421875,7124,303,BLAa,BLA,282,left,1
7125,7126,2,6716.02,5877.22,2685.7000000000007,0.26953125,6946,303,BLAa,BLA,283,left,0
7126,7127,2,6715.54,5878.28,2687.2800000000007,0.26953125,7126,303,BLAa,BLA,283,left,0
7127,7128,2,6713.7,5878.94,2688.040000000001,0.32421875,7127,303,BLAa,BLA,283,left,0
7128,7129,2,6711.02,5879.54,2688.040000000001,0.43359375,7128,303,BLAa,BLA,283,left,0
7129,7130,2,6709.68,5879.82,2688.3,0.3515625,7129,303,BLAa,BLA,283,left,1
7130,7131,2,6718.02,5878.92,2682.4,0.0078125,6946,303,BLAa,BLA,284,left,0
7131,7132,2,6719.04,5881.36,2681.6800000000003,0.32421875,7131,303,BLAa,BLA,284,left,0
7132,7133,2,6719.24,5883.58,2679.7800000000007,0.4609375,7132,303,BLAa,BLA,284,left,0
7133,7134,2,6719.26,5884.72,2678.6399999999994,0.0078125,7133,303,BLAa,BLA,284,left,0
7134,7135,2,6719.66,5888.42,2677.66,0.43359375,7134,303,BLAa,BLA,284,left,0
7135,7136,2,6719.98,5891.46,2676.72,0.4609375,7135,303,BLAa,BLA,284,left,0
7136,7137,2,6720.74,5893.76,2675.9,0.43359375,7136,303,BLAa,BLA,284,left,0
7137,7138,2,6721.38,5895.84,2674.1800000000003,0.54296875,7137,303,BLAa,BLA,284,left,0
7138,7139,2,6766.82,5851.94,2660.58,0.00390625,6957,303,BLAa,BLA,285,left,0
7139,7140,2,6767.6,5850.52,2661.879999999999,0.3515625,7139,303,BLAa,BLA,285,left,0
7140,7141,2,6769.4,5849.06,2663.24,0.40625,7140,303,BLAa,BLA,285,left,0
7141,7142,2,6771.24,5848.18,2664.0599999999995,0.296875,7141,303,BLAa,BLA,285,left,1
7142,7143,2,6762.36,5851.92,2658.92,0.015625,6957,303,BLAa,BLA,286,left,0
7143,7144,2,6760.64,5852.82,2657.4,0.21484375,7143,303,BLAa,BLA,286,left,0
7144,7145,2,6760.2,5853.78,2655.9,0.40625,7144,303,BLAa,BLA,286,left,0
7145,7146,2,6758.76,5854.64,2654.74,0.26953125,7145,303,BLAa,BLA,286,left,0
7146,7147,2,6758.02,5856.32,2653.48,0.40625,7146,303,BLAa,BLA,286,left,0
7147,7148,2,6756.38,5857.92,2652.9,0.43359375,7147,303,BLAa,BLA,286,left,0
7148,7149,2,6754.7,5858.74,2652.5200000000004,0.43359375,7148,303,BLAa,BLA,286,left,0
7149,7150,2,6752.52,5859.9,2652.379999999999,0.01171875,7149,303,BLAa,BLA,286,left,0
7150,7151,2,6750.84,5861.3,2652.620000000001,0.2421875,7150,303,BLAa,BLA,286,left,0
7151,7152,2,6750.22,5863.32,2652.16,0.6484375,7151,303,BLAa,BLA,286,left,0
7152,7153,2,6780.72,5819.28,2637.4400000000005,0.0234375,6980,303,BLAa,BLA,287,left,0
7153,7154,2,6781.0,5821.72,2636.22,0.3515625,7153,303,BLAa,BLA,287,left,0
7154,7155,2,6780.38,5822.18,2634.72,0.40625,7154,303,BLAa,BLA,287,left,0
7155,7156,2,6778.8,5821.92,2633.26,0.37890625,7155,303,BLAa,BLA,287,left,0
7156,7157,2,6777.6,5820.3,2631.5,0.37890625,7156,303,BLAa,BLA,287,left,0
7157,7158,2,6776.06,5819.16,2631.1800000000003,0.32421875,7157,303,BLAa,BLA,287,left,1
7158,7159,2,6780.9,5818.48,2637.1000000000004,0.01953125,6980,303,BLAa,BLA,288,left,0
7159,7160,2,6782.38,5818.46,2634.5599999999995,0.48828125,7159,303,BLAa,BLA,288,left,0
7160,7161,2,6782.74,5818.08,2632.620000000001,0.296875,7160,303,BLAa,BLA,288,left,0
7161,7162,2,6783.88,5817.4,2632.040000000001,0.19140625,7161,303,BLAa,BLA,288,left,0
7162,7163,2,6784.18,5815.44,2631.9,0.26953125,7162,303,BLAa,BLA,288,left,0
7163,7164,2,6784.12,5813.1,2631.82,0.48828125,7163,303,BLAa,BLA,288,left,0
7164,7165,2,6785.7,5811.3,2631.72,0.3515625,7164,303,BLAa,BLA,288,left,0
7165,7166,2,6787.56,5809.48,2631.66,0.296875,7165,303,BLAa,BLA,288,left,0
7166,7167,2,6789.1,5807.56,2631.5599999999995,0.3515625,7166,303,BLAa,BLA,288,left,0
7167,7168,2,6790.62,5806.36,2630.66,0.37890625,7167,303,BLAa,BLA,288,left,0
7168,7169,2,6792.16,5806.16,2628.9,0.5703125,7168,303,BLAa,BLA,288,left,0
7169,7170,2,6793.18,5806.36,2627.3,0.32421875,7169,303,BLAa,BLA,288,left,0
7170,7171,2,6794.64,5805.56,2626.4,0.4609375,7170,303,BLAa,BLA,288,left,0
7171,7172,2,6795.54,5805.02,2625.24,0.37890625,7171,303,BLAa,BLA,288,left,0
7172,7173,2,6796.2,5803.5,2624.24,0.48828125,7172,303,BLAa,BLA,288,left,0
7173,7174,2,6797.34,5802.1,2623.540000000001,0.296875,7173,303,BLAa,BLA,288,left,0
7174,7175,2,6798.92,5801.34,2623.1399999999994,0.32421875,7174,303,BLAa,BLA,288,left,0
7175,7176,2,6799.22,5801.26,2622.34,0.43359375,7175,303,BLAa,BLA,288,left,0
7176,7177,2,6800.58,5800.52,2620.7800000000007,0.32421875,7176,303,BLAa,BLA,288,left,0
7177,7178,2,6800.78,5797.54,2619.7800000000007,0.26953125,7177,303,BLAa,BLA,288,left,0
7178,7179,2,6801.14,5795.42,2619.72,0.3515625,7178,303,BLAa,BLA,288,left,0
7179,7180,2,6801.2,5792.66,2619.879999999999,0.26953125,7179,303,BLAa,BLA,288,left,1
7180,7181,2,6610.56,6154.26,2792.540000000001,0.04296875,7059,303,BLAa,BLA,289,left,0
7181,7182,2,6610.14,6150.86,2793.1000000000004,0.19140625,7181,303,BLAa,BLA,289,left,0
7182,7183,2,6610.32,6148.64,2793.5200000000004,0.3515625,7182,303,BLAa,BLA,289,left,0
7183,7184,2,6611.0,6146.74,2793.76,0.32421875,7183,303,BLAa,BLA,289,left,0
7184,7185,2,6611.74,6144.8,2793.8,0.37890625,7184,303,BLAa,BLA,289,left,0
7185,7186,2,6613.52,6143.06,2793.9,0.2421875,7185,303,BLAa,BLA,289,left,0
7186,7187,2,6614.34,6141.68,2794.26,0.48828125,7186,303,BLAa,BLA,289,left,0
7187,7188,2,6615.2,6140.64,2795.22,0.0078125,7187,703,CTXsp,CTXsp,289,left,0
7188,7189,2,6615.56,6140.1,2797.0,0.2421875,7188,703,CTXsp,CTXsp,289,left,0
7189,7190,2,6616.58,6139.96,2798.32,0.32421875,7189,703,CTXsp,CTXsp,289,left,0
7190,7191,2,6618.1,6139.08,2798.6399999999994,0.2421875,7190,703,CTXsp,CTXsp,289,left,0
7191,7192,2,6619.04,6136.96,2798.4400000000005,0.1640625,7191,703,CTXsp,CTXsp,289,left,0
7192,7193,2,6620.54,6134.48,2798.3600000000006,0.43359375,7192,303,BLAa,BLA,289,left,0
7193,7194,2,6621.3,6133.5,2797.92,0.32421875,7193,303,BLAa,BLA,289,left,0
7194,7195,2,6622.06,6131.1,2797.959999999999,0.32421875,7194,303,BLAa,BLA,289,left,0
7195,7196,2,6622.56,6129.06,2798.34,0.21484375,7195,303,BLAa,BLA,289,left,0
7196,7197,2,6622.84,6126.9,2799.1000000000004,0.32421875,7196,303,BLAa,BLA,289,left,0
7197,7198,2,6623.72,6126.44,2799.26,0.32421875,7197,303,BLAa,BLA,289,left,0
7198,7199,2,6625.8,6126.08,2799.0,0.01171875,7198,303,BLAa,BLA,289,left,0
7199,7200,2,6627.94,6126.86,2798.1800000000003,0.19140625,7199,303,BLAa,BLA,289,left,0
7200,7201,2,6630.42,6126.78,2797.379999999999,0.296875,7200,303,BLAa,BLA,289,left,0
7201,7202,2,6631.2,6126.3,2797.26,0.32421875,7201,303,BLAa,BLA,289,left,0
7202,7203,2,6630.86,6123.9,2795.5200000000004,0.32421875,7202,303,BLAa,BLA,289,left,0
7203,7204,2,6631.3,6122.98,2794.3600000000006,0.3515625,7203,303,BLAa,BLA,289,left,0
7204,7205,2,6610.98,6153.48,2793.620000000001,0.00390625,7059,303,BLAa,BLA,290,left,0
7205,7206,2,6612.42,6152.06,2795.2800000000007,0.296875,7205,703,CTXsp,CTXsp,290,left,0
7206,7207,2,6613.74,6151.28,2796.76,0.32421875,7206,703,CTXsp,CTXsp,290,left,0
7207,7208,2,6615.66,6149.5,2797.8600000000006,0.26953125,7207,703,CTXsp,CTXsp,290,left,0
7208,7209,2,6617.58,6148.54,2798.24,0.2421875,7208,703,CTXsp,CTXsp,290,left,0
7209,7210,2,6619.26,6146.56,2798.58,0.00390625,7209,703,CTXsp,CTXsp,290,left,0
7210,7211,2,6619.84,6143.26,2799.22,0.21484375,7210,703,CTXsp,CTXsp,290,left,0
7211,7212,2,6620.28,6141.02,2800.08,0.4609375,7211,703,CTXsp,CTXsp,290,left,0
7212,7213,2,6620.88,6138.9,2800.58,0.32421875,7212,703,CTXsp,CTXsp,290,left,0
7213,7214,2,6622.16,6138.3,2800.6800000000003,0.32421875,7213,703,CTXsp,CTXsp,290,left,0
7214,7215,2,6624.7,6137.34,2800.58,0.296875,7214,703,CTXsp,CTXsp,290,left,0
7215,7216,2,6626.4,6136.92,2799.620000000001,0.48828125,7215,303,BLAa,BLA,290,left,0
7216,7217,2,6627.96,6136.82,2798.32,0.1640625,7216,303,BLAa,BLA,290,left,0
7217,7218,2,6628.32,6134.84,2796.5,0.2421875,7217,303,BLAa,BLA,290,left,0
7218,7219,2,6628.64,6133.08,2795.7800000000007,0.2421875,7218,303,BLAa,BLA,290,left,0
7219,7220,2,6628.3,6130.24,2795.540000000001,0.4609375,7219,303,BLAa,BLA,290,left,0
7220,7221,2,6627.76,6126.64,2795.24,0.19140625,7220,303,BLAa,BLA,290,left,0
7221,7222,2,6627.34,6123.96,2794.8,0.26953125,7221,303,BLAa,BLA,290,left,0
7222,7223,2,6626.92,6121.7,2793.82,0.48828125,7222,303,BLAa,BLA,290,left,0
7223,7224,2,6626.44,6118.84,2793.1800000000003,0.2421875,7223,303,BLAa,BLA,290,left,0
7224,7225,2,6625.96,6115.42,2793.32,0.48828125,7224,303,BLAa,BLA,290,left,0
7225,7226,2,6625.54,6112.04,2793.0,0.48828125,7225,303,BLAa,BLA,290,left,0
7226,7227,2,6625.88,6110.32,2792.24,0.26953125,7226,303,BLAa,BLA,290,left,0
7227,7228,2,6625.92,6108.28,2790.6399999999994,0.32421875,7227,303,BLAa,BLA,290,left,0
7228,7229,2,6626.3,6106.08,2789.82,0.40625,7228,303,BLAa,BLA,290,left,0
7229,7230,2,6626.08,6103.72,2789.040000000001,0.21484375,7229,303,BLAa,BLA,290,left,0
7230,7231,2,6626.12,6100.52,2789.2800000000007,0.00390625,7230,303,BLAa,BLA,290,left,0
7231,7232,2,6626.74,6098.76,2789.5200000000004,0.59765625,7231,303,BLAa,BLA,290,left,0
7232,7233,2,6628.46,6097.34,2789.72,0.37890625,7232,303,BLAa,BLA,290,left,0
7233,7234,2,6629.98,6095.1,2790.0200000000004,0.3515625,7233,303,BLAa,BLA,290,left,0
7234,7235,2,6630.82,6093.24,2790.22,0.21484375,7234,303,BLAa,BLA,290,left,0
7235,7236,2,6630.9,6090.9,2789.48,0.32421875,7235,303,BLAa,BLA,290,left,0
7236,7237,2,6630.3,6087.26,2788.48,0.296875,7236,303,BLAa,BLA,290,left,0
7237,7238,2,6630.2,6085.62,2788.120000000001,0.37890625,7237,303,BLAa,BLA,290,left,0
7238,7239,2,6631.4,6084.26,2787.540000000001,0.19140625,7238,303,BLAa,BLA,290,left,0
7239,7240,2,6632.62,6082.42,2786.959999999999,0.2421875,7239,303,BLAa,BLA,290,left,0
7240,7241,2,6633.38,6080.98,2786.9,0.32421875,7240,303,BLAa,BLA,290,left,0
7241,7242,2,6635.12,6079.4,2786.6399999999994,0.00390625,7241,303,BLAa,BLA,290,left,0
7242,7243,2,6600.34,6206.14,2809.879999999999,0.48828125,7073,703,CTXsp,CTXsp,291,left,0
7243,7244,2,6602.14,6207.46,2808.82,0.3515625,7243,703,CTXsp,CTXsp,291,left,0
7244,7245,2,6602.9,6208.56,2808.1399999999994,0.296875,7244,703,CTXsp,CTXsp,291,left,0
7245,7246,2,6604.88,6209.5,2807.6800000000003,0.19140625,7245,703,CTXsp,CTXsp,291,left,0
7246,7247,2,6606.44,6209.56,2807.34,0.26953125,7246,703,CTXsp,CTXsp,291,left,1
7247,7248,2,6598.4,6203.0,2812.2000000000007,0.32421875,7073,703,CTXsp,CTXsp,292,left,0
7248,7249,2,6597.0,6201.84,2813.0599999999995,0.1640625,7248,703,CTXsp,CTXsp,292,left,0
7249,7250,2,6595.22,6200.4,2814.1000000000004,0.37890625,7249,703,CTXsp,CTXsp,292,left,0
7250,7251,2,6594.34,6199.4,2815.0599999999995,0.26953125,7250,703,CTXsp,CTXsp,292,left,0
7251,7252,2,6592.86,6199.48,2815.3,0.02734375,7251,703,CTXsp,CTXsp,292,left,0
7252,7253,2,6591.62,6199.4,2816.42,0.296875,7252,703,CTXsp,CTXsp,292,left,0
7253,7254,2,6591.22,6199.24,2820.2000000000007,0.37890625,7253,703,CTXsp,CTXsp,292,left,0
7254,7255,2,6591.3,6198.58,2822.1399999999994,0.6484375,7254,703,CTXsp,CTXsp,292,left,0
7255,7256,2,6592.2,6195.94,2822.8,0.00390625,7255,703,CTXsp,CTXsp,292,left,0
7256,7257,2,6593.28,6193.66,2822.2800000000007,0.37890625,7256,703,CTXsp,CTXsp,292,left,0
7257,7258,2,6594.18,6190.94,2821.620000000001,0.19140625,7257,703,CTXsp,CTXsp,292,left,0
7258,7259,2,6593.8,6187.46,2821.9400000000005,0.296875,7258,703,CTXsp,CTXsp,292,left,0
7259,7260,2,6592.3,6185.84,2822.92,0.26953125,7259,703,CTXsp,CTXsp,292,left,0
7260,7261,2,6590.16,6185.0,2823.6000000000004,0.32421875,7260,703,CTXsp,CTXsp,292,left,0
7261,7262,2,6587.8,6184.12,2823.879999999999,0.2421875,7261,703,CTXsp,CTXsp,292,left,0
7262,7263,2,6586.12,6182.72,2824.42,0.1640625,7262,703,CTXsp,CTXsp,292,left,0
7263,7264,2,6584.86,6181.18,2824.379999999999,0.43359375,7263,703,CTXsp,CTXsp,292,left,0
7264,7265,2,6583.96,6176.84,2824.4400000000005,0.296875,7264,703,CTXsp,CTXsp,292,left,0
7265,7266,2,6583.72,6174.98,2824.879999999999,0.40625,7265,703,CTXsp,CTXsp,292,left,0
7266,7267,2,6582.8,6174.16,2825.66,0.32421875,7266,703,CTXsp,CTXsp,292,left,0
7267,7268,2,6581.42,6174.38,2826.8,0.32421875,7267,703,CTXsp,CTXsp,292,left,0
7268,7269,2,6579.26,6175.82,2827.84,0.37890625,7268,1105,IA,IA,292,left,0
7269,7270,2,6577.9,6176.82,2828.3,0.2421875,7269,1105,IA,IA,292,left,0
7270,7271,2,6575.4,6176.6,2829.1800000000003,0.4609375,7270,1105,IA,IA,292,left,0
7271,7272,2,6572.72,6175.94,2829.72,0.2421875,7271,1105,IA,IA,292,left,0
7272,7273,2,6571.16,6175.86,2830.5,0.32421875,7272,1105,IA,IA,292,left,0
7273,7274,2,6569.32,6175.72,2830.84,0.32421875,7273,1105,IA,IA,292,left,0
7274,7275,2,6567.18,6177.18,2830.8600000000006,0.43359375,7274,1105,IA,IA,292,left,0
7275,7276,2,6565.9,6179.0,2830.6800000000003,0.26953125,7275,1105,IA,IA,292,left,0
7276,7277,2,6565.06,6180.68,2831.16,0.37890625,7276,1105,IA,IA,292,left,0
7277,7278,2,6563.9,6182.62,2831.7000000000007,0.32421875,7277,1105,IA,IA,292,left,0
7278,7279,2,6561.48,6184.12,2832.3,0.40625,7278,1105,IA,IA,292,left,0
7279,7280,2,6560.1,6184.96,2832.879999999999,0.4609375,7279,1105,IA,IA,292,left,0
7280,7281,2,6558.08,6186.96,2834.3,0.00390625,7280,1105,IA,IA,292,left,0
7281,7282,2,6558.7,6188.34,2836.2800000000007,0.1640625,7281,1105,IA,IA,292,left,0
7282,7283,2,6560.22,6188.74,2837.3600000000006,0.43359375,7282,1105,IA,IA,292,left,0
7283,7284,2,6560.86,6190.32,2838.08,0.40625,7283,1105,IA,IA,292,left,0
7284,7285,2,6561.16,6191.36,2839.8600000000006,0.40625,7284,1105,IA,IA,292,left,0
7285,7286,2,6561.1,6191.2,2841.82,0.2421875,7285,1105,IA,IA,292,left,0
7286,7287,2,6560.56,6191.46,2843.040000000001,0.48828125,7286,1105,IA,IA,292,left,1
7287,7288,2,6815.42,5840.78,2580.879999999999,0.0078125,7090,303,BLAa,BLA,293,left,0
7288,7289,2,6815.1,5838.94,2578.9400000000005,0.2421875,7288,303,BLAa,BLA,293,left,0
7289,7290,2,6815.7,5837.7,2577.7000000000007,0.3515625,7289,303,BLAa,BLA,293,left,0
7290,7291,2,6816.82,5837.54,2577.42,0.32421875,7290,303,BLAa,BLA,293,left,1
7291,7292,2,6814.46,5841.2,2580.5200000000004,0.0078125,7090,303,BLAa,BLA,294,left,0
7292,7293,2,6814.08,5841.08,2577.22,0.4609375,7292,303,BLAa,BLA,294,left,0
7293,7294,2,6814.06,5842.26,2575.66,0.2421875,7293,303,BLAa,BLA,294,left,0
7294,7295,2,6814.22,5843.48,2573.84,0.48828125,7294,303,BLAa,BLA,294,left,0
7295,7296,2,6815.3,5844.48,2572.74,0.21484375,7295,303,BLAa,BLA,294,left,0
7296,7297,2,6816.34,5845.64,2570.6000000000004,0.296875,7296,303,BLAa,BLA,294,left,0
7297,7298,2,6817.9,5846.08,2569.5200000000004,0.32421875,7297,303,BLAa,BLA,294,left,0
7298,7299,2,6819.74,5845.0,2567.92,0.3515625,7298,303,BLAa,BLA,294,left,0
7299,7300,2,6820.72,5843.96,2566.82,0.26953125,7299,303,BLAa,BLA,294,left,0
7300,7301,2,6820.98,5843.8,2565.1399999999994,0.296875,7300,303,BLAa,BLA,294,left,0
7301,7302,2,6822.0,5844.4,2563.620000000001,0.48828125,7301,303,BLAa,BLA,294,left,0
7302,7303,2,6823.4,5845.04,2562.1800000000003,0.40625,7302,303,BLAa,BLA,294,left,0
7303,7304,2,6825.2,5845.08,2560.3,0.296875,7303,303,BLAa,BLA,294,left,0
7304,7305,2,6826.84,5844.38,2559.42,0.3515625,7304,303,BLAa,BLA,294,left,0
7305,7306,2,6828.74,5843.7,2558.879999999999,0.296875,7305,303,BLAa,BLA,294,left,0
7306,7307,2,6801.98,5844.78,2611.76,0.37890625,7096,303,BLAa,BLA,295,left,0
7307,7308,2,6800.74,5845.7,2612.22,0.48828125,7307,303,BLAa,BLA,295,left,0
7308,7309,2,6800.72,5848.46,2612.6800000000003,0.296875,7308,303,BLAa,BLA,295,left,0
7309,7310,2,6799.56,5850.22,2612.66,0.43359375,7309,303,BLAa,BLA,295,left,0
7310,7311,2,6797.22,5851.28,2612.5200000000004,0.32421875,7310,303,BLAa,BLA,295,left,0
7311,7312,2,6795.32,5852.72,2612.58,0.296875,7311,303,BLAa,BLA,295,left,0
7312,7313,2,6793.56,5855.0,2612.72,0.4609375,7312,303,BLAa,BLA,295,left,0
7313,7314,2,6792.04,5856.42,2612.620000000001,0.43359375,7313,303,BLAa,BLA,295,left,0
7314,7315,2,6789.44,5857.32,2612.42,0.32421875,7314,303,BLAa,BLA,295,left,0
7315,7316,2,6787.84,5857.82,2612.2800000000007,0.32421875,7315,303,BLAa,BLA,295,left,0
7316,7317,2,6786.14,5857.84,2612.24,0.01953125,7316,303,BLAa,BLA,295,left,0
7317,7318,2,6784.26,5859.48,2612.120000000001,0.4609375,7317,303,BLAa,BLA,295,left,0
7318,7319,2,6782.8,5861.38,2612.2800000000007,0.3515625,7318,303,BLAa,BLA,295,left,0
7319,7320,2,6781.9,5864.6,2613.0599999999995,0.1640625,7319,303,BLAa,BLA,295,left,0
7320,7321,2,6781.8,5866.36,2613.540000000001,0.21484375,7320,303,BLAa,BLA,295,left,0
7321,7322,2,6779.76,5868.44,2613.16,0.2421875,7321,303,BLAa,BLA,295,left,0
7322,7323,2,6778.54,5870.5,2612.72,0.296875,7322,303,BLAa,BLA,295,left,0
7323,7324,2,6776.92,5871.32,2613.8600000000006,0.296875,7323,303,BLAa,BLA,295,left,0
7324,7325,2,6773.96,5871.78,2616.26,0.296875,7324,303,BLAa,BLA,295,left,0
7325,7326,2,6772.48,5872.38,2617.48,0.2421875,7325,303,BLAa,BLA,295,left,0
7326,7327,2,6771.26,5873.1,2617.82,0.32421875,7326,303,BLAa,BLA,295,left,0
7327,7328,2,6769.56,5874.98,2618.1000000000004,0.00390625,7327,303,BLAa,BLA,295,left,0
7328,7329,2,6767.72,5877.14,2617.8,0.37890625,7328,303,BLAa,BLA,295,left,0
7329,7330,2,6766.18,5878.72,2617.42,0.2421875,7329,303,BLAa,BLA,295,left,0
7330,7331,2,6764.8,5879.32,2616.84,0.21484375,7330,303,BLAa,BLA,295,left,1
7331,7332,2,6804.66,5845.14,2610.5599999999995,0.26953125,7096,303,BLAa,BLA,296,left,0
7332,7333,2,6805.16,5847.72,2611.0200000000004,0.4609375,7332,303,BLAa,BLA,296,left,0
7333,7334,2,6805.56,5850.6,2611.0599999999995,0.40625,7333,303,BLAa,BLA,296,left,0
7334,7335,2,6805.88,5852.88,2611.4,0.4609375,7334,303,BLAa,BLA,296,left,0
7335,7336,2,6806.26,5855.76,2611.2800000000007,0.43359375,7335,303,BLAa,BLA,296,left,0
7336,7337,10,6807.46,5856.98,2611.1000000000004,0.015625,7336,303,BLAa,BLA,296,left,0
7337,7338,2,6807.3,5859.84,2612.32,0.43359375,7337,303,BLAa,BLA,296,left,0
7338,7339,2,6806.48,5862.12,2613.1399999999994,0.43359375,7338,303,BLAa,BLA,296,left,0
7339,7340,2,6804.54,5863.7,2613.2800000000007,0.2421875,7339,303,BLAa,BLA,296,left,0
7340,7341,2,6803.14,5864.76,2614.4400000000005,0.40625,7340,303,BLAa,BLA,296,left,0
7341,7342,2,6802.3,5865.18,2616.34,0.4609375,7341,303,BLAa,BLA,296,left,0
7342,7343,2,6801.12,5866.36,2617.16,0.296875,7342,303,BLAa,BLA,296,left,0
7343,7344,2,6800.8,5868.76,2618.620000000001,0.4609375,7343,303,BLAa,BLA,296,left,0
7344,7345,2,6800.32,5869.64,2619.58,0.48828125,7344,303,BLAa,BLA,296,left,0
7345,7346,2,6799.18,5870.6,2619.459999999999,0.0546875,7345,303,BLAa,BLA,296,left,0
7346,7347,2,6799.38,5872.62,2620.24,0.5703125,7346,303,BLAa,BLA,296,left,0
7347,7348,2,6798.8,5876.34,2621.120000000001,0.21484375,7347,303,BLAa,BLA,296,left,0
7348,7349,2,6798.16,5878.48,2621.2800000000007,0.21484375,7348,303,BLAa,BLA,296,left,0
7349,7350,2,6797.48,5879.28,2622.26,0.19140625,7349,303,BLAa,BLA,296,left,0
7350,7351,2,6795.9,5879.8,2622.379999999999,0.2421875,7350,303,BLAa,BLA,296,left,1
7351,7352,2,6718.78,5895.92,2671.5,0.1640625,7138,303,BLAa,BLA,297,left,0
7352,7353,2,6716.98,5894.96,2670.959999999999,0.3515625,7352,303,BLAa,BLA,297,left,0
7353,7354,2,6716.16,5893.22,2670.16,0.2421875,7353,303,BLAa,BLA,297,left,0
7354,7355,2,6715.78,5891.7,2668.540000000001,0.21484375,7354,303,BLAa,BLA,297,left,0
7355,7356,2,6715.4,5890.96,2666.0599999999995,0.32421875,7355,303,BLAa,BLA,297,left,0
7356,7357,2,6714.72,5891.38,2662.72,0.296875,7356,303,BLAa,BLA,297,left,0
7357,7358,2,6713.4,5891.58,2662.16,0.32421875,7357,303,BLAa,BLA,297,left,0
7358,7359,2,6713.28,5895.22,2661.6000000000004,0.32421875,7358,303,BLAa,BLA,297,left,0
7359,7360,2,6712.56,5897.82,2661.120000000001,0.43359375,7359,303,BLAa,BLA,297,left,0
7360,7361,2,6711.4,5900.1,2660.32,0.2421875,7360,303,BLAa,BLA,297,left,0
7361,7362,2,6709.88,5901.6,2659.7800000000007,0.43359375,7361,303,BLAa,BLA,297,left,0
7362,7363,2,6709.68,5903.48,2659.0,0.48828125,7362,303,BLAa,BLA,297,left,0
7363,7364,2,6710.04,5906.46,2658.5599999999995,0.0078125,7363,303,BLAa,BLA,297,left,0
7364,7365,2,6710.64,5910.5,2659.0599999999995,0.2421875,7364,303,BLAa,BLA,297,left,0
7365,7366,2,6711.06,5913.22,2659.5200000000004,0.4609375,7365,303,BLAa,BLA,297,left,0
7366,7367,2,6711.36,5915.44,2659.5,0.40625,7366,303,BLAa,BLA,297,left,0
7367,7368,2,6710.0,5918.96,2658.58,0.48828125,7367,303,BLAa,BLA,297,left,0
7368,7369,2,6710.1,5923.78,2657.82,0.73046875,7368,303,BLAa,BLA,297,left,0
7369,7370,2,6710.32,5925.72,2657.379999999999,0.19140625,7369,303,BLAa,BLA,297,left,0
7370,7371,2,6710.56,5929.9,2656.6000000000004,0.32421875,7370,303,BLAa,BLA,297,left,0
7371,7372,2,6709.64,5931.74,2656.620000000001,0.32421875,7371,303,BLAa,BLA,297,left,0
7372,7373,2,6709.22,5933.68,2656.98,0.00390625,7372,303,BLAa,BLA,297,left,0
7373,7374,2,6709.04,5935.84,2657.82,0.3515625,7373,303,BLAa,BLA,297,left,0
7374,7375,2,6708.08,5936.64,2658.76,0.1640625,7374,303,BLAa,BLA,297,left,0
7375,7376,2,6707.08,5936.98,2660.5,0.32421875,7375,303,BLAa,BLA,297,left,0
7376,7377,2,6705.88,5937.88,2661.26,0.48828125,7376,303,BLAa,BLA,297,left,0
7377,7378,2,6705.34,5939.28,2662.24,0.3515625,7377,303,BLAa,BLA,297,left,0
7378,7379,2,6705.24,5940.54,2663.620000000001,0.2421875,7378,303,BLAa,BLA,297,left,0
7379,7380,2,6703.4,5943.52,2664.0200000000004,0.296875,7379,303,BLAa,BLA,297,left,0
7380,7381,2,6701.9,5944.92,2664.2000000000007,0.40625,7380,303,BLAa,BLA,297,left,0
7381,7382,2,6700.5,5946.54,2664.72,0.40625,7381,303,BLAa,BLA,297,left,0
7382,7383,2,6699.54,5947.84,2665.42,0.1640625,7382,303,BLAa,BLA,297,left,0
7383,7384,2,6698.36,5949.26,2666.620000000001,0.21484375,7383,303,BLAa,BLA,297,left,0
7384,7385,2,6698.14,5950.28,2667.58,0.296875,7384,303,BLAa,BLA,297,left,0
7385,7386,2,6696.74,5950.96,2670.2000000000007,0.32421875,7385,303,BLAa,BLA,297,left,0
7386,7387,2,6695.98,5951.96,2671.7800000000007,0.1640625,7386,303,BLAa,BLA,297,left,0
7387,7388,2,6694.54,5953.06,2672.5599999999995,0.37890625,7387,303,BLAa,BLA,297,left,0
7388,7389,2,6693.12,5954.36,2672.959999999999,0.1640625,7388,303,BLAa,BLA,297,left,0
7389,7390,2,6690.72,5955.48,2672.82,0.2421875,7389,303,BLAa,BLA,297,left,0
7390,7391,2,6688.94,5955.62,2672.32,0.3515625,7390,303,BLAa,BLA,297,left,0
7391,7392,2,6687.36,5955.4,2672.32,0.0078125,7391,303,BLAa,BLA,297,left,0
7392,7393,2,6685.3,5955.68,2672.459999999999,0.32421875,7392,303,BLAa,BLA,297,left,0
7393,7394,2,6683.52,5956.1,2672.1399999999994,0.26953125,7393,303,BLAa,BLA,297,left,0
7394,7395,2,6681.4,5956.34,2671.620000000001,0.78515625,7394,303,BLAa,BLA,297,left,0
7395,7396,2,6680.22,5956.74,2671.1800000000003,0.59765625,7395,303,BLAa,BLA,297,left,0
7396,7397,2,6678.26,5957.7,2671.0,0.48828125,7396,303,BLAa,BLA,297,left,0
7397,7398,2,6676.8,5958.52,2670.879999999999,0.21484375,7397,303,BLAa,BLA,297,left,0
7398,7399,2,6674.34,5959.32,2670.4400000000005,0.0078125,7398,303,BLAa,BLA,297,left,0
7399,7400,2,6671.48,5960.5,2670.2000000000007,0.32421875,7399,303,BLAa,BLA,297,left,0
7400,7401,2,6670.34,5962.96,2669.1000000000004,0.32421875,7400,303,BLAa,BLA,297,left,0
7401,7402,2,6669.86,5964.98,2667.540000000001,0.43359375,7401,303,BLAa,BLA,297,left,0
7402,7403,2,6668.06,5966.86,2667.08,0.43359375,7402,303,BLAa,BLA,297,left,0
7403,7404,2,6666.52,5968.46,2666.98,0.2421875,7403,303,BLAa,BLA,297,left,0
7404,7405,2,6664.56,5969.44,2667.040000000001,0.37890625,7404,303,BLAa,BLA,297,left,0
7405,7406,2,6662.48,5969.92,2666.959999999999,0.32421875,7405,303,BLAa,BLA,297,left,1
7406,7407,2,6721.1,5898.76,2672.5,0.2421875,7138,303,BLAa,BLA,298,left,0
7407,7408,2,6720.98,5903.16,2671.72,0.40625,7407,303,BLAa,BLA,298,left,0
7408,7409,2,6721.16,5904.56,2671.5,0.40625,7408,303,BLAa,BLA,298,left,0
7409,7410,2,6719.68,5908.08,2671.34,0.32421875,7409,303,BLAa,BLA,298,left,0
7410,7411,2,6719.62,5909.4,2671.76,0.67578125,7410,303,BLAa,BLA,298,left,0
7411,7412,2,6720.14,5913.62,2671.42,0.921875,7411,303,BLAa,BLA,298,left,0
7412,7413,2,6720.46,5914.96,2670.4400000000005,0.59765625,7412,303,BLAa,BLA,298,left,0
7413,7414,2,6722.0,5914.9,2669.92,0.3515625,7413,303,BLAa,BLA,298,left,0
7414,7415,2,6723.46,5914.86,2670.5200000000004,0.296875,7414,303,BLAa,BLA,298,left,0
7415,7416,2,6724.64,5915.52,2671.9400000000005,0.4609375,7415,303,BLAa,BLA,298,left,0
7416,7417,2,6725.9,5916.32,2672.7800000000007,0.4609375,7416,303,BLAa,BLA,298,left,0
7417,7418,2,6726.54,5918.48,2673.22,0.4609375,7417,303,BLAa,BLA,298,left,0
7418,7419,2,6726.86,5920.28,2673.92,0.296875,7418,303,BLAa,BLA,298,left,0
7419,7420,2,6725.96,5921.0,2674.16,0.0234375,7419,303,BLAa,BLA,298,left,0
7420,7421,2,6726.28,5923.62,2674.620000000001,0.5703125,7420,303,BLAa,BLA,298,left,0
7421,7422,2,6726.8,5926.3,2674.92,0.48828125,7421,303,BLAa,BLA,298,left,0
7422,7423,2,6727.7,5927.48,2675.5200000000004,0.4609375,7422,303,BLAa,BLA,298,left,1
7423,7424,2,6749.54,5864.06,2651.22,0.19140625,7152,303,BLAa,BLA,299,left,0
7424,7425,2,6747.66,5865.14,2650.58,0.32421875,7424,303,BLAa,BLA,299,left,0
7425,7426,2,6747.16,5866.86,2650.1800000000003,0.54296875,7425,303,BLAa,BLA,299,left,0
7426,7427,2,6747.36,5869.1,2649.1000000000004,0.4609375,7426,303,BLAa,BLA,299,left,0
7427,7428,2,6747.72,5871.8,2648.48,0.32421875,7427,303,BLAa,BLA,299,left,0
7428,7429,2,6748.58,5872.36,2648.6399999999994,0.3515625,7428,303,BLAa,BLA,299,left,1
7429,7430,2,6749.48,5865.68,2653.26,0.00390625,7152,303,BLAa,BLA,300,left,0
7430,7431,2,6748.18,5868.22,2654.6800000000003,0.40625,7430,303,BLAa,BLA,300,left,0
7431,7432,2,6747.5,5869.98,2655.74,1.08203125,7431,303,BLAa,BLA,300,left,0
7432,7433,2,6747.46,5873.04,2655.48,0.26953125,7432,303,BLAa,BLA,300,left,1
7433,7434,2,6632.96,6121.38,2794.92,0.0078125,7204,303,BLAa,BLA,301,left,0
7434,7435,2,6635.12,6119.94,2795.08,0.19140625,7434,303,BLAa,BLA,301,left,0
7435,7436,2,6636.76,6119.26,2794.459999999999,0.4609375,7435,303,BLAa,BLA,301,left,0
7436,7437,2,6638.7,6118.76,2792.8600000000006,0.296875,7436,303,BLAa,BLA,301,left,0
7437,7438,2,6640.2,6117.84,2791.4,0.4609375,7437,303,BLAa,BLA,301,left,0
7438,7439,2,6640.92,6116.6,2790.6399999999994,0.21484375,7438,303,BLAa,BLA,301,left,0
7439,7440,2,6640.84,6113.92,2790.1399999999994,0.1640625,7439,303,BLAa,BLA,301,left,0
7440,7441,2,6640.94,6110.88,2789.120000000001,0.3515625,7440,303,BLAa,BLA,301,left,0
7441,7442,2,6641.98,6109.54,2788.48,0.2421875,7441,303,BLAa,BLA,301,left,0
7442,7443,2,6641.7,6106.4,2787.379999999999,0.3515625,7442,303,BLAa,BLA,301,left,0
7443,7444,2,6641.28,6103.78,2786.7800000000007,0.54296875,7443,303,BLAa,BLA,301,left,0
7444,7445,2,6641.04,6102.52,2786.2000000000007,0.37890625,7444,303,BLAa,BLA,301,left,1
7445,7446,2,6630.52,6122.14,2792.7000000000007,0.2421875,7204,303,BLAa,BLA,302,left,0
7446,7447,2,6629.86,6121.8,2790.1000000000004,0.40625,7446,303,BLAa,BLA,302,left,0
7447,7448,2,6629.24,6121.74,2788.6399999999994,0.48828125,7447,303,BLAa,BLA,302,left,0
7448,7449,2,6627.94,6120.18,2788.040000000001,0.32421875,7448,303,BLAa,BLA,302,left,0
7449,7450,2,6626.78,6117.74,2786.9400000000005,0.2421875,7449,303,BLAa,BLA,302,left,0
7450,7451,2,6625.86,6116.78,2785.3600000000006,0.37890625,7450,303,BLAa,BLA,302,left,0
7451,7452,2,6624.22,6116.82,2784.2800000000007,0.40625,7451,303,BLAa,BLA,302,left,0
7452,7453,2,6622.9,6116.64,2782.74,0.2421875,7452,303,BLAa,BLA,302,left,0
7453,7454,2,6622.7,6115.74,2781.8600000000006,0.32421875,7453,303,BLAa,BLA,302,left,0
7454,7455,2,6621.6,6115.24,2780.7000000000007,0.00390625,7454,303,BLAa,BLA,302,left,0
7455,7456,2,6621.26,6114.78,2778.92,0.40625,7455,303,BLAa,BLA,302,left,0
7456,7457,2,6621.8,6114.84,2778.08,0.1640625,7456,303,BLAa,BLA,302,left,0
7457,7458,2,6623.36,6115.82,2776.4,0.296875,7457,303,BLAa,BLA,302,left,0
7458,7459,2,6625.12,6116.52,2775.3,0.2421875,7458,303,BLAa,BLA,302,left,0
7459,7460,2,6626.72,6116.48,2774.2800000000007,0.37890625,7459,303,BLAa,BLA,302,left,0
7460,7461,2,6629.46,6116.4,2772.9400000000005,0.32421875,7460,303,BLAa,BLA,302,left,0
7461,7462,2,6630.3,6116.54,2771.9400000000005,0.32421875,7461,303,BLAa,BLA,302,left,0
7462,7463,2,6632.22,6116.76,2770.92,0.0078125,7462,303,BLAa,BLA,302,left,0
7463,7464,2,6633.62,6116.38,2770.16,0.37890625,7463,303,BLAa,BLA,302,left,0
7464,7465,2,6634.64,6114.82,2770.120000000001,0.296875,7464,303,BLAa,BLA,302,left,0
7465,7466,2,6635.76,6112.74,2770.379999999999,0.3515625,7465,303,BLAa,BLA,302,left,0
7466,7467,2,6637.12,6110.7,2770.4400000000005,0.19140625,7466,303,BLAa,BLA,302,left,0
7467,7468,2,6637.64,6108.9,2770.1000000000004,0.26953125,7467,303,BLAa,BLA,302,left,0
7468,7469,2,6638.56,6106.22,2769.2800000000007,0.296875,7468,303,BLAa,BLA,302,left,0
7469,7470,2,6640.02,6105.26,2768.42,0.296875,7469,303,BLAa,BLA,302,left,0
7470,7471,2,6640.44,6103.98,2766.84,0.26953125,7470,303,BLAa,BLA,302,left,0
7471,7472,2,6640.52,6102.86,2765.48,0.19140625,7471,303,BLAa,BLA,302,left,0
7472,7473,2,6641.9,6102.46,2765.34,0.32421875,7472,303,BLAa,BLA,302,left,1
7473,7474,2,6634.6,6077.2,2787.0200000000004,0.32421875,7242,303,BLAa,BLA,303,left,0
7474,7475,2,6635.04,6074.46,2787.4,0.32421875,7474,303,BLAa,BLA,303,left,0
7475,7476,2,6636.06,6071.82,2787.72,0.21484375,7475,303,BLAa,BLA,303,left,0
7476,7477,2,6637.14,6069.88,2786.74,0.296875,7476,303,BLAa,BLA,303,left,0
7477,7478,2,6638.3,6069.0,2785.48,0.48828125,7477,303,BLAa,BLA,303,left,0
7478,7479,2,6640.28,6068.48,2784.2800000000007,0.32421875,7478,303,BLAa,BLA,303,left,0
7479,7480,2,6641.26,6068.04,2783.8600000000006,0.1640625,7479,303,BLAa,BLA,303,left,0
7480,7481,2,6641.18,6066.74,2783.0599999999995,0.26953125,7480,303,BLAa,BLA,303,left,0
7481,7482,2,6641.16,6064.28,2783.08,0.32421875,7481,303,BLAa,BLA,303,left,0
7482,7483,2,6642.32,6062.74,2783.16,0.21484375,7482,303,BLAa,BLA,303,left,0
7483,7484,2,6643.46,6060.7,2783.32,0.00390625,7483,303,BLAa,BLA,303,left,0
7484,7485,2,6643.16,6056.5,2783.959999999999,0.5703125,7484,303,BLAa,BLA,303,left,0
7485,7486,2,6642.78,6054.32,2783.34,0.43359375,7485,303,BLAa,BLA,303,left,0
7486,7487,2,6642.44,6052.12,2784.24,0.43359375,7486,303,BLAa,BLA,303,left,0
7487,7488,2,6641.66,6051.84,2785.5599999999995,0.296875,7487,303,BLAa,BLA,303,left,0
7488,7489,2,6641.62,6052.64,2786.98,0.32421875,7488,303,BLAa,BLA,303,left,0
7489,7490,2,6640.44,6054.06,2787.72,0.1640625,7489,303,BLAa,BLA,303,left,0
7490,7491,2,6639.22,6055.5,2789.2000000000007,0.00390625,7490,303,BLAa,BLA,303,left,0
7491,7492,2,6638.52,6057.0,2790.32,0.4609375,7491,303,BLAa,BLA,303,left,0
7492,7493,2,6636.86,6058.54,2791.84,0.48828125,7492,303,BLAa,BLA,303,left,0
7493,7494,2,6635.3,6059.72,2792.4400000000005,0.1640625,7493,303,BLAa,BLA,303,left,0
7494,7495,2,6633.6,6061.24,2793.1399999999994,0.296875,7494,303,BLAa,BLA,303,left,0
7495,7496,2,6631.78,6063.68,2793.4400000000005,0.296875,7495,303,BLAa,BLA,303,left,0
7496,7497,2,6631.26,6065.5,2794.3,0.19140625,7496,303,BLAa,BLA,303,left,0
7497,7498,2,6630.86,6067.64,2795.1399999999994,0.703125,7497,303,BLAa,BLA,303,left,0
7498,7499,2,6630.62,6068.64,2796.8,0.26953125,7498,303,BLAa,BLA,303,left,0
7499,7500,2,6629.84,6069.64,2798.040000000001,0.19140625,7499,303,BLAa,BLA,303,left,0
7500,7501,2,6628.6,6070.0,2799.4,0.4609375,7500,303,BLAa,BLA,303,left,0
7501,7502,2,6628.08,6070.18,2801.26,0.94921875,7501,303,BLAa,BLA,303,left,0
7502,7503,2,6627.2,6070.3,2802.0200000000004,0.3515625,7502,303,BLAa,BLA,303,left,0
7503,7504,2,6625.38,6070.4,2802.040000000001,0.32421875,7503,303,BLAa,BLA,303,left,0
7504,7505,2,6624.04,6071.68,2801.92,0.59765625,7504,303,BLAa,BLA,303,left,0
7505,7506,2,6623.82,6073.16,2802.16,0.48828125,7505,303,BLAa,BLA,303,left,0
7506,7507,2,6622.42,6073.48,2802.3,0.43359375,7506,303,BLAa,BLA,303,left,0
7507,7508,2,6621.14,6073.14,2802.9400000000005,0.00390625,7507,303,BLAa,BLA,303,left,1
7508,7509,2,6637.02,6078.18,2785.879999999999,0.37890625,7242,303,BLAa,BLA,304,left,0
7509,7510,2,6637.2,6076.78,2784.16,0.4609375,7509,303,BLAa,BLA,304,left,0
7510,7511,2,6637.04,6076.68,2782.620000000001,0.2421875,7510,303,BLAa,BLA,304,left,0
7511,7512,2,6637.84,6078.78,2781.959999999999,0.1640625,7511,303,BLAa,BLA,304,left,0
7512,7513,2,6639.18,6080.28,2782.0200000000004,0.296875,7512,303,BLAa,BLA,304,left,0
7513,7514,2,6640.42,6085.96,2781.42,0.296875,7513,303,BLAa,BLA,304,left,0
7514,7515,2,6640.8,6088.46,2781.6000000000004,0.2421875,7514,303,BLAa,BLA,304,left,0
7515,7516,2,6640.98,6091.08,2782.6000000000004,0.43359375,7515,303,BLAa,BLA,304,left,0
7516,7517,2,6640.52,6092.16,2783.0200000000004,0.54296875,7516,303,BLAa,BLA,304,left,0
7517,7518,2,6640.5,6094.88,2783.5599999999995,0.21484375,7517,303,BLAa,BLA,304,left,0
7518,7519,2,6639.96,6095.6,2783.7000000000007,0.32421875,7518,303,BLAa,BLA,304,left,0
7519,7520,2,6638.94,6096.54,2783.24,0.03515625,7519,303,BLAa,BLA,304,left,0
7520,7521,2,6639.0,6098.9,2781.879999999999,0.40625,7520,303,BLAa,BLA,304,left,0
7521,7522,2,6639.44,6102.84,2779.3600000000006,0.48828125,7521,303,BLAa,BLA,304,left,0
7522,7523,2,6640.4,6104.86,2778.379999999999,0.48828125,7522,303,BLAa,BLA,304,left,0
7523,7524,2,6641.64,6106.22,2777.22,0.43359375,7523,303,BLAa,BLA,304,left,0
7524,7525,2,6641.7,6106.76,2775.66,0.26953125,7524,303,BLAa,BLA,304,left,0
7525,7526,2,6641.68,6108.7,2773.620000000001,0.48828125,7525,303,BLAa,BLA,304,left,0
7526,7527,2,6641.18,6110.36,2772.22,0.21484375,7526,303,BLAa,BLA,304,left,0
7527,7528,2,6641.26,6112.62,2770.16,0.1640625,7527,303,BLAa,BLA,304,left,0
7528,7529,2,6642.2,6115.18,2769.32,0.48828125,7528,303,BLAa,BLA,304,left,0
7529,7530,2,6642.32,6117.14,2769.3600000000006,0.48828125,7529,303,BLAa,BLA,304,left,0
7530,7531,2,6641.06,6118.0,2769.459999999999,0.32421875,7530,303,BLAa,BLA,304,left,0
7531,7532,2,6638.18,6119.92,2768.98,0.37890625,7531,303,BLAa,BLA,304,left,0
7532,7533,2,6636.92,6122.28,2768.8,0.43359375,7532,303,BLAa,BLA,304,left,0
7533,7534,2,6636.06,6123.5,2769.0,0.19140625,7533,303,BLAa,BLA,304,left,0
7534,7535,2,6634.88,6124.94,2770.66,0.48828125,7534,303,BLAa,BLA,304,left,0
7535,7536,2,6634.3,6125.26,2771.120000000001,0.0078125,7535,303,BLAa,BLA,304,left,1
7536,7537,2,6829.04,5843.32,2557.22,0.00390625,7306,303,BLAa,BLA,305,left,0
7537,7538,2,6829.26,5843.86,2554.82,0.19140625,7537,303,BLAa,BLA,305,left,0
7538,7539,2,6829.96,5843.52,2552.98,0.296875,7538,303,BLAa,BLA,305,left,0
7539,7540,2,6831.2,5843.94,2550.7800000000007,0.40625,7539,303,BLAa,BLA,305,left,0
7540,7541,2,6833.7,5844.14,2549.540000000001,0.48828125,7540,303,BLAa,BLA,305,left,0
7541,7542,2,6834.96,5844.54,2549.1000000000004,0.2421875,7541,303,BLAa,BLA,305,left,0
7542,7543,2,6836.84,5844.38,2548.6800000000003,0.015625,7542,303,BLAa,BLA,305,left,0
7543,7544,2,6839.58,5843.96,2548.2000000000007,0.32421875,7543,303,BLAa,BLA,305,left,0
7544,7545,2,6841.62,5843.5,2547.5599999999995,0.26953125,7544,303,BLAa,BLA,305,left,0
7545,7546,2,6842.96,5842.72,2546.66,0.48828125,7545,303,BLAa,BLA,305,left,0
7546,7547,2,6845.2,5841.9,2546.32,0.1640625,7546,303,BLAa,BLA,305,left,0
7547,7548,2,6846.44,5840.5,2546.2000000000007,0.40625,7547,303,BLAa,BLA,305,left,0
7548,7549,2,6846.34,5838.68,2546.1399999999994,0.26953125,7548,303,BLAa,BLA,305,left,0
7549,7550,2,6845.96,5836.3,2545.6399999999994,0.2421875,7549,303,BLAa,BLA,305,left,0
7550,7551,2,6845.62,5833.64,2545.72,0.4609375,7550,303,BLAa,BLA,305,left,0
7551,7552,2,6845.28,5830.32,2546.5200000000004,0.4609375,7551,303,BLAa,BLA,305,left,0
7552,7553,2,6844.5,5827.06,2547.82,0.26953125,7552,303,BLAa,BLA,305,left,0
7553,7554,2,6843.78,5825.48,2548.5599999999995,0.43359375,7553,303,BLAa,BLA,305,left,0
7554,7555,2,6843.02,5824.26,2549.6800000000003,0.26953125,7554,303,BLAa,BLA,305,left,0
7555,7556,2,6840.34,5824.42,2549.74,0.32421875,7555,303,BLAa,BLA,305,left,0
7556,7557,2,6838.12,5824.06,2549.92,0.21484375,7556,303,BLAa,BLA,305,left,0
7557,7558,2,6836.82,5824.1,2550.72,0.37890625,7557,303,BLAa,BLA,305,left,0
7558,7559,2,6834.74,5824.74,2551.8,0.4609375,7558,303,BLAa,BLA,305,left,0
7559,7560,2,6833.48,5826.12,2552.459999999999,0.32421875,7559,303,BLAa,BLA,305,left,1
7560,7561,2,6830.06,5841.86,2558.4400000000005,0.00390625,7306,303,BLAa,BLA,306,left,0
7561,7562,2,6831.22,5840.08,2558.040000000001,0.21484375,7561,303,BLAa,BLA,306,left,0
7562,7563,2,6832.44,5839.2,2557.7000000000007,0.21484375,7562,303,BLAa,BLA,306,left,0
7563,7564,2,6834.26,5838.8,2556.9400000000005,0.21484375,7563,303,BLAa,BLA,306,left,0
7564,7565,2,6834.98,5838.2,2556.0,0.515625,7564,303,BLAa,BLA,306,left,0
7565,7566,2,6836.12,5838.9,2553.879999999999,0.1640625,7565,303,BLAa,BLA,306,left,0
7566,7567,2,6837.44,5840.86,2552.3600000000006,0.37890625,7566,303,BLAa,BLA,306,left,0
7567,7568,2,6839.38,5842.7,2551.2000000000007,0.3515625,7567,303,BLAa,BLA,306,left,0
7568,7569,2,6840.3,5843.26,2550.2800000000007,0.40625,7568,303,BLAa,BLA,306,left,0
7569,7570,2,6842.14,5843.72,2549.6399999999994,0.015625,7569,303,BLAa,BLA,306,left,0
7570,7571,2,6844.6,5843.68,2549.4400000000005,0.32421875,7570,303,BLAa,BLA,306,left,0
7571,7572,2,6847.0,5842.96,2548.9400000000005,0.00390625,7571,303,BLAa,BLA,306,left,1
