,ID,type,AP,DV,ML,R,parent,area_ID,area_name,name_use,bratch_ID,side,terminal
0,1,1,6872.14,5814.719999999999,2658.84,2.98046875,-1,303,BLAa,BLA,1,left,0
1,2,2,6871.4,5812.380000000001,2659.220000000001,1.734375,1,303,BLAa,BLA,1,left,0
2,3,2,6869.56,5810.56,2658.8,1.24609375,2,303,BLAa,BLA,1,left,0
3,4,2,6869.02,5809.42,2657.26,0.4609375,3,303,BLAa,BLA,1,left,0
4,5,2,6868.66,5806.88,2656.32,0.54296875,4,303,BLAa,BLA,1,left,0
5,6,2,6868.360000000001,5804.099999999999,2656.16,0.515625,5,303,BLAa,BLA,1,left,0
6,7,2,6867.820000000001,5800.0,2654.9400000000005,0.515625,6,303,BLAa,BLA,1,left,0
7,8,3,6871.219999999999,5813.84,2659.0200000000004,0.5,1,303,BLAa,BLA,2,left,0
8,9,3,6870.299999999999,5812.98,2659.199999999999,0.5,8,303,BLAa,BLA,2,left,0
9,10,3,6869.360000000001,5812.1,2659.3600000000006,0.5,9,303,BLAa,BLA,2,left,0
10,11,3,6868.4400000000005,5811.219999999999,2659.539999999999,0.5,10,303,BLAa,BLA,2,left,0
11,12,3,6867.52,5810.36,2659.72,0.5,11,303,BLAa,BLA,2,left,0
12,13,3,6866.58,5809.48,2659.880000000001,0.5,12,303,BLAa,BLA,2,left,0
13,14,3,6865.66,5808.6,2660.0599999999995,0.5,13,303,BLAa,BLA,2,left,0
14,15,3,6864.52,5804.740000000001,2660.7000000000007,0.00390625,14,303,BLAa,BLA,2,left,0
15,16,3,6863.84,5801.900000000001,2660.74,0.4609375,15,303,BLAa,BLA,2,left,0
16,17,3,6863.42,5798.12,2660.32,0.6484375,16,303,BLAa,BLA,2,left,0
17,18,3,6862.68,5795.1,2659.120000000001,0.83984375,17,303,BLAa,BLA,2,left,0
18,19,3,6861.7,5793.379999999999,2658.540000000001,0.59765625,18,303,BLAa,BLA,2,left,0
19,20,3,6861.06,5789.679999999999,2657.74,0.94921875,19,303,BLAa,BLA,2,left,0
20,21,3,6873.0,5815.24,2659.3,0.5,1,303,BLAa,BLA,3,left,0
21,22,3,6873.86,5815.74,2659.779999999999,0.5,21,303,BLAa,BLA,3,left,0
22,23,3,6874.700000000001,5816.26,2660.24,0.5,22,303,BLAa,BLA,3,left,0
23,24,3,6875.56,5816.78,2660.7000000000007,0.5,23,303,BLAa,BLA,3,left,0
24,25,3,6876.4,5817.28,2661.16,0.5,24,303,BLAa,BLA,3,left,0
25,26,3,6877.26,5817.799999999999,2661.6399999999994,0.5,25,303,BLAa,BLA,3,left,0
26,27,3,6879.299999999999,5817.66,2662.48,0.00390625,26,303,BLAa,BLA,3,left,0
27,28,3,6872.9,5815.8,2658.98,0.5,1,303,BLAa,BLA,4,left,0
28,29,3,6873.66,5816.900000000001,2659.1399999999994,0.5,28,303,BLAa,BLA,4,left,0
29,30,3,6874.400000000001,5818.0,2659.2800000000007,0.5,29,303,BLAa,BLA,4,left,0
30,31,3,6875.16,5819.08,2659.4399999999987,0.5,30,303,BLAa,BLA,4,left,0
31,32,3,6875.92,5820.18,2659.58,0.5,31,303,BLAa,BLA,4,left,0
32,33,3,6876.660000000001,5821.26,2659.74,0.5,32,303,BLAa,BLA,4,left,0
33,34,3,6877.42,5822.36,2659.880000000001,0.5,33,303,BLAa,BLA,4,left,0
34,35,3,6878.18,5823.46,2660.040000000001,0.5,34,303,BLAa,BLA,4,left,0
35,36,3,6878.92,5824.539999999999,2660.1800000000003,0.5,35,303,BLAa,BLA,4,left,0
36,37,3,6881.84,5825.0,2659.779999999999,0.02734375,36,303,BLAa,BLA,4,left,0
37,38,3,6882.799999999999,5825.22,2658.5200000000004,0.5703125,37,303,BLAa,BLA,4,left,0
38,39,3,6883.12,5826.56,2657.24,0.73046875,38,303,BLAa,BLA,4,left,0
39,40,3,6885.14,5829.0,2655.8600000000006,0.83984375,39,303,BLAa,BLA,4,left,0
40,41,3,6886.620000000001,5829.9,2654.379999999999,0.43359375,40,303,BLAa,BLA,4,left,0
41,42,3,6888.28,5830.639999999999,2653.379999999999,0.5703125,41,303,BLAa,BLA,4,left,0
42,43,3,6891.96,5831.38,2652.6399999999994,0.8671875,42,303,BLAa,BLA,4,left,0
43,44,3,6894.22,5831.96,2652.42,0.40625,43,303,BLAa,BLA,4,left,0
44,45,3,6895.34,5833.56,2651.960000000001,0.48828125,44,303,BLAa,BLA,4,left,0
45,46,3,6897.36,5834.06,2651.08,0.40625,45,303,BLAa,BLA,4,left,0
46,47,3,6900.460000000001,5834.299999999999,2650.2000000000007,0.32421875,46,303,BLAa,BLA,4,left,0
47,48,3,6902.06,5834.44,2650.1000000000004,0.32421875,47,303,BLAa,BLA,4,left,1
48,49,3,6872.02,5814.120000000001,2658.120000000001,0.5,1,303,BLAa,BLA,5,left,0
49,50,3,6871.900000000001,5813.540000000001,2657.42,0.5,49,303,BLAa,BLA,5,left,0
50,51,3,6871.78,5812.94,2656.699999999999,0.5,50,303,BLAa,BLA,5,left,0
51,52,3,6871.660000000001,5812.36,2655.98,0.5,51,303,BLAa,BLA,5,left,0
52,53,3,6871.54,5811.76,2655.2800000000007,0.5,52,303,BLAa,BLA,5,left,0
53,54,3,6871.16,5809.86,2654.400000000001,0.0078125,53,303,BLAa,BLA,5,left,0
54,55,3,6870.8,5808.24,2652.8,0.515625,54,303,BLAa,BLA,5,left,0
55,56,3,6871.24,5807.88,2651.6399999999994,0.37890625,55,303,BLAa,BLA,5,left,0
56,57,3,6872.58,5807.759999999999,2651.1399999999994,0.5703125,56,303,BLAa,BLA,5,left,0
57,58,3,6872.72,5806.26,2650.0,0.83984375,57,303,BLAa,BLA,5,left,0
58,59,3,6871.94,5815.92,2659.2800000000007,0.5,1,303,BLAa,BLA,6,left,0
59,60,3,6871.74,5817.1,2659.7000000000007,0.5,59,303,BLAa,BLA,6,left,0
60,61,3,6871.54,5818.3,2660.1399999999994,0.5,60,303,BLAa,BLA,6,left,0
61,62,3,6871.34,5819.48,2660.58,0.5,61,303,BLAa,BLA,6,left,0
62,63,3,6871.14,5820.68,2661.0200000000004,0.5,62,303,BLAa,BLA,6,left,0
63,64,3,6870.9400000000005,5821.860000000001,2661.459999999999,0.5,63,303,BLAa,BLA,6,left,0
64,65,3,6870.74,5823.06,2661.879999999999,0.5,64,303,BLAa,BLA,6,left,0
65,66,3,6870.54,5824.26,2662.32,0.5,65,303,BLAa,BLA,6,left,0
66,67,3,6870.34,5825.460000000001,2662.76,0.5,66,303,BLAa,BLA,6,left,0
67,68,3,6870.14,5826.639999999999,2663.2000000000007,0.5,67,303,BLAa,BLA,6,left,0
68,69,3,6869.92,5827.84,2663.6399999999994,0.5,68,303,BLAa,BLA,6,left,0
69,70,3,6869.719999999999,5829.04,2664.08,0.5,69,303,BLAa,BLA,6,left,0
70,71,3,6869.42,5829.22,2665.74,0.01171875,70,303,BLAa,BLA,6,left,0
71,72,3,6867.92,5829.6,2666.6800000000003,0.5703125,71,303,BLAa,BLA,6,left,0
72,73,3,6866.24,5830.879999999999,2667.24,0.83984375,72,303,BLAa,BLA,6,left,0
73,74,3,6864.9,5832.34,2668.34,0.54296875,73,303,BLAa,BLA,6,left,0
74,75,3,6864.52,5834.38,2669.98,0.67578125,74,303,BLAa,BLA,6,left,0
75,76,3,6864.360000000001,5835.860000000001,2670.2800000000007,0.73046875,75,303,BLAa,BLA,6,left,0
76,77,3,6862.960000000001,5836.24,2670.5,0.6484375,76,303,BLAa,BLA,6,left,0
77,78,3,6872.0,5815.76,2659.460000000001,0.5,1,303,BLAa,BLA,7,left,0
78,79,3,6871.860000000001,5816.78,2660.1000000000004,0.5,78,303,BLAa,BLA,7,left,0
79,80,3,6871.74,5817.820000000001,2660.74,0.5,79,303,BLAa,BLA,7,left,0
80,81,3,6871.599999999999,5818.86,2661.3600000000006,0.5,80,303,BLAa,BLA,7,left,0
81,82,3,6871.459999999999,5819.9,2662.0,0.5,81,303,BLAa,BLA,7,left,0
82,83,3,6871.32,5820.9400000000005,2662.6399999999994,0.5,82,303,BLAa,BLA,7,left,0
83,84,3,6871.18,5821.98,2663.26,0.5,83,303,BLAa,BLA,7,left,0
84,85,3,6871.06,5823.02,2663.9,0.5,84,303,BLAa,BLA,7,left,0
85,86,3,6870.92,5824.06,2664.5200000000004,0.5,85,303,BLAa,BLA,7,left,0
86,87,3,6870.78,5825.1,2665.16,0.5,86,303,BLAa,BLA,7,left,0
87,88,3,6870.639999999999,5826.12,2665.800000000001,0.5,87,303,BLAa,BLA,7,left,0
88,89,3,6870.5,5827.16,2666.42,0.5,88,303,BLAa,BLA,7,left,0
89,90,3,6867.9,5827.34,2666.82,0.015625,89,303,BLAa,BLA,7,left,0
90,91,3,6864.76,5827.179999999999,2667.8,0.43359375,90,303,BLAa,BLA,7,left,0
91,92,3,6863.16,5827.200000000001,2669.0599999999995,0.7578125,91,303,BLAa,BLA,7,left,0
92,93,3,6861.82,5827.42,2671.1000000000004,0.4609375,92,303,BLAa,BLA,7,left,0
93,94,3,6860.599999999999,5827.039999999999,2672.8599999999988,0.5703125,93,303,BLAa,BLA,7,left,0
94,95,3,6859.400000000001,5825.8,2674.0,0.7578125,94,303,BLAa,BLA,7,left,0
95,96,3,6858.719999999999,5823.58,2674.98,0.37890625,95,303,BLAa,BLA,7,left,0
96,97,3,6857.4400000000005,5821.4,2676.42,0.26953125,96,303,BLAa,BLA,7,left,0
97,98,3,6855.76,5819.28,2678.0,0.59765625,97,303,BLAa,BLA,7,left,0
98,99,3,6855.44,5817.54,2678.9400000000005,0.6484375,98,303,BLAa,BLA,7,left,0
99,100,3,6854.76,5813.62,2679.619999999999,0.0078125,99,303,BLAa,BLA,7,left,0
100,101,3,6852.759999999999,5811.4400000000005,2680.119999999999,0.48828125,100,303,BLAa,BLA,7,left,0
101,102,3,6851.219999999999,5808.719999999999,2681.0599999999995,0.921875,101,303,BLAa,BLA,7,left,0
102,103,3,6849.78,5805.96,2682.24,0.48828125,102,303,BLAa,BLA,7,left,0
103,104,3,6848.46,5802.200000000001,2683.74,0.8125,103,303,BLAa,BLA,7,left,0
104,105,3,6847.72,5800.58,2684.08,0.3515625,104,303,BLAa,BLA,7,left,0
105,106,3,6846.3,5800.34,2684.199999999999,0.59765625,105,303,BLAa,BLA,7,left,0
106,107,3,6845.36,5797.74,2686.22,0.0078125,106,303,BLAa,BLA,7,left,0
107,108,3,6844.52,5795.16,2687.1000000000004,0.48828125,107,303,BLAa,BLA,7,left,0
108,109,3,6844.360000000001,5792.68,2687.8599999999988,0.54296875,108,303,BLAa,BLA,7,left,0
109,110,3,6843.18,5791.12,2688.26,0.9765625,109,303,BLAa,BLA,7,left,0
110,111,3,6841.280000000001,5790.879999999999,2688.66,0.62109375,110,303,BLAa,BLA,7,left,0
111,112,3,6840.76,5790.879999999999,2689.619999999999,0.7578125,111,303,BLAa,BLA,7,left,1
112,113,2,6867.94,5797.1,2653.7000000000007,0.26953125,7,303,BLAa,BLA,8,left,0
113,114,2,6868.92,5796.14,2652.0599999999995,0.26953125,113,303,BLAa,BLA,8,left,0
114,115,2,6868.780000000001,5791.92,2649.16,0.3515625,114,303,BLAa,BLA,8,left,0
115,116,2,6868.56,5790.320000000001,2648.6000000000004,0.26953125,115,303,BLAa,BLA,8,left,0
116,117,2,6866.219999999999,5785.82,2648.039999999999,0.1640625,116,303,BLAa,BLA,8,left,0
117,118,2,6865.259999999999,5782.88,2647.380000000001,0.1640625,117,303,BLAa,BLA,8,left,0
118,119,2,6864.58,5779.26,2646.82,0.48828125,118,303,BLAa,BLA,8,left,0
119,120,2,6870.14,5801.68,2654.5200000000004,0.0078125,7,303,BLAa,BLA,9,left,0
120,121,2,6871.94,5802.6,2653.5599999999995,0.37890625,120,303,BLAa,BLA,9,left,0
121,122,2,6872.64,5803.62,2652.3600000000006,0.21484375,121,303,BLAa,BLA,9,left,1
122,123,3,6860.9400000000005,5787.0,2658.9,0.0078125,20,303,BLAa,BLA,10,left,0
123,124,3,6861.18,5786.599999999999,2661.26,0.515625,123,303,BLAa,BLA,10,left,0
124,125,3,6862.02,5785.72,2662.42,0.67578125,124,303,BLAa,BLA,10,left,0
125,126,3,6860.62,5788.099999999999,2655.0,0.00390625,20,303,BLAa,BLA,11,left,0
126,127,3,6861.08,5787.34,2653.379999999999,0.515625,126,303,BLAa,BLA,11,left,0
127,128,3,6861.14,5785.2,2651.7800000000007,0.48828125,127,303,BLAa,BLA,11,left,0
128,129,3,6861.12,5782.28,2650.3599999999988,0.00390625,128,303,BLAa,BLA,11,left,0
129,130,3,6862.179999999999,5779.76,2649.120000000001,0.2421875,129,303,BLAa,BLA,11,left,0
130,131,3,6862.36,5778.18,2647.34,0.515625,130,303,BLAa,BLA,11,left,0
131,132,3,6862.06,5776.660000000001,2645.48,0.43359375,131,303,BLAa,BLA,11,left,0
132,133,3,6862.380000000001,5774.740000000001,2644.779999999999,0.48828125,132,303,BLAa,BLA,11,left,0
133,134,3,6862.84,5772.039999999999,2643.5,0.0078125,133,303,BLAa,BLA,11,left,0
134,135,3,6863.5,5771.24,2642.279999999999,0.5703125,134,303,BLAa,BLA,11,left,0
135,136,3,6863.24,5769.2,2641.5200000000004,0.32421875,135,303,BLAa,BLA,11,left,0
136,137,3,6862.799999999999,5766.06,2640.34,0.37890625,136,303,BLAa,BLA,11,left,0
137,138,3,6862.74,5764.04,2638.7000000000007,0.67578125,137,303,BLAa,BLA,11,left,0
138,139,3,6863.360000000001,5762.72,2637.48,0.515625,138,303,BLAa,BLA,11,left,0
139,140,3,6864.9400000000005,5761.0,2635.72,0.515625,139,303,BLAa,BLA,11,left,0
140,141,3,6866.02,5759.84,2634.379999999999,0.515625,140,303,BLAa,BLA,11,left,0
141,142,3,6865.900000000001,5756.620000000001,2632.960000000001,0.515625,141,303,BLAa,BLA,11,left,0
142,143,3,6865.58,5754.06,2632.5,0.67578125,142,303,BLAa,BLA,11,left,0
143,144,3,6865.34,5751.599999999999,2630.5999999999985,0.00390625,143,303,BLAa,BLA,11,left,0
144,145,3,6866.54,5750.76,2630.0599999999995,0.515625,144,303,BLAa,BLA,11,left,0
145,146,3,6867.240000000001,5748.86,2628.82,0.43359375,145,303,BLAa,BLA,11,left,0
146,147,3,6867.88,5747.16,2627.5,0.48828125,146,303,BLAa,BLA,11,left,0
147,148,3,6867.72,5745.8,2626.2800000000007,0.48828125,147,303,BLAa,BLA,11,left,0
148,149,3,6867.3,5743.12,2624.9,0.54296875,148,303,BLAa,BLA,11,left,0
149,150,3,6867.32,5740.460000000001,2623.7000000000007,0.48828125,149,303,BLAa,BLA,11,left,0
150,151,3,6867.759999999999,5739.32,2622.4400000000005,0.48828125,150,303,BLAa,BLA,11,left,0
151,152,3,6867.759999999999,5737.74,2620.4,0.32421875,151,303,BLAa,BLA,11,left,0
152,153,3,6868.339999999999,5736.78,2619.619999999999,0.54296875,152,303,BLAa,BLA,11,left,0
153,154,3,6868.139999999999,5734.679999999999,2618.0200000000004,0.515625,153,303,BLAa,BLA,11,left,0
154,155,3,6868.28,5733.84,2616.76,0.43359375,154,303,BLAa,BLA,11,left,0
155,156,3,6869.38,5733.46,2615.42,0.40625,155,303,BLAa,BLA,11,left,0
156,157,3,6870.72,5732.780000000001,2613.76,0.43359375,156,303,BLAa,BLA,11,left,0
157,158,3,6870.92,5731.96,2612.380000000001,0.6484375,157,303,BLAa,BLA,11,left,0
158,159,3,6871.799999999999,5731.14,2610.7000000000007,0.00390625,158,303,BLAa,BLA,11,left,0
159,160,3,6871.54,5728.74,2609.6800000000003,0.703125,159,303,BLAa,BLA,11,left,0
160,161,3,6870.9400000000005,5724.6,2608.0600000000013,0.59765625,160,303,BLAa,BLA,11,left,0
161,162,3,6871.459999999999,5722.92,2607.279999999999,0.3515625,161,303,BLAa,BLA,11,left,0
162,163,3,6872.74,5722.0,2606.720000000001,0.5703125,162,303,BLAa,BLA,11,left,0
163,164,3,6874.700000000001,5721.88,2605.24,0.21484375,163,303,BLAa,BLA,11,left,0
164,165,3,6876.12,5721.92,2604.1000000000004,0.6484375,164,303,BLAa,BLA,11,left,0
165,166,3,6876.06,5720.58,2602.5,0.54296875,165,303,BLAa,BLA,11,left,0
166,167,3,6875.68,5718.959999999999,2600.32,0.296875,166,303,BLAa,BLA,11,left,0
167,168,3,6875.66,5717.52,2598.5,0.37890625,167,303,BLAa,BLA,11,left,0
168,169,3,6876.24,5716.280000000001,2597.6399999999994,0.43359375,168,303,BLAa,BLA,11,left,0
169,170,3,6876.0,5713.62,2596.76,0.515625,169,303,BLAa,BLA,11,left,0
170,171,3,6875.700000000001,5711.14,2596.32,0.00390625,170,303,BLAa,BLA,11,left,0
171,172,3,6875.36,5709.139999999999,2594.92,0.515625,171,303,BLAa,BLA,11,left,0
172,173,3,6875.36,5708.0,2593.5200000000004,0.515625,172,303,BLAa,BLA,11,left,0
173,174,3,6876.84,5707.06,2592.08,0.37890625,173,303,BLAa,BLA,11,left,0
174,175,3,6877.08,5705.24,2590.66,0.73046875,174,303,BLAa,BLA,11,left,0
175,176,3,6877.74,5703.16,2589.1000000000004,0.515625,175,303,BLAa,BLA,11,left,0
176,177,3,6878.0,5701.34,2587.82,0.4609375,176,303,BLAa,BLA,11,left,0
177,178,3,6878.74,5699.700000000001,2586.6800000000003,0.3515625,177,303,BLAa,BLA,11,left,0
178,179,3,6880.2,5698.24,2584.92,0.48828125,178,303,BLAa,BLA,11,left,0
179,180,3,6881.4,5696.06,2582.619999999999,0.62109375,179,303,BLAa,BLA,11,left,0
180,181,3,6882.28,5694.56,2582.08,0.73046875,180,303,BLAa,BLA,11,left,0
181,182,3,6882.219999999999,5692.4400000000005,2581.22,0.32421875,181,303,BLAa,BLA,11,left,0
182,183,3,6882.84,5690.08,2580.3,0.48828125,182,303,BLAa,BLA,11,left,0
183,184,3,6882.88,5687.9,2579.5200000000004,0.48828125,183,303,BLAa,BLA,11,left,0
184,185,3,6883.719999999999,5686.56,2578.279999999999,0.40625,184,303,BLAa,BLA,11,left,0
185,186,3,6884.34,5685.860000000001,2576.960000000001,0.48828125,185,303,BLAa,BLA,11,left,0
186,187,3,6884.32,5683.46,2574.959999999999,0.515625,186,303,BLAa,BLA,11,left,0
187,188,3,6884.02,5681.72,2573.58,0.54296875,187,303,BLAa,BLA,11,left,0
188,189,3,6883.780000000001,5680.860000000001,2571.98,0.00390625,188,303,BLAa,BLA,11,left,0
189,190,3,6883.58,5680.24,2570.460000000001,0.54296875,189,303,BLAa,BLA,11,left,0
190,191,3,6883.68,5678.32,2569.0599999999995,0.59765625,190,303,BLAa,BLA,11,left,0
191,192,3,6884.740000000001,5676.799999999999,2568.22,0.59765625,191,303,BLAa,BLA,11,left,0
192,193,3,6885.18,5674.24,2566.6000000000004,0.62109375,192,303,BLAa,BLA,11,left,0
193,194,3,6885.839999999999,5672.9,2566.32,0.62109375,193,303,BLAa,BLA,11,left,0
194,195,3,6887.06,5670.22,2565.26,0.515625,194,303,BLAa,BLA,11,left,0
195,196,3,6886.74,5667.36,2564.76,0.5703125,195,303,BLAa,BLA,11,left,0
196,197,3,6886.32,5663.719999999999,2563.98,0.5703125,196,303,BLAa,BLA,11,left,0
197,198,3,6886.32,5661.54,2562.8,0.59765625,197,303,BLAa,BLA,11,left,0
198,199,3,6886.88,5660.04,2561.26,0.59765625,198,303,BLAa,BLA,11,left,0
199,200,3,6887.780000000001,5658.5,2559.9400000000005,0.43359375,199,303,BLAa,BLA,11,left,0
200,201,3,6888.200000000001,5656.459999999999,2559.5200000000004,0.67578125,200,303,BLAa,BLA,11,left,0
201,202,3,6889.539999999999,5655.58,2559.0,0.5703125,201,303,BLAa,BLA,11,left,0
202,203,3,6890.119999999999,5653.9,2557.22,0.0078125,202,303,BLAa,BLA,11,left,0
203,204,3,6892.4800000000005,5653.32,2555.9400000000005,0.43359375,203,303,BLAa,BLA,11,left,0
204,205,3,6893.92,5653.139999999999,2554.42,0.515625,204,303,BLAa,BLA,11,left,0
205,206,3,6894.24,5651.88,2552.8599999999988,0.4609375,205,303,BLAa,BLA,11,left,0
206,207,3,6895.320000000001,5650.68,2551.3600000000006,0.48828125,206,303,BLAa,BLA,11,left,0
207,208,3,6896.2,5649.22,2549.32,0.32421875,207,303,BLAa,BLA,11,left,0
208,209,3,6896.78,5648.3,2548.0200000000004,0.37890625,208,303,BLAa,BLA,11,left,0
209,210,3,6897.94,5647.960000000001,2546.6000000000004,0.4609375,209,303,BLAa,BLA,11,left,0
210,211,3,6899.82,5648.22,2545.3599999999988,0.4609375,210,303,BLAa,BLA,11,left,0
211,212,3,6900.54,5647.32,2543.959999999999,0.00390625,211,303,BLAa,BLA,11,left,0
212,213,3,6901.660000000001,5645.0,2543.48,0.54296875,212,303,BLAa,BLA,11,left,0
213,214,3,6902.64,5642.4400000000005,2543.42,0.59765625,213,303,BLAa,BLA,11,left,0
214,215,3,6904.56,5641.14,2543.34,0.48828125,214,303,BLAa,BLA,11,left,0
215,216,3,6906.06,5639.42,2542.960000000001,0.54296875,215,303,BLAa,BLA,11,left,0
216,217,3,6907.219999999999,5638.84,2542.039999999999,0.67578125,216,303,BLAa,BLA,11,left,0
217,218,3,6908.339999999999,5638.82,2540.48,0.3515625,217,303,BLAa,BLA,11,left,0
218,219,3,6909.740000000001,5639.06,2538.6399999999994,0.21484375,218,303,BLAa,BLA,11,left,0
219,220,3,6912.56,5639.5,2535.779999999999,0.43359375,219,303,BLAa,BLA,11,left,0
220,221,3,6913.56,5639.679999999999,2534.379999999999,0.40625,220,303,BLAa,BLA,11,left,0
221,222,3,6914.679999999999,5637.380000000001,2533.0,0.32421875,221,303,BLAa,BLA,11,left,0
222,223,3,6916.34,5634.880000000001,2532.039999999999,0.48828125,222,303,BLAa,BLA,11,left,0
223,224,3,6917.219999999999,5634.26,2531.0,0.515625,223,303,BLAa,BLA,11,left,0
224,225,3,6917.72,5633.780000000001,2529.0,0.3515625,224,303,BLAa,BLA,11,left,0
225,226,3,6917.94,5632.68,2526.98,0.2421875,225,303,BLAa,BLA,11,left,0
226,227,3,6918.4400000000005,5631.4400000000005,2526.08,0.48828125,226,303,BLAa,BLA,11,left,0
227,228,3,6919.46,5630.18,2524.880000000001,0.5703125,227,303,BLAa,BLA,11,left,0
228,229,3,6921.639999999999,5629.719999999999,2523.5,0.4609375,228,303,BLAa,BLA,11,left,0
229,230,3,6923.42,5629.46,2522.3600000000006,0.19140625,229,303,BLAa,BLA,11,left,0
230,231,3,6924.62,5628.76,2521.040000000001,0.40625,230,303,BLAa,BLA,11,left,0
231,232,3,6925.900000000001,5628.24,2519.66,0.48828125,231,303,BLAa,BLA,11,left,0
232,233,3,6926.5,5626.92,2517.7000000000007,0.01171875,232,303,BLAa,BLA,11,left,0
233,234,3,6927.4,5626.14,2516.2800000000007,0.4609375,233,303,BLAa,BLA,11,left,0
234,235,3,6929.44,5624.9400000000005,2514.82,0.43359375,234,303,BLAa,BLA,11,left,0
235,236,3,6930.56,5623.200000000001,2513.82,0.37890625,235,303,BLAa,BLA,11,left,0
236,237,3,6931.7,5622.74,2513.26,0.32421875,236,303,BLAa,BLA,11,left,0
237,238,3,6931.36,5620.259999999999,2511.699999999999,0.00390625,237,303,BLAa,BLA,11,left,0
238,239,3,6932.039999999999,5619.160000000001,2510.32,0.515625,238,303,BLAa,BLA,11,left,0
239,240,3,6934.099999999999,5619.9,2507.9400000000005,0.3515625,239,303,BLAa,BLA,11,left,0
240,241,3,6935.58,5620.2,2506.1000000000004,0.3515625,240,303,BLAa,BLA,11,left,1
241,242,3,6883.12,5817.32,2662.140000000001,0.296875,27,303,BLAa,BLA,12,left,0
242,243,3,6884.34,5817.3,2661.040000000001,0.3515625,242,303,BLAa,BLA,12,left,0
243,244,3,6886.24,5817.039999999999,2659.959999999999,0.48828125,243,303,BLAa,BLA,12,left,0
244,245,3,6887.5,5816.459999999999,2659.640000000001,0.32421875,244,303,BLAa,BLA,12,left,0
245,246,3,6889.56,5815.56,2659.58,0.5703125,245,303,BLAa,BLA,12,left,0
246,247,3,6891.36,5814.58,2659.34,0.26953125,246,303,BLAa,BLA,12,left,0
247,248,3,6893.52,5812.9,2659.379999999999,0.73046875,247,303,BLAa,BLA,12,left,0
248,249,3,6895.18,5811.040000000001,2659.3600000000006,0.48828125,248,303,BLAa,BLA,12,left,0
249,250,3,6896.4800000000005,5807.4,2659.34,0.37890625,249,303,BLAa,BLA,12,left,0
250,251,3,6898.06,5805.700000000001,2658.58,0.26953125,250,303,BLAa,BLA,12,left,0
251,252,3,6900.38,5804.24,2658.16,0.19140625,251,303,BLAa,BLA,12,left,0
252,253,3,6902.98,5802.74,2658.039999999999,0.1640625,252,303,BLAa,BLA,12,left,0
253,254,3,6904.160000000001,5801.799999999999,2657.6800000000003,0.37890625,253,303,BLAa,BLA,12,left,0
254,255,3,6906.54,5800.92,2657.42,0.43359375,254,303,BLAa,BLA,12,left,0
255,256,3,6908.16,5800.58,2657.4,0.54296875,255,303,BLAa,BLA,12,left,0
256,257,3,6910.259999999999,5800.22,2657.66,0.01953125,256,303,BLAa,BLA,12,left,0
257,258,3,6913.3,5800.16,2658.34,0.37890625,257,303,BLAa,BLA,12,left,0
258,259,3,6914.62,5799.700000000001,2659.34,0.5703125,258,303,BLAa,BLA,12,left,0
259,260,3,6916.82,5799.719999999999,2660.4,0.515625,259,303,BLAa,BLA,12,left,0
260,261,3,6918.7,5799.9,2661.1399999999994,0.32421875,260,303,BLAa,BLA,12,left,0
261,262,3,6920.52,5800.119999999999,2662.24,0.3515625,261,303,BLAa,BLA,12,left,0
262,263,3,6921.76,5800.62,2663.48,0.43359375,262,303,BLAa,BLA,12,left,0
263,264,3,6924.38,5801.06,2664.8600000000006,0.3515625,263,303,BLAa,BLA,12,left,0
264,265,3,6927.58,5801.38,2666.3,0.3515625,264,303,BLAa,BLA,12,left,0
265,266,3,6929.28,5801.459999999999,2667.720000000001,0.59765625,265,303,BLAa,BLA,12,left,0
266,267,3,6931.7,5801.280000000001,2668.42,0.37890625,266,303,BLAa,BLA,12,left,0
267,268,3,6934.78,5801.5,2669.0599999999995,0.3515625,267,303,BLAa,BLA,12,left,0
268,269,3,6937.039999999999,5801.52,2669.779999999999,0.54296875,268,303,BLAa,BLA,12,left,0
269,270,3,6940.0,5801.36,2670.32,0.37890625,269,303,BLAa,BLA,12,left,0
270,271,3,6941.219999999999,5800.9400000000005,2670.4,0.89453125,270,303,BLAa,BLA,12,left,0
271,272,3,6944.62,5801.639999999999,2670.119999999999,0.015625,271,303,BLAa,BLA,12,left,0
272,273,3,6946.52,5802.7,2669.8600000000006,0.4609375,272,303,BLAa,BLA,12,left,0
273,274,3,6948.16,5804.18,2669.8,0.1640625,273,303,BLAa,BLA,12,left,0
274,275,3,6950.2,5805.14,2670.2000000000007,0.40625,274,303,BLAa,BLA,12,left,0
275,276,3,6953.5,5806.02,2671.040000000001,0.40625,275,303,BLAa,BLA,12,left,0
276,277,3,6955.08,5806.74,2671.119999999999,0.32421875,276,303,BLAa,BLA,12,left,0
277,278,3,6957.52,5807.0,2671.1000000000004,0.296875,277,303,BLAa,BLA,12,left,0
278,279,3,6959.38,5806.92,2671.58,0.32421875,278,303,BLAa,BLA,12,left,0
279,280,3,6963.0,5806.92,2672.4,0.48828125,279,303,BLAa,BLA,12,left,0
280,281,3,6965.2,5805.700000000001,2673.7000000000007,0.40625,280,303,BLAa,BLA,12,left,0
281,282,3,6966.84,5804.700000000001,2674.8,0.4609375,281,303,BLAa,BLA,12,left,0
282,283,3,6967.68,5804.38,2676.24,0.4609375,282,303,BLAa,BLA,12,left,0
283,284,3,6968.04,5805.74,2678.279999999999,0.00390625,283,303,BLAa,BLA,12,left,0
284,285,3,6969.5,5806.639999999999,2680.220000000001,0.48828125,284,303,BLAa,BLA,12,left,0
285,286,3,6970.78,5807.380000000001,2681.3,0.40625,285,303,BLAa,BLA,12,left,0
286,287,3,6971.459999999999,5807.74,2683.6000000000004,0.40625,286,303,BLAa,BLA,12,left,0
287,288,3,6972.960000000001,5808.26,2684.880000000001,0.4609375,287,303,BLAa,BLA,12,left,0
288,289,3,6974.62,5809.78,2685.539999999999,0.296875,288,303,BLAa,BLA,12,left,0
289,290,3,6977.26,5810.5,2686.879999999999,0.296875,289,303,BLAa,BLA,12,left,0
290,291,3,6979.139999999999,5811.16,2688.1399999999994,0.296875,290,303,BLAa,BLA,12,left,0
291,292,3,6980.860000000001,5812.179999999999,2689.2800000000007,0.4609375,291,303,BLAa,BLA,12,left,0
292,293,3,6983.540000000001,5812.820000000001,2690.879999999999,0.296875,292,303,BLAa,BLA,12,left,0
293,294,3,6986.24,5813.400000000001,2692.540000000001,0.37890625,293,303,BLAa,BLA,12,left,0
294,295,3,6987.34,5814.120000000001,2693.0,0.37890625,294,303,BLAa,BLA,12,left,0
295,296,3,6990.42,5815.16,2693.4400000000005,0.0078125,295,303,BLAa,BLA,12,left,0
296,297,3,6993.400000000001,5815.879999999999,2693.6399999999994,0.2421875,296,303,BLAa,BLA,12,left,0
297,298,3,6995.4,5816.38,2694.1800000000003,0.26953125,297,303,BLAa,BLA,12,left,0
298,299,3,6997.32,5816.82,2695.539999999999,0.296875,298,303,BLAa,BLA,12,left,0
299,300,3,6999.539999999999,5817.619999999999,2697.92,0.296875,299,303,BLAa,BLA,12,left,0
300,301,3,7001.32,5818.3,2699.120000000001,0.32421875,300,303,BLAa,BLA,12,left,0
301,302,3,7003.360000000001,5818.959999999999,2701.1800000000003,0.4609375,301,303,BLAa,BLA,12,left,0
302,303,3,7003.58,5818.719999999999,2703.0999999999985,0.40625,302,303,BLAa,BLA,12,left,0
303,304,3,7003.74,5818.26,2704.8600000000006,0.3515625,303,303,BLAa,BLA,12,left,0
304,305,3,7003.92,5816.620000000001,2707.3600000000006,0.43359375,304,303,BLAa,BLA,12,left,0
305,306,3,7004.099999999999,5815.8,2709.4399999999987,0.4609375,305,303,BLAa,BLA,12,left,0
306,307,3,7006.08,5815.54,2711.2000000000007,0.3515625,306,303,BLAa,BLA,12,left,0
307,308,3,7007.799999999999,5815.22,2712.540000000001,0.43359375,307,303,BLAa,BLA,12,left,0
308,309,3,7010.02,5814.740000000001,2713.34,0.00390625,308,303,BLAa,BLA,12,left,0
309,310,3,7011.620000000001,5814.0,2714.32,0.37890625,309,303,BLAa,BLA,12,left,0
310,311,3,7013.92,5813.82,2714.6000000000004,0.1640625,310,303,BLAa,BLA,12,left,0
311,312,3,7016.660000000001,5814.28,2715.1399999999994,0.1640625,311,303,BLAa,BLA,12,left,0
312,313,3,7018.52,5814.66,2715.84,0.40625,312,303,BLAa,BLA,12,left,0
313,314,3,7021.2,5814.099999999999,2716.4,0.296875,313,303,BLAa,BLA,12,left,0
314,315,3,7023.24,5812.799999999999,2716.66,0.21484375,314,303,BLAa,BLA,12,left,0
315,316,3,7025.1,5811.14,2716.0,0.4609375,315,303,BLAa,BLA,12,left,0
316,317,3,7026.4400000000005,5809.700000000001,2715.34,0.21484375,316,303,BLAa,BLA,12,left,0
317,318,3,7028.88,5807.86,2714.92,0.1640625,317,303,BLAa,BLA,12,left,0
318,319,3,7030.2,5807.1,2714.4399999999987,0.1640625,318,303,BLAa,BLA,12,left,0
319,320,3,7031.620000000001,5805.54,2714.5200000000004,0.0078125,319,303,BLAa,BLA,12,left,0
320,321,3,7034.18,5804.2,2714.5599999999995,0.19140625,320,303,BLAa,BLA,12,left,0
321,322,3,7035.08,5803.719999999999,2714.379999999999,0.48828125,321,303,BLAa,BLA,12,left,0
322,323,3,7034.9,5804.78,2711.7800000000007,0.00390625,322,303,BLAa,BLA,12,left,1
323,324,3,6879.58,5817.6,2663.8,0.6484375,27,303,BLAa,BLA,13,left,0
324,325,3,6881.26,5818.42,2664.8,0.4609375,324,303,BLAa,BLA,13,left,0
325,326,3,6882.56,5821.4800000000005,2666.380000000001,0.515625,325,303,BLAa,BLA,13,left,0
326,327,3,6883.6,5823.18,2667.9,0.43359375,326,303,BLAa,BLA,13,left,0
327,328,3,6884.139999999999,5825.58,2669.72,0.40625,327,303,BLAa,BLA,13,left,0
328,329,3,6884.9800000000005,5828.540000000001,2670.72,0.3515625,328,303,BLAa,BLA,13,left,0
329,330,3,6886.040000000001,5830.5,2671.92,0.515625,329,303,BLAa,BLA,13,left,0
330,331,3,6887.1,5832.380000000001,2672.619999999999,0.4609375,330,303,BLAa,BLA,13,left,0
331,332,3,6888.400000000001,5834.82,2673.9,0.40625,331,303,BLAa,BLA,13,left,0
332,333,3,6889.76,5836.92,2675.0200000000004,0.6484375,332,303,BLAa,BLA,13,left,0
333,334,3,6891.4400000000005,5839.2,2675.9400000000005,0.43359375,333,303,BLAa,BLA,13,left,0
334,335,3,6892.36,5839.84,2676.720000000001,0.6484375,334,303,BLAa,BLA,13,left,0
335,336,3,6872.380000000001,5804.18,2648.82,0.0234375,58,303,BLAa,BLA,14,left,0
336,337,3,6871.860000000001,5801.92,2646.22,0.5703125,336,303,BLAa,BLA,14,left,0
337,338,3,6871.74,5800.56,2645.1399999999994,0.62109375,337,303,BLAa,BLA,14,left,0
338,339,3,6872.54,5799.86,2644.0599999999995,0.67578125,338,303,BLAa,BLA,14,left,0
339,340,3,6872.4400000000005,5797.5,2643.300000000001,0.5703125,339,303,BLAa,BLA,14,left,0
340,341,3,6873.200000000001,5796.4400000000005,2642.140000000001,0.62109375,340,303,BLAa,BLA,14,left,0
341,342,3,6873.42,5795.52,2640.4400000000005,0.703125,341,303,BLAa,BLA,14,left,0
342,343,3,6873.84,5793.64,2639.32,0.40625,342,303,BLAa,BLA,14,left,0
343,344,3,6873.379999999999,5790.54,2637.24,0.5703125,343,303,BLAa,BLA,14,left,0
344,345,3,6872.94,5787.820000000001,2635.7000000000007,0.7578125,344,303,BLAa,BLA,14,left,0
345,346,3,6872.68,5785.879999999999,2634.5200000000004,0.62109375,345,303,BLAa,BLA,14,left,0
346,347,3,6873.16,5784.38,2633.459999999999,0.32421875,346,303,BLAa,BLA,14,left,0
347,348,3,6873.7,5781.24,2631.6399999999994,0.7578125,347,303,BLAa,BLA,14,left,0
348,349,3,6874.9800000000005,5779.8,2631.0,0.73046875,348,303,BLAa,BLA,14,left,0
349,350,3,6874.96,5778.379999999999,2629.5,0.01171875,349,303,BLAa,BLA,14,left,0
350,351,3,6874.92,5774.92,2627.42,0.59765625,350,303,BLAa,BLA,14,left,0
351,352,3,6875.22,5772.380000000001,2626.720000000001,0.59765625,351,303,BLAa,BLA,14,left,0
352,353,3,6874.8,5769.38,2624.9,0.515625,352,303,BLAa,BLA,14,left,0
353,354,3,6874.44,5767.9,2623.039999999999,0.296875,353,303,BLAa,BLA,14,left,0
354,355,3,6874.299999999999,5765.8,2620.5,0.515625,354,303,BLAa,BLA,14,left,0
355,356,3,6874.8,5764.84,2619.16,0.4609375,355,303,BLAa,BLA,14,left,0
356,357,3,6875.04,5762.380000000001,2618.039999999999,0.62109375,356,303,BLAa,BLA,14,left,0
357,358,3,6875.74,5761.34,2616.6800000000003,0.54296875,357,303,BLAa,BLA,14,left,0
358,359,3,6876.96,5761.040000000001,2614.48,0.515625,358,303,BLAa,BLA,14,left,0
359,360,3,6877.799999999999,5760.599999999999,2611.699999999999,0.73046875,359,303,BLAa,BLA,14,left,0
360,361,3,6878.84,5759.62,2610.16,0.296875,360,303,BLAa,BLA,14,left,0
361,362,3,6879.18,5757.5,2608.5599999999995,0.2421875,361,303,BLAa,BLA,14,left,0
362,363,3,6879.44,5755.66,2607.6399999999994,0.54296875,362,303,BLAa,BLA,14,left,0
363,364,3,6880.54,5754.5,2606.98,0.515625,363,303,BLAa,BLA,14,left,0
364,365,3,6880.839999999999,5752.5,2605.9,0.48828125,364,303,BLAa,BLA,14,left,0
365,366,3,6880.48,5749.52,2605.220000000001,0.00390625,365,303,BLAa,BLA,14,left,0
366,367,3,6880.06,5746.4,2604.2800000000007,0.4609375,366,303,BLAa,BLA,14,left,0
367,368,3,6879.8,5745.24,2602.98,0.6484375,367,303,BLAa,BLA,14,left,0
368,369,3,6879.84,5742.74,2601.1800000000003,0.43359375,368,303,BLAa,BLA,14,left,0
369,370,3,6880.320000000001,5740.98,2599.959999999999,0.6484375,369,303,BLAa,BLA,14,left,0
370,371,3,6881.1,5739.02,2598.7000000000007,0.4609375,370,303,BLAa,BLA,14,left,0
371,372,3,6881.18,5736.36,2597.279999999999,0.43359375,371,303,BLAa,BLA,14,left,0
372,373,3,6881.620000000001,5734.9,2595.8600000000006,0.54296875,372,303,BLAa,BLA,14,left,0
373,374,3,6881.280000000001,5732.380000000001,2594.1399999999994,0.40625,373,303,BLAa,BLA,14,left,0
374,375,3,6880.839999999999,5729.5,2592.5599999999995,0.48828125,374,303,BLAa,BLA,14,left,0
375,376,3,6880.9400000000005,5727.52,2590.7000000000007,0.67578125,375,303,BLAa,BLA,14,left,0
376,377,3,6881.860000000001,5725.98,2589.5599999999995,0.54296875,376,303,BLAa,BLA,14,left,0
377,378,3,6882.34,5724.2,2588.3600000000006,0.37890625,377,303,BLAa,BLA,14,left,0
378,379,3,6882.0,5721.88,2587.3,0.54296875,378,303,BLAa,BLA,14,left,0
379,380,3,6881.900000000001,5719.24,2585.34,0.7578125,379,303,BLAa,BLA,14,left,0
380,381,3,6883.16,5717.26,2584.16,0.5703125,380,303,BLAa,BLA,14,left,0
381,382,3,6884.539999999999,5716.36,2583.459999999999,0.515625,381,303,BLAa,BLA,14,left,0
382,383,3,6884.48,5715.02,2581.1000000000004,0.00390625,382,303,BLAa,BLA,14,left,0
383,384,3,6885.1,5713.339999999999,2579.1800000000003,0.37890625,383,303,BLAa,BLA,14,left,0
384,385,3,6885.98,5711.900000000001,2577.6399999999994,0.515625,384,303,BLAa,BLA,14,left,0
385,386,3,6887.92,5711.4,2576.76,0.43359375,385,303,BLAa,BLA,14,left,0
386,387,3,6889.44,5710.68,2574.619999999999,0.78515625,386,303,BLAa,BLA,14,left,0
387,388,3,6889.18,5709.22,2573.459999999999,0.515625,387,303,BLAa,BLA,14,left,0
388,389,3,6889.099999999999,5708.18,2571.4400000000005,0.6484375,388,303,BLAa,BLA,14,left,0
389,390,3,6890.68,5707.94,2570.48,0.37890625,389,303,BLAa,BLA,14,left,0
390,391,3,6892.36,5706.280000000001,2569.26,0.7578125,390,303,BLAa,BLA,14,left,0
391,392,3,6893.76,5704.92,2567.76,0.21484375,391,303,BLAa,BLA,14,left,0
392,393,3,6894.58,5703.9400000000005,2566.1399999999994,0.5703125,392,303,BLAa,BLA,14,left,0
393,394,3,6895.04,5702.06,2564.82,0.515625,393,303,BLAa,BLA,14,left,0
394,395,3,6895.56,5700.9400000000005,2563.0600000000013,0.40625,394,303,BLAa,BLA,14,left,0
395,396,3,6897.0,5700.24,2561.6000000000004,0.83984375,395,303,BLAa,BLA,14,left,0
396,397,3,6898.08,5698.26,2560.6399999999994,0.48828125,396,303,BLAa,BLA,14,left,0
397,398,3,6898.82,5696.4,2559.48,0.67578125,397,303,BLAa,BLA,14,left,0
398,399,3,6900.76,5695.0,2558.6000000000004,0.3515625,398,303,BLAa,BLA,14,left,0
399,400,3,6900.96,5693.66,2557.9,0.48828125,399,303,BLAa,BLA,14,left,0
400,401,3,6902.72,5691.98,2557.2000000000007,0.00390625,400,303,BLAa,BLA,14,left,0
401,402,3,6903.18,5691.08,2555.1800000000003,0.62109375,401,303,BLAa,BLA,14,left,0
402,403,3,6903.780000000001,5689.679999999999,2553.72,0.43359375,402,303,BLAa,BLA,14,left,0
403,404,3,6904.06,5688.3,2552.6000000000004,0.48828125,403,303,BLAa,BLA,14,left,0
404,405,3,6906.24,5688.0,2550.7000000000007,0.43359375,404,303,BLAa,BLA,14,left,0
405,406,3,6907.72,5687.32,2549.34,0.2421875,405,303,BLAa,BLA,14,left,0
406,407,3,6908.9800000000005,5686.36,2547.16,0.515625,406,303,BLAa,BLA,14,left,0
407,408,3,6909.880000000001,5686.06,2545.5200000000004,0.21484375,407,303,BLAa,BLA,14,left,0
408,409,3,6910.82,5684.9800000000005,2544.1000000000004,0.40625,408,303,BLAa,BLA,14,left,0
409,410,3,6911.18,5682.960000000001,2542.1000000000004,0.54296875,409,303,BLAa,BLA,14,left,0
410,411,3,6911.74,5681.68,2541.0,0.4609375,410,303,BLAa,BLA,14,left,0
411,412,3,6911.96,5678.04,2539.5599999999995,0.59765625,411,303,BLAa,BLA,14,left,0
412,413,3,6912.34,5675.82,2538.72,0.59765625,412,303,BLAa,BLA,14,left,0
413,414,3,6912.240000000001,5674.32,2536.960000000001,0.48828125,413,303,BLAa,BLA,14,left,0
414,415,3,6913.0,5673.200000000001,2535.7000000000007,0.43359375,414,303,BLAa,BLA,14,left,0
415,416,3,6913.82,5672.02,2534.120000000001,0.703125,415,303,BLAa,BLA,14,left,0
416,417,3,6915.0,5670.48,2533.300000000001,0.40625,416,303,BLAa,BLA,14,left,0
417,418,3,6916.36,5670.599999999999,2533.0999999999985,0.1015625,417,303,BLAa,BLA,14,left,0
418,419,3,6919.06,5670.62,2531.540000000001,0.5703125,418,303,BLAa,BLA,14,left,0
419,420,3,6920.66,5670.1,2530.34,0.54296875,419,303,BLAa,BLA,14,left,0
420,421,3,6920.839999999999,5668.02,2529.8600000000006,0.59765625,420,303,BLAa,BLA,14,left,0
421,422,3,6920.44,5664.24,2528.9400000000005,0.94921875,421,303,BLAa,BLA,14,left,0
422,423,3,6920.68,5663.06,2528.1399999999994,0.4609375,422,303,BLAa,BLA,14,left,0
423,424,3,6922.759999999999,5662.74,2527.7000000000007,0.4609375,423,303,BLAa,BLA,14,left,0
424,425,3,6923.82,5661.42,2527.0,0.59765625,424,303,BLAa,BLA,14,left,0
425,426,3,6924.46,5659.32,2525.959999999999,0.48828125,425,303,BLAa,BLA,14,left,0
426,427,3,6925.58,5657.0,2524.92,0.32421875,426,303,BLAa,BLA,14,left,0
427,428,3,6925.4,5655.02,2523.959999999999,0.54296875,427,303,BLAa,BLA,14,left,0
428,429,3,6926.799999999999,5653.82,2522.16,0.515625,428,303,BLAa,BLA,14,left,0
429,430,3,6928.12,5653.360000000001,2520.5999999999985,0.515625,429,303,BLAa,BLA,14,left,0
430,431,3,6929.139999999999,5653.099999999999,2519.120000000001,0.37890625,430,303,BLAa,BLA,14,left,0
431,432,3,6930.82,5653.28,2517.720000000001,0.40625,431,303,BLAa,BLA,14,left,0
432,433,3,6933.32,5653.12,2515.72,0.40625,432,303,BLAa,BLA,14,left,0
433,434,3,6934.44,5652.52,2514.3,0.40625,433,303,BLAa,BLA,14,left,0
434,435,3,6936.14,5651.639999999999,2512.98,0.40625,434,303,BLAa,BLA,14,left,0
435,436,3,6937.240000000001,5650.62,2511.5599999999995,0.00390625,435,303,BLAa,BLA,14,left,0
436,437,3,6937.6,5648.379999999999,2510.82,0.43359375,436,303,BLAa,BLA,14,left,0
437,438,3,6938.3,5646.799999999999,2510.4,0.32421875,437,303,BLAa,BLA,14,left,0
438,439,3,6938.42,5643.9400000000005,2509.9,0.62109375,438,303,BLAa,BLA,14,left,0
439,440,3,6939.099999999999,5642.08,2509.460000000001,0.40625,439,303,BLAa,BLA,14,left,0
440,441,3,6939.58,5639.700000000001,2508.66,0.32421875,440,303,BLAa,BLA,14,left,0
441,442,3,6940.96,5638.42,2508.279999999999,0.32421875,441,303,BLAa,BLA,14,left,0
442,443,3,6941.78,5636.84,2507.16,0.32421875,442,303,BLAa,BLA,14,left,0
443,444,3,6943.360000000001,5635.66,2505.9,0.48828125,443,303,BLAa,BLA,14,left,0
444,445,3,6944.160000000001,5632.9,2504.8600000000006,0.1640625,444,303,BLAa,BLA,14,left,0
445,446,3,6944.5,5630.0,2504.84,0.3515625,445,303,BLAa,BLA,14,left,0
446,447,3,6946.52,5627.94,2505.1399999999994,0.32421875,446,303,BLAa,BLA,14,left,0
447,448,3,6948.52,5626.84,2505.1399999999994,0.37890625,447,303,BLAa,BLA,14,left,0
448,449,3,6949.24,5625.34,2504.640000000001,0.37890625,448,303,BLAa,BLA,14,left,0
449,450,3,6950.74,5623.12,2504.0200000000004,0.37890625,449,303,BLAa,BLA,14,left,0
450,451,3,6951.74,5621.639999999999,2503.6000000000004,0.43359375,450,303,BLAa,BLA,14,left,0
451,452,3,6952.039999999999,5619.04,2502.540000000001,0.01171875,451,303,BLAa,BLA,14,left,0
452,453,3,6953.12,5616.280000000001,2501.76,0.3515625,452,303,BLAa,BLA,14,left,0
453,454,3,6954.48,5615.1,2500.92,0.1640625,453,303,BLAa,BLA,14,left,0
454,455,3,6955.839999999999,5614.66,2500.0200000000004,0.26953125,454,303,BLAa,BLA,14,left,0
455,456,3,6956.16,5612.72,2499.460000000001,0.32421875,455,303,BLAa,BLA,14,left,0
456,457,3,6957.02,5610.06,2499.1000000000004,0.21484375,456,303,BLAa,BLA,14,left,0
457,458,3,6957.92,5608.28,2498.66,0.1640625,457,303,BLAa,BLA,14,left,0
458,459,3,6958.88,5605.18,2498.619999999999,0.3515625,458,303,BLAa,BLA,14,left,0
459,460,3,6959.56,5602.780000000001,2498.42,0.1640625,459,303,BLAa,BLA,14,left,0
460,461,3,6961.900000000001,5600.900000000001,2497.880000000001,0.32421875,460,303,BLAa,BLA,14,left,0
461,462,3,6963.48,5600.66,2497.279999999999,0.6484375,461,303,BLAa,BLA,14,left,0
462,463,3,6964.6,5600.08,2496.380000000001,0.0234375,462,303,BLAa,BLA,14,left,0
463,464,3,6964.56,5598.18,2494.98,0.32421875,463,303,BLAa,BLA,14,left,0
464,465,3,6964.22,5595.62,2492.960000000001,0.37890625,464,303,BLAa,BLA,14,left,0
465,466,3,6963.74,5593.18,2491.98,0.43359375,465,303,BLAa,BLA,14,left,0
466,467,3,6962.72,5591.68,2491.92,0.59765625,466,303,BLAa,BLA,14,left,0
467,468,3,6962.4,5589.02,2492.32,0.4609375,467,303,BLAa,BLA,14,left,0
468,469,3,6961.98,5582.92,2493.0999999999985,0.48828125,468,303,BLAa,BLA,14,left,0
469,470,3,6961.860000000001,5579.18,2493.08,0.21484375,469,303,BLAa,BLA,14,left,0
470,471,3,6962.4400000000005,5576.52,2493.1800000000003,0.2421875,470,303,BLAa,BLA,14,left,0
471,472,3,6962.4800000000005,5572.219999999999,2493.6000000000004,0.48828125,471,303,BLAa,BLA,14,left,0
472,473,3,6963.540000000001,5570.24,2494.460000000001,0.00390625,472,303,BLAa,BLA,14,left,0
473,474,3,6963.52,5567.3,2495.74,0.2421875,473,303,BLAa,BLA,14,left,0
474,475,3,6962.72,5561.5,2497.08,0.296875,474,303,BLAa,BLA,14,left,0
475,476,3,6961.84,5558.46,2497.7000000000007,0.2421875,475,303,BLAa,BLA,14,left,0
476,477,3,6961.7,5556.0,2499.3600000000006,0.3515625,476,303,BLAa,BLA,14,left,0
477,478,3,6961.4400000000005,5552.039999999999,2499.82,0.40625,477,303,BLAa,BLA,14,left,0
478,479,3,6961.08,5546.5,2500.5200000000004,0.37890625,478,303,BLAa,BLA,14,left,0
479,480,3,6961.0,5544.92,2500.800000000001,0.40625,479,303,BLAa,BLA,14,left,0
480,481,3,6961.78,5542.4,2501.620000000001,0.00390625,480,303,BLAa,BLA,14,left,1
481,482,3,6874.62,5805.839999999999,2649.72,0.09375,58,303,BLAa,BLA,15,left,0
482,483,3,6876.4,5804.66,2649.32,0.48828125,482,303,BLAa,BLA,15,left,0
483,484,3,6878.66,5804.52,2648.7800000000007,0.54296875,483,303,BLAa,BLA,15,left,0
484,485,3,6881.32,5804.84,2648.08,0.6484375,484,303,BLAa,BLA,15,left,0
485,486,3,6883.32,5805.76,2647.48,0.4609375,485,303,BLAa,BLA,15,left,0
486,487,3,6887.4400000000005,5806.98,2646.9399999999987,0.3515625,486,303,BLAa,BLA,15,left,0
487,488,3,6889.120000000001,5807.7,2646.16,0.40625,487,303,BLAa,BLA,15,left,0
488,489,3,6890.04,5809.22,2645.2000000000007,0.26953125,488,303,BLAa,BLA,15,left,0
489,490,3,6892.0,5810.839999999999,2644.7000000000007,0.4609375,489,303,BLAa,BLA,15,left,0
490,491,3,6894.299999999999,5812.74,2643.6000000000004,0.40625,490,303,BLAa,BLA,15,left,0
491,492,3,6896.32,5814.8,2641.879999999999,0.37890625,491,303,BLAa,BLA,15,left,0
492,493,3,6898.76,5816.38,2640.42,0.4609375,492,303,BLAa,BLA,15,left,0
493,494,3,6900.56,5817.780000000001,2639.4399999999987,0.54296875,493,303,BLAa,BLA,15,left,0
494,495,3,6903.9800000000005,5819.400000000001,2637.880000000001,0.4609375,494,303,BLAa,BLA,15,left,0
495,496,3,6905.72,5820.700000000001,2636.48,0.40625,495,303,BLAa,BLA,15,left,0
496,497,3,6908.04,5821.58,2635.800000000001,0.5703125,496,303,BLAa,BLA,15,left,0
497,498,3,6908.0,5821.94,2634.7000000000007,0.01953125,497,303,BLAa,BLA,15,left,0
498,499,3,6909.78,5822.42,2633.300000000001,0.32421875,498,303,BLAa,BLA,15,left,0
499,500,3,6912.4,5823.9,2631.3600000000006,0.1640625,499,303,BLAa,BLA,15,left,0
500,501,3,6914.38,5824.740000000001,2630.0200000000004,0.21484375,500,303,BLAa,BLA,15,left,0
501,502,3,6916.599999999999,5825.04,2629.5,0.37890625,501,303,BLAa,BLA,15,left,0
502,503,3,6918.92,5825.22,2629.26,0.43359375,502,303,BLAa,BLA,15,left,0
503,504,3,6921.4800000000005,5825.34,2628.84,0.32421875,503,303,BLAa,BLA,15,left,0
504,505,3,6923.540000000001,5824.86,2628.8600000000006,0.1640625,504,303,BLAa,BLA,15,left,0
505,506,3,6925.92,5825.06,2628.8600000000006,0.1640625,505,303,BLAa,BLA,15,left,0
506,507,3,6928.099999999999,5824.52,2628.58,0.43359375,506,303,BLAa,BLA,15,left,0
507,508,3,6929.86,5823.5,2628.6000000000004,0.21484375,507,303,BLAa,BLA,15,left,0
508,509,3,6932.86,5823.46,2627.92,0.40625,508,303,BLAa,BLA,15,left,0
509,510,3,6935.02,5823.22,2627.32,0.1640625,509,303,BLAa,BLA,15,left,0
510,511,3,6938.06,5822.46,2626.9399999999987,0.19140625,510,303,BLAa,BLA,15,left,0
511,512,3,6939.56,5821.94,2627.039999999999,0.21484375,511,303,BLAa,BLA,15,left,0
512,513,3,6942.16,5822.08,2627.3,0.19140625,512,303,BLAa,BLA,15,left,0
513,514,3,6944.299999999999,5822.94,2627.22,0.32421875,513,303,BLAa,BLA,15,left,0
514,515,3,6946.82,5824.2,2626.24,0.296875,514,303,BLAa,BLA,15,left,0
515,516,3,6948.719999999999,5824.679999999999,2625.34,0.1640625,515,303,BLAa,BLA,15,left,0
516,517,3,6951.08,5825.1,2625.119999999999,0.01953125,516,303,BLAa,BLA,15,left,0
517,518,3,6952.94,5825.9400000000005,2624.880000000001,0.3515625,517,303,BLAa,BLA,15,left,0
518,519,3,6954.719999999999,5827.08,2624.16,0.3515625,518,303,BLAa,BLA,15,left,0
519,520,3,6956.799999999999,5827.56,2623.959999999999,0.32421875,519,303,BLAa,BLA,15,left,0
520,521,3,6959.38,5828.18,2623.120000000001,0.2421875,520,303,BLAa,BLA,15,left,0
521,522,3,6960.900000000001,5828.9,2622.5,0.2421875,521,303,BLAa,BLA,15,left,0
522,523,3,6963.32,5830.599999999999,2621.3600000000006,0.00390625,522,303,BLAa,BLA,15,left,1
523,524,3,6863.780000000001,5838.6,2670.4400000000005,0.015625,77,303,BLAa,BLA,16,left,0
524,525,3,6864.160000000001,5841.02,2671.58,0.4609375,524,303,BLAa,BLA,16,left,0
525,526,3,6864.28,5842.4400000000005,2673.0600000000013,0.40625,525,303,BLAa,BLA,16,left,0
526,527,3,6863.379999999999,5843.379999999999,2674.2800000000007,0.515625,526,303,BLAa,BLA,16,left,0
527,528,3,6862.5,5844.679999999999,2675.9400000000005,0.5703125,527,303,BLAa,BLA,16,left,0
528,529,3,6861.639999999999,5846.02,2677.24,0.62109375,528,303,BLAa,BLA,16,left,0
529,530,3,6861.02,5848.24,2678.3600000000006,0.62109375,529,303,BLAa,BLA,16,left,0
530,531,3,6859.06,5850.860000000001,2680.0,0.703125,530,303,BLAa,BLA,16,left,0
531,532,3,6857.34,5850.839999999999,2681.4400000000005,0.21484375,531,303,BLAa,BLA,16,left,0
532,533,3,6856.14,5851.56,2683.619999999999,0.54296875,532,303,BLAa,BLA,16,left,0
533,534,3,6855.04,5853.379999999999,2684.72,0.62109375,533,303,BLAa,BLA,16,left,0
534,535,3,6853.42,5855.5,2685.879999999999,0.26953125,534,303,BLAa,BLA,16,left,0
535,536,3,6853.0,5857.759999999999,2686.699999999999,0.59765625,535,303,BLAa,BLA,16,left,0
536,537,3,6851.94,5859.9400000000005,2687.6000000000004,0.48828125,536,303,BLAa,BLA,16,left,0
537,538,3,6850.280000000001,5862.1,2688.5200000000004,0.48828125,537,303,BLAa,BLA,16,left,0
538,539,3,6849.42,5862.94,2689.0,0.40625,538,303,BLAa,BLA,16,left,0
539,540,3,6849.299999999999,5865.280000000001,2689.5599999999995,0.40625,539,303,BLAa,BLA,16,left,0
540,541,3,6848.0,5866.660000000001,2690.8600000000006,0.2421875,540,303,BLAa,BLA,16,left,0
541,542,3,6845.66,5868.04,2693.0200000000004,0.6484375,541,303,BLAa,BLA,16,left,0
542,543,3,6844.46,5868.9400000000005,2694.58,0.4609375,542,303,BLAa,BLA,16,left,0
543,544,3,6842.42,5870.14,2696.380000000001,0.5703125,543,303,BLAa,BLA,16,left,0
544,545,3,6840.62,5870.04,2696.98,0.3515625,544,303,BLAa,BLA,16,left,0
545,546,3,6839.32,5873.82,2698.0600000000013,0.37890625,545,303,BLAa,BLA,16,left,0
546,547,3,6837.56,5875.02,2699.0,0.6484375,546,303,BLAa,BLA,16,left,0
547,548,3,6835.98,5875.5,2700.1800000000003,0.43359375,547,303,BLAa,BLA,16,left,0
548,549,3,6834.880000000001,5877.200000000001,2701.32,0.3515625,548,303,BLAa,BLA,16,left,0
549,550,3,6833.58,5878.74,2701.9399999999987,0.21484375,549,303,BLAa,BLA,16,left,0
550,551,3,6832.02,5880.119999999999,2703.48,0.32421875,550,303,BLAa,BLA,16,left,0
551,552,3,6831.42,5881.639999999999,2704.5,0.515625,551,303,BLAa,BLA,16,left,0
552,553,3,6830.700000000001,5884.139999999999,2704.640000000001,0.8125,552,303,BLAa,BLA,16,left,0
553,554,3,6830.119999999999,5887.3,2704.42,0.21484375,553,303,BLAa,BLA,16,left,0
554,555,3,6828.64,5889.099999999999,2705.119999999999,0.4609375,554,303,BLAa,BLA,16,left,0
555,556,3,6826.32,5891.78,2706.7800000000007,0.26953125,555,303,BLAa,BLA,16,left,0
556,557,3,6825.02,5893.16,2708.3600000000006,0.296875,556,303,BLAa,BLA,16,left,0
557,558,3,6824.24,5893.9800000000005,2709.619999999999,0.40625,557,303,BLAa,BLA,16,left,0
558,559,3,6822.9,5895.04,2711.4,0.00390625,558,303,BLAa,BLA,16,left,0
559,560,3,6820.98,5895.900000000001,2712.619999999999,0.40625,559,303,BLAa,BLA,16,left,0
560,561,3,6819.38,5896.88,2713.34,0.296875,560,303,BLAa,BLA,16,left,0
561,562,3,6817.74,5897.52,2714.0599999999995,0.3515625,561,303,BLAa,BLA,16,left,0
562,563,3,6816.16,5897.5,2715.040000000001,0.32421875,562,303,BLAa,BLA,16,left,0
563,564,3,6813.9400000000005,5898.08,2717.0200000000004,0.21484375,563,303,BLAa,BLA,16,left,0
564,565,3,6812.46,5898.86,2718.120000000001,0.78515625,564,303,BLAa,BLA,16,left,0
565,566,3,6811.42,5900.68,2718.9,0.296875,565,303,BLAa,BLA,16,left,0
566,567,3,6811.32,5901.38,2720.040000000001,0.296875,566,303,BLAa,BLA,16,left,0
567,568,3,6809.700000000001,5901.94,2721.82,0.48828125,567,303,BLAa,BLA,16,left,0
568,569,3,6808.400000000001,5903.28,2722.74,0.26953125,568,303,BLAa,BLA,16,left,0
569,570,3,6807.26,5905.72,2723.4400000000005,0.3515625,569,303,BLAa,BLA,16,left,0
570,571,3,6804.700000000001,5907.14,2724.72,0.00390625,570,303,BLAa,BLA,16,left,0
571,572,3,6802.74,5909.44,2726.42,0.4609375,571,303,BLAa,BLA,16,left,0
572,573,3,6801.78,5911.900000000001,2727.22,0.32421875,572,303,BLAa,BLA,16,left,0
573,574,3,6800.320000000001,5913.32,2727.9,0.54296875,573,303,BLAa,BLA,16,left,0
574,575,3,6798.92,5913.780000000001,2729.1000000000004,0.37890625,574,303,BLAa,BLA,16,left,0
575,576,3,6798.06,5915.639999999999,2730.0200000000004,0.3515625,575,303,BLAa,BLA,16,left,0
576,577,3,6797.5,5917.64,2730.84,0.37890625,576,303,BLAa,BLA,16,left,0
577,578,3,6795.62,5919.120000000001,2731.66,0.43359375,577,303,BLAa,BLA,16,left,0
578,579,3,6794.26,5920.08,2732.880000000001,0.2421875,578,303,BLAa,BLA,16,left,0
579,580,3,6793.719999999999,5920.66,2734.880000000001,0.4609375,579,303,BLAa,BLA,16,left,0
580,581,3,6792.960000000001,5921.88,2736.4,0.54296875,580,303,BLAa,BLA,16,left,0
581,582,3,6791.16,5924.120000000001,2737.8,0.54296875,581,303,BLAa,BLA,16,left,0
582,583,3,6789.58,5925.639999999999,2737.9,0.4609375,582,303,BLAa,BLA,16,left,0
583,584,3,6788.4400000000005,5926.82,2739.6000000000004,0.00390625,583,303,BLAa,BLA,16,left,0
584,585,3,6787.64,5928.16,2740.800000000001,0.3515625,584,303,BLAa,BLA,16,left,0
585,586,3,6785.9400000000005,5928.9800000000005,2742.6000000000004,0.19140625,585,303,BLAa,BLA,16,left,0
586,587,3,6784.56,5929.84,2743.5200000000004,0.43359375,586,303,BLAa,BLA,16,left,0
587,588,3,6783.48,5930.879999999999,2744.58,0.21484375,587,303,BLAa,BLA,16,left,0
588,589,3,6782.32,5932.36,2746.1000000000004,0.40625,588,303,BLAa,BLA,16,left,0
589,590,3,6780.58,5933.16,2747.0,0.4609375,589,303,BLAa,BLA,16,left,0
590,591,3,6779.22,5934.6,2748.4,0.40625,590,303,BLAa,BLA,16,left,0
591,592,3,6777.820000000001,5935.8,2749.66,0.43359375,591,303,BLAa,BLA,16,left,0
592,593,3,6775.36,5936.58,2751.16,0.37890625,592,303,BLAa,BLA,16,left,0
593,594,3,6773.8,5937.7,2751.4,0.296875,593,303,BLAa,BLA,16,left,0
594,595,3,6772.34,5940.16,2751.3600000000006,0.4609375,594,303,BLAa,BLA,16,left,0
595,596,3,6772.58,5943.42,2751.74,0.48828125,595,303,BLAa,BLA,16,left,0
596,597,3,6772.94,5947.56,2752.22,0.296875,596,303,BLAa,BLA,16,left,0
597,598,3,6772.54,5950.14,2752.82,0.48828125,597,303,BLAa,BLA,16,left,0
598,599,3,6772.4400000000005,5954.6,2753.5,0.32421875,598,303,BLAa,BLA,16,left,0
599,600,3,6771.7,5957.06,2753.84,0.19140625,599,303,BLAa,BLA,16,left,0
600,601,3,6770.44,5958.56,2754.76,0.21484375,600,303,BLAa,BLA,16,left,0
601,602,3,6769.400000000001,5960.04,2755.08,0.3515625,601,303,BLAa,BLA,16,left,0
602,603,3,6767.64,5960.9400000000005,2755.66,0.59765625,602,303,BLAa,BLA,16,left,0
603,604,3,6765.96,5961.88,2756.879999999999,0.48828125,603,303,BLAa,BLA,16,left,0
604,605,3,6763.5,5963.139999999999,2758.98,0.37890625,604,303,BLAa,BLA,16,left,0
605,606,3,6761.92,5963.86,2760.1800000000003,0.54296875,605,303,BLAa,BLA,16,left,0
606,607,3,6761.02,5964.400000000001,2761.2000000000007,0.32421875,606,303,BLAa,BLA,16,left,0
607,608,3,6759.099999999999,5965.4,2762.3,0.00390625,607,303,BLAa,BLA,16,left,0
608,609,3,6757.039999999999,5965.280000000001,2763.72,0.32421875,608,303,BLAa,BLA,16,left,0
609,610,3,6755.5,5964.9,2765.34,0.2421875,609,303,BLAa,BLA,16,left,0
610,611,3,6753.04,5964.96,2766.9399999999987,0.54296875,610,303,BLAa,BLA,16,left,0
611,612,3,6752.06,5965.22,2768.619999999999,0.4609375,611,303,BLAa,BLA,16,left,0
612,613,3,6750.900000000001,5964.539999999999,2770.24,0.4609375,612,303,BLAa,BLA,16,left,0
613,614,3,6748.76,5963.46,2772.0599999999995,0.59765625,613,303,BLAa,BLA,16,left,0
614,615,3,6747.26,5961.7,2774.220000000001,0.62109375,614,303,BLAa,BLA,16,left,0
615,616,3,6745.48,5959.120000000001,2776.08,0.32421875,615,303,BLAa,BLA,16,left,0
616,617,3,6744.5,5956.88,2777.5599999999995,0.37890625,616,303,BLAa,BLA,16,left,0
617,618,3,6743.52,5955.460000000001,2779.74,0.26953125,617,303,BLAa,BLA,16,left,0
618,619,3,6741.280000000001,5954.06,2781.699999999999,0.32421875,618,303,BLAa,BLA,16,left,0
619,620,3,6739.9400000000005,5953.28,2783.120000000001,0.26953125,619,303,BLAa,BLA,16,left,0
620,621,3,6738.26,5953.959999999999,2784.220000000001,0.0078125,620,303,BLAa,BLA,16,left,0
621,622,3,6736.799999999999,5954.84,2785.4,0.40625,621,303,BLAa,BLA,16,left,0
622,623,3,6735.700000000001,5955.66,2786.1399999999994,0.296875,622,303,BLAa,BLA,16,left,0
623,624,3,6734.86,5958.02,2787.22,0.37890625,623,303,BLAa,BLA,16,left,0
624,625,3,6733.9800000000005,5959.24,2788.26,0.40625,624,303,BLAa,BLA,16,left,0
625,626,3,6732.7,5960.280000000001,2789.460000000001,0.43359375,625,303,BLAa,BLA,16,left,0
626,627,3,6731.1,5961.12,2790.84,0.4609375,626,303,BLAa,BLA,16,left,0
627,628,3,6730.02,5961.72,2791.620000000001,0.5703125,627,303,BLAa,BLA,16,left,0
628,629,3,6729.08,5964.08,2792.4,0.4609375,628,303,BLAa,BLA,16,left,0
629,630,3,6728.099999999999,5966.3,2792.8,0.43359375,629,303,BLAa,BLA,16,left,0
630,631,3,6726.4800000000005,5968.02,2793.5200000000004,0.3515625,630,303,BLAa,BLA,16,left,0
631,632,3,6723.9800000000005,5969.400000000001,2794.379999999999,0.515625,631,303,BLAa,BLA,16,left,0
632,633,3,6722.26,5971.58,2795.460000000001,0.2421875,632,303,BLAa,BLA,16,left,0
633,634,3,6721.58,5973.4400000000005,2796.6800000000003,0.40625,633,303,BLAa,BLA,16,left,0
634,635,3,6720.16,5975.639999999999,2797.7000000000007,0.00390625,634,303,BLAa,BLA,16,left,0
635,636,3,6718.68,5976.84,2798.48,0.32421875,635,303,BLAa,BLA,16,left,0
636,637,3,6716.0,5978.139999999999,2798.9400000000005,0.3515625,636,303,BLAa,BLA,16,left,0
637,638,3,6714.44,5979.52,2799.220000000001,0.32421875,637,303,BLAa,BLA,16,left,0
638,639,3,6711.599999999999,5980.58,2800.5200000000004,0.26953125,638,303,BLAa,BLA,16,left,0
639,640,3,6709.66,5981.3,2801.16,0.1640625,639,303,BLAa,BLA,16,left,0
640,641,3,6708.04,5982.1,2802.22,0.00390625,640,303,BLAa,BLA,16,left,0
641,642,3,6706.72,5984.120000000001,2802.84,0.37890625,641,303,BLAa,BLA,16,left,0
642,643,3,6705.460000000001,5986.84,2803.4,0.4609375,642,303,BLAa,BLA,16,left,0
643,644,3,6704.84,5988.58,2804.3,0.26953125,643,303,BLAa,BLA,16,left,0
644,645,3,6704.04,5991.219999999999,2805.3599999999988,0.3515625,644,303,BLAa,BLA,16,left,0
645,646,3,6704.400000000001,5994.04,2806.900000000001,0.26953125,645,303,BLAa,BLA,16,left,0
646,647,3,6704.96,5997.4800000000005,2808.0200000000004,0.4609375,646,303,BLAa,BLA,16,left,0
647,648,3,6704.719999999999,6000.38,2808.379999999999,0.515625,647,303,BLAa,BLA,16,left,0
648,649,3,6703.52,6002.5,2808.619999999999,0.19140625,648,303,BLAa,BLA,16,left,0
649,650,3,6703.400000000001,6004.8,2809.8600000000006,0.515625,649,303,BLAa,BLA,16,left,0
650,651,3,6702.02,6006.3,2810.9,0.40625,650,303,BLAa,BLA,16,left,0
651,652,3,6699.92,6008.3,2812.459999999999,0.515625,651,303,BLAa,BLA,16,left,0
652,653,3,6698.9400000000005,6009.5,2813.7800000000007,0.40625,652,303,BLAa,BLA,16,left,0
653,654,3,6697.34,6011.1,2814.7000000000007,0.43359375,653,303,BLAa,BLA,16,left,0
654,655,3,6695.1,6011.3,2815.76,0.32421875,654,477,STR,STR,16,left,0
655,656,3,6693.28,6011.2,2816.34,0.32421875,655,477,STR,STR,16,left,0
656,657,3,6691.76,6011.24,2816.82,0.01953125,656,477,STR,STR,16,left,0
657,658,3,6689.34,6012.14,2817.380000000001,0.32421875,657,477,STR,STR,16,left,0
658,659,3,6687.799999999999,6013.28,2818.0,0.37890625,658,477,STR,STR,16,left,0
659,660,3,6686.5,6015.1,2818.5,0.21484375,659,477,STR,STR,16,left,0
660,661,3,6685.259999999999,6016.76,2819.7000000000007,0.32421875,660,477,STR,STR,16,left,0
661,662,3,6684.62,6018.360000000001,2821.0200000000004,0.37890625,661,477,STR,STR,16,left,0
662,663,3,6683.9400000000005,6020.76,2822.24,0.54296875,662,477,STR,STR,16,left,0
663,664,3,6683.26,6022.960000000001,2822.619999999999,0.2421875,663,477,STR,STR,16,left,0
664,665,3,6681.3,6023.64,2824.0599999999995,0.40625,664,477,STR,STR,16,left,0
665,666,3,6680.0,6023.66,2825.98,0.43359375,665,477,STR,STR,16,left,0
666,667,3,6679.6,6023.9,2828.0200000000004,0.43359375,666,477,STR,STR,16,left,0
667,668,3,6679.24,6025.14,2829.539999999999,0.26953125,667,477,STR,STR,16,left,0
668,669,3,6678.3,6025.62,2830.959999999999,0.296875,668,477,STR,STR,16,left,0
669,670,3,6677.799999999999,6025.98,2832.7000000000007,0.4609375,669,477,STR,STR,16,left,0
670,671,3,6676.56,6026.599999999999,2833.7800000000007,0.48828125,670,477,STR,STR,16,left,0
671,672,3,6674.700000000001,6027.74,2835.0599999999995,0.00390625,671,477,STR,STR,16,left,0
672,673,3,6673.74,6030.119999999999,2835.9,0.26953125,672,477,STR,STR,16,left,0
673,674,3,6672.36,6031.92,2836.8600000000006,0.3515625,673,477,STR,STR,16,left,0
674,675,3,6671.620000000001,6033.28,2837.76,0.32421875,674,477,STR,STR,16,left,0
675,676,3,6669.38,6034.38,2838.5,0.1640625,675,477,STR,STR,16,left,0
676,677,3,6667.16,6034.679999999999,2838.72,0.32421875,676,477,STR,STR,16,left,0
677,678,3,6665.259999999999,6034.56,2839.199999999999,0.32421875,677,477,STR,STR,16,left,0
678,679,3,6663.74,6034.740000000001,2839.779999999999,0.3515625,678,477,STR,STR,16,left,0
679,680,3,6661.74,6034.539999999999,2841.1399999999994,0.32421875,679,477,STR,STR,16,left,0
680,681,3,6660.08,6033.92,2842.5200000000004,0.2421875,680,477,STR,STR,16,left,0
681,682,3,6657.64,6033.82,2844.6000000000004,0.37890625,681,477,STR,STR,16,left,0
682,683,3,6656.26,6034.66,2845.84,0.515625,682,477,STR,STR,16,left,0
683,684,3,6654.56,6036.06,2847.5599999999995,0.26953125,683,477,STR,STR,16,left,0
684,685,3,6653.8,6038.18,2848.6399999999994,0.21484375,684,477,STR,STR,16,left,0
685,686,3,6652.4,6040.0,2849.5200000000004,0.703125,685,477,STR,STR,16,left,0
686,687,3,6651.4400000000005,6042.32,2850.1399999999994,0.26953125,686,477,STR,STR,16,left,0
687,688,3,6649.9400000000005,6043.64,2852.1000000000004,0.43359375,687,477,STR,STR,16,left,0
688,689,3,6648.18,6043.08,2853.7000000000007,0.43359375,688,477,STR,STR,16,left,0
689,690,3,6646.660000000001,6041.16,2855.4,0.296875,689,477,STR,STR,16,left,0
690,691,3,6644.76,6039.24,2857.32,0.3515625,690,477,STR,STR,16,left,0
691,692,3,6643.400000000001,6038.339999999999,2859.26,0.296875,691,477,STR,STR,16,left,0
692,693,3,6641.92,6037.4,2860.84,0.32421875,692,477,STR,STR,16,left,0
693,694,3,6641.14,6038.8,2862.119999999999,0.0078125,693,477,STR,STR,16,left,0
694,695,3,6640.56,6039.719999999999,2864.2800000000007,0.1640625,694,477,STR,STR,16,left,0
695,696,3,6639.32,6039.2,2866.1399999999994,0.43359375,695,477,STR,STR,16,left,0
696,697,3,6639.06,6038.82,2868.4400000000005,0.296875,696,477,STR,STR,16,left,0
697,698,3,6637.780000000001,6038.48,2869.66,0.43359375,697,477,STR,STR,16,left,0
698,699,3,6635.98,6038.3,2871.3600000000006,0.32421875,698,477,STR,STR,16,left,0
699,700,3,6634.0,6038.3,2873.3600000000006,0.37890625,699,477,STR,STR,16,left,0
700,701,3,6633.0,6037.9,2874.199999999999,0.40625,700,477,STR,STR,16,left,0
701,702,3,6630.54,6035.38,2874.2800000000007,0.0078125,701,477,STR,STR,16,left,0
702,703,3,6627.5,6032.52,2873.26,0.21484375,702,477,STR,STR,16,left,0
703,704,3,6626.06,6032.380000000001,2872.9400000000005,0.32421875,703,477,STR,STR,16,left,0
704,705,3,6623.780000000001,6032.219999999999,2873.26,0.37890625,704,477,STR,STR,16,left,0
705,706,3,6621.88,6032.12,2874.0200000000004,0.32421875,705,477,STR,STR,16,left,0
706,707,3,6618.9800000000005,6032.0,2875.779999999999,0.40625,706,559,CEAm,CEA,16,left,0
707,708,3,6618.22,6031.74,2876.82,0.48828125,707,559,CEAm,CEA,16,left,0
708,709,3,6616.78,6029.08,2878.9400000000005,0.48828125,708,559,CEAm,CEA,16,left,0
709,710,3,6614.28,6025.259999999999,2880.4400000000005,0.48828125,709,559,CEAm,CEA,16,left,0
710,711,3,6612.799999999999,6022.68,2881.5200000000004,0.59765625,710,559,CEAm,CEA,16,left,0
711,712,3,6610.900000000001,6020.48,2883.16,0.296875,711,559,CEAm,CEA,16,left,0
712,713,3,6609.56,6019.719999999999,2884.880000000001,0.296875,712,559,CEAm,CEA,16,left,0
713,714,3,6607.86,6019.04,2886.9399999999987,0.3515625,713,559,CEAm,CEA,16,left,0
714,715,3,6607.58,6017.94,2888.4,0.8671875,714,559,CEAm,CEA,16,left,0
715,716,3,6605.860000000001,6016.280000000001,2890.2800000000007,0.01171875,715,559,CEAm,CEA,16,left,0
716,717,3,6604.52,6014.58,2892.48,0.1640625,716,559,CEAm,CEA,16,left,0
717,718,3,6603.62,6012.98,2894.48,0.43359375,717,559,CEAm,CEA,16,left,0
718,719,3,6604.5,6010.639999999999,2895.879999999999,0.0078125,718,559,CEAm,CEA,16,left,0
719,720,3,6605.599999999999,6008.959999999999,2897.119999999999,0.3515625,719,559,CEAm,CEA,16,left,0
720,721,3,6606.4,6007.34,2898.32,0.5703125,720,559,CEAm,CEA,16,left,0
721,722,3,6607.960000000001,6006.620000000001,2899.3,0.32421875,721,559,CEAm,CEA,16,left,0
722,723,3,6608.360000000001,6004.26,2901.1399999999994,0.19140625,722,559,CEAm,CEA,16,left,0
723,724,3,6608.62,6002.380000000001,2902.9400000000005,0.3515625,723,559,CEAm,CEA,16,left,0
724,725,3,6609.740000000001,6000.22,2904.32,0.2421875,724,559,CEAm,CEA,16,left,0
725,726,3,6610.62,5997.98,2905.959999999999,0.48828125,725,559,CEAm,CEA,16,left,0
726,727,3,6611.76,5995.2,2906.92,0.00390625,726,559,CEAm,CEA,16,left,0
727,728,3,6612.46,5992.58,2908.42,0.37890625,727,559,CEAm,CEA,16,left,0
728,729,3,6613.46,5990.54,2909.98,0.21484375,728,559,CEAm,CEA,16,left,0
729,730,3,6614.84,5990.119999999999,2911.8600000000006,0.43359375,729,559,CEAm,CEA,16,left,0
730,731,3,6615.9400000000005,5990.42,2913.82,0.40625,730,559,CEAm,CEA,16,left,0
731,732,3,6616.56,5990.54,2914.400000000001,0.03515625,731,559,CEAm,CEA,16,left,1
732,733,3,6861.34,5835.44,2671.6000000000004,0.015625,77,303,BLAa,BLA,17,left,0
733,734,3,6859.92,5834.299999999999,2673.0999999999985,0.48828125,733,303,BLAa,BLA,17,left,0
734,735,3,6857.66,5833.099999999999,2675.08,0.3515625,734,303,BLAa,BLA,17,left,0
735,736,3,6856.459999999999,5833.04,2676.4400000000005,0.37890625,735,303,BLAa,BLA,17,left,0
736,737,3,6854.24,5832.240000000001,2678.32,0.6484375,736,303,BLAa,BLA,17,left,0
737,738,3,6852.780000000001,5831.4400000000005,2679.84,0.43359375,737,303,BLAa,BLA,17,left,0
738,739,2,6862.960000000001,5777.1,2646.58,0.296875,119,303,BLAa,BLA,18,left,0
739,740,2,6861.84,5773.3,2646.879999999999,0.4609375,739,303,BLAa,BLA,18,left,0
740,741,2,6861.4,5771.78,2646.4,0.3515625,740,303,BLAa,BLA,18,left,0
741,742,2,6859.62,5769.740000000001,2646.1800000000003,0.2421875,741,303,BLAa,BLA,18,left,0
742,743,2,6858.52,5767.039999999999,2646.540000000001,0.40625,742,303,BLAa,BLA,18,left,0
743,744,2,6856.459999999999,5764.78,2646.76,0.1640625,743,303,BLAa,BLA,18,left,0
744,745,2,6854.6,5762.34,2646.42,0.3515625,744,303,BLAa,BLA,18,left,0
745,746,2,6854.32,5760.02,2646.08,0.21484375,745,303,BLAa,BLA,18,left,0
746,747,2,6853.22,5759.139999999999,2645.98,0.03515625,746,303,BLAa,BLA,18,left,0
747,748,2,6852.68,5756.34,2645.5600000000013,0.19140625,747,303,BLAa,BLA,18,left,0
748,749,2,6851.799999999999,5753.28,2645.539999999999,0.32421875,748,303,BLAa,BLA,18,left,0
749,750,2,6850.599999999999,5752.56,2645.5999999999985,0.1640625,749,303,BLAa,BLA,18,left,0
750,751,2,6849.400000000001,5750.18,2645.08,0.32421875,750,303,BLAa,BLA,18,left,0
751,752,2,6847.380000000001,5747.12,2644.619999999999,0.37890625,751,303,BLAa,BLA,18,left,0
752,753,2,6845.92,5744.880000000001,2644.4399999999987,0.21484375,752,303,BLAa,BLA,18,left,0
753,754,2,6843.24,5742.12,2644.379999999999,0.3515625,753,303,BLAa,BLA,18,left,0
754,755,2,6841.56,5740.76,2644.199999999999,0.1640625,754,303,BLAa,BLA,18,left,0
755,756,2,6839.740000000001,5737.92,2643.459999999999,0.40625,755,303,BLAa,BLA,18,left,0
756,757,2,6836.94,5737.08,2643.459999999999,0.1640625,756,303,BLAa,BLA,18,left,0
757,758,2,6835.119999999999,5736.32,2643.880000000001,0.19140625,757,303,BLAa,BLA,18,left,0
758,759,2,6833.02,5735.58,2644.0,0.40625,758,303,BLAa,BLA,18,left,0
759,760,2,6831.280000000001,5735.38,2643.98,0.43359375,759,303,BLAa,BLA,18,left,0
760,761,2,6828.9400000000005,5735.2,2644.0200000000004,0.296875,760,303,BLAa,BLA,18,left,0
761,762,2,6825.8,5735.2,2643.98,0.26953125,761,303,BLAa,BLA,18,left,0
762,763,2,6823.7,5734.64,2644.1399999999994,0.3515625,762,303,BLAa,BLA,18,left,0
763,764,2,6864.66,5780.02,2644.6000000000004,0.0078125,119,303,BLAa,BLA,19,left,0
764,765,2,6862.52,5777.16,2645.24,1.24609375,764,303,BLAa,BLA,19,left,0
765,766,2,6861.76,5774.6,2645.1800000000003,1.02734375,765,303,BLAa,BLA,19,left,0
766,767,2,6861.12,5772.820000000001,2644.1800000000003,0.83984375,766,303,BLAa,BLA,19,left,0
767,768,2,6859.24,5771.98,2643.48,0.703125,767,303,BLAa,BLA,19,left,0
768,769,2,6858.58,5769.880000000001,2642.66,0.59765625,768,303,BLAa,BLA,19,left,0
769,770,2,6856.94,5765.44,2641.5200000000004,0.21484375,769,303,BLAa,BLA,19,left,0
770,771,2,6856.42,5761.78,2641.4400000000005,0.6484375,770,303,BLAa,BLA,19,left,0
771,772,2,6856.68,5758.959999999999,2640.2000000000007,0.54296875,771,303,BLAa,BLA,19,left,0
772,773,2,6856.860000000001,5756.82,2639.120000000001,0.21484375,772,303,BLAa,BLA,19,left,0
773,774,2,6855.78,5753.68,2637.76,0.26953125,773,303,BLAa,BLA,19,left,0
774,775,2,6854.82,5751.24,2636.66,0.94921875,774,303,BLAa,BLA,19,left,1
775,776,3,6864.120000000001,5785.299999999999,2663.120000000001,0.40625,125,303,BLAa,BLA,20,left,0
776,777,3,6866.799999999999,5784.78,2664.0,0.48828125,776,303,BLAa,BLA,20,left,0
777,778,3,6869.48,5784.76,2664.66,0.515625,777,303,BLAa,BLA,20,left,0
778,779,3,6869.9800000000005,5784.84,2665.460000000001,0.40625,778,303,BLAa,BLA,20,left,0
779,780,3,6871.36,5786.06,2667.74,0.4609375,779,303,BLAa,BLA,20,left,0
780,781,3,6871.84,5785.82,2670.1399999999994,0.40625,780,303,BLAa,BLA,20,left,0
781,782,3,6873.02,5785.900000000001,2671.5200000000004,0.32421875,781,303,BLAa,BLA,20,left,0
782,783,3,6874.9800000000005,5786.1,2671.6399999999994,0.62109375,782,303,BLAa,BLA,20,left,0
783,784,3,6877.58,5786.34,2671.6000000000004,0.37890625,783,303,BLAa,BLA,20,left,0
784,785,3,6879.539999999999,5786.16,2671.6800000000003,0.515625,784,303,BLAa,BLA,20,left,0
785,786,3,6881.56,5785.299999999999,2672.58,0.48828125,785,303,BLAa,BLA,20,left,0
786,787,3,6884.539999999999,5784.84,2673.72,0.32421875,786,303,BLAa,BLA,20,left,0
787,788,3,6886.36,5784.84,2673.92,0.37890625,787,303,BLAa,BLA,20,left,0
788,789,3,6888.4400000000005,5784.34,2673.9400000000005,0.3515625,788,303,BLAa,BLA,20,left,0
789,790,3,6890.78,5783.08,2674.400000000001,0.32421875,789,303,BLAa,BLA,20,left,0
790,791,3,6892.28,5782.039999999999,2675.620000000001,0.4609375,790,303,BLAa,BLA,20,left,0
791,792,3,6893.379999999999,5781.38,2677.1800000000003,0.32421875,791,303,BLAa,BLA,20,left,0
792,793,3,6895.02,5781.459999999999,2677.74,0.59765625,792,303,BLAa,BLA,20,left,0
793,794,3,6895.5,5779.86,2680.0200000000004,0.01171875,793,303,BLAa,BLA,20,left,0
794,795,3,6896.3,5779.66,2682.08,0.1640625,794,303,BLAa,BLA,20,left,0
795,796,3,6897.86,5780.56,2683.0999999999985,0.2421875,795,303,BLAa,BLA,20,left,0
796,797,3,6899.48,5780.56,2684.42,0.00390625,796,303,BLAa,BLA,20,left,0
797,798,3,6900.92,5780.02,2685.5600000000013,0.296875,797,303,BLAa,BLA,20,left,0
798,799,3,6902.02,5778.719999999999,2687.279999999999,0.62109375,798,303,BLAa,BLA,20,left,0
799,800,3,6903.9400000000005,5778.339999999999,2687.9400000000005,0.32421875,799,303,BLAa,BLA,20,left,0
800,801,3,6905.58,5777.799999999999,2689.0599999999995,0.32421875,800,303,BLAa,BLA,20,left,0
801,802,3,6908.400000000001,5777.26,2690.5999999999985,0.67578125,801,303,BLAa,BLA,20,left,0
802,803,3,6910.78,5777.28,2691.1399999999994,0.5703125,802,303,BLAa,BLA,20,left,0
803,804,3,6912.58,5776.72,2690.84,0.03125,803,303,BLAa,BLA,20,left,0
804,805,3,6914.96,5775.14,2690.5200000000004,0.37890625,804,303,BLAa,BLA,20,left,0
805,806,3,6916.860000000001,5773.52,2690.6399999999994,0.37890625,805,303,BLAa,BLA,20,left,0
806,807,3,6920.0,5773.06,2690.5600000000013,0.40625,806,303,BLAa,BLA,20,left,0
807,808,3,6922.34,5773.26,2690.4400000000005,0.54296875,807,303,BLAa,BLA,20,left,0
808,809,3,6925.119999999999,5771.74,2690.5200000000004,0.0078125,808,303,BLAa,BLA,20,left,0
809,810,3,6927.4,5769.66,2690.959999999999,0.40625,809,303,BLAa,BLA,20,left,0
810,811,3,6928.86,5767.780000000001,2691.58,0.21484375,810,303,BLAa,BLA,20,left,0
811,812,3,6930.299999999999,5765.879999999999,2691.900000000001,0.37890625,811,303,BLAa,BLA,20,left,0
812,813,3,6932.799999999999,5764.24,2691.9399999999987,0.26953125,812,303,BLAa,BLA,20,left,0
813,814,3,6934.299999999999,5763.18,2691.6000000000004,0.32421875,813,303,BLAa,BLA,20,left,0
814,815,3,6937.4,5762.380000000001,2691.0599999999995,0.32421875,814,303,BLAa,BLA,20,left,0
815,816,3,6939.6,5761.54,2691.0200000000004,0.37890625,815,303,BLAa,BLA,20,left,0
816,817,3,6942.12,5761.1,2690.98,0.37890625,816,303,BLAa,BLA,20,left,0
817,818,3,6945.259999999999,5761.4,2691.4400000000005,0.01171875,817,303,BLAa,BLA,20,left,0
818,819,3,6946.639999999999,5761.82,2692.42,0.40625,818,303,BLAa,BLA,20,left,0
819,820,3,6948.76,5762.3,2693.039999999999,0.37890625,819,303,BLAa,BLA,20,left,0
820,821,3,6951.219999999999,5761.74,2694.1399999999994,0.54296875,820,303,BLAa,BLA,20,left,0
821,822,3,6952.88,5759.9400000000005,2694.8600000000006,0.43359375,821,303,BLAa,BLA,20,left,0
822,823,3,6954.24,5758.18,2696.0200000000004,0.19140625,822,303,BLAa,BLA,20,left,0
823,824,3,6955.900000000001,5757.820000000001,2697.3,0.32421875,823,303,BLAa,BLA,20,left,0
824,825,3,6958.540000000001,5758.16,2697.98,0.0078125,824,303,BLAa,BLA,20,left,0
825,826,3,6961.24,5758.26,2698.26,0.2421875,825,303,BLAa,BLA,20,left,0
826,827,3,6962.72,5757.3,2698.74,0.40625,826,303,BLAa,BLA,20,left,0
827,828,3,6964.84,5755.16,2699.5,0.32421875,827,303,BLAa,BLA,20,left,0
828,829,3,6965.839999999999,5754.24,2700.0200000000004,0.296875,828,303,BLAa,BLA,20,left,1
829,830,3,6861.4400000000005,5784.9,2663.619999999999,0.01953125,125,303,BLAa,BLA,21,left,0
830,831,3,6860.879999999999,5782.14,2666.1000000000004,0.3515625,830,303,BLAa,BLA,21,left,0
831,832,3,6860.08,5779.86,2667.140000000001,0.40625,831,303,BLAa,BLA,21,left,0
832,833,3,6859.32,5775.38,2668.1399999999994,0.43359375,832,303,BLAa,BLA,21,left,0
833,834,3,6857.92,5772.66,2668.34,0.43359375,833,303,BLAa,BLA,21,left,0
834,835,3,6856.5,5770.48,2668.32,0.32421875,834,303,BLAa,BLA,21,left,0
835,836,3,6853.58,5768.5,2669.0599999999995,0.4609375,835,303,BLAa,BLA,21,left,0
836,837,3,6851.94,5767.28,2669.66,0.43359375,836,303,BLAa,BLA,21,left,0
837,838,3,6848.86,5763.9400000000005,2670.0,0.32421875,837,303,BLAa,BLA,21,left,0
838,839,3,6844.9800000000005,5759.8,2670.72,0.7578125,838,303,BLAa,BLA,21,left,0
839,840,3,6843.82,5756.98,2671.2000000000007,0.62109375,839,303,BLAa,BLA,21,left,0
840,841,3,6842.58,5755.460000000001,2671.9399999999987,0.6484375,840,303,BLAa,BLA,21,left,0
841,842,3,6841.280000000001,5755.34,2672.66,0.8125,841,303,BLAa,BLA,21,left,0
842,843,3,6839.64,5753.86,2673.32,0.6484375,842,303,BLAa,BLA,21,left,0
843,844,3,6837.84,5750.16,2673.82,0.21484375,843,303,BLAa,BLA,21,left,0
844,845,3,6836.36,5747.179999999999,2674.0200000000004,0.37890625,844,303,BLAa,BLA,21,left,0
845,846,3,6835.259999999999,5743.48,2673.880000000001,0.54296875,845,303,BLAa,BLA,21,left,0
846,847,3,6834.2,5740.36,2674.4399999999987,0.01171875,846,303,BLAa,BLA,21,left,0
847,848,3,6833.24,5736.0,2675.32,0.43359375,847,303,BLAa,BLA,21,left,0
848,849,3,6832.34,5734.740000000001,2675.58,0.37890625,848,303,BLAa,BLA,21,left,0
849,850,3,6831.2,5725.38,2676.960000000001,0.4609375,849,303,BLAa,BLA,21,left,0
850,851,3,6829.86,5722.26,2677.7000000000007,0.5703125,850,303,BLAa,BLA,21,left,0
851,852,3,6828.780000000001,5717.84,2678.66,0.8125,851,303,BLAa,BLA,21,left,0
852,853,3,6830.320000000001,5717.240000000001,2678.7800000000007,0.7578125,852,303,BLAa,BLA,21,left,0
853,854,3,6827.42,5715.96,2679.199999999999,0.01171875,853,303,BLAa,BLA,21,left,0
854,855,3,6826.76,5712.74,2680.119999999999,0.43359375,854,303,BLAa,BLA,21,left,0
855,856,3,6825.44,5709.24,2680.9400000000005,0.5703125,855,303,BLAa,BLA,21,left,0
856,857,3,6823.780000000001,5706.74,2681.58,0.40625,856,303,BLAa,BLA,21,left,0
857,858,3,6821.34,5703.9400000000005,2681.720000000001,0.83984375,857,579,ec,ec,21,left,0
858,859,3,6819.38,5701.82,2681.32,0.32421875,858,579,ec,ec,21,left,0
859,860,3,6818.04,5699.22,2681.1399999999994,0.40625,859,579,ec,ec,21,left,0
860,861,3,6816.96,5697.12,2681.699999999999,0.54296875,860,579,ec,ec,21,left,0
861,862,3,6815.8,5694.9,2683.0600000000013,0.43359375,861,579,ec,ec,21,left,0
862,863,3,6814.5,5694.44,2683.7800000000007,0.8671875,862,579,ec,ec,21,left,0
863,864,3,6812.240000000001,5693.04,2684.84,0.01953125,863,579,ec,ec,21,left,0
864,865,3,6811.02,5690.259999999999,2685.82,0.4609375,864,579,ec,ec,21,left,0
865,866,3,6808.28,5688.88,2685.8600000000006,0.62109375,865,579,ec,ec,21,left,0
866,867,3,6807.72,5687.7,2685.0200000000004,0.296875,866,579,ec,ec,21,left,0
867,868,3,6806.72,5684.740000000001,2684.5599999999995,0.26953125,867,579,ec,ec,21,left,0
868,869,3,6805.08,5682.7,2684.26,0.43359375,868,579,ec,ec,21,left,0
869,870,3,6803.0,5681.56,2683.300000000001,0.43359375,869,579,ec,ec,21,left,0
870,871,3,6801.16,5680.9400000000005,2683.0,0.2421875,870,579,ec,ec,21,left,0
871,872,3,6800.1,5679.400000000001,2682.74,0.7578125,871,579,ec,ec,21,left,0
872,873,3,6797.759999999999,5677.64,2682.76,0.59765625,872,579,ec,ec,21,left,0
873,874,3,6796.620000000001,5675.96,2682.6800000000003,0.7578125,873,579,ec,ec,21,left,0
874,875,3,6795.18,5671.5,2682.5200000000004,0.00390625,874,579,ec,ec,21,left,0
875,876,3,6794.46,5668.7,2682.66,0.48828125,875,579,ec,ec,21,left,0
876,877,3,6793.719999999999,5665.76,2682.22,0.43359375,876,579,ec,ec,21,left,0
877,878,3,6792.74,5663.64,2682.0599999999995,0.67578125,877,544,CEAc,CEA,21,left,0
878,879,3,6792.200000000001,5659.84,2681.960000000001,0.2421875,878,544,CEAc,CEA,21,left,0
879,880,3,6791.82,5654.96,2681.84,0.48828125,879,544,CEAc,CEA,21,left,0
880,881,3,6792.4400000000005,5653.92,2681.459999999999,0.62109375,880,544,CEAc,CEA,21,left,0
881,882,3,6791.4,5653.62,2680.620000000001,0.0234375,881,544,CEAc,CEA,21,left,0
882,883,3,6790.06,5651.76,2681.0599999999995,0.4609375,882,544,CEAc,CEA,21,left,1
883,884,3,6891.620000000001,5840.259999999999,2677.380000000001,0.03515625,335,303,BLAa,BLA,22,left,0
884,885,3,6891.72,5842.72,2678.619999999999,0.32421875,884,303,BLAa,BLA,22,left,0
885,886,3,6891.98,5844.400000000001,2679.42,0.48828125,885,303,BLAa,BLA,22,left,0
886,887,3,6892.32,5845.36,2681.5200000000004,0.4609375,886,303,BLAa,BLA,22,left,0
887,888,3,6892.7,5846.92,2683.379999999999,0.5703125,887,303,BLAa,BLA,22,left,0
888,889,3,6893.28,5850.48,2685.24,0.54296875,888,303,BLAa,BLA,22,left,0
889,890,3,6893.66,5852.5,2686.7800000000007,0.3515625,889,303,BLAa,BLA,22,left,0
890,891,3,6894.06,5854.880000000001,2688.0200000000004,0.32421875,890,303,BLAa,BLA,22,left,0
891,892,3,6894.44,5857.16,2689.1800000000003,0.2421875,891,303,BLAa,BLA,22,left,0
892,893,3,6894.9800000000005,5859.44,2691.6800000000003,0.48828125,892,303,BLAa,BLA,22,left,0
893,894,3,6895.0,5859.84,2693.1800000000003,0.40625,893,303,BLAa,BLA,22,left,0
894,895,3,6894.04,5859.8,2693.6000000000004,0.5703125,894,303,BLAa,BLA,22,left,0
895,896,3,6893.200000000001,5859.48,2694.98,0.0078125,895,303,BLAa,BLA,22,left,0
896,897,3,6892.4800000000005,5858.06,2697.8599999999988,0.43359375,896,303,BLAa,BLA,22,left,0
897,898,3,6892.219999999999,5857.240000000001,2700.16,0.296875,897,303,BLAa,BLA,22,left,0
898,899,3,6892.5,5858.02,2701.960000000001,0.19140625,898,303,BLAa,BLA,22,left,0
899,900,3,6893.24,5860.1,2702.279999999999,0.26953125,899,303,BLAa,BLA,22,left,0
900,901,3,6894.700000000001,5862.66,2701.900000000001,0.32421875,900,303,BLAa,BLA,22,left,0
901,902,3,6896.1,5866.459999999999,2701.040000000001,0.37890625,901,303,BLAa,BLA,22,left,0
902,903,3,6897.26,5868.400000000001,2700.82,0.43359375,902,303,BLAa,BLA,22,left,0
903,904,3,6899.2,5870.72,2700.4,0.40625,903,303,BLAa,BLA,22,left,0
904,905,3,6900.02,5872.86,2699.82,0.40625,904,303,BLAa,BLA,22,left,0
905,906,3,6901.900000000001,5874.52,2699.5599999999995,0.48828125,905,303,BLAa,BLA,22,left,0
906,907,3,6902.9,5877.1,2699.74,0.3515625,906,303,BLAa,BLA,22,left,0
907,908,3,6904.9,5879.58,2700.24,0.3515625,907,303,BLAa,BLA,22,left,0
908,909,3,6906.040000000001,5881.76,2700.4400000000005,0.32421875,908,303,BLAa,BLA,22,left,0
909,910,3,6907.88,5884.9,2699.98,0.43359375,909,303,BLAa,BLA,22,left,0
910,911,3,6909.42,5887.46,2700.48,0.2421875,910,303,BLAa,BLA,22,left,0
911,912,3,6911.72,5890.16,2700.879999999999,0.26953125,911,303,BLAa,BLA,22,left,0
912,913,3,6914.62,5893.379999999999,2700.32,0.2421875,912,303,BLAa,BLA,22,left,0
913,914,3,6915.72,5895.38,2699.98,0.296875,913,303,BLAa,BLA,22,left,0
914,915,3,6917.619999999999,5897.28,2699.5599999999995,0.296875,914,303,BLAa,BLA,22,left,0
915,916,3,6918.62,5899.2,2699.0,0.1640625,915,303,BLAa,BLA,22,left,1
916,917,3,6894.92,5840.76,2677.960000000001,0.0078125,335,303,BLAa,BLA,23,left,0
917,918,3,6897.32,5841.16,2679.3,0.54296875,917,303,BLAa,BLA,23,left,0
918,919,3,6898.780000000001,5841.280000000001,2680.66,0.67578125,918,303,BLAa,BLA,23,left,0
919,920,3,6899.22,5840.700000000001,2682.540000000001,0.5703125,919,303,BLAa,BLA,23,left,0
920,921,3,6900.48,5839.880000000001,2684.24,0.59765625,920,303,BLAa,BLA,23,left,0
921,922,3,6902.7,5839.84,2685.32,0.48828125,921,303,BLAa,BLA,23,left,0
922,923,3,6904.160000000001,5839.04,2686.5,0.296875,922,303,BLAa,BLA,23,left,0
923,924,3,6904.96,5838.32,2688.0200000000004,0.40625,923,303,BLAa,BLA,23,left,0
924,925,3,6906.5,5837.58,2689.3600000000006,0.515625,924,303,BLAa,BLA,23,left,0
925,926,3,6908.08,5836.98,2691.8,0.3515625,925,303,BLAa,BLA,23,left,0
926,927,3,6909.679999999999,5837.039999999999,2693.0,0.703125,926,303,BLAa,BLA,23,left,0
927,928,3,6910.58,5836.54,2694.58,0.00390625,927,303,BLAa,BLA,23,left,0
928,929,3,6912.02,5834.8,2695.82,0.43359375,928,303,BLAa,BLA,23,left,0
929,930,3,6912.4800000000005,5833.16,2697.119999999999,0.1640625,929,303,BLAa,BLA,23,left,0
930,931,3,6914.24,5833.26,2698.6000000000004,0.40625,930,303,BLAa,BLA,23,left,0
931,932,3,6915.56,5834.08,2699.6000000000004,0.48828125,931,303,BLAa,BLA,23,left,0
932,933,3,6917.98,5834.700000000001,2700.1800000000003,0.54296875,932,303,BLAa,BLA,23,left,0
933,934,3,6919.58,5835.259999999999,2701.22,0.26953125,933,303,BLAa,BLA,23,left,0
934,935,3,6921.34,5836.52,2702.119999999999,0.32421875,934,303,BLAa,BLA,23,left,0
935,936,3,6923.28,5837.32,2702.22,0.296875,935,303,BLAa,BLA,23,left,0
936,937,3,6924.299999999999,5836.14,2703.7000000000007,0.515625,936,303,BLAa,BLA,23,left,0
937,938,3,6924.8,5833.92,2705.620000000001,0.19140625,937,303,BLAa,BLA,23,left,0
938,939,3,6925.5,5832.780000000001,2706.74,0.296875,938,303,BLAa,BLA,23,left,0
939,940,3,6926.4,5832.3,2708.7000000000007,0.37890625,939,303,BLAa,BLA,23,left,0
940,941,3,6928.719999999999,5832.16,2709.640000000001,0.3515625,940,303,BLAa,BLA,23,left,0
941,942,3,6931.24,5832.179999999999,2710.6399999999994,0.32421875,941,303,BLAa,BLA,23,left,0
942,943,3,6932.54,5832.32,2711.42,0.32421875,942,303,BLAa,BLA,23,left,0
943,944,3,6935.38,5833.18,2711.6399999999994,0.37890625,943,303,BLAa,BLA,23,left,0
944,945,3,6937.54,5833.8,2711.8,0.4609375,944,303,BLAa,BLA,23,left,0
945,946,3,6941.08,5835.98,2712.7000000000007,0.00390625,945,303,BLAa,BLA,23,left,0
946,947,3,6943.7,5837.98,2713.880000000001,0.296875,946,303,BLAa,BLA,23,left,0
947,948,3,6945.54,5839.679999999999,2714.9400000000005,0.515625,947,303,BLAa,BLA,23,left,0
948,949,3,6948.48,5840.599999999999,2715.92,0.1640625,948,303,BLAa,BLA,23,left,0
949,950,3,6950.24,5841.14,2717.08,0.4609375,949,303,BLAa,BLA,23,left,0
950,951,3,6953.18,5841.5,2718.16,0.515625,950,303,BLAa,BLA,23,left,0
951,952,3,6954.28,5841.24,2718.6399999999994,0.48828125,951,303,BLAa,BLA,23,left,0
952,953,3,6955.58,5841.1,2719.460000000001,0.03515625,952,303,BLAa,BLA,23,left,0
953,954,3,6955.78,5839.64,2720.9,0.296875,953,303,BLAa,BLA,23,left,0
954,955,3,6956.639999999999,5837.86,2721.8600000000006,0.19140625,954,303,BLAa,BLA,23,left,0
955,956,3,6958.52,5836.7,2722.6000000000004,0.515625,955,303,BLAa,BLA,23,left,0
956,957,3,6960.0,5835.34,2723.4400000000005,0.32421875,956,303,BLAa,BLA,23,left,0
957,958,3,6962.380000000001,5834.700000000001,2724.460000000001,0.19140625,957,303,BLAa,BLA,23,left,0
958,959,3,6963.92,5835.320000000001,2725.08,0.32421875,958,303,BLAa,BLA,23,left,0
959,960,3,6966.16,5836.56,2726.5599999999995,0.00390625,959,303,BLAa,BLA,23,left,0
960,961,3,6967.26,5837.6,2727.74,0.54296875,960,303,BLAa,BLA,23,left,0
961,962,3,6967.68,5839.2,2729.959999999999,0.62109375,961,303,BLAa,BLA,23,left,0
962,963,3,6968.42,5841.02,2731.76,0.37890625,962,303,BLAa,BLA,23,left,0
963,964,3,6970.38,5842.4,2732.22,0.4609375,963,303,BLAa,BLA,23,left,0
964,965,3,6972.9,5844.099999999999,2732.48,0.48828125,964,303,BLAa,BLA,23,left,0
965,966,3,6973.84,5845.839999999999,2733.6000000000004,0.37890625,965,303,BLAa,BLA,23,left,0
966,967,3,6975.72,5847.4,2734.5599999999995,0.67578125,966,303,BLAa,BLA,23,left,0
967,968,3,6977.4800000000005,5848.4400000000005,2735.4400000000005,0.0078125,967,303,BLAa,BLA,23,left,0
968,969,3,6978.339999999999,5850.72,2737.1000000000004,0.32421875,968,303,BLAa,BLA,23,left,0
969,970,3,6978.339999999999,5851.0,2738.8,0.0078125,969,303,BLAa,BLA,23,left,0
970,971,3,6978.68,5851.88,2740.92,0.296875,970,303,BLAa,BLA,23,left,0
971,972,3,6978.959999999999,5852.66,2743.880000000001,0.62109375,971,303,BLAa,BLA,23,left,0
972,973,3,6978.46,5853.0,2745.7000000000007,0.6484375,972,303,BLAa,BLA,23,left,0
973,974,3,6977.42,5854.28,2747.34,0.515625,973,303,BLAa,BLA,23,left,0
974,975,3,6976.4800000000005,5854.86,2748.3600000000006,0.48828125,974,303,BLAa,BLA,23,left,0
975,976,3,6976.4,5854.679999999999,2748.7800000000007,0.08203125,975,303,BLAa,BLA,23,left,0
976,977,3,6976.88,5855.0,2752.4400000000005,0.62109375,976,303,BLAa,BLA,23,left,0
977,978,3,6977.3,5855.900000000001,2755.1000000000004,0.3515625,977,303,BLAa,BLA,23,left,0
978,979,3,6977.66,5856.06,2757.2000000000007,0.48828125,978,303,BLAa,BLA,23,left,0
979,980,3,6978.92,5856.16,2758.7800000000007,0.2421875,979,303,BLAa,BLA,23,left,0
980,981,3,6979.2,5857.58,2760.76,0.48828125,980,303,BLAa,BLA,23,left,0
981,982,3,6978.6,5858.719999999999,2762.4400000000005,0.67578125,981,303,BLAa,BLA,23,left,0
982,983,3,6978.82,5859.46,2764.16,0.32421875,982,303,BLAa,BLA,23,left,0
983,984,3,6978.200000000001,5860.38,2766.66,0.4609375,983,303,BLAa,BLA,23,left,0
984,985,3,6979.02,5863.08,2768.08,0.296875,984,303,BLAa,BLA,23,left,0
985,986,3,6980.56,5864.740000000001,2769.5599999999995,0.21484375,985,303,BLAa,BLA,23,left,0
986,987,3,6982.34,5865.76,2770.5999999999985,0.54296875,986,303,BLAa,BLA,23,left,0
987,988,3,6983.02,5865.839999999999,2773.279999999999,0.78515625,987,303,BLAa,BLA,23,left,0
988,989,3,6982.32,5865.0,2775.42,0.40625,988,303,BLAa,BLA,23,left,0
989,990,3,6982.42,5864.32,2778.72,0.62109375,989,303,BLAa,BLA,23,left,0
990,991,3,6983.46,5865.68,2780.6399999999994,0.40625,990,303,BLAa,BLA,23,left,0
991,992,3,6985.16,5867.780000000001,2781.6800000000003,0.2421875,991,303,BLAa,BLA,23,left,0
992,993,3,6986.88,5868.74,2782.279999999999,0.37890625,992,303,BLAa,BLA,23,left,1
993,994,3,6850.16,5831.74,2680.74,0.01171875,738,303,BLAa,BLA,24,left,0
994,995,3,6848.339999999999,5832.3,2681.900000000001,0.48828125,994,303,BLAa,BLA,24,left,0
995,996,3,6846.4,5832.42,2682.4,0.296875,995,303,BLAa,BLA,24,left,0
996,997,3,6844.34,5832.7,2682.76,0.19140625,996,303,BLAa,BLA,24,left,0
997,998,3,6843.06,5832.780000000001,2683.66,0.5703125,997,303,BLAa,BLA,24,left,0
998,999,3,6840.700000000001,5833.32,2684.1800000000003,0.54296875,998,303,BLAa,BLA,24,left,0
999,1000,3,6839.120000000001,5834.42,2684.1399999999994,0.40625,999,303,BLAa,BLA,24,left,0
1000,1001,3,6836.82,5835.320000000001,2684.16,0.5703125,1000,303,BLAa,BLA,24,left,0
1001,1002,3,6834.76,5835.72,2684.24,0.59765625,1001,303,BLAa,BLA,24,left,0
1002,1003,3,6832.98,5835.78,2684.34,0.48828125,1002,303,BLAa,BLA,24,left,0
1003,1004,3,6830.280000000001,5835.5,2685.4400000000005,0.6484375,1003,303,BLAa,BLA,24,left,0
1004,1005,3,6829.18,5834.58,2686.5200000000004,0.8125,1004,303,BLAa,BLA,24,left,0
1005,1006,3,6826.98,5833.74,2686.900000000001,0.04296875,1005,303,BLAa,BLA,24,left,0
1006,1007,3,6824.8,5833.24,2687.1000000000004,0.703125,1006,303,BLAa,BLA,24,left,0
1007,1008,3,6822.66,5831.4400000000005,2687.459999999999,0.4609375,1007,303,BLAa,BLA,24,left,0
1008,1009,3,6820.639999999999,5829.26,2687.459999999999,0.48828125,1008,303,BLAa,BLA,24,left,0
1009,1010,3,6818.74,5827.820000000001,2687.24,0.703125,1009,303,BLAa,BLA,24,left,0
1010,1011,3,6815.839999999999,5826.24,2687.5,0.43359375,1010,303,BLAa,BLA,24,left,0
1011,1012,3,6814.42,5825.58,2687.76,0.296875,1011,303,BLAa,BLA,24,left,0
1012,1013,3,6812.16,5825.320000000001,2688.22,0.62109375,1012,303,BLAa,BLA,24,left,0
1013,1014,3,6810.16,5825.460000000001,2688.379999999999,0.40625,1013,303,BLAa,BLA,24,left,0
1014,1015,3,6808.22,5825.5,2688.7800000000007,0.5703125,1014,303,BLAa,BLA,24,left,0
1015,1016,3,6806.02,5825.299999999999,2689.040000000001,0.6484375,1015,303,BLAa,BLA,24,left,0
1016,1017,3,6801.16,5824.82,2689.4399999999987,0.0078125,1016,303,BLAa,BLA,24,left,0
1017,1018,3,6798.32,5824.539999999999,2689.3600000000006,0.5703125,1017,303,BLAa,BLA,24,left,0
1018,1019,3,6796.040000000001,5824.28,2688.98,0.515625,1018,303,BLAa,BLA,24,left,0
1019,1020,3,6793.22,5823.9400000000005,2688.98,0.6484375,1019,303,BLAa,BLA,24,left,0
1020,1021,3,6791.7,5823.48,2689.1399999999994,0.54296875,1020,303,BLAa,BLA,24,left,0
1021,1022,3,6789.44,5823.04,2689.3600000000006,0.40625,1021,303,BLAa,BLA,24,left,0
1022,1023,3,6787.56,5822.86,2689.5200000000004,0.43359375,1022,303,BLAa,BLA,24,left,0
1023,1024,3,6785.0,5823.56,2689.6000000000004,0.7578125,1023,303,BLAa,BLA,24,left,0
1024,1025,3,6783.0,5824.08,2689.6800000000003,0.8671875,1024,303,BLAa,BLA,24,left,0
1025,1026,3,6780.56,5824.52,2689.8,0.046875,1025,303,BLAa,BLA,24,left,0
1026,1027,3,6776.96,5824.679999999999,2690.040000000001,0.32421875,1026,303,BLAa,BLA,24,left,0
1027,1028,3,6774.64,5824.44,2690.24,0.703125,1027,303,BLAa,BLA,24,left,0
1028,1029,3,6771.599999999999,5824.44,2690.460000000001,0.62109375,1028,303,BLAa,BLA,24,left,0
1029,1030,3,6768.64,5824.82,2690.620000000001,0.37890625,1029,303,BLAa,BLA,24,left,0
1030,1031,3,6766.36,5824.92,2690.779999999999,0.59765625,1030,303,BLAa,BLA,24,left,0
1031,1032,3,6764.28,5826.0,2690.539999999999,0.62109375,1031,303,BLAa,BLA,24,left,0
1032,1033,3,6762.780000000001,5826.84,2690.119999999999,0.43359375,1032,303,BLAa,BLA,24,left,0
1033,1034,3,6760.599999999999,5826.24,2690.3,0.07421875,1033,303,BLAa,BLA,24,left,0
1034,1035,3,6758.8,5824.82,2691.0200000000004,0.5703125,1034,303,BLAa,BLA,24,left,0
1035,1036,3,6757.4800000000005,5823.58,2691.9399999999987,0.73046875,1035,303,BLAa,BLA,24,left,0
1036,1037,3,6754.120000000001,5822.200000000001,2692.4400000000005,0.4609375,1036,303,BLAa,BLA,24,left,0
1037,1038,3,6751.74,5821.32,2692.58,0.1640625,1037,303,BLAa,BLA,24,left,0
1038,1039,3,6749.52,5819.880000000001,2692.66,0.59765625,1038,303,BLAa,BLA,24,left,0
1039,1040,3,6747.36,5819.299999999999,2692.6000000000004,0.48828125,1039,303,BLAa,BLA,24,left,0
1040,1041,3,6745.34,5819.08,2692.74,0.3515625,1040,303,BLAa,BLA,24,left,0
1041,1042,3,6743.139999999999,5819.24,2692.9,0.32421875,1041,303,BLAa,BLA,24,left,0
1042,1043,3,6740.54,5819.66,2693.039999999999,0.515625,1042,303,BLAa,BLA,24,left,0
1043,1044,3,6739.04,5820.320000000001,2693.08,0.703125,1043,303,BLAa,BLA,24,left,0
1044,1045,3,6736.92,5821.32,2693.08,0.01171875,1044,303,BLAa,BLA,24,left,0
1045,1046,3,6735.66,5824.64,2691.119999999999,0.26953125,1045,303,BLAa,BLA,24,left,0
1046,1047,3,6734.360000000001,5825.82,2689.5,0.4609375,1046,303,BLAa,BLA,24,left,0
1047,1048,3,6732.219999999999,5823.74,2690.539999999999,0.00390625,1047,303,BLAa,BLA,24,left,1
1048,1049,3,6853.12,5830.98,2680.620000000001,0.05078125,738,303,BLAa,BLA,25,left,0
1049,1050,3,6852.039999999999,5828.92,2681.540000000001,0.67578125,1049,303,BLAa,BLA,25,left,0
1050,1051,3,6850.119999999999,5828.099999999999,2682.6800000000003,0.8125,1050,303,BLAa,BLA,25,left,0
1051,1052,3,6849.66,5828.16,2685.2000000000007,0.62109375,1051,303,BLAa,BLA,25,left,0
1052,1053,3,6849.02,5828.18,2687.3,0.62109375,1052,303,BLAa,BLA,25,left,0
1053,1054,3,6848.16,5828.16,2688.9,0.40625,1053,303,BLAa,BLA,25,left,0
1054,1055,3,6848.08,5827.6,2690.72,0.43359375,1054,303,BLAa,BLA,25,left,0
1055,1056,3,6847.219999999999,5826.38,2693.1399999999994,0.48828125,1055,303,BLAa,BLA,25,left,0
1056,1057,3,6846.36,5824.9400000000005,2695.0,0.296875,1056,303,BLAa,BLA,25,left,0
1057,1058,3,6846.2,5823.22,2697.3,0.0078125,1057,303,BLAa,BLA,25,left,0
1058,1059,3,6846.459999999999,5821.84,2700.5200000000004,0.54296875,1058,303,BLAa,BLA,25,left,0
1059,1060,3,6846.7,5821.3,2702.82,0.37890625,1059,303,BLAa,BLA,25,left,0
1060,1061,3,6846.799999999999,5819.82,2704.880000000001,0.515625,1060,303,BLAa,BLA,25,left,0
1061,1062,3,6846.72,5818.7,2706.6800000000003,0.26953125,1061,303,BLAa,BLA,25,left,0
1062,1063,3,6845.72,5818.5,2707.0200000000004,0.32421875,1062,303,BLAa,BLA,25,left,0
1063,1064,3,6844.66,5814.84,2707.8,0.48828125,1063,303,BLAa,BLA,25,left,0
1064,1065,3,6843.959999999999,5813.360000000001,2709.7000000000007,0.32421875,1064,303,BLAa,BLA,25,left,0
1065,1066,3,6843.12,5811.4800000000005,2711.3600000000006,0.3515625,1065,303,BLAa,BLA,25,left,0
1066,1067,3,6842.16,5810.08,2712.48,0.40625,1066,303,BLAa,BLA,25,left,0
1067,1068,3,6841.1,5807.4400000000005,2714.3600000000006,0.3515625,1067,303,BLAa,BLA,25,left,0
1068,1069,3,6839.740000000001,5804.96,2715.82,0.4609375,1068,303,BLAa,BLA,25,left,0
1069,1070,3,6839.48,5802.98,2717.5,0.32421875,1069,303,BLAa,BLA,25,left,0
1070,1071,3,6837.52,5801.16,2719.0599999999995,0.00390625,1070,303,BLAa,BLA,25,left,1
1071,1072,2,6821.5,5734.139999999999,2644.5,0.02734375,763,303,BLAa,BLA,26,left,0
1072,1073,2,6819.66,5733.04,2645.220000000001,0.37890625,1072,303,BLAa,BLA,26,left,0
1073,1074,2,6817.4,5730.860000000001,2646.1000000000004,0.26953125,1073,303,BLAa,BLA,26,left,0
1074,1075,2,6815.62,5728.339999999999,2647.119999999999,0.21484375,1074,303,BLAa,BLA,26,left,0
1075,1076,2,6813.82,5725.76,2649.040000000001,0.26953125,1075,303,BLAa,BLA,26,left,0
1076,1077,2,6812.54,5723.16,2651.1399999999994,0.3515625,1076,303,BLAa,BLA,26,left,0
1077,1078,2,6810.56,5720.879999999999,2652.540000000001,0.48828125,1077,303,BLAa,BLA,26,left,0
1078,1079,2,6809.740000000001,5720.1,2653.66,0.48828125,1078,303,BLAa,BLA,26,left,0
1079,1080,2,6807.84,5718.099999999999,2656.32,0.21484375,1079,303,BLAa,BLA,26,left,0
1080,1081,2,6807.5,5717.5,2658.039999999999,0.296875,1080,303,BLAa,BLA,26,left,0
1081,1082,2,6807.9,5718.26,2660.76,0.2421875,1081,303,BLAa,BLA,26,left,0
1082,1083,2,6808.28,5719.62,2662.6399999999994,0.4609375,1082,303,BLAa,BLA,26,left,0
1083,1084,2,6808.379999999999,5722.3,2665.1800000000003,0.00390625,1083,303,BLAa,BLA,26,left,0
1084,1085,2,6807.94,5723.9800000000005,2666.119999999999,0.40625,1084,303,BLAa,BLA,26,left,0
1085,1086,2,6807.380000000001,5724.76,2667.58,0.32421875,1085,303,BLAa,BLA,26,left,0
1086,1087,2,6807.1,5724.82,2669.4399999999987,0.0078125,1086,303,BLAa,BLA,26,left,0
1087,1088,2,6806.06,5725.639999999999,2670.5600000000013,0.703125,1087,303,BLAa,BLA,26,left,0
1088,1089,2,6805.460000000001,5727.98,2670.879999999999,0.43359375,1088,303,BLAa,BLA,26,left,0
1089,1090,2,6805.92,5731.900000000001,2672.5599999999995,0.54296875,1089,303,BLAa,BLA,26,left,0
1090,1091,2,6806.2,5733.540000000001,2673.3600000000006,0.8671875,1090,303,BLAa,BLA,26,left,0
1091,1092,2,6805.08,5734.84,2673.8,0.43359375,1091,303,BLAa,BLA,26,left,0
1092,1093,2,6803.22,5736.16,2675.0200000000004,0.4609375,1092,303,BLAa,BLA,26,left,0
1093,1094,2,6802.42,5737.4400000000005,2676.16,0.3515625,1093,303,BLAa,BLA,26,left,0
1094,1095,2,6800.460000000001,5737.84,2677.76,0.0078125,1094,303,BLAa,BLA,26,left,0
1095,1096,2,6798.8,5739.22,2679.72,0.40625,1095,303,BLAa,BLA,26,left,0
1096,1097,2,6797.4,5740.36,2680.66,0.21484375,1096,303,BLAa,BLA,26,left,0
1097,1098,2,6795.66,5741.5,2682.5,0.4609375,1097,303,BLAa,BLA,26,left,0
1098,1099,2,6794.18,5741.74,2683.7000000000007,0.26953125,1098,303,BLAa,BLA,26,left,0
1099,1100,2,6793.22,5743.82,2685.2000000000007,0.00390625,1099,303,BLAa,BLA,26,left,0
1100,1101,2,6791.4800000000005,5744.84,2686.119999999999,0.37890625,1100,303,BLAa,BLA,26,left,0
1101,1102,2,6789.5,5744.9,2686.699999999999,0.01171875,1101,303,BLAa,BLA,26,left,0
1102,1103,2,6787.4400000000005,5745.119999999999,2686.8600000000006,0.296875,1102,303,BLAa,BLA,26,left,0
1103,1104,2,6784.76,5745.06,2687.3,0.26953125,1103,303,BLAa,BLA,26,left,0
1104,1105,2,6782.780000000001,5745.2,2687.74,0.32421875,1104,303,BLAa,BLA,26,left,0
1105,1106,2,6780.98,5744.099999999999,2688.34,0.0078125,1105,303,BLAa,BLA,26,left,0
1106,1107,2,6778.099999999999,5743.46,2689.5599999999995,0.2421875,1106,303,BLAa,BLA,26,left,0
1107,1108,2,6776.219999999999,5742.92,2690.380000000001,0.296875,1107,303,BLAa,BLA,26,left,0
1108,1109,2,6774.679999999999,5742.86,2691.1800000000003,0.296875,1108,303,BLAa,BLA,26,left,0
1109,1110,2,6772.4400000000005,5743.04,2691.7800000000007,0.19140625,1109,303,BLAa,BLA,26,left,0
1110,1111,2,6771.0,5742.92,2692.459999999999,0.32421875,1110,303,BLAa,BLA,26,left,0
1111,1112,2,6768.6,5744.2,2692.48,0.00390625,1111,303,BLAa,BLA,26,left,0
1112,1113,2,6765.259999999999,5743.68,2693.0600000000013,0.19140625,1112,303,BLAa,BLA,26,left,0
1113,1114,2,6763.02,5743.200000000001,2693.7800000000007,0.32421875,1113,303,BLAa,BLA,26,left,0
1114,1115,2,6759.84,5742.820000000001,2694.400000000001,0.3515625,1114,303,BLAa,BLA,26,left,0
1115,1116,2,6757.4,5740.82,2694.66,0.0078125,1115,303,BLAa,BLA,26,left,0
1116,1117,2,6754.0,5737.4,2695.1399999999994,0.37890625,1116,579,ec,ec,26,left,0
1117,1118,2,6751.78,5735.72,2695.800000000001,0.21484375,1117,579,ec,ec,26,left,0
1118,1119,2,6749.299999999999,5734.76,2696.620000000001,0.2421875,1118,579,ec,ec,26,left,0
1119,1120,2,6745.98,5733.099999999999,2697.3,0.26953125,1119,579,ec,ec,26,left,0
1120,1121,2,6744.120000000001,5731.639999999999,2697.6000000000004,0.32421875,1120,579,ec,ec,26,left,0
1121,1122,2,6742.66,5730.599999999999,2698.16,0.0078125,1121,579,ec,ec,26,left,0
1122,1123,2,6740.700000000001,5728.3,2699.24,0.1640625,1122,579,ec,ec,26,left,0
1123,1124,2,6739.0,5725.44,2699.779999999999,0.21484375,1123,579,ec,ec,26,left,0
1124,1125,2,6737.72,5723.62,2699.82,0.0078125,1124,579,ec,ec,26,left,0
1125,1126,2,6822.200000000001,5733.06,2643.8,0.0390625,763,303,BLAa,BLA,27,left,0
1126,1127,2,6821.040000000001,5730.280000000001,2643.0200000000004,0.32421875,1126,303,BLAa,BLA,27,left,0
1127,1128,2,6820.04,5727.219999999999,2641.98,0.6484375,1127,303,BLAa,BLA,27,left,0
1128,1129,2,6736.08,5724.740000000001,2698.84,0.48828125,1125,579,ec,ec,28,left,0
1129,1130,2,6735.5,5726.08,2697.380000000001,0.32421875,1129,579,ec,ec,28,left,0
1130,1131,2,6734.34,5727.820000000001,2696.3,0.32421875,1130,579,ec,ec,28,left,0
1131,1132,2,6733.58,5729.96,2695.539999999999,0.2421875,1131,579,ec,ec,28,left,0
1132,1133,2,6731.54,5733.64,2694.0599999999995,0.32421875,1132,579,ec,ec,28,left,0
1133,1134,2,6731.639999999999,5738.7,2693.48,0.2421875,1133,579,ec,ec,28,left,0
1134,1135,2,6731.78,5741.88,2693.6800000000003,0.1640625,1134,579,ec,ec,28,left,0
1135,1136,2,6731.1,5743.12,2694.0200000000004,0.40625,1135,579,ec,ec,28,left,0
1136,1137,2,6731.459999999999,5747.02,2694.74,0.00390625,1136,303,BLAa,BLA,28,left,0
1137,1138,2,6730.700000000001,5748.7,2695.34,0.37890625,1137,579,ec,ec,28,left,0
1138,1139,2,6729.299999999999,5751.0,2695.4400000000005,0.48828125,1138,579,ec,ec,28,left,0
1139,1140,2,6728.719999999999,5755.1,2695.16,0.5703125,1139,579,ec,ec,28,left,0
1140,1141,2,6729.22,5760.900000000001,2694.4399999999987,1.4609375,1140,303,BLAa,BLA,28,left,0
1141,1142,2,6727.94,5761.639999999999,2695.380000000001,1.13671875,1141,579,ec,ec,28,left,0
1142,1143,2,6726.3,5762.3,2696.8,0.48828125,1142,579,ec,ec,28,left,0
1143,1144,2,6725.5,5764.06,2698.26,0.296875,1143,579,ec,ec,28,left,0
1144,1145,2,6724.18,5765.460000000001,2699.3,0.37890625,1144,303,BLAa,BLA,28,left,0
1145,1146,2,6722.32,5766.660000000001,2700.539999999999,0.37890625,1145,303,BLAa,BLA,28,left,0
1146,1147,2,6720.280000000001,5767.219999999999,2701.5599999999995,0.48828125,1146,303,BLAa,BLA,28,left,0
1147,1148,2,6719.46,5769.46,2702.24,0.2421875,1147,303,BLAa,BLA,28,left,0
1148,1149,2,6718.28,5771.280000000001,2702.74,0.48828125,1148,303,BLAa,BLA,28,left,0
1149,1150,2,6716.4400000000005,5773.139999999999,2703.7800000000007,0.19140625,1149,303,BLAa,BLA,28,left,0
1150,1151,2,6714.38,5775.5,2705.16,0.48828125,1150,303,BLAa,BLA,28,left,0
1151,1152,2,6713.08,5776.82,2706.16,0.515625,1151,303,BLAa,BLA,28,left,0
1152,1153,2,6710.98,5778.28,2707.619999999999,0.37890625,1152,303,BLAa,BLA,28,left,0
1153,1154,2,6710.08,5779.679999999999,2708.459999999999,0.296875,1153,303,BLAa,BLA,28,left,0
1154,1155,2,6710.16,5782.200000000001,2709.3,0.62109375,1154,303,BLAa,BLA,28,left,0
1155,1156,2,6709.5,5783.139999999999,2709.98,0.48828125,1155,303,BLAa,BLA,28,left,0
1156,1157,2,6709.400000000001,5785.76,2711.5,0.00390625,1156,303,BLAa,BLA,28,left,0
1157,1158,2,6707.98,5787.4,2712.3600000000006,0.43359375,1157,303,BLAa,BLA,28,left,0
1158,1159,2,6706.96,5789.06,2712.5599999999995,0.515625,1158,303,BLAa,BLA,28,left,0
1159,1160,2,6705.74,5790.700000000001,2712.8599999999988,0.02734375,1159,303,BLAa,BLA,28,left,0
1160,1161,2,6705.02,5793.4400000000005,2713.0,0.67578125,1160,303,BLAa,BLA,28,left,0
1161,1162,2,6704.6,5796.16,2714.1800000000003,0.0078125,1161,303,BLAa,BLA,28,left,0
1162,1163,2,6704.360000000001,5798.360000000001,2715.48,0.3515625,1162,303,BLAa,BLA,28,left,0
1163,1164,2,6703.3,5801.58,2716.74,0.2421875,1163,303,BLAa,BLA,28,left,0
1164,1165,2,6701.96,5804.38,2717.540000000001,0.3515625,1164,303,BLAa,BLA,28,left,0
1165,1166,2,6701.26,5806.42,2718.48,0.32421875,1165,303,BLAa,BLA,28,left,0
1166,1167,2,6700.36,5809.139999999999,2718.9,0.296875,1166,303,BLAa,BLA,28,left,0
1167,1168,2,6699.22,5811.0,2719.880000000001,0.2421875,1167,303,BLAa,BLA,28,left,0
1168,1169,2,6697.3,5813.04,2720.76,0.32421875,1168,303,BLAa,BLA,28,left,0
1169,1170,2,6696.12,5813.780000000001,2721.34,0.515625,1169,303,BLAa,BLA,28,left,0
1170,1171,2,6694.299999999999,5815.38,2722.5200000000004,0.00390625,1170,303,BLAa,BLA,28,left,0
1171,1172,2,6693.780000000001,5817.0,2724.0599999999995,0.26953125,1171,303,BLAa,BLA,28,left,0
1172,1173,2,6692.780000000001,5818.64,2725.1800000000003,0.32421875,1172,303,BLAa,BLA,28,left,0
1173,1174,2,6691.24,5819.9800000000005,2725.84,0.2421875,1173,303,BLAa,BLA,28,left,0
1174,1175,2,6690.119999999999,5821.620000000001,2726.1399999999994,0.4609375,1174,303,BLAa,BLA,28,left,0
1175,1176,2,6690.280000000001,5822.9,2727.08,0.2421875,1175,303,BLAa,BLA,28,left,0
1176,1177,2,6689.34,5824.26,2729.4399999999987,0.43359375,1176,303,BLAa,BLA,28,left,0
1177,1178,2,6688.22,5825.460000000001,2731.2000000000007,0.32421875,1177,303,BLAa,BLA,28,left,0
1178,1179,2,6686.639999999999,5826.78,2732.459999999999,0.40625,1178,303,BLAa,BLA,28,left,0
1179,1180,2,6684.96,5827.64,2734.0,0.26953125,1179,303,BLAa,BLA,28,left,0
1180,1181,2,6683.76,5827.64,2735.0,0.26953125,1180,303,BLAa,BLA,28,left,0
1181,1182,2,6681.7,5826.76,2737.039999999999,0.00390625,1181,303,BLAa,BLA,28,left,0
1182,1183,2,6679.32,5825.02,2739.1399999999994,0.515625,1182,303,BLAa,BLA,28,left,0
1183,1184,2,6678.780000000001,5823.68,2740.3599999999988,0.1640625,1183,544,CEAc,CEA,28,left,0
1184,1185,2,6677.619999999999,5821.620000000001,2740.9400000000005,0.40625,1184,544,CEAc,CEA,28,left,0
1185,1186,2,6676.900000000001,5817.56,2742.24,0.6484375,1185,544,CEAc,CEA,28,left,0
1186,1187,2,6676.06,5814.46,2743.6000000000004,0.19140625,1186,544,CEAc,CEA,28,left,0
1187,1188,2,6676.1,5810.38,2745.5200000000004,0.59765625,1187,544,CEAc,CEA,28,left,0
1188,1189,2,6676.799999999999,5809.66,2745.72,0.3515625,1188,544,CEAc,CEA,28,left,0
1189,1190,2,6675.119999999999,5807.179999999999,2746.5,0.01171875,1189,544,CEAc,CEA,28,left,0
1190,1191,2,6674.120000000001,5802.780000000001,2747.6000000000004,0.48828125,1190,544,CEAc,CEA,28,left,0
1191,1192,2,6673.02,5800.5,2748.540000000001,0.48828125,1191,544,CEAc,CEA,28,left,0
1192,1193,2,6671.88,5799.9400000000005,2749.42,0.40625,1192,544,CEAc,CEA,28,left,0
1193,1194,2,6671.660000000001,5797.06,2751.24,0.54296875,1193,544,CEAc,CEA,28,left,0
1194,1195,2,6671.16,5795.280000000001,2754.1000000000004,0.0078125,1194,544,CEAc,CEA,28,left,0
1195,1196,2,6669.32,5791.599999999999,2755.72,0.21484375,1195,544,CEAc,CEA,28,left,0
1196,1197,2,6668.32,5788.64,2756.3,0.83984375,1196,544,CEAc,CEA,28,left,0
1197,1198,2,6667.28,5784.719999999999,2757.4400000000005,0.32421875,1197,544,CEAc,CEA,28,left,0
1198,1199,2,6666.459999999999,5782.26,2758.379999999999,0.48828125,1198,544,CEAc,CEA,28,left,0
1199,1200,2,6665.52,5779.48,2759.74,0.32421875,1199,544,CEAc,CEA,28,left,0
1200,1201,2,6664.34,5778.9,2761.699999999999,0.3515625,1200,544,CEAc,CEA,28,left,0
1201,1202,2,6663.360000000001,5778.06,2763.7000000000007,0.32421875,1201,544,CEAc,CEA,28,left,0
1202,1203,2,6662.74,5777.14,2765.040000000001,0.296875,1202,544,CEAc,CEA,28,left,0
1203,1204,2,6662.46,5777.200000000001,2768.039999999999,0.32421875,1203,544,CEAc,CEA,28,left,0
1204,1205,2,6661.76,5777.28,2769.66,0.32421875,1204,544,CEAc,CEA,28,left,0
1205,1206,2,6660.82,5777.32,2771.6000000000004,0.00390625,1205,544,CEAc,CEA,28,left,0
1206,1207,2,6660.44,5776.459999999999,2774.5599999999995,0.48828125,1206,544,CEAc,CEA,28,left,0
1207,1208,2,6659.740000000001,5774.52,2776.42,0.32421875,1207,544,CEAc,CEA,28,left,0
1208,1209,2,6658.6,5771.78,2777.279999999999,0.32421875,1208,544,CEAc,CEA,28,left,0
1209,1210,2,6656.82,5768.8,2777.74,0.32421875,1209,544,CEAc,CEA,28,left,0
1210,1211,2,6654.34,5765.18,2778.34,0.32421875,1210,544,CEAc,CEA,28,left,0
1211,1212,2,6653.22,5763.3,2778.6399999999994,0.32421875,1211,544,CEAc,CEA,28,left,0
1212,1213,2,6651.78,5760.92,2780.48,0.703125,1212,544,CEAc,CEA,28,left,0
1213,1214,2,6649.5,5760.36,2781.82,0.40625,1213,544,CEAc,CEA,28,left,0
1214,1215,2,6647.759999999999,5760.299999999999,2782.720000000001,0.43359375,1214,544,CEAc,CEA,28,left,0
1215,1216,2,6646.12,5760.460000000001,2783.0,0.3515625,1215,544,CEAc,CEA,28,left,0
1216,1217,2,6644.099999999999,5760.5,2783.6800000000003,0.21484375,1216,544,CEAc,CEA,28,left,0
1217,1218,2,6641.26,5759.42,2784.8,0.48828125,1217,544,CEAc,CEA,28,left,0
1218,1219,2,6639.52,5758.62,2785.24,0.21484375,1218,544,CEAc,CEA,28,left,0
1219,1220,2,6637.9,5756.84,2785.9,0.0078125,1219,544,CEAc,CEA,28,left,0
1220,1221,2,6635.44,5754.62,2786.6000000000004,0.1640625,1220,544,CEAc,CEA,28,left,0
1221,1222,2,6633.26,5752.14,2786.5599999999995,0.32421875,1221,544,CEAc,CEA,28,left,0
1222,1223,2,6631.799999999999,5751.38,2786.4400000000005,0.40625,1222,544,CEAc,CEA,28,left,0
1223,1224,2,6630.839999999999,5751.599999999999,2787.3,0.0078125,1223,544,CEAc,CEA,28,left,0
1224,1225,2,6629.8,5753.9800000000005,2787.92,0.32421875,1224,544,CEAc,CEA,28,left,0
1225,1226,2,6629.22,5755.74,2788.84,0.5703125,1225,544,CEAc,CEA,28,left,0
1226,1227,2,6627.26,5757.12,2789.48,0.01953125,1226,544,CEAc,CEA,28,left,0
1227,1228,2,6624.48,5758.8,2791.380000000001,0.32421875,1227,544,CEAc,CEA,28,left,0
1228,1229,2,6623.0,5759.58,2792.24,0.1640625,1228,544,CEAc,CEA,28,left,0
1229,1230,2,6621.14,5759.38,2793.4400000000005,0.21484375,1229,544,CEAc,CEA,28,left,0
1230,1231,2,6619.64,5758.719999999999,2794.6800000000003,0.37890625,1230,544,CEAc,CEA,28,left,0
1231,1232,2,6618.24,5760.119999999999,2795.779999999999,0.00390625,1231,544,CEAc,CEA,28,left,0
1232,1233,2,6616.88,5761.34,2797.0200000000004,0.32421875,1232,544,CEAc,CEA,28,left,0
1233,1234,2,6614.740000000001,5761.2,2797.84,0.59765625,1233,544,CEAc,CEA,28,left,0
1234,1235,2,6614.02,5761.0,2799.24,0.5703125,1234,544,CEAc,CEA,28,left,0
1235,1236,2,6611.4,5759.58,2800.9400000000005,0.00390625,1235,544,CEAc,CEA,28,left,0
1236,1237,2,6608.200000000001,5757.799999999999,2802.4400000000005,0.37890625,1236,544,CEAc,CEA,28,left,0
1237,1238,2,6605.68,5756.38,2804.32,0.6484375,1237,544,CEAc,CEA,28,left,0
1238,1239,2,6603.780000000001,5755.2,2805.2000000000007,0.4609375,1238,544,CEAc,CEA,28,left,0
1239,1240,2,6603.04,5751.56,2805.74,0.00390625,1239,544,CEAc,CEA,28,left,0
1240,1241,2,6601.58,5749.32,2806.1000000000004,0.19140625,1240,544,CEAc,CEA,28,left,0
1241,1242,2,6600.700000000001,5746.78,2806.2000000000007,0.4609375,1241,544,CEAc,CEA,28,left,0
1242,1243,2,6599.04,5744.62,2806.8,0.00390625,1242,544,CEAc,CEA,28,left,0
1243,1244,2,6597.179999999999,5742.799999999999,2807.24,1.109375,1243,544,CEAc,CEA,28,left,0
1244,1245,2,6594.880000000001,5741.5,2807.66,1.00390625,1244,544,CEAc,CEA,28,left,0
1245,1246,2,6594.5,5739.96,2808.6000000000004,0.89453125,1245,544,CEAc,CEA,28,left,0
1246,1247,2,6594.5,5738.32,2812.48,0.4609375,1246,544,CEAc,CEA,28,left,0
1247,1248,2,6594.02,5736.16,2814.26,0.515625,1247,544,CEAc,CEA,28,left,0
1248,1249,2,6592.68,5735.72,2815.879999999999,0.32421875,1248,544,CEAc,CEA,28,left,0
1249,1250,2,6590.16,5735.24,2816.9399999999987,0.4609375,1249,544,CEAc,CEA,28,left,0
1250,1251,2,6588.62,5734.92,2817.5,0.32421875,1250,544,CEAc,CEA,28,left,0
1251,1252,2,6587.219999999999,5729.78,2818.26,0.32421875,1251,544,CEAc,CEA,28,left,0
1252,1253,2,6585.76,5727.380000000001,2818.66,0.32421875,1252,544,CEAc,CEA,28,left,0
1253,1254,2,6583.099999999999,5726.900000000001,2819.0,0.296875,1253,544,CEAc,CEA,28,left,0
1254,1255,2,6580.82,5725.68,2819.379999999999,0.32421875,1254,544,CEAc,CEA,28,left,0
1255,1256,2,6579.44,5722.88,2819.72,0.296875,1255,544,CEAc,CEA,28,left,0
1256,1257,2,6579.139999999999,5720.259999999999,2819.1800000000003,0.21484375,1256,544,CEAc,CEA,28,left,0
1257,1258,2,6578.74,5716.26,2818.6399999999994,0.43359375,1257,544,CEAc,CEA,28,left,0
1258,1259,2,6578.88,5714.38,2818.6000000000004,0.37890625,1258,544,CEAc,CEA,28,left,0
1259,1260,2,6580.460000000001,5712.34,2818.16,0.40625,1259,544,CEAc,CEA,28,left,0
1260,1261,2,6581.74,5709.120000000001,2817.3600000000006,0.19140625,1260,544,CEAc,CEA,28,left,0
1261,1262,2,6582.36,5707.1,2816.58,0.48828125,1261,544,CEAc,CEA,28,left,0
1262,1263,2,6581.38,5704.6,2816.34,0.0078125,1262,544,CEAc,CEA,28,left,0
1263,1264,2,6578.8,5702.52,2816.2000000000007,0.43359375,1263,544,CEAc,CEA,28,left,0
1264,1265,2,6576.76,5700.98,2815.4,0.48828125,1264,544,CEAc,CEA,28,left,0
1265,1266,2,6575.44,5698.92,2814.220000000001,0.21484375,1265,544,CEAc,CEA,28,left,0
1266,1267,2,6574.82,5696.24,2813.16,0.5703125,1266,544,CEAc,CEA,28,left,0
1267,1268,2,6573.360000000001,5694.08,2812.6000000000004,0.4609375,1267,544,CEAc,CEA,28,left,0
1268,1269,2,6572.179999999999,5691.3,2812.619999999999,0.48828125,1268,544,CEAc,CEA,28,left,0
1269,1270,2,6571.88,5688.58,2812.039999999999,0.4609375,1269,544,CEAc,CEA,28,left,0
1270,1271,2,6571.52,5685.0,2811.5,0.4609375,1270,544,CEAc,CEA,28,left,0
1271,1272,2,6571.84,5682.12,2810.800000000001,0.40625,1271,544,CEAc,CEA,28,left,0
1272,1273,2,6573.56,5680.4,2809.92,0.54296875,1272,544,CEAc,CEA,28,left,0
1273,1274,2,6575.2,5679.04,2808.5599999999995,0.94921875,1273,544,CEAc,CEA,28,left,0
1274,1275,2,6575.8,5676.24,2807.76,0.48828125,1274,544,CEAc,CEA,28,left,0
1275,1276,2,6575.839999999999,5671.5,2807.279999999999,0.43359375,1275,544,CEAc,CEA,28,left,0
1276,1277,2,6575.76,5669.96,2807.4400000000005,0.40625,1276,544,CEAc,CEA,28,left,0
1277,1278,2,6575.54,5665.98,2807.720000000001,0.296875,1277,544,CEAc,CEA,28,left,0
1278,1279,2,6575.1,5662.94,2808.42,0.3515625,1278,544,CEAc,CEA,28,left,0
1279,1280,2,6573.5,5661.06,2809.32,0.26953125,1279,544,CEAc,CEA,28,left,0
1280,1281,2,6572.380000000001,5659.28,2809.9400000000005,0.3515625,1280,544,CEAc,CEA,28,left,0
1281,1282,2,6571.2,5657.1,2810.74,0.48828125,1281,544,CEAc,CEA,28,left,0
1282,1283,2,6570.0,5656.72,2811.4,0.40625,1282,544,CEAc,CEA,28,left,0
1283,1284,2,6567.42,5655.38,2812.3600000000006,0.00390625,1283,544,CEAc,CEA,28,left,0
1284,1285,2,6565.38,5654.26,2812.76,0.26953125,1284,544,CEAc,CEA,28,left,0
1285,1286,2,6562.52,5653.42,2813.1800000000003,0.3515625,1285,544,CEAc,CEA,28,left,0
1286,1287,2,6560.48,5652.7,2813.5,0.48828125,1286,544,CEAc,CEA,28,left,0
1287,1288,2,6557.52,5649.9800000000005,2813.540000000001,0.00390625,1287,544,CEAc,CEA,28,left,0
1288,1289,2,6555.24,5648.099999999999,2813.279999999999,0.3515625,1288,544,CEAc,CEA,28,left,0
1289,1290,2,6553.82,5645.96,2812.9400000000005,0.26953125,1289,544,CEAc,CEA,28,left,0
1290,1291,2,6551.280000000001,5642.84,2813.22,0.32421875,1290,544,CEAc,CEA,28,left,0
1291,1292,2,6548.379999999999,5640.76,2813.8,0.296875,1291,544,CEAc,CEA,28,left,0
1292,1293,2,6547.58,5639.22,2814.34,0.296875,1292,544,CEAc,CEA,28,left,0
1293,1294,2,6547.36,5635.879999999999,2814.72,0.40625,1293,544,CEAc,CEA,28,left,0
1294,1295,2,6546.599999999999,5634.08,2814.98,0.32421875,1294,544,CEAc,CEA,28,left,0
1295,1296,2,6546.1,5630.68,2815.34,0.40625,1295,544,CEAc,CEA,28,left,0
1296,1297,2,6543.92,5627.759999999999,2816.24,0.00390625,1296,544,CEAc,CEA,28,left,0
1297,1298,2,6542.039999999999,5625.78,2816.6800000000003,0.32421875,1297,544,CEAc,CEA,28,left,0
1298,1299,2,6541.24,5622.4800000000005,2817.140000000001,0.2421875,1298,544,CEAc,CEA,28,left,0
1299,1300,2,6541.2,5619.9800000000005,2817.619999999999,0.296875,1299,544,CEAc,CEA,28,left,0
1300,1301,2,6541.06,5616.56,2817.82,0.19140625,1300,544,CEAc,CEA,28,left,0
1301,1302,2,6540.900000000001,5613.8,2817.6800000000003,0.2421875,1301,544,CEAc,CEA,28,left,0
1302,1303,2,6540.78,5609.44,2818.2000000000007,0.2421875,1302,544,CEAc,CEA,28,left,0
1303,1304,2,6540.9400000000005,5607.200000000001,2819.48,0.54296875,1303,544,CEAc,CEA,28,left,0
1304,1305,2,6541.459999999999,5605.56,2822.279999999999,0.2421875,1304,544,CEAc,CEA,28,left,0
1305,1306,2,6541.900000000001,5603.88,2824.779999999999,0.32421875,1305,551,CEAl,CEA,28,left,0
1306,1307,2,6542.12,5601.88,2826.2800000000007,0.296875,1306,551,CEAl,CEA,28,left,0
1307,1308,2,6542.16,5599.400000000001,2827.119999999999,0.2421875,1307,551,CEAl,CEA,28,left,0
1308,1309,2,6541.900000000001,5596.599999999999,2828.1399999999994,0.48828125,1308,551,CEAl,CEA,28,left,0
1309,1310,2,6540.860000000001,5595.119999999999,2829.24,0.37890625,1309,551,CEAl,CEA,28,left,0
1310,1311,2,6540.08,5592.619999999999,2830.6399999999994,0.515625,1310,551,CEAl,CEA,28,left,0
1311,1312,2,6539.120000000001,5590.36,2831.1800000000003,0.40625,1311,551,CEAl,CEA,28,left,0
1312,1313,2,6538.48,5586.52,2831.900000000001,0.26953125,1312,551,CEAl,CEA,28,left,0
1313,1314,2,6537.16,5584.700000000001,2832.8,0.32421875,1313,551,CEAl,CEA,28,left,0
1314,1315,2,6535.14,5583.8,2834.3,0.26953125,1314,551,CEAl,CEA,28,left,0
1315,1316,2,6532.780000000001,5582.94,2836.58,0.32421875,1315,551,CEAl,CEA,28,left,0
1316,1317,2,6531.94,5581.799999999999,2838.3600000000006,0.40625,1316,551,CEAl,CEA,28,left,0
1317,1318,2,6532.240000000001,5580.22,2840.9400000000005,0.515625,1317,551,CEAl,CEA,28,left,1
1318,1319,2,6737.08,5721.3,2701.84,0.4609375,1125,579,ec,ec,29,left,0
1319,1320,2,6735.58,5720.18,2704.379999999999,0.515625,1319,579,ec,ec,29,left,0
1320,1321,2,6734.400000000001,5720.16,2706.1000000000004,0.5703125,1320,544,CEAc,CEA,29,left,0
1321,1322,2,6734.08,5720.36,2707.8599999999988,0.2421875,1321,544,CEAc,CEA,29,left,0
1322,1323,2,6734.400000000001,5720.92,2709.82,0.62109375,1322,544,CEAc,CEA,29,left,0
1323,1324,2,6734.76,5720.0,2713.24,0.54296875,1323,544,CEAc,CEA,29,left,0
1324,1325,2,6734.700000000001,5719.2,2715.6399999999994,0.32421875,1324,544,CEAc,CEA,29,left,0
1325,1326,2,6734.099999999999,5719.46,2716.5599999999995,0.48828125,1325,544,CEAc,CEA,29,left,0
1326,1327,2,6734.48,5720.34,2719.6800000000003,0.48828125,1326,544,CEAc,CEA,29,left,0
1327,1328,2,6734.34,5721.68,2721.2000000000007,0.3515625,1327,544,CEAc,CEA,29,left,0
1328,1329,2,6733.18,5722.759999999999,2722.6399999999994,0.515625,1328,544,CEAc,CEA,29,left,0
1329,1330,2,6731.92,5723.8,2723.9,0.59765625,1329,544,CEAc,CEA,29,left,0
1330,1331,2,6732.16,5725.259999999999,2725.460000000001,0.7578125,1330,544,CEAc,CEA,29,left,0
1331,1332,2,6732.42,5724.740000000001,2727.6000000000004,0.02734375,1331,544,CEAc,CEA,29,left,0
1332,1333,2,6732.72,5723.0,2731.0200000000004,0.48828125,1332,544,CEAc,CEA,29,left,0
1333,1334,2,6732.92,5722.16,2732.98,0.296875,1333,544,CEAc,CEA,29,left,0
1334,1335,2,6733.12,5721.599999999999,2734.84,0.4609375,1334,544,CEAc,CEA,29,left,0
1335,1336,2,6733.16,5721.38,2737.720000000001,0.59765625,1335,544,CEAc,CEA,29,left,0
1336,1337,2,6732.12,5721.040000000001,2739.6800000000003,0.296875,1336,544,CEAc,CEA,29,left,0
1337,1338,2,6729.9400000000005,5720.879999999999,2742.3,0.37890625,1337,544,CEAc,CEA,29,left,0
1338,1339,2,6728.42,5721.08,2743.540000000001,0.5703125,1338,544,CEAc,CEA,29,left,0
1339,1340,2,6728.86,5720.299999999999,2745.5600000000013,0.0078125,1339,544,CEAc,CEA,29,left,0
1340,1341,2,6729.66,5718.82,2747.0200000000004,0.40625,1340,544,CEAc,CEA,29,left,0
1341,1342,2,6731.0,5718.200000000001,2748.8600000000006,0.6484375,1341,544,CEAc,CEA,29,left,0
1342,1343,2,6732.34,5718.74,2749.400000000001,0.48828125,1342,544,CEAc,CEA,29,left,0
1343,1344,2,6733.04,5720.259999999999,2752.0200000000004,0.4609375,1343,544,CEAc,CEA,29,left,0
1344,1345,2,6732.84,5721.34,2753.9,0.37890625,1344,544,CEAc,CEA,29,left,0
1345,1346,2,6732.54,5721.54,2755.620000000001,0.0078125,1345,544,CEAc,CEA,29,left,0
1346,1347,2,6732.94,5723.42,2757.16,0.67578125,1346,544,CEAc,CEA,29,left,0
1347,1348,2,6733.3,5724.56,2758.82,0.43359375,1347,544,CEAc,CEA,29,left,0
1348,1349,2,6734.56,5726.06,2766.1800000000003,0.40625,1348,544,CEAc,CEA,29,left,0
1349,1350,2,6734.740000000001,5726.2,2767.279999999999,0.6484375,1349,544,CEAc,CEA,29,left,0
1350,1351,2,6733.959999999999,5727.7,2769.379999999999,0.40625,1350,544,CEAc,CEA,29,left,0
1351,1352,2,6733.04,5728.06,2770.6800000000003,0.8671875,1351,544,CEAc,CEA,29,left,0
1352,1353,2,6730.639999999999,5728.68,2771.720000000001,0.515625,1352,544,CEAc,CEA,29,left,0
1353,1354,2,6729.48,5730.92,2772.4,0.26953125,1353,544,CEAc,CEA,29,left,0
1354,1355,2,6728.56,5734.08,2773.8,0.32421875,1354,544,CEAc,CEA,29,left,0
1355,1356,2,6727.58,5735.78,2774.880000000001,0.62109375,1355,544,CEAc,CEA,29,left,0
1356,1357,2,6727.619999999999,5737.4,2776.879999999999,0.59765625,1356,544,CEAc,CEA,29,left,0
1357,1358,2,6727.54,5737.4800000000005,2779.0200000000004,0.40625,1357,544,CEAc,CEA,29,left,0
1358,1359,2,6726.36,5737.4400000000005,2780.620000000001,0.4609375,1358,544,CEAc,CEA,29,left,0
1359,1360,2,6726.14,5738.0,2782.32,0.01171875,1359,544,CEAc,CEA,29,left,0
1360,1361,2,6725.280000000001,5738.4400000000005,2784.1399999999994,0.703125,1360,544,CEAc,CEA,29,left,0
1361,1362,2,6723.56,5739.06,2784.9,0.83984375,1361,544,CEAc,CEA,29,left,0
1362,1363,2,6722.68,5741.1,2787.039999999999,0.01171875,1362,544,CEAc,CEA,29,left,0
1363,1364,2,6722.7,5741.7,2789.0,0.59765625,1363,544,CEAc,CEA,29,left,0
1364,1365,2,6722.799999999999,5741.16,2791.0599999999995,0.0234375,1364,544,CEAc,CEA,29,left,0
1365,1366,2,6721.599999999999,5740.1,2792.720000000001,0.32421875,1365,544,CEAc,CEA,29,left,0
1366,1367,2,6720.42,5739.539999999999,2794.1800000000003,0.43359375,1366,544,CEAc,CEA,29,left,0
1367,1368,2,6718.959999999999,5739.42,2795.72,0.59765625,1367,544,CEAc,CEA,29,left,0
1368,1369,2,6717.84,5739.46,2797.2000000000007,0.6484375,1368,544,CEAc,CEA,29,left,0
1369,1370,2,6715.38,5739.38,2798.7800000000007,0.40625,1369,544,CEAc,CEA,29,left,0
1370,1371,2,6713.88,5739.6,2800.0200000000004,0.32421875,1370,544,CEAc,CEA,29,left,0
1371,1372,2,6712.4400000000005,5740.0,2801.5599999999995,0.40625,1371,544,CEAc,CEA,29,left,0
1372,1373,2,6710.62,5740.34,2802.42,0.5703125,1372,544,CEAc,CEA,29,left,0
1373,1374,2,6709.139999999999,5740.78,2803.3600000000006,0.0078125,1373,544,CEAc,CEA,29,left,0
1374,1375,2,6707.52,5741.219999999999,2803.9,0.26953125,1374,544,CEAc,CEA,29,left,0
1375,1376,2,6705.639999999999,5741.32,2805.1399999999994,0.40625,1375,544,CEAc,CEA,29,left,0
1376,1377,2,6703.12,5741.219999999999,2806.720000000001,0.32421875,1376,544,CEAc,CEA,29,left,0
1377,1378,2,6701.36,5741.14,2807.7000000000007,0.59765625,1377,544,CEAc,CEA,29,left,0
1378,1379,2,6699.46,5741.219999999999,2808.5,0.40625,1378,544,CEAc,CEA,29,left,0
1379,1380,2,6697.58,5742.619999999999,2809.4399999999987,0.4609375,1379,544,CEAc,CEA,29,left,0
1380,1381,2,6696.56,5743.74,2809.959999999999,0.48828125,1380,544,CEAc,CEA,29,left,0
1381,1382,2,6695.639999999999,5745.879999999999,2810.6399999999994,0.37890625,1381,544,CEAc,CEA,29,left,0
1382,1383,2,6694.24,5747.820000000001,2811.4400000000005,0.48828125,1382,544,CEAc,CEA,29,left,0
1383,1384,2,6693.46,5749.719999999999,2812.140000000001,0.43359375,1383,544,CEAc,CEA,29,left,0
1384,1385,2,6693.780000000001,5751.42,2813.120000000001,0.015625,1384,544,CEAc,CEA,29,left,0
1385,1386,2,6692.799999999999,5752.68,2814.58,0.43359375,1385,544,CEAc,CEA,29,left,0
1386,1387,2,6691.5,5752.92,2815.8600000000006,0.26953125,1386,544,CEAc,CEA,29,left,0
1387,1388,2,6690.860000000001,5752.68,2817.8,0.37890625,1387,544,CEAc,CEA,29,left,0
1388,1389,2,6689.120000000001,5753.540000000001,2819.66,0.48828125,1388,544,CEAc,CEA,29,left,0
1389,1390,2,6688.32,5754.38,2821.119999999999,0.48828125,1389,544,CEAc,CEA,29,left,0
1390,1391,2,6686.96,5755.0,2821.5599999999995,0.03515625,1390,544,CEAc,CEA,29,left,0
1391,1392,2,6686.3,5757.16,2821.98,0.5703125,1391,544,CEAc,CEA,29,left,0
1392,1393,2,6685.74,5759.42,2823.26,0.515625,1392,544,CEAc,CEA,29,left,0
1393,1394,2,6684.64,5759.719999999999,2824.5599999999995,0.43359375,1393,544,CEAc,CEA,29,left,0
1394,1395,2,6682.86,5760.299999999999,2826.3600000000006,0.00390625,1394,544,CEAc,CEA,29,left,0
1395,1396,2,6682.0,5762.06,2828.32,0.3515625,1395,544,CEAc,CEA,29,left,0
1396,1397,2,6681.4,5763.92,2829.379999999999,0.40625,1396,544,CEAc,CEA,29,left,0
1397,1398,2,6680.54,5767.240000000001,2830.24,0.4609375,1397,544,CEAc,CEA,29,left,0
1398,1399,2,6679.92,5770.14,2830.3,0.32421875,1398,544,CEAc,CEA,29,left,0
1399,1400,2,6679.42,5771.900000000001,2830.3,0.21484375,1399,544,CEAc,CEA,29,left,0
1400,1401,2,6678.88,5774.679999999999,2830.6800000000003,0.00390625,1400,544,CEAc,CEA,29,left,0
1401,1402,2,6677.72,5776.639999999999,2831.4,0.4609375,1401,544,CEAc,CEA,29,left,0
1402,1403,2,6676.24,5778.3,2832.76,0.515625,1402,544,CEAc,CEA,29,left,0
1403,1404,2,6675.08,5781.12,2833.9,0.40625,1403,544,CEAc,CEA,29,left,0
1404,1405,2,6674.9400000000005,5783.76,2835.1399999999994,0.5703125,1404,544,CEAc,CEA,29,left,0
1405,1406,2,6673.339999999999,5784.58,2835.7000000000007,0.5703125,1405,544,CEAc,CEA,29,left,0
1406,1407,2,6672.34,5786.58,2836.48,0.48828125,1406,544,CEAc,CEA,29,left,0
1407,1408,2,6671.72,5788.74,2837.459999999999,0.43359375,1407,544,CEAc,CEA,29,left,0
1408,1409,2,6670.72,5792.3,2838.6800000000003,0.43359375,1408,544,CEAc,CEA,29,left,0
1409,1410,2,6669.2,5795.02,2839.880000000001,0.37890625,1409,544,CEAc,CEA,29,left,0
1410,1411,2,6669.299999999999,5796.459999999999,2841.699999999999,0.40625,1410,544,CEAc,CEA,29,left,0
1411,1412,2,6669.08,5797.98,2843.1399999999994,0.296875,1411,544,CEAc,CEA,29,left,0
1412,1413,2,6667.960000000001,5798.48,2843.6800000000003,0.32421875,1412,544,CEAc,CEA,29,left,0
1413,1414,2,6666.799999999999,5800.92,2844.8,0.37890625,1413,544,CEAc,CEA,29,left,0
1414,1415,2,6666.14,5802.16,2846.98,0.32421875,1414,544,CEAc,CEA,29,left,0
1415,1416,2,6665.96,5802.4,2848.82,0.00390625,1415,544,CEAc,CEA,29,left,0
1416,1417,2,6664.539999999999,5802.84,2850.5999999999985,0.4609375,1416,544,CEAc,CEA,29,left,0
1417,1418,2,6663.780000000001,5803.8,2852.0599999999995,0.296875,1417,544,CEAc,CEA,29,left,0
1418,1419,2,6662.4,5804.299999999999,2852.7000000000007,0.32421875,1418,544,CEAc,CEA,29,left,0
1419,1420,2,6662.1,5806.040000000001,2854.1800000000003,0.00390625,1419,544,CEAc,CEA,29,left,0
1420,1421,2,6661.96,5807.06,2854.539999999999,0.5,1420,544,CEAc,CEA,29,left,0
1421,1422,2,6661.799999999999,5808.06,2854.92,0.5,1421,544,CEAc,CEA,29,left,0
1422,1423,2,6661.660000000001,5809.08,2855.2800000000007,0.5,1422,544,CEAc,CEA,29,left,0
1423,1424,2,6661.52,5810.1,2855.66,0.5,1423,544,CEAc,CEA,29,left,0
1424,1425,2,6661.38,5811.1,2856.0200000000004,0.5,1424,544,CEAc,CEA,29,left,0
1425,1426,2,6660.96,5812.039999999999,2856.6399999999994,0.5,1425,544,CEAc,CEA,29,left,0
1426,1427,2,6660.54,5812.960000000001,2857.24,0.5,1426,544,CEAc,CEA,29,left,0
1427,1428,2,6660.119999999999,5813.88,2857.84,0.5,1427,544,CEAc,CEA,29,left,0
1428,1429,2,6659.700000000001,5814.82,2858.4400000000005,0.5,1428,544,CEAc,CEA,29,left,0
1429,1430,2,6659.28,5815.74,2859.040000000001,0.5,1429,544,CEAc,CEA,29,left,0
1430,1431,2,6658.86,5816.660000000001,2859.640000000001,0.5,1430,544,CEAc,CEA,29,left,0
1431,1432,2,6658.139999999999,5819.740000000001,2861.4,0.515625,1431,544,CEAc,CEA,29,left,0
1432,1433,2,6655.82,5821.56,2862.459999999999,0.32421875,1432,544,CEAc,CEA,29,left,0
1433,1434,2,6653.9400000000005,5822.54,2863.279999999999,0.19140625,1433,544,CEAc,CEA,29,left,0
1434,1435,2,6652.240000000001,5823.64,2864.0599999999995,0.32421875,1434,544,CEAc,CEA,29,left,0
1435,1436,2,6651.2,5825.320000000001,2864.3,0.21484375,1435,544,CEAc,CEA,29,left,0
1436,1437,2,6650.1,5827.98,2864.959999999999,0.32421875,1436,544,CEAc,CEA,29,left,0
1437,1438,2,6649.82,5829.58,2865.879999999999,0.1640625,1437,544,CEAc,CEA,29,left,0
1438,1439,2,6648.22,5831.08,2866.2800000000007,0.19140625,1438,544,CEAc,CEA,29,left,0
1439,1440,2,6646.42,5832.14,2867.0,0.296875,1439,544,CEAc,CEA,29,left,0
1440,1441,2,6646.34,5833.28,2867.960000000001,0.515625,1440,544,CEAc,CEA,29,left,0
1441,1442,2,6644.700000000001,5835.320000000001,2870.220000000001,0.2421875,1441,544,CEAc,CEA,29,left,0
1442,1443,2,6642.1,5835.879999999999,2871.92,0.296875,1442,544,CEAc,CEA,29,left,0
1443,1444,2,6641.68,5836.92,2873.22,0.26953125,1443,544,CEAc,CEA,29,left,0
1444,1445,2,6641.4400000000005,5837.88,2873.7000000000007,0.5,1444,544,CEAc,CEA,29,left,0
1445,1446,2,6641.18,5838.84,2874.199999999999,0.5,1445,544,CEAc,CEA,29,left,0
1446,1447,2,6640.92,5839.8,2874.6800000000003,0.5,1446,544,CEAc,CEA,29,left,0
1447,1448,2,6640.66,5840.74,2875.1800000000003,0.5,1447,544,CEAc,CEA,29,left,0
1448,1449,2,6640.4,5841.7,2875.66,0.5,1448,544,CEAc,CEA,29,left,0
1449,1450,2,6640.14,5842.66,2876.16,0.5,1449,544,CEAc,CEA,29,left,0
1450,1451,2,6639.9,5843.62,2876.6399999999994,0.5,1450,544,CEAc,CEA,29,left,0
1451,1452,2,6639.0,5845.68,2878.32,0.0078125,1451,544,CEAc,CEA,29,left,0
1452,1453,2,6639.0,5848.9,2880.0599999999995,0.3515625,1452,544,CEAc,CEA,29,left,0
1453,1454,2,6638.62,5851.599999999999,2881.040000000001,0.3515625,1453,544,CEAc,CEA,29,left,0
1454,1455,2,6637.64,5853.16,2881.82,0.37890625,1454,544,CEAc,CEA,29,left,0
1455,1456,2,6636.92,5855.82,2882.8,0.00390625,1455,544,CEAc,CEA,29,left,0
1456,1457,2,6635.839999999999,5857.88,2884.2800000000007,0.43359375,1456,544,CEAc,CEA,29,left,0
1457,1458,2,6634.48,5859.38,2885.8600000000006,0.37890625,1457,544,CEAc,CEA,29,left,0
1458,1459,2,6633.719999999999,5860.1,2887.039999999999,0.48828125,1458,544,CEAc,CEA,29,left,0
1459,1460,2,6633.12,5863.379999999999,2888.58,0.32421875,1459,544,CEAc,CEA,29,left,0
1460,1461,2,6632.14,5865.22,2889.16,0.5703125,1460,559,CEAm,CEA,29,left,0
1461,1462,2,6629.740000000001,5867.780000000001,2889.779999999999,0.00390625,1461,559,CEAm,CEA,29,left,0
1462,1463,2,6628.9400000000005,5869.78,2889.959999999999,0.48828125,1462,559,CEAm,CEA,29,left,0
1463,1464,2,6627.94,5871.82,2890.5,0.54296875,1463,559,CEAm,CEA,29,left,0
1464,1465,2,6627.3,5873.26,2891.8600000000006,0.43359375,1464,559,CEAm,CEA,29,left,0
1465,1466,2,6626.02,5874.9,2892.84,0.43359375,1465,559,CEAm,CEA,29,left,0
1466,1467,2,6625.24,5878.400000000001,2894.08,0.43359375,1466,559,CEAm,CEA,29,left,0
1467,1468,2,6623.88,5879.6,2894.9400000000005,0.43359375,1467,559,CEAm,CEA,29,left,0
1468,1469,2,6621.0,5881.32,2895.879999999999,0.5703125,1468,559,CEAm,CEA,29,left,0
1469,1470,2,6618.82,5881.98,2896.0,0.43359375,1469,559,CEAm,CEA,29,left,0
1470,1471,2,6616.1,5882.88,2896.9399999999987,0.00390625,1470,559,CEAm,CEA,29,left,0
1471,1472,2,6615.48,5884.48,2897.6800000000003,0.26953125,1471,559,CEAm,CEA,29,left,0
1472,1473,2,6613.64,5884.8,2898.08,0.48828125,1472,559,CEAm,CEA,29,left,0
1473,1474,2,6612.619999999999,5886.0,2899.120000000001,0.37890625,1473,559,CEAm,CEA,29,left,0
1474,1475,2,6612.619999999999,5888.16,2900.460000000001,0.2421875,1474,559,CEAm,CEA,29,left,0
1475,1476,2,6612.0,5889.400000000001,2901.6399999999994,0.48828125,1475,559,CEAm,CEA,29,left,0
1476,1477,2,6610.96,5890.48,2903.459999999999,0.3515625,1476,559,CEAm,CEA,29,left,0
1477,1478,2,6610.34,5892.32,2905.5,0.4609375,1477,559,CEAm,CEA,29,left,0
1478,1479,2,6609.26,5894.24,2906.8,0.32421875,1478,559,CEAm,CEA,29,left,0
1479,1480,2,6608.4400000000005,5896.4,2908.24,0.48828125,1479,559,CEAm,CEA,29,left,0
1480,1481,2,6607.36,5897.0,2909.400000000001,0.43359375,1480,559,CEAm,CEA,29,left,0
1481,1482,2,6607.3,5899.5,2910.98,0.48828125,1481,559,CEAm,CEA,29,left,0
1482,1483,2,6605.96,5901.02,2911.879999999999,0.26953125,1482,559,CEAm,CEA,29,left,0
1483,1484,2,6604.48,5902.58,2912.84,0.5703125,1483,559,CEAm,CEA,29,left,0
1484,1485,2,6604.08,5905.460000000001,2914.0200000000004,0.515625,1484,559,CEAm,CEA,29,left,0
1485,1486,2,6604.539999999999,5908.4400000000005,2914.82,0.54296875,1485,559,CEAm,CEA,29,left,0
1486,1487,2,6819.96,5726.08,2640.4,0.48828125,1128,303,BLAa,BLA,30,left,0
1487,1488,2,6821.660000000001,5725.2,2638.3600000000006,0.43359375,1487,303,BLAa,BLA,30,left,0
1488,1489,2,6822.68,5724.92,2636.76,0.32421875,1488,303,BLAa,BLA,30,left,0
1489,1490,2,6823.9800000000005,5725.06,2635.84,0.32421875,1489,303,BLAa,BLA,30,left,0
1490,1491,2,6821.219999999999,5725.06,2642.279999999999,0.0234375,1128,303,BLAa,BLA,31,left,0
1491,1492,2,6605.1,5912.52,2915.58,0.00390625,1486,559,CEAm,CEA,32,left,0
1492,1493,2,6605.72,5916.280000000001,2916.7800000000007,0.32421875,1492,559,CEAm,CEA,32,left,0
1493,1494,2,6605.9400000000005,5917.179999999999,2917.4,0.32421875,1493,559,CEAm,CEA,32,left,0
1494,1495,2,6606.5,5919.06,2919.2800000000007,0.00390625,1494,559,CEAm,CEA,32,left,0
1495,1496,2,6606.26,5921.02,2921.42,0.3515625,1495,559,CEAm,CEA,32,left,0
1496,1497,2,6604.52,5921.219999999999,2922.84,0.43359375,1496,559,CEAm,CEA,32,left,0
1497,1498,2,6605.0,5922.32,2924.5,0.015625,1497,559,CEAm,CEA,32,left,0
1498,1499,2,6603.86,5924.099999999999,2925.9400000000005,0.48828125,1498,559,CEAm,CEA,32,left,0
1499,1500,2,6603.58,5926.24,2927.22,0.3515625,1499,559,CEAm,CEA,32,left,0
1500,1501,2,6602.4400000000005,5928.06,2927.92,0.40625,1500,559,CEAm,CEA,32,left,0
1501,1502,2,6602.12,5929.719999999999,2928.8600000000006,0.62109375,1501,559,CEAm,CEA,32,left,0
1502,1503,2,6602.02,5930.9400000000005,2930.92,0.48828125,1502,559,CEAm,CEA,32,left,0
1503,1504,2,6600.62,5932.4,2931.5,0.2421875,1503,559,CEAm,CEA,32,left,0
1504,1505,2,6600.1,5934.18,2932.34,0.21484375,1504,559,CEAm,CEA,32,left,0
1505,1506,2,6598.08,5937.72,2933.48,0.73046875,1505,559,CEAm,CEA,32,left,0
1506,1507,2,6597.58,5939.9800000000005,2934.16,0.19140625,1506,559,CEAm,CEA,32,left,0
1507,1508,2,6595.52,5942.46,2934.460000000001,0.26953125,1507,559,CEAm,CEA,32,left,0
1508,1509,2,6594.400000000001,5944.48,2934.92,0.4609375,1508,559,CEAm,CEA,32,left,0
1509,1510,2,6592.94,5944.82,2935.48,0.54296875,1509,559,CEAm,CEA,32,left,0
1510,1511,2,6591.16,5945.02,2936.48,0.01953125,1510,559,CEAm,CEA,32,left,0
1511,1512,2,6590.36,5945.62,2938.120000000001,0.37890625,1511,559,CEAm,CEA,32,left,0
1512,1513,2,6589.62,5946.84,2940.4400000000005,0.296875,1512,559,CEAm,CEA,32,left,0
1513,1514,2,6588.719999999999,5947.74,2942.08,0.296875,1513,559,CEAm,CEA,32,left,0
1514,1515,2,6588.139999999999,5949.28,2943.540000000001,0.40625,1514,559,CEAm,CEA,32,left,0
1515,1516,2,6586.54,5950.320000000001,2944.3600000000006,0.48828125,1515,559,CEAm,CEA,32,left,0
1516,1517,2,6585.72,5951.4800000000005,2945.58,0.3515625,1516,559,CEAm,CEA,32,left,0
1517,1518,2,6584.299999999999,5952.780000000001,2946.3600000000006,0.43359375,1517,559,CEAm,CEA,32,left,0
1518,1519,2,6583.139999999999,5954.42,2947.22,0.4609375,1518,559,CEAm,CEA,32,left,0
1519,1520,2,6581.82,5956.32,2947.880000000001,0.43359375,1519,559,CEAm,CEA,32,left,0
1520,1521,2,6581.32,5958.339999999999,2948.74,0.515625,1520,559,CEAm,CEA,32,left,0
1521,1522,2,6581.2,5960.700000000001,2949.4399999999987,0.4609375,1521,559,CEAm,CEA,32,left,0
1522,1523,2,6579.6,5963.08,2950.1800000000003,0.00390625,1522,559,CEAm,CEA,32,left,0
1523,1524,2,6578.339999999999,5966.3,2950.3,1.30078125,1523,559,CEAm,CEA,32,left,0
1524,1525,2,6578.26,5968.400000000001,2951.380000000001,0.83984375,1524,559,CEAm,CEA,32,left,0
1525,1526,2,6577.14,5969.099999999999,2951.8600000000006,0.40625,1525,559,CEAm,CEA,32,left,0
1526,1527,2,6576.7,5972.0,2951.8,0.4609375,1526,559,CEAm,CEA,32,left,0
1527,1528,2,6576.639999999999,5974.78,2952.16,0.48828125,1527,559,CEAm,CEA,32,left,0
1528,1529,2,6575.119999999999,5976.52,2952.7800000000007,0.54296875,1528,559,CEAm,CEA,32,left,0
1529,1530,2,6574.6,5978.8,2953.9,0.32421875,1529,559,CEAm,CEA,32,left,0
1530,1531,2,6574.2,5981.12,2954.6800000000003,0.19140625,1530,559,CEAm,CEA,32,left,0
1531,1532,2,6573.06,5982.799999999999,2954.98,0.32421875,1531,559,CEAm,CEA,32,left,0
1532,1533,2,6570.78,5983.9400000000005,2956.2000000000007,0.00390625,1532,559,CEAm,CEA,32,left,0
1533,1534,2,6568.0,5985.66,2958.4,0.296875,1533,559,CEAm,CEA,32,left,0
1534,1535,2,6566.96,5987.68,2960.119999999999,0.54296875,1534,559,CEAm,CEA,32,left,0
1535,1536,2,6566.42,5990.06,2961.119999999999,0.1640625,1535,559,CEAm,CEA,32,left,0
1536,1537,2,6564.9400000000005,5991.74,2961.540000000001,0.515625,1536,559,CEAm,CEA,32,left,0
1537,1538,2,6563.86,5993.719999999999,2962.140000000001,0.515625,1537,559,CEAm,CEA,32,left,0
1538,1539,2,6561.74,5996.599999999999,2963.7000000000007,0.32421875,1538,559,CEAm,CEA,32,left,0
1539,1540,2,6560.44,5998.200000000001,2964.8,0.26953125,1539,559,CEAm,CEA,32,left,0
1540,1541,2,6558.88,5999.160000000001,2965.3599999999988,0.40625,1540,559,CEAm,CEA,32,left,0
1541,1542,2,6558.48,6000.04,2966.720000000001,0.00390625,1541,559,CEAm,CEA,32,left,0
1542,1543,2,6557.0,6001.660000000001,2967.6399999999994,0.37890625,1542,559,CEAm,CEA,32,left,0
1543,1544,2,6556.26,6003.6,2968.34,0.32421875,1543,559,CEAm,CEA,32,left,0
1544,1545,2,6556.4400000000005,6006.7,2969.2800000000007,0.32421875,1544,559,CEAm,CEA,32,left,0
1545,1546,2,6555.299999999999,6008.62,2969.9,0.32421875,1545,559,CEAm,CEA,32,left,0
1546,1547,2,6554.38,6010.4,2971.08,0.2421875,1546,559,CEAm,CEA,32,left,0
1547,1548,2,6553.18,6011.5,2971.82,0.40625,1547,559,CEAm,CEA,32,left,0
1548,1549,2,6552.84,6013.379999999999,2973.459999999999,0.26953125,1548,559,CEAm,CEA,32,left,0
1549,1550,2,6551.52,6014.719999999999,2974.5200000000004,0.54296875,1549,559,CEAm,CEA,32,left,0
1550,1551,2,6550.24,6016.72,2975.879999999999,0.26953125,1550,559,CEAm,CEA,32,left,0
1551,1552,2,6549.86,6019.18,2976.82,0.54296875,1551,559,CEAm,CEA,32,left,0
1552,1553,2,6550.04,6021.72,2977.0200000000004,0.32421875,1552,559,CEAm,CEA,32,left,0
1553,1554,2,6550.58,6025.44,2977.8,0.00390625,1553,559,CEAm,CEA,32,left,0
1554,1555,2,6550.320000000001,6028.400000000001,2978.880000000001,0.296875,1554,559,CEAm,CEA,32,left,0
1555,1556,2,6549.62,6030.92,2979.8,0.296875,1555,559,CEAm,CEA,32,left,0
1556,1557,2,6549.64,6034.32,2980.8600000000006,0.32421875,1556,559,CEAm,CEA,32,left,0
1557,1558,2,6549.719999999999,6036.94,2982.1800000000003,0.32421875,1557,559,CEAm,CEA,32,left,0
1558,1559,2,6549.28,6038.4400000000005,2982.58,0.37890625,1558,559,CEAm,CEA,32,left,0
1559,1560,2,6549.539999999999,6042.64,2983.1800000000003,0.296875,1559,559,CEAm,CEA,32,left,0
1560,1561,2,6549.04,6044.48,2983.6000000000004,0.40625,1560,559,CEAm,CEA,32,left,0
1561,1562,2,6547.5,6048.200000000001,2984.72,0.515625,1561,559,CEAm,CEA,32,left,0
1562,1563,2,6547.26,6050.62,2985.1399999999994,0.21484375,1562,559,CEAm,CEA,32,left,0
1563,1564,2,6547.619999999999,6053.64,2986.48,0.3515625,1563,559,CEAm,CEA,32,left,0
1564,1565,2,6546.84,6054.86,2987.459999999999,0.37890625,1564,559,CEAm,CEA,32,left,0
1565,1566,2,6546.1,6056.84,2988.4400000000005,0.32421875,1565,559,CEAm,CEA,32,left,0
1566,1567,2,6546.58,6059.360000000001,2989.58,0.32421875,1566,559,CEAm,CEA,32,left,0
1567,1568,2,6547.06,6062.16,2990.539999999999,0.1640625,1567,559,CEAm,CEA,32,left,0
1568,1569,2,6546.58,6064.66,2991.98,0.00390625,1568,559,CEAm,CEA,32,left,0
1569,1570,2,6545.06,6065.8,2993.1800000000003,0.296875,1569,559,CEAm,CEA,32,left,0
1570,1571,2,6544.64,6067.28,2994.199999999999,0.515625,1570,559,CEAm,CEA,32,left,0
1571,1572,2,6544.9800000000005,6070.280000000001,2994.9400000000005,0.515625,1571,559,CEAm,CEA,32,left,0
1572,1573,2,6544.48,6072.66,2994.8600000000006,0.296875,1572,559,CEAm,CEA,32,left,0
1573,1574,2,6544.42,6075.38,2995.0599999999995,0.54296875,1573,559,CEAm,CEA,32,left,0
1574,1575,2,6544.679999999999,6078.8,2995.6399999999994,0.00390625,1574,559,CEAm,CEA,32,left,0
1575,1576,2,6543.48,6079.86,2995.779999999999,0.4609375,1575,559,CEAm,CEA,32,left,0
1576,1577,2,6542.6,6082.960000000001,2995.879999999999,0.515625,1576,559,CEAm,CEA,32,left,0
1577,1578,2,6541.78,6085.38,2996.4,0.48828125,1577,559,CEAm,CEA,32,left,0
1578,1579,2,6539.92,6088.02,2996.720000000001,0.62109375,1578,559,CEAm,CEA,32,left,0
1579,1580,2,6538.92,6091.26,2997.22,1.00390625,1579,559,CEAm,CEA,32,left,0
1580,1581,2,6538.339999999999,6093.5,2998.32,0.48828125,1580,559,CEAm,CEA,32,left,0
1581,1582,2,6537.34,6094.28,2998.6800000000003,0.32421875,1581,559,CEAm,CEA,32,left,0
1582,1583,2,6603.68,5910.76,2914.8,0.015625,1486,559,CEAm,CEA,33,left,0
1583,1584,2,6603.92,5912.42,2915.82,0.296875,1583,559,CEAm,CEA,33,left,0
1584,1585,2,6604.400000000001,5917.36,2915.66,0.19140625,1584,559,CEAm,CEA,33,left,0
1585,1586,2,6604.9400000000005,5920.78,2915.76,0.4609375,1585,559,CEAm,CEA,33,left,0
1586,1587,2,6605.82,5922.42,2915.5999999999985,0.4609375,1586,559,CEAm,CEA,33,left,0
1587,1588,2,6606.42,5926.02,2915.220000000001,0.01171875,1587,559,CEAm,CEA,33,left,0
1588,1589,2,6607.1,5930.36,2916.380000000001,0.21484375,1588,559,CEAm,CEA,33,left,0
1589,1590,2,6607.380000000001,5933.18,2917.42,0.59765625,1589,559,CEAm,CEA,33,left,0
1590,1591,2,6606.72,5934.04,2917.960000000001,0.515625,1590,559,CEAm,CEA,33,left,0
1591,1592,2,6823.9400000000005,5724.96,2632.540000000001,0.59765625,1490,303,BLAa,BLA,34,left,0
1592,1593,2,6825.700000000001,5724.78,2631.08,0.21484375,1592,303,BLAa,BLA,34,left,0
1593,1594,2,6826.94,5724.740000000001,2629.48,0.26953125,1593,303,BLAa,BLA,34,left,0
1594,1595,2,6829.08,5725.700000000001,2627.7800000000007,0.40625,1594,303,BLAa,BLA,34,left,0
1595,1596,2,6831.660000000001,5727.02,2626.26,0.32421875,1595,303,BLAa,BLA,34,left,0
1596,1597,2,6832.799999999999,5728.58,2624.74,0.515625,1596,303,BLAa,BLA,34,left,0
1597,1598,2,6833.48,5729.539999999999,2623.1800000000003,0.1640625,1597,303,BLAa,BLA,34,left,0
1598,1599,2,6835.259999999999,5730.860000000001,2621.0200000000004,0.40625,1598,303,BLAa,BLA,34,left,0
1599,1600,2,6836.660000000001,5731.76,2619.2800000000007,0.4609375,1599,303,BLAa,BLA,34,left,0
1600,1601,2,6838.32,5732.5,2617.3600000000006,0.5703125,1600,303,BLAa,BLA,34,left,0
1601,1602,2,6839.22,5733.68,2615.620000000001,0.3515625,1601,303,BLAa,BLA,34,left,0
1602,1603,2,6841.4400000000005,5734.099999999999,2613.42,0.1640625,1602,303,BLAa,BLA,34,left,0
1603,1604,2,6842.52,5733.82,2612.380000000001,0.54296875,1603,303,BLAa,BLA,34,left,0
1604,1605,2,6844.0,5733.9,2610.9,0.43359375,1604,303,BLAa,BLA,34,left,0
1605,1606,2,6844.78,5733.9800000000005,2609.640000000001,0.40625,1605,303,BLAa,BLA,34,left,0
1606,1607,2,6845.06,5733.9800000000005,2607.48,0.43359375,1606,303,BLAa,BLA,34,left,0
1607,1608,2,6845.78,5733.76,2606.0,0.48828125,1607,303,BLAa,BLA,34,left,0
1608,1609,2,6846.4,5733.099999999999,2604.24,0.4609375,1608,303,BLAa,BLA,34,left,0
1609,1610,2,6846.860000000001,5732.98,2601.74,0.40625,1609,303,BLAa,BLA,34,left,0
1610,1611,2,6848.08,5733.139999999999,2600.5,0.40625,1610,303,BLAa,BLA,34,left,0
1611,1612,2,6849.32,5733.28,2599.1399999999994,0.32421875,1611,303,BLAa,BLA,34,left,0
1612,1613,2,6851.12,5733.74,2597.76,0.48828125,1612,303,BLAa,BLA,34,left,0
1613,1614,2,6852.06,5734.139999999999,2596.4400000000005,0.32421875,1613,303,BLAa,BLA,34,left,0
1614,1615,2,6853.04,5734.160000000001,2594.959999999999,0.00390625,1614,303,BLAa,BLA,34,left,0
1615,1616,2,6855.06,5733.9800000000005,2593.0,0.1640625,1615,303,BLAa,BLA,34,left,0
1616,1617,2,6856.56,5733.76,2591.6000000000004,0.48828125,1616,303,BLAa,BLA,34,left,0
1617,1618,2,6856.56,5733.56,2589.9,0.43359375,1617,303,BLAa,BLA,34,left,0
1618,1619,2,6856.860000000001,5736.14,2592.7000000000007,0.48828125,1618,303,BLAa,BLA,34,left,0
1619,1620,2,6855.4,5737.36,2593.3600000000006,0.73046875,1619,303,BLAa,BLA,34,left,0
1620,1621,2,6826.54,5727.4800000000005,2634.959999999999,0.32421875,1490,303,BLAa,BLA,35,left,0
1621,1622,2,6829.18,5728.76,2633.76,0.48828125,1621,303,BLAa,BLA,35,left,0
1622,1623,2,6831.459999999999,5730.56,2633.16,0.4609375,1622,303,BLAa,BLA,35,left,0
1623,1624,2,6833.58,5733.76,2632.26,0.43359375,1623,303,BLAa,BLA,35,left,0
1624,1625,2,6835.36,5735.96,2631.0599999999995,0.3515625,1624,303,BLAa,BLA,35,left,0
1625,1626,2,6836.92,5738.08,2630.5999999999985,0.01953125,1625,303,BLAa,BLA,35,left,0
1626,1627,2,6839.9,5740.24,2629.880000000001,0.1640625,1626,303,BLAa,BLA,35,left,0
1627,1628,2,6841.92,5743.08,2629.619999999999,0.40625,1627,303,BLAa,BLA,35,left,0
1628,1629,2,6843.4400000000005,5745.74,2629.120000000001,0.21484375,1628,303,BLAa,BLA,35,left,0
1629,1630,2,6844.78,5747.68,2628.039999999999,0.62109375,1629,303,BLAa,BLA,35,left,0
1630,1631,2,6823.02,5724.82,2641.879999999999,0.00390625,1491,303,BLAa,BLA,36,left,0
1631,1632,2,6823.12,5723.04,2640.8600000000006,0.48828125,1631,303,BLAa,BLA,36,left,0
1632,1633,2,6823.64,5721.599999999999,2639.4399999999987,0.37890625,1632,303,BLAa,BLA,36,left,0
1633,1634,2,6825.2,5721.18,2638.5599999999995,0.703125,1633,303,BLAa,BLA,36,left,0
1634,1635,2,6827.14,5721.42,2636.76,0.01171875,1634,303,BLAa,BLA,36,left,0
1635,1636,2,6829.34,5721.660000000001,2635.2000000000007,0.37890625,1635,303,BLAa,BLA,36,left,0
1636,1637,2,6832.08,5721.96,2633.98,0.43359375,1636,303,BLAa,BLA,36,left,0
1637,1638,2,6833.62,5722.06,2632.5599999999995,0.2421875,1637,303,BLAa,BLA,36,left,0
1638,1639,2,6835.24,5721.84,2631.6399999999994,0.4609375,1638,303,BLAa,BLA,36,left,0
1639,1640,2,6835.879999999999,5721.74,2630.34,0.0078125,1639,303,BLAa,BLA,36,left,0
1640,1641,2,6837.92,5721.56,2629.84,0.48828125,1640,303,BLAa,BLA,36,left,0
1641,1642,2,6839.58,5721.1,2628.8,0.32421875,1641,303,BLAa,BLA,36,left,0
1642,1643,2,6840.56,5721.1,2627.66,0.32421875,1642,303,BLAa,BLA,36,left,0
1643,1644,2,6843.82,5721.0,2625.82,0.2421875,1643,303,BLAa,BLA,36,left,0
1644,1645,2,6845.1,5720.82,2624.58,0.48828125,1644,303,BLAa,BLA,36,left,0
1645,1646,2,6846.74,5718.719999999999,2623.880000000001,0.54296875,1645,303,BLAa,BLA,36,left,0
1646,1647,2,6847.240000000001,5716.02,2623.6399999999994,0.54296875,1646,303,BLAa,BLA,36,left,0
1647,1648,2,6847.960000000001,5713.5,2622.98,0.26953125,1647,303,BLAa,BLA,36,left,0
1648,1649,2,6848.400000000001,5711.620000000001,2622.2000000000007,0.54296875,1648,303,BLAa,BLA,36,left,0
1649,1650,2,6850.48,5710.96,2621.48,0.48828125,1649,303,BLAa,BLA,36,left,0
1650,1651,2,6851.74,5710.82,2620.800000000001,0.02734375,1650,303,BLAa,BLA,36,left,0
1651,1652,2,6854.34,5710.58,2620.24,0.3515625,1651,303,BLAa,BLA,36,left,0
1652,1653,2,6855.56,5709.880000000001,2619.66,0.40625,1652,303,BLAa,BLA,36,left,0
1653,1654,2,6857.28,5709.18,2618.82,0.40625,1653,303,BLAa,BLA,36,left,0
1654,1655,2,6858.62,5709.08,2617.58,0.4609375,1654,303,BLAa,BLA,36,left,0
1655,1656,2,6860.2,5708.02,2616.48,0.40625,1655,303,BLAa,BLA,36,left,0
1656,1657,2,6862.52,5705.8,2615.220000000001,0.62109375,1656,303,BLAa,BLA,36,left,0
1657,1658,2,6864.24,5704.120000000001,2614.42,0.43359375,1657,303,BLAa,BLA,36,left,0
1658,1659,2,6865.4,5701.58,2613.880000000001,0.43359375,1658,303,BLAa,BLA,36,left,0
1659,1660,2,6865.639999999999,5699.099999999999,2613.5200000000004,0.6484375,1659,303,BLAa,BLA,36,left,0
1660,1661,2,6867.94,5698.28,2612.58,0.40625,1660,303,BLAa,BLA,36,left,0
1661,1662,2,6868.88,5697.1,2610.959999999999,0.515625,1661,303,BLAa,BLA,36,left,0
1662,1663,2,6870.599999999999,5696.0,2610.5200000000004,0.00390625,1662,303,BLAa,BLA,36,left,0
1663,1664,2,6871.799999999999,5694.76,2609.6000000000004,0.40625,1663,303,BLAa,BLA,36,left,0
1664,1665,2,6873.64,5693.7,2608.4,0.48828125,1664,303,BLAa,BLA,36,left,0
1665,1666,2,6874.58,5692.960000000001,2606.8,0.40625,1665,303,BLAa,BLA,36,left,0
1666,1667,2,6875.96,5692.4800000000005,2605.4400000000005,0.4609375,1666,303,BLAa,BLA,36,left,0
1667,1668,2,6878.099999999999,5691.74,2604.0,0.40625,1667,303,BLAa,BLA,36,left,0
1668,1669,2,6880.14,5691.2,2602.34,0.703125,1668,303,BLAa,BLA,36,left,0
1669,1670,2,6882.64,5691.459999999999,2601.540000000001,0.40625,1669,303,BLAa,BLA,36,left,0
1670,1671,2,6885.460000000001,5691.799999999999,2600.98,0.59765625,1670,303,BLAa,BLA,36,left,0
1671,1672,2,6886.459999999999,5691.900000000001,2600.380000000001,0.4609375,1671,303,BLAa,BLA,36,left,0
1672,1673,2,6889.099999999999,5692.820000000001,2599.5599999999995,0.01171875,1672,303,BLAa,BLA,36,left,0
1673,1674,2,6890.68,5694.539999999999,2598.7000000000007,0.3515625,1673,303,BLAa,BLA,36,left,0
1674,1675,2,6892.68,5695.72,2598.26,0.40625,1674,303,BLAa,BLA,36,left,0
1675,1676,2,6894.96,5696.860000000001,2597.5200000000004,0.515625,1675,303,BLAa,BLA,36,left,0
1676,1677,2,6896.92,5697.46,2596.5,0.296875,1676,303,BLAa,BLA,36,left,0
1677,1678,2,6899.679999999999,5697.780000000001,2594.959999999999,0.37890625,1677,303,BLAa,BLA,36,left,0
1678,1679,2,6901.639999999999,5696.82,2594.32,0.40625,1678,303,BLAa,BLA,36,left,0
1679,1680,2,6903.32,5694.6,2593.8,0.7578125,1679,303,BLAa,BLA,36,left,0
1680,1681,2,6904.9400000000005,5692.960000000001,2593.3600000000006,0.19140625,1680,303,BLAa,BLA,36,left,0
1681,1682,2,6906.12,5691.4,2592.6800000000003,0.48828125,1681,303,BLAa,BLA,36,left,0
1682,1683,2,6908.6,5690.78,2591.7800000000007,0.40625,1682,303,BLAa,BLA,36,left,0
1683,1684,2,6910.56,5690.08,2591.4,0.32421875,1683,303,BLAa,BLA,36,left,0
1684,1685,2,6913.32,5689.139999999999,2591.2000000000007,0.59765625,1684,303,BLAa,BLA,36,left,0
1685,1686,2,6914.299999999999,5687.92,2591.2000000000007,0.62109375,1685,303,BLAa,BLA,36,left,0
1686,1687,2,6915.900000000001,5684.700000000001,2590.58,0.00390625,1686,303,BLAa,BLA,36,left,0
1687,1688,2,6916.36,5681.900000000001,2589.2800000000007,0.515625,1687,303,BLAa,BLA,36,left,0
1688,1689,2,6916.54,5679.719999999999,2588.039999999999,0.4609375,1688,303,BLAa,BLA,36,left,0
1689,1690,2,6917.52,5677.6,2587.4,0.4609375,1689,303,BLAa,BLA,36,left,0
1690,1691,2,6918.9,5675.839999999999,2586.92,0.8125,1690,303,BLAa,BLA,36,left,0
1691,1692,2,6918.9800000000005,5674.66,2585.16,0.48828125,1691,303,BLAa,BLA,36,left,0
1692,1693,2,6919.96,5673.46,2583.4400000000005,0.4609375,1692,303,BLAa,BLA,36,left,0
1693,1694,2,6921.54,5672.4400000000005,2582.3600000000006,0.40625,1693,303,BLAa,BLA,36,left,0
1694,1695,2,6923.379999999999,5671.620000000001,2580.84,0.62109375,1694,303,BLAa,BLA,36,left,0
1695,1696,2,6925.22,5671.599999999999,2580.1399999999994,0.67578125,1695,303,BLAa,BLA,36,left,0
1696,1697,2,6925.72,5669.740000000001,2578.76,0.00390625,1696,303,BLAa,BLA,36,left,0
1697,1698,2,6926.92,5669.48,2577.4,0.73046875,1697,303,BLAa,BLA,36,left,0
1698,1699,2,6928.8,5668.48,2576.08,0.5703125,1698,303,BLAa,BLA,36,left,0
1699,1700,2,6929.8,5666.7,2575.220000000001,0.73046875,1699,303,BLAa,BLA,36,left,0
1700,1701,2,6931.4400000000005,5665.14,2574.4399999999987,0.4609375,1700,303,BLAa,BLA,36,left,0
1701,1702,2,6933.22,5662.7,2573.34,0.5703125,1701,303,BLAa,BLA,36,left,0
1702,1703,2,6934.700000000001,5661.3,2572.6800000000003,0.32421875,1702,303,BLAa,BLA,36,left,0
1703,1704,2,6935.4,5659.42,2571.960000000001,0.40625,1703,303,BLAa,BLA,36,left,0
1704,1705,2,6936.74,5658.360000000001,2570.779999999999,0.4609375,1704,303,BLAa,BLA,36,left,0
1705,1706,2,6939.84,5657.66,2569.1800000000003,0.2421875,1705,303,BLAa,BLA,36,left,0
1706,1707,2,6942.14,5657.56,2568.959999999999,0.515625,1706,303,BLAa,BLA,36,left,0
1707,1708,2,6944.0,5658.3,2568.7800000000007,0.02734375,1707,303,BLAa,BLA,36,left,0
1708,1709,2,6947.12,5659.64,2568.1800000000003,0.62109375,1708,303,BLAa,BLA,36,left,0
1709,1710,2,6948.88,5660.36,2567.7800000000007,0.296875,1709,303,BLAa,BLA,36,left,0
1710,1711,2,6951.14,5660.68,2566.32,0.32421875,1710,303,BLAa,BLA,36,left,0
1711,1712,2,6953.04,5660.66,2564.379999999999,0.6484375,1711,303,BLAa,BLA,36,left,0
1712,1713,2,6953.88,5659.84,2563.5200000000004,0.78515625,1712,303,BLAa,BLA,36,left,0
1713,1714,2,6955.839999999999,5661.4400000000005,2562.2000000000007,0.02734375,1713,303,BLAa,BLA,36,left,0
1714,1715,2,6957.88,5662.92,2560.5999999999985,0.40625,1714,303,BLAa,BLA,36,left,0
1715,1716,2,6960.04,5663.68,2559.26,0.48828125,1715,303,BLAa,BLA,36,left,0
1716,1717,2,6961.74,5663.58,2558.32,0.2421875,1716,303,BLAa,BLA,36,left,0
1717,1718,2,6964.700000000001,5663.86,2557.5,0.32421875,1717,303,BLAa,BLA,36,left,0
1718,1719,2,6966.900000000001,5664.08,2557.4,0.78515625,1718,303,BLAa,BLA,36,left,0
1719,1720,2,6967.6,5663.8,2555.98,0.015625,1719,303,BLAa,BLA,36,left,0
1720,1721,2,6969.64,5663.16,2554.5,0.515625,1720,303,BLAa,BLA,36,left,0
1721,1722,2,6971.32,5663.0,2553.08,0.296875,1721,303,BLAa,BLA,36,left,0
1722,1723,2,6974.96,5662.72,2551.5599999999995,0.4609375,1722,303,BLAa,BLA,36,left,0
1723,1724,2,6976.94,5662.16,2551.1399999999994,0.43359375,1723,303,BLAa,BLA,36,left,0
1724,1725,2,6979.0,5662.12,2550.7000000000007,0.43359375,1724,303,BLAa,BLA,36,left,0
1725,1726,2,6981.660000000001,5662.34,2550.34,0.40625,1725,303,BLAa,BLA,36,left,0
1726,1727,2,6985.52,5662.1,2549.539999999999,0.2421875,1726,303,BLAa,BLA,36,left,0
1727,1728,2,6987.759999999999,5661.96,2548.880000000001,0.5703125,1727,303,BLAa,BLA,36,left,0
1728,1729,2,6989.719999999999,5662.1,2548.48,0.59765625,1728,303,BLAa,BLA,36,left,0
1729,1730,2,6991.42,5662.02,2548.0200000000004,0.06640625,1729,303,BLAa,BLA,36,left,0
1730,1731,2,6993.04,5662.64,2546.58,0.54296875,1730,303,BLAa,BLA,36,left,0
1731,1732,2,6996.36,5662.619999999999,2545.539999999999,0.00390625,1731,303,BLAa,BLA,36,left,0
1732,1733,2,6998.4400000000005,5662.08,2545.26,0.21484375,1732,303,BLAa,BLA,36,left,0
1733,1734,2,7000.62,5662.14,2545.1800000000003,0.40625,1733,303,BLAa,BLA,36,left,0
1734,1735,2,7002.94,5662.36,2544.66,0.32421875,1734,303,BLAa,BLA,36,left,0
1735,1736,2,7004.539999999999,5662.54,2543.880000000001,0.43359375,1735,303,BLAa,BLA,36,left,0
1736,1737,2,7006.98,5661.74,2543.58,0.515625,1736,303,BLAa,BLA,36,left,0
1737,1738,2,7009.24,5660.66,2542.880000000001,0.62109375,1737,303,BLAa,BLA,36,left,0
1738,1739,2,7010.78,5660.460000000001,2541.3600000000006,0.515625,1738,303,BLAa,BLA,36,left,0
1739,1740,2,7013.92,5660.76,2540.220000000001,0.59765625,1739,303,BLAa,BLA,36,left,0
1740,1741,2,7016.14,5660.96,2540.119999999999,0.703125,1740,303,BLAa,BLA,36,left,0
1741,1742,2,7017.7,5660.58,2539.880000000001,0.01953125,1741,303,BLAa,BLA,36,left,0
1742,1743,2,6824.120000000001,5725.36,2642.22,0.4609375,1491,303,BLAa,BLA,37,left,0
1743,1744,2,6825.839999999999,5726.219999999999,2642.34,0.37890625,1743,303,BLAa,BLA,37,left,0
1744,1745,2,6828.16,5726.88,2642.380000000001,0.6484375,1744,303,BLAa,BLA,37,left,0
1745,1746,2,6830.9400000000005,5727.68,2642.5,0.03515625,1745,303,BLAa,BLA,37,left,0
1746,1747,2,6833.22,5728.959999999999,2642.5,0.1640625,1746,303,BLAa,BLA,37,left,0
1747,1748,2,6835.700000000001,5730.08,2641.7800000000007,0.32421875,1747,303,BLAa,BLA,37,left,0
1748,1749,2,6837.08,5730.22,2640.72,0.43359375,1748,303,BLAa,BLA,37,left,0
1749,1750,2,6839.66,5728.099999999999,2639.3600000000006,0.00390625,1749,303,BLAa,BLA,37,left,0
1750,1751,2,6841.52,5728.02,2638.42,0.2421875,1750,303,BLAa,BLA,37,left,0
1751,1752,2,6843.08,5728.92,2638.300000000001,0.01953125,1751,303,BLAa,BLA,37,left,0
1752,1753,2,6845.04,5730.76,2637.540000000001,0.296875,1752,303,BLAa,BLA,37,left,0
1753,1754,2,6846.620000000001,5731.88,2636.7800000000007,0.4609375,1753,303,BLAa,BLA,37,left,0
1754,1755,2,6848.22,5733.959999999999,2635.460000000001,0.0078125,1754,303,BLAa,BLA,37,left,0
1755,1756,2,6850.16,5736.040000000001,2634.3,0.37890625,1755,303,BLAa,BLA,37,left,0
1756,1757,2,6851.5,5737.64,2633.5,0.48828125,1756,303,BLAa,BLA,37,left,0
1757,1758,2,6854.139999999999,5740.38,2632.98,0.00390625,1757,303,BLAa,BLA,37,left,0
1758,1759,2,6856.16,5741.38,2632.26,0.32421875,1758,303,BLAa,BLA,37,left,0
1759,1760,2,6858.5,5743.64,2630.4400000000005,0.73046875,1759,303,BLAa,BLA,37,left,0
1760,1761,2,6860.38,5745.18,2629.84,0.32421875,1760,303,BLAa,BLA,37,left,0
1761,1762,2,6863.04,5747.4400000000005,2629.08,0.00390625,1761,303,BLAa,BLA,37,left,0
1762,1763,2,6864.9,5751.4400000000005,2628.6800000000003,0.67578125,1762,303,BLAa,BLA,37,left,0
1763,1764,2,6865.1,5753.56,2628.6399999999994,0.4609375,1763,303,BLAa,BLA,37,left,0
1764,1765,2,6864.700000000001,5754.86,2630.3599999999988,0.00390625,1764,303,BLAa,BLA,37,left,0
1765,1766,2,6863.16,5755.02,2630.5999999999985,0.43359375,1765,303,BLAa,BLA,37,left,0
1766,1767,2,6863.379999999999,5755.460000000001,2633.26,0.01171875,1766,303,BLAa,BLA,37,left,0
1767,1768,2,6861.860000000001,5755.98,2635.5200000000004,0.5703125,1767,303,BLAa,BLA,37,left,0
1768,1769,2,6860.42,5756.4800000000005,2636.5,0.48828125,1768,303,BLAa,BLA,37,left,0
1769,1770,2,6858.86,5756.32,2637.6800000000003,0.0078125,1769,303,BLAa,BLA,37,left,0
1770,1771,2,6857.12,5757.16,2638.84,0.296875,1770,303,BLAa,BLA,37,left,0
1771,1772,2,6856.599999999999,5758.6,2640.0599999999995,0.3515625,1771,303,BLAa,BLA,37,left,0
1772,1773,2,6854.64,5759.120000000001,2640.74,0.73046875,1772,303,BLAa,BLA,37,left,0
1773,1774,2,6853.4400000000005,5759.02,2641.620000000001,0.0390625,1773,303,BLAa,BLA,37,left,0
1774,1775,2,6851.639999999999,5758.24,2643.24,0.21484375,1774,303,BLAa,BLA,37,left,0
1775,1776,2,6849.84,5757.14,2644.779999999999,0.3515625,1775,303,BLAa,BLA,37,left,0
1776,1777,2,6848.16,5755.8,2646.76,0.19140625,1776,303,BLAa,BLA,37,left,0
1777,1778,2,6846.900000000001,5755.280000000001,2648.459999999999,0.19140625,1777,303,BLAa,BLA,37,left,0
1778,1779,2,6845.68,5754.9800000000005,2649.3600000000006,0.32421875,1778,303,BLAa,BLA,37,left,0
1779,1780,2,6844.18,5756.639999999999,2651.0,0.37890625,1779,303,BLAa,BLA,37,left,0
1780,1781,2,6843.62,5757.759999999999,2652.5200000000004,0.296875,1780,303,BLAa,BLA,37,left,0
1781,1782,2,6842.72,5758.959999999999,2654.199999999999,0.40625,1781,303,BLAa,BLA,37,left,0
1782,1783,2,6841.26,5759.26,2655.380000000001,0.32421875,1782,303,BLAa,BLA,37,left,0
1783,1784,2,6839.6,5759.099999999999,2656.2000000000007,0.32421875,1783,303,BLAa,BLA,37,left,0
1784,1785,2,6838.9800000000005,5758.9800000000005,2657.540000000001,0.00390625,1784,303,BLAa,BLA,37,left,0
1785,1786,2,6836.620000000001,5757.960000000001,2658.4400000000005,0.40625,1785,303,BLAa,BLA,37,left,0
1786,1787,2,6835.98,5758.400000000001,2659.82,0.32421875,1786,303,BLAa,BLA,37,left,0
1787,1788,2,6834.719999999999,5759.18,2661.9399999999987,0.1640625,1787,303,BLAa,BLA,37,left,0
1788,1789,2,6833.9,5759.32,2663.7800000000007,0.32421875,1788,303,BLAa,BLA,37,left,0
1789,1790,2,6833.52,5759.32,2666.22,0.40625,1789,303,BLAa,BLA,37,left,0
1790,1791,2,6833.64,5759.06,2667.4400000000005,0.4609375,1790,303,BLAa,BLA,37,left,0
1791,1792,2,6832.64,5758.42,2669.1800000000003,0.00390625,1791,303,BLAa,BLA,37,left,0
1792,1793,2,6832.28,5757.380000000001,2671.0,0.3515625,1792,303,BLAa,BLA,37,left,0
1793,1794,2,6830.72,5757.0,2671.879999999999,0.32421875,1793,303,BLAa,BLA,37,left,0
1794,1795,2,6830.44,5757.0,2672.960000000001,0.40625,1794,303,BLAa,BLA,37,left,0
1795,1796,2,6830.58,5757.960000000001,2673.3600000000006,0.5,1795,303,BLAa,BLA,37,left,0
1796,1797,2,6830.74,5758.92,2673.74,0.5,1796,303,BLAa,BLA,37,left,0
1797,1798,2,6830.879999999999,5759.86,2674.1399999999994,0.5,1797,303,BLAa,BLA,37,left,0
1798,1799,2,6830.48,5760.08,2674.619999999999,0.5,1798,303,BLAa,BLA,37,left,0
1799,1800,2,6830.08,5760.280000000001,2675.1000000000004,0.5,1799,303,BLAa,BLA,37,left,0
1800,1801,2,6829.66,5760.5,2675.5999999999985,0.5,1800,303,BLAa,BLA,37,left,0
1801,1802,2,6829.2,5761.12,2676.1800000000003,0.01953125,1801,303,BLAa,BLA,37,left,0
1802,1803,2,6828.9800000000005,5761.799999999999,2676.6000000000004,0.5,1802,303,BLAa,BLA,37,left,0
1803,1804,2,6828.76,5762.4800000000005,2677.0200000000004,0.5,1803,303,BLAa,BLA,37,left,0
1804,1805,2,6828.52,5763.16,2677.4400000000005,0.5,1804,303,BLAa,BLA,37,left,0
1805,1806,2,6828.3,5763.86,2677.8599999999988,0.5,1805,303,BLAa,BLA,37,left,0
1806,1807,2,6828.52,5764.740000000001,2678.1800000000003,0.5,1806,303,BLAa,BLA,37,left,0
1807,1808,2,6828.719999999999,5765.62,2678.5200000000004,0.5,1807,303,BLAa,BLA,37,left,0
1808,1809,2,6828.92,5766.52,2678.8600000000006,0.5,1808,303,BLAa,BLA,37,left,0
1809,1810,2,6827.960000000001,5769.32,2680.72,0.59765625,1809,303,BLAa,BLA,37,left,0
1810,1811,2,6827.94,5772.46,2682.76,0.515625,1810,303,BLAa,BLA,37,left,0
1811,1812,2,6827.52,5774.76,2683.8,0.2421875,1811,303,BLAa,BLA,37,left,0
1812,1813,2,6826.660000000001,5776.02,2684.539999999999,0.7578125,1812,303,BLAa,BLA,37,left,0
1813,1814,2,6826.76,5777.08,2685.6399999999994,0.6484375,1813,303,BLAa,BLA,37,left,0
1814,1815,2,6826.76,5780.2,2686.66,0.43359375,1814,303,BLAa,BLA,37,left,0
1815,1816,2,6826.32,5782.28,2687.119999999999,0.54296875,1815,303,BLAa,BLA,37,left,0
1816,1817,2,6826.58,5785.24,2687.32,0.01953125,1816,303,BLAa,BLA,37,left,0
1817,1818,2,6826.98,5786.32,2687.84,0.5,1817,303,BLAa,BLA,37,left,0
1818,1819,2,6827.36,5787.4,2688.34,0.5,1818,303,BLAa,BLA,37,left,0
1819,1820,2,6827.759999999999,5788.48,2688.84,0.5,1819,303,BLAa,BLA,37,left,0
1820,1821,2,6828.139999999999,5789.56,2689.3600000000006,0.5,1820,303,BLAa,BLA,37,left,0
1821,1822,2,6828.24,5790.879999999999,2689.74,0.5,1821,303,BLAa,BLA,37,left,0
1822,1823,2,6828.339999999999,5792.219999999999,2690.119999999999,0.5,1822,303,BLAa,BLA,37,left,0
1823,1824,2,6828.42,5793.540000000001,2690.5,0.5,1823,303,BLAa,BLA,37,left,0
1824,1825,2,6828.52,5794.86,2690.879999999999,0.5,1824,303,BLAa,BLA,37,left,0
1825,1826,2,6828.62,5796.18,2691.26,0.5,1825,303,BLAa,BLA,37,left,0
1826,1827,2,6828.7,5797.52,2691.6399999999994,0.5,1826,303,BLAa,BLA,37,left,0
1827,1828,2,6828.8,5798.84,2692.0,0.5,1827,303,BLAa,BLA,37,left,0
1828,1829,2,6828.9,5800.16,2692.4,0.5,1828,303,BLAa,BLA,37,left,0
1829,1830,2,6829.0,5801.5,2692.7800000000007,0.5,1829,303,BLAa,BLA,37,left,0
1830,1831,2,6829.08,5802.820000000001,2693.16,0.5,1830,303,BLAa,BLA,37,left,0
1831,1832,2,6829.360000000001,5806.14,2695.4400000000005,0.32421875,1831,303,BLAa,BLA,37,left,0
1832,1833,2,6828.92,5807.74,2696.6399999999994,0.3515625,1832,303,BLAa,BLA,37,left,0
1833,1834,2,6829.22,5810.58,2697.5200000000004,0.37890625,1833,303,BLAa,BLA,37,left,0
1834,1835,2,6829.6,5813.099999999999,2698.4,0.21484375,1834,303,BLAa,BLA,37,left,0
1835,1836,2,6830.48,5816.88,2699.0200000000004,0.2421875,1835,303,BLAa,BLA,37,left,0
1836,1837,2,6831.4,5818.88,2699.199999999999,0.32421875,1836,303,BLAa,BLA,37,left,0
1837,1838,2,6831.96,5821.98,2700.4,0.0078125,1837,303,BLAa,BLA,37,left,0
1838,1839,2,6831.620000000001,5823.22,2701.540000000001,0.32421875,1838,303,BLAa,BLA,37,left,0
1839,1840,2,6830.14,5823.360000000001,2702.279999999999,0.48828125,1839,303,BLAa,BLA,37,left,0
1840,1841,2,6829.120000000001,5823.719999999999,2704.3,0.32421875,1840,303,BLAa,BLA,37,left,0
1841,1842,2,6828.3,5824.46,2705.5,0.37890625,1841,303,BLAa,BLA,37,left,0
1842,1843,2,6827.46,5827.86,2706.74,0.19140625,1842,303,BLAa,BLA,37,left,0
1843,1844,2,6827.799999999999,5831.84,2707.24,0.5703125,1843,303,BLAa,BLA,37,left,0
1844,1845,2,6827.9,5834.64,2707.880000000001,0.94921875,1844,303,BLAa,BLA,37,left,0
1845,1846,2,6827.34,5836.18,2708.98,0.54296875,1845,303,BLAa,BLA,37,left,0
1846,1847,2,6826.660000000001,5837.759999999999,2710.0599999999995,0.26953125,1846,303,BLAa,BLA,37,left,0
1847,1848,2,6826.7,5840.08,2710.76,0.4609375,1847,303,BLAa,BLA,37,left,0
1848,1849,2,6827.36,5842.84,2712.1800000000003,0.296875,1848,303,BLAa,BLA,37,left,0
1849,1850,2,6828.379999999999,5844.400000000001,2712.880000000001,0.3515625,1849,303,BLAa,BLA,37,left,0
1850,1851,2,6830.0,5847.820000000001,2713.72,0.32421875,1850,303,BLAa,BLA,37,left,0
1851,1852,2,6830.76,5851.58,2714.16,0.26953125,1851,303,BLAa,BLA,37,left,0
1852,1853,2,6830.259999999999,5854.0,2714.74,0.3515625,1852,303,BLAa,BLA,37,left,0
1853,1854,2,6828.24,5853.88,2715.58,0.515625,1853,303,BLAa,BLA,37,left,0
1854,1855,2,6826.02,5852.54,2716.4400000000005,0.43359375,1854,303,BLAa,BLA,37,left,0
1855,1856,2,6824.32,5850.599999999999,2717.74,0.40625,1855,303,BLAa,BLA,37,left,0
1856,1857,2,6821.58,5849.740000000001,2719.3600000000006,0.37890625,1856,303,BLAa,BLA,37,left,0
1857,1858,2,6819.76,5849.120000000001,2720.879999999999,0.2421875,1857,303,BLAa,BLA,37,left,0
1858,1859,2,6817.759999999999,5848.46,2722.24,0.296875,1858,303,BLAa,BLA,37,left,0
1859,1860,2,6815.860000000001,5848.339999999999,2723.5200000000004,0.00390625,1859,303,BLAa,BLA,37,left,0
1860,1861,2,6813.400000000001,5847.74,2724.460000000001,0.37890625,1860,303,BLAa,BLA,37,left,0
1861,1862,2,6811.56,5847.039999999999,2725.119999999999,0.1640625,1861,303,BLAa,BLA,37,left,0
1862,1863,2,6809.32,5846.68,2725.5200000000004,0.32421875,1862,303,BLAa,BLA,37,left,0
1863,1864,2,6807.14,5846.54,2726.3,0.26953125,1863,303,BLAa,BLA,37,left,0
1864,1865,2,6804.46,5846.08,2727.4,0.296875,1864,303,BLAa,BLA,37,left,0
1865,1866,2,6802.86,5845.860000000001,2728.32,0.40625,1865,303,BLAa,BLA,37,left,0
1866,1867,2,6801.2,5846.84,2729.3,0.2421875,1866,303,BLAa,BLA,37,left,0
1867,1868,2,6799.26,5847.58,2729.9400000000005,0.1640625,1867,303,BLAa,BLA,37,left,0
1868,1869,2,6797.1,5847.219999999999,2730.84,0.0078125,1868,303,BLAa,BLA,37,left,0
1869,1870,2,6794.96,5845.66,2732.5599999999995,0.62109375,1869,303,BLAa,BLA,37,left,0
1870,1871,2,6792.9,5845.1,2734.1000000000004,0.37890625,1870,303,BLAa,BLA,37,left,0
1871,1872,2,6792.06,5845.36,2734.92,0.48828125,1871,303,BLAa,BLA,37,left,0
1872,1873,2,6791.14,5845.639999999999,2736.1399999999994,0.01953125,1872,303,BLAa,BLA,37,left,0
1873,1874,2,6788.88,5846.06,2737.0599999999995,0.48828125,1873,303,BLAa,BLA,37,left,0
1874,1875,2,6786.860000000001,5846.88,2737.66,0.19140625,1874,303,BLAa,BLA,37,left,0
1875,1876,2,6784.8,5846.4400000000005,2739.1399999999994,0.00390625,1875,303,BLAa,BLA,37,left,0
1876,1877,2,6781.860000000001,5846.18,2740.3,0.5703125,1876,303,BLAa,BLA,37,left,0
1877,1878,2,6779.82,5845.700000000001,2740.9,0.48828125,1877,303,BLAa,BLA,37,left,0
1878,1879,2,6779.48,5845.02,2741.76,0.5703125,1878,303,BLAa,BLA,37,left,0
1879,1880,2,6778.0,5844.82,2743.3600000000006,0.01171875,1879,303,BLAa,BLA,37,left,0
1880,1881,2,6776.06,5844.719999999999,2744.74,0.21484375,1880,303,BLAa,BLA,37,left,0
1881,1882,2,6774.04,5845.44,2746.459999999999,0.43359375,1881,303,BLAa,BLA,37,left,0
1882,1883,2,6771.599999999999,5846.799999999999,2747.34,0.40625,1882,303,BLAa,BLA,37,left,0
1883,1884,2,6769.34,5847.759999999999,2748.32,0.2421875,1883,303,BLAa,BLA,37,left,0
1884,1885,2,6767.84,5848.16,2749.4399999999987,0.32421875,1884,303,BLAa,BLA,37,left,0
1885,1886,2,6767.039999999999,5850.42,2750.119999999999,0.00390625,1885,303,BLAa,BLA,37,left,0
1886,1887,2,6766.14,5852.86,2750.620000000001,0.40625,1886,303,BLAa,BLA,37,left,0
1887,1888,2,6765.259999999999,5855.54,2750.08,0.00390625,1887,303,BLAa,BLA,37,left,0
1888,1889,2,6763.82,5857.16,2750.42,0.21484375,1888,303,BLAa,BLA,37,left,0
1889,1890,2,6761.58,5859.9800000000005,2751.26,0.32421875,1889,303,BLAa,BLA,37,left,0
1890,1891,2,6761.08,5861.219999999999,2752.42,0.4609375,1890,303,BLAa,BLA,37,left,0
1891,1892,2,6761.459999999999,5863.28,2753.92,0.515625,1891,303,BLAa,BLA,37,left,0
1892,1893,2,6761.42,5865.700000000001,2756.4,1.08203125,1892,303,BLAa,BLA,37,left,0
1893,1894,2,6761.219999999999,5868.719999999999,2757.32,0.37890625,1893,303,BLAa,BLA,37,left,0
1894,1895,2,6760.56,5870.48,2758.34,0.32421875,1894,303,BLAa,BLA,37,left,0
1895,1896,2,6760.18,5872.32,2759.5200000000004,0.32421875,1895,303,BLAa,BLA,37,left,0
1896,1897,2,6758.9400000000005,5873.0,2761.4,0.00390625,1896,303,BLAa,BLA,37,left,0
1897,1898,2,6756.74,5873.86,2763.58,0.37890625,1897,303,BLAa,BLA,37,left,0
1898,1899,2,6756.06,5875.06,2764.0599999999995,0.3515625,1898,303,BLAa,BLA,37,left,0
1899,1900,2,6755.1,5877.759999999999,2764.8600000000006,0.37890625,1899,303,BLAa,BLA,37,left,0
1900,1901,2,6754.719999999999,5880.700000000001,2765.72,0.32421875,1900,303,BLAa,BLA,37,left,0
1901,1902,2,6753.7,5883.139999999999,2766.42,0.4609375,1901,303,BLAa,BLA,37,left,0
1902,1903,2,6753.02,5885.74,2766.92,0.1640625,1902,303,BLAa,BLA,37,left,0
1903,1904,2,6751.52,5888.48,2768.74,0.1640625,1903,303,BLAa,BLA,37,left,0
1904,1905,2,6751.14,5890.66,2769.74,0.32421875,1904,303,BLAa,BLA,37,left,0
1905,1906,2,6750.599999999999,5894.160000000001,2770.58,0.37890625,1905,303,BLAa,BLA,37,left,0
1906,1907,2,6750.0,5897.08,2771.0200000000004,0.37890625,1906,303,BLAa,BLA,37,left,0
1907,1908,2,6749.96,5898.3,2772.32,0.515625,1907,303,BLAa,BLA,37,left,0
1908,1909,2,6748.84,5899.719999999999,2773.6000000000004,0.48828125,1908,303,BLAa,BLA,37,left,0
1909,1910,2,6747.12,5901.7,2773.8600000000006,0.4609375,1909,303,BLAa,BLA,37,left,0
1910,1911,2,6746.1,5902.92,2774.6800000000003,0.40625,1910,303,BLAa,BLA,37,left,0
1911,1912,2,6746.459999999999,5905.56,2775.800000000001,0.21484375,1911,303,BLAa,BLA,37,left,0
1912,1913,2,6747.039999999999,5909.78,2776.540000000001,0.296875,1912,303,BLAa,BLA,37,left,0
1913,1914,2,6746.88,5914.96,2777.2000000000007,0.26953125,1913,303,BLAa,BLA,37,left,0
1914,1915,2,6746.58,5919.160000000001,2777.66,0.00390625,1914,303,BLAa,BLA,37,left,0
1915,1916,2,6746.219999999999,5921.0,2778.379999999999,0.32421875,1915,303,BLAa,BLA,37,left,0
1916,1917,2,6746.08,5925.06,2780.0,0.21484375,1916,303,BLAa,BLA,37,left,0
1917,1918,2,6746.02,5928.360000000001,2781.1000000000004,0.21484375,1917,303,BLAa,BLA,37,left,0
1918,1919,2,6745.44,5929.34,2781.5200000000004,0.19140625,1918,303,BLAa,BLA,37,left,0
1919,1920,2,6744.46,5931.24,2782.380000000001,0.1640625,1919,303,BLAa,BLA,37,left,0
1920,1921,2,6744.679999999999,5934.5,2782.3600000000006,0.00390625,1920,303,BLAa,BLA,37,left,0
1921,1922,2,6744.0,5935.900000000001,2784.0200000000004,0.59765625,1921,303,BLAa,BLA,37,left,0
1922,1923,2,6742.4400000000005,5937.12,2785.0,0.921875,1922,303,BLAa,BLA,37,left,0
1923,1924,2,6742.1,5939.02,2785.84,0.5703125,1923,303,BLAa,BLA,37,left,0
1924,1925,2,6742.28,5942.6,2785.74,0.00390625,1924,303,BLAa,BLA,37,left,0
1925,1926,2,6741.5,5945.119999999999,2786.0599999999995,0.19140625,1925,303,BLAa,BLA,37,left,0
1926,1927,2,6740.98,5946.68,2786.84,0.48828125,1926,303,BLAa,BLA,37,left,0
1927,1928,2,6742.219999999999,5949.26,2788.039999999999,0.01171875,1927,303,BLAa,BLA,37,left,0
1928,1929,2,6742.66,5951.08,2788.72,0.40625,1928,303,BLAa,BLA,37,left,0
1929,1930,2,6743.18,5954.719999999999,2789.379999999999,0.40625,1929,303,BLAa,BLA,37,left,0
1930,1931,2,6743.64,5958.0,2790.0200000000004,0.3515625,1930,303,BLAa,BLA,37,left,0
1931,1932,2,6744.099999999999,5961.26,2790.66,0.32421875,1931,303,BLAa,BLA,37,left,0
1932,1933,2,6743.82,5965.08,2791.3,0.40625,1932,303,BLAa,BLA,37,left,0
1933,1934,2,6743.64,5967.74,2790.84,0.21484375,1933,303,BLAa,BLA,37,left,0
1934,1935,2,6743.9800000000005,5971.040000000001,2790.58,0.40625,1934,303,BLAa,BLA,37,left,0
1935,1936,2,6744.42,5974.9,2790.6399999999994,0.296875,1935,303,BLAa,BLA,37,left,0
1936,1937,2,6744.84,5979.0,2790.42,0.19140625,1936,303,BLAa,BLA,37,left,0
1937,1938,2,6745.06,5980.599999999999,2790.7000000000007,0.19140625,1937,303,BLAa,BLA,37,left,0
1938,1939,2,6744.66,5983.74,2791.48,0.19140625,1938,303,BLAa,BLA,37,left,0
1939,1940,2,6744.78,5986.74,2792.279999999999,0.21484375,1939,303,BLAa,BLA,37,left,0
1940,1941,2,6745.76,5991.4,2792.5200000000004,0.32421875,1940,303,BLAa,BLA,37,left,0
1941,1942,2,6746.74,5994.18,2792.4,0.40625,1941,303,BLAa,BLA,37,left,0
1942,1943,2,6747.219999999999,5997.4,2792.66,0.2421875,1942,303,BLAa,BLA,37,left,0
1943,1944,2,6747.68,6000.34,2793.48,0.48828125,1943,303,BLAa,BLA,37,left,0
1944,1945,2,6748.18,6004.08,2794.400000000001,0.2421875,1944,303,BLAa,BLA,37,left,0
1945,1946,2,6747.7,6005.68,2793.959999999999,0.40625,1945,303,BLAa,BLA,37,left,0
1946,1947,2,6747.54,6010.72,2792.92,0.48828125,1946,303,BLAa,BLA,37,left,0
1947,1948,2,6747.7,6012.4400000000005,2792.66,0.32421875,1947,303,BLAa,BLA,37,left,0
1948,1949,2,6749.84,6022.960000000001,2792.1000000000004,0.48828125,1948,303,BLAa,BLA,37,left,0
1949,1950,2,6750.639999999999,6026.76,2793.880000000001,0.26953125,1949,303,BLAa,BLA,37,left,0
1950,1951,2,6750.879999999999,6029.32,2795.1399999999994,0.3515625,1950,303,BLAa,BLA,37,left,0
1951,1952,2,6750.299999999999,6031.14,2795.5999999999985,0.48828125,1951,303,BLAa,BLA,37,left,0
1952,1953,2,6750.54,6034.26,2795.92,0.515625,1952,303,BLAa,BLA,37,left,0
1953,1954,2,6751.02,6037.4,2796.8,0.32421875,1953,303,BLAa,BLA,37,left,0
1954,1955,2,6750.700000000001,6041.16,2797.960000000001,0.26953125,1954,303,BLAa,BLA,37,left,0
1955,1956,2,6749.82,6044.08,2798.7000000000007,0.32421875,1955,303,BLAa,BLA,37,left,0
1956,1957,2,6749.400000000001,6046.620000000001,2799.1000000000004,0.40625,1956,303,BLAa,BLA,37,left,0
1957,1958,2,6748.26,6048.64,2799.6000000000004,0.43359375,1957,303,BLAa,BLA,37,left,0
1958,1959,2,6747.94,6052.64,2800.5600000000013,0.1640625,1958,303,BLAa,BLA,37,left,0
1959,1960,2,6746.900000000001,6054.9,2800.92,0.296875,1959,303,BLAa,BLA,37,left,0
1960,1961,2,6746.72,6058.780000000001,2801.2000000000007,0.32421875,1960,303,BLAa,BLA,37,left,0
1961,1962,2,6746.52,6061.58,2801.98,0.32421875,1961,303,BLAa,BLA,37,left,0
1962,1963,2,6746.56,6065.460000000001,2803.120000000001,0.296875,1962,303,BLAa,BLA,37,left,0
1963,1964,2,6746.799999999999,6067.64,2804.74,0.48828125,1963,303,BLAa,BLA,37,left,0
1964,1965,2,6746.219999999999,6068.5,2805.5600000000013,0.32421875,1964,303,BLAa,BLA,37,left,0
1965,1966,2,6746.4400000000005,6073.42,2806.1399999999994,0.73046875,1965,303,BLAa,BLA,37,left,0
1966,1967,2,6745.299999999999,6074.679999999999,2806.5200000000004,0.37890625,1966,303,BLAa,BLA,37,left,0
1967,1968,2,6744.64,6077.200000000001,2806.0200000000004,0.37890625,1967,303,BLAa,BLA,37,left,0
1968,1969,2,6538.06,6098.58,3000.040000000001,0.32421875,1582,559,CEAm,CEA,38,left,0
1969,1970,2,6537.4400000000005,6099.9,3001.380000000001,0.00390625,1969,559,CEAm,CEA,38,left,0
1970,1971,2,6535.879999999999,6100.460000000001,3003.039999999999,0.21484375,1970,559,CEAm,CEA,38,left,0
1971,1972,2,6534.099999999999,6100.72,3004.220000000001,0.43359375,1971,559,CEAm,CEA,38,left,0
1972,1973,2,6531.639999999999,6102.619999999999,3005.220000000001,0.19140625,1972,559,CEAm,CEA,38,left,0
1973,1974,2,6530.4,6104.42,3006.040000000001,0.4609375,1973,559,CEAm,CEA,38,left,0
1974,1975,2,6537.0,6096.900000000001,2999.3,0.43359375,1582,559,CEAm,CEA,39,left,0
1975,1976,2,6534.92,6097.12,2999.8600000000006,0.32421875,1975,559,CEAm,CEA,39,left,0
1976,1977,2,6533.76,6097.039999999999,3000.040000000001,0.0546875,1976,559,CEAm,CEA,39,left,0
1977,1978,2,6531.06,6096.860000000001,3000.24,0.921875,1977,559,CEAm,CEA,39,left,0
1978,1979,2,6528.74,6096.7,3000.4,0.94921875,1978,559,CEAm,CEA,39,left,0
1979,1980,2,6527.26,6096.7,3001.32,1.328125,1979,559,CEAm,CEA,39,left,0
1980,1981,2,6527.240000000001,6097.88,3002.5200000000004,0.2421875,1980,559,CEAm,CEA,39,left,0
1981,1982,2,6526.42,6099.9400000000005,3003.2000000000007,0.48828125,1981,559,CEAm,CEA,39,left,0
1982,1983,2,6525.1,6101.72,3004.1800000000003,0.32421875,1982,559,CEAm,CEA,39,left,0
1983,1984,2,6524.2,6104.139999999999,3005.1399999999994,0.00390625,1983,559,CEAm,CEA,39,left,0
1984,1985,2,6523.22,6106.26,3005.34,0.43359375,1984,559,CEAm,CEA,39,left,0
1985,1986,2,6522.1,6108.200000000001,3005.779999999999,0.40625,1985,559,CEAm,CEA,39,left,0
1986,1987,2,6521.5,6110.44,3005.959999999999,0.1640625,1986,559,CEAm,CEA,39,left,0
1987,1988,2,6521.1,6114.120000000001,3006.3,0.4609375,1987,559,CEAm,CEA,39,left,0
1988,1989,2,6519.880000000001,6117.32,3007.34,0.2421875,1988,559,CEAm,CEA,39,left,0
1989,1990,2,6519.6,6119.9800000000005,3008.6800000000003,0.2421875,1989,559,CEAm,CEA,39,left,0
1990,1991,2,6518.76,6121.82,3009.779999999999,0.3515625,1990,559,CEAm,CEA,39,left,0
1991,1992,2,6517.66,6123.46,3011.2000000000007,0.48828125,1991,559,CEAm,CEA,39,left,0
1992,1993,2,6517.74,6124.92,3012.32,0.54296875,1992,559,CEAm,CEA,39,left,0
1993,1994,2,6515.5,6127.88,3013.6800000000003,0.32421875,1993,559,CEAm,CEA,39,left,0
1994,1995,2,6514.740000000001,6129.56,3014.199999999999,0.40625,1994,559,CEAm,CEA,39,left,0
1995,1996,2,6513.379999999999,6132.200000000001,3014.9,0.26953125,1995,559,CEAm,CEA,39,left,0
1996,1997,2,6512.36,6135.2,3015.24,0.48828125,1996,559,CEAm,CEA,39,left,0
1997,1998,2,6511.38,6137.08,3015.92,0.32421875,1997,559,CEAm,CEA,39,left,0
1998,1999,2,6511.36,6139.6,3017.1800000000003,0.32421875,1998,559,CEAm,CEA,39,left,0
1999,2000,2,6510.18,6141.78,3018.3600000000006,0.43359375,1999,559,CEAm,CEA,39,left,0
2000,2001,2,6509.700000000001,6143.379999999999,3018.9400000000005,0.40625,2000,559,CEAm,CEA,39,left,0
2001,2002,2,6508.139999999999,6145.280000000001,3018.959999999999,0.296875,2001,559,CEAm,CEA,39,left,0
2002,2003,2,6507.34,6147.039999999999,3019.1800000000003,0.3515625,2002,559,CEAm,CEA,39,left,0
2003,2004,2,6506.280000000001,6149.78,3019.539999999999,0.3515625,2003,559,CEAm,CEA,39,left,0
2004,2005,2,6505.0,6151.08,3020.1800000000003,0.40625,2004,477,STR,STR,39,left,0
2005,2006,2,6503.719999999999,6154.299999999999,3021.0599999999995,0.48828125,2005,477,STR,STR,39,left,0
2006,2007,2,6502.84,6156.7,3021.9399999999987,0.296875,2006,477,STR,STR,39,left,0
2007,2008,2,6502.179999999999,6159.2,3023.34,0.32421875,2007,477,STR,STR,39,left,0
2008,2009,2,6500.98,6162.799999999999,3024.08,0.296875,2008,477,STR,STR,39,left,0
2009,2010,2,6500.4,6165.02,3024.5200000000004,0.32421875,2009,477,STR,STR,39,left,0
2010,2011,2,6499.86,6167.36,3025.34,0.00390625,2010,477,STR,STR,39,left,0
2011,2012,2,6498.7,6169.32,3025.76,0.73046875,2011,477,STR,STR,39,left,0
2012,2013,2,6496.76,6171.94,3026.620000000001,0.4609375,2012,477,STR,STR,39,left,0
2013,2014,2,6495.74,6173.46,3027.279999999999,0.515625,2013,477,STR,STR,39,left,0
2014,2015,2,6493.68,6175.0,3027.8,0.5703125,2014,477,STR,STR,39,left,0
2015,2016,2,6492.820000000001,6175.92,3028.32,0.48828125,2015,477,STR,STR,39,left,0
2016,2017,2,6491.14,6177.72,3029.0599999999995,0.296875,2016,477,STR,STR,39,left,0
2017,2018,2,6489.6,6179.22,3029.8,0.703125,2017,477,STR,STR,39,left,0
2018,2019,2,6487.7,6179.48,3030.34,0.43359375,2018,477,STR,STR,39,left,0
2019,2020,2,6486.34,6179.46,3030.9,0.515625,2019,477,STR,STR,39,left,0
2020,2021,2,6486.42,6179.6,3031.92,0.8671875,2020,477,STR,STR,39,left,0
2021,2022,2,6485.0,6181.639999999999,3034.0599999999995,0.00390625,2021,477,STR,STR,39,left,0
2022,2023,2,6484.299999999999,6182.66,3035.5200000000004,1.19140625,2022,477,STR,STR,39,left,0
2023,2024,2,6484.139999999999,6185.06,3035.72,0.5703125,2023,477,STR,STR,39,left,0
2024,2025,2,6484.06,6186.26,3034.66,0.01171875,2024,477,STR,STR,39,left,1
2025,2026,2,6608.12,5929.92,2919.3600000000006,0.3515625,1591,559,CEAm,CEA,40,left,0
2026,2027,2,6609.86,5929.08,2920.26,0.7578125,2026,559,CEAm,CEA,40,left,0
2027,2028,2,6610.38,5929.08,2921.5,0.6484375,2027,559,CEAm,CEA,40,left,1
2028,2029,2,6606.82,5937.1,2917.7000000000007,0.01953125,1591,559,CEAm,CEA,41,left,0
2029,2030,2,6605.700000000001,5939.719999999999,2917.42,0.78515625,2029,559,CEAm,CEA,41,left,0
2030,2031,2,6603.780000000001,5941.14,2916.76,0.2421875,2030,559,CEAm,CEA,41,left,0
2031,2032,2,6603.4400000000005,5943.4400000000005,2915.74,0.4609375,2031,559,CEAm,CEA,41,left,0
2032,2033,2,6603.02,5946.78,2914.3,0.62109375,2032,559,CEAm,CEA,41,left,0
2033,2034,2,6603.3,5948.62,2912.279999999999,0.01171875,2033,559,CEAm,CEA,41,left,0
2034,2035,2,6603.339999999999,5948.200000000001,2909.779999999999,0.5703125,2034,559,CEAm,CEA,41,left,0
2035,2036,2,6604.700000000001,5947.1,2909.379999999999,0.78515625,2035,559,CEAm,CEA,41,left,0
2036,2037,2,6604.76,5945.639999999999,2908.58,0.59765625,2036,559,CEAm,CEA,41,left,1
2037,2038,2,6853.9,5738.719999999999,2593.24,0.0546875,1620,303,BLAa,BLA,42,left,0
2038,2039,2,6853.42,5741.08,2593.0,0.1640625,2038,303,BLAa,BLA,42,left,0
2039,2040,2,6852.02,5742.28,2593.8,0.40625,2039,303,BLAa,BLA,42,left,0
2040,2041,2,6849.400000000001,5743.58,2595.58,0.3515625,2040,303,BLAa,BLA,42,left,0
2041,2042,2,6848.18,5744.160000000001,2597.22,0.296875,2041,303,BLAa,BLA,42,left,0
2042,2043,2,6846.900000000001,5745.320000000001,2599.2800000000007,0.21484375,2042,303,BLAa,BLA,42,left,0
2043,2044,2,6846.02,5747.240000000001,2602.0,0.26953125,2043,303,BLAa,BLA,42,left,0
2044,2045,2,6845.96,5747.28,2603.66,0.6484375,2044,303,BLAa,BLA,42,left,1
2045,2046,2,6857.1,5737.3,2593.4,0.01953125,1620,303,BLAa,BLA,43,left,0
2046,2047,2,6857.4800000000005,5737.1,2596.6000000000004,0.40625,2046,303,BLAa,BLA,43,left,0
2047,2048,2,6856.82,5736.94,2598.6800000000003,0.32421875,2047,303,BLAa,BLA,43,left,0
2048,2049,2,6855.42,5735.900000000001,2601.24,0.21484375,2048,303,BLAa,BLA,43,left,0
2049,2050,2,6854.64,5735.56,2602.82,0.26953125,2049,303,BLAa,BLA,43,left,0
2050,2051,2,6853.200000000001,5734.92,2604.92,0.37890625,2050,303,BLAa,BLA,43,left,0
2051,2052,2,6852.179999999999,5734.8,2606.620000000001,0.32421875,2051,303,BLAa,BLA,43,left,0
2052,2053,2,6850.700000000001,5734.64,2607.76,0.32421875,2052,303,BLAa,BLA,43,left,0
2053,2054,2,6850.18,5734.62,2609.9400000000005,0.32421875,2053,303,BLAa,BLA,43,left,0
2054,2055,2,6850.38,5734.9800000000005,2611.3,0.26953125,2054,303,BLAa,BLA,43,left,0
2055,2056,2,6850.72,5736.78,2612.82,0.54296875,2055,303,BLAa,BLA,43,left,0
2056,2057,2,6851.3,5738.58,2615.460000000001,0.2421875,2056,303,BLAa,BLA,43,left,0
2057,2058,2,6852.219999999999,5739.0,2616.82,0.296875,2057,303,BLAa,BLA,43,left,0
2058,2059,2,6852.86,5739.679999999999,2618.6399999999994,0.296875,2058,303,BLAa,BLA,43,left,0
2059,2060,2,6854.42,5739.76,2620.5200000000004,0.3515625,2059,303,BLAa,BLA,43,left,0
2060,2061,2,6855.900000000001,5738.18,2621.84,0.3515625,2060,303,BLAa,BLA,43,left,0
2061,2062,2,6857.08,5737.4,2623.1800000000003,0.0078125,2061,303,BLAa,BLA,43,left,0
2062,2063,2,6858.9400000000005,5736.660000000001,2624.2800000000007,0.6484375,2062,303,BLAa,BLA,43,left,0
2063,2064,2,6859.58,5734.719999999999,2625.8600000000006,0.32421875,2063,303,BLAa,BLA,43,left,0
2064,2065,2,6861.5,5732.759999999999,2627.84,0.62109375,2064,303,BLAa,BLA,43,left,0
2065,2066,2,6862.4400000000005,5731.4800000000005,2628.9400000000005,0.40625,2065,303,BLAa,BLA,43,left,0
2066,2067,2,6862.960000000001,5729.78,2630.959999999999,0.54296875,2066,303,BLAa,BLA,43,left,0
2067,2068,2,6862.88,5727.179999999999,2632.6800000000003,0.32421875,2067,303,BLAa,BLA,43,left,0
2068,2069,2,6863.58,5724.5,2633.98,0.32421875,2068,303,BLAa,BLA,43,left,0
2069,2070,2,6864.64,5722.66,2634.76,0.43359375,2069,303,BLAa,BLA,43,left,0
2070,2071,2,6864.9800000000005,5720.22,2635.959999999999,0.54296875,2070,303,BLAa,BLA,43,left,0
2071,2072,2,6865.96,5719.02,2637.4400000000005,0.48828125,2071,303,BLAa,BLA,43,left,0
2072,2073,2,6867.619999999999,5717.780000000001,2638.42,0.26953125,2072,303,BLAa,BLA,43,left,0
2073,2074,2,6869.64,5716.14,2639.3,0.26953125,2073,303,BLAa,BLA,43,left,0
2074,2075,2,6872.26,5714.6,2640.3599999999988,0.19140625,2074,303,BLAa,BLA,43,left,0
2075,2076,2,6873.4400000000005,5713.3,2641.4,0.59765625,2075,303,BLAa,BLA,43,left,0
2076,2077,2,6875.22,5714.9,2641.82,0.03125,2076,303,BLAa,BLA,43,left,0
2077,2078,2,6877.56,5716.4400000000005,2643.32,0.48828125,2077,303,BLAa,BLA,43,left,0
2078,2079,2,6879.32,5717.32,2643.74,0.2421875,2078,303,BLAa,BLA,43,left,0
2079,2080,2,6882.32,5718.400000000001,2642.82,0.2421875,2079,303,BLAa,BLA,43,left,0
2080,2081,2,6884.44,5719.62,2642.1000000000004,0.40625,2080,303,BLAa,BLA,43,left,0
2081,2082,2,6888.46,5721.12,2642.16,0.32421875,2081,303,BLAa,BLA,43,left,0
2082,2083,2,6890.44,5721.88,2642.9,0.40625,2082,303,BLAa,BLA,43,left,0
2083,2084,2,6892.799999999999,5723.52,2643.08,0.21484375,2083,303,BLAa,BLA,43,left,0
2084,2085,2,6894.02,5725.119999999999,2643.0,0.19140625,2084,303,BLAa,BLA,43,left,0
2085,2086,2,6896.1,5727.72,2642.960000000001,0.00390625,2085,303,BLAa,BLA,43,left,0
2086,2087,2,6897.88,5729.66,2642.9400000000005,0.32421875,2086,303,BLAa,BLA,43,left,0
2087,2088,2,6899.66,5732.240000000001,2643.82,0.00390625,2087,303,BLAa,BLA,43,left,0
2088,2089,2,6902.06,5734.44,2643.9400000000005,0.7578125,2088,303,BLAa,BLA,43,left,0
2089,2090,2,6903.540000000001,5736.0,2643.9,0.37890625,2089,303,BLAa,BLA,43,left,0
2090,2091,2,6904.46,5739.120000000001,2644.32,0.2421875,2090,303,BLAa,BLA,43,left,0
2091,2092,2,6905.259999999999,5742.16,2644.6800000000003,0.48828125,2091,303,BLAa,BLA,43,left,0
2092,2093,2,6908.12,5743.719999999999,2644.619999999999,0.296875,2092,303,BLAa,BLA,43,left,0
2093,2094,2,6909.78,5744.86,2644.880000000001,0.2421875,2093,303,BLAa,BLA,43,left,0
2094,2095,2,6913.339999999999,5745.4,2645.08,0.21484375,2094,303,BLAa,BLA,43,left,0
2095,2096,2,6914.8,5745.16,2645.08,0.32421875,2095,303,BLAa,BLA,43,left,0
2096,2097,2,6918.139999999999,5744.66,2645.0200000000004,0.00390625,2096,303,BLAa,BLA,43,left,0
2097,2098,2,6920.06,5744.32,2644.619999999999,0.37890625,2097,303,BLAa,BLA,43,left,0
2098,2099,2,6922.06,5744.02,2643.6000000000004,0.296875,2098,303,BLAa,BLA,43,left,0
2099,2100,2,6923.46,5743.6,2642.82,0.32421875,2099,303,BLAa,BLA,43,left,0
2100,2101,2,6925.82,5743.26,2642.66,0.296875,2100,303,BLAa,BLA,43,left,0
2101,2102,2,6927.32,5742.88,2642.880000000001,0.21484375,2101,303,BLAa,BLA,43,left,0
2102,2103,2,6930.9400000000005,5743.32,2642.6800000000003,0.2421875,2102,303,BLAa,BLA,43,left,0
2103,2104,2,6933.3,5743.32,2642.380000000001,0.37890625,2103,303,BLAa,BLA,43,left,0
2104,2105,2,6936.34,5742.56,2643.1399999999994,0.40625,2104,303,BLAa,BLA,43,left,0
2105,2106,2,6937.52,5741.74,2644.26,0.19140625,2105,303,BLAa,BLA,43,left,0
2106,2107,2,6938.9,5741.4400000000005,2645.620000000001,0.00390625,2106,303,BLAa,BLA,43,left,0
2107,2108,2,6941.0,5741.96,2646.66,0.32421875,2107,303,BLAa,BLA,43,left,0
2108,2109,2,6943.42,5742.179999999999,2646.6800000000003,0.54296875,2108,303,BLAa,BLA,43,left,0
2109,2110,2,6944.34,5743.04,2647.720000000001,0.21484375,2109,303,BLAa,BLA,43,left,0
2110,2111,2,6945.24,5745.56,2649.74,0.48828125,2110,303,BLAa,BLA,43,left,0
2111,2112,2,6946.52,5746.4400000000005,2651.3,0.296875,2111,303,BLAa,BLA,43,left,0
2112,2113,2,6947.98,5746.72,2653.22,0.40625,2112,303,BLAa,BLA,43,left,0
2113,2114,2,6950.9400000000005,5747.58,2653.66,0.2421875,2113,303,BLAa,BLA,43,left,0
2114,2115,2,6952.960000000001,5748.56,2653.42,0.1640625,2114,303,BLAa,BLA,43,left,0
2115,2116,2,6956.02,5749.880000000001,2652.9400000000005,0.26953125,2115,303,BLAa,BLA,43,left,0
2116,2117,2,6957.58,5750.76,2652.279999999999,0.4609375,2116,303,BLAa,BLA,43,left,0
2117,2118,2,6960.08,5753.379999999999,2652.960000000001,0.00390625,2117,303,BLAa,BLA,43,left,0
2118,2119,2,6961.54,5754.78,2653.5,0.21484375,2118,303,BLAa,BLA,43,left,0
2119,2120,2,6963.66,5756.14,2653.300000000001,0.1640625,2119,303,BLAa,BLA,43,left,0
2120,2121,2,6966.459999999999,5757.4400000000005,2652.98,0.40625,2120,303,BLAa,BLA,43,left,0
2121,2122,2,6968.6,5759.38,2652.5599999999995,0.40625,2121,303,BLAa,BLA,43,left,0
2122,2123,2,6970.460000000001,5761.88,2651.879999999999,0.21484375,2122,303,BLAa,BLA,43,left,0
2123,2124,2,6972.960000000001,5763.86,2651.2000000000007,0.32421875,2123,303,BLAa,BLA,43,left,0
2124,2125,2,6974.5,5764.42,2650.6800000000003,0.2421875,2124,303,BLAa,BLA,43,left,0
2125,2126,2,6976.68,5764.700000000001,2650.32,0.32421875,2125,303,BLAa,BLA,43,left,0
2126,2127,2,6979.0,5765.04,2650.16,0.32421875,2126,303,BLAa,BLA,43,left,0
2127,2128,2,6980.860000000001,5765.92,2649.72,0.2421875,2127,303,BLAa,BLA,43,left,0
2128,2129,2,6982.56,5767.4,2649.26,0.32421875,2128,303,BLAa,BLA,43,left,0
2129,2130,2,6984.38,5768.48,2649.0200000000004,0.21484375,2129,303,BLAa,BLA,43,left,0
2130,2131,2,6985.66,5769.24,2648.5,0.01953125,2130,303,BLAa,BLA,43,left,0
2131,2132,2,6987.820000000001,5771.4400000000005,2648.039999999999,0.1640625,2131,303,BLAa,BLA,43,left,0
2132,2133,2,6989.719999999999,5773.099999999999,2647.48,0.48828125,2132,303,BLAa,BLA,43,left,0
2133,2134,2,6991.5,5774.66,2646.2800000000007,0.32421875,2133,303,BLAa,BLA,43,left,0
2134,2135,2,6993.64,5775.8,2645.220000000001,0.32421875,2134,303,BLAa,BLA,43,left,0
2135,2136,2,6996.24,5776.96,2644.92,0.19140625,2135,303,BLAa,BLA,43,left,0
2136,2137,2,6998.46,5777.72,2644.72,0.54296875,2136,303,BLAa,BLA,43,left,0
2137,2138,2,7000.320000000001,5778.379999999999,2644.539999999999,0.48828125,2137,303,BLAa,BLA,43,left,0
2138,2139,2,7002.0,5779.66,2644.0200000000004,0.19140625,2138,303,BLAa,BLA,43,left,0
2139,2140,2,7004.400000000001,5781.040000000001,2643.279999999999,0.26953125,2139,303,BLAa,BLA,43,left,0
2140,2141,2,7006.24,5783.339999999999,2643.2000000000007,0.32421875,2140,303,BLAa,BLA,43,left,0
2141,2142,2,7008.780000000001,5786.02,2642.9400000000005,0.54296875,2141,303,BLAa,BLA,43,left,0
2142,2143,2,7010.839999999999,5788.719999999999,2642.1800000000003,0.19140625,2142,303,BLAa,BLA,43,left,0
2143,2144,2,7013.42,5790.8,2641.42,0.32421875,2143,303,BLAa,BLA,43,left,0
2144,2145,2,7015.08,5792.14,2640.72,0.48828125,2144,303,BLAa,BLA,43,left,0
2145,2146,2,7017.58,5792.9,2640.4400000000005,0.01171875,2145,303,BLAa,BLA,43,left,0
2146,2147,2,7020.04,5793.24,2640.98,0.32421875,2146,303,BLAa,BLA,43,left,0
2147,2148,2,7022.46,5793.540000000001,2641.119999999999,0.2421875,2147,303,BLAa,BLA,43,left,0
2148,2149,2,7025.18,5794.099999999999,2640.5999999999985,0.26953125,2148,303,BLAa,BLA,43,left,0
2149,2150,2,7027.32,5793.780000000001,2639.74,0.26953125,2149,303,BLAa,BLA,43,left,0
2150,2151,2,7028.8,5793.16,2639.040000000001,0.32421875,2150,303,BLAa,BLA,43,left,0
2151,2152,2,7031.7,5792.86,2638.7000000000007,0.296875,2151,303,BLAa,BLA,43,left,0
2152,2153,2,7033.74,5792.98,2638.8600000000006,0.296875,2152,303,BLAa,BLA,43,left,0
2153,2154,2,7035.58,5793.719999999999,2639.460000000001,0.296875,2153,303,BLAa,BLA,43,left,0
2154,2155,2,7036.92,5794.6,2640.92,0.1640625,2154,303,BLAa,BLA,43,left,0
2155,2156,2,7038.58,5795.96,2642.4,0.32421875,2155,303,BLAa,BLA,43,left,0
2156,2157,2,7039.86,5797.06,2642.98,0.37890625,2156,303,BLAa,BLA,43,left,0
2157,2158,2,7042.4800000000005,5797.54,2644.0,0.296875,2157,303,BLAa,BLA,43,left,0
2158,2159,2,7044.42,5798.22,2645.2000000000007,0.3515625,2158,303,BLAa,BLA,43,left,0
2159,2160,2,7047.3,5799.22,2645.16,0.01171875,2159,303,BLAa,BLA,43,left,0
2160,2161,2,7050.58,5800.4,2644.959999999999,0.32421875,2160,303,BLAa,BLA,43,left,0
2161,2162,2,7052.5,5800.839999999999,2645.2000000000007,0.32421875,2161,303,BLAa,BLA,43,left,0
2162,2163,2,7054.9,5801.12,2645.3599999999988,0.296875,2162,303,BLAa,BLA,43,left,0
2163,2164,2,7056.900000000001,5801.620000000001,2645.5200000000004,0.1640625,2163,303,BLAa,BLA,43,left,0
2164,2165,2,7059.0,5801.76,2645.5999999999985,0.32421875,2164,303,BLAa,BLA,43,left,0
2165,2166,2,7060.700000000001,5801.72,2646.4,0.3515625,2165,303,BLAa,BLA,43,left,0
2166,2167,2,7061.1,5801.7,2648.300000000001,0.4609375,2166,303,BLAa,BLA,43,left,0
2167,2168,2,7062.26,5802.02,2650.4400000000005,0.19140625,2167,303,BLAa,BLA,43,left,0
2168,2169,2,7064.02,5801.72,2651.32,0.32421875,2168,303,BLAa,BLA,43,left,0
2169,2170,2,7066.18,5801.219999999999,2651.900000000001,0.296875,2169,303,BLAa,BLA,43,left,0
2170,2171,2,7068.4400000000005,5801.280000000001,2652.140000000001,0.32421875,2170,303,BLAa,BLA,43,left,0
2171,2172,2,7070.52,5801.96,2652.24,0.32421875,2171,303,BLAa,BLA,43,left,0
2172,2173,2,7072.08,5802.52,2652.34,0.19140625,2172,303,BLAa,BLA,43,left,0
2173,2174,2,7075.24,5803.92,2652.1800000000003,0.00390625,2173,303,BLAa,BLA,43,left,0
2174,2175,2,7076.660000000001,5805.18,2652.6000000000004,0.37890625,2174,303,BLAa,BLA,43,left,0
2175,2176,2,7077.92,5805.68,2656.0200000000004,0.3515625,2175,303,BLAa,BLA,43,left,0
2176,2177,2,7078.42,5805.38,2657.880000000001,0.26953125,2176,303,BLAa,BLA,43,left,0
2177,2178,2,7079.42,5804.8,2659.66,0.37890625,2177,303,BLAa,BLA,43,left,0
2178,2179,2,7081.12,5803.780000000001,2661.82,0.40625,2178,303,BLAa,BLA,43,left,0
2179,2180,2,7082.54,5802.46,2662.9,0.19140625,2179,303,BLAa,BLA,43,left,0
2180,2181,2,7084.740000000001,5802.36,2664.8,0.37890625,2180,303,BLAa,BLA,43,left,0
2181,2182,2,7086.900000000001,5802.9,2665.58,0.1640625,2181,303,BLAa,BLA,43,left,0
2182,2183,2,7088.200000000001,5805.639999999999,2666.3600000000006,0.2421875,2182,303,BLAa,BLA,43,left,0
2183,2184,2,7089.62,5807.92,2666.58,0.2421875,2183,303,BLAa,BLA,43,left,0
2184,2185,2,7090.22,5810.639999999999,2666.2000000000007,0.32421875,2184,303,BLAa,BLA,43,left,0
2185,2186,2,7091.82,5812.4,2665.66,0.1640625,2185,303,BLAa,BLA,43,left,0
2186,2187,2,7093.6,5813.06,2665.539999999999,0.296875,2186,303,BLAa,BLA,43,left,0
2187,2188,2,7095.299999999999,5812.52,2666.2800000000007,0.0234375,2187,303,BLAa,BLA,43,left,0
2188,2189,2,7096.280000000001,5811.639999999999,2667.5200000000004,0.21484375,2188,303,BLAa,BLA,43,left,0
2189,2190,2,7096.4800000000005,5807.98,2669.92,0.40625,2189,303,BLAa,BLA,43,left,0
2190,2191,2,7096.52,5806.14,2671.34,0.40625,2190,303,BLAa,BLA,43,left,0
2191,2192,2,7096.76,5806.32,2673.300000000001,0.37890625,2191,303,BLAa,BLA,43,left,0
2192,2193,2,7096.96,5807.42,2674.5,0.48828125,2192,303,BLAa,BLA,43,left,0
2193,2194,2,7098.139999999999,5808.339999999999,2675.26,0.40625,2193,303,BLAa,BLA,43,left,0
2194,2195,2,7100.299999999999,5809.28,2675.08,0.32421875,2194,303,BLAa,BLA,43,left,0
2195,2196,2,7102.380000000001,5809.62,2674.619999999999,0.19140625,2195,303,BLAa,BLA,43,left,0
2196,2197,2,7104.139999999999,5809.0,2674.3,0.40625,2196,303,BLAa,BLA,43,left,0
2197,2198,2,7107.0,5808.84,2674.0599999999995,0.21484375,2197,303,BLAa,BLA,43,left,0
2198,2199,2,7108.339999999999,5808.86,2673.76,0.3515625,2198,303,BLAa,BLA,43,left,0
2199,2200,2,7111.36,5809.66,2673.48,0.1640625,2199,303,BLAa,BLA,43,left,0
2200,2201,2,7113.5,5810.66,2673.58,0.48828125,2200,303,BLAa,BLA,43,left,0
2201,2202,2,7115.78,5812.619999999999,2674.379999999999,0.1640625,2201,303,BLAa,BLA,43,left,0
2202,2203,2,7117.84,5813.82,2674.8,0.2421875,2202,303,BLAa,BLA,43,left,0
2203,2204,2,7120.42,5813.8,2675.6800000000003,0.48828125,2203,303,BLAa,BLA,43,left,0
2204,2205,2,7122.380000000001,5813.02,2676.8600000000006,0.21484375,2204,303,BLAa,BLA,43,left,0
2205,2206,2,7124.5,5810.879999999999,2677.459999999999,0.32421875,2205,303,BLAa,BLA,43,left,0
2206,2207,2,7126.78,5809.22,2677.32,0.2421875,2206,303,BLAa,BLA,43,left,0
2207,2208,2,7129.34,5808.3,2676.540000000001,0.296875,2207,303,BLAa,BLA,43,left,0
2208,2209,2,7131.42,5807.92,2675.98,0.3515625,2208,303,BLAa,BLA,43,left,0
2209,2210,2,7133.9,5807.34,2675.0200000000004,0.0078125,2209,303,BLAa,BLA,43,left,0
2210,2211,2,7136.3,5807.6,2673.6800000000003,0.48828125,2210,303,BLAa,BLA,43,left,0
2211,2212,2,7136.639999999999,5807.820000000001,2672.619999999999,0.32421875,2211,303,BLAa,BLA,43,left,0
2212,2213,2,7138.5,5807.84,2672.08,0.37890625,2212,303,BLAa,BLA,43,left,0
2213,2214,2,7140.58,5807.86,2671.620000000001,0.32421875,2213,303,BLAa,BLA,43,left,0
2214,2215,2,7143.46,5807.4400000000005,2671.2800000000007,0.2421875,2214,303,BLAa,BLA,43,left,0
2215,2216,2,7145.08,5806.599999999999,2671.119999999999,0.2421875,2215,303,BLAa,BLA,43,left,0
2216,2217,2,7147.16,5805.0,2670.7000000000007,0.00390625,2216,303,BLAa,BLA,43,left,0
2217,2218,2,7148.62,5803.200000000001,2670.74,0.59765625,2217,303,BLAa,BLA,43,left,0
2218,2219,2,7149.9400000000005,5802.08,2670.879999999999,0.8125,2218,303,BLAa,BLA,43,left,0
2219,2220,2,7151.900000000001,5802.039999999999,2670.800000000001,0.59765625,2219,303,BLAa,BLA,43,left,1
2220,2221,2,6847.200000000001,5749.18,2627.9,0.01171875,1630,303,BLAa,BLA,44,left,0
2221,2222,2,6848.04,5751.4400000000005,2628.459999999999,0.3515625,2221,303,BLAa,BLA,44,left,0
2222,2223,2,6849.44,5752.86,2628.9400000000005,0.4609375,2222,303,BLAa,BLA,44,left,0
2223,2224,2,6852.02,5755.98,2629.26,0.4609375,2223,303,BLAa,BLA,44,left,0
2224,2225,2,6854.9800000000005,5759.32,2629.1000000000004,0.1640625,2224,303,BLAa,BLA,44,left,0
2225,2226,2,6856.84,5762.06,2628.379999999999,0.2421875,2225,303,BLAa,BLA,44,left,0
2226,2227,2,6857.6,5763.959999999999,2628.24,0.4609375,2226,303,BLAa,BLA,44,left,0
2227,2228,2,6858.06,5769.18,2628.16,0.00390625,2227,303,BLAa,BLA,44,left,0
2228,2229,2,6857.66,5770.14,2629.32,0.83984375,2228,303,BLAa,BLA,44,left,1
2229,2230,2,6846.82,5748.68,2627.3,0.296875,1630,303,BLAa,BLA,45,left,0
2230,2231,2,6849.58,5749.400000000001,2626.16,0.00390625,2230,303,BLAa,BLA,45,left,0
2231,2232,2,6851.5,5750.4,2625.58,0.5703125,2231,303,BLAa,BLA,45,left,0
2232,2233,2,6853.32,5753.46,2624.8,0.32421875,2232,303,BLAa,BLA,45,left,0
2233,2234,2,6854.24,5756.84,2624.1800000000003,0.26953125,2233,303,BLAa,BLA,45,left,0
2234,2235,2,6856.900000000001,5759.42,2624.1399999999994,0.43359375,2234,303,BLAa,BLA,45,left,0
2235,2236,2,6858.5,5762.14,2624.16,0.6484375,2235,303,BLAa,BLA,45,left,0
2236,2237,2,6861.18,5765.42,2623.9,0.26953125,2236,303,BLAa,BLA,45,left,0
2237,2238,2,6862.88,5767.56,2623.72,0.4609375,2237,303,BLAa,BLA,45,left,0
2238,2239,2,6864.360000000001,5769.360000000001,2623.459999999999,0.01171875,2238,303,BLAa,BLA,45,left,0
2239,2240,2,7020.06,5660.5,2538.459999999999,0.515625,1742,303,BLAa,BLA,46,left,0
2240,2241,2,7022.42,5659.64,2537.48,0.48828125,2240,303,BLAa,BLA,46,left,0
2241,2242,2,7023.64,5659.08,2536.1000000000004,0.40625,2241,303,BLAa,BLA,46,left,0
2242,2243,2,7025.48,5658.82,2534.72,0.296875,2242,303,BLAa,BLA,46,left,0
2243,2244,2,7027.52,5658.9400000000005,2533.26,0.40625,2243,303,BLAa,BLA,46,left,0
2244,2245,2,7028.88,5659.099999999999,2532.3600000000006,0.37890625,2244,303,BLAa,BLA,46,left,0
2245,2246,2,7031.2,5659.52,2529.98,0.54296875,2245,303,BLAa,BLA,46,left,0
2246,2247,2,7032.5,5660.02,2528.4,0.32421875,2246,303,BLAa,BLA,46,left,0
2247,2248,2,7032.780000000001,5659.82,2525.539999999999,0.48828125,2247,303,BLAa,BLA,46,left,0
2248,2249,2,7032.799999999999,5659.26,2523.66,0.37890625,2248,303,BLAa,BLA,46,left,0
2249,2250,2,7034.360000000001,5658.360000000001,2522.48,0.1640625,2249,303,BLAa,BLA,46,left,0
2250,2251,2,7035.74,5656.82,2521.22,0.6484375,2250,303,BLAa,BLA,46,left,0
2251,2252,2,7036.98,5655.639999999999,2520.3599999999988,0.48828125,2251,303,BLAa,BLA,46,left,0
2252,2253,2,7038.22,5654.360000000001,2518.98,0.32421875,2252,303,BLAa,BLA,46,left,0
2253,2254,2,7038.84,5653.139999999999,2517.540000000001,0.4609375,2253,303,BLAa,BLA,46,left,0
2254,2255,2,7040.0,5652.58,2516.22,0.0078125,2254,303,BLAa,BLA,46,left,0
2255,2256,2,7040.02,5650.56,2515.24,0.54296875,2255,303,BLAa,BLA,46,left,0
2256,2257,2,7039.86,5648.379999999999,2514.8,0.2421875,2256,303,BLAa,BLA,46,left,0
2257,2258,2,7040.44,5644.96,2514.74,0.32421875,2257,303,BLAa,BLA,46,left,0
2258,2259,2,7041.4,5642.86,2514.120000000001,0.43359375,2258,303,BLAa,BLA,46,left,0
2259,2260,2,7041.76,5640.68,2513.6000000000004,0.296875,2259,303,BLAa,BLA,46,left,0
2260,2261,2,7041.54,5637.799999999999,2513.22,0.00390625,2260,303,BLAa,BLA,46,left,0
2261,2262,2,7041.3,5635.22,2512.3600000000006,0.40625,2261,303,BLAa,BLA,46,left,0
2262,2263,2,7040.96,5628.58,2513.32,1.109375,2262,303,BLAa,BLA,46,left,0
2263,2264,2,7041.42,5626.32,2513.82,0.1640625,2263,303,BLAa,BLA,46,left,0
2264,2265,2,7043.0,5624.38,2514.400000000001,0.296875,2264,303,BLAa,BLA,46,left,0
2265,2266,2,7044.9800000000005,5622.3,2514.34,0.40625,2265,303,BLAa,BLA,46,left,0
2266,2267,2,7045.98,5620.08,2513.959999999999,0.515625,2266,303,BLAa,BLA,46,left,0
2267,2268,2,7047.52,5617.72,2514.220000000001,0.0078125,2267,303,BLAa,BLA,46,left,0
2268,2269,2,7047.820000000001,5615.320000000001,2514.959999999999,0.59765625,2268,303,BLAa,BLA,46,left,0
2269,2270,2,7047.68,5611.06,2516.4,0.2421875,2269,303,BLAa,BLA,46,left,0
2270,2271,2,7046.98,5607.179999999999,2517.380000000001,0.3515625,2270,303,BLAa,BLA,46,left,0
2271,2272,2,7045.76,5604.44,2517.8,0.19140625,2271,303,BLAa,BLA,46,left,0
2272,2273,2,7044.539999999999,5597.94,2518.9,0.40625,2272,303,BLAa,BLA,46,left,0
2273,2274,2,7043.9,5595.599999999999,2519.42,0.19140625,2273,303,BLAa,BLA,46,left,0
2274,2275,2,7041.76,5593.64,2520.1000000000004,0.59765625,2274,303,BLAa,BLA,46,left,0
2275,2276,2,7039.52,5589.66,2520.72,0.32421875,2275,303,BLAa,BLA,46,left,0
2276,2277,2,7038.04,5586.82,2520.9,0.26953125,2276,303,BLAa,BLA,46,left,0
2277,2278,2,7036.42,5583.9800000000005,2521.2000000000007,0.00390625,2277,303,BLAa,BLA,46,left,0
2278,2279,2,7035.839999999999,5580.98,2521.040000000001,0.48828125,2278,303,BLAa,BLA,46,left,0
2279,2280,2,7034.78,5579.0,2520.42,0.1640625,2279,303,BLAa,BLA,46,left,0
2280,2281,2,7034.38,5576.92,2519.24,0.26953125,2280,303,BLAa,BLA,46,left,0
2281,2282,2,7034.160000000001,5575.54,2517.66,0.00390625,2281,303,BLAa,BLA,46,left,0
2282,2283,2,7034.18,5574.46,2515.24,0.89453125,2282,303,BLAa,BLA,46,left,0
2283,2284,2,7034.86,5572.5,2514.959999999999,0.7578125,2283,303,BLAa,BLA,46,left,0
2284,2285,2,7035.119999999999,5568.9800000000005,2514.3600000000006,0.40625,2284,303,BLAa,BLA,46,left,0
2285,2286,2,7036.14,5566.74,2514.3,0.4609375,2285,303,BLAa,BLA,46,left,0
2286,2287,2,7037.54,5564.740000000001,2513.8,0.37890625,2286,303,BLAa,BLA,46,left,0
2287,2288,2,7039.06,5563.400000000001,2513.1800000000003,0.515625,2287,303,BLAa,BLA,46,left,0
2288,2289,2,7041.3,5563.06,2512.0599999999995,0.37890625,2288,303,BLAa,BLA,46,left,0
2289,2290,2,7043.5,5562.240000000001,2511.3,0.40625,2289,303,BLAa,BLA,46,left,0
2290,2291,2,7044.18,5561.68,2510.040000000001,0.32421875,2290,303,BLAa,BLA,46,left,0
2291,2292,2,7044.539999999999,5560.76,2508.34,0.19140625,2291,303,BLAa,BLA,46,left,0
2292,2293,2,7046.18,5560.860000000001,2506.4,0.3515625,2292,303,BLAa,BLA,46,left,0
2293,2294,2,7047.74,5560.22,2505.1399999999994,0.48828125,2293,303,BLAa,BLA,46,left,0
2294,2295,2,7049.360000000001,5560.14,2503.300000000001,0.2421875,2294,303,BLAa,BLA,46,left,0
2295,2296,2,7051.0,5559.52,2500.959999999999,0.37890625,2295,303,BLAa,BLA,46,left,0
2296,2297,2,7051.72,5558.4400000000005,2499.74,0.32421875,2296,303,BLAa,BLA,46,left,0
2297,2298,2,7051.94,5556.860000000001,2498.82,0.43359375,2297,303,BLAa,BLA,46,left,0
2298,2299,2,7051.78,5554.56,2498.0999999999985,0.296875,2298,303,BLAa,BLA,46,left,0
2299,2300,2,7051.74,5551.82,2497.3,0.40625,2299,303,BLAa,BLA,46,left,0
2300,2301,2,7052.5,5551.32,2496.84,0.43359375,2300,303,BLAa,BLA,46,left,0
2301,2302,2,7054.740000000001,5550.98,2494.460000000001,0.37890625,2301,303,BLAa,BLA,46,left,0
2302,2303,2,7054.9800000000005,5550.72,2492.32,0.6484375,2302,303,BLAa,BLA,46,left,1
2303,2304,2,7020.78,5661.56,2539.32,0.5703125,1742,303,BLAa,BLA,47,left,0
2304,2305,2,7022.72,5662.619999999999,2538.1800000000003,0.4609375,2304,303,BLAa,BLA,47,left,0
2305,2306,2,7025.5,5663.5,2537.540000000001,0.32421875,2305,303,BLAa,BLA,47,left,0
2306,2307,2,7027.4400000000005,5663.68,2537.4400000000005,0.32421875,2306,303,BLAa,BLA,47,left,0
2307,2308,2,7029.32,5663.84,2537.1000000000004,0.54296875,2307,303,BLAa,BLA,47,left,0
2308,2309,2,7031.1,5664.02,2536.48,0.4609375,2308,303,BLAa,BLA,47,left,0
2309,2310,2,7034.34,5664.28,2534.959999999999,0.4609375,2309,303,BLAa,BLA,47,left,0
2310,2311,2,7035.299999999999,5663.84,2534.3,0.48828125,2310,303,BLAa,BLA,47,left,0
2311,2312,2,7037.7,5663.3,2533.8600000000006,0.62109375,2311,303,BLAa,BLA,47,left,0
2312,2313,2,7039.160000000001,5662.88,2533.1800000000003,0.32421875,2312,303,BLAa,BLA,47,left,0
2313,2314,2,7041.2,5662.56,2531.960000000001,0.48828125,2313,303,BLAa,BLA,47,left,0
2314,2315,2,7042.039999999999,5662.02,2531.34,0.48828125,2314,303,BLAa,BLA,47,left,0
2315,2316,2,7044.8,5661.4,2530.2800000000007,0.00390625,2315,303,BLAa,BLA,47,left,0
2316,2317,2,7046.040000000001,5660.16,2529.379999999999,0.43359375,2316,303,BLAa,BLA,47,left,0
2317,2318,2,7048.0,5658.6,2528.5200000000004,0.3515625,2317,303,BLAa,BLA,47,left,0
2318,2319,2,7049.679999999999,5657.799999999999,2527.9400000000005,0.32421875,2318,303,BLAa,BLA,47,left,0
2319,2320,2,7051.54,5656.4800000000005,2527.48,0.5703125,2319,303,BLAa,BLA,47,left,0
2320,2321,2,7052.5,5654.26,2527.58,0.48828125,2320,303,BLAa,BLA,47,left,0
2321,2322,2,7052.960000000001,5652.5,2526.900000000001,0.515625,2321,303,BLAa,BLA,47,left,0
2322,2323,2,7054.679999999999,5652.06,2526.16,0.40625,2322,303,BLAa,BLA,47,left,0
2323,2324,2,7056.52,5651.900000000001,2525.220000000001,0.32421875,2323,303,BLAa,BLA,47,left,0
2324,2325,2,7058.099999999999,5651.18,2524.58,0.43359375,2324,303,BLAa,BLA,47,left,0
2325,2326,2,7059.9,5650.24,2524.4399999999987,0.37890625,2325,303,BLAa,BLA,47,left,0
2326,2327,2,7062.68,5649.880000000001,2524.1800000000003,0.43359375,2326,303,BLAa,BLA,47,left,0
2327,2328,2,7064.8,5649.880000000001,2523.880000000001,0.2421875,2327,303,BLAa,BLA,47,left,0
2328,2329,2,7066.4800000000005,5649.120000000001,2523.66,0.40625,2328,303,BLAa,BLA,47,left,0
2329,2330,2,7068.379999999999,5648.379999999999,2523.459999999999,0.5703125,2329,303,BLAa,BLA,47,left,0
2330,2331,2,7070.18,5647.88,2523.42,0.3515625,2330,303,BLAa,BLA,47,left,0
2331,2332,2,7070.66,5649.22,2521.6399999999994,0.0078125,2331,303,BLAa,BLA,47,left,0
2332,2333,2,7072.06,5650.62,2520.460000000001,0.5703125,2332,303,BLAa,BLA,47,left,0
2333,2334,2,7074.42,5650.98,2519.7000000000007,0.2421875,2333,303,BLAa,BLA,47,left,0
2334,2335,2,7077.28,5651.599999999999,2519.08,0.37890625,2334,303,BLAa,BLA,47,left,0
2335,2336,2,7079.880000000001,5651.82,2518.24,0.4609375,2335,303,BLAa,BLA,47,left,0
2336,2337,2,7081.08,5651.620000000001,2517.4,0.59765625,2336,303,BLAa,BLA,47,left,0
2337,2338,2,7082.5,5652.88,2516.22,0.01171875,2337,303,BLAa,BLA,47,left,0
2338,2339,2,7085.36,5654.120000000001,2515.879999999999,0.4609375,2338,303,BLAa,BLA,47,left,0
2339,2340,2,7087.3,5654.26,2515.800000000001,0.5703125,2339,303,BLAa,BLA,47,left,0
2340,2341,2,7089.360000000001,5654.84,2515.6399999999994,0.5703125,2340,303,BLAa,BLA,47,left,0
2341,2342,2,7091.620000000001,5655.72,2515.42,0.37890625,2341,303,BLAa,BLA,47,left,0
2342,2343,2,7094.299999999999,5656.860000000001,2514.9400000000005,0.37890625,2342,303,BLAa,BLA,47,left,0
2343,2344,2,7096.639999999999,5657.56,2514.3,0.40625,2343,303,BLAa,BLA,47,left,0
2344,2345,2,7101.18,5659.24,2513.74,0.296875,2344,303,BLAa,BLA,47,left,0
2345,2346,2,7103.06,5660.18,2512.98,0.4609375,2345,303,BLAa,BLA,47,left,0
2346,2347,2,7105.76,5661.219999999999,2511.74,0.3515625,2346,303,BLAa,BLA,47,left,0
2347,2348,2,7109.62,5661.94,2511.16,0.32421875,2347,303,BLAa,BLA,47,left,0
2348,2349,2,7113.26,5662.179999999999,2511.040000000001,0.43359375,2348,303,BLAa,BLA,47,left,0
2349,2350,2,7115.700000000001,5662.34,2510.959999999999,0.43359375,2349,303,BLAa,BLA,47,left,0
2350,2351,2,7117.5,5662.46,2510.9,0.703125,2350,303,BLAa,BLA,47,left,0
2351,2352,2,7119.58,5661.52,2511.74,0.01171875,2351,303,BLAa,BLA,47,left,0
2352,2353,2,7123.0,5660.02,2511.76,0.296875,2352,303,BLAa,BLA,47,left,0
2353,2354,2,7125.42,5659.64,2511.4400000000005,0.54296875,2353,303,BLAa,BLA,47,left,0
2354,2355,2,7129.38,5659.5,2511.26,0.37890625,2354,303,BLAa,BLA,47,left,0
2355,2356,2,7131.900000000001,5659.84,2511.1399999999994,0.515625,2355,303,BLAa,BLA,47,left,0
2356,2357,2,7133.24,5660.2,2511.040000000001,0.59765625,2356,303,BLAa,BLA,47,left,0
2357,2358,2,7135.700000000001,5660.38,2510.959999999999,0.06640625,2357,303,BLAa,BLA,47,left,0
2358,2359,2,7138.52,5660.56,2510.74,0.48828125,2358,303,BLAa,BLA,47,left,0
2359,2360,2,7140.460000000001,5660.52,2510.119999999999,0.54296875,2359,303,BLAa,BLA,47,left,0
2360,2361,2,7143.32,5659.9800000000005,2508.540000000001,0.4609375,2360,303,BLAa,BLA,47,left,0
2361,2362,2,7144.86,5659.04,2507.8599999999988,0.3515625,2361,303,BLAa,BLA,47,left,0
2362,2363,2,7146.5,5657.72,2507.4400000000005,0.296875,2362,303,BLAa,BLA,47,left,0
2363,2364,2,7146.7,5654.78,2507.98,0.48828125,2363,303,BLAa,BLA,47,left,0
2364,2365,2,7146.98,5651.56,2508.6000000000004,0.19140625,2364,303,BLAa,BLA,47,left,0
2365,2366,2,7147.960000000001,5650.04,2508.34,0.4609375,2365,303,BLAa,BLA,47,left,0
2366,2367,2,7149.38,5646.799999999999,2508.48,0.3515625,2366,303,BLAa,BLA,47,left,0
2367,2368,2,7151.12,5643.3,2508.66,0.32421875,2367,303,BLAa,BLA,47,left,0
2368,2369,2,7152.179999999999,5641.219999999999,2508.4,0.43359375,2368,303,BLAa,BLA,47,left,0
2369,2370,2,7154.120000000001,5641.42,2510.2000000000007,0.00390625,2369,303,BLAa,BLA,47,left,0
2370,2371,2,7155.98,5641.860000000001,2511.48,0.3515625,2370,303,BLAa,BLA,47,left,0
2371,2372,2,7157.759999999999,5641.639999999999,2512.84,0.54296875,2371,303,BLAa,BLA,47,left,0
2372,2373,2,7159.0,5641.42,2514.82,0.54296875,2372,303,BLAa,BLA,47,left,0
2373,2374,2,7160.66,5641.2,2516.08,0.54296875,2373,303,BLAa,BLA,47,left,0
2374,2375,2,7163.74,5642.56,2517.16,0.32421875,2374,303,BLAa,BLA,47,left,0
2375,2376,2,7165.320000000001,5644.5,2517.4400000000005,0.1640625,2375,303,BLAa,BLA,47,left,0
2376,2377,2,7166.32,5646.599999999999,2517.66,0.40625,2376,303,BLAa,BLA,47,left,0
2377,2378,2,7167.94,5647.960000000001,2518.08,0.26953125,2377,303,BLAa,BLA,47,left,0
2378,2379,2,7169.539999999999,5650.320000000001,2519.0599999999995,0.37890625,2378,303,BLAa,BLA,47,left,0
2379,2380,2,7171.06,5651.78,2520.0599999999995,0.32421875,2379,303,BLAa,BLA,47,left,0
2380,2381,2,7172.0,5653.06,2520.879999999999,0.37890625,2380,303,BLAa,BLA,47,left,0
2381,2382,2,7173.379999999999,5654.76,2522.279999999999,0.26953125,2381,303,BLAa,BLA,47,left,0
2382,2383,2,7174.82,5655.599999999999,2523.4400000000005,0.43359375,2382,303,BLAa,BLA,47,left,0
2383,2384,2,7175.48,5656.08,2525.4,0.43359375,2383,303,BLAa,BLA,47,left,0
2384,2385,2,7176.3,5656.1,2528.619999999999,0.00390625,2384,303,BLAa,BLA,47,left,0
2385,2386,2,7177.5,5656.1,2530.42,0.40625,2385,303,BLAa,BLA,47,left,0
2386,2387,2,7178.780000000001,5656.1,2531.9399999999987,0.43359375,2386,303,BLAa,BLA,47,left,0
2387,2388,2,7181.88,5656.92,2533.0600000000013,0.4609375,2387,303,BLAa,BLA,47,left,0
2388,2389,2,7183.86,5657.72,2533.42,0.3515625,2388,303,BLAa,BLA,47,left,1
2389,2390,2,6744.360000000001,6078.9,2805.6399999999994,0.0078125,1968,303,BLAa,BLA,48,left,0
2390,2391,2,6742.26,6078.92,2805.800000000001,0.1640625,2390,303,BLAa,BLA,48,left,0
2391,2392,2,6740.36,6077.56,2806.1399999999994,0.703125,2391,303,BLAa,BLA,48,left,0
2392,2393,2,6737.86,6076.620000000001,2806.459999999999,0.3515625,2392,303,BLAa,BLA,48,left,1
2393,2394,2,6745.04,6080.48,2806.4400000000005,0.00390625,1968,303,BLAa,BLA,49,left,0
2394,2395,2,6745.52,6083.16,2807.8,0.54296875,2394,303,BLAa,BLA,49,left,0
2395,2396,2,6746.06,6086.1,2809.379999999999,0.1640625,2395,303,BLAa,BLA,49,left,0
2396,2397,2,6746.459999999999,6088.74,2810.3,0.296875,2396,303,BLAa,BLA,49,left,0
2397,2398,2,6746.74,6091.94,2811.08,0.32421875,2397,303,BLAa,BLA,49,left,0
2398,2399,2,6746.14,6093.12,2811.84,0.19140625,2398,303,BLAa,BLA,49,left,0
2399,2400,2,6746.02,6096.1,2812.380000000001,0.21484375,2399,303,BLAa,BLA,49,left,0
2400,2401,2,6745.44,6099.160000000001,2812.5599999999995,0.32421875,2400,303,BLAa,BLA,49,left,0
2401,2402,2,6744.700000000001,6100.98,2813.16,0.2421875,2401,303,BLAa,BLA,49,left,0
2402,2403,2,6745.1,6104.9800000000005,2814.0200000000004,0.37890625,2402,303,BLAa,BLA,49,left,0
2403,2404,2,6744.66,6107.219999999999,2814.959999999999,0.21484375,2403,303,BLAa,BLA,49,left,0
2404,2405,2,6743.66,6109.02,2815.7000000000007,0.43359375,2404,303,BLAa,BLA,49,left,0
2405,2406,2,6742.4,6112.240000000001,2816.3600000000006,0.296875,2405,303,BLAa,BLA,49,left,0
2406,2407,2,6741.84,6114.880000000001,2816.84,0.40625,2406,303,BLAa,BLA,49,left,0
2407,2408,2,6742.28,6120.700000000001,2816.42,0.296875,2407,303,BLAa,BLA,49,left,0
2408,2409,2,6742.4400000000005,6122.12,2816.459999999999,0.2421875,2408,303,BLAa,BLA,49,left,0
2409,2410,2,6743.04,6128.339999999999,2817.08,0.21484375,2409,303,BLAa,BLA,49,left,0
2410,2411,2,6742.28,6130.0,2817.039999999999,0.32421875,2410,303,BLAa,BLA,49,left,0
2411,2412,2,6742.46,6133.339999999999,2816.8600000000006,0.19140625,2411,303,BLAa,BLA,49,left,0
2412,2413,2,6743.02,6138.12,2817.4,0.32421875,2412,703,CTXsp,CTXsp,49,left,0
2413,2414,2,6743.08,6141.74,2817.7000000000007,0.32421875,2413,703,CTXsp,CTXsp,49,left,0
2414,2415,2,6742.6,6144.120000000001,2817.960000000001,0.2421875,2414,703,CTXsp,CTXsp,49,left,0
2415,2416,2,6741.799999999999,6146.54,2817.5,0.32421875,2415,327,BMAa,BMA,49,left,0
2416,2417,2,6741.5,6150.34,2817.5,0.19140625,2416,327,BMAa,BMA,49,left,0
2417,2418,2,6741.1,6153.26,2817.9400000000005,0.32421875,2417,327,BMAa,BMA,49,left,0
2418,2419,2,6740.38,6156.7,2818.0999999999985,0.4609375,2418,327,BMAa,BMA,49,left,0
2419,2420,2,6739.700000000001,6159.08,2817.8,0.32421875,2419,327,BMAa,BMA,49,left,0
2420,2421,2,6738.92,6163.12,2817.619999999999,0.00390625,2420,327,BMAa,BMA,49,left,0
2421,2422,2,6738.719999999999,6166.219999999999,2817.34,0.4609375,2421,327,BMAa,BMA,49,left,0
2422,2423,2,6739.160000000001,6170.22,2817.5599999999995,0.4609375,2422,327,BMAa,BMA,49,left,0
2423,2424,2,6739.18,6174.139999999999,2818.120000000001,0.26953125,2423,327,BMAa,BMA,49,left,0
2424,2425,2,6738.82,6176.72,2818.4400000000005,0.43359375,2424,327,BMAa,BMA,49,left,0
2425,2426,2,6738.22,6179.9,2818.84,0.43359375,2425,327,BMAa,BMA,49,left,0
2426,2427,2,6738.3,6183.780000000001,2818.72,0.3515625,2426,327,BMAa,BMA,49,left,0
2427,2428,2,6738.08,6190.06,2818.2000000000007,0.296875,2427,327,BMAa,BMA,49,left,0
2428,2429,2,6738.06,6193.74,2818.379999999999,0.37890625,2428,327,BMAa,BMA,49,left,0
2429,2430,2,6738.02,6197.179999999999,2818.66,0.32421875,2429,327,BMAa,BMA,49,left,0
2430,2431,2,6737.54,6199.66,2819.1000000000004,0.48828125,2430,327,BMAa,BMA,49,left,0
2431,2432,2,6736.98,6202.4800000000005,2820.0,0.59765625,2431,327,BMAa,BMA,49,left,0
2432,2433,2,6735.78,6204.52,2820.1800000000003,0.015625,2432,327,BMAa,BMA,49,left,0
2433,2434,2,6735.16,6206.38,2820.9,0.37890625,2433,327,BMAa,BMA,49,left,0
2434,2435,2,6735.280000000001,6208.9800000000005,2821.6000000000004,0.4609375,2434,327,BMAa,BMA,49,left,0
2435,2436,2,6735.54,6211.68,2821.620000000001,0.32421875,2435,327,BMAa,BMA,49,left,0
2436,2437,2,6735.74,6214.86,2820.779999999999,0.296875,2436,327,BMAa,BMA,49,left,0
2437,2438,2,6735.96,6218.08,2820.0599999999995,0.48828125,2437,327,BMAa,BMA,49,left,0
2438,2439,2,6736.3,6221.12,2820.42,0.48828125,2438,327,BMAa,BMA,49,left,0
2439,2440,2,6736.08,6224.2,2820.539999999999,0.1640625,2439,327,BMAa,BMA,49,left,0
2440,2441,2,6735.66,6226.38,2820.26,0.32421875,2440,327,BMAa,BMA,49,left,0
2441,2442,2,6736.02,6231.14,2819.92,0.00390625,2441,327,BMAa,BMA,49,left,0
2442,2443,2,6736.24,6233.32,2819.9400000000005,0.40625,2442,327,BMAa,BMA,49,left,0
2443,2444,2,6735.48,6234.24,2820.3,0.0234375,2443,327,BMAa,BMA,49,left,0
2444,2445,2,6735.460000000001,6237.02,2820.26,0.40625,2444,327,BMAa,BMA,49,left,0
2445,2446,2,6734.58,6240.4,2820.34,0.2421875,2445,327,BMAa,BMA,49,left,0
2446,2447,2,6733.8,6242.6,2820.5200000000004,0.4609375,2446,327,BMAa,BMA,49,left,0
2447,2448,2,6733.7,6246.84,2820.1800000000003,0.5703125,2447,327,BMAa,BMA,49,left,0
2448,2449,2,6733.200000000001,6249.360000000001,2819.959999999999,0.19140625,2448,327,BMAa,BMA,49,left,0
2449,2450,2,6732.6,6253.139999999999,2819.76,0.26953125,2449,327,BMAa,BMA,49,left,0
2450,2451,2,6732.5,6256.06,2819.84,0.48828125,2450,327,BMAa,BMA,49,left,0
2451,2452,2,6732.26,6260.280000000001,2819.779999999999,0.19140625,2451,327,BMAa,BMA,49,left,0
2452,2453,2,6731.219999999999,6261.78,2820.1399999999994,0.21484375,2452,327,BMAa,BMA,49,left,0
2453,2454,2,6731.08,6264.42,2820.82,0.2421875,2453,327,BMAa,BMA,49,left,0
2454,2455,2,6731.3,6266.72,2820.84,0.515625,2454,327,BMAa,BMA,49,left,0
2455,2456,2,6730.58,6270.58,2820.5600000000013,0.19140625,2455,327,BMAa,BMA,49,left,0
2456,2457,2,6730.2,6273.84,2820.779999999999,0.296875,2456,327,BMAa,BMA,49,left,0
2457,2458,2,6728.959999999999,6275.5,2820.72,0.32421875,2457,327,BMAa,BMA,49,left,0
2458,2459,2,6728.68,6277.799999999999,2819.98,0.19140625,2458,327,BMAa,BMA,49,left,0
2459,2460,2,6728.58,6282.780000000001,2819.5599999999995,0.296875,2459,327,BMAa,BMA,49,left,0
2460,2461,2,6727.88,6285.04,2819.539999999999,0.296875,2460,327,BMAa,BMA,49,left,0
2461,2462,2,6726.459999999999,6286.26,2819.5200000000004,0.54296875,2461,327,BMAa,BMA,49,left,0
2462,2463,2,6726.26,6291.52,2818.82,0.296875,2462,327,BMAa,BMA,49,left,0
2463,2464,2,6726.52,6294.66,2819.220000000001,0.4609375,2463,327,BMAa,BMA,49,left,0
2464,2465,2,6726.06,6297.219999999999,2819.48,0.3515625,2464,327,BMAa,BMA,49,left,0
2465,2466,2,6725.900000000001,6300.52,2818.8,0.2421875,2465,327,BMAa,BMA,49,left,0
2466,2467,2,6726.219999999999,6304.86,2818.2000000000007,0.2421875,2466,327,BMAa,BMA,49,left,0
2467,2468,2,6725.34,6308.099999999999,2817.9,0.43359375,2467,327,BMAa,BMA,49,left,0
2468,2469,2,6724.44,6309.52,2818.0200000000004,0.2421875,2468,327,BMAa,BMA,49,left,0
2469,2470,2,6724.52,6312.240000000001,2818.039999999999,0.3515625,2469,327,BMAa,BMA,49,left,0
2470,2471,2,6724.139999999999,6314.24,2817.32,0.43359375,2470,327,BMAa,BMA,49,left,0
2471,2472,2,6722.88,6316.38,2816.2800000000007,0.32421875,2471,327,BMAa,BMA,49,left,0
2472,2473,2,6722.32,6318.16,2818.08,0.00390625,2472,327,BMAa,BMA,49,left,0
2473,2474,2,6720.78,6319.42,2819.24,0.67578125,2473,327,BMAa,BMA,49,left,0
2474,2475,2,6719.28,6320.2,2820.380000000001,0.8125,2474,327,BMAa,BMA,49,left,0
2475,2476,2,6718.48,6322.16,2821.540000000001,0.43359375,2475,327,BMAa,BMA,49,left,0
2476,2477,2,6717.179999999999,6324.099999999999,2822.619999999999,0.32421875,2476,327,BMAa,BMA,49,left,0
2477,2478,2,6716.96,6327.06,2824.84,0.43359375,2477,327,BMAa,BMA,49,left,0
2478,2479,2,6716.620000000001,6329.160000000001,2826.82,0.32421875,2478,327,BMAa,BMA,49,left,0
2479,2480,2,6716.18,6330.14,2828.4,0.21484375,2479,327,BMAa,BMA,49,left,0
2480,2481,2,6715.9400000000005,6332.6,2829.4399999999987,0.32421875,2480,327,BMAa,BMA,49,left,0
2481,2482,2,6714.58,6334.679999999999,2830.8600000000006,0.32421875,2481,327,BMAa,BMA,49,left,0
2482,2483,2,6713.52,6336.280000000001,2832.1800000000003,0.5703125,2482,327,BMAa,BMA,49,left,0
2483,2484,2,6712.58,6339.22,2833.459999999999,0.21484375,2483,327,BMAa,BMA,49,left,0
2484,2485,2,6711.84,6340.460000000001,2834.3600000000006,0.296875,2484,327,BMAa,BMA,49,left,0
2485,2486,2,6711.26,6341.860000000001,2836.08,0.296875,2485,327,BMAa,BMA,49,left,0
2486,2487,2,6710.22,6342.780000000001,2837.5,0.48828125,2486,327,BMAa,BMA,49,left,0
2487,2488,2,6709.18,6345.18,2838.300000000001,0.37890625,2487,327,BMAa,BMA,49,left,0
2488,2489,2,6708.84,6347.68,2839.0,0.4609375,2488,327,BMAa,BMA,49,left,0
2489,2490,2,6708.26,6349.92,2840.92,0.2421875,2489,327,BMAa,BMA,49,left,0
2490,2491,2,6707.780000000001,6351.08,2841.58,0.1640625,2490,327,BMAa,BMA,49,left,0
2491,2492,2,6708.06,6353.6,2842.8,0.43359375,2491,327,BMAa,BMA,49,left,0
2492,2493,2,6707.3,6356.4,2843.9,0.3515625,2492,327,BMAa,BMA,49,left,0
2493,2494,2,6706.4400000000005,6357.7,2844.619999999999,0.703125,2493,327,BMAa,BMA,49,left,0
2494,2495,2,6705.48,6361.72,2845.5200000000004,0.43359375,2494,327,BMAa,BMA,49,left,0
2495,2496,2,6704.22,6365.16,2846.34,0.48828125,2495,327,BMAa,BMA,49,left,0
2496,2497,2,6703.28,6367.3,2846.720000000001,0.26953125,2496,327,BMAa,BMA,49,left,0
2497,2498,2,6702.92,6369.42,2847.48,0.37890625,2497,327,BMAa,BMA,49,left,0
2498,2499,2,6701.98,6371.459999999999,2848.3600000000006,0.21484375,2498,327,BMAa,BMA,49,left,0
2499,2500,2,6701.4400000000005,6374.26,2848.24,0.21484375,2499,327,BMAa,BMA,49,left,0
2500,2501,2,6701.4,6377.1,2848.82,0.40625,2500,327,BMAa,BMA,49,left,0
2501,2502,2,6700.24,6378.16,2849.16,0.19140625,2501,327,BMAa,BMA,49,left,0
2502,2503,2,6698.86,6380.74,2850.34,0.26953125,2502,327,BMAa,BMA,49,left,0
2503,2504,2,6699.24,6384.539999999999,2851.8600000000006,0.32421875,2503,327,BMAa,BMA,49,left,0
2504,2505,2,6699.62,6387.26,2852.8599999999988,0.4609375,2504,327,BMAa,BMA,49,left,0
2505,2506,2,6700.0,6391.660000000001,2852.7000000000007,0.40625,2505,327,BMAa,BMA,49,left,0
2506,2507,2,6700.2,6393.9,2852.66,0.40625,2506,327,BMAa,BMA,49,left,0
2507,2508,2,6700.54,6396.34,2853.540000000001,0.37890625,2507,327,BMAa,BMA,49,left,0
2508,2509,2,6700.54,6398.9800000000005,2854.880000000001,0.2421875,2508,327,BMAa,BMA,49,left,0
2509,2510,2,6699.2,6401.76,2855.4,0.2421875,2509,327,BMAa,BMA,49,left,0
2510,2511,2,6698.099999999999,6403.5,2855.620000000001,0.296875,2510,327,BMAa,BMA,49,left,0
2511,2512,2,6697.26,6406.82,2856.0200000000004,0.0078125,2511,327,BMAa,BMA,49,left,0
2512,2513,2,6696.4400000000005,6410.320000000001,2856.24,0.37890625,2512,327,BMAa,BMA,49,left,0
2513,2514,2,6696.660000000001,6413.379999999999,2856.34,0.296875,2513,327,BMAa,BMA,49,left,0
2514,2515,2,6696.660000000001,6416.02,2856.8600000000006,0.40625,2514,327,BMAa,BMA,49,left,0
2515,2516,2,6695.72,6418.26,2857.5599999999995,0.32421875,2515,327,BMAa,BMA,49,left,0
2516,2517,2,6694.360000000001,6422.08,2858.5200000000004,0.1640625,2516,327,BMAa,BMA,49,left,0
2517,2518,2,6693.58,6423.68,2858.7000000000007,0.40625,2517,327,BMAa,BMA,49,left,0
2518,2519,2,6692.7,6427.74,2858.9400000000005,0.2421875,2518,327,BMAa,BMA,49,left,0
2519,2520,2,6691.98,6430.320000000001,2858.8600000000006,0.2421875,2519,327,BMAa,BMA,49,left,0
2520,2521,2,6691.88,6432.98,2859.1800000000003,0.54296875,2520,327,BMAa,BMA,49,left,0
2521,2522,2,6692.12,6435.839999999999,2858.880000000001,0.7578125,2521,327,BMAa,BMA,49,left,0
2522,2523,2,6692.4800000000005,6439.66,2858.959999999999,0.00390625,2522,327,BMAa,BMA,49,left,0
2523,2524,2,6692.9,6443.18,2859.72,0.32421875,2523,327,BMAa,BMA,49,left,0
2524,2525,2,6693.200000000001,6448.7,2861.16,0.26953125,2524,327,BMAa,BMA,49,left,0
2525,2526,2,6692.820000000001,6450.58,2861.960000000001,0.37890625,2525,327,BMAa,BMA,49,left,0
2526,2527,2,6692.4,6452.74,2863.4400000000005,0.40625,2526,327,BMAa,BMA,49,left,0
2527,2528,2,6691.26,6454.740000000001,2864.1800000000003,0.37890625,2527,327,BMAa,BMA,49,left,0
2528,2529,2,6690.700000000001,6457.219999999999,2864.9400000000005,0.515625,2528,327,BMAa,BMA,49,left,0
2529,2530,2,6690.68,6459.9400000000005,2866.3,0.32421875,2529,327,BMAa,BMA,49,left,0
2530,2531,2,6690.92,6461.76,2866.82,0.0078125,2530,327,BMAa,BMA,49,left,0
2531,2532,2,6690.76,6465.66,2867.24,0.5703125,2531,327,BMAa,BMA,49,left,0
2532,2533,2,6689.86,6467.759999999999,2867.82,0.19140625,2532,327,BMAa,BMA,49,left,0
2533,2534,2,6689.5,6469.62,2868.26,0.19140625,2533,327,BMAa,BMA,49,left,0
2534,2535,2,6689.740000000001,6472.28,2868.2000000000007,0.48828125,2534,327,BMAa,BMA,49,left,0
2535,2536,2,6689.24,6474.86,2868.5200000000004,1.00390625,2535,327,BMAa,BMA,49,left,0
2536,2537,2,6687.92,6476.14,2870.1399999999994,0.19140625,2536,327,BMAa,BMA,49,left,0
2537,2538,2,6686.96,6478.6,2870.66,0.2421875,2537,327,BMAa,BMA,49,left,0
2538,2539,2,6685.8,6481.2,2870.9400000000005,0.1640625,2538,327,BMAa,BMA,49,left,0
2539,2540,2,6530.04,6105.599999999999,3008.1800000000003,0.00390625,1974,559,CEAm,CEA,50,left,0
2540,2541,2,6529.8,6108.12,3009.640000000001,0.40625,2540,559,CEAm,CEA,50,left,0
2541,2542,2,6529.139999999999,6108.92,3010.2000000000007,0.40625,2541,559,CEAm,CEA,50,left,1
2542,2543,2,6529.76,6106.4,3008.76,0.37890625,1974,559,CEAm,CEA,51,left,0
2543,2544,2,6528.9400000000005,6108.9,3009.040000000001,0.2421875,2543,559,CEAm,CEA,51,left,0
2544,2545,2,6528.540000000001,6112.3,3008.74,0.26953125,2544,559,CEAm,CEA,51,left,0
2545,2546,2,6528.16,6114.82,3009.379999999999,0.1640625,2545,559,CEAm,CEA,51,left,0
2546,2547,2,6527.4400000000005,6117.34,3009.779999999999,0.48828125,2546,559,CEAm,CEA,51,left,0
2547,2548,2,6527.179999999999,6119.539999999999,3010.7000000000007,0.21484375,2547,559,CEAm,CEA,51,left,0
2548,2549,2,6526.2,6121.4400000000005,3011.6000000000004,0.19140625,2548,559,CEAm,CEA,51,left,0
2549,2550,2,6525.639999999999,6123.82,3012.6800000000003,0.2421875,2549,559,CEAm,CEA,51,left,0
2550,2551,2,6524.76,6125.0,3013.5,0.21484375,2550,559,CEAm,CEA,51,left,0
2551,2552,2,6524.04,6127.12,3015.24,0.296875,2551,559,CEAm,CEA,51,left,0
2552,2553,2,6523.48,6128.46,3016.8,0.37890625,2552,559,CEAm,CEA,51,left,0
2553,2554,2,6522.380000000001,6129.08,3018.58,0.37890625,2553,559,CEAm,CEA,51,left,0
2554,2555,2,6520.54,6129.5,3019.82,0.01171875,2554,559,CEAm,CEA,51,left,0
2555,2556,2,6519.160000000001,6130.04,3021.2800000000007,0.40625,2555,559,CEAm,CEA,51,left,0
2556,2557,2,6518.7,6131.639999999999,3022.540000000001,0.1640625,2556,559,CEAm,CEA,51,left,0
2557,2558,2,6517.4800000000005,6134.22,3023.2000000000007,0.1640625,2557,559,CEAm,CEA,51,left,0
2558,2559,2,6517.06,6136.7,3024.2800000000007,0.32421875,2558,559,CEAm,CEA,51,left,0
2559,2560,2,6515.76,6138.400000000001,3025.620000000001,0.26953125,2559,559,CEAm,CEA,51,left,0
2560,2561,2,6515.2,6140.4,3026.699999999999,0.32421875,2560,559,CEAm,CEA,51,left,0
2561,2562,2,6514.2,6141.78,3027.8,0.40625,2561,559,CEAm,CEA,51,left,0
2562,2563,2,6514.02,6142.36,3029.24,0.32421875,2562,559,CEAm,CEA,51,left,0
2563,2564,2,6513.26,6143.58,3030.74,0.48828125,2563,559,CEAm,CEA,51,left,0
2564,2565,2,6512.72,6146.639999999999,3033.120000000001,0.26953125,2564,559,CEAm,CEA,51,left,0
2565,2566,2,6511.799999999999,6147.92,3034.6000000000004,0.3515625,2565,559,CEAm,CEA,51,left,0
2566,2567,2,6510.52,6149.52,3036.84,0.4609375,2566,559,CEAm,CEA,51,left,0
2567,2568,2,6509.92,6151.34,3038.16,0.26953125,2567,559,CEAm,CEA,51,left,0
2568,2569,2,6508.02,6154.22,3039.9400000000005,0.4609375,2568,559,CEAm,CEA,51,left,0
2569,2570,2,6506.54,6156.0,3040.6800000000003,0.19140625,2569,559,CEAm,CEA,51,left,0
2570,2571,2,6503.88,6157.799999999999,3040.879999999999,0.1640625,2570,559,CEAm,CEA,51,left,0
2571,2572,2,6502.16,6158.64,3041.34,0.1640625,2571,559,CEAm,CEA,51,left,0
2572,2573,2,6501.26,6160.36,3042.720000000001,0.2421875,2572,559,CEAm,CEA,51,left,0
2573,2574,2,6500.08,6162.0,3043.1800000000003,0.48828125,2573,559,CEAm,CEA,51,left,0
2574,2575,2,6498.6,6163.68,3044.3,0.32421875,2574,559,CEAm,CEA,51,left,0
2575,2576,2,6496.88,6164.18,3045.220000000001,0.3515625,2575,559,CEAm,CEA,51,left,0
2576,2577,2,6495.14,6165.62,3046.82,0.00390625,2576,477,STR,STR,51,left,0
2577,2578,2,6493.780000000001,6165.5,3048.2000000000007,0.37890625,2577,477,STR,STR,51,left,0
2578,2579,2,6492.94,6164.18,3049.8,0.21484375,2578,559,CEAm,CEA,51,left,0
2579,2580,2,6492.36,6163.400000000001,3051.58,0.48828125,2579,559,CEAm,CEA,51,left,0
2580,2581,2,6491.4800000000005,6163.58,3053.42,0.48828125,2580,559,CEAm,CEA,51,left,0
2581,2582,2,6489.48,6164.299999999999,3054.3,0.296875,2581,559,CEAm,CEA,51,left,0
2582,2583,2,6487.619999999999,6164.52,3055.32,0.32421875,2582,559,CEAm,CEA,51,left,0
2583,2584,2,6485.879999999999,6165.02,3056.459999999999,0.40625,2583,559,CEAm,CEA,51,left,0
2584,2585,2,6485.18,6165.16,3057.619999999999,0.40625,2584,559,CEAm,CEA,51,left,0
2585,2586,2,6483.4400000000005,6164.9800000000005,3059.16,0.00390625,2585,559,CEAm,CEA,51,left,0
2586,2587,2,6481.74,6163.339999999999,3060.1000000000004,0.3515625,2586,559,CEAm,CEA,51,left,0
2587,2588,2,6481.32,6161.98,3061.84,0.3515625,2587,559,CEAm,CEA,51,left,0
2588,2589,2,6479.9400000000005,6160.879999999999,3062.880000000001,0.54296875,2588,559,CEAm,CEA,51,left,0
2589,2590,2,6477.5,6160.14,3063.8,0.37890625,2589,559,CEAm,CEA,51,left,0
2590,2591,2,6476.620000000001,6159.84,3064.5,0.3515625,2590,559,CEAm,CEA,51,left,0
2591,2592,2,6474.719999999999,6159.299999999999,3065.5600000000013,0.00390625,2591,559,CEAm,CEA,51,left,0
2592,2593,2,6474.42,6159.5,3067.48,0.59765625,2592,559,CEAm,CEA,51,left,0
2593,2594,2,6472.780000000001,6161.02,3068.0999999999985,0.00390625,2593,559,CEAm,CEA,51,left,0
2594,2595,2,6472.66,6161.4400000000005,3069.66,0.515625,2594,559,CEAm,CEA,51,left,0
2595,2596,2,6472.36,6163.56,3069.8,0.00390625,2595,559,CEAm,CEA,51,left,0
2596,2597,2,6470.280000000001,6164.539999999999,3070.8600000000006,0.19140625,2596,559,CEAm,CEA,51,left,0
2597,2598,2,6469.06,6165.44,3071.82,0.2421875,2597,559,CEAm,CEA,51,left,0
2598,2599,2,6468.86,6164.400000000001,3073.72,0.00390625,2598,559,CEAm,CEA,51,left,0
2599,2600,2,6467.9,6163.06,3075.380000000001,0.40625,2599,559,CEAm,CEA,51,left,0
2600,2601,2,6466.18,6162.86,3076.6000000000004,0.43359375,2600,559,CEAm,CEA,51,left,0
2601,2602,2,6466.040000000001,6163.58,3077.42,0.40625,2601,559,CEAm,CEA,51,left,0
2602,2603,2,6466.219999999999,6165.5,3078.82,0.00390625,2602,559,CEAm,CEA,51,left,0
2603,2604,2,6464.58,6166.280000000001,3080.0200000000004,0.40625,2603,559,CEAm,CEA,51,left,0
2604,2605,2,6462.4,6167.34,3081.3600000000006,0.40625,2604,559,CEAm,CEA,51,left,0
2605,2606,2,6460.599999999999,6168.08,3082.66,0.48828125,2605,559,CEAm,CEA,51,left,0
2606,2607,2,6459.679999999999,6168.82,3084.1399999999994,0.48828125,2606,559,CEAm,CEA,51,left,0
2607,2608,2,6457.619999999999,6169.24,3086.2000000000007,0.32421875,2607,559,CEAm,CEA,51,left,0
2608,2609,2,6456.76,6169.08,3087.32,0.48828125,2608,559,CEAm,CEA,51,left,0
2609,2610,2,6455.82,6169.360000000001,3089.66,0.296875,2609,559,CEAm,CEA,51,left,0
2610,2611,2,6453.540000000001,6170.48,3091.24,0.2421875,2610,559,CEAm,CEA,51,left,0
2611,2612,2,6451.52,6171.72,3092.7800000000007,0.296875,2611,559,CEAm,CEA,51,left,0
2612,2613,2,6450.4,6172.4400000000005,3093.9,0.32421875,2612,559,CEAm,CEA,51,left,0
2613,2614,2,6448.66,6172.9,3095.2000000000007,0.32421875,2613,559,CEAm,CEA,51,left,0
2614,2615,2,6448.06,6173.26,3096.620000000001,0.40625,2614,559,CEAm,CEA,51,left,0
2615,2616,2,6446.4800000000005,6173.540000000001,3097.5,0.26953125,2615,559,CEAm,CEA,51,left,0
2616,2617,2,6444.5,6173.16,3098.2000000000007,0.59765625,2616,559,CEAm,CEA,51,left,0
2617,2618,2,6444.92,6171.54,3099.199999999999,0.0234375,2617,559,CEAm,CEA,51,left,0
2618,2619,2,6443.26,6170.5,3099.959999999999,0.8671875,2618,559,CEAm,CEA,51,left,0
2619,2620,2,6440.98,6170.22,3100.1000000000004,0.296875,2619,559,CEAm,CEA,51,left,0
2620,2621,2,6439.52,6169.8,3100.800000000001,0.40625,2620,559,CEAm,CEA,51,left,0
2621,2622,2,6437.86,6169.9,3102.2000000000007,0.37890625,2621,559,CEAm,CEA,51,left,0
2622,2623,2,6435.18,6170.280000000001,3103.279999999999,0.4609375,2622,559,CEAm,CEA,51,left,0
2623,2624,2,6433.540000000001,6169.9,3104.26,0.4609375,2623,559,CEAm,CEA,51,left,0
2624,2625,2,6431.38,6169.08,3105.779999999999,0.40625,2624,559,CEAm,CEA,51,left,0
2625,2626,2,6429.46,6168.86,3106.5599999999995,0.4609375,2625,559,CEAm,CEA,51,left,0
2626,2627,2,6428.06,6168.9800000000005,3107.84,0.01171875,2626,559,CEAm,CEA,51,left,0
2627,2628,2,6426.84,6169.52,3109.32,0.32421875,2627,559,CEAm,CEA,51,left,0
2628,2629,2,6425.68,6170.76,3109.92,0.2421875,2628,559,CEAm,CEA,51,left,0
2629,2630,2,6424.46,6171.98,3111.16,0.43359375,2629,559,CEAm,CEA,51,left,0
2630,2631,2,6423.200000000001,6173.139999999999,3112.98,0.4609375,2630,559,CEAm,CEA,51,left,0
2631,2632,2,6421.88,6173.9400000000005,3114.199999999999,0.43359375,2631,559,CEAm,CEA,51,left,0
2632,2633,2,6419.64,6174.96,3115.3599999999988,0.296875,2632,559,CEAm,CEA,51,left,0
2633,2634,2,6418.22,6175.9400000000005,3116.32,0.48828125,2633,559,CEAm,CEA,51,left,0
2634,2635,2,6416.72,6178.02,3117.6000000000004,0.0078125,2634,559,CEAm,CEA,51,left,0
2635,2636,2,6414.84,6178.58,3119.1000000000004,0.296875,2635,477,STR,STR,51,left,0
2636,2637,2,6412.820000000001,6176.56,3120.2000000000007,0.21484375,2636,477,STR,STR,51,left,0
2637,2638,2,6411.56,6174.700000000001,3121.34,0.43359375,2637,559,CEAm,CEA,51,left,0
2638,2639,2,6410.16,6174.32,3122.540000000001,0.32421875,2638,559,CEAm,CEA,51,left,0
2639,2640,2,6407.7,6174.160000000001,3123.76,0.4609375,2639,559,CEAm,CEA,51,left,0
2640,2641,2,6406.06,6173.82,3124.3600000000006,0.2421875,2640,559,CEAm,CEA,51,left,0
2641,2642,2,6403.82,6173.76,3125.119999999999,0.0078125,2641,559,CEAm,CEA,51,left,0
2642,2643,2,6401.12,6173.8,3126.3600000000006,0.40625,2642,559,CEAm,CEA,51,left,0
2643,2644,2,6399.120000000001,6173.9,3127.7000000000007,0.32421875,2643,559,CEAm,CEA,51,left,0
2644,2645,2,6397.960000000001,6173.74,3128.72,0.3515625,2644,559,CEAm,CEA,51,left,0
2645,2646,2,6396.74,6172.52,3128.84,0.37890625,2645,559,CEAm,CEA,51,left,0
2646,2647,2,6396.14,6170.2,3128.619999999999,0.54296875,2646,559,CEAm,CEA,51,left,0
2647,2648,2,6395.860000000001,6165.82,3129.34,0.19140625,2647,559,CEAm,CEA,51,left,0
2648,2649,2,6394.86,6163.5,3130.2000000000007,0.3515625,2648,559,CEAm,CEA,51,left,0
2649,2650,2,6393.6,6161.4,3130.879999999999,0.515625,2649,559,CEAm,CEA,51,left,0
2650,2651,2,6867.9,5770.92,2623.0600000000013,0.40625,2239,303,BLAa,BLA,52,left,0
2651,2652,2,6869.400000000001,5772.759999999999,2622.9400000000005,0.21484375,2651,303,BLAa,BLA,52,left,0
2652,2653,2,6871.36,5774.76,2622.8599999999988,0.40625,2652,303,BLAa,BLA,52,left,0
2653,2654,2,6873.58,5775.92,2623.08,0.40625,2653,303,BLAa,BLA,52,left,0
2654,2655,2,6876.36,5777.179999999999,2623.34,0.43359375,2654,303,BLAa,BLA,52,left,0
2655,2656,2,6878.74,5779.22,2623.7000000000007,0.1640625,2655,303,BLAa,BLA,52,left,0
2656,2657,2,6881.24,5782.26,2623.22,0.26953125,2656,303,BLAa,BLA,52,left,0
2657,2658,2,6882.86,5784.679999999999,2622.76,0.32421875,2657,303,BLAa,BLA,52,left,0
2658,2659,2,6885.76,5785.34,2622.5,0.26953125,2658,303,BLAa,BLA,52,left,0
2659,2660,2,6888.379999999999,5785.22,2622.380000000001,0.4609375,2659,303,BLAa,BLA,52,left,0
2660,2661,2,6890.42,5785.66,2622.2000000000007,0.40625,2660,303,BLAa,BLA,52,left,0
2661,2662,2,6891.94,5785.02,2623.08,0.02734375,2661,303,BLAa,BLA,52,left,0
2662,2663,2,6892.960000000001,5783.62,2625.0200000000004,0.4609375,2662,303,BLAa,BLA,52,left,0
2663,2664,2,6894.84,5783.4400000000005,2626.5200000000004,0.26953125,2663,303,BLAa,BLA,52,left,0
2664,2665,2,6896.4,5783.719999999999,2627.9400000000005,0.2421875,2664,303,BLAa,BLA,52,left,0
2665,2666,2,6897.6,5784.48,2628.9,0.40625,2665,303,BLAa,BLA,52,left,0
2666,2667,2,6899.539999999999,5784.539999999999,2630.6800000000003,0.296875,2666,303,BLAa,BLA,52,left,0
2667,2668,2,6900.9400000000005,5784.18,2632.119999999999,0.2421875,2667,303,BLAa,BLA,52,left,0
2668,2669,2,6902.3,5782.26,2632.960000000001,0.00390625,2668,303,BLAa,BLA,52,left,0
2669,2670,2,6902.42,5779.9,2634.74,0.48828125,2669,303,BLAa,BLA,52,left,0
2670,2671,2,6903.16,5777.94,2636.3,0.21484375,2670,303,BLAa,BLA,52,left,0
2671,2672,2,6904.56,5777.28,2637.5200000000004,0.1640625,2671,303,BLAa,BLA,52,left,0
2672,2673,2,6906.02,5776.620000000001,2639.24,0.40625,2672,303,BLAa,BLA,52,left,0
2673,2674,2,6907.1,5774.719999999999,2640.3,0.21484375,2673,303,BLAa,BLA,52,left,0
2674,2675,2,6909.32,5774.139999999999,2640.879999999999,0.37890625,2674,303,BLAa,BLA,52,left,0
2675,2676,2,6911.900000000001,5773.68,2640.92,0.40625,2675,303,BLAa,BLA,52,left,0
2676,2677,2,6913.62,5772.88,2640.92,0.19140625,2676,303,BLAa,BLA,52,left,0
2677,2678,2,6915.68,5772.6,2640.539999999999,0.32421875,2677,303,BLAa,BLA,52,left,0
2678,2679,2,6919.880000000001,5772.94,2639.08,0.296875,2678,303,BLAa,BLA,52,left,0
2679,2680,2,6921.36,5772.68,2638.1399999999994,0.4609375,2679,303,BLAa,BLA,52,left,0
2680,2681,2,6923.16,5773.92,2638.459999999999,0.01171875,2680,303,BLAa,BLA,52,left,0
2681,2682,2,6925.62,5775.460000000001,2639.26,0.48828125,2681,303,BLAa,BLA,52,left,0
2682,2683,2,6927.780000000001,5776.860000000001,2639.8,0.3515625,2682,303,BLAa,BLA,52,left,0
2683,2684,2,6929.700000000001,5779.42,2640.3,0.37890625,2683,303,BLAa,BLA,52,left,0
2684,2685,2,6931.219999999999,5781.620000000001,2640.82,0.37890625,2684,303,BLAa,BLA,52,left,0
2685,2686,2,6933.68,5782.68,2641.6399999999994,0.40625,2685,303,BLAa,BLA,52,left,0
2686,2687,2,6935.54,5783.3,2642.7800000000007,0.4609375,2686,303,BLAa,BLA,52,left,0
2687,2688,2,6936.54,5783.540000000001,2644.400000000001,0.40625,2687,303,BLAa,BLA,52,left,0
2688,2689,2,6938.9400000000005,5784.08,2646.08,0.00390625,2688,303,BLAa,BLA,52,left,0
2689,2690,2,6940.639999999999,5784.360000000001,2647.42,0.40625,2689,303,BLAa,BLA,52,left,0
2690,2691,2,6941.639999999999,5783.92,2649.6000000000004,0.21484375,2690,303,BLAa,BLA,52,left,0
2691,2692,2,6943.0,5782.68,2650.66,0.62109375,2691,303,BLAa,BLA,52,left,0
2692,2693,2,6944.86,5781.040000000001,2650.9400000000005,0.2421875,2692,303,BLAa,BLA,52,left,0
2693,2694,2,6946.4800000000005,5780.639999999999,2650.6800000000003,0.3515625,2693,303,BLAa,BLA,52,left,0
2694,2695,2,6950.72,5780.98,2650.48,0.0078125,2694,303,BLAa,BLA,52,left,0
2695,2696,2,6952.6,5781.14,2650.5999999999985,0.32421875,2695,303,BLAa,BLA,52,left,0
2696,2697,2,6954.86,5781.76,2652.5200000000004,0.00390625,2696,303,BLAa,BLA,52,left,0
2697,2698,2,6956.4,5782.1,2654.400000000001,0.32421875,2697,303,BLAa,BLA,52,left,0
2698,2699,2,6957.200000000001,5782.200000000001,2655.34,0.40625,2698,303,BLAa,BLA,52,left,0
2699,2700,2,6958.6,5781.24,2656.98,0.0078125,2699,303,BLAa,BLA,52,left,0
2700,2701,2,6960.860000000001,5780.98,2658.84,0.37890625,2700,303,BLAa,BLA,52,left,0
2701,2702,2,6962.94,5781.459999999999,2659.24,0.48828125,2701,303,BLAa,BLA,52,left,0
2702,2703,2,6965.599999999999,5781.92,2659.66,0.5703125,2702,303,BLAa,BLA,52,left,0
2703,2704,2,6966.38,5782.02,2660.779999999999,0.73046875,2703,303,BLAa,BLA,52,left,0
2704,2705,2,6968.0,5782.179999999999,2661.5200000000004,0.01953125,2704,303,BLAa,BLA,52,left,0
2705,2706,2,6971.12,5782.34,2661.92,0.62109375,2705,303,BLAa,BLA,52,left,0
2706,2707,2,6973.24,5781.860000000001,2662.84,0.48828125,2706,303,BLAa,BLA,52,left,0
2707,2708,2,6975.36,5781.3,2664.66,0.62109375,2707,303,BLAa,BLA,52,left,0
2708,2709,2,6977.54,5780.879999999999,2665.959999999999,0.48828125,2708,303,BLAa,BLA,52,left,0
2709,2710,2,6978.9,5780.72,2667.32,0.59765625,2709,303,BLAa,BLA,52,left,0
2710,2711,2,6981.4800000000005,5779.64,2669.0200000000004,0.54296875,2710,303,BLAa,BLA,52,left,0
2711,2712,2,6982.36,5777.820000000001,2671.0,0.78515625,2711,303,BLAa,BLA,52,left,0
2712,2713,2,6984.52,5777.7,2671.6000000000004,0.43359375,2712,303,BLAa,BLA,52,left,0
2713,2714,2,6986.94,5776.3,2672.26,0.0078125,2713,303,BLAa,BLA,52,left,0
2714,2715,2,6989.0,5775.42,2673.08,0.2421875,2714,303,BLAa,BLA,52,left,0
2715,2716,2,6992.32,5775.58,2673.22,0.32421875,2715,303,BLAa,BLA,52,left,0
2716,2717,2,6993.9,5775.72,2673.540000000001,0.43359375,2716,303,BLAa,BLA,52,left,0
2717,2718,2,6994.160000000001,5774.44,2675.1399999999994,0.3515625,2717,303,BLAa,BLA,52,left,0
2718,2719,2,6994.400000000001,5771.96,2677.24,0.48828125,2718,303,BLAa,BLA,52,left,0
2719,2720,2,6995.8,5771.639999999999,2678.379999999999,0.32421875,2719,303,BLAa,BLA,52,left,0
2720,2721,2,6997.219999999999,5772.12,2680.32,0.48828125,2720,303,BLAa,BLA,52,left,0
2721,2722,2,6999.32,5772.6,2681.5200000000004,0.3515625,2721,303,BLAa,BLA,52,left,0
2722,2723,2,7000.700000000001,5773.08,2681.540000000001,0.3515625,2722,303,BLAa,BLA,52,left,0
2723,2724,2,7002.72,5770.52,2681.380000000001,0.21484375,2723,303,BLAa,BLA,52,left,0
2724,2725,2,7003.24,5768.24,2681.22,0.43359375,2724,303,BLAa,BLA,52,left,0
2725,2726,2,7004.700000000001,5767.179999999999,2681.3,0.1640625,2725,303,BLAa,BLA,52,left,0
2726,2727,2,7006.24,5766.96,2681.82,0.0078125,2726,303,BLAa,BLA,52,left,0
2727,2728,2,7007.4800000000005,5766.4800000000005,2683.66,0.43359375,2727,303,BLAa,BLA,52,left,0
2728,2729,2,7008.08,5764.78,2686.16,0.1640625,2728,303,BLAa,BLA,52,left,0
2729,2730,2,7008.8,5764.2,2687.7800000000007,0.43359375,2729,303,BLAa,BLA,52,left,0
2730,2731,2,7010.879999999999,5764.740000000001,2688.32,0.4609375,2730,303,BLAa,BLA,52,left,0
2731,2732,2,7013.099999999999,5763.9400000000005,2689.199999999999,0.26953125,2731,303,BLAa,BLA,52,left,0
2732,2733,2,7014.06,5762.200000000001,2690.0599999999995,0.48828125,2732,303,BLAa,BLA,52,left,0
2733,2734,2,7015.76,5763.24,2691.2000000000007,0.0078125,2733,303,BLAa,BLA,52,left,0
2734,2735,2,7018.200000000001,5765.0,2691.5,0.2421875,2734,303,BLAa,BLA,52,left,0
2735,2736,2,7020.66,5766.02,2691.699999999999,0.40625,2735,303,BLAa,BLA,52,left,0
2736,2737,2,7022.759999999999,5766.459999999999,2692.1800000000003,0.62109375,2736,303,BLAa,BLA,52,left,0
2737,2738,2,7023.76,5766.7,2693.880000000001,0.2421875,2737,303,BLAa,BLA,52,left,0
2738,2739,2,7024.120000000001,5767.4,2696.5,0.2421875,2738,303,BLAa,BLA,52,left,0
2739,2740,2,7024.34,5768.26,2697.84,0.26953125,2739,303,BLAa,BLA,52,left,0
2740,2741,2,7023.780000000001,5768.74,2699.0200000000004,0.0078125,2740,303,BLAa,BLA,52,left,0
2741,2742,2,7022.7,5768.780000000001,2700.66,0.19140625,2741,303,BLAa,BLA,52,left,0
2742,2743,2,7020.860000000001,5768.04,2702.0599999999995,0.26953125,2742,303,BLAa,BLA,52,left,0
2743,2744,2,7020.2,5767.7,2704.16,0.48828125,2743,303,BLAa,BLA,52,left,0
2744,2745,2,7020.280000000001,5765.860000000001,2706.0200000000004,0.48828125,2744,303,BLAa,BLA,52,left,0
2745,2746,2,7020.42,5763.86,2708.459999999999,0.2421875,2745,303,BLAa,BLA,52,left,0
2746,2747,2,7021.3,5762.820000000001,2708.9,0.015625,2746,303,BLAa,BLA,52,left,0
2747,2748,2,7021.54,5759.82,2710.380000000001,0.32421875,2747,303,BLAa,BLA,52,left,0
2748,2749,2,7021.58,5757.46,2712.26,0.32421875,2748,303,BLAa,BLA,52,left,0
2749,2750,2,7021.599999999999,5755.9400000000005,2713.3600000000006,0.40625,2749,303,BLAa,BLA,52,left,0
2750,2751,2,7021.76,5754.32,2715.779999999999,0.4609375,2750,303,BLAa,BLA,52,left,0
2751,2752,2,7021.82,5752.780000000001,2717.22,0.26953125,2751,303,BLAa,BLA,52,left,0
2752,2753,2,7021.88,5749.9800000000005,2719.5200000000004,0.0078125,2752,303,BLAa,BLA,52,left,0
2753,2754,2,7021.900000000001,5748.64,2720.5600000000013,0.37890625,2753,303,BLAa,BLA,52,left,0
2754,2755,2,7022.0,5747.66,2721.42,0.5,2754,303,BLAa,BLA,52,left,0
2755,2756,2,7022.1,5746.68,2722.279999999999,0.5,2755,303,BLAa,BLA,52,left,0
2756,2757,2,7022.179999999999,5745.700000000001,2723.120000000001,0.5,2756,303,BLAa,BLA,52,left,0
2757,2758,2,7022.28,5744.719999999999,2723.98,0.5,2757,303,BLAa,BLA,52,left,0
2758,2759,2,7021.76,5743.46,2724.16,0.5,2758,303,BLAa,BLA,52,left,0
2759,2760,2,7021.219999999999,5742.219999999999,2724.32,0.5,2759,303,BLAa,BLA,52,left,0
2760,2761,2,7020.700000000001,5740.96,2724.5,0.5,2760,303,BLAa,BLA,52,left,0
2761,2762,2,7020.18,5739.700000000001,2724.66,0.5,2761,303,BLAa,BLA,52,left,0
2762,2763,2,7019.64,5738.46,2724.84,0.5,2762,303,BLAa,BLA,52,left,0
2763,2764,2,7019.120000000001,5737.200000000001,2725.0,0.5,2763,303,BLAa,BLA,52,left,0
2764,2765,2,7018.66,5736.06,2725.1399999999994,0.5,2764,303,BLAa,BLA,52,left,0
2765,2766,2,7018.22,5734.9,2725.2800000000007,0.5,2765,303,BLAa,BLA,52,left,1
2766,2767,2,6864.880000000001,5768.76,2624.8,0.48828125,2239,303,BLAa,BLA,53,left,0
2767,2768,2,6863.959999999999,5768.139999999999,2626.4400000000005,0.19140625,2767,303,BLAa,BLA,53,left,0
2768,2769,2,6864.24,5770.259999999999,2627.6000000000004,0.40625,2768,303,BLAa,BLA,53,left,0
2769,2770,2,6864.92,5772.06,2632.2000000000007,0.43359375,2769,303,BLAa,BLA,53,left,0
2770,2771,2,6864.86,5772.08,2633.48,0.48828125,2770,303,BLAa,BLA,53,left,0
2771,2772,2,6863.540000000001,5771.94,2633.9400000000005,0.59765625,2771,303,BLAa,BLA,53,left,0
2772,2773,2,6862.5,5771.860000000001,2635.08,0.015625,2772,303,BLAa,BLA,53,left,0
2773,2774,2,6861.78,5771.84,2636.9399999999987,0.703125,2773,303,BLAa,BLA,53,left,0
2774,2775,2,6683.92,6483.08,2870.620000000001,0.00390625,2539,327,BMAa,BMA,54,left,0
2775,2776,2,6681.52,6484.96,2869.8,0.37890625,2775,327,BMAa,BMA,54,left,0
2776,2777,2,6680.08,6486.639999999999,2869.220000000001,0.3515625,2776,327,BMAa,BMA,54,left,0
2777,2778,2,6679.42,6489.66,2868.959999999999,0.32421875,2777,327,BMAa,BMA,54,left,0
2778,2779,2,6677.34,6492.039999999999,2868.880000000001,0.296875,2778,327,BMAa,BMA,54,left,0
2779,2780,2,6675.68,6493.339999999999,2868.42,0.40625,2779,327,BMAa,BMA,54,left,0
2780,2781,2,6674.26,6493.9800000000005,2868.0,0.015625,2780,327,BMAa,BMA,54,left,0
2781,2782,2,6672.26,6494.84,2866.540000000001,0.48828125,2781,327,BMAa,BMA,54,left,0
2782,2783,2,6670.82,6495.72,2865.48,0.54296875,2782,327,BMAa,BMA,54,left,0
2783,2784,2,6670.04,6497.42,2864.7000000000007,0.54296875,2783,327,BMAa,BMA,54,left,0
2784,2785,2,6667.86,6499.02,2864.5,0.515625,2784,327,BMAa,BMA,54,left,0
2785,2786,2,6666.5,6499.66,2864.48,0.37890625,2785,327,BMAa,BMA,54,left,1
2786,2787,2,6686.24,6481.4400000000005,2871.0,0.02734375,2539,327,BMAa,BMA,55,left,0
2787,2788,2,6686.98,6481.799999999999,2875.98,0.62109375,2787,327,BMAa,BMA,55,left,0
2788,2789,2,6687.14,6482.200000000001,2876.82,0.4609375,2788,327,BMAa,BMA,55,left,0
2789,2790,2,6685.74,6483.099999999999,2878.84,0.6484375,2789,327,BMAa,BMA,55,left,0
2790,2791,2,6685.5,6485.639999999999,2880.0,0.32421875,2790,327,BMAa,BMA,55,left,0
2791,2792,2,6684.9,6487.58,2880.74,0.48828125,2791,327,BMAa,BMA,55,left,0
2792,2793,2,6684.04,6490.460000000001,2881.040000000001,0.296875,2792,327,BMAa,BMA,55,left,0
2793,2794,2,6683.5,6493.18,2881.6399999999994,0.1640625,2793,327,BMAa,BMA,55,left,0
2794,2795,2,6682.34,6497.820000000001,2881.3600000000006,0.32421875,2794,327,BMAa,BMA,55,left,0
2795,2796,2,6680.96,6500.700000000001,2882.619999999999,0.83984375,2795,327,BMAa,BMA,55,left,0
2796,2797,2,6680.2,6504.04,2884.120000000001,0.78515625,2796,327,BMAa,BMA,55,left,0
2797,2798,2,6679.139999999999,6505.52,2885.1000000000004,0.48828125,2797,327,BMAa,BMA,55,left,0
2798,2799,2,6394.42,6161.98,3132.16,0.0078125,2650,559,CEAm,CEA,56,left,0
2799,2800,2,6395.4,6164.58,3133.26,0.62109375,2799,559,CEAm,CEA,56,left,1
2800,2801,2,6392.6,6157.36,3131.6000000000004,0.00390625,2650,559,CEAm,CEA,57,left,0
2801,2802,2,6391.14,6155.02,3131.66,0.40625,2801,559,CEAm,CEA,57,left,0
2802,2803,2,6390.24,6150.54,3132.1800000000003,0.1640625,2802,559,CEAm,CEA,57,left,0
2803,2804,2,6389.719999999999,6147.02,3133.6399999999994,0.515625,2803,559,CEAm,CEA,57,left,0
2804,2805,2,6389.139999999999,6144.719999999999,3134.98,0.54296875,2804,559,CEAm,CEA,57,left,0
2805,2806,2,6389.02,6140.4,3134.9400000000005,0.00390625,2805,559,CEAm,CEA,57,left,0
2806,2807,2,6389.56,6138.400000000001,3134.379999999999,0.4609375,2806,559,CEAm,CEA,57,left,0
2807,2808,2,6390.460000000001,6135.76,3133.959999999999,0.21484375,2807,559,CEAm,CEA,57,left,0
2808,2809,2,6391.08,6134.0,3133.92,0.37890625,2808,559,CEAm,CEA,57,left,0
2809,2810,2,6393.200000000001,6131.18,3134.6000000000004,0.296875,2809,559,CEAm,CEA,57,left,0
2810,2811,2,6393.46,6126.660000000001,3135.5999999999985,0.40625,2810,559,CEAm,CEA,57,left,0
2811,2812,2,6394.06,6123.9800000000005,3136.1000000000004,0.21484375,2811,559,CEAm,CEA,57,left,0
2812,2813,2,6395.320000000001,6121.88,3136.6399999999994,0.1640625,2812,559,CEAm,CEA,57,left,0
2813,2814,2,6395.54,6119.360000000001,3137.32,0.4609375,2813,559,CEAm,CEA,57,left,0
2814,2815,2,6395.54,6116.4400000000005,3138.5,0.2421875,2814,559,CEAm,CEA,57,left,0
2815,2816,2,6395.24,6110.68,3140.34,0.43359375,2815,559,CEAm,CEA,57,left,0
2816,2817,2,6394.2,6108.360000000001,3142.0599999999995,0.43359375,2816,559,CEAm,CEA,57,left,0
2817,2818,2,6393.339999999999,6106.34,3143.1399999999994,0.32421875,2817,559,CEAm,CEA,57,left,0
2818,2819,2,6392.92,6105.2,3145.1800000000003,0.0078125,2818,559,CEAm,CEA,57,left,0
2819,2820,2,6391.599999999999,6103.88,3146.1000000000004,0.32421875,2819,559,CEAm,CEA,57,left,0
2820,2821,2,6390.8,6101.639999999999,3147.5599999999995,0.40625,2820,559,CEAm,CEA,57,left,0
2821,2822,2,6389.92,6097.960000000001,3150.16,1.02734375,2821,559,CEAm,CEA,57,left,0
2822,2823,2,6388.3,6096.42,3151.5200000000004,0.37890625,2822,559,CEAm,CEA,57,left,0
2823,2824,2,6385.96,6094.18,3153.5,0.32421875,2823,559,CEAm,CEA,57,left,0
2824,2825,2,6384.5,6092.200000000001,3154.7000000000007,0.1640625,2824,559,CEAm,CEA,57,left,0
2825,2826,2,6384.0,6088.780000000001,3156.1000000000004,0.40625,2825,559,CEAm,CEA,57,left,0
2826,2827,2,6384.02,6086.26,3157.2000000000007,0.48828125,2826,559,CEAm,CEA,57,left,0
2827,2828,2,6384.22,6082.74,3158.619999999999,0.00390625,2827,559,CEAm,CEA,57,left,0
2828,2829,2,6384.86,6080.82,3158.82,0.19140625,2828,559,CEAm,CEA,57,left,0
2829,2830,2,6384.76,6077.6,3158.5,0.40625,2829,559,CEAm,CEA,57,left,0
2830,2831,2,6384.2,6073.58,3158.4400000000005,0.48828125,2830,559,CEAm,CEA,57,left,0
2831,2832,2,6382.66,6072.1,3158.6000000000004,0.43359375,2831,559,CEAm,CEA,57,left,0
2832,2833,2,6381.14,6069.92,3159.619999999999,0.26953125,2832,559,CEAm,CEA,57,left,0
2833,2834,2,6378.88,6067.56,3161.040000000001,0.3515625,2833,559,CEAm,CEA,57,left,0
2834,2835,2,6377.72,6066.78,3161.6800000000003,0.2421875,2834,559,CEAm,CEA,57,left,0
2835,2836,2,6376.5,6063.360000000001,3162.58,0.00390625,2835,559,CEAm,CEA,57,left,0
2836,2837,2,6375.259999999999,6061.26,3163.5599999999995,0.62109375,2836,559,CEAm,CEA,57,left,0
2837,2838,2,6374.02,6060.8,3165.26,0.32421875,2837,559,CEAm,CEA,57,left,0
2838,2839,2,6373.26,6061.02,3166.620000000001,0.32421875,2838,559,CEAm,CEA,57,left,0
2839,2840,2,6372.3,6060.22,3168.08,0.32421875,2839,559,CEAm,CEA,57,left,0
2840,2841,2,6371.660000000001,6058.6,3169.1399999999994,0.37890625,2840,559,CEAm,CEA,57,left,0
2841,2842,2,6371.12,6055.76,3169.98,0.32421875,2841,559,CEAm,CEA,57,left,0
2842,2843,2,6370.14,6053.46,3170.3599999999988,0.32421875,2842,559,CEAm,CEA,57,left,0
2843,2844,2,6368.86,6051.639999999999,3171.0599999999995,0.32421875,2843,559,CEAm,CEA,57,left,0
2844,2845,2,6367.4800000000005,6050.14,3172.0,0.1640625,2844,559,CEAm,CEA,57,left,0
2845,2846,2,6366.68,6047.58,3172.8599999999988,0.37890625,2845,559,CEAm,CEA,57,left,0
2846,2847,2,6366.280000000001,6045.639999999999,3174.619999999999,0.48828125,2846,559,CEAm,CEA,57,left,0
2847,2848,2,6365.18,6043.02,3175.5200000000004,0.40625,2847,559,CEAm,CEA,57,left,0
2848,2849,2,6364.56,6040.52,3175.84,0.015625,2848,559,CEAm,CEA,57,left,0
2849,2850,2,6364.42,6037.88,3177.0,0.37890625,2849,559,CEAm,CEA,57,left,0
2850,2851,2,6363.360000000001,6036.56,3177.8599999999988,0.26953125,2850,559,CEAm,CEA,57,left,0
2851,2852,2,6362.179999999999,6034.38,3178.58,0.1640625,2851,559,CEAm,CEA,57,left,0
2852,2853,2,6359.740000000001,6031.78,3179.16,0.37890625,2852,559,CEAm,CEA,57,left,0
2853,2854,2,6357.84,6030.299999999999,3179.26,0.48828125,2853,559,CEAm,CEA,57,left,0
2854,2855,2,6357.4,6027.219999999999,3179.8,0.48828125,2854,559,CEAm,CEA,57,left,0
2855,2856,2,6357.02,6024.880000000001,3180.800000000001,0.32421875,2855,559,CEAm,CEA,57,left,0
2856,2857,2,6356.08,6023.42,3181.84,0.26953125,2856,559,CEAm,CEA,57,left,0
2857,2858,2,6355.1,6020.78,3183.3600000000006,0.32421875,2857,559,CEAm,CEA,57,left,0
2858,2859,2,6354.24,6018.339999999999,3184.3600000000006,0.40625,2858,559,CEAm,CEA,57,left,0
2859,2860,2,6353.04,6015.5,3184.92,0.48828125,2859,559,CEAm,CEA,57,left,0
2860,2861,2,6352.26,6013.0,3185.74,0.2421875,2860,559,CEAm,CEA,57,left,0
2861,2862,2,6351.040000000001,6012.240000000001,3185.8600000000006,0.04296875,2861,559,CEAm,CEA,57,left,0
2862,2863,2,6350.68,6009.0,3186.24,0.37890625,2862,559,CEAm,CEA,57,left,0
2863,2864,2,6350.320000000001,6006.02,3187.1000000000004,0.32421875,2863,559,CEAm,CEA,57,left,0
2864,2865,2,6348.9400000000005,6004.34,3187.92,0.19140625,2864,559,CEAm,CEA,57,left,0
2865,2866,2,6346.94,6003.46,3188.8,0.32421875,2865,559,CEAm,CEA,57,left,0
2866,2867,2,6345.36,6002.98,3190.380000000001,0.37890625,2866,559,CEAm,CEA,57,left,0
2867,2868,2,6344.539999999999,6002.86,3191.3,0.37890625,2867,559,CEAm,CEA,57,left,0
2868,2869,2,6344.6,6001.799999999999,3191.879999999999,0.01953125,2868,559,CEAm,CEA,57,left,0
2869,2870,2,6344.6,5995.38,3193.32,2.0859375,2869,559,CEAm,CEA,57,left,0
2870,2871,2,6344.02,5993.16,3194.24,1.24609375,2870,559,CEAm,CEA,57,left,0
2871,2872,2,6342.92,5991.56,3195.72,0.59765625,2871,559,CEAm,CEA,57,left,0
2872,2873,2,6860.98,5771.799999999999,2639.24,0.0078125,2774,303,BLAa,BLA,58,left,0
2873,2874,2,6859.0,5771.92,2640.92,0.83984375,2873,303,BLAa,BLA,58,left,0
2874,2875,2,6858.08,5773.400000000001,2642.0200000000004,0.515625,2874,303,BLAa,BLA,58,left,0
2875,2876,2,6856.78,5774.18,2642.58,0.4609375,2875,303,BLAa,BLA,58,left,0
2876,2877,2,6856.799999999999,5775.68,2643.2000000000007,0.4609375,2876,303,BLAa,BLA,58,left,0
2877,2878,2,6855.299999999999,5776.459999999999,2645.1000000000004,0.296875,2877,303,BLAa,BLA,58,left,0
2878,2879,2,6852.7,5776.26,2645.9400000000005,0.73046875,2878,303,BLAa,BLA,58,left,0
2879,2880,2,6851.1,5777.240000000001,2646.620000000001,0.0078125,2879,303,BLAa,BLA,58,left,0
2880,2881,2,6850.280000000001,5779.740000000001,2646.48,0.5703125,2880,303,BLAa,BLA,58,left,0
2881,2882,2,6850.599999999999,5783.04,2646.2800000000007,0.43359375,2881,303,BLAa,BLA,58,left,0
2882,2883,2,6849.66,5784.02,2646.8600000000006,0.48828125,2882,303,BLAa,BLA,58,left,0
2883,2884,2,6847.68,5784.26,2648.1800000000003,0.62109375,2883,303,BLAa,BLA,58,left,0
2884,2885,2,6846.68,5784.120000000001,2650.1399999999994,0.296875,2884,303,BLAa,BLA,58,left,0
2885,2886,2,6845.16,5783.62,2651.3,0.32421875,2885,303,BLAa,BLA,58,left,0
2886,2887,2,6844.64,5782.28,2654.199999999999,0.48828125,2886,303,BLAa,BLA,58,left,0
2887,2888,2,6844.04,5780.900000000001,2656.34,0.296875,2887,303,BLAa,BLA,58,left,0
2888,2889,2,6843.06,5779.9800000000005,2658.4,0.54296875,2888,303,BLAa,BLA,58,left,0
2889,2890,2,6841.34,5779.5,2659.16,0.4609375,2889,303,BLAa,BLA,58,left,0
2890,2891,2,6839.84,5779.34,2660.1399999999994,0.59765625,2890,303,BLAa,BLA,58,left,0
2891,2892,2,6860.04,5773.24,2638.1800000000003,0.0078125,2774,303,BLAa,BLA,59,left,0
2892,2893,2,6858.360000000001,5775.18,2639.460000000001,0.54296875,2892,303,BLAa,BLA,59,left,0
2893,2894,2,6856.620000000001,5775.38,2640.119999999999,0.32421875,2893,303,BLAa,BLA,59,left,1
2894,2895,2,6678.84,6508.56,2884.400000000001,0.01171875,2798,327,BMAa,BMA,60,left,0
2895,2896,2,6677.820000000001,6510.8,2885.24,0.48828125,2895,327,BMAa,BMA,60,left,0
2896,2897,2,6676.98,6512.66,2885.9,0.32421875,2896,327,BMAa,BMA,60,left,0
2897,2898,2,6675.879999999999,6514.42,2886.4400000000005,0.3515625,2897,327,BMAa,BMA,60,left,0
2898,2899,2,6675.320000000001,6516.040000000001,2887.0599999999995,0.32421875,2898,327,BMAa,BMA,60,left,0
2899,2900,2,6675.04,6518.400000000001,2888.42,0.3515625,2899,327,BMAa,BMA,60,left,0
2900,2901,2,6674.08,6520.62,2888.74,0.19140625,2900,327,BMAa,BMA,60,left,0
2901,2902,2,6673.8,6523.3,2888.16,0.40625,2901,327,BMAa,BMA,60,left,0
2902,2903,2,6673.04,6525.4,2887.82,0.40625,2902,327,BMAa,BMA,60,left,0
2903,2904,2,6671.96,6527.380000000001,2887.7800000000007,0.1640625,2903,327,BMAa,BMA,60,left,0
2904,2905,2,6671.2,6530.02,2888.26,0.19140625,2904,327,BMAa,BMA,60,left,0
2905,2906,2,6670.119999999999,6531.639999999999,2888.6399999999994,0.40625,2905,327,BMAa,BMA,60,left,0
2906,2907,2,6670.48,6538.099999999999,2888.0600000000013,0.32421875,2906,327,BMAa,BMA,60,left,0
2907,2908,2,6670.700000000001,6540.56,2888.3600000000006,0.48828125,2907,327,BMAa,BMA,60,left,0
2908,2909,2,6670.42,6542.240000000001,2889.48,0.48828125,2908,327,BMAa,BMA,60,left,0
2909,2910,2,6669.42,6545.78,2889.3600000000006,0.00390625,2909,327,BMAa,BMA,60,left,0
2910,2911,2,6669.139999999999,6549.360000000001,2889.34,0.4609375,2910,327,BMAa,BMA,60,left,0
2911,2912,2,6668.540000000001,6551.52,2889.72,0.43359375,2911,327,BMAa,BMA,60,left,0
2912,2913,2,6668.68,6555.1,2890.2000000000007,0.19140625,2912,327,BMAa,BMA,60,left,0
2913,2914,2,6668.26,6557.799999999999,2890.539999999999,0.40625,2913,327,BMAa,BMA,60,left,0
2914,2915,2,6678.84,6508.22,2887.24,0.00390625,2798,327,BMAa,BMA,61,left,0
2915,2916,2,6678.42,6509.82,2888.08,0.54296875,2915,327,BMAa,BMA,61,left,0
2916,2917,2,6677.6,6511.32,2889.0599999999995,0.59765625,2916,327,BMAa,BMA,61,left,0
2917,2918,2,6676.08,6511.38,2889.98,0.515625,2917,327,BMAa,BMA,61,left,0
2918,2919,2,6675.62,6511.660000000001,2892.5,0.296875,2918,327,BMAa,BMA,61,left,0
2919,2920,2,6676.7,6512.56,2893.959999999999,0.6484375,2919,327,BMAa,BMA,61,left,0
2920,2921,2,6678.22,6513.139999999999,2894.640000000001,0.59765625,2920,327,BMAa,BMA,61,left,0
2921,2922,2,6679.360000000001,6513.84,2896.1000000000004,0.00390625,2921,327,BMAa,BMA,61,left,0
2922,2923,2,6680.22,6515.08,2898.24,0.37890625,2922,327,BMAa,BMA,61,left,0
2923,2924,2,6681.14,6516.4400000000005,2899.220000000001,0.4609375,2923,327,BMAa,BMA,61,left,0
2924,2925,2,6681.92,6519.18,2900.4,0.32421875,2924,327,BMAa,BMA,61,left,0
2925,2926,2,6682.219999999999,6521.82,2902.0599999999995,0.4609375,2925,327,BMAa,BMA,61,left,0
2926,2927,2,6681.34,6522.34,2903.540000000001,0.37890625,2926,327,BMAa,BMA,61,left,0
2927,2928,2,6679.880000000001,6522.9,2906.040000000001,0.3515625,2927,327,BMAa,BMA,61,left,0
2928,2929,2,6678.74,6523.4400000000005,2907.0200000000004,0.5703125,2928,327,BMAa,BMA,61,left,0
2929,2930,2,6678.56,6523.8,2909.42,0.32421875,2929,327,BMAa,BMA,61,left,0
2930,2931,2,6678.099999999999,6524.299999999999,2911.1000000000004,0.21484375,2930,327,BMAa,BMA,61,left,0
2931,2932,2,6678.06,6526.18,2913.379999999999,0.32421875,2931,327,BMAa,BMA,61,left,0
2932,2933,2,6677.6,6527.34,2914.58,0.515625,2932,327,BMAa,BMA,61,left,0
2933,2934,2,6676.1,6529.099999999999,2915.98,0.0078125,2933,327,BMAa,BMA,61,left,0
2934,2935,2,6676.02,6531.52,2917.8599999999988,0.54296875,2934,327,BMAa,BMA,61,left,0
2935,2936,2,6676.58,6533.04,2921.1800000000003,0.40625,2935,327,BMAa,BMA,61,left,0
2936,2937,2,6677.1,6534.34,2923.120000000001,0.32421875,2936,327,BMAa,BMA,61,left,0
2937,2938,2,6678.02,6534.9,2924.1800000000003,0.32421875,2937,327,BMAa,BMA,61,left,1
2938,2939,2,6341.799999999999,5988.76,3196.960000000001,0.2421875,2872,559,CEAm,CEA,62,left,0
2939,2940,2,6340.04,5987.240000000001,3197.540000000001,0.296875,2939,559,CEAm,CEA,62,left,0
2940,2941,2,6337.58,5986.52,3197.8599999999988,0.3515625,2940,559,CEAm,CEA,62,left,0
2941,2942,2,6336.92,5984.42,3198.74,0.21484375,2941,559,CEAm,CEA,62,left,0
2942,2943,2,6335.18,5982.68,3198.959999999999,0.43359375,2942,559,CEAm,CEA,62,left,0
2943,2944,2,6334.24,5979.62,3198.300000000001,0.26953125,2943,559,CEAm,CEA,62,left,0
2944,2945,2,6333.379999999999,5976.54,3198.74,0.37890625,2944,559,CEAm,CEA,62,left,0
2945,2946,2,6333.04,5972.98,3199.8,0.32421875,2945,559,CEAm,CEA,62,left,0
2946,2947,2,6332.36,5970.860000000001,3200.48,0.43359375,2946,559,CEAm,CEA,62,left,0
2947,2948,2,6331.36,5967.86,3201.5599999999995,0.4609375,2947,559,CEAm,CEA,62,left,0
2948,2949,2,6331.4,5964.92,3202.5200000000004,0.3515625,2948,559,CEAm,CEA,62,left,0
2949,2950,2,6331.26,5962.94,3203.7800000000007,0.296875,2949,559,CEAm,CEA,62,left,0
2950,2951,2,6329.400000000001,5962.179999999999,3204.58,0.40625,2950,559,CEAm,CEA,62,left,0
2951,2952,2,6328.139999999999,5961.26,3205.879999999999,0.32421875,2951,559,CEAm,CEA,62,left,0
2952,2953,2,6327.759999999999,5959.34,3207.1800000000003,0.40625,2952,559,CEAm,CEA,62,left,0
2953,2954,2,6327.68,5955.42,3207.48,0.2421875,2953,559,CEAm,CEA,62,left,0
2954,2955,2,6326.96,5950.98,3207.4400000000005,0.3515625,2954,559,CEAm,CEA,62,left,0
2955,2956,2,6325.879999999999,5948.32,3207.6800000000003,0.515625,2955,559,CEAm,CEA,62,left,0
2956,2957,2,6325.22,5945.320000000001,3208.1399999999994,0.43359375,2956,559,CEAm,CEA,62,left,0
2957,2958,2,6325.16,5942.1,3208.28,0.296875,2957,559,CEAm,CEA,62,left,0
2958,2959,2,6325.04,5939.740000000001,3208.12,0.4609375,2958,559,CEAm,CEA,62,left,0
2959,2960,2,6324.56,5935.280000000001,3206.900000000001,0.32421875,2959,559,CEAm,CEA,62,left,0
2960,2961,2,6324.44,5932.42,3206.699999999999,0.4609375,2960,559,CEAm,CEA,62,left,0
2961,2962,2,6324.42,5930.280000000001,3206.82,0.62109375,2961,559,CEAm,CEA,62,left,0
2962,2963,2,6324.46,5926.24,3207.3,0.19140625,2962,559,CEAm,CEA,62,left,0
2963,2964,2,6324.299999999999,5923.540000000001,3206.98,0.48828125,2963,559,CEAm,CEA,62,left,0
2964,2965,2,6324.26,5920.04,3207.119999999999,0.32421875,2964,559,CEAm,CEA,62,left,0
2965,2966,2,6324.32,5915.299999999999,3207.1800000000003,0.00390625,2965,559,CEAm,CEA,62,left,0
2966,2967,2,6325.0,5912.64,3207.22,0.37890625,2966,559,CEAm,CEA,62,left,0
2967,2968,2,6325.68,5907.54,3207.9400000000005,0.40625,2967,559,CEAm,CEA,62,left,0
2968,2969,2,6326.36,5905.62,3208.04,0.1640625,2968,559,CEAm,CEA,62,left,0
2969,2970,2,6326.52,5901.96,3208.2200000000003,0.43359375,2969,559,CEAm,CEA,62,left,0
2970,2971,2,6326.459999999999,5899.58,3208.1399999999994,0.48828125,2970,559,CEAm,CEA,62,left,0
2971,2972,2,6326.32,5895.72,3209.1399999999994,0.0078125,2971,559,CEAm,CEA,62,left,0
2972,2973,2,6325.0,5893.74,3210.3,0.2421875,2972,559,CEAm,CEA,62,left,0
2973,2974,2,6324.24,5892.64,3211.88,0.40625,2973,559,CEAm,CEA,62,left,0
2974,2975,2,6323.66,5890.839999999999,3213.7800000000007,0.32421875,2974,559,CEAm,CEA,62,left,0
2975,2976,2,6322.820000000001,5889.679999999999,3215.1400000000003,0.4609375,2975,559,CEAm,CEA,62,left,0
2976,2977,2,6322.56,5887.200000000001,3216.5200000000004,0.32421875,2976,559,CEAm,CEA,62,left,0
2977,2978,2,6321.36,5883.76,3217.84,0.4609375,2977,559,CEAm,CEA,62,left,0
2978,2979,2,6320.08,5881.88,3218.48,0.62109375,2978,559,CEAm,CEA,62,left,0
2979,2980,2,6319.539999999999,5880.42,3219.86,0.00390625,2979,559,CEAm,CEA,62,left,0
2980,2981,2,6318.18,5879.8,3221.7200000000003,0.2421875,2980,559,CEAm,CEA,62,left,0
2981,2982,2,6317.219999999999,5879.160000000001,3223.04,0.3515625,2981,559,CEAm,CEA,62,left,0
2982,2983,2,6315.280000000001,5878.7,3224.2200000000003,0.1640625,2982,559,CEAm,CEA,62,left,0
2983,2984,2,6314.58,5877.94,3225.6800000000003,0.4609375,2983,559,CEAm,CEA,62,left,0
2984,2985,2,6315.34,5877.039999999999,3226.5599999999995,0.015625,2984,559,CEAm,CEA,62,left,0
2985,2986,2,6314.48,5876.92,3227.7200000000003,0.62109375,2985,559,CEAm,CEA,62,left,0
2986,2987,2,6312.780000000001,5876.799999999999,3228.6000000000004,0.3515625,2986,559,CEAm,CEA,62,left,0
2987,2988,2,6311.68,5875.599999999999,3229.1800000000003,0.54296875,2987,559,CEAm,CEA,62,left,0
2988,2989,2,6311.42,5873.04,3229.72,0.40625,2988,559,CEAm,CEA,62,left,0
2989,2990,2,6310.1,5871.4400000000005,3229.880000000001,0.48828125,2989,559,CEAm,CEA,62,left,0
2990,2991,2,6309.38,5868.88,3229.76,0.5703125,2990,559,CEAm,CEA,62,left,0
2991,2992,2,6310.320000000001,5866.799999999999,3229.8,0.00390625,2991,559,CEAm,CEA,62,left,0
2992,2993,2,6310.16,5863.7,3228.8,0.32421875,2992,559,CEAm,CEA,62,left,0
2993,2994,2,6310.02,5860.76,3228.3600000000006,0.296875,2993,559,CEAm,CEA,62,left,0
2994,2995,2,6309.679999999999,5857.66,3227.34,0.21484375,2994,559,CEAm,CEA,62,left,0
2995,2996,2,6309.360000000001,5855.58,3226.3,0.59765625,2995,559,CEAm,CEA,62,left,0
2996,2997,2,6309.86,5853.68,3225.7200000000003,0.26953125,2996,559,CEAm,CEA,62,left,0
2997,2998,2,6311.4400000000005,5852.039999999999,3225.38,0.515625,2997,559,CEAm,CEA,62,left,0
2998,2999,2,6312.3,5850.04,3224.9400000000005,0.3515625,2998,559,CEAm,CEA,62,left,0
2999,3000,2,6312.34,5847.74,3225.1400000000003,0.62109375,2999,559,CEAm,CEA,62,left,0
3000,3001,2,6312.28,5844.34,3225.119999999999,0.4609375,3000,559,CEAm,CEA,62,left,0
3001,3002,2,6312.08,5841.92,3224.5600000000004,0.43359375,3001,559,CEAm,CEA,62,left,0
3002,3003,2,6311.88,5839.64,3223.32,0.00390625,3002,559,CEAm,CEA,62,left,0
3003,3004,2,6312.86,5837.7,3223.08,0.32421875,3003,559,CEAm,CEA,62,left,0
3004,3005,2,6313.66,5835.320000000001,3222.4400000000005,0.4609375,3004,559,CEAm,CEA,62,left,0
3005,3006,2,6315.14,5832.92,3221.74,0.40625,3005,559,CEAm,CEA,62,left,0
3006,3007,2,6315.599999999999,5829.64,3221.84,0.296875,3006,559,CEAm,CEA,62,left,0
3007,3008,2,6315.62,5827.16,3222.08,0.4609375,3007,559,CEAm,CEA,62,left,0
3008,3009,2,6315.4,5823.7,3221.459999999999,0.00390625,3008,559,CEAm,CEA,62,left,0
3009,3010,2,6316.16,5820.16,3220.62,0.59765625,3009,559,CEAm,CEA,62,left,0
3010,3011,2,6316.860000000001,5818.24,3219.6400000000003,0.48828125,3010,559,CEAm,CEA,62,left,0
3011,3012,2,6316.639999999999,5815.24,3218.379999999999,0.32421875,3011,559,CEAm,CEA,62,left,0
3012,3013,2,6316.860000000001,5812.619999999999,3217.3,0.48828125,3012,559,CEAm,CEA,62,left,0
3013,3014,2,6317.54,5811.219999999999,3215.8600000000006,0.296875,3013,559,CEAm,CEA,62,left,0
3014,3015,2,6317.179999999999,5810.06,3213.1399999999994,0.48828125,3014,559,CEAm,CEA,62,left,0
3015,3016,2,6316.4400000000005,5807.9,3210.1800000000003,0.43359375,3015,559,CEAm,CEA,62,left,0
3016,3017,2,6316.2,5805.02,3209.539999999999,0.32421875,3016,559,CEAm,CEA,62,left,0
3017,3018,2,6315.900000000001,5800.14,3209.7400000000007,0.296875,3017,559,CEAm,CEA,62,left,0
3018,3019,2,6314.8,5798.16,3209.38,0.21484375,3018,559,CEAm,CEA,62,left,0
3019,3020,2,6313.099999999999,5796.2,3208.2000000000007,0.32421875,3019,559,CEAm,CEA,62,left,0
3020,3021,2,6311.76,5794.08,3207.5,0.32421875,3020,559,CEAm,CEA,62,left,0
3021,3022,2,6310.66,5792.7,3206.380000000001,0.4609375,3021,559,CEAm,CEA,62,left,0
3022,3023,2,6310.299999999999,5790.38,3205.2000000000007,0.26953125,3022,559,CEAm,CEA,62,left,0
3023,3024,2,6310.119999999999,5787.4400000000005,3204.199999999999,0.48828125,3023,559,CEAm,CEA,62,left,0
3024,3025,2,6310.74,5786.0,3203.959999999999,0.3515625,3024,559,CEAm,CEA,62,left,0
3025,3026,2,6311.96,5783.28,3202.66,0.515625,3025,559,CEAm,CEA,62,left,0
3026,3027,2,6313.9400000000005,5781.68,3202.279999999999,0.43359375,3026,559,CEAm,CEA,62,left,0
3027,3028,2,6315.06,5780.78,3201.8600000000006,0.515625,3027,559,CEAm,CEA,62,left,0
3028,3029,2,6316.16,5779.64,3200.66,0.19140625,3028,559,CEAm,CEA,62,left,0
3029,3030,2,6317.32,5778.5,3199.5200000000004,0.4609375,3029,559,CEAm,CEA,62,left,0
3030,3031,2,6317.68,5776.94,3198.459999999999,0.40625,3030,559,CEAm,CEA,62,left,0
3031,3032,2,6318.9,5775.4,3197.26,0.4609375,3031,559,CEAm,CEA,62,left,0
3032,3033,2,6319.6,5774.139999999999,3196.5,0.37890625,3032,559,CEAm,CEA,62,left,0
3033,3034,2,6320.1,5772.34,3195.24,0.48828125,3033,559,CEAm,CEA,62,left,0
3034,3035,2,6321.1,5770.2,3194.7000000000007,0.43359375,3034,559,CEAm,CEA,62,left,0
3035,3036,2,6321.36,5767.4,3193.6399999999994,0.1640625,3035,559,CEAm,CEA,62,left,0
3036,3037,2,6320.78,5763.9400000000005,3191.7800000000007,0.32421875,3036,559,CEAm,CEA,62,left,0
3037,3038,2,6320.14,5761.4,3190.6800000000003,0.43359375,3037,559,CEAm,CEA,62,left,0
3038,3039,2,6319.299999999999,5759.28,3190.2000000000007,0.43359375,3038,559,CEAm,CEA,62,left,0
3039,3040,2,6319.139999999999,5755.66,3190.0599999999995,0.67578125,3039,559,CEAm,CEA,62,left,0
3040,3041,2,6319.9,5753.4400000000005,3189.880000000001,0.00390625,3040,559,CEAm,CEA,62,left,0
3041,3042,2,6320.16,5750.0,3189.58,0.4609375,3041,559,CEAm,CEA,62,left,0
3042,3043,2,6319.82,5746.54,3188.880000000001,0.40625,3042,559,CEAm,CEA,62,left,0
3043,3044,2,6318.540000000001,5744.880000000001,3188.039999999999,0.4609375,3043,559,CEAm,CEA,62,left,0
3044,3045,2,6316.4800000000005,5742.58,3186.6399999999994,0.515625,3044,559,CEAm,CEA,62,left,0
3045,3046,2,6315.06,5740.879999999999,3186.22,0.296875,3045,559,CEAm,CEA,62,left,0
3046,3047,2,6314.6,5738.22,3185.539999999999,0.37890625,3046,559,CEAm,CEA,62,left,0
3047,3048,2,6315.04,5735.82,3184.880000000001,0.54296875,3047,559,CEAm,CEA,62,left,0
3048,3049,2,6316.4800000000005,5734.84,3183.76,0.515625,3048,559,CEAm,CEA,62,left,0
3049,3050,2,6317.039999999999,5734.139999999999,3182.540000000001,0.59765625,3049,559,CEAm,CEA,62,left,0
3050,3051,2,6318.360000000001,5731.06,3181.2000000000007,0.3515625,3050,559,CEAm,CEA,62,left,0
3051,3052,2,6318.88,5728.74,3180.380000000001,0.48828125,3051,559,CEAm,CEA,62,left,0
3052,3053,2,6320.16,5726.92,3180.34,0.21484375,3052,559,CEAm,CEA,62,left,0
3053,3054,2,6321.34,5724.22,3180.1800000000003,0.32421875,3053,559,CEAm,CEA,62,left,0
3054,3055,2,6322.36,5722.4800000000005,3179.26,0.3515625,3054,559,CEAm,CEA,62,left,0
3055,3056,2,6322.74,5721.639999999999,3177.380000000001,0.26953125,3055,559,CEAm,CEA,62,left,0
3056,3057,2,6324.0,5721.06,3176.58,0.00390625,3056,559,CEAm,CEA,62,left,0
3057,3058,2,6324.26,5718.02,3176.26,0.515625,3057,559,CEAm,CEA,62,left,0
3058,3059,2,6325.04,5715.320000000001,3175.98,0.32421875,3058,559,CEAm,CEA,62,left,0
3059,3060,2,6325.8,5713.62,3174.74,0.26953125,3059,559,CEAm,CEA,62,left,0
3060,3061,2,6326.0,5711.860000000001,3173.2000000000007,0.43359375,3060,559,CEAm,CEA,62,left,0
3061,3062,2,6327.26,5710.320000000001,3172.48,0.40625,3061,559,CEAm,CEA,62,left,0
3062,3063,2,6328.46,5708.48,3171.7800000000007,0.32421875,3062,559,CEAm,CEA,62,left,0
3063,3064,2,6329.84,5707.219999999999,3171.0,0.32421875,3063,559,CEAm,CEA,62,left,0
3064,3065,2,6330.299999999999,5706.040000000001,3169.9,0.1640625,3064,559,CEAm,CEA,62,left,0
3065,3066,2,6330.5,5704.62,3168.5200000000004,0.32421875,3065,559,CEAm,CEA,62,left,0
3066,3067,2,6331.34,5703.139999999999,3167.26,0.19140625,3066,559,CEAm,CEA,62,left,0
3067,3068,2,6331.32,5701.7,3165.9400000000005,0.515625,3067,559,CEAm,CEA,62,left,0
3068,3069,2,6331.280000000001,5699.6,3164.8,0.37890625,3068,559,CEAm,CEA,62,left,0
3069,3070,2,6331.72,5698.200000000001,3163.9400000000005,0.3515625,3069,559,CEAm,CEA,62,left,0
3070,3071,2,6331.900000000001,5696.98,3162.84,0.00390625,3070,559,CEAm,CEA,62,left,0
3071,3072,2,6333.68,5696.42,3162.119999999999,0.48828125,3071,559,CEAm,CEA,62,left,0
3072,3073,2,6335.02,5695.74,3161.08,0.48828125,3072,559,CEAm,CEA,62,left,0
3073,3074,2,6337.6,5695.0,3160.34,0.32421875,3073,559,CEAm,CEA,62,left,0
3074,3075,2,6339.42,5694.52,3160.0,1.0546875,3074,559,CEAm,CEA,62,left,0
3075,3076,2,6339.48,5691.68,3159.24,0.48828125,3075,559,CEAm,CEA,62,left,0
3076,3077,2,6339.44,5689.34,3158.66,0.59765625,3076,559,CEAm,CEA,62,left,0
3077,3078,2,6340.76,5687.960000000001,3158.0600000000013,0.32421875,3077,559,CEAm,CEA,62,left,0
3078,3079,2,6341.7,5686.639999999999,3156.900000000001,0.32421875,3078,559,CEAm,CEA,62,left,0
3079,3080,2,6342.02,5685.879999999999,3156.4400000000005,0.03515625,3079,559,CEAm,CEA,62,left,0
3080,3081,2,6341.24,5683.4400000000005,3154.8600000000006,0.32421875,3080,559,CEAm,CEA,62,left,0
3081,3082,2,6340.320000000001,5681.280000000001,3153.84,0.40625,3081,559,CEAm,CEA,62,left,0
3082,3083,2,6339.099999999999,5678.92,3150.2800000000007,0.32421875,3082,559,CEAm,CEA,62,left,0
3083,3084,2,6338.9,5678.62,3148.92,0.40625,3083,559,CEAm,CEA,62,left,0
3084,3085,2,6339.9400000000005,5678.0,3147.6800000000003,0.515625,3084,559,CEAm,CEA,62,left,0
3085,3086,2,6340.58,5675.900000000001,3146.720000000001,0.4609375,3085,559,CEAm,CEA,62,left,0
3086,3087,2,6341.76,5673.62,3145.5600000000013,0.40625,3086,559,CEAm,CEA,62,left,0
3087,3088,2,6342.0,5672.380000000001,3145.0200000000004,0.0234375,3087,559,CEAm,CEA,62,left,0
3088,3089,2,6342.380000000001,5667.5,3145.779999999999,0.4609375,3088,559,CEAm,CEA,62,left,0
3089,3090,2,6342.36,5664.9,3145.82,0.26953125,3089,559,CEAm,CEA,62,left,0
3090,3091,2,6341.459999999999,5663.06,3144.8600000000006,0.37890625,3090,559,CEAm,CEA,62,left,0
3091,3092,2,6340.56,5659.92,3142.619999999999,0.40625,3091,559,CEAm,CEA,62,left,0
3092,3093,2,6340.900000000001,5657.9,3141.34,0.32421875,3092,559,CEAm,CEA,62,left,0
3093,3094,2,6340.96,5654.9800000000005,3140.32,0.26953125,3093,559,CEAm,CEA,62,left,0
3094,3095,2,6340.92,5651.74,3140.5999999999985,0.21484375,3094,559,CEAm,CEA,62,left,0
3095,3096,2,6340.48,5649.78,3141.2800000000007,0.48828125,3095,559,CEAm,CEA,62,left,0
3096,3097,2,6338.86,5647.7,3141.4400000000005,0.0078125,3096,559,CEAm,CEA,62,left,0
3097,3098,2,6337.5,5645.34,3142.0599999999995,0.26953125,3097,559,CEAm,CEA,62,left,0
3098,3099,2,6337.3,5642.780000000001,3141.66,0.4609375,3098,559,CEAm,CEA,62,left,0
3099,3100,2,6336.799999999999,5639.38,3139.84,0.32421875,3099,559,CEAm,CEA,62,left,0
3100,3101,2,6336.82,5637.7,3138.32,0.515625,3100,559,CEAm,CEA,62,left,0
3101,3102,2,6337.179999999999,5636.660000000001,3136.7800000000007,0.37890625,3101,559,CEAm,CEA,62,left,0
3102,3103,2,6338.400000000001,5635.52,3135.48,0.32421875,3102,559,CEAm,CEA,62,left,0
3103,3104,2,6340.34,5634.26,3134.880000000001,0.3515625,3103,559,CEAm,CEA,62,left,0
3104,3105,2,6341.52,5632.219999999999,3134.3,0.32421875,3104,559,CEAm,CEA,62,left,0
3105,3106,2,6343.42,5629.26,3132.82,0.40625,3105,559,CEAm,CEA,62,left,0
3106,3107,2,6344.400000000001,5627.5,3131.7800000000007,0.32421875,3106,559,CEAm,CEA,62,left,0
3107,3108,2,6343.8,5624.62,3131.2000000000007,0.62109375,3107,559,CEAm,CEA,62,left,0
3108,3109,2,6343.46,5621.42,3131.0200000000004,0.48828125,3108,559,CEAm,CEA,62,left,0
3109,3110,2,6343.56,5617.74,3130.92,0.2421875,3109,559,CEAm,CEA,62,left,0
3110,3111,2,6343.56,5615.48,3130.6399999999994,0.59765625,3110,559,CEAm,CEA,62,left,0
3111,3112,2,6343.88,5613.3,3129.0599999999995,0.19140625,3111,559,CEAm,CEA,62,left,0
3112,3113,2,6344.539999999999,5611.4800000000005,3127.6399999999994,0.19140625,3112,559,CEAm,CEA,62,left,0
3113,3114,2,6344.76,5607.820000000001,3126.620000000001,0.48828125,3113,559,CEAm,CEA,62,left,0
3114,3115,2,6344.78,5605.24,3125.6399999999994,0.43359375,3114,559,CEAm,CEA,62,left,0
3115,3116,2,6346.0,5603.719999999999,3124.34,0.40625,3115,551,CEAl,CEA,62,left,0
3116,3117,2,6347.240000000001,5602.1,3123.279999999999,0.26953125,3116,551,CEAl,CEA,62,left,0
3117,3118,2,6347.16,5599.120000000001,3122.7000000000007,0.37890625,3117,551,CEAl,CEA,62,left,0
3118,3119,2,6346.94,5596.54,3121.699999999999,0.62109375,3118,551,CEAl,CEA,62,left,0
3119,3120,2,6346.459999999999,5595.119999999999,3120.1000000000004,0.00390625,3119,551,CEAl,CEA,62,left,0
3120,3121,2,6346.06,5593.360000000001,3118.66,0.2421875,3120,551,CEAl,CEA,62,left,0
3121,3122,2,6346.0,5591.08,3117.3,0.32421875,3121,551,CEAl,CEA,62,left,0
3122,3123,2,6346.52,5589.58,3116.5,0.40625,3122,551,CEAl,CEA,62,left,0
3123,3124,2,6346.620000000001,5586.860000000001,3116.119999999999,0.43359375,3123,551,CEAl,CEA,62,left,0
3124,3125,2,6346.54,5584.02,3115.5200000000004,0.48828125,3124,551,CEAl,CEA,62,left,0
3125,3126,2,6346.799999999999,5582.14,3115.66,0.37890625,3125,551,CEAl,CEA,62,left,0
3126,3127,2,6347.5,5580.900000000001,3114.82,0.73046875,3126,551,CEAl,CEA,62,left,0
3127,3128,2,6347.4800000000005,5578.48,3113.8600000000006,0.3515625,3127,551,CEAl,CEA,62,left,0
3128,3129,2,6348.08,5576.36,3112.8,0.515625,3128,551,CEAl,CEA,62,left,0
3129,3130,2,6348.3,5573.64,3111.720000000001,0.43359375,3129,551,CEAl,CEA,62,left,0
3130,3131,2,6349.360000000001,5570.9400000000005,3110.779999999999,0.32421875,3130,551,CEAl,CEA,62,left,0
3131,3132,2,6349.76,5569.64,3109.84,0.296875,3131,551,CEAl,CEA,62,left,0
3132,3133,2,6349.9800000000005,5567.200000000001,3108.08,0.2421875,3132,551,CEAl,CEA,62,left,0
3133,3134,2,6350.78,5565.599999999999,3107.0200000000004,0.40625,3133,551,CEAl,CEA,62,left,0
3134,3135,2,6350.9400000000005,5563.4400000000005,3105.6800000000003,0.37890625,3134,551,CEAl,CEA,62,left,0
3135,3136,2,6350.76,5560.9400000000005,3104.82,0.32421875,3135,551,CEAl,CEA,62,left,0
3136,3137,2,6351.040000000001,5556.72,3103.48,0.26953125,3136,551,CEAl,CEA,62,left,0
3137,3138,2,6352.179999999999,5554.9,3102.48,0.32421875,3137,551,CEAl,CEA,62,left,0
3138,3139,2,6352.16,5552.36,3100.6800000000003,0.32421875,3138,551,CEAl,CEA,62,left,0
3139,3140,2,6352.619999999999,5550.96,3099.84,0.26953125,3139,551,CEAl,CEA,62,left,0
3140,3141,2,6353.22,5548.46,3097.880000000001,0.32421875,3140,551,CEAl,CEA,62,left,0
3141,3142,2,6354.06,5546.98,3096.879999999999,0.43359375,3141,551,CEAl,CEA,62,left,0
3142,3143,2,6354.42,5544.400000000001,3095.48,0.4609375,3142,551,CEAl,CEA,62,left,0
3143,3144,2,6354.84,5543.339999999999,3094.460000000001,0.32421875,3143,551,CEAl,CEA,62,left,0
3144,3145,2,6355.1,5540.839999999999,3092.42,0.37890625,3144,551,CEAl,CEA,62,left,0
3145,3146,2,6356.1,5539.08,3091.119999999999,0.515625,3145,551,CEAl,CEA,62,left,0
3146,3147,2,6356.3,5536.72,3090.539999999999,0.48828125,3146,551,CEAl,CEA,62,left,0
3147,3148,2,6358.06,5535.98,3089.9400000000005,0.02734375,3147,551,CEAl,CEA,62,left,0
3148,3149,2,6358.719999999999,5533.360000000001,3088.5,0.32421875,3148,551,CEAl,CEA,62,left,0
3149,3150,2,6359.52,5531.58,3087.0599999999995,0.296875,3149,551,CEAl,CEA,62,left,0
3150,3151,2,6359.96,5529.92,3085.24,0.32421875,3150,551,CEAl,CEA,62,left,0
3151,3152,2,6360.9400000000005,5528.76,3083.6000000000004,0.43359375,3151,551,CEAl,CEA,62,left,0
3152,3153,2,6361.660000000001,5527.34,3082.119999999999,0.26953125,3152,551,CEAl,CEA,62,left,0
3153,3154,2,6362.58,5524.78,3080.779999999999,0.43359375,3153,551,CEAl,CEA,62,left,0
3154,3155,2,6364.22,5521.799999999999,3079.76,0.3515625,3154,551,CEAl,CEA,62,left,0
3155,3156,2,6365.14,5520.299999999999,3078.6800000000003,0.43359375,3155,551,CEAl,CEA,62,left,0
3156,3157,2,6365.900000000001,5517.52,3077.1000000000004,0.40625,3156,551,CEAl,CEA,62,left,0
3157,3158,2,6366.660000000001,5515.119999999999,3076.1399999999994,0.32421875,3157,551,CEAl,CEA,62,left,0
3158,3159,2,6367.780000000001,5513.0,3075.16,0.703125,3158,551,CEAl,CEA,62,left,0
3159,3160,2,6368.86,5511.54,3074.199999999999,0.01171875,3159,551,CEAl,CEA,62,left,0
3160,3161,2,6369.44,5508.9,3073.5,0.32421875,3160,551,CEAl,CEA,62,left,0
3161,3162,2,6370.22,5507.619999999999,3072.619999999999,0.1640625,3161,551,CEAl,CEA,62,left,0
3162,3163,2,6371.0,5505.96,3071.0200000000004,0.32421875,3162,551,CEAl,CEA,62,left,0
3163,3164,2,6371.799999999999,5503.26,3068.76,0.26953125,3163,551,CEAl,CEA,62,left,0
3164,3165,2,6372.619999999999,5501.599999999999,3067.880000000001,0.296875,3164,551,CEAl,CEA,62,left,0
3165,3166,2,6373.84,5499.82,3066.3600000000006,0.296875,3165,551,CEAl,CEA,62,left,0
3166,3167,2,6374.9800000000005,5498.76,3065.4,0.48828125,3166,551,CEAl,CEA,62,left,0
3167,3168,2,6375.44,5496.52,3064.4399999999987,0.40625,3167,551,CEAl,CEA,62,left,0
3168,3169,2,6376.06,5495.14,3063.300000000001,0.62109375,3168,551,CEAl,CEA,62,left,0
3169,3170,2,6377.820000000001,5494.06,3061.900000000001,0.37890625,3169,551,CEAl,CEA,62,left,0
3170,3171,2,6378.46,5493.099999999999,3060.92,0.4609375,3170,551,CEAl,CEA,62,left,0
3171,3172,2,6378.3,5491.2,3059.460000000001,0.48828125,3171,551,CEAl,CEA,62,left,0
3172,3173,2,6378.8,5489.44,3057.1800000000003,0.26953125,3172,551,CEAl,CEA,62,left,0
3173,3174,2,6379.2,5488.400000000001,3055.0599999999995,0.8125,3173,551,CEAl,CEA,62,left,0
3174,3175,2,6379.28,5487.960000000001,3053.5,0.015625,3174,551,CEAl,CEA,62,left,0
3175,3176,2,6380.700000000001,5487.9,3052.3600000000006,0.4609375,3175,551,CEAl,CEA,62,left,0
3176,3177,2,6381.88,5487.66,3050.0200000000004,0.1640625,3176,551,CEAl,CEA,62,left,0
3177,3178,2,6382.84,5486.96,3048.48,0.4609375,3177,551,CEAl,CEA,62,left,0
3178,3179,2,6384.2,5485.18,3047.1000000000004,0.48828125,3178,551,CEAl,CEA,62,left,0
3179,3180,2,6385.34,5483.400000000001,3046.1000000000004,0.1640625,3179,551,CEAl,CEA,62,left,0
3180,3181,2,6385.62,5481.58,3044.66,0.32421875,3180,551,CEAl,CEA,62,left,0
3181,3182,2,6385.66,5479.86,3043.84,0.4609375,3181,551,CEAl,CEA,62,left,0
3182,3183,2,6386.620000000001,5478.8,3043.459999999999,0.43359375,3182,551,CEAl,CEA,62,left,0
3183,3184,2,6387.46,5476.599999999999,3041.8600000000006,0.32421875,3183,551,CEAl,CEA,62,left,0
3184,3185,2,6387.84,5474.58,3040.3599999999988,0.48828125,3184,551,CEAl,CEA,62,left,0
3185,3186,2,6388.64,5472.619999999999,3038.4,0.296875,3185,551,CEAl,CEA,62,left,0
3186,3187,2,6388.959999999999,5470.860000000001,3037.16,0.32421875,3186,551,CEAl,CEA,62,left,0
3187,3188,2,6389.9,5469.18,3035.66,0.32421875,3187,551,CEAl,CEA,62,left,0
3188,3189,2,6390.460000000001,5467.36,3034.0200000000004,0.296875,3188,551,CEAl,CEA,62,left,0
3189,3190,2,6391.599999999999,5466.459999999999,3032.9400000000005,0.43359375,3189,551,CEAl,CEA,62,left,0
3190,3191,2,6392.619999999999,5464.96,3031.58,0.32421875,3190,551,CEAl,CEA,62,left,0
3191,3192,2,6393.56,5463.64,3030.779999999999,0.32421875,3191,551,CEAl,CEA,62,left,0
3192,3193,2,6393.9800000000005,5460.54,3029.880000000001,0.40625,3192,551,CEAl,CEA,62,left,0
3193,3194,2,6394.8,5458.9400000000005,3029.1399999999994,0.59765625,3193,551,CEAl,CEA,62,left,0
3194,3195,2,6395.82,5457.54,3027.8,0.37890625,3194,551,CEAl,CEA,62,left,0
3195,3196,2,6397.200000000001,5455.8,3026.4,0.32421875,3195,551,CEAl,CEA,62,left,0
3196,3197,2,6397.84,5454.38,3025.380000000001,0.26953125,3196,551,CEAl,CEA,62,left,0
3197,3198,2,6398.52,5451.7,3024.5,0.32421875,3197,551,CEAl,CEA,62,left,0
3198,3199,2,6399.76,5450.68,3023.84,0.515625,3198,551,CEAl,CEA,62,left,0
3199,3200,2,6400.44,5448.339999999999,3022.6000000000004,0.515625,3199,551,CEAl,CEA,62,left,0
3200,3201,2,6400.9400000000005,5447.240000000001,3021.8,0.59765625,3200,551,CEAl,CEA,62,left,0
3201,3202,2,6401.459999999999,5446.34,3019.2800000000007,0.01171875,3201,551,CEAl,CEA,62,left,0
3202,3203,2,6402.0,5444.46,3016.6399999999994,0.2421875,3202,551,CEAl,CEA,62,left,0
3203,3204,2,6402.46,5442.34,3015.2000000000007,0.32421875,3203,551,CEAl,CEA,62,left,0
3204,3205,2,6402.780000000001,5440.1,3013.379999999999,0.6484375,3204,551,CEAl,CEA,62,left,0
3205,3206,2,6403.26,5438.9400000000005,3012.6399999999994,0.48828125,3205,551,CEAl,CEA,62,left,0
3206,3207,2,6404.08,5437.08,3011.1399999999994,0.4609375,3206,551,CEAl,CEA,62,left,0
3207,3208,2,6404.92,5435.9400000000005,3009.880000000001,0.296875,3207,551,CEAl,CEA,62,left,0
3208,3209,2,6405.320000000001,5434.6,3008.4,0.19140625,3208,551,CEAl,CEA,62,left,0
3209,3210,2,6405.36,5432.799999999999,3006.84,0.37890625,3209,551,CEAl,CEA,62,left,0
3210,3211,2,6405.22,5429.84,3004.72,0.515625,3210,551,CEAl,CEA,62,left,0
3211,3212,2,6405.68,5428.9800000000005,3003.76,0.48828125,3211,551,CEAl,CEA,62,left,0
3212,3213,2,6405.52,5426.82,3002.3,0.59765625,3212,551,CEAl,CEA,62,left,0
3213,3214,2,6405.36,5425.1,3001.040000000001,0.32421875,3213,551,CEAl,CEA,62,left,0
3214,3215,2,6405.92,5423.9400000000005,3000.040000000001,0.26953125,3214,551,CEAl,CEA,62,left,0
3215,3216,2,6406.38,5422.3,2998.22,0.3515625,3215,551,CEAl,CEA,62,left,0
3216,3217,2,6406.459999999999,5420.76,2996.5599999999995,0.8125,3216,551,CEAl,CEA,62,left,0
3217,3218,2,6405.98,5419.099999999999,2994.619999999999,0.00390625,3217,551,CEAl,CEA,62,left,0
3218,3219,2,6405.4,5416.620000000001,2992.08,0.515625,3218,551,CEAl,CEA,62,left,0
3219,3220,2,6405.48,5414.76,2990.620000000001,0.3515625,3219,551,CEAl,CEA,62,left,0
3220,3221,2,6405.900000000001,5413.16,2989.5,0.3515625,3220,551,CEAl,CEA,62,left,0
3221,3222,2,6405.879999999999,5410.52,2987.8599999999988,0.32421875,3221,551,CEAl,CEA,62,left,0
3222,3223,2,6406.68,5409.32,2986.76,0.4609375,3222,551,CEAl,CEA,62,left,0
3223,3224,2,6407.32,5407.84,2985.460000000001,0.32421875,3223,551,CEAl,CEA,62,left,0
3224,3225,2,6408.18,5406.12,2983.76,0.26953125,3224,551,CEAl,CEA,62,left,0
3225,3226,2,6408.6,5404.84,2982.459999999999,0.296875,3225,551,CEAl,CEA,62,left,0
3226,3227,2,6408.4400000000005,5403.46,2979.880000000001,0.48828125,3226,551,CEAl,CEA,62,left,0
3227,3228,2,6409.26,5402.12,2977.8599999999988,0.515625,3227,551,CEAl,CEA,62,left,0
3228,3229,2,6410.56,5400.860000000001,2976.2000000000007,0.48828125,3228,551,CEAl,CEA,62,left,0
3229,3230,2,6410.92,5399.24,2974.2800000000007,0.32421875,3229,551,CEAl,CEA,62,left,0
3230,3231,2,6412.54,5397.86,2973.1800000000003,0.40625,3230,551,CEAl,CEA,62,left,0
3231,3232,2,6414.48,5396.219999999999,2971.720000000001,0.515625,3231,551,CEAl,CEA,62,left,0
3232,3233,2,6415.8,5394.160000000001,2970.9,0.48828125,3232,551,CEAl,CEA,62,left,0
3233,3234,2,6416.36,5391.74,2969.9,0.32421875,3233,551,CEAl,CEA,62,left,0
3234,3235,2,6417.56,5389.64,2967.24,0.43359375,3234,551,CEAl,CEA,62,left,0
3235,3236,2,6418.24,5387.88,2965.119999999999,0.48828125,3235,551,CEAl,CEA,62,left,0
3236,3237,2,6419.06,5386.4400000000005,2963.959999999999,0.296875,3236,551,CEAl,CEA,62,left,0
3237,3238,2,6420.22,5384.26,2962.9,0.48828125,3237,551,CEAl,CEA,62,left,0
3238,3239,2,6421.92,5382.799999999999,2962.4,0.19140625,3238,551,CEAl,CEA,62,left,0
3239,3240,2,6422.619999999999,5380.36,2961.48,0.32421875,3239,551,CEAl,CEA,62,left,0
3240,3241,2,6422.84,5378.46,2960.24,0.40625,3240,551,CEAl,CEA,62,left,0
3241,3242,2,6423.719999999999,5376.860000000001,2959.199999999999,0.48828125,3241,551,CEAl,CEA,62,left,0
3242,3243,2,6425.04,5374.84,2958.300000000001,0.296875,3242,551,CEAl,CEA,62,left,0
3243,3244,2,6425.48,5372.72,2957.7800000000007,0.5703125,3243,551,CEAl,CEA,62,left,0
3244,3245,2,6426.620000000001,5370.839999999999,2957.4400000000005,0.43359375,3244,551,CEAl,CEA,62,left,0
3245,3246,2,6428.099999999999,5369.0,2955.9400000000005,0.26953125,3245,551,CEAl,CEA,62,left,0
3246,3247,2,6429.400000000001,5367.28,2955.0,0.2421875,3246,551,CEAl,CEA,62,left,0
3247,3248,2,6429.539999999999,5364.719999999999,2953.959999999999,0.0078125,3247,551,CEAl,CEA,62,left,0
3248,3249,2,6430.259999999999,5363.16,2952.84,0.5703125,3248,551,CEAl,CEA,62,left,0
3249,3250,2,6430.36,5360.860000000001,2951.08,0.26953125,3249,551,CEAl,CEA,62,left,0
3250,3251,2,6430.700000000001,5359.78,2949.48,0.48828125,3250,551,CEAl,CEA,62,left,0
3251,3252,2,6431.24,5358.32,2948.1800000000003,0.2421875,3251,551,CEAl,CEA,62,left,0
3252,3253,2,6433.4400000000005,5355.96,2946.720000000001,0.4609375,3252,551,CEAl,CEA,62,left,0
3253,3254,2,6434.24,5354.24,2945.26,0.2421875,3253,551,CEAl,CEA,62,left,0
3254,3255,2,6434.360000000001,5352.28,2944.040000000001,0.43359375,3254,551,CEAl,CEA,62,left,0
3255,3256,2,6434.92,5350.1,2943.5599999999995,0.40625,3255,551,CEAl,CEA,62,left,0
3256,3257,2,6435.639999999999,5348.26,2942.960000000001,0.32421875,3256,551,CEAl,CEA,62,left,0
3257,3258,2,6437.06,5345.74,2941.08,0.3515625,3257,551,CEAl,CEA,62,left,0
3258,3259,2,6437.759999999999,5343.9400000000005,2939.460000000001,0.32421875,3258,551,CEAl,CEA,62,left,0
3259,3260,2,6438.099999999999,5341.84,2937.5200000000004,0.2421875,3259,551,CEAl,CEA,62,left,0
3260,3261,2,6439.139999999999,5340.639999999999,2936.4,0.26953125,3260,551,CEAl,CEA,62,left,0
3261,3262,2,6440.14,5338.46,2935.24,0.19140625,3261,551,CEAl,CEA,62,left,0
3262,3263,2,6441.18,5336.54,2934.379999999999,0.32421875,3262,551,CEAl,CEA,62,left,0
3263,3264,2,6441.639999999999,5335.280000000001,2933.0600000000013,0.54296875,3263,551,CEAl,CEA,62,left,0
3264,3265,2,6442.02,5333.3,2931.98,0.54296875,3264,551,CEAl,CEA,62,left,0
3265,3266,2,6442.64,5331.26,2931.119999999999,0.48828125,3265,551,CEAl,CEA,62,left,0
3266,3267,2,6443.56,5330.5,2930.5,0.3515625,3266,551,CEAl,CEA,62,left,0
3267,3268,2,6443.64,5327.58,2929.199999999999,0.00390625,3267,551,CEAl,CEA,62,left,0
3268,3269,2,6444.46,5325.259999999999,2927.8,0.1640625,3268,551,CEAl,CEA,62,left,0
3269,3270,2,6445.0,5323.719999999999,2926.620000000001,0.2421875,3269,551,CEAl,CEA,62,left,0
3270,3271,2,6445.24,5321.660000000001,2925.42,0.62109375,3270,551,CEAl,CEA,62,left,0
3271,3272,2,6445.639999999999,5320.639999999999,2924.220000000001,0.26953125,3271,551,CEAl,CEA,62,left,0
3272,3273,2,6445.8,5318.68,2922.7000000000007,0.40625,3272,551,CEAl,CEA,62,left,0
3273,3274,2,6445.48,5315.299999999999,2920.0200000000004,0.21484375,3273,551,CEAl,CEA,62,left,0
3274,3275,2,6445.839999999999,5313.52,2918.379999999999,0.1640625,3274,551,CEAl,CEA,62,left,0
3275,3276,2,6445.92,5311.32,2916.5599999999995,0.3515625,3275,551,CEAl,CEA,62,left,0
3276,3277,2,6445.82,5309.18,2915.1000000000004,0.40625,3276,551,CEAl,CEA,62,left,0
3277,3278,2,6446.4400000000005,5307.6,2914.42,0.3515625,3277,551,CEAl,CEA,62,left,0
3278,3279,2,6446.3,5304.700000000001,2912.5200000000004,0.32421875,3278,551,CEAl,CEA,62,left,0
3279,3280,2,6445.62,5303.08,2911.699999999999,0.37890625,3279,551,CEAl,CEA,62,left,0
3280,3281,2,6445.98,5301.16,2910.5,0.32421875,3280,551,CEAl,CEA,62,left,0
3281,3282,2,6446.34,5298.64,2909.199999999999,0.4609375,3281,551,CEAl,CEA,62,left,0
3282,3283,2,6446.860000000001,5297.0,2908.0200000000004,0.2421875,3282,551,CEAl,CEA,62,left,0
3283,3284,2,6447.219999999999,5294.38,2907.2000000000007,0.3515625,3283,551,CEAl,CEA,62,left,0
3284,3285,2,6446.36,5292.72,2907.0,0.00390625,3284,551,CEAl,CEA,62,left,0
3285,3286,2,6446.18,5290.5,2907.119999999999,0.21484375,3285,551,CEAl,CEA,62,left,0
3286,3287,2,6444.719999999999,5289.56,2906.42,0.7578125,3286,551,CEAl,CEA,62,left,0
3287,3288,2,6443.400000000001,5287.7,2906.22,0.40625,3287,551,CEAl,CEA,62,left,0
3288,3289,2,6443.04,5285.36,2906.08,0.21484375,3288,551,CEAl,CEA,62,left,0
3289,3290,2,6442.58,5283.360000000001,2906.4,0.1640625,3289,551,CEAl,CEA,62,left,0
3290,3291,2,6441.92,5281.56,2906.0200000000004,0.48828125,3290,551,CEAl,CEA,62,left,0
3291,3292,2,6440.860000000001,5280.16,2906.4,0.21484375,3291,551,CEAl,CEA,62,left,0
3292,3293,2,6440.879999999999,5277.66,2906.5599999999995,0.296875,3292,551,CEAl,CEA,62,left,0
3293,3294,2,6440.76,5276.3,2905.5600000000013,0.296875,3293,551,CEAl,CEA,62,left,0
3294,3295,2,6440.74,5274.66,2904.880000000001,0.48828125,3294,551,CEAl,CEA,62,left,0
3295,3296,2,6440.879999999999,5272.06,2905.040000000001,0.3515625,3295,551,CEAl,CEA,62,left,0
3296,3297,2,6440.38,5270.320000000001,2905.08,0.48828125,3296,551,CEAl,CEA,62,left,0
3297,3298,2,6440.18,5268.339999999999,2904.6800000000003,0.32421875,3297,551,CEAl,CEA,62,left,0
3298,3299,2,6440.04,5267.08,2903.66,0.54296875,3298,551,CEAl,CEA,62,left,0
3299,3300,2,6439.64,5265.14,2901.3600000000006,0.296875,3299,551,CEAl,CEA,62,left,0
3300,3301,2,6439.539999999999,5262.799999999999,2900.08,0.296875,3300,551,CEAl,CEA,62,left,0
3301,3302,2,6439.400000000001,5260.78,2900.620000000001,0.19140625,3301,551,CEAl,CEA,62,left,0
3302,3303,2,6438.58,5259.139999999999,2902.039999999999,0.26953125,3302,551,CEAl,CEA,62,left,0
3303,3304,2,6438.48,5257.26,2902.459999999999,0.296875,3303,551,CEAl,CEA,62,left,0
3304,3305,2,6438.46,5255.82,2901.8,0.515625,3304,551,CEAl,CEA,62,left,0
3305,3306,2,6438.5,5253.86,2900.16,0.1640625,3305,551,CEAl,CEA,62,left,0
3306,3307,2,6439.64,5252.219999999999,2899.539999999999,0.43359375,3306,551,CEAl,CEA,62,left,0
3307,3308,2,6440.639999999999,5249.719999999999,2899.3,0.3515625,3307,551,CEAl,CEA,62,left,0
3308,3309,2,6441.54,5248.02,2899.08,0.4609375,3308,551,CEAl,CEA,62,left,0
3309,3310,2,6442.0,5246.4800000000005,2898.32,0.43359375,3309,551,CEAl,CEA,62,left,0
3310,3311,2,6443.6,5244.719999999999,2897.7000000000007,0.32421875,3310,551,CEAl,CEA,62,left,0
3311,3312,2,6444.0,5243.379999999999,2897.140000000001,0.32421875,3311,551,CEAl,CEA,62,left,0
3312,3313,2,6444.76,5241.799999999999,2896.459999999999,0.48828125,3312,551,CEAl,CEA,62,left,0
3313,3314,2,6445.34,5239.82,2896.1000000000004,0.5703125,3313,551,CEAl,CEA,62,left,0
3314,3315,2,6445.879999999999,5238.9,2895.5999999999985,0.515625,3314,551,CEAl,CEA,62,left,0
3315,3316,2,6446.0,5236.26,2894.82,0.21484375,3315,551,CEAl,CEA,62,left,0
3316,3317,2,6446.0,5234.880000000001,2894.74,0.4609375,3316,477,STR,STR,62,left,0
3317,3318,2,6445.16,5234.04,2894.460000000001,0.37890625,3317,477,STR,STR,62,left,0
3318,3319,2,6444.9400000000005,5232.74,2893.4,0.59765625,3318,477,STR,STR,62,left,0
3319,3320,2,6444.679999999999,5230.860000000001,2893.619999999999,0.26953125,3319,477,STR,STR,62,left,0
3320,3321,2,6444.22,5229.44,2893.7800000000007,0.1640625,3320,477,STR,STR,62,left,0
3321,3322,2,6443.26,5228.76,2893.16,0.40625,3321,477,STR,STR,62,left,0
3322,3323,2,6442.88,5228.200000000001,2891.699999999999,0.32421875,3322,477,STR,STR,62,left,0
3323,3324,2,6442.619999999999,5227.039999999999,2890.1000000000004,0.43359375,3323,477,STR,STR,62,left,0
3324,3325,2,6443.02,5224.82,2889.26,0.26953125,3324,477,STR,STR,62,left,0
3325,3326,2,6443.74,5223.099999999999,2889.0599999999995,0.2421875,3325,477,STR,STR,62,left,0
3326,3327,2,6443.86,5221.16,2888.48,0.515625,3326,477,STR,STR,62,left,0
3327,3328,2,6444.0,5219.2,2888.22,0.0078125,3327,477,STR,STR,62,left,0
3328,3329,2,6443.86,5216.219999999999,2887.84,0.43359375,3328,477,STR,STR,62,left,0
3329,3330,2,6443.42,5214.56,2887.76,0.2421875,3329,477,STR,STR,62,left,0
3330,3331,2,6443.68,5212.219999999999,2888.120000000001,0.296875,3330,477,STR,STR,62,left,0
3331,3332,2,6444.06,5210.14,2887.720000000001,0.6484375,3331,477,STR,STR,62,left,0
3332,3333,2,6444.58,5209.52,2887.0200000000004,0.296875,3332,477,STR,STR,62,left,0
3333,3334,2,6444.56,5208.28,2885.76,0.48828125,3333,477,STR,STR,62,left,0
3334,3335,2,6444.48,5207.66,2884.3600000000006,0.3515625,3334,477,STR,STR,62,left,0
3335,3336,2,6445.280000000001,5206.4400000000005,2883.92,0.32421875,3335,477,STR,STR,62,left,0
3336,3337,2,6445.74,5204.44,2883.5,0.26953125,3336,477,STR,STR,62,left,0
3337,3338,2,6446.52,5202.6,2883.34,0.21484375,3337,477,STR,STR,62,left,0
3338,3339,2,6447.32,5199.22,2883.6800000000003,0.515625,3338,477,STR,STR,62,left,0
3339,3340,2,6448.02,5197.56,2883.279999999999,0.48828125,3339,477,STR,STR,62,left,0
3340,3341,2,6448.64,5195.2,2883.0200000000004,0.5703125,3340,477,STR,STR,62,left,0
3341,3342,2,6449.84,5194.32,2882.48,0.296875,3341,477,STR,STR,62,left,0
3342,3343,2,6450.2,5192.94,2881.4,0.48828125,3342,477,STR,STR,62,left,0
3343,3344,2,6450.08,5191.74,2880.3,0.40625,3343,477,STR,STR,62,left,0
3344,3345,2,6450.18,5189.62,2879.8,0.37890625,3344,477,STR,STR,62,left,0
3345,3346,2,6450.4,5187.86,2880.0,0.54296875,3345,477,STR,STR,62,left,0
3346,3347,2,6450.5,5186.12,2879.66,0.32421875,3346,477,STR,STR,62,left,0
3347,3348,2,6450.52,5184.82,2879.220000000001,0.26953125,3347,477,STR,STR,62,left,0
3348,3349,2,6450.299999999999,5182.780000000001,2879.58,0.73046875,3348,477,STR,STR,62,left,0
3349,3350,2,6449.06,5182.380000000001,2879.2800000000007,0.26953125,3349,477,STR,STR,62,left,0
3350,3351,2,6448.84,5180.78,2878.58,0.43359375,3350,477,STR,STR,62,left,0
3351,3352,2,6449.02,5178.9,2878.4400000000005,0.2421875,3351,477,STR,STR,62,left,0
3352,3353,2,6449.26,5176.68,2878.48,0.32421875,3352,477,STR,STR,62,left,0
3353,3354,2,6449.48,5174.76,2878.5599999999995,0.4609375,3353,477,STR,STR,62,left,0
3354,3355,2,6449.700000000001,5172.74,2878.24,0.59765625,3354,477,STR,STR,62,left,0
3355,3356,2,6450.2,5171.96,2877.76,0.515625,3355,477,STR,STR,62,left,0
3356,3357,2,6450.68,5169.86,2876.74,0.32421875,3356,477,STR,STR,62,left,0
3357,3358,2,6451.36,5167.98,2876.1399999999994,0.32421875,3357,477,STR,STR,62,left,0
3358,3359,2,6451.660000000001,5166.56,2875.959999999999,0.01171875,3358,477,STR,STR,62,left,0
3359,3360,2,6452.1,5163.099999999999,2875.5600000000013,0.26953125,3359,672,CP,CP,62,left,0
3360,3361,2,6453.22,5161.92,2874.92,0.48828125,3360,672,CP,CP,62,left,0
3361,3362,2,6454.28,5158.959999999999,2875.5600000000013,0.43359375,3361,672,CP,CP,62,left,0
3362,3363,2,6454.66,5156.38,2875.6800000000003,0.37890625,3362,672,CP,CP,62,left,0
3363,3364,2,6455.36,5154.48,2875.24,0.26953125,3363,672,CP,CP,62,left,0
3364,3365,2,6455.96,5152.4400000000005,2874.4399999999987,0.3515625,3364,672,CP,CP,62,left,0
3365,3366,2,6456.54,5150.9400000000005,2873.72,0.32421875,3365,672,CP,CP,62,left,0
3366,3367,2,6457.42,5148.66,2873.5599999999995,0.67578125,3366,672,CP,CP,62,left,0
3367,3368,2,6458.42,5146.26,2872.720000000001,0.48828125,3367,672,CP,CP,62,left,0
3368,3369,2,6459.46,5145.22,2871.32,0.48828125,3368,672,CP,CP,62,left,0
3369,3370,2,6460.320000000001,5143.780000000001,2870.1000000000004,0.37890625,3369,672,CP,CP,62,left,0
3370,3371,2,6460.44,5141.76,2869.74,0.37890625,3370,672,CP,CP,62,left,0
3371,3372,2,6461.92,5139.58,2868.84,0.48828125,3371,672,CP,CP,62,left,0
3372,3373,2,6462.34,5137.7,2867.82,0.54296875,3372,672,CP,CP,62,left,0
3373,3374,2,6462.54,5135.58,2867.140000000001,0.32421875,3373,672,CP,CP,62,left,0
3374,3375,2,6463.139999999999,5134.299999999999,2866.5599999999995,0.48828125,3374,672,CP,CP,62,left,0
3375,3376,2,6463.5,5131.76,2866.1000000000004,0.48828125,3375,672,CP,CP,62,left,0
3376,3377,2,6463.58,5129.96,2865.5999999999985,0.48828125,3376,672,CP,CP,62,left,0
3377,3378,2,6463.719999999999,5128.16,2865.48,0.48828125,3377,672,CP,CP,62,left,0
3378,3379,2,6464.299999999999,5125.320000000001,2865.3599999999988,0.4609375,3378,672,CP,CP,62,left,0
3379,3380,2,6464.9,5123.540000000001,2864.42,0.48828125,3379,672,CP,CP,62,left,0
3380,3381,2,6465.52,5121.459999999999,2863.880000000001,0.32421875,3380,672,CP,CP,62,left,0
3381,3382,2,6466.14,5117.92,2863.16,0.48828125,3381,672,CP,CP,62,left,0
3382,3383,2,6466.660000000001,5116.22,2862.98,0.32421875,3382,672,CP,CP,62,left,0
3383,3384,2,6467.5,5113.52,2863.32,0.43359375,3383,672,CP,CP,62,left,0
3384,3385,2,6468.02,5111.639999999999,2863.2000000000007,0.296875,3384,672,CP,CP,62,left,0
3385,3386,2,6469.02,5110.1,2862.5,0.37890625,3385,672,CP,CP,62,left,0
3386,3387,2,6469.66,5108.2,2861.74,0.00390625,3386,672,CP,CP,62,left,0
3387,3388,2,6470.62,5106.22,2861.48,0.48828125,3387,672,CP,CP,62,left,0
3388,3389,2,6470.8,5104.12,2861.26,0.3515625,3388,672,CP,CP,62,left,0
3389,3390,2,6470.78,5102.320000000001,2859.619999999999,0.3515625,3389,672,CP,CP,62,left,0
3390,3391,2,6471.3,5101.52,2858.880000000001,0.40625,3390,672,CP,CP,62,left,0
3391,3392,2,6471.58,5099.28,2858.300000000001,0.515625,3391,672,CP,CP,62,left,0
3392,3393,2,6472.08,5096.96,2857.08,0.54296875,3392,672,CP,CP,62,left,0
3393,3394,2,6473.04,5095.82,2855.779999999999,0.32421875,3393,672,CP,CP,62,left,0
3394,3395,2,6473.26,5093.26,2854.5,0.26953125,3394,672,CP,CP,62,left,0
3395,3396,2,6473.22,5090.7,2852.960000000001,0.1640625,3395,672,CP,CP,62,left,0
3396,3397,2,6473.68,5088.7,2851.699999999999,0.37890625,3396,672,CP,CP,62,left,0
3397,3398,2,6474.08,5086.5,2850.08,0.40625,3397,672,CP,CP,62,left,0
3398,3399,2,6474.64,5085.7,2849.3,0.54296875,3398,672,CP,CP,62,left,0
3399,3400,2,6474.62,5085.08,2848.300000000001,0.046875,3399,672,CP,CP,62,left,0
3400,3401,2,6474.52,5082.58,2846.74,0.4609375,3400,672,CP,CP,62,left,0
3401,3402,2,6474.679999999999,5080.24,2846.26,0.5703125,3401,672,CP,CP,62,left,0
3402,3403,2,6475.460000000001,5078.84,2845.879999999999,0.703125,3402,672,CP,CP,62,left,0
3403,3404,2,6476.24,5073.58,2846.7800000000007,0.73046875,3403,672,CP,CP,62,left,0
3404,3405,2,6476.36,5071.139999999999,2846.459999999999,0.4609375,3404,672,CP,CP,62,left,0
3405,3406,2,6476.18,5069.08,2844.640000000001,0.32421875,3405,672,CP,CP,62,left,0
3406,3407,2,6476.02,5067.34,2843.120000000001,0.01171875,3406,672,CP,CP,62,left,0
3407,3408,2,6476.0,5064.820000000001,2841.879999999999,0.1640625,3407,672,CP,CP,62,left,0
3408,3409,2,6476.14,5062.38,2841.24,0.40625,3408,672,CP,CP,62,left,0
3409,3410,2,6476.599999999999,5061.38,2840.539999999999,0.2421875,3409,672,CP,CP,62,left,0
3410,3411,2,6477.14,5058.7,2838.9400000000005,0.32421875,3410,672,CP,CP,62,left,0
3411,3412,2,6477.64,5057.06,2837.92,0.62109375,3411,672,CP,CP,62,left,0
3412,3413,2,6477.94,5054.139999999999,2837.84,0.48828125,3412,672,CP,CP,62,left,0
3413,3414,2,6477.9,5053.04,2837.22,0.2421875,3413,672,CP,CP,62,left,0
3414,3415,2,6477.6,5048.92,2835.620000000001,0.21484375,3414,672,CP,CP,62,left,0
3415,3416,2,6476.94,5047.679999999999,2834.8600000000006,0.2421875,3415,672,CP,CP,62,left,0
3416,3417,2,6476.4800000000005,5046.0,2835.1000000000004,0.32421875,3416,672,CP,CP,62,left,0
3417,3418,2,6476.280000000001,5042.58,2835.82,0.296875,3417,672,CP,CP,62,left,0
3418,3419,2,6475.72,5041.5,2835.5,0.4609375,3418,672,CP,CP,62,left,0
3419,3420,2,6475.56,5039.06,2834.220000000001,0.515625,3419,672,CP,CP,62,left,0
3420,3421,2,6475.4,5037.48,2833.1800000000003,0.40625,3420,672,CP,CP,62,left,0
3421,3422,2,6474.62,5035.72,2832.74,0.515625,3421,672,CP,CP,62,left,0
3422,3423,2,6473.9400000000005,5034.16,2831.92,0.3515625,3422,672,CP,CP,62,left,0
3423,3424,2,6473.18,5031.78,2830.34,0.2421875,3423,672,CP,CP,62,left,0
3424,3425,2,6472.66,5029.74,2829.6000000000004,0.48828125,3424,672,CP,CP,62,left,0
3425,3426,2,6472.6,5026.58,2828.5200000000004,0.4609375,3425,672,CP,CP,62,left,0
3426,3427,2,6472.7,5024.42,2828.120000000001,0.2421875,3426,672,CP,CP,62,left,0
3427,3428,2,6472.7,5022.76,2827.5,0.296875,3427,672,CP,CP,62,left,0
3428,3429,2,6472.619999999999,5020.52,2826.0599999999995,0.32421875,3428,672,CP,CP,62,left,0
3429,3430,2,6472.54,5018.78,2824.959999999999,0.32421875,3429,672,CP,CP,62,left,0
3430,3431,2,6472.380000000001,5016.62,2823.0600000000013,0.2421875,3430,672,CP,CP,62,left,0
3431,3432,2,6472.12,5015.36,2821.08,0.43359375,3431,672,CP,CP,62,left,0
3432,3433,2,6471.96,5014.32,2819.6800000000003,0.54296875,3432,672,CP,CP,62,left,0
3433,3434,2,6471.12,5012.26,2818.0,0.43359375,3433,672,CP,CP,62,left,0
3434,3435,2,6470.96,5009.74,2817.380000000001,0.5703125,3434,672,CP,CP,62,left,0
3435,3436,2,6471.12,5006.46,2817.039999999999,0.40625,3435,672,CP,CP,62,left,0
3436,3437,2,6470.72,5004.74,2817.279999999999,0.21484375,3436,672,CP,CP,62,left,0
3437,3438,2,6469.84,5002.320000000001,2817.140000000001,0.4609375,3437,672,CP,CP,62,left,0
3438,3439,2,6469.700000000001,4999.64,2816.699999999999,0.48828125,3438,672,CP,CP,62,left,0
3439,3440,2,6469.740000000001,4996.52,2815.5999999999985,0.43359375,3439,672,CP,CP,62,left,0
3440,3441,2,6469.66,4994.56,2815.1800000000003,0.54296875,3440,672,CP,CP,62,left,0
3441,3442,2,6468.9800000000005,4992.96,2815.380000000001,0.43359375,3441,672,CP,CP,62,left,0
3442,3443,2,6468.400000000001,4990.74,2815.72,0.21484375,3442,672,CP,CP,62,left,0
3443,3444,2,6466.900000000001,4988.66,2816.2800000000007,0.48828125,3443,672,CP,CP,62,left,0
3444,3445,2,6466.18,4987.12,2816.1399999999994,0.21484375,3444,672,CP,CP,62,left,0
3445,3446,2,6465.4,4985.2,2815.8600000000006,0.43359375,3445,672,CP,CP,62,left,0
3446,3447,2,6464.0,4984.4,2816.16,0.4609375,3446,672,CP,CP,62,left,0
3447,3448,2,6462.94,4981.92,2816.22,0.26953125,3447,672,CP,CP,62,left,0
3448,3449,2,6461.94,4980.08,2816.4,0.3515625,3448,672,CP,CP,62,left,0
3449,3450,2,6461.620000000001,4977.04,2815.539999999999,0.32421875,3449,672,CP,CP,62,left,0
3450,3451,2,6460.900000000001,4975.88,2815.4,0.48828125,3450,672,CP,CP,62,left,0
3451,3452,2,6460.04,4973.96,2815.0,0.4609375,3451,672,CP,CP,62,left,0
3452,3453,2,6459.76,4972.28,2814.74,0.5703125,3452,672,CP,CP,62,left,0
3453,3454,2,6458.8,4971.22,2814.84,0.32421875,3453,672,CP,CP,62,left,0
3454,3455,2,6458.48,4969.04,2814.74,0.4609375,3454,672,CP,CP,62,left,0
3455,3456,2,6458.62,4966.16,2814.379999999999,0.2421875,3455,672,CP,CP,62,left,0
3456,3457,2,6458.58,4963.6,2814.26,0.296875,3456,672,CP,CP,62,left,0
3457,3458,2,6457.780000000001,4962.200000000001,2814.6800000000003,0.26953125,3457,672,CP,CP,62,left,0
3458,3459,2,6457.240000000001,4959.88,2814.82,0.4609375,3458,672,CP,CP,62,left,0
3459,3460,2,6457.3,4958.26,2814.74,0.54296875,3459,672,CP,CP,62,left,0
3460,3461,2,6456.599999999999,4957.0,2814.9400000000005,0.2421875,3460,672,CP,CP,62,left,0
3461,3462,2,6455.96,4954.700000000001,2814.9400000000005,0.32421875,3461,672,CP,CP,62,left,0
3462,3463,2,6455.52,4952.24,2814.84,0.296875,3462,672,CP,CP,62,left,0
3463,3464,2,6454.9800000000005,4950.400000000001,2815.119999999999,0.59765625,3463,672,CP,CP,62,left,0
3464,3465,2,6454.38,4948.06,2815.24,0.4609375,3464,672,CP,CP,62,left,0
3465,3466,2,6453.7,4946.04,2815.48,0.40625,3465,672,CP,CP,62,left,0
3466,3467,2,6453.76,4943.84,2815.66,0.2421875,3466,672,CP,CP,62,left,0
3467,3468,2,6454.06,4941.56,2814.8600000000006,0.3515625,3467,672,CP,CP,62,left,0
3468,3469,2,6454.58,4939.48,2813.619999999999,0.37890625,3468,672,CP,CP,62,left,0
3469,3470,2,6454.82,4934.88,2812.3600000000006,0.48828125,3469,672,CP,CP,62,left,0
3470,3471,2,6454.9400000000005,4932.5,2812.119999999999,0.26953125,3470,672,CP,CP,62,left,0
3471,3472,2,6454.9800000000005,4929.98,2811.22,0.32421875,3471,672,CP,CP,62,left,0
3472,3473,2,6454.82,4927.66,2810.460000000001,0.32421875,3472,672,CP,CP,62,left,0
3473,3474,2,6454.299999999999,4925.64,2810.1800000000003,0.4609375,3473,672,CP,CP,62,left,0
3474,3475,2,6453.9400000000005,4922.5,2809.34,0.32421875,3474,672,CP,CP,62,left,0
3475,3476,2,6453.32,4920.299999999999,2807.8599999999988,0.515625,3475,672,CP,CP,62,left,0
3476,3477,2,6453.24,4917.74,2806.82,0.62109375,3476,672,CP,CP,62,left,0
3477,3478,2,6453.339999999999,4915.78,2806.620000000001,0.54296875,3477,672,CP,CP,62,left,0
3478,3479,2,6453.400000000001,4913.78,2806.2000000000007,0.59765625,3478,672,CP,CP,62,left,0
3479,3480,2,6453.26,4911.12,2806.26,0.26953125,3479,672,CP,CP,62,left,0
3480,3481,2,6452.84,4909.0,2806.2800000000007,0.703125,3480,672,CP,CP,62,left,0
3481,3482,2,6452.56,4905.72,2805.620000000001,0.3515625,3481,672,CP,CP,62,left,0
3482,3483,2,6452.06,4904.26,2805.34,0.62109375,3482,672,CP,CP,62,left,0
3483,3484,2,6452.16,4899.820000000001,2805.26,0.4609375,3483,672,CP,CP,62,left,0
3484,3485,2,6451.72,4898.0,2805.48,0.73046875,3484,672,CP,CP,62,left,0
3485,3486,2,6451.5,4895.26,2805.42,0.40625,3485,672,CP,CP,62,left,0
3486,3487,2,6451.52,4892.5,2805.0,0.4609375,3486,672,CP,CP,62,left,0
3487,3488,2,6450.82,4891.4,2805.1800000000003,0.515625,3487,672,CP,CP,62,left,0
3488,3489,2,6450.78,4889.4,2804.880000000001,0.5703125,3488,672,CP,CP,62,left,0
3489,3490,2,6450.879999999999,4885.62,2804.34,0.4609375,3489,672,CP,CP,62,left,0
3490,3491,2,6451.0,4883.1,2804.0200000000004,0.43359375,3490,672,CP,CP,62,left,0
3491,3492,2,6451.92,4879.88,2803.82,0.48828125,3491,672,CP,CP,62,left,0
3492,3493,2,6452.619999999999,4877.94,2803.5,0.54296875,3492,672,CP,CP,62,left,0
3493,3494,2,6453.42,4869.74,2803.92,0.296875,3493,672,CP,CP,62,left,0
3494,3495,2,6453.46,4867.64,2803.6399999999994,0.296875,3494,672,CP,CP,62,left,0
3495,3496,2,6453.82,4858.82,2803.9,0.40625,3495,672,CP,CP,62,left,0
3496,3497,2,6453.86,4857.200000000001,2803.72,0.4609375,3496,672,CP,CP,62,left,0
3497,3498,2,6454.04,4851.52,2803.5599999999995,0.3515625,3497,672,CP,CP,62,left,0
3498,3499,2,6454.0,4849.4,2802.880000000001,0.43359375,3498,672,CP,CP,62,left,0
3499,3500,2,6453.82,4846.4800000000005,2800.8600000000006,0.40625,3499,672,CP,CP,62,left,0
3500,3501,2,6453.719999999999,4844.54,2799.619999999999,0.2421875,3500,672,CP,CP,62,left,0
3501,3502,2,6453.7,4842.54,2798.959999999999,0.62109375,3501,672,CP,CP,62,left,0
3502,3503,2,6453.959999999999,4838.58,2798.6399999999994,0.40625,3502,672,CP,CP,62,left,0
3503,3504,2,6454.6,4837.76,2798.459999999999,0.43359375,3503,672,CP,CP,62,left,0
3504,3505,2,6454.86,4834.84,2798.540000000001,0.2421875,3504,672,CP,CP,62,left,0
3505,3506,2,6454.96,4831.74,2798.0,0.73046875,3505,672,CP,CP,62,left,0
3506,3507,2,6455.42,4829.52,2796.879999999999,0.37890625,3506,672,CP,CP,62,left,0
3507,3508,2,6455.98,4826.139999999999,2795.620000000001,1.02734375,3507,672,CP,CP,62,left,0
3508,3509,2,6457.32,4824.139999999999,2794.76,0.32421875,3508,672,CP,CP,62,left,0
3509,3510,2,6458.16,4822.3,2794.220000000001,0.26953125,3509,672,CP,CP,62,left,0
3510,3511,2,6458.9800000000005,4819.599999999999,2793.66,0.515625,3510,672,CP,CP,62,left,0
3511,3512,2,6460.1,4817.82,2792.76,0.21484375,3511,672,CP,CP,62,left,0
3512,3513,2,6460.38,4815.7,2792.279999999999,0.4609375,3512,672,CP,CP,62,left,0
3513,3514,2,6460.76,4813.74,2791.040000000001,0.32421875,3513,672,CP,CP,62,left,0
3514,3515,2,6461.660000000001,4811.66,2790.5200000000004,0.32421875,3514,672,CP,CP,62,left,0
3515,3516,2,6462.26,4808.88,2790.2800000000007,0.19140625,3515,672,CP,CP,62,left,0
3516,3517,2,6462.26,4805.9800000000005,2789.6800000000003,0.21484375,3516,672,CP,CP,62,left,0
3517,3518,2,6462.3,4804.24,2789.5,0.4609375,3517,672,CP,CP,62,left,0
3518,3519,2,6462.28,4801.82,2788.7800000000007,0.515625,3518,672,CP,CP,62,left,0
3519,3520,2,6462.4,4800.36,2788.16,0.43359375,3519,672,CP,CP,62,left,0
3520,3521,2,6463.12,4798.34,2787.26,0.3515625,3520,672,CP,CP,62,left,0
3521,3522,2,6463.66,4795.88,2786.0599999999995,0.515625,3521,672,CP,CP,62,left,0
3522,3523,2,6464.76,4794.46,2785.26,0.48828125,3522,672,CP,CP,62,left,0
3523,3524,2,6465.04,4791.76,2784.539999999999,0.4609375,3523,672,CP,CP,62,left,0
3524,3525,2,6465.76,4789.58,2784.3600000000006,0.37890625,3524,672,CP,CP,62,left,0
3525,3526,2,6466.36,4787.38,2784.3600000000006,0.6484375,3525,672,CP,CP,62,left,0
3526,3527,2,6467.619999999999,4786.92,2784.0,0.32421875,3526,672,CP,CP,62,left,0
3527,3528,2,6468.099999999999,4784.3,2783.959999999999,0.0078125,3527,672,CP,CP,62,left,0
3528,3529,2,6469.44,4782.52,2783.120000000001,0.1640625,3528,672,CP,CP,62,left,0
3529,3530,2,6470.5,4780.82,2782.5599999999995,0.4609375,3529,672,CP,CP,62,left,0
3530,3531,2,6471.58,4778.02,2781.4400000000005,0.515625,3530,672,CP,CP,62,left,0
3531,3532,2,6472.6,4776.139999999999,2780.6800000000003,0.4609375,3531,672,CP,CP,62,left,0
3532,3533,2,6472.759999999999,4774.22,2780.3,0.515625,3532,672,CP,CP,62,left,0
3533,3534,2,6473.64,4772.04,2779.9,0.43359375,3533,672,CP,CP,62,left,0
3534,3535,2,6474.56,4770.42,2779.220000000001,0.2421875,3534,672,CP,CP,62,left,0
3535,3536,2,6474.92,4764.84,2779.4399999999987,0.296875,3535,672,CP,CP,62,left,0
3536,3537,2,6475.06,4762.200000000001,2779.959999999999,0.62109375,3536,672,CP,CP,62,left,0
3537,3538,2,6475.1,4759.9,2779.3600000000006,0.67578125,3537,672,CP,CP,62,left,0
3538,3539,2,6474.86,4758.76,2778.300000000001,0.48828125,3538,672,CP,CP,62,left,0
3539,3540,2,6474.160000000001,4757.42,2778.34,0.40625,3539,672,CP,CP,62,left,0
3540,3541,2,6474.120000000001,4755.44,2777.6399999999994,0.5703125,3540,672,CP,CP,62,left,0
3541,3542,2,6474.099999999999,4752.42,2776.2800000000007,0.3515625,3541,672,CP,CP,62,left,0
3542,3543,2,6474.34,4750.1,2775.1000000000004,0.37890625,3542,672,CP,CP,62,left,0
3543,3544,2,6474.9800000000005,4748.02,2774.7000000000007,0.21484375,3543,672,CP,CP,62,left,0
3544,3545,2,6475.16,4746.46,2774.74,0.00390625,3544,672,CP,CP,62,left,0
3545,3546,2,6475.4,4741.4,2775.1399999999994,0.54296875,3545,672,CP,CP,62,left,0
3546,3547,2,6475.5,4738.860000000001,2774.98,0.296875,3546,672,CP,CP,62,left,0
3547,3548,2,6475.58,4736.84,2774.34,0.48828125,3547,672,CP,CP,62,left,0
3548,3549,2,6476.34,4735.78,2774.0,0.3515625,3548,672,CP,CP,62,left,0
3549,3550,2,6476.68,4732.3,2774.4399999999987,0.26953125,3549,672,CP,CP,62,left,0
3550,3551,2,6476.82,4729.820000000001,2774.8,0.48828125,3550,672,CP,CP,62,left,0
3551,3552,2,6477.02,4725.56,2774.92,0.5703125,3551,672,CP,CP,62,left,0
3552,3553,2,6477.039999999999,4723.4800000000005,2774.34,0.54296875,3552,672,CP,CP,62,left,0
3553,3554,2,6477.52,4713.88,2774.959999999999,0.19140625,3553,672,CP,CP,62,left,0
3554,3555,2,6477.14,4711.84,2775.1800000000003,0.43359375,3554,672,CP,CP,62,left,0
3555,3556,2,6476.16,4710.14,2775.4,0.40625,3555,672,CP,CP,62,left,0
3556,3557,2,6475.52,4707.72,2775.539999999999,0.37890625,3556,672,CP,CP,62,left,0
3557,3558,2,6474.96,4706.24,2775.5600000000013,0.54296875,3557,672,CP,CP,62,left,0
3558,3559,2,6474.52,4702.16,2775.9400000000005,0.37890625,3558,672,CP,CP,62,left,0
3559,3560,2,6473.540000000001,4700.16,2776.24,0.515625,3559,672,CP,CP,62,left,0
3560,3561,2,6473.360000000001,4697.48,2776.4,0.43359375,3560,672,CP,CP,62,left,0
3561,3562,2,6473.32,4691.18,2776.459999999999,0.19140625,3561,672,CP,CP,62,left,0
3562,3563,2,6472.74,4688.9400000000005,2776.32,0.32421875,3562,672,CP,CP,62,left,0
3563,3564,2,6472.06,4687.26,2776.22,0.37890625,3563,672,CP,CP,62,left,0
3564,3565,2,6471.799999999999,4684.86,2776.540000000001,0.32421875,3564,672,CP,CP,62,left,0
3565,3566,2,6471.96,4681.6,2777.48,0.54296875,3565,672,CP,CP,62,left,0
3566,3567,2,6471.68,4679.9400000000005,2778.24,0.37890625,3566,672,CP,CP,62,left,0
3567,3568,2,6471.32,4675.2,2778.98,0.1640625,3567,672,CP,CP,62,left,0
3568,3569,2,6471.280000000001,4672.58,2779.5,0.26953125,3568,672,CP,CP,62,left,0
3569,3570,2,6470.599999999999,4670.68,2779.92,0.5703125,3569,672,CP,CP,62,left,0
3570,3571,2,6470.36,4667.64,2780.82,0.515625,3570,672,CP,CP,62,left,0
3571,3572,2,6469.86,4665.56,2781.48,0.1640625,3571,672,CP,CP,62,left,0
3572,3573,2,6469.2,4663.62,2782.459999999999,0.43359375,3572,672,CP,CP,62,left,0
3573,3574,2,6467.219999999999,4661.22,2783.7000000000007,0.73046875,3573,672,CP,CP,62,left,0
3574,3575,2,6466.36,4659.16,2784.26,0.6484375,3574,672,CP,CP,62,left,0
3575,3576,2,6466.32,4655.64,2784.400000000001,0.015625,3575,672,CP,CP,62,left,0
3576,3577,2,6466.2,4653.16,2784.42,0.32421875,3576,672,CP,CP,62,left,0
3577,3578,2,6465.5,4651.28,2784.959999999999,0.59765625,3577,672,CP,CP,62,left,0
3578,3579,2,6465.280000000001,4649.1,2785.959999999999,0.43359375,3578,672,CP,CP,62,left,0
3579,3580,2,6464.04,4648.12,2786.0,0.32421875,3579,672,CP,CP,62,left,0
3580,3581,2,6463.12,4646.68,2784.66,0.3515625,3580,672,CP,CP,62,left,0
3581,3582,2,6461.799999999999,4645.02,2783.72,0.48828125,3581,672,CP,CP,62,left,0
3582,3583,2,6461.34,4643.54,2782.9,0.37890625,3582,672,CP,CP,62,left,0
3583,3584,2,6460.5,4641.4,2782.8599999999988,0.54296875,3583,672,CP,CP,62,left,0
3584,3585,2,6459.9800000000005,4639.139999999999,2782.5599999999995,0.48828125,3584,672,CP,CP,62,left,0
3585,3586,2,6459.44,4636.34,2781.92,0.6484375,3585,672,CP,CP,62,left,0
3586,3587,2,6459.46,4634.2,2781.74,0.703125,3586,672,CP,CP,62,left,0
3587,3588,2,6460.320000000001,4633.28,2781.32,0.01953125,3587,672,CP,CP,62,left,0
3588,3589,2,6460.5,4629.0,2781.1800000000003,0.43359375,3588,672,CP,CP,62,left,0
3589,3590,2,6460.72,4626.62,2781.720000000001,0.32421875,3589,672,CP,CP,62,left,0
3590,3591,2,6461.4,4625.24,2782.24,0.54296875,3590,672,CP,CP,62,left,0
3591,3592,2,6461.88,4621.7,2783.8600000000006,0.32421875,3591,672,CP,CP,62,left,0
3592,3593,2,6462.039999999999,4619.1,2784.9,0.48828125,3592,672,CP,CP,62,left,0
3593,3594,2,6462.12,4616.08,2785.26,0.01953125,3593,672,CP,CP,62,left,0
3594,3595,2,6462.240000000001,4613.26,2785.959999999999,0.48828125,3594,672,CP,CP,62,left,0
3595,3596,2,6462.4,4611.06,2787.140000000001,0.19140625,3595,672,CP,CP,62,left,0
3596,3597,2,6462.52,4608.88,2788.08,0.62109375,3596,672,CP,CP,62,left,0
3597,3598,2,6462.66,4606.84,2789.16,0.40625,3597,672,CP,CP,62,left,0
3598,3599,2,6462.799999999999,4604.68,2790.2000000000007,0.37890625,3598,672,CP,CP,62,left,0
3599,3600,2,6463.02,4601.92,2791.459999999999,0.62109375,3599,672,CP,CP,62,left,0
3600,3601,2,6463.66,4600.2,2792.720000000001,0.48828125,3600,672,CP,CP,62,left,0
3601,3602,2,6464.34,4597.62,2794.3600000000006,0.00390625,3601,672,CP,CP,62,left,0
3602,3603,2,6464.58,4594.04,2795.08,0.43359375,3602,672,CP,CP,62,left,0
3603,3604,2,6465.14,4593.12,2795.0599999999995,0.37890625,3603,672,CP,CP,62,left,0
3604,3605,2,6465.62,4588.9400000000005,2795.4,0.40625,3604,672,CP,CP,62,left,0
3605,3606,2,6465.700000000001,4586.82,2795.8600000000006,0.48828125,3605,672,CP,CP,62,left,0
3606,3607,2,6465.72,4584.12,2797.0,0.4609375,3606,672,CP,CP,62,left,0
3607,3608,2,6465.22,4582.679999999999,2798.1399999999994,0.67578125,3607,672,CP,CP,62,left,0
3608,3609,2,6465.2,4579.98,2799.460000000001,0.01171875,3608,672,CP,CP,62,left,0
3609,3610,2,6465.36,4575.9800000000005,2800.58,0.67578125,3609,672,CP,CP,62,left,0
3610,3611,2,6464.92,4574.26,2800.879999999999,0.73046875,3610,672,CP,CP,62,left,0
3611,3612,2,6464.34,4571.12,2801.6000000000004,0.59765625,3611,672,CP,CP,62,left,0
3612,3613,2,6463.24,4569.4400000000005,2802.26,0.67578125,3612,672,CP,CP,62,left,0
3613,3614,2,6462.799999999999,4567.82,2803.120000000001,0.515625,3613,672,CP,CP,62,left,0
3614,3615,2,6462.98,4564.08,2804.16,0.54296875,3614,672,CP,CP,62,left,0
3615,3616,2,6463.139999999999,4561.5,2805.1399999999994,0.921875,3615,672,CP,CP,62,left,0
3616,3617,2,6461.5,4560.54,2807.16,1.08203125,3616,672,CP,CP,62,left,0
3617,3618,2,6459.740000000001,4560.12,2808.76,1.21875,3617,672,CP,CP,62,left,0
3618,3619,2,6459.679999999999,4557.82,2809.8,1.3828125,3618,672,CP,CP,62,left,0
3619,3620,2,6459.82,4555.76,2810.6399999999994,0.05078125,3619,672,CP,CP,62,left,0
3620,3621,2,6460.02,4552.4400000000005,2811.98,0.78515625,3620,672,CP,CP,62,left,0
3621,3622,2,6459.76,4548.6,2813.66,0.59765625,3621,672,CP,CP,62,left,0
3622,3623,2,6458.62,4546.9400000000005,2815.5999999999985,0.48828125,3622,672,CP,CP,62,left,0
3623,3624,2,6458.04,4545.280000000001,2817.16,0.32421875,3623,672,CP,CP,62,left,0
3624,3625,2,6457.14,4543.58,2817.880000000001,0.00390625,3624,672,CP,CP,62,left,0
3625,3626,2,6456.4800000000005,4541.1,2818.8600000000006,0.26953125,3625,672,CP,CP,62,left,0
3626,3627,2,6455.320000000001,4539.26,2819.6000000000004,0.19140625,3626,672,CP,CP,62,left,0
3627,3628,2,6455.0,4536.96,2820.5600000000013,0.4609375,3627,672,CP,CP,62,left,0
3628,3629,2,6454.400000000001,4535.7,2821.900000000001,0.3515625,3628,672,CP,CP,62,left,0
3629,3630,2,6453.26,4534.34,2823.279999999999,0.59765625,3629,672,CP,CP,62,left,0
3630,3631,2,6451.92,4533.9400000000005,2823.6800000000003,0.3515625,3630,672,CP,CP,62,left,0
3631,3632,2,6450.639999999999,4532.76,2824.0599999999995,0.4609375,3631,672,CP,CP,62,left,0
3632,3633,2,6449.92,4531.04,2824.5599999999995,0.43359375,3632,672,CP,CP,62,left,0
3633,3634,2,6449.76,4528.74,2825.380000000001,0.4609375,3633,672,CP,CP,62,left,0
3634,3635,2,6449.9,4526.4400000000005,2826.6800000000003,0.40625,3634,672,CP,CP,62,left,0
3635,3636,2,6450.1,4524.4400000000005,2828.5200000000004,0.296875,3635,672,CP,CP,62,left,0
3636,3637,2,6449.34,4522.200000000001,2830.1000000000004,0.48828125,3636,672,CP,CP,62,left,0
3637,3638,2,6448.5,4520.56,2830.779999999999,0.48828125,3637,672,CP,CP,62,left,0
3638,3639,2,6448.540000000001,4518.62,2832.3600000000006,0.32421875,3638,672,CP,CP,62,left,0
3639,3640,2,6448.8,4516.3,2834.7000000000007,0.32421875,3639,672,CP,CP,62,left,0
3640,3641,2,6448.9400000000005,4514.18,2835.9400000000005,0.19140625,3640,1022,GPe,GPe,62,left,0
3641,3642,2,6449.099999999999,4510.76,2837.22,0.00390625,3641,1022,GPe,GPe,62,left,0
3642,3643,2,6449.04,4507.92,2839.5200000000004,0.67578125,3642,1022,GPe,GPe,62,left,0
3643,3644,2,6448.08,4507.26,2840.460000000001,0.32421875,3643,1022,GPe,GPe,62,left,0
3644,3645,2,6447.46,4505.52,2840.8600000000006,0.43359375,3644,1022,GPe,GPe,62,left,0
3645,3646,2,6447.52,4503.06,2841.6000000000004,0.2421875,3645,1022,GPe,GPe,62,left,0
3646,3647,2,6447.4400000000005,4500.8,2843.0,0.515625,3646,1022,GPe,GPe,62,left,0
3647,3648,2,6446.26,4499.54,2844.34,0.5703125,3647,1022,GPe,GPe,62,left,0
3648,3649,2,6444.78,4498.14,2846.66,0.48828125,3648,1022,GPe,GPe,62,left,0
3649,3650,2,6444.0,4497.219999999999,2847.880000000001,0.4609375,3649,1022,GPe,GPe,62,left,0
3650,3651,2,6442.7,4496.139999999999,2849.539999999999,0.5703125,3650,1022,GPe,GPe,62,left,0
3651,3652,2,6441.2,4495.2,2851.4,0.59765625,3651,1022,GPe,GPe,62,left,0
3652,3653,2,6439.82,4494.28,2852.8,0.3515625,3652,1022,GPe,GPe,62,left,0
3653,3654,2,6438.400000000001,4492.780000000001,2853.959999999999,0.40625,3653,1022,GPe,GPe,62,left,0
3654,3655,2,6437.0,4491.66,2855.3,0.3515625,3654,1022,GPe,GPe,62,left,0
3655,3656,2,6434.9400000000005,4491.22,2856.720000000001,0.5703125,3655,1022,GPe,GPe,62,left,0
3656,3657,2,6433.62,4491.18,2858.459999999999,0.5703125,3656,1022,GPe,GPe,62,left,0
3657,3658,2,6432.92,4491.12,2859.76,0.40625,3657,1022,GPe,GPe,62,left,0
3658,3659,2,6430.76,4490.94,2861.7800000000007,0.3515625,3658,1022,GPe,GPe,62,left,0
3659,3660,2,6429.6,4490.32,2863.72,0.32421875,3659,1022,GPe,GPe,62,left,0
3660,3661,2,6428.68,4489.84,2865.66,0.4609375,3660,1022,GPe,GPe,62,left,0
3661,3662,2,6428.26,4489.5,2867.32,0.48828125,3661,1022,GPe,GPe,62,left,0
3662,3663,2,6426.7,4489.02,2869.16,0.3515625,3662,1022,GPe,GPe,62,left,0
3663,3664,2,6424.42,4488.2,2871.58,0.40625,3663,1022,GPe,GPe,62,left,0
3664,3665,2,6423.32,4487.54,2873.300000000001,0.3515625,3664,1022,GPe,GPe,62,left,0
3665,3666,2,6421.42,4487.320000000001,2875.460000000001,0.40625,3665,1022,GPe,GPe,62,left,0
3666,3667,2,6419.299999999999,4487.46,2877.4400000000005,0.26953125,3666,1022,GPe,GPe,62,left,0
3667,3668,2,6418.200000000001,4487.76,2879.5200000000004,0.40625,3667,1022,GPe,GPe,62,left,0
3668,3669,2,6417.34,4488.26,2881.98,0.48828125,3668,1022,GPe,GPe,62,left,0
3669,3670,2,6416.06,4489.24,2882.880000000001,0.3515625,3669,1022,GPe,GPe,62,left,0
3670,3671,2,6414.66,4490.0,2884.400000000001,0.43359375,3670,1022,GPe,GPe,62,left,0
3671,3672,2,6413.64,4490.1,2885.98,0.26953125,3671,1022,GPe,GPe,62,left,0
3672,3673,2,6412.46,4490.92,2886.8600000000006,0.3515625,3672,1022,GPe,GPe,62,left,0
3673,3674,2,6411.18,4491.74,2888.1399999999994,0.515625,3673,1022,GPe,GPe,62,left,0
3674,3675,2,6410.68,4491.7,2890.74,0.40625,3674,1022,GPe,GPe,62,left,0
3675,3676,2,6410.38,4491.76,2892.1800000000003,0.43359375,3675,1022,GPe,GPe,62,left,0
3676,3677,2,6408.4400000000005,4493.42,2893.5599999999995,0.6484375,3676,1022,GPe,GPe,62,left,0
3677,3678,2,6407.08,4495.12,2893.880000000001,0.43359375,3677,1022,GPe,GPe,62,left,0
3678,3679,2,6405.38,4496.72,2894.3,0.48828125,3678,1022,GPe,GPe,62,left,0
3679,3680,2,6404.0,4497.54,2894.66,0.62109375,3679,1022,GPe,GPe,62,left,0
3680,3681,2,6402.4800000000005,4499.04,2895.3,0.01171875,3680,1022,GPe,GPe,62,left,0
3681,3682,2,6401.94,4500.44,2896.6000000000004,0.515625,3681,1022,GPe,GPe,62,left,0
3682,3683,2,6400.74,4501.42,2897.6800000000003,0.32421875,3682,1022,GPe,GPe,62,left,0
3683,3684,2,6398.68,4502.28,2898.34,0.4609375,3683,1022,GPe,GPe,62,left,0
3684,3685,2,6396.860000000001,4503.1,2899.42,0.5703125,3684,1022,GPe,GPe,62,left,0
3685,3686,2,6395.74,4504.4,2900.220000000001,0.26953125,3685,1022,GPe,GPe,62,left,0
3686,3687,2,6393.6,4506.6,2900.9400000000005,0.78515625,3686,1022,GPe,GPe,62,left,0
3687,3688,2,6392.52,4508.4,2901.459999999999,0.21484375,3687,1022,GPe,GPe,62,left,0
3688,3689,2,6390.78,4509.08,2901.82,0.32421875,3688,1022,GPe,GPe,62,left,0
3689,3690,2,6389.06,4510.06,2901.540000000001,0.40625,3689,1022,GPe,GPe,62,left,0
3690,3691,2,6387.86,4511.32,2901.42,0.296875,3690,1022,GPe,GPe,62,left,0
3691,3692,2,6385.96,4512.219999999999,2900.959999999999,0.32421875,3691,1022,GPe,GPe,62,left,0
3692,3693,2,6384.46,4512.74,2900.2800000000007,0.48828125,3692,1022,GPe,GPe,62,left,0
3693,3694,2,6382.26,4513.12,2899.8,0.37890625,3693,1022,GPe,GPe,62,left,0
3694,3695,2,6379.880000000001,4513.46,2899.72,0.32421875,3694,1022,GPe,GPe,62,left,0
3695,3696,2,6377.98,4513.88,2899.32,0.48828125,3695,1022,GPe,GPe,62,left,0
3696,3697,2,6377.240000000001,4515.0,2898.5599999999995,0.54296875,3696,1022,GPe,GPe,62,left,0
3697,3698,2,6375.639999999999,4516.62,2898.8,0.5703125,3697,1022,GPe,GPe,62,left,0
3698,3699,2,6374.32,4518.16,2899.0599999999995,0.3515625,3698,672,CP,CP,62,left,0
3699,3700,2,6372.5,4519.38,2898.1399999999994,0.2421875,3699,672,CP,CP,62,left,0
3700,3701,2,6371.38,4519.86,2896.040000000001,0.3515625,3700,672,CP,CP,62,left,0
3701,3702,2,6369.34,4520.32,2893.959999999999,0.48828125,3701,672,CP,CP,62,left,0
3702,3703,2,6366.92,4520.52,2893.279999999999,0.48828125,3702,672,CP,CP,62,left,0
3703,3704,2,6365.16,4519.64,2893.7000000000007,0.26953125,3703,672,CP,CP,62,left,0
3704,3705,2,6363.540000000001,4518.82,2894.48,0.54296875,3704,672,CP,CP,62,left,0
3705,3706,2,6361.219999999999,4518.28,2895.040000000001,0.59765625,3705,672,CP,CP,62,left,0
3706,3707,2,6360.1,4517.52,2895.5,0.40625,3706,672,CP,CP,62,left,0
3707,3708,2,6358.26,4516.06,2895.8600000000006,0.3515625,3707,672,CP,CP,62,left,0
3708,3709,2,6356.72,4514.96,2896.119999999999,0.515625,3708,672,CP,CP,62,left,0
3709,3710,2,6355.54,4513.14,2896.32,0.515625,3709,672,CP,CP,62,left,0
3710,3711,2,6354.360000000001,4512.66,2896.5200000000004,0.54296875,3710,672,CP,CP,62,left,0
3711,3712,2,6353.58,4509.42,2897.1000000000004,0.00390625,3711,672,CP,CP,62,left,0
3712,3713,2,6351.82,4508.14,2897.4400000000005,0.40625,3712,672,CP,CP,62,left,0
3713,3714,2,6350.860000000001,4506.54,2898.0600000000013,0.43359375,3713,672,CP,CP,62,left,0
3714,3715,2,6349.56,4505.78,2898.5,0.32421875,3714,672,CP,CP,62,left,0
3715,3716,2,6349.139999999999,4504.0,2899.4399999999987,0.5703125,3715,672,CP,CP,62,left,0
3716,3717,2,6348.780000000001,4501.4800000000005,2900.7000000000007,0.48828125,3716,672,CP,CP,62,left,0
3717,3718,2,6347.46,4499.719999999999,2901.4400000000005,0.703125,3717,672,CP,CP,62,left,0
3718,3719,2,6346.660000000001,4498.18,2901.9399999999987,0.515625,3718,672,CP,CP,62,left,0
3719,3720,2,6344.400000000001,4497.72,2902.34,0.6484375,3719,672,CP,CP,62,left,0
3720,3721,2,6343.099999999999,4496.4800000000005,2902.98,0.67578125,3720,672,CP,CP,62,left,0
3721,3722,2,6341.4,4494.2,2903.58,0.5703125,3721,672,CP,CP,62,left,0
3722,3723,2,6340.56,4492.16,2903.92,0.32421875,3722,672,CP,CP,62,left,0
3723,3724,2,6338.62,4491.16,2904.72,0.62109375,3723,672,CP,CP,62,left,0
3724,3725,2,6337.820000000001,4491.0,2906.119999999999,0.43359375,3724,672,CP,CP,62,left,0
3725,3726,2,6335.9400000000005,4491.2,2906.699999999999,0.59765625,3725,672,CP,CP,62,left,0
3726,3727,2,6334.360000000001,4491.3,2907.7800000000007,0.8125,3726,672,CP,CP,62,left,0
3727,3728,2,6333.26,4491.28,2909.72,0.32421875,3727,672,CP,CP,62,left,0
3728,3729,2,6330.96,4491.38,2912.32,0.8671875,3728,672,CP,CP,62,left,0
3729,3730,2,6329.84,4491.78,2913.26,0.48828125,3729,672,CP,CP,62,left,0
3730,3731,2,6327.759999999999,4492.48,2914.8600000000006,0.59765625,3730,672,CP,CP,62,left,0
3731,3732,2,6326.34,4493.06,2916.2000000000007,0.54296875,3731,672,CP,CP,62,left,0
3732,3733,2,6325.119999999999,4494.28,2917.459999999999,0.54296875,3732,672,CP,CP,62,left,0
3733,3734,2,6324.539999999999,4494.76,2918.8,0.59765625,3733,672,CP,CP,62,left,0
3734,3735,2,6322.86,4494.92,2919.4399999999987,0.703125,3734,672,CP,CP,62,left,0
3735,3736,2,6321.2,4495.04,2920.620000000001,0.515625,3735,672,CP,CP,62,left,0
3736,3737,2,6320.9400000000005,4494.9400000000005,2922.1800000000003,0.54296875,3736,672,CP,CP,62,left,0
3737,3738,2,6320.06,4494.8,2924.379999999999,0.3515625,3737,672,CP,CP,62,left,0
3738,3739,2,6319.139999999999,4494.48,2925.959999999999,0.37890625,3738,672,CP,CP,62,left,0
3739,3740,2,6318.84,4494.22,2928.22,0.6484375,3739,672,CP,CP,62,left,0
3740,3741,2,6319.04,4493.3,2930.58,0.5703125,3740,672,CP,CP,62,left,0
3741,3742,2,6318.56,4492.36,2931.98,0.54296875,3741,672,CP,CP,62,left,0
3742,3743,2,6317.86,4489.52,2933.959999999999,0.73046875,3742,672,CP,CP,62,left,0
3743,3744,2,6316.860000000001,4487.3,2934.66,0.703125,3743,672,CP,CP,62,left,0
3744,3745,2,6316.0,4485.68,2935.1000000000004,0.0078125,3744,672,CP,CP,62,left,0
3745,3746,2,6314.0,4485.24,2935.58,0.48828125,3745,672,CP,CP,62,left,0
3746,3747,2,6312.780000000001,4484.76,2936.380000000001,0.21484375,3746,672,CP,CP,62,left,0
3747,3748,2,6312.42,4483.02,2938.4400000000005,0.73046875,3747,672,CP,CP,62,left,0
3748,3749,2,6312.14,4481.5,2940.1800000000003,0.67578125,3748,672,CP,CP,62,left,0
3749,3750,2,6311.1,4480.5,2941.2800000000007,0.7578125,3749,672,CP,CP,62,left,0
3750,3751,2,6309.48,4479.02,2942.92,0.7578125,3750,672,CP,CP,62,left,0
3751,3752,2,6308.7,4477.86,2944.0599999999995,0.89453125,3751,672,CP,CP,62,left,0
3752,3753,2,6308.379999999999,4475.8,2945.58,0.48828125,3752,672,CP,CP,62,left,0
3753,3754,2,6307.36,4474.54,2946.58,0.37890625,3753,672,CP,CP,62,left,0
3754,3755,2,6306.52,4472.82,2948.6000000000004,0.703125,3754,672,CP,CP,62,left,0
3755,3756,2,6305.44,4472.02,2949.74,0.296875,3755,672,CP,CP,62,left,0
3756,3757,2,6303.88,4470.66,2951.76,0.54296875,3756,672,CP,CP,62,left,0
3757,3758,2,6302.619999999999,4469.18,2953.0,0.67578125,3757,672,CP,CP,62,left,0
3758,3759,2,6302.12,4467.74,2955.34,0.4609375,3758,672,CP,CP,62,left,0
3759,3760,2,6302.3,4465.76,2957.279999999999,0.37890625,3759,672,CP,CP,62,left,0
3760,3761,2,6301.620000000001,4464.38,2957.960000000001,0.73046875,3760,672,CP,CP,62,left,0
3761,3762,2,6300.52,4463.32,2959.7000000000007,0.59765625,3761,672,CP,CP,62,left,0
3762,3763,2,6300.08,4462.56,2961.6399999999994,0.5703125,3762,672,CP,CP,62,left,0
3763,3764,2,6298.8,4462.36,2962.960000000001,0.4609375,3763,672,CP,CP,62,left,0
3764,3765,2,6298.28,4461.98,2964.619999999999,0.43359375,3764,672,CP,CP,62,left,0
3765,3766,2,6297.54,4460.84,2965.84,0.5703125,3765,1022,GPe,GPe,62,left,0
3766,3767,2,6297.4800000000005,4458.56,2966.900000000001,0.48828125,3766,1022,GPe,GPe,62,left,0
3767,3768,2,6296.34,4457.26,2967.720000000001,0.83984375,3767,1022,GPe,GPe,62,left,0
3768,3769,2,6295.5,4456.96,2968.880000000001,1.00390625,3768,1022,GPe,GPe,62,left,0
3769,3770,2,6295.54,4454.58,2970.74,0.78515625,3769,1022,GPe,GPe,62,left,0
3770,3771,2,6295.48,4452.12,2971.98,0.59765625,3770,1022,GPe,GPe,62,left,0
3771,3772,2,6294.679999999999,4450.48,2972.4,0.89453125,3771,672,CP,CP,62,left,0
3772,3773,2,6293.68,4448.84,2973.5200000000004,0.703125,3772,672,CP,CP,62,left,0
3773,3774,2,6293.16,4442.200000000001,2974.34,0.6484375,3773,672,CP,CP,62,left,0
3774,3775,2,6293.16,4440.78,2974.9,0.89453125,3774,672,CP,CP,62,left,0
3775,3776,2,6291.88,4440.299999999999,2975.82,0.00390625,3775,1022,GPe,GPe,62,left,0
3776,3777,2,6291.14,4440.12,2975.82,0.9765625,3776,1022,GPe,GPe,62,left,0
3777,3778,2,6290.879999999999,4437.08,2975.98,0.48828125,3777,1022,GPe,GPe,62,left,0
3778,3779,2,6290.82,4434.88,2976.4400000000005,0.54296875,3778,1022,GPe,GPe,62,left,0
3779,3780,2,6290.700000000001,4430.46,2976.879999999999,0.703125,3779,1022,GPe,GPe,62,left,0
3780,3781,2,6291.219999999999,4428.46,2977.0,0.19140625,3780,1022,GPe,GPe,62,left,0
3781,3782,2,6291.660000000001,4425.54,2977.48,0.4609375,3781,1022,GPe,GPe,62,left,0
3782,3783,2,6291.5,4420.860000000001,2978.039999999999,0.48828125,3782,1022,GPe,GPe,62,left,0
3783,3784,2,6291.459999999999,4418.76,2978.6399999999994,0.62109375,3783,1022,GPe,GPe,62,left,0
3784,3785,2,6291.42,4415.08,2979.92,0.19140625,3784,1022,GPe,GPe,62,left,0
3785,3786,2,6291.3,4413.4,2980.74,0.43359375,3785,1022,GPe,GPe,62,left,0
3786,3787,2,6290.38,4412.28,2981.6000000000004,0.3515625,3786,1022,GPe,GPe,62,left,0
3787,3788,2,6288.42,4411.62,2982.08,0.59765625,3787,1022,GPe,GPe,62,left,0
3788,3789,2,6288.04,4410.04,2982.82,1.00390625,3788,1022,GPe,GPe,62,left,0
3789,3790,2,6287.14,4408.16,2983.2000000000007,0.00390625,3789,1022,GPe,GPe,62,left,0
3790,3791,2,6286.74,4406.74,2985.0200000000004,0.43359375,3790,1022,GPe,GPe,62,left,0
3791,3792,2,6285.96,4405.66,2985.74,0.6484375,3791,1022,GPe,GPe,62,left,0
3792,3793,2,6283.52,4403.26,2986.119999999999,0.00390625,3792,1022,GPe,GPe,62,left,0
3793,3794,2,6283.099999999999,4402.219999999999,2987.16,0.703125,3793,1022,GPe,GPe,62,left,0
3794,3795,2,6281.38,4401.76,2987.880000000001,0.62109375,3794,1022,GPe,GPe,62,left,0
3795,3796,2,6280.44,4400.12,2988.880000000001,0.83984375,3795,1022,GPe,GPe,62,left,0
3796,3797,2,6279.64,4397.56,2990.66,0.6484375,3796,1022,GPe,GPe,62,left,0
3797,3798,2,6278.9400000000005,4396.22,2991.26,0.59765625,3797,1022,GPe,GPe,62,left,0
3798,3799,2,6278.82,4392.5,2992.9,0.67578125,3798,672,CP,CP,62,left,0
3799,3800,2,6278.8,4390.32,2993.6000000000004,0.43359375,3799,672,CP,CP,62,left,0
3800,3801,2,6279.42,4387.780000000001,2995.0200000000004,0.8671875,3800,1022,GPe,GPe,62,left,0
3801,3802,2,6280.02,4384.48,2996.74,0.4609375,3801,1022,GPe,GPe,62,left,0
3802,3803,2,6281.02,4382.38,2997.22,0.00390625,3802,1022,GPe,GPe,62,left,0
3803,3804,2,6281.1,4379.32,2999.08,0.54296875,3803,1022,GPe,GPe,62,left,0
3804,3805,2,6280.320000000001,4378.38,2999.66,0.43359375,3804,1022,GPe,GPe,62,left,0
3805,3806,2,6281.02,4375.7,3000.0,0.00390625,3805,1022,GPe,GPe,62,left,0
3806,3807,2,6280.56,4372.900000000001,3000.620000000001,0.83984375,3806,1022,GPe,GPe,62,left,0
3807,3808,2,6279.04,4371.639999999999,3000.98,0.26953125,3807,1022,GPe,GPe,62,left,0
3808,3809,2,6278.360000000001,4368.8,3001.8600000000006,0.32421875,3808,1022,GPe,GPe,62,left,0
3809,3810,2,6277.58,4366.82,3002.279999999999,0.4609375,3809,1022,GPe,GPe,62,left,0
3810,3811,2,6276.0,4363.18,3003.1800000000003,0.21484375,3810,1022,GPe,GPe,62,left,0
3811,3812,2,6275.22,4361.04,3004.08,0.48828125,3811,1022,GPe,GPe,62,left,0
3812,3813,2,6275.04,4358.08,3005.2000000000007,0.00390625,3812,1022,GPe,GPe,62,left,0
3813,3814,2,6274.679999999999,4355.7,3005.5999999999985,0.48828125,3813,1022,GPe,GPe,62,left,0
3814,3815,2,6273.9400000000005,4353.76,3005.72,0.5703125,3814,1022,GPe,GPe,62,left,0
3815,3816,2,6273.8,4350.52,3006.459999999999,0.2421875,3815,1022,GPe,GPe,62,left,0
3816,3817,2,6273.74,4347.96,3006.2800000000007,0.54296875,3816,1022,GPe,GPe,62,left,0
3817,3818,2,6273.56,4344.54,3006.620000000001,0.296875,3817,1022,GPe,GPe,62,left,0
3818,3819,2,6272.84,4343.68,3007.2000000000007,0.3515625,3818,1022,GPe,GPe,62,left,0
3819,3820,2,6272.6,4341.3,3009.120000000001,0.296875,3819,1022,GPe,GPe,62,left,0
3820,3821,2,6272.12,4338.9,3011.6000000000004,0.32421875,3820,1022,GPe,GPe,62,left,0
3821,3822,2,6270.879999999999,4338.02,3012.7000000000007,0.515625,3821,1022,GPe,GPe,62,left,0
3822,3823,2,6270.02,4336.82,3013.8600000000006,0.5703125,3822,1022,GPe,GPe,62,left,0
3823,3824,2,6268.68,4336.24,3014.220000000001,0.21484375,3823,1022,GPe,GPe,62,left,0
3824,3825,2,6267.4800000000005,4334.68,3015.460000000001,0.21484375,3824,1022,GPe,GPe,62,left,0
3825,3826,2,6266.2,4333.66,3016.66,0.4609375,3825,1022,GPe,GPe,62,left,0
3826,3827,2,6264.52,4333.34,3017.08,0.03515625,3826,672,CP,CP,62,left,0
3827,3828,2,6263.62,4332.219999999999,3018.0200000000004,0.5703125,3827,672,CP,CP,62,left,0
3828,3829,2,6262.3,4330.38,3019.26,0.43359375,3828,672,CP,CP,62,left,0
3829,3830,2,6261.32,4328.58,3020.66,0.21484375,3829,672,CP,CP,62,left,0
3830,3831,2,6260.08,4327.7,3021.5,0.2421875,3830,672,CP,CP,62,left,0
3831,3832,2,6258.9,4326.8,3022.6800000000003,0.54296875,3831,672,CP,CP,62,left,0
3832,3833,2,6258.52,4324.34,3023.8600000000006,0.62109375,3832,672,CP,CP,62,left,0
3833,3834,2,6258.08,4322.18,3024.4399999999987,0.32421875,3833,672,CP,CP,62,left,0
3834,3835,2,6256.82,4320.62,3024.72,0.32421875,3834,672,CP,CP,62,left,0
3835,3836,2,6255.1,4318.46,3025.1399999999994,0.4609375,3835,1022,GPe,GPe,62,left,0
3836,3837,2,6254.26,4316.7,3026.24,0.2421875,3836,672,CP,CP,62,left,0
3837,3838,2,6253.08,4314.74,3027.92,0.19140625,3837,672,CP,CP,62,left,0
3838,3839,2,6251.7,4312.98,3028.8600000000006,0.48828125,3838,672,CP,CP,62,left,0
3839,3840,2,6250.52,4311.139999999999,3030.16,0.62109375,3839,672,CP,CP,62,left,0
3840,3841,2,6250.04,4308.56,3031.48,0.43359375,3840,672,CP,CP,62,left,0
3841,3842,2,6250.06,4306.5,3032.7000000000007,0.2421875,3841,672,CP,CP,62,left,0
3842,3843,2,6250.04,4302.7,3033.74,0.40625,3842,672,CP,CP,62,left,0
3843,3844,2,6250.460000000001,4300.02,3034.58,0.40625,3843,672,CP,CP,62,left,0
3844,3845,2,6251.16,4297.98,3035.32,0.40625,3844,1022,GPe,GPe,62,left,0
3845,3846,2,6251.02,4294.48,3036.4,0.48828125,3845,1022,GPe,GPe,62,left,0
3846,3847,2,6249.700000000001,4292.58,3037.26,0.3515625,3846,1022,GPe,GPe,62,left,0
3847,3848,2,6248.6,4289.54,3038.5599999999995,0.48828125,3847,1022,GPe,GPe,62,left,0
3848,3849,2,6247.799999999999,4288.42,3038.9400000000005,0.48828125,3848,1022,GPe,GPe,62,left,0
3849,3850,2,6247.42,4283.96,3039.42,0.40625,3849,672,CP,CP,62,left,0
3850,3851,2,6246.660000000001,4281.9,3039.5,0.37890625,3850,672,CP,CP,62,left,0
3851,3852,2,6246.219999999999,4278.6,3039.9400000000005,0.6484375,3851,672,CP,CP,62,left,0
3852,3853,2,6246.92,4275.46,3040.32,0.00390625,3852,672,CP,CP,62,left,0
3853,3854,2,6247.34,4271.639999999999,3040.5200000000004,0.4609375,3853,672,CP,CP,62,left,0
3854,3855,2,6247.5,4269.34,3040.5,0.59765625,3854,672,CP,CP,62,left,0
3855,3856,2,6248.3,4268.4,3040.620000000001,0.515625,3855,672,CP,CP,62,left,0
3856,3857,2,6248.46,4264.719999999999,3040.92,0.37890625,3856,672,CP,CP,62,left,0
3857,3858,2,6248.4400000000005,4262.98,3041.2000000000007,0.48828125,3857,672,CP,CP,62,left,0
3858,3859,2,6248.379999999999,4259.86,3041.6000000000004,0.32421875,3858,672,CP,CP,62,left,0
3859,3860,2,6248.360000000001,4258.06,3042.26,0.21484375,3859,672,CP,CP,62,left,0
3860,3861,2,6248.32,4255.16,3043.76,0.48828125,3860,672,CP,CP,62,left,0
3861,3862,2,6248.3,4252.34,3044.9,0.40625,3861,672,CP,CP,62,left,0
3862,3863,2,6247.92,4249.719999999999,3046.3600000000006,0.48828125,3862,672,CP,CP,62,left,0
3863,3864,2,6247.12,4248.02,3046.699999999999,0.48828125,3863,672,CP,CP,62,left,0
3864,3865,2,6246.860000000001,4244.34,3048.2000000000007,0.4609375,3864,672,CP,CP,62,left,0
3865,3866,2,6246.08,4242.76,3048.619999999999,0.37890625,3865,672,CP,CP,62,left,0
3866,3867,2,6245.58,4240.38,3049.3600000000006,0.32421875,3866,672,CP,CP,62,left,0
3867,3868,2,6245.56,4238.5,3050.58,0.67578125,3867,672,CP,CP,62,left,0
3868,3869,2,6245.48,4235.04,3051.16,0.32421875,3868,672,CP,CP,62,left,0
3869,3870,2,6245.42,4233.32,3051.4400000000005,0.62109375,3869,672,CP,CP,62,left,0
3870,3871,2,6245.2,4230.860000000001,3052.74,0.2421875,3870,672,CP,CP,62,left,0
3871,3872,2,6244.42,4229.599999999999,3053.379999999999,0.4609375,3871,672,CP,CP,62,left,0
3872,3873,2,6244.04,4226.4400000000005,3054.98,0.37890625,3872,672,CP,CP,62,left,0
3873,3874,2,6243.3,4223.74,3056.48,0.4609375,3873,672,CP,CP,62,left,0
3874,3875,2,6241.96,4222.36,3057.26,0.3515625,3874,672,CP,CP,62,left,0
3875,3876,2,6241.16,4220.16,3058.48,0.40625,3875,672,CP,CP,62,left,0
3876,3877,2,6240.259999999999,4219.3,3059.199999999999,0.48828125,3876,672,CP,CP,62,left,0
3877,3878,2,6239.099999999999,4216.12,3060.119999999999,0.32421875,3877,672,CP,CP,62,left,0
3878,3879,2,6238.42,4213.42,3061.42,0.43359375,3878,672,CP,CP,62,left,0
3879,3880,2,6237.12,4211.78,3062.26,0.4609375,3879,672,CP,CP,62,left,0
3880,3881,2,6236.02,4209.4400000000005,3063.120000000001,0.21484375,3880,672,CP,CP,62,left,0
3881,3882,2,6236.02,4206.72,3063.7800000000007,0.40625,3881,672,CP,CP,62,left,0
3882,3883,2,6236.7,4204.56,3065.0200000000004,0.48828125,3882,672,CP,CP,62,left,0
3883,3884,2,6237.4400000000005,4201.72,3066.2800000000007,0.2421875,3883,672,CP,CP,62,left,0
3884,3885,2,6238.08,4200.280000000001,3066.26,0.2421875,3884,672,CP,CP,62,left,0
3885,3886,2,6238.08,4197.4,3066.08,0.6484375,3885,672,CP,CP,62,left,0
3886,3887,2,6238.64,4195.68,3066.22,0.1640625,3886,672,CP,CP,62,left,0
3887,3888,2,6241.06,4195.36,3066.2000000000007,0.37890625,3887,672,CP,CP,62,left,0
3888,3889,2,6242.92,4195.24,3065.779999999999,0.54296875,3888,672,CP,CP,62,left,0
3889,3890,2,6246.5,4194.3,3066.1000000000004,0.32421875,3889,672,CP,CP,62,left,0
3890,3891,2,6249.26,4192.34,3066.6399999999994,0.515625,3890,672,CP,CP,62,left,0
3891,3892,2,6251.12,4190.860000000001,3067.0200000000004,0.32421875,3891,672,CP,CP,62,left,0
3892,3893,2,6254.299999999999,4189.4,3067.7000000000007,0.5703125,3892,672,CP,CP,62,left,0
3893,3894,2,6256.0,4188.54,3068.32,0.3515625,3893,1022,GPe,GPe,62,left,0
3894,3895,2,6257.619999999999,4186.96,3068.959999999999,0.32421875,3894,1022,GPe,GPe,62,left,0
3895,3896,2,6258.68,4184.36,3069.220000000001,0.21484375,3895,1022,GPe,GPe,62,left,0
3896,3897,2,6260.14,4182.4,3069.0,0.3515625,3896,1022,GPe,GPe,62,left,0
3897,3898,2,6260.38,4179.48,3068.16,0.4609375,3897,1022,GPe,GPe,62,left,0
3898,3899,2,6260.98,4178.38,3067.540000000001,0.48828125,3898,1022,GPe,GPe,62,left,0
3899,3900,2,6262.64,4177.3,3067.6800000000003,0.296875,3899,1022,GPe,GPe,62,left,0
3900,3901,2,6263.82,4175.44,3067.380000000001,0.32421875,3900,1022,GPe,GPe,62,left,0
3901,3902,2,6266.42,4173.52,3067.6399999999994,0.6484375,3901,1022,GPe,GPe,62,left,0
3902,3903,2,6267.4,4171.96,3068.1399999999994,0.43359375,3902,1022,GPe,GPe,62,left,0
3903,3904,2,6267.08,4169.86,3069.8,0.0078125,3903,1022,GPe,GPe,62,left,0
3904,3905,2,6266.4400000000005,4166.86,3070.98,0.48828125,3904,1022,GPe,GPe,62,left,0
3905,3906,2,6265.299999999999,4164.68,3071.3,0.4609375,3905,1022,GPe,GPe,62,left,0
3906,3907,2,6264.86,4162.5,3071.720000000001,0.43359375,3906,672,CP,CP,62,left,0
3907,3908,2,6263.42,4160.34,3072.42,0.26953125,3907,672,CP,CP,62,left,0
3908,3909,2,6262.54,4159.64,3072.76,0.4609375,3908,672,CP,CP,62,left,0
3909,3910,2,6262.380000000001,4157.4,3073.74,0.40625,3909,672,CP,CP,62,left,0
3910,3911,2,6262.240000000001,4155.42,3074.5200000000004,0.296875,3910,672,CP,CP,62,left,0
3911,3912,2,6261.16,4153.96,3075.08,0.48828125,3911,1022,GPe,GPe,62,left,0
3912,3913,2,6260.96,4151.4800000000005,3076.16,0.296875,3912,1022,GPe,GPe,62,left,0
3913,3914,2,6260.82,4148.06,3077.84,0.296875,3913,1022,GPe,GPe,62,left,0
3914,3915,2,6260.06,4146.62,3078.3600000000006,0.48828125,3914,1022,GPe,GPe,62,left,0
3915,3916,2,6259.76,4144.5,3079.880000000001,0.48828125,3915,1022,GPe,GPe,62,left,0
3916,3917,2,6260.54,4143.78,3080.66,0.32421875,3916,1022,GPe,GPe,62,left,0
3917,3918,2,6260.860000000001,4141.360000000001,3081.6000000000004,0.40625,3917,1022,GPe,GPe,62,left,0
3918,3919,2,6260.82,4138.4800000000005,3082.380000000001,0.54296875,3918,1022,GPe,GPe,62,left,0
3919,3920,2,6260.8,4136.6,3083.3600000000006,0.26953125,3919,1022,GPe,GPe,62,left,0
3920,3921,2,6260.320000000001,4133.2,3084.5,0.43359375,3920,672,CP,CP,62,left,0
3921,3922,2,6259.539999999999,4131.22,3085.2800000000007,0.59765625,3921,1022,GPe,GPe,62,left,0
3922,3923,2,6258.84,4127.82,3087.1800000000003,0.32421875,3922,1022,GPe,GPe,62,left,0
3923,3924,2,6258.139999999999,4125.74,3088.1800000000003,0.32421875,3923,1022,GPe,GPe,62,left,0
3924,3925,2,6257.72,4123.1,3089.6000000000004,0.296875,3924,1022,GPe,GPe,62,left,0
3925,3926,2,6256.56,4121.82,3090.3,0.4609375,3925,1022,GPe,GPe,62,left,0
3926,3927,2,6254.5,4120.1,3091.040000000001,0.48828125,3926,672,CP,CP,62,left,0
3927,3928,2,6252.759999999999,4117.76,3092.119999999999,0.32421875,3927,672,CP,CP,62,left,0
3928,3929,2,6251.76,4115.8,3093.1399999999994,0.37890625,3928,672,CP,CP,62,left,0
3929,3930,2,6251.36,4112.6,3094.400000000001,0.48828125,3929,672,CP,CP,62,left,0
3930,3931,2,6251.32,4110.34,3095.58,0.5703125,3930,1022,GPe,GPe,62,left,0
3931,3932,2,6251.18,4107.679999999999,3097.1000000000004,0.19140625,3931,1022,GPe,GPe,62,left,0
3932,3933,2,6250.38,4105.88,3098.32,0.3515625,3932,1022,GPe,GPe,62,left,0
3933,3934,2,6249.880000000001,4103.02,3100.92,0.43359375,3933,672,CP,CP,62,left,0
3934,3935,2,6249.84,4100.82,3101.8600000000006,0.296875,3934,672,CP,CP,62,left,0
3935,3936,2,6250.66,4098.0,3103.120000000001,0.3515625,3935,672,CP,CP,62,left,0
3936,3937,2,6251.02,4093.58,3105.1399999999994,0.40625,3936,1022,GPe,GPe,62,left,0
3937,3938,2,6250.96,4091.3,3105.92,0.6484375,3937,1022,GPe,GPe,62,left,0
3938,3939,2,6250.900000000001,4089.4,3107.74,0.515625,3938,1022,GPe,GPe,62,left,0
3939,3940,2,6250.24,4088.12,3109.2800000000007,0.62109375,3939,1022,GPe,GPe,62,left,0
3940,3941,2,6248.719999999999,4087.1,3110.040000000001,0.54296875,3940,1022,GPe,GPe,62,left,0
3941,3942,2,6247.200000000001,4084.64,3112.140000000001,0.48828125,3941,672,CP,CP,62,left,0
3942,3943,2,6245.879999999999,4083.24,3113.0600000000013,0.37890625,3942,672,CP,CP,62,left,0
3943,3944,2,6245.259999999999,4081.58,3114.08,0.59765625,3943,672,CP,CP,62,left,0
3944,3945,2,6244.96,4079.32,3116.040000000001,0.59765625,3944,672,CP,CP,62,left,0
3945,3946,2,6243.66,4078.52,3116.58,0.48828125,3945,672,CP,CP,62,left,0
3946,3947,2,6241.76,4076.74,3117.4400000000005,0.40625,3946,672,CP,CP,62,left,0
3947,3948,2,6239.84,4074.58,3118.379999999999,0.54296875,3947,672,CP,CP,62,left,0
3948,3949,2,6238.62,4072.88,3119.3,0.1640625,3948,672,CP,CP,62,left,0
3949,3950,2,6236.94,4070.62,3120.34,0.5703125,3949,672,CP,CP,62,left,0
3950,3951,2,6235.02,4069.08,3121.040000000001,0.19140625,3950,672,CP,CP,62,left,0
3951,3952,2,6233.9,4067.36,3121.8,0.37890625,3951,672,CP,CP,62,left,0
3952,3953,2,6231.599999999999,4065.12,3123.0,0.67578125,3952,672,CP,CP,62,left,0
3953,3954,2,6229.78,4063.74,3123.76,0.37890625,3953,672,CP,CP,62,left,0
3954,3955,2,6229.04,4061.64,3124.779999999999,0.48828125,3954,672,CP,CP,62,left,0
3955,3956,2,6228.139999999999,4060.14,3125.5999999999985,0.3515625,3955,672,CP,CP,62,left,0
3956,3957,2,6226.84,4059.72,3125.5600000000013,0.32421875,3956,672,CP,CP,62,left,0
3957,3958,2,6226.4,4057.78,3126.1800000000003,0.5703125,3957,672,CP,CP,62,left,0
3958,3959,2,6225.52,4055.2,3127.16,0.26953125,3958,672,CP,CP,62,left,0
3959,3960,2,6224.32,4053.28,3127.84,0.296875,3959,672,CP,CP,62,left,0
3960,3961,2,6223.76,4050.74,3128.7000000000007,0.54296875,3960,672,CP,CP,62,left,0
3961,3962,2,6223.52,4049.5,3129.6800000000003,0.48828125,3961,672,CP,CP,62,left,0
3962,3963,2,6222.08,4049.38,3130.040000000001,0.6484375,3962,672,CP,CP,62,left,0
3963,3964,2,6220.78,4048.28,3131.2000000000007,0.32421875,3963,672,CP,CP,62,left,0
3964,3965,2,6219.28,4046.9,3132.4400000000005,0.4609375,3964,672,CP,CP,62,left,0
3965,3966,2,6218.339999999999,4045.48,3134.16,0.3515625,3965,672,CP,CP,62,left,0
3966,3967,2,6216.900000000001,4044.56,3134.6000000000004,0.32421875,3966,672,CP,CP,62,left,0
3967,3968,2,6216.219999999999,4042.78,3135.380000000001,0.54296875,3967,672,CP,CP,62,left,0
3968,3969,2,6215.72,4040.5,3137.0200000000004,0.5703125,3968,672,CP,CP,62,left,0
3969,3970,2,6214.26,4038.92,3137.619999999999,0.32421875,3969,672,CP,CP,62,left,0
3970,3971,2,6213.92,4035.8,3138.5,0.703125,3970,672,CP,CP,62,left,0
3971,3972,2,6213.9800000000005,4033.76,3138.7000000000007,0.015625,3971,672,CP,CP,62,left,0
3972,3973,2,6215.14,4032.26,3138.7000000000007,0.6484375,3972,672,CP,CP,62,left,0
3973,3974,2,6217.1,4032.1,3138.039999999999,0.1640625,3973,672,CP,CP,62,left,0
3974,3975,2,6218.0,4032.82,3136.3600000000006,0.48828125,3974,672,CP,CP,62,left,0
3975,3976,2,6219.38,4034.2,3135.0599999999995,0.40625,3975,672,CP,CP,62,left,0
3976,3977,2,6220.08,4035.8,3133.7800000000007,0.48828125,3976,672,CP,CP,62,left,0
3977,3978,2,6220.78,4036.7,3132.58,0.5703125,3977,672,CP,CP,62,left,0
3978,3979,2,6221.94,4037.84,3130.539999999999,0.32421875,3978,672,CP,CP,62,left,0
3979,3980,2,6223.3,4038.64,3128.9,0.4609375,3979,672,CP,CP,62,left,0
3980,3981,2,6224.96,4039.1,3126.8600000000006,0.40625,3980,672,CP,CP,62,left,0
3981,3982,2,6226.620000000001,4039.64,3125.3,0.5703125,3981,672,CP,CP,62,left,0
3982,3983,2,6229.099999999999,4039.68,3124.0599999999995,0.37890625,3982,672,CP,CP,62,left,0
3983,3984,2,6230.52,4039.2,3122.74,0.296875,3983,672,CP,CP,62,left,0
3984,3985,2,6232.56,4039.1,3121.4,0.5703125,3984,672,CP,CP,62,left,0
3985,3986,2,6235.72,4038.9,3120.8600000000006,0.40625,3985,672,CP,CP,62,left,0
3986,3987,2,6237.799999999999,4038.74,3120.6399999999994,0.703125,3986,672,CP,CP,62,left,0
3987,3988,2,6340.78,5987.66,3196.879999999999,0.37890625,2872,559,CEAm,CEA,63,left,0
3988,3989,2,6339.9800000000005,5985.48,3195.82,0.2421875,3988,559,CEAm,CEA,63,left,0
3989,3990,2,6339.56,5982.820000000001,3194.82,0.32421875,3989,559,CEAm,CEA,63,left,0
3990,3991,2,6339.299999999999,5979.120000000001,3194.66,0.43359375,3990,559,CEAm,CEA,63,left,0
3991,3992,2,6339.2,5976.4800000000005,3194.76,0.296875,3991,559,CEAm,CEA,63,left,0
3992,3993,2,6338.88,5973.099999999999,3194.16,0.37890625,3992,559,CEAm,CEA,63,left,0
3993,3994,2,6338.540000000001,5971.18,3193.32,0.40625,3993,559,CEAm,CEA,63,left,0
3994,3995,2,6338.139999999999,5967.12,3192.5200000000004,0.00390625,3994,559,CEAm,CEA,63,left,0
3995,3996,2,6337.3,5964.52,3191.380000000001,0.32421875,3995,559,CEAm,CEA,63,left,0
3996,3997,2,6335.74,5962.240000000001,3191.040000000001,0.1640625,3996,559,CEAm,CEA,63,left,0
3997,3998,2,6334.9,5960.06,3190.5600000000013,0.40625,3997,559,CEAm,CEA,63,left,0
3998,3999,2,6334.679999999999,5956.92,3190.3,0.48828125,3998,559,CEAm,CEA,63,left,0
3999,4000,2,6334.48,5954.52,3189.959999999999,0.54296875,3999,559,CEAm,CEA,63,left,0
4000,4001,2,6334.86,5950.62,3190.5,0.00390625,4000,559,CEAm,CEA,63,left,0
4001,4002,2,6336.12,5949.5,3190.620000000001,0.43359375,4001,559,CEAm,CEA,63,left,0
4002,4003,2,6336.82,5946.88,3190.98,0.3515625,4002,559,CEAm,CEA,63,left,0
4003,4004,2,6336.4,5945.66,3190.58,0.40625,4003,559,CEAm,CEA,63,left,0
4004,4005,2,6334.62,5945.38,3190.24,0.4609375,4004,559,CEAm,CEA,63,left,0
4005,4006,2,6334.0,5943.959999999999,3188.6800000000003,0.00390625,4005,559,CEAm,CEA,63,left,0
4006,4007,2,6335.599999999999,5943.08,3188.66,0.37890625,4006,559,CEAm,CEA,63,left,0
4007,4008,2,6337.039999999999,5943.32,3188.039999999999,0.4609375,4007,559,CEAm,CEA,63,left,0
4008,4009,2,6336.84,5945.42,3186.98,0.296875,4008,559,CEAm,CEA,63,left,0
4009,4010,2,6336.5,5947.5,3185.5,0.515625,4009,559,CEAm,CEA,63,left,0
4010,4011,2,6336.040000000001,5948.099999999999,3183.300000000001,0.515625,4010,559,CEAm,CEA,63,left,0
4011,4012,2,6336.2,5947.0,3181.4400000000005,0.296875,4011,559,CEAm,CEA,63,left,0
4012,4013,2,6335.92,5944.84,3179.72,0.0078125,4012,559,CEAm,CEA,63,left,0
4013,4014,2,6335.24,5941.98,3177.6800000000003,0.2421875,4013,559,CEAm,CEA,63,left,0
4014,4015,2,6334.719999999999,5939.44,3176.22,0.40625,4014,559,CEAm,CEA,63,left,0
4015,4016,2,6334.46,5936.38,3174.9400000000005,0.43359375,4015,559,CEAm,CEA,63,left,0
4016,4017,2,6335.5,5934.84,3174.460000000001,0.59765625,4016,559,CEAm,CEA,63,left,0
4017,4018,2,6336.54,5933.16,3172.9,0.40625,4017,559,CEAm,CEA,63,left,0
4018,4019,2,6337.5,5931.5,3171.720000000001,0.3515625,4018,559,CEAm,CEA,63,left,0
4019,4020,2,6337.66,5929.9800000000005,3170.48,0.37890625,4019,559,CEAm,CEA,63,left,0
4020,4021,2,6338.64,5929.26,3169.26,0.19140625,4020,559,CEAm,CEA,63,left,0
4021,4022,2,6339.82,5928.26,3167.6800000000003,0.2421875,4021,559,CEAm,CEA,63,left,0
4022,4023,2,6341.02,5927.960000000001,3166.42,0.32421875,4022,559,CEAm,CEA,63,left,0
4023,4024,2,6342.46,5927.240000000001,3164.379999999999,0.48828125,4023,559,CEAm,CEA,63,left,0
4024,4025,2,6837.54,5778.52,2661.26,0.01953125,2891,303,BLAa,BLA,64,left,0
4025,4026,2,6835.52,5776.92,2662.42,0.32421875,4025,303,BLAa,BLA,64,left,1
4026,4027,2,6839.679999999999,5779.42,2662.84,0.015625,2891,303,BLAa,BLA,65,left,0
4027,4028,2,6838.339999999999,5779.76,2664.539999999999,0.26953125,4027,303,BLAa,BLA,65,left,0
4028,4029,2,6837.52,5780.66,2666.74,0.37890625,4028,303,BLAa,BLA,65,left,0
4029,4030,2,6837.4,5782.240000000001,2669.0599999999995,0.4609375,4029,303,BLAa,BLA,65,left,0
4030,4031,2,6837.72,5783.86,2670.3,0.0078125,4030,303,BLAa,BLA,65,left,0
4031,4032,2,6838.3,5786.860000000001,2671.26,0.48828125,4031,303,BLAa,BLA,65,left,0
4032,4033,2,6839.66,5788.5,2671.960000000001,0.4609375,4032,303,BLAa,BLA,65,left,0
4033,4034,2,6841.34,5790.06,2673.58,0.37890625,4033,303,BLAa,BLA,65,left,0
4034,4035,2,6843.139999999999,5791.02,2674.199999999999,0.48828125,4034,303,BLAa,BLA,65,left,1
4035,4036,2,6668.16,6558.26,2891.98,0.0078125,2914,327,BMAa,BMA,66,left,0
4036,4037,2,6668.5,6558.099999999999,2894.880000000001,0.43359375,4036,327,BMAa,BMA,66,left,1
4037,4038,2,6667.219999999999,6560.879999999999,2890.779999999999,0.37890625,2914,327,BMAa,BMA,67,left,0
4038,4039,2,6666.4,6562.759999999999,2892.1000000000004,0.32421875,4038,327,BMAa,BMA,67,left,0
4039,4040,2,6665.460000000001,6563.719999999999,2893.0,0.3515625,4039,327,BMAa,BMA,67,left,0
4040,4041,2,6665.8,6567.06,2894.84,0.40625,4040,327,BMAa,BMA,67,left,0
4041,4042,2,6666.1,6569.400000000001,2895.5999999999985,0.48828125,4041,327,BMAa,BMA,67,left,0
4042,4043,2,6666.26,6572.36,2896.08,0.32421875,4042,327,BMAa,BMA,67,left,0
4043,4044,2,6665.700000000001,6574.0,2896.34,0.3515625,4043,327,BMAa,BMA,67,left,0
4044,4045,2,6665.76,6576.24,2897.32,0.73046875,4044,327,BMAa,BMA,67,left,0
4045,4046,2,6664.04,6578.56,2897.880000000001,0.00390625,4045,327,BMAa,BMA,67,left,0
4046,4047,2,6663.12,6580.320000000001,2898.34,0.32421875,4046,327,BMAa,BMA,67,left,0
4047,4048,2,6661.88,6583.3,2898.3600000000006,0.40625,4047,327,BMAa,BMA,67,left,0
4048,4049,2,6661.76,6585.66,2898.5599999999995,0.515625,4048,327,BMAa,BMA,67,left,0
4049,4050,2,6660.62,6587.4800000000005,2899.24,0.1640625,4049,327,BMAa,BMA,67,left,0
4050,4051,2,6660.24,6589.22,2899.6000000000004,0.26953125,4050,327,BMAa,BMA,67,left,0
4051,4052,2,6660.1,6590.2,2901.84,0.00390625,4051,327,BMAa,BMA,67,left,0
4052,4053,2,6659.02,6590.54,2903.5599999999995,1.48828125,4052,327,BMAa,BMA,67,left,0
4053,4054,2,6658.82,6594.76,2903.34,0.54296875,4053,327,BMAa,BMA,67,left,0
4054,4055,2,6658.46,6596.860000000001,2903.540000000001,0.296875,4054,327,BMAa,BMA,67,left,0
4055,4056,2,6658.24,6599.08,2904.5599999999995,0.5703125,4055,327,BMAa,BMA,67,left,0
4056,4057,2,6658.58,6601.36,2905.72,0.32421875,4056,327,BMAa,BMA,67,left,0
4057,4058,2,6657.72,6602.56,2906.0599999999995,0.0078125,4057,327,BMAa,BMA,67,left,0
4058,4059,2,6657.88,6604.400000000001,2907.3600000000006,0.54296875,4058,327,BMAa,BMA,67,left,0
4059,4060,2,6658.24,6606.36,2908.8600000000006,0.32421875,4059,327,BMAa,BMA,67,left,0
4060,4061,2,6658.4400000000005,6607.98,2909.4399999999987,0.21484375,4060,327,BMAa,BMA,67,left,0
4061,4062,2,6658.82,6611.58,2910.6800000000003,0.21484375,4061,327,BMAa,BMA,67,left,0
4062,4063,2,6658.5,6613.74,2911.82,0.32421875,4062,327,BMAa,BMA,67,left,0
4063,4064,2,6658.540000000001,6618.200000000001,2912.6399999999994,0.32421875,4063,327,BMAa,BMA,67,left,0
4064,4065,2,6658.780000000001,6620.879999999999,2912.880000000001,0.48828125,4064,327,BMAa,BMA,67,left,0
4065,4066,2,6659.06,6622.9,2913.66,0.26953125,4065,327,BMAa,BMA,67,left,0
4066,4067,2,6659.299999999999,6625.14,2914.16,0.1640625,4066,327,BMAa,BMA,67,left,0
4067,4068,2,6659.5,6627.780000000001,2915.32,0.26953125,4067,327,BMAa,BMA,67,left,0
4068,4069,2,6658.959999999999,6628.9400000000005,2915.9,0.32421875,4068,327,BMAa,BMA,67,left,0
4069,4070,2,6659.0,6631.7,2916.6800000000003,0.5703125,4069,327,BMAa,BMA,67,left,0
4070,4071,2,6659.26,6633.88,2917.32,0.54296875,4070,327,BMAa,BMA,67,left,0
4071,4072,2,6659.6,6636.52,2918.34,0.00390625,4071,327,BMAa,BMA,67,left,0
4072,4073,2,6658.9800000000005,6638.46,2919.98,0.26953125,4072,327,BMAa,BMA,67,left,0
4073,4074,2,6658.06,6639.48,2921.08,0.32421875,4073,327,BMAa,BMA,67,left,0
4074,4075,2,6658.24,6641.72,2922.6399999999994,0.40625,4074,327,BMAa,BMA,67,left,0
4075,4076,2,6658.56,6643.200000000001,2924.1800000000003,0.37890625,4075,327,BMAa,BMA,67,left,0
4076,4077,2,6658.62,6644.9800000000005,2925.800000000001,0.32421875,4076,327,BMAa,BMA,67,left,0
4077,4078,2,6658.04,6645.900000000001,2926.22,0.296875,4077,327,BMAa,BMA,67,left,0
4078,4079,2,6658.16,6648.86,2926.620000000001,0.40625,4078,327,BMAa,BMA,67,left,0
4079,4080,2,6657.92,6651.76,2927.6000000000004,0.1640625,4079,327,BMAa,BMA,67,left,0
4080,4081,2,6656.98,6653.88,2928.459999999999,0.62109375,4080,327,BMAa,BMA,67,left,0
4081,4082,2,6656.98,6656.92,2930.42,0.2421875,4081,327,BMAa,BMA,67,left,0
4082,4083,2,6657.26,6659.08,2931.26,0.1640625,4082,327,BMAa,BMA,67,left,0
4083,4084,2,6657.02,6660.900000000001,2931.2000000000007,0.37890625,4083,327,BMAa,BMA,67,left,0
4084,4085,2,6655.76,6662.14,2931.58,0.26953125,4084,327,BMAa,BMA,67,left,0
4085,4086,2,6655.44,6664.099999999999,2933.0,0.296875,4085,327,BMAa,BMA,67,left,0
4086,4087,2,6654.56,6664.9800000000005,2933.48,0.37890625,4086,327,BMAa,BMA,67,left,0
4087,4088,2,6654.48,6667.1,2935.34,0.00390625,4087,327,BMAa,BMA,67,left,0
4088,4089,2,6653.9400000000005,6668.4400000000005,2936.3600000000006,0.32421875,4088,327,BMAa,BMA,67,left,0
4089,4090,2,6653.099999999999,6670.320000000001,2937.2000000000007,0.2421875,4089,327,BMAa,BMA,67,left,0
4090,4091,2,6652.56,6671.52,2938.34,0.515625,4090,327,BMAa,BMA,67,left,0
4091,4092,2,6652.56,6672.92,2940.24,0.26953125,4091,327,BMAa,BMA,67,left,0
4092,4093,2,6652.3,6674.46,2942.5200000000004,0.1640625,4092,327,BMAa,BMA,67,left,0
4093,4094,2,6651.16,6676.0,2944.1000000000004,0.48828125,4093,327,BMAa,BMA,67,left,0
4094,4095,2,6650.48,6676.58,2945.4,0.48828125,4094,327,BMAa,BMA,67,left,0
4095,4096,2,6649.8,6678.16,2947.3,0.26953125,4095,327,BMAa,BMA,67,left,0
4096,4097,2,6649.22,6679.42,2948.8,0.32421875,4096,327,BMAa,BMA,67,left,0
4097,4098,2,6648.02,6681.02,2949.76,0.4609375,4097,327,BMAa,BMA,67,left,0
4098,4099,2,6646.76,6682.06,2950.119999999999,0.43359375,4098,327,BMAa,BMA,67,left,0
4099,4100,2,6645.96,6684.76,2951.32,0.32421875,4099,327,BMAa,BMA,67,left,0
4100,4101,2,6646.08,6687.42,2953.1800000000003,0.2421875,4100,327,BMAa,BMA,67,left,0
4101,4102,2,6646.38,6688.48,2954.9400000000005,0.54296875,4101,327,BMAa,BMA,67,left,0
4102,4103,2,6646.74,6690.44,2956.620000000001,0.515625,4102,327,BMAa,BMA,67,left,0
4103,4104,2,6646.280000000001,6692.74,2958.2000000000007,0.4609375,4103,327,BMAa,BMA,67,left,0
4104,4105,2,6645.460000000001,6694.740000000001,2959.32,0.515625,4104,327,BMAa,BMA,67,left,0
4105,4106,2,6240.320000000001,4038.68,3120.1800000000003,0.02734375,3987,672,CP,CP,68,left,0
4106,4107,2,6241.34,4039.08,3118.48,0.296875,4106,672,CP,CP,68,left,0
4107,4108,2,6243.76,4039.06,3117.66,0.2421875,4107,672,CP,CP,68,left,1
4108,4109,2,6239.6,4037.12,3119.959999999999,0.00390625,3987,672,CP,CP,69,left,0
4109,4110,2,6242.380000000001,4036.4,3119.26,0.4609375,4109,672,CP,CP,69,left,0
4110,4111,2,6245.18,4036.16,3119.34,0.43359375,4110,672,CP,CP,69,left,0
4111,4112,2,6247.4400000000005,4035.32,3119.84,0.78515625,4111,672,CP,CP,69,left,0
4112,4113,2,6248.9,4034.18,3120.7000000000007,0.43359375,4112,672,CP,CP,69,left,0
4113,4114,2,6250.34,4033.34,3122.4,0.4609375,4113,672,CP,CP,69,left,0
4114,4115,2,6251.040000000001,4032.56,3124.76,0.515625,4114,672,CP,CP,69,left,0
4115,4116,2,6251.02,4031.56,3126.42,0.1640625,4115,672,CP,CP,69,left,0
4116,4117,2,6251.02,4029.76,3128.039999999999,0.26953125,4116,672,CP,CP,69,left,0
4117,4118,2,6251.0,4027.88,3129.3600000000006,0.32421875,4117,672,CP,CP,69,left,0
4118,4119,2,6250.98,4025.28,3130.82,0.48828125,4118,672,CP,CP,69,left,0
4119,4120,2,6251.78,4023.28,3131.66,0.296875,4119,672,CP,CP,69,left,0
4120,4121,2,6253.099999999999,4021.5,3133.0200000000004,0.4609375,4120,672,CP,CP,69,left,0
4121,4122,2,6253.66,4019.7,3133.7800000000007,0.40625,4121,672,CP,CP,69,left,0
4122,4123,2,6253.76,4017.92,3133.2000000000007,0.59765625,4122,672,CP,CP,69,left,0
4123,4124,2,6254.64,4017.02,3132.26,0.26953125,4123,672,CP,CP,69,left,0
4124,4125,2,6257.28,4015.98,3131.879999999999,0.296875,4124,1022,GPe,GPe,69,left,0
4125,4126,2,6257.84,4014.76,3130.4400000000005,0.515625,4125,672,CP,CP,69,left,0
4126,4127,2,6259.02,4012.92,3129.16,0.6484375,4126,672,CP,CP,69,left,0
4127,4128,2,6261.72,4011.96,3128.74,0.4609375,4127,672,CP,CP,69,left,0
4128,4129,2,6263.52,4011.28,3128.42,0.26953125,4128,672,CP,CP,69,left,0
4129,4130,2,6265.14,4010.54,3127.8599999999988,0.37890625,4129,1022,GPe,GPe,69,left,0
4130,4131,2,6267.66,4010.4,3126.98,0.48828125,4130,1022,GPe,GPe,69,left,0
4131,4132,2,6268.42,4011.02,3125.9,0.59765625,4131,1022,GPe,GPe,69,left,0
4132,4133,2,6268.76,4013.32,3125.2800000000007,0.3515625,4132,1022,GPe,GPe,69,left,0
4133,4134,2,6270.4,4014.14,3125.3599999999988,0.7578125,4133,1022,GPe,GPe,69,left,0
4134,4135,2,6271.08,4015.12,3124.199999999999,0.48828125,4134,1022,GPe,GPe,69,left,0
4135,4136,2,6271.08,4017.12,3122.0599999999995,0.0078125,4135,1022,GPe,GPe,69,left,0
4136,4137,2,6271.639999999999,4019.44,3119.92,0.19140625,4136,1022,GPe,GPe,69,left,0
4137,4138,2,6273.24,4019.96,3120.26,0.48828125,4137,1022,GPe,GPe,69,left,0
4138,4139,2,6275.0,4021.26,3120.66,0.37890625,4138,1022,GPe,GPe,69,left,0
4139,4140,2,6276.32,4022.32,3120.5600000000013,0.59765625,4139,1022,GPe,GPe,69,left,0
4140,4141,2,6276.4800000000005,4023.980000000001,3119.66,0.7578125,4140,1022,GPe,GPe,69,left,0
4141,4142,2,6276.599999999999,4026.94,3119.1000000000004,0.32421875,4141,1022,GPe,GPe,69,left,0
4142,4143,2,6277.46,4028.24,3119.1800000000003,0.6484375,4142,1022,GPe,GPe,69,left,0
4143,4144,2,6278.400000000001,4030.78,3119.120000000001,0.40625,4143,1022,GPe,GPe,69,left,0
4144,4145,2,6279.84,4032.84,3119.0200000000004,0.32421875,4144,1022,GPe,GPe,69,left,0
4145,4146,2,6282.4,4035.24,3119.040000000001,0.48828125,4145,1022,GPe,GPe,69,left,0
4146,4147,2,6284.26,4036.76,3118.9,0.3515625,4146,1022,GPe,GPe,69,left,0
4147,4148,2,6285.280000000001,4038.2,3117.82,0.32421875,4147,1022,GPe,GPe,69,left,0
4148,4149,2,6287.36,4038.7,3117.279999999999,0.67578125,4148,1022,GPe,GPe,69,left,0
4149,4150,2,6288.92,4041.36,3117.119999999999,0.62109375,4149,1022,GPe,GPe,69,left,0
4150,4151,2,6289.42,4043.52,3116.58,0.37890625,4150,1022,GPe,GPe,69,left,0
4151,4152,2,6290.320000000001,4045.46,3116.3600000000006,0.8125,4151,1022,GPe,GPe,69,left,0
4152,4153,2,6290.9400000000005,4048.2,3114.98,0.62109375,4152,1022,GPe,GPe,69,left,0
4153,4154,2,6291.82,4049.5,3114.0,0.59765625,4153,1022,GPe,GPe,69,left,0
4154,4155,2,6292.98,4050.36,3112.82,0.26953125,4154,1022,GPe,GPe,69,left,0
4155,4156,2,6293.139999999999,4051.44,3111.32,0.48828125,4155,1022,GPe,GPe,69,left,0
4156,4157,2,6293.88,4052.24,3109.5599999999995,0.5703125,4156,1022,GPe,GPe,69,left,0
4157,4158,2,6295.299999999999,4052.24,3108.76,0.32421875,4157,1022,GPe,GPe,69,left,0
4158,4159,2,6294.44,4052.62,3106.66,0.01171875,4158,1022,GPe,GPe,69,left,0
4159,4160,2,6294.400000000001,4053.980000000001,3104.460000000001,0.703125,4159,1022,GPe,GPe,69,left,0
4160,4161,2,6294.44,4056.3,3103.48,0.67578125,4160,1022,GPe,GPe,69,left,0
4161,4162,2,6295.24,4057.36,3102.5599999999995,0.54296875,4161,1022,GPe,GPe,69,left,0
4162,4163,2,6296.639999999999,4057.1,3102.26,0.48828125,4162,1022,GPe,GPe,69,left,0
4163,4164,2,6298.02,4056.56,3100.7000000000007,0.40625,4163,1022,GPe,GPe,69,left,0
4164,4165,2,6299.42,4055.64,3099.6000000000004,0.32421875,4164,1022,GPe,GPe,69,left,0
4165,4166,2,6301.040000000001,4054.7,3099.3,0.62109375,4165,1022,GPe,GPe,69,left,0
4166,4167,2,6303.04,4054.7,3099.0,0.26953125,4166,1022,GPe,GPe,69,left,0
4167,4168,2,6305.34,4055.16,3098.459999999999,0.26953125,4167,1022,GPe,GPe,69,left,0
4168,4169,2,6308.28,4055.94,3097.720000000001,0.43359375,4168,1022,GPe,GPe,69,left,0
4169,4170,2,6309.78,4056.82,3097.0,0.6484375,4169,1022,GPe,GPe,69,left,0
4170,4171,2,6312.3,4057.64,3095.959999999999,0.515625,4170,1022,GPe,GPe,69,left,0
4171,4172,2,6314.360000000001,4058.02,3095.34,0.32421875,4171,1022,GPe,GPe,69,left,0
4172,4173,2,6315.860000000001,4058.88,3094.1399999999994,0.54296875,4172,1022,GPe,GPe,69,left,0
4173,4174,2,6317.68,4059.5,3093.0999999999985,0.43359375,4173,1022,GPe,GPe,69,left,0
4174,4175,2,6320.599999999999,4060.3,3091.720000000001,0.3515625,4174,1022,GPe,GPe,69,left,0
4175,4176,2,6322.02,4060.88,3090.1399999999994,0.5703125,4175,1022,GPe,GPe,69,left,0
4176,4177,2,6324.56,4061.42,3088.0200000000004,0.4609375,4176,1022,GPe,GPe,69,left,0
4177,4178,2,6325.72,4061.96,3086.1800000000003,0.515625,4177,1022,GPe,GPe,69,left,0
4178,4179,2,6327.4800000000005,4062.08,3084.880000000001,0.40625,4178,1022,GPe,GPe,69,left,0
4179,4180,2,6328.139999999999,4062.18,3083.459999999999,0.40625,4179,1022,GPe,GPe,69,left,0
4180,4181,2,6330.1,4062.3,3080.84,0.6484375,4180,1022,GPe,GPe,69,left,0
4181,4182,2,6331.54,4062.440000000001,3078.34,0.32421875,4181,1022,GPe,GPe,69,left,0
4182,4183,2,6332.7,4062.52,3076.5,0.54296875,4182,1022,GPe,GPe,69,left,0
4183,4184,2,6333.9400000000005,4062.06,3074.220000000001,0.3515625,4183,1022,GPe,GPe,69,left,0
4184,4185,2,6334.96,4061.28,3073.0600000000013,0.32421875,4184,1022,GPe,GPe,69,left,0
4185,4186,2,6335.52,4060.26,3071.66,0.4609375,4185,1022,GPe,GPe,69,left,0
4186,4187,2,6337.16,4058.96,3069.92,0.48828125,4186,1022,GPe,GPe,69,left,0
4187,4188,2,6338.7,4057.96,3068.619999999999,0.59765625,4187,1022,GPe,GPe,69,left,0
4188,4189,2,6340.18,4057.42,3067.42,0.40625,4188,1022,GPe,GPe,69,left,0
4189,4190,2,6340.8,4056.96,3065.66,0.40625,4189,1022,GPe,GPe,69,left,0
4190,4191,2,6341.459999999999,4056.78,3064.1800000000003,0.296875,4190,1022,GPe,GPe,69,left,0
4191,4192,2,6342.039999999999,4056.46,3061.92,0.59765625,4191,1022,GPe,GPe,69,left,0
4192,4193,2,6343.04,4055.88,3060.539999999999,0.40625,4192,1022,GPe,GPe,69,left,0
4193,4194,2,6343.22,4055.36,3058.0,0.5703125,4193,1022,GPe,GPe,69,left,0
4194,4195,2,6343.0,4055.14,3055.98,0.4609375,4194,1022,GPe,GPe,69,left,0
4195,4196,2,6343.9400000000005,4055.16,3053.48,0.0078125,4195,1022,GPe,GPe,69,left,0
4196,4197,2,6344.719999999999,4055.34,3050.879999999999,0.40625,4196,1022,GPe,GPe,69,left,0
4197,4198,2,6345.06,4055.54,3048.7000000000007,0.5703125,4197,1022,GPe,GPe,69,left,0
4198,4199,2,6345.299999999999,4055.88,3044.92,0.48828125,4198,1022,GPe,GPe,69,left,0
4199,4200,2,6344.8,4055.88,3042.7000000000007,0.40625,4199,1022,GPe,GPe,69,left,0
4200,4201,2,6343.200000000001,4056.2,3040.66,0.5703125,4200,1022,GPe,GPe,69,left,0
4201,4202,2,6341.32,4056.66,3038.459999999999,0.6484375,4201,1022,GPe,GPe,69,left,0
4202,4203,2,6339.02,4057.16,3036.4400000000005,0.40625,4202,1022,GPe,GPe,69,left,0
4203,4204,2,6337.46,4057.76,3034.9400000000005,0.67578125,4203,672,CP,CP,69,left,0
4204,4205,2,6335.74,4058.92,3034.1399999999994,0.515625,4204,672,CP,CP,69,left,0
4205,4206,2,6334.160000000001,4060.6,3033.0200000000004,0.32421875,4205,672,CP,CP,69,left,0
4206,4207,2,6332.06,4061.98,3032.42,0.32421875,4206,672,CP,CP,69,left,0
4207,4208,2,6330.860000000001,4063.16,3032.48,0.21484375,4207,672,CP,CP,69,left,0
4208,4209,2,6329.6,4063.36,3033.5599999999995,0.54296875,4208,672,CP,CP,69,left,0
4209,4210,2,6327.72,4063.66,3034.84,0.43359375,4209,672,CP,CP,69,left,0
4210,4211,2,6326.219999999999,4065.5,3035.1399999999994,0.37890625,4210,1022,GPe,GPe,69,left,0
4211,4212,2,6324.96,4067.8,3034.24,0.703125,4211,672,CP,CP,69,left,0
4212,4213,2,6324.58,4073.0,3033.2000000000007,0.43359375,4212,672,CP,CP,69,left,0
4213,4214,2,6324.34,4075.52,3032.7800000000007,0.43359375,4213,672,CP,CP,69,left,0
4214,4215,2,6323.26,4076.96,3032.76,0.921875,4214,672,CP,CP,69,left,0
4215,4216,2,6322.179999999999,4080.7,3032.58,0.59765625,4215,672,CP,CP,69,left,0
4216,4217,2,6321.5,4083.06,3032.380000000001,0.515625,4216,672,CP,CP,69,left,0
4217,4218,2,6321.16,4085.66,3033.34,0.48828125,4217,672,CP,CP,69,left,0
4218,4219,2,6320.2,4086.38,3034.2800000000007,0.515625,4218,672,CP,CP,69,left,0
4219,4220,2,6319.099999999999,4089.38,3034.2800000000007,0.515625,4219,672,CP,CP,69,left,0
4220,4221,2,6318.780000000001,4090.86,3034.16,0.73046875,4220,672,CP,CP,69,left,0
4221,4222,2,6317.34,4091.68,3033.98,0.40625,4221,672,CP,CP,69,left,0
4222,4223,2,6316.12,4093.980000000001,3032.459999999999,0.00390625,4222,672,CP,CP,69,left,0
4223,4224,2,6314.66,4095.32,3031.5200000000004,0.1640625,4223,672,CP,CP,69,left,0
4224,4225,2,6312.1,4095.46,3031.66,0.6484375,4224,672,CP,CP,69,left,0
4225,4226,2,6310.839999999999,4095.02,3032.540000000001,0.48828125,4225,672,CP,CP,69,left,0
4226,4227,2,6307.68,4094.84,3032.459999999999,0.40625,4226,672,CP,CP,69,left,0
4227,4228,2,6305.68,4094.44,3032.22,0.37890625,4227,672,CP,CP,69,left,0
4228,4229,2,6303.74,4094.26,3031.98,0.40625,4228,672,CP,CP,69,left,0
4229,4230,2,6302.039999999999,4093.64,3031.58,0.62109375,4229,672,CP,CP,69,left,0
4230,4231,2,6299.58,4092.7,3030.879999999999,0.515625,4230,672,CP,CP,69,left,0
4231,4232,2,6297.84,4091.56,3030.539999999999,0.62109375,4231,672,CP,CP,69,left,0
4232,4233,2,6296.92,4089.74,3030.5200000000004,0.43359375,4232,672,CP,CP,69,left,0
4233,4234,2,6294.78,4089.0,3029.880000000001,0.015625,4233,672,CP,CP,69,left,0
4234,4235,2,6292.98,4088.52,3028.98,0.5703125,4234,672,CP,CP,69,left,0
4235,4236,2,6291.36,4088.980000000001,3025.380000000001,0.6484375,4235,672,CP,CP,69,left,0
4236,4237,2,6291.219999999999,4089.68,3024.08,0.73046875,4236,672,CP,CP,69,left,0
4237,4238,2,6290.74,4090.9,3019.48,0.43359375,4237,672,CP,CP,69,left,0
4238,4239,2,6291.24,4091.3,3017.8599999999988,0.1640625,4238,672,CP,CP,69,left,0
4239,4240,2,6291.5,4093.0,3014.74,0.48828125,4239,672,CP,CP,69,left,0
4240,4241,2,6292.02,4093.68,3012.8599999999988,0.3515625,4240,672,CP,CP,69,left,0
4241,4242,2,6292.179999999999,4094.56,3010.74,0.6484375,4241,672,CP,CP,69,left,0
4242,4243,2,6292.08,4095.78,3008.8600000000006,0.4609375,4242,672,CP,CP,69,left,0
4243,4244,2,6292.7,4096.24,3007.1000000000004,0.54296875,4243,672,CP,CP,69,left,0
4244,4245,2,6292.84,4096.46,3004.779999999999,0.43359375,4244,672,CP,CP,69,left,0
4245,4246,2,6294.26,4096.8,3003.5,0.2421875,4245,672,CP,CP,69,left,0
4246,4247,2,6295.98,4097.74,3001.84,0.515625,4246,672,CP,CP,69,left,0
4247,4248,2,6296.96,4098.76,3000.6399999999994,0.5703125,4247,672,CP,CP,69,left,0
4248,4249,2,6298.64,4099.86,2999.040000000001,0.48828125,4248,672,CP,CP,69,left,0
4249,4250,2,6300.5,4100.24,2997.7000000000007,0.40625,4249,672,CP,CP,69,left,0
4250,4251,2,6302.26,4100.94,2996.0200000000004,0.48828125,4250,672,CP,CP,69,left,0
4251,4252,2,6303.18,4101.54,2994.5599999999995,0.43359375,4251,672,CP,CP,69,left,0
4252,4253,2,6303.379999999999,4103.2,2993.9400000000005,0.4609375,4252,672,CP,CP,69,left,0
4253,4254,2,6302.619999999999,4104.1,2995.0,0.5703125,4253,672,CP,CP,69,left,0
4254,4255,2,6300.48,4105.299999999999,2995.2000000000007,0.703125,4254,672,CP,CP,69,left,0
4255,4256,2,6300.16,4106.9400000000005,2995.5,0.54296875,4255,672,CP,CP,69,left,0
4256,4257,2,6299.299999999999,4110.8,2996.620000000001,0.296875,4256,672,CP,CP,69,left,0
4257,4258,2,6297.66,4112.58,2997.0200000000004,0.26953125,4257,672,CP,CP,69,left,0
4258,4259,2,6297.02,4113.76,2997.3,0.40625,4258,672,CP,CP,69,left,0
4259,4260,2,6296.84,4116.22,2997.22,0.32421875,4259,672,CP,CP,69,left,0
4260,4261,2,6295.5,4117.76,2997.039999999999,0.26953125,4260,672,CP,CP,69,left,0
4261,4262,2,6294.02,4119.5,2997.42,0.703125,4261,672,CP,CP,69,left,0
4262,4263,2,6292.74,4120.5,2998.0,0.62109375,4262,672,CP,CP,69,left,0
4263,4264,2,6292.54,4122.200000000001,2997.960000000001,0.2421875,4263,672,CP,CP,69,left,0
4264,4265,2,6292.56,4124.88,2997.42,0.4609375,4264,672,CP,CP,69,left,0
4265,4266,2,6292.98,4128.78,2996.32,0.54296875,4265,672,CP,CP,69,left,0
4266,4267,2,6293.58,4130.22,2995.0599999999995,0.6484375,4266,672,CP,CP,69,left,0
4267,4268,2,6293.76,4132.200000000001,2994.08,0.32421875,4267,672,CP,CP,69,left,0
4268,4269,2,6294.86,4132.66,2994.1800000000003,0.32421875,4268,672,CP,CP,69,left,0
4269,4270,2,6293.7,4134.28,2993.3600000000006,0.00390625,4269,672,CP,CP,69,left,0
4270,4271,2,6293.74,4136.62,2993.5599999999995,0.4609375,4270,672,CP,CP,69,left,0
4271,4272,2,6293.88,4140.12,2993.66,0.2421875,4271,672,CP,CP,69,left,0
4272,4273,2,6293.88,4142.14,2993.0,0.54296875,4272,672,CP,CP,69,left,0
4273,4274,2,6293.88,4145.34,2991.8600000000006,0.40625,4273,672,CP,CP,69,left,0
4274,4275,2,6293.86,4147.4,2990.9400000000005,0.6484375,4274,672,CP,CP,69,left,0
4275,4276,2,6293.959999999999,4151.26,2990.34,0.4609375,4275,672,CP,CP,69,left,0
4276,4277,2,6294.02,4153.74,2989.9,0.296875,4276,672,CP,CP,69,left,0
4277,4278,2,6294.0,4155.96,2989.0,0.37890625,4277,672,CP,CP,69,left,0
4278,4279,2,6293.4400000000005,4159.32,2988.1399999999994,0.37890625,4278,672,CP,CP,69,left,0
4279,4280,2,6292.200000000001,4161.42,2987.66,0.54296875,4279,672,CP,CP,69,left,0
4280,4281,2,6291.660000000001,4164.52,2986.720000000001,0.4609375,4280,672,CP,CP,69,left,0
4281,4282,2,6290.82,4167.200000000001,2986.2000000000007,0.37890625,4281,672,CP,CP,69,left,0
4282,4283,2,6290.1,4169.08,2985.6399999999994,0.37890625,4282,672,CP,CP,69,left,0
4283,4284,2,6288.82,4170.96,2984.66,0.48828125,4283,672,CP,CP,69,left,0
4284,4285,2,6287.92,4173.78,2983.300000000001,0.48828125,4284,672,CP,CP,69,left,0
4285,4286,2,6287.06,4174.8,2982.98,0.43359375,4285,672,CP,CP,69,left,0
4286,4287,2,6287.14,4180.9800000000005,2982.8,0.4609375,4286,672,CP,CP,69,left,0
4287,4288,2,6286.52,4182.98,2982.8,0.48828125,4287,672,CP,CP,69,left,0
4288,4289,2,6285.0,4184.86,2982.8,0.37890625,4288,672,CP,CP,69,left,0
4289,4290,2,6282.56,4187.04,2982.26,0.59765625,4289,672,CP,CP,69,left,0
4290,4291,2,6280.16,4188.92,2981.6800000000003,0.703125,4290,672,CP,CP,69,left,0
4291,4292,2,6278.099999999999,4189.74,2981.3600000000006,0.32421875,4291,672,CP,CP,69,left,0
4292,4293,2,6277.28,4191.18,2982.279999999999,0.00390625,4292,672,CP,CP,69,left,0
4293,4294,2,6275.62,4192.62,2982.2000000000007,0.40625,4293,672,CP,CP,69,left,0
4294,4295,2,6273.04,4194.820000000001,2981.5599999999995,0.48828125,4294,672,CP,CP,69,left,0
4295,4296,2,6272.039999999999,4196.139999999999,2980.800000000001,0.62109375,4295,672,CP,CP,69,left,0
4296,4297,2,6271.639999999999,4198.32,2978.5599999999995,0.26953125,4296,672,CP,CP,69,left,0
4297,4298,2,6271.56,4200.68,2977.140000000001,0.54296875,4297,672,CP,CP,69,left,0
4298,4299,2,6271.459999999999,4204.64,2974.9400000000005,0.32421875,4298,672,CP,CP,69,left,0
4299,4300,2,6271.82,4206.84,2973.4,0.32421875,4299,672,CP,CP,69,left,0
4300,4301,2,6272.72,4208.18,2972.84,0.48828125,4300,672,CP,CP,69,left,0
4301,4302,2,6274.56,4210.74,2972.3,0.1640625,4301,672,CP,CP,69,left,0
4302,4303,2,6276.219999999999,4212.12,2972.5200000000004,0.21484375,4302,672,CP,CP,69,left,0
4303,4304,2,6276.639999999999,4214.02,2973.82,0.43359375,4303,672,CP,CP,69,left,0
4304,4305,2,6276.26,4216.16,2974.640000000001,0.26953125,4304,672,CP,CP,69,left,0
4305,4306,2,6274.0,4217.36,2973.7000000000007,0.6484375,4305,672,CP,CP,69,left,0
4306,4307,2,6272.200000000001,4218.54,2973.32,0.6484375,4306,672,CP,CP,69,left,0
4307,4308,2,6343.0,5923.26,3163.6399999999994,0.00390625,4024,559,CEAm,CEA,70,left,0
4308,4309,2,6343.92,5921.74,3163.2000000000007,0.32421875,4308,559,CEAm,CEA,70,left,0
4309,4310,2,6344.06,5919.32,3162.3600000000006,0.32421875,4309,559,CEAm,CEA,70,left,0
4310,4311,2,6343.52,5916.68,3160.8600000000006,0.48828125,4310,559,CEAm,CEA,70,left,0
4311,4312,2,6342.64,5914.96,3159.2800000000007,0.37890625,4311,559,CEAm,CEA,70,left,0
4312,4313,2,6341.12,5912.92,3158.4400000000005,0.32421875,4312,559,CEAm,CEA,70,left,0
4313,4314,2,6338.58,5909.719999999999,3157.279999999999,0.37890625,4313,559,CEAm,CEA,70,left,0
4314,4315,2,6337.02,5908.18,3155.9,0.32421875,4314,559,CEAm,CEA,70,left,0
4315,4316,2,6335.320000000001,5905.900000000001,3154.3,0.26953125,4315,559,CEAm,CEA,70,left,0
4316,4317,2,6334.66,5903.32,3153.1399999999994,0.32421875,4316,559,CEAm,CEA,70,left,0
4317,4318,2,6333.52,5902.26,3152.98,0.32421875,4317,559,CEAm,CEA,70,left,0
4318,4319,2,6334.679999999999,5901.58,3152.32,0.0234375,4318,559,CEAm,CEA,70,left,0
4319,4320,2,6335.9400000000005,5899.62,3151.1000000000004,0.4609375,4319,559,CEAm,CEA,70,left,0
4320,4321,2,6337.039999999999,5898.379999999999,3150.16,0.48828125,4320,559,CEAm,CEA,70,left,0
4321,4322,2,6337.34,5896.4,3149.58,0.48828125,4321,559,CEAm,CEA,70,left,0
4322,4323,2,6338.76,5894.62,3149.1800000000003,0.26953125,4322,559,CEAm,CEA,70,left,0
4323,4324,2,6341.34,5892.86,3148.8,0.32421875,4323,559,CEAm,CEA,70,left,0
4324,4325,2,6343.400000000001,5891.58,3148.66,0.296875,4324,559,CEAm,CEA,70,left,0
4325,4326,2,6345.08,5890.42,3148.039999999999,0.2421875,4325,559,CEAm,CEA,70,left,0
4326,4327,2,6346.16,5888.62,3146.66,0.3515625,4326,559,CEAm,CEA,70,left,0
4327,4328,2,6346.860000000001,5887.36,3145.0599999999995,0.48828125,4327,559,CEAm,CEA,70,left,0
4328,4329,2,6348.7,5886.52,3143.5599999999995,0.00390625,4328,559,CEAm,CEA,70,left,0
4329,4330,2,6348.56,5885.299999999999,3142.08,0.4609375,4329,559,CEAm,CEA,70,left,0
4330,4331,2,6347.799999999999,5883.959999999999,3139.72,0.00390625,4330,559,CEAm,CEA,70,left,0
4331,4332,2,6346.68,5880.74,3137.42,0.5703125,4331,559,CEAm,CEA,70,left,0
4332,4333,2,6345.44,5878.42,3136.1399999999994,0.1640625,4332,559,CEAm,CEA,70,left,0
4333,4334,2,6346.040000000001,5877.28,3135.4,0.296875,4333,559,CEAm,CEA,70,left,0
4334,4335,2,6345.900000000001,5873.46,3134.8600000000006,0.2421875,4334,559,CEAm,CEA,70,left,0
4335,4336,2,6345.58,5871.24,3134.5,0.515625,4335,559,CEAm,CEA,70,left,0
4336,4337,2,6344.5,5870.54,3134.58,0.32421875,4336,559,CEAm,CEA,70,left,0
4337,4338,2,6344.82,5869.58,3134.5200000000004,0.5,4337,559,CEAm,CEA,70,left,0
4338,4339,2,6345.119999999999,5868.62,3134.460000000001,0.5,4338,559,CEAm,CEA,70,left,0
4339,4340,2,6345.44,5867.68,3134.400000000001,0.5,4339,559,CEAm,CEA,70,left,0
4340,4341,2,6345.74,5866.72,3134.34,0.5,4340,559,CEAm,CEA,70,left,0
4341,4342,2,6346.14,5865.700000000001,3134.3,0.5,4341,559,CEAm,CEA,70,left,0
4342,4343,2,6346.52,5864.700000000001,3134.24,0.5,4342,559,CEAm,CEA,70,left,0
4343,4344,2,6346.900000000001,5863.68,3134.199999999999,0.5,4343,559,CEAm,CEA,70,left,0
4344,4345,2,6347.28,5862.66,3134.1399999999994,0.5,4344,559,CEAm,CEA,70,left,0
4345,4346,2,6347.66,5861.660000000001,3134.08,0.5,4345,559,CEAm,CEA,70,left,0
4346,4347,2,6348.64,5861.92,3135.72,0.00390625,4346,559,CEAm,CEA,70,left,0
4347,4348,2,6350.08,5860.280000000001,3135.84,0.3515625,4347,559,CEAm,CEA,70,left,0
4348,4349,2,6350.66,5857.58,3135.08,0.48828125,4348,559,CEAm,CEA,70,left,0
4349,4350,2,6351.4,5856.2,3133.540000000001,0.1640625,4349,559,CEAm,CEA,70,left,0
4350,4351,2,6351.4800000000005,5853.04,3132.3,0.3515625,4350,559,CEAm,CEA,70,left,0
4351,4352,2,6351.54,5850.04,3130.5200000000004,0.37890625,4351,559,CEAm,CEA,70,left,0
4352,4353,2,6352.4,5849.26,3128.84,0.4609375,4352,559,CEAm,CEA,70,left,0
4353,4354,2,6353.08,5847.98,3127.84,0.00390625,4353,559,CEAm,CEA,70,left,0
4354,4355,2,6353.76,5845.24,3126.6000000000004,0.21484375,4354,559,CEAm,CEA,70,left,0
4355,4356,2,6354.48,5843.92,3125.620000000001,0.48828125,4355,559,CEAm,CEA,70,left,0
4356,4357,2,6354.46,5842.36,3123.92,0.2421875,4356,559,CEAm,CEA,70,left,0
4357,4358,2,6354.120000000001,5840.76,3121.699999999999,0.43359375,4357,559,CEAm,CEA,70,left,0
4358,4359,2,6354.5,5840.4,3120.58,0.43359375,4358,559,CEAm,CEA,70,left,0
4359,4360,2,6356.18,5839.02,3119.0599999999995,0.37890625,4359,559,CEAm,CEA,70,left,0
4360,4361,2,6357.28,5837.34,3117.98,0.59765625,4360,559,CEAm,CEA,70,left,0
4361,4362,2,6357.820000000001,5834.740000000001,3117.720000000001,0.40625,4361,559,CEAm,CEA,70,left,0
4362,4363,2,6357.86,5831.2,3116.960000000001,0.40625,4362,559,CEAm,CEA,70,left,0
4363,4364,2,6358.18,5828.780000000001,3116.48,0.32421875,4363,559,CEAm,CEA,70,left,0
4364,4365,2,6359.28,5827.380000000001,3116.1800000000003,0.1640625,4364,559,CEAm,CEA,70,left,0
4365,4366,2,6359.6,5825.06,3115.5999999999985,0.00390625,4365,559,CEAm,CEA,70,left,0
4366,4367,2,6359.099999999999,5821.96,3114.3,0.40625,4366,559,CEAm,CEA,70,left,0
4367,4368,2,6358.400000000001,5819.880000000001,3112.24,0.296875,4367,559,CEAm,CEA,70,left,0
4368,4369,2,6358.400000000001,5818.4400000000005,3111.22,0.73046875,4368,559,CEAm,CEA,70,left,0
4369,4370,2,6360.04,5816.88,3111.32,0.54296875,4369,559,CEAm,CEA,70,left,0
4370,4371,2,6360.44,5814.86,3111.620000000001,0.4609375,4370,559,CEAm,CEA,70,left,0
4371,4372,2,6361.08,5812.06,3111.3600000000006,0.40625,4371,559,CEAm,CEA,70,left,0
4372,4373,2,6361.620000000001,5809.740000000001,3110.3599999999988,0.32421875,4372,559,CEAm,CEA,70,left,0
4373,4374,2,6362.46,5808.28,3109.5200000000004,0.2421875,4373,559,CEAm,CEA,70,left,0
4374,4375,2,6362.759999999999,5806.040000000001,3108.42,0.26953125,4374,559,CEAm,CEA,70,left,0
4375,4376,2,6363.400000000001,5803.66,3107.3,0.32421875,4375,559,CEAm,CEA,70,left,0
4376,4377,2,6365.14,5802.1,3106.2800000000007,0.26953125,4376,559,CEAm,CEA,70,left,0
4377,4378,2,6366.040000000001,5800.5,3104.82,0.4609375,4377,559,CEAm,CEA,70,left,0
4378,4379,2,6367.02,5799.5,3103.8600000000006,0.4609375,4378,559,CEAm,CEA,70,left,0
4379,4380,2,6366.76,5798.339999999999,3102.720000000001,0.32421875,4379,559,CEAm,CEA,70,left,0
4380,4381,2,6366.74,5795.52,3101.1000000000004,0.00390625,4380,559,CEAm,CEA,70,left,0
4381,4382,2,6367.98,5794.28,3100.5,0.4609375,4381,559,CEAm,CEA,70,left,0
4382,4383,2,6368.26,5791.860000000001,3100.42,0.2421875,4382,559,CEAm,CEA,70,left,0
4383,4384,2,6369.48,5788.8,3099.26,0.21484375,4383,559,CEAm,CEA,70,left,0
4384,4385,2,6370.280000000001,5786.5,3097.6800000000003,0.48828125,4384,559,CEAm,CEA,70,left,0
4385,4386,2,6371.32,5785.280000000001,3096.459999999999,0.32421875,4385,559,CEAm,CEA,70,left,0
4386,4387,2,6372.68,5783.3,3094.72,0.26953125,4386,559,CEAm,CEA,70,left,0
4387,4388,2,6373.200000000001,5780.38,3094.0599999999995,0.48828125,4387,559,CEAm,CEA,70,left,0
4388,4389,2,6373.139999999999,5777.9,3094.040000000001,0.296875,4388,559,CEAm,CEA,70,left,0
4389,4390,2,6372.86,5774.880000000001,3093.379999999999,0.43359375,4389,559,CEAm,CEA,70,left,0
4390,4391,2,6373.06,5770.54,3092.6399999999994,0.1640625,4390,559,CEAm,CEA,70,left,0
4391,4392,2,6373.82,5766.860000000001,3093.26,0.32421875,4391,559,CEAm,CEA,70,left,0
4392,4393,2,6373.959999999999,5764.38,3093.4,0.40625,4392,559,CEAm,CEA,70,left,0
4393,4394,2,6374.56,5763.06,3092.9400000000005,0.37890625,4393,559,CEAm,CEA,70,left,0
4394,4395,2,6343.68,5930.839999999999,3162.960000000001,0.4609375,4024,559,CEAm,CEA,71,left,0
4395,4396,2,6345.460000000001,5933.18,3161.84,0.1640625,4395,559,CEAm,CEA,71,left,0
4396,4397,2,6346.76,5933.8,3160.5600000000013,0.296875,4396,559,CEAm,CEA,71,left,0
4397,4398,2,6349.26,5932.84,3158.9400000000005,0.48828125,4397,559,CEAm,CEA,71,left,0
4398,4399,2,6350.42,5932.16,3157.9400000000005,0.43359375,4398,559,CEAm,CEA,71,left,0
4399,4400,2,6352.780000000001,5931.0,3156.960000000001,0.40625,4399,559,CEAm,CEA,71,left,0
4400,4401,2,6354.02,5930.04,3155.9400000000005,0.19140625,4400,559,CEAm,CEA,71,left,0
4401,4402,2,6356.0,5929.24,3154.539999999999,0.3515625,4401,559,CEAm,CEA,71,left,0
4402,4403,2,6357.1,5928.8,3153.8,0.26953125,4402,559,CEAm,CEA,71,left,0
4403,4404,2,6358.26,5927.42,3150.76,0.7578125,4403,559,CEAm,CEA,71,left,0
4404,4405,2,6360.599999999999,5927.14,3149.9,0.40625,4404,559,CEAm,CEA,71,left,0
4405,4406,2,6362.820000000001,5927.28,3149.7000000000007,0.6484375,4405,559,CEAm,CEA,71,left,0
4406,4407,2,6364.04,5925.16,3149.400000000001,0.01171875,4406,559,CEAm,CEA,71,left,0
4407,4408,2,6366.94,5924.48,3148.0600000000013,0.32421875,4407,559,CEAm,CEA,71,left,0
4408,4409,2,6368.3,5924.46,3147.3600000000006,0.48828125,4408,559,CEAm,CEA,71,left,0
4409,4410,2,6370.38,5925.74,3146.540000000001,0.01953125,4409,559,CEAm,CEA,71,left,0
4410,4411,2,6371.860000000001,5926.76,3145.4,0.32421875,4410,559,CEAm,CEA,71,left,0
4411,4412,2,6373.400000000001,5926.78,3144.0200000000004,0.43359375,4411,559,CEAm,CEA,71,left,0
4412,4413,2,6375.14,5926.4,3142.8,0.1640625,4412,559,CEAm,CEA,71,left,0
4413,4414,2,6376.4400000000005,5926.599999999999,3141.6399999999994,0.4609375,4413,559,CEAm,CEA,71,left,0
4414,4415,2,6378.88,5927.42,3140.6800000000003,0.015625,4414,559,CEAm,CEA,71,left,0
4415,4416,2,6380.68,5928.28,3139.48,0.2421875,4415,559,CEAm,CEA,71,left,0
4416,4417,2,6382.6,5926.94,3138.379999999999,0.48828125,4416,559,CEAm,CEA,71,left,0
4417,4418,2,6382.46,5925.24,3137.22,0.515625,4417,559,CEAm,CEA,71,left,0
4418,4419,2,6382.06,5922.86,3135.539999999999,0.0078125,4418,559,CEAm,CEA,71,left,0
4419,4420,2,6382.66,5921.52,3134.0200000000004,0.40625,4419,559,CEAm,CEA,71,left,0
4420,4421,2,6383.0,5920.08,3132.5200000000004,0.48828125,4420,559,CEAm,CEA,71,left,0
4421,4422,2,6384.62,5918.12,3130.380000000001,0.62109375,4421,559,CEAm,CEA,71,left,0
4422,4423,2,6384.38,5915.4,3128.82,0.703125,4422,559,CEAm,CEA,71,left,0
4423,4424,2,6384.099999999999,5912.240000000001,3128.42,0.2421875,4423,559,CEAm,CEA,71,left,0
4424,4425,2,6383.82,5910.0,3127.82,0.2421875,4424,559,CEAm,CEA,71,left,0
4425,4426,2,6384.34,5906.26,3127.2000000000007,0.32421875,4425,559,CEAm,CEA,71,left,0
4426,4427,2,6385.460000000001,5905.2,3125.620000000001,0.0078125,4426,559,CEAm,CEA,71,left,0
4427,4428,2,6387.4,5904.120000000001,3124.1800000000003,0.48828125,4427,559,CEAm,CEA,71,left,0
4428,4429,2,6388.88,5902.46,3123.7800000000007,0.32421875,4428,559,CEAm,CEA,71,left,0
4429,4430,2,6391.38,5901.26,3123.5599999999995,0.3515625,4429,559,CEAm,CEA,71,left,0
4430,4431,2,6391.54,5900.82,3122.7800000000007,0.5703125,4430,559,CEAm,CEA,71,left,0
4431,4432,2,6393.22,5900.76,3121.9399999999987,0.015625,4431,559,CEAm,CEA,71,left,0
4432,4433,2,6396.18,5900.700000000001,3120.82,0.2421875,4432,559,CEAm,CEA,71,left,0
4433,4434,2,6397.7,5899.78,3119.959999999999,0.4609375,4433,559,CEAm,CEA,71,left,0
4434,4435,2,6398.9400000000005,5898.400000000001,3119.42,0.296875,4434,559,CEAm,CEA,71,left,0
4435,4436,2,6402.42,5897.36,3118.42,0.4609375,4435,559,CEAm,CEA,71,left,0
4436,4437,2,6403.540000000001,5896.660000000001,3117.2000000000007,0.1640625,4436,559,CEAm,CEA,71,left,0
4437,4438,2,6405.04,5895.8,3115.0200000000004,0.4609375,4437,559,CEAm,CEA,71,left,0
4438,4439,2,6407.74,5893.9,3114.0200000000004,0.4609375,4438,559,CEAm,CEA,71,left,0
4439,4440,2,6409.740000000001,5892.86,3113.6000000000004,0.48828125,4439,559,CEAm,CEA,71,left,0
4440,4441,2,6411.900000000001,5892.06,3113.34,0.02734375,4440,559,CEAm,CEA,71,left,0
4441,4442,2,6413.959999999999,5891.040000000001,3112.48,0.296875,4441,559,CEAm,CEA,71,left,0
4442,4443,2,6415.259999999999,5890.02,3112.08,0.32421875,4442,559,CEAm,CEA,71,left,0
4443,4444,2,6417.06,5888.9800000000005,3111.8,0.2421875,4443,559,CEAm,CEA,71,left,0
4444,4445,2,6418.780000000001,5887.52,3111.2800000000007,0.4609375,4444,559,CEAm,CEA,71,left,0
4445,4446,2,6420.16,5885.66,3110.6800000000003,0.4609375,4445,559,CEAm,CEA,71,left,0
4446,4447,2,6420.92,5884.64,3109.58,0.2421875,4446,559,CEAm,CEA,71,left,0
4447,4448,2,6421.599999999999,5884.02,3108.0600000000013,0.40625,4447,559,CEAm,CEA,71,left,0
4448,4449,2,6423.139999999999,5883.099999999999,3106.2800000000007,0.4609375,4448,559,CEAm,CEA,71,left,0
4449,4450,2,6424.26,5882.179999999999,3104.48,0.0078125,4449,559,CEAm,CEA,71,left,0
4450,4451,2,6426.58,5882.039999999999,3103.22,0.37890625,4450,559,CEAm,CEA,71,left,0
4451,4452,2,6427.94,5881.799999999999,3102.279999999999,0.54296875,4451,559,CEAm,CEA,71,left,0
4452,4453,2,6428.200000000001,5880.599999999999,3100.879999999999,0.32421875,4452,559,CEAm,CEA,71,left,0
4453,4454,2,6429.32,5879.58,3099.08,0.40625,4453,559,CEAm,CEA,71,left,0
4454,4455,2,6429.8,5878.959999999999,3097.7800000000007,0.1640625,4454,559,CEAm,CEA,71,left,0
4455,4456,2,6431.42,5877.84,3096.76,0.48828125,4455,559,CEAm,CEA,71,left,0
4456,4457,2,6432.64,5876.4,3095.6399999999994,0.59765625,4456,559,CEAm,CEA,71,left,0
4457,4458,2,6434.46,5876.040000000001,3094.5200000000004,0.32421875,4457,559,CEAm,CEA,71,left,0
4458,4459,2,6435.56,5875.639999999999,3093.300000000001,0.4609375,4458,559,CEAm,CEA,71,left,0
4459,4460,2,6436.7,5874.48,3092.26,0.32421875,4459,559,CEAm,CEA,71,left,0
4460,4461,2,6437.7,5872.4800000000005,3090.879999999999,0.54296875,4460,559,CEAm,CEA,71,left,0
4461,4462,2,6438.62,5871.639999999999,3089.6800000000003,0.6484375,4461,559,CEAm,CEA,71,left,0
4462,4463,2,6439.9,5870.879999999999,3088.039999999999,0.01171875,4462,559,CEAm,CEA,71,left,0
4463,4464,2,6441.860000000001,5871.219999999999,3086.879999999999,0.2421875,4463,559,CEAm,CEA,71,left,0
4464,4465,2,6444.26,5871.4800000000005,3086.1399999999994,0.26953125,4464,559,CEAm,CEA,71,left,0
4465,4466,2,6445.900000000001,5871.76,3085.0200000000004,0.1640625,4465,559,CEAm,CEA,71,left,0
4466,4467,2,6448.379999999999,5871.799999999999,3083.6800000000003,0.32421875,4466,559,CEAm,CEA,71,left,0
4467,4468,2,6449.719999999999,5870.54,3082.8,0.26953125,4467,559,CEAm,CEA,71,left,0
4468,4469,2,6450.8,5868.9800000000005,3082.039999999999,0.32421875,4468,559,CEAm,CEA,71,left,0
4469,4470,2,6451.620000000001,5867.039999999999,3081.48,0.4609375,4469,559,CEAm,CEA,71,left,0
4470,4471,2,6453.02,5865.839999999999,3081.4,0.37890625,4470,559,CEAm,CEA,71,left,0
4471,4472,2,6455.72,5863.6,3080.5999999999985,0.00390625,4471,559,CEAm,CEA,71,left,0
4472,4473,2,6457.52,5861.219999999999,3080.4,0.32421875,4472,559,CEAm,CEA,71,left,0
4473,4474,2,6458.62,5859.299999999999,3080.0200000000004,0.296875,4473,559,CEAm,CEA,71,left,0
4474,4475,2,6461.58,5857.1,3079.400000000001,0.296875,4474,559,CEAm,CEA,71,left,0
4475,4476,2,6463.16,5855.54,3079.539999999999,0.43359375,4475,559,CEAm,CEA,71,left,0
4476,4477,2,6464.9400000000005,5853.64,3079.72,0.32421875,4476,559,CEAm,CEA,71,left,0
4477,4478,2,6466.219999999999,5853.24,3079.6800000000003,0.26953125,4477,559,CEAm,CEA,71,left,0
4478,4479,2,6468.16,5852.74,3079.32,0.015625,4478,559,CEAm,CEA,71,left,0
4479,4480,2,6469.76,5852.58,3077.92,0.3515625,4479,559,CEAm,CEA,71,left,0
4480,4481,2,6471.4,5852.0,3076.22,0.37890625,4480,559,CEAm,CEA,71,left,0
4481,4482,2,6472.68,5851.08,3075.42,0.3515625,4481,559,CEAm,CEA,71,left,0
4482,4483,2,6475.24,5850.74,3074.6800000000003,0.32421875,4482,559,CEAm,CEA,71,left,0
4483,4484,2,6477.02,5850.700000000001,3073.6399999999994,0.40625,4483,559,CEAm,CEA,71,left,0
4484,4485,2,6478.48,5850.2,3072.4400000000005,0.1640625,4484,559,CEAm,CEA,71,left,0
4485,4486,2,6480.66,5849.299999999999,3070.620000000001,0.37890625,4485,559,CEAm,CEA,71,left,0
4486,4487,2,6482.16,5848.5,3069.24,0.2421875,4486,559,CEAm,CEA,71,left,0
4487,4488,2,6483.88,5847.200000000001,3067.7000000000007,0.3515625,4487,559,CEAm,CEA,71,left,0
4488,4489,2,6484.44,5844.28,3066.8600000000006,0.26953125,4488,559,CEAm,CEA,71,left,0
4489,4490,2,6483.959999999999,5839.08,3065.879999999999,0.515625,4489,559,CEAm,CEA,71,left,0
4490,4491,2,6484.139999999999,5836.56,3064.92,0.32421875,4490,559,CEAm,CEA,71,left,0
4491,4492,2,6485.2,5834.84,3064.0,0.4609375,4491,559,CEAm,CEA,71,left,0
4492,4493,2,6485.98,5832.4,3062.42,0.37890625,4492,559,CEAm,CEA,71,left,0
4493,4494,2,6487.219999999999,5830.320000000001,3061.7800000000007,0.32421875,4493,559,CEAm,CEA,71,left,0
4494,4495,2,6489.24,5828.52,3061.2800000000007,0.3515625,4494,559,CEAm,CEA,71,left,0
4495,4496,2,6490.860000000001,5826.74,3060.82,0.40625,4495,559,CEAm,CEA,71,left,0
4496,4497,2,6492.4400000000005,5824.22,3060.5200000000004,0.40625,4496,559,CEAm,CEA,71,left,0
4497,4498,2,6494.64,5822.179999999999,3060.4,0.4609375,4497,559,CEAm,CEA,71,left,0
4498,4499,2,6495.54,5820.700000000001,3060.0599999999995,0.1640625,4498,559,CEAm,CEA,71,left,0
4499,4500,2,6497.4800000000005,5819.2,3060.0200000000004,0.00390625,4499,559,CEAm,CEA,71,left,0
4500,4501,2,6498.56,5817.4800000000005,3060.4400000000005,0.40625,4500,559,CEAm,CEA,71,left,0
4501,4502,2,6500.54,5816.98,3061.3,0.40625,4501,559,CEAm,CEA,71,left,0
4502,4503,2,6502.92,5816.96,3061.540000000001,0.32421875,4502,559,CEAm,CEA,71,left,0
4503,4504,2,6505.4,5816.94,3061.699999999999,0.01171875,4503,559,CEAm,CEA,71,left,0
4504,4505,2,6507.56,5816.56,3060.380000000001,0.89453125,4504,559,CEAm,CEA,71,left,0
4505,4506,2,6508.76,5815.82,3058.1800000000003,0.43359375,4505,559,CEAm,CEA,71,left,0
4506,4507,2,6510.24,5814.48,3057.22,0.54296875,4506,559,CEAm,CEA,71,left,0
4507,4508,2,6511.08,5811.98,3057.26,0.26953125,4507,559,CEAm,CEA,71,left,0
4508,4509,2,6512.5,5810.06,3057.6800000000003,0.296875,4508,559,CEAm,CEA,71,left,0
4509,4510,2,6512.84,5805.76,3058.8600000000006,0.2421875,4509,559,CEAm,CEA,71,left,0
4510,4511,2,6511.68,5804.38,3059.0200000000004,0.01953125,4510,559,CEAm,CEA,71,left,0
4511,4512,2,6511.459999999999,5802.32,3058.959999999999,0.37890625,4511,559,CEAm,CEA,71,left,0
4512,4513,2,6513.0,5798.9,3057.880000000001,0.2421875,4512,559,CEAm,CEA,71,left,0
4513,4514,2,6513.16,5795.839999999999,3056.040000000001,0.00390625,4513,559,CEAm,CEA,71,left,0
4514,4515,2,6514.880000000001,5793.52,3055.1000000000004,0.32421875,4514,559,CEAm,CEA,71,left,0
4515,4516,2,6515.62,5791.620000000001,3054.48,0.3515625,4515,559,CEAm,CEA,71,left,0
4516,4517,2,6515.8,5788.200000000001,3052.9,0.00390625,4516,559,CEAm,CEA,71,left,0
4517,4518,2,6517.12,5785.74,3051.720000000001,0.26953125,4517,559,CEAm,CEA,71,left,0
4518,4519,2,6517.6,5783.76,3050.2000000000007,0.32421875,4518,559,CEAm,CEA,71,left,0
4519,4520,2,6518.360000000001,5781.94,3049.619999999999,0.32421875,4519,559,CEAm,CEA,71,left,0
4520,4521,2,6519.9400000000005,5780.700000000001,3049.24,0.19140625,4520,559,CEAm,CEA,71,left,0
4521,4522,2,6521.52,5777.820000000001,3048.48,0.2421875,4521,559,CEAm,CEA,71,left,0
4522,4523,2,6522.1,5775.16,3047.619999999999,0.3515625,4522,559,CEAm,CEA,71,left,0
4523,4524,2,6523.4400000000005,5773.84,3047.24,0.1640625,4523,559,CEAm,CEA,71,left,0
4524,4525,2,6523.6,5770.92,3046.960000000001,0.4609375,4524,559,CEAm,CEA,71,left,0
4525,4526,2,6523.52,5769.740000000001,3046.900000000001,0.01171875,4525,559,CEAm,CEA,71,left,1
4526,4527,2,6645.34,6696.599999999999,2960.0200000000004,0.0078125,4105,327,BMAa,BMA,72,left,0
4527,4528,2,6646.32,6699.2,2960.9,0.296875,4527,327,BMAa,BMA,72,left,0
4528,4529,2,6648.6,6699.6,2960.76,0.59765625,4528,327,BMAa,BMA,72,left,0
4529,4530,2,6649.96,6698.88,2960.98,0.03515625,4529,327,BMAa,BMA,72,left,0
4530,4531,2,6651.280000000001,6698.58,2962.58,0.32421875,4530,327,BMAa,BMA,72,left,0
4531,4532,2,6651.88,6698.719999999999,2964.84,0.4609375,4531,327,BMAa,BMA,72,left,0
4532,4533,2,6653.099999999999,6698.9800000000005,2965.6800000000003,0.43359375,4532,327,BMAa,BMA,72,left,0
4533,4534,2,6651.84,6699.42,2967.6800000000003,0.01171875,4533,327,BMAa,BMA,72,left,0
4534,4535,2,6651.4,6700.02,2970.0,0.40625,4534,327,BMAa,BMA,72,left,0
4535,4536,2,6651.26,6701.84,2971.84,0.32421875,4535,327,BMAa,BMA,72,left,0
4536,4537,2,6650.74,6703.8,2972.76,0.48828125,4536,327,BMAa,BMA,72,left,0
4537,4538,2,6650.1,6705.14,2973.5599999999995,0.3515625,4537,327,BMAa,BMA,72,left,0
4538,4539,2,6650.22,6707.68,2974.400000000001,0.4609375,4538,327,BMAa,BMA,72,left,0
4539,4540,2,6649.9400000000005,6711.14,2974.199999999999,0.43359375,4539,327,BMAa,BMA,72,left,0
4540,4541,2,6649.539999999999,6713.8,2973.959999999999,0.21484375,4540,327,BMAa,BMA,72,left,0
4541,4542,2,6649.880000000001,6717.74,2974.5200000000004,0.48828125,4541,327,BMAa,BMA,72,left,0
4542,4543,2,6649.86,6720.06,2975.380000000001,0.2421875,4542,327,BMAa,BMA,72,left,0
4543,4544,2,6649.24,6720.280000000001,2975.92,0.32421875,4543,327,BMAa,BMA,72,left,0
4544,4545,2,6649.34,6721.82,2976.98,0.01171875,4544,327,BMAa,BMA,72,left,0
4545,4546,2,6649.66,6724.120000000001,2978.2000000000007,0.32421875,4545,327,BMAa,BMA,72,left,0
4546,4547,2,6649.48,6725.58,2979.2800000000007,0.32421875,4546,327,BMAa,BMA,72,left,0
4547,4548,2,6648.48,6727.4800000000005,2980.220000000001,0.19140625,4547,327,BMAa,BMA,72,left,0
4548,4549,2,6648.24,6730.879999999999,2981.2000000000007,0.32421875,4548,327,BMAa,BMA,72,left,0
4549,4550,2,6648.52,6733.0,2982.26,0.21484375,4549,327,BMAa,BMA,72,left,0
4550,4551,2,6648.780000000001,6734.719999999999,2983.32,0.48828125,4550,327,BMAa,BMA,72,left,0
4551,4552,2,6648.9800000000005,6737.74,2984.08,0.32421875,4551,327,BMAa,BMA,72,left,0
4552,4553,2,6648.42,6739.64,2984.379999999999,0.48828125,4552,327,BMAa,BMA,72,left,0
4553,4554,2,6648.48,6742.72,2985.24,0.1640625,4553,327,BMAa,BMA,72,left,0
4554,4555,2,6644.28,6695.82,2960.779999999999,0.2421875,4105,327,BMAa,BMA,73,left,0
4555,4556,2,6644.400000000001,6697.219999999999,2961.4400000000005,0.00390625,4555,327,BMAa,BMA,73,left,0
4556,4557,2,6644.82,6699.58,2963.379999999999,0.40625,4556,327,BMAa,BMA,73,left,0
4557,4558,2,6645.04,6701.08,2965.119999999999,0.32421875,4557,327,BMAa,BMA,73,left,0
4558,4559,2,6644.44,6701.7,2965.92,0.32421875,4558,327,BMAa,BMA,73,left,0
4559,4560,2,6644.42,6703.82,2966.699999999999,0.54296875,4559,327,BMAa,BMA,73,left,0
4560,4561,2,6644.2,6706.56,2967.119999999999,0.40625,4560,327,BMAa,BMA,73,left,0
4561,4562,2,6643.339999999999,6708.48,2968.120000000001,0.32421875,4561,327,BMAa,BMA,73,left,0
4562,4563,2,6642.780000000001,6711.12,2969.3600000000006,0.1640625,4562,327,BMAa,BMA,73,left,0
4563,4564,2,6641.860000000001,6713.200000000001,2969.58,0.43359375,4563,327,BMAa,BMA,73,left,0
4564,4565,2,6640.36,6715.280000000001,2970.0200000000004,0.43359375,4564,327,BMAa,BMA,73,left,0
4565,4566,2,6639.26,6717.32,2970.82,0.40625,4565,327,BMAa,BMA,73,left,0
4566,4567,2,6638.56,6718.68,2971.459999999999,0.26953125,4566,327,BMAa,BMA,73,left,0
4567,4568,2,6637.26,6720.92,2972.92,0.48828125,4567,327,BMAa,BMA,73,left,0
4568,4569,2,6635.639999999999,6722.16,2973.619999999999,0.1640625,4568,327,BMAa,BMA,73,left,0
4569,4570,2,6635.2,6723.06,2976.58,0.00390625,4569,327,BMAa,BMA,73,left,0
4570,4571,2,6634.42,6723.92,2978.24,0.3515625,4570,327,BMAa,BMA,73,left,0
4571,4572,2,6633.22,6724.719999999999,2979.84,0.1640625,4571,327,BMAa,BMA,73,left,0
4572,4573,2,6631.52,6725.76,2981.119999999999,0.40625,4572,327,BMAa,BMA,73,left,0
4573,4574,2,6630.76,6726.52,2981.84,0.32421875,4573,327,BMAa,BMA,73,left,0
4574,4575,2,6630.68,6728.02,2983.42,0.2421875,4574,327,BMAa,BMA,73,left,0
4575,4576,2,6629.82,6729.160000000001,2984.8600000000006,0.4609375,4575,327,BMAa,BMA,73,left,0
4576,4577,2,6628.8,6730.62,2985.9400000000005,0.26953125,4576,327,BMAa,BMA,73,left,0
4577,4578,2,6626.88,6733.06,2987.16,0.32421875,4577,327,BMAa,BMA,73,left,0
4578,4579,2,6625.48,6735.34,2988.6800000000003,0.32421875,4578,327,BMAa,BMA,73,left,0
4579,4580,2,6624.62,6736.98,2989.9,0.1640625,4579,327,BMAa,BMA,73,left,0
4580,4581,2,6623.339999999999,6738.959999999999,2990.5,0.3515625,4580,327,BMAa,BMA,73,left,0
4581,4582,2,6621.52,6740.9400000000005,2991.4,0.32421875,4581,327,BMAa,BMA,73,left,0
4582,4583,2,6620.66,6742.06,2992.5599999999995,0.32421875,4582,327,BMAa,BMA,73,left,0
4583,4584,2,6619.539999999999,6743.62,2993.16,0.32421875,4583,327,BMAa,BMA,73,left,0
4584,4585,2,6618.62,6744.82,2994.1399999999994,0.296875,4584,327,BMAa,BMA,73,left,0
4585,4586,2,6617.4,6747.039999999999,2995.48,0.32421875,4585,327,BMAa,BMA,73,left,0
4586,4587,2,6616.280000000001,6748.22,2996.2800000000007,0.19140625,4586,327,BMAa,BMA,73,left,0
4587,4588,2,6614.56,6750.42,2997.720000000001,0.00390625,4587,327,BMAa,BMA,73,left,0
4588,4589,2,6613.4400000000005,6752.16,2998.5599999999995,0.32421875,4588,327,BMAa,BMA,73,left,0
4589,4590,2,6613.04,6754.04,2999.84,0.48828125,4589,327,BMAa,BMA,73,left,0
4590,4591,2,6612.4400000000005,6755.58,3000.6800000000003,0.32421875,4590,327,BMAa,BMA,73,left,0
4591,4592,2,6612.179999999999,6757.7,3001.5,0.515625,4591,327,BMAa,BMA,73,left,0
4592,4593,2,6611.16,6759.0,3002.140000000001,0.40625,4592,327,BMAa,BMA,73,left,0
4593,4594,2,6610.48,6761.040000000001,3003.4400000000005,0.32421875,4593,327,BMAa,BMA,73,left,0
4594,4595,2,6609.0,6762.32,3005.119999999999,0.32421875,4594,327,BMAa,BMA,73,left,0
4595,4596,2,6608.099999999999,6763.4400000000005,3006.6800000000003,0.32421875,4595,327,BMAa,BMA,73,left,0
4596,4597,2,6607.74,6765.56,3009.16,0.296875,4596,327,BMAa,BMA,73,left,0
4597,4598,2,6607.240000000001,6766.219999999999,3010.879999999999,0.43359375,4597,327,BMAa,BMA,73,left,0
4598,4599,2,6605.599999999999,6766.88,3013.279999999999,0.43359375,4598,327,BMAa,BMA,73,left,0
4599,4600,2,6604.56,6767.6,3014.5,0.4609375,4599,327,BMAa,BMA,73,left,0
4600,4601,2,6603.16,6769.32,3015.620000000001,0.0078125,4600,327,BMAa,BMA,73,left,0
4601,4602,2,6601.4400000000005,6771.459999999999,3016.58,0.32421875,4601,327,BMAa,BMA,73,left,0
4602,4603,2,6600.06,6773.4400000000005,3016.9399999999987,0.19140625,4602,327,BMAa,BMA,73,left,0
4603,4604,2,6598.780000000001,6774.679999999999,3017.1800000000003,0.32421875,4603,327,BMAa,BMA,73,left,0
4604,4605,2,6596.599999999999,6777.56,3018.1800000000003,0.19140625,4604,327,BMAa,BMA,73,left,0
4605,4606,2,6595.460000000001,6779.02,3019.24,0.2421875,4605,327,BMAa,BMA,73,left,0
4606,4607,2,6593.8,6780.9400000000005,3020.040000000001,0.1640625,4606,327,BMAa,BMA,73,left,0
4607,4608,2,6591.76,6783.400000000001,3020.34,0.43359375,4607,327,BMAa,BMA,73,left,0
4608,4609,2,6590.42,6784.740000000001,3020.9,0.32421875,4608,327,BMAa,BMA,73,left,0
4609,4610,2,6588.540000000001,6787.16,3021.08,0.40625,4609,327,BMAa,BMA,73,left,0
4610,4611,2,6587.4400000000005,6788.9,3021.48,0.5703125,4610,327,BMAa,BMA,73,left,0
4611,4612,2,6585.36,6790.76,3021.8600000000006,0.43359375,4611,327,BMAa,BMA,73,left,0
4612,4613,2,6584.02,6792.02,3022.3600000000006,0.2421875,4612,327,BMAa,BMA,73,left,0
4613,4614,2,6582.58,6793.4400000000005,3023.619999999999,0.32421875,4613,327,BMAa,BMA,73,left,0
4614,4615,2,6581.620000000001,6794.78,3024.5599999999995,0.37890625,4614,327,BMAa,BMA,73,left,0
4615,4616,2,6580.700000000001,6795.8,3025.76,0.32421875,4615,327,BMAa,BMA,73,left,0
4616,4617,2,6580.14,6797.14,3027.42,0.37890625,4616,327,BMAa,BMA,73,left,0
4617,4618,2,6579.360000000001,6798.4400000000005,3028.22,0.3515625,4617,327,BMAa,BMA,73,left,0
4618,4619,2,6578.12,6800.56,3029.1800000000003,0.2421875,4618,327,BMAa,BMA,73,left,0
4619,4620,2,6577.799999999999,6802.26,3029.92,0.37890625,4619,327,BMAa,BMA,73,left,0
4620,4621,2,6577.74,6804.0,3031.119999999999,0.00390625,4620,327,BMAa,BMA,73,left,0
4621,4622,2,6576.54,6805.5,3031.6000000000004,0.1640625,4621,327,BMAa,BMA,73,left,0
4622,4623,2,6575.299999999999,6807.26,3032.5599999999995,0.2421875,4622,327,BMAa,BMA,73,left,0
4623,4624,2,6573.82,6808.5,3033.5599999999995,0.4609375,4623,327,BMAa,BMA,73,left,0
4624,4625,2,6572.3,6810.599999999999,3035.3599999999988,0.26953125,4624,327,BMAa,BMA,73,left,0
4625,4626,2,6571.7,6812.46,3036.6399999999994,0.32421875,4625,327,BMAa,BMA,73,left,0
4626,4627,2,6571.4800000000005,6814.360000000001,3037.32,0.19140625,4626,327,BMAa,BMA,73,left,0
4627,4628,2,6571.34,6815.96,3038.5,0.26953125,4627,327,BMAa,BMA,73,left,0
4628,4629,2,6570.599999999999,6816.900000000001,3040.34,0.48828125,4628,327,BMAa,BMA,73,left,0
4629,4630,2,6569.38,6817.5,3042.48,0.296875,4629,327,BMAa,BMA,73,left,0
4630,4631,2,6568.66,6818.64,3045.4400000000005,0.37890625,4630,327,BMAa,BMA,73,left,0
4631,4632,2,6567.66,6819.46,3047.0200000000004,0.37890625,4631,327,BMAa,BMA,73,left,0
4632,4633,2,6567.219999999999,6821.18,3048.9400000000005,0.37890625,4632,327,BMAa,BMA,73,left,0
4633,4634,2,6566.3,6822.799999999999,3050.380000000001,0.19140625,4633,327,BMAa,BMA,73,left,0
4634,4635,2,6565.06,6824.62,3051.32,0.21484375,4634,327,BMAa,BMA,73,left,0
4635,4636,2,6564.139999999999,6826.0,3052.92,0.43359375,4635,327,BMAa,BMA,73,left,0
4636,4637,2,6563.3,6827.4400000000005,3055.2000000000007,0.32421875,4636,327,BMAa,BMA,73,left,0
4637,4638,2,6562.200000000001,6828.42,3056.380000000001,0.43359375,4637,327,BMAa,BMA,73,left,0
4638,4639,2,6562.219999999999,6829.9,3057.82,0.296875,4638,327,BMAa,BMA,73,left,0
4639,4640,2,6561.54,6831.24,3058.4,0.296875,4639,327,BMAa,BMA,73,left,0
4640,4641,2,6560.2,6832.619999999999,3059.460000000001,0.40625,4640,327,BMAa,BMA,73,left,0
4641,4642,2,6559.42,6834.139999999999,3060.72,0.48828125,4641,327,BMAa,BMA,73,left,0
4642,4643,2,6558.099999999999,6835.82,3061.7800000000007,0.32421875,4642,327,BMAa,BMA,73,left,0
4643,4644,2,6557.179999999999,6837.32,3063.08,0.37890625,4643,327,BMAa,BMA,73,left,0
4644,4645,2,6556.18,6838.42,3064.3600000000006,0.26953125,4644,327,BMAa,BMA,73,left,0
4645,4646,2,6554.9,6840.44,3066.0,0.37890625,4645,327,BMAa,BMA,73,left,0
4646,4647,2,6553.780000000001,6841.4800000000005,3067.140000000001,0.48828125,4646,327,BMAa,BMA,73,left,0
4647,4648,2,6553.28,6842.52,3068.92,0.26953125,4647,327,BMAa,BMA,73,left,0
4648,4649,2,6552.26,6843.22,3070.32,0.21484375,4648,327,BMAa,BMA,73,left,0
4649,4650,2,6551.12,6843.92,3073.32,0.296875,4649,327,BMAa,BMA,73,left,0
4650,4651,2,6551.2,6844.34,3074.6000000000004,0.515625,4650,327,BMAa,BMA,73,left,0
4651,4652,2,6550.280000000001,6845.280000000001,3075.5,0.515625,4651,327,BMAa,BMA,73,left,0
4652,4653,2,6549.18,6847.4,3076.540000000001,0.32421875,4652,327,BMAa,BMA,73,left,0
4653,4654,2,6548.24,6848.9800000000005,3077.4,0.3515625,4653,327,BMAa,BMA,73,left,0
4654,4655,2,6546.82,6851.02,3078.82,0.1640625,4654,327,BMAa,BMA,73,left,0
4655,4656,2,6546.26,6851.78,3080.1399999999994,0.296875,4655,327,BMAa,BMA,73,left,0
4656,4657,2,6543.76,6851.34,3082.0,0.48828125,4656,327,BMAa,BMA,73,left,0
4657,4658,2,6542.54,6850.68,3083.6399999999994,0.4609375,4657,327,BMAa,BMA,73,left,0
4658,4659,2,6541.34,6850.74,3084.8,0.37890625,4658,327,BMAa,BMA,73,left,0
4659,4660,2,6539.42,6851.3,3085.7000000000007,0.3515625,4659,327,BMAa,BMA,73,left,0
4660,4661,2,6538.26,6851.84,3086.4,0.4609375,4660,327,BMAa,BMA,73,left,0
4661,4662,2,6536.68,6852.34,3087.76,0.26953125,4661,327,BMAa,BMA,73,left,0
4662,4663,2,6535.259999999999,6852.54,3089.379999999999,0.32421875,4662,327,BMAa,BMA,73,left,0
4663,4664,2,6533.08,6853.04,3091.6399999999994,0.296875,4663,327,BMAa,BMA,73,left,0
4664,4665,2,6531.72,6854.04,3092.8599999999988,0.1640625,4664,327,BMAa,BMA,73,left,0
4665,4666,2,6529.28,6855.5,3094.7000000000007,0.4609375,4665,639,COAa,COA,73,left,0
4666,4667,2,6527.54,6856.68,3095.5200000000004,0.32421875,4666,639,COAa,COA,73,left,0
4667,4668,2,6525.34,6857.56,3095.5600000000013,0.01171875,4667,639,COAa,COA,73,left,0
4668,4669,2,6522.46,6858.26,3096.0599999999995,0.32421875,4668,639,COAa,COA,73,left,0
4669,4670,2,6520.98,6858.400000000001,3097.140000000001,0.32421875,4669,639,COAa,COA,73,left,0
4670,4671,2,6519.099999999999,6858.6,3098.76,0.32421875,4670,639,COAa,COA,73,left,0
4671,4672,2,6518.099999999999,6858.82,3100.1800000000003,0.296875,4671,639,COAa,COA,73,left,0
4672,4673,2,6516.280000000001,6860.5,3101.32,0.32421875,4672,639,COAa,COA,73,left,0
4673,4674,2,6515.22,6862.16,3102.140000000001,0.1640625,4673,639,COAa,COA,73,left,0
4674,4675,2,6514.08,6864.2,3102.66,0.3515625,4674,639,COAa,COA,73,left,0
4675,4676,2,6511.900000000001,6866.26,3102.880000000001,0.37890625,4675,639,COAa,COA,73,left,0
4676,4677,2,6510.38,6868.06,3103.22,0.1640625,4676,639,COAa,COA,73,left,0
4677,4678,2,6507.759999999999,6870.42,3103.7800000000007,0.2421875,4677,639,COAa,COA,73,left,0
4678,4679,2,6506.4800000000005,6872.039999999999,3104.74,0.2421875,4678,639,COAa,COA,73,left,0
4679,4680,2,6505.599999999999,6873.6,3105.98,0.296875,4679,639,COAa,COA,73,left,0
4680,4681,2,6504.24,6874.86,3106.24,0.32421875,4680,639,COAa,COA,73,left,0
4681,4682,2,6502.039999999999,6876.72,3106.1399999999994,0.32421875,4681,639,COAa,COA,73,left,0
4682,4683,2,6500.08,6877.3,3106.74,0.32421875,4682,639,COAa,COA,73,left,0
4683,4684,2,6498.84,6877.6,3107.720000000001,0.40625,4683,639,COAa,COA,73,left,0
4684,4685,2,6497.14,6878.88,3108.379999999999,0.32421875,4684,639,COAa,COA,73,left,0
4685,4686,2,6495.700000000001,6879.9800000000005,3109.08,0.32421875,4685,639,COAa,COA,73,left,0
4686,4687,2,6493.540000000001,6881.24,3110.539999999999,0.37890625,4686,639,COAa,COA,73,left,0
4687,4688,2,6492.14,6882.08,3111.6000000000004,0.32421875,4687,639,COAa,COA,73,left,0
4688,4689,2,6490.56,6883.379999999999,3112.7800000000007,0.296875,4688,639,COAa,COA,73,left,0
4689,4690,2,6488.76,6885.72,3113.24,0.21484375,4689,639,COAa,COA,73,left,0
4690,4691,2,6487.52,6887.619999999999,3113.279999999999,0.3515625,4690,639,COAa,COA,73,left,0
4691,4692,2,6486.38,6889.400000000001,3113.540000000001,0.32421875,4691,639,COAa,COA,73,left,0
4692,4693,2,6484.78,6890.879999999999,3114.2800000000007,0.3515625,4692,639,COAa,COA,73,left,0
4693,4694,2,6483.719999999999,6892.179999999999,3114.98,0.32421875,4693,639,COAa,COA,73,left,0
4694,4695,2,6482.08,6893.84,3115.879999999999,0.48828125,4694,639,COAa,COA,73,left,0
4695,4696,2,6480.72,6895.5,3116.24,0.515625,4695,639,COAa,COA,73,left,0
4696,4697,2,6479.299999999999,6896.84,3117.0599999999995,0.43359375,4696,639,COAa,COA,73,left,0
4697,4698,2,6478.48,6898.06,3118.48,0.1640625,4697,639,COAa,COA,73,left,0
4698,4699,2,6477.26,6899.28,3119.42,0.32421875,4698,639,COAa,COA,73,left,0
4699,4700,2,6474.9800000000005,6901.12,3120.5,0.00390625,4699,639,COAa,COA,73,left,0
4700,4701,2,6473.200000000001,6903.339999999999,3121.4400000000005,0.32421875,4700,639,COAa,COA,73,left,0
4701,4702,2,6471.72,6905.860000000001,3122.32,0.21484375,4701,639,COAa,COA,73,left,0
4702,4703,2,6470.58,6907.88,3122.84,0.37890625,4702,639,COAa,COA,73,left,0
4703,4704,2,6468.26,6909.86,3124.0,0.21484375,4703,639,COAa,COA,73,left,0
4704,4705,2,6467.56,6911.0,3125.16,0.2421875,4704,639,COAa,COA,73,left,0
4705,4706,2,6465.22,6913.3,3126.380000000001,0.32421875,4705,639,COAa,COA,73,left,0
4706,4707,2,6463.66,6914.8,3127.1800000000003,0.1640625,4706,639,COAa,COA,73,left,0
4707,4708,2,6461.82,6917.4400000000005,3127.82,0.40625,4707,639,COAa,COA,73,left,0
4708,4709,2,6460.62,6919.299999999999,3128.48,0.2421875,4708,639,COAa,COA,73,left,0
4709,4710,2,6458.76,6920.56,3129.48,0.43359375,4709,639,COAa,COA,73,left,0
4710,4711,2,6456.74,6921.900000000001,3130.42,0.3515625,4710,639,COAa,COA,73,left,0
4711,4712,2,6455.98,6923.18,3131.6399999999994,0.43359375,4711,639,COAa,COA,73,left,0
4712,4713,2,6454.82,6924.52,3132.6800000000003,0.21484375,4712,639,COAa,COA,73,left,0
4713,4714,2,6454.26,6926.620000000001,3133.7000000000007,0.2421875,4713,639,COAa,COA,73,left,0
4714,4715,2,6453.22,6928.0,3134.379999999999,0.32421875,4714,639,COAa,COA,73,left,0
4715,4716,2,6452.54,6929.8,3135.3,0.32421875,4715,639,COAa,COA,73,left,0
4716,4717,2,6451.76,6931.4800000000005,3136.22,0.43359375,4716,639,COAa,COA,73,left,0
4717,4718,2,6450.38,6933.02,3137.619999999999,0.32421875,4717,639,COAa,COA,73,left,0
4718,4719,2,6449.18,6934.48,3138.42,0.37890625,4718,639,COAa,COA,73,left,0
4719,4720,2,6448.02,6935.82,3138.66,0.01171875,4719,639,COAa,COA,73,left,0
4720,4721,2,6446.34,6937.6,3139.16,0.1640625,4720,639,COAa,COA,73,left,0
4721,4722,2,6445.299999999999,6939.02,3139.72,0.1640625,4721,639,COAa,COA,73,left,0
4722,4723,2,6443.64,6940.48,3140.1800000000003,0.3515625,4722,639,COAa,COA,73,left,0
4723,4724,2,6441.92,6941.860000000001,3141.1000000000004,0.48828125,4723,639,COAa,COA,73,left,0
4724,4725,2,6440.76,6943.74,3142.3,0.21484375,4724,639,COAa,COA,73,left,0
4725,4726,2,6440.16,6945.24,3142.92,0.26953125,4725,639,COAa,COA,73,left,0
4726,4727,2,6439.62,6947.66,3143.1399999999994,0.3515625,4726,639,COAa,COA,73,left,0
4727,4728,2,6438.04,6950.2,3143.5599999999995,0.4609375,4727,639,COAa,COA,73,left,0
4728,4729,2,6436.72,6951.98,3143.82,0.54296875,4728,639,COAa,COA,73,left,0
4729,4730,2,6434.56,6953.719999999999,3144.8,0.2421875,4729,639,COAa,COA,73,left,0
4730,4731,2,6433.540000000001,6954.9800000000005,3146.0,0.37890625,4730,639,COAa,COA,73,left,0
4731,4732,2,6431.88,6956.219999999999,3146.8600000000006,0.1640625,4731,639,COAa,COA,73,left,0
4732,4733,2,6430.62,6957.6,3147.0,0.2421875,4732,639,COAa,COA,73,left,0
4733,4734,2,6430.299999999999,6958.719999999999,3147.6800000000003,0.48828125,4733,639,COAa,COA,73,left,0
4734,4735,2,6428.92,6960.76,3148.4400000000005,0.32421875,4734,639,COAa,COA,73,left,0
4735,4736,2,6428.22,6962.84,3148.7800000000007,0.43359375,4735,639,COAa,COA,73,left,0
4736,4737,2,6426.84,6965.0,3149.34,0.48828125,4736,639,COAa,COA,73,left,0
4737,4738,2,6425.72,6967.7,3150.08,0.40625,4737,639,COAa,COA,73,left,0
4738,4739,2,6424.58,6969.58,3150.620000000001,0.32421875,4738,639,COAa,COA,73,left,0
4739,4740,2,6423.04,6971.06,3151.74,0.1640625,4739,639,COAa,COA,73,left,0
4740,4741,2,6421.900000000001,6972.179999999999,3153.300000000001,0.40625,4740,639,COAa,COA,73,left,0
4741,4742,2,6421.36,6972.9,3154.4399999999987,0.26953125,4741,639,COAa,COA,73,left,0
4742,4743,2,6419.76,6973.5,3155.58,0.48828125,4742,639,COAa,COA,73,left,0
4743,4744,2,6418.32,6974.86,3157.16,0.32421875,4743,639,COAa,COA,73,left,0
4744,4745,2,6416.900000000001,6975.42,3158.32,0.26953125,4744,639,COAa,COA,73,left,0
4745,4746,2,6416.660000000001,6976.7,3160.460000000001,0.00390625,4745,639,COAa,COA,73,left,0
4746,4747,2,6415.96,6977.74,3161.6399999999994,0.48828125,4746,639,COAa,COA,73,left,0
4747,4748,2,6415.4,6979.44,3163.0,0.26953125,4747,639,COAa,COA,73,left,0
4748,4749,2,6414.26,6981.799999999999,3163.8600000000006,0.1640625,4748,639,COAa,COA,73,left,0
4749,4750,2,6413.52,6984.06,3163.959999999999,0.43359375,4749,639,COAa,COA,73,left,0
4750,4751,2,6412.9,6985.599999999999,3165.779999999999,0.32421875,4750,639,COAa,COA,73,left,0
4751,4752,2,6411.76,6986.620000000001,3166.84,0.296875,4751,639,COAa,COA,73,left,0
4752,4753,2,6410.839999999999,6987.86,3168.1800000000003,0.21484375,4752,639,COAa,COA,73,left,0
4753,4754,2,6409.8,6989.24,3168.48,0.26953125,4753,639,COAa,COA,73,left,0
4754,4755,2,6409.120000000001,6991.58,3168.82,0.1640625,4754,639,COAa,COA,73,left,0
4755,4756,2,6408.52,6992.820000000001,3169.48,0.3515625,4755,639,COAa,COA,73,left,0
4756,4757,2,6408.32,6994.9,3171.1000000000004,0.296875,4756,639,COAa,COA,73,left,0
4757,4758,2,6406.58,6997.14,3173.08,0.3515625,4757,639,COAa,COA,73,left,0
4758,4759,2,6405.04,6998.02,3174.34,0.3515625,4758,639,COAa,COA,73,left,0
4759,4760,2,6270.72,4220.08,2974.1399999999994,0.01171875,4307,672,CP,CP,74,left,0
4760,4761,2,6268.76,4221.86,2974.400000000001,0.8125,4760,672,CP,CP,74,left,0
4761,4762,2,6267.84,4224.139999999999,2974.199999999999,0.7578125,4761,672,CP,CP,74,left,0
4762,4763,2,6266.4800000000005,4225.58,2974.34,0.515625,4762,672,CP,CP,74,left,0
4763,4764,2,6265.280000000001,4225.68,2974.5,0.37890625,4763,672,CP,CP,74,left,1
4764,4765,2,6270.119999999999,4220.66,2972.619999999999,0.0078125,4307,672,CP,CP,75,left,0
4765,4766,2,6269.44,4223.28,2972.34,0.703125,4765,672,CP,CP,75,left,0
4766,4767,2,6268.46,4224.88,2972.16,1.19140625,4766,672,CP,CP,75,left,0
4767,4768,2,6266.36,4225.860000000001,2971.84,1.00390625,4767,672,CP,CP,75,left,0
4768,4769,2,6264.740000000001,4226.66,2971.08,0.2421875,4768,672,CP,CP,75,left,0
4769,4770,2,6264.139999999999,4228.9400000000005,2970.620000000001,0.48828125,4769,672,CP,CP,75,left,0
4770,4771,2,6263.4400000000005,4233.12,2970.34,0.40625,4770,672,CP,CP,75,left,0
4771,4772,2,6262.36,4234.46,2970.1399999999994,0.43359375,4771,672,CP,CP,75,left,0
4772,4773,2,6261.36,4238.32,2969.8600000000006,0.40625,4772,672,CP,CP,75,left,0
4773,4774,2,6260.78,4240.42,2969.7000000000007,0.48828125,4773,672,CP,CP,75,left,0
4774,4775,2,6259.28,4242.28,2968.84,0.37890625,4774,672,CP,CP,75,left,0
4775,4776,2,6257.92,4244.48,2966.8600000000006,0.1640625,4775,672,CP,CP,75,left,0
4776,4777,2,6257.039999999999,4246.86,2966.0599999999995,0.21484375,4776,672,CP,CP,75,left,0
4777,4778,2,6256.459999999999,4251.62,2965.5200000000004,0.73046875,4777,672,CP,CP,75,left,0
4778,4779,2,6256.1,4254.06,2964.880000000001,0.6484375,4778,672,CP,CP,75,left,0
4779,4780,2,6253.9800000000005,4256.12,2963.9400000000005,0.48828125,4779,672,CP,CP,75,left,0
4780,4781,2,6252.32,4258.02,2962.6800000000003,0.2421875,4780,672,CP,CP,75,left,0
4781,4782,2,6251.34,4260.46,2961.98,0.48828125,4781,672,CP,CP,75,left,0
4782,4783,2,6249.96,4263.18,2960.5200000000004,0.43359375,4782,672,CP,CP,75,left,0
4783,4784,2,6248.0,4265.56,2958.4400000000005,0.67578125,4783,672,CP,CP,75,left,0
4784,4785,2,6246.459999999999,4267.099999999999,2957.3,0.54296875,4784,672,CP,CP,75,left,0
4785,4786,2,6245.460000000001,4269.68,2955.2000000000007,0.01171875,4785,672,CP,CP,75,left,0
4786,4787,2,6243.9400000000005,4271.34,2953.880000000001,0.43359375,4786,672,CP,CP,75,left,0
4787,4788,2,6243.06,4273.5,2952.48,0.37890625,4787,672,CP,CP,75,left,0
4788,4789,2,6241.68,4275.76,2951.1000000000004,0.59765625,4788,672,CP,CP,75,left,0
4789,4790,2,6240.38,4278.8,2949.120000000001,0.515625,4789,672,CP,CP,75,left,0
4790,4791,2,6239.0,4280.7,2948.48,0.26953125,4790,672,CP,CP,75,left,0
4791,4792,2,6238.5,4282.799999999999,2948.1399999999994,0.48828125,4791,672,CP,CP,75,left,0
4792,4793,2,6237.98,4285.179999999999,2947.26,0.48828125,4792,672,CP,CP,75,left,0
4793,4794,2,6236.4800000000005,4287.320000000001,2946.26,0.296875,4793,672,CP,CP,75,left,0
4794,4795,2,6235.74,4289.88,2945.220000000001,0.7578125,4794,672,CP,CP,75,left,0
4795,4796,2,6233.48,4292.56,2943.72,0.2421875,4795,672,CP,CP,75,left,0
4796,4797,2,6231.900000000001,4294.700000000001,2942.5599999999995,0.73046875,4796,672,CP,CP,75,left,0
4797,4798,2,6229.360000000001,4296.08,2941.58,0.19140625,4797,672,CP,CP,75,left,0
4798,4799,2,6228.339999999999,4297.88,2941.900000000001,0.67578125,4798,672,CP,CP,75,left,0
4799,4800,2,6227.820000000001,4299.8,2943.1399999999994,0.32421875,4799,672,CP,CP,75,left,0
4800,4801,2,6228.02,4301.88,2944.220000000001,0.54296875,4800,672,CP,CP,75,left,0
4801,4802,2,6226.74,4304.719999999999,2944.040000000001,0.40625,4801,672,CP,CP,75,left,0
4802,4803,2,6225.2,4306.92,2943.1399999999994,0.43359375,4802,672,CP,CP,75,left,0
4803,4804,2,6224.56,4309.0,2942.42,0.59765625,4803,672,CP,CP,75,left,0
4804,4805,2,6224.52,4311.52,2941.3,0.78515625,4804,672,CP,CP,75,left,0
4805,4806,2,6224.299999999999,4313.24,2939.24,0.6484375,4805,672,CP,CP,75,left,0
4806,4807,2,6223.7,4315.299999999999,2938.6000000000004,0.515625,4806,672,CP,CP,75,left,0
4807,4808,2,6222.820000000001,4317.98,2938.84,0.296875,4807,672,CP,CP,75,left,0
4808,4809,2,6221.56,4319.98,2939.379999999999,0.62109375,4808,672,CP,CP,75,left,0
4809,4810,2,6220.18,4321.139999999999,2939.3600000000006,0.5703125,4809,672,CP,CP,75,left,0
4810,4811,2,6219.78,4323.360000000001,2939.959999999999,0.00390625,4810,672,CP,CP,75,left,0
4811,4812,2,6217.799999999999,4325.08,2939.880000000001,0.43359375,4811,672,CP,CP,75,left,0
4812,4813,2,6216.84,4327.24,2939.74,0.43359375,4812,672,CP,CP,75,left,0
4813,4814,2,6215.860000000001,4328.78,2939.7000000000007,0.48828125,4813,672,CP,CP,75,left,0
4814,4815,2,6215.900000000001,4330.78,2940.4400000000005,0.515625,4814,672,CP,CP,75,left,0
4815,4816,2,6215.54,4332.62,2941.42,0.37890625,4815,672,CP,CP,75,left,0
4816,4817,2,6214.52,4333.28,2941.48,0.21484375,4816,672,CP,CP,75,left,0
4817,4818,2,6214.0,4335.7,2942.16,0.40625,4817,672,CP,CP,75,left,0
4818,4819,2,6214.26,4341.360000000001,2942.3600000000006,0.43359375,4818,672,CP,CP,75,left,0
4819,4820,2,6214.360000000001,4343.04,2942.5200000000004,0.54296875,4819,672,CP,CP,75,left,0
4820,4821,2,6214.56,4344.54,2943.84,0.48828125,4820,672,CP,CP,75,left,0
4821,4822,2,6214.86,4346.32,2945.7000000000007,0.59765625,4821,672,CP,CP,75,left,0
4822,4823,2,6214.42,4348.4,2945.92,0.43359375,4822,672,CP,CP,75,left,0
4823,4824,2,6213.28,4349.9400000000005,2944.460000000001,0.515625,4823,672,CP,CP,75,left,0
4824,4825,2,6212.4400000000005,4351.9,2942.5,0.54296875,4824,672,CP,CP,75,left,0
4825,4826,2,6212.06,4354.88,2940.6800000000003,0.40625,4825,672,CP,CP,75,left,0
4826,4827,2,6210.8,4357.219999999999,2939.66,0.32421875,4826,672,CP,CP,75,left,0
4827,4828,2,6209.8,4359.1,2937.5200000000004,0.32421875,4827,672,CP,CP,75,left,0
4828,4829,2,6208.82,4359.56,2936.26,0.54296875,4828,672,CP,CP,75,left,0
4829,4830,2,6207.66,4361.4400000000005,2935.779999999999,0.703125,4829,672,CP,CP,75,left,0
4830,4831,2,6206.92,4364.46,2935.6800000000003,0.8671875,4830,672,CP,CP,75,left,0
4831,4832,2,6205.879999999999,4366.78,2935.4,0.48828125,4831,672,CP,CP,75,left,0
4832,4833,2,6205.48,4370.04,2935.08,0.59765625,4832,672,CP,CP,75,left,0
4833,4834,2,6204.76,4372.14,2934.74,0.5703125,4833,672,CP,CP,75,left,0
4834,4835,2,6204.46,4374.88,2934.199999999999,0.40625,4834,672,CP,CP,75,left,0
4835,4836,2,6203.68,4376.24,2934.0,0.73046875,4835,672,CP,CP,75,left,0
4836,4837,2,6203.6,4378.88,2933.22,0.48828125,4836,672,CP,CP,75,left,0
4837,4838,2,6203.6,4381.7,2932.0200000000004,0.67578125,4837,672,CP,CP,75,left,0
4838,4839,2,6203.719999999999,4385.68,2931.34,0.2421875,4838,672,CP,CP,75,left,0
4839,4840,2,6203.9800000000005,4388.6,2931.0200000000004,0.37890625,4839,672,CP,CP,75,left,0
4840,4841,2,6204.76,4389.9400000000005,2931.119999999999,0.40625,4840,672,CP,CP,75,left,0
4841,4842,2,6205.280000000001,4394.820000000001,2931.34,0.3515625,4841,672,CP,CP,75,left,0
4842,4843,2,6205.42,4396.72,2931.6800000000003,0.703125,4842,672,CP,CP,75,left,0
4843,4844,2,6205.599999999999,4399.88,2932.26,0.48828125,4843,672,CP,CP,75,left,0
4844,4845,2,6205.18,4401.56,2932.7800000000007,0.43359375,4844,672,CP,CP,75,left,0
4845,4846,2,6204.880000000001,4403.9,2933.5200000000004,0.48828125,4845,672,CP,CP,75,left,0
4846,4847,2,6204.78,4405.1,2935.1800000000003,0.4609375,4846,672,CP,CP,75,left,0
4847,4848,2,6204.32,4406.16,2936.699999999999,0.37890625,4847,672,CP,CP,75,left,0
4848,4849,2,6204.52,4408.32,2938.2000000000007,0.4609375,4848,672,CP,CP,75,left,0
4849,4850,2,6204.700000000001,4410.58,2938.72,0.37890625,4849,672,CP,CP,75,left,0
4850,4851,2,6204.880000000001,4412.4,2939.400000000001,0.2421875,4850,672,CP,CP,75,left,0
4851,4852,2,6205.04,4414.4400000000005,2939.8600000000006,0.43359375,4851,672,CP,CP,75,left,0
4852,4853,2,6205.259999999999,4417.04,2940.66,0.296875,4852,672,CP,CP,75,left,0
4853,4854,2,6205.48,4420.0,2941.879999999999,0.48828125,4853,672,CP,CP,75,left,0
4854,4855,2,6204.9800000000005,4421.74,2942.34,0.4609375,4854,672,CP,CP,75,left,0
4855,4856,2,6204.62,4424.52,2943.7000000000007,0.32421875,4855,672,CP,CP,75,left,0
4856,4857,2,6203.56,4426.04,2944.619999999999,0.48828125,4856,672,CP,CP,75,left,0
4857,4858,2,6201.459999999999,4427.58,2944.8,0.0078125,4857,672,CP,CP,75,left,0
4858,4859,2,6199.58,4429.1,2945.0599999999995,0.37890625,4858,672,CP,CP,75,left,0
4859,4860,2,6197.42,4430.48,2945.1800000000003,0.54296875,4859,672,CP,CP,75,left,0
4860,4861,2,6196.4,4431.6,2945.34,0.48828125,4860,672,CP,CP,75,left,0
4861,4862,2,6194.120000000001,4432.799999999999,2945.34,0.515625,4861,672,CP,CP,75,left,0
4862,4863,2,6192.42,4434.06,2945.879999999999,0.54296875,4862,672,CP,CP,75,left,0
4863,4864,2,6191.36,4435.6,2946.620000000001,0.32421875,4863,672,CP,CP,75,left,0
4864,4865,2,6189.26,4438.34,2947.3,0.515625,4864,672,CP,CP,75,left,0
4865,4866,2,6187.799999999999,4439.9,2948.0600000000013,0.1640625,4865,672,CP,CP,75,left,0
4866,4867,2,6186.38,4441.86,2948.5,0.515625,4866,672,CP,CP,75,left,0
4867,4868,2,6185.44,4444.139999999999,2948.9,0.515625,4867,672,CP,CP,75,left,0
4868,4869,2,6184.099999999999,4446.08,2949.1800000000003,0.4609375,4868,672,CP,CP,75,left,0
4869,4870,2,6181.32,4447.74,2949.3,0.37890625,4869,672,CP,CP,75,left,0
4870,4871,2,6179.24,4448.46,2949.640000000001,0.40625,4870,672,CP,CP,75,left,0
4871,4872,2,6177.68,4449.1,2950.040000000001,0.48828125,4871,672,CP,CP,75,left,0
4872,4873,2,6175.78,4450.66,2950.16,0.32421875,4872,672,CP,CP,75,left,0
4873,4874,2,6174.28,4452.18,2950.119999999999,0.40625,4873,672,CP,CP,75,left,0
4874,4875,2,6172.960000000001,4452.86,2950.08,0.0234375,4874,672,CP,CP,75,left,0
4875,4876,2,6170.8,4453.58,2950.040000000001,0.296875,4875,672,CP,CP,75,left,0
4876,4877,2,6168.780000000001,4454.139999999999,2950.0,0.32421875,4876,672,CP,CP,75,left,0
4877,4878,2,6167.219999999999,4454.84,2949.959999999999,0.4609375,4877,672,CP,CP,75,left,0
4878,4879,2,6164.22,4456.139999999999,2949.9,0.4609375,4878,672,CP,CP,75,left,0
4879,4880,2,6162.46,4457.38,2949.92,0.40625,4879,672,CP,CP,75,left,0
4880,4881,2,6160.280000000001,4458.74,2950.1399999999994,0.2421875,4880,672,CP,CP,75,left,0
4881,4882,2,6158.76,4459.42,2950.3599999999988,0.40625,4881,672,CP,CP,75,left,0
4882,4883,2,6157.28,4460.52,2951.32,0.59765625,4882,672,CP,CP,75,left,0
4883,4884,2,6156.14,4462.12,2952.1000000000004,0.78515625,4883,672,CP,CP,75,left,0
4884,4885,2,6155.98,4463.32,2953.7000000000007,0.48828125,4884,672,CP,CP,75,left,0
4885,4886,2,6156.12,4464.26,2955.5999999999985,0.32421875,4885,672,CP,CP,75,left,0
4886,4887,2,6155.52,4464.12,2956.22,0.37890625,4886,672,CP,CP,75,left,0
4887,4888,2,6155.259999999999,4461.32,2957.5200000000004,0.62109375,4887,672,CP,CP,75,left,0
4888,4889,2,6154.9,4458.6,2958.6399999999994,0.32421875,4888,672,CP,CP,75,left,0
4889,4890,2,6154.22,4457.08,2959.220000000001,0.62109375,4889,672,CP,CP,75,left,0
4890,4891,2,6154.0,4453.3,2959.74,0.48828125,4890,672,CP,CP,75,left,0
4891,4892,2,6153.9800000000005,4450.76,2960.76,0.40625,4891,672,CP,CP,75,left,0
4892,4893,2,6154.06,4448.16,2962.6800000000003,0.54296875,4892,672,CP,CP,75,left,0
4893,4894,2,6154.120000000001,4446.2,2964.0200000000004,0.3515625,4893,672,CP,CP,75,left,0
4894,4895,2,6154.139999999999,4443.2,2965.5999999999985,0.48828125,4894,672,CP,CP,75,left,0
4895,4896,2,6154.08,4440.6,2967.0599999999995,0.26953125,4895,672,CP,CP,75,left,0
4896,4897,2,6153.42,4439.46,2967.58,0.48828125,4896,672,CP,CP,75,left,0
4897,4898,2,6153.099999999999,4437.08,2969.0599999999995,0.54296875,4897,672,CP,CP,75,left,0
4898,4899,2,6153.06,4435.14,2971.08,0.4609375,4898,672,CP,CP,75,left,0
4899,4900,2,6152.4400000000005,4434.68,2971.900000000001,0.37890625,4899,672,CP,CP,75,left,0
4900,4901,2,6152.380000000001,4433.4800000000005,2974.0,0.62109375,4900,672,CP,CP,75,left,0
4901,4902,2,6152.28,4431.92,2976.5200000000004,0.21484375,4901,672,CP,CP,75,left,0
4902,4903,2,6151.72,4430.6,2978.540000000001,0.3515625,4902,672,CP,CP,75,left,0
4903,4904,2,6150.860000000001,4429.32,2981.0,0.515625,4903,672,CP,CP,75,left,0
4904,4905,2,6150.22,4427.94,2982.58,0.3515625,4904,672,CP,CP,75,left,0
4905,4906,2,6149.46,4426.12,2985.48,0.3515625,4905,672,CP,CP,75,left,0
4906,4907,2,6148.46,4425.6,2987.1800000000003,0.296875,4906,672,CP,CP,75,left,0
4907,4908,2,6148.18,4424.9400000000005,2989.0599999999995,0.3515625,4907,672,CP,CP,75,left,0
4908,4909,2,6148.379999999999,4423.92,2991.380000000001,0.32421875,4908,672,CP,CP,75,left,0
4909,4910,2,6148.5,4422.58,2993.1800000000003,0.26953125,4909,672,CP,CP,75,left,0
4910,4911,2,6148.540000000001,4420.36,2994.74,0.59765625,4910,672,CP,CP,75,left,0
4911,4912,2,6148.62,4417.58,2996.84,0.40625,4911,672,CP,CP,75,left,0
4912,4913,2,6148.74,4416.62,2998.48,0.296875,4912,672,CP,CP,75,left,0
4913,4914,2,6149.679999999999,4416.42,2999.779999999999,0.62109375,4913,672,CP,CP,75,left,0
4914,4915,2,6151.82,4416.3,3000.08,0.296875,4914,672,CP,CP,75,left,0
4915,4916,2,6153.28,4416.28,3000.6399999999994,0.54296875,4915,672,CP,CP,75,left,0
4916,4917,2,6153.46,4416.34,3002.22,0.43359375,4916,672,CP,CP,75,left,0
4917,4918,2,6154.539999999999,4416.06,3003.84,0.6484375,4917,672,CP,CP,75,left,0
4918,4919,2,6156.16,4415.72,3004.8600000000006,0.515625,4918,672,CP,CP,75,left,0
4919,4920,2,6157.98,4415.36,3005.6800000000003,0.40625,4919,672,CP,CP,75,left,0
4920,4921,2,6160.36,4414.92,3006.1800000000003,0.62109375,4920,672,CP,CP,75,left,0
4921,4922,2,6162.0,4414.78,3007.119999999999,0.26953125,4921,672,CP,CP,75,left,0
4922,4923,2,6162.98,4415.36,3008.5200000000004,0.62109375,4922,672,CP,CP,75,left,0
4923,4924,2,6164.5,4415.26,3010.42,0.54296875,4923,672,CP,CP,75,left,0
4924,4925,2,6165.1,4415.14,3011.76,0.02734375,4924,672,CP,CP,75,left,0
4925,4926,2,6165.38,4415.34,3014.040000000001,0.4609375,4925,672,CP,CP,75,left,0
4926,4927,2,6165.68,4415.78,3016.66,0.26953125,4926,672,CP,CP,75,left,0
4927,4928,2,6165.4,4415.96,3018.6800000000003,0.48828125,4927,672,CP,CP,75,left,0
4928,4929,2,6165.1,4416.98,3020.1800000000003,0.2421875,4928,672,CP,CP,75,left,0
4929,4930,2,6165.38,4417.900000000001,3022.619999999999,0.62109375,4929,672,CP,CP,75,left,0
4930,4931,2,6166.12,4418.42,3024.24,0.296875,4930,672,CP,CP,75,left,0
4931,4932,2,6167.42,4418.4800000000005,3025.58,0.19140625,4931,672,CP,CP,75,left,0
4932,4933,2,6168.22,4418.28,3027.2000000000007,0.83984375,4932,672,CP,CP,75,left,0
4933,4934,2,6170.02,4417.88,3028.08,0.6484375,4933,672,CP,CP,75,left,0
4934,4935,2,6171.639999999999,4417.24,3032.6800000000003,0.43359375,4934,672,CP,CP,75,left,0
4935,4936,2,6171.799999999999,4417.3,3034.220000000001,0.6484375,4935,672,CP,CP,75,left,0
4936,4937,2,6172.1,4417.26,3036.9399999999987,0.43359375,4936,672,CP,CP,75,left,0
4937,4938,2,6172.179999999999,4416.34,3038.5,0.54296875,4937,672,CP,CP,75,left,0
4938,4939,2,6172.200000000001,4414.599999999999,3040.040000000001,0.59765625,4938,672,CP,CP,75,left,0
4939,4940,2,6171.7,4413.18,3041.5200000000004,0.43359375,4939,672,CP,CP,75,left,0
4940,4941,2,6170.66,4412.58,3042.459999999999,0.21484375,4940,672,CP,CP,75,left,0
4941,4942,2,6170.259999999999,4410.84,3043.9400000000005,0.4609375,4941,672,CP,CP,75,left,0
4942,4943,2,6170.24,4408.82,3045.24,0.54296875,4942,672,CP,CP,75,left,0
4943,4944,2,6170.2,4406.32,3046.720000000001,0.515625,4943,672,CP,CP,75,left,0
4944,4945,2,6170.36,4403.82,3047.459999999999,0.4609375,4944,672,CP,CP,75,left,0
4945,4946,2,6171.0,4402.34,3048.5200000000004,0.3515625,4945,672,CP,CP,75,left,0
4946,4947,2,6171.12,4399.74,3050.3,0.32421875,4946,672,CP,CP,75,left,0
4947,4948,2,6171.3,4397.88,3051.1399999999994,0.26953125,4947,672,CP,CP,75,left,0
4948,4949,2,6171.78,4395.76,3051.16,0.32421875,4948,672,CP,CP,75,left,0
4949,4950,2,6171.72,4392.900000000001,3051.4,0.4609375,4949,672,CP,CP,75,left,0
4950,4951,2,6172.039999999999,4390.88,3051.459999999999,0.32421875,4950,672,CP,CP,75,left,0
4951,4952,2,6173.32,4389.46,3051.1800000000003,0.43359375,4951,672,CP,CP,75,left,0
4952,4953,2,6174.299999999999,4387.34,3050.66,0.59765625,4952,672,CP,CP,75,left,0
4953,4954,2,6175.639999999999,4384.4,3050.4,0.2421875,4953,672,CP,CP,75,left,0
4954,4955,2,6177.0,4383.3,3050.5,0.48828125,4954,672,CP,CP,75,left,0
4955,4956,2,6178.04,4381.08,3049.959999999999,0.296875,4955,672,CP,CP,75,left,0
4956,4957,2,6178.46,4379.8,3048.6000000000004,0.515625,4956,672,CP,CP,75,left,0
4957,4958,2,6179.22,4377.14,3047.58,0.43359375,4957,672,CP,CP,75,left,0
4958,4959,2,6180.14,4375.400000000001,3047.5,0.43359375,4958,672,CP,CP,75,left,0
4959,4960,2,6180.2,4372.66,3047.5,0.00390625,4959,672,CP,CP,75,left,0
4960,4961,2,6180.900000000001,4369.68,3047.66,0.59765625,4960,672,CP,CP,75,left,0
4961,4962,2,6181.38,4367.76,3047.8,0.48828125,4961,672,CP,CP,75,left,0
4962,4963,2,6181.2,4359.68,3047.66,0.5703125,4962,672,CP,CP,75,left,0
4963,4964,2,6180.66,4357.12,3047.26,0.48828125,4963,672,CP,CP,75,left,0
4964,4965,2,6179.160000000001,4356.26,3047.84,0.40625,4964,672,CP,CP,75,left,0
4965,4966,2,6178.48,4354.820000000001,3049.3600000000006,0.48828125,4965,672,CP,CP,75,left,0
4966,4967,2,6177.08,4353.1,3050.74,0.48828125,4966,672,CP,CP,75,left,0
4967,4968,2,6176.38,4350.82,3051.900000000001,0.40625,4967,672,CP,CP,75,left,0
4968,4969,2,6175.599999999999,4347.58,3052.26,0.32421875,4968,672,CP,CP,75,left,0
4969,4970,2,6175.14,4345.84,3052.4,0.703125,4969,672,CP,CP,75,left,0
4970,4971,2,6173.42,4344.02,3053.4,0.59765625,4970,672,CP,CP,75,left,0
4971,4972,2,6172.4,4342.0,3054.1000000000004,0.5703125,4971,672,CP,CP,75,left,0
4972,4973,2,6171.5,4340.64,3055.16,0.4609375,4972,672,CP,CP,75,left,0
4973,4974,2,6170.119999999999,4340.82,3056.08,0.43359375,4973,672,CP,CP,75,left,0
4974,4975,2,6169.400000000001,4341.04,3057.7000000000007,0.5703125,4974,672,CP,CP,75,left,0
4975,4976,2,6169.08,4340.84,3059.6000000000004,0.83984375,4975,672,CP,CP,75,left,0
4976,4977,2,6167.86,4340.16,3061.0599999999995,0.6484375,4976,672,CP,CP,75,left,0
4977,4978,2,6167.4400000000005,4339.56,3062.8,0.48828125,4977,672,CP,CP,75,left,0
4978,4979,2,6166.02,4338.82,3063.34,0.2421875,4978,672,CP,CP,75,left,0
4979,4980,2,6164.2,4336.8,3063.92,0.43359375,4979,672,CP,CP,75,left,0
4980,4981,2,6162.799999999999,4335.54,3064.66,0.3515625,4980,672,CP,CP,75,left,0
4981,4982,2,6161.799999999999,4334.8,3065.76,0.3515625,4981,672,CP,CP,75,left,0
4982,4983,2,6161.54,4334.1,3067.24,0.4609375,4982,672,CP,CP,75,left,0
4983,4984,2,6161.74,4333.44,3069.619999999999,0.4609375,4983,672,CP,CP,75,left,0
4984,4985,2,6161.860000000001,4332.08,3071.900000000001,0.40625,4984,672,CP,CP,75,left,0
4985,4986,2,6161.42,4330.58,3073.22,0.515625,4985,672,CP,CP,75,left,0
4986,4987,2,6160.299999999999,4328.56,3073.5,0.21484375,4986,672,CP,CP,75,left,0
4987,4988,2,6159.28,4323.2,3073.6399999999994,0.296875,4987,672,CP,CP,75,left,0
4988,4989,2,6158.74,4320.82,3074.0200000000004,0.37890625,4988,672,CP,CP,75,left,0
4989,4990,2,6158.08,4319.139999999999,3074.7000000000007,0.54296875,4989,672,CP,CP,75,left,0
4990,4991,2,6157.380000000001,4317.42,3076.42,0.515625,4990,672,CP,CP,75,left,0
4991,4992,2,6156.34,4316.78,3078.2000000000007,0.48828125,4991,672,CP,CP,75,left,0
4992,4993,2,6155.860000000001,4315.06,3079.6000000000004,0.48828125,4992,672,CP,CP,75,left,0
4993,4994,2,6154.299999999999,4313.9400000000005,3080.800000000001,0.32421875,4993,672,CP,CP,75,left,0
4994,4995,2,6153.42,4312.3,3082.0,0.32421875,4994,672,CP,CP,75,left,0
4995,4996,2,6151.459999999999,4311.7,3083.8,0.40625,4995,672,CP,CP,75,left,0
4996,4997,2,6151.4,4311.56,3085.72,0.43359375,4996,672,CP,CP,75,left,0
4997,4998,2,6150.879999999999,4311.54,3087.98,0.00390625,4997,672,CP,CP,75,left,0
4998,4999,2,6149.64,4312.46,3090.5999999999985,0.40625,4998,672,CP,CP,75,left,0
4999,5000,2,6148.82,4313.56,3092.42,0.32421875,4999,672,CP,CP,75,left,0
5000,5001,2,6148.74,4314.74,3094.6000000000004,0.296875,5000,672,CP,CP,75,left,0
5001,5002,2,6149.08,4315.1,3097.119999999999,0.6484375,5001,672,CP,CP,75,left,0
5002,5003,2,6149.120000000001,4314.24,3098.0,0.43359375,5002,672,CP,CP,75,left,0
5003,5004,2,6149.64,4312.12,3097.9,0.37890625,5003,672,CP,CP,75,left,0
5004,5005,2,6150.839999999999,4309.96,3097.6800000000003,0.62109375,5004,672,CP,CP,75,left,0
5005,5006,2,6151.4,4307.34,3097.619999999999,0.26953125,5005,672,CP,CP,75,left,0
5006,5007,2,6151.4800000000005,4304.820000000001,3098.279999999999,0.32421875,5006,672,CP,CP,75,left,0
5007,5008,2,6152.14,4302.64,3099.48,0.48828125,5007,672,CP,CP,75,left,0
5008,5009,2,6152.200000000001,4300.860000000001,3101.24,0.59765625,5008,672,CP,CP,75,left,0
5009,5010,2,6152.26,4298.9,3103.5200000000004,0.21484375,5009,672,CP,CP,75,left,0
5010,5011,2,6152.34,4296.84,3105.3599999999988,0.515625,5010,672,CP,CP,75,left,0
5011,5012,2,6152.88,4294.56,3106.1000000000004,0.59765625,5011,672,CP,CP,75,left,0
5012,5013,2,6153.66,4292.06,3107.1000000000004,0.19140625,5012,672,CP,CP,75,left,0
5013,5014,2,6154.62,4290.400000000001,3107.16,0.8125,5013,672,CP,CP,75,left,0
5014,5015,2,6155.119999999999,4288.4800000000005,3108.0999999999985,0.5703125,5014,672,CP,CP,75,left,0
5015,5016,2,6156.4800000000005,4287.42,3109.6000000000004,0.43359375,5015,672,CP,CP,75,left,0
5016,5017,2,6158.62,4285.82,3111.0599999999995,0.40625,5016,672,CP,CP,75,left,0
5017,5018,2,6159.46,4284.18,3112.3600000000006,0.26953125,5017,672,CP,CP,75,left,0
5018,5019,2,6161.7,4281.92,3113.039999999999,0.37890625,5018,672,CP,CP,75,left,0
5019,5020,2,6162.52,4280.1,3113.9400000000005,0.515625,5019,672,CP,CP,75,left,0
5020,5021,2,6163.82,4278.9,3115.460000000001,0.4609375,5020,672,CP,CP,75,left,0
5021,5022,2,6166.34,4278.24,3116.960000000001,0.3515625,5021,1022,GPe,GPe,75,left,0
5022,5023,2,6167.820000000001,4277.94,3118.120000000001,0.32421875,5022,1022,GPe,GPe,75,left,0
5023,5024,2,6169.46,4278.42,3119.400000000001,0.62109375,5023,1022,GPe,GPe,75,left,0
5024,5025,2,6170.5,4278.88,3121.0599999999995,0.43359375,5024,1022,GPe,GPe,75,left,0
5025,5026,2,6171.280000000001,4281.2,3123.9400000000005,0.2421875,5025,1022,GPe,GPe,75,left,0
5026,5027,2,6171.620000000001,4283.06,3126.3600000000006,0.32421875,5026,1022,GPe,GPe,75,left,0
5027,5028,2,6171.36,4284.3,3127.960000000001,0.43359375,5027,1022,GPe,GPe,75,left,0
5028,5029,2,6172.219999999999,4284.46,3133.5599999999995,0.54296875,5028,1022,GPe,GPe,75,left,0
5029,5030,2,6173.04,4284.24,3134.460000000001,0.4609375,5029,1022,GPe,GPe,75,left,0
5030,5031,2,6173.82,4284.24,3137.3600000000006,0.0078125,5030,1022,GPe,GPe,75,left,0
5031,5032,2,6173.5,4284.4,3140.08,0.40625,5031,1022,GPe,GPe,75,left,0
5032,5033,2,6172.240000000001,4284.599999999999,3141.84,0.43359375,5032,1022,GPe,GPe,75,left,0
5033,5034,2,6171.3,4284.28,3143.7800000000007,0.48828125,5033,1022,GPe,GPe,75,left,0
5034,5035,2,6170.16,4283.5,3145.460000000001,0.3515625,5034,1022,GPe,GPe,75,left,0
5035,5036,2,6168.28,4282.34,3147.5,0.40625,5035,1022,GPe,GPe,75,left,0
5036,5037,2,6167.28,4281.4800000000005,3148.379999999999,0.37890625,5036,1022,GPe,GPe,75,left,0
5037,5038,2,6166.38,4280.14,3149.9,0.19140625,5037,1022,GPe,GPe,75,left,0
5038,5039,2,6165.66,4279.84,3151.48,0.4609375,5038,1022,GPe,GPe,75,left,0
5039,5040,2,6163.9400000000005,4280.12,3153.0200000000004,0.19140625,5039,1022,GPe,GPe,75,left,0
5040,5041,2,6163.3,4280.26,3154.5,0.32421875,5040,1022,GPe,GPe,75,left,0
5041,5042,2,6161.92,4280.58,3156.720000000001,0.40625,5041,1022,GPe,GPe,75,left,0
5042,5043,2,6160.62,4281.02,3159.1399999999994,0.4609375,5042,1022,GPe,GPe,75,left,0
5043,5044,2,6159.42,4281.4800000000005,3160.539999999999,0.40625,5043,1022,GPe,GPe,75,left,0
5044,5045,2,6158.28,4281.18,3162.2000000000007,0.1640625,5044,1022,GPe,GPe,75,left,0
5045,5046,2,6158.339999999999,4279.56,3164.76,0.6484375,5045,1022,GPe,GPe,75,left,0
5046,5047,2,6158.64,4278.32,3167.0200000000004,0.3515625,5046,1022,GPe,GPe,75,left,0
5047,5048,2,6159.679999999999,4277.6,3168.84,0.6484375,5047,1022,GPe,GPe,75,left,0
5048,5049,2,6160.18,4277.4400000000005,3171.1000000000004,0.43359375,5048,1022,GPe,GPe,75,left,0
5049,5050,2,6161.52,4276.66,3171.0200000000004,0.03515625,5049,1022,GPe,GPe,75,left,0
5050,5051,2,6164.04,4275.62,3170.58,0.6484375,5050,1022,GPe,GPe,75,left,0
5051,5052,2,6165.460000000001,4274.58,3170.3,0.54296875,5051,1022,GPe,GPe,75,left,0
5052,5053,2,6167.12,4273.8,3169.539999999999,0.37890625,5052,1022,GPe,GPe,75,left,0
5053,5054,2,6169.299999999999,4273.02,3168.1399999999994,0.54296875,5053,1022,GPe,GPe,75,left,0
5054,5055,2,6170.08,4272.16,3167.140000000001,0.62109375,5054,1022,GPe,GPe,75,left,0
5055,5056,2,6171.799999999999,4271.42,3166.1800000000003,0.48828125,5055,1022,GPe,GPe,75,left,0
5056,5057,2,6174.120000000001,4270.9,3165.959999999999,0.43359375,5056,1022,GPe,GPe,75,left,0
5057,5058,2,6175.72,4270.56,3165.460000000001,0.515625,5057,1022,GPe,GPe,75,left,0
5058,5059,2,6178.12,4269.5,3164.6800000000003,0.48828125,5058,1022,GPe,GPe,75,left,0
5059,5060,2,6178.66,4267.76,3164.34,0.40625,5059,1022,GPe,GPe,75,left,0
5060,5061,2,6178.52,4264.48,3165.380000000001,0.2421875,5060,1022,GPe,GPe,75,left,0
5061,5062,2,6178.4400000000005,4262.56,3166.92,0.5703125,5061,1022,GPe,GPe,75,left,0
5062,5063,2,6177.26,4262.0,3167.720000000001,0.515625,5062,1022,GPe,GPe,75,left,0
5063,5064,2,6176.1,4260.84,3169.0200000000004,0.26953125,5063,1022,GPe,GPe,75,left,0
5064,5065,2,6174.82,4259.62,3170.959999999999,0.54296875,5064,1022,GPe,GPe,75,left,0
5065,5066,2,6174.38,4258.62,3173.120000000001,0.54296875,5065,1022,GPe,GPe,75,left,0
5066,5067,2,6173.719999999999,4258.12,3176.48,0.43359375,5066,1022,GPe,GPe,75,left,0
5067,5068,2,6172.94,4258.26,3177.720000000001,0.54296875,5067,1022,GPe,GPe,75,left,0
5068,5069,2,6173.360000000001,4258.0,3182.459999999999,0.59765625,5068,1022,GPe,GPe,75,left,0
5069,5070,2,6173.48,4256.96,3184.1800000000003,0.48828125,5069,1022,GPe,GPe,75,left,0
5070,5071,2,6172.28,4254.68,3185.3,0.6484375,5070,1022,GPe,GPe,75,left,0
5071,5072,2,6171.18,4252.6,3185.6399999999994,0.43359375,5071,1022,GPe,GPe,75,left,0
5072,5073,2,6169.58,4251.08,3186.84,0.4609375,5072,1022,GPe,GPe,75,left,0
5073,5074,2,6168.04,4250.0,3187.5200000000004,0.48828125,5073,1022,GPe,GPe,75,left,0
5074,5075,2,6166.58,4249.34,3188.0200000000004,0.54296875,5074,1022,GPe,GPe,75,left,0
5075,5076,2,6164.78,4248.74,3188.959999999999,0.43359375,5075,1022,GPe,GPe,75,left,0
5076,5077,2,6163.360000000001,4248.1,3190.08,0.5703125,5076,1022,GPe,GPe,75,left,0
5077,5078,2,6162.6,4247.52,3191.5,0.54296875,5077,1022,GPe,GPe,75,left,0
5078,5079,2,6161.4400000000005,4247.16,3193.24,0.2421875,5078,1022,GPe,GPe,75,left,0
5079,5080,2,6159.679999999999,4246.82,3194.74,0.296875,5079,1022,GPe,GPe,75,left,0
5080,5081,2,6158.379999999999,4246.24,3196.22,0.48828125,5080,1022,GPe,GPe,75,left,0
5081,5082,2,6156.860000000001,4245.58,3197.4,0.59765625,5081,1022,GPe,GPe,75,left,0
5082,5083,2,6156.219999999999,4244.700000000001,3198.74,0.40625,5082,1022,GPe,GPe,75,left,0
5083,5084,2,6154.92,4244.3,3200.32,0.54296875,5083,1022,GPe,GPe,75,left,0
5084,5085,2,6153.16,4244.24,3201.76,0.26953125,5084,1022,GPe,GPe,75,left,0
5085,5086,2,6152.08,4244.0,3202.960000000001,0.4609375,5085,1022,GPe,GPe,75,left,0
5086,5087,2,6150.38,4243.46,3203.5200000000004,0.43359375,5086,1022,GPe,GPe,75,left,0
5087,5088,2,6148.540000000001,4241.04,3203.66,0.43359375,5087,1022,GPe,GPe,75,left,0
5088,5089,2,6148.0,4239.139999999999,3203.8600000000006,0.32421875,5088,1022,GPe,GPe,75,left,0
5089,5090,2,6147.219999999999,4237.28,3204.6800000000003,0.26953125,5089,1022,GPe,GPe,75,left,0
5090,5091,2,6145.98,4235.2,3206.720000000001,0.48828125,5090,1022,GPe,GPe,75,left,0
5091,5092,2,6145.22,4234.38,3208.5,0.5703125,5091,1022,GPe,GPe,75,left,0
5092,5093,2,6143.62,4232.72,3209.1600000000008,0.32421875,5092,1022,GPe,GPe,75,left,0
5093,5094,2,6142.780000000001,4230.48,3209.42,0.37890625,5093,1022,GPe,GPe,75,left,0
5094,5095,2,6141.84,4227.74,3210.24,0.5703125,5094,1022,GPe,GPe,75,left,0
5095,5096,2,6140.76,4226.08,3211.6600000000008,0.62109375,5095,1022,GPe,GPe,75,left,0
5096,5097,2,6140.06,4223.78,3212.86,0.7578125,5096,1022,GPe,GPe,75,left,0
5097,5098,2,6138.88,4223.28,3213.04,0.6484375,5097,1022,GPe,GPe,75,left,0
5098,5099,2,6138.12,4220.68,3214.9,0.48828125,5098,1022,GPe,GPe,75,left,0
5099,5100,2,6137.64,4218.860000000001,3216.4400000000005,0.54296875,5099,1022,GPe,GPe,75,left,0
5100,5101,2,6136.1,4217.679999999999,3217.6400000000003,0.4609375,5100,1022,GPe,GPe,75,left,0
5101,5102,2,6134.9,4216.78,3218.959999999999,0.4609375,5101,1022,GPe,GPe,75,left,0
5102,5103,2,6133.02,4216.22,3221.08,0.67578125,5102,1022,GPe,GPe,75,left,0
5103,5104,2,6131.76,4215.08,3222.32,0.54296875,5103,1022,GPe,GPe,75,left,0
5104,5105,2,6130.299999999999,4213.92,3223.6800000000003,0.515625,5104,1022,GPe,GPe,75,left,0
5105,5106,2,6129.5,4212.56,3224.38,0.43359375,5105,1022,GPe,GPe,75,left,0
5106,5107,2,6127.780000000001,4211.78,3224.86,0.48828125,5106,1022,GPe,GPe,75,left,0
5107,5108,2,6125.98,4210.9,3225.08,0.48828125,5107,1022,GPe,GPe,75,left,0
5108,5109,2,6125.4,4209.64,3225.119999999999,0.515625,5108,1022,GPe,GPe,75,left,0
5109,5110,2,6124.22,4208.08,3226.7,0.32421875,5109,1022,GPe,GPe,75,left,0
5110,5111,2,6123.56,4206.76,3228.4400000000005,0.26953125,5110,1022,GPe,GPe,75,left,0
5111,5112,2,6123.86,4206.02,3231.92,0.40625,5111,1022,GPe,GPe,75,left,0
5112,5113,2,6124.18,4206.18,3234.0599999999995,0.5703125,5112,1022,GPe,GPe,75,left,0
5113,5114,2,6124.9800000000005,4206.08,3236.2,0.48828125,5113,1022,GPe,GPe,75,left,0
5114,5115,2,6126.24,4205.72,3237.7800000000007,0.48828125,5114,1022,GPe,GPe,75,left,0
5115,5116,2,6127.92,4205.24,3240.8399999999992,0.43359375,5115,1022,GPe,GPe,75,left,0
5116,5117,2,6128.9400000000005,4204.9400000000005,3242.6000000000004,0.43359375,5116,1022,GPe,GPe,75,left,0
5117,5118,2,6129.76,4204.64,3245.82,0.43359375,5117,1022,GPe,GPe,75,left,0
5118,5119,2,6129.9400000000005,4204.26,3247.5,0.4609375,5118,1022,GPe,GPe,75,left,0
5119,5120,2,6131.02,4203.82,3248.9,0.67578125,5119,1022,GPe,GPe,75,left,0
5120,5121,2,6132.7,4203.4,3249.96,0.40625,5120,1022,GPe,GPe,75,left,0
5121,5122,2,6133.3,4203.22,3251.08,0.03515625,5121,1022,GPe,GPe,75,left,0
5122,5123,2,6135.879999999999,4202.320000000001,3252.42,0.59765625,5122,1022,GPe,GPe,75,left,0
5123,5124,2,6137.4,4200.84,3252.6000000000004,0.40625,5123,1022,GPe,GPe,75,left,0
5124,5125,2,6138.68,4199.68,3254.24,0.2421875,5124,1022,GPe,GPe,75,left,0
5125,5126,2,6139.26,4199.08,3256.22,0.5703125,5125,1022,GPe,GPe,75,left,0
5126,5127,2,6141.040000000001,4198.28,3256.96,0.515625,5126,1022,GPe,GPe,75,left,0
5127,5128,2,6142.84,4197.06,3257.84,0.43359375,5127,1022,GPe,GPe,75,left,0
5128,5129,2,6145.78,4195.38,3258.540000000001,0.37890625,5128,1022,GPe,GPe,75,left,0
5129,5130,2,6147.380000000001,4193.6,3260.1800000000003,0.67578125,5129,1022,GPe,GPe,75,left,0
5130,5131,2,6147.68,4192.0,3261.4,0.3515625,5130,1022,GPe,GPe,75,left,0
5131,5132,2,6149.24,4190.52,3262.039999999999,0.515625,5131,1022,GPe,GPe,75,left,0
5132,5133,2,6150.66,4188.639999999999,3262.5199999999995,0.48828125,5132,1022,GPe,GPe,75,left,0
5133,5134,2,6151.860000000001,4186.34,3263.3,0.26953125,5133,1022,GPe,GPe,75,left,0
5134,5135,2,6152.68,4184.4,3264.6400000000003,0.5703125,5134,1022,GPe,GPe,75,left,0
5135,5136,2,6153.9800000000005,4182.780000000001,3266.1000000000004,0.32421875,5135,1022,GPe,GPe,75,left,0
5136,5137,2,6156.18,4180.52,3267.46,0.515625,5136,1022,GPe,GPe,75,left,0
5137,5138,2,6157.14,4178.4,3268.3,0.32421875,5137,1022,GPe,GPe,75,left,0
5138,5139,2,6158.46,4176.04,3271.42,0.43359375,5138,1022,GPe,GPe,75,left,0
5139,5140,2,6159.66,4174.54,3273.0600000000004,0.703125,5139,1022,GPe,GPe,75,left,0
5140,5141,2,6160.18,4172.92,3274.8,0.19140625,5140,1022,GPe,GPe,75,left,0
5141,5142,2,6160.42,4172.099999999999,3276.94,0.40625,5141,1022,GPe,GPe,75,left,0
5142,5143,2,6161.32,4169.64,3279.0599999999995,0.3515625,5142,1022,GPe,GPe,75,left,0
5143,5144,2,6162.46,4167.96,3280.9400000000005,0.59765625,5143,1022,GPe,GPe,75,left,0
5144,5145,2,6162.7,4164.98,3282.88,0.515625,5144,1022,GPe,GPe,75,left,0
5145,5146,2,6163.04,4162.52,3283.84,0.2421875,5145,1022,GPe,GPe,75,left,0
5146,5147,2,6164.26,4160.54,3284.4000000000005,0.32421875,5146,1022,GPe,GPe,75,left,0
5147,5148,2,6165.08,4158.74,3285.26,0.5703125,5147,1022,GPe,GPe,75,left,0
5148,5149,2,6166.459999999999,4157.6,3286.0,0.54296875,5148,1022,GPe,GPe,75,left,0
5149,5150,2,6167.780000000001,4155.9,3286.34,0.48828125,5149,1022,GPe,GPe,75,left,0
5150,5151,2,6167.619999999999,4154.4400000000005,3286.7,0.2421875,5150,1022,GPe,GPe,75,left,0
5151,5152,2,6167.4400000000005,4151.9,3287.86,0.26953125,5151,1022,GPe,GPe,75,left,0
5152,5153,2,6167.4,4149.1,3289.84,0.54296875,5152,1022,GPe,GPe,75,left,0
5153,5154,2,6167.32,4147.26,3291.2800000000007,0.40625,5153,1022,GPe,GPe,75,left,0
5154,5155,2,6166.4800000000005,4145.78,3292.5599999999995,0.43359375,5154,1022,GPe,GPe,75,left,0
5155,5156,2,6165.56,4144.36,3294.1800000000003,0.40625,5155,1022,GPe,GPe,75,left,0
5156,5157,2,6164.32,4143.7,3295.16,0.3515625,5156,1022,GPe,GPe,75,left,0
5157,5158,2,6163.84,4142.04,3297.46,0.19140625,5157,1022,GPe,GPe,75,left,0
5158,5159,2,6163.379999999999,4141.4,3299.4000000000005,0.40625,5158,1022,GPe,GPe,75,left,0
5159,5160,2,6163.3,4140.04,3303.66,0.37890625,5159,1022,GPe,GPe,75,left,0
5160,5161,2,6162.799999999999,4138.78,3305.5200000000004,0.6484375,5160,1022,GPe,GPe,75,left,0
5161,5162,2,6163.22,4138.46,3308.58,0.5703125,5161,1022,GPe,GPe,75,left,0
5162,5163,2,6163.6,4139.9,3309.58,0.5703125,5162,1022,GPe,GPe,75,left,0
5163,5164,2,6165.2,4142.88,3309.9400000000005,0.4609375,5163,1022,GPe,GPe,75,left,0
5164,5165,2,6167.42,4144.3,3310.1400000000003,0.48828125,5164,1022,GPe,GPe,75,left,0
5165,5166,2,6168.780000000001,4145.84,3309.66,0.43359375,5165,1022,GPe,GPe,75,left,0
5166,5167,2,6170.299999999999,4147.3,3308.86,0.59765625,5166,1022,GPe,GPe,75,left,0
5167,5168,2,6171.660000000001,4148.68,3307.66,0.5703125,5167,1022,GPe,GPe,75,left,0
5168,5169,2,6172.960000000001,4150.1,3306.84,0.296875,5168,1022,GPe,GPe,75,left,0
5169,5170,2,6173.84,4151.58,3305.8,0.3515625,5169,1022,GPe,GPe,75,left,0
5170,5171,2,6174.299999999999,4154.12,3304.1399999999994,0.32421875,5170,1022,GPe,GPe,75,left,0
5171,5172,2,6175.38,4156.3,3302.98,0.43359375,5171,1022,GPe,GPe,75,left,0
5172,5173,2,6176.4,4157.94,3302.28,0.1640625,5172,1022,GPe,GPe,75,left,0
5173,5174,2,6177.1,4160.42,3301.4,0.2421875,5173,1022,GPe,GPe,75,left,0
5174,5175,2,6177.32,4165.02,3301.0599999999995,0.62109375,5174,1022,GPe,GPe,75,left,0
5175,5176,2,6176.219999999999,4166.56,3302.039999999999,0.54296875,5175,1022,GPe,GPe,75,left,0
5176,5177,2,6174.539999999999,4167.7,3303.46,0.26953125,5176,1022,GPe,GPe,75,left,0
5177,5178,2,6173.360000000001,4169.12,3304.42,0.48828125,5177,1022,GPe,GPe,75,left,0
5178,5179,2,6173.379999999999,4171.22,3305.76,0.48828125,5178,1022,GPe,GPe,75,left,0
5179,5180,2,6172.820000000001,4173.44,3306.4800000000005,0.26953125,5179,1022,GPe,GPe,75,left,0
5180,5181,2,6173.18,4175.84,3307.12,0.5703125,5180,1022,GPe,GPe,75,left,0
5181,5182,2,6173.68,4178.74,3307.66,0.48828125,5181,1022,GPe,GPe,75,left,0
5182,5183,2,6174.06,4180.7,3308.42,0.62109375,5182,1022,GPe,GPe,75,left,0
5183,5184,2,6174.679999999999,4183.02,3309.1600000000008,0.43359375,5183,1022,GPe,GPe,75,left,0
5184,5185,2,6176.24,4183.2,3309.9800000000005,0.48828125,5184,1022,GPe,GPe,75,left,0
5185,5186,2,6177.34,4184.04,3311.3,0.89453125,5185,1022,GPe,GPe,75,left,0
5186,5187,2,6177.98,4186.38,3312.92,0.59765625,5186,1022,GPe,GPe,75,left,0
5187,5188,2,6179.120000000001,4187.4,3314.78,0.4609375,5187,1022,GPe,GPe,75,left,0
5188,5189,2,6180.06,4189.22,3316.6399999999994,0.59765625,5188,1022,GPe,GPe,75,left,0
5189,5190,2,6180.68,4191.360000000001,3318.76,0.515625,5189,1022,GPe,GPe,75,left,0
5190,5191,2,6181.34,4193.62,3319.9400000000005,0.296875,5190,1022,GPe,GPe,75,left,0
5191,5192,2,6182.5,4195.400000000001,3320.9400000000005,0.703125,5191,1022,GPe,GPe,75,left,0
5192,5193,2,6183.780000000001,4198.22,3323.379999999999,0.1640625,5192,1022,GPe,GPe,75,left,0
5193,5194,2,6184.9,4199.0,3324.78,0.515625,5193,1022,GPe,GPe,75,left,0
5194,5195,2,6186.3,4199.719999999999,3326.32,0.43359375,5194,1022,GPe,GPe,75,left,0
5195,5196,2,6187.06,4201.02,3327.98,0.54296875,5195,1022,GPe,GPe,75,left,0
5196,5197,2,6188.32,4202.06,3329.6400000000003,0.48828125,5196,1022,GPe,GPe,75,left,0
5197,5198,2,6189.34,4203.2,3330.8,0.32421875,5197,1022,GPe,GPe,75,left,0
5198,5199,2,6190.96,4204.16,3333.0,0.32421875,5198,1022,GPe,GPe,75,left,0
5199,5200,2,6192.820000000001,4204.599999999999,3334.76,0.54296875,5199,1022,GPe,GPe,75,left,0
5200,5201,2,6193.74,4205.78,3337.74,0.48828125,5200,1022,GPe,GPe,75,left,0
5201,5202,2,6194.880000000001,4206.72,3340.7000000000007,0.43359375,5201,1022,GPe,GPe,75,left,0
5202,5203,2,6196.459999999999,4207.4,3342.4800000000005,0.43359375,5202,1022,GPe,GPe,75,left,0
5203,5204,2,6197.42,4209.06,3343.9,0.32421875,5203,1022,GPe,GPe,75,left,0
5204,5205,2,6199.06,4210.76,3345.76,0.62109375,5204,1022,GPe,GPe,75,left,0
5205,5206,2,6201.68,4221.42,3346.620000000001,0.40625,5205,1022,GPe,GPe,75,left,0
5206,5207,2,6201.98,4224.22,3346.38,0.54296875,5206,1022,GPe,GPe,75,left,0
5207,5208,2,6202.240000000001,4226.88,3345.9000000000005,0.48828125,5207,1022,GPe,GPe,75,left,0
5208,5209,2,6202.960000000001,4228.14,3345.2,0.296875,5208,1022,GPe,GPe,75,left,0
5209,5210,2,6204.8,4228.9400000000005,3345.04,0.6484375,5209,1022,GPe,GPe,75,left,0
5210,5211,2,6206.92,4230.52,3344.72,0.32421875,5210,1022,GPe,GPe,75,left,0
5211,5212,2,6208.3,4231.8,3344.0200000000004,0.2421875,5211,1022,GPe,GPe,75,left,0
5212,5213,2,6210.58,4233.02,3342.94,0.43359375,5212,1022,GPe,GPe,75,left,0
5213,5214,2,6211.4,4233.56,3341.4,0.703125,5213,1022,GPe,GPe,75,left,0
5214,5215,2,6213.48,4234.62,3341.2,0.78515625,5214,1022,GPe,GPe,75,left,0
5215,5216,2,6215.839999999999,4236.32,3341.4800000000005,0.37890625,5215,1022,GPe,GPe,75,left,0
5216,5217,2,6218.16,4238.2,3341.6800000000003,0.59765625,5216,1022,GPe,GPe,75,left,0
5217,5218,2,6219.64,4239.78,3341.38,0.4609375,5217,1022,GPe,GPe,75,left,0
5218,5219,2,6221.96,4240.62,3341.0599999999995,0.5703125,5218,1022,GPe,GPe,75,left,0
5219,5220,2,6224.58,4241.68,3340.92,0.6484375,5219,1022,GPe,GPe,75,left,0
5220,5221,2,6225.98,4243.2,3340.16,0.8125,5220,1022,GPe,GPe,75,left,0
5221,5222,2,6228.92,4243.360000000001,3338.959999999999,0.59765625,5221,1022,GPe,GPe,75,left,0
5222,5223,2,6230.24,4243.14,3337.8200000000006,0.4609375,5222,1022,GPe,GPe,75,left,0
5223,5224,2,6230.62,4243.12,3336.5999999999995,0.015625,5223,1022,GPe,GPe,75,left,0
5224,5225,2,6233.62,4243.08,3336.16,0.59765625,5224,1022,GPe,GPe,75,left,0
5225,5226,2,6235.68,4243.8,3336.26,0.6484375,5225,1022,GPe,GPe,75,left,0
5226,5227,2,6238.200000000001,4244.36,3336.7,0.37890625,5226,1022,GPe,GPe,75,left,0
5227,5228,2,6240.62,4244.18,3337.3,0.19140625,5227,1022,GPe,GPe,75,left,0
5228,5229,2,6243.6,4244.22,3337.8,0.296875,5228,1022,GPe,GPe,75,left,0
5229,5230,2,6246.32,4244.02,3338.2000000000007,0.40625,5229,1022,GPe,GPe,75,left,0
5230,5231,2,6248.86,4244.2,3338.28,0.54296875,5230,1022,GPe,GPe,75,left,0
5231,5232,2,6250.9400000000005,4244.68,3337.5599999999995,0.2421875,5231,1022,GPe,GPe,75,left,0
5232,5233,2,6252.780000000001,4245.68,3336.7,0.26953125,5232,1022,GPe,GPe,75,left,0
5233,5234,2,6253.139999999999,4247.02,3335.6399999999994,0.48828125,5233,1022,GPe,GPe,75,left,0
5234,5235,2,6253.339999999999,4249.820000000001,3335.26,0.40625,5234,1022,GPe,GPe,75,left,0
5235,5236,2,6253.56,4251.4,3335.7000000000007,0.54296875,5235,1022,GPe,GPe,75,left,0
5236,5237,2,6253.92,4254.54,3336.32,0.43359375,5236,1022,GPe,GPe,75,left,0
5237,5238,2,6254.22,4257.36,3336.5599999999995,0.296875,5237,1022,GPe,GPe,75,left,0
5238,5239,2,6254.52,4259.66,3337.28,0.62109375,5238,1022,GPe,GPe,75,left,0
5239,5240,2,6255.18,4262.88,3337.7,0.296875,5239,1022,GPe,GPe,75,left,0
5240,5241,2,6256.1,4264.92,3337.12,0.48828125,5240,1022,GPe,GPe,75,left,0
5241,5242,2,6256.219999999999,4267.200000000001,3335.2800000000007,0.59765625,5241,1022,GPe,GPe,75,left,0
5242,5243,2,6256.78,4268.26,3333.84,0.40625,5242,1022,GPe,GPe,75,left,0
5243,5244,2,6258.18,4268.639999999999,3332.92,0.37890625,5243,1022,GPe,GPe,75,left,0
5244,5245,2,6258.959999999999,4269.26,3331.34,0.43359375,5244,1022,GPe,GPe,75,left,0
5245,5246,2,6260.14,4269.4,3330.04,0.4609375,5245,1022,GPe,GPe,75,left,0
5246,5247,2,6260.82,4269.38,3327.84,0.40625,5246,1022,GPe,GPe,75,left,0
5247,5248,2,6261.860000000001,4269.2,3327.66,0.43359375,5247,1022,GPe,GPe,75,left,0
5248,5249,2,6262.66,4268.44,3325.58,0.00390625,5248,1022,GPe,GPe,75,left,0
5249,5250,2,6262.74,4266.5,3323.3399999999992,0.54296875,5249,1022,GPe,GPe,75,left,0
5250,5251,2,6264.160000000001,4265.02,3322.92,0.59765625,5250,1022,GPe,GPe,75,left,0
5251,5252,2,6265.04,4262.42,3321.5599999999995,0.3515625,5251,1022,GPe,GPe,75,left,0
5252,5253,2,6266.36,4260.78,3320.7000000000007,0.40625,5252,1022,GPe,GPe,75,left,0
5253,5254,2,6266.68,4258.8,3318.9400000000005,0.5703125,5253,1022,GPe,GPe,75,left,0
5254,5255,2,6268.0,4257.679999999999,3317.88,0.4609375,5254,1022,GPe,GPe,75,left,0
5255,5256,2,6268.66,4255.6,3316.5999999999995,0.3515625,5255,1022,GPe,GPe,75,left,0
5256,5257,2,6270.299999999999,4253.88,3316.12,0.4609375,5256,1022,GPe,GPe,75,left,0
5257,5258,2,6272.86,4252.02,3315.44,0.62109375,5257,1022,GPe,GPe,75,left,0
5258,5259,2,6273.139999999999,4251.4400000000005,3313.540000000001,0.4609375,5258,1022,GPe,GPe,75,left,0
5259,5260,2,6274.58,4250.179999999999,3312.5599999999995,0.2421875,5259,1022,GPe,GPe,75,left,0
5260,5261,2,6276.56,4249.06,3312.5599999999995,0.515625,5260,1022,GPe,GPe,75,left,0
5261,5262,2,6279.08,4248.12,3312.42,0.5703125,5261,1022,GPe,GPe,75,left,0
5262,5263,2,6280.879999999999,4246.9400000000005,3312.22,0.4609375,5262,1022,GPe,GPe,75,left,0
5263,5264,2,6283.5,4246.2,3312.22,0.59765625,5263,1022,GPe,GPe,75,left,0
5264,5265,2,6285.98,4245.7,3311.6800000000003,0.59765625,5264,1022,GPe,GPe,75,left,0
5265,5266,2,6287.32,4245.08,3310.16,0.37890625,5265,1022,GPe,GPe,75,left,0
5266,5267,2,6288.16,4244.599999999999,3308.42,0.296875,5266,1022,GPe,GPe,75,left,0
5267,5268,2,6288.58,4244.52,3306.82,0.4609375,5267,1022,GPe,GPe,75,left,0
5268,5269,2,6289.82,4244.36,3305.08,0.703125,5268,1022,GPe,GPe,75,left,0
5269,5270,2,6291.1,4244.16,3303.540000000001,0.5703125,5269,1022,GPe,GPe,75,left,0
5270,5271,2,6291.02,4244.3,3299.5,0.43359375,5270,1022,GPe,GPe,75,left,0
5271,5272,2,6290.92,4245.299999999999,3298.2200000000003,0.6484375,5271,1022,GPe,GPe,75,left,0
5272,5273,2,6291.92,4247.06,3298.1800000000003,0.48828125,5272,1022,GPe,GPe,75,left,0
5273,5274,2,6295.78,4247.98,3298.6400000000003,0.43359375,5273,1022,GPe,GPe,75,left,0
5274,5275,2,6297.14,4248.4,3298.2200000000003,0.48828125,5274,1022,GPe,GPe,75,left,0
5275,5276,2,6299.58,4248.44,3297.84,0.40625,5275,1022,GPe,GPe,75,left,0
5276,5277,2,6301.040000000001,4249.2,3297.42,0.515625,5276,1022,GPe,GPe,75,left,0
5277,5278,2,6303.08,4250.04,3297.0200000000004,0.3515625,5277,1022,GPe,GPe,75,left,0
5278,5279,2,6304.58,4251.139999999999,3296.040000000001,0.5703125,5278,1022,GPe,GPe,75,left,0
5279,5280,2,6305.4,4252.74,3294.76,0.26953125,5279,1022,GPe,GPe,75,left,0
5280,5281,2,6305.5,4255.08,3293.28,0.37890625,5280,1022,GPe,GPe,75,left,0
5281,5282,2,6303.7,4255.76,3292.34,0.4609375,5281,1022,GPe,GPe,75,left,0
5282,5283,2,6305.54,4256.42,3292.5,0.0078125,5282,1022,GPe,GPe,75,left,0
5283,5284,2,6306.08,4260.68,3292.1799999999994,0.6484375,5283,1022,GPe,GPe,75,left,0
5284,5285,2,6306.280000000001,4263.0,3292.34,0.2421875,5284,1022,GPe,GPe,75,left,0
5285,5286,2,6306.5,4265.02,3292.7200000000003,0.515625,5285,1022,GPe,GPe,75,left,0
5286,5287,2,6307.34,4268.7,3292.619999999999,0.3515625,5286,1022,GPe,GPe,75,left,0
5287,5288,2,6309.24,4270.88,3292.42,0.7578125,5287,1022,GPe,GPe,75,left,0
5288,5289,2,6310.9400000000005,4272.42,3291.96,0.21484375,5288,1022,GPe,GPe,75,left,0
5289,5290,2,6313.12,4274.38,3292.16,0.515625,5289,1022,GPe,GPe,75,left,0
5290,5291,2,6316.06,4275.14,3292.7800000000007,0.19140625,5290,1022,GPe,GPe,75,left,0
5291,5292,2,6318.12,4275.48,3293.5199999999995,0.4609375,5291,1022,GPe,GPe,75,left,0
5292,5293,2,6320.4,4275.68,3294.1399999999994,0.515625,5292,1022,GPe,GPe,75,left,0
5293,5294,2,6321.52,4278.68,3294.26,0.48828125,5293,1022,GPe,GPe,75,left,0
5294,5295,2,6321.74,4281.04,3294.6400000000003,0.32421875,5294,1022,GPe,GPe,75,left,0
5295,5296,2,6322.039999999999,4283.9400000000005,3295.24,0.43359375,5295,1022,GPe,GPe,75,left,0
5296,5297,2,6322.34,4286.4800000000005,3295.92,0.62109375,5296,1022,GPe,GPe,75,left,0
5297,5298,2,6322.88,4288.68,3298.04,0.54296875,5297,1022,GPe,GPe,75,left,0
5298,5299,2,6323.16,4290.179999999999,3299.6400000000003,0.48828125,5298,1022,GPe,GPe,75,left,0
5299,5300,2,6322.380000000001,4291.96,3300.62,0.19140625,5299,1022,GPe,GPe,75,left,0
5300,5301,2,6322.28,4293.84,3302.26,0.515625,5300,1022,GPe,GPe,75,left,0
5301,5302,2,6321.599999999999,4295.1,3302.94,0.296875,5301,1022,GPe,GPe,75,left,0
5302,5303,2,6321.88,4297.02,3304.86,0.40625,5302,1022,GPe,GPe,75,left,0
5303,5304,2,6322.12,4299.38,3305.42,0.6484375,5303,1022,GPe,GPe,75,left,0
5304,5305,2,6323.339999999999,4301.32,3306.5999999999995,0.5703125,5304,1022,GPe,GPe,75,left,0
5305,5306,2,6325.58,4301.32,3308.4000000000005,0.73046875,5305,1022,GPe,GPe,75,left,0
5306,5307,2,6328.28,4301.139999999999,3309.9800000000005,0.6484375,5306,1022,GPe,GPe,75,left,0
5307,5308,2,6329.24,4302.86,3311.620000000001,0.1640625,5307,1022,GPe,GPe,75,left,0
5308,5309,2,6330.22,4304.26,3312.0200000000004,0.3515625,5308,1022,GPe,GPe,75,left,0
5309,5310,2,6331.34,4307.099999999999,3310.8399999999992,0.00390625,5309,1022,GPe,GPe,75,left,0
5310,5311,2,6331.76,4309.52,3308.92,0.21484375,5310,1022,GPe,GPe,75,left,0
5311,5312,2,6332.380000000001,4311.28,3307.6800000000003,0.54296875,5311,1022,GPe,GPe,75,left,0
5312,5313,2,6332.759999999999,4314.24,3306.78,0.296875,5312,1022,GPe,GPe,75,left,0
5313,5314,2,6333.0,4316.24,3307.58,0.62109375,5313,1022,GPe,GPe,75,left,0
5314,5315,2,6333.28,4319.02,3308.26,0.21484375,5314,1022,GPe,GPe,75,left,0
5315,5316,2,6334.04,4320.36,3307.8200000000006,0.1640625,5315,1022,GPe,GPe,75,left,0
5316,5317,2,6334.64,4322.799999999999,3307.2400000000007,0.6484375,5316,1022,GPe,GPe,75,left,0
5317,5318,2,6335.42,4324.28,3306.3,0.6484375,5317,1022,GPe,GPe,75,left,0
5318,5319,2,6335.66,4328.22,3305.4,0.43359375,5318,1022,GPe,GPe,75,left,0
5319,5320,2,6336.42,4330.400000000001,3305.38,0.2421875,5319,1022,GPe,GPe,75,left,0
5320,5321,2,6338.02,4332.16,3305.6399999999994,0.296875,5320,1022,GPe,GPe,75,left,0
5321,5322,2,6339.400000000001,4333.9800000000005,3306.36,0.1640625,5321,1022,GPe,GPe,75,left,0
5322,5323,2,6340.9400000000005,4335.64,3306.76,0.40625,5322,1022,GPe,GPe,75,left,0
5323,5324,2,6342.240000000001,4338.32,3306.5200000000004,0.296875,5323,1022,GPe,GPe,75,left,0
5324,5325,2,6343.28,4340.2,3306.08,0.43359375,5324,1022,GPe,GPe,75,left,0
5325,5326,2,6344.9800000000005,4342.46,3305.62,0.43359375,5325,1022,GPe,GPe,75,left,0
5326,5327,2,6346.76,4343.84,3305.36,0.78515625,5326,1022,GPe,GPe,75,left,0
5327,5328,2,6347.6,4345.860000000001,3304.42,0.32421875,5327,1022,GPe,GPe,75,left,0
5328,5329,2,6349.76,4347.24,3304.38,0.6484375,5328,1022,GPe,GPe,75,left,0
5329,5330,2,6351.599999999999,4348.3,3304.32,0.54296875,5329,1022,GPe,GPe,75,left,0
5330,5331,2,6352.54,4349.820000000001,3303.62,0.48828125,5330,1022,GPe,GPe,75,left,0
5331,5332,2,6354.18,4350.52,3303.2000000000007,0.32421875,5331,1022,GPe,GPe,75,left,0
5332,5333,2,6355.879999999999,4351.08,3302.619999999999,0.40625,5332,1022,GPe,GPe,75,left,0
5333,5334,2,6357.46,4351.2,3302.0600000000004,0.3515625,5333,1022,GPe,GPe,75,left,0
5334,5335,2,6358.58,4353.08,3300.98,0.54296875,5334,1022,GPe,GPe,75,left,0
5335,5336,2,6359.8,4354.1,3299.76,0.62109375,5335,1022,GPe,GPe,75,left,0
5336,5337,2,6360.639999999999,4355.34,3299.24,0.21484375,5336,1022,GPe,GPe,75,left,0
5337,5338,2,6361.7,4357.26,3297.7,0.4609375,5337,1022,GPe,GPe,75,left,0
5338,5339,2,6363.5,4358.24,3297.6000000000004,0.5703125,5338,1022,GPe,GPe,75,left,0
5339,5340,2,6365.72,4358.84,3297.66,0.2421875,5339,1022,GPe,GPe,75,left,0
5340,5341,2,6367.7,4359.719999999999,3297.7,0.48828125,5340,1022,GPe,GPe,75,left,0
5341,5342,2,6370.14,4360.400000000001,3297.960000000001,0.3515625,5341,1022,GPe,GPe,75,left,0
5342,5343,2,6373.28,4361.04,3298.4400000000005,0.2421875,5342,1022,GPe,GPe,75,left,0
5343,5344,2,6374.400000000001,4361.7,3297.9,0.1640625,5343,1022,GPe,GPe,75,left,0
5344,5345,2,6377.72,4360.9800000000005,3298.2200000000003,0.32421875,5344,6,int,int,75,left,0
5345,5346,2,6380.460000000001,4359.88,3298.959999999999,0.62109375,5345,6,int,int,75,left,0
5346,5347,2,6382.56,4358.02,3300.04,0.32421875,5346,6,int,int,75,left,0
5347,5348,2,6385.259999999999,4355.58,3301.4400000000005,0.40625,5347,6,int,int,75,left,0
5348,5349,2,6388.22,4353.9800000000005,3302.28,0.19140625,5348,6,int,int,75,left,0
5349,5350,2,6391.24,4353.24,3303.08,0.40625,5349,6,int,int,75,left,0
5350,5351,2,6395.38,4352.16,3304.2200000000003,0.2421875,5350,6,int,int,75,left,0
5351,5352,2,6397.34,4351.84,3303.9,0.21484375,5351,6,int,int,75,left,0
5352,5353,2,6398.780000000001,4353.24,3302.26,0.4609375,5352,6,int,int,75,left,0
5353,5354,2,6400.900000000001,4353.58,3301.620000000001,0.59765625,5353,6,int,int,75,left,0
5354,5355,2,6402.26,4354.22,3301.36,0.515625,5354,6,int,int,75,left,0
5355,5356,2,6404.34,4354.74,3301.36,0.3515625,5355,6,int,int,75,left,0
5356,5357,2,6405.38,4355.56,3300.08,0.54296875,5356,6,int,int,75,left,0
5357,5358,2,6407.94,4355.8,3299.5,0.59765625,5357,6,int,int,75,left,0
5358,5359,2,6407.72,4357.58,3297.94,0.48828125,5358,6,int,int,75,left,0
5359,5360,2,6406.88,4361.58,3295.8399999999992,0.5703125,5359,6,int,int,75,left,0
5360,5361,2,6406.14,4364.139999999999,3293.8,0.703125,5360,6,int,int,75,left,0
5361,5362,2,6405.879999999999,4366.66,3291.96,0.73046875,5361,6,int,int,75,left,0
5362,5363,2,6408.26,4366.32,3292.0600000000004,0.4609375,5362,6,int,int,75,left,0
5363,5364,2,6409.44,4366.82,3292.1000000000004,0.02734375,5363,6,int,int,75,left,0
5364,5365,2,6409.6,4369.16,3291.54,0.2421875,5364,6,int,int,75,left,0
5365,5366,2,6410.34,4370.84,3290.76,0.515625,5365,6,int,int,75,left,0
5366,5367,2,6410.22,4373.360000000001,3289.44,0.40625,5366,6,int,int,75,left,0
5367,5368,2,6411.56,4374.64,3289.1800000000003,0.4609375,5367,6,int,int,75,left,0
5368,5369,2,6413.06,4376.2,3288.5,0.32421875,5368,6,int,int,75,left,0
5369,5370,2,6414.38,4377.7,3288.08,0.59765625,5369,6,int,int,75,left,0
5370,5371,2,6415.2,4379.16,3287.8,0.4609375,5370,6,int,int,75,left,0
5371,5372,2,6416.92,4379.58,3287.6000000000004,0.78515625,5371,6,int,int,75,left,0
5372,5373,2,6416.32,4381.76,3285.82,0.5703125,5372,6,int,int,75,left,0
5373,5374,2,6415.08,4385.74,3282.88,0.62109375,5373,6,int,int,75,left,0
5374,5375,2,6415.06,4387.62,3281.5599999999995,0.37890625,5374,6,int,int,75,left,0
5375,5376,2,6416.12,4389.0,3281.16,0.32421875,5375,6,int,int,75,left,0
5376,5377,2,6416.4,4391.18,3280.1800000000003,0.48828125,5376,6,int,int,75,left,0
5377,5378,2,6416.040000000001,4395.179999999999,3279.0599999999995,0.32421875,5377,6,int,int,75,left,0
5378,5379,2,6418.16,4395.58,3279.5,0.40625,5378,6,int,int,75,left,0
5379,5380,2,6419.64,4396.98,3279.92,0.2421875,5379,6,int,int,75,left,0
5380,5381,2,6419.78,4399.62,3280.26,0.2421875,5380,6,int,int,75,left,0
5381,5382,2,6420.5,4401.0,3280.3,0.43359375,5381,6,int,int,75,left,0
5382,5383,2,6419.880000000001,4404.32,3278.76,0.54296875,5382,6,int,int,75,left,0
5383,5384,2,6419.9,4406.4800000000005,3277.74,0.1640625,5383,6,int,int,75,left,0
5384,5385,2,6419.04,4415.5,3275.5200000000004,0.43359375,5384,6,int,int,75,left,0
5385,5386,2,6419.42,4417.52,3275.24,0.48828125,5385,6,int,int,75,left,0
5386,5387,2,6419.5,4420.94,3274.8,0.48828125,5386,6,int,int,75,left,0
5387,5388,2,6419.02,4424.2,3274.34,0.296875,5387,6,int,int,75,left,0
5388,5389,2,6418.58,4427.24,3273.9400000000005,0.4609375,5388,6,int,int,75,left,0
5389,5390,2,6418.42,4428.76,3273.9800000000005,0.67578125,5389,6,int,int,75,left,0
5390,5391,2,6418.26,4430.66,3274.1600000000008,0.01953125,5390,6,int,int,75,left,0
5391,5392,2,6418.400000000001,4433.44,3275.879999999999,0.48828125,5391,6,int,int,75,left,0
5392,5393,2,6418.12,4435.24,3277.3,0.5703125,5392,6,int,int,75,left,0
5393,5394,2,6417.4400000000005,4436.52,3277.88,0.32421875,5393,6,int,int,75,left,0
5394,5395,2,6417.56,4438.6,3279.48,0.48828125,5394,6,int,int,75,left,0
5395,5396,2,6417.619999999999,4440.38,3281.459999999999,0.59765625,5395,6,int,int,75,left,0
5396,5397,2,6416.900000000001,4441.78,3282.26,0.48828125,5396,6,int,int,75,left,0
5397,5398,2,6416.78,4444.22,3283.540000000001,0.32421875,5397,6,int,int,75,left,0
5398,5399,2,6416.52,4446.76,3284.44,0.48828125,5398,6,int,int,75,left,0
5399,5400,2,6414.66,4449.52,3284.76,0.4609375,5399,1022,GPe,GPe,75,left,0
5400,5401,2,6412.74,4451.58,3284.76,0.54296875,5400,1022,GPe,GPe,75,left,0
5401,5402,2,6412.12,4455.12,3285.36,0.48828125,5401,6,int,int,75,left,0
5402,5403,2,6411.12,4457.780000000001,3285.6800000000003,0.703125,5402,6,int,int,75,left,0
5403,5404,2,6410.72,4460.46,3286.34,1.0546875,5403,6,int,int,75,left,0
5404,5405,2,6410.460000000001,4462.86,3286.3,0.67578125,5404,6,int,int,75,left,0
5405,5406,2,6410.48,4463.2,3286.58,0.11328125,5405,6,int,int,75,left,0
5406,5407,2,6409.42,4469.66,3285.08,0.7578125,5406,6,int,int,75,left,0
5407,5408,2,6409.86,4471.4400000000005,3285.460000000001,0.21484375,5407,6,int,int,75,left,0
5408,5409,2,6410.8,4473.72,3285.48,0.62109375,5408,6,int,int,75,left,0
5409,5410,2,6412.039999999999,4475.48,3285.24,0.32421875,5409,6,int,int,75,left,0
5410,5411,2,6412.92,4477.36,3284.9400000000005,0.32421875,5410,1022,GPe,GPe,75,left,0
5411,5412,2,6413.139999999999,4481.04,3284.26,0.5703125,5411,1022,GPe,GPe,75,left,0
5412,5413,2,6413.959999999999,4483.360000000001,3284.0599999999995,0.4609375,5412,1022,GPe,GPe,75,left,0
5413,5414,2,6415.1,4485.5,3284.0,0.4609375,5413,6,int,int,75,left,0
5414,5415,2,6416.3,4487.84,3284.5,0.48828125,5414,6,int,int,75,left,0
5415,5416,2,6417.619999999999,4489.28,3285.16,0.40625,5415,6,int,int,75,left,0
5416,5417,2,6417.68,4491.3,3285.0,0.02734375,5416,6,int,int,75,left,0
5417,5418,2,6417.240000000001,4494.42,3284.4000000000005,0.26953125,5417,6,int,int,75,left,0
5418,5419,2,6417.88,4496.18,3284.3600000000006,0.48828125,5418,6,int,int,75,left,0
5419,5420,2,6418.200000000001,4498.8,3284.66,0.4609375,5419,6,int,int,75,left,0
5420,5421,2,6419.02,4501.4,3284.92,0.5703125,5420,6,int,int,75,left,0
5421,5422,2,6420.56,4502.780000000001,3285.1000000000004,0.1640625,5421,6,int,int,75,left,0
5422,5423,2,6421.639999999999,4504.08,3285.0,0.37890625,5422,6,int,int,75,left,0
5423,5424,2,6422.12,4507.12,3284.6799999999994,0.43359375,5423,6,int,int,75,left,0
5424,5425,2,6423.06,4509.139999999999,3285.26,0.32421875,5424,6,int,int,75,left,0
5425,5426,2,6423.84,4511.3,3285.36,0.59765625,5425,6,int,int,75,left,0
5426,5427,2,6424.880000000001,4513.860000000001,3285.1000000000004,0.296875,5426,6,int,int,75,left,0
5427,5428,2,6424.84,4516.86,3283.9400000000005,0.6484375,5427,6,int,int,75,left,0
5428,5429,2,6425.900000000001,4518.76,3283.58,0.26953125,5428,6,int,int,75,left,0
5429,5430,2,6426.98,4520.1,3283.58,0.515625,5429,6,int,int,75,left,0
5430,5431,2,6428.62,4521.6,3283.379999999999,0.703125,5430,6,int,int,75,left,0
5431,5432,2,6430.76,4521.52,3283.4400000000005,0.62109375,5431,6,int,int,75,left,0
5432,5433,2,6431.82,4522.08,3282.380000000001,0.32421875,5432,6,int,int,75,left,0
5433,5434,2,6432.06,4523.88,3280.8399999999992,0.32421875,5433,6,int,int,75,left,0
5434,5435,2,6431.639999999999,4528.9,3279.4000000000005,0.3515625,5434,6,int,int,75,left,0
5435,5436,2,6432.98,4529.78,3279.6400000000003,0.3515625,5435,6,int,int,75,left,0
5436,5437,2,6434.160000000001,4531.78,3279.2,0.62109375,5436,6,int,int,75,left,0
5437,5438,2,6435.320000000001,4533.04,3278.9,0.01171875,5437,6,int,int,75,left,0
5438,5439,2,6438.379999999999,4533.12,3278.88,0.4609375,5438,6,int,int,75,left,0
5439,5440,2,6438.16,4535.58,3277.74,0.48828125,5439,6,int,int,75,left,0
5440,5441,2,6438.02,4539.5,3277.08,0.32421875,5440,6,int,int,75,left,0
5441,5442,2,6438.719999999999,4541.58,3277.12,0.296875,5441,6,int,int,75,left,0
5442,5443,2,6439.18,4544.38,3276.92,0.48828125,5442,6,int,int,75,left,0
5443,5444,2,6440.18,4546.28,3277.0,0.703125,5443,6,int,int,75,left,0
5444,5445,2,6441.76,4547.42,3276.76,0.8671875,5444,6,int,int,75,left,0
5445,5446,2,6442.1,4550.12,3276.2,0.37890625,5445,6,int,int,75,left,0
5446,5447,2,6442.74,4552.54,3275.5600000000004,0.2421875,5446,6,int,int,75,left,0
5447,5448,2,6443.04,4554.3,3274.58,0.37890625,5447,6,int,int,75,left,0
5448,5449,2,6443.780000000001,4556.98,3272.98,0.32421875,5448,6,int,int,75,left,0
5449,5450,2,6443.92,4559.08,3271.2,0.26953125,5449,6,int,int,75,left,0
5450,5451,2,6443.16,4563.74,3269.0999999999995,0.32421875,5450,6,int,int,75,left,0
5451,5452,2,6443.28,4565.78,3268.7800000000007,0.43359375,5451,6,int,int,75,left,0
5452,5453,2,6444.2,4568.1,3268.72,0.4609375,5452,6,int,int,75,left,0
5453,5454,2,6444.48,4571.8,3269.32,0.40625,5453,6,int,int,75,left,0
5454,5455,2,6444.08,4574.820000000001,3268.959999999999,0.5703125,5454,6,int,int,75,left,0
5455,5456,2,6444.24,4577.320000000001,3268.42,0.43359375,5455,6,int,int,75,left,0
5456,5457,2,6445.320000000001,4577.320000000001,3268.4400000000005,0.40625,5456,6,int,int,75,left,0
5457,5458,2,6445.44,4580.2,3267.6400000000003,0.4609375,5457,6,int,int,75,left,0
5458,5459,2,6444.96,4583.1,3266.5200000000004,0.4609375,5458,6,int,int,75,left,0
5459,5460,2,6444.539999999999,4586.3,3264.66,0.32421875,5459,1022,GPe,GPe,75,left,0
5460,5461,2,6445.320000000001,4588.18,3263.8,0.40625,5460,6,int,int,75,left,0
5461,5462,2,6445.639999999999,4591.2,3262.76,0.5703125,5461,6,int,int,75,left,0
5462,5463,2,6445.299999999999,4595.04,3261.1400000000003,0.5703125,5462,6,int,int,75,left,0
5463,5464,2,6446.3,4596.78,3260.3200000000006,0.5703125,5463,6,int,int,75,left,0
5464,5465,2,6446.280000000001,4599.68,3258.24,0.015625,5464,6,int,int,75,left,0
5465,5466,2,6446.84,4601.34,3256.8600000000006,0.4609375,5465,6,int,int,75,left,0
5466,5467,2,6447.46,4602.6,3255.3200000000006,0.54296875,5466,6,int,int,75,left,0
5467,5468,2,6449.04,4603.82,3253.42,0.40625,5467,1022,GPe,GPe,75,left,0
5468,5469,2,6450.0,4604.9400000000005,3251.0199999999995,0.5703125,5468,1022,GPe,GPe,75,left,0
5469,5470,2,6450.5,4605.78,3248.959999999999,0.40625,5469,1022,GPe,GPe,75,left,0
5470,5471,2,6451.4,4606.6,3247.22,0.4609375,5470,1022,GPe,GPe,75,left,0
5471,5472,2,6452.84,4606.72,3244.880000000001,1.08203125,5471,1022,GPe,GPe,75,left,0
5472,5473,2,6453.62,4606.74,3242.8200000000006,1.13671875,5472,1022,GPe,GPe,75,left,0
5473,5474,2,6454.56,4606.72,3240.96,0.43359375,5473,1022,GPe,GPe,75,left,0
5474,5475,2,6456.32,4605.8,3239.8,0.6484375,5474,1022,GPe,GPe,75,left,0
5475,5476,2,6457.780000000001,4604.92,3238.76,0.67578125,5475,1022,GPe,GPe,75,left,0
5476,5477,2,6459.48,4604.719999999999,3237.94,0.296875,5476,1022,GPe,GPe,75,left,0
5477,5478,2,6460.639999999999,4605.179999999999,3236.0199999999995,0.43359375,5477,1022,GPe,GPe,75,left,0
5478,5479,2,6461.860000000001,4605.68,3234.34,0.3515625,5478,1022,GPe,GPe,75,left,0
5479,5480,2,6462.4400000000005,4606.22,3232.1000000000004,0.40625,5479,1022,GPe,GPe,75,left,0
5480,5481,2,6462.98,4606.66,3230.460000000001,0.4609375,5480,1022,GPe,GPe,75,left,0
5481,5482,2,6464.02,4607.16,3228.379999999999,0.2421875,5481,1022,GPe,GPe,75,left,0
5482,5483,2,6464.62,4607.26,3226.5599999999995,0.32421875,5482,1022,GPe,GPe,75,left,0
5483,5484,2,6465.44,4607.24,3225.24,0.37890625,5483,1022,GPe,GPe,75,left,0
5484,5485,2,6466.34,4607.52,3222.76,0.59765625,5484,1022,GPe,GPe,75,left,0
5485,5486,2,6467.02,4608.58,3220.8600000000006,0.26953125,5485,1022,GPe,GPe,75,left,0
5486,5487,2,6466.620000000001,4610.88,3218.28,0.32421875,5486,1022,GPe,GPe,75,left,0
5487,5488,2,6467.039999999999,4612.6,3216.5599999999995,0.54296875,5487,1022,GPe,GPe,75,left,0
5488,5489,2,6467.72,4614.12,3215.2,0.37890625,5488,1022,GPe,GPe,75,left,0
5489,5490,2,6468.02,4616.1,3212.58,0.40625,5489,1022,GPe,GPe,75,left,0
5490,5491,2,6468.68,4617.0,3210.9400000000005,0.3515625,5490,1022,GPe,GPe,75,left,0
5491,5492,2,6469.5,4618.12,3208.5599999999995,0.48828125,5491,1022,GPe,GPe,75,left,0
5492,5493,2,6470.280000000001,4619.28,3206.459999999999,0.48828125,5492,1022,GPe,GPe,75,left,0
5493,5494,2,6471.92,4619.88,3203.880000000001,0.43359375,5493,1022,GPe,GPe,75,left,0
5494,5495,2,6473.7,4620.26,3202.8,0.40625,5494,1022,GPe,GPe,75,left,0
5495,5496,2,6475.280000000001,4620.179999999999,3201.6800000000003,0.6484375,5495,1022,GPe,GPe,75,left,0
5496,5497,2,6476.92,4620.0,3201.459999999999,0.109375,5496,1022,GPe,GPe,75,left,0
5497,5498,2,6478.08,4620.08,3200.4400000000005,0.5703125,5497,1022,GPe,GPe,75,left,0
5498,5499,2,6479.299999999999,4621.1,3199.48,0.4609375,5498,1022,GPe,GPe,75,left,0
5499,5500,2,6481.3,4622.36,3198.6000000000004,0.54296875,5499,1022,GPe,GPe,75,left,0
5500,5501,2,6482.14,4624.0,3197.540000000001,0.4609375,5500,1022,GPe,GPe,75,left,0
5501,5502,2,6483.84,4624.74,3196.5599999999995,0.54296875,5501,1022,GPe,GPe,75,left,0
5502,5503,2,6485.14,4625.54,3195.58,0.32421875,5502,1022,GPe,GPe,75,left,0
5503,5504,2,6488.16,4625.64,3194.1399999999994,0.62109375,5503,1022,GPe,GPe,75,left,0
5504,5505,2,6489.44,4625.58,3192.42,0.515625,5504,1022,GPe,GPe,75,left,0
5505,5506,2,6490.879999999999,4626.2,3190.879999999999,0.59765625,5505,1022,GPe,GPe,75,left,0
5506,5507,2,6492.12,4627.14,3190.4,0.5703125,5506,1022,GPe,GPe,75,left,0
5507,5508,2,6494.099999999999,4629.26,3189.16,0.4609375,5507,1022,GPe,GPe,75,left,0
5508,5509,2,6495.78,4630.68,3187.540000000001,0.2421875,5508,1022,GPe,GPe,75,left,0
5509,5510,2,6496.94,4632.38,3186.380000000001,0.40625,5509,1022,GPe,GPe,75,left,0
5510,5511,2,6499.120000000001,4633.1,3185.4,0.32421875,5510,1022,GPe,GPe,75,left,0
5511,5512,2,6501.92,4633.88,3183.0999999999985,0.37890625,5511,1022,GPe,GPe,75,left,0
5512,5513,2,6502.88,4634.66,3181.5,0.4609375,5512,1022,GPe,GPe,75,left,0
5513,5514,2,6502.98,4637.02,3180.6399999999994,0.40625,5513,1022,GPe,GPe,75,left,0
5514,5515,2,6503.400000000001,4639.16,3179.58,0.515625,5514,1022,GPe,GPe,75,left,0
5515,5516,2,6503.52,4641.42,3178.6800000000003,0.3515625,5515,1022,GPe,GPe,75,left,0
5516,5517,2,6504.92,4642.099999999999,3178.4,0.40625,5516,1022,GPe,GPe,75,left,0
5517,5518,2,6507.26,4641.9,3178.0999999999985,0.1640625,5517,1022,GPe,GPe,75,left,0
5518,5519,2,6509.0,4641.139999999999,3177.48,0.43359375,5518,1022,GPe,GPe,75,left,0
5519,5520,2,6511.0,4639.92,3176.42,0.3515625,5519,1022,GPe,GPe,75,left,0
5520,5521,2,6512.34,4639.24,3176.040000000001,0.48828125,5520,1022,GPe,GPe,75,left,0
5521,5522,2,6514.08,4638.38,3175.620000000001,0.32421875,5521,1022,GPe,GPe,75,left,0
5522,5523,2,6515.8,4637.94,3175.32,0.4609375,5522,1022,GPe,GPe,75,left,0
5523,5524,2,6516.0,4637.7,3173.82,0.4609375,5523,1022,GPe,GPe,75,left,0
5524,5525,2,6518.139999999999,4637.48,3173.279999999999,0.02734375,5524,1022,GPe,GPe,75,left,0
5525,5526,2,6518.9800000000005,4637.46,3171.76,0.40625,5525,1022,GPe,GPe,75,left,0
5526,5527,2,6520.42,4637.34,3171.0200000000004,0.40625,5526,1022,GPe,GPe,75,left,0
5527,5528,2,6521.74,4637.5,3169.8600000000006,0.5703125,5527,1022,GPe,GPe,75,left,0
5528,5529,2,6522.88,4637.72,3168.379999999999,0.32421875,5528,1022,GPe,GPe,75,left,0
5529,5530,2,6524.400000000001,4637.62,3167.16,0.40625,5529,1022,GPe,GPe,75,left,0
5530,5531,2,6525.860000000001,4637.900000000001,3165.9400000000005,0.703125,5530,1022,GPe,GPe,75,left,0
5531,5532,2,6526.3,4639.54,3163.92,0.43359375,5531,1022,GPe,GPe,75,left,0
5532,5533,2,6527.6,4642.04,3161.6800000000003,0.3515625,5532,1022,GPe,GPe,75,left,0
5533,5534,2,6529.160000000001,4642.780000000001,3160.58,0.67578125,5533,1022,GPe,GPe,75,left,0
5534,5535,2,6530.92,4643.639999999999,3158.5,0.40625,5534,1022,GPe,GPe,75,left,0
5535,5536,2,6531.4800000000005,4645.26,3156.2800000000007,0.515625,5535,1022,GPe,GPe,75,left,0
5536,5537,2,6532.52,4646.92,3154.24,0.7578125,5536,1022,GPe,GPe,75,left,0
5537,5538,2,6532.7,4648.96,3152.7000000000007,0.62109375,5537,1022,GPe,GPe,75,left,0
5538,5539,2,6534.299999999999,4650.34,3152.119999999999,0.3515625,5538,1022,GPe,GPe,75,left,0
5539,5540,2,6536.14,4651.4800000000005,3151.6399999999994,0.32421875,5539,1022,GPe,GPe,75,left,0
5540,5541,2,6537.98,4651.86,3150.9,0.54296875,5540,1022,GPe,GPe,75,left,0
5541,5542,2,6539.139999999999,4652.3,3149.8,0.43359375,5541,1022,GPe,GPe,75,left,0
5542,5543,2,6540.320000000001,4653.04,3148.42,0.3515625,5542,1022,GPe,GPe,75,left,0
5543,5544,2,6540.44,4653.78,3146.58,0.5703125,5543,1022,GPe,GPe,75,left,0
5544,5545,2,6540.82,4655.8,3144.040000000001,0.703125,5544,1022,GPe,GPe,75,left,0
5545,5546,2,6540.700000000001,4657.96,3142.119999999999,0.515625,5545,1022,GPe,GPe,75,left,0
5546,5547,2,6542.08,4658.9,3140.959999999999,0.6484375,5546,1022,GPe,GPe,75,left,0
5547,5548,2,6543.76,4659.52,3140.5600000000013,0.67578125,5547,1022,GPe,GPe,75,left,0
5548,5549,2,6545.4,4660.72,3140.119999999999,0.01953125,5548,1022,GPe,GPe,75,left,0
5549,5550,2,6547.02,4661.38,3140.24,0.4609375,5549,1022,GPe,GPe,75,left,0
5550,5551,2,6547.780000000001,4665.179999999999,3139.5200000000004,0.43359375,5550,1022,GPe,GPe,75,left,0
5551,5552,2,6547.820000000001,4666.66,3139.34,0.48828125,5551,1022,GPe,GPe,75,left,0
5552,5553,2,6549.0,4667.72,3139.1800000000003,0.4609375,5552,1022,GPe,GPe,75,left,0
5553,5554,2,6549.6,4669.820000000001,3138.6000000000004,0.4609375,5553,1022,GPe,GPe,75,left,0
5554,5555,2,6550.68,4671.32,3137.74,0.515625,5554,1022,GPe,GPe,75,left,0
5555,5556,2,6551.54,4672.099999999999,3136.48,0.7578125,5555,1022,GPe,GPe,75,left,0
5556,5557,2,6553.400000000001,4672.62,3135.5200000000004,0.62109375,5556,1022,GPe,GPe,75,left,0
5557,5558,2,6554.5,4673.9800000000005,3134.32,0.40625,5557,1022,GPe,GPe,75,left,0
5558,5559,2,6556.36,4675.08,3133.5200000000004,0.40625,5558,1022,GPe,GPe,75,left,0
5559,5560,2,6557.36,4677.099999999999,3132.66,0.43359375,5559,1022,GPe,GPe,75,left,0
5560,5561,2,6557.94,4679.54,3131.32,0.4609375,5560,1022,GPe,GPe,75,left,0
5561,5562,2,6558.099999999999,4681.8,3130.0,0.26953125,5561,1022,GPe,GPe,75,left,0
5562,5563,2,6559.78,4682.14,3129.0599999999995,0.4609375,5562,1022,GPe,GPe,75,left,0
5563,5564,2,6561.14,4682.7,3127.48,0.43359375,5563,1022,GPe,GPe,75,left,0
5564,5565,2,6561.82,4683.92,3126.48,0.515625,5564,1022,GPe,GPe,75,left,0
5565,5566,2,6562.780000000001,4686.639999999999,3125.5600000000013,0.5703125,5565,1022,GPe,GPe,75,left,0
5566,5567,2,6562.780000000001,4689.76,3124.6000000000004,0.32421875,5566,1022,GPe,GPe,75,left,0
5567,5568,2,6563.84,4691.58,3123.880000000001,0.8125,5567,1022,GPe,GPe,75,left,0
5568,5569,2,6563.9800000000005,4693.24,3122.0599999999995,0.703125,5568,1022,GPe,GPe,75,left,0
5569,5570,2,6563.719999999999,4695.2,3120.1000000000004,0.5703125,5569,1022,GPe,GPe,75,left,0
5570,5571,2,6564.34,4696.6,3119.199999999999,0.62109375,5570,1022,GPe,GPe,75,left,0
5571,5572,2,6566.06,4698.54,3117.5599999999995,0.59765625,5571,1022,GPe,GPe,75,left,0
5572,5573,2,6567.960000000001,4699.5,3116.3,0.5703125,5572,1022,GPe,GPe,75,left,0
5573,5574,2,6569.32,4699.700000000001,3115.16,0.43359375,5573,1022,GPe,GPe,75,left,0
5574,5575,2,6569.84,4701.08,3112.720000000001,0.0078125,5574,1022,GPe,GPe,75,left,0
5575,5576,2,6570.92,4702.88,3111.26,0.4609375,5575,1022,GPe,GPe,75,left,0
5576,5577,2,6571.620000000001,4704.22,3109.98,0.26953125,5576,1022,GPe,GPe,75,left,0
5577,5578,2,6572.799999999999,4705.82,3108.7000000000007,0.37890625,5577,1022,GPe,GPe,75,left,0
5578,5579,2,6573.46,4706.9400000000005,3107.4,0.32421875,5578,1022,GPe,GPe,75,left,0
5579,5580,2,6574.9400000000005,4708.3,3105.58,0.40625,5579,1022,GPe,GPe,75,left,0
5580,5581,2,6576.2,4709.38,3103.9400000000005,0.59765625,5580,1022,GPe,GPe,75,left,0
5581,5582,2,6577.46,4710.860000000001,3102.76,0.37890625,5581,1022,GPe,GPe,75,left,0
5582,5583,2,6578.74,4712.14,3102.540000000001,0.40625,5582,1022,GPe,GPe,75,left,0
5583,5584,2,6579.62,4713.42,3103.540000000001,0.32421875,5583,1022,GPe,GPe,75,left,0
5584,5585,2,6580.839999999999,4715.92,3103.1800000000003,0.21484375,5584,1022,GPe,GPe,75,left,0
5585,5586,2,6581.76,4718.02,3102.24,0.296875,5585,1022,GPe,GPe,75,left,0
5586,5587,2,6582.3,4719.76,3101.4400000000005,0.296875,5586,1022,GPe,GPe,75,left,0
5587,5588,2,6583.88,4721.3,3100.98,0.7578125,5587,1022,GPe,GPe,75,left,0
5588,5589,2,6584.76,4723.52,3100.620000000001,0.37890625,5588,1022,GPe,GPe,75,left,0
5589,5590,2,6586.2,4725.56,3099.9400000000005,0.32421875,5589,1022,GPe,GPe,75,left,0
5590,5591,2,6587.1,4727.14,3098.959999999999,0.40625,5590,1022,GPe,GPe,75,left,0
5591,5592,2,6587.58,4729.52,3097.82,0.43359375,5591,1022,GPe,GPe,75,left,0
5592,5593,2,6588.26,4733.52,3097.0599999999995,0.4609375,5592,1022,GPe,GPe,75,left,0
5593,5594,2,6588.719999999999,4735.26,3097.24,0.296875,5593,1022,GPe,GPe,75,left,0
5594,5595,2,6588.9800000000005,4739.02,3096.66,0.1640625,5594,1022,GPe,GPe,75,left,0
5595,5596,2,6590.36,4740.82,3096.08,0.40625,5595,1022,GPe,GPe,75,left,0
5596,5597,2,6591.280000000001,4743.9800000000005,3095.26,0.32421875,5596,1022,GPe,GPe,75,left,0
5597,5598,2,6591.84,4745.9800000000005,3095.1399999999994,0.3515625,5597,1022,GPe,GPe,75,left,0
5598,5599,2,6592.06,4749.68,3095.98,0.3515625,5598,1022,GPe,GPe,75,left,0
5599,5600,2,6592.72,4751.58,3097.26,0.26953125,5599,1022,GPe,GPe,75,left,0
5600,5601,2,6593.099999999999,4754.66,3098.6399999999994,0.37890625,5600,1022,GPe,GPe,75,left,0
5601,5602,2,6592.4,4757.4,3098.8600000000006,0.4609375,5601,1022,GPe,GPe,75,left,0
5602,5603,2,6375.879999999999,5759.58,3092.9,0.19140625,4394,559,CEAm,CEA,76,left,0
5603,5604,2,6377.820000000001,5757.200000000001,3093.4,0.48828125,5603,559,CEAm,CEA,76,left,0
5604,5605,2,6379.56,5757.08,3093.72,0.3515625,5604,559,CEAm,CEA,76,left,1
5605,5606,2,6374.539999999999,5761.1,3092.140000000001,0.01171875,4394,559,CEAm,CEA,77,left,0
5606,5607,2,6374.099999999999,5757.6,3090.92,0.43359375,5606,559,CEAm,CEA,77,left,0
5607,5608,2,6373.64,5755.36,3089.58,0.32421875,5607,559,CEAm,CEA,77,left,0
5608,5609,2,6374.02,5751.84,3088.9,0.00390625,5608,551,CEAl,CEA,77,left,0
5609,5610,2,6375.280000000001,5749.6,3088.5200000000004,0.32421875,5609,559,CEAm,CEA,77,left,0
5610,5611,2,6375.460000000001,5746.12,3088.300000000001,0.296875,5610,559,CEAm,CEA,77,left,0
5611,5612,2,6376.52,5743.02,3088.08,0.26953125,5611,559,CEAm,CEA,77,left,0
5612,5613,2,6377.64,5741.52,3087.279999999999,0.19140625,5612,559,CEAm,CEA,77,left,0
5613,5614,2,6379.880000000001,5739.34,3086.4400000000005,0.1640625,5613,559,CEAm,CEA,77,left,0
5614,5615,2,6381.620000000001,5737.58,3086.22,0.43359375,5614,559,CEAm,CEA,77,left,0
5615,5616,2,6383.24,5736.54,3085.84,0.01171875,5615,559,CEAm,CEA,77,left,0
5616,5617,2,6383.76,5734.24,3084.6800000000003,0.54296875,5616,551,CEAl,CEA,77,left,0
5617,5618,2,6383.82,5730.96,3083.82,0.3515625,5617,551,CEAl,CEA,77,left,0
5618,5619,2,6384.28,5728.86,3083.0999999999985,0.26953125,5618,551,CEAl,CEA,77,left,0
5619,5620,2,6384.46,5725.14,3082.2000000000007,0.32421875,5619,551,CEAl,CEA,77,left,0
5620,5621,2,6384.84,5722.56,3081.3600000000006,0.40625,5620,551,CEAl,CEA,77,left,0
5621,5622,2,6386.4800000000005,5720.0,3080.58,0.1640625,5621,551,CEAl,CEA,77,left,0
5622,5623,2,6387.86,5718.200000000001,3080.0599999999995,0.32421875,5622,551,CEAl,CEA,77,left,0
5623,5624,2,6388.8,5717.179999999999,3078.5,0.4609375,5623,551,CEAl,CEA,77,left,0
5624,5625,2,6390.52,5715.98,3077.26,0.40625,5624,551,CEAl,CEA,77,left,0
5625,5626,2,6392.4,5714.719999999999,3075.8600000000006,0.37890625,5625,551,CEAl,CEA,77,left,0
5626,5627,2,6392.52,5713.88,3075.0599999999995,0.515625,5626,551,CEAl,CEA,77,left,0
5627,5628,2,6392.42,5710.76,3074.34,0.21484375,5627,551,CEAl,CEA,77,left,0
5628,5629,2,6393.400000000001,5708.24,3074.220000000001,0.32421875,5628,551,CEAl,CEA,77,left,0
5629,5630,2,6395.74,5706.040000000001,3073.8600000000006,0.37890625,5629,551,CEAl,CEA,77,left,0
5630,5631,2,6396.72,5705.24,3073.5200000000004,0.32421875,5630,551,CEAl,CEA,77,left,0
5631,5632,2,6396.68,5701.68,3071.76,0.26953125,5631,551,CEAl,CEA,77,left,0
5632,5633,2,6397.06,5699.24,3071.08,0.21484375,5632,551,CEAl,CEA,77,left,0
5633,5634,2,6397.4400000000005,5695.92,3071.040000000001,0.40625,5633,551,CEAl,CEA,77,left,0
5634,5635,2,6398.42,5693.360000000001,3071.1399999999994,0.26953125,5634,551,CEAl,CEA,77,left,0
5635,5636,2,6400.700000000001,5690.72,3071.2800000000007,0.32421875,5635,551,CEAl,CEA,77,left,0
5636,5637,2,6402.66,5689.52,3071.1399999999994,0.1640625,5636,551,CEAl,CEA,77,left,0
5637,5638,2,6402.94,5688.3,3071.0599999999995,0.40625,5637,551,CEAl,CEA,77,left,0
5638,5639,2,6404.86,5685.9400000000005,3070.3599999999988,0.00390625,5638,551,CEAl,CEA,77,left,0
5639,5640,2,6405.78,5684.58,3069.66,0.26953125,5639,551,CEAl,CEA,77,left,0
5640,5641,2,6406.72,5682.619999999999,3068.6000000000004,0.1640625,5640,551,CEAl,CEA,77,left,0
5641,5642,2,6407.759999999999,5680.96,3067.7800000000007,0.3515625,5641,551,CEAl,CEA,77,left,0
5642,5643,2,6408.46,5679.56,3066.82,0.32421875,5642,551,CEAl,CEA,77,left,0
5643,5644,2,6409.82,5677.799999999999,3065.9,0.19140625,5643,551,CEAl,CEA,77,left,0
5644,5645,2,6410.96,5675.16,3065.539999999999,0.3515625,5644,551,CEAl,CEA,77,left,0
5645,5646,2,6412.94,5673.339999999999,3065.879999999999,0.2421875,5645,551,CEAl,CEA,77,left,0
5646,5647,2,6414.26,5672.3,3065.74,0.296875,5646,551,CEAl,CEA,77,left,0
5647,5648,2,6416.34,5671.16,3065.42,0.01171875,5647,551,CEAl,CEA,77,left,0
5648,5649,2,6417.64,5669.92,3064.92,0.1640625,5648,551,CEAl,CEA,77,left,0
5649,5650,2,6417.9,5668.0,3064.400000000001,0.40625,5649,551,CEAl,CEA,77,left,0
5650,5651,2,6418.76,5665.36,3064.0200000000004,0.40625,5650,551,CEAl,CEA,77,left,0
5651,5652,2,6419.9800000000005,5663.18,3062.98,0.1640625,5651,551,CEAl,CEA,77,left,0
5652,5653,2,6422.56,5660.48,3061.459999999999,0.37890625,5652,551,CEAl,CEA,77,left,0
5653,5654,2,6423.86,5659.139999999999,3060.1800000000003,0.32421875,5653,551,CEAl,CEA,77,left,0
5654,5655,2,6425.04,5657.32,3058.58,0.32421875,5654,551,CEAl,CEA,77,left,0
5655,5656,2,6425.900000000001,5655.58,3057.9400000000005,0.2421875,5655,551,CEAl,CEA,77,left,0
5656,5657,2,6426.4,5653.68,3057.140000000001,0.21484375,5656,551,CEAl,CEA,77,left,0
5657,5658,2,6427.26,5652.3,3055.1800000000003,0.4609375,5657,551,CEAl,CEA,77,left,0
5658,5659,2,6428.339999999999,5651.26,3053.92,0.19140625,5658,551,CEAl,CEA,77,left,0
5659,5660,2,6428.42,5649.86,3053.42,0.4609375,5659,551,CEAl,CEA,77,left,0
5660,5661,2,6429.700000000001,5648.76,3053.1800000000003,0.0234375,5660,551,CEAl,CEA,77,left,0
5661,5662,2,6430.96,5646.459999999999,3052.08,0.32421875,5661,551,CEAl,CEA,77,left,0
5662,5663,2,6431.660000000001,5644.120000000001,3050.779999999999,0.32421875,5662,551,CEAl,CEA,77,left,0
5663,5664,2,6432.759999999999,5642.52,3049.779999999999,0.1640625,5663,551,CEAl,CEA,77,left,0
5664,5665,2,6433.9400000000005,5639.84,3048.3600000000006,0.32421875,5664,551,CEAl,CEA,77,left,0
5665,5666,2,6434.099999999999,5637.28,3047.3,0.296875,5665,551,CEAl,CEA,77,left,0
5666,5667,2,6435.92,5635.2,3047.119999999999,0.4609375,5666,551,CEAl,CEA,77,left,0
5667,5668,2,6438.06,5633.5,3046.900000000001,0.1640625,5667,551,CEAl,CEA,77,left,0
5668,5669,2,6438.66,5632.16,3046.5599999999995,0.1640625,5668,551,CEAl,CEA,77,left,0
5669,5670,2,6440.18,5629.86,3046.34,0.37890625,5669,551,CEAl,CEA,77,left,0
5670,5671,2,6441.02,5627.42,3046.2000000000007,0.43359375,5670,551,CEAl,CEA,77,left,0
5671,5672,2,6442.12,5625.24,3045.42,0.00390625,5671,551,CEAl,CEA,77,left,0
5672,5673,2,6442.780000000001,5623.02,3044.66,0.1640625,5672,551,CEAl,CEA,77,left,0
5673,5674,2,6443.92,5621.56,3044.6000000000004,0.26953125,5673,551,CEAl,CEA,77,left,0
5674,5675,2,6445.72,5619.46,3043.880000000001,0.296875,5674,551,CEAl,CEA,77,left,0
5675,5676,2,6446.459999999999,5618.32,3043.26,0.4609375,5675,551,CEAl,CEA,77,left,0
5676,5677,2,6446.52,5615.8,3042.140000000001,0.296875,5676,551,CEAl,CEA,77,left,0
5677,5678,2,6447.5,5614.24,3040.74,0.19140625,5677,551,CEAl,CEA,77,left,0
5678,5679,2,6448.18,5611.88,3038.8600000000006,0.1640625,5678,551,CEAl,CEA,77,left,0
5679,5680,2,6449.099999999999,5610.18,3037.720000000001,0.40625,5679,551,CEAl,CEA,77,left,0
5680,5681,2,6450.44,5608.200000000001,3036.2000000000007,0.32421875,5680,551,CEAl,CEA,77,left,0
5681,5682,2,6452.02,5606.94,3034.72,0.2421875,5681,551,CEAl,CEA,77,left,0
5682,5683,2,6453.360000000001,5605.98,3032.5200000000004,0.5703125,5682,551,CEAl,CEA,77,left,0
5683,5684,2,6454.42,5604.42,3031.0200000000004,0.4609375,5683,551,CEAl,CEA,77,left,0
5684,5685,2,6454.740000000001,5603.56,3029.7000000000007,0.0078125,5684,551,CEAl,CEA,77,left,0
5685,5686,2,6456.34,5602.240000000001,3028.32,0.32421875,5685,551,CEAl,CEA,77,left,0
5686,5687,2,6457.0,5600.24,3027.84,0.19140625,5686,551,CEAl,CEA,77,left,0
5687,5688,2,6458.48,5598.86,3027.140000000001,0.296875,5687,551,CEAl,CEA,77,left,0
5688,5689,2,6459.880000000001,5598.18,3025.5600000000013,0.26953125,5688,551,CEAl,CEA,77,left,0
5689,5690,2,6462.42,5597.68,3022.5,0.32421875,5689,551,CEAl,CEA,77,left,0
5690,5691,2,6463.66,5597.52,3020.76,0.48828125,5690,551,CEAl,CEA,77,left,0
5691,5692,2,6463.9400000000005,5598.16,3019.619999999999,0.32421875,5691,551,CEAl,CEA,77,left,0
5692,5693,2,6465.8,5598.68,3018.7800000000007,0.32421875,5692,551,CEAl,CEA,77,left,0
5693,5694,2,6467.32,5598.12,3017.279999999999,0.40625,5693,551,CEAl,CEA,77,left,0
5694,5695,2,6468.139999999999,5597.200000000001,3015.4400000000005,0.26953125,5694,551,CEAl,CEA,77,left,0
5695,5696,2,6470.4,5595.74,3012.8,0.37890625,5695,551,CEAl,CEA,77,left,0
5696,5697,2,6471.74,5594.66,3011.6399999999994,0.26953125,5696,551,CEAl,CEA,77,left,0
5697,5698,2,6472.34,5594.160000000001,3009.82,0.00390625,5697,551,CEAl,CEA,77,left,0
5698,5699,2,6473.540000000001,5593.16,3008.279999999999,0.48828125,5698,551,CEAl,CEA,77,left,0
5699,5700,2,6474.58,5591.92,3006.900000000001,0.37890625,5699,551,CEAl,CEA,77,left,0
5700,5701,2,6477.06,5591.18,3004.76,0.19140625,5700,551,CEAl,CEA,77,left,0
5701,5702,2,6478.22,5589.880000000001,3003.26,0.48828125,5701,551,CEAl,CEA,77,left,0
5702,5703,2,6480.02,5588.339999999999,3001.92,0.32421875,5702,551,CEAl,CEA,77,left,0
5703,5704,2,6479.92,5586.76,3000.620000000001,0.40625,5703,551,CEAl,CEA,77,left,0
5704,5705,2,6480.839999999999,5585.36,2999.0200000000004,0.2421875,5704,551,CEAl,CEA,77,left,0
5705,5706,2,6482.08,5583.92,2996.900000000001,0.296875,5705,551,CEAl,CEA,77,left,0
5706,5707,2,6483.200000000001,5583.22,2996.1800000000003,0.32421875,5706,551,CEAl,CEA,77,left,0
5707,5708,2,6483.540000000001,5581.26,2994.9400000000005,0.00390625,5707,551,CEAl,CEA,77,left,0
5708,5709,2,6484.299999999999,5580.58,2993.039999999999,0.32421875,5708,551,CEAl,CEA,77,left,0
5709,5710,2,6485.52,5580.02,2990.460000000001,0.21484375,5709,551,CEAl,CEA,77,left,0
5710,5711,2,6486.94,5580.44,2988.379999999999,0.3515625,5710,551,CEAl,CEA,77,left,0
5711,5712,2,6487.4800000000005,5580.44,2986.32,0.3515625,5711,551,CEAl,CEA,77,left,0
5712,5713,2,6487.12,5580.36,2983.58,0.0078125,5712,551,CEAl,CEA,77,left,0
5713,5714,2,6487.46,5580.839999999999,2980.1399999999994,0.32421875,5713,551,CEAl,CEA,77,left,0
5714,5715,2,6488.139999999999,5581.88,2978.6000000000004,0.43359375,5714,551,CEAl,CEA,77,left,0
5715,5716,2,6489.740000000001,5582.98,2977.34,0.26953125,5715,551,CEAl,CEA,77,left,0
5716,5717,2,6491.58,5583.099999999999,2975.66,0.7578125,5716,551,CEAl,CEA,77,left,0
5717,5718,2,6491.72,5582.820000000001,2973.58,0.703125,5717,551,CEAl,CEA,77,left,0
5718,5719,2,6493.139999999999,5582.380000000001,2973.300000000001,0.0390625,5718,551,CEAl,CEA,77,left,1
5719,5720,2,6649.42,6741.660000000001,2987.84,0.32421875,4554,327,BMAa,BMA,78,left,1
5720,5721,2,6648.719999999999,6744.539999999999,2986.0200000000004,0.62109375,4554,327,BMAa,BMA,79,left,0
5721,5722,2,6648.9400000000005,6746.860000000001,2987.5,0.48828125,5721,327,BMAa,BMA,79,left,0
5722,5723,2,6648.52,6748.04,2989.26,0.5703125,5722,327,BMAa,BMA,79,left,0
5723,5724,2,6648.5,6749.02,2991.5,0.015625,5723,327,BMAa,BMA,79,left,0
5724,5725,2,6647.88,6750.16,2993.120000000001,0.40625,5724,327,BMAa,BMA,79,left,0
5725,5726,2,6647.619999999999,6752.219999999999,2994.6000000000004,0.703125,5725,327,BMAa,BMA,79,left,0
5726,5727,2,6647.179999999999,6753.7,2995.98,0.1640625,5726,327,BMAa,BMA,79,left,0
5727,5728,2,6647.56,6756.54,2997.74,0.37890625,5727,327,BMAa,BMA,79,left,0
5728,5729,2,6647.46,6758.959999999999,2998.459999999999,0.32421875,5728,327,BMAa,BMA,79,left,0
5729,5730,2,6646.860000000001,6760.839999999999,2999.16,0.48828125,5729,327,BMAa,BMA,79,left,0
5730,5731,2,6646.02,6762.4,2999.6800000000003,0.48828125,5730,327,BMAa,BMA,79,left,0
5731,5732,2,6646.12,6764.06,3000.26,0.37890625,5731,327,BMAa,BMA,79,left,0
5732,5733,2,6646.5,6766.34,3002.0,0.32421875,5732,327,BMAa,BMA,79,left,0
5733,5734,2,6646.74,6767.619999999999,3003.22,0.62109375,5733,327,BMAa,BMA,79,left,0
5734,5735,2,6647.799999999999,6769.160000000001,3003.92,0.00390625,5734,327,BMAa,BMA,79,left,0
5735,5736,2,6649.38,6770.119999999999,3005.5,0.43359375,5735,327,BMAa,BMA,79,left,0
5736,5737,2,6650.98,6770.96,3006.08,0.48828125,5736,327,BMAa,BMA,79,left,0
5737,5738,2,6652.039999999999,6772.84,3006.0,0.26953125,5737,327,BMAa,BMA,79,left,0
5738,5739,2,6652.240000000001,6775.36,3006.1399999999994,0.54296875,5738,327,BMAa,BMA,79,left,0
5739,5740,2,6652.5,6777.4,3007.08,0.7578125,5739,327,BMAa,BMA,79,left,0
5740,5741,2,6652.72,6778.3,3008.4400000000005,0.2421875,5740,327,BMAa,BMA,79,left,0
5741,5742,2,6653.06,6780.56,3010.0,0.6484375,5741,327,BMAa,BMA,79,left,0
5742,5743,2,6653.32,6781.5,3011.620000000001,0.19140625,5742,327,BMAa,BMA,79,left,0
5743,5744,2,6653.64,6783.099999999999,3013.3600000000006,0.26953125,5743,327,BMAa,BMA,79,left,0
5744,5745,2,6654.139999999999,6786.02,3015.76,0.48828125,5744,327,BMAa,BMA,79,left,0
5745,5746,2,6654.42,6787.4800000000005,3017.3,0.4609375,5745,327,BMAa,BMA,79,left,0
5746,5747,2,6654.719999999999,6789.120000000001,3018.880000000001,0.00390625,5746,327,BMAa,BMA,79,left,0
5747,5748,2,6655.16,6791.36,3021.1800000000003,0.2421875,5747,327,BMAa,BMA,79,left,0
5748,5749,2,6655.639999999999,6792.759999999999,3023.039999999999,0.4609375,5748,327,BMAa,BMA,79,left,0
5749,5750,2,6656.620000000001,6793.7,3024.0,0.40625,5749,327,BMAa,BMA,79,left,0
5750,5751,2,6657.06,6796.16,3024.74,0.3515625,5750,327,BMAa,BMA,79,left,0
5751,5752,2,6657.4,6798.6,3026.24,0.21484375,5751,327,BMAa,BMA,79,left,0
5752,5753,2,6657.68,6800.18,3027.66,0.19140625,5752,327,BMAa,BMA,79,left,0
5753,5754,2,6657.960000000001,6801.52,3029.2800000000007,0.32421875,5753,327,BMAa,BMA,79,left,0
5754,5755,2,6658.22,6802.820000000001,3030.72,0.21484375,5754,327,BMAa,BMA,79,left,0
5755,5756,2,6658.540000000001,6804.66,3032.48,0.3515625,5755,327,BMAa,BMA,79,left,0
5756,5757,2,6659.28,6805.900000000001,3033.42,0.1640625,5756,327,BMAa,BMA,79,left,0
5757,5758,2,6660.72,6807.02,3033.5599999999995,0.21484375,5757,327,BMAa,BMA,79,left,0
5758,5759,2,6662.12,6808.52,3033.5,0.00390625,5758,327,BMAa,BMA,79,left,0
5759,5760,2,6663.540000000001,6809.96,3034.58,0.32421875,5759,327,BMAa,BMA,79,left,0
5760,5761,2,6664.78,6810.98,3035.800000000001,0.3515625,5760,327,BMAa,BMA,79,left,0
5761,5762,2,6666.0,6812.179999999999,3037.540000000001,0.32421875,5761,327,BMAa,BMA,79,left,0
5762,5763,2,6667.68,6812.66,3039.0,0.48828125,5762,327,BMAa,BMA,79,left,0
5763,5764,2,6669.38,6813.200000000001,3041.6800000000003,0.40625,5763,327,BMAa,BMA,79,left,0
5764,5765,2,6670.18,6813.5,3043.3600000000006,0.1640625,5764,327,BMAa,BMA,79,left,0
5765,5766,2,6671.7,6814.64,3044.539999999999,0.5703125,5765,327,BMAa,BMA,79,left,0
5766,5767,2,6673.360000000001,6816.2,3046.6000000000004,0.21484375,5766,327,BMAa,BMA,79,left,0
5767,5768,2,6673.88,6817.68,3048.300000000001,0.54296875,5767,327,BMAa,BMA,79,left,0
5768,5769,2,6675.72,6819.6,3048.82,0.01171875,5768,327,BMAa,BMA,79,left,0
5769,5770,2,6676.5,6823.12,3048.84,0.37890625,5769,327,BMAa,BMA,79,left,0
5770,5771,2,6675.839999999999,6825.36,3048.619999999999,0.3515625,5770,327,BMAa,BMA,79,left,0
5771,5772,2,6675.76,6827.26,3049.08,0.32421875,5771,327,BMAa,BMA,79,left,0
5772,5773,2,6676.18,6829.22,3050.4,0.26953125,5772,327,BMAa,BMA,79,left,0
5773,5774,2,6677.039999999999,6829.8,3051.26,0.2421875,5773,327,BMAa,BMA,79,left,0
5774,5775,2,6678.139999999999,6832.0,3052.459999999999,0.3515625,5774,327,BMAa,BMA,79,left,0
5775,5776,2,6679.06,6834.120000000001,3053.120000000001,0.48828125,5775,327,BMAa,BMA,79,left,0
5776,5777,2,6680.259999999999,6835.24,3054.379999999999,0.37890625,5776,327,BMAa,BMA,79,left,0
5777,5778,2,6681.06,6836.36,3056.6800000000003,0.48828125,5777,327,BMAa,BMA,79,left,0
5778,5779,2,6681.96,6836.12,3058.5,0.5703125,5778,327,BMAa,BMA,79,left,0
5779,5780,2,6683.08,6835.58,3060.5600000000013,0.00390625,5779,327,BMAa,BMA,79,left,0
5780,5781,2,6684.160000000001,6834.58,3062.6000000000004,0.19140625,5780,327,BMAa,BMA,79,left,0
5781,5782,2,6404.24,6996.78,3175.4400000000005,0.00390625,4759,639,COAa,COA,80,left,0
5782,5783,2,6403.339999999999,6994.42,3175.76,0.43359375,5782,639,COAa,COA,80,left,0
5783,5784,2,6402.56,6991.660000000001,3176.84,0.2421875,5783,639,COAa,COA,80,left,0
5784,5785,2,6400.76,6991.24,3177.8,0.3515625,5784,639,COAa,COA,80,left,1
5785,5786,2,6403.379999999999,7000.299999999999,3174.6000000000004,0.0078125,4759,639,COAa,COA,81,left,0
5786,5787,2,6401.42,7002.799999999999,3174.92,0.32421875,5786,639,COAa,COA,81,left,0
5787,5788,2,6400.639999999999,7004.719999999999,3175.3,0.40625,5787,639,COAa,COA,81,left,0
5788,5789,2,6400.5,7007.7,3175.800000000001,0.94921875,5788,639,COAa,COA,81,left,0
5789,5790,2,6400.639999999999,7010.24,3175.58,0.37890625,5789,639,COAa,COA,81,left,0
5790,5791,2,6401.0,7012.219999999999,3174.82,0.3515625,5790,639,COAa,COA,81,left,0
5791,5792,2,6401.88,7014.76,3174.08,0.43359375,5791,639,COAa,COA,81,left,0
5792,5793,2,6402.039999999999,7017.219999999999,3173.1399999999994,0.2421875,5792,639,COAa,COA,81,left,0
5793,5794,2,6402.08,7019.539999999999,3171.900000000001,0.1640625,5793,639,COAa,COA,81,left,0
5794,5795,2,6402.08,7021.82,3169.84,0.26953125,5794,639,COAa,COA,81,left,0
5795,5796,2,6401.54,7024.299999999999,3168.4,0.1640625,5795,639,COAa,COA,81,left,0
5796,5797,2,6400.4,7026.54,3167.8599999999988,0.21484375,5796,639,COAa,COA,81,left,0
5797,5798,2,6400.06,7029.679999999999,3167.08,0.32421875,5797,639,COAa,COA,81,left,0
5798,5799,2,6400.1,7032.88,3166.2000000000007,0.32421875,5798,639,COAa,COA,81,left,0
5799,5800,2,6399.5,7034.120000000001,3166.0599999999995,0.32421875,5799,639,COAa,COA,81,left,0
5800,5801,2,6399.28,7037.08,3165.5,0.19140625,5800,639,COAa,COA,81,left,0
5801,5802,2,6399.299999999999,7038.74,3164.48,0.21484375,5801,639,COAa,COA,81,left,0
5802,5803,2,6399.700000000001,7040.9400000000005,3163.3600000000006,0.32421875,5802,639,COAa,COA,81,left,0
5803,5804,2,6401.18,7042.780000000001,3163.0600000000013,0.1640625,5803,639,COAa,COA,81,left,0
5804,5805,2,6402.54,7045.58,3162.66,0.37890625,5804,639,COAa,COA,81,left,0
5805,5806,2,6591.82,4758.24,3097.08,0.0078125,5602,1022,GPe,GPe,82,left,0
5806,5807,2,6592.4800000000005,4757.56,3095.2000000000007,0.296875,5806,1022,GPe,GPe,82,left,0
5807,5808,2,6593.379999999999,4756.96,3094.74,0.21484375,5807,1022,GPe,GPe,82,left,0
5808,5809,2,6592.9,4755.06,3094.66,0.26953125,5808,1022,GPe,GPe,82,left,0
5809,5810,2,6591.26,4753.82,3094.92,0.21484375,5809,1022,GPe,GPe,82,left,1
5810,5811,2,6591.94,4760.76,3099.08,0.00390625,5602,1022,GPe,GPe,83,left,0
5811,5812,2,6591.3,4763.34,3099.48,0.40625,5811,1022,GPe,GPe,83,left,0
5812,5813,2,6590.879999999999,4766.58,3100.9400000000005,0.32421875,5812,1022,GPe,GPe,83,left,0
5813,5814,2,6590.34,4767.94,3101.7800000000007,0.3515625,5813,1022,GPe,GPe,83,left,0
5814,5815,2,6590.18,4770.38,3103.22,0.21484375,5814,1022,GPe,GPe,83,left,0
5815,5816,2,6590.119999999999,4771.96,3103.16,0.62109375,5815,1022,GPe,GPe,83,left,0
5816,5817,2,6589.64,4773.6,3100.42,0.54296875,5816,1022,GPe,GPe,83,left,0
5817,5818,2,6589.26,4775.36,3098.379999999999,0.32421875,5817,1022,GPe,GPe,83,left,0
5818,5819,2,6588.82,4779.36,3097.039999999999,0.2421875,5818,1022,GPe,GPe,83,left,0
5819,5820,2,6587.98,4781.84,3096.0200000000004,0.4609375,5819,1022,GPe,GPe,83,left,0
5820,5821,2,6587.16,4784.92,3093.7000000000007,0.40625,5820,1022,GPe,GPe,83,left,0
5821,5822,2,6586.92,4786.86,3092.6800000000003,0.62109375,5821,1022,GPe,GPe,83,left,0
5822,5823,2,6586.4800000000005,4792.36,3091.26,0.43359375,5822,1022,GPe,GPe,83,left,0
5823,5824,2,6586.4,4793.9,3091.1000000000004,0.5703125,5823,1022,GPe,GPe,83,left,0
5824,5825,2,6586.1,4798.16,3090.4,0.43359375,5824,1022,GPe,GPe,83,left,0
5825,5826,2,6585.66,4800.14,3089.5599999999995,0.40625,5825,1022,GPe,GPe,83,left,0
5826,5827,2,6584.78,4801.06,3088.279999999999,0.1640625,5826,1022,GPe,GPe,83,left,0
5827,5828,2,6582.820000000001,4803.68,3087.540000000001,0.296875,5827,1022,GPe,GPe,83,left,0
5828,5829,2,6581.58,4806.0,3087.6399999999994,0.2421875,5828,1022,GPe,GPe,83,left,0
5829,5830,2,6580.38,4809.32,3086.380000000001,0.296875,5829,1022,GPe,GPe,83,left,0
5830,5831,2,6578.6,4810.9,3085.779999999999,0.6484375,5830,1022,GPe,GPe,83,left,0
5831,5832,2,6577.179999999999,4813.04,3086.6399999999994,0.515625,5831,1022,GPe,GPe,83,left,0
5832,5833,2,6575.36,4814.16,3087.140000000001,0.32421875,5832,1022,GPe,GPe,83,left,0
5833,5834,2,6574.56,4815.62,3087.540000000001,0.48828125,5833,1022,GPe,GPe,83,left,0
5834,5835,2,6572.36,4816.68,3087.8599999999988,0.5703125,5834,1022,GPe,GPe,83,left,0
5835,5836,2,6571.06,4817.96,3087.9400000000005,0.48828125,5835,1022,GPe,GPe,83,left,0
5836,5837,2,6570.76,4819.9,3088.0600000000013,0.59765625,5836,1022,GPe,GPe,83,left,0
5837,5838,2,6570.66,4822.679999999999,3088.08,0.0078125,5837,1022,GPe,GPe,83,left,0
5838,5839,2,6570.78,4824.58,3089.460000000001,0.1640625,5838,1022,GPe,GPe,83,left,0
5839,5840,2,6570.08,4826.360000000001,3090.42,0.59765625,5839,1022,GPe,GPe,83,left,0
5840,5841,2,6569.099999999999,4828.14,3091.1000000000004,0.48828125,5840,1022,GPe,GPe,83,left,0
5841,5842,2,6568.9800000000005,4830.299999999999,3092.4,0.0078125,5841,1022,GPe,GPe,83,left,0
5842,5843,2,6685.259999999999,6833.200000000001,3064.6000000000004,0.0078125,5781,327,BMAa,BMA,84,left,0
5843,5844,2,6686.78,6831.84,3065.5999999999985,0.26953125,5843,327,BMAa,BMA,84,left,0
5844,5845,2,6687.16,6829.679999999999,3067.039999999999,0.43359375,5844,327,BMAa,BMA,84,left,0
5845,5846,2,6688.099999999999,6827.960000000001,3068.1399999999994,0.54296875,5845,327,BMAa,BMA,84,left,0
5846,5847,2,6689.26,6827.52,3068.1399999999994,0.40625,5846,327,BMAa,BMA,84,left,1
5847,5848,2,6684.700000000001,6833.959999999999,3063.66,0.01953125,5781,327,BMAa,BMA,85,left,0
5848,5849,2,6685.74,6833.379999999999,3065.879999999999,0.32421875,5848,327,BMAa,BMA,85,left,0
5849,5850,2,6687.28,6833.28,3068.16,0.40625,5849,327,BMAa,BMA,85,left,0
5850,5851,2,6687.780000000001,6833.780000000001,3070.040000000001,0.59765625,5850,327,BMAa,BMA,85,left,0
5851,5852,2,6688.24,6836.58,3069.66,0.37890625,5851,327,BMAa,BMA,85,left,0
5852,5853,2,6689.04,6838.5,3068.26,0.2421875,5852,327,BMAa,BMA,85,left,0
5853,5854,2,6690.22,6840.02,3066.74,0.21484375,5853,327,BMAa,BMA,85,left,0
5854,5855,2,6692.66,6841.38,3066.7800000000007,0.32421875,5854,327,BMAa,BMA,85,left,0
5855,5856,2,6694.880000000001,6842.72,3068.459999999999,0.3515625,5855,327,BMAa,BMA,85,left,0
5856,5857,2,6696.74,6843.4400000000005,3069.6800000000003,0.43359375,5856,327,BMAa,BMA,85,left,0
5857,5858,2,6698.46,6844.880000000001,3071.2000000000007,0.1640625,5857,327,BMAa,BMA,85,left,0
5858,5859,2,6699.18,6847.32,3071.8,0.2421875,5858,327,BMAa,BMA,85,left,0
5859,5860,2,6699.76,6849.44,3073.0,0.48828125,5859,327,BMAa,BMA,85,left,0
5860,5861,2,6701.24,6850.04,3073.3600000000006,0.21484375,5860,327,BMAa,BMA,85,left,0
5861,5862,2,6703.82,6851.7,3073.1800000000003,0.1640625,5861,327,BMAa,BMA,85,left,0
5862,5863,2,6705.280000000001,6852.5,3073.6000000000004,0.37890625,5862,327,BMAa,BMA,85,left,0
5863,5864,2,6706.26,6854.08,3072.6800000000003,0.296875,5863,327,BMAa,BMA,85,left,0
5864,5865,2,6404.02,7044.58,3164.84,0.00390625,5805,639,COAa,COA,86,left,0
5865,5866,2,6405.320000000001,7044.06,3165.959999999999,0.37890625,5865,639,COAa,COA,86,left,1
5866,5867,2,6402.219999999999,7047.88,3162.26,0.2421875,5805,639,COAa,COA,87,left,0
5867,5868,2,6402.06,7049.6,3161.5200000000004,0.4609375,5867,639,COAa,COA,87,left,0
5868,5869,2,6402.219999999999,7052.5,3158.7000000000007,0.3515625,5868,639,COAa,COA,87,left,0
5869,5870,2,6402.9,7053.339999999999,3157.58,0.48828125,5869,639,COAa,COA,87,left,0
5870,5871,2,6569.96,4830.7,3089.880000000001,0.37890625,5842,1022,GPe,GPe,88,left,0
5871,5872,2,6570.02,4830.56,3085.84,0.7578125,5871,1022,GPe,GPe,88,left,0
5872,5873,2,6569.880000000001,4831.0,3083.76,0.4609375,5872,1022,GPe,GPe,88,left,0
5873,5874,2,6570.48,4831.56,3081.5200000000004,0.2421875,5873,1022,GPe,GPe,88,left,0
5874,5875,2,6571.74,4832.06,3078.9,0.48828125,5874,1022,GPe,GPe,88,left,0
5875,5876,2,6572.06,4832.56,3075.9,0.2421875,5875,1022,GPe,GPe,88,left,0
5876,5877,2,6572.820000000001,4833.22,3074.199999999999,0.40625,5876,1022,GPe,GPe,88,left,0
5877,5878,2,6573.62,4834.4400000000005,3072.7800000000007,0.1640625,5877,1022,GPe,GPe,88,left,0
5878,5879,2,6575.06,4835.68,3072.08,0.59765625,5878,1022,GPe,GPe,88,left,0
5879,5880,2,6576.54,4836.12,3071.0599999999995,0.48828125,5879,1022,GPe,GPe,88,left,0
5880,5881,2,6578.48,4836.26,3068.9,0.32421875,5880,1022,GPe,GPe,88,left,0
5881,5882,2,6579.08,4836.22,3067.1800000000003,0.43359375,5881,1022,GPe,GPe,88,left,0
5882,5883,2,6579.76,4836.28,3065.5600000000013,0.296875,5882,1022,GPe,GPe,88,left,0
5883,5884,2,6579.58,4836.58,3063.92,0.8125,5883,1022,GPe,GPe,88,left,1
5884,5885,2,6569.120000000001,4831.9,3093.7000000000007,0.62109375,5842,1022,GPe,GPe,89,left,0
5885,5886,2,6569.34,4833.2,3095.5600000000013,0.40625,5885,1022,GPe,GPe,89,left,0
5886,5887,2,6569.64,4835.8,3098.1800000000003,0.703125,5886,1022,GPe,GPe,89,left,0
5887,5888,2,6569.86,4836.76,3100.040000000001,0.48828125,5887,1022,GPe,GPe,89,left,0
5888,5889,2,6570.22,4838.42,3102.8599999999988,0.5703125,5888,1022,GPe,GPe,89,left,0
5889,5890,2,6570.44,4839.68,3104.619999999999,0.67578125,5889,1022,GPe,GPe,89,left,1
5890,5891,2,6706.38,6853.4400000000005,3071.4400000000005,0.015625,5864,327,BMAa,BMA,90,left,0
5891,5892,2,6706.06,6852.7,3068.98,0.2421875,5891,327,BMAa,BMA,90,left,0
5892,5893,2,6705.860000000001,6851.82,3067.720000000001,0.1640625,5892,327,BMAa,BMA,90,left,0
5893,5894,2,6704.78,6850.04,3066.6399999999994,0.296875,5893,327,BMAa,BMA,90,left,0
5894,5895,2,6702.66,6849.26,3065.92,0.2421875,5894,327,BMAa,BMA,90,left,1
5895,5896,2,6707.58,6855.56,3070.42,0.00390625,5864,327,BMAa,BMA,91,left,0
5896,5897,2,6709.32,6856.02,3068.32,0.43359375,5896,327,BMAa,BMA,91,left,0
5897,5898,2,6710.48,6857.0,3067.6800000000003,0.26953125,5897,327,BMAa,BMA,91,left,0
5898,5899,2,6711.0,6859.34,3066.6800000000003,0.2421875,5898,327,BMAa,BMA,91,left,0
5899,5900,2,6712.4400000000005,6861.280000000001,3065.0200000000004,0.19140625,5899,327,BMAa,BMA,91,left,0
5900,5901,2,6713.88,6862.219999999999,3063.16,0.1640625,5900,327,BMAa,BMA,91,left,0
5901,5902,2,6714.679999999999,6863.58,3061.459999999999,0.1640625,5901,327,BMAa,BMA,91,left,0
5902,5903,2,6716.12,6865.54,3060.220000000001,0.48828125,5902,639,COAa,COA,91,left,0
5903,5904,2,6717.06,6867.68,3059.9,0.19140625,5903,639,COAa,COA,91,left,0
5904,5905,2,6717.4,6869.84,3058.540000000001,0.32421875,5904,639,COAa,COA,91,left,0
5905,5906,2,6717.4800000000005,6872.200000000001,3057.4,0.515625,5905,639,COAa,COA,91,left,0
5906,5907,2,6718.42,6873.58,3057.82,0.296875,5906,639,COAa,COA,91,left,0
5907,5908,2,6719.9800000000005,6875.320000000001,3059.48,0.26953125,5907,639,COAa,COA,91,left,0
5908,5909,2,6721.4400000000005,6876.82,3060.1000000000004,0.26953125,5908,639,COAa,COA,91,left,0
5909,5910,2,6724.46,6876.94,3060.1399999999994,0.2421875,5909,639,COAa,COA,91,left,0
5910,5911,2,6726.56,6876.56,3059.5,0.296875,5910,639,COAa,COA,91,left,0
5911,5912,2,6728.92,6876.76,3058.76,0.43359375,5911,639,COAa,COA,91,left,0
5912,5913,2,6729.26,6877.5,3057.98,0.19140625,5912,639,COAa,COA,91,left,0
5913,5914,2,6730.76,6879.160000000001,3056.26,0.00390625,5913,639,COAa,COA,91,left,0
5914,5915,2,6733.22,6881.02,3055.08,0.2421875,5914,639,COAa,COA,91,left,0
5915,5916,2,6735.08,6882.200000000001,3055.3,0.32421875,5915,639,COAa,COA,91,left,0
5916,5917,2,6737.16,6882.5,3056.26,0.40625,5916,639,COAa,COA,91,left,0
5917,5918,2,6738.719999999999,6882.88,3057.720000000001,0.48828125,5917,639,COAa,COA,91,left,0
5918,5919,2,6740.44,6883.9800000000005,3059.040000000001,0.2421875,5918,639,COAa,COA,91,left,0
5919,5920,2,6741.4800000000005,6885.58,3058.9,0.32421875,5919,639,COAa,COA,91,left,0
5920,5921,2,6743.8,6887.26,3058.9400000000005,0.26953125,5920,639,COAa,COA,91,left,0
5921,5922,2,6745.02,6889.34,3059.8600000000006,0.59765625,5921,639,COAa,COA,91,left,0
5922,5923,2,6745.900000000001,6891.34,3059.7000000000007,0.26953125,5922,639,COAa,COA,91,left,0
5923,5924,2,6746.34,6893.52,3058.9,0.4609375,5923,639,COAa,COA,91,left,0
5924,5925,2,6745.66,6895.62,3058.120000000001,0.26953125,5924,639,COAa,COA,91,left,0
5925,5926,2,6744.56,6897.14,3057.48,0.26953125,5925,639,COAa,COA,91,left,0
5926,5927,2,6743.86,6899.26,3057.380000000001,0.32421875,5926,639,COAa,COA,91,left,0
5927,5928,2,6742.58,6900.14,3058.1399999999994,0.19140625,5927,639,COAa,COA,91,left,0
5928,5929,2,6742.32,6901.18,3059.58,0.515625,5928,639,COAa,COA,91,left,0
5929,5930,2,6742.5,6903.42,3059.959999999999,0.6484375,5929,639,COAa,COA,91,left,0
5930,5931,2,6742.799999999999,6905.700000000001,3057.9400000000005,0.00390625,5930,639,COAa,COA,91,left,0
5931,5932,2,6743.400000000001,6906.96,3056.48,0.515625,5931,639,COAa,COA,91,left,0
5932,5933,2,6743.379999999999,6909.32,3053.58,0.37890625,5932,639,COAa,COA,91,left,0
5933,5934,2,6743.9400000000005,6910.22,3052.1800000000003,0.37890625,5933,639,COAa,COA,91,left,0
5934,5935,2,6744.26,6912.16,3050.42,0.21484375,5934,639,COAa,COA,91,left,0
5935,5936,2,6744.18,6914.139999999999,3048.76,0.48828125,5935,639,COAa,COA,91,left,0
5936,5937,2,6744.120000000001,6915.839999999999,3047.26,0.19140625,5936,639,COAa,COA,91,left,0
5937,5938,2,6744.099999999999,6917.94,3045.800000000001,0.296875,5937,639,COAa,COA,91,left,0
5938,5939,2,6744.34,6919.82,3044.34,0.48828125,5938,639,COAa,COA,91,left,0
5939,5940,2,6745.16,6921.12,3044.0200000000004,0.40625,5939,639,COAa,COA,91,left,0
5940,5941,2,6745.98,6923.42,3043.42,0.3515625,5940,639,COAa,COA,91,left,0
5941,5942,2,6747.34,6925.18,3042.960000000001,0.37890625,5941,639,COAa,COA,91,left,0
5942,5943,2,6748.52,6926.06,3044.0,0.296875,5942,639,COAa,COA,91,left,0
5943,5944,2,6749.400000000001,6927.200000000001,3046.34,0.40625,5943,639,COAa,COA,91,left,0
5944,5945,2,6750.4,6927.86,3048.0600000000013,0.40625,5944,639,COAa,COA,91,left,0
5945,5946,2,6750.82,6927.68,3049.619999999999,0.2421875,5945,639,COAa,COA,91,left,0
5946,5947,2,6751.0,6926.82,3051.879999999999,0.2421875,5946,639,COAa,COA,91,left,0
5947,5948,2,6751.900000000001,6926.219999999999,3054.24,0.1640625,5947,639,COAa,COA,91,left,0
5948,5949,2,6753.76,6926.02,3055.0599999999995,0.296875,5948,639,COAa,COA,91,left,0
5949,5950,2,6754.9800000000005,6925.92,3057.76,0.00390625,5949,639,COAa,COA,91,left,0
5950,5951,2,6753.9,6926.84,3060.0,0.19140625,5950,639,COAa,COA,91,left,0
5951,5952,2,6752.200000000001,6928.24,3061.1800000000003,0.1640625,5951,639,COAa,COA,91,left,0
5952,5953,2,6751.08,6929.32,3062.24,0.48828125,5952,639,COAa,COA,91,left,0
5953,5954,2,6750.299999999999,6930.2,3064.5,0.19140625,5953,639,COAa,COA,91,left,0
5954,5955,2,6750.76,6931.58,3066.3600000000006,0.37890625,5954,639,COAa,COA,91,left,0
5955,5956,2,6751.639999999999,6932.64,3067.32,0.4609375,5955,639,COAa,COA,91,left,0
5956,5957,2,6752.46,6933.24,3069.5,0.4609375,5956,639,COAa,COA,91,left,0
5957,5958,2,6753.68,6934.86,3069.7000000000007,0.43359375,5957,639,COAa,COA,91,left,0
5958,5959,2,6754.46,6937.06,3068.7000000000007,0.4609375,5958,639,COAa,COA,91,left,0
5959,5960,2,6754.679999999999,6939.18,3068.540000000001,0.37890625,5959,639,COAa,COA,91,left,0
5960,5961,2,6756.56,6939.9400000000005,3069.400000000001,0.1640625,5960,639,COAa,COA,91,left,0
5961,5962,2,6758.12,6940.320000000001,3069.880000000001,0.3515625,5961,639,COAa,COA,91,left,0
5962,5963,2,6758.52,6940.38,3071.58,0.40625,5962,639,COAa,COA,91,left,0
5963,5964,2,6758.719999999999,6939.9,3073.7800000000007,0.19140625,5963,639,COAa,COA,91,left,0
5964,5965,2,6759.66,6939.62,3075.1800000000003,0.19140625,5964,639,COAa,COA,91,left,0
5965,5966,2,6762.039999999999,6939.04,3076.7800000000007,0.296875,5965,639,COAa,COA,91,left,0
5966,5967,2,6763.5,6938.86,3078.1800000000003,0.296875,5966,639,COAa,COA,91,left,0
5967,5968,2,6765.119999999999,6940.04,3078.540000000001,0.26953125,5967,639,COAa,COA,91,left,0
5968,5969,2,6765.96,6941.639999999999,3078.2000000000007,0.48828125,5968,639,COAa,COA,91,left,0
5969,5970,2,6766.1,6943.66,3080.0200000000004,0.01953125,5969,639,COAa,COA,91,left,0
5970,5971,2,6765.66,6945.14,3081.42,0.43359375,5970,639,COAa,COA,91,left,0
5971,5972,2,6765.78,6949.06,3081.4,0.40625,5971,639,COAa,COA,91,left,0
5972,5973,2,6765.82,6950.74,3080.82,0.37890625,5972,639,COAa,COA,91,left,0
5973,5974,2,6766.639999999999,6952.4800000000005,3079.6000000000004,0.32421875,5973,639,COAa,COA,91,left,0
5974,5975,2,6767.86,6953.92,3079.400000000001,0.37890625,5974,639,COAa,COA,91,left,0
5975,5976,2,6768.76,6956.3,3080.5600000000013,0.37890625,5975,639,COAa,COA,91,left,0
5976,5977,2,6769.64,6958.4400000000005,3081.2800000000007,0.37890625,5976,639,COAa,COA,91,left,0
5977,5978,2,6770.06,6961.219999999999,3082.9,0.59765625,5977,639,COAa,COA,91,left,0
5978,5979,2,6770.320000000001,6962.56,3084.74,0.43359375,5978,639,COAa,COA,91,left,0
5979,5980,2,6771.0,6963.42,3085.74,0.296875,5979,639,COAa,COA,91,left,0
5980,5981,2,6772.68,6964.38,3086.3600000000006,0.54296875,5980,639,COAa,COA,91,left,0
5981,5982,2,6773.92,6964.82,3087.5200000000004,0.67578125,5981,639,COAa,COA,91,left,1
5982,5983,2,6406.24,7052.64,3157.5,0.00390625,5870,639,COAa,COA,92,left,0
5983,5984,2,6408.24,7052.4400000000005,3158.4,0.1640625,5983,639,COAa,COA,92,left,0
5984,5985,2,6410.62,7052.1,3159.32,0.296875,5984,639,COAa,COA,92,left,0
5985,5986,2,6413.24,7051.92,3161.34,0.37890625,5985,639,COAa,COA,92,left,0
5986,5987,2,6414.46,7051.52,3162.6000000000004,0.54296875,5986,639,COAa,COA,92,left,1
5987,5988,2,6405.18,7054.700000000001,3156.1399999999994,0.3515625,5870,639,COAa,COA,93,left,0
5988,5989,2,6405.460000000001,7056.54,3154.92,0.37890625,5988,639,COAa,COA,93,left,0
5989,5990,2,6405.56,7058.32,3154.08,0.48828125,5989,639,COAa,COA,93,left,0
5990,5991,2,6406.4400000000005,7059.56,3153.6000000000004,0.32421875,5990,639,COAa,COA,93,left,0
5991,5992,2,6407.380000000001,7061.92,3153.22,0.37890625,5991,639,COAa,COA,93,left,0
5992,5993,2,6408.76,7063.5,3153.24,0.32421875,5992,639,COAa,COA,93,left,0
5993,5994,2,6409.34,7064.78,3153.84,0.4609375,5993,639,COAa,COA,93,left,0
5994,5995,2,6409.44,7066.54,3153.58,0.32421875,5994,639,COAa,COA,93,left,0
5995,5996,2,6410.48,7068.12,3153.16,0.40625,5995,639,COAa,COA,93,left,0
5996,5997,2,6411.92,7069.42,3152.98,0.3515625,5996,639,COAa,COA,93,left,0
5997,5998,2,6413.139999999999,7071.02,3153.6399999999994,0.32421875,5997,639,COAa,COA,93,left,0
5998,5999,2,6413.400000000001,7071.799999999999,3154.5599999999995,0.32421875,5998,639,COAa,COA,93,left,0
5999,6000,2,6414.76,7073.18,3154.6800000000003,0.32421875,5999,639,COAa,COA,93,left,0
6000,6001,2,6415.96,7075.34,3154.34,0.43359375,6000,639,COAa,COA,93,left,0
6001,6002,2,6417.960000000001,7078.339999999999,3154.0,0.40625,6001,639,COAa,COA,93,left,0
6002,6003,2,6419.08,7080.44,3153.58,0.19140625,6002,639,COAa,COA,93,left,0
6003,6004,2,6419.700000000001,7082.4400000000005,3152.7800000000007,0.48828125,6003,639,COAa,COA,93,left,0
6004,6005,2,6421.0,7083.7,3152.2000000000007,0.26953125,6004,639,COAa,COA,93,left,0
6005,6006,2,6422.4,7085.58,3151.459999999999,0.32421875,6005,639,COAa,COA,93,left,0
6006,6007,2,6423.6,7087.84,3150.42,0.2421875,6006,639,COAa,COA,93,left,0
6007,6008,2,6424.86,7089.700000000001,3149.7000000000007,0.1640625,6007,639,COAa,COA,93,left,0
6008,6009,2,6426.459999999999,7092.34,3149.040000000001,0.32421875,6008,639,COAa,COA,93,left,0
6009,6010,2,6427.74,7095.14,3148.9400000000005,0.26953125,6009,639,COAa,COA,93,left,0
6010,6011,2,6429.08,7096.42,3149.199999999999,0.43359375,6010,639,COAa,COA,93,left,0
6011,6012,2,6429.96,7098.68,3149.199999999999,0.40625,6011,639,COAa,COA,93,left,0
6012,6013,2,6431.92,7099.6,3148.6800000000003,0.2421875,6012,639,COAa,COA,93,left,0
6013,6014,2,6433.08,7101.18,3148.7000000000007,0.37890625,6013,639,COAa,COA,93,left,0
6014,6015,2,6433.959999999999,7102.12,3149.84,0.515625,6014,639,COAa,COA,93,left,0
6015,6016,2,6434.78,7104.360000000001,3150.0200000000004,0.43359375,6015,639,COAa,COA,93,left,0
6016,6017,2,6436.040000000001,7106.0,3149.8,0.1640625,6016,639,COAa,COA,93,left,0
6017,6018,2,6436.84,7108.32,3149.1800000000003,0.26953125,6017,639,COAa,COA,93,left,0
6018,6019,2,6437.72,7109.84,3148.4400000000005,0.40625,6018,639,COAa,COA,93,left,0
6019,6020,2,6439.740000000001,7110.92,3148.48,0.2421875,6019,639,COAa,COA,93,left,0
6020,6021,2,6441.040000000001,7112.12,3149.32,0.1640625,6020,639,COAa,COA,93,left,0
6021,6022,2,6441.92,7114.96,3149.72,0.48828125,6021,639,COAa,COA,93,left,0
6022,6023,2,6442.94,7117.380000000001,3149.4399999999987,0.32421875,6022,639,COAa,COA,93,left,0
6023,6024,2,6443.24,7119.84,3149.48,0.21484375,6023,639,COAa,COA,93,left,0
6024,6025,2,6443.86,7122.200000000001,3150.0,0.26953125,6024,639,COAa,COA,93,left,0
6025,6026,2,6444.62,7123.52,3150.779999999999,0.1640625,6025,639,COAa,COA,93,left,0
6026,6027,2,6444.9800000000005,7124.82,3154.220000000001,0.40625,6026,639,COAa,COA,93,left,0
6027,6028,2,6445.14,7125.42,3156.0,0.32421875,6027,639,COAa,COA,93,left,0
6028,6029,2,6444.9400000000005,7126.7,3157.4,0.37890625,6028,639,COAa,COA,93,left,0
6029,6030,2,6444.42,7128.04,3158.540000000001,0.48828125,6029,639,COAa,COA,93,left,0
6030,6031,2,6444.539999999999,7130.18,3159.8,0.37890625,6030,639,COAa,COA,93,left,0
6031,6032,2,6444.76,7131.78,3161.960000000001,0.5703125,6031,639,COAa,COA,93,left,0
6032,6033,2,6445.66,7133.16,3164.0,0.32421875,6032,639,COAa,COA,93,left,0
6033,6034,2,6447.039999999999,7135.0,3164.32,0.32421875,6033,639,COAa,COA,93,left,0
6034,6035,2,6448.5,7137.42,3164.4399999999987,0.37890625,6034,639,COAa,COA,93,left,0
6035,6036,2,6450.8,7140.1,3164.779999999999,0.2421875,6035,639,COAa,COA,93,left,0
6036,6037,2,6451.98,7140.860000000001,3165.0200000000004,0.1640625,6036,639,COAa,COA,93,left,0
6037,6038,2,6452.4,7141.68,3166.3,0.2421875,6037,639,COAa,COA,93,left,0
6038,6039,2,6452.780000000001,7142.36,3167.9,0.4609375,6038,639,COAa,COA,93,left,0
6039,6040,2,6454.5,7143.0,3169.4399999999987,0.19140625,6039,639,COAa,COA,93,left,0
6040,6041,2,6455.68,7143.76,3170.800000000001,0.2421875,6040,639,COAa,COA,93,left,0
6041,6042,2,6456.88,7145.119999999999,3172.76,0.1640625,6041,639,COAa,COA,93,left,0
6042,6043,2,6457.56,7146.459999999999,3173.2000000000007,0.43359375,6042,639,COAa,COA,93,left,0
6043,6044,2,6458.339999999999,7147.799999999999,3174.619999999999,0.1640625,6043,639,COAa,COA,93,left,0
6044,6045,2,6459.6,7148.339999999999,3175.5600000000013,0.32421875,6044,639,COAa,COA,93,left,0
6045,6046,2,6460.259999999999,7149.62,3177.0,0.43359375,6045,639,COAa,COA,93,left,0
6046,6047,2,6461.58,7151.660000000001,3179.08,0.32421875,6046,639,COAa,COA,93,left,0
6047,6048,2,6462.74,7152.780000000001,3180.4,0.43359375,6047,639,COAa,COA,93,left,0
6048,6049,2,6463.74,7154.48,3182.08,0.00390625,6048,639,COAa,COA,93,left,0
6049,6050,2,6464.9800000000005,7155.42,3183.279999999999,0.26953125,6049,639,COAa,COA,93,left,0
6050,6051,2,6466.12,7156.660000000001,3184.6800000000003,0.1640625,6050,639,COAa,COA,93,left,0
6051,6052,2,6467.28,7157.32,3186.16,0.19140625,6051,639,COAa,COA,93,left,0
6052,6053,2,6468.84,7158.16,3187.279999999999,0.21484375,6052,639,COAa,COA,93,left,0
6053,6054,2,6471.82,7160.0,3187.16,0.296875,6053,639,COAa,COA,93,left,0
6054,6055,2,6473.02,7160.4,3186.8,0.32421875,6054,639,COAa,COA,93,left,0
6055,6056,2,6475.14,7160.34,3185.879999999999,0.296875,6055,639,COAa,COA,93,left,0
6056,6057,2,6476.54,7160.56,3184.400000000001,0.26953125,6056,639,COAa,COA,93,left,0
6057,6058,2,6478.5,7161.5,3183.120000000001,0.3515625,6057,639,COAa,COA,93,left,0
6058,6059,2,6479.86,7163.18,3182.7000000000007,0.37890625,6058,639,COAa,COA,93,left,0
6059,6060,2,6480.96,7165.06,3181.720000000001,0.3515625,6059,639,COAa,COA,93,left,0
6060,6061,2,6482.14,7166.02,3181.08,0.1640625,6060,639,COAa,COA,93,left,0
6061,6062,2,6484.2,7167.619999999999,3180.84,0.296875,6061,639,COAa,COA,93,left,0
6062,6063,2,6486.0,7168.58,3180.5200000000004,0.26953125,6062,639,COAa,COA,93,left,0
6063,6064,2,6487.16,7169.44,3179.880000000001,0.32421875,6063,639,COAa,COA,93,left,0
6064,6065,2,6489.9,7170.08,3178.6399999999994,0.32421875,6064,639,COAa,COA,93,left,0
6065,6066,2,6491.38,7170.24,3178.0999999999985,0.1640625,6065,639,COAa,COA,93,left,0
6066,6067,2,6495.259999999999,7170.879999999999,3177.7000000000007,0.32421875,6066,639,COAa,COA,93,left,0
6067,6068,2,6497.06,7171.74,3177.720000000001,0.1640625,6067,639,COAa,COA,93,left,0
6068,6069,2,6500.82,7172.7,3177.6399999999994,0.40625,6068,639,COAa,COA,93,left,0
6069,6070,2,6502.58,7173.58,3177.34,0.32421875,6069,639,COAa,COA,93,left,0
6070,6071,2,6504.08,7174.9400000000005,3176.6800000000003,0.26953125,6070,639,COAa,COA,93,left,0
6071,6072,2,6506.08,7175.879999999999,3176.16,0.2421875,6071,639,COAa,COA,93,left,0
6072,6073,2,6508.8,7177.16,3175.5,0.3515625,6072,639,COAa,COA,93,left,0
6073,6074,2,6510.08,7177.960000000001,3175.26,0.32421875,6073,639,COAa,COA,93,left,0
6074,6075,2,6512.54,7178.16,3175.0599999999995,0.32421875,6074,639,COAa,COA,93,left,0
6075,6076,2,6514.76,7178.12,3174.9,0.2421875,6075,639,COAa,COA,93,left,0
6076,6077,2,6516.74,7178.4400000000005,3174.7000000000007,0.32421875,6076,639,COAa,COA,93,left,0
6077,6078,2,6521.14,7178.9400000000005,3174.120000000001,0.19140625,6077,639,COAa,COA,93,left,0
6078,6079,2,6523.22,7179.160000000001,3173.300000000001,0.2421875,6078,639,COAa,COA,93,left,0
6079,6080,2,6525.24,7179.46,3173.279999999999,0.015625,6079,639,COAa,COA,93,left,0
6080,6081,2,6526.799999999999,7179.679999999999,3174.199999999999,0.296875,6080,639,COAa,COA,93,left,0
6081,6082,2,6528.379999999999,7180.34,3175.0200000000004,0.26953125,6081,639,COAa,COA,93,left,0
6082,6083,2,6530.36,7180.98,3175.32,0.40625,6082,639,COAa,COA,93,left,0
6083,6084,2,6532.52,7181.4,3175.4,0.54296875,6083,639,COAa,COA,93,left,0
6084,6085,2,6533.6,7181.68,3176.3,0.32421875,6084,639,COAa,COA,93,left,0
6085,6086,2,6535.24,7181.34,3177.619999999999,0.32421875,6085,639,COAa,COA,93,left,0
6086,6087,2,6536.36,7180.599999999999,3178.5,0.296875,6086,639,COAa,COA,93,left,0
6087,6088,2,6538.64,7180.16,3179.5200000000004,0.48828125,6087,639,COAa,COA,93,left,0
6088,6089,2,6540.06,7180.5,3180.1000000000004,0.26953125,6088,639,COAa,COA,93,left,0
6089,6090,2,6541.799999999999,7181.14,3181.0200000000004,0.1640625,6089,639,COAa,COA,93,left,0
6090,6091,2,6544.2,7181.639999999999,3181.58,0.37890625,6090,639,COAa,COA,93,left,0
6091,6092,2,6546.2,7182.16,3182.0599999999995,0.2421875,6091,639,COAa,COA,93,left,0
6092,6093,2,6547.94,7182.26,3182.4,0.32421875,6092,639,COAa,COA,93,left,0
6093,6094,2,6548.379999999999,7182.36,3183.6000000000004,0.00390625,6093,639,COAa,COA,93,left,0
6094,6095,2,6550.839999999999,7182.179999999999,3183.9400000000005,0.21484375,6094,639,COAa,COA,93,left,0
6095,6096,2,6552.94,7181.900000000001,3184.199999999999,0.26953125,6095,639,COAa,COA,93,left,0
6096,6097,2,6555.92,7181.76,3184.26,0.32421875,6096,639,COAa,COA,93,left,0
6097,6098,2,6557.780000000001,7181.4800000000005,3184.8,0.32421875,6097,639,COAa,COA,93,left,0
6098,6099,2,6560.280000000001,7180.74,3185.4400000000005,0.3515625,6098,639,COAa,COA,93,left,0
6099,6100,2,6561.639999999999,7180.22,3185.7000000000007,0.515625,6099,639,COAa,COA,93,left,0
6100,6101,2,6564.34,7179.740000000001,3186.8,0.296875,6100,639,COAa,COA,93,left,0
6101,6102,2,6566.32,7179.44,3187.7000000000007,0.40625,6101,639,COAa,COA,93,left,0
6102,6103,2,6568.26,7179.120000000001,3187.9,0.32421875,6102,639,COAa,COA,93,left,0
6103,6104,2,6569.9400000000005,7178.74,3187.880000000001,0.32421875,6103,639,COAa,COA,93,left,0
6104,6105,2,6572.92,7177.7,3187.9,0.32421875,6104,639,COAa,COA,93,left,0
6105,6106,2,6574.84,7177.06,3187.48,0.2421875,6105,639,COAa,COA,93,left,0
6106,6107,2,6576.620000000001,7176.92,3185.800000000001,0.1640625,6106,639,COAa,COA,93,left,0
6107,6108,2,6577.88,7177.4400000000005,3183.74,0.43359375,6107,639,COAa,COA,93,left,0
6108,6109,2,6579.2,7178.04,3182.16,0.40625,6108,639,COAa,COA,93,left,0
6109,6110,2,6582.08,7178.84,3179.82,0.1640625,6109,639,COAa,COA,93,left,0
6110,6111,2,6583.46,7179.34,3178.7000000000007,0.48828125,6110,639,COAa,COA,93,left,0
6111,6112,2,6583.66,7179.76,3177.540000000001,0.296875,6111,639,COAa,COA,93,left,0
6112,6113,2,6585.76,7180.24,3176.900000000001,0.015625,6112,639,COAa,COA,93,left,0
6113,6114,2,6588.099999999999,7180.54,3175.82,0.4609375,6113,639,COAa,COA,93,left,0
6114,6115,2,6589.96,7180.68,3175.24,0.26953125,6114,639,COAa,COA,93,left,0
6115,6116,2,6591.620000000001,7180.58,3174.8600000000006,0.32421875,6115,639,COAa,COA,93,left,0
6116,6117,2,6593.82,7180.82,3174.5,0.32421875,6116,639,COAa,COA,93,left,0
6117,6118,2,6595.56,7181.76,3173.98,0.43359375,6117,639,COAa,COA,93,left,0
6118,6119,2,6597.56,7182.1,3173.24,0.0078125,6118,639,COAa,COA,93,left,0
6119,6120,2,6599.539999999999,7182.200000000001,3172.380000000001,0.32421875,6119,639,COAa,COA,93,left,0
6120,6121,2,6601.72,7182.1,3171.900000000001,0.32421875,6120,639,COAa,COA,93,left,0
6121,6122,2,6603.82,7181.78,3171.22,0.48828125,6121,639,COAa,COA,93,left,0
6122,6123,2,6605.42,7181.24,3170.5200000000004,0.21484375,6122,639,COAa,COA,93,left,0
6123,6124,2,6607.4400000000005,7180.599999999999,3169.98,0.37890625,6123,639,COAa,COA,93,left,0
6124,6125,2,6610.2,7180.36,3169.1000000000004,0.4609375,6124,639,COAa,COA,93,left,0
6125,6126,2,6611.900000000001,7180.460000000001,3168.0,0.296875,6125,639,COAa,COA,93,left,0
6126,6127,2,6612.88,7180.44,3166.48,0.26953125,6126,639,COAa,COA,93,left,0
6127,6128,2,6614.120000000001,7180.76,3165.2800000000007,0.32421875,6127,639,COAa,COA,93,left,0
6128,6129,2,6615.299999999999,7181.2,3163.8600000000006,0.2421875,6128,639,COAa,COA,93,left,0
6129,6130,2,6617.02,7181.08,3162.58,0.296875,6129,639,COAa,COA,93,left,0
6130,6131,2,6620.1,7180.98,3160.539999999999,0.48828125,6130,639,COAa,COA,93,left,0
6131,6132,2,6621.92,7181.18,3159.3600000000006,0.3515625,6131,639,COAa,COA,93,left,0
6132,6133,2,6623.86,7181.32,3158.5200000000004,0.32421875,6132,639,COAa,COA,93,left,0
6133,6134,2,6625.68,7181.16,3157.82,0.54296875,6133,639,COAa,COA,93,left,0
6134,6135,2,6627.7,7180.460000000001,3156.900000000001,0.40625,6134,639,COAa,COA,93,left,0
6135,6136,2,6629.44,7179.360000000001,3156.08,0.4609375,6135,639,COAa,COA,93,left,0
6136,6137,2,6630.38,7178.74,3155.5200000000004,0.37890625,6136,639,COAa,COA,93,left,0
6137,6138,2,6632.7,7178.82,3155.1800000000003,0.37890625,6137,639,COAa,COA,93,left,0
6138,6139,2,6634.2,7179.44,3154.959999999999,0.26953125,6138,639,COAa,COA,93,left,0
6139,6140,2,6636.56,7179.719999999999,3154.58,0.3515625,6139,639,COAa,COA,93,left,0
6140,6141,2,6638.339999999999,7179.62,3154.0599999999995,0.32421875,6140,639,COAa,COA,93,left,0
6141,6142,2,6639.700000000001,7179.160000000001,3153.9,0.03515625,6141,639,COAa,COA,93,left,0
6142,6143,2,6641.76,7178.719999999999,3153.58,0.21484375,6142,639,COAa,COA,93,left,0
6143,6144,2,6643.339999999999,7178.02,3153.300000000001,0.40625,6143,639,COAa,COA,93,left,0
6144,6145,2,6645.320000000001,7177.200000000001,3152.540000000001,0.4609375,6144,639,COAa,COA,93,left,0
6145,6146,2,6646.72,7176.34,3151.6800000000003,0.3515625,6145,639,COAa,COA,93,left,0
6146,6147,2,6648.26,7174.9800000000005,3150.9,0.1640625,6146,639,COAa,COA,93,left,0
6147,6148,2,6650.74,7172.86,3150.24,0.48828125,6147,639,COAa,COA,93,left,0
6148,6149,2,6651.860000000001,7171.34,3149.66,0.1640625,6148,639,COAa,COA,93,left,0
6149,6150,2,6653.56,7169.56,3149.24,0.43359375,6149,639,COAa,COA,93,left,0
6150,6151,2,6656.36,7168.22,3148.5599999999995,0.2421875,6150,639,COAa,COA,93,left,0
6151,6152,2,6658.32,7167.380000000001,3147.459999999999,0.2421875,6151,639,COAa,COA,93,left,0
6152,6153,2,6659.5,7166.98,3146.8,0.19140625,6152,639,COAa,COA,93,left,0
6153,6154,2,6662.240000000001,7166.82,3146.2000000000007,0.32421875,6153,639,COAa,COA,93,left,0
6154,6155,2,6664.5,7166.74,3145.9400000000005,0.32421875,6154,639,COAa,COA,93,left,0
6155,6156,2,6666.3,7166.84,3145.26,0.43359375,6155,639,COAa,COA,93,left,0
6156,6157,2,6667.98,7167.66,3144.220000000001,0.2421875,6156,639,COAa,COA,93,left,0
6157,6158,2,6669.9,7167.98,3143.4400000000005,0.2421875,6157,639,COAa,COA,93,left,0
6158,6159,2,6672.84,7167.820000000001,3142.48,0.21484375,6158,639,COAa,COA,93,left,0
6159,6160,2,6675.18,7167.12,3141.620000000001,0.296875,6159,639,COAa,COA,93,left,0
6160,6161,2,6676.84,7166.42,3140.8600000000006,0.32421875,6160,639,COAa,COA,93,left,0
6161,6162,2,6679.26,7166.18,3140.1399999999994,0.32421875,6161,639,COAa,COA,93,left,0
6162,6163,2,6681.16,7165.76,3139.779999999999,0.21484375,6162,639,COAa,COA,93,left,0
6163,6164,2,6683.339999999999,7165.34,3139.539999999999,0.2421875,6163,639,COAa,COA,93,left,0
6164,6165,2,6686.219999999999,7164.96,3138.5599999999995,0.19140625,6164,639,COAa,COA,93,left,0
6165,6166,2,6687.88,7164.360000000001,3138.0600000000013,0.37890625,6165,639,COAa,COA,93,left,0
6166,6167,2,6689.82,7162.74,3137.6800000000003,0.32421875,6166,639,COAa,COA,93,left,0
6167,6168,2,6691.3,7161.54,3137.5200000000004,0.2421875,6167,639,COAa,COA,93,left,0
6168,6169,2,6692.92,7160.04,3136.92,0.32421875,6168,639,COAa,COA,93,left,0
6169,6170,2,6694.64,7158.9400000000005,3136.2800000000007,0.40625,6169,639,COAa,COA,93,left,0
6170,6171,2,6695.98,7158.06,3136.08,0.1640625,6170,639,COAa,COA,93,left,0
6171,6172,2,6698.400000000001,7156.82,3135.879999999999,0.26953125,6171,639,COAa,COA,93,left,0
6172,6173,2,6700.14,7155.82,3135.6399999999994,0.3515625,6172,639,COAa,COA,93,left,0
6173,6174,2,6702.28,7154.08,3135.72,0.40625,6173,639,COAa,COA,93,left,0
6174,6175,2,6704.06,7153.360000000001,3135.620000000001,0.37890625,6174,639,COAa,COA,93,left,0
6175,6176,2,6706.0,7152.5,3135.1000000000004,0.32421875,6175,639,COAa,COA,93,left,0
6176,6177,2,6709.34,7151.06,3133.74,0.19140625,6176,639,COAa,COA,93,left,0
6177,6178,2,6710.900000000001,7149.62,3133.32,0.1640625,6177,639,COAa,COA,93,left,0
6178,6179,2,6712.3,7147.46,3133.26,0.40625,6178,639,COAa,COA,93,left,0
6179,6180,2,6714.2,7146.280000000001,3132.459999999999,0.32421875,6179,639,COAa,COA,93,left,0
6180,6181,2,6715.24,7145.92,3131.5599999999995,0.32421875,6180,639,COAa,COA,93,left,0
6181,6182,2,6715.76,7145.18,3129.959999999999,0.3515625,6181,639,COAa,COA,93,left,0
6182,6183,2,6716.36,7143.6,3128.16,0.3515625,6182,639,COAa,COA,93,left,0
6183,6184,2,6717.14,7142.26,3126.6399999999994,0.3515625,6183,639,COAa,COA,93,left,0
6184,6185,2,6718.64,7141.36,3125.460000000001,0.2421875,6184,639,COAa,COA,93,left,0
6185,6186,2,6719.78,7141.08,3124.48,0.32421875,6185,639,COAa,COA,93,left,0
6186,6187,2,6721.26,7141.1,3123.0200000000004,0.4609375,6186,639,COAa,COA,93,left,0
6187,6188,2,6722.68,7141.1,3121.7800000000007,0.32421875,6187,639,COAa,COA,93,left,0
6188,6189,2,6723.8,7140.78,3120.3,0.32421875,6188,639,COAa,COA,93,left,0
6189,6190,2,6725.18,7140.1,3118.84,0.4609375,6189,639,COAa,COA,93,left,0
6190,6191,2,6727.34,7139.66,3116.9399999999987,0.37890625,6190,639,COAa,COA,93,left,0
6191,6192,2,6728.540000000001,7139.78,3115.959999999999,0.296875,6191,639,COAa,COA,93,left,0
6192,6193,2,6731.88,7139.2,3113.9,0.4609375,6192,639,COAa,COA,93,left,0
6193,6194,2,6733.6,7138.400000000001,3113.120000000001,0.3515625,6193,639,COAa,COA,93,left,0
6194,6195,2,6734.06,7137.28,3112.039999999999,0.48828125,6194,639,COAa,COA,93,left,0
6195,6196,2,6735.36,7136.12,3111.58,0.2421875,6195,639,COAa,COA,93,left,0
6196,6197,2,6736.96,7134.32,3111.48,0.26953125,6196,639,COAa,COA,93,left,0
6197,6198,2,6737.42,7132.72,3111.2800000000007,0.2421875,6197,639,COAa,COA,93,left,0
6198,6199,2,6739.26,7131.06,3110.3599999999988,0.32421875,6198,639,COAa,COA,93,left,0
6199,6200,2,6741.3,7129.740000000001,3109.0,0.1640625,6199,639,COAa,COA,93,left,0
6200,6201,2,6742.68,7129.099999999999,3107.58,0.19140625,6200,639,COAa,COA,93,left,0
6201,6202,2,6744.66,7128.88,3106.1800000000003,0.37890625,6201,639,COAa,COA,93,left,0
6202,6203,2,6746.38,7128.68,3104.9,0.37890625,6202,639,COAa,COA,93,left,0
6203,6204,2,6747.619999999999,7128.52,3103.74,0.3515625,6203,639,COAa,COA,93,left,0
6204,6205,2,6749.6,7128.46,3101.74,0.19140625,6204,639,COAa,COA,93,left,0
6205,6206,2,6750.52,7128.76,3100.32,0.2421875,6205,639,COAa,COA,93,left,0
6206,6207,2,6751.24,7128.540000000001,3098.5599999999995,0.296875,6206,639,COAa,COA,93,left,0
6207,6208,2,6752.799999999999,7128.08,3097.1800000000003,0.19140625,6207,639,COAa,COA,93,left,0
6208,6209,2,6755.96,7127.52,3095.4,0.2421875,6208,639,COAa,COA,93,left,0
6209,6210,2,6757.08,7126.94,3094.619999999999,0.40625,6209,639,COAa,COA,93,left,0
6210,6211,2,6758.84,7125.58,3093.459999999999,0.40625,6210,639,COAa,COA,93,left,0
6211,6212,2,6759.78,7124.740000000001,3092.5200000000004,0.3515625,6211,639,COAa,COA,93,left,0
6212,6213,2,6762.380000000001,7122.780000000001,3090.779999999999,0.48828125,6212,639,COAa,COA,93,left,0
6213,6214,2,6764.139999999999,7121.88,3089.34,0.21484375,6213,639,COAa,COA,93,left,0
6214,6215,2,6765.98,7121.1,3088.1399999999994,0.2421875,6214,639,COAa,COA,93,left,0
6215,6216,2,6767.26,7120.839999999999,3087.039999999999,0.296875,6215,639,COAa,COA,93,left,0
6216,6217,2,6769.139999999999,7120.38,3086.32,0.2421875,6216,639,COAa,COA,93,left,0
6217,6218,2,6771.68,7120.14,3085.34,0.48828125,6217,639,COAa,COA,93,left,0
6218,6219,2,6773.62,7119.96,3084.34,0.40625,6218,639,COAa,COA,93,left,0
6219,6220,2,6775.5,7119.8,3083.3600000000006,0.19140625,6219,639,COAa,COA,93,left,0
6220,6221,2,6777.88,7119.48,3082.1800000000003,0.19140625,6220,639,COAa,COA,93,left,0
6221,6222,2,6779.34,7119.02,3081.08,0.32421875,6221,639,COAa,COA,93,left,0
6222,6223,2,6781.32,7118.5,3080.32,0.32421875,6222,639,COAa,COA,93,left,0
6223,6224,2,6783.06,7117.759999999999,3079.460000000001,0.19140625,6223,639,COAa,COA,93,left,0
6224,6225,2,6783.68,7116.3,3078.9400000000005,0.5703125,6224,639,COAa,COA,93,left,0
6225,6226,2,6785.24,7114.360000000001,3078.5200000000004,0.1640625,6225,639,COAa,COA,93,left,0
6226,6227,2,6788.26,7112.4400000000005,3078.5,0.32421875,6226,639,COAa,COA,93,left,0
6227,6228,2,6790.22,7111.36,3078.82,0.62109375,6227,639,COAa,COA,93,left,0
6228,6229,2,6787.9,7108.48,3080.2800000000007,0.26953125,6228,639,COAa,COA,93,left,0
6229,6230,2,6786.620000000001,7106.52,3082.48,0.32421875,6229,639,COAa,COA,93,left,0
6230,6231,2,6786.06,7105.1,3084.3600000000006,0.32421875,6230,639,COAa,COA,93,left,0
6231,6232,2,6785.78,7103.12,3086.459999999999,0.54296875,6231,639,COAa,COA,93,left,0
6232,6233,2,6595.56,7182.9,3175.26,0.0078125,6118,639,COAa,COA,94,left,0
6233,6234,2,6593.66,7183.24,3176.3,0.32421875,6233,639,COAa,COA,94,left,0
6234,6235,2,6592.02,7183.32,3176.6800000000003,0.296875,6234,639,COAa,COA,94,left,0
6235,6236,2,6590.8,7183.9,3176.6800000000003,0.03515625,6235,639,COAa,COA,94,left,0
6236,6237,2,6588.58,7184.96,3176.7800000000007,0.19140625,6236,639,COAa,COA,94,left,0
6237,6238,2,6587.16,7185.58,3177.140000000001,0.32421875,6237,639,COAa,COA,94,left,0
6238,6239,2,6585.08,7186.799999999999,3177.22,0.3515625,6238,639,COAa,COA,94,left,0
6239,6240,2,6584.24,7187.9,3177.0599999999995,0.32421875,6239,639,COAa,COA,94,left,0
6240,6241,2,6784.64,7103.04,3085.5,0.0390625,6232,639,COAa,COA,95,left,0
6241,6242,2,6784.42,7103.18,3083.9,0.43359375,6241,639,COAa,COA,95,left,0
6242,6243,2,6783.0,7104.08,3082.380000000001,0.4609375,6242,639,COAa,COA,95,left,0
6243,6244,2,6782.08,7104.84,3081.5599999999995,0.67578125,6243,639,COAa,COA,95,left,1
6244,6245,2,6784.539999999999,7100.98,3088.24,0.40625,6232,639,COAa,COA,96,left,0
6245,6246,2,6783.66,7098.719999999999,3089.040000000001,0.296875,6245,639,COAa,COA,96,left,0
6246,6247,2,6783.56,7095.78,3088.98,0.21484375,6246,639,COAa,COA,96,left,0
6247,6248,2,6784.26,7094.160000000001,3088.1399999999994,0.40625,6247,639,COAa,COA,96,left,0
6248,6249,2,6785.38,7092.240000000001,3087.98,0.296875,6248,639,COAa,COA,96,left,0
6249,6250,2,6786.84,7090.22,3089.32,0.32421875,6249,639,COAa,COA,96,left,0
6250,6251,2,6787.64,7088.48,3090.6399999999994,0.43359375,6250,639,COAa,COA,96,left,0
6251,6252,2,6787.780000000001,7086.14,3092.32,0.32421875,6251,639,COAa,COA,96,left,0
6252,6253,2,6787.52,7084.679999999999,3093.72,0.32421875,6252,639,COAa,COA,96,left,0
6253,6254,2,6786.599999999999,7083.74,3095.040000000001,0.32421875,6253,639,COAa,COA,96,left,0
6254,6255,2,6785.14,7082.9,3096.720000000001,0.19140625,6254,639,COAa,COA,96,left,0
6255,6256,2,6783.0,7081.620000000001,3098.459999999999,0.32421875,6255,639,COAa,COA,96,left,0
6256,6257,2,6782.4800000000005,7080.06,3099.959999999999,0.48828125,6256,639,COAa,COA,96,left,0
6257,6258,2,6781.84,7078.76,3101.76,0.4609375,6257,639,COAa,COA,96,left,0
6258,6259,2,6781.4400000000005,7077.5,3103.7000000000007,0.21484375,6258,639,COAa,COA,96,left,0
6259,6260,2,6780.56,7076.14,3104.5200000000004,0.515625,6259,639,COAa,COA,96,left,0
6260,6261,2,6780.42,7073.62,3104.84,0.40625,6260,639,COAa,COA,96,left,0
6261,6262,2,6780.259999999999,7069.28,3105.220000000001,0.32421875,6261,639,COAa,COA,96,left,0
6262,6263,2,6780.74,7067.6,3105.48,0.21484375,6262,639,COAa,COA,96,left,0
6263,6264,2,6782.12,7066.4800000000005,3105.2000000000007,0.40625,6263,639,COAa,COA,96,left,0
6264,6265,2,6783.360000000001,7064.28,3105.0599999999995,0.54296875,6264,639,COAa,COA,96,left,0
6265,6266,2,6783.780000000001,7061.38,3105.800000000001,0.296875,6265,639,COAa,COA,96,left,0
6266,6267,2,6784.5,7060.02,3107.0,0.7578125,6266,639,COAa,COA,96,left,0
6267,6268,2,6785.66,7056.94,3108.6800000000003,0.40625,6267,639,COAa,COA,96,left,0
6268,6269,2,6785.22,7054.099999999999,3110.380000000001,0.32421875,6268,639,COAa,COA,96,left,0
6269,6270,2,6783.74,7053.26,3111.5599999999995,0.32421875,6269,639,COAa,COA,96,left,0
6270,6271,2,6782.7,7052.46,3113.2000000000007,0.296875,6270,639,COAa,COA,96,left,0
6271,6272,2,6781.74,7051.5,3114.8,0.32421875,6271,639,COAa,COA,96,left,0
6272,6273,2,6780.66,7050.2,3115.58,0.515625,6272,639,COAa,COA,96,left,0
6273,6274,2,6780.36,7047.799999999999,3116.58,0.4609375,6273,639,COAa,COA,96,left,0
6274,6275,2,6781.34,7045.58,3118.0,0.40625,6274,639,COAa,COA,96,left,0
6275,6276,2,6782.86,7044.86,3119.08,0.73046875,6275,639,COAa,COA,96,left,0
6276,6277,2,6783.8,7039.04,3120.800000000001,0.43359375,6276,639,COAa,COA,96,left,0
6277,6278,2,6783.780000000001,7037.200000000001,3121.34,0.48828125,6277,639,COAa,COA,96,left,0
6278,6279,2,6783.84,7035.66,3122.7000000000007,0.37890625,6278,639,COAa,COA,96,left,0
6279,6280,2,6784.06,7033.339999999999,3125.82,0.296875,6279,639,COAa,COA,96,left,0
6280,6281,2,6783.76,7032.960000000001,3127.3600000000006,0.62109375,6280,639,COAa,COA,96,left,0
6281,6282,2,6782.42,7032.56,3128.6399999999994,0.43359375,6281,639,COAa,COA,96,left,0
6282,6283,2,6781.38,7031.219999999999,3130.460000000001,0.0078125,6282,639,COAa,COA,96,left,0
6283,6284,2,6780.14,7030.04,3131.960000000001,0.48828125,6283,639,COAa,COA,96,left,0
6284,6285,2,6780.16,7028.540000000001,3134.48,0.32421875,6284,639,COAa,COA,96,left,0
6285,6286,2,6780.259999999999,7027.08,3136.74,0.48828125,6285,639,COAa,COA,96,left,0
6286,6287,2,6779.8,7025.879999999999,3138.34,0.37890625,6286,639,COAa,COA,96,left,0
6287,6288,2,6779.52,7024.26,3141.2000000000007,0.515625,6287,639,COAa,COA,96,left,0
6288,6289,2,6779.56,7023.58,3143.66,0.19140625,6288,639,COAa,COA,96,left,0
6289,6290,2,6778.9800000000005,7023.08,3145.2800000000007,0.26953125,6289,639,COAa,COA,96,left,0
6290,6291,2,6778.92,7021.96,3147.5200000000004,0.21484375,6290,639,COAa,COA,96,left,0
6291,6292,2,6778.62,7020.34,3149.2800000000007,0.40625,6291,639,COAa,COA,96,left,0
6292,6293,2,6777.88,7018.400000000001,3150.7000000000007,0.48828125,6292,639,COAa,COA,96,left,0
6293,6294,2,6776.26,7016.799999999999,3152.140000000001,0.1640625,6293,639,COAa,COA,96,left,0
6294,6295,2,6775.04,7015.98,3153.039999999999,0.40625,6294,639,COAa,COA,96,left,0
6295,6296,2,6774.84,7015.14,3155.0200000000004,0.515625,6295,639,COAa,COA,96,left,0
6296,6297,2,6775.02,7014.48,3157.1000000000004,0.26953125,6296,639,COAa,COA,96,left,0
6297,6298,2,6774.9800000000005,7013.08,3160.0200000000004,0.32421875,6297,639,COAa,COA,96,left,0
6298,6299,2,6774.38,7012.28,3161.1800000000003,0.3515625,6298,639,COAa,COA,96,left,0
6299,6300,2,6774.38,7010.9400000000005,3163.379999999999,0.32421875,6299,639,COAa,COA,96,left,0
6300,6301,2,6774.9,7009.880000000001,3165.8600000000006,0.3515625,6300,639,COAa,COA,96,left,0
6301,6302,2,6775.68,7008.9800000000005,3166.98,0.3515625,6301,639,COAa,COA,96,left,0
6302,6303,2,6775.98,7007.5,3168.98,0.515625,6302,639,COAa,COA,96,left,0
6303,6304,2,6777.34,7005.36,3171.26,0.32421875,6303,639,COAa,COA,96,left,0
6304,6305,2,6778.52,7004.2,3172.6000000000004,0.3515625,6304,639,COAa,COA,96,left,0
6305,6306,2,6779.539999999999,7003.26,3173.4400000000005,0.32421875,6305,639,COAa,COA,96,left,0
6306,6307,2,6779.880000000001,7002.039999999999,3175.3599999999988,0.21484375,6306,639,COAa,COA,96,left,0
6307,6308,2,6780.1,7000.879999999999,3177.84,0.4609375,6307,639,COAa,COA,96,left,0
6308,6309,2,6780.58,7000.04,3179.8,0.40625,6308,639,COAa,COA,96,left,0
6309,6310,2,6781.42,6999.86,3180.539999999999,0.48828125,6309,639,COAa,COA,96,left,0
6310,6311,2,6782.02,6999.46,3182.84,0.43359375,6310,639,COAa,COA,96,left,0
6311,6312,2,6782.92,6999.04,3184.5,0.32421875,6311,639,COAa,COA,96,left,0
6312,6313,2,6783.0,6998.099999999999,3187.140000000001,0.32421875,6312,639,COAa,COA,96,left,0
6313,6314,2,6781.68,6997.4800000000005,3188.26,0.26953125,6313,639,COAa,COA,96,left,0
6314,6315,2,6781.32,6995.8,3190.66,0.37890625,6314,639,COAa,COA,96,left,0
6315,6316,2,6781.56,6994.04,3193.58,0.40625,6315,639,COAa,COA,96,left,0
6316,6317,2,6781.68,6992.68,3195.0599999999995,0.32421875,6316,639,COAa,COA,96,left,0
6317,6318,2,6782.14,6991.18,3196.98,0.43359375,6317,639,COAa,COA,96,left,0
6318,6319,2,6782.94,6989.880000000001,3198.2000000000007,0.32421875,6318,639,COAa,COA,96,left,0
6319,6320,2,6783.0,6987.06,3201.42,0.2421875,6319,639,COAa,COA,96,left,0
6320,6321,2,6782.4,6985.8,3202.8,0.43359375,6320,639,COAa,COA,96,left,0
6321,6322,2,6782.5,6983.46,3205.7000000000007,0.48828125,6321,639,COAa,COA,96,left,0
6322,6323,2,6782.68,6982.52,3207.58,0.32421875,6322,639,COAa,COA,96,left,0
6323,6324,2,6782.98,6980.66,3210.74,0.37890625,6323,639,COAa,COA,96,left,0
6324,6325,2,6783.12,6979.299999999999,3212.4800000000005,0.5703125,6324,639,COAa,COA,96,left,0
6325,6326,2,6785.0,6977.06,3213.6800000000003,0.1640625,6325,639,COAa,COA,96,left,0
6326,6327,2,6785.66,6974.32,3214.6799999999994,0.48828125,6326,639,COAa,COA,96,left,0
6327,6328,2,6786.900000000001,6973.099999999999,3215.119999999999,0.1640625,6327,639,COAa,COA,96,left,0
6328,6329,2,6788.26,6970.76,3216.040000000001,0.2421875,6328,639,COAa,COA,96,left,0
6329,6330,2,6789.299999999999,6969.099999999999,3216.74,0.54296875,6329,639,COAa,COA,96,left,0
6330,6331,2,6790.16,6966.54,3217.960000000001,0.32421875,6330,639,COAa,COA,96,left,0
6331,6332,2,6789.86,6964.539999999999,3219.1399999999994,0.26953125,6331,639,COAa,COA,96,left,0
6332,6333,2,6789.26,6963.12,3220.38,0.37890625,6332,639,COAa,COA,96,left,0
6333,6334,2,6789.82,6959.92,3223.32,0.2421875,6333,639,COAa,COA,96,left,0
6334,6335,2,6791.3,6957.92,3225.0199999999995,0.54296875,6334,639,COAa,COA,96,left,0
6335,6336,2,6792.94,6956.860000000001,3225.8,0.43359375,6335,639,COAa,COA,96,left,0
6336,6337,2,6794.76,6956.219999999999,3226.7200000000003,0.296875,6336,639,COAa,COA,96,left,0
6337,6338,2,6796.3,6955.460000000001,3228.2000000000007,0.40625,6337,639,COAa,COA,96,left,0
6338,6339,2,6796.96,6954.46,3230.44,0.296875,6338,639,COAa,COA,96,left,0
6339,6340,2,6797.5,6952.86,3232.94,0.48828125,6339,639,COAa,COA,96,left,0
6340,6341,2,6798.360000000001,6952.26,3234.28,0.48828125,6340,639,COAa,COA,96,left,0
6341,6342,2,6798.719999999999,6950.76,3236.5999999999995,0.2421875,6341,639,COAa,COA,96,left,0
6342,6343,2,6798.84,6949.26,3238.0,0.40625,6342,639,COAa,COA,96,left,0
6343,6344,2,6798.22,6948.360000000001,3239.3,0.48828125,6343,639,COAa,COA,96,left,0
6344,6345,2,6796.88,6947.240000000001,3240.34,0.296875,6344,639,COAa,COA,96,left,0
6345,6346,2,6795.06,6946.06,3241.82,0.48828125,6345,639,COAa,COA,96,left,0
6346,6347,2,6794.42,6944.42,3243.32,0.1640625,6346,639,COAa,COA,96,left,0
6347,6348,2,6793.12,6942.26,3244.28,0.3515625,6347,639,COAa,COA,96,left,0
6348,6349,2,6792.28,6939.56,3244.9,0.4609375,6348,639,COAa,COA,96,left,0
6349,6350,2,6791.54,6939.18,3245.2200000000003,0.6484375,6349,639,COAa,COA,96,left,0
6350,6351,2,6584.700000000001,7189.719999999999,3177.26,0.00390625,6240,639,COAa,COA,97,left,0
6351,6352,2,6584.92,7191.4800000000005,3178.76,0.43359375,6351,639,COAa,COA,97,left,0
6352,6353,2,6584.18,7192.759999999999,3180.1800000000003,0.3515625,6352,639,COAa,COA,97,left,0
6353,6354,2,6582.64,7194.52,3181.24,0.21484375,6353,639,COAa,COA,97,left,0
6354,6355,2,6581.459999999999,7195.66,3181.5200000000004,0.26953125,6354,639,COAa,COA,97,left,1
6355,6356,2,6582.3,7188.64,3177.039999999999,0.015625,6240,639,COAa,COA,98,left,0
6356,6357,2,6580.320000000001,7189.880000000001,3177.0200000000004,0.19140625,6356,639,COAa,COA,98,left,0
6357,6358,2,6578.48,7191.16,3177.34,0.1640625,6357,639,COAa,COA,98,left,0
6358,6359,2,6576.06,7192.94,3177.3,0.40625,6358,639,COAa,COA,98,left,0
6359,6360,2,6574.700000000001,7194.679999999999,3176.84,0.4609375,6359,639,COAa,COA,98,left,0
6360,6361,2,6573.24,7197.06,3176.42,0.26953125,6360,639,COAa,COA,98,left,0
6361,6362,2,6571.72,7198.32,3176.58,0.40625,6361,639,COAa,COA,98,left,0
6362,6363,2,6569.02,7200.24,3177.3,0.26953125,6362,639,COAa,COA,98,left,0
6363,6364,2,6566.98,7201.68,3177.42,0.54296875,6363,639,COAa,COA,98,left,0
6364,6365,2,6565.700000000001,7202.74,3176.32,0.59765625,6364,639,COAa,COA,98,left,0
6365,6366,2,6563.139999999999,7202.92,3175.34,0.62109375,6365,639,COAa,COA,98,left,0
6366,6367,2,6561.040000000001,7202.960000000001,3175.040000000001,0.3515625,6366,639,COAa,COA,98,left,1
6367,6368,2,6791.799999999999,6938.7,3246.7,0.00390625,6350,639,COAa,COA,99,left,0
6368,6369,2,6793.9800000000005,6938.780000000001,3247.42,0.40625,6368,639,COAa,COA,99,left,0
6369,6370,2,6795.460000000001,6938.719999999999,3248.6400000000003,0.48828125,6369,639,COAa,COA,99,left,0
6370,6371,2,6796.860000000001,6937.960000000001,3249.92,0.32421875,6370,639,COAa,COA,99,left,0
6371,6372,2,6798.66,6936.76,3251.7200000000003,0.62109375,6371,639,COAa,COA,99,left,0
6372,6373,2,6799.679999999999,6935.299999999999,3253.379999999999,1.02734375,6372,639,COAa,COA,99,left,0
6373,6374,2,6801.2,6934.56,3253.72,0.54296875,6373,639,COAa,COA,99,left,1
6374,6375,2,6790.78,6938.0,3245.82,0.01171875,6350,639,COAa,COA,100,left,0
6375,6376,2,6790.04,6933.3,3246.7200000000003,0.43359375,6375,639,COAa,COA,100,left,0
6376,6377,2,6790.06,6931.219999999999,3247.54,0.26953125,6376,639,COAa,COA,100,left,0
6377,6378,2,6790.96,6929.06,3249.539999999999,0.32421875,6377,639,COAa,COA,100,left,0
6378,6379,2,6792.179999999999,6927.14,3250.5999999999995,0.40625,6378,639,COAa,COA,100,left,0
6379,6380,2,6793.02,6924.5,3250.5999999999995,0.26953125,6379,639,COAa,COA,100,left,0
6380,6381,2,6794.139999999999,6922.74,3250.8399999999992,0.32421875,6380,639,COAa,COA,100,left,0
6381,6382,2,6795.320000000001,6921.38,3251.36,0.2421875,6381,639,COAa,COA,100,left,0
6382,6383,2,6796.82,6920.24,3251.6800000000003,0.37890625,6382,639,COAa,COA,100,left,0
6383,6384,2,6797.9,6918.3,3252.8,0.43359375,6383,639,COAa,COA,100,left,0
6384,6385,2,6799.24,6916.12,3254.66,0.32421875,6384,639,COAa,COA,100,left,0
6385,6386,2,6799.8,6914.08,3256.78,0.48828125,6385,639,COAa,COA,100,left,0
6386,6387,2,6800.18,6912.619999999999,3257.54,0.19140625,6386,639,COAa,COA,100,left,0
6387,6388,2,6801.3,6910.839999999999,3257.3,0.2421875,6387,639,COAa,COA,100,left,0
6388,6389,2,6802.179999999999,6909.56,3255.7200000000003,0.48828125,6388,639,COAa,COA,100,left,0
6389,6390,2,6802.56,6908.48,3252.94,0.48828125,6389,639,COAa,COA,100,left,0
6390,6391,2,6803.66,6906.96,3251.6399999999994,0.2421875,6390,639,COAa,COA,100,left,0
6391,6392,2,6804.9800000000005,6905.18,3251.620000000001,0.921875,6391,639,COAa,COA,100,left,0
6392,6393,2,6807.5,6904.46,3251.620000000001,0.40625,6392,639,COAa,COA,100,left,1
