,ID,type,AP,DV,ML,R,parent,area_ID,area_name,name_use,bratch_ID,side,terminal
0,1,1,7266.7,5684.62,2682.34,2.1328125,-1,303,BLAa,BLA,1,left,0
1,2,3,7267.92,5685.98,2681.0,0.0546875,1,303,BLAa,BLA,1,left,0
2,3,3,7271.02,5686.44,2679.379999999999,4.4609375,2,303,BLAa,BLA,1,left,0
3,4,3,7273.26,5686.22,2679.4400000000005,4.40234375,3,303,BLAa,BLA,1,left,0
4,5,3,7275.08,5686.04,2679.5,4.19921875,4,303,BLAa,BLA,1,left,0
5,6,3,7273.98,5684.1,2679.24,0.02734375,5,303,BLAa,BLA,1,left,0
6,7,3,7273.68,5680.76,2679.76,4.83984375,6,303,BLAa,BLA,1,left,0
38,39,3,7272.0,5680.76,2679.76,0.80859375,7,303,BLAa,BLA,3,left,0
39,40,3,7269.76,5680.96,2679.7000000000007,3.12109375,39,303,BLAa,BLA,3,left,0
40,41,3,7267.2,5681.54,2679.540000000001,2.91796875,40,303,BLAa,BLA,3,left,0
41,42,3,7265.38,5683.12,2678.98,3.4140625,41,303,BLAa,BLA,3,left,0
42,43,3,7274.22,5680.62,2682.72,0.12109375,7,303,BLAa,BLA,4,left,0
43,44,3,7275.2,5680.58,2684.4400000000005,4.98828125,43,303,BLAa,BLA,4,left,0
44,45,3,7275.58,5679.26,2685.84,5.3359375,44,303,BLAa,BLA,4,left,0
45,46,3,7276.46,5676.78,2686.5200000000004,3.6171875,45,303,BLAa,BLA,4,left,0
46,47,3,7278.18,5675.68,2687.7000000000007,3.47265625,46,303,BLAa,BLA,4,left,0
47,48,3,7280.32,5673.04,2689.08,2.625,47,303,BLAa,BLA,4,left,0
48,49,3,7282.98,5670.62,2689.6399999999994,2.01171875,48,303,BLAa,BLA,4,left,0
49,50,3,7285.36,5669.34,2689.9400000000005,1.48828125,49,303,BLAa,BLA,4,left,0
50,51,3,7285.86,5667.14,2690.4400000000005,1.13671875,50,303,BLAa,BLA,4,left,0
117,118,3,7262.68,5685.14,2678.72,0.0625,42,303,BLAa,BLA,7,left,0
118,119,3,7268.08,5682.98,2679.24,0.1875,42,303,BLAa,BLA,8,left,0
119,120,3,7271.26,5682.64,2679.1399999999994,3.5,119,303,BLAa,BLA,8,left,0
120,121,3,7272.52,5682.48,2678.1399999999994,2.91796875,120,303,BLAa,BLA,8,left,0
121,122,3,7274.56,5682.0,2676.76,1.89453125,121,303,BLAa,BLA,8,left,0
122,123,3,7276.38,5680.92,2675.0200000000004,0.640625,122,303,BLAa,BLA,8,left,0
123,124,3,7277.74,5680.46,2673.16,0.84765625,123,303,BLAa,BLA,8,left,0
124,125,3,7278.56,5680.32,2671.76,0.015625,124,303,BLAa,BLA,8,left,0
125,126,3,7281.16,5679.76,2671.08,0.49609375,125,303,BLAa,BLA,8,left,0
126,127,3,7282.6,5679.04,2669.5,0.5546875,126,303,BLAa,BLA,8,left,0
127,128,3,7284.48,5678.36,2668.6800000000003,0.5234375,127,303,BLAa,BLA,8,left,0
128,129,3,7285.2,5678.1,2667.0599999999995,0.49609375,128,303,BLAa,BLA,8,left,0
129,130,3,7287.0,5677.88,2666.42,0.671875,129,303,BLAa,BLA,8,left,0
130,131,3,7288.86,5676.86,2664.6000000000004,0.41015625,130,303,BLAa,BLA,8,left,0
131,132,3,7289.98,5675.66,2663.48,0.17578125,131,303,BLAa,BLA,8,left,0
132,133,3,7290.42,5673.6,2662.3,0.3515625,132,303,BLAa,BLA,8,left,0
133,134,3,7290.22,5671.58,2660.8600000000006,0.3515625,133,303,BLAa,BLA,8,left,0
134,135,3,7291.1,5669.3,2659.76,0.3515625,134,303,BLAa,BLA,8,left,0
135,136,3,7292.82,5667.58,2659.22,0.3515625,135,303,BLAa,BLA,8,left,0
136,137,3,7295.28,5666.56,2658.5200000000004,0.3515625,136,303,BLAa,BLA,8,left,0
137,138,3,7298.34,5665.0,2658.6399999999994,0.640625,137,303,BLAa,BLA,8,left,0
138,139,3,7300.58,5664.12,2658.22,0.58203125,138,303,BLAa,BLA,8,left,0
139,140,3,7304.2,5663.36,2657.58,0.0078125,139,303,BLAa,BLA,8,left,0
140,141,3,7304.92,5661.82,2656.0200000000004,0.37890625,140,303,BLAa,BLA,8,left,0
141,142,3,7306.48,5660.46,2654.1000000000004,0.46484375,141,303,BLAa,BLA,8,left,0
142,143,3,7306.72,5658.44,2652.0599999999995,0.4375,142,303,BLAa,BLA,8,left,0
143,144,3,7307.62,5657.06,2651.2800000000007,0.671875,143,303,BLAa,BLA,8,left,0
144,145,3,7309.84,5656.48,2650.7800000000007,0.7578125,144,303,BLAa,BLA,8,left,0
145,146,3,7312.14,5656.18,2650.7800000000007,0.875,145,303,BLAa,BLA,8,left,0
146,147,3,7314.28,5655.9,2650.0200000000004,0.03125,146,303,BLAa,BLA,8,left,0
147,148,3,7317.16,5655.52,2649.5200000000004,0.58203125,147,303,BLAa,BLA,8,left,0
148,149,3,7318.6,5654.92,2649.1000000000004,0.41015625,148,303,BLAa,BLA,8,left,0
149,150,3,7320.44,5653.0,2648.58,0.3515625,149,303,BLAa,BLA,8,left,0
150,151,3,7322.1,5651.02,2647.84,0.41015625,150,303,BLAa,BLA,8,left,0
151,152,3,7322.64,5648.74,2646.22,0.58203125,151,303,BLAa,BLA,8,left,0
152,153,3,7324.36,5646.9,2645.8,0.7578125,152,303,BLAa,BLA,8,left,0
153,154,3,7326.7,5645.9,2645.9400000000005,0.875,153,303,BLAa,BLA,8,left,0
154,155,3,7285.82,5662.48,2690.98,0.0078125,51,303,BLAa,BLA,9,left,0
155,156,3,7286.1,5658.7,2690.879999999999,1.13671875,155,303,BLAa,BLA,9,left,0
156,157,3,7286.7,5657.2,2689.9,0.7890625,156,303,BLAa,BLA,9,left,0
157,158,3,7288.34,5656.58,2688.74,0.875,157,303,BLAa,BLA,9,left,0
158,159,3,7291.2,5655.62,2688.6000000000004,0.875,158,303,BLAa,BLA,9,left,0
159,160,3,7293.54,5653.0,2688.84,0.7578125,159,303,BLAa,BLA,9,left,0
160,161,3,7295.38,5651.22,2688.98,0.61328125,160,303,BLAa,BLA,9,left,0
161,162,3,7295.56,5645.92,2690.0200000000004,0.4375,161,303,BLAa,BLA,9,left,0
162,163,3,7296.26,5643.9,2690.24,0.7578125,162,303,BLAa,BLA,9,left,0
163,164,3,7298.96,5641.98,2690.540000000001,0.90234375,163,303,BLAa,BLA,9,left,0
164,165,3,7300.38,5640.2,2690.959999999999,0.81640625,164,303,BLAa,BLA,9,left,0
165,166,3,7283.6,5667.56,2691.040000000001,0.03125,51,303,BLAa,BLA,10,left,0
166,167,3,7283.76,5668.02,2694.040000000001,0.46484375,166,303,BLAa,BLA,10,left,0
167,168,3,7283.56,5668.12,2695.48,0.84765625,167,303,BLAa,BLA,10,left,0
168,169,3,7281.58,5668.32,2695.879999999999,0.73046875,168,303,BLAa,BLA,10,left,0
169,170,3,7280.34,5668.06,2697.16,0.3203125,169,303,BLAa,BLA,10,left,0
170,171,3,7280.2,5668.58,2699.379999999999,0.3515625,170,303,BLAa,BLA,10,left,0
171,172,3,7279.38,5669.46,2700.8,0.4375,171,303,BLAa,BLA,10,left,0
172,173,3,7278.54,5671.18,2701.2800000000007,0.5546875,172,303,BLAa,BLA,10,left,0
173,174,3,7278.44,5673.62,2701.620000000001,0.671875,173,303,BLAa,BLA,10,left,0
174,175,3,7277.58,5676.34,2701.959999999999,0.4375,174,303,BLAa,BLA,10,left,0
175,176,3,7276.12,5677.72,2702.3600000000006,0.5546875,175,303,BLAa,BLA,10,left,0
176,177,3,7273.14,5678.7,2703.1800000000003,0.46484375,176,303,BLAa,BLA,10,left,0
177,178,3,7271.18,5679.58,2703.7000000000007,0.49609375,177,303,BLAa,BLA,10,left,0
178,179,3,7269.24,5680.64,2703.82,0.640625,178,303,BLAa,BLA,10,left,0
179,180,3,7268.9,5681.84,2704.4,0.81640625,179,303,BLAa,BLA,10,left,0
180,181,3,7266.64,5681.88,2704.3600000000006,0.08984375,180,303,BLAa,BLA,10,left,0
181,182,3,7264.34,5682.8,2704.879999999999,0.5546875,181,303,BLAa,BLA,10,left,0
182,183,3,7263.56,5683.92,2706.22,0.29296875,182,303,BLAa,BLA,10,left,0
183,184,3,7261.76,5685.16,2706.74,0.3515625,183,303,BLAa,BLA,10,left,0
184,185,3,7259.28,5686.6,2707.5200000000004,0.58203125,184,303,BLAa,BLA,10,left,0
185,186,3,7257.66,5689.0,2708.5200000000004,0.4375,185,303,BLAa,BLA,10,left,0
186,187,3,7256.48,5690.76,2709.72,0.69921875,186,303,BLAa,BLA,10,left,0
187,188,3,7254.22,5692.14,2710.4400000000005,0.17578125,187,303,BLAa,BLA,10,left,0
188,189,3,7253.74,5693.3,2711.66,0.671875,188,303,BLAa,BLA,10,left,0
189,190,3,7254.02,5694.5,2713.8,0.203125,189,303,BLAa,BLA,10,left,0
190,191,3,7254.14,5695.54,2715.3,0.29296875,190,303,BLAa,BLA,10,left,0
191,192,3,7252.86,5696.48,2715.8600000000006,0.61328125,191,303,BLAa,BLA,10,left,0
192,193,3,7250.76,5698.8,2716.26,0.5546875,192,303,BLAa,BLA,10,left,0
193,194,3,7249.06,5700.44,2717.08,0.5234375,193,303,BLAa,BLA,10,left,0
194,195,3,7248.12,5702.48,2718.9400000000005,0.671875,194,303,BLAa,BLA,10,left,0
195,196,3,7246.9,5703.38,2720.0200000000004,0.4375,195,303,BLAa,BLA,10,left,0
196,197,3,7244.48,5704.02,2721.0,0.203125,196,303,BLAa,BLA,10,left,0
197,198,3,7243.18,5705.32,2721.9400000000005,0.3515625,197,303,BLAa,BLA,10,left,0
198,199,3,7242.7,5706.0,2723.34,0.93359375,198,303,BLAa,BLA,10,left,0
199,200,3,7240.98,5706.24,2723.98,0.875,199,303,BLAa,BLA,10,left,0
543,544,3,7258.78,5686.22,2678.459999999999,0.00390625,118,303,BLAa,BLA,15,left,0
544,545,3,7257.5,5687.3,2678.22,3.87890625,544,303,BLAa,BLA,15,left,0
545,546,3,7262.08,5685.34,2676.0200000000004,0.00390625,118,303,BLAa,BLA,16,left,0
546,547,3,7261.28,5685.04,2674.379999999999,1.515625,546,303,BLAa,BLA,16,left,0
547,548,3,7260.26,5683.26,2674.1000000000004,0.61328125,547,303,BLAa,BLA,16,left,0
548,549,3,7258.4,5681.46,2672.6399999999994,0.5234375,548,303,BLAa,BLA,16,left,0
549,550,3,7256.24,5680.86,2672.0,0.29296875,549,303,BLAa,BLA,16,left,0
550,551,3,7254.26,5680.12,2671.040000000001,0.26171875,550,303,BLAa,BLA,16,left,0
551,552,3,7253.5,5678.5,2669.1800000000003,0.69921875,551,303,BLAa,BLA,16,left,0
552,553,3,7253.14,5677.68,2666.26,0.7890625,552,303,BLAa,BLA,16,left,0
553,554,3,7253.86,5677.54,2663.84,0.640625,553,303,BLAa,BLA,16,left,0
554,555,3,7255.98,5676.36,2661.82,0.5234375,554,303,BLAa,BLA,16,left,0
555,556,3,7257.44,5675.02,2660.66,0.46484375,555,303,BLAa,BLA,16,left,0
556,557,3,7258.42,5673.58,2657.959999999999,0.37890625,556,303,BLAa,BLA,16,left,0
557,558,3,7258.68,5672.4,2656.22,0.58203125,557,303,BLAa,BLA,16,left,0
558,559,3,7259.54,5670.96,2654.540000000001,0.3515625,558,303,BLAa,BLA,16,left,0
559,560,3,7261.18,5669.64,2653.0599999999995,0.46484375,559,303,BLAa,BLA,16,left,0
560,561,3,7262.06,5668.34,2651.6800000000003,0.49609375,560,303,BLAa,BLA,16,left,0
561,562,3,7263.46,5667.1,2650.879999999999,0.5546875,561,303,BLAa,BLA,16,left,0
562,563,3,7263.5,5665.94,2648.58,0.3515625,562,303,BLAa,BLA,16,left,0
563,564,3,7263.76,5664.38,2646.9,0.4375,563,303,BLAa,BLA,16,left,0
564,565,3,7266.26,5662.92,2645.9400000000005,0.5234375,564,303,BLAa,BLA,16,left,0
565,566,3,7267.32,5662.42,2644.120000000001,0.37890625,565,303,BLAa,BLA,16,left,0
566,567,3,7269.56,5661.78,2643.0599999999995,0.41015625,566,303,BLAa,BLA,16,left,0
567,568,3,7270.62,5661.36,2641.58,0.640625,567,303,BLAa,BLA,16,left,0
568,569,3,7272.82,5660.68,2641.16,0.3515625,568,303,BLAa,BLA,16,left,0
569,570,3,7273.84,5659.9,2640.08,0.49609375,569,303,BLAa,BLA,16,left,0
570,571,3,7273.68,5659.28,2638.72,0.3515625,570,303,BLAa,BLA,16,left,0
571,572,3,7274.98,5658.68,2637.540000000001,0.49609375,571,303,BLAa,BLA,16,left,0
572,573,3,7277.26,5657.72,2637.0599999999995,0.61328125,572,303,BLAa,BLA,16,left,0
573,574,3,7278.74,5657.34,2636.0599999999995,0.5546875,573,303,BLAa,BLA,16,left,0
574,575,3,7279.4,5657.0,2633.72,0.73046875,574,303,BLAa,BLA,16,left,0
575,576,3,7280.22,5656.5,2632.3,0.4375,575,303,BLAa,BLA,16,left,0
576,577,3,7282.48,5656.18,2631.16,0.7578125,576,303,BLAa,BLA,16,left,0
577,578,3,7283.68,5656.02,2629.26,0.234375,577,303,BLAa,BLA,16,left,0
578,579,3,7285.0,5655.54,2628.5,0.69921875,578,303,BLAa,BLA,16,left,0
579,580,3,7284.74,5654.66,2625.0,1.2265625,579,303,BLAa,BLA,16,left,0
580,581,3,7284.48,5655.02,2622.6000000000004,0.640625,580,303,BLAa,BLA,16,left,0
581,582,3,7287.44,5654.88,2622.5200000000004,0.03515625,581,303,BLAa,BLA,16,left,0
582,583,3,7289.1,5654.7,2621.5599999999995,0.81640625,582,303,BLAa,BLA,16,left,0
583,584,3,7289.32,5654.48,2620.5200000000004,0.73046875,583,303,BLAa,BLA,16,left,0
584,585,3,7288.88,5654.04,2616.5,0.46484375,584,303,BLAa,BLA,16,left,0
585,586,3,7288.74,5654.04,2615.2000000000007,0.49609375,585,303,BLAa,BLA,16,left,0
586,587,3,7289.96,5653.92,2614.6399999999994,0.41015625,586,303,BLAa,BLA,16,left,0
587,588,3,7292.42,5653.34,2614.7000000000007,0.61328125,587,303,BLAa,BLA,16,left,0
588,589,3,7293.62,5652.42,2613.8600000000006,0.4375,588,303,BLAa,BLA,16,left,0
589,590,3,7293.7,5651.32,2611.6399999999994,0.5234375,589,303,BLAa,BLA,16,left,0
590,591,3,7294.3,5650.44,2609.72,0.46484375,590,303,BLAa,BLA,16,left,0
591,592,3,7295.42,5650.18,2608.5200000000004,0.58203125,591,303,BLAa,BLA,16,left,0
592,593,3,7298.12,5649.72,2608.32,0.4375,592,303,BLAa,BLA,16,left,0
593,594,3,7299.56,5648.86,2608.040000000001,0.41015625,593,303,BLAa,BLA,16,left,0
594,595,3,7300.22,5648.36,2605.120000000001,0.671875,594,303,BLAa,BLA,16,left,0
595,596,3,7300.26,5648.36,2603.6399999999994,0.49609375,595,303,BLAa,BLA,16,left,0
596,597,3,7301.56,5648.1,2602.82,0.46484375,596,303,BLAa,BLA,16,left,0
597,598,3,7303.22,5647.2,2601.6399999999994,0.4375,597,303,BLAa,BLA,16,left,0
598,599,3,7304.68,5646.56,2598.7800000000007,0.671875,598,303,BLAa,BLA,16,left,0
599,600,3,7305.34,5646.18,2597.22,0.3515625,599,303,BLAa,BLA,16,left,0
600,601,3,7308.44,5645.58,2597.3600000000006,0.01953125,600,303,BLAa,BLA,16,left,0
601,602,3,7310.5,5645.3,2597.24,0.7578125,601,303,BLAa,BLA,16,left,0
602,603,3,7310.28,5645.34,2593.2000000000007,0.3515625,602,303,BLAa,BLA,16,left,0
603,604,3,7310.9,5645.28,2591.9400000000005,0.41015625,603,303,BLAa,BLA,16,left,0
604,605,3,7313.9,5644.92,2591.7800000000007,0.49609375,604,303,BLAa,BLA,16,left,0
605,606,3,7315.8,5644.7,2591.0,0.640625,605,303,BLAa,BLA,16,left,0
606,607,3,7316.12,5644.4,2589.22,0.5234375,606,303,BLAa,BLA,16,left,0
607,608,3,7315.76,5644.06,2585.6800000000003,0.69921875,607,303,BLAa,BLA,16,left,0
608,609,3,7315.62,5643.42,2584.34,0.49609375,608,303,BLAa,BLA,16,left,0
609,610,3,7315.36,5643.02,2581.8,0.29296875,609,303,BLAa,BLA,16,left,0
610,611,3,7315.22,5641.34,2580.58,0.37890625,610,303,BLAa,BLA,16,left,0
611,612,3,7314.8,5639.2,2580.08,0.640625,611,303,BLAa,BLA,16,left,0
612,613,3,7313.2,5637.84,2579.72,0.3515625,612,303,BLAa,BLA,16,left,0
613,614,3,7311.94,5636.04,2579.040000000001,0.17578125,613,303,BLAa,BLA,16,left,0
614,615,3,7310.52,5633.56,2577.0,0.640625,614,303,BLAa,BLA,16,left,0
615,616,3,7309.64,5631.64,2576.1000000000004,0.3515625,615,303,BLAa,BLA,16,left,0
616,617,3,7308.54,5629.6,2575.42,0.3515625,616,303,BLAa,BLA,16,left,0
617,618,3,7308.18,5627.88,2574.1399999999994,0.3203125,617,303,BLAa,BLA,16,left,0
618,619,3,7308.0,5625.8,2572.3600000000006,0.26171875,618,303,BLAa,BLA,16,left,0
619,620,3,7307.86,5623.16,2570.76,0.69921875,619,303,BLAa,BLA,16,left,0
620,621,3,7307.82,5621.02,2570.34,0.49609375,620,303,BLAa,BLA,16,left,0
621,622,3,7307.64,5617.96,2568.66,0.46484375,621,303,BLAa,BLA,16,left,0
622,623,3,7306.78,5616.48,2567.6399999999994,0.49609375,622,303,BLAa,BLA,16,left,0
623,624,3,7306.22,5613.3,2566.8600000000006,0.5234375,623,303,BLAa,BLA,16,left,0
624,625,3,7306.2,5610.44,2566.5599999999995,0.46484375,624,303,BLAa,BLA,16,left,0
625,626,3,7306.24,5606.14,2566.7000000000007,0.3203125,625,303,BLAa,BLA,16,left,0
626,627,3,7306.3,5601.66,2566.9400000000005,0.37890625,626,303,BLAa,BLA,16,left,0
627,628,3,7306.5,5598.6,2566.58,0.5234375,627,303,BLAa,BLA,16,left,0
628,629,3,7308.28,5596.88,2566.08,0.203125,628,303,BLAa,BLA,16,left,0
629,630,3,7312.52,5595.84,2565.620000000001,0.73046875,629,303,BLAa,BLA,16,left,0
630,631,3,7314.08,5595.68,2564.7000000000007,0.3515625,630,303,BLAa,BLA,16,left,0
631,632,3,7316.86,5595.36,2563.76,0.5234375,631,303,BLAa,BLA,16,left,0
632,633,3,7319.7,5594.66,2563.2800000000007,0.26171875,632,303,BLAa,BLA,16,left,0
633,634,3,7320.92,5593.94,2562.1800000000003,0.5546875,633,303,BLAa,BLA,16,left,0
634,635,3,7322.12,5593.58,2559.98,0.90234375,634,303,BLAa,BLA,16,left,0
635,636,3,7322.42,5593.6,2557.9400000000005,0.640625,635,303,BLAa,BLA,16,left,0
636,637,3,7324.42,5592.54,2557.4,0.5234375,636,303,BLAa,BLA,16,left,0
637,638,3,7325.64,5590.98,2556.5599999999995,0.5546875,637,303,BLAa,BLA,16,left,0
638,639,3,7326.26,5589.68,2555.4,0.49609375,638,303,BLAa,BLA,16,left,0
639,640,3,7328.34,5588.34,2554.92,0.5234375,639,303,BLAa,BLA,16,left,0
640,641,3,7329.34,5586.72,2554.32,0.3515625,640,303,BLAa,BLA,16,left,0
641,642,3,7329.32,5584.54,2553.82,0.4375,641,303,BLAa,BLA,16,left,0
642,643,3,7329.46,5580.74,2554.5200000000004,0.41015625,642,303,BLAa,BLA,16,left,0
643,644,3,7330.52,5577.88,2555.3,0.00390625,643,303,BLAa,BLA,16,left,0
644,645,3,7332.62,5576.62,2555.24,0.5546875,644,303,BLAa,BLA,16,left,0
645,646,3,7335.46,5575.8,2555.24,0.3515625,645,303,BLAa,BLA,16,left,0
646,647,3,7337.16,5574.3,2554.84,0.41015625,646,303,BLAa,BLA,16,left,0
647,648,3,7337.64,5573.44,2553.6399999999994,0.46484375,647,303,BLAa,BLA,16,left,0
648,649,3,7340.28,5571.86,2553.22,0.234375,648,303,BLAa,BLA,16,left,0
649,650,3,7342.12,5569.84,2552.92,0.5234375,649,303,BLAa,BLA,16,left,0
650,651,3,7344.46,5568.64,2553.16,0.46484375,650,303,BLAa,BLA,16,left,1
651,652,3,7327.68,5644.56,2644.9400000000005,0.00390625,154,303,BLAa,BLA,17,left,0
652,653,3,7327.94,5643.7,2641.6800000000003,0.671875,652,303,BLAa,BLA,17,left,0
653,654,3,7327.72,5642.76,2639.5200000000004,0.37890625,653,303,BLAa,BLA,17,left,0
654,655,3,7327.46,5640.42,2637.0200000000004,0.5234375,654,303,BLAa,BLA,17,left,0
655,656,3,7327.1,5637.94,2635.32,0.5546875,655,303,BLAa,BLA,17,left,0
656,657,3,7326.2,5636.94,2634.1399999999994,0.37890625,656,303,BLAa,BLA,17,left,0
657,658,3,7325.76,5635.28,2632.24,0.37890625,657,303,BLAa,BLA,17,left,0
658,659,3,7325.58,5633.54,2630.48,0.234375,658,303,BLAa,BLA,17,left,0
659,660,3,7325.28,5632.74,2627.620000000001,0.46484375,659,303,BLAa,BLA,17,left,0
660,661,3,7325.46,5632.7,2626.22,0.46484375,660,303,BLAa,BLA,17,left,0
661,662,3,7326.92,5632.42,2625.5599999999995,0.29296875,661,303,BLAa,BLA,17,left,0
662,663,3,7327.4,5631.06,2623.9400000000005,0.5234375,662,303,BLAa,BLA,17,left,0
663,664,3,7327.7,5630.06,2621.540000000001,0.5546875,663,303,BLAa,BLA,17,left,0
664,665,3,7329.18,5628.48,2620.5,0.203125,664,303,BLAa,BLA,17,left,0
665,666,3,7329.36,5626.18,2618.58,0.46484375,665,303,BLAa,BLA,17,left,0
666,667,3,7329.34,5625.9,2618.48,0.078125,666,303,BLAa,BLA,17,left,0
667,668,3,7328.82,5626.16,2613.66,0.29296875,667,303,BLAa,BLA,17,left,0
668,669,3,7328.1,5627.18,2610.3600000000006,0.7578125,668,303,BLAa,BLA,17,left,0
669,670,3,7326.34,5627.32,2608.42,0.4375,669,303,BLAa,BLA,17,left,1
670,671,3,7330.12,5645.42,2645.4400000000005,0.015625,154,303,BLAa,BLA,18,left,0
671,672,3,7332.06,5645.12,2643.7000000000007,0.61328125,671,303,BLAa,BLA,18,left,0
672,673,3,7334.86,5644.7,2642.620000000001,0.58203125,672,303,BLAa,BLA,18,left,0
673,674,3,7337.12,5644.38,2642.120000000001,0.84765625,673,303,BLAa,BLA,18,left,0
674,675,3,7337.8,5643.64,2640.6000000000004,0.61328125,674,303,BLAa,BLA,18,left,0
675,676,3,7337.8,5642.48,2638.82,0.69921875,675,303,BLAa,BLA,18,left,0
676,677,3,7338.62,5641.08,2638.16,0.7578125,676,303,BLAa,BLA,18,left,0
677,678,3,7338.78,5638.36,2637.4,0.3515625,677,303,BLAa,BLA,18,left,0
678,679,3,7339.2,5637.1,2636.3,0.3203125,678,303,BLAa,BLA,18,left,0
679,680,3,7340.84,5636.16,2635.74,0.69921875,679,303,BLAa,BLA,18,left,0
680,681,3,7341.94,5633.84,2634.24,0.46484375,680,303,BLAa,BLA,18,left,0
681,682,3,7342.56,5631.86,2633.2000000000007,0.5234375,681,303,BLAa,BLA,18,left,0
682,683,3,7344.98,5629.94,2632.98,0.3515625,682,303,BLAa,BLA,18,left,0
683,684,3,7345.78,5628.62,2632.5,0.69921875,683,303,BLAa,BLA,18,left,0
684,685,3,7348.04,5626.84,2633.0599999999995,0.078125,684,303,BLAa,BLA,18,left,0
685,686,3,7349.54,5623.76,2633.5599999999995,0.61328125,685,303,BLAa,BLA,18,left,0
686,687,3,7350.1,5621.32,2632.3,0.41015625,686,303,BLAa,BLA,18,left,0
687,688,3,7350.8,5619.16,2631.2800000000007,0.49609375,687,303,BLAa,BLA,18,left,0
688,689,3,7352.0,5617.26,2630.459999999999,0.5234375,688,303,BLAa,BLA,18,left,0
689,690,3,7354.06,5616.92,2629.74,0.46484375,689,303,BLAa,BLA,18,left,0
690,691,3,7354.3,5616.9,2627.6399999999994,0.37890625,690,303,BLAa,BLA,18,left,0
691,692,3,7355.48,5616.68,2626.72,0.3203125,691,303,BLAa,BLA,18,left,0
692,693,3,7358.6,5615.7,2626.72,0.29296875,692,303,BLAa,BLA,18,left,0
693,694,3,7361.04,5614.34,2626.16,0.671875,693,303,BLAa,BLA,18,left,0
694,695,3,7361.74,5613.06,2624.72,0.37890625,694,303,BLAa,BLA,18,left,0
695,696,3,7363.58,5612.16,2624.16,0.3515625,695,303,BLAa,BLA,18,left,0
696,697,3,7365.12,5611.28,2623.379999999999,0.0078125,696,303,BLAa,BLA,18,left,0
697,698,3,7368.86,5610.22,2623.5,0.41015625,697,303,BLAa,BLA,18,left,0
698,699,3,7369.98,5609.3,2622.8,0.4375,698,303,BLAa,BLA,18,left,0
699,700,3,7370.34,5609.14,2621.1399999999994,0.640625,699,303,BLAa,BLA,18,left,0
700,701,3,7374.02,5608.42,2621.0599999999995,0.3515625,700,303,BLAa,BLA,18,left,0
701,702,3,7376.8,5607.14,2621.22,0.5546875,701,303,BLAa,BLA,18,left,0
702,703,3,7377.76,5605.12,2620.98,0.46484375,702,303,BLAa,BLA,18,left,0
703,704,3,7379.78,5602.84,2620.24,0.640625,703,303,BLAa,BLA,18,left,0
704,705,3,7380.84,5600.72,2619.58,0.203125,704,303,BLAa,BLA,18,left,0
705,706,3,7383.24,5600.3,2619.040000000001,0.01171875,705,303,BLAa,BLA,18,left,0
706,707,3,7384.2,5598.96,2618.66,0.5546875,706,303,BLAa,BLA,18,left,0
707,708,3,7384.94,5595.08,2618.620000000001,0.7890625,707,303,BLAa,BLA,18,left,0
708,709,3,7385.34,5592.78,2617.72,0.5234375,708,303,BLAa,BLA,18,left,0
709,710,3,7386.92,5591.54,2617.2800000000007,0.234375,709,303,BLAa,BLA,18,left,0
710,711,3,7387.66,5589.32,2617.0599999999995,0.9921875,710,303,BLAa,BLA,18,left,0
711,712,3,7389.12,5587.62,2616.4,0.5234375,711,303,BLAa,BLA,18,left,0
712,713,3,7390.82,5585.7,2615.76,0.41015625,712,303,BLAa,BLA,18,left,0
713,714,3,7393.02,5584.0,2615.48,0.46484375,713,303,BLAa,BLA,18,left,0
714,715,3,7396.5,5581.7,2615.42,0.3515625,714,303,BLAa,BLA,18,left,0
715,716,3,7398.8,5578.78,2615.48,0.58203125,715,303,BLAa,BLA,18,left,0
716,717,3,7400.64,5577.52,2615.22,0.46484375,716,303,BLAa,BLA,18,left,0
717,718,3,7403.86,5576.64,2614.2800000000007,0.61328125,717,303,BLAa,BLA,18,left,0
718,719,3,7406.5,5575.68,2613.379999999999,0.5546875,718,303,BLAa,BLA,18,left,0
719,720,3,7408.36,5574.58,2612.48,0.7890625,719,303,BLAa,BLA,18,left,0
720,721,3,7410.78,5572.52,2612.1399999999994,0.5234375,720,303,BLAa,BLA,18,left,0
721,722,3,7413.24,5569.78,2612.16,0.5546875,721,303,BLAa,BLA,18,left,0
722,723,3,7415.68,5567.86,2612.6000000000004,0.29296875,722,303,BLAa,BLA,18,left,0
723,724,3,7416.96,5566.22,2612.8,0.0078125,723,303,BLAa,BLA,18,left,0
724,725,3,7419.74,5564.68,2613.34,0.3515625,724,303,BLAa,BLA,18,left,0
725,726,3,7421.98,5563.92,2613.5200000000004,0.4375,725,303,BLAa,BLA,18,left,0
726,727,3,7422.7,5562.46,2612.84,0.81640625,726,303,BLAa,BLA,18,left,0
727,728,3,7422.76,5562.2,2610.040000000001,0.5234375,727,303,BLAa,BLA,18,left,0
728,729,3,7424.36,5561.96,2608.72,0.5546875,728,303,BLAa,BLA,18,left,0
729,730,3,7427.24,5561.48,2607.16,0.640625,729,303,BLAa,BLA,18,left,0
730,731,3,7428.78,5561.1,2605.74,0.671875,730,303,BLAa,BLA,18,left,0
731,732,3,7429.0,5560.72,2604.16,0.46484375,731,303,BLAa,BLA,18,left,0
732,733,3,7430.4,5560.44,2603.040000000001,0.7578125,732,303,BLAa,BLA,18,left,0
733,734,3,7433.16,5559.66,2602.6800000000003,0.41015625,733,303,BLAa,BLA,18,left,0
734,735,3,7434.68,5558.98,2602.16,0.29296875,734,303,BLAa,BLA,18,left,0
735,736,3,7437.08,5556.68,2602.4400000000005,0.640625,735,303,BLAa,BLA,18,left,0
736,737,3,7438.08,5553.9,2601.92,0.3203125,736,303,BLAa,BLA,18,left,0
737,738,3,7439.82,5551.98,2601.82,0.671875,737,303,BLAa,BLA,18,left,0
738,739,3,7441.48,5549.52,2602.5200000000004,0.01171875,738,303,BLAa,BLA,18,left,0
739,740,3,7442.38,5548.06,2601.76,0.7578125,739,303,BLAa,BLA,18,left,0
740,741,3,7442.68,5546.44,2599.98,0.49609375,740,303,BLAa,BLA,18,left,0
741,742,3,7442.74,5544.88,2599.48,0.671875,741,303,BLAa,BLA,18,left,0
742,743,3,7443.84,5543.86,2599.22,0.3203125,742,303,BLAa,BLA,18,left,0
743,744,3,7445.9,5543.3,2599.48,0.58203125,743,303,BLAa,BLA,18,left,0
744,745,3,7447.46,5543.0,2599.2800000000007,0.69921875,744,303,BLAa,BLA,18,left,0
745,746,3,7447.66,5541.18,2598.379999999999,0.90234375,745,303,BLAa,BLA,18,left,0
746,747,3,7447.98,5538.12,2598.42,0.7578125,746,303,BLAa,BLA,18,left,0
747,748,3,7450.02,5535.92,2599.08,0.49609375,747,303,BLAa,BLA,18,left,0
748,749,3,7452.58,5534.38,2599.540000000001,0.5234375,748,303,BLAa,BLA,18,left,0
749,750,3,7453.28,5532.8,2599.3,0.3203125,749,303,BLAa,BLA,18,left,0
750,751,3,7455.16,5530.62,2599.1000000000004,1.078125,750,303,BLAa,BLA,18,left,0
751,752,3,7457.3,5528.68,2599.42,0.61328125,751,303,BLAa,BLA,18,left,0
752,753,3,7459.96,5527.32,2599.3600000000006,0.37890625,752,303,BLAa,BLA,18,left,0
753,754,3,7460.78,5526.16,2599.42,0.671875,753,303,BLAa,BLA,18,left,0
754,755,3,7300.54,5636.28,2689.26,0.00390625,165,303,BLAa,BLA,19,left,0
755,756,3,7300.42,5633.6,2688.22,0.5546875,755,303,BLAa,BLA,19,left,0
756,757,3,7300.2,5632.24,2686.3600000000006,0.5546875,756,303,BLAa,BLA,19,left,0
757,758,3,7300.36,5630.66,2684.82,0.58203125,757,303,BLAa,BLA,19,left,0
758,759,3,7301.34,5629.52,2683.9400000000005,0.61328125,758,303,BLAa,BLA,19,left,0
759,760,3,7303.12,5627.46,2682.879999999999,0.41015625,759,303,BLAa,BLA,19,left,0
760,761,3,7304.6,5626.18,2682.0200000000004,0.4375,760,303,BLAa,BLA,19,left,0
761,762,3,7304.66,5624.18,2680.84,0.29296875,761,303,BLAa,BLA,19,left,0
762,763,3,7305.2,5622.64,2679.8600000000006,0.58203125,762,303,BLAa,BLA,19,left,0
763,764,3,7307.14,5621.64,2679.32,0.49609375,763,303,BLAa,BLA,19,left,0
764,765,3,7308.04,5620.58,2678.459999999999,0.5234375,764,303,BLAa,BLA,19,left,0
765,766,3,7308.22,5619.22,2676.66,0.58203125,765,303,BLAa,BLA,19,left,0
766,767,3,7308.92,5618.28,2675.6399999999994,0.61328125,766,303,BLAa,BLA,19,left,0
767,768,3,7309.4,5615.98,2674.379999999999,0.7578125,767,303,BLAa,BLA,19,left,0
768,769,3,7310.68,5614.98,2673.5,0.5546875,768,303,BLAa,BLA,19,left,0
769,770,3,7311.48,5613.92,2671.8,0.3515625,769,303,BLAa,BLA,19,left,0
770,771,3,7312.12,5612.34,2670.620000000001,0.49609375,770,303,BLAa,BLA,19,left,0
771,772,3,7313.22,5611.6,2668.7000000000007,0.37890625,771,303,BLAa,BLA,19,left,0
772,773,3,7315.0,5610.44,2668.120000000001,0.61328125,772,303,BLAa,BLA,19,left,0
773,774,3,7316.66,5609.2,2666.7800000000007,0.5234375,773,303,BLAa,BLA,19,left,0
774,775,3,7317.62,5607.96,2664.6800000000003,0.5234375,774,303,BLAa,BLA,19,left,0
775,776,3,7319.44,5606.94,2663.7800000000007,0.671875,775,303,BLAa,BLA,19,left,0
776,777,3,7320.62,5606.26,2662.0599999999995,0.37890625,776,303,BLAa,BLA,19,left,0
777,778,3,7320.84,5604.98,2660.5200000000004,0.5234375,777,303,BLAa,BLA,19,left,0
778,779,3,7322.06,5603.3,2659.32,0.5234375,778,303,BLAa,BLA,19,left,0
779,780,3,7322.82,5601.7,2657.0599999999995,0.9921875,779,303,BLAa,BLA,19,left,0
780,781,3,7324.4,5600.4,2656.26,1.05078125,780,303,BLAa,BLA,19,left,0
781,782,3,7325.66,5599.42,2654.92,1.13671875,781,303,BLAa,BLA,19,left,0
782,783,3,7327.94,5598.44,2653.8600000000006,0.7890625,782,303,BLAa,BLA,19,left,0
783,784,3,7331.56,5597.78,2652.76,0.5546875,783,303,BLAa,BLA,19,left,0
784,785,3,7333.2,5597.5,2651.3600000000006,0.41015625,784,303,BLAa,BLA,19,left,0
785,786,3,7301.14,5636.02,2693.620000000001,0.00390625,165,303,BLAa,BLA,20,left,0
786,787,3,7302.9,5634.56,2694.8,0.5234375,786,303,BLAa,BLA,20,left,0
787,788,3,7304.92,5631.44,2696.5200000000004,0.46484375,787,303,BLAa,BLA,20,left,0
788,789,3,7306.18,5628.24,2697.9400000000005,0.3515625,788,303,BLAa,BLA,20,left,0
789,790,3,7306.98,5624.46,2699.42,0.37890625,789,303,BLAa,BLA,20,left,0
790,791,3,7309.44,5622.14,2700.22,0.58203125,790,303,BLAa,BLA,20,left,0
791,792,3,7312.36,5619.58,2700.9,0.58203125,791,303,BLAa,BLA,20,left,0
792,793,3,7316.14,5616.42,2701.8600000000006,0.3203125,792,303,BLAa,BLA,20,left,0
793,794,3,7318.02,5613.8,2703.0599999999995,0.5546875,793,303,BLAa,BLA,20,left,0
794,795,3,7319.34,5610.18,2704.22,0.4375,794,303,BLAa,BLA,20,left,0
795,796,3,7321.44,5607.64,2704.8,0.234375,795,303,BLAa,BLA,20,left,0
796,797,3,7323.94,5606.48,2704.879999999999,0.37890625,796,303,BLAa,BLA,20,left,0
797,798,3,7326.66,5605.46,2705.1000000000004,0.4375,797,303,BLAa,BLA,20,left,0
798,799,3,7327.82,5603.62,2705.58,0.4375,798,303,BLAa,BLA,20,left,0
799,800,3,7330.16,5601.78,2706.120000000001,0.41015625,799,303,BLAa,BLA,20,left,0
800,801,3,7330.92,5600.3,2706.82,0.46484375,800,303,BLAa,BLA,20,left,0
801,802,3,7334.06,5597.62,2708.6800000000003,0.01171875,801,303,BLAa,BLA,20,left,0
802,803,3,7336.08,5596.06,2710.16,0.41015625,802,303,BLAa,BLA,20,left,0
803,804,3,7336.88,5594.32,2712.4400000000005,0.58203125,803,303,BLAa,BLA,20,left,0
804,805,3,7337.4,5591.5,2715.72,0.640625,804,303,BLAa,BLA,20,left,0
805,806,3,7337.78,5589.76,2718.2000000000007,1.05078125,805,303,BLAa,BLA,20,left,0
806,807,3,7338.22,5587.04,2720.120000000001,0.58203125,806,303,BLAa,BLA,20,left,0
807,808,3,7339.56,5585.6,2721.5200000000004,0.49609375,807,303,BLAa,BLA,20,left,0
808,809,3,7342.14,5583.76,2722.379999999999,0.41015625,808,303,BLAa,BLA,20,left,0
809,810,3,7343.32,5582.12,2723.72,0.234375,809,303,BLAa,BLA,20,left,0
810,811,3,7346.34,5580.62,2725.4400000000005,0.3515625,810,303,BLAa,BLA,20,left,0
811,812,3,7348.44,5579.74,2726.84,0.4375,811,303,BLAa,BLA,20,left,0
812,813,3,7350.04,5575.34,2728.1800000000003,0.37890625,812,303,BLAa,BLA,20,left,0
813,814,3,7350.62,5573.12,2728.76,0.93359375,813,303,BLAa,BLA,20,left,0
814,815,3,7352.84,5571.92,2729.1399999999994,0.81640625,814,303,BLAa,BLA,20,left,0
815,816,3,7354.56,5569.66,2730.6000000000004,0.671875,815,303,BLAa,BLA,20,left,0
816,817,3,7354.9,5567.9,2732.24,0.234375,816,303,BLAa,BLA,20,left,0
817,818,3,7355.82,5564.34,2734.32,1.109375,817,303,BLAa,BLA,20,left,0
818,819,3,7357.86,5561.74,2735.4,0.26171875,818,477,STR,STR,20,left,0
819,820,3,7238.62,5706.12,2724.4400000000005,0.0390625,200,303,BLAa,BLA,21,left,0
820,821,3,7237.98,5704.0,2724.34,0.58203125,820,303,BLAa,BLA,21,left,0
821,822,3,7237.76,5701.14,2723.48,1.3984375,821,303,BLAa,BLA,21,left,0
822,823,3,7237.52,5696.44,2723.1399999999994,0.5546875,822,303,BLAa,BLA,21,left,0
823,824,3,7237.4,5692.88,2723.2800000000007,0.41015625,823,303,BLAa,BLA,21,left,0
824,825,3,7237.28,5689.48,2723.459999999999,0.4375,824,303,BLAa,BLA,21,left,0
825,826,3,7237.06,5685.54,2722.959999999999,0.234375,825,303,BLAa,BLA,21,left,0
826,827,3,7236.88,5683.14,2722.22,0.5546875,826,303,BLAa,BLA,21,left,0
827,828,3,7236.62,5679.46,2721.24,0.37890625,827,303,BLAa,BLA,21,left,0
828,829,3,7236.36,5676.58,2719.959999999999,0.3515625,828,303,BLAa,BLA,21,left,0
829,830,3,7236.12,5674.2,2718.7800000000007,0.41015625,829,303,BLAa,BLA,21,left,0
830,831,3,7236.9,5672.9,2718.4400000000005,0.3515625,830,303,BLAa,BLA,21,left,0
831,832,3,7238.76,5672.32,2718.3,0.3515625,831,303,BLAa,BLA,21,left,0
832,833,3,7238.92,5669.3,2718.3,0.41015625,832,303,BLAa,BLA,21,left,0
833,834,3,7241.44,5668.5,2718.120000000001,0.3515625,833,303,BLAa,BLA,21,left,0
834,835,3,7242.14,5667.28,2717.98,0.234375,834,303,BLAa,BLA,21,left,0
835,836,3,7241.78,5663.16,2716.0200000000004,0.37890625,835,303,BLAa,BLA,21,left,0
836,837,3,7242.12,5660.46,2714.76,0.46484375,836,303,BLAa,BLA,21,left,0
837,838,3,7242.98,5658.1,2713.3,0.29296875,837,303,BLAa,BLA,21,left,0
838,839,3,7243.54,5655.84,2712.24,0.5234375,838,303,BLAa,BLA,21,left,0
839,840,3,7243.66,5652.28,2711.3,0.640625,839,303,BLAa,BLA,21,left,0
840,841,3,7244.36,5650.36,2710.76,0.58203125,840,303,BLAa,BLA,21,left,0
841,842,3,7244.5,5646.4,2709.6800000000003,0.29296875,841,303,BLAa,BLA,21,left,0
842,843,3,7245.9,5645.1,2709.34,0.26171875,842,303,BLAa,BLA,21,left,0
843,844,3,7247.44,5642.56,2708.540000000001,0.234375,843,303,BLAa,BLA,21,left,0
844,845,3,7248.92,5639.32,2708.0599999999995,0.5546875,844,303,BLAa,BLA,21,left,0
845,846,3,7249.26,5635.9,2708.66,0.37890625,845,303,BLAa,BLA,21,left,0
846,847,3,7250.26,5633.06,2708.459999999999,0.640625,846,303,BLAa,BLA,21,left,0
847,848,3,7251.0,5630.2,2708.26,0.41015625,847,303,BLAa,BLA,21,left,0
848,849,3,7251.22,5628.74,2706.6800000000003,0.00390625,848,303,BLAa,BLA,21,left,0
849,850,3,7251.38,5625.28,2706.3,0.37890625,849,303,BLAa,BLA,21,left,0
850,851,3,7252.12,5623.86,2705.7800000000007,0.3515625,850,303,BLAa,BLA,21,left,0
851,852,3,7252.12,5619.98,2704.74,2.7109375,851,303,BLAa,BLA,21,left,0
852,853,3,7252.14,5617.48,2704.16,0.17578125,852,303,BLAa,BLA,21,left,0
853,854,3,7253.88,5616.52,2703.620000000001,0.203125,853,303,BLAa,BLA,21,left,0
854,855,3,7255.92,5615.72,2703.4400000000005,0.26171875,854,303,BLAa,BLA,21,left,0
855,856,3,7258.5,5614.1,2703.3,0.49609375,855,303,BLAa,BLA,21,left,0
856,857,3,7260.26,5611.84,2703.1800000000003,0.203125,856,303,BLAa,BLA,21,left,0
857,858,3,7260.78,5609.02,2702.4400000000005,0.7890625,857,303,BLAa,BLA,21,left,0
858,859,3,7261.12,5606.76,2702.5,0.5234375,858,303,BLAa,BLA,21,left,0
859,860,3,7262.7,5605.66,2702.48,0.3515625,859,303,BLAa,BLA,21,left,0
860,861,3,7263.28,5603.4,2702.040000000001,0.26171875,860,303,BLAa,BLA,21,left,0
861,862,3,7263.2,5600.42,2701.6800000000003,0.234375,861,303,BLAa,BLA,21,left,0
862,863,3,7263.1,5597.22,2700.9,0.5234375,862,303,BLAa,BLA,21,left,0
863,864,3,7262.8,5595.48,2699.76,0.69921875,863,303,BLAa,BLA,21,left,0
864,865,3,7261.72,5594.48,2699.16,0.5234375,864,303,BLAa,BLA,21,left,0
865,866,3,7261.4,5593.58,2697.84,0.49609375,865,303,BLAa,BLA,21,left,0
866,867,3,7261.06,5592.12,2695.0200000000004,0.5546875,866,303,BLAa,BLA,21,left,0
867,868,3,7260.38,5590.98,2693.24,0.203125,867,303,BLAa,BLA,21,left,0
868,869,3,7259.52,5589.28,2692.540000000001,0.3515625,868,303,BLAa,BLA,21,left,0
869,870,3,7258.56,5586.48,2691.26,0.17578125,869,303,BLAa,BLA,21,left,0
870,871,3,7256.82,5584.56,2690.6399999999994,0.49609375,870,303,BLAa,BLA,21,left,0
871,872,3,7254.96,5582.22,2689.98,0.3515625,871,303,BLAa,BLA,21,left,0
872,873,3,7253.4,5580.58,2688.879999999999,0.3515625,872,303,BLAa,BLA,21,left,0
873,874,3,7250.74,5580.24,2688.08,0.37890625,873,303,BLAa,BLA,21,left,0
874,875,3,7248.0,5580.46,2687.74,0.46484375,874,303,BLAa,BLA,21,left,0
875,876,3,7245.56,5580.18,2686.9,0.4375,875,303,BLAa,BLA,21,left,0
876,877,3,7243.5,5578.58,2686.0599999999995,0.3515625,876,303,BLAa,BLA,21,left,0
877,878,3,7241.66,5577.44,2685.24,0.3515625,877,303,BLAa,BLA,21,left,0
878,879,3,7239.74,5576.36,2683.84,3.99609375,878,303,BLAa,BLA,21,left,0
879,880,3,7239.7,5575.38,2683.5599999999995,1.2265625,879,303,BLAa,BLA,21,left,0
880,881,3,7237.86,5574.4,2683.58,0.046875,880,303,BLAa,BLA,21,left,0
881,882,3,7236.84,5572.5,2682.22,0.3515625,881,303,BLAa,BLA,21,left,0
882,883,3,7236.7,5570.62,2681.16,0.29296875,882,303,BLAa,BLA,21,left,0
883,884,3,7236.14,5569.66,2676.5200000000004,12.890625,883,303,BLAa,BLA,21,left,0
884,885,3,7236.72,5569.54,2674.84,0.17578125,884,303,BLAa,BLA,21,left,0
885,886,3,7239.04,5569.3,2673.040000000001,0.81640625,885,303,BLAa,BLA,21,left,0
886,887,3,7239.54,5569.66,2671.34,0.671875,886,303,BLAa,BLA,21,left,0
887,888,3,7239.1,5570.24,2667.7000000000007,2.1015625,887,303,BLAa,BLA,21,left,0
888,889,3,7238.84,5570.52,2665.4,5.921875,888,303,BLAa,BLA,21,left,0
889,890,3,7238.56,5571.72,2662.959999999999,1.109375,889,303,BLAa,BLA,21,left,0
890,891,3,7238.5,5572.9,2661.040000000001,0.640625,890,303,BLAa,BLA,21,left,0
891,892,3,7239.48,5572.96,2659.92,0.49609375,891,303,BLAa,BLA,21,left,0
892,893,3,7241.76,5572.7,2659.1800000000003,0.69921875,892,303,BLAa,BLA,21,left,0
893,894,3,7243.94,5572.46,2658.72,0.9609375,893,303,BLAa,BLA,21,left,0
894,895,3,7246.78,5572.16,2658.5599999999995,1.4296875,894,303,BLAa,BLA,21,left,0
895,896,3,7248.48,5571.96,2658.040000000001,1.89453125,895,303,BLAa,BLA,21,left,0
896,897,3,7248.46,5571.92,2656.6000000000004,2.01171875,896,303,BLAa,BLA,21,left,1
897,898,3,7239.12,5706.5,2725.0,0.0234375,200,303,BLAa,BLA,22,left,0
898,899,3,7236.02,5706.8,2725.4,0.671875,898,303,BLAa,BLA,22,left,0
899,900,3,7234.28,5706.9,2725.620000000001,0.3203125,899,303,BLAa,BLA,22,left,0
900,901,3,7232.14,5706.22,2725.7800000000007,0.41015625,900,303,BLAa,BLA,22,left,0
901,902,3,7230.22,5704.82,2726.08,0.4375,901,303,BLAa,BLA,22,left,0
902,903,3,7227.92,5704.04,2726.26,0.3515625,902,303,BLAa,BLA,22,left,0
903,904,3,7224.8,5704.06,2726.26,0.3515625,903,303,BLAa,BLA,22,left,0
904,905,3,7221.8,5704.32,2726.2800000000007,0.3515625,904,303,BLAa,BLA,22,left,0
905,906,3,7219.8,5704.32,2726.5599999999995,0.3515625,905,303,BLAa,BLA,22,left,0
906,907,3,7215.88,5704.24,2726.7800000000007,0.3203125,906,303,BLAa,BLA,22,left,0
907,908,3,7213.6,5704.76,2727.120000000001,0.4375,907,303,BLAa,BLA,22,left,0
908,909,3,7212.38,5707.38,2728.2000000000007,0.00390625,908,303,BLAa,BLA,22,left,0
909,910,3,7210.26,5708.48,2728.0599999999995,0.61328125,909,303,BLAa,BLA,22,left,0
910,911,3,7208.82,5710.46,2727.66,0.3515625,910,303,BLAa,BLA,22,left,0
911,912,3,7206.94,5712.02,2727.459999999999,0.46484375,911,303,BLAa,BLA,22,left,0
912,913,3,7204.92,5713.38,2727.48,0.3515625,912,303,BLAa,BLA,22,left,0
913,914,3,7202.7,5714.02,2727.42,0.7578125,913,303,BLAa,BLA,22,left,0
914,915,3,7200.64,5714.66,2727.3,0.26171875,914,303,BLAa,BLA,22,left,0
915,916,3,7198.76,5715.68,2727.1000000000004,0.58203125,915,303,BLAa,BLA,22,left,0
916,917,3,7195.94,5716.56,2726.9400000000005,0.49609375,916,303,BLAa,BLA,22,left,0
917,918,3,7194.24,5717.96,2726.66,0.26171875,917,303,BLAa,BLA,22,left,0
918,919,3,7190.92,5720.8,2725.84,0.5234375,918,303,BLAa,BLA,22,left,0
919,920,3,7189.36,5723.08,2725.22,0.3515625,919,303,BLAa,BLA,22,left,0
920,921,3,7185.42,5725.12,2724.7800000000007,0.3203125,920,303,BLAa,BLA,22,left,0
921,922,3,7183.3,5726.54,2724.2000000000007,0.26171875,921,303,BLAa,BLA,22,left,0
922,923,3,7181.76,5728.96,2722.879999999999,0.29296875,922,303,BLAa,BLA,22,left,0
923,924,3,7180.16,5730.56,2721.9400000000005,0.46484375,923,303,BLAa,BLA,22,left,0
924,925,3,7178.24,5730.9,2721.9,0.078125,924,303,BLAa,BLA,22,left,0
925,926,3,7175.3,5731.1,2721.879999999999,0.41015625,925,303,BLAa,BLA,22,left,0
926,927,3,7172.88,5731.24,2721.879999999999,0.3515625,926,303,BLAa,BLA,22,left,0
927,928,3,7170.88,5731.76,2721.7800000000007,0.3515625,927,303,BLAa,BLA,22,left,0
928,929,3,7169.04,5733.02,2721.540000000001,0.203125,928,303,BLAa,BLA,22,left,0
929,930,3,7166.7,5734.02,2721.3600000000006,0.37890625,929,303,BLAa,BLA,22,left,0
930,931,3,7163.72,5734.74,2720.879999999999,0.73046875,930,303,BLAa,BLA,22,left,0
931,932,3,7161.96,5734.78,2720.24,0.84765625,931,303,BLAa,BLA,22,left,0
932,933,3,7159.92,5734.82,2719.2000000000007,1.37109375,932,303,BLAa,BLA,22,left,0
933,934,3,7157.88,5734.86,2718.620000000001,0.41015625,933,303,BLAa,BLA,22,left,0
934,935,3,7156.9,5735.52,2717.379999999999,0.671875,934,303,BLAa,BLA,22,left,0
935,936,3,7156.52,5737.36,2716.74,1.25390625,935,303,BLAa,BLA,22,left,0
936,937,3,7153.64,5738.1,2716.620000000001,1.33984375,936,303,BLAa,BLA,22,left,0
937,938,3,7151.22,5738.2,2716.620000000001,1.45703125,937,303,BLAa,BLA,22,left,0
938,939,3,7148.0,5738.42,2716.4,0.08203125,938,303,BLAa,BLA,22,left,0
939,940,3,7146.2,5739.16,2715.540000000001,0.7890625,939,303,BLAa,BLA,22,left,1
940,941,3,7240.48,5708.68,2726.5599999999995,0.00390625,200,303,BLAa,BLA,23,left,0
941,942,3,7239.58,5709.92,2727.5,0.61328125,941,303,BLAa,BLA,23,left,0
942,943,3,7237.8,5710.56,2727.540000000001,0.58203125,942,303,BLAa,BLA,23,left,0
943,944,3,7236.32,5711.08,2729.3,0.5546875,943,303,BLAa,BLA,23,left,0
944,945,3,7235.82,5711.74,2731.0200000000004,0.4375,944,303,BLAa,BLA,23,left,0
945,946,3,7235.38,5713.48,2733.0599999999995,0.37890625,945,303,BLAa,BLA,23,left,0
946,947,3,7234.16,5714.48,2735.1000000000004,0.41015625,946,303,BLAa,BLA,23,left,0
947,948,3,7232.98,5715.04,2736.72,0.7890625,947,303,BLAa,BLA,23,left,0
948,949,3,7231.52,5715.8,2737.120000000001,0.69921875,948,303,BLAa,BLA,23,left,0
949,950,3,7231.3,5717.64,2737.58,0.61328125,949,303,BLAa,BLA,23,left,0
950,951,3,7231.24,5719.84,2739.2000000000007,0.37890625,950,303,BLAa,BLA,23,left,0
951,952,3,7229.82,5721.5,2740.22,0.69921875,951,303,BLAa,BLA,23,left,0
952,953,3,7228.34,5722.92,2740.7000000000007,0.3515625,952,303,BLAa,BLA,23,left,0
953,954,3,7228.44,5725.04,2742.42,0.3515625,953,303,BLAa,BLA,23,left,0
954,955,3,7228.48,5727.46,2743.459999999999,0.4375,954,303,BLAa,BLA,23,left,0
955,956,3,7227.18,5728.54,2744.0599999999995,0.640625,955,303,BLAa,BLA,23,left,0
956,957,3,7224.48,5729.78,2744.3600000000006,0.4375,956,303,BLAa,BLA,23,left,0
957,958,3,7223.0,5730.78,2745.0200000000004,0.46484375,957,303,BLAa,BLA,23,left,0
958,959,3,7222.94,5731.38,2747.2800000000007,0.4375,958,303,BLAa,BLA,23,left,0
959,960,3,7222.14,5731.76,2749.2000000000007,0.5234375,959,303,BLAa,BLA,23,left,0
960,961,3,7220.0,5733.4,2749.8600000000006,0.671875,960,303,BLAa,BLA,23,left,0
961,962,3,7220.0,5735.96,2751.040000000001,0.5234375,961,303,BLAa,BLA,23,left,0
962,963,3,7219.72,5737.52,2753.24,0.203125,962,303,BLAa,BLA,23,left,0
963,964,3,7218.32,5738.74,2753.8600000000006,0.69921875,963,303,BLAa,BLA,23,left,0
964,965,3,7218.34,5741.12,2755.879999999999,0.5234375,964,303,BLAa,BLA,23,left,0
965,966,3,7218.14,5743.28,2757.3600000000006,0.61328125,965,303,BLAa,BLA,23,left,0
966,967,3,7216.02,5744.04,2758.08,0.81640625,966,303,BLAa,BLA,23,left,0
967,968,3,7214.82,5746.64,2759.4400000000005,0.015625,967,303,BLAa,BLA,23,left,0
968,969,3,7214.46,5750.88,2761.82,0.69921875,968,303,BLAa,BLA,23,left,0
969,970,3,7213.94,5752.84,2762.459999999999,0.26171875,969,303,BLAa,BLA,23,left,0
970,971,3,7213.84,5755.36,2764.1800000000003,0.5546875,970,303,BLAa,BLA,23,left,0
971,972,3,7213.96,5757.96,2766.42,0.49609375,971,303,BLAa,BLA,23,left,0
972,973,3,7212.72,5759.74,2766.7800000000007,0.640625,972,303,BLAa,BLA,23,left,0
973,974,3,7212.24,5761.38,2768.9400000000005,0.49609375,973,303,BLAa,BLA,23,left,0
974,975,3,7212.5,5762.66,2770.58,0.7890625,974,303,BLAa,BLA,23,left,0
975,976,3,7211.8,5764.3,2772.040000000001,0.5546875,975,303,BLAa,BLA,23,left,0
976,977,3,7210.66,5765.46,2772.540000000001,0.46484375,976,303,BLAa,BLA,23,left,0
977,978,3,7210.8,5767.7,2774.6800000000003,0.46484375,977,303,BLAa,BLA,23,left,0
978,979,3,7211.16,5769.28,2777.1399999999994,0.49609375,978,303,BLAa,BLA,23,left,0
979,980,3,7211.2,5770.8,2779.2000000000007,0.49609375,979,303,BLAa,BLA,23,left,0
980,981,3,7210.58,5771.68,2780.16,0.671875,980,303,BLAa,BLA,23,left,0
981,982,3,7210.6,5773.14,2782.2800000000007,0.49609375,981,303,BLAa,BLA,23,left,0
982,983,3,7209.94,5774.82,2783.5200000000004,0.7890625,982,303,BLAa,BLA,23,left,0
983,984,3,7209.64,5776.08,2785.58,0.7578125,983,303,BLAa,BLA,23,left,0
984,985,3,7208.1,5776.4,2786.1399999999994,0.7578125,984,303,BLAa,BLA,23,left,0
985,986,3,7206.9,5777.48,2787.34,0.00390625,985,303,BLAa,BLA,23,left,0
986,987,3,7206.9,5779.0,2788.76,0.58203125,986,303,BLAa,BLA,23,left,0
987,988,3,7207.18,5780.18,2790.5,0.671875,987,303,BLAa,BLA,23,left,0
988,989,3,7207.5,5782.0,2792.48,0.5234375,988,303,BLAa,BLA,23,left,0
989,990,3,7207.84,5783.76,2794.459999999999,0.234375,989,303,BLAa,BLA,23,left,0
990,991,3,7208.08,5784.8,2796.0599999999995,0.58203125,990,303,BLAa,BLA,23,left,0
991,992,3,7208.3,5787.2,2796.66,0.41015625,991,303,BLAa,BLA,23,left,0
992,993,3,7208.58,5789.58,2797.9,0.234375,992,303,BLAa,BLA,23,left,0
993,994,3,7208.86,5791.38,2799.4,0.26171875,993,303,BLAa,BLA,23,left,0
994,995,3,7209.28,5794.56,2801.4,0.5546875,994,303,BLAa,BLA,23,left,0
995,996,3,7209.46,5796.84,2802.66,0.640625,995,303,BLAa,BLA,23,left,0
996,997,3,7208.8,5798.62,2803.120000000001,0.29296875,996,303,BLAa,BLA,23,left,0
997,998,3,7208.76,5802.1,2804.4400000000005,0.640625,997,303,BLAa,BLA,23,left,0
998,999,3,7208.36,5804.38,2805.58,0.26171875,998,703,CTXsp,CTXsp,23,left,0
999,1000,3,7208.04,5807.36,2807.84,0.58203125,999,303,BLAa,BLA,23,left,0
1000,1001,3,7207.5,5809.74,2808.879999999999,1.01953125,1000,303,BLAa,BLA,23,left,0
1001,1002,3,7207.66,5812.1,2810.5,0.234375,1001,303,BLAa,BLA,23,left,0
1002,1003,3,7207.64,5814.56,2811.76,0.640625,1002,303,BLAa,BLA,23,left,0
1003,1004,3,7207.0,5816.38,2811.8600000000006,0.5546875,1003,303,BLAa,BLA,23,left,0
1004,1005,3,7206.84,5819.58,2813.040000000001,0.49609375,1004,303,BLAa,BLA,23,left,0
1005,1006,3,7205.48,5820.64,2813.6399999999994,0.46484375,1005,303,BLAa,BLA,23,left,0
1006,1007,3,7205.06,5821.84,2814.8,0.5234375,1006,303,BLAa,BLA,23,left,0
1007,1008,3,7205.48,5824.54,2817.0599999999995,0.5546875,1007,703,CTXsp,CTXsp,23,left,0
1008,1009,3,7205.76,5826.6,2818.4400000000005,0.61328125,1008,703,CTXsp,CTXsp,23,left,0
1009,1010,3,7206.08,5829.58,2819.8,0.5546875,1009,703,CTXsp,CTXsp,23,left,0
1010,1011,3,7204.08,5830.02,2820.22,0.03125,1010,703,CTXsp,CTXsp,23,left,0
1011,1012,3,7204.0,5832.24,2821.42,0.5234375,1011,703,CTXsp,CTXsp,23,left,0
1012,1013,3,7204.3,5835.52,2822.3600000000006,0.46484375,1012,703,CTXsp,CTXsp,23,left,0
1013,1014,3,7204.5,5836.72,2823.58,0.26171875,1013,703,CTXsp,CTXsp,23,left,0
1014,1015,3,7204.7,5837.44,2826.0200000000004,0.61328125,1014,1105,IA,IA,23,left,0
1015,1016,3,7203.96,5838.42,2827.7000000000007,0.61328125,1015,1105,IA,IA,23,left,0
1016,1017,3,7202.22,5839.28,2828.98,0.17578125,1016,1105,IA,IA,23,left,0
1017,1018,3,7201.88,5841.64,2831.26,0.26171875,1017,1105,IA,IA,23,left,0
1018,1019,3,7201.4,5843.32,2832.76,0.3515625,1018,1105,IA,IA,23,left,0
1019,1020,3,7201.54,5846.44,2835.34,0.671875,1019,1105,IA,IA,23,left,0
1020,1021,3,7201.76,5847.86,2836.7000000000007,0.93359375,1020,1105,IA,IA,23,left,0
1738,1739,3,7255.08,5689.42,2678.1800000000003,0.0234375,545,303,BLAa,BLA,32,left,0
1739,1740,3,7251.58,5690.26,2678.0,0.58203125,1739,303,BLAa,BLA,32,left,0
1740,1741,3,7248.54,5690.54,2677.92,0.9921875,1740,303,BLAa,BLA,32,left,0
1741,1742,3,7246.5,5690.72,2677.879999999999,1.3984375,1741,303,BLAa,BLA,32,left,0
1742,1743,3,7242.1,5691.1,2677.7800000000007,0.02734375,1742,303,BLAa,BLA,32,left,0
1743,1744,3,7239.18,5691.84,2677.879999999999,0.5234375,1743,303,BLAa,BLA,32,left,0
1744,1745,3,7237.26,5692.78,2678.2800000000007,0.640625,1744,303,BLAa,BLA,32,left,0
1745,1746,3,7234.2,5694.4,2678.66,0.26171875,1745,303,BLAa,BLA,32,left,0
1746,1747,3,7231.58,5695.7,2678.6800000000003,0.26171875,1746,303,BLAa,BLA,32,left,0
1747,1748,3,7230.02,5696.26,2678.8,0.5546875,1747,303,BLAa,BLA,32,left,0
1748,1749,3,7226.96,5697.74,2678.5,0.84765625,1748,303,BLAa,BLA,32,left,0
1749,1750,3,7224.16,5699.3,2678.1800000000003,0.61328125,1749,303,BLAa,BLA,32,left,0
1750,1751,3,7222.38,5700.72,2678.22,0.640625,1750,303,BLAa,BLA,32,left,0
1751,1752,3,7221.38,5703.12,2678.620000000001,1.25390625,1751,303,BLAa,BLA,32,left,0
1752,1753,3,7220.9,5705.62,2678.1800000000003,0.3515625,1752,303,BLAa,BLA,32,left,0
1753,1754,3,7218.62,5707.26,2677.959999999999,0.49609375,1753,303,BLAa,BLA,32,left,0
1754,1755,3,7216.72,5708.4,2678.0200000000004,0.640625,1754,303,BLAa,BLA,32,left,0
1755,1756,3,7214.48,5709.64,2678.5200000000004,0.46484375,1755,303,BLAa,BLA,32,left,0
1756,1757,3,7212.46,5710.88,2679.26,0.73046875,1756,303,BLAa,BLA,32,left,0
1757,1758,3,7211.86,5712.72,2679.34,0.875,1757,303,BLAa,BLA,32,left,0
1758,1759,3,7212.16,5715.6,2680.5200000000004,0.37890625,1758,303,BLAa,BLA,32,left,0
1759,1760,3,7212.22,5717.62,2682.0200000000004,0.37890625,1759,303,BLAa,BLA,32,left,0
1760,1761,3,7210.76,5719.48,2682.72,0.41015625,1760,303,BLAa,BLA,32,left,0
1761,1762,3,7209.32,5721.82,2683.3,0.58203125,1761,303,BLAa,BLA,32,left,0
1762,1763,3,7207.96,5722.9,2683.5200000000004,0.61328125,1762,303,BLAa,BLA,32,left,0
1763,1764,3,7205.86,5723.1,2683.48,0.7578125,1763,303,BLAa,BLA,32,left,0
1764,1765,3,7203.48,5723.26,2683.5200000000004,0.0625,1764,303,BLAa,BLA,32,left,0
1765,1766,3,7203.02,5724.62,2684.74,0.41015625,1765,303,BLAa,BLA,32,left,0
1766,1767,3,7203.04,5727.06,2685.84,0.3515625,1766,303,BLAa,BLA,32,left,0
1767,1768,3,7201.62,5729.2,2686.879999999999,0.3515625,1767,303,BLAa,BLA,32,left,0
1768,1769,3,7198.86,5732.02,2687.6800000000003,0.5546875,1768,303,BLAa,BLA,32,left,0
1769,1770,3,7197.62,5733.8,2687.8600000000006,0.5546875,1769,303,BLAa,BLA,32,left,0
1770,1771,3,7195.72,5735.94,2687.7000000000007,0.49609375,1770,303,BLAa,BLA,32,left,0
1771,1772,3,7195.08,5737.9,2687.84,0.58203125,1771,303,BLAa,BLA,32,left,0
1772,1773,3,7193.18,5739.72,2688.0200000000004,0.3515625,1772,303,BLAa,BLA,32,left,0
1773,1774,3,7191.9,5742.58,2687.98,0.73046875,1773,303,BLAa,BLA,32,left,0
1774,1775,3,7188.76,5745.8,2687.7800000000007,0.49609375,1774,303,BLAa,BLA,32,left,0
1775,1776,3,7187.68,5747.04,2688.3,0.61328125,1775,303,BLAa,BLA,32,left,0
1776,1777,3,7185.26,5747.36,2688.48,0.3515625,1776,303,BLAa,BLA,32,left,0
1777,1778,3,7183.64,5747.96,2688.5,0.671875,1777,303,BLAa,BLA,32,left,0
1778,1779,3,7183.58,5749.52,2688.459999999999,0.61328125,1778,303,BLAa,BLA,32,left,0
1779,1780,3,7180.24,5750.32,2688.3600000000006,0.015625,1779,303,BLAa,BLA,32,left,0
1780,1781,3,7177.68,5751.48,2687.98,0.5234375,1780,303,BLAa,BLA,32,left,0
1781,1782,3,7175.8,5752.1,2687.6399999999994,0.26171875,1781,303,BLAa,BLA,32,left,0
1782,1783,3,7172.64,5753.32,2687.379999999999,0.58203125,1782,303,BLAa,BLA,32,left,0
1783,1784,3,7171.1,5754.16,2687.24,0.640625,1783,303,BLAa,BLA,32,left,0
1784,1785,3,7169.06,5755.9,2686.9,0.4375,1784,303,BLAa,BLA,32,left,0
1785,1786,3,7167.04,5757.06,2686.7000000000007,0.4375,1785,303,BLAa,BLA,32,left,0
1786,1787,3,7165.1,5759.9,2686.1399999999994,0.9609375,1786,303,BLAa,BLA,32,left,0
1787,1788,3,7164.16,5762.72,2685.6000000000004,0.5546875,1787,303,BLAa,BLA,32,left,0
1788,1789,3,7161.88,5764.86,2685.120000000001,0.29296875,1788,303,BLAa,BLA,32,left,0
1789,1790,3,7160.72,5766.44,2684.5,0.49609375,1789,303,BLAa,BLA,32,left,0
1790,1791,3,7158.56,5768.08,2684.2800000000007,0.37890625,1790,303,BLAa,BLA,32,left,0
1791,1792,3,7157.02,5768.94,2684.379999999999,0.3515625,1791,303,BLAa,BLA,32,left,0
1792,1793,3,7154.62,5769.88,2684.379999999999,0.3515625,1792,303,BLAa,BLA,32,left,0
1793,1794,3,7153.6,5771.38,2684.4,0.73046875,1793,303,BLAa,BLA,32,left,0
1794,1795,3,7153.32,5774.6,2683.8,0.49609375,1794,303,BLAa,BLA,32,left,0
1795,1796,3,7151.96,5776.98,2683.34,0.41015625,1795,303,BLAa,BLA,32,left,0
1796,1797,3,7149.72,5778.56,2683.459999999999,0.37890625,1796,303,BLAa,BLA,32,left,0
1797,1798,3,7148.26,5779.42,2684.4,0.17578125,1797,303,BLAa,BLA,32,left,0
1798,1799,3,7146.7,5781.5,2685.26,0.37890625,1798,303,BLAa,BLA,32,left,0
1799,1800,3,7145.58,5783.4,2686.22,0.81640625,1799,303,BLAa,BLA,32,left,0
1800,1801,3,7142.88,5785.58,2686.4400000000005,0.17578125,1800,303,BLAa,BLA,32,left,0
1801,1802,3,7140.12,5788.22,2687.379999999999,0.5234375,1801,303,BLAa,BLA,32,left,0
1802,1803,3,7138.66,5790.08,2688.2000000000007,0.69921875,1802,303,BLAa,BLA,32,left,0
1803,1804,3,7136.16,5790.68,2688.92,0.4375,1803,303,BLAa,BLA,32,left,0
1804,1805,3,7133.68,5790.94,2689.84,0.3203125,1804,303,BLAa,BLA,32,left,0
1805,1806,3,7132.32,5791.42,2690.6000000000004,0.37890625,1805,303,BLAa,BLA,32,left,0
1806,1807,3,7129.84,5792.46,2691.379999999999,0.37890625,1806,303,BLAa,BLA,32,left,0
1807,1808,3,7126.54,5793.12,2692.120000000001,0.5546875,1807,303,BLAa,BLA,32,left,0
1808,1809,3,7124.24,5793.12,2692.879999999999,0.29296875,1808,303,BLAa,BLA,32,left,0
1809,1810,3,7122.2,5792.58,2693.58,0.46484375,1809,303,BLAa,BLA,32,left,0
1810,1811,3,7119.9,5792.16,2693.9,0.4375,1810,303,BLAa,BLA,32,left,0
1811,1812,3,7118.22,5792.2,2693.9,0.69921875,1811,303,BLAa,BLA,32,left,0
1812,1813,3,7116.02,5792.28,2694.08,0.0390625,1812,303,BLAa,BLA,32,left,0
1813,1814,3,7112.98,5792.46,2695.1399999999994,0.46484375,1813,303,BLAa,BLA,32,left,0
1814,1815,3,7110.88,5793.24,2695.6399999999994,0.3515625,1814,303,BLAa,BLA,32,left,0
1815,1816,3,7108.94,5794.76,2696.6800000000003,0.3515625,1815,303,BLAa,BLA,32,left,0
1816,1817,3,7107.56,5795.44,2697.2800000000007,0.37890625,1816,303,BLAa,BLA,32,left,0
1817,1818,3,7105.64,5796.38,2697.879999999999,0.49609375,1817,303,BLAa,BLA,32,left,0
1818,1819,3,7103.48,5797.22,2698.5599999999995,0.3203125,1818,303,BLAa,BLA,32,left,0
1819,1820,3,7101.24,5798.82,2699.3600000000006,0.49609375,1819,303,BLAa,BLA,32,left,0
1820,1821,3,7100.3,5801.44,2700.0200000000004,0.5546875,1820,303,BLAa,BLA,32,left,0
1821,1822,3,7097.64,5804.36,2700.0200000000004,0.49609375,1821,303,BLAa,BLA,32,left,0
1822,1823,3,7095.88,5806.24,2699.98,0.49609375,1822,303,BLAa,BLA,32,left,0
1823,1824,3,7094.86,5809.82,2699.8,0.49609375,1823,303,BLAa,BLA,32,left,0
1824,1825,3,7093.92,5812.66,2699.98,0.37890625,1824,303,BLAa,BLA,32,left,0
1825,1826,3,7092.12,5814.54,2700.2000000000007,0.5546875,1825,303,BLAa,BLA,32,left,0
1826,1827,3,7091.42,5816.32,2700.84,0.640625,1826,303,BLAa,BLA,32,left,0
1827,1828,3,7088.96,5816.68,2702.1000000000004,0.5546875,1827,303,BLAa,BLA,32,left,0
1828,1829,3,7086.72,5817.62,2703.08,0.26171875,1828,303,BLAa,BLA,32,left,0
1829,1830,3,7084.82,5819.1,2703.2800000000007,0.4375,1829,303,BLAa,BLA,32,left,0
1830,1831,3,7085.02,5820.74,2701.8,0.0078125,1830,303,BLAa,BLA,32,left,0
1831,1832,3,7085.04,5824.2,2699.0200000000004,0.46484375,1831,303,BLAa,BLA,32,left,0
1832,1833,3,7085.06,5826.08,2697.66,0.5546875,1832,303,BLAa,BLA,32,left,0
1833,1834,3,7085.38,5830.7,2696.6000000000004,0.4375,1833,303,BLAa,BLA,32,left,0
1834,1835,3,7086.12,5833.84,2696.4,0.203125,1834,303,BLAa,BLA,32,left,0
1835,1836,3,7087.2,5836.32,2696.6399999999994,0.61328125,1835,303,BLAa,BLA,32,left,0
1836,1837,3,7088.66,5838.88,2696.98,0.5234375,1836,303,BLAa,BLA,32,left,0
1837,1838,3,7089.9,5841.08,2697.5,0.46484375,1837,303,BLAa,BLA,32,left,0
1838,1839,3,7090.52,5843.72,2697.9400000000005,0.73046875,1838,303,BLAa,BLA,32,left,1
1839,1840,3,7257.72,5687.64,2681.459999999999,0.09765625,545,303,BLAa,BLA,33,left,0
1840,1841,3,7257.92,5689.24,2682.74,5.046875,1840,303,BLAa,BLA,33,left,0
1841,1842,3,7258.08,5690.16,2685.0,0.01953125,1841,303,BLAa,BLA,33,left,0
1842,1843,3,7256.72,5691.38,2685.120000000001,4.40234375,1842,303,BLAa,BLA,33,left,0
1843,1844,3,7255.94,5692.42,2686.540000000001,3.99609375,1843,303,BLAa,BLA,33,left,0
1844,1845,3,7255.86,5695.0,2686.7800000000007,2.59765625,1844,303,BLAa,BLA,33,left,0
1845,1846,3,7254.46,5696.48,2686.459999999999,1.6640625,1845,303,BLAa,BLA,33,left,0
1846,1847,3,7253.58,5699.04,2685.9,0.9921875,1846,303,BLAa,BLA,33,left,0
1847,1848,3,7250.78,5699.42,2685.82,0.0546875,1847,303,BLAa,BLA,33,left,0
1848,1849,3,7248.68,5700.62,2685.7000000000007,0.671875,1848,303,BLAa,BLA,33,left,0
1849,1850,3,7247.38,5703.12,2685.6399999999994,0.640625,1849,303,BLAa,BLA,33,left,0
1850,1851,3,7245.68,5705.2,2685.6399999999994,0.41015625,1850,303,BLAa,BLA,33,left,0
1851,1852,3,7245.22,5707.94,2686.66,0.5546875,1851,303,BLAa,BLA,33,left,0
1852,1853,3,7244.8,5710.94,2687.24,0.37890625,1852,303,BLAa,BLA,33,left,0
1853,1854,3,7243.68,5713.02,2686.9,0.3515625,1853,303,BLAa,BLA,33,left,0
1854,1855,3,7241.14,5714.9,2686.9400000000005,0.69921875,1854,303,BLAa,BLA,33,left,0
1855,1856,3,7239.62,5716.34,2687.0599999999995,0.90234375,1855,303,BLAa,BLA,33,left,0
1856,1857,3,7239.5,5719.02,2687.379999999999,0.58203125,1856,303,BLAa,BLA,33,left,0
1857,1858,3,7239.74,5721.96,2688.32,0.84765625,1857,303,BLAa,BLA,33,left,0
1858,1859,3,7239.9,5723.22,2689.2800000000007,0.58203125,1858,303,BLAa,BLA,33,left,0
1859,1860,3,7238.84,5725.02,2689.540000000001,0.69921875,1859,303,BLAa,BLA,33,left,0
1860,1861,3,7236.92,5726.34,2690.0599999999995,0.37890625,1860,303,BLAa,BLA,33,left,0
1861,1862,3,7235.32,5728.18,2690.7800000000007,0.46484375,1861,303,BLAa,BLA,33,left,0
1862,1863,3,7233.84,5728.98,2691.4,0.46484375,1862,303,BLAa,BLA,33,left,0
1863,1864,3,7231.76,5729.94,2691.84,0.69921875,1863,303,BLAa,BLA,33,left,0
1864,1865,3,7230.12,5731.54,2692.5,0.90234375,1864,303,BLAa,BLA,33,left,0
1865,1866,3,7229.54,5734.28,2692.26,1.546875,1865,303,BLAa,BLA,33,left,0
1866,1867,3,7464.2,5525.46,2600.32,0.01171875,754,303,BLAa,BLA,34,left,0
1867,1868,3,7465.58,5525.72,2600.620000000001,1.1953125,1867,303,BLAa,BLA,34,left,0
1868,1869,3,7467.68,5525.8,2600.7000000000007,0.61328125,1868,303,BLAa,BLA,34,left,0
1869,1870,3,7469.82,5525.26,2600.98,0.73046875,1869,303,BLAa,BLA,34,left,0
1870,1871,3,7472.28,5524.46,2601.66,0.41015625,1870,303,BLAa,BLA,34,left,0
1871,1872,3,7474.58,5523.32,2602.6800000000003,0.26171875,1871,303,BLAa,BLA,34,left,0
1872,1873,3,7477.18,5522.5,2603.1399999999994,0.3515625,1872,303,BLAa,BLA,34,left,1
1873,1874,3,7463.34,5525.16,2599.84,0.0390625,754,303,BLAa,BLA,35,left,0
1874,1875,3,7464.74,5522.9,2600.5,0.5546875,1874,303,BLAa,BLA,35,left,0
1875,1876,3,7464.92,5520.62,2600.22,0.5546875,1875,303,BLAa,BLA,35,left,0
1876,1877,3,7466.2,5518.46,2600.540000000001,0.61328125,1876,303,BLAa,BLA,35,left,0
1877,1878,3,7468.7,5517.02,2600.8,0.69921875,1877,303,BLAa,BLA,35,left,0
1878,1879,3,7470.14,5514.76,2600.42,0.58203125,1878,303,BLAa,BLA,35,left,0
1879,1880,3,7472.62,5512.74,2600.5,0.3515625,1879,303,BLAa,BLA,35,left,0
1880,1881,3,7473.96,5510.5,2600.040000000001,4.2578125,1880,303,BLAa,BLA,35,left,0
1881,1882,3,7474.26,5507.7,2599.5,1.1953125,1881,303,BLAa,BLA,35,left,0
1882,1883,3,7474.22,5505.88,2597.2800000000007,0.671875,1882,303,BLAa,BLA,35,left,0
1883,1884,3,7475.1,5504.48,2597.6000000000004,0.3515625,1883,303,BLAa,BLA,35,left,0
1884,1885,3,7477.26,5503.52,2597.98,0.41015625,1884,303,BLAa,BLA,35,left,0
1885,1886,3,7478.36,5500.84,2598.72,0.875,1885,303,BLAa,BLA,35,left,0
1886,1887,3,7478.98,5496.96,2599.7000000000007,0.41015625,1886,303,BLAa,BLA,35,left,0
1887,1888,3,7479.16,5494.38,2598.76,0.49609375,1887,303,BLAa,BLA,35,left,0
1888,1889,3,7479.76,5490.28,2598.42,0.5234375,1888,303,BLAa,BLA,35,left,0
1889,1890,3,7480.78,5487.7,2598.2000000000007,0.5234375,1889,303,BLAa,BLA,35,left,0
1890,1891,3,7481.44,5484.56,2598.2800000000007,41.50390625,1890,303,BLAa,BLA,35,left,0
1891,1892,3,7482.18,5481.94,2597.1000000000004,0.5234375,1891,303,BLAa,BLA,35,left,0
1892,1893,3,7483.52,5481.6,2596.5,0.41015625,1892,303,BLAa,BLA,35,left,0
1893,1894,3,7485.22,5479.46,2595.58,0.73046875,1893,303,BLAa,BLA,35,left,0
1894,1895,3,7486.86,5478.74,2594.4400000000005,0.4375,1894,303,BLAa,BLA,35,left,0
1895,1896,3,7488.58,5478.32,2594.2000000000007,0.46484375,1895,303,BLAa,BLA,35,left,0
1896,1897,3,7490.32,5477.84,2594.32,0.3515625,1896,303,BLAa,BLA,35,left,1
1897,1898,3,7334.08,5597.34,2650.22,0.015625,785,303,BLAa,BLA,36,left,0
1898,1899,3,7336.94,5597.1,2649.6399999999994,0.41015625,1898,303,BLAa,BLA,36,left,0
1899,1900,3,7339.66,5597.34,2648.379999999999,0.4375,1899,303,BLAa,BLA,36,left,0
1900,1901,3,7341.42,5598.24,2647.379999999999,0.3515625,1900,303,BLAa,BLA,36,left,0
1901,1902,3,7344.38,5598.12,2646.040000000001,0.46484375,1901,303,BLAa,BLA,36,left,0
1902,1903,3,7346.26,5598.3,2644.120000000001,0.875,1902,303,BLAa,BLA,36,left,0
1903,1904,3,7347.34,5599.68,2642.4,0.69921875,1903,303,BLAa,BLA,36,left,0
1904,1905,3,7349.1,5599.84,2640.98,0.4375,1904,303,BLAa,BLA,36,left,0
1905,1906,3,7351.64,5599.4,2640.120000000001,0.46484375,1905,303,BLAa,BLA,36,left,0
1906,1907,3,7352.18,5599.32,2637.9400000000005,0.5234375,1906,303,BLAa,BLA,36,left,0
1907,1908,3,7353.68,5599.06,2636.9400000000005,0.4375,1907,303,BLAa,BLA,36,left,0
1908,1909,3,7356.7,5598.54,2636.26,0.49609375,1908,303,BLAa,BLA,36,left,0
1909,1910,3,7357.88,5598.54,2634.84,1.01953125,1909,303,BLAa,BLA,36,left,0
1910,1911,3,7358.02,5599.34,2632.379999999999,0.17578125,1910,303,BLAa,BLA,36,left,0
1911,1912,3,7359.42,5599.4,2631.32,0.58203125,1911,303,BLAa,BLA,36,left,0
1912,1913,3,7360.76,5599.56,2629.620000000001,0.49609375,1912,303,BLAa,BLA,36,left,0
1913,1914,3,7360.94,5601.68,2627.3,0.7578125,1913,303,BLAa,BLA,36,left,0
1914,1915,3,7361.38,5602.98,2625.3600000000006,0.4375,1914,303,BLAa,BLA,36,left,0
1915,1916,3,7363.46,5602.62,2625.379999999999,0.46484375,1915,303,BLAa,BLA,36,left,0
1916,1917,3,7363.24,5602.1,2625.2800000000007,0.078125,1916,303,BLAa,BLA,36,left,0
1917,1918,3,7362.46,5602.28,2618.959999999999,0.7578125,1917,303,BLAa,BLA,36,left,0
1918,1919,3,7361.74,5602.44,2617.5,0.61328125,1918,303,BLAa,BLA,36,left,0
1919,1920,3,7360.68,5602.72,2613.92,0.7578125,1919,303,BLAa,BLA,36,left,0
1920,1921,3,7360.3,5602.8,2612.4,0.41015625,1920,303,BLAa,BLA,36,left,0
1921,1922,3,7359.04,5603.02,2611.5599999999995,0.58203125,1921,303,BLAa,BLA,36,left,0
1922,1923,3,7357.52,5603.38,2608.26,0.671875,1922,303,BLAa,BLA,36,left,0
1923,1924,3,7357.36,5603.7,2606.82,0.58203125,1923,303,BLAa,BLA,36,left,0
1924,1925,3,7356.24,5604.52,2596.92,0.4375,1924,303,BLAa,BLA,36,left,0
1925,1926,3,7355.72,5604.68,2595.58,0.5234375,1925,303,BLAa,BLA,36,left,0
1926,1927,3,7353.16,5605.64,2594.6399999999994,0.61328125,1926,303,BLAa,BLA,36,left,0
1927,1928,3,7351.14,5606.38,2594.120000000001,0.61328125,1927,303,BLAa,BLA,36,left,0
1928,1929,3,7350.4,5606.92,2589.7000000000007,0.69921875,1928,303,BLAa,BLA,36,left,0
1929,1930,3,7350.14,5607.4,2587.5599999999995,0.671875,1929,303,BLAa,BLA,36,left,0
1930,1931,3,7349.82,5607.4,2584.5,0.0078125,1930,303,BLAa,BLA,36,left,0
1931,1932,3,7349.48,5607.04,2581.48,0.49609375,1931,303,BLAa,BLA,36,left,0
1932,1933,3,7349.38,5605.98,2580.3,0.3203125,1932,303,BLAa,BLA,36,left,0
1933,1934,3,7349.2,5604.84,2578.34,0.3515625,1933,303,BLAa,BLA,36,left,0
1934,1935,3,7348.46,5602.68,2574.76,0.61328125,1934,303,BLAa,BLA,36,left,0
1935,1936,3,7347.28,5601.74,2573.040000000001,1.13671875,1935,303,BLAa,BLA,36,left,0
1936,1937,3,7344.68,5602.02,2572.0599999999995,0.90234375,1936,303,BLAa,BLA,36,left,0
1937,1938,3,7342.72,5602.32,2571.92,1.05078125,1937,303,BLAa,BLA,36,left,0
1938,1939,3,7343.42,5601.44,2571.34,0.01953125,1938,303,BLAa,BLA,36,left,0
1939,1940,3,7343.16,5601.14,2567.98,0.46484375,1939,303,BLAa,BLA,36,left,0
1940,1941,3,7343.0,5600.26,2566.3600000000006,0.7890625,1940,303,BLAa,BLA,36,left,0
1941,1942,3,7342.9,5597.72,2564.8600000000006,0.17578125,1941,303,BLAa,BLA,36,left,0
1942,1943,3,7342.76,5596.48,2562.540000000001,0.3203125,1942,303,BLAa,BLA,36,left,0
1943,1944,3,7343.28,5596.4,2561.040000000001,0.73046875,1943,303,BLAa,BLA,36,left,0
1944,1945,3,7343.54,5596.46,2558.879999999999,0.4375,1944,303,BLAa,BLA,36,left,0
1945,1946,3,7343.32,5596.2,2556.74,0.49609375,1945,303,BLAa,BLA,36,left,0
1946,1947,3,7343.12,5595.3,2554.66,0.49609375,1946,303,BLAa,BLA,36,left,0
1947,1948,3,7342.86,5594.58,2551.6399999999994,0.7578125,1947,303,BLAa,BLA,36,left,0
1948,1949,3,7343.52,5593.82,2550.98,0.7890625,1948,303,BLAa,BLA,36,left,0
1949,1950,3,7343.66,5593.86,2547.620000000001,0.640625,1949,303,BLAa,BLA,36,left,0
1950,1951,3,7343.96,5593.76,2545.92,0.49609375,1950,303,BLAa,BLA,36,left,0
1951,1952,3,7345.5,5593.22,2544.1399999999994,0.46484375,1951,303,BLAa,BLA,36,left,0
1952,1953,3,7346.44,5593.18,2542.0,0.49609375,1952,303,BLAa,BLA,36,left,0
1953,1954,3,7347.04,5593.26,2539.22,0.4375,1953,303,BLAa,BLA,36,left,0
1954,1955,3,7347.52,5593.3,2537.22,0.7578125,1954,303,BLAa,BLA,36,left,0
1955,1956,3,7347.42,5593.02,2535.6399999999994,0.015625,1955,303,BLAa,BLA,36,left,0
1956,1957,3,7347.12,5592.78,2532.4400000000005,0.49609375,1956,303,BLAa,BLA,36,left,0
1957,1958,3,7347.68,5592.48,2530.42,0.234375,1957,303,BLAa,BLA,36,left,0
1958,1959,3,7347.9,5592.76,2527.58,0.5234375,1958,303,BLAa,BLA,36,left,0
1959,1960,3,7348.7,5593.14,2525.6800000000003,0.41015625,1959,303,BLAa,BLA,36,left,0
1960,1961,3,7349.22,5592.64,2523.459999999999,0.61328125,1960,303,BLAa,BLA,36,left,0
1961,1962,3,7349.64,5591.52,2520.82,0.58203125,1961,303,BLAa,BLA,36,left,0
1962,1963,3,7349.48,5591.16,2519.24,0.37890625,1962,303,BLAa,BLA,36,left,0
1963,1964,3,7349.42,5590.42,2516.540000000001,0.5234375,1963,303,BLAa,BLA,36,left,0
1964,1965,3,7350.9,5589.7,2515.9400000000005,0.46484375,1964,303,BLAa,BLA,36,left,0
1965,1966,3,7352.54,5588.26,2514.74,0.5234375,1965,303,BLAa,BLA,36,left,0
1966,1967,3,7353.72,5586.8,2513.3600000000006,0.29296875,1966,303,BLAa,BLA,36,left,0
1967,1968,3,7353.82,5585.4,2511.6399999999994,0.46484375,1967,303,BLAa,BLA,36,left,0
1968,1969,3,7353.44,5585.22,2507.92,0.875,1968,303,BLAa,BLA,36,left,0
1969,1970,3,7353.58,5584.92,2505.9400000000005,0.4375,1969,303,BLAa,BLA,36,left,0
1970,1971,3,7354.26,5583.66,2504.8,0.49609375,1970,303,BLAa,BLA,36,left,0
1971,1972,3,7354.14,5582.64,2502.2000000000007,0.3203125,1971,303,BLAa,BLA,36,left,0
1972,1973,3,7354.08,5582.44,2499.66,0.69921875,1972,303,BLAa,BLA,36,left,0
1973,1974,3,7355.7,5582.24,2498.42,0.81640625,1973,303,BLAa,BLA,36,left,0
1974,1975,3,7357.18,5583.28,2495.8600000000006,0.26171875,1974,303,BLAa,BLA,36,left,0
1975,1976,3,7358.1,5584.18,2494.5599999999995,0.5234375,1975,303,BLAa,BLA,36,left,0
1976,1977,3,7358.02,5585.22,2492.08,0.3515625,1976,303,BLAa,BLA,36,left,0
1977,1978,3,7357.76,5586.6,2490.0,0.46484375,1977,303,BLAa,BLA,36,left,0
1978,1979,3,7358.36,5587.66,2489.4,0.46484375,1978,303,BLAa,BLA,36,left,0
1979,1980,3,7360.5,5587.7,2488.34,0.234375,1979,303,BLAa,BLA,36,left,0
1980,1981,3,7361.06,5588.1,2486.1000000000004,0.61328125,1980,303,BLAa,BLA,36,left,0
1981,1982,3,7363.12,5587.72,2485.22,0.01171875,1981,303,BLAa,BLA,36,left,0
1982,1983,3,7363.28,5587.22,2483.3600000000006,0.7578125,1982,303,BLAa,BLA,36,left,0
1983,1984,3,7364.26,5587.14,2482.0,0.671875,1983,303,BLAa,BLA,36,left,0
1984,1985,3,7366.34,5586.9,2482.08,0.640625,1984,303,BLAa,BLA,36,left,0
1985,1986,3,7368.4,5586.82,2481.5599999999995,0.5546875,1985,303,BLAa,BLA,36,left,0
1986,1987,3,7369.7,5587.46,2479.5,0.46484375,1986,303,BLAa,BLA,36,left,0
1987,1988,3,7369.84,5589.0,2474.8,0.69921875,1987,303,BLAa,BLA,36,left,0
1988,1989,3,7369.68,5588.9,2473.08,0.5234375,1988,303,BLAa,BLA,36,left,0
1989,1990,3,7369.52,5587.56,2471.2800000000007,0.3203125,1989,303,BLAa,BLA,36,left,0
1990,1991,3,7369.28,5585.56,2468.4400000000005,0.3203125,1990,303,BLAa,BLA,36,left,0
1991,1992,3,7369.18,5583.82,2467.08,0.41015625,1991,303,BLAa,BLA,36,left,0
1992,1993,3,7369.96,5582.12,2465.5599999999995,0.26171875,1992,303,BLAa,BLA,36,left,0
1993,1994,3,7371.22,5581.42,2463.8,0.3203125,1993,303,BLAa,BLA,36,left,0
1994,1995,3,7373.68,5581.22,2461.7800000000007,0.69921875,1994,303,BLAa,BLA,36,left,0
1995,1996,3,7375.2,5581.16,2460.620000000001,0.5546875,1995,303,BLAa,BLA,36,left,0
1996,1997,3,7377.06,5581.76,2458.74,0.41015625,1996,303,BLAa,BLA,36,left,0
1997,1998,3,7377.98,5582.28,2457.540000000001,0.41015625,1997,303,BLAa,BLA,36,left,0
1998,1999,3,7378.98,5582.34,2456.459999999999,0.0234375,1998,303,BLAa,BLA,36,left,0
1999,2000,3,7380.22,5582.46,2453.84,0.69921875,1999,303,BLAa,BLA,36,left,0
2000,2001,3,7380.08,5581.8,2452.32,0.5234375,2000,303,BLAa,BLA,36,left,0
2001,2002,3,7379.94,5579.24,2450.4400000000005,0.4375,2001,303,BLAa,BLA,36,left,0
2002,2003,3,7379.78,5578.2,2448.6800000000003,0.7578125,2002,303,BLAa,BLA,36,left,0
2003,2004,3,7379.48,5577.68,2445.48,0.61328125,2003,303,BLAa,BLA,36,left,0
2004,2005,3,7379.3,5576.62,2443.5599999999995,0.5234375,2004,303,BLAa,BLA,36,left,0
2005,2006,3,7379.28,5575.46,2441.459999999999,0.3203125,2005,303,BLAa,BLA,36,left,0
2006,2007,3,7380.78,5574.2,2441.24,0.234375,2006,303,BLAa,BLA,36,left,0
2007,2008,3,7382.66,5573.08,2439.7000000000007,0.29296875,2007,303,BLAa,BLA,36,left,0
2008,2009,3,7382.5,5572.64,2438.0200000000004,0.5234375,2008,303,BLAa,BLA,36,left,0
2009,2010,3,7382.38,5571.0,2436.620000000001,0.640625,2009,303,BLAa,BLA,36,left,0
2010,2011,3,7382.22,5569.36,2434.7800000000007,0.29296875,2010,303,BLAa,BLA,36,left,0
2011,2012,3,7382.1,5568.54,2433.34,0.5234375,2011,303,BLAa,BLA,36,left,0
2012,2013,3,7382.02,5566.48,2432.2000000000007,0.41015625,2012,303,BLAa,BLA,36,left,0
2013,2014,3,7382.02,5564.66,2431.8600000000006,0.41015625,2013,303,BLAa,BLA,36,left,0
2014,2015,3,7381.96,5562.36,2430.82,0.5546875,2014,303,BLAa,BLA,36,left,0
2015,2016,3,7381.74,5559.44,2428.32,0.58203125,2015,303,BLAa,BLA,36,left,0
2016,2017,3,7381.58,5558.78,2426.620000000001,0.58203125,2016,303,BLAa,BLA,36,left,0
2017,2018,3,7380.14,5557.42,2426.0200000000004,0.4375,2017,303,BLAa,BLA,36,left,0
2018,2019,3,7377.84,5556.3,2424.620000000001,0.49609375,2018,303,BLAa,BLA,36,left,0
2019,2020,3,7376.62,5555.28,2423.6000000000004,0.41015625,2019,303,BLAa,BLA,36,left,0
2020,2021,3,7376.26,5552.74,2422.24,0.41015625,2020,303,BLAa,BLA,36,left,0
2021,2022,3,7376.36,5551.2,2419.7800000000007,0.26171875,2021,303,BLAa,BLA,36,left,0
2022,2023,3,7377.72,5550.08,2418.540000000001,0.5234375,2022,303,BLAa,BLA,36,left,0
2023,2024,3,7378.22,5549.42,2416.7800000000007,0.9921875,2023,303,BLAa,BLA,36,left,0
2024,2025,3,7379.74,5549.34,2416.22,0.07421875,2024,303,BLAa,BLA,36,left,0
2025,2026,3,7382.3,5548.94,2415.7000000000007,0.37890625,2025,303,BLAa,BLA,36,left,0
2026,2027,3,7383.28,5548.24,2414.58,0.5234375,2026,303,BLAa,BLA,36,left,0
2027,2028,3,7384.92,5547.6,2413.379999999999,0.234375,2027,303,BLAa,BLA,36,left,0
2028,2029,3,7385.28,5546.5,2411.84,0.29296875,2028,303,BLAa,BLA,36,left,0
2029,2030,3,7386.0,5545.42,2409.5200000000004,0.3515625,2029,303,BLAa,BLA,36,left,0
2030,2031,3,7387.06,5544.88,2407.1800000000003,0.37890625,2030,303,BLAa,BLA,36,left,0
2031,2032,3,7389.04,5544.26,2406.08,0.5234375,2031,303,BLAa,BLA,36,left,0
2032,2033,3,7389.34,5543.04,2403.620000000001,0.203125,2032,303,BLAa,BLA,36,left,0
2033,2034,3,7389.4,5542.56,2402.040000000001,0.3203125,2033,303,BLAa,BLA,36,left,0
2034,2035,3,7390.88,5541.9,2401.6800000000003,0.61328125,2034,303,BLAa,BLA,36,left,0
2035,2036,3,7392.58,5540.32,2399.959999999999,0.3203125,2035,303,BLAa,BLA,36,left,0
2036,2037,3,7393.28,5539.32,2398.26,0.17578125,2036,303,BLAa,BLA,36,left,0
2037,2038,3,7393.64,5537.12,2396.7000000000007,0.3515625,2037,303,BLAa,BLA,36,left,0
2038,2039,3,7393.46,5534.22,2394.8,0.37890625,2038,303,BLAa,BLA,36,left,0
2039,2040,3,7393.34,5531.66,2392.98,0.671875,2039,303,BLAa,BLA,36,left,0
2040,2041,3,7393.76,5531.06,2391.22,0.61328125,2040,303,BLAa,BLA,36,left,0
2041,2042,3,7394.08,5530.0,2388.8,0.46484375,2041,303,BLAa,BLA,36,left,0
2042,2043,3,7393.92,5528.48,2387.0200000000004,0.29296875,2042,303,BLAa,BLA,36,left,0
2043,2044,3,7393.7,5527.36,2384.6000000000004,0.234375,2043,303,BLAa,BLA,36,left,0
2044,2045,3,7393.52,5526.46,2382.66,0.26171875,2044,303,BLAa,BLA,36,left,0
2045,2046,3,7393.9,5525.82,2380.72,0.26171875,2045,303,BLAa,BLA,36,left,0
2046,2047,3,7395.36,5524.04,2379.24,0.4375,2046,303,BLAa,BLA,36,left,0
2047,2048,3,7396.56,5523.16,2377.98,0.41015625,2047,303,BLAa,BLA,36,left,0
2048,2049,3,7396.78,5521.92,2375.1000000000004,0.234375,2048,303,BLAa,BLA,36,left,0
2049,2050,3,7398.08,5521.34,2373.42,0.41015625,2049,303,BLAa,BLA,36,left,0
2050,2051,3,7398.44,5520.9,2370.5599999999995,0.49609375,2050,303,BLAa,BLA,36,left,0
2051,2052,3,7398.28,5520.38,2368.82,0.81640625,2051,303,BLAa,BLA,36,left,0
2052,2053,3,7398.0,5520.44,2366.08,0.37890625,2052,303,BLAa,BLA,36,left,0
2053,2054,3,7397.74,5518.86,2363.4,0.46484375,2053,303,BLAa,BLA,36,left,0
2054,2055,3,7397.42,5517.5,2361.58,0.3515625,2054,303,BLAa,BLA,36,left,0
2055,2056,3,7396.28,5517.18,2361.1000000000004,0.3515625,2055,303,BLAa,BLA,36,left,0
2056,2057,3,7397.3,5517.14,2360.879999999999,0.05859375,2056,303,BLAa,BLA,36,left,0
2057,2058,3,7396.6,5518.3,2352.1000000000004,0.3203125,2057,303,BLAa,BLA,36,left,0
2058,2059,3,7396.36,5518.32,2349.72,0.26171875,2058,303,BLAa,BLA,36,left,0
2059,2060,3,7396.14,5517.02,2347.6399999999994,0.875,2059,303,BLAa,BLA,36,left,0
2060,2061,3,7396.1,5514.86,2347.24,0.5546875,2060,303,BLAa,BLA,36,left,0
2061,2062,3,7395.94,5512.64,2346.3600000000006,0.5234375,2061,303,BLAa,BLA,36,left,0
2062,2063,3,7395.2,5511.28,2346.08,0.49609375,2062,303,BLAa,BLA,36,left,0
2063,2064,3,7394.42,5508.68,2345.6000000000004,0.17578125,2063,303,BLAa,BLA,36,left,0
2064,2065,3,7393.46,5507.18,2344.7800000000007,0.37890625,2064,311,BLAp,BLA,36,left,0
2065,2066,3,7393.1,5505.34,2343.84,0.46484375,2065,311,BLAp,BLA,36,left,0
2066,2067,3,7392.06,5503.54,2342.8,0.3203125,2066,131,LA,LA,36,left,0
2067,2068,3,7391.68,5502.54,2340.74,0.17578125,2067,131,LA,LA,36,left,0
2068,2069,3,7390.84,5502.58,2339.4400000000005,0.49609375,2068,131,LA,LA,36,left,0
2069,2070,3,7389.76,5503.52,2333.1399999999994,0.7578125,2069,131,LA,LA,36,left,0
2070,2071,3,7390.34,5504.14,2331.08,0.41015625,2070,131,LA,LA,36,left,0
2071,2072,3,7391.62,5503.94,2329.98,0.46484375,2071,131,LA,LA,36,left,0
2072,2073,3,7391.74,5503.54,2328.4,0.37890625,2072,131,LA,LA,36,left,0
2073,2074,3,7391.5,5501.8,2326.1000000000004,0.29296875,2073,131,LA,LA,36,left,0
2074,2075,3,7391.36,5499.72,2324.8,0.5546875,2074,131,LA,LA,36,left,0
2075,2076,3,7391.14,5498.98,2322.540000000001,0.26171875,2075,131,LA,LA,36,left,0
2076,2077,3,7391.34,5496.88,2320.459999999999,0.26171875,2076,131,LA,LA,36,left,0
2077,2078,3,7391.92,5495.0,2319.379999999999,0.5546875,2077,131,LA,LA,36,left,0
2078,2079,3,7391.78,5493.84,2317.1399999999994,0.26171875,2078,131,LA,LA,36,left,0
2079,2080,3,7391.62,5491.86,2315.6000000000004,0.00390625,2079,131,LA,LA,36,left,0
2080,2081,3,7391.42,5490.58,2313.84,0.84765625,2080,131,LA,LA,36,left,0
2081,2082,3,7391.28,5489.78,2312.620000000001,0.61328125,2081,131,LA,LA,36,left,0
2082,2083,3,7391.18,5487.22,2311.92,0.58203125,2082,131,LA,LA,36,left,0
2083,2084,3,7391.14,5484.56,2311.7800000000007,0.5234375,2083,131,LA,LA,36,left,0
2084,2085,3,7391.06,5482.64,2311.379999999999,0.640625,2084,131,LA,LA,36,left,0
2085,2086,3,7389.84,5481.84,2309.879999999999,0.5234375,2085,131,LA,LA,36,left,0
2086,2087,3,7388.52,5480.98,2308.82,0.234375,2086,131,LA,LA,36,left,0
2087,2088,3,7388.18,5479.56,2307.58,0.3515625,2087,131,LA,LA,36,left,0
2088,2089,3,7388.04,5477.48,2306.6399999999994,0.49609375,2088,131,LA,LA,36,left,0
2089,2090,3,7387.92,5474.9,2305.7800000000007,0.4375,2089,131,LA,LA,36,left,0
2090,2091,3,7387.82,5473.02,2304.879999999999,0.58203125,2090,131,LA,LA,36,left,0
2091,2092,3,7387.56,5470.18,2303.66,0.640625,2091,131,LA,LA,36,left,0
2092,2093,3,7386.8,5468.58,2303.6399999999994,0.29296875,2092,131,LA,LA,36,left,0
2093,2094,3,7386.22,5464.94,2302.42,0.58203125,2093,131,LA,LA,36,left,0
2094,2095,3,7386.78,5462.66,2302.1399999999994,0.49609375,2094,131,LA,LA,36,left,0
2095,2096,3,7387.56,5459.76,2300.76,0.37890625,2095,131,LA,LA,36,left,0
2096,2097,3,7388.2,5458.46,2299.72,0.3203125,2096,131,LA,LA,36,left,0
2097,2098,3,7388.24,5457.48,2296.5,0.4375,2097,131,LA,LA,36,left,0
2098,2099,3,7388.9,5456.86,2295.48,0.3515625,2098,131,LA,LA,36,left,0
2099,2100,3,7389.28,5455.4,2293.2000000000007,0.5546875,2099,131,LA,LA,36,left,0
2100,2101,3,7389.78,5454.72,2291.379999999999,0.37890625,2100,131,LA,LA,36,left,0
2101,2102,3,7389.64,5453.56,2289.22,0.29296875,2101,131,LA,LA,36,left,0
2102,2103,3,7389.5,5452.26,2287.0200000000004,0.203125,2102,131,LA,LA,36,left,0
2103,2104,3,7390.16,5450.76,2286.3600000000006,0.81640625,2103,131,LA,LA,36,left,0
2104,2105,3,7390.32,5450.58,2283.98,0.203125,2104,131,LA,LA,36,left,0
2105,2106,3,7391.18,5448.7,2283.84,0.00390625,2105,131,LA,LA,36,left,0
2106,2107,3,7391.3,5447.14,2282.2000000000007,0.3515625,2106,131,LA,LA,36,left,0
2107,2108,3,7391.86,5444.84,2280.7800000000007,0.3515625,2107,131,LA,LA,36,left,0
2108,2109,3,7393.2,5444.18,2279.8,0.17578125,2108,131,LA,LA,36,left,0
2109,2110,3,7393.3,5442.52,2278.459999999999,0.5234375,2109,131,LA,LA,36,left,0
2110,2111,3,7393.08,5439.76,2276.8600000000006,0.4375,2110,131,LA,LA,36,left,0
2111,2112,3,7392.96,5437.76,2276.040000000001,0.4375,2111,131,LA,LA,36,left,0
2112,2113,3,7392.84,5435.14,2274.2800000000007,0.69921875,2112,131,LA,LA,36,left,0
2113,2114,3,7393.34,5434.2,2272.08,0.3515625,2113,131,LA,LA,36,left,0
2114,2115,3,7393.48,5432.82,2269.66,0.4375,2114,131,LA,LA,36,left,0
2115,2116,3,7393.3,5430.28,2268.2800000000007,0.26171875,2115,131,LA,LA,36,left,0
2116,2117,3,7393.86,5428.48,2268.24,0.46484375,2116,131,LA,LA,36,left,0
2117,2118,3,7394.58,5425.82,2267.34,0.4375,2117,131,LA,LA,36,left,0
2118,2119,3,7395.56,5423.8,2266.1399999999994,0.9609375,2118,131,LA,LA,36,left,0
2119,2120,3,7397.38,5422.38,2265.9,0.3515625,2119,131,LA,LA,36,left,0
2120,2121,3,7397.78,5419.28,2266.459999999999,0.4375,2120,131,LA,LA,36,left,0
2121,2122,3,7397.56,5416.5,2265.0,22.953125,2121,131,LA,LA,36,left,0
2122,2123,3,7397.48,5416.2,2262.5,0.61328125,2122,131,LA,LA,36,left,0
2123,2124,3,7398.4,5415.0,2262.120000000001,0.46484375,2123,131,LA,LA,36,left,0
2124,2125,3,7400.28,5414.14,2262.0599999999995,0.41015625,2124,131,LA,LA,36,left,0
2125,2126,3,7400.74,5413.6,2260.72,0.5234375,2125,131,LA,LA,36,left,0
2126,2127,3,7401.16,5413.54,2257.4400000000005,0.49609375,2126,131,LA,LA,36,left,0
2127,2128,3,7402.14,5412.8,2255.5,0.17578125,2127,131,LA,LA,36,left,0
2128,2129,3,7402.9,5411.78,2253.58,0.69921875,2128,131,LA,LA,36,left,0
2129,2130,3,7404.4,5411.18,2252.92,0.17578125,2129,131,LA,LA,36,left,0
2130,2131,3,7405.98,5410.54,2251.84,0.01171875,2130,131,LA,LA,36,left,0
2131,2132,3,7406.68,5410.04,2249.9400000000005,0.4375,2131,131,LA,LA,36,left,0
2132,2133,3,7406.82,5407.82,2248.6399999999994,0.49609375,2132,131,LA,LA,36,left,0
2133,2134,3,7406.56,5404.6,2247.08,0.5546875,2133,131,LA,LA,36,left,0
2134,2135,3,7406.38,5401.98,2246.08,0.4375,2134,131,LA,LA,36,left,0
2135,2136,3,7406.26,5399.44,2245.620000000001,0.58203125,2135,131,LA,LA,36,left,0
2136,2137,3,7406.3,5398.46,2243.58,1.109375,2136,131,LA,LA,36,left,0
2137,2138,3,7407.58,5398.02,2241.7800000000007,0.93359375,2137,131,LA,LA,36,left,0
2138,2139,3,7409.96,5397.32,2240.9,0.3515625,2138,131,LA,LA,36,left,0
2139,2140,3,7412.76,5397.08,2240.24,0.203125,2139,131,LA,LA,36,left,0
2140,2141,3,7414.16,5396.6,2238.620000000001,21.7578125,2140,131,LA,LA,36,left,0
2141,2142,3,7415.08,5395.02,2236.72,0.73046875,2141,131,LA,LA,36,left,0
2142,2143,3,7415.04,5392.66,2235.76,16.80078125,2142,131,LA,LA,36,left,0
2143,2144,3,7415.84,5389.84,2236.08,7.9921875,2143,131,LA,LA,36,left,0
2144,2145,3,7415.98,5388.12,2235.8,12.19140625,2144,131,LA,LA,36,left,0
2145,2146,3,7415.76,5388.38,2233.620000000001,4.375,2145,131,LA,LA,36,left,0
2146,2147,3,7416.94,5388.02,2232.24,0.41015625,2146,131,LA,LA,36,left,0
2147,2148,3,7418.64,5386.36,2232.120000000001,4.2890625,2147,131,LA,LA,36,left,0
2148,2149,3,7419.2,5384.58,2232.58,7.93359375,2148,131,LA,LA,36,left,0
2149,2150,3,7420.94,5383.48,2232.92,11.375,2149,131,LA,LA,36,left,0
2150,2151,3,7422.66,5382.86,2233.0599999999995,0.7890625,2150,131,LA,LA,36,left,0
2151,2152,3,7422.52,5382.86,2229.6399999999994,0.61328125,2151,131,LA,LA,36,left,0
2152,2153,3,7422.64,5382.88,2227.2800000000007,0.7578125,2152,131,LA,LA,36,left,0
2153,2154,3,7423.18,5381.7,2225.9,0.58203125,2153,131,LA,LA,36,left,0
2154,2155,3,7423.04,5379.76,2223.82,0.41015625,2154,131,LA,LA,36,left,0
2155,2156,3,7422.86,5378.58,2222.4400000000005,0.3515625,2155,131,LA,LA,36,left,0
2156,2157,3,7422.72,5376.42,2221.8,0.49609375,2156,131,LA,LA,36,left,0
2157,2158,3,7422.5,5373.44,2220.7000000000007,0.37890625,2157,131,LA,LA,36,left,0
2158,2159,3,7422.32,5372.28,2219.32,0.37890625,2158,131,LA,LA,36,left,0
2159,2160,3,7422.74,5371.02,2216.4,0.3203125,2159,131,LA,LA,36,left,0
2160,2161,3,7423.84,5370.6,2214.5200000000004,0.5546875,2160,131,LA,LA,36,left,0
2161,2162,3,7424.1,5368.84,2213.9400000000005,0.49609375,2161,131,LA,LA,36,left,0
2162,2163,3,7425.0,5365.32,2214.32,0.00390625,2162,131,LA,LA,36,left,0
2163,2164,3,7426.76,5363.56,2214.379999999999,2.5390625,2163,131,LA,LA,36,left,0
2164,2165,3,7429.0,5362.86,2214.5200000000004,2.828125,2164,131,LA,LA,36,left,0
2165,2166,3,7431.04,5362.88,2213.72,0.4375,2165,131,LA,LA,36,left,0
2166,2167,3,7430.96,5363.12,2211.34,0.58203125,2166,131,LA,LA,36,left,0
2167,2168,3,7430.62,5363.1,2208.0200000000004,0.58203125,2167,131,LA,LA,36,left,0
2168,2169,3,7430.84,5362.46,2206.66,0.7578125,2168,131,LA,LA,36,left,0
2169,2170,3,7432.6,5361.06,2205.2000000000007,0.58203125,2169,131,LA,LA,36,left,0
2170,2171,3,7434.3,5360.32,2203.959999999999,0.26171875,2170,131,LA,LA,36,left,0
2171,2172,3,7434.8,5359.62,2202.72,0.46484375,2171,131,LA,LA,36,left,0
2172,2173,3,7434.5,5357.7,2199.92,0.69921875,2172,131,LA,LA,36,left,0
2173,2174,3,7434.9,5357.08,2198.0,0.3515625,2173,131,LA,LA,36,left,0
2174,2175,3,7435.12,5357.18,2194.1399999999994,0.3515625,2174,131,LA,LA,36,left,0
2175,2176,3,7434.92,5356.9,2192.0599999999995,0.3515625,2175,131,LA,LA,36,left,0
2176,2177,3,7434.7,5355.34,2190.6000000000004,0.3515625,2176,131,LA,LA,36,left,0
2177,2178,3,7434.3,5355.24,2185.08,0.46484375,2177,131,LA,LA,36,left,0
2178,2179,3,7434.78,5355.32,2182.620000000001,0.41015625,2178,131,LA,LA,36,left,0
2179,2180,3,7434.96,5354.98,2180.959999999999,0.015625,2179,131,LA,LA,36,left,0
2180,2181,3,7434.7,5353.42,2178.2800000000007,0.69921875,2180,131,LA,LA,36,left,0
2181,2182,3,7434.78,5352.26,2176.6000000000004,0.69921875,2181,131,LA,LA,36,left,0
2182,2183,3,7435.9,5351.46,2175.66,0.5546875,2182,131,LA,LA,36,left,0
2183,2184,3,7436.6,5350.72,2173.82,0.5234375,2183,131,LA,LA,36,left,0
2184,2185,3,7436.4,5350.3,2171.74,0.4375,2184,131,LA,LA,36,left,0
2185,2186,3,7437.94,5350.42,2169.879999999999,0.3515625,2185,131,LA,LA,36,left,0
2186,2187,3,7439.6,5349.96,2169.66,0.4375,2186,131,LA,LA,36,left,0
2187,2188,3,7439.68,5348.4,2168.620000000001,0.7578125,2187,131,LA,LA,36,left,0
2188,2189,3,7439.42,5347.72,2166.1399999999994,11.375,2188,131,LA,LA,36,left,0
2189,2190,3,7439.26,5346.28,2163.0,0.5234375,2189,131,LA,LA,36,left,0
2190,2191,3,7439.8,5345.16,2160.879999999999,0.73046875,2190,131,LA,LA,36,left,0
2191,2192,3,7439.9,5344.88,2159.72,0.0390625,2191,131,LA,LA,36,left,1
2192,2193,3,7334.08,5597.34,2650.22,0.015625,785,303,BLAa,BLA,37,left,0
2193,2194,3,7336.1,5597.0,2650.08,0.37890625,2193,303,BLAa,BLA,37,left,0
2194,2195,3,7337.36,5594.78,2649.92,0.37890625,2194,303,BLAa,BLA,37,left,0
2195,2196,3,7338.2,5592.1,2649.8600000000006,0.5546875,2195,303,BLAa,BLA,37,left,0
2196,2197,3,7338.72,5588.74,2649.379999999999,0.69921875,2196,303,BLAa,BLA,37,left,0
2197,2198,3,7339.84,5587.46,2648.8600000000006,0.3203125,2197,303,BLAa,BLA,37,left,0
2198,2199,3,7342.06,5586.34,2648.9400000000005,0.61328125,2198,303,BLAa,BLA,37,left,0
2199,2200,3,7342.74,5583.44,2648.66,0.46484375,2199,303,BLAa,BLA,37,left,0
2200,2201,3,7343.84,5580.82,2648.459999999999,0.4375,2200,303,BLAa,BLA,37,left,0
2201,2202,3,7344.44,5577.96,2647.9400000000005,0.3515625,2201,303,BLAa,BLA,37,left,0
2202,2203,3,7345.26,5575.64,2647.26,0.73046875,2202,303,BLAa,BLA,37,left,0
2203,2204,3,7346.66,5574.56,2646.76,0.41015625,2203,303,BLAa,BLA,37,left,0
2204,2205,3,7349.08,5573.68,2646.8,0.3515625,2204,303,BLAa,BLA,37,left,0
2205,2206,3,7350.44,5572.32,2646.58,0.5234375,2205,303,BLAa,BLA,37,left,0
2206,2207,3,7350.72,5571.6,2644.76,0.3203125,2206,303,BLAa,BLA,37,left,0
2207,2208,3,7352.06,5571.32,2642.620000000001,0.3515625,2207,303,BLAa,BLA,37,left,0
2208,2209,3,7352.46,5570.16,2640.98,0.58203125,2208,303,BLAa,BLA,37,left,0
2209,2210,3,7352.66,5568.32,2639.2800000000007,5.453125,2209,303,BLAa,BLA,37,left,0
2210,2211,3,7353.48,5566.66,2638.620000000001,0.5234375,2210,303,BLAa,BLA,37,left,0
2211,2212,3,7354.08,5562.22,2638.16,0.29296875,2211,303,BLAa,BLA,37,left,0
2212,2213,3,7354.92,5560.14,2637.620000000001,0.4375,2212,303,BLAa,BLA,37,left,0
2213,2214,3,7355.78,5555.52,2638.1800000000003,0.5546875,2213,303,BLAa,BLA,37,left,0
2214,2215,3,7357.32,5553.26,2637.959999999999,0.29296875,2214,303,BLAa,BLA,37,left,0
2215,2216,3,7358.4,5549.7,2637.66,0.4375,2215,303,BLAa,BLA,37,left,0
2216,2217,3,7358.68,5547.18,2637.1399999999994,0.84765625,2216,303,BLAa,BLA,37,left,0
2217,2218,3,7360.26,5546.06,2637.4400000000005,0.7890625,2217,303,BLAa,BLA,37,left,0
2218,2219,3,7360.82,5545.1,2636.7000000000007,0.015625,2218,303,BLAa,BLA,37,left,0
2219,2220,3,7362.9,5541.66,2636.92,0.17578125,2219,303,BLAa,BLA,37,left,0
2220,2221,3,7363.98,5539.3,2636.879999999999,0.37890625,2220,303,BLAa,BLA,37,left,0
2221,2222,3,7364.7,5535.22,2637.22,4.140625,2221,303,BLAa,BLA,37,left,0
2222,2223,3,7365.42,5533.02,2636.1399999999994,0.3515625,2222,303,BLAa,BLA,37,left,0
2223,2224,3,7366.88,5529.06,2635.32,0.29296875,2223,303,BLAa,BLA,37,left,0
2224,2225,3,7367.78,5527.22,2634.4400000000005,0.5234375,2224,303,BLAa,BLA,37,left,0
2225,2226,3,7369.54,5525.62,2633.620000000001,0.5546875,2225,303,BLAa,BLA,37,left,0
2226,2227,3,7370.68,5520.5,2633.9,0.4375,2226,303,BLAa,BLA,37,left,0
2227,2228,3,7371.16,5517.26,2633.9,0.5546875,2227,303,BLAa,BLA,37,left,0
2228,2229,3,7373.04,5515.54,2633.8,0.58203125,2228,303,BLAa,BLA,37,left,0
2229,2230,3,7376.64,5511.96,2634.6800000000003,0.41015625,2229,303,BLAa,BLA,37,left,0
2230,2231,3,7377.98,5509.62,2635.040000000001,0.5546875,2230,303,BLAa,BLA,37,left,0
2231,2232,3,7380.68,5508.66,2635.4,0.5546875,2231,303,BLAa,BLA,37,left,0
2232,2233,3,7382.68,5507.26,2635.92,0.58203125,2232,303,BLAa,BLA,37,left,0
2233,2234,3,7382.94,5505.48,2635.76,0.29296875,2233,303,BLAa,BLA,37,left,0
2234,2235,3,7382.92,5503.58,2634.2800000000007,0.41015625,2234,303,BLAa,BLA,37,left,0
2235,2236,3,7382.8,5501.72,2632.24,0.5546875,2235,303,BLAa,BLA,37,left,0
2236,2237,3,7382.86,5501.0,2630.1000000000004,0.49609375,2236,303,BLAa,BLA,37,left,0
2237,2238,3,7384.62,5500.54,2629.6000000000004,0.41015625,2237,303,BLAa,BLA,37,left,0
2238,2239,3,7386.76,5498.18,2630.24,1.01953125,2238,303,BLAa,BLA,37,left,0
2239,2240,3,7386.8,5497.16,2629.8,0.9609375,2239,303,BLAa,BLA,37,left,0
2240,2241,3,7388.52,5496.08,2628.379999999999,0.01953125,2240,303,BLAa,BLA,37,left,0
2241,2242,3,7390.36,5495.08,2627.16,0.5234375,2241,303,BLAa,BLA,37,left,0
2242,2243,3,7390.64,5494.0,2625.74,0.29296875,2242,303,BLAa,BLA,37,left,0
2243,2244,3,7391.78,5492.7,2624.82,0.5546875,2243,303,BLAa,BLA,37,left,0
2244,2245,3,7393.0,5490.3,2624.72,0.3515625,2244,303,BLAa,BLA,37,left,0
2245,2246,3,7393.4,5488.42,2623.5,2.12890625,2245,303,BLAa,BLA,37,left,0
2246,2247,3,7393.92,5486.84,2622.26,0.234375,2246,303,BLAa,BLA,37,left,0
2247,2248,3,7395.52,5485.54,2622.0599999999995,0.3203125,2247,303,BLAa,BLA,37,left,0
2248,2249,3,7396.42,5483.44,2622.1399999999994,0.203125,2248,303,BLAa,BLA,37,left,0
2249,2250,3,7396.92,5480.5,2622.84,0.69921875,2249,303,BLAa,BLA,37,left,0
2250,2251,3,7397.0,5478.92,2622.24,0.640625,2250,303,BLAa,BLA,37,left,0
2251,2252,3,7396.78,5477.92,2620.24,0.5234375,2251,303,BLAa,BLA,37,left,0
2252,2253,3,7396.84,5475.48,2618.8,0.5234375,2252,303,BLAa,BLA,37,left,0
2253,2254,3,7396.96,5473.38,2618.1000000000004,0.73046875,2253,303,BLAa,BLA,37,left,0
2254,2255,3,7397.6,5469.38,2618.58,0.49609375,2254,303,BLAa,BLA,37,left,0
2255,2256,3,7400.0,5466.42,2618.74,0.17578125,2255,303,BLAa,BLA,37,left,0
2256,2257,3,7402.16,5464.72,2618.540000000001,0.29296875,2256,303,BLAa,BLA,37,left,0
2257,2258,3,7403.66,5463.44,2617.8600000000006,0.5234375,2257,303,BLAa,BLA,37,left,0
2258,2259,3,7403.6,5462.26,2616.5,0.61328125,2258,303,BLAa,BLA,37,left,0
2259,2260,3,7404.0,5459.7,2616.5599999999995,0.671875,2259,303,BLAa,BLA,37,left,0
2260,2261,3,7405.38,5456.56,2616.4400000000005,0.3203125,2260,303,BLAa,BLA,37,left,0
2261,2262,3,7408.4,5454.72,2615.72,0.26171875,2261,303,BLAa,BLA,37,left,0
2262,2263,3,7410.84,5453.66,2615.42,0.203125,2262,303,BLAa,BLA,37,left,0
2263,2264,3,7411.26,5452.22,2614.48,0.58203125,2263,303,BLAa,BLA,37,left,0
2264,2265,3,7412.14,5449.6,2614.8600000000006,0.41015625,2264,303,BLAa,BLA,37,left,0
2265,2266,3,7413.96,5447.56,2615.22,0.41015625,2265,303,BLAa,BLA,37,left,0
2266,2267,3,7416.14,5445.78,2615.24,0.49609375,2266,303,BLAa,BLA,37,left,0
2267,2268,3,7416.02,5445.2,2613.22,0.26171875,2267,303,BLAa,BLA,37,left,0
2268,2269,3,7416.82,5444.68,2612.4,0.3515625,2268,303,BLAa,BLA,37,left,0
2269,2270,3,7416.44,5443.62,2612.5,0.01953125,2269,303,BLAa,BLA,37,left,0
2270,2271,3,7414.18,5443.9,2609.74,0.7578125,2270,303,BLAa,BLA,37,left,0
2271,2272,3,7414.0,5443.48,2608.459999999999,0.84765625,2271,303,BLAa,BLA,37,left,0
2272,2273,3,7414.52,5440.86,2608.74,0.58203125,2272,303,BLAa,BLA,37,left,0
2273,2274,3,7414.86,5438.58,2608.459999999999,2.16015625,2273,303,BLAa,BLA,37,left,0
2274,2275,3,7413.84,5438.9,2605.459999999999,1.05078125,2274,303,BLAa,BLA,37,left,0
2275,2276,3,7412.12,5438.12,2604.1800000000003,0.69921875,2275,303,BLAa,BLA,37,left,1
2276,2277,3,7359.16,5563.1,2737.5200000000004,0.84765625,819,477,STR,STR,38,left,0
2277,2278,3,7360.18,5563.52,2740.1399999999994,0.84765625,2277,477,STR,STR,38,left,0
2278,2279,3,7361.02,5564.04,2741.379999999999,0.26171875,2278,477,STR,STR,38,left,0
2279,2280,3,7362.56,5565.08,2742.040000000001,0.7578125,2279,303,BLAa,BLA,38,left,0
2280,2281,3,7362.78,5567.48,2743.1000000000004,0.5546875,2280,303,BLAa,BLA,38,left,0
2281,2282,3,7363.02,5569.02,2744.9,0.29296875,2281,303,BLAa,BLA,38,left,0
2282,2283,3,7364.24,5569.04,2745.6000000000004,0.4375,2282,477,STR,STR,38,left,0
2283,2284,3,7366.98,5568.84,2746.0,0.4375,2283,477,STR,STR,38,left,0
2284,2285,3,7368.02,5569.5,2745.92,0.5234375,2284,477,STR,STR,38,left,0
2285,2286,3,7368.46,5570.14,2748.58,0.37890625,2285,477,STR,STR,38,left,0
2286,2287,3,7369.36,5570.3,2750.620000000001,0.203125,2286,477,STR,STR,38,left,0
2287,2288,3,7370.68,5571.46,2751.74,0.26171875,2287,477,STR,STR,38,left,0
2288,2289,3,7371.92,5572.32,2756.6800000000003,1.57421875,2288,477,STR,STR,38,left,0
2289,2290,3,7372.78,5572.22,2758.379999999999,0.4375,2289,477,STR,STR,38,left,0
2290,2291,3,7374.66,5572.24,2759.6800000000003,1.1953125,2290,477,STR,STR,38,left,0
2291,2292,3,7375.02,5574.3,2760.8600000000006,0.37890625,2291,477,STR,STR,38,left,0
2292,2293,3,7375.9,5575.94,2761.26,0.58203125,2292,477,STR,STR,38,left,1
2293,2294,3,7358.9,5561.42,2736.879999999999,0.0078125,819,477,STR,STR,39,left,0
2294,2295,3,7361.0,5559.32,2738.3600000000006,0.17578125,2294,477,STR,STR,39,left,0
2295,2296,3,7363.2,5556.66,2739.6800000000003,0.69921875,2295,477,STR,STR,39,left,0
2296,2297,3,7363.6,5556.06,2741.1800000000003,0.5234375,2296,477,STR,STR,39,left,0
2297,2298,3,7204.4,5846.34,2837.72,0.0078125,1021,1105,IA,IA,40,left,0
2298,2299,3,7205.56,5843.48,2840.2800000000007,0.69921875,2298,1105,IA,IA,40,left,0
2299,2300,3,7205.74,5842.18,2842.5200000000004,0.41015625,2299,1105,IA,IA,40,left,0
2300,2301,3,7206.9,5841.54,2843.5,0.3203125,2300,1105,IA,IA,40,left,0
2301,2302,3,7208.9,5841.32,2843.459999999999,0.3515625,2301,1105,IA,IA,40,left,0
2302,2303,3,7210.9,5840.3,2843.82,0.5546875,2302,1105,IA,IA,40,left,0
2303,2304,3,7212.76,5838.88,2844.459999999999,0.5234375,2303,1105,IA,IA,40,left,0
2304,2305,3,7216.26,5838.24,2845.5599999999995,0.46484375,2304,1105,IA,IA,40,left,0
2305,2306,3,7218.78,5837.72,2846.74,0.17578125,2305,1105,IA,IA,40,left,0
2306,2307,3,7221.28,5837.62,2848.040000000001,0.234375,2306,1105,IA,IA,40,left,0
2307,2308,3,7222.22,5837.76,2850.4,0.73046875,2307,1105,IA,IA,40,left,0
2308,2309,3,7223.4,5837.8,2851.8600000000006,0.875,2308,1105,IA,IA,40,left,0
2309,2310,3,7226.74,5837.6,2852.5200000000004,0.49609375,2309,1105,IA,IA,40,left,0
2310,2311,3,7229.3,5836.76,2853.0,0.49609375,2310,1105,IA,IA,40,left,0
2311,2312,3,7230.42,5834.92,2854.4400000000005,0.46484375,2311,1105,IA,IA,40,left,0
2312,2313,3,7231.78,5832.46,2857.620000000001,0.640625,2312,1105,IA,IA,40,left,0
2313,2314,3,7233.04,5831.18,2859.0,0.234375,2313,1105,IA,IA,40,left,0
2314,2315,3,7233.76,5829.26,2861.1800000000003,0.73046875,2314,1105,IA,IA,40,left,0
2315,2316,3,7234.48,5827.36,2862.459999999999,0.5546875,2315,1105,IA,IA,40,left,0
2316,2317,3,7235.02,5824.94,2864.120000000001,0.3515625,2316,1105,IA,IA,40,left,1
2317,2318,3,7201.36,5850.78,2838.379999999999,0.00390625,1021,1105,IA,IA,41,left,0
2318,2319,3,7200.18,5852.96,2839.74,0.3515625,2318,1105,IA,IA,41,left,0
2319,2320,3,7200.34,5855.12,2841.72,0.58203125,2319,1105,IA,IA,41,left,0
2320,2321,3,7200.64,5856.58,2844.4,0.58203125,2320,1105,IA,IA,41,left,0
2321,2322,3,7200.06,5857.06,2845.4400000000005,0.17578125,2321,1105,IA,IA,41,left,0
2322,2323,3,7200.02,5857.3,2848.2800000000007,0.69921875,2322,1105,IA,IA,41,left,0
2323,2324,3,7200.14,5856.8,2849.6000000000004,0.7578125,2323,1105,IA,IA,41,left,0
2324,2325,3,7200.48,5856.52,2852.9,0.4375,2324,1105,IA,IA,41,left,0
2325,2326,3,7200.72,5857.16,2854.5,0.41015625,2325,1105,IA,IA,41,left,0
2326,2327,3,7201.1,5859.44,2856.74,0.49609375,2326,1105,IA,IA,41,left,0
2327,2328,3,7201.36,5860.12,2858.6399999999994,0.671875,2327,1105,IA,IA,41,left,0
2328,2329,3,7201.64,5861.5,2860.3600000000006,0.5546875,2328,1105,IA,IA,41,left,0
2329,2330,3,7201.96,5863.18,2862.24,0.17578125,2329,1105,IA,IA,41,left,0
2330,2331,3,7202.14,5863.54,2863.66,0.4375,2330,1105,IA,IA,41,left,0
2331,2332,3,7202.42,5865.52,2865.0,0.73046875,2331,1105,IA,IA,41,left,0
2332,2333,3,7202.7,5867.98,2866.24,0.37890625,2332,1105,IA,IA,41,left,0
2333,2334,3,7203.0,5869.66,2868.0,0.3515625,2333,1105,IA,IA,41,left,0
2334,2335,3,7201.04,5869.9,2868.32,0.01953125,2334,1105,IA,IA,41,left,0
2335,2336,3,7200.88,5871.34,2869.7000000000007,0.73046875,2335,1105,IA,IA,41,left,0
2336,2337,3,7201.36,5874.76,2872.2000000000007,0.61328125,2336,1105,IA,IA,41,left,0
2337,2338,3,7201.68,5876.92,2873.84,0.90234375,2337,1105,IA,IA,41,left,0
2338,2339,3,7201.86,5878.18,2876.4,0.234375,2338,1105,IA,IA,41,left,0
2339,2340,3,7200.76,5878.68,2877.6800000000003,0.41015625,2339,1105,IA,IA,41,left,0
2340,2341,3,7200.1,5878.92,2879.98,0.26171875,2340,1105,IA,IA,41,left,0
2341,2342,3,7198.86,5879.12,2881.24,0.49609375,2341,1105,IA,IA,41,left,0
2342,2343,3,7197.12,5879.68,2882.040000000001,0.640625,2342,1105,IA,IA,41,left,0
2343,2344,3,7197.12,5880.28,2884.76,0.3203125,2343,1105,IA,IA,41,left,0
2344,2345,3,7197.46,5881.76,2886.9,0.69921875,2344,1105,IA,IA,41,left,0
2345,2346,3,7197.44,5882.96,2888.74,0.640625,2345,1105,IA,IA,41,left,0
2346,2347,3,7195.8,5883.26,2890.0,0.41015625,2346,1105,IA,IA,41,left,0
2347,2348,3,7194.64,5883.68,2892.8600000000006,0.46484375,2347,1105,IA,IA,41,left,0
2348,2349,3,7194.26,5884.18,2893.84,0.37890625,2348,1105,IA,IA,41,left,0
2349,2350,3,7194.66,5885.18,2902.379999999999,0.3515625,2349,1105,IA,IA,41,left,0
2350,2351,3,7194.88,5885.02,2904.32,0.234375,2350,1105,IA,IA,41,left,0
2351,2352,3,7195.1,5884.16,2906.4400000000005,0.49609375,2351,1105,IA,IA,41,left,0
2352,2353,3,7195.34,5884.68,2908.22,0.0078125,2352,1105,IA,IA,41,left,0
2353,2354,3,7195.7,5886.16,2910.48,0.81640625,2353,1105,IA,IA,41,left,0
2354,2355,3,7195.68,5887.34,2913.0,0.61328125,2354,1105,IA,IA,41,left,0
2355,2356,3,7195.14,5888.38,2913.959999999999,0.46484375,2355,1105,IA,IA,41,left,0
2356,2357,3,7195.34,5889.18,2916.0200000000004,0.5546875,2356,1105,IA,IA,41,left,0
2357,2358,3,7195.74,5890.76,2918.620000000001,0.46484375,2357,1105,IA,IA,41,left,0
2358,2359,3,7196.0,5892.16,2920.26,0.9921875,2358,1105,IA,IA,41,left,0
2359,2360,3,7198.2,5894.48,2937.959999999999,1.45703125,2359,1105,IA,IA,41,left,0
2360,2361,3,7197.76,5894.32,2940.24,0.640625,2360,1105,IA,IA,41,left,0
2361,2362,3,7197.66,5893.34,2943.08,0.203125,2361,1105,IA,IA,41,left,0
2362,2363,3,7198.12,5893.02,2946.8,0.7578125,2362,1105,IA,IA,41,left,0
2363,2364,3,7198.28,5893.16,2948.040000000001,0.4375,2363,1105,IA,IA,41,left,0
2364,2365,3,7196.86,5893.64,2951.3,0.234375,2364,1105,IA,IA,41,left,0
2365,2366,3,7197.1,5894.36,2956.98,0.4375,2365,1105,IA,IA,41,left,0
2366,2367,3,7197.32,5894.8,2958.5599999999995,0.61328125,2366,1105,IA,IA,41,left,0
2367,2368,3,7197.84,5894.92,2961.82,0.49609375,2367,1105,IA,IA,41,left,0
2368,2369,3,7198.76,5893.52,2963.82,0.5234375,2368,1105,IA,IA,41,left,0
2369,2370,3,7199.54,5892.64,2966.459999999999,1.48828125,2369,1105,IA,IA,41,left,0
2370,2371,3,7200.42,5892.22,2967.6000000000004,1.16796875,2370,1105,IA,IA,41,left,0
2371,2372,3,7201.1,5892.14,2970.76,2.36328125,2371,1105,IA,IA,41,left,0
2372,2373,3,7202.18,5892.28,2972.379999999999,0.41015625,2372,1105,IA,IA,41,left,0
2373,2374,3,7204.44,5892.3,2973.26,0.5546875,2373,1105,IA,IA,41,left,0
2374,2375,3,7206.02,5892.5,2974.82,0.37890625,2374,1105,IA,IA,41,left,0
2375,2376,3,7206.86,5893.88,2977.8,0.26171875,2375,1105,IA,IA,41,left,0
2376,2377,3,7207.2,5895.32,2979.92,0.640625,2376,1105,IA,IA,41,left,0
2377,2378,3,7208.32,5895.8,2982.3600000000006,0.3515625,2377,1105,IA,IA,41,left,0
2378,2379,3,7209.76,5896.18,2983.08,0.5234375,2378,1105,IA,IA,41,left,0
2379,2380,3,7210.24,5897.52,2984.2000000000007,0.81640625,2379,1105,IA,IA,41,left,0
2380,2381,3,7210.56,5898.5,2986.2000000000007,0.234375,2380,1105,IA,IA,41,left,0
2381,2382,3,7210.84,5900.42,2987.6399999999994,0.7890625,2381,1105,IA,IA,41,left,0
2382,2383,3,7211.14,5903.26,2988.84,0.26171875,2382,1105,IA,IA,41,left,0
2383,2384,3,7211.48,5905.48,2990.6000000000004,30.0703125,2383,1105,IA,IA,41,left,0
2384,2385,3,7211.78,5907.52,2992.0,0.41015625,2384,1105,IA,IA,41,left,0
2385,2386,3,7212.1,5908.78,2993.98,0.875,2385,1105,IA,IA,41,left,0
2386,2387,3,7210.04,5909.7,2993.24,0.0078125,2386,1105,IA,IA,41,left,0
2387,2388,3,7209.96,5911.74,2994.379999999999,1.80859375,2387,1105,IA,IA,41,left,0
2388,2389,3,7210.28,5912.62,2996.4400000000005,25.98828125,2388,1105,IA,IA,41,left,0
2389,2390,3,7208.96,5913.6,2997.8600000000006,0.46484375,2389,1105,IA,IA,41,left,0
2390,2391,3,7207.18,5914.78,2998.9,0.17578125,2390,1105,IA,IA,41,left,0
2391,2392,3,7205.2,5915.48,3000.24,0.3203125,2391,1105,IA,IA,41,left,0
2392,2393,3,7203.92,5916.98,3001.1800000000003,0.17578125,2392,1105,IA,IA,41,left,0
2393,2394,3,7202.02,5918.98,3002.24,0.203125,2393,1105,IA,IA,41,left,0
2394,2395,3,7200.44,5919.6,3003.2000000000007,0.81640625,2394,1105,IA,IA,41,left,0
2395,2396,3,7200.8,5922.12,3002.74,0.01171875,2395,1105,IA,IA,41,left,0
2396,2397,3,7199.58,5923.18,3002.8600000000006,0.49609375,2396,1105,IA,IA,41,left,0
2397,2398,3,7198.62,5926.0,3002.4,0.41015625,2397,1105,IA,IA,41,left,0
2398,2399,3,7197.88,5927.94,3002.2000000000007,0.5234375,2398,1105,IA,IA,41,left,0
2399,2400,3,7197.96,5930.54,3002.7800000000007,0.61328125,2399,1105,IA,IA,41,left,0
2400,2401,3,7198.28,5932.86,3004.1000000000004,0.4375,2400,1105,IA,IA,41,left,0
2401,2402,3,7200.46,5934.5,3002.6399999999994,5.25,2401,1105,IA,IA,41,left,0
2402,2403,3,7202.46,5934.24,3001.1800000000003,19.6015625,2402,1105,IA,IA,41,left,0
2403,2404,3,7204.56,5934.04,3000.34,6.18359375,2403,1105,IA,IA,41,left,0
2404,2405,3,7205.52,5933.84,2999.32,24.1796875,2404,1105,IA,IA,41,left,0
2405,2406,3,7207.62,5933.68,2998.8,30.7109375,2405,1105,IA,IA,41,left,0
2406,2407,3,7207.54,5932.94,2993.459999999999,15.05078125,2406,1105,IA,IA,41,left,0
2407,2408,3,7207.68,5932.74,2991.92,5.25,2407,1105,IA,IA,41,left,0
2408,2409,3,7209.64,5932.5,2990.9400000000005,1.515625,2408,1105,IA,IA,41,left,0
2409,2410,3,7211.04,5932.22,2989.24,0.93359375,2409,1105,IA,IA,41,left,0
2410,2411,3,7212.36,5932.02,2988.2800000000007,0.29296875,2410,1105,IA,IA,41,left,0
2411,2412,3,7214.08,5932.54,2987.9400000000005,0.015625,2411,1105,IA,IA,41,left,0
2412,2413,3,7215.22,5935.92,2987.2000000000007,0.61328125,2412,1105,IA,IA,41,left,0
2413,2414,3,7215.68,5937.54,2986.8600000000006,0.3203125,2413,1105,IA,IA,41,left,0
2414,2415,3,7217.26,5937.84,2986.72,0.671875,2414,1105,IA,IA,41,left,0
2415,2416,3,7219.16,5939.52,2986.24,0.5546875,2415,1105,IA,IA,41,left,0
2416,2417,3,7220.8,5942.18,2985.16,0.26171875,2416,1105,IA,IA,41,left,0
2417,2418,3,7222.78,5942.84,2984.22,0.640625,2417,1105,IA,IA,41,left,0
2418,2419,3,7224.52,5942.3,2983.32,0.0234375,2418,1105,IA,IA,41,left,0
2419,2420,3,7225.68,5941.78,2982.1000000000004,23.2734375,2419,1105,IA,IA,41,left,0
2420,2421,3,7227.92,5940.2,2981.32,28.37890625,2420,1105,IA,IA,41,left,0
2421,2422,3,7228.88,5938.0,2981.1000000000004,0.61328125,2421,1105,IA,IA,41,left,0
2422,2423,3,7230.14,5936.24,2981.24,55.0390625,2422,1105,IA,IA,41,left,0
2423,2424,3,7231.78,5934.88,2981.4,1.078125,2423,1105,IA,IA,41,left,0
2424,2425,3,7232.06,5932.78,2981.7800000000007,0.9609375,2424,1105,IA,IA,41,left,0
2425,2426,3,7233.5,5931.24,2982.0,1.45703125,2425,1105,IA,IA,41,left,0
2426,2427,3,7236.2,5930.4,2981.42,0.5234375,2426,1105,IA,IA,41,left,0
2427,2428,3,7237.86,5929.78,2980.74,0.17578125,2427,1105,IA,IA,41,left,0
2428,2429,3,7239.64,5929.7,2981.5200000000004,0.00390625,2428,1105,IA,IA,41,left,0
2429,2430,3,7240.52,5929.62,2983.34,0.7578125,2429,1105,IA,IA,41,left,0
2430,2431,3,7242.22,5929.32,2984.48,0.3515625,2430,1105,IA,IA,41,left,0
2431,2432,3,7245.94,5929.14,2984.76,3.5859375,2431,1105,IA,IA,41,left,0
2432,2433,3,7249.36,5928.92,2984.5599999999995,0.9609375,2432,1105,IA,IA,41,left,0
2433,2434,3,7252.84,5928.68,2984.379999999999,1.01953125,2433,1105,IA,IA,41,left,0
2434,2435,3,7255.12,5928.48,2984.6800000000003,0.17578125,2434,1105,IA,IA,41,left,0
2435,2436,3,7255.88,5928.24,2986.1800000000003,0.41015625,2435,1105,IA,IA,41,left,1
5271,5272,3,7227.86,5734.5,2692.22,0.2578125,1866,303,BLAa,BLA,56,left,0
5272,5273,3,7224.98,5734.76,2692.1800000000003,1.3984375,5272,303,BLAa,BLA,56,left,0
5273,5274,3,7222.6,5734.96,2692.16,1.2265625,5273,303,BLAa,BLA,56,left,0
5274,5275,3,7220.4,5735.02,2692.16,0.7578125,5274,303,BLAa,BLA,56,left,0
5275,5276,3,7218.72,5734.58,2692.24,0.671875,5275,303,BLAa,BLA,56,left,0
5276,5277,3,7215.92,5733.64,2692.22,0.671875,5276,303,BLAa,BLA,56,left,0
5277,5278,3,7214.62,5732.36,2691.8,0.46484375,5277,303,BLAa,BLA,56,left,0
5278,5279,3,7211.62,5731.98,2691.48,0.3515625,5278,303,BLAa,BLA,56,left,0
5279,5280,3,7209.46,5731.72,2691.5200000000004,0.46484375,5279,303,BLAa,BLA,56,left,0
5280,5281,3,7206.9,5729.36,2691.2800000000007,0.4375,5280,303,BLAa,BLA,56,left,0
5281,5282,3,7205.6,5727.58,2690.5,0.69921875,5281,303,BLAa,BLA,56,left,0
5282,5283,3,7202.44,5726.82,2690.120000000001,0.5234375,5282,303,BLAa,BLA,56,left,0
5283,5284,3,7200.12,5725.64,2689.16,0.73046875,5283,303,BLAa,BLA,56,left,0
5284,5285,3,7198.9,5724.74,2687.72,0.640625,5284,303,BLAa,BLA,56,left,0
5285,5286,3,7196.16,5724.54,2686.6800000000003,0.41015625,5285,303,BLAa,BLA,56,left,0
5286,5287,3,7193.3,5724.7,2686.120000000001,0.49609375,5286,303,BLAa,BLA,56,left,0
5287,5288,3,7191.2,5724.78,2685.1800000000003,0.29296875,5287,303,BLAa,BLA,56,left,0
5288,5289,3,7189.84,5724.82,2683.76,0.46484375,5288,303,BLAa,BLA,56,left,0
5289,5290,3,7188.4,5725.42,2681.6399999999994,0.3515625,5289,303,BLAa,BLA,56,left,0
5290,5291,3,7186.9,5726.74,2680.24,0.61328125,5290,303,BLAa,BLA,56,left,0
5291,5292,3,7184.34,5727.32,2678.6399999999994,0.46484375,5291,303,BLAa,BLA,56,left,0
5292,5293,3,7181.52,5727.46,2678.16,0.46484375,5292,303,BLAa,BLA,56,left,0
5293,5294,3,7179.74,5726.9,2677.4,0.01171875,5293,303,BLAa,BLA,56,left,0
5294,5295,3,7227.58,5734.66,2692.8,0.12890625,1866,303,BLAa,BLA,57,left,0
5295,5296,3,7227.4,5735.66,2694.959999999999,0.5234375,5295,303,BLAa,BLA,57,left,0
5296,5297,3,7226.94,5736.08,2696.3,0.640625,5296,303,BLAa,BLA,57,left,0
5297,5298,3,7225.02,5736.58,2696.58,0.69921875,5297,303,BLAa,BLA,57,left,0
5298,5299,3,7224.12,5737.52,2697.34,0.640625,5298,303,BLAa,BLA,57,left,0
5299,5300,3,7224.28,5738.5,2699.2800000000007,0.58203125,5299,303,BLAa,BLA,57,left,0
5300,5301,3,7224.62,5740.82,2701.2800000000007,0.69921875,5300,303,BLAa,BLA,57,left,0
5301,5302,3,7224.8,5743.14,2701.8,0.41015625,5301,303,BLAa,BLA,57,left,0
5302,5303,3,7225.02,5745.58,2702.620000000001,0.17578125,5302,303,BLAa,BLA,57,left,0
5303,5304,3,7225.28,5748.08,2704.3,0.46484375,5303,303,BLAa,BLA,57,left,0
5304,5305,3,7224.82,5750.36,2705.32,0.5234375,5304,303,BLAa,BLA,57,left,0
5305,5306,3,7224.62,5753.76,2706.1800000000003,0.3515625,5305,303,BLAa,BLA,57,left,0
5306,5307,3,7224.92,5758.74,2707.9400000000005,0.5234375,5306,303,BLAa,BLA,57,left,0
5307,5308,3,7224.3,5761.0,2708.34,0.29296875,5307,303,BLAa,BLA,57,left,0
5308,5309,3,7224.08,5764.02,2709.6000000000004,0.640625,5308,303,BLAa,BLA,57,left,0
5309,5310,3,7223.5,5765.6,2710.48,0.46484375,5309,303,BLAa,BLA,57,left,0
5310,5311,3,7223.22,5768.62,2710.8,0.875,5310,303,BLAa,BLA,57,left,0
5311,5312,3,7221.98,5770.56,2711.9,0.5234375,5311,303,BLAa,BLA,57,left,0
5312,5313,3,7221.54,5773.82,2712.6800000000003,0.17578125,5312,303,BLAa,BLA,57,left,0
5313,5314,3,7221.84,5776.86,2713.6399999999994,0.3515625,5313,303,BLAa,BLA,57,left,0
5314,5315,3,7222.14,5779.44,2714.92,0.81640625,5314,303,BLAa,BLA,57,left,0
5315,5316,3,7222.94,5781.32,2715.32,0.7890625,5315,303,BLAa,BLA,57,left,0
5316,5317,3,7225.06,5781.54,2715.2800000000007,0.90234375,5316,303,BLAa,BLA,57,left,0
5317,5318,3,7226.42,5783.42,2716.98,0.00390625,5317,303,BLAa,BLA,57,left,0
5318,5319,3,7228.52,5784.42,2717.9,0.37890625,5318,303,BLAa,BLA,57,left,0
5319,5320,3,7229.26,5786.98,2718.2000000000007,0.41015625,5319,303,BLAa,BLA,57,left,0
5320,5321,3,7230.2,5789.06,2718.42,0.5546875,5320,303,BLAa,BLA,57,left,0
5321,5322,3,7230.76,5790.96,2719.66,0.29296875,5321,303,BLAa,BLA,57,left,0
5322,5323,3,7231.48,5793.56,2721.82,0.49609375,5322,303,BLAa,BLA,57,left,0
5323,5324,3,7232.6,5795.56,2722.879999999999,0.640625,5323,303,BLAa,BLA,57,left,0
5324,5325,3,7233.84,5797.52,2723.2800000000007,0.5234375,5324,303,BLAa,BLA,57,left,0
5325,5326,3,7234.36,5801.42,2723.92,0.4375,5325,303,BLAa,BLA,57,left,0
5326,5327,3,7235.3,5803.5,2724.8600000000006,0.58203125,5326,303,BLAa,BLA,57,left,0
5327,5328,3,7236.46,5807.0,2725.9400000000005,0.234375,5327,303,BLAa,BLA,57,left,0
5328,5329,3,7237.38,5809.36,2726.3,0.203125,5328,303,BLAa,BLA,57,left,0
5329,5330,3,7237.76,5812.88,2727.040000000001,0.5546875,5329,303,BLAa,BLA,57,left,0
5330,5331,3,7237.84,5815.66,2727.0599999999995,0.29296875,5330,303,BLAa,BLA,57,left,0
5331,5332,3,7237.08,5816.7,2727.2000000000007,0.37890625,5331,303,BLAa,BLA,57,left,0
5332,5333,3,7239.24,5818.94,2727.66,0.00390625,5332,303,BLAa,BLA,57,left,0
5333,5334,3,7239.68,5822.08,2728.6800000000003,0.5546875,5333,303,BLAa,BLA,57,left,0
5334,5335,3,7239.96,5825.84,2729.2800000000007,0.5234375,5334,303,BLAa,BLA,57,left,0
5335,5336,3,7240.54,5828.56,2730.1000000000004,0.81640625,5335,303,BLAa,BLA,57,left,0
5336,5337,3,7242.18,5829.72,2730.82,0.3203125,5336,303,BLAa,BLA,57,left,0
5337,5338,3,7243.08,5833.06,2731.76,0.29296875,5337,303,BLAa,BLA,57,left,0
5338,5339,3,7243.82,5836.02,2732.7800000000007,0.5234375,5338,303,BLAa,BLA,57,left,0
5339,5340,3,7245.42,5837.68,2733.72,0.234375,5339,303,BLAa,BLA,57,left,0
5340,5341,3,7246.24,5839.48,2735.3,0.5234375,5340,303,BLAa,BLA,57,left,0
5341,5342,3,7246.66,5842.32,2737.82,0.5234375,5341,303,BLAa,BLA,57,left,0
5342,5343,3,7246.3,5843.22,2738.98,0.3515625,5342,303,BLAa,BLA,57,left,0
5343,5344,3,7244.76,5843.8,2739.459999999999,0.49609375,5343,303,BLAa,BLA,57,left,0
5344,5345,3,7244.72,5845.44,2740.6800000000003,0.640625,5344,303,BLAa,BLA,57,left,0
5345,5346,3,7244.96,5848.72,2741.3,0.29296875,5345,303,BLAa,BLA,57,left,0
5346,5347,3,7245.2,5851.38,2742.120000000001,0.7578125,5346,303,BLAa,BLA,57,left,0
5347,5348,3,7245.46,5854.76,2742.540000000001,0.49609375,5347,303,BLAa,BLA,57,left,0
5348,5349,3,7245.14,5857.88,2742.98,0.00390625,5348,303,BLAa,BLA,57,left,0
5349,5350,3,7244.8,5861.24,2743.8600000000006,0.46484375,5349,303,BLAa,BLA,57,left,0
5350,5351,3,7245.1,5864.42,2744.959999999999,0.5546875,5350,303,BLAa,BLA,57,left,0
5351,5352,3,7244.32,5865.88,2746.120000000001,0.46484375,5351,303,BLAa,BLA,57,left,0
5352,5353,3,7242.84,5866.92,2747.48,0.29296875,5352,303,BLAa,BLA,57,left,0
5353,5354,3,7241.18,5868.18,2748.2000000000007,0.46484375,5353,303,BLAa,BLA,57,left,0
5354,5355,3,7240.72,5870.4,2748.76,0.5234375,5354,303,BLAa,BLA,57,left,0
5355,5356,3,7239.28,5871.72,2749.8600000000006,0.5234375,5355,303,BLAa,BLA,57,left,0
5356,5357,3,7238.4,5872.38,2751.24,0.49609375,5356,303,BLAa,BLA,57,left,0
5357,5358,3,7236.58,5872.98,2752.1000000000004,0.640625,5357,303,BLAa,BLA,57,left,0
5358,5359,3,7234.84,5873.38,2753.2000000000007,0.640625,5358,303,BLAa,BLA,57,left,0
5359,5360,3,7232.96,5873.56,2753.6800000000003,0.3203125,5359,303,BLAa,BLA,57,left,0
5360,5361,3,7230.18,5873.82,2754.6399999999994,0.4375,5360,303,BLAa,BLA,57,left,0
5361,5362,3,7227.24,5873.44,2756.1800000000003,0.58203125,5361,303,BLAa,BLA,57,left,0
5362,5363,3,7225.66,5872.6,2757.34,0.5546875,5362,303,BLAa,BLA,57,left,0
5363,5364,3,7223.04,5872.72,2757.8600000000006,0.4375,5363,303,BLAa,BLA,57,left,0
5364,5365,3,7220.66,5872.68,2758.48,0.4375,5364,303,BLAa,BLA,57,left,0
5365,5366,3,7219.0,5872.5,2759.0200000000004,0.58203125,5365,303,BLAa,BLA,57,left,0
5366,5367,3,7216.06,5872.68,2759.26,0.37890625,5366,303,BLAa,BLA,57,left,0
5367,5368,3,7213.72,5872.84,2759.3,0.46484375,5367,303,BLAa,BLA,57,left,0
5368,5369,3,7211.6,5873.0,2759.459999999999,0.37890625,5368,303,BLAa,BLA,57,left,0
5369,5370,3,7210.16,5873.38,2760.08,0.49609375,5369,303,BLAa,BLA,57,left,0
5370,5371,3,7206.92,5874.6,2760.48,0.3515625,5370,303,BLAa,BLA,57,left,0
5371,5372,3,7205.06,5875.34,2760.6000000000004,0.4375,5371,303,BLAa,BLA,57,left,0
5372,5373,3,7202.74,5875.58,2761.0599999999995,0.5546875,5372,303,BLAa,BLA,57,left,0
5373,5374,3,7199.76,5875.82,2761.4400000000005,0.26171875,5373,303,BLAa,BLA,57,left,0
5374,5375,3,7197.3,5876.22,2761.82,0.17578125,5374,303,BLAa,BLA,57,left,0
5375,5376,3,7194.88,5877.3,2762.1399999999994,0.37890625,5375,303,BLAa,BLA,57,left,0
5376,5377,3,7193.72,5878.1,2762.66,0.49609375,5376,303,BLAa,BLA,57,left,0
5377,5378,3,7190.82,5878.48,2763.22,0.3515625,5377,303,BLAa,BLA,57,left,0
5378,5379,3,7189.2,5879.56,2763.620000000001,0.3515625,5378,303,BLAa,BLA,57,left,0
5379,5380,3,7186.62,5880.56,2764.34,0.3515625,5379,303,BLAa,BLA,57,left,0
5380,5381,3,7184.4,5880.68,2764.48,0.81640625,5380,303,BLAa,BLA,57,left,0
5381,5382,3,7181.44,5882.06,2765.7000000000007,0.0078125,5381,303,BLAa,BLA,57,left,0
5382,5383,3,7179.2,5882.74,2766.9400000000005,0.49609375,5382,303,BLAa,BLA,57,left,0
5383,5384,3,7177.28,5883.2,2767.82,0.4375,5383,303,BLAa,BLA,57,left,0
5384,5385,3,7174.34,5883.38,2768.3600000000006,0.29296875,5384,303,BLAa,BLA,57,left,0
5385,5386,3,7172.58,5883.48,2768.6800000000003,0.41015625,5385,303,BLAa,BLA,57,left,0
5386,5387,3,7170.06,5883.64,2769.0599999999995,0.0234375,5386,303,BLAa,BLA,57,left,0
5387,5388,3,7166.76,5883.84,2769.379999999999,0.49609375,5387,303,BLAa,BLA,57,left,0
5388,5389,3,7164.62,5884.04,2769.4,0.3515625,5388,303,BLAa,BLA,57,left,0
5389,5390,3,7162.22,5884.66,2769.3600000000006,0.49609375,5389,303,BLAa,BLA,57,left,0
5390,5391,3,7160.16,5885.16,2769.32,0.37890625,5390,303,BLAa,BLA,57,left,0
5391,5392,3,7157.1,5885.56,2769.34,0.41015625,5391,303,BLAa,BLA,57,left,0
5392,5393,3,7152.84,5886.14,2769.459999999999,0.5234375,5392,303,BLAa,BLA,57,left,0
5393,5394,3,7150.76,5886.86,2769.66,0.61328125,5393,303,BLAa,BLA,57,left,0
5394,5395,3,7148.16,5888.28,2769.540000000001,0.73046875,5394,303,BLAa,BLA,57,left,0
5395,5396,3,7146.44,5889.16,2769.8600000000006,0.58203125,5395,303,BLAa,BLA,57,left,0
5396,5397,3,7144.44,5889.86,2770.3600000000006,0.58203125,5396,303,BLAa,BLA,57,left,0
5397,5398,3,7141.44,5892.18,2771.040000000001,0.4375,5397,303,BLAa,BLA,57,left,0
5398,5399,3,7139.74,5894.48,2770.8600000000006,0.671875,5398,303,BLAa,BLA,57,left,0
5399,5400,3,7138.1,5895.94,2770.76,0.0234375,5399,303,BLAa,BLA,57,left,0
5400,5401,3,7136.82,5898.42,2770.8,0.4375,5400,303,BLAa,BLA,57,left,0
5401,5402,3,7133.46,5900.68,2770.84,0.5234375,5401,303,BLAa,BLA,57,left,0
5402,5403,3,7131.78,5901.8,2771.1399999999994,0.3515625,5402,303,BLAa,BLA,57,left,0
5403,5404,3,7130.38,5903.96,2771.66,0.4375,5403,303,BLAa,BLA,57,left,0
5404,5405,3,7129.64,5905.5,2772.32,0.41015625,5404,303,BLAa,BLA,57,left,0
5405,5406,3,7128.34,5905.72,2772.620000000001,0.7578125,5405,303,BLAa,BLA,57,left,0
5406,5407,3,7125.8,5906.46,2772.879999999999,0.02734375,5406,303,BLAa,BLA,57,left,0
5407,5408,3,7124.5,5907.46,2773.24,0.640625,5407,303,BLAa,BLA,57,left,0
5408,5409,3,7124.78,5909.98,2773.72,0.29296875,5408,303,BLAa,BLA,57,left,0
5409,5410,3,7125.26,5914.16,2774.959999999999,0.41015625,5409,303,BLAa,BLA,57,left,0
5410,5411,3,7125.64,5917.06,2776.2000000000007,0.7890625,5410,303,BLAa,BLA,57,left,0
5411,5412,3,7125.62,5919.4,2777.42,0.49609375,5411,303,BLAa,BLA,57,left,0
5412,5413,3,7124.28,5920.4,2777.92,0.3203125,5412,303,BLAa,BLA,57,left,0
5413,5414,3,7123.94,5922.62,2778.7000000000007,1.05078125,5413,303,BLAa,BLA,57,left,0
5414,5415,3,7124.44,5926.54,2780.26,0.3515625,5414,303,BLAa,BLA,57,left,0
5415,5416,3,7124.78,5929.2,2781.1800000000003,0.3515625,5415,303,BLAa,BLA,57,left,0
5416,5417,3,7124.42,5931.34,2782.16,0.5234375,5416,303,BLAa,BLA,57,left,0
5417,5418,3,7123.48,5933.98,2782.6399999999994,0.41015625,5417,303,BLAa,BLA,57,left,0
5418,5419,3,7122.26,5935.56,2783.6399999999994,0.00390625,5418,303,BLAa,BLA,57,left,0
5419,5420,3,7122.22,5936.94,2785.34,0.671875,5419,303,BLAa,BLA,57,left,0
5420,5421,3,7122.42,5938.84,2785.8,0.41015625,5420,303,BLAa,BLA,57,left,0
5421,5422,3,7122.76,5941.1,2787.1399999999994,0.4375,5421,303,BLAa,BLA,57,left,0
5422,5423,3,7123.28,5944.28,2789.4400000000005,0.69921875,5422,303,BLAa,BLA,57,left,0
5423,5424,3,7123.62,5946.62,2790.5599999999995,0.41015625,5423,303,BLAa,BLA,57,left,0
5424,5425,3,7122.94,5947.8,2791.379999999999,0.4375,5424,303,BLAa,BLA,57,left,0
5425,5426,3,7121.16,5947.9,2791.72,0.3515625,5425,303,BLAa,BLA,57,left,0
5426,5427,3,7123.72,5949.34,2791.6000000000004,0.0078125,5426,303,BLAa,BLA,57,left,0
5427,5428,3,7124.24,5952.0,2791.98,0.5546875,5427,303,BLAa,BLA,57,left,0
5428,5429,3,7124.52,5954.52,2792.66,1.33984375,5428,303,BLAa,BLA,57,left,0
5429,5430,3,7126.14,5977.54,2788.879999999999,0.58203125,5429,334,BMAp,BMA,57,left,0
5430,5431,3,7126.3,5979.46,2788.72,0.234375,5430,334,BMAp,BMA,57,left,0
5431,5432,3,7126.66,5985.46,2787.8600000000006,0.4375,5431,334,BMAp,BMA,57,left,0
5432,5433,3,7126.22,5987.42,2787.6800000000003,0.61328125,5432,334,BMAp,BMA,57,left,1
5433,5434,3,7365.08,5555.54,2739.98,0.00390625,2297,477,STR,STR,58,left,0
5434,5435,3,7367.58,5553.6,2740.4,0.3203125,5434,477,STR,STR,58,left,0
5435,5436,3,7368.32,5551.12,2740.22,0.46484375,5435,477,STR,STR,58,left,0
5436,5437,3,7369.66,5548.66,2739.959999999999,0.61328125,5436,477,STR,STR,58,left,0
5437,5438,3,7372.62,5546.8,2740.34,0.37890625,5437,477,STR,STR,58,left,0
5438,5439,3,7375.18,5545.02,2740.540000000001,0.41015625,5438,477,STR,STR,58,left,0
5439,5440,3,7376.88,5543.56,2740.2800000000007,0.49609375,5439,477,STR,STR,58,left,0
5440,5441,3,7378.78,5537.72,2741.6399999999994,0.3515625,5440,477,STR,STR,58,left,0
5441,5442,3,7379.88,5535.62,2741.959999999999,0.58203125,5441,477,STR,STR,58,left,1
5442,5443,3,7365.8,5555.32,2741.66,0.05859375,2297,477,STR,STR,59,left,0
5443,5444,3,7368.34,5553.92,2742.16,1.05078125,5443,477,STR,STR,59,left,0
5444,5445,3,7369.42,5552.26,2742.9,1.05078125,5444,477,STR,STR,59,left,0
5445,5446,3,7369.82,5551.18,2745.2800000000007,0.90234375,5445,477,STR,STR,59,left,0
5446,5447,3,7370.34,5550.82,2747.459999999999,0.7578125,5446,477,STR,STR,59,left,0
5447,5448,3,7372.84,5549.9,2748.08,0.90234375,5447,477,STR,STR,59,left,0
5448,5449,3,7377.12,5548.84,2748.5599999999995,0.46484375,5448,477,STR,STR,59,left,0
5449,5450,3,7379.36,5548.26,2749.32,0.46484375,5449,477,STR,STR,59,left,0
5450,5451,3,7380.24,5547.78,2751.9,0.81640625,5450,477,STR,STR,59,left,0
5451,5452,3,7381.58,5546.94,2754.22,0.49609375,5451,477,STR,STR,59,left,0
5452,5453,3,7382.66,5545.52,2756.6399999999994,0.61328125,5452,477,STR,STR,59,left,0
5453,5454,3,7385.06,5543.42,2758.6399999999994,1.1953125,5453,477,STR,STR,59,left,0
5454,5455,3,7388.2,5541.28,2760.1800000000003,0.49609375,5454,477,STR,STR,59,left,0
5455,5456,3,7389.86,5540.76,2761.459999999999,0.4375,5455,477,STR,STR,59,left,0
5456,5457,3,7390.46,5540.44,2762.98,0.234375,5456,477,STR,STR,59,left,0
5457,5458,3,7390.94,5540.22,2766.48,0.46484375,5457,477,STR,STR,59,left,0
5458,5459,3,7391.08,5540.28,2767.66,0.640625,5458,477,STR,STR,59,left,0
5459,5460,3,7391.28,5539.34,2768.24,0.0546875,5459,477,STR,STR,59,left,0
5460,5461,3,7391.78,5538.9,2771.74,0.93359375,5460,477,STR,STR,59,left,0
5461,5462,3,7392.62,5538.12,2773.879999999999,0.9921875,5461,477,STR,STR,59,left,0
5462,5463,3,7395.54,5536.38,2774.9400000000005,0.90234375,5462,477,STR,STR,59,left,0
5463,5464,3,7397.84,5534.2,2775.74,0.61328125,5463,477,STR,STR,59,left,0
5464,5465,3,7398.88,5531.7,2777.8,0.640625,5464,477,STR,STR,59,left,0
5465,5466,3,7399.52,5529.06,2779.9,0.73046875,5465,477,STR,STR,59,left,0
5466,5467,3,7400.46,5526.38,2781.6399999999994,1.515625,5466,477,STR,STR,59,left,0
5467,5468,3,7401.52,5525.78,2782.84,0.5546875,5467,477,STR,STR,59,left,0
5468,5469,3,7402.3,5525.1,2785.4,0.37890625,5468,477,STR,STR,59,left,0
5469,5470,3,7403.66,5523.72,2786.879999999999,0.37890625,5469,477,STR,STR,59,left,0
5470,5471,3,7404.08,5523.58,2788.5,0.5234375,5470,477,STR,STR,59,left,0
9749,9750,3,7177.56,5726.92,2675.74,0.41015625,5294,303,BLAa,BLA,83,left,0
9750,9751,3,7173.98,5726.7,2674.379999999999,0.17578125,9750,303,BLAa,BLA,83,left,0
9751,9752,3,7172.28,5725.72,2674.1000000000004,0.3203125,9751,303,BLAa,BLA,83,left,0
9752,9753,3,7169.8,5724.52,2673.959999999999,0.26171875,9752,303,BLAa,BLA,83,left,0
9753,9754,3,7168.78,5722.82,2674.1800000000003,0.73046875,9753,303,BLAa,BLA,83,left,0
9754,9755,3,7164.92,5722.14,2673.92,0.01171875,9754,303,BLAa,BLA,83,left,0
9755,9756,3,7163.02,5721.28,2672.84,0.203125,9755,303,BLAa,BLA,83,left,0
9756,9757,3,7161.92,5721.32,2670.5599999999995,0.5234375,9756,303,BLAa,BLA,83,left,0
9757,9758,3,7161.72,5722.1,2668.3,0.3203125,9757,303,BLAa,BLA,83,left,0
9758,9759,3,7160.66,5722.3,2666.9400000000005,0.41015625,9758,303,BLAa,BLA,83,left,0
9759,9760,3,7158.38,5722.2,2665.82,0.26171875,9759,303,BLAa,BLA,83,left,0
9760,9761,3,7156.88,5721.32,2664.3600000000006,0.5546875,9760,303,BLAa,BLA,83,left,0
9761,9762,3,7154.98,5720.54,2662.92,0.4375,9761,303,BLAa,BLA,83,left,0
9762,9763,3,7153.54,5720.44,2661.5599999999995,0.49609375,9762,303,BLAa,BLA,83,left,0
9763,9764,3,7151.28,5720.5,2660.6000000000004,0.5234375,9763,303,BLAa,BLA,83,left,0
9764,9765,3,7148.4,5720.6,2660.4400000000005,0.01953125,9764,303,BLAa,BLA,83,left,0
9765,9766,3,7145.14,5720.8,2659.58,0.9609375,9765,303,BLAa,BLA,83,left,0
9766,9767,3,7143.14,5721.48,2658.7800000000007,0.69921875,9766,303,BLAa,BLA,83,left,0
9767,9768,3,7141.5,5722.86,2657.76,0.46484375,9767,303,BLAa,BLA,83,left,0
9768,9769,3,7141.54,5724.7,2656.8600000000006,0.3203125,9768,303,BLAa,BLA,83,left,0
9769,9770,3,7139.36,5727.98,2656.92,0.3515625,9769,303,BLAa,BLA,83,left,0
9770,9771,3,7137.64,5729.7,2657.16,0.5234375,9770,303,BLAa,BLA,83,left,0
9771,9772,3,7137.04,5732.46,2656.58,0.4375,9771,303,BLAa,BLA,83,left,0
9772,9773,3,7137.18,5735.2,2655.7800000000007,0.26171875,9772,303,BLAa,BLA,83,left,0
9773,9774,3,7177.54,5725.98,2676.72,0.640625,5294,303,BLAa,BLA,84,left,0
9774,9775,3,7175.62,5723.34,2676.959999999999,0.671875,9774,303,BLAa,BLA,84,left,0
9775,9776,3,7172.78,5722.44,2676.5,0.015625,9775,303,BLAa,BLA,84,left,0
9776,9777,3,7170.84,5721.54,2675.879999999999,0.49609375,9776,303,BLAa,BLA,84,left,0
9777,9778,3,7168.76,5720.18,2675.76,0.3203125,9777,303,BLAa,BLA,84,left,0
9778,9779,3,7167.42,5718.86,2675.8600000000006,0.3515625,9778,303,BLAa,BLA,84,left,0
9779,9780,3,7164.5,5718.34,2675.2800000000007,0.0078125,9779,303,BLAa,BLA,84,left,0
9780,9781,3,7161.8,5716.8,2674.540000000001,0.4375,9780,303,BLAa,BLA,84,left,0
9781,9782,3,7160.5,5715.6,2674.32,0.3515625,9781,303,BLAa,BLA,84,left,0
9782,9783,3,7158.34,5715.18,2674.379999999999,0.3515625,9782,303,BLAa,BLA,84,left,0
9783,9784,3,7155.48,5714.88,2674.4,0.5234375,9783,303,BLAa,BLA,84,left,0
9784,9785,3,7154.3,5714.28,2674.32,0.5234375,9784,303,BLAa,BLA,84,left,0
9785,9786,3,7151.4,5714.86,2674.0,0.02734375,9785,303,BLAa,BLA,84,left,0
9786,9787,3,7149.28,5715.98,2673.76,0.37890625,9786,303,BLAa,BLA,84,left,0
9787,9788,3,7146.5,5716.28,2673.9,0.29296875,9787,303,BLAa,BLA,84,left,0
9788,9789,3,7144.92,5716.08,2674.8,0.5234375,9788,303,BLAa,BLA,84,left,0
9789,9790,3,7142.16,5715.88,2675.1399999999994,3.5,9789,303,BLAa,BLA,84,left,1
9790,9791,3,7404.84,5523.08,2789.040000000001,0.03125,5471,477,STR,STR,85,left,0
9791,9792,3,7406.22,5523.32,2794.6399999999994,1.953125,9791,477,STR,STR,85,left,0
9792,9793,3,7406.38,5523.2,2795.84,1.69140625,9792,477,STR,STR,85,left,0
9793,9794,3,7408.46,5510.86,2799.1000000000004,1.16796875,9793,477,STR,STR,85,left,0
9794,9795,3,7408.92,5509.06,2800.8,1.69140625,9794,477,STR,STR,85,left,0
9795,9796,3,7409.24,5508.48,2803.040000000001,1.109375,9795,477,STR,STR,85,left,0
9796,9797,3,7409.76,5505.8,2804.26,6.765625,9796,477,STR,STR,85,left,0
9797,9798,3,7410.2,5504.14,2806.0,1.28515625,9797,477,STR,STR,85,left,0
9798,9799,3,7410.58,5501.68,2807.9400000000005,1.72265625,9798,477,STR,STR,85,left,0
9799,9800,3,7409.64,5500.86,2809.6399999999994,1.13671875,9799,477,STR,STR,85,left,0
9800,9801,3,7409.32,5499.5,2811.72,3.99609375,9800,477,STR,STR,85,left,0
9801,9802,3,7408.16,5497.24,2813.3600000000006,0.3515625,9801,477,STR,STR,85,left,0
9802,9803,3,7406.74,5495.76,2813.98,0.84765625,9802,477,STR,STR,85,left,0
9803,9804,3,7406.8,5493.26,2814.8,1.546875,9803,477,STR,STR,85,left,0
9804,9805,3,7405.7,5491.68,2815.16,1.48828125,9804,477,STR,STR,85,left,0
9805,9806,3,7403.6,5492.34,2815.120000000001,0.37890625,9805,559,CEAm,CEA,85,left,0
9806,9807,3,7401.18,5492.78,2815.0200000000004,0.3515625,9806,559,CEAm,CEA,85,left,0
9807,9808,3,7398.74,5493.26,2814.8,0.640625,9807,559,CEAm,CEA,85,left,0
9808,9809,3,7395.84,5493.4,2814.6399999999994,0.3515625,9808,559,CEAm,CEA,85,left,0
9809,9810,3,7392.82,5493.62,2814.879999999999,0.9609375,9809,559,CEAm,CEA,85,left,0
9810,9811,3,7392.04,5491.68,2815.98,0.17578125,9810,559,CEAm,CEA,85,left,0
9811,9812,3,7390.62,5490.3,2816.66,0.00390625,9811,559,CEAm,CEA,85,left,0
9812,9813,3,7388.8,5490.04,2817.66,0.875,9812,559,CEAm,CEA,85,left,0
9813,9814,3,7388.7,5488.14,2819.620000000001,0.41015625,9813,559,CEAm,CEA,85,left,0
9814,9815,3,7387.98,5486.74,2820.959999999999,0.41015625,9814,559,CEAm,CEA,85,left,0
9815,9816,3,7388.06,5486.7,2826.6000000000004,0.17578125,9815,559,CEAm,CEA,85,left,0
9816,9817,3,7387.7,5487.0,2827.74,0.4375,9816,559,CEAm,CEA,85,left,0
9817,9818,3,7384.66,5487.9,2828.0,0.5234375,9817,559,CEAm,CEA,85,left,0
9818,9819,3,7381.94,5488.4,2828.16,0.46484375,9818,559,CEAm,CEA,85,left,0
9819,9820,3,7380.7,5488.62,2829.2800000000007,0.875,9819,559,CEAm,CEA,85,left,0
9820,9821,3,7380.92,5487.26,2831.040000000001,2.80078125,9820,559,CEAm,CEA,85,left,0
9821,9822,3,7381.12,5486.52,2833.2800000000007,0.61328125,9821,559,CEAm,CEA,85,left,0
9822,9823,3,7381.12,5485.12,2834.2800000000007,1.1953125,9822,559,CEAm,CEA,85,left,0
9823,9824,3,7379.74,5484.12,2835.040000000001,0.84765625,9823,559,CEAm,CEA,85,left,0
9824,9825,3,7378.88,5482.9,2836.6800000000003,0.93359375,9824,559,CEAm,CEA,85,left,0
9825,9826,3,7378.48,5480.72,2838.3,0.26171875,9825,559,CEAm,CEA,85,left,0
9826,9827,3,7376.78,5480.04,2838.620000000001,0.17578125,9826,559,CEAm,CEA,85,left,0
9827,9828,3,7376.32,5481.2,2846.72,0.3515625,9827,559,CEAm,CEA,85,left,0
9828,9829,3,7375.88,5481.38,2848.120000000001,1.109375,9828,559,CEAm,CEA,85,left,0
9829,9830,3,7373.44,5481.36,2848.5,0.4375,9829,559,CEAm,CEA,85,left,0
9830,9831,3,7376.16,5481.34,2850.4,0.00390625,9830,559,CEAm,CEA,85,left,0
9831,9832,3,7377.36,5482.22,2851.72,1.01953125,9831,559,CEAm,CEA,85,left,0
9832,9833,3,7380.24,5481.78,2852.26,0.3515625,9832,559,CEAm,CEA,85,left,0
9833,9834,3,7382.24,5481.34,2852.98,0.4375,9833,559,CEAm,CEA,85,left,0
9834,9835,3,7382.48,5481.5,2854.32,0.46484375,9834,559,CEAm,CEA,85,left,0
9835,9836,3,7384.64,5481.02,2855.3600000000006,0.81640625,9835,559,CEAm,CEA,85,left,0
9836,9837,3,7386.8,5480.02,2855.6399999999994,0.875,9836,559,CEAm,CEA,85,left,0
9837,9838,3,7388.54,5479.48,2856.5,0.06640625,9837,559,CEAm,CEA,85,left,0
9838,9839,3,7388.74,5479.08,2857.9400000000005,0.7890625,9838,559,CEAm,CEA,85,left,0
9839,9840,3,7388.86,5478.7,2861.040000000001,1.984375,9839,559,CEAm,CEA,85,left,0
9840,9841,3,7389.04,5476.5,2862.6399999999994,0.7890625,9840,559,CEAm,CEA,85,left,0
9841,9842,3,7389.22,5474.46,2865.24,5.98046875,9841,559,CEAm,CEA,85,left,0
9842,9843,3,7389.46,5474.6,2872.22,1.1953125,9842,559,CEAm,CEA,85,left,0
9843,9844,3,7390.34,5474.62,2873.6800000000003,0.4375,9843,559,CEAm,CEA,85,left,0
9844,9845,3,7393.38,5473.66,2874.66,0.3203125,9844,559,CEAm,CEA,85,left,0
9845,9846,3,7395.9,5472.02,2875.040000000001,0.4375,9845,559,CEAm,CEA,85,left,0
9846,9847,3,7397.74,5470.42,2876.22,0.46484375,9846,559,CEAm,CEA,85,left,0
9847,9848,3,7398.68,5470.12,2877.82,1.72265625,9847,559,CEAm,CEA,85,left,0
9848,9849,3,7398.8,5470.66,2882.879999999999,0.41015625,9848,559,CEAm,CEA,85,left,0
9849,9850,3,7399.6,5470.0,2884.1000000000004,0.61328125,9849,559,CEAm,CEA,85,left,1
9850,9851,3,7403.94,5525.08,2788.98,0.0078125,5471,477,STR,STR,86,left,0
9851,9852,3,7404.32,5526.22,2793.5200000000004,3.87890625,9851,477,STR,STR,86,left,0
9852,9853,3,7404.34,5527.2,2794.7800000000007,3.79296875,9852,477,STR,STR,86,left,0
9853,9854,3,7403.7,5531.72,2794.379999999999,5.39453125,9853,477,STR,STR,86,left,0
9854,9855,3,7403.42,5533.44,2793.959999999999,4.578125,9854,477,STR,STR,86,left,0
9855,9856,3,7403.36,5534.74,2795.0599999999995,12.5703125,9855,477,STR,STR,86,left,0
9856,9857,3,7403.34,5537.0,2797.2000000000007,0.7578125,9856,477,STR,STR,86,left,0
9857,9858,3,7403.3,5539.08,2798.1399999999994,0.73046875,9857,477,STR,STR,86,left,0
9858,9859,3,7404.44,5539.98,2798.2800000000007,0.4375,9858,477,STR,STR,86,left,0
9859,9860,3,7407.42,5540.48,2799.5599999999995,0.3203125,9859,477,STR,STR,86,left,0
9860,9861,3,7409.68,5540.6,2801.72,24.5859375,9860,477,STR,STR,86,left,0
9861,9862,3,7410.9,5540.42,2803.5,28.84765625,9861,477,STR,STR,86,left,0
9862,9863,3,7412.58,5539.98,2804.08,38.91015625,9862,477,STR,STR,86,left,0
9863,9864,3,7413.42,5540.38,2805.620000000001,39.0234375,9863,477,STR,STR,86,left,0
9864,9865,3,7413.42,5542.0,2807.2800000000007,12.54296875,9864,477,STR,STR,86,left,0
9865,9866,3,7414.14,5542.96,2808.76,36.8671875,9865,477,STR,STR,86,left,0
9866,9867,3,7416.22,5543.5,2808.74,0.90234375,9866,477,STR,STR,86,left,0
9867,9868,3,7418.2,5544.72,2808.66,0.7578125,9867,477,STR,STR,86,left,0
9868,9869,3,7420.86,5545.62,2810.1399999999994,0.3515625,9868,477,STR,STR,86,left,0
9869,9870,3,7422.52,5546.7,2811.3,0.37890625,9869,477,STR,STR,86,left,0
9870,9871,3,7424.56,5547.14,2811.9400000000005,0.49609375,9870,477,STR,STR,86,left,0
9871,9872,3,7425.48,5548.72,2812.1800000000003,0.5546875,9871,477,STR,STR,86,left,0
9872,9873,3,7427.18,5549.04,2813.040000000001,0.49609375,9872,477,STR,STR,86,left,0
9873,9874,3,7427.72,5550.66,2813.5200000000004,2.76953125,9873,477,STR,STR,86,left,0
9874,9875,3,7427.14,5554.08,2813.16,2.12890625,9874,477,STR,STR,86,left,0
9875,9876,3,7426.7,5556.88,2812.9400000000005,22.80859375,9875,477,STR,STR,86,left,0
9876,9877,3,7426.62,5558.62,2814.24,14.4375,9876,477,STR,STR,86,left,0
9877,9878,3,7426.8,5559.22,2816.16,0.29296875,9877,477,STR,STR,86,left,0
9878,9879,3,7428.66,5559.0,2818.3600000000006,0.41015625,9878,477,STR,STR,86,left,0
9879,9880,3,7430.8,5559.14,2819.3,0.41015625,9879,477,STR,STR,86,left,0
9880,9881,3,7430.72,5562.86,2819.6800000000003,2.5390625,9880,477,STR,STR,86,left,0
9881,9882,3,7430.96,5565.1,2820.459999999999,0.640625,9881,477,STR,STR,86,left,0
9882,9883,3,7431.5,5566.84,2820.32,0.49609375,9882,477,STR,STR,86,left,0
9883,9884,3,7431.66,5570.78,2820.84,0.234375,9883,477,STR,STR,86,left,0
9884,9885,3,7431.94,5574.72,2822.1399999999994,0.73046875,9884,477,STR,STR,86,left,0
9885,9886,3,7431.58,5577.54,2822.5599999999995,0.7578125,9885,477,STR,STR,86,left,1
12492,12493,3,7137.22,5739.2,2655.4400000000005,0.5234375,9773,303,BLAa,BLA,111,left,0
12493,12494,3,7135.46,5741.08,2655.379999999999,0.37890625,12493,303,BLAa,BLA,111,left,0
12494,12495,3,7135.2,5743.24,2655.6800000000003,0.640625,12494,303,BLAa,BLA,111,left,0
12495,12496,3,7134.72,5744.68,2657.1800000000003,0.5546875,12495,303,BLAa,BLA,111,left,0
12496,12497,3,7134.3,5746.8,2658.9,0.46484375,12496,303,BLAa,BLA,111,left,0
12497,12498,3,7132.78,5747.98,2660.0200000000004,0.46484375,12497,303,BLAa,BLA,111,left,0
12498,12499,3,7129.64,5748.36,2661.26,0.37890625,12498,303,BLAa,BLA,111,left,0
12499,12500,3,7128.36,5747.7,2662.379999999999,0.5234375,12499,303,BLAa,BLA,111,left,0
12500,12501,3,7126.44,5747.5,2663.8,0.46484375,12500,303,BLAa,BLA,111,left,0
12501,12502,3,7124.56,5747.58,2664.3600000000006,0.3515625,12501,303,BLAa,BLA,111,left,0
12502,12503,3,7121.3,5747.8,2664.84,0.640625,12502,303,BLAa,BLA,111,left,0
12503,12504,3,7119.78,5748.82,2665.1399999999994,0.3203125,12503,303,BLAa,BLA,111,left,0
12504,12505,3,7116.46,5750.14,2665.0,0.3515625,12504,303,BLAa,BLA,111,left,0
12505,12506,3,7114.5,5750.92,2665.1800000000003,0.3515625,12505,303,BLAa,BLA,111,left,0
12506,12507,3,7112.72,5751.42,2665.540000000001,0.58203125,12506,303,BLAa,BLA,111,left,0
12507,12508,3,7110.36,5753.22,2665.34,0.234375,12507,303,BLAa,BLA,111,left,0
12508,12509,3,7108.54,5755.06,2664.98,0.3203125,12508,303,BLAa,BLA,111,left,0
12509,12510,3,7106.6,5756.56,2664.4,0.46484375,12509,303,BLAa,BLA,111,left,0
12510,12511,3,7103.46,5757.0,2664.2000000000007,0.41015625,12510,303,BLAa,BLA,111,left,0
12511,12512,3,7100.4,5757.06,2664.22,0.5546875,12511,303,BLAa,BLA,111,left,0
12512,12513,3,7098.34,5757.1,2664.22,0.61328125,12512,303,BLAa,BLA,111,left,1
12513,12514,3,7138.8,5737.02,2654.0599999999995,0.640625,9773,303,BLAa,BLA,112,left,0
12514,12515,3,7141.28,5736.94,2652.24,0.49609375,12514,303,BLAa,BLA,112,left,0
12515,12516,3,7141.86,5736.36,2651.040000000001,0.69921875,12515,303,BLAa,BLA,112,left,0
12516,12517,3,7141.52,5735.72,2648.3,0.3515625,12516,303,BLAa,BLA,112,left,0
12517,12518,3,7141.2,5734.04,2646.4400000000005,0.61328125,12517,303,BLAa,BLA,112,left,0
12518,12519,3,7140.46,5732.78,2640.16,11.8984375,12518,303,BLAa,BLA,112,left,0
12519,12520,3,7140.56,5732.6,2638.620000000001,4.08203125,12519,303,BLAa,BLA,112,left,0
12520,12521,3,7141.86,5731.82,2638.24,6.8828125,12520,303,BLAa,BLA,112,left,0
12521,12522,3,7145.14,5731.26,2637.6399999999994,0.26171875,12521,303,BLAa,BLA,112,left,0
12522,12523,3,7147.62,5731.14,2637.2800000000007,0.41015625,12522,303,BLAa,BLA,112,left,0
12523,12524,3,7149.32,5732.54,2636.120000000001,0.203125,12523,303,BLAa,BLA,112,left,0
12524,12525,3,7150.22,5733.72,2634.3600000000006,0.46484375,12524,303,BLAa,BLA,112,left,0
12525,12526,3,7151.52,5734.48,2633.0599999999995,0.4375,12525,303,BLAa,BLA,112,left,0
12526,12527,3,7154.64,5734.48,2632.82,0.46484375,12526,303,BLAa,BLA,112,left,0
12527,12528,3,7157.08,5734.38,2632.84,27.328125,12527,303,BLAa,BLA,112,left,1
