,ID,type,AP,DV,ML,R,parent,area_ID,area_name,name_use,bratch_ID,side,terminal
0,1,1,7268.26,5856.38,2561.14,0.80078125,-1,303,BLAa,BLA,1,left,0
1,2,3,7265.68,5856.82,2560.88,0.02734375,1,303,BLAa,BLA,1,left,0
2,3,3,7263.68,5857.16,2560.68,2.16015625,2,303,BLAa,BLA,1,left,0
3,4,3,7261.98,5857.34,2561.5,3.35546875,3,303,BLAa,BLA,1,left,0
4,5,3,7260.66,5857.42,2562.7,4.83984375,4,303,BLAa,BLA,1,left,0
5,6,3,7259.02,5857.42,2564.96,5.94921875,5,303,BLAa,BLA,1,left,0
6,7,3,7257.54,5857.6,2566.52,5.86328125,6,303,BLAa,BLA,1,left,0
7,8,3,7256.52,5858.34,2567.54,5.71484375,7,303,BLAa,BLA,1,left,0
33,34,3,7257.9,5857.9,2567.78,0.953125,8,303,BLAa,BLA,3,left,0
34,35,3,7260.7,5857.34,2568.1,5.54296875,34,303,BLAa,BLA,3,left,0
35,36,3,7263.7,5856.82,2568.4,5.39453125,35,303,BLAa,BLA,3,left,0
36,37,3,7266.02,5856.46,2568.36,5.1640625,36,303,BLAa,BLA,3,left,0
37,38,3,7268.7,5856.1,2567.66,3.20703125,37,303,BLAa,BLA,3,left,0
38,39,3,7269.94,5856.1,2565.9,1.078125,38,303,BLAa,BLA,3,left,0
39,40,3,7270.78,5856.24,2563.7,1.28515625,39,303,BLAa,BLA,3,left,0
40,41,3,7271.86,5856.28,2561.78,0.9609375,40,303,BLAa,BLA,3,left,0
41,42,3,7272.7,5856.74,2559.74,0.90234375,41,303,BLAa,BLA,3,left,0
42,43,3,7274.24,5857.76,2558.2,0.671875,42,303,BLAa,BLA,3,left,0
43,44,3,7275.4,5859.22,2556.8,0.9609375,43,303,BLAa,BLA,3,left,0
44,45,3,7275.68,5860.0,2554.8,0.93359375,44,303,BLAa,BLA,3,left,0
45,46,3,7277.32,5859.98,2552.86,0.5546875,45,303,BLAa,BLA,3,left,0
46,47,3,7279.28,5859.76,2551.88,0.58203125,46,303,BLAa,BLA,3,left,0
47,48,3,7279.94,5859.92,2549.58,0.90234375,47,303,BLAa,BLA,3,left,0
48,49,3,7280.24,5860.06,2548.18,0.93359375,48,303,BLAa,BLA,3,left,0
49,50,3,7282.24,5859.78,2547.7,1.25390625,49,303,BLAa,BLA,3,left,0
50,51,3,7283.5,5859.72,2546.58,0.9921875,50,303,BLAa,BLA,3,left,0
51,52,3,7285.96,5859.32,2546.46,0.0546875,51,303,BLAa,BLA,3,left,0
52,53,3,7287.5,5859.12,2545.2,0.41015625,52,303,BLAa,BLA,3,left,0
53,54,3,7289.04,5857.92,2544.44,0.61328125,53,303,BLAa,BLA,3,left,0
54,55,3,7290.6,5856.54,2542.9,0.73046875,54,303,BLAa,BLA,3,left,0
55,56,3,7291.76,5855.18,2541.62,0.640625,55,303,BLAa,BLA,3,left,0
56,57,3,7292.18,5854.0,2540.3,0.81640625,56,303,BLAa,BLA,3,left,0
57,58,3,7294.0,5853.52,2539.44,0.9921875,57,303,BLAa,BLA,3,left,0
58,59,3,7294.22,5852.3,2539.02,1.05078125,58,303,BLAa,BLA,3,left,0
59,60,3,7258.98,5857.68,2567.92,0.31640625,8,303,BLAa,BLA,4,left,0
60,61,3,7261.02,5856.68,2568.24,6.125,60,303,BLAa,BLA,4,left,0
61,62,3,7261.16,5855.08,2568.1,5.98046875,61,303,BLAa,BLA,4,left,0
62,63,3,7261.06,5854.22,2566.24,6.0078125,62,303,BLAa,BLA,4,left,0
63,64,3,7260.94,5851.96,2563.58,5.6015625,63,303,BLAa,BLA,4,left,0
64,65,3,7260.86,5850.6,2561.94,3.96484375,64,303,BLAa,BLA,4,left,0
65,66,3,7262.56,5849.72,2561.16,2.68359375,65,303,BLAa,BLA,4,left,0
66,67,3,7264.28,5849.04,2560.86,2.12890625,66,303,BLAa,BLA,4,left,0
67,68,3,7264.52,5846.18,2561.0,1.33984375,67,303,BLAa,BLA,4,left,0
68,69,3,7264.54,5842.6,2561.22,1.109375,68,303,BLAa,BLA,4,left,0
69,70,3,7264.54,5839.4,2560.76,0.58203125,69,303,BLAa,BLA,4,left,0
70,71,3,7264.5,5837.16,2559.8,0.7890625,70,303,BLAa,BLA,4,left,0
71,72,3,7264.46,5832.0,2558.38,0.37890625,71,303,BLAa,BLA,4,left,0
72,73,3,7264.44,5829.16,2557.72,0.46484375,72,303,BLAa,BLA,4,left,0
73,74,3,7264.4,5827.3,2556.78,0.73046875,73,303,BLAa,BLA,4,left,0
74,75,3,7264.38,5824.38,2556.26,0.640625,74,303,BLAa,BLA,4,left,0
75,76,3,7264.36,5821.4,2555.72,0.49609375,75,303,BLAa,BLA,4,left,0
76,77,3,7264.38,5819.16,2555.44,0.69921875,76,303,BLAa,BLA,4,left,0
77,78,3,7257.9,5857.9,2567.78,0.953125,8,303,BLAa,BLA,5,left,0
78,79,3,7260.7,5857.34,2568.1,5.54296875,78,303,BLAa,BLA,5,left,0
79,80,3,7263.7,5856.82,2568.4,5.39453125,79,303,BLAa,BLA,5,left,0
80,81,3,7266.04,5856.38,2568.88,5.1640625,80,303,BLAa,BLA,5,left,0
81,82,3,7268.82,5855.78,2570.16,2.2734375,81,303,BLAa,BLA,5,left,0
82,83,3,7270.26,5855.04,2574.54,0.9609375,82,303,BLAa,BLA,5,left,0
83,84,3,7271.36,5854.58,2577.06,1.078125,83,303,BLAa,BLA,5,left,0
84,85,3,7274.2,5854.12,2579.76,0.93359375,84,303,BLAa,BLA,5,left,0
85,86,3,7276.04,5854.06,2581.14,0.73046875,85,303,BLAa,BLA,5,left,0
86,87,3,7278.4,5854.52,2582.52,0.69921875,86,303,BLAa,BLA,5,left,0
87,88,3,7281.1,5856.12,2583.28,0.7890625,87,303,BLAa,BLA,5,left,0
88,89,3,7282.36,5858.06,2584.18,1.25390625,88,303,BLAa,BLA,5,left,0
89,90,3,7282.96,5861.06,2585.08,1.28515625,89,303,BLAa,BLA,5,left,0
90,91,3,7283.2,5862.06,2586.1,1.25390625,90,303,BLAa,BLA,5,left,0
91,92,3,7284.6,5861.76,2586.62,1.33984375,91,303,BLAa,BLA,5,left,0
131,132,3,7295.3,5852.72,2535.98,0.0078125,59,303,BLAa,BLA,8,left,0
132,133,3,7296.28,5852.78,2534.2,0.671875,132,303,BLAa,BLA,8,left,0
133,134,3,7296.5,5852.6,2531.72,0.7578125,133,303,BLAa,BLA,8,left,0
134,135,3,7297.32,5851.12,2530.16,0.5234375,134,303,BLAa,BLA,8,left,0
135,136,3,7298.88,5849.02,2528.4,0.49609375,135,303,BLAa,BLA,8,left,0
136,137,3,7300.42,5848.04,2527.1,0.7890625,136,303,BLAa,BLA,8,left,0
137,138,3,7295.46,5852.22,2539.08,0.26171875,59,303,BLAa,BLA,9,left,0
138,139,3,7296.84,5849.3,2539.74,0.4375,138,303,BLAa,BLA,9,left,0
139,140,3,7297.74,5846.48,2540.24,0.49609375,139,303,BLAa,BLA,9,left,0
140,141,3,7298.08,5842.76,2540.74,0.3203125,140,303,BLAa,BLA,9,left,0
141,142,3,7298.3,5839.16,2541.82,0.26171875,141,303,BLAa,BLA,9,left,0
142,143,3,7299.1,5836.64,2542.48,0.3515625,142,303,BLAa,BLA,9,left,0
143,144,3,7299.58,5833.74,2543.1,0.46484375,143,303,BLAa,BLA,9,left,0
144,145,3,7301.68,5831.5,2543.7,0.46484375,144,303,BLAa,BLA,9,left,0
145,146,3,7303.24,5830.4,2543.8,0.4375,145,303,BLAa,BLA,9,left,0
146,147,3,7303.46,5825.94,2544.56,0.3515625,146,303,BLAa,BLA,9,left,0
147,148,3,7303.72,5823.86,2545.0,0.3515625,147,303,BLAa,BLA,9,left,0
148,149,3,7305.14,5822.42,2545.4,0.46484375,148,303,BLAa,BLA,9,left,0
149,150,3,7306.44,5818.9,2546.16,0.3515625,149,303,BLAa,BLA,9,left,0
150,151,3,7308.42,5815.08,2546.62,0.4375,150,303,BLAa,BLA,9,left,0
151,152,3,7309.84,5812.98,2546.7,0.49609375,151,303,BLAa,BLA,9,left,0
152,153,3,7310.08,5809.44,2546.6,0.5234375,152,303,BLAa,BLA,9,left,0
153,154,3,7310.36,5806.74,2546.82,0.4375,153,303,BLAa,BLA,9,left,0
154,155,3,7311.36,5804.96,2546.98,0.29296875,154,303,BLAa,BLA,9,left,0
155,156,3,7311.48,5802.94,2546.58,0.5234375,155,303,BLAa,BLA,9,left,0
156,157,3,7311.54,5799.3,2546.4,0.29296875,156,303,BLAa,BLA,9,left,0
157,158,3,7311.66,5794.82,2546.7,0.69921875,157,303,BLAa,BLA,9,left,0
158,159,3,7311.8,5790.88,2547.12,0.26171875,158,303,BLAa,BLA,9,left,0
159,160,3,7311.9,5787.58,2547.38,0.49609375,159,303,BLAa,BLA,9,left,0
160,161,3,7312.12,5781.48,2548.14,0.3515625,160,303,BLAa,BLA,9,left,0
161,162,3,7312.26,5778.4,2549.0,0.4375,161,303,BLAa,BLA,9,left,0
162,163,3,7312.46,5774.74,2550.52,0.41015625,162,303,BLAa,BLA,9,left,0
163,164,3,7312.64,5771.88,2552.12,0.49609375,163,303,BLAa,BLA,9,left,0
164,165,3,7313.02,5764.86,2554.42,0.4375,164,303,BLAa,BLA,9,left,0
165,166,3,7313.36,5762.7,2554.9,0.37890625,165,303,BLAa,BLA,9,left,0
166,167,3,7315.1,5761.14,2555.4,0.41015625,166,303,BLAa,BLA,9,left,0
167,168,3,7318.1,5758.56,2556.22,0.29296875,167,303,BLAa,BLA,9,left,0
168,169,3,7318.94,5755.52,2556.9,0.4375,168,303,BLAa,BLA,9,left,0
169,170,3,7320.08,5753.46,2556.98,0.5234375,169,303,BLAa,BLA,9,left,0
170,171,3,7322.04,5752.0,2556.98,0.26171875,170,303,BLAa,BLA,9,left,0
171,172,3,7322.56,5749.5,2557.08,0.61328125,171,303,BLAa,BLA,9,left,0
172,173,3,7323.86,5745.34,2557.48,0.49609375,172,303,BLAa,BLA,9,left,0
173,174,3,7324.22,5741.48,2557.94,1.109375,173,303,BLAa,BLA,9,left,0
174,175,3,7264.5,5816.14,2555.2,0.00390625,77,303,BLAa,BLA,10,left,0
175,176,3,7265.16,5814.96,2553.94,1.078125,175,303,BLAa,BLA,10,left,0
176,177,3,7265.54,5811.64,2552.68,0.37890625,176,303,BLAa,BLA,10,left,0
177,178,3,7265.54,5807.4,2551.94,0.49609375,177,303,BLAa,BLA,10,left,0
178,179,3,7265.54,5805.5,2551.86,0.49609375,178,303,BLAa,BLA,10,left,0
179,180,3,7265.54,5802.68,2551.22,0.7578125,179,303,BLAa,BLA,10,left,0
180,181,3,7265.56,5798.48,2551.18,0.7578125,180,303,BLAa,BLA,10,left,0
181,182,3,7265.6,5795.6,2551.2,0.671875,181,303,BLAa,BLA,10,left,0
182,183,3,7265.66,5792.9,2551.5,0.26171875,182,303,BLAa,BLA,10,left,0
183,184,3,7265.68,5789.88,2551.32,0.49609375,183,303,BLAa,BLA,10,left,0
184,185,3,7265.7,5786.74,2551.18,0.5546875,184,303,BLAa,BLA,10,left,0
185,186,3,7265.72,5785.14,2551.0,0.875,185,303,BLAa,BLA,10,left,0
186,187,3,7264.42,5815.42,2555.4,0.00390625,77,303,BLAa,BLA,11,left,0
187,188,3,7264.38,5811.94,2554.28,0.81640625,187,303,BLAa,BLA,11,left,0
188,189,3,7263.9,5810.72,2553.18,0.81640625,188,303,BLAa,BLA,11,left,0
189,190,3,7262.04,5810.22,2552.82,1.05078125,189,303,BLAa,BLA,11,left,0
190,191,3,7260.48,5807.94,2552.9,0.61328125,190,303,BLAa,BLA,11,left,0
191,192,3,7258.66,5805.0,2552.82,0.234375,191,303,BLAa,BLA,11,left,0
192,193,3,7257.08,5803.14,2552.76,0.5234375,192,303,BLAa,BLA,11,left,0
193,194,3,7256.24,5799.64,2552.7,0.4375,193,303,BLAa,BLA,11,left,0
194,195,3,7255.2,5797.46,2552.46,0.49609375,194,303,BLAa,BLA,11,left,0
195,196,3,7253.24,5796.46,2551.88,0.69921875,195,303,BLAa,BLA,11,left,0
196,197,3,7252.18,5794.32,2551.24,0.58203125,196,303,BLAa,BLA,11,left,0
197,198,3,7250.42,5792.78,2549.88,0.5546875,197,303,BLAa,BLA,11,left,0
198,199,3,7249.26,5791.44,2549.36,0.3515625,198,303,BLAa,BLA,11,left,0
199,200,3,7249.12,5789.44,2548.7,0.5546875,199,303,BLAa,BLA,11,left,0
200,201,3,7248.22,5788.04,2548.6,0.3515625,200,303,BLAa,BLA,11,left,0
201,202,3,7246.32,5787.94,2548.48,0.37890625,201,303,BLAa,BLA,11,left,0
202,203,3,7287.72,5861.28,2586.94,0.05078125,92,303,BLAa,BLA,12,left,0
203,204,3,7289.7,5861.4,2587.04,0.640625,203,303,BLAa,BLA,12,left,0
204,205,3,7290.44,5862.32,2587.42,1.05078125,204,303,BLAa,BLA,12,left,0
205,206,3,7290.5,5863.32,2588.88,0.73046875,205,303,BLAa,BLA,12,left,0
206,207,3,7291.04,5864.76,2590.76,0.81640625,206,303,BLAa,BLA,12,left,0
207,208,3,7292.26,5865.92,2592.26,1.05078125,207,303,BLAa,BLA,12,left,0
208,209,3,7293.9,5867.28,2593.22,0.9921875,208,303,BLAa,BLA,12,left,0
209,210,3,7294.36,5869.2,2593.3,1.25390625,209,303,BLAa,BLA,12,left,0
210,211,3,7294.82,5871.14,2595.2,0.7578125,210,303,BLAa,BLA,12,left,0
211,212,3,7296.38,5872.3,2596.6,0.875,211,303,BLAa,BLA,12,left,0
212,213,3,7297.08,5874.72,2599.84,0.7890625,212,303,BLAa,BLA,12,left,0
213,214,3,7297.3,5875.9,2601.54,0.7890625,213,303,BLAa,BLA,12,left,0
214,215,3,7299.36,5875.6,2602.22,1.3125,214,303,BLAa,BLA,12,left,0
215,216,3,7301.54,5875.18,2602.44,1.28515625,215,303,BLAa,BLA,12,left,0
216,217,3,7287.04,5861.3,2586.9,0.07421875,92,303,BLAa,BLA,13,left,0
217,218,3,7289.58,5861.32,2587.06,1.109375,217,303,BLAa,BLA,13,left,0
218,219,3,7291.58,5861.94,2587.06,0.4375,218,303,BLAa,BLA,13,left,0
219,220,3,7293.66,5862.64,2587.04,0.3515625,219,303,BLAa,BLA,13,left,0
220,221,3,7295.6,5863.72,2586.96,0.4375,220,303,BLAa,BLA,13,left,0
221,222,3,7297.86,5864.36,2586.98,0.4375,221,303,BLAa,BLA,13,left,0
222,223,3,7300.24,5865.06,2586.86,0.49609375,222,303,BLAa,BLA,13,left,0
223,224,3,7301.46,5866.36,2586.4,0.3203125,223,303,BLAa,BLA,13,left,0
224,225,3,7303.84,5867.98,2586.22,0.4375,224,303,BLAa,BLA,13,left,0
225,226,3,7305.68,5870.22,2585.94,0.234375,225,303,BLAa,BLA,13,left,0
226,227,3,7307.14,5871.8,2586.06,0.3515625,226,303,BLAa,BLA,13,left,0
227,228,3,7309.32,5872.86,2586.24,0.5234375,227,303,BLAa,BLA,13,left,0
228,229,3,7311.3,5874.06,2586.92,0.46484375,228,303,BLAa,BLA,13,left,0
229,230,3,7314.3,5876.44,2587.52,0.37890625,229,303,BLAa,BLA,13,left,0
230,231,3,7316.2,5877.3,2588.1,0.41015625,230,303,BLAa,BLA,13,left,0
231,232,3,7318.32,5878.66,2588.14,0.5546875,231,303,BLAa,BLA,13,left,0
232,233,3,7319.62,5879.66,2588.02,0.41015625,232,303,BLAa,BLA,13,left,0
233,234,3,7322.7,5880.64,2588.02,0.3515625,233,303,BLAa,BLA,13,left,0
234,235,3,7326.54,5882.0,2588.0,0.58203125,234,303,BLAa,BLA,13,left,0
235,236,3,7327.9,5882.8,2587.92,0.41015625,235,303,BLAa,BLA,13,left,0
236,237,3,7330.5,5883.66,2587.92,0.26171875,236,303,BLAa,BLA,13,left,0
237,238,3,7332.26,5884.72,2587.82,0.37890625,237,303,BLAa,BLA,13,left,0
238,239,3,7334.02,5885.66,2587.76,0.37890625,238,303,BLAa,BLA,13,left,0
239,240,3,7335.98,5887.22,2587.72,0.49609375,239,303,BLAa,BLA,13,left,0
240,241,3,7337.92,5888.72,2587.8,0.3203125,240,303,BLAa,BLA,13,left,0
241,242,3,7340.66,5890.7,2587.64,0.29296875,241,303,BLAa,BLA,13,left,0
242,243,3,7343.84,5892.22,2587.56,0.5234375,242,303,BLAa,BLA,13,left,0
243,244,3,7345.68,5893.38,2587.44,0.3515625,243,303,BLAa,BLA,13,left,0
244,245,3,7347.46,5894.16,2587.4,0.4375,244,303,BLAa,BLA,13,left,0
245,246,3,7350.26,5895.1,2587.4,0.49609375,245,303,BLAa,BLA,13,left,0
246,247,3,7352.5,5896.68,2587.52,0.4375,246,303,BLAa,BLA,13,left,0
247,248,3,7353.8,5898.1,2587.86,0.234375,247,303,BLAa,BLA,13,left,0
248,249,3,7356.82,5897.64,2588.52,0.01171875,248,303,BLAa,BLA,13,left,0
249,250,3,7359.9,5897.38,2589.64,0.29296875,249,303,BLAa,BLA,13,left,0
250,251,3,7361.42,5897.08,2590.5,0.3515625,250,303,BLAa,BLA,13,left,0
251,252,3,7364.0,5896.4,2591.42,0.61328125,251,303,BLAa,BLA,13,left,0
252,253,3,7365.48,5895.72,2592.46,0.61328125,252,303,BLAa,BLA,13,left,0
253,254,3,7367.56,5894.84,2593.6,0.4375,253,303,BLAa,BLA,13,left,0
254,255,3,7370.2,5893.66,2595.26,0.4375,254,303,BLAa,BLA,13,left,0
255,256,3,7371.8,5892.68,2595.94,0.3515625,255,303,BLAa,BLA,13,left,0
256,257,3,7373.72,5891.96,2597.14,0.41015625,256,303,BLAa,BLA,13,left,0
257,258,3,7376.18,5890.14,2598.92,0.37890625,257,303,BLAa,BLA,13,left,0
258,259,3,7377.44,5888.4,2600.18,0.7578125,258,303,BLAa,BLA,13,left,0
259,260,3,7377.78,5885.68,2601.66,0.46484375,259,303,BLAa,BLA,13,left,0
260,261,3,7379.0,5884.2,2602.42,0.41015625,260,303,BLAa,BLA,13,left,0
261,262,3,7381.26,5883.06,2603.16,0.3515625,261,303,BLAa,BLA,13,left,0
262,263,3,7383.74,5881.76,2604.94,0.37890625,262,303,BLAa,BLA,13,left,0
263,264,3,7385.72,5881.12,2606.22,0.3203125,263,303,BLAa,BLA,13,left,0
264,265,3,7387.48,5880.98,2606.76,0.49609375,264,303,BLAa,BLA,13,left,0
265,266,3,7390.48,5881.12,2607.56,0.5546875,265,303,BLAa,BLA,13,left,0
266,267,3,7392.0,5881.26,2608.6,0.3515625,266,303,BLAa,BLA,13,left,0
267,268,3,7392.82,5881.32,2610.22,0.49609375,267,303,BLAa,BLA,13,left,0
268,269,3,7394.84,5880.82,2611.58,0.29296875,268,303,BLAa,BLA,13,left,0
269,270,3,7396.16,5880.38,2612.64,0.3515625,269,303,BLAa,BLA,13,left,0
270,271,3,7398.28,5880.14,2613.36,0.29296875,270,303,BLAa,BLA,13,left,0
271,272,3,7399.16,5880.98,2613.94,0.3203125,271,303,BLAa,BLA,13,left,0
272,273,3,7401.1,5881.76,2614.86,0.46484375,272,303,BLAa,BLA,13,left,0
273,274,3,7403.16,5882.52,2615.76,0.26171875,273,303,BLAa,BLA,13,left,0
274,275,3,7403.92,5883.3,2617.26,0.26171875,274,303,BLAa,BLA,13,left,0
275,276,3,7405.72,5883.72,2618.6,0.46484375,275,303,BLAa,BLA,13,left,0
276,277,3,7407.54,5884.0,2619.46,0.5234375,276,303,BLAa,BLA,13,left,0
277,278,3,7409.58,5883.56,2620.82,0.671875,277,303,BLAa,BLA,13,left,0
278,279,3,7411.46,5883.12,2622.32,0.49609375,278,303,BLAa,BLA,13,left,0
279,280,3,7413.54,5883.4,2623.12,0.37890625,279,303,BLAa,BLA,13,left,0
280,281,3,7414.32,5885.48,2624.68,0.5234375,280,334,BMAp,BMA,13,left,0
281,282,3,7414.64,5887.72,2625.92,0.49609375,281,334,BMAp,BMA,13,left,0
282,283,3,7416.24,5888.18,2626.52,0.3203125,282,334,BMAp,BMA,13,left,0
283,284,3,7416.66,5888.94,2627.56,0.61328125,283,334,BMAp,BMA,13,left,0
326,327,3,7301.62,5847.88,2524.46,0.0078125,137,303,BLAa,BLA,18,left,0
327,328,3,7302.1,5848.28,2522.6,0.234375,327,303,BLAa,BLA,18,left,0
328,329,3,7302.96,5849.64,2520.38,0.5546875,328,303,BLAa,BLA,18,left,0
329,330,3,7303.36,5851.52,2517.96,0.46484375,329,303,BLAa,BLA,18,left,0
330,331,3,7304.46,5852.38,2516.94,0.37890625,330,303,BLAa,BLA,18,left,0
331,332,3,7305.58,5854.78,2514.88,0.41015625,331,303,BLAa,BLA,18,left,0
332,333,3,7306.2,5857.24,2512.76,0.41015625,332,303,BLAa,BLA,18,left,0
333,334,3,7300.88,5847.6,2525.24,0.01953125,137,303,BLAa,BLA,19,left,0
334,335,3,7301.64,5846.16,2524.94,0.69921875,334,303,BLAa,BLA,19,left,0
335,336,3,7303.98,5845.1,2525.1,0.5234375,335,303,BLAa,BLA,19,left,0
336,337,3,7306.52,5844.22,2524.4,0.49609375,336,303,BLAa,BLA,19,left,0
337,338,3,7307.6,5843.14,2523.14,0.5234375,337,303,BLAa,BLA,19,left,0
338,339,3,7309.08,5841.82,2522.12,0.41015625,338,303,BLAa,BLA,19,left,0
339,340,3,7309.72,5840.38,2520.4,0.5234375,339,303,BLAa,BLA,19,left,0
340,341,3,7311.58,5839.26,2519.8,0.640625,340,303,BLAa,BLA,19,left,0
341,342,3,7312.96,5836.9,2518.32,0.3515625,341,303,BLAa,BLA,19,left,0
342,343,3,7313.1,5835.18,2517.04,0.58203125,342,303,BLAa,BLA,19,left,0
343,344,3,7314.04,5833.7,2516.52,0.5234375,343,303,BLAa,BLA,19,left,0
344,345,3,7314.76,5831.82,2515.4,0.29296875,344,303,BLAa,BLA,19,left,0
345,346,3,7315.3,5829.46,2514.54,0.3515625,345,303,BLAa,BLA,19,left,0
346,347,3,7315.64,5826.44,2513.04,0.5234375,346,303,BLAa,BLA,19,left,0
347,348,3,7317.32,5823.86,2512.06,0.5546875,347,303,BLAa,BLA,19,left,0
348,349,3,7318.42,5821.88,2511.24,0.5546875,348,303,BLAa,BLA,19,left,0
349,350,3,7319.34,5818.48,2510.5,0.26171875,349,303,BLAa,BLA,19,left,0
350,351,3,7320.12,5816.7,2509.92,0.46484375,350,303,BLAa,BLA,19,left,0
351,352,3,7321.78,5814.7,2508.92,0.5234375,351,303,BLAa,BLA,19,left,0
352,353,3,7323.24,5813.72,2508.56,0.3515625,352,303,BLAa,BLA,19,left,0
353,354,3,7323.86,5811.7,2508.0,0.37890625,353,303,BLAa,BLA,19,left,0
354,355,3,7323.86,5809.36,2507.36,0.671875,354,303,BLAa,BLA,19,left,0
355,356,3,7326.62,5737.02,2559.82,0.00390625,174,303,BLAa,BLA,20,left,0
356,357,3,7327.7,5734.6,2560.62,0.46484375,356,303,BLAa,BLA,20,left,0
357,358,3,7330.7,5733.52,2561.14,0.37890625,357,303,BLAa,BLA,20,left,0
358,359,3,7333.58,5732.3,2561.76,0.41015625,358,303,BLAa,BLA,20,left,0
359,360,3,7335.24,5730.52,2562.96,0.4375,359,303,BLAa,BLA,20,left,0
360,361,3,7337.78,5729.18,2565.02,0.3515625,360,303,BLAa,BLA,20,left,0
361,362,3,7339.16,5728.62,2566.98,0.37890625,361,303,BLAa,BLA,20,left,0
362,363,3,7341.02,5727.8,2570.04,0.4375,362,303,BLAa,BLA,20,left,0
363,364,3,7341.32,5727.54,2571.52,0.37890625,363,303,BLAa,BLA,20,left,0
364,365,3,7342.98,5727.02,2572.76,0.41015625,364,303,BLAa,BLA,20,left,0
365,366,3,7345.3,5726.34,2573.5,0.3203125,365,303,BLAa,BLA,20,left,0
366,367,3,7346.62,5724.82,2574.74,0.73046875,366,303,BLAa,BLA,20,left,0
367,368,3,7347.36,5722.44,2577.72,0.3515625,367,303,BLAa,BLA,20,left,0
368,369,3,7349.14,5721.0,2579.5,0.5546875,368,303,BLAa,BLA,20,left,0
369,370,3,7350.06,5719.84,2582.22,0.61328125,369,303,BLAa,BLA,20,left,0
370,371,3,7350.34,5718.72,2584.72,0.5546875,370,303,BLAa,BLA,20,left,0
371,372,3,7351.32,5716.46,2587.9,0.5234375,371,303,BLAa,BLA,20,left,0
372,373,3,7352.28,5713.62,2589.54,0.3515625,372,303,BLAa,BLA,20,left,0
373,374,3,7353.16,5709.84,2592.12,0.61328125,373,303,BLAa,BLA,20,left,0
374,375,3,7354.04,5709.2,2592.8,0.49609375,374,303,BLAa,BLA,20,left,1
375,376,3,7326.8,5739.96,2558.32,0.01953125,174,303,BLAa,BLA,21,left,0
376,377,3,7329.2,5739.12,2557.92,0.640625,376,303,BLAa,BLA,21,left,0
377,378,3,7329.9,5738.16,2557.02,0.29296875,377,303,BLAa,BLA,21,left,0
378,379,3,7331.6,5736.3,2555.9,0.37890625,378,303,BLAa,BLA,21,left,0
379,380,3,7332.92,5734.22,2554.52,0.49609375,379,303,BLAa,BLA,21,left,0
380,381,3,7333.42,5732.54,2553.02,0.5546875,380,303,BLAa,BLA,21,left,0
381,382,3,7335.12,5731.18,2552.68,0.203125,381,303,BLAa,BLA,21,left,0
382,383,3,7337.0,5729.3,2552.32,0.90234375,382,303,BLAa,BLA,21,left,0
383,384,3,7337.52,5727.66,2551.24,0.49609375,383,303,BLAa,BLA,21,left,0
384,385,3,7338.32,5726.42,2550.12,1.109375,384,303,BLAa,BLA,21,left,0
385,386,3,7339.48,5724.2,2549.98,0.49609375,385,303,BLAa,BLA,21,left,0
386,387,3,7340.52,5720.84,2550.02,0.37890625,386,303,BLAa,BLA,21,left,0
387,388,3,7342.08,5718.26,2549.82,0.46484375,387,303,BLAa,BLA,21,left,0
388,389,3,7343.02,5716.38,2548.98,0.17578125,388,303,BLAa,BLA,21,left,0
389,390,3,7345.6,5714.86,2548.62,0.5234375,389,303,BLAa,BLA,21,left,0
390,391,3,7346.72,5714.46,2546.74,0.5234375,390,303,BLAa,BLA,21,left,0
391,392,3,7348.52,5713.78,2545.82,0.69921875,391,303,BLAa,BLA,21,left,0
392,393,3,7350.92,5712.18,2545.6,0.203125,392,303,BLAa,BLA,21,left,0
393,394,3,7353.7,5711.18,2545.06,0.7890625,393,303,BLAa,BLA,21,left,0
394,395,3,7355.82,5710.52,2543.2,0.640625,394,303,BLAa,BLA,21,left,0
395,396,3,7356.84,5710.44,2541.74,0.37890625,395,303,BLAa,BLA,21,left,0
396,397,3,7359.6,5709.84,2541.66,0.4375,396,303,BLAa,BLA,21,left,0
397,398,3,7361.4,5709.38,2541.7,0.61328125,397,303,BLAa,BLA,21,left,0
398,399,3,7363.68,5708.38,2542.16,0.46484375,398,303,BLAa,BLA,21,left,0
399,400,3,7365.86,5707.76,2542.52,0.3515625,399,303,BLAa,BLA,21,left,1
400,401,3,7267.8,5784.02,2551.32,0.07421875,186,303,BLAa,BLA,22,left,0
401,402,3,7268.3,5782.08,2551.48,1.16796875,401,303,BLAa,BLA,22,left,0
402,403,3,7268.24,5781.06,2550.12,0.46484375,402,303,BLAa,BLA,22,left,0
403,404,3,7268.56,5778.9,2547.98,0.58203125,403,303,BLAa,BLA,22,left,0
404,405,3,7269.26,5777.16,2547.16,0.3203125,404,303,BLAa,BLA,22,left,0
405,406,3,7269.28,5774.28,2545.48,0.49609375,405,303,BLAa,BLA,22,left,0
406,407,3,7269.24,5772.76,2544.22,0.41015625,406,303,BLAa,BLA,22,left,0
407,408,3,7269.16,5770.8,2542.68,0.640625,407,303,BLAa,BLA,22,left,0
408,409,3,7269.1,5768.2,2541.18,0.81640625,408,303,BLAa,BLA,22,left,0
409,410,3,7269.0,5767.02,2539.14,0.5234375,409,303,BLAa,BLA,22,left,0
410,411,3,7268.8,5766.18,2536.06,0.5234375,410,303,BLAa,BLA,22,left,0
411,412,3,7268.7,5765.86,2534.34,0.69921875,411,303,BLAa,BLA,22,left,0
412,413,3,7268.5,5764.92,2531.2,0.671875,412,303,BLAa,BLA,22,left,0
413,414,3,7268.32,5764.64,2528.34,0.5234375,413,303,BLAa,BLA,22,left,0
414,415,3,7268.22,5763.62,2526.44,0.29296875,414,303,BLAa,BLA,22,left,0
415,416,3,7268.1,5762.38,2524.52,0.5234375,415,303,BLAa,BLA,22,left,0
416,417,3,7268.0,5761.12,2522.9,0.671875,416,303,BLAa,BLA,22,left,0
417,418,3,7267.74,5783.94,2551.34,0.07421875,186,303,BLAa,BLA,23,left,0
418,419,3,7268.36,5780.68,2552.04,1.01953125,418,303,BLAa,BLA,23,left,0
419,420,3,7269.54,5779.12,2552.46,0.4375,419,303,BLAa,BLA,23,left,0
420,421,3,7271.66,5778.66,2552.7,0.37890625,420,303,BLAa,BLA,23,left,0
421,422,3,7273.7,5777.3,2553.14,0.4375,421,303,BLAa,BLA,23,left,0
422,423,3,7275.54,5774.86,2553.6,0.17578125,422,303,BLAa,BLA,23,left,0
423,424,3,7277.64,5772.22,2553.72,0.4375,423,303,BLAa,BLA,23,left,0
424,425,3,7280.72,5769.72,2553.36,0.41015625,424,303,BLAa,BLA,23,left,0
425,426,3,7283.46,5767.94,2552.96,0.5234375,425,303,BLAa,BLA,23,left,0
426,427,3,7285.28,5766.74,2552.08,0.61328125,426,303,BLAa,BLA,23,left,0
427,428,3,7289.14,5765.92,2550.62,0.5234375,427,303,BLAa,BLA,23,left,0
428,429,3,7290.8,5764.94,2549.24,0.58203125,428,303,BLAa,BLA,23,left,0
429,430,3,7292.54,5763.36,2547.2,0.37890625,429,303,BLAa,BLA,23,left,0
430,431,3,7295.26,5762.4,2545.9,0.49609375,430,303,BLAa,BLA,23,left,0
431,432,3,7297.12,5761.6,2544.9,0.61328125,431,303,BLAa,BLA,23,left,0
432,433,3,7298.44,5761.24,2543.5,0.671875,432,303,BLAa,BLA,23,left,0
433,434,3,7300.28,5761.08,2542.2,0.46484375,433,303,BLAa,BLA,23,left,0
434,435,3,7302.96,5760.46,2540.76,0.5546875,434,303,BLAa,BLA,23,left,0
435,436,3,7304.1,5759.78,2539.38,0.26171875,435,303,BLAa,BLA,23,left,0
436,437,3,7307.52,5758.62,2539.2,0.5546875,436,303,BLAa,BLA,23,left,0
437,438,3,7309.42,5757.44,2538.62,0.3515625,437,303,BLAa,BLA,23,left,0
438,439,3,7310.5,5755.78,2537.86,0.234375,438,303,BLAa,BLA,23,left,0
439,440,3,7313.0,5753.52,2536.96,0.46484375,439,303,BLAa,BLA,23,left,0
440,441,3,7315.44,5751.02,2536.72,0.5234375,440,303,BLAa,BLA,23,left,0
441,442,3,7316.44,5748.86,2536.08,0.49609375,441,303,BLAa,BLA,23,left,0
442,443,3,7318.32,5746.78,2535.88,0.49609375,442,303,BLAa,BLA,23,left,0
443,444,3,7318.88,5744.32,2534.92,0.61328125,443,303,BLAa,BLA,23,left,0
444,445,3,7321.52,5742.22,2534.58,0.5546875,444,303,BLAa,BLA,23,left,0
445,446,3,7323.14,5740.3,2534.06,0.49609375,445,303,BLAa,BLA,23,left,0
446,447,3,7325.3,5738.56,2533.72,0.0078125,446,303,BLAa,BLA,23,left,0
447,448,3,7326.36,5736.8,2533.12,0.3515625,447,303,BLAa,BLA,23,left,0
448,449,3,7326.4,5734.76,2532.68,0.41015625,448,303,BLAa,BLA,23,left,0
449,450,3,7327.58,5733.5,2532.62,0.3515625,449,303,BLAa,BLA,23,left,0
450,451,3,7330.06,5732.6,2532.64,0.37890625,450,303,BLAa,BLA,23,left,0
451,452,3,7331.92,5731.62,2531.46,0.234375,451,303,BLAa,BLA,23,left,0
452,453,3,7332.92,5731.04,2529.72,0.671875,452,303,BLAa,BLA,23,left,0
453,454,3,7335.3,5730.1,2529.28,0.61328125,453,303,BLAa,BLA,23,left,0
454,455,3,7337.32,5729.54,2528.68,0.5234375,454,303,BLAa,BLA,23,left,0
455,456,3,7339.04,5727.62,2527.82,0.49609375,455,303,BLAa,BLA,23,left,0
456,457,3,7340.28,5725.0,2527.54,0.41015625,456,303,BLAa,BLA,23,left,0
457,458,3,7341.56,5722.82,2527.78,0.29296875,457,303,BLAa,BLA,23,left,0
458,459,3,7342.54,5719.6,2527.72,0.46484375,458,303,BLAa,BLA,23,left,0
459,460,3,7344.2,5716.14,2526.72,1.16796875,459,303,BLAa,BLA,23,left,0
460,461,3,7345.1,5713.9,2525.94,0.17578125,460,303,BLAa,BLA,23,left,0
461,462,3,7346.34,5710.46,2525.16,0.5234375,461,303,BLAa,BLA,23,left,0
462,463,3,7347.04,5708.52,2524.2,0.26171875,462,303,BLAa,BLA,23,left,0
463,464,3,7347.26,5707.86,2522.6,0.640625,463,303,BLAa,BLA,23,left,0
464,465,3,7348.68,5708.02,2521.22,0.49609375,464,303,BLAa,BLA,23,left,0
465,466,3,7350.16,5708.4,2519.0,0.3515625,465,303,BLAa,BLA,23,left,0
466,467,3,7351.0,5708.46,2517.54,0.7578125,466,303,BLAa,BLA,23,left,0
467,468,3,7353.18,5708.3,2516.66,0.17578125,467,303,BLAa,BLA,23,left,0
468,469,3,7356.16,5708.78,2516.26,0.5546875,468,303,BLAa,BLA,23,left,0
469,470,3,7357.42,5708.96,2516.14,0.29296875,469,303,BLAa,BLA,23,left,0
470,471,3,7358.82,5709.8,2515.58,0.0234375,470,303,BLAa,BLA,23,left,0
471,472,3,7359.18,5711.44,2514.12,0.49609375,471,303,BLAa,BLA,23,left,0
472,473,3,7361.24,5712.58,2513.34,0.69921875,472,303,BLAa,BLA,23,left,0
473,474,3,7362.34,5714.38,2511.74,0.3515625,473,303,BLAa,BLA,23,left,0
474,475,3,7363.44,5716.58,2510.2,0.41015625,474,303,BLAa,BLA,23,left,0
475,476,3,7365.2,5717.34,2509.54,0.3515625,475,303,BLAa,BLA,23,left,0
476,477,3,7365.72,5718.54,2508.0,0.5546875,476,303,BLAa,BLA,23,left,0
477,478,3,7367.7,5719.46,2506.5,0.41015625,477,303,BLAa,BLA,23,left,0
478,479,3,7369.02,5721.26,2505.48,0.5234375,478,303,BLAa,BLA,23,left,0
479,480,3,7371.0,5722.8,2504.14,0.640625,479,303,BLAa,BLA,23,left,0
480,481,3,7372.2,5724.38,2502.64,0.41015625,480,303,BLAa,BLA,23,left,0
481,482,3,7375.1,5725.2,2501.9,0.49609375,481,303,BLAa,BLA,23,left,0
482,483,3,7376.86,5725.16,2501.66,0.26171875,482,303,BLAa,BLA,23,left,0
483,484,3,7244.18,5787.62,2548.16,0.015625,202,303,BLAa,BLA,24,left,0
484,485,3,7242.68,5778.32,2549.84,0.49609375,484,303,BLAa,BLA,24,left,0
485,486,3,7241.96,5775.8,2551.24,0.84765625,485,303,BLAa,BLA,24,left,0
486,487,3,7241.88,5772.78,2553.36,4.43359375,486,303,BLAa,BLA,24,left,0
487,488,3,7242.04,5769.56,2555.54,0.3203125,487,303,BLAa,BLA,24,left,0
488,489,3,7242.16,5767.16,2557.18,0.671875,488,303,BLAa,BLA,24,left,0
489,490,3,7242.38,5763.32,2560.44,0.46484375,489,303,BLAa,BLA,24,left,0
490,491,3,7242.62,5760.16,2563.78,1.01953125,490,303,BLAa,BLA,24,left,0
491,492,3,7242.78,5757.42,2565.82,0.29296875,491,303,BLAa,BLA,24,left,1
492,493,3,7246.16,5785.88,2548.5,0.00390625,202,303,BLAa,BLA,25,left,0
493,494,3,7244.04,5785.9,2547.54,0.46484375,493,303,BLAa,BLA,25,left,0
494,495,3,7242.44,5785.82,2546.46,0.3515625,494,303,BLAa,BLA,25,left,0
495,496,3,7240.38,5785.06,2545.44,0.41015625,495,303,BLAa,BLA,25,left,0
496,497,3,7239.04,5783.7,2545.02,0.4375,496,303,BLAa,BLA,25,left,0
497,498,3,7236.32,5782.16,2543.9,0.69921875,497,303,BLAa,BLA,25,left,0
498,499,3,7234.58,5782.22,2543.0,0.9609375,498,303,BLAa,BLA,25,left,0
499,500,3,7302.34,5876.62,2603.52,0.0234375,216,303,BLAa,BLA,26,left,0
500,501,3,7303.96,5877.7,2604.1,0.84765625,500,303,BLAa,BLA,26,left,0
501,502,3,7305.22,5880.04,2604.86,0.875,501,303,BLAa,BLA,26,left,0
502,503,3,7306.82,5881.94,2605.32,0.93359375,502,303,BLAa,BLA,26,left,0
503,504,3,7309.02,5882.26,2605.5,0.73046875,503,303,BLAa,BLA,26,left,0
504,505,3,7302.2,5874.48,2604.64,0.0234375,216,303,BLAa,BLA,27,left,0
505,506,3,7302.34,5872.78,2607.04,0.3515625,505,303,BLAa,BLA,27,left,0
506,507,3,7302.22,5870.38,2609.26,0.37890625,506,303,BLAa,BLA,27,left,0
507,508,3,7300.92,5869.44,2610.2,0.5546875,507,303,BLAa,BLA,27,left,0
508,509,3,7300.3,5866.28,2613.02,0.41015625,508,303,BLAa,BLA,27,left,0
509,510,3,7300.0,5864.18,2614.68,0.3515625,509,303,BLAa,BLA,27,left,0
510,511,3,7298.46,5863.02,2615.42,0.4375,510,303,BLAa,BLA,27,left,0
511,512,3,7297.18,5860.9,2616.54,0.58203125,511,303,BLAa,BLA,27,left,0
512,513,3,7296.54,5858.1,2618.2,0.41015625,512,303,BLAa,BLA,27,left,0
513,514,3,7295.68,5856.04,2619.18,0.58203125,513,303,BLAa,BLA,27,left,0
514,515,3,7294.34,5853.38,2620.98,0.61328125,514,303,BLAa,BLA,27,left,0
515,516,3,7292.72,5851.94,2622.14,0.5546875,515,303,BLAa,BLA,27,left,0
516,517,3,7291.9,5850.26,2624.26,0.17578125,516,303,BLAa,BLA,27,left,0
517,518,3,7290.66,5848.84,2626.04,0.41015625,517,303,BLAa,BLA,27,left,0
518,519,3,7290.38,5846.72,2627.7,0.4375,518,303,BLAa,BLA,27,left,0
519,520,3,7289.5,5843.52,2630.24,0.69921875,519,303,BLAa,BLA,27,left,0
520,521,3,7289.58,5840.64,2633.74,0.640625,520,303,BLAa,BLA,27,left,0
521,522,3,7289.66,5839.26,2634.8,1.546875,521,303,BLAa,BLA,27,left,0
522,523,3,7418.82,5890.98,2628.66,0.81640625,284,334,BMAp,BMA,28,left,0
523,524,3,7419.92,5892.76,2628.72,0.5234375,523,334,BMAp,BMA,28,left,0
524,525,3,7422.66,5894.4,2629.2,0.46484375,524,334,BMAp,BMA,28,left,0
525,526,3,7423.48,5896.68,2629.96,0.640625,525,334,BMAp,BMA,28,left,0
526,527,3,7425.0,5898.0,2630.72,0.5546875,526,334,BMAp,BMA,28,left,0
527,528,3,7427.04,5897.72,2631.38,0.4375,527,334,BMAp,BMA,28,left,0
528,529,3,7428.1,5899.66,2631.4,0.46484375,528,334,BMAp,BMA,28,left,0
529,530,3,7428.86,5901.42,2631.9,0.3515625,529,334,BMAp,BMA,28,left,0
530,531,3,7431.26,5903.62,2632.74,0.5234375,530,334,BMAp,BMA,28,left,0
531,532,3,7431.9,5906.28,2633.24,0.5546875,531,334,BMAp,BMA,28,left,0
532,533,3,7434.26,5906.64,2633.54,0.3515625,532,334,BMAp,BMA,28,left,0
533,534,3,7436.8,5906.3,2634.24,0.5546875,533,334,BMAp,BMA,28,left,0
534,535,3,7437.84,5907.62,2635.98,1.13671875,534,334,BMAp,BMA,28,left,0
535,536,3,7439.24,5909.04,2636.92,0.640625,535,334,BMAp,BMA,28,left,0
536,537,3,7439.48,5910.8,2638.2,0.5234375,536,334,BMAp,BMA,28,left,0
537,538,3,7440.66,5911.66,2639.12,0.37890625,537,334,BMAp,BMA,28,left,0
538,539,3,7442.4,5912.26,2639.78,0.49609375,538,334,BMAp,BMA,28,left,0
539,540,3,7443.26,5913.5,2641.12,0.69921875,539,334,BMAp,BMA,28,left,0
540,541,3,7444.38,5913.86,2642.96,0.5546875,540,334,BMAp,BMA,28,left,0
541,542,3,7446.64,5913.9,2644.0,0.46484375,541,334,BMAp,BMA,28,left,0
542,543,3,7448.44,5914.04,2645.7,0.5546875,542,334,BMAp,BMA,28,left,0
543,544,3,7449.76,5913.6,2647.6,0.81640625,543,334,BMAp,BMA,28,left,0
544,545,3,7452.2,5912.88,2648.96,0.3515625,544,334,BMAp,BMA,28,left,0
545,546,3,7453.94,5912.76,2649.42,0.37890625,545,334,BMAp,BMA,28,left,0
546,547,3,7456.68,5912.3,2649.68,0.4375,546,334,BMAp,BMA,28,left,0
547,548,3,7458.88,5911.72,2649.92,0.3515625,547,334,BMAp,BMA,28,left,0
548,549,3,7461.18,5911.28,2650.1,0.3515625,548,334,BMAp,BMA,28,left,0
549,550,3,7462.7,5911.3,2650.02,0.3515625,549,334,BMAp,BMA,28,left,0
550,551,3,7464.72,5910.88,2649.96,0.4375,550,334,BMAp,BMA,28,left,0
551,552,3,7466.58,5910.9,2650.06,0.3515625,551,334,BMAp,BMA,28,left,0
552,553,3,7468.26,5911.38,2650.06,0.3515625,552,334,BMAp,BMA,28,left,0
553,554,3,7470.62,5911.46,2649.96,0.49609375,553,334,BMAp,BMA,28,left,0
554,555,3,7472.26,5911.82,2649.78,0.4375,554,334,BMAp,BMA,28,left,0
555,556,3,7474.4,5912.64,2649.74,0.3515625,555,334,BMAp,BMA,28,left,0
556,557,3,7475.5,5914.06,2649.52,0.37890625,556,334,BMAp,BMA,28,left,0
557,558,3,7477.52,5913.98,2649.66,0.4375,557,334,BMAp,BMA,28,left,0
558,559,3,7479.26,5913.52,2649.84,0.4375,558,334,BMAp,BMA,28,left,0
559,560,3,7481.72,5913.5,2649.96,0.0234375,559,334,BMAp,BMA,28,left,0
560,561,3,7483.38,5913.7,2649.78,0.7578125,560,334,BMAp,BMA,28,left,0
561,562,3,7485.78,5912.96,2649.88,0.29296875,561,334,BMAp,BMA,28,left,0
562,563,3,7488.0,5912.02,2650.08,0.3203125,562,334,BMAp,BMA,28,left,0
563,564,3,7490.64,5911.3,2649.9,0.234375,563,334,BMAp,BMA,28,left,0
564,565,3,7493.32,5910.62,2649.86,0.234375,564,334,BMAp,BMA,28,left,0
565,566,3,7495.46,5910.12,2649.62,0.29296875,565,334,BMAp,BMA,28,left,0
566,567,3,7498.58,5909.4,2649.26,0.3515625,566,334,BMAp,BMA,28,left,0
567,568,3,7500.22,5909.4,2648.88,0.3515625,567,334,BMAp,BMA,28,left,1
568,569,3,7417.72,5889.52,2629.2,0.5546875,284,334,BMAp,BMA,29,left,0
569,570,3,7418.08,5889.56,2631.7,0.49609375,569,334,BMAp,BMA,29,left,0
570,571,3,7418.78,5889.7,2632.26,0.234375,570,334,BMAp,BMA,29,left,0
571,572,3,7419.4,5889.14,2635.98,0.46484375,571,334,BMAp,BMA,29,left,0
572,573,3,7420.1,5888.72,2638.18,0.58203125,572,334,BMAp,BMA,29,left,0
573,574,3,7422.0,5887.56,2640.12,0.26171875,573,334,BMAp,BMA,29,left,0
574,575,3,7424.22,5887.1,2641.72,0.7890625,574,334,BMAp,BMA,29,left,0
575,576,3,7425.32,5887.82,2643.18,0.17578125,575,334,BMAp,BMA,29,left,0
576,577,3,7427.78,5887.64,2644.28,0.46484375,576,334,BMAp,BMA,29,left,0
577,578,3,7430.18,5888.36,2645.36,0.5234375,577,334,BMAp,BMA,29,left,0
578,579,3,7431.74,5889.12,2646.4,0.46484375,578,334,BMAp,BMA,29,left,0
579,580,3,7434.1,5889.16,2647.4,0.49609375,579,334,BMAp,BMA,29,left,0
580,581,3,7436.0,5889.1,2648.66,0.4375,580,334,BMAp,BMA,29,left,0
581,582,3,7438.72,5889.46,2650.02,0.41015625,581,334,BMAp,BMA,29,left,0
582,583,3,7439.68,5889.34,2650.58,0.640625,582,334,BMAp,BMA,29,left,0
583,584,3,7440.06,5889.98,2652.4,0.61328125,583,334,BMAp,BMA,29,left,0
584,585,3,7440.92,5889.76,2654.32,0.58203125,584,334,BMAp,BMA,29,left,0
585,586,3,7441.48,5889.24,2659.98,0.26171875,585,334,BMAp,BMA,29,left,0
586,587,3,7442.16,5888.36,2662.7,0.46484375,586,334,BMAp,BMA,29,left,0
587,588,3,7443.32,5887.42,2664.94,0.4375,587,334,BMAp,BMA,29,left,0
588,589,3,7444.4,5886.38,2668.64,1.2265625,588,334,BMAp,BMA,29,left,0
589,590,3,7444.68,5886.14,2670.1,0.5546875,589,334,BMAp,BMA,29,left,0
590,591,3,7446.36,5885.58,2671.5,0.4375,590,334,BMAp,BMA,29,left,0
591,592,3,7447.52,5885.46,2673.08,0.234375,591,334,BMAp,BMA,29,left,0
592,593,3,7448.24,5885.42,2675.02,0.58203125,592,334,BMAp,BMA,29,left,0
593,594,3,7448.68,5885.98,2676.56,0.7578125,593,334,BMAp,BMA,29,left,0
594,595,3,7449.8,5885.66,2678.72,0.5234375,594,334,BMAp,BMA,29,left,0
595,596,3,7451.8,5884.88,2680.8,0.69921875,595,334,BMAp,BMA,29,left,0
596,597,3,7452.78,5884.34,2683.12,0.73046875,596,334,BMAp,BMA,29,left,0
597,598,3,7453.98,5884.08,2686.32,0.58203125,597,334,BMAp,BMA,29,left,0
598,599,3,7454.8,5884.62,2688.04,0.61328125,598,334,BMAp,BMA,29,left,0
599,600,3,7456.36,5884.48,2689.44,0.46484375,599,334,BMAp,BMA,29,left,0
600,601,3,7457.62,5883.96,2691.02,0.7890625,600,334,BMAp,BMA,29,left,0
601,602,3,7459.42,5883.36,2691.92,0.4375,601,334,BMAp,BMA,29,left,0
602,603,3,7461.02,5883.7,2693.02,0.37890625,602,334,BMAp,BMA,29,left,0
603,604,3,7462.78,5884.02,2694.4,0.17578125,603,334,BMAp,BMA,29,left,0
604,605,3,7464.84,5884.4,2695.46,0.3515625,604,334,BMAp,BMA,29,left,0
605,606,3,7465.6,5886.18,2696.14,0.37890625,605,334,BMAp,BMA,29,left,0
606,607,3,7467.94,5886.54,2697.28,0.41015625,606,334,BMAp,BMA,29,left,0
607,608,3,7469.8,5887.7,2698.16,0.671875,607,334,BMAp,BMA,29,left,0
608,609,3,7470.88,5888.48,2699.36,0.58203125,608,334,BMAp,BMA,29,left,0
609,610,3,7471.0,5890.3,2699.92,0.5234375,609,334,BMAp,BMA,29,left,0
610,611,3,7472.68,5890.66,2700.6,0.640625,610,334,BMAp,BMA,29,left,0
611,612,3,7475.08,5890.16,2701.36,0.46484375,611,334,BMAp,BMA,29,left,0
612,613,3,7475.66,5891.44,2702.04,0.17578125,612,334,BMAp,BMA,29,left,0
613,614,3,7476.98,5892.0,2703.64,0.4375,613,334,BMAp,BMA,29,left,0
614,615,3,7478.68,5892.32,2704.92,0.3515625,614,334,BMAp,BMA,29,left,0
615,616,3,7480.08,5893.0,2707.1,0.49609375,615,334,BMAp,BMA,29,left,0
616,617,3,7481.28,5893.54,2708.58,0.671875,616,334,BMAp,BMA,29,left,0
617,618,3,7482.44,5893.48,2709.04,0.07421875,617,334,BMAp,BMA,29,left,0
618,619,3,7482.62,5894.12,2710.94,0.49609375,618,334,BMAp,BMA,29,left,0
619,620,3,7482.7,5895.38,2713.94,0.46484375,619,334,BMAp,BMA,29,left,0
620,621,3,7483.32,5895.16,2716.48,0.17578125,620,334,BMAp,BMA,29,left,0
621,622,3,7484.92,5893.56,2718.42,0.58203125,621,334,BMAp,BMA,29,left,0
622,623,3,7485.5,5891.58,2720.16,0.640625,622,334,BMAp,BMA,29,left,0
623,624,3,7486.16,5890.42,2722.66,0.203125,623,334,BMAp,BMA,29,left,0
624,625,3,7487.0,5888.6,2724.58,0.29296875,624,334,BMAp,BMA,29,left,1
955,956,3,7307.34,5857.24,2512.48,0.06640625,333,303,BLAa,BLA,38,left,0
956,957,3,7307.16,5858.38,2504.46,0.4375,956,303,BLAa,BLA,38,left,0
957,958,3,7307.04,5858.44,2502.02,0.5234375,957,303,BLAa,BLA,38,left,0
958,959,3,7306.86,5858.48,2498.42,0.58203125,958,303,BLAa,BLA,38,left,0
959,960,3,7306.76,5858.08,2496.18,0.234375,959,303,BLAa,BLA,38,left,0
960,961,3,7306.64,5857.86,2493.32,0.37890625,960,303,BLAa,BLA,38,left,0
961,962,3,7307.08,5857.94,2491.34,0.61328125,961,303,BLAa,BLA,38,left,0
962,963,3,7307.58,5858.3,2488.1,0.46484375,962,303,BLAa,BLA,38,left,0
963,964,3,7307.5,5858.94,2486.06,0.203125,963,303,BLAa,BLA,38,left,0
964,965,3,7307.36,5860.54,2483.34,0.234375,964,303,BLAa,BLA,38,left,0
965,966,3,7307.22,5861.9,2480.04,0.49609375,965,303,BLAa,BLA,38,left,0
966,967,3,7307.18,5862.44,2479.1,0.3203125,966,303,BLAa,BLA,38,left,0
967,968,3,7307.0,5863.16,2475.18,0.4375,967,303,BLAa,BLA,38,left,0
968,969,3,7306.92,5863.72,2473.3,0.5234375,968,311,BLAp,BLA,38,left,0
969,970,3,7306.38,5865.0,2469.0,0.671875,969,311,BLAp,BLA,38,left,0
970,971,3,7305.54,5866.64,2466.72,0.5234375,970,311,BLAp,BLA,38,left,0
971,972,3,7305.28,5868.0,2463.5,0.3515625,971,311,BLAp,BLA,38,left,0
972,973,3,7305.18,5868.78,2461.1,0.26171875,972,311,BLAp,BLA,38,left,0
973,974,3,7305.08,5870.44,2458.46,0.3515625,973,311,BLAp,BLA,38,left,0
974,975,3,7304.66,5872.04,2450.84,0.46484375,974,311,BLAp,BLA,38,left,0
975,976,3,7303.82,5871.96,2448.5,0.5546875,975,311,BLAp,BLA,38,left,0
976,977,3,7303.36,5870.76,2445.9,0.3203125,976,311,BLAp,BLA,38,left,0
977,978,3,7303.28,5869.7,2444.42,0.58203125,977,311,BLAp,BLA,38,left,0
978,979,3,7303.18,5867.84,2442.66,0.4375,978,311,BLAp,BLA,38,left,0
979,980,3,7303.1,5866.34,2441.28,0.5546875,979,311,BLAp,BLA,38,left,0
980,981,3,7301.48,5865.06,2439.74,0.3203125,980,311,BLAp,BLA,38,left,0
981,982,3,7300.1,5863.72,2438.5,0.3515625,981,311,BLAp,BLA,38,left,0
982,983,3,7299.26,5861.4,2436.88,0.00390625,982,311,BLAp,BLA,38,left,0
983,984,3,7298.82,5858.24,2435.78,0.5234375,983,311,BLAp,BLA,38,left,0
984,985,3,7297.96,5856.82,2434.24,0.3515625,984,311,BLAp,BLA,38,left,0
985,986,3,7296.72,5855.42,2432.96,0.3515625,985,311,BLAp,BLA,38,left,0
986,987,3,7295.48,5855.26,2432.44,0.41015625,986,311,BLAp,BLA,38,left,0
987,988,3,7295.2,5852.44,2431.1,0.5546875,987,311,BLAp,BLA,38,left,0
988,989,3,7295.04,5850.48,2430.42,0.5546875,988,311,BLAp,BLA,38,left,0
989,990,3,7293.74,5848.92,2429.86,0.4375,989,311,BLAp,BLA,38,left,0
990,991,3,7292.28,5846.44,2429.22,0.640625,990,311,BLAp,BLA,38,left,0
991,992,3,7291.04,5844.32,2428.56,0.5234375,991,311,BLAp,BLA,38,left,0
992,993,3,7289.5,5842.48,2427.34,0.203125,992,311,BLAp,BLA,38,left,0
993,994,3,7287.64,5840.26,2426.64,0.29296875,993,311,BLAp,BLA,38,left,0
994,995,3,7285.42,5839.02,2426.48,0.49609375,994,311,BLAp,BLA,38,left,0
995,996,3,7284.82,5837.04,2426.28,0.37890625,995,311,BLAp,BLA,38,left,0
996,997,3,7282.42,5835.24,2425.16,0.26171875,996,311,BLAp,BLA,38,left,0
997,998,3,7280.24,5834.68,2424.42,0.61328125,997,311,BLAp,BLA,38,left,0
998,999,3,7279.8,5834.18,2421.64,0.4375,998,311,BLAp,BLA,38,left,0
999,1000,3,7279.38,5834.5,2420.0,0.4375,999,311,BLAp,BLA,38,left,0
1000,1001,3,7277.84,5834.86,2419.06,0.41015625,1000,311,BLAp,BLA,38,left,0
1001,1002,3,7277.16,5834.78,2417.6,0.875,1001,311,BLAp,BLA,38,left,0
1002,1003,3,7276.46,5832.96,2415.5,0.203125,1002,311,BLAp,BLA,38,left,0
1003,1004,3,7275.18,5832.22,2413.54,0.3203125,1003,311,BLAp,BLA,38,left,0
1004,1005,3,7274.34,5831.62,2410.28,0.29296875,1004,311,BLAp,BLA,38,left,0
1005,1006,3,7274.24,5831.02,2408.38,0.5546875,1005,311,BLAp,BLA,38,left,0
1006,1007,3,7274.08,5828.68,2405.82,0.5546875,1006,311,BLAp,BLA,38,left,0
1007,1008,3,7273.98,5827.64,2403.86,0.640625,1007,311,BLAp,BLA,38,left,0
1008,1009,3,7273.88,5825.86,2402.52,0.4375,1008,311,BLAp,BLA,38,left,0
1009,1010,3,7273.72,5825.22,2399.14,0.4375,1009,311,BLAp,BLA,38,left,0
1010,1011,3,7273.66,5825.18,2397.72,0.58203125,1010,311,BLAp,BLA,38,left,0
1011,1012,3,7273.5,5825.5,2393.54,0.61328125,1011,311,BLAp,BLA,38,left,0
1012,1013,3,7274.06,5825.3,2391.98,0.234375,1012,311,BLAp,BLA,38,left,0
1013,1014,3,7274.52,5825.48,2389.36,0.73046875,1013,311,BLAp,BLA,38,left,0
1014,1015,3,7274.44,5824.56,2387.78,0.69921875,1014,311,BLAp,BLA,38,left,0
1015,1016,3,7274.3,5821.68,2386.28,0.7890625,1015,311,BLAp,BLA,38,left,0
1016,1017,3,7274.2,5818.74,2385.86,0.3515625,1016,311,BLAp,BLA,38,left,0
1017,1018,3,7274.12,5814.88,2385.78,0.00390625,1017,311,BLAp,BLA,38,left,0
1018,1019,3,7274.02,5810.76,2385.3,0.234375,1018,311,BLAp,BLA,38,left,0
1019,1020,3,7273.96,5809.32,2384.46,0.3515625,1019,311,BLAp,BLA,38,left,0
1020,1021,3,7273.9,5805.64,2384.74,0.4375,1020,311,BLAp,BLA,38,left,0
1021,1022,3,7273.88,5803.58,2384.96,0.41015625,1021,311,BLAp,BLA,38,left,0
1022,1023,3,7273.84,5799.54,2385.16,1.28515625,1022,311,BLAp,BLA,38,left,0
1023,1024,3,7274.26,5798.46,2383.74,1.13671875,1023,311,BLAp,BLA,38,left,0
1024,1025,3,7275.42,5795.76,2383.18,0.3515625,1024,311,BLAp,BLA,38,left,0
1025,1026,3,7277.56,5793.98,2383.04,0.49609375,1025,311,BLAp,BLA,38,left,0
1026,1027,3,7278.48,5793.22,2381.8,0.671875,1026,311,BLAp,BLA,38,left,0
1027,1028,3,7278.36,5793.1,2379.38,0.69921875,1027,311,BLAp,BLA,38,left,0
1028,1029,3,7278.86,5791.56,2376.84,0.203125,1028,311,BLAp,BLA,38,left,0
1029,1030,3,7279.7,5790.96,2374.82,0.203125,1029,311,BLAp,BLA,38,left,0
1030,1031,3,7281.16,5790.74,2374.3,0.4375,1030,311,BLAp,BLA,38,left,0
1031,1032,3,7281.68,5790.9,2372.34,0.5546875,1031,311,BLAp,BLA,38,left,0
1032,1033,3,7281.58,5790.62,2370.42,0.3203125,1032,311,BLAp,BLA,38,left,0
1033,1034,3,7281.54,5789.32,2370.0,0.73046875,1033,311,BLAp,BLA,38,left,1
1034,1035,3,7307.98,5858.48,2511.22,0.015625,333,303,BLAa,BLA,39,left,0
1035,1036,3,7309.48,5861.4,2508.42,0.37890625,1035,303,BLAa,BLA,39,left,0
1036,1037,3,7311.46,5863.36,2507.28,0.3515625,1036,303,BLAa,BLA,39,left,0
1037,1038,3,7312.58,5866.0,2505.92,0.26171875,1037,303,BLAa,BLA,39,left,0
1038,1039,3,7314.06,5868.22,2504.38,0.5234375,1038,303,BLAa,BLA,39,left,0
1039,1040,3,7314.86,5869.92,2503.18,0.49609375,1039,303,BLAa,BLA,39,left,0
1040,1041,3,7316.48,5871.5,2501.54,0.5546875,1040,303,BLAa,BLA,39,left,0
1041,1042,3,7317.46,5873.04,2499.72,0.29296875,1041,303,BLAa,BLA,39,left,0
1042,1043,3,7318.96,5875.2,2497.88,0.5546875,1042,303,BLAa,BLA,39,left,0
1043,1044,3,7319.44,5876.7,2496.22,0.46484375,1043,303,BLAa,BLA,39,left,0
1044,1045,3,7320.82,5877.92,2495.14,0.3515625,1044,303,BLAa,BLA,39,left,0
1045,1046,3,7323.82,5879.24,2494.14,0.41015625,1045,303,BLAa,BLA,39,left,0
1046,1047,3,7326.02,5881.2,2493.12,0.46484375,1046,303,BLAa,BLA,39,left,0
1047,1048,3,7327.44,5882.64,2492.32,0.26171875,1047,303,BLAa,BLA,39,left,0
1048,1049,3,7328.84,5883.86,2491.24,0.4375,1048,303,BLAa,BLA,39,left,0
1049,1050,3,7329.92,5885.2,2489.58,0.17578125,1049,311,BLAp,BLA,39,left,0
1050,1051,3,7331.08,5886.34,2488.6,0.203125,1050,311,BLAp,BLA,39,left,0
1051,1052,3,7331.92,5888.82,2486.3,0.37890625,1051,311,BLAp,BLA,39,left,0
1052,1053,3,7332.76,5891.62,2484.74,0.5234375,1052,311,BLAp,BLA,39,left,0
1053,1054,3,7334.06,5893.88,2483.18,0.640625,1053,311,BLAp,BLA,39,left,0
1054,1055,3,7335.96,5895.48,2482.02,0.58203125,1054,311,BLAp,BLA,39,left,0
1055,1056,3,7337.2,5897.1,2480.76,0.3515625,1055,311,BLAp,BLA,39,left,0
1056,1057,3,7337.88,5899.24,2479.24,0.37890625,1056,311,BLAp,BLA,39,left,0
1057,1058,3,7339.58,5900.08,2478.76,0.203125,1057,311,BLAp,BLA,39,left,0
1058,1059,3,7340.24,5901.54,2477.58,0.5546875,1058,311,BLAp,BLA,39,left,0
1059,1060,3,7341.78,5903.06,2476.3,0.3515625,1059,311,BLAp,BLA,39,left,0
1060,1061,3,7343.36,5903.38,2475.9,0.37890625,1060,311,BLAp,BLA,39,left,0
1061,1062,3,7344.4,5904.5,2474.94,0.01953125,1061,311,BLAp,BLA,39,left,0
1062,1063,3,7346.34,5905.86,2473.36,0.5546875,1062,311,BLAp,BLA,39,left,0
1063,1064,3,7347.7,5907.34,2471.88,0.46484375,1063,311,BLAp,BLA,39,left,0
1064,1065,3,7349.54,5908.34,2471.1,0.46484375,1064,311,BLAp,BLA,39,left,0
1065,1066,3,7350.56,5909.84,2470.32,0.58203125,1065,311,BLAp,BLA,39,left,0
1066,1067,3,7352.72,5911.34,2469.12,0.58203125,1066,311,BLAp,BLA,39,left,0
1067,1068,3,7354.08,5912.62,2467.68,0.3515625,1067,311,BLAp,BLA,39,left,0
1068,1069,3,7355.98,5913.86,2466.54,0.46484375,1068,311,BLAp,BLA,39,left,0
1069,1070,3,7357.7,5917.66,2465.68,0.3203125,1069,311,BLAp,BLA,39,left,0
1070,1071,3,7358.52,5920.36,2466.0,0.58203125,1070,311,BLAp,BLA,39,left,0
1071,1072,3,7359.46,5923.38,2466.16,0.46484375,1071,311,BLAp,BLA,39,left,0
1072,1073,3,7359.9,5926.86,2466.18,0.203125,1072,311,BLAp,BLA,39,left,0
1073,1074,3,7360.98,5930.2,2465.86,0.4375,1073,311,BLAp,BLA,39,left,0
1074,1075,3,7361.9,5932.82,2465.54,0.5546875,1074,311,BLAp,BLA,39,left,0
1075,1076,3,7362.7,5935.78,2465.36,0.41015625,1075,311,BLAp,BLA,39,left,0
1076,1077,3,7364.46,5936.96,2465.24,0.17578125,1076,311,BLAp,BLA,39,left,0
1077,1078,3,7365.98,5938.98,2464.44,0.41015625,1077,311,BLAp,BLA,39,left,0
1078,1079,3,7367.28,5942.26,2462.74,0.3203125,1078,311,BLAp,BLA,39,left,0
1079,1080,3,7369.14,5943.22,2461.28,0.58203125,1079,311,BLAp,BLA,39,left,0
1080,1081,3,7370.04,5944.42,2459.48,0.203125,1080,311,BLAp,BLA,39,left,0
1081,1082,3,7370.72,5947.58,2457.36,0.58203125,1081,311,BLAp,BLA,39,left,0
1082,1083,3,7372.28,5950.82,2455.2,0.37890625,1082,311,BLAp,BLA,39,left,0
1083,1084,3,7373.6,5952.9,2453.68,0.81640625,1083,311,BLAp,BLA,39,left,0
1084,1085,3,7374.8,5955.48,2452.8,0.29296875,1084,311,BLAp,BLA,39,left,0
1085,1086,3,7375.28,5959.16,2452.18,0.4375,1085,311,BLAp,BLA,39,left,0
1086,1087,3,7378.46,5959.46,2452.66,0.0078125,1086,311,BLAp,BLA,39,left,0
1087,1088,3,7378.96,5961.58,2453.2,0.5234375,1087,311,BLAp,BLA,39,left,0
1088,1089,3,7380.3,5964.76,2453.14,0.5234375,1088,311,BLAp,BLA,39,left,0
1089,1090,3,7381.14,5967.28,2453.26,0.7578125,1089,311,BLAp,BLA,39,left,0
1090,1091,3,7381.92,5971.36,2453.06,0.4375,1090,311,BLAp,BLA,39,left,0
1091,1092,3,7383.32,5972.0,2453.24,0.3515625,1091,311,BLAp,BLA,39,left,1
1092,1093,3,7326.08,5806.9,2508.04,0.01171875,355,303,BLAa,BLA,40,left,0
1093,1094,3,7326.54,5803.92,2509.26,0.5234375,1093,303,BLAa,BLA,40,left,0
1094,1095,3,7326.78,5797.28,2510.88,0.4375,1094,303,BLAa,BLA,40,left,0
1095,1096,3,7326.86,5794.86,2511.28,0.49609375,1095,303,BLAa,BLA,40,left,0
1096,1097,3,7326.92,5792.34,2511.16,0.49609375,1096,303,BLAa,BLA,40,left,0
1097,1098,3,7326.96,5789.94,2510.76,0.29296875,1097,303,BLAa,BLA,40,left,0
1098,1099,3,7326.98,5786.82,2509.82,0.640625,1098,303,BLAa,BLA,40,left,0
1099,1100,3,7327.0,5784.48,2509.32,0.5546875,1099,303,BLAa,BLA,40,left,0
1100,1101,3,7327.38,5781.5,2509.02,0.234375,1100,303,BLAa,BLA,40,left,0
1101,1102,3,7328.16,5779.82,2508.88,0.46484375,1101,303,BLAa,BLA,40,left,0
1102,1103,3,7328.66,5776.52,2508.78,0.69921875,1102,303,BLAa,BLA,40,left,0
1103,1104,3,7330.12,5774.6,2508.78,0.3515625,1103,303,BLAa,BLA,40,left,0
1104,1105,3,7332.66,5771.82,2507.96,0.640625,1104,303,BLAa,BLA,40,left,0
1105,1106,3,7334.2,5769.78,2507.14,0.46484375,1105,303,BLAa,BLA,40,left,0
1106,1107,3,7334.7,5767.3,2505.9,0.3515625,1106,303,BLAa,BLA,40,left,0
1107,1108,3,7335.26,5765.5,2504.82,0.29296875,1107,303,BLAa,BLA,40,left,0
1108,1109,3,7336.74,5764.58,2503.64,0.5234375,1108,303,BLAa,BLA,40,left,0
1109,1110,3,7339.1,5762.52,2501.86,0.49609375,1109,303,BLAa,BLA,40,left,0
1110,1111,3,7339.98,5760.98,2501.02,0.46484375,1110,303,BLAa,BLA,40,left,0
1111,1112,3,7341.66,5759.94,2501.02,0.46484375,1111,303,BLAa,BLA,40,left,0
1112,1113,3,7342.36,5757.38,2500.64,0.61328125,1112,303,BLAa,BLA,40,left,0
1113,1114,3,7343.26,5755.0,2499.72,0.640625,1113,303,BLAa,BLA,40,left,0
1114,1115,3,7344.52,5753.74,2499.26,0.3515625,1114,303,BLAa,BLA,40,left,0
1115,1116,3,7346.98,5752.94,2499.3,0.41015625,1115,303,BLAa,BLA,40,left,0
1116,1117,3,7348.46,5752.08,2498.82,0.58203125,1116,303,BLAa,BLA,40,left,0
1117,1118,3,7349.9,5748.52,2499.02,0.26171875,1117,303,BLAa,BLA,40,left,0
1118,1119,3,7351.02,5745.34,2499.34,0.37890625,1118,303,BLAa,BLA,40,left,0
1119,1120,3,7354.1,5741.9,2500.1,0.3515625,1119,303,BLAa,BLA,40,left,0
1120,1121,3,7355.92,5739.46,2499.98,0.46484375,1120,303,BLAa,BLA,40,left,0
1121,1122,3,7358.74,5736.58,2499.78,1.078125,1121,303,BLAa,BLA,40,left,0
1122,1123,3,7360.22,5734.66,2499.54,0.234375,1122,303,BLAa,BLA,40,left,0
1123,1124,3,7362.66,5733.24,2499.92,0.4375,1123,303,BLAa,BLA,40,left,0
1124,1125,3,7324.88,5808.68,2505.98,0.0078125,355,303,BLAa,BLA,41,left,0
1125,1126,3,7324.86,5808.38,2503.04,0.4375,1125,303,BLAa,BLA,41,left,0
1126,1127,3,7324.96,5808.58,2501.54,0.46484375,1126,303,BLAa,BLA,41,left,0
1127,1128,3,7326.4,5808.54,2499.94,0.49609375,1127,303,BLAa,BLA,41,left,0
1128,1129,3,7327.34,5808.2,2498.16,0.671875,1128,303,BLAa,BLA,41,left,0
1129,1130,3,7329.16,5807.4,2496.96,0.46484375,1129,303,BLAa,BLA,41,left,0
1130,1131,3,7330.42,5808.1,2494.56,0.61328125,1130,303,BLAa,BLA,41,left,0
1131,1132,3,7331.64,5809.08,2492.54,0.49609375,1131,303,BLAa,BLA,41,left,0
1132,1133,3,7333.04,5810.46,2490.32,0.37890625,1132,303,BLAa,BLA,41,left,0
1133,1134,3,7334.02,5811.4,2489.06,0.61328125,1133,303,BLAa,BLA,41,left,0
1134,1135,3,7335.86,5811.48,2488.66,0.46484375,1134,303,BLAa,BLA,41,left,0
1135,1136,3,7336.94,5812.9,2488.28,0.0078125,1135,303,BLAa,BLA,41,left,0
1136,1137,3,7268.7,5758.88,2521.18,0.29296875,417,303,BLAa,BLA,42,left,0
1137,1138,3,7269.06,5758.1,2519.24,0.49609375,1137,303,BLAa,BLA,42,left,0
1138,1139,3,7268.96,5757.28,2517.44,0.5546875,1138,303,BLAa,BLA,42,left,0
1139,1140,3,7268.78,5756.0,2514.72,0.5546875,1139,303,BLAa,BLA,42,left,0
1140,1141,3,7268.68,5755.24,2513.12,0.4375,1140,303,BLAa,BLA,42,left,0
1141,1142,3,7268.5,5755.08,2510.32,0.4375,1141,303,BLAa,BLA,42,left,0
1142,1143,3,7268.38,5754.44,2508.58,0.234375,1142,303,BLAa,BLA,42,left,0
1143,1144,3,7268.24,5753.06,2506.2,0.49609375,1143,303,BLAa,BLA,42,left,0
1144,1145,3,7268.04,5753.14,2503.16,0.58203125,1144,303,BLAa,BLA,42,left,0
1145,1146,3,7267.96,5752.24,2501.6,0.5546875,1145,303,BLAa,BLA,42,left,0
1146,1147,3,7267.8,5750.54,2498.9,0.41015625,1146,303,BLAa,BLA,42,left,0
1147,1148,3,7267.46,5750.12,2496.52,0.49609375,1147,303,BLAa,BLA,42,left,0
1148,1149,3,7266.56,5749.56,2495.3,0.3515625,1148,303,BLAa,BLA,42,left,0
1149,1150,3,7267.92,5759.16,2521.2,0.00390625,417,303,BLAa,BLA,43,left,0
1150,1151,3,7267.84,5757.88,2519.98,1.01953125,1150,303,BLAa,BLA,43,left,0
1151,1152,3,7267.9,5754.24,2520.34,0.46484375,1151,303,BLAa,BLA,43,left,0
1152,1153,3,7267.92,5752.56,2520.22,0.41015625,1152,303,BLAa,BLA,43,left,0
1153,1154,3,7268.02,5748.3,2520.78,0.3515625,1153,303,BLAa,BLA,43,left,0
1154,1155,3,7268.06,5746.06,2521.04,0.5234375,1154,303,BLAa,BLA,43,left,0
1155,1156,3,7268.18,5741.02,2521.76,0.4375,1155,303,BLAa,BLA,43,left,0
1156,1157,3,7268.22,5737.96,2522.0,0.26171875,1156,303,BLAa,BLA,43,left,0
1157,1158,3,7268.26,5734.32,2521.9,0.4375,1157,303,BLAa,BLA,43,left,0
1158,1159,3,7268.28,5731.7,2521.84,0.58203125,1158,303,BLAa,BLA,43,left,0
1159,1160,3,7268.28,5728.96,2521.08,0.61328125,1159,303,BLAa,BLA,43,left,0
1160,1161,3,7268.3,5726.5,2520.78,0.29296875,1160,303,BLAa,BLA,43,left,0
1161,1162,3,7268.34,5724.0,2521.02,0.4375,1161,303,BLAa,BLA,43,left,0
1162,1163,3,7268.44,5719.72,2521.3,0.234375,1162,303,BLAa,BLA,43,left,0
1163,1164,3,7268.3,5718.22,2519.2,0.81640625,1163,303,BLAa,BLA,43,left,0
1164,1165,3,7268.16,5716.92,2517.0,0.5234375,1164,303,BLAa,BLA,43,left,0
1165,1166,3,7269.38,5716.3,2515.98,0.671875,1165,303,BLAa,BLA,43,left,0
1166,1167,3,7271.84,5715.56,2515.7,0.640625,1166,303,BLAa,BLA,43,left,0
1167,1168,3,7273.14,5715.52,2513.32,0.7890625,1167,303,BLAa,BLA,43,left,0
1168,1169,3,7273.84,5715.6,2511.92,0.4375,1168,303,BLAa,BLA,43,left,0
1169,1170,3,7276.58,5715.24,2511.08,0.37890625,1169,303,BLAa,BLA,43,left,0
1170,1171,3,7278.34,5715.06,2510.34,0.3515625,1170,303,BLAa,BLA,43,left,0
1171,1172,3,7279.68,5715.24,2507.96,0.61328125,1171,303,BLAa,BLA,43,left,0
1172,1173,3,7281.24,5715.84,2506.76,0.49609375,1172,303,BLAa,BLA,43,left,0
1173,1174,3,7282.56,5716.62,2504.6,0.5546875,1173,303,BLAa,BLA,43,left,0
1174,1175,3,7285.08,5716.7,2502.9,0.4375,1174,303,BLAa,BLA,43,left,0
1175,1176,3,7286.96,5716.52,2501.84,0.3203125,1175,303,BLAa,BLA,43,left,0
1176,1177,3,7289.78,5716.2,2500.58,0.41015625,1176,303,BLAa,BLA,43,left,0
1177,1178,3,7291.66,5716.02,2499.46,0.46484375,1177,303,BLAa,BLA,43,left,0
1178,1179,3,7294.4,5715.68,2498.42,0.41015625,1178,303,BLAa,BLA,43,left,0
1179,1180,3,7295.9,5715.22,2496.98,0.37890625,1179,303,BLAa,BLA,43,left,0
1180,1181,3,7296.6,5714.28,2495.92,0.37890625,1180,303,BLAa,BLA,43,left,0
1181,1182,3,7298.2,5713.62,2494.56,0.17578125,1181,303,BLAa,BLA,43,left,0
1182,1183,3,7298.5,5713.36,2492.16,0.5234375,1182,303,BLAa,BLA,43,left,0
1183,1184,3,7299.3,5713.1,2490.52,0.3515625,1183,303,BLAa,BLA,43,left,0
1184,1185,3,7299.72,5713.44,2487.66,0.49609375,1184,303,BLAa,BLA,43,left,0
1185,1186,3,7300.54,5713.58,2485.78,0.3515625,1185,303,BLAa,BLA,43,left,0
1186,1187,3,7301.6,5713.76,2483.3,0.58203125,1186,303,BLAa,BLA,43,left,0
1187,1188,3,7302.28,5714.02,2480.88,0.49609375,1187,303,BLAa,BLA,43,left,0
1188,1189,3,7302.68,5714.36,2478.1,0.5234375,1188,303,BLAa,BLA,43,left,0
1189,1190,3,7303.5,5714.32,2477.5,0.61328125,1189,303,BLAa,BLA,43,left,0
1190,1191,3,7303.52,5714.84,2473.98,0.46484375,1190,303,BLAa,BLA,43,left,0
1191,1192,3,7304.16,5715.0,2472.3,0.58203125,1191,303,BLAa,BLA,43,left,0
1192,1193,3,7304.38,5714.18,2470.04,0.046875,1192,303,BLAa,BLA,43,left,0
1193,1194,3,7304.24,5712.4,2467.34,0.61328125,1193,303,BLAa,BLA,43,left,0
1194,1195,3,7304.7,5711.92,2463.86,0.90234375,1194,303,BLAa,BLA,43,left,0
1195,1196,3,7306.02,5711.32,2461.56,0.46484375,1195,303,BLAa,BLA,43,left,0
1196,1197,3,7306.86,5710.72,2459.6,0.640625,1196,303,BLAa,BLA,43,left,0
1197,1198,3,7307.26,5710.22,2456.52,0.69921875,1197,303,BLAa,BLA,43,left,0
1198,1199,3,7307.14,5710.22,2454.1,0.5234375,1198,303,BLAa,BLA,43,left,0
1199,1200,3,7307.96,5709.88,2453.14,0.4375,1199,303,BLAa,BLA,43,left,0
1200,1201,3,7308.4,5710.18,2450.6,0.3515625,1200,303,BLAa,BLA,43,left,0
1201,1202,3,7309.56,5710.3,2448.32,0.3515625,1201,303,BLAa,BLA,43,left,0
1202,1203,3,7310.3,5710.12,2447.24,0.203125,1202,303,BLAa,BLA,43,left,0
1203,1204,3,7309.76,5711.1,2439.62,0.58203125,1203,303,BLAa,BLA,43,left,0
1204,1205,3,7309.86,5711.08,2438.22,0.37890625,1204,303,BLAa,BLA,43,left,0
1205,1206,3,7311.04,5710.24,2438.28,0.5546875,1205,303,BLAa,BLA,43,left,0
1206,1207,3,7312.0,5710.28,2435.3,1.2265625,1206,303,BLAa,BLA,43,left,0
1207,1208,3,7312.46,5710.44,2433.9,0.4375,1207,303,BLAa,BLA,43,left,0
1208,1209,3,7312.86,5710.98,2430.14,0.81640625,1208,303,BLAa,BLA,43,left,0
1209,1210,3,7313.02,5711.22,2428.52,0.5234375,1209,303,BLAa,BLA,43,left,0
1210,1211,3,7314.74,5711.04,2427.96,0.3515625,1210,303,BLAa,BLA,43,left,0
1211,1212,3,7316.4,5711.02,2426.48,0.4375,1211,303,BLAa,BLA,43,left,0
1212,1213,3,7316.92,5711.3,2424.26,0.29296875,1212,303,BLAa,BLA,43,left,0
1213,1214,3,7317.96,5711.76,2420.62,0.46484375,1213,303,BLAa,BLA,43,left,0
1214,1215,3,7319.1,5711.52,2420.3,0.41015625,1214,303,BLAa,BLA,43,left,0
1215,1216,3,7319.56,5711.18,2418.34,0.29296875,1215,303,BLAa,BLA,43,left,0
1216,1217,3,7319.38,5711.22,2415.94,0.69921875,1216,303,BLAa,BLA,43,left,0
1217,1218,3,7320.4,5711.26,2414.42,0.37890625,1217,303,BLAa,BLA,43,left,0
1218,1219,3,7322.58,5711.02,2413.8,0.41015625,1218,303,BLAa,BLA,43,left,0
1219,1220,3,7323.54,5711.14,2412.12,0.17578125,1219,303,BLAa,BLA,43,left,0
1220,1221,3,7326.0,5710.92,2411.12,0.234375,1220,303,BLAa,BLA,43,left,0
1221,1222,3,7327.68,5710.9,2409.76,0.49609375,1221,303,BLAa,BLA,43,left,0
1222,1223,3,7328.56,5711.3,2408.28,0.5234375,1222,303,BLAa,BLA,43,left,0
1223,1224,3,7329.5,5711.92,2406.36,0.29296875,1223,303,BLAa,BLA,43,left,0
1224,1225,3,7331.18,5712.18,2405.38,0.4375,1224,303,BLAa,BLA,43,left,0
1225,1226,3,7333.88,5712.72,2403.32,0.3515625,1225,311,BLAp,BLA,43,left,0
1226,1227,3,7334.58,5713.7,2401.76,0.46484375,1226,311,BLAp,BLA,43,left,0
1227,1228,3,7335.7,5713.34,2401.68,0.078125,1227,311,BLAp,BLA,43,left,0
1228,1229,3,7335.68,5714.08,2397.06,0.69921875,1228,311,BLAp,BLA,43,left,0
1229,1230,3,7336.24,5714.4,2394.76,0.3515625,1229,311,BLAp,BLA,43,left,0
1230,1231,3,7337.64,5714.5,2392.96,0.3203125,1230,311,BLAp,BLA,43,left,0
1231,1232,3,7339.76,5714.52,2392.9,0.49609375,1231,311,BLAp,BLA,43,left,0
1232,1233,3,7340.58,5715.78,2390.92,0.671875,1232,311,BLAp,BLA,43,left,0
1233,1234,3,7342.1,5716.78,2388.6,0.5234375,1233,311,BLAp,BLA,43,left,0
1234,1235,3,7342.18,5718.12,2385.68,0.49609375,1234,311,BLAp,BLA,43,left,0
1235,1236,3,7342.54,5719.28,2383.92,0.4375,1235,311,BLAp,BLA,43,left,0
1236,1237,3,7344.48,5719.54,2383.48,0.3203125,1236,311,BLAp,BLA,43,left,0
1237,1238,3,7345.58,5720.0,2381.08,0.7578125,1237,311,BLAp,BLA,43,left,0
1238,1239,3,7345.42,5720.68,2379.24,0.17578125,1238,311,BLAp,BLA,43,left,1
1239,1240,3,7379.72,5725.26,2500.44,0.00390625,483,303,BLAa,BLA,44,left,0
1240,1241,3,7382.26,5725.0,2499.36,0.41015625,1240,303,BLAa,BLA,44,left,0
1241,1242,3,7383.76,5724.86,2498.24,0.671875,1241,303,BLAa,BLA,44,left,0
1242,1243,3,7385.38,5724.42,2497.56,0.61328125,1242,303,BLAa,BLA,44,left,0
1243,1244,3,7386.76,5723.72,2496.18,0.5546875,1243,303,BLAa,BLA,44,left,0
1244,1245,3,7388.12,5723.46,2494.36,0.46484375,1244,303,BLAa,BLA,44,left,0
1245,1246,3,7390.38,5722.86,2494.24,0.41015625,1245,303,BLAa,BLA,44,left,0
1246,1247,3,7392.12,5722.16,2493.74,0.4375,1246,303,BLAa,BLA,44,left,0
1247,1248,3,7394.12,5721.7,2493.46,0.234375,1247,303,BLAa,BLA,44,left,0
1248,1249,3,7397.12,5721.08,2493.24,0.3515625,1248,303,BLAa,BLA,44,left,0
1249,1250,3,7398.98,5720.46,2492.92,0.29296875,1249,303,BLAa,BLA,44,left,0
1250,1251,3,7401.2,5718.4,2493.22,0.46484375,1250,303,BLAa,BLA,44,left,0
1251,1252,3,7402.14,5715.0,2493.68,0.84765625,1251,303,BLAa,BLA,44,left,0
1252,1253,3,7404.04,5713.1,2493.82,0.3515625,1252,303,BLAa,BLA,44,left,0
1253,1254,3,7405.04,5711.56,2493.28,0.61328125,1253,303,BLAa,BLA,44,left,0
1254,1255,3,7406.62,5710.94,2492.98,0.3515625,1254,303,BLAa,BLA,44,left,1
1255,1256,3,7378.68,5726.06,2501.12,0.0078125,483,303,BLAa,BLA,45,left,0
1256,1257,3,7381.1,5727.46,2500.98,0.4375,1256,303,BLAa,BLA,45,left,0
1257,1258,3,7382.1,5729.88,2500.5,0.5234375,1257,303,BLAa,BLA,45,left,0
1258,1259,3,7384.94,5731.42,2500.42,0.49609375,1258,303,BLAa,BLA,45,left,0
1259,1260,3,7386.92,5732.64,2500.52,0.5234375,1259,303,BLAa,BLA,45,left,0
1260,1261,3,7389.06,5733.94,2500.68,0.234375,1260,303,BLAa,BLA,45,left,0
1261,1262,3,7392.1,5734.88,2500.76,0.3515625,1261,303,BLAa,BLA,45,left,0
1262,1263,3,7395.58,5736.66,2500.44,0.41015625,1262,303,BLAa,BLA,45,left,0
1263,1264,3,7397.44,5738.0,2500.06,0.203125,1263,303,BLAa,BLA,45,left,0
1264,1265,3,7399.62,5737.94,2499.94,0.49609375,1264,303,BLAa,BLA,45,left,0
1265,1266,3,7402.24,5737.46,2500.36,0.17578125,1265,303,BLAa,BLA,45,left,0
1266,1267,3,7403.42,5738.02,2500.8,0.69921875,1266,303,BLAa,BLA,45,left,0
1267,1268,3,7406.04,5737.64,2501.6,0.02734375,1267,303,BLAa,BLA,45,left,0
1268,1269,3,7407.92,5738.52,2502.38,0.3515625,1268,303,BLAa,BLA,45,left,0
1269,1270,3,7409.46,5739.42,2503.3,0.58203125,1269,303,BLAa,BLA,45,left,0
1270,1271,3,7410.5,5740.6,2504.16,0.4375,1270,303,BLAa,BLA,45,left,0
1271,1272,3,7414.0,5740.68,2505.6,0.3203125,1271,303,BLAa,BLA,45,left,0
1272,1273,3,7415.74,5741.26,2506.36,0.5546875,1272,303,BLAa,BLA,45,left,0
1273,1274,3,7418.76,5741.0,2507.82,0.3515625,1273,303,BLAa,BLA,45,left,0
1274,1275,3,7420.62,5740.9,2508.12,0.3515625,1274,303,BLAa,BLA,45,left,1
1275,1276,3,7232.14,5782.62,2542.62,0.0546875,499,303,BLAa,BLA,46,left,0
1276,1277,3,7229.72,5783.12,2541.28,0.58203125,1276,303,BLAa,BLA,46,left,0
1277,1278,3,7228.48,5783.14,2539.66,0.5546875,1277,303,BLAa,BLA,46,left,0
1278,1279,3,7227.72,5781.5,2538.54,0.3515625,1278,303,BLAa,BLA,46,left,0
1279,1280,3,7225.98,5779.68,2538.0,0.203125,1279,303,BLAa,BLA,46,left,0
1280,1281,3,7224.0,5778.8,2537.3,0.69921875,1280,303,BLAa,BLA,46,left,0
1281,1282,3,7221.46,5779.12,2536.56,0.3515625,1281,303,BLAa,BLA,46,left,0
1282,1283,3,7218.0,5778.74,2535.04,0.5546875,1282,303,BLAa,BLA,46,left,0
1283,1284,3,7216.36,5777.08,2534.6,0.4375,1283,303,BLAa,BLA,46,left,0
1284,1285,3,7214.26,5775.48,2534.64,0.3515625,1284,303,BLAa,BLA,46,left,0
1285,1286,3,7213.56,5773.98,2534.9,0.3515625,1285,303,BLAa,BLA,46,left,0
1286,1287,3,7211.62,5773.22,2535.16,0.5546875,1286,303,BLAa,BLA,46,left,0
1287,1288,3,7209.86,5771.38,2535.96,0.46484375,1287,303,BLAa,BLA,46,left,0
1288,1289,3,7208.82,5769.36,2536.92,0.26171875,1288,303,BLAa,BLA,46,left,0
1289,1290,3,7207.22,5768.06,2537.36,0.49609375,1289,303,BLAa,BLA,46,left,0
1290,1291,3,7205.34,5767.06,2537.1,0.37890625,1290,303,BLAa,BLA,46,left,0
1291,1292,3,7202.22,5765.98,2537.02,0.4375,1291,303,BLAa,BLA,46,left,0
1292,1293,3,7199.72,5764.46,2537.38,0.5234375,1292,303,BLAa,BLA,46,left,0
1293,1294,3,7197.48,5763.26,2537.74,0.4375,1293,303,BLAa,BLA,46,left,0
1294,1295,3,7195.74,5762.14,2538.24,0.17578125,1294,303,BLAa,BLA,46,left,0
1295,1296,3,7193.74,5761.9,2538.56,0.3203125,1295,303,BLAa,BLA,46,left,0
1296,1297,3,7191.66,5761.38,2538.8,0.3515625,1296,303,BLAa,BLA,46,left,0
1297,1298,3,7190.84,5759.86,2539.8,0.29296875,1297,303,BLAa,BLA,46,left,0
1298,1299,3,7189.0,5759.06,2540.36,0.3515625,1298,303,BLAa,BLA,46,left,0
1299,1300,3,7188.26,5757.62,2541.42,0.5546875,1299,303,BLAa,BLA,46,left,0
1300,1301,3,7186.4,5756.66,2542.26,0.29296875,1300,303,BLAa,BLA,46,left,0
1301,1302,3,7184.42,5755.58,2542.78,0.29296875,1301,303,BLAa,BLA,46,left,0
1302,1303,3,7182.12,5752.74,2545.1,0.17578125,1302,303,BLAa,BLA,46,left,0
1303,1304,3,7180.06,5751.66,2546.14,0.26171875,1303,303,BLAa,BLA,46,left,0
1304,1305,3,7176.74,5751.74,2546.8,0.26171875,1304,303,BLAa,BLA,46,left,0
1305,1306,3,7174.1,5751.94,2547.94,0.3203125,1305,303,BLAa,BLA,46,left,0
1306,1307,3,7172.1,5751.8,2549.2,0.46484375,1306,303,BLAa,BLA,46,left,0
1307,1308,3,7168.98,5751.84,2549.36,0.3515625,1307,303,BLAa,BLA,46,left,0
1308,1309,3,7167.32,5752.54,2549.12,0.0390625,1308,303,BLAa,BLA,46,left,0
1309,1310,3,7164.12,5753.54,2548.7,0.3203125,1309,303,BLAa,BLA,46,left,0
1310,1311,3,7159.78,5755.18,2548.72,0.3203125,1310,303,BLAa,BLA,46,left,0
1311,1312,3,7157.28,5756.0,2549.24,0.3515625,1311,303,BLAa,BLA,46,left,0
1312,1313,3,7156.28,5756.06,2550.32,0.49609375,1312,303,BLAa,BLA,46,left,0
1313,1314,3,7154.12,5756.1,2551.26,0.37890625,1313,303,BLAa,BLA,46,left,0
1314,1315,3,7151.08,5755.96,2551.84,0.4375,1314,303,BLAa,BLA,46,left,0
1315,1316,3,7148.8,5756.1,2552.58,0.37890625,1315,303,BLAa,BLA,46,left,0
1316,1317,3,7145.34,5756.36,2553.64,0.3515625,1316,303,BLAa,BLA,46,left,0
1317,1318,3,7143.98,5756.36,2555.32,0.203125,1317,303,BLAa,BLA,46,left,0
1318,1319,3,7141.24,5756.62,2557.02,0.29296875,1318,303,BLAa,BLA,46,left,0
1319,1320,3,7140.42,5757.24,2558.54,0.5234375,1319,303,BLAa,BLA,46,left,0
1320,1321,3,7138.62,5757.7,2559.34,0.875,1320,303,BLAa,BLA,46,left,0
1321,1322,3,7138.26,5757.9,2560.6,0.5546875,1321,303,BLAa,BLA,46,left,0
1322,1323,3,7137.14,5758.82,2562.6,0.4375,1322,303,BLAa,BLA,46,left,0
1323,1324,3,7135.06,5760.0,2564.38,0.37890625,1323,303,BLAa,BLA,46,left,0
1324,1325,3,7134.1,5761.12,2566.0,0.640625,1324,303,BLAa,BLA,46,left,0
1325,1326,3,7131.92,5761.86,2567.88,0.875,1325,303,BLAa,BLA,46,left,0
1326,1327,3,7130.1,5762.66,2569.04,0.3515625,1326,303,BLAa,BLA,46,left,0
1327,1328,3,7129.32,5762.7,2570.9,0.46484375,1327,303,BLAa,BLA,46,left,0
1328,1329,3,7126.68,5763.16,2571.94,0.49609375,1328,303,BLAa,BLA,46,left,0
1329,1330,3,7124.6,5763.94,2572.6,0.234375,1329,303,BLAa,BLA,46,left,0
1330,1331,3,7122.34,5764.32,2573.42,0.203125,1330,303,BLAa,BLA,46,left,0
1331,1332,3,7120.7,5764.02,2575.14,0.58203125,1331,303,BLAa,BLA,46,left,0
1332,1333,3,7119.44,5763.42,2576.66,0.41015625,1332,303,BLAa,BLA,46,left,0
1333,1334,3,7117.46,5763.08,2577.48,0.671875,1333,303,BLAa,BLA,46,left,0
1334,1335,3,7115.26,5762.94,2577.74,0.3515625,1334,303,BLAa,BLA,46,left,0
1335,1336,3,7113.58,5762.78,2578.5,0.37890625,1335,303,BLAa,BLA,46,left,0
1336,1337,3,7111.94,5762.52,2579.7,0.3515625,1336,303,BLAa,BLA,46,left,0
1337,1338,3,7109.02,5762.68,2580.7,0.46484375,1337,303,BLAa,BLA,46,left,0
1338,1339,3,7106.76,5762.76,2582.02,0.203125,1338,303,BLAa,BLA,46,left,0
1339,1340,3,7105.78,5762.72,2583.58,0.7578125,1339,303,BLAa,BLA,46,left,0
1340,1341,3,7103.88,5763.0,2584.16,0.26171875,1340,303,BLAa,BLA,46,left,0
1341,1342,3,7102.02,5763.84,2584.98,0.46484375,1341,303,BLAa,BLA,46,left,0
1342,1343,3,7099.36,5764.32,2585.26,0.3203125,1342,303,BLAa,BLA,46,left,0
1343,1344,3,7098.7,5764.88,2585.94,0.58203125,1343,303,BLAa,BLA,46,left,0
1344,1345,3,7098.74,5767.48,2586.14,0.17578125,1344,303,BLAa,BLA,46,left,0
1345,1346,3,7097.8,5770.38,2586.8,0.7890625,1345,303,BLAa,BLA,46,left,0
1346,1347,3,7097.78,5771.84,2588.18,0.46484375,1346,303,BLAa,BLA,46,left,0
1347,1348,3,7097.8,5775.26,2589.12,0.5234375,1347,303,BLAa,BLA,46,left,0
1348,1349,3,7097.08,5777.58,2588.82,0.41015625,1348,303,BLAa,BLA,46,left,0
1349,1350,3,7094.18,5780.52,2588.66,0.69921875,1349,303,BLAa,BLA,46,left,0
1350,1351,3,7092.32,5781.72,2588.9,0.5234375,1350,303,BLAa,BLA,46,left,0
1351,1352,3,7090.6,5784.62,2589.08,0.7890625,1351,303,BLAa,BLA,46,left,0
1352,1353,3,7090.7,5786.32,2589.7,0.73046875,1352,303,BLAa,BLA,46,left,1
1353,1354,3,7231.26,5781.98,2542.48,0.01171875,499,303,BLAa,BLA,47,left,0
1354,1355,3,7231.12,5770.26,2544.18,0.41015625,1354,303,BLAa,BLA,47,left,0
1355,1356,3,7230.52,5767.44,2544.66,0.3203125,1355,303,BLAa,BLA,47,left,0
1356,1357,3,7229.26,5765.56,2544.66,0.41015625,1356,303,BLAa,BLA,47,left,0
1357,1358,3,7227.74,5763.4,2544.84,0.3515625,1357,303,BLAa,BLA,47,left,0
1358,1359,3,7226.82,5760.74,2545.3,0.234375,1358,303,BLAa,BLA,47,left,0
1359,1360,3,7225.86,5758.82,2545.62,0.41015625,1359,303,BLAa,BLA,47,left,0
1360,1361,3,7224.2,5756.92,2546.08,0.17578125,1360,303,BLAa,BLA,47,left,0
1361,1362,3,7222.76,5754.66,2547.3,0.29296875,1361,303,BLAa,BLA,47,left,0
1362,1363,3,7221.74,5752.32,2548.0,0.46484375,1362,303,BLAa,BLA,47,left,0
1363,1364,3,7219.28,5751.1,2548.66,0.203125,1363,303,BLAa,BLA,47,left,0
1364,1365,3,7218.34,5749.48,2549.86,0.5546875,1364,303,BLAa,BLA,47,left,0
1365,1366,3,7216.34,5746.84,2550.82,0.49609375,1365,303,BLAa,BLA,47,left,0
1366,1367,3,7214.12,5745.58,2551.04,0.3515625,1366,303,BLAa,BLA,47,left,0
1367,1368,3,7211.32,5743.92,2551.16,0.00390625,1367,303,BLAa,BLA,47,left,0
1368,1369,3,7208.8,5742.7,2551.22,0.46484375,1368,303,BLAa,BLA,47,left,0
1369,1370,3,7206.28,5742.08,2551.16,0.4375,1369,303,BLAa,BLA,47,left,0
1370,1371,3,7204.88,5740.6,2551.52,0.46484375,1370,303,BLAa,BLA,47,left,0
1371,1372,3,7201.78,5740.14,2552.2,0.41015625,1371,303,BLAa,BLA,47,left,0
1372,1373,3,7199.94,5739.32,2552.6,0.17578125,1372,303,BLAa,BLA,47,left,0
1373,1374,3,7198.34,5738.58,2553.18,0.37890625,1373,303,BLAa,BLA,47,left,0
1374,1375,3,7197.86,5738.02,2554.56,0.5546875,1374,303,BLAa,BLA,47,left,0
1375,1376,3,7196.14,5737.14,2555.28,0.5234375,1375,303,BLAa,BLA,47,left,0
1376,1377,3,7193.38,5736.2,2556.1,0.4375,1376,303,BLAa,BLA,47,left,0
1377,1378,3,7191.56,5735.54,2556.68,0.3203125,1377,303,BLAa,BLA,47,left,0
1378,1379,3,7189.74,5734.18,2556.98,0.5234375,1378,303,BLAa,BLA,47,left,0
1379,1380,3,7187.06,5733.6,2556.76,0.671875,1379,303,BLAa,BLA,47,left,0
1380,1381,3,7184.6,5733.34,2556.16,0.3515625,1380,303,BLAa,BLA,47,left,0
1381,1382,3,7182.7,5732.52,2555.14,0.29296875,1381,303,BLAa,BLA,47,left,0
1382,1383,3,7180.16,5732.24,2555.1,0.46484375,1382,303,BLAa,BLA,47,left,0
1383,1384,3,7176.78,5732.58,2555.06,0.4375,1383,303,BLAa,BLA,47,left,1
1384,1385,3,7309.54,5881.76,2607.62,0.01953125,504,303,BLAa,BLA,48,left,0
1385,1386,3,7309.94,5880.88,2611.36,0.46484375,1385,303,BLAa,BLA,48,left,0
1386,1387,3,7311.14,5880.46,2613.14,0.58203125,1386,303,BLAa,BLA,48,left,0
1387,1388,3,7313.52,5880.12,2615.5,0.671875,1387,303,BLAa,BLA,48,left,0
1388,1389,3,7314.66,5879.96,2617.84,0.3515625,1388,303,BLAa,BLA,48,left,0
1389,1390,3,7316.28,5879.92,2620.52,0.7578125,1389,303,BLAa,BLA,48,left,0
1390,1391,3,7318.34,5879.8,2622.66,0.4375,1390,303,BLAa,BLA,48,left,0
1391,1392,3,7318.94,5880.02,2624.7,0.69921875,1391,303,BLAa,BLA,48,left,0
1392,1393,3,7320.06,5879.88,2626.16,0.5546875,1392,303,BLAa,BLA,48,left,0
1393,1394,3,7321.76,5880.26,2626.54,0.640625,1393,303,BLAa,BLA,48,left,0
1394,1395,3,7322.68,5881.98,2627.66,0.37890625,1394,303,BLAa,BLA,48,left,0
1395,1396,3,7323.08,5883.84,2628.74,0.61328125,1395,303,BLAa,BLA,48,left,0
1396,1397,3,7324.74,5885.4,2629.46,0.5234375,1396,303,BLAa,BLA,48,left,0
1397,1398,3,7326.02,5886.82,2630.34,0.41015625,1397,303,BLAa,BLA,48,left,0
1398,1399,3,7327.42,5887.56,2631.9,0.5234375,1398,303,BLAa,BLA,48,left,0
1399,1400,3,7327.88,5888.1,2634.14,0.49609375,1399,303,BLAa,BLA,48,left,0
1400,1401,3,7329.42,5888.5,2635.14,0.69921875,1400,303,BLAa,BLA,48,left,0
1401,1402,3,7331.12,5888.9,2635.94,0.4375,1401,303,BLAa,BLA,48,left,0
1402,1403,3,7332.74,5888.98,2637.78,0.640625,1402,303,BLAa,BLA,48,left,0
1403,1404,3,7333.46,5889.76,2639.34,0.41015625,1403,303,BLAa,BLA,48,left,0
1404,1405,3,7335.64,5889.46,2640.4,0.49609375,1404,303,BLAa,BLA,48,left,0
1405,1406,3,7336.56,5889.66,2642.02,0.49609375,1405,303,BLAa,BLA,48,left,0
1406,1407,3,7337.02,5890.9,2643.68,0.5234375,1406,303,BLAa,BLA,48,left,0
1407,1408,3,7338.92,5891.12,2644.38,0.81640625,1407,303,BLAa,BLA,48,left,0
1408,1409,3,7340.3,5891.46,2645.88,0.46484375,1408,303,BLAa,BLA,48,left,0
1409,1410,3,7341.26,5891.98,2648.04,0.73046875,1409,303,BLAa,BLA,48,left,0
1410,1411,3,7341.74,5893.0,2650.9,0.671875,1410,303,BLAa,BLA,48,left,0
1411,1412,3,7342.0,5893.34,2652.88,0.640625,1411,303,BLAa,BLA,48,left,0
1412,1413,3,7343.34,5893.72,2653.14,0.7890625,1412,303,BLAa,BLA,48,left,0
1413,1414,3,7310.96,5882.68,2605.52,0.0390625,504,303,BLAa,BLA,49,left,0
1414,1415,3,7312.8,5883.98,2605.38,0.4375,1414,303,BLAa,BLA,49,left,0
1415,1416,3,7315.22,5885.34,2605.26,0.3515625,1415,303,BLAa,BLA,49,left,0
1416,1417,3,7317.7,5886.7,2605.2,0.3515625,1416,303,BLAa,BLA,49,left,0
1417,1418,3,7319.4,5887.64,2605.38,0.5234375,1417,303,BLAa,BLA,49,left,0
1418,1419,3,7321.74,5889.16,2605.38,0.4375,1418,303,BLAa,BLA,49,left,0
1419,1420,3,7323.62,5890.6,2604.96,0.5234375,1419,303,BLAa,BLA,49,left,0
1420,1421,3,7324.42,5892.9,2604.36,0.37890625,1420,303,BLAa,BLA,49,left,0
1421,1422,3,7326.2,5895.0,2604.06,0.4375,1421,303,BLAa,BLA,49,left,0
1422,1423,3,7328.2,5896.62,2603.76,0.4375,1422,303,BLAa,BLA,49,left,0
1423,1424,3,7329.08,5898.14,2603.14,0.3515625,1423,303,BLAa,BLA,49,left,0
1424,1425,3,7331.44,5899.72,2602.3,0.234375,1424,303,BLAa,BLA,49,left,0
1425,1426,3,7332.92,5900.38,2601.82,0.58203125,1425,303,BLAa,BLA,49,left,0
1426,1427,3,7333.88,5902.56,2601.1,0.46484375,1426,303,BLAa,BLA,49,left,0
1427,1428,3,7335.48,5904.52,2600.54,0.3515625,1427,303,BLAa,BLA,49,left,0
1428,1429,3,7337.28,5907.26,2599.72,0.3515625,1428,303,BLAa,BLA,49,left,0
1429,1430,3,7338.72,5908.46,2599.42,0.49609375,1429,303,BLAa,BLA,49,left,0
1430,1431,3,7340.16,5909.74,2598.98,0.3203125,1430,303,BLAa,BLA,49,left,0
1431,1432,3,7342.44,5912.22,2598.64,0.4375,1431,303,BLAa,BLA,49,left,0
1432,1433,3,7344.0,5913.9,2598.38,0.4375,1432,303,BLAa,BLA,49,left,0
1433,1434,3,7346.0,5915.78,2597.9,0.26171875,1433,303,BLAa,BLA,49,left,0
1434,1435,3,7347.56,5918.08,2597.38,0.4375,1434,303,BLAa,BLA,49,left,0
1435,1436,3,7349.26,5920.5,2597.1,0.46484375,1435,303,BLAa,BLA,49,left,0
1436,1437,3,7350.56,5922.6,2597.08,0.26171875,1436,303,BLAa,BLA,49,left,0
1437,1438,3,7352.0,5925.34,2596.52,0.5234375,1437,303,BLAa,BLA,49,left,0
1438,1439,3,7353.88,5927.36,2595.98,0.3515625,1438,303,BLAa,BLA,49,left,0
1439,1440,3,7355.68,5929.34,2595.7,0.3515625,1439,334,BMAp,BMA,49,left,0
1440,1441,3,7356.6,5931.58,2595.1,0.3203125,1440,334,BMAp,BMA,49,left,0
1441,1442,3,7359.6,5933.44,2594.56,0.5234375,1441,334,BMAp,BMA,49,left,0
1442,1443,3,7361.04,5935.52,2593.98,0.26171875,1442,334,BMAp,BMA,49,left,0
1443,1444,3,7362.58,5936.96,2593.44,0.3515625,1443,334,BMAp,BMA,49,left,0
1444,1445,3,7365.48,5938.7,2592.9,0.4375,1444,334,BMAp,BMA,49,left,0
1445,1446,3,7366.68,5940.96,2592.5,0.3515625,1445,334,BMAp,BMA,49,left,0
1446,1447,3,7367.2,5944.3,2591.92,0.00390625,1446,334,BMAp,BMA,49,left,0
1447,1448,3,7369.34,5945.06,2591.92,0.41015625,1447,334,BMAp,BMA,49,left,0
1448,1449,3,7371.4,5946.18,2591.82,0.37890625,1448,334,BMAp,BMA,49,left,0
1449,1450,3,7373.6,5947.98,2591.62,0.73046875,1449,334,BMAp,BMA,49,left,0
1450,1451,3,7374.84,5950.3,2591.26,0.4375,1450,334,BMAp,BMA,49,left,0
1451,1452,3,7376.02,5952.82,2590.88,0.46484375,1451,334,BMAp,BMA,49,left,0
1452,1453,3,7377.96,5954.9,2590.58,0.49609375,1452,334,BMAp,BMA,49,left,0
1453,1454,3,7378.86,5957.4,2589.88,0.41015625,1453,334,BMAp,BMA,49,left,0
1454,1455,3,7379.82,5959.4,2589.28,0.5234375,1454,334,BMAp,BMA,49,left,0
1455,1456,3,7380.94,5961.5,2588.78,0.3515625,1455,334,BMAp,BMA,49,left,0
1456,1457,3,7382.58,5962.98,2588.62,0.37890625,1456,334,BMAp,BMA,49,left,0
1457,1458,3,7383.5,5965.0,2588.38,0.3203125,1457,334,BMAp,BMA,49,left,0
1458,1459,3,7385.1,5967.02,2588.5,0.3515625,1458,334,BMAp,BMA,49,left,0
1459,1460,3,7386.92,5968.38,2588.74,0.46484375,1459,334,BMAp,BMA,49,left,0
1460,1461,3,7388.74,5969.46,2588.72,0.26171875,1460,334,BMAp,BMA,49,left,0
1461,1462,3,7390.08,5970.54,2588.6,0.41015625,1461,334,BMAp,BMA,49,left,0
1462,1463,3,7392.78,5972.3,2588.44,0.3515625,1462,334,BMAp,BMA,49,left,0
1463,1464,3,7395.18,5974.04,2587.54,0.3515625,1463,334,BMAp,BMA,49,left,0
1464,1465,3,7396.8,5975.74,2586.24,0.5546875,1464,334,BMAp,BMA,49,left,0
1465,1466,3,7398.1,5976.46,2585.84,0.41015625,1465,334,BMAp,BMA,49,left,0
1466,1467,3,7288.78,5839.44,2635.96,0.0859375,522,303,BLAa,BLA,50,left,0
1467,1468,3,7288.14,5839.16,2638.8,0.49609375,1467,303,BLAa,BLA,50,left,0
1468,1469,3,7286.64,5838.52,2640.44,0.5234375,1468,303,BLAa,BLA,50,left,0
1469,1470,3,7285.14,5838.36,2642.3,0.4375,1469,303,BLAa,BLA,50,left,0
1470,1471,3,7285.02,5838.28,2643.52,0.5546875,1470,303,BLAa,BLA,50,left,0
1471,1472,3,7283.42,5838.46,2644.7,0.5546875,1471,303,BLAa,BLA,50,left,0
1472,1473,3,7281.28,5838.66,2646.8,0.640625,1472,303,BLAa,BLA,50,left,0
1473,1474,3,7279.14,5839.3,2648.62,0.640625,1473,303,BLAa,BLA,50,left,0
1474,1475,3,7277.96,5840.22,2649.72,0.69921875,1474,303,BLAa,BLA,50,left,0
1475,1476,3,7275.84,5841.4,2650.66,0.37890625,1475,303,BLAa,BLA,50,left,0
1476,1477,3,7274.92,5842.4,2651.82,0.17578125,1476,303,BLAa,BLA,50,left,0
1477,1478,3,7273.68,5845.32,2652.94,0.5546875,1477,303,BLAa,BLA,50,left,0
1478,1479,3,7273.22,5847.52,2653.32,0.3203125,1478,303,BLAa,BLA,50,left,0
1479,1480,3,7291.8,5834.88,2635.28,0.29296875,522,303,BLAa,BLA,51,left,0
1480,1481,3,7292.38,5831.12,2635.5,0.90234375,1480,303,BLAa,BLA,51,left,0
1481,1482,3,7292.92,5826.2,2635.9,0.640625,1481,303,BLAa,BLA,51,left,0
1482,1483,3,7293.7,5824.48,2635.88,0.203125,1482,303,BLAa,BLA,51,left,0
1483,1484,3,7293.94,5820.42,2636.42,0.26171875,1483,303,BLAa,BLA,51,left,0
1484,1485,3,7294.02,5817.72,2636.68,0.49609375,1484,303,BLAa,BLA,51,left,0
2272,2273,3,7363.16,5729.46,2501.4,0.00390625,1124,303,BLAa,BLA,64,left,0
2273,2274,3,7363.5,5724.92,2503.22,0.26171875,2273,303,BLAa,BLA,64,left,0
2274,2275,3,7363.74,5721.88,2504.64,0.46484375,2274,303,BLAa,BLA,64,left,0
2275,2276,3,7364.7,5708.44,2508.44,0.41015625,2275,303,BLAa,BLA,64,left,0
2276,2277,3,7364.88,5705.72,2508.98,0.61328125,2276,303,BLAa,BLA,64,left,0
2277,2278,3,7365.04,5702.64,2509.26,0.49609375,2277,303,BLAa,BLA,64,left,0
2278,2279,3,7365.3,5698.52,2509.96,0.4375,2278,303,BLAa,BLA,64,left,0
2279,2280,3,7365.52,5695.36,2510.4,0.46484375,2279,303,BLAa,BLA,64,left,0
2280,2281,3,7365.76,5691.98,2510.96,0.58203125,2280,303,BLAa,BLA,64,left,0
2281,2282,3,7366.36,5687.96,2511.62,0.17578125,2281,303,BLAa,BLA,64,left,0
2282,2283,3,7367.16,5686.96,2511.2,0.234375,2282,303,BLAa,BLA,64,left,0
2283,2284,3,7367.62,5684.1,2511.2,0.4375,2283,303,BLAa,BLA,64,left,0
2284,2285,3,7368.58,5682.26,2511.76,0.37890625,2284,303,BLAa,BLA,64,left,1
2285,2286,3,7365.14,5732.3,2498.94,0.00390625,1124,303,BLAa,BLA,65,left,0
2286,2287,3,7365.66,5732.36,2497.2,0.4375,2286,303,BLAa,BLA,65,left,0
2287,2288,3,7368.06,5731.44,2496.92,0.41015625,2287,303,BLAa,BLA,65,left,0
2288,2289,3,7369.82,5730.08,2496.56,0.875,2288,303,BLAa,BLA,65,left,0
2289,2290,3,7370.24,5728.78,2495.84,0.69921875,2289,303,BLAa,BLA,65,left,0
2290,2291,3,7370.2,5728.5,2492.4,0.4375,2290,303,BLAa,BLA,65,left,0
2291,2292,3,7370.96,5727.22,2491.44,0.5546875,2291,303,BLAa,BLA,65,left,0
2292,2293,3,7371.1,5725.9,2489.28,0.5546875,2292,303,BLAa,BLA,65,left,0
2293,2294,3,7371.12,5723.76,2488.34,0.671875,2293,303,BLAa,BLA,65,left,0
2294,2295,3,7372.94,5721.42,2487.9,0.3515625,2294,303,BLAa,BLA,65,left,0
2295,2296,3,7374.72,5720.4,2488.04,0.58203125,2295,303,BLAa,BLA,65,left,0
2296,2297,3,7374.94,5719.4,2486.66,0.69921875,2296,303,BLAa,BLA,65,left,0
2297,2298,3,7375.74,5719.04,2484.86,0.3515625,2297,303,BLAa,BLA,65,left,0
2298,2299,3,7375.8,5719.68,2482.48,0.5234375,2298,303,BLAa,BLA,65,left,0
2299,2300,3,7377.18,5719.98,2480.9,0.3515625,2299,303,BLAa,BLA,65,left,0
2300,2301,3,7379.06,5719.0,2480.82,0.69921875,2300,303,BLAa,BLA,65,left,0
2301,2302,3,7379.48,5717.08,2480.26,0.5234375,2301,303,BLAa,BLA,65,left,0
2302,2303,3,7378.06,5718.68,2464.18,0.61328125,2302,303,BLAa,BLA,65,left,0
2303,2304,3,7377.12,5719.08,2462.9,0.640625,2303,303,BLAa,BLA,65,left,0
2304,2305,3,7380.26,5718.4,2463.24,0.0234375,2304,303,BLAa,BLA,65,left,0
2305,2306,3,7381.74,5717.86,2463.16,0.5234375,2305,303,BLAa,BLA,65,left,0
2306,2307,3,7380.8,5719.86,2451.18,0.4375,2306,303,BLAa,BLA,65,left,0
2307,2308,3,7380.68,5719.94,2449.66,0.234375,2307,303,BLAa,BLA,65,left,0
2308,2309,3,7380.38,5720.34,2445.94,0.69921875,2308,303,BLAa,BLA,65,left,0
2309,2310,3,7380.86,5720.56,2444.22,0.3203125,2309,303,BLAa,BLA,65,left,0
2310,2311,3,7382.38,5719.62,2443.86,0.41015625,2310,303,BLAa,BLA,65,left,0
2311,2312,3,7382.78,5716.8,2443.3,0.3515625,2311,303,BLAa,BLA,65,left,0
2312,2313,3,7383.1,5714.02,2442.46,0.37890625,2312,303,BLAa,BLA,65,left,0
2313,2314,3,7383.92,5712.38,2442.24,0.5234375,2313,303,BLAa,BLA,65,left,0
2314,2315,3,7384.1,5709.44,2441.38,0.3515625,2314,303,BLAa,BLA,65,left,0
2315,2316,3,7384.14,5706.92,2440.74,0.203125,2315,303,BLAa,BLA,65,left,0
2316,2317,3,7384.52,5704.08,2439.96,0.37890625,2316,303,BLAa,BLA,65,left,0
2317,2318,3,7385.3,5702.74,2439.12,0.3515625,2317,303,BLAa,BLA,65,left,0
2318,2319,3,7385.26,5700.84,2436.22,0.671875,2318,303,BLAa,BLA,65,left,0
2319,2320,3,7385.3,5700.26,2433.9,0.58203125,2319,303,BLAa,BLA,65,left,0
2320,2321,3,7386.12,5699.38,2432.98,0.41015625,2320,303,BLAa,BLA,65,left,0
2321,2322,3,7386.24,5697.56,2431.54,0.73046875,2321,303,BLAa,BLA,65,left,0
2322,2323,3,7386.16,5696.44,2430.1,0.69921875,2322,303,BLAa,BLA,65,left,0
2323,2324,3,7387.56,5694.56,2430.22,0.69921875,2323,303,BLAa,BLA,65,left,0
2324,2325,3,7389.68,5693.36,2430.58,0.5546875,2324,303,BLAa,BLA,65,left,0
2325,2326,3,7391.08,5692.94,2429.38,0.234375,2325,303,BLAa,BLA,65,left,0
2326,2327,3,7391.64,5692.68,2426.0,0.234375,2326,303,BLAa,BLA,65,left,0
2327,2328,3,7392.88,5692.92,2424.22,0.5234375,2327,303,BLAa,BLA,65,left,0
2328,2329,3,7393.12,5691.68,2422.9,0.03125,2328,303,BLAa,BLA,65,left,0
2329,2330,3,7393.2,5690.16,2420.66,0.69921875,2329,303,BLAa,BLA,65,left,0
2330,2331,3,7394.62,5688.82,2420.58,0.5234375,2330,303,BLAa,BLA,65,left,0
2331,2332,3,7395.5,5687.0,2419.46,0.17578125,2331,303,BLAa,BLA,65,left,0
2332,2333,3,7395.46,5684.64,2417.8,0.3515625,2332,303,BLAa,BLA,65,left,0
2333,2334,3,7395.5,5682.0,2417.1,0.46484375,2333,303,BLAa,BLA,65,left,0
2334,2335,3,7395.46,5680.04,2415.82,0.671875,2334,303,BLAa,BLA,65,left,0
2335,2336,3,7395.28,5680.2,2412.36,0.9921875,2335,311,BLAp,BLA,65,left,0
2336,2337,3,7395.82,5680.42,2410.32,0.3515625,2336,311,BLAp,BLA,65,left,0
2337,2338,3,7396.1,5679.7,2408.74,0.5546875,2337,311,BLAp,BLA,65,left,0
2338,2339,3,7397.82,5678.84,2408.16,0.7890625,2338,311,BLAp,BLA,65,left,0
2339,2340,3,7399.5,5678.64,2407.58,0.37890625,2339,311,BLAp,BLA,65,left,1
2340,2341,3,7337.28,5813.46,2485.3,0.41015625,1136,303,BLAa,BLA,66,left,0
2341,2342,3,7337.38,5813.68,2483.76,0.671875,2341,303,BLAa,BLA,66,left,0
2342,2343,3,7338.46,5813.68,2483.14,0.58203125,2342,303,BLAa,BLA,66,left,0
2343,2344,3,7340.12,5815.32,2481.68,0.234375,2343,303,BLAa,BLA,66,left,0
2344,2345,3,7341.58,5816.78,2480.0,0.5234375,2344,303,BLAa,BLA,66,left,0
2345,2346,3,7343.5,5818.94,2478.1,0.3515625,2345,303,BLAa,BLA,66,left,0
2346,2347,3,7345.38,5819.74,2476.56,0.46484375,2346,303,BLAa,BLA,66,left,0
2347,2348,3,7346.8,5819.72,2475.06,0.4375,2347,303,BLAa,BLA,66,left,0
2348,2349,3,7347.94,5819.96,2472.86,0.46484375,2348,303,BLAa,BLA,66,left,0
2349,2350,3,7349.04,5820.44,2471.12,0.61328125,2349,303,BLAa,BLA,66,left,0
2350,2351,3,7350.16,5820.9,2467.32,0.46484375,2350,303,BLAa,BLA,66,left,0
2351,2352,3,7351.56,5820.7,2465.82,0.5234375,2351,303,BLAa,BLA,66,left,0
2352,2353,3,7351.76,5820.08,2463.04,0.46484375,2352,311,BLAp,BLA,66,left,0
2353,2354,3,7351.8,5819.82,2460.32,0.640625,2353,311,BLAp,BLA,66,left,0
2354,2355,3,7352.62,5818.94,2459.46,0.29296875,2354,311,BLAp,BLA,66,left,0
2355,2356,3,7352.76,5817.32,2458.04,0.5234375,2355,311,BLAp,BLA,66,left,0
2356,2357,3,7352.64,5816.04,2455.38,0.69921875,2356,311,BLAp,BLA,66,left,0
2357,2358,3,7352.54,5814.94,2453.48,0.7890625,2357,311,BLAp,BLA,66,left,0
2358,2359,3,7353.64,5813.96,2452.6,0.61328125,2358,311,BLAp,BLA,66,left,0
2359,2360,3,7355.36,5813.1,2452.94,0.37890625,2359,311,BLAp,BLA,66,left,0
2360,2361,3,7356.2,5812.02,2452.32,0.49609375,2360,311,BLAp,BLA,66,left,0
2361,2362,3,7356.12,5811.1,2450.62,0.29296875,2361,311,BLAp,BLA,66,left,0
2362,2363,3,7356.6,5810.02,2448.44,0.5234375,2362,311,BLAp,BLA,66,left,0
2363,2364,3,7358.1,5808.84,2447.98,0.49609375,2363,311,BLAp,BLA,66,left,0
2364,2365,3,7358.42,5807.08,2445.72,0.69921875,2364,311,BLAp,BLA,66,left,0
2365,2366,3,7359.1,5805.6,2444.5,0.46484375,2365,311,BLAp,BLA,66,left,0
2366,2367,3,7359.4,5803.12,2442.12,0.41015625,2366,311,BLAp,BLA,66,left,0
2367,2368,3,7359.48,5801.36,2440.76,0.4375,2367,311,BLAp,BLA,66,left,0
2368,2369,3,7360.3,5800.1,2440.34,0.5234375,2368,311,BLAp,BLA,66,left,0
2369,2370,3,7360.52,5799.14,2439.4,0.02734375,2369,311,BLAp,BLA,66,left,0
2370,2371,3,7360.46,5796.36,2437.24,0.73046875,2370,311,BLAp,BLA,66,left,0
2371,2372,3,7359.92,5793.6,2436.0,0.5546875,2371,311,BLAp,BLA,66,left,0
2372,2373,3,7358.74,5792.02,2435.1,0.5234375,2372,311,BLAp,BLA,66,left,0
2373,2374,3,7357.96,5790.02,2434.06,0.5234375,2373,311,BLAp,BLA,66,left,0
2374,2375,3,7357.88,5788.08,2432.02,0.46484375,2374,311,BLAp,BLA,66,left,0
2375,2376,3,7357.78,5787.16,2430.18,0.4375,2375,311,BLAp,BLA,66,left,0
2376,2377,3,7358.12,5785.28,2428.96,0.37890625,2376,311,BLAp,BLA,66,left,0
2377,2378,3,7358.82,5783.28,2428.16,0.875,2377,311,BLAp,BLA,66,left,0
2378,2379,3,7358.8,5781.66,2425.66,0.7890625,2378,311,BLAp,BLA,66,left,0
2379,2380,3,7358.74,5779.2,2423.92,0.29296875,2379,311,BLAp,BLA,66,left,0
2380,2381,3,7358.68,5777.6,2422.32,0.3515625,2380,311,BLAp,BLA,66,left,0
2381,2382,3,7358.66,5775.28,2421.32,0.58203125,2381,311,BLAp,BLA,66,left,0
2382,2383,3,7358.66,5772.58,2420.54,0.5546875,2382,311,BLAp,BLA,66,left,0
2383,2384,3,7358.64,5770.3,2419.64,0.58203125,2383,311,BLAp,BLA,66,left,0
2384,2385,3,7358.6,5769.12,2417.38,0.3515625,2384,311,BLAp,BLA,66,left,0
2385,2386,3,7359.26,5767.46,2416.8,0.3203125,2385,311,BLAp,BLA,66,left,0
2386,2387,3,7359.7,5765.44,2415.64,0.49609375,2386,311,BLAp,BLA,66,left,0
2387,2388,3,7359.74,5763.96,2413.98,0.3515625,2387,311,BLAp,BLA,66,left,0
2388,2389,3,7360.54,5763.0,2413.56,0.3203125,2388,311,BLAp,BLA,66,left,0
2389,2390,3,7360.56,5763.4,2409.56,0.69921875,2389,311,BLAp,BLA,66,left,0
2390,2391,3,7360.38,5763.58,2407.06,0.69921875,2390,311,BLAp,BLA,66,left,0
2391,2392,3,7360.2,5763.18,2404.12,0.671875,2391,311,BLAp,BLA,66,left,0
2392,2393,3,7360.0,5761.6,2402.64,0.49609375,2392,311,BLAp,BLA,66,left,0
2393,2394,3,7359.12,5760.5,2401.64,0.3203125,2393,311,BLAp,BLA,66,left,0
2394,2395,3,7357.2,5759.62,2400.84,0.0234375,2394,311,BLAp,BLA,66,left,0
2395,2396,3,7355.62,5758.34,2399.7,0.3515625,2395,311,BLAp,BLA,66,left,0
2396,2397,3,7355.02,5756.4,2398.42,0.234375,2396,311,BLAp,BLA,66,left,0
2397,2398,3,7354.88,5753.9,2397.94,0.46484375,2397,311,BLAp,BLA,66,left,0
2398,2399,3,7353.9,5752.84,2397.16,0.41015625,2398,311,BLAp,BLA,66,left,0
2399,2400,3,7353.26,5751.52,2394.66,0.61328125,2399,311,BLAp,BLA,66,left,0
2400,2401,3,7351.64,5751.44,2392.98,1.01953125,2400,311,BLAp,BLA,66,left,0
2401,2402,3,7350.58,5751.04,2390.06,0.5234375,2401,311,BLAp,BLA,66,left,0
2402,2403,3,7348.9,5751.36,2387.96,0.640625,2402,311,BLAp,BLA,66,left,0
2403,2404,3,7347.08,5751.88,2385.08,0.203125,2403,311,BLAp,BLA,66,left,0
2404,2405,3,7346.06,5751.72,2382.86,0.3203125,2404,311,BLAp,BLA,66,left,0
2405,2406,3,7343.94,5752.14,2381.58,0.46484375,2405,311,BLAp,BLA,66,left,0
2406,2407,3,7342.56,5753.24,2377.8,0.61328125,2406,311,BLAp,BLA,66,left,0
2407,2408,3,7342.12,5754.76,2375.3,0.41015625,2407,311,BLAp,BLA,66,left,0
2408,2409,3,7340.46,5755.76,2374.16,0.234375,2408,311,BLAp,BLA,66,left,0
2409,2410,3,7339.68,5756.3,2371.8,0.73046875,2409,311,BLAp,BLA,66,left,0
2410,2411,3,7339.54,5757.04,2369.6,0.5234375,2410,311,BLAp,BLA,66,left,0
2411,2412,3,7338.64,5758.88,2366.84,0.17578125,2411,311,BLAp,BLA,66,left,0
2412,2413,3,7337.46,5759.88,2365.12,0.49609375,2412,311,BLAp,BLA,66,left,0
2413,2414,3,7334.98,5760.74,2363.74,0.4375,2413,311,BLAp,BLA,66,left,0
2414,2415,3,7333.66,5761.2,2362.3,0.46484375,2414,311,BLAp,BLA,66,left,0
2415,2416,3,7330.86,5761.86,2360.82,0.3515625,2415,311,BLAp,BLA,66,left,0
2416,2417,3,7328.08,5761.42,2360.28,0.3515625,2416,311,BLAp,BLA,66,left,0
2417,2418,3,7326.02,5761.08,2359.84,0.3515625,2417,311,BLAp,BLA,66,left,0
2418,2419,3,7323.34,5761.48,2359.32,0.3515625,2418,311,BLAp,BLA,66,left,0
2419,2420,3,7319.62,5762.12,2358.78,0.0078125,2419,311,BLAp,BLA,66,left,0
2420,2421,3,7317.4,5762.54,2358.2,0.58203125,2420,311,BLAp,BLA,66,left,0
2421,2422,3,7316.2,5763.0,2356.62,0.41015625,2421,311,BLAp,BLA,66,left,0
2422,2423,3,7313.1,5763.64,2355.42,0.69921875,2422,311,BLAp,BLA,66,left,0
2423,2424,3,7310.1,5764.14,2355.0,0.3515625,2423,311,BLAp,BLA,66,left,0
2424,2425,3,7307.64,5764.56,2354.34,0.41015625,2424,311,BLAp,BLA,66,left,0
2425,2426,3,7306.3,5764.36,2353.44,0.640625,2425,311,BLAp,BLA,66,left,0
2426,2427,3,7303.64,5764.3,2352.48,0.37890625,2426,311,BLAp,BLA,66,left,0
2427,2428,3,7301.54,5764.72,2351.74,0.3515625,2427,311,BLAp,BLA,66,left,1
2428,2429,3,7338.56,5814.96,2488.58,0.93359375,1136,303,BLAa,BLA,67,left,0
2429,2430,3,7341.88,5815.58,2488.74,0.37890625,2429,303,BLAa,BLA,67,left,0
2430,2431,3,7345.5,5814.82,2489.2,0.41015625,2430,303,BLAa,BLA,67,left,0
2431,2432,3,7348.54,5814.18,2489.68,0.37890625,2431,303,BLAa,BLA,67,left,0
2432,2433,3,7350.9,5813.52,2490.52,0.3203125,2432,303,BLAa,BLA,67,left,0
2433,2434,3,7353.42,5812.5,2491.5,0.37890625,2433,303,BLAa,BLA,67,left,0
2434,2435,3,7356.14,5811.64,2492.18,0.37890625,2434,303,BLAa,BLA,67,left,0
2435,2436,3,7357.82,5810.06,2492.58,0.3515625,2435,303,BLAa,BLA,67,left,0
2436,2437,3,7360.38,5808.12,2492.46,0.17578125,2436,303,BLAa,BLA,67,left,0
2437,2438,3,7362.36,5806.08,2492.58,0.37890625,2437,303,BLAa,BLA,67,left,0
2438,2439,3,7365.04,5804.34,2493.08,0.46484375,2438,303,BLAa,BLA,67,left,0
2439,2440,3,7366.9,5803.76,2492.88,0.3515625,2439,303,BLAa,BLA,67,left,0
2440,2441,3,7368.7,5802.98,2492.86,0.41015625,2440,303,BLAa,BLA,67,left,0
2441,2442,3,7370.76,5801.34,2493.4,0.17578125,2441,303,BLAa,BLA,67,left,0
2442,2443,3,7373.16,5799.88,2493.92,0.41015625,2442,303,BLAa,BLA,67,left,0
2443,2444,3,7375.06,5798.76,2495.6,0.46484375,2443,303,BLAa,BLA,67,left,0
2444,2445,3,7376.72,5798.52,2497.56,0.49609375,2444,303,BLAa,BLA,67,left,0
2445,2446,3,7378.48,5799.58,2500.16,0.37890625,2445,303,BLAa,BLA,67,left,0
2446,2447,3,7379.1,5800.3,2501.92,0.3515625,2446,303,BLAa,BLA,67,left,0
2447,2448,3,7381.52,5800.48,2502.84,0.3515625,2447,303,BLAa,BLA,67,left,0
2448,2449,3,7383.42,5800.8,2503.64,0.58203125,2448,303,BLAa,BLA,67,left,0
2449,2450,3,7384.26,5802.62,2504.88,1.109375,2449,303,BLAa,BLA,67,left,0
2450,2451,3,7385.36,5804.08,2505.7,0.49609375,2450,303,BLAa,BLA,67,left,0
2451,2452,3,7386.84,5805.18,2506.16,0.3515625,2451,303,BLAa,BLA,67,left,0
2452,2453,3,7387.34,5807.1,2506.7,0.49609375,2452,303,BLAa,BLA,67,left,0
2453,2454,3,7387.48,5809.56,2507.34,0.5234375,2453,303,BLAa,BLA,67,left,0
2454,2455,3,7388.36,5810.98,2507.52,0.5234375,2454,303,BLAa,BLA,67,left,0
2455,2456,3,7388.4,5813.3,2508.32,0.46484375,2455,303,BLAa,BLA,67,left,0
2456,2457,3,7388.42,5814.96,2509.86,0.5546875,2456,303,BLAa,BLA,67,left,0
2457,2458,3,7388.44,5815.58,2512.28,0.671875,2457,303,BLAa,BLA,67,left,0
2458,2459,3,7387.68,5816.04,2513.94,0.29296875,2458,303,BLAa,BLA,67,left,0
2459,2460,3,7387.48,5817.02,2515.46,0.93359375,2459,303,BLAa,BLA,67,left,0
2460,2461,3,7387.58,5818.1,2517.94,0.5234375,2460,303,BLAa,BLA,67,left,0
2461,2462,3,7387.92,5817.96,2523.96,0.46484375,2461,303,BLAa,BLA,67,left,0
2462,2463,3,7388.02,5818.2,2525.52,0.7578125,2462,303,BLAa,BLA,67,left,0
2463,2464,3,7387.96,5820.56,2526.14,0.875,2463,303,BLAa,BLA,67,left,0
2464,2465,3,7388.12,5821.56,2530.8,0.4375,2464,303,BLAa,BLA,67,left,0
2465,2466,3,7387.38,5821.56,2531.76,0.29296875,2465,303,BLAa,BLA,67,left,0
2466,2467,3,7265.78,5749.58,2493.44,0.00390625,1149,303,BLAa,BLA,68,left,0
2467,2468,3,7263.52,5749.52,2492.74,0.49609375,2467,303,BLAa,BLA,68,left,0
2468,2469,3,7261.68,5749.52,2491.76,0.7890625,2468,303,BLAa,BLA,68,left,0
2469,2470,3,7260.56,5749.94,2489.48,0.41015625,2469,303,BLAa,BLA,68,left,0
2470,2471,3,7258.26,5749.8,2487.1,0.5234375,2470,303,BLAa,BLA,68,left,0
2471,2472,3,7256.88,5749.34,2485.02,0.5234375,2471,303,BLAa,BLA,68,left,0
2472,2473,3,7255.46,5748.72,2483.62,0.3515625,2472,303,BLAa,BLA,68,left,0
2473,2474,3,7253.22,5748.7,2482.96,0.93359375,2473,303,BLAa,BLA,68,left,0
2474,2475,3,7252.48,5747.04,2481.96,0.41015625,2474,303,BLAa,BLA,68,left,0
2475,2476,3,7250.64,5746.0,2481.16,0.234375,2475,303,BLAa,BLA,68,left,0
2476,2477,3,7248.4,5744.42,2480.7,0.3515625,2476,303,BLAa,BLA,68,left,0
2477,2478,3,7246.74,5742.4,2480.56,0.17578125,2477,303,BLAa,BLA,68,left,0
2478,2479,3,7243.96,5740.26,2480.24,0.3515625,2478,303,BLAa,BLA,68,left,0
2479,2480,3,7242.44,5738.34,2480.22,0.58203125,2479,303,BLAa,BLA,68,left,0
2480,2481,3,7239.52,5736.5,2480.18,0.4375,2480,303,BLAa,BLA,68,left,0
2481,2482,3,7237.86,5735.16,2480.18,0.234375,2481,303,BLAa,BLA,68,left,0
2482,2483,3,7236.74,5733.62,2479.74,0.29296875,2482,303,BLAa,BLA,68,left,0
2483,2484,3,7235.12,5731.76,2479.66,0.29296875,2483,303,BLAa,BLA,68,left,0
2484,2485,3,7233.92,5729.94,2479.7,0.37890625,2484,303,BLAa,BLA,68,left,0
2485,2486,3,7231.26,5728.26,2479.3,0.37890625,2485,303,BLAa,BLA,68,left,0
2486,2487,3,7229.36,5726.96,2478.6,0.46484375,2486,303,BLAa,BLA,68,left,0
2487,2488,3,7227.14,5726.68,2477.92,0.37890625,2487,303,BLAa,BLA,68,left,0
2488,2489,3,7226.68,5725.74,2477.6,0.29296875,2488,303,BLAa,BLA,68,left,0
2489,2490,3,7225.18,5725.56,2477.54,0.015625,2489,303,BLAa,BLA,68,left,0
2490,2491,3,7224.0,5724.46,2476.08,0.17578125,2490,303,BLAa,BLA,68,left,0
2491,2492,3,7223.62,5722.78,2474.64,0.58203125,2491,303,BLAa,BLA,68,left,0
2492,2493,3,7221.54,5721.1,2473.84,0.17578125,2492,303,BLAa,BLA,68,left,0
2493,2494,3,7220.0,5719.32,2472.86,0.3515625,2493,303,BLAa,BLA,68,left,0
2494,2495,3,7217.0,5718.74,2471.38,0.37890625,2494,303,BLAa,BLA,68,left,0
2495,2496,3,7215.56,5718.82,2469.96,0.37890625,2495,303,BLAa,BLA,68,left,0
2496,2497,3,7213.0,5718.6,2468.42,0.58203125,2496,303,BLAa,BLA,68,left,0
2497,2498,3,7211.74,5717.36,2467.24,0.17578125,2497,303,BLAa,BLA,68,left,0
2498,2499,3,7209.64,5716.02,2466.18,0.41015625,2498,303,BLAa,BLA,68,left,0
2499,2500,3,7208.02,5714.7,2465.28,0.37890625,2499,303,BLAa,BLA,68,left,0
2500,2501,3,7205.22,5713.7,2463.96,0.3203125,2500,303,BLAa,BLA,68,left,0
2501,2502,3,7204.28,5712.36,2462.98,0.3203125,2501,303,BLAa,BLA,68,left,0
2502,2503,3,7203.46,5710.46,2461.56,0.73046875,2502,303,BLAa,BLA,68,left,0
2503,2504,3,7203.3,5709.76,2459.26,0.4375,2503,303,BLAa,BLA,68,left,0
2504,2505,3,7203.16,5708.98,2457.5,0.4375,2504,303,BLAa,BLA,68,left,0
2505,2506,3,7203.0,5707.56,2455.52,0.4375,2505,303,BLAa,BLA,68,left,0
2506,2507,3,7202.8,5706.5,2452.94,0.5234375,2506,303,BLAa,BLA,68,left,0
2507,2508,3,7202.76,5706.02,2450.58,0.640625,2507,303,BLAa,BLA,68,left,0
2508,2509,3,7203.54,5705.62,2449.14,0.46484375,2508,303,BLAa,BLA,68,left,0
2509,2510,3,7203.66,5705.18,2445.68,0.640625,2509,303,BLAa,BLA,68,left,0
2510,2511,3,7204.18,5704.44,2443.42,0.7578125,2510,303,BLAa,BLA,68,left,0
2511,2512,3,7204.64,5704.04,2439.66,0.4375,2511,303,BLAa,BLA,68,left,0
2512,2513,3,7205.74,5703.4,2438.48,0.58203125,2512,303,BLAa,BLA,68,left,0
2513,2514,3,7206.64,5703.72,2433.88,0.4375,2513,303,BLAa,BLA,68,left,0
2514,2515,3,7207.1,5703.26,2431.7,0.203125,2514,303,BLAa,BLA,68,left,0
2515,2516,3,7208.66,5702.76,2430.74,0.90234375,2515,303,BLAa,BLA,68,left,0
2516,2517,3,7210.64,5702.52,2427.86,0.00390625,2516,303,BLAa,BLA,68,left,0
2517,2518,3,7211.18,5702.22,2424.8,0.49609375,2517,303,BLAa,BLA,68,left,0
2518,2519,3,7211.02,5702.24,2422.46,0.69921875,2518,303,BLAa,BLA,68,left,0
2519,2520,3,7210.58,5702.86,2415.7,0.4375,2519,303,BLAa,BLA,68,left,0
2520,2521,3,7210.94,5702.66,2414.7,0.49609375,2520,303,BLAa,BLA,68,left,0
2521,2522,3,7213.92,5702.08,2415.0,0.37890625,2521,303,BLAa,BLA,68,left,0
2522,2523,3,7216.24,5701.8,2415.12,0.4375,2522,303,BLAa,BLA,68,left,0
2523,2524,3,7216.62,5702.5,2409.74,0.90234375,2523,303,BLAa,BLA,68,left,0
2524,2525,3,7217.22,5703.02,2407.54,0.4375,2524,303,BLAa,BLA,68,left,0
2525,2526,3,7219.2,5703.68,2406.36,0.5234375,2525,303,BLAa,BLA,68,left,0
2526,2527,3,7220.18,5704.06,2404.82,0.46484375,2526,303,BLAa,BLA,68,left,0
2527,2528,3,7220.06,5704.8,2402.48,0.41015625,2527,303,BLAa,BLA,68,left,0
2528,2529,3,7219.92,5705.62,2400.18,0.640625,2528,303,BLAa,BLA,68,left,0
2529,2530,3,7219.78,5706.16,2397.84,0.4375,2529,303,BLAa,BLA,68,left,0
2530,2531,3,7220.58,5706.24,2396.74,0.41015625,2530,303,BLAa,BLA,68,left,0
2531,2532,3,7222.56,5706.22,2396.24,0.49609375,2531,303,BLAa,BLA,68,left,0
2532,2533,3,7224.3,5707.12,2394.78,0.3203125,2532,303,BLAa,BLA,68,left,0
2533,2534,3,7224.74,5708.82,2392.1,0.3515625,2533,303,BLAa,BLA,68,left,0
2534,2535,3,7225.84,5709.28,2391.46,0.3515625,2534,303,BLAa,BLA,68,left,0
2535,2536,3,7226.56,5710.28,2389.02,0.5234375,2535,303,BLAa,BLA,68,left,0
2536,2537,3,7226.84,5712.12,2386.08,0.26171875,2536,303,BLAa,BLA,68,left,0
2537,2538,3,7227.26,5713.08,2383.82,0.5546875,2537,303,BLAa,BLA,68,left,0
2538,2539,3,7228.1,5712.96,2381.86,0.5546875,2538,303,BLAa,BLA,68,left,0
2539,2540,3,7229.8,5712.7,2381.0,0.41015625,2539,303,BLAa,BLA,68,left,0
2540,2541,3,7230.22,5713.06,2378.4,0.4375,2540,303,BLAa,BLA,68,left,0
2541,2542,3,7230.32,5713.28,2376.82,0.3515625,2541,303,BLAa,BLA,68,left,0
2542,2543,3,7231.62,5712.94,2376.06,0.61328125,2542,303,BLAa,BLA,68,left,0
2543,2544,3,7232.7,5712.92,2373.64,0.5546875,2543,311,BLAp,BLA,68,left,0
2544,2545,3,7233.48,5712.54,2372.18,0.61328125,2544,311,BLAp,BLA,68,left,0
2545,2546,3,7234.74,5712.74,2370.94,0.04296875,2545,311,BLAp,BLA,68,left,0
2546,2547,3,7235.22,5713.88,2368.1,0.46484375,2546,311,BLAp,BLA,68,left,0
2547,2548,3,7235.8,5714.7,2365.94,0.58203125,2547,311,BLAp,BLA,68,left,0
2548,2549,3,7236.92,5715.66,2363.94,0.58203125,2548,311,BLAp,BLA,68,left,0
2549,2550,3,7238.66,5715.6,2363.12,0.5234375,2549,311,BLAp,BLA,68,left,0
2550,2551,3,7239.36,5716.06,2360.68,0.3515625,2550,311,BLAp,BLA,68,left,0
2551,2552,3,7239.22,5717.42,2358.08,0.5234375,2551,311,BLAp,BLA,68,left,0
2552,2553,3,7239.68,5718.96,2355.64,0.5546875,2552,311,BLAp,BLA,68,left,0
2553,2554,3,7241.02,5718.9,2355.62,0.3203125,2553,311,BLAp,BLA,68,left,0
2554,2555,3,7241.58,5719.88,2353.9,0.5234375,2554,311,BLAp,BLA,68,left,0
2555,2556,3,7241.4,5721.28,2350.48,0.3203125,2555,311,BLAp,BLA,68,left,0
2556,2557,3,7241.32,5722.28,2348.8,0.73046875,2556,311,BLAp,BLA,68,left,0
2557,2558,3,7266.54,5749.4,2493.3,0.00390625,1149,303,BLAa,BLA,69,left,0
2558,2559,3,7267.82,5748.92,2491.24,0.5546875,2558,303,BLAa,BLA,69,left,0
2559,2560,3,7269.4,5748.18,2490.0,0.46484375,2559,303,BLAa,BLA,69,left,0
2560,2561,3,7269.64,5747.22,2488.22,0.5234375,2560,303,BLAa,BLA,69,left,0
2561,2562,3,7269.96,5746.2,2485.94,0.671875,2561,303,BLAa,BLA,69,left,0
2562,2563,3,7270.58,5745.3,2484.12,0.37890625,2562,303,BLAa,BLA,69,left,0
2563,2564,3,7270.68,5743.46,2482.18,0.26171875,2563,303,BLAa,BLA,69,left,0
2564,2565,3,7271.48,5742.38,2481.98,0.69921875,2564,303,BLAa,BLA,69,left,0
2565,2566,3,7271.66,5740.5,2479.7,0.4375,2565,303,BLAa,BLA,69,left,0
2566,2567,3,7271.54,5739.2,2477.9,0.69921875,2566,303,BLAa,BLA,69,left,0
2567,2568,3,7272.3,5736.4,2475.64,0.26171875,2567,303,BLAa,BLA,69,left,0
2568,2569,3,7272.48,5734.82,2472.84,0.61328125,2568,303,BLAa,BLA,69,left,0
2569,2570,3,7272.38,5733.8,2471.2,1.16796875,2569,303,BLAa,BLA,69,left,0
2570,2571,3,7272.98,5732.48,2470.14,0.29296875,2570,303,BLAa,BLA,69,left,0
2571,2572,3,7274.28,5731.92,2469.04,0.58203125,2571,303,BLAa,BLA,69,left,0
2572,2573,3,7274.74,5730.26,2467.98,0.26171875,2572,303,BLAa,BLA,69,left,0
2573,2574,3,7274.92,5729.22,2466.58,0.5234375,2573,303,BLAa,BLA,69,left,0
2574,2575,3,7276.4,5728.1,2466.04,0.7578125,2574,303,BLAa,BLA,69,left,0
2575,2576,3,7277.1,5726.56,2465.06,0.5546875,2575,303,BLAa,BLA,69,left,0
2576,2577,3,7277.46,5726.32,2462.76,0.73046875,2576,303,BLAa,BLA,69,left,0
2577,2578,3,7278.14,5726.16,2460.62,0.58203125,2577,303,BLAa,BLA,69,left,0
2578,2579,3,7279.02,5725.54,2458.6,0.4375,2578,303,BLAa,BLA,69,left,0
2579,2580,3,7279.12,5723.74,2457.16,0.49609375,2579,303,BLAa,BLA,69,left,0
2580,2581,3,7278.92,5722.24,2454.32,0.9609375,2580,303,BLAa,BLA,69,left,0
2581,2582,3,7279.7,5721.28,2452.92,0.5546875,2581,303,BLAa,BLA,69,left,0
2582,2583,3,7281.14,5720.34,2452.38,0.5546875,2582,303,BLAa,BLA,69,left,0
2583,2584,3,7281.16,5718.18,2449.76,0.7578125,2583,303,BLAa,BLA,69,left,0
2584,2585,3,7281.74,5715.78,2447.6,0.3203125,2584,303,BLAa,BLA,69,left,0
2585,2586,3,7283.0,5714.26,2446.42,0.4375,2585,303,BLAa,BLA,69,left,0
2586,2587,3,7284.14,5713.82,2444.44,0.49609375,2586,303,BLAa,BLA,69,left,0
2587,2588,3,7284.76,5714.28,2440.74,0.5546875,2587,303,BLAa,BLA,69,left,0
2588,2589,3,7286.14,5714.16,2440.12,0.61328125,2588,303,BLAa,BLA,69,left,0
2589,2590,3,7288.44,5713.72,2439.5,0.015625,2589,303,BLAa,BLA,69,left,0
2590,2591,3,7290.22,5712.3,2438.38,0.5234375,2590,303,BLAa,BLA,69,left,0
2591,2592,3,7291.7,5711.14,2437.38,0.61328125,2591,303,BLAa,BLA,69,left,0
2592,2593,3,7292.68,5710.84,2436.04,0.41015625,2592,303,BLAa,BLA,69,left,0
2593,2594,3,7294.58,5710.26,2434.78,0.37890625,2593,303,BLAa,BLA,69,left,0
2594,2595,3,7295.74,5709.24,2433.26,0.3203125,2594,303,BLAa,BLA,69,left,0
2595,2596,3,7297.64,5708.68,2432.1,0.41015625,2595,303,BLAa,BLA,69,left,0
2596,2597,3,7300.96,5707.94,2431.22,0.37890625,2596,303,BLAa,BLA,69,left,0
2597,2598,3,7302.76,5707.28,2430.44,0.3515625,2597,303,BLAa,BLA,69,left,0
2598,2599,3,7304.98,5706.64,2429.84,0.41015625,2598,303,BLAa,BLA,69,left,0
2599,2600,3,7308.48,5706.56,2429.06,0.29296875,2599,303,BLAa,BLA,69,left,0
2600,2601,3,7310.5,5706.88,2428.5,0.17578125,2600,303,BLAa,BLA,69,left,0
2601,2602,3,7312.78,5707.3,2427.66,0.17578125,2601,303,BLAa,BLA,69,left,0
2602,2603,3,7314.7,5708.2,2426.54,0.203125,2602,303,BLAa,BLA,69,left,0
2603,2604,3,7317.84,5708.06,2425.76,0.203125,2603,303,BLAa,BLA,69,left,0
2604,2605,3,7320.26,5708.34,2425.54,0.5234375,2604,303,BLAa,BLA,69,left,0
2605,2606,3,7322.3,5708.96,2425.2,0.203125,2605,303,BLAa,BLA,69,left,0
2606,2607,3,7325.12,5709.22,2424.86,0.26171875,2606,303,BLAa,BLA,69,left,0
2607,2608,3,7326.58,5710.08,2424.38,0.41015625,2607,303,BLAa,BLA,69,left,0
2608,2609,3,7329.16,5710.8,2423.54,0.5234375,2608,303,BLAa,BLA,69,left,0
2609,2610,3,7331.12,5710.98,2422.46,0.3515625,2609,303,BLAa,BLA,69,left,0
2610,2611,3,7334.46,5710.66,2422.28,0.234375,2610,303,BLAa,BLA,69,left,0
2611,2612,3,7335.22,5711.38,2421.46,0.4375,2611,303,BLAa,BLA,69,left,0
2612,2613,3,7338.1,5711.82,2421.06,0.41015625,2612,303,BLAa,BLA,69,left,0
2613,2614,3,7340.14,5712.18,2420.12,0.46484375,2613,303,BLAa,BLA,69,left,0
2614,2615,3,7343.5,5711.72,2419.64,0.5234375,2614,303,BLAa,BLA,69,left,0
2615,2616,3,7344.68,5711.7,2418.58,0.61328125,2615,303,BLAa,BLA,69,left,0
2616,2617,3,7348.3,5711.82,2418.24,0.81640625,2616,303,BLAa,BLA,69,left,1
2617,2618,3,7344.42,5894.04,2654.44,0.015625,1413,303,BLAa,BLA,70,left,0
2618,2619,3,7347.24,5895.62,2655.4,0.61328125,2618,303,BLAa,BLA,70,left,0
2619,2620,3,7348.12,5897.58,2656.64,0.4375,2619,303,BLAa,BLA,70,left,0
2620,2621,3,7350.42,5897.86,2657.6,0.5546875,2620,303,BLAa,BLA,70,left,0
2621,2622,3,7353.08,5897.72,2658.7,0.49609375,2621,303,BLAa,BLA,70,left,0
2622,2623,3,7355.14,5898.72,2660.02,0.5234375,2622,303,BLAa,BLA,70,left,0
2623,2624,3,7356.98,5899.46,2661.14,0.17578125,2623,303,BLAa,BLA,70,left,0
2624,2625,3,7359.6,5899.38,2661.92,0.26171875,2624,303,BLAa,BLA,70,left,0
2625,2626,3,7361.92,5899.88,2662.72,0.46484375,2625,303,BLAa,BLA,70,left,0
2626,2627,3,7363.5,5900.54,2663.94,0.3515625,2626,303,BLAa,BLA,70,left,0
2627,2628,3,7364.18,5901.48,2665.04,0.640625,2627,303,BLAa,BLA,70,left,0
2628,2629,3,7365.66,5902.66,2666.16,0.3515625,2628,334,BMAp,BMA,70,left,0
2629,2630,3,7367.68,5903.5,2666.98,0.640625,2629,334,BMAp,BMA,70,left,0
2630,2631,3,7369.3,5904.6,2667.54,0.3515625,2630,334,BMAp,BMA,70,left,0
2631,2632,3,7371.18,5905.48,2668.06,0.7578125,2631,334,BMAp,BMA,70,left,0
2632,2633,3,7372.64,5905.72,2669.7,0.46484375,2632,334,BMAp,BMA,70,left,0
2633,2634,3,7375.56,5905.0,2671.3,0.7578125,2633,334,BMAp,BMA,70,left,0
2634,2635,3,7377.7,5904.52,2671.5,0.3515625,2634,334,BMAp,BMA,70,left,0
2635,2636,3,7379.44,5903.94,2673.72,0.00390625,2635,334,BMAp,BMA,70,left,0
2636,2637,3,7382.78,5903.64,2675.1,0.41015625,2636,334,BMAp,BMA,70,left,0
2637,2638,3,7384.72,5904.06,2675.92,0.69921875,2637,334,BMAp,BMA,70,left,0
2638,2639,3,7387.48,5903.9,2676.74,0.5234375,2638,334,BMAp,BMA,70,left,0
2639,2640,3,7388.28,5903.92,2678.26,0.7890625,2639,334,BMAp,BMA,70,left,0
2640,2641,3,7390.64,5903.78,2679.88,0.61328125,2640,334,BMAp,BMA,70,left,0
2641,2642,3,7391.6,5904.28,2681.44,0.4375,2641,334,BMAp,BMA,70,left,0
2642,2643,3,7392.06,5904.36,2684.2,0.37890625,2642,334,BMAp,BMA,70,left,0
2643,2644,3,7393.38,5904.26,2686.28,0.46484375,2643,334,BMAp,BMA,70,left,0
2644,2645,3,7394.54,5904.32,2691.16,0.84765625,2644,334,BMAp,BMA,70,left,0
2645,2646,3,7395.18,5904.0,2692.94,0.69921875,2645,334,BMAp,BMA,70,left,0
2646,2647,3,7396.7,5903.84,2694.04,0.5546875,2646,334,BMAp,BMA,70,left,0
2647,2648,3,7397.14,5904.46,2696.3,0.69921875,2647,334,BMAp,BMA,70,left,0
2648,2649,3,7397.2,5905.58,2698.12,0.5546875,2648,334,BMAp,BMA,70,left,0
2649,2650,3,7397.24,5907.08,2700.26,0.640625,2649,334,BMAp,BMA,70,left,0
2650,2651,3,7397.2,5908.84,2700.94,0.3515625,2650,334,BMAp,BMA,70,left,0
2651,2652,3,7397.2,5910.58,2702.22,0.4375,2651,334,BMAp,BMA,70,left,0
2652,2653,3,7397.24,5911.9,2704.08,0.5234375,2652,334,BMAp,BMA,70,left,0
2653,2654,3,7398.38,5913.04,2705.8,0.3515625,2653,334,BMAp,BMA,70,left,0
2654,2655,3,7400.06,5913.04,2706.26,0.37890625,2654,334,BMAp,BMA,70,left,0
2655,2656,3,7401.04,5912.78,2709.24,0.49609375,2655,334,BMAp,BMA,70,left,0
2656,2657,3,7401.82,5912.62,2710.64,0.61328125,2656,334,BMAp,BMA,70,left,0
2657,2658,3,7404.74,5912.34,2711.26,0.41015625,2657,334,BMAp,BMA,70,left,0
2658,2659,3,7406.56,5911.88,2711.44,0.3515625,2658,334,BMAp,BMA,70,left,0
2659,2660,3,7407.28,5914.3,2712.12,0.00390625,2659,334,BMAp,BMA,70,left,0
2660,2661,3,7409.08,5914.6,2712.54,0.5234375,2660,334,BMAp,BMA,70,left,0
2661,2662,3,7410.7,5915.5,2712.62,0.4375,2661,334,BMAp,BMA,70,left,0
2662,2663,3,7412.06,5917.04,2712.42,0.29296875,2662,334,BMAp,BMA,70,left,0
2663,2664,3,7414.32,5918.2,2712.36,0.29296875,2663,334,BMAp,BMA,70,left,0
2664,2665,3,7415.24,5918.88,2712.74,0.58203125,2664,334,BMAp,BMA,70,left,0
2665,2666,3,7417.7,5918.98,2713.34,0.17578125,2665,334,BMAp,BMA,70,left,0
2666,2667,3,7418.92,5919.7,2713.78,0.37890625,2666,334,BMAp,BMA,70,left,0
2667,2668,3,7420.96,5920.92,2714.34,0.234375,2667,334,BMAp,BMA,70,left,0
2668,2669,3,7423.08,5922.92,2714.44,0.29296875,2668,334,BMAp,BMA,70,left,0
2669,2670,3,7424.56,5924.72,2714.56,0.3515625,2669,334,BMAp,BMA,70,left,0
2670,2671,3,7426.62,5926.18,2714.8,0.3515625,2670,334,BMAp,BMA,70,left,0
2671,2672,3,7428.6,5927.04,2714.6,0.37890625,2671,334,BMAp,BMA,70,left,0
2672,2673,3,7429.96,5928.78,2714.08,0.3203125,2672,334,BMAp,BMA,70,left,0
2673,2674,3,7432.1,5930.32,2713.84,0.41015625,2673,334,BMAp,BMA,70,left,0
2674,2675,3,7434.22,5932.62,2713.36,0.29296875,2674,334,BMAp,BMA,70,left,0
2675,2676,3,7435.98,5934.3,2712.88,0.4375,2675,334,BMAp,BMA,70,left,0
2676,2677,3,7438.88,5935.2,2712.8,0.49609375,2676,334,BMAp,BMA,70,left,0
2677,2678,3,7440.56,5936.86,2712.58,0.41015625,2677,334,BMAp,BMA,70,left,0
2678,2679,3,7442.0,5938.52,2712.34,0.29296875,2678,334,BMAp,BMA,70,left,0
2679,2680,3,7443.04,5941.38,2711.88,0.4375,2679,334,BMAp,BMA,70,left,0
2680,2681,3,7444.62,5943.26,2711.48,0.3203125,2680,334,BMAp,BMA,70,left,0
2681,2682,3,7446.4,5944.04,2711.1,0.3515625,2681,334,BMAp,BMA,70,left,0
2682,2683,3,7448.04,5943.84,2711.2,0.4375,2682,334,BMAp,BMA,70,left,0
2683,2684,3,7343.12,5893.76,2654.56,0.0390625,1413,303,BLAa,BLA,71,left,0
2684,2685,3,7343.2,5894.34,2656.86,0.69921875,2684,303,BLAa,BLA,71,left,0
2685,2686,3,7343.22,5895.26,2659.64,0.90234375,2685,303,BLAa,BLA,71,left,0
2686,2687,3,7342.58,5895.5,2661.58,0.3515625,2686,303,BLAa,BLA,71,left,0
2687,2688,3,7342.14,5895.34,2664.3,0.46484375,2687,303,BLAa,BLA,71,left,0
2688,2689,3,7341.02,5895.44,2665.52,0.4375,2688,303,BLAa,BLA,71,left,0
2689,2690,3,7338.04,5895.8,2666.56,0.37890625,2689,303,BLAa,BLA,71,left,0
2690,2691,3,7337.62,5895.28,2668.66,0.3203125,2690,303,BLAa,BLA,71,left,0
2691,2692,3,7336.22,5895.3,2670.74,0.49609375,2691,303,BLAa,BLA,71,left,0
2692,2693,3,7334.78,5895.4,2672.82,0.3515625,2692,303,BLAa,BLA,71,left,0
2693,2694,3,7334.28,5895.26,2675.64,0.5234375,2693,303,BLAa,BLA,71,left,0
2694,2695,3,7333.1,5895.44,2676.28,0.58203125,2694,303,BLAa,BLA,71,left,0
2695,2696,3,7332.36,5895.16,2681.34,0.4375,2695,303,BLAa,BLA,71,left,0
2696,2697,3,7331.82,5895.54,2682.88,0.37890625,2696,303,BLAa,BLA,71,left,0
2697,2698,3,7330.38,5896.16,2683.76,0.5234375,2697,303,BLAa,BLA,71,left,0
2698,2699,3,7329.76,5897.24,2686.44,0.26171875,2698,303,BLAa,BLA,71,left,0
2699,2700,3,7329.06,5898.38,2687.62,0.61328125,2699,303,BLAa,BLA,71,left,0
2700,2701,3,7328.24,5898.82,2689.56,0.3515625,2700,303,BLAa,BLA,71,left,0
2701,2702,3,7326.74,5899.08,2690.8,0.4375,2701,303,BLAa,BLA,71,left,0
2702,2703,3,7324.78,5899.86,2691.58,0.26171875,2702,303,BLAa,BLA,71,left,0
2703,2704,3,7324.36,5899.96,2692.78,0.640625,2703,303,BLAa,BLA,71,left,0
2704,2705,3,7400.08,5979.4,2585.46,0.00390625,1466,334,BMAp,BMA,72,left,0
2705,2706,3,7400.42,5981.9,2584.24,0.875,2705,334,BMAp,BMA,72,left,0
2706,2707,3,7400.36,5983.22,2582.06,0.5546875,2706,334,BMAp,BMA,72,left,0
2707,2708,3,7400.82,5986.06,2579.72,0.46484375,2707,334,BMAp,BMA,72,left,0
2708,2709,3,7401.46,5988.36,2578.92,0.5234375,2708,334,BMAp,BMA,72,left,0
2709,2710,3,7401.44,5992.58,2576.0,0.29296875,2709,334,BMAp,BMA,72,left,0
2710,2711,3,7401.6,5995.46,2574.06,0.46484375,2710,334,BMAp,BMA,72,left,0
2711,2712,3,7402.42,5996.6,2573.48,0.58203125,2711,334,BMAp,BMA,72,left,0
2712,2713,3,7402.58,5999.08,2572.96,0.73046875,2712,334,BMAp,BMA,72,left,0
2713,2714,3,7402.94,6002.7,2571.86,0.7578125,2713,334,BMAp,BMA,72,left,0
2714,2715,3,7403.7,6005.54,2571.14,0.640625,2714,334,BMAp,BMA,72,left,0
2715,2716,3,7403.86,6010.08,2569.74,0.234375,2715,334,BMAp,BMA,72,left,0
2716,2717,3,7404.14,6013.04,2568.14,0.4375,2716,334,BMAp,BMA,72,left,0
2717,2718,3,7405.4,6014.2,2566.82,0.84765625,2717,334,BMAp,BMA,72,left,0
2718,2719,3,7406.7,6016.54,2565.82,0.5546875,2718,334,BMAp,BMA,72,left,0
2719,2720,3,7407.78,6018.18,2564.46,0.3515625,2719,334,BMAp,BMA,72,left,0
2720,2721,3,7408.5,6021.54,2561.88,0.3515625,2720,334,BMAp,BMA,72,left,0
2721,2722,3,7408.52,6025.56,2559.14,0.29296875,2721,334,BMAp,BMA,72,left,0
2722,2723,3,7409.5,6027.18,2557.92,0.4375,2722,334,BMAp,BMA,72,left,0
2723,2724,3,7411.56,6027.66,2557.38,0.640625,2723,334,BMAp,BMA,72,left,0
2724,2725,3,7412.02,6029.56,2555.64,0.29296875,2724,334,BMAp,BMA,72,left,0
2725,2726,3,7412.08,6033.3,2553.98,0.41015625,2725,334,BMAp,BMA,72,left,0
2726,2727,3,7412.14,6036.08,2553.22,0.49609375,2726,334,BMAp,BMA,72,left,0
2727,2728,3,7412.24,6039.84,2552.16,0.49609375,2727,334,BMAp,BMA,72,left,0
2728,2729,3,7412.28,6042.38,2551.26,0.5546875,2728,334,BMAp,BMA,72,left,0
2729,2730,3,7412.34,6045.84,2549.48,0.7578125,2729,334,BMAp,BMA,72,left,0
2730,2731,3,7412.42,6049.18,2547.28,0.234375,2730,334,BMAp,BMA,72,left,0
2731,2732,3,7412.44,6050.48,2546.04,0.5234375,2731,334,BMAp,BMA,72,left,1
2732,2733,3,7400.08,5978.2,2585.7,0.00390625,1466,334,BMAp,BMA,73,left,0
2733,2734,3,7402.66,5980.02,2585.94,0.5234375,2733,334,BMAp,BMA,73,left,0
2734,2735,3,7404.3,5981.88,2586.08,0.3515625,2734,334,BMAp,BMA,73,left,0
2735,2736,3,7405.54,5983.9,2586.32,0.4375,2735,334,BMAp,BMA,73,left,0
2736,2737,3,7407.36,5985.16,2586.46,0.4375,2736,334,BMAp,BMA,73,left,0
2737,2738,3,7410.62,5986.16,2586.64,0.4375,2737,334,BMAp,BMA,73,left,0
2738,2739,3,7412.56,5987.02,2586.6,0.4375,2738,334,BMAp,BMA,73,left,0
2739,2740,3,7415.44,5988.16,2586.5,0.3515625,2739,334,BMAp,BMA,73,left,0
2740,2741,3,7416.86,5988.84,2586.18,0.3515625,2740,334,BMAp,BMA,73,left,0
2741,2742,3,7418.86,5989.64,2586.04,0.46484375,2741,334,BMAp,BMA,73,left,0
2742,2743,3,7420.68,5990.56,2585.98,0.3515625,2742,334,BMAp,BMA,73,left,0
2743,2744,3,7423.1,5992.08,2585.78,0.234375,2743,334,BMAp,BMA,73,left,0
2744,2745,3,7424.22,5993.0,2585.1,0.46484375,2744,334,BMAp,BMA,73,left,0
2745,2746,3,7426.28,5993.32,2584.78,0.17578125,2745,334,BMAp,BMA,73,left,0
2746,2747,3,7428.92,5994.2,2584.28,0.5234375,2746,334,BMAp,BMA,73,left,0
2747,2748,3,7430.7,5995.46,2583.54,0.37890625,2747,334,BMAp,BMA,73,left,0
2748,2749,3,7433.32,5996.46,2582.32,0.203125,2748,334,BMAp,BMA,73,left,0
2749,2750,3,7435.44,5997.56,2581.7,0.49609375,2749,334,BMAp,BMA,73,left,0
2750,2751,3,7436.6,5999.0,2581.18,0.4375,2750,334,BMAp,BMA,73,left,0
2751,2752,3,7439.06,5999.04,2581.16,0.4375,2751,334,BMAp,BMA,73,left,0
2752,2753,3,7440.98,5998.7,2580.94,0.46484375,2752,334,BMAp,BMA,73,left,0
2753,2754,3,7442.5,5998.54,2580.04,0.3515625,2753,334,BMAp,BMA,73,left,0
2754,2755,3,7445.06,5998.22,2578.78,0.84765625,2754,334,BMAp,BMA,73,left,0
2755,2756,3,7446.66,5998.38,2577.26,0.17578125,2755,334,BMAp,BMA,73,left,0
2756,2757,3,7449.46,5999.08,2575.72,0.4375,2756,334,BMAp,BMA,73,left,0
2757,2758,3,7451.5,5999.4,2575.12,0.17578125,2757,334,BMAp,BMA,73,left,0
2758,2759,3,7454.38,6000.5,2574.12,0.46484375,2758,334,BMAp,BMA,73,left,0
2759,2760,3,7456.28,6001.38,2573.26,0.41015625,2759,334,BMAp,BMA,73,left,0
2760,2761,3,7458.34,6001.86,2572.96,0.3515625,2760,334,BMAp,BMA,73,left,0
2761,2762,3,7461.22,6001.92,2572.62,0.61328125,2761,334,BMAp,BMA,73,left,0
2762,2763,3,7463.38,6001.46,2572.48,0.41015625,2762,334,BMAp,BMA,73,left,0
2763,2764,3,7465.0,6000.74,2572.62,0.3203125,2763,334,BMAp,BMA,73,left,0
2764,2765,3,7467.08,6000.28,2572.3,0.29296875,2764,334,BMAp,BMA,73,left,0
2765,2766,3,7468.64,6000.24,2571.72,0.5546875,2765,334,BMAp,BMA,73,left,0
2766,2767,3,7471.08,6000.48,2571.68,0.41015625,2766,334,BMAp,BMA,73,left,0
2767,2768,3,7474.1,6000.22,2571.88,0.3515625,2767,334,BMAp,BMA,73,left,0
2768,2769,3,7475.08,6000.52,2571.88,0.05859375,2768,334,BMAp,BMA,73,left,0
2769,2770,3,7477.6,6000.96,2572.6,0.17578125,2769,334,BMAp,BMA,73,left,0
2770,2771,3,7479.38,6002.1,2573.3,0.49609375,2770,334,BMAp,BMA,73,left,0
2771,2772,3,7482.04,6003.3,2574.62,0.29296875,2771,334,BMAp,BMA,73,left,0
2772,2773,3,7483.8,6003.9,2575.56,0.46484375,2772,334,BMAp,BMA,73,left,0
2773,2774,3,7484.92,6005.06,2575.98,0.58203125,2773,334,BMAp,BMA,73,left,0
2774,2775,3,7487.22,6006.16,2576.58,0.5546875,2774,334,BMAp,BMA,73,left,0
2775,2776,3,7488.96,6007.94,2576.94,0.17578125,2775,334,BMAp,BMA,73,left,0
2776,2777,3,7490.78,6009.3,2577.18,0.203125,2776,334,BMAp,BMA,73,left,0
2777,2778,3,7493.26,6010.08,2577.44,0.46484375,2777,334,BMAp,BMA,73,left,0
2778,2779,3,7495.06,6010.26,2577.76,0.4375,2778,334,BMAp,BMA,73,left,0
2779,2780,3,7497.26,6010.38,2577.9,0.5546875,2779,334,BMAp,BMA,73,left,0
2780,2781,3,7498.94,6010.58,2577.9,0.29296875,2780,334,BMAp,BMA,73,left,0
2781,2782,3,7500.6,6010.96,2577.4,0.5234375,2781,334,BMAp,BMA,73,left,0
2782,2783,3,7502.76,6011.06,2577.04,0.3515625,2782,334,BMAp,BMA,73,left,0
2783,2784,3,7505.38,6010.66,2576.28,0.41015625,2783,334,BMAp,BMA,73,left,0
2784,2785,3,7507.4,6010.16,2575.64,0.234375,2784,334,BMAp,BMA,73,left,0
2785,2786,3,7509.4,6009.12,2575.68,0.234375,2785,334,BMAp,BMA,73,left,0
2786,2787,3,7511.52,6008.4,2575.46,0.61328125,2786,334,BMAp,BMA,73,left,0
2787,2788,3,7513.98,6007.72,2575.28,0.7578125,2787,334,BMAp,BMA,73,left,0
2788,2789,3,7515.7,6007.06,2575.08,0.73046875,2788,334,BMAp,BMA,73,left,0
2789,2790,3,7518.9,6006.54,2574.16,0.203125,2789,334,BMAp,BMA,73,left,0
2790,2791,3,7520.58,6005.74,2573.92,0.41015625,2790,334,BMAp,BMA,73,left,0
2791,2792,3,7521.3,6005.1,2572.92,0.17578125,2791,334,BMAp,BMA,73,left,0
2792,2793,3,7523.22,6004.74,2572.4,0.3203125,2792,334,BMAp,BMA,73,left,0
2793,2794,3,7525.66,6005.1,2572.02,0.41015625,2793,334,BMAp,BMA,73,left,0
2794,2795,3,7526.4,6006.72,2570.22,0.5234375,2794,334,BMAp,BMA,73,left,0
2795,2796,3,7527.48,6008.0,2569.0,0.90234375,2795,334,BMAp,BMA,73,left,0
2796,2797,3,7530.42,6008.74,2569.0,0.3515625,2796,334,BMAp,BMA,73,left,0
2797,2798,3,7531.68,6009.56,2568.74,0.41015625,2797,334,BMAp,BMA,73,left,0
2798,2799,3,7533.96,6009.4,2568.04,0.37890625,2798,334,BMAp,BMA,73,left,0
2799,2800,3,7536.64,6009.0,2567.26,0.671875,2799,334,BMAp,BMA,73,left,0
2800,2801,3,7539.3,6008.48,2567.3,0.3515625,2800,334,BMAp,BMA,73,left,0
2801,2802,3,7541.4,6008.28,2567.44,0.37890625,2801,334,BMAp,BMA,73,left,0
2802,2803,3,7543.5,6008.78,2567.62,0.17578125,2802,334,BMAp,BMA,73,left,0
2803,2804,3,7546.12,6009.18,2568.54,0.49609375,2803,334,BMAp,BMA,73,left,0
2804,2805,3,7547.84,6009.3,2569.6,0.7578125,2804,334,BMAp,BMA,73,left,0
2805,2806,3,7550.48,6009.04,2570.52,0.3515625,2805,334,BMAp,BMA,73,left,0
2806,2807,3,7553.2,6008.44,2571.06,0.37890625,2806,334,BMAp,BMA,73,left,0
2807,2808,3,7554.9,6008.1,2571.2,0.3515625,2807,334,BMAp,BMA,73,left,0
2808,2809,3,7556.84,6007.68,2571.64,0.234375,2808,334,BMAp,BMA,73,left,0
2809,2810,3,7558.66,6007.24,2572.2,0.234375,2809,334,BMAp,BMA,73,left,0
2810,2811,3,7560.6,6006.7,2573.44,0.3515625,2810,334,BMAp,BMA,73,left,0
2811,2812,3,7561.78,6006.3,2575.2,0.5234375,2811,334,BMAp,BMA,73,left,0
2812,2813,3,7564.84,6006.3,2576.26,0.29296875,2812,334,BMAp,BMA,73,left,0
2813,2814,3,7566.86,6006.24,2576.78,0.4375,2813,334,BMAp,BMA,73,left,0
2814,2815,3,7568.5,6006.88,2577.04,0.0234375,2814,334,BMAp,BMA,73,left,0
2815,2816,3,7571.52,6007.14,2577.38,0.3515625,2815,334,BMAp,BMA,73,left,0
2816,2817,3,7573.64,6006.7,2577.56,0.3515625,2816,334,BMAp,BMA,73,left,0
2817,2818,3,7575.22,6006.68,2577.64,0.3515625,2817,334,BMAp,BMA,73,left,0
2818,2819,3,7577.14,6007.2,2577.64,0.29296875,2818,334,BMAp,BMA,73,left,0
2819,2820,3,7579.04,6008.12,2577.58,0.3515625,2819,334,BMAp,BMA,73,left,0
2820,2821,3,7581.1,6008.62,2577.96,0.5234375,2820,334,BMAp,BMA,73,left,0
2821,2822,3,7583.14,6009.04,2578.48,0.69921875,2821,334,BMAp,BMA,73,left,0
2822,2823,3,7585.14,6009.94,2578.82,0.58203125,2822,334,BMAp,BMA,73,left,0
2823,2824,3,7586.96,6010.14,2579.04,0.29296875,2823,334,BMAp,BMA,73,left,0
2824,2825,3,7589.38,6009.62,2579.7,0.3515625,2824,334,BMAp,BMA,73,left,0
2825,2826,3,7590.94,6009.42,2580.68,0.3515625,2825,334,BMAp,BMA,73,left,0
2826,2827,3,7593.48,6009.16,2581.6,0.234375,2826,334,BMAp,BMA,73,left,0
2827,2828,3,7595.78,6008.6,2582.5,0.3515625,2827,334,BMAp,BMA,73,left,0
2828,2829,3,7597.9,6008.14,2582.82,0.3515625,2828,334,BMAp,BMA,73,left,1
2829,2830,3,7273.26,5848.8,2654.82,0.00390625,1479,303,BLAa,BLA,74,left,0
2830,2831,3,7272.2,5851.1,2655.34,0.5234375,2830,303,BLAa,BLA,74,left,0
2831,2832,3,7270.28,5852.04,2655.06,0.4375,2831,303,BLAa,BLA,74,left,0
2832,2833,3,7267.54,5854.0,2654.54,0.37890625,2832,303,BLAa,BLA,74,left,0
2833,2834,3,7265.48,5856.64,2653.94,0.3515625,2833,303,BLAa,BLA,74,left,0
2834,2835,3,7264.18,5859.34,2653.36,0.3515625,2834,303,BLAa,BLA,74,left,0
2835,2836,3,7261.82,5862.08,2652.94,0.61328125,2835,303,BLAa,BLA,74,left,0
2836,2837,3,7260.14,5864.5,2652.98,0.3515625,2836,303,BLAa,BLA,74,left,0
2837,2838,3,7258.42,5868.04,2653.34,0.26171875,2837,303,BLAa,BLA,74,left,0
2838,2839,3,7256.46,5869.88,2653.78,0.5234375,2838,303,BLAa,BLA,74,left,0
2839,2840,3,7253.82,5873.48,2653.56,0.49609375,2839,303,BLAa,BLA,74,left,0
2840,2841,3,7252.0,5875.66,2653.66,0.3515625,2840,303,BLAa,BLA,74,left,0
2841,2842,3,7249.56,5876.52,2654.88,0.203125,2841,303,BLAa,BLA,74,left,0
2842,2843,3,7247.48,5876.82,2655.32,0.41015625,2842,303,BLAa,BLA,74,left,0
2843,2844,3,7245.26,5877.16,2655.56,0.3515625,2843,303,BLAa,BLA,74,left,0
2844,2845,3,7242.62,5877.58,2655.5,0.37890625,2844,303,BLAa,BLA,74,left,0
2845,2846,3,7240.76,5877.62,2655.44,0.17578125,2845,303,BLAa,BLA,74,left,0
2846,2847,3,7238.98,5877.3,2655.76,0.17578125,2846,303,BLAa,BLA,74,left,0
2847,2848,3,7234.7,5876.48,2656.78,0.37890625,2847,303,BLAa,BLA,74,left,0
2848,2849,3,7232.62,5876.28,2657.38,0.49609375,2848,303,BLAa,BLA,74,left,0
2849,2850,3,7229.86,5875.32,2657.54,0.640625,2849,303,BLAa,BLA,74,left,0
2850,2851,3,7227.56,5874.32,2657.92,0.26171875,2850,303,BLAa,BLA,74,left,0
2851,2852,3,7225.34,5873.32,2658.18,0.4375,2851,303,BLAa,BLA,74,left,0
2852,2853,3,7222.7,5872.66,2658.72,0.26171875,2852,303,BLAa,BLA,74,left,0
2853,2854,3,7219.52,5872.04,2659.4,0.41015625,2853,303,BLAa,BLA,74,left,0
2854,2855,3,7217.84,5871.34,2660.08,0.46484375,2854,303,BLAa,BLA,74,left,0
2855,2856,3,7215.92,5871.34,2660.68,0.49609375,2855,303,BLAa,BLA,74,left,0
2856,2857,3,7214.42,5871.5,2661.36,0.3515625,2856,303,BLAa,BLA,74,left,0
2857,2858,3,7211.98,5872.4,2661.24,0.29296875,2857,303,BLAa,BLA,74,left,0
2858,2859,3,7210.5,5873.66,2660.94,0.26171875,2858,303,BLAa,BLA,74,left,0
2859,2860,3,7208.4,5874.68,2660.54,0.015625,2859,303,BLAa,BLA,74,left,0
2860,2861,3,7205.66,5875.16,2659.82,0.46484375,2860,303,BLAa,BLA,74,left,0
2861,2862,3,7203.12,5875.3,2658.76,0.5234375,2861,303,BLAa,BLA,74,left,0
2862,2863,3,7202.24,5874.12,2657.9,0.46484375,2862,303,BLAa,BLA,74,left,0
2863,2864,3,7199.24,5873.76,2656.8,0.3515625,2863,303,BLAa,BLA,74,left,0
2864,2865,3,7196.28,5873.36,2656.02,0.203125,2864,303,BLAa,BLA,74,left,0
2865,2866,3,7194.32,5872.14,2656.04,0.73046875,2865,303,BLAa,BLA,74,left,0
2866,2867,3,7190.56,5871.44,2656.14,0.49609375,2866,303,BLAa,BLA,74,left,0
2867,2868,3,7188.56,5870.74,2656.46,0.3203125,2867,303,BLAa,BLA,74,left,0
2868,2869,3,7185.86,5870.02,2656.8,0.4375,2868,303,BLAa,BLA,74,left,0
2869,2870,3,7183.78,5868.7,2657.44,0.17578125,2869,303,BLAa,BLA,74,left,0
2870,2871,3,7181.88,5867.9,2657.96,0.3203125,2870,303,BLAa,BLA,74,left,0
2871,2872,3,7180.34,5866.54,2658.24,0.37890625,2871,303,BLAa,BLA,74,left,0
2872,2873,3,7179.68,5864.48,2658.8,0.5234375,2872,303,BLAa,BLA,74,left,0
2873,2874,3,7177.78,5862.92,2659.22,0.46484375,2873,303,BLAa,BLA,74,left,0
2874,2875,3,7175.34,5862.58,2659.56,0.3515625,2874,303,BLAa,BLA,74,left,0
2875,2876,3,7173.42,5862.72,2660.8,0.29296875,2875,303,BLAa,BLA,74,left,0
2876,2877,3,7170.46,5862.22,2661.02,0.00390625,2876,303,BLAa,BLA,74,left,0
2877,2878,3,7168.74,5860.84,2661.72,0.46484375,2877,303,BLAa,BLA,74,left,0
2878,2879,3,7166.5,5859.86,2661.96,0.3515625,2878,303,BLAa,BLA,74,left,0
2879,2880,3,7164.08,5859.02,2662.14,0.41015625,2879,303,BLAa,BLA,74,left,0
2880,2881,3,7162.78,5857.6,2662.62,0.3515625,2880,303,BLAa,BLA,74,left,0
2881,2882,3,7159.96,5856.76,2662.76,0.4375,2881,303,BLAa,BLA,74,left,0
2882,2883,3,7158.66,5855.28,2663.42,0.41015625,2882,303,BLAa,BLA,74,left,0
2883,2884,3,7156.64,5853.96,2664.38,0.84765625,2883,303,BLAa,BLA,74,left,0
2884,2885,3,7155.74,5852.1,2665.48,0.41015625,2884,303,BLAa,BLA,74,left,0
2885,2886,3,7155.0,5849.3,2666.9,0.3515625,2885,303,BLAa,BLA,74,left,0
2886,2887,3,7154.18,5847.42,2667.16,0.26171875,2886,303,BLAa,BLA,74,left,0
2887,2888,3,7153.86,5842.88,2667.7,0.41015625,2887,303,BLAa,BLA,74,left,0
2888,2889,3,7153.86,5840.12,2668.48,0.26171875,2888,303,BLAa,BLA,74,left,0
2889,2890,3,7153.82,5837.38,2668.62,0.29296875,2889,303,BLAa,BLA,74,left,0
2890,2891,3,7154.28,5836.64,2667.78,0.3515625,2890,303,BLAa,BLA,74,left,0
2891,2892,3,7155.84,5836.36,2667.6,0.3515625,2891,303,BLAa,BLA,74,left,0
2892,2893,3,7157.6,5834.6,2667.12,0.00390625,2892,303,BLAa,BLA,74,left,0
2893,2894,3,7160.68,5833.68,2666.22,0.203125,2893,303,BLAa,BLA,74,left,0
2894,2895,3,7162.24,5833.02,2666.26,0.3515625,2894,303,BLAa,BLA,74,left,1
2895,2896,3,7273.14,5849.16,2655.04,0.00390625,1479,303,BLAa,BLA,75,left,0
2896,2897,3,7272.38,5851.7,2656.02,0.49609375,2896,303,BLAa,BLA,75,left,0
2897,2898,3,7271.96,5855.92,2656.18,0.4375,2897,303,BLAa,BLA,75,left,0
2898,2899,3,7271.86,5860.84,2655.68,0.3515625,2898,303,BLAa,BLA,75,left,0
2899,2900,3,7271.84,5862.74,2655.7,0.49609375,2899,303,BLAa,BLA,75,left,0
2900,2901,3,7271.84,5865.74,2656.52,0.61328125,2900,303,BLAa,BLA,75,left,0
2901,2902,3,7271.86,5868.44,2657.38,0.4375,2901,303,BLAa,BLA,75,left,0
2902,2903,3,7271.92,5870.38,2658.72,0.58203125,2902,303,BLAa,BLA,75,left,0
2903,2904,3,7271.74,5871.78,2660.28,0.37890625,2903,303,BLAa,BLA,75,left,0
2904,2905,3,7270.04,5873.5,2660.98,0.4375,2904,303,BLAa,BLA,75,left,0
2905,2906,3,7268.36,5875.48,2662.42,0.81640625,2905,303,BLAa,BLA,75,left,0
2906,2907,3,7267.64,5876.62,2662.96,0.46484375,2906,303,BLAa,BLA,75,left,0
2907,2908,3,7264.62,5877.88,2662.9,0.5234375,2907,303,BLAa,BLA,75,left,0
2908,2909,3,7263.6,5878.76,2663.86,0.3515625,2908,303,BLAa,BLA,75,left,0
2909,2910,3,7263.56,5880.02,2665.86,0.41015625,2909,303,BLAa,BLA,75,left,0
2910,2911,3,7262.9,5882.64,2668.1,0.41015625,2910,303,BLAa,BLA,75,left,0
2911,2912,3,7261.52,5884.0,2668.98,0.61328125,2911,303,BLAa,BLA,75,left,0
2912,2913,3,7261.14,5885.78,2671.24,0.5546875,2912,303,BLAa,BLA,75,left,0
2913,2914,3,7260.18,5886.42,2672.66,0.61328125,2913,303,BLAa,BLA,75,left,0
2914,2915,3,7257.66,5886.98,2673.9,0.4375,2914,303,BLAa,BLA,75,left,0
2915,2916,3,7256.64,5887.0,2675.94,0.5546875,2915,303,BLAa,BLA,75,left,0
2916,2917,3,7255.7,5887.18,2678.4,0.875,2916,303,BLAa,BLA,75,left,0
2917,2918,3,7254.6,5887.66,2680.18,0.69921875,2917,303,BLAa,BLA,75,left,0
2918,2919,3,7254.18,5888.78,2682.46,0.234375,2918,303,BLAa,BLA,75,left,0
2919,2920,3,7253.06,5889.66,2684.16,0.61328125,2919,303,BLAa,BLA,75,left,0
2920,2921,3,7251.14,5890.7,2684.6,0.37890625,2920,303,BLAa,BLA,75,left,0
2921,2922,3,7249.74,5891.9,2685.54,0.29296875,2921,303,BLAa,BLA,75,left,0
2922,2923,3,7249.82,5893.32,2687.24,0.234375,2922,303,BLAa,BLA,75,left,0
2923,2924,3,7249.14,5893.64,2688.74,0.00390625,2923,303,BLAa,BLA,75,left,0
2924,2925,3,7247.02,5894.48,2688.8,0.41015625,2924,303,BLAa,BLA,75,left,0
2925,2926,3,7246.28,5896.54,2690.28,0.49609375,2925,303,BLAa,BLA,75,left,0
2926,2927,3,7245.66,5898.54,2692.64,0.49609375,2926,303,BLAa,BLA,75,left,0
2927,2928,3,7244.3,5899.88,2694.1,0.4375,2927,303,BLAa,BLA,75,left,0
2928,2929,3,7242.28,5900.6,2695.62,0.671875,2928,303,BLAa,BLA,75,left,0
2929,2930,3,7239.94,5900.98,2696.08,0.84765625,2929,303,BLAa,BLA,75,left,0
2930,2931,3,7239.28,5901.38,2697.56,0.640625,2930,303,BLAa,BLA,75,left,0
2931,2932,3,7237.56,5902.24,2698.46,0.640625,2931,303,BLAa,BLA,75,left,0
2932,2933,3,7235.14,5902.62,2698.44,0.3203125,2932,303,BLAa,BLA,75,left,0
2933,2934,3,7234.52,5902.48,2701.68,0.5546875,2933,303,BLAa,BLA,75,left,0
2934,2935,3,7233.92,5902.84,2703.3,0.46484375,2934,303,BLAa,BLA,75,left,0
2935,2936,3,7233.16,5905.12,2705.58,0.37890625,2935,303,BLAa,BLA,75,left,0
2936,2937,3,7232.48,5906.92,2707.04,0.5546875,2936,303,BLAa,BLA,75,left,0
2937,2938,3,7232.52,5909.28,2709.7,0.5546875,2937,303,BLAa,BLA,75,left,0
2938,2939,3,7232.64,5910.44,2711.66,0.46484375,2938,303,BLAa,BLA,75,left,0
2939,2940,3,7232.78,5912.84,2714.08,0.4375,2939,303,BLAa,BLA,75,left,0
2940,2941,3,7232.88,5914.48,2715.92,0.640625,2940,303,BLAa,BLA,75,left,0
2941,2942,3,7232.98,5915.1,2717.86,0.41015625,2941,303,BLAa,BLA,75,left,0
2942,2943,3,7233.08,5916.34,2719.92,0.234375,2942,303,BLAa,BLA,75,left,0
2943,2944,3,7233.2,5917.1,2722.18,0.5546875,2943,303,BLAa,BLA,75,left,0
2944,2945,3,7233.28,5918.28,2723.66,0.58203125,2944,303,BLAa,BLA,75,left,0
2945,2946,3,7233.4,5918.78,2725.62,0.3515625,2945,303,BLAa,BLA,75,left,1
2946,2947,3,7292.8,5816.08,2637.24,0.00390625,1485,303,BLAa,BLA,76,left,0
2947,2948,3,7291.82,5810.76,2638.26,0.3203125,2947,303,BLAa,BLA,76,left,0
2948,2949,3,7291.58,5807.84,2638.28,0.5234375,2948,303,BLAa,BLA,76,left,0
2949,2950,3,7290.8,5806.32,2637.56,0.5546875,2949,303,BLAa,BLA,76,left,0
2950,2951,3,7290.74,5803.4,2637.32,0.5546875,2950,303,BLAa,BLA,76,left,0
2951,2952,3,7290.74,5801.22,2636.3,0.49609375,2951,303,BLAa,BLA,76,left,0
2952,2953,3,7290.88,5798.38,2635.96,0.3203125,2952,303,BLAa,BLA,76,left,0
2953,2954,3,7291.94,5796.3,2635.66,0.17578125,2953,303,BLAa,BLA,76,left,0
2954,2955,3,7292.32,5794.56,2634.5,0.46484375,2954,303,BLAa,BLA,76,left,0
2955,2956,3,7293.22,5792.66,2633.42,0.234375,2955,303,BLAa,BLA,76,left,0
2956,2957,3,7293.64,5791.04,2631.74,0.58203125,2956,303,BLAa,BLA,76,left,0
2957,2958,3,7295.2,5789.54,2630.96,0.58203125,2957,303,BLAa,BLA,76,left,0
2958,2959,3,7295.74,5787.64,2629.42,0.41015625,2958,303,BLAa,BLA,76,left,0
2959,2960,3,7296.9,5786.3,2628.98,0.37890625,2959,303,BLAa,BLA,76,left,0
2960,2961,3,7298.82,5785.84,2629.14,0.3515625,2960,303,BLAa,BLA,76,left,0
2961,2962,3,7299.6,5784.26,2628.42,0.5546875,2961,303,BLAa,BLA,76,left,0
2962,2963,3,7299.84,5781.7,2627.48,0.5546875,2962,303,BLAa,BLA,76,left,0
2963,2964,3,7300.8,5780.24,2627.34,0.37890625,2963,303,BLAa,BLA,76,left,0
2964,2965,3,7301.02,5777.44,2626.64,0.46484375,2964,303,BLAa,BLA,76,left,0
2965,2966,3,7301.34,5775.8,2624.54,0.7890625,2965,303,BLAa,BLA,76,left,0
2966,2967,3,7302.14,5773.98,2623.7,0.61328125,2966,303,BLAa,BLA,76,left,0
2967,2968,3,7302.2,5771.36,2622.06,0.58203125,2967,303,BLAa,BLA,76,left,0
2968,2969,3,7302.16,5769.08,2620.26,0.61328125,2968,303,BLAa,BLA,76,left,0
2969,2970,3,7302.04,5768.7,2618.34,0.5234375,2969,303,BLAa,BLA,76,left,0
2970,2971,3,7302.0,5768.72,2615.18,0.4375,2970,303,BLAa,BLA,76,left,0
2971,2972,3,7302.74,5768.32,2614.6,0.7890625,2971,303,BLAa,BLA,76,left,1
2972,2973,3,7294.2,5816.66,2636.84,0.02734375,1485,303,BLAa,BLA,77,left,0
2973,2974,3,7296.76,5815.94,2636.12,0.29296875,2973,303,BLAa,BLA,77,left,0
2974,2975,3,7298.8,5815.96,2635.26,0.41015625,2974,303,BLAa,BLA,77,left,0
2975,2976,3,7301.58,5815.86,2635.2,0.3203125,2975,303,BLAa,BLA,77,left,0
2976,2977,3,7303.28,5816.32,2634.86,0.69921875,2976,303,BLAa,BLA,77,left,0
2977,2978,3,7306.54,5816.42,2634.6,0.61328125,2977,303,BLAa,BLA,77,left,0
2978,2979,3,7308.74,5816.4,2634.74,0.4375,2978,303,BLAa,BLA,77,left,0
2979,2980,3,7311.24,5816.42,2635.08,0.4375,2979,303,BLAa,BLA,77,left,0
2980,2981,3,7313.46,5815.92,2635.78,0.4375,2980,303,BLAa,BLA,77,left,0
2981,2982,3,7316.12,5815.26,2636.86,0.3515625,2981,303,BLAa,BLA,77,left,0
2982,2983,3,7318.18,5814.32,2637.52,0.41015625,2982,303,BLAa,BLA,77,left,0
2983,2984,3,7320.48,5813.2,2637.9,0.671875,2983,303,BLAa,BLA,77,left,0
2984,2985,3,7322.88,5812.54,2638.18,0.7890625,2984,303,BLAa,BLA,77,left,0
4062,4063,3,7389.56,5819.48,2532.82,0.00390625,2466,303,BLAa,BLA,96,left,0
4063,4064,3,7391.12,5816.96,2533.68,0.46484375,4063,303,BLAa,BLA,96,left,0
4064,4065,3,7392.36,5813.6,2535.24,0.61328125,4064,303,BLAa,BLA,96,left,0
4065,4066,3,7392.78,5810.76,2537.1,0.61328125,4065,303,BLAa,BLA,96,left,0
4066,4067,3,7394.2,5809.76,2537.66,0.4375,4066,303,BLAa,BLA,96,left,0
4067,4068,3,7396.58,5808.5,2539.7,0.49609375,4067,303,BLAa,BLA,96,left,0
4068,4069,3,7397.68,5807.64,2542.12,0.3515625,4068,303,BLAa,BLA,96,left,0
4069,4070,3,7399.0,5807.08,2543.8,0.93359375,4069,303,BLAa,BLA,96,left,0
4070,4071,3,7399.46,5806.38,2547.6,1.05078125,4070,303,BLAa,BLA,96,left,0
4071,4072,3,7399.96,5806.06,2548.96,1.01953125,4071,303,BLAa,BLA,96,left,0
4072,4073,3,7401.6,5805.62,2549.48,5.5703125,4072,303,BLAa,BLA,96,left,0
4073,4074,3,7403.6,5804.6,2550.76,0.58203125,4073,303,BLAa,BLA,96,left,0
4074,4075,3,7404.66,5802.7,2552.68,0.58203125,4074,303,BLAa,BLA,96,left,0
4075,4076,3,7405.44,5800.58,2554.98,0.3203125,4075,303,BLAa,BLA,96,left,0
4076,4077,3,7407.16,5799.32,2555.9,0.29296875,4076,303,BLAa,BLA,96,left,0
4077,4078,3,7408.22,5796.98,2557.58,0.41015625,4077,303,BLAa,BLA,96,left,0
4078,4079,3,7410.34,5793.86,2560.4,0.58203125,4078,303,BLAa,BLA,96,left,0
4079,4080,3,7410.86,5791.24,2562.66,0.671875,4079,303,BLAa,BLA,96,left,0
4080,4081,3,7411.22,5787.44,2564.74,0.671875,4080,303,BLAa,BLA,96,left,0
4081,4082,3,7411.62,5783.68,2567.4,0.5546875,4081,303,BLAa,BLA,96,left,0
4082,4083,3,7411.98,5781.08,2569.54,0.49609375,4082,303,BLAa,BLA,96,left,0
4083,4084,3,7413.32,5777.94,2571.18,0.5546875,4083,303,BLAa,BLA,96,left,0
4084,4085,3,7413.72,5775.38,2573.14,0.49609375,4084,303,BLAa,BLA,96,left,0
4085,4086,3,7415.04,5773.58,2574.76,0.93359375,4085,303,BLAa,BLA,96,left,0
4086,4087,3,7417.44,5772.24,2575.52,0.671875,4086,303,BLAa,BLA,96,left,0
4087,4088,3,7419.18,5770.14,2576.94,1.1953125,4087,303,BLAa,BLA,96,left,0
4088,4089,3,7422.7,5767.96,2578.84,0.3515625,4088,303,BLAa,BLA,96,left,0
4089,4090,3,7425.1,5766.94,2579.68,0.203125,4089,303,BLAa,BLA,96,left,0
4090,4091,3,7426.26,5765.72,2581.78,0.5546875,4090,303,BLAa,BLA,96,left,0
4091,4092,3,7428.7,5763.96,2583.78,0.7578125,4091,303,BLAa,BLA,96,left,0
4092,4093,3,7431.56,5762.88,2585.0,0.17578125,4092,303,BLAa,BLA,96,left,0
4093,4094,3,7432.46,5762.18,2587.42,0.46484375,4093,303,BLAa,BLA,96,left,0
4094,4095,3,7432.74,5761.14,2590.02,0.3515625,4094,303,BLAa,BLA,96,left,0
4095,4096,3,7433.12,5759.82,2593.88,0.3515625,4095,303,BLAa,BLA,96,left,0
4096,4097,3,7434.58,5758.4,2595.54,0.17578125,4096,303,BLAa,BLA,96,left,0
4097,4098,3,7436.76,5756.74,2596.86,0.61328125,4097,303,BLAa,BLA,96,left,0
4098,4099,3,7437.72,5754.58,2598.4,0.3515625,4098,303,BLAa,BLA,96,left,0
4099,4100,3,7440.12,5752.44,2599.82,0.7578125,4099,303,BLAa,BLA,96,left,0
4100,4101,3,7443.58,5749.04,2602.68,0.7890625,4100,303,BLAa,BLA,96,left,0
4101,4102,3,7445.4,5747.02,2604.14,0.5546875,4101,303,BLAa,BLA,96,left,0
4102,4103,3,7446.26,5745.12,2606.1,0.37890625,4102,303,BLAa,BLA,96,left,0
4103,4104,3,7448.58,5743.34,2607.32,0.234375,4103,303,BLAa,BLA,96,left,0
4104,4105,3,7450.16,5740.2,2608.34,0.4375,4104,303,BLAa,BLA,96,left,0
4105,4106,3,7452.36,5736.98,2610.04,0.0078125,4105,303,BLAa,BLA,96,left,0
4106,4107,3,7453.68,5733.36,2613.38,0.69921875,4106,303,BLAa,BLA,96,left,0
4107,4108,3,7454.4,5730.06,2616.28,1.078125,4107,303,BLAa,BLA,96,left,0
4108,4109,3,7455.44,5728.04,2617.3,0.3515625,4108,303,BLAa,BLA,96,left,0
4109,4110,3,7456.68,5726.0,2624.94,1.77734375,4109,303,BLAa,BLA,96,left,0
4110,4111,3,7457.08,5725.4,2626.46,0.671875,4110,303,BLAa,BLA,96,left,0
4111,4112,3,7458.54,5724.54,2627.0,0.4375,4111,303,BLAa,BLA,96,left,0
4112,4113,3,7461.2,5723.74,2628.32,0.015625,4112,303,BLAa,BLA,96,left,0
4113,4114,3,7462.58,5723.84,2629.9,0.3203125,4113,303,BLAa,BLA,96,left,0
4114,4115,3,7465.18,5723.86,2631.18,0.37890625,4114,303,BLAa,BLA,96,left,0
4115,4116,3,7465.88,5725.22,2632.24,1.25390625,4115,303,BLAa,BLA,96,left,0
4116,4117,3,7467.7,5726.38,2632.52,24.1484375,4116,303,BLAa,BLA,96,left,0
4117,4118,3,7468.68,5727.56,2633.1,0.5546875,4117,303,BLAa,BLA,96,left,0
4118,4119,3,7469.24,5729.26,2634.5,0.640625,4118,303,BLAa,BLA,96,left,0
4119,4120,3,7470.18,5731.48,2635.66,0.7578125,4119,303,BLAa,BLA,96,left,0
4120,4121,3,7471.38,5733.34,2635.84,0.671875,4120,303,BLAa,BLA,96,left,0
4121,4122,3,7471.54,5736.56,2635.4,28.81640625,4121,303,BLAa,BLA,96,left,0
4122,4123,3,7471.66,5739.78,2635.08,35.3515625,4122,303,BLAa,BLA,96,left,0
4123,4124,3,7472.8,5739.5,2637.28,0.5546875,4123,303,BLAa,BLA,96,left,0
4124,4125,3,7474.7,5738.7,2638.6,0.37890625,4124,303,BLAa,BLA,96,left,0
4125,4126,3,7476.8,5739.26,2639.16,0.4375,4125,303,BLAa,BLA,96,left,0
4126,4127,3,7478.58,5740.78,2640.22,1.078125,4126,303,BLAa,BLA,96,left,0
4127,4128,3,7479.68,5741.94,2640.94,0.90234375,4127,303,BLAa,BLA,96,left,0
4128,4129,3,7481.78,5743.4,2641.04,1.1953125,4128,303,BLAa,BLA,96,left,0
4129,4130,3,7482.94,5746.06,2640.66,0.49609375,4129,303,BLAa,BLA,96,left,0
4130,4131,3,7484.68,5746.84,2641.02,0.49609375,4130,303,BLAa,BLA,96,left,0
4131,4132,3,7487.2,5746.94,2642.18,0.46484375,4131,303,BLAa,BLA,96,left,0
4132,4133,3,7488.96,5747.54,2643.22,0.81640625,4132,303,BLAa,BLA,96,left,0
4133,4134,3,7491.58,5747.08,2644.36,0.69921875,4133,303,BLAa,BLA,96,left,0
4134,4135,3,7493.72,5746.36,2644.72,0.3515625,4134,303,BLAa,BLA,96,left,0
4135,4136,3,7495.46,5745.76,2645.02,0.3515625,4135,303,BLAa,BLA,96,left,0
4136,4137,3,7496.46,5745.88,2645.34,0.0390625,4136,303,BLAa,BLA,96,left,0
4137,4138,3,7496.88,5746.1,2646.84,0.3515625,4137,303,BLAa,BLA,96,left,0
4138,4139,3,7498.64,5745.54,2648.78,0.3203125,4138,303,BLAa,BLA,96,left,0
4139,4140,3,7500.54,5745.3,2651.06,0.37890625,4139,303,BLAa,BLA,96,left,0
4140,4141,3,7501.6,5746.14,2651.76,0.73046875,4140,303,BLAa,BLA,96,left,0
4141,4142,3,7503.2,5746.74,2652.4,25.75390625,4141,303,BLAa,BLA,96,left,0
4142,4143,3,7505.46,5746.28,2652.92,8.25390625,4142,303,BLAa,BLA,96,left,0
4143,4144,3,7505.18,5752.94,2651.24,7.49609375,4143,303,BLAa,BLA,96,left,0
4144,4145,3,7505.38,5755.44,2650.64,14.203125,4144,303,BLAa,BLA,96,left,0
4145,4146,3,7506.92,5757.2,2650.56,1.01953125,4145,303,BLAa,BLA,96,left,0
4146,4147,3,7508.48,5758.28,2651.56,1.01953125,4146,303,BLAa,BLA,96,left,0
4147,4148,3,7509.54,5760.4,2652.0,0.5234375,4147,303,BLAa,BLA,96,left,0
4148,4149,3,7511.26,5760.64,2652.62,0.5546875,4148,303,BLAa,BLA,96,left,0
4149,4150,3,7514.28,5759.9,2653.22,0.3515625,4149,303,BLAa,BLA,96,left,0
4150,4151,3,7516.62,5759.82,2653.72,1.28515625,4150,303,BLAa,BLA,96,left,0
4151,4152,3,7516.74,5761.8,2654.38,2.21484375,4151,303,BLAa,BLA,96,left,0
4152,4153,3,7516.46,5765.02,2655.18,0.671875,4152,303,BLAa,BLA,96,left,0
4153,4154,3,7517.96,5765.02,2656.24,0.4375,4153,303,BLAa,BLA,96,left,0
4154,4155,3,7520.28,5765.0,2657.02,0.3203125,4154,303,BLAa,BLA,96,left,0
4155,4156,3,7520.8,5767.58,2656.6,0.671875,4155,303,BLAa,BLA,96,left,0
4156,4157,3,7522.06,5767.94,2656.88,0.5546875,4156,303,BLAa,BLA,96,left,0
4157,4158,3,7524.58,5768.02,2657.1,0.01171875,4157,303,BLAa,BLA,96,left,0
4158,4159,3,7525.84,5769.14,2657.14,0.5234375,4158,303,BLAa,BLA,96,left,0
4159,4160,3,7525.24,5776.26,2655.56,22.05078125,4159,303,BLAa,BLA,96,left,0
4160,4161,3,7525.58,5778.78,2654.98,23.3046875,4160,303,BLAa,BLA,96,left,0
4161,4162,3,7527.08,5780.18,2655.12,3.703125,4161,303,BLAa,BLA,96,left,0
4162,4163,3,7528.14,5781.08,2656.42,0.7890625,4162,303,BLAa,BLA,96,left,0
4163,4164,3,7529.46,5782.08,2656.6,10.87890625,4163,303,BLAa,BLA,96,left,0
4164,4165,3,7531.4,5781.92,2656.76,4.0546875,4164,303,BLAa,BLA,96,left,0
4165,4166,3,7532.28,5783.16,2656.56,2.12890625,4165,303,BLAa,BLA,96,left,0
4166,4167,3,7532.06,5785.5,2656.42,0.7578125,4166,334,BMAp,BMA,96,left,0
4167,4168,3,7531.7,5789.34,2656.34,0.81640625,4167,334,BMAp,BMA,96,left,0
4168,4169,3,7531.52,5791.4,2656.62,0.81640625,4168,334,BMAp,BMA,96,left,0
4169,4170,3,7533.18,5790.76,2657.28,0.5234375,4169,334,BMAp,BMA,96,left,0
4170,4171,3,7536.08,5790.0,2658.0,0.875,4170,334,BMAp,BMA,96,left,0
4171,4172,3,7536.98,5790.4,2658.4,0.7578125,4171,334,BMAp,BMA,96,left,0
4172,4173,3,7536.92,5792.78,2658.62,0.875,4172,334,BMAp,BMA,96,left,0
4173,4174,3,7536.6,5796.48,2658.64,0.9921875,4173,334,BMAp,BMA,96,left,0
4174,4175,3,7536.8,5798.28,2659.04,0.29296875,4174,334,BMAp,BMA,96,left,0
4175,4176,3,7538.26,5798.36,2659.22,0.3515625,4175,334,BMAp,BMA,96,left,0
4176,4177,3,7539.5,5798.66,2660.04,0.01953125,4176,334,BMAp,BMA,96,left,0
4177,4178,3,7539.76,5799.48,2661.26,1.953125,4177,334,BMAp,BMA,96,left,0
4178,4179,3,7539.48,5802.56,2660.86,3.32421875,4178,334,BMAp,BMA,96,left,0
4179,4180,3,7539.42,5803.96,2661.78,5.484375,4179,334,BMAp,BMA,96,left,0
4180,4181,3,7539.54,5804.1,2663.98,3.8515625,4180,334,BMAp,BMA,96,left,0
4181,4182,3,7539.64,5805.1,2667.2,3.20703125,4181,334,BMAp,BMA,96,left,0
4182,4183,3,7539.84,5806.02,2668.78,0.640625,4182,334,BMAp,BMA,96,left,0
4183,4184,3,7541.34,5806.46,2669.0,0.29296875,4183,334,BMAp,BMA,96,left,0
4184,4185,3,7542.4,5811.2,2667.96,17.32421875,4184,334,BMAp,BMA,96,left,0
4185,4186,3,7542.2,5813.12,2667.62,9.2734375,4185,334,BMAp,BMA,96,left,0
4186,4187,3,7542.52,5812.62,2672.1,1.57421875,4186,334,BMAp,BMA,96,left,0
4187,4188,3,7542.74,5812.56,2673.4,0.3515625,4187,334,BMAp,BMA,96,left,0
4188,4189,3,7543.92,5812.86,2673.58,0.29296875,4188,334,BMAp,BMA,96,left,0
4189,4190,3,7546.38,5812.36,2673.86,0.3515625,4189,334,BMAp,BMA,96,left,0
4190,4191,3,7547.76,5812.48,2674.06,0.4375,4190,334,BMAp,BMA,96,left,0
4191,4192,3,7547.86,5813.24,2674.72,0.37890625,4191,334,BMAp,BMA,96,left,0
4192,4193,3,7548.14,5812.84,2678.7,0.93359375,4192,334,BMAp,BMA,96,left,0
4193,4194,3,7548.2,5813.06,2680.1,7.9609375,4193,334,BMAp,BMA,96,left,0
4194,4195,3,7547.98,5815.36,2680.02,1.2265625,4194,334,BMAp,BMA,96,left,0
4195,4196,3,7549.12,5816.48,2680.18,0.46484375,4195,334,BMAp,BMA,96,left,0
4196,4197,3,7550.92,5816.56,2681.52,0.46484375,4196,334,BMAp,BMA,96,left,0
4197,4198,3,7551.34,5817.22,2683.66,0.640625,4197,334,BMAp,BMA,96,left,0
4198,4199,3,7552.98,5817.4,2684.44,0.3515625,4198,334,BMAp,BMA,96,left,0
4199,4200,3,7553.24,5818.48,2684.8,0.01953125,4199,334,BMAp,BMA,96,left,0
4200,4201,3,7552.7,5824.44,2684.12,15.546875,4200,334,BMAp,BMA,96,left,0
4201,4202,3,7553.18,5826.22,2683.78,28.69921875,4201,334,BMAp,BMA,96,left,0
4202,4203,3,7555.32,5825.7,2684.96,18.43359375,4202,334,BMAp,BMA,96,left,0
4203,4204,3,7556.18,5825.06,2686.96,13.125,4203,334,BMAp,BMA,96,left,0
4204,4205,3,7557.76,5824.96,2687.86,5.30859375,4204,334,BMAp,BMA,96,left,0
4205,4206,3,7557.86,5827.66,2687.66,2.44921875,4205,334,BMAp,BMA,96,left,0
4206,4207,3,7558.7,5829.06,2688.8,1.8671875,4206,334,BMAp,BMA,96,left,0
4207,4208,3,7559.92,5829.68,2690.0,0.4375,4207,334,BMAp,BMA,96,left,0
4208,4209,3,7561.28,5830.68,2690.36,0.58203125,4208,334,BMAp,BMA,96,left,0
4209,4210,3,7562.88,5831.76,2690.84,1.01953125,4209,334,BMAp,BMA,96,left,0
4210,4211,3,7563.64,5833.28,2691.54,0.9609375,4210,334,BMAp,BMA,96,left,0
4211,4212,3,7565.38,5833.76,2691.96,1.984375,4211,334,BMAp,BMA,96,left,0
4212,4213,3,7566.5,5835.84,2691.74,0.29296875,4212,334,BMAp,BMA,96,left,0
4213,4214,3,7566.26,5839.1,2691.5,1.6640625,4213,334,BMAp,BMA,96,left,0
4214,4215,3,7566.58,5841.44,2691.2,0.3515625,4214,334,BMAp,BMA,96,left,0
4215,4216,3,7567.56,5841.62,2691.64,0.671875,4215,334,BMAp,BMA,96,left,0
4216,4217,3,7568.04,5843.54,2692.6,0.234375,4216,334,BMAp,BMA,96,left,0
4217,4218,3,7568.2,5846.02,2693.48,0.73046875,4217,334,BMAp,BMA,96,left,0
4218,4219,3,7570.0,5846.18,2694.24,0.46484375,4218,334,BMAp,BMA,96,left,0
4219,4220,3,7570.92,5848.0,2695.24,0.5546875,4219,334,BMAp,BMA,96,left,0
4220,4221,3,7571.62,5849.7,2695.58,0.41015625,4220,334,BMAp,BMA,96,left,0
4221,4222,3,7573.16,5849.36,2696.24,0.4375,4221,334,BMAp,BMA,96,left,0
4222,4223,3,7573.48,5854.38,2695.3,4.8984375,4222,334,BMAp,BMA,96,left,0
4223,4224,3,7573.66,5856.28,2694.88,7.640625,4223,334,BMAp,BMA,96,left,0
4224,4225,3,7575.0,5856.3,2694.94,8.77734375,4224,334,BMAp,BMA,96,left,0
4225,4226,3,7576.92,5855.72,2696.7,1.57421875,4225,334,BMAp,BMA,96,left,0
4226,4227,3,7578.46,5856.52,2698.42,0.640625,4226,334,BMAp,BMA,96,left,0
4227,4228,3,7579.84,5857.58,2699.48,0.9609375,4227,334,BMAp,BMA,96,left,0
4228,4229,3,7582.14,5857.28,2700.08,0.3515625,4228,334,BMAp,BMA,96,left,0
4229,4230,3,7582.56,5857.94,2700.94,0.01171875,4229,334,BMAp,BMA,96,left,0
4230,4231,3,7582.3,5861.38,2700.7,0.61328125,4230,334,BMAp,BMA,96,left,0
4231,4232,3,7582.3,5862.3,2701.62,0.5234375,4231,334,BMAp,BMA,96,left,0
4232,4233,3,7583.3,5861.86,2702.78,7.7578125,4232,334,BMAp,BMA,96,left,0
4233,4234,3,7585.02,5861.3,2703.04,0.3515625,4233,334,BMAp,BMA,96,left,0
4234,4235,3,7586.42,5860.8,2703.58,0.46484375,4234,334,BMAp,BMA,96,left,0
4235,4236,3,7586.52,5862.38,2704.3,0.61328125,4235,334,BMAp,BMA,96,left,0
4236,4237,3,7586.36,5865.9,2704.48,0.46484375,4236,334,BMAp,BMA,96,left,0
4237,4238,3,7586.42,5866.32,2706.46,19.890625,4237,334,BMAp,BMA,96,left,0
4238,4239,3,7587.42,5865.84,2707.54,26.62890625,4238,334,BMAp,BMA,96,left,0
4239,4240,3,7589.2,5865.46,2708.0,0.58203125,4239,334,BMAp,BMA,96,left,0
4240,4241,3,7590.24,5866.74,2708.9,0.234375,4240,334,BMAp,BMA,96,left,0
4241,4242,3,7591.18,5868.52,2709.82,1.109375,4241,334,BMAp,BMA,96,left,0
4242,4243,3,7592.38,5870.7,2709.64,0.875,4242,334,BMAp,BMA,96,left,0
4243,4244,3,7594.08,5871.66,2709.82,35.26171875,4243,334,BMAp,BMA,96,left,0
4244,4245,3,7596.82,5871.2,2710.12,0.49609375,4244,334,BMAp,BMA,96,left,0
4245,4246,3,7598.6,5871.5,2710.12,0.41015625,4245,334,BMAp,BMA,96,left,1
4246,4247,3,7383.88,5822.8,2531.3,0.01171875,2466,303,BLAa,BLA,97,left,0
4247,4248,3,7381.58,5824.9,2530.66,4.19921875,4247,303,BLAa,BLA,97,left,0
4248,4249,3,7380.58,5827.98,2529.92,16.390625,4248,303,BLAa,BLA,97,left,0
4249,4250,3,7379.3,5829.92,2529.4,15.37109375,4249,303,BLAa,BLA,97,left,0
4250,4251,3,7378.0,5834.1,2528.48,0.7578125,4250,303,BLAa,BLA,97,left,0
4251,4252,3,7377.86,5836.36,2528.52,0.49609375,4251,303,BLAa,BLA,97,left,0
4252,4253,3,7375.62,5838.22,2528.24,0.46484375,4252,303,BLAa,BLA,97,left,0
4253,4254,3,7373.32,5839.16,2527.86,34.09765625,4253,303,BLAa,BLA,97,left,0
4254,4255,3,7371.48,5843.9,2526.7,0.73046875,4254,303,BLAa,BLA,97,left,0
4255,4256,3,7370.42,5847.0,2525.98,0.41015625,4255,303,BLAa,BLA,97,left,0
4256,4257,3,7368.0,5849.18,2525.32,0.4375,4256,303,BLAa,BLA,97,left,0
4257,4258,3,7366.02,5850.98,2524.8,1.75,4257,303,BLAa,BLA,97,left,0
4258,4259,3,7364.86,5853.34,2524.2,0.5234375,4258,303,BLAa,BLA,97,left,0
4259,4260,3,7363.12,5856.16,2523.78,0.41015625,4259,303,BLAa,BLA,97,left,0
4260,4261,3,7362.42,5859.18,2523.9,0.5546875,4260,303,BLAa,BLA,97,left,0
4261,4262,3,7360.94,5863.28,2523.18,0.69921875,4261,303,BLAa,BLA,97,left,0
4262,4263,3,7359.78,5866.16,2522.68,0.46484375,4262,303,BLAa,BLA,97,left,0
4263,4264,3,7357.66,5868.16,2522.36,0.41015625,4263,303,BLAa,BLA,97,left,0
4264,4265,3,7355.36,5870.4,2521.32,0.4375,4264,303,BLAa,BLA,97,left,0
4265,4266,3,7353.32,5872.36,2520.18,0.17578125,4265,303,BLAa,BLA,97,left,0
4266,4267,3,7351.74,5874.32,2519.74,0.00390625,4266,303,BLAa,BLA,97,left,0
4267,4268,3,7349.68,5875.74,2519.02,0.5546875,4267,303,BLAa,BLA,97,left,0
4268,4269,3,7346.62,5877.08,2517.44,0.73046875,4268,303,BLAa,BLA,97,left,0
4269,4270,3,7345.28,5877.76,2516.48,0.203125,4269,303,BLAa,BLA,97,left,0
4270,4271,3,7342.58,5879.2,2515.74,0.7890625,4270,303,BLAa,BLA,97,left,0
4271,4272,3,7340.56,5880.68,2514.98,0.90234375,4271,303,BLAa,BLA,97,left,0
4272,4273,3,7338.2,5882.28,2514.46,0.5234375,4272,303,BLAa,BLA,97,left,0
4273,4274,3,7336.24,5883.8,2514.0,0.81640625,4273,303,BLAa,BLA,97,left,0
4274,4275,3,7333.16,5885.26,2513.5,0.3203125,4274,303,BLAa,BLA,97,left,0
4275,4276,3,7331.0,5887.1,2512.96,0.4375,4275,303,BLAa,BLA,97,left,0
4276,4277,3,7328.22,5889.88,2512.22,0.3515625,4276,303,BLAa,BLA,97,left,0
4277,4278,3,7326.36,5891.48,2511.88,0.29296875,4277,303,BLAa,BLA,97,left,0
4278,4279,3,7324.26,5892.3,2512.26,1.28515625,4278,303,BLAa,BLA,97,left,0
4279,4280,3,7322.32,5893.14,2512.28,1.60546875,4279,303,BLAa,BLA,97,left,0
4280,4281,3,7321.88,5893.62,2513.8,1.4296875,4280,303,BLAa,BLA,97,left,0
4281,4282,3,7320.96,5895.4,2514.32,15.2265625,4281,303,BLAa,BLA,97,left,0
4282,4283,3,7320.86,5898.74,2513.94,0.37890625,4282,303,BLAa,BLA,97,left,0
4283,4284,3,7320.76,5901.84,2514.5,0.81640625,4283,303,BLAa,BLA,97,left,0
4284,4285,3,7319.94,5903.4,2515.24,0.46484375,4284,303,BLAa,BLA,97,left,0
4285,4286,3,7319.2,5905.78,2514.92,0.640625,4285,303,BLAa,BLA,97,left,0
4286,4287,3,7317.44,5907.22,2514.54,0.41015625,4286,303,BLAa,BLA,97,left,0
4287,4288,3,7315.32,5908.0,2514.24,0.3515625,4287,303,BLAa,BLA,97,left,0
4288,4289,3,7313.7,5908.3,2514.08,0.41015625,4288,303,BLAa,BLA,97,left,0
4289,4290,3,7311.82,5908.42,2515.58,0.00390625,4289,303,BLAa,BLA,97,left,0
4290,4291,3,7309.54,5908.68,2517.68,0.93359375,4290,303,BLAa,BLA,97,left,0
4291,4292,3,7308.36,5909.04,2519.1,0.5546875,4291,303,BLAa,BLA,97,left,0
4292,4293,3,7305.8,5910.12,2519.56,0.46484375,4292,303,BLAa,BLA,97,left,0
4293,4294,3,7304.92,5911.14,2520.68,0.7578125,4293,303,BLAa,BLA,97,left,0
4294,4295,3,7302.22,5912.16,2520.72,0.61328125,4294,303,BLAa,BLA,97,left,0
4295,4296,3,7300.76,5913.44,2520.92,0.46484375,4295,303,BLAa,BLA,97,left,0
4296,4297,3,7300.78,5915.72,2521.42,0.4375,4296,303,BLAa,BLA,97,left,0
4297,4298,3,7299.5,5917.94,2521.76,0.671875,4297,303,BLAa,BLA,97,left,0
4298,4299,3,7297.68,5919.3,2522.26,0.69921875,4298,303,BLAa,BLA,97,left,0
4299,4300,3,7295.84,5920.46,2522.38,0.46484375,4299,303,BLAa,BLA,97,left,0
4300,4301,3,7293.26,5921.98,2522.68,0.5234375,4300,303,BLAa,BLA,97,left,0
4301,4302,3,7290.52,5923.0,2522.56,0.3515625,4301,303,BLAa,BLA,97,left,0
4302,4303,3,7289.74,5926.2,2521.22,0.00390625,4302,303,BLAa,BLA,97,left,0
4303,4304,3,7288.14,5927.72,2520.76,0.29296875,4303,303,BLAa,BLA,97,left,0
4304,4305,3,7287.5,5930.18,2520.58,0.26171875,4304,303,BLAa,BLA,97,left,0
4305,4306,3,7285.88,5932.96,2520.1,0.90234375,4305,303,BLAa,BLA,97,left,0
4306,4307,3,7285.42,5936.0,2519.54,0.37890625,4306,303,BLAa,BLA,97,left,0
4307,4308,3,7283.9,5937.74,2519.14,0.29296875,4307,303,BLAa,BLA,97,left,0
4308,4309,3,7281.38,5939.22,2518.46,0.3515625,4308,303,BLAa,BLA,97,left,0
4309,4310,3,7280.14,5941.66,2516.92,0.41015625,4309,303,BLAa,BLA,97,left,0
4310,4311,3,7278.98,5944.52,2514.14,0.61328125,4310,303,BLAa,BLA,97,left,0
4311,4312,3,7278.28,5946.5,2512.62,0.58203125,4311,311,BLAp,BLA,97,left,0
4312,4313,3,7278.22,5949.42,2510.26,0.29296875,4312,311,BLAp,BLA,97,left,0
4313,4314,3,7278.24,5951.6,2509.24,0.4375,4313,311,BLAp,BLA,97,left,0
4314,4315,3,7278.26,5954.44,2507.62,0.01171875,4314,311,BLAp,BLA,97,left,0
4315,4316,3,7278.28,5957.3,2505.26,0.5234375,4315,311,BLAp,BLA,97,left,0
4316,4317,3,7278.22,5958.62,2502.58,0.49609375,4316,311,BLAp,BLA,97,left,0
4317,4318,3,7279.2,5958.92,2500.84,0.3515625,4317,311,BLAp,BLA,97,left,0
4318,4319,3,7280.38,5959.14,2500.34,0.5546875,4318,311,BLAp,BLA,97,left,0
4319,4320,3,7280.6,5961.22,2498.96,0.7890625,4319,311,BLAp,BLA,97,left,0
4320,4321,3,7280.6,5964.0,2496.4,0.69921875,4320,311,BLAp,BLA,97,left,0
4321,4322,3,7280.58,5966.1,2494.28,0.640625,4321,311,BLAp,BLA,97,left,0
4322,4323,3,7280.86,5967.88,2492.08,0.81640625,4322,311,BLAp,BLA,97,left,0
4323,4324,3,7282.6,5968.16,2491.48,0.5234375,4323,311,BLAp,BLA,97,left,0
4324,4325,3,7284.94,5969.18,2490.6,0.41015625,4324,311,BLAp,BLA,97,left,0
4325,4326,3,7286.92,5970.22,2489.88,0.26171875,4325,311,BLAp,BLA,97,left,0
4326,4327,3,7287.78,5971.42,2488.38,0.29296875,4326,311,BLAp,BLA,97,left,0
4327,4328,3,7288.32,5973.04,2486.18,0.61328125,4327,311,BLAp,BLA,97,left,0
4328,4329,3,7289.96,5973.64,2484.94,0.3515625,4328,311,BLAp,BLA,97,left,0
4329,4330,3,7292.66,5973.92,2484.32,0.234375,4329,311,BLAp,BLA,97,left,0
4330,4331,3,7294.6,5974.52,2483.74,0.7890625,4330,311,BLAp,BLA,97,left,0
4331,4332,3,7296.0,5974.8,2482.82,6.26953125,4331,311,BLAp,BLA,97,left,0
4332,4333,3,7298.58,5974.58,2482.22,0.3515625,4332,311,BLAp,BLA,97,left,0
4333,4334,3,7300.4,5974.84,2481.08,0.5234375,4333,311,BLAp,BLA,97,left,0
4334,4335,3,7302.88,5975.02,2480.22,0.93359375,4334,311,BLAp,BLA,97,left,0
4335,4336,3,7304.98,5976.02,2479.38,0.234375,4335,311,BLAp,BLA,97,left,0
4336,4337,3,7307.38,5976.6,2478.28,0.17578125,4336,311,BLAp,BLA,97,left,0
4337,4338,3,7310.34,5976.36,2476.96,0.81640625,4337,311,BLAp,BLA,97,left,0
4338,4339,3,7312.36,5976.2,2475.9,0.73046875,4338,311,BLAp,BLA,97,left,0
4339,4340,3,7315.48,5975.52,2475.36,0.41015625,4339,311,BLAp,BLA,97,left,0
4340,4341,3,7316.7,5975.78,2474.16,0.015625,4340,311,BLAp,BLA,97,left,0
4341,4342,3,7319.36,5975.36,2472.98,0.3515625,4341,311,BLAp,BLA,97,left,0
4342,4343,3,7321.42,5974.94,2471.54,0.17578125,4342,311,BLAp,BLA,97,left,0
4343,4344,3,7323.42,5975.34,2470.44,0.41015625,4343,311,BLAp,BLA,97,left,0
4344,4345,3,7326.2,5976.9,2468.56,0.4375,4344,311,BLAp,BLA,97,left,0
4345,4346,3,7328.38,5977.9,2466.96,0.29296875,4345,311,BLAp,BLA,97,left,0
4346,4347,3,7329.3,5980.02,2465.06,0.58203125,4346,311,BLAp,BLA,97,left,0
4347,4348,3,7332.04,5980.86,2464.2,0.5234375,4347,311,BLAp,BLA,97,left,0
4348,4349,3,7333.86,5981.6,2463.72,0.41015625,4348,311,BLAp,BLA,97,left,0
4349,4350,3,7335.76,5982.08,2462.48,0.5546875,4349,311,BLAp,BLA,97,left,0
4350,4351,3,7336.9,5982.9,2461.0,0.17578125,4350,311,BLAp,BLA,97,left,0
4351,4352,3,7337.66,5984.3,2458.36,0.46484375,4351,311,BLAp,BLA,97,left,0
4352,4353,3,7339.74,5985.26,2456.62,3.44140625,4352,311,BLAp,BLA,97,left,0
4353,4354,3,7341.34,5985.56,2455.28,0.3515625,4353,311,BLAp,BLA,97,left,0
4354,4355,3,7344.36,5985.2,2454.88,0.3203125,4354,311,BLAp,BLA,97,left,0
4355,4356,3,7346.7,5986.52,2453.5,0.46484375,4355,311,BLAp,BLA,97,left,0
4356,4357,3,7347.78,5988.64,2452.2,0.5234375,4356,311,BLAp,BLA,97,left,0
4357,4358,3,7349.44,5989.56,2450.88,0.37890625,4357,311,BLAp,BLA,97,left,0
4358,4359,3,7351.32,5989.48,2449.64,0.5546875,4358,311,BLAp,BLA,97,left,0
4359,4360,3,7353.1,5989.28,2449.08,0.3515625,4359,311,BLAp,BLA,97,left,0
4360,4361,3,7353.64,5989.62,2446.14,0.5546875,4360,311,BLAp,BLA,97,left,0
4361,4362,3,7353.96,5989.8,2444.6,0.3515625,4361,311,BLAp,BLA,97,left,0
4362,4363,3,7355.86,5989.56,2444.18,0.3203125,4362,311,BLAp,BLA,97,left,0
4363,4364,3,7357.22,5989.92,2441.36,0.58203125,4363,311,BLAp,BLA,97,left,0
4364,4365,3,7357.94,5990.64,2439.28,0.81640625,4364,311,BLAp,BLA,97,left,0
4365,4366,3,7358.2,5991.62,2435.58,0.7578125,4365,311,BLAp,BLA,97,left,0
4366,4367,3,7358.54,5991.78,2434.06,0.81640625,4366,311,BLAp,BLA,97,left,0
4367,4368,3,7360.74,5991.54,2433.5,0.4375,4367,311,BLAp,BLA,97,left,0
4368,4369,3,7363.86,5991.22,2432.5,0.3515625,4368,311,BLAp,BLA,97,left,0
4369,4370,3,7364.86,5991.22,2431.38,0.3515625,4369,311,BLAp,BLA,97,left,0
4370,4371,3,7366.24,5991.6,2427.48,1.109375,4370,311,BLAp,BLA,97,left,0
4371,4372,3,7366.76,5991.66,2426.1,0.7578125,4371,311,BLAp,BLA,97,left,0
4372,4373,3,7368.72,5990.96,2425.66,0.203125,4372,311,BLAp,BLA,97,left,0
4373,4374,3,7369.66,5990.12,2424.52,0.69921875,4373,311,BLAp,BLA,97,left,0
4374,4375,3,7370.0,5989.98,2421.88,0.3515625,4374,311,BLAp,BLA,97,left,0
4375,4376,3,7370.64,5989.0,2420.5,0.41015625,4375,311,BLAp,BLA,97,left,0
4376,4377,3,7242.48,5721.26,2348.62,0.04296875,2557,311,BLAp,BLA,98,left,0
4377,4378,3,7242.82,5719.5,2347.06,0.46484375,4377,311,BLAp,BLA,98,left,0
4378,4379,3,7243.68,5718.46,2345.44,0.69921875,4378,311,BLAp,BLA,98,left,0
4379,4380,3,7245.38,5717.68,2344.56,0.17578125,4379,311,BLAp,BLA,98,left,0
4380,4381,3,7245.9,5716.12,2343.18,1.25390625,4380,311,BLAp,BLA,98,left,0
4381,4382,3,7246.08,5713.22,2342.1,0.26171875,4381,311,BLAp,BLA,98,left,0
4382,4383,3,7246.78,5711.2,2341.16,0.640625,4382,311,BLAp,BLA,98,left,0
4383,4384,3,7246.72,5708.1,2339.44,0.671875,4383,311,BLAp,BLA,98,left,0
4384,4385,3,7246.58,5706.04,2338.08,0.7578125,4384,311,BLAp,BLA,98,left,0
4385,4386,3,7246.38,5704.62,2335.48,0.5234375,4385,311,BLAp,BLA,98,left,0
4386,4387,3,7246.28,5702.74,2333.58,0.234375,4386,311,BLAp,BLA,98,left,0
4387,4388,3,7246.82,5701.26,2332.8,0.17578125,4387,311,BLAp,BLA,98,left,0
4388,4389,3,7247.26,5698.18,2331.82,0.61328125,4388,311,BLAp,BLA,98,left,0
4389,4390,3,7247.1,5695.52,2330.32,0.29296875,4389,311,BLAp,BLA,98,left,0
4390,4391,3,7247.08,5694.12,2328.62,0.640625,4390,311,BLAp,BLA,98,left,0
4391,4392,3,7247.86,5693.64,2327.28,0.5234375,4391,311,BLAp,BLA,98,left,0
4392,4393,3,7249.92,5692.66,2327.16,0.3515625,4392,311,BLAp,BLA,98,left,0
4393,4394,3,7252.62,5692.22,2327.26,0.3203125,4393,311,BLAp,BLA,98,left,0
4394,4395,3,7253.3,5691.58,2326.02,0.3515625,4394,311,BLAp,BLA,98,left,0
4395,4396,3,7254.88,5690.5,2324.98,0.5234375,4395,311,BLAp,BLA,98,left,0
4396,4397,3,7255.84,5687.78,2325.0,0.3515625,4396,311,BLAp,BLA,98,left,0
4397,4398,3,7257.42,5686.06,2325.26,0.17578125,4397,311,BLAp,BLA,98,left,1
4398,4399,3,7243.4,5722.22,2348.12,0.01953125,2557,311,BLAp,BLA,99,left,0
4399,4400,3,7243.8,5724.96,2345.3,0.61328125,4399,311,BLAp,BLA,99,left,0
4400,4401,3,7244.6,5727.56,2342.5,0.46484375,4400,311,BLAp,BLA,99,left,0
4401,4402,3,7245.36,5729.82,2340.14,0.41015625,4401,311,BLAp,BLA,99,left,0
4402,4403,3,7247.76,5730.34,2339.48,0.37890625,4402,311,BLAp,BLA,99,left,0
4403,4404,3,7248.96,5730.68,2337.84,0.234375,4403,311,BLAp,BLA,99,left,0
4404,4405,3,7250.66,5731.8,2336.48,0.3515625,4404,311,BLAp,BLA,99,left,0
4405,4406,3,7250.9,5733.9,2334.7,0.3515625,4405,311,BLAp,BLA,99,left,0
4406,4407,3,7251.26,5736.76,2331.88,0.61328125,4406,311,BLAp,BLA,99,left,0
4407,4408,3,7251.92,5738.36,2329.86,0.4375,4407,311,BLAp,BLA,99,left,0
4408,4409,3,7251.9,5741.38,2325.9,0.5234375,4408,311,BLAp,BLA,99,left,0
4409,4410,3,7251.84,5742.24,2324.1,0.4375,4409,311,BLAp,BLA,99,left,1
4410,4411,3,7449.08,5945.44,2708.58,0.00390625,2683,334,BMAp,BMA,100,left,0
4411,4412,3,7450.3,5946.04,2707.66,0.46484375,4411,334,BMAp,BMA,100,left,0
4412,4413,3,7450.54,5948.46,2704.7,0.49609375,4412,334,BMAp,BMA,100,left,0
4413,4414,3,7452.08,5948.94,2704.08,0.5546875,4413,334,BMAp,BMA,100,left,0
4414,4415,3,7453.58,5949.34,2702.98,0.46484375,4414,334,BMAp,BMA,100,left,0
4415,4416,3,7453.88,5951.02,2701.04,0.17578125,4415,334,BMAp,BMA,100,left,0
4416,4417,3,7454.76,5953.06,2699.18,0.41015625,4416,334,BMAp,BMA,100,left,0
4417,4418,3,7456.32,5955.28,2697.76,0.90234375,4417,334,BMAp,BMA,100,left,0
4418,4419,3,7456.86,5957.52,2697.18,0.7578125,4418,334,BMAp,BMA,100,left,0
4419,4420,3,7458.4,5958.32,2696.56,0.4375,4419,334,BMAp,BMA,100,left,0
4420,4421,3,7461.84,5958.2,2695.54,0.4375,4420,334,BMAp,BMA,100,left,0
4421,4422,3,7463.56,5957.9,2694.48,0.49609375,4421,334,BMAp,BMA,100,left,0
4422,4423,3,7465.74,5957.22,2693.98,0.26171875,4422,334,BMAp,BMA,100,left,0
4423,4424,3,7467.22,5955.96,2693.98,0.41015625,4423,334,BMAp,BMA,100,left,0
4424,4425,3,7469.82,5954.48,2693.72,0.5234375,4424,334,BMAp,BMA,100,left,0
4425,4426,3,7470.98,5953.32,2693.08,0.58203125,4425,334,BMAp,BMA,100,left,0
4426,4427,3,7472.86,5952.14,2692.26,0.3515625,4426,334,BMAp,BMA,100,left,0
4427,4428,3,7474.92,5951.64,2692.04,0.3515625,4427,334,BMAp,BMA,100,left,0
4428,4429,3,7475.54,5951.6,2691.08,0.58203125,4428,334,BMAp,BMA,100,left,1
4429,4430,3,7449.34,5944.88,2711.62,0.015625,2683,334,BMAp,BMA,101,left,0
4430,4431,3,7449.46,5947.9,2711.78,0.46484375,4430,334,BMAp,BMA,101,left,0
4431,4432,3,7451.12,5949.24,2712.1,0.37890625,4431,334,BMAp,BMA,101,left,0
4432,4433,3,7453.48,5949.32,2712.76,0.4375,4432,334,BMAp,BMA,101,left,0
4433,4434,3,7454.24,5951.3,2713.48,0.46484375,4433,334,BMAp,BMA,101,left,0
4434,4435,3,7455.86,5952.16,2714.04,0.41015625,4434,334,BMAp,BMA,101,left,0
4435,4436,3,7456.92,5953.96,2714.64,0.5546875,4435,334,BMAp,BMA,101,left,0
4436,4437,3,7458.26,5954.82,2715.0,0.61328125,4436,334,BMAp,BMA,101,left,0
4437,4438,3,7459.14,5956.8,2716.4,0.17578125,4437,334,BMAp,BMA,101,left,0
4438,4439,3,7460.24,5958.64,2717.26,0.4375,4438,334,BMAp,BMA,101,left,0
4439,4440,3,7461.46,5961.84,2718.3,0.3515625,4439,334,BMAp,BMA,101,left,0
4440,4441,3,7462.48,5963.58,2719.6,0.4375,4440,334,BMAp,BMA,101,left,0
4441,4442,3,7462.92,5965.06,2721.14,0.7578125,4441,334,BMAp,BMA,101,left,0
4442,4443,3,7463.34,5965.92,2723.38,0.61328125,4442,334,BMAp,BMA,101,left,0
4443,4444,3,7465.14,5965.4,2724.46,0.4375,4443,334,BMAp,BMA,101,left,0
4444,4445,3,7466.74,5964.66,2728.54,0.61328125,4444,334,BMAp,BMA,101,left,0
4445,4446,3,7467.48,5964.14,2730.36,0.37890625,4445,334,BMAp,BMA,101,left,0
4446,4447,3,7468.1,5963.08,2735.9,0.37890625,4446,334,BMAp,BMA,101,left,0
4447,4448,3,7468.16,5962.98,2737.18,0.4375,4447,334,BMAp,BMA,101,left,1
4448,4449,3,7324.26,5898.76,2700.84,0.3515625,2704,303,BLAa,BLA,102,left,0
4449,4450,3,7322.98,5897.2,2703.8,0.234375,4449,303,BLAa,BLA,102,left,0
4450,4451,3,7321.64,5896.78,2705.06,0.234375,4450,303,BLAa,BLA,102,left,0
4451,4452,3,7321.6,5896.42,2707.88,0.4375,4451,303,BLAa,BLA,102,left,0
4452,4453,3,7321.66,5896.92,2709.3,0.81640625,4452,303,BLAa,BLA,102,left,0
4453,4454,3,7321.8,5897.64,2712.2,0.3203125,4453,303,BLAa,BLA,102,left,0
4454,4455,3,7321.72,5898.22,2714.84,0.5234375,4454,303,BLAa,BLA,102,left,0
4455,4456,3,7320.84,5899.58,2716.36,0.671875,4455,303,BLAa,BLA,102,left,0
4456,4457,3,7320.06,5900.9,2718.48,0.49609375,4456,303,BLAa,BLA,102,left,0
4457,4458,3,7318.62,5901.82,2719.52,0.5546875,4457,303,BLAa,BLA,102,left,0
4458,4459,3,7318.22,5902.04,2721.84,0.640625,4458,303,BLAa,BLA,102,left,0
4459,4460,3,7316.78,5903.24,2722.26,0.4375,4459,303,BLAa,BLA,102,left,0
4460,4461,3,7316.12,5905.54,2723.0,3.0625,4460,334,BMAp,BMA,102,left,0
4461,4462,3,7316.18,5906.72,2724.88,0.3203125,4461,334,BMAp,BMA,102,left,0
4462,4463,3,7316.28,5907.8,2727.02,0.5234375,4462,334,BMAp,BMA,102,left,0
4463,4464,3,7315.24,5909.52,2727.14,0.5234375,4463,334,BMAp,BMA,102,left,0
4464,4465,3,7313.02,5911.0,2726.9,0.4375,4464,334,BMAp,BMA,102,left,0
4465,4466,3,7312.64,5911.92,2728.52,0.3203125,4465,334,BMAp,BMA,102,left,0
4466,4467,3,7312.76,5912.34,2730.72,0.29296875,4466,334,BMAp,BMA,102,left,0
4467,4468,3,7312.38,5914.44,2730.9,0.49609375,4467,334,BMAp,BMA,102,left,0
4468,4469,3,7310.88,5915.78,2730.84,0.17578125,4468,334,BMAp,BMA,102,left,0
4469,4470,3,7310.28,5918.9,2731.9,0.00390625,4469,334,BMAp,BMA,102,left,0
4470,4471,3,7309.24,5920.88,2733.18,0.37890625,4470,334,BMAp,BMA,102,left,0
4471,4472,3,7309.12,5923.36,2734.5,0.3515625,4471,334,BMAp,BMA,102,left,0
4472,4473,3,7309.12,5925.5,2735.52,0.5546875,4472,334,BMAp,BMA,102,left,0
4473,4474,3,7309.14,5928.6,2736.7,0.5546875,4473,334,BMAp,BMA,102,left,0
4474,4475,3,7309.12,5931.44,2736.8,0.26171875,4474,334,BMAp,BMA,102,left,0
4475,4476,3,7309.0,5935.24,2736.74,0.49609375,4475,334,BMAp,BMA,102,left,0
4476,4477,3,7308.32,5937.34,2737.18,0.17578125,4476,334,BMAp,BMA,102,left,0
4477,4478,3,7307.86,5940.78,2737.92,0.640625,4477,334,BMAp,BMA,102,left,0
4478,4479,3,7307.84,5943.86,2738.34,0.49609375,4478,334,BMAp,BMA,102,left,0
4479,4480,3,7308.52,5948.04,2738.48,0.3515625,4479,334,BMAp,BMA,102,left,0
4480,4481,3,7308.96,5951.64,2738.4,0.5234375,4480,334,BMAp,BMA,102,left,0
4481,4482,3,7309.56,5953.94,2738.24,0.3515625,4481,334,BMAp,BMA,102,left,0
4482,4483,3,7310.76,5953.92,2738.28,0.3515625,4482,334,BMAp,BMA,102,left,0
4483,4484,3,7311.32,5959.4,2737.38,0.234375,4483,334,BMAp,BMA,102,left,0
4484,4485,3,7311.32,5961.18,2737.1,0.3515625,4484,334,BMAp,BMA,102,left,1
4485,4486,3,7324.18,5900.0,2696.08,0.640625,2704,303,BLAa,BLA,103,left,0
4486,4487,3,7322.28,5901.0,2696.04,0.58203125,4486,303,BLAa,BLA,103,left,0
4487,4488,3,7320.86,5903.34,2696.42,0.4375,4487,303,BLAa,BLA,103,left,0
4488,4489,3,7320.64,5905.66,2697.06,0.61328125,4488,303,BLAa,BLA,103,left,0
4489,4490,3,7319.78,5906.72,2697.62,0.5546875,4489,303,BLAa,BLA,103,left,0
4490,4491,3,7319.66,5908.42,2698.78,0.3203125,4490,303,BLAa,BLA,103,left,0
4491,4492,3,7321.72,5909.92,2699.4,0.00390625,4491,303,BLAa,BLA,103,left,0
4492,4493,3,7322.02,5912.76,2699.08,0.73046875,4492,303,BLAa,BLA,103,left,0
4493,4494,3,7323.06,5913.9,2698.92,3.03515625,4493,303,BLAa,BLA,103,left,0
4494,4495,3,7325.08,5913.56,2699.06,0.7578125,4494,334,BMAp,BMA,103,left,0
4495,4496,3,7327.3,5913.18,2698.4,1.2265625,4495,334,BMAp,BMA,103,left,0
4496,4497,3,7328.82,5913.38,2696.92,0.5234375,4496,334,BMAp,BMA,103,left,0
4497,4498,3,7329.92,5914.24,2694.8,0.4375,4497,303,BLAa,BLA,103,left,0
4498,4499,3,7331.64,5914.48,2693.68,0.4375,4498,303,BLAa,BLA,103,left,0
4499,4500,3,7333.44,5914.9,2693.36,0.17578125,4499,303,BLAa,BLA,103,left,0
4500,4501,3,7334.74,5916.84,2692.8,0.37890625,4500,334,BMAp,BMA,103,left,0
4501,4502,3,7336.96,5917.1,2692.52,0.4375,4501,334,BMAp,BMA,103,left,0
4502,4503,3,7339.16,5919.3,2691.38,0.00390625,4502,334,BMAp,BMA,103,left,0
4503,4504,3,7340.04,5921.58,2690.74,12.39453125,4503,334,BMAp,BMA,103,left,0
4504,4505,3,7341.92,5922.04,2690.1,0.49609375,4504,334,BMAp,BMA,103,left,0
4505,4506,3,7344.46,5921.84,2689.12,0.640625,4505,334,BMAp,BMA,103,left,0
4506,4507,3,7346.7,5921.08,2688.7,0.37890625,4506,334,BMAp,BMA,103,left,0
4507,4508,3,7347.78,5924.12,2687.38,0.0078125,4507,334,BMAp,BMA,103,left,0
4508,4509,3,7349.36,5925.32,2686.3,0.41015625,4508,334,BMAp,BMA,103,left,0
4509,4510,3,7349.78,5925.36,2684.98,0.5234375,4509,334,BMAp,BMA,103,left,0
4510,4511,3,7351.5,5925.08,2684.18,0.5546875,4510,334,BMAp,BMA,103,left,0
4511,4512,3,7353.98,5924.06,2684.04,0.234375,4511,334,BMAp,BMA,103,left,0
4512,4513,3,7354.76,5922.1,2683.64,0.61328125,4512,334,BMAp,BMA,103,left,0
4513,4514,3,7356.56,5920.14,2682.94,0.671875,4513,334,BMAp,BMA,103,left,0
4514,4515,3,7358.98,5918.5,2682.82,0.37890625,4514,334,BMAp,BMA,103,left,0
4515,4516,3,7360.5,5917.2,2683.02,0.3515625,4515,334,BMAp,BMA,103,left,0
4516,4517,3,7360.62,5916.16,2682.74,0.0078125,4516,334,BMAp,BMA,103,left,0
4517,4518,3,7360.94,5907.28,2684.02,0.4375,4517,334,BMAp,BMA,103,left,0
4518,4519,3,7361.22,5905.12,2684.44,0.37890625,4518,334,BMAp,BMA,103,left,0
4519,4520,3,7362.72,5903.7,2684.6,0.4375,4519,334,BMAp,BMA,103,left,0
4520,4521,3,7364.4,5901.56,2684.28,0.46484375,4520,334,BMAp,BMA,103,left,0
4521,4522,3,7365.36,5901.26,2683.42,1.57421875,4521,334,BMAp,BMA,103,left,0
4522,4523,3,7367.7,5900.76,2683.4,1.05078125,4522,334,BMAp,BMA,103,left,0
4523,4524,3,7370.02,5900.3,2682.94,1.1953125,4523,334,BMAp,BMA,103,left,0
4524,4525,3,7371.94,5900.02,2681.84,8.2265625,4524,334,BMAp,BMA,103,left,0
4525,4526,3,7373.4,5900.34,2679.2,0.17578125,4525,334,BMAp,BMA,103,left,0
4526,4527,3,7374.74,5900.36,2677.92,0.41015625,4526,334,BMAp,BMA,103,left,0
4527,4528,3,7377.26,5899.44,2678.06,0.03515625,4527,334,BMAp,BMA,103,left,0
4528,4529,3,7379.34,5897.44,2678.54,0.3515625,4528,334,BMAp,BMA,103,left,0
4529,4530,3,7381.96,5895.08,2679.22,0.3203125,4529,334,BMAp,BMA,103,left,0
4530,4531,3,7383.14,5892.24,2680.12,1.16796875,4530,334,BMAp,BMA,103,left,0
4531,4532,3,7384.12,5886.66,2681.28,0.73046875,4531,334,BMAp,BMA,103,left,0
4532,4533,3,7384.62,5884.02,2681.84,0.234375,4532,303,BLAa,BLA,103,left,0
4533,4534,3,7386.02,5880.66,2683.1,0.49609375,4533,334,BMAp,BMA,103,left,0
4534,4535,3,7387.8,5877.04,2684.54,0.90234375,4534,334,BMAp,BMA,103,left,0
4535,4536,3,7389.78,5875.26,2685.08,0.640625,4535,334,BMAp,BMA,103,left,0
4536,4537,3,7392.76,5874.22,2685.46,1.109375,4536,303,BLAa,BLA,103,left,0
4537,4538,3,7396.1,5873.2,2685.84,0.37890625,4537,334,BMAp,BMA,103,left,0
4538,4539,3,7398.32,5872.28,2686.14,0.93359375,4538,334,BMAp,BMA,103,left,0
4539,4540,3,7400.64,5870.44,2686.52,0.69921875,4539,334,BMAp,BMA,103,left,0
4540,4541,3,7401.92,5869.4,2686.52,0.29296875,4540,334,BMAp,BMA,103,left,0
4541,4542,3,7403.14,5866.9,2686.5,0.69921875,4541,334,BMAp,BMA,103,left,0
4542,4543,3,7403.26,5864.7,2686.14,4.66796875,4542,303,BLAa,BLA,103,left,0
4543,4544,3,7403.88,5863.42,2684.9,1.48828125,4543,303,BLAa,BLA,103,left,0
4544,4545,3,7405.5,5861.32,2685.06,0.5546875,4544,334,BMAp,BMA,103,left,0
4545,4546,3,7406.2,5859.28,2683.78,1.25390625,4545,334,BMAp,BMA,103,left,0
4546,4547,3,7407.16,5858.76,2682.62,0.4375,4546,334,BMAp,BMA,103,left,0
4547,4548,3,7409.8,5857.32,2682.5,0.4375,4547,334,BMAp,BMA,103,left,0
4548,4549,3,7411.56,5855.86,2682.68,0.49609375,4548,334,BMAp,BMA,103,left,0
4549,4550,3,7411.92,5854.88,2682.0,0.69921875,4549,303,BLAa,BLA,103,left,0
4550,4551,3,7411.76,5854.86,2679.0,1.6328125,4550,303,BLAa,BLA,103,left,0
4551,4552,3,7411.68,5855.02,2677.74,2.9453125,4551,334,BMAp,BMA,103,left,0
4552,4553,3,7414.98,5853.34,2678.04,0.0546875,4552,303,BLAa,BLA,103,left,0
4553,4554,3,7415.46,5851.28,2677.88,0.640625,4553,303,BLAa,BLA,103,left,0
4554,4555,3,7415.68,5847.76,2677.9,0.46484375,4554,303,BLAa,BLA,103,left,0
4555,4556,3,7415.78,5845.98,2677.7,0.17578125,4555,303,BLAa,BLA,103,left,0
4556,4557,3,7417.56,5844.94,2677.82,0.58203125,4556,303,BLAa,BLA,103,left,0
4557,4558,3,7420.14,5843.88,2677.94,0.17578125,4557,303,BLAa,BLA,103,left,0
4558,4559,3,7420.76,5841.94,2677.38,0.46484375,4558,303,BLAa,BLA,103,left,0
4559,4560,3,7421.26,5838.34,2676.56,2.24609375,4559,303,BLAa,BLA,103,left,0
4560,4561,3,7422.08,5837.02,2676.4,0.61328125,4560,303,BLAa,BLA,103,left,0
4561,4562,3,7422.16,5836.42,2674.52,0.234375,4561,303,BLAa,BLA,103,left,0
4562,4563,3,7422.22,5834.98,2673.92,0.73046875,4562,303,BLAa,BLA,103,left,0
4563,4564,3,7422.36,5832.26,2672.94,16.33203125,4563,303,BLAa,BLA,103,left,0
4564,4565,3,7422.4,5830.84,2672.16,0.93359375,4564,303,BLAa,BLA,103,left,0
4565,4566,3,7423.52,5829.94,2671.94,6.0390625,4565,303,BLAa,BLA,103,left,0
4566,4567,3,7426.6,5828.22,2671.32,0.37890625,4566,303,BLAa,BLA,103,left,0
4567,4568,3,7428.08,5826.48,2670.46,0.37890625,4567,303,BLAa,BLA,103,left,0
4568,4569,3,7431.42,5823.9,2670.26,0.4375,4568,303,BLAa,BLA,103,left,0
4569,4570,3,7433.02,5821.86,2670.38,1.546875,4569,303,BLAa,BLA,103,left,0
4570,4571,3,7435.8,5820.46,2670.64,0.49609375,4570,303,BLAa,BLA,103,left,0
4571,4572,3,7437.98,5818.08,2670.68,0.17578125,4571,303,BLAa,BLA,103,left,0
4572,4573,3,7438.74,5814.98,2670.6,2.2734375,4572,303,BLAa,BLA,103,left,0
4573,4574,3,7439.96,5812.78,2670.6,1.69140625,4573,303,BLAa,BLA,103,left,0
4574,4575,3,7442.06,5811.78,2670.9,0.5234375,4574,303,BLAa,BLA,103,left,0
4575,4576,3,7443.6,5810.5,2670.98,0.3203125,4575,303,BLAa,BLA,103,left,0
4576,4577,3,7445.82,5808.94,2671.34,0.17578125,4576,303,BLAa,BLA,103,left,0
4577,4578,3,7447.44,5808.02,2671.3,0.3515625,4577,303,BLAa,BLA,103,left,0
4578,4579,3,7450.04,5806.94,2671.66,0.3515625,4578,303,BLAa,BLA,103,left,0
4579,4580,3,7451.28,5805.42,2671.72,0.203125,4579,303,BLAa,BLA,103,left,0
4580,4581,3,7451.34,5804.68,2669.02,0.58203125,4580,303,BLAa,BLA,103,left,0
4581,4582,3,7453.38,5803.48,2669.24,0.46484375,4581,303,BLAa,BLA,103,left,0
4582,4583,3,7455.52,5802.8,2669.54,0.46484375,4582,303,BLAa,BLA,103,left,0
4583,4584,3,7458.22,5800.76,2669.44,0.640625,4583,303,BLAa,BLA,103,left,0
4584,4585,3,7459.5,5799.96,2668.24,0.9609375,4584,303,BLAa,BLA,103,left,0
4585,4586,3,7461.26,5799.58,2667.24,1.28515625,4585,303,BLAa,BLA,103,left,0
4586,4587,3,7463.04,5799.08,2667.0,0.61328125,4586,303,BLAa,BLA,103,left,0
4587,4588,3,7465.24,5798.44,2666.9,0.37890625,4587,303,BLAa,BLA,103,left,0
4588,4589,3,7467.38,5797.76,2667.2,0.7890625,4588,303,BLAa,BLA,103,left,0
4589,4590,3,7469.04,5798.58,2667.14,0.84765625,4589,303,BLAa,BLA,103,left,0
4590,4591,3,7470.2,5800.1,2666.88,0.3515625,4590,303,BLAa,BLA,103,left,0
4591,4592,3,7471.4,5802.4,2666.1,0.640625,4591,303,BLAa,BLA,103,left,0
4592,4593,3,7471.74,5804.16,2664.72,0.4375,4592,303,BLAa,BLA,103,left,0
4593,4594,3,7473.5,5804.62,2663.88,0.00390625,4593,303,BLAa,BLA,103,left,0
4594,4595,3,7473.72,5805.28,2661.7,0.875,4594,303,BLAa,BLA,103,left,0
4595,4596,3,7473.42,5806.88,2659.08,0.26171875,4595,303,BLAa,BLA,103,left,0
4596,4597,3,7472.98,5810.36,2656.62,0.61328125,4596,303,BLAa,BLA,103,left,0
4597,4598,3,7472.16,5813.94,2654.76,0.17578125,4597,303,BLAa,BLA,103,left,0
4598,4599,3,7470.5,5815.46,2653.8,0.46484375,4598,303,BLAa,BLA,103,left,0
4599,4600,3,7470.18,5815.64,2653.14,0.078125,4599,303,BLAa,BLA,103,left,0
4600,4601,3,7469.38,5817.36,2643.2,1.515625,4600,303,BLAa,BLA,103,left,0
4601,4602,3,7469.22,5817.46,2640.52,0.4375,4601,303,BLAa,BLA,103,left,0
4602,4603,3,7468.76,5817.28,2637.52,0.4375,4602,303,BLAa,BLA,103,left,0
4603,4604,3,7467.92,5817.94,2635.86,1.57421875,4603,303,BLAa,BLA,103,left,0
4604,4605,3,7467.5,5819.16,2633.18,12.66015625,4604,303,BLAa,BLA,103,left,0
4605,4606,3,7467.08,5820.44,2627.66,0.41015625,4605,303,BLAa,BLA,103,left,0
4606,4607,3,7466.58,5821.36,2625.44,0.26171875,4606,303,BLAa,BLA,103,left,0
4607,4608,3,7465.06,5822.1,2624.28,0.17578125,4607,303,BLAa,BLA,103,left,0
4608,4609,3,7465.62,5821.58,2624.06,0.015625,4608,303,BLAa,BLA,103,left,0
4609,4610,3,7465.38,5822.02,2619.9,2.859375,4609,303,BLAa,BLA,103,left,0
4610,4611,3,7465.34,5821.42,2618.7,1.89453125,4610,303,BLAa,BLA,103,left,0
4611,4612,3,7464.86,5821.78,2610.92,3.23828125,4611,303,BLAa,BLA,103,left,0
4612,4613,3,7464.94,5820.92,2609.26,3.8203125,4612,303,BLAa,BLA,103,left,0
4613,4614,3,7465.78,5818.1,2608.56,0.29296875,4613,303,BLAa,BLA,103,left,0
4614,4615,3,7466.02,5817.32,2606.3,2.390625,4614,303,BLAa,BLA,103,left,0
4615,4616,3,7466.12,5815.2,2605.64,0.9921875,4615,303,BLAa,BLA,103,left,0
4616,4617,3,7466.34,5812.5,2606.0,2.24609375,4616,303,BLAa,BLA,103,left,0
4617,4618,3,7466.48,5810.08,2605.36,1.28515625,4617,303,BLAa,BLA,103,left,0
4618,4619,3,7466.44,5808.94,2603.4,0.58203125,4618,303,BLAa,BLA,103,left,0
4619,4620,3,7466.58,5806.16,2602.48,1.28515625,4619,303,BLAa,BLA,103,left,0
4620,4621,3,7466.8,5803.18,2602.64,0.81640625,4620,303,BLAa,BLA,103,left,0
4621,4622,3,7466.46,5802.68,2601.64,0.3515625,4621,303,BLAa,BLA,103,left,0
4622,4623,3,7464.96,5803.24,2600.7,0.671875,4622,303,BLAa,BLA,103,left,0
4623,4624,3,7464.46,5801.48,2600.12,1.546875,4623,303,BLAa,BLA,103,left,0
4624,4625,3,7464.64,5798.82,2600.34,1.28515625,4624,303,BLAa,BLA,103,left,0
4625,4626,3,7464.64,5798.08,2599.52,0.0234375,4625,303,BLAa,BLA,103,left,0
4626,4627,3,7466.3,5797.7,2598.88,0.5234375,4626,303,BLAa,BLA,103,left,0
4627,4628,3,7468.8,5797.58,2598.66,0.73046875,4627,303,BLAa,BLA,103,left,0
4628,4629,3,7469.38,5798.72,2596.44,1.2265625,4628,303,BLAa,BLA,103,left,0
4629,4630,3,7469.88,5799.56,2592.78,0.7890625,4629,303,BLAa,BLA,103,left,0
4630,4631,3,7470.1,5799.76,2591.26,1.109375,4630,303,BLAa,BLA,103,left,0
4631,4632,3,7472.22,5799.24,2590.7,0.41015625,4631,303,BLAa,BLA,103,left,0
4632,4633,3,7474.4,5798.0,2590.06,0.234375,4632,303,BLAa,BLA,103,left,0
4633,4634,3,7474.46,5796.72,2589.48,0.84765625,4633,303,BLAa,BLA,103,left,0
4634,4635,3,7474.2,5796.7,2585.1,0.4375,4634,303,BLAa,BLA,103,left,0
4635,4636,3,7474.26,5796.96,2583.52,0.46484375,4635,303,BLAa,BLA,103,left,0
4636,4637,3,7475.3,5796.78,2582.94,0.3515625,4636,303,BLAa,BLA,103,left,0
4637,4638,3,7475.84,5797.9,2575.78,0.4375,4637,303,BLAa,BLA,103,left,0
4638,4639,3,7475.72,5797.96,2573.8,5.10546875,4638,303,BLAa,BLA,103,left,0
4639,4640,3,7475.78,5795.6,2572.14,0.81640625,4639,303,BLAa,BLA,103,left,0
4640,4641,3,7475.82,5793.64,2570.8,0.73046875,4640,303,BLAa,BLA,103,left,0
4641,4642,3,7476.0,5790.72,2570.02,0.0078125,4641,303,BLAa,BLA,103,left,0
4642,4643,3,7476.08,5788.88,2569.3,44.59765625,4642,303,BLAa,BLA,103,left,0
4643,4644,3,7475.46,5790.36,2560.82,35.9609375,4643,303,BLAa,BLA,103,left,0
4644,4645,3,7476.32,5790.3,2559.56,14.3515625,4644,303,BLAa,BLA,103,left,0
4645,4646,3,7478.38,5788.74,2559.92,1.546875,4645,303,BLAa,BLA,103,left,0
4646,4647,3,7479.1,5786.82,2559.62,2.01171875,4646,303,BLAa,BLA,103,left,0
4647,4648,3,7479.5,5786.78,2558.1,0.84765625,4647,303,BLAa,BLA,103,left,0
4648,4649,3,7481.22,5786.12,2557.76,0.3203125,4648,303,BLAa,BLA,103,left,0
4649,4650,3,7484.48,5784.8,2558.3,0.3515625,4649,303,BLAa,BLA,103,left,0
4650,4651,3,7486.62,5783.96,2558.68,0.3515625,4650,303,BLAa,BLA,103,left,0
4651,4652,3,7488.0,5775.16,2560.92,0.4375,4651,303,BLAa,BLA,103,left,0
4652,4653,3,7488.8,5772.5,2561.64,0.671875,4652,303,BLAa,BLA,103,left,0
4653,4654,3,7490.36,5770.38,2561.92,0.671875,4653,303,BLAa,BLA,103,left,0
4654,4655,3,7490.84,5767.52,2561.12,0.640625,4654,303,BLAa,BLA,103,left,0
4655,4656,3,7490.82,5766.4,2559.38,3.703125,4655,303,BLAa,BLA,103,left,0
4656,4657,3,7490.64,5765.64,2555.44,3.296875,4656,303,BLAa,BLA,103,left,0
4657,4658,3,7490.76,5764.08,2554.14,2.1015625,4657,303,BLAa,BLA,103,left,0
4658,4659,3,7492.14,5762.5,2553.26,1.05078125,4658,303,BLAa,BLA,103,left,0
4659,4660,3,7492.9,5762.68,2551.28,0.61328125,4659,303,BLAa,BLA,103,left,0
4660,4661,3,7493.96,5761.68,2550.34,0.5546875,4660,303,BLAa,BLA,103,left,0
4661,4662,3,7494.14,5759.8,2549.44,1.6328125,4661,303,BLAa,BLA,103,left,0
4662,4663,3,7494.18,5758.1,2548.04,0.4375,4662,303,BLAa,BLA,103,left,0
4663,4664,3,7494.12,5757.24,2546.16,0.61328125,4663,303,BLAa,BLA,103,left,0
4664,4665,3,7494.36,5754.24,2546.24,20.30078125,4664,303,BLAa,BLA,103,left,0
4665,4666,3,7494.68,5749.82,2546.3,1.77734375,4665,303,BLAa,BLA,103,left,0
4666,4667,3,7494.68,5748.04,2544.38,1.078125,4666,303,BLAa,BLA,103,left,0
4667,4668,3,7494.76,5746.0,2543.14,0.7890625,4667,303,BLAa,BLA,103,left,0
4668,4669,3,7494.56,5746.28,2540.48,0.0078125,4668,303,BLAa,BLA,103,left,0
4669,4670,3,7495.02,5744.74,2540.46,0.5234375,4669,303,BLAa,BLA,103,left,0
4670,4671,3,7496.74,5743.88,2540.5,0.37890625,4670,303,BLAa,BLA,103,left,0
4671,4672,3,7499.46,5742.82,2540.94,0.3515625,4671,303,BLAa,BLA,103,left,0
4672,4673,3,7500.7,5741.24,2541.26,0.17578125,4672,303,BLAa,BLA,103,left,0
4673,4674,3,7500.54,5741.02,2537.7,0.93359375,4673,303,BLAa,BLA,103,left,0
4674,4675,3,7500.44,5741.34,2536.3,2.01171875,4674,303,BLAa,BLA,103,left,0
4675,4676,3,7500.64,5738.86,2536.34,5.1640625,4675,303,BLAa,BLA,103,left,0
4676,4677,3,7500.96,5735.58,2537.06,16.68359375,4676,303,BLAa,BLA,103,left,0
4677,4678,3,7500.52,5736.34,2531.4,12.921875,4677,303,BLAa,BLA,103,left,0
4678,4679,3,7500.42,5736.46,2529.82,28.26171875,4678,303,BLAa,BLA,103,left,0
4679,4680,3,7500.54,5734.9,2529.82,36.2265625,4679,303,BLAa,BLA,103,left,0
4680,4681,3,7500.54,5733.4,2528.24,4.8984375,4680,303,BLAa,BLA,103,left,0
4681,4682,3,7500.44,5733.44,2526.6,0.9609375,4681,303,BLAa,BLA,103,left,0
4682,4683,3,7500.16,5734.06,2523.0,1.3125,4682,303,BLAa,BLA,103,left,0
4683,4684,3,7500.02,5734.32,2521.14,2.859375,4683,303,BLAa,BLA,103,left,0
4684,4685,3,7499.88,5734.0,2518.8,0.90234375,4684,303,BLAa,BLA,103,left,0
4685,4686,3,7499.92,5733.82,2516.4,1.1953125,4685,303,BLAa,BLA,103,left,0
4686,4687,3,7501.32,5732.98,2515.86,0.5234375,4686,303,BLAa,BLA,103,left,0
4687,4688,3,7502.06,5731.6,2514.24,0.90234375,4687,303,BLAa,BLA,103,left,0
4688,4689,3,7501.88,5731.34,2511.24,10.8203125,4688,303,BLAa,BLA,103,left,0
4689,4690,3,7501.74,5731.5,2509.3,0.5234375,4689,303,BLAa,BLA,103,left,0
4690,4691,3,7501.58,5730.7,2505.94,0.4375,4690,303,BLAa,BLA,103,left,0
4691,4692,3,7501.98,5730.42,2504.34,0.61328125,4691,303,BLAa,BLA,103,left,0
4692,4693,3,7502.14,5731.74,2498.16,0.3515625,4692,303,BLAa,BLA,103,left,0
4693,4694,3,7502.16,5732.46,2496.42,0.4375,4693,303,BLAa,BLA,103,left,0
4694,4695,3,7503.44,5732.42,2496.16,0.3515625,4694,303,BLAa,BLA,103,left,0
4695,4696,3,7504.56,5731.62,2494.78,0.01171875,4695,303,BLAa,BLA,103,left,0
4696,4697,3,7505.16,5732.02,2490.64,1.109375,4696,303,BLAa,BLA,103,left,0
4697,4698,3,7505.68,5732.22,2489.08,0.37890625,4697,303,BLAa,BLA,103,left,0
4698,4699,3,7508.14,5731.66,2488.66,0.3515625,4698,303,BLAa,BLA,103,left,0
4699,4700,3,7510.24,5731.04,2489.04,0.41015625,4699,303,BLAa,BLA,103,left,0
4700,4701,3,7511.86,5731.78,2489.0,0.875,4700,303,BLAa,BLA,103,left,0
4701,4702,3,7512.96,5733.3,2488.64,0.234375,4701,303,BLAa,BLA,103,left,0
4702,4703,3,7513.8,5734.52,2487.32,0.73046875,4702,303,BLAa,BLA,103,left,0
4703,4704,3,7513.64,5735.18,2485.24,0.4375,4703,303,BLAa,BLA,103,left,0
4704,4705,3,7514.6,5735.12,2484.34,0.3203125,4704,303,BLAa,BLA,103,left,0
4705,4706,3,7517.06,5734.4,2484.56,0.3203125,4705,303,BLAa,BLA,103,left,0
4706,4707,3,7518.16,5733.74,2484.02,0.46484375,4706,303,BLAa,BLA,103,left,0
4707,4708,3,7517.96,5734.02,2480.08,0.4375,4707,303,BLAa,BLA,103,left,0
4708,4709,3,7518.34,5734.34,2478.24,0.234375,4708,303,BLAa,BLA,103,left,0
4709,4710,3,7519.68,5734.34,2476.76,6.38671875,4709,303,BLAa,BLA,103,left,0
4710,4711,3,7519.94,5733.94,2475.1,1.80859375,4710,303,BLAa,BLA,103,left,0
4711,4712,3,7520.2,5730.6,2475.46,2.9765625,4711,303,BLAa,BLA,103,left,0
4712,4713,3,7519.44,5731.86,2464.46,10.03515625,4712,303,BLAa,BLA,103,left,0
4713,4714,3,7519.58,5731.48,2462.4,0.69921875,4713,303,BLAa,BLA,103,left,0
4714,4715,3,7520.34,5730.12,2460.96,0.84765625,4714,303,BLAa,BLA,103,left,0
4715,4716,3,7521.22,5729.88,2458.28,0.69921875,4715,303,BLAa,BLA,103,left,0
4716,4717,3,7522.8,5729.66,2457.54,0.640625,4716,303,BLAa,BLA,103,left,0
4717,4718,3,7523.24,5731.1,2450.82,3.6171875,4717,311,BLAp,BLA,103,left,0
4718,4719,3,7523.0,5732.28,2448.08,0.61328125,4718,311,BLAp,BLA,103,left,0
4719,4720,3,7522.76,5733.52,2445.56,0.4375,4719,311,BLAp,BLA,103,left,0
4720,4721,3,7522.32,5733.5,2442.6,0.00390625,4720,311,BLAp,BLA,103,left,0
4721,4722,3,7520.98,5732.76,2441.76,0.81640625,4721,311,BLAp,BLA,103,left,0
4722,4723,3,7520.22,5732.58,2439.9,1.4296875,4722,311,BLAp,BLA,103,left,0
4723,4724,3,7520.28,5730.46,2438.74,0.640625,4723,311,BLAp,BLA,103,left,0
4724,4725,3,7519.64,5728.02,2439.08,0.69921875,4724,311,BLAp,BLA,103,left,0
4725,4726,3,7518.38,5727.32,2438.76,0.46484375,4725,311,BLAp,BLA,103,left,0
4726,4727,3,7518.32,5724.8,2438.08,4.55078125,4726,311,BLAp,BLA,103,left,0
4727,4728,3,7518.42,5722.66,2437.34,0.84765625,4727,311,BLAp,BLA,103,left,0
4728,4729,3,7518.62,5719.72,2437.76,3.96484375,4728,311,BLAp,BLA,103,left,0
4729,4730,3,7518.7,5717.98,2437.0,3.00390625,4729,311,BLAp,BLA,103,left,0
4730,4731,3,7518.68,5716.06,2434.92,6.38671875,4730,311,BLAp,BLA,103,left,0
4731,4732,3,7518.42,5716.52,2431.36,3.8515625,4731,311,BLAp,BLA,103,left,0
4732,4733,3,7517.76,5716.84,2428.76,0.5546875,4732,311,BLAp,BLA,103,left,0
4733,4734,3,7517.08,5716.22,2427.62,0.3515625,4733,311,BLAp,BLA,103,left,0
4734,4735,3,7320.82,5812.8,2638.48,0.04296875,2985,303,BLAa,BLA,104,left,0
4735,4736,3,7320.3,5811.56,2640.78,0.9921875,4735,303,BLAa,BLA,104,left,0
4736,4737,3,7318.78,5810.32,2642.82,0.5234375,4736,303,BLAa,BLA,104,left,0
4737,4738,3,7318.44,5808.94,2644.94,0.5234375,4737,303,BLAa,BLA,104,left,0
4738,4739,3,7318.02,5808.14,2647.64,0.26171875,4738,303,BLAa,BLA,104,left,0
4739,4740,3,7316.56,5808.02,2648.46,0.46484375,4739,303,BLAa,BLA,104,left,0
4740,4741,3,7316.38,5807.4,2650.7,0.671875,4740,303,BLAa,BLA,104,left,0
4741,4742,3,7315.34,5807.44,2652.2,0.3515625,4741,303,BLAa,BLA,104,left,0
4742,4743,3,7313.42,5807.86,2652.2,0.234375,4742,303,BLAa,BLA,104,left,0
4743,4744,3,7312.76,5808.18,2653.08,0.5234375,4743,303,BLAa,BLA,104,left,0
4744,4745,3,7312.88,5808.62,2655.44,0.234375,4744,303,BLAa,BLA,104,left,0
4745,4746,3,7312.96,5809.48,2657.44,0.58203125,4745,303,BLAa,BLA,104,left,0
4746,4747,3,7313.24,5809.28,2662.02,0.46484375,4746,303,BLAa,BLA,104,left,0
4747,4748,3,7313.34,5809.12,2663.34,0.4375,4747,303,BLAa,BLA,104,left,1
4748,4749,3,7325.54,5811.96,2638.32,0.04296875,2985,303,BLAa,BLA,105,left,0
4749,4750,3,7327.4,5811.64,2637.82,0.41015625,4749,303,BLAa,BLA,105,left,0
4750,4751,3,7331.14,5810.82,2637.74,0.37890625,4750,303,BLAa,BLA,105,left,0
4751,4752,3,7334.84,5809.96,2638.16,0.671875,4751,303,BLAa,BLA,105,left,0
4752,4753,3,7338.06,5809.28,2638.52,0.73046875,4752,303,BLAa,BLA,105,left,0
4753,4754,3,7340.36,5809.4,2638.66,0.73046875,4753,303,BLAa,BLA,105,left,0
4754,4755,3,7343.38,5809.74,2638.78,0.3203125,4754,303,BLAa,BLA,105,left,0
4755,4756,3,7346.82,5809.58,2638.86,0.5234375,4755,303,BLAa,BLA,105,left,0
4756,4757,3,7348.98,5810.12,2638.46,0.29296875,4756,303,BLAa,BLA,105,left,0
4757,4758,3,7351.36,5810.66,2638.28,0.5546875,4757,303,BLAa,BLA,105,left,0
4758,4759,3,7353.82,5810.46,2638.3,0.37890625,4758,303,BLAa,BLA,105,left,0
4759,4760,3,7355.96,5810.3,2638.12,0.3203125,4759,303,BLAa,BLA,105,left,0
4760,4761,3,7358.86,5810.22,2637.68,0.41015625,4760,303,BLAa,BLA,105,left,0
4761,4762,3,7360.5,5810.18,2637.44,0.17578125,4761,303,BLAa,BLA,105,left,0
4762,4763,3,7363.36,5809.74,2637.56,0.3515625,4762,303,BLAa,BLA,105,left,0
4763,4764,3,7364.88,5809.74,2637.46,0.37890625,4763,303,BLAa,BLA,105,left,0
4764,4765,3,7367.96,5809.88,2637.42,0.3515625,4764,303,BLAa,BLA,105,left,0
4765,4766,3,7370.2,5810.56,2637.44,0.41015625,4765,303,BLAa,BLA,105,left,0
4766,4767,3,7372.96,5810.46,2637.58,0.3515625,4766,303,BLAa,BLA,105,left,0
4767,4768,3,7374.52,5811.0,2637.28,0.3203125,4767,303,BLAa,BLA,105,left,0
4768,4769,3,7376.42,5811.88,2637.2,0.203125,4768,303,BLAa,BLA,105,left,0
4769,4770,3,7379.58,5811.54,2637.84,0.3203125,4769,303,BLAa,BLA,105,left,0
4770,4771,3,7381.68,5811.04,2637.82,0.4375,4770,303,BLAa,BLA,105,left,0
4771,4772,3,7382.8,5813.14,2638.74,0.73046875,4771,303,BLAa,BLA,105,left,0
4772,4773,3,7384.08,5815.46,2639.28,0.49609375,4772,303,BLAa,BLA,105,left,0
4773,4774,3,7386.0,5817.64,2639.22,0.3515625,4773,303,BLAa,BLA,105,left,0
4774,4775,3,7386.4,5820.18,2638.84,0.49609375,4774,303,BLAa,BLA,105,left,0
4775,4776,3,7387.34,5821.88,2639.1,0.5234375,4775,303,BLAa,BLA,105,left,0
4776,4777,3,7389.84,5822.96,2639.3,0.3203125,4776,303,BLAa,BLA,105,left,0
4777,4778,3,7391.32,5824.1,2639.38,0.37890625,4777,303,BLAa,BLA,105,left,0
4778,4779,3,7392.64,5825.62,2639.58,0.203125,4778,303,BLAa,BLA,105,left,0
4779,4780,3,7394.42,5826.52,2639.94,0.5234375,4779,303,BLAa,BLA,105,left,0
4780,4781,3,7396.5,5826.72,2640.24,0.5234375,4780,303,BLAa,BLA,105,left,0
4781,4782,3,7398.76,5826.26,2640.48,0.4375,4781,303,BLAa,BLA,105,left,1
8036,8037,3,7372.14,5988.98,2419.6,0.0078125,4376,311,BLAp,BLA,134,left,0
8037,8038,3,7374.86,5988.54,2419.74,0.37890625,8037,311,BLAp,BLA,134,left,0
8038,8039,3,7376.84,5988.16,2419.94,0.37890625,8038,311,BLAp,BLA,134,left,0
8039,8040,3,7378.44,5987.48,2420.04,0.26171875,8039,311,BLAp,BLA,134,left,0
8040,8041,3,7380.52,5986.64,2419.9,0.26171875,8040,311,BLAp,BLA,134,left,0
8041,8042,3,7382.78,5985.6,2419.86,0.3203125,8041,311,BLAp,BLA,134,left,0
8042,8043,3,7384.06,5984.88,2419.44,0.61328125,8042,311,BLAp,BLA,134,left,0
8043,8044,3,7386.24,5984.58,2419.0,0.41015625,8043,311,BLAp,BLA,134,left,0
8044,8045,3,7387.2,5984.62,2417.68,0.4375,8044,311,BLAp,BLA,134,left,0
8045,8046,3,7389.18,5984.48,2416.64,0.4375,8045,311,BLAp,BLA,134,left,0
8046,8047,3,7391.3,5984.5,2416.04,0.4375,8046,311,BLAp,BLA,134,left,0
8047,8048,3,7392.68,5985.28,2415.38,0.5234375,8047,311,BLAp,BLA,134,left,0
8048,8049,3,7396.18,5987.24,2414.26,0.29296875,8048,311,BLAp,BLA,134,left,0
8049,8050,3,7397.88,5988.66,2413.24,0.203125,8049,311,BLAp,BLA,134,left,0
8050,8051,3,7398.6,5989.18,2410.42,1.05078125,8050,311,BLAp,BLA,134,left,0
8051,8052,3,7398.74,5989.16,2408.56,0.69921875,8051,311,BLAp,BLA,134,left,0
8052,8053,3,7399.62,5988.92,2407.54,0.73046875,8052,311,BLAp,BLA,134,left,0
8053,8054,3,7401.64,5988.68,2406.94,0.3515625,8053,311,BLAp,BLA,134,left,0
8054,8055,3,7403.08,5988.6,2405.9,0.46484375,8054,311,BLAp,BLA,134,left,0
8055,8056,3,7403.68,5988.78,2404.16,0.69921875,8055,311,BLAp,BLA,134,left,0
8056,8057,3,7406.32,5988.52,2403.18,0.4375,8056,311,BLAp,BLA,134,left,0
8057,8058,3,7408.04,5988.56,2402.12,0.203125,8057,311,BLAp,BLA,134,left,0
8058,8059,3,7409.24,5989.42,2400.84,0.234375,8058,311,BLAp,BLA,134,left,0
8059,8060,3,7410.98,5990.44,2400.44,1.25390625,8059,311,BLAp,BLA,134,left,0
8060,8061,3,7412.96,5991.42,2400.42,0.3515625,8060,311,BLAp,BLA,134,left,0
8061,8062,3,7415.54,5991.98,2400.5,0.58203125,8061,311,BLAp,BLA,134,left,0
8062,8063,3,7416.92,5992.86,2400.46,0.93359375,8062,311,BLAp,BLA,134,left,0
8063,8064,3,7418.98,5992.7,2400.62,0.37890625,8063,311,BLAp,BLA,134,left,0
8064,8065,3,7420.88,5992.78,2400.74,0.17578125,8064,311,BLAp,BLA,134,left,0
8065,8066,3,7422.96,5993.96,2400.6,0.17578125,8065,311,BLAp,BLA,134,left,0
8066,8067,3,7424.9,5995.44,2399.96,0.5234375,8066,311,BLAp,BLA,134,left,0
8067,8068,3,7426.04,5997.2,2398.3,0.5234375,8067,311,BLAp,BLA,134,left,0
8068,8069,3,7427.28,5997.76,2396.62,1.16796875,8068,311,BLAp,BLA,134,left,0
8069,8070,3,7429.36,5997.62,2395.72,0.640625,8069,311,BLAp,BLA,134,left,0
8070,8071,3,7431.8,5997.28,2395.4,0.01953125,8070,311,BLAp,BLA,134,left,0
8071,8072,3,7433.7,5997.32,2393.98,0.37890625,8071,311,BLAp,BLA,134,left,0
8072,8073,3,7434.92,5998.2,2392.2,0.5234375,8072,311,BLAp,BLA,134,left,0
8073,8074,3,7436.56,5998.98,2390.8,0.69921875,8073,311,BLAp,BLA,134,left,0
8074,8075,3,7437.96,5999.6,2388.48,0.58203125,8074,311,BLAp,BLA,134,left,0
8075,8076,3,7438.52,6000.5,2386.5,1.01953125,8075,311,BLAp,BLA,134,left,0
8076,8077,3,7440.62,6000.48,2385.44,0.49609375,8076,311,BLAp,BLA,134,left,0
8077,8078,3,7441.76,6000.8,2384.32,0.203125,8077,311,BLAp,BLA,134,left,0
8078,8079,3,7444.0,6000.92,2382.88,1.25390625,8078,311,BLAp,BLA,134,left,0
8079,8080,3,7445.0,6001.48,2381.22,0.875,8079,311,BLAp,BLA,134,left,0
8080,8081,3,7446.54,6002.04,2380.44,1.57421875,8080,311,BLAp,BLA,134,left,0
8081,8082,3,7449.04,6001.78,2379.72,0.4375,8081,311,BLAp,BLA,134,left,0
8082,8083,3,7450.94,6001.74,2378.74,0.640625,8082,311,BLAp,BLA,134,left,0
8083,8084,3,7453.6,6003.0,2377.16,0.17578125,8083,311,BLAp,BLA,134,left,0
8084,8085,3,7455.02,6004.28,2375.38,0.5546875,8084,311,BLAp,BLA,134,left,0
8085,8086,3,7455.48,6005.22,2373.04,0.90234375,8085,311,BLAp,BLA,134,left,0
8086,8087,3,7456.96,6005.48,2371.8,9.04296875,8086,311,BLAp,BLA,134,left,0
8087,8088,3,7459.12,6005.46,2371.94,5.62890625,8087,311,BLAp,BLA,134,left,0
8088,8089,3,7461.5,6005.66,2370.9,0.7578125,8088,311,BLAp,BLA,134,left,0
8089,8090,3,7463.16,6005.88,2369.56,0.41015625,8089,311,BLAp,BLA,134,left,0
8090,8091,3,7465.96,6005.6,2368.64,0.3515625,8090,311,BLAp,BLA,134,left,0
8091,8092,3,7467.38,6005.66,2367.0,0.58203125,8091,311,BLAp,BLA,134,left,0
8092,8093,3,7469.6,6005.82,2365.72,0.3515625,8092,311,BLAp,BLA,134,left,0
8093,8094,3,7470.44,6007.08,2365.32,0.5234375,8093,311,BLAp,BLA,134,left,0
8094,8095,3,7470.48,6008.06,2363.6,0.9609375,8094,311,BLAp,BLA,134,left,0
8095,8096,3,7473.18,6007.68,2363.4,0.0234375,8095,311,BLAp,BLA,134,left,0
8096,8097,3,7474.84,6008.34,2362.6,0.5234375,8096,311,BLAp,BLA,134,left,0
8097,8098,3,7475.7,6010.14,2361.36,0.69921875,8097,311,BLAp,BLA,134,left,0
8098,8099,3,7477.58,6010.4,2360.46,1.3984375,8098,311,BLAp,BLA,134,left,0
8099,8100,3,7479.96,6010.14,2359.7,0.9921875,8099,311,BLAp,BLA,134,left,0
8100,8101,3,7481.62,6009.9,2359.52,0.37890625,8100,311,BLAp,BLA,134,left,0
8101,8102,3,7373.08,5988.7,2419.3,0.00390625,4376,311,BLAp,BLA,135,left,0
8102,8103,3,7374.12,5989.0,2413.86,0.5546875,8102,311,BLAp,BLA,135,left,0
8103,8104,3,7374.1,5989.22,2412.46,0.69921875,8103,311,BLAp,BLA,135,left,0
8104,8105,3,7377.16,5988.78,2411.98,0.01953125,8104,311,BLAp,BLA,135,left,0
8105,8106,3,7378.72,5988.48,2410.52,0.5234375,8105,311,BLAp,BLA,135,left,0
8106,8107,3,7380.32,5988.24,2408.18,0.41015625,8106,311,BLAp,BLA,135,left,0
8107,8108,3,7382.44,5987.16,2407.36,0.73046875,8107,311,BLAp,BLA,135,left,0
8108,8109,3,7384.48,5986.56,2406.8,0.5546875,8108,311,BLAp,BLA,135,left,0
8109,8110,3,7385.56,5986.54,2403.56,0.46484375,8109,311,BLAp,BLA,135,left,0
8110,8111,3,7385.86,5986.66,2402.3,0.4375,8110,311,BLAp,BLA,135,left,0
8111,8112,3,7387.3,5986.08,2402.24,0.17578125,8111,311,BLAp,BLA,135,left,0
8112,8113,3,7389.66,5985.48,2402.52,0.3515625,8112,311,BLAp,BLA,135,left,0
8113,8114,3,7391.18,5985.38,2401.62,0.3515625,8113,311,BLAp,BLA,135,left,0
8114,8115,3,7391.3,5985.76,2399.1,0.69921875,8114,311,BLAp,BLA,135,left,0
8115,8116,3,7392.34,5985.76,2398.12,0.61328125,8115,311,BLAp,BLA,135,left,0
8116,8117,3,7394.28,5985.5,2397.78,0.3515625,8116,311,BLAp,BLA,135,left,0
8117,8118,3,7395.62,5985.46,2396.78,0.4375,8117,311,BLAp,BLA,135,left,1
8118,8119,3,7516.62,5714.64,2425.8,0.0078125,4734,311,BLAp,BLA,136,left,0
8119,8120,3,7515.78,5712.44,2425.32,0.58203125,8119,311,BLAp,BLA,136,left,0
8120,8121,3,7514.12,5710.82,2424.7,1.515625,8120,311,BLAp,BLA,136,left,0
8121,8122,3,7512.64,5710.42,2424.06,0.69921875,8121,311,BLAp,BLA,136,left,0
8122,8123,3,7510.42,5710.78,2422.86,0.3515625,8122,311,BLAp,BLA,136,left,0
8123,8124,3,7508.04,5711.5,2422.22,1.3984375,8123,311,BLAp,BLA,136,left,0
8124,8125,3,7506.2,5712.08,2421.6,1.546875,8124,311,BLAp,BLA,136,left,0
8125,8126,3,7504.36,5710.98,2421.58,0.640625,8125,311,BLAp,BLA,136,left,0
8126,8127,3,7503.86,5708.42,2421.92,0.640625,8126,311,BLAp,BLA,136,left,0
8127,8128,3,7501.78,5707.54,2421.64,0.37890625,8127,311,BLAp,BLA,136,left,0
8128,8129,3,7499.06,5708.08,2420.94,0.41015625,8128,311,BLAp,BLA,136,left,0
8129,8130,3,7497.54,5707.76,2420.86,0.61328125,8129,311,BLAp,BLA,136,left,0
8130,8131,3,7497.52,5706.12,2421.3,0.4375,8130,311,BLAp,BLA,136,left,1
8131,8132,3,7516.88,5716.04,2424.94,0.00390625,4734,311,BLAp,BLA,137,left,0
8132,8133,3,7517.54,5711.72,2425.7,0.7578125,8132,311,BLAp,BLA,137,left,0
8133,8134,3,7519.18,5709.78,2425.88,0.46484375,8133,311,BLAp,BLA,137,left,0
8134,8135,3,7519.6,5708.58,2423.56,0.93359375,8134,311,BLAp,BLA,137,left,0
8135,8136,3,7520.28,5706.76,2423.18,0.3203125,8135,311,BLAp,BLA,137,left,0
8136,8137,3,7521.5,5706.2,2423.46,0.3515625,8136,311,BLAp,BLA,137,left,0
8137,8138,3,7522.76,5698.18,2425.84,3.67578125,8137,311,BLAp,BLA,137,left,0
8138,8139,3,7522.86,5696.52,2425.6,5.74609375,8138,311,BLAp,BLA,137,left,0
8139,8140,3,7522.62,5696.58,2422.34,11.2578125,8139,311,BLAp,BLA,137,left,0
8140,8141,3,7522.82,5694.86,2421.2,11.51953125,8140,311,BLAp,BLA,137,left,0
8141,8142,3,7523.7,5694.18,2419.84,0.7578125,8141,311,BLAp,BLA,137,left,0
8142,8143,3,7525.88,5692.76,2419.32,0.4375,8142,311,BLAp,BLA,137,left,0
8143,8144,3,7526.06,5691.86,2417.26,0.7578125,8143,311,BLAp,BLA,137,left,0
8144,8145,3,7527.06,5690.5,2416.32,0.640625,8144,311,BLAp,BLA,137,left,0
8145,8146,3,7528.98,5689.48,2416.82,0.69921875,8145,311,BLAp,BLA,137,left,0
8146,8147,3,7531.54,5688.52,2417.38,0.4375,8146,311,BLAp,BLA,137,left,0
8147,8148,3,7531.96,5687.74,2415.16,0.00390625,8147,311,BLAp,BLA,137,left,0
8148,8149,3,7533.16,5685.78,2415.54,0.5234375,8148,311,BLAp,BLA,137,left,0
8149,8150,3,7535.14,5685.14,2415.94,0.3515625,8149,311,BLAp,BLA,137,left,0
8150,8151,3,7537.26,5685.02,2415.94,0.46484375,8150,311,BLAp,BLA,137,left,0
8151,8152,3,7539.38,5684.78,2415.48,3.55859375,8151,311,BLAp,BLA,137,left,0
8152,8153,3,7542.98,5683.9,2415.5,2.24609375,8152,311,BLAp,BLA,137,left,0
8153,8154,3,7545.14,5683.42,2415.32,1.1953125,8153,311,BLAp,BLA,137,left,0
8154,8155,3,7547.9,5682.62,2415.72,0.90234375,8154,311,BLAp,BLA,137,left,0
8155,8156,3,7550.26,5681.94,2416.06,0.61328125,8155,311,BLAp,BLA,137,left,0
8156,8157,3,7552.42,5681.52,2415.66,1.078125,8156,311,BLAp,BLA,137,left,0
8157,8158,3,7553.84,5682.06,2414.1,0.84765625,8157,311,BLAp,BLA,137,left,0
8158,8159,3,7555.88,5682.54,2412.6,16.12890625,8158,311,BLAp,BLA,137,left,0
8159,8160,3,7556.92,5682.6,2411.28,1.05078125,8159,311,BLAp,BLA,137,left,0
8160,8161,3,7558.92,5682.42,2411.2,0.17578125,8160,311,BLAp,BLA,137,left,0
8161,8162,3,7560.62,5683.4,2409.98,0.69921875,8161,311,BLAp,BLA,137,left,0
8162,8163,3,7561.9,5683.68,2409.04,0.3203125,8162,311,BLAp,BLA,137,left,0
8163,8164,3,7562.3,5684.66,2405.4,0.73046875,8163,311,BLAp,BLA,137,left,0
8164,8165,3,7562.84,5686.24,2403.34,9.44921875,8164,311,BLAp,BLA,137,left,0
8165,8166,3,7564.8,5686.3,2402.6,1.77734375,8165,311,BLAp,BLA,137,left,0
8166,8167,3,7565.62,5686.54,2400.84,2.9765625,8166,311,BLAp,BLA,137,left,0
8167,8168,3,7567.24,5686.78,2400.3,0.3203125,8167,311,BLAp,BLA,137,left,0
8168,8169,3,7568.52,5687.84,2398.96,0.73046875,8168,311,BLAp,BLA,137,left,0
8169,8170,3,7570.08,5688.12,2398.56,0.61328125,8169,311,BLAp,BLA,137,left,0
8170,8171,3,7570.42,5689.54,2398.16,0.69921875,8170,311,BLAp,BLA,137,left,0
8171,8172,3,7571.74,5685.84,2398.98,0.00390625,8171,311,BLAp,BLA,137,left,0
8172,8173,3,7571.72,5685.18,2395.58,4.4921875,8172,311,BLAp,BLA,137,left,0
8173,8174,3,7571.56,5685.6,2393.42,16.3046875,8173,311,BLAp,BLA,137,left,0
8174,8175,3,7571.44,5685.5,2391.28,9.0703125,8174,311,BLAp,BLA,137,left,0
8175,8176,3,7571.38,5684.6,2388.94,0.7890625,8175,311,BLAp,BLA,137,left,0
8176,8177,3,7571.2,5684.78,2386.22,0.7578125,8176,311,BLAp,BLA,137,left,0
8177,8178,3,7572.38,5684.0,2385.82,0.84765625,8177,311,BLAp,BLA,137,left,0
8178,8179,3,7574.52,5682.7,2386.1,0.46484375,8178,311,BLAp,BLA,137,left,0
8179,8180,3,7576.68,5681.66,2386.54,0.3515625,8179,311,BLAp,BLA,137,left,1
11100,11101,3,7484.46,6010.2,2358.12,0.0078125,8101,311,BLAp,BLA,168,left,0
11101,11102,3,7485.6,6011.4,2357.22,1.25390625,11101,311,BLAp,BLA,168,left,0
11102,11103,3,7486.78,6013.38,2356.94,0.4375,11102,311,BLAp,BLA,168,left,0
11103,11104,3,7490.1,6013.98,2356.34,0.00390625,11103,311,BLAp,BLA,168,left,0
11104,11105,3,7492.66,6014.5,2355.78,0.29296875,11104,311,BLAp,BLA,168,left,0
11105,11106,3,7495.18,6014.62,2355.6,0.61328125,11105,311,BLAp,BLA,168,left,0
11106,11107,3,7496.68,6014.82,2354.06,0.49609375,11106,311,BLAp,BLA,168,left,0
11107,11108,3,7499.14,6014.82,2351.9,0.875,11107,311,BLAp,BLA,168,left,0
11108,11109,3,7500.38,6014.9,2350.28,0.41015625,11108,311,BLAp,BLA,168,left,0
11109,11110,3,7502.84,6014.78,2348.86,0.203125,11109,311,BLAp,BLA,168,left,0
11110,11111,3,7504.88,6014.56,2347.68,0.4375,11110,311,BLAp,BLA,168,left,0
11111,11112,3,7505.74,6014.28,2346.52,0.3203125,11111,311,BLAp,BLA,168,left,0
11112,11113,3,7508.78,6013.82,2345.78,0.5234375,11112,311,BLAp,BLA,168,left,0
11113,11114,3,7510.66,6013.64,2345.12,0.37890625,11113,311,BLAp,BLA,168,left,0
11114,11115,3,7513.76,6013.16,2345.14,0.3515625,11114,311,BLAp,BLA,168,left,0
11115,11116,3,7516.0,6013.2,2344.94,0.17578125,11115,311,BLAp,BLA,168,left,0
11116,11117,3,7516.62,6015.24,2343.56,0.3515625,11116,311,BLAp,BLA,168,left,0
11117,11118,3,7517.88,6016.8,2342.06,0.49609375,11117,311,BLAp,BLA,168,left,0
11118,11119,3,7518.78,6017.64,2340.04,22.8359375,11118,311,BLAp,BLA,168,left,0
11119,11120,3,7518.96,6019.48,2338.82,11.9296875,11119,311,BLAp,BLA,168,left,0
11120,11121,3,7520.62,6020.2,2338.46,9.1015625,11120,311,BLAp,BLA,168,left,0
11121,11122,3,7523.14,6019.8,2338.5,0.69921875,11121,311,BLAp,BLA,168,left,0
11122,11123,3,7524.92,6019.6,2338.04,0.5234375,11122,311,BLAp,BLA,168,left,0
11123,11124,3,7527.06,6019.6,2337.28,0.234375,11123,311,BLAp,BLA,168,left,0
11124,11125,3,7528.34,6020.64,2336.2,0.3203125,11124,311,BLAp,BLA,168,left,0
11125,11126,3,7530.04,6021.06,2334.96,1.3984375,11125,311,BLAp,BLA,168,left,0
11126,11127,3,7530.44,6021.42,2332.68,0.46484375,11126,311,BLAp,BLA,168,left,0
11127,11128,3,7531.4,6021.48,2331.66,2.24609375,11127,311,BLAp,BLA,168,left,0
11128,11129,3,7533.22,6021.54,2331.74,3.1484375,11128,311,BLAp,BLA,168,left,0
11129,11130,3,7536.2,6021.24,2331.96,12.42578125,11129,311,BLAp,BLA,168,left,0
11130,11131,3,7538.94,6021.18,2331.44,0.58203125,11130,311,BLAp,BLA,168,left,0
11131,11132,3,7540.68,6021.76,2330.66,0.61328125,11131,311,BLAp,BLA,168,left,0
11132,11133,3,7543.94,6021.9,2330.4,0.5234375,11132,311,BLAp,BLA,168,left,0
11133,11134,3,7545.8,6023.22,2330.1,0.46484375,11133,311,BLAp,BLA,168,left,0
11134,11135,3,7547.64,6023.78,2330.16,0.46484375,11134,311,BLAp,BLA,168,left,0
11135,11136,3,7550.66,6024.5,2330.1,0.00390625,11135,311,BLAp,BLA,168,left,0
11136,11137,3,7551.5,6027.38,2329.14,0.671875,11136,311,BLAp,BLA,168,left,0
11137,11138,3,7552.3,6028.62,2327.54,12.8046875,11137,311,BLAp,BLA,168,left,0
11138,11139,3,7552.82,6029.06,2325.4,17.79296875,11138,311,BLAp,BLA,168,left,0
11139,11140,3,7555.42,6028.68,2325.26,20.38671875,11139,311,BLAp,BLA,168,left,0
11140,11141,3,7557.52,6028.34,2325.36,21.61328125,11140,311,BLAp,BLA,168,left,0
11141,11142,3,7559.02,6028.54,2325.12,0.41015625,11141,311,BLAp,BLA,168,left,0
11142,11143,3,7560.3,6030.4,2324.88,0.4375,11142,311,BLAp,BLA,168,left,0
11143,11144,3,7561.46,6032.88,2324.54,0.4375,11143,311,BLAp,BLA,168,left,0
11144,11145,3,7563.88,6034.34,2324.48,0.3515625,11144,311,BLAp,BLA,168,left,0
11145,11146,3,7565.8,6035.18,2324.5,0.203125,11145,311,BLAp,BLA,168,left,0
11146,11147,3,7567.86,6036.06,2324.78,2.44921875,11146,311,BLAp,BLA,168,left,0
11147,11148,3,7570.66,6036.36,2325.12,0.671875,11147,311,BLAp,BLA,168,left,0
11148,11149,3,7572.38,6036.4,2325.24,1.05078125,11148,311,BLAp,BLA,168,left,0
11149,11150,3,7573.62,6036.22,2325.36,0.17578125,11149,311,BLAp,BLA,168,left,0
11150,11151,3,7576.16,6035.76,2325.64,0.640625,11150,311,BLAp,BLA,168,left,0
11151,11152,3,7579.48,6035.18,2325.98,0.9609375,11151,311,BLAp,BLA,168,left,0
11152,11153,3,7582.84,6034.58,2326.34,0.37890625,11152,311,BLAp,BLA,168,left,0
11153,11154,3,7584.94,6034.38,2326.54,0.3515625,11153,311,BLAp,BLA,168,left,0
11154,11155,3,7587.26,6035.1,2326.64,0.49609375,11154,311,BLAp,BLA,168,left,0
11155,11156,3,7589.7,6035.5,2326.98,0.41015625,11155,311,BLAp,BLA,168,left,0
11156,11157,3,7591.4,6036.02,2326.5,0.41015625,11156,311,BLAp,BLA,168,left,0
11157,11158,3,7594.58,6035.74,2325.7,0.234375,11157,311,BLAp,BLA,168,left,0
11158,11159,3,7596.14,6035.7,2325.34,0.37890625,11158,311,BLAp,BLA,168,left,0
11159,11160,3,7599.18,6035.88,2324.72,0.4375,11159,311,BLAp,BLA,168,left,0
11160,11161,3,7600.84,6036.18,2323.68,0.3515625,11160,311,BLAp,BLA,168,left,0
11161,11162,3,7602.8,6036.16,2322.84,0.73046875,11161,311,BLAp,BLA,168,left,0
11162,11163,3,7604.98,6036.82,2321.8,0.5234375,11162,311,BLAp,BLA,168,left,0
11163,11164,3,7606.0,6038.56,2320.32,0.203125,11163,311,BLAp,BLA,168,left,0
11164,11165,3,7607.22,6039.66,2319.04,2.91796875,11164,311,BLAp,BLA,168,left,0
11165,11166,3,7609.08,6039.36,2319.18,0.3515625,11165,311,BLAp,BLA,168,left,0
11166,11167,3,7611.5,6039.32,2318.54,0.17578125,11166,311,BLAp,BLA,168,left,0
11167,11168,3,7613.2,6039.7,2316.9,0.41015625,11167,311,BLAp,BLA,168,left,0
11168,11169,3,7614.94,6039.72,2315.56,0.46484375,11168,311,BLAp,BLA,168,left,0
11169,11170,3,7615.56,6039.92,2313.98,0.37890625,11169,311,BLAp,BLA,168,left,0
11170,11171,3,7616.94,6040.12,2313.14,0.3515625,11170,311,BLAp,BLA,168,left,0
11171,11172,3,7619.6,6039.76,2312.04,0.0078125,11171,311,BLAp,BLA,168,left,0
11172,11173,3,7621.8,6040.22,2310.22,0.7890625,11172,311,BLAp,BLA,168,left,0
11173,11174,3,7623.82,6040.1,2309.24,3.52734375,11173,311,BLAp,BLA,168,left,0
11174,11175,3,7626.34,6039.78,2308.84,4.08203125,11174,311,BLAp,BLA,168,left,0
11175,11176,3,7628.32,6039.44,2309.06,1.13671875,11175,311,BLAp,BLA,168,left,0
11176,11177,3,7630.28,6039.26,2309.08,0.7578125,11176,311,BLAp,BLA,168,left,0
11177,11178,3,7631.86,6040.0,2308.06,1.28515625,11177,311,BLAp,BLA,168,left,0
11178,11179,3,7633.64,6040.16,2307.12,13.765625,11178,311,BLAp,BLA,168,left,0
11179,11180,3,7636.06,6039.96,2306.14,1.45703125,11179,311,BLAp,BLA,168,left,0
11180,11181,3,7637.02,6040.2,2304.24,0.7578125,11180,311,BLAp,BLA,168,left,0
11181,11182,3,7639.72,6039.86,2303.84,1.57421875,11181,311,BLAp,BLA,168,left,0
11182,11183,3,7641.88,6039.48,2304.06,1.13671875,11182,311,BLAp,BLA,168,left,0
11183,11184,3,7643.4,6039.42,2303.2,0.73046875,11183,311,BLAp,BLA,168,left,0
11184,11185,3,7644.06,6039.62,2301.6,0.640625,11184,311,BLAp,BLA,168,left,0
11185,11186,3,7645.92,6039.52,2300.64,0.41015625,11185,311,BLAp,BLA,168,left,0
11186,11187,3,7646.94,6039.88,2298.02,1.48828125,11186,311,BLAp,BLA,168,left,0
11187,11188,3,7647.34,6040.06,2296.78,1.33984375,11187,311,BLAp,BLA,168,left,0
11188,11189,3,7649.76,6039.8,2296.24,0.203125,11188,311,BLAp,BLA,168,left,0
11189,11190,3,7651.56,6039.62,2295.74,0.671875,11189,311,BLAp,BLA,168,left,0
11190,11191,3,7653.3,6039.36,2295.68,0.3515625,11190,311,BLAp,BLA,168,left,0
11191,11192,3,7484.32,6007.84,2359.66,0.00390625,8101,311,BLAp,BLA,169,left,0
11192,11193,3,7487.0,6006.94,2359.34,0.46484375,11192,311,BLAp,BLA,169,left,0
11193,11194,3,7489.76,6005.76,2359.0,0.26171875,11193,311,BLAp,BLA,169,left,0
11194,11195,3,7491.52,6004.54,2359.28,0.37890625,11194,311,BLAp,BLA,169,left,0
11195,11196,3,7494.58,6003.38,2359.6,0.26171875,11195,311,BLAp,BLA,169,left,0
11196,11197,3,7496.92,6001.2,2359.86,0.5234375,11196,311,BLAp,BLA,169,left,0
11197,11198,3,7497.68,5998.64,2360.3,1.8671875,11197,311,BLAp,BLA,169,left,0
11198,11199,3,7499.76,5996.44,2360.82,0.640625,11198,311,BLAp,BLA,169,left,0
11199,11200,3,7501.78,5995.52,2360.82,0.49609375,11199,311,BLAp,BLA,169,left,0
11200,11201,3,7504.0,5994.96,2360.74,0.02734375,11200,311,BLAp,BLA,169,left,0
11201,11202,3,7504.38,5994.0,2359.38,1.92578125,11201,311,BLAp,BLA,169,left,0
11202,11203,3,7504.32,5993.14,2357.54,12.19140625,11202,311,BLAp,BLA,169,left,0
11203,11204,3,7504.18,5988.88,2357.5,17.1796875,11203,311,BLAp,BLA,169,left,0
11204,11205,3,7504.38,5986.38,2356.14,1.48828125,11204,311,BLAp,BLA,169,left,0
11205,11206,3,7505.74,5985.5,2355.32,0.5546875,11205,311,BLAp,BLA,169,left,0
11206,11207,3,7506.26,5983.04,2354.46,0.58203125,11206,311,BLAp,BLA,169,left,0
11207,11208,3,7506.52,5980.68,2354.24,0.3515625,11207,311,BLAp,BLA,169,left,0
11208,11209,3,7507.88,5980.0,2353.92,0.17578125,11208,311,BLAp,BLA,169,left,0
11209,11210,3,7508.38,5977.62,2353.4,0.73046875,11209,311,BLAp,BLA,169,left,0
11210,11211,3,7508.68,5975.22,2353.7,0.4375,11210,311,BLAp,BLA,169,left,0
11211,11212,3,7511.28,5974.24,2354.08,0.46484375,11211,311,BLAp,BLA,169,left,0
11212,11213,3,7513.46,5973.66,2354.34,0.41015625,11212,311,BLAp,BLA,169,left,0
11213,11214,3,7515.76,5972.38,2354.74,0.29296875,11213,311,BLAp,BLA,169,left,0
11214,11215,3,7517.24,5971.18,2355.06,2.7109375,11214,311,BLAp,BLA,169,left,0
11215,11216,3,7519.7,5970.06,2355.34,22.8671875,11215,311,BLAp,BLA,169,left,0
11216,11217,3,7521.6,5968.18,2355.5,43.77734375,11216,311,BLAp,BLA,169,left,0
11217,11218,3,7524.46,5965.28,2356.22,22.1953125,11217,311,BLAp,BLA,169,left,0
11218,11219,3,7526.74,5964.02,2356.62,16.859375,11218,311,BLAp,BLA,169,left,0
11219,11220,3,7527.34,5963.08,2354.8,23.0703125,11219,311,BLAp,BLA,169,left,0
11220,11221,3,7527.72,5963.08,2352.72,7.7578125,11220,311,BLAp,BLA,169,left,0
11221,11222,3,7529.38,5962.92,2351.38,3.91015625,11221,311,BLAp,BLA,169,left,0
11222,11223,3,7530.34,5962.68,2349.9,2.9453125,11222,311,BLAp,BLA,169,left,0
11223,11224,3,7533.38,5961.4,2349.74,0.37890625,11223,311,BLAp,BLA,169,left,0
11224,11225,3,7534.72,5960.24,2349.9,0.26171875,11224,311,BLAp,BLA,169,left,0
11225,11226,3,7535.2,5960.12,2348.22,0.640625,11225,311,BLAp,BLA,169,left,0
11226,11227,3,7535.14,5958.56,2346.76,1.109375,11226,311,BLAp,BLA,169,left,0
11227,11228,3,7535.1,5957.04,2345.88,0.875,11227,311,BLAp,BLA,169,left,0
11228,11229,3,7537.46,5956.4,2345.02,0.640625,11228,311,BLAp,BLA,169,left,0
11229,11230,3,7539.38,5955.62,2345.52,0.46484375,11229,311,BLAp,BLA,169,left,0
11230,11231,3,7539.58,5955.04,2344.06,0.015625,11230,311,BLAp,BLA,169,left,0
11231,11232,3,7541.12,5953.54,2342.98,0.29296875,11231,311,BLAp,BLA,169,left,0
11232,11233,3,7542.7,5951.76,2342.58,0.3515625,11232,311,BLAp,BLA,169,left,0
11233,11234,3,7543.06,5949.46,2342.1,0.69921875,11233,311,BLAp,BLA,169,left,0
11234,11235,3,7545.22,5947.42,2342.34,1.80859375,11234,311,BLAp,BLA,169,left,0
11235,11236,3,7546.48,5945.62,2342.54,1.2265625,11235,311,BLAp,BLA,169,left,0
11236,11237,3,7548.36,5944.56,2342.64,0.17578125,11236,311,BLAp,BLA,169,left,0
11237,11238,3,7549.8,5943.16,2341.8,0.26171875,11237,311,BLAp,BLA,169,left,0
11238,11239,3,7550.48,5942.04,2340.3,21.671875,11238,311,BLAp,BLA,169,left,0
11239,11240,3,7550.48,5937.9,2340.34,5.10546875,11239,311,BLAp,BLA,169,left,0
11240,11241,3,7550.42,5935.8,2339.02,5.07421875,11240,311,BLAp,BLA,169,left,0
11241,11242,3,7550.38,5934.36,2336.2,1.2265625,11241,311,BLAp,BLA,169,left,0
11242,11243,3,7550.88,5934.3,2334.46,12.453125,11242,311,BLAp,BLA,169,left,0
11243,11244,3,7552.22,5931.94,2334.5,12.39453125,11243,311,BLAp,BLA,169,left,0
11244,11245,3,7553.88,5929.66,2334.74,1.078125,11244,311,BLAp,BLA,169,left,0
11245,11246,3,7555.56,5927.86,2333.68,0.37890625,11245,311,BLAp,BLA,169,left,0
11246,11247,3,7556.0,5925.58,2333.5,0.5546875,11246,311,BLAp,BLA,169,left,0
11247,11248,3,7557.12,5924.94,2333.36,12.27734375,11247,311,BLAp,BLA,169,left,0
11248,11249,3,7558.06,5925.3,2330.78,0.73046875,11248,311,BLAp,BLA,169,left,0
11249,11250,3,7558.16,5925.06,2329.46,0.61328125,11249,311,BLAp,BLA,169,left,0
11250,11251,3,7559.2,5923.36,2328.98,0.5234375,11250,311,BLAp,BLA,169,left,0
11251,11252,3,7561.48,5920.98,2328.36,0.640625,11251,311,BLAp,BLA,169,left,0
11252,11253,3,7563.0,5919.0,2327.76,0.29296875,11252,311,BLAp,BLA,169,left,0
11253,11254,3,7564.46,5914.68,2327.24,0.5546875,11253,311,BLAp,BLA,169,left,0
11254,11255,3,7566.32,5913.44,2326.64,0.203125,11254,311,BLAp,BLA,169,left,0
11255,11256,3,7569.82,5912.28,2326.7,0.3515625,11255,311,BLAp,BLA,169,left,0
11256,11257,3,7572.0,5911.84,2326.96,0.3515625,11256,311,BLAp,BLA,169,left,0
11257,11258,3,7571.36,5910.24,2326.64,0.01171875,11257,311,BLAp,BLA,169,left,0
11258,11259,3,7571.86,5908.56,2325.82,0.58203125,11258,311,BLAp,BLA,169,left,0
11259,11260,3,7573.16,5908.24,2325.68,0.49609375,11259,311,BLAp,BLA,169,left,0
11260,11261,3,7574.0,5907.18,2324.74,0.26171875,11260,311,BLAp,BLA,169,left,0
11261,11262,3,7575.44,5904.8,2323.86,0.61328125,11261,311,BLAp,BLA,169,left,0
11262,11263,3,7576.06,5902.96,2322.94,0.640625,11262,311,BLAp,BLA,169,left,0
11263,11264,3,7577.92,5901.24,2322.8,0.5546875,11263,311,BLAp,BLA,169,left,0
11264,11265,3,7579.48,5899.8,2322.74,0.875,11264,311,BLAp,BLA,169,left,0
11265,11266,3,7580.66,5898.82,2321.6,0.17578125,11265,311,BLAp,BLA,169,left,0
11266,11267,3,7581.86,5897.44,2320.82,0.640625,11266,311,BLAp,BLA,169,left,0
11267,11268,3,7583.8,5896.96,2320.3,0.41015625,11267,311,BLAp,BLA,169,left,0
11268,11269,3,7585.04,5895.34,2319.68,0.61328125,11268,311,BLAp,BLA,169,left,0
11269,11270,3,7586.5,5893.28,2319.02,1.1953125,11269,311,BLAp,BLA,169,left,0
11270,11271,3,7587.94,5892.06,2318.68,0.49609375,11270,311,BLAp,BLA,169,left,0
11271,11272,3,7590.22,5889.98,2318.68,0.203125,11271,311,BLAp,BLA,169,left,0
11272,11273,3,7591.18,5887.8,2318.32,0.203125,11272,311,BLAp,BLA,169,left,0
11273,11274,3,7592.24,5884.54,2318.2,0.61328125,11273,311,BLAp,BLA,169,left,0
11274,11275,3,7592.28,5881.78,2318.3,5.015625,11274,311,BLAp,BLA,169,left,0
11275,11276,3,7592.2,5874.44,2319.66,0.41015625,11275,311,BLAp,BLA,169,left,0
11276,11277,3,7592.58,5872.52,2320.12,0.73046875,11276,311,BLAp,BLA,169,left,0
11277,11278,3,7594.46,5871.68,2319.9,0.61328125,11277,311,BLAp,BLA,169,left,0
11278,11279,3,7596.06,5871.2,2319.02,0.4375,11278,311,BLAp,BLA,169,left,0
11279,11280,3,7598.06,5870.98,2318.04,0.26171875,11279,311,BLAp,BLA,169,left,0
11280,11281,3,7600.14,5870.6,2317.86,0.3515625,11280,311,BLAp,BLA,169,left,0
11281,11282,3,7601.12,5871.24,2314.3,1.078125,11281,311,BLAp,BLA,169,left,0
11282,11283,3,7601.46,5871.5,2312.9,0.84765625,11282,311,BLAp,BLA,169,left,0
11283,11284,3,7603.88,5870.64,2311.9,0.49609375,11283,311,BLAp,BLA,169,left,0
11284,11285,3,7605.78,5869.92,2311.18,0.5234375,11284,311,BLAp,BLA,169,left,0
11285,11286,3,7607.14,5870.22,2308.18,0.73046875,11285,311,BLAp,BLA,169,left,0
11286,11287,3,7607.88,5870.04,2305.98,0.84765625,11286,311,BLAp,BLA,169,left,0
11287,11288,3,7609.62,5869.12,2304.24,0.37890625,11287,311,BLAp,BLA,169,left,0
11288,11289,3,7611.84,5868.16,2303.58,0.4375,11288,311,BLAp,BLA,169,left,0
11289,11290,3,7612.72,5868.14,2302.08,0.5234375,11289,311,BLAp,BLA,169,left,0
11290,11291,3,7614.36,5867.48,2301.8,0.5234375,11290,311,BLAp,BLA,169,left,0
11291,11292,3,7616.32,5867.04,2301.8,0.5234375,11291,311,BLAp,BLA,169,left,0
11292,11293,3,7617.82,5866.7,2302.0,0.37890625,11292,311,BLAp,BLA,169,left,1
12641,12642,3,7652.5,6037.56,2295.18,0.01171875,11191,311,BLAp,BLA,192,left,0
12642,12643,3,7652.32,6033.92,2294.08,0.84765625,12642,311,BLAp,BLA,192,left,0
12643,12644,3,7652.26,6032.3,2292.7,3.296875,12643,311,BLAp,BLA,192,left,0
12644,12645,3,7652.18,6030.52,2291.34,0.875,12644,311,BLAp,BLA,192,left,0
12645,12646,3,7652.08,6028.1,2291.04,2.16015625,12645,311,BLAp,BLA,192,left,0
12646,12647,3,7651.94,6025.16,2291.04,0.7890625,12646,311,BLAp,BLA,192,left,0
12647,12648,3,7651.84,6023.04,2290.42,0.9921875,12647,311,BLAp,BLA,192,left,0
12648,12649,3,7652.14,6022.06,2289.18,0.7578125,12648,311,BLAp,BLA,192,left,0
12649,12650,3,7654.04,6021.2,2289.14,0.3515625,12649,311,BLAp,BLA,192,left,0
12650,12651,3,7655.06,6019.68,2289.8,0.46484375,12650,311,BLAp,BLA,192,left,1
12651,12652,3,7655.96,6038.76,2295.34,0.0078125,11191,311,BLAp,BLA,193,left,0
12652,12653,3,7657.42,6038.56,2293.72,0.84765625,12652,311,BLAp,BLA,193,left,0
12653,12654,3,7659.74,6038.44,2292.48,5.62890625,12653,311,BLAp,BLA,193,left,0
12654,12655,3,7662.38,6038.18,2291.76,1.01953125,12654,311,BLAp,BLA,193,left,0
12655,12656,3,7663.34,6038.2,2290.88,5.54296875,12655,311,BLAp,BLA,193,left,0
12656,12657,3,7666.24,6037.4,2290.52,0.671875,12656,311,BLAp,BLA,193,left,0
12657,12658,3,7668.0,6036.72,2289.64,0.46484375,12657,311,BLAp,BLA,193,left,0
12658,12659,3,7669.36,6036.68,2288.1,1.078125,12658,311,BLAp,BLA,193,left,0
12659,12660,3,7671.34,6035.7,2287.2,0.46484375,12659,311,BLAp,BLA,193,left,0
12660,12661,3,7671.76,6034.16,2285.38,4.0546875,12660,311,BLAp,BLA,193,left,0
12661,12662,3,7672.74,6033.04,2283.96,3.1796875,12661,311,BLAp,BLA,193,left,0
12662,12663,3,7675.52,6032.54,2283.7,18.83984375,12662,311,BLAp,BLA,193,left,0
12663,12664,3,7678.8,6031.98,2284.04,16.9453125,12663,311,BLAp,BLA,193,left,0
12664,12665,3,7681.18,6031.7,2283.6,0.46484375,12664,311,BLAp,BLA,193,left,0
12665,12666,3,7682.64,6031.42,2282.22,0.5234375,12665,311,BLAp,BLA,193,left,0
12666,12667,3,7684.52,6030.86,2280.66,1.60546875,12666,311,BLAp,BLA,193,left,0
12667,12668,3,7686.78,6030.38,2280.16,0.7890625,12667,311,BLAp,BLA,193,left,0
12668,12669,3,7688.68,6030.24,2279.28,0.5546875,12668,311,BLAp,BLA,193,left,0
12669,12670,3,7690.22,6029.66,2279.26,0.3515625,12669,311,BLAp,BLA,193,left,0
12670,12671,3,7691.9,6029.22,2279.34,0.05859375,12670,311,BLAp,BLA,193,left,0
12671,12672,3,7693.66,6029.04,2278.92,0.4375,12671,311,BLAp,BLA,193,left,0
12672,12673,3,7694.84,6028.6,2277.76,1.1953125,12672,311,BLAp,BLA,193,left,0
12673,12674,3,7695.44,6027.1,2277.78,1.77734375,12673,311,BLAp,BLA,193,left,0
12674,12675,3,7698.12,6025.86,2278.14,0.3203125,12674,311,BLAp,BLA,193,left,0
12675,12676,3,7699.76,6025.0,2277.78,0.41015625,12675,311,BLAp,BLA,193,left,0
12676,12677,3,7700.26,6022.98,2276.68,0.49609375,12676,311,BLAp,BLA,193,left,0
12677,12678,3,7701.22,6021.42,2276.4,0.4375,12677,311,BLAp,BLA,193,left,1
