,ID,type,AP,DV,ML,R,parent,area_ID,area_name,name_use,bratch_ID,side,terminal
0,1,1,7135.78,6000.8,2624.22,3.59375,-1,303,BLAa,BLA,1,left,0
1,2,3,7135.52,5998.3,2624.26,0.09375,1,303,BLAa,BLA,1,left,0
2,3,3,7135.72,5997.6,2622.98,8.3125,2,303,BLAa,BLA,1,left,0
3,4,3,7137.62,5997.48,2622.0200000000004,7.84765625,3,303,BLAa,BLA,1,left,0
4,5,3,7138.84,5997.38,2620.8,7.58203125,4,303,BLAa,BLA,1,left,0
33,34,3,7138.6,5997.32,2618.1000000000004,0.0078125,5,303,BLAa,BLA,3,left,0
34,35,3,7136.98,5997.24,2617.540000000001,7.3203125,34,303,BLAa,BLA,3,left,0
35,36,3,7134.36,5996.92,2617.120000000001,7.73046875,35,303,BLAa,BLA,3,left,0
36,37,3,7133.46,5996.9,2615.5200000000004,7.875,36,303,BLAa,BLA,3,left,0
37,38,3,7140.44,5997.3,2620.58,1.26171875,5,303,BLAa,BLA,4,left,0
38,39,3,7143.24,5997.16,2620.5200000000004,5.94921875,38,303,BLAa,BLA,4,left,0
39,40,3,7146.1,5997.02,2620.379999999999,3.64453125,39,303,BLAa,BLA,4,left,0
40,41,3,7147.96,5996.92,2619.6000000000004,1.16796875,40,303,BLAa,BLA,4,left,0
41,42,3,7149.5,5996.76,2617.42,0.84765625,41,303,BLAa,BLA,4,left,0
42,43,3,7150.58,5996.9,2614.26,1.33984375,42,303,BLAa,BLA,4,left,0
43,44,3,7151.46,5998.5,2612.3,1.33984375,43,303,BLAa,BLA,4,left,0
44,45,3,7152.18,5999.4,2610.459999999999,0.90234375,44,303,BLAa,BLA,4,left,0
45,46,3,7152.38,5999.32,2604.26,2.04296875,45,303,BLAa,BLA,4,left,0
46,47,3,7152.68,5999.28,2602.9400000000005,2.44921875,46,303,BLAa,BLA,4,left,0
47,48,3,7154.82,5999.16,2602.66,2.390625,47,303,BLAa,BLA,4,left,0
48,49,3,7156.68,5999.06,2602.620000000001,1.89453125,48,303,BLAa,BLA,4,left,0
49,50,3,7160.14,5998.86,2602.42,0.05078125,49,303,BLAa,BLA,4,left,0
50,51,3,7161.88,5998.76,2601.9,0.58203125,50,303,BLAa,BLA,4,left,0
51,52,3,7164.12,5998.62,2601.22,1.05078125,51,303,BLAa,BLA,4,left,0
52,53,3,7165.48,5998.54,2600.42,0.9609375,52,303,BLAa,BLA,4,left,0
53,54,3,7166.22,5998.38,2595.0200000000004,2.33203125,53,303,BLAa,BLA,4,left,0
54,55,3,7166.12,5998.7,2593.379999999999,2.5078125,54,303,BLAa,BLA,4,left,0
55,56,3,7166.22,6000.42,2592.540000000001,2.33203125,55,303,BLAa,BLA,4,left,0
56,57,3,7166.08,6001.3,2589.459999999999,2.33203125,56,303,BLAa,BLA,4,left,0
57,58,3,7166.26,6001.26,2587.9,2.21484375,57,303,BLAa,BLA,4,left,0
58,59,3,7167.92,6001.14,2586.92,2.1875,58,303,BLAa,BLA,4,left,0
59,60,3,7170.94,6000.94,2585.7800000000007,2.36328125,59,303,BLAa,BLA,4,left,0
60,61,3,7173.82,6000.76,2585.58,2.3046875,60,303,BLAa,BLA,4,left,0
61,62,3,7177.36,6000.56,2585.5200000000004,2.48046875,61,303,BLAa,BLA,4,left,0
62,63,3,7179.76,6000.42,2585.48,2.0703125,62,303,BLAa,BLA,4,left,0
63,64,3,7138.94,5997.42,2622.16,0.421875,5,303,BLAa,BLA,5,left,0
64,65,3,7139.34,5998.08,2626.16,6.09765625,64,303,BLAa,BLA,5,left,0
65,66,3,7139.62,6001.26,2625.84,5.6015625,65,303,BLAa,BLA,5,left,0
66,67,3,7140.5,6003.58,2626.379999999999,5.22265625,66,303,BLAa,BLA,5,left,0
67,68,3,7142.08,6004.02,2626.8,0.05078125,67,303,BLAa,BLA,5,left,0
68,69,3,7142.18,6005.96,2626.6399999999994,2.16015625,68,303,BLAa,BLA,5,left,0
69,70,3,7140.3,6006.06,2626.66,3.5,69,303,BLAa,BLA,5,left,0
70,71,3,7138.18,6006.72,2626.6000000000004,3.8203125,70,303,BLAa,BLA,5,left,0
71,72,3,7137.86,6009.2,2626.5,3.296875,71,303,BLAa,BLA,5,left,0
72,73,3,7136.68,6010.72,2627.9,2.59765625,72,303,BLAa,BLA,5,left,0
73,74,3,7135.08,6011.68,2628.5,2.21484375,73,303,BLAa,BLA,5,left,0
74,75,3,7134.94,6013.82,2628.120000000001,2.36328125,74,303,BLAa,BLA,5,left,0
75,76,3,7135.34,6017.42,2628.58,1.6640625,75,303,BLAa,BLA,5,left,0
76,77,3,7135.68,6019.24,2630.2800000000007,0.03515625,76,303,BLAa,BLA,5,left,0
77,78,3,7136.42,6022.08,2630.34,1.3984375,77,303,BLAa,BLA,5,left,0
78,79,3,7136.2,6022.74,2632.72,1.57421875,78,303,BLAa,BLA,5,left,0
79,80,3,7136.6,6025.6,2634.0200000000004,0.875,79,303,BLAa,BLA,5,left,0
80,81,3,7137.18,6030.46,2635.22,0.875,80,303,BLAa,BLA,5,left,0
81,82,3,7137.52,6033.6,2635.5,0.640625,81,303,BLAa,BLA,5,left,0
82,83,3,7138.02,6039.26,2634.7800000000007,1.13671875,82,303,BLAa,BLA,5,left,0
83,84,3,7138.18,6041.02,2634.459999999999,1.48828125,83,303,BLAa,BLA,5,left,0
84,85,3,7139.58,6046.56,2634.08,1.69140625,84,334,BMAp,BMA,5,left,0
110,111,3,7133.24,5996.96,2617.66,0.015625,37,303,BLAa,BLA,8,left,0
111,112,3,7131.44,5997.08,2618.66,9.44921875,111,303,BLAa,BLA,8,left,0
112,113,3,7130.1,5996.48,2619.92,11.98828125,112,303,BLAa,BLA,8,left,0
113,114,3,7129.92,5994.3,2620.48,10.99609375,113,303,BLAa,BLA,8,left,0
114,115,3,7133.38,5996.06,2615.5599999999995,1.3125,37,303,BLAa,BLA,9,left,0
115,116,3,7132.5,5985.64,2617.459999999999,6.765625,115,303,BLAa,BLA,9,left,0
116,117,3,7132.36,5983.8,2617.7800000000007,1.8359375,116,303,BLAa,BLA,9,left,0
117,118,3,7132.12,5982.58,2616.42,1.109375,117,303,BLAa,BLA,9,left,0
118,119,3,7131.82,5981.76,2613.72,1.13671875,118,303,BLAa,BLA,9,left,0
119,120,3,7131.98,5981.52,2611.7800000000007,2.390625,119,303,BLAa,BLA,9,left,0
120,121,3,7133.68,5981.42,2611.0599999999995,2.24609375,120,303,BLAa,BLA,9,left,0
121,122,3,7135.9,5981.3,2610.92,2.12890625,121,303,BLAa,BLA,9,left,0
122,123,3,7137.46,5981.16,2609.66,1.13671875,122,303,BLAa,BLA,9,left,0
123,124,3,7137.8,5980.0,2607.6800000000003,0.9609375,123,303,BLAa,BLA,9,left,0
124,125,3,7138.2,5977.6,2607.24,1.1953125,124,303,BLAa,BLA,9,left,0
125,126,3,7137.86,5975.22,2605.4,0.00390625,125,303,BLAa,BLA,9,left,0
126,127,3,7137.32,5971.32,2603.3600000000006,1.92578125,126,303,BLAa,BLA,9,left,0
127,128,3,7136.96,5968.44,2602.459999999999,0.58203125,127,303,BLAa,BLA,9,left,0
128,129,3,7136.56,5965.92,2600.58,1.25390625,128,303,BLAa,BLA,9,left,0
129,130,3,7136.32,5964.5,2599.24,1.33984375,129,303,BLAa,BLA,9,left,0
130,131,3,7136.06,5962.9,2597.84,1.25390625,130,303,BLAa,BLA,9,left,0
131,132,3,7135.54,5960.24,2594.6399999999994,1.37109375,131,303,BLAa,BLA,9,left,0
132,133,3,7135.28,5959.06,2592.84,1.33984375,132,303,BLAa,BLA,9,left,0
133,134,3,7135.06,5958.26,2591.0599999999995,1.515625,133,303,BLAa,BLA,9,left,0
134,135,3,7134.74,5956.82,2588.6800000000003,0.671875,134,303,BLAa,BLA,9,left,0
135,136,3,7134.68,5955.68,2587.379999999999,1.109375,135,303,BLAa,BLA,9,left,0
136,137,3,7135.66,5954.38,2585.8600000000006,1.13671875,136,303,BLAa,BLA,9,left,0
137,138,3,7136.4,5953.1,2583.9,0.93359375,137,303,BLAa,BLA,9,left,0
138,139,3,7138.7,5952.1,2582.42,0.93359375,138,303,BLAa,BLA,9,left,0
139,140,3,7141.38,5950.92,2581.74,1.01953125,139,303,BLAa,BLA,9,left,0
140,141,3,7143.04,5949.94,2580.9,1.3125,140,303,BLAa,BLA,9,left,0
141,142,3,7143.08,5948.36,2579.82,1.69140625,141,303,BLAa,BLA,9,left,0
142,143,3,7142.78,5946.8,2578.040000000001,1.953125,142,303,BLAa,BLA,9,left,0
143,144,3,7143.0,5944.6,2578.0599999999995,2.2734375,143,303,BLAa,BLA,9,left,0
144,145,3,7145.12,5944.0,2578.120000000001,2.1015625,144,303,BLAa,BLA,9,left,0
145,146,3,7147.0,5943.9,2578.1000000000004,2.1015625,145,303,BLAa,BLA,9,left,0
146,147,3,7150.24,5943.58,2577.74,0.0390625,146,303,BLAa,BLA,9,left,0
147,148,3,7150.8,5941.2,2577.6399999999994,0.7578125,147,303,BLAa,BLA,9,left,0
148,149,3,7150.5,5938.52,2576.879999999999,0.90234375,148,303,BLAa,BLA,9,left,0
149,150,3,7150.14,5936.44,2575.0,0.9921875,149,303,BLAa,BLA,9,left,0
150,151,3,7149.72,5935.6,2570.3,1.72265625,150,303,BLAa,BLA,9,left,0
151,152,3,7149.62,5935.6,2568.959999999999,1.6640625,151,303,BLAa,BLA,9,left,0
152,153,3,7180.14,6000.38,2584.8600000000006,0.34375,63,303,BLAa,BLA,10,left,0
153,154,3,7179.58,6000.28,2575.76,1.4296875,153,303,BLAa,BLA,10,left,0
154,155,3,7179.5,6000.5,2574.2800000000007,1.109375,154,303,BLAa,BLA,10,left,0
155,156,3,7179.46,6002.04,2571.6399999999994,1.4296875,155,303,BLAa,BLA,10,left,0
156,157,3,7179.44,6004.36,2568.24,1.33984375,156,303,BLAa,BLA,10,left,0
157,158,3,7179.46,6006.96,2564.8600000000006,1.109375,157,303,BLAa,BLA,10,left,0
158,159,3,7179.86,6007.86,2563.5599999999995,1.16796875,158,303,BLAa,BLA,10,left,0
159,160,3,7182.02,6007.88,2562.540000000001,1.13671875,159,303,BLAa,BLA,10,left,0
160,161,3,7183.3,6008.12,2561.1800000000003,1.515625,160,303,BLAa,BLA,10,left,0
161,162,3,7184.1,6008.88,2558.9,1.13671875,161,303,BLAa,BLA,10,left,0
162,163,3,7184.4,6008.92,2557.0200000000004,0.7890625,162,303,BLAa,BLA,10,left,0
163,164,3,7186.66,6009.46,2556.4,0.5546875,163,303,BLAa,BLA,10,left,0
164,165,3,7188.48,6011.32,2555.5,1.13671875,164,303,BLAa,BLA,10,left,0
165,166,3,7189.26,6015.06,2554.48,0.84765625,165,303,BLAa,BLA,10,left,0
166,167,3,7189.96,6016.34,2554.22,0.9609375,166,303,BLAa,BLA,10,left,0
167,168,3,7192.54,6016.28,2554.1800000000003,0.640625,167,303,BLAa,BLA,10,left,0
168,169,3,7194.66,6016.14,2554.0599999999995,0.41015625,168,303,BLAa,BLA,10,left,0
169,170,3,7195.46,6017.76,2552.9,0.49609375,169,303,BLAa,BLA,10,left,0
170,171,3,7195.58,6020.24,2551.040000000001,0.58203125,170,303,BLAa,BLA,10,left,0
171,172,3,7196.44,6021.5,2548.9400000000005,1.078125,171,303,BLAa,BLA,10,left,0
172,173,3,7197.64,6021.98,2546.8600000000006,0.640625,172,303,BLAa,BLA,10,left,0
173,174,3,7182.76,5999.72,2585.540000000001,0.07421875,63,303,BLAa,BLA,11,left,0
174,175,3,7183.64,5998.12,2585.8,1.16796875,174,303,BLAa,BLA,11,left,0
175,176,3,7183.52,5996.58,2584.92,1.69140625,175,303,BLAa,BLA,11,left,0
176,177,3,7183.42,5995.36,2582.5200000000004,1.57421875,176,303,BLAa,BLA,11,left,0
177,178,3,7184.22,5993.76,2581.2800000000007,1.16796875,177,303,BLAa,BLA,11,left,0
178,179,3,7186.1,5991.24,2578.98,0.7578125,178,303,BLAa,BLA,11,left,0
179,180,3,7187.7,5990.18,2577.959999999999,0.84765625,179,303,BLAa,BLA,11,left,0
180,181,3,7190.12,5988.52,2577.8,0.5546875,180,303,BLAa,BLA,11,left,0
181,182,3,7190.86,5986.94,2577.7800000000007,1.13671875,181,303,BLAa,BLA,11,left,0
182,183,3,7192.88,5984.72,2578.08,1.13671875,182,303,BLAa,BLA,11,left,0
183,184,3,7194.36,5983.02,2578.3600000000006,0.7890625,183,303,BLAa,BLA,11,left,0
184,185,3,7196.44,5980.0,2578.8600000000006,1.57421875,184,303,BLAa,BLA,11,left,0
185,186,3,7198.4,5977.6,2579.26,1.69140625,185,303,BLAa,BLA,11,left,0
186,187,3,7200.52,5976.36,2579.42,2.12890625,186,303,BLAa,BLA,11,left,0
187,188,3,7203.22,5974.62,2579.6800000000003,2.21484375,187,303,BLAa,BLA,11,left,0
188,189,3,7205.98,5973.26,2579.8600000000006,2.1015625,188,303,BLAa,BLA,11,left,0
189,190,3,7208.16,5972.66,2579.92,1.92578125,189,303,BLAa,BLA,11,left,0
190,191,3,7209.68,5971.4,2580.120000000001,1.92578125,190,303,BLAa,BLA,11,left,0
191,192,3,7212.16,5969.8,2580.3600000000006,2.12890625,191,303,BLAa,BLA,11,left,0
192,193,3,7213.8,5968.4,2580.58,1.6640625,192,303,BLAa,BLA,11,left,0
193,194,3,7214.02,5961.78,2581.8,1.72265625,193,303,BLAa,BLA,11,left,0
194,195,3,7214.3,5960.02,2582.120000000001,1.75,194,303,BLAa,BLA,11,left,0
195,196,3,7217.04,5959.48,2582.16,1.92578125,195,303,BLAa,BLA,11,left,0
196,197,3,7219.36,5959.32,2582.1399999999994,1.546875,196,303,BLAa,BLA,11,left,0
197,198,3,7222.86,5958.9,2582.120000000001,0.04296875,197,303,BLAa,BLA,11,left,0
198,199,3,7224.46,5957.48,2582.3600000000006,0.73046875,198,303,BLAa,BLA,11,left,0
199,200,3,7225.8,5955.22,2582.74,0.7578125,199,303,BLAa,BLA,11,left,0
200,201,3,7228.16,5952.92,2583.120000000001,1.28515625,200,303,BLAa,BLA,11,left,0
201,202,3,7230.72,5951.86,2583.24,0.640625,201,303,BLAa,BLA,11,left,0
202,203,3,7233.46,5951.14,2583.4,0.69921875,202,303,BLAa,BLA,11,left,0
203,204,3,7235.14,5950.26,2584.32,0.671875,203,303,BLAa,BLA,11,left,0
204,205,3,7236.22,5948.8,2587.040000000001,0.90234375,204,303,BLAa,BLA,11,left,0
205,206,3,7236.34,5948.06,2589.58,1.109375,205,303,BLAa,BLA,11,left,0
206,207,3,7236.58,5946.08,2590.6000000000004,1.2265625,206,303,BLAa,BLA,11,left,0
207,208,3,7238.24,5944.28,2591.1800000000003,1.13671875,207,303,BLAa,BLA,11,left,0
208,209,3,7241.18,5942.14,2591.58,1.01953125,208,303,BLAa,BLA,11,left,0
209,210,3,7244.42,5940.66,2591.7800000000007,1.16796875,209,303,BLAa,BLA,11,left,0
210,211,3,7245.68,5939.2,2592.0200000000004,1.60546875,210,303,BLAa,BLA,11,left,0
211,212,3,7247.6,5937.66,2592.2800000000007,1.109375,211,303,BLAa,BLA,11,left,0
212,213,3,7250.84,5936.98,2592.32,1.69140625,212,303,BLAa,BLA,11,left,0
213,214,3,7254.34,5936.7,2592.3,2.01171875,213,303,BLAa,BLA,11,left,0
214,215,3,7256.72,5936.52,2592.2800000000007,1.69140625,214,303,BLAa,BLA,11,left,0
215,216,3,7258.44,5936.38,2592.26,0.90234375,215,303,BLAa,BLA,11,left,0
216,217,3,7140.34,6051.22,2633.4,0.01953125,85,334,BMAp,BMA,12,left,0
217,218,3,7140.74,6054.48,2634.379999999999,0.58203125,217,334,BMAp,BMA,12,left,0
218,219,3,7141.06,6057.24,2634.84,0.49609375,218,334,BMAp,BMA,12,left,0
219,220,3,7142.08,6060.44,2634.8600000000006,0.41015625,219,334,BMAp,BMA,12,left,0
220,221,3,7143.58,6062.48,2634.620000000001,1.25390625,220,334,BMAp,BMA,12,left,0
221,222,3,7144.24,6064.68,2634.9400000000005,0.4375,221,334,BMAp,BMA,12,left,0
222,223,3,7144.54,6067.7,2634.9,0.41015625,222,334,BMAp,BMA,12,left,0
223,224,3,7145.6,6071.16,2635.2000000000007,0.69921875,223,334,BMAp,BMA,12,left,0
224,225,3,7147.28,6073.2,2635.1399999999994,0.61328125,224,334,BMAp,BMA,12,left,0
225,226,3,7149.98,6075.58,2634.9,0.640625,225,334,BMAp,BMA,12,left,0
226,227,3,7151.18,6078.1,2634.72,0.7890625,226,334,BMAp,BMA,12,left,0
227,228,3,7152.42,6080.62,2635.0599999999995,0.93359375,227,334,BMAp,BMA,12,left,0
228,229,3,7154.06,6082.0,2635.879999999999,0.90234375,228,334,BMAp,BMA,12,left,0
229,230,3,7156.06,6083.64,2637.6800000000003,0.90234375,229,334,BMAp,BMA,12,left,0
230,231,3,7156.9,6085.6,2638.0599999999995,0.7578125,230,334,BMAp,BMA,12,left,0
231,232,3,7159.06,6086.44,2637.9400000000005,0.93359375,231,334,BMAp,BMA,12,left,0
232,233,3,7160.12,6087.88,2637.66,0.640625,232,334,BMAp,BMA,12,left,0
233,234,3,7160.48,6090.06,2639.58,0.00390625,233,334,BMAp,BMA,12,left,0
234,235,3,7160.88,6093.44,2640.1800000000003,0.9921875,234,334,BMAp,BMA,12,left,0
235,236,3,7161.3,6096.98,2640.92,0.81640625,235,334,BMAp,BMA,12,left,0
236,237,3,7161.66,6099.68,2641.9400000000005,1.1953125,236,334,BMAp,BMA,12,left,0
237,238,3,7161.86,6101.24,2642.540000000001,1.01953125,237,334,BMAp,BMA,12,left,0
238,239,3,7162.38,6103.88,2643.540000000001,0.90234375,238,334,BMAp,BMA,12,left,0
239,240,3,7163.44,6105.58,2643.84,0.69921875,239,334,BMAp,BMA,12,left,0
240,241,3,7164.42,6108.18,2645.3,0.9609375,240,334,BMAp,BMA,12,left,0
241,242,3,7165.78,6109.94,2646.2000000000007,0.7890625,241,334,BMAp,BMA,12,left,0
242,243,3,7167.94,6112.04,2647.66,0.41015625,242,334,BMAp,BMA,12,left,0
243,244,3,7169.34,6113.06,2648.24,0.73046875,243,334,BMAp,BMA,12,left,0
244,245,3,7169.84,6115.0,2649.72,0.61328125,244,334,BMAp,BMA,12,left,0
245,246,3,7170.84,6117.8,2651.7000000000007,0.4375,245,334,BMAp,BMA,12,left,0
246,247,3,7172.06,6119.7,2652.7800000000007,0.84765625,246,334,BMAp,BMA,12,left,0
247,248,3,7173.94,6121.4,2654.3,0.84765625,247,334,BMAp,BMA,12,left,0
248,249,3,7177.12,6123.94,2655.9,1.078125,248,334,BMAp,BMA,12,left,0
249,250,3,7179.3,6125.32,2656.92,0.671875,249,334,BMAp,BMA,12,left,0
250,251,3,7181.08,6126.32,2657.34,0.640625,250,334,BMAp,BMA,12,left,0
251,252,3,7181.42,6127.6,2658.0,0.671875,251,334,BMAp,BMA,12,left,0
252,253,3,7137.2,6046.84,2633.92,0.09375,85,334,BMAp,BMA,13,left,0
253,254,3,7135.32,6048.12,2633.7000000000007,1.6328125,253,334,BMAp,BMA,13,left,0
254,255,3,7135.42,6050.96,2633.2000000000007,1.4296875,254,334,BMAp,BMA,13,left,0
255,256,3,7135.56,6053.36,2631.74,0.875,255,334,BMAp,BMA,13,left,0
256,257,3,7135.06,6055.52,2629.5,0.29296875,256,334,BMAp,BMA,13,left,0
257,258,3,7133.76,6057.1,2628.040000000001,0.37890625,257,334,BMAp,BMA,13,left,0
258,259,3,7132.8,6058.78,2626.6000000000004,0.5234375,258,334,BMAp,BMA,13,left,0
259,260,3,7131.52,6060.46,2625.48,0.81640625,259,334,BMAp,BMA,13,left,0
260,261,3,7130.86,6063.64,2624.72,0.93359375,260,303,BLAa,BLA,13,left,0
261,262,3,7129.38,6065.68,2624.4,0.69921875,261,334,BMAp,BMA,13,left,0
262,263,3,7127.74,6066.0,2624.379999999999,1.078125,262,334,BMAp,BMA,13,left,0
263,264,3,7126.76,6068.14,2624.040000000001,0.01171875,263,334,BMAp,BMA,13,left,0
264,265,3,7123.54,6068.84,2624.0,0.41015625,264,303,BLAa,BLA,13,left,0
265,266,3,7122.12,6069.6,2623.8,0.5546875,265,303,BLAa,BLA,13,left,0
266,267,3,7120.1,6070.44,2623.24,0.41015625,266,303,BLAa,BLA,13,left,0
267,268,3,7117.96,6071.14,2622.8,0.41015625,267,303,BLAa,BLA,13,left,0
268,269,3,7115.82,6071.7,2622.32,0.41015625,268,303,BLAa,BLA,13,left,0
269,270,3,7114.12,6072.6,2621.7000000000007,0.58203125,269,303,BLAa,BLA,13,left,0
270,271,3,7113.5,6074.58,2620.0200000000004,0.875,270,303,BLAa,BLA,13,left,0
271,272,3,7112.14,6076.42,2618.48,0.640625,271,303,BLAa,BLA,13,left,0
272,273,3,7109.68,6077.18,2617.66,0.37890625,272,303,BLAa,BLA,13,left,0
273,274,3,7107.64,6077.72,2617.120000000001,0.4375,273,303,BLAa,BLA,13,left,0
274,275,3,7105.42,6078.56,2616.2000000000007,0.640625,274,303,BLAa,BLA,13,left,0
275,276,3,7103.52,6079.5,2614.959999999999,0.3515625,275,303,BLAa,BLA,13,left,0
276,277,3,7100.78,6080.74,2613.58,0.73046875,276,303,BLAa,BLA,13,left,0
277,278,3,7098.9,6081.44,2612.6000000000004,0.5546875,277,303,BLAa,BLA,13,left,0
278,279,3,7096.78,6082.12,2612.4400000000005,0.49609375,278,303,BLAa,BLA,13,left,0
279,280,3,7094.92,6082.94,2612.34,0.640625,279,303,BLAa,BLA,13,left,0
280,281,3,7093.1,6083.5,2612.3,0.4375,280,303,BLAa,BLA,13,left,0
281,282,3,7091.3,6083.82,2612.3,0.81640625,281,303,BLAa,BLA,13,left,0
282,283,3,7089.04,6084.6,2612.22,0.5234375,282,303,BLAa,BLA,13,left,0
283,284,3,7086.38,6086.46,2611.959999999999,0.5234375,283,303,BLAa,BLA,13,left,0
284,285,3,7084.16,6088.36,2611.5200000000004,0.81640625,284,303,BLAa,BLA,13,left,0
285,286,3,7082.18,6090.04,2611.0200000000004,0.640625,285,303,BLAa,BLA,13,left,0
286,287,3,7081.36,6093.1,2610.5,0.0078125,286,303,BLAa,BLA,13,left,0
287,288,3,7079.6,6094.78,2610.26,0.73046875,287,303,BLAa,BLA,13,left,0
288,289,3,7077.3,6096.16,2609.98,0.93359375,288,303,BLAa,BLA,13,left,0
289,290,3,7076.04,6097.7,2609.2000000000007,0.81640625,289,303,BLAa,BLA,13,left,0
290,291,3,7073.32,6099.7,2608.5200000000004,0.640625,290,303,BLAa,BLA,13,left,0
291,292,3,7071.3,6100.68,2608.0,0.671875,291,303,BLAa,BLA,13,left,0
292,293,3,7068.52,6101.52,2607.26,0.84765625,292,303,BLAa,BLA,13,left,0
293,294,3,7066.08,6103.0,2606.76,0.640625,293,303,BLAa,BLA,13,left,0
294,295,3,7065.3,6104.52,2606.1800000000003,0.671875,294,303,BLAa,BLA,13,left,0
295,296,3,7063.38,6106.88,2604.9,0.640625,295,303,BLAa,BLA,13,left,0
296,297,3,7062.7,6109.58,2603.5599999999995,0.5234375,296,303,BLAa,BLA,13,left,0
297,298,3,7062.44,6112.28,2601.459999999999,0.46484375,297,303,BLAa,BLA,13,left,0
298,299,3,7060.92,6113.0,2600.6399999999994,0.73046875,298,303,BLAa,BLA,13,left,0
299,300,3,7058.9,6114.4,2598.6399999999994,0.640625,299,303,BLAa,BLA,13,left,0
300,301,3,7057.62,6115.2,2596.82,0.58203125,300,303,BLAa,BLA,13,left,0
301,302,3,7054.84,6115.98,2595.0,0.4375,301,303,BLAa,BLA,13,left,0
302,303,3,7052.62,6116.72,2594.6000000000004,0.58203125,302,303,BLAa,BLA,13,left,0
303,304,3,7050.82,6117.12,2593.5599999999995,0.61328125,303,303,BLAa,BLA,13,left,0
304,305,3,7050.04,6118.52,2592.42,0.3203125,304,303,BLAa,BLA,13,left,0
305,306,3,7048.68,6120.76,2591.379999999999,0.5234375,305,303,BLAa,BLA,13,left,0
306,307,3,7048.04,6122.74,2590.5,0.61328125,306,303,BLAa,BLA,13,left,0
307,308,3,7046.44,6123.18,2589.959999999999,0.84765625,307,303,BLAa,BLA,13,left,0
308,309,3,7045.92,6123.16,2588.6800000000003,0.81640625,308,303,BLAa,BLA,13,left,0
381,382,3,7128.52,5994.68,2618.379999999999,0.06640625,114,303,BLAa,BLA,18,left,0
382,383,3,7126.4,5994.82,2617.4,7.5234375,382,303,BLAa,BLA,18,left,0
383,384,3,7124.16,5994.92,2617.34,7.46484375,383,303,BLAa,BLA,18,left,0
384,385,3,7129.28,5986.62,2621.72,6.73828125,114,303,BLAa,BLA,19,left,0
385,386,3,7128.96,5986.16,2618.540000000001,2.91796875,385,303,BLAa,BLA,19,left,0
386,387,3,7128.78,5985.7,2616.82,4.0234375,386,303,BLAa,BLA,19,left,0
387,388,3,7127.86,5984.5,2616.0200000000004,2.65234375,387,303,BLAa,BLA,19,left,0
388,389,3,7125.5,5984.38,2615.6399999999994,0.875,388,303,BLAa,BLA,19,left,0
389,390,3,7123.04,5984.48,2615.5599999999995,1.01953125,389,303,BLAa,BLA,19,left,0
390,391,3,7122.18,5982.36,2615.1800000000003,0.46484375,390,303,BLAa,BLA,19,left,0
391,392,3,7121.84,5979.22,2614.959999999999,0.73046875,391,303,BLAa,BLA,19,left,0
392,393,3,7121.52,5975.86,2614.98,0.49609375,392,303,BLAa,BLA,19,left,0
393,394,3,7119.68,5973.62,2615.120000000001,0.671875,393,303,BLAa,BLA,19,left,0
394,395,3,7117.84,5972.08,2614.6800000000003,0.49609375,394,303,BLAa,BLA,19,left,0
395,396,3,7116.34,5970.4,2614.32,0.49609375,395,303,BLAa,BLA,19,left,0
396,397,3,7114.88,5970.6,2614.3,0.125,396,303,BLAa,BLA,19,left,0
397,398,3,7113.42,5969.02,2614.26,1.01953125,397,303,BLAa,BLA,19,left,0
398,399,3,7112.62,5966.56,2613.5200000000004,0.93359375,398,303,BLAa,BLA,19,left,0
399,400,3,7110.68,5963.52,2613.3600000000006,0.7890625,399,303,BLAa,BLA,19,left,0
400,401,3,7108.9,5960.62,2613.16,0.58203125,400,303,BLAa,BLA,19,left,0
401,402,3,7107.76,5958.82,2612.98,0.7890625,401,303,BLAa,BLA,19,left,0
402,403,3,7106.16,5955.32,2612.7800000000007,0.875,402,303,BLAa,BLA,19,left,0
403,404,3,7104.34,5952.48,2612.620000000001,0.7578125,403,303,BLAa,BLA,19,left,0
404,405,3,7102.58,5950.08,2612.76,0.81640625,404,303,BLAa,BLA,19,left,0
405,406,3,7100.46,5947.42,2612.9400000000005,0.4375,405,303,BLAa,BLA,19,left,0
406,407,3,7098.84,5946.06,2612.92,0.5234375,406,303,BLAa,BLA,19,left,0
407,408,3,7097.0,5944.18,2613.1800000000003,0.671875,407,303,BLAa,BLA,19,left,0
408,409,3,7095.34,5943.42,2613.040000000001,0.5234375,408,303,BLAa,BLA,19,left,0
409,410,3,7093.14,5942.14,2613.22,0.41015625,409,303,BLAa,BLA,19,left,0
410,411,3,7091.46,5940.42,2613.58,0.7890625,410,303,BLAa,BLA,19,left,0
411,412,3,7088.72,5938.38,2614.040000000001,0.5546875,411,303,BLAa,BLA,19,left,0
412,413,3,7086.48,5937.66,2614.22,1.25390625,412,303,BLAa,BLA,19,left,0
413,414,3,7084.38,5936.62,2614.1000000000004,0.046875,413,303,BLAa,BLA,19,left,0
414,415,3,7083.5,5933.9,2613.48,0.46484375,414,303,BLAa,BLA,19,left,0
415,416,3,7082.06,5931.4,2613.0,0.671875,415,303,BLAa,BLA,19,left,0
416,417,3,7080.4,5930.3,2613.0,0.69921875,416,303,BLAa,BLA,19,left,0
417,418,3,7079.46,5928.22,2613.16,0.81640625,417,303,BLAa,BLA,19,left,0
418,419,3,7078.8,5924.28,2613.040000000001,0.73046875,418,303,BLAa,BLA,19,left,0
419,420,3,7077.14,5921.94,2613.26,0.58203125,419,303,BLAa,BLA,19,left,0
420,421,3,7076.0,5919.22,2613.540000000001,0.640625,420,303,BLAa,BLA,19,left,0
421,422,3,7074.72,5916.54,2613.8600000000006,0.69921875,421,303,BLAa,BLA,19,left,0
422,423,3,7073.48,5911.52,2614.82,0.41015625,422,303,BLAa,BLA,19,left,0
423,424,3,7071.96,5908.84,2615.34,0.640625,423,303,BLAa,BLA,19,left,0
424,425,3,7070.66,5900.18,2617.0,0.5234375,424,303,BLAa,BLA,19,left,0
425,426,3,7070.48,5897.84,2617.6399999999994,0.7890625,425,303,BLAa,BLA,19,left,0
426,427,3,7069.72,5892.98,2618.8,0.84765625,426,303,BLAa,BLA,19,left,0
427,428,3,7068.68,5890.1,2619.22,0.26171875,427,303,BLAa,BLA,19,left,0
428,429,3,7067.24,5888.22,2619.26,0.7890625,428,303,BLAa,BLA,19,left,0
429,430,3,7065.18,5888.2,2619.32,0.640625,429,303,BLAa,BLA,19,left,0
430,431,3,7064.18,5883.98,2619.459999999999,0.01171875,430,303,BLAa,BLA,19,left,0
431,432,3,7062.66,5880.26,2619.4400000000005,0.41015625,431,303,BLAa,BLA,19,left,0
432,433,3,7062.34,5878.0,2619.6000000000004,0.58203125,432,303,BLAa,BLA,19,left,0
433,434,3,7060.84,5875.34,2619.9400000000005,0.61328125,433,303,BLAa,BLA,19,left,0
434,435,3,7059.54,5873.84,2619.84,0.84765625,434,303,BLAa,BLA,19,left,0
435,436,3,7058.72,5866.54,2620.74,0.5234375,435,303,BLAa,BLA,19,left,0
436,437,3,7058.5,5864.16,2620.98,0.671875,436,303,BLAa,BLA,19,left,0
437,438,3,7058.14,5860.24,2621.48,0.93359375,437,303,BLAa,BLA,19,left,0
438,439,3,7057.92,5857.84,2621.92,0.05078125,438,303,BLAa,BLA,19,left,0
439,440,3,7056.52,5849.04,2623.08,0.00390625,439,303,BLAa,BLA,19,left,0
440,441,3,7055.4,5845.42,2622.5200000000004,0.5234375,440,303,BLAa,BLA,19,left,0
441,442,3,7055.04,5842.36,2622.1000000000004,0.49609375,441,303,BLAa,BLA,19,left,0
442,443,3,7054.42,5835.58,2622.9,0.41015625,442,303,BLAa,BLA,19,left,0
443,444,3,7054.1,5832.64,2622.9,0.29296875,443,303,BLAa,BLA,19,left,0
444,445,3,7053.4,5826.98,2621.7000000000007,0.3515625,444,303,BLAa,BLA,19,left,0
445,446,3,7053.1,5824.48,2621.2000000000007,0.234375,445,303,BLAa,BLA,19,left,0
446,447,3,7052.66,5820.68,2620.7800000000007,0.9609375,446,303,BLAa,BLA,19,left,0
447,448,3,7052.32,5817.56,2620.6000000000004,0.671875,447,303,BLAa,BLA,19,left,0
448,449,3,7051.88,5814.04,2619.9,0.671875,448,303,BLAa,BLA,19,left,0
449,450,3,7051.44,5809.88,2619.7800000000007,0.93359375,449,303,BLAa,BLA,19,left,0
450,451,3,7051.0,5805.86,2619.42,0.46484375,450,303,BLAa,BLA,19,left,0
451,452,3,7050.64,5802.68,2619.26,0.7578125,451,303,BLAa,BLA,19,left,0
452,453,3,7050.3,5799.46,2619.1800000000003,0.46484375,452,303,BLAa,BLA,19,left,0
453,454,3,7049.6,5796.92,2618.620000000001,0.58203125,453,303,BLAa,BLA,19,left,0
454,455,3,7047.68,5795.52,2618.7000000000007,0.93359375,454,303,BLAa,BLA,19,left,0
455,456,3,7047.08,5793.4,2618.74,1.01953125,455,303,BLAa,BLA,19,left,0
456,457,3,7045.98,5781.16,2620.5599999999995,0.5546875,456,303,BLAa,BLA,19,left,0
457,458,3,7045.8,5778.8,2621.26,0.73046875,457,303,BLAa,BLA,19,left,0
458,459,3,7044.54,5777.32,2621.7000000000007,0.9609375,458,303,BLAa,BLA,19,left,0
459,460,3,7042.42,5777.26,2621.74,0.61328125,459,303,BLAa,BLA,19,left,0
460,461,3,7041.68,5774.64,2622.24,0.04296875,460,303,BLAa,BLA,19,left,0
461,462,3,7041.4,5771.82,2622.959999999999,0.671875,461,303,BLAa,BLA,19,left,0
462,463,3,7040.5,5761.18,2625.1800000000003,0.7890625,462,303,BLAa,BLA,19,left,0
463,464,3,7040.12,5757.62,2625.2000000000007,1.01953125,463,303,BLAa,BLA,19,left,0
464,465,3,7039.28,5754.4,2624.6800000000003,0.640625,464,303,BLAa,BLA,19,left,0
465,466,3,7038.16,5751.96,2624.379999999999,0.58203125,465,303,BLAa,BLA,19,left,0
466,467,3,7036.74,5749.38,2624.22,0.58203125,466,303,BLAa,BLA,19,left,0
467,468,3,7036.3,5747.14,2623.7800000000007,0.7890625,467,303,BLAa,BLA,19,left,0
468,469,3,7035.96,5745.2,2622.4400000000005,0.93359375,468,303,BLAa,BLA,19,left,0
469,470,3,7035.6,5742.34,2621.76,0.69921875,469,303,BLAa,BLA,19,left,0
470,471,3,7035.22,5739.56,2620.879999999999,0.7578125,470,303,BLAa,BLA,19,left,0
471,472,3,7034.64,5736.2,2618.620000000001,0.58203125,471,303,BLAa,BLA,19,left,0
472,473,3,7034.24,5734.22,2616.8,0.640625,472,303,BLAa,BLA,19,left,0
473,474,3,7032.94,5733.02,2616.92,0.046875,473,303,BLAa,BLA,19,left,0
474,475,3,7032.5,5730.48,2616.4,0.234375,474,303,BLAa,BLA,19,left,0
475,476,3,7032.14,5728.16,2615.2800000000007,0.7578125,475,303,BLAa,BLA,19,left,0
476,477,3,7032.06,5726.08,2613.82,0.671875,476,303,BLAa,BLA,19,left,0
477,478,3,7032.54,5723.66,2613.3600000000006,0.7890625,477,303,BLAa,BLA,19,left,0
478,479,3,7032.14,5719.68,2611.5599999999995,1.45703125,478,303,BLAa,BLA,19,left,0
479,480,3,7031.8,5718.28,2609.66,1.01953125,479,303,BLAa,BLA,19,left,0
480,481,3,7032.74,5717.36,2607.9,1.16796875,480,303,BLAa,BLA,19,left,0
481,482,3,7034.78,5716.24,2607.459999999999,1.16796875,481,303,BLAa,BLA,19,left,0
482,483,3,7151.72,5935.88,2568.7000000000007,0.08984375,152,303,BLAa,BLA,20,left,0
483,484,3,7152.46,5938.16,2567.379999999999,1.515625,483,303,BLAa,BLA,20,left,0
484,485,3,7154.86,5940.52,2565.3600000000006,0.9921875,484,303,BLAa,BLA,20,left,0
485,486,3,7156.92,5941.68,2564.3600000000006,0.9609375,485,303,BLAa,BLA,20,left,0
486,487,3,7157.44,5941.94,2562.1800000000003,0.73046875,486,303,BLAa,BLA,20,left,0
487,488,3,7158.2,5941.88,2560.1800000000003,0.46484375,487,303,BLAa,BLA,20,left,0
488,489,3,7159.16,5942.0,2558.5599999999995,0.671875,488,303,BLAa,BLA,20,left,0
489,490,3,7159.2,5942.78,2556.1800000000003,0.73046875,489,303,BLAa,BLA,20,left,0
490,491,3,7159.2,5944.38,2554.0599999999995,1.05078125,490,303,BLAa,BLA,20,left,0
491,492,3,7159.12,5945.28,2551.5599999999995,0.7890625,491,303,BLAa,BLA,20,left,0
492,493,3,7159.04,5946.12,2549.22,0.58203125,492,303,BLAa,BLA,20,left,0
493,494,3,7159.0,5947.04,2547.42,0.671875,493,303,BLAa,BLA,20,left,0
494,495,3,7158.9,5947.66,2545.1000000000004,0.58203125,494,303,BLAa,BLA,20,left,0
495,496,3,7158.82,5948.68,2542.4,0.640625,495,303,BLAa,BLA,20,left,0
496,497,3,7158.74,5949.64,2539.66,0.69921875,496,303,BLAa,BLA,20,left,0
497,498,3,7158.62,5950.02,2537.5200000000004,0.5234375,497,303,BLAa,BLA,20,left,0
498,499,3,7158.34,5950.38,2532.9,0.49609375,498,303,BLAa,BLA,20,left,0
499,500,3,7158.24,5950.7,2530.84,0.61328125,499,303,BLAa,BLA,20,left,0
500,501,3,7158.2,5951.78,2528.58,0.4375,500,303,BLAa,BLA,20,left,0
501,502,3,7160.82,5951.48,2527.9400000000005,0.0078125,501,303,BLAa,BLA,20,left,0
502,503,3,7161.76,5952.04,2526.48,0.7890625,502,303,BLAa,BLA,20,left,0
503,504,3,7162.5,5954.0,2524.8,0.7578125,503,303,BLAa,BLA,20,left,0
504,505,3,7164.26,5955.48,2522.9,0.69921875,504,303,BLAa,BLA,20,left,0
505,506,3,7165.08,5956.26,2520.959999999999,0.640625,505,303,BLAa,BLA,20,left,0
506,507,3,7165.8,5957.32,2517.3,0.46484375,506,303,BLAa,BLA,20,left,0
507,508,3,7166.46,5958.2,2515.16,0.671875,507,303,BLAa,BLA,20,left,0
508,509,3,7166.46,5959.1,2512.1399999999994,0.49609375,508,303,BLAa,BLA,20,left,0
509,510,3,7167.14,5959.18,2509.8,0.69921875,509,303,BLAa,BLA,20,left,0
510,511,3,7168.2,5959.2,2507.8600000000006,0.640625,510,303,BLAa,BLA,20,left,0
511,512,3,7168.74,5959.96,2505.24,0.26171875,511,303,BLAa,BLA,20,left,0
512,513,3,7169.58,5960.74,2503.6000000000004,0.73046875,512,303,BLAa,BLA,20,left,0
513,514,3,7169.74,5961.44,2500.1000000000004,0.46484375,513,303,BLAa,BLA,20,left,0
514,515,3,7170.44,5962.24,2497.6000000000004,0.46484375,514,303,BLAa,BLA,20,left,0
515,516,3,7170.68,5963.54,2493.84,0.46484375,515,303,BLAa,BLA,20,left,0
516,517,3,7170.64,5964.94,2490.959999999999,0.640625,516,303,BLAa,BLA,20,left,0
517,518,3,7170.64,5966.12,2488.92,0.29296875,517,303,BLAa,BLA,20,left,0
518,519,3,7170.22,5966.72,2480.540000000001,0.7578125,518,303,BLAa,BLA,20,left,0
519,520,3,7170.14,5966.76,2479.16,0.90234375,519,303,BLAa,BLA,20,left,0
520,521,3,7169.56,5967.56,2467.1000000000004,0.7578125,520,311,BLAp,BLA,20,left,0
521,522,3,7169.62,5969.6,2464.66,0.671875,521,311,BLAp,BLA,20,left,0
522,523,3,7170.14,5971.34,2462.3,0.9921875,522,311,BLAp,BLA,20,left,0
523,524,3,7171.34,5972.24,2460.5200000000004,0.73046875,523,311,BLAp,BLA,20,left,0
524,525,3,7173.14,5973.44,2458.1800000000003,0.58203125,524,311,BLAp,BLA,20,left,0
525,526,3,7173.66,5973.78,2456.459999999999,0.73046875,525,311,BLAp,BLA,20,left,0
526,527,3,7175.72,5973.72,2454.26,1.33984375,526,311,BLAp,BLA,20,left,0
527,528,3,7177.62,5973.66,2452.040000000001,0.9921875,527,311,BLAp,BLA,20,left,0
528,529,3,7178.58,5973.64,2450.959999999999,0.9921875,528,311,BLAp,BLA,20,left,0
529,530,3,7178.86,5972.82,2448.48,0.93359375,529,311,BLAp,BLA,20,left,0
530,531,3,7178.74,5972.06,2446.1399999999994,0.73046875,530,311,BLAp,BLA,20,left,0
531,532,3,7179.36,5971.92,2444.82,0.671875,531,311,BLAp,BLA,20,left,0
532,533,3,7179.6,5972.0,2440.98,0.69921875,532,311,BLAp,BLA,20,left,0
533,534,3,7179.7,5972.04,2439.42,0.7578125,533,311,BLAp,BLA,20,left,0
534,535,3,7180.98,5971.98,2438.379999999999,0.875,534,311,BLAp,BLA,20,left,0
535,536,3,7183.86,5972.36,2436.4,0.61328125,535,311,BLAp,BLA,20,left,0
536,537,3,7184.38,5974.48,2434.1399999999994,0.37890625,536,311,BLAp,BLA,20,left,0
537,538,3,7184.4,5975.9,2431.879999999999,0.7578125,537,311,BLAp,BLA,20,left,0
538,539,3,7185.2,5976.78,2430.1800000000003,0.73046875,538,311,BLAp,BLA,20,left,0
539,540,3,7186.82,5978.2,2429.120000000001,0.875,539,311,BLAp,BLA,20,left,0
540,541,3,7187.88,5980.6,2427.879999999999,0.73046875,540,311,BLAp,BLA,20,left,0
541,542,3,7188.36,5982.2,2425.879999999999,0.46484375,541,311,BLAp,BLA,20,left,0
542,543,3,7188.64,5982.92,2423.34,0.3515625,542,311,BLAp,BLA,20,left,0
543,544,3,7189.34,5983.14,2421.879999999999,0.29296875,543,311,BLAp,BLA,20,left,0
544,545,3,7189.46,5984.18,2419.48,0.49609375,544,311,BLAp,BLA,20,left,0
545,546,3,7189.52,5985.72,2417.620000000001,0.640625,545,311,BLAp,BLA,20,left,0
546,547,3,7189.5,5986.92,2414.9,0.9609375,546,311,BLAp,BLA,20,left,0
547,548,3,7189.52,5988.38,2412.26,1.01953125,547,311,BLAp,BLA,20,left,0
548,549,3,7189.68,5990.52,2410.959999999999,1.16796875,548,311,BLAp,BLA,20,left,0
549,550,3,7189.66,5991.92,2407.66,0.00390625,549,311,BLAp,BLA,20,left,0
550,551,3,7189.6,5993.14,2403.959999999999,0.46484375,550,311,BLAp,BLA,20,left,0
551,552,3,7189.66,5994.82,2401.66,1.01953125,551,311,BLAp,BLA,20,left,0
552,553,3,7189.82,5997.2,2399.8600000000006,0.640625,552,311,BLAp,BLA,20,left,0
553,554,3,7190.02,6000.48,2397.66,0.5546875,553,311,BLAp,BLA,20,left,0
554,555,3,7190.16,6002.64,2396.0200000000004,0.5234375,554,311,BLAp,BLA,20,left,0
555,556,3,7190.34,6005.54,2393.9400000000005,0.640625,555,311,BLAp,BLA,20,left,0
556,557,3,7190.44,6007.18,2392.5599999999995,0.29296875,556,311,BLAp,BLA,20,left,0
557,558,3,7190.86,6012.16,2391.24,1.57421875,557,311,BLAp,BLA,20,left,0
558,559,3,7191.08,6014.6,2390.620000000001,0.58203125,558,311,BLAp,BLA,20,left,0
559,560,3,7191.92,6016.1,2389.540000000001,1.05078125,559,311,BLAp,BLA,20,left,0
560,561,3,7193.9,6017.34,2388.5200000000004,0.84765625,560,311,BLAp,BLA,20,left,0
561,562,3,7195.02,6019.36,2387.040000000001,1.078125,561,311,BLAp,BLA,20,left,0
562,563,3,7195.3,6021.56,2385.08,0.73046875,562,311,BLAp,BLA,20,left,0
563,564,3,7196.2,6022.82,2383.22,0.69921875,563,311,BLAp,BLA,20,left,0
564,565,3,7196.9,6024.58,2381.24,1.05078125,564,311,BLAp,BLA,20,left,0
565,566,3,7199.06,6024.94,2380.8,0.9609375,565,311,BLAp,BLA,20,left,0
566,567,3,7200.92,6024.8,2380.7800000000007,0.671875,566,311,BLAp,BLA,20,left,0
567,568,3,7202.64,6025.0,2379.4400000000005,0.81640625,567,311,BLAp,BLA,20,left,0
568,569,3,7203.64,6025.72,2377.379999999999,0.84765625,568,311,BLAp,BLA,20,left,0
569,570,3,7205.6,6025.9,2375.040000000001,0.84765625,569,311,BLAp,BLA,20,left,0
570,571,3,7206.86,6025.9,2373.1800000000003,0.90234375,570,311,BLAp,BLA,20,left,0
571,572,3,7207.58,6025.92,2371.22,0.5234375,571,311,BLAp,BLA,20,left,0
572,573,3,7209.08,6026.22,2369.1800000000003,0.49609375,572,311,BLAp,BLA,20,left,0
573,574,3,7210.84,6026.88,2367.5,0.49609375,573,311,BLAp,BLA,20,left,0
574,575,3,7211.88,6027.96,2366.26,0.41015625,574,311,BLAp,BLA,20,left,0
575,576,3,7212.56,6030.52,2364.76,0.7890625,575,311,BLAp,BLA,20,left,0
576,577,3,7213.66,6032.58,2362.98,0.7890625,576,311,BLAp,BLA,20,left,0
577,578,3,7214.96,6033.78,2361.120000000001,0.5546875,577,311,BLAp,BLA,20,left,0
578,579,3,7216.88,6034.5,2360.0,1.16796875,578,311,BLAp,BLA,20,left,0
579,580,3,7219.08,6034.64,2359.540000000001,1.25390625,579,311,BLAp,BLA,20,left,0
580,581,3,7220.56,6035.16,2358.6000000000004,1.37109375,580,311,BLAp,BLA,20,left,0
581,582,3,7221.54,6036.16,2356.459999999999,1.16796875,581,311,BLAp,BLA,20,left,0
582,583,3,7222.88,6036.66,2355.26,0.875,582,311,BLAp,BLA,20,left,0
583,584,3,7223.16,6038.1,2353.08,0.7578125,583,311,BLAp,BLA,20,left,0
584,585,3,7223.26,6039.12,2350.42,0.671875,584,311,BLAp,BLA,20,left,0
585,586,3,7224.76,6039.46,2349.24,0.73046875,585,311,BLAp,BLA,20,left,0
586,587,3,7226.34,6039.34,2349.22,0.46484375,586,311,BLAp,BLA,20,left,0
587,588,3,7226.9,6041.8,2347.3,0.00390625,587,311,BLAp,BLA,20,left,0
588,589,3,7227.0,6043.82,2344.8,0.875,588,311,BLAp,BLA,20,left,0
589,590,3,7227.34,6046.2,2342.620000000001,0.90234375,589,311,BLAp,BLA,20,left,0
590,591,3,7229.2,6046.62,2341.42,0.9921875,590,311,BLAp,BLA,20,left,0
591,592,3,7231.38,6046.46,2341.3,0.5234375,591,311,BLAp,BLA,20,left,0
592,593,3,7234.08,6046.52,2339.92,0.73046875,592,311,BLAp,BLA,20,left,0
593,594,3,7235.72,6047.2,2338.1000000000004,0.81640625,593,311,BLAp,BLA,20,left,0
594,595,3,7237.5,6048.64,2336.2800000000007,0.640625,594,311,BLAp,BLA,20,left,0
595,596,3,7239.42,6049.72,2334.42,1.01953125,595,311,BLAp,BLA,20,left,0
596,597,3,7240.2,6049.92,2332.7000000000007,0.26171875,596,311,BLAp,BLA,20,left,0
597,598,3,7240.74,6051.7,2330.6399999999994,0.61328125,597,311,BLAp,BLA,20,left,0
598,599,3,7241.72,6052.66,2328.82,0.4375,598,311,BLAp,BLA,20,left,0
599,600,3,7243.44,6053.96,2326.620000000001,0.73046875,599,311,BLAp,BLA,20,left,0
600,601,3,7244.34,6054.58,2324.3,0.37890625,600,311,BLAp,BLA,20,left,0
601,602,3,7245.54,6054.9,2322.6000000000004,0.7578125,601,311,BLAp,BLA,20,left,0
602,603,3,7246.58,6055.3,2320.5599999999995,0.61328125,602,311,BLAp,BLA,20,left,0
603,604,3,7248.06,6055.62,2319.32,0.7578125,603,311,BLAp,BLA,20,left,0
604,605,3,7248.98,6055.66,2317.5,0.4375,604,311,BLAp,BLA,20,left,0
605,606,3,7251.08,6055.58,2315.8,1.01953125,605,311,BLAp,BLA,20,left,0
606,607,3,7252.46,6055.64,2313.98,0.29296875,606,311,BLAp,BLA,20,left,0
607,608,3,7253.9,6056.44,2312.0200000000004,0.5234375,607,311,BLAp,BLA,20,left,0
608,609,3,7254.98,6057.72,2308.7800000000007,0.61328125,608,311,BLAp,BLA,20,left,0
609,610,3,7255.92,6058.0,2306.379999999999,0.61328125,609,311,BLAp,BLA,20,left,0
610,611,3,7257.74,6058.22,2304.82,0.5546875,610,311,BLAp,BLA,20,left,0
611,612,3,7260.0,6058.42,2303.1000000000004,0.37890625,611,311,BLAp,BLA,20,left,0
612,613,3,7261.66,6059.12,2300.26,0.37890625,612,311,BLAp,BLA,20,left,0
613,614,3,7262.18,6059.9,2298.4,0.7890625,613,311,BLAp,BLA,20,left,0
614,615,3,7262.78,6060.34,2295.379999999999,0.69921875,614,311,BLAp,BLA,20,left,0
615,616,3,7262.76,6060.8,2293.66,0.7578125,615,311,BLAp,BLA,20,left,0
616,617,3,7262.9,6061.14,2290.34,0.73046875,616,311,BLAp,BLA,20,left,0
617,618,3,7264.2,6061.1,2288.8,0.5234375,617,311,BLAp,BLA,20,left,0
618,619,3,7266.12,6061.1,2285.8,0.5234375,618,311,BLAp,BLA,20,left,0
619,620,3,7266.1,6061.98,2282.9,0.7578125,619,311,BLAp,BLA,20,left,0
620,621,3,7266.5,6062.5,2280.8600000000006,1.05078125,620,311,BLAp,BLA,20,left,0
621,622,3,7269.22,6062.28,2280.42,1.13671875,621,311,BLAp,BLA,20,left,0
622,623,3,7271.5,6062.08,2280.4,1.05078125,622,311,BLAp,BLA,20,left,0
623,624,3,7273.22,6061.94,2280.379999999999,1.05078125,623,311,BLAp,BLA,20,left,0
624,625,3,7275.96,6061.76,2279.24,0.01171875,624,311,BLAp,BLA,20,left,0
625,626,3,7276.84,6063.1,2277.8,0.5234375,625,311,BLAp,BLA,20,left,0
626,627,3,7277.1,6066.24,2276.6399999999994,0.4375,626,311,BLAp,BLA,20,left,0
627,628,3,7278.52,6068.36,2275.5,0.49609375,627,311,BLAp,BLA,20,left,0
628,629,3,7280.12,6068.6,2274.5599999999995,0.61328125,628,311,BLAp,BLA,20,left,0
629,630,3,7280.98,6068.68,2272.2800000000007,0.73046875,629,311,BLAp,BLA,20,left,0
630,631,3,7282.06,6068.68,2270.6399999999994,0.9609375,630,311,BLAp,BLA,20,left,0
631,632,3,7284.36,6068.56,2269.34,0.58203125,631,311,BLAp,BLA,20,left,0
632,633,3,7287.36,6068.36,2268.0599999999995,0.3515625,632,311,BLAp,BLA,20,left,0
633,634,3,7287.7,6068.04,2266.22,0.61328125,633,311,BLAp,BLA,20,left,0
634,635,3,7287.78,6067.48,2264.1800000000003,0.69921875,634,311,BLAp,BLA,20,left,0
635,636,3,7288.58,6067.4,2262.74,0.4375,635,311,BLAp,BLA,20,left,0
636,637,3,7289.0,6067.8,2260.120000000001,0.73046875,636,311,BLAp,BLA,20,left,0
637,638,3,7290.06,6068.48,2258.42,0.84765625,637,311,BLAp,BLA,20,left,0
638,639,3,7292.02,6068.62,2256.2000000000007,0.84765625,638,311,BLAp,BLA,20,left,0
639,640,3,7294.18,6068.48,2254.0,0.49609375,639,311,BLAp,BLA,20,left,0
640,641,3,7294.44,6068.16,2251.82,0.93359375,640,311,BLAp,BLA,20,left,0
641,642,3,7294.6,6067.2,2249.4,0.81640625,641,311,BLAp,BLA,20,left,0
642,643,3,7295.24,6066.66,2248.379999999999,0.58203125,642,311,BLAp,BLA,20,left,0
643,644,3,7295.44,6066.24,2245.8600000000006,0.5234375,643,311,BLAp,BLA,20,left,0
644,645,3,7296.64,6065.66,2244.8600000000006,0.93359375,644,311,BLAp,BLA,20,left,0
645,646,3,7297.84,6065.14,2243.08,0.93359375,645,311,BLAp,BLA,20,left,0
646,647,3,7299.12,6064.8,2241.7000000000007,0.58203125,646,311,BLAp,BLA,20,left,0
647,648,3,7300.58,6064.78,2239.4400000000005,0.84765625,647,311,BLAp,BLA,20,left,0
648,649,3,7302.2,6064.38,2238.5599999999995,1.05078125,648,311,BLAp,BLA,20,left,0
649,650,3,7304.14,6064.02,2237.3600000000006,0.9921875,649,311,BLAp,BLA,20,left,0
650,651,3,7306.22,6063.5,2236.6000000000004,0.93359375,650,311,BLAp,BLA,20,left,0
651,652,3,7308.64,6062.66,2235.5,0.875,651,311,BLAp,BLA,20,left,0
652,653,3,7309.68,6062.58,2233.620000000001,0.7890625,652,311,BLAp,BLA,20,left,0
653,654,3,7312.22,6062.4,2232.6800000000003,0.640625,653,311,BLAp,BLA,20,left,0
654,655,3,7314.9,6062.16,2232.66,0.49609375,654,311,BLAp,BLA,20,left,0
655,656,3,7316.9,6062.28,2231.98,0.29296875,655,311,BLAp,BLA,20,left,0
656,657,3,7317.94,6062.58,2230.540000000001,0.69921875,656,311,BLAp,BLA,20,left,0
657,658,3,7320.9,6062.36,2230.0200000000004,0.73046875,657,311,BLAp,BLA,20,left,0
658,659,3,7323.08,6062.2,2229.16,1.078125,658,311,BLAp,BLA,20,left,0
659,660,3,7324.24,6062.28,2226.4,0.875,659,311,BLAp,BLA,20,left,0
660,661,3,7324.58,6062.36,2224.9,0.49609375,660,311,BLAp,BLA,20,left,0
661,662,3,7326.4,6062.24,2224.1000000000004,0.93359375,661,311,BLAp,BLA,20,left,0
662,663,3,7327.7,6062.3,2221.2000000000007,0.46484375,662,311,BLAp,BLA,20,left,0
663,664,3,7327.66,6062.4,2219.879999999999,0.46484375,663,311,BLAp,BLA,20,left,0
664,665,3,7328.48,6062.42,2218.3600000000006,0.00390625,664,311,BLAp,BLA,20,left,0
665,666,3,7330.36,6061.74,2216.6399999999994,0.4375,665,311,BLAp,BLA,20,left,0
666,667,3,7331.46,6061.32,2214.459999999999,0.671875,666,311,BLAp,BLA,20,left,0
667,668,3,7332.96,6061.18,2213.3,0.73046875,667,311,BLAp,BLA,20,left,0
668,669,3,7334.52,6061.04,2213.16,0.49609375,668,311,BLAp,BLA,20,left,1
669,670,3,7151.82,5935.5,2569.1399999999994,0.18359375,152,303,BLAa,BLA,21,left,0
670,671,3,7153.98,5935.38,2569.1399999999994,2.04296875,670,303,BLAa,BLA,21,left,0
671,672,3,7155.54,5935.26,2568.32,1.01953125,671,303,BLAa,BLA,21,left,0
672,673,3,7155.48,5934.76,2566.1800000000003,0.9609375,672,303,BLAa,BLA,21,left,0
673,674,3,7155.54,5933.04,2564.3,0.5546875,673,303,BLAa,BLA,21,left,0
674,675,3,7156.94,5931.98,2563.2000000000007,0.640625,674,303,BLAa,BLA,21,left,0
675,676,3,7157.2,5931.0,2561.1000000000004,1.109375,675,303,BLAa,BLA,21,left,0
676,677,3,7156.96,5929.28,2560.0599999999995,1.01953125,676,303,BLAa,BLA,21,left,0
677,678,3,7156.62,5926.4,2559.0599999999995,1.01953125,677,303,BLAa,BLA,21,left,0
678,679,3,7156.28,5923.84,2557.84,1.33984375,678,303,BLAa,BLA,21,left,0
679,680,3,7155.96,5919.9,2557.24,1.6328125,679,303,BLAa,BLA,21,left,0
680,681,3,7156.44,5918.2,2556.6399999999994,1.546875,680,303,BLAa,BLA,21,left,0
681,682,3,7156.54,5915.64,2555.1000000000004,1.546875,681,303,BLAa,BLA,21,left,0
682,683,3,7156.98,5914.1,2553.76,1.3984375,682,303,BLAa,BLA,21,left,0
683,684,3,7158.86,5913.94,2553.6000000000004,1.05078125,683,303,BLAa,BLA,21,left,0
684,685,3,7159.72,5911.02,2554.1399999999994,1.92578125,684,303,BLAa,BLA,21,left,0
685,686,3,7159.58,5907.88,2554.120000000001,1.1953125,685,303,BLAa,BLA,21,left,0
686,687,3,7160.1,5905.82,2553.120000000001,1.078125,686,303,BLAa,BLA,21,left,0
687,688,3,7161.08,5903.66,2551.48,1.28515625,687,303,BLAa,BLA,21,left,0
688,689,3,7162.72,5902.76,2551.0,1.37109375,688,303,BLAa,BLA,21,left,0
689,690,3,7165.32,5901.94,2550.7800000000007,1.2265625,689,303,BLAa,BLA,21,left,0
690,691,3,7168.06,5901.3,2550.1000000000004,1.16796875,690,303,BLAa,BLA,21,left,0
691,692,3,7169.74,5900.22,2548.82,1.109375,691,303,BLAa,BLA,21,left,0
692,693,3,7170.34,5898.56,2547.0,0.671875,692,303,BLAa,BLA,21,left,0
693,694,3,7170.14,5897.52,2545.379999999999,1.4296875,693,303,BLAa,BLA,21,left,0
694,695,3,7171.1,5896.62,2544.5,1.25390625,694,303,BLAa,BLA,21,left,0
695,696,3,7173.44,5896.5,2543.76,1.28515625,695,303,BLAa,BLA,21,left,0
696,697,3,7175.06,5896.42,2542.379999999999,1.2265625,696,303,BLAa,BLA,21,left,0
697,698,3,7175.74,5895.52,2540.5,1.3984375,697,303,BLAa,BLA,21,left,0
698,699,3,7175.52,5894.0,2539.24,1.515625,698,303,BLAa,BLA,21,left,0
699,700,3,7175.3,5893.6,2536.6399999999994,0.01953125,699,303,BLAa,BLA,21,left,0
700,701,3,7175.04,5892.06,2534.7000000000007,0.5546875,700,303,BLAa,BLA,21,left,0
701,702,3,7174.82,5890.76,2533.2800000000007,0.7578125,701,303,BLAa,BLA,21,left,0
702,703,3,7174.58,5889.12,2531.9400000000005,0.93359375,702,303,BLAa,BLA,21,left,0
703,704,3,7174.34,5887.78,2530.32,0.640625,703,303,BLAa,BLA,21,left,0
704,705,3,7174.08,5886.64,2527.879999999999,0.73046875,704,303,BLAa,BLA,21,left,0
705,706,3,7173.76,5885.4,2524.9,0.9921875,705,303,BLAa,BLA,21,left,0
706,707,3,7173.88,5883.68,2522.8,0.9609375,706,303,BLAa,BLA,21,left,0
707,708,3,7174.56,5881.72,2521.3,0.7890625,707,303,BLAa,BLA,21,left,0
708,709,3,7175.82,5879.4,2519.66,0.9609375,708,303,BLAa,BLA,21,left,0
709,710,3,7176.22,5877.18,2517.9,1.25390625,709,303,BLAa,BLA,21,left,0
710,711,3,7176.08,5875.6,2516.24,1.05078125,710,303,BLAa,BLA,21,left,0
711,712,3,7176.98,5875.06,2515.959999999999,0.93359375,711,303,BLAa,BLA,21,left,0
712,713,3,7179.5,5873.38,2515.6800000000003,0.9921875,712,303,BLAa,BLA,21,left,0
713,714,3,7181.3,5871.5,2514.6800000000003,1.28515625,713,303,BLAa,BLA,21,left,0
714,715,3,7181.48,5869.66,2514.0200000000004,1.4296875,714,303,BLAa,BLA,21,left,0
715,716,3,7181.32,5868.94,2512.58,1.546875,715,303,BLAa,BLA,21,left,0
716,717,3,7182.36,5868.88,2511.6800000000003,1.69140625,716,303,BLAa,BLA,21,left,0
717,718,3,7184.38,5868.78,2511.620000000001,1.48828125,717,303,BLAa,BLA,21,left,0
718,719,3,7195.18,6022.14,2546.6800000000003,0.03515625,173,303,BLAa,BLA,22,left,0
719,720,3,7193.08,6022.24,2545.4400000000005,2.421875,719,303,BLAa,BLA,22,left,0
720,721,3,7192.74,6021.3,2543.34,1.57421875,720,303,BLAa,BLA,22,left,0
721,722,3,7192.44,6019.78,2540.7800000000007,0.69921875,721,303,BLAa,BLA,22,left,0
722,723,3,7191.92,6016.2,2538.24,1.078125,722,303,BLAa,BLA,22,left,0
723,724,3,7191.68,6014.62,2536.7800000000007,0.84765625,723,303,BLAa,BLA,22,left,0
724,725,3,7191.46,6013.48,2535.0,0.61328125,724,303,BLAa,BLA,22,left,0
725,726,3,7190.64,6012.04,2533.6399999999994,0.5546875,725,303,BLAa,BLA,22,left,0
726,727,3,7189.22,6011.32,2532.620000000001,0.5234375,726,303,BLAa,BLA,22,left,0
727,728,3,7187.52,6010.08,2531.4,0.234375,727,303,BLAa,BLA,22,left,0
728,729,3,7186.02,6009.16,2530.5200000000004,0.69921875,728,303,BLAa,BLA,22,left,0
729,730,3,7185.7,6007.34,2530.16,0.7890625,729,303,BLAa,BLA,22,left,0
730,731,3,7184.36,6006.24,2529.8600000000006,0.58203125,730,303,BLAa,BLA,22,left,0
731,732,3,7182.12,6005.72,2529.6800000000003,0.46484375,731,303,BLAa,BLA,22,left,0
732,733,3,7180.48,6004.14,2529.3,1.05078125,732,303,BLAa,BLA,22,left,0
733,734,3,7180.24,6002.18,2528.8,1.2265625,733,303,BLAa,BLA,22,left,0
734,735,3,7179.68,5998.98,2529.08,0.73046875,734,303,BLAa,BLA,22,left,0
735,736,3,7178.02,5997.6,2529.379999999999,0.671875,735,303,BLAa,BLA,22,left,0
736,737,3,7174.36,5996.04,2529.76,0.5234375,736,303,BLAa,BLA,22,left,0
737,738,3,7172.6,5993.98,2530.1800000000003,0.9609375,737,303,BLAa,BLA,22,left,0
738,739,3,7171.92,5990.74,2530.459999999999,0.7578125,738,303,BLAa,BLA,22,left,0
739,740,3,7171.48,5985.96,2530.7800000000007,1.01953125,739,303,BLAa,BLA,22,left,0
740,741,3,7169.96,5982.26,2531.0599999999995,0.00390625,740,303,BLAa,BLA,22,left,0
741,742,3,7168.26,5979.02,2531.22,0.5546875,741,303,BLAa,BLA,22,left,0
742,743,3,7166.76,5976.32,2531.5599999999995,0.69921875,742,303,BLAa,BLA,22,left,0
743,744,3,7164.58,5972.2,2531.98,0.46484375,743,303,BLAa,BLA,22,left,0
744,745,3,7162.84,5969.3,2531.66,0.61328125,744,303,BLAa,BLA,22,left,0
745,746,3,7161.64,5966.84,2530.9,0.49609375,745,303,BLAa,BLA,22,left,0
746,747,3,7160.62,5963.56,2529.120000000001,0.49609375,746,303,BLAa,BLA,22,left,0
747,748,3,7159.26,5960.9,2527.66,0.640625,747,303,BLAa,BLA,22,left,0
748,749,3,7157.8,5959.34,2526.48,0.69921875,748,303,BLAa,BLA,22,left,0
749,750,3,7157.32,5957.6,2525.08,0.3515625,749,303,BLAa,BLA,22,left,0
750,751,3,7156.94,5954.94,2523.3,0.58203125,750,303,BLAa,BLA,22,left,0
751,752,3,7156.6,5953.36,2521.66,0.73046875,751,303,BLAa,BLA,22,left,0
752,753,3,7155.52,5952.68,2520.6399999999994,0.3203125,752,303,BLAa,BLA,22,left,0
753,754,3,7155.08,5950.64,2519.9400000000005,0.58203125,753,303,BLAa,BLA,22,left,0
754,755,3,7154.78,5948.52,2518.32,0.671875,754,303,BLAa,BLA,22,left,0
755,756,3,7154.08,5947.42,2516.84,0.69921875,755,303,BLAa,BLA,22,left,0
756,757,3,7153.16,5945.14,2516.7800000000007,0.58203125,756,303,BLAa,BLA,22,left,0
757,758,3,7152.36,5941.04,2515.7800000000007,0.7578125,757,303,BLAa,BLA,22,left,0
758,759,3,7151.28,5939.18,2515.16,0.7890625,758,303,BLAa,BLA,22,left,0
759,760,3,7149.78,5937.36,2514.0200000000004,0.73046875,759,303,BLAa,BLA,22,left,0
760,761,3,7148.64,5935.18,2512.92,0.4375,760,303,BLAa,BLA,22,left,0
761,762,3,7146.86,5932.08,2511.84,0.41015625,761,303,BLAa,BLA,22,left,0
762,763,3,7145.56,5930.1,2510.4400000000005,0.37890625,762,303,BLAa,BLA,22,left,0
763,764,3,7144.68,5927.04,2509.1000000000004,0.671875,763,303,BLAa,BLA,22,left,0
764,765,3,7144.36,5924.3,2508.08,0.61328125,764,303,BLAa,BLA,22,left,0
765,766,3,7143.36,5921.48,2506.24,0.875,765,303,BLAa,BLA,22,left,0
766,767,3,7141.72,5920.86,2505.08,0.69921875,766,303,BLAa,BLA,22,left,0
767,768,3,7141.1,5918.94,2503.66,0.5546875,767,303,BLAa,BLA,22,left,0
768,769,3,7140.78,5916.94,2501.5200000000004,0.84765625,768,303,BLAa,BLA,22,left,0
769,770,3,7140.46,5915.04,2499.32,0.73046875,769,303,BLAa,BLA,22,left,0
770,771,3,7139.9,5912.9,2497.9400000000005,0.69921875,770,303,BLAa,BLA,22,left,0
771,772,3,7138.22,5912.28,2496.72,0.26171875,771,303,BLAa,BLA,22,left,0
772,773,3,7135.24,5912.42,2495.6399999999994,0.3203125,772,303,BLAa,BLA,22,left,0
773,774,3,7133.16,5912.52,2494.8,0.29296875,773,303,BLAa,BLA,22,left,0
774,775,3,7133.48,5910.36,2494.540000000001,0.015625,774,303,BLAa,BLA,22,left,0
775,776,3,7133.08,5907.12,2492.7000000000007,0.93359375,775,303,BLAa,BLA,22,left,0
776,777,3,7132.84,5905.24,2491.82,0.41015625,776,303,BLAa,BLA,22,left,0
777,778,3,7132.42,5902.66,2489.2800000000007,0.37890625,777,303,BLAa,BLA,22,left,0
778,779,3,7131.54,5899.88,2488.48,0.73046875,778,303,BLAa,BLA,22,left,0
779,780,3,7129.78,5898.2,2487.92,1.109375,779,303,BLAa,BLA,22,left,0
780,781,3,7129.06,5895.3,2486.620000000001,0.4375,780,303,BLAa,BLA,22,left,0
781,782,3,7128.7,5892.62,2484.98,0.58203125,781,303,BLAa,BLA,22,left,0
782,783,3,7128.52,5891.42,2483.74,0.61328125,782,303,BLAa,BLA,22,left,0
783,784,3,7128.22,5889.12,2482.5599999999995,0.3203125,783,303,BLAa,BLA,22,left,0
784,785,3,7127.94,5886.94,2481.620000000001,0.49609375,784,303,BLAa,BLA,22,left,0
785,786,3,7127.64,5884.9,2480.0599999999995,0.93359375,785,303,BLAa,BLA,22,left,0
786,787,3,7127.38,5883.3,2478.4,0.4375,786,303,BLAa,BLA,22,left,0
787,788,3,7127.14,5881.72,2477.040000000001,0.7890625,787,303,BLAa,BLA,22,left,0
788,789,3,7126.82,5881.06,2472.3600000000006,0.5234375,788,303,BLAa,BLA,22,left,0
789,790,3,7126.68,5880.54,2470.84,0.41015625,789,303,BLAa,BLA,22,left,0
790,791,3,7126.32,5877.76,2469.32,0.234375,790,303,BLAa,BLA,22,left,0
791,792,3,7126.06,5875.52,2468.6800000000003,0.7578125,791,303,BLAa,BLA,22,left,0
792,793,3,7125.84,5874.38,2466.82,0.4375,792,303,BLAa,BLA,22,left,0
793,794,3,7125.48,5872.32,2463.84,0.5234375,793,303,BLAa,BLA,22,left,0
794,795,3,7125.28,5871.28,2462.120000000001,0.3203125,794,303,BLAa,BLA,22,left,0
795,796,3,7125.06,5870.94,2459.2000000000007,0.46484375,795,303,BLAa,BLA,22,left,0
796,797,3,7124.44,5871.02,2457.879999999999,0.73046875,796,303,BLAa,BLA,22,left,0
797,798,3,7123.52,5869.4,2456.379999999999,0.9921875,797,303,BLAa,BLA,22,left,0
798,799,3,7123.26,5867.54,2454.74,0.69921875,798,303,BLAa,BLA,22,left,0
799,800,3,7122.96,5866.0,2451.82,0.5234375,799,303,BLAa,BLA,22,left,0
800,801,3,7122.12,5865.08,2449.7800000000007,0.3515625,800,303,BLAa,BLA,22,left,0
801,802,3,7120.5,5864.32,2447.58,0.640625,801,303,BLAa,BLA,22,left,0
802,803,3,7119.86,5863.26,2445.48,0.61328125,802,303,BLAa,BLA,22,left,0
803,804,3,7119.02,5861.96,2443.9400000000005,0.3515625,803,303,BLAa,BLA,22,left,0
804,805,3,7117.32,5861.74,2443.08,0.671875,804,303,BLAa,BLA,22,left,0
805,806,3,7116.94,5861.36,2441.16,0.41015625,805,303,BLAa,BLA,22,left,0
806,807,3,7116.64,5860.24,2437.72,0.69921875,806,303,BLAa,BLA,22,left,0
807,808,3,7116.38,5858.56,2435.82,0.5546875,807,303,BLAa,BLA,22,left,0
808,809,3,7115.9,5854.7,2434.1000000000004,0.9921875,808,303,BLAa,BLA,22,left,0
809,810,3,7115.68,5852.34,2434.0200000000004,0.93359375,809,303,BLAa,BLA,22,left,0
810,811,3,7115.38,5849.6,2433.34,0.81640625,810,303,BLAa,BLA,22,left,0
811,812,3,7115.18,5848.06,2432.5,0.58203125,811,303,BLAa,BLA,22,left,0
812,813,3,7114.84,5844.76,2431.879999999999,0.41015625,812,303,BLAa,BLA,22,left,0
813,814,3,7114.34,5839.74,2431.379999999999,0.49609375,813,303,BLAa,BLA,22,left,0
814,815,3,7113.94,5836.06,2430.8600000000006,0.671875,814,303,BLAa,BLA,22,left,0
815,816,3,7113.66,5833.9,2429.4,0.5234375,815,303,BLAa,BLA,22,left,0
816,817,3,7113.24,5830.86,2427.08,0.29296875,816,303,BLAa,BLA,22,left,0
817,818,3,7112.96,5828.72,2425.5200000000004,0.58203125,817,303,BLAa,BLA,22,left,0
818,819,3,7112.56,5828.4,2418.0599999999995,0.4375,818,303,BLAa,BLA,22,left,0
819,820,3,7112.38,5828.04,2415.0599999999995,0.640625,819,303,BLAa,BLA,22,left,0
820,821,3,7112.22,5827.58,2412.6800000000003,0.61328125,820,303,BLAa,BLA,22,left,0
821,822,3,7112.08,5827.0,2410.92,0.01171875,821,303,BLAa,BLA,22,left,0
822,823,3,7111.86,5825.88,2408.9,0.4375,822,303,BLAa,BLA,22,left,0
823,824,3,7111.3,5824.86,2406.2800000000007,0.61328125,823,303,BLAa,BLA,22,left,0
824,825,3,7110.42,5824.54,2404.8,0.5546875,824,303,BLAa,BLA,22,left,0
825,826,3,7110.06,5823.0,2403.3,0.5546875,825,303,BLAa,BLA,22,left,0
826,827,3,7109.82,5821.48,2401.42,0.49609375,826,303,BLAa,BLA,22,left,0
827,828,3,7109.5,5819.5,2398.66,0.5546875,827,303,BLAa,BLA,22,left,0
828,829,3,7109.3,5818.32,2396.48,0.3203125,828,303,BLAa,BLA,22,left,0
829,830,3,7109.12,5817.6,2393.879999999999,0.671875,829,303,BLAa,BLA,22,left,0
830,831,3,7108.96,5817.16,2391.5,0.9609375,830,303,BLAa,BLA,22,left,0
831,832,3,7108.66,5815.36,2388.6800000000003,0.49609375,831,303,BLAa,BLA,22,left,0
832,833,3,7108.48,5814.66,2386.34,0.81640625,832,303,BLAa,BLA,22,left,0
833,834,3,7108.56,5812.74,2384.1399999999994,0.61328125,833,311,BLAp,BLA,22,left,0
834,835,3,7109.94,5811.78,2383.0599999999995,0.46484375,834,311,BLAp,BLA,22,left,0
835,836,3,7110.34,5809.98,2382.0200000000004,0.58203125,835,311,BLAp,BLA,22,left,0
836,837,3,7110.16,5806.72,2380.98,0.3203125,836,311,BLAp,BLA,22,left,0
837,838,3,7110.88,5805.46,2379.92,0.3515625,837,311,BLAp,BLA,22,left,0
838,839,3,7111.3,5803.84,2378.58,0.46484375,838,303,BLAa,BLA,22,left,0
839,840,3,7112.72,5802.26,2377.32,0.37890625,839,303,BLAa,BLA,22,left,0
840,841,3,7114.42,5800.68,2374.8,0.41015625,840,311,BLAp,BLA,22,left,0
841,842,3,7115.02,5798.74,2373.42,0.69921875,841,311,BLAp,BLA,22,left,0
842,843,3,7114.74,5797.48,2365.92,0.90234375,842,311,BLAp,BLA,22,left,0
843,844,3,7114.7,5797.9,2363.9400000000005,0.5546875,843,311,BLAp,BLA,22,left,0
844,845,3,7114.76,5799.64,2361.58,0.37890625,844,311,BLAp,BLA,22,left,0
845,846,3,7114.94,5802.1,2359.26,0.58203125,845,311,BLAp,BLA,22,left,0
846,847,3,7115.62,5803.02,2357.6800000000003,0.3515625,846,311,BLAp,BLA,22,left,1
847,848,3,7198.28,6022.9,2544.9400000000005,0.69921875,173,303,BLAa,BLA,23,left,0
848,849,3,7200.16,6023.5,2542.76,0.9921875,848,303,BLAa,BLA,23,left,0
849,850,3,7201.14,6024.46,2541.48,1.01953125,849,303,BLAa,BLA,23,left,0
850,851,3,7201.46,6026.16,2539.6399999999994,0.69921875,850,311,BLAp,BLA,23,left,0
851,852,3,7201.12,6026.56,2533.7000000000007,1.13671875,851,311,BLAp,BLA,23,left,0
852,853,3,7200.98,6027.36,2530.26,1.109375,852,311,BLAp,BLA,23,left,0
853,854,3,7201.24,6028.44,2527.9400000000005,1.05078125,853,311,BLAp,BLA,23,left,0
854,855,3,7203.48,6029.68,2525.24,0.73046875,854,311,BLAp,BLA,23,left,0
855,856,3,7204.64,6029.96,2523.120000000001,0.90234375,855,311,BLAp,BLA,23,left,0
856,857,3,7206.42,6029.82,2522.120000000001,1.25390625,856,311,BLAp,BLA,23,left,0
857,858,3,7209.9,6029.58,2521.7800000000007,1.13671875,857,311,BLAp,BLA,23,left,0
858,859,3,7212.2,6029.42,2521.76,1.16796875,858,311,BLAp,BLA,23,left,0
859,860,3,7212.6,6029.38,2521.16,0.1953125,859,311,BLAp,BLA,23,left,0
860,861,3,7212.1,6029.44,2511.5200000000004,1.48828125,860,311,BLAp,BLA,23,left,0
861,862,3,7212.2,6029.44,2509.9400000000005,1.1953125,861,311,BLAp,BLA,23,left,0
862,863,3,7213.3,6029.36,2508.879999999999,1.078125,862,311,BLAp,BLA,23,left,0
863,864,3,7215.16,6029.24,2506.98,0.90234375,863,311,BLAp,BLA,23,left,0
864,865,3,7215.88,6029.2,2505.34,0.875,864,311,BLAp,BLA,23,left,0
865,866,3,7217.0,6029.14,2503.5599999999995,0.875,865,311,BLAp,BLA,23,left,0
866,867,3,7218.54,6029.04,2501.7000000000007,0.7578125,866,311,BLAp,BLA,23,left,0
867,868,3,7220.42,6028.9,2501.3600000000006,1.2265625,867,311,BLAp,BLA,23,left,0
868,869,3,7222.9,6028.72,2501.040000000001,1.25390625,868,311,BLAp,BLA,23,left,0
869,870,3,7225.96,6028.5,2499.16,1.3125,869,311,BLAp,BLA,23,left,0
870,871,3,7227.54,6028.4,2497.92,1.2265625,870,311,BLAp,BLA,23,left,0
871,872,3,7228.06,6029.22,2496.0200000000004,1.1953125,871,311,BLAp,BLA,23,left,0
872,873,3,7228.06,6030.88,2493.3,0.875,872,311,BLAp,BLA,23,left,0
873,874,3,7228.3,6033.46,2490.72,1.05078125,873,311,BLAp,BLA,23,left,0
874,875,3,7229.22,6035.92,2489.459999999999,1.01953125,874,311,BLAp,BLA,23,left,0
875,876,3,7229.7,6038.88,2487.4,1.05078125,875,311,BLAp,BLA,23,left,0
876,877,3,7230.6,6039.18,2486.2000000000007,1.25390625,876,311,BLAp,BLA,23,left,0
877,878,3,7232.52,6039.04,2485.4,1.3984375,877,311,BLAp,BLA,23,left,0
878,879,3,7234.4,6038.9,2484.4400000000005,1.48828125,878,311,BLAp,BLA,23,left,0
879,880,3,7235.8,6038.8,2483.2800000000007,1.48828125,879,311,BLAp,BLA,23,left,0
880,881,3,7239.06,6038.58,2481.3600000000006,1.28515625,880,311,BLAp,BLA,23,left,0
881,882,3,7242.1,6038.36,2480.32,0.9921875,881,311,BLAp,BLA,23,left,0
882,883,3,7244.02,6038.22,2479.7800000000007,0.73046875,882,311,BLAp,BLA,23,left,0
883,884,3,7245.32,6038.12,2478.620000000001,0.4375,883,311,BLAp,BLA,23,left,0
884,885,3,7247.66,6037.96,2476.6000000000004,0.234375,884,311,BLAp,BLA,23,left,0
885,886,3,7248.82,6037.88,2475.3,0.875,885,311,BLAp,BLA,23,left,0
886,887,3,7250.86,6037.72,2474.34,0.73046875,886,311,BLAp,BLA,23,left,0
887,888,3,7252.7,6037.6,2472.959999999999,0.875,887,311,BLAp,BLA,23,left,0
888,889,3,7253.66,6037.54,2471.34,0.640625,888,311,BLAp,BLA,23,left,0
889,890,3,7254.8,6037.56,2464.8,1.3125,889,311,BLAp,BLA,23,left,0
890,891,3,7254.74,6037.58,2463.4400000000005,1.33984375,890,311,BLAp,BLA,23,left,0
891,892,3,7258.12,6037.32,2463.379999999999,0.05078125,891,311,BLAp,BLA,23,left,0
892,893,3,7260.04,6037.0,2462.4400000000005,0.4375,892,311,BLAp,BLA,23,left,0
893,894,3,7260.36,6035.36,2459.92,0.5546875,893,311,BLAp,BLA,23,left,0
894,895,3,7260.02,6033.08,2457.74,1.109375,894,311,BLAp,BLA,23,left,0
895,896,3,7259.82,6030.26,2456.959999999999,1.33984375,895,311,BLAp,BLA,23,left,0
896,897,3,7260.66,6027.96,2456.0599999999995,0.93359375,896,311,BLAp,BLA,23,left,0
897,898,3,7261.32,6025.08,2455.1000000000004,1.01953125,897,311,BLAp,BLA,23,left,0
898,899,3,7261.46,6022.5,2454.3,0.81640625,898,311,BLAp,BLA,23,left,0
899,900,3,7262.2,6021.22,2453.48,0.9921875,899,311,BLAp,BLA,23,left,0
900,901,3,7262.76,6019.52,2451.76,1.078125,900,311,BLAp,BLA,23,left,0
901,902,3,7262.98,6017.12,2450.5599999999995,1.13671875,901,311,BLAp,BLA,23,left,0
902,903,3,7263.6,6015.58,2449.3600000000006,0.7578125,902,311,BLAp,BLA,23,left,0
903,904,3,7265.16,6014.24,2448.82,1.078125,903,311,BLAp,BLA,23,left,0
904,905,3,7266.92,6012.4,2447.6399999999994,0.49609375,904,311,BLAp,BLA,23,left,0
905,906,3,7266.94,6010.5,2446.0200000000004,1.109375,905,311,BLAp,BLA,23,left,0
906,907,3,7267.92,6008.96,2443.9,1.01953125,906,311,BLAp,BLA,23,left,0
907,908,3,7269.1,6007.6,2443.66,0.7578125,907,311,BLAp,BLA,23,left,0
908,909,3,7271.42,6007.08,2442.9400000000005,1.2265625,908,311,BLAp,BLA,23,left,0
909,910,3,7272.7,6007.0,2441.26,1.16796875,909,311,BLAp,BLA,23,left,0
910,911,3,7274.62,6006.9,2439.4400000000005,1.05078125,910,311,BLAp,BLA,23,left,0
911,912,3,7278.0,6006.64,2438.4400000000005,1.109375,911,311,BLAp,BLA,23,left,0
912,913,3,7280.08,6006.48,2437.5,1.109375,912,311,BLAp,BLA,23,left,0
913,914,3,7283.66,6006.18,2436.92,1.3984375,913,311,BLAp,BLA,23,left,0
914,915,3,7285.94,6006.0,2436.9,1.13671875,914,311,BLAp,BLA,23,left,0
915,916,3,7287.66,6005.84,2436.879999999999,0.4375,915,311,BLAp,BLA,23,left,0
916,917,3,7258.2,5934.62,2591.120000000001,0.03515625,216,303,BLAa,BLA,24,left,0
917,918,3,7257.94,5930.82,2589.34,0.5234375,917,303,BLAa,BLA,24,left,0
918,919,3,7258.52,5929.34,2588.48,0.69921875,918,303,BLAa,BLA,24,left,0
919,920,3,7260.02,5926.58,2587.74,0.5234375,919,303,BLAa,BLA,24,left,0
920,921,3,7261.38,5924.88,2587.2800000000007,0.61328125,920,303,BLAa,BLA,24,left,0
921,922,3,7263.8,5923.5,2586.66,0.90234375,921,303,BLAa,BLA,24,left,0
922,923,3,7264.64,5921.62,2586.1000000000004,1.078125,922,303,BLAa,BLA,24,left,0
923,924,3,7266.62,5920.28,2586.1399999999994,0.9921875,923,303,BLAa,BLA,24,left,0
924,925,3,7267.44,5918.36,2586.5,0.90234375,924,303,BLAa,BLA,24,left,0
925,926,3,7268.2,5915.64,2587.0,0.73046875,925,303,BLAa,BLA,24,left,0
926,927,3,7269.88,5912.3,2587.620000000001,0.84765625,926,303,BLAa,BLA,24,left,0
927,928,3,7271.94,5910.18,2587.98,0.671875,927,303,BLAa,BLA,24,left,0
928,929,3,7272.64,5907.98,2588.58,0.81640625,928,303,BLAa,BLA,24,left,0
929,930,3,7272.44,5904.04,2590.16,1.6328125,929,303,BLAa,BLA,24,left,0
930,931,3,7272.6,5901.04,2591.6000000000004,0.81640625,930,303,BLAa,BLA,24,left,0
931,932,3,7274.26,5899.08,2592.3600000000006,0.58203125,931,303,BLAa,BLA,24,left,0
932,933,3,7277.64,5896.46,2592.84,0.73046875,932,303,BLAa,BLA,24,left,0
933,934,3,7279.92,5895.72,2592.9400000000005,1.2265625,933,303,BLAa,BLA,24,left,0
934,935,3,7282.4,5895.48,2592.9400000000005,1.109375,934,303,BLAa,BLA,24,left,0
935,936,3,7284.56,5894.44,2593.1000000000004,0.0625,935,303,BLAa,BLA,24,left,0
936,937,3,7287.14,5893.28,2593.2800000000007,0.234375,936,303,BLAa,BLA,24,left,0
937,938,3,7289.0,5892.58,2593.4400000000005,0.7578125,937,303,BLAa,BLA,24,left,0
938,939,3,7290.72,5891.8,2594.0200000000004,0.58203125,938,303,BLAa,BLA,24,left,0
939,940,3,7293.3,5889.86,2595.1800000000003,0.7890625,939,303,BLAa,BLA,24,left,0
940,941,3,7294.68,5887.76,2596.040000000001,0.93359375,940,303,BLAa,BLA,24,left,0
941,942,3,7296.4,5886.78,2596.7000000000007,0.49609375,941,303,BLAa,BLA,24,left,0
942,943,3,7299.18,5886.26,2597.4,0.5546875,942,303,BLAa,BLA,24,left,0
943,944,3,7300.38,5884.42,2598.2800000000007,0.7890625,943,303,BLAa,BLA,24,left,0
944,945,3,7301.28,5882.82,2600.1399999999994,1.078125,944,303,BLAa,BLA,24,left,0
945,946,3,7301.74,5879.2,2601.7800000000007,0.9921875,945,303,BLAa,BLA,24,left,0
946,947,3,7302.84,5877.48,2602.6800000000003,0.61328125,946,303,BLAa,BLA,24,left,0
947,948,3,7305.32,5875.96,2603.1800000000003,0.73046875,947,303,BLAa,BLA,24,left,0
948,949,3,7307.38,5874.84,2603.3600000000006,0.73046875,948,303,BLAa,BLA,24,left,0
949,950,3,7308.94,5873.44,2603.620000000001,0.46484375,949,303,BLAa,BLA,24,left,0
950,951,3,7310.74,5872.5,2603.7800000000007,0.84765625,950,303,BLAa,BLA,24,left,0
951,952,3,7312.8,5871.08,2604.040000000001,0.73046875,951,303,BLAa,BLA,24,left,0
952,953,3,7315.52,5869.98,2604.22,0.84765625,952,303,BLAa,BLA,24,left,0
953,954,3,7316.66,5867.16,2605.040000000001,0.73046875,953,303,BLAa,BLA,24,left,0
954,955,3,7317.56,5864.28,2605.82,1.01953125,954,303,BLAa,BLA,24,left,0
955,956,3,7319.74,5861.92,2606.3,1.109375,955,303,BLAa,BLA,24,left,0
956,957,3,7321.98,5860.58,2606.540000000001,0.7890625,956,303,BLAa,BLA,24,left,0
957,958,3,7323.14,5857.52,2607.16,0.90234375,957,303,BLAa,BLA,24,left,0
958,959,3,7323.9,5854.7,2607.76,0.7578125,958,303,BLAa,BLA,24,left,0
959,960,3,7324.46,5849.68,2608.82,0.5546875,959,303,BLAa,BLA,24,left,0
960,961,3,7325.14,5847.6,2609.26,0.7578125,960,303,BLAa,BLA,24,left,0
961,962,3,7325.2,5846.88,2609.42,0.125,961,303,BLAa,BLA,24,left,0
962,963,3,7325.04,5841.74,2610.540000000001,1.13671875,962,303,BLAa,BLA,24,left,0
963,964,3,7325.14,5839.58,2611.0,1.28515625,963,303,BLAa,BLA,24,left,0
964,965,3,7326.3,5838.12,2611.3,1.13671875,964,303,BLAa,BLA,24,left,0
965,966,3,7329.18,5835.92,2611.72,1.28515625,965,303,BLAa,BLA,24,left,0
966,967,3,7330.58,5834.92,2611.92,1.3984375,966,303,BLAa,BLA,24,left,0
967,968,3,7330.64,5831.04,2612.76,1.16796875,967,303,BLAa,BLA,24,left,0
968,969,3,7331.12,5828.36,2613.34,0.640625,968,303,BLAa,BLA,24,left,0
969,970,3,7333.04,5825.26,2613.98,1.33984375,969,303,BLAa,BLA,24,left,0
970,971,3,7334.32,5822.86,2614.5,1.1953125,970,303,BLAa,BLA,24,left,0
971,972,3,7336.98,5820.32,2615.0200000000004,0.7578125,971,303,BLAa,BLA,24,left,0
972,973,3,7338.44,5817.96,2615.76,0.49609375,972,303,BLAa,BLA,24,left,0
973,974,3,7339.22,5815.36,2616.5,0.61328125,973,303,BLAa,BLA,24,left,0
974,975,3,7341.82,5813.8,2617.0,0.7578125,974,303,BLAa,BLA,24,left,0
975,976,3,7343.94,5811.28,2617.7800000000007,0.84765625,975,303,BLAa,BLA,24,left,0
976,977,3,7345.78,5809.12,2618.26,1.05078125,976,303,BLAa,BLA,24,left,0
977,978,3,7346.66,5806.66,2619.120000000001,0.7578125,977,303,BLAa,BLA,24,left,0
978,979,3,7346.56,5801.42,2620.8600000000006,1.109375,978,303,BLAa,BLA,24,left,0
979,980,3,7346.88,5798.66,2621.48,1.16796875,979,303,BLAa,BLA,24,left,0
980,981,3,7347.8,5795.9,2622.08,1.13671875,980,303,BLAa,BLA,24,left,0
981,982,3,7349.78,5793.7,2622.5599999999995,0.7578125,981,303,BLAa,BLA,24,left,0
982,983,3,7351.04,5791.92,2622.9400000000005,0.61328125,982,303,BLAa,BLA,24,left,0
983,984,3,7354.14,5790.22,2623.2800000000007,0.73046875,983,303,BLAa,BLA,24,left,0
984,985,3,7356.38,5789.22,2623.48,0.73046875,984,303,BLAa,BLA,24,left,0
985,986,3,7358.9,5788.78,2623.5599999999995,0.9921875,985,303,BLAa,BLA,24,left,0
986,987,3,7361.24,5788.48,2623.6000000000004,0.08203125,986,303,BLAa,BLA,24,left,0
987,988,3,7363.04,5786.9,2623.92,0.5546875,987,303,BLAa,BLA,24,left,0
988,989,3,7364.02,5784.04,2624.42,0.234375,988,303,BLAa,BLA,24,left,0
989,990,3,7365.36,5780.94,2624.82,0.3515625,989,303,BLAa,BLA,24,left,0
990,991,3,7367.08,5778.12,2625.120000000001,0.234375,990,303,BLAa,BLA,24,left,0
991,992,3,7367.9,5775.14,2625.2800000000007,0.26171875,991,303,BLAa,BLA,24,left,0
992,993,3,7368.26,5768.68,2626.7000000000007,0.7578125,992,303,BLAa,BLA,24,left,0
993,994,3,7368.48,5766.38,2627.26,0.41015625,993,303,BLAa,BLA,24,left,0
994,995,3,7369.82,5764.66,2627.9,0.61328125,994,303,BLAa,BLA,24,left,0
995,996,3,7371.72,5759.08,2629.34,0.37890625,995,303,BLAa,BLA,24,left,0
996,997,3,7372.2,5757.06,2629.8,0.69921875,996,303,BLAa,BLA,24,left,0
997,998,3,7372.72,5748.2,2631.879999999999,0.46484375,997,303,BLAa,BLA,24,left,0
998,999,3,7372.78,5745.78,2632.84,1.05078125,998,303,BLAa,BLA,24,left,0
999,1000,3,7373.58,5745.22,2634.040000000001,1.109375,999,303,BLAa,BLA,24,left,0
1000,1001,3,7375.92,5744.88,2634.4400000000005,1.28515625,1000,303,BLAa,BLA,24,left,0
1001,1002,3,7261.36,5936.16,2592.6399999999994,0.0234375,216,303,BLAa,BLA,25,left,0
1002,1003,3,7263.48,5935.98,2593.0599999999995,0.46484375,1002,303,BLAa,BLA,25,left,0
1003,1004,3,7266.16,5935.78,2593.2000000000007,0.671875,1003,303,BLAa,BLA,25,left,0
1004,1005,3,7268.02,5935.56,2593.7000000000007,0.671875,1004,303,BLAa,BLA,25,left,0
1005,1006,3,7270.26,5934.22,2594.1800000000003,0.73046875,1005,303,BLAa,BLA,25,left,0
1006,1007,3,7271.98,5933.22,2594.4400000000005,0.73046875,1006,303,BLAa,BLA,25,left,0
1007,1008,3,7274.52,5932.68,2595.9400000000005,1.57421875,1007,303,BLAa,BLA,25,left,0
1008,1009,3,7276.14,5932.08,2597.34,1.8359375,1008,303,BLAa,BLA,25,left,0
1009,1010,3,7276.34,5930.18,2597.98,1.6640625,1009,303,BLAa,BLA,25,left,0
1010,1011,3,7179.38,6128.52,2658.6800000000003,0.0078125,252,334,BMAp,BMA,26,left,0
1011,1012,3,7179.46,6130.64,2659.6000000000004,0.5234375,1011,334,BMAp,BMA,26,left,0
1012,1013,3,7179.86,6134.38,2659.9,0.5234375,1012,334,BMAp,BMA,26,left,0
1013,1014,3,7179.74,6137.1,2660.16,0.3203125,1013,334,BMAp,BMA,26,left,0
1014,1015,3,7179.28,6138.94,2660.6800000000003,0.73046875,1014,334,BMAp,BMA,26,left,0
1015,1016,3,7179.62,6143.16,2660.6800000000003,0.5234375,1015,334,BMAp,BMA,26,left,0
1016,1017,3,7179.92,6145.96,2660.6399999999994,0.29296875,1016,334,BMAp,BMA,26,left,0
1017,1018,3,7180.24,6148.4,2661.48,0.29296875,1017,334,BMAp,BMA,26,left,0
1018,1019,3,7181.06,6151.66,2662.459999999999,0.4375,1018,334,BMAp,BMA,26,left,0
1019,1020,3,7181.98,6153.06,2663.5200000000004,0.671875,1019,334,BMAp,BMA,26,left,0
1020,1021,3,7182.42,6155.82,2664.2800000000007,0.7890625,1020,334,BMAp,BMA,26,left,0
1021,1022,3,7182.92,6160.98,2663.7000000000007,0.3203125,1021,334,BMAp,BMA,26,left,0
1022,1023,3,7183.22,6163.76,2663.879999999999,0.5234375,1022,334,BMAp,BMA,26,left,0
1023,1024,3,7183.64,6167.48,2664.2800000000007,0.49609375,1023,334,BMAp,BMA,26,left,0
1024,1025,3,7184.02,6170.34,2665.24,0.49609375,1024,334,BMAp,BMA,26,left,0
1025,1026,3,7184.26,6172.48,2665.34,0.4375,1025,334,BMAp,BMA,26,left,0
1026,1027,3,7185.2,6176.32,2665.5,0.3203125,1026,334,BMAp,BMA,26,left,0
1027,1028,3,7186.24,6180.32,2664.9,0.4375,1027,334,BMAp,BMA,26,left,0
1028,1029,3,7186.74,6182.3,2664.5599999999995,0.5546875,1028,334,BMAp,BMA,26,left,0
1029,1030,3,7188.72,6183.74,2664.26,0.46484375,1029,334,BMAp,BMA,26,left,0
1030,1031,3,7192.08,6185.5,2663.7800000000007,0.41015625,1030,334,BMAp,BMA,26,left,0
1031,1032,3,7193.12,6186.28,2663.34,0.29296875,1031,334,BMAp,BMA,26,left,0
1032,1033,3,7194.2,6189.36,2662.5,0.69921875,1032,334,BMAp,BMA,26,left,0
1033,1034,3,7194.8,6191.62,2661.9,0.5234375,1033,334,BMAp,BMA,26,left,0
1034,1035,3,7196.24,6192.22,2661.74,0.49609375,1034,334,BMAp,BMA,26,left,0
1035,1036,3,7197.18,6195.92,2661.120000000001,0.4375,1035,334,BMAp,BMA,26,left,0
1036,1037,3,7197.74,6198.18,2660.72,0.640625,1036,334,BMAp,BMA,26,left,0
1037,1038,3,7199.2,6200.12,2660.379999999999,0.4375,1037,334,BMAp,BMA,26,left,0
1038,1039,3,7201.08,6204.12,2659.66,0.3515625,1038,334,BMAp,BMA,26,left,0
1039,1040,3,7202.48,6206.5,2659.1800000000003,0.29296875,1039,334,BMAp,BMA,26,left,0
1040,1041,3,7203.64,6209.78,2657.84,0.46484375,1040,334,BMAp,BMA,26,left,0
1041,1042,3,7205.56,6212.16,2656.7000000000007,0.49609375,1041,334,BMAp,BMA,26,left,0
1042,1043,3,7207.58,6213.8,2656.1000000000004,0.29296875,1042,334,BMAp,BMA,26,left,0
1043,1044,3,7208.02,6216.18,2655.620000000001,0.00390625,1043,334,BMAp,BMA,26,left,0
1044,1045,3,7208.72,6219.6,2654.4400000000005,0.37890625,1044,334,BMAp,BMA,26,left,0
1045,1046,3,7209.9,6222.12,2653.8,0.61328125,1045,334,BMAp,BMA,26,left,0
1046,1047,3,7211.64,6223.48,2653.5200000000004,0.37890625,1046,334,BMAp,BMA,26,left,0
1047,1048,3,7213.88,6224.78,2653.24,0.41015625,1047,334,BMAp,BMA,26,left,0
1048,1049,3,7215.42,6227.78,2652.72,0.4375,1048,334,BMAp,BMA,26,left,0
1049,1050,3,7215.78,6229.56,2652.42,0.41015625,1049,334,BMAp,BMA,26,left,0
1050,1051,3,7217.32,6230.44,2652.24,0.671875,1050,334,BMAp,BMA,26,left,0
1051,1052,3,7219.68,6233.06,2652.26,0.46484375,1051,334,BMAp,BMA,26,left,0
1052,1053,3,7221.16,6235.6,2652.48,0.81640625,1052,334,BMAp,BMA,26,left,0
1053,1054,3,7223.08,6236.64,2652.42,0.73046875,1053,334,BMAp,BMA,26,left,0
1054,1055,3,7183.82,6127.74,2657.959999999999,0.03515625,252,334,BMAp,BMA,27,left,0
1055,1056,3,7185.38,6128.98,2657.76,0.7890625,1055,334,BMAp,BMA,27,left,0
1056,1057,3,7187.26,6129.86,2658.0200000000004,0.46484375,1056,334,BMAp,BMA,27,left,0
1057,1058,3,7189.46,6131.44,2658.42,0.5234375,1057,334,BMAp,BMA,27,left,0
1058,1059,3,7191.86,6133.42,2658.620000000001,0.49609375,1058,334,BMAp,BMA,27,left,0
1059,1060,3,7194.2,6133.96,2658.92,0.37890625,1059,334,BMAp,BMA,27,left,0
1060,1061,3,7197.24,6134.92,2659.8600000000006,0.41015625,1060,334,BMAp,BMA,27,left,0
1061,1062,3,7198.92,6135.9,2660.7000000000007,0.7578125,1061,334,BMAp,BMA,27,left,0
1062,1063,3,7200.32,6137.22,2661.84,0.4375,1062,334,BMAp,BMA,27,left,0
1063,1064,3,7201.84,6138.28,2662.3,0.671875,1063,334,BMAp,BMA,27,left,0
1064,1065,3,7203.9,6140.42,2663.5200000000004,0.00390625,1064,334,BMAp,BMA,27,left,0
1065,1066,3,7205.82,6142.66,2664.3,0.3203125,1065,334,BMAp,BMA,27,left,0
1066,1067,3,7206.92,6144.66,2665.7800000000007,0.875,1066,334,BMAp,BMA,27,left,0
1067,1068,3,7208.4,6146.22,2667.24,0.84765625,1067,334,BMAp,BMA,27,left,0
1068,1069,3,7210.44,6147.24,2667.959999999999,0.5546875,1068,334,BMAp,BMA,27,left,0
1069,1070,3,7212.86,6148.32,2668.6399999999994,0.49609375,1069,334,BMAp,BMA,27,left,0
1070,1071,3,7214.76,6149.36,2669.0599999999995,0.7578125,1070,334,BMAp,BMA,27,left,0
1071,1072,3,7217.42,6150.82,2669.1399999999994,0.3515625,1071,334,BMAp,BMA,27,left,0
1072,1073,3,7219.4,6151.98,2669.120000000001,0.875,1072,334,BMAp,BMA,27,left,0
1073,1074,3,7221.72,6152.04,2669.7000000000007,0.4375,1073,334,BMAp,BMA,27,left,0
1074,1075,3,7224.44,6152.4,2670.2000000000007,0.29296875,1074,334,BMAp,BMA,27,left,0
1075,1076,3,7226.68,6153.36,2670.26,0.41015625,1075,334,BMAp,BMA,27,left,0
1076,1077,3,7229.48,6153.86,2670.24,0.3203125,1076,334,BMAp,BMA,27,left,0
1077,1078,3,7231.16,6153.74,2670.540000000001,0.3515625,1077,334,BMAp,BMA,27,left,0
1078,1079,3,7233.64,6153.78,2670.879999999999,0.3515625,1078,334,BMAp,BMA,27,left,0
1079,1080,3,7235.68,6154.04,2671.1800000000003,0.3515625,1079,334,BMAp,BMA,27,left,0
1080,1081,3,7237.76,6154.48,2671.1800000000003,0.3515625,1080,334,BMAp,BMA,27,left,0
1081,1082,3,7240.5,6154.78,2671.32,0.41015625,1081,334,BMAp,BMA,27,left,0
1082,1083,3,7242.36,6155.12,2671.379999999999,0.41015625,1082,334,BMAp,BMA,27,left,0
1083,1084,3,7246.22,6155.42,2671.1800000000003,0.01171875,1083,334,BMAp,BMA,27,left,0
1084,1085,3,7248.46,6157.1,2670.48,0.5234375,1084,334,BMAp,BMA,27,left,0
1085,1086,3,7249.48,6158.98,2670.0,0.5234375,1085,334,BMAp,BMA,27,left,0
1086,1087,3,7251.9,6159.2,2669.5599999999995,0.93359375,1086,334,BMAp,BMA,27,left,0
1087,1088,3,7254.46,6159.0,2669.459999999999,1.25390625,1087,334,BMAp,BMA,27,left,0
1088,1089,3,7045.38,6125.14,2588.1000000000004,0.015625,309,303,BLAa,BLA,28,left,0
1089,1090,3,7044.58,6128.48,2586.7800000000007,0.640625,1089,303,BLAa,BLA,28,left,0
1090,1091,3,7043.78,6130.62,2586.040000000001,0.3515625,1090,303,BLAa,BLA,28,left,0
1091,1092,3,7041.36,6132.52,2585.32,0.3203125,1091,303,BLAa,BLA,28,left,0
1092,1093,3,7039.8,6134.76,2584.42,0.4375,1092,303,BLAa,BLA,28,left,0
1093,1094,3,7037.68,6135.96,2583.540000000001,0.58203125,1093,303,BLAa,BLA,28,left,0
1094,1095,3,7036.64,6137.96,2581.48,0.61328125,1094,303,BLAa,BLA,28,left,0
1095,1096,3,7035.48,6139.26,2579.620000000001,0.3203125,1095,303,BLAa,BLA,28,left,0
1096,1097,3,7034.32,6141.48,2577.72,0.17578125,1096,303,BLAa,BLA,28,left,0
1097,1098,3,7033.02,6143.48,2576.34,0.5546875,1097,303,BLAa,BLA,28,left,0
1098,1099,3,7032.42,6147.52,2574.9,0.203125,1098,303,BLAa,BLA,28,left,0
1099,1100,3,7031.42,6149.94,2573.48,0.49609375,1099,303,BLAa,BLA,28,left,0
1100,1101,3,7030.96,6152.2,2572.040000000001,0.58203125,1100,303,BLAa,BLA,28,left,0
1101,1102,3,7030.18,6154.64,2571.5,0.26171875,1101,303,BLAa,BLA,28,left,0
1102,1103,3,7030.44,6157.62,2571.5599999999995,0.5234375,1102,303,BLAa,BLA,28,left,0
1103,1104,3,7030.08,6159.96,2571.4,0.4375,1103,303,BLAa,BLA,28,left,0
1104,1105,3,7028.66,6161.26,2571.22,0.49609375,1104,303,BLAa,BLA,28,left,0
1105,1106,3,7028.18,6163.24,2570.92,0.3203125,1105,303,BLAa,BLA,28,left,0
1106,1107,3,7026.64,6163.82,2570.8600000000006,0.37890625,1106,303,BLAa,BLA,28,left,1
1107,1108,3,7043.8,6123.88,2585.22,0.5234375,309,303,BLAa,BLA,29,left,0
1108,1109,3,7042.42,6124.86,2582.42,0.29296875,1108,303,BLAa,BLA,29,left,0
1109,1110,3,7040.94,6125.7,2579.8,0.41015625,1109,303,BLAa,BLA,29,left,0
1110,1111,3,7040.52,6126.26,2577.3600000000006,0.3515625,1110,303,BLAa,BLA,29,left,0
1111,1112,3,7039.42,6125.76,2575.82,0.4375,1111,303,BLAa,BLA,29,left,0
1112,1113,3,7038.14,6124.28,2574.5599999999995,0.46484375,1112,303,BLAa,BLA,29,left,0
1113,1114,3,7036.96,6122.04,2573.4400000000005,0.58203125,1113,303,BLAa,BLA,29,left,0
1114,1115,3,7035.22,6121.22,2573.1000000000004,0.5234375,1114,303,BLAa,BLA,29,left,0
1115,1116,3,7034.4,6120.66,2571.76,0.3515625,1115,303,BLAa,BLA,29,left,0
1116,1117,3,7032.46,6120.42,2569.98,0.4375,1116,303,BLAa,BLA,29,left,0
1117,1118,3,7030.8,6121.12,2568.08,0.5546875,1117,303,BLAa,BLA,29,left,0
1118,1119,3,7029.32,6122.62,2565.1000000000004,0.234375,1118,303,BLAa,BLA,29,left,0
1119,1120,3,7028.28,6123.06,2563.9,0.58203125,1119,303,BLAa,BLA,29,left,0
1120,1121,3,7026.68,6123.24,2560.620000000001,0.5234375,1120,303,BLAa,BLA,29,left,0
1121,1122,3,7025.58,6121.72,2558.959999999999,0.3515625,1121,303,BLAa,BLA,29,left,0
1122,1123,3,7024.74,6119.2,2557.6399999999994,0.37890625,1122,303,BLAa,BLA,29,left,0
1123,1124,3,7023.74,6118.2,2557.1399999999994,0.58203125,1123,303,BLAa,BLA,29,left,0
1124,1125,3,7023.32,6116.94,2555.66,0.5234375,1124,303,BLAa,BLA,29,left,0
1125,1126,3,7023.02,6115.54,2553.58,0.3203125,1125,303,BLAa,BLA,29,left,0
1126,1127,3,7022.64,6114.42,2549.98,0.41015625,1126,303,BLAa,BLA,29,left,0
1127,1128,3,7022.58,6115.0,2548.0,0.4375,1127,303,BLAa,BLA,29,left,0
1128,1129,3,7022.34,6116.18,2544.7800000000007,0.5234375,1128,303,BLAa,BLA,29,left,0
1129,1130,3,7021.5,6116.2,2543.84,0.3515625,1129,303,BLAa,BLA,29,left,1
1220,1221,3,7119.24,5995.14,2617.42,0.08984375,384,303,BLAa,BLA,34,left,0
1221,1222,3,7115.58,5995.28,2617.48,5.86328125,1221,303,BLAa,BLA,34,left,0
1222,1223,3,7112.3,5995.08,2617.6399999999994,5.046875,1222,303,BLAa,BLA,34,left,0
1223,1224,3,7110.52,5994.86,2618.26,3.47265625,1223,303,BLAa,BLA,34,left,0
1224,1225,3,7110.12,5993.36,2619.6000000000004,1.515625,1224,303,BLAa,BLA,34,left,0
1225,1226,3,7109.88,5990.32,2620.34,0.9609375,1225,303,BLAa,BLA,34,left,0
1226,1227,3,7108.22,5988.96,2620.76,0.4375,1226,303,BLAa,BLA,34,left,0
1227,1228,3,7105.92,5988.68,2621.1399999999994,0.17578125,1227,303,BLAa,BLA,34,left,0
1228,1229,3,7103.08,5988.12,2621.379999999999,0.26171875,1228,303,BLAa,BLA,34,left,0
1229,1230,3,7100.42,5988.0,2621.48,0.46484375,1229,303,BLAa,BLA,34,left,0
1230,1231,3,7097.86,5987.22,2621.5200000000004,0.81640625,1230,303,BLAa,BLA,34,left,0
1231,1232,3,7096.26,5986.0,2621.040000000001,0.7890625,1231,303,BLAa,BLA,34,left,0
1232,1233,3,7093.96,5986.24,2620.66,0.06640625,1232,303,BLAa,BLA,34,left,0
1233,1234,3,7092.34,5985.6,2619.5,0.46484375,1233,303,BLAa,BLA,34,left,0
1234,1235,3,7090.06,5985.26,2618.540000000001,0.3515625,1234,303,BLAa,BLA,34,left,0
1235,1236,3,7087.18,5985.28,2617.0200000000004,0.5546875,1235,303,BLAa,BLA,34,left,0
1236,1237,3,7085.86,5985.24,2615.82,0.69921875,1236,303,BLAa,BLA,34,left,0
1237,1238,3,7085.26,5984.86,2614.08,0.49609375,1237,303,BLAa,BLA,34,left,0
1238,1239,3,7084.04,5984.1,2612.3,0.640625,1238,303,BLAa,BLA,34,left,0
1239,1240,3,7083.0,5983.2,2611.2000000000007,0.5546875,1239,303,BLAa,BLA,34,left,0
1240,1241,3,7082.1,5982.02,2608.7000000000007,0.5546875,1240,303,BLAa,BLA,34,left,0
1241,1242,3,7080.78,5981.48,2606.3600000000006,0.49609375,1241,303,BLAa,BLA,34,left,0
1242,1243,3,7079.72,5980.74,2604.16,0.17578125,1242,303,BLAa,BLA,34,left,0
1243,1244,3,7077.96,5980.14,2601.8,0.5234375,1243,303,BLAa,BLA,34,left,0
1244,1245,3,7076.8,5979.62,2600.4,0.4375,1244,303,BLAa,BLA,34,left,0
1245,1246,3,7075.6,5978.56,2598.8,0.4375,1245,303,BLAa,BLA,34,left,0
1246,1247,3,7074.12,5977.64,2597.58,0.37890625,1246,303,BLAa,BLA,34,left,0
1247,1248,3,7072.58,5977.12,2596.0200000000004,0.29296875,1247,303,BLAa,BLA,34,left,0
1248,1249,3,7070.44,5976.46,2594.74,0.61328125,1248,303,BLAa,BLA,34,left,0
1249,1250,3,7068.82,5975.72,2593.3,0.58203125,1249,303,BLAa,BLA,34,left,0
1250,1251,3,7066.78,5975.24,2592.459999999999,0.61328125,1250,303,BLAa,BLA,34,left,0
1251,1252,3,7064.12,5974.7,2591.4,0.5546875,1251,303,BLAa,BLA,34,left,0
1252,1253,3,7062.02,5974.36,2590.34,0.46484375,1252,303,BLAa,BLA,34,left,0
1253,1254,3,7059.68,5974.38,2589.32,0.3515625,1253,303,BLAa,BLA,34,left,0
1254,1255,3,7057.62,5974.42,2588.98,0.4375,1254,303,BLAa,BLA,34,left,0
1255,1256,3,7055.58,5974.46,2588.379999999999,0.3515625,1255,303,BLAa,BLA,34,left,0
1256,1257,3,7052.4,5974.56,2587.72,0.37890625,1256,303,BLAa,BLA,34,left,0
1257,1258,3,7050.64,5974.96,2587.5200000000004,0.46484375,1257,303,BLAa,BLA,34,left,0
1258,1259,3,7048.06,5975.22,2587.5,0.46484375,1258,303,BLAa,BLA,34,left,0
1259,1260,3,7046.3,5975.26,2587.74,0.26171875,1259,303,BLAa,BLA,34,left,0
1260,1261,3,7044.44,5975.32,2588.2000000000007,0.234375,1260,303,BLAa,BLA,34,left,0
1261,1262,3,7041.94,5975.24,2588.959999999999,0.41015625,1261,303,BLAa,BLA,34,left,0
1262,1263,3,7040.16,5974.8,2589.379999999999,0.41015625,1262,303,BLAa,BLA,34,left,0
1263,1264,3,7038.28,5973.74,2589.84,0.49609375,1263,303,BLAa,BLA,34,left,0
1264,1265,3,7036.3,5972.92,2590.040000000001,0.41015625,1264,303,BLAa,BLA,34,left,0
1265,1266,3,7033.08,5971.24,2590.1800000000003,0.41015625,1265,303,BLAa,BLA,34,left,0
1266,1267,3,7030.02,5969.7,2589.92,0.5234375,1266,303,BLAa,BLA,34,left,0
1267,1268,3,7027.86,5968.4,2589.5200000000004,0.5234375,1267,303,BLAa,BLA,34,left,0
1268,1269,3,7024.52,5967.72,2589.459999999999,0.3515625,1268,303,BLAa,BLA,34,left,0
1269,1270,3,7022.3,5967.4,2589.58,0.29296875,1269,303,BLAa,BLA,34,left,0
1270,1271,3,7019.98,5966.26,2589.84,0.26171875,1270,303,BLAa,BLA,34,left,0
1271,1272,3,7017.1,5965.38,2590.0200000000004,0.4375,1271,303,BLAa,BLA,34,left,0
1272,1273,3,7015.46,5964.92,2589.7000000000007,0.5546875,1272,303,BLAa,BLA,34,left,0
1273,1274,3,7012.38,5964.7,2589.879999999999,0.04296875,1273,303,BLAa,BLA,34,left,0
1274,1275,3,7009.42,5964.96,2589.879999999999,0.875,1274,303,BLAa,BLA,34,left,0
1275,1276,3,7007.54,5965.32,2589.540000000001,0.7890625,1275,303,BLAa,BLA,34,left,0
1276,1277,3,7004.3,5966.16,2588.879999999999,0.7578125,1276,303,BLAa,BLA,34,left,0
1277,1278,3,7001.98,5966.6,2588.3,0.49609375,1277,303,BLAa,BLA,34,left,0
1278,1279,3,6998.4,5966.68,2587.1800000000003,0.46484375,1278,303,BLAa,BLA,34,left,0
1279,1280,3,6995.8,5966.68,2586.5,0.58203125,1279,303,BLAa,BLA,34,left,0
1280,1281,3,6994.04,5966.68,2585.7800000000007,0.49609375,1280,303,BLAa,BLA,34,left,0
1281,1282,3,6991.84,5966.7,2585.540000000001,0.73046875,1281,303,BLAa,BLA,34,left,0
1282,1283,3,6989.4,5966.7,2585.1000000000004,0.5234375,1282,303,BLAa,BLA,34,left,0
1283,1284,3,6986.78,5966.68,2584.120000000001,0.4375,1283,303,BLAa,BLA,34,left,0
1284,1285,3,6984.9,5966.4,2583.5,0.4375,1284,303,BLAa,BLA,34,left,0
1285,1286,3,6981.8,5966.02,2582.98,0.3203125,1285,303,BLAa,BLA,34,left,0
1286,1287,3,6980.14,5965.64,2582.16,0.49609375,1286,303,BLAa,BLA,34,left,0
1287,1288,3,6977.44,5965.5,2581.6000000000004,0.5546875,1287,303,BLAa,BLA,34,left,0
1288,1289,3,6975.22,5965.5,2581.66,0.58203125,1288,303,BLAa,BLA,34,left,0
1289,1290,3,6972.78,5965.5,2581.5599999999995,0.61328125,1289,303,BLAa,BLA,34,left,0
1290,1291,3,6970.48,5965.5,2580.7800000000007,0.90234375,1290,303,BLAa,BLA,34,left,0
1291,1292,3,6968.14,5965.9,2580.16,0.41015625,1291,303,BLAa,BLA,34,left,0
1292,1293,3,6967.04,5966.1,2579.0599999999995,0.46484375,1292,303,BLAa,BLA,34,left,0
1293,1294,3,6964.84,5966.1,2577.48,0.49609375,1293,303,BLAa,BLA,34,left,0
1294,1295,3,6963.36,5966.16,2575.98,0.640625,1294,303,BLAa,BLA,34,left,0
1295,1296,3,6961.7,5967.1,2575.42,0.61328125,1295,303,BLAa,BLA,34,left,0
1296,1297,3,6958.96,5968.32,2575.2800000000007,0.58203125,1296,303,BLAa,BLA,34,left,0
1297,1298,3,6957.18,5969.06,2575.1800000000003,0.58203125,1297,303,BLAa,BLA,34,left,0
1298,1299,3,7126.76,5994.72,2617.9400000000005,0.20703125,384,303,BLAa,BLA,35,left,0
1299,1300,3,7127.32,5993.72,2619.3,9.2734375,1299,303,BLAa,BLA,35,left,0
1300,1301,3,7127.66,5993.1,2624.1399999999994,10.23828125,1300,303,BLAa,BLA,35,left,0
1301,1302,3,7128.18,5993.12,2625.42,7.05859375,1301,303,BLAa,BLA,35,left,0
1302,1303,3,7131.0,5993.0,2625.6399999999994,6.6484375,1302,303,BLAa,BLA,35,left,0
1303,1304,3,7133.34,5992.88,2625.6000000000004,6.50390625,1303,303,BLAa,BLA,35,left,0
1304,1305,3,7135.08,5992.8,2625.58,6.2109375,1304,303,BLAa,BLA,35,left,0
1305,1306,3,7133.76,5977.62,2627.379999999999,0.875,1305,303,BLAa,BLA,35,left,0
1306,1307,3,7133.16,5972.64,2626.0200000000004,1.2265625,1306,303,BLAa,BLA,35,left,0
1307,1308,3,7132.84,5970.04,2625.16,0.9921875,1307,303,BLAa,BLA,35,left,0
1308,1309,3,7132.52,5968.14,2623.7000000000007,1.078125,1308,303,BLAa,BLA,35,left,0
1309,1310,3,7132.12,5965.74,2621.6000000000004,0.9921875,1309,303,BLAa,BLA,35,left,0
1310,1311,3,7131.7,5964.6,2620.16,1.60546875,1310,303,BLAa,BLA,35,left,0
1311,1312,3,7130.62,5964.32,2619.08,1.1953125,1311,303,BLAa,BLA,35,left,0
1312,1313,3,7130.34,5962.64,2618.620000000001,1.48828125,1312,303,BLAa,BLA,35,left,0
1313,1314,3,7129.86,5957.42,2618.98,0.0078125,1313,303,BLAa,BLA,35,left,0
1314,1315,3,7129.4,5953.78,2617.66,0.93359375,1314,303,BLAa,BLA,35,left,0
1315,1316,3,7128.72,5952.1,2617.1000000000004,1.33984375,1315,303,BLAa,BLA,35,left,0
1316,1317,3,7126.4,5951.68,2616.379999999999,2.36328125,1316,303,BLAa,BLA,35,left,0
1317,1318,3,7125.22,5950.32,2615.9400000000005,2.421875,1317,303,BLAa,BLA,35,left,0
1318,1319,3,7036.16,5715.5,2604.74,0.84765625,482,303,BLAa,BLA,36,left,0
1319,1320,3,7038.14,5715.16,2603.379999999999,0.46484375,1319,303,BLAa,BLA,36,left,0
1320,1321,3,7038.42,5715.12,2601.1000000000004,0.02734375,1320,303,BLAa,BLA,36,left,0
1321,1322,3,7038.24,5715.1,2598.9,0.4375,1321,303,BLAa,BLA,36,left,0
1322,1323,3,7037.9,5713.14,2597.48,0.5546875,1322,303,BLAa,BLA,36,left,0
1323,1324,3,7037.5,5710.64,2596.1399999999994,0.5234375,1323,303,BLAa,BLA,36,left,0
1324,1325,3,7037.12,5708.46,2594.7800000000007,0.640625,1324,303,BLAa,BLA,36,left,0
1325,1326,3,7036.8,5706.44,2593.72,0.93359375,1325,303,BLAa,BLA,36,left,0
1326,1327,3,7036.2,5702.2,2592.4400000000005,0.3515625,1326,303,BLAa,BLA,36,left,0
1327,1328,3,7035.8,5699.34,2591.5599999999995,1.078125,1327,303,BLAa,BLA,36,left,0
1328,1329,3,7035.58,5698.44,2590.26,0.84765625,1328,303,BLAa,BLA,36,left,0
1329,1330,3,7035.22,5696.24,2588.9400000000005,0.58203125,1329,303,BLAa,BLA,36,left,0
1330,1331,3,7034.9,5694.36,2587.5599999999995,0.73046875,1330,303,BLAa,BLA,36,left,0
1331,1332,3,7034.2,5692.08,2586.620000000001,0.5546875,1331,303,BLAa,BLA,36,left,0
1332,1333,3,7032.78,5690.24,2585.32,0.84765625,1332,303,BLAa,BLA,36,left,0
1333,1334,3,7031.42,5689.1,2583.7000000000007,0.671875,1333,303,BLAa,BLA,36,left,0
1334,1335,3,7030.82,5688.64,2579.48,0.49609375,1334,303,BLAa,BLA,36,left,0
1335,1336,3,7029.76,5688.36,2577.16,0.61328125,1335,303,BLAa,BLA,36,left,0
1336,1337,3,7028.92,5687.98,2574.6000000000004,0.69921875,1336,303,BLAa,BLA,36,left,0
1337,1338,3,7026.54,5687.18,2572.6000000000004,0.46484375,1337,303,BLAa,BLA,36,left,0
1338,1339,3,7024.98,5686.28,2571.2000000000007,0.5234375,1338,303,BLAa,BLA,36,left,0
1339,1340,3,7024.06,5684.4,2570.040000000001,0.3203125,1339,303,BLAa,BLA,36,left,0
1340,1341,3,7022.6,5682.32,2569.22,0.5234375,1340,303,BLAa,BLA,36,left,0
1341,1342,3,7019.62,5678.22,2568.540000000001,0.61328125,1341,303,BLAa,BLA,36,left,0
1342,1343,3,7017.78,5676.36,2568.24,0.46484375,1342,303,BLAa,BLA,36,left,0
1343,1344,3,7015.52,5674.78,2568.16,0.640625,1343,303,BLAa,BLA,36,left,0
1344,1345,3,7012.6,5671.88,2568.540000000001,0.69921875,1344,303,BLAa,BLA,36,left,0
1345,1346,3,7009.9,5668.8,2568.58,0.671875,1345,303,BLAa,BLA,36,left,0
1346,1347,3,7008.02,5666.42,2567.9400000000005,0.69921875,1346,303,BLAa,BLA,36,left,0
1347,1348,3,7006.38,5663.88,2567.08,0.49609375,1347,303,BLAa,BLA,36,left,0
1348,1349,3,7004.44,5661.64,2565.84,0.81640625,1348,303,BLAa,BLA,36,left,0
1349,1350,3,7001.84,5659.9,2564.92,0.3515625,1349,303,BLAa,BLA,36,left,0
1350,1351,3,7000.4,5658.68,2563.9400000000005,0.58203125,1350,303,BLAa,BLA,36,left,0
1351,1352,3,6998.1,5655.34,2561.82,0.00390625,1351,303,BLAa,BLA,36,left,0
1352,1353,3,6997.32,5651.54,2560.620000000001,2.48046875,1352,303,BLAa,BLA,36,left,0
1353,1354,3,6997.0,5649.78,2559.5200000000004,1.89453125,1353,303,BLAa,BLA,36,left,0
1354,1355,3,6996.62,5647.96,2557.76,0.37890625,1354,303,BLAa,BLA,36,left,0
1355,1356,3,6996.14,5645.22,2556.4,0.640625,1355,303,BLAa,BLA,36,left,0
1356,1357,3,6995.82,5643.58,2555.1000000000004,0.7578125,1356,303,BLAa,BLA,36,left,0
1357,1358,3,6995.52,5642.38,2553.32,0.640625,1357,303,BLAa,BLA,36,left,0
1358,1359,3,6995.08,5640.32,2551.1399999999994,0.73046875,1358,303,BLAa,BLA,36,left,0
1359,1360,3,6994.68,5637.54,2549.1800000000003,0.5234375,1359,303,BLAa,BLA,36,left,0
1360,1361,3,6995.06,5635.26,2547.98,0.640625,1360,303,BLAa,BLA,36,left,0
1361,1362,3,6995.02,5631.96,2546.92,0.58203125,1361,303,BLAa,BLA,36,left,0
1362,1363,3,6994.32,5627.24,2545.3,0.73046875,1362,303,BLAa,BLA,36,left,0
1363,1364,3,6994.56,5624.8,2545.040000000001,0.49609375,1363,303,BLAa,BLA,36,left,0
1364,1365,3,6993.82,5611.3,2547.2800000000007,0.49609375,1364,303,BLAa,BLA,36,left,0
1365,1366,3,6993.42,5608.22,2547.1000000000004,0.875,1365,303,BLAa,BLA,36,left,0
1366,1367,3,6996.22,5608.06,2546.6399999999994,0.015625,1366,303,BLAa,BLA,36,left,0
1367,1368,3,6997.08,5606.98,2546.0200000000004,0.671875,1367,303,BLAa,BLA,36,left,0
1368,1369,3,6996.96,5605.76,2544.74,0.3515625,1368,303,BLAa,BLA,36,left,0
1369,1370,3,6996.54,5603.6,2543.0599999999995,0.3515625,1369,303,BLAa,BLA,36,left,0
1370,1371,3,6996.22,5601.38,2542.4400000000005,0.7890625,1370,303,BLAa,BLA,36,left,0
1371,1372,3,6995.56,5595.12,2543.379999999999,1.16796875,1371,303,BLAa,BLA,36,left,0
1372,1373,3,6995.36,5592.4,2543.1399999999994,0.5546875,1372,303,BLAa,BLA,36,left,0
1373,1374,3,6996.38,5590.08,2541.5599999999995,0.5546875,1373,303,BLAa,BLA,36,left,0
1374,1375,3,6997.24,5588.98,2539.8600000000006,0.671875,1374,303,BLAa,BLA,36,left,0
1375,1376,3,6998.2,5588.34,2538.66,0.671875,1375,303,BLAa,BLA,36,left,0
1376,1377,3,6998.54,5587.4,2536.84,0.73046875,1376,303,BLAa,BLA,36,left,0
1377,1378,3,7000.06,5586.86,2536.08,0.49609375,1377,303,BLAa,BLA,36,left,1
1378,1379,3,7035.28,5717.3,2607.26,0.1953125,482,303,BLAa,BLA,37,left,0
1379,1380,3,7035.78,5721.96,2606.379999999999,0.4375,1379,303,BLAa,BLA,37,left,0
1380,1381,3,7035.96,5723.8,2606.040000000001,0.4375,1380,303,BLAa,BLA,37,left,0
1381,1382,3,7033.88,5724.56,2606.72,0.0078125,1381,303,BLAa,BLA,37,left,0
1382,1383,3,7033.66,5724.8,2608.0599999999995,0.49609375,1382,303,BLAa,BLA,37,left,0
1383,1384,3,7032.48,5723.36,2609.620000000001,0.01171875,1383,303,BLAa,BLA,37,left,0
1384,1385,3,7031.62,5720.48,2611.42,0.5234375,1384,303,BLAa,BLA,37,left,0
1385,1386,3,7030.76,5717.16,2613.5599999999995,0.90234375,1385,303,BLAa,BLA,37,left,0
1386,1387,3,7184.74,5868.8,2509.1000000000004,0.08203125,718,303,BLAa,BLA,38,left,0
1387,1388,3,7184.62,5868.84,2506.84,1.33984375,1387,303,BLAa,BLA,38,left,0
1388,1389,3,7185.68,5868.78,2506.2000000000007,1.2265625,1388,303,BLAa,BLA,38,left,0
1389,1390,3,7188.28,5868.64,2505.92,1.25390625,1389,303,BLAa,BLA,38,left,0
1390,1391,3,7190.38,5868.54,2504.879999999999,1.1953125,1390,303,BLAa,BLA,38,left,0
1391,1392,3,7191.74,5869.02,2502.9400000000005,1.13671875,1391,303,BLAa,BLA,38,left,0
1392,1393,3,7191.98,5869.76,2500.2000000000007,1.45703125,1392,303,BLAa,BLA,38,left,0
1393,1394,3,7192.94,5869.74,2498.0,1.078125,1393,303,BLAa,BLA,38,left,0
1394,1395,3,7194.6,5869.7,2495.9,0.875,1394,303,BLAa,BLA,38,left,0
1395,1396,3,7196.28,5869.64,2494.5200000000004,0.93359375,1395,303,BLAa,BLA,38,left,0
1396,1397,3,7198.36,5869.54,2493.2800000000007,1.078125,1396,303,BLAa,BLA,38,left,0
1397,1398,3,7199.82,5869.5,2491.76,0.9609375,1397,303,BLAa,BLA,38,left,0
1398,1399,3,7202.26,5869.36,2490.48,1.25390625,1398,303,BLAa,BLA,38,left,0
1399,1400,3,7205.24,5869.18,2490.2800000000007,1.6328125,1399,303,BLAa,BLA,38,left,0
1400,1401,3,7207.58,5869.04,2490.26,1.515625,1400,303,BLAa,BLA,38,left,0
1401,1402,3,7184.68,5865.86,2512.2000000000007,0.0546875,718,303,BLAa,BLA,39,left,0
1402,1403,3,7184.44,5862.98,2511.8,0.90234375,1402,303,BLAa,BLA,39,left,0
1403,1404,3,7184.18,5861.52,2509.92,0.7578125,1403,303,BLAa,BLA,39,left,0
1404,1405,3,7183.88,5859.68,2507.82,0.61328125,1404,303,BLAa,BLA,39,left,0
1405,1406,3,7184.2,5859.14,2506.9,0.81640625,1405,303,BLAa,BLA,39,left,0
1406,1407,3,7185.78,5858.8,2506.7800000000007,0.9921875,1406,303,BLAa,BLA,39,left,0
1407,1408,3,7187.54,5858.02,2505.9400000000005,0.5546875,1407,303,BLAa,BLA,39,left,0
1408,1409,3,7188.26,5856.54,2504.540000000001,0.671875,1408,303,BLAa,BLA,39,left,0
1409,1410,3,7188.98,5854.4,2503.84,0.640625,1409,303,BLAa,BLA,39,left,0
1410,1411,3,7189.16,5851.02,2503.2800000000007,0.49609375,1410,303,BLAa,BLA,39,left,0
1411,1412,3,7189.74,5849.46,2502.92,0.4375,1411,303,BLAa,BLA,39,left,0
1412,1413,3,7189.78,5847.12,2501.4,0.7890625,1412,303,BLAa,BLA,39,left,0
1413,1414,3,7190.5,5845.1,2500.72,0.7578125,1413,303,BLAa,BLA,39,left,0
1414,1415,3,7191.56,5842.86,2500.540000000001,0.7578125,1414,303,BLAa,BLA,39,left,0
1415,1416,3,7191.52,5839.02,2500.58,0.640625,1415,303,BLAa,BLA,39,left,0
1416,1417,3,7191.5,5836.72,2500.120000000001,0.671875,1416,303,BLAa,BLA,39,left,0
1417,1418,3,7192.96,5834.8,2499.92,0.4375,1417,303,BLAa,BLA,39,left,0
1418,1419,3,7194.34,5832.06,2499.5,0.61328125,1418,303,BLAa,BLA,39,left,0
1419,1420,3,7195.14,5830.22,2498.879999999999,0.93359375,1419,303,BLAa,BLA,39,left,0
1420,1421,3,7195.78,5827.28,2498.32,0.671875,1420,303,BLAa,BLA,39,left,0
1421,1422,3,7196.36,5825.1,2498.22,0.58203125,1421,303,BLAa,BLA,39,left,0
1422,1423,3,7195.88,5817.44,2499.24,0.5546875,1422,303,BLAa,BLA,39,left,0
1423,1424,3,7195.7,5815.14,2499.32,0.58203125,1423,303,BLAa,BLA,39,left,0
1424,1425,3,7195.24,5810.06,2498.48,0.58203125,1424,303,BLAa,BLA,39,left,0
1425,1426,3,7194.96,5806.98,2498.1000000000004,0.90234375,1425,303,BLAa,BLA,39,left,0
1426,1427,3,7194.66,5802.6,2498.76,1.45703125,1426,303,BLAa,BLA,39,left,0
1427,1428,3,7194.54,5800.8,2499.120000000001,0.9921875,1427,303,BLAa,BLA,39,left,0
1428,1429,3,7194.3,5797.68,2499.0599999999995,0.0078125,1428,303,BLAa,BLA,39,left,0
1429,1430,3,7193.96,5793.82,2498.6000000000004,1.2265625,1429,303,BLAa,BLA,39,left,0
1430,1431,3,7193.92,5790.82,2498.959999999999,0.58203125,1430,303,BLAa,BLA,39,left,0
1431,1432,3,7194.64,5788.88,2498.8600000000006,0.4375,1431,303,BLAa,BLA,39,left,0
1432,1433,3,7194.56,5786.02,2498.08,1.45703125,1432,303,BLAa,BLA,39,left,0
1433,1434,3,7194.92,5782.18,2497.8,0.3203125,1433,303,BLAa,BLA,39,left,0
1434,1435,3,7195.98,5779.64,2497.6399999999994,1.05078125,1434,303,BLAa,BLA,39,left,0
1435,1436,3,7196.36,5776.72,2497.2800000000007,0.81640625,1435,303,BLAa,BLA,39,left,0
1436,1437,3,7197.66,5772.88,2497.7000000000007,0.7890625,1436,303,BLAa,BLA,39,left,0
1437,1438,3,7199.04,5770.34,2497.82,0.46484375,1437,303,BLAa,BLA,39,left,0
1438,1439,3,7200.44,5766.46,2497.08,0.5234375,1438,303,BLAa,BLA,39,left,0
1439,1440,3,7200.64,5763.12,2496.34,0.58203125,1439,303,BLAa,BLA,39,left,0
1440,1441,3,7201.36,5760.86,2495.9400000000005,0.37890625,1440,303,BLAa,BLA,39,left,0
1441,1442,3,7203.04,5758.54,2495.4400000000005,0.41015625,1441,303,BLAa,BLA,39,left,0
1442,1443,3,7203.2,5755.24,2495.26,0.640625,1442,303,BLAa,BLA,39,left,0
1443,1444,3,7202.88,5750.82,2495.34,0.73046875,1443,303,BLAa,BLA,39,left,0
1444,1445,3,7202.38,5742.76,2496.879999999999,0.4375,1444,303,BLAa,BLA,39,left,0
1445,1446,3,7202.22,5740.62,2497.0,0.7578125,1445,303,BLAa,BLA,39,left,0
1446,1447,3,7201.94,5735.78,2497.5,0.58203125,1446,303,BLAa,BLA,39,left,0
1447,1448,3,7202.44,5733.7,2497.879999999999,0.5546875,1447,303,BLAa,BLA,39,left,0
1448,1449,3,7202.76,5730.44,2497.8600000000006,0.41015625,1448,303,BLAa,BLA,39,left,0
1449,1450,3,7203.1,5725.8,2497.540000000001,0.29296875,1449,303,BLAa,BLA,39,left,0
1450,1451,3,7204.38,5722.5,2497.0200000000004,0.671875,1450,303,BLAa,BLA,39,left,0
1451,1452,3,7205.12,5720.38,2496.08,0.7578125,1451,303,BLAa,BLA,39,left,0
1452,1453,3,7205.42,5716.92,2496.48,0.01953125,1452,303,BLAa,BLA,39,left,0
1453,1454,3,7205.1,5711.88,2495.459999999999,0.5546875,1453,303,BLAa,BLA,39,left,0
1454,1455,3,7205.6,5709.2,2494.76,0.5234375,1454,303,BLAa,BLA,39,left,0
1455,1456,3,7205.7,5706.38,2493.48,0.69921875,1455,303,BLAa,BLA,39,left,0
1456,1457,3,7206.14,5704.68,2492.6800000000003,0.3203125,1456,303,BLAa,BLA,39,left,0
1457,1458,3,7207.48,5703.8,2492.16,0.17578125,1457,303,BLAa,BLA,39,left,0
1458,1459,3,7208.04,5701.72,2490.959999999999,0.41015625,1458,303,BLAa,BLA,39,left,0
1459,1460,3,7208.8,5700.38,2489.459999999999,0.640625,1459,303,BLAa,BLA,39,left,0
1460,1461,3,7209.52,5698.18,2488.3600000000006,0.671875,1460,303,BLAa,BLA,39,left,0
1461,1462,3,7209.76,5695.46,2488.0599999999995,0.5546875,1461,303,BLAa,BLA,39,left,0
1462,1463,3,7210.62,5694.0,2488.1399999999994,0.640625,1462,303,BLAa,BLA,39,left,0
1463,1464,3,7210.6,5692.16,2487.5200000000004,0.640625,1463,303,BLAa,BLA,39,left,0
1464,1465,3,7210.28,5688.48,2486.6800000000003,0.875,1464,303,BLAa,BLA,39,left,0
1465,1466,3,7210.1,5686.02,2486.5,0.58203125,1465,303,BLAa,BLA,39,left,0
1466,1467,3,7287.74,6004.74,2435.3600000000006,1.13671875,916,311,BLAp,BLA,40,left,0
1467,1468,3,7289.38,6003.9,2435.08,1.05078125,1467,311,BLAp,BLA,40,left,0
1468,1469,3,7290.5,6003.72,2433.540000000001,0.671875,1468,311,BLAp,BLA,40,left,0
1469,1470,3,7292.12,6003.14,2432.2000000000007,0.671875,1469,311,BLAp,BLA,40,left,0
1470,1471,3,7293.48,6001.86,2430.32,0.640625,1470,311,BLAp,BLA,40,left,0
1471,1472,3,7294.38,6000.24,2429.0200000000004,0.7890625,1471,311,BLAp,BLA,40,left,0
1472,1473,3,7295.22,5999.34,2427.92,0.73046875,1472,311,BLAp,BLA,40,left,0
1473,1474,3,7296.76,5998.64,2425.76,0.49609375,1473,311,BLAp,BLA,40,left,0
1474,1475,3,7297.78,5997.9,2423.82,0.69921875,1474,311,BLAp,BLA,40,left,0
1475,1476,3,7300.26,5996.86,2422.4,0.671875,1475,311,BLAp,BLA,40,left,0
1476,1477,3,7301.12,5996.38,2420.66,1.01953125,1476,311,BLAp,BLA,40,left,0
1477,1478,3,7302.74,5995.0,2419.32,0.7578125,1477,311,BLAp,BLA,40,left,0
1478,1479,3,7304.72,5994.04,2417.16,0.46484375,1478,311,BLAp,BLA,40,left,0
1479,1480,3,7304.72,5993.84,2415.42,0.7890625,1479,311,BLAp,BLA,40,left,0
1480,1481,3,7304.82,5993.6,2412.5,0.7578125,1480,311,BLAp,BLA,40,left,0
1481,1482,3,7306.3,5993.54,2410.540000000001,0.73046875,1481,311,BLAp,BLA,40,left,0
1482,1483,3,7309.08,5993.38,2407.76,0.7578125,1482,311,BLAp,BLA,40,left,0
1483,1484,3,7311.34,5993.24,2405.98,0.61328125,1483,311,BLAp,BLA,40,left,0
1484,1485,3,7312.56,5993.2,2404.0200000000004,0.640625,1484,311,BLAp,BLA,40,left,0
1485,1486,3,7313.76,5993.22,2400.48,0.671875,1485,311,BLAp,BLA,40,left,0
1486,1487,3,7315.02,5993.18,2398.82,0.9609375,1486,311,BLAp,BLA,40,left,0
1487,1488,3,7317.12,5993.08,2395.959999999999,0.81640625,1487,311,BLAp,BLA,40,left,0
1488,1489,3,7318.48,5993.04,2393.879999999999,1.01953125,1488,311,BLAp,BLA,40,left,0
1489,1490,3,7321.18,5992.86,2392.040000000001,0.7890625,1489,311,BLAp,BLA,40,left,0
1490,1491,3,7324.54,5992.6,2391.0599999999995,0.640625,1490,311,BLAp,BLA,40,left,0
1491,1492,3,7327.2,5992.42,2389.540000000001,0.49609375,1491,311,BLAp,BLA,40,left,0
1492,1493,3,7329.14,5992.3,2387.8600000000006,0.69921875,1492,311,BLAp,BLA,40,left,0
1493,1494,3,7330.66,5992.7,2386.34,0.671875,1493,311,BLAp,BLA,40,left,0
1494,1495,3,7331.12,5993.48,2384.84,0.46484375,1494,311,BLAp,BLA,40,left,0
1495,1496,3,7332.92,5993.92,2382.5,0.671875,1495,311,BLAp,BLA,40,left,0
1496,1497,3,7334.42,5993.9,2380.879999999999,1.05078125,1496,311,BLAp,BLA,40,left,0
1497,1498,3,7337.4,5993.66,2380.32,1.3984375,1497,311,BLAp,BLA,40,left,0
1498,1499,3,7339.66,5993.44,2380.32,1.48828125,1498,311,BLAp,BLA,40,left,0
1499,1500,3,7343.1,5993.1,2380.1800000000003,0.04296875,1499,311,BLAp,BLA,40,left,0
1500,1501,3,7344.9,5992.98,2379.120000000001,0.9609375,1500,311,BLAp,BLA,40,left,0
1501,1502,3,7346.38,5992.9,2377.4400000000005,0.73046875,1501,311,BLAp,BLA,40,left,0
1502,1503,3,7347.52,5992.9,2375.0,0.7578125,1502,311,BLAp,BLA,40,left,0
1503,1504,3,7348.42,5993.14,2373.72,0.84765625,1503,311,BLAp,BLA,40,left,0
1504,1505,3,7350.18,5994.4,2372.26,0.58203125,1504,311,BLAp,BLA,40,left,0
1505,1506,3,7351.94,5994.44,2370.8,0.46484375,1505,311,BLAp,BLA,40,left,0
1506,1507,3,7353.5,5994.36,2369.1000000000004,0.69921875,1506,311,BLAp,BLA,40,left,0
1507,1508,3,7355.26,5994.26,2367.620000000001,0.49609375,1507,311,BLAp,BLA,40,left,0
1508,1509,3,7356.94,5994.18,2365.72,0.93359375,1508,311,BLAp,BLA,40,left,0
1509,1510,3,7357.94,5994.18,2363.620000000001,0.9921875,1509,311,BLAp,BLA,40,left,0
1510,1511,3,7359.22,5993.94,2361.959999999999,1.109375,1510,311,BLAp,BLA,40,left,0
1511,1512,3,7361.56,5992.66,2361.5599999999995,1.01953125,1511,311,BLAp,BLA,40,left,0
1512,1513,3,7363.34,5992.02,2360.6000000000004,1.33984375,1512,311,BLAp,BLA,40,left,0
1513,1514,3,7365.04,5991.72,2358.3,1.37109375,1513,311,BLAp,BLA,40,left,0
1514,1515,3,7367.26,5991.0,2356.5,1.1953125,1514,311,BLAp,BLA,40,left,0
1515,1516,3,7368.88,5990.48,2355.4,0.9609375,1515,311,BLAp,BLA,40,left,0
1516,1517,3,7370.52,5989.8,2354.82,0.875,1516,311,BLAp,BLA,40,left,0
1517,1518,3,7373.5,5988.9,2354.540000000001,0.46484375,1517,311,BLAp,BLA,40,left,0
1518,1519,3,7375.56,5988.72,2353.959999999999,0.93359375,1518,311,BLAp,BLA,40,left,0
1519,1520,3,7376.72,5988.16,2352.42,0.5234375,1519,311,BLAp,BLA,40,left,0
1520,1521,3,7376.58,5987.4,2350.4400000000005,0.29296875,1520,311,BLAp,BLA,40,left,0
1521,1522,3,7376.62,5986.56,2348.72,0.84765625,1521,311,BLAp,BLA,40,left,0
1522,1523,3,7377.92,5986.4,2348.1399999999994,0.58203125,1522,311,BLAp,BLA,40,left,0
1523,1524,3,7380.08,5986.18,2348.0599999999995,0.03125,1523,311,BLAp,BLA,40,left,0
1524,1525,3,7381.06,5986.04,2346.6399999999994,0.49609375,1524,311,BLAp,BLA,40,left,0
1525,1526,3,7380.98,5985.66,2345.1800000000003,0.5234375,1525,311,BLAp,BLA,40,left,0
1526,1527,3,7380.64,5983.46,2340.7800000000007,1.1953125,1526,311,BLAp,BLA,40,left,0
1527,1528,3,7380.92,5982.42,2338.72,1.69140625,1527,311,BLAp,BLA,40,left,0
1528,1529,3,7381.86,5982.04,2337.120000000001,1.01953125,1528,311,BLAp,BLA,40,left,0
1529,1530,3,7383.78,5981.7,2335.3,0.9921875,1529,311,BLAp,BLA,40,left,0
1530,1531,3,7385.56,5981.6,2333.620000000001,0.5234375,1530,311,BLAp,BLA,40,left,0
1531,1532,3,7387.54,5981.44,2332.32,0.58203125,1531,311,BLAp,BLA,40,left,0
1532,1533,3,7389.7,5980.98,2331.8,0.58203125,1532,311,BLAp,BLA,40,left,0
1533,1534,3,7392.4,5980.28,2331.879999999999,0.49609375,1533,311,BLAp,BLA,40,left,0
1534,1535,3,7394.14,5979.7,2331.959999999999,0.58203125,1534,311,BLAp,BLA,40,left,0
1535,1536,3,7396.62,5979.28,2331.9,0.5234375,1535,311,BLAp,BLA,40,left,0
1536,1537,3,7398.16,5978.46,2331.540000000001,0.5234375,1536,311,BLAp,BLA,40,left,0
1537,1538,3,7399.7,5977.88,2330.32,0.3515625,1537,311,BLAp,BLA,40,left,0
1538,1539,3,7401.52,5977.26,2329.6399999999994,0.58203125,1538,311,BLAp,BLA,40,left,0
1539,1540,3,7403.06,5976.04,2328.58,0.29296875,1539,311,BLAp,BLA,40,left,0
1540,1541,3,7405.02,5974.76,2327.5200000000004,0.46484375,1540,311,BLAp,BLA,40,left,0
1541,1542,3,7406.6,5972.94,2326.42,0.58203125,1541,311,BLAp,BLA,40,left,0
1542,1543,3,7408.4,5971.18,2325.4400000000005,0.640625,1542,311,BLAp,BLA,40,left,0
1543,1544,3,7409.2,5970.74,2324.3,0.26171875,1543,311,BLAp,BLA,40,left,0
1544,1545,3,7411.34,5970.56,2323.58,0.61328125,1544,311,BLAp,BLA,40,left,0
1545,1546,3,7413.66,5970.34,2323.08,0.5546875,1545,311,BLAp,BLA,40,left,0
1546,1547,3,7415.46,5970.02,2322.42,0.5234375,1546,311,BLAp,BLA,40,left,0
1547,1548,3,7417.74,5969.0,2322.120000000001,0.234375,1547,311,BLAp,BLA,40,left,0
1548,1549,3,7419.54,5968.36,2320.74,0.7578125,1548,311,BLAp,BLA,40,left,0
1549,1550,3,7421.56,5966.6,2319.32,0.73046875,1549,311,BLAp,BLA,40,left,0
1550,1551,3,7423.58,5965.9,2318.82,0.37890625,1550,311,BLAp,BLA,40,left,0
1551,1552,3,7424.5,5964.6,2317.2800000000007,0.640625,1551,311,BLAp,BLA,40,left,0
1552,1553,3,7424.28,5962.44,2316.0200000000004,1.28515625,1552,311,BLAp,BLA,40,left,0
1553,1554,3,7426.92,5962.16,2316.0599999999995,0.0703125,1553,311,BLAp,BLA,40,left,0
1554,1555,3,7428.46,5960.92,2315.8,0.73046875,1554,311,BLAp,BLA,40,left,0
1555,1556,3,7429.12,5958.88,2315.2000000000007,0.49609375,1555,311,BLAp,BLA,40,left,0
1556,1557,3,7429.72,5955.64,2313.879999999999,0.7578125,1556,311,BLAp,BLA,40,left,0
1557,1558,3,7430.56,5954.72,2312.7000000000007,0.69921875,1557,311,BLAp,BLA,40,left,0
1558,1559,3,7430.48,5953.16,2311.540000000001,0.671875,1558,311,BLAp,BLA,40,left,0
1559,1560,3,7430.36,5950.46,2309.620000000001,1.25390625,1559,311,BLAp,BLA,40,left,0
1560,1561,3,7431.2,5950.18,2308.3,0.73046875,1560,311,BLAp,BLA,40,left,0
1561,1562,3,7432.7,5949.26,2307.9400000000005,1.13671875,1561,311,BLAp,BLA,40,left,0
1562,1563,3,7434.98,5948.24,2307.879999999999,0.58203125,1562,311,BLAp,BLA,40,left,0
1563,1564,3,7436.64,5947.32,2307.8,0.73046875,1563,311,BLAp,BLA,40,left,0
1564,1565,3,7438.46,5946.7,2306.84,0.7890625,1564,311,BLAp,BLA,40,left,0
1565,1566,3,7440.04,5946.32,2305.42,0.90234375,1565,311,BLAp,BLA,40,left,0
1566,1567,3,7441.66,5945.86,2303.5200000000004,0.7890625,1566,311,BLAp,BLA,40,left,0
1567,1568,3,7443.0,5944.6,2302.92,0.5546875,1567,311,BLAp,BLA,40,left,0
1568,1569,3,7444.96,5943.78,2302.1399999999994,0.203125,1568,311,BLAp,BLA,40,left,0
1569,1570,3,7447.54,5942.76,2301.34,0.58203125,1569,311,BLAp,BLA,40,left,0
1570,1571,3,7449.18,5942.38,2300.3,0.58203125,1570,311,BLAp,BLA,40,left,0
1571,1572,3,7451.38,5941.38,2299.8600000000006,0.4375,1571,311,BLAp,BLA,40,left,0
1572,1573,3,7453.36,5939.96,2299.8600000000006,0.37890625,1572,311,BLAp,BLA,40,left,0
1573,1574,3,7454.72,5939.38,2298.92,0.640625,1573,311,BLAp,BLA,40,left,0
1574,1575,3,7456.42,5938.82,2298.26,0.234375,1574,311,BLAp,BLA,40,left,0
1575,1576,3,7458.9,5937.94,2297.6000000000004,0.5234375,1575,311,BLAp,BLA,40,left,0
1576,1577,3,7461.94,5937.06,2297.4,0.640625,1576,311,BLAp,BLA,40,left,0
1577,1578,3,7463.0,5936.22,2296.0200000000004,0.90234375,1577,311,BLAp,BLA,40,left,0
1578,1579,3,7464.78,5935.24,2294.0,0.90234375,1578,311,BLAp,BLA,40,left,0
1579,1580,3,7465.74,5934.24,2292.4400000000005,0.84765625,1579,311,BLAp,BLA,40,left,0
1580,1581,3,7468.34,5933.72,2291.4,1.16796875,1580,311,BLAp,BLA,40,left,0
1581,1582,3,7470.1,5933.56,2289.7800000000007,0.4375,1581,311,BLAp,BLA,40,left,0
1582,1583,3,7471.34,5932.82,2286.879999999999,0.29296875,1582,311,BLAp,BLA,40,left,0
1583,1584,3,7471.72,5932.08,2285.8600000000006,1.25390625,1583,311,BLAp,BLA,40,left,0
1584,1585,3,7473.76,5931.78,2285.42,0.10546875,1584,311,BLAp,BLA,40,left,0
1585,1586,3,7475.82,5931.7,2282.98,0.640625,1585,311,BLAp,BLA,40,left,0
1586,1587,3,7476.68,5931.74,2281.08,0.46484375,1586,311,BLAp,BLA,40,left,0
1587,1588,3,7478.34,5931.92,2279.2000000000007,0.69921875,1587,311,BLAp,BLA,40,left,0
1588,1589,3,7479.3,5932.28,2277.4,0.37890625,1588,311,BLAp,BLA,40,left,0
1589,1590,3,7479.7,5932.5,2273.6000000000004,1.25390625,1589,311,BLAp,BLA,40,left,0
1590,1591,3,7479.6,5931.88,2271.7800000000007,0.5234375,1590,311,BLAp,BLA,40,left,0
1591,1592,3,7479.7,5928.92,2269.4,0.5234375,1591,311,BLAp,BLA,40,left,0
1592,1593,3,7480.26,5927.68,2268.92,0.5234375,1592,311,BLAp,BLA,40,left,0
1593,1594,3,7480.16,5925.64,2267.42,0.49609375,1593,311,BLAp,BLA,40,left,0
1594,1595,3,7479.96,5923.78,2265.5599999999995,0.84765625,1594,311,BLAp,BLA,40,left,0
1595,1596,3,7479.84,5921.68,2264.5599999999995,0.58203125,1595,311,BLAp,BLA,40,left,0
1596,1597,3,7480.72,5919.18,2263.9400000000005,0.3515625,1596,311,BLAp,BLA,40,left,0
1597,1598,3,7481.44,5917.22,2263.34,0.640625,1597,311,BLAp,BLA,40,left,0
1598,1599,3,7481.46,5913.82,2262.72,0.640625,1598,311,BLAp,BLA,40,left,0
1599,1600,3,7481.7,5911.34,2262.620000000001,0.875,1599,311,BLAp,BLA,40,left,0
1600,1601,3,7482.48,5909.98,2261.6399999999994,0.81640625,1600,311,BLAp,BLA,40,left,0
1601,1602,3,7484.16,5908.84,2260.6800000000003,0.5546875,1601,311,BLAp,BLA,40,left,0
1602,1603,3,7484.7,5906.24,2259.7800000000007,0.5234375,1602,311,BLAp,BLA,40,left,0
1603,1604,3,7485.88,5903.58,2259.34,0.5546875,1603,311,BLAp,BLA,40,left,0
1604,1605,3,7487.82,5902.24,2259.3,0.37890625,1604,311,BLAp,BLA,40,left,0
1605,1606,3,7489.74,5901.78,2258.5200000000004,0.3203125,1605,311,BLAp,BLA,40,left,0
1606,1607,3,7491.36,5901.28,2258.1399999999994,0.5546875,1606,311,BLAp,BLA,40,left,0
1607,1608,3,7491.92,5898.4,2257.459999999999,0.5234375,1607,311,BLAp,BLA,40,left,0
1608,1609,3,7491.74,5895.2,2256.2800000000007,0.81640625,1608,311,BLAp,BLA,40,left,0
1609,1610,3,7492.44,5893.58,2255.120000000001,0.5546875,1609,311,BLAp,BLA,40,left,0
1610,1611,3,7494.32,5891.82,2254.040000000001,0.234375,1610,311,BLAp,BLA,40,left,0
1611,1612,3,7495.56,5890.04,2253.48,0.5234375,1611,311,BLAp,BLA,40,left,0
1612,1613,3,7497.52,5889.1,2253.0200000000004,0.73046875,1612,311,BLAp,BLA,40,left,0
1613,1614,3,7498.38,5888.78,2251.0200000000004,0.9609375,1613,311,BLAp,BLA,40,left,0
1614,1615,3,7500.08,5887.92,2249.959999999999,0.640625,1614,311,BLAp,BLA,40,left,0
1615,1616,3,7502.08,5887.08,2249.1800000000003,0.671875,1615,311,BLAp,BLA,40,left,0
1616,1617,3,7505.08,5886.7,2248.6399999999994,0.90234375,1616,311,BLAp,BLA,40,left,0
1617,1618,3,7506.88,5886.48,2248.6399999999994,0.7890625,1617,311,BLAp,BLA,40,left,0
1618,1619,3,7509.18,5886.22,2248.4400000000005,0.04296875,1618,311,BLAp,BLA,40,left,0
1619,1620,3,7510.82,5886.12,2247.459999999999,0.46484375,1619,311,BLAp,BLA,40,left,0
1620,1621,3,7512.94,5886.34,2246.4,0.5234375,1620,311,BLAp,BLA,40,left,0
1621,1622,3,7514.8,5887.1,2244.9400000000005,0.41015625,1621,311,BLAp,BLA,40,left,0
1622,1623,3,7517.98,5887.34,2244.0200000000004,0.3515625,1622,311,BLAp,BLA,40,left,0
1623,1624,3,7519.76,5887.1,2244.0200000000004,0.3515625,1623,311,BLAp,BLA,40,left,1
1624,1625,3,7287.76,6007.54,2435.7000000000007,0.0078125,916,311,BLAp,BLA,41,left,0
1625,1626,3,7288.56,6010.4,2433.620000000001,0.234375,1625,311,BLAp,BLA,41,left,0
1626,1627,3,7289.92,6011.88,2431.6399999999994,0.61328125,1626,311,BLAp,BLA,41,left,0
1627,1628,3,7290.62,6012.4,2429.379999999999,0.7578125,1627,311,BLAp,BLA,41,left,0
1628,1629,3,7291.58,6012.38,2427.16,0.93359375,1628,311,BLAp,BLA,41,left,0
1629,1630,3,7292.8,6012.34,2425.0599999999995,1.109375,1629,311,BLAp,BLA,41,left,0
1630,1631,3,7295.36,6012.22,2423.7800000000007,1.1953125,1630,311,BLAp,BLA,41,left,0
1631,1632,3,7296.7,6012.56,2422.4,0.203125,1631,311,BLAp,BLA,41,left,0
1632,1633,3,7297.48,6012.88,2420.32,0.73046875,1632,311,BLAp,BLA,41,left,0
1633,1634,3,7299.3,6014.08,2419.0200000000004,0.61328125,1633,311,BLAp,BLA,41,left,0
1634,1635,3,7299.64,6016.4,2417.1000000000004,0.90234375,1634,311,BLAp,BLA,41,left,0
1635,1636,3,7300.76,6017.96,2414.2000000000007,0.7890625,1635,311,BLAp,BLA,41,left,0
1636,1637,3,7301.82,6017.96,2413.0200000000004,0.49609375,1636,311,BLAp,BLA,41,left,0
1637,1638,3,7302.0,6018.92,2411.42,0.61328125,1637,311,BLAp,BLA,41,left,0
1638,1639,3,7301.98,6020.2,2408.3600000000006,0.234375,1638,311,BLAp,BLA,41,left,0
1639,1640,3,7301.98,6021.78,2405.4400000000005,0.640625,1639,311,BLAp,BLA,41,left,0
1640,1641,3,7302.38,6023.28,2403.42,1.16796875,1640,311,BLAp,BLA,41,left,0
1641,1642,3,7303.66,6023.54,2401.6800000000003,0.7890625,1641,311,BLAp,BLA,41,left,0
1642,1643,3,7304.3,6023.8,2399.9400000000005,0.9921875,1642,311,BLAp,BLA,41,left,0
1643,1644,3,7304.4,6026.04,2397.459999999999,0.69921875,1643,311,BLAp,BLA,41,left,0
1644,1645,3,7304.78,6028.8,2393.98,0.671875,1644,311,BLAp,BLA,41,left,0
1645,1646,3,7305.54,6029.7,2392.620000000001,0.73046875,1645,311,BLAp,BLA,41,left,0
1646,1647,3,7306.02,6031.7,2389.8,0.640625,1646,311,BLAp,BLA,41,left,0
1647,1648,3,7307.3,6032.2,2388.0599999999995,0.9609375,1647,311,BLAp,BLA,41,left,0
1648,1649,3,7308.96,6033.16,2385.0200000000004,1.05078125,1648,311,BLAp,BLA,41,left,0
1649,1650,3,7310.28,6033.18,2382.9,0.9609375,1649,311,BLAp,BLA,41,left,0
1650,1651,3,7311.32,6033.12,2381.84,1.01953125,1650,311,BLAp,BLA,41,left,0
1651,1652,3,7311.4,6033.24,2378.959999999999,0.90234375,1651,311,BLAp,BLA,41,left,0
1652,1653,3,7311.98,6033.58,2377.5,1.01953125,1652,311,BLAp,BLA,41,left,0
1653,1654,3,7313.48,6034.28,2377.0599999999995,1.078125,1653,311,BLAp,BLA,41,left,0
1654,1655,3,7313.86,6035.64,2375.459999999999,0.26171875,1654,311,BLAp,BLA,41,left,0
1655,1656,3,7313.58,6037.6,2372.3,0.5546875,1655,311,BLAp,BLA,41,left,0
1656,1657,3,7312.94,6039.62,2370.08,0.73046875,1656,311,BLAp,BLA,41,left,0
1657,1658,3,7312.8,6041.18,2366.879999999999,1.89453125,1657,311,BLAp,BLA,41,left,0
1658,1659,3,7312.7,6041.94,2362.540000000001,0.015625,1658,311,BLAp,BLA,41,left,0
1659,1660,3,7312.8,6043.7,2360.92,0.29296875,1659,311,BLAp,BLA,41,left,0
1660,1661,3,7312.92,6046.18,2358.5200000000004,0.3203125,1660,311,BLAp,BLA,41,left,0
1661,1662,3,7313.16,6050.66,2353.879999999999,0.69921875,1661,311,BLAp,BLA,41,left,0
1662,1663,3,7313.68,6052.82,2352.24,0.9609375,1662,311,BLAp,BLA,41,left,0
1663,1664,3,7316.44,6052.92,2351.92,0.93359375,1663,311,BLAp,BLA,41,left,0
1664,1665,3,7318.7,6052.72,2351.9,0.7578125,1664,311,BLAp,BLA,41,left,0
1665,1666,3,7320.54,6052.68,2351.120000000001,0.49609375,1665,311,BLAp,BLA,41,left,0
1666,1667,3,7321.86,6053.72,2349.5,0.5234375,1666,311,BLAp,BLA,41,left,0
1667,1668,3,7323.7,6054.92,2348.24,0.61328125,1667,311,BLAp,BLA,41,left,0
1668,1669,3,7324.56,6055.94,2346.5200000000004,0.73046875,1668,311,BLAp,BLA,41,left,0
1669,1670,3,7325.52,6056.4,2344.379999999999,0.58203125,1669,311,BLAp,BLA,41,left,0
1670,1671,3,7326.78,6056.86,2342.5599999999995,0.37890625,1670,311,BLAp,BLA,41,left,0
1671,1672,3,7328.82,6056.96,2340.3,0.7578125,1671,311,BLAp,BLA,41,left,0
1672,1673,3,7330.46,6056.96,2337.6399999999994,0.69921875,1672,311,BLAp,BLA,41,left,0
1673,1674,3,7331.38,6057.4,2334.6800000000003,0.7578125,1673,311,BLAp,BLA,41,left,0
1674,1675,3,7332.44,6057.86,2332.58,0.671875,1674,311,BLAp,BLA,41,left,0
1675,1676,3,7333.56,6058.12,2330.58,0.69921875,1675,311,BLAp,BLA,41,left,0
1676,1677,3,7334.34,6058.14,2328.34,0.46484375,1676,311,BLAp,BLA,41,left,0
1677,1678,3,7334.9,6059.04,2325.4400000000005,0.90234375,1677,311,BLAp,BLA,41,left,0
1678,1679,3,7336.12,6059.32,2323.6000000000004,0.4375,1678,311,BLAp,BLA,41,left,0
1679,1680,3,7336.52,6059.5,2319.459999999999,1.28515625,1679,311,BLAp,BLA,41,left,0
1680,1681,3,7336.66,6059.54,2317.9,1.16796875,1680,311,BLAp,BLA,41,left,0
1681,1682,3,7338.08,6059.46,2317.08,0.69921875,1681,311,BLAp,BLA,41,left,0
1682,1683,3,7339.64,6059.38,2315.22,0.3203125,1682,311,BLAp,BLA,41,left,0
1683,1684,3,7340.26,6059.4,2313.459999999999,0.9609375,1683,311,BLAp,BLA,41,left,0
1684,1685,3,7341.84,6059.34,2311.74,0.41015625,1684,311,BLAp,BLA,41,left,0
1685,1686,3,7343.26,6059.3,2309.7000000000007,0.46484375,1685,311,BLAp,BLA,41,left,0
1686,1687,3,7344.98,6059.22,2307.82,0.49609375,1686,311,BLAp,BLA,41,left,0
1687,1688,3,7347.34,6058.98,2305.6800000000003,0.41015625,1687,311,BLAp,BLA,41,left,0
1688,1689,3,7348.04,6058.32,2303.959999999999,0.69921875,1688,311,BLAp,BLA,41,left,0
1689,1690,3,7349.88,6057.8,2302.8600000000006,0.4375,1689,311,BLAp,BLA,41,left,0
1690,1691,3,7350.76,6057.8,2301.1399999999994,0.29296875,1690,311,BLAp,BLA,41,left,0
1691,1692,3,7351.24,6057.9,2297.959999999999,0.7890625,1691,311,BLAp,BLA,41,left,0
1692,1693,3,7352.04,6057.28,2296.0200000000004,0.3515625,1692,311,BLAp,BLA,41,left,0
1693,1694,3,7352.06,6056.4,2294.4400000000005,0.7578125,1693,311,BLAp,BLA,41,left,0
1694,1695,3,7352.98,6055.74,2293.2000000000007,0.49609375,1694,311,BLAp,BLA,41,left,0
1695,1696,3,7354.82,6054.54,2293.1800000000003,0.5546875,1695,311,BLAp,BLA,41,left,0
1696,1697,3,7356.88,6054.12,2292.6800000000003,0.4375,1696,311,BLAp,BLA,41,left,0
1697,1698,3,7359.78,6053.86,2292.22,0.7890625,1697,311,BLAp,BLA,41,left,0
1698,1699,3,7361.58,6053.7,2291.72,0.4375,1698,311,BLAp,BLA,41,left,0
1699,1700,3,7364.08,6053.48,2291.379999999999,0.234375,1699,311,BLAp,BLA,41,left,0
1700,1701,3,7365.84,6053.32,2291.040000000001,0.41015625,1700,311,BLAp,BLA,41,left,0
1701,1702,3,7368.42,6053.62,2290.4400000000005,0.69921875,1701,311,BLAp,BLA,41,left,0
1702,1703,3,7369.68,6054.44,2289.0200000000004,0.7890625,1702,311,BLAp,BLA,41,left,0
1703,1704,3,7371.94,6054.62,2287.5200000000004,0.640625,1703,311,BLAp,BLA,41,left,0
1704,1705,3,7373.9,6054.46,2287.0200000000004,0.37890625,1704,311,BLAp,BLA,41,left,1
1705,1706,3,7376.34,5743.94,2634.66,0.21484375,1001,303,BLAa,BLA,42,left,0
1706,1707,3,7376.46,5735.38,2636.6800000000003,1.6328125,1706,303,BLAa,BLA,42,left,0
1707,1708,3,7376.44,5733.44,2636.8,1.01953125,1707,303,BLAa,BLA,42,left,0
1708,1709,3,7376.44,5723.22,2638.72,0.4375,1708,303,BLAa,BLA,42,left,0
1709,1710,3,7376.46,5721.2,2639.0200000000004,0.5546875,1709,303,BLAa,BLA,42,left,0
1710,1711,3,7376.62,5712.44,2640.92,0.41015625,1710,303,BLAa,BLA,42,left,0
1711,1712,3,7376.32,5710.26,2641.4400000000005,0.3515625,1711,303,BLAa,BLA,42,left,0
1712,1713,3,7374.4,5709.54,2641.620000000001,0.671875,1712,303,BLAa,BLA,42,left,0
1713,1714,3,7373.18,5707.06,2642.22,0.5234375,1713,303,BLAa,BLA,42,left,1
1714,1715,3,7377.16,5744.7,2635.1800000000003,0.10546875,1001,303,BLAa,BLA,43,left,0
1715,1716,3,7381.0,5744.14,2635.879999999999,0.93359375,1715,303,BLAa,BLA,43,left,0
1716,1717,3,7383.44,5744.26,2636.26,0.37890625,1716,303,BLAa,BLA,43,left,0
1717,1718,3,7385.36,5745.6,2636.08,0.9921875,1717,303,BLAa,BLA,43,left,0
1718,1719,3,7386.6,5748.06,2636.3,0.46484375,1718,303,BLAa,BLA,43,left,0
1719,1720,3,7389.76,5749.6,2636.76,0.4375,1719,303,BLAa,BLA,43,left,0
1720,1721,3,7391.1,5750.88,2636.4400000000005,0.46484375,1720,303,BLAa,BLA,43,left,0
1721,1722,3,7393.34,5751.86,2636.1800000000003,0.3203125,1721,303,BLAa,BLA,43,left,0
1722,1723,3,7394.96,5752.9,2635.92,0.3203125,1722,303,BLAa,BLA,43,left,0
1723,1724,3,7397.42,5754.54,2636.0200000000004,0.3515625,1723,303,BLAa,BLA,43,left,0
1724,1725,3,7398.98,5756.12,2635.98,0.46484375,1724,303,BLAa,BLA,43,left,0
1725,1726,3,7401.58,5757.4,2635.879999999999,0.81640625,1725,303,BLAa,BLA,43,left,0
1726,1727,3,7403.58,5758.82,2635.74,0.7578125,1726,303,BLAa,BLA,43,left,0
1727,1728,3,7405.8,5760.38,2635.459999999999,0.73046875,1727,303,BLAa,BLA,43,left,0
1728,1729,3,7406.26,5762.52,2635.58,0.37890625,1728,303,BLAa,BLA,43,left,0
1729,1730,3,7408.28,5765.56,2635.6399999999994,0.7578125,1729,303,BLAa,BLA,43,left,0
1730,1731,3,7409.66,5767.32,2635.7800000000007,0.49609375,1730,303,BLAa,BLA,43,left,0
1731,1732,3,7410.38,5770.98,2636.1800000000003,0.84765625,1731,303,BLAa,BLA,43,left,0
1732,1733,3,7411.86,5772.46,2636.58,0.58203125,1732,303,BLAa,BLA,43,left,0
1733,1734,3,7412.54,5777.14,2635.9,0.61328125,1733,303,BLAa,BLA,43,left,0
1734,1735,3,7412.66,5778.16,2636.84,0.69921875,1734,303,BLAa,BLA,43,left,0
1735,1736,3,7414.42,5777.94,2638.16,0.81640625,1735,303,BLAa,BLA,43,left,0
1736,1737,3,7416.68,5777.82,2638.1800000000003,0.671875,1736,303,BLAa,BLA,43,left,0
1737,1738,3,7417.44,5780.98,2637.620000000001,0.17578125,1737,303,BLAa,BLA,43,left,0
1738,1739,3,7417.54,5784.38,2637.379999999999,0.73046875,1738,303,BLAa,BLA,43,left,0
1739,1740,3,7419.38,5787.04,2635.959999999999,0.0078125,1739,303,BLAa,BLA,43,left,0
1740,1741,3,7420.94,5790.6,2633.2000000000007,0.58203125,1740,303,BLAa,BLA,43,left,0
1741,1742,3,7421.66,5792.14,2632.1000000000004,0.49609375,1741,303,BLAa,BLA,43,left,1
1742,1743,3,7278.98,5929.88,2597.959999999999,0.09375,1010,303,BLAa,BLA,44,left,0
1743,1744,3,7281.06,5931.08,2597.0599999999995,1.25390625,1743,303,BLAa,BLA,44,left,0
1744,1745,3,7281.8,5933.28,2595.8600000000006,0.81640625,1744,303,BLAa,BLA,44,left,0
1745,1746,3,7283.46,5934.06,2595.1800000000003,1.33984375,1745,303,BLAa,BLA,44,left,0
1746,1747,3,7285.9,5934.12,2594.34,1.25390625,1746,303,BLAa,BLA,44,left,0
1747,1748,3,7287.62,5933.96,2593.459999999999,0.875,1747,303,BLAa,BLA,44,left,0
1748,1749,3,7291.38,5933.6,2592.9,1.69140625,1748,303,BLAa,BLA,44,left,0
1749,1750,3,7294.88,5933.3,2592.879999999999,0.58203125,1749,303,BLAa,BLA,44,left,0
1750,1751,3,7298.42,5932.96,2592.84,0.37890625,1750,303,BLAa,BLA,44,left,0
1751,1752,3,7301.98,5932.64,2592.82,0.37890625,1751,303,BLAa,BLA,44,left,0
1752,1753,3,7304.32,5932.44,2592.8,0.4375,1752,303,BLAa,BLA,44,left,0
1753,1754,3,7307.32,5932.16,2593.0200000000004,0.7578125,1753,303,BLAa,BLA,44,left,0
1754,1755,3,7309.64,5931.94,2593.459999999999,0.49609375,1754,303,BLAa,BLA,44,left,0
1755,1756,3,7312.74,5931.66,2593.66,0.37890625,1755,303,BLAa,BLA,44,left,0
1756,1757,3,7315.0,5931.44,2593.6399999999994,0.671875,1756,303,BLAa,BLA,44,left,0
1757,1758,3,7316.72,5931.28,2593.84,0.4375,1757,303,BLAa,BLA,44,left,0
1758,1759,3,7318.54,5931.12,2594.22,0.3515625,1758,303,BLAa,BLA,44,left,0
1759,1760,3,7320.56,5930.92,2594.76,0.7890625,1759,303,BLAa,BLA,44,left,0
1760,1761,3,7323.46,5930.66,2594.9400000000005,1.01953125,1760,303,BLAa,BLA,44,left,0
1761,1762,3,7326.92,5930.32,2594.92,1.109375,1761,303,BLAa,BLA,44,left,0
1762,1763,3,7330.44,5929.96,2594.9,1.2265625,1762,303,BLAa,BLA,44,left,0
1763,1764,3,7332.76,5929.74,2594.879999999999,1.28515625,1763,303,BLAa,BLA,44,left,0
1764,1765,3,7334.44,5929.56,2594.879999999999,1.16796875,1764,303,BLAa,BLA,44,left,0
1765,1766,3,7338.66,5929.14,2594.8600000000006,0.01171875,1765,303,BLAa,BLA,44,left,0
1766,1767,3,7340.78,5928.92,2594.76,0.875,1766,303,BLAa,BLA,44,left,0
1767,1768,3,7342.52,5928.74,2594.42,0.58203125,1767,303,BLAa,BLA,44,left,0
1768,1769,3,7345.02,5928.48,2594.3,0.5234375,1768,303,BLAa,BLA,44,left,0
1769,1770,3,7347.12,5928.26,2593.92,0.69921875,1769,303,BLAa,BLA,44,left,0
1770,1771,3,7349.8,5927.96,2592.98,0.5234375,1770,303,BLAa,BLA,44,left,0
1771,1772,3,7351.94,5927.74,2592.5599999999995,0.9921875,1771,303,BLAa,BLA,44,left,0
1772,1773,3,7353.0,5928.2,2591.3,1.4296875,1772,303,BLAa,BLA,44,left,0
1773,1774,3,7353.1,5930.76,2589.620000000001,0.84765625,1773,303,BLAa,BLA,44,left,0
1774,1775,3,7354.02,5931.76,2588.2000000000007,1.16796875,1774,303,BLAa,BLA,44,left,0
1775,1776,3,7355.9,5931.56,2587.84,1.2265625,1775,334,BMAp,BMA,44,left,0
1776,1777,3,7359.16,5931.2,2587.379999999999,1.3125,1776,334,BMAp,BMA,44,left,0
1777,1778,3,7361.26,5930.98,2586.9400000000005,0.81640625,1777,334,BMAp,BMA,44,left,0
1778,1779,3,7364.26,5930.66,2586.74,0.41015625,1778,334,BMAp,BMA,44,left,0
1779,1780,3,7366.38,5930.42,2586.459999999999,0.69921875,1779,334,BMAp,BMA,44,left,0
1780,1781,3,7367.58,5930.28,2584.7800000000007,0.9921875,1780,334,BMAp,BMA,44,left,0
1781,1782,3,7368.88,5930.1,2583.32,1.16796875,1781,334,BMAp,BMA,44,left,0
1782,1783,3,7371.14,5929.84,2582.6800000000003,1.01953125,1782,334,BMAp,BMA,44,left,0
1783,1784,3,7375.1,5929.42,2582.6399999999994,0.3203125,1783,334,BMAp,BMA,44,left,0
1784,1785,3,7377.34,5929.16,2582.4,1.4296875,1784,334,BMAp,BMA,44,left,0
1785,1786,3,7380.26,5928.84,2582.2000000000007,1.1953125,1785,334,BMAp,BMA,44,left,0
1786,1787,3,7383.06,5928.54,2582.2000000000007,1.546875,1786,334,BMAp,BMA,44,left,0
1787,1788,3,7384.94,5928.34,2582.1800000000003,1.3984375,1787,334,BMAp,BMA,44,left,0
1788,1789,3,7387.4,5928.72,2581.82,0.05078125,1788,334,BMAp,BMA,44,left,0
1789,1790,3,7388.52,5931.34,2580.24,0.84765625,1789,334,BMAp,BMA,44,left,0
1790,1791,3,7390.64,5934.52,2578.459999999999,0.93359375,1790,334,BMAp,BMA,44,left,0
1791,1792,3,7391.66,5935.12,2577.120000000001,1.16796875,1791,334,BMAp,BMA,44,left,0
1792,1793,3,7394.04,5935.2,2576.32,0.58203125,1792,334,BMAp,BMA,44,left,0
1793,1794,3,7396.08,5934.98,2575.879999999999,0.69921875,1793,334,BMAp,BMA,44,left,0
1794,1795,3,7399.06,5934.64,2575.66,0.640625,1794,334,BMAp,BMA,44,left,0
1795,1796,3,7402.48,5934.26,2575.66,0.671875,1795,334,BMAp,BMA,44,left,0
1796,1797,3,7404.58,5934.02,2575.5599999999995,0.69921875,1796,334,BMAp,BMA,44,left,0
1797,1798,3,7406.3,5933.8,2575.26,0.7890625,1797,334,BMAp,BMA,44,left,0
1798,1799,3,7408.02,5933.6,2575.120000000001,1.13671875,1798,334,BMAp,BMA,44,left,0
1799,1800,3,7409.74,5933.4,2574.7800000000007,1.28515625,1799,334,BMAp,BMA,44,left,0
1800,1801,3,7411.46,5933.1,2574.74,1.13671875,1800,334,BMAp,BMA,44,left,0
1801,1802,3,7413.16,5932.48,2574.82,1.3984375,1801,334,BMAp,BMA,44,left,0
1802,1803,3,7414.88,5932.1,2574.84,1.28515625,1802,334,BMAp,BMA,44,left,0
1803,1804,3,7417.16,5931.36,2574.9400000000005,0.5234375,1803,334,BMAp,BMA,44,left,0
1804,1805,3,7419.1,5930.74,2575.0,0.7890625,1804,334,BMAp,BMA,44,left,0
1805,1806,3,7422.04,5930.14,2574.5,0.41015625,1805,334,BMAp,BMA,44,left,0
1806,1807,3,7423.94,5929.8,2573.82,0.26171875,1806,334,BMAp,BMA,44,left,0
1807,1808,3,7425.64,5929.14,2573.82,0.58203125,1807,334,BMAp,BMA,44,left,0
1808,1809,3,7427.5,5928.68,2573.8600000000006,1.01953125,1808,334,BMAp,BMA,44,left,0
1809,1810,3,7429.12,5927.82,2573.98,1.01953125,1809,334,BMAp,BMA,44,left,0
1810,1811,3,7432.14,5927.06,2574.040000000001,1.05078125,1810,334,BMAp,BMA,44,left,0
1811,1812,3,7434.36,5926.8,2574.040000000001,1.28515625,1811,334,BMAp,BMA,44,left,0
1812,1813,3,7436.0,5926.6,2574.040000000001,0.9609375,1812,334,BMAp,BMA,44,left,0
1813,1814,3,7439.44,5925.68,2574.120000000001,0.01953125,1813,334,BMAp,BMA,44,left,0
1814,1815,3,7440.86,5923.22,2574.76,0.4375,1814,334,BMAp,BMA,44,left,0
1815,1816,3,7443.92,5921.74,2575.22,1.05078125,1815,334,BMAp,BMA,44,left,0
1816,1817,3,7445.8,5920.34,2575.459999999999,1.33984375,1816,334,BMAp,BMA,44,left,0
1817,1818,3,7448.06,5918.42,2575.7800000000007,0.9921875,1817,334,BMAp,BMA,44,left,0
1818,1819,3,7449.18,5917.36,2575.959999999999,0.4375,1818,334,BMAp,BMA,44,left,0
1819,1820,3,7452.26,5916.54,2576.040000000001,0.49609375,1819,334,BMAp,BMA,44,left,0
1820,1821,3,7454.46,5916.28,2576.040000000001,1.05078125,1820,334,BMAp,BMA,44,left,0
1821,1822,3,7278.98,5929.88,2597.959999999999,0.09375,1010,303,BLAa,BLA,45,left,0
1822,1823,3,7280.92,5928.14,2598.32,0.9609375,1822,303,BLAa,BLA,45,left,0
1823,1824,3,7281.32,5926.42,2599.540000000001,0.58203125,1823,303,BLAa,BLA,45,left,0
1824,1825,3,7282.68,5923.64,2601.5599999999995,0.234375,1824,303,BLAa,BLA,45,left,0
1825,1826,3,7283.14,5920.04,2603.76,0.37890625,1825,303,BLAa,BLA,45,left,0
1826,1827,3,7283.5,5915.28,2605.459999999999,0.5546875,1826,303,BLAa,BLA,45,left,0
1827,1828,3,7285.02,5913.26,2606.8,0.7890625,1827,303,BLAa,BLA,45,left,0
1828,1829,3,7285.76,5910.8,2608.8600000000006,0.7890625,1828,303,BLAa,BLA,45,left,0
1829,1830,3,7287.64,5909.62,2609.34,0.69921875,1829,303,BLAa,BLA,45,left,0
1830,1831,3,7288.76,5906.82,2610.7000000000007,1.05078125,1830,303,BLAa,BLA,45,left,0
1831,1832,3,7289.44,5904.0,2612.42,0.49609375,1831,303,BLAa,BLA,45,left,0
1832,1833,3,7290.66,5900.72,2613.8,1.078125,1832,303,BLAa,BLA,45,left,0
1833,1834,3,7291.1,5898.1,2614.9400000000005,1.078125,1833,303,BLAa,BLA,45,left,0
1834,1835,3,7291.92,5896.68,2616.3,1.05078125,1834,303,BLAa,BLA,45,left,0
1835,1836,3,7293.58,5896.24,2617.82,0.640625,1835,303,BLAa,BLA,45,left,0
1836,1837,3,7295.7,5896.04,2618.22,0.9921875,1836,303,BLAa,BLA,45,left,0
1837,1838,3,7296.74,5894.86,2618.7800000000007,0.61328125,1837,303,BLAa,BLA,45,left,0
1838,1839,3,7296.68,5892.5,2619.92,1.01953125,1838,303,BLAa,BLA,45,left,0
1839,1840,3,7296.68,5890.5,2621.8600000000006,0.9609375,1839,303,BLAa,BLA,45,left,0
1840,1841,3,7296.62,5887.42,2623.620000000001,0.01953125,1840,303,BLAa,BLA,45,left,0
1841,1842,3,7296.62,5885.42,2625.32,1.37109375,1841,303,BLAa,BLA,45,left,0
1842,1843,3,7296.72,5882.38,2627.26,0.93359375,1842,303,BLAa,BLA,45,left,0
1843,1844,3,7297.46,5880.68,2628.5200000000004,0.46484375,1843,303,BLAa,BLA,45,left,0
1844,1845,3,7298.28,5878.82,2631.32,1.109375,1844,303,BLAa,BLA,45,left,0
1845,1846,3,7299.98,5877.5,2632.9400000000005,1.109375,1845,303,BLAa,BLA,45,left,0
1846,1847,3,7301.3,5876.74,2634.5200000000004,0.61328125,1846,303,BLAa,BLA,45,left,0
1847,1848,3,7303.08,5874.78,2636.0599999999995,0.671875,1847,303,BLAa,BLA,45,left,0
1848,1849,3,7304.86,5872.96,2637.3600000000006,0.5234375,1848,303,BLAa,BLA,45,left,0
1849,1850,3,7305.3,5871.56,2639.84,1.28515625,1849,303,BLAa,BLA,45,left,0
1850,1851,3,7305.42,5869.48,2642.6000000000004,0.5234375,1850,303,BLAa,BLA,45,left,0
1851,1852,3,7305.56,5867.04,2645.34,0.671875,1851,303,BLAa,BLA,45,left,0
1852,1853,3,7306.28,5864.76,2646.32,0.5234375,1852,303,BLAa,BLA,45,left,0
1853,1854,3,7306.72,5861.34,2648.6000000000004,1.2265625,1853,303,BLAa,BLA,45,left,0
1854,1855,3,7307.58,5859.22,2650.08,1.13671875,1854,303,BLAa,BLA,45,left,0
1855,1856,3,7308.26,5856.44,2652.2000000000007,1.3984375,1855,303,BLAa,BLA,45,left,0
1856,1857,3,7309.0,5854.7,2653.3,0.4375,1856,303,BLAa,BLA,45,left,0
1857,1858,3,7309.34,5851.42,2655.9,1.01953125,1857,303,BLAa,BLA,45,left,0
1858,1859,3,7310.12,5849.08,2657.48,0.58203125,1858,303,BLAa,BLA,45,left,0
1859,1860,3,7312.06,5847.38,2660.82,0.84765625,1859,303,BLAa,BLA,45,left,0
1860,1861,3,7313.8,5846.96,2662.5200000000004,0.93359375,1860,303,BLAa,BLA,45,left,0
1861,1862,3,7314.34,5845.7,2663.8,0.58203125,1861,303,BLAa,BLA,45,left,0
1862,1863,3,7314.56,5844.52,2666.8,0.9921875,1862,303,BLAa,BLA,45,left,0
1863,1864,3,7315.4,5843.6,2668.8,0.9609375,1863,303,BLAa,BLA,45,left,0
1864,1865,3,7317.54,5842.8,2669.5200000000004,0.7578125,1864,303,BLAa,BLA,45,left,0
1865,1866,3,7319.6,5840.5,2670.0200000000004,0.9609375,1865,303,BLAa,BLA,45,left,0
1866,1867,3,7320.96,5838.92,2671.540000000001,0.5234375,1866,303,BLAa,BLA,45,left,0
1867,1868,3,7321.78,5837.56,2673.26,0.5546875,1867,303,BLAa,BLA,45,left,0
1868,1869,3,7322.0,5834.66,2674.959999999999,0.49609375,1868,303,BLAa,BLA,45,left,0
1869,1870,3,7321.9,5830.04,2676.22,1.57421875,1869,303,BLAa,BLA,45,left,0
1870,1871,3,7322.92,5828.48,2676.540000000001,0.69921875,1870,303,BLAa,BLA,45,left,0
1871,1872,3,7325.44,5828.02,2677.0,0.875,1871,303,BLAa,BLA,45,left,0
1872,1873,3,7327.44,5827.44,2678.22,0.7890625,1872,303,BLAa,BLA,45,left,0
1873,1874,3,7330.78,5826.3,2679.459999999999,0.73046875,1873,303,BLAa,BLA,45,left,0
1874,1875,3,7331.56,5825.46,2680.4400000000005,1.4296875,1874,303,BLAa,BLA,45,left,0
1875,1876,3,7331.96,5825.14,2684.040000000001,1.05078125,1875,303,BLAa,BLA,45,left,0
1876,1877,3,7332.08,5825.18,2685.32,1.109375,1876,303,BLAa,BLA,45,left,0
1877,1878,3,7335.36,5824.66,2685.1399999999994,0.04296875,1877,303,BLAa,BLA,45,left,0
1878,1879,3,7337.72,5823.32,2686.2000000000007,0.9609375,1878,303,BLAa,BLA,45,left,0
1879,1880,3,7338.66,5822.06,2688.3,0.203125,1879,303,BLAa,BLA,45,left,0
1880,1881,3,7340.36,5821.26,2689.84,0.26171875,1880,303,BLAa,BLA,45,left,0
1881,1882,3,7342.16,5821.0,2691.9,1.28515625,1881,303,BLAa,BLA,45,left,0
1882,1883,3,7343.28,5820.96,2693.879999999999,0.875,1882,303,BLAa,BLA,45,left,0
1883,1884,3,7346.04,5820.68,2695.459999999999,0.4375,1883,303,BLAa,BLA,45,left,0
1884,1885,3,7348.16,5820.62,2696.1800000000003,0.41015625,1884,303,BLAa,BLA,45,left,0
1885,1886,3,7350.06,5820.8,2696.620000000001,0.41015625,1885,303,BLAa,BLA,45,left,0
1886,1887,3,7352.02,5820.68,2697.6000000000004,1.25390625,1886,303,BLAa,BLA,45,left,0
1887,1888,3,7354.74,5820.66,2698.5,1.109375,1887,303,BLAa,BLA,45,left,0
1888,1889,3,7356.76,5820.76,2699.459999999999,1.1953125,1888,303,BLAa,BLA,45,left,0
1889,1890,3,7359.54,5820.46,2701.120000000001,1.33984375,1889,303,BLAa,BLA,45,left,0
1890,1891,3,7361.7,5820.22,2702.16,1.2265625,1890,303,BLAa,BLA,45,left,0
1891,1892,3,7363.4,5821.12,2703.120000000001,0.46484375,1891,303,BLAa,BLA,45,left,0
1892,1893,3,7364.78,5821.98,2704.879999999999,0.7890625,1892,303,BLAa,BLA,45,left,0
1893,1894,3,7366.38,5823.68,2705.74,0.3203125,1893,303,BLAa,BLA,45,left,0
1894,1895,3,7367.28,5826.24,2706.959999999999,0.7578125,1894,303,BLAa,BLA,45,left,0
1895,1896,3,7367.5,5827.4,2708.66,0.49609375,1895,303,BLAa,BLA,45,left,0
1896,1897,3,7367.6,5829.72,2708.8600000000006,0.7890625,1896,303,BLAa,BLA,45,left,0
1897,1898,3,7367.78,5831.98,2709.9,1.16796875,1897,303,BLAa,BLA,45,left,0
1898,1899,3,7369.1,5833.86,2710.6000000000004,0.4375,1898,303,BLAa,BLA,45,left,0
1899,1900,3,7370.7,5834.68,2710.6000000000004,0.46484375,1899,303,BLAa,BLA,45,left,0
1900,1901,3,7371.54,5838.42,2709.76,1.25390625,1900,303,BLAa,BLA,45,left,0
1901,1902,3,7371.94,5840.46,2709.32,0.671875,1901,303,BLAa,BLA,45,left,0
1902,1903,3,7374.04,5841.34,2709.0599999999995,0.61328125,1902,303,BLAa,BLA,45,left,0
1903,1904,3,7376.32,5845.72,2708.08,0.671875,1903,303,BLAa,BLA,45,left,0
1904,1905,3,7376.4,5849.2,2707.6800000000003,0.875,1904,303,BLAa,BLA,45,left,0
1905,1906,3,7376.52,5851.46,2707.879999999999,0.81640625,1905,303,BLAa,BLA,45,left,0
1906,1907,3,7378.22,5851.72,2708.0200000000004,0.61328125,1906,303,BLAa,BLA,45,left,0
1907,1908,3,7380.92,5851.9,2707.9,0.49609375,1907,303,BLAa,BLA,45,left,0
1908,1909,3,7383.0,5852.6,2707.7000000000007,0.203125,1908,303,BLAa,BLA,45,left,0
1909,1910,3,7385.66,5853.44,2707.4400000000005,0.37890625,1909,303,BLAa,BLA,45,left,0
1910,1911,3,7387.8,5853.66,2707.32,0.3515625,1910,303,BLAa,BLA,45,left,0
1911,1912,3,7389.36,5853.46,2707.32,0.3515625,1911,303,BLAa,BLA,45,left,0
1912,1913,3,7389.7,5856.02,2708.7000000000007,0.00390625,1912,303,BLAa,BLA,45,left,0
1913,1914,3,7390.78,5857.44,2708.620000000001,0.671875,1913,303,BLAa,BLA,45,left,0
1914,1915,3,7393.84,5857.4,2708.540000000001,0.671875,1914,303,BLAa,BLA,45,left,0
1915,1916,3,7397.22,5856.92,2708.540000000001,0.7578125,1915,334,BMAp,BMA,45,left,0
1916,1917,3,7400.06,5856.54,2708.620000000001,0.73046875,1916,334,BMAp,BMA,45,left,0
1917,1918,3,7402.6,5856.32,2709.1399999999994,0.37890625,1917,334,BMAp,BMA,45,left,0
1918,1919,3,7404.14,5856.86,2709.620000000001,0.203125,1918,334,BMAp,BMA,45,left,0
1919,1920,3,7406.68,5857.58,2710.6000000000004,0.41015625,1919,334,BMAp,BMA,45,left,0
1920,1921,3,7408.18,5858.6,2711.540000000001,0.7890625,1920,334,BMAp,BMA,45,left,0
1921,1922,3,7408.94,5860.96,2712.0599999999995,0.26171875,1921,334,BMAp,BMA,45,left,0
1922,1923,3,7410.78,5862.28,2712.3600000000006,0.41015625,1922,334,BMAp,BMA,45,left,0
1923,1924,3,7412.28,5864.04,2713.5,0.61328125,1923,334,BMAp,BMA,45,left,0
1924,1925,3,7412.46,5866.18,2714.58,0.671875,1924,334,BMAp,BMA,45,left,0
1925,1926,3,7413.86,5867.24,2716.0,0.5234375,1925,334,BMAp,BMA,45,left,0
1926,1927,3,7415.78,5867.06,2716.879999999999,0.37890625,1926,334,BMAp,BMA,45,left,0
1927,1928,3,7416.34,5868.16,2718.72,0.5546875,1927,334,BMAp,BMA,45,left,0
1928,1929,3,7416.6,5869.94,2720.0599999999995,0.90234375,1928,334,BMAp,BMA,45,left,0
1929,1930,3,7417.6,5870.26,2721.120000000001,0.81640625,1929,334,BMAp,BMA,45,left,0
1930,1931,3,7418.06,5870.38,2724.2000000000007,0.7578125,1930,334,BMAp,BMA,45,left,0
1931,1932,3,7418.42,5869.64,2726.0200000000004,0.73046875,1931,334,BMAp,BMA,45,left,0
1932,1933,3,7419.64,5868.0,2727.120000000001,0.73046875,1932,334,BMAp,BMA,45,left,0
1933,1934,3,7421.96,5867.4,2727.7000000000007,0.61328125,1933,334,BMAp,BMA,45,left,0
1934,1935,3,7423.56,5867.06,2728.3,0.93359375,1934,334,BMAp,BMA,45,left,0
1935,1936,3,7425.74,5866.08,2728.6000000000004,0.26171875,1935,334,BMAp,BMA,45,left,0
1936,1937,3,7428.2,5865.24,2728.7000000000007,0.4375,1936,334,BMAp,BMA,45,left,1
1937,1938,3,7223.46,6236.64,2653.0200000000004,0.12109375,1054,334,BMAp,BMA,46,left,0
1938,1939,3,7223.82,6236.76,2656.76,0.5546875,1938,334,BMAp,BMA,46,left,0
1939,1940,3,7223.94,6236.58,2658.48,0.17578125,1939,334,BMAp,BMA,46,left,0
1940,1941,3,7224.6,6236.24,2661.959999999999,0.5234375,1940,334,BMAp,BMA,46,left,0
1941,1942,3,7225.36,6235.4,2664.2000000000007,0.29296875,1941,334,BMAp,BMA,46,left,0
1942,1943,3,7225.8,6234.92,2668.1000000000004,0.46484375,1942,334,BMAp,BMA,46,left,0
1943,1944,3,7226.78,6234.94,2669.9400000000005,0.26171875,1943,334,BMAp,BMA,46,left,0
1944,1945,3,7227.6,6234.98,2671.959999999999,0.61328125,1944,334,BMAp,BMA,46,left,0
1945,1946,3,7229.0,6234.8,2672.34,0.3515625,1945,334,BMAp,BMA,46,left,0
1946,1947,3,7229.68,6234.06,2674.6000000000004,0.61328125,1946,334,BMAp,BMA,46,left,0
1947,1948,3,7230.02,6233.46,2677.5,0.61328125,1947,334,BMAp,BMA,46,left,0
1948,1949,3,7230.78,6233.02,2678.4,0.37890625,1948,334,BMAp,BMA,46,left,1
1949,1950,3,7224.86,6239.76,2653.0599999999995,0.00390625,1054,334,BMAp,BMA,47,left,0
1950,1951,3,7225.62,6243.34,2652.82,0.640625,1950,334,BMAp,BMA,47,left,0
1951,1952,3,7227.52,6244.82,2652.8,0.4375,1951,334,BMAp,BMA,47,left,0
1952,1953,3,7231.04,6245.36,2652.6000000000004,0.61328125,1952,334,BMAp,BMA,47,left,0
1953,1954,3,7233.28,6246.18,2652.4,0.46484375,1953,334,BMAp,BMA,47,left,0
1954,1955,3,7235.44,6248.48,2651.82,0.49609375,1954,334,BMAp,BMA,47,left,0
1955,1956,3,7237.54,6249.34,2651.34,0.234375,1955,334,BMAp,BMA,47,left,0
1956,1957,3,7240.5,6249.92,2651.58,0.41015625,1956,334,BMAp,BMA,47,left,0
1957,1958,3,7242.22,6250.78,2652.6000000000004,0.26171875,1957,334,BMAp,BMA,47,left,0
1958,1959,3,7244.36,6252.2,2653.7000000000007,0.46484375,1958,334,BMAp,BMA,47,left,0
1959,1960,3,7246.32,6253.08,2653.84,0.26171875,1959,334,BMAp,BMA,47,left,0
1960,1961,3,7248.6,6254.18,2654.42,0.41015625,1960,334,BMAp,BMA,47,left,0
1961,1962,3,7250.36,6255.44,2654.879999999999,0.671875,1961,334,BMAp,BMA,47,left,0
1962,1963,3,7251.64,6257.08,2656.1800000000003,0.5546875,1962,334,BMAp,BMA,47,left,0
1963,1964,3,7253.4,6257.9,2657.4400000000005,0.3515625,1963,334,BMAp,BMA,47,left,0
1964,1965,3,7255.36,6258.42,2658.24,0.29296875,1964,334,BMAp,BMA,47,left,0
1965,1966,3,7257.58,6259.1,2658.2000000000007,0.49609375,1965,334,BMAp,BMA,47,left,0
1966,1967,3,7259.98,6259.98,2658.0,0.3203125,1966,334,BMAp,BMA,47,left,0
1967,1968,3,7262.34,6259.98,2657.959999999999,0.3515625,1967,334,BMAp,BMA,47,left,0
1968,1969,3,7264.7,6259.82,2658.22,0.3203125,1968,334,BMAp,BMA,47,left,0
1969,1970,3,7267.7,6260.08,2658.9400000000005,0.17578125,1969,334,BMAp,BMA,47,left,0
1970,1971,3,7269.42,6260.62,2659.3600000000006,0.3203125,1970,334,BMAp,BMA,47,left,0
1971,1972,3,7271.54,6261.7,2659.3600000000006,0.41015625,1971,334,BMAp,BMA,47,left,0
1972,1973,3,7274.34,6263.64,2659.22,0.3515625,1972,334,BMAp,BMA,47,left,0
1973,1974,3,7276.68,6265.7,2659.1000000000004,0.58203125,1973,334,BMAp,BMA,47,left,0
1974,1975,3,7278.94,6266.84,2660.0,0.37890625,1974,334,BMAp,BMA,47,left,0
1975,1976,3,7280.16,6268.18,2660.879999999999,0.3203125,1975,334,BMAp,BMA,47,left,0
1976,1977,3,7281.96,6269.36,2660.98,0.5234375,1976,334,BMAp,BMA,47,left,0
1977,1978,3,7284.1,6271.62,2661.4,0.37890625,1977,334,BMAp,BMA,47,left,0
1978,1979,3,7285.46,6274.22,2661.3,0.5546875,1978,334,BMAp,BMA,47,left,0
1979,1980,3,7287.86,6275.72,2661.1399999999994,0.61328125,1979,334,BMAp,BMA,47,left,0
1980,1981,3,7289.74,6277.68,2661.040000000001,0.5234375,1980,334,BMAp,BMA,47,left,0
1981,1982,3,7292.7,6280.66,2660.5200000000004,0.49609375,1981,334,BMAp,BMA,47,left,0
1982,1983,3,7293.86,6282.16,2660.0200000000004,0.5234375,1982,334,BMAp,BMA,47,left,0
1983,1984,3,7295.44,6284.7,2657.32,0.00390625,1983,334,BMAp,BMA,47,left,0
1984,1985,3,7298.42,6286.08,2655.74,0.41015625,1984,334,BMAp,BMA,47,left,0
1985,1986,3,7301.28,6288.2,2654.620000000001,0.5546875,1985,334,BMAp,BMA,47,left,0
1986,1987,3,7303.12,6289.4,2653.6800000000003,0.3203125,1986,334,BMAp,BMA,47,left,0
1987,1988,3,7305.02,6290.18,2653.0,0.41015625,1987,334,BMAp,BMA,47,left,1
1988,1989,3,7256.48,6156.5,2671.0200000000004,0.0078125,1088,334,BMAp,BMA,48,left,0
1989,1990,3,7258.26,6153.76,2671.58,0.46484375,1989,334,BMAp,BMA,48,left,0
1990,1991,3,7260.36,6152.88,2671.66,0.3515625,1990,334,BMAp,BMA,48,left,0
1991,1992,3,7262.92,6150.7,2671.9400000000005,0.5546875,1991,334,BMAp,BMA,48,left,0
1992,1993,3,7264.36,6149.08,2672.16,2.2734375,1992,334,BMAp,BMA,48,left,1
1993,1994,3,7256.06,6161.3,2669.3600000000006,0.01171875,1088,334,BMAp,BMA,49,left,0
1994,1995,3,7257.98,6162.74,2669.1800000000003,0.73046875,1994,334,BMAp,BMA,49,left,0
1995,1996,3,7260.92,6164.48,2668.8,0.46484375,1995,334,BMAp,BMA,49,left,0
1996,1997,3,7262.86,6165.18,2668.620000000001,0.3515625,1996,334,BMAp,BMA,49,left,0
1997,1998,3,7265.32,6165.94,2668.0200000000004,0.3515625,1997,334,BMAp,BMA,49,left,0
1998,1999,3,7267.06,6167.72,2667.26,0.5234375,1998,334,BMAp,BMA,49,left,0
1999,2000,3,7269.46,6168.72,2666.959999999999,0.4375,1999,334,BMAp,BMA,49,left,0
2000,2001,3,7271.1,6169.52,2666.76,0.671875,2000,334,BMAp,BMA,49,left,0
2001,2002,3,7274.36,6169.68,2666.6399999999994,0.90234375,2001,334,BMAp,BMA,49,left,0
2002,2003,3,7276.62,6169.48,2666.6000000000004,0.93359375,2002,334,BMAp,BMA,49,left,0
2395,2396,3,6954.36,5969.22,2575.2000000000007,0.03125,1298,303,BLAa,BLA,58,left,0
2396,2397,3,6953.08,5968.74,2574.0599999999995,0.84765625,2396,303,BLAa,BLA,58,left,0
2397,2398,3,6952.76,5967.22,2572.1800000000003,0.7578125,2397,303,BLAa,BLA,58,left,0
2398,2399,3,6952.06,5964.98,2569.7000000000007,0.61328125,2398,303,BLAa,BLA,58,left,0
2399,2400,3,6950.04,5963.22,2569.2000000000007,0.5234375,2399,303,BLAa,BLA,58,left,0
2400,2401,3,6947.9,5960.94,2568.379999999999,0.5234375,2400,303,BLAa,BLA,58,left,0
2401,2402,3,6947.62,5959.04,2567.620000000001,0.49609375,2401,303,BLAa,BLA,58,left,0
2402,2403,3,6947.08,5954.72,2567.66,0.41015625,2402,303,BLAa,BLA,58,left,0
2403,2404,3,6946.64,5952.26,2567.8,0.203125,2403,303,BLAa,BLA,58,left,0
2404,2405,3,6945.24,5951.56,2567.7800000000007,0.671875,2404,303,BLAa,BLA,58,left,0
2405,2406,3,6943.72,5947.32,2568.540000000001,0.671875,2405,303,BLAa,BLA,58,left,0
2406,2407,3,6943.48,5945.24,2568.6000000000004,0.640625,2406,303,BLAa,BLA,58,left,0
2407,2408,3,6942.58,5937.34,2569.42,0.81640625,2407,303,BLAa,BLA,58,left,0
2408,2409,3,6942.32,5935.48,2569.0200000000004,0.7578125,2408,303,BLAa,BLA,58,left,1
2409,2410,3,6954.8,5969.22,2575.24,0.06640625,1298,303,BLAa,BLA,59,left,0
2410,2411,3,6952.52,5969.24,2575.2800000000007,0.875,2410,303,BLAa,BLA,59,left,0
2411,2412,3,6950.84,5968.92,2576.22,0.9609375,2411,303,BLAa,BLA,59,left,0
2412,2413,3,6949.86,5968.52,2578.379999999999,0.875,2412,303,BLAa,BLA,59,left,0
2413,2414,3,6948.32,5968.08,2579.6800000000003,0.81640625,2413,303,BLAa,BLA,59,left,0
2414,2415,3,6945.48,5967.98,2581.2000000000007,0.49609375,2414,303,BLAa,BLA,59,left,0
2415,2416,3,6943.62,5967.96,2581.9400000000005,7.41015625,2415,303,BLAa,BLA,59,left,0
2416,2417,3,6941.26,5968.36,2582.32,0.9609375,2416,303,BLAa,BLA,59,left,0
2417,2418,3,6939.92,5969.28,2582.98,1.25390625,2417,303,BLAa,BLA,59,left,0
2418,2419,3,6936.92,5970.32,2583.6000000000004,0.17578125,2418,303,BLAa,BLA,59,left,0
2419,2420,3,6935.36,5970.44,2584.7800000000007,0.69921875,2419,303,BLAa,BLA,59,left,0
2420,2421,3,6932.48,5970.42,2585.5200000000004,0.41015625,2420,303,BLAa,BLA,59,left,0
2421,2422,3,6929.94,5970.4,2586.32,0.4375,2421,303,BLAa,BLA,59,left,0
2422,2423,3,6928.84,5970.4,2587.4400000000005,0.4375,2422,303,BLAa,BLA,59,left,0
2423,2424,3,6926.48,5970.46,2588.040000000001,0.5234375,2423,303,BLAa,BLA,59,left,0
2424,2425,3,6925.04,5970.84,2588.26,0.46484375,2424,303,BLAa,BLA,59,left,0
2425,2426,3,6922.36,5970.96,2589.22,0.58203125,2425,303,BLAa,BLA,59,left,0
2426,2427,3,6920.06,5970.96,2589.92,0.49609375,2426,303,BLAa,BLA,59,left,0
2427,2428,3,6918.74,5970.84,2590.9400000000005,0.46484375,2427,303,BLAa,BLA,59,left,0
2428,2429,3,6916.66,5970.32,2591.72,0.671875,2428,303,BLAa,BLA,59,left,0
2429,2430,3,6914.28,5969.2,2592.26,0.7890625,2429,303,BLAa,BLA,59,left,0
2430,2431,3,6912.48,5967.32,2594.1000000000004,0.69921875,2430,303,BLAa,BLA,59,left,0
2431,2432,3,6910.92,5966.08,2596.08,0.37890625,2431,303,BLAa,BLA,59,left,0
2432,2433,3,6908.72,5965.84,2597.32,0.640625,2432,303,BLAa,BLA,59,left,0
2433,2434,3,6907.72,5965.08,2598.66,0.3515625,2433,303,BLAa,BLA,59,left,0
2434,2435,3,6907.34,5963.4,2600.379999999999,0.69921875,2434,303,BLAa,BLA,59,left,0
2435,2436,3,6905.56,5962.66,2601.120000000001,0.234375,2435,303,BLAa,BLA,59,left,0
2436,2437,3,6903.8,5961.94,2602.379999999999,0.69921875,2436,303,BLAa,BLA,59,left,0
2437,2438,3,6903.86,5961.52,2603.7000000000007,0.69921875,2437,303,BLAa,BLA,59,left,0
2438,2439,3,6902.38,5961.32,2604.959999999999,0.81640625,2438,303,BLAa,BLA,59,left,0
2439,2440,3,6900.1,5960.5,2605.58,0.4375,2439,303,BLAa,BLA,59,left,0
2440,2441,3,6897.32,5959.96,2606.74,0.5546875,2440,303,BLAa,BLA,59,left,0
2441,2442,3,6895.92,5958.48,2608.5599999999995,0.61328125,2441,303,BLAa,BLA,59,left,0
2442,2443,3,6893.58,5956.12,2610.22,0.5234375,2442,303,BLAa,BLA,59,left,0
2443,2444,3,6891.18,5954.94,2611.379999999999,0.41015625,2443,303,BLAa,BLA,59,left,0
2444,2445,3,6890.24,5954.04,2612.620000000001,1.4296875,2444,303,BLAa,BLA,59,left,0
2445,2446,3,6889.18,5951.02,2613.7000000000007,1.1953125,2445,303,BLAa,BLA,59,left,0
2446,2447,3,6887.48,5948.08,2614.82,0.26171875,2446,303,BLAa,BLA,59,left,0
2447,2448,3,6885.94,5946.98,2616.22,0.5546875,2447,303,BLAa,BLA,59,left,0
2448,2449,3,6883.76,5946.1,2617.540000000001,0.7890625,2448,303,BLAa,BLA,59,left,0
2449,2450,3,6882.0,5944.68,2619.040000000001,0.17578125,2449,303,BLAa,BLA,59,left,0
2450,2451,3,6879.84,5944.14,2620.0200000000004,0.00390625,2450,303,BLAa,BLA,59,left,0
2451,2452,3,6877.4,5943.08,2621.08,0.17578125,2451,303,BLAa,BLA,59,left,0
2452,2453,3,6874.52,5942.38,2622.6000000000004,0.41015625,2452,303,BLAa,BLA,59,left,0
2453,2454,3,6872.38,5941.2,2623.76,0.640625,2453,303,BLAa,BLA,59,left,0
2454,2455,3,6869.72,5939.6,2625.0,0.93359375,2454,303,BLAa,BLA,59,left,0
2455,2456,3,6867.36,5937.6,2626.9,0.640625,2455,303,BLAa,BLA,59,left,0
2456,2457,3,6865.64,5936.34,2628.1800000000003,0.41015625,2456,303,BLAa,BLA,59,left,0
2457,2458,3,6862.68,5935.06,2629.32,0.46484375,2457,303,BLAa,BLA,59,left,0
2458,2459,3,6859.92,5933.7,2630.1800000000003,0.5546875,2458,303,BLAa,BLA,59,left,0
2459,2460,3,6857.54,5931.96,2630.6000000000004,0.58203125,2459,303,BLAa,BLA,59,left,0
2460,2461,3,6854.82,5930.62,2631.42,0.69921875,2460,303,BLAa,BLA,59,left,0
2461,2462,3,6853.22,5929.86,2632.24,0.4375,2461,303,BLAa,BLA,59,left,0
2462,2463,3,6852.34,5928.34,2633.92,0.875,2462,303,BLAa,BLA,59,left,0
2463,2464,3,6851.9,5926.78,2636.7800000000007,0.671875,2463,303,BLAa,BLA,59,left,0
2464,2465,3,6850.52,5926.06,2639.3600000000006,1.078125,2464,303,BLAa,BLA,59,left,0
2465,2466,3,6848.34,5924.36,2641.82,0.49609375,2465,303,BLAa,BLA,59,left,0
2466,2467,3,6847.36,5923.1,2643.459999999999,0.7890625,2466,303,BLAa,BLA,59,left,0
2467,2468,3,6846.96,5921.26,2645.72,0.01953125,2467,303,BLAa,BLA,59,left,0
2468,2469,3,6845.24,5920.2,2646.84,2.7109375,2468,303,BLAa,BLA,59,left,0
2469,2470,3,6844.86,5920.22,2648.58,0.90234375,2469,303,BLAa,BLA,59,left,0
2470,2471,3,6844.66,5917.66,2650.0,7.69921875,2470,303,BLAa,BLA,59,left,0
2471,2472,3,6843.84,5914.44,2650.6000000000004,0.61328125,2471,303,BLAa,BLA,59,left,0
2472,2473,3,6840.66,5912.98,2651.7000000000007,0.49609375,2472,303,BLAa,BLA,59,left,0
2473,2474,3,6838.58,5911.36,2653.22,0.5234375,2473,303,BLAa,BLA,59,left,0
2474,2475,3,6837.1,5909.46,2654.48,0.37890625,2474,303,BLAa,BLA,59,left,0
2475,2476,3,6835.44,5908.28,2656.0200000000004,0.17578125,2475,303,BLAa,BLA,59,left,0
2476,2477,3,6833.82,5905.38,2657.92,0.234375,2476,303,BLAa,BLA,59,left,0
2477,2478,3,6832.2,5903.56,2659.040000000001,0.49609375,2477,303,BLAa,BLA,59,left,0
2478,2479,3,6830.82,5901.16,2660.0599999999995,0.26171875,2478,303,BLAa,BLA,59,left,0
2479,2480,3,6828.74,5899.28,2661.0599999999995,0.58203125,2479,303,BLAa,BLA,59,left,0
2480,2481,3,6827.1,5898.06,2662.120000000001,0.29296875,2480,303,BLAa,BLA,59,left,0
2481,2482,3,6825.04,5897.02,2662.8,0.5234375,2481,303,BLAa,BLA,59,left,0
2482,2483,3,6823.48,5894.66,2663.459999999999,0.7578125,2482,303,BLAa,BLA,59,left,0
2483,2484,3,6820.82,5892.74,2663.879999999999,5.046875,2483,303,BLAa,BLA,59,left,0
2484,2485,3,6817.88,5892.04,2664.4400000000005,0.3203125,2484,303,BLAa,BLA,59,left,0
2485,2486,3,6816.7,5891.3,2665.42,0.234375,2485,303,BLAa,BLA,59,left,0
2486,2487,3,6813.2,5889.62,2665.959999999999,0.0078125,2486,303,BLAa,BLA,59,left,0
2487,2488,3,6810.54,5887.72,2666.3600000000006,0.9609375,2487,303,BLAa,BLA,59,left,0
2488,2489,3,6807.84,5886.8,2666.58,28.90234375,2488,303,BLAa,BLA,59,left,0
2489,2490,3,6805.36,5884.7,2666.98,0.671875,2489,303,BLAa,BLA,59,left,0
2490,2491,3,6804.46,5882.0,2667.459999999999,0.69921875,2490,303,BLAa,BLA,59,left,0
2491,2492,3,6802.64,5881.32,2667.620000000001,41.5625,2491,303,BLAa,BLA,59,left,1
2492,2493,3,7122.52,5950.66,2615.9400000000005,0.1328125,1318,303,BLAa,BLA,60,left,0
2493,2494,3,7120.42,5949.9,2616.120000000001,2.76953125,2493,303,BLAa,BLA,60,left,0
2494,2495,3,7120.02,5947.38,2616.26,2.5078125,2494,303,BLAa,BLA,60,left,0
2495,2496,3,7119.38,5945.1,2614.879999999999,1.4296875,2495,303,BLAa,BLA,60,left,0
2496,2497,3,7117.8,5942.96,2614.42,0.7890625,2496,303,BLAa,BLA,60,left,0
2497,2498,3,7114.96,5940.96,2613.92,1.16796875,2497,303,BLAa,BLA,60,left,0
2498,2499,3,7113.06,5939.52,2613.4400000000005,1.28515625,2498,303,BLAa,BLA,60,left,0
2499,2500,3,7111.92,5937.52,2613.620000000001,1.25390625,2499,303,BLAa,BLA,60,left,0
2500,2501,3,7111.04,5932.74,2614.540000000001,1.2265625,2500,303,BLAa,BLA,60,left,0
2501,2502,3,7110.42,5930.1,2615.040000000001,1.109375,2501,303,BLAa,BLA,60,left,0
2502,2503,3,7109.32,5927.56,2615.540000000001,1.2265625,2502,303,BLAa,BLA,60,left,0
2503,2504,3,7107.8,5924.72,2616.1000000000004,1.33984375,2503,303,BLAa,BLA,60,left,0
2504,2505,3,7106.56,5922.28,2616.58,0.9921875,2504,303,BLAa,BLA,60,left,0
2505,2506,3,7104.36,5918.6,2617.32,0.46484375,2505,303,BLAa,BLA,60,left,0
2506,2507,3,7102.46,5916.36,2617.7800000000007,0.61328125,2506,303,BLAa,BLA,60,left,0
2507,2508,3,7101.94,5912.54,2618.5200000000004,0.69921875,2507,303,BLAa,BLA,60,left,0
2508,2509,3,7101.48,5910.44,2618.92,0.5234375,2508,303,BLAa,BLA,60,left,0
2509,2510,3,7099.52,5909.4,2619.16,0.671875,2509,303,BLAa,BLA,60,left,0
2510,2511,3,7096.88,5907.8,2619.5,1.05078125,2510,303,BLAa,BLA,60,left,0
2511,2512,3,7096.06,5904.74,2620.1000000000004,0.58203125,2511,303,BLAa,BLA,60,left,0
2512,2513,3,7094.06,5901.56,2620.74,0.93359375,2512,303,BLAa,BLA,60,left,0
2513,2514,3,7092.08,5899.66,2621.1399999999994,0.93359375,2513,303,BLAa,BLA,60,left,0
2514,2515,3,7090.24,5898.86,2621.32,1.078125,2514,303,BLAa,BLA,60,left,0
2515,2516,3,7088.68,5887.44,2623.48,1.13671875,2515,303,BLAa,BLA,60,left,0
2516,2517,3,7088.52,5885.6,2623.84,1.25390625,2516,303,BLAa,BLA,60,left,0
2517,2518,3,7086.58,5885.72,2623.8600000000006,0.10546875,2517,303,BLAa,BLA,60,left,0
2518,2519,3,7085.52,5879.42,2625.0599999999995,1.1953125,2518,303,BLAa,BLA,60,left,0
2519,2520,3,7084.68,5876.58,2625.6800000000003,0.671875,2519,303,BLAa,BLA,60,left,0
2520,2521,3,7083.3,5875.56,2626.459999999999,1.546875,2520,303,BLAa,BLA,60,left,0
2521,2522,3,7080.16,5875.0,2627.1399999999994,0.93359375,2521,303,BLAa,BLA,60,left,0
2522,2523,3,7078.54,5873.84,2628.48,0.81640625,2522,303,BLAa,BLA,60,left,0
2523,2524,3,7076.64,5871.92,2630.0200000000004,0.58203125,2523,303,BLAa,BLA,60,left,0
2524,2525,3,7076.32,5869.3,2631.5599999999995,0.58203125,2524,303,BLAa,BLA,60,left,0
2525,2526,3,7076.16,5866.26,2633.2000000000007,0.671875,2525,303,BLAa,BLA,60,left,0
2526,2527,3,7075.7,5859.7,2635.26,0.5546875,2526,303,BLAa,BLA,60,left,0
2527,2528,3,7075.32,5857.56,2635.66,0.4375,2527,303,BLAa,BLA,60,left,0
2528,2529,3,7073.96,5855.96,2635.98,0.93359375,2528,303,BLAa,BLA,60,left,0
2529,2530,3,7071.2,5854.08,2636.379999999999,0.5546875,2529,303,BLAa,BLA,60,left,0
2530,2531,3,7070.08,5852.98,2636.32,0.7890625,2530,303,BLAa,BLA,60,left,0
2531,2532,3,7069.7,5849.44,2636.08,0.671875,2531,303,BLAa,BLA,60,left,0
2532,2533,3,7069.2,5846.5,2636.22,0.5234375,2532,303,BLAa,BLA,60,left,0
2533,2534,3,7068.0,5844.28,2636.2000000000007,0.69921875,2533,303,BLAa,BLA,60,left,0
2534,2535,3,7067.02,5841.02,2636.6399999999994,1.01953125,2534,303,BLAa,BLA,60,left,0
2535,2536,3,7064.2,5837.06,2636.8,0.93359375,2535,303,BLAa,BLA,60,left,0
2536,2537,3,7062.78,5834.26,2636.6399999999994,0.84765625,2536,303,BLAa,BLA,60,left,0
2537,2538,3,7061.04,5830.74,2637.2800000000007,1.078125,2537,303,BLAa,BLA,60,left,0
2538,2539,3,7059.84,5827.48,2637.9,1.72265625,2538,303,BLAa,BLA,60,left,0
2539,2540,3,7058.58,5825.02,2638.379999999999,1.8359375,2539,303,BLAa,BLA,60,left,0
2540,2541,3,7057.56,5822.66,2638.8600000000006,1.546875,2540,303,BLAa,BLA,60,left,0
2541,2542,3,7056.8,5818.94,2639.76,0.5546875,2541,303,BLAa,BLA,60,left,0
2542,2543,3,7125.64,5947.72,2616.040000000001,0.01171875,1318,303,BLAa,BLA,61,left,0
2543,2544,3,7127.12,5947.24,2614.6800000000003,1.57421875,2543,303,BLAa,BLA,61,left,0
2544,2545,3,7128.48,5945.88,2613.0200000000004,1.546875,2544,303,BLAa,BLA,61,left,0
2545,2546,3,7129.94,5944.16,2611.48,1.1953125,2545,303,BLAa,BLA,61,left,0
2546,2547,3,7131.98,5942.58,2610.3,0.90234375,2546,303,BLAa,BLA,61,left,0
2547,2548,3,7133.3,5940.64,2609.82,0.81640625,2547,303,BLAa,BLA,61,left,0
2548,2549,3,7133.34,5937.94,2609.5200000000004,0.5546875,2548,303,BLAa,BLA,61,left,0
2549,2550,3,7132.84,5933.32,2608.8600000000006,0.69921875,2549,303,BLAa,BLA,61,left,0
2550,2551,3,7133.2,5930.22,2608.5200000000004,0.640625,2550,303,BLAa,BLA,61,left,0
2551,2552,3,7134.26,5928.36,2608.4,0.7578125,2551,303,BLAa,BLA,61,left,0
2552,2553,3,7134.9,5925.8,2607.82,0.5546875,2552,303,BLAa,BLA,61,left,0
2553,2554,3,7136.0,5922.82,2607.379999999999,0.90234375,2553,303,BLAa,BLA,61,left,0
2554,2555,3,7137.18,5920.46,2607.459999999999,0.84765625,2554,303,BLAa,BLA,61,left,0
2555,2556,3,7137.96,5917.12,2606.3,0.4375,2555,303,BLAa,BLA,61,left,0
2556,2557,3,7139.16,5915.5,2605.0,0.640625,2556,303,BLAa,BLA,61,left,0
2557,2558,3,7140.92,5913.4,2604.7800000000007,0.49609375,2557,303,BLAa,BLA,61,left,0
2558,2559,3,7141.48,5911.2,2604.620000000001,0.73046875,2558,303,BLAa,BLA,61,left,0
2559,2560,3,7141.2,5908.8,2603.92,0.671875,2559,303,BLAa,BLA,61,left,0
2560,2561,3,7140.44,5899.68,2605.16,1.515625,2560,303,BLAa,BLA,61,left,0
2561,2562,3,7140.3,5897.8,2605.5200000000004,1.515625,2561,303,BLAa,BLA,61,left,0
2562,2563,3,7139.82,5891.76,2606.42,1.05078125,2562,303,BLAa,BLA,61,left,0
2563,2564,3,7139.5,5888.34,2606.6000000000004,1.01953125,2563,303,BLAa,BLA,61,left,0
2564,2565,3,7139.16,5884.32,2606.879999999999,1.109375,2564,303,BLAa,BLA,61,left,0
2565,2566,3,7138.82,5881.1,2606.459999999999,0.875,2565,303,BLAa,BLA,61,left,0
2566,2567,3,7138.44,5877.56,2605.8600000000006,0.84765625,2566,303,BLAa,BLA,61,left,0
2567,2568,3,7138.1,5874.02,2605.66,0.5546875,2567,303,BLAa,BLA,61,left,0
2568,2569,3,7137.9,5871.82,2605.7000000000007,0.875,2568,303,BLAa,BLA,61,left,0
2569,2570,3,7137.58,5868.02,2605.98,1.05078125,2569,303,BLAa,BLA,61,left,0
2570,2571,3,7137.24,5864.3,2605.879999999999,1.25390625,2570,303,BLAa,BLA,61,left,0
2571,2572,3,7136.92,5860.98,2605.6800000000003,1.69140625,2571,303,BLAa,BLA,61,left,0
2572,2573,3,7136.56,5857.68,2604.98,0.640625,2572,303,BLAa,BLA,61,left,0
2573,2574,3,7136.1,5854.86,2603.34,1.45703125,2573,303,BLAa,BLA,61,left,0
2574,2575,3,7135.32,5853.98,2602.4400000000005,1.4296875,2574,303,BLAa,BLA,61,left,0
2575,2576,3,7030.62,5714.02,2615.7800000000007,0.00390625,1386,303,BLAa,BLA,62,left,0
2576,2577,3,7030.78,5712.9,2618.7000000000007,0.5234375,2576,303,BLAa,BLA,62,left,0
2577,2578,3,7032.26,5713.72,2621.0599999999995,0.58203125,2577,303,BLAa,BLA,62,left,0
2578,2579,3,7033.78,5715.4,2622.4400000000005,0.37890625,2578,303,BLAa,BLA,62,left,0
2579,2580,3,7035.3,5716.26,2622.84,0.234375,2579,303,BLAa,BLA,62,left,0
2580,2581,3,7036.3,5718.4,2624.1800000000003,0.17578125,2580,303,BLAa,BLA,62,left,0
2581,2582,3,7037.32,5720.04,2625.2000000000007,0.640625,2581,303,BLAa,BLA,62,left,0
2582,2583,3,7038.18,5723.32,2625.9400000000005,2.33203125,2582,303,BLAa,BLA,62,left,0
2583,2584,3,7039.94,5724.86,2626.040000000001,0.46484375,2583,303,BLAa,BLA,62,left,0
2584,2585,3,7043.26,5726.0,2626.5599999999995,0.0078125,2584,303,BLAa,BLA,62,left,0
2585,2586,3,7047.0,5727.56,2626.98,0.3515625,2585,303,BLAa,BLA,62,left,0
2586,2587,3,7047.86,5729.76,2627.5200000000004,0.234375,2586,303,BLAa,BLA,62,left,0
2587,2588,3,7049.56,5731.9,2628.4400000000005,0.3203125,2587,303,BLAa,BLA,62,left,0
2588,2589,3,7050.94,5734.46,2629.0200000000004,0.41015625,2588,303,BLAa,BLA,62,left,0
2589,2590,3,7052.24,5735.94,2629.9400000000005,0.640625,2589,303,BLAa,BLA,62,left,0
2590,2591,3,7054.58,5737.0,2630.5599999999995,0.17578125,2590,303,BLAa,BLA,62,left,0
2591,2592,3,7057.46,5740.28,2631.0,0.4375,2591,303,BLAa,BLA,62,left,0
2592,2593,3,7060.12,5741.08,2631.5200000000004,0.58203125,2592,303,BLAa,BLA,62,left,0
2593,2594,3,7061.9,5743.68,2631.7000000000007,0.203125,2593,303,BLAa,BLA,62,left,0
2594,2595,3,7064.14,5747.08,2631.72,0.3203125,2594,303,BLAa,BLA,62,left,0
2595,2596,3,7066.72,5748.62,2631.84,0.4375,2595,303,BLAa,BLA,62,left,0
2596,2597,3,7069.4,5750.34,2631.9400000000005,0.61328125,2596,303,BLAa,BLA,62,left,0
2597,2598,3,7071.32,5750.64,2632.24,0.49609375,2597,303,BLAa,BLA,62,left,0
2598,2599,3,7072.38,5752.06,2632.4400000000005,0.3515625,2598,303,BLAa,BLA,62,left,0
2599,2600,3,7072.92,5756.0,2631.92,0.640625,2599,303,BLAa,BLA,62,left,0
2600,2601,3,7074.08,5757.9,2632.58,0.61328125,2600,303,BLAa,BLA,62,left,0
2601,2602,3,7076.08,5759.72,2632.8600000000006,0.17578125,2601,303,BLAa,BLA,62,left,0
2602,2603,3,7077.22,5761.42,2633.08,0.5546875,2602,303,BLAa,BLA,62,left,0
2603,2604,3,7077.84,5763.62,2632.879999999999,0.00390625,2603,303,BLAa,BLA,62,left,0
2604,2605,3,7080.22,5764.52,2633.42,0.26171875,2604,303,BLAa,BLA,62,left,0
2605,2606,3,7081.9,5766.68,2634.1000000000004,0.37890625,2605,303,BLAa,BLA,62,left,0
2606,2607,3,7084.06,5770.22,2634.08,0.3515625,2606,303,BLAa,BLA,62,left,0
2607,2608,3,7085.88,5773.24,2634.34,0.37890625,2607,303,BLAa,BLA,62,left,0
2608,2609,3,7087.44,5775.24,2634.72,0.3515625,2608,303,BLAa,BLA,62,left,0
2609,2610,3,7088.04,5778.72,2635.379999999999,0.49609375,2609,303,BLAa,BLA,62,left,0
2610,2611,3,7088.58,5781.5,2636.74,0.41015625,2610,303,BLAa,BLA,62,left,0
2611,2612,3,7089.52,5782.54,2637.32,0.640625,2611,303,BLAa,BLA,62,left,0
2612,2613,3,7029.42,5716.02,2614.9400000000005,0.00390625,1386,303,BLAa,BLA,63,left,0
2613,2614,3,7028.4,5716.94,2616.2800000000007,0.4375,2613,303,BLAa,BLA,63,left,0
2614,2615,3,7028.76,5719.28,2617.3600000000006,0.671875,2614,303,BLAa,BLA,63,left,0
2615,2616,3,7029.16,5721.72,2618.6800000000003,0.37890625,2615,303,BLAa,BLA,63,left,0
2616,2617,3,7029.64,5725.6,2619.22,0.00390625,2616,303,BLAa,BLA,63,left,0
2617,2618,3,7030.34,5732.66,2618.42,0.26171875,2617,303,BLAa,BLA,63,left,0
2618,2619,3,7030.7,5736.0,2618.379999999999,0.7890625,2618,303,BLAa,BLA,63,left,0
2619,2620,3,7030.08,5738.88,2618.6399999999994,0.4375,2619,303,BLAa,BLA,63,left,0
2620,2621,3,7028.32,5740.04,2618.76,0.3515625,2620,303,BLAa,BLA,63,left,0
2621,2622,3,7027.5,5742.1,2618.459999999999,0.46484375,2621,303,BLAa,BLA,63,left,0
2622,2623,3,7027.56,5747.24,2617.08,0.3515625,2622,303,BLAa,BLA,63,left,0
2623,2624,3,7025.5,5749.0,2616.34,0.4375,2623,303,BLAa,BLA,63,left,0
2624,2625,3,7021.32,5751.26,2616.540000000001,0.17578125,2624,303,BLAa,BLA,63,left,0
2625,2626,3,7019.72,5752.18,2617.8600000000006,0.49609375,2625,303,BLAa,BLA,63,left,0
2626,2627,3,7018.18,5752.44,2619.6800000000003,0.69921875,2626,303,BLAa,BLA,63,left,0
2627,2628,3,7016.28,5752.44,2620.58,0.5234375,2627,303,BLAa,BLA,63,left,0
2628,2629,3,7013.92,5752.44,2620.72,0.3515625,2628,303,BLAa,BLA,63,left,0
2629,2630,3,7210.76,5870.3,2489.9400000000005,0.03515625,1401,303,BLAa,BLA,64,left,0
2630,2631,3,7211.9,5872.5,2489.42,0.58203125,2630,303,BLAa,BLA,64,left,0
2631,2632,3,7213.8,5875.1,2488.0599999999995,0.7578125,2631,303,BLAa,BLA,64,left,0
2632,2633,3,7215.54,5875.94,2487.040000000001,0.90234375,2632,303,BLAa,BLA,64,left,0
2633,2634,3,7215.82,5877.0,2485.08,0.90234375,2633,303,BLAa,BLA,64,left,0
2634,2635,3,7215.86,5878.7,2483.1000000000004,0.875,2634,303,BLAa,BLA,64,left,0
2635,2636,3,7216.92,5880.18,2482.24,0.3203125,2635,303,BLAa,BLA,64,left,0
2636,2637,3,7218.8,5881.22,2481.040000000001,0.7578125,2636,303,BLAa,BLA,64,left,0
2637,2638,3,7221.32,5882.2,2479.459999999999,0.93359375,2637,303,BLAa,BLA,64,left,0
2638,2639,3,7222.08,5882.62,2477.459999999999,0.93359375,2638,303,BLAa,BLA,64,left,0
2639,2640,3,7223.48,5882.56,2475.76,0.5546875,2639,303,BLAa,BLA,64,left,0
2640,2641,3,7226.06,5882.9,2474.879999999999,0.90234375,2640,303,BLAa,BLA,64,left,0
2641,2642,3,7227.4,5883.54,2472.959999999999,0.81640625,2641,303,BLAa,BLA,64,left,0
2642,2643,3,7229.68,5883.5,2471.08,0.69921875,2642,303,BLAa,BLA,64,left,0
2643,2644,3,7231.7,5883.38,2470.3600000000006,0.3515625,2643,303,BLAa,BLA,64,left,0
2644,2645,3,7233.42,5883.3,2469.32,0.58203125,2644,303,BLAa,BLA,64,left,0
2645,2646,3,7235.36,5883.2,2468.5599999999995,0.4375,2645,303,BLAa,BLA,64,left,0
2646,2647,3,7236.64,5883.32,2467.34,0.61328125,2646,303,BLAa,BLA,64,left,0
2647,2648,3,7238.44,5884.34,2466.0,0.640625,2647,303,BLAa,BLA,64,left,0
2648,2649,3,7240.24,5885.46,2463.4,0.73046875,2648,311,BLAp,BLA,64,left,0
2649,2650,3,7241.74,5885.62,2461.08,0.4375,2649,311,BLAp,BLA,64,left,0
2650,2651,3,7242.44,5885.96,2459.16,0.69921875,2650,311,BLAp,BLA,64,left,0
2651,2652,3,7244.16,5885.94,2458.24,0.46484375,2651,311,BLAp,BLA,64,left,0
2652,2653,3,7246.82,5885.74,2457.92,0.5234375,2652,311,BLAp,BLA,64,left,0
2653,2654,3,7248.68,5885.6,2457.92,0.671875,2653,311,BLAp,BLA,64,left,0
2654,2655,3,7250.54,5885.48,2457.5200000000004,0.5546875,2654,311,BLAp,BLA,64,left,0
2655,2656,3,7252.14,5885.54,2456.22,0.5546875,2655,311,BLAp,BLA,64,left,0
2656,2657,3,7253.34,5886.06,2454.58,0.58203125,2656,311,BLAp,BLA,64,left,0
2657,2658,3,7254.52,5886.94,2452.66,0.41015625,2657,311,BLAp,BLA,64,left,0
2658,2659,3,7256.0,5887.54,2450.84,0.640625,2658,311,BLAp,BLA,64,left,0
2659,2660,3,7256.66,5887.94,2448.82,0.17578125,2659,311,BLAp,BLA,64,left,0
2660,2661,3,7258.74,5888.84,2446.74,0.61328125,2660,311,BLAp,BLA,64,left,0
2661,2662,3,7260.66,5889.38,2444.540000000001,0.7578125,2661,311,BLAp,BLA,64,left,0
2662,2663,3,7262.84,5889.32,2442.5,1.01953125,2662,311,BLAp,BLA,64,left,0
2663,2664,3,7263.72,5889.3,2440.6399999999994,0.875,2663,311,BLAp,BLA,64,left,0
2664,2665,3,7264.54,5889.32,2438.459999999999,0.49609375,2664,311,BLAp,BLA,64,left,0
2665,2666,3,7265.78,5889.26,2437.379999999999,0.5234375,2665,311,BLAp,BLA,64,left,0
2666,2667,3,7266.2,5889.48,2430.6000000000004,0.93359375,2666,311,BLAp,BLA,64,left,0
2667,2668,3,7266.14,5889.54,2429.2000000000007,0.671875,2667,311,BLAp,BLA,64,left,0
2668,2669,3,7268.66,5888.84,2429.08,0.03515625,2668,311,BLAp,BLA,64,left,0
2669,2670,3,7271.18,5888.12,2428.9,0.640625,2669,311,BLAp,BLA,64,left,0
2670,2671,3,7272.36,5887.9,2427.540000000001,0.37890625,2670,311,BLAp,BLA,64,left,0
2671,2672,3,7274.42,5887.82,2425.92,0.7578125,2671,311,BLAp,BLA,64,left,0
2672,2673,3,7276.68,5887.7,2424.22,0.46484375,2672,311,BLAp,BLA,64,left,0
2673,2674,3,7277.54,5887.72,2422.24,0.73046875,2673,311,BLAp,BLA,64,left,0
2674,2675,3,7278.88,5887.78,2420.6399999999994,0.46484375,2674,311,BLAp,BLA,64,left,0
2675,2676,3,7280.32,5888.2,2419.48,0.81640625,2675,311,BLAp,BLA,64,left,0
2676,2677,3,7282.56,5889.06,2417.6000000000004,0.90234375,2676,311,BLAp,BLA,64,left,0
2677,2678,3,7283.84,5889.32,2415.959999999999,0.640625,2677,311,BLAp,BLA,64,left,0
2678,2679,3,7285.6,5889.22,2414.66,0.29296875,2678,311,BLAp,BLA,64,left,0
2679,2680,3,7287.76,5889.08,2413.7800000000007,0.73046875,2679,311,BLAp,BLA,64,left,0
2680,2681,3,7288.98,5889.0,2412.879999999999,0.61328125,2680,311,BLAp,BLA,64,left,0
2681,2682,3,7291.32,5888.82,2412.6399999999994,0.49609375,2681,311,BLAp,BLA,64,left,0
2682,2683,3,7293.3,5888.68,2412.16,0.875,2682,311,BLAp,BLA,64,left,0
2683,2684,3,7294.4,5889.18,2411.0,1.01953125,2683,311,BLAp,BLA,64,left,0
2684,2685,3,7296.66,5890.08,2410.040000000001,0.84765625,2684,311,BLAp,BLA,64,left,0
2685,2686,3,7298.74,5890.68,2408.26,0.9921875,2685,311,BLAp,BLA,64,left,0
2686,2687,3,7300.3,5891.42,2406.42,0.58203125,2686,311,BLAp,BLA,64,left,0
2687,2688,3,7302.86,5892.32,2404.120000000001,0.61328125,2687,311,BLAp,BLA,64,left,0
2688,2689,3,7304.0,5892.48,2402.6000000000004,0.73046875,2688,311,BLAp,BLA,64,left,0
2689,2690,3,7305.96,5893.0,2401.9,0.875,2689,311,BLAp,BLA,64,left,0
2690,2691,3,7307.22,5894.46,2400.8600000000006,0.93359375,2690,311,BLAp,BLA,64,left,0
2691,2692,3,7308.1,5896.4,2398.66,0.234375,2691,311,BLAp,BLA,64,left,0
2692,2693,3,7309.9,5898.64,2396.5200000000004,0.61328125,2692,311,BLAp,BLA,64,left,0
2693,2694,3,7312.62,5901.04,2395.540000000001,0.7890625,2693,311,BLAp,BLA,64,left,0
2694,2695,3,7314.2,5902.94,2395.040000000001,0.69921875,2694,311,BLAp,BLA,64,left,0
2695,2696,3,7316.58,5905.08,2393.72,0.84765625,2695,311,BLAp,BLA,64,left,0
2696,2697,3,7318.16,5906.52,2392.6000000000004,0.5546875,2696,311,BLAp,BLA,64,left,0
2697,2698,3,7320.24,5907.36,2391.24,0.41015625,2697,311,BLAp,BLA,64,left,0
2698,2699,3,7321.46,5907.32,2389.9400000000005,0.84765625,2698,311,BLAp,BLA,64,left,0
2699,2700,3,7323.48,5907.24,2387.7000000000007,1.05078125,2699,311,BLAp,BLA,64,left,0
2700,2701,3,7324.88,5907.54,2385.540000000001,0.73046875,2700,311,BLAp,BLA,64,left,0
2701,2702,3,7326.3,5908.18,2383.5599999999995,0.4375,2701,311,BLAp,BLA,64,left,0
2702,2703,3,7328.36,5908.42,2381.34,0.46484375,2702,311,BLAp,BLA,64,left,0
2703,2704,3,7329.4,5909.24,2379.58,0.84765625,2703,311,BLAp,BLA,64,left,0
2704,2705,3,7329.7,5910.9,2378.0,1.01953125,2704,311,BLAp,BLA,64,left,0
2705,2706,3,7331.5,5914.52,2376.48,0.640625,2705,311,BLAp,BLA,64,left,0
2706,2707,3,7332.72,5917.42,2375.72,1.37109375,2706,311,BLAp,BLA,64,left,0
2707,2708,3,7335.5,5917.68,2375.620000000001,1.1953125,2707,311,BLAp,BLA,64,left,0
2708,2709,3,7337.78,5917.48,2375.6000000000004,0.93359375,2708,311,BLAp,BLA,64,left,0
2709,2710,3,7340.18,5917.64,2373.92,0.0078125,2709,311,BLAp,BLA,64,left,0
2710,2711,3,7342.82,5917.78,2372.540000000001,0.5546875,2710,311,BLAp,BLA,64,left,0
2711,2712,3,7343.78,5918.52,2371.6800000000003,1.16796875,2711,311,BLAp,BLA,64,left,0
2712,2713,3,7344.8,5922.42,2370.7800000000007,1.109375,2712,311,BLAp,BLA,64,left,0
2713,2714,3,7346.54,5925.16,2370.040000000001,0.58203125,2713,311,BLAp,BLA,64,left,0
2714,2715,3,7348.08,5926.22,2369.32,0.49609375,2714,311,BLAp,BLA,64,left,0
2715,2716,3,7350.6,5926.28,2368.040000000001,0.73046875,2715,311,BLAp,BLA,64,left,0
2716,2717,3,7352.14,5926.3,2366.98,0.69921875,2716,311,BLAp,BLA,64,left,0
2717,2718,3,7354.36,5926.6,2366.22,1.109375,2717,311,BLAp,BLA,64,left,0
2718,2719,3,7356.64,5926.76,2365.1000000000004,1.13671875,2718,311,BLAp,BLA,64,left,0
2719,2720,3,7358.08,5927.06,2363.6800000000003,1.13671875,2719,311,BLAp,BLA,64,left,0
2720,2721,3,7360.54,5927.46,2361.5200000000004,1.05078125,2720,311,BLAp,BLA,64,left,0
2721,2722,3,7361.9,5927.48,2359.7000000000007,1.37109375,2721,311,BLAp,BLA,64,left,0
2722,2723,3,7364.12,5928.26,2358.24,0.90234375,2722,311,BLAp,BLA,64,left,0
2723,2724,3,7366.14,5929.16,2357.22,0.61328125,2723,311,BLAp,BLA,64,left,0
2724,2725,3,7369.36,5929.74,2355.879999999999,0.81640625,2724,311,BLAp,BLA,64,left,0
2725,2726,3,7371.22,5931.12,2354.3,0.4375,2725,311,BLAp,BLA,64,left,0
2726,2727,3,7372.7,5932.7,2351.34,1.01953125,2726,311,BLAp,BLA,64,left,0
2727,2728,3,7373.84,5933.36,2349.84,0.3515625,2727,311,BLAp,BLA,64,left,0
2728,2729,3,7376.22,5933.28,2348.8600000000006,0.41015625,2728,311,BLAp,BLA,64,left,0
2729,2730,3,7378.04,5933.18,2347.7800000000007,0.671875,2729,311,BLAp,BLA,64,left,0
2730,2731,3,7379.38,5933.44,2346.32,0.671875,2730,311,BLAp,BLA,64,left,0
2731,2732,3,7381.06,5933.7,2343.58,0.5546875,2731,311,BLAp,BLA,64,left,0
2732,2733,3,7383.0,5933.68,2342.24,0.5546875,2732,311,BLAp,BLA,64,left,0
2733,2734,3,7384.0,5934.9,2340.24,0.49609375,2733,311,BLAp,BLA,64,left,0
2734,2735,3,7385.38,5936.1,2338.16,0.61328125,2734,311,BLAp,BLA,64,left,0
2735,2736,3,7386.52,5937.44,2336.0200000000004,0.58203125,2735,311,BLAp,BLA,64,left,0
2736,2737,3,7388.06,5938.22,2334.120000000001,0.58203125,2736,311,BLAp,BLA,64,left,0
2737,2738,3,7389.0,5938.38,2332.24,0.58203125,2737,311,BLAp,BLA,64,left,0
2738,2739,3,7391.24,5938.24,2331.0200000000004,0.90234375,2738,311,BLAp,BLA,64,left,0
2739,2740,3,7391.9,5938.28,2329.2800000000007,0.93359375,2739,311,BLAp,BLA,64,left,0
2740,2741,3,7392.12,5941.52,2327.5200000000004,0.5546875,2740,311,BLAp,BLA,64,left,0
2741,2742,3,7392.36,5944.94,2326.5,0.9921875,2741,311,BLAp,BLA,64,left,0
2742,2743,3,7393.12,5947.54,2325.540000000001,0.37890625,2742,311,BLAp,BLA,64,left,0
2743,2744,3,7394.06,5949.78,2323.48,0.93359375,2743,311,BLAp,BLA,64,left,0
2744,2745,3,7395.82,5951.4,2321.84,0.61328125,2744,311,BLAp,BLA,64,left,0
2745,2746,3,7396.3,5952.06,2320.32,0.7578125,2745,311,BLAp,BLA,64,left,0
2746,2747,3,7396.28,5953.54,2316.3,0.875,2746,311,BLAp,BLA,64,left,0
2747,2748,3,7396.58,5953.6,2314.82,0.73046875,2747,311,BLAp,BLA,64,left,0
2748,2749,3,7398.5,5953.6,2314.040000000001,0.46484375,2748,311,BLAp,BLA,64,left,0
2749,2750,3,7400.8,5953.82,2313.16,0.7578125,2749,311,BLAp,BLA,64,left,0
2750,2751,3,7404.04,5953.56,2312.8,0.7578125,2750,311,BLAp,BLA,64,left,0
2751,2752,3,7406.3,5953.32,2312.8,0.4375,2751,311,BLAp,BLA,64,left,0
2752,2753,3,7406.74,5953.42,2310.620000000001,0.015625,2752,311,BLAp,BLA,64,left,0
2753,2754,3,7408.18,5954.0,2308.32,0.7890625,2753,311,BLAp,BLA,64,left,0
2754,2755,3,7409.98,5954.86,2306.8600000000006,0.5234375,2754,311,BLAp,BLA,64,left,0
2755,2756,3,7410.58,5955.24,2303.84,0.90234375,2755,311,BLAp,BLA,64,left,0
2756,2757,3,7411.26,5955.32,2301.5200000000004,1.078125,2756,311,BLAp,BLA,64,left,0
2757,2758,3,7412.38,5955.32,2299.76,1.28515625,2757,311,BLAp,BLA,64,left,0
2758,2759,3,7414.34,5955.12,2299.7000000000007,1.515625,2758,311,BLAp,BLA,64,left,0
2759,2760,3,7207.96,5868.78,2488.34,0.05078125,1401,303,BLAa,BLA,65,left,0
2760,2761,3,7207.78,5868.06,2486.0200000000004,0.4375,2760,303,BLAa,BLA,65,left,0
2761,2762,3,7207.88,5867.2,2482.84,0.58203125,2761,303,BLAa,BLA,65,left,0
2762,2763,3,7208.7,5866.7,2480.74,0.7578125,2762,303,BLAa,BLA,65,left,0
2763,2764,3,7210.46,5866.2,2479.040000000001,0.58203125,2763,303,BLAa,BLA,65,left,0
2764,2765,3,7212.04,5865.34,2478.540000000001,0.640625,2764,303,BLAa,BLA,65,left,0
2765,2766,3,7214.36,5863.18,2477.92,0.61328125,2765,303,BLAa,BLA,65,left,0
2766,2767,3,7215.48,5860.48,2476.74,0.58203125,2766,303,BLAa,BLA,65,left,0
2767,2768,3,7216.14,5858.72,2475.6000000000004,0.234375,2767,303,BLAa,BLA,65,left,0
2768,2769,3,7216.8,5856.42,2473.98,0.3515625,2768,303,BLAa,BLA,65,left,0
2769,2770,3,7217.42,5854.72,2472.6399999999994,0.46484375,2769,303,BLAa,BLA,65,left,0
2770,2771,3,7218.86,5853.84,2471.6000000000004,0.640625,2770,303,BLAa,BLA,65,left,0
2771,2772,3,7220.38,5853.3,2468.6800000000003,0.4375,2771,303,BLAa,BLA,65,left,0
2772,2773,3,7221.1,5853.6,2466.66,0.37890625,2772,303,BLAa,BLA,65,left,0
2773,2774,3,7221.24,5855.46,2462.9,0.7578125,2773,303,BLAa,BLA,65,left,0
2774,2775,3,7221.68,5856.52,2460.2000000000007,0.93359375,2774,303,BLAa,BLA,65,left,0
2775,2776,3,7222.82,5856.72,2458.1000000000004,0.234375,2775,303,BLAa,BLA,65,left,0
2776,2777,3,7223.42,5857.52,2455.040000000001,0.46484375,2776,303,BLAa,BLA,65,left,0
2777,2778,3,7223.2,5858.18,2449.9400000000005,0.41015625,2777,303,BLAa,BLA,65,left,0
2778,2779,3,7223.14,5859.16,2447.48,0.7578125,2778,303,BLAa,BLA,65,left,0
2779,2780,3,7223.4,5860.86,2444.120000000001,1.25390625,2779,311,BLAp,BLA,65,left,0
2780,2781,3,7225.5,5861.14,2442.8600000000006,1.01953125,2780,311,BLAp,BLA,65,left,0
2781,2782,3,7228.92,5861.32,2440.7000000000007,0.5546875,2781,311,BLAp,BLA,65,left,0
2782,2783,3,7230.3,5861.68,2438.74,0.9921875,2782,311,BLAp,BLA,65,left,0
2783,2784,3,7232.18,5861.66,2438.0200000000004,0.9609375,2783,311,BLAp,BLA,65,left,0
2784,2785,3,7232.48,5861.44,2436.040000000001,0.015625,2784,311,BLAp,BLA,65,left,0
2785,2786,3,7232.28,5861.24,2432.16,0.61328125,2785,311,BLAp,BLA,65,left,0
2786,2787,3,7232.2,5860.92,2429.1800000000003,0.73046875,2786,311,BLAp,BLA,65,left,0
2787,2788,3,7232.82,5860.86,2427.1800000000003,0.5546875,2787,311,BLAp,BLA,65,left,0
2788,2789,3,7233.28,5860.94,2424.620000000001,0.84765625,2788,311,BLAp,BLA,65,left,0
2789,2790,3,7234.22,5860.92,2423.040000000001,0.73046875,2789,311,BLAp,BLA,65,left,0
2790,2791,3,7236.14,5860.18,2422.26,0.73046875,2790,311,BLAp,BLA,65,left,0
2791,2792,3,7238.54,5859.46,2422.3600000000006,0.7890625,2791,311,BLAp,BLA,65,left,0
2792,2793,3,7240.32,5859.02,2421.24,0.671875,2792,311,BLAp,BLA,65,left,0
2793,2794,3,7241.9,5858.04,2419.540000000001,0.90234375,2793,311,BLAp,BLA,65,left,0
2794,2795,3,7242.7,5856.38,2418.1800000000003,0.69921875,2794,311,BLAp,BLA,65,left,0
2795,2796,3,7244.54,5855.5,2417.6800000000003,0.61328125,2795,311,BLAp,BLA,65,left,0
2796,2797,3,7245.56,5854.6,2416.5200000000004,0.69921875,2796,311,BLAp,BLA,65,left,0
2797,2798,3,7245.86,5853.24,2414.540000000001,0.69921875,2797,311,BLAp,BLA,65,left,0
2798,2799,3,7246.92,5851.98,2413.26,0.46484375,2798,311,BLAp,BLA,65,left,0
2799,2800,3,7248.02,5850.12,2410.879999999999,0.671875,2799,311,BLAp,BLA,65,left,0
2800,2801,3,7248.4,5849.14,2409.6800000000003,0.5234375,2800,311,BLAp,BLA,65,left,0
2801,2802,3,7248.08,5846.7,2406.4,0.61328125,2801,311,BLAp,BLA,65,left,0
2802,2803,3,7247.86,5845.38,2404.4400000000005,0.7578125,2802,311,BLAp,BLA,65,left,0
2803,2804,3,7250.04,5843.0,2403.4,0.640625,2803,311,BLAp,BLA,65,left,0
2804,2805,3,7251.76,5842.36,2402.84,0.46484375,2804,311,BLAp,BLA,65,left,0
2805,2806,3,7252.24,5840.94,2401.879999999999,0.61328125,2805,311,BLAp,BLA,65,left,0
2806,2807,3,7252.0,5838.48,2401.24,1.078125,2806,311,BLAp,BLA,65,left,0
2807,2808,3,7252.52,5836.08,2400.379999999999,0.69921875,2807,311,BLAp,BLA,65,left,0
2808,2809,3,7254.32,5834.42,2399.959999999999,0.58203125,2808,311,BLAp,BLA,65,left,0
2809,2810,3,7255.14,5832.96,2399.0200000000004,0.5234375,2809,311,BLAp,BLA,65,left,0
2810,2811,3,7254.96,5831.34,2398.16,0.875,2810,311,BLAp,BLA,65,left,0
2811,2812,3,7255.04,5830.74,2396.32,0.875,2811,311,BLAp,BLA,65,left,0
2812,2813,3,7256.34,5830.72,2395.1000000000004,0.61328125,2812,311,BLAp,BLA,65,left,0
2813,2814,3,7257.38,5830.76,2392.58,0.7578125,2813,311,BLAp,BLA,65,left,0
2814,2815,3,7259.2,5830.22,2391.6000000000004,0.90234375,2814,311,BLAp,BLA,65,left,0
2815,2816,3,7261.06,5830.04,2390.5599999999995,0.93359375,2815,311,BLAp,BLA,65,left,0
2816,2817,3,7262.64,5830.02,2389.0,0.41015625,2816,311,BLAp,BLA,65,left,0
2817,2818,3,7262.98,5830.12,2386.879999999999,0.46484375,2817,311,BLAp,BLA,65,left,0
2818,2819,3,7264.0,5830.12,2385.76,0.49609375,2818,311,BLAp,BLA,65,left,0
2819,2820,3,7266.58,5829.94,2385.48,0.9921875,2819,311,BLAp,BLA,65,left,0
2820,2821,3,7268.44,5829.8,2385.48,0.3515625,2820,311,BLAp,BLA,65,left,0
2821,2822,3,7268.72,5829.62,2383.040000000001,0.0078125,2821,311,BLAp,BLA,65,left,0
2822,2823,3,7268.5,5828.24,2380.620000000001,0.46484375,2822,311,BLAp,BLA,65,left,0
2823,2824,3,7268.28,5826.76,2378.4400000000005,0.26171875,2823,311,BLAp,BLA,65,left,0
2824,2825,3,7268.18,5826.74,2376.1800000000003,1.13671875,2824,311,BLAp,BLA,65,left,0
2825,2826,3,7269.24,5826.74,2375.120000000001,0.7890625,2825,311,BLAp,BLA,65,left,0
2826,2827,3,7272.14,5826.54,2374.6399999999994,0.46484375,2826,311,BLAp,BLA,65,left,0
2827,2828,3,7273.76,5825.96,2374.2800000000007,0.5546875,2827,311,BLAp,BLA,65,left,0
2828,2829,3,7273.98,5824.44,2374.0,0.671875,2828,311,BLAp,BLA,65,left,0
2829,2830,3,7273.7,5821.98,2371.92,0.81640625,2829,311,BLAp,BLA,65,left,0
2830,2831,3,7273.5,5820.74,2369.879999999999,0.81640625,2830,311,BLAp,BLA,65,left,0
2831,2832,3,7273.32,5820.1,2366.959999999999,0.3515625,2831,311,BLAp,BLA,65,left,0
2832,2833,3,7273.2,5819.2,2365.58,0.671875,2832,311,BLAp,BLA,65,left,0
2833,2834,3,7273.06,5818.54,2363.5200000000004,0.5546875,2833,311,BLAp,BLA,65,left,0
2834,2835,3,7272.86,5817.44,2360.84,0.234375,2834,311,BLAp,BLA,65,left,0
2835,2836,3,7272.7,5816.4,2358.98,0.5546875,2835,311,BLAp,BLA,65,left,0
2836,2837,3,7272.48,5814.64,2356.66,0.73046875,2836,311,BLAp,BLA,65,left,0
2837,2838,3,7272.3,5813.22,2354.9400000000005,0.4375,2837,311,BLAp,BLA,65,left,0
2838,2839,3,7271.94,5811.48,2353.7000000000007,0.37890625,2838,311,BLAp,BLA,65,left,0
2839,2840,3,7270.98,5810.14,2353.4,0.41015625,2839,311,BLAp,BLA,65,left,0
2840,2841,3,7270.56,5807.46,2352.879999999999,0.90234375,2840,311,BLAp,BLA,65,left,0
2841,2842,3,7270.3,5804.92,2351.6800000000003,0.46484375,2841,311,BLAp,BLA,65,left,0
2842,2843,3,7269.94,5802.52,2349.76,0.671875,2842,311,BLAp,BLA,65,left,0
2843,2844,3,7268.96,5801.22,2348.3,0.671875,2843,311,BLAp,BLA,65,left,0
2844,2845,3,7267.58,5799.02,2347.0599999999995,0.58203125,2844,311,BLAp,BLA,65,left,0
2845,2846,3,7266.82,5796.66,2345.6399999999994,0.671875,2845,311,BLAp,BLA,65,left,0
2846,2847,3,7265.72,5796.26,2343.4400000000005,0.875,2846,311,BLAp,BLA,65,left,0
2847,2848,3,7265.52,5796.18,2341.42,0.3203125,2847,311,BLAp,BLA,65,left,0
2848,2849,3,7265.24,5796.48,2333.92,0.4375,2848,311,BLAp,BLA,65,left,0
2849,2850,3,7265.2,5796.6,2332.5,0.7578125,2849,311,BLAp,BLA,65,left,0
2850,2851,3,7265.14,5797.18,2329.9400000000005,0.00390625,2850,311,BLAp,BLA,65,left,0
2851,2852,3,7265.12,5798.66,2326.5,0.4375,2851,311,BLAp,BLA,65,left,0
2852,2853,3,7265.08,5799.46,2324.24,0.9921875,2852,311,BLAp,BLA,65,left,0
2853,2854,3,7264.94,5800.08,2319.540000000001,0.49609375,2853,311,BLAp,BLA,65,left,0
2854,2855,3,7264.86,5799.72,2317.6399999999994,0.4375,2854,311,BLAp,BLA,65,left,0
2855,2856,3,7264.66,5798.36,2314.9,0.7890625,2855,311,BLAp,BLA,65,left,0
2856,2857,3,7264.88,5796.74,2312.98,0.58203125,2856,311,BLAp,BLA,65,left,0
2857,2858,3,7265.42,5795.26,2311.620000000001,0.46484375,2857,311,BLAp,BLA,65,left,0
2858,2859,3,7265.34,5794.08,2309.42,0.671875,2858,311,BLAp,BLA,65,left,0
2859,2860,3,7265.3,5794.04,2305.459999999999,1.1953125,2859,311,BLAp,BLA,65,left,0
2860,2861,3,7265.96,5794.18,2303.3600000000006,0.46484375,2860,311,BLAp,BLA,65,left,0
2861,2862,3,7266.2,5793.84,2299.8600000000006,0.58203125,2861,311,BLAp,BLA,65,left,0
2862,2863,3,7266.06,5792.82,2298.3600000000006,0.73046875,2862,311,BLAp,BLA,65,left,0
2863,2864,3,7265.94,5792.46,2295.620000000001,1.05078125,2863,311,BLAp,BLA,65,left,0
2864,2865,3,7265.82,5792.16,2292.6399999999994,0.4375,2864,311,BLAp,BLA,65,left,0
2865,2866,3,7265.66,5791.04,2290.4400000000005,0.90234375,2865,311,BLAp,BLA,65,left,0
2866,2867,3,7265.42,5789.78,2286.58,0.46484375,2866,311,BLAp,BLA,65,left,0
2867,2868,3,7265.3,5789.02,2284.66,0.5234375,2867,311,BLAp,BLA,65,left,0
2868,2869,3,7265.08,5789.72,2276.0200000000004,0.29296875,2868,311,BLAp,BLA,65,left,0
2869,2870,3,7265.12,5790.98,2273.76,0.93359375,2869,311,BLAp,BLA,65,left,0
2870,2871,3,7265.2,5795.14,2269.84,0.7578125,2870,311,BLAp,BLA,65,left,0
2871,2872,3,7264.34,5795.78,2268.82,0.7890625,2871,311,BLAp,BLA,65,left,0
2872,2873,3,7264.02,5796.3,2263.9400000000005,0.7578125,2872,311,BLAp,BLA,65,left,0
2873,2874,3,7263.46,5796.48,2262.4400000000005,1.078125,2873,311,BLAp,BLA,65,left,0
2874,2875,3,7262.72,5797.04,2258.459999999999,0.7578125,2874,311,BLAp,BLA,65,left,0
2875,2876,3,7262.72,5797.98,2255.6800000000003,0.49609375,2875,311,BLAp,BLA,65,left,0
2876,2877,3,7262.16,5798.7,2253.379999999999,0.81640625,2876,311,BLAp,BLA,65,left,0
2877,2878,3,7260.78,5799.0,2251.4,1.16796875,2877,311,BLAp,BLA,65,left,0
2878,2879,3,7259.02,5799.42,2248.4400000000005,0.7578125,2878,311,BLAp,BLA,65,left,0
2879,2880,3,7257.96,5799.6,2247.4400000000005,0.234375,2879,311,BLAp,BLA,65,left,0
2880,2881,3,7257.62,5800.44,2239.72,0.49609375,2880,311,BLAp,BLA,65,left,0
2881,2882,3,7257.58,5800.42,2237.9400000000005,0.5546875,2881,311,BLAp,BLA,65,left,0
2882,2883,3,7257.42,5799.28,2236.120000000001,0.875,2882,311,BLAp,BLA,65,left,0
2883,2884,3,7257.3,5797.48,2233.040000000001,0.73046875,2883,311,BLAp,BLA,65,left,0
2884,2885,3,7257.88,5796.28,2232.0599999999995,0.41015625,2884,311,BLAp,BLA,65,left,0
2885,2886,3,7258.76,5794.42,2229.959999999999,0.5234375,2885,311,BLAp,BLA,65,left,0
2886,2887,3,7260.08,5793.36,2228.620000000001,0.29296875,2886,311,BLAp,BLA,65,left,0
2887,2888,3,7260.22,5792.0,2226.5,0.5234375,2887,311,BLAp,BLA,65,left,0
2888,2889,3,7259.98,5789.44,2224.74,0.640625,2888,311,BLAp,BLA,65,left,0
2889,2890,3,7259.74,5786.84,2223.8600000000006,0.41015625,2889,311,BLAp,BLA,65,left,0
2890,2891,3,7259.08,5783.58,2223.0,0.61328125,2890,311,BLAp,BLA,65,left,0
2891,2892,3,7257.4,5782.14,2222.4,0.61328125,2891,311,BLAp,BLA,65,left,0
2892,2893,3,7256.28,5780.02,2222.16,0.49609375,2892,311,BLAp,BLA,65,left,0
2893,2894,3,7254.64,5779.74,2221.98,0.58203125,2893,311,BLAp,BLA,65,left,0
2894,2895,3,7253.96,5776.62,2221.2800000000007,0.00390625,2894,311,BLAp,BLA,65,left,0
2895,2896,3,7253.7,5773.64,2220.9,0.7578125,2895,311,BLAp,BLA,65,left,0
2896,2897,3,7253.44,5771.34,2218.3,0.37890625,2896,311,BLAp,BLA,65,left,0
2897,2898,3,7252.7,5770.4,2216.34,0.61328125,2897,311,BLAp,BLA,65,left,0
2898,2899,3,7251.16,5770.08,2215.1800000000003,0.41015625,2898,311,BLAp,BLA,65,left,0
2899,2900,3,7250.66,5768.8,2212.8600000000006,0.29296875,2899,311,BLAp,BLA,65,left,1
2900,2901,3,7212.32,5684.26,2485.5200000000004,0.0078125,1466,303,BLAa,BLA,66,left,0
2901,2902,3,7213.82,5681.66,2484.98,0.5234375,2901,303,BLAa,BLA,66,left,0
2902,2903,3,7215.86,5681.08,2484.24,0.5234375,2902,303,BLAa,BLA,66,left,0
2903,2904,3,7217.74,5680.04,2483.379999999999,0.3515625,2903,303,BLAa,BLA,66,left,0
2904,2905,3,7218.2,5679.04,2482.1000000000004,0.3515625,2904,303,BLAa,BLA,66,left,0
2905,2906,3,7218.4,5678.34,2480.08,0.9609375,2905,303,BLAa,BLA,66,left,0
2906,2907,3,7219.82,5675.94,2479.8600000000006,0.9921875,2906,303,BLAa,BLA,66,left,0
2907,2908,3,7220.18,5673.14,2479.6399999999994,0.73046875,2907,303,BLAa,BLA,66,left,0
2908,2909,3,7219.92,5670.22,2478.66,0.5234375,2908,303,BLAa,BLA,66,left,0
2909,2910,3,7219.62,5667.04,2477.379999999999,0.3515625,2909,303,BLAa,BLA,66,left,0
2910,2911,3,7219.74,5664.66,2475.5,0.90234375,2910,303,BLAa,BLA,66,left,0
2911,2912,3,7221.12,5663.02,2474.6399999999994,0.203125,2911,303,BLAa,BLA,66,left,0
2912,2913,3,7221.94,5660.4,2473.7800000000007,0.73046875,2912,303,BLAa,BLA,66,left,0
2913,2914,3,7223.22,5659.62,2472.82,0.5546875,2913,303,BLAa,BLA,66,left,0
2914,2915,3,7225.78,5659.36,2471.7000000000007,0.3515625,2914,303,BLAa,BLA,66,left,0
2915,2916,3,7226.18,5659.04,2469.82,0.26171875,2915,303,BLAa,BLA,66,left,0
2916,2917,3,7227.28,5658.36,2467.540000000001,0.69921875,2916,303,BLAa,BLA,66,left,0
2917,2918,3,7228.86,5657.24,2466.3,0.49609375,2917,303,BLAa,BLA,66,left,0
2918,2919,3,7231.52,5655.1,2464.4400000000005,0.84765625,2918,303,BLAa,BLA,66,left,0
2919,2920,3,7232.9,5654.18,2463.3600000000006,0.671875,2919,303,BLAa,BLA,66,left,0
2920,2921,3,7236.04,5653.76,2462.5,0.671875,2920,303,BLAa,BLA,66,left,0
2921,2922,3,7238.22,5653.68,2461.8600000000006,0.7578125,2921,303,BLAa,BLA,66,left,0
2922,2923,3,7240.28,5653.56,2461.8,0.08203125,2922,303,BLAa,BLA,66,left,0
2923,2924,3,7243.06,5653.12,2461.879999999999,0.41015625,2923,303,BLAa,BLA,66,left,0
2924,2925,3,7244.48,5652.24,2461.6399999999994,0.7578125,2924,303,BLAa,BLA,66,left,0
2925,2926,3,7246.84,5651.1,2461.32,0.5546875,2925,303,BLAa,BLA,66,left,0
2926,2927,3,7248.38,5649.62,2461.42,0.49609375,2926,303,BLAa,BLA,66,left,0
2927,2928,3,7248.98,5647.52,2460.82,0.49609375,2927,303,BLAa,BLA,66,left,0
2928,2929,3,7248.84,5645.86,2459.7800000000007,0.58203125,2928,303,BLAa,BLA,66,left,0
2929,2930,3,7249.88,5645.42,2458.82,0.3515625,2929,303,BLAa,BLA,66,left,0
2930,2931,3,7252.16,5644.72,2458.24,0.41015625,2930,303,BLAa,BLA,66,left,0
2931,2932,3,7255.54,5644.18,2457.1800000000003,0.29296875,2931,303,BLAa,BLA,66,left,0
2932,2933,3,7258.0,5644.06,2456.76,0.49609375,2932,303,BLAa,BLA,66,left,0
2933,2934,3,7260.14,5644.04,2454.98,0.81640625,2933,303,BLAa,BLA,66,left,0
2934,2935,3,7261.82,5644.06,2453.16,0.875,2934,303,BLAa,BLA,66,left,0
2935,2936,3,7262.86,5644.12,2451.08,0.37890625,2935,303,BLAa,BLA,66,left,0
2936,2937,3,7264.36,5644.08,2450.1800000000003,0.5234375,2936,303,BLAa,BLA,66,left,0
2937,2938,3,7266.62,5643.94,2449.72,0.9609375,2937,303,BLAa,BLA,66,left,0
2938,2939,3,7268.2,5643.92,2448.459999999999,0.671875,2938,303,BLAa,BLA,66,left,0
2939,2940,3,7269.0,5644.0,2446.4400000000005,1.1953125,2939,303,BLAa,BLA,66,left,0
2940,2941,3,7269.38,5644.1,2444.379999999999,0.84765625,2940,303,BLAa,BLA,66,left,0
2941,2942,3,7271.06,5644.04,2443.66,0.84765625,2941,303,BLAa,BLA,66,left,0
2942,2943,3,7272.7,5644.0,2442.48,0.5234375,2942,303,BLAa,BLA,66,left,0
2943,2944,3,7272.94,5644.06,2441.2000000000007,0.49609375,2943,303,BLAa,BLA,66,left,0
2944,2945,3,7274.62,5644.04,2440.1399999999994,0.58203125,2944,303,BLAa,BLA,66,left,0
2945,2946,3,7277.08,5643.9,2439.5200000000004,0.84765625,2945,303,BLAa,BLA,66,left,0
2946,2947,3,7278.8,5641.96,2438.0,0.00390625,2946,303,BLAa,BLA,66,left,0
2947,2948,3,7280.24,5640.28,2436.74,0.5546875,2947,303,BLAa,BLA,66,left,0
2948,2949,3,7280.72,5637.84,2434.84,0.3515625,2948,303,BLAa,BLA,66,left,0
2949,2950,3,7280.56,5635.28,2432.42,0.90234375,2949,303,BLAa,BLA,66,left,0
2950,2951,3,7281.12,5633.2,2431.24,0.671875,2950,303,BLAa,BLA,66,left,0
2951,2952,3,7281.36,5630.88,2429.76,0.4375,2951,303,BLAa,BLA,66,left,0
2952,2953,3,7281.18,5627.18,2428.98,0.7890625,2952,303,BLAa,BLA,66,left,0
2953,2954,3,7281.66,5625.56,2428.1800000000003,0.9921875,2953,303,BLAa,BLA,66,left,0
2954,2955,3,7282.08,5622.22,2427.22,0.3515625,2954,303,BLAa,BLA,66,left,0
2955,2956,3,7281.92,5618.94,2426.76,0.84765625,2955,303,BLAa,BLA,66,left,0
2956,2957,3,7281.78,5617.74,2425.32,0.5546875,2956,303,BLAa,BLA,66,left,0
2957,2958,3,7281.64,5612.36,2425.6399999999994,0.7578125,2957,303,BLAa,BLA,66,left,0
2958,2959,3,7281.58,5610.16,2425.8600000000006,0.29296875,2958,303,BLAa,BLA,66,left,0
2959,2960,3,7281.38,5606.4,2424.92,0.4375,2959,303,BLAa,BLA,66,left,0
2960,2961,3,7281.3,5603.04,2425.2000000000007,0.5546875,2960,303,BLAa,BLA,66,left,0
2961,2962,3,7281.18,5600.46,2424.6399999999994,0.69921875,2961,303,BLAa,BLA,66,left,0
2962,2963,3,7281.76,5598.72,2423.32,0.61328125,2962,303,BLAa,BLA,66,left,0
2963,2964,3,7283.78,5597.28,2422.98,0.5234375,2963,303,BLAa,BLA,66,left,1
2964,2965,3,7211.14,5681.7,2487.1399999999994,0.00390625,1466,303,BLAa,BLA,67,left,0
2965,2966,3,7211.74,5678.98,2486.5599999999995,0.5546875,2965,303,BLAa,BLA,67,left,0
2966,2967,3,7211.88,5675.76,2485.32,0.37890625,2966,303,BLAa,BLA,67,left,0
2967,2968,3,7211.6,5672.82,2484.1399999999994,0.58203125,2967,303,BLAa,BLA,67,left,0
2968,2969,3,7211.46,5671.28,2483.5,0.640625,2968,303,BLAa,BLA,67,left,0
2969,2970,3,7211.22,5667.94,2483.32,0.5546875,2969,303,BLAa,BLA,67,left,0
2970,2971,3,7211.1,5663.84,2483.72,0.203125,2970,303,BLAa,BLA,67,left,0
2971,2972,3,7211.76,5661.74,2483.42,0.73046875,2971,303,BLAa,BLA,67,left,0
2972,2973,3,7211.84,5659.16,2482.4400000000005,0.5234375,2972,303,BLAa,BLA,67,left,0
2973,2974,3,7211.62,5655.68,2482.040000000001,0.29296875,2973,303,BLAa,BLA,67,left,0
2974,2975,3,7211.38,5652.7,2481.42,0.3515625,2974,303,BLAa,BLA,67,left,0
2975,2976,3,7211.14,5648.5,2481.6000000000004,0.3203125,2975,303,BLAa,BLA,67,left,0
2976,2977,3,7210.96,5645.58,2481.48,0.5234375,2976,303,BLAa,BLA,67,left,0
2977,2978,3,7210.64,5641.18,2480.84,0.5546875,2977,303,BLAa,BLA,67,left,0
2978,2979,3,7210.6,5638.38,2479.72,0.5234375,2978,303,BLAa,BLA,67,left,0
2979,2980,3,7211.2,5636.48,2478.7800000000007,0.7890625,2979,303,BLAa,BLA,67,left,0
2980,2981,3,7211.2,5631.76,2478.379999999999,0.5546875,2980,303,BLAa,BLA,67,left,0
2981,2982,3,7211.0,5628.64,2478.040000000001,0.5546875,2981,303,BLAa,BLA,67,left,0
2982,2983,3,7210.92,5626.16,2477.0,0.5546875,2982,303,BLAa,BLA,67,left,0
2983,2984,3,7211.62,5625.46,2476.32,0.90234375,2983,303,BLAa,BLA,67,left,0
2984,2985,3,7214.12,5624.02,2476.48,0.0078125,2984,303,BLAa,BLA,67,left,0
2985,2986,3,7214.34,5621.66,2476.120000000001,0.875,2985,303,BLAa,BLA,67,left,0
2986,2987,3,7214.18,5618.6,2475.959999999999,0.3203125,2986,303,BLAa,BLA,67,left,0
2987,2988,3,7214.02,5615.3,2476.24,0.73046875,2987,303,BLAa,BLA,67,left,0
2988,2989,3,7213.86,5612.88,2476.08,0.7890625,2988,303,BLAa,BLA,67,left,0
2989,2990,3,7213.7,5610.32,2475.74,0.640625,2989,303,BLAa,BLA,67,left,0
2990,2991,3,7213.54,5607.24,2475.34,0.29296875,2990,303,BLAa,BLA,67,left,0
2991,2992,3,7213.38,5604.1,2474.959999999999,1.109375,2991,303,BLAa,BLA,67,left,0
2992,2993,3,7213.2,5601.94,2474.0200000000004,0.875,2992,303,BLAa,BLA,67,left,0
2993,2994,3,7213.04,5598.06,2474.0,0.234375,2993,303,BLAa,BLA,67,left,0
2994,2995,3,7212.86,5595.46,2473.3600000000006,0.90234375,2994,303,BLAa,BLA,67,left,0
2995,2996,3,7212.74,5594.96,2472.26,0.640625,2995,303,BLAa,BLA,67,left,0
2996,2997,3,7212.52,5587.36,2473.6800000000003,0.46484375,2996,303,BLAa,BLA,67,left,0
2997,2998,3,7212.5,5584.52,2474.6399999999994,0.7890625,2997,303,BLAa,BLA,67,left,0
2998,2999,3,7212.52,5582.18,2476.040000000001,0.875,2998,303,BLAa,BLA,67,left,0
2999,3000,3,7455.0,5915.36,2578.4400000000005,0.05078125,1821,334,BMAp,BMA,68,left,0
3000,3001,3,7455.46,5914.04,2580.959999999999,0.58203125,3000,334,BMAp,BMA,68,left,0
3001,3002,3,7457.4,5912.68,2581.620000000001,0.90234375,3001,334,BMAp,BMA,68,left,0
3002,3003,3,7458.94,5910.68,2583.0,0.41015625,3002,334,BMAp,BMA,68,left,0
3003,3004,3,7460.24,5907.98,2585.16,0.41015625,3003,334,BMAp,BMA,68,left,0
3004,3005,3,7461.0,5905.44,2586.8,0.73046875,3004,334,BMAp,BMA,68,left,0
3005,3006,3,7462.98,5903.96,2587.22,0.81640625,3005,334,BMAp,BMA,68,left,0
3006,3007,3,7464.98,5901.6,2587.66,0.3515625,3006,334,BMAp,BMA,68,left,0
3007,3008,3,7465.68,5898.66,2588.4400000000005,0.4375,3007,334,BMAp,BMA,68,left,0
3008,3009,3,7465.98,5896.0,2590.22,0.640625,3008,334,BMAp,BMA,68,left,0
3009,3010,3,7467.3,5895.14,2591.6399999999994,0.61328125,3009,334,BMAp,BMA,68,left,0
3010,3011,3,7469.72,5893.92,2592.3,0.46484375,3010,334,BMAp,BMA,68,left,0
3011,3012,3,7471.58,5893.08,2592.42,0.640625,3011,334,BMAp,BMA,68,left,0
3012,3013,3,7473.5,5892.58,2592.66,0.7578125,3012,334,BMAp,BMA,68,left,0
3013,3014,3,7475.14,5892.36,2592.9,0.49609375,3013,334,BMAp,BMA,68,left,1
3014,3015,3,7455.24,5920.42,2574.6800000000003,0.01171875,1821,334,BMAp,BMA,69,left,0
3015,3016,3,7455.8,5922.16,2572.0200000000004,0.49609375,3015,334,BMAp,BMA,69,left,0
3016,3017,3,7456.96,5923.22,2570.48,0.234375,3016,334,BMAp,BMA,69,left,0
3017,3018,3,7458.28,5925.3,2567.7800000000007,0.671875,3017,334,BMAp,BMA,69,left,0
3018,3019,3,7459.5,5926.52,2566.2000000000007,1.05078125,3018,334,BMAp,BMA,69,left,0
3019,3020,3,7461.9,5926.68,2564.879999999999,0.7578125,3019,334,BMAp,BMA,69,left,0
3020,3021,3,7462.54,5927.3,2563.959999999999,0.58203125,3020,334,BMAp,BMA,69,left,0
3021,3022,3,7464.96,5928.58,2563.4400000000005,0.5234375,3021,334,BMAp,BMA,69,left,0
3022,3023,3,7466.74,5930.5,2562.6000000000004,0.61328125,3022,334,BMAp,BMA,69,left,0
3023,3024,3,7468.72,5931.76,2560.72,0.69921875,3023,334,BMAp,BMA,69,left,0
3024,3025,3,7469.92,5932.16,2558.9,0.26171875,3024,334,BMAp,BMA,69,left,0
3025,3026,3,7470.82,5934.12,2556.459999999999,0.61328125,3025,334,BMAp,BMA,69,left,0
3026,3027,3,7472.88,5934.28,2555.9,0.41015625,3026,334,BMAp,BMA,69,left,0
3027,3028,3,7474.64,5934.06,2555.879999999999,17.52734375,3027,334,BMAp,BMA,69,left,1
3028,3029,3,7279.62,6170.94,2668.5,0.00390625,2003,334,BMAp,BMA,70,left,0
3029,3030,3,7282.1,6170.9,2669.2800000000007,0.41015625,3029,334,BMAp,BMA,70,left,0
3030,3031,3,7284.24,6170.94,2670.72,0.46484375,3030,334,BMAp,BMA,70,left,0
3031,3032,3,7286.04,6171.3,2672.22,0.4375,3031,334,BMAp,BMA,70,left,0
3032,3033,3,7287.88,6171.74,2674.0599999999995,0.58203125,3032,334,BMAp,BMA,70,left,0
3033,3034,3,7290.38,6171.68,2674.74,0.37890625,3033,334,BMAp,BMA,70,left,0
3034,3035,3,7293.8,6171.4,2675.1399999999994,0.41015625,3034,334,BMAp,BMA,70,left,0
3035,3036,3,7295.74,6171.02,2675.58,0.69921875,3035,334,BMAp,BMA,70,left,0
3036,3037,3,7297.98,6170.42,2675.66,0.49609375,3036,334,BMAp,BMA,70,left,0
3037,3038,3,7300.28,6169.74,2675.7000000000007,0.3515625,3037,334,BMAp,BMA,70,left,0
3038,3039,3,7302.44,6169.26,2675.7000000000007,0.49609375,3038,334,BMAp,BMA,70,left,0
3039,3040,3,7304.2,6168.8,2675.72,0.46484375,3039,334,BMAp,BMA,70,left,0
3040,3041,3,7305.48,6168.64,2675.7000000000007,0.078125,3040,334,BMAp,BMA,70,left,0
3041,3042,3,7308.12,6168.42,2675.66,0.61328125,3041,334,BMAp,BMA,70,left,0
3042,3043,3,7310.94,6168.16,2675.620000000001,0.81640625,3042,334,BMAp,BMA,70,left,0
3043,3044,3,7312.7,6167.58,2675.6800000000003,0.875,3043,334,BMAp,BMA,70,left,0
3044,3045,3,7313.1,6166.02,2676.3600000000006,0.640625,3044,334,BMAp,BMA,70,left,0
3045,3046,3,7314.6,6164.98,2678.1399999999994,0.41015625,3045,334,BMAp,BMA,70,left,0
3046,3047,3,7315.94,6164.36,2678.6800000000003,0.46484375,3046,334,BMAp,BMA,70,left,0
3047,3048,3,7316.52,6162.68,2679.120000000001,0.5234375,3047,334,BMAp,BMA,70,left,0
3048,3049,3,7316.3,6159.76,2680.1800000000003,0.640625,3048,334,BMAp,BMA,70,left,0
3049,3050,3,7317.62,6157.36,2681.2000000000007,0.41015625,3049,334,BMAp,BMA,70,left,0
3050,3051,3,7319.6,6156.06,2681.8,0.5234375,3050,334,BMAp,BMA,70,left,0
3051,3052,3,7322.12,6154.74,2682.959999999999,0.49609375,3051,334,BMAp,BMA,70,left,0
3052,3053,3,7324.28,6153.56,2684.1000000000004,0.5234375,3052,334,BMAp,BMA,70,left,0
3053,3054,3,7325.84,6151.68,2684.6800000000003,0.26171875,3053,334,BMAp,BMA,70,left,0
3054,3055,3,7327.96,6150.68,2685.879999999999,0.4375,3054,334,BMAp,BMA,70,left,0
3055,3056,3,7329.9,6149.66,2687.32,0.5234375,3055,334,BMAp,BMA,70,left,0
3056,3057,3,7332.02,6148.54,2688.459999999999,0.41015625,3056,334,BMAp,BMA,70,left,0
3057,3058,3,7333.88,6147.2,2689.82,0.29296875,3057,334,BMAp,BMA,70,left,0
3058,3059,3,7334.9,6145.26,2691.6800000000003,0.7578125,3058,334,BMAp,BMA,70,left,0
3059,3060,3,7336.34,6144.46,2692.76,0.41015625,3059,334,BMAp,BMA,70,left,0
3060,3061,3,7336.98,6142.98,2695.1000000000004,0.4375,3060,334,BMAp,BMA,70,left,0
3061,3062,3,7337.52,6141.9,2697.34,0.46484375,3061,334,BMAp,BMA,70,left,0
3062,3063,3,7338.44,6140.78,2698.84,0.46484375,3062,334,BMAp,BMA,70,left,0
3063,3064,3,7339.58,6139.58,2701.58,0.29296875,3063,334,BMAp,BMA,70,left,0
3064,3065,3,7340.66,6138.58,2703.4,0.29296875,3064,334,BMAp,BMA,70,left,0
3065,3066,3,7340.76,6137.52,2705.2000000000007,1.05078125,3065,334,BMAp,BMA,70,left,0
3066,3067,3,7341.18,6135.84,2706.24,0.58203125,3066,334,BMAp,BMA,70,left,0
3067,3068,3,7342.58,6135.58,2706.92,0.3515625,3067,334,BMAp,BMA,70,left,0
3068,3069,3,7342.96,6133.22,2708.959999999999,0.01171875,3068,334,BMAp,BMA,70,left,0
3069,3070,3,7343.94,6131.48,2710.9,0.3203125,3069,334,BMAp,BMA,70,left,0
3070,3071,3,7345.12,6130.56,2711.459999999999,0.5546875,3070,334,BMAp,BMA,70,left,0
3071,3072,3,7345.36,6129.46,2713.92,0.5234375,3071,334,BMAp,BMA,70,left,0
3072,3073,3,7345.44,6127.72,2716.959999999999,0.5234375,3072,334,BMAp,BMA,70,left,0
3073,3074,3,7346.02,6125.84,2718.959999999999,0.234375,3073,334,BMAp,BMA,70,left,0
3074,3075,3,7347.38,6124.14,2719.879999999999,0.17578125,3074,334,BMAp,BMA,70,left,0
3075,3076,3,7347.56,6121.3,2722.1000000000004,0.203125,3075,334,BMAp,BMA,70,left,0
3076,3077,3,7347.48,6118.36,2724.6399999999994,0.49609375,3076,334,BMAp,BMA,70,left,0
3077,3078,3,7348.5,6116.66,2726.1800000000003,0.3515625,3077,334,BMAp,BMA,70,left,0
3078,3079,3,7351.18,6116.02,2726.48,0.17578125,3078,334,BMAp,BMA,70,left,0
3079,3080,3,7353.0,6114.68,2727.3600000000006,0.671875,3079,334,BMAp,BMA,70,left,0
3080,3081,3,7353.46,6112.2,2728.120000000001,0.3515625,3080,334,BMAp,BMA,70,left,0
3081,3082,3,7355.56,6110.92,2728.8600000000006,0.640625,3081,334,BMAp,BMA,70,left,0
3082,3083,3,7356.68,6109.94,2729.6000000000004,0.49609375,3082,334,BMAp,BMA,70,left,0
3083,3084,3,7358.84,6109.0,2730.2800000000007,0.3203125,3083,334,BMAp,BMA,70,left,0
3084,3085,3,7360.42,6107.26,2731.5200000000004,0.17578125,3084,334,BMAp,BMA,70,left,0
3085,3086,3,7361.96,6105.98,2733.34,0.4375,3085,334,BMAp,BMA,70,left,0
3086,3087,3,7363.32,6105.2,2735.459999999999,0.234375,3086,334,BMAp,BMA,70,left,0
3087,3088,3,7365.34,6104.9,2736.32,0.3515625,3087,334,BMAp,BMA,70,left,0
3088,3089,3,7366.34,6104.48,2737.5,0.49609375,3088,334,BMAp,BMA,70,left,0
3089,3090,3,7368.34,6103.74,2738.4,0.58203125,3089,334,BMAp,BMA,70,left,0
3090,3091,3,7369.28,6101.72,2739.5,0.49609375,3090,334,BMAp,BMA,70,left,0
3091,3092,3,7370.26,6099.72,2741.040000000001,0.49609375,3091,334,BMAp,BMA,70,left,0
3092,3093,3,7371.56,6098.96,2741.6800000000003,0.41015625,3092,334,BMAp,BMA,70,left,1
3093,3094,3,7277.66,6171.34,2665.7800000000007,0.0234375,2003,334,BMAp,BMA,71,left,0
3094,3095,3,7279.56,6172.36,2664.9,0.3515625,3094,334,BMAp,BMA,71,left,0
3095,3096,3,7281.1,6175.06,2664.1800000000003,0.3515625,3095,334,BMAp,BMA,71,left,0
3096,3097,3,7282.08,6177.66,2663.3600000000006,0.58203125,3096,334,BMAp,BMA,71,left,0
3097,3098,3,7283.9,6179.68,2662.84,0.640625,3097,334,BMAp,BMA,71,left,0
3098,3099,3,7286.38,6180.66,2662.0200000000004,0.640625,3098,334,BMAp,BMA,71,left,0
3099,3100,3,7287.8,6182.46,2661.16,0.61328125,3099,334,BMAp,BMA,71,left,0
3100,3101,3,7289.46,6183.32,2660.7000000000007,0.4375,3100,334,BMAp,BMA,71,left,0
3101,3102,3,7292.04,6183.54,2660.2800000000007,0.3203125,3101,334,BMAp,BMA,71,left,0
3102,3103,3,7293.48,6184.34,2660.0599999999995,0.5234375,3102,334,BMAp,BMA,71,left,0
3103,3104,3,7296.12,6184.88,2659.1399999999994,0.03125,3103,334,BMAp,BMA,71,left,0
3104,3105,3,7299.24,6185.38,2657.92,0.7578125,3104,334,BMAp,BMA,71,left,0
3105,3106,3,7302.0,6185.14,2657.879999999999,0.58203125,3105,334,BMAp,BMA,71,left,0
3106,3107,3,7304.26,6184.66,2657.879999999999,0.58203125,3106,334,BMAp,BMA,71,left,0
3107,3108,3,7307.64,6183.96,2657.9,0.640625,3107,334,BMAp,BMA,71,left,0
3108,3109,3,7308.7,6183.2,2658.0,0.4375,3108,334,BMAp,BMA,71,left,0
3639,3640,3,7055.98,5818.24,2638.0200000000004,0.00390625,2542,303,BLAa,BLA,84,left,0
3640,3641,3,7054.22,5816.44,2638.0,1.1953125,3640,303,BLAa,BLA,84,left,0
3641,3642,3,7053.26,5812.9,2637.8600000000006,0.58203125,3641,303,BLAa,BLA,84,left,0
3642,3643,3,7051.74,5810.66,2637.74,0.73046875,3642,303,BLAa,BLA,84,left,0
3643,3644,3,7049.22,5809.64,2637.620000000001,0.93359375,3643,303,BLAa,BLA,84,left,0
3644,3645,3,7047.28,5807.12,2637.72,0.640625,3644,303,BLAa,BLA,84,left,0
3645,3646,3,7044.4,5782.98,2641.82,0.3203125,3645,303,BLAa,BLA,84,left,0
3646,3647,3,7044.08,5779.62,2642.16,0.84765625,3646,303,BLAa,BLA,84,left,0
3647,3648,3,7056.46,5814.32,2640.98,0.01171875,2542,303,BLAa,BLA,85,left,0
3648,3649,3,7056.38,5812.48,2642.0599999999995,0.875,3648,303,BLAa,BLA,85,left,0
3649,3650,3,7055.84,5805.34,2643.879999999999,0.671875,3649,303,BLAa,BLA,85,left,0
3650,3651,3,7055.04,5802.7,2644.379999999999,0.93359375,3650,303,BLAa,BLA,85,left,0
3651,3652,3,7053.12,5800.22,2645.4400000000005,0.7578125,3651,303,BLAa,BLA,85,left,0
3652,3653,3,7052.1,5798.46,2646.620000000001,0.26171875,3652,303,BLAa,BLA,85,left,0
3653,3654,3,7050.86,5795.78,2647.5200000000004,0.84765625,3653,303,BLAa,BLA,85,left,0
3654,3655,3,7049.5,5793.64,2648.0200000000004,0.93359375,3654,303,BLAa,BLA,85,left,0
3655,3656,3,7047.3,5791.46,2649.120000000001,0.9921875,3655,303,BLAa,BLA,85,left,0
3656,3657,3,7045.56,5790.02,2650.2800000000007,0.46484375,3656,303,BLAa,BLA,85,left,0
3657,3658,3,7042.88,5788.08,2651.32,0.3515625,3657,303,BLAa,BLA,85,left,0
3658,3659,3,7041.16,5786.52,2652.0200000000004,0.640625,3658,303,BLAa,BLA,85,left,0
3659,3660,3,7040.48,5783.62,2652.84,1.60546875,3659,303,BLAa,BLA,85,left,0
3660,3661,3,7040.28,5782.72,2654.040000000001,1.2265625,3660,303,BLAa,BLA,85,left,0
3661,3662,3,7037.68,5782.76,2655.040000000001,0.671875,3661,303,BLAa,BLA,85,left,0
3662,3663,3,7035.78,5782.78,2655.620000000001,0.73046875,3662,303,BLAa,BLA,85,left,0
3663,3664,3,7033.88,5782.78,2655.58,0.12109375,3663,303,BLAa,BLA,85,left,0
3664,3665,3,7030.88,5782.78,2655.58,0.84765625,3664,303,BLAa,BLA,85,left,0
3665,3666,3,7027.68,5782.78,2655.6399999999994,0.671875,3665,303,BLAa,BLA,85,left,0
3666,3667,3,7025.26,5782.78,2655.959999999999,1.1953125,3666,303,BLAa,BLA,85,left,0
3667,3668,3,7024.2,5782.58,2657.66,1.1953125,3667,303,BLAa,BLA,85,left,0
3668,3669,3,7024.16,5780.8,2659.22,0.84765625,3668,303,BLAa,BLA,85,left,0
3669,3670,3,7023.96,5776.66,2661.48,0.84765625,3669,303,BLAa,BLA,85,left,0
3670,3671,3,7023.06,5775.4,2662.5200000000004,0.49609375,3670,303,BLAa,BLA,85,left,0
3671,3672,3,7021.58,5775.38,2663.040000000001,0.41015625,3671,303,BLAa,BLA,85,left,0
3672,3673,3,7018.9,5774.34,2663.959999999999,0.4375,3672,303,BLAa,BLA,85,left,0
3673,3674,3,7017.52,5773.64,2665.0,0.90234375,3673,303,BLAa,BLA,85,left,0
3674,3675,3,7015.48,5773.6,2665.92,0.58203125,3674,303,BLAa,BLA,85,left,0
3675,3676,3,7012.26,5773.6,2666.379999999999,0.640625,3675,303,BLAa,BLA,85,left,0
3676,3677,3,7010.12,5773.6,2667.040000000001,0.5234375,3676,303,BLAa,BLA,85,left,0
3677,3678,3,7006.72,5773.6,2667.459999999999,0.7890625,3677,303,BLAa,BLA,85,left,0
3678,3679,3,7004.26,5773.58,2667.5,1.3125,3678,303,BLAa,BLA,85,left,0
3679,3680,3,7002.64,5773.58,2667.76,0.875,3679,303,BLAa,BLA,85,left,0
3680,3681,3,7002.8,5773.72,2670.92,0.9921875,3680,303,BLAa,BLA,85,left,0
3681,3682,3,7002.94,5773.78,2672.24,0.4375,3681,303,BLAa,BLA,85,left,1
3682,3683,3,7134.52,5850.46,2602.98,0.0546875,2575,303,BLAa,BLA,86,left,0
3683,3684,3,7134.92,5848.22,2603.1800000000003,1.01953125,3683,303,BLAa,BLA,86,left,0
3684,3685,3,7136.28,5848.04,2601.92,1.6328125,3684,303,BLAa,BLA,86,left,0
3685,3686,3,7138.06,5847.78,2601.0599999999995,1.16796875,3685,303,BLAa,BLA,86,left,0
3686,3687,3,7139.62,5845.78,2600.76,1.05078125,3686,303,BLAa,BLA,86,left,0
3687,3688,3,7140.34,5844.3,2599.9,0.875,3687,303,BLAa,BLA,86,left,0
3688,3689,3,7141.9,5843.46,2599.6800000000003,0.671875,3688,303,BLAa,BLA,86,left,0
3689,3690,3,7142.16,5841.46,2599.76,0.61328125,3689,303,BLAa,BLA,86,left,0
3690,3691,3,7141.72,5837.76,2598.5,0.49609375,3690,303,BLAa,BLA,86,left,0
3691,3692,3,7141.4,5835.42,2597.2000000000007,0.640625,3691,303,BLAa,BLA,86,left,0
3692,3693,3,7140.88,5832.0,2594.66,0.49609375,3692,303,BLAa,BLA,86,left,0
3693,3694,3,7140.54,5829.52,2593.24,0.49609375,3693,303,BLAa,BLA,86,left,0
3694,3695,3,7140.32,5827.68,2592.6399999999994,0.49609375,3694,303,BLAa,BLA,86,left,0
3695,3696,3,7140.0,5825.3,2591.32,0.640625,3695,303,BLAa,BLA,86,left,0
3696,3697,3,7139.68,5822.72,2590.1000000000004,0.37890625,3696,303,BLAa,BLA,86,left,0
3697,3698,3,7139.22,5819.06,2587.959999999999,0.58203125,3697,303,BLAa,BLA,86,left,0
3698,3699,3,7139.66,5817.66,2587.0599999999995,0.640625,3698,303,BLAa,BLA,86,left,0
3699,3700,3,7139.94,5815.98,2585.379999999999,0.61328125,3699,303,BLAa,BLA,86,left,0
3700,3701,3,7139.84,5813.58,2584.1399999999994,0.5234375,3700,303,BLAa,BLA,86,left,0
3701,3702,3,7140.44,5810.78,2583.1800000000003,0.5546875,3701,303,BLAa,BLA,86,left,0
3702,3703,3,7140.46,5807.86,2582.5200000000004,0.5546875,3702,303,BLAa,BLA,86,left,0
3703,3704,3,7141.16,5805.7,2582.1800000000003,0.73046875,3703,303,BLAa,BLA,86,left,0
3704,3705,3,7141.02,5803.48,2581.1800000000003,0.234375,3704,303,BLAa,BLA,86,left,0
3705,3706,3,7140.6,5799.72,2580.34,0.671875,3705,303,BLAa,BLA,86,left,0
3706,3707,3,7140.32,5796.66,2579.98,0.58203125,3706,303,BLAa,BLA,86,left,0
3707,3708,3,7139.88,5792.92,2578.6800000000003,0.58203125,3707,303,BLAa,BLA,86,left,0
3708,3709,3,7139.78,5790.4,2577.92,0.58203125,3708,303,BLAa,BLA,86,left,0
3709,3710,3,7140.52,5787.52,2578.24,0.93359375,3709,303,BLAa,BLA,86,left,0
3710,3711,3,7140.4,5784.52,2578.6399999999994,0.84765625,3710,303,BLAa,BLA,86,left,0
3711,3712,3,7140.98,5783.44,2577.32,1.01953125,3711,303,BLAa,BLA,86,left,0
3712,3713,3,7142.18,5783.1,2575.5,0.7890625,3712,303,BLAa,BLA,86,left,0
3713,3714,3,7142.28,5781.38,2574.08,0.9921875,3713,303,BLAa,BLA,86,left,0
3714,3715,3,7141.82,5776.04,2574.2000000000007,1.4296875,3714,303,BLAa,BLA,86,left,0
3715,3716,3,7141.62,5774.04,2573.9,1.1953125,3715,303,BLAa,BLA,86,left,0
3716,3717,3,7141.4,5773.38,2571.9,2.16015625,3716,303,BLAa,BLA,86,left,0
3717,3718,3,7141.12,5771.7,2570.34,0.02734375,3717,303,BLAa,BLA,86,left,0
3718,3719,3,7140.72,5769.0,2568.3600000000006,0.875,3718,303,BLAa,BLA,86,left,0
3719,3720,3,7141.2,5766.42,2567.84,1.109375,3719,303,BLAa,BLA,86,left,0
3720,3721,3,7142.18,5763.9,2567.76,1.77734375,3720,303,BLAa,BLA,86,left,0
3721,3722,3,7144.3,5762.36,2567.92,1.6640625,3721,303,BLAa,BLA,86,left,0
3722,3723,3,7146.14,5760.24,2567.48,1.45703125,3722,303,BLAa,BLA,86,left,0
3723,3724,3,7147.08,5759.4,2566.08,1.546875,3723,303,BLAa,BLA,86,left,0
3724,3725,3,7147.02,5759.18,2563.32,1.2265625,3724,303,BLAa,BLA,86,left,0
3725,3726,3,7147.82,5759.14,2562.16,1.05078125,3725,303,BLAa,BLA,86,left,0
3726,3727,3,7149.68,5759.06,2561.84,1.2265625,3726,303,BLAa,BLA,86,left,0
3727,3728,3,7137.4,5853.68,2602.3600000000006,0.078125,2575,303,BLAa,BLA,87,left,0
3728,3729,3,7138.56,5853.7,2603.42,1.2265625,3728,303,BLAa,BLA,87,left,0
3729,3730,3,7138.78,5854.68,2604.9,0.640625,3729,303,BLAa,BLA,87,left,0
3730,3731,3,7139.08,5855.04,2608.08,0.49609375,3730,303,BLAa,BLA,87,left,0
3731,3732,3,7138.98,5852.56,2609.459999999999,0.58203125,3731,303,BLAa,BLA,87,left,0
3732,3733,3,7138.76,5847.9,2610.6399999999994,0.4375,3732,303,BLAa,BLA,87,left,0
3733,3734,3,7139.36,5846.7,2610.8600000000006,0.61328125,3733,303,BLAa,BLA,87,left,0
3734,3735,3,7139.52,5840.64,2612.040000000001,0.640625,3734,303,BLAa,BLA,87,left,0
3735,3736,3,7140.04,5837.58,2612.5200000000004,0.46484375,3735,303,BLAa,BLA,87,left,0
3736,3737,3,7139.9,5830.8,2613.48,0.9921875,3736,303,BLAa,BLA,87,left,0
3737,3738,3,7140.08,5828.54,2613.92,0.3515625,3737,303,BLAa,BLA,87,left,0
3738,3739,3,7141.74,5826.76,2614.24,0.49609375,3738,303,BLAa,BLA,87,left,0
3739,3740,3,7143.06,5822.34,2615.08,0.46484375,3739,303,BLAa,BLA,87,left,0
3740,3741,3,7143.14,5820.04,2615.24,0.7890625,3740,303,BLAa,BLA,87,left,0
3741,3742,3,7144.5,5817.8,2615.5200000000004,1.28515625,3741,303,BLAa,BLA,87,left,0
3742,3743,3,7145.6,5815.0,2616.040000000001,0.7890625,3742,303,BLAa,BLA,87,left,0
3743,3744,3,7147.7,5813.98,2616.22,0.9609375,3743,303,BLAa,BLA,87,left,0
3744,3745,3,7149.7,5813.06,2616.379999999999,0.0546875,3744,303,BLAa,BLA,87,left,0
3745,3746,3,7151.24,5811.1,2616.74,0.93359375,3745,303,BLAa,BLA,87,left,0
3746,3747,3,7152.44,5807.68,2617.4,1.16796875,3746,303,BLAa,BLA,87,left,0
3747,3748,3,7155.0,5803.24,2618.120000000001,1.33984375,3747,303,BLAa,BLA,87,left,0
3748,3749,3,7156.28,5800.44,2618.0599999999995,0.9609375,3748,303,BLAa,BLA,87,left,0
3749,3750,3,7156.34,5799.7,2617.040000000001,1.6640625,3749,303,BLAa,BLA,87,left,0
3750,3751,3,7089.2,5778.98,2639.0,0.0078125,2612,303,BLAa,BLA,88,left,0
3751,3752,3,7087.02,5778.52,2639.5599999999995,0.4375,3751,303,BLAa,BLA,88,left,0
3752,3753,3,7085.92,5777.76,2640.72,0.17578125,3752,303,BLAa,BLA,88,left,0
3753,3754,3,7085.94,5776.14,2642.5,0.46484375,3753,303,BLAa,BLA,88,left,0
3754,3755,3,7085.34,5773.82,2644.0,0.4375,3754,303,BLAa,BLA,88,left,0
3755,3756,3,7083.7,5772.48,2644.66,0.61328125,3755,303,BLAa,BLA,88,left,1
3756,3757,3,7091.3,5784.28,2637.5,0.0234375,2612,303,BLAa,BLA,89,left,0
3757,3758,3,7092.72,5786.82,2637.9,0.61328125,3757,303,BLAa,BLA,89,left,0
3758,3759,3,7094.24,5788.92,2638.08,0.37890625,3758,303,BLAa,BLA,89,left,0
3759,3760,3,7095.52,5790.72,2638.4,0.29296875,3759,303,BLAa,BLA,89,left,0
3760,3761,3,7097.02,5791.1,2638.9,0.4375,3760,303,BLAa,BLA,89,left,0
3761,3762,3,7097.48,5793.64,2639.76,0.3203125,3761,303,BLAa,BLA,89,left,0
3762,3763,3,7097.82,5796.54,2640.58,0.3515625,3762,303,BLAa,BLA,89,left,0
3763,3764,3,7098.4,5798.58,2641.34,0.41015625,3763,303,BLAa,BLA,89,left,0
3764,3765,3,7099.38,5798.56,2641.459999999999,0.3515625,3764,303,BLAa,BLA,89,left,0
3765,3766,3,7101.38,5801.26,2640.5200000000004,0.0078125,3765,303,BLAa,BLA,89,left,0
3766,3767,3,7103.22,5802.92,2639.82,0.234375,3766,303,BLAa,BLA,89,left,0
3767,3768,3,7104.24,5805.96,2639.72,0.29296875,3767,303,BLAa,BLA,89,left,0
3768,3769,3,7105.26,5807.84,2640.620000000001,0.26171875,3768,303,BLAa,BLA,89,left,0
3769,3770,3,7106.62,5809.7,2641.3,0.5234375,3769,303,BLAa,BLA,89,left,0
3770,3771,3,7107.02,5812.76,2641.5,0.640625,3770,303,BLAa,BLA,89,left,0
3771,3772,3,7107.4,5817.24,2641.3,0.3515625,3771,303,BLAa,BLA,89,left,0
3772,3773,3,7107.74,5820.46,2640.9,0.5546875,3772,303,BLAa,BLA,89,left,0
3773,3774,3,7108.54,5821.24,2641.040000000001,0.3515625,3773,303,BLAa,BLA,89,left,0
3774,3775,3,7109.7,5830.68,2639.24,0.61328125,3774,303,BLAa,BLA,89,left,0
3775,3776,3,7110.56,5833.12,2638.76,0.640625,3775,303,BLAa,BLA,89,left,0
3776,3777,3,7112.18,5834.3,2638.66,0.37890625,3776,303,BLAa,BLA,89,left,0
3777,3778,3,7113.2,5840.0,2637.6800000000003,0.46484375,3777,303,BLAa,BLA,89,left,0
3778,3779,3,7114.06,5842.44,2636.3,0.17578125,3778,303,BLAa,BLA,89,left,0
3779,3780,3,7114.44,5846.26,2634.4400000000005,0.3203125,3779,303,BLAa,BLA,89,left,0
3780,3781,3,7115.38,5849.84,2632.540000000001,0.41015625,3780,303,BLAa,BLA,89,left,0
3781,3782,3,7115.82,5851.12,2631.26,1.1953125,3781,303,BLAa,BLA,89,left,0
3782,3783,3,7118.74,5853.48,2629.5200000000004,0.00390625,3782,303,BLAa,BLA,89,left,0
3783,3784,3,7120.66,5856.32,2627.5200000000004,0.26171875,3783,303,BLAa,BLA,89,left,0
3784,3785,3,7121.52,5858.88,2626.22,0.41015625,3784,303,BLAa,BLA,89,left,0
3785,3786,3,7123.24,5861.2,2625.5200000000004,0.3515625,3785,303,BLAa,BLA,89,left,0
3786,3787,3,7124.1,5864.24,2625.120000000001,0.5234375,3786,303,BLAa,BLA,89,left,0
3787,3788,3,7125.34,5866.46,2624.9,0.3515625,3787,303,BLAa,BLA,89,left,0
3788,3789,3,7127.38,5870.64,2624.0599999999995,0.203125,3788,303,BLAa,BLA,89,left,0
3789,3790,3,7129.1,5873.2,2623.540000000001,0.61328125,3789,303,BLAa,BLA,89,left,0
3790,3791,3,7130.2,5880.46,2622.1399999999994,0.4375,3790,303,BLAa,BLA,89,left,0
3791,3792,3,7130.46,5883.42,2621.98,0.3203125,3791,303,BLAa,BLA,89,left,0
3792,3793,3,7130.94,5886.96,2622.48,0.5234375,3792,303,BLAa,BLA,89,left,0
3793,3794,3,7131.8,5888.62,2622.58,0.29296875,3793,303,BLAa,BLA,89,left,0
3794,3795,3,7132.58,5891.2,2623.8600000000006,0.61328125,3794,303,BLAa,BLA,89,left,0
3795,3796,3,7133.1,5894.88,2625.74,0.4375,3795,303,BLAa,BLA,89,left,0
3796,3797,3,7133.46,5897.94,2626.5200000000004,0.41015625,3796,303,BLAa,BLA,89,left,0
3797,3798,3,7133.76,5900.8,2626.959999999999,0.5234375,3797,303,BLAa,BLA,89,left,0
3798,3799,3,7134.86,5902.82,2629.1399999999994,0.29296875,3798,303,BLAa,BLA,89,left,0
3799,3800,3,7135.68,5904.86,2630.379999999999,0.3203125,3799,303,BLAa,BLA,89,left,0
3800,3801,3,7136.18,5908.64,2632.040000000001,0.3515625,3800,303,BLAa,BLA,89,left,0
3801,3802,3,7136.44,5911.0,2632.5599999999995,0.41015625,3801,303,BLAa,BLA,89,left,0
3802,3803,3,7136.8,5913.52,2633.7800000000007,0.640625,3802,303,BLAa,BLA,89,left,0
3803,3804,3,7137.18,5916.7,2634.7800000000007,0.17578125,3803,303,BLAa,BLA,89,left,0
3804,3805,3,7137.06,5918.48,2636.4,0.3515625,3804,303,BLAa,BLA,89,left,0
3805,3806,3,7135.88,5920.3,2637.379999999999,0.203125,3805,303,BLAa,BLA,89,left,0
3806,3807,3,7135.5,5922.32,2637.84,0.5234375,3806,303,BLAa,BLA,89,left,0
3807,3808,3,7135.82,5925.2,2638.4400000000005,0.46484375,3807,303,BLAa,BLA,89,left,0
3808,3809,3,7136.44,5929.62,2640.7000000000007,0.29296875,3808,303,BLAa,BLA,89,left,0
3809,3810,3,7137.2,5931.86,2642.379999999999,0.4375,3809,303,BLAa,BLA,89,left,0
3810,3811,3,7138.18,5933.32,2643.58,0.5546875,3810,303,BLAa,BLA,89,left,0
3811,3812,3,7138.62,5935.26,2645.34,0.5234375,3811,303,BLAa,BLA,89,left,0
3812,3813,3,7137.8,5936.74,2646.76,0.015625,3812,303,BLAa,BLA,89,left,0
3813,3814,3,7138.0,5938.98,2648.1000000000004,0.4375,3813,303,BLAa,BLA,89,left,0
3814,3815,3,7138.24,5941.28,2648.42,0.3203125,3814,303,BLAa,BLA,89,left,0
3815,3816,3,7139.2,5944.62,2649.3,0.29296875,3815,303,BLAa,BLA,89,left,0
3816,3817,3,7140.42,5947.4,2649.959999999999,0.5546875,3816,303,BLAa,BLA,89,left,0
3817,3818,3,7143.42,5949.24,2650.5200000000004,0.3515625,3817,303,BLAa,BLA,89,left,0
3818,3819,3,7145.1,5950.36,2650.6399999999994,0.37890625,3818,303,BLAa,BLA,89,left,0
3819,3820,3,7146.84,5952.32,2650.6399999999994,0.203125,3819,303,BLAa,BLA,89,left,0
3820,3821,3,7147.04,5953.92,2651.2000000000007,0.26171875,3820,303,BLAa,BLA,89,left,0
3821,3822,3,7148.46,5955.18,2651.5599999999995,0.3515625,3821,303,BLAa,BLA,89,left,0
3822,3823,3,7151.32,5956.36,2651.4,0.26171875,3822,303,BLAa,BLA,89,left,0
3823,3824,3,7152.86,5957.84,2651.6399999999994,0.203125,3823,303,BLAa,BLA,89,left,0
3824,3825,3,7154.18,5965.54,2650.4,0.3515625,3824,303,BLAa,BLA,89,left,0
3825,3826,3,7154.4,5968.98,2649.3600000000006,0.46484375,3825,303,BLAa,BLA,89,left,0
3826,3827,3,7154.56,5971.78,2648.040000000001,0.5234375,3826,303,BLAa,BLA,89,left,0
3827,3828,3,7154.94,5974.22,2646.2800000000007,0.4375,3827,303,BLAa,BLA,89,left,0
3828,3829,3,7156.46,5976.16,2645.040000000001,0.17578125,3828,303,BLAa,BLA,89,left,0
3829,3830,3,7157.5,5978.78,2643.879999999999,0.3515625,3829,303,BLAa,BLA,89,left,0
3830,3831,3,7158.72,5980.14,2643.540000000001,0.41015625,3830,303,BLAa,BLA,89,left,0
3831,3832,3,7160.1,5983.54,2642.879999999999,0.3515625,3831,303,BLAa,BLA,89,left,0
3832,3833,3,7160.22,5985.12,2642.6000000000004,0.4375,3832,303,BLAa,BLA,89,left,0
3833,3834,3,7161.08,5986.68,2642.2800000000007,0.01171875,3833,303,BLAa,BLA,89,left,0
3834,3835,3,7162.3,5995.96,2640.5599999999995,0.41015625,3834,303,BLAa,BLA,89,left,0
3835,3836,3,7162.42,5997.84,2639.879999999999,0.7578125,3835,303,BLAa,BLA,89,left,0
3836,3837,3,7162.7,5999.12,2637.7800000000007,0.3515625,3836,303,BLAa,BLA,89,left,0
3837,3838,3,7164.44,6000.84,2636.1800000000003,0.26171875,3837,303,BLAa,BLA,89,left,0
3838,3839,3,7166.9,6001.94,2635.3,0.69921875,3838,303,BLAa,BLA,89,left,0
3839,3840,3,7168.88,6003.3,2635.959999999999,0.01171875,3839,303,BLAa,BLA,89,left,0
3840,3841,3,7170.98,6004.56,2636.620000000001,0.3203125,3840,303,BLAa,BLA,89,left,0
3841,3842,3,7171.54,6006.5,2637.16,0.5546875,3841,303,BLAa,BLA,89,left,0
3842,3843,3,7172.18,6009.68,2637.08,0.61328125,3842,303,BLAa,BLA,89,left,0
3843,3844,3,7173.74,6010.18,2637.4400000000005,0.58203125,3843,303,BLAa,BLA,89,left,0
3844,3845,3,7176.34,6011.9,2637.120000000001,0.01171875,3844,303,BLAa,BLA,89,left,0
3845,3846,3,7179.0,6013.82,2635.5200000000004,0.49609375,3845,303,BLAa,BLA,89,left,0
3846,3847,3,7180.38,6015.28,2633.620000000001,0.4375,3846,334,BMAp,BMA,89,left,0
3847,3848,3,7183.16,6016.5,2632.08,0.49609375,3847,334,BMAp,BMA,89,left,0
3848,3849,3,7184.08,6017.1,2631.2800000000007,0.5546875,3848,334,BMAp,BMA,89,left,0
3849,3850,3,7011.74,5751.94,2621.879999999999,0.0078125,2629,303,BLAa,BLA,90,left,0
3850,3851,3,7008.7,5752.32,2622.34,0.4375,3850,303,BLAa,BLA,90,left,0
3851,3852,3,7007.12,5754.2,2622.26,0.46484375,3851,303,BLAa,BLA,90,left,0
3852,3853,3,7006.22,5756.54,2621.72,0.17578125,3852,303,BLAa,BLA,90,left,0
3853,3854,3,7003.48,5757.44,2620.5,1.28515625,3853,303,BLAa,BLA,90,left,0
3854,3855,3,7002.48,5758.4,2619.5200000000004,0.17578125,3854,303,BLAa,BLA,90,left,0
3855,3856,3,7001.98,5761.66,2619.040000000001,0.17578125,3855,303,BLAa,BLA,90,left,0
3856,3857,3,6999.82,5762.48,2619.040000000001,0.4375,3856,303,BLAa,BLA,90,left,0
3857,3858,3,6996.86,5763.14,2618.98,0.49609375,3857,303,BLAa,BLA,90,left,0
3858,3859,3,6995.02,5764.16,2619.0200000000004,0.5234375,3858,303,BLAa,BLA,90,left,0
3859,3860,3,6994.18,5767.42,2618.6800000000003,0.4375,3859,303,BLAa,BLA,90,left,0
3860,3861,3,6993.78,5770.2,2618.1800000000003,0.37890625,3860,303,BLAa,BLA,90,left,0
3861,3862,3,6992.4,5773.7,2617.08,0.4375,3861,303,BLAa,BLA,90,left,0
3862,3863,3,6991.42,5777.2,2615.7000000000007,0.41015625,3862,303,BLAa,BLA,90,left,0
3863,3864,3,6989.48,5779.02,2615.2800000000007,0.3515625,3863,303,BLAa,BLA,90,left,0
3864,3865,3,6988.5,5781.7,2614.82,0.3515625,3864,303,BLAa,BLA,90,left,0
3865,3866,3,6987.08,5783.48,2614.5200000000004,0.671875,3865,303,BLAa,BLA,90,left,0
3866,3867,3,6985.32,5784.66,2614.620000000001,0.671875,3866,303,BLAa,BLA,90,left,0
3867,3868,3,6984.58,5786.66,2614.98,1.078125,3867,303,BLAa,BLA,90,left,0
3868,3869,3,6984.52,5790.0,2614.74,0.46484375,3868,303,BLAa,BLA,90,left,0
3869,3870,3,6982.78,5791.86,2614.4400000000005,0.4375,3869,303,BLAa,BLA,90,left,0
3870,3871,3,6980.8,5792.7,2614.32,0.37890625,3870,303,BLAa,BLA,90,left,0
3871,3872,3,6980.14,5795.34,2613.620000000001,0.84765625,3871,303,BLAa,BLA,90,left,0
3872,3873,3,6980.02,5798.42,2613.2000000000007,0.26171875,3872,303,BLAa,BLA,90,left,0
3873,3874,3,6977.8,5799.06,2613.22,0.3515625,3873,303,BLAa,BLA,90,left,0
3874,3875,3,6975.84,5799.04,2613.26,0.37890625,3874,303,BLAa,BLA,90,left,1
3875,3876,3,7012.96,5750.22,2622.8,0.01171875,2629,303,BLAa,BLA,91,left,0
3876,3877,3,7010.88,5746.76,2625.5,0.49609375,3876,303,BLAa,BLA,91,left,0
3877,3878,3,7009.12,5745.4,2627.34,0.203125,3877,303,BLAa,BLA,91,left,0
3878,3879,3,7007.26,5743.68,2628.58,0.3515625,3878,303,BLAa,BLA,91,left,0
3879,3880,3,7004.9,5742.14,2629.5200000000004,0.5234375,3879,303,BLAa,BLA,91,left,0
3880,3881,3,7001.96,5741.74,2630.6399999999994,0.41015625,3880,303,BLAa,BLA,91,left,0
3881,3882,3,7001.48,5742.12,2632.379999999999,0.17578125,3881,303,BLAa,BLA,91,left,0
3882,3883,3,6999.9,5742.86,2633.040000000001,0.26171875,3882,303,BLAa,BLA,91,left,0
3883,3884,3,6995.88,5743.0,2633.379999999999,0.3515625,3883,303,BLAa,BLA,91,left,0
3884,3885,3,6992.86,5742.46,2633.58,0.37890625,3884,303,BLAa,BLA,91,left,0
3885,3886,3,6990.76,5741.72,2634.24,0.26171875,3885,303,BLAa,BLA,91,left,0
3886,3887,3,6987.6,5741.24,2635.24,0.0078125,3886,303,BLAa,BLA,91,left,0
3887,3888,3,6985.32,5740.0,2636.2000000000007,0.4375,3887,303,BLAa,BLA,91,left,0
3888,3889,3,6982.14,5738.56,2636.76,0.17578125,3888,303,BLAa,BLA,91,left,0
3889,3890,3,6980.1,5737.92,2637.16,0.234375,3889,303,BLAa,BLA,91,left,0
3890,3891,3,6978.1,5737.72,2637.459999999999,0.3515625,3890,303,BLAa,BLA,91,left,0
3891,3892,3,6975.56,5737.6,2637.7000000000007,0.37890625,3891,303,BLAa,BLA,91,left,0
3892,3893,3,6972.66,5736.72,2638.0,0.46484375,3892,303,BLAa,BLA,91,left,0
3893,3894,3,6970.48,5735.56,2638.5200000000004,0.73046875,3893,303,BLAa,BLA,91,left,0
3894,3895,3,6967.5,5734.36,2639.4,0.37890625,3894,303,BLAa,BLA,91,left,0
3895,3896,3,6965.42,5733.26,2640.76,0.58203125,3895,303,BLAa,BLA,91,left,0
3896,3897,3,6962.22,5733.02,2641.6800000000003,0.29296875,3896,303,BLAa,BLA,91,left,0
3897,3898,3,6959.94,5733.0,2642.6800000000003,0.41015625,3897,303,BLAa,BLA,91,left,0
3898,3899,3,6957.16,5732.94,2643.1800000000003,0.37890625,3898,303,BLAa,BLA,91,left,0
3899,3900,3,6954.66,5733.96,2643.040000000001,0.58203125,3899,303,BLAa,BLA,91,left,0
3900,3901,3,6954.06,5736.8,2642.72,0.69921875,3900,303,BLAa,BLA,91,left,0
3901,3902,3,6953.04,5738.58,2643.1000000000004,0.3515625,3901,303,BLAa,BLA,91,left,0
3902,3903,3,6950.88,5738.52,2643.1800000000003,0.3515625,3902,303,BLAa,BLA,91,left,0
3903,3904,3,6950.78,5742.66,2642.92,0.00390625,3903,303,BLAa,BLA,91,left,0
3904,3905,3,6949.32,5744.3,2643.22,0.26171875,3904,303,BLAa,BLA,91,left,0
3905,3906,3,6946.24,5745.34,2643.379999999999,0.3515625,3905,303,BLAa,BLA,91,left,0
3906,3907,3,6944.4,5747.18,2643.3600000000006,0.3515625,3906,303,BLAa,BLA,91,left,0
3907,3908,3,6941.82,5747.98,2643.4400000000005,0.26171875,3907,303,BLAa,BLA,91,left,0
3908,3909,3,6939.9,5748.36,2643.4,0.3515625,3908,303,BLAa,BLA,91,left,0
3909,3910,3,6937.8,5748.6,2643.379999999999,0.17578125,3909,303,BLAa,BLA,91,left,0
3910,3911,3,6935.98,5749.24,2643.3,0.17578125,3910,303,BLAa,BLA,91,left,0
3911,3912,3,6933.3,5750.14,2643.2000000000007,0.58203125,3911,303,BLAa,BLA,91,left,0
3912,3913,3,6932.02,5751.56,2643.24,0.49609375,3912,303,BLAa,BLA,91,left,0
3913,3914,3,6929.32,5752.94,2643.22,0.37890625,3913,303,BLAa,BLA,91,left,0
3914,3915,3,6927.12,5753.18,2643.459999999999,0.37890625,3914,303,BLAa,BLA,91,left,0
3915,3916,3,6924.16,5753.98,2643.540000000001,0.9609375,3915,303,BLAa,BLA,91,left,0
3916,3917,3,6922.68,5755.2,2643.72,0.5234375,3916,303,BLAa,BLA,91,left,0
3917,3918,3,6922.66,5756.1,2645.2800000000007,0.7578125,3917,303,BLAa,BLA,91,left,0
3918,3919,3,6922.96,5758.18,2645.76,0.640625,3918,303,BLAa,BLA,91,left,0
3919,3920,3,6921.94,5760.46,2645.620000000001,0.41015625,3919,303,BLAa,BLA,91,left,0
3920,3921,3,6920.16,5761.2,2646.08,0.17578125,3920,303,BLAa,BLA,91,left,0
3921,3922,3,6917.54,5761.28,2646.879999999999,0.41015625,3921,303,BLAa,BLA,91,left,0
3922,3923,3,6913.52,5761.14,2647.4,0.49609375,3922,303,BLAa,BLA,91,left,0
3923,3924,3,6911.02,5761.4,2647.879999999999,0.5546875,3923,303,BLAa,BLA,91,left,0
3924,3925,3,6910.8,5763.86,2649.24,0.69921875,3924,303,BLAa,BLA,91,left,0
3925,3926,3,6909.82,5766.02,2650.82,0.5234375,3925,303,BLAa,BLA,91,left,0
3926,3927,3,6906.86,5766.2,2652.24,0.3515625,3926,303,BLAa,BLA,91,left,0
3927,3928,3,6905.3,5766.48,2653.0200000000004,0.4375,3927,303,BLAa,BLA,91,left,0
3928,3929,3,6901.84,5766.66,2653.4,0.3203125,3928,303,BLAa,BLA,91,left,0
3929,3930,3,6900.24,5767.04,2653.3600000000006,0.3515625,3929,303,BLAa,BLA,91,left,0
3930,3931,3,6898.32,5767.1,2653.379999999999,0.05859375,3930,303,BLAa,BLA,91,left,0
3931,3932,3,6895.74,5767.36,2653.84,0.5234375,3931,303,BLAa,BLA,91,left,0
3932,3933,3,6893.84,5767.94,2654.6000000000004,0.671875,3932,303,BLAa,BLA,91,left,0
3933,3934,3,6891.16,5768.16,2655.379999999999,0.4375,3933,303,BLAa,BLA,91,left,0
3934,3935,3,6889.66,5768.12,2655.84,0.58203125,3934,303,BLAa,BLA,91,left,0
3935,3936,3,6886.48,5767.98,2656.120000000001,0.3515625,3935,303,BLAa,BLA,91,left,0
3936,3937,3,6883.26,5767.82,2656.32,0.3515625,3936,303,BLAa,BLA,91,left,0
3937,3938,3,6880.9,5767.98,2657.040000000001,0.3203125,3937,303,BLAa,BLA,91,left,0
3938,3939,3,6878.94,5768.44,2658.7000000000007,0.5234375,3938,303,BLAa,BLA,91,left,0
3939,3940,3,6876.92,5768.96,2658.879999999999,0.5546875,3939,303,BLAa,BLA,91,left,0
3940,3941,3,6875.58,5769.98,2659.540000000001,0.3203125,3940,303,BLAa,BLA,91,left,0
3941,3942,3,6873.68,5770.56,2660.2000000000007,0.3515625,3941,303,BLAa,BLA,91,left,0
3942,3943,3,6870.9,5770.54,2661.22,0.37890625,3942,303,BLAa,BLA,91,left,0
3943,3944,3,6869.1,5770.48,2662.1399999999994,0.17578125,3943,303,BLAa,BLA,91,left,0
3944,3945,3,6866.78,5770.36,2662.459999999999,0.37890625,3944,303,BLAa,BLA,91,left,0
3945,3946,3,6864.18,5770.24,2662.92,0.3515625,3945,303,BLAa,BLA,91,left,0
3946,3947,3,6861.86,5770.68,2663.48,0.4375,3946,303,BLAa,BLA,91,left,0
3947,3948,3,6860.0,5771.74,2664.32,0.26171875,3947,303,BLAa,BLA,91,left,0
3948,3949,3,6858.96,5772.48,2665.1399999999994,0.3203125,3948,303,BLAa,BLA,91,left,0
3949,3950,3,6856.88,5773.26,2664.7800000000007,0.0078125,3949,303,BLAa,BLA,91,left,0
3950,3951,3,6854.02,5773.76,2664.7000000000007,0.234375,3950,303,BLAa,BLA,91,left,0
3951,3952,3,6851.34,5774.52,2664.620000000001,0.3515625,3951,303,BLAa,BLA,91,left,0
3952,3953,3,6849.36,5774.94,2664.58,0.46484375,3952,303,BLAa,BLA,91,left,0
3953,3954,3,6847.4,5775.08,2664.6000000000004,0.73046875,3953,303,BLAa,BLA,91,left,0
3954,3955,3,6845.04,5775.2,2666.22,0.0078125,3954,303,BLAa,BLA,91,left,0
3955,3956,3,6842.8,5775.62,2666.4,0.37890625,3955,303,BLAa,BLA,91,left,0
3956,3957,3,6840.64,5777.56,2666.1000000000004,0.69921875,3956,303,BLAa,BLA,91,left,0
3957,3958,3,6839.94,5779.48,2666.120000000001,0.5546875,3957,303,BLAa,BLA,91,left,0
3958,3959,3,6839.3,5780.38,2667.4400000000005,0.0078125,3958,303,BLAa,BLA,91,left,0
3959,3960,3,6837.04,5781.36,2668.120000000001,0.3515625,3959,303,BLAa,BLA,91,left,0
3960,3961,3,6833.64,5782.32,2668.9400000000005,0.640625,3960,303,BLAa,BLA,91,left,0
3961,3962,3,6831.72,5783.42,2669.66,0.26171875,3961,303,BLAa,BLA,91,left,0
3962,3963,3,6828.56,5783.74,2670.42,0.84765625,3962,303,BLAa,BLA,91,left,0
3963,3964,3,6826.62,5783.66,2671.5599999999995,0.29296875,3963,303,BLAa,BLA,91,left,0
3964,3965,3,6824.1,5783.78,2672.22,0.4375,3964,303,BLAa,BLA,91,left,0
3965,3966,3,6821.12,5784.7,2672.8,0.58203125,3965,303,BLAa,BLA,91,left,0
3966,3967,3,6819.16,5785.9,2673.3600000000006,0.9921875,3966,303,BLAa,BLA,91,left,0
3967,3968,3,6818.54,5786.54,2674.58,0.26171875,3967,303,BLAa,BLA,91,left,0
3968,3969,3,6816.44,5786.88,2675.1000000000004,0.4375,3968,303,BLAa,BLA,91,left,0
3969,3970,3,6812.22,5786.62,2675.76,0.203125,3969,303,BLAa,BLA,91,left,0
3970,3971,3,6809.24,5786.52,2676.6000000000004,0.7890625,3970,303,BLAa,BLA,91,left,0
3971,3972,3,6807.26,5787.04,2676.84,0.4375,3971,303,BLAa,BLA,91,left,0
3972,3973,3,6803.8,5788.24,2677.32,0.5234375,3972,303,BLAa,BLA,91,left,0
3973,3974,3,6801.98,5789.36,2677.879999999999,0.3515625,3973,303,BLAa,BLA,91,left,0
3974,3975,3,6800.38,5790.64,2678.2000000000007,0.5546875,3974,303,BLAa,BLA,91,left,0
3975,3976,3,6800.44,5792.6,2678.540000000001,0.5546875,3975,303,BLAa,BLA,91,left,0
3976,3977,3,6799.12,5794.36,2679.040000000001,0.01171875,3976,303,BLAa,BLA,91,left,0
3977,3978,3,6797.2,5796.86,2679.08,0.29296875,3977,303,BLAa,BLA,91,left,0
3978,3979,3,6795.34,5797.38,2680.0200000000004,0.234375,3978,303,BLAa,BLA,91,left,0
3979,3980,3,6792.9,5798.16,2681.22,0.5234375,3979,303,BLAa,BLA,91,left,0
3980,3981,3,6792.28,5800.02,2681.879999999999,0.29296875,3980,303,BLAa,BLA,91,left,0
3981,3982,3,6790.5,5801.64,2681.959999999999,0.4375,3981,303,BLAa,BLA,91,left,0
3982,3983,3,6788.0,5802.82,2682.1399999999994,0.4375,3982,303,BLAa,BLA,91,left,0
3983,3984,3,6786.8,5803.8,2682.879999999999,0.41015625,3983,303,BLAa,BLA,91,left,0
3984,3985,3,6784.72,5804.7,2683.4400000000005,0.17578125,3984,303,BLAa,BLA,91,left,0
3985,3986,3,6784.14,5806.38,2684.0200000000004,0.26171875,3985,303,BLAa,BLA,91,left,0
3986,3987,3,6782.54,5807.3,2684.4400000000005,0.203125,3986,303,BLAa,BLA,91,left,0
3987,3988,3,6779.54,5807.5,2685.6399999999994,0.46484375,3987,303,BLAa,BLA,91,left,0
3988,3989,3,6777.58,5808.38,2686.1800000000003,0.5546875,3988,303,BLAa,BLA,91,left,0
3989,3990,3,6776.44,5810.34,2686.16,0.41015625,3989,303,BLAa,BLA,91,left,0
3990,3991,3,6774.26,5811.36,2686.08,4.75390625,3990,303,BLAa,BLA,91,left,0
3991,3992,3,6772.44,5811.18,2686.1399999999994,21.14453125,3991,303,BLAa,BLA,91,left,0
3992,3993,3,6770.26,5811.6,2686.9400000000005,0.671875,3992,303,BLAa,BLA,91,left,0
3993,3994,3,6768.18,5812.88,2688.66,0.3515625,3993,303,BLAa,BLA,91,left,0
3994,3995,3,6766.84,5814.54,2689.72,0.37890625,3994,303,BLAa,BLA,91,left,0
3995,3996,3,6763.2,5815.4,2690.5200000000004,0.4375,3995,303,BLAa,BLA,91,left,0
3996,3997,3,6762.14,5816.46,2691.08,0.41015625,3996,303,BLAa,BLA,91,left,0
3997,3998,3,6760.58,5818.02,2691.7800000000007,0.5234375,3997,303,BLAa,BLA,91,left,0
3998,3999,3,6759.02,5820.38,2691.9,0.46484375,3998,303,BLAa,BLA,91,left,0
3999,4000,3,6757.6,5822.78,2692.4,0.49609375,3999,303,BLAa,BLA,91,left,0
4000,4001,3,6756.08,5823.48,2692.84,0.3203125,4000,303,BLAa,BLA,91,left,0
4001,4002,3,6752.88,5824.3,2693.16,0.0078125,4001,303,BLAa,BLA,91,left,0
4002,4003,3,6751.5,5826.34,2693.8600000000006,0.26171875,4002,303,BLAa,BLA,91,left,0
4003,4004,3,6750.12,5826.68,2694.42,0.3203125,4003,303,BLAa,BLA,91,left,0
4004,4005,3,6750.06,5828.2,2695.42,0.41015625,4004,303,BLAa,BLA,91,left,0
4005,4006,3,6748.48,5830.08,2696.22,0.58203125,4005,303,BLAa,BLA,91,left,0
4006,4007,3,6747.12,5830.62,2697.24,0.69921875,4006,303,BLAa,BLA,91,left,0
4007,4008,3,6746.92,5832.68,2698.58,0.17578125,4007,303,BLAa,BLA,91,left,0
4008,4009,3,6746.04,5835.2,2698.8600000000006,0.3203125,4008,303,BLAa,BLA,91,left,0
4009,4010,3,6745.08,5837.68,2698.8600000000006,0.49609375,4009,303,BLAa,BLA,91,left,0
4010,4011,3,6742.92,5841.02,2699.6000000000004,0.17578125,4010,303,BLAa,BLA,91,left,0
4011,4012,3,6741.54,5842.9,2700.5,0.640625,4011,303,BLAa,BLA,91,left,0
4012,4013,3,6739.42,5845.96,2700.74,10.1796875,4012,303,BLAa,BLA,91,left,0
4013,4014,3,6738.04,5848.26,2700.5599999999995,0.46484375,4013,303,BLAa,BLA,91,left,0
4014,4015,3,6735.68,5849.3,2700.4400000000005,0.49609375,4014,303,BLAa,BLA,91,left,0
4015,4016,3,6732.7,5850.82,2700.42,0.41015625,4015,303,BLAa,BLA,91,left,0
4016,4017,3,6732.28,5852.88,2701.0599999999995,0.640625,4016,303,BLAa,BLA,91,left,0
4017,4018,3,6733.0,5857.18,2701.0599999999995,0.3515625,4017,303,BLAa,BLA,91,left,0
4018,4019,3,6731.28,5859.48,2702.2800000000007,0.7578125,4018,303,BLAa,BLA,91,left,0
4019,4020,3,6729.28,5860.64,2703.120000000001,0.7578125,4019,303,BLAa,BLA,91,left,0
4020,4021,3,6726.26,5861.74,2703.620000000001,0.69921875,4020,303,BLAa,BLA,91,left,0
4021,4022,3,6724.66,5863.96,2703.6399999999994,0.671875,4021,303,BLAa,BLA,91,left,0
4022,4023,3,6723.08,5865.7,2703.84,0.29296875,4022,303,BLAa,BLA,91,left,0
4023,4024,3,6721.1,5867.42,2704.459999999999,0.3515625,4023,303,BLAa,BLA,91,left,0
4024,4025,3,6717.18,5868.36,2704.66,0.49609375,4024,303,BLAa,BLA,91,left,0
4025,4026,3,6715.46,5869.24,2705.34,0.7578125,4025,303,BLAa,BLA,91,left,0
4026,4027,3,6713.18,5869.8,2705.6800000000003,0.61328125,4026,303,BLAa,BLA,91,left,0
4027,4028,3,6711.5,5870.98,2706.1000000000004,0.58203125,4027,303,BLAa,BLA,91,left,0
4028,4029,3,6710.3,5873.1,2706.8,0.46484375,4028,303,BLAa,BLA,91,left,0
4029,4030,3,6708.0,5873.66,2707.2000000000007,0.41015625,4029,303,BLAa,BLA,91,left,0
4030,4031,3,6705.04,5873.36,2707.6800000000003,0.17578125,4030,303,BLAa,BLA,91,left,0
4031,4032,3,6704.8,5874.82,2709.6399999999994,0.81640625,4031,303,BLAa,BLA,91,left,0
4032,4033,3,6704.0,5875.62,2710.98,2.390625,4032,303,BLAa,BLA,91,left,0
4033,4034,3,6702.12,5876.62,2711.48,1.33984375,4033,303,BLAa,BLA,91,left,0
4034,4035,3,6701.58,5879.04,2712.3,6.6484375,4034,303,BLAa,BLA,91,left,0
4035,4036,3,6700.88,5881.58,2712.74,0.5234375,4035,303,BLAa,BLA,91,left,0
4036,4037,3,6699.78,5883.7,2712.98,0.29296875,4036,303,BLAa,BLA,91,left,0
4037,4038,3,6698.42,5885.02,2713.24,0.46484375,4037,303,BLAa,BLA,91,left,0
4038,4039,3,6696.54,5886.5,2713.42,0.49609375,4038,303,BLAa,BLA,91,left,0
4039,4040,3,6694.88,5888.32,2713.98,0.5234375,4039,303,BLAa,BLA,91,left,0
4040,4041,3,6693.64,5890.26,2714.66,0.49609375,4040,303,BLAa,BLA,91,left,0
4041,4042,3,6691.68,5890.82,2714.8,0.41015625,4041,303,BLAa,BLA,91,left,0
4042,4043,3,6691.28,5893.0,2715.5200000000004,0.5234375,4042,303,BLAa,BLA,91,left,0
4043,4044,3,6691.66,5895.38,2716.26,0.46484375,4043,303,BLAa,BLA,91,left,0
4044,4045,3,6690.8,5896.48,2716.6800000000003,0.26171875,4044,303,BLAa,BLA,91,left,0
4045,4046,3,6688.52,5896.54,2717.0599999999995,0.3515625,4045,303,BLAa,BLA,91,left,0
4046,4047,3,6686.34,5896.64,2717.2000000000007,0.37890625,4046,303,BLAa,BLA,91,left,0
4047,4048,3,6685.08,5898.24,2717.76,0.203125,4047,303,BLAa,BLA,91,left,0
4048,4049,3,6683.5,5899.44,2718.2800000000007,0.37890625,4048,303,BLAa,BLA,91,left,0
4049,4050,3,6682.0,5900.98,2718.26,0.0078125,4049,303,BLAa,BLA,91,left,0
4050,4051,3,6678.28,5901.06,2718.4,0.3515625,4050,303,BLAa,BLA,91,left,0
4051,4052,3,6676.9,5902.22,2718.74,0.17578125,4051,303,BLAa,BLA,91,left,0
4052,4053,3,6674.7,5903.38,2718.959999999999,0.73046875,4052,303,BLAa,BLA,91,left,0
4053,4054,3,6672.92,5904.06,2718.879999999999,0.4375,4053,303,BLAa,BLA,91,left,0
4054,4055,3,6672.46,5905.42,2719.32,0.5234375,4054,303,BLAa,BLA,91,left,0
4055,4056,3,6673.16,5908.6,2720.1399999999994,0.29296875,4055,303,BLAa,BLA,91,left,0
4056,4057,3,6673.84,5912.08,2720.5200000000004,0.46484375,4056,303,BLAa,BLA,91,left,0
4057,4058,3,6674.58,5916.26,2720.4,0.69921875,4057,303,BLAa,BLA,91,left,0
4058,4059,3,6673.84,5917.96,2720.2800000000007,0.46484375,4058,303,BLAa,BLA,91,left,0
4059,4060,3,6671.94,5919.5,2720.9,0.17578125,4059,303,BLAa,BLA,91,left,0
4060,4061,3,6670.3,5920.5,2721.379999999999,0.93359375,4060,303,BLAa,BLA,91,left,0
4061,4062,3,6670.32,5923.44,2721.7000000000007,0.5234375,4061,303,BLAa,BLA,91,left,0
4062,4063,3,6669.54,5926.98,2721.5,0.29296875,4062,303,BLAa,BLA,91,left,0
4063,4064,3,6668.88,5929.86,2721.7800000000007,0.29296875,4063,303,BLAa,BLA,91,left,0
4064,4065,3,6668.24,5933.2,2721.959999999999,0.81640625,4064,303,BLAa,BLA,91,left,0
4065,4066,3,6666.96,5935.52,2722.3,0.17578125,4065,303,BLAa,BLA,91,left,0
4066,4067,3,6667.06,5939.48,2722.959999999999,0.640625,4066,303,BLAa,BLA,91,left,0
4067,4068,3,6667.72,5943.1,2723.16,8.546875,4067,303,BLAa,BLA,91,left,0
4068,4069,3,6667.4,5945.14,2722.959999999999,38.5,4068,303,BLAa,BLA,91,left,0
4069,4070,3,6665.78,5945.2,2723.6399999999994,0.49609375,4069,303,BLAa,BLA,91,left,0
4070,4071,3,6665.76,5946.66,2724.9400000000005,0.58203125,4070,303,BLAa,BLA,91,left,0
4071,4072,3,6664.66,5947.76,2725.7000000000007,0.3515625,4071,303,BLAa,BLA,91,left,0
4072,4073,3,6664.06,5950.7,2725.7000000000007,0.875,4072,303,BLAa,BLA,91,left,0
4073,4074,3,6664.58,5954.34,2725.4400000000005,0.58203125,4073,303,BLAa,BLA,91,left,0
4074,4075,3,6664.08,5956.3,2725.2000000000007,0.3515625,4074,303,BLAa,BLA,91,left,0
4075,4076,3,6664.3,5959.94,2724.98,0.3515625,4075,303,BLAa,BLA,91,left,0
4076,4077,3,6664.74,5962.18,2725.379999999999,0.5546875,4076,303,BLAa,BLA,91,left,0
4077,4078,3,6664.82,5965.46,2725.0,0.0078125,4077,303,BLAa,BLA,91,left,0
4078,4079,3,6663.4,5966.06,2724.92,0.3203125,4078,303,BLAa,BLA,91,left,0
4079,4080,3,6663.48,5970.84,2724.1399999999994,0.37890625,4079,303,BLAa,BLA,91,left,0
4080,4081,3,6663.58,5972.86,2723.98,0.5234375,4080,303,BLAa,BLA,91,left,0
4081,4082,3,6662.02,5973.64,2724.120000000001,0.203125,4081,303,BLAa,BLA,91,left,0
4082,4083,3,6660.34,5975.54,2724.08,0.5234375,4082,303,BLAa,BLA,91,left,0
4083,4084,3,6660.88,5978.58,2724.1399999999994,0.49609375,4083,303,BLAa,BLA,91,left,0
4084,4085,3,6661.68,5983.04,2724.3,0.46484375,4084,303,BLAa,BLA,91,left,0
4085,4086,3,6662.64,5989.64,2723.4400000000005,0.640625,4085,303,BLAa,BLA,91,left,0
4086,4087,3,6662.28,5991.58,2724.1000000000004,0.29296875,4086,303,BLAa,BLA,91,left,0
4087,4088,3,6662.76,5996.9,2724.2800000000007,0.3515625,4087,303,BLAa,BLA,91,left,0
4088,4089,3,6662.6,5999.6,2723.879999999999,0.3203125,4088,303,BLAa,BLA,91,left,0
4089,4090,3,6662.14,6001.9,2724.0599999999995,0.37890625,4089,303,BLAa,BLA,91,left,0
4090,4091,3,6660.84,6003.8,2724.42,0.4375,4090,303,BLAa,BLA,91,left,0
4091,4092,3,6661.32,6005.1,2725.6800000000003,0.00390625,4091,303,BLAa,BLA,91,left,0
4092,4093,3,6659.16,6005.28,2726.0599999999995,0.37890625,4092,303,BLAa,BLA,91,left,0
4093,4094,3,6656.6,6005.1,2727.6800000000003,1.8671875,4093,303,BLAa,BLA,91,left,0
4094,4095,3,6655.64,6005.18,2729.8600000000006,0.7890625,4094,303,BLAa,BLA,91,left,0
4095,4096,3,6652.62,6005.92,2731.540000000001,0.234375,4095,303,BLAa,BLA,91,left,0
4096,4097,3,6650.92,6007.0,2732.540000000001,0.58203125,4096,303,BLAa,BLA,91,left,0
4097,4098,3,6648.94,6007.9,2733.26,0.41015625,4097,303,BLAa,BLA,91,left,0
4098,4099,3,6648.22,6010.26,2733.4400000000005,0.5546875,4098,303,BLAa,BLA,91,left,0
4099,4100,3,6648.04,6012.8,2734.040000000001,0.3515625,4099,303,BLAa,BLA,91,left,0
4100,4101,3,6645.92,6015.68,2734.42,0.3515625,4100,303,BLAa,BLA,91,left,0
4101,4102,3,6645.04,6017.86,2734.5599999999995,0.29296875,4101,303,BLAa,BLA,91,left,0
4102,4103,3,6643.56,6019.08,2735.0599999999995,0.37890625,4102,303,BLAa,BLA,91,left,0
4103,4104,3,6641.0,6018.98,2735.34,0.3515625,4103,303,BLAa,BLA,91,left,1
4104,4105,3,7417.84,5954.74,2299.7000000000007,0.04296875,2759,311,BLAp,BLA,92,left,0
4105,4106,3,7420.22,5954.36,2299.74,0.81640625,4105,311,BLAp,BLA,92,left,0
4106,4107,3,7422.22,5953.76,2299.7000000000007,0.3203125,4106,311,BLAp,BLA,92,left,0
4107,4108,3,7424.7,5953.48,2299.0599999999995,0.4375,4107,311,BLAp,BLA,92,left,0
4108,4109,3,7425.68,5953.44,2297.92,0.4375,4108,311,BLAp,BLA,92,left,0
4109,4110,3,7427.94,5953.28,2296.66,0.46484375,4109,311,BLAp,BLA,92,left,0
4110,4111,3,7431.22,5953.06,2295.24,0.7578125,4110,311,BLAp,BLA,92,left,0
4111,4112,3,7432.86,5953.5,2293.98,0.17578125,4111,311,BLAp,BLA,92,left,0
4112,4113,3,7435.14,5954.66,2292.84,0.61328125,4112,311,BLAp,BLA,92,left,0
4113,4114,3,7436.84,5955.02,2291.7800000000007,0.4375,4113,311,BLAp,BLA,92,left,0
4114,4115,3,7437.08,5955.1,2290.42,0.46484375,4114,311,BLAp,BLA,92,left,0
4115,4116,3,7438.58,5955.02,2289.24,0.61328125,4115,311,BLAp,BLA,92,left,0
4116,4117,3,7441.08,5954.6,2288.24,0.203125,4116,311,BLAp,BLA,92,left,0
4117,4118,3,7442.48,5954.18,2287.379999999999,3.44140625,4117,311,BLAp,BLA,92,left,1
4118,4119,3,7414.82,5956.08,2296.1800000000003,0.01953125,2759,311,BLAp,BLA,93,left,0
4119,4120,3,7414.92,5958.28,2293.9400000000005,0.5234375,4119,311,BLAp,BLA,93,left,0
4120,4121,3,7415.02,5960.32,2291.5,0.81640625,4120,311,BLAp,BLA,93,left,0
4121,4122,3,7415.12,5962.3,2289.6000000000004,0.61328125,4121,311,BLAp,BLA,93,left,0
4122,4123,3,7415.16,5964.2,2286.379999999999,0.69921875,4122,311,BLAp,BLA,93,left,0
4123,4124,3,7414.68,5965.94,2284.16,0.7890625,4123,311,BLAp,BLA,93,left,0
4124,4125,3,7414.16,5968.68,2281.6399999999994,0.234375,4124,311,BLAp,BLA,93,left,0
4125,4126,3,7412.62,5970.8,2280.72,0.49609375,4125,311,BLAp,BLA,93,left,0
4126,4127,3,7411.08,5971.88,2279.6800000000003,0.5234375,4126,311,BLAp,BLA,93,left,0
4127,4128,3,7410.82,5972.68,2277.16,0.69921875,4127,311,BLAp,BLA,93,left,0
4128,4129,3,7410.7,5973.48,2271.1000000000004,0.7890625,4128,311,BLAp,BLA,93,left,0
4129,4130,3,7410.66,5973.58,2269.7000000000007,0.61328125,4129,311,BLAp,BLA,93,left,1
4130,4131,3,7209.44,5582.36,2476.1000000000004,0.03125,2999,303,BLAa,BLA,94,left,0
4131,4132,3,7206.94,5582.84,2475.98,0.37890625,4131,303,BLAa,BLA,94,left,0
4132,4133,3,7204.8,5584.0,2475.6000000000004,0.49609375,4132,303,BLAa,BLA,94,left,0
4133,4134,3,7204.72,5586.1,2474.82,0.73046875,4133,303,BLAa,BLA,94,left,0
4134,4135,3,7203.04,5589.28,2473.6399999999994,0.671875,4134,303,BLAa,BLA,94,left,0
4135,4136,3,7201.2,5590.98,2472.8600000000006,0.58203125,4135,303,BLAa,BLA,94,left,0
4136,4137,3,7198.26,5591.34,2472.3,0.84765625,4136,303,BLAa,BLA,94,left,0
4137,4138,3,7194.92,5591.48,2471.540000000001,0.3515625,4137,303,BLAa,BLA,94,left,0
4138,4139,3,7192.68,5591.58,2471.040000000001,0.17578125,4138,303,BLAa,BLA,94,left,0
4139,4140,3,7189.94,5591.82,2470.459999999999,0.46484375,4139,303,BLAa,BLA,94,left,0
4140,4141,3,7187.14,5592.78,2469.16,0.26171875,4140,303,BLAa,BLA,94,left,0
4141,4142,3,7185.5,5593.22,2467.5,0.17578125,4141,303,BLAa,BLA,94,left,1
4142,4143,3,7211.82,5579.46,2477.84,0.00390625,2999,303,BLAa,BLA,95,left,0
4143,4144,3,7210.9,5577.02,2479.8600000000006,0.671875,4143,303,BLAa,BLA,95,left,0
4144,4145,3,7209.3,5574.96,2481.2000000000007,0.37890625,4144,303,BLAa,BLA,95,left,0
4145,4146,3,7208.2,5572.86,2482.8,0.69921875,4145,303,BLAa,BLA,95,left,0
4146,4147,3,7206.48,5571.06,2484.0599999999995,0.640625,4146,303,BLAa,BLA,95,left,0
4147,4148,3,7205.2,5568.44,2484.8,0.61328125,4147,303,BLAa,BLA,95,left,0
4148,4149,3,7203.36,5566.56,2485.4,0.3203125,4148,303,BLAa,BLA,95,left,0
4149,4150,3,7201.26,5564.12,2486.959999999999,0.41015625,4149,303,BLAa,BLA,95,left,0
4150,4151,3,7200.06,5562.74,2487.3600000000006,0.58203125,4150,303,BLAa,BLA,95,left,0
4151,4152,3,7197.44,5562.46,2487.34,0.46484375,4151,303,BLAa,BLA,95,left,0
4152,4153,3,7195.66,5561.48,2487.5200000000004,0.49609375,4152,303,BLAa,BLA,95,left,0
4153,4154,3,7194.8,5557.84,2488.6399999999994,0.81640625,4153,303,BLAa,BLA,95,left,0
4154,4155,3,7193.32,5555.2,2489.42,0.61328125,4154,303,BLAa,BLA,95,left,0
4155,4156,3,7190.64,5554.6,2489.48,0.640625,4155,303,BLAa,BLA,95,left,1
4156,4157,3,7311.18,6183.48,2657.120000000001,0.01171875,3109,334,BMAp,BMA,96,left,0
4157,4158,3,7313.52,6184.0,2655.5,0.37890625,4157,334,BMAp,BMA,96,left,0
4158,4159,3,7314.44,6184.72,2654.1399999999994,0.7578125,4158,334,BMAp,BMA,96,left,0
4159,4160,3,7316.24,6185.36,2653.34,0.640625,4159,334,BMAp,BMA,96,left,0
4160,4161,3,7318.24,6185.22,2653.0599999999995,0.41015625,4160,334,BMAp,BMA,96,left,0
4161,4162,3,7320.4,6185.68,2652.74,0.37890625,4161,334,BMAp,BMA,96,left,0
4162,4163,3,7322.06,6186.5,2652.5599999999995,0.3515625,4162,334,BMAp,BMA,96,left,1
4163,4164,3,7310.64,6182.62,2658.0200000000004,0.03515625,3109,334,BMAp,BMA,97,left,0
4164,4165,3,7311.16,6181.06,2658.6399999999994,0.46484375,4164,334,BMAp,BMA,97,left,0
4165,4166,3,7312.5,6180.76,2659.82,0.84765625,4165,334,BMAp,BMA,97,left,0
4166,4167,3,7315.08,6180.5,2661.32,0.3515625,4166,334,BMAp,BMA,97,left,0
4167,4168,3,7316.52,6179.52,2662.42,0.46484375,4167,334,BMAp,BMA,97,left,0
4168,4169,3,7318.1,6178.24,2664.040000000001,0.26171875,4168,334,BMAp,BMA,97,left,0
4169,4170,3,7320.32,6177.54,2664.879999999999,0.61328125,4169,334,BMAp,BMA,97,left,0
4170,4171,3,7321.74,6176.84,2666.24,0.671875,4170,334,BMAp,BMA,97,left,0
4171,4172,3,7324.62,6176.54,2668.16,0.4375,4171,334,BMAp,BMA,97,left,0
4172,4173,3,7326.88,6176.62,2668.879999999999,0.5234375,4172,334,BMAp,BMA,97,left,0
4173,4174,3,7328.24,6177.64,2669.540000000001,0.69921875,4173,334,BMAp,BMA,97,left,0
4174,4175,3,7330.46,6178.46,2669.74,0.3515625,4174,334,BMAp,BMA,97,left,0
4175,4176,3,7332.58,6179.56,2669.5,0.41015625,4175,334,BMAp,BMA,97,left,0
4176,4177,3,7334.72,6180.8,2669.22,0.3203125,4176,334,BMAp,BMA,97,left,0
4177,4178,3,7337.22,6181.54,2669.620000000001,0.17578125,4177,334,BMAp,BMA,97,left,0
4178,4179,3,7339.24,6182.24,2670.4400000000005,0.49609375,4178,334,BMAp,BMA,97,left,0
4179,4180,3,7341.7,6182.24,2671.48,0.3515625,4179,334,BMAp,BMA,97,left,0
4180,4181,3,7343.98,6182.76,2672.1000000000004,0.49609375,4180,334,BMAp,BMA,97,left,0
4181,4182,3,7346.08,6183.56,2673.6399999999994,0.61328125,4181,334,BMAp,BMA,97,left,0
4182,4183,3,7347.58,6183.66,2674.9400000000005,0.58203125,4182,334,BMAp,BMA,97,left,1
5133,5134,3,7041.66,5779.76,2642.24,0.046875,3647,303,BLAa,BLA,112,left,0
5134,5135,3,7038.62,5779.38,2642.58,1.515625,5134,303,BLAa,BLA,112,left,0
5135,5136,3,7036.3,5778.78,2642.7000000000007,1.6328125,5135,303,BLAa,BLA,112,left,0
5136,5137,3,7034.12,5777.26,2643.0200000000004,0.69921875,5136,303,BLAa,BLA,112,left,0
5137,5138,3,7033.38,5773.76,2643.66,0.7578125,5137,303,BLAa,BLA,112,left,0
5138,5139,3,7032.08,5772.28,2643.9400000000005,0.37890625,5138,303,BLAa,BLA,112,left,0
5139,5140,3,7029.68,5771.96,2644.040000000001,0.5234375,5139,303,BLAa,BLA,112,left,0
5140,5141,3,7027.68,5771.4,2644.16,0.5546875,5140,303,BLAa,BLA,112,left,0
5141,5142,3,7025.66,5770.46,2644.34,0.58203125,5141,303,BLAa,BLA,112,left,0
5142,5143,3,7023.2,5769.28,2644.6399999999994,1.8359375,5142,303,BLAa,BLA,112,left,0
5143,5144,3,7022.26,5766.08,2645.72,1.28515625,5143,303,BLAa,BLA,112,left,0
5144,5145,3,7020.36,5763.46,2646.66,0.93359375,5144,303,BLAa,BLA,112,left,0
5145,5146,3,7019.5,5760.48,2647.540000000001,0.4375,5145,303,BLAa,BLA,112,left,0
5146,5147,3,7018.4,5758.22,2648.0200000000004,0.4375,5146,303,BLAa,BLA,112,left,0
5147,5148,3,7016.42,5757.76,2648.120000000001,0.49609375,5147,303,BLAa,BLA,112,left,0
5148,5149,3,7013.6,5755.78,2648.5,1.60546875,5148,303,BLAa,BLA,112,left,0
5149,5150,3,7012.42,5753.56,2648.92,1.16796875,5149,303,BLAa,BLA,112,left,0
5150,5151,3,7010.96,5751.28,2649.0,1.515625,5150,303,BLAa,BLA,112,left,0
5151,5152,3,7010.22,5749.04,2648.48,1.515625,5151,303,BLAa,BLA,112,left,0
5152,5153,3,7008.52,5748.06,2648.34,0.7890625,5152,303,BLAa,BLA,112,left,0
5153,5154,3,7006.76,5748.04,2648.1800000000003,0.0859375,5153,303,BLAa,BLA,112,left,0
5154,5155,3,7004.54,5748.02,2648.1800000000003,0.671875,5154,303,BLAa,BLA,112,left,0
5155,5156,3,7002.84,5747.68,2648.26,1.109375,5155,303,BLAa,BLA,112,left,0
5156,5157,3,7001.9,5740.12,2649.3600000000006,1.546875,5156,303,BLAa,BLA,112,left,0
5157,5158,3,7001.28,5737.22,2648.8,0.93359375,5157,303,BLAa,BLA,112,left,0
5158,5159,3,6999.42,5733.9,2648.48,0.58203125,5158,303,BLAa,BLA,112,left,0
5159,5160,3,6998.08,5732.26,2648.040000000001,0.90234375,5159,303,BLAa,BLA,112,left,0
5160,5161,3,6995.04,5730.52,2648.16,0.5546875,5160,303,BLAa,BLA,112,left,0
5161,5162,3,6992.62,5729.46,2648.08,0.9921875,5161,303,BLAa,BLA,112,left,0
5162,5163,3,6989.06,5728.3,2648.2000000000007,0.84765625,5162,303,BLAa,BLA,112,left,0
5163,5164,3,6987.32,5727.28,2648.4,1.6328125,5163,303,BLAa,BLA,112,left,0
5164,5165,3,6984.94,5726.66,2648.5200000000004,1.25390625,5164,303,BLAa,BLA,112,left,0
5165,5166,3,6982.62,5726.62,2648.5599999999995,0.875,5165,303,BLAa,BLA,112,left,0
5166,5167,3,6980.0,5725.8,2648.72,0.4375,5166,303,BLAa,BLA,112,left,0
5167,5168,3,6977.56,5724.2,2649.0200000000004,0.4375,5167,303,BLAa,BLA,112,left,0
5168,5169,3,6975.98,5722.42,2649.34,0.84765625,5168,303,BLAa,BLA,112,left,0
5169,5170,3,6972.94,5722.0,2649.4400000000005,0.875,5169,303,BLAa,BLA,112,left,0
5170,5171,3,6969.08,5721.92,2649.48,0.875,5170,303,BLAa,BLA,112,left,0
5171,5172,3,6966.48,5721.84,2649.5200000000004,0.4375,5171,303,BLAa,BLA,112,left,1
5172,5173,3,7043.68,5775.3,2642.5,0.0078125,3647,303,BLAa,BLA,113,left,0
5173,5174,3,7043.26,5771.62,2642.1000000000004,1.05078125,5173,303,BLAa,BLA,113,left,0
5174,5175,3,7043.2,5768.4,2641.5,0.7890625,5174,303,BLAa,BLA,113,left,0
5175,5176,3,7043.7,5765.78,2640.98,1.078125,5175,303,BLAa,BLA,113,left,0
5176,5177,3,7043.6,5762.8,2640.34,1.546875,5176,303,BLAa,BLA,113,left,0
5177,5178,3,7044.4,5761.04,2640.3600000000006,1.109375,5177,303,BLAa,BLA,113,left,0
5178,5179,3,7044.24,5758.38,2639.9,0.5234375,5178,303,BLAa,BLA,113,left,0
5179,5180,3,7043.8,5754.52,2639.5200000000004,0.29296875,5179,303,BLAa,BLA,113,left,0
5180,5181,3,7043.46,5751.82,2638.879999999999,1.72265625,5180,303,BLAa,BLA,113,left,0
5181,5182,3,7043.7,5750.4,2637.84,1.16796875,5181,303,BLAa,BLA,113,left,0
5182,5183,3,7045.92,5750.36,2636.9400000000005,0.7578125,5182,303,BLAa,BLA,113,left,0
5183,5184,3,7045.7,5747.46,2635.74,0.00390625,5183,303,BLAa,BLA,113,left,0
5184,5185,3,7047.98,5745.32,2635.120000000001,0.46484375,5184,303,BLAa,BLA,113,left,0
5185,5186,3,7049.32,5743.02,2634.7000000000007,1.05078125,5185,303,BLAa,BLA,113,left,0
5186,5187,3,7049.62,5742.02,2633.5,1.60546875,5186,303,BLAa,BLA,113,left,0
5187,5188,3,7049.32,5741.8,2630.7800000000007,1.01953125,5187,303,BLAa,BLA,113,left,0
5188,5189,3,7049.88,5741.24,2629.1000000000004,1.515625,5188,303,BLAa,BLA,113,left,0
5189,5190,3,7051.38,5741.16,2627.879999999999,1.4296875,5189,303,BLAa,BLA,113,left,0
5190,5191,3,7054.56,5741.12,2627.040000000001,1.37109375,5190,303,BLAa,BLA,113,left,0
5191,5192,3,7057.3,5741.08,2625.7000000000007,0.69921875,5191,303,BLAa,BLA,113,left,0
5192,5193,3,7058.94,5741.02,2623.98,0.5546875,5192,303,BLAa,BLA,113,left,1
5193,5194,3,7151.68,5758.98,2561.8,0.13671875,3727,303,BLAa,BLA,114,left,0
5194,5195,3,7153.9,5758.9,2561.8,1.2265625,5194,303,BLAa,BLA,114,left,0
5195,5196,3,7155.78,5758.64,2560.92,0.73046875,5195,303,BLAa,BLA,114,left,0
5196,5197,3,7156.56,5757.94,2558.74,0.640625,5196,303,BLAa,BLA,114,left,0
5197,5198,3,7157.12,5757.36,2556.5,0.73046875,5197,303,BLAa,BLA,114,left,0
5198,5199,3,7157.14,5756.98,2549.7800000000007,0.58203125,5198,303,BLAa,BLA,114,left,0
5199,5200,3,7157.22,5756.74,2548.4400000000005,0.90234375,5199,303,BLAa,BLA,114,left,0
5200,5201,3,7159.22,5756.3,2547.76,0.84765625,5200,303,BLAa,BLA,114,left,0
5201,5202,3,7162.0,5756.14,2546.2800000000007,0.640625,5201,303,BLAa,BLA,114,left,0
5202,5203,3,7162.88,5755.36,2544.5,1.109375,5202,303,BLAa,BLA,114,left,0
5203,5204,3,7163.12,5754.32,2542.5599999999995,0.49609375,5203,303,BLAa,BLA,114,left,0
5204,5205,3,7164.02,5753.82,2541.24,0.7578125,5204,303,BLAa,BLA,114,left,0
5205,5206,3,7166.62,5752.88,2540.9,0.9921875,5205,303,BLAa,BLA,114,left,0
5206,5207,3,7168.02,5752.24,2540.959999999999,0.61328125,5206,303,BLAa,BLA,114,left,0
5207,5208,3,7168.38,5750.42,2539.32,0.41015625,5207,303,BLAa,BLA,114,left,0
5208,5209,3,7168.38,5749.1,2537.4400000000005,0.49609375,5208,303,BLAa,BLA,114,left,0
5209,5210,3,7170.38,5748.6,2536.76,0.90234375,5209,303,BLAa,BLA,114,left,0
5210,5211,3,7173.08,5747.72,2535.379999999999,0.61328125,5210,303,BLAa,BLA,114,left,0
5211,5212,3,7174.32,5746.5,2533.8600000000006,0.49609375,5211,303,BLAa,BLA,114,left,0
5212,5213,3,7175.52,5743.52,2532.0200000000004,0.7578125,5212,303,BLAa,BLA,114,left,0
5213,5214,3,7177.06,5741.56,2531.24,0.5234375,5213,303,BLAa,BLA,114,left,0
5214,5215,3,7179.24,5738.84,2530.24,1.01953125,5214,303,BLAa,BLA,114,left,0
5215,5216,3,7180.86,5738.4,2529.32,0.875,5215,303,BLAa,BLA,114,left,0
5216,5217,3,7183.36,5737.8,2529.1399999999994,0.5546875,5216,303,BLAa,BLA,114,left,0
5217,5218,3,7184.08,5736.38,2528.5,0.41015625,5217,303,BLAa,BLA,114,left,0
5218,5219,3,7183.8,5734.24,2527.24,1.33984375,5218,303,BLAa,BLA,114,left,0
5219,5220,3,7183.6,5731.56,2527.32,1.33984375,5219,303,BLAa,BLA,114,left,0
5220,5221,3,7186.38,5731.26,2527.379999999999,0.07421875,5220,303,BLAa,BLA,114,left,0
5221,5222,3,7188.76,5731.14,2526.8,1.05078125,5221,303,BLAa,BLA,114,left,0
5222,5223,3,7189.56,5730.62,2525.879999999999,0.90234375,5222,303,BLAa,BLA,114,left,0
5223,5224,3,7189.46,5728.08,2525.120000000001,0.58203125,5223,303,BLAa,BLA,114,left,0
5224,5225,3,7189.34,5724.84,2523.9400000000005,1.13671875,5224,303,BLAa,BLA,114,left,0
5225,5226,3,7190.6,5723.42,2523.3,1.28515625,5225,303,BLAa,BLA,114,left,0
5226,5227,3,7193.04,5722.14,2522.7000000000007,1.25390625,5226,303,BLAa,BLA,114,left,0
5227,5228,3,7193.66,5719.94,2521.84,0.671875,5227,303,BLAa,BLA,114,left,0
5228,5229,3,7193.38,5717.54,2520.5,0.640625,5228,303,BLAa,BLA,114,left,0
5229,5230,3,7193.04,5714.98,2518.540000000001,0.5546875,5229,303,BLAa,BLA,114,left,0
5230,5231,3,7192.86,5712.9,2516.82,0.58203125,5230,303,BLAa,BLA,114,left,0
5231,5232,3,7193.46,5711.7,2515.8600000000006,1.05078125,5231,303,BLAa,BLA,114,left,0
5232,5233,3,7193.8,5709.82,2513.8,0.7890625,5232,303,BLAa,BLA,114,left,0
5233,5234,3,7194.54,5709.14,2512.6800000000003,0.640625,5233,303,BLAa,BLA,114,left,0
5234,5235,3,7194.46,5708.1,2510.66,0.46484375,5234,303,BLAa,BLA,114,left,0
5235,5236,3,7194.2,5706.44,2508.959999999999,0.90234375,5235,303,BLAa,BLA,114,left,0
5236,5237,3,7193.92,5703.32,2508.040000000001,0.7890625,5236,303,BLAa,BLA,114,left,0
5237,5238,3,7193.72,5701.04,2507.72,1.109375,5237,303,BLAa,BLA,114,left,0
5238,5239,3,7193.44,5696.9,2507.8600000000006,0.5546875,5238,303,BLAa,BLA,114,left,0
5239,5240,3,7193.2,5693.76,2507.6000000000004,0.4375,5239,303,BLAa,BLA,114,left,0
5240,5241,3,7193.0,5692.12,2506.4400000000005,0.640625,5240,303,BLAa,BLA,114,left,0
5241,5242,3,7192.68,5689.34,2505.0200000000004,0.3515625,5241,303,BLAa,BLA,114,left,0
5242,5243,3,7192.32,5687.0,2504.0200000000004,0.37890625,5242,303,BLAa,BLA,114,left,0
5243,5244,3,7191.36,5686.14,2503.26,0.61328125,5243,303,BLAa,BLA,114,left,0
5244,5245,3,7190.76,5683.96,2501.66,0.93359375,5244,303,BLAa,BLA,114,left,0
5245,5246,3,7190.5,5681.56,2500.3600000000006,1.3984375,5245,303,BLAa,BLA,114,left,0
5246,5247,3,7190.26,5678.38,2500.24,1.109375,5246,303,BLAa,BLA,114,left,0
5247,5248,3,7190.08,5676.24,2499.959999999999,0.640625,5247,303,BLAa,BLA,114,left,0
5248,5249,3,7189.82,5673.66,2498.9400000000005,0.73046875,5248,303,BLAa,BLA,114,left,0
5249,5250,3,7189.62,5671.18,2498.48,0.640625,5249,303,BLAa,BLA,114,left,0
5250,5251,3,7189.36,5668.52,2497.5599999999995,0.49609375,5250,303,BLAa,BLA,114,left,0
5251,5252,3,7189.14,5665.28,2497.8,1.16796875,5251,303,BLAa,BLA,114,left,0
5252,5253,3,7149.64,5759.06,2564.5200000000004,0.046875,3727,303,BLAa,BLA,115,left,0
5253,5254,3,7149.76,5758.74,2566.2800000000007,2.859375,5253,303,BLAa,BLA,115,left,0
5254,5255,3,7148.28,5736.62,2570.8600000000006,0.875,5254,303,BLAa,BLA,115,left,0
5255,5256,3,7148.12,5734.58,2571.0599999999995,0.58203125,5255,303,BLAa,BLA,115,left,0
5256,5257,3,7147.78,5729.68,2571.84,0.61328125,5256,303,BLAa,BLA,115,left,0
5257,5258,3,7147.64,5726.96,2573.08,0.640625,5257,303,BLAa,BLA,115,left,0
5258,5259,3,7147.8,5723.02,2575.959999999999,0.41015625,5258,303,BLAa,BLA,115,left,0
5259,5260,3,7148.54,5721.4,2576.42,0.7890625,5259,303,BLAa,BLA,115,left,0
5260,5261,3,7148.22,5719.16,2577.5599999999995,0.0078125,5260,303,BLAa,BLA,115,left,0
5261,5262,3,7146.48,5718.22,2577.74,0.46484375,5261,303,BLAa,BLA,115,left,0
5262,5263,3,7145.92,5716.72,2577.66,0.61328125,5262,303,BLAa,BLA,115,left,0
5263,5264,3,7145.42,5708.1,2578.9400000000005,0.640625,5263,303,BLAa,BLA,115,left,0
5264,5265,3,7145.96,5705.16,2579.32,0.29296875,5264,303,BLAa,BLA,115,left,0
5265,5266,3,7146.22,5701.42,2579.0599999999995,0.46484375,5265,303,BLAa,BLA,115,left,0
5266,5267,3,7147.7,5698.32,2578.84,0.41015625,5266,303,BLAa,BLA,115,left,0
5267,5268,3,7148.74,5696.02,2578.3600000000006,0.46484375,5267,303,BLAa,BLA,115,left,0
5268,5269,3,7150.32,5693.72,2577.8600000000006,0.4375,5268,303,BLAa,BLA,115,left,0
5269,5270,3,7151.64,5692.06,2576.9,0.5546875,5269,303,BLAa,BLA,115,left,0
5270,5271,3,7153.86,5689.22,2575.58,0.5546875,5270,303,BLAa,BLA,115,left,0
5271,5272,3,7154.62,5687.48,2575.040000000001,0.41015625,5271,303,BLAa,BLA,115,left,0
5272,5273,3,7154.42,5684.68,2573.1800000000003,0.671875,5272,303,BLAa,BLA,115,left,0
5273,5274,3,7154.62,5684.14,2571.74,0.5546875,5273,303,BLAa,BLA,115,left,0
5274,5275,3,7156.4,5684.04,2571.1000000000004,0.5546875,5274,303,BLAa,BLA,115,left,0
5275,5276,3,7158.54,5683.96,2570.9400000000005,0.69921875,5275,303,BLAa,BLA,115,left,0
5276,5277,3,7159.16,5682.72,2570.26,1.13671875,5276,303,BLAa,BLA,115,left,0
5277,5278,3,7158.9,5680.22,2569.4,0.7578125,5277,303,BLAa,BLA,115,left,0
5278,5279,3,7160.44,5678.18,2568.5599999999995,0.3515625,5278,303,BLAa,BLA,115,left,0
5279,5280,3,7162.12,5677.38,2568.1800000000003,0.640625,5279,303,BLAa,BLA,115,left,0
5280,5281,3,7162.04,5673.42,2567.32,0.90234375,5280,303,BLAa,BLA,115,left,0
5281,5282,3,7161.86,5670.44,2566.5,0.5546875,5281,303,BLAa,BLA,115,left,0
5282,5283,3,7162.48,5668.98,2566.040000000001,0.46484375,5282,303,BLAa,BLA,115,left,0
5283,5284,3,7162.54,5662.58,2567.0599999999995,0.7890625,5283,303,BLAa,BLA,115,left,0
5284,5285,3,7163.02,5660.26,2567.5599999999995,0.49609375,5284,303,BLAa,BLA,115,left,0
5285,5286,3,7163.5,5656.86,2568.3,0.5234375,5285,303,BLAa,BLA,115,left,0
5286,5287,3,7161.74,5654.94,2568.24,0.0078125,5286,303,BLAa,BLA,115,left,0
5287,5288,3,7158.8,5653.38,2568.24,0.69921875,5287,303,BLAa,BLA,115,left,0
5288,5289,3,7157.16,5652.2,2567.620000000001,0.61328125,5288,303,BLAa,BLA,115,left,1
5289,5290,3,7155.72,5797.38,2618.24,0.01171875,3750,303,BLAa,BLA,116,left,0
5290,5291,3,7154.06,5794.76,2619.0200000000004,0.640625,5290,303,BLAa,BLA,116,left,0
5291,5292,3,7150.58,5792.1,2620.0,0.3515625,5291,303,BLAa,BLA,116,left,0
5292,5293,3,7149.72,5790.42,2620.7800000000007,0.26171875,5292,303,BLAa,BLA,116,left,0
5293,5294,3,7147.7,5788.9,2621.2000000000007,0.37890625,5293,303,BLAa,BLA,116,left,0
5294,5295,3,7145.16,5788.42,2621.74,0.5234375,5294,303,BLAa,BLA,116,left,0
5295,5296,3,7144.16,5785.9,2622.8,0.49609375,5295,303,BLAa,BLA,116,left,0
5296,5297,3,7142.22,5783.04,2623.9,0.5234375,5296,303,BLAa,BLA,116,left,0
5297,5298,3,7141.38,5780.08,2624.9,0.49609375,5297,303,BLAa,BLA,116,left,0
5298,5299,3,7139.48,5776.9,2625.82,0.46484375,5298,303,BLAa,BLA,116,left,0
5299,5300,3,7137.32,5774.32,2626.3600000000006,0.41015625,5299,303,BLAa,BLA,116,left,0
5300,5301,3,7135.12,5772.14,2626.8,0.640625,5300,303,BLAa,BLA,116,left,0
5301,5302,3,7133.88,5770.3,2626.959999999999,0.203125,5301,303,BLAa,BLA,116,left,0
5302,5303,3,7132.16,5768.24,2626.42,0.4375,5302,303,BLAa,BLA,116,left,0
5303,5304,3,7129.76,5766.92,2626.5200000000004,0.49609375,5303,303,BLAa,BLA,116,left,0
5304,5305,3,7128.08,5765.44,2626.74,0.3203125,5304,303,BLAa,BLA,116,left,0
5305,5306,3,7125.12,5765.2,2626.5,0.7578125,5305,303,BLAa,BLA,116,left,0
5306,5307,3,7124.06,5762.82,2626.9,0.01171875,5306,303,BLAa,BLA,116,left,0
5307,5308,3,7121.68,5761.54,2627.1800000000003,0.5546875,5307,303,BLAa,BLA,116,left,0
5308,5309,3,7119.52,5758.32,2627.74,0.61328125,5308,303,BLAa,BLA,116,left,0
5309,5310,3,7117.64,5756.2,2627.8600000000006,0.4375,5309,303,BLAa,BLA,116,left,0
5310,5311,3,7114.8,5754.76,2628.1000000000004,0.3515625,5310,303,BLAa,BLA,116,left,0
5311,5312,3,7112.92,5752.42,2628.3,1.1953125,5311,303,BLAa,BLA,116,left,0
5312,5313,3,7111.94,5749.22,2628.379999999999,0.61328125,5312,303,BLAa,BLA,116,left,0
5313,5314,3,7111.08,5746.66,2628.0,0.84765625,5313,303,BLAa,BLA,116,left,0
5314,5315,3,7110.42,5746.02,2626.8,0.73046875,5314,303,BLAa,BLA,116,left,0
5315,5316,3,7108.38,5744.36,2626.24,0.5234375,5315,303,BLAa,BLA,116,left,0
5316,5317,3,7106.68,5741.84,2625.08,0.73046875,5316,303,BLAa,BLA,116,left,0
5317,5318,3,7105.64,5740.92,2623.42,0.203125,5317,303,BLAa,BLA,116,left,0
5318,5319,3,7103.46,5740.9,2620.040000000001,0.671875,5318,303,BLAa,BLA,116,left,0
5319,5320,3,7102.1,5740.88,2618.1800000000003,0.4375,5319,303,BLAa,BLA,116,left,0
5320,5321,3,7100.54,5740.9,2616.879999999999,0.46484375,5320,303,BLAa,BLA,116,left,0
5321,5322,3,7098.18,5740.94,2616.34,1.13671875,5321,303,BLAa,BLA,116,left,0
5322,5323,3,7094.52,5740.98,2616.0,1.3125,5322,303,BLAa,BLA,116,left,0
5323,5324,3,7090.76,5741.06,2616.0200000000004,0.7890625,5323,303,BLAa,BLA,116,left,0
5324,5325,3,7088.22,5741.1,2616.0200000000004,0.3515625,5324,303,BLAa,BLA,116,left,1
5325,5326,3,7158.52,5798.7,2616.9400000000005,0.05859375,3750,303,BLAa,BLA,117,left,0
5326,5327,3,7159.2,5796.8,2616.4400000000005,0.90234375,5326,303,BLAa,BLA,117,left,0
5327,5328,3,7160.6,5794.8,2616.3,0.7578125,5327,303,BLAa,BLA,117,left,0
5328,5329,3,7161.42,5792.82,2616.6399999999994,0.875,5328,303,BLAa,BLA,117,left,0
5329,5330,3,7163.48,5791.34,2616.92,0.81640625,5329,303,BLAa,BLA,117,left,0
5330,5331,3,7164.18,5787.0,2617.7800000000007,0.4375,5330,303,BLAa,BLA,117,left,0
5331,5332,3,7164.4,5784.92,2618.1800000000003,0.46484375,5331,303,BLAa,BLA,117,left,0
5332,5333,3,7166.12,5783.22,2618.72,0.640625,5332,303,BLAa,BLA,117,left,0
5333,5334,3,7167.4,5780.32,2619.5200000000004,0.73046875,5333,303,BLAa,BLA,117,left,0
5334,5335,3,7169.0,5776.4,2620.2800000000007,0.69921875,5334,303,BLAa,BLA,117,left,0
5335,5336,3,7171.16,5774.86,2620.58,0.61328125,5335,303,BLAa,BLA,117,left,0
5336,5337,3,7172.04,5773.14,2621.0599999999995,0.671875,5336,303,BLAa,BLA,117,left,0
5337,5338,3,7171.76,5766.0,2622.82,0.4375,5337,303,BLAa,BLA,117,left,0
5338,5339,3,7171.66,5764.14,2623.2000000000007,0.875,5338,303,BLAa,BLA,117,left,0
5339,5340,3,7170.8,5749.9,2626.9,0.9921875,5339,303,BLAa,BLA,117,left,0
5340,5341,3,7170.04,5748.42,2628.5599999999995,0.93359375,5340,303,BLAa,BLA,117,left,0
5341,5342,3,7169.6,5745.98,2629.540000000001,1.01953125,5341,303,BLAa,BLA,117,left,0
5342,5343,3,7169.54,5744.94,2629.76,0.16796875,5342,303,BLAa,BLA,117,left,0
5343,5344,3,7169.24,5739.12,2630.959999999999,1.28515625,5343,303,BLAa,BLA,117,left,0
5344,5345,3,7169.32,5737.0,2631.4,0.7578125,5344,303,BLAa,BLA,117,left,0
5345,5346,3,7170.54,5736.22,2631.540000000001,0.3515625,5345,303,BLAa,BLA,117,left,0
5346,5347,3,7171.46,5733.54,2632.040000000001,0.4375,5346,303,BLAa,BLA,117,left,0
5347,5348,3,7171.32,5730.48,2632.3,1.1953125,5347,303,BLAa,BLA,117,left,0
5348,5349,3,7172.0,5728.44,2632.040000000001,0.7578125,5348,303,BLAa,BLA,117,left,0
5349,5350,3,7171.42,5711.22,2635.3,0.93359375,5349,303,BLAa,BLA,117,left,0
5350,5351,3,7171.7,5708.26,2636.5200000000004,0.90234375,5350,303,BLAa,BLA,117,left,0
5351,5352,3,7173.26,5706.56,2637.72,1.2265625,5351,303,BLAa,BLA,117,left,0
5352,5353,3,7174.06,5704.96,2640.3,1.109375,5352,303,BLAa,BLA,117,left,0
5353,5354,3,7174.18,5703.42,2642.379999999999,1.05078125,5353,303,BLAa,BLA,117,left,0
5354,5355,3,7174.36,5702.8,2644.5599999999995,0.81640625,5354,303,BLAa,BLA,117,left,0
5355,5356,3,7174.56,5701.5,2647.22,1.6328125,5355,303,BLAa,BLA,117,left,0
5356,5357,3,7174.66,5700.72,2648.72,1.6328125,5356,303,BLAa,BLA,117,left,1
5357,5358,3,7186.4,6017.44,2630.8,0.03125,3849,334,BMAp,BMA,118,left,0
5358,5359,3,7188.4,6018.04,2629.379999999999,0.203125,5358,334,BMAp,BMA,118,left,0
5359,5360,3,7190.22,6018.8,2628.32,0.26171875,5359,334,BMAp,BMA,118,left,0
5360,5361,3,7193.12,6019.58,2627.459999999999,0.3515625,5360,334,BMAp,BMA,118,left,0
5361,5362,3,7194.78,6019.52,2626.959999999999,0.3515625,5361,334,BMAp,BMA,118,left,1
5362,5363,3,7185.88,6017.52,2631.120000000001,0.09375,3849,334,BMAp,BMA,119,left,0
5363,5364,3,7187.62,6019.06,2631.24,0.37890625,5363,334,BMAp,BMA,119,left,0
5364,5365,3,7189.68,6020.4,2631.32,0.4375,5364,334,BMAp,BMA,119,left,0
5365,5366,3,7191.64,6021.04,2631.379999999999,0.4375,5365,334,BMAp,BMA,119,left,0
5366,5367,3,7193.02,6022.3,2631.84,0.3203125,5366,334,BMAp,BMA,119,left,0
5367,5368,3,7195.6,6022.72,2632.6800000000003,0.3515625,5367,334,BMAp,BMA,119,left,0
5368,5369,3,7199.08,6023.3,2633.66,0.203125,5368,334,BMAp,BMA,119,left,0
5369,5370,3,7201.52,6025.14,2634.26,0.4375,5369,334,BMAp,BMA,119,left,0
5370,5371,3,7202.4,6027.72,2634.6800000000003,0.46484375,5370,334,BMAp,BMA,119,left,0
5371,5372,3,7203.88,6027.3,2634.24,0.01171875,5371,334,BMAp,BMA,119,left,0
5372,5373,3,7206.86,6028.76,2633.98,0.46484375,5372,334,BMAp,BMA,119,left,0
5373,5374,3,7209.26,6030.74,2633.8,0.41015625,5373,334,BMAp,BMA,119,left,0
5374,5375,3,7210.0,6032.96,2633.0200000000004,0.69921875,5374,334,BMAp,BMA,119,left,0
5375,5376,3,7211.18,6035.38,2632.040000000001,0.4375,5375,334,BMAp,BMA,119,left,0
5376,5377,3,7213.08,6036.52,2631.5200000000004,0.41015625,5376,334,BMAp,BMA,119,left,0
5377,5378,3,7215.5,6038.7,2630.379999999999,0.17578125,5377,334,BMAp,BMA,119,left,0
5378,5379,3,7216.5,6039.68,2628.98,0.3515625,5378,334,BMAp,BMA,119,left,0
5379,5380,3,7218.4,6039.96,2628.16,0.49609375,5379,334,BMAp,BMA,119,left,0
5380,5381,3,7221.16,6040.32,2626.9,0.3515625,5380,334,BMAp,BMA,119,left,0
5381,5382,3,7223.16,6040.66,2625.9,0.49609375,5381,334,BMAp,BMA,119,left,0
5382,5383,3,7226.64,6040.68,2625.2800000000007,0.4375,5382,334,BMAp,BMA,119,left,0
5383,5384,3,7228.18,6041.6,2625.0200000000004,0.41015625,5383,334,BMAp,BMA,119,left,0
5384,5385,3,7230.68,6042.88,2624.2800000000007,0.0078125,5384,334,BMAp,BMA,119,left,0
5385,5386,3,7233.28,6044.12,2623.98,0.234375,5385,334,BMAp,BMA,119,left,0
5386,5387,3,7235.02,6045.34,2623.72,0.46484375,5386,334,BMAp,BMA,119,left,0
5387,5388,3,7237.28,6046.2,2623.4400000000005,0.4375,5387,334,BMAp,BMA,119,left,0
5388,5389,3,7238.7,6046.56,2623.0,0.5234375,5388,334,BMAp,BMA,119,left,0
5389,5390,3,7239.74,6048.42,2622.5599999999995,0.3515625,5389,334,BMAp,BMA,119,left,0
5390,5391,3,7241.78,6050.94,2621.8600000000006,0.4375,5390,334,BMAp,BMA,119,left,0
5391,5392,3,7243.4,6052.64,2620.76,0.3515625,5391,334,BMAp,BMA,119,left,0
5392,5393,3,7245.6,6053.74,2619.66,0.61328125,5392,334,BMAp,BMA,119,left,0
5393,5394,3,7246.9,6054.56,2618.7800000000007,0.61328125,5393,334,BMAp,BMA,119,left,0
5394,5395,3,7249.36,6055.84,2617.6000000000004,0.49609375,5394,334,BMAp,BMA,119,left,0
5395,5396,3,7251.16,6057.82,2616.9400000000005,0.37890625,5395,334,BMAp,BMA,119,left,0
5396,5397,3,7253.72,6058.98,2616.959999999999,0.26171875,5396,334,BMAp,BMA,119,left,0
5397,5398,3,7256.14,6060.56,2616.74,0.5234375,5397,334,BMAp,BMA,119,left,0
5398,5399,3,7257.66,6062.3,2616.34,0.61328125,5398,334,BMAp,BMA,119,left,0
5399,5400,3,7259.96,6062.66,2615.92,0.41015625,5399,334,BMAp,BMA,119,left,0
5400,5401,3,7262.32,6062.84,2615.6800000000003,0.61328125,5400,334,BMAp,BMA,119,left,0
5401,5402,3,7264.6,6065.18,2615.0599999999995,0.00390625,5401,334,BMAp,BMA,119,left,0
5402,5403,3,7265.9,6066.24,2613.4400000000005,0.3515625,5402,334,BMAp,BMA,119,left,0
5403,5404,3,7267.16,6066.68,2611.5200000000004,0.37890625,5403,334,BMAp,BMA,119,left,0
5404,5405,3,7269.28,6066.54,2610.7000000000007,0.3515625,5404,334,BMAp,BMA,119,left,0
5405,5406,3,7272.8,6066.22,2609.42,0.640625,5405,334,BMAp,BMA,119,left,0
5406,5407,3,7275.06,6065.94,2608.6000000000004,0.37890625,5406,334,BMAp,BMA,119,left,0
5407,5408,3,7276.98,6065.24,2608.5,0.37890625,5407,334,BMAp,BMA,119,left,0
5408,5409,3,7279.9,6063.82,2608.6800000000003,0.37890625,5408,334,BMAp,BMA,119,left,0
5409,5410,3,7282.4,6062.96,2608.76,0.4375,5409,334,BMAp,BMA,119,left,0
5410,5411,3,7284.66,6062.76,2608.6000000000004,0.37890625,5410,334,BMAp,BMA,119,left,0
5411,5412,3,7286.42,6062.68,2608.3,0.234375,5411,334,BMAp,BMA,119,left,0
5412,5413,3,7288.78,6063.2,2607.1399999999994,0.81640625,5412,334,BMAp,BMA,119,left,0
5413,5414,3,7290.66,6063.76,2605.6399999999994,0.46484375,5413,334,BMAp,BMA,119,left,0
5414,5415,3,7292.26,6064.78,2604.9,0.03515625,5414,334,BMAp,BMA,119,left,0
5415,5416,3,7293.74,6066.7,2603.6000000000004,0.41015625,5415,334,BMAp,BMA,119,left,0
5416,5417,3,7295.96,6068.06,2602.74,0.5234375,5416,334,BMAp,BMA,119,left,0
5417,5418,3,7298.3,6068.08,2602.1399999999994,0.5234375,5417,334,BMAp,BMA,119,left,0
5418,5419,3,7299.66,6067.96,2601.6800000000003,0.61328125,5418,334,BMAp,BMA,119,left,0
5419,5420,3,7302.6,6067.64,2600.9,0.234375,5419,334,BMAp,BMA,119,left,0
5420,5421,3,7303.82,6067.12,2600.379999999999,0.49609375,5420,334,BMAp,BMA,119,left,0
5421,5422,3,7303.8,6066.1,2598.6800000000003,0.37890625,5421,334,BMAp,BMA,119,left,0
5422,5423,3,7303.58,6064.96,2597.0,0.46484375,5422,334,BMAp,BMA,119,left,0
5423,5424,3,7304.5,6064.3,2595.8,0.58203125,5423,334,BMAp,BMA,119,left,0
5424,5425,3,7306.84,6063.78,2594.22,0.5234375,5424,334,BMAp,BMA,119,left,0
5425,5426,3,7308.86,6063.26,2593.42,0.3515625,5425,334,BMAp,BMA,119,left,0
5426,5427,3,7311.08,6063.04,2592.5200000000004,0.46484375,5426,334,BMAp,BMA,119,left,0
5427,5428,3,7312.74,6063.32,2591.8,0.5234375,5427,334,BMAp,BMA,119,left,0
5428,5429,3,7314.52,6064.2,2590.6800000000003,0.203125,5428,334,BMAp,BMA,119,left,0
5429,5430,3,7316.28,6064.58,2590.0200000000004,0.61328125,5429,334,BMAp,BMA,119,left,0
5430,5431,3,7319.28,6064.66,2589.82,0.4375,5430,334,BMAp,BMA,119,left,0
5431,5432,3,7321.54,6064.44,2589.8,0.37890625,5431,334,BMAp,BMA,119,left,0
5432,5433,3,7323.92,6064.22,2589.879999999999,0.41015625,5432,334,BMAp,BMA,119,left,0
5433,5434,3,7325.7,6064.14,2590.120000000001,0.37890625,5433,334,BMAp,BMA,119,left,0
5434,5435,3,7329.28,6064.28,2590.0200000000004,0.29296875,5434,334,BMAp,BMA,119,left,0
5435,5436,3,7331.24,6064.12,2589.72,0.37890625,5435,334,BMAp,BMA,119,left,0
5436,5437,3,7333.02,6063.96,2589.58,0.0625,5436,334,BMAp,BMA,119,left,0
5437,5438,3,7335.76,6063.7,2589.540000000001,0.73046875,5437,334,BMAp,BMA,119,left,0
5438,5439,3,7338.02,6063.48,2589.5,0.3515625,5438,334,BMAp,BMA,119,left,0
5439,5440,3,7340.04,6062.62,2589.4,0.58203125,5439,334,BMAp,BMA,119,left,0
5440,5441,3,7341.16,6061.16,2590.34,0.203125,5440,334,BMAp,BMA,119,left,0
5441,5442,3,7343.82,6059.74,2590.92,0.234375,5441,334,BMAp,BMA,119,left,0
5442,5443,3,7346.6,6059.06,2590.9,0.234375,5442,334,BMAp,BMA,119,left,0
5443,5444,3,7348.04,6058.9,2590.379999999999,0.61328125,5443,334,BMAp,BMA,119,left,0
5444,5445,3,7350.84,6058.6,2589.7000000000007,0.671875,5444,334,BMAp,BMA,119,left,0
5445,5446,3,7352.14,6058.44,2588.7000000000007,0.671875,5445,334,BMAp,BMA,119,left,0
6469,6470,3,7189.1,5664.04,2495.72,0.00390625,5252,303,BLAa,BLA,140,left,0
6470,6471,3,7190.46,5662.94,2495.620000000001,0.640625,6470,303,BLAa,BLA,140,left,0
6471,6472,3,7191.9,5660.4,2495.540000000001,0.4375,6471,303,BLAa,BLA,140,left,0
6472,6473,3,7193.3,5659.0,2494.6800000000003,0.7890625,6472,303,BLAa,BLA,140,left,0
6473,6474,3,7193.46,5657.34,2494.5200000000004,0.7890625,6473,303,BLAa,BLA,140,left,0
6474,6475,3,7195.08,5656.9,2493.5599999999995,0.5546875,6474,303,BLAa,BLA,140,left,0
6475,6476,3,7197.72,5655.88,2493.0,0.640625,6475,303,BLAa,BLA,140,left,0
6476,6477,3,7199.16,5653.96,2492.9,0.5546875,6476,303,BLAa,BLA,140,left,0
6477,6478,3,7200.68,5653.54,2492.76,0.9609375,6477,303,BLAa,BLA,140,left,0
6478,6479,3,7203.42,5653.46,2491.0200000000004,0.49609375,6478,303,BLAa,BLA,140,left,0
6479,6480,3,7205.12,5653.3,2489.7800000000007,0.61328125,6479,303,BLAa,BLA,140,left,0
6480,6481,3,7206.08,5652.44,2488.76,0.37890625,6480,303,BLAa,BLA,140,left,0
6481,6482,3,7207.66,5652.12,2486.9400000000005,0.875,6481,303,BLAa,BLA,140,left,0
6482,6483,3,7208.62,5651.62,2484.84,0.5234375,6482,303,BLAa,BLA,140,left,0
6483,6484,3,7208.78,5650.28,2482.8,1.05078125,6483,303,BLAa,BLA,140,left,0
6484,6485,3,7208.52,5649.34,2480.120000000001,0.7890625,6484,303,BLAa,BLA,140,left,0
6485,6486,3,7208.4,5649.24,2478.459999999999,0.640625,6485,303,BLAa,BLA,140,left,0
6486,6487,3,7208.12,5647.84,2475.6800000000003,0.5546875,6486,303,BLAa,BLA,140,left,0
6487,6488,3,7207.92,5646.54,2474.120000000001,0.29296875,6487,303,BLAa,BLA,140,left,0
6488,6489,3,7207.6,5646.16,2470.16,0.73046875,6488,303,BLAa,BLA,140,left,0
6489,6490,3,7207.46,5645.94,2468.4,0.234375,6489,303,BLAa,BLA,140,left,0
6490,6491,3,7207.24,5644.34,2466.66,0.640625,6490,303,BLAa,BLA,140,left,0
6491,6492,3,7207.04,5643.34,2464.9400000000005,1.109375,6491,303,BLAa,BLA,140,left,0
6492,6493,3,7189.78,5660.0,2498.82,0.49609375,5252,303,BLAa,BLA,141,left,0
6493,6494,3,7191.06,5654.56,2499.34,0.46484375,6493,303,BLAa,BLA,141,left,0
6494,6495,3,7190.94,5652.24,2499.74,0.5546875,6494,303,BLAa,BLA,141,left,0
6495,6496,3,7192.14,5650.46,2499.22,0.5546875,6495,303,BLAa,BLA,141,left,0
6496,6497,3,7193.9,5649.36,2498.959999999999,0.49609375,6496,303,BLAa,BLA,141,left,0
6497,6498,3,7196.72,5648.66,2498.34,0.61328125,6497,303,BLAa,BLA,141,left,0
6498,6499,3,7197.52,5646.48,2497.4400000000005,0.46484375,6498,303,BLAa,BLA,141,left,0
6499,6500,3,7199.38,5644.74,2497.22,0.37890625,6499,303,BLAa,BLA,141,left,0
6500,6501,3,7200.42,5642.98,2496.379999999999,0.671875,6500,303,BLAa,BLA,141,left,0
6501,6502,3,7200.56,5640.56,2495.3,0.69921875,6501,303,BLAa,BLA,141,left,0
6502,6503,3,7202.62,5638.68,2494.459999999999,0.671875,6502,303,BLAa,BLA,141,left,0
6503,6504,3,7203.66,5636.88,2493.34,0.5234375,6503,303,BLAa,BLA,141,left,0
6504,6505,3,7203.82,5634.5,2492.16,0.4375,6504,303,BLAa,BLA,141,left,0
6505,6506,3,7205.26,5632.9,2491.1399999999994,0.58203125,6505,303,BLAa,BLA,141,left,0
6506,6507,3,7206.04,5631.12,2489.16,0.61328125,6506,303,BLAa,BLA,141,left,0
6507,6508,3,7206.72,5629.7,2489.1000000000004,0.9921875,6507,303,BLAa,BLA,141,left,0
6508,6509,3,7206.64,5628.94,2488.0200000000004,0.03515625,6508,303,BLAa,BLA,141,left,0
6509,6510,3,7206.48,5625.88,2487.92,0.5546875,6509,303,BLAa,BLA,141,left,0
6510,6511,3,7206.24,5623.1,2486.98,0.4375,6510,303,BLAa,BLA,141,left,0
6511,6512,3,7206.04,5620.38,2486.32,0.875,6511,303,BLAa,BLA,141,left,0
6512,6513,3,7205.88,5618.4,2485.6800000000003,0.5234375,6512,303,BLAa,BLA,141,left,0
6513,6514,3,7205.6,5612.2,2486.4400000000005,0.58203125,6513,303,BLAa,BLA,141,left,0
6514,6515,3,7205.46,5609.8,2486.34,1.13671875,6514,303,BLAa,BLA,141,left,0
6515,6516,3,7205.26,5608.38,2484.6800000000003,0.49609375,6515,303,BLAa,BLA,141,left,0
6516,6517,3,7205.06,5605.94,2483.58,0.37890625,6516,303,BLAa,BLA,141,left,0
6517,6518,3,7204.66,5603.6,2482.5,0.4375,6517,303,BLAa,BLA,141,left,0
6518,6519,3,7203.22,5602.04,2482.5,0.58203125,6518,303,BLAa,BLA,141,left,0
6519,6520,3,7201.82,5598.9,2483.24,0.46484375,6519,303,BLAa,BLA,141,left,0
6520,6521,3,7199.64,5597.28,2483.959999999999,0.58203125,6520,303,BLAa,BLA,141,left,0
6521,6522,3,7198.2,5595.92,2484.74,0.41015625,6521,303,BLAa,BLA,141,left,1
6522,6523,3,7354.68,6058.14,2587.76,0.0234375,5446,334,BMAp,BMA,142,left,0
6523,6524,3,7356.7,6057.08,2586.5599999999995,0.46484375,6523,334,BMAp,BMA,142,left,0
6524,6525,3,7356.74,6056.72,2584.9,0.4375,6524,334,BMAp,BMA,142,left,0
6525,6526,3,7357.68,6056.58,2584.3600000000006,0.3515625,6525,334,BMAp,BMA,142,left,0
6526,6527,3,7360.1,6055.62,2584.459999999999,0.0078125,6526,334,BMAp,BMA,142,left,0
6527,6528,3,7362.42,6054.9,2584.5200000000004,0.671875,6527,334,BMAp,BMA,142,left,0
6528,6529,3,7364.76,6054.66,2584.459999999999,0.3515625,6528,334,BMAp,BMA,142,left,0
6529,6530,3,7366.78,6054.46,2584.08,0.29296875,6529,334,BMAp,BMA,142,left,0
6530,6531,3,7369.64,6053.76,2583.1000000000004,0.41015625,6530,334,BMAp,BMA,142,left,0
6531,6532,3,7371.46,6053.34,2582.1399999999994,0.81640625,6531,334,BMAp,BMA,142,left,0
6532,6533,3,7374.46,6053.0,2580.72,0.58203125,6532,334,BMAp,BMA,142,left,0
6533,6534,3,7376.32,6052.76,2579.5200000000004,0.69921875,6533,334,BMAp,BMA,142,left,0
6534,6535,3,7378.66,6052.08,2578.22,0.640625,6534,334,BMAp,BMA,142,left,0
6535,6536,3,7380.12,6051.3,2577.98,0.3203125,6535,334,BMAp,BMA,142,left,0
6536,6537,3,7383.16,6050.52,2578.0200000000004,0.01171875,6536,334,BMAp,BMA,142,left,0
6537,6538,3,7384.44,6049.24,2578.22,0.3515625,6537,334,BMAp,BMA,142,left,0
6538,6539,3,7386.66,6048.0,2578.379999999999,0.3515625,6538,334,BMAp,BMA,142,left,0
6539,6540,3,7389.44,6047.12,2578.3,0.49609375,6539,334,BMAp,BMA,142,left,0
6540,6541,3,7391.58,6046.58,2578.0599999999995,0.5234375,6540,334,BMAp,BMA,142,left,0
6541,6542,3,7393.92,6046.04,2577.7000000000007,0.5546875,6541,334,BMAp,BMA,142,left,0
6542,6543,3,7395.86,6045.84,2577.6399999999994,0.3515625,6542,334,BMAp,BMA,142,left,0
6543,6544,3,7398.76,6044.96,2577.120000000001,0.0078125,6543,334,BMAp,BMA,142,left,0
6544,6545,3,7400.88,6044.58,2576.459999999999,0.29296875,6544,334,BMAp,BMA,142,left,0
6545,6546,3,7403.12,6043.96,2576.42,0.29296875,6545,334,BMAp,BMA,142,left,0
6546,6547,3,7405.22,6044.08,2576.34,0.37890625,6546,334,BMAp,BMA,142,left,0
6547,6548,3,7407.26,6044.5,2575.82,0.26171875,6547,334,BMAp,BMA,142,left,0
6548,6549,3,7409.38,6044.32,2574.72,0.640625,6548,334,BMAp,BMA,142,left,0
6549,6550,3,7411.56,6044.26,2574.26,0.46484375,6549,334,BMAp,BMA,142,left,0
6550,6551,3,7412.72,6044.52,2573.4,0.37890625,6550,334,BMAp,BMA,142,left,0
6551,6552,3,7415.3,6044.22,2572.42,0.3515625,6551,334,BMAp,BMA,142,left,0
6552,6553,3,7417.12,6044.02,2571.76,0.46484375,6552,334,BMAp,BMA,142,left,0
6553,6554,3,7419.18,6043.26,2571.58,0.37890625,6553,334,BMAp,BMA,142,left,0
6554,6555,3,7420.78,6042.0,2571.3600000000006,0.46484375,6554,334,BMAp,BMA,142,left,0
6555,6556,3,7421.88,6040.48,2570.6399999999994,0.4375,6555,334,BMAp,BMA,142,left,0
6556,6557,3,7424.48,6038.34,2570.2000000000007,0.58203125,6556,334,BMAp,BMA,142,left,0
6557,6558,3,7426.2,6036.1,2570.5200000000004,0.671875,6557,334,BMAp,BMA,142,left,0
6558,6559,3,7429.46,6034.54,2570.72,0.4375,6558,334,BMAp,BMA,142,left,0
6559,6560,3,7431.58,6033.26,2570.9,0.46484375,6559,334,BMAp,BMA,142,left,0
6560,6561,3,7434.4,6031.76,2571.0599999999995,0.3203125,6560,334,BMAp,BMA,142,left,0
6561,6562,3,7437.14,6030.48,2570.6399999999994,0.37890625,6561,334,BMAp,BMA,142,left,0
6562,6563,3,7438.88,6029.98,2570.0599999999995,0.37890625,6562,334,BMAp,BMA,142,left,0
6563,6564,3,7441.34,6029.12,2570.040000000001,0.015625,6563,334,BMAp,BMA,142,left,0
6564,6565,3,7353.82,6059.7,2585.92,0.00390625,5446,334,BMAp,BMA,143,left,0
6565,6566,3,7355.06,6062.8,2584.040000000001,0.46484375,6565,334,BMAp,BMA,143,left,0
6566,6567,3,7356.46,6064.92,2583.32,0.3515625,6566,334,BMAp,BMA,143,left,0
6567,6568,3,7357.6,6067.74,2582.16,0.234375,6567,334,BMAp,BMA,143,left,0
6568,6569,3,7358.96,6069.24,2581.16,0.3515625,6568,334,BMAp,BMA,143,left,0
6569,6570,3,7359.92,6071.5,2579.9400000000005,0.203125,6569,334,BMAp,BMA,143,left,0
6570,6571,3,7360.02,6074.56,2576.9400000000005,0.5546875,6570,334,BMAp,BMA,143,left,0
6571,6572,3,7360.72,6077.32,2575.0,0.3203125,6571,334,BMAp,BMA,143,left,0
6572,6573,3,7361.7,6078.68,2573.379999999999,0.61328125,6572,334,BMAp,BMA,143,left,0
6573,6574,3,7364.44,6078.66,2572.9400000000005,0.3515625,6573,334,BMAp,BMA,143,left,0
6574,6575,3,7366.7,6078.44,2572.92,0.3515625,6574,334,BMAp,BMA,143,left,0
6575,6576,3,7368.98,6079.38,2572.1399999999994,0.17578125,6575,334,BMAp,BMA,143,left,0
6576,6577,3,7370.5,6080.28,2570.2000000000007,0.671875,6576,334,BMAp,BMA,143,left,0
6577,6578,3,7371.52,6080.9,2568.620000000001,0.41015625,6577,334,BMAp,BMA,143,left,0
6578,6579,3,7372.32,6082.58,2566.48,0.29296875,6578,334,BMAp,BMA,143,left,0
6579,6580,3,7373.64,6083.64,2564.379999999999,0.26171875,6579,334,BMAp,BMA,143,left,0
6580,6581,3,7375.74,6083.98,2562.8,0.4375,6580,334,BMAp,BMA,143,left,0
6581,6582,3,7376.48,6084.14,2561.459999999999,0.58203125,6581,334,BMAp,BMA,143,left,0
6582,6583,3,7377.32,6085.92,2560.24,0.46484375,6582,334,BMAp,BMA,143,left,0
6583,6584,3,7378.84,6087.84,2559.120000000001,0.29296875,6583,334,BMAp,BMA,143,left,0
6584,6585,3,7380.24,6088.28,2558.6000000000004,0.3515625,6584,334,BMAp,BMA,143,left,0
6585,6586,3,7380.82,6093.14,2555.7800000000007,0.00390625,6585,334,BMAp,BMA,143,left,0
6586,6587,3,7381.68,6095.84,2554.120000000001,0.46484375,6586,334,BMAp,BMA,143,left,0
6587,6588,3,7381.98,6098.82,2551.540000000001,0.46484375,6587,334,BMAp,BMA,143,left,0
6588,6589,3,7382.44,6100.9,2550.4400000000005,0.3515625,6588,334,BMAp,BMA,143,left,0
6589,6590,3,7383.84,6102.88,2550.16,0.26171875,6589,334,BMAp,BMA,143,left,0
6590,6591,3,7385.3,6104.7,2550.08,0.41015625,6590,334,BMAp,BMA,143,left,0
6591,6592,3,7386.6,6107.52,2549.6399999999994,0.49609375,6591,334,BMAp,BMA,143,left,0
6592,6593,3,7388.76,6108.64,2549.26,0.234375,6592,334,BMAp,BMA,143,left,0
6593,6594,3,7390.26,6110.8,2547.76,0.17578125,6593,334,BMAp,BMA,143,left,0
6594,6595,3,7392.48,6112.06,2546.120000000001,0.5234375,6594,334,BMAp,BMA,143,left,0
6595,6596,3,7393.8,6113.88,2544.4400000000005,0.29296875,6595,334,BMAp,BMA,143,left,0
6596,6597,3,7395.24,6116.4,2542.6399999999994,0.61328125,6596,334,BMAp,BMA,143,left,0
6597,6598,3,7396.02,6117.62,2540.76,0.5546875,6597,334,BMAp,BMA,143,left,0
6598,6599,3,7396.84,6120.68,2538.1800000000003,0.17578125,6598,334,BMAp,BMA,143,left,0
6599,6600,3,7398.16,6122.7,2536.959999999999,0.234375,6599,334,BMAp,BMA,143,left,0
6600,6601,3,7399.02,6125.8,2535.1000000000004,0.5234375,6600,334,BMAp,BMA,143,left,0
6601,6602,3,7399.5,6130.4,2533.66,0.46484375,6601,334,BMAp,BMA,143,left,0
6602,6603,3,7400.4,6132.6,2533.58,0.49609375,6602,334,BMAp,BMA,143,left,0
6603,6604,3,7401.22,6136.6,2534.0599999999995,0.49609375,6603,334,BMAp,BMA,143,left,0
6604,6605,3,7401.62,6140.46,2534.24,0.41015625,6604,334,BMAp,BMA,143,left,0
6605,6606,3,7402.12,6143.0,2534.6800000000003,0.4375,6605,334,BMAp,BMA,143,left,0
6606,6607,3,7403.18,6144.32,2535.8,0.29296875,6606,334,BMAp,BMA,143,left,0
6607,6608,3,7403.94,6146.94,2536.1399999999994,0.3515625,6607,334,BMAp,BMA,143,left,0
6608,6609,3,7404.86,6149.28,2535.5200000000004,0.203125,6608,334,BMAp,BMA,143,left,0
6609,6610,3,7405.36,6153.98,2534.1800000000003,0.3515625,6609,334,BMAp,BMA,143,left,0
6610,6611,3,7406.22,6156.48,2532.32,0.3515625,6610,334,BMAp,BMA,143,left,0
6611,6612,3,7407.7,6158.36,2530.98,0.46484375,6611,334,BMAp,BMA,143,left,0
6612,6613,3,7410.1,6161.42,2529.0599999999995,0.4375,6612,334,BMAp,BMA,143,left,0
6613,6614,3,7411.6,6162.9,2527.84,0.49609375,6613,334,BMAp,BMA,143,left,0
6614,6615,3,7411.9,6165.16,2525.48,0.49609375,6614,334,BMAp,BMA,143,left,0
6615,6616,3,7412.52,6166.3,2523.9,0.17578125,6615,334,BMAp,BMA,143,left,0
6616,6617,3,7413.9,6166.6,2523.58,0.4375,6616,334,BMAp,BMA,143,left,0
6617,6618,3,7414.38,6167.92,2522.42,0.671875,6617,334,BMAp,BMA,143,left,0
6618,6619,3,7416.28,6170.28,2520.620000000001,0.00390625,6618,334,BMAp,BMA,143,left,0
6619,6620,3,7416.9,6171.7,2518.4400000000005,0.3203125,6619,334,BMAp,BMA,143,left,0
6620,6621,3,7417.74,6173.4,2516.72,0.4375,6620,334,BMAp,BMA,143,left,0
6621,6622,3,7419.08,6174.04,2515.5599999999995,0.41015625,6621,334,BMAp,BMA,143,left,0
6622,6623,3,7420.62,6176.56,2513.82,0.29296875,6622,334,BMAp,BMA,143,left,0
6623,6624,3,7422.4,6178.62,2513.120000000001,0.5234375,6623,334,BMAp,BMA,143,left,0
6624,6625,3,7423.36,6180.84,2511.3600000000006,0.5546875,6624,334,BMAp,BMA,143,left,0
6625,6626,3,7423.42,6182.62,2509.2800000000007,0.4375,6625,334,BMAp,BMA,143,left,0
6626,6627,3,7424.82,6183.82,2507.8600000000006,0.17578125,6626,334,BMAp,BMA,143,left,0
6627,6628,3,7426.84,6184.48,2507.379999999999,0.41015625,6627,334,BMAp,BMA,143,left,0
6628,6629,3,7428.76,6186.64,2506.08,0.37890625,6628,334,BMAp,BMA,143,left,0
6629,6630,3,7430.08,6189.24,2504.2800000000007,0.3203125,6629,334,BMAp,BMA,143,left,0
6630,6631,3,7431.24,6190.72,2502.9400000000005,0.61328125,6630,334,BMAp,BMA,143,left,0
6631,6632,3,7433.54,6192.06,2501.540000000001,0.46484375,6631,334,BMAp,BMA,143,left,0
6632,6633,3,7435.2,6193.44,2500.540000000001,0.234375,6632,334,BMAp,BMA,143,left,0
6633,6634,3,7436.86,6194.66,2499.82,0.4375,6633,334,BMAp,BMA,143,left,0
6634,6635,3,7439.1,6196.68,2499.2000000000007,0.17578125,6634,334,BMAp,BMA,143,left,0
6635,6636,3,7441.6,6198.54,2498.58,0.46484375,6635,334,BMAp,BMA,143,left,0
6636,6637,3,7442.36,6200.56,2498.040000000001,0.3203125,6636,334,BMAp,BMA,143,left,0
6637,6638,3,7443.94,6201.9,2497.5200000000004,0.29296875,6637,334,BMAp,BMA,143,left,0
6638,6639,3,7446.46,6202.24,2497.1000000000004,0.3203125,6638,334,BMAp,BMA,143,left,0
6639,6640,3,7447.62,6203.24,2495.879999999999,0.9921875,6639,334,BMAp,BMA,143,left,0
6640,6641,3,7449.88,6204.48,2494.8,0.5234375,6640,334,BMAp,BMA,143,left,0
6641,6642,3,7451.1,6207.24,2494.26,0.46484375,6641,334,BMAp,BMA,143,left,0
6642,6643,3,7451.62,6208.98,2493.959999999999,0.41015625,6642,334,BMAp,BMA,143,left,0
6643,6644,3,7453.6,6209.86,2493.74,0.61328125,6643,334,BMAp,BMA,143,left,0
6644,6645,3,7455.72,6212.04,2492.540000000001,0.3515625,6644,334,BMAp,BMA,143,left,0
6645,6646,3,7456.98,6213.32,2491.74,0.17578125,6645,334,BMAp,BMA,143,left,0
6646,6647,3,7457.64,6215.62,2490.08,0.3515625,6646,334,BMAp,BMA,143,left,0
6647,6648,3,7458.7,6216.18,2489.120000000001,0.37890625,6647,334,BMAp,BMA,143,left,0
6648,6649,3,7460.72,6216.12,2488.8,0.49609375,6648,334,BMAp,BMA,143,left,0
6649,6650,3,7462.18,6217.12,2487.76,0.234375,6649,334,BMAp,BMA,143,left,0
6650,6651,3,7464.42,6218.1,2486.1800000000003,0.5234375,6650,334,BMAp,BMA,143,left,0
6651,6652,3,7465.94,6218.22,2485.1800000000003,0.015625,6651,334,BMAp,BMA,143,left,0
6652,6653,3,7468.2,6217.96,2483.8600000000006,0.4375,6652,334,BMAp,BMA,143,left,0
6653,6654,3,7470.36,6217.7,2483.1000000000004,0.3203125,6653,334,BMAp,BMA,143,left,0
6654,6655,3,7473.12,6217.66,2481.8,0.4375,6654,334,BMAp,BMA,143,left,0
6655,6656,3,7475.06,6217.96,2481.0,0.5234375,6655,334,BMAp,BMA,143,left,0
6656,6657,3,7476.88,6218.6,2480.6000000000004,0.4375,6656,334,BMAp,BMA,143,left,0
6657,6658,3,7479.5,6218.94,2480.120000000001,0.3515625,6657,334,BMAp,BMA,143,left,0
6658,6659,3,7481.54,6218.7,2479.76,0.3515625,6658,334,BMAp,BMA,143,left,0
6659,6660,3,7484.02,6218.42,2479.6000000000004,0.640625,6659,334,BMAp,BMA,143,left,0
6660,6661,3,7485.76,6218.46,2478.6000000000004,0.875,6660,334,BMAp,BMA,143,left,0
6661,6662,3,7486.8,6218.88,2477.0200000000004,0.875,6661,334,BMAp,BMA,143,left,0
6662,6663,3,7489.0,6218.94,2475.6399999999994,0.3515625,6662,334,BMAp,BMA,143,left,0
6663,6664,3,7492.18,6218.58,2475.32,0.37890625,6663,334,BMAp,BMA,143,left,0
6664,6665,3,7494.38,6218.32,2475.2000000000007,0.234375,6664,334,BMAp,BMA,143,left,0
6665,6666,3,7496.48,6217.94,2474.620000000001,0.26171875,6665,334,BMAp,BMA,143,left,0
6666,6667,3,7498.22,6217.36,2474.3,0.234375,6666,334,BMAp,BMA,143,left,0
6667,6668,3,7500.78,6217.0,2474.0599999999995,0.49609375,6667,334,BMAp,BMA,143,left,0
6668,6669,3,7503.22,6217.08,2473.6000000000004,0.46484375,6668,334,BMAp,BMA,143,left,0
6669,6670,3,7505.18,6218.08,2472.72,0.3515625,6669,334,BMAp,BMA,143,left,0
6670,6671,3,7507.44,6218.48,2471.98,0.37890625,6670,334,BMAp,BMA,143,left,0
6671,6672,3,7509.48,6218.26,2471.6000000000004,0.41015625,6671,334,BMAp,BMA,143,left,0
6672,6673,3,7510.04,6218.18,2470.72,0.49609375,6672,334,BMAp,BMA,143,left,0
6673,6674,3,7511.62,6218.16,2470.5599999999995,0.01953125,6673,334,BMAp,BMA,143,left,0
6674,6675,3,7514.08,6218.74,2469.040000000001,0.203125,6674,334,BMAp,BMA,143,left,0
6675,6676,3,7516.14,6219.12,2467.9,0.4375,6675,334,BMAp,BMA,143,left,0
6676,6677,3,7518.1,6219.48,2467.22,0.37890625,6676,334,BMAp,BMA,143,left,0
6677,6678,3,7521.08,6219.64,2466.5,0.234375,6677,334,BMAp,BMA,143,left,0
6678,6679,3,7523.18,6220.32,2465.8,0.3515625,6678,334,BMAp,BMA,143,left,0
6679,6680,3,7526.04,6220.68,2464.8,0.41015625,6679,334,BMAp,BMA,143,left,0
6680,6681,3,7528.08,6221.12,2464.2000000000007,0.4375,6680,334,BMAp,BMA,143,left,0
6681,6682,3,7530.78,6222.78,2462.42,0.5234375,6681,334,BMAp,BMA,143,left,0
6682,6683,3,7532.32,6223.84,2460.959999999999,0.671875,6682,334,BMAp,BMA,143,left,0
6683,6684,3,7534.4,6224.04,2460.16,0.29296875,6683,334,BMAp,BMA,143,left,0
6684,6685,3,7536.6,6225.4,2459.1000000000004,0.26171875,6684,334,BMAp,BMA,143,left,0
6685,6686,3,7538.28,6226.44,2457.8,0.37890625,6685,334,BMAp,BMA,143,left,0
6686,6687,3,7539.78,6228.3,2456.459999999999,0.5234375,6686,334,BMAp,BMA,143,left,0
6687,6688,3,7540.06,6230.56,2455.0200000000004,0.49609375,6687,334,BMAp,BMA,143,left,0
6688,6689,3,7541.02,6231.62,2453.72,0.26171875,6688,334,BMAp,BMA,143,left,0
6689,6690,3,7542.62,6232.04,2453.32,0.234375,6689,334,BMAp,BMA,143,left,0
6690,6691,3,7544.72,6232.44,2452.92,0.3515625,6690,334,BMAp,BMA,143,left,0
6691,6692,3,7546.82,6232.78,2451.9400000000005,0.3515625,6691,334,BMAp,BMA,143,left,0
6692,6693,3,7548.2,6232.96,2451.34,0.4375,6692,334,BMAp,BMA,143,left,0
8650,8651,3,7208.02,5638.92,2465.32,0.00390625,6492,303,BLAa,BLA,170,left,0
8651,8652,3,7207.78,5634.44,2465.34,1.72265625,8651,303,BLAa,BLA,170,left,0
8652,8653,3,7207.58,5631.2,2465.2000000000007,0.671875,8652,303,BLAa,BLA,170,left,0
8653,8654,3,7207.34,5626.52,2465.48,0.3203125,8653,303,BLAa,BLA,170,left,0
8654,8655,3,7207.18,5623.64,2465.66,0.58203125,8654,303,BLAa,BLA,170,left,0
8655,8656,3,7206.22,5620.04,2466.0599999999995,0.26171875,8655,303,BLAa,BLA,170,left,0
8656,8657,3,7204.1,5618.5,2465.92,0.234375,8656,303,BLAa,BLA,170,left,0
8657,8658,3,7201.92,5616.04,2465.48,0.5546875,8657,303,BLAa,BLA,170,left,0
8658,8659,3,7200.26,5614.4,2465.379999999999,0.5234375,8658,303,BLAa,BLA,170,left,1
8659,8660,3,7206.76,5644.84,2459.74,0.875,6492,303,BLAa,BLA,171,left,0
8660,8661,3,7207.92,5646.06,2458.7000000000007,1.01953125,8660,303,BLAa,BLA,171,left,0
8661,8662,3,7209.94,5646.04,2458.6000000000004,1.13671875,8661,303,BLAa,BLA,171,left,0
8662,8663,3,7211.6,5646.2,2457.4400000000005,0.84765625,8662,303,BLAa,BLA,171,left,0
8663,8664,3,7212.7,5647.68,2454.7000000000007,0.29296875,8663,303,BLAa,BLA,171,left,0
8664,8665,3,7214.02,5649.24,2452.620000000001,0.640625,8664,303,BLAa,BLA,171,left,0
8665,8666,3,7214.04,5650.16,2449.3,0.640625,8665,303,BLAa,BLA,171,left,0
8666,8667,3,7214.28,5650.26,2447.5,0.5546875,8666,303,BLAa,BLA,171,left,0
8667,8668,3,7215.46,5650.26,2445.6000000000004,0.3203125,8667,303,BLAa,BLA,171,left,0
8668,8669,3,7217.5,5649.84,2442.66,0.90234375,8668,303,BLAa,BLA,171,left,0
8669,8670,3,7218.54,5649.9,2440.6000000000004,0.93359375,8669,303,BLAa,BLA,171,left,0
8670,8671,3,7219.6,5649.94,2439.1000000000004,0.46484375,8670,303,BLAa,BLA,171,left,0
8671,8672,3,7221.2,5649.96,2437.24,0.7890625,8671,303,BLAa,BLA,171,left,0
8672,8673,3,7222.82,5649.96,2436.040000000001,0.73046875,8672,303,BLAa,BLA,171,left,0
8673,8674,3,7224.42,5650.02,2434.040000000001,0.5234375,8673,303,BLAa,BLA,171,left,0
8674,8675,3,7225.52,5650.1,2432.1000000000004,0.875,8674,303,BLAa,BLA,171,left,0
8675,8676,3,7227.82,5650.1,2430.48,0.7578125,8675,303,BLAa,BLA,171,left,0
8676,8677,3,7229.36,5650.12,2428.84,0.671875,8676,303,BLAa,BLA,171,left,0
8677,8678,3,7230.32,5650.24,2426.66,0.69921875,8677,303,BLAa,BLA,171,left,0
8678,8679,3,7232.08,5650.38,2423.48,0.00390625,8678,303,BLAa,BLA,171,left,0
8679,8680,3,7232.5,5650.52,2421.120000000001,0.7578125,8679,303,BLAa,BLA,171,left,0
8680,8681,3,7232.32,5650.14,2418.7000000000007,1.078125,8680,303,BLAa,BLA,171,left,0
8681,8682,3,7232.16,5649.54,2416.9,0.73046875,8681,303,BLAa,BLA,171,left,0
8682,8683,3,7233.62,5648.28,2416.040000000001,0.640625,8682,303,BLAa,BLA,171,left,0
8683,8684,3,7235.26,5646.42,2415.72,0.5234375,8683,303,BLAa,BLA,171,left,0
8684,8685,3,7237.3,5645.16,2414.76,0.46484375,8684,303,BLAa,BLA,171,left,0
8685,8686,3,7237.98,5645.4,2411.4,0.4375,8685,303,BLAa,BLA,171,left,0
8686,8687,3,7238.64,5645.5,2409.7000000000007,0.93359375,8686,303,BLAa,BLA,171,left,0
8687,8688,3,7442.64,6030.92,2570.6399999999994,1.13671875,6564,334,BMAp,BMA,172,left,0
8688,8689,3,7443.18,6032.74,2575.98,0.69921875,8688,334,BMAp,BMA,172,left,0
8689,8690,3,7443.44,6033.44,2577.74,0.49609375,8689,334,BMAp,BMA,172,left,0
8690,8691,3,7444.56,6033.8,2579.76,0.61328125,8690,334,BMAp,BMA,172,left,0
8691,8692,3,7444.84,6034.3,2582.120000000001,0.73046875,8691,334,BMAp,BMA,172,left,0
8692,8693,3,7445.06,6035.5,2583.9400000000005,0.7890625,8692,334,BMAp,BMA,172,left,0
8693,8694,3,7445.26,6036.38,2586.040000000001,0.3515625,8693,334,BMAp,BMA,172,left,0
8694,8695,3,7445.6,6038.28,2588.6399999999994,0.26171875,8694,334,BMAp,BMA,172,left,1
8695,8696,3,7442.86,6028.72,2568.7800000000007,0.49609375,6564,334,BMAp,BMA,173,left,0
8696,8697,3,7443.62,6027.7,2567.32,0.61328125,8696,334,BMAp,BMA,173,left,0
8697,8698,3,7445.58,6026.54,2566.48,0.37890625,8697,334,BMAp,BMA,173,left,0
8698,8699,3,7446.74,6024.98,2565.76,0.37890625,8698,334,BMAp,BMA,173,left,0
8699,8700,3,7448.08,6022.92,2565.5200000000004,0.4375,8699,334,BMAp,BMA,173,left,0
8700,8701,3,7450.64,6020.88,2565.34,0.37890625,8700,334,BMAp,BMA,173,left,0
8701,8702,3,7451.98,6019.24,2565.34,0.3515625,8701,334,BMAp,BMA,173,left,0
8702,8703,3,7454.02,6017.72,2565.2800000000007,0.61328125,8702,334,BMAp,BMA,173,left,0
8703,8704,3,7455.7,6016.78,2564.42,0.41015625,8703,334,BMAp,BMA,173,left,0
8704,8705,3,7456.16,6015.96,2562.5599999999995,0.5234375,8704,334,BMAp,BMA,173,left,0
8705,8706,3,7457.02,6015.22,2561.0200000000004,0.49609375,8705,334,BMAp,BMA,173,left,0
8706,8707,3,7458.92,6014.68,2560.24,0.69921875,8706,334,BMAp,BMA,173,left,0
8707,8708,3,7460.26,6014.52,2559.82,0.5546875,8707,334,BMAp,BMA,173,left,0
8708,8709,3,7462.02,6013.82,2559.3,0.03125,8708,334,BMAp,BMA,173,left,0
8709,8710,3,7464.54,6013.3,2558.22,0.234375,8709,334,BMAp,BMA,173,left,0
8710,8711,3,7465.86,6012.18,2557.42,0.41015625,8710,334,BMAp,BMA,173,left,0
8711,8712,3,7467.8,6010.72,2556.7000000000007,0.29296875,8711,334,BMAp,BMA,173,left,0
8712,8713,3,7469.5,6009.6,2556.58,0.4375,8712,334,BMAp,BMA,173,left,0
8713,8714,3,7471.1,6008.5,2555.92,0.3203125,8713,334,BMAp,BMA,173,left,0
8714,8715,3,7473.54,6007.98,2554.6800000000003,0.4375,8714,334,BMAp,BMA,173,left,0
8715,8716,3,7474.92,6007.52,2553.620000000001,0.5234375,8715,334,BMAp,BMA,173,left,0
8716,8717,3,7476.8,6006.98,2552.82,0.4375,8716,334,BMAp,BMA,173,left,0
8717,8718,3,7478.72,6006.74,2551.7000000000007,0.46484375,8717,334,BMAp,BMA,173,left,0
8718,8719,3,7481.06,6006.3,2550.620000000001,0.61328125,8718,334,BMAp,BMA,173,left,0
8719,8720,3,7482.9,6005.66,2549.76,0.3515625,8719,334,BMAp,BMA,173,left,0
8720,8721,3,7485.14,6004.56,2548.66,0.17578125,8720,334,BMAp,BMA,173,left,0
8721,8722,3,7486.4,6002.96,2547.5,0.41015625,8721,334,BMAp,BMA,173,left,0
8722,8723,3,7486.98,6001.88,2546.66,0.4375,8722,334,BMAp,BMA,173,left,0
8723,8724,3,7489.26,6000.68,2546.6000000000004,0.4375,8723,334,BMAp,BMA,173,left,0
8724,8725,3,7490.36,5999.14,2546.1399999999994,0.3515625,8724,334,BMAp,BMA,173,left,0
8725,8726,3,7490.74,5996.58,2543.879999999999,0.4375,8725,334,BMAp,BMA,173,left,0
8726,8727,3,7491.24,5995.04,2541.98,0.5234375,8726,334,BMAp,BMA,173,left,0
8727,8728,3,7491.62,5993.24,2540.22,0.00390625,8727,334,BMAp,BMA,173,left,0
8728,8729,3,7493.54,5991.88,2539.84,0.46484375,8728,334,BMAp,BMA,173,left,0
8729,8730,3,7494.84,5989.72,2539.4,0.5546875,8729,334,BMAp,BMA,173,left,0
8730,8731,3,7496.44,5988.12,2538.5200000000004,0.37890625,8730,334,BMAp,BMA,173,left,0
8731,8732,3,7497.56,5987.02,2537.7000000000007,0.3515625,8731,334,BMAp,BMA,173,left,0
8732,8733,3,7500.04,5985.98,2537.08,0.41015625,8732,334,BMAp,BMA,173,left,0
8733,8734,3,7501.68,5984.48,2536.3,0.41015625,8733,334,BMAp,BMA,173,left,0
8734,8735,3,7502.76,5983.26,2535.1000000000004,0.5234375,8734,334,BMAp,BMA,173,left,0
8735,8736,3,7505.08,5981.66,2534.34,0.46484375,8735,334,BMAp,BMA,173,left,0
8736,8737,3,7505.96,5980.68,2533.3600000000006,0.58203125,8736,334,BMAp,BMA,173,left,0
8737,8738,3,7505.76,5979.54,2531.42,0.671875,8737,334,BMAp,BMA,173,left,0
8738,8739,3,7504.88,5978.04,2530.040000000001,0.49609375,8738,334,BMAp,BMA,173,left,0
8739,8740,3,7503.36,5976.58,2529.1800000000003,0.41015625,8739,334,BMAp,BMA,173,left,0
8740,8741,3,7502.76,5973.94,2528.0200000000004,0.29296875,8740,334,BMAp,BMA,173,left,0
8741,8742,3,7502.42,5971.08,2526.22,0.5234375,8741,334,BMAp,BMA,173,left,0
8742,8743,3,7502.2,5969.52,2524.6399999999994,0.5546875,8742,334,BMAp,BMA,173,left,0
8743,8744,3,7502.1,5968.14,2522.9400000000005,0.29296875,8743,334,BMAp,BMA,173,left,0
8744,8745,3,7502.8,5967.6,2522.6399999999994,0.3203125,8744,334,BMAp,BMA,173,left,0
8745,8746,3,7502.92,5966.96,2520.8,0.01953125,8745,334,BMAp,BMA,173,left,0
8746,8747,3,7502.74,5966.14,2517.82,0.3515625,8746,334,BMAp,BMA,173,left,0
8747,8748,3,7502.44,5964.64,2516.3,0.41015625,8747,334,BMAp,BMA,173,left,0
8748,8749,3,7501.3,5964.08,2515.74,0.3515625,8748,334,BMAp,BMA,173,left,0
8749,8750,3,7547.1,6230.78,2452.6399999999994,0.00390625,6693,334,BMAp,BMA,174,left,0
8750,8751,3,7546.74,6227.2,2453.72,0.61328125,8750,334,BMAp,BMA,174,left,0
8751,8752,3,7546.36,6223.14,2454.58,0.41015625,8751,334,BMAp,BMA,174,left,0
8752,8753,3,7546.22,6221.56,2454.82,0.41015625,8752,334,BMAp,BMA,174,left,1
8753,8754,3,7551.06,6233.4,2450.6800000000003,0.00390625,6693,334,BMAp,BMA,175,left,0
8754,8755,3,7553.34,6233.54,2448.879999999999,0.69921875,8754,334,BMAp,BMA,175,left,0
8755,8756,3,7555.04,6233.74,2447.959999999999,0.234375,8755,334,BMAp,BMA,175,left,0
8756,8757,3,7557.98,6233.5,2446.72,0.69921875,8756,334,BMAp,BMA,175,left,0
8757,8758,3,7559.96,6233.26,2445.48,0.3203125,8757,334,BMAp,BMA,175,left,0
8758,8759,3,7562.02,6233.04,2444.66,0.73046875,8758,334,BMAp,BMA,175,left,0
8759,8760,3,7564.76,6233.12,2443.9,0.671875,8759,334,BMAp,BMA,175,left,0
8760,8761,3,7566.54,6233.0,2442.58,0.41015625,8760,334,BMAp,BMA,175,left,0
8761,8762,3,7568.9,6233.0,2441.5200000000004,0.5234375,8761,334,BMAp,BMA,175,left,0
8762,8763,3,7571.28,6232.92,2441.34,0.05859375,8762,334,BMAp,BMA,175,left,0
8763,8764,3,7573.26,6232.36,2441.26,0.26171875,8763,334,BMAp,BMA,175,left,0
8764,8765,3,7575.72,6231.88,2440.74,0.4375,8764,334,BMAp,BMA,175,left,0
8765,8766,3,7578.96,6231.5,2439.6399999999994,0.41015625,8765,334,BMAp,BMA,175,left,0
8766,8767,3,7581.16,6231.36,2438.9,0.3203125,8766,334,BMAp,BMA,175,left,0
8767,8768,3,7582.78,6231.58,2437.4400000000005,1.2265625,8767,334,BMAp,BMA,175,left,0
8768,8769,3,7584.64,6231.38,2436.7000000000007,0.46484375,8768,334,BMAp,BMA,175,left,0
8769,8770,3,7587.74,6231.28,2435.6800000000003,0.58203125,8769,334,BMAp,BMA,175,left,0
8770,8771,3,7589.68,6231.6,2434.92,0.46484375,8770,334,BMAp,BMA,175,left,0
8771,8772,3,7592.08,6232.5,2434.3600000000006,0.3203125,8771,334,BMAp,BMA,175,left,0
8772,8773,3,7594.46,6233.58,2434.0599999999995,0.3515625,8772,334,BMAp,BMA,175,left,0
8773,8774,3,7595.74,6234.8,2433.84,0.9609375,8773,334,BMAp,BMA,175,left,0
8774,8775,3,7598.58,6235.12,2433.76,0.81640625,8774,334,BMAp,BMA,175,left,0
8775,8776,3,7600.7,6235.52,2433.3,0.5234375,8775,334,BMAp,BMA,175,left,0
8776,8777,3,7602.9,6235.92,2432.22,0.3515625,8776,334,BMAp,BMA,175,left,0
8777,8778,3,7604.2,6236.4,2431.26,0.4375,8777,334,BMAp,BMA,175,left,0
8778,8779,3,7607.42,6236.64,2430.32,0.26171875,8778,334,BMAp,BMA,175,left,0
8779,8780,3,7609.6,6236.76,2430.34,0.203125,8779,334,BMAp,BMA,175,left,0
8780,8781,3,7611.58,6236.56,2431.32,0.5546875,8780,334,BMAp,BMA,175,left,0
8781,8782,3,7613.9,6236.54,2431.7800000000007,0.41015625,8781,334,BMAp,BMA,175,left,0
8782,8783,3,7616.16,6237.5,2431.82,0.234375,8782,334,BMAp,BMA,175,left,0
8783,8784,3,7617.5,6237.56,2432.0599999999995,0.3515625,8783,334,BMAp,BMA,175,left,0
8784,8785,3,7619.22,6237.34,2432.1800000000003,0.05859375,8784,334,BMAp,BMA,175,left,0
8785,8786,3,7621.96,6237.02,2432.22,0.3515625,8785,334,BMAp,BMA,175,left,0
8786,8787,3,7625.26,6236.4,2432.3,0.26171875,8786,334,BMAp,BMA,175,left,0
8787,8788,3,7627.42,6235.82,2432.98,0.46484375,8787,334,BMAp,BMA,175,left,0
8788,8789,3,7630.18,6235.42,2433.8600000000006,0.3515625,8788,334,BMAp,BMA,175,left,0
8789,8790,3,7633.4,6235.68,2434.0599999999995,0.29296875,8789,334,BMAp,BMA,175,left,0
8790,8791,3,7635.26,6236.34,2433.9400000000005,0.26171875,8790,334,BMAp,BMA,175,left,0
8791,8792,3,7637.96,6236.4,2433.879999999999,0.3515625,8791,334,BMAp,BMA,175,left,0
8792,8793,3,7640.38,6237.24,2433.32,0.41015625,8792,334,BMAp,BMA,175,left,0
8793,8794,3,7642.12,6238.18,2432.34,0.203125,8793,334,BMAp,BMA,175,left,0
8794,8795,3,7642.94,6241.54,2431.7000000000007,0.69921875,8794,334,BMAp,BMA,175,left,0
8795,8796,3,7644.72,6242.7,2431.5,0.3515625,8795,334,BMAp,BMA,175,left,0
8796,8797,3,7647.04,6243.1,2431.42,0.3515625,8796,334,BMAp,BMA,175,left,0
8797,8798,3,7649.16,6244.96,2431.1000000000004,0.640625,8797,334,BMAp,BMA,175,left,0
8798,8799,3,7651.0,6246.38,2430.8600000000006,1.3984375,8798,334,BMAp,BMA,175,left,0
8799,8800,3,7653.9,6247.4,2430.6399999999994,0.90234375,8799,334,BMAp,BMA,175,left,0
8800,8801,3,7655.58,6248.88,2430.22,0.17578125,8800,334,BMAp,BMA,175,left,0
8801,8802,3,7656.96,6250.54,2429.5200000000004,21.29296875,8801,334,BMAp,BMA,175,left,0
8802,8803,3,7658.3,6250.76,2429.24,0.3515625,8802,334,BMAp,BMA,175,left,0
8803,8804,3,7660.5,6251.74,2429.0200000000004,0.4375,8803,334,BMAp,BMA,175,left,0
8804,8805,3,7662.66,6252.54,2429.1399999999994,0.5234375,8804,334,BMAp,BMA,175,left,0
8805,8806,3,7664.64,6253.5,2429.4400000000005,0.203125,8805,334,BMAp,BMA,175,left,0
8806,8807,3,7666.64,6254.66,2429.42,0.4375,8806,334,BMAp,BMA,175,left,0
8807,8808,3,7668.8,6254.94,2429.34,0.49609375,8807,334,BMAp,BMA,175,left,0
8808,8809,3,7671.06,6254.98,2429.32,0.203125,8808,334,BMAp,BMA,175,left,0
8809,8810,3,7674.02,6256.32,2429.08,0.203125,8809,334,BMAp,BMA,175,left,0
8810,8811,3,7676.32,6257.04,2429.24,0.46484375,8810,334,BMAp,BMA,175,left,0
8811,8812,3,7678.94,6258.46,2429.5,0.26171875,8811,334,BMAp,BMA,175,left,0
8812,8813,3,7681.02,6259.52,2430.1000000000004,0.81640625,8812,334,BMAp,BMA,175,left,0
8813,8814,3,7683.16,6260.12,2430.22,0.5546875,8813,334,BMAp,BMA,175,left,0
8814,8815,3,7685.76,6260.86,2430.2800000000007,0.46484375,8814,334,BMAp,BMA,175,left,0
8815,8816,3,7687.02,6262.14,2430.620000000001,0.17578125,8815,334,BMAp,BMA,175,left,0
8816,8817,3,7689.3,6263.28,2430.6800000000003,0.17578125,8816,334,BMAp,BMA,175,left,0
8817,8818,3,7691.48,6263.72,2431.16,0.3515625,8817,334,BMAp,BMA,175,left,0
8818,8819,3,7693.46,6264.4,2431.540000000001,0.234375,8818,334,BMAp,BMA,175,left,0
8819,8820,3,7693.98,6265.58,2432.1399999999994,0.203125,8819,334,BMAp,BMA,175,left,0
8820,8821,3,7695.64,6266.9,2432.2000000000007,1.48828125,8820,334,BMAp,BMA,175,left,0
8821,8822,3,7698.18,6267.34,2432.16,1.3125,8821,334,BMAp,BMA,175,left,0
8822,8823,3,7699.26,6268.2,2432.2800000000007,0.69921875,8822,334,BMAp,BMA,175,left,0
8823,8824,3,7701.94,6268.96,2432.66,0.29296875,8823,334,BMAp,BMA,175,left,0
8824,8825,3,7703.96,6270.0,2433.26,0.5234375,8824,334,BMAp,BMA,175,left,0
8825,8826,3,7705.96,6270.82,2434.1399999999994,0.3515625,8825,334,BMAp,BMA,175,left,0
8826,8827,3,7708.4,6271.68,2435.2800000000007,0.17578125,8826,334,BMAp,BMA,175,left,0
8827,8828,3,7710.08,6273.34,2435.459999999999,0.4375,8827,334,BMAp,BMA,175,left,0
8828,8829,3,7710.72,6275.56,2436.2800000000007,0.875,8828,334,BMAp,BMA,175,left,0
8829,8830,3,7711.94,6276.66,2436.459999999999,0.3515625,8829,334,BMAp,BMA,175,left,0
8830,8831,3,7713.88,6276.42,2436.48,0.02734375,8830,334,BMAp,BMA,175,left,0
8831,8832,3,7715.98,6277.52,2436.3,0.46484375,8831,334,BMAp,BMA,175,left,0
8832,8833,3,7717.86,6279.18,2436.040000000001,0.7890625,8832,334,BMAp,BMA,175,left,0
8833,8834,3,7720.68,6279.88,2435.9400000000005,0.73046875,8833,334,BMAp,BMA,175,left,0
8834,8835,3,7722.26,6280.52,2436.08,0.46484375,8834,334,BMAp,BMA,175,left,0
8835,8836,3,7724.32,6282.18,2436.26,0.5234375,8835,334,BMAp,BMA,175,left,0
8836,8837,3,7726.22,6284.04,2436.620000000001,0.29296875,8836,334,BMAp,BMA,175,left,0
8837,8838,3,7727.22,6286.96,2436.32,0.640625,8837,334,BMAp,BMA,175,left,0
8838,8839,3,7728.48,6289.16,2435.82,0.41015625,8838,334,BMAp,BMA,175,left,0
8839,8840,3,7730.28,6289.66,2435.74,0.4375,8839,334,BMAp,BMA,175,left,0
8840,8841,3,7733.04,6290.12,2435.6399999999994,0.234375,8840,334,BMAp,BMA,175,left,0
8841,8842,3,7735.6,6290.88,2435.66,0.3515625,8841,334,BMAp,BMA,175,left,0
8842,8843,3,7736.72,6291.88,2436.040000000001,0.671875,8842,334,BMAp,BMA,175,left,0
8843,8844,3,7739.6,6291.92,2436.26,0.41015625,8843,334,BMAp,BMA,175,left,0
8844,8845,3,7741.34,6292.78,2436.72,0.37890625,8844,334,BMAp,BMA,175,left,0
8845,8846,3,7743.9,6293.12,2437.4400000000005,0.5546875,8845,334,BMAp,BMA,175,left,0
8846,8847,3,7745.92,6293.8,2437.6800000000003,0.41015625,8846,334,BMAp,BMA,175,left,0
8847,8848,3,7748.38,6294.34,2438.620000000001,0.203125,8847,334,BMAp,BMA,175,left,0
8848,8849,3,7750.24,6294.76,2439.5599999999995,0.203125,8848,334,BMAp,BMA,175,left,0
8849,8850,3,7752.82,6295.56,2439.98,0.203125,8849,334,BMAp,BMA,175,left,0
8850,8851,3,7754.64,6297.48,2440.16,0.49609375,8850,334,BMAp,BMA,175,left,0
8851,8852,3,7756.64,6298.0,2440.58,27.328125,8851,334,BMAp,BMA,175,left,1
10429,10430,3,7239.08,5648.2,2408.0599999999995,0.03515625,8687,303,BLAa,BLA,202,left,0
10430,10431,3,7239.52,5652.14,2405.42,0.5234375,10430,303,BLAa,BLA,202,left,0
10431,10432,3,7241.1,5653.48,2404.620000000001,0.58203125,10431,303,BLAa,BLA,202,left,0
10432,10433,3,7241.74,5655.24,2402.76,0.46484375,10432,303,BLAa,BLA,202,left,0
10433,10434,3,7241.82,5658.26,2400.8,0.5546875,10433,303,BLAa,BLA,202,left,0
10434,10435,3,7242.26,5661.94,2398.7800000000007,0.29296875,10434,303,BLAa,BLA,202,left,0
10435,10436,3,7244.18,5665.04,2397.1800000000003,0.7890625,10435,303,BLAa,BLA,202,left,0
10436,10437,3,7245.64,5668.08,2394.74,0.49609375,10436,303,BLAa,BLA,202,left,0
10437,10438,3,7246.72,5670.24,2392.82,0.26171875,10437,303,BLAa,BLA,202,left,0
10438,10439,3,7249.76,5672.14,2391.540000000001,0.7890625,10438,303,BLAa,BLA,202,left,0
10439,10440,3,7250.8,5673.8,2390.8600000000006,0.46484375,10439,303,BLAa,BLA,202,left,0
10440,10441,3,7251.12,5676.38,2389.879999999999,0.29296875,10440,303,BLAa,BLA,202,left,0
10441,10442,3,7251.92,5677.44,2388.1000000000004,0.46484375,10441,303,BLAa,BLA,202,left,0
10442,10443,3,7253.34,5678.26,2386.3600000000006,0.84765625,10442,303,BLAa,BLA,202,left,0
10443,10444,3,7253.7,5681.7,2384.879999999999,0.640625,10443,303,BLAa,BLA,202,left,0
10444,10445,3,7253.78,5684.6,2382.6800000000003,0.7890625,10444,303,BLAa,BLA,202,left,0
10445,10446,3,7253.88,5687.38,2380.7800000000007,0.69921875,10445,303,BLAa,BLA,202,left,0
10446,10447,3,7253.82,5688.08,2379.0,0.3515625,10446,303,BLAa,BLA,202,left,1
10447,10448,3,7238.98,5642.64,2409.4,0.046875,8687,303,BLAa,BLA,203,left,0
10448,10449,3,7239.64,5640.7,2408.72,0.4375,10448,303,BLAa,BLA,203,left,0
10449,10450,3,7499.52,5964.32,2515.040000000001,0.02734375,8749,334,BMAp,BMA,204,left,0
10450,10451,3,7497.58,5964.56,2513.76,0.203125,10450,334,BMAp,BMA,204,left,0
10451,10452,3,7496.54,5964.78,2511.66,1.16796875,10451,334,BMAp,BMA,204,left,0
10452,10453,3,7496.6,5966.54,2509.6800000000003,0.37890625,10452,334,BMAp,BMA,204,left,0
10453,10454,3,7496.78,5969.02,2508.16,0.5234375,10453,334,BMAp,BMA,204,left,0
10454,10455,3,7496.96,5972.12,2505.82,0.00390625,10454,334,BMAp,BMA,204,left,0
10455,10456,3,7496.86,5972.76,2502.1800000000003,0.4375,10455,334,BMAp,BMA,204,left,0
10456,10457,3,7496.82,5972.9,2500.92,0.4375,10456,334,BMAp,BMA,204,left,0
10457,10458,3,7495.38,5973.68,2500.5200000000004,0.3515625,10457,334,BMAp,BMA,204,left,0
10458,10459,3,7493.36,5974.4,2500.42,0.3515625,10458,334,BMAp,BMA,204,left,0
10459,10460,3,7492.3,5975.16,2499.34,0.5546875,10459,334,BMAp,BMA,204,left,0
10460,10461,3,7492.24,5975.86,2496.4,0.7890625,10460,334,BMAp,BMA,204,left,0
10461,10462,3,7492.12,5976.96,2493.620000000001,0.7890625,10461,334,BMAp,BMA,204,left,0
10462,10463,3,7491.48,5978.34,2492.26,0.5234375,10462,334,BMAp,BMA,204,left,0
10463,10464,3,7491.14,5979.8,2489.9400000000005,0.58203125,10463,334,BMAp,BMA,204,left,0
10464,10465,3,7491.12,5980.82,2487.0599999999995,1.2265625,10464,334,BMAp,BMA,204,left,0
10465,10466,3,7491.16,5981.98,2485.48,0.58203125,10465,334,BMAp,BMA,204,left,0
10466,10467,3,7490.08,5983.4,2483.5,0.01953125,10466,334,BMAp,BMA,204,left,0
10467,10468,3,7489.74,5985.54,2481.2000000000007,0.61328125,10467,334,BMAp,BMA,204,left,0
10468,10469,3,7488.24,5987.1,2479.959999999999,0.234375,10468,334,BMAp,BMA,204,left,0
10469,10470,3,7487.92,5988.42,2477.82,0.90234375,10469,334,BMAp,BMA,204,left,0
10470,10471,3,7487.9,5989.48,2474.98,0.46484375,10470,334,BMAp,BMA,204,left,0
10471,10472,3,7487.04,5989.6,2474.08,0.3515625,10471,334,BMAp,BMA,204,left,0
10472,10473,3,7484.26,5989.96,2473.1800000000003,0.41015625,10472,334,BMAp,BMA,204,left,0
10473,10474,3,7482.34,5990.2,2472.08,0.5546875,10473,334,BMAp,BMA,204,left,0
10474,10475,3,7481.96,5990.68,2470.120000000001,0.93359375,10474,334,BMAp,BMA,204,left,0
10475,10476,3,7481.98,5992.06,2467.6000000000004,0.5234375,10475,334,BMAp,BMA,204,left,0
10476,10477,3,7481.24,5993.72,2464.92,0.61328125,10476,311,BLAp,BLA,204,left,0
10477,10478,3,7480.06,5994.68,2463.959999999999,0.46484375,10477,311,BLAp,BLA,204,left,0
10478,10479,3,7477.18,5995.2,2463.8,0.02734375,10478,334,BMAp,BMA,204,left,0
10479,10480,3,7475.04,5995.5,2463.379999999999,0.93359375,10479,334,BMAp,BMA,204,left,0
10480,10481,3,7473.36,5995.82,2462.4,1.89453125,10480,311,BLAp,BLA,204,left,0
10481,10482,3,7472.14,5996.72,2461.120000000001,1.3125,10481,311,BLAp,BLA,204,left,0
10482,10483,3,7469.7,5998.3,2460.620000000001,0.203125,10482,311,BLAp,BLA,204,left,0
10483,10484,3,7466.64,5999.92,2460.2800000000007,0.5546875,10483,311,BLAp,BLA,204,left,0
10484,10485,3,7465.34,6001.78,2459.1800000000003,0.41015625,10484,311,BLAp,BLA,204,left,0
10485,10486,3,7463.12,6003.94,2458.34,0.875,10485,311,BLAp,BLA,204,left,0
10486,10487,3,7461.26,6005.02,2458.1800000000003,0.5546875,10486,334,BMAp,BMA,204,left,0
10487,10488,3,7459.22,6005.72,2458.1000000000004,0.29296875,10487,334,BMAp,BMA,204,left,0
10488,10489,3,7456.1,6006.4,2457.459999999999,0.61328125,10488,334,BMAp,BMA,204,left,0
10489,10490,3,7453.88,6007.14,2457.0599999999995,0.37890625,10489,311,BLAp,BLA,204,left,0
10490,10491,3,7451.7,6008.5,2456.66,0.49609375,10490,311,BLAp,BLA,204,left,0
10491,10492,3,7449.22,6009.74,2455.74,0.7890625,10491,311,BLAp,BLA,204,left,0
10492,10493,3,7447.64,6010.86,2454.9400000000005,0.17578125,10492,311,BLAp,BLA,204,left,0
10493,10494,3,7445.3,6012.0,2454.4,0.69921875,10493,311,BLAp,BLA,204,left,0
10494,10495,3,7442.94,6013.74,2453.6399999999994,0.3203125,10494,311,BLAp,BLA,204,left,0
10495,10496,3,7441.3,6016.08,2452.92,0.3515625,10495,311,BLAp,BLA,204,left,0
10496,10497,3,7439.18,6017.64,2451.9400000000005,0.81640625,10496,311,BLAp,BLA,204,left,0
10497,10498,3,7438.08,6019.14,2450.08,0.203125,10497,311,BLAp,BLA,204,left,0
10498,10499,3,7435.98,6020.26,2447.98,0.58203125,10498,311,BLAp,BLA,204,left,0
10499,10500,3,7435.08,6020.44,2445.82,0.3515625,10499,311,BLAp,BLA,204,left,0
10500,10501,3,7433.74,6021.06,2444.26,0.203125,10500,311,BLAp,BLA,204,left,0
10501,10502,3,7433.08,6022.24,2442.16,1.078125,10501,311,BLAp,BLA,204,left,0
10502,10503,3,7431.54,6022.92,2440.82,0.01171875,10502,311,BLAp,BLA,204,left,0
10503,10504,3,7428.96,6024.86,2438.9,0.46484375,10503,311,BLAp,BLA,204,left,0
10504,10505,3,7428.12,6025.54,2437.540000000001,0.41015625,10504,311,BLAp,BLA,204,left,0
10505,10506,3,7426.4,6025.78,2436.9,1.546875,10505,311,BLAp,BLA,204,left,0
10506,10507,3,7424.26,6026.02,2436.8,0.671875,10506,311,BLAp,BLA,204,left,0
10507,10508,3,7422.76,6026.2,2436.58,0.640625,10507,311,BLAp,BLA,204,left,0
10508,10509,3,7422.4,6026.32,2432.879999999999,0.640625,10508,311,BLAp,BLA,204,left,0
10509,10510,3,7422.36,6026.36,2431.540000000001,0.7578125,10509,311,BLAp,BLA,204,left,0
10510,10511,3,7420.82,6026.72,2430.7800000000007,0.37890625,10510,311,BLAp,BLA,204,left,0
10511,10512,3,7418.8,6027.32,2430.32,0.61328125,10511,311,BLAp,BLA,204,left,0
10512,10513,3,7417.64,6027.7,2429.120000000001,0.7890625,10512,311,BLAp,BLA,204,left,0
10513,10514,3,7417.24,6029.08,2427.379999999999,0.26171875,10513,311,BLAp,BLA,204,left,0
10514,10515,3,7416.42,6031.1,2425.58,0.49609375,10514,311,BLAp,BLA,204,left,0
10515,10516,3,7414.76,6033.52,2423.9,0.203125,10515,311,BLAp,BLA,204,left,0
10516,10517,3,7413.94,6035.64,2423.34,0.61328125,10516,311,BLAp,BLA,204,left,0
10517,10518,3,7411.52,6037.76,2422.82,0.93359375,10517,311,BLAp,BLA,204,left,0
10518,10519,3,7409.6,6039.42,2422.2800000000007,0.29296875,10518,311,BLAp,BLA,204,left,0
10519,10520,3,7407.46,6040.74,2422.040000000001,0.3515625,10519,311,BLAp,BLA,204,left,0
10520,10521,3,7406.84,6043.4,2420.5599999999995,0.46484375,10520,311,BLAp,BLA,204,left,0
10521,10522,3,7406.96,6045.48,2419.0,0.5234375,10521,311,BLAp,BLA,204,left,0
10522,10523,3,7405.54,6047.14,2417.82,0.37890625,10522,311,BLAp,BLA,204,left,0
10523,10524,3,7403.5,6047.9,2416.8600000000006,2.390625,10523,311,BLAp,BLA,204,left,0
10524,10525,3,7402.46,6049.52,2416.26,0.81640625,10524,311,BLAp,BLA,204,left,0
10525,10526,3,7402.46,6052.14,2415.2800000000007,0.5546875,10525,311,BLAp,BLA,204,left,0
10526,10527,3,7401.0,6054.36,2413.9,0.17578125,10526,311,BLAp,BLA,204,left,0
10527,10528,3,7399.38,6056.44,2412.620000000001,0.73046875,10527,311,BLAp,BLA,204,left,0
10528,10529,3,7397.5,6057.16,2410.9400000000005,0.3203125,10528,311,BLAp,BLA,204,left,0
10529,10530,3,7396.34,6058.3,2410.34,0.46484375,10529,311,BLAp,BLA,204,left,0
10530,10531,3,7396.06,6060.36,2409.7800000000007,0.234375,10530,311,BLAp,BLA,204,left,0
10531,10532,3,7395.72,6061.92,2408.120000000001,0.3203125,10531,311,BLAp,BLA,204,left,0
10532,10533,3,7394.24,6062.72,2407.3,0.234375,10532,311,BLAp,BLA,204,left,0
10533,10534,3,7392.9,6065.8,2406.26,0.00390625,10533,311,BLAp,BLA,204,left,0
10534,10535,3,7392.86,6067.88,2402.379999999999,0.46484375,10534,311,BLAp,BLA,204,left,0
10535,10536,3,7392.62,6068.0,2400.7800000000007,0.4375,10535,311,BLAp,BLA,204,left,0
10536,10537,3,7391.44,6068.46,2399.6800000000003,0.5234375,10536,311,BLAp,BLA,204,left,0
10537,10538,3,7390.24,6069.42,2398.92,0.015625,10537,311,BLAp,BLA,204,left,0
10538,10539,3,7389.04,6070.1,2397.1399999999994,0.7578125,10538,311,BLAp,BLA,204,left,0
10539,10540,3,7387.28,6071.24,2395.58,0.875,10539,311,BLAp,BLA,204,left,0
10540,10541,3,7385.74,6072.12,2393.72,0.49609375,10540,311,BLAp,BLA,204,left,0
10541,10542,3,7384.66,6073.92,2391.5599999999995,0.5234375,10541,311,BLAp,BLA,204,left,0
10542,10543,3,7384.58,6075.56,2389.26,0.61328125,10542,311,BLAp,BLA,204,left,0
10543,10544,3,7382.5,6077.02,2388.22,0.29296875,10543,311,BLAp,BLA,204,left,0
10544,10545,3,7380.56,6078.6,2387.42,0.5234375,10544,311,BLAp,BLA,204,left,0
10545,10546,3,7502.6,5962.52,2514.98,0.0078125,8749,334,BMAp,BMA,205,left,0
10546,10547,3,7503.16,5960.18,2513.5599999999995,0.46484375,10546,334,BMAp,BMA,205,left,0
10547,10548,3,7502.9,5958.36,2511.8,0.46484375,10547,334,BMAp,BMA,205,left,0
10548,10549,3,7503.8,5957.14,2511.16,0.41015625,10548,334,BMAp,BMA,205,left,0
10549,10550,3,7505.58,5956.78,2511.0599999999995,0.5234375,10549,334,BMAp,BMA,205,left,0
10550,10551,3,7507.04,5956.04,2510.120000000001,0.41015625,10550,334,BMAp,BMA,205,left,0
10551,10552,3,7507.9,5955.22,2508.6000000000004,0.3515625,10551,334,BMAp,BMA,205,left,0
10552,10553,3,7507.94,5953.12,2505.5,0.640625,10552,334,BMAp,BMA,205,left,0
10553,10554,3,7507.72,5951.52,2503.72,0.9921875,10553,334,BMAp,BMA,205,left,0
10554,10555,3,7507.42,5948.96,2501.959999999999,0.37890625,10554,334,BMAp,BMA,205,left,0
10555,10556,3,7507.28,5946.7,2501.16,0.3203125,10555,334,BMAp,BMA,205,left,0
10556,10557,3,7508.3,5944.1,2500.2800000000007,0.203125,10556,334,BMAp,BMA,205,left,0
10557,10558,3,7508.84,5941.68,2499.1399999999994,0.41015625,10557,334,BMAp,BMA,205,left,0
10558,10559,3,7509.76,5939.5,2499.0,0.01171875,10558,334,BMAp,BMA,205,left,0
10559,10560,3,7509.66,5937.42,2497.48,0.37890625,10559,334,BMAp,BMA,205,left,0
10560,10561,3,7509.52,5936.92,2493.5200000000004,0.3515625,10560,334,BMAp,BMA,205,left,0
10561,10562,3,7510.14,5936.66,2492.16,0.46484375,10561,334,BMAp,BMA,205,left,0
10562,10563,3,7512.9,5935.92,2491.7000000000007,0.3515625,10562,334,BMAp,BMA,205,left,0
10563,10564,3,7514.62,5935.42,2491.3600000000006,0.49609375,10563,334,BMAp,BMA,205,left,0
10564,10565,3,7514.88,5933.78,2489.9,0.41015625,10564,311,BLAp,BLA,205,left,0
10565,10566,3,7515.58,5931.34,2488.82,0.3515625,10565,334,BMAp,BMA,205,left,0
10566,10567,3,7516.34,5929.08,2488.3,0.5546875,10566,334,BMAp,BMA,205,left,0
10567,10568,3,7516.4,5926.96,2486.9400000000005,0.69921875,10567,334,BMAp,BMA,205,left,0
10568,10569,3,7516.24,5925.84,2485.4,0.58203125,10568,334,BMAp,BMA,205,left,0
10569,10570,3,7516.22,5924.32,2483.58,0.69921875,10569,311,BLAp,BLA,205,left,0
10570,10571,3,7517.44,5923.7,2483.0,0.29296875,10570,311,BLAp,BLA,205,left,0
10571,10572,3,7518.68,5922.26,2481.82,0.46484375,10571,311,BLAp,BLA,205,left,0
10572,10573,3,7520.06,5920.82,2480.620000000001,0.5234375,10572,311,BLAp,BLA,205,left,0
10573,10574,3,7520.8,5919.04,2479.1800000000003,0.7578125,10573,311,BLAp,BLA,205,left,0
10574,10575,3,7521.88,5916.56,2476.6000000000004,0.58203125,10574,311,BLAp,BLA,205,left,0
10575,10576,3,7522.68,5915.1,2475.4,0.4375,10575,311,BLAp,BLA,205,left,0
10576,10577,3,7523.86,5913.38,2474.4,0.49609375,10576,311,BLAp,BLA,205,left,0
10577,10578,3,7523.66,5910.32,2473.7800000000007,0.7890625,10577,311,BLAp,BLA,205,left,0
10578,10579,3,7523.56,5907.74,2473.58,0.41015625,10578,311,BLAp,BLA,205,left,0
10579,10580,3,7525.0,5906.82,2473.22,0.3203125,10579,311,BLAp,BLA,205,left,0
10580,10581,3,7526.78,5905.4,2472.8600000000006,2.36328125,10580,311,BLAp,BLA,205,left,0
10581,10582,3,7527.66,5904.2,2472.1000000000004,0.58203125,10581,311,BLAp,BLA,205,left,0
10582,10583,3,7527.52,5902.7,2471.6000000000004,0.93359375,10582,311,BLAp,BLA,205,left,0
10583,10584,3,7527.38,5900.66,2468.8,0.5546875,10583,311,BLAp,BLA,205,left,0
10584,10585,3,7527.92,5899.64,2466.72,0.37890625,10584,311,BLAp,BLA,205,left,0
10585,10586,3,7528.08,5898.78,2464.2000000000007,0.5546875,10585,311,BLAp,BLA,205,left,0
10586,10587,3,7527.96,5898.18,2462.42,0.640625,10586,311,BLAp,BLA,205,left,0
10587,10588,3,7528.88,5897.26,2461.16,9.5078125,10587,311,BLAp,BLA,205,left,0
10588,10589,3,7530.8,5896.76,2460.6399999999994,0.3203125,10588,311,BLAp,BLA,205,left,0
10589,10590,3,7531.1,5895.84,2458.76,0.58203125,10589,311,BLAp,BLA,205,left,0
10590,10591,3,7531.74,5895.1,2456.98,0.3515625,10590,311,BLAp,BLA,205,left,0
10591,10592,3,7533.34,5894.82,2456.6399999999994,0.29296875,10591,311,BLAp,BLA,205,left,0
10592,10593,3,7534.28,5893.42,2456.379999999999,0.26171875,10592,311,BLAp,BLA,205,left,0
10593,10594,3,7534.44,5891.5,2454.5,0.5234375,10593,311,BLAp,BLA,205,left,0
10594,10595,3,7535.04,5889.94,2452.72,1.3984375,10594,311,BLAp,BLA,205,left,0
10595,10596,3,7535.84,5888.72,2451.5,0.46484375,10595,311,BLAp,BLA,205,left,0
10596,10597,3,7536.2,5886.96,2449.76,0.69921875,10596,311,BLAp,BLA,205,left,0
10597,10598,3,7536.92,5885.36,2448.92,0.49609375,10597,311,BLAp,BLA,205,left,0
10598,10599,3,7538.2,5883.5,2447.7800000000007,0.17578125,10598,311,BLAp,BLA,205,left,0
10599,10600,3,7539.24,5881.34,2446.26,0.17578125,10599,311,BLAp,BLA,205,left,0
10600,10601,3,7539.58,5879.18,2443.6399999999994,1.109375,10600,311,BLAp,BLA,205,left,0
10601,10602,3,7539.32,5876.3,2443.1000000000004,1.515625,10601,311,BLAp,BLA,205,left,0
10602,10603,3,7539.04,5873.36,2441.5599999999995,0.69921875,10602,311,BLAp,BLA,205,left,0
10603,10604,3,7538.78,5870.94,2439.8,0.234375,10603,311,BLAp,BLA,205,left,0
10604,10605,3,7538.7,5870.32,2438.620000000001,0.4375,10604,311,BLAp,BLA,205,left,0
10605,10606,3,7538.5,5867.04,2437.2000000000007,0.61328125,10605,311,BLAp,BLA,205,left,0
10606,10607,3,7539.22,5865.98,2436.0200000000004,0.17578125,10606,311,BLAp,BLA,205,left,0
10607,10608,3,7539.24,5864.28,2434.74,0.84765625,10607,311,BLAp,BLA,205,left,0
10608,10609,3,7539.06,5863.1,2432.379999999999,0.7578125,10608,311,BLAp,BLA,205,left,0
10609,10610,3,7538.9,5861.96,2429.9,0.69921875,10609,311,BLAp,BLA,205,left,0
10610,10611,3,7538.7,5859.76,2428.74,0.3203125,10610,311,BLAp,BLA,205,left,0
10611,10612,3,7538.46,5857.06,2427.5,0.84765625,10611,311,BLAp,BLA,205,left,0
10612,10613,3,7538.68,5856.6,2425.3600000000006,0.49609375,10612,311,BLAp,BLA,205,left,0
10613,10614,3,7539.96,5855.62,2424.74,0.46484375,10613,311,BLAp,BLA,205,left,0
10614,10615,3,7540.28,5851.58,2424.120000000001,0.61328125,10614,311,BLAp,BLA,205,left,0
10615,10616,3,7540.06,5848.64,2423.620000000001,0.5546875,10615,311,BLAp,BLA,205,left,0
10616,10617,3,7540.26,5846.12,2422.0,0.61328125,10616,311,BLAp,BLA,205,left,0
10617,10618,3,7540.78,5843.86,2420.8600000000006,0.9609375,10617,311,BLAp,BLA,205,left,0
10618,10619,3,7541.64,5841.62,2419.8600000000006,0.5234375,10618,311,BLAp,BLA,205,left,0
10619,10620,3,7543.56,5840.66,2419.540000000001,0.4375,10619,311,BLAp,BLA,205,left,0
10620,10621,3,7544.68,5839.1,2418.540000000001,0.58203125,10620,311,BLAp,BLA,205,left,0
10621,10622,3,7545.8,5837.76,2417.6800000000003,0.49609375,10621,311,BLAp,BLA,205,left,0
10622,10623,3,7545.86,5836.38,2416.379999999999,0.203125,10622,311,BLAp,BLA,205,left,0
10623,10624,3,7545.68,5834.54,2414.3,0.17578125,10623,311,BLAp,BLA,205,left,0
10624,10625,3,7546.1,5833.4,2412.9,0.46484375,10624,311,BLAp,BLA,205,left,0
10625,10626,3,7547.58,5831.8,2411.8600000000006,0.46484375,10625,311,BLAp,BLA,205,left,0
10626,10627,3,7548.28,5830.18,2410.9,0.49609375,10626,311,BLAp,BLA,205,left,0
10627,10628,3,7548.54,5827.32,2409.98,0.671875,10627,311,BLAp,BLA,205,left,0
10628,10629,3,7548.92,5824.58,2408.08,0.5234375,10628,311,BLAp,BLA,205,left,0
10629,10630,3,7550.24,5823.28,2406.9400000000005,0.3515625,10629,311,BLAp,BLA,205,left,0
10630,10631,3,7551.12,5820.86,2405.4,0.00390625,10630,311,BLAp,BLA,205,left,0
10631,10632,3,7552.32,5819.78,2404.9400000000005,0.3515625,10631,311,BLAp,BLA,205,left,0
10632,10633,3,7552.32,5817.52,2403.58,0.69921875,10632,311,BLAp,BLA,205,left,0
10633,10634,3,7553.62,5815.36,2402.5599999999995,0.46484375,10633,311,BLAp,BLA,205,left,0
10634,10635,3,7555.22,5812.94,2402.3600000000006,0.41015625,10634,311,BLAp,BLA,205,left,0
10635,10636,3,7555.28,5810.98,2401.48,0.3515625,10635,311,BLAp,BLA,205,left,0
10636,10637,3,7555.04,5808.02,2399.2800000000007,0.49609375,10636,311,BLAp,BLA,205,left,0
10637,10638,3,7554.68,5805.38,2397.5200000000004,0.5234375,10637,311,BLAp,BLA,205,left,0
10638,10639,3,7553.86,5804.24,2396.1000000000004,0.58203125,10638,311,BLAp,BLA,205,left,0
10639,10640,3,7553.36,5801.88,2393.459999999999,0.46484375,10639,311,BLAp,BLA,205,left,0
10640,10641,3,7553.64,5799.76,2392.0,0.46484375,10640,311,BLAp,BLA,205,left,0
10641,10642,3,7554.14,5798.08,2391.040000000001,0.5234375,10641,311,BLAp,BLA,205,left,0
10642,10643,3,7554.04,5796.32,2388.9400000000005,0.58203125,10642,311,BLAp,BLA,205,left,0
10643,10644,3,7553.9,5794.08,2388.8600000000006,0.01171875,10643,311,BLAp,BLA,205,left,0
10644,10645,3,7554.0,5793.82,2386.82,0.61328125,10644,311,BLAp,BLA,205,left,0
10645,10646,3,7555.02,5793.32,2386.16,0.4375,10645,311,BLAp,BLA,205,left,0
10646,10647,3,7555.88,5790.32,2385.84,1.69140625,10646,311,BLAp,BLA,205,left,0
10647,10648,3,7555.74,5787.92,2385.72,6.4453125,10647,311,BLAp,BLA,205,left,0
10648,10649,3,7555.68,5787.64,2384.34,12.921875,10648,311,BLAp,BLA,205,left,0
10649,10650,3,7556.7,5787.56,2383.3600000000006,11.171875,10649,311,BLAp,BLA,205,left,0
10650,10651,3,7559.1,5786.68,2383.040000000001,1.01953125,10650,311,BLAp,BLA,205,left,0
10651,10652,3,7560.88,5785.34,2382.5200000000004,0.41015625,10651,311,BLAp,BLA,205,left,0
10652,10653,3,7563.16,5783.36,2381.459999999999,0.90234375,10652,311,BLAp,BLA,205,left,0
10653,10654,3,7563.2,5780.74,2380.4400000000005,0.7890625,10653,311,BLAp,BLA,205,left,0
10654,10655,3,7563.72,5779.08,2379.72,0.3203125,10654,311,BLAp,BLA,205,left,0
10655,10656,3,7565.5,5778.26,2379.2800000000007,0.46484375,10655,311,BLAp,BLA,205,left,0
10656,10657,3,7568.0,5777.56,2379.0200000000004,0.3515625,10656,311,BLAp,BLA,205,left,0
10657,10658,3,7568.72,5776.22,2378.540000000001,0.640625,10657,311,BLAp,BLA,205,left,0
10658,10659,3,7569.26,5773.76,2377.6800000000003,0.3515625,10658,311,BLAp,BLA,205,left,0
10659,10660,3,7569.3,5769.52,2376.84,0.41015625,10659,311,BLAp,BLA,205,left,0
10660,10661,3,7569.12,5766.8,2376.4,0.37890625,10660,311,BLAp,BLA,205,left,0
10661,10662,3,7568.96,5763.94,2376.0,0.640625,10661,311,BLAp,BLA,205,left,0
10662,10663,3,7568.78,5761.08,2375.040000000001,0.73046875,10662,311,BLAp,BLA,205,left,0
10663,10664,3,7568.66,5759.44,2374.0200000000004,1.984375,10663,311,BLAp,BLA,205,left,0
10664,10665,3,7568.26,5758.68,2371.5200000000004,0.3515625,10664,311,BLAp,BLA,205,left,0
10665,10666,3,7567.56,5758.88,2370.6800000000003,0.58203125,10665,311,BLAp,BLA,205,left,0
10666,10667,3,7564.7,5758.9,2369.5599999999995,0.0078125,10666,311,BLAp,BLA,205,left,0
10667,10668,3,7563.58,5761.1,2349.24,8.05078125,10667,311,BLAp,BLA,205,left,0
10668,10669,3,7563.54,5761.02,2347.76,1.546875,10668,311,BLAp,BLA,205,left,0
10669,10670,3,7563.26,5762.42,2332.120000000001,0.41015625,10669,311,BLAp,BLA,205,left,0
10670,10671,3,7563.22,5762.58,2330.66,0.41015625,10670,311,BLAp,BLA,205,left,0
10671,10672,3,7562.9,5762.7,2327.74,0.5234375,10671,311,BLAp,BLA,205,left,0
10672,10673,3,7561.28,5762.6,2327.32,0.58203125,10672,311,BLAp,BLA,205,left,0
10673,10674,3,7559.32,5762.48,2326.0200000000004,0.4375,10673,311,BLAp,BLA,205,left,0
10674,10675,3,7558.3,5762.86,2323.5200000000004,0.7578125,10674,311,BLAp,BLA,205,left,0
10675,10676,3,7556.54,5763.3,2321.879999999999,0.49609375,10675,311,BLAp,BLA,205,left,0
10676,10677,3,7555.04,5763.44,2319.6800000000003,0.49609375,10676,311,BLAp,BLA,205,left,0
10677,10678,3,7553.24,5762.94,2318.3,1.13671875,10677,311,BLAp,BLA,205,left,0
10678,10679,3,7552.42,5761.7,2315.26,0.29296875,10678,311,BLAp,BLA,205,left,0
10679,10680,3,7552.12,5760.6,2313.120000000001,0.5546875,10679,311,BLAp,BLA,205,left,0
10680,10681,3,7551.02,5760.34,2312.32,0.41015625,10680,311,BLAp,BLA,205,left,0
10681,10682,3,7549.9,5760.8,2309.16,0.46484375,10681,311,BLAp,BLA,205,left,0
10682,10683,3,7549.38,5761.08,2307.2800000000007,0.61328125,10682,311,BLAp,BLA,205,left,0
10683,10684,3,7547.34,5761.5,2306.1399999999994,0.3515625,10683,311,BLAp,BLA,205,left,0
10684,10685,3,7544.86,5761.94,2305.1399999999994,0.640625,10684,311,BLAp,BLA,205,left,0
10685,10686,3,7544.06,5762.08,2303.959999999999,3.03515625,10685,311,BLAp,BLA,205,left,0
10686,10687,3,7543.94,5760.8,2302.3600000000006,5.8046875,10686,311,BLAp,BLA,205,left,0
10687,10688,3,7543.82,5759.26,2301.3600000000006,0.58203125,10687,311,BLAp,BLA,205,left,0
10688,10689,3,7543.76,5759.2,2298.8600000000006,0.4375,10688,311,BLAp,BLA,205,left,0
10689,10690,3,7543.64,5758.22,2297.040000000001,0.46484375,10689,311,BLAp,BLA,205,left,0
10690,10691,3,7543.5,5756.68,2295.2000000000007,0.5234375,10690,311,BLAp,BLA,205,left,0
10691,10692,3,7543.38,5755.42,2292.98,0.46484375,10691,311,BLAp,BLA,205,left,0
10692,10693,3,7542.66,5753.36,2291.5200000000004,0.17578125,10692,311,BLAp,BLA,205,left,0
10693,10694,3,7541.48,5751.76,2290.84,0.37890625,10693,311,BLAp,BLA,205,left,0
10694,10695,3,7539.52,5751.3,2290.26,0.3515625,10694,311,BLAp,BLA,205,left,0
10695,10696,3,7538.34,5751.72,2286.6000000000004,0.46484375,10695,311,BLAp,BLA,205,left,0
10696,10697,3,7537.74,5751.58,2285.58,0.49609375,10696,311,BLAp,BLA,205,left,0
10697,10698,3,7536.3,5751.74,2284.32,0.02734375,10697,311,BLAp,BLA,205,left,0
10698,10699,3,7535.72,5752.1,2281.9400000000005,8.13671875,10698,311,BLAp,BLA,205,left,0
10699,10700,3,7534.3,5752.26,2279.620000000001,0.5234375,10699,311,BLAp,BLA,205,left,0
10700,10701,3,7532.8,5751.16,2278.66,0.49609375,10700,311,BLAp,BLA,205,left,0
10701,10702,3,7532.04,5750.96,2275.2000000000007,0.58203125,10701,311,BLAp,BLA,205,left,0
10702,10703,3,7530.94,5750.88,2274.42,0.5234375,10702,311,BLAp,BLA,205,left,0
10703,10704,3,7529.64,5752.3,2261.5,0.5546875,10703,311,BLAp,BLA,205,left,0
10704,10705,3,7529.6,5752.22,2260.0,0.5234375,10704,311,BLAp,BLA,205,left,0
10705,10706,3,7529.46,5752.66,2253.120000000001,0.29296875,10705,311,BLAp,BLA,205,left,0
10706,10707,3,7529.38,5752.26,2250.6399999999994,0.49609375,10706,311,BLAp,BLA,205,left,0
10707,10708,3,7529.26,5751.32,2247.959999999999,0.58203125,10707,311,BLAp,BLA,205,left,0
10708,10709,3,7529.74,5750.28,2246.3,0.37890625,10708,311,BLAp,BLA,205,left,0
10709,10710,3,7531.1,5749.38,2245.9,0.3203125,10709,311,BLAp,BLA,205,left,0
10710,10711,3,7531.6,5748.46,2244.1399999999994,0.4375,10710,311,BLAp,BLA,205,left,0
10711,10712,3,7532.82,5747.28,2242.8600000000006,0.37890625,10711,311,BLAp,BLA,205,left,0
10712,10713,3,7534.12,5746.36,2242.1800000000003,0.3515625,10712,311,BLAp,BLA,205,left,0
10713,10714,3,7534.56,5745.38,2240.72,0.671875,10713,311,BLAp,BLA,205,left,0
10714,10715,3,7534.48,5744.62,2238.879999999999,0.671875,10714,311,BLAp,BLA,205,left,0
10715,10716,3,7534.44,5744.64,2237.34,0.07421875,10715,311,BLAp,BLA,205,left,0
10716,10717,3,7534.4,5744.9,2234.540000000001,0.4375,10716,311,BLAp,BLA,205,left,0
10717,10718,3,7534.6,5744.44,2232.620000000001,0.4375,10717,311,BLAp,BLA,205,left,0
10718,10719,3,7535.88,5743.48,2231.58,0.29296875,10718,311,BLAp,BLA,205,left,0
10719,10720,3,7536.48,5743.26,2227.66,0.3203125,10719,311,BLAp,BLA,205,left,0
10720,10721,3,7537.02,5743.04,2226.2000000000007,0.17578125,10720,311,BLAp,BLA,205,left,0
10721,10722,3,7538.38,5742.32,2225.6800000000003,0.203125,10721,311,BLAp,BLA,205,left,0
10722,10723,3,7538.92,5740.58,2224.4,0.17578125,10722,311,BLAp,BLA,205,left,0
10723,10724,3,7540.3,5739.48,2223.4,0.4375,10723,311,BLAp,BLA,205,left,0
10724,10725,3,7540.72,5738.44,2220.84,0.58203125,10724,311,BLAp,BLA,205,left,0
10725,10726,3,7540.6,5737.64,2217.8600000000006,0.17578125,10725,311,BLAp,BLA,205,left,0
10726,10727,3,7540.42,5735.18,2216.7800000000007,0.69921875,10726,311,BLAp,BLA,205,left,0
10727,10728,3,7540.24,5733.2,2213.879999999999,7.90234375,10727,311,BLAp,BLA,205,left,0
10728,10729,3,7539.68,5733.38,2210.5200000000004,0.234375,10728,311,BLAp,BLA,205,left,0
10729,10730,3,7538.66,5733.86,2207.959999999999,0.61328125,10729,311,BLAp,BLA,205,left,0
10730,10731,3,7536.12,5734.4,2206.1000000000004,0.26171875,10730,311,BLAp,BLA,205,left,0
10731,10732,3,7534.72,5734.8,2204.3600000000006,0.58203125,10731,311,BLAp,BLA,205,left,0
10732,10733,3,7533.4,5735.02,2203.040000000001,0.3515625,10732,311,BLAp,BLA,205,left,0
10733,10734,3,7533.02,5734.42,2201.620000000001,0.61328125,10733,311,BLAp,BLA,205,left,0
10734,10735,3,7532.92,5733.74,2198.26,0.26171875,10734,311,BLAp,BLA,205,left,0
10735,10736,3,7532.84,5733.44,2196.16,0.46484375,10735,311,BLAp,BLA,205,left,0
10736,10737,3,7532.78,5733.8,2192.26,0.41015625,10736,311,BLAp,BLA,205,left,0
10737,10738,3,7532.78,5734.46,2189.7800000000007,0.234375,10737,311,BLAp,BLA,205,left,0
11971,11972,3,7239.9,5637.86,2410.1000000000004,0.00390625,10449,303,BLAa,BLA,240,left,0
11972,11973,3,7240.04,5636.94,2412.98,0.41015625,11972,303,BLAa,BLA,240,left,0
11973,11974,3,7240.46,5635.74,2414.58,0.49609375,11973,303,BLAa,BLA,240,left,0
11974,11975,3,7242.06,5635.02,2415.2800000000007,0.37890625,11974,303,BLAa,BLA,240,left,1
11975,11976,3,7240.8,5638.04,2407.2800000000007,0.4375,10449,303,BLAa,BLA,241,left,0
11976,11977,3,7240.94,5635.88,2405.7000000000007,0.58203125,11976,303,BLAa,BLA,241,left,0
11977,11978,3,7241.82,5635.02,2405.2000000000007,0.7578125,11977,303,BLAa,BLA,241,left,0
11978,11979,3,7241.8,5633.82,2403.5200000000004,0.234375,11978,303,BLAa,BLA,241,left,0
11979,11980,3,7241.62,5633.04,2401.5200000000004,0.3515625,11979,303,BLAa,BLA,241,left,0
11980,11981,3,7241.4,5631.24,2399.8,0.5546875,11980,303,BLAa,BLA,241,left,0
11981,11982,3,7241.2,5628.84,2398.72,0.671875,11981,303,BLAa,BLA,241,left,0
11982,11983,3,7241.22,5627.34,2397.7800000000007,0.640625,11982,303,BLAa,BLA,241,left,0
11983,11984,3,7242.06,5626.32,2397.82,0.46484375,11983,303,BLAa,BLA,241,left,0
11984,11985,3,7242.06,5623.62,2396.98,0.3515625,11984,303,BLAa,BLA,241,left,0
11985,11986,3,7242.4,5620.94,2395.3600000000006,0.46484375,11985,303,BLAa,BLA,241,left,0
11986,11987,3,7243.8,5619.4,2394.2000000000007,0.4375,11986,303,BLAa,BLA,241,left,0
11987,11988,3,7243.98,5617.06,2392.5200000000004,0.58203125,11987,303,BLAa,BLA,241,left,0
11988,11989,3,7243.8,5614.54,2391.8,0.81640625,11988,303,BLAa,BLA,241,left,0
11989,11990,3,7243.36,5612.74,2390.82,0.234375,11989,303,BLAa,BLA,241,left,0
11990,11991,3,7241.94,5611.56,2390.2800000000007,0.69921875,11990,303,BLAa,BLA,241,left,0
11991,11992,3,7240.86,5608.7,2390.1800000000003,0.5546875,11991,303,BLAa,BLA,241,left,0
11992,11993,3,7240.68,5606.16,2389.74,0.640625,11992,303,BLAa,BLA,241,left,0
11993,11994,3,7240.44,5603.86,2387.84,0.46484375,11993,303,BLAa,BLA,241,left,0
11994,11995,3,7240.28,5601.94,2387.040000000001,0.3515625,11994,303,BLAa,BLA,241,left,0
11995,11996,3,7240.1,5600.26,2385.879999999999,0.90234375,11995,303,BLAa,BLA,241,left,0
11996,11997,3,7239.94,5599.32,2384.24,0.58203125,11996,303,BLAa,BLA,241,left,0
11997,11998,3,7239.74,5598.74,2381.22,0.9921875,11997,303,BLAa,BLA,241,left,0
11998,11999,3,7239.66,5598.44,2380.16,0.3203125,11998,303,BLAa,BLA,241,left,0
11999,12000,3,7241.78,5598.02,2379.459999999999,0.01953125,11999,303,BLAa,BLA,241,left,0
12000,12001,3,7241.96,5596.22,2377.92,0.61328125,12000,303,BLAa,BLA,241,left,0
12001,12002,3,7242.4,5593.16,2376.0200000000004,0.5234375,12001,303,BLAa,BLA,241,left,0
12002,12003,3,7242.76,5591.04,2375.08,0.41015625,12002,303,BLAa,BLA,241,left,1
12003,12004,3,7378.76,6078.72,2385.959999999999,0.0078125,10545,311,BLAp,BLA,242,left,0
12004,12005,3,7375.82,6079.04,2385.3600000000006,0.49609375,12004,311,BLAp,BLA,242,left,0
12005,12006,3,7373.0,6079.32,2385.3600000000006,0.37890625,12005,311,BLAp,BLA,242,left,0
12006,12007,3,7370.54,6079.64,2385.3600000000006,0.3515625,12006,311,BLAp,BLA,242,left,0
12007,12008,3,7368.64,6080.28,2385.2800000000007,0.3203125,12007,311,BLAp,BLA,242,left,0
12008,12009,3,7367.08,6081.88,2385.4,0.61328125,12008,311,BLAp,BLA,242,left,0
12009,12010,3,7365.78,6084.2,2385.5200000000004,0.29296875,12009,311,BLAp,BLA,242,left,0
12010,12011,3,7363.88,6086.12,2384.98,0.3515625,12010,311,BLAp,BLA,242,left,0
12011,12012,3,7362.2,6086.28,2384.84,1.4296875,12011,311,BLAp,BLA,242,left,1
12012,12013,3,7378.38,6078.76,2385.84,0.0078125,10545,311,BLAp,BLA,243,left,0
12013,12014,3,7376.14,6079.02,2384.9400000000005,0.3515625,12013,311,BLAp,BLA,243,left,0
12014,12015,3,7375.32,6079.16,2383.4,0.5234375,12014,311,BLAp,BLA,243,left,0
12015,12016,3,7375.28,6079.64,2381.379999999999,0.69921875,12015,311,BLAp,BLA,243,left,0
12016,12017,3,7375.16,6080.02,2379.1800000000003,0.5234375,12016,311,BLAp,BLA,243,left,0
12017,12018,3,7374.32,6080.54,2377.72,0.5234375,12017,311,BLAp,BLA,243,left,0
12018,12019,3,7373.78,6080.54,2375.22,0.234375,12018,311,BLAp,BLA,243,left,0
12019,12020,3,7372.5,6080.28,2374.6000000000004,0.3515625,12019,311,BLAp,BLA,243,left,0
12020,12021,3,7371.4,6080.52,2371.379999999999,2.21484375,12020,311,BLAp,BLA,243,left,0
12021,12022,3,7371.34,6081.04,2368.6800000000003,0.73046875,12021,311,BLAp,BLA,243,left,0
12022,12023,3,7370.76,6082.58,2365.6399999999994,0.17578125,12022,311,BLAp,BLA,243,left,0
12023,12024,3,7369.56,6083.98,2363.8600000000006,0.58203125,12023,311,BLAp,BLA,243,left,0
12024,12025,3,7367.24,6084.62,2363.42,1.2265625,12024,311,BLAp,BLA,243,left,0
12025,12026,3,7365.68,6085.0,2362.8,0.1015625,12025,311,BLAp,BLA,243,left,0
12026,12027,3,7365.48,6085.9,2359.6399999999994,4.08203125,12026,311,BLAp,BLA,243,left,0
12027,12028,3,7365.5,6087.1,2356.84,0.69921875,12027,311,BLAp,BLA,243,left,0
12028,12029,3,7365.24,6087.42,2354.66,0.46484375,12028,311,BLAp,BLA,243,left,0
12029,12030,3,7363.96,6087.6,2353.459999999999,1.28515625,12029,311,BLAp,BLA,243,left,0
12030,12031,3,7362.74,6087.74,2351.72,0.640625,12030,311,BLAp,BLA,243,left,0
12031,12032,3,7361.0,6087.5,2350.379999999999,0.46484375,12031,311,BLAp,BLA,243,left,0
12032,12033,3,7360.44,6087.36,2348.2000000000007,0.58203125,12032,311,BLAp,BLA,243,left,0
12033,12034,3,7360.26,6087.2,2344.540000000001,0.37890625,12033,311,BLAp,BLA,243,left,0
12034,12035,3,7359.74,6087.62,2343.66,0.234375,12034,311,BLAp,BLA,243,left,0
12035,12036,3,7358.86,6088.14,2336.0599999999995,0.4375,12035,311,BLAp,BLA,243,left,0
12036,12037,3,7358.8,6088.2,2334.66,0.4375,12036,311,BLAp,BLA,243,left,0
12037,12038,3,7357.96,6088.04,2331.379999999999,0.46484375,12037,311,BLAp,BLA,243,left,0
12038,12039,3,7356.66,6087.54,2329.8,0.81640625,12038,311,BLAp,BLA,243,left,0
12039,12040,3,7356.1,6087.4,2327.8600000000006,4.2890625,12039,311,BLAp,BLA,243,left,0
12040,12041,3,7355.9,6086.24,2325.58,0.5234375,12040,311,BLAp,BLA,243,left,0
12041,12042,3,7355.78,6085.76,2323.3600000000006,0.26171875,12041,311,BLAp,BLA,243,left,0
12042,12043,3,7355.16,6085.74,2320.2000000000007,0.4375,12042,311,BLAp,BLA,243,left,0
12043,12044,3,7353.82,6086.56,2319.58,0.3203125,12043,311,BLAp,BLA,243,left,0
12044,12045,3,7532.84,5735.96,2187.6800000000003,0.00390625,10738,311,BLAp,BLA,244,left,0
12045,12046,3,7533.02,5739.1,2186.0200000000004,0.49609375,12045,311,BLAp,BLA,244,left,0
12046,12047,3,7533.48,5742.04,2184.72,0.234375,12046,311,BLAp,BLA,244,left,0
12047,12048,3,7534.26,5743.5,2183.58,0.5234375,12047,311,BLAp,BLA,244,left,0
12048,12049,3,7534.9,5746.52,2182.08,0.29296875,12048,311,BLAp,BLA,244,left,0
12049,12050,3,7535.64,5746.94,2182.24,0.640625,12049,311,BLAp,BLA,244,left,1
12050,12051,3,7532.44,5734.9,2186.040000000001,0.00390625,10738,311,BLAp,BLA,245,left,0
12051,12052,3,7531.66,5734.84,2184.2800000000007,0.46484375,12051,311,BLAp,BLA,245,left,0
12052,12053,3,7531.42,5734.44,2181.3,0.234375,12052,311,BLAp,BLA,245,left,0
12053,12054,3,7531.94,5734.6,2178.58,0.46484375,12053,311,BLAp,BLA,245,left,0
12054,12055,3,7533.64,5735.94,2175.379999999999,0.49609375,12054,311,BLAp,BLA,245,left,0
12055,12056,3,7534.48,5736.66,2173.24,0.46484375,12055,311,BLAp,BLA,245,left,0
12056,12057,3,7534.54,5738.66,2157.32,0.41015625,12056,311,BLAp,BLA,245,left,0
12057,12058,3,7533.74,5738.9,2155.0,0.26171875,12057,311,BLAp,BLA,245,left,0
12058,12059,3,7533.48,5740.72,2144.66,1.37109375,12058,311,BLAp,BLA,245,left,0
12059,12060,3,7533.46,5740.92,2143.1399999999994,0.93359375,12059,311,BLAp,BLA,245,left,0
12060,12061,3,7534.2,5740.9,2142.74,0.078125,12060,311,BLAp,BLA,245,left,0
12061,12062,3,7534.58,5741.5,2138.08,0.3515625,12061,311,BLAp,BLA,245,left,0
12062,12063,3,7534.44,5741.44,2135.6800000000003,0.26171875,12062,311,BLAp,BLA,245,left,0
12063,12064,3,7533.68,5740.84,2134.22,0.3515625,12063,311,BLAp,BLA,245,left,0
12064,12065,3,7533.18,5740.0,2132.1800000000003,0.29296875,12064,311,BLAp,BLA,245,left,0
12065,12066,3,7533.12,5740.12,2127.98,0.49609375,12065,311,BLAp,BLA,245,left,0
12066,12067,3,7533.06,5739.68,2126.22,0.5546875,12066,311,BLAp,BLA,245,left,0
12067,12068,3,7532.86,5739.34,2122.3,0.4375,12067,311,BLAp,BLA,245,left,0
12068,12069,3,7532.22,5740.46,2120.7000000000007,0.17578125,12068,311,BLAp,BLA,245,left,0
12069,12070,3,7531.96,5742.92,2118.040000000001,0.84765625,12069,311,BLAp,BLA,245,left,0
12070,12071,3,7532.1,5746.04,2114.5,1.01953125,12070,311,BLAp,BLA,245,left,0
12071,12072,3,7531.9,5748.16,2113.3600000000006,0.3515625,12071,311,BLAp,BLA,245,left,0
12072,12073,3,7530.28,5749.26,2113.1000000000004,0.4375,12072,311,BLAp,BLA,245,left,0
12073,12074,3,7528.28,5749.82,2113.0200000000004,0.5234375,12073,311,BLAp,BLA,245,left,0
12074,12075,3,7528.06,5756.48,2111.540000000001,2.12890625,12074,311,BLAp,BLA,245,left,0
12075,12076,3,7528.2,5758.64,2110.6800000000003,0.640625,12075,311,BLAp,BLA,245,left,0
12076,12077,3,7528.3,5760.74,2108.22,0.5546875,12076,311,BLAp,BLA,245,left,0
12077,12078,3,7528.42,5762.72,2106.540000000001,0.81640625,12077,311,BLAp,BLA,245,left,0
12078,12079,3,7528.1,5763.56,2103.3600000000006,0.81640625,12078,311,BLAp,BLA,245,left,0
12079,12080,3,7526.64,5763.62,2102.5,0.5234375,12079,311,BLAp,BLA,245,left,0
12080,12081,3,7526.0,5763.84,2098.8,1.75,12080,311,BLAp,BLA,245,left,0
12081,12082,3,7525.96,5763.7,2096.76,1.69140625,12081,311,BLAp,BLA,245,left,0
12082,12083,3,7525.84,5762.3,2095.540000000001,1.6328125,12082,311,BLAp,BLA,245,left,0
12083,12084,3,7525.76,5762.94,2084.1800000000003,0.4375,12083,311,BLAp,BLA,245,left,0
12084,12085,3,7526.34,5763.28,2082.459999999999,0.46484375,12084,311,BLAp,BLA,245,left,0
12085,12086,3,7528.16,5764.08,2078.4,0.29296875,12085,311,BLAp,BLA,245,left,0
12086,12087,3,7529.82,5764.52,2077.5599999999995,0.3515625,12086,311,BLAp,BLA,245,left,0
12087,12088,3,7530.4,5765.02,2073.7000000000007,0.46484375,12087,311,BLAp,BLA,245,left,0
12088,12089,3,7530.4,5765.46,2072.08,0.73046875,12088,311,BLAp,BLA,245,left,0
12089,12090,3,7530.34,5767.62,2058.4,0.58203125,12089,311,BLAp,BLA,245,left,0
12090,12091,3,7530.28,5768.36,2056.0200000000004,0.69921875,12090,311,BLAp,BLA,245,left,0
12091,12092,3,7529.62,5769.42,2054.84,0.3203125,12091,311,BLAp,BLA,245,left,0
12092,12093,3,7526.82,5770.34,2054.16,0.3515625,12092,311,BLAp,BLA,245,left,0
12093,12094,3,7525.28,5770.86,2053.98,0.29296875,12093,311,BLAp,BLA,245,left,0
12094,12095,3,7524.48,5772.46,2042.2800000000009,0.49609375,12094,311,BLAp,BLA,245,left,0
12095,12096,3,7523.96,5772.04,2040.2000000000007,0.46484375,12095,311,BLAp,BLA,245,left,0
12096,12097,3,7523.24,5772.46,2036.4599999999991,0.49609375,12096,311,BLAp,BLA,245,left,0
12097,12098,3,7523.16,5773.08,2034.5599999999995,0.17578125,12097,311,BLAp,BLA,245,left,0
12098,12099,3,7521.16,5773.56,2033.76,0.41015625,12098,311,BLAp,BLA,245,left,0
12099,12100,3,7519.06,5773.78,2033.76,0.58203125,12099,311,BLAp,BLA,245,left,0
12100,12101,3,7518.62,5775.52,2030.0599999999995,0.0078125,12100,311,BLAp,BLA,245,left,0
12101,12102,3,7518.44,5779.22,2028.5400000000009,0.49609375,12101,311,BLAp,BLA,245,left,0
12102,12103,3,7517.4,5781.64,2027.72,0.234375,12102,311,BLAp,BLA,245,left,0
12103,12104,3,7516.26,5785.62,2026.8600000000008,0.49609375,12103,311,BLAp,BLA,245,left,0
12104,12105,3,7515.22,5787.7,2026.4400000000005,1.69140625,12104,311,BLAp,BLA,245,left,0
12105,12106,3,7512.9,5789.42,2026.14,0.46484375,12105,311,BLAp,BLA,245,left,0
12106,12107,3,7512.08,5792.54,2025.5,0.5234375,12106,311,BLAp,BLA,245,left,0
12107,12108,3,7510.5,5794.92,2024.76,0.5234375,12107,311,BLAp,BLA,245,left,0
12108,12109,3,7509.3,5797.16,2023.08,0.234375,12108,311,BLAp,BLA,245,left,0
12109,12110,3,7507.26,5798.86,2021.7000000000007,0.234375,12109,311,BLAp,BLA,245,left,0
12110,12111,3,7504.9,5800.9,2020.34,0.61328125,12110,311,BLAp,BLA,245,left,0
12111,12112,3,7504.02,5802.98,2019.0599999999995,0.671875,12111,311,BLAp,BLA,245,left,0
12112,12113,3,7503.1,5804.12,2016.6200000000008,0.46484375,12112,311,BLAp,BLA,245,left,0
12113,12114,3,7501.24,5805.24,2015.22,0.81640625,12113,311,BLAp,BLA,245,left,0
12114,12115,3,7499.36,5805.82,2013.5599999999995,0.3203125,12114,311,BLAp,BLA,245,left,0
12115,12116,3,7496.82,5806.84,2012.9400000000005,0.3515625,12115,311,BLAp,BLA,245,left,0
12116,12117,3,7495.96,5807.8,2012.4599999999991,1.1953125,12116,311,BLAp,BLA,245,left,0
12117,12118,3,7495.94,5810.02,2010.9,0.26171875,12117,311,BLAp,BLA,245,left,0
12118,12119,3,7496.16,5813.24,2009.7800000000009,0.17578125,12118,311,BLAp,BLA,245,left,0
12119,12120,3,7495.46,5814.96,2008.8600000000008,0.81640625,12119,311,BLAp,BLA,245,left,0
12120,12121,3,7493.28,5816.38,2008.64,0.26171875,12120,311,BLAp,BLA,245,left,0
12121,12122,3,7491.84,5818.34,2008.66,0.3515625,12121,311,BLAp,BLA,245,left,0
12122,12123,3,7490.02,5820.82,2008.66,0.29296875,12122,311,BLAp,BLA,245,left,0
12123,12124,3,7488.08,5822.9,2008.6200000000008,0.00390625,12123,311,BLAp,BLA,245,left,0
12124,12125,3,7485.94,5825.06,2008.42,1.109375,12124,311,BLAp,BLA,245,left,0
12125,12126,3,7485.08,5827.5,2007.9400000000005,0.875,12125,311,BLAp,BLA,245,left,0
12126,12127,3,7482.96,5829.02,2007.6800000000003,10.5,12126,311,BLAp,BLA,245,left,0
12127,12128,3,7480.74,5830.1,2007.2999999999995,1.25390625,12127,311,BLAp,BLA,245,left,0
12128,12129,3,7478.5,5830.58,2006.98,22.75,12128,311,BLAp,BLA,245,left,0
12129,12130,3,7477.54,5834.98,2006.08,30.859375,12129,311,BLAp,BLA,245,left,0
12130,12131,3,7476.68,5837.78,2004.82,0.81640625,12130,131,LA,LA,245,left,0
12131,12132,3,7475.38,5839.92,2003.34,0.73046875,12131,131,LA,LA,245,left,0
12132,12133,3,7473.38,5840.98,2001.84,1.13671875,12132,131,LA,LA,245,left,0
12133,12134,3,7472.5,5841.72,2000.58,0.234375,12133,131,LA,LA,245,left,0
12134,12135,3,7472.38,5846.6,1999.3600000000008,0.4375,12134,131,LA,LA,245,left,0
12135,12136,3,7471.68,5849.42,1998.6900000000005,0.4375,12135,131,LA,LA,245,left,0
12136,12137,3,7470.46,5850.6,1997.64,0.3515625,12136,131,LA,LA,245,left,0
12137,12138,3,7469.28,5851.34,1997.24,0.0390625,12137,131,LA,LA,245,left,0
12138,12139,3,7469.2,5852.32,1995.7900000000009,0.875,12138,131,LA,LA,245,left,0
12139,12140,3,7467.52,5853.04,1994.74,35.29296875,12139,131,LA,LA,245,left,0
12140,12141,3,7465.22,5853.48,1994.67,2.88671875,12140,131,LA,LA,245,left,0
12141,12142,3,7464.64,5855.38,1992.84,0.7578125,12141,131,LA,LA,245,left,0
12142,12143,3,7464.76,5857.28,1990.2900000000009,0.73046875,12142,131,LA,LA,245,left,0
12143,12144,3,7462.58,5858.7,1989.58,13.125,12143,131,LA,LA,245,left,0
12144,12145,3,7460.64,5859.64,1989.1200000000008,0.234375,12144,131,LA,LA,245,left,0
12145,12146,3,7459.82,5862.18,1987.6200000000008,0.73046875,12145,131,LA,LA,245,left,0
12146,12147,3,7458.92,5864.08,1985.5499999999995,0.3515625,12146,131,LA,LA,245,left,0
12147,12148,3,7456.8,5866.6,1983.5499999999995,0.203125,12147,131,LA,LA,245,left,0
12148,12149,3,7455.06,5868.22,1982.6000000000004,1.72265625,12148,131,LA,LA,245,left,0
12149,12150,3,7452.86,5868.84,1981.65,0.81640625,12149,131,LA,LA,245,left,0
12150,12151,3,7452.1,5869.76,1980.0499999999995,0.49609375,12150,131,LA,LA,245,left,0
12151,12152,3,7450.1,5871.4,1978.57,0.5234375,12151,131,LA,LA,245,left,0
12152,12153,3,7448.58,5873.38,1976.98,0.17578125,12152,131,LA,LA,245,left,0
12153,12154,3,7446.46,5874.42,1976.47,15.546875,12153,131,LA,LA,245,left,0
12154,12155,3,7445.96,5878.26,1975.5499999999995,1.05078125,12154,131,LA,LA,245,left,0
12155,12156,3,7445.74,5880.66,1974.5,0.26171875,12155,966,EPv,EP,245,left,0
12156,12157,3,7444.4,5881.2,1974.09,1.6640625,12156,966,EPv,EP,245,left,0
12157,12158,3,7443.8,5881.6,1971.2900000000009,0.69921875,12157,966,EPv,EP,245,left,0
12158,12159,3,7443.22,5882.26,1969.5300000000009,0.5546875,12158,966,EPv,EP,245,left,0
12159,12160,3,7441.48,5883.52,1968.57,0.61328125,12159,966,EPv,EP,245,left,0
12160,12161,3,7440.34,5885.74,1966.1299999999992,0.58203125,12160,966,EPv,EP,245,left,0
12161,12162,3,7439.48,5887.26,1963.47,0.640625,12161,966,EPv,EP,245,left,0
12162,12163,3,7438.08,5888.56,1960.7800000000009,0.640625,12162,966,EPv,EP,245,left,0
12163,12164,3,7435.64,5889.22,1959.23,0.5234375,12163,966,EPv,EP,245,left,0
12164,12165,3,7434.54,5890.52,1957.41,0.4375,12164,966,EPv,EP,245,left,0
12165,12166,3,7432.88,5891.26,1956.57,0.58203125,12165,966,EPv,EP,245,left,0
12166,12167,3,7431.46,5892.4,1955.66,0.03125,12166,966,EPv,EP,245,left,0
12167,12168,3,7431.42,5893.82,1950.82,0.4375,12167,966,EPv,EP,245,left,0
12168,12169,3,7430.76,5894.42,1948.89,0.203125,12168,966,EPv,EP,245,left,0
12169,12170,3,7428.66,5895.56,1947.8600000000008,0.3515625,12169,966,EPv,EP,245,left,0
12170,12171,3,7427.62,5896.82,1944.9300000000003,0.58203125,12170,966,EPv,EP,245,left,0
12171,12172,3,7426.4,5897.54,1942.58,0.29296875,12171,966,EPv,EP,245,left,0
12172,12173,3,7425.62,5897.76,1938.4599999999991,0.49609375,12172,966,EPv,EP,245,left,0
12173,12174,3,7424.84,5896.88,1937.5200000000004,0.4375,12173,966,EPv,EP,245,left,0
12174,12175,3,7422.64,5896.88,1937.16,0.17578125,12174,966,EPv,EP,245,left,0
12175,12176,3,7421.96,5898.82,1921.75,0.7578125,12175,966,EPv,EP,245,left,0
12176,12177,3,7421.62,5899.1,1919.67,0.90234375,12176,966,EPv,EP,245,left,0
12177,12178,3,7420.76,5899.3,1917.6000000000004,0.7890625,12177,966,EPv,EP,245,left,0
12178,12179,3,7419.36,5899.2,1916.4500000000007,0.4375,12178,966,EPv,EP,245,left,0
12179,12180,3,7418.36,5899.72,1912.58,0.46484375,12179,966,EPv,EP,245,left,0
12180,12181,3,7418.38,5900.22,1910.67,0.26171875,12180,966,EPv,EP,245,left,0
12181,12182,3,7418.4,5900.84,1907.8700000000008,0.61328125,12181,966,EPv,EP,245,left,0
12182,12183,3,7418.38,5901.24,1901.4400000000005,0.49609375,12182,966,EPv,EP,245,left,0
12183,12184,3,7419.78,5901.14,1899.8799999999992,0.01171875,12183,966,EPv,EP,245,left,0
12184,12185,3,7422.44,5901.1,1898.07,0.3515625,12184,966,EPv,EP,245,left,0
12185,12186,3,7424.14,5901.1,1896.6800000000003,0.7890625,12185,966,EPv,EP,245,left,0
12186,12187,3,7426.42,5900.62,1894.89,0.671875,12186,966,EPv,EP,245,left,0
12187,12188,3,7427.22,5899.4,1893.23,0.41015625,12187,966,EPv,EP,245,left,0
12188,12189,3,7427.46,5896.68,1892.08,0.37890625,12188,966,EPv,EP,245,left,0
12189,12190,3,7427.18,5893.12,1890.1800000000003,0.41015625,12189,966,EPv,EP,245,left,0
12190,12191,3,7426.84,5889.22,1886.66,0.3515625,12190,966,EPv,EP,245,left,0
12191,12192,3,7426.24,5887.88,1884.92,0.29296875,12191,966,EPv,EP,245,left,0
12192,12193,3,7425.34,5887.04,1883.0499999999995,0.49609375,12192,966,EPv,EP,245,left,0
12193,12194,3,7424.12,5885.86,1880.7700000000004,0.5234375,12193,966,EPv,EP,245,left,0
12194,12195,3,7423.16,5884.48,1879.07,0.5546875,12194,966,EPv,EP,245,left,0
12195,12196,3,7422.74,5883.94,1874.8600000000008,0.58203125,12195,966,EPv,EP,245,left,0
12196,12197,3,7422.64,5882.84,1872.5599999999995,0.3203125,12196,966,EPv,EP,245,left,0
12197,12198,3,7422.48,5880.2,1867.24,0.5234375,12197,966,EPv,EP,245,left,0
12198,12199,3,7423.04,5878.74,1865.8500000000004,0.3515625,12198,966,EPv,EP,245,left,0
12199,12200,3,7423.28,5876.56,1864.01,0.640625,12199,966,EPv,EP,245,left,0
12200,12201,3,7423.22,5875.86,1862.25,0.234375,12200,966,EPv,EP,245,left,0
12201,12202,3,7423.2,5875.86,1859.3600000000008,0.49609375,12201,966,EPv,EP,245,left,0
12202,12203,3,7423.18,5875.96,1856.2099999999991,0.5234375,12202,966,EPv,EP,245,left,0
12203,12204,3,7423.06,5874.66,1853.98,0.41015625,12203,966,EPv,EP,245,left,0
12204,12205,3,7422.96,5873.78,1851.4300000000003,0.5234375,12204,966,EPv,EP,245,left,0
12205,12206,3,7422.98,5874.12,1849.3600000000008,0.73046875,12205,966,EPv,EP,245,left,0
12206,12207,3,7422.4,5876.14,1848.0400000000009,0.41015625,12206,966,EPv,EP,245,left,0
12207,12208,3,7421.12,5878.36,1846.4400000000005,0.3203125,12207,966,EPv,EP,245,left,0
12208,12209,3,7420.24,5879.48,1844.7800000000009,0.3515625,12208,966,EPv,EP,245,left,0
12209,12210,3,7417.7,5880.0,1843.92,0.3515625,12209,966,EPv,EP,245,left,0
12210,12211,3,7415.6,5880.18,1843.9500000000007,0.73046875,12210,966,EPv,EP,245,left,1
14023,14024,3,7354.94,6085.68,2319.7000000000007,0.015625,12044,311,BLAp,BLA,284,left,0
14024,14025,3,7355.4,6083.06,2320.08,0.46484375,14024,311,BLAp,BLA,284,left,0
14025,14026,3,7355.12,6079.84,2320.3600000000006,0.29296875,14025,311,BLAp,BLA,284,left,0
14026,14027,3,7354.88,6076.94,2321.1800000000003,0.671875,14026,311,BLAp,BLA,284,left,0
14027,14028,3,7354.72,6074.7,2322.48,0.29296875,14027,311,BLAp,BLA,284,left,1
14028,14029,3,7353.28,6086.52,2317.540000000001,0.0234375,12044,311,BLAp,BLA,285,left,0
14029,14030,3,7353.2,6086.68,2315.4,0.4375,14029,311,BLAp,BLA,285,left,0
14030,14031,3,7351.52,6087.3,2314.879999999999,0.37890625,14030,311,BLAp,BLA,285,left,0
14031,14032,3,7349.2,6087.6,2314.72,0.17578125,14031,311,BLAp,BLA,285,left,0
14032,14033,3,7348.34,6087.92,2309.5,0.5546875,14032,311,BLAp,BLA,285,left,0
14033,14034,3,7347.9,6087.98,2307.6399999999994,0.41015625,14033,311,BLAp,BLA,285,left,0
14034,14035,3,7346.58,6087.7,2306.26,0.3515625,14034,311,BLAp,BLA,285,left,0
14035,14036,3,7345.2,6087.16,2304.2000000000007,0.49609375,14035,311,BLAp,BLA,285,left,0
14036,14037,3,7344.0,6086.54,2303.959999999999,0.17578125,14036,311,BLAp,BLA,285,left,0
14037,14038,3,7343.14,6086.5,2300.5599999999995,0.4375,14037,311,BLAp,BLA,285,left,0
14038,14039,3,7342.74,6086.34,2299.22,0.49609375,14038,311,BLAp,BLA,285,left,0
14039,14040,3,7341.24,6085.92,2299.040000000001,0.17578125,14039,311,BLAp,BLA,285,left,0
14040,14041,3,7340.54,6085.24,2297.84,0.49609375,14040,311,BLAp,BLA,285,left,0
14041,14042,3,7340.42,6085.1,2294.92,0.5546875,14041,311,BLAp,BLA,285,left,0
14042,14043,3,7340.22,6084.26,2293.8600000000006,0.3515625,14042,311,BLAp,BLA,285,left,0
14043,14044,3,7339.0,6083.82,2291.8,0.69921875,14043,311,BLAp,BLA,285,left,0
14044,14045,3,7338.14,6083.92,2289.6000000000004,0.3515625,14044,311,BLAp,BLA,285,left,0
14045,14046,3,7337.16,6083.54,2287.0,0.17578125,14045,311,BLAp,BLA,285,left,0
14046,14047,3,7336.38,6082.56,2286.84,0.69921875,14046,311,BLAp,BLA,285,left,0
14047,14048,3,7335.56,6082.76,2284.459999999999,0.0078125,14047,311,BLAp,BLA,285,left,0
14048,14049,3,7332.36,6082.76,2282.8,0.5234375,14048,311,BLAp,BLA,285,left,0
14049,14050,3,7331.16,6081.76,2281.120000000001,0.46484375,14049,311,BLAp,BLA,285,left,0
14050,14051,3,7329.4,6080.94,2280.120000000001,0.875,14050,311,BLAp,BLA,285,left,0
14051,14052,3,7328.64,6079.86,2278.08,0.58203125,14051,311,BLAp,BLA,285,left,0
14052,14053,3,7327.66,6079.62,2276.040000000001,11.609375,14052,311,BLAp,BLA,285,left,0
14053,14054,3,7326.02,6078.72,2274.9400000000005,0.7890625,14053,311,BLAp,BLA,285,left,0
14054,14055,3,7323.96,6078.0,2274.0200000000004,0.61328125,14054,311,BLAp,BLA,285,left,0
14055,14056,3,7322.86,6077.18,2272.6399999999994,0.203125,14055,311,BLAp,BLA,285,left,0
14056,14057,3,7320.88,6076.66,2272.379999999999,18.95703125,14056,311,BLAp,BLA,285,left,0
14057,14058,3,7319.76,6076.62,2271.16,0.7578125,14057,311,BLAp,BLA,285,left,0
14058,14059,3,7319.58,6075.5,2269.0599999999995,0.7578125,14058,311,BLAp,BLA,285,left,0
14059,14060,3,7318.76,6073.48,2266.2800000000007,0.26171875,14059,311,BLAp,BLA,285,left,0
14060,14061,3,7317.18,6072.7,2265.3,0.46484375,14060,311,BLAp,BLA,285,left,0
14061,14062,3,7316.68,6072.26,2262.5,0.29296875,14061,311,BLAp,BLA,285,left,0
14062,14063,3,7315.86,6071.14,2260.7800000000007,0.46484375,14062,311,BLAp,BLA,285,left,0
14063,14064,3,7314.68,6070.48,2259.2000000000007,0.4375,14063,311,BLAp,BLA,285,left,0
14064,14065,3,7313.9,6070.02,2256.5,1.37109375,14064,311,BLAp,BLA,285,left,0
14065,14066,3,7313.28,6069.22,2255.74,0.29296875,14065,311,BLAp,BLA,285,left,0
14066,14067,3,7311.82,6069.16,2255.7800000000007,0.3515625,14066,311,BLAp,BLA,285,left,0
14067,14068,3,7311.2,6067.58,2254.120000000001,0.0078125,14067,311,BLAp,BLA,285,left,0
14068,14069,3,7311.0,6066.66,2250.32,0.81640625,14068,311,BLAp,BLA,285,left,0
14069,14070,3,7310.62,6066.78,2248.7800000000007,0.61328125,14069,311,BLAp,BLA,285,left,0
14070,14071,3,7308.74,6067.0,2248.0,0.26171875,14070,311,BLAp,BLA,285,left,0
14071,14072,3,7307.28,6067.34,2243.1399999999994,0.37890625,14071,311,BLAp,BLA,285,left,0
14072,14073,3,7307.14,6066.5,2240.959999999999,0.61328125,14072,311,BLAp,BLA,285,left,0
14073,14074,3,7305.92,6065.46,2239.82,0.46484375,14073,311,BLAp,BLA,285,left,0
14074,14075,3,7304.16,6065.72,2239.76,0.29296875,14074,311,BLAp,BLA,285,left,0
14075,14076,3,7301.84,6066.42,2239.540000000001,0.41015625,14075,311,BLAp,BLA,285,left,0
14076,14077,3,7299.4,6067.16,2238.8,0.5234375,14076,311,BLAp,BLA,285,left,0
14077,14078,3,7297.28,6067.84,2237.8,0.5234375,14077,311,BLAp,BLA,285,left,0
14078,14079,3,7295.18,6068.48,2234.9400000000005,1.3125,14078,311,BLAp,BLA,285,left,0
14079,14080,3,7294.42,6069.08,2233.2000000000007,0.3515625,14079,311,BLAp,BLA,285,left,0
14080,14081,3,7293.04,6070.38,2232.08,0.29296875,14080,311,BLAp,BLA,285,left,0
14081,14082,3,7289.82,6070.92,2231.6399999999994,0.41015625,14081,311,BLAp,BLA,285,left,0
14082,14083,3,7288.32,6071.08,2231.34,0.4375,14082,311,BLAp,BLA,285,left,0
14083,14084,3,7286.6,6071.26,2230.8600000000006,0.05078125,14083,311,BLAp,BLA,285,left,0
14084,14085,3,7284.24,6071.66,2230.0200000000004,0.5234375,14084,311,BLAp,BLA,285,left,0
14085,14086,3,7282.2,6072.3,2229.459999999999,0.7578125,14085,311,BLAp,BLA,285,left,0
14086,14087,3,7280.44,6073.12,2228.48,0.46484375,14086,311,BLAp,BLA,285,left,0
14087,14088,3,7277.98,6074.12,2227.6399999999994,0.61328125,14087,311,BLAp,BLA,285,left,0
14088,14089,3,7276.26,6075.26,2226.1800000000003,0.61328125,14088,311,BLAp,BLA,285,left,0
14089,14090,3,7274.16,6075.62,2225.0599999999995,0.9609375,14089,311,BLAp,BLA,285,left,0
14090,14091,3,7272.44,6075.86,2223.7800000000007,1.3125,14090,311,BLAp,BLA,285,left,0
14091,14092,3,7270.64,6076.14,2221.959999999999,0.46484375,14091,311,BLAp,BLA,285,left,0
14092,14093,3,7268.84,6076.22,2220.7800000000007,0.58203125,14092,311,BLAp,BLA,285,left,0
14093,14094,3,7266.16,6075.14,2218.459999999999,0.84765625,14093,311,BLAp,BLA,285,left,0
14094,14095,3,7264.2,6074.82,2217.0200000000004,10.6171875,14094,311,BLAp,BLA,285,left,0
14095,14096,3,7260.78,6075.08,2216.26,0.234375,14095,311,BLAp,BLA,285,left,0
14096,14097,3,7258.54,6075.3,2215.76,0.3515625,14096,311,BLAp,BLA,285,left,0
14097,14098,3,7255.54,6075.64,2215.1000000000004,0.4375,14097,311,BLAp,BLA,285,left,0
14098,14099,3,7254.06,6076.34,2213.879999999999,0.3203125,14098,311,BLAp,BLA,285,left,0
14099,14100,3,7252.44,6077.1,2212.9,0.46484375,14099,311,BLAp,BLA,285,left,0
14100,14101,3,7250.36,6077.4,2212.1000000000004,0.46484375,14100,311,BLAp,BLA,285,left,0
14101,14102,3,7249.78,6077.58,2209.379999999999,0.7578125,14101,311,BLAp,BLA,285,left,0
14102,14103,3,7249.66,6077.06,2207.22,0.29296875,14102,311,BLAp,BLA,285,left,0
14103,14104,3,7249.58,6076.8,2205.1000000000004,0.49609375,14103,311,BLAp,BLA,285,left,0
14104,14105,3,7247.06,6077.02,2204.2800000000007,0.02734375,14104,311,BLAp,BLA,285,left,0
14105,14106,3,7245.92,6076.84,2202.34,0.37890625,14105,311,BLAp,BLA,285,left,0
14106,14107,3,7245.9,6077.32,2199.8600000000006,0.3515625,14106,311,BLAp,BLA,285,left,0
14107,14108,3,7245.3,6077.68,2197.7800000000007,0.7578125,14107,311,BLAp,BLA,285,left,0
14108,14109,3,7243.44,6077.94,2196.4,0.81640625,14108,311,BLAp,BLA,285,left,0
14109,14110,3,7242.04,6078.18,2194.58,1.109375,14109,311,BLAp,BLA,285,left,0
14110,14111,3,7240.0,6078.54,2192.9400000000005,0.37890625,14110,311,BLAp,BLA,285,left,0
14111,14112,3,7238.16,6079.3,2191.6000000000004,0.41015625,14111,311,BLAp,BLA,285,left,0
14112,14113,3,7235.4,6080.48,2190.3,0.7578125,14112,311,BLAp,BLA,285,left,0
14113,14114,3,7234.28,6082.64,2188.82,0.49609375,14113,311,BLAp,BLA,285,left,0
14114,14115,3,7232.92,6084.68,2187.72,0.49609375,14114,311,BLAp,BLA,285,left,0
14115,14116,3,7231.24,6085.94,2186.66,0.29296875,14115,311,BLAp,BLA,285,left,0
14116,14117,3,7230.64,6086.42,2184.5,0.49609375,14116,311,BLAp,BLA,285,left,0
14117,14118,3,7229.22,6087.1,2182.26,0.3515625,14117,311,BLAp,BLA,285,left,0
14118,14119,3,7227.56,6087.44,2180.26,0.5546875,14118,311,BLAp,BLA,285,left,0
14119,14120,3,7227.22,6088.78,2178.2800000000007,0.41015625,14119,311,BLAp,BLA,285,left,0
14120,14121,3,7227.46,6091.8,2176.74,0.26171875,14120,311,BLAp,BLA,285,left,0
14121,14122,3,7228.02,6098.04,2175.2000000000007,0.46484375,14121,311,BLAp,BLA,285,left,0
14122,14123,3,7228.24,6100.7,2174.4400000000005,0.61328125,14122,311,BLAp,BLA,285,left,0
14123,14124,3,7227.12,6102.84,2173.959999999999,0.00390625,14123,311,BLAp,BLA,285,left,0
14124,14125,3,7226.38,6106.46,2173.74,0.3203125,14124,311,BLAp,BLA,285,left,0
14125,14126,3,7226.64,6109.38,2173.6800000000003,0.3203125,14125,311,BLAp,BLA,285,left,0
14126,14127,3,7225.94,6111.86,2173.32,0.5234375,14126,311,BLAp,BLA,285,left,0
14127,14128,3,7224.48,6114.22,2172.9400000000005,0.69921875,14127,311,BLAp,BLA,285,left,0
14128,14129,3,7223.9,6118.68,2172.1800000000003,0.46484375,14128,311,BLAp,BLA,285,left,0
14129,14130,3,7223.52,6121.38,2171.7000000000007,0.203125,14129,311,BLAp,BLA,285,left,0
14130,14131,3,7222.26,6123.72,2171.1800000000003,0.41015625,14130,311,BLAp,BLA,285,left,0
14131,14132,3,7221.2,6125.8,2170.540000000001,0.41015625,14131,311,BLAp,BLA,285,left,0
14132,14133,3,7219.04,6126.42,2169.9,0.26171875,14132,311,BLAp,BLA,285,left,0
14133,14134,3,7218.54,6127.46,2167.98,0.5234375,14133,311,BLAp,BLA,285,left,0
14134,14135,3,7217.64,6129.4,2166.379999999999,0.69921875,14134,311,BLAp,BLA,285,left,0
14135,14136,3,7216.9,6132.56,2164.5200000000004,0.671875,14135,311,BLAp,BLA,285,left,0
14136,14137,3,7216.5,6135.14,2162.5599999999995,0.7578125,14136,311,BLAp,BLA,285,left,0
14137,14138,3,7215.36,6136.82,2161.4400000000005,0.46484375,14137,311,BLAp,BLA,285,left,0
14138,14139,3,7213.64,6138.12,2159.74,0.58203125,14138,311,BLAp,BLA,285,left,0
14139,14140,3,7213.08,6138.68,2158.0599999999995,0.3515625,14139,311,BLAp,BLA,285,left,0
14140,14141,3,7211.82,6139.22,2157.4400000000005,0.3515625,14140,311,BLAp,BLA,285,left,0
14141,14142,3,7211.08,6139.72,2154.76,0.3203125,14141,311,BLAp,BLA,285,left,0
14142,14143,3,7211.12,6140.58,2153.08,0.4375,14142,311,BLAp,BLA,285,left,0
14143,14144,3,7211.16,6142.94,2151.48,0.5546875,14143,311,BLAp,BLA,285,left,0
14144,14145,3,7210.56,6144.58,2150.8,0.4375,14144,311,BLAp,BLA,285,left,0
14145,14146,3,7210.54,6148.02,2149.66,0.3203125,14145,311,BLAp,BLA,285,left,0
14146,14147,3,7210.76,6150.58,2148.24,0.5234375,14146,311,BLAp,BLA,285,left,0
14147,14148,3,7211.38,6157.16,2146.7800000000007,0.3515625,14147,311,BLAp,BLA,285,left,0
14148,14149,3,7212.08,6158.44,2146.26,0.41015625,14148,311,BLAp,BLA,285,left,1
