,ID,type,AP,DV,ML,R,parent,area_ID,area_name,name_use,bratch_ID,side,terminal
0,1,1,6900.98,6027.1,2766.459999999999,2.4921875,-1,303,BLAa,BLA,1,left,0
34,35,3,6901.06,6027.88,2766.4400000000005,0.20703125,1,303,BLAa,BLA,2,left,0
35,36,3,6900.02,6028.26,2752.84,3.1953125,35,303,BLAa,BLA,2,left,0
36,37,3,6899.92,6028.26,2751.6399999999994,2.98046875,36,303,BLAa,BLA,2,left,0
37,38,3,6898.48,6028.38,2750.9400000000005,1.921875,37,303,BLAa,BLA,2,left,0
38,39,3,6896.42,6028.52,2750.58,1.328125,38,303,BLAa,BLA,2,left,0
39,40,3,6894.38,6028.78,2749.74,0.37890625,39,303,BLAa,BLA,2,left,0
40,41,3,6893.32,6029.16,2749.0200000000004,0.6484375,40,303,BLAa,BLA,2,left,0
41,42,3,6890.56,6029.44,2747.84,0.2421875,41,303,BLAa,BLA,2,left,0
42,43,3,6889.56,6029.8,2747.1800000000003,0.43359375,42,303,BLAa,BLA,2,left,0
43,44,3,6887.34,6030.42,2746.26,0.6484375,43,303,BLAa,BLA,2,left,0
44,45,3,6885.84,6031.44,2744.9,0.21484375,44,303,BLAa,BLA,2,left,0
45,46,3,6885.08,6033.18,2743.82,0.26953125,45,303,BLAa,BLA,2,left,0
46,47,3,6883.38,6034.9,2742.76,0.48828125,46,303,BLAa,BLA,2,left,0
47,48,3,6881.46,6036.02,2742.16,0.62109375,47,303,BLAa,BLA,2,left,0
48,49,3,6879.82,6037.12,2741.379999999999,0.4609375,48,303,BLAa,BLA,2,left,0
49,50,3,6877.54,6038.28,2740.4400000000005,0.48828125,49,303,BLAa,BLA,2,left,0
50,51,3,6877.28,6038.92,2739.3600000000006,0.73046875,50,303,BLAa,BLA,2,left,0
51,52,3,6875.28,6040.5,2738.620000000001,0.73046875,51,303,BLAa,BLA,2,left,0
52,53,3,6873.38,6041.38,2738.24,0.4609375,52,303,BLAa,BLA,2,left,0
53,54,3,6901.24,6029.36,2766.459999999999,0.09375,1,303,BLAa,BLA,3,left,0
54,55,3,6900.44,6031.04,2766.2800000000007,0.43359375,54,303,BLAa,BLA,3,left,0
55,56,3,6898.18,6031.38,2766.2000000000007,0.32421875,55,303,BLAa,BLA,3,left,0
56,57,3,6896.92,6032.32,2766.120000000001,0.67578125,56,303,BLAa,BLA,3,left,0
57,58,3,6895.3,6033.44,2766.620000000001,0.6484375,57,303,BLAa,BLA,3,left,0
58,59,3,6894.38,6034.68,2767.4,0.21484375,58,303,BLAa,BLA,3,left,0
59,60,3,6892.5,6036.74,2768.620000000001,0.6484375,59,303,BLAa,BLA,3,left,0
60,61,3,6891.14,6037.58,2769.6800000000003,0.32421875,60,303,BLAa,BLA,3,left,0
61,62,3,6890.48,6039.02,2771.3600000000006,0.59765625,61,303,BLAa,BLA,3,left,0
62,63,3,6890.0,6040.98,2772.959999999999,0.4609375,62,303,BLAa,BLA,3,left,0
63,64,3,6889.6,6042.22,2774.22,0.40625,63,303,BLAa,BLA,3,left,0
64,65,3,6889.3,6044.26,2775.6000000000004,0.515625,64,303,BLAa,BLA,3,left,0
65,66,3,6888.4,6046.6,2777.0,0.43359375,65,303,BLAa,BLA,3,left,0
66,67,3,6887.58,6049.0,2777.9,0.54296875,66,303,BLAa,BLA,3,left,0
67,68,3,6886.72,6050.4,2778.76,0.515625,67,303,BLAa,BLA,3,left,0
68,69,3,6886.42,6052.44,2779.8,0.703125,68,303,BLAa,BLA,3,left,0
69,70,3,6902.8,6027.46,2768.0200000000004,0.09375,1,303,BLAa,BLA,4,left,0
70,71,3,6904.96,6027.28,2770.6399999999994,0.32421875,70,303,BLAa,BLA,4,left,0
71,72,3,6906.38,6026.64,2772.0200000000004,0.3515625,71,303,BLAa,BLA,4,left,0
72,73,3,6900.94,6028.16,2764.5599999999995,0.140625,1,303,BLAa,BLA,5,left,0
73,74,3,6900.34,6028.7,2755.5200000000004,0.5703125,73,303,BLAa,BLA,5,left,0
74,75,3,6900.94,6028.66,2754.24,2.30078125,74,303,BLAa,BLA,5,left,0
75,76,3,6904.1,6028.46,2753.879999999999,1.02734375,75,303,BLAa,BLA,5,left,0
76,77,3,6906.18,6028.3,2753.9400000000005,2.22265625,76,303,BLAa,BLA,5,left,0
77,78,3,6907.56,6028.12,2752.82,1.02734375,77,303,BLAa,BLA,5,left,0
78,79,3,6907.8,6027.8,2750.6399999999994,0.54296875,78,303,BLAa,BLA,5,left,0
79,80,3,6909.18,6027.62,2750.1000000000004,0.73046875,79,303,BLAa,BLA,5,left,0
80,81,3,6911.66,6027.88,2750.120000000001,0.48828125,80,303,BLAa,BLA,5,left,0
81,82,3,6914.24,6028.18,2749.66,0.78515625,81,303,BLAa,BLA,5,left,0
82,83,3,6915.76,6028.1,2748.92,0.48828125,82,303,BLAa,BLA,5,left,0
83,84,3,6901.12,6028.04,2764.5200000000004,0.0703125,1,303,BLAa,BLA,6,left,0
84,85,3,6901.72,6028.02,2762.1399999999994,2.35546875,84,303,BLAa,BLA,6,left,0
85,86,3,6901.4,6026.0,2759.82,1.76171875,85,303,BLAa,BLA,6,left,0
86,87,3,6900.92,6022.7,2758.379999999999,2.11328125,86,303,BLAa,BLA,6,left,0
87,88,3,6900.56,6020.86,2756.6800000000003,1.625,87,303,BLAa,BLA,6,left,0
88,89,3,6900.92,6018.54,2755.879999999999,1.30078125,88,303,BLAa,BLA,6,left,0
89,90,3,6901.84,6017.82,2755.040000000001,0.48828125,89,303,BLAa,BLA,6,left,0
90,91,3,6901.92,6015.22,2754.6000000000004,1.00390625,90,303,BLAa,BLA,6,left,0
91,92,3,6901.56,6012.96,2753.42,1.70703125,91,303,BLAa,BLA,6,left,0
92,93,3,6901.1,6008.12,2752.72,0.54296875,92,303,BLAa,BLA,6,left,0
93,94,3,6901.62,6006.46,2752.9,0.43359375,93,303,BLAa,BLA,6,left,0
94,95,3,6901.34,6001.7,2753.620000000001,0.40625,94,303,BLAa,BLA,6,left,0
95,96,3,6901.04,5999.34,2753.48,0.32421875,95,303,BLAa,BLA,6,left,0
96,97,3,6900.68,5995.62,2753.4400000000005,0.59765625,96,303,BLAa,BLA,6,left,0
97,98,3,6901.18,5994.14,2753.58,0.296875,97,303,BLAa,BLA,6,left,0
98,99,3,6901.28,5990.96,2753.6399999999994,0.43359375,98,303,BLAa,BLA,6,left,0
99,100,3,6901.9,5989.58,2753.66,0.40625,99,303,BLAa,BLA,6,left,0
100,101,3,6901.68,5985.98,2754.040000000001,0.40625,100,303,BLAa,BLA,6,left,0
101,102,3,6901.52,5984.36,2754.42,0.4609375,101,303,BLAa,BLA,6,left,0
102,103,3,6902.4,5982.54,2754.9400000000005,0.01171875,102,303,BLAa,BLA,6,left,0
103,104,3,6902.92,5980.86,2757.0,0.37890625,103,303,BLAa,BLA,6,left,0
104,105,3,6904.02,5980.02,2758.379999999999,0.296875,104,303,BLAa,BLA,6,left,0
105,106,3,6906.22,5978.1,2759.42,0.32421875,105,303,BLAa,BLA,6,left,0
106,107,3,6907.3,5976.44,2760.1399999999994,0.2421875,106,303,BLAa,BLA,6,left,0
107,108,3,6908.1,5971.34,2760.76,0.32421875,107,303,BLAa,BLA,6,left,0
108,109,3,6908.42,5969.76,2760.92,0.32421875,108,303,BLAa,BLA,6,left,0
109,110,3,6908.56,5965.94,2761.3,0.43359375,109,303,BLAa,BLA,6,left,0
110,111,3,6908.06,5962.04,2761.0200000000004,0.4609375,110,303,BLAa,BLA,6,left,0
111,112,3,6907.8,5960.42,2760.32,0.6484375,111,303,BLAa,BLA,6,left,0
112,113,3,6906.86,5952.72,2760.540000000001,0.40625,112,303,BLAa,BLA,6,left,0
113,114,3,6906.62,5949.68,2760.26,0.48828125,113,303,BLAa,BLA,6,left,0
114,115,3,6907.06,5947.64,2760.1800000000003,0.703125,114,303,BLAa,BLA,6,left,0
115,116,3,6906.9,5943.66,2760.32,0.62109375,115,303,BLAa,BLA,6,left,0
116,117,3,6907.4,5942.66,2760.42,0.78515625,116,303,BLAa,BLA,6,left,0
117,118,3,6907.24,5937.38,2760.879999999999,0.296875,117,303,BLAa,BLA,6,left,0
118,119,3,6907.58,5934.98,2760.6800000000003,0.40625,118,303,BLAa,BLA,6,left,0
119,120,3,6907.48,5931.54,2760.6399999999994,0.296875,119,303,BLAa,BLA,6,left,0
120,121,3,6907.2,5929.34,2760.620000000001,0.4609375,120,303,BLAa,BLA,6,left,0
121,122,3,6905.82,5926.56,2760.66,0.00390625,121,303,BLAa,BLA,6,left,0
122,123,3,6904.6,5924.62,2760.6000000000004,0.6484375,122,303,BLAa,BLA,6,left,0
123,124,3,6903.96,5920.66,2760.959999999999,0.43359375,123,303,BLAa,BLA,6,left,0
124,125,3,6903.72,5918.78,2760.98,0.54296875,124,303,BLAa,BLA,6,left,0
125,126,3,6902.88,5914.54,2761.1800000000003,0.6484375,125,303,BLAa,BLA,6,left,0
126,127,3,6901.78,5912.08,2761.42,0.5703125,126,303,BLAa,BLA,6,left,0
127,128,3,6900.5,5909.56,2761.72,0.48828125,127,303,BLAa,BLA,6,left,0
128,129,3,6899.62,5906.72,2762.1399999999994,0.19140625,128,303,BLAa,BLA,6,left,0
129,130,3,6897.9,5904.06,2761.9,0.3515625,129,303,BLAa,BLA,6,left,0
130,131,3,6896.38,5900.42,2761.72,0.6484375,130,303,BLAa,BLA,6,left,0
131,132,3,6895.02,5897.98,2761.8600000000006,0.48828125,131,303,BLAa,BLA,6,left,0
132,133,3,6894.18,5894.86,2761.72,0.4609375,132,303,BLAa,BLA,6,left,0
133,134,3,6893.76,5891.62,2761.74,0.5703125,133,303,BLAa,BLA,6,left,0
134,135,3,6901.06,6027.88,2766.4400000000005,0.20703125,1,303,BLAa,BLA,7,left,0
135,136,3,6900.04,6028.22,2752.379999999999,3.25,135,303,BLAa,BLA,7,left,0
136,137,3,6900.58,6027.68,2751.0200000000004,1.59765625,136,303,BLAa,BLA,7,left,0
137,138,3,6902.66,6026.1,2750.5,1.109375,137,303,BLAa,BLA,7,left,0
138,139,3,6903.44,6023.9,2750.74,2.4375,138,303,BLAa,BLA,7,left,0
139,140,3,6903.88,6021.32,2750.84,2.1953125,139,303,BLAa,BLA,7,left,0
140,141,3,6904.8,6019.48,2750.24,1.13671875,140,303,BLAa,BLA,7,left,0
141,142,3,6905.08,6017.46,2750.120000000001,0.703125,141,303,BLAa,BLA,7,left,0
142,143,3,6904.7,6015.06,2748.66,0.703125,142,303,BLAa,BLA,7,left,0
143,144,3,6904.48,6013.28,2746.92,0.78515625,143,303,BLAa,BLA,7,left,0
144,145,3,6905.06,6011.86,2745.9400000000005,0.37890625,144,303,BLAa,BLA,7,left,0
145,146,3,6904.84,6009.68,2744.379999999999,0.59765625,145,303,BLAa,BLA,7,left,0
146,147,3,6904.9,6008.06,2742.540000000001,0.40625,146,303,BLAa,BLA,7,left,0
147,148,3,6905.28,6007.0,2741.16,0.6484375,147,303,BLAa,BLA,7,left,0
148,149,3,6904.98,6004.58,2740.0,0.5703125,148,303,BLAa,BLA,7,left,0
176,177,3,6871.82,6042.22,2737.72,0.01953125,53,303,BLAa,BLA,10,left,0
177,178,3,6869.92,6043.22,2737.82,0.2421875,177,303,BLAa,BLA,10,left,0
178,179,3,6868.26,6044.32,2737.74,0.37890625,178,303,BLAa,BLA,10,left,0
179,180,3,6866.22,6045.66,2737.58,0.67578125,179,303,BLAa,BLA,10,left,0
180,181,3,6864.58,6047.04,2737.4,0.73046875,180,303,BLAa,BLA,10,left,0
181,182,3,6861.78,6049.38,2736.959999999999,0.48828125,181,303,BLAa,BLA,10,left,0
182,183,3,6859.84,6050.28,2736.6399999999994,0.62109375,182,303,BLAa,BLA,10,left,0
183,184,3,6857.54,6050.86,2736.5200000000004,0.48828125,183,303,BLAa,BLA,10,left,0
184,185,3,6855.02,6051.14,2735.82,0.8125,184,303,BLAa,BLA,10,left,0
185,186,3,6853.42,6051.76,2734.9,0.78515625,185,303,BLAa,BLA,10,left,0
186,187,3,6850.92,6052.28,2734.6800000000003,0.59765625,186,303,BLAa,BLA,10,left,0
187,188,3,6849.08,6052.6,2734.620000000001,0.48828125,187,303,BLAa,BLA,10,left,0
188,189,3,6846.14,6053.04,2734.540000000001,0.5703125,188,303,BLAa,BLA,10,left,0
189,190,3,6843.84,6053.16,2734.620000000001,0.78515625,189,303,BLAa,BLA,10,left,0
190,191,3,6842.2,6053.24,2734.8,0.67578125,190,303,BLAa,BLA,10,left,0
191,192,3,6840.0,6052.66,2734.879999999999,0.21484375,191,303,BLAa,BLA,10,left,0
192,193,3,6838.84,6052.04,2735.1399999999994,0.40625,192,303,BLAa,BLA,10,left,0
193,194,3,6836.58,6051.72,2735.3,0.19140625,193,303,BLAa,BLA,10,left,0
194,195,3,6834.06,6051.26,2735.32,0.3515625,194,303,BLAa,BLA,10,left,0
195,196,3,6832.26,6050.92,2735.32,0.40625,195,303,BLAa,BLA,10,left,0
196,197,3,6830.06,6050.86,2735.459999999999,0.59765625,196,303,BLAa,BLA,10,left,0
197,198,3,6828.52,6050.9,2736.26,0.515625,197,303,BLAa,BLA,10,left,0
198,199,3,6871.86,6040.62,2735.7000000000007,0.00390625,53,303,BLAa,BLA,11,left,0
199,200,3,6870.32,6039.62,2732.58,0.19140625,199,303,BLAa,BLA,11,left,0
200,201,3,6869.46,6038.48,2730.66,0.40625,200,303,BLAa,BLA,11,left,0
201,202,3,6868.6,6037.38,2728.1000000000004,0.19140625,201,303,BLAa,BLA,11,left,0
202,203,3,6868.24,6035.76,2725.9,0.2421875,202,303,BLAa,BLA,11,left,0
203,204,3,6867.76,6034.3,2723.620000000001,0.26953125,203,303,BLAa,BLA,11,left,0
204,205,3,6866.92,6033.6,2722.379999999999,0.48828125,204,303,BLAa,BLA,11,left,0
205,206,3,6866.3,6032.02,2720.32,0.4609375,205,303,BLAa,BLA,11,left,0
206,207,3,6865.9,6029.8,2718.34,0.2421875,206,303,BLAa,BLA,11,left,0
207,208,3,6865.56,6027.42,2717.42,0.54296875,207,303,BLAa,BLA,11,left,0
208,209,3,6864.98,6023.66,2715.72,0.48828125,208,303,BLAa,BLA,11,left,0
209,210,3,6864.68,6021.68,2714.6800000000003,0.54296875,209,303,BLAa,BLA,11,left,0
210,211,3,6865.24,6019.46,2713.540000000001,0.32421875,210,303,BLAa,BLA,11,left,0
211,212,3,6865.28,6016.12,2711.6800000000003,0.5703125,211,303,BLAa,BLA,11,left,0
212,213,3,6865.58,6014.38,2710.26,0.2421875,212,303,BLAa,BLA,11,left,0
213,214,3,6865.28,6011.72,2707.4,0.32421875,213,303,BLAa,BLA,11,left,0
214,215,3,6865.76,6010.98,2705.92,0.4609375,214,303,BLAa,BLA,11,left,0
215,216,3,6865.7,6008.2,2704.22,0.296875,215,303,BLAa,BLA,11,left,0
216,217,3,6866.02,6005.6,2703.58,0.40625,216,303,BLAa,BLA,11,left,0
217,218,3,6865.94,6002.6,2702.959999999999,0.59765625,217,303,BLAa,BLA,11,left,0
218,219,3,6865.54,6000.84,2700.3,0.296875,218,303,BLAa,BLA,11,left,0
219,220,3,6864.48,6000.12,2697.8600000000006,0.21484375,219,303,BLAa,BLA,11,left,0
220,221,3,6863.06,5999.2,2696.4,0.37890625,220,303,BLAa,BLA,11,left,0
221,222,3,6862.96,5996.8,2693.3,0.48828125,221,303,BLAa,BLA,11,left,0
222,223,3,6863.88,5995.1,2692.379999999999,0.2421875,222,303,BLAa,BLA,11,left,0
223,224,3,6863.98,5993.04,2691.4,0.3515625,223,303,BLAa,BLA,11,left,0
224,225,3,6863.72,5990.06,2689.8,0.21484375,224,303,BLAa,BLA,11,left,0
225,226,3,6864.22,5988.54,2689.3600000000006,0.19140625,225,303,BLAa,BLA,11,left,0
226,227,3,6863.98,5985.62,2688.6800000000003,0.19140625,226,303,BLAa,BLA,11,left,0
227,228,3,6863.56,5982.48,2688.16,0.48828125,227,303,BLAa,BLA,11,left,0
228,229,3,6862.88,5981.1,2687.74,0.3515625,228,303,BLAa,BLA,11,left,0
229,230,3,6861.82,5978.18,2686.0,0.32421875,229,303,BLAa,BLA,11,left,0
230,231,3,6861.4,5976.6,2684.620000000001,0.21484375,230,303,BLAa,BLA,11,left,0
231,232,3,6860.02,5975.54,2684.16,0.37890625,231,303,BLAa,BLA,11,left,0
232,233,3,6858.66,5973.68,2684.1000000000004,0.43359375,232,303,BLAa,BLA,11,left,0
233,234,3,6857.26,5968.5,2684.4400000000005,0.32421875,233,303,BLAa,BLA,11,left,0
234,235,3,6857.84,5965.74,2684.0599999999995,0.43359375,234,303,BLAa,BLA,11,left,0
235,236,3,6858.66,5964.08,2683.3600000000006,0.32421875,235,303,BLAa,BLA,11,left,0
236,237,3,6858.4,5961.22,2682.1000000000004,0.54296875,236,303,BLAa,BLA,11,left,0
237,238,3,6857.98,5958.56,2680.8,0.40625,237,303,BLAa,BLA,11,left,0
238,239,3,6857.38,5956.52,2679.959999999999,0.1640625,238,303,BLAa,BLA,11,left,0
239,240,3,6856.48,5955.14,2679.08,0.21484375,239,303,BLAa,BLA,11,left,0
240,241,3,6855.98,5953.12,2677.5200000000004,0.32421875,240,303,BLAa,BLA,11,left,0
241,242,3,6855.42,5950.8,2676.0599999999995,0.00390625,241,303,BLAa,BLA,11,left,0
242,243,3,6854.54,5949.56,2675.5599999999995,0.19140625,242,303,BLAa,BLA,11,left,1
243,244,3,6888.0,6052.7,2778.76,0.01171875,69,303,BLAa,BLA,12,left,0
244,245,3,6889.02,6057.2,2778.1800000000003,0.3515625,244,303,BLAa,BLA,12,left,0
245,246,3,6889.9,6059.84,2778.0599999999995,0.1640625,245,303,BLAa,BLA,12,left,0
246,247,3,6891.34,6062.3,2778.120000000001,0.32421875,246,303,BLAa,BLA,12,left,0
247,248,3,6892.14,6065.5,2778.16,0.296875,247,303,BLAa,BLA,12,left,0
248,249,3,6893.34,6067.74,2778.540000000001,0.4609375,248,303,BLAa,BLA,12,left,0
249,250,3,6894.6,6069.0,2778.959999999999,0.1640625,249,303,BLAa,BLA,12,left,0
250,251,3,6895.2,6072.88,2778.66,0.515625,250,303,BLAa,BLA,12,left,0
251,252,3,6895.4,6075.1,2778.0,0.4609375,251,303,BLAa,BLA,12,left,0
252,253,3,6895.56,6078.38,2777.22,0.21484375,252,303,BLAa,BLA,12,left,0
253,254,3,6894.68,6079.9,2776.6800000000003,0.48828125,253,303,BLAa,BLA,12,left,0
254,255,3,6893.42,6081.94,2775.2800000000007,0.19140625,254,303,BLAa,BLA,12,left,0
255,256,3,6892.6,6083.64,2774.2800000000007,0.37890625,255,303,BLAa,BLA,12,left,0
256,257,3,6891.42,6085.16,2773.2000000000007,0.32421875,256,303,BLAa,BLA,12,left,0
257,258,3,6890.34,6086.5,2772.6000000000004,0.32421875,257,303,BLAa,BLA,12,left,0
258,259,3,6889.92,6088.66,2772.0200000000004,0.62109375,258,303,BLAa,BLA,12,left,0
259,260,3,6888.9,6090.84,2771.1800000000003,0.515625,259,303,BLAa,BLA,12,left,0
260,261,3,6887.68,6093.82,2770.959999999999,0.1640625,260,303,BLAa,BLA,12,left,0
261,262,3,6886.8,6095.26,2771.2000000000007,0.19140625,261,303,BLAa,BLA,12,left,0
262,263,3,6885.96,6097.66,2771.120000000001,0.32421875,262,303,BLAa,BLA,12,left,0
263,264,3,6884.88,6100.24,2771.34,0.48828125,263,303,BLAa,BLA,12,left,0
264,265,3,6884.58,6102.78,2771.34,0.32421875,264,303,BLAa,BLA,12,left,0
265,266,3,6883.5,6104.64,2771.42,0.1640625,265,303,BLAa,BLA,12,left,0
266,267,3,6882.84,6106.92,2771.26,0.40625,266,303,BLAa,BLA,12,left,0
267,268,3,6881.64,6109.64,2770.98,0.4609375,267,303,BLAa,BLA,12,left,0
268,269,3,6881.58,6112.12,2770.8600000000006,0.19140625,268,303,BLAa,BLA,12,left,0
269,270,3,6881.58,6116.9,2770.82,0.3515625,269,303,BLAa,BLA,12,left,0
270,271,3,6880.66,6118.8,2770.84,0.21484375,270,303,BLAa,BLA,12,left,0
271,272,3,6880.76,6124.32,2770.3600000000006,0.296875,271,303,BLAa,BLA,12,left,0
272,273,3,6880.96,6126.0,2770.5,0.4609375,272,303,BLAa,BLA,12,left,0
273,274,3,6881.66,6132.16,2770.42,0.43359375,273,303,BLAa,BLA,12,left,0
274,275,3,6881.5,6133.9,2770.379999999999,0.54296875,274,303,BLAa,BLA,12,left,0
275,276,3,6880.2,6134.06,2770.84,0.37890625,275,303,BLAa,BLA,12,left,0
276,277,3,6881.28,6134.4,2770.2000000000007,0.0078125,276,303,BLAa,BLA,12,left,0
277,278,3,6882.44,6139.62,2769.34,0.19140625,277,303,BLAa,BLA,12,left,0
278,279,3,6882.88,6141.38,2769.16,0.43359375,278,303,BLAa,BLA,12,left,0
279,280,3,6884.26,6142.44,2768.82,0.1640625,279,303,BLAa,BLA,12,left,0
280,281,3,6885.3,6144.6,2768.2800000000007,0.21484375,280,303,BLAa,BLA,12,left,0
281,282,3,6886.4,6147.24,2768.4400000000005,0.3515625,281,303,BLAa,BLA,12,left,0
282,283,3,6886.88,6149.74,2769.22,0.4609375,282,303,BLAa,BLA,12,left,0
283,284,3,6887.34,6153.18,2770.040000000001,0.32421875,283,303,BLAa,BLA,12,left,0
284,285,3,6886.74,6155.3,2770.66,0.26953125,284,303,BLAa,BLA,12,left,0
285,286,3,6885.7,6156.04,2771.120000000001,0.2421875,285,303,BLAa,BLA,12,left,1
286,287,3,6886.74,6053.76,2781.8600000000006,0.296875,69,303,BLAa,BLA,13,left,0
287,288,3,6887.16,6055.58,2784.3,0.40625,287,303,BLAa,BLA,13,left,0
288,289,3,6887.46,6057.28,2785.6000000000004,0.515625,288,303,BLAa,BLA,13,left,0
289,290,3,6886.78,6059.62,2786.459999999999,0.00390625,289,303,BLAa,BLA,13,left,0
290,291,3,6887.06,6061.38,2788.4,0.59765625,290,303,BLAa,BLA,13,left,0
291,292,3,6887.16,6063.28,2790.3600000000006,0.73046875,291,303,BLAa,BLA,13,left,0
292,293,3,6886.76,6065.26,2791.3600000000006,0.5703125,292,303,BLAa,BLA,13,left,0
293,294,3,6887.02,6067.5,2792.72,0.6484375,293,303,BLAa,BLA,13,left,0
294,295,3,6886.36,6068.3,2794.040000000001,0.3515625,294,303,BLAa,BLA,13,left,0
295,296,3,6885.44,6069.84,2795.0599999999995,0.7578125,295,303,BLAa,BLA,13,left,0
296,297,3,6885.6,6072.08,2795.6000000000004,0.6484375,296,303,BLAa,BLA,13,left,0
297,298,3,6885.26,6073.6,2796.7000000000007,0.40625,297,303,BLAa,BLA,13,left,0
298,299,3,6884.24,6074.02,2797.540000000001,0.40625,298,303,BLAa,BLA,13,left,0
299,300,3,6883.9,6074.78,2799.2800000000007,0.5703125,299,303,BLAa,BLA,13,left,0
300,301,3,6883.24,6076.64,2800.6399999999994,0.62109375,300,303,BLAa,BLA,13,left,0
301,302,3,6882.7,6078.24,2801.3600000000006,0.43359375,301,303,BLAa,BLA,13,left,0
302,303,3,6881.94,6080.1,2802.540000000001,0.00390625,302,303,BLAa,BLA,13,left,0
303,304,3,6881.82,6081.9,2804.1399999999994,0.515625,303,303,BLAa,BLA,13,left,0
304,305,3,6881.02,6082.88,2805.72,0.59765625,304,303,BLAa,BLA,13,left,0
305,306,3,6879.36,6083.86,2807.58,0.54296875,305,303,BLAa,BLA,13,left,0
306,307,3,6877.42,6084.62,2808.76,0.89453125,306,303,BLAa,BLA,13,left,0
307,308,3,6876.82,6085.5,2810.42,0.59765625,307,303,BLAa,BLA,13,left,0
308,309,3,6876.38,6087.14,2812.5200000000004,0.62109375,308,303,BLAa,BLA,13,left,0
309,310,3,6875.58,6088.14,2813.6800000000003,0.54296875,309,303,BLAa,BLA,13,left,0
310,311,3,6874.36,6088.98,2815.459999999999,0.59765625,310,303,BLAa,BLA,13,left,0
311,312,3,6873.74,6090.32,2816.82,0.3515625,311,303,BLAa,BLA,13,left,0
312,313,3,6872.4,6091.2,2818.26,0.703125,312,303,BLAa,BLA,13,left,0
313,314,3,6871.42,6092.68,2819.22,0.67578125,313,303,BLAa,BLA,13,left,0
314,315,3,6869.2,6094.7,2820.16,0.4609375,314,303,BLAa,BLA,13,left,0
315,316,3,6868.02,6095.8,2820.7000000000007,0.32421875,315,303,BLAa,BLA,13,left,0
316,317,3,6866.4,6096.92,2822.9,0.00390625,316,303,BLAa,BLA,13,left,0
317,318,3,6864.84,6098.76,2824.8,0.62109375,317,303,BLAa,BLA,13,left,0
318,319,3,6863.22,6100.4,2825.0200000000004,0.62109375,318,303,BLAa,BLA,13,left,0
319,320,3,6861.0,6102.06,2825.379999999999,0.6484375,319,303,BLAa,BLA,13,left,0
320,321,3,6859.66,6103.32,2825.9,0.43359375,320,303,BLAa,BLA,13,left,0
321,322,3,6858.12,6104.96,2826.26,0.703125,321,303,BLAa,BLA,13,left,0
322,323,3,6856.58,6106.5,2827.48,0.40625,322,303,BLAa,BLA,13,left,0
323,324,3,6855.26,6107.98,2828.42,0.6484375,323,303,BLAa,BLA,13,left,0
324,325,3,6853.32,6109.9,2829.2000000000007,0.515625,324,303,BLAa,BLA,13,left,0
325,326,3,6852.44,6111.34,2830.1800000000003,0.6484375,325,303,BLAa,BLA,13,left,0
326,327,3,6850.88,6113.16,2831.3,0.59765625,326,303,BLAa,BLA,13,left,0
327,328,3,6849.42,6114.76,2832.379999999999,0.48828125,327,303,BLAa,BLA,13,left,0
328,329,3,6848.96,6115.92,2832.620000000001,0.67578125,328,703,CTXsp,CTXsp,13,left,0
329,330,3,6907.84,6027.28,2773.26,0.0078125,72,303,BLAa,BLA,14,left,0
330,331,3,6910.2,6027.5,2774.58,0.37890625,330,303,BLAa,BLA,14,left,0
331,332,3,6911.1,6027.78,2775.48,0.40625,331,303,BLAa,BLA,14,left,0
332,333,3,6913.56,6027.64,2776.76,0.54296875,332,303,BLAa,BLA,14,left,0
333,334,3,6915.48,6027.02,2777.879999999999,0.43359375,333,303,BLAa,BLA,14,left,0
334,335,3,6907.18,6023.16,2774.26,0.32421875,72,303,BLAa,BLA,15,left,0
335,336,3,6907.5,6019.94,2776.34,0.515625,335,303,BLAa,BLA,15,left,0
336,337,3,6907.7,6016.98,2777.6800000000003,0.32421875,336,303,BLAa,BLA,15,left,0
337,338,3,6908.28,6014.74,2778.6000000000004,0.48828125,337,303,BLAa,BLA,15,left,0
338,339,3,6909.04,6011.2,2779.5200000000004,0.40625,338,303,BLAa,BLA,15,left,0
339,340,3,6909.5,6008.38,2779.74,0.32421875,339,303,BLAa,BLA,15,left,0
340,341,3,6910.48,6005.32,2779.42,0.59765625,340,303,BLAa,BLA,15,left,0
341,342,3,6911.16,6003.64,2779.040000000001,0.40625,341,303,BLAa,BLA,15,left,0
342,343,3,6912.34,6002.04,2778.32,0.1640625,342,303,BLAa,BLA,15,left,0
343,344,3,6913.44,6000.34,2777.7000000000007,0.21484375,343,303,BLAa,BLA,15,left,0
344,345,3,6914.96,5998.08,2777.22,0.37890625,344,303,BLAa,BLA,15,left,0
345,346,3,6915.42,5996.02,2776.82,0.296875,345,303,BLAa,BLA,15,left,0
346,347,3,6914.72,5995.2,2776.5,0.62109375,346,303,BLAa,BLA,15,left,0
347,348,3,6916.06,5992.46,2776.82,0.0078125,347,303,BLAa,BLA,15,left,0
348,349,3,6916.7,5990.66,2776.2800000000007,0.4609375,348,303,BLAa,BLA,15,left,0
349,350,3,6916.16,5982.06,2777.0,0.48828125,349,303,BLAa,BLA,15,left,0
350,351,3,6915.78,5979.3,2776.48,0.6484375,350,303,BLAa,BLA,15,left,0
351,352,3,6915.42,5976.86,2775.5599999999995,0.37890625,351,303,BLAa,BLA,15,left,0
352,353,3,6914.9,5973.14,2774.74,0.4609375,352,303,BLAa,BLA,15,left,0
353,354,3,6914.4,5968.96,2774.0599999999995,0.48828125,353,303,BLAa,BLA,15,left,0
354,355,3,6914.82,5967.66,2774.0,0.48828125,354,303,BLAa,BLA,15,left,0
355,356,3,6914.9,5964.64,2774.16,0.2421875,355,303,BLAa,BLA,15,left,0
356,357,3,6914.54,5961.7,2774.0,0.19140625,356,303,BLAa,BLA,15,left,0
357,358,3,6912.24,5942.0,2775.76,0.296875,357,303,BLAa,BLA,15,left,0
358,359,3,6912.0,5939.72,2776.48,0.26953125,358,303,BLAa,BLA,15,left,0
359,360,3,6911.4,5934.18,2777.72,0.296875,359,303,BLAa,BLA,15,left,0
360,361,3,6911.16,5931.78,2778.3600000000006,0.515625,360,303,BLAa,BLA,15,left,0
361,362,3,6910.9,5928.54,2779.0599999999995,0.40625,361,303,BLAa,BLA,15,left,0
362,363,3,6911.54,5927.72,2779.16,0.4609375,362,303,BLAa,BLA,15,left,0
363,364,3,6910.82,5927.5,2779.16,0.078125,363,303,BLAa,BLA,15,left,0
364,365,3,6909.98,5921.58,2779.74,0.40625,364,303,BLAa,BLA,15,left,0
365,366,3,6909.78,5919.76,2780.22,0.296875,365,303,BLAa,BLA,15,left,0
366,367,3,6909.24,5914.82,2781.2000000000007,0.37890625,366,303,BLAa,BLA,15,left,0
367,368,3,6907.96,5911.78,2781.9,0.6484375,367,303,BLAa,BLA,15,left,0
368,369,3,6906.62,5909.42,2782.48,0.62109375,368,303,BLAa,BLA,15,left,0
369,370,3,6906.1,5906.14,2783.16,0.40625,369,303,BLAa,BLA,15,left,0
370,371,3,6905.78,5903.06,2784.0200000000004,0.54296875,370,303,BLAa,BLA,15,left,0
371,372,3,6905.58,5900.66,2785.16,0.62109375,371,303,BLAa,BLA,15,left,0
372,373,3,6905.34,5897.48,2787.16,0.37890625,372,303,BLAa,BLA,15,left,0
373,374,3,6904.82,5895.1,2788.5200000000004,0.73046875,373,303,BLAa,BLA,15,left,0
374,375,3,6903.58,5893.9,2789.5,0.2421875,374,303,BLAa,BLA,15,left,0
375,376,3,6902.6,5891.12,2790.5599999999995,0.54296875,375,303,BLAa,BLA,15,left,0
376,377,3,6901.78,5888.8,2790.98,0.3515625,376,303,BLAa,BLA,15,left,0
377,378,3,6900.92,5885.14,2792.22,0.26953125,377,303,BLAa,BLA,15,left,0
378,379,3,6900.56,5882.7,2793.2800000000007,0.1640625,378,303,BLAa,BLA,15,left,0
379,380,3,6899.58,5881.14,2794.08,0.4609375,379,303,BLAa,BLA,15,left,0
380,381,3,6898.62,5878.14,2795.6399999999994,0.37890625,380,303,BLAa,BLA,15,left,0
381,382,3,6898.02,5876.26,2796.7800000000007,0.32421875,381,303,BLAa,BLA,15,left,0
382,383,3,6897.72,5873.22,2798.26,0.54296875,382,303,BLAa,BLA,15,left,0
383,384,3,6897.5,5870.82,2799.32,0.43359375,383,303,BLAa,BLA,15,left,0
384,385,3,6897.24,5868.14,2800.2800000000007,0.26953125,384,303,BLAa,BLA,15,left,0
385,386,3,6896.92,5865.92,2800.92,0.4609375,385,303,BLAa,BLA,15,left,0
386,387,3,6895.94,5864.54,2801.3600000000006,0.48828125,386,477,STR,STR,15,left,0
387,388,3,6895.54,5862.12,2802.379999999999,0.703125,387,477,STR,STR,15,left,0
388,389,3,6895.42,5861.42,2802.08,0.0390625,388,477,STR,STR,15,left,0
389,390,3,6894.78,5856.28,2802.3600000000006,0.40625,389,477,STR,STR,15,left,0
390,391,3,6894.52,5854.14,2802.8,0.19140625,390,477,STR,STR,15,left,0
391,392,3,6894.28,5851.74,2803.6800000000003,0.40625,391,477,STR,STR,15,left,0
392,393,3,6893.78,5847.22,2804.5200000000004,0.296875,392,477,STR,STR,15,left,0
393,394,3,6894.38,5845.42,2805.22,0.43359375,393,477,STR,STR,15,left,0
394,395,3,6895.24,5842.46,2806.4400000000005,0.703125,394,477,STR,STR,15,left,0
395,396,3,6895.26,5840.2,2807.7800000000007,0.1640625,395,477,STR,STR,15,left,0
396,397,3,6894.96,5837.1,2809.2000000000007,0.40625,396,559,CEAm,CEA,15,left,0
397,398,3,6895.6,5834.9,2810.76,0.19140625,397,559,CEAm,CEA,15,left,0
398,399,3,6897.08,5833.5,2811.8600000000006,0.296875,398,559,CEAm,CEA,15,left,0
399,400,3,6897.8,5831.26,2813.08,0.32421875,399,559,CEAm,CEA,15,left,0
400,401,3,6898.36,5829.46,2813.5200000000004,0.32421875,400,559,CEAm,CEA,15,left,0
401,402,3,6898.7,5826.4,2814.1000000000004,0.26953125,401,559,CEAm,CEA,15,left,0
402,403,3,6899.9,5824.8,2814.879999999999,0.1640625,402,559,CEAm,CEA,15,left,0
403,404,3,6900.04,5822.6,2815.6399999999994,0.48828125,403,559,CEAm,CEA,15,left,0
404,405,3,6900.22,5818.84,2816.34,0.1640625,404,559,CEAm,CEA,15,left,0
405,406,3,6901.22,5816.44,2816.92,0.26953125,405,559,CEAm,CEA,15,left,0
406,407,3,6901.68,5812.64,2818.22,0.2421875,406,559,CEAm,CEA,15,left,0
407,408,3,6902.78,5809.82,2819.48,0.4609375,407,559,CEAm,CEA,15,left,0
408,409,3,6903.52,5807.44,2820.6800000000003,0.2421875,408,559,CEAm,CEA,15,left,0
409,410,3,6904.44,5803.7,2822.4,0.43359375,409,559,CEAm,CEA,15,left,0
410,411,3,6904.76,5800.74,2823.379999999999,0.296875,410,559,CEAm,CEA,15,left,0
411,412,3,6905.5,5798.72,2823.6000000000004,0.54296875,411,559,CEAm,CEA,15,left,0
412,413,3,6906.68,5797.12,2824.0200000000004,0.48828125,412,559,CEAm,CEA,15,left,0
413,414,3,6907.24,5795.18,2824.72,0.1640625,413,559,CEAm,CEA,15,left,0
414,415,3,6908.36,5792.36,2825.26,0.4609375,414,559,CEAm,CEA,15,left,0
415,416,3,6909.14,5789.84,2825.98,0.37890625,415,559,CEAm,CEA,15,left,0
416,417,3,6909.14,5786.54,2827.34,0.40625,416,559,CEAm,CEA,15,left,0
417,418,3,6908.88,5783.82,2828.5200000000004,0.2421875,417,559,CEAm,CEA,15,left,0
418,419,3,6909.36,5781.82,2829.4,0.32421875,418,559,CEAm,CEA,15,left,0
419,420,3,6910.4,5780.1,2830.1800000000003,0.19140625,419,559,CEAm,CEA,15,left,0
420,421,3,6911.24,5778.32,2832.0200000000004,0.1640625,420,559,CEAm,CEA,15,left,0
421,422,3,6912.64,5777.34,2833.66,0.4609375,421,559,CEAm,CEA,15,left,0
422,423,3,6914.3,5776.32,2835.9,0.19140625,422,559,CEAm,CEA,15,left,0
423,424,3,6915.46,5774.64,2837.08,0.32421875,423,559,CEAm,CEA,15,left,0
424,425,3,6916.02,5771.14,2838.8,0.40625,424,559,CEAm,CEA,15,left,0
425,426,3,6917.2,5769.32,2839.48,0.48828125,425,559,CEAm,CEA,15,left,1
426,427,3,6915.82,6027.34,2746.92,0.0078125,83,303,BLAa,BLA,16,left,0
427,428,3,6916.2,6026.14,2745.42,0.59765625,427,303,BLAa,BLA,16,left,0
428,429,3,6917.3,6025.56,2744.2800000000007,0.5703125,428,303,BLAa,BLA,16,left,0
429,430,3,6919.16,6024.44,2742.620000000001,0.59765625,429,303,BLAa,BLA,16,left,0
430,431,3,6919.92,6023.88,2741.0599999999995,0.19140625,430,303,BLAa,BLA,16,left,0
431,432,3,6920.82,6023.28,2739.6000000000004,0.19140625,431,303,BLAa,BLA,16,left,0
432,433,3,6921.32,6022.9,2737.620000000001,0.40625,432,303,BLAa,BLA,16,left,0
433,434,3,6922.2,6022.84,2737.3,0.32421875,433,303,BLAa,BLA,16,left,0
434,435,3,6919.28,6030.28,2748.8600000000006,0.40625,83,303,BLAa,BLA,17,left,0
435,436,3,6894.58,5890.9,2761.26,0.0625,134,303,BLAa,BLA,18,left,0
436,437,3,6894.32,5888.84,2759.84,0.54296875,436,303,BLAa,BLA,18,left,0
437,438,3,6893.8,5885.36,2758.7800000000007,0.32421875,437,303,BLAa,BLA,18,left,0
438,439,3,6893.44,5883.06,2758.22,0.37890625,438,303,BLAa,BLA,18,left,0
439,440,3,6892.8,5878.12,2758.34,0.6484375,439,303,BLAa,BLA,18,left,0
440,441,3,6892.54,5875.98,2758.42,0.4609375,440,303,BLAa,BLA,18,left,0
441,442,3,6892.08,5872.64,2758.2000000000007,0.40625,441,303,BLAa,BLA,18,left,0
442,443,3,6891.58,5869.12,2757.8,0.19140625,442,303,BLAa,BLA,18,left,0
443,444,3,6891.08,5865.38,2757.540000000001,0.43359375,443,303,BLAa,BLA,18,left,0
444,445,3,6891.42,5863.44,2757.48,0.37890625,444,303,BLAa,BLA,18,left,0
445,446,3,6891.34,5859.2,2757.8600000000006,0.32421875,445,303,BLAa,BLA,18,left,0
446,447,3,6890.98,5855.92,2758.6800000000003,0.2421875,446,303,BLAa,BLA,18,left,0
447,448,3,6890.66,5852.88,2759.8,0.4609375,447,303,BLAa,BLA,18,left,0
448,449,3,6890.4,5850.34,2760.74,0.32421875,448,303,BLAa,BLA,18,left,0
449,450,3,6890.66,5847.52,2761.459999999999,0.1640625,449,303,BLAa,BLA,18,left,0
450,451,3,6891.56,5845.6,2761.6800000000003,0.48828125,450,303,BLAa,BLA,18,left,0
451,452,3,6891.7,5843.1,2762.1800000000003,0.48828125,451,303,BLAa,BLA,18,left,0
452,453,3,6891.42,5840.34,2763.32,0.515625,452,303,BLAa,BLA,18,left,0
453,454,3,6891.3,5838.76,2764.3600000000006,0.43359375,453,303,BLAa,BLA,18,left,0
454,455,3,6890.96,5835.72,2765.08,0.00390625,454,303,BLAa,BLA,18,left,0
455,456,3,6890.56,5832.22,2766.120000000001,0.296875,455,303,BLAa,BLA,18,left,0
456,457,3,6890.22,5829.06,2767.16,0.3515625,456,303,BLAa,BLA,18,left,0
457,458,3,6889.42,5826.3,2768.620000000001,0.1640625,457,303,BLAa,BLA,18,left,0
458,459,3,6888.16,5824.66,2769.9,0.43359375,458,303,BLAa,BLA,18,left,0
459,460,3,6887.4,5821.82,2770.7800000000007,0.37890625,459,303,BLAa,BLA,18,left,0
460,461,3,6887.06,5819.04,2771.26,0.5703125,460,303,BLAa,BLA,18,left,0
461,462,3,6886.2,5811.3,2772.1000000000004,0.2421875,461,303,BLAa,BLA,18,left,0
462,463,3,6886.54,5808.98,2771.92,0.4609375,462,303,BLAa,BLA,18,left,0
463,464,3,6886.48,5806.56,2771.459999999999,0.21484375,463,303,BLAa,BLA,18,left,0
464,465,3,6885.94,5803.18,2770.5,0.48828125,464,477,STR,STR,18,left,0
465,466,3,6885.7,5801.76,2769.8600000000006,0.54296875,465,477,STR,STR,18,left,0
466,467,3,6886.34,5800.68,2769.74,0.03125,466,477,STR,STR,18,left,0
467,468,3,6886.24,5797.9,2768.74,0.26953125,467,477,STR,STR,18,left,0
468,469,3,6886.5,5795.84,2767.82,0.37890625,468,477,STR,STR,18,left,0
469,470,3,6886.46,5792.48,2767.120000000001,0.21484375,469,477,STR,STR,18,left,0
470,471,3,6886.72,5790.32,2766.24,0.48828125,470,477,STR,STR,18,left,0
471,472,3,6886.54,5786.78,2764.32,0.26953125,471,303,BLAa,BLA,18,left,0
472,473,3,6886.8,5784.46,2763.7000000000007,0.40625,472,477,STR,STR,18,left,0
473,474,3,6886.64,5780.46,2763.040000000001,0.2421875,473,477,STR,STR,18,left,0
474,475,3,6886.94,5778.56,2762.9400000000005,0.40625,474,477,STR,STR,18,left,0
475,476,3,6887.02,5775.6,2762.22,0.21484375,475,477,STR,STR,18,left,0
476,477,3,6887.4,5773.64,2761.620000000001,0.32421875,476,477,STR,STR,18,left,0
477,478,3,6887.38,5771.32,2761.0,0.01171875,477,477,STR,STR,18,left,0
478,479,3,6887.96,5769.26,2760.84,0.3515625,478,477,STR,STR,18,left,0
479,480,3,6887.78,5766.96,2760.8600000000006,0.2421875,479,477,STR,STR,18,left,0
480,481,3,6887.68,5764.72,2760.1000000000004,0.32421875,480,544,CEAc,CEA,18,left,0
481,482,3,6888.54,5763.3,2758.98,0.43359375,481,544,CEAc,CEA,18,left,0
482,483,3,6889.4,5761.38,2758.0200000000004,0.48828125,482,544,CEAc,CEA,18,left,0
483,484,3,6889.98,5759.1,2757.1800000000003,0.4609375,483,544,CEAc,CEA,18,left,0
484,485,3,6891.0,5757.0,2756.5200000000004,0.48828125,484,544,CEAc,CEA,18,left,0
485,486,3,6891.84,5755.56,2755.84,0.296875,485,544,CEAc,CEA,18,left,0
486,487,3,6892.42,5753.4,2755.6399999999994,0.21484375,486,544,CEAc,CEA,18,left,0
487,488,3,6893.64,5751.58,2755.16,0.48828125,487,544,CEAc,CEA,18,left,0
488,489,3,6894.6,5749.2,2754.32,0.59765625,488,477,STR,STR,18,left,0
489,490,3,6895.82,5747.14,2754.0,0.26953125,489,477,STR,STR,18,left,0
490,491,3,6896.5,5745.16,2754.08,0.4609375,490,477,STR,STR,18,left,0
491,492,3,6896.84,5742.98,2753.72,0.2421875,491,579,ec,ec,18,left,0
492,493,3,6896.54,5739.78,2753.58,0.4609375,492,579,ec,ec,18,left,0
493,494,3,6896.92,5738.16,2753.08,0.21484375,493,579,ec,ec,18,left,1
494,495,3,6894.62,5890.74,2761.959999999999,0.0625,134,303,BLAa,BLA,19,left,0
495,496,3,6894.5,5888.28,2762.92,0.296875,495,303,BLAa,BLA,19,left,0
496,497,3,6894.16,5884.98,2764.040000000001,0.6484375,496,303,BLAa,BLA,19,left,0
497,498,3,6894.04,5883.32,2765.0599999999995,0.5703125,497,303,BLAa,BLA,19,left,0
498,499,3,6893.96,5881.66,2766.879999999999,0.54296875,498,303,BLAa,BLA,19,left,0
499,500,3,6893.8,5879.24,2768.66,0.3515625,499,303,BLAa,BLA,19,left,0
500,501,3,6893.64,5876.28,2771.42,0.48828125,500,303,BLAa,BLA,19,left,0
501,502,3,6893.6,5874.3,2773.8600000000006,0.32421875,501,303,BLAa,BLA,19,left,0
502,503,3,6893.5,5872.58,2775.34,0.6484375,502,303,BLAa,BLA,19,left,0
503,504,3,6892.92,5870.24,2776.58,0.26953125,503,303,BLAa,BLA,19,left,0
504,505,3,6891.48,5868.98,2777.32,0.48828125,504,303,BLAa,BLA,19,left,0
505,506,3,6890.86,5867.12,2778.3600000000006,0.54296875,505,303,BLAa,BLA,19,left,0
506,507,3,6890.68,5864.14,2780.8600000000006,0.40625,506,303,BLAa,BLA,19,left,0
507,508,3,6890.54,5862.08,2782.4400000000005,0.2421875,507,303,BLAa,BLA,19,left,0
508,509,3,6890.0,5858.96,2783.879999999999,0.4609375,508,303,BLAa,BLA,19,left,0
509,510,3,6889.22,5857.72,2784.540000000001,0.26953125,509,303,BLAa,BLA,19,left,0
510,511,3,6888.82,5854.92,2785.92,0.40625,510,303,BLAa,BLA,19,left,0
511,512,3,6888.66,5853.28,2786.72,0.6484375,511,303,BLAa,BLA,19,left,0
512,513,3,6887.9,5851.74,2788.66,0.00390625,512,303,BLAa,BLA,19,left,0
513,514,3,6887.34,5848.9,2790.540000000001,0.4609375,513,303,BLAa,BLA,19,left,0
514,515,3,6887.2,5846.7,2792.4,0.48828125,514,303,BLAa,BLA,19,left,0
515,516,3,6887.2,5845.14,2794.72,0.26953125,515,303,BLAa,BLA,19,left,0
516,517,3,6887.12,5842.84,2797.1800000000003,0.32421875,516,477,STR,STR,19,left,0
517,518,3,6886.96,5840.54,2798.8600000000006,0.48828125,517,477,STR,STR,19,left,0
518,519,3,6886.3,5839.82,2800.620000000001,0.21484375,518,477,STR,STR,19,left,0
519,520,3,6885.2,5839.52,2802.1000000000004,0.32421875,519,477,STR,STR,19,left,0
520,521,3,6884.98,5838.3,2803.92,0.32421875,520,477,STR,STR,19,left,0
521,522,3,6884.26,5837.32,2805.620000000001,0.32421875,521,559,CEAm,CEA,19,left,0
522,523,3,6882.98,5836.42,2806.92,0.21484375,522,559,CEAm,CEA,19,left,0
523,524,3,6881.96,5835.3,2807.9,0.37890625,523,559,CEAm,CEA,19,left,1
524,525,3,6906.58,6002.16,2737.6800000000003,0.48828125,149,303,BLAa,BLA,20,left,0
525,526,3,6907.44,6000.28,2736.42,0.296875,525,303,BLAa,BLA,20,left,0
526,527,3,6908.06,5999.16,2735.5,0.296875,526,303,BLAa,BLA,20,left,0
527,528,3,6908.32,5996.66,2734.379999999999,0.3515625,527,303,BLAa,BLA,20,left,0
528,529,3,6909.08,5994.72,2733.26,0.21484375,528,303,BLAa,BLA,20,left,0
529,530,3,6909.6,5992.32,2731.82,0.48828125,529,303,BLAa,BLA,20,left,0
530,531,3,6910.3,5991.18,2731.0599999999995,0.5703125,530,303,BLAa,BLA,20,left,0
531,532,3,6910.84,5989.82,2729.34,0.26953125,531,303,BLAa,BLA,20,left,0
532,533,3,6912.02,5987.9,2727.6800000000003,0.54296875,532,303,BLAa,BLA,20,left,0
533,534,3,6912.82,5985.54,2726.3600000000006,0.37890625,533,303,BLAa,BLA,20,left,0
534,535,3,6913.54,5983.64,2725.2000000000007,0.48828125,534,303,BLAa,BLA,20,left,0
535,536,3,6914.24,5981.62,2723.4,0.48828125,535,303,BLAa,BLA,20,left,0
536,537,3,6914.82,5980.16,2722.58,0.4609375,536,303,BLAa,BLA,20,left,0
537,538,3,6914.56,5977.94,2721.34,0.54296875,537,303,BLAa,BLA,20,left,0
538,539,3,6914.5,5975.34,2719.9,0.37890625,538,303,BLAa,BLA,20,left,0
539,540,3,6914.9,5973.84,2719.1800000000003,0.40625,539,303,BLAa,BLA,20,left,0
540,541,3,6914.52,5970.94,2717.8,0.5703125,540,303,BLAa,BLA,20,left,0
541,542,3,6913.98,5967.3,2716.379999999999,0.54296875,541,303,BLAa,BLA,20,left,0
542,543,3,6913.58,5965.06,2714.879999999999,0.67578125,542,303,BLAa,BLA,20,left,0
543,544,3,6913.28,5962.66,2713.72,0.48828125,543,303,BLAa,BLA,20,left,0
544,545,3,6913.6,5960.6,2712.74,0.3515625,544,303,BLAa,BLA,20,left,0
545,546,3,6913.5,5957.58,2711.6399999999994,0.37890625,545,303,BLAa,BLA,20,left,0
546,547,3,6913.8,5955.94,2710.8,0.37890625,546,303,BLAa,BLA,20,left,0
547,548,3,6914.78,5954.48,2709.72,0.43359375,547,303,BLAa,BLA,20,left,0
548,549,3,6916.24,5952.62,2708.4,0.48828125,548,303,BLAa,BLA,20,left,0
549,550,3,6917.46,5950.84,2707.9400000000005,0.32421875,549,303,BLAa,BLA,20,left,0
550,551,3,6919.04,5949.26,2707.459999999999,0.48828125,550,303,BLAa,BLA,20,left,0
551,552,3,6920.84,5947.94,2706.72,0.32421875,551,303,BLAa,BLA,20,left,0
552,553,3,6922.64,5945.98,2705.7000000000007,0.67578125,552,303,BLAa,BLA,20,left,0
553,554,3,6923.94,5944.62,2705.22,0.32421875,553,303,BLAa,BLA,20,left,0
554,555,3,6926.02,5943.46,2704.82,0.32421875,554,303,BLAa,BLA,20,left,0
555,556,3,6927.62,5942.7,2704.0,0.67578125,555,303,BLAa,BLA,20,left,0
556,557,3,6928.92,5941.08,2704.1399999999994,0.59765625,556,303,BLAa,BLA,20,left,0
557,558,3,6930.0,5938.6,2703.3600000000006,0.0078125,557,303,BLAa,BLA,20,left,0
558,559,3,6931.5,5936.48,2702.1399999999994,0.48828125,558,303,BLAa,BLA,20,left,0
559,560,3,6932.46,5935.44,2700.7000000000007,0.19140625,559,303,BLAa,BLA,20,left,0
560,561,3,6933.3,5934.12,2699.459999999999,0.32421875,560,303,BLAa,BLA,20,left,0
561,562,3,6933.8,5931.72,2697.1800000000003,0.62109375,561,303,BLAa,BLA,20,left,0
562,563,3,6934.68,5930.0,2695.84,0.54296875,562,303,BLAa,BLA,20,left,0
563,564,3,6935.48,5928.34,2694.120000000001,0.3515625,563,303,BLAa,BLA,20,left,0
564,565,3,6935.42,5926.32,2692.0,0.37890625,564,303,BLAa,BLA,20,left,0
565,566,3,6935.92,5924.62,2690.84,0.6484375,565,303,BLAa,BLA,20,left,0
566,567,3,6936.46,5923.4,2689.5200000000004,0.19140625,566,303,BLAa,BLA,20,left,0
567,568,3,6937.08,5921.44,2688.040000000001,0.26953125,567,303,BLAa,BLA,20,left,0
568,569,3,6938.1,5920.1,2686.959999999999,0.32421875,568,303,BLAa,BLA,20,left,0
569,570,3,6939.28,5918.56,2686.120000000001,0.32421875,569,303,BLAa,BLA,20,left,0
570,571,3,6939.78,5917.36,2685.24,0.5703125,570,303,BLAa,BLA,20,left,0
571,572,3,6940.74,5914.5,2683.3,0.5703125,571,303,BLAa,BLA,20,left,0
572,573,3,6941.48,5912.9,2682.2000000000007,0.48828125,572,303,BLAa,BLA,20,left,0
573,574,3,6942.16,5910.6,2681.1800000000003,0.48828125,573,303,BLAa,BLA,20,left,0
574,575,3,6941.94,5907.44,2679.24,0.32421875,574,303,BLAa,BLA,20,left,0
575,576,3,6942.34,5905.6,2678.379999999999,0.40625,575,303,BLAa,BLA,20,left,0
576,577,3,6942.66,5902.94,2676.959999999999,0.19140625,576,303,BLAa,BLA,20,left,0
577,578,3,6943.72,5901.92,2676.3,0.3515625,577,303,BLAa,BLA,20,left,0
578,579,3,6944.08,5900.16,2674.8600000000006,0.296875,578,303,BLAa,BLA,20,left,0
579,580,3,6944.9,5897.8,2673.540000000001,0.1640625,579,303,BLAa,BLA,20,left,0
580,581,3,6945.54,5895.24,2671.82,0.2421875,580,303,BLAa,BLA,20,left,0
581,582,3,6946.12,5893.02,2671.08,0.4609375,581,303,BLAa,BLA,20,left,0
582,583,3,6947.28,5890.46,2670.2000000000007,0.3515625,582,303,BLAa,BLA,20,left,0
583,584,3,6947.44,5888.66,2669.1399999999994,0.59765625,583,303,BLAa,BLA,20,left,0
584,585,3,6948.4,5886.06,2667.7800000000007,0.296875,584,303,BLAa,BLA,20,left,0
585,586,3,6949.36,5884.18,2667.1000000000004,0.515625,585,303,BLAa,BLA,20,left,0
586,587,3,6949.38,5882.24,2665.5599999999995,0.32421875,586,303,BLAa,BLA,20,left,0
587,588,3,6949.4,5880.24,2664.3600000000006,0.48828125,587,303,BLAa,BLA,20,left,0
588,589,3,6949.72,5878.52,2663.379999999999,0.1640625,588,303,BLAa,BLA,20,left,0
589,590,3,6949.32,5875.78,2661.66,0.40625,589,303,BLAa,BLA,20,left,0
590,591,3,6949.62,5874.1,2661.32,0.54296875,590,303,BLAa,BLA,20,left,0
591,592,3,6950.66,5871.88,2660.5,0.48828125,591,303,BLAa,BLA,20,left,0
592,593,3,6951.3,5869.94,2659.9400000000005,0.32421875,592,303,BLAa,BLA,20,left,0
593,594,3,6951.64,5867.1,2658.9,0.37890625,593,303,BLAa,BLA,20,left,0
594,595,3,6952.28,5865.4,2658.08,0.59765625,594,303,BLAa,BLA,20,left,0
595,596,3,6952.74,5862.62,2656.34,0.48828125,595,303,BLAa,BLA,20,left,0
596,597,3,6953.22,5860.98,2655.459999999999,0.515625,596,303,BLAa,BLA,20,left,0
597,598,3,6953.0,5858.94,2654.1800000000003,0.1640625,597,303,BLAa,BLA,20,left,0
598,599,3,6952.78,5857.78,2653.2000000000007,0.2421875,598,303,BLAa,BLA,20,left,0
599,600,3,6953.62,5856.94,2652.8,0.01953125,599,303,BLAa,BLA,20,left,0
600,601,3,6953.66,5854.24,2651.379999999999,0.3515625,600,303,BLAa,BLA,20,left,0
601,602,3,6954.22,5852.26,2650.1000000000004,0.32421875,601,303,BLAa,BLA,20,left,0
602,603,3,6954.92,5849.88,2649.2800000000007,0.2421875,602,303,BLAa,BLA,20,left,0
603,604,3,6955.8,5848.1,2648.26,0.43359375,603,303,BLAa,BLA,20,left,0
604,605,3,6956.96,5846.86,2647.58,0.19140625,604,303,BLAa,BLA,20,left,0
605,606,3,6958.3,5845.86,2646.120000000001,0.48828125,605,303,BLAa,BLA,20,left,0
606,607,3,6958.76,5843.96,2644.84,0.4609375,606,303,BLAa,BLA,20,left,0
607,608,3,6958.54,5841.66,2643.72,0.48828125,607,303,BLAa,BLA,20,left,0
608,609,3,6957.64,5835.38,2643.76,0.296875,608,303,BLAa,BLA,20,left,0
609,610,3,6957.24,5832.64,2643.6000000000004,0.2421875,609,303,BLAa,BLA,20,left,0
610,611,3,6956.68,5828.94,2642.92,0.4609375,610,303,BLAa,BLA,20,left,0
611,612,3,6956.44,5826.52,2642.0,0.43359375,611,303,BLAa,BLA,20,left,0
612,613,3,6956.9,5824.54,2641.0,0.296875,612,303,BLAa,BLA,20,left,0
613,614,3,6957.06,5822.44,2639.9400000000005,0.1640625,613,303,BLAa,BLA,20,left,0
614,615,3,6957.7,5820.78,2639.2000000000007,0.48828125,614,303,BLAa,BLA,20,left,0
615,616,3,6958.9,5818.28,2638.0200000000004,0.19140625,615,303,BLAa,BLA,20,left,0
616,617,3,6960.04,5816.82,2636.7000000000007,0.48828125,616,303,BLAa,BLA,20,left,0
617,618,3,6961.86,5815.22,2635.1000000000004,0.40625,617,303,BLAa,BLA,20,left,0
618,619,3,6962.92,5814.0,2634.6800000000003,0.48828125,618,303,BLAa,BLA,20,left,0
619,620,3,6963.88,5812.16,2634.3,0.2421875,619,303,BLAa,BLA,20,left,0
620,621,3,6964.78,5810.66,2633.459999999999,0.2421875,620,303,BLAa,BLA,20,left,0
621,622,3,6965.0,5808.64,2633.1800000000003,0.4609375,621,303,BLAa,BLA,20,left,0
622,623,3,6966.06,5805.78,2632.7000000000007,0.19140625,622,303,BLAa,BLA,20,left,0
623,624,3,6967.0,5802.42,2631.7800000000007,0.37890625,623,303,BLAa,BLA,20,left,0
624,625,3,6967.32,5800.34,2630.72,0.1640625,624,303,BLAa,BLA,20,left,0
625,626,3,6967.64,5798.52,2630.5599999999995,0.4609375,625,303,BLAa,BLA,20,left,0
626,627,3,6968.34,5796.12,2629.540000000001,0.3515625,626,303,BLAa,BLA,20,left,0
627,628,3,6969.18,5794.48,2628.66,0.43359375,627,303,BLAa,BLA,20,left,0
628,629,3,6970.5,5791.58,2628.22,0.37890625,628,303,BLAa,BLA,20,left,0
629,630,3,6971.52,5788.9,2627.7800000000007,0.26953125,629,303,BLAa,BLA,20,left,0
630,631,3,6972.0,5786.48,2627.0200000000004,0.19140625,630,303,BLAa,BLA,20,left,0
631,632,3,6972.52,5783.92,2626.379999999999,0.32421875,631,303,BLAa,BLA,20,left,0
632,633,3,6972.46,5781.32,2626.2000000000007,0.4609375,632,303,BLAa,BLA,20,left,0
633,634,3,6973.0,5778.7,2625.7800000000007,0.37890625,633,303,BLAa,BLA,20,left,0
634,635,3,6973.38,5776.72,2624.9400000000005,0.1640625,634,303,BLAa,BLA,20,left,0
635,636,3,6974.7,5775.18,2624.379999999999,0.40625,635,303,BLAa,BLA,20,left,0
636,637,3,6975.86,5773.62,2624.32,0.32421875,636,303,BLAa,BLA,20,left,0
637,638,3,6977.14,5771.26,2623.5599999999995,0.32421875,637,303,BLAa,BLA,20,left,0
638,639,3,6977.68,5769.92,2622.66,0.1640625,638,303,BLAa,BLA,20,left,0
639,640,3,6978.36,5767.86,2621.5,0.32421875,639,303,BLAa,BLA,20,left,0
640,641,3,6978.34,5765.86,2620.72,0.015625,640,303,BLAa,BLA,20,left,0
641,642,3,6978.08,5763.52,2619.6800000000003,0.48828125,641,303,BLAa,BLA,20,left,0
642,643,3,6978.64,5761.74,2618.92,0.26953125,642,303,BLAa,BLA,20,left,0
643,644,3,6978.62,5759.22,2617.98,0.32421875,643,303,BLAa,BLA,20,left,0
644,645,3,6979.04,5757.1,2617.620000000001,0.21484375,644,303,BLAa,BLA,20,left,0
645,646,3,6979.36,5754.76,2617.74,0.32421875,645,303,BLAa,BLA,20,left,0
646,647,3,6981.24,5752.2,2617.48,0.43359375,646,303,BLAa,BLA,20,left,0
647,648,3,6982.4,5750.98,2616.74,0.26953125,647,303,BLAa,BLA,20,left,0
648,649,3,6983.58,5750.46,2615.5,0.296875,648,303,BLAa,BLA,20,left,0
649,650,3,6984.56,5749.72,2613.879999999999,0.1640625,649,303,BLAa,BLA,20,left,0
650,651,3,6985.78,5749.08,2613.120000000001,0.43359375,650,303,BLAa,BLA,20,left,0
651,652,3,6986.04,5747.42,2612.34,0.2421875,651,303,BLAa,BLA,20,left,0
652,653,3,6986.98,5744.76,2611.0200000000004,0.32421875,652,303,BLAa,BLA,20,left,0
653,654,3,6988.02,5743.08,2610.0,0.26953125,653,303,BLAa,BLA,20,left,0
654,655,3,6987.76,5740.18,2608.48,0.54296875,654,303,BLAa,BLA,20,left,0
655,656,3,6987.7,5737.26,2607.5200000000004,0.21484375,655,303,BLAa,BLA,20,left,0
656,657,3,6988.2,5735.94,2606.540000000001,0.40625,656,303,BLAa,BLA,20,left,0
657,658,3,6989.62,5735.26,2604.7000000000007,0.32421875,657,303,BLAa,BLA,20,left,0
658,659,3,6990.92,5735.36,2604.2800000000007,0.19140625,658,303,BLAa,BLA,20,left,0
659,660,3,6990.96,5734.52,2601.98,0.26953125,659,303,BLAa,BLA,20,left,0
660,661,3,6991.36,5733.16,2600.4,0.296875,660,303,BLAa,BLA,20,left,0
661,662,3,6991.4,5732.42,2598.3,0.19140625,661,303,BLAa,BLA,20,left,0
662,663,3,6991.64,5732.2,2595.34,0.296875,662,303,BLAa,BLA,20,left,0
663,664,3,6992.86,5732.06,2594.16,0.40625,663,303,BLAa,BLA,20,left,0
664,665,3,6993.0,5730.88,2593.0200000000004,0.015625,664,303,BLAa,BLA,20,left,0
665,666,3,6992.86,5728.8,2590.98,0.43359375,665,303,BLAa,BLA,20,left,0
666,667,3,6993.86,5727.04,2589.959999999999,0.26953125,666,303,BLAa,BLA,20,left,0
667,668,3,6994.2,5725.16,2588.379999999999,0.40625,667,303,BLAa,BLA,20,left,0
668,669,3,6996.12,5723.98,2586.5599999999995,0.515625,668,303,BLAa,BLA,20,left,0
669,670,3,6997.34,5723.04,2585.4,0.1640625,669,303,BLAa,BLA,20,left,0
670,671,3,6999.2,5721.88,2585.120000000001,0.19140625,670,303,BLAa,BLA,20,left,1
671,672,3,6904.02,6003.52,2739.379999999999,0.03125,149,303,BLAa,BLA,21,left,0
672,673,3,6900.74,6002.18,2737.9,0.40625,672,303,BLAa,BLA,21,left,0
673,674,3,6898.64,6001.58,2737.22,0.1640625,673,303,BLAa,BLA,21,left,0
674,675,3,6895.9,6000.96,2736.26,0.32421875,674,303,BLAa,BLA,21,left,0
675,676,3,6894.3,6000.48,2735.5,0.26953125,675,303,BLAa,BLA,21,left,0
676,677,3,6892.7,5999.38,2733.8600000000006,0.32421875,676,303,BLAa,BLA,21,left,0
677,678,3,6891.36,5998.14,2732.4,0.3515625,677,303,BLAa,BLA,21,left,0
678,679,3,6889.44,5997.42,2730.0,0.296875,678,303,BLAa,BLA,21,left,0
679,680,3,6887.94,5997.48,2727.92,0.37890625,679,303,BLAa,BLA,21,left,0
680,681,3,6886.2,5997.36,2726.1800000000003,0.296875,680,303,BLAa,BLA,21,left,0
681,682,3,6884.6,5998.02,2724.32,0.2421875,681,303,BLAa,BLA,21,left,0
682,683,3,6883.1,5998.82,2722.959999999999,0.3515625,682,303,BLAa,BLA,21,left,0
683,684,3,6881.04,5999.4,2721.82,0.296875,683,303,BLAa,BLA,21,left,0
684,685,3,6879.66,6000.04,2720.84,0.40625,684,303,BLAa,BLA,21,left,0
685,686,3,6878.12,6000.72,2719.82,0.37890625,685,303,BLAa,BLA,21,left,0
686,687,3,6876.1,6001.08,2717.92,0.40625,686,303,BLAa,BLA,21,left,0
687,688,3,6874.98,6001.96,2716.22,0.21484375,687,303,BLAa,BLA,21,left,0
688,689,3,6874.44,6002.62,2714.5200000000004,0.48828125,688,303,BLAa,BLA,21,left,0
689,690,3,6871.74,6003.6,2712.66,0.00390625,689,303,BLAa,BLA,21,left,0
690,691,3,6870.42,6003.9,2711.3600000000006,0.40625,690,303,BLAa,BLA,21,left,0
691,692,3,6867.26,6004.24,2710.66,0.296875,691,303,BLAa,BLA,21,left,0
692,693,3,6865.18,6004.7,2709.92,0.296875,692,303,BLAa,BLA,21,left,0
693,694,3,6862.24,6004.96,2709.379999999999,0.59765625,693,303,BLAa,BLA,21,left,0
694,695,3,6860.5,6005.2,2708.74,0.48828125,694,303,BLAa,BLA,21,left,0
695,696,3,6858.5,6006.18,2707.459999999999,0.32421875,695,303,BLAa,BLA,21,left,0
696,697,3,6856.74,6006.7,2706.4400000000005,0.1640625,696,303,BLAa,BLA,21,left,0
697,698,3,6854.5,6006.54,2705.620000000001,0.40625,697,303,BLAa,BLA,21,left,0
698,699,3,6852.52,6006.4,2704.66,0.54296875,698,303,BLAa,BLA,21,left,0
699,700,3,6850.96,6006.32,2703.22,0.515625,699,303,BLAa,BLA,21,left,0
700,701,3,6849.1,6006.6,2701.16,0.2421875,700,303,BLAa,BLA,21,left,0
701,702,3,6847.32,6007.64,2700.22,0.32421875,701,303,BLAa,BLA,21,left,0
702,703,3,6845.08,6009.46,2699.84,0.32421875,702,303,BLAa,BLA,21,left,0
703,704,3,6843.7,6010.28,2699.379999999999,0.26953125,703,303,BLAa,BLA,21,left,0
704,705,3,6842.76,6010.38,2698.22,0.3515625,704,303,BLAa,BLA,21,left,0
705,706,3,6842.26,6010.46,2696.1399999999994,0.6484375,705,303,BLAa,BLA,21,left,0
706,707,3,6841.24,6011.54,2694.6800000000003,0.6484375,706,303,BLAa,BLA,21,left,0
707,708,3,6840.36,6013.24,2693.26,0.296875,707,303,BLAa,BLA,21,left,0
708,709,3,6839.42,6014.74,2692.26,0.4609375,708,303,BLAa,BLA,21,left,0
709,710,3,6838.44,6016.54,2690.48,0.21484375,709,303,BLAa,BLA,21,left,0
710,711,3,6836.64,6018.1,2689.24,0.3515625,710,303,BLAa,BLA,21,left,0
711,712,3,6835.7,6019.84,2688.3,0.3515625,711,303,BLAa,BLA,21,left,0
712,713,3,6835.2,6021.66,2686.84,0.296875,712,303,BLAa,BLA,21,left,0
713,714,3,6834.08,6022.1,2685.08,0.40625,713,303,BLAa,BLA,21,left,0
714,715,3,6832.6,6022.0,2682.620000000001,0.40625,714,303,BLAa,BLA,21,left,0
715,716,3,6831.34,6022.04,2681.1000000000004,0.19140625,715,303,BLAa,BLA,21,left,0
716,717,3,6830.1,6022.92,2679.620000000001,0.37890625,716,303,BLAa,BLA,21,left,0
717,718,3,6829.62,6025.1,2676.9400000000005,0.32421875,717,303,BLAa,BLA,21,left,0
718,719,3,6829.32,6026.54,2675.16,0.43359375,718,303,BLAa,BLA,21,left,0
719,720,3,6828.12,6028.18,2674.32,0.1640625,719,303,BLAa,BLA,21,left,0
720,721,3,6826.0,6029.84,2673.540000000001,0.00390625,720,303,BLAa,BLA,21,left,0
721,722,3,6823.38,6031.34,2673.16,0.32421875,721,303,BLAa,BLA,21,left,0
722,723,3,6820.7,6031.66,2673.08,0.32421875,722,303,BLAa,BLA,21,left,0
723,724,3,6818.2,6031.78,2672.7800000000007,0.296875,723,303,BLAa,BLA,21,left,0
724,725,3,6816.86,6031.58,2672.0,0.2421875,724,303,BLAa,BLA,21,left,0
725,726,3,6814.66,6030.82,2670.959999999999,0.21484375,725,303,BLAa,BLA,21,left,0
726,727,3,6812.58,6029.84,2670.4400000000005,0.21484375,726,303,BLAa,BLA,21,left,0
727,728,3,6810.62,6029.14,2670.1800000000003,0.37890625,727,303,BLAa,BLA,21,left,1
774,775,3,6826.88,6051.54,2737.34,0.01953125,198,303,BLAa,BLA,26,left,0
775,776,3,6824.5,6053.06,2738.34,0.1640625,775,303,BLAa,BLA,26,left,0
776,777,3,6823.3,6054.56,2738.72,0.40625,776,303,BLAa,BLA,26,left,0
777,778,3,6822.22,6055.38,2739.32,0.48828125,777,303,BLAa,BLA,26,left,0
778,779,3,6820.72,6056.7,2739.98,0.296875,778,303,BLAa,BLA,26,left,0
779,780,3,6819.08,6058.16,2740.2800000000007,0.3515625,779,303,BLAa,BLA,26,left,0
780,781,3,6817.6,6059.76,2740.6800000000003,0.40625,780,303,BLAa,BLA,26,left,0
781,782,3,6816.5,6060.76,2741.0599999999995,0.296875,781,303,BLAa,BLA,26,left,0
782,783,3,6814.54,6062.02,2741.459999999999,0.515625,782,303,BLAa,BLA,26,left,0
783,784,3,6812.88,6062.72,2742.120000000001,0.2421875,783,303,BLAa,BLA,26,left,0
784,785,3,6811.68,6062.82,2743.42,0.3515625,784,303,BLAa,BLA,26,left,0
785,786,3,6809.58,6062.7,2744.8600000000006,0.67578125,785,303,BLAa,BLA,26,left,0
786,787,3,6807.94,6061.74,2746.16,0.37890625,786,303,BLAa,BLA,26,left,0
787,788,3,6805.42,6059.86,2747.84,0.2421875,787,303,BLAa,BLA,26,left,0
788,789,3,6803.44,6059.0,2748.5200000000004,0.40625,788,303,BLAa,BLA,26,left,0
789,790,3,6802.22,6058.26,2749.34,0.54296875,789,303,BLAa,BLA,26,left,0
790,791,3,6800.38,6057.74,2749.620000000001,0.296875,790,303,BLAa,BLA,26,left,0
791,792,3,6798.56,6056.86,2750.0200000000004,0.296875,791,303,BLAa,BLA,26,left,0
792,793,3,6796.88,6055.72,2750.459999999999,0.3515625,792,303,BLAa,BLA,26,left,0
793,794,3,6794.5,6052.96,2750.76,0.43359375,793,303,BLAa,BLA,26,left,0
794,795,3,6793.42,6051.18,2751.26,0.1640625,794,303,BLAa,BLA,26,left,0
795,796,3,6791.8,6048.28,2752.8600000000006,0.3515625,795,303,BLAa,BLA,26,left,0
796,797,3,6790.06,6046.08,2755.32,0.32421875,796,303,BLAa,BLA,26,left,0
797,798,3,6788.48,6045.04,2756.8600000000006,0.1640625,797,303,BLAa,BLA,26,left,0
798,799,3,6786.34,6044.44,2757.98,0.26953125,798,303,BLAa,BLA,26,left,0
799,800,3,6783.8,6044.0,2758.74,0.19140625,799,303,BLAa,BLA,26,left,0
800,801,3,6781.9,6043.46,2759.48,0.43359375,800,303,BLAa,BLA,26,left,0
801,802,3,6780.0,6042.38,2760.379999999999,0.32421875,801,303,BLAa,BLA,26,left,0
802,803,3,6778.72,6041.9,2760.66,0.296875,802,303,BLAa,BLA,26,left,0
803,804,3,6776.38,6041.68,2760.66,0.40625,803,303,BLAa,BLA,26,left,0
804,805,3,6774.86,6040.86,2760.98,0.43359375,804,303,BLAa,BLA,26,left,0
805,806,3,6772.44,6040.48,2761.6000000000004,0.32421875,805,303,BLAa,BLA,26,left,0
806,807,3,6770.4,6039.78,2762.0599999999995,0.48828125,806,303,BLAa,BLA,26,left,0
807,808,3,6768.76,6038.92,2762.6399999999994,0.21484375,807,303,BLAa,BLA,26,left,0
808,809,3,6766.54,6038.6,2762.9,0.32421875,808,303,BLAa,BLA,26,left,0
809,810,3,6764.98,6038.62,2763.22,0.4609375,809,303,BLAa,BLA,26,left,0
810,811,3,6762.94,6038.64,2763.879999999999,0.32421875,810,303,BLAa,BLA,26,left,0
811,812,3,6760.28,6038.48,2764.379999999999,0.40625,811,303,BLAa,BLA,26,left,0
812,813,3,6757.98,6037.44,2765.040000000001,0.32421875,812,303,BLAa,BLA,26,left,0
813,814,3,6756.58,6036.44,2765.72,0.19140625,813,303,BLAa,BLA,26,left,0
814,815,3,6753.7,6036.18,2766.5599999999995,0.2421875,814,303,BLAa,BLA,26,left,0
815,816,3,6751.84,6035.6,2767.1000000000004,0.296875,815,303,BLAa,BLA,26,left,0
816,817,3,6749.1,6034.8,2767.1800000000003,0.32421875,816,303,BLAa,BLA,26,left,0
817,818,3,6747.42,6035.34,2767.76,0.32421875,817,303,BLAa,BLA,26,left,0
818,819,3,6746.02,6036.56,2768.72,0.48828125,818,303,BLAa,BLA,26,left,0
819,820,3,6743.9,6037.26,2769.6800000000003,0.32421875,819,303,BLAa,BLA,26,left,0
820,821,3,6742.74,6037.1,2770.5599999999995,0.21484375,820,303,BLAa,BLA,26,left,0
821,822,3,6740.72,6036.48,2771.1000000000004,0.37890625,821,303,BLAa,BLA,26,left,0
822,823,3,6738.5,6035.62,2772.1000000000004,0.2421875,822,303,BLAa,BLA,26,left,0
823,824,3,6737.36,6036.4,2773.1800000000003,0.296875,823,303,BLAa,BLA,26,left,0
824,825,3,6737.76,6038.2,2773.6000000000004,0.21484375,824,303,BLAa,BLA,26,left,0
825,826,3,6738.76,6038.68,2773.7000000000007,0.32421875,825,303,BLAa,BLA,26,left,0
826,827,3,6737.68,6037.84,2773.5,0.03515625,826,303,BLAa,BLA,26,left,0
827,828,3,6736.96,6035.8,2773.26,0.26953125,827,303,BLAa,BLA,26,left,0
828,829,3,6735.8,6034.64,2773.2800000000007,0.40625,828,303,BLAa,BLA,26,left,0
829,830,3,6733.8,6034.02,2773.42,0.40625,829,303,BLAa,BLA,26,left,0
830,831,3,6731.58,6033.96,2773.879999999999,0.19140625,830,303,BLAa,BLA,26,left,0
831,832,3,6729.7,6034.66,2773.98,0.2421875,831,303,BLAa,BLA,26,left,0
832,833,3,6728.3,6035.74,2774.16,0.296875,832,303,BLAa,BLA,26,left,0
833,834,3,6726.02,6037.12,2774.459999999999,0.19140625,833,303,BLAa,BLA,26,left,0
834,835,3,6724.4,6038.32,2774.58,0.2421875,834,303,BLAa,BLA,26,left,0
835,836,3,6721.68,6038.66,2774.6399999999994,0.32421875,835,303,BLAa,BLA,26,left,0
836,837,3,6718.92,6038.24,2774.4,0.19140625,836,303,BLAa,BLA,26,left,0
837,838,3,6717.02,6037.5,2774.620000000001,0.37890625,837,303,BLAa,BLA,26,left,0
838,839,3,6713.86,6037.14,2775.040000000001,0.32421875,838,303,BLAa,BLA,26,left,0
839,840,3,6711.74,6037.12,2775.0200000000004,0.32421875,839,303,BLAa,BLA,26,left,0
840,841,3,6709.02,6037.92,2774.9,0.32421875,840,303,BLAa,BLA,26,left,0
841,842,3,6707.24,6039.02,2774.7800000000007,0.32421875,841,303,BLAa,BLA,26,left,0
842,843,3,6705.16,6039.54,2774.7000000000007,0.32421875,842,303,BLAa,BLA,26,left,0
843,844,3,6703.26,6039.52,2774.58,0.1640625,843,303,BLAa,BLA,26,left,0
844,845,3,6701.82,6039.32,2774.040000000001,0.32421875,844,303,BLAa,BLA,26,left,0
845,846,3,6700.5,6038.4,2772.9,0.43359375,845,303,BLAa,BLA,26,left,0
846,847,3,6699.3,6037.94,2771.040000000001,0.2421875,846,303,BLAa,BLA,26,left,0
847,848,3,6698.64,6036.98,2768.4400000000005,0.4609375,847,303,BLAa,BLA,26,left,0
848,849,3,6697.44,6036.64,2767.040000000001,0.32421875,848,303,BLAa,BLA,26,left,0
849,850,3,6695.72,6036.74,2766.48,0.43359375,849,303,BLAa,BLA,26,left,0
850,851,3,6693.1,6037.3,2766.2000000000007,0.32421875,850,303,BLAa,BLA,26,left,0
851,852,3,6689.32,6037.54,2766.22,0.32421875,851,303,BLAa,BLA,26,left,0
852,853,3,6687.34,6037.5,2766.4400000000005,0.26953125,852,303,BLAa,BLA,26,left,0
853,854,3,6685.06,6037.82,2766.4400000000005,0.21484375,853,303,BLAa,BLA,26,left,0
854,855,3,6683.14,6038.28,2766.379999999999,0.2421875,854,303,BLAa,BLA,26,left,0
855,856,3,6681.06,6037.64,2766.3600000000006,0.19140625,855,303,BLAa,BLA,26,left,0
856,857,3,6680.88,6036.94,2766.0,0.32421875,856,303,BLAa,BLA,26,left,1
857,858,3,6826.34,6048.9,2734.3600000000006,0.2421875,198,303,BLAa,BLA,27,left,0
858,859,3,6824.5,6045.56,2733.26,0.296875,858,303,BLAa,BLA,27,left,0
859,860,3,6823.1,6043.82,2732.2800000000007,0.32421875,859,303,BLAa,BLA,27,left,0
860,861,3,6821.54,6041.86,2730.72,0.26953125,860,303,BLAa,BLA,27,left,0
861,862,3,6819.4,6040.68,2729.1000000000004,0.40625,861,303,BLAa,BLA,27,left,0
862,863,3,6818.12,6039.58,2727.3,0.48828125,862,303,BLAa,BLA,27,left,0
863,864,3,6816.08,6038.56,2726.4,0.3515625,863,303,BLAa,BLA,27,left,0
864,865,3,6813.74,6037.12,2725.34,0.296875,864,303,BLAa,BLA,27,left,0
865,866,3,6812.46,6035.88,2724.120000000001,0.4609375,865,303,BLAa,BLA,27,left,0
866,867,3,6811.1,6034.58,2722.1399999999994,0.1640625,866,303,BLAa,BLA,27,left,0
867,868,3,6809.72,6032.8,2720.9400000000005,0.3515625,867,303,BLAa,BLA,27,left,0
868,869,3,6807.62,6030.74,2719.9,0.21484375,868,303,BLAa,BLA,27,left,0
869,870,3,6806.02,6029.84,2719.58,0.296875,869,303,BLAa,BLA,27,left,0
870,871,3,6804.66,6029.12,2718.8,0.01171875,870,303,BLAa,BLA,27,left,0
871,872,3,6802.38,6028.36,2717.0,0.296875,871,303,BLAa,BLA,27,left,0
872,873,3,6801.06,6027.58,2716.0200000000004,0.37890625,872,303,BLAa,BLA,27,left,0
873,874,3,6798.46,6024.7,2715.379999999999,0.48828125,873,303,BLAa,BLA,27,left,0
874,875,3,6796.58,6023.36,2714.84,0.1640625,874,303,BLAa,BLA,27,left,0
875,876,3,6794.6,6022.28,2712.66,0.43359375,875,303,BLAa,BLA,27,left,0
876,877,3,6793.3,6021.28,2710.9,0.32421875,876,303,BLAa,BLA,27,left,0
877,878,3,6791.62,6020.74,2709.66,0.32421875,877,303,BLAa,BLA,27,left,0
878,879,3,6790.66,6019.7,2708.459999999999,0.2421875,878,303,BLAa,BLA,27,left,0
879,880,3,6789.9,6018.0,2707.1399999999994,0.2421875,879,303,BLAa,BLA,27,left,0
880,881,3,6788.64,6017.42,2705.66,0.296875,880,303,BLAa,BLA,27,left,0
881,882,3,6787.6,6016.48,2703.82,0.48828125,881,303,BLAa,BLA,27,left,0
882,883,3,6786.18,6015.9,2703.1000000000004,0.1640625,882,303,BLAa,BLA,27,left,0
883,884,3,6784.42,6015.62,2702.040000000001,0.32421875,883,303,BLAa,BLA,27,left,0
884,885,3,6782.94,6015.1,2700.48,0.62109375,884,303,BLAa,BLA,27,left,0
885,886,3,6782.0,6013.82,2699.34,0.32421875,885,303,BLAa,BLA,27,left,0
886,887,3,6780.4,6012.08,2697.9,0.296875,886,303,BLAa,BLA,27,left,0
887,888,3,6778.08,6011.26,2696.879999999999,0.3515625,887,303,BLAa,BLA,27,left,0
888,889,3,6776.76,6010.44,2695.9,0.40625,888,303,BLAa,BLA,27,left,0
889,890,3,6775.22,6009.92,2694.8600000000006,0.19140625,889,303,BLAa,BLA,27,left,0
890,891,3,6773.06,6009.16,2694.5,0.43359375,890,303,BLAa,BLA,27,left,0
891,892,3,6771.66,6007.88,2693.620000000001,0.32421875,891,303,BLAa,BLA,27,left,0
892,893,3,6770.48,6006.3,2692.32,0.37890625,892,303,BLAa,BLA,27,left,0
893,894,3,6769.22,6005.54,2691.879999999999,0.32421875,893,303,BLAa,BLA,27,left,0
894,895,3,6767.26,6004.6,2690.5,0.00390625,894,303,BLAa,BLA,27,left,0
895,896,3,6764.9,6002.86,2690.1399999999994,0.2421875,895,303,BLAa,BLA,27,left,0
896,897,3,6763.74,6000.36,2689.84,0.32421875,896,303,BLAa,BLA,27,left,0
897,898,3,6762.7,5998.56,2689.1000000000004,0.40625,897,303,BLAa,BLA,27,left,0
898,899,3,6761.3,5996.32,2688.42,0.19140625,898,303,BLAa,BLA,27,left,0
899,900,3,6760.16,5994.2,2687.74,0.296875,899,303,BLAa,BLA,27,left,0
900,901,3,6758.32,5992.88,2687.5,0.32421875,900,303,BLAa,BLA,27,left,0
901,902,3,6756.56,5992.4,2687.32,0.40625,901,303,BLAa,BLA,27,left,0
902,903,3,6754.88,5990.44,2687.1800000000003,0.21484375,902,303,BLAa,BLA,27,left,0
903,904,3,6752.94,5988.66,2686.459999999999,0.48828125,903,303,BLAa,BLA,27,left,0
904,905,3,6752.06,5987.18,2685.4400000000005,0.26953125,904,303,BLAa,BLA,27,left,0
905,906,3,6750.66,5985.78,2684.120000000001,0.21484375,905,303,BLAa,BLA,27,left,0
906,907,3,6748.92,5984.68,2683.040000000001,0.37890625,906,303,BLAa,BLA,27,left,0
907,908,3,6747.96,5983.04,2681.7000000000007,0.32421875,907,303,BLAa,BLA,27,left,0
908,909,3,6746.74,5982.46,2680.9400000000005,0.32421875,908,303,BLAa,BLA,27,left,0
909,910,3,6745.7,5980.28,2679.0599999999995,0.1640625,909,303,BLAa,BLA,27,left,0
910,911,3,6744.88,5977.92,2677.4,0.32421875,910,303,BLAa,BLA,27,left,0
911,912,3,6743.7,5976.68,2675.959999999999,0.2421875,911,303,BLAa,BLA,27,left,0
912,913,3,6741.68,5974.54,2674.58,0.32421875,912,303,BLAa,BLA,27,left,0
913,914,3,6740.54,5972.26,2674.120000000001,0.296875,913,303,BLAa,BLA,27,left,0
914,915,3,6739.06,5971.7,2673.8,0.2421875,914,303,BLAa,BLA,27,left,1
915,916,3,6847.76,6118.56,2834.2800000000007,0.21484375,329,703,CTXsp,CTXsp,28,left,0
916,917,3,6846.72,6120.04,2835.459999999999,0.40625,916,703,CTXsp,CTXsp,28,left,0
917,918,3,6845.32,6122.16,2836.72,0.40625,917,703,CTXsp,CTXsp,28,left,0
918,919,3,6844.08,6123.6,2837.459999999999,0.2421875,918,703,CTXsp,CTXsp,28,left,0
919,920,3,6843.46,6125.28,2838.0599999999995,0.40625,919,703,CTXsp,CTXsp,28,left,0
920,921,3,6842.36,6127.4,2838.8600000000006,0.2421875,920,703,CTXsp,CTXsp,28,left,0
921,922,3,6841.54,6129.5,2839.8,0.4609375,921,703,CTXsp,CTXsp,28,left,0
922,923,3,6840.52,6132.12,2840.3600000000006,0.40625,922,703,CTXsp,CTXsp,28,left,0
923,924,3,6839.3,6133.92,2841.16,0.21484375,923,703,CTXsp,CTXsp,28,left,0
924,925,3,6838.0,6135.86,2841.4,0.296875,924,703,CTXsp,CTXsp,28,left,0
925,926,3,6836.72,6138.36,2842.0200000000004,0.43359375,925,703,CTXsp,CTXsp,28,left,0
926,927,3,6835.84,6140.18,2842.7800000000007,0.32421875,926,703,CTXsp,CTXsp,28,left,0
927,928,3,6834.38,6142.18,2843.34,0.54296875,927,703,CTXsp,CTXsp,28,left,0
928,929,3,6833.54,6144.06,2844.0,0.26953125,928,703,CTXsp,CTXsp,28,left,0
929,930,3,6832.58,6145.58,2844.4,0.40625,929,327,BMAa,BMA,28,left,0
930,931,3,6830.64,6148.38,2844.48,0.00390625,930,327,BMAa,BMA,28,left,0
931,932,3,6829.44,6150.12,2844.48,0.4609375,931,327,BMAa,BMA,28,left,0
932,933,3,6828.78,6152.4,2844.6000000000004,0.40625,932,327,BMAa,BMA,28,left,0
933,934,3,6828.86,6155.2,2844.6000000000004,0.19140625,933,327,BMAa,BMA,28,left,0
934,935,3,6827.94,6157.14,2845.0200000000004,0.2421875,934,327,BMAa,BMA,28,left,0
935,936,3,6826.4,6159.4,2845.540000000001,0.515625,935,327,BMAa,BMA,28,left,0
936,937,3,6825.06,6161.26,2846.08,0.32421875,936,327,BMAa,BMA,28,left,0
937,938,3,6823.82,6163.08,2847.26,0.1640625,937,327,BMAa,BMA,28,left,0
938,939,3,6823.44,6165.44,2847.72,0.296875,938,327,BMAa,BMA,28,left,0
939,940,3,6822.22,6167.08,2848.6399999999994,0.2421875,939,327,BMAa,BMA,28,left,0
940,941,3,6820.56,6170.02,2849.3600000000006,0.3515625,940,327,BMAa,BMA,28,left,0
941,942,3,6819.76,6172.48,2849.58,0.37890625,941,327,BMAa,BMA,28,left,0
942,943,3,6819.64,6174.96,2850.120000000001,0.43359375,942,327,BMAa,BMA,28,left,0
943,944,3,6819.5,6177.06,2851.120000000001,0.32421875,943,327,BMAa,BMA,28,left,0
944,945,3,6818.72,6178.96,2851.5599999999995,0.48828125,944,327,BMAa,BMA,28,left,0
945,946,3,6818.34,6181.94,2851.84,0.296875,945,327,BMAa,BMA,28,left,0
946,947,3,6818.14,6184.8,2852.0599999999995,0.43359375,946,327,BMAa,BMA,28,left,0
947,948,3,6817.12,6187.34,2852.6800000000003,0.37890625,947,327,BMAa,BMA,28,left,0
948,949,3,6816.96,6189.82,2853.040000000001,0.32421875,948,327,BMAa,BMA,28,left,0
949,950,3,6816.02,6191.76,2853.3,0.3515625,949,327,BMAa,BMA,28,left,0
950,951,3,6815.08,6194.12,2854.16,0.32421875,950,327,BMAa,BMA,28,left,0
951,952,3,6814.68,6196.06,2854.98,0.1640625,951,327,BMAa,BMA,28,left,0
952,953,3,6814.12,6199.2,2856.42,0.296875,952,327,BMAa,BMA,28,left,0
953,954,3,6813.4,6201.38,2857.4,0.296875,953,327,BMAa,BMA,28,left,0
954,955,3,6812.48,6203.1,2858.0599999999995,0.32421875,954,327,BMAa,BMA,28,left,0
955,956,3,6811.0,6203.54,2858.0,0.37890625,955,327,BMAa,BMA,28,left,0
956,957,3,6810.44,6204.56,2859.1800000000003,0.48828125,956,327,BMAa,BMA,28,left,0
957,958,3,6810.6,6205.54,2861.1000000000004,0.296875,957,327,BMAa,BMA,28,left,0
958,959,3,6809.9,6206.06,2862.4,0.43359375,958,327,BMAa,BMA,28,left,0
959,960,3,6809.04,6207.38,2863.7800000000007,0.32421875,959,327,BMAa,BMA,28,left,0
960,961,3,6808.26,6208.46,2864.76,0.32421875,960,327,BMAa,BMA,28,left,0
961,962,3,6808.38,6210.22,2866.0599999999995,0.54296875,961,327,BMAa,BMA,28,left,0
962,963,3,6808.38,6213.04,2866.84,0.26953125,962,327,BMAa,BMA,28,left,0
963,964,3,6807.54,6216.06,2867.08,0.26953125,963,327,BMAa,BMA,28,left,0
964,965,3,6807.18,6218.36,2867.1399999999994,0.296875,964,327,BMAa,BMA,28,left,0
965,966,3,6805.62,6222.08,2866.82,0.3515625,965,327,BMAa,BMA,28,left,0
966,967,3,6804.64,6224.36,2866.9,0.32421875,966,327,BMAa,BMA,28,left,0
967,968,3,6804.62,6227.66,2868.58,0.1640625,967,327,BMAa,BMA,28,left,0
968,969,3,6803.76,6229.8,2869.459999999999,0.21484375,968,327,BMAa,BMA,28,left,0
969,970,3,6803.44,6232.32,2870.42,0.26953125,969,327,BMAa,BMA,28,left,1
970,971,3,6847.74,6115.44,2833.58,0.0390625,329,703,CTXsp,CTXsp,29,left,0
971,972,3,6846.32,6116.06,2835.0,0.26953125,971,703,CTXsp,CTXsp,29,left,0
972,973,3,6845.3,6117.0,2835.7800000000007,0.32421875,972,703,CTXsp,CTXsp,29,left,0
973,974,3,6843.1,6117.54,2837.1399999999994,0.40625,973,703,CTXsp,CTXsp,29,left,0
974,975,3,6842.08,6117.3,2838.5,0.26953125,974,703,CTXsp,CTXsp,29,left,0
975,976,3,6839.88,6116.78,2839.6399999999994,0.32421875,975,703,CTXsp,CTXsp,29,left,0
976,977,3,6838.16,6116.82,2841.0200000000004,0.296875,976,703,CTXsp,CTXsp,29,left,0
977,978,3,6836.68,6116.92,2842.459999999999,0.32421875,977,703,CTXsp,CTXsp,29,left,0
978,979,3,6835.08,6117.38,2844.5,0.59765625,978,703,CTXsp,CTXsp,29,left,0
979,980,3,6833.16,6117.76,2845.6000000000004,0.4609375,979,703,CTXsp,CTXsp,29,left,0
980,981,3,6832.84,6118.08,2847.16,0.40625,980,703,CTXsp,CTXsp,29,left,0
981,982,3,6831.62,6119.08,2849.459999999999,0.296875,981,703,CTXsp,CTXsp,29,left,0
982,983,3,6830.72,6119.5,2850.82,0.1640625,982,703,CTXsp,CTXsp,29,left,0
983,984,3,6829.38,6120.02,2851.9,0.00390625,983,703,CTXsp,CTXsp,29,left,0
984,985,3,6828.64,6120.42,2853.82,0.32421875,984,703,CTXsp,CTXsp,29,left,0
985,986,3,6828.06,6121.0,2856.1399999999994,0.40625,985,703,CTXsp,CTXsp,29,left,0
986,987,3,6827.06,6121.46,2857.5,0.32421875,986,703,CTXsp,CTXsp,29,left,0
987,988,3,6826.94,6121.9,2860.2000000000007,0.296875,987,703,CTXsp,CTXsp,29,left,0
988,989,3,6827.0,6122.44,2861.879999999999,0.26953125,988,703,CTXsp,CTXsp,29,left,0
989,990,3,6825.48,6122.58,2862.58,0.32421875,989,703,CTXsp,CTXsp,29,left,0
990,991,3,6824.06,6122.66,2864.0200000000004,0.40625,990,703,CTXsp,CTXsp,29,left,0
991,992,3,6822.64,6122.28,2865.959999999999,0.21484375,991,703,CTXsp,CTXsp,29,left,0
992,993,3,6820.94,6121.6,2868.0,0.19140625,992,703,CTXsp,CTXsp,29,left,0
993,994,3,6819.96,6121.46,2869.7800000000007,0.32421875,993,703,CTXsp,CTXsp,29,left,0
994,995,3,6818.46,6121.54,2872.0200000000004,0.40625,994,703,CTXsp,CTXsp,29,left,0
995,996,3,6817.56,6121.62,2873.92,0.32421875,995,703,CTXsp,CTXsp,29,left,0
996,997,3,6816.52,6121.64,2877.0,0.40625,996,703,CTXsp,CTXsp,29,left,0
997,998,3,6816.48,6121.36,2878.76,0.2421875,997,703,CTXsp,CTXsp,29,left,0
998,999,3,6815.44,6121.28,2880.0599999999995,0.40625,998,703,CTXsp,CTXsp,29,left,0
999,1000,3,6814.44,6121.54,2883.040000000001,0.1640625,999,703,CTXsp,CTXsp,29,left,0
1000,1001,3,6814.0,6122.6,2884.4,0.2421875,1000,703,CTXsp,CTXsp,29,left,0
1001,1002,3,6812.7,6123.62,2885.959999999999,0.296875,1001,327,BMAa,BMA,29,left,0
1002,1003,3,6811.68,6124.3,2887.34,0.32421875,1002,327,BMAa,BMA,29,left,0
1003,1004,3,6811.16,6125.16,2889.74,0.32421875,1003,327,BMAa,BMA,29,left,0
1004,1005,3,6810.64,6125.64,2891.84,0.43359375,1004,327,BMAa,BMA,29,left,0
1005,1006,3,6810.04,6127.04,2892.9400000000005,0.26953125,1005,327,BMAa,BMA,29,left,0
1006,1007,3,6809.6,6127.84,2894.66,0.3515625,1006,327,BMAa,BMA,29,left,0
1007,1008,3,6808.26,6128.26,2896.2000000000007,0.3515625,1007,327,BMAa,BMA,29,left,0
1008,1009,3,6806.1,6129.28,2897.6399999999994,0.48828125,1008,327,BMAa,BMA,29,left,0
1009,1010,3,6804.66,6129.66,2898.0599999999995,0.1640625,1009,327,BMAa,BMA,29,left,0
1010,1011,3,6802.56,6130.68,2898.74,0.32421875,1010,327,BMAa,BMA,29,left,0
1011,1012,3,6801.06,6132.04,2899.6000000000004,0.4609375,1011,327,BMAa,BMA,29,left,0
1012,1013,3,6799.58,6132.76,2900.32,0.3515625,1012,327,BMAa,BMA,29,left,0
1013,1014,3,6798.06,6131.82,2902.5,0.00390625,1013,327,BMAa,BMA,29,left,0
1014,1015,3,6797.26,6131.6,2903.879999999999,0.48828125,1014,327,BMAa,BMA,29,left,1
1015,1016,3,6916.92,6028.28,2778.6800000000003,0.00390625,334,303,BLAa,BLA,30,left,0
1016,1017,3,6918.6,6028.54,2780.0200000000004,0.19140625,1016,303,BLAa,BLA,30,left,0
1017,1018,3,6920.34,6029.42,2781.34,0.2421875,1017,303,BLAa,BLA,30,left,0
1018,1019,3,6922.26,6030.92,2782.6000000000004,0.21484375,1018,303,BLAa,BLA,30,left,0
1019,1020,3,6923.74,6032.48,2783.74,0.3515625,1019,303,BLAa,BLA,30,left,0
1020,1021,3,6925.66,6034.88,2785.42,0.48828125,1020,303,BLAa,BLA,30,left,0
1021,1022,3,6927.02,6036.24,2787.0200000000004,0.296875,1021,303,BLAa,BLA,30,left,0
1022,1023,3,6928.56,6039.04,2788.6399999999994,0.54296875,1022,303,BLAa,BLA,30,left,0
1023,1024,3,6929.86,6040.46,2789.5599999999995,0.2421875,1023,303,BLAa,BLA,30,left,0
1024,1025,3,6931.84,6041.8,2790.34,0.48828125,1024,303,BLAa,BLA,30,left,0
1025,1026,3,6933.18,6043.26,2790.84,0.62109375,1025,303,BLAa,BLA,30,left,0
1026,1027,3,6933.66,6044.36,2791.959999999999,0.54296875,1026,303,BLAa,BLA,30,left,0
1027,1028,3,6935.08,6045.38,2792.6000000000004,0.40625,1027,303,BLAa,BLA,30,left,0
1028,1029,3,6937.02,6046.94,2792.92,0.73046875,1028,303,BLAa,BLA,30,left,0
1029,1030,3,6938.76,6047.48,2794.32,0.6484375,1029,303,BLAa,BLA,30,left,0
1030,1031,3,6940.42,6048.9,2795.08,0.00390625,1030,303,BLAa,BLA,30,left,0
1031,1032,3,6940.98,6051.02,2795.3,0.4609375,1031,303,BLAa,BLA,30,left,0
1032,1033,3,6941.42,6054.32,2796.1399999999994,0.4609375,1032,303,BLAa,BLA,30,left,0
1033,1034,3,6942.12,6057.32,2797.5,0.54296875,1033,303,BLAa,BLA,30,left,0
1034,1035,3,6943.06,6058.72,2798.879999999999,0.296875,1034,303,BLAa,BLA,30,left,0
1035,1036,3,6943.66,6061.0,2800.7800000000007,0.296875,1035,303,BLAa,BLA,30,left,0
1036,1037,3,6944.06,6063.44,2802.32,0.54296875,1036,303,BLAa,BLA,30,left,0
1037,1038,3,6944.6,6066.52,2804.7000000000007,0.40625,1037,303,BLAa,BLA,30,left,0
1038,1039,3,6944.96,6068.66,2806.1800000000003,0.67578125,1038,303,BLAa,BLA,30,left,0
1039,1040,3,6945.38,6071.88,2806.82,0.62109375,1039,303,BLAa,BLA,30,left,0
1040,1041,3,6945.76,6074.56,2807.6399999999994,0.4609375,1040,303,BLAa,BLA,30,left,0
1041,1042,3,6946.32,6077.8,2808.0,0.43359375,1041,303,BLAa,BLA,30,left,0
1042,1043,3,6947.38,6079.58,2807.9400000000005,0.37890625,1042,303,BLAa,BLA,30,left,0
1043,1044,3,6949.24,6081.34,2807.82,0.32421875,1043,303,BLAa,BLA,30,left,0
1044,1045,3,6916.46,6026.54,2778.1800000000003,0.0234375,334,303,BLAa,BLA,31,left,0
1045,1046,3,6919.1,6024.64,2778.42,0.37890625,1045,303,BLAa,BLA,31,left,0
1046,1047,3,6920.32,6022.8,2778.6399999999994,0.32421875,1046,303,BLAa,BLA,31,left,0
1047,1048,3,6922.04,6019.76,2778.959999999999,0.43359375,1047,303,BLAa,BLA,31,left,0
1048,1049,3,6923.14,6017.6,2779.22,0.32421875,1048,303,BLAa,BLA,31,left,0
1049,1050,3,6924.68,6015.22,2779.7000000000007,0.48828125,1049,303,BLAa,BLA,31,left,0
1050,1051,3,6926.54,6013.16,2780.1000000000004,0.4609375,1050,303,BLAa,BLA,31,left,0
1051,1052,3,6928.8,6011.62,2780.3,0.515625,1051,303,BLAa,BLA,31,left,0
1052,1053,3,6930.26,6010.16,2780.48,0.3515625,1052,303,BLAa,BLA,31,left,0
1053,1054,3,6932.96,6008.34,2780.72,0.54296875,1053,303,BLAa,BLA,31,left,0
1054,1055,3,6935.52,6007.38,2780.82,0.37890625,1054,303,BLAa,BLA,31,left,0
1055,1056,3,6937.2,6006.38,2780.48,0.3515625,1055,303,BLAa,BLA,31,left,0
1056,1057,3,6939.5,6005.0,2780.0200000000004,0.48828125,1056,303,BLAa,BLA,31,left,0
1057,1058,3,6940.76,6003.78,2780.16,0.48828125,1057,303,BLAa,BLA,31,left,0
1058,1059,3,6941.96,6002.22,2780.3600000000006,0.54296875,1058,303,BLAa,BLA,31,left,0
1059,1060,3,6944.72,6000.12,2781.2800000000007,0.3515625,1059,303,BLAa,BLA,31,left,0
1060,1061,3,6945.84,6000.06,2782.1000000000004,1.00390625,1060,303,BLAa,BLA,31,left,0
1061,1062,3,6947.38,5997.98,2782.120000000001,0.0078125,1061,303,BLAa,BLA,31,left,0
1062,1063,3,6949.8,5996.2,2782.3,0.48828125,1062,303,BLAa,BLA,31,left,0
1063,1064,3,6951.64,5995.54,2782.4,0.32421875,1063,303,BLAa,BLA,31,left,0
1064,1065,3,6953.86,5994.86,2782.5200000000004,0.32421875,1064,303,BLAa,BLA,31,left,0
1065,1066,3,6955.7,5993.92,2782.66,0.43359375,1065,303,BLAa,BLA,31,left,0
1066,1067,3,6957.5,5991.98,2782.9,1.0546875,1066,303,BLAa,BLA,31,left,0
1067,1068,3,6958.24,5990.16,2783.08,0.54296875,1067,303,BLAa,BLA,31,left,0
1068,1069,3,6959.68,5989.46,2783.1800000000003,0.48828125,1068,303,BLAa,BLA,31,left,0
1069,1070,3,6961.36,5987.92,2783.379999999999,0.296875,1069,303,BLAa,BLA,31,left,0
1070,1071,3,6963.12,5985.28,2783.7800000000007,0.2421875,1070,303,BLAa,BLA,31,left,0
1071,1072,3,6964.0,5983.5,2784.5,0.4609375,1071,303,BLAa,BLA,31,left,0
1072,1073,3,6965.28,5981.26,2784.82,0.37890625,1072,303,BLAa,BLA,31,left,0
1073,1074,3,6966.26,5979.32,2784.4400000000005,0.54296875,1073,303,BLAa,BLA,31,left,0
1074,1075,3,6968.2,5977.48,2783.82,0.296875,1074,303,BLAa,BLA,31,left,0
1075,1076,3,6969.64,5976.0,2783.42,0.43359375,1075,303,BLAa,BLA,31,left,0
1076,1077,3,6971.6,5974.46,2783.3600000000006,0.3515625,1076,303,BLAa,BLA,31,left,0
1077,1078,3,6973.84,5972.8,2783.6000000000004,0.4609375,1077,303,BLAa,BLA,31,left,0
1078,1079,3,6975.12,5972.1,2783.9,0.2421875,1078,303,BLAa,BLA,31,left,0
1079,1080,3,6976.48,5971.46,2783.92,0.02734375,1079,303,BLAa,BLA,31,left,0
1080,1081,3,6978.08,5969.76,2783.98,0.43359375,1080,303,BLAa,BLA,31,left,0
1081,1082,3,6979.48,5967.68,2784.22,0.32421875,1081,303,BLAa,BLA,31,left,0
1082,1083,3,6980.66,5966.0,2784.42,0.40625,1082,303,BLAa,BLA,31,left,0
1083,1084,3,6981.68,5963.9,2784.6399999999994,0.32421875,1083,303,BLAa,BLA,31,left,0
1084,1085,3,6983.06,5962.08,2784.8600000000006,0.21484375,1084,303,BLAa,BLA,31,left,0
1085,1086,3,6985.06,5959.68,2785.66,0.19140625,1085,303,BLAa,BLA,31,left,0
1086,1087,3,6986.42,5957.66,2786.5,0.1640625,1086,303,BLAa,BLA,31,left,0
1087,1088,3,6988.34,5955.98,2787.1000000000004,0.3515625,1087,303,BLAa,BLA,31,left,0
1088,1089,3,6988.9,5953.72,2787.7800000000007,0.1640625,1088,303,BLAa,BLA,31,left,0
1089,1090,3,6990.74,5951.56,2788.1000000000004,0.37890625,1089,303,BLAa,BLA,31,left,0
1090,1091,3,6992.04,5949.8,2788.76,0.37890625,1090,303,BLAa,BLA,31,left,0
1091,1092,3,6993.5,5948.28,2789.58,0.1640625,1091,303,BLAa,BLA,31,left,0
1092,1093,3,6995.12,5946.94,2789.8600000000006,0.40625,1092,303,BLAa,BLA,31,left,0
1093,1094,3,6996.62,5945.52,2790.120000000001,0.296875,1093,303,BLAa,BLA,31,left,0
1094,1095,3,6998.24,5943.4,2790.9400000000005,0.37890625,1094,303,BLAa,BLA,31,left,0
1095,1096,3,6999.1,5942.44,2791.620000000001,0.515625,1095,303,BLAa,BLA,31,left,0
1096,1097,3,7000.98,5940.36,2792.4400000000005,0.4609375,1096,303,BLAa,BLA,31,left,0
1097,1098,3,7002.52,5938.74,2793.0200000000004,0.43359375,1097,303,BLAa,BLA,31,left,0
1098,1099,3,7003.9,5936.9,2794.0,0.4609375,1098,303,BLAa,BLA,31,left,0
1099,1100,3,7005.32,5935.46,2795.48,0.19140625,1099,303,BLAa,BLA,31,left,0
1100,1101,3,7005.88,5933.6,2796.98,0.26953125,1100,303,BLAa,BLA,31,left,0
1101,1102,3,7005.98,5930.92,2797.74,0.32421875,1101,303,BLAa,BLA,31,left,0
1102,1103,3,7006.42,5928.82,2798.34,0.4609375,1102,303,BLAa,BLA,31,left,0
1103,1104,3,7007.1,5925.76,2799.4,0.32421875,1103,303,BLAa,BLA,31,left,0
1104,1105,3,7007.0,5923.54,2800.6800000000003,0.515625,1104,303,BLAa,BLA,31,left,0
1105,1106,3,7007.28,5919.22,2802.620000000001,0.32421875,1105,303,BLAa,BLA,31,left,0
1106,1107,3,7008.12,5917.04,2803.74,0.1640625,1106,303,BLAa,BLA,31,left,0
1107,1108,3,7008.36,5914.02,2805.4400000000005,0.26953125,1107,303,BLAa,BLA,31,left,0
1108,1109,3,7009.02,5911.86,2806.32,0.48828125,1108,303,BLAa,BLA,31,left,0
1109,1110,3,7008.94,5909.16,2806.7800000000007,0.32421875,1109,303,BLAa,BLA,31,left,0
1110,1111,3,7009.54,5907.26,2807.22,0.48828125,1110,303,BLAa,BLA,31,left,0
1111,1112,3,7009.48,5905.52,2808.5,0.67578125,1111,303,BLAa,BLA,31,left,0
1112,1113,3,7010.36,5904.08,2807.6399999999994,0.015625,1112,303,BLAa,BLA,31,left,0
1113,1114,3,7010.64,5901.3,2807.74,0.4609375,1113,303,BLAa,BLA,31,left,0
1114,1115,3,7010.72,5898.48,2809.3600000000006,0.19140625,1114,303,BLAa,BLA,31,left,0
1115,1116,3,7010.94,5896.04,2810.6000000000004,0.48828125,1115,303,BLAa,BLA,31,left,0
1116,1117,3,7011.68,5894.42,2811.5599999999995,0.32421875,1116,303,BLAa,BLA,31,left,0
1117,1118,3,7012.22,5892.14,2812.22,0.32421875,1117,303,BLAa,BLA,31,left,0
1118,1119,3,7012.3,5890.1,2812.9400000000005,0.19140625,1118,303,BLAa,BLA,31,left,0
1119,1120,3,7012.84,5888.42,2814.5200000000004,0.515625,1119,303,BLAa,BLA,31,left,0
1120,1121,3,7013.04,5885.98,2815.92,0.40625,1120,1105,IA,IA,31,left,0
1121,1122,3,7013.64,5883.52,2816.1000000000004,0.19140625,1121,1105,IA,IA,31,left,0
1122,1123,3,7014.4,5880.24,2816.1000000000004,0.37890625,1122,1105,IA,IA,31,left,0
1123,1124,3,7015.8,5877.28,2816.0,0.21484375,1123,1105,IA,IA,31,left,0
1124,1125,3,7017.0,5875.36,2816.5200000000004,0.19140625,1124,1105,IA,IA,31,left,0
1125,1126,3,7017.72,5873.38,2818.0599999999995,0.48828125,1125,1105,IA,IA,31,left,0
1126,1127,3,7018.4,5871.4,2819.040000000001,0.37890625,1126,1105,IA,IA,31,left,0
1127,1128,3,7019.4,5870.8,2819.42,0.32421875,1127,1105,IA,IA,31,left,1
1128,1129,3,6922.74,6021.42,2736.2000000000007,0.00390625,434,303,BLAa,BLA,32,left,0
1129,1130,3,6924.02,6020.32,2734.9,0.73046875,1129,303,BLAa,BLA,32,left,0
1130,1131,3,6925.64,6019.18,2733.6399999999994,0.62109375,1130,303,BLAa,BLA,32,left,0
1131,1132,3,6925.98,6018.62,2731.7000000000007,0.32421875,1131,303,BLAa,BLA,32,left,0
1132,1133,3,6927.38,6017.74,2730.459999999999,0.703125,1132,303,BLAa,BLA,32,left,0
1133,1134,3,6929.42,6016.92,2728.8600000000006,0.67578125,1133,303,BLAa,BLA,32,left,0
1134,1135,3,6930.12,6016.9,2726.959999999999,0.78515625,1134,303,BLAa,BLA,32,left,0
1135,1136,3,6922.92,6022.14,2735.1800000000003,0.67578125,434,303,BLAa,BLA,33,left,0
1136,1137,3,6923.66,6023.84,2733.92,0.1640625,1136,303,BLAa,BLA,33,left,0
1137,1138,3,6924.48,6024.54,2732.1800000000003,0.26953125,1137,303,BLAa,BLA,33,left,0
1138,1139,3,6925.7,6025.1,2730.2800000000007,0.3515625,1138,303,BLAa,BLA,33,left,0
1139,1140,3,6927.14,6027.0,2727.8600000000006,0.43359375,1139,303,BLAa,BLA,33,left,0
1140,1141,3,6928.48,6028.44,2726.9,0.32421875,1140,303,BLAa,BLA,33,left,0
1141,1142,3,6929.96,6031.6,2725.9,0.62109375,1141,303,BLAa,BLA,33,left,0
1142,1143,3,6930.72,6034.8,2724.9,0.296875,1142,303,BLAa,BLA,33,left,0
1143,1144,3,6931.56,6036.8,2724.34,0.43359375,1143,303,BLAa,BLA,33,left,0
1144,1145,3,6931.22,6039.52,2722.7000000000007,0.1640625,1144,303,BLAa,BLA,33,left,0
1145,1146,3,6930.04,6040.38,2721.92,0.1640625,1145,303,BLAa,BLA,33,left,0
1146,1147,3,6931.7,6040.58,2722.120000000001,0.00390625,1146,303,BLAa,BLA,33,left,0
1147,1148,3,6932.62,6047.12,2721.66,0.40625,1147,303,BLAa,BLA,33,left,0
1148,1149,3,6932.84,6049.5,2721.0599999999995,0.43359375,1148,303,BLAa,BLA,33,left,0
1149,1150,3,6933.18,6052.88,2720.16,0.59765625,1149,303,BLAa,BLA,33,left,0
1150,1151,3,6932.78,6054.72,2719.540000000001,0.1640625,1150,303,BLAa,BLA,33,left,0
1151,1152,3,6931.74,6055.74,2718.5200000000004,0.32421875,1151,303,BLAa,BLA,33,left,0
1152,1153,3,6931.38,6057.98,2717.0599999999995,0.32421875,1152,303,BLAa,BLA,33,left,0
1153,1154,3,6931.6,6060.42,2715.959999999999,0.515625,1153,303,BLAa,BLA,33,left,0
1154,1155,3,6931.64,6062.96,2714.48,0.2421875,1154,303,BLAa,BLA,33,left,0
1155,1156,3,6931.06,6063.96,2713.82,0.3515625,1155,303,BLAa,BLA,33,left,0
1156,1157,3,6930.88,6065.8,2711.32,0.21484375,1156,303,BLAa,BLA,33,left,0
1157,1158,3,6931.52,6066.68,2709.6800000000003,0.19140625,1157,303,BLAa,BLA,33,left,0
1158,1159,3,6931.84,6067.3,2707.72,0.40625,1158,303,BLAa,BLA,33,left,0
1159,1160,3,6931.74,6067.6,2705.6399999999994,0.4609375,1159,303,BLAa,BLA,33,left,0
1160,1161,3,6931.9,6067.92,2702.32,0.43359375,1160,303,BLAa,BLA,33,left,0
1161,1162,3,6933.18,6068.06,2701.120000000001,0.48828125,1161,303,BLAa,BLA,33,left,0
1162,1163,3,6933.44,6068.52,2696.6399999999994,0.2421875,1162,303,BLAa,BLA,33,left,0
1163,1164,3,6933.2,6069.0,2694.2800000000007,0.40625,1163,303,BLAa,BLA,33,left,0
1164,1165,3,6932.36,6068.22,2692.48,0.2421875,1164,303,BLAa,BLA,33,left,0
1165,1166,3,6933.02,6067.62,2691.48,0.32421875,1165,303,BLAa,BLA,33,left,1
1166,1167,3,6921.42,6032.64,2748.48,0.00390625,435,303,BLAa,BLA,34,left,0
1167,1168,3,6923.14,6035.2,2749.040000000001,0.19140625,1167,303,BLAa,BLA,34,left,0
1168,1169,3,6923.78,6037.96,2749.3600000000006,0.4609375,1168,303,BLAa,BLA,34,left,0
1169,1170,3,6924.08,6040.04,2750.0599999999995,0.40625,1169,303,BLAa,BLA,34,left,0
1170,1171,3,6924.44,6042.94,2750.4400000000005,0.4609375,1170,303,BLAa,BLA,34,left,0
1171,1172,3,6925.0,6045.68,2750.58,0.54296875,1171,303,BLAa,BLA,34,left,0
1172,1173,3,6925.94,6046.6,2751.7000000000007,0.26953125,1172,303,BLAa,BLA,34,left,0
1173,1174,3,6926.82,6048.0,2753.58,0.3515625,1173,303,BLAa,BLA,34,left,0
1174,1175,3,6928.0,6049.82,2754.6399999999994,0.32421875,1174,303,BLAa,BLA,34,left,0
1175,1176,3,6929.28,6052.5,2756.5200000000004,0.37890625,1175,303,BLAa,BLA,34,left,0
1176,1177,3,6929.52,6053.5,2758.08,0.4609375,1176,303,BLAa,BLA,34,left,0
1177,1178,3,6931.04,6054.5,2760.540000000001,0.00390625,1177,303,BLAa,BLA,34,left,0
1178,1179,3,6932.28,6056.84,2761.98,0.32421875,1178,303,BLAa,BLA,34,left,0
1179,1180,3,6933.06,6059.72,2763.0,0.32421875,1179,303,BLAa,BLA,34,left,0
1180,1181,3,6934.02,6061.74,2763.8600000000006,0.48828125,1180,303,BLAa,BLA,34,left,0
1181,1182,3,6934.98,6065.1,2764.82,0.43359375,1181,303,BLAa,BLA,34,left,0
1182,1183,3,6935.84,6066.56,2765.3600000000006,0.19140625,1182,303,BLAa,BLA,34,left,0
1183,1184,3,6936.38,6069.54,2766.66,0.1640625,1183,303,BLAa,BLA,34,left,0
1184,1185,3,6937.36,6071.56,2767.6800000000003,0.21484375,1184,303,BLAa,BLA,34,left,0
1185,1186,3,6938.74,6073.66,2768.32,0.32421875,1185,303,BLAa,BLA,34,left,0
1186,1187,3,6940.02,6076.72,2768.8600000000006,0.4609375,1186,303,BLAa,BLA,34,left,0
1187,1188,3,6941.3,6078.3,2769.5,0.2421875,1187,303,BLAa,BLA,34,left,0
1188,1189,3,6942.32,6080.66,2770.82,0.32421875,1188,303,BLAa,BLA,34,left,0
1189,1190,3,6943.02,6083.02,2772.6399999999994,0.00390625,1189,303,BLAa,BLA,34,left,0
1190,1191,3,6944.44,6084.78,2773.6800000000003,0.43359375,1190,303,BLAa,BLA,34,left,0
1191,1192,3,6945.94,6086.12,2774.459999999999,0.296875,1191,303,BLAa,BLA,34,left,0
1192,1193,3,6947.76,6087.74,2775.5599999999995,0.37890625,1192,303,BLAa,BLA,34,left,0
1193,1194,3,6949.4,6089.84,2775.6800000000003,0.40625,1193,303,BLAa,BLA,34,left,0
1194,1195,3,6950.52,6091.86,2775.82,0.515625,1194,303,BLAa,BLA,34,left,0
1195,1196,3,6950.74,6093.02,2776.879999999999,0.01953125,1195,303,BLAa,BLA,34,left,0
1196,1197,3,6951.2,6096.32,2778.040000000001,0.48828125,1196,303,BLAa,BLA,34,left,0
1197,1198,3,6951.52,6098.82,2778.48,0.40625,1197,303,BLAa,BLA,34,left,0
1198,1199,3,6952.58,6101.62,2778.82,0.40625,1198,303,BLAa,BLA,34,left,0
1199,1200,3,6953.94,6102.64,2779.1000000000004,0.40625,1199,303,BLAa,BLA,34,left,0
1200,1201,3,6954.46,6104.72,2779.7800000000007,0.43359375,1200,303,BLAa,BLA,34,left,0
1201,1202,3,6955.8,6106.88,2780.1399999999994,0.32421875,1201,303,BLAa,BLA,34,left,0
1202,1203,3,6956.98,6108.72,2780.16,0.1640625,1202,303,BLAa,BLA,34,left,0
1203,1204,3,6957.48,6111.14,2781.2000000000007,0.2421875,1203,303,BLAa,BLA,34,left,0
1204,1205,3,6957.94,6113.48,2783.66,0.2421875,1204,303,BLAa,BLA,34,left,0
1205,1206,3,6958.66,6114.72,2785.3600000000006,0.43359375,1205,303,BLAa,BLA,34,left,0
1206,1207,3,6959.9,6115.7,2786.6399999999994,0.37890625,1206,303,BLAa,BLA,34,left,0
1207,1208,3,6960.9,6117.58,2787.5599999999995,0.32421875,1207,303,BLAa,BLA,34,left,0
1208,1209,3,6961.3,6120.34,2788.6399999999994,0.4609375,1208,303,BLAa,BLA,34,left,0
1209,1210,3,6961.56,6122.46,2789.0200000000004,0.26953125,1209,303,BLAa,BLA,34,left,0
1210,1211,3,6960.26,6124.14,2790.040000000001,0.21484375,1210,303,BLAa,BLA,34,left,0
1211,1212,3,6959.02,6125.0,2791.120000000001,0.32421875,1211,303,BLAa,BLA,34,left,0
1212,1213,3,6959.12,6126.94,2792.879999999999,0.26953125,1212,303,BLAa,BLA,34,left,0
1213,1214,3,6959.44,6129.12,2793.7000000000007,0.26953125,1213,303,BLAa,BLA,34,left,0
1214,1215,3,6958.88,6131.82,2794.8600000000006,0.21484375,1214,303,BLAa,BLA,34,left,0
1215,1216,3,6959.32,6135.16,2797.24,0.5703125,1215,334,BMAp,BMA,34,left,0
1216,1217,3,6959.6,6136.9,2798.3,0.1640625,1216,334,BMAp,BMA,34,left,0
1217,1218,3,6959.94,6138.96,2800.6800000000003,0.2421875,1217,334,BMAp,BMA,34,left,0
1218,1219,3,6959.56,6139.94,2802.459999999999,0.37890625,1218,334,BMAp,BMA,34,left,0
1219,1220,3,6959.5,6141.64,2803.72,0.1640625,1219,334,BMAp,BMA,34,left,0
1220,1221,3,6959.64,6145.52,2805.879999999999,0.296875,1220,334,BMAp,BMA,34,left,0
1221,1222,3,6958.62,6148.34,2806.98,0.37890625,1221,334,BMAp,BMA,34,left,0
1222,1223,3,6958.42,6150.74,2807.8600000000006,0.59765625,1222,334,BMAp,BMA,34,left,0
1223,1224,3,6957.42,6152.46,2808.1399999999994,0.37890625,1223,334,BMAp,BMA,34,left,0
1224,1225,3,6957.22,6155.06,2809.459999999999,0.40625,1224,334,BMAp,BMA,34,left,0
1225,1226,3,6957.68,6158.08,2810.620000000001,0.26953125,1225,334,BMAp,BMA,34,left,0
1226,1227,3,6958.04,6160.86,2810.98,0.4609375,1226,334,BMAp,BMA,34,left,0
1227,1228,3,6958.1,6162.78,2811.08,0.3515625,1227,334,BMAp,BMA,34,left,0
1228,1229,3,6957.22,6163.16,2811.0200000000004,0.32421875,1228,334,BMAp,BMA,34,left,0
1229,1230,3,6958.24,6164.88,2811.0,0.21484375,1229,334,BMAp,BMA,34,left,0
1230,1231,3,6958.52,6167.24,2811.72,0.32421875,1230,334,BMAp,BMA,34,left,0
1231,1232,3,6957.4,6168.08,2811.76,0.2421875,1231,334,BMAp,BMA,34,left,1
1232,1233,3,6920.92,6028.76,2747.32,0.32421875,435,303,BLAa,BLA,35,left,0
1233,1234,3,6923.52,6027.14,2746.42,0.32421875,1233,303,BLAa,BLA,35,left,0
1234,1235,3,6925.04,6026.22,2746.0,0.26953125,1234,303,BLAa,BLA,35,left,0
1235,1236,3,6927.74,6024.54,2745.9,0.19140625,1235,303,BLAa,BLA,35,left,0
1236,1237,3,6929.36,6022.76,2745.7000000000007,0.4609375,1236,303,BLAa,BLA,35,left,0
1237,1238,3,6930.62,6020.72,2745.6399999999994,0.32421875,1237,303,BLAa,BLA,35,left,0
1238,1239,3,6932.26,6018.8,2746.5599999999995,0.01171875,1238,303,BLAa,BLA,35,left,0
1239,1240,3,6933.56,6016.72,2747.24,0.26953125,1239,303,BLAa,BLA,35,left,0
1240,1241,3,6935.08,6015.18,2747.6000000000004,0.43359375,1240,303,BLAa,BLA,35,left,0
1241,1242,3,6936.32,6013.72,2748.34,0.3515625,1241,303,BLAa,BLA,35,left,0
1242,1243,3,6938.64,6012.6,2749.74,0.32421875,1242,303,BLAa,BLA,35,left,0
1243,1244,3,6940.02,6011.86,2750.620000000001,0.3515625,1243,303,BLAa,BLA,35,left,0
1244,1245,3,6941.68,6011.26,2751.26,0.32421875,1244,303,BLAa,BLA,35,left,0
1245,1246,3,6943.34,6010.78,2752.2800000000007,0.1640625,1245,303,BLAa,BLA,35,left,0
1246,1247,3,6945.54,6010.44,2754.120000000001,0.21484375,1246,303,BLAa,BLA,35,left,0
1247,1248,3,6947.02,6009.98,2756.6000000000004,0.2421875,1247,303,BLAa,BLA,35,left,0
1248,1249,3,6948.18,6010.0,2758.5200000000004,0.48828125,1248,303,BLAa,BLA,35,left,0
1249,1250,3,6949.42,6009.8,2760.959999999999,0.21484375,1249,303,BLAa,BLA,35,left,0
1250,1251,3,6950.88,6009.16,2762.8,0.4609375,1250,303,BLAa,BLA,35,left,0
1251,1252,3,6952.82,6008.3,2764.2000000000007,0.40625,1251,303,BLAa,BLA,35,left,0
1252,1253,3,6953.54,6007.92,2765.4,0.1640625,1252,303,BLAa,BLA,35,left,0
1253,1254,3,6955.32,6007.84,2766.879999999999,0.37890625,1253,303,BLAa,BLA,35,left,0
1254,1255,3,6956.66,6008.32,2768.120000000001,0.48828125,1254,303,BLAa,BLA,35,left,0
1255,1256,3,6958.3,6008.42,2769.66,0.4609375,1255,303,BLAa,BLA,35,left,0
1256,1257,3,6959.76,6009.46,2771.22,0.296875,1256,303,BLAa,BLA,35,left,0
1257,1258,3,6961.18,6010.66,2772.5200000000004,0.296875,1257,303,BLAa,BLA,35,left,0
1258,1259,3,6962.5,6011.84,2774.16,0.1640625,1258,303,BLAa,BLA,35,left,0
1259,1260,3,6963.64,6011.92,2775.24,0.32421875,1259,303,BLAa,BLA,35,left,0
1260,1261,3,6965.8,6012.16,2776.16,0.4609375,1260,303,BLAa,BLA,35,left,0
1261,1262,3,6967.46,6013.08,2777.42,0.40625,1261,303,BLAa,BLA,35,left,0
1262,1263,3,6969.04,6014.64,2779.42,0.54296875,1262,303,BLAa,BLA,35,left,0
1263,1264,3,6970.2,6015.94,2780.8,0.4609375,1263,303,BLAa,BLA,35,left,0
1264,1265,3,6970.72,6016.58,2782.72,0.01171875,1264,303,BLAa,BLA,35,left,0
1265,1266,3,6971.54,6017.04,2785.76,0.21484375,1265,303,BLAa,BLA,35,left,0
1266,1267,3,6972.72,6017.06,2787.6000000000004,0.48828125,1266,303,BLAa,BLA,35,left,0
1267,1268,3,6974.56,6016.96,2788.379999999999,0.296875,1267,303,BLAa,BLA,35,left,0
1268,1269,3,6975.76,6017.8,2789.48,0.32421875,1268,303,BLAa,BLA,35,left,0
1269,1270,3,6976.1,6019.66,2791.1000000000004,0.296875,1269,303,BLAa,BLA,35,left,0
1270,1271,3,6976.62,6022.68,2793.1399999999994,0.32421875,1270,303,BLAa,BLA,35,left,0
1271,1272,3,6976.88,6024.3,2794.0200000000004,0.62109375,1271,303,BLAa,BLA,35,left,0
1272,1273,3,6977.26,6026.2,2795.8600000000006,0.296875,1272,303,BLAa,BLA,35,left,0
1273,1274,3,6978.08,6028.84,2798.26,0.296875,1273,303,BLAa,BLA,35,left,0
1274,1275,3,6979.06,6030.58,2799.6800000000003,0.2421875,1274,303,BLAa,BLA,35,left,0
1275,1276,3,6980.16,6033.3,2801.5,0.3515625,1275,303,BLAa,BLA,35,left,0
1276,1277,3,6981.3,6034.2,2802.7800000000007,0.32421875,1276,303,BLAa,BLA,35,left,0
1277,1278,3,6983.02,6035.34,2804.0599999999995,0.43359375,1277,303,BLAa,BLA,35,left,0
1278,1279,3,6983.68,6037.36,2805.22,0.54296875,1278,303,BLAa,BLA,35,left,0
1279,1280,3,6984.28,6040.76,2807.32,0.1640625,1279,303,BLAa,BLA,35,left,0
1280,1281,3,6985.14,6041.76,2808.6000000000004,0.5703125,1280,303,BLAa,BLA,35,left,0
1281,1282,3,6986.48,6043.64,2811.0,0.54296875,1281,303,BLAa,BLA,35,left,0
1282,1283,3,6988.32,6044.94,2812.8,0.515625,1282,303,BLAa,BLA,35,left,0
1283,1284,3,6989.72,6046.38,2814.22,0.2421875,1283,303,BLAa,BLA,35,left,0
1284,1285,3,6991.6,6046.94,2815.98,0.1640625,1284,303,BLAa,BLA,35,left,0
1285,1286,3,6993.34,6047.14,2817.08,0.6484375,1285,303,BLAa,BLA,35,left,0
1286,1287,3,6994.94,6047.04,2818.4400000000005,0.43359375,1286,303,BLAa,BLA,35,left,0
1287,1288,3,6995.82,6047.16,2820.32,0.5703125,1287,303,BLAa,BLA,35,left,0
1288,1289,3,6996.38,6047.72,2822.0200000000004,0.43359375,1288,303,BLAa,BLA,35,left,0
1289,1290,3,6997.68,6047.9,2823.24,0.43359375,1289,303,BLAa,BLA,35,left,0
1290,1291,3,6998.7,6047.88,2827.3,0.32421875,1290,303,BLAa,BLA,35,left,0
1291,1292,3,6999.46,6047.86,2829.42,0.21484375,1291,303,BLAa,BLA,35,left,0
1292,1293,3,7000.36,6047.84,2832.24,0.40625,1292,303,BLAa,BLA,35,left,0
1293,1294,3,7001.14,6047.78,2832.879999999999,0.8125,1293,303,BLAa,BLA,35,left,0
1294,1295,3,7001.66,6047.94,2836.4,0.2421875,1294,703,CTXsp,CTXsp,35,left,0
1295,1296,3,7002.34,6048.3,2838.74,0.26953125,1295,703,CTXsp,CTXsp,35,left,0
1296,1297,3,7003.08,6048.8,2839.8,0.3515625,1296,703,CTXsp,CTXsp,35,left,0
1297,1298,3,7003.84,6049.82,2845.459999999999,0.37890625,1297,334,BMAp,BMA,35,left,0
1298,1299,3,7004.62,6049.78,2846.4,0.26953125,1298,334,BMAp,BMA,35,left,0
1299,1300,3,7005.08,6049.9,2848.26,0.01171875,1299,334,BMAp,BMA,35,left,0
1300,1301,3,7005.38,6050.68,2850.24,0.2421875,1300,334,BMAp,BMA,35,left,0
1301,1302,3,7005.98,6051.28,2853.0,0.32421875,1301,334,BMAp,BMA,35,left,0
1302,1303,3,7007.52,6051.34,2854.2000000000007,0.3515625,1302,334,BMAp,BMA,35,left,0
1303,1304,3,7009.46,6052.26,2855.379999999999,0.48828125,1303,334,BMAp,BMA,35,left,0
1304,1305,3,7011.04,6052.92,2856.76,0.21484375,1304,334,BMAp,BMA,35,left,0
1305,1306,3,7011.88,6053.78,2858.5,0.2421875,1305,334,BMAp,BMA,35,left,0
1306,1307,3,7012.42,6055.4,2860.34,0.3515625,1306,334,BMAp,BMA,35,left,0
1307,1308,3,7013.24,6055.84,2861.4,0.32421875,1307,334,BMAp,BMA,35,left,1
1613,1614,3,6952.2,6082.8,2807.48,0.00390625,1044,303,BLAa,BLA,44,left,0
1614,1615,3,6954.94,6084.14,2807.3600000000006,0.1640625,1614,303,BLAa,BLA,44,left,0
1615,1616,3,6956.08,6085.48,2807.5,0.1640625,1615,303,BLAa,BLA,44,left,0
1616,1617,3,6957.88,6087.68,2807.7000000000007,0.32421875,1616,303,BLAa,BLA,44,left,0
1617,1618,3,6958.7,6089.54,2808.0200000000004,0.32421875,1617,303,BLAa,BLA,44,left,0
1618,1619,3,6960.18,6089.9,2808.0599999999995,0.32421875,1618,303,BLAa,BLA,44,left,0
1619,1620,3,6961.96,6090.58,2807.879999999999,0.48828125,1619,303,BLAa,BLA,44,left,0
1620,1621,3,6963.54,6091.68,2807.6000000000004,0.32421875,1620,303,BLAa,BLA,44,left,0
1621,1622,3,6966.5,6093.2,2807.24,0.43359375,1621,303,BLAa,BLA,44,left,0
1622,1623,3,6967.8,6093.76,2806.7800000000007,0.21484375,1622,303,BLAa,BLA,44,left,0
1623,1624,3,6969.58,6095.0,2806.42,0.1640625,1623,303,BLAa,BLA,44,left,0
1624,1625,3,6971.42,6095.5,2805.620000000001,0.26953125,1624,303,BLAa,BLA,44,left,0
1625,1626,3,6972.14,6096.48,2804.74,0.48828125,1625,303,BLAa,BLA,44,left,0
1626,1627,3,6974.1,6098.7,2803.92,0.48828125,1626,303,BLAa,BLA,44,left,0
1627,1628,3,6975.58,6100.54,2802.92,0.1640625,1627,303,BLAa,BLA,44,left,0
1628,1629,3,6977.38,6102.08,2802.08,0.2421875,1628,303,BLAa,BLA,44,left,0
1629,1630,3,6978.46,6102.88,2801.26,0.40625,1629,303,BLAa,BLA,44,left,1
1630,1631,3,6950.24,6084.3,2809.22,0.00390625,1044,303,BLAa,BLA,45,left,0
1631,1632,3,6950.98,6088.64,2810.5599999999995,0.48828125,1631,303,BLAa,BLA,45,left,0
1632,1633,3,6951.92,6090.54,2811.66,0.5703125,1632,303,BLAa,BLA,45,left,0
1633,1634,3,6952.7,6093.48,2813.379999999999,0.59765625,1633,303,BLAa,BLA,45,left,0
1634,1635,3,6953.0,6095.34,2814.34,0.54296875,1634,303,BLAa,BLA,45,left,0
1635,1636,3,6953.7,6097.16,2815.8,0.4609375,1635,703,CTXsp,CTXsp,45,left,0
1636,1637,3,6954.56,6098.64,2816.6399999999994,0.43359375,1636,703,CTXsp,CTXsp,45,left,0
1637,1638,3,6954.98,6100.32,2818.3,0.26953125,1637,703,CTXsp,CTXsp,45,left,0
1638,1639,3,6955.42,6100.36,2819.4,0.43359375,1638,334,BMAp,BMA,45,left,0
1639,1640,3,6957.06,6101.04,2820.2800000000007,0.1640625,1639,334,BMAp,BMA,45,left,0
1640,1641,3,6958.4,6102.98,2821.24,0.54296875,1640,334,BMAp,BMA,45,left,0
1641,1642,3,6959.9,6105.52,2822.959999999999,0.296875,1641,334,BMAp,BMA,45,left,0
1642,1643,3,6960.88,6107.14,2823.879999999999,0.43359375,1642,334,BMAp,BMA,45,left,0
1643,1644,3,6962.48,6107.72,2824.48,0.32421875,1643,334,BMAp,BMA,45,left,0
1644,1645,3,6963.48,6109.56,2825.34,0.32421875,1644,334,BMAp,BMA,45,left,0
1645,1646,3,6965.66,6112.4,2826.379999999999,0.48828125,1645,334,BMAp,BMA,45,left,0
1646,1647,3,6967.16,6113.82,2827.74,0.21484375,1646,334,BMAp,BMA,45,left,0
1647,1648,3,6969.08,6116.04,2831.0200000000004,0.4609375,1647,334,BMAp,BMA,45,left,0
1648,1649,3,6970.0,6116.56,2833.0200000000004,0.32421875,1648,334,BMAp,BMA,45,left,0
1649,1650,3,6970.24,6116.76,2834.959999999999,0.00390625,1649,334,BMAp,BMA,45,left,1
1650,1651,3,6932.4,6015.78,2724.84,0.00390625,1135,303,BLAa,BLA,46,left,0
1651,1652,3,6933.6,6015.12,2723.34,0.37890625,1651,303,BLAa,BLA,46,left,0
1652,1653,3,6935.9,6014.56,2721.58,0.703125,1652,303,BLAa,BLA,46,left,0
1653,1654,3,6937.6,6014.08,2720.5,0.7578125,1653,303,BLAa,BLA,46,left,0
1654,1655,3,6939.2,6012.68,2719.1800000000003,0.26953125,1654,303,BLAa,BLA,46,left,0
1655,1656,3,6940.68,6011.32,2718.459999999999,0.296875,1655,303,BLAa,BLA,46,left,0
1656,1657,3,6942.38,6010.06,2717.620000000001,0.515625,1656,303,BLAa,BLA,46,left,0
1657,1658,3,6943.44,6009.68,2716.459999999999,0.37890625,1657,303,BLAa,BLA,46,left,0
1658,1659,3,6944.74,6009.44,2714.879999999999,0.3515625,1658,303,BLAa,BLA,46,left,0
1659,1660,3,6945.46,6008.92,2712.8600000000006,0.3515625,1659,303,BLAa,BLA,46,left,0
1660,1661,3,6946.62,6008.0,2710.879999999999,0.43359375,1660,303,BLAa,BLA,46,left,0
1661,1662,3,6947.28,6006.86,2709.6800000000003,0.19140625,1661,303,BLAa,BLA,46,left,0
1662,1663,3,6947.52,6005.72,2707.959999999999,0.54296875,1662,303,BLAa,BLA,46,left,0
1663,1664,3,6948.1,6005.04,2706.379999999999,0.515625,1663,303,BLAa,BLA,46,left,0
1664,1665,3,6948.42,6003.3,2705.1800000000003,0.32421875,1664,303,BLAa,BLA,46,left,0
1665,1666,3,6948.86,6001.54,2704.74,0.59765625,1665,303,BLAa,BLA,46,left,0
1666,1667,3,6950.02,5999.98,2703.26,0.48828125,1666,303,BLAa,BLA,46,left,0
1667,1668,3,6951.38,5999.3,2702.48,0.32421875,1667,303,BLAa,BLA,46,left,0
1668,1669,3,6952.42,5998.3,2700.5200000000004,0.00390625,1668,303,BLAa,BLA,46,left,0
1669,1670,3,6953.96,5997.36,2698.5599999999995,0.19140625,1669,303,BLAa,BLA,46,left,0
1670,1671,3,6954.94,5995.96,2697.3,0.296875,1670,303,BLAa,BLA,46,left,0
1671,1672,3,6956.1,5994.4,2696.08,0.4609375,1671,303,BLAa,BLA,46,left,0
1672,1673,3,6957.26,5993.42,2694.459999999999,0.62109375,1672,303,BLAa,BLA,46,left,0
1673,1674,3,6957.86,5991.98,2693.379999999999,0.703125,1673,303,BLAa,BLA,46,left,0
1674,1675,3,6958.98,5990.28,2691.9,0.32421875,1674,303,BLAa,BLA,46,left,0
1675,1676,3,6960.04,5989.32,2690.4400000000005,0.5703125,1675,303,BLAa,BLA,46,left,0
1676,1677,3,6961.46,5987.7,2688.959999999999,0.62109375,1676,303,BLAa,BLA,46,left,0
1677,1678,3,6962.1,5986.92,2687.6000000000004,0.48828125,1677,303,BLAa,BLA,46,left,0
1678,1679,3,6963.26,5985.7,2686.5,0.67578125,1678,303,BLAa,BLA,46,left,0
1679,1680,3,6964.12,5984.34,2685.5200000000004,0.3515625,1679,303,BLAa,BLA,46,left,0
1680,1681,3,6965.22,5981.92,2684.4400000000005,0.32421875,1680,303,BLAa,BLA,46,left,0
1681,1682,3,6966.12,5980.44,2683.8600000000006,0.26953125,1681,303,BLAa,BLA,46,left,0
1682,1683,3,6967.28,5978.86,2683.120000000001,0.3515625,1682,303,BLAa,BLA,46,left,0
1683,1684,3,6968.02,5978.2,2681.82,0.296875,1683,303,BLAa,BLA,46,left,0
1684,1685,3,6969.18,5977.04,2680.6800000000003,0.515625,1684,303,BLAa,BLA,46,left,0
1685,1686,3,6970.14,5976.14,2680.1000000000004,0.59765625,1685,303,BLAa,BLA,46,left,0
1686,1687,3,6970.52,5974.36,2678.76,0.19140625,1686,303,BLAa,BLA,46,left,0
1687,1688,3,6971.38,5972.52,2677.5200000000004,0.37890625,1687,303,BLAa,BLA,46,left,0
1688,1689,3,6971.5,5970.74,2675.879999999999,0.43359375,1688,303,BLAa,BLA,46,left,0
1689,1690,3,6973.18,5968.94,2674.58,0.37890625,1689,303,BLAa,BLA,46,left,0
1690,1691,3,6973.02,5967.26,2672.9400000000005,0.3515625,1690,303,BLAa,BLA,46,left,0
1691,1692,3,6973.26,5966.22,2670.74,0.32421875,1691,303,BLAa,BLA,46,left,0
1692,1693,3,6973.8,5965.72,2668.6000000000004,0.43359375,1692,303,BLAa,BLA,46,left,0
1693,1694,3,6974.46,5963.96,2666.7800000000007,0.48828125,1693,303,BLAa,BLA,46,left,0
1694,1695,3,6975.32,5962.22,2665.379999999999,0.26953125,1694,303,BLAa,BLA,46,left,0
1695,1696,3,6975.94,5960.86,2664.82,0.48828125,1695,303,BLAa,BLA,46,left,0
1696,1697,3,6975.64,5958.3,2663.7800000000007,0.296875,1696,303,BLAa,BLA,46,left,0
1697,1698,3,6975.46,5956.64,2662.5,0.43359375,1697,303,BLAa,BLA,46,left,0
1698,1699,3,6976.48,5955.86,2661.42,0.2421875,1698,303,BLAa,BLA,46,left,0
1699,1700,3,6978.02,5955.2,2659.8,0.32421875,1699,303,BLAa,BLA,46,left,0
1700,1701,3,6978.6,5954.5,2658.48,0.3515625,1700,303,BLAa,BLA,46,left,0
1701,1702,3,6979.34,5953.92,2656.5200000000004,0.43359375,1701,303,BLAa,BLA,46,left,0
1702,1703,3,6979.8,5953.24,2655.48,0.54296875,1702,303,BLAa,BLA,46,left,0
1703,1704,3,6979.54,5951.72,2652.9,0.32421875,1703,303,BLAa,BLA,46,left,0
1704,1705,3,6979.5,5950.88,2651.16,0.48828125,1704,303,BLAa,BLA,46,left,0
1705,1706,3,6980.38,5949.32,2650.22,0.43359375,1705,303,BLAa,BLA,46,left,0
1706,1707,3,6981.28,5947.64,2649.040000000001,0.4609375,1706,303,BLAa,BLA,46,left,0
1707,1708,3,6982.02,5945.84,2648.1800000000003,0.32421875,1707,303,BLAa,BLA,46,left,0
1708,1709,3,6983.2,5943.64,2647.1000000000004,0.37890625,1708,303,BLAa,BLA,46,left,0
1709,1710,3,6984.9,5940.62,2645.9,0.2421875,1709,303,BLAa,BLA,46,left,0
1710,1711,3,6986.04,5939.66,2645.3600000000006,0.26953125,1710,303,BLAa,BLA,46,left,0
1711,1712,3,6987.46,5937.68,2644.48,0.32421875,1711,303,BLAa,BLA,46,left,0
1712,1713,3,6988.7,5936.4,2643.76,0.26953125,1712,303,BLAa,BLA,46,left,0
1713,1714,3,6989.62,5935.38,2642.32,0.37890625,1713,303,BLAa,BLA,46,left,0
1714,1715,3,6990.96,5933.48,2639.84,0.2421875,1714,303,BLAa,BLA,46,left,0
1715,1716,3,6992.02,5932.48,2638.6800000000003,0.296875,1715,303,BLAa,BLA,46,left,0
1716,1717,3,6992.22,5931.66,2637.26,0.01171875,1716,303,BLAa,BLA,46,left,0
1717,1718,3,6992.1,5930.9,2635.1800000000003,0.2421875,1717,303,BLAa,BLA,46,left,0
1718,1719,3,6992.62,5930.68,2633.6800000000003,0.32421875,1718,303,BLAa,BLA,46,left,0
1719,1720,3,6993.02,5930.62,2630.58,0.515625,1719,303,BLAa,BLA,46,left,0
1720,1721,3,6994.16,5929.58,2629.7800000000007,0.59765625,1720,303,BLAa,BLA,46,left,0
1721,1722,3,6995.32,5927.76,2628.3,0.78515625,1721,303,BLAa,BLA,46,left,0
1722,1723,3,6996.16,5927.44,2626.5200000000004,0.37890625,1722,303,BLAa,BLA,46,left,0
1723,1724,3,6997.26,5926.94,2625.6800000000003,0.62109375,1723,303,BLAa,BLA,46,left,0
1724,1725,3,6997.14,5925.76,2623.2800000000007,0.26953125,1724,303,BLAa,BLA,46,left,0
1725,1726,3,6997.02,5924.56,2621.16,0.40625,1725,303,BLAa,BLA,46,left,0
1726,1727,3,6997.78,5924.4,2620.32,0.3515625,1726,303,BLAa,BLA,46,left,0
1727,1728,3,6997.82,5923.56,2618.540000000001,0.43359375,1727,303,BLAa,BLA,46,left,0
1728,1729,3,6998.66,5922.36,2617.34,0.515625,1728,303,BLAa,BLA,46,left,0
1729,1730,3,6999.7,5920.94,2615.5599999999995,0.3515625,1729,303,BLAa,BLA,46,left,0
1730,1731,3,7000.3,5919.2,2614.58,0.32421875,1730,303,BLAa,BLA,46,left,0
1731,1732,3,7001.7,5917.48,2612.8,0.48828125,1731,303,BLAa,BLA,46,left,0
1732,1733,3,7002.6,5916.92,2610.66,0.40625,1732,303,BLAa,BLA,46,left,0
1733,1734,3,7003.26,5916.06,2609.4,0.26953125,1733,303,BLAa,BLA,46,left,0
1734,1735,3,7003.78,5914.8,2607.6000000000004,0.32421875,1734,303,BLAa,BLA,46,left,0
1735,1736,3,7004.66,5913.42,2606.3600000000006,0.1640625,1735,303,BLAa,BLA,46,left,0
1736,1737,3,7005.3,5912.16,2604.459999999999,0.40625,1736,303,BLAa,BLA,46,left,0
1737,1738,3,7006.52,5911.6,2603.34,0.40625,1737,303,BLAa,BLA,46,left,0
1738,1739,3,7007.86,5910.54,2601.5,0.4609375,1738,303,BLAa,BLA,46,left,0
1739,1740,3,7008.74,5909.6,2600.4,0.515625,1739,303,BLAa,BLA,46,left,0
1740,1741,3,7010.16,5908.96,2598.5,0.00390625,1740,303,BLAa,BLA,46,left,0
1741,1742,3,7011.42,5908.34,2597.32,0.43359375,1741,303,BLAa,BLA,46,left,0
1742,1743,3,7011.98,5907.24,2595.1800000000003,0.1640625,1742,303,BLAa,BLA,46,left,0
1743,1744,3,7013.22,5905.74,2593.4,0.296875,1743,303,BLAa,BLA,46,left,0
1744,1745,3,7013.78,5904.4,2591.76,0.37890625,1744,303,BLAa,BLA,46,left,0
1745,1746,3,7014.16,5904.04,2589.42,0.40625,1745,303,BLAa,BLA,46,left,0
1746,1747,3,7015.08,5903.76,2588.1800000000003,0.21484375,1746,303,BLAa,BLA,46,left,0
1747,1748,3,7016.88,5903.06,2585.74,0.4609375,1747,303,BLAa,BLA,46,left,0
1748,1749,3,7018.38,5902.06,2584.08,0.19140625,1748,303,BLAa,BLA,46,left,0
1749,1750,3,7019.06,5901.38,2582.92,0.4609375,1749,303,BLAa,BLA,46,left,0
1750,1751,3,7020.96,5900.14,2582.2800000000007,0.48828125,1750,303,BLAa,BLA,46,left,0
1751,1752,3,7022.08,5898.44,2581.5200000000004,0.32421875,1751,303,BLAa,BLA,46,left,0
1752,1753,3,7023.54,5896.38,2580.7800000000007,0.37890625,1752,303,BLAa,BLA,46,left,0
1753,1754,3,7024.7,5894.86,2579.82,0.26953125,1753,303,BLAa,BLA,46,left,0
1754,1755,3,7025.82,5893.46,2577.5,0.37890625,1754,303,BLAa,BLA,46,left,0
1755,1756,3,7026.36,5893.0,2575.379999999999,0.1640625,1755,303,BLAa,BLA,46,left,0
1756,1757,3,7026.78,5892.18,2572.9,0.3515625,1756,303,BLAa,BLA,46,left,0
1757,1758,3,7027.54,5890.76,2571.540000000001,0.3515625,1757,303,BLAa,BLA,46,left,0
1758,1759,3,7027.98,5888.9,2570.6399999999994,0.3515625,1758,303,BLAa,BLA,46,left,0
1759,1760,3,7028.36,5886.92,2569.5599999999995,0.1640625,1759,303,BLAa,BLA,46,left,0
1760,1761,3,7029.18,5885.34,2568.84,0.26953125,1760,303,BLAa,BLA,46,left,0
1761,1762,3,7030.38,5883.82,2568.26,0.32421875,1761,303,BLAa,BLA,46,left,0
1762,1763,3,7030.58,5881.52,2567.1399999999994,0.32421875,1762,303,BLAa,BLA,46,left,0
1763,1764,3,7031.26,5879.78,2566.3,0.2421875,1763,303,BLAa,BLA,46,left,0
1764,1765,3,7032.48,5877.18,2565.92,0.3515625,1764,303,BLAa,BLA,46,left,0
1765,1766,3,7033.38,5875.06,2565.0200000000004,0.32421875,1765,303,BLAa,BLA,46,left,0
1766,1767,3,7035.68,5872.3,2562.8,0.1640625,1766,303,BLAa,BLA,46,left,0
1767,1768,3,7036.5,5870.48,2562.22,0.1640625,1767,303,BLAa,BLA,46,left,0
1768,1769,3,7037.88,5867.88,2561.379999999999,0.48828125,1768,303,BLAa,BLA,46,left,0
1769,1770,3,7039.02,5866.1,2560.6399999999994,0.2421875,1769,303,BLAa,BLA,46,left,0
1770,1771,3,7040.18,5864.42,2559.459999999999,0.32421875,1770,303,BLAa,BLA,46,left,0
1771,1772,3,7041.46,5862.94,2558.620000000001,0.19140625,1771,303,BLAa,BLA,46,left,0
1772,1773,3,7042.9,5860.78,2557.9400000000005,0.2421875,1772,303,BLAa,BLA,46,left,0
1773,1774,3,7043.9,5859.54,2557.0200000000004,0.21484375,1773,303,BLAa,BLA,46,left,0
1774,1775,3,7044.84,5857.18,2555.5599999999995,0.32421875,1774,303,BLAa,BLA,46,left,0
1775,1776,3,7045.2,5855.32,2554.22,0.296875,1775,303,BLAa,BLA,46,left,0
1776,1777,3,7045.1,5852.96,2552.6399999999994,0.21484375,1776,303,BLAa,BLA,46,left,0
1777,1778,3,7045.7,5851.84,2552.2000000000007,0.32421875,1777,303,BLAa,BLA,46,left,0
1778,1779,3,7045.52,5849.96,2551.34,0.32421875,1778,303,BLAa,BLA,46,left,0
1779,1780,3,7045.32,5846.56,2549.6800000000003,0.32421875,1779,303,BLAa,BLA,46,left,0
1780,1781,3,7045.66,5844.9,2549.0,0.32421875,1780,303,BLAa,BLA,46,left,0
1781,1782,3,7046.56,5842.16,2548.34,0.00390625,1781,303,BLAa,BLA,46,left,0
1782,1783,3,7047.76,5839.44,2547.3600000000006,0.32421875,1782,303,BLAa,BLA,46,left,0
1783,1784,3,7048.82,5836.38,2546.34,0.296875,1783,303,BLAa,BLA,46,left,0
1784,1785,3,7050.08,5834.48,2545.72,0.40625,1784,303,BLAa,BLA,46,left,0
1785,1786,3,7050.32,5832.08,2545.459999999999,0.48828125,1785,303,BLAa,BLA,46,left,0
1786,1787,3,7051.16,5831.12,2545.3600000000006,0.32421875,1786,303,BLAa,BLA,46,left,0
1787,1788,3,7051.76,5828.48,2545.48,0.21484375,1787,303,BLAa,BLA,46,left,0
1788,1789,3,7051.5,5826.06,2545.24,0.1640625,1788,303,BLAa,BLA,46,left,0
1789,1790,3,7052.04,5824.5,2544.66,0.48828125,1789,303,BLAa,BLA,46,left,0
1790,1791,3,7052.16,5822.22,2543.5,0.37890625,1790,303,BLAa,BLA,46,left,0
1791,1792,3,7052.6,5820.4,2542.66,0.48828125,1791,303,BLAa,BLA,46,left,0
1792,1793,3,7053.18,5818.02,2542.0,0.40625,1792,303,BLAa,BLA,46,left,0
1793,1794,3,7052.86,5815.5,2541.5200000000004,0.1640625,1793,303,BLAa,BLA,46,left,0
1794,1795,3,7052.86,5812.68,2540.0,0.296875,1794,303,BLAa,BLA,46,left,0
1795,1796,3,7053.06,5811.36,2538.879999999999,0.40625,1795,303,BLAa,BLA,46,left,0
1796,1797,3,7051.98,5810.24,2537.6000000000004,0.32421875,1796,303,BLAa,BLA,46,left,0
1797,1798,3,7051.58,5808.4,2537.0,0.2421875,1797,303,BLAa,BLA,46,left,0
1798,1799,3,7051.06,5805.3,2535.98,0.48828125,1798,303,BLAa,BLA,46,left,0
1799,1800,3,7050.76,5802.3,2535.24,0.32421875,1799,303,BLAa,BLA,46,left,0
1800,1801,3,7051.56,5800.58,2534.76,0.1640625,1800,303,BLAa,BLA,46,left,0
1801,1802,3,7052.12,5798.52,2534.5,0.4609375,1801,303,BLAa,BLA,46,left,0
1802,1803,3,7052.24,5794.96,2533.5,0.59765625,1802,303,BLAa,BLA,46,left,1
1803,1804,3,6931.1,6014.18,2727.1399999999994,0.00390625,1135,303,BLAa,BLA,47,left,0
1804,1805,3,6932.66,6012.48,2727.040000000001,0.40625,1804,303,BLAa,BLA,47,left,0
1805,1806,3,6933.3,6010.32,2726.6800000000003,0.3515625,1805,303,BLAa,BLA,47,left,0
1806,1807,3,6934.1,6008.44,2726.120000000001,0.4609375,1806,303,BLAa,BLA,47,left,0
1807,1808,3,6935.38,6006.8,2725.8600000000006,0.19140625,1807,303,BLAa,BLA,47,left,0
1808,1809,3,6936.9,6004.84,2725.5599999999995,0.3515625,1808,303,BLAa,BLA,47,left,0
1809,1810,3,6937.98,6002.82,2725.620000000001,0.32421875,1809,303,BLAa,BLA,47,left,0
1810,1811,3,6939.44,6000.94,2725.6000000000004,0.40625,1810,303,BLAa,BLA,47,left,0
1811,1812,3,6940.7,5998.66,2724.98,0.1640625,1811,303,BLAa,BLA,47,left,0
1812,1813,3,6941.8,5996.3,2724.7000000000007,0.4609375,1812,303,BLAa,BLA,47,left,0
1813,1814,3,6941.86,5994.08,2724.2800000000007,0.62109375,1813,303,BLAa,BLA,47,left,0
1814,1815,3,6942.52,5992.22,2723.379999999999,0.48828125,1814,303,BLAa,BLA,47,left,0
1815,1816,3,6942.82,5990.36,2723.34,0.32421875,1815,303,BLAa,BLA,47,left,0
1816,1817,3,6943.84,5988.0,2723.2800000000007,0.26953125,1816,303,BLAa,BLA,47,left,0
1817,1818,3,6944.9,5985.82,2723.1000000000004,0.37890625,1817,303,BLAa,BLA,47,left,0
1818,1819,3,6946.04,5985.14,2722.72,0.32421875,1818,303,BLAa,BLA,47,left,0
1819,1820,3,6945.68,5982.06,2722.92,0.515625,1819,303,BLAa,BLA,47,left,0
1820,1821,3,6946.54,5980.6,2722.66,0.40625,1820,303,BLAa,BLA,47,left,0
1821,1822,3,6948.12,5978.92,2722.6000000000004,0.32421875,1821,303,BLAa,BLA,47,left,0
1822,1823,3,6949.82,5976.92,2722.42,0.26953125,1822,303,BLAa,BLA,47,left,0
1823,1824,3,6950.62,5976.16,2721.92,0.48828125,1823,303,BLAa,BLA,47,left,0
1824,1825,3,6952.34,5973.62,2721.76,0.2421875,1824,303,BLAa,BLA,47,left,0
1825,1826,3,6953.68,5972.22,2721.620000000001,0.3515625,1825,303,BLAa,BLA,47,left,0
1826,1827,3,6954.68,5970.72,2721.48,0.19140625,1826,303,BLAa,BLA,47,left,0
1827,1828,3,6955.5,5968.38,2721.26,0.32421875,1827,303,BLAa,BLA,47,left,0
1828,1829,3,6956.28,5966.76,2721.1800000000003,0.19140625,1828,303,BLAa,BLA,47,left,0
1829,1830,3,6956.92,5963.42,2721.08,0.37890625,1829,303,BLAa,BLA,47,left,0
1830,1831,3,6957.76,5961.02,2720.98,0.3515625,1830,303,BLAa,BLA,47,left,0
1831,1832,3,6958.56,5958.18,2721.26,0.32421875,1831,303,BLAa,BLA,47,left,0
1832,1833,3,6959.98,5956.28,2721.2800000000007,0.37890625,1832,303,BLAa,BLA,47,left,0
1833,1834,3,6961.94,5954.48,2720.6399999999994,0.43359375,1833,303,BLAa,BLA,47,left,0
1834,1835,3,6963.56,5953.24,2719.98,0.1640625,1834,303,BLAa,BLA,47,left,0
1835,1836,3,6964.96,5951.78,2719.26,0.21484375,1835,303,BLAa,BLA,47,left,0
1836,1837,3,6966.32,5949.94,2718.6399999999994,0.43359375,1836,303,BLAa,BLA,47,left,0
1837,1838,3,6967.1,5947.68,2717.84,0.40625,1837,303,BLAa,BLA,47,left,0
1838,1839,3,6967.12,5946.44,2717.040000000001,0.37890625,1838,303,BLAa,BLA,47,left,0
1839,1840,3,6968.24,5945.04,2716.34,0.1640625,1839,303,BLAa,BLA,47,left,0
1840,1841,3,6968.72,5942.56,2716.040000000001,0.48828125,1840,303,BLAa,BLA,47,left,0
1841,1842,3,6969.22,5940.92,2715.459999999999,0.48828125,1841,303,BLAa,BLA,47,left,0
1842,1843,3,6970.74,5938.78,2714.379999999999,0.2421875,1842,303,BLAa,BLA,47,left,0
1843,1844,3,6972.02,5936.7,2713.16,0.3515625,1843,303,BLAa,BLA,47,left,0
1844,1845,3,6973.02,5935.28,2712.48,0.2421875,1844,303,BLAa,BLA,47,left,0
1845,1846,3,6973.88,5933.56,2711.8600000000006,0.40625,1845,303,BLAa,BLA,47,left,0
1846,1847,3,6975.38,5931.74,2711.34,0.3515625,1846,303,BLAa,BLA,47,left,0
1847,1848,3,6976.64,5930.16,2711.0,0.32421875,1847,303,BLAa,BLA,47,left,0
1848,1849,3,6978.28,5928.46,2710.92,0.32421875,1848,303,BLAa,BLA,47,left,0
1849,1850,3,6979.52,5927.18,2710.7000000000007,0.37890625,1849,303,BLAa,BLA,47,left,0
1850,1851,3,6982.0,5925.94,2710.6399999999994,0.32421875,1850,303,BLAa,BLA,47,left,0
1851,1852,3,6983.82,5925.1,2710.76,0.32421875,1851,303,BLAa,BLA,47,left,0
1852,1853,3,6985.8,5923.54,2710.7800000000007,0.296875,1852,303,BLAa,BLA,47,left,0
1853,1854,3,6987.08,5921.64,2710.8,0.32421875,1853,303,BLAa,BLA,47,left,0
1854,1855,3,6988.8,5919.04,2711.08,0.3515625,1854,303,BLAa,BLA,47,left,0
1855,1856,3,6990.08,5917.5,2711.2800000000007,0.32421875,1855,303,BLAa,BLA,47,left,0
1856,1857,3,6991.3,5915.58,2711.5,0.32421875,1856,303,BLAa,BLA,47,left,0
1857,1858,3,6992.9,5913.66,2711.8600000000006,0.21484375,1857,303,BLAa,BLA,47,left,0
1858,1859,3,6994.2,5912.14,2712.32,0.1640625,1858,303,BLAa,BLA,47,left,0
1859,1860,3,6996.1,5910.98,2712.58,0.19140625,1859,303,BLAa,BLA,47,left,0
1860,1861,3,6997.54,5909.96,2713.1800000000003,0.26953125,1860,303,BLAa,BLA,47,left,0
1861,1862,3,6999.36,5908.56,2714.0,0.21484375,1861,303,BLAa,BLA,47,left,0
1862,1863,3,7000.14,5907.4,2715.0,0.32421875,1862,303,BLAa,BLA,47,left,0
1863,1864,3,7000.88,5904.98,2715.6399999999994,0.32421875,1863,303,BLAa,BLA,47,left,0
1864,1865,3,7001.84,5902.24,2715.74,0.1640625,1864,303,BLAa,BLA,47,left,0
1865,1866,3,7002.24,5899.82,2715.42,0.1640625,1865,303,BLAa,BLA,47,left,0
1866,1867,3,7003.78,5897.66,2715.74,0.00390625,1866,303,BLAa,BLA,47,left,0
1867,1868,3,7004.64,5895.88,2716.24,0.26953125,1867,303,BLAa,BLA,47,left,0
1868,1869,3,7005.7,5894.0,2716.58,0.2421875,1868,303,BLAa,BLA,47,left,0
1869,1870,3,7006.76,5892.5,2717.0599999999995,0.32421875,1869,303,BLAa,BLA,47,left,0
1870,1871,3,7007.96,5890.72,2717.040000000001,0.4609375,1870,303,BLAa,BLA,47,left,0
1871,1872,3,7009.5,5888.58,2716.66,0.19140625,1871,303,BLAa,BLA,47,left,0
1872,1873,3,7010.52,5886.66,2716.620000000001,0.37890625,1872,303,BLAa,BLA,47,left,0
1873,1874,3,7012.3,5884.76,2716.98,0.3515625,1873,303,BLAa,BLA,47,left,0
1874,1875,3,7014.68,5883.2,2717.7000000000007,0.40625,1874,303,BLAa,BLA,47,left,0
1875,1876,3,7016.44,5882.58,2717.48,0.2421875,1875,303,BLAa,BLA,47,left,1
