,ID,type,AP,DV,ML,R,parent,area_ID,area_name,name_use,bratch_ID,side,terminal
0,1,1,6959.44,6153.66,2300.24,0.390625,-1,311,BLAp,BLA,1,left,0
1,2,3,6956.02,6152.42,2300.5999999999985,0.00390625,1,311,BLAp,BLA,1,left,0
2,3,3,6952.66,6151.18,2300.959999999999,10.5,2,311,BLAp,BLA,1,left,0
3,4,3,6950.58,6150.4,2301.66,12.41796875,3,311,BLAp,BLA,1,left,0
4,5,3,6950.14,6150.06,2304.9,14.08203125,4,311,BLAp,BLA,1,left,0
5,6,3,6950.38,6149.92,2308.98,11.25,5,311,BLAp,BLA,1,left,0
6,7,3,6950.52,6149.82,2311.699999999999,8.91796875,6,311,BLAp,BLA,1,left,0
7,8,3,6950.460000000001,6150.48,2313.42,5.83203125,7,311,BLAp,BLA,1,left,0
8,9,3,6949.78,6153.540000000001,2313.42,6.41796875,8,311,BLAp,BLA,1,left,0
9,10,3,6949.139999999999,6156.32,2313.2000000000007,7.08203125,9,311,BLAp,BLA,1,left,0
10,11,3,6948.16,6157.960000000001,2313.120000000001,6.25,10,311,BLAp,BLA,1,left,0
11,12,3,6945.72,6157.32,2313.3600000000006,8.0,11,311,BLAp,BLA,1,left,0
12,13,3,6942.42,6156.1,2313.72,10.25,12,311,BLAp,BLA,1,left,0
13,14,3,6940.22,6155.280000000001,2313.959999999999,11.08203125,13,311,BLAp,BLA,1,left,0
14,15,3,6938.62,6155.48,2314.0599999999995,10.91796875,14,311,BLAp,BLA,1,left,0
15,16,3,6937.74,6158.48,2313.84,12.5,15,311,BLAp,BLA,1,left,0
16,17,3,6937.0,6161.82,2313.7000000000007,10.75,16,311,BLAp,BLA,1,left,0
17,18,3,6936.52,6164.06,2314.3600000000006,10.58203125,17,311,BLAp,BLA,1,left,0
18,19,3,6935.92,6166.88,2314.959999999999,9.75,18,311,BLAp,BLA,1,left,0
19,20,3,6935.62,6168.62,2316.82,7.33203125,19,311,BLAp,BLA,1,left,0
20,21,3,6935.68,6168.9,2319.32,4.83203125,20,311,BLAp,BLA,1,left,0
21,22,3,6935.62,6169.56,2321.040000000001,2.33203125,21,311,BLAp,BLA,1,left,0
22,23,3,6935.1,6171.860000000001,2321.08,3.08203125,22,311,BLAp,BLA,1,left,0
23,24,3,6934.58,6174.099999999999,2320.92,4.91796875,23,311,BLAp,BLA,1,left,0
24,25,3,6955.98,6152.4,2300.620000000001,0.01171875,1,311,BLAp,BLA,2,left,0
25,26,3,6952.66,6151.18,2300.959999999999,11.16796875,25,311,BLAp,BLA,2,left,0
26,27,3,6949.299999999999,6149.9400000000005,2301.34,11.41796875,26,311,BLAp,BLA,2,left,0
27,28,3,6945.92,6148.7,2301.699999999999,12.83203125,27,311,BLAp,BLA,2,left,0
28,29,3,6942.56,6147.46,2302.0599999999995,13.16796875,28,311,BLAp,BLA,2,left,0
29,30,3,6939.2,6146.219999999999,2302.42,14.08203125,29,311,BLAp,BLA,2,left,0
30,31,3,6936.459999999999,6145.2,2302.74,14.5,30,311,BLAp,BLA,2,left,0
31,32,3,6934.62,6144.52,2302.9400000000005,14.5,31,311,BLAp,BLA,2,left,0
32,33,3,6932.98,6145.299999999999,2302.98,13.25,32,311,BLAp,BLA,2,left,0
33,34,3,6932.3,6147.64,2302.82,15.08203125,33,311,BLAp,BLA,2,left,0
34,35,3,6931.32,6149.28,2302.74,14.25,34,311,BLAp,BLA,2,left,0
35,36,3,6930.16,6149.099999999999,2303.08,16.33203125,35,311,BLAp,BLA,2,left,0
36,37,3,6929.740000000001,6148.82,2305.3599999999988,22.58203125,36,311,BLAp,BLA,2,left,0
37,38,3,6929.96,6148.68,2309.24,22.75,37,311,BLAp,BLA,2,left,0
38,39,3,6930.18,6148.540000000001,2313.379999999999,19.58203125,38,311,BLAp,BLA,2,left,0
39,40,3,6930.42,6148.400000000001,2317.5200000000004,16.0,39,311,BLAp,BLA,2,left,0
40,41,3,6930.66,6148.26,2321.6800000000003,10.41796875,40,311,BLAp,BLA,2,left,0
41,42,3,6930.82,6148.18,2324.400000000001,3.41796875,41,311,BLAp,BLA,2,left,0
42,43,3,6930.34,6150.66,2325.779999999999,0.19140625,42,311,BLAp,BLA,2,left,0
43,44,3,6929.78,6151.72,2327.3,1.5,43,311,BLAp,BLA,2,left,0
44,45,3,6927.98,6151.900000000001,2329.3,0.91796875,44,311,BLAp,BLA,2,left,0
45,46,3,6927.06,6152.46,2331.24,1.25,45,311,BLAp,BLA,2,left,0
46,47,3,6924.86,6151.84,2332.0200000000004,2.33203125,46,311,BLAp,BLA,2,left,0
47,48,3,6960.62,6156.18,2299.92,0.1796875,1,311,BLAp,BLA,3,left,0
48,49,3,6959.96,6159.52,2299.66,9.0,48,311,BLAp,BLA,3,left,0
49,50,3,6959.0,6163.76,2299.34,9.08203125,49,311,BLAp,BLA,3,left,0
50,51,3,6958.0,6168.08,2299.0200000000004,7.66796875,50,311,BLAp,BLA,3,left,0
51,52,3,6957.179999999999,6171.599999999999,2298.76,6.41796875,51,311,BLAp,BLA,3,left,0
52,53,3,6956.32,6173.64,2298.6399999999994,3.0,52,311,BLAp,BLA,3,left,0
53,54,3,6953.6,6174.76,2298.72,2.33203125,53,311,BLAp,BLA,3,left,0
54,55,3,6951.82,6175.599999999999,2299.8600000000006,2.08203125,54,311,BLAp,BLA,3,left,0
55,56,3,6950.9400000000005,6175.299999999999,2302.3,1.5,55,311,BLAp,BLA,3,left,0
56,57,3,6948.780000000001,6174.48,2303.26,3.66796875,56,311,BLAp,BLA,3,left,0
57,58,3,6947.380000000001,6173.9400000000005,2304.1000000000004,4.16796875,57,311,BLAp,BLA,3,left,0
58,59,3,6947.36,6173.76,2307.0599999999995,3.25,58,311,BLAp,BLA,3,left,0
59,60,3,6947.52,6173.68,2309.72,3.08203125,59,311,BLAp,BLA,3,left,0
60,61,3,6947.4400000000005,6174.34,2311.42,1.5,60,311,BLAp,BLA,3,left,0
61,62,3,6946.76,6177.4,2311.42,1.5,61,311,BLAp,BLA,3,left,0
62,63,3,6946.12,6180.16,2311.22,1.0,62,311,BLAp,BLA,3,left,0
63,64,3,6944.0,6180.82,2313.58,0.01953125,63,311,BLAp,BLA,3,left,0
64,65,3,6943.139999999999,6183.360000000001,2314.8,1.41796875,64,311,BLAp,BLA,3,left,0
65,66,3,6942.46,6186.4,2315.0599999999995,1.0,65,311,BLAp,BLA,3,left,0
66,67,3,6959.84,6153.92,2298.34,0.33984375,1,311,BLAp,BLA,4,left,0
67,68,3,6959.740000000001,6154.06,2295.1399999999994,13.25,67,311,BLAp,BLA,4,left,0
68,69,3,6959.56,6154.18,2291.82,11.83203125,68,311,BLAp,BLA,4,left,0
69,70,3,6959.44,6154.26,2289.5599999999995,7.75,69,311,BLAp,BLA,4,left,0
70,71,3,6960.34,6154.700000000001,2287.76,4.08203125,70,311,BLAp,BLA,4,left,0
71,72,3,6962.54,6154.299999999999,2287.48,4.33203125,71,311,BLAp,BLA,4,left,0
72,73,3,6964.18,6152.240000000001,2287.540000000001,5.08203125,72,311,BLAp,BLA,4,left,0
73,74,3,6966.56,6152.3,2287.3600000000006,3.41796875,73,311,BLAp,BLA,4,left,0
74,75,3,6967.98,6152.9,2285.98,1.41796875,74,311,BLAp,BLA,4,left,0
75,76,3,6967.98,6153.02,2283.66,1.16796875,75,311,BLAp,BLA,4,left,0
76,77,3,6966.58,6150.839999999999,2282.279999999999,0.04296875,76,311,BLAp,BLA,4,left,0
77,78,3,6966.2,6149.46,2280.72,1.16796875,77,311,BLAp,BLA,4,left,0
78,79,3,6953.780000000001,6151.58,2300.84,0.00390625,1,311,BLAp,BLA,5,left,0
79,80,3,6950.42,6150.36,2301.2000000000007,11.91796875,79,311,BLAp,BLA,5,left,0
80,81,3,6948.200000000001,6149.539999999999,2301.4400000000005,13.33203125,80,311,BLAp,BLA,5,left,0
81,82,3,6946.639999999999,6149.02,2300.380000000001,18.16796875,81,311,BLAp,BLA,5,left,0
82,83,3,6946.280000000001,6149.539999999999,2298.2000000000007,14.16796875,82,311,BLAp,BLA,5,left,0
83,84,3,6945.48,6152.88,2297.1800000000003,10.75,83,311,BLAp,BLA,5,left,0
84,85,3,6944.86,6155.639999999999,2296.98,12.75,84,311,BLAp,BLA,5,left,0
85,86,3,6944.38,6157.74,2296.82,11.0,85,311,BLAp,BLA,5,left,0
86,87,3,6942.46,6158.48,2296.900000000001,9.75,86,311,BLAp,BLA,5,left,0
87,88,3,6940.22,6157.780000000001,2296.66,12.41796875,87,311,BLAp,BLA,5,left,0
88,89,3,6939.38,6157.66,2293.540000000001,16.66796875,88,311,BLAp,BLA,5,left,0
89,90,3,6939.160000000001,6157.799999999999,2289.48,2.0,89,311,BLAp,BLA,5,left,0
90,91,3,6939.0,6157.9,2286.74,1.0,90,311,BLAp,BLA,5,left,0
91,92,3,6954.9,6152.0,2300.72,0.00390625,1,311,BLAp,BLA,6,left,0
92,93,3,6951.54,6150.76,2301.08,11.16796875,92,311,BLAp,BLA,6,left,0
93,94,3,6948.16,6149.52,2301.459999999999,12.16796875,93,311,BLAp,BLA,6,left,0
94,95,3,6944.8,6148.28,2301.82,12.66796875,94,311,BLAp,BLA,6,left,0
95,96,3,6941.4400000000005,6147.039999999999,2302.1800000000003,14.0,95,311,BLAp,BLA,6,left,0
96,97,3,6938.08,6145.8,2302.5599999999995,14.66796875,96,311,BLAp,BLA,6,left,0
97,98,3,6935.879999999999,6144.9800000000005,2302.8,13.33203125,97,311,BLAp,BLA,6,left,0
98,99,3,6934.66,6143.139999999999,2303.0600000000013,13.0,98,311,BLAp,BLA,6,left,0
99,100,3,6935.08,6140.68,2303.26,15.0,99,311,BLAp,BLA,6,left,0
100,101,3,6935.56,6138.68,2304.0,17.25,100,311,BLAp,BLA,6,left,0
101,102,3,6935.9400000000005,6137.34,2305.82,19.75,101,311,BLAp,BLA,6,left,0
102,103,3,6936.32,6136.12,2307.98,20.5,102,311,BLAp,BLA,6,left,0
103,104,3,6936.68,6134.9400000000005,2310.26,18.16796875,103,311,BLAp,BLA,6,left,0
104,105,3,6937.179999999999,6133.16,2312.22,14.66796875,104,311,BLAp,BLA,6,left,0
105,106,3,6937.42,6131.12,2314.3600000000006,11.0,105,311,BLAp,BLA,6,left,0
106,107,3,6937.16,6128.9400000000005,2316.22,9.25,106,311,BLAp,BLA,6,left,0
107,108,3,6937.58,6127.12,2317.960000000001,5.16796875,107,311,BLAp,BLA,6,left,0
108,109,3,6936.26,6125.48,2319.74,2.08203125,108,311,BLAp,BLA,6,left,0
109,110,3,6934.18,6124.44,2320.1000000000004,4.5,109,311,BLAp,BLA,6,left,0
110,111,3,6933.8,6122.86,2321.5200000000004,3.66796875,110,311,BLAp,BLA,6,left,0
111,112,3,6934.34,6120.92,2323.72,1.75,111,311,BLAp,BLA,6,left,0
112,113,3,6934.9,6118.82,2325.9,1.0,112,311,BLAp,BLA,6,left,0
113,114,3,6935.76,6115.259999999999,2327.24,0.02734375,113,311,BLAp,BLA,6,left,0
114,115,3,6935.74,6112.58,2328.4,0.75,114,311,BLAp,BLA,6,left,0
115,116,3,6935.18,6111.12,2329.42,0.5,115,311,BLAp,BLA,6,left,0
116,117,3,6933.82,6109.42,2329.880000000001,1.25,116,311,BLAp,BLA,6,left,0
117,118,3,6932.4800000000005,6106.52,2330.26,1.0,117,311,BLAp,BLA,6,left,0
118,119,3,6931.36,6104.120000000001,2331.1399999999994,1.08203125,118,311,BLAp,BLA,6,left,0
119,120,3,6930.599999999999,6101.660000000001,2332.7000000000007,1.0,119,311,BLAp,BLA,6,left,0
120,121,3,6928.42,6096.24,2334.48,1.0,120,311,BLAp,BLA,6,left,0
121,122,3,6926.860000000001,6094.34,2335.6399999999994,0.83203125,121,311,BLAp,BLA,6,left,0
122,123,3,6925.839999999999,6091.459999999999,2336.3600000000006,0.83203125,122,311,BLAp,BLA,6,left,0
123,124,3,6925.78,6088.360000000001,2336.66,0.75,123,311,BLAp,BLA,6,left,0
124,125,3,6924.82,6086.42,2336.92,0.91796875,124,311,BLAp,BLA,6,left,0
125,126,3,6922.619999999999,6085.08,2337.22,1.0,125,311,BLAp,BLA,6,left,0
126,127,3,6922.28,6082.4800000000005,2337.5,0.08203125,126,311,BLAp,BLA,6,left,0
127,128,3,6921.02,6080.599999999999,2337.7800000000007,1.16796875,127,311,BLAp,BLA,6,left,0
128,129,3,6920.72,6078.64,2338.0,1.16796875,128,311,BLAp,BLA,6,left,0
129,130,3,6919.46,6076.34,2338.32,0.75,129,311,BLAp,BLA,6,left,0
130,131,3,6917.36,6074.539999999999,2338.6399999999994,1.0,130,311,BLAp,BLA,6,left,0
131,132,3,6915.96,6073.139999999999,2338.74,0.91796875,131,311,BLAp,BLA,6,left,0
132,133,3,6913.339999999999,6072.1,2337.92,0.91796875,132,311,BLAp,BLA,6,left,0
133,134,3,6911.26,6071.040000000001,2338.08,0.75,133,311,BLAp,BLA,6,left,0
134,135,3,6910.18,6069.58,2338.300000000001,0.75,134,311,BLAp,BLA,6,left,0
135,136,3,6907.84,6068.400000000001,2338.6000000000004,1.0,135,311,BLAp,BLA,6,left,0
136,137,3,6905.68,6067.56,2338.84,1.0,136,311,BLAp,BLA,6,left,0
137,138,3,6903.74,6066.56,2339.1000000000004,1.0,137,311,BLAp,BLA,6,left,0
138,139,3,6902.6,6064.6,2339.379999999999,1.08203125,138,311,BLAp,BLA,6,left,0
139,140,3,6901.24,6061.660000000001,2339.779999999999,0.91796875,139,311,BLAp,BLA,6,left,0
140,141,3,6899.48,6059.32,2340.1399999999994,0.75,140,311,BLAp,BLA,6,left,0
141,142,3,6898.46,6057.12,2340.4400000000005,0.91796875,141,311,BLAp,BLA,6,left,0
142,143,3,6897.039999999999,6054.86,2340.76,0.91796875,142,311,BLAp,BLA,6,left,0
143,144,3,6895.44,6053.8,2341.0,0.75,143,311,BLAp,BLA,6,left,0
144,145,3,6893.9800000000005,6052.08,2341.2800000000007,1.0,144,311,BLAp,BLA,6,left,0
145,146,3,6892.380000000001,6051.02,2341.5200000000004,1.0,145,311,BLAp,BLA,6,left,0
146,147,3,6891.96,6049.52,2341.699999999999,1.0,146,311,BLAp,BLA,6,left,0
147,148,3,6890.38,6047.179999999999,2341.4400000000005,0.02734375,147,311,BLAp,BLA,6,left,0
148,149,3,6889.96,6044.56,2340.959999999999,1.0,148,311,BLAp,BLA,6,left,0
149,150,3,6888.62,6043.200000000001,2340.6399999999994,0.66796875,149,311,BLAp,BLA,6,left,0
150,151,3,6886.98,6040.860000000001,2340.040000000001,0.5,150,311,BLAp,BLA,6,left,0
151,152,3,6886.88,6037.58,2339.220000000001,1.16796875,151,311,BLAp,BLA,6,left,0
152,153,3,6886.76,6034.58,2339.16,0.83203125,152,311,BLAp,BLA,6,left,0
153,154,3,6886.219999999999,6030.72,2338.5599999999995,0.5,153,311,BLAp,BLA,6,left,0
154,155,3,6885.38,6027.960000000001,2338.619999999999,1.16796875,154,311,BLAp,BLA,6,left,0
155,156,3,6885.860000000001,6024.5,2337.8,0.91796875,155,311,BLAp,BLA,6,left,0
156,157,3,6886.52,6021.14,2337.4400000000005,1.0,156,311,BLAp,BLA,6,left,0
157,158,3,6886.88,6019.06,2336.6800000000003,1.0,157,311,BLAp,BLA,6,left,0
158,159,3,6887.32,6016.639999999999,2335.6399999999994,1.0,158,311,BLAp,BLA,6,left,0
159,160,3,6887.799999999999,6013.9800000000005,2334.76,0.83203125,159,311,BLAp,BLA,6,left,0
160,161,3,6888.3,6011.38,2334.16,0.58203125,160,311,BLAp,BLA,6,left,0
161,162,3,6888.48,6009.9800000000005,2332.42,1.66796875,161,311,BLAp,BLA,6,left,0
162,163,3,6888.82,6008.18,2332.1000000000004,1.0,162,311,BLAp,BLA,6,left,0
163,164,3,6888.02,6006.98,2331.6000000000004,0.16796875,163,311,BLAp,BLA,6,left,0
164,165,3,6888.139999999999,6004.56,2330.4400000000005,1.08203125,164,311,BLAp,BLA,6,left,0
165,166,3,6887.92,6000.36,2330.16,0.91796875,165,311,BLAp,BLA,6,left,0
166,167,3,6888.400000000001,5997.52,2330.1800000000003,1.08203125,166,311,BLAp,BLA,6,left,0
167,168,3,6888.58,5994.42,2329.3600000000006,0.5,167,311,BLAp,BLA,6,left,0
168,169,3,6888.26,5991.599999999999,2328.7800000000007,1.16796875,168,311,BLAp,BLA,6,left,0
169,170,3,6887.4800000000005,5988.84,2328.5599999999995,1.0,169,311,BLAp,BLA,6,left,0
170,171,3,6886.459999999999,5984.9,2328.619999999999,1.16796875,170,311,BLAp,BLA,6,left,0
171,172,3,6886.280000000001,5982.780000000001,2327.24,1.41796875,171,311,BLAp,BLA,6,left,0
172,173,3,6886.74,5979.92,2325.8600000000006,1.16796875,172,311,BLAp,BLA,6,left,0
173,174,3,6887.219999999999,5977.12,2324.6000000000004,0.66796875,173,311,BLAp,BLA,6,left,0
174,175,3,6887.58,5974.82,2322.74,0.83203125,174,311,BLAp,BLA,6,left,0
175,176,3,6887.960000000001,5972.56,2321.42,0.5,175,311,BLAp,BLA,6,left,0
176,177,3,6888.04,5971.56,2319.5200000000004,0.83203125,176,311,BLAp,BLA,6,left,0
177,178,3,6887.219999999999,5970.24,2320.24,0.0703125,177,311,BLAp,BLA,6,left,0
178,179,3,6887.34,5966.92,2320.959999999999,1.0,178,311,BLAp,BLA,6,left,0
179,180,3,6887.039999999999,5965.08,2321.16,1.0,179,311,BLAp,BLA,6,left,0
180,181,3,6884.6,5962.54,2321.459999999999,0.01953125,180,311,BLAp,BLA,6,left,0
181,182,3,6884.08,5960.54,2320.42,5.08203125,181,311,BLAp,BLA,6,left,0
182,183,3,6884.42,5958.400000000001,2318.8,2.75,182,311,BLAp,BLA,6,left,0
183,184,3,6884.9,5955.44,2317.2000000000007,1.16796875,183,311,BLAp,BLA,6,left,0
184,185,3,6885.5,5952.14,2316.48,1.0,184,311,BLAp,BLA,6,left,0
185,186,3,6885.76,5950.56,2315.84,1.0,185,311,BLAp,BLA,6,left,0
186,187,3,6886.38,5947.200000000001,2315.1000000000004,0.03515625,186,311,BLAp,BLA,6,left,0
187,188,3,6886.620000000001,5946.1,2313.1800000000003,1.33203125,187,311,BLAp,BLA,6,left,0
188,189,3,6887.6,5946.4,2311.8,1.0,188,311,BLAp,BLA,6,left,0
189,190,3,6888.84,5945.58,2311.699999999999,1.83203125,189,311,BLAp,BLA,6,left,0
190,191,3,6889.38,5943.3,2311.040000000001,0.75,190,311,BLAp,BLA,6,left,0
191,192,3,6890.54,5938.9800000000005,2309.8600000000006,0.5,191,311,BLAp,BLA,6,left,0
192,193,3,6891.52,5937.4,2308.6000000000004,1.0,192,311,BLAp,BLA,6,left,1
193,194,3,6964.04,6155.36,2299.74,0.02734375,1,311,BLAp,BLA,7,left,0
194,195,3,6966.78,6156.36,2299.24,4.16796875,194,311,BLAp,BLA,7,left,0
195,196,3,6968.52,6157.08,2297.76,3.41796875,195,311,BLAp,BLA,7,left,0
196,197,3,6970.68,6157.98,2295.48,4.5,196,311,BLAp,BLA,7,left,0
197,198,3,6970.900000000001,6158.360000000001,2293.279999999999,4.25,197,311,BLAp,BLA,7,left,0
198,199,3,6970.280000000001,6160.78,2291.8600000000006,4.83203125,198,311,BLAp,BLA,7,left,0
199,200,3,6969.700000000001,6163.339999999999,2291.6800000000003,4.58203125,199,311,BLAp,BLA,7,left,0
200,201,3,6969.28,6165.92,2291.459999999999,5.0,200,311,BLAp,BLA,7,left,0
201,202,3,6969.8,6167.799999999999,2291.22,4.75,201,311,BLAp,BLA,7,left,0
202,203,3,6971.32,6169.34,2290.08,3.58203125,202,311,BLAp,BLA,7,left,0
203,204,3,6973.58,6170.18,2289.379999999999,3.16796875,203,311,BLAp,BLA,7,left,0
204,205,3,6975.320000000001,6170.860000000001,2288.24,1.5,204,311,BLAp,BLA,7,left,0
205,206,3,6976.02,6171.24,2286.08,2.66796875,205,311,BLAp,BLA,7,left,0
206,207,3,6962.92,6154.9400000000005,2299.8600000000006,0.05078125,1,311,BLAp,BLA,8,left,0
207,208,3,6965.14,6155.76,2299.619999999999,4.58203125,207,311,BLAp,BLA,8,left,0
208,209,3,6967.08,6156.4800000000005,2299.220000000001,3.08203125,208,311,BLAp,BLA,8,left,0
209,210,3,6968.24,6156.98,2297.9400000000005,3.91796875,209,311,BLAp,BLA,8,left,0
210,211,3,6968.76,6157.32,2294.9,8.16796875,210,311,BLAp,BLA,8,left,0
211,212,3,6968.9400000000005,6156.38,2292.7800000000007,7.41796875,211,311,BLAp,BLA,8,left,0
212,213,3,6969.9400000000005,6155.08,2292.0200000000004,6.0,212,311,BLAp,BLA,8,left,0
213,214,3,6971.12,6155.34,2289.92,2.91796875,213,311,BLAp,BLA,8,left,0
214,215,3,6971.459999999999,6155.599999999999,2287.5599999999995,2.66796875,214,311,BLAp,BLA,8,left,0
215,216,3,6972.34,6155.96,2286.620000000001,1.16796875,215,311,BLAp,BLA,8,left,0
216,217,3,6973.3,6152.74,2285.82,0.0234375,216,311,BLAp,BLA,8,left,0
217,218,3,6975.58,6152.42,2284.5,1.08203125,217,311,BLAp,BLA,8,left,0
218,219,3,6976.900000000001,6152.0,2283.26,1.41796875,218,311,BLAp,BLA,8,left,0
219,220,3,6978.82,6151.639999999999,2282.380000000001,1.16796875,219,311,BLAp,BLA,8,left,0
220,221,3,6979.58,6150.02,2282.459999999999,1.16796875,220,311,BLAp,BLA,8,left,0
221,222,3,6961.799999999999,6154.539999999999,2299.98,0.08984375,1,311,BLAp,BLA,9,left,0
222,223,3,6963.86,6155.320000000001,2299.3,5.91796875,222,311,BLAp,BLA,9,left,0
223,224,3,6964.38,6155.62,2297.380000000001,7.91796875,223,311,BLAp,BLA,9,left,0
224,225,3,6964.76,6153.6,2295.800000000001,7.33203125,224,311,BLAp,BLA,9,left,0
225,226,3,6965.78,6150.92,2295.8600000000006,6.58203125,225,311,BLAp,BLA,9,left,0
226,227,3,6968.56,6151.0,2295.66,3.66796875,226,311,BLAp,BLA,9,left,0
227,228,3,6971.860000000001,6152.219999999999,2295.3,2.91796875,227,311,BLAp,BLA,9,left,0
228,229,3,6974.08,6153.02,2295.08,2.5,228,311,BLAp,BLA,9,left,0
229,230,3,6975.700000000001,6153.62,2294.9,1.83203125,229,311,BLAp,BLA,9,left,0
230,231,3,6976.74,6149.9,2295.7000000000007,0.03515625,230,311,BLAp,BLA,9,left,0
231,232,3,6978.0,6149.02,2296.459999999999,2.41796875,231,311,BLAp,BLA,9,left,0
232,233,3,6980.58,6149.099999999999,2296.34,2.16796875,232,311,BLAp,BLA,9,left,0
233,234,3,6982.32,6149.740000000001,2296.16,2.58203125,233,311,BLAp,BLA,9,left,0
234,235,3,6955.98,6152.4,2300.620000000001,0.01171875,1,311,BLAp,BLA,10,left,0
235,236,3,6952.66,6151.18,2300.959999999999,9.33203125,235,311,BLAp,BLA,10,left,0
236,237,3,6949.299999999999,6149.9400000000005,2301.34,9.91796875,236,311,BLAp,BLA,10,left,0
237,238,3,6947.08,6149.120000000001,2301.58,10.58203125,237,311,BLAp,BLA,10,left,0
238,239,3,6945.48,6149.32,2301.6800000000003,11.0,238,311,BLAp,BLA,10,left,0
239,240,3,6944.6,6152.32,2301.459999999999,10.91796875,239,311,BLAp,BLA,10,left,0
240,241,3,6943.959999999999,6155.08,2301.24,10.75,240,311,BLAp,BLA,10,left,0
241,242,3,6943.5,6157.179999999999,2301.1000000000004,11.16796875,241,311,BLAp,BLA,10,left,0
242,243,3,6943.139999999999,6158.5,2299.76,16.41796875,242,311,BLAp,BLA,10,left,0
243,244,3,6942.98,6158.74,2297.4400000000005,15.75,243,311,BLAp,BLA,10,left,0
244,245,3,6942.72,6159.52,2295.620000000001,8.33203125,244,311,BLAp,BLA,10,left,0
245,246,3,6942.0,6162.6,2295.16,7.0,245,311,BLAp,BLA,10,left,0
246,247,3,6941.38,6165.38,2294.9400000000005,6.08203125,246,311,BLAp,BLA,10,left,0
247,248,3,6940.4,6167.0,2294.880000000001,3.83203125,247,311,BLAp,BLA,10,left,0
248,249,3,6937.960000000001,6166.38,2295.119999999999,4.33203125,248,311,BLAp,BLA,10,left,0
249,250,3,6934.66,6165.16,2295.48,4.16796875,249,311,BLAp,BLA,10,left,0
250,251,3,6931.3,6163.92,2295.84,4.08203125,250,311,BLAp,BLA,10,left,0
251,252,3,6927.94,6162.68,2296.2000000000007,3.66796875,251,311,BLAp,BLA,10,left,0
252,253,3,6924.6,6161.4400000000005,2296.58,3.16796875,252,311,BLAp,BLA,10,left,0
253,254,3,6921.84,6160.42,2296.879999999999,2.91796875,253,311,BLAp,BLA,10,left,0
254,255,3,6920.02,6159.76,2297.08,3.16796875,254,311,BLAp,BLA,10,left,0
255,256,3,6915.66,6158.12,2297.5599999999995,0.0390625,255,311,BLAp,BLA,10,left,0
256,257,3,6913.4400000000005,6157.3,2297.8,2.33203125,256,311,BLAp,BLA,10,left,0
257,258,3,6911.860000000001,6157.5,2297.9,2.91796875,257,311,BLAp,BLA,10,left,0
258,259,3,6951.54,6150.76,2301.08,9.5,1,311,BLAp,BLA,11,left,0
259,260,3,6948.780000000001,6149.76,2301.380000000001,9.66796875,259,311,BLAp,BLA,11,left,0
260,261,3,6947.179999999999,6148.64,2301.6000000000004,9.83203125,260,311,BLAp,BLA,11,left,0
261,262,3,6947.4400000000005,6145.14,2301.92,9.75,261,311,BLAp,BLA,11,left,0
262,263,3,6948.400000000001,6140.900000000001,2302.24,9.08203125,262,311,BLAp,BLA,11,left,0
263,264,3,6949.04,6137.88,2301.98,8.5,263,311,BLAp,BLA,11,left,0
264,265,3,6949.28,6136.599999999999,2301.08,7.0,264,311,BLAp,BLA,11,left,0
265,266,3,6948.42,6135.700000000001,2300.0200000000004,5.91796875,265,311,BLAp,BLA,11,left,0
266,267,3,6946.3,6134.9800000000005,2299.16,5.25,266,311,BLAp,BLA,11,left,0
267,268,3,6943.84,6134.139999999999,2297.98,4.83203125,267,311,BLAp,BLA,11,left,0
268,269,3,6942.16,6133.62,2296.3,3.08203125,268,311,BLAp,BLA,11,left,0
269,270,3,6941.14,6133.360000000001,2294.24,1.41796875,269,311,BLAp,BLA,11,left,0
270,271,3,6940.4,6131.72,2294.040000000001,0.16015625,270,311,BLAp,BLA,11,left,0
271,272,3,6938.379999999999,6130.8,2294.3,1.0,271,311,BLAp,BLA,11,left,0
272,273,3,6936.42,6130.02,2295.380000000001,0.58203125,272,311,BLAp,BLA,11,left,0
273,274,3,6933.68,6128.719999999999,2296.16,1.58203125,273,311,BLAp,BLA,11,left,0
274,275,3,6932.200000000001,6126.660000000001,2296.459999999999,1.08203125,274,311,BLAp,BLA,11,left,0
275,276,3,6929.78,6122.960000000001,2297.0,1.0,275,311,BLAp,BLA,11,left,0
276,277,3,6927.94,6121.16,2297.32,1.0,276,311,BLAp,BLA,11,left,0
277,278,3,6925.24,6119.52,2297.6800000000003,1.0,277,311,BLAp,BLA,11,left,0
278,279,3,6923.339999999999,6118.540000000001,2297.92,1.0,278,311,BLAp,BLA,11,left,0
279,280,3,6921.34,6116.52,2298.26,1.0,279,311,BLAp,BLA,11,left,0
280,281,3,6919.66,6114.880000000001,2298.619999999999,1.16796875,280,311,BLAp,BLA,11,left,0
281,282,3,6918.52,6113.8,2299.619999999999,1.0,281,311,BLAp,BLA,11,left,0
282,283,3,6916.58,6112.9,2300.3599999999988,1.0,282,311,BLAp,BLA,11,left,0
283,284,3,6915.16,6111.36,2300.620000000001,0.75,283,311,BLAp,BLA,11,left,0
284,285,3,6913.26,6109.18,2300.959999999999,0.58203125,284,311,BLAp,BLA,11,left,0
285,286,3,6910.42,6106.1,2301.48,1.0,285,311,BLAp,BLA,11,left,0
286,287,3,6909.400000000001,6104.24,2301.98,0.75,286,311,BLAp,BLA,11,left,0
287,288,3,6908.379999999999,6103.56,2303.039999999999,0.83203125,287,311,BLAp,BLA,11,left,0
288,289,3,6906.82,6101.88,2303.5599999999995,0.91796875,288,311,BLAp,BLA,11,left,0
289,290,3,6905.8,6099.679999999999,2303.84,0.91796875,289,311,BLAp,BLA,11,left,0
290,291,3,6904.400000000001,6097.26,2304.1800000000003,1.0,290,311,BLAp,BLA,11,left,0
291,292,3,6902.88,6095.24,2304.9400000000005,1.0,291,311,BLAp,BLA,11,left,0
292,293,3,6902.039999999999,6093.6,2306.0,0.58203125,292,311,BLAp,BLA,11,left,0
293,294,3,6900.259999999999,6091.4400000000005,2306.459999999999,0.75,293,311,BLAp,BLA,11,left,0
294,295,3,6897.06,6089.64,2306.5200000000004,0.66796875,294,311,BLAp,BLA,11,left,0
295,296,3,6895.42,6088.400000000001,2305.9,1.0,295,311,BLAp,BLA,11,left,0
296,297,3,6891.860000000001,6086.16,2306.3,0.91796875,296,311,BLAp,BLA,11,left,0
297,298,3,6889.76,6085.299999999999,2307.32,1.0,297,311,BLAp,BLA,11,left,0
298,299,3,6886.98,6084.2,2308.2000000000007,1.0,298,311,BLAp,BLA,11,left,0
299,300,3,6884.299999999999,6083.16,2308.5,1.0,299,311,BLAp,BLA,11,left,0
300,301,3,6882.46,6082.46,2308.72,1.0,300,311,BLAp,BLA,11,left,0
341,342,3,6932.14,6173.68,2321.3,0.2734375,24,311,BLAp,BLA,13,left,0
342,343,3,6931.24,6173.3,2323.08,2.66796875,342,311,BLAp,BLA,13,left,0
343,344,3,6931.08,6174.38,2325.0599999999995,2.25,343,311,BLAp,BLA,13,left,0
344,345,3,6930.76,6176.08,2325.92,1.33203125,344,311,BLAp,BLA,13,left,0
345,346,3,6929.42,6177.08,2326.8,1.0,345,311,BLAp,BLA,13,left,0
346,347,3,6927.46,6177.380000000001,2328.22,0.91796875,346,311,BLAp,BLA,13,left,0
347,348,3,6925.02,6176.900000000001,2330.1399999999994,1.16796875,347,311,BLAp,BLA,13,left,0
348,349,3,6922.4400000000005,6177.799999999999,2331.1800000000003,0.83203125,348,311,BLAp,BLA,13,left,0
349,350,3,6920.639999999999,6178.400000000001,2332.0599999999995,1.25,349,311,BLAp,BLA,13,left,0
350,351,3,6918.68,6179.28,2332.66,1.16796875,350,311,BLAp,BLA,13,left,0
351,352,3,6916.12,6179.76,2332.8,1.0,351,311,BLAp,BLA,13,left,0
352,353,3,6912.34,6178.6,2333.2000000000007,0.01953125,352,311,BLAp,BLA,13,left,0
353,354,3,6910.24,6179.28,2333.34,1.08203125,353,311,BLAp,BLA,13,left,0
354,355,3,6907.960000000001,6180.16,2334.42,1.16796875,354,311,BLAp,BLA,13,left,0
355,356,3,6906.76,6182.4800000000005,2335.460000000001,1.41796875,355,311,BLAp,BLA,13,left,0
356,357,3,6906.459999999999,6184.139999999999,2336.6800000000003,1.5,356,311,BLAp,BLA,13,left,0
357,358,3,6905.879999999999,6186.2,2337.6399999999994,0.91796875,357,311,BLAp,BLA,13,left,0
358,359,3,6904.679999999999,6187.0,2338.6000000000004,1.0,358,311,BLAp,BLA,13,left,0
359,360,3,6902.56,6188.339999999999,2340.3,0.91796875,359,311,BLAp,BLA,13,left,0
360,361,3,6900.54,6189.24,2342.24,1.0,360,311,BLAp,BLA,13,left,0
361,362,3,6899.2,6189.64,2342.8,1.0,361,311,BLAp,BLA,13,left,0
362,363,3,6897.1,6189.44,2343.0999999999985,1.0,362,311,BLAp,BLA,13,left,0
363,364,3,6895.8,6188.9,2344.0200000000004,1.0,363,311,BLAp,BLA,13,left,0
364,365,3,6893.18,6187.92,2344.8,1.0,364,311,BLAp,BLA,13,left,0
365,366,3,6890.38,6187.820000000001,2345.040000000001,1.25,365,311,BLAp,BLA,13,left,0
366,367,3,6889.04,6189.04,2345.0200000000004,1.0,366,311,BLAp,BLA,13,left,0
367,368,3,6886.34,6188.5,2345.2800000000007,0.0546875,367,311,BLAp,BLA,13,left,0
368,369,3,6884.22,6188.48,2345.460000000001,1.16796875,368,311,BLAp,BLA,13,left,0
369,370,3,6882.820000000001,6189.400000000001,2345.48,1.16796875,369,311,BLAp,BLA,13,left,0
370,371,3,6880.599999999999,6190.22,2345.58,1.58203125,370,311,BLAp,BLA,13,left,0
371,372,3,6879.5,6191.56,2345.5200000000004,1.0,371,311,BLAp,BLA,13,left,0
372,373,3,6876.82,6192.68,2345.6399999999994,1.0,372,311,BLAp,BLA,13,left,0
373,374,3,6875.24,6193.56,2345.9,1.0,373,311,BLAp,BLA,13,left,0
374,375,3,6873.86,6193.66,2347.0,1.0,374,311,BLAp,BLA,13,left,0
375,376,3,6872.1,6194.139999999999,2347.24,1.0,375,311,BLAp,BLA,13,left,0
376,377,3,6870.639999999999,6195.700000000001,2347.22,1.91796875,376,311,BLAp,BLA,13,left,0
377,378,3,6869.299999999999,6197.46,2347.22,1.08203125,377,311,BLAp,BLA,13,left,0
378,379,3,6868.02,6197.820000000001,2348.0600000000013,1.5,378,311,BLAp,BLA,13,left,0
379,380,3,6867.0,6199.64,2348.5,0.83203125,379,311,BLAp,BLA,13,left,0
380,381,3,6865.58,6200.639999999999,2348.72,0.75,380,311,BLAp,BLA,13,left,0
381,382,3,6864.0,6200.44,2349.84,1.0,381,311,BLAp,BLA,13,left,0
382,383,3,6862.56,6200.879999999999,2351.720000000001,1.0,382,311,BLAp,BLA,13,left,0
383,384,3,6862.08,6202.200000000001,2353.22,0.91796875,383,311,BLAp,BLA,13,left,0
384,385,3,6860.18,6202.34,2355.0599999999995,1.33203125,384,303,BLAa,BLA,13,left,0
385,386,3,6858.88,6202.780000000001,2356.2800000000007,1.0,385,303,BLAa,BLA,13,left,0
386,387,3,6856.280000000001,6201.92,2358.619999999999,1.0,386,303,BLAa,BLA,13,left,0
387,388,3,6854.86,6200.700000000001,2360.2000000000007,0.91796875,387,303,BLAa,BLA,13,left,0
388,389,3,6853.360000000001,6199.26,2360.959999999999,0.66796875,388,303,BLAa,BLA,13,left,0
389,390,3,6850.460000000001,6198.02,2363.08,1.25,389,303,BLAa,BLA,13,left,0
390,391,3,6848.82,6197.34,2364.82,1.0,390,303,BLAa,BLA,13,left,0
391,392,3,6846.4800000000005,6197.98,2365.879999999999,0.0546875,391,303,BLAa,BLA,13,left,0
392,393,3,6843.46,6198.56,2367.7000000000007,0.58203125,392,303,BLAa,BLA,13,left,0
393,394,3,6841.799999999999,6198.9,2368.72,0.58203125,393,303,BLAa,BLA,13,left,0
394,395,3,6840.1,6199.22,2369.82,1.0,394,303,BLAa,BLA,13,left,0
395,396,3,6838.16,6199.6,2370.5,0.91796875,395,303,BLAa,BLA,13,left,0
396,397,3,6836.84,6200.44,2371.34,1.0,396,303,BLAa,BLA,13,left,0
397,398,3,6835.14,6203.06,2372.32,0.75,397,303,BLAa,BLA,13,left,0
398,399,3,6833.9800000000005,6203.86,2373.74,0.66796875,398,303,BLAa,BLA,13,left,0
399,400,3,6832.219999999999,6204.9400000000005,2376.0,0.91796875,399,303,BLAa,BLA,13,left,0
400,401,3,6830.62,6206.56,2378.08,1.0,400,303,BLAa,BLA,13,left,0
401,402,3,6829.539999999999,6208.200000000001,2379.76,0.83203125,401,303,BLAa,BLA,13,left,0
402,403,3,6828.24,6211.16,2381.540000000001,1.16796875,402,303,BLAa,BLA,13,left,0
403,404,3,6826.32,6212.7,2383.24,0.83203125,403,303,BLAa,BLA,13,left,0
404,405,3,6824.46,6213.28,2384.5,0.91796875,404,303,BLAa,BLA,13,left,0
405,406,3,6822.4,6214.24,2385.0,1.0,405,303,BLAa,BLA,13,left,0
406,407,3,6821.08,6216.32,2385.66,1.41796875,406,303,BLAa,BLA,13,left,0
407,408,3,6819.139999999999,6217.68,2386.459999999999,1.0,407,303,BLAa,BLA,13,left,0
408,409,3,6818.6,6219.539999999999,2387.3,0.91796875,408,303,BLAa,BLA,13,left,0
409,410,3,6818.06,6221.96,2387.26,1.0,409,303,BLAa,BLA,13,left,0
410,411,3,6816.040000000001,6224.04,2387.459999999999,0.0546875,410,303,BLAa,BLA,13,left,0
411,412,3,6813.9400000000005,6225.38,2388.540000000001,1.0,411,303,BLAa,BLA,13,left,0
412,413,3,6811.860000000001,6224.9800000000005,2389.400000000001,1.0,412,303,BLAa,BLA,13,left,0
413,414,3,6810.36,6225.8,2390.24,1.0,413,303,BLAa,BLA,13,left,0
414,415,3,6809.04,6228.26,2390.460000000001,1.0,414,303,BLAa,BLA,13,left,0
415,416,3,6807.780000000001,6229.42,2391.2800000000007,0.83203125,415,303,BLAa,BLA,13,left,0
416,417,3,6805.72,6230.98,2391.540000000001,0.83203125,416,303,BLAa,BLA,13,left,0
417,418,3,6804.299999999999,6232.0,2392.3600000000006,1.33203125,417,303,BLAa,BLA,13,left,0
418,419,3,6802.86,6233.82,2392.8,1.0,418,303,BLAa,BLA,13,left,0
419,420,3,6801.38,6234.880000000001,2393.3600000000006,1.25,419,303,BLAa,BLA,13,left,0
420,421,3,6800.74,6236.639999999999,2394.0,1.16796875,420,303,BLAa,BLA,13,left,0
421,422,3,6799.18,6237.4400000000005,2394.32,0.66796875,421,303,BLAa,BLA,13,left,0
422,423,3,6797.9,6237.88,2395.5200000000004,0.5,422,303,BLAa,BLA,13,left,0
423,424,3,6795.879999999999,6239.9,2397.16,0.66796875,423,303,BLAa,BLA,13,left,0
424,425,3,6795.24,6241.92,2398.6800000000003,1.0,424,303,BLAa,BLA,13,left,0
425,426,3,6794.82,6243.7,2400.2000000000007,1.16796875,425,303,BLAa,BLA,13,left,0
426,427,3,6793.86,6244.8,2401.26,1.0,426,303,BLAa,BLA,13,left,0
427,428,3,6792.98,6247.759999999999,2402.6800000000003,0.83203125,427,303,BLAa,BLA,13,left,0
428,429,3,6792.12,6249.84,2403.9400000000005,0.75,428,303,BLAa,BLA,13,left,0
429,430,3,6789.58,6250.54,2404.5200000000004,0.91796875,429,303,BLAa,BLA,13,left,0
430,431,3,6787.4800000000005,6249.880000000001,2404.98,0.83203125,430,303,BLAa,BLA,13,left,0
431,432,3,6786.84,6249.6,2406.1800000000003,1.0,431,303,BLAa,BLA,13,left,0
432,433,3,6934.62,6174.46,2323.34,0.546875,24,311,BLAp,BLA,14,left,0
433,434,3,6934.76,6174.44,2325.779999999999,1.0,433,311,BLAp,BLA,14,left,0
434,435,3,6934.34,6174.160000000001,2327.98,1.0,434,311,BLAp,BLA,14,left,0
435,436,3,6933.46,6173.74,2330.32,0.91796875,435,311,BLAp,BLA,14,left,0
436,437,3,6932.66,6173.26,2333.6800000000003,1.0,436,311,BLAp,BLA,14,left,0
437,438,3,6931.4,6172.7,2335.72,1.33203125,437,311,BLAp,BLA,14,left,0
438,439,3,6931.799999999999,6172.72,2338.22,0.07421875,438,311,BLAp,BLA,14,left,0
439,440,3,6930.5,6172.12,2340.800000000001,1.0,439,311,BLAp,BLA,14,left,0
440,441,3,6929.26,6171.18,2342.9400000000005,1.25,440,311,BLAp,BLA,14,left,0
441,442,3,6928.66,6169.9,2345.119999999999,1.16796875,441,311,BLAp,BLA,14,left,0
442,443,3,6928.16,6169.299999999999,2348.9400000000005,1.08203125,442,311,BLAp,BLA,14,left,0
443,444,3,6926.599999999999,6168.62,2351.5,1.0,443,311,BLAp,BLA,14,left,0
444,445,3,6925.2,6167.9,2353.459999999999,0.75,444,311,BLAp,BLA,14,left,0
445,446,3,6924.539999999999,6166.639999999999,2354.7000000000007,1.0,445,311,BLAp,BLA,14,left,0
446,447,3,6923.66,6164.92,2356.82,1.08203125,446,311,BLAp,BLA,14,left,0
447,448,3,6921.660000000001,6163.360000000001,2359.0599999999995,1.25,447,311,BLAp,BLA,14,left,0
448,449,3,6920.280000000001,6162.02,2361.900000000001,1.25,448,311,BLAp,BLA,14,left,0
449,450,3,6919.160000000001,6160.74,2364.0200000000004,1.0,449,311,BLAp,BLA,14,left,0
450,451,3,6917.46,6159.9,2367.26,1.0,450,311,BLAp,BLA,14,left,0
451,452,3,6917.16,6159.679999999999,2369.6000000000004,1.0,451,311,BLAp,BLA,14,left,0
452,453,3,6916.34,6159.299999999999,2371.1800000000003,1.0,452,311,BLAp,BLA,14,left,0
453,454,3,6914.78,6158.64,2373.0,1.25,453,311,BLAp,BLA,14,left,0
454,455,3,6912.98,6157.92,2374.5,1.0,454,311,BLAp,BLA,14,left,0
455,456,3,6911.34,6157.3,2375.24,1.08203125,455,311,BLAp,BLA,14,left,0
456,457,3,6921.52,6150.599999999999,2332.4,0.06640625,47,311,BLAp,BLA,15,left,0
457,458,3,6919.76,6150.639999999999,2332.5200000000004,1.91796875,457,311,BLAp,BLA,15,left,0
458,459,3,6918.06,6151.26,2332.6000000000004,2.16796875,458,311,BLAp,BLA,15,left,0
459,460,3,6916.06,6152.92,2332.960000000001,1.75,459,311,BLAp,BLA,15,left,0
460,461,3,6914.76,6153.400000000001,2334.16,1.33203125,460,311,BLAp,BLA,15,left,0
461,462,3,6914.2,6154.64,2336.24,1.91796875,461,311,BLAp,BLA,15,left,0
462,463,3,6913.56,6156.12,2336.699999999999,1.0,462,311,BLAp,BLA,15,left,0
463,464,3,6911.98,6156.58,2337.74,0.75,463,311,BLAp,BLA,15,left,0
464,465,3,6909.56,6156.68,2338.72,0.75,464,311,BLAp,BLA,15,left,0
465,466,3,6907.68,6156.06,2339.76,1.41796875,465,311,BLAp,BLA,15,left,0
466,467,3,6905.5,6155.24,2340.0599999999995,0.078125,466,311,BLAp,BLA,15,left,0
467,468,3,6903.32,6155.74,2340.2000000000007,2.0,467,311,BLAp,BLA,15,left,0
468,469,3,6902.28,6156.900000000001,2340.620000000001,1.33203125,468,311,BLAp,BLA,15,left,0
469,470,3,6900.98,6157.7,2343.1800000000003,0.91796875,469,311,BLAp,BLA,15,left,0
470,471,3,6899.160000000001,6158.3,2344.42,1.25,470,311,BLAp,BLA,15,left,0
471,472,3,6897.4,6158.22,2346.0599999999995,1.0,471,311,BLAp,BLA,15,left,0
472,473,3,6894.9,6157.84,2347.540000000001,1.25,472,311,BLAp,BLA,15,left,0
473,474,3,6893.24,6158.08,2347.8,0.91796875,473,311,BLAp,BLA,15,left,0
474,475,3,6891.459999999999,6157.42,2349.1399999999994,1.0,474,311,BLAp,BLA,15,left,0
475,476,3,6889.740000000001,6156.74,2350.3,1.0,475,311,BLAp,BLA,15,left,0
476,477,3,6887.6,6155.92,2351.26,0.83203125,476,311,BLAp,BLA,15,left,0
477,478,3,6886.14,6155.74,2352.4,1.0,477,311,BLAp,BLA,15,left,0
478,479,3,6884.02,6155.900000000001,2352.7800000000007,1.0,478,311,BLAp,BLA,15,left,0
479,480,3,6882.02,6155.299999999999,2353.7800000000007,1.0,479,311,BLAp,BLA,15,left,0
480,481,3,6879.400000000001,6154.299999999999,2354.58,1.0,480,311,BLAp,BLA,15,left,0
481,482,3,6877.26,6153.5,2354.82,1.0,481,311,BLAp,BLA,15,left,0
482,483,3,6875.66,6152.88,2355.0200000000004,1.08203125,482,311,BLAp,BLA,15,left,0
483,484,3,6874.02,6152.26,2355.4400000000005,0.08984375,483,311,BLAp,BLA,15,left,0
484,485,3,6871.92,6151.42,2356.720000000001,1.66796875,484,311,BLAp,BLA,15,left,0
485,486,3,6869.42,6150.460000000001,2357.66,1.58203125,485,311,BLAp,BLA,15,left,0
486,487,3,6867.9,6149.84,2358.74,1.5,486,311,BLAp,BLA,15,left,0
487,488,3,6865.66,6148.92,2360.539999999999,1.16796875,487,311,BLAp,BLA,15,left,0
488,489,3,6863.719999999999,6148.3,2361.720000000001,1.0,488,303,BLAa,BLA,15,left,0
489,490,3,6862.179999999999,6148.82,2362.6399999999994,1.16796875,489,303,BLAa,BLA,15,left,0
490,491,3,6860.599999999999,6148.4400000000005,2364.0599999999995,1.25,490,303,BLAa,BLA,15,left,0
491,492,3,6858.5,6147.6,2365.1399999999994,1.66796875,491,303,BLAa,BLA,15,left,0
492,493,3,6921.54,6151.12,2332.34,0.06640625,47,311,BLAp,BLA,16,left,0
493,494,3,6920.54,6152.56,2332.5200000000004,2.0,493,311,BLAp,BLA,16,left,0
494,495,3,6920.5,6153.22,2334.6800000000003,3.25,494,311,BLAp,BLA,16,left,0
495,496,3,6920.66,6153.16,2337.119999999999,1.33203125,495,311,BLAp,BLA,16,left,0
496,497,3,6920.299999999999,6152.92,2339.0599999999995,1.0,496,311,BLAp,BLA,16,left,0
497,498,3,6919.52,6153.82,2340.3599999999988,1.33203125,497,311,BLAp,BLA,16,left,0
498,499,3,6919.06,6155.9400000000005,2341.5200000000004,1.0,498,311,BLAp,BLA,16,left,0
499,500,3,6918.92,6156.900000000001,2343.039999999999,1.0,499,311,BLAp,BLA,16,left,0
500,501,3,6917.94,6157.94,2343.459999999999,0.08203125,500,311,BLAp,BLA,16,left,0
501,502,3,6917.32,6158.6,2345.9,1.16796875,501,311,BLAp,BLA,16,left,0
502,503,3,6916.52,6159.26,2347.8599999999988,0.58203125,502,311,BLAp,BLA,16,left,0
503,504,3,6916.040000000001,6160.68,2350.5,1.08203125,503,311,BLAp,BLA,16,left,0
504,505,3,6915.78,6162.42,2352.66,1.08203125,504,311,BLAp,BLA,16,left,0
505,506,3,6915.860000000001,6162.94,2355.959999999999,1.33203125,505,311,BLAp,BLA,16,left,0
506,507,3,6915.9400000000005,6163.139999999999,2358.34,1.16796875,506,311,BLAp,BLA,16,left,0
507,508,3,6915.72,6164.02,2359.7000000000007,0.58203125,507,311,BLAp,BLA,16,left,0
508,509,3,6914.96,6163.92,2361.48,1.0,508,311,BLAp,BLA,16,left,0
509,510,3,6914.2,6163.540000000001,2363.6399999999994,1.08203125,509,311,BLAp,BLA,16,left,0
510,511,3,6913.82,6163.9400000000005,2366.1000000000004,1.41796875,510,311,BLAp,BLA,16,left,0
511,512,3,6914.24,6165.320000000001,2368.32,0.5,511,311,BLAp,BLA,16,left,0
512,513,3,6914.52,6167.36,2371.3,0.91796875,512,311,BLAp,BLA,16,left,0
513,514,3,6914.299999999999,6168.74,2372.7800000000007,1.0,513,311,BLAp,BLA,16,left,0
514,515,3,6914.120000000001,6170.16,2375.1800000000003,0.83203125,514,311,BLAp,BLA,16,left,0
515,516,3,6913.7,6171.620000000001,2376.879999999999,0.5,515,311,BLAp,BLA,16,left,0
516,517,3,6912.68,6171.7,2378.7000000000007,1.0,516,311,BLAp,BLA,16,left,0
517,518,3,6911.4800000000005,6172.28,2381.66,0.75,517,311,BLAp,BLA,16,left,0
518,519,3,6910.82,6172.5,2383.84,0.66796875,518,311,BLAp,BLA,16,left,0
519,520,3,6910.22,6173.32,2385.42,0.91796875,519,311,BLAp,BLA,16,left,0
520,521,3,6909.22,6173.16,2387.1000000000004,1.0,520,311,BLAp,BLA,16,left,0
521,522,3,6908.400000000001,6172.84,2390.460000000001,0.91796875,521,311,BLAp,BLA,16,left,0
522,523,3,6908.339999999999,6173.64,2392.4400000000005,0.5,522,311,BLAp,BLA,16,left,0
523,524,3,6908.400000000001,6174.06,2395.1800000000003,1.0,523,311,BLAp,BLA,16,left,0
524,525,3,6908.22,6175.24,2396.2800000000007,0.16796875,524,311,BLAp,BLA,16,left,0
525,526,3,6908.08,6176.42,2398.48,1.0,525,311,BLAp,BLA,16,left,0
526,527,3,6907.820000000001,6178.06,2400.0200000000004,0.83203125,526,311,BLAp,BLA,16,left,0
527,528,3,6907.64,6179.6,2402.7800000000007,0.91796875,527,311,BLAp,BLA,16,left,0
528,529,3,6907.380000000001,6179.62,2405.7000000000007,1.0,528,311,BLAp,BLA,16,left,0
529,530,3,6906.68,6180.259999999999,2407.619999999999,1.25,529,311,BLAp,BLA,16,left,0
530,531,3,6906.52,6180.54,2410.879999999999,0.83203125,530,311,BLAp,BLA,16,left,0
531,532,3,6905.900000000001,6180.24,2412.5200000000004,0.75,531,311,BLAp,BLA,16,left,0
532,533,3,6905.900000000001,6180.119999999999,2415.460000000001,1.0,532,311,BLAp,BLA,16,left,0
533,534,3,6905.879999999999,6180.0,2417.880000000001,1.0,533,311,BLAp,BLA,16,left,0
534,535,3,6905.2,6179.76,2419.9400000000005,0.75,534,311,BLAp,BLA,16,left,0
535,536,3,6904.92,6180.5,2422.1000000000004,0.75,535,311,BLAp,BLA,16,left,0
536,537,3,6904.22,6180.879999999999,2424.66,0.83203125,536,311,BLAp,BLA,16,left,0
537,538,3,6903.8,6181.78,2426.24,0.83203125,537,311,BLAp,BLA,16,left,0
538,539,3,6903.22,6181.74,2428.379999999999,0.58203125,538,311,BLAp,BLA,16,left,0
539,540,3,6902.14,6181.24,2430.779999999999,0.66796875,539,311,BLAp,BLA,16,left,0
540,541,3,6902.0,6181.1,2433.3600000000006,1.0,540,311,BLAp,BLA,16,left,0
541,542,3,6901.56,6180.860000000001,2435.1800000000003,1.0,541,311,BLAp,BLA,16,left,0
542,543,3,6900.5,6180.44,2435.76,0.66796875,542,311,BLAp,BLA,16,left,0
543,544,3,6900.08,6180.2,2438.0200000000004,1.0,543,311,BLAp,BLA,16,left,0
544,545,3,6900.34,6180.16,2441.84,1.0,544,311,BLAp,BLA,16,left,0
545,546,3,6900.639999999999,6180.1,2445.9400000000005,1.0,545,311,BLAp,BLA,16,left,0
546,547,3,6900.92,6180.04,2450.0200000000004,1.0,546,311,BLAp,BLA,16,left,0
547,548,3,6901.54,6179.539999999999,2452.82,1.16796875,547,311,BLAp,BLA,16,left,0
548,549,3,6903.16,6179.22,2453.9400000000005,1.0,548,311,BLAp,BLA,16,left,0
549,550,3,6904.0,6178.64,2456.16,0.0546875,549,303,BLAa,BLA,16,left,0
550,551,3,6904.48,6177.6,2459.34,0.91796875,550,303,BLAa,BLA,16,left,0
551,552,3,6904.8,6176.620000000001,2460.9400000000005,1.0,551,303,BLAa,BLA,16,left,0
552,553,3,6905.06,6176.34,2463.8600000000006,1.0,552,303,BLAa,BLA,16,left,0
553,554,3,6905.04,6176.24,2466.2800000000007,1.0,553,303,BLAa,BLA,16,left,0
554,555,3,6904.48,6175.72,2467.9,0.83203125,554,303,BLAa,BLA,16,left,0
555,556,3,6904.700000000001,6174.26,2469.6000000000004,1.08203125,555,303,BLAa,BLA,16,left,0
556,557,3,6905.44,6172.039999999999,2473.0600000000013,1.0,556,303,BLAa,BLA,16,left,0
557,558,3,6905.879999999999,6170.599999999999,2474.779999999999,1.0,557,303,BLAa,BLA,16,left,0
558,559,3,6905.599999999999,6169.34,2477.1000000000004,0.91796875,558,303,BLAa,BLA,16,left,0
559,560,3,6904.8,6167.32,2478.0600000000013,0.5,559,303,BLAa,BLA,16,left,0
560,561,3,6904.92,6165.68,2480.040000000001,2.83203125,560,303,BLAa,BLA,16,left,0
561,562,3,6906.06,6165.0,2482.16,1.0,561,303,BLAa,BLA,16,left,0
562,563,3,6907.88,6165.639999999999,2483.26,1.0,562,303,BLAa,BLA,16,left,0
563,564,3,6910.4,6166.5,2485.4,1.0,563,303,BLAa,BLA,16,left,0
564,565,3,6911.78,6166.7,2486.58,0.91796875,564,303,BLAa,BLA,16,left,0
565,566,3,6913.56,6166.24,2486.699999999999,1.0,565,303,BLAa,BLA,16,left,0
566,567,3,6915.36,6166.639999999999,2486.900000000001,0.5,566,303,BLAa,BLA,16,left,0
567,568,3,6917.58,6166.18,2488.0200000000004,0.83203125,567,303,BLAa,BLA,16,left,0
568,569,3,6919.48,6165.74,2488.880000000001,0.58203125,568,303,BLAa,BLA,16,left,0
569,570,3,6920.48,6163.8,2489.9400000000005,1.33203125,569,303,BLAa,BLA,16,left,0
570,571,3,6922.42,6163.06,2490.48,0.83203125,570,303,BLAa,BLA,16,left,0
571,572,3,6925.1,6163.339999999999,2490.24,0.83203125,571,303,BLAa,BLA,16,left,0
572,573,3,6926.88,6163.139999999999,2490.2800000000007,0.66796875,572,303,BLAa,BLA,16,left,0
573,574,3,6927.9,6163.379999999999,2491.380000000001,1.0,573,303,BLAa,BLA,16,left,1
574,575,3,6942.14,6188.12,2316.22,0.11328125,66,311,BLAp,BLA,17,left,0
575,576,3,6941.56,6190.78,2317.119999999999,0.75,575,311,BLAp,BLA,17,left,0
576,577,3,6940.700000000001,6193.200000000001,2317.4,1.0,576,311,BLAp,BLA,17,left,0
577,578,3,6939.76,6194.120000000001,2318.26,0.58203125,577,311,BLAp,BLA,17,left,0
578,579,3,6939.26,6196.14,2319.74,0.91796875,578,311,BLAp,BLA,17,left,0
579,580,3,6938.780000000001,6198.5,2320.74,0.75,579,311,BLAp,BLA,17,left,0
580,581,3,6937.54,6198.88,2321.4,0.08203125,580,311,BLAp,BLA,17,left,0
581,582,3,6936.4400000000005,6200.460000000001,2322.9,0.58203125,581,311,BLAp,BLA,17,left,0
582,583,3,6935.44,6203.32,2324.5599999999995,1.33203125,582,311,BLAp,BLA,17,left,0
583,584,3,6934.740000000001,6206.5,2325.3,1.0,583,311,BLAp,BLA,17,left,0
584,585,3,6934.84,6208.0,2325.92,1.16796875,584,311,BLAp,BLA,17,left,0
585,586,3,6936.219999999999,6209.04,2325.84,1.0,585,311,BLAp,BLA,17,left,0
586,587,3,6941.98,6188.28,2313.7000000000007,0.11328125,66,311,BLAp,BLA,18,left,0
587,588,3,6940.119999999999,6191.4800000000005,2313.379999999999,0.91796875,587,311,BLAp,BLA,18,left,0
588,589,3,6938.64,6193.04,2313.34,1.0,588,311,BLAp,BLA,18,left,0
589,590,3,6937.42,6194.9400000000005,2312.22,0.0546875,589,311,BLAp,BLA,18,left,0
590,591,3,6935.96,6198.3,2311.6800000000003,1.0,590,311,BLAp,BLA,18,left,0
591,592,3,6935.34,6201.06,2311.48,1.0,591,311,BLAp,BLA,18,left,0
592,593,3,6934.360000000001,6203.86,2311.3,0.66796875,592,311,BLAp,BLA,18,left,0
593,594,3,6932.820000000001,6205.98,2311.22,1.0,593,311,BLAp,BLA,18,left,0
594,595,3,6930.9400000000005,6208.360000000001,2311.1399999999994,0.83203125,594,311,BLAp,BLA,18,left,0
595,596,3,6928.76,6209.64,2310.84,0.75,595,311,BLAp,BLA,18,left,0
596,597,3,6927.68,6211.12,2309.880000000001,0.91796875,596,311,BLAp,BLA,18,left,0
597,598,3,6923.66,6214.08,2309.779999999999,0.91796875,597,311,BLAp,BLA,18,left,0
598,599,3,6921.12,6216.08,2309.460000000001,0.83203125,598,311,BLAp,BLA,18,left,0
599,600,3,6919.64,6217.06,2308.6399999999994,1.0,599,311,BLAp,BLA,18,left,0
600,601,3,6917.0,6218.92,2308.16,0.66796875,600,311,BLAp,BLA,18,left,0
601,602,3,6914.86,6219.82,2307.34,1.33203125,601,311,BLAp,BLA,18,left,0
602,603,3,6913.200000000001,6221.24,2307.1800000000003,1.0,602,311,BLAp,BLA,18,left,0
603,604,3,6911.219999999999,6222.16,2306.900000000001,0.5,603,311,BLAp,BLA,18,left,0
604,605,3,6910.24,6223.379999999999,2306.0200000000004,0.5,604,311,BLAp,BLA,18,left,0
605,606,3,6908.24,6223.76,2305.16,1.0,605,311,BLAp,BLA,18,left,0
606,607,3,6906.12,6224.139999999999,2303.6800000000003,0.66796875,606,311,BLAp,BLA,18,left,0
607,608,3,6904.08,6224.26,2302.4400000000005,0.91796875,607,311,BLAp,BLA,18,left,0
608,609,3,6901.459999999999,6225.22,2302.2000000000007,0.83203125,608,311,BLAp,BLA,18,left,0
609,610,3,6899.34,6226.82,2302.0200000000004,0.75,609,311,BLAp,BLA,18,left,0
610,611,3,6898.139999999999,6228.32,2301.1399999999994,1.08203125,610,311,BLAp,BLA,18,left,0
611,612,3,6896.18,6229.24,2300.8600000000006,1.08203125,611,311,BLAp,BLA,18,left,0
612,613,3,6895.4,6230.860000000001,2300.779999999999,1.0,612,311,BLAp,BLA,18,left,0
613,614,3,6894.48,6232.26,2300.74,0.16796875,613,311,BLAp,BLA,18,left,0
614,615,3,6892.039999999999,6233.139999999999,2300.84,1.0,614,311,BLAp,BLA,18,left,0
615,616,3,6890.460000000001,6234.02,2300.66,1.0,615,311,BLAp,BLA,18,left,0
616,617,3,6889.360000000001,6235.92,2299.199999999999,0.83203125,616,311,BLAp,BLA,18,left,0
617,618,3,6888.6,6238.46,2298.0600000000013,0.75,617,311,BLAp,BLA,18,left,0
618,619,3,6886.900000000001,6241.56,2297.74,1.0,618,311,BLAp,BLA,18,left,0
619,620,3,6886.18,6244.28,2297.34,1.25,619,311,BLAp,BLA,18,left,0
620,621,3,6885.74,6245.9400000000005,2296.32,1.0,620,311,BLAp,BLA,18,left,0
621,622,3,6885.02,6249.0,2295.879999999999,1.41796875,621,311,BLAp,BLA,18,left,0
622,623,3,6884.06,6253.22,2295.5999999999985,1.33203125,622,311,BLAp,BLA,18,left,0
623,624,3,6883.400000000001,6256.040000000001,2295.4,1.41796875,623,311,BLAp,BLA,18,left,0
624,625,3,6882.7,6258.959999999999,2294.84,0.83203125,624,311,BLAp,BLA,18,left,0
625,626,3,6881.72,6261.14,2293.9,1.16796875,625,311,BLAp,BLA,18,left,0
626,627,3,6878.62,6262.08,2293.72,1.0,626,311,BLAp,BLA,18,left,0
627,628,3,6876.76,6262.88,2292.960000000001,0.91796875,627,311,BLAp,BLA,18,left,0
628,629,3,6874.64,6263.58,2292.7000000000007,0.91796875,628,311,BLAp,BLA,18,left,0
629,630,3,6872.780000000001,6264.78,2292.74,1.0,629,311,BLAp,BLA,18,left,0
630,631,3,6870.34,6266.4,2292.140000000001,0.91796875,630,311,BLAp,BLA,18,left,0
631,632,3,6868.540000000001,6268.42,2290.7000000000007,1.08203125,631,311,BLAp,BLA,18,left,0
632,633,3,6867.56,6269.740000000001,2289.1800000000003,0.5,632,311,BLAp,BLA,18,left,0
633,634,3,6866.14,6269.740000000001,2288.72,0.5,633,311,BLAp,BLA,18,left,0
634,635,3,6865.1,6271.56,2288.279999999999,1.0,634,311,BLAp,BLA,18,left,0
635,636,3,6864.52,6273.9,2287.3,0.91796875,635,303,BLAa,BLA,18,left,0
636,637,3,6863.04,6275.98,2287.0,1.0,636,303,BLAa,BLA,18,left,0
637,638,3,6861.74,6276.26,2286.32,0.75,637,303,BLAa,BLA,18,left,0
638,639,3,6860.04,6278.099999999999,2285.76,1.0,638,303,BLAa,BLA,18,left,0
639,640,3,6857.200000000001,6280.08,2285.2000000000007,0.5,639,303,BLAa,BLA,18,left,0
640,641,3,6855.860000000001,6281.219999999999,2284.5200000000004,1.0,640,303,BLAa,BLA,18,left,0
641,642,3,6853.74,6284.26,2284.32,0.0234375,641,303,BLAa,BLA,18,left,0
642,643,3,6852.219999999999,6285.62,2283.5,0.83203125,642,303,BLAa,BLA,18,left,0
643,644,3,6850.700000000001,6288.06,2282.960000000001,0.75,643,303,BLAa,BLA,18,left,0
644,645,3,6849.62,6290.96,2282.8,0.91796875,644,303,BLAa,BLA,18,left,0
645,646,3,6848.64,6292.58,2282.76,1.0,645,303,BLAa,BLA,18,left,0
646,647,3,6847.1,6292.86,2282.8599999999988,1.0,646,303,BLAa,BLA,18,left,0
647,648,3,6845.54,6294.400000000001,2282.8599999999988,0.75,647,303,BLAa,BLA,18,left,0
648,649,3,6844.719999999999,6296.660000000001,2282.98,0.83203125,648,884,amc,amc,18,left,0
649,650,3,6844.6,6297.5,2284.0599999999995,1.0,649,884,amc,amc,18,left,1
650,651,3,6962.4400000000005,6148.08,2280.879999999999,0.01171875,78,311,BLAp,BLA,19,left,0
651,652,3,6960.66,6147.4800000000005,2280.08,1.5,651,311,BLAp,BLA,19,left,0
652,653,3,6958.88,6146.860000000001,2279.640000000001,1.41796875,652,311,BLAp,BLA,19,left,0
653,654,3,6957.240000000001,6146.38,2277.720000000001,1.0,653,311,BLAp,BLA,19,left,0
654,655,3,6955.04,6145.66,2276.540000000001,1.08203125,654,311,BLAp,BLA,19,left,0
655,656,3,6953.04,6144.9800000000005,2275.5200000000004,1.0,655,311,BLAp,BLA,19,left,0
656,657,3,6951.92,6144.6,2275.34,0.16796875,656,311,BLAp,BLA,19,left,0
657,658,3,6949.400000000001,6143.68,2275.539999999999,1.0,657,311,BLAp,BLA,19,left,0
658,659,3,6946.599999999999,6142.68,2275.84,1.08203125,658,311,BLAp,BLA,19,left,0
659,660,3,6944.44,6142.54,2276.0200000000004,1.16796875,659,311,BLAp,BLA,19,left,0
660,661,3,6941.219999999999,6142.200000000001,2276.3,1.0,660,311,BLAp,BLA,19,left,0
661,662,3,6937.92,6140.98,2276.66,1.08203125,661,311,BLAp,BLA,19,left,0
662,663,3,6935.700000000001,6140.16,2276.900000000001,1.16796875,662,311,BLAp,BLA,19,left,0
663,664,3,6933.379999999999,6139.299999999999,2277.16,0.09765625,663,311,BLAp,BLA,19,left,0
664,665,3,6931.7,6139.360000000001,2277.279999999999,2.0,664,311,BLAp,BLA,19,left,0
665,666,3,6929.62,6140.08,2277.3600000000006,2.41796875,665,311,BLAp,BLA,19,left,0
666,667,3,6927.200000000001,6141.42,2277.42,0.91796875,666,311,BLAp,BLA,19,left,0
667,668,3,6925.1,6142.3,2277.5,1.16796875,667,311,BLAp,BLA,19,left,0
668,669,3,6922.84,6142.26,2277.6800000000003,1.66796875,668,311,BLAp,BLA,19,left,0
669,670,3,6921.06,6142.619999999999,2277.7800000000007,1.5,669,311,BLAp,BLA,19,left,0
670,671,3,6918.339999999999,6143.360000000001,2277.92,1.25,670,311,BLAp,BLA,19,left,0
671,672,3,6915.62,6144.120000000001,2277.8599999999988,1.25,671,311,BLAp,BLA,19,left,0
672,673,3,6914.26,6145.4,2277.0,1.33203125,672,311,BLAp,BLA,19,left,0
673,674,3,6912.28,6146.32,2276.720000000001,1.25,673,311,BLAp,BLA,19,left,0
674,675,3,6911.52,6147.960000000001,2276.620000000001,1.0,674,311,BLAp,BLA,19,left,0
675,676,3,6909.52,6148.12,2276.76,0.08203125,675,311,BLAp,BLA,19,left,0
676,677,3,6907.619999999999,6149.76,2276.76,1.0,676,311,BLAp,BLA,19,left,0
677,678,3,6905.900000000001,6151.620000000001,2276.720000000001,1.0,677,311,BLAp,BLA,19,left,0
678,679,3,6903.099999999999,6152.5,2276.699999999999,0.83203125,678,311,BLAp,BLA,19,left,0
679,680,3,6900.98,6153.099999999999,2275.74,1.33203125,679,311,BLAp,BLA,19,left,0
680,681,3,6898.68,6154.26,2274.34,1.16796875,680,311,BLAp,BLA,19,left,0
681,682,3,6896.76,6154.18,2273.1800000000003,1.0,681,311,BLAp,BLA,19,left,0
682,683,3,6894.679999999999,6153.5,2273.26,1.0,682,311,BLAp,BLA,19,left,0
683,684,3,6892.4800000000005,6153.66,2273.42,1.0,683,311,BLAp,BLA,19,left,0
684,685,3,6890.22,6153.58,2273.6000000000004,0.75,684,311,BLAp,BLA,19,left,0
685,686,3,6887.72,6153.9400000000005,2273.76,1.08203125,685,311,BLAp,BLA,19,left,0
686,687,3,6885.58,6154.120000000001,2273.9,1.0,686,311,BLAp,BLA,19,left,0
687,688,3,6882.66,6153.64,2274.1800000000003,1.0,687,311,BLAp,BLA,19,left,0
688,689,3,6880.52,6152.84,2274.42,1.0,688,311,BLAp,BLA,19,left,0
689,690,3,6876.92,6151.52,2274.2800000000007,0.01953125,689,311,BLAp,BLA,19,left,0
690,691,3,6874.9,6150.879999999999,2273.74,0.91796875,690,311,BLAp,BLA,19,left,0
691,692,3,6872.039999999999,6150.839999999999,2273.880000000001,0.75,691,311,BLAp,BLA,19,left,0
692,693,3,6868.64,6150.639999999999,2274.1800000000003,1.08203125,692,311,BLAp,BLA,19,left,0
693,694,3,6866.54,6151.12,2274.3,1.0,693,311,BLAp,BLA,19,left,0
694,695,3,6863.8,6151.88,2274.460000000001,1.0,694,311,BLAp,BLA,19,left,0
695,696,3,6860.9400000000005,6152.98,2274.58,0.91796875,695,311,BLAp,BLA,19,left,0
696,697,3,6858.52,6153.08,2274.76,1.16796875,696,311,BLAp,BLA,19,left,0
697,698,3,6857.34,6153.48,2275.0599999999995,0.91796875,697,311,BLAp,BLA,19,left,0
698,699,3,6855.299999999999,6152.780000000001,2276.34,0.91796875,698,311,BLAp,BLA,19,left,0
699,700,3,6852.619999999999,6152.380000000001,2276.699999999999,1.0,699,303,BLAa,BLA,19,left,0
700,701,3,6850.320000000001,6152.4400000000005,2276.380000000001,0.83203125,700,303,BLAa,BLA,19,left,0
701,702,3,6848.200000000001,6152.16,2275.76,1.0,701,303,BLAa,BLA,19,left,0
702,703,3,6845.44,6152.799999999999,2275.74,0.91796875,702,303,BLAa,BLA,19,left,0
703,704,3,6842.1,6153.88,2274.8600000000006,0.83203125,703,303,BLAa,BLA,19,left,0
704,705,3,6840.1,6154.86,2274.24,0.66796875,704,303,BLAa,BLA,19,left,0
705,706,3,6837.7,6155.62,2271.74,0.75,705,303,BLAa,BLA,19,left,0
706,707,3,6835.82,6156.54,2270.8600000000006,0.91796875,706,303,BLAa,BLA,19,left,0
707,708,3,6834.160000000001,6157.6,2270.800000000001,0.1015625,707,303,BLAa,BLA,19,left,0
708,709,3,6832.02,6157.1,2271.0,1.0,708,303,BLAa,BLA,19,left,0
709,710,3,6830.14,6157.3,2271.1399999999994,0.66796875,709,303,BLAa,BLA,19,left,0
710,711,3,6827.58,6156.96,2271.0200000000004,0.91796875,710,303,BLAa,BLA,19,left,0
711,712,3,6825.38,6156.96,2270.34,0.83203125,711,303,BLAa,BLA,19,left,0
712,713,3,6822.52,6156.799999999999,2269.92,1.0,712,303,BLAa,BLA,19,left,0
713,714,3,6821.82,6157.64,2269.1399999999994,1.25,713,303,BLAa,BLA,19,left,0
714,715,3,6967.88,6150.08,2280.3,0.09765625,78,311,BLAp,BLA,20,left,0
715,716,3,6968.719999999999,6148.68,2278.619999999999,1.0,715,311,BLAp,BLA,20,left,0
716,717,3,6969.52,6146.660000000001,2277.2000000000007,1.33203125,716,311,BLAp,BLA,20,left,0
717,718,3,6971.24,6146.08,2276.1800000000003,0.83203125,717,311,BLAp,BLA,20,left,0
718,719,3,6971.98,6144.22,2274.539999999999,1.0,718,311,BLAp,BLA,20,left,0
719,720,3,6972.66,6143.0,2271.58,1.0,719,311,BLAp,BLA,20,left,0
720,721,3,6974.02,6143.88,2269.779999999999,0.75,720,311,BLAp,BLA,20,left,0
721,722,3,6974.679999999999,6145.259999999999,2267.380000000001,0.75,721,311,BLAp,BLA,20,left,0
722,723,3,6976.42,6146.219999999999,2266.08,0.04296875,722,311,BLAp,BLA,20,left,0
723,724,3,6978.62,6147.179999999999,2263.5,1.0,723,311,BLAp,BLA,20,left,0
724,725,3,6980.02,6148.379999999999,2261.84,1.0,724,311,BLAp,BLA,20,left,0
725,726,3,6981.4400000000005,6149.92,2260.76,1.08203125,725,311,BLAp,BLA,20,left,0
726,727,3,6983.64,6151.900000000001,2259.400000000001,1.08203125,726,311,BLAp,BLA,20,left,0
727,728,3,6985.599999999999,6153.08,2257.84,1.0,727,311,BLAp,BLA,20,left,0
728,729,3,6987.7,6153.9400000000005,2256.24,1.08203125,728,311,BLAp,BLA,20,left,0
729,730,3,6990.280000000001,6155.04,2253.08,1.0,729,311,BLAp,BLA,20,left,0
730,731,3,6991.94,6155.54,2250.92,0.75,730,311,BLAp,BLA,20,left,0
731,732,3,6993.08,6155.06,2249.82,1.0,731,311,BLAp,BLA,20,left,0
732,733,3,6994.9800000000005,6155.08,2248.08,0.83203125,732,311,BLAp,BLA,20,left,0
733,734,3,6995.34,6154.360000000001,2246.6000000000004,1.41796875,733,311,BLAp,BLA,20,left,0
734,735,3,6997.86,6155.1,2245.9400000000005,0.078125,734,311,BLAp,BLA,20,left,0
735,736,3,6999.8,6155.82,2245.0599999999995,1.25,735,311,BLAp,BLA,20,left,0
736,737,3,7000.860000000001,6156.280000000001,2243.66,0.91796875,736,311,BLAp,BLA,20,left,0
737,738,3,7002.9,6156.72,2241.8,0.91796875,737,311,BLAp,BLA,20,left,0
738,739,3,7003.9800000000005,6155.78,2240.0599999999995,0.91796875,738,311,BLAp,BLA,20,left,0
739,740,3,7005.78,6155.18,2237.9,0.5,739,311,BLAp,BLA,20,left,0
740,741,3,7007.4800000000005,6154.84,2236.620000000001,0.66796875,740,311,BLAp,BLA,20,left,0
741,742,3,7008.7,6155.0,2234.460000000001,1.25,741,311,BLAp,BLA,20,left,0
742,743,3,7009.9,6155.48,2233.42,1.0,742,311,BLAp,BLA,20,left,0
743,744,3,7011.3,6154.9400000000005,2230.76,0.58203125,743,311,BLAp,BLA,20,left,0
744,745,3,7013.02,6154.26,2229.08,1.0,744,311,BLAp,BLA,20,left,0
745,746,3,7015.119999999999,6154.64,2226.8600000000006,1.08203125,745,311,BLAp,BLA,20,left,0
746,747,3,7016.54,6155.18,2224.92,0.91796875,746,311,BLAp,BLA,20,left,0
747,748,3,7017.74,6154.740000000001,2223.0999999999985,0.5,747,311,BLAp,BLA,20,left,0
748,749,3,7018.9400000000005,6154.120000000001,2221.24,1.33203125,748,311,BLAp,BLA,20,left,0
749,750,3,7021.040000000001,6153.7,2219.84,0.5,749,311,BLAp,BLA,20,left,0
750,751,3,7021.42,6152.98,2218.34,0.91796875,750,311,BLAp,BLA,20,left,0
751,752,3,7023.540000000001,6153.56,2217.119999999999,0.05078125,751,311,BLAp,BLA,20,left,0
752,753,3,7024.84,6153.16,2215.800000000001,1.0,752,311,BLAp,BLA,20,left,0
753,754,3,7025.08,6152.240000000001,2213.880000000001,1.16796875,753,311,BLAp,BLA,20,left,0
754,755,3,7025.68,6150.76,2212.3600000000006,0.91796875,754,311,BLAp,BLA,20,left,0
755,756,3,7026.68,6149.84,2210.9400000000005,1.0,755,311,BLAp,BLA,20,left,0
756,757,3,7028.24,6149.42,2208.0999999999985,1.0,756,311,BLAp,BLA,20,left,0
757,758,3,7029.700000000001,6149.0,2205.24,0.83203125,757,311,BLAp,BLA,20,left,0
758,759,3,7030.36,6148.66,2202.6399999999994,1.0,758,311,BLAp,BLA,20,left,0
759,760,3,7030.900000000001,6148.04,2201.1800000000003,1.0,759,311,BLAp,BLA,20,left,0
760,761,3,7032.179999999999,6148.52,2199.2800000000007,0.75,760,311,BLAp,BLA,20,left,0
761,762,3,7033.780000000001,6148.7,2197.039999999999,1.0,761,311,BLAp,BLA,20,left,0
762,763,3,7035.320000000001,6148.48,2195.1399999999994,0.91796875,762,311,BLAp,BLA,20,left,0
763,764,3,7036.72,6149.04,2191.98,1.0,763,311,BLAp,BLA,20,left,0
764,765,3,7038.28,6149.2,2189.7000000000007,0.5,764,311,BLAp,BLA,20,left,0
765,766,3,7039.82,6148.9800000000005,2187.7800000000007,1.0,765,311,BLAp,BLA,20,left,0
766,767,3,7040.5,6149.34,2183.84,1.16796875,766,311,BLAp,BLA,20,left,0
767,768,3,7040.38,6149.46,2181.16,1.16796875,767,311,BLAp,BLA,20,left,0
768,769,3,7040.259999999999,6149.539999999999,2179.120000000001,1.0,768,311,BLAp,BLA,20,left,0
769,770,3,7040.9400000000005,6149.9,2177.4,0.11328125,769,311,BLAp,BLA,20,left,0
770,771,3,7042.200000000001,6150.44,2175.620000000001,1.0,770,311,BLAp,BLA,20,left,0
771,772,3,7043.68,6151.08,2173.6800000000003,1.0,771,311,BLAp,BLA,20,left,0
772,773,3,7045.259999999999,6151.58,2172.5,0.5,772,311,BLAp,BLA,20,left,0
773,774,3,7045.76,6150.98,2171.2800000000007,1.0,773,311,BLAp,BLA,20,left,0
774,775,3,7046.52,6150.860000000001,2168.6399999999994,0.75,774,311,BLAp,BLA,20,left,0
775,776,3,7047.74,6151.4,2166.8,1.0,775,311,BLAp,BLA,20,left,0
776,777,3,7049.299999999999,6150.98,2165.26,1.0,776,311,BLAp,BLA,20,left,0
777,778,3,7050.52,6149.539999999999,2163.619999999999,1.16796875,777,311,BLAp,BLA,20,left,0
778,779,3,7051.76,6148.6,2160.58,1.08203125,778,311,BLAp,BLA,20,left,0
779,780,3,7052.780000000001,6149.120000000001,2157.8,0.66796875,779,311,BLAp,BLA,20,left,0
780,781,3,7054.8,6149.9400000000005,2156.0,1.25,780,311,BLAp,BLA,20,left,0
781,782,3,7055.92,6150.68,2153.22,0.5,781,311,BLAp,BLA,20,left,0
782,783,3,7057.06,6152.1,2151.98,0.91796875,782,311,BLAp,BLA,20,left,0
783,784,3,7057.86,6152.92,2149.779999999999,1.0,783,311,BLAp,BLA,20,left,0
784,785,3,7058.76,6152.98,2146.08,0.66796875,784,311,BLAp,BLA,20,left,0
785,786,3,7059.96,6152.619999999999,2144.199999999999,1.25,785,311,BLAp,BLA,20,left,0
786,787,3,7061.36,6152.64,2142.8599999999988,0.13671875,786,311,BLAp,BLA,20,left,0
787,788,3,7062.46,6151.599999999999,2141.119999999999,1.0,787,311,BLAp,BLA,20,left,0
788,789,3,7064.679999999999,6150.38,2139.400000000001,1.0,788,311,BLAp,BLA,20,left,0
789,790,3,7066.639999999999,6150.38,2137.6800000000003,0.83203125,789,311,BLAp,BLA,20,left,0
790,791,3,7069.08,6150.22,2135.84,1.0,790,311,BLAp,BLA,20,left,0
791,792,3,7071.4400000000005,6150.96,2134.0,1.0,791,131,LA,LA,20,left,0
792,793,3,7072.52,6151.42,2132.58,1.0,792,131,LA,LA,20,left,0
793,794,3,7073.400000000001,6151.900000000001,2129.8,1.0,793,131,LA,LA,20,left,0
794,795,3,7073.56,6152.14,2127.08,1.0,794,131,LA,LA,20,left,0
795,796,3,7074.299999999999,6152.4400000000005,2124.92,1.0,795,131,LA,LA,20,left,0
796,797,3,7074.64,6151.84,2123.08,0.91796875,796,131,LA,LA,20,left,0
797,798,3,7075.8,6151.78,2120.92,1.0,797,131,LA,LA,20,left,0
798,799,3,7077.1,6152.4400000000005,2117.82,1.08203125,798,131,LA,LA,20,left,0
799,800,3,7078.780000000001,6152.4400000000005,2115.7000000000007,0.5,799,131,LA,LA,20,left,0
800,801,3,7079.9400000000005,6152.200000000001,2113.880000000001,0.58203125,800,131,LA,LA,20,left,0
801,802,3,7082.5,6153.139999999999,2112.0,0.01171875,801,131,LA,LA,20,left,0
802,803,3,7084.880000000001,6153.379999999999,2110.2000000000007,0.91796875,802,131,LA,LA,20,left,0
803,804,3,7086.06,6152.54,2108.72,1.0,803,131,LA,LA,20,left,0
804,805,3,7087.36,6151.14,2106.76,1.0,804,131,LA,LA,20,left,0
805,806,3,7088.76,6149.96,2105.32,0.83203125,805,131,LA,LA,20,left,0
806,807,3,7090.18,6150.22,2103.5,1.0,806,131,LA,LA,20,left,0
807,808,3,7091.92,6150.92,2101.1000000000004,1.0,807,131,LA,LA,20,left,0
808,809,3,7093.5,6150.82,2099.34,0.5,808,131,LA,LA,20,left,0
809,810,3,7095.839999999999,6151.02,2097.48,0.58203125,809,131,LA,LA,20,left,0
810,811,3,7097.5,6151.68,2096.2000000000007,0.91796875,810,131,LA,LA,20,left,0
811,812,3,7101.040000000001,6153.18,2091.720000000001,1.0,811,131,LA,LA,20,left,0
812,813,3,7102.799999999999,6153.9400000000005,2089.24,0.91796875,812,131,LA,LA,20,left,0
813,814,3,7104.34,6154.58,2087.58,0.5,813,131,LA,LA,20,left,0
814,815,3,7106.4800000000005,6155.4,2086.0,0.66796875,814,966,EPv,EP,20,left,0
815,816,3,7108.4400000000005,6156.16,2084.5599999999995,0.75,815,966,EPv,EP,20,left,0
816,817,3,7110.700000000001,6157.02,2083.0,0.58203125,816,966,EPv,EP,20,left,0
817,818,3,7113.92,6158.24,2080.92,0.83203125,817,966,EPv,EP,20,left,0
818,819,3,7115.14,6159.0,2079.48,0.5,818,966,EPv,EP,20,left,0
819,820,3,7116.459999999999,6160.56,2079.0599999999995,0.91796875,819,966,EPv,EP,20,left,0
820,821,3,7118.52,6161.4800000000005,2078.300000000001,1.0,820,966,EPv,EP,20,left,0
821,822,3,7120.2,6162.1,2077.3600000000006,1.0,821,966,EPv,EP,20,left,1
822,823,3,6937.240000000001,6156.620000000001,2286.1800000000003,0.0546875,91,311,BLAp,BLA,21,left,0
823,824,3,6937.28,6154.32,2284.82,1.5,823,311,BLAp,BLA,21,left,0
824,825,3,6937.92,6150.42,2283.08,0.5,824,311,BLAp,BLA,21,left,0
825,826,3,6937.72,6147.820000000001,2282.66,0.5,825,311,BLAp,BLA,21,left,0
826,827,3,6937.52,6146.82,2280.779999999999,1.5,826,311,BLAp,BLA,21,left,0
827,828,3,6937.64,6144.46,2280.5600000000013,0.125,827,311,BLAp,BLA,21,left,0
828,829,3,6935.2,6142.86,2280.8600000000006,1.0,828,311,BLAp,BLA,21,left,0
829,830,3,6933.28,6141.88,2281.08,2.08203125,829,311,BLAp,BLA,21,left,0
830,831,3,6931.84,6140.22,2281.34,2.41796875,830,311,BLAp,BLA,21,left,0
831,832,3,6930.0,6139.360000000001,2281.5599999999995,1.58203125,831,311,BLAp,BLA,21,left,0
832,833,3,6928.719999999999,6137.820000000001,2281.4400000000005,4.25,832,311,BLAp,BLA,21,left,0
833,834,3,6928.76,6135.460000000001,2280.800000000001,0.83203125,833,311,BLAp,BLA,21,left,0
834,835,3,6928.08,6133.04,2280.92,1.25,834,311,BLAp,BLA,21,left,0
835,836,3,6926.1,6130.62,2280.6399999999994,1.5,835,311,BLAp,BLA,21,left,0
836,837,3,6924.719999999999,6128.84,2279.76,2.0,836,311,BLAp,BLA,21,left,0
837,838,3,6924.400000000001,6127.4800000000005,2278.0,1.83203125,837,311,BLAp,BLA,21,left,0
838,839,3,6923.9,6125.119999999999,2277.8,1.0,838,311,BLAp,BLA,21,left,0
839,840,3,6922.6,6122.3,2278.16,1.41796875,839,311,BLAp,BLA,21,left,0
840,841,3,6922.52,6120.18,2278.3600000000006,1.0,840,311,BLAp,BLA,21,left,0
841,842,3,6920.06,6118.099999999999,2278.74,0.03515625,841,311,BLAp,BLA,21,left,0
842,843,3,6919.46,6115.96,2279.0,1.0,842,311,BLAp,BLA,21,left,0
843,844,3,6918.28,6113.64,2279.3,0.91796875,843,311,BLAp,BLA,21,left,0
844,845,3,6916.860000000001,6111.84,2279.58,0.83203125,844,311,BLAp,BLA,21,left,0
845,846,3,6915.02,6109.62,2279.76,0.91796875,845,311,BLAp,BLA,21,left,0
846,847,3,6914.120000000001,6107.94,2279.1399999999994,1.0,846,311,BLAp,BLA,21,left,0
847,848,3,6912.74,6105.34,2279.120000000001,0.5,847,311,BLAp,BLA,21,left,0
848,849,3,6911.32,6103.540000000001,2279.400000000001,1.0,848,311,BLAp,BLA,21,left,0
849,850,3,6909.92,6101.52,2279.7000000000007,1.16796875,849,311,BLAp,BLA,21,left,0
850,851,3,6910.04,6099.120000000001,2279.76,1.0,850,311,BLAp,BLA,21,left,0
851,852,3,6910.22,6097.16,2278.9400000000005,0.91796875,851,311,BLAp,BLA,21,left,0
852,853,3,6909.06,6094.92,2278.5599999999995,1.25,852,311,BLAp,BLA,21,left,0
853,854,3,6908.0,6091.56,2277.58,0.58203125,853,311,BLAp,BLA,21,left,0
854,855,3,6907.16,6090.56,2276.879999999999,1.0,854,311,BLAp,BLA,21,left,0
855,856,3,6906.1,6088.86,2277.0200000000004,0.11328125,855,311,BLAp,BLA,21,left,0
856,857,3,6905.78,6086.219999999999,2277.3,0.91796875,856,311,BLAp,BLA,21,left,0
857,858,3,6906.14,6082.34,2277.4400000000005,0.91796875,857,311,BLAp,BLA,21,left,0
858,859,3,6905.92,6080.5,2276.7800000000007,1.0,858,311,BLAp,BLA,21,left,0
859,860,3,6904.9800000000005,6077.64,2276.7800000000007,0.83203125,859,311,BLAp,BLA,21,left,0
860,861,3,6904.44,6074.22,2277.140000000001,0.66796875,860,311,BLAp,BLA,21,left,0
861,862,3,6902.84,6071.620000000001,2278.0,0.91796875,861,311,BLAp,BLA,21,left,0
862,863,3,6901.96,6069.22,2279.1399999999994,0.75,862,311,BLAp,BLA,21,left,0
863,864,3,6900.9400000000005,6064.880000000001,2279.7000000000007,0.91796875,863,311,BLAp,BLA,21,left,0
864,865,3,6899.740000000001,6061.82,2280.1000000000004,0.58203125,864,311,BLAp,BLA,21,left,0
865,866,3,6898.66,6059.539999999999,2280.4,1.0,865,311,BLAp,BLA,21,left,0
866,867,3,6897.34,6058.08,2280.6399999999994,0.83203125,866,311,BLAp,BLA,21,left,0
867,868,3,6897.26,6055.58,2280.82,0.91796875,867,311,BLAp,BLA,21,left,0
868,869,3,6897.74,6053.12,2280.1800000000003,0.75,868,311,BLAp,BLA,21,left,0
869,870,3,6898.0,6049.700000000001,2280.0,1.0,869,311,BLAp,BLA,21,left,0
870,871,3,6897.7,6047.88,2280.2000000000007,1.0,870,311,BLAp,BLA,21,left,0
871,872,3,6895.66,6045.119999999999,2280.620000000001,0.02734375,871,311,BLAp,BLA,21,left,0
872,873,3,6895.04,6042.74,2280.9,1.08203125,872,311,BLAp,BLA,21,left,0
873,874,3,6894.64,6039.360000000001,2281.26,1.16796875,873,311,BLAp,BLA,21,left,0
874,875,3,6893.58,6037.039999999999,2281.58,1.75,874,311,BLAp,BLA,21,left,0
875,876,3,6892.08,6034.5,2281.9399999999987,0.91796875,875,311,BLAp,BLA,21,left,0
876,877,3,6891.4,6032.58,2282.1800000000003,1.33203125,876,311,BLAp,BLA,21,left,1
877,878,3,6938.84,6158.0,2283.8600000000006,0.08203125,91,311,BLAp,BLA,22,left,0
878,879,3,6939.78,6158.48,2281.6399999999994,1.0,878,311,BLAp,BLA,22,left,0
879,880,3,6941.18,6159.26,2279.6000000000004,0.83203125,879,311,BLAp,BLA,22,left,0
880,881,3,6941.52,6161.14,2277.76,1.33203125,880,311,BLAp,BLA,22,left,0
881,882,3,6941.040000000001,6162.86,2275.959999999999,1.25,881,311,BLAp,BLA,22,left,0
882,883,3,6940.700000000001,6163.92,2273.42,1.0,882,311,BLAp,BLA,22,left,0
883,884,3,6940.78,6166.08,2271.5,0.0546875,883,311,BLAp,BLA,22,left,0
884,885,3,6940.639999999999,6168.719999999999,2269.16,0.83203125,884,311,BLAp,BLA,22,left,0
885,886,3,6940.119999999999,6170.66,2267.34,1.33203125,885,311,BLAp,BLA,22,left,0
886,887,3,6939.34,6173.76,2265.3599999999988,1.58203125,886,311,BLAp,BLA,22,left,0
887,888,3,6938.339999999999,6175.74,2263.8600000000006,1.0,887,311,BLAp,BLA,22,left,0
888,889,3,6937.14,6176.799999999999,2263.120000000001,1.16796875,888,311,BLAp,BLA,22,left,0
889,890,3,6935.22,6176.56,2262.0200000000004,1.0,889,311,BLAp,BLA,22,left,0
890,891,3,6932.84,6176.88,2259.76,1.0,890,311,BLAp,BLA,22,left,0
891,892,3,6931.12,6177.66,2258.459999999999,0.83203125,891,311,BLAp,BLA,22,left,0
892,893,3,6930.639999999999,6178.3,2257.16,1.0,892,311,BLAp,BLA,22,left,0
893,894,3,6930.04,6181.459999999999,2254.539999999999,0.01953125,893,311,BLAp,BLA,22,left,0
894,895,3,6930.16,6184.84,2253.5,1.0,894,311,BLAp,BLA,22,left,0
895,896,3,6930.5,6187.02,2252.1000000000004,0.58203125,895,311,BLAp,BLA,22,left,0
896,897,3,6930.42,6190.38,2250.0200000000004,0.91796875,896,311,BLAp,BLA,22,left,0
897,898,3,6931.16,6192.5,2248.6399999999994,0.5,897,311,BLAp,BLA,22,left,0
898,899,3,6931.639999999999,6193.46,2246.720000000001,0.83203125,898,311,BLAp,BLA,22,left,0
899,900,3,6931.3,6194.58,2244.72,1.08203125,899,311,BLAp,BLA,22,left,0
900,901,3,6931.1,6195.06,2242.6000000000004,1.33203125,900,311,BLAp,BLA,22,left,0
901,902,3,6930.76,6196.18,2240.4400000000005,0.91796875,901,311,BLAp,BLA,22,left,0
902,903,3,6930.460000000001,6196.96,2237.92,1.33203125,902,311,BLAp,BLA,22,left,0
903,904,3,6929.400000000001,6198.86,2235.800000000001,1.0,903,311,BLAp,BLA,22,left,0
904,905,3,6928.360000000001,6200.4,2234.120000000001,0.66796875,904,311,BLAp,BLA,22,left,0
905,906,3,6927.68,6202.92,2232.98,1.0,905,311,BLAp,BLA,22,left,0
906,907,3,6926.42,6206.94,2232.74,0.02734375,906,311,BLAp,BLA,22,left,0
907,908,3,6924.52,6209.38,2232.6800000000003,1.0,907,311,BLAp,BLA,22,left,0
908,909,3,6922.34,6211.32,2232.6800000000003,1.0,908,311,BLAp,BLA,22,left,0
909,910,3,6920.92,6212.14,2232.1000000000004,0.5,909,311,BLAp,BLA,22,left,0
910,911,3,6920.24,6213.88,2230.58,1.66796875,910,311,BLAp,BLA,22,left,0
911,912,3,6919.64,6215.9400000000005,2227.4,0.75,911,311,BLAp,BLA,22,left,0
912,913,3,6919.32,6216.88,2224.880000000001,0.5,912,311,BLAp,BLA,22,left,0
913,914,3,6918.52,6220.22,2223.880000000001,1.0,913,311,BLAp,BLA,22,left,0
914,915,3,6917.56,6224.42,2223.6000000000004,1.16796875,914,311,BLAp,BLA,22,left,0
915,916,3,6916.78,6227.820000000001,2223.5,1.0,915,311,BLAp,BLA,22,left,0
916,917,3,6916.3,6230.0,2224.1800000000003,0.58203125,916,311,BLAp,BLA,22,left,0
917,918,3,6915.66,6232.9,2224.4399999999987,1.0,917,311,BLAp,BLA,22,left,0
918,919,3,6915.08,6237.12,2224.1399999999994,0.02734375,918,311,BLAp,BLA,22,left,0
919,920,3,6916.4400000000005,6239.52,2223.3600000000006,1.0,919,311,BLAp,BLA,22,left,0
920,921,3,6916.92,6241.68,2221.76,1.0,920,311,BLAp,BLA,22,left,0
921,922,3,6917.1,6245.16,2220.5600000000013,0.66796875,921,311,BLAp,BLA,22,left,0
922,923,3,6918.6,6248.139999999999,2220.08,1.16796875,922,311,BLAp,BLA,22,left,0
923,924,3,6919.2,6250.56,2219.0,0.66796875,923,311,BLAp,BLA,22,left,0
924,925,3,6920.04,6253.46,2218.300000000001,1.25,924,311,BLAp,BLA,22,left,0
925,926,3,6920.06,6256.4800000000005,2218.0600000000013,0.83203125,925,311,BLAp,BLA,22,left,0
926,927,3,6920.72,6258.200000000001,2217.880000000001,1.0,926,311,BLAp,BLA,22,left,0
927,928,3,6922.179999999999,6259.28,2217.6800000000003,21.66796875,927,311,BLAp,BLA,22,left,1
928,929,3,6977.0,6172.08,2285.24,0.296875,206,311,BLAp,BLA,23,left,0
929,930,3,6976.98,6173.74,2283.74,2.16796875,929,311,BLAp,BLA,23,left,0
930,931,3,6979.42,6175.700000000001,2282.9400000000005,2.08203125,930,311,BLAp,BLA,23,left,0
931,932,3,6981.58,6176.4800000000005,2282.720000000001,2.0,931,311,BLAp,BLA,23,left,0
932,933,3,6975.700000000001,6173.18,2286.16,0.4453125,206,311,BLAp,BLA,24,left,0
933,934,3,6975.119999999999,6175.66,2285.1000000000004,1.58203125,933,311,BLAp,BLA,24,left,0
934,935,3,6974.679999999999,6177.1,2283.039999999999,1.33203125,934,311,BLAp,BLA,24,left,0
935,936,3,6974.28,6178.58,2281.66,1.0,935,311,BLAp,BLA,24,left,0
936,937,3,6972.98,6178.88,2280.32,0.0546875,936,311,BLAp,BLA,24,left,0
937,938,3,6970.860000000001,6179.08,2278.98,1.0,937,311,BLAp,BLA,24,left,0
938,939,3,6969.0,6179.46,2277.380000000001,1.0,938,311,BLAp,BLA,24,left,0
939,940,3,6967.9,6180.0,2275.8600000000006,0.83203125,939,311,BLAp,BLA,24,left,0
940,941,3,6966.32,6180.68,2273.9400000000005,0.75,940,311,BLAp,BLA,24,left,0
941,942,3,6963.74,6179.96,2272.6399999999994,1.0,941,311,BLAp,BLA,24,left,0
942,943,3,6962.56,6179.679999999999,2270.26,1.33203125,942,311,BLAp,BLA,24,left,0
943,944,3,6962.42,6179.78,2267.7800000000007,1.0,943,311,BLAp,BLA,24,left,0
944,945,3,6962.240000000001,6180.1,2265.32,0.91796875,944,311,BLAp,BLA,24,left,0
945,946,3,6961.78,6181.4800000000005,2263.4,1.0,945,311,BLAp,BLA,24,left,0
946,947,3,6960.320000000001,6182.6,2260.9400000000005,1.0,946,311,BLAp,BLA,24,left,0
947,948,3,6958.66,6183.16,2259.48,0.5,947,311,BLAp,BLA,24,left,0
948,949,3,6957.039999999999,6183.08,2257.6399999999994,1.0,948,311,BLAp,BLA,24,left,0
949,950,3,6955.42,6182.64,2255.32,1.16796875,949,311,BLAp,BLA,24,left,0
950,951,3,6954.360000000001,6182.4,2252.98,1.25,950,311,BLAp,BLA,24,left,0
951,952,3,6952.12,6181.620000000001,2252.48,1.0,951,311,BLAp,BLA,24,left,0
952,953,3,6951.32,6182.780000000001,2251.2000000000007,0.11328125,952,311,BLAp,BLA,24,left,0
953,954,3,6951.02,6183.28,2248.22,0.91796875,953,311,BLAp,BLA,24,left,0
954,955,3,6950.599999999999,6184.719999999999,2245.8600000000006,1.0,954,311,BLAp,BLA,24,left,0
955,956,3,6949.360000000001,6186.52,2242.540000000001,0.83203125,955,311,BLAp,BLA,24,left,0
956,957,3,6947.6,6188.06,2240.34,0.66796875,956,311,BLAp,BLA,24,left,0
957,958,3,6946.0,6188.5,2238.959999999999,1.08203125,957,311,BLAp,BLA,24,left,0
958,959,3,6944.92,6190.22,2238.24,0.75,958,311,BLAp,BLA,24,left,0
959,960,3,6943.84,6191.4800000000005,2236.74,0.58203125,959,311,BLAp,BLA,24,left,0
960,961,3,6942.84,6193.92,2234.34,1.25,960,311,BLAp,BLA,24,left,0
961,962,3,6941.58,6195.44,2232.5200000000004,0.91796875,961,311,BLAp,BLA,24,left,0
962,963,3,6940.72,6197.179999999999,2230.4400000000005,1.0,962,311,BLAp,BLA,24,left,0
963,964,3,6939.64,6198.42,2229.1000000000004,1.08203125,963,311,BLAp,BLA,24,left,0
964,965,3,6938.88,6200.56,2226.92,0.75,964,311,BLAp,BLA,24,left,0
965,966,3,6938.5,6201.660000000001,2223.7800000000007,1.0,965,311,BLAp,BLA,24,left,0
966,967,3,6938.6,6201.82,2221.82,0.91796875,966,311,BLAp,BLA,24,left,0
967,968,3,6939.48,6202.179999999999,2221.040000000001,1.0,967,311,BLAp,BLA,24,left,0
968,969,3,6939.24,6204.78,2220.26,0.0546875,968,311,BLAp,BLA,24,left,0
969,970,3,6940.639999999999,6206.620000000001,2219.120000000001,1.0,969,311,BLAp,BLA,24,left,0
970,971,3,6942.7,6208.339999999999,2217.6399999999994,0.66796875,970,311,BLAp,BLA,24,left,0
971,972,3,6944.24,6209.9,2216.879999999999,0.91796875,971,311,BLAp,BLA,24,left,0
972,973,3,6946.12,6211.040000000001,2215.3599999999988,0.5,972,311,BLAp,BLA,24,left,0
973,974,3,6947.820000000001,6212.56,2213.959999999999,1.0,973,311,BLAp,BLA,24,left,0
974,975,3,6948.42,6213.9800000000005,2212.960000000001,1.33203125,974,311,BLAp,BLA,24,left,0
975,976,3,6947.74,6217.26,2210.74,1.0,975,311,BLAp,BLA,24,left,0
976,977,3,6947.58,6219.28,2208.58,0.58203125,976,311,BLAp,BLA,24,left,0
977,978,3,6949.5,6222.4400000000005,2206.1399999999994,1.0,977,311,BLAp,BLA,24,left,0
978,979,3,6950.34,6224.32,2204.7000000000007,0.5,978,311,BLAp,BLA,24,left,0
979,980,3,6951.38,6226.4400000000005,2204.24,1.25,979,311,BLAp,BLA,24,left,0
980,981,3,6953.540000000001,6228.139999999999,2203.72,1.0,980,311,BLAp,BLA,24,left,0
981,982,3,6955.2,6228.8,2202.26,1.0,981,311,BLAp,BLA,24,left,0
982,983,3,6957.86,6228.48,2200.119999999999,1.0,982,311,BLAp,BLA,24,left,0
983,984,3,6958.64,6227.4,2198.6800000000003,0.58203125,983,311,BLAp,BLA,24,left,0
984,985,3,6960.54,6227.02,2197.58,0.91796875,984,311,BLAp,BLA,24,left,0
985,986,3,6962.46,6226.14,2196.2800000000007,0.83203125,985,311,BLAp,BLA,24,left,0
986,987,3,6964.44,6225.66,2195.16,0.5,986,311,BLAp,BLA,24,left,0
987,988,3,6966.76,6225.66,2194.2800000000007,1.0,987,311,BLAp,BLA,24,left,0
988,989,3,6968.16,6226.38,2193.3600000000006,0.75,988,311,BLAp,BLA,24,left,0
989,990,3,6969.82,6228.16,2193.0200000000004,1.0,989,311,BLAp,BLA,24,left,0
990,991,3,6971.639999999999,6228.959999999999,2192.84,1.0,990,311,BLAp,BLA,24,left,0
991,992,3,6972.64,6230.72,2192.619999999999,0.08203125,991,311,BLAp,BLA,24,left,1
992,993,3,6979.78,6148.959999999999,2281.4,0.1953125,221,311,BLAp,BLA,25,left,0
993,994,3,6980.5,6145.82,2281.4,1.0,993,311,BLAp,BLA,25,left,0
994,995,3,6981.12,6143.06,2281.6000000000004,1.0,994,311,BLAp,BLA,25,left,0
995,996,3,6982.08,6140.259999999999,2281.7800000000007,1.0,995,311,BLAp,BLA,25,left,0
996,997,3,6983.400000000001,6138.400000000001,2281.8600000000006,1.08203125,996,311,BLAp,BLA,25,left,0
997,998,3,6985.0,6136.18,2281.960000000001,0.91796875,997,311,BLAp,BLA,25,left,0
998,999,3,6985.96,6134.02,2282.08,1.0,998,311,BLAp,BLA,25,left,0
999,1000,3,6987.42,6132.780000000001,2282.08,1.41796875,999,311,BLAp,BLA,25,left,0
1000,1001,3,6989.28,6132.219999999999,2282.0,0.66796875,1000,311,BLAp,BLA,25,left,0
1001,1002,3,6990.4,6130.900000000001,2282.039999999999,1.0,1001,311,BLAp,BLA,25,left,0
1002,1003,3,6992.06,6130.8,2281.9399999999987,1.0,1002,311,BLAp,BLA,25,left,0
1003,1004,3,6993.379999999999,6127.960000000001,2283.0,0.03515625,1003,311,BLAp,BLA,25,left,0
1004,1005,3,6995.0,6126.84,2284.3600000000006,1.33203125,1004,311,BLAp,BLA,25,left,0
1005,1006,3,6996.4800000000005,6124.44,2285.1000000000004,1.16796875,1005,311,BLAp,BLA,25,left,0
1006,1007,3,6997.039999999999,6122.7,2285.98,0.83203125,1006,311,BLAp,BLA,25,left,0
1007,1008,3,6998.64,6121.08,2286.5200000000004,1.0,1007,311,BLAp,BLA,25,left,0
1008,1009,3,7000.259999999999,6118.8,2286.380000000001,0.5,1008,311,BLAp,BLA,25,left,0
1009,1010,3,7000.66,6116.84,2285.539999999999,0.91796875,1009,311,BLAp,BLA,25,left,0
1010,1011,3,7001.12,6114.700000000001,2285.3,1.25,1010,311,BLAp,BLA,25,left,0
1011,1012,3,7002.34,6114.06,2284.2800000000007,0.83203125,1011,311,BLAp,BLA,25,left,0
1012,1013,3,7004.22,6113.46,2284.040000000001,1.0,1012,311,BLAp,BLA,25,left,0
1013,1014,3,7005.599999999999,6110.8,2283.3600000000006,1.41796875,1013,311,BLAp,BLA,25,left,0
1014,1015,3,7005.900000000001,6109.160000000001,2282.119999999999,1.08203125,1014,311,BLAp,BLA,25,left,0
1015,1016,3,7006.799999999999,6107.179999999999,2281.4400000000005,0.83203125,1015,311,BLAp,BLA,25,left,0
1016,1017,3,7007.7,6106.08,2280.1800000000003,0.75,1016,311,BLAp,BLA,25,left,0
1017,1018,3,7008.9,6104.139999999999,2279.0,1.0,1017,311,BLAp,BLA,25,left,0
1018,1019,3,7010.16,6102.08,2278.32,0.91796875,1018,311,BLAp,BLA,25,left,0
1019,1020,3,7011.88,6101.34,2277.22,0.75,1019,311,BLAp,BLA,25,left,0
1020,1021,3,7013.18,6101.16,2276.3,0.66796875,1020,311,BLAp,BLA,25,left,0
1021,1022,3,7015.0,6099.539999999999,2276.22,1.0,1021,311,BLAp,BLA,25,left,0
1022,1023,3,7016.74,6097.7,2276.26,1.0,1022,311,BLAp,BLA,25,left,0
1023,1024,3,7019.28,6096.76,2275.800000000001,1.0,1023,311,BLAp,BLA,25,left,0
1024,1025,3,7020.68,6095.9400000000005,2274.92,0.83203125,1024,311,BLAp,BLA,25,left,0
1025,1026,3,7023.18,6094.84,2274.66,1.0,1025,311,BLAp,BLA,25,left,0
1026,1027,3,7025.2,6094.9400000000005,2274.5200000000004,0.91796875,1026,311,BLAp,BLA,25,left,0
1027,1028,3,7026.900000000001,6094.46,2274.0599999999995,1.08203125,1027,311,BLAp,BLA,25,left,0
1028,1029,3,7028.719999999999,6094.64,2273.0600000000013,0.58203125,1028,311,BLAp,BLA,25,left,0
1029,1030,3,7030.639999999999,6094.299999999999,2272.8,1.0,1029,311,BLAp,BLA,25,left,0
1030,1031,3,7032.4800000000005,6092.68,2272.720000000001,0.0546875,1030,311,BLAp,BLA,25,left,0
1031,1032,3,7034.34,6092.14,2271.6800000000003,0.75,1031,311,BLAp,BLA,25,left,0
1032,1033,3,7035.92,6090.36,2271.380000000001,1.0,1032,311,BLAp,BLA,25,left,0
1033,1034,3,7037.92,6088.9800000000005,2270.74,1.33203125,1033,311,BLAp,BLA,25,left,0
1034,1035,3,7039.58,6087.799999999999,2270.0200000000004,1.0,1034,311,BLAp,BLA,25,left,0
1035,1036,3,7042.88,6086.52,2269.84,1.0,1035,311,BLAp,BLA,25,left,0
1036,1037,3,7044.86,6085.76,2269.24,0.91796875,1036,311,BLAp,BLA,25,left,0
1037,1038,3,7046.88,6085.76,2268.32,0.5,1037,311,BLAp,BLA,25,left,0
1038,1039,3,7049.18,6084.76,2268.1800000000003,1.33203125,1038,311,BLAp,BLA,25,left,0
1039,1040,3,7051.58,6084.06,2268.08,1.25,1039,311,BLAp,BLA,25,left,0
1040,1041,3,7053.86,6083.16,2267.82,1.0,1040,311,BLAp,BLA,25,left,0
1041,1042,3,7056.02,6083.16,2266.8,0.83203125,1041,311,BLAp,BLA,25,left,0
1042,1043,3,7058.66,6082.46,2266.32,0.66796875,1042,311,BLAp,BLA,25,left,0
1043,1044,3,7061.52,6081.280000000001,2266.24,0.5,1043,311,BLAp,BLA,25,left,0
1044,1045,3,7064.099999999999,6080.74,2266.040000000001,0.83203125,1044,311,BLAp,BLA,25,left,0
1045,1046,3,7065.9400000000005,6080.879999999999,2265.119999999999,0.91796875,1045,311,BLAp,BLA,25,left,0
1046,1047,3,7067.92,6080.119999999999,2264.5,0.91796875,1046,311,BLAp,BLA,25,left,0
1047,1048,3,7070.9400000000005,6079.8,2264.220000000001,1.0,1047,311,BLAp,BLA,25,left,0
1048,1049,3,7071.900000000001,6080.2,2263.1800000000003,1.08203125,1048,311,BLAp,BLA,25,left,0
1049,1050,3,7073.48,6080.8,2262.720000000001,0.1796875,1049,311,BLAp,BLA,25,left,0
1050,1051,3,7076.1,6081.76,2262.4,1.08203125,1050,311,BLAp,BLA,25,left,0
1051,1052,3,7079.46,6082.960000000001,2262.0599999999995,1.0,1051,311,BLAp,BLA,25,left,0
1052,1053,3,7082.88,6084.2,2261.720000000001,1.0,1052,311,BLAp,BLA,25,left,0
1053,1054,3,7084.9400000000005,6084.9400000000005,2261.2800000000007,0.75,1053,311,BLAp,BLA,25,left,0
1054,1055,3,7086.7,6085.44,2260.119999999999,0.83203125,1054,311,BLAp,BLA,25,left,0
1055,1056,3,7088.959999999999,6085.18,2259.82,1.0,1055,311,BLAp,BLA,25,left,0
1056,1057,3,7092.16,6084.48,2259.34,1.0,1056,311,BLAp,BLA,25,left,0
1057,1058,3,7094.08,6083.68,2258.4,0.58203125,1057,311,BLAp,BLA,25,left,0
1058,1059,3,7097.56,6083.48,2257.6399999999994,1.0,1058,311,BLAp,BLA,25,left,0
1059,1060,3,7099.44,6084.02,2256.6000000000004,1.0,1059,311,BLAp,BLA,25,left,0
1060,1061,3,7101.3,6083.58,2256.3600000000006,1.0,1060,311,BLAp,BLA,25,left,0
1061,1062,3,7103.780000000001,6084.22,2256.1399999999994,1.0,1061,311,BLAp,BLA,25,left,0
1062,1063,3,7106.34,6084.52,2255.9400000000005,1.0,1062,311,BLAp,BLA,25,left,0
1063,1064,3,7108.26,6084.34,2255.82,1.0,1063,311,BLAp,BLA,25,left,0
1064,1065,3,7110.78,6083.92,2256.92,0.02734375,1064,311,BLAp,BLA,25,left,0
1065,1066,3,7114.44,6082.4400000000005,2256.620000000001,0.91796875,1065,311,BLAp,BLA,25,left,0
1066,1067,3,7115.879999999999,6081.7,2255.74,0.5,1066,311,BLAp,BLA,25,left,0
1067,1068,3,7118.52,6080.879999999999,2255.84,0.75,1067,311,BLAp,BLA,25,left,0
1068,1069,3,7120.66,6080.259999999999,2256.620000000001,0.5,1068,311,BLAp,BLA,25,left,0
1069,1070,3,7123.3,6078.4400000000005,2256.7800000000007,1.16796875,1069,311,BLAp,BLA,25,left,0
1070,1071,3,7125.74,6077.9,2256.66,0.83203125,1070,311,BLAp,BLA,25,left,0
1071,1072,3,7127.56,6077.179999999999,2256.620000000001,1.0,1071,311,BLAp,BLA,25,left,0
1072,1073,3,7129.22,6075.62,2256.6399999999994,0.58203125,1072,311,BLAp,BLA,25,left,0
1073,1074,3,7132.1,6074.58,2256.48,0.91796875,1073,311,BLAp,BLA,25,left,0
1074,1075,3,7133.959999999999,6074.700000000001,2255.58,0.91796875,1074,311,BLAp,BLA,25,left,0
1075,1076,3,7135.9400000000005,6073.88,2254.98,1.08203125,1075,311,BLAp,BLA,25,left,0
1076,1077,3,7138.780000000001,6071.94,2254.959999999999,0.75,1076,311,BLAp,BLA,25,left,0
1077,1078,3,7140.8,6070.66,2254.959999999999,1.0,1077,311,BLAp,BLA,25,left,0
1078,1079,3,7143.360000000001,6069.9400000000005,2254.8600000000006,1.0,1078,311,BLAp,BLA,25,left,0
1079,1080,3,7145.36,6069.400000000001,2254.779999999999,0.91796875,1079,311,BLAp,BLA,25,left,0
1080,1081,3,7147.3,6068.64,2255.2800000000007,0.66796875,1080,311,BLAp,BLA,25,left,0
1081,1082,3,7148.04,6067.06,2256.1399999999994,1.33203125,1081,311,BLAp,BLA,25,left,0
1082,1083,3,7150.5,6068.339999999999,2255.9400000000005,0.07421875,1082,311,BLAp,BLA,25,left,0
1083,1084,3,7152.52,6068.3,2255.82,1.41796875,1083,311,BLAp,BLA,25,left,0
1084,1085,3,7153.5,6066.54,2256.6800000000003,1.25,1084,311,BLAp,BLA,25,left,0
1085,1086,3,7154.880000000001,6065.8,2257.4,1.25,1085,311,BLAp,BLA,25,left,0
1086,1087,3,7156.98,6065.860000000001,2258.5200000000004,1.0,1086,311,BLAp,BLA,25,left,0
1087,1088,3,7158.8,6066.36,2260.58,1.25,1087,311,BLAp,BLA,25,left,0
1088,1089,3,7160.48,6066.88,2261.5599999999995,0.91796875,1088,311,BLAp,BLA,25,left,0
1089,1090,3,7162.92,6067.58,2263.98,0.91796875,1089,311,BLAp,BLA,25,left,0
1090,1091,3,7164.26,6067.94,2265.84,0.91796875,1090,311,BLAp,BLA,25,left,0
1091,1092,3,6981.16,6150.280000000001,2281.040000000001,0.0859375,221,311,BLAp,BLA,26,left,0
1092,1093,3,6982.94,6151.76,2280.6800000000003,1.0,1092,311,BLAp,BLA,26,left,0
1093,1094,3,6984.9400000000005,6153.32,2279.619999999999,1.0,1093,311,BLAp,BLA,26,left,0
1094,1095,3,6986.280000000001,6154.84,2278.4400000000005,0.91796875,1094,311,BLAp,BLA,26,left,0
1095,1096,3,6988.360000000001,6156.06,2276.66,0.91796875,1095,311,BLAp,BLA,26,left,0
1096,1097,3,6990.14,6156.799999999999,2274.74,1.0,1096,311,BLAp,BLA,26,left,0
1097,1098,3,6991.78,6157.42,2274.0,1.0,1097,311,BLAp,BLA,26,left,0
1098,1099,3,6992.86,6159.120000000001,2273.6800000000003,1.0,1098,311,BLAp,BLA,26,left,0
1099,1100,3,6993.0,6160.76,2272.76,0.66796875,1099,311,BLAp,BLA,26,left,0
1100,1101,3,6994.400000000001,6162.4400000000005,2271.620000000001,1.0,1100,311,BLAp,BLA,26,left,0
1101,1102,3,6995.2,6164.120000000001,2270.5600000000013,0.83203125,1101,311,BLAp,BLA,26,left,0
1102,1103,3,6996.36,6166.84,2270.040000000001,1.0,1102,311,BLAp,BLA,26,left,0
1103,1104,3,6997.179999999999,6170.1,2269.32,0.83203125,1103,311,BLAp,BLA,26,left,0
1104,1105,3,6998.28,6171.56,2268.22,1.0,1104,311,BLAp,BLA,26,left,0
1105,1106,3,6999.6,6172.960000000001,2267.0,1.16796875,1105,311,BLAp,BLA,26,left,0
1106,1107,3,7001.54,6173.719999999999,2265.4400000000005,1.0,1106,311,BLAp,BLA,26,left,0
1107,1108,3,7002.380000000001,6174.120000000001,2263.84,1.0,1107,311,BLAp,BLA,26,left,0
1108,1109,3,7004.52,6175.599999999999,2263.16,0.0546875,1108,311,BLAp,BLA,26,left,0
1109,1110,3,7006.68,6177.32,2261.16,1.0,1109,311,BLAp,BLA,26,left,0
1110,1111,3,7007.4,6177.94,2259.24,1.0,1110,311,BLAp,BLA,26,left,0
1111,1112,3,7008.06,6179.34,2258.0200000000004,1.0,1111,311,BLAp,BLA,26,left,0
1112,1113,3,7009.700000000001,6180.18,2256.6399999999994,1.58203125,1112,311,BLAp,BLA,26,left,0
1113,1114,3,7011.4800000000005,6181.52,2255.24,1.08203125,1113,311,BLAp,BLA,26,left,0
1114,1115,3,7013.400000000001,6183.06,2254.74,1.33203125,1114,311,BLAp,BLA,26,left,0
1115,1116,3,7016.18,6184.18,2253.32,0.91796875,1115,311,BLAp,BLA,26,left,0
1116,1117,3,7018.26,6185.18,2253.0,0.75,1116,311,BLAp,BLA,26,left,0
1117,1118,3,7019.740000000001,6186.82,2252.76,0.91796875,1117,311,BLAp,BLA,26,left,0
1118,1119,3,7021.78,6187.74,2251.98,1.0,1118,311,BLAp,BLA,26,left,0
1119,1120,3,7023.28,6188.48,2251.0599999999995,1.0,1119,311,BLAp,BLA,26,left,0
1120,1121,3,7025.56,6190.54,2250.6399999999994,0.91796875,1120,311,BLAp,BLA,26,left,0
1121,1122,3,7027.66,6191.42,2250.2000000000007,0.83203125,1121,311,BLAp,BLA,26,left,0
1122,1123,3,7029.96,6192.28,2248.92,0.91796875,1122,311,BLAp,BLA,26,left,0
1123,1124,3,7032.4,6193.18,2248.0600000000013,1.0,1123,311,BLAp,BLA,26,left,0
1124,1125,3,7033.58,6193.64,2247.1800000000003,1.0,1124,311,BLAp,BLA,26,left,0
1125,1126,3,7035.42,6192.88,2246.34,0.0546875,1125,311,BLAp,BLA,26,left,0
1126,1127,3,7037.92,6193.719999999999,2245.1399999999994,1.08203125,1126,311,BLAp,BLA,26,left,0
1127,1128,3,7039.6,6194.18,2243.9400000000005,1.0,1127,311,BLAp,BLA,26,left,0
1128,1129,3,7041.34,6193.9,2243.08,0.91796875,1128,311,BLAp,BLA,26,left,0
1129,1130,3,7043.9,6194.44,2241.6800000000003,1.0,1129,311,BLAp,BLA,26,left,0
1130,1131,3,7045.98,6195.280000000001,2239.619999999999,0.58203125,1130,311,BLAp,BLA,26,left,0
1131,1132,3,7047.799999999999,6196.0,2238.0999999999985,0.75,1131,311,BLAp,BLA,26,left,0
1132,1133,3,7049.92,6196.639999999999,2236.5599999999995,1.0,1132,311,BLAp,BLA,26,left,0
1133,1134,3,7051.2,6196.219999999999,2235.2800000000007,1.0,1133,311,BLAp,BLA,26,left,0
1134,1135,3,7052.52,6196.36,2233.5599999999995,0.91796875,1134,311,BLAp,BLA,26,left,0
1135,1136,3,7054.44,6197.1,2232.0200000000004,0.83203125,1135,311,BLAp,BLA,26,left,0
1136,1137,3,7055.68,6197.619999999999,2230.539999999999,1.0,1136,311,BLAp,BLA,26,left,0
1137,1138,3,7057.759999999999,6198.24,2228.959999999999,1.0,1137,311,BLAp,BLA,26,left,0
1138,1139,3,7059.099999999999,6197.820000000001,2227.720000000001,1.0,1138,311,BLAp,BLA,26,left,0
1139,1140,3,7061.24,6198.24,2225.92,0.58203125,1139,311,BLAp,BLA,26,left,0
1140,1141,3,7063.06,6198.780000000001,2224.16,0.5,1140,311,BLAp,BLA,26,left,0
1141,1142,3,7065.02,6198.58,2223.039999999999,1.0,1141,311,BLAp,BLA,26,left,0
1142,1143,3,7067.619999999999,6199.120000000001,2222.1000000000004,1.0,1142,311,BLAp,BLA,26,left,0
1143,1144,3,7069.18,6199.700000000001,2221.3,1.0,1143,311,BLAp,BLA,26,left,0
1144,1145,3,7070.8,6200.34,2219.5,1.25,1144,311,BLAp,BLA,26,left,0
1145,1146,3,7072.619999999999,6201.06,2218.0,1.0,1145,311,BLAp,BLA,26,left,0
1146,1147,3,7074.08,6201.599999999999,2217.08,0.91796875,1146,311,BLAp,BLA,26,left,0
1147,1148,3,7075.58,6202.179999999999,2215.9400000000005,0.91796875,1147,311,BLAp,BLA,26,left,0
1148,1149,3,7077.98,6202.86,2214.76,1.0,1148,311,BLAp,BLA,26,left,0
1149,1150,3,7079.38,6202.4800000000005,2213.540000000001,0.75,1149,311,BLAp,BLA,26,left,0
1150,1151,3,7081.02,6202.42,2212.6399999999994,0.91796875,1150,311,BLAp,BLA,26,left,0
1151,1152,3,7081.88,6201.4400000000005,2212.66,1.0,1151,311,BLAp,BLA,26,left,0
1152,1153,3,7083.9,6202.26,2210.5,0.0390625,1152,311,BLAp,BLA,26,left,0
1153,1154,3,7086.660000000001,6203.26,2209.199999999999,0.58203125,1153,311,BLAp,BLA,26,left,0
1154,1155,3,7088.3,6203.88,2208.0600000000013,0.91796875,1154,311,BLAp,BLA,26,left,0
1155,1156,3,7089.96,6204.46,2207.5200000000004,0.75,1155,311,BLAp,BLA,26,left,0
1156,1157,3,7091.58,6205.08,2206.380000000001,0.91796875,1156,311,BLAp,BLA,26,left,0
1157,1158,3,7093.66,6205.82,2205.48,1.16796875,1157,311,BLAp,BLA,26,left,0
1158,1159,3,7095.42,6206.4800000000005,2204.199999999999,0.75,1158,311,BLAp,BLA,26,left,0
1159,1160,3,7097.74,6207.36,2202.4,0.58203125,1159,311,BLAp,BLA,26,left,0
1160,1161,3,7100.02,6208.24,2200.2000000000007,0.5,1160,311,BLAp,BLA,26,left,0
1161,1162,3,7101.92,6208.959999999999,2198.7800000000007,0.75,1161,311,BLAp,BLA,26,left,0
1162,1163,3,7104.139999999999,6209.8,2197.24,1.0,1162,311,BLAp,BLA,26,left,0
1163,1164,3,7106.860000000001,6210.38,2195.76,1.08203125,1163,311,BLAp,BLA,26,left,0
1164,1165,3,7108.58,6210.1,2194.32,1.0,1164,311,BLAp,BLA,26,left,0
1165,1166,3,7111.24,6210.92,2192.34,0.75,1165,311,BLAp,BLA,26,left,0
1166,1167,3,7112.92,6211.56,2191.0599999999995,1.0,1166,311,BLAp,BLA,26,left,0
1167,1168,3,7114.8,6211.660000000001,2190.4,1.0,1167,311,BLAp,BLA,26,left,0
1168,1169,3,7116.799999999999,6211.4800000000005,2189.040000000001,1.0,1168,311,BLAp,BLA,26,left,0
1169,1170,3,7118.400000000001,6211.52,2187.5599999999995,0.83203125,1169,311,BLAp,BLA,26,left,0
1170,1171,3,7120.54,6211.4,2185.82,1.0,1170,311,BLAp,BLA,26,left,0
1171,1172,3,7121.84,6211.92,2183.540000000001,1.41796875,1171,311,BLAp,BLA,26,left,0
1172,1173,3,7124.18,6212.68,2182.2000000000007,0.078125,1172,311,BLAp,BLA,26,left,0
1173,1174,3,7125.8,6212.26,2180.72,0.5,1173,311,BLAp,BLA,26,left,0
1174,1175,3,7128.18,6212.780000000001,2178.9400000000005,0.83203125,1174,311,BLAp,BLA,26,left,0
1175,1176,3,7129.96,6212.92,2177.22,1.0,1175,311,BLAp,BLA,26,left,0
1176,1177,3,7130.98,6212.4800000000005,2175.92,0.91796875,1176,311,BLAp,BLA,26,left,0
1177,1178,3,7133.18,6213.12,2175.3,1.0,1177,311,BLAp,BLA,26,left,1
1178,1179,3,6985.42,6150.599999999999,2295.8600000000006,0.0703125,234,311,BLAp,BLA,27,left,0
1179,1180,3,6986.860000000001,6150.08,2296.040000000001,1.0,1179,311,BLAp,BLA,27,left,0
1180,1181,3,6988.08,6149.9,2297.6000000000004,1.25,1180,311,BLAp,BLA,27,left,0
1181,1182,3,6990.2,6148.74,2299.5200000000004,1.08203125,1181,311,BLAp,BLA,27,left,0
1182,1183,3,6991.0,6146.82,2301.6399999999994,1.83203125,1182,311,BLAp,BLA,27,left,0
1183,1184,3,6991.98,6145.36,2302.8,1.25,1183,311,BLAp,BLA,27,left,0
1184,1185,3,6993.5,6144.96,2302.720000000001,0.91796875,1184,311,BLAp,BLA,27,left,0
1185,1186,3,6994.28,6143.339999999999,2302.82,1.33203125,1185,311,BLAp,BLA,27,left,0
1186,1187,3,6983.16,6147.66,2295.84,0.21484375,234,311,BLAp,BLA,28,left,0
1187,1188,3,6983.48,6145.96,2293.880000000001,0.91796875,1187,311,BLAp,BLA,28,left,0
1188,1189,3,6983.88,6144.02,2292.960000000001,1.08203125,1188,311,BLAp,BLA,28,left,0
1189,1190,3,6984.52,6140.860000000001,2291.3600000000006,1.0,1189,311,BLAp,BLA,28,left,0
1190,1191,3,6985.02,6138.379999999999,2290.2800000000007,0.83203125,1190,311,BLAp,BLA,28,left,0
1191,1192,3,6985.839999999999,6134.700000000001,2290.24,0.03125,1191,311,BLAp,BLA,28,left,0
1192,1193,3,6986.3,6132.56,2289.640000000001,1.0,1192,311,BLAp,BLA,28,left,0
1193,1194,3,6987.06,6129.160000000001,2289.400000000001,1.08203125,1193,311,BLAp,BLA,28,left,0
1194,1195,3,6987.68,6126.4,2289.6000000000004,1.0,1194,311,BLAp,BLA,28,left,0
1195,1196,3,6988.66,6124.76,2289.6800000000003,1.0,1195,311,BLAp,BLA,28,left,0
1196,1197,3,6990.04,6125.0,2289.5599999999995,1.0,1196,311,BLAp,BLA,28,left,0
1197,1198,3,6910.98,6160.52,2297.7000000000007,3.0,258,311,BLAp,BLA,29,left,0
1198,1199,3,6909.400000000001,6163.3,2297.5599999999995,1.16796875,1198,311,BLAp,BLA,29,left,0
1199,1200,3,6907.46,6164.78,2297.5599999999995,1.0,1199,311,BLAp,BLA,29,left,0
1200,1201,3,6905.299999999999,6166.08,2297.58,2.0,1200,311,BLAp,BLA,29,left,0
1201,1202,3,6904.44,6167.98,2296.879999999999,1.5,1201,311,BLAp,BLA,29,left,0
1202,1203,3,6902.820000000001,6170.48,2296.0200000000004,1.0,1202,311,BLAp,BLA,29,left,0
1203,1204,3,6900.860000000001,6171.4,2296.08,1.0,1203,311,BLAp,BLA,29,left,0
1204,1205,3,6899.04,6173.379999999999,2296.08,0.1171875,1204,311,BLAp,BLA,29,left,0
1205,1206,3,6897.42,6172.7,2296.6800000000003,1.41796875,1205,311,BLAp,BLA,29,left,0
1206,1207,3,6896.4400000000005,6175.52,2295.5,0.83203125,1206,311,BLAp,BLA,29,left,0
1207,1208,3,6894.82,6176.06,2294.8,1.0,1207,311,BLAp,BLA,29,left,0
1208,1209,3,6892.52,6177.66,2294.76,1.66796875,1208,311,BLAp,BLA,29,left,0
1209,1210,3,6890.24,6179.04,2294.8,1.25,1209,311,BLAp,BLA,29,left,0
1210,1211,3,6888.780000000001,6180.04,2294.82,1.25,1210,311,BLAp,BLA,29,left,0
1211,1212,3,6887.4400000000005,6182.0,2294.76,1.0,1211,311,BLAp,BLA,29,left,0
1212,1213,3,6885.82,6184.06,2294.6800000000003,1.0,1212,311,BLAp,BLA,29,left,0
1213,1214,3,6883.9,6185.98,2294.66,1.08203125,1213,311,BLAp,BLA,29,left,0
1214,1215,3,6881.92,6188.66,2293.1800000000003,1.0,1214,311,BLAp,BLA,29,left,0
1215,1216,3,6880.42,6189.62,2292.039999999999,1.33203125,1215,311,BLAp,BLA,29,left,0
1216,1217,3,6878.64,6190.82,2291.879999999999,1.0,1216,311,BLAp,BLA,29,left,0
1217,1218,3,6876.799999999999,6192.0,2291.900000000001,1.0,1217,311,BLAp,BLA,29,left,0
1218,1219,3,6875.1,6191.96,2292.039999999999,1.0,1218,311,BLAp,BLA,29,left,0
1219,1220,3,6874.0,6194.18,2291.380000000001,0.0546875,1219,311,BLAp,BLA,29,left,0
1220,1221,3,6872.1,6194.84,2290.3,0.5,1220,311,BLAp,BLA,29,left,0
1221,1222,3,6869.96,6196.58,2288.459999999999,1.0,1221,311,BLAp,BLA,29,left,0
1222,1223,3,6868.5,6198.7,2286.119999999999,0.66796875,1222,311,BLAp,BLA,29,left,0
1223,1224,3,6866.860000000001,6199.64,2284.34,1.5,1223,311,BLAp,BLA,29,left,0
1224,1225,3,6865.72,6202.42,2283.0,1.41796875,1224,311,BLAp,BLA,29,left,0
1225,1226,3,6864.2,6203.02,2282.16,0.66796875,1225,311,BLAp,BLA,29,left,0
1226,1227,3,6862.88,6204.719999999999,2280.6800000000003,1.16796875,1226,311,BLAp,BLA,29,left,0
1227,1228,3,6861.459999999999,6208.12,2278.2000000000007,0.83203125,1227,311,BLAp,BLA,29,left,0
1228,1229,3,6860.22,6208.959999999999,2277.0599999999995,0.66796875,1228,311,BLAp,BLA,29,left,0
1229,1230,3,6858.02,6209.34,2276.6399999999994,1.25,1229,311,BLAp,BLA,29,left,0
1230,1231,3,6856.4,6210.280000000001,2276.6800000000003,1.0,1230,311,BLAp,BLA,29,left,0
1231,1232,3,6853.76,6209.9800000000005,2276.5599999999995,0.75,1231,303,BLAa,BLA,29,left,0
1232,1233,3,6851.860000000001,6209.5,2275.9,0.66796875,1232,303,BLAa,BLA,29,left,0
1233,1234,3,6849.64,6210.0,2275.879999999999,1.0,1233,303,BLAa,BLA,29,left,0
1234,1235,3,6847.64,6210.36,2276.0,0.91796875,1234,303,BLAa,BLA,29,left,0
1235,1236,3,6845.299999999999,6210.299999999999,2276.2000000000007,0.75,1235,303,BLAa,BLA,29,left,0
1236,1237,3,6843.400000000001,6210.72,2276.32,0.91796875,1236,303,BLAa,BLA,29,left,0
1237,1238,3,6841.36,6210.72,2276.3600000000006,1.41796875,1237,303,BLAa,BLA,29,left,0
1238,1239,3,6839.86,6211.4800000000005,2274.9400000000005,1.0,1238,303,BLAa,BLA,29,left,0
1239,1240,3,6838.400000000001,6212.28,2273.3600000000006,1.0,1239,303,BLAa,BLA,29,left,0
1240,1241,3,6836.7,6213.28,2272.48,1.0,1240,303,BLAa,BLA,29,left,0
1241,1242,3,6834.719999999999,6213.64,2272.619999999999,1.0,1241,303,BLAa,BLA,29,left,0
1242,1243,3,6831.799999999999,6213.9800000000005,2272.48,1.16796875,1242,303,BLAa,BLA,29,left,0
1243,1244,3,6829.9,6215.08,2271.6000000000004,1.83203125,1243,303,BLAa,BLA,29,left,0
1244,1245,3,6827.820000000001,6216.72,2271.34,1.33203125,1244,303,BLAa,BLA,29,left,0
1245,1246,3,6826.639999999999,6218.22,2270.460000000001,0.5,1245,303,BLAa,BLA,29,left,0
1246,1247,3,6824.5,6219.34,2269.8600000000006,1.16796875,1246,303,BLAa,BLA,29,left,0
1247,1248,3,6823.5,6220.72,2268.98,0.5,1247,303,BLAa,BLA,29,left,0
1248,1249,3,6821.84,6222.08,2268.8,1.0,1248,303,BLAa,BLA,29,left,0
1249,1250,3,6820.1,6223.5,2268.82,1.25,1249,303,BLAa,BLA,29,left,0
1250,1251,3,6817.98,6226.1,2268.7800000000007,1.0,1250,303,BLAa,BLA,29,left,0
1251,1252,3,6816.38,6228.26,2268.72,0.91796875,1251,303,BLAa,BLA,29,left,0
1252,1253,3,6814.46,6227.820000000001,2268.92,0.078125,1252,303,BLAa,BLA,29,left,0
1253,1254,3,6813.22,6230.9400000000005,2268.76,1.0,1253,303,BLAa,BLA,29,left,0
1254,1255,3,6812.28,6233.42,2268.619999999999,1.0,1254,303,BLAa,BLA,29,left,0
1255,1256,3,6810.82,6233.74,2268.959999999999,0.5,1255,303,BLAa,BLA,29,left,0
1256,1257,3,6810.04,6234.78,2269.92,1.0,1256,303,BLAa,BLA,29,left,0
1257,1258,3,6808.86,6237.06,2270.32,0.83203125,1257,303,BLAa,BLA,29,left,0
1258,1259,3,6806.860000000001,6237.7,2271.3,0.91796875,1258,303,BLAa,BLA,29,left,0
1259,1260,3,6803.66,6238.56,2271.6800000000003,1.08203125,1259,303,BLAa,BLA,29,left,0
1260,1261,3,6801.5,6239.46,2271.7800000000007,1.0,1260,303,BLAa,BLA,29,left,0
1261,1262,3,6799.740000000001,6241.76,2271.74,1.0,1261,303,BLAa,BLA,29,left,0
1262,1263,3,6797.98,6243.959999999999,2271.2800000000007,0.5,1262,303,BLAa,BLA,29,left,0
1263,1264,3,6796.7,6245.280000000001,2269.82,1.33203125,1263,884,amc,amc,29,left,0
1264,1265,3,6794.82,6245.08,2268.6000000000004,1.0,1264,884,amc,amc,29,left,0
1265,1266,3,6793.339999999999,6245.08,2267.1000000000004,0.91796875,1265,884,amc,amc,29,left,0
1266,1267,3,6791.860000000001,6246.459999999999,2265.26,1.08203125,1266,884,amc,amc,29,left,0
1267,1268,3,6790.879999999999,6247.92,2263.880000000001,0.5,1267,966,EPv,EP,29,left,0
1268,1269,3,6788.540000000001,6248.74,2263.58,1.0,1268,966,EPv,EP,29,left,0
1269,1270,3,6786.82,6249.740000000001,2262.6000000000004,1.08203125,1269,966,EPv,EP,29,left,0
1270,1271,3,6784.92,6249.66,2261.459999999999,0.91796875,1270,966,EPv,EP,29,left,0
1271,1272,3,6782.98,6249.42,2261.5,1.0,1271,966,EPv,EP,29,left,0
1272,1273,3,6780.48,6250.14,2261.6399999999994,1.41796875,1272,966,EPv,EP,29,left,0
1273,1274,3,6777.58,6251.4,2261.8,1.0,1273,966,EPv,EP,29,left,0
1274,1275,3,6775.42,6252.0,2261.9399999999987,1.0,1274,966,EPv,EP,29,left,1
1275,1276,3,6910.06,6157.5,2298.039999999999,0.48828125,258,311,BLAp,BLA,30,left,0
1276,1277,3,6907.4400000000005,6156.639999999999,2298.32,2.41796875,1276,311,BLAp,BLA,30,left,0
1277,1278,3,6904.160000000001,6155.42,2298.7000000000007,2.08203125,1277,311,BLAp,BLA,30,left,0
1278,1279,3,6901.94,6154.6,2298.9400000000005,1.83203125,1278,311,BLAp,BLA,30,left,0
1279,1280,3,6899.76,6153.360000000001,2299.220000000001,1.58203125,1279,311,BLAp,BLA,30,left,0
1280,1281,3,6898.32,6151.68,2299.5,1.5,1280,311,BLAp,BLA,30,left,0
1281,1282,3,6897.0,6149.86,2299.76,1.83203125,1281,311,BLAp,BLA,30,left,0
1282,1283,3,6894.679999999999,6148.74,2300.0599999999995,1.5,1282,311,BLAp,BLA,30,left,0
1283,1284,3,6892.54,6147.92,2300.3,1.0,1283,311,BLAp,BLA,30,left,0
1284,1285,3,6891.24,6146.76,2300.26,1.25,1284,311,BLAp,BLA,30,left,0
1285,1286,3,6891.12,6146.02,2298.82,1.16796875,1285,311,BLAp,BLA,30,left,0
1286,1287,3,6890.02,6145.639999999999,2296.699999999999,1.0,1286,311,BLAp,BLA,30,left,0
1287,1288,3,6888.16,6144.96,2296.76,1.0,1287,311,BLAp,BLA,30,left,0
1288,1289,3,6880.8,6081.7,2310.98,0.0546875,301,311,BLAp,BLA,31,left,0
1289,1290,3,6878.099999999999,6080.62,2312.5599999999995,1.0,1289,311,BLAp,BLA,31,left,0
1290,1291,3,6876.68,6080.700000000001,2313.48,1.0,1290,311,BLAp,BLA,31,left,0
1291,1292,3,6874.64,6080.700000000001,2314.8,0.83203125,1291,311,BLAp,BLA,31,left,0
1292,1293,3,6872.54,6079.82,2316.42,0.75,1292,311,BLAp,BLA,31,left,0
1293,1294,3,6870.879999999999,6079.099999999999,2317.74,1.0,1293,311,BLAp,BLA,31,left,0
1294,1295,3,6869.08,6078.360000000001,2319.040000000001,1.0,1294,311,BLAp,BLA,31,left,0
1295,1296,3,6867.46,6077.66,2320.34,0.5,1295,311,BLAp,BLA,31,left,0
1296,1297,3,6866.0,6076.459999999999,2321.620000000001,1.0,1296,311,BLAp,BLA,31,left,0
1297,1298,3,6864.880000000001,6075.06,2322.5200000000004,1.0,1297,303,BLAa,BLA,31,left,0
1298,1299,3,6863.06,6074.18,2324.08,1.0,1298,303,BLAa,BLA,31,left,0
1299,1300,3,6860.599999999999,6072.28,2325.5,0.5,1299,303,BLAa,BLA,31,left,0
1300,1301,3,6859.02,6070.8,2326.6399999999994,0.66796875,1300,303,BLAa,BLA,31,left,0
1301,1302,3,6856.639999999999,6068.379999999999,2327.720000000001,1.0,1301,303,BLAa,BLA,31,left,0
1302,1303,3,6855.119999999999,6066.36,2328.9,0.91796875,1302,303,BLAa,BLA,31,left,0
1303,1304,3,6852.94,6063.84,2329.6800000000003,0.91796875,1303,303,BLAa,BLA,31,left,0
1304,1305,3,6851.900000000001,6062.26,2330.92,1.33203125,1304,303,BLAa,BLA,31,left,0
1305,1306,3,6850.92,6059.66,2331.48,1.0,1305,303,BLAa,BLA,31,left,0
1306,1307,3,6848.76,6056.5,2331.98,1.0,1306,303,BLAa,BLA,31,left,0
1307,1308,3,6847.06,6054.34,2332.32,0.75,1307,303,BLAa,BLA,31,left,0
1308,1309,3,6845.54,6052.56,2332.619999999999,1.0,1308,303,BLAa,BLA,31,left,0
1309,1310,3,6843.959999999999,6050.5,2332.960000000001,1.0,1309,303,BLAa,BLA,31,left,0
1310,1311,3,6842.380000000001,6048.76,2333.26,0.75,1310,303,BLAa,BLA,31,left,0
1311,1312,3,6840.04,6046.58,2333.66,1.0,1311,303,BLAa,BLA,31,left,0
1312,1313,3,6838.62,6044.32,2334.0,0.5,1312,303,BLAa,BLA,31,left,0
1313,1314,3,6836.08,6041.799999999999,2334.58,1.0,1313,303,BLAa,BLA,31,left,0
1314,1315,3,6834.52,6039.76,2335.72,0.75,1314,303,BLAa,BLA,31,left,0
1315,1316,3,6831.84,6037.4800000000005,2336.620000000001,1.0,1315,303,BLAa,BLA,31,left,0
1316,1317,3,6830.1,6036.78,2336.82,1.0,1316,303,BLAa,BLA,31,left,0
1317,1318,3,6828.540000000001,6036.1,2337.7000000000007,1.0,1317,303,BLAa,BLA,31,left,0
1318,1319,3,6826.82,6035.34,2339.16,1.0,1318,303,BLAa,BLA,31,left,0
1319,1320,3,6823.62,6034.0,2340.42,1.0,1319,303,BLAa,BLA,31,left,0
1320,1321,3,6820.320000000001,6032.68,2340.82,1.0,1320,303,BLAa,BLA,31,left,0
1321,1322,3,6818.12,6031.78,2341.1000000000004,1.0,1321,303,BLAa,BLA,31,left,0
1322,1323,3,6816.5,6031.14,2341.3,1.0,1322,303,BLAa,BLA,31,left,0
1323,1324,3,6812.780000000001,6029.6,2341.98,0.0078125,1323,303,BLAa,BLA,31,left,0
1324,1325,3,6810.58,6028.56,2343.32,0.83203125,1324,303,BLAa,BLA,31,left,0
1325,1326,3,6808.82,6026.94,2343.74,0.58203125,1325,303,BLAa,BLA,31,left,0
1326,1327,3,6806.14,6025.22,2344.1399999999994,1.0,1326,303,BLAa,BLA,31,left,0
1327,1328,3,6802.84,6023.88,2344.539999999999,1.0,1327,303,BLAa,BLA,31,left,0
1328,1329,3,6800.879999999999,6022.799999999999,2344.82,1.0,1328,303,BLAa,BLA,31,left,0
1329,1330,3,6799.82,6021.3,2345.0599999999995,0.75,1329,303,BLAa,BLA,31,left,0
1330,1331,3,6797.5,6020.08,2345.3599999999988,1.0,1330,303,BLAa,BLA,31,left,0
1331,1332,3,6794.880000000001,6019.139999999999,2345.6800000000003,1.0,1331,303,BLAa,BLA,31,left,0
1332,1333,3,6793.26,6019.38,2345.800000000001,0.58203125,1332,303,BLAa,BLA,31,left,0
1333,1334,3,6790.5,6018.84,2346.08,1.0,1333,303,BLAa,BLA,31,left,0
1334,1335,3,6788.360000000001,6017.960000000001,2346.3600000000006,1.0,1334,303,BLAa,BLA,31,left,0
1335,1336,3,6787.1,6017.02,2346.5599999999995,1.0,1335,303,BLAa,BLA,31,left,0
1336,1337,3,6785.42,6015.24,2346.879999999999,0.91796875,1336,303,BLAa,BLA,31,left,0
1337,1338,3,6783.18,6013.6,2347.34,1.0,1337,303,BLAa,BLA,31,left,0
1338,1339,3,6782.08,6011.94,2348.540000000001,0.66796875,1338,303,BLAa,BLA,31,left,0
1339,1340,3,6780.62,6010.22,2349.32,0.5,1339,303,BLAa,BLA,31,left,0
1340,1341,3,6779.08,6009.0,2350.66,0.91796875,1340,303,BLAa,BLA,31,left,0
1341,1342,3,6777.4800000000005,6007.34,2351.24,0.5,1341,303,BLAa,BLA,31,left,0
1342,1343,3,6775.14,6004.96,2352.8,0.58203125,1342,303,BLAa,BLA,31,left,0
1343,1344,3,6773.58,6003.360000000001,2354.1399999999994,0.83203125,1343,303,BLAa,BLA,31,left,0
1344,1345,3,6771.56,6001.4400000000005,2355.119999999999,0.5,1344,303,BLAa,BLA,31,left,0
1345,1346,3,6769.5,5999.5,2356.42,1.16796875,1345,303,BLAa,BLA,31,left,0
1346,1347,3,6767.58,5996.92,2357.1800000000003,0.75,1346,303,BLAa,BLA,31,left,0
1347,1348,3,6765.96,5994.04,2357.84,0.91796875,1347,303,BLAa,BLA,31,left,0
1348,1349,3,6764.46,5992.54,2359.619999999999,0.58203125,1348,303,BLAa,BLA,31,left,0
1349,1350,3,6762.56,5990.44,2361.66,0.5,1349,303,BLAa,BLA,31,left,0
1350,1351,3,6760.52,5989.28,2363.279999999999,1.0,1350,303,BLAa,BLA,31,left,0
1351,1352,3,6759.08,5988.62,2364.400000000001,1.0,1351,303,BLAa,BLA,31,left,0
1352,1353,3,6758.32,5988.12,2366.900000000001,1.0,1352,303,BLAa,BLA,31,left,0
1353,1354,3,6758.18,5987.9,2369.34,1.0,1353,303,BLAa,BLA,31,left,0
1354,1355,3,6757.200000000001,5987.380000000001,2371.0599999999995,1.0,1354,303,BLAa,BLA,31,left,0
1355,1356,3,6755.66,5986.7,2371.76,1.0,1355,303,BLAa,BLA,31,left,0
1356,1357,3,6754.9,5984.84,2372.48,0.08203125,1356,303,BLAa,BLA,31,left,0
1357,1358,3,6754.24,5984.28,2374.58,1.25,1357,303,BLAa,BLA,31,left,0
1358,1359,3,6752.7,5983.48,2377.0599999999995,1.0,1358,303,BLAa,BLA,31,left,0
1359,1360,3,6751.38,5982.799999999999,2378.880000000001,1.0,1359,303,BLAa,BLA,31,left,0
1360,1361,3,6749.9800000000005,5982.14,2379.92,0.5,1360,303,BLAa,BLA,31,left,0
1361,1362,3,6748.5,5981.4400000000005,2381.119999999999,1.0,1361,303,BLAa,BLA,31,left,0
1362,1363,3,6746.860000000001,5980.72,2381.720000000001,1.16796875,1362,303,BLAa,BLA,31,left,0
1363,1364,3,6744.64,5979.700000000001,2383.08,1.0,1363,303,BLAa,BLA,31,left,0
1364,1365,3,6742.4800000000005,5979.06,2383.4400000000005,0.75,1364,303,BLAa,BLA,31,left,0
1365,1366,3,6740.56,5979.42,2383.5599999999995,0.91796875,1365,303,BLAa,BLA,31,left,0
1366,1367,3,6738.68,5978.8,2383.7800000000007,1.0,1366,303,BLAa,BLA,31,left,1
1367,1368,3,6878.82,6080.92,2309.16,0.01953125,301,311,BLAp,BLA,32,left,0
1368,1369,3,6877.26,6079.360000000001,2309.42,0.91796875,1368,311,BLAp,BLA,32,left,0
1369,1370,3,6874.400000000001,6076.040000000001,2308.880000000001,0.58203125,1369,311,BLAp,BLA,32,left,0
1370,1371,3,6873.26,6073.92,2307.7800000000007,1.16796875,1370,311,BLAp,BLA,32,left,0
1371,1372,3,6872.16,6071.660000000001,2307.76,0.66796875,1371,311,BLAp,BLA,32,left,0
1372,1373,3,6870.839999999999,6070.24,2307.16,0.75,1372,311,BLAp,BLA,32,left,0
1373,1374,3,6869.139999999999,6068.9800000000005,2306.900000000001,1.0,1373,311,BLAp,BLA,32,left,0
1374,1375,3,6867.72,6067.16,2307.2000000000007,0.66796875,1374,311,BLAp,BLA,32,left,0
1375,1376,3,6865.58,6065.14,2306.3,0.91796875,1375,311,BLAp,BLA,32,left,0
1376,1377,3,6864.160000000001,6064.160000000001,2305.2000000000007,0.91796875,1376,303,BLAa,BLA,32,left,0
1377,1378,3,6862.36,6061.72,2305.380000000001,1.08203125,1377,303,BLAa,BLA,32,left,0
1378,1379,3,6860.48,6057.799999999999,2305.539999999999,1.16796875,1378,303,BLAa,BLA,32,left,0
1379,1380,3,6859.28,6055.74,2304.98,1.0,1379,311,BLAp,BLA,32,left,0
1380,1381,3,6856.58,6053.18,2305.2800000000007,1.0,1380,303,BLAa,BLA,32,left,0
1381,1382,3,6855.06,6051.58,2305.16,0.58203125,1381,303,BLAa,BLA,32,left,0
1382,1383,3,6854.18,6050.119999999999,2303.82,0.66796875,1382,303,BLAa,BLA,32,left,0
1383,1384,3,6852.74,6048.08,2303.22,1.33203125,1383,303,BLAa,BLA,32,left,0
1384,1385,3,6851.58,6046.74,2302.6800000000003,0.91796875,1384,303,BLAa,BLA,32,left,0
1385,1386,3,6851.54,6043.48,2301.1800000000003,0.91796875,1385,303,BLAa,BLA,32,left,0
1386,1387,3,6851.18,6041.32,2299.58,1.0,1386,303,BLAa,BLA,32,left,0
1387,1388,3,6850.78,6039.539999999999,2298.72,1.0,1387,303,BLAa,BLA,32,left,0
1388,1389,3,6849.42,6037.86,2298.540000000001,1.33203125,1388,303,BLAa,BLA,32,left,0
1389,1390,3,6848.58,6036.599999999999,2297.279999999999,0.91796875,1389,303,BLAa,BLA,32,left,0
1390,1391,3,6848.04,6033.139999999999,2295.3599999999988,1.0,1390,303,BLAa,BLA,32,left,0
1391,1392,3,6846.72,6030.74,2294.26,1.0,1391,303,BLAa,BLA,32,left,0
1392,1393,3,6845.82,6028.9800000000005,2293.5599999999995,1.0,1392,303,BLAa,BLA,32,left,0
1393,1394,3,6844.86,6026.74,2293.48,0.75,1393,303,BLAa,BLA,32,left,0
1394,1395,3,6842.3,6025.14,2293.8600000000006,1.0,1394,303,BLAa,BLA,32,left,0
1395,1396,3,6840.08,6024.160000000001,2293.619999999999,0.91796875,1395,303,BLAa,BLA,32,left,0
1396,1397,3,6839.78,6023.02,2292.98,1.0,1396,303,BLAa,BLA,32,left,0
1397,1398,3,6838.099999999999,6021.4800000000005,2293.16,0.08203125,1397,303,BLAa,BLA,32,left,0
1398,1399,3,6836.94,6019.24,2293.48,0.66796875,1398,303,BLAa,BLA,32,left,0
1399,1400,3,6835.22,6017.380000000001,2293.1800000000003,0.58203125,1399,303,BLAa,BLA,32,left,0
1400,1401,3,6835.04,6015.879999999999,2291.699999999999,1.0,1400,303,BLAa,BLA,32,left,0
1401,1402,3,6835.259999999999,6013.68,2289.640000000001,0.5,1401,303,BLAa,BLA,32,left,0
1402,1403,3,6833.88,6012.3,2288.0,0.66796875,1402,303,BLAa,BLA,32,left,0
1403,1404,3,6832.12,6010.599999999999,2287.58,0.91796875,1403,303,BLAa,BLA,32,left,0
1404,1405,3,6830.5,6009.82,2286.7800000000007,0.83203125,1404,303,BLAa,BLA,32,left,0
1405,1406,3,6828.62,6007.9,2286.22,1.0,1405,303,BLAa,BLA,32,left,0
1406,1407,3,6827.219999999999,6005.96,2285.1399999999994,0.5,1406,303,BLAa,BLA,32,left,0
1407,1408,3,6825.56,6004.84,2284.7000000000007,0.02734375,1407,303,BLAa,BLA,32,left,0
1408,1409,3,6824.08,6002.14,2283.9,0.75,1408,303,BLAa,BLA,32,left,0
1409,1410,3,6821.900000000001,6000.08,2284.8,1.0,1409,303,BLAa,BLA,32,left,0
1410,1411,3,6820.52,5998.52,2285.66,1.08203125,1410,303,BLAa,BLA,32,left,0
1411,1412,3,6818.26,5997.039999999999,2286.040000000001,1.16796875,1411,303,BLAa,BLA,32,left,0
1412,1413,3,6816.98,5995.700000000001,2286.26,1.58203125,1412,303,BLAa,BLA,32,left,0
1413,1414,3,6816.639999999999,5993.68,2286.5,1.0,1413,303,BLAa,BLA,32,left,0
1414,1415,3,6815.36,5992.619999999999,2286.699999999999,1.0,1414,303,BLAa,BLA,32,left,1
1435,1436,3,6784.76,6250.1,2406.3,0.0546875,432,303,BLAa,BLA,35,left,0
1436,1437,3,6782.56,6250.62,2406.4400000000005,0.58203125,1436,303,BLAa,BLA,35,left,0
1437,1438,3,6780.119999999999,6250.259999999999,2406.66,1.0,1437,303,BLAa,BLA,35,left,0
1438,1439,3,6778.74,6250.14,2406.8,1.0,1438,303,BLAa,BLA,35,left,0
1439,1440,3,6776.660000000001,6250.44,2406.9399999999987,0.91796875,1439,303,BLAa,BLA,35,left,0
1440,1441,3,6774.5,6250.02,2407.140000000001,1.0,1440,303,BLAa,BLA,35,left,0
1441,1442,3,6773.02,6250.52,2407.22,1.0,1441,303,BLAa,BLA,35,left,0
1442,1443,3,6770.639999999999,6249.92,2407.48,1.0,1442,303,BLAa,BLA,35,left,0
1443,1444,3,6768.540000000001,6249.139999999999,2407.720000000001,1.0,1443,303,BLAa,BLA,35,left,0
1444,1445,3,6766.7,6248.46,2407.82,1.0,1444,303,BLAa,BLA,35,left,0
1445,1446,3,6765.259999999999,6247.960000000001,2407.1800000000003,1.0,1445,303,BLAa,BLA,35,left,0
1446,1447,3,6763.0,6247.14,2407.0,1.0,1446,303,BLAa,BLA,35,left,0
1447,1448,3,6761.56,6246.639999999999,2406.5,1.25,1447,303,BLAa,BLA,35,left,0
1448,1449,3,6760.68,6246.42,2405.0,0.5,1448,303,BLAa,BLA,35,left,0
1449,1450,3,6758.8,6246.4400000000005,2404.7000000000007,0.58203125,1449,303,BLAa,BLA,35,left,0
1450,1451,3,6755.9400000000005,6246.219999999999,2404.959999999999,1.0,1450,303,BLAa,BLA,35,left,1
1451,1452,3,6784.6,6251.2,2406.22,0.03515625,432,303,BLAa,BLA,36,left,0
1452,1453,3,6783.4400000000005,6253.74,2406.459999999999,0.5,1452,303,BLAa,BLA,36,left,0
1453,1454,3,6781.82,6254.66,2407.619999999999,1.0,1453,303,BLAa,BLA,36,left,0
1454,1455,3,6780.320000000001,6256.92,2408.5599999999995,0.75,1454,303,BLAa,BLA,36,left,0
1455,1456,3,6778.099999999999,6259.04,2409.32,0.83203125,1455,303,BLAa,BLA,36,left,0
1456,1457,3,6776.4800000000005,6260.259999999999,2410.0,1.0,1456,303,BLAa,BLA,36,left,0
1457,1458,3,6774.02,6260.4,2411.0599999999995,1.5,1457,303,BLAa,BLA,36,left,0
1458,1459,3,6773.0,6259.9800000000005,2412.4400000000005,1.0,1458,303,BLAa,BLA,36,left,0
1459,1460,3,6771.82,6260.92,2413.0999999999985,0.91796875,1459,303,BLAa,BLA,36,left,0
1460,1461,3,6770.2,6263.24,2413.0,0.91796875,1460,303,BLAa,BLA,36,left,0
1461,1462,3,6768.12,6264.360000000001,2413.0600000000013,1.83203125,1461,303,BLAa,BLA,36,left,0
1462,1463,3,6765.9400000000005,6266.42,2413.120000000001,0.66796875,1462,303,BLAa,BLA,36,left,0
1463,1464,3,6764.679999999999,6266.799999999999,2413.9400000000005,1.25,1463,303,BLAa,BLA,36,left,0
1464,1465,3,6763.9400000000005,6269.299999999999,2414.2800000000007,1.08203125,1464,303,BLAa,BLA,36,left,0
1465,1466,3,6763.42,6271.54,2414.1000000000004,1.0,1465,303,BLAa,BLA,36,left,0
1466,1467,3,6762.54,6275.460000000001,2414.0200000000004,0.02734375,1466,303,BLAa,BLA,36,left,0
1467,1468,3,6762.219999999999,6277.08,2414.8,1.16796875,1467,303,BLAa,BLA,36,left,0
1468,1469,3,6762.4400000000005,6279.58,2414.76,0.91796875,1468,303,BLAa,BLA,36,left,0
1469,1470,3,6763.68,6281.5,2414.48,1.0,1469,303,BLAa,BLA,36,left,0
1470,1471,3,6764.160000000001,6284.160000000001,2414.539999999999,1.25,1470,303,BLAa,BLA,36,left,0
1471,1472,3,6763.6,6286.98,2415.6800000000003,21.91796875,1471,303,BLAa,BLA,36,left,0
1472,1473,3,6763.08,6289.52,2416.720000000001,14.25,1472,303,BLAa,BLA,36,left,0
1473,1474,3,6762.92,6291.38,2417.540000000001,0.58203125,1473,303,BLAa,BLA,36,left,0
1474,1475,3,6763.68,6292.32,2417.5,1.0,1474,303,BLAa,BLA,36,left,1
1475,1476,3,6909.700000000001,6156.58,2377.459999999999,0.05859375,456,311,BLAp,BLA,37,left,0
1476,1477,3,6907.4,6155.68,2378.6800000000003,0.91796875,1476,311,BLAp,BLA,37,left,0
1477,1478,3,6906.799999999999,6155.42,2379.880000000001,2.0,1477,311,BLAp,BLA,37,left,0
1478,1479,3,6906.98,6153.7,2378.74,0.109375,1478,311,BLAp,BLA,37,left,0
1479,1480,3,6905.4,6151.799999999999,2378.98,1.0,1479,311,BLAp,BLA,37,left,0
1480,1481,3,6903.26,6150.36,2379.400000000001,1.33203125,1480,311,BLAp,BLA,37,left,0
1481,1482,3,6901.74,6148.42,2380.5200000000004,0.5,1481,311,BLAp,BLA,37,left,0
1482,1483,3,6899.62,6145.879999999999,2381.380000000001,1.08203125,1482,311,BLAp,BLA,37,left,0
1483,1484,3,6898.74,6143.7,2382.0200000000004,1.08203125,1483,311,BLAp,BLA,37,left,0
1484,1485,3,6897.94,6141.96,2383.0999999999985,0.91796875,1484,311,BLAp,BLA,37,left,0
1485,1486,3,6895.82,6140.0,2384.400000000001,0.58203125,1485,311,BLAp,BLA,37,left,0
1486,1487,3,6894.700000000001,6138.58,2385.3599999999988,0.58203125,1486,311,BLAp,BLA,37,left,0
1487,1488,3,6892.780000000001,6137.0,2386.82,0.91796875,1487,311,BLAp,BLA,37,left,0
1488,1489,3,6891.02,6135.320000000001,2387.380000000001,0.91796875,1488,311,BLAp,BLA,37,left,0
1489,1490,3,6889.099999999999,6134.34,2388.6800000000003,0.91796875,1489,311,BLAp,BLA,37,left,0
1490,1491,3,6887.380000000001,6133.18,2389.1000000000004,1.0,1490,311,BLAp,BLA,37,left,0
1491,1492,3,6886.14,6131.0,2389.400000000001,1.0,1491,311,BLAp,BLA,37,left,0
1492,1493,3,6884.64,6129.48,2389.9,0.83203125,1492,311,BLAp,BLA,37,left,0
1493,1494,3,6883.6,6129.04,2390.959999999999,1.0,1493,311,BLAp,BLA,37,left,0
1494,1495,3,6881.24,6128.12,2391.459999999999,1.0,1494,311,BLAp,BLA,37,left,0
1495,1496,3,6878.3,6126.58,2391.879999999999,1.0,1495,311,BLAp,BLA,37,left,0
1496,1497,3,6876.7,6124.700000000001,2392.9,1.25,1496,311,BLAp,BLA,37,left,0
1497,1498,3,6875.02,6122.68,2394.48,1.16796875,1497,311,BLAp,BLA,37,left,0
1498,1499,3,6872.68,6120.1,2395.7000000000007,0.91796875,1498,303,BLAa,BLA,37,left,0
1499,1500,3,6871.459999999999,6118.12,2396.4400000000005,1.0,1499,303,BLAa,BLA,37,left,0
1500,1501,3,6869.42,6117.02,2398.1800000000003,1.25,1500,303,BLAa,BLA,37,left,0
1501,1502,3,6866.84,6114.52,2399.5,0.91796875,1501,303,BLAa,BLA,37,left,0
1502,1503,3,6865.54,6112.4400000000005,2400.34,1.0,1502,303,BLAa,BLA,37,left,0
1503,1504,3,6864.139999999999,6111.24,2401.48,0.83203125,1503,303,BLAa,BLA,37,left,0
1504,1505,3,6863.56,6109.120000000001,2402.720000000001,1.0,1504,303,BLAa,BLA,37,left,0
1505,1506,3,6862.380000000001,6106.459999999999,2403.42,0.75,1505,303,BLAa,BLA,37,left,0
1506,1507,3,6860.96,6104.64,2403.72,1.0,1506,303,BLAa,BLA,37,left,0
1507,1508,3,6859.62,6103.48,2404.1800000000003,0.91796875,1507,303,BLAa,BLA,37,left,0
1508,1509,3,6859.139999999999,6103.24,2405.4,1.0,1508,303,BLAa,BLA,37,left,0
1509,1510,3,6857.7,6100.879999999999,2405.76,0.0546875,1509,303,BLAa,BLA,37,left,0
1510,1511,3,6855.860000000001,6097.54,2406.42,1.0,1510,303,BLAa,BLA,37,left,0
1511,1512,3,6854.299999999999,6096.32,2407.5200000000004,0.75,1511,303,BLAa,BLA,37,left,0
1512,1513,3,6852.9,6094.42,2408.1800000000003,1.0,1512,303,BLAa,BLA,37,left,0
1513,1514,3,6851.42,6092.64,2408.5,0.75,1513,303,BLAa,BLA,37,left,0
1514,1515,3,6849.44,6090.34,2408.880000000001,1.0,1514,303,BLAa,BLA,37,left,0
1515,1516,3,6847.12,6088.24,2409.34,1.0,1515,303,BLAa,BLA,37,left,0
1516,1517,3,6845.96,6086.860000000001,2410.16,1.0,1516,303,BLAa,BLA,37,left,0
1517,1518,3,6843.9400000000005,6084.96,2411.26,0.58203125,1517,303,BLAa,BLA,37,left,0
1518,1519,3,6842.52,6082.52,2411.6399999999994,0.75,1518,303,BLAa,BLA,37,left,0
1519,1520,3,6840.639999999999,6080.14,2412.039999999999,0.75,1519,303,BLAa,BLA,37,left,0
1520,1521,3,6838.719999999999,6077.759999999999,2412.4400000000005,0.75,1520,303,BLAa,BLA,37,left,0
1521,1522,3,6837.039999999999,6075.66,2412.8,0.75,1521,303,BLAa,BLA,37,left,0
1522,1523,3,6835.08,6073.32,2413.2000000000007,0.83203125,1522,303,BLAa,BLA,37,left,0
1523,1524,3,6832.72,6071.2,2413.6000000000004,1.0,1523,303,BLAa,BLA,37,left,0
1524,1525,3,6831.219999999999,6069.32,2413.92,0.75,1524,303,BLAa,BLA,37,left,0
1525,1526,3,6829.48,6067.0,2415.08,0.75,1525,303,BLAa,BLA,37,left,0
1526,1527,3,6828.339999999999,6064.8,2416.16,0.75,1526,303,BLAa,BLA,37,left,0
1527,1528,3,6828.48,6062.1,2417.5200000000004,0.91796875,1527,303,BLAa,BLA,37,left,0
1528,1529,3,6828.9400000000005,6059.5,2418.4,1.33203125,1528,303,BLAa,BLA,37,left,0
1529,1530,3,6828.379999999999,6058.58,2419.32,1.0,1529,303,BLAa,BLA,37,left,1
1530,1531,3,6911.2,6157.1,2378.32,0.05859375,456,311,BLAp,BLA,38,left,0
1531,1532,3,6911.18,6157.72,2380.66,1.58203125,1531,311,BLAp,BLA,38,left,0
1532,1533,3,6910.96,6159.04,2381.92,0.58203125,1532,311,BLAp,BLA,38,left,0
1533,1534,3,6910.700000000001,6160.62,2384.619999999999,1.16796875,1533,311,BLAp,BLA,38,left,0
1534,1535,3,6909.9,6160.9400000000005,2385.779999999999,1.25,1534,311,BLAp,BLA,38,left,0
1535,1536,3,6908.52,6160.36,2388.3600000000006,0.0703125,1535,311,BLAp,BLA,38,left,0
1536,1537,3,6906.96,6159.6,2390.74,1.0,1536,311,BLAp,BLA,38,left,0
1537,1538,3,6906.459999999999,6158.4400000000005,2391.879999999999,1.0,1537,311,BLAp,BLA,38,left,0
1538,1539,3,6904.740000000001,6157.200000000001,2393.08,0.58203125,1538,311,BLAp,BLA,38,left,0
1539,1540,3,6904.02,6156.34,2394.5599999999995,1.08203125,1539,311,BLAp,BLA,38,left,0
1540,1541,3,6903.92,6153.46,2396.42,0.83203125,1540,311,BLAp,BLA,38,left,0
1541,1542,3,6902.68,6151.72,2398.0,0.5,1541,311,BLAp,BLA,38,left,0
1542,1543,3,6901.78,6151.06,2400.879999999999,1.0,1542,311,BLAp,BLA,38,left,0
1543,1544,3,6901.900000000001,6151.02,2402.7000000000007,1.0,1543,311,BLAp,BLA,38,left,0
1544,1545,3,6856.4400000000005,6146.74,2366.900000000001,0.09375,492,303,BLAa,BLA,39,left,0
1545,1546,3,6854.38,6145.320000000001,2368.5599999999995,1.16796875,1545,303,BLAa,BLA,39,left,0
1546,1547,3,6853.74,6143.82,2369.66,0.83203125,1546,303,BLAa,BLA,39,left,0
1547,1548,3,6852.08,6141.4,2371.3600000000006,0.75,1547,303,BLAa,BLA,39,left,0
1548,1549,3,6849.880000000001,6139.06,2373.24,0.75,1548,303,BLAa,BLA,39,left,0
1549,1550,3,6848.18,6137.380000000001,2374.24,0.83203125,1549,303,BLAa,BLA,39,left,0
1550,1551,3,6846.1,6135.62,2376.2000000000007,0.75,1550,303,BLAa,BLA,39,left,0
1551,1552,3,6845.299999999999,6133.48,2377.22,0.58203125,1551,303,BLAa,BLA,39,left,0
1552,1553,3,6843.56,6133.04,2379.74,0.015625,1552,303,BLAa,BLA,39,left,0
1553,1554,3,6842.26,6130.58,2380.539999999999,0.91796875,1553,303,BLAa,BLA,39,left,0
1554,1555,3,6841.18,6128.26,2380.8600000000006,1.0,1554,303,BLAa,BLA,39,left,0
1555,1556,3,6839.48,6126.1,2381.380000000001,1.0,1555,303,BLAa,BLA,39,left,0
1556,1557,3,6838.64,6124.38,2382.459999999999,0.75,1556,303,BLAa,BLA,39,left,0
1557,1558,3,6836.98,6122.799999999999,2383.66,1.0,1557,303,BLAa,BLA,39,left,0
1558,1559,3,6835.4,6122.12,2384.959999999999,0.83203125,1558,303,BLAa,BLA,39,left,0
1559,1560,3,6833.66,6120.5,2386.5,1.0,1559,303,BLAa,BLA,39,left,0
1560,1561,3,6832.32,6118.6,2387.74,0.75,1560,303,BLAa,BLA,39,left,0
1561,1562,3,6830.74,6115.44,2389.0,0.83203125,1561,303,BLAa,BLA,39,left,0
1562,1563,3,6829.700000000001,6113.540000000001,2390.66,1.0,1562,303,BLAa,BLA,39,left,0
1563,1564,3,6828.46,6111.76,2391.82,1.0,1563,303,BLAa,BLA,39,left,0
1564,1565,3,6826.660000000001,6110.42,2392.9400000000005,1.25,1564,303,BLAa,BLA,39,left,0
1565,1566,3,6825.460000000001,6109.880000000001,2394.4399999999987,1.0,1565,303,BLAa,BLA,39,left,0
1566,1567,3,6823.099999999999,6108.52,2395.3599999999988,0.75,1566,303,BLAa,BLA,39,left,0
1567,1568,3,6821.4800000000005,6106.900000000001,2395.82,0.91796875,1567,303,BLAa,BLA,39,left,0
1568,1569,3,6820.02,6106.08,2397.0,1.0,1568,303,BLAa,BLA,39,left,0
1569,1570,3,6818.200000000001,6103.86,2397.619999999999,1.0,1569,303,BLAa,BLA,39,left,0
1570,1571,3,6816.54,6101.7,2397.960000000001,0.91796875,1570,303,BLAa,BLA,39,left,0
1571,1572,3,6814.26,6099.8,2399.5599999999995,0.02734375,1571,303,BLAa,BLA,39,left,0
1572,1573,3,6812.66,6096.94,2400.16,0.91796875,1572,303,BLAa,BLA,39,left,0
1573,1574,3,6811.34,6094.62,2400.5,1.0,1573,303,BLAa,BLA,39,left,0
1574,1575,3,6809.8,6092.88,2400.82,0.66796875,1574,303,BLAa,BLA,39,left,0
1575,1576,3,6807.4,6090.68,2401.3600000000006,1.08203125,1575,303,BLAa,BLA,39,left,0
1576,1577,3,6805.860000000001,6088.66,2402.5,0.58203125,1576,303,BLAa,BLA,39,left,0
1577,1578,3,6803.66,6086.56,2403.8600000000006,1.0,1577,303,BLAa,BLA,39,left,0
1578,1579,3,6802.4400000000005,6085.36,2404.880000000001,1.0,1578,303,BLAa,BLA,39,left,0
1579,1580,3,6800.58,6083.540000000001,2405.3,0.91796875,1579,303,BLAa,BLA,39,left,0
1580,1581,3,6799.06,6081.68,2405.84,0.66796875,1580,303,BLAa,BLA,39,left,0
1581,1582,3,6797.960000000001,6080.900000000001,2407.34,1.0,1581,303,BLAa,BLA,39,left,0
1582,1583,3,6796.08,6079.62,2409.92,0.66796875,1582,303,BLAa,BLA,39,left,0
1583,1584,3,6794.84,6078.06,2411.1000000000004,0.75,1583,303,BLAa,BLA,39,left,0
1584,1585,3,6792.92,6077.02,2412.6399999999994,1.25,1584,303,BLAa,BLA,39,left,0
1585,1586,3,6791.94,6076.52,2414.66,1.0,1585,303,BLAa,BLA,39,left,0
1586,1587,3,6791.54,6076.219999999999,2417.1800000000003,1.0,1586,303,BLAa,BLA,39,left,0
1587,1588,3,6790.66,6075.78,2418.959999999999,1.0,1587,303,BLAa,BLA,39,left,0
1588,1589,3,6789.08,6075.06,2420.6399999999994,0.75,1588,303,BLAa,BLA,39,left,0
1589,1590,3,6786.7,6073.28,2422.459999999999,1.08203125,1589,303,BLAa,BLA,39,left,0
1590,1591,3,6785.38,6071.84,2424.42,1.0,1590,303,BLAa,BLA,39,left,0
1591,1592,3,6782.820000000001,6070.599999999999,2426.9399999999987,1.0,1591,303,BLAa,BLA,39,left,0
1592,1593,3,6781.1,6069.8,2428.880000000001,0.91796875,1592,303,BLAa,BLA,39,left,0
1593,1594,3,6779.32,6069.02,2430.3599999999988,1.0,1593,303,BLAa,BLA,39,left,0
1594,1595,3,6777.799999999999,6067.64,2430.959999999999,0.0546875,1594,303,BLAa,BLA,39,left,0
1595,1596,3,6775.700000000001,6065.66,2432.140000000001,0.5,1595,303,BLAa,BLA,39,left,0
1596,1597,3,6774.6,6064.160000000001,2433.1399999999994,1.0,1596,303,BLAa,BLA,39,left,0
1597,1598,3,6772.5,6062.820000000001,2434.6800000000003,0.75,1597,303,BLAa,BLA,39,left,0
1598,1599,3,6770.66,6062.02,2435.779999999999,0.83203125,1598,303,BLAa,BLA,39,left,0
1599,1600,3,6768.58,6060.879999999999,2436.620000000001,1.0,1599,303,BLAa,BLA,39,left,0
1600,1601,3,6766.860000000001,6058.88,2436.98,1.0,1600,303,BLAa,BLA,39,left,0
1601,1602,3,6764.880000000001,6056.26,2438.1800000000003,1.0,1601,303,BLAa,BLA,39,left,0
1602,1603,3,6763.58,6054.679999999999,2439.040000000001,1.0,1602,303,BLAa,BLA,39,left,0
1603,1604,3,6761.219999999999,6053.04,2439.4399999999987,0.91796875,1603,303,BLAa,BLA,39,left,0
1604,1605,3,6759.46,6051.3,2439.779999999999,0.5,1604,303,BLAa,BLA,39,left,0
1605,1606,3,6757.200000000001,6049.2,2440.1800000000003,1.0,1605,303,BLAa,BLA,39,left,0
1606,1607,3,6755.44,6046.98,2440.5600000000013,1.08203125,1606,303,BLAa,BLA,39,left,0
1607,1608,3,6753.780000000001,6044.82,2440.9400000000005,1.0,1607,303,BLAa,BLA,39,left,0
1608,1609,3,6751.78,6042.12,2441.380000000001,1.0,1608,303,BLAa,BLA,39,left,0
1609,1610,3,6749.8,6039.04,2441.879999999999,0.75,1609,303,BLAa,BLA,39,left,0
1610,1611,3,6747.94,6037.28,2442.22,1.0,1610,303,BLAa,BLA,39,left,0
1611,1612,3,6746.76,6034.9400000000005,2442.5599999999995,1.0,1611,303,BLAa,BLA,39,left,0
1612,1613,3,6745.68,6032.52,2442.92,1.0,1612,303,BLAa,BLA,39,left,0
1613,1614,3,6744.18,6030.38,2443.6399999999994,1.16796875,1613,303,BLAa,BLA,39,left,0
1614,1615,3,6742.92,6029.120000000001,2444.72,0.83203125,1614,303,BLAa,BLA,39,left,0
1615,1616,3,6740.299999999999,6026.42,2445.4,1.0,1615,303,BLAa,BLA,39,left,0
1616,1617,3,6738.82,6024.28,2446.22,0.91796875,1616,303,BLAa,BLA,39,left,0
1617,1618,3,6737.64,6023.400000000001,2448.5,0.91796875,1617,303,BLAa,BLA,39,left,0
1618,1619,3,6735.96,6022.619999999999,2449.84,0.66796875,1618,303,BLAa,BLA,39,left,0
1619,1620,3,6733.86,6021.7,2450.84,0.66796875,1619,303,BLAa,BLA,39,left,0
1620,1621,3,6732.3,6020.98,2452.039999999999,0.91796875,1620,303,BLAa,BLA,39,left,0
1621,1622,3,6730.599999999999,6019.539999999999,2452.6800000000003,0.66796875,1621,303,BLAa,BLA,39,left,0
1622,1623,3,6729.880000000001,6017.219999999999,2454.040000000001,0.5,1622,303,BLAa,BLA,39,left,0
1623,1624,3,6728.82,6015.58,2455.3,0.66796875,1623,303,BLAa,BLA,39,left,0
1624,1625,3,6728.339999999999,6012.94,2456.16,1.0,1624,303,BLAa,BLA,39,left,0
1625,1626,3,6728.200000000001,6010.04,2456.48,1.25,1625,303,BLAa,BLA,39,left,0
1626,1627,3,6727.12,6008.64,2456.960000000001,0.91796875,1626,303,BLAa,BLA,39,left,0
1627,1628,3,6726.92,6007.02,2458.1399999999994,1.0,1627,303,BLAa,BLA,39,left,0
1628,1629,3,6727.02,6004.48,2458.5599999999995,1.0,1628,303,BLAa,BLA,39,left,0
1629,1630,3,6725.06,6001.459999999999,2459.5,0.5,1629,303,BLAa,BLA,39,left,0
1630,1631,3,6723.62,5999.38,2460.66,1.0,1630,303,BLAa,BLA,39,left,0
1631,1632,3,6722.06,5997.56,2461.9399999999987,1.25,1631,303,BLAa,BLA,39,left,0
1632,1633,3,6721.24,5995.119999999999,2464.1800000000003,1.0,1632,303,BLAa,BLA,39,left,0
1633,1634,3,6719.9400000000005,5993.6,2465.5,1.0,1633,303,BLAa,BLA,39,left,0
1634,1635,3,6717.1,5990.68,2467.279999999999,0.01171875,1634,303,BLAa,BLA,39,left,0
1635,1636,3,6715.56,5988.84,2468.6000000000004,1.08203125,1635,303,BLAa,BLA,39,left,0
1636,1637,3,6713.86,5987.240000000001,2470.5200000000004,1.16796875,1636,303,BLAa,BLA,39,left,0
1637,1638,3,6712.780000000001,5985.42,2472.1800000000003,0.91796875,1637,303,BLAa,BLA,39,left,0
1638,1639,3,6712.039999999999,5984.740000000001,2473.6000000000004,1.0,1638,303,BLAa,BLA,39,left,0
1639,1640,3,6709.64,5982.42,2476.4400000000005,0.66796875,1639,303,BLAa,BLA,39,left,0
1640,1641,3,6708.7,5980.22,2477.84,1.16796875,1640,303,BLAa,BLA,39,left,1
1641,1642,3,6856.88,6149.66,2365.58,0.09375,492,303,BLAa,BLA,40,left,0
1642,1643,3,6855.259999999999,6150.119999999999,2367.3600000000006,1.08203125,1642,303,BLAa,BLA,40,left,0
1643,1644,3,6853.08,6150.5,2368.8,1.5,1643,303,BLAa,BLA,40,left,0
1644,1645,3,6851.94,6151.0,2369.4399999999987,1.16796875,1644,303,BLAa,BLA,40,left,0
1645,1646,3,6850.460000000001,6153.16,2369.379999999999,0.09765625,1645,303,BLAa,BLA,40,left,0
1646,1647,3,6848.139999999999,6153.46,2369.539999999999,1.0,1646,303,BLAa,BLA,40,left,0
1647,1648,3,6846.96,6155.839999999999,2369.400000000001,1.0,1647,303,BLAa,BLA,40,left,0
1648,1649,3,6846.459999999999,6158.099999999999,2369.220000000001,1.0,1648,303,BLAa,BLA,40,left,0
1649,1650,3,6845.08,6159.52,2369.199999999999,1.0,1649,303,BLAa,BLA,40,left,0
1650,1651,3,6843.08,6159.18,2369.92,1.16796875,1650,303,BLAa,BLA,40,left,0
1651,1652,3,6841.54,6160.280000000001,2370.7000000000007,1.0,1651,303,BLAa,BLA,40,left,0
1652,1653,3,6839.28,6163.84,2370.800000000001,0.91796875,1652,303,BLAa,BLA,40,left,0
1653,1654,3,6838.3,6165.58,2371.58,1.0,1653,303,BLAa,BLA,40,left,0
1654,1655,3,6836.599999999999,6167.68,2371.84,1.0,1654,303,BLAa,BLA,40,left,0
1655,1656,3,6835.259999999999,6169.679999999999,2371.74,1.0,1655,303,BLAa,BLA,40,left,0
1656,1657,3,6833.4400000000005,6170.58,2371.8,1.0,1656,303,BLAa,BLA,40,left,0
1657,1658,3,6831.32,6170.599999999999,2371.98,1.0,1657,303,BLAa,BLA,40,left,0
1658,1659,3,6829.740000000001,6171.54,2372.0200000000004,1.0,1658,303,BLAa,BLA,40,left,0
1659,1660,3,6828.9,6173.46,2371.900000000001,1.0,1659,303,BLAa,BLA,40,left,0
1660,1661,3,6828.18,6175.8,2371.720000000001,1.16796875,1660,303,BLAa,BLA,40,left,0
1661,1662,3,6826.72,6177.3,2371.699999999999,1.0,1661,303,BLAa,BLA,40,left,0
1662,1663,3,6824.18,6179.58,2371.6800000000003,1.0,1662,303,BLAa,BLA,40,left,0
1663,1664,3,6822.820000000001,6181.4400000000005,2371.620000000001,1.0,1663,303,BLAa,BLA,40,left,0
1664,1665,3,6821.96,6183.24,2371.2800000000007,0.91796875,1664,303,BLAa,BLA,40,left,0
1665,1666,3,6821.72,6184.0,2370.08,1.0,1665,303,BLAa,BLA,40,left,0
1666,1667,3,6820.76,6188.360000000001,2369.9400000000005,0.01953125,1666,303,BLAa,BLA,40,left,0
1667,1668,3,6821.08,6190.98,2370.779999999999,1.0,1667,303,BLAa,BLA,40,left,0
1668,1669,3,6822.4400000000005,6192.74,2371.5599999999995,1.0,1668,303,BLAa,BLA,40,left,0
1669,1670,3,6824.2,6194.34,2372.76,0.91796875,1669,303,BLAa,BLA,40,left,0
1670,1671,3,6824.86,6195.74,2374.42,0.91796875,1670,303,BLAa,BLA,40,left,0
1671,1672,3,6824.86,6198.52,2375.3,1.0,1671,303,BLAa,BLA,40,left,1
1672,1673,3,6935.299999999999,6210.0,2327.0,0.08203125,586,311,BLAp,BLA,41,left,0
1673,1674,3,6935.2,6211.38,2329.9,1.0,1673,311,BLAp,BLA,41,left,0
1674,1675,3,6935.92,6213.200000000001,2330.98,1.33203125,1674,311,BLAp,BLA,41,left,0
1675,1676,3,6936.3,6216.0,2331.24,0.75,1675,311,BLAp,BLA,41,left,0
1676,1677,3,6936.88,6218.42,2332.42,0.5,1676,311,BLAp,BLA,41,left,0
1677,1678,3,6936.54,6221.660000000001,2334.1800000000003,1.0,1677,311,BLAp,BLA,41,left,0
1678,1679,3,6936.58,6223.46,2335.3,0.75,1678,311,BLAp,BLA,41,left,0
1679,1680,3,6937.7,6224.8,2335.32,1.0,1679,311,BLAp,BLA,41,left,0
1680,1681,3,6937.960000000001,6226.38,2336.1000000000004,0.83203125,1680,311,BLAp,BLA,41,left,0
1681,1682,3,6938.02,6228.06,2338.279999999999,0.5,1681,311,BLAp,BLA,41,left,0
1682,1683,3,6939.06,6230.320000000001,2339.199999999999,1.0,1682,311,BLAp,BLA,41,left,0
1683,1684,3,6939.06,6232.92,2339.9,1.0,1683,311,BLAp,BLA,41,left,0
1684,1685,3,6939.9800000000005,6233.82,2340.2800000000007,0.08203125,1684,311,BLAp,BLA,41,left,0
1685,1686,3,6939.92,6234.82,2342.26,1.0,1685,311,BLAp,BLA,41,left,0
1686,1687,3,6939.78,6235.900000000001,2344.220000000001,1.16796875,1686,311,BLAp,BLA,41,left,0
1687,1688,3,6939.679999999999,6237.56,2345.98,1.33203125,1687,311,BLAp,BLA,41,left,0
1688,1689,3,6940.76,6238.84,2346.58,0.66796875,1688,311,BLAp,BLA,41,left,0
1689,1690,3,6941.72,6239.84,2348.34,1.5,1689,311,BLAp,BLA,41,left,0
1690,1691,3,6942.68,6242.14,2350.0200000000004,0.91796875,1690,311,BLAp,BLA,41,left,0
1691,1692,3,6942.960000000001,6244.64,2352.32,0.91796875,1691,311,BLAp,BLA,41,left,0
1692,1693,3,6942.86,6245.98,2354.539999999999,0.91796875,1692,311,BLAp,BLA,41,left,0
1693,1694,3,6944.18,6247.32,2356.0200000000004,1.0,1693,311,BLAp,BLA,41,left,0
1694,1695,3,6945.54,6248.4400000000005,2357.4,1.0,1694,311,BLAp,BLA,41,left,0
1695,1696,3,6945.58,6250.2,2358.7000000000007,1.0,1695,311,BLAp,BLA,41,left,0
1696,1697,3,6945.08,6252.88,2361.08,1.0,1696,311,BLAp,BLA,41,left,0
1697,1698,3,6944.62,6255.02,2362.26,1.0,1697,311,BLAp,BLA,41,left,0
1698,1699,3,6944.86,6256.660000000001,2363.26,0.83203125,1698,311,BLAp,BLA,41,left,0
1699,1700,3,6945.839999999999,6258.74,2363.5599999999995,0.5,1699,311,BLAp,BLA,41,left,0
1700,1701,3,6946.860000000001,6260.8,2364.199999999999,0.58203125,1700,311,BLAp,BLA,41,left,0
1701,1702,3,6948.84,6263.5,2364.6000000000004,0.91796875,1701,311,BLAp,BLA,41,left,0
1702,1703,3,6950.08,6265.4,2365.040000000001,0.66796875,1702,311,BLAp,BLA,41,left,0
1703,1704,3,6951.88,6267.58,2364.8,0.75,1703,311,BLAp,BLA,41,left,0
1704,1705,3,6953.0,6270.2,2365.220000000001,0.01953125,1704,311,BLAp,BLA,41,left,0
1705,1706,3,6954.099999999999,6272.74,2365.5600000000013,0.91796875,1705,311,BLAp,BLA,41,left,0
1706,1707,3,6955.5,6274.76,2365.6800000000003,1.0,1706,311,BLAp,BLA,41,left,0
1707,1708,3,6956.1,6276.92,2366.879999999999,1.0,1707,311,BLAp,BLA,41,left,0
1708,1709,3,6957.219999999999,6279.8,2369.1399999999994,1.0,1708,311,BLAp,BLA,41,left,0
1709,1710,3,6957.92,6281.32,2370.380000000001,1.0,1709,311,BLAp,BLA,41,left,0
1710,1711,3,6959.679999999999,6283.5,2371.7800000000007,0.5,1710,311,BLAp,BLA,41,left,0
1711,1712,3,6960.06,6285.02,2373.279999999999,1.16796875,1711,311,BLAp,BLA,41,left,0
1712,1713,3,6961.56,6286.52,2374.1800000000003,1.08203125,1712,311,BLAp,BLA,41,left,0
1713,1714,3,6962.4,6287.84,2375.58,1.0,1713,311,BLAp,BLA,41,left,0
1714,1715,3,6962.92,6288.9400000000005,2377.140000000001,0.58203125,1714,311,BLAp,BLA,41,left,0
1715,1716,3,6964.32,6289.96,2378.5200000000004,1.0,1715,311,BLAp,BLA,41,left,0
1716,1717,3,6967.68,6291.06,2379.4399999999987,1.0,1716,311,BLAp,BLA,41,left,0
1717,1718,3,6969.56,6291.96,2379.24,1.0,1717,311,BLAp,BLA,41,left,0
1718,1719,3,6970.98,6293.540000000001,2379.0,1.0,1718,311,BLAp,BLA,41,left,0
1719,1720,3,6972.780000000001,6294.9,2378.7800000000007,1.0,1719,311,BLAp,BLA,41,left,0
1720,1721,3,6973.76,6296.08,2378.6000000000004,1.0,1720,311,BLAp,BLA,41,left,0
1721,1722,3,6933.92,6208.200000000001,2326.32,0.02734375,586,311,BLAp,BLA,42,left,0
1722,1723,3,6932.84,6210.0,2327.279999999999,1.0,1722,311,BLAp,BLA,42,left,0
1723,1724,3,6931.88,6212.7,2327.279999999999,1.0,1723,311,BLAp,BLA,42,left,0
1724,1725,3,6930.74,6214.400000000001,2328.34,0.91796875,1724,311,BLAp,BLA,42,left,0
1725,1726,3,6929.719999999999,6216.92,2329.48,0.83203125,1725,311,BLAp,BLA,42,left,0
1726,1727,3,6928.58,6218.92,2330.040000000001,1.25,1726,311,BLAp,BLA,42,left,0
1727,1728,3,6927.94,6220.54,2332.0599999999995,1.0,1727,311,BLAp,BLA,42,left,0
1728,1729,3,6926.96,6221.72,2333.619999999999,0.66796875,1728,311,BLAp,BLA,42,left,0
1729,1730,3,6926.42,6223.780000000001,2334.84,1.0,1729,311,BLAp,BLA,42,left,0
1730,1731,3,6925.2,6224.700000000001,2336.08,0.91796875,1730,311,BLAp,BLA,42,left,0
1731,1732,3,6923.56,6224.08,2336.6399999999994,0.66796875,1731,311,BLAp,BLA,42,left,0
1732,1733,3,6922.94,6223.82,2337.8599999999988,1.0,1732,311,BLAp,BLA,42,left,0
1733,1734,3,6921.639999999999,6226.58,2337.8599999999988,0.03515625,1733,311,BLAp,BLA,42,left,0
1734,1735,3,6919.9800000000005,6228.32,2338.8,0.83203125,1734,311,BLAp,BLA,42,left,0
1735,1736,3,6918.379999999999,6229.139999999999,2339.32,1.16796875,1735,311,BLAp,BLA,42,left,0
1736,1737,3,6917.7,6230.320000000001,2340.3,1.0,1736,311,BLAp,BLA,42,left,0
1737,1738,3,6916.2,6231.459999999999,2341.6800000000003,1.0,1737,311,BLAp,BLA,42,left,0
1738,1739,3,6911.78,6233.5,2345.1800000000003,1.08203125,1738,311,BLAp,BLA,42,left,0
1739,1740,3,6910.06,6235.36,2346.960000000001,1.08203125,1739,311,BLAp,BLA,42,left,0
1740,1741,3,6909.04,6237.66,2347.3600000000006,1.0,1740,311,BLAp,BLA,42,left,0
1741,1742,3,6907.799999999999,6238.719999999999,2348.26,0.91796875,1741,311,BLAp,BLA,42,left,0
1742,1743,3,6905.839999999999,6239.52,2348.880000000001,1.41796875,1742,311,BLAp,BLA,42,left,0
1743,1744,3,6905.04,6241.4800000000005,2349.8600000000006,1.0,1743,311,BLAp,BLA,42,left,0
1744,1745,3,6904.34,6244.86,2351.32,0.83203125,1744,311,BLAp,BLA,42,left,0
1745,1746,3,6903.18,6247.200000000001,2352.42,1.0,1745,311,BLAp,BLA,42,left,0
1746,1747,3,6901.900000000001,6248.86,2353.5599999999995,1.08203125,1746,311,BLAp,BLA,42,left,0
1747,1748,3,6900.68,6249.120000000001,2354.959999999999,1.0,1747,311,BLAp,BLA,42,left,0
1748,1749,3,6899.22,6249.66,2356.74,1.25,1748,311,BLAp,BLA,42,left,0
1749,1750,3,6897.64,6250.08,2357.82,1.0,1749,311,BLAp,BLA,42,left,0
1750,1751,3,6896.24,6250.92,2358.84,1.33203125,1750,311,BLAp,BLA,42,left,0
1751,1752,3,6894.82,6252.619999999999,2359.3600000000006,1.33203125,1751,311,BLAp,BLA,42,left,0
1752,1753,3,6893.66,6252.5,2360.380000000001,1.5,1752,311,BLAp,BLA,42,left,0
1753,1754,3,6892.799999999999,6255.44,2360.6800000000003,0.08203125,1753,311,BLAp,BLA,42,left,0
1754,1755,3,6892.1,6258.68,2361.66,1.0,1754,311,BLAp,BLA,42,left,0
1755,1756,3,6891.459999999999,6261.06,2362.34,0.58203125,1755,311,BLAp,BLA,42,left,0
1756,1757,3,6890.1,6262.54,2362.8599999999988,1.0,1756,311,BLAp,BLA,42,left,0
1757,1758,3,6887.68,6263.6,2363.300000000001,1.25,1757,311,BLAp,BLA,42,left,0
1758,1759,3,6886.34,6265.18,2364.16,1.0,1758,311,BLAp,BLA,42,left,0
1759,1760,3,6884.299999999999,6266.639999999999,2365.380000000001,0.75,1759,311,BLAp,BLA,42,left,0
1760,1761,3,6882.4400000000005,6267.34,2366.8,0.5,1760,311,BLAp,BLA,42,left,0
1761,1762,3,6880.54,6268.5,2367.74,1.5,1761,311,BLAp,BLA,42,left,0
1762,1763,3,6878.0,6269.099999999999,2368.8,1.0,1762,311,BLAp,BLA,42,left,0
1763,1764,3,6876.639999999999,6269.9400000000005,2369.66,0.91796875,1763,311,BLAp,BLA,42,left,0
1764,1765,3,6874.42,6271.12,2370.26,1.08203125,1764,311,BLAp,BLA,42,left,0
1765,1766,3,6872.4400000000005,6271.14,2371.26,0.5,1765,311,BLAp,BLA,42,left,0
1766,1767,3,6870.52,6272.02,2372.4400000000005,0.75,1766,311,BLAp,BLA,42,left,0
1767,1768,3,6869.099999999999,6273.32,2373.540000000001,1.16796875,1767,311,BLAp,BLA,42,left,0
1768,1769,3,6867.08,6274.86,2375.74,0.66796875,1768,311,BLAp,BLA,42,left,0
1769,1770,3,6865.839999999999,6276.4800000000005,2376.699999999999,0.83203125,1769,311,BLAp,BLA,42,left,0
1770,1771,3,6863.360000000001,6277.72,2377.76,1.33203125,1770,311,BLAp,BLA,42,left,0
1771,1772,3,6861.84,6279.26,2379.34,1.0,1771,311,BLAp,BLA,42,left,0
1772,1773,3,6859.96,6281.219999999999,2381.040000000001,1.0,1772,311,BLAp,BLA,42,left,0
1773,1774,3,6858.46,6282.219999999999,2382.2000000000007,1.0,1773,311,BLAp,BLA,42,left,0
1774,1775,3,6856.14,6285.58,2382.58,0.0234375,1774,311,BLAp,BLA,42,left,0
1775,1776,3,6854.719999999999,6286.42,2383.459999999999,0.75,1775,303,BLAa,BLA,42,left,0
1776,1777,3,6820.76,6157.5,2271.0599999999995,0.0703125,714,303,BLAa,BLA,43,left,0
1777,1778,3,6818.339999999999,6156.54,2272.22,1.0,1777,303,BLAa,BLA,43,left,0
1778,1779,3,6816.26,6155.72,2273.0999999999985,1.0,1778,303,BLAa,BLA,43,left,0
1779,1780,3,6813.76,6154.700000000001,2274.3600000000006,0.5,1779,303,BLAa,BLA,43,left,0
1780,1781,3,6811.54,6153.8,2275.6800000000003,0.91796875,1780,303,BLAa,BLA,43,left,0
1781,1782,3,6809.44,6152.98,2276.2800000000007,0.75,1781,303,BLAa,BLA,43,left,0
1782,1783,3,6807.72,6152.4400000000005,2277.459999999999,0.66796875,1782,303,BLAa,BLA,43,left,0
1783,1784,3,6806.02,6152.74,2277.9,1.0,1783,303,BLAa,BLA,43,left,0
1784,1785,3,6803.62,6152.179999999999,2279.2800000000007,0.91796875,1784,303,BLAa,BLA,43,left,0
1785,1786,3,6801.52,6151.36,2279.880000000001,0.75,1785,303,BLAa,BLA,43,left,0
1786,1787,3,6800.299999999999,6150.82,2280.959999999999,1.0,1786,303,BLAa,BLA,43,left,0
1787,1788,3,6797.3,6149.66,2281.620000000001,0.91796875,1787,303,BLAa,BLA,43,left,0
1788,1789,3,6795.24,6148.82,2282.66,1.0,1788,303,BLAa,BLA,43,left,0
1789,1790,3,6792.4800000000005,6147.72,2283.540000000001,1.0,1789,303,BLAa,BLA,43,left,0
1790,1791,3,6790.36,6146.900000000001,2283.8,1.0,1790,303,BLAa,BLA,43,left,0
1791,1792,3,6788.46,6146.3,2284.0200000000004,1.0,1791,303,BLAa,BLA,43,left,0
1792,1793,3,6786.88,6146.639999999999,2284.120000000001,0.58203125,1792,303,BLAa,BLA,43,left,0
1793,1794,3,6784.04,6146.2,2284.400000000001,1.0,1793,303,BLAa,BLA,43,left,0
1794,1795,3,6782.08,6146.5,2284.9,1.16796875,1794,303,BLAa,BLA,43,left,0
1795,1796,3,6780.24,6146.12,2285.959999999999,1.0,1795,303,BLAa,BLA,43,left,0
1796,1797,3,6778.04,6146.0,2286.459999999999,0.91796875,1796,303,BLAa,BLA,43,left,0
1797,1798,3,6776.26,6146.52,2287.3600000000006,0.5,1797,303,BLAa,BLA,43,left,0
1798,1799,3,6772.54,6147.72,2288.039999999999,1.0,1798,303,BLAa,BLA,43,left,0
1799,1800,3,6770.299999999999,6148.339999999999,2288.16,0.91796875,1799,303,BLAa,BLA,43,left,0
1800,1801,3,6768.139999999999,6148.200000000001,2289.32,0.91796875,1800,303,BLAa,BLA,43,left,0
1801,1802,3,6767.12,6149.0,2291.380000000001,1.25,1801,303,BLAa,BLA,43,left,0
1802,1803,3,6765.98,6149.700000000001,2292.58,1.0,1802,303,BLAa,BLA,43,left,0
1803,1804,3,6764.22,6149.9400000000005,2293.98,0.0546875,1803,303,BLAa,BLA,43,left,0
1804,1805,3,6762.960000000001,6150.16,2296.48,1.08203125,1804,303,BLAa,BLA,43,left,0
1805,1806,3,6762.16,6150.9400000000005,2297.4400000000005,1.16796875,1805,303,BLAa,BLA,43,left,0
1806,1807,3,6760.599999999999,6152.780000000001,2298.42,0.91796875,1806,303,BLAa,BLA,43,left,0
1807,1808,3,6759.08,6153.88,2299.34,0.58203125,1807,303,BLAa,BLA,43,left,0
1808,1809,3,6757.4400000000005,6155.1,2299.74,1.0,1808,303,BLAa,BLA,43,left,0
1809,1810,3,6754.92,6155.700000000001,2301.3,1.0,1809,303,BLAa,BLA,43,left,0
1810,1811,3,6754.06,6156.660000000001,2302.66,0.66796875,1810,303,BLAa,BLA,43,left,0
1811,1812,3,6752.34,6156.660000000001,2304.08,0.91796875,1811,303,BLAa,BLA,43,left,0
1812,1813,3,6750.259999999999,6155.839999999999,2304.66,0.75,1812,303,BLAa,BLA,43,left,0
1813,1814,3,6749.34,6156.84,2305.66,1.16796875,1813,303,BLAa,BLA,43,left,0
1814,1815,3,6748.9,6159.04,2305.879999999999,0.83203125,1814,303,BLAa,BLA,43,left,0
1815,1816,3,6747.92,6160.0,2306.8600000000006,0.66796875,1815,303,BLAa,BLA,43,left,0
1816,1817,3,6745.62,6160.5,2307.82,0.83203125,1816,303,BLAa,BLA,43,left,0
1817,1818,3,6743.62,6160.900000000001,2308.98,0.75,1817,303,BLAa,BLA,43,left,0
1818,1819,3,6741.72,6161.459999999999,2310.2800000000007,0.58203125,1818,303,BLAa,BLA,43,left,0
1819,1820,3,6739.76,6161.84,2311.3600000000006,0.91796875,1819,303,BLAa,BLA,43,left,0
1820,1821,3,6737.06,6161.88,2312.6399999999994,0.5,1820,303,BLAa,BLA,43,left,0
1821,1822,3,6735.320000000001,6162.14,2314.16,0.66796875,1821,303,BLAa,BLA,43,left,0
1822,1823,3,6732.92,6161.32,2316.1000000000004,0.75,1822,303,BLAa,BLA,43,left,0
1823,1824,3,6730.839999999999,6160.460000000001,2317.74,0.75,1823,303,BLAa,BLA,43,left,1
1824,1825,3,6819.58,6158.379999999999,2269.1399999999994,0.0703125,714,303,BLAa,BLA,44,left,0
1825,1826,3,6817.380000000001,6158.4400000000005,2269.32,1.0,1825,303,BLAa,BLA,44,left,0
1826,1827,3,6815.44,6159.42,2269.400000000001,1.0,1826,303,BLAa,BLA,44,left,0
1827,1828,3,6813.02,6159.9400000000005,2268.7800000000007,0.91796875,1827,303,BLAa,BLA,44,left,0
1828,1829,3,6811.14,6161.08,2268.24,1.0,1828,303,BLAa,BLA,44,left,0
1829,1830,3,6808.6,6161.96,2268.34,1.0,1829,303,BLAa,BLA,44,left,0
1830,1831,3,6806.74,6162.039999999999,2268.0,1.0,1830,303,BLAa,BLA,44,left,0
1831,1832,3,6805.259999999999,6162.6,2267.26,0.58203125,1831,303,BLAa,BLA,44,left,0
1832,1833,3,6803.22,6162.74,2267.34,0.5,1832,303,BLAa,BLA,44,left,0
1833,1834,3,6801.52,6164.48,2266.98,1.0,1833,303,BLAa,BLA,44,left,0
1834,1835,3,6799.8,6165.320000000001,2265.98,0.75,1834,303,BLAa,BLA,44,left,0
1835,1836,3,6797.94,6165.259999999999,2265.16,0.66796875,1835,303,BLAa,BLA,44,left,0
1836,1837,3,6796.84,6166.280000000001,2264.1399999999994,1.0,1836,303,BLAa,BLA,44,left,0
1837,1838,3,6796.34,6168.26,2262.6000000000004,1.0,1837,303,BLAa,BLA,44,left,0
1838,1839,3,6795.639999999999,6171.36,2261.42,0.75,1838,303,BLAa,BLA,44,left,0
1839,1840,3,6794.62,6173.02,2260.3599999999988,0.91796875,1839,303,BLAa,BLA,44,left,0
1840,1841,3,6792.94,6174.04,2260.26,0.91796875,1840,303,BLAa,BLA,44,left,0
1841,1842,3,6792.08,6175.68,2258.959999999999,0.1015625,1841,303,BLAa,BLA,44,left,0
1842,1843,3,6790.66,6178.04,2258.22,0.91796875,1842,303,BLAa,BLA,44,left,0
1843,1844,3,6789.64,6180.280000000001,2257.3,0.66796875,1843,303,BLAa,BLA,44,left,0
1844,1845,3,6788.099999999999,6181.76,2257.22,1.0,1844,303,BLAa,BLA,44,left,0
1845,1846,3,6785.08,6181.4400000000005,2256.82,1.0,1845,303,BLAa,BLA,44,left,0
1846,1847,3,6783.28,6181.799999999999,2255.4400000000005,0.5,1846,303,BLAa,BLA,44,left,0
1847,1848,3,6781.16,6181.58,2253.22,1.0,1847,303,BLAa,BLA,44,left,0
1848,1849,3,6778.9800000000005,6180.44,2251.7800000000007,1.16796875,1848,303,BLAa,BLA,44,left,0
1849,1850,3,6777.619999999999,6179.04,2250.6800000000003,0.5,1849,303,BLAa,BLA,44,left,0
1850,1851,3,6775.4,6178.099999999999,2249.460000000001,1.0,1850,303,BLAa,BLA,44,left,0
1851,1852,3,6773.58,6177.4800000000005,2248.6399999999994,1.08203125,1851,303,BLAa,BLA,44,left,0
1852,1853,3,6770.860000000001,6178.5,2247.2000000000007,1.16796875,1852,303,BLAa,BLA,44,left,0
1853,1854,3,6769.22,6180.02,2246.1000000000004,1.16796875,1853,303,BLAa,BLA,44,left,0
1854,1855,3,6768.099999999999,6180.460000000001,2243.76,1.0,1854,884,amc,amc,44,left,0
1855,1856,3,6766.96,6180.36,2242.720000000001,1.0,1855,884,amc,amc,44,left,0
1856,1857,3,6766.06,6181.660000000001,2241.5200000000004,1.0,1856,884,amc,amc,44,left,0
1857,1858,3,6765.639999999999,6183.16,2239.2800000000007,0.66796875,1857,884,amc,amc,44,left,0
1858,1859,3,6765.22,6184.64,2237.32,1.0,1858,884,amc,amc,44,left,0
1859,1860,3,6763.88,6185.639999999999,2236.7800000000007,1.0,1859,884,amc,amc,44,left,0
1860,1861,3,6761.94,6186.08,2236.58,0.75,1860,884,amc,amc,44,left,0
1861,1862,3,6760.1,6186.82,2235.34,1.0,1861,884,amc,amc,44,left,0
1862,1863,3,6758.719999999999,6188.3,2233.9400000000005,1.0,1862,966,EPv,EP,44,left,0
1863,1864,3,6757.12,6188.76,2233.0600000000013,1.0,1863,966,EPv,EP,44,left,0
1864,1865,3,6755.06,6188.92,2232.16,1.08203125,1864,966,EPv,EP,44,left,0
1865,1866,3,6752.780000000001,6188.099999999999,2232.0,1.0,1865,966,EPv,EP,44,left,1
1866,1867,3,6982.759999999999,6177.68,2282.5200000000004,0.33203125,932,311,BLAp,BLA,45,left,0
1867,1868,3,6983.139999999999,6179.64,2282.32,1.58203125,1867,311,BLAp,BLA,45,left,0
1868,1869,3,6984.26,6181.2,2281.720000000001,1.5,1868,311,BLAp,BLA,45,left,0
1869,1870,3,6984.740000000001,6182.5,2279.880000000001,1.5,1869,311,BLAp,BLA,45,left,0
1870,1871,3,6986.12,6184.299999999999,2278.92,2.0,1870,311,BLAp,BLA,45,left,0
1871,1872,3,6987.94,6185.119999999999,2278.72,2.08203125,1871,311,BLAp,BLA,45,left,0
1872,1873,3,6982.3,6176.860000000001,2280.48,0.16796875,932,311,BLAp,BLA,46,left,0
1873,1874,3,6984.66,6175.879999999999,2279.779999999999,1.0,1873,311,BLAp,BLA,46,left,0
1874,1875,3,6986.0,6174.120000000001,2279.42,0.66796875,1874,311,BLAp,BLA,46,left,0
1875,1876,3,6987.219999999999,6171.38,2277.8,1.08203125,1875,311,BLAp,BLA,46,left,0
1876,1877,3,6988.18,6169.880000000001,2276.540000000001,1.0,1876,311,BLAp,BLA,46,left,0
1877,1878,3,6989.5,6169.04,2275.72,0.75,1877,311,BLAp,BLA,46,left,0
1878,1879,3,6991.18,6169.52,2274.7000000000007,0.75,1878,311,BLAp,BLA,46,left,0
1879,1880,3,6991.34,6166.84,2274.6000000000004,0.08203125,1879,311,BLAp,BLA,46,left,0
1880,1881,3,6991.92,6164.02,2274.24,1.16796875,1880,311,BLAp,BLA,46,left,0
1881,1882,3,6992.32,6162.02,2273.459999999999,1.16796875,1881,311,BLAp,BLA,46,left,0
1882,1883,3,6993.540000000001,6161.24,2272.3,0.91796875,1882,311,BLAp,BLA,46,left,0
1883,1884,3,6996.58,6160.72,2270.92,1.0,1883,311,BLAp,BLA,46,left,0
1884,1885,3,6997.9,6159.32,2269.6000000000004,1.08203125,1884,311,BLAp,BLA,46,left,0
1885,1886,3,7000.48,6158.32,2268.0999999999985,0.66796875,1885,311,BLAp,BLA,46,left,0
1886,1887,3,7002.0,6157.200000000001,2266.900000000001,0.91796875,1886,311,BLAp,BLA,46,left,0
1887,1888,3,7003.780000000001,6156.88,2266.040000000001,0.5,1887,311,BLAp,BLA,46,left,0
1888,1889,3,7004.48,6155.66,2264.959999999999,1.0,1888,311,BLAp,BLA,46,left,0
1889,1890,3,7005.68,6154.48,2263.22,0.75,1889,311,BLAp,BLA,46,left,0
1890,1891,3,7007.820000000001,6152.960000000001,2261.0,0.91796875,1890,311,BLAp,BLA,46,left,0
1891,1892,3,7010.56,6152.7,2258.0999999999985,1.0,1891,311,BLAp,BLA,46,left,0
1892,1893,3,7012.42,6153.400000000001,2257.34,0.91796875,1892,311,BLAp,BLA,46,left,0
1893,1894,3,7013.04,6153.68,2256.119999999999,1.0,1893,311,BLAp,BLA,46,left,0
1894,1895,3,7014.539999999999,6154.299999999999,2254.6000000000004,0.0546875,1894,311,BLAp,BLA,46,left,0
1895,1896,3,7015.36,6153.379999999999,2251.3,1.0,1895,311,BLAp,BLA,46,left,0
1896,1897,3,7015.76,6152.179999999999,2249.779999999999,0.58203125,1896,311,BLAp,BLA,46,left,0
1897,1898,3,7016.52,6152.34,2247.7800000000007,0.91796875,1897,311,BLAp,BLA,46,left,0
1898,1899,3,7016.660000000001,6151.94,2245.2000000000007,1.41796875,1898,311,BLAp,BLA,46,left,0
1899,1900,3,7016.72,6151.24,2243.1399999999994,1.0,1899,311,BLAp,BLA,46,left,0
1900,1901,3,7017.36,6151.54,2240.42,1.0,1900,311,BLAp,BLA,46,left,0
1901,1902,3,7018.62,6152.08,2238.619999999999,1.0,1901,311,BLAp,BLA,46,left,0
1902,1903,3,7020.02,6152.7,2236.620000000001,1.33203125,1902,311,BLAp,BLA,46,left,0
1903,1904,3,7021.14,6153.18,2235.1800000000003,1.25,1903,311,BLAp,BLA,46,left,0
1904,1905,3,7023.16,6154.0,2233.5200000000004,1.25,1904,311,BLAp,BLA,46,left,0
1905,1906,3,7024.46,6154.56,2231.7800000000007,1.0,1905,311,BLAp,BLA,46,left,0
1906,1907,3,7025.320000000001,6154.0,2229.58,1.16796875,1906,311,BLAp,BLA,46,left,0
1907,1908,3,7025.54,6152.619999999999,2227.42,1.0,1907,311,BLAp,BLA,46,left,0
1908,1909,3,7026.0,6150.42,2225.8600000000006,1.5,1908,311,BLAp,BLA,46,left,0
1909,1910,3,7026.24,6149.08,2224.0599999999995,1.16796875,1909,311,BLAp,BLA,46,left,0
1910,1911,3,7026.639999999999,6147.06,2222.42,0.91796875,1910,311,BLAp,BLA,46,left,0
1911,1912,3,7027.12,6144.719999999999,2221.4,0.66796875,1911,311,BLAp,BLA,46,left,0
1912,1913,3,7026.26,6143.48,2219.66,0.01953125,1912,311,BLAp,BLA,46,left,0
1913,1914,3,7026.620000000001,6141.1,2218.58,1.0,1913,311,BLAp,BLA,46,left,0
1914,1915,3,7027.179999999999,6138.6,2218.32,1.25,1914,311,BLAp,BLA,46,left,0
1915,1916,3,7027.74,6135.92,2216.6399999999994,0.58203125,1915,311,BLAp,BLA,46,left,0
1916,1917,3,7028.22,6133.58,2215.48,0.58203125,1916,311,BLAp,BLA,46,left,0
1917,1918,3,7029.48,6131.34,2214.539999999999,1.0,1917,311,BLAp,BLA,46,left,0
1918,1919,3,7031.1,6130.66,2213.08,1.0,1918,311,BLAp,BLA,46,left,0
1919,1920,3,7033.56,6130.5,2211.6399999999994,1.16796875,1919,311,BLAp,BLA,46,left,0
1920,1921,3,7035.299999999999,6130.14,2210.7000000000007,0.58203125,1920,311,BLAp,BLA,46,left,0
1921,1922,3,7038.4400000000005,6128.56,2208.3600000000006,1.0,1921,311,BLAp,BLA,46,left,0
1922,1923,3,7039.86,6127.36,2206.58,1.08203125,1922,311,BLAp,BLA,46,left,0
1923,1924,3,7040.78,6125.320000000001,2205.26,1.41796875,1923,311,BLAp,BLA,46,left,0
1924,1925,3,7040.9400000000005,6124.299999999999,2203.42,1.33203125,1924,311,BLAp,BLA,46,left,0
1925,1926,3,7040.9400000000005,6123.86,2200.74,1.33203125,1925,311,BLAp,BLA,46,left,0
1926,1927,3,7040.900000000001,6123.719999999999,2198.8,0.5,1926,311,BLAp,BLA,46,left,0
1927,1928,3,7041.14,6122.56,2198.1800000000003,1.0,1927,311,BLAp,BLA,46,left,0
1928,1929,3,7038.339999999999,6121.620000000001,2197.540000000001,0.02734375,1928,311,BLAp,BLA,46,left,0
1929,1930,3,7036.0,6120.36,2197.32,1.25,1929,311,BLAp,BLA,46,left,0
1930,1931,3,7034.120000000001,6118.06,2197.66,1.16796875,1930,311,BLAp,BLA,46,left,0
1931,1932,3,7032.64,6115.62,2197.960000000001,1.33203125,1931,311,BLAp,BLA,46,left,0
1932,1933,3,7031.12,6113.56,2198.6000000000004,1.41796875,1932,311,BLAp,BLA,46,left,0
1933,1934,3,7030.299999999999,6112.54,2199.6000000000004,1.91796875,1933,311,BLAp,BLA,46,left,1
1934,1935,3,7167.28,6066.72,2267.16,0.015625,1091,311,BLAp,BLA,47,left,0
1935,1936,3,7169.38,6064.6,2267.6800000000003,1.0,1935,311,BLAp,BLA,47,left,0
1936,1937,3,7171.54,6063.56,2267.6399999999994,0.5,1936,311,BLAp,BLA,47,left,0
1937,1938,3,7173.84,6062.179999999999,2267.619999999999,1.0,1937,311,BLAp,BLA,47,left,0
1938,1939,3,7175.78,6060.74,2267.6399999999994,1.0,1938,311,BLAp,BLA,47,left,0
1939,1940,3,7177.02,6057.52,2267.84,1.0,1939,311,BLAp,BLA,47,left,0
1940,1941,3,7177.6,6055.04,2267.8,0.91796875,1940,311,BLAp,BLA,47,left,0
1941,1942,3,7178.24,6052.179999999999,2266.960000000001,0.66796875,1941,311,BLAp,BLA,47,left,0
1942,1943,3,7179.08,6049.56,2267.039999999999,0.75,1942,311,BLAp,BLA,47,left,0
1943,1944,3,7180.36,6047.960000000001,2266.720000000001,0.75,1943,311,BLAp,BLA,47,left,0
1944,1945,3,7180.900000000001,6046.08,2265.84,1.25,1944,311,BLAp,BLA,47,left,0
1945,1946,3,7182.039999999999,6044.740000000001,2264.640000000001,0.66796875,1945,311,BLAp,BLA,47,left,0
1946,1947,3,7183.8,6044.6,2264.400000000001,0.75,1946,311,BLAp,BLA,47,left,0
1947,1948,3,7184.6,6046.040000000001,2264.220000000001,3.83203125,1947,311,BLAp,BLA,47,left,1
1948,1949,3,7166.58,6070.02,2266.620000000001,0.02734375,1091,311,BLAp,BLA,48,left,0
1949,1950,3,7169.679999999999,6071.219999999999,2267.619999999999,1.0,1949,311,BLAp,BLA,48,left,0
1950,1951,3,7171.34,6071.76,2268.4,1.0,1950,311,BLAp,BLA,48,left,0
1951,1952,3,7172.94,6072.240000000001,2269.34,0.75,1951,311,BLAp,BLA,48,left,0
1952,1953,3,7175.4,6073.08,2269.3600000000006,1.0,1952,311,BLAp,BLA,48,left,0
1953,1954,3,7178.780000000001,6074.24,2269.040000000001,1.0,1953,311,BLAp,BLA,48,left,0
1954,1955,3,7182.219999999999,6075.44,2268.74,1.0,1954,311,BLAp,BLA,48,left,0
1955,1956,3,7185.68,6076.620000000001,2268.42,1.0,1955,311,BLAp,BLA,48,left,0
1956,1957,3,7187.94,6076.900000000001,2268.26,0.66796875,1956,311,BLAp,BLA,48,left,0
1957,1958,3,7190.08,6075.42,2268.4400000000005,0.83203125,1957,311,BLAp,BLA,48,left,0
1958,1959,3,7191.98,6075.68,2269.16,1.0,1958,311,BLAp,BLA,48,left,0
1959,1960,3,7194.099999999999,6076.38,2269.32,0.0546875,1959,311,BLAp,BLA,48,left,0
1960,1961,3,7195.78,6077.6,2269.26,1.0,1960,311,BLAp,BLA,48,left,0
1961,1962,3,7196.219999999999,6078.46,2269.92,1.0,1961,311,BLAp,BLA,48,left,0
1962,1963,3,7198.88,6079.46,2270.2000000000007,1.0,1962,311,BLAp,BLA,48,left,0
1963,1964,3,7201.34,6080.280000000001,2270.5200000000004,1.0,1963,311,BLAp,BLA,48,left,0
1964,1965,3,7203.04,6080.639999999999,2271.16,1.0,1964,311,BLAp,BLA,48,left,0
1965,1966,3,7205.320000000001,6080.18,2271.32,0.66796875,1965,311,BLAp,BLA,48,left,0
1966,1967,3,7207.58,6079.719999999999,2272.2000000000007,0.75,1966,311,BLAp,BLA,48,left,0
1967,1968,3,7209.400000000001,6078.74,2272.4400000000005,1.25,1967,311,BLAp,BLA,48,left,1
1968,1969,3,6994.2,6142.72,2305.040000000001,0.1484375,1186,311,BLAp,BLA,49,left,0
1969,1970,3,6993.76,6141.74,2307.0200000000004,1.75,1969,311,BLAp,BLA,49,left,0
1970,1971,3,6993.959999999999,6140.8,2309.539999999999,2.0,1970,311,BLAp,BLA,49,left,0
1971,1972,3,6995.18,6143.08,2304.98,0.109375,1186,311,BLAp,BLA,50,left,0
1972,1973,3,6997.28,6143.52,2305.3599999999988,0.75,1972,311,BLAp,BLA,50,left,0
1973,1974,3,6999.26,6143.099999999999,2305.42,0.91796875,1973,311,BLAp,BLA,50,left,0
1974,1975,3,7001.02,6143.540000000001,2306.1000000000004,1.0,1974,311,BLAp,BLA,50,left,0
1975,1976,3,7002.98,6144.22,2306.4,0.0546875,1975,311,BLAp,BLA,50,left,0
1976,1977,3,7004.679999999999,6145.24,2307.5599999999995,1.08203125,1976,311,BLAp,BLA,50,left,0
1977,1978,3,7005.74,6146.94,2309.0200000000004,0.75,1977,311,BLAp,BLA,50,left,0
1978,1979,3,7007.52,6149.299999999999,2309.74,1.16796875,1978,311,BLAp,BLA,50,left,0
1979,1980,3,7008.42,6150.44,2310.4,0.66796875,1979,311,BLAp,BLA,50,left,0
1980,1981,3,7010.460000000001,6151.280000000001,2310.8600000000006,1.0,1980,311,BLAp,BLA,50,left,0
1981,1982,3,7011.74,6151.7,2311.66,0.75,1981,311,BLAp,BLA,50,left,0
1982,1983,3,7014.160000000001,6152.56,2311.6399999999994,1.25,1982,311,BLAp,BLA,50,left,0
1983,1984,3,7016.78,6153.48,2311.48,1.16796875,1983,311,BLAp,BLA,50,left,0
1984,1985,3,7018.58,6154.099999999999,2312.119999999999,0.75,1984,311,BLAp,BLA,50,left,0
1985,1986,3,7021.1,6154.9,2312.32,1.0,1985,311,BLAp,BLA,50,left,0
1986,1987,3,7023.32,6154.740000000001,2312.1800000000003,0.5,1986,311,BLAp,BLA,50,left,0
1987,1988,3,7025.599999999999,6154.78,2312.0200000000004,1.0,1987,311,BLAp,BLA,50,left,0
1988,1989,3,7027.52,6154.360000000001,2311.92,0.83203125,1988,311,BLAp,BLA,50,left,0
1989,1990,3,7029.299999999999,6154.56,2311.7800000000007,0.91796875,1989,311,BLAp,BLA,50,left,0
1990,1991,3,7031.88,6154.32,2311.6399999999994,0.91796875,1990,311,BLAp,BLA,50,left,0
1991,1992,3,7034.78,6154.38,2311.8,1.25,1991,311,BLAp,BLA,50,left,0
1992,1993,3,7037.02,6153.780000000001,2312.540000000001,0.91796875,1992,311,BLAp,BLA,50,left,0
1993,1994,3,7039.539999999999,6152.5,2312.66,1.0,1993,311,BLAp,BLA,50,left,0
1994,1995,3,7041.620000000001,6151.52,2312.6000000000004,1.0,1994,311,BLAp,BLA,50,left,0
1995,1996,3,7043.62,6151.08,2312.5,0.91796875,1995,311,BLAp,BLA,50,left,0
1996,1997,3,7046.24,6150.52,2312.380000000001,0.66796875,1996,311,BLAp,BLA,50,left,0
1997,1998,3,7049.120000000001,6150.4,2312.2000000000007,1.16796875,1997,311,BLAp,BLA,50,left,0
1998,1999,3,7051.02,6150.22,2312.08,1.0,1998,311,BLAp,BLA,50,left,0
1999,2000,3,7051.4,6149.24,2313.42,0.08203125,1999,311,BLAp,BLA,50,left,0
2000,2001,3,7053.24,6148.76,2313.459999999999,0.58203125,2000,311,BLAp,BLA,50,left,0
2001,2002,3,7056.14,6146.860000000001,2313.42,0.83203125,2001,311,BLAp,BLA,50,left,0
2002,2003,3,7058.16,6145.58,2313.4,1.0,2002,311,BLAp,BLA,50,left,0
2003,2004,3,7060.4,6145.24,2314.040000000001,0.91796875,2003,311,BLAp,BLA,50,left,0
2004,2005,3,7062.179999999999,6144.8,2314.880000000001,0.83203125,2004,311,BLAp,BLA,50,left,0
2005,2006,3,7064.38,6143.959999999999,2315.9400000000005,1.0,2005,311,BLAp,BLA,50,left,0
2006,2007,3,7066.459999999999,6143.099999999999,2316.74,1.0,2006,311,BLAp,BLA,50,left,0
2007,2008,3,7068.58,6142.380000000001,2317.16,1.0,2007,311,BLAp,BLA,50,left,0
2008,2009,3,7070.860000000001,6142.42,2317.0,1.0,2008,311,BLAp,BLA,50,left,0
2009,2010,3,7072.64,6142.179999999999,2317.0599999999995,0.66796875,2009,311,BLAp,BLA,50,left,0
2010,2011,3,7074.62,6142.92,2317.960000000001,0.75,2010,311,BLAp,BLA,50,left,0
2011,2012,3,7075.839999999999,6144.26,2318.5,1.25,2011,311,BLAp,BLA,50,left,0
2012,2013,3,7078.62,6145.62,2318.959999999999,1.0,2012,311,BLAp,BLA,50,left,0
2013,2014,3,7081.06,6146.459999999999,2319.26,1.0,2013,311,BLAp,BLA,50,left,0
2014,2015,3,7082.72,6146.82,2319.880000000001,0.91796875,2014,311,BLAp,BLA,50,left,0
2015,2016,3,7084.48,6146.34,2319.9,1.0,2015,311,BLAp,BLA,50,left,0
2016,2017,3,7086.94,6146.94,2319.6800000000003,1.0,2016,311,BLAp,BLA,50,left,0
2017,2018,3,7090.280000000001,6148.099999999999,2319.3600000000006,1.0,2017,311,BLAp,BLA,50,left,0
2018,2019,3,7093.18,6148.200000000001,2319.16,1.0,2018,311,BLAp,BLA,50,left,0
2019,2020,3,7094.56,6147.0,2319.1800000000003,0.91796875,2019,311,BLAp,BLA,50,left,0
2020,2021,3,7096.900000000001,6147.16,2318.24,0.02734375,2020,311,BLAp,BLA,50,left,0
2021,2022,3,7098.959999999999,6146.72,2317.540000000001,1.0,2021,311,BLAp,BLA,50,left,0
2022,2023,3,7101.2,6147.14,2317.3600000000006,0.75,2022,311,BLAp,BLA,50,left,0
2023,2024,3,7103.139999999999,6146.620000000001,2317.279999999999,1.0,2023,311,BLAp,BLA,50,left,0
2024,2025,3,7105.18,6146.24,2317.1800000000003,1.0,2024,311,BLAp,BLA,50,left,0
2025,2026,3,7108.3,6146.56,2316.960000000001,0.83203125,2025,311,BLAp,BLA,50,left,0
2026,2027,3,7110.44,6145.860000000001,2316.879999999999,0.91796875,2026,311,BLAp,BLA,50,left,0
2027,2028,3,7112.92,6145.08,2316.8,0.91796875,2027,311,BLAp,BLA,50,left,0
2028,2029,3,7113.780000000001,6144.099999999999,2316.84,1.08203125,2028,311,BLAp,BLA,50,left,0
2029,2030,3,6990.76,6123.22,2289.460000000001,0.16796875,1197,311,BLAp,BLA,51,left,0
2030,2031,3,6991.26,6121.1,2288.24,0.91796875,2030,311,BLAp,BLA,51,left,0
2031,2032,3,6992.219999999999,6116.92,2286.8,1.16796875,2031,311,BLAp,BLA,51,left,0
2032,2033,3,6993.42,6114.62,2286.0599999999995,1.0,2032,311,BLAp,BLA,51,left,0
2033,2034,3,6994.34,6112.08,2285.119999999999,1.0,2033,311,BLAp,BLA,51,left,0
2034,2035,3,6995.4,6110.52,2284.6000000000004,0.91796875,2034,311,BLAp,BLA,51,left,0
2035,2036,3,6996.660000000001,6110.68,2283.6399999999994,0.58203125,2035,311,BLAp,BLA,51,left,0
2036,2037,3,6998.0,6110.8,2282.42,0.06640625,2036,311,BLAp,BLA,51,left,0
2037,2038,3,6998.9,6109.44,2280.82,1.08203125,2037,311,BLAp,BLA,51,left,0
2038,2039,3,7000.8,6108.52,2278.92,1.0,2038,311,BLAp,BLA,51,left,0
2039,2040,3,7003.16,6108.16,2277.66,1.0,2039,311,BLAp,BLA,51,left,0
2040,2041,3,7004.880000000001,6107.72,2276.76,0.91796875,2040,311,BLAp,BLA,51,left,0
2041,2042,3,7006.18,6107.26,2275.5200000000004,0.91796875,2041,311,BLAp,BLA,51,left,0
2042,2043,3,7007.759999999999,6107.4800000000005,2274.3600000000006,0.91796875,2042,311,BLAp,BLA,51,left,0
2043,2044,3,7008.56,6106.42,2273.24,1.0,2043,311,BLAp,BLA,51,left,0
2044,2045,3,7009.28,6104.360000000001,2272.34,0.75,2044,311,BLAp,BLA,51,left,0
2045,2046,3,7011.459999999999,6102.0,2270.5,0.5,2045,311,BLAp,BLA,51,left,0
2046,2047,3,7012.780000000001,6100.66,2269.1800000000003,0.91796875,2046,311,BLAp,BLA,51,left,0
2047,2048,3,7013.32,6100.599999999999,2267.8599999999988,1.0,2047,311,BLAp,BLA,51,left,0
2048,2049,3,7014.46,6098.42,2267.9400000000005,0.0546875,2048,311,BLAp,BLA,51,left,0
2049,2050,3,7016.36,6098.379999999999,2267.08,1.08203125,2049,311,BLAp,BLA,51,left,0
2050,2051,3,7018.6,6097.7,2265.620000000001,1.33203125,2050,311,BLAp,BLA,51,left,0
2051,2052,3,7021.040000000001,6096.68,2264.880000000001,1.0,2051,311,BLAp,BLA,51,left,0
2052,2053,3,7022.72,6094.44,2263.5599999999995,0.83203125,2052,311,BLAp,BLA,51,left,0
2053,2054,3,7025.299999999999,6092.820000000001,2262.2000000000007,1.0,2053,311,BLAp,BLA,51,left,0
2054,2055,3,7028.28,6090.68,2261.1000000000004,0.75,2054,311,BLAp,BLA,51,left,0
2055,2056,3,7030.0,6090.22,2259.9,1.16796875,2055,311,BLAp,BLA,51,left,0
2056,2057,3,7031.36,6089.24,2259.24,1.0,2056,311,BLAp,BLA,51,left,0
2057,2058,3,7031.96,6087.14,2259.16,0.83203125,2057,311,BLAp,BLA,51,left,0
2058,2059,3,7033.12,6086.040000000001,2258.16,0.91796875,2058,311,BLAp,BLA,51,left,0
2059,2060,3,7034.880000000001,6084.9,2257.380000000001,0.83203125,2059,311,BLAp,BLA,51,left,0
2060,2061,3,7037.92,6084.0,2256.459999999999,1.0,2060,311,BLAp,BLA,51,left,0
2061,2062,3,7039.9,6083.24,2255.84,1.0,2061,311,BLAp,BLA,51,left,0
2062,2063,3,7041.4400000000005,6083.5,2254.9400000000005,1.0,2062,311,BLAp,BLA,51,left,0
2063,2064,3,7043.64,6083.12,2254.74,1.0,2063,311,BLAp,BLA,51,left,0
2064,2065,3,7045.58,6083.64,2254.5599999999995,1.0,2064,311,BLAp,BLA,51,left,0
2065,2066,3,7047.32,6082.9,2254.5,0.11328125,2065,311,BLAp,BLA,51,left,0
2066,2067,3,7049.360000000001,6083.379999999999,2253.82,0.66796875,2066,311,BLAp,BLA,51,left,0
2067,2068,3,7050.0,6082.619999999999,2253.0600000000013,1.0,2067,311,BLAp,BLA,51,left,0
2068,2069,3,6991.1,6122.1,2290.42,0.0546875,1197,311,BLAp,BLA,52,left,0
2069,2070,3,6991.92,6118.76,2291.620000000001,0.58203125,2069,311,BLAp,BLA,52,left,0
2070,2071,3,6992.4800000000005,6116.56,2292.7800000000007,0.83203125,2070,311,BLAp,BLA,52,left,0
2071,2072,3,6993.3,6113.16,2294.0599999999995,1.33203125,2071,311,BLAp,BLA,52,left,0
2072,2073,3,6994.22,6111.1,2295.5,1.33203125,2072,311,BLAp,BLA,52,left,0
2073,2074,3,6996.219999999999,6110.320000000001,2296.4,0.66796875,2073,311,BLAp,BLA,52,left,0
2074,2075,3,6997.02,6108.18,2297.4,0.91796875,2074,311,BLAp,BLA,52,left,0
2075,2076,3,6997.799999999999,6104.880000000001,2298.3600000000006,0.05078125,2075,311,BLAp,BLA,52,left,0
2076,2077,3,6998.4400000000005,6102.34,2300.2000000000007,1.41796875,2076,311,BLAp,BLA,52,left,0
2077,2078,3,6999.719999999999,6100.259999999999,2301.58,0.66796875,2077,311,BLAp,BLA,52,left,0
2078,2079,3,7001.2,6099.46,2303.24,0.91796875,2078,311,BLAp,BLA,52,left,0
2079,2080,3,7002.4800000000005,6096.1,2304.0599999999995,0.83203125,2079,311,BLAp,BLA,52,left,0
2080,2081,3,7003.48,6093.9400000000005,2305.3599999999988,0.83203125,2080,311,BLAp,BLA,52,left,0
2081,2082,3,7005.66,6090.900000000001,2306.960000000001,1.0,2081,311,BLAp,BLA,52,left,0
2082,2083,3,7006.459999999999,6089.84,2307.9400000000005,1.0,2082,311,BLAp,BLA,52,left,0
2083,2084,3,6887.86,6144.66,2299.880000000001,0.0546875,1288,311,BLAp,BLA,53,left,0
2084,2085,3,6887.5,6144.38,2302.3,0.91796875,2084,311,BLAp,BLA,53,left,0
2085,2086,3,6886.1,6143.8,2303.619999999999,1.33203125,2085,311,BLAp,BLA,53,left,0
2086,2087,3,6883.88,6142.9,2304.76,1.66796875,2086,311,BLAp,BLA,53,left,0
2087,2088,3,6881.88,6142.08,2306.2800000000007,1.08203125,2087,311,BLAp,BLA,53,left,0
2088,2089,3,6879.5,6141.280000000001,2308.1399999999994,1.16796875,2088,311,BLAp,BLA,53,left,0
2089,2090,3,6877.9,6141.56,2309.5599999999995,1.0,2089,311,BLAp,BLA,53,left,0
2090,2091,3,6876.08,6141.219999999999,2311.0200000000004,1.08203125,2090,311,BLAp,BLA,53,left,0
2091,2092,3,6873.56,6140.1,2314.5200000000004,0.83203125,2091,311,BLAp,BLA,53,left,0
2092,2093,3,6872.200000000001,6139.48,2316.540000000001,1.0,2092,311,BLAp,BLA,53,left,0
2093,2094,3,6870.700000000001,6138.82,2318.0999999999985,1.0,2093,311,BLAp,BLA,53,left,0
2094,2095,3,6869.18,6138.379999999999,2319.2800000000007,1.33203125,2094,311,BLAp,BLA,53,left,0
2095,2096,3,6868.26,6139.160000000001,2320.879999999999,1.25,2095,311,BLAp,BLA,53,left,0
2096,2097,3,6867.799999999999,6139.32,2323.120000000001,0.5,2096,311,BLAp,BLA,53,left,0
2097,2098,3,6866.040000000001,6139.679999999999,2324.539999999999,0.91796875,2097,311,BLAp,BLA,53,left,0
2098,2099,3,6863.64,6138.88,2326.5,0.75,2098,303,BLAa,BLA,53,left,0
2099,2100,3,6862.380000000001,6138.3,2328.26,0.91796875,2099,303,BLAa,BLA,53,left,0
2100,2101,3,6861.16,6137.759999999999,2329.8,1.0,2100,303,BLAa,BLA,53,left,0
2101,2102,3,6859.66,6137.759999999999,2330.1399999999994,1.0,2101,303,BLAa,BLA,53,left,0
2102,2103,3,6857.74,6137.94,2331.540000000001,0.58203125,2102,303,BLAa,BLA,53,left,0
2103,2104,3,6856.219999999999,6137.94,2333.24,1.16796875,2103,303,BLAa,BLA,53,left,0
2104,2105,3,6854.880000000001,6138.76,2334.9,0.58203125,2104,303,BLAa,BLA,53,left,0
2105,2106,3,6852.039999999999,6140.119999999999,2337.380000000001,1.0,2105,303,BLAa,BLA,53,left,0
2106,2107,3,6850.16,6140.52,2338.72,0.66796875,2106,303,BLAa,BLA,53,left,0
2107,2108,3,6847.4400000000005,6140.5,2339.92,1.5,2107,303,BLAa,BLA,53,left,0
2108,2109,3,6846.02,6141.98,2340.92,1.0,2108,303,BLAa,BLA,53,left,0
2109,2110,3,6845.2,6143.200000000001,2341.720000000001,0.66796875,2109,303,BLAa,BLA,53,left,0
2110,2111,3,6843.16,6144.26,2341.879999999999,1.0,2110,303,BLAa,BLA,53,left,0
2111,2112,3,6841.88,6145.9400000000005,2341.82,1.0,2111,303,BLAa,BLA,53,left,0
2112,2113,3,6840.119999999999,6147.88,2342.279999999999,1.16796875,2112,303,BLAa,BLA,53,left,0
2113,2114,3,6838.7,6148.9400000000005,2343.66,0.91796875,2113,303,BLAa,BLA,53,left,0
2114,2115,3,6837.960000000001,6151.42,2344.379999999999,1.0,2114,303,BLAa,BLA,53,left,0
2115,2116,3,6836.599999999999,6152.84,2344.3600000000006,0.91796875,2115,303,BLAa,BLA,53,left,0
2116,2117,3,6834.84,6152.42,2344.92,0.5,2116,303,BLAa,BLA,53,left,0
2117,2118,3,6833.139999999999,6153.02,2345.92,0.83203125,2117,303,BLAa,BLA,53,left,0
2118,2119,3,6830.58,6154.02,2346.84,1.41796875,2118,303,BLAa,BLA,53,left,0
2119,2120,3,6828.66,6154.66,2348.039999999999,0.5,2119,303,BLAa,BLA,53,left,0
2120,2121,3,6826.88,6155.280000000001,2349.5200000000004,0.91796875,2120,303,BLAa,BLA,53,left,0
2121,2122,3,6824.86,6156.040000000001,2350.48,0.75,2121,303,BLAa,BLA,53,left,0
2122,2123,3,6823.12,6156.860000000001,2350.58,1.0,2122,303,BLAa,BLA,53,left,1
2123,2124,3,6886.42,6143.16,2296.3600000000006,0.0546875,1288,311,BLAp,BLA,54,left,0
2124,2125,3,6884.02,6141.96,2295.08,1.0,2124,311,BLAp,BLA,54,left,0
2125,2126,3,6881.06,6140.879999999999,2294.72,1.0,2125,311,BLAp,BLA,54,left,0
2126,2127,3,6879.099999999999,6140.06,2294.08,1.25,2126,311,BLAp,BLA,54,left,0
2127,2128,3,6876.98,6138.0,2294.120000000001,1.16796875,2127,311,BLAp,BLA,54,left,0
2128,2129,3,6875.14,6137.16,2293.92,1.25,2128,311,BLAp,BLA,54,left,0
2129,2130,3,6872.88,6136.4,2292.3,1.16796875,2129,311,BLAp,BLA,54,left,0
2130,2131,3,6870.42,6135.48,2291.08,0.91796875,2130,311,BLAp,BLA,54,left,0
2131,2132,3,6868.84,6134.04,2290.98,1.0,2131,311,BLAp,BLA,54,left,0
2132,2133,3,6866.219999999999,6132.42,2291.34,1.16796875,2132,311,BLAp,BLA,54,left,0
2133,2134,3,6863.4400000000005,6131.32,2291.6800000000003,1.0,2133,311,BLAp,BLA,54,left,0
2134,2135,3,6861.58,6129.9400000000005,2291.960000000001,1.16796875,2134,311,BLAp,BLA,54,left,0
2135,2136,3,6858.719999999999,6127.98,2292.3600000000006,1.0,2135,311,BLAp,BLA,54,left,0
2136,2137,3,6855.44,6126.72,2292.76,1.16796875,2136,311,BLAp,BLA,54,left,0
2137,2138,3,6853.22,6125.879999999999,2293.0,1.16796875,2137,303,BLAa,BLA,54,left,0
2279,2280,3,6899.299999999999,6149.44,2404.42,0.01171875,1544,311,BLAp,BLA,59,left,0
2280,2281,3,6898.52,6148.02,2406.5200000000004,1.0,2280,311,BLAp,BLA,59,left,0
2281,2282,3,6897.179999999999,6146.36,2408.32,0.75,2281,311,BLAp,BLA,59,left,0
2282,2283,3,6895.52,6145.18,2410.5,1.0,2282,311,BLAp,BLA,59,left,0
2283,2284,3,6893.86,6144.48,2412.1800000000003,0.75,2283,311,BLAp,BLA,59,left,0
2284,2285,3,6892.179999999999,6143.7,2415.9,0.5,2284,311,BLAp,BLA,59,left,0
2285,2286,3,6890.72,6143.32,2417.8,0.75,2285,311,BLAp,BLA,59,left,0
2286,2287,3,6889.42,6143.9400000000005,2419.74,1.0,2286,311,BLAp,BLA,59,left,0
2287,2288,3,6888.28,6144.06,2421.9399999999987,0.66796875,2287,311,BLAp,BLA,59,left,0
2288,2289,3,6887.42,6145.8,2422.8599999999988,1.33203125,2288,311,BLAp,BLA,59,left,0
2289,2290,3,6887.3,6146.74,2424.3,1.41796875,2289,311,BLAp,BLA,59,left,0
2290,2291,3,6886.82,6148.76,2425.9400000000005,0.58203125,2290,303,BLAa,BLA,59,left,0
2291,2292,3,6886.219999999999,6148.780000000001,2428.0999999999985,0.75,2291,303,BLAa,BLA,59,left,0
2292,2293,3,6886.08,6148.64,2430.0599999999995,0.08203125,2292,303,BLAa,BLA,59,left,0
2293,2294,3,6886.08,6148.52,2433.0999999999985,1.33203125,2293,303,BLAa,BLA,59,left,0
2294,2295,3,6885.22,6148.06,2435.4,1.0,2294,303,BLAa,BLA,59,left,0
2295,2296,3,6884.56,6146.74,2437.84,1.0,2295,303,BLAa,BLA,59,left,0
2296,2297,3,6884.9,6146.14,2441.16,1.0,2296,303,BLAa,BLA,59,left,0
2297,2298,3,6885.18,6146.08,2445.1800000000003,1.0,2297,303,BLAa,BLA,59,left,0
2298,2299,3,6885.38,6146.040000000001,2447.9,0.75,2298,303,BLAa,BLA,59,left,0
2299,2300,3,6885.76,6144.9800000000005,2450.1800000000003,1.08203125,2299,303,BLAa,BLA,59,left,0
2300,2301,3,6886.34,6142.780000000001,2451.76,0.75,2300,303,BLAa,BLA,59,left,0
2301,2302,3,6886.56,6141.5,2453.7000000000007,1.0,2301,303,BLAa,BLA,59,left,0
2302,2303,3,6885.68,6141.14,2454.5,1.08203125,2302,303,BLAa,BLA,59,left,0
2303,2304,3,6885.860000000001,6141.34,2457.74,0.03125,2303,303,BLAa,BLA,59,left,0
2304,2305,3,6885.72,6142.759999999999,2460.2000000000007,1.0,2304,303,BLAa,BLA,59,left,0
2305,2306,3,6885.62,6143.9,2462.540000000001,1.16796875,2305,303,BLAa,BLA,59,left,0
2306,2307,3,6885.44,6145.16,2464.8600000000006,0.66796875,2306,303,BLAa,BLA,59,left,0
2307,2308,3,6884.880000000001,6145.16,2467.119999999999,0.83203125,2307,303,BLAa,BLA,59,left,0
2308,2309,3,6884.34,6145.879999999999,2469.640000000001,0.75,2308,303,BLAa,BLA,59,left,0
2309,2310,3,6883.58,6145.9400000000005,2471.34,0.58203125,2309,303,BLAa,BLA,59,left,0
2310,2311,3,6883.62,6145.82,2474.2800000000007,1.08203125,2310,303,BLAa,BLA,59,left,0
2311,2312,3,6883.82,6145.78,2476.900000000001,1.0,2311,303,BLAa,BLA,59,left,0
2312,2313,3,6883.74,6145.639999999999,2479.7000000000007,0.66796875,2312,303,BLAa,BLA,59,left,0
2313,2314,3,6883.08,6145.299999999999,2481.8600000000006,1.0,2313,303,BLAa,BLA,59,left,0
2314,2315,3,6882.36,6144.5,2484.220000000001,0.66796875,2314,303,BLAa,BLA,59,left,0
2315,2316,3,6882.16,6143.3,2486.6800000000003,1.58203125,2315,303,BLAa,BLA,59,left,0
2316,2317,3,6880.879999999999,6142.619999999999,2487.7000000000007,1.83203125,2316,303,BLAa,BLA,59,left,0
2317,2318,3,6879.26,6141.92,2489.6000000000004,0.1015625,2317,303,BLAa,BLA,59,left,0
2318,2319,3,6878.18,6141.42,2491.9399999999987,1.0,2318,303,BLAa,BLA,59,left,0
2319,2320,3,6876.98,6140.839999999999,2494.48,0.66796875,2319,303,BLAa,BLA,59,left,0
2320,2321,3,6875.44,6140.18,2496.1000000000004,1.0,2320,303,BLAa,BLA,59,left,0
2321,2322,3,6873.58,6140.38,2497.4400000000005,0.91796875,2321,303,BLAa,BLA,59,left,0
2322,2323,3,6872.799999999999,6141.72,2499.040000000001,0.5,2322,303,BLAa,BLA,59,left,0
2323,2324,3,6870.839999999999,6144.24,2499.2800000000007,0.91796875,2323,303,BLAa,BLA,59,left,0
2324,2325,3,6869.139999999999,6145.34,2499.3,1.0,2324,303,BLAa,BLA,59,left,1
2325,2326,3,6901.06,6150.259999999999,2403.8,0.11328125,1544,311,BLAp,BLA,60,left,0
2326,2327,3,6901.56,6149.299999999999,2405.92,0.75,2326,311,BLAp,BLA,60,left,0
2327,2328,3,6903.0,6147.46,2408.3600000000006,0.58203125,2327,311,BLAp,BLA,60,left,0
2328,2329,3,6904.0,6145.700000000001,2410.0,1.0,2328,311,BLAp,BLA,60,left,0
2329,2330,3,6904.9800000000005,6144.76,2411.5599999999995,0.5,2329,311,BLAp,BLA,60,left,0
2330,2331,3,6905.42,6143.9800000000005,2414.9,1.41796875,2330,311,BLAp,BLA,60,left,0
2331,2332,3,6906.1,6144.139999999999,2416.6000000000004,0.5,2331,311,BLAp,BLA,60,left,0
2332,2333,3,6907.46,6144.58,2417.4,1.0,2332,311,BLAp,BLA,60,left,0
2333,2334,3,6908.099999999999,6144.06,2419.32,1.25,2333,311,BLAp,BLA,60,left,0
2334,2335,3,6908.52,6143.200000000001,2423.0999999999985,1.0,2334,311,BLAp,BLA,60,left,0
2335,2336,3,6909.04,6143.32,2426.6800000000003,1.16796875,2335,311,BLAp,BLA,60,left,0
2336,2337,3,6909.56,6144.539999999999,2427.48,0.75,2336,311,BLAp,BLA,60,left,0
2337,2338,3,6909.740000000001,6144.880000000001,2429.3,0.125,2337,311,BLAp,BLA,60,left,0
2338,2339,3,6910.82,6145.280000000001,2431.3,1.16796875,2338,311,BLAp,BLA,60,left,0
2339,2340,3,6912.52,6145.860000000001,2432.5599999999995,1.0,2339,311,BLAp,BLA,60,left,0
2340,2341,3,6915.299999999999,6145.24,2436.08,0.75,2340,311,BLAp,BLA,60,left,0
2341,2342,3,6916.94,6144.400000000001,2437.7000000000007,0.75,2341,311,BLAp,BLA,60,left,0
2342,2343,3,6919.099999999999,6144.880000000001,2439.460000000001,1.0,2342,311,BLAp,BLA,60,left,0
2343,2344,3,6920.48,6145.280000000001,2442.1800000000003,0.66796875,2343,311,BLAp,BLA,60,left,0
2344,2345,3,6921.7,6145.639999999999,2444.8,1.0,2344,311,BLAp,BLA,60,left,0
2345,2346,3,6923.04,6146.2,2446.540000000001,0.58203125,2345,311,BLAp,BLA,60,left,0
2346,2347,3,6923.92,6147.380000000001,2446.74,1.0,2346,311,BLAp,BLA,60,left,0
2347,2348,3,6926.4400000000005,6148.9,2446.380000000001,1.08203125,2347,311,BLAp,BLA,60,left,0
2348,2349,3,6929.719999999999,6150.14,2446.0,1.0,2348,311,BLAp,BLA,60,left,0
2349,2350,3,6931.900000000001,6150.96,2445.76,1.0,2349,311,BLAp,BLA,60,left,1
2350,2351,3,6974.66,6297.86,2378.4,0.11328125,1721,311,BLAp,BLA,61,left,0
2351,2352,3,6976.4400000000005,6298.92,2377.66,0.75,2351,311,BLAp,BLA,61,left,0
2352,2353,3,6976.900000000001,6301.24,2376.2800000000007,0.75,2352,311,BLAp,BLA,61,left,0
2353,2354,3,6977.780000000001,6303.66,2374.5599999999995,1.0,2353,311,BLAp,BLA,61,left,0
2354,2355,3,6979.02,6305.839999999999,2372.5,0.66796875,2354,311,BLAp,BLA,61,left,0
2355,2356,3,6979.700000000001,6307.4,2371.040000000001,1.0,2355,311,BLAp,BLA,61,left,0
2356,2357,3,6980.98,6308.780000000001,2370.3,0.58203125,2356,311,BLAp,BLA,61,left,0
2357,2358,3,6981.54,6311.0,2369.74,1.33203125,2357,311,BLAp,BLA,61,left,0
2358,2359,3,6982.4800000000005,6312.179999999999,2368.76,0.83203125,2358,311,BLAp,BLA,61,left,0
2359,2360,3,6983.48,6314.22,2368.34,1.0,2359,311,BLAp,BLA,61,left,0
2360,2361,3,6984.679999999999,6317.06,2368.039999999999,1.0,2360,451,BLAv,BLA,61,left,0
2361,2362,3,6985.700000000001,6319.42,2367.7800000000007,1.0,2361,451,BLAv,BLA,61,left,0
2362,2363,3,6986.78,6321.74,2367.5200000000004,1.0,2362,451,BLAv,BLA,61,left,0
2363,2364,3,6988.66,6324.299999999999,2367.1800000000003,1.0,2363,451,BLAv,BLA,61,left,0
2364,2365,3,6989.9,6326.280000000001,2366.42,1.0,2364,451,BLAv,BLA,61,left,0
2365,2366,3,6991.26,6327.7,2365.460000000001,0.5,2365,451,BLAv,BLA,61,left,0
2366,2367,3,6993.360000000001,6329.62,2365.119999999999,0.66796875,2366,451,BLAv,BLA,61,left,0
2367,2368,3,6994.0,6331.860000000001,2364.9,1.08203125,2367,451,BLAv,BLA,61,left,0
2368,2369,3,6995.24,6332.780000000001,2364.74,1.0,2368,451,BLAv,BLA,61,left,0
2369,2370,3,6996.58,6335.02,2364.48,0.07421875,2369,451,BLAv,BLA,61,left,0
2370,2371,3,6998.339999999999,6336.660000000001,2364.400000000001,1.0,2370,451,BLAv,BLA,61,left,0
2371,2372,3,6999.880000000001,6337.58,2365.2000000000007,0.75,2371,451,BLAv,BLA,61,left,0
2372,2373,3,7001.14,6339.679999999999,2365.1800000000003,1.0,2372,451,BLAv,BLA,61,left,0
2373,2374,3,7003.08,6342.380000000001,2364.84,1.0,2373,451,BLAv,BLA,61,left,0
2374,2375,3,7004.360000000001,6343.64,2364.66,1.0,2374,451,BLAv,BLA,61,left,0
2375,2376,3,7005.639999999999,6345.16,2364.460000000001,0.91796875,2375,451,BLAv,BLA,61,left,0
2376,2377,3,7007.4400000000005,6345.9400000000005,2364.2800000000007,1.0,2376,451,BLAv,BLA,61,left,1
2377,2378,3,6974.58,6298.46,2379.42,0.0546875,1721,311,BLAp,BLA,62,left,0
2378,2379,3,6976.36,6300.9400000000005,2381.1000000000004,0.91796875,2378,311,BLAp,BLA,62,left,0
2379,2380,3,6976.68,6302.5,2381.76,0.91796875,2379,311,BLAp,BLA,62,left,0
2380,2381,3,6977.84,6303.52,2382.0200000000004,1.0,2380,311,BLAp,BLA,62,left,0
2381,2382,3,6978.48,6303.68,2383.5599999999995,1.0,2381,311,BLAp,BLA,62,left,0
2382,2383,3,6978.86,6304.58,2385.6800000000003,1.33203125,2382,311,BLAp,BLA,62,left,0
2383,2384,3,6980.14,6305.96,2387.3,0.5,2383,451,BLAv,BLA,62,left,0
2384,2385,3,6981.2,6307.36,2388.5200000000004,0.83203125,2384,451,BLAv,BLA,62,left,0
2385,2386,3,6982.3,6308.12,2389.74,0.91796875,2385,451,BLAv,BLA,62,left,0
2386,2387,3,6983.099999999999,6310.04,2390.76,0.58203125,2386,451,BLAv,BLA,62,left,0
2387,2388,3,6984.92,6312.179999999999,2391.459999999999,1.0,2387,451,BLAv,BLA,62,left,0
2388,2389,3,6985.839999999999,6313.76,2392.08,0.83203125,2388,451,BLAv,BLA,62,left,0
2389,2390,3,6985.900000000001,6314.700000000001,2393.48,1.0,2389,451,BLAv,BLA,62,left,0
2390,2391,3,6988.06,6316.280000000001,2394.619999999999,0.0234375,2390,451,BLAv,BLA,62,left,0
2391,2392,3,6988.7,6317.7,2395.74,0.75,2391,451,BLAv,BLA,62,left,0
2392,2393,3,6988.64,6319.360000000001,2397.32,0.5,2392,451,BLAv,BLA,62,left,0
2393,2394,3,6989.120000000001,6321.040000000001,2398.7800000000007,0.5,2393,451,BLAv,BLA,62,left,0
2394,2395,3,6989.06,6323.12,2401.58,1.0,2394,451,BLAv,BLA,62,left,0
2395,2396,3,6989.18,6324.539999999999,2403.08,1.0,2395,451,BLAv,BLA,62,left,0
2396,2397,3,6990.92,6326.18,2403.58,1.33203125,2396,451,BLAv,BLA,62,left,0
2397,2398,3,6992.28,6327.68,2404.220000000001,0.66796875,2397,451,BLAv,BLA,62,left,0
2398,2399,3,6993.84,6330.04,2404.26,0.66796875,2398,451,BLAv,BLA,62,left,0
2399,2400,3,6995.900000000001,6331.799999999999,2403.98,0.91796875,2399,451,BLAv,BLA,62,left,0
2400,2401,3,6997.12,6333.28,2404.1399999999994,0.5,2400,451,BLAv,BLA,62,left,0
2401,2402,3,6999.02,6334.160000000001,2404.779999999999,1.0,2401,451,BLAv,BLA,62,left,0
2402,2403,3,7001.02,6336.36,2404.619999999999,1.0,2402,451,BLAv,BLA,62,left,0
2403,2404,3,7001.98,6337.9,2404.4399999999987,1.0,2403,451,BLAv,BLA,62,left,1
2404,2405,3,6852.12,6286.96,2385.34,0.01953125,1776,303,BLAa,BLA,63,left,0
2405,2406,3,6850.02,6286.88,2387.459999999999,1.0,2405,303,BLAa,BLA,63,left,0
2406,2407,3,6848.74,6286.36,2389.3,0.91796875,2406,303,BLAa,BLA,63,left,0
2407,2408,3,6847.66,6285.92,2390.7000000000007,0.91796875,2407,303,BLAa,BLA,63,left,0
2408,2409,3,6846.08,6285.34,2391.8600000000006,1.58203125,2408,303,BLAa,BLA,63,left,0
2409,2410,3,6844.92,6285.259999999999,2393.58,1.08203125,2409,303,BLAa,BLA,63,left,0
2410,2411,3,6843.8,6285.900000000001,2395.1800000000003,0.83203125,2410,303,BLAa,BLA,63,left,0
2411,2412,3,6842.039999999999,6286.26,2395.800000000001,1.0,2411,303,BLAa,BLA,63,left,0
2412,2413,3,6840.36,6286.219999999999,2397.26,1.0,2412,303,BLAa,BLA,63,left,0
2413,2414,3,6837.88,6285.259999999999,2399.6000000000004,1.0,2413,303,BLAa,BLA,63,left,0
2414,2415,3,6836.7,6284.78,2401.0599999999995,1.25,2414,303,BLAa,BLA,63,left,0
2415,2416,3,6834.38,6283.88,2403.1399999999994,1.0,2415,303,BLAa,BLA,63,left,0
2416,2417,3,6832.7,6283.06,2404.6000000000004,0.66796875,2416,303,BLAa,BLA,63,left,0
2417,2418,3,6831.98,6281.42,2405.0,1.0,2417,303,BLAa,BLA,63,left,0
2418,2419,3,6831.639999999999,6282.58,2405.5,0.16796875,2418,303,BLAa,BLA,63,left,0
2419,2420,3,6830.96,6282.52,2407.32,1.25,2419,303,BLAa,BLA,63,left,0
2420,2421,3,6830.48,6282.28,2409.72,1.0,2420,303,BLAa,BLA,63,left,0
2421,2422,3,6829.06,6281.92,2411.1800000000003,1.66796875,2421,303,BLAa,BLA,63,left,0
2422,2423,3,6828.4400000000005,6282.92,2412.48,1.0,2422,303,BLAa,BLA,63,left,0
2423,2424,3,6827.36,6284.360000000001,2413.84,1.41796875,2423,303,BLAa,BLA,63,left,0
2424,2425,3,6826.7,6286.16,2414.6800000000003,1.16796875,2424,303,BLAa,BLA,63,left,0
2425,2426,3,6826.68,6286.860000000001,2416.8,1.33203125,2425,303,BLAa,BLA,63,left,0
2426,2427,3,6826.639999999999,6286.76,2419.0,1.5,2426,303,BLAa,BLA,63,left,0
2427,2428,3,6825.62,6287.820000000001,2420.16,0.75,2427,303,BLAa,BLA,63,left,0
2428,2429,3,6824.880000000001,6289.700000000001,2421.699999999999,0.83203125,2428,303,BLAa,BLA,63,left,0
2429,2430,3,6823.06,6290.0,2422.98,1.91796875,2429,303,BLAa,BLA,63,left,0
2430,2431,3,6820.62,6289.02,2426.4,1.5,2430,303,BLAa,BLA,63,left,0
2431,2432,3,6819.299999999999,6288.48,2428.34,1.0,2431,303,BLAa,BLA,63,left,0
2432,2433,3,6817.86,6287.92,2429.7000000000007,0.91796875,2432,303,BLAa,BLA,63,left,0
2433,2434,3,6816.24,6287.32,2430.2800000000007,1.0,2433,303,BLAa,BLA,63,left,0
2434,2435,3,6815.66,6287.08,2431.459999999999,1.0,2434,303,BLAa,BLA,63,left,1
2435,2436,3,6854.04,6289.139999999999,2384.5200000000004,0.0625,1776,303,BLAa,BLA,64,left,0
2436,2437,3,6852.780000000001,6293.139999999999,2384.76,1.0,2436,303,BLAa,BLA,64,left,0
2437,2438,3,6851.639999999999,6295.08,2385.24,0.91796875,2437,303,BLAa,BLA,64,left,0
2438,2439,3,6850.74,6298.02,2385.82,1.0,2438,303,BLAa,BLA,64,left,0
2439,2440,3,6849.719999999999,6299.539999999999,2385.76,1.0,2439,303,BLAa,BLA,64,left,0
2440,2441,3,6848.62,6301.92,2386.4400000000005,0.5,2440,303,BLAa,BLA,64,left,0
2441,2442,3,6847.66,6303.16,2387.540000000001,1.33203125,2441,303,BLAa,BLA,64,left,0
2442,2443,3,6846.38,6306.14,2388.1399999999994,1.0,2442,311,BLAp,BLA,64,left,0
2443,2444,3,6845.259999999999,6307.780000000001,2388.0999999999985,1.0,2443,311,BLAp,BLA,64,left,0
2444,2445,3,6843.22,6307.9,2388.24,0.11328125,2444,303,BLAa,BLA,64,left,0
2445,2446,3,6840.68,6308.6,2388.3600000000006,1.25,2445,303,BLAa,BLA,64,left,0
2446,2447,3,6838.4400000000005,6309.22,2388.48,0.58203125,2446,303,BLAa,BLA,64,left,0
2447,2448,3,6836.32,6310.76,2388.5,1.0,2447,303,BLAa,BLA,64,left,0
2448,2449,3,6834.5,6313.24,2388.42,1.0,2448,303,BLAa,BLA,64,left,0
2449,2450,3,6833.0,6315.2,2388.5200000000004,1.0,2449,303,BLAa,BLA,64,left,0
2450,2451,3,6832.200000000001,6316.7,2389.42,0.83203125,2450,303,BLAa,BLA,64,left,0
2451,2452,3,6830.8,6317.960000000001,2389.640000000001,1.0,2451,303,BLAa,BLA,64,left,0
2452,2453,3,6828.8,6320.98,2389.539999999999,0.91796875,2452,303,BLAa,BLA,64,left,0
2453,2454,3,6827.380000000001,6322.0,2389.5599999999995,0.83203125,2453,303,BLAa,BLA,64,left,0
2454,2455,3,6825.879999999999,6324.139999999999,2389.5,1.0,2454,303,BLAa,BLA,64,left,0
2455,2456,3,6825.119999999999,6327.32,2389.2800000000007,1.0,2455,303,BLAa,BLA,64,left,0
2456,2457,3,6823.84,6329.9400000000005,2389.08,1.0,2456,303,BLAa,BLA,64,left,0
2457,2458,3,6822.820000000001,6331.4,2388.279999999999,1.0,2457,303,BLAa,BLA,64,left,0
2458,2459,3,6821.2,6333.08,2387.74,1.08203125,2458,303,BLAa,BLA,64,left,0
2459,2460,3,6818.76,6336.02,2387.5,1.16796875,2459,703,CTXsp,CTXsp,64,left,0
2460,2461,3,6817.58,6337.56,2386.6399999999994,0.91796875,2460,703,CTXsp,CTXsp,64,left,0
2461,2462,3,6815.06,6338.56,2386.22,1.25,2461,703,CTXsp,CTXsp,64,left,0
2462,2463,3,6812.54,6339.18,2385.4,0.91796875,2462,703,CTXsp,CTXsp,64,left,0
2463,2464,3,6810.18,6340.299999999999,2384.76,0.91796875,2463,703,CTXsp,CTXsp,64,left,0
2464,2465,3,6809.06,6341.639999999999,2384.0,1.0,2464,703,CTXsp,CTXsp,64,left,0
2465,2466,3,6806.98,6343.139999999999,2383.92,1.0,2465,703,CTXsp,CTXsp,64,left,0
2466,2467,3,6804.22,6344.139999999999,2384.040000000001,0.58203125,2466,703,CTXsp,CTXsp,64,left,0
2467,2468,3,6802.039999999999,6345.1,2384.120000000001,0.75,2467,884,amc,amc,64,left,0
2468,2469,3,6800.02,6345.1,2384.2800000000007,0.75,2468,884,amc,amc,64,left,0
2469,2470,3,6797.54,6345.4,2384.4399999999987,0.91796875,2469,884,amc,amc,64,left,0
2470,2471,3,6794.92,6345.2,2384.7000000000007,1.25,2470,884,amc,amc,64,left,0
2471,2472,3,6793.379999999999,6345.5,2385.3599999999988,1.16796875,2471,703,CTXsp,CTXsp,64,left,0
2472,2473,3,6791.08,6344.92,2387.0599999999995,1.0,2472,303,BLAa,BLA,64,left,0
2473,2474,3,6789.42,6345.259999999999,2388.0600000000013,0.58203125,2473,703,CTXsp,CTXsp,64,left,0
2474,2475,3,6787.72,6345.62,2389.120000000001,0.5,2474,703,CTXsp,CTXsp,64,left,0
2475,2476,3,6785.299999999999,6346.42,2389.48,1.0,2475,703,CTXsp,CTXsp,64,left,0
2476,2477,3,6783.56,6347.28,2390.380000000001,1.0,2476,884,amc,amc,64,left,0
2477,2478,3,6781.92,6347.54,2391.0599999999995,0.83203125,2477,884,amc,amc,64,left,0
2478,2479,3,6781.14,6348.6,2392.0,1.08203125,2478,884,amc,amc,64,left,0
2479,2480,3,6780.58,6350.96,2391.98,1.0,2479,884,amc,amc,64,left,0
2480,2481,3,6778.64,6351.4400000000005,2392.1000000000004,0.08203125,2480,884,amc,amc,64,left,0
2481,2482,3,6777.6,6353.4400000000005,2391.48,1.25,2481,884,amc,amc,64,left,0
2482,2483,3,6777.08,6355.5,2390.5999999999985,1.0,2482,884,amc,amc,64,left,0
2483,2484,3,6775.56,6357.4400000000005,2390.5,1.0,2483,884,amc,amc,64,left,0
2484,2485,3,6773.42,6357.56,2390.6399999999994,1.08203125,2484,884,amc,amc,64,left,0
2485,2486,3,6771.14,6358.9800000000005,2390.7000000000007,1.0,2485,884,amc,amc,64,left,0
2486,2487,3,6769.8,6361.24,2390.620000000001,0.83203125,2486,884,amc,amc,64,left,0
2487,2488,3,6768.86,6362.68,2390.5600000000013,1.0,2487,884,amc,amc,64,left,0
2488,2489,3,6766.98,6363.28,2390.1800000000003,1.25,2488,884,amc,amc,64,left,0
2489,2490,3,6765.54,6364.740000000001,2388.84,1.66796875,2489,884,amc,amc,64,left,0
2490,2491,3,6764.56,6366.92,2387.8599999999988,1.0,2490,703,CTXsp,CTXsp,64,left,0
2491,2492,3,6763.12,6367.179999999999,2387.960000000001,1.0,2491,703,CTXsp,CTXsp,64,left,0
2492,2493,3,6760.98,6367.4800000000005,2388.0999999999985,1.0,2492,703,CTXsp,CTXsp,64,left,0
2493,2494,3,6759.26,6368.64,2388.1399999999994,0.91796875,2493,703,CTXsp,CTXsp,64,left,0
2494,2495,3,6757.200000000001,6369.56,2388.22,1.0,2494,703,CTXsp,CTXsp,64,left,0
2495,2496,3,6755.34,6369.08,2388.4,1.25,2495,703,CTXsp,CTXsp,64,left,0
2496,2497,3,6753.6,6369.84,2388.459999999999,1.41796875,2496,703,CTXsp,CTXsp,64,left,0
2497,2498,3,6752.3,6371.84,2388.4,1.83203125,2497,703,CTXsp,CTXsp,64,left,0
2498,2499,3,6749.9,6372.28,2388.5599999999995,1.16796875,2498,703,CTXsp,CTXsp,64,left,0
2499,2500,3,6747.960000000001,6373.28,2388.619999999999,1.25,2499,703,CTXsp,CTXsp,64,left,0
2500,2501,3,6745.18,6373.339999999999,2388.5,0.5,2500,703,CTXsp,CTXsp,64,left,0
2501,2502,3,6744.2,6374.04,2387.7000000000007,1.0,2501,966,EPv,EP,64,left,1
2502,2503,3,6990.599999999999,6187.42,2278.34,0.05859375,1872,311,BLAp,BLA,65,left,0
2503,2504,3,6987.64,6187.799999999999,2278.5,0.23046875,1872,311,BLAp,BLA,66,left,0
2504,2505,3,6986.4800000000005,6189.880000000001,2278.4,1.0,2504,311,BLAp,BLA,66,left,0
2505,2506,3,6985.02,6192.7,2278.26,0.03515625,2505,311,BLAp,BLA,66,left,0
2506,2507,3,6983.12,6194.400000000001,2278.24,1.0,2506,311,BLAp,BLA,66,left,0
2507,2508,3,6980.22,6195.900000000001,2278.32,1.0,2507,311,BLAp,BLA,66,left,0
2508,2509,3,6978.099999999999,6196.040000000001,2278.459999999999,1.0,2508,311,BLAp,BLA,66,left,0
2509,2510,3,6976.92,6198.24,2278.24,1.16796875,2509,311,BLAp,BLA,66,left,0
2510,2511,3,6976.38,6200.38,2277.279999999999,0.58203125,2510,311,BLAp,BLA,66,left,0
2511,2512,3,6975.34,6203.92,2276.6000000000004,1.0,2511,311,BLAp,BLA,66,left,0
2512,2513,3,6973.74,6205.860000000001,2276.540000000001,1.0,2512,311,BLAp,BLA,66,left,0
2513,2514,3,6971.26,6208.780000000001,2276.3,0.83203125,2513,311,BLAp,BLA,66,left,0
2514,2515,3,6970.02,6210.5,2275.3599999999988,0.75,2514,311,BLAp,BLA,66,left,0
2515,2516,3,6968.8,6212.06,2274.98,1.0,2515,311,BLAp,BLA,66,left,0
2516,2517,3,6966.92,6214.6,2272.5599999999995,0.01171875,2516,311,BLAp,BLA,66,left,0
2517,2518,3,6994.56,6140.879999999999,2312.459999999999,0.11328125,1971,311,BLAp,BLA,67,left,0
2518,2519,3,6995.299999999999,6141.040000000001,2314.42,2.08203125,2518,311,BLAp,BLA,67,left,0
2519,2520,3,6996.82,6141.599999999999,2313.9400000000005,0.34765625,2519,311,BLAp,BLA,67,left,0
2520,2521,3,6998.780000000001,6142.28,2314.5,1.33203125,2520,311,BLAp,BLA,67,left,0
2521,2522,3,6999.740000000001,6143.139999999999,2316.08,1.33203125,2521,311,BLAp,BLA,67,left,0
2522,2523,3,7000.18,6144.32,2318.0200000000004,1.16796875,2522,311,BLAp,BLA,67,left,0
2523,2524,3,7001.4800000000005,6146.0,2319.66,1.0,2523,311,BLAp,BLA,67,left,0
2524,2525,3,7001.620000000001,6147.16,2321.08,1.25,2524,311,BLAp,BLA,67,left,0
2525,2526,3,6992.84,6140.38,2310.0,0.5,1971,311,BLAp,BLA,68,left,0
2526,2527,3,6992.240000000001,6138.24,2310.6800000000003,1.33203125,2526,311,BLAp,BLA,68,left,0
2527,2528,3,6992.26,6136.12,2311.74,1.58203125,2527,311,BLAp,BLA,68,left,0
2528,2529,3,6990.92,6134.5,2313.0200000000004,1.25,2528,311,BLAp,BLA,68,left,0
2529,2530,3,6990.96,6133.48,2314.640000000001,1.75,2529,311,BLAp,BLA,68,left,0
2530,2531,3,6989.38,6132.16,2315.26,0.14453125,2530,311,BLAp,BLA,68,left,0
2531,2532,3,6989.400000000001,6129.78,2316.0599999999995,1.75,2531,311,BLAp,BLA,68,left,0
2532,2533,3,6989.539999999999,6127.26,2317.279999999999,0.91796875,2532,311,BLAp,BLA,68,left,0
2533,2534,3,6988.26,6125.76,2318.4400000000005,1.0,2533,311,BLAp,BLA,68,left,0
2534,2535,3,6987.3,6123.4400000000005,2319.040000000001,1.0,2534,311,BLAp,BLA,68,left,0
2535,2536,3,6987.799999999999,6121.38,2319.7000000000007,0.75,2535,311,BLAp,BLA,68,left,0
2536,2537,3,6987.54,6119.56,2321.0599999999995,0.83203125,2536,311,BLAp,BLA,68,left,0
2537,2538,3,6986.4400000000005,6118.24,2322.22,0.83203125,2537,311,BLAp,BLA,68,left,0
2538,2539,3,6985.639999999999,6116.12,2323.880000000001,0.66796875,2538,311,BLAp,BLA,68,left,0
2539,2540,3,6985.259999999999,6113.28,2326.26,1.0,2539,311,BLAp,BLA,68,left,0
2540,2541,3,6984.679999999999,6111.02,2327.279999999999,0.58203125,2540,311,BLAp,BLA,68,left,0
2541,2542,3,6983.02,6109.539999999999,2327.6800000000003,0.03125,2541,311,BLAp,BLA,68,left,0
2542,2543,3,6982.619999999999,6107.12,2328.959999999999,0.83203125,2542,311,BLAp,BLA,68,left,0
2543,2544,3,6981.459999999999,6104.5,2330.72,0.5,2543,311,BLAp,BLA,68,left,0
2544,2545,3,6979.8,6102.06,2331.74,1.08203125,2544,311,BLAp,BLA,68,left,0
2545,2546,3,6978.8,6100.299999999999,2332.92,0.75,2545,311,BLAp,BLA,68,left,0
2546,2547,3,6977.34,6099.2,2333.98,1.0,2546,311,BLAp,BLA,68,left,0
2547,2548,3,6976.26,6097.380000000001,2334.779999999999,1.0,2547,311,BLAp,BLA,68,left,0
2548,2549,3,6975.5,6093.86,2335.16,1.0,2548,311,BLAp,BLA,68,left,0
2549,2550,3,6973.9800000000005,6090.82,2335.6399999999994,1.0,2549,311,BLAp,BLA,68,left,0
2550,2551,3,6973.360000000001,6088.379999999999,2336.74,1.0,2550,311,BLAp,BLA,68,left,0
2551,2552,3,6971.860000000001,6086.42,2337.6800000000003,0.66796875,2551,311,BLAp,BLA,68,left,0
2552,2553,3,6971.219999999999,6084.539999999999,2338.98,1.08203125,2552,311,BLAp,BLA,68,left,0
2553,2554,3,6971.76,6082.12,2339.34,1.0,2553,311,BLAp,BLA,68,left,0
2554,2555,3,6971.5,6079.52,2339.6000000000004,1.0,2554,311,BLAp,BLA,68,left,0
2555,2556,3,6970.16,6077.88,2340.0200000000004,0.91796875,2555,311,BLAp,BLA,68,left,0
2556,2557,3,6969.24,6077.28,2341.3600000000006,1.0,2556,311,BLAp,BLA,68,left,0
2557,2558,3,6970.0,6074.120000000001,2342.459999999999,0.02734375,2557,311,BLAp,BLA,68,left,0
2558,2559,3,6970.66,6071.280000000001,2343.22,1.16796875,2558,311,BLAp,BLA,68,left,0
2559,2560,3,6970.98,6068.3,2343.48,1.0,2559,311,BLAp,BLA,68,left,0
2560,2561,3,6970.0,6065.639999999999,2343.459999999999,1.0,2560,311,BLAp,BLA,68,left,0
2561,2562,3,6969.58,6062.68,2342.6000000000004,0.66796875,2561,311,BLAp,BLA,68,left,0
2562,2563,3,6968.780000000001,6060.16,2341.8600000000006,0.91796875,2562,311,BLAp,BLA,68,left,0
2563,2564,3,6967.58,6057.36,2342.0200000000004,1.0,2563,311,BLAp,BLA,68,left,0
2564,2565,3,6965.74,6055.0,2342.4,1.41796875,2564,311,BLAp,BLA,68,left,0
2565,2566,3,6964.24,6053.139999999999,2342.6800000000003,0.75,2565,311,BLAp,BLA,68,left,0
2566,2567,3,6962.36,6050.879999999999,2343.039999999999,0.75,2566,311,BLAp,BLA,68,left,0
2567,2568,3,6961.219999999999,6048.76,2343.34,1.08203125,2567,311,BLAp,BLA,68,left,0
2568,2569,3,6961.4,6045.900000000001,2343.6000000000004,1.16796875,2568,311,BLAp,BLA,68,left,0
2569,2570,3,6961.88,6043.64,2343.7800000000007,1.0,2569,311,BLAp,BLA,68,left,0
2570,2571,3,6961.88,6042.4800000000005,2342.74,0.16796875,2570,311,BLAp,BLA,68,left,0
2571,2572,3,6961.2,6040.34,2342.76,1.0,2571,311,BLAp,BLA,68,left,0
2572,2573,3,6961.1,6035.599999999999,2343.24,1.0,2572,311,BLAp,BLA,68,left,0
2573,2574,3,6961.72,6032.799999999999,2343.459999999999,1.0,2573,311,BLAp,BLA,68,left,0
2574,2575,3,6962.16,6030.700000000001,2343.619999999999,1.0,2574,311,BLAp,BLA,68,left,0
2575,2576,3,6962.84,6028.360000000001,2343.26,0.0546875,2575,311,BLAp,BLA,68,left,0
2576,2577,3,6964.34,6028.22,2341.879999999999,0.5,2576,311,BLAp,BLA,68,left,0
2577,2578,3,6967.02,6027.759999999999,2340.1399999999994,1.0,2577,311,BLAp,BLA,68,left,0
2578,2579,3,6968.9,6027.42,2339.1399999999994,0.75,2578,311,BLAp,BLA,68,left,0
2579,2580,3,6970.04,6026.94,2338.0600000000013,0.83203125,2579,311,BLAp,BLA,68,left,0
2580,2581,3,6970.38,6025.24,2337.98,4.41796875,2580,311,BLAp,BLA,68,left,1
2581,2582,3,7116.32,6144.92,2317.82,0.03125,2029,311,BLAp,BLA,69,left,0
2582,2583,3,7118.04,6146.14,2317.880000000001,1.08203125,2582,311,BLAp,BLA,69,left,0
2583,2584,3,7118.48,6147.02,2318.540000000001,0.91796875,2583,311,BLAp,BLA,69,left,0
2584,2585,3,7120.36,6147.9,2318.84,0.91796875,2584,311,BLAp,BLA,69,left,0
2585,2586,3,7121.54,6149.160000000001,2318.66,1.0,2585,311,BLAp,BLA,69,left,0
2586,2587,3,7124.120000000001,6150.599999999999,2318.379999999999,1.0,2586,311,BLAp,BLA,69,left,0
2587,2588,3,7126.38,6151.98,2318.120000000001,0.58203125,2587,311,BLAp,BLA,69,left,0
2588,2589,3,7127.780000000001,6153.32,2318.0600000000013,0.91796875,2588,311,BLAp,BLA,69,left,0
2589,2590,3,7129.76,6154.04,2318.9400000000005,1.0,2589,311,BLAp,BLA,69,left,0
2590,2591,3,7131.76,6155.299999999999,2318.880000000001,1.0,2590,311,BLAp,BLA,69,left,0
2591,2592,3,7133.26,6156.68,2318.66,1.0,2591,311,BLAp,BLA,69,left,0
2592,2593,3,7134.160000000001,6158.02,2318.48,0.08203125,2592,311,BLAp,BLA,69,left,0
2593,2594,3,7136.68,6159.46,2318.22,1.0,2593,311,BLAp,BLA,69,left,0
2594,2595,3,7140.0,6160.599999999999,2317.92,1.0,2594,311,BLAp,BLA,69,left,0
2595,2596,3,7142.86,6161.599999999999,2317.66,1.0,2595,311,BLAp,BLA,69,left,0
2596,2597,3,7144.740000000001,6162.9,2317.4400000000005,0.5,2596,311,BLAp,BLA,69,left,0
2597,2598,3,7147.6,6164.700000000001,2317.119999999999,1.0,2597,311,BLAp,BLA,69,left,0
2598,2599,3,7150.2,6165.700000000001,2316.879999999999,1.0,2598,311,BLAp,BLA,69,left,0
2599,2600,3,7151.4400000000005,6166.98,2316.540000000001,1.0,2599,311,BLAp,BLA,69,left,0
2600,2601,3,7152.820000000001,6168.06,2315.0200000000004,1.0,2600,311,BLAp,BLA,69,left,0
2601,2602,3,7154.8,6169.06,2313.5599999999995,0.75,2601,311,BLAp,BLA,69,left,0
2602,2603,3,7155.68,6170.38,2313.4,1.0,2602,311,BLAp,BLA,69,left,0
2603,2604,3,7158.02,6171.42,2313.1800000000003,1.0,2603,311,BLAp,BLA,69,left,0
2604,2605,3,7161.36,6172.54,2312.880000000001,1.0,2604,311,BLAp,BLA,69,left,0
2605,2606,3,7164.740000000001,6173.7,2312.58,1.0,2605,311,BLAp,BLA,69,left,0
2606,2607,3,7167.759999999999,6175.08,2312.3,0.66796875,2606,311,BLAp,BLA,69,left,0
2607,2608,3,7169.08,6176.459999999999,2312.1000000000004,1.0,2607,311,BLAp,BLA,69,left,0
2608,2609,3,7169.9400000000005,6176.88,2313.16,0.16796875,2608,311,BLAp,BLA,69,left,0
2609,2610,3,7172.4,6177.72,2313.1800000000003,1.0,2609,311,BLAp,BLA,69,left,0
2610,2611,3,7174.58,6178.46,2313.0,1.0,2610,311,BLAp,BLA,69,left,0
2611,2612,3,7176.76,6179.6,2312.7800000000007,1.0,2611,311,BLAp,BLA,69,left,0
2612,2613,3,7178.24,6181.02,2312.720000000001,0.91796875,2612,311,BLAp,BLA,69,left,0
2613,2614,3,7180.92,6182.039999999999,2313.619999999999,1.0,2613,311,BLAp,BLA,69,left,0
2614,2615,3,7183.02,6183.0,2313.5200000000004,0.75,2614,311,BLAp,BLA,69,left,0
2615,2616,3,7184.08,6184.360000000001,2313.34,0.75,2615,311,BLAp,BLA,69,left,0
2616,2617,3,7187.08,6185.62,2313.1399999999994,0.91796875,2616,311,BLAp,BLA,69,left,0
2617,2618,3,7189.28,6186.32,2313.72,1.0,2617,311,BLAp,BLA,69,left,0
2618,2619,3,7192.14,6187.240000000001,2314.0200000000004,1.0,2618,311,BLAp,BLA,69,left,0
2619,2620,3,7195.460000000001,6188.360000000001,2313.74,1.0,2619,311,BLAp,BLA,69,left,0
2620,2621,3,7198.22,6189.28,2313.5,1.0,2620,311,BLAp,BLA,69,left,0
2621,2622,3,7200.5,6189.92,2313.32,0.83203125,2621,311,BLAp,BLA,69,left,0
2622,2623,3,7202.4,6189.64,2313.24,0.5,2622,311,BLAp,BLA,69,left,0
2623,2624,3,7204.700000000001,6189.66,2313.120000000001,0.5,2623,311,BLAp,BLA,69,left,0
2624,2625,3,7206.2,6189.139999999999,2313.08,0.75,2624,311,BLAp,BLA,69,left,0
2625,2626,3,7208.66,6189.700000000001,2312.9,1.0,2625,311,BLAp,BLA,69,left,0
2626,2627,3,7211.26,6190.700000000001,2312.66,0.83203125,2626,311,BLAp,BLA,69,left,0
2627,2628,3,7212.799999999999,6192.1,2312.459999999999,1.0,2627,311,BLAp,BLA,69,left,0
2628,2629,3,7214.78,6193.26,2312.039999999999,0.83203125,2628,311,BLAp,BLA,69,left,0
2629,2630,3,7215.42,6193.52,2310.84,4.58203125,2629,311,BLAp,BLA,69,left,1
2630,2631,3,7115.58,6144.06,2317.76,0.05859375,2029,311,BLAp,BLA,70,left,0
2631,2632,3,7117.34,6141.52,2318.22,1.5,2631,311,BLAp,BLA,70,left,0
2632,2633,3,7120.14,6140.24,2318.16,1.0,2632,311,BLAp,BLA,70,left,0
2633,2634,3,7121.94,6138.92,2318.16,0.5,2633,311,BLAp,BLA,70,left,0
2634,2635,3,7124.26,6136.3,2318.24,1.0,2634,311,BLAp,BLA,70,left,0
2635,2636,3,7125.92,6134.18,2318.34,1.5,2635,311,BLAp,BLA,70,left,0
2636,2637,3,7128.22,6133.16,2318.279999999999,0.08203125,2636,311,BLAp,BLA,70,left,0
2637,2638,3,7130.54,6132.08,2318.24,1.0,2637,311,BLAp,BLA,70,left,0
2638,2639,3,7132.7,6131.2,2317.82,1.0,2638,311,BLAp,BLA,70,left,0
2639,2640,3,7133.9400000000005,6129.18,2316.82,0.83203125,2639,311,BLAp,BLA,70,left,0
2640,2641,3,7135.900000000001,6128.04,2315.24,1.0,2640,311,BLAp,BLA,70,left,0
2641,2642,3,7138.8,6127.34,2314.0,1.0,2641,311,BLAp,BLA,70,left,0
2642,2643,3,7140.58,6126.2,2313.98,1.0,2642,311,BLAp,BLA,70,left,0
2643,2644,3,7141.76,6124.8,2314.040000000001,1.0,2643,311,BLAp,BLA,70,left,0
2644,2645,3,7142.26,6125.04,2312.84,0.16796875,2644,311,BLAp,BLA,70,left,0
2645,2646,3,7144.26,6124.64,2311.879999999999,0.91796875,2645,311,BLAp,BLA,70,left,0
2646,2647,3,7145.460000000001,6123.6,2311.22,1.0,2646,311,BLAp,BLA,70,left,1
2647,2648,3,7051.58,6082.88,2252.82,0.16796875,2068,311,BLAp,BLA,71,left,0
2648,2649,3,7054.2,6083.780000000001,2252.540000000001,1.0,2648,311,BLAp,BLA,71,left,0
2649,2650,3,7056.98,6084.539999999999,2252.279999999999,0.83203125,2649,311,BLAp,BLA,71,left,0
2650,2651,3,7059.099999999999,6083.82,2252.2000000000007,0.66796875,2650,311,BLAp,BLA,71,left,0
2651,2652,3,7061.459999999999,6082.32,2252.1800000000003,1.0,2651,311,BLAp,BLA,71,left,0
2652,2653,3,7064.299999999999,6082.780000000001,2251.9399999999987,1.0,2652,311,BLAp,BLA,71,left,0
2653,2654,3,7066.660000000001,6083.64,2251.16,1.0,2653,311,BLAp,BLA,71,left,0
2654,2655,3,7068.360000000001,6083.56,2250.26,1.16796875,2654,311,BLAp,BLA,71,left,0
2655,2656,3,7071.36,6082.88,2250.040000000001,1.0,2655,311,BLAp,BLA,71,left,0
2656,2657,3,7074.38,6083.3,2249.8,0.83203125,2656,311,BLAp,BLA,71,left,0
2657,2658,3,7076.36,6083.099999999999,2249.6800000000003,1.0,2657,311,BLAp,BLA,71,left,0
2658,2659,3,7078.8,6083.48,2249.48,1.0,2658,311,BLAp,BLA,71,left,0
2659,2660,3,7080.839999999999,6083.139999999999,2249.379999999999,1.0,2659,311,BLAp,BLA,71,left,0
2660,2661,3,7082.16,6081.3,2249.460000000001,1.0,2660,311,BLAp,BLA,71,left,0
2661,2662,3,7083.86,6082.240000000001,2248.26,0.08203125,2661,311,BLAp,BLA,71,left,0
2662,2663,3,7086.040000000001,6083.12,2246.720000000001,0.83203125,2662,311,BLAp,BLA,71,left,0
2663,2664,3,7088.24,6083.959999999999,2245.779999999999,0.58203125,2663,311,BLAp,BLA,71,left,0
2664,2665,3,7090.48,6084.76,2244.48,0.66796875,2664,311,BLAp,BLA,71,left,0
2665,2666,3,7092.799999999999,6084.679999999999,2243.98,1.0,2665,311,BLAp,BLA,71,left,0
2666,2667,3,7095.119999999999,6085.06,2242.48,0.91796875,2666,311,BLAp,BLA,71,left,0
2667,2668,3,7097.72,6084.66,2241.08,1.0,2667,311,BLAp,BLA,71,left,0
2668,2669,3,7099.34,6083.8,2240.1800000000003,0.5,2668,311,BLAp,BLA,71,left,0
2669,2670,3,7101.459999999999,6083.46,2239.58,1.0,2669,311,BLAp,BLA,71,left,0
2670,2671,3,7104.02,6082.72,2239.48,0.75,2670,311,BLAp,BLA,71,left,0
2671,2672,3,7106.36,6081.26,2239.4399999999987,0.83203125,2671,311,BLAp,BLA,71,left,0
2672,2673,3,7108.52,6080.36,2239.379999999999,1.0,2672,311,BLAp,BLA,71,left,0
2673,2674,3,7110.52,6078.74,2239.040000000001,0.5,2673,311,BLAp,BLA,71,left,0
2674,2675,3,7111.799999999999,6078.9,2238.0999999999985,1.0,2674,311,BLAp,BLA,71,left,0
2675,2676,3,7114.120000000001,6077.06,2237.92,0.0546875,2675,311,BLAp,BLA,71,left,0
2676,2677,3,7117.02,6075.16,2237.82,1.08203125,2676,311,BLAp,BLA,71,left,0
2677,2678,3,7118.84,6074.740000000001,2236.74,0.5,2677,311,BLAp,BLA,71,left,0
2678,2679,3,7120.8,6073.62,2235.779999999999,1.33203125,2678,311,BLAp,BLA,71,left,0
2679,2680,3,7122.98,6072.960000000001,2234.9,1.0,2679,311,BLAp,BLA,71,left,0
2680,2681,3,7123.88,6070.900000000001,2234.880000000001,0.91796875,2680,311,BLAp,BLA,71,left,0
2681,2682,3,7125.2,6069.880000000001,2233.8,0.91796875,2681,311,BLAp,BLA,71,left,0
2682,2683,3,7127.16,6069.62,2233.2000000000007,0.5,2682,311,BLAp,BLA,71,left,0
2683,2684,3,7128.540000000001,6069.539999999999,2232.16,1.0,2683,311,BLAp,BLA,71,left,0
2684,2685,3,7130.82,6068.8,2231.98,1.0,2684,311,BLAp,BLA,71,left,0
2685,2686,3,7134.48,6068.0,2231.82,1.0,2685,311,BLAp,BLA,71,left,0
2686,2687,3,7137.0,6066.860000000001,2232.3,0.66796875,2686,311,BLAp,BLA,71,left,0
2687,2688,3,7138.719999999999,6065.18,2233.34,0.91796875,2687,311,BLAp,BLA,71,left,0
2688,2689,3,7141.06,6063.46,2234.48,0.83203125,2688,311,BLAp,BLA,71,left,0
2689,2690,3,7143.08,6062.46,2235.779999999999,1.0,2689,311,BLAp,BLA,71,left,0
2690,2691,3,7144.92,6062.780000000001,2236.84,1.0,2690,311,BLAp,BLA,71,left,0
2691,2692,3,7147.08,6062.34,2237.3,0.83203125,2691,311,BLAp,BLA,71,left,0
2692,2693,3,7149.22,6062.84,2238.0999999999985,1.0,2692,311,BLAp,BLA,71,left,0
2693,2694,3,7151.32,6063.5,2239.32,1.0,2693,311,BLAp,BLA,71,left,0
2694,2695,3,7152.68,6063.959999999999,2239.42,1.0,2694,311,BLAp,BLA,71,left,1
2695,2696,3,7051.5,6082.08,2251.84,0.0546875,2068,311,BLAp,BLA,72,left,0
2696,2697,3,7053.360000000001,6080.56,2251.459999999999,1.0,2696,311,BLAp,BLA,72,left,0
2697,2698,3,7054.58,6078.3,2250.5600000000013,0.75,2697,311,BLAp,BLA,72,left,0
2698,2699,3,7055.76,6075.66,2249.98,1.41796875,2698,311,BLAp,BLA,72,left,0
2699,2700,3,7056.68,6074.08,2248.300000000001,1.0,2699,311,BLAp,BLA,72,left,0
2700,2701,3,7058.06,6072.1,2246.42,1.0,2700,311,BLAp,BLA,72,left,0
2701,2702,3,7059.46,6070.879999999999,2246.3600000000006,2.0,2701,311,BLAp,BLA,72,left,0
2702,2703,3,7058.9800000000005,6069.9800000000005,2244.48,0.109375,2702,311,BLAp,BLA,72,left,0
2703,2704,3,7059.28,6066.06,2243.0999999999985,0.66796875,2703,311,BLAp,BLA,72,left,0
2704,2705,3,7058.360000000001,6064.099999999999,2241.9399999999987,1.0,2704,311,BLAp,BLA,72,left,0
2705,2706,3,7057.380000000001,6061.2,2241.42,0.75,2705,311,BLAp,BLA,72,left,0
2706,2707,3,7056.4400000000005,6059.66,2240.779999999999,0.5,2706,311,BLAp,BLA,72,left,0
2707,2708,3,7054.26,6057.759999999999,2240.9,1.08203125,2707,311,BLAp,BLA,72,left,0
2708,2709,3,7053.200000000001,6056.1,2240.2800000000007,0.75,2708,311,BLAp,BLA,72,left,0
2709,2710,3,7052.74,6054.82,2238.92,0.75,2709,311,BLAp,BLA,72,left,0
2710,2711,3,7051.92,6053.28,2238.66,1.0,2710,311,BLAp,BLA,72,left,0
2711,2712,3,7051.599999999999,6050.8,2237.6399999999994,0.83203125,2711,311,BLAp,BLA,72,left,0
2712,2713,3,7051.52,6049.02,2236.5,0.91796875,2712,311,BLAp,BLA,72,left,0
2713,2714,3,7049.9800000000005,6046.84,2236.1000000000004,1.08203125,2713,311,BLAp,BLA,72,left,0
2714,2715,3,7049.24,6044.76,2234.9,0.5,2714,311,BLAp,BLA,72,left,0
2715,2716,3,7048.4400000000005,6042.4,2233.5,0.91796875,2715,311,BLAp,BLA,72,left,0
2716,2717,3,7047.06,6040.82,2232.24,1.0,2716,311,BLAp,BLA,72,left,0
2717,2718,3,7045.599999999999,6040.34,2231.66,0.83203125,2717,311,BLAp,BLA,72,left,0
2718,2719,3,7045.259999999999,6038.9,2230.800000000001,1.0,2718,311,BLAp,BLA,72,left,0
2719,2720,3,7045.9400000000005,6035.860000000001,2230.48,1.25,2719,311,BLAp,BLA,72,left,0
2720,2721,3,7046.14,6033.9800000000005,2228.92,0.66796875,2720,311,BLAp,BLA,72,left,0
2721,2722,3,7045.299999999999,6032.72,2228.4,1.0,2721,311,BLAp,BLA,72,left,0
2722,2723,3,7046.040000000001,6029.299999999999,2227.619999999999,0.01953125,2722,311,BLAp,BLA,72,left,1
2723,2724,3,7004.18,6088.68,2310.220000000001,0.02734375,2083,311,BLAp,BLA,73,left,0
2724,2725,3,7003.0,6087.98,2312.4400000000005,1.25,2724,311,BLAp,BLA,73,left,0
2725,2726,3,7002.200000000001,6086.54,2313.0999999999985,0.91796875,2725,311,BLAp,BLA,73,left,0
2726,2727,3,7002.02,6083.9400000000005,2314.619999999999,1.16796875,2726,311,BLAp,BLA,73,left,0
2727,2728,3,7002.1,6081.76,2316.2000000000007,1.0,2727,311,BLAp,BLA,73,left,0
2728,2729,3,7001.0,6079.08,2317.32,0.91796875,2728,311,BLAp,BLA,73,left,0
2729,2730,3,7000.36,6076.5,2318.7800000000007,0.66796875,2729,311,BLAp,BLA,73,left,0
2730,2731,3,7000.16,6074.8,2319.8,0.66796875,2730,311,BLAp,BLA,73,left,0
2731,2732,3,6998.8,6073.7,2320.74,1.0,2731,311,BLAp,BLA,73,left,0
2732,2733,3,6998.46,6072.86,2322.540000000001,1.25,2732,311,BLAp,BLA,73,left,0
2733,2734,3,6997.54,6071.620000000001,2323.34,1.0,2733,311,BLAp,BLA,73,left,0
2734,2735,3,6996.74,6071.02,2325.040000000001,1.16796875,2734,311,BLAp,BLA,73,left,0
2735,2736,3,6997.0,6070.18,2326.5,1.08203125,2735,311,BLAp,BLA,73,left,0
2736,2737,3,6997.4800000000005,6068.6,2329.16,1.0,2736,311,BLAp,BLA,73,left,0
2737,2738,3,6997.960000000001,6066.900000000001,2330.98,1.0,2737,311,BLAp,BLA,73,left,0
2738,2739,3,6998.400000000001,6065.18,2332.0599999999995,1.0,2738,311,BLAp,BLA,73,left,0
2739,2740,3,6996.16,6063.200000000001,2333.32,0.0234375,2739,311,BLAp,BLA,73,left,0
2740,2741,3,6994.9,6061.7,2335.1000000000004,0.75,2740,311,BLAp,BLA,73,left,0
2741,2742,3,6993.22,6058.9400000000005,2335.800000000001,0.58203125,2741,311,BLAp,BLA,73,left,0
2742,2743,3,6991.98,6057.06,2336.3,0.83203125,2742,311,BLAp,BLA,73,left,0
2743,2744,3,6992.46,6054.24,2337.6000000000004,0.91796875,2743,311,BLAp,BLA,73,left,0
2744,2745,3,6993.26,6050.96,2338.48,1.08203125,2744,311,BLAp,BLA,73,left,0
2745,2746,3,6994.2,6049.299999999999,2339.34,0.91796875,2745,311,BLAp,BLA,73,left,0
2746,2747,3,6995.66,6045.68,2339.66,1.0,2746,311,BLAp,BLA,73,left,0
2747,2748,3,6996.42,6042.32,2340.040000000001,0.91796875,2747,311,BLAp,BLA,73,left,0
2748,2749,3,6996.78,6040.900000000001,2341.08,1.08203125,2748,311,BLAp,BLA,73,left,0
2749,2750,3,6996.94,6038.400000000001,2341.620000000001,0.08984375,2749,311,BLAp,BLA,73,left,0
2750,2751,3,6995.82,6037.0,2341.8600000000006,0.58203125,2750,311,BLAp,BLA,73,left,0
2751,2752,3,6995.76,6034.46,2342.119999999999,1.0,2751,311,BLAp,BLA,73,left,0
2752,2753,3,6996.3,6031.14,2342.4,1.16796875,2752,311,BLAp,BLA,73,left,0
2753,2754,3,6995.92,6028.68,2343.08,0.83203125,2753,311,BLAp,BLA,73,left,0
2754,2755,3,6994.28,6025.74,2345.16,1.0,2754,311,BLAp,BLA,73,left,0
2755,2756,3,6994.120000000001,6024.139999999999,2346.7800000000007,0.5,2755,311,BLAp,BLA,73,left,0
2756,2757,3,6992.4800000000005,6022.28,2347.7000000000007,1.0,2756,311,BLAp,BLA,73,left,0
2757,2758,3,6991.459999999999,6020.36,2347.960000000001,1.08203125,2757,311,BLAp,BLA,73,left,0
2758,2759,3,6988.82,6018.68,2348.32,1.0,2758,311,BLAp,BLA,73,left,0
2759,2760,3,6986.54,6017.179999999999,2348.6399999999994,0.58203125,2759,311,BLAp,BLA,73,left,0
2760,2761,3,6984.9800000000005,6015.72,2348.880000000001,1.16796875,2760,311,BLAp,BLA,73,left,1
2761,2762,3,7008.0,6088.76,2308.26,0.11328125,2083,311,BLAp,BLA,74,left,0
2762,2763,3,7009.64,6087.0,2308.48,0.91796875,2762,311,BLAp,BLA,74,left,0
2763,2764,3,7011.32,6085.96,2309.379999999999,1.0,2763,311,BLAp,BLA,74,left,0
2764,2765,3,7013.099999999999,6085.48,2309.640000000001,1.0,2764,311,BLAp,BLA,74,left,0
2765,2766,3,7014.04,6084.02,2309.7000000000007,1.0,2765,311,BLAp,BLA,74,left,0
2766,2767,3,7014.76,6081.06,2311.2000000000007,1.0,2766,311,BLAp,BLA,74,left,0
2767,2768,3,7015.24,6079.26,2313.08,1.16796875,2767,311,BLAp,BLA,74,left,0
2768,2769,3,7015.54,6078.339999999999,2315.0,0.5,2768,311,BLAp,BLA,74,left,0
2769,2770,3,7016.1,6076.0,2315.8600000000006,1.0,2769,311,BLAp,BLA,74,left,0
2770,2771,3,7016.68,6073.4400000000005,2316.0599999999995,1.0,2770,311,BLAp,BLA,74,left,0
2771,2772,3,7015.879999999999,6072.26,2317.459999999999,0.11328125,2771,311,BLAp,BLA,74,left,0
2772,2773,3,7014.400000000001,6070.34,2318.42,0.5,2772,311,BLAp,BLA,74,left,0
2773,2774,3,7012.74,6068.0,2320.9,1.0,2773,311,BLAp,BLA,74,left,0
2774,2775,3,7011.599999999999,6066.7,2322.66,1.08203125,2774,311,BLAp,BLA,74,left,0
2775,2776,3,7011.799999999999,6063.9,2324.4399999999987,1.0,2775,311,BLAp,BLA,74,left,0
2776,2777,3,7011.94,6061.599999999999,2325.9,0.83203125,2776,311,BLAp,BLA,74,left,0
2777,2778,3,7011.68,6059.8,2327.1000000000004,0.75,2777,311,BLAp,BLA,74,left,0
2778,2779,3,7011.860000000001,6057.240000000001,2327.74,1.0,2778,311,BLAp,BLA,74,left,0
2779,2780,3,7011.4800000000005,6055.700000000001,2328.8600000000006,0.75,2779,311,BLAp,BLA,74,left,0
2780,2781,3,7011.84,6054.0,2330.66,1.0,2780,311,BLAp,BLA,74,left,0
2781,2782,3,7011.56,6051.68,2332.3,0.75,2781,311,BLAp,BLA,74,left,0
2782,2783,3,7010.56,6050.119999999999,2332.82,1.0,2782,311,BLAp,BLA,74,left,0
2783,2784,3,7010.860000000001,6048.099999999999,2334.0,1.08203125,2783,311,BLAp,BLA,74,left,0
2784,2785,3,7011.42,6045.72,2334.779999999999,0.66796875,2784,311,BLAp,BLA,74,left,0
2785,2786,3,7011.96,6043.6,2336.4400000000005,0.91796875,2785,311,BLAp,BLA,74,left,0
2786,2787,3,7013.28,6041.08,2337.7800000000007,0.66796875,2786,311,BLAp,BLA,74,left,0
2787,2788,3,7014.86,6039.56,2338.66,0.83203125,2787,311,BLAp,BLA,74,left,0
2788,2789,3,7017.02,6036.52,2338.959999999999,1.0,2788,311,BLAp,BLA,74,left,0
2789,2790,3,7017.88,6034.139999999999,2339.3600000000006,0.5,2789,311,BLAp,BLA,74,left,0
2790,2791,3,7018.139999999999,6033.22,2340.58,1.0,2790,311,BLAp,BLA,74,left,0
2791,2792,3,7019.299999999999,6028.08,2340.98,0.01171875,2791,311,BLAp,BLA,74,left,0
2792,2793,3,7020.04,6024.66,2341.1399999999994,1.0,2792,311,BLAp,BLA,74,left,0
2793,2794,3,7020.4,6022.799999999999,2340.5200000000004,1.25,2793,311,BLAp,BLA,74,left,0
2794,2795,3,7021.14,6019.38,2340.2800000000007,1.0,2794,311,BLAp,BLA,74,left,0
2795,2796,3,7022.06,6015.14,2340.620000000001,1.0,2795,311,BLAp,BLA,74,left,0
2796,2797,3,7022.72,6012.0,2340.32,1.0,2796,311,BLAp,BLA,74,left,0
2797,2798,3,7023.16,6009.84,2339.72,1.0,2797,311,BLAp,BLA,74,left,0
2798,2799,3,7022.64,6007.14,2339.34,0.02734375,2798,311,BLAp,BLA,74,left,0
2799,2800,3,7023.0,6004.56,2338.7800000000007,5.58203125,2799,311,BLAp,BLA,74,left,1
2800,2801,3,6852.6,6123.12,2293.32,0.09765625,2138,303,BLAa,BLA,75,left,0
2801,2802,3,6850.74,6121.5,2293.619999999999,0.75,2801,303,BLAa,BLA,75,left,0
2802,2803,3,6848.76,6119.46,2293.98,1.0,2802,303,BLAa,BLA,75,left,0
2803,2804,3,6847.02,6117.780000000001,2294.2800000000007,1.0,2803,303,BLAa,BLA,75,left,0
2804,2805,3,6844.360000000001,6116.14,2294.66,1.0,2804,303,BLAa,BLA,75,left,0
2805,2806,3,6842.219999999999,6115.320000000001,2294.9,1.0,2805,303,BLAa,BLA,75,left,0
2806,2807,3,6840.34,6114.46,2295.1399999999994,1.0,2806,303,BLAa,BLA,75,left,0
2807,2808,3,6839.120000000001,6113.06,2295.380000000001,1.0,2807,303,BLAa,BLA,75,left,0
2808,2809,3,6836.84,6111.040000000001,2295.76,1.0,2808,303,BLAa,BLA,75,left,0
2809,2810,3,6835.48,6109.46,2296.0200000000004,1.0,2809,303,BLAa,BLA,75,left,0
2810,2811,3,6833.9,6107.4400000000005,2296.34,1.5,2810,303,BLAa,BLA,75,left,0
2811,2812,3,6832.619999999999,6105.879999999999,2296.6000000000004,1.5,2811,303,BLAa,BLA,75,left,0
2812,2813,3,6831.06,6104.66,2296.84,1.08203125,2812,303,BLAa,BLA,75,left,0
2813,2814,3,6852.02,6125.879999999999,2294.379999999999,0.09765625,2138,303,BLAa,BLA,76,left,0
2814,2815,3,6849.9400000000005,6128.28,2294.4399999999987,1.0,2814,303,BLAa,BLA,76,left,0
2815,2816,3,6847.54,6129.5,2294.5200000000004,0.75,2815,303,BLAa,BLA,76,left,0
2816,2817,3,6845.48,6129.24,2295.1000000000004,1.0,2816,303,BLAa,BLA,76,left,0
2817,2818,3,6844.160000000001,6129.96,2296.0200000000004,1.0,2817,303,BLAa,BLA,76,left,0
2818,2819,3,6842.12,6131.54,2296.16,1.0,2818,303,BLAa,BLA,76,left,0
2819,2820,3,6839.62,6132.780000000001,2296.24,0.75,2819,303,BLAa,BLA,76,left,0
2820,2821,3,6837.619999999999,6132.68,2296.42,1.0,2820,303,BLAa,BLA,76,left,0
2821,2822,3,6835.8,6133.099999999999,2296.6000000000004,0.91796875,2821,303,BLAa,BLA,76,left,0
2822,2823,3,6834.299999999999,6132.820000000001,2297.5200000000004,0.5,2822,303,BLAa,BLA,76,left,0
2823,2824,3,6832.380000000001,6133.66,2298.1399999999994,1.0,2823,303,BLAa,BLA,76,left,0
2824,2825,3,6829.58,6135.280000000001,2298.22,1.0,2824,303,BLAa,BLA,76,left,0
2825,2826,3,6827.66,6135.8,2298.32,0.75,2825,303,BLAa,BLA,76,left,0
2826,2827,3,6824.8,6135.320000000001,2298.6000000000004,1.0,2826,303,BLAa,BLA,76,left,0
2827,2828,3,6821.52,6134.06,2299.0,1.0,2827,303,BLAa,BLA,76,left,0
2828,2829,3,6819.34,6133.76,2299.199999999999,0.5,2828,303,BLAa,BLA,76,left,0
2829,2830,3,6817.380000000001,6135.38,2299.220000000001,0.91796875,2829,303,BLAa,BLA,76,left,0
2830,2831,3,6815.599999999999,6135.9400000000005,2299.32,0.58203125,2830,303,BLAa,BLA,76,left,0
2831,2832,3,6813.82,6135.860000000001,2299.460000000001,1.0,2831,303,BLAa,BLA,76,left,0
2832,2833,3,6811.94,6135.4,2299.6800000000003,1.0,2832,303,BLAa,BLA,76,left,0
2833,2834,3,6809.9400000000005,6136.18,2299.76,1.0,2833,303,BLAa,BLA,76,left,0
2834,2835,3,6806.799999999999,6136.620000000001,2299.98,0.83203125,2834,303,BLAa,BLA,76,left,0
2835,2836,3,6804.9,6137.02,2300.1000000000004,0.91796875,2835,303,BLAa,BLA,76,left,0
2836,2837,3,6803.16,6136.799999999999,2300.2800000000007,0.5,2836,303,BLAa,BLA,76,left,0
2837,2838,3,6801.280000000001,6137.219999999999,2300.4,0.91796875,2837,303,BLAa,BLA,76,left,0
2838,2839,3,6799.299999999999,6136.799999999999,2300.1000000000004,0.5,2838,303,BLAa,BLA,76,left,0
2839,2840,3,6797.960000000001,6137.26,2299.400000000001,0.5,2839,303,BLAa,BLA,76,left,0
2840,2841,3,6795.259999999999,6137.74,2299.120000000001,0.75,2840,303,BLAa,BLA,76,left,0
2841,2842,3,6793.9400000000005,6138.88,2298.279999999999,0.5,2841,303,BLAa,BLA,76,left,0
2842,2843,3,6791.38,6138.56,2297.8,1.0,2842,303,BLAa,BLA,76,left,0
2843,2844,3,6789.740000000001,6138.139999999999,2297.22,1.0,2843,303,BLAa,BLA,76,left,0
2844,2845,3,6788.540000000001,6139.099999999999,2297.140000000001,1.0,2844,303,BLAa,BLA,76,left,0
2845,2846,3,6784.78,6137.92,2297.58,0.0078125,2845,303,BLAa,BLA,76,left,0
2846,2847,3,6783.3,6138.400000000001,2297.66,0.75,2846,303,BLAa,BLA,76,left,0
2847,2848,3,6780.879999999999,6137.74,2297.9400000000005,1.0,2847,303,BLAa,BLA,76,left,0
2848,2849,3,6778.3,6136.860000000001,2298.24,1.0,2848,303,BLAa,BLA,76,left,0
2849,2850,3,6776.38,6137.08,2298.379999999999,0.75,2849,303,BLAa,BLA,76,left,0
2850,2851,3,6773.68,6137.16,2298.6000000000004,1.0,2850,303,BLAa,BLA,76,left,0
2851,2852,3,6771.16,6137.84,2298.84,1.08203125,2851,303,BLAa,BLA,76,left,0
2852,2853,3,6769.539999999999,6138.62,2299.6800000000003,1.0,2852,303,BLAa,BLA,76,left,0
2853,2854,3,6767.46,6140.38,2300.24,1.0,2853,303,BLAa,BLA,76,left,0
2854,2855,3,6764.400000000001,6142.06,2300.34,0.5,2854,303,BLAa,BLA,76,left,0
2855,2856,3,6762.4400000000005,6141.94,2300.5200000000004,0.58203125,2855,303,BLAa,BLA,76,left,0
2856,2857,3,6760.700000000001,6142.88,2300.58,1.0,2856,303,BLAa,BLA,76,left,0
2857,2858,3,6759.02,6144.120000000001,2300.620000000001,1.0,2857,303,BLAa,BLA,76,left,0
2858,2859,3,6757.14,6145.52,2300.6399999999994,0.75,2858,303,BLAa,BLA,76,left,0
2859,2860,3,6755.700000000001,6146.459999999999,2300.6800000000003,0.58203125,2859,303,BLAa,BLA,76,left,0
2860,2861,3,6753.719999999999,6146.900000000001,2300.82,1.08203125,2860,303,BLAa,BLA,76,left,0
2861,2862,3,6751.860000000001,6147.54,2300.92,0.5,2861,303,BLAa,BLA,76,left,0
2862,2863,3,6750.34,6149.139999999999,2300.9,0.58203125,2862,303,BLAa,BLA,76,left,0
2863,2864,3,6748.9800000000005,6150.34,2300.92,1.0,2863,303,BLAa,BLA,76,left,0
2864,2865,3,6746.98,6151.26,2301.0,0.75,2864,303,BLAa,BLA,76,left,0
2865,2866,3,6745.0,6151.16,2301.1800000000003,1.0,2865,303,BLAa,BLA,76,left,0
2866,2867,3,6743.12,6151.58,2301.3,0.91796875,2866,303,BLAa,BLA,76,left,0
2867,2868,3,6741.34,6151.18,2301.119999999999,0.58203125,2867,303,BLAa,BLA,76,left,0
2868,2869,3,6739.64,6151.78,2300.2800000000007,0.91796875,2868,303,BLAa,BLA,76,left,0
2869,2870,3,6737.52,6152.36,2300.34,0.75,2869,303,BLAa,BLA,76,left,0
2870,2871,3,6734.9800000000005,6152.92,2300.5200000000004,0.58203125,2870,303,BLAa,BLA,76,left,0
2871,2872,3,6732.54,6152.54,2300.779999999999,1.0,2871,303,BLAa,BLA,76,left,0
2872,2873,3,6730.98,6152.72,2300.9,1.0,2872,303,BLAa,BLA,76,left,0
2873,2874,3,6730.0,6154.34,2300.84,1.0,2873,303,BLAa,BLA,76,left,0
2874,2875,3,6728.200000000001,6155.259999999999,2300.9,1.0,2874,303,BLAa,BLA,76,left,0
2875,2876,3,6726.12,6155.36,2301.08,0.75,2875,303,BLAa,BLA,76,left,0
2876,2877,3,6724.48,6156.860000000001,2301.08,1.0,2876,303,BLAa,BLA,76,left,0
2877,2878,3,6722.64,6156.860000000001,2301.26,1.0,2877,303,BLAa,BLA,76,left,0
2878,2879,3,6720.879999999999,6157.6,2301.34,0.83203125,2878,303,BLAa,BLA,76,left,0
2879,2880,3,6719.62,6159.160000000001,2301.3,1.0,2879,303,BLAa,BLA,76,left,0
2880,2881,3,6717.759999999999,6160.08,2301.380000000001,1.41796875,2880,303,BLAa,BLA,76,left,0
2881,2882,3,6715.98,6161.2,2301.4400000000005,1.33203125,2881,303,BLAa,BLA,76,left,0
2882,2883,3,6714.22,6162.52,2301.48,0.75,2882,303,BLAa,BLA,76,left,0
2883,2884,3,6712.759999999999,6163.46,2301.5200000000004,0.91796875,2883,303,BLAa,BLA,76,left,0
2884,2885,3,6710.06,6164.46,2301.6800000000003,1.0,2884,303,BLAa,BLA,76,left,0
2885,2886,3,6708.18,6165.320000000001,2302.3,1.0,2885,303,BLAa,BLA,76,left,0
2886,2887,3,6706.4400000000005,6165.639999999999,2303.1800000000003,1.0,2886,303,BLAa,BLA,76,left,0
2887,2888,3,6704.02,6166.36,2303.42,1.08203125,2887,303,BLAa,BLA,76,left,0
2888,2889,3,6702.26,6166.3,2303.58,1.0,2888,303,BLAa,BLA,76,left,0
2889,2890,3,6701.32,6168.4400000000005,2303.039999999999,0.08203125,2889,303,BLAa,BLA,76,left,0
2890,2891,3,6699.56,6168.9400000000005,2301.380000000001,0.58203125,2890,303,BLAa,BLA,76,left,0
2891,2892,3,6697.4400000000005,6169.2,2300.84,0.91796875,2891,303,BLAa,BLA,76,left,0
2892,2893,3,6695.299999999999,6168.82,2299.959999999999,0.75,2892,303,BLAa,BLA,76,left,0
2893,2894,3,6693.74,6169.24,2299.32,1.33203125,2893,303,BLAa,BLA,76,left,0
2894,2895,3,6691.36,6169.04,2298.8,0.91796875,2894,303,BLAa,BLA,76,left,0
2895,2896,3,6689.32,6169.360000000001,2298.959999999999,0.75,2895,303,BLAa,BLA,76,left,0
2896,2897,3,6687.52,6171.040000000001,2298.959999999999,1.0,2896,303,BLAa,BLA,76,left,0
2897,2898,3,6686.219999999999,6173.360000000001,2298.880000000001,1.0,2897,303,BLAa,BLA,76,left,0
2898,2899,3,6684.58,6174.679999999999,2298.9,1.0,2898,303,BLAa,BLA,76,left,0
2899,2900,3,6683.08,6175.18,2299.0,1.0,2899,303,BLAa,BLA,76,left,1
4254,4255,3,6991.860000000001,6188.4400000000005,2277.119999999999,0.00390625,2503,311,BLAp,BLA,85,left,0
4255,4256,3,6993.08,6190.8,2276.48,1.0,4255,311,BLAp,BLA,85,left,0
4256,4257,3,6994.06,6193.099999999999,2276.2000000000007,1.08203125,4256,311,BLAp,BLA,85,left,0
4257,4258,3,6994.9400000000005,6194.86,2276.0,1.0,4257,311,BLAp,BLA,85,left,0
4258,4259,3,6996.24,6196.58,2275.76,1.0,4258,311,BLAp,BLA,85,left,0
4259,4260,3,6997.08,6198.82,2275.32,0.75,4259,311,BLAp,BLA,85,left,0
4260,4261,3,6998.76,6200.34,2274.220000000001,0.5,4260,311,BLAp,BLA,85,left,0
4261,4262,3,7000.460000000001,6202.380000000001,2273.5599999999995,0.91796875,4261,311,BLAp,BLA,85,left,0
4262,4263,3,7001.56,6204.42,2273.32,0.75,4262,311,BLAp,BLA,85,left,0
4263,4264,3,7002.240000000001,6207.4800000000005,2273.6399999999994,1.25,4263,311,BLAp,BLA,85,left,0
4264,4265,3,7003.139999999999,6209.6,2274.08,1.0,4264,311,BLAp,BLA,85,left,0
4265,4266,3,7004.92,6212.780000000001,2274.42,1.0,4265,311,BLAp,BLA,85,left,0
4266,4267,3,7005.320000000001,6215.08,2274.880000000001,0.75,4266,311,BLAp,BLA,85,left,0
4267,4268,3,7006.4,6218.04,2274.6800000000003,0.01953125,4267,311,BLAp,BLA,85,left,0
4268,4269,3,7007.08,6220.18,2275.32,0.66796875,4268,311,BLAp,BLA,85,left,0
4269,4270,3,7007.52,6223.18,2275.48,0.91796875,4269,311,BLAp,BLA,85,left,0
4270,4271,3,7007.960000000001,6225.36,2275.5200000000004,0.75,4270,311,BLAp,BLA,85,left,0
4271,4272,3,7007.780000000001,6226.660000000001,2276.34,1.0,4271,311,BLAp,BLA,85,left,0
4272,4273,3,7007.94,6229.04,2276.3600000000006,1.25,4272,311,BLAp,BLA,85,left,0
4273,4274,3,7008.64,6231.06,2276.16,1.0,4273,311,BLAp,BLA,85,left,0
4274,4275,3,7008.58,6233.52,2276.5,0.58203125,4274,311,BLAp,BLA,85,left,0
4275,4276,3,7008.12,6235.54,2277.140000000001,1.0,4275,311,BLAp,BLA,85,left,0
4276,4277,3,7008.139999999999,6237.92,2277.0200000000004,1.0,4276,311,BLAp,BLA,85,left,0
4277,4278,3,7009.64,6239.719999999999,2276.7800000000007,1.0,4277,311,BLAp,BLA,85,left,0
4278,4279,3,7010.599999999999,6241.799999999999,2276.540000000001,1.0,4278,311,BLAp,BLA,85,left,0
4279,4280,3,7010.96,6243.719999999999,2276.380000000001,1.0,4279,311,BLAp,BLA,85,left,0
4280,4281,3,7012.6,6246.52,2276.08,0.0390625,4280,311,BLAp,BLA,85,left,0
4281,4282,3,7013.22,6249.42,2276.66,1.08203125,4281,311,BLAp,BLA,85,left,0
4282,4283,3,7012.759999999999,6251.38,2277.039999999999,1.0,4282,311,BLAp,BLA,85,left,0
4283,4284,3,7013.26,6253.42,2276.92,1.0,4283,311,BLAp,BLA,85,left,0
4284,4285,3,7014.26,6254.400000000001,2277.540000000001,0.83203125,4284,311,BLAp,BLA,85,left,0
4285,4286,3,7014.92,6256.98,2277.84,1.0,4285,311,BLAp,BLA,85,left,0
4286,4287,3,7016.52,6259.82,2277.880000000001,0.75,4286,311,BLAp,BLA,85,left,0
4287,4288,3,7017.759999999999,6261.900000000001,2278.48,1.0,4287,311,BLAp,BLA,85,left,0
4288,4289,3,7020.0,6264.58,2278.300000000001,0.66796875,4288,311,BLAp,BLA,85,left,0
4289,4290,3,7021.459999999999,6266.3,2278.08,1.08203125,4289,311,BLAp,BLA,85,left,0
4290,4291,3,7023.48,6267.6,2277.8599999999988,1.0,4290,311,BLAp,BLA,85,left,0
4291,4292,3,7025.639999999999,6268.62,2277.76,0.91796875,4291,311,BLAp,BLA,85,left,0
4292,4293,3,7027.02,6270.48,2278.34,0.5,4292,311,BLAp,BLA,85,left,0
4293,4294,3,7029.6,6272.88,2279.24,0.75,4293,311,BLAp,BLA,85,left,0
4294,4295,3,7030.9400000000005,6274.42,2280.119999999999,0.5,4294,311,BLAp,BLA,85,left,0
4295,4296,3,7032.7,6276.459999999999,2280.72,0.91796875,4295,311,BLAp,BLA,85,left,0
4296,4297,3,7034.740000000001,6277.52,2280.5200000000004,0.75,4296,311,BLAp,BLA,85,left,0
4297,4298,3,7035.98,6279.04,2280.6800000000003,0.75,4297,311,BLAp,BLA,85,left,0
4298,4299,3,7037.46,6280.48,2281.34,1.0,4298,311,BLAp,BLA,85,left,0
4299,4300,3,7039.299999999999,6282.7,2281.22,1.0,4299,311,BLAp,BLA,85,left,0
4300,4301,3,7040.8,6284.34,2281.0,1.0,4300,311,BLAp,BLA,85,left,0
4301,4302,3,7041.84,6286.52,2280.779999999999,1.0,4301,311,BLAp,BLA,85,left,0
4302,4303,3,7043.22,6289.360000000001,2281.119999999999,0.91796875,4302,311,BLAp,BLA,85,left,0
4303,4304,3,7043.92,6291.76,2282.039999999999,0.75,4303,311,BLAp,BLA,85,left,0
4304,4305,3,7044.64,6293.68,2282.74,1.0,4304,311,BLAp,BLA,85,left,0
4305,4306,3,7046.4400000000005,6294.82,2283.08,0.83203125,4305,311,BLAp,BLA,85,left,0
4306,4307,3,7047.6,6296.7,2284.42,0.91796875,4306,311,BLAp,BLA,85,left,0
4307,4308,3,7048.92,6299.64,2285.220000000001,1.0,4307,311,BLAp,BLA,85,left,0
4308,4309,3,7049.880000000001,6301.52,2286.380000000001,1.0,4308,311,BLAp,BLA,85,left,0
4309,4310,3,7051.639999999999,6304.5,2287.08,1.0,4309,311,BLAp,BLA,85,left,0
4310,4311,3,7051.42,6306.96,2286.92,1.0,4310,703,CTXsp,CTXsp,85,left,0
4311,4312,3,7054.04,6307.5,2287.0599999999995,0.0546875,4311,703,CTXsp,CTXsp,85,left,0
4312,4313,3,7055.900000000001,6308.66,2287.8599999999988,1.0,4312,451,BLAv,BLA,85,left,0
4313,4314,3,7057.72,6310.2,2288.4,1.0,4313,451,BLAv,BLA,85,left,0
4314,4315,3,7060.1,6312.28,2289.040000000001,0.91796875,4314,451,BLAv,BLA,85,left,0
4315,4316,3,7061.58,6313.32,2289.74,0.91796875,4315,451,BLAv,BLA,85,left,0
4316,4317,3,7063.16,6315.860000000001,2289.66,0.58203125,4316,451,BLAv,BLA,85,left,0
4317,4318,3,7065.2,6318.360000000001,2289.3600000000006,0.66796875,4317,451,BLAv,BLA,85,left,0
4318,4319,3,7066.68,6320.16,2289.3,1.0,4318,451,BLAv,BLA,85,left,0
4319,4320,3,7067.960000000001,6320.9400000000005,2290.1399999999994,0.83203125,4319,451,BLAv,BLA,85,left,0
4320,4321,3,7069.52,6322.34,2290.34,0.5,4320,451,BLAv,BLA,85,left,0
4321,4322,3,7070.44,6323.88,2291.0200000000004,0.58203125,4321,451,BLAv,BLA,85,left,0
4322,4323,3,7071.96,6325.22,2291.1800000000003,1.0,4322,451,BLAv,BLA,85,left,1
4323,4324,3,6992.3,6187.28,2277.0,0.00390625,2503,311,BLAp,BLA,86,left,0
4324,4325,3,6993.46,6185.92,2276.040000000001,1.41796875,4324,311,BLAp,BLA,86,left,0
4325,4326,3,6994.9800000000005,6186.14,2274.8600000000006,1.08203125,4325,311,BLAp,BLA,86,left,0
4326,4327,3,6996.42,6185.66,2273.84,1.0,4326,311,BLAp,BLA,86,left,0
4327,4328,3,6998.18,6185.8,2272.7800000000007,0.91796875,4327,311,BLAp,BLA,86,left,0
4328,4329,3,6999.719999999999,6185.259999999999,2272.119999999999,1.0,4328,311,BLAp,BLA,86,left,0
4329,4330,3,7001.0,6185.54,2270.72,1.33203125,4329,311,BLAp,BLA,86,left,0
4330,4331,3,7003.200000000001,6186.4,2269.220000000001,1.58203125,4330,311,BLAp,BLA,86,left,0
4331,4332,3,7004.700000000001,6186.92,2269.08,1.0,4331,311,BLAp,BLA,86,left,0
4332,4333,3,6966.58,6215.860000000001,2274.5,0.75,2517,311,BLAp,BLA,87,left,0
4333,4334,3,6966.12,6218.68,2275.620000000001,0.75,4333,311,BLAp,BLA,87,left,0
4334,4335,3,6966.3,6221.2,2275.9,0.58203125,4334,311,BLAp,BLA,87,left,0
4335,4336,3,6965.92,6224.32,2276.7800000000007,0.66796875,4335,311,BLAp,BLA,87,left,0
4336,4337,3,6965.18,6227.54,2277.22,1.25,4336,311,BLAp,BLA,87,left,0
4337,4338,3,6964.6,6230.119999999999,2277.8,0.91796875,4337,311,BLAp,BLA,87,left,0
4338,4339,3,6963.58,6233.68,2277.66,1.0,4338,311,BLAp,BLA,87,left,0
4339,4340,3,6962.240000000001,6235.76,2277.58,1.0,4339,311,BLAp,BLA,87,left,0
4340,4341,3,6960.56,6237.039999999999,2277.58,1.0,4340,311,BLAp,BLA,87,left,0
4341,4342,3,6959.539999999999,6241.36,2277.3,0.01953125,4341,311,BLAp,BLA,87,left,0
4342,4343,3,6959.04,6243.42,2277.4,1.33203125,4342,311,BLAp,BLA,87,left,0
4343,4344,3,6959.26,6245.2,2278.24,0.91796875,4343,311,BLAp,BLA,87,left,0
4344,4345,3,6960.299999999999,6247.12,2278.58,0.58203125,4344,311,BLAp,BLA,87,left,0
4345,4346,3,6960.280000000001,6249.34,2279.3,1.08203125,4345,311,BLAp,BLA,87,left,0
4346,4347,3,6960.42,6252.799999999999,2279.0,0.91796875,4346,311,BLAp,BLA,87,left,0
4347,4348,3,6959.880000000001,6255.320000000001,2278.08,0.75,4347,311,BLAp,BLA,87,left,0
4348,4349,3,6959.18,6258.139999999999,2277.3600000000006,1.83203125,4348,311,BLAp,BLA,87,left,0
4349,4350,3,6958.66,6260.34,2277.22,1.33203125,4349,311,BLAp,BLA,87,left,0
4350,4351,3,6958.18,6262.1,2275.9,0.91796875,4350,311,BLAp,BLA,87,left,0
4351,4352,3,6958.02,6262.34,2273.6000000000004,1.0,4351,311,BLAp,BLA,87,left,0
4352,4353,3,6959.160000000001,6262.88,2270.92,0.07421875,4352,311,BLAp,BLA,87,left,0
4353,4354,3,6960.76,6263.9400000000005,2269.16,1.0,4353,311,BLAp,BLA,87,left,0
4354,4355,3,6961.38,6265.68,2268.3600000000006,1.0,4354,311,BLAp,BLA,87,left,0
4355,4356,3,6960.98,6269.160000000001,2268.120000000001,1.0,4355,311,BLAp,BLA,87,left,0
4356,4357,3,6959.9800000000005,6273.32,2267.8599999999988,1.0,4356,311,BLAp,BLA,87,left,0
4357,4358,3,6959.299999999999,6276.1,2267.7000000000007,1.0,4357,311,BLAp,BLA,87,left,0
4358,4359,3,6958.74,6278.540000000001,2267.3600000000006,0.91796875,4358,311,BLAp,BLA,87,left,0
4359,4360,3,6958.84,6280.460000000001,2266.22,0.5,4359,311,BLAp,BLA,87,left,0
4360,4361,3,6958.88,6283.56,2264.76,0.66796875,4360,311,BLAp,BLA,87,left,0
4361,4362,3,6959.5,6285.8,2263.619999999999,1.0,4361,311,BLAp,BLA,87,left,0
4362,4363,3,6960.8,6287.4800000000005,2262.24,0.5,4362,311,BLAp,BLA,87,left,0
4363,4364,3,6962.94,6289.66,2260.16,1.16796875,4363,311,BLAp,BLA,87,left,0
4364,4365,3,6964.02,6291.92,2259.0,0.5,4364,311,BLAp,BLA,87,left,0
4365,4366,3,6965.36,6293.02,2257.880000000001,1.0,4365,311,BLAp,BLA,87,left,0
4366,4367,3,6967.200000000001,6293.7,2256.620000000001,0.08203125,4366,311,BLAp,BLA,87,left,0
4367,4368,3,6969.32,6294.5,2255.119999999999,0.75,4367,311,BLAp,BLA,87,left,0
4368,4369,3,6971.860000000001,6295.42,2253.8600000000006,0.75,4368,311,BLAp,BLA,87,left,0
4369,4370,3,6973.540000000001,6296.040000000001,2252.6000000000004,0.83203125,4369,311,BLAp,BLA,87,left,0
4370,4371,3,6975.06,6297.219999999999,2251.3,0.83203125,4370,311,BLAp,BLA,87,left,0
4371,4372,3,6976.2,6298.5,2250.2000000000007,0.91796875,4371,311,BLAp,BLA,87,left,0
4372,4373,3,6977.86,6299.299999999999,2247.22,1.0,4372,311,BLAp,BLA,87,left,0
4373,4374,3,6978.400000000001,6299.62,2244.460000000001,0.75,4373,703,CTXsp,CTXsp,87,left,0
4374,4375,3,6979.96,6300.280000000001,2241.960000000001,1.41796875,4374,703,CTXsp,CTXsp,87,left,0
4375,4376,3,6981.98,6301.799999999999,2239.5200000000004,1.0,4375,703,CTXsp,CTXsp,87,left,0
4376,4377,3,6983.22,6303.200000000001,2238.300000000001,1.0,4376,703,CTXsp,CTXsp,87,left,0
4377,4378,3,6983.66,6304.76,2237.8,1.0,4377,703,CTXsp,CTXsp,87,left,1
4378,4379,3,6966.58,6214.9800000000005,2269.7000000000007,0.00390625,2517,311,BLAp,BLA,88,left,0
4379,4380,3,6966.26,6215.62,2265.98,1.16796875,4379,311,BLAp,BLA,88,left,0
4380,4381,3,6965.96,6217.16,2264.0599999999995,1.66796875,4380,311,BLAp,BLA,88,left,0
4381,4382,3,6966.7,6218.5,2263.5,1.0,4381,311,BLAp,BLA,88,left,0
4382,4383,3,6965.860000000001,6218.46,2261.82,0.08203125,4382,311,BLAp,BLA,88,left,0
4383,4384,3,6965.02,6219.8,2259.84,1.16796875,4383,311,BLAp,BLA,88,left,0
4384,4385,3,6964.539999999999,6221.219999999999,2256.32,1.0,4384,311,BLAp,BLA,88,left,0
4385,4386,3,6964.56,6222.12,2253.92,1.25,4385,311,BLAp,BLA,88,left,0
4386,4387,3,6965.48,6223.28,2252.2000000000007,1.08203125,4386,311,BLAp,BLA,88,left,0
4387,4388,3,6966.040000000001,6223.82,2249.199999999999,0.91796875,4387,311,BLAp,BLA,88,left,0
4388,4389,3,6965.78,6224.66,2247.459999999999,0.58203125,4388,311,BLAp,BLA,88,left,0
4389,4390,3,6965.48,6225.320000000001,2244.120000000001,1.16796875,4389,311,BLAp,BLA,88,left,0
4390,4391,3,6965.34,6225.42,2241.4400000000005,1.0,4390,311,BLAp,BLA,88,left,0
4391,4392,3,6965.24,6225.5,2239.4399999999987,1.0,4391,311,BLAp,BLA,88,left,0
4392,4393,3,6964.92,6226.56,2237.7800000000007,1.0,4392,311,BLAp,BLA,88,left,0
4393,4394,3,6964.400000000001,6228.58,2236.48,1.0,4393,311,BLAp,BLA,88,left,0
4394,4395,3,6964.78,6230.22,2234.72,0.75,4394,311,BLAp,BLA,88,left,0
4395,4396,3,6966.4,6230.839999999999,2233.540000000001,1.0,4395,311,BLAp,BLA,88,left,0
4396,4397,3,6965.839999999999,6232.08,2232.1000000000004,0.11328125,4396,311,BLAp,BLA,88,left,0
4397,4398,3,6965.599999999999,6232.56,2229.98,0.5,4397,311,BLAp,BLA,88,left,0
4398,4399,3,6965.259999999999,6233.66,2227.82,0.91796875,4398,311,BLAp,BLA,88,left,0
4399,4400,3,6965.24,6234.0,2224.84,0.91796875,4399,311,BLAp,BLA,88,left,0
4400,4401,3,6966.2,6234.48,2222.5200000000004,1.0,4400,311,BLAp,BLA,88,left,0
4401,4402,3,6967.88,6235.24,2219.42,0.75,4401,311,BLAp,BLA,88,left,0
4402,4403,3,6968.400000000001,6235.56,2216.960000000001,1.08203125,4402,311,BLAp,BLA,88,left,0
4403,4404,3,6969.64,6236.06,2215.84,1.0,4403,311,BLAp,BLA,88,left,0
4404,4405,3,6970.1,6236.36,2213.540000000001,1.16796875,4404,311,BLAp,BLA,88,left,0
4405,4406,3,6969.76,6237.3,2210.5600000000013,1.58203125,4405,311,BLAp,BLA,88,left,0
4406,4407,3,6969.84,6239.18,2208.300000000001,0.5,4406,311,BLAp,BLA,88,left,0
4407,4408,3,6970.48,6240.9400000000005,2204.84,0.5,4407,311,BLAp,BLA,88,left,0
4408,4409,3,6971.4400000000005,6242.88,2203.42,0.5,4408,311,BLAp,BLA,88,left,0
4409,4410,3,6970.9400000000005,6246.12,2201.58,1.25,4409,311,BLAp,BLA,88,left,0
4410,4411,3,6970.460000000001,6247.759999999999,2199.400000000001,1.0,4410,311,BLAp,BLA,88,left,0
4411,4412,3,6970.02,6249.42,2198.34,1.0,4411,311,BLAp,BLA,88,left,0
4412,4413,3,6968.86,6250.82,2198.32,0.11328125,4412,311,BLAp,BLA,88,left,0
4413,4414,3,6967.14,6252.039999999999,2198.34,1.0,4413,311,BLAp,BLA,88,left,0
4414,4415,3,6964.66,6253.3,2198.5,0.75,4414,311,BLAp,BLA,88,left,0
4415,4416,3,6962.94,6253.04,2199.42,0.58203125,4415,311,BLAp,BLA,88,left,0
4416,4417,3,6960.879999999999,6252.219999999999,2201.1000000000004,0.75,4416,311,BLAp,BLA,88,left,0
4417,4418,3,6959.58,6251.68,2202.82,0.75,4417,311,BLAp,BLA,88,left,0
4418,4419,3,6958.92,6251.36,2204.539999999999,1.41796875,4418,311,BLAp,BLA,88,left,1
4419,4420,3,7001.58,6147.820000000001,2323.42,0.13671875,2525,311,BLAp,BLA,89,left,0
4420,4421,3,7001.620000000001,6148.719999999999,2325.4400000000005,0.91796875,4420,311,BLAp,BLA,89,left,0
4421,4422,3,7002.28,6149.86,2326.540000000001,1.08203125,4421,311,BLAp,BLA,89,left,0
4422,4423,3,7002.58,6151.799999999999,2326.34,1.58203125,4422,311,BLAp,BLA,89,left,0
4423,4424,3,7003.74,6152.84,2326.58,0.91796875,4423,311,BLAp,BLA,89,left,0
4424,4425,3,7004.84,6154.299999999999,2328.1800000000003,1.25,4424,311,BLAp,BLA,89,left,0
4425,4426,3,7006.06,6154.9,2330.119999999999,1.0,4425,311,BLAp,BLA,89,left,0
4426,4427,3,7007.9,6155.48,2331.48,1.0,4426,311,BLAp,BLA,89,left,0
4427,4428,3,7009.64,6156.0,2333.4,0.75,4427,311,BLAp,BLA,89,left,0
4428,4429,3,7011.12,6156.4800000000005,2334.3600000000006,1.0,4428,311,BLAp,BLA,89,left,0
4429,4430,3,7012.32,6156.78,2336.8600000000006,1.0,4429,311,BLAp,BLA,89,left,0
4430,4431,3,7013.04,6156.68,2339.779999999999,1.0,4430,311,BLAp,BLA,89,left,0
4431,4432,3,7014.139999999999,6156.08,2341.0,1.0,4431,311,BLAp,BLA,89,left,0
4432,4433,3,7016.12,6156.3,2342.58,1.0,4432,311,BLAp,BLA,89,left,0
4433,4434,3,7018.200000000001,6157.039999999999,2342.7000000000007,1.0,4433,311,BLAp,BLA,89,left,0
4434,4435,3,7019.76,6157.58,2343.16,0.16796875,4434,311,BLAp,BLA,89,left,0
4435,4436,3,7021.620000000001,6158.18,2344.220000000001,1.0,4435,311,BLAp,BLA,89,left,0
4436,4437,3,7023.6,6158.82,2345.72,1.0,4436,311,BLAp,BLA,89,left,0
4437,4438,3,7025.320000000001,6159.38,2346.74,1.0,4437,311,BLAp,BLA,89,left,0
4438,4439,3,7026.14,6159.6,2348.32,0.66796875,4438,311,BLAp,BLA,89,left,0
4439,4440,3,7027.46,6159.9800000000005,2350.0200000000004,1.0,4439,311,BLAp,BLA,89,left,0
4440,4441,3,7028.68,6160.299999999999,2352.34,1.25,4440,311,BLAp,BLA,89,left,0
4441,4442,3,7029.740000000001,6160.639999999999,2353.459999999999,1.25,4441,311,BLAp,BLA,89,left,0
4442,4443,3,7031.82,6161.32,2354.58,1.0,4442,311,BLAp,BLA,89,left,0
4443,4444,3,7033.7,6161.900000000001,2356.0200000000004,1.0,4443,311,BLAp,BLA,89,left,0
4444,4445,3,7036.02,6162.66,2357.2000000000007,0.75,4444,311,BLAp,BLA,89,left,0
4445,4446,3,7038.06,6163.339999999999,2358.22,0.75,4445,311,BLAp,BLA,89,left,0
4446,4447,3,7040.44,6164.120000000001,2359.3,0.75,4446,311,BLAp,BLA,89,left,0
4447,4448,3,7042.68,6164.9,2359.8,0.91796875,4447,311,BLAp,BLA,89,left,0
4448,4449,3,7043.959999999999,6165.320000000001,2360.58,0.91796875,4448,311,BLAp,BLA,89,left,0
4449,4450,3,7045.82,6165.92,2361.5599999999995,0.83203125,4449,311,BLAp,BLA,89,left,0
4450,4451,3,7047.3,6166.36,2363.0,0.91796875,4450,311,BLAp,BLA,89,left,0
4451,4452,3,7048.68,6166.799999999999,2364.26,1.0,4451,311,BLAp,BLA,89,left,0
4452,4453,3,7050.54,6167.4,2365.24,1.0,4452,311,BLAp,BLA,89,left,0
4453,4454,3,7052.28,6168.139999999999,2367.08,1.0,4453,311,BLAp,BLA,89,left,0
4454,4455,3,7053.12,6169.34,2368.300000000001,0.83203125,4454,311,BLAp,BLA,89,left,0
4455,4456,3,7054.719999999999,6170.38,2370.3,1.0,4455,311,BLAp,BLA,89,left,0
4456,4457,3,7056.26,6171.84,2370.3599999999988,0.83203125,4456,311,BLAp,BLA,89,left,0
4457,4458,3,7058.26,6172.9,2371.2000000000007,0.046875,4457,311,BLAp,BLA,89,left,0
4458,4459,3,7060.96,6173.540000000001,2372.6399999999994,0.83203125,4458,311,BLAp,BLA,89,left,0
4459,4460,3,7063.400000000001,6173.24,2372.5,1.0,4459,311,BLAp,BLA,89,left,0
4460,4461,3,7066.02,6174.02,2372.8,1.0,4460,311,BLAp,BLA,89,left,0
4461,4462,3,7067.72,6174.42,2373.4,0.91796875,4461,311,BLAp,BLA,89,left,0
4462,4463,3,7069.92,6174.0,2373.379999999999,1.0,4462,311,BLAp,BLA,89,left,0
4463,4464,3,7071.82,6174.48,2373.2000000000007,1.0,4463,311,BLAp,BLA,89,left,0
4464,4465,3,7002.16,6146.4800000000005,2323.26,0.0703125,2525,311,BLAp,BLA,90,left,0
4465,4466,3,7003.9800000000005,6146.4800000000005,2324.58,0.5,4465,311,BLAp,BLA,90,left,0
4466,4467,3,7004.76,6145.22,2326.3,0.91796875,4466,311,BLAp,BLA,90,left,0
4467,4468,3,7005.299999999999,6143.8,2330.539999999999,1.08203125,4467,311,BLAp,BLA,90,left,0
4468,4469,3,7005.52,6143.66,2334.6000000000004,1.0,4468,311,BLAp,BLA,90,left,0
4469,4470,3,7005.82,6143.06,2337.540000000001,1.08203125,4469,311,BLAp,BLA,90,left,0
4470,4471,3,7006.08,6142.219999999999,2339.08,1.0,4470,311,BLAp,BLA,90,left,0
4471,4472,3,7008.24,6141.3,2340.72,0.0546875,4471,311,BLAp,BLA,90,left,0
4472,4473,3,7011.16,6140.38,2342.540000000001,0.5,4472,311,BLAp,BLA,90,left,0
4473,4474,3,7011.96,6138.9,2343.9,1.41796875,4473,311,BLAp,BLA,90,left,0
4474,4475,3,7012.380000000001,6137.619999999999,2346.459999999999,1.5,4474,311,BLAp,BLA,90,left,0
4475,4476,3,7012.780000000001,6136.459999999999,2349.0,0.91796875,4475,311,BLAp,BLA,90,left,0
4476,4477,3,7013.06,6135.78,2351.32,1.33203125,4476,311,BLAp,BLA,90,left,0
4477,4478,3,7013.540000000001,6134.18,2353.42,1.5,4477,311,BLAp,BLA,90,left,0
4478,4479,3,7013.92,6133.26,2356.42,1.25,4478,311,BLAp,BLA,90,left,0
4479,4480,3,7014.04,6133.200000000001,2358.5599999999995,1.0,4479,311,BLAp,BLA,90,left,0
4480,4481,3,7014.66,6132.3,2360.3,1.16796875,4480,311,BLAp,BLA,90,left,0
4481,4482,3,7016.56,6131.219999999999,2361.34,0.66796875,4481,311,BLAp,BLA,90,left,0
4482,4483,3,7018.24,6130.92,2362.540000000001,1.41796875,4482,311,BLAp,BLA,90,left,0
4483,4484,3,7019.06,6128.540000000001,2364.0599999999995,1.0,4483,311,BLAp,BLA,90,left,0
4484,4485,3,7019.9400000000005,6126.52,2365.9,1.0,4484,311,BLAp,BLA,90,left,0
4485,4486,3,7021.18,6125.18,2367.619999999999,0.5,4485,311,BLAp,BLA,90,left,0
4486,4487,3,7022.380000000001,6123.6,2369.24,0.66796875,4486,311,BLAp,BLA,90,left,0
4487,4488,3,7023.84,6122.84,2370.1399999999994,0.5,4487,311,BLAp,BLA,90,left,0
4488,4489,3,7026.42,6122.54,2370.380000000001,0.5,4488,311,BLAp,BLA,90,left,0
4489,4490,3,7027.46,6120.8,2371.34,0.91796875,4489,311,BLAp,BLA,90,left,0
4490,4491,3,7029.28,6119.56,2371.82,1.0,4490,311,BLAp,BLA,90,left,0
4491,4492,3,7030.639999999999,6119.66,2372.5599999999995,1.0,4491,311,BLAp,BLA,90,left,0
4492,4493,3,7032.4,6118.06,2372.98,0.58203125,4492,311,BLAp,BLA,90,left,0
4493,4494,3,7034.400000000001,6117.960000000001,2373.5599999999995,1.16796875,4493,311,BLAp,BLA,90,left,0
4494,4495,3,7036.72,6117.66,2374.66,0.91796875,4494,311,BLAp,BLA,90,left,0
4495,4496,3,7039.06,6117.86,2376.0599999999995,0.91796875,4495,311,BLAp,BLA,90,left,0
4496,4497,3,7039.6,6117.06,2377.6000000000004,0.58203125,4496,311,BLAp,BLA,90,left,0
4497,4498,3,7040.14,6115.06,2379.0200000000004,0.046875,4497,311,BLAp,BLA,90,left,0
4498,4499,3,7040.98,6111.639999999999,2379.82,1.0,4498,311,BLAp,BLA,90,left,0
4499,4500,3,7041.76,6108.86,2380.539999999999,0.75,4499,311,BLAp,BLA,90,left,0
4500,4501,3,7042.799999999999,6107.66,2381.34,0.75,4500,311,BLAp,BLA,90,left,0
4501,4502,3,7043.84,6105.0,2381.6399999999994,1.0,4501,311,BLAp,BLA,90,left,1
4502,4503,3,6829.22,6102.219999999999,2297.22,0.05859375,2813,303,BLAa,BLA,91,left,0
4503,4504,3,6827.36,6099.34,2297.66,1.08203125,4503,303,BLAa,BLA,91,left,0
4504,4505,3,6827.32,6097.58,2297.3600000000006,1.33203125,4504,303,BLAa,BLA,91,left,0
4505,4506,3,6827.3,6097.02,2294.9400000000005,1.75,4505,303,BLAa,BLA,91,left,0
4506,4507,3,6827.179999999999,6097.1,2292.7800000000007,1.0,4506,303,BLAa,BLA,91,left,0
4507,4508,3,6827.200000000001,6096.459999999999,2290.84,1.25,4507,303,BLAa,BLA,91,left,0
4508,4509,3,6827.34,6095.22,2288.7000000000007,1.58203125,4508,303,BLAa,BLA,91,left,0
4509,4510,3,6826.08,6092.32,2284.92,1.0,4509,303,BLAa,BLA,91,left,0
4510,4511,3,6824.56,6089.26,2283.0200000000004,1.08203125,4510,303,BLAa,BLA,91,left,0
4511,4512,3,6823.86,6087.4,2281.4400000000005,0.83203125,4511,303,BLAa,BLA,91,left,0
4512,4513,3,6823.9,6086.219999999999,2279.48,1.08203125,4512,303,BLAa,BLA,91,left,0
4513,4514,3,6823.48,6085.599999999999,2277.380000000001,0.91796875,4513,303,BLAa,BLA,91,left,0
4514,4515,3,6821.599999999999,6083.64,2275.3,0.66796875,4514,303,BLAa,BLA,91,left,0
4515,4516,3,6820.320000000001,6081.5,2273.459999999999,1.0,4515,303,BLAa,BLA,91,left,0
4516,4517,3,6819.28,6080.1,2272.5200000000004,0.5,4516,303,BLAa,BLA,91,left,0
4517,4518,3,6817.16,6078.12,2272.48,1.41796875,4517,303,BLAa,BLA,91,left,0
4518,4519,3,6815.96,6076.860000000001,2271.1800000000003,0.91796875,4518,303,BLAa,BLA,91,left,0
4519,4520,3,6813.56,6075.639999999999,2268.4400000000005,0.91796875,4519,303,BLAa,BLA,91,left,0
4520,4521,3,6812.16,6074.160000000001,2267.540000000001,0.58203125,4520,303,BLAa,BLA,91,left,0
4521,4522,3,6811.219999999999,6073.74,2265.72,1.5,4521,303,BLAa,BLA,91,left,0
4522,4523,3,6810.900000000001,6073.780000000001,2263.22,0.125,4522,303,BLAa,BLA,91,left,0
4523,4524,3,6809.360000000001,6072.799999999999,2262.7000000000007,1.0,4523,303,BLAa,BLA,91,left,0
4524,4525,3,6807.9,6071.06,2263.0,1.0,4524,303,BLAa,BLA,91,left,0
4525,4526,3,6806.1,6068.9400000000005,2263.1800000000003,1.0,4525,303,BLAa,BLA,91,left,0
4526,4527,3,6804.08,6067.28,2262.4400000000005,0.91796875,4526,303,BLAa,BLA,91,left,0
4527,4528,3,6802.36,6065.879999999999,2261.66,0.5,4527,303,BLAa,BLA,91,left,0
4528,4529,3,6799.48,6064.78,2260.6800000000003,0.58203125,4528,303,BLAa,BLA,91,left,0
4529,4530,3,6797.88,6063.9,2259.379999999999,0.83203125,4529,303,BLAa,BLA,91,left,0
4530,4531,3,6796.620000000001,6061.660000000001,2258.84,0.5,4530,303,BLAa,BLA,91,left,0
4531,4532,3,6794.539999999999,6059.139999999999,2257.0200000000004,0.91796875,4531,303,BLAa,BLA,91,left,0
4532,4533,3,6794.24,6057.4400000000005,2255.9,0.5,4532,303,BLAa,BLA,91,left,0
4533,4534,3,6792.9,6055.62,2255.959999999999,1.0,4533,303,BLAa,BLA,91,left,0
4534,4535,3,6791.660000000001,6053.42,2255.32,0.91796875,4534,303,BLAa,BLA,91,left,0
4535,4536,3,6791.12,6051.38,2254.7000000000007,0.75,4535,303,BLAa,BLA,91,left,0
4536,4537,3,6791.4,6048.7,2253.039999999999,0.75,4536,303,BLAa,BLA,91,left,0
4537,4538,3,6791.38,6045.5,2251.76,0.5,4537,303,BLAa,BLA,91,left,0
4538,4539,3,6790.42,6042.72,2251.58,0.75,4538,303,BLAa,BLA,91,left,0
4539,4540,3,6790.119999999999,6039.740000000001,2250.82,0.58203125,4539,303,BLAa,BLA,91,left,0
4540,4541,3,6789.92,6036.98,2249.5,1.0,4540,303,BLAa,BLA,91,left,0
4541,4542,3,6790.18,6033.64,2247.74,0.5,4541,303,BLAa,BLA,91,left,0
4542,4543,3,6789.740000000001,6031.860000000001,2246.76,0.5,4542,303,BLAa,BLA,91,left,0
4543,4544,3,6789.58,6029.04,2246.24,1.0,4543,303,BLAa,BLA,91,left,0
4544,4545,3,6788.400000000001,6027.46,2246.380000000001,0.75,4544,303,BLAa,BLA,91,left,0
4545,4546,3,6788.379999999999,6025.14,2244.779999999999,1.0,4545,303,BLAa,BLA,91,left,0
4546,4547,3,6788.6,6023.18,2243.1399999999994,1.08203125,4546,303,BLAa,BLA,91,left,0
4547,4548,3,6788.22,6021.280000000001,2242.6399999999994,0.5,4547,303,BLAa,BLA,91,left,0
4548,4549,3,6787.4400000000005,6018.86,2240.959999999999,0.5,4548,303,BLAa,BLA,91,left,0
4549,4550,3,6786.16,6017.820000000001,2239.82,1.16796875,4549,303,BLAa,BLA,91,left,0
4550,4551,3,6786.1,6016.78,2238.0600000000013,1.58203125,4550,303,BLAa,BLA,91,left,0
4551,4552,3,6786.219999999999,6015.599999999999,2235.5200000000004,2.0,4551,303,BLAa,BLA,91,left,0
4552,4553,3,6786.5,6013.74,2233.7000000000007,1.0,4552,303,BLAa,BLA,91,left,0
4553,4554,3,6786.900000000001,6011.4800000000005,2232.74,1.0,4553,303,BLAa,BLA,91,left,1
4554,4555,3,6829.22,6102.219999999999,2297.22,0.05859375,2813,303,BLAa,BLA,92,left,0
4555,4556,3,6826.42,6097.72,2297.960000000001,1.0,4555,303,BLAa,BLA,92,left,0
4556,4557,3,6825.14,6095.860000000001,2299.0200000000004,1.0,4556,303,BLAa,BLA,92,left,0
4557,4558,3,6823.62,6093.339999999999,2300.1399999999994,1.0,4557,303,BLAa,BLA,92,left,0
4558,4559,3,6821.82,6090.66,2301.540000000001,0.83203125,4558,303,BLAa,BLA,92,left,0
4559,4560,3,6819.96,6088.400000000001,2302.08,1.0,4559,303,BLAa,BLA,92,left,0
4560,4561,3,6818.62,6086.52,2302.380000000001,1.0,4560,303,BLAa,BLA,92,left,0
4561,4562,3,6817.64,6083.66,2303.08,1.0,4561,303,BLAa,BLA,92,left,0
4562,4563,3,6816.26,6081.799999999999,2304.5,1.0,4562,303,BLAa,BLA,92,left,0
4563,4564,3,6814.48,6079.120000000001,2306.0,0.66796875,4563,303,BLAa,BLA,92,left,0
4564,4565,3,6813.28,6076.88,2306.76,0.66796875,4564,303,BLAa,BLA,92,left,0
4565,4566,3,6811.219999999999,6075.76,2308.08,0.91796875,4565,303,BLAa,BLA,92,left,0
4566,4567,3,6809.120000000001,6074.92,2308.6800000000003,1.0,4566,303,BLAa,BLA,92,left,0
4567,4568,3,6807.54,6074.22,2309.959999999999,1.0,4567,303,BLAa,BLA,92,left,0
4568,4569,3,6805.839999999999,6073.5,2311.16,1.0,4568,303,BLAa,BLA,92,left,0
5685,5686,3,7007.780000000001,6187.56,2267.66,0.01171875,4332,311,BLAp,BLA,103,left,0
5686,5687,3,7009.78,6187.380000000001,2266.960000000001,0.66796875,5686,311,BLAp,BLA,103,left,0
5687,5688,3,7012.0,6187.16,2265.5600000000013,0.83203125,5687,311,BLAp,BLA,103,left,0
5688,5689,3,7013.6,6186.24,2264.42,0.83203125,5688,311,BLAp,BLA,103,left,0
5689,5690,3,7015.0,6186.040000000001,2263.0999999999985,0.83203125,5689,311,BLAp,BLA,103,left,0
5690,5691,3,7016.599999999999,6185.18,2262.84,1.0,5690,311,BLAp,BLA,103,left,0
5691,5692,3,7019.56,6184.78,2261.900000000001,0.5,5691,311,BLAp,BLA,103,left,0
5692,5693,3,7021.36,6184.539999999999,2261.1000000000004,0.58203125,5692,311,BLAp,BLA,103,left,0
5693,5694,3,7024.04,6184.46,2259.84,0.83203125,5693,311,BLAp,BLA,103,left,0
5694,5695,3,7025.860000000001,6184.22,2259.34,0.91796875,5694,311,BLAp,BLA,103,left,0
5695,5696,3,7027.759999999999,6184.86,2258.08,1.0,5695,311,BLAp,BLA,103,left,0
5696,5697,3,7029.719999999999,6185.08,2257.7800000000007,1.0,5696,311,BLAp,BLA,103,left,0
5697,5698,3,7031.68,6184.120000000001,2257.720000000001,1.0,5697,311,BLAp,BLA,103,left,0
5698,5699,3,7033.959999999999,6184.02,2257.039999999999,1.08203125,5698,311,BLAp,BLA,103,left,0
5699,5700,3,7035.58,6184.66,2255.76,1.0,5699,311,BLAp,BLA,103,left,0
5700,5701,3,7038.08,6184.099999999999,2253.6000000000004,1.0,5700,311,BLAp,BLA,103,left,0
5701,5702,3,7038.959999999999,6183.200000000001,2252.140000000001,1.66796875,5701,311,BLAp,BLA,103,left,0
5702,5703,3,7042.039999999999,6183.540000000001,2251.48,0.0625,5702,311,BLAp,BLA,103,left,0
5703,5704,3,7043.82,6183.28,2250.779999999999,0.66796875,5703,311,BLAp,BLA,103,left,0
5704,5705,3,7046.18,6183.9400000000005,2249.040000000001,1.5,5704,311,BLAp,BLA,103,left,0
5705,5706,3,7048.6,6183.76,2247.2000000000007,1.08203125,5705,311,BLAp,BLA,103,left,0
5706,5707,3,7050.62,6183.719999999999,2245.460000000001,0.58203125,5706,311,BLAp,BLA,103,left,0
5707,5708,3,7052.380000000001,6183.540000000001,2244.460000000001,1.25,5707,311,BLAp,BLA,103,left,0
5708,5709,3,7055.02,6184.48,2242.58,0.91796875,5708,311,BLAp,BLA,103,left,0
5709,5710,3,7057.1,6185.24,2241.58,0.75,5709,311,BLAp,BLA,103,left,0
5710,5711,3,7058.62,6185.879999999999,2239.92,0.58203125,5710,311,BLAp,BLA,103,left,0
5711,5712,3,7060.879999999999,6186.660000000001,2238.0999999999985,1.41796875,5711,311,BLAp,BLA,103,left,0
5712,5713,3,7062.7,6186.42,2237.3,1.0,5712,311,BLAp,BLA,103,left,0
5713,5714,3,7065.259999999999,6186.84,2236.0200000000004,1.0,5713,311,BLAp,BLA,103,left,0
5714,5715,3,7067.619999999999,6187.74,2234.32,1.0,5714,311,BLAp,BLA,103,left,0
5715,5716,3,7069.360000000001,6188.099999999999,2234.0200000000004,0.75,5715,311,BLAp,BLA,103,left,0
5716,5717,3,7071.860000000001,6187.820000000001,2233.8,0.91796875,5716,311,BLAp,BLA,103,left,0
5717,5718,3,7074.02,6188.22,2232.8,0.75,5717,311,BLAp,BLA,103,left,0
5718,5719,3,7076.280000000001,6187.960000000001,2232.039999999999,0.91796875,5718,311,BLAp,BLA,103,left,0
5719,5720,3,7078.42,6188.3,2230.6800000000003,1.0,5719,311,BLAp,BLA,103,left,0
5720,5721,3,7080.18,6187.820000000001,2229.66,1.0,5720,311,BLAp,BLA,103,left,0
5721,5722,3,7082.240000000001,6187.1,2229.1000000000004,1.0,5721,311,BLAp,BLA,103,left,0
5722,5723,3,7085.16,6186.92,2228.22,0.91796875,5722,311,BLAp,BLA,103,left,0
5723,5724,3,7086.799999999999,6187.12,2226.5,0.83203125,5723,311,BLAp,BLA,103,left,0
5724,5725,3,7089.120000000001,6185.639999999999,2224.76,0.01953125,5724,311,BLAp,BLA,103,left,0
5725,5726,3,7089.92,6185.320000000001,2223.2000000000007,1.0,5725,311,BLAp,BLA,103,left,0
5726,5727,3,7005.04,6185.1,2267.1000000000004,0.0546875,4332,311,BLAp,BLA,104,left,0
5727,5728,3,7005.34,6183.42,2264.9,1.16796875,5727,311,BLAp,BLA,104,left,0
5728,5729,3,7005.299999999999,6182.960000000001,2261.540000000001,2.16796875,5728,311,BLAp,BLA,104,left,0
5729,5730,3,7005.16,6183.08,2258.880000000001,2.91796875,5729,311,BLAp,BLA,104,left,0
5730,5731,3,7006.68,6183.719999999999,2256.8,1.08203125,5730,311,BLAp,BLA,104,left,0
5731,5732,3,7008.76,6184.719999999999,2256.48,1.0,5731,311,BLAp,BLA,104,left,0
5732,5733,3,7009.18,6186.06,2255.1000000000004,1.0,5732,311,BLAp,BLA,104,left,0
5733,5734,3,7008.88,6186.84,2252.5599999999995,1.0,5733,311,BLAp,BLA,104,left,0
5734,5735,3,7008.62,6187.68,2251.0200000000004,1.0,5734,311,BLAp,BLA,104,left,0
5735,5736,3,7010.9400000000005,6188.64,2250.3,0.0546875,5735,311,BLAp,BLA,104,left,0
5736,5737,3,7011.88,6188.959999999999,2248.6000000000004,0.91796875,5736,311,BLAp,BLA,104,left,0
5737,5738,3,7012.1,6188.26,2247.26,1.25,5737,311,BLAp,BLA,104,left,0
5738,5739,3,7013.24,6188.22,2245.24,1.08203125,5738,311,BLAp,BLA,104,left,0
5739,5740,3,7014.06,6188.84,2241.82,0.91796875,5739,311,BLAp,BLA,104,left,0
5740,5741,3,7013.76,6189.84,2240.5,1.0,5740,311,BLAp,BLA,104,left,0
5741,5742,3,7013.12,6192.34,2239.3,0.08203125,5741,311,BLAp,BLA,104,left,0
5742,5743,3,7012.4,6195.299999999999,2238.6399999999994,1.0,5742,311,BLAp,BLA,104,left,0
5743,5744,3,7011.58,6197.28,2237.7000000000007,0.75,5743,311,BLAp,BLA,104,left,0
5744,5745,3,7009.9400000000005,6198.76,2236.92,0.83203125,5744,311,BLAp,BLA,104,left,0
5745,5746,3,7007.94,6199.880000000001,2235.6399999999994,0.58203125,5745,311,BLAp,BLA,104,left,0
5746,5747,3,7006.78,6201.4,2233.26,0.5,5746,311,BLAp,BLA,104,left,0
5747,5748,3,7005.700000000001,6202.7,2232.140000000001,0.5,5747,311,BLAp,BLA,104,left,0
5748,5749,3,7005.1,6204.08,2229.82,1.25,5748,311,BLAp,BLA,104,left,0
5749,5750,3,7004.78,6204.78,2226.3600000000006,1.0,5749,311,BLAp,BLA,104,left,0
5750,5751,3,7005.08,6205.06,2223.3600000000006,1.0,5750,311,BLAp,BLA,104,left,0
5751,5752,3,7005.56,6205.52,2221.34,1.16796875,5751,311,BLAp,BLA,104,left,0
5752,5753,3,7005.280000000001,6206.639999999999,2219.400000000001,1.0,5752,311,BLAp,BLA,104,left,0
5753,5754,3,7005.06,6207.0,2216.42,1.0,5753,311,BLAp,BLA,104,left,0
5754,5755,3,7004.9400000000005,6207.1,2213.74,1.0,5754,311,BLAp,BLA,104,left,0
5755,5756,3,7005.58,6208.08,2211.74,1.0,5755,311,BLAp,BLA,104,left,0
5756,5757,3,7006.4800000000005,6210.36,2210.76,0.58203125,5756,311,BLAp,BLA,104,left,0
5757,5758,3,7007.619999999999,6212.5,2209.400000000001,0.5,5757,311,BLAp,BLA,104,left,0
5758,5759,3,7009.06,6213.56,2206.24,0.75,5758,311,BLAp,BLA,104,left,0
5759,5760,3,7010.1,6213.76,2204.5599999999995,0.91796875,5759,311,BLAp,BLA,104,left,0
5760,5761,3,7010.42,6212.88,2202.6800000000003,0.91796875,5760,311,BLAp,BLA,104,left,0
5761,5762,3,7010.639999999999,6212.92,2200.42,1.0,5761,311,BLAp,BLA,104,left,0
5762,5763,3,7011.660000000001,6213.379999999999,2198.74,1.0,5762,311,BLAp,BLA,104,left,0
5763,5764,3,7013.22,6213.959999999999,2198.08,1.08203125,5763,311,BLAp,BLA,104,left,0
5764,5765,3,7013.360000000001,6215.58,2196.620000000001,0.12109375,5764,311,BLAp,BLA,104,left,0
5765,5766,3,7014.04,6216.98,2194.5,0.66796875,5765,311,BLAp,BLA,104,left,0
5766,5767,3,7015.66,6218.16,2192.7800000000007,0.5,5766,311,BLAp,BLA,104,left,0
5767,5768,3,7016.459999999999,6218.9800000000005,2190.6800000000003,1.16796875,5767,311,BLAp,BLA,104,left,0
5768,5769,3,7017.14,6220.24,2189.0599999999995,0.83203125,5768,311,BLAp,BLA,104,left,0
5769,5770,3,7017.6,6221.280000000001,2186.5200000000004,1.16796875,5769,311,BLAp,BLA,104,left,0
5770,5771,3,7018.0,6222.380000000001,2184.6000000000004,0.83203125,5770,311,BLAp,BLA,104,left,0
5771,5772,3,7018.84,6223.58,2180.539999999999,0.5,5771,311,BLAp,BLA,104,left,0
5772,5773,3,7019.6,6225.460000000001,2178.7800000000007,1.08203125,5772,311,BLAp,BLA,104,left,0
5773,5774,3,7019.34,6227.06,2176.1000000000004,0.66796875,5773,311,BLAp,BLA,104,left,0
5774,5775,3,7018.8,6229.04,2174.58,0.75,5774,311,BLAp,BLA,104,left,0
5775,5776,3,7018.16,6231.639999999999,2174.1000000000004,0.83203125,5775,311,BLAp,BLA,104,left,1
5776,5777,3,7075.68,6175.78,2373.0200000000004,0.01953125,4464,311,BLAp,BLA,105,left,0
5777,5778,3,7077.219999999999,6175.62,2373.7800000000007,1.08203125,5777,311,BLAp,BLA,105,left,0
5778,5779,3,7080.2,6175.82,2373.92,1.0,5778,311,BLAp,BLA,105,left,0
5779,5780,3,7083.48,6176.96,2373.6000000000004,1.0,5779,311,BLAp,BLA,105,left,0
5780,5781,3,7086.639999999999,6178.08,2373.66,0.66796875,5780,311,BLAp,BLA,105,left,0
5781,5782,3,7088.24,6179.24,2374.3,1.0,5781,311,BLAp,BLA,105,left,0
5782,5783,3,7091.12,6181.08,2374.1000000000004,1.0,5782,311,BLAp,BLA,105,left,0
5783,5784,3,7093.099999999999,6181.76,2374.16,0.5,5783,311,BLAp,BLA,105,left,0
5784,5785,3,7094.539999999999,6182.619999999999,2374.959999999999,1.0,5784,311,BLAp,BLA,105,left,0
5785,5786,3,7096.02,6184.06,2375.3,1.0,5785,311,BLAp,BLA,105,left,0
5786,5787,3,7097.4,6184.64,2377.16,0.91796875,5786,311,BLAp,BLA,105,left,0
5787,5788,3,7099.679999999999,6185.299999999999,2379.7000000000007,0.91796875,5787,311,BLAp,BLA,105,left,0
5788,5789,3,7101.18,6185.76,2381.2800000000007,1.0,5788,311,BLAp,BLA,105,left,0
5789,5790,3,7101.599999999999,6186.88,2383.120000000001,1.25,5789,311,BLAp,BLA,105,left,0
5790,5791,3,7101.5,6188.26,2385.3599999999988,1.0,5790,311,BLAp,BLA,105,left,0
5791,5792,3,7102.3,6188.959999999999,2387.0599999999995,0.83203125,5791,311,BLAp,BLA,105,left,0
5792,5793,3,7103.18,6189.58,2388.7000000000007,1.33203125,5792,311,BLAp,BLA,105,left,0
5793,5794,3,7104.099999999999,6190.8,2389.2800000000007,0.5,5793,311,BLAp,BLA,105,left,0
5794,5795,3,7106.0,6191.58,2391.48,1.0,5794,311,BLAp,BLA,105,left,0
5795,5796,3,7107.7,6192.14,2392.380000000001,0.91796875,5795,311,BLAp,BLA,105,left,0
5796,5797,3,7108.18,6194.26,2394.640000000001,0.02734375,5796,311,BLAp,BLA,105,left,0
5797,5798,3,7110.4,6196.0,2394.8,0.66796875,5797,311,BLAp,BLA,105,left,0
5798,5799,3,7111.860000000001,6196.4800000000005,2395.34,1.0,5798,311,BLAp,BLA,105,left,0
5799,5800,3,7112.12,6197.34,2397.4400000000005,1.41796875,5799,311,BLAp,BLA,105,left,0
5800,5801,3,7112.64,6199.26,2399.98,0.91796875,5800,311,BLAp,BLA,105,left,0
5801,5802,3,7112.74,6200.879999999999,2401.74,1.0,5801,311,BLAp,BLA,105,left,0
5802,5803,3,7113.48,6201.72,2403.24,1.25,5802,311,BLAp,BLA,105,left,0
5803,5804,3,7113.42,6202.92,2405.24,1.58203125,5803,311,BLAp,BLA,105,left,0
5804,5805,3,7113.4400000000005,6204.08,2406.960000000001,0.91796875,5804,311,BLAp,BLA,105,left,0
5805,5806,3,7114.299999999999,6204.44,2408.66,1.25,5805,311,BLAp,BLA,105,left,0
5806,5807,3,7114.9400000000005,6204.6,2410.72,1.25,5806,311,BLAp,BLA,105,left,0
5807,5808,3,7116.82,6206.32,2412.1000000000004,0.83203125,5807,311,BLAp,BLA,105,left,0
5808,5809,3,7118.3,6208.3,2413.6000000000004,0.75,5808,311,BLAp,BLA,105,left,0
5809,5810,3,7120.119999999999,6210.24,2414.5599999999995,1.0,5809,311,BLAp,BLA,105,left,0
5810,5811,3,7121.84,6211.34,2415.34,1.0,5810,311,BLAp,BLA,105,left,0
5811,5812,3,7123.46,6212.780000000001,2415.98,1.0,5811,311,BLAp,BLA,105,left,0
5812,5813,3,7123.92,6215.1,2416.6800000000003,0.5,5812,311,BLAp,BLA,105,left,0
5813,5814,3,7124.76,6216.620000000001,2417.039999999999,0.75,5813,311,BLAp,BLA,105,left,0
5814,5815,3,7125.24,6217.759999999999,2419.32,1.33203125,5814,703,CTXsp,CTXsp,105,left,0
5815,5816,3,7125.82,6218.9400000000005,2421.1000000000004,0.75,5815,703,CTXsp,CTXsp,105,left,0
5816,5817,3,7126.16,6220.8,2423.66,0.5,5816,703,CTXsp,CTXsp,105,left,0
5817,5818,3,7127.06,6222.960000000001,2425.460000000001,0.75,5817,703,CTXsp,CTXsp,105,left,0
5818,5819,3,7128.379999999999,6223.84,2426.699999999999,0.58203125,5818,703,CTXsp,CTXsp,105,left,0
5819,5820,3,7129.700000000001,6225.18,2428.2000000000007,1.0,5819,703,CTXsp,CTXsp,105,left,0
5820,5821,3,7130.36,6226.280000000001,2430.0200000000004,1.16796875,5820,703,CTXsp,CTXsp,105,left,0
5821,5822,3,7131.34,6227.5,2430.959999999999,0.5,5821,703,CTXsp,CTXsp,105,left,0
5822,5823,3,7131.900000000001,6228.8,2434.1399999999994,0.75,5822,703,CTXsp,CTXsp,105,left,0
5823,5824,3,7132.799999999999,6230.58,2435.42,0.83203125,5823,703,CTXsp,CTXsp,105,left,0
5824,5825,3,7133.64,6231.34,2437.34,1.0,5824,703,CTXsp,CTXsp,105,left,0
5825,5826,3,7135.879999999999,6232.7,2439.6800000000003,0.01953125,5825,703,CTXsp,CTXsp,105,left,0
5826,5827,3,7137.66,6234.139999999999,2440.5,0.66796875,5826,703,CTXsp,CTXsp,105,left,0
5827,5828,3,7139.44,6235.98,2442.66,0.75,5827,703,CTXsp,CTXsp,105,left,0
5828,5829,3,7140.5,6237.759999999999,2443.9,1.0,5828,703,CTXsp,CTXsp,105,left,0
5829,5830,3,7141.94,6238.46,2445.3599999999988,0.83203125,5829,703,CTXsp,CTXsp,105,left,0
5830,5831,3,7143.4400000000005,6238.92,2446.9399999999987,1.0,5830,703,CTXsp,CTXsp,105,left,0
5831,5832,3,7145.280000000001,6239.5,2448.379999999999,0.75,5831,703,CTXsp,CTXsp,105,left,0
5832,5833,3,7147.4,6240.72,2449.42,0.75,5832,703,CTXsp,CTXsp,105,left,0
5833,5834,3,7149.34,6242.28,2449.8600000000006,1.0,5833,703,CTXsp,CTXsp,105,left,0
5834,5835,3,7151.08,6243.06,2450.5,1.0,5834,703,CTXsp,CTXsp,105,left,0
5835,5836,3,7152.3,6244.56,2450.3599999999988,0.75,5835,703,CTXsp,CTXsp,105,left,0
5836,5837,3,7154.0,6245.36,2451.0,1.0,5836,703,CTXsp,CTXsp,105,left,0
5837,5838,3,7155.38,6245.8,2452.2000000000007,1.16796875,5837,703,CTXsp,CTXsp,105,left,0
5838,5839,3,7158.139999999999,6246.72,2452.5200000000004,1.0,5838,703,CTXsp,CTXsp,105,left,0
5839,5840,3,7160.280000000001,6247.42,2452.76,1.0,5839,703,CTXsp,CTXsp,105,left,0
5840,5841,3,7161.98,6247.960000000001,2454.0599999999995,1.33203125,5840,703,CTXsp,CTXsp,105,left,0
5841,5842,3,7164.24,6248.099999999999,2454.74,1.08203125,5841,703,CTXsp,CTXsp,105,left,0
5842,5843,3,7166.24,6247.66,2455.2000000000007,0.91796875,5842,334,BMAp,BMA,105,left,0
5843,5844,3,7167.7,6246.98,2456.76,1.16796875,5843,334,BMAp,BMA,105,left,0
5844,5845,3,7169.099999999999,6247.219999999999,2457.4400000000005,1.0,5844,334,BMAp,BMA,105,left,0
5845,5846,3,7169.8,6247.4,2459.5599999999995,1.25,5845,334,BMAp,BMA,105,left,0
5846,5847,3,7170.02,6247.4,2463.32,1.0,5846,334,BMAp,BMA,105,left,0
5847,5848,3,7170.22,6247.36,2466.74,1.0,5847,334,BMAp,BMA,105,left,0
5848,5849,3,7170.54,6246.76,2469.199999999999,1.16796875,5848,334,BMAp,BMA,105,left,0
5849,5850,3,7170.9400000000005,6245.98,2472.9,1.0,5849,334,BMAp,BMA,105,left,0
5850,5851,3,7171.54,6246.18,2475.6800000000003,1.0,5850,334,BMAp,BMA,105,left,0
5851,5852,3,7172.780000000001,6247.4800000000005,2477.0599999999995,0.5,5851,334,BMAp,BMA,105,left,0
5852,5853,3,7174.700000000001,6248.64,2477.9,1.0,5852,334,BMAp,BMA,105,left,0
5853,5854,3,7177.039999999999,6249.42,2478.98,1.08203125,5853,334,BMAp,BMA,105,left,0
5854,5855,3,7179.28,6250.14,2479.48,0.91796875,5854,334,BMAp,BMA,105,left,0
5855,5856,3,7180.58,6250.56,2480.26,0.5,5855,334,BMAp,BMA,105,left,0
5856,5857,3,7182.98,6251.36,2480.2800000000007,1.0,5856,334,BMAp,BMA,105,left,0
5857,5858,3,7185.02,6252.02,2480.539999999999,0.91796875,5857,334,BMAp,BMA,105,left,0
5858,5859,3,7186.18,6252.619999999999,2482.22,0.75,5858,334,BMAp,BMA,105,left,0
5859,5860,3,7187.08,6254.32,2482.619999999999,0.83203125,5859,334,BMAp,BMA,105,left,0
5860,5861,3,7188.06,6256.08,2483.84,0.58203125,5860,334,BMAp,BMA,105,left,0
5861,5862,3,7189.120000000001,6257.66,2484.66,0.66796875,5861,334,BMAp,BMA,105,left,0
5862,5863,3,7190.92,6260.16,2485.1000000000004,1.16796875,5862,334,BMAp,BMA,105,left,0
5863,5864,3,7192.3,6261.72,2485.879999999999,1.0,5863,334,BMAp,BMA,105,left,0
5864,5865,3,7193.16,6262.4,2487.42,0.83203125,5864,334,BMAp,BMA,105,left,0
5865,5866,3,7192.88,6263.56,2488.0,1.0,5865,334,BMAp,BMA,105,left,1
5866,5867,3,7072.32,6175.98,2373.98,0.11328125,4464,311,BLAp,BLA,106,left,0
5867,5868,3,7073.42,6176.599999999999,2375.92,0.58203125,5867,311,BLAp,BLA,106,left,0
5868,5869,3,7074.700000000001,6178.0,2377.0599999999995,1.25,5868,311,BLAp,BLA,106,left,0
5869,5870,3,7076.26,6178.84,2378.92,0.91796875,5869,311,BLAp,BLA,106,left,0
5870,5871,3,7077.28,6179.099999999999,2380.879999999999,1.0,5870,311,BLAp,BLA,106,left,0
5871,5872,3,7078.02,6180.119999999999,2383.120000000001,0.91796875,5871,311,BLAp,BLA,106,left,0
5872,5873,3,7079.08,6181.459999999999,2384.16,0.5,5872,311,BLAp,BLA,106,left,0
5873,5874,3,7080.24,6182.94,2385.6800000000003,1.0,5873,311,BLAp,BLA,106,left,0
5874,5875,3,7081.5,6183.379999999999,2386.66,1.0,5874,311,BLAp,BLA,106,left,0
5875,5876,3,7083.12,6183.780000000001,2391.119999999999,0.015625,5875,311,BLAp,BLA,106,left,0
5876,5877,3,7084.22,6184.679999999999,2393.16,1.0,5876,311,BLAp,BLA,106,left,0
5877,5878,3,7084.740000000001,6185.639999999999,2395.34,0.58203125,5877,311,BLAp,BLA,106,left,0
5878,5879,3,7086.4,6186.58,2397.82,0.83203125,5878,311,BLAp,BLA,106,left,0
5879,5880,3,7087.02,6188.18,2398.4400000000005,1.0,5879,311,BLAp,BLA,106,left,0
5880,5881,3,7088.04,6190.66,2399.76,1.0,5880,311,BLAp,BLA,106,left,0
5881,5882,3,7090.1,6194.82,2402.4,0.91796875,5881,311,BLAp,BLA,106,left,0
5882,5883,3,7091.42,6197.14,2403.4400000000005,1.0,5882,311,BLAp,BLA,106,left,0
5883,5884,3,7093.32,6199.0,2404.2800000000007,0.75,5883,311,BLAp,BLA,106,left,0
5884,5885,3,7095.259999999999,6199.58,2406.1800000000003,1.0,5884,311,BLAp,BLA,106,left,0
5885,5886,3,7096.54,6200.24,2407.3600000000006,0.75,5885,311,BLAp,BLA,106,left,0
5886,5887,3,7097.9,6201.78,2407.5200000000004,0.91796875,5886,311,BLAp,BLA,106,left,0
5887,5888,3,7099.92,6202.619999999999,2408.279999999999,1.0,5887,311,BLAp,BLA,106,left,0
5888,5889,3,7102.36,6203.400000000001,2409.5599999999995,1.0,5888,311,BLAp,BLA,106,left,0
5889,5890,3,7104.2,6204.0,2410.3599999999988,0.75,5889,311,BLAp,BLA,106,left,0
5890,5891,3,7107.4,6205.06,2411.3600000000006,0.58203125,5890,311,BLAp,BLA,106,left,0
5891,5892,3,7109.08,6205.860000000001,2412.42,0.91796875,5891,311,BLAp,BLA,106,left,0
5892,5893,3,7109.28,6207.0,2414.92,0.91796875,5892,311,BLAp,BLA,106,left,0
5893,5894,3,7109.34,6207.32,2417.48,1.0,5893,311,BLAp,BLA,106,left,0
5894,5895,3,7109.099999999999,6208.46,2418.279999999999,1.0,5894,311,BLAp,BLA,106,left,0
5895,5896,3,7110.259999999999,6208.9,2420.08,0.0546875,5895,311,BLAp,BLA,106,left,0
5896,5897,3,7111.639999999999,6210.38,2421.32,1.08203125,5896,311,BLAp,BLA,106,left,0
5897,5898,3,7113.9,6211.5,2422.0200000000004,0.5,5897,311,BLAp,BLA,106,left,0
5898,5899,3,7116.26,6212.26,2422.84,0.91796875,5898,311,BLAp,BLA,106,left,0
5899,5900,3,7118.86,6213.12,2423.22,1.0,5899,311,BLAp,BLA,106,left,0
5900,5901,3,7120.62,6213.7,2423.82,0.91796875,5900,311,BLAp,BLA,106,left,0
5901,5902,3,7122.84,6213.719999999999,2423.76,1.0,5901,311,BLAp,BLA,106,left,0
5902,5903,3,7124.9800000000005,6213.08,2423.6800000000003,1.0,5902,311,BLAp,BLA,106,left,0
5903,5904,3,7127.820000000001,6213.06,2423.7000000000007,0.75,5903,311,BLAp,BLA,106,left,0
5904,5905,3,7129.26,6212.88,2424.460000000001,1.25,5904,311,BLAp,BLA,106,left,0
5905,5906,3,7131.78,6211.98,2424.72,1.0,5905,311,BLAp,BLA,106,left,0
5906,5907,3,7133.4400000000005,6211.040000000001,2424.7000000000007,1.0,5906,311,BLAp,BLA,106,left,0
5907,5908,3,7135.280000000001,6211.02,2425.2000000000007,1.0,5907,703,CTXsp,CTXsp,106,left,0
5908,5909,3,7135.92,6211.18,2426.58,0.5,5908,703,CTXsp,CTXsp,106,left,0
5909,5910,3,7137.56,6210.74,2427.2000000000007,0.75,5909,703,CTXsp,CTXsp,106,left,0
5910,5911,3,7139.38,6210.02,2427.380000000001,1.0,5910,703,CTXsp,CTXsp,106,left,0
5911,5912,3,7141.0,6209.62,2428.279999999999,0.91796875,5911,703,CTXsp,CTXsp,106,left,0
5912,5913,3,7142.960000000001,6209.32,2428.6800000000003,0.5,5912,703,CTXsp,CTXsp,106,left,0
5913,5914,3,7144.86,6208.959999999999,2429.539999999999,1.0,5913,703,CTXsp,CTXsp,106,left,0
5914,5915,3,7146.5,6208.66,2429.7000000000007,0.66796875,5914,703,CTXsp,CTXsp,106,left,0
5915,5916,3,7148.52,6209.24,2430.58,0.91796875,5915,703,CTXsp,CTXsp,106,left,0
5916,5917,3,7150.5,6209.76,2431.0599999999995,1.0,5916,703,CTXsp,CTXsp,106,left,0
5917,5918,3,7151.88,6209.299999999999,2431.76,1.0,5917,703,CTXsp,CTXsp,106,left,0
5918,5919,3,7154.08,6209.299999999999,2431.74,0.91796875,5918,703,CTXsp,CTXsp,106,left,0
5919,5920,3,7156.08,6208.88,2431.84,0.91796875,5919,703,CTXsp,CTXsp,106,left,0
5920,5921,3,7158.18,6209.38,2432.619999999999,0.91796875,5920,703,CTXsp,CTXsp,106,left,0
5921,5922,3,7159.700000000001,6209.86,2434.0599999999995,1.0,5921,703,CTXsp,CTXsp,106,left,0
5922,5923,3,7162.88,6209.78,2434.26,0.01953125,5922,703,CTXsp,CTXsp,106,left,0
5923,5924,3,7165.460000000001,6210.22,2435.5600000000013,1.0,5923,703,CTXsp,CTXsp,106,left,0
5924,5925,3,7168.02,6210.460000000001,2436.22,1.0,5924,703,CTXsp,CTXsp,106,left,0
5925,5926,3,7170.259999999999,6209.78,2436.16,1.0,5925,703,CTXsp,CTXsp,106,left,0
5926,5927,3,7173.04,6208.42,2436.4400000000005,0.91796875,5926,703,CTXsp,CTXsp,106,left,0
5927,5928,3,7174.6,6207.7,2437.24,0.83203125,5927,703,CTXsp,CTXsp,106,left,0
5928,5929,3,7177.780000000001,6207.200000000001,2437.279999999999,1.0,5928,334,BMAp,BMA,106,left,0
5929,5930,3,7180.02,6205.66,2437.48,0.83203125,5929,334,BMAp,BMA,106,left,0
5930,5931,3,7181.26,6204.22,2438.3600000000006,1.25,5930,703,CTXsp,CTXsp,106,left,0
5931,5932,3,7183.8,6203.26,2438.8,0.83203125,5931,703,CTXsp,CTXsp,106,left,0
5932,5933,3,7185.18,6202.4,2439.9,1.08203125,5932,334,BMAp,BMA,106,left,0
5933,5934,3,7187.179999999999,6201.799999999999,2442.119999999999,0.5,5933,334,BMAp,BMA,106,left,0
5934,5935,3,7189.2,6201.459999999999,2443.1399999999994,1.16796875,5934,334,BMAp,BMA,106,left,0
5935,5936,3,7192.380000000001,6202.32,2443.6399999999994,1.0,5935,334,BMAp,BMA,106,left,0
5936,5937,3,7195.02,6203.08,2443.42,1.0,5936,334,BMAp,BMA,106,left,0
5937,5938,3,7196.68,6202.780000000001,2443.34,1.08203125,5937,334,BMAp,BMA,106,left,0
5938,5939,3,7199.48,6203.18,2443.1399999999994,1.0,5938,334,BMAp,BMA,106,left,0
5939,5940,3,7202.1,6204.04,2443.0200000000004,0.91796875,5939,334,BMAp,BMA,106,left,0
5940,5941,3,7203.24,6204.400000000001,2443.82,1.41796875,5940,334,BMAp,BMA,106,left,1
5941,5942,3,6803.5,6072.54,2311.92,1.0,4569,303,BLAa,BLA,107,left,0
5942,5943,3,6802.179999999999,6072.0,2312.4400000000005,1.0,5942,303,BLAa,BLA,107,left,0
5943,5944,3,6800.36,6071.219999999999,2313.6000000000004,0.91796875,5943,303,BLAa,BLA,107,left,0
5944,5945,3,6798.26,6070.36,2314.199999999999,1.0,5944,303,BLAa,BLA,107,left,0
5945,5946,3,6797.039999999999,6069.82,2315.2800000000007,0.75,5945,303,BLAa,BLA,107,left,0
5946,5947,3,6794.679999999999,6068.88,2315.800000000001,1.0,5946,303,BLAa,BLA,107,left,0
5947,5948,3,6792.780000000001,6067.86,2316.0599999999995,1.0,5947,303,BLAa,BLA,107,left,0
5948,5949,3,6791.32,6066.12,2316.34,0.91796875,5948,303,BLAa,BLA,107,left,0
5949,5950,3,6789.34,6065.06,2316.620000000001,1.0,5949,303,BLAa,BLA,107,left,0
5950,5951,3,6787.54,6063.339999999999,2316.9399999999987,0.83203125,5950,303,BLAa,BLA,107,left,0
5951,5952,3,6785.280000000001,6061.3,2317.279999999999,1.16796875,5951,303,BLAa,BLA,107,left,0
5952,5953,3,6784.08,6059.9,2316.9399999999987,1.0,5952,303,BLAa,BLA,107,left,0
5953,5954,3,6782.36,6057.92,2316.5200000000004,0.91796875,5953,303,BLAa,BLA,107,left,0
5954,5955,3,6780.5,6055.58,2316.900000000001,0.75,5954,303,BLAa,BLA,107,left,0
5955,5956,3,6779.42,6053.66,2317.1800000000003,1.66796875,5955,303,BLAa,BLA,107,left,0
5956,5957,3,6804.66,6072.42,2311.6000000000004,0.08203125,4569,303,BLAa,BLA,108,left,0
5957,5958,3,6804.44,6069.92,2310.2000000000007,0.58203125,5957,303,BLAa,BLA,108,left,0
5958,5959,3,6803.400000000001,6067.92,2308.72,1.08203125,5958,303,BLAa,BLA,108,left,0
5959,5960,3,6801.900000000001,6066.78,2308.34,1.0,5959,303,BLAa,BLA,108,left,0
5960,5961,3,6801.82,6064.96,2307.7000000000007,1.75,5960,303,BLAa,BLA,108,left,0
5961,5962,3,6802.380000000001,6061.18,2307.5599999999995,1.0,5961,303,BLAa,BLA,108,left,0
5962,5963,3,6801.84,6058.379999999999,2307.880000000001,0.91796875,5962,303,BLAa,BLA,108,left,0
5963,5964,3,6801.54,6054.44,2308.1800000000003,0.91796875,5963,303,BLAa,BLA,108,left,0
5964,5965,3,6801.860000000001,6052.66,2307.540000000001,0.66796875,5964,303,BLAa,BLA,108,left,0
5965,5966,3,6802.54,6049.120000000001,2307.32,1.0,5965,303,BLAa,BLA,108,left,0
5966,5967,3,6803.12,6046.280000000001,2307.5599999999995,1.0,5966,303,BLAa,BLA,108,left,0
5967,5968,3,6803.7,6043.28,2307.4400000000005,1.25,5967,303,BLAa,BLA,108,left,0
5968,5969,3,6804.099999999999,6041.08,2306.6000000000004,1.0,5968,303,BLAa,BLA,108,left,0
5969,5970,3,6804.539999999999,6038.540000000001,2305.48,1.0,5969,303,BLAa,BLA,108,left,0
5970,5971,3,6804.880000000001,6036.58,2304.72,1.33203125,5970,303,BLAa,BLA,108,left,0
5971,5972,3,6805.299999999999,6034.38,2304.3600000000006,1.0,5971,303,BLAa,BLA,108,left,0
5972,5973,3,6807.36,6033.76,2304.26,0.08203125,5972,303,BLAa,BLA,108,left,0
5973,5974,3,6808.540000000001,6031.3,2304.400000000001,1.08203125,5973,303,BLAa,BLA,108,left,0
5974,5975,3,6809.8,6029.400000000001,2304.48,2.66796875,5974,303,BLAa,BLA,108,left,0
5975,5976,3,6811.1,6026.799999999999,2304.24,0.83203125,5975,303,BLAa,BLA,108,left,0
5976,5977,3,6811.92,6024.96,2303.5,1.0,5976,303,BLAa,BLA,108,left,0
5977,5978,3,6811.58,6022.74,2303.6000000000004,0.08203125,5977,303,BLAa,BLA,108,left,0
5978,5979,3,6811.58,6019.740000000001,2303.880000000001,0.5,5978,303,BLAa,BLA,108,left,0
5979,5980,3,6811.219999999999,6017.179999999999,2304.16,15.58203125,5979,303,BLAa,BLA,108,left,0
5980,5981,3,6811.599999999999,6014.66,2304.379999999999,1.0,5980,303,BLAa,BLA,108,left,1
8047,8048,3,7092.36,6184.82,2223.08,0.03515625,5726,311,BLAp,BLA,127,left,0
8048,8049,3,7094.44,6182.98,2222.880000000001,0.75,8048,311,BLAp,BLA,127,left,0
8049,8050,3,7096.219999999999,6182.4,2221.66,0.75,8049,311,BLAp,BLA,127,left,0
8050,8051,3,7098.56,6182.08,2220.119999999999,0.91796875,8050,311,BLAp,BLA,127,left,0
8051,8052,3,7100.38,6181.599999999999,2220.040000000001,1.16796875,8051,311,BLAp,BLA,127,left,0
8052,8053,3,7102.3,6182.08,2219.9,1.0,8052,311,BLAp,BLA,127,left,0
8053,8054,3,7103.24,6181.639999999999,2217.32,0.02734375,8053,311,BLAp,BLA,127,left,0
8054,8055,3,7105.98,6181.98,2216.879999999999,1.0,8054,311,BLAp,BLA,127,left,0
8055,8056,3,7109.299999999999,6183.12,2216.6000000000004,1.0,8055,311,BLAp,BLA,127,left,0
8056,8057,3,7111.52,6183.88,2216.4,1.08203125,8056,311,BLAp,BLA,127,left,0
8057,8058,3,7113.400000000001,6184.64,2216.22,1.0,8057,311,BLAp,BLA,127,left,0
8058,8059,3,7114.6,6185.96,2216.040000000001,0.5,8058,311,BLAp,BLA,127,left,0
8059,8060,3,7116.56,6187.36,2215.82,0.83203125,8059,311,BLAp,BLA,127,left,0
8060,8061,3,7117.56,6188.719999999999,2215.66,0.66796875,8060,311,BLAp,BLA,127,left,0
8061,8062,3,7119.9,6189.76,2215.42,1.0,8061,311,BLAp,BLA,127,left,0
8062,8063,3,7121.82,6190.68,2215.24,0.58203125,8062,311,BLAp,BLA,127,left,0
8063,8064,3,7123.88,6192.52,2214.98,0.66796875,8063,311,BLAp,BLA,127,left,0
8064,8065,3,7127.42,6193.28,2215.74,1.0,8064,311,BLAp,BLA,127,left,0
8065,8066,3,7129.160000000001,6192.9,2217.0,1.25,8065,311,BLAp,BLA,127,left,0
8066,8067,3,7131.76,6194.9400000000005,2217.459999999999,0.03515625,8066,311,BLAp,BLA,127,left,0
8067,8068,3,7134.08,6195.82,2218.5599999999995,0.91796875,8067,311,BLAp,BLA,127,left,0
8068,8069,3,7135.98,6195.98,2220.2800000000007,0.91796875,8068,311,BLAp,BLA,127,left,0
8069,8070,3,7137.200000000001,6195.42,2220.879999999999,1.0,8069,311,BLAp,BLA,127,left,1
8070,8071,3,7092.32,6186.2,2222.119999999999,0.02734375,5726,311,BLAp,BLA,128,left,0
8071,8072,3,7094.2,6186.32,2221.459999999999,0.83203125,8071,311,BLAp,BLA,128,left,0
8072,8073,3,7095.839999999999,6186.0,2220.539999999999,1.25,8072,311,BLAp,BLA,128,left,0
8073,8074,3,7096.68,6186.32,2218.9400000000005,1.91796875,8073,311,BLAp,BLA,128,left,0
8074,8075,3,7099.2,6186.38,2217.8,0.0703125,8074,311,BLAp,BLA,128,left,0
8075,8076,3,7101.459999999999,6185.900000000001,2215.74,0.83203125,8075,311,BLAp,BLA,128,left,0
8076,8077,3,7103.42,6185.860000000001,2214.379999999999,1.16796875,8076,311,BLAp,BLA,128,left,0
8077,8078,3,7105.62,6186.660000000001,2212.84,1.0,8077,311,BLAp,BLA,128,left,0
8078,8079,3,7108.200000000001,6187.6,2211.58,0.58203125,8078,311,BLAp,BLA,128,left,0
8079,8080,3,7109.740000000001,6188.18,2210.5200000000004,1.0,8079,311,BLAp,BLA,128,left,0
8080,8081,3,7111.56,6188.86,2209.120000000001,1.0,8080,311,BLAp,BLA,128,left,0
8081,8082,3,7113.3,6189.5,2207.98,1.0,8081,311,BLAp,BLA,128,left,0
8082,8083,3,7116.12,6190.5,2207.119999999999,0.91796875,8082,311,BLAp,BLA,128,left,0
8083,8084,3,7117.54,6191.02,2206.24,1.0,8083,311,BLAp,BLA,128,left,0
8084,8085,3,7119.62,6191.76,2205.539999999999,1.0,8084,311,BLAp,BLA,128,left,0
8085,8086,3,7121.36,6192.34,2205.4,1.0,8085,311,BLAp,BLA,128,left,0
8086,8087,3,7122.179999999999,6192.7,2204.16,0.16796875,8086,311,BLAp,BLA,128,left,0
8087,8088,3,7124.64,6193.540000000001,2203.72,1.0,8087,311,BLAp,BLA,128,left,0
8088,8089,3,7127.4400000000005,6194.48,2203.4400000000005,1.0,8088,311,BLAp,BLA,128,left,0
8089,8090,3,7129.42,6195.08,2202.66,0.5,8089,311,BLAp,BLA,128,left,0
8090,8091,3,7131.3,6194.34,2200.9400000000005,1.0,8090,311,BLAp,BLA,128,left,0
8091,8092,3,7133.540000000001,6191.660000000001,2198.4400000000005,0.91796875,8091,311,BLAp,BLA,128,left,0
8092,8093,3,7134.64,6189.9400000000005,2196.900000000001,0.5,8092,311,BLAp,BLA,128,left,0
8093,8094,3,7136.26,6190.320000000001,2195.26,1.0,8093,311,BLAp,BLA,128,left,0
8094,8095,3,7138.379999999999,6190.839999999999,2194.16,0.5,8094,311,BLAp,BLA,128,left,0
8095,8096,3,7139.26,6189.8,2192.720000000001,0.5,8095,311,BLAp,BLA,128,left,0
8096,8097,3,7141.4400000000005,6188.86,2191.119999999999,0.91796875,8096,311,BLAp,BLA,128,left,0
8097,8098,3,7142.5,6188.379999999999,2189.66,1.16796875,8097,311,BLAp,BLA,128,left,0
8098,8099,3,7144.740000000001,6188.959999999999,2188.959999999999,1.0,8098,311,BLAp,BLA,128,left,1
8099,8100,3,6779.400000000001,6052.56,2316.1399999999994,0.27734375,5956,303,BLAa,BLA,129,left,0
8100,8101,3,6780.0,6049.299999999999,2316.16,1.0,8100,303,BLAa,BLA,129,left,0
8101,8102,3,6780.879999999999,6044.9,2316.5200000000004,1.0,8101,303,BLAa,BLA,129,left,0
8102,8103,3,6781.4400000000005,6041.18,2316.84,1.0,8102,303,BLAa,BLA,129,left,0
8103,8104,3,6780.879999999999,6038.360000000001,2317.22,0.91796875,8103,303,BLAa,BLA,129,left,0
8104,8105,3,6779.84,6035.44,2318.58,1.0,8104,303,BLAa,BLA,129,left,0
8105,8106,3,6778.92,6032.4800000000005,2319.3,0.75,8105,303,BLAa,BLA,129,left,0
8106,8107,3,6778.959999999999,6029.8,2319.5599999999995,1.0,8106,303,BLAa,BLA,129,left,0
8107,8108,3,6778.64,6026.42,2319.92,1.0,8107,303,BLAa,BLA,129,left,0
8108,8109,3,6778.46,6023.540000000001,2320.220000000001,0.91796875,8108,303,BLAa,BLA,129,left,0
8109,8110,3,6777.66,6019.6,2320.66,1.0,8109,303,BLAa,BLA,129,left,0
8110,8111,3,6776.16,6016.799999999999,2321.1399999999994,0.83203125,8110,303,BLAa,BLA,129,left,0
8111,8112,3,6774.62,6015.299999999999,2322.2000000000007,1.0,8111,303,BLAa,BLA,129,left,0
8112,8113,3,6773.66,6012.219999999999,2323.22,0.83203125,8112,303,BLAa,BLA,129,left,0
8113,8114,3,6773.0,6009.9800000000005,2324.76,1.0,8113,303,BLAa,BLA,129,left,0
8114,8115,3,6772.039999999999,6009.48,2326.2800000000007,1.16796875,8114,303,BLAa,BLA,129,left,0
8115,8116,3,6771.54,6009.120000000001,2328.72,1.0,8115,303,BLAa,BLA,129,left,0
8116,8117,3,6771.42,6008.84,2331.4,1.0,8116,303,BLAa,BLA,129,left,0
8117,8118,3,6770.700000000001,6007.759999999999,2333.120000000001,0.66796875,8117,303,BLAa,BLA,129,left,0
8118,8119,3,6769.120000000001,6006.0,2334.98,1.0,8118,303,BLAa,BLA,129,left,0
8119,8120,3,6768.74,6004.84,2336.58,0.5,8119,303,BLAa,BLA,129,left,0
8120,8121,3,6767.380000000001,6003.62,2337.039999999999,1.0,8120,303,BLAa,BLA,129,left,0
8121,8122,3,6766.32,6001.74,2337.32,0.11328125,8121,303,BLAa,BLA,129,left,0
8122,8123,3,6766.639999999999,5999.139999999999,2337.5599999999995,1.0,8122,303,BLAa,BLA,129,left,0
8123,8124,3,6766.36,5996.38,2337.8599999999988,1.0,8123,303,BLAa,BLA,129,left,0
8124,8125,3,6765.38,5994.04,2338.1800000000003,1.0,8124,303,BLAa,BLA,129,left,0
8125,8126,3,6763.780000000001,5991.0,2338.619999999999,0.5,8125,303,BLAa,BLA,129,left,0
8126,8127,3,6761.88,5988.6,2339.0200000000004,0.75,8126,303,BLAa,BLA,129,left,0
8127,8128,3,6759.9400000000005,5986.14,2339.4399999999987,0.75,8127,303,BLAa,BLA,129,left,0
8128,8129,3,6757.98,5983.68,2339.84,0.75,8128,303,BLAa,BLA,129,left,0
8129,8130,3,6756.4800000000005,5981.72,2340.1800000000003,0.58203125,8129,303,BLAa,BLA,129,left,0
8130,8131,3,6755.06,5979.58,2340.5,0.91796875,8130,303,BLAa,BLA,129,left,0
8131,8132,3,6755.02,5977.0,2340.76,2.08203125,8131,303,BLAa,BLA,129,left,0
8132,8133,3,6754.42,5975.34,2340.2800000000007,1.0,8132,303,BLAa,BLA,129,left,0
8133,8134,3,6754.32,5974.0,2337.84,1.66796875,8133,303,BLAa,BLA,129,left,0
8134,8135,3,6754.48,5972.66,2336.119999999999,0.5,8134,303,BLAa,BLA,129,left,0
8135,8136,3,6754.160000000001,5970.98,2335.9400000000005,0.08203125,8135,303,BLAa,BLA,129,left,0
8136,8137,3,6752.380000000001,5968.42,2336.2800000000007,0.91796875,8136,303,BLAa,BLA,129,left,0
8137,8138,3,6751.4,5965.92,2336.620000000001,1.0,8137,303,BLAa,BLA,129,left,0
8138,8139,3,6750.76,5962.6,2337.0200000000004,1.0,8138,303,BLAa,BLA,129,left,0
8139,8140,3,6749.84,5959.42,2337.4,2.08203125,8139,303,BLAa,BLA,129,left,0
8140,8141,3,6749.26,5955.9400000000005,2337.32,1.41796875,8140,303,BLAa,BLA,129,left,0
8141,8142,3,6748.74,5952.799999999999,2336.74,0.66796875,8141,303,BLAa,BLA,129,left,0
8142,8143,3,6747.52,5950.52,2336.2000000000007,1.33203125,8142,303,BLAa,BLA,129,left,0
8143,8144,3,6746.32,5947.08,2336.16,1.0,8143,303,BLAa,BLA,129,left,0
8144,8145,3,6745.1,5946.2,2336.3600000000006,0.08203125,8144,303,BLAa,BLA,129,left,0
8145,8146,3,6744.84,5942.56,2336.76,1.41796875,8145,303,BLAa,BLA,129,left,0
8146,8147,3,6744.38,5939.679999999999,2337.08,0.91796875,8146,303,BLAa,BLA,129,left,0
8147,8148,3,6743.719999999999,5936.280000000001,2337.48,1.08203125,8147,303,BLAa,BLA,129,left,0
8148,8149,3,6742.46,5934.08,2337.82,1.33203125,8148,303,BLAa,BLA,129,left,0
8149,8150,3,6741.58,5932.08,2338.0999999999985,1.08203125,8149,303,BLAa,BLA,129,left,0
8150,8151,3,6740.96,5929.46,2338.48,0.58203125,8150,303,BLAa,BLA,129,left,0
8151,8152,3,6739.42,5927.98,2339.460000000001,1.33203125,8151,303,BLAa,BLA,129,left,0
8152,8153,3,6737.98,5924.64,2340.5600000000013,2.08203125,8152,303,BLAa,BLA,129,left,0
8153,8154,3,6737.84,5921.32,2340.9,1.08203125,8153,303,BLAa,BLA,129,left,0
8154,8155,3,6737.46,5919.64,2341.34,2.16796875,8154,303,BLAa,BLA,129,left,0
8155,8156,3,6737.94,5916.660000000001,2342.66,3.75,8155,303,BLAa,BLA,129,left,0
8156,8157,3,6738.099999999999,5913.46,2343.0600000000013,1.0,8156,303,BLAa,BLA,129,left,0
8157,8158,3,6736.24,5910.14,2343.5599999999995,1.41796875,8157,303,BLAa,BLA,129,left,0
8158,8159,3,6735.18,5906.72,2344.0,1.0,8158,303,BLAa,BLA,129,left,0
8159,8160,3,6734.9400000000005,5903.66,2344.34,0.83203125,8159,303,BLAa,BLA,129,left,0
8160,8161,3,6733.06,5900.38,2344.84,1.0,8160,303,BLAa,BLA,129,left,0
8161,8162,3,6732.039999999999,5897.799999999999,2345.2000000000007,1.66796875,8161,303,BLAa,BLA,129,left,0
8162,8163,3,6731.7,5895.44,2345.460000000001,1.41796875,8162,303,BLAa,BLA,129,left,0
8163,8164,3,6731.36,5892.039999999999,2345.84,1.91796875,8163,303,BLAa,BLA,129,left,0
8164,8165,3,6731.32,5887.799999999999,2346.2000000000007,0.75,8164,303,BLAa,BLA,129,left,0
8165,8166,3,6731.02,5886.24,2345.460000000001,1.16796875,8165,303,BLAa,BLA,129,left,1
8166,8167,3,6776.24,6051.72,2317.6399999999994,0.0625,5956,303,BLAa,BLA,130,left,0
8167,8168,3,6774.42,6049.86,2318.4,0.91796875,8167,303,BLAa,BLA,130,left,0
8168,8169,3,6772.64,6047.02,2319.8,0.91796875,8168,303,BLAa,BLA,130,left,0
8169,8170,3,6770.599999999999,6044.700000000001,2320.7000000000007,1.0,8169,303,BLAa,BLA,130,left,0
8170,8171,3,6769.360000000001,6043.48,2321.7800000000007,1.0,8170,303,BLAa,BLA,130,left,0
8171,8172,3,6767.799999999999,6041.4,2322.880000000001,1.41796875,8171,303,BLAa,BLA,130,left,0
8172,8173,3,6765.56,6038.360000000001,2324.199999999999,0.83203125,8172,303,BLAa,BLA,130,left,0
8173,8174,3,6764.42,6036.98,2325.2800000000007,0.66796875,8173,303,BLAa,BLA,130,left,0
8174,8175,3,6762.94,6034.880000000001,2325.98,1.0,8174,303,BLAa,BLA,130,left,0
8175,8176,3,6761.620000000001,6033.139999999999,2326.42,0.5,8175,303,BLAa,BLA,130,left,0
8176,8177,3,6760.5,6031.94,2327.6399999999994,0.5,8176,303,BLAa,BLA,130,left,0
8177,8178,3,6759.5,6030.0,2328.16,1.0,8177,303,BLAa,BLA,130,left,0
8178,8179,3,6757.28,6026.72,2328.74,1.08203125,8178,303,BLAa,BLA,130,left,0
8179,8180,3,6756.2,6025.36,2329.74,0.58203125,8179,303,BLAa,BLA,130,left,0
8180,8181,3,6754.92,6023.139999999999,2330.620000000001,1.0,8180,303,BLAa,BLA,130,left,0
8181,8182,3,6752.619999999999,6019.8,2331.32,0.58203125,8181,303,BLAa,BLA,130,left,0
8182,8183,3,6751.459999999999,6018.22,2332.42,0.91796875,8182,303,BLAa,BLA,130,left,0
8183,8184,3,6750.58,6014.740000000001,2333.22,1.0,8183,303,BLAa,BLA,130,left,0
8184,8185,3,6749.160000000001,6011.34,2334.040000000001,0.5,8184,303,BLAa,BLA,130,left,0
8185,8186,3,6748.22,6008.88,2335.26,1.0,8185,303,BLAa,BLA,130,left,0
8186,8187,3,6746.280000000001,6006.219999999999,2336.92,0.91796875,8186,303,BLAa,BLA,130,left,0
8187,8188,3,6744.9800000000005,6004.6,2338.120000000001,0.66796875,8187,303,BLAa,BLA,130,left,0
8188,8189,3,6743.0,6003.04,2340.0200000000004,1.25,8188,303,BLAa,BLA,130,left,0
8189,8190,3,6742.08,6001.56,2341.4400000000005,0.5,8189,303,BLAa,BLA,130,left,0
8190,8191,3,6740.119999999999,6000.119999999999,2342.540000000001,0.91796875,8190,303,BLAa,BLA,130,left,0
8191,8192,3,6738.400000000001,5998.28,2343.039999999999,0.5,8191,303,BLAa,BLA,130,left,0
8192,8193,3,6736.68,5996.639999999999,2344.220000000001,0.58203125,8192,303,BLAa,BLA,130,left,0
8193,8194,3,6735.04,5993.959999999999,2344.98,0.5,8193,303,BLAa,BLA,130,left,0
8194,8195,3,6732.56,5991.42,2345.460000000001,1.0,8194,303,BLAa,BLA,130,left,0
8195,8196,3,6730.700000000001,5989.66,2346.2800000000007,0.75,8195,303,BLAa,BLA,130,left,0
8196,8197,3,6729.06,5988.66,2347.3600000000006,0.83203125,8196,303,BLAa,BLA,130,left,0
8197,8198,3,6727.780000000001,5986.94,2347.720000000001,1.0,8197,303,BLAa,BLA,130,left,0
8198,8199,3,6725.460000000001,5985.66,2348.039999999999,1.0,8198,303,BLAa,BLA,130,left,0
11046,11047,3,6723.42,5984.28,2348.3600000000006,0.75,8199,303,BLAa,BLA,149,left,0
11047,11048,3,6722.14,5981.96,2348.72,1.08203125,11047,303,BLAa,BLA,149,left,0
11048,11049,3,6720.42,5980.24,2349.040000000001,1.0,11048,303,BLAa,BLA,149,left,0
11049,11050,3,6719.26,5979.56,2350.4400000000005,0.11328125,11049,303,BLAa,BLA,149,left,0
11050,11051,3,6717.68,5977.84,2350.92,0.75,11050,303,BLAa,BLA,149,left,0
11051,11052,3,6715.68,5975.4,2351.34,0.58203125,11051,303,BLAa,BLA,149,left,0
11052,11053,3,6713.64,5973.66,2351.6800000000003,1.08203125,11052,303,BLAa,BLA,149,left,0
11053,11054,3,6712.179999999999,5971.860000000001,2352.0,0.91796875,11053,303,BLAa,BLA,149,left,0
11054,11055,3,6710.06,5969.76,2352.4,1.33203125,11054,303,BLAa,BLA,149,left,0
11055,11056,3,6709.34,5967.42,2352.16,6.33203125,11055,303,BLAa,BLA,149,left,0
11056,11057,3,6709.24,5965.06,2351.620000000001,1.25,11056,303,BLAa,BLA,149,left,0
11057,11058,3,6708.02,5962.820000000001,2351.879999999999,1.25,11057,303,BLAa,BLA,149,left,0
11058,11059,3,6706.219999999999,5959.92,2352.16,0.66796875,11058,303,BLAa,BLA,149,left,0
11059,11060,3,6704.360000000001,5958.339999999999,2351.6399999999994,0.83203125,11059,303,BLAa,BLA,149,left,0
11060,11061,3,6702.780000000001,5956.4,2351.6000000000004,0.91796875,11060,303,BLAa,BLA,149,left,0
11061,11062,3,6701.08,5954.9400000000005,2351.900000000001,0.91796875,11061,303,BLAa,BLA,149,left,0
11062,11063,3,6699.82,5952.54,2352.26,1.41796875,11062,303,BLAa,BLA,149,left,0
11063,11064,3,6698.7,5950.06,2352.6000000000004,1.08203125,11063,303,BLAa,BLA,149,left,0
11064,11065,3,6696.98,5947.7,2353.0,1.25,11064,303,BLAa,BLA,149,left,0
11065,11066,3,6695.58,5944.84,2352.9400000000005,1.0,11065,303,BLAa,BLA,149,left,0
11066,11067,3,6694.42,5942.240000000001,2352.5,1.0,11066,303,BLAa,BLA,149,left,0
11067,11068,3,6692.64,5939.26,2352.5,1.25,11067,303,BLAa,BLA,149,left,0
11068,11069,3,6692.0,5937.28,2351.900000000001,0.5,11068,303,BLAa,BLA,149,left,0
11069,11070,3,6690.44,5935.02,2352.08,1.0,11069,303,BLAa,BLA,149,left,0
11070,11071,3,6687.799999999999,5933.200000000001,2352.5,1.0,11070,303,BLAa,BLA,149,left,0
11071,11072,3,6685.14,5932.039999999999,2352.8599999999988,1.0,11071,303,BLAa,BLA,149,left,0
11072,11073,3,6683.540000000001,5930.78,2353.1399999999994,1.0,11072,303,BLAa,BLA,149,left,0
11073,11074,3,6683.0,5928.16,2353.4400000000005,1.25,11073,303,BLAa,BLA,149,left,0
11074,11075,3,6681.84,5925.860000000001,2353.7800000000007,0.91796875,11074,303,BLAa,BLA,149,left,0
11075,11076,3,6680.38,5923.86,2354.120000000001,0.58203125,11075,303,BLAa,BLA,149,left,0
11076,11077,3,6677.72,5922.039999999999,2354.539999999999,1.0,11076,303,BLAa,BLA,149,left,0
11077,11078,3,6675.700000000001,5920.599999999999,2354.880000000001,1.0,11077,303,BLAa,BLA,149,left,0
11078,11079,3,6673.88,5917.54,2355.34,1.0,11078,303,BLAa,BLA,149,left,0
11079,11080,3,6671.82,5914.700000000001,2355.82,0.5,11079,303,BLAa,BLA,149,left,0
11080,11081,3,6670.299999999999,5912.66,2356.16,1.0,11080,303,BLAa,BLA,149,left,0
11081,11082,3,6668.4400000000005,5910.04,2356.6000000000004,0.83203125,11081,303,BLAa,BLA,149,left,0
11082,11083,3,6667.380000000001,5907.619999999999,2356.9399999999987,0.91796875,11082,303,BLAa,BLA,149,left,0
11083,11084,3,6666.32,5905.44,2357.26,1.0,11083,303,BLAa,BLA,149,left,0
11084,11085,3,6664.76,5903.3,2357.619999999999,1.08203125,11084,303,BLAa,BLA,149,left,0
11085,11086,3,6663.7,5900.879999999999,2357.960000000001,1.0,11085,303,BLAa,BLA,149,left,0
11086,11087,3,6662.66,5898.7,2358.279999999999,0.91796875,11086,303,BLAa,BLA,149,left,0
11087,11088,3,6661.08,5896.74,2358.8,1.0,11087,303,BLAa,BLA,149,left,0
11088,11089,3,6659.92,5895.24,2359.9,0.58203125,11088,303,BLAa,BLA,149,left,0
11089,11090,3,6658.42,5892.98,2360.6399999999994,1.0,11089,303,BLAa,BLA,149,left,0
11090,11091,3,6657.08,5891.12,2361.119999999999,1.0,11090,303,BLAa,BLA,149,left,0
11091,11092,3,6655.54,5889.8,2362.459999999999,0.83203125,11091,303,BLAa,BLA,149,left,0
11092,11093,3,6653.9400000000005,5888.04,2363.08,0.5,11092,303,BLAa,BLA,149,left,0
11093,11094,3,6652.06,5886.32,2364.32,0.91796875,11093,303,BLAa,BLA,149,left,0
11094,11095,3,6649.92,5883.92,2365.1399999999994,0.91796875,11094,303,BLAa,BLA,149,left,0
11095,11096,3,6647.84,5882.820000000001,2365.6800000000003,1.0,11095,303,BLAa,BLA,149,left,0
11096,11097,3,6645.599999999999,5881.7,2367.0599999999995,0.91796875,11096,303,BLAa,BLA,149,left,0
11097,11098,3,6643.099999999999,5880.52,2368.0600000000013,1.0,11097,303,BLAa,BLA,149,left,0
11098,11099,3,6641.58,5879.740000000001,2369.199999999999,1.0,11098,303,BLAa,BLA,149,left,0
11099,11100,3,6639.76,5878.8,2370.620000000001,1.0,11099,303,BLAa,BLA,149,left,0
11100,11101,3,6638.16,5877.759999999999,2371.040000000001,1.0,11100,303,BLAa,BLA,149,left,0
11101,11102,3,6636.68,5875.639999999999,2371.380000000001,1.0,11101,303,BLAa,BLA,149,left,0
11102,11103,3,6635.2,5873.7,2371.720000000001,1.0,11102,303,BLAa,BLA,149,left,1
11103,11104,3,6723.28,5984.679999999999,2349.120000000001,0.0546875,8199,303,BLAa,BLA,150,left,0
11104,11105,3,6722.619999999999,5984.24,2351.540000000001,0.91796875,11104,303,BLAa,BLA,150,left,0
11105,11106,3,6720.54,5983.26,2353.26,0.75,11105,303,BLAa,BLA,150,left,0
11106,11107,3,6718.42,5982.26,2354.84,0.75,11106,303,BLAa,BLA,150,left,0
11107,11108,3,6716.82,5981.88,2357.0200000000004,4.66796875,11107,303,BLAa,BLA,150,left,0
11108,11109,3,6716.599999999999,5982.64,2359.1399999999994,3.33203125,11108,303,BLAa,BLA,150,left,0
11109,11110,3,6715.82,5982.32,2361.6800000000003,1.0,11109,303,BLAa,BLA,150,left,0
11110,11111,3,6714.78,5981.799999999999,2362.92,1.0,11110,303,BLAa,BLA,150,left,1
