,ID,type,AP,DV,ML,R,parent,area_ID,area_name,name_use,bratch_ID,side,terminal
0,1,1,6784.740000000001,5940.48,2365.5999999999985,10.58203125,-1,303,BLAa,BLA,1,left,0
34,35,3,6784.58,5942.6,2365.4,1.76171875,1,303,BLAa,BLA,2,left,0
35,36,3,6783.9800000000005,5946.12,2365.1000000000004,6.83203125,35,303,BLAa,BLA,2,left,0
36,37,3,6783.4400000000005,5949.0,2364.460000000001,5.25,36,303,BLAa,BLA,2,left,0
37,38,3,6783.26,5951.12,2362.5,4.5,37,303,BLAa,BLA,2,left,0
38,39,3,6783.66,5952.26,2359.98,3.66796875,38,303,BLAa,BLA,2,left,0
39,40,3,6783.48,5953.4400000000005,2357.7800000000007,3.08203125,39,303,BLAa,BLA,2,left,0
40,41,3,6782.1,5956.02,2357.3,0.0859375,40,303,BLAa,BLA,2,left,0
41,42,3,6784.740000000001,5942.94,2365.3599999999988,0.8828125,1,303,BLAa,BLA,3,left,0
42,43,3,6785.9400000000005,5944.34,2364.199999999999,6.33203125,42,303,BLAa,BLA,3,left,0
43,44,3,6787.34,5945.06,2362.58,6.33203125,43,303,BLAa,BLA,3,left,0
44,45,3,6787.16,5948.48,2361.82,0.3515625,44,303,BLAa,BLA,3,left,0
45,46,3,6788.719999999999,5950.700000000001,2361.4400000000005,3.58203125,45,303,BLAa,BLA,3,left,0
46,47,3,6790.18,5952.240000000001,2361.16,2.25,46,303,BLAa,BLA,3,left,0
47,48,3,6792.240000000001,5953.76,2360.84,1.91796875,47,303,BLAa,BLA,3,left,0
48,49,3,6794.0,5954.5,2360.5999999999985,1.83203125,48,303,BLAa,BLA,3,left,0
49,50,3,6793.9400000000005,5957.4800000000005,2362.4,0.06640625,49,303,BLAa,BLA,3,left,0
50,51,3,6785.78,5940.66,2365.6800000000003,0.5,1,303,BLAa,BLA,4,left,0
51,52,3,6786.82,5940.860000000001,2365.779999999999,0.5,51,303,BLAa,BLA,4,left,0
52,53,3,6787.86,5941.06,2365.8600000000006,0.5,52,303,BLAa,BLA,4,left,0
53,54,3,6788.88,5941.26,2365.9400000000005,0.5,53,303,BLAa,BLA,4,left,0
54,55,3,6789.92,5941.459999999999,2366.0200000000004,0.5,54,303,BLAa,BLA,4,left,0
55,56,3,6790.96,5941.639999999999,2366.1000000000004,0.5,55,303,BLAa,BLA,4,left,0
56,57,3,6792.0,5941.84,2366.2000000000007,0.5,56,303,BLAa,BLA,4,left,0
57,58,3,6793.02,5942.039999999999,2366.2800000000007,0.5,57,303,BLAa,BLA,4,left,0
58,59,3,6794.06,5942.240000000001,2366.3600000000006,0.5,58,303,BLAa,BLA,4,left,0
59,60,3,6795.1,5942.4400000000005,2366.4400000000005,0.5,59,303,BLAa,BLA,4,left,0
60,61,3,6796.14,5942.64,2366.540000000001,0.5,60,303,BLAa,BLA,4,left,0
61,62,3,6797.179999999999,5942.820000000001,2366.620000000001,0.5,61,303,BLAa,BLA,4,left,0
62,63,3,6798.200000000001,5943.02,2366.699999999999,0.5,62,303,BLAa,BLA,4,left,0
63,64,3,6799.24,5943.22,2366.7800000000007,0.5,63,303,BLAa,BLA,4,left,0
64,65,3,6797.26,5942.039999999999,2367.9400000000005,0.015625,64,303,BLAa,BLA,4,left,0
65,66,3,6797.4800000000005,5940.68,2370.7000000000007,1.25,65,303,BLAa,BLA,4,left,0
66,67,3,6797.72,5940.2,2373.379999999999,0.75,66,303,BLAa,BLA,4,left,0
67,68,3,6798.139999999999,5938.9400000000005,2376.4,0.91796875,67,303,BLAa,BLA,4,left,0
68,69,3,6798.379999999999,5937.6,2380.16,0.91796875,68,303,BLAa,BLA,4,left,0
69,70,3,6797.92,5935.62,2382.1800000000003,1.0,69,303,BLAa,BLA,4,left,0
70,71,3,6796.900000000001,5934.539999999999,2383.300000000001,1.0,70,303,BLAa,BLA,4,left,0
71,72,3,6785.62,5940.5,2364.82,0.5,1,303,BLAa,BLA,5,left,0
72,73,3,6786.4800000000005,5940.5,2364.040000000001,0.5,72,303,BLAa,BLA,5,left,0
73,74,3,6787.34,5940.52,2363.26,0.5,73,303,BLAa,BLA,5,left,0
74,75,3,6788.200000000001,5940.54,2362.48,0.5,74,303,BLAa,BLA,5,left,0
75,76,3,6789.08,5940.56,2361.699999999999,0.5,75,303,BLAa,BLA,5,left,0
76,77,3,6789.9400000000005,5940.58,2360.92,0.5,76,303,BLAa,BLA,5,left,0
77,78,3,6790.82,5940.599999999999,2360.119999999999,0.5,77,303,BLAa,BLA,5,left,0
78,79,3,6791.68,5940.62,2359.34,0.5,78,303,BLAa,BLA,5,left,0
79,80,3,6792.54,5940.639999999999,2358.5599999999995,0.5,79,303,BLAa,BLA,5,left,0
80,81,3,6793.42,5940.66,2357.7800000000007,0.5,80,303,BLAa,BLA,5,left,0
81,82,3,6794.28,5940.68,2357.0,0.5,81,303,BLAa,BLA,5,left,0
82,83,3,6795.14,5940.68,2356.22,0.5,82,303,BLAa,BLA,5,left,0
83,84,3,6796.02,5940.700000000001,2355.4400000000005,0.5,83,303,BLAa,BLA,5,left,0
84,85,3,6796.88,5940.72,2354.66,0.5,84,303,BLAa,BLA,5,left,0
85,86,3,6797.74,5940.74,2353.880000000001,0.5,85,303,BLAa,BLA,5,left,0
86,87,3,6798.62,5940.76,2353.0999999999985,0.5,86,303,BLAa,BLA,5,left,0
87,88,3,6799.48,5940.78,2352.32,0.5,87,303,BLAa,BLA,5,left,0
88,89,3,6800.36,5940.8,2351.540000000001,0.5,88,303,BLAa,BLA,5,left,0
89,90,3,6801.219999999999,5940.82,2350.76,0.5,89,303,BLAa,BLA,5,left,0
90,91,3,6802.1,5940.839999999999,2349.98,0.5,90,303,BLAa,BLA,5,left,0
91,92,3,6802.960000000001,5940.860000000001,2349.1800000000003,0.5,91,303,BLAa,BLA,5,left,0
92,93,3,6803.84,5940.879999999999,2348.4,0.5,92,303,BLAa,BLA,5,left,0
93,94,3,6804.700000000001,5940.879999999999,2347.619999999999,0.5,93,303,BLAa,BLA,5,left,0
94,95,3,6805.56,5940.900000000001,2346.84,0.5,94,303,BLAa,BLA,5,left,0
95,96,3,6807.759999999999,5941.76,2346.2800000000007,0.02734375,95,303,BLAa,BLA,5,left,0
96,97,3,6809.880000000001,5942.84,2343.3600000000006,1.33203125,96,303,BLAa,BLA,5,left,0
97,98,3,6810.9400000000005,5943.7,2341.4400000000005,1.33203125,97,303,BLAa,BLA,5,left,0
98,99,3,6811.88,5945.320000000001,2340.5,1.83203125,98,303,BLAa,BLA,5,left,0
99,100,3,6813.5,5946.459999999999,2340.26,1.0,99,303,BLAa,BLA,5,left,0
100,101,3,6813.84,5948.3,2339.08,1.33203125,100,303,BLAa,BLA,5,left,0
101,102,3,6813.64,5949.539999999999,2337.039999999999,2.08203125,101,303,BLAa,BLA,5,left,0
102,103,3,6814.2,5950.879999999999,2335.58,1.41796875,102,303,BLAa,BLA,5,left,0
103,104,3,6814.56,5952.92,2335.34,2.33203125,103,303,BLAa,BLA,5,left,0
104,105,3,6815.839999999999,5954.02,2335.119999999999,2.0,104,303,BLAa,BLA,5,left,0
105,106,3,6785.860000000001,5940.460000000001,2365.380000000001,0.5,1,303,BLAa,BLA,6,left,0
106,107,3,6786.98,5940.460000000001,2365.1399999999994,0.5,106,303,BLAa,BLA,6,left,0
107,108,3,6788.08,5940.460000000001,2364.92,0.5,107,303,BLAa,BLA,6,left,0
108,109,3,6789.2,5940.460000000001,2364.6800000000003,0.5,108,303,BLAa,BLA,6,left,0
109,110,3,6790.320000000001,5940.44,2364.460000000001,0.5,109,303,BLAa,BLA,6,left,0
110,111,3,6791.42,5940.460000000001,2364.220000000001,0.5,110,303,BLAa,BLA,6,left,0
111,112,3,6792.54,5940.44,2364.0,0.5,111,303,BLAa,BLA,6,left,0
112,113,3,6793.64,5940.44,2363.76,0.5,112,303,BLAa,BLA,6,left,0
113,114,3,6794.76,5940.44,2363.540000000001,0.5,113,303,BLAa,BLA,6,left,0
114,115,3,6795.879999999999,5940.44,2363.32,0.5,114,303,BLAa,BLA,6,left,0
115,116,3,6797.0,5940.44,2363.08,0.5,115,303,BLAa,BLA,6,left,0
116,117,3,6798.12,5940.42,2362.8599999999988,0.5,116,303,BLAa,BLA,6,left,0
117,118,3,6799.22,5940.42,2362.619999999999,0.5,117,303,BLAa,BLA,6,left,0
118,119,3,6800.34,5940.42,2362.4,0.5,118,303,BLAa,BLA,6,left,0
119,120,3,6801.459999999999,5940.42,2362.16,0.5,119,303,BLAa,BLA,6,left,0
120,121,3,6802.58,5940.42,2361.9399999999987,0.5,120,303,BLAa,BLA,6,left,0
121,122,3,6803.68,5940.4,2361.699999999999,0.5,121,303,BLAa,BLA,6,left,0
122,123,3,6804.8,5940.4,2361.48,0.5,122,303,BLAa,BLA,6,left,0
123,124,3,6805.92,5940.4,2361.24,0.5,123,303,BLAa,BLA,6,left,0
124,125,3,6807.039999999999,5940.4,2361.0200000000004,0.5,124,303,BLAa,BLA,6,left,0
125,126,3,6808.139999999999,5940.4,2360.800000000001,0.5,125,303,BLAa,BLA,6,left,0
126,127,3,6809.26,5940.4,2360.5600000000013,0.5,126,303,BLAa,BLA,6,left,0
127,128,3,6810.38,5940.4,2360.34,0.5,127,303,BLAa,BLA,6,left,0
128,129,3,6785.58,5940.08,2364.8600000000006,0.5,1,303,BLAa,BLA,7,left,0
129,130,3,6786.42,5939.679999999999,2364.1000000000004,0.5,129,303,BLAa,BLA,7,left,0
130,131,3,6787.26,5939.299999999999,2363.3600000000006,0.5,130,303,BLAa,BLA,7,left,0
131,132,3,6788.08,5938.9,2362.619999999999,0.5,131,303,BLAa,BLA,7,left,0
132,133,3,6788.92,5938.5,2361.8600000000006,0.5,132,303,BLAa,BLA,7,left,0
133,134,3,6789.76,5938.12,2361.119999999999,0.5,133,303,BLAa,BLA,7,left,0
134,135,3,6790.599999999999,5937.72,2360.380000000001,0.5,134,303,BLAa,BLA,7,left,0
135,136,3,6791.4400000000005,5937.32,2359.619999999999,0.5,135,303,BLAa,BLA,7,left,0
136,137,3,6792.26,5936.94,2358.880000000001,0.5,136,303,BLAa,BLA,7,left,0
137,138,3,6793.099999999999,5936.54,2358.1399999999994,0.5,137,303,BLAa,BLA,7,left,0
138,139,3,6793.9400000000005,5936.16,2357.380000000001,0.5,138,303,BLAa,BLA,7,left,0
139,140,3,6794.78,5935.76,2356.6399999999994,0.5,139,303,BLAa,BLA,7,left,0
140,141,3,6795.62,5935.36,2355.9,0.5,140,303,BLAa,BLA,7,left,0
141,142,3,6796.459999999999,5934.9800000000005,2355.1399999999994,0.5,141,303,BLAa,BLA,7,left,0
142,143,3,6797.3,5934.6,2354.400000000001,0.5,142,303,BLAa,BLA,7,left,0
143,144,3,6798.139999999999,5934.2,2353.66,0.5,143,303,BLAa,BLA,7,left,0
144,145,3,6798.959999999999,5933.8,2352.9,0.5,144,303,BLAa,BLA,7,left,0
145,146,3,6799.8,5933.42,2352.16,0.5,145,303,BLAa,BLA,7,left,0
146,147,3,6800.639999999999,5933.02,2351.4,0.5,146,303,BLAa,BLA,7,left,0
147,148,3,6801.4800000000005,5932.64,2350.66,0.5,147,303,BLAa,BLA,7,left,0
148,149,3,6803.400000000001,5932.9,2350.220000000001,0.02734375,148,303,BLAa,BLA,7,left,0
149,150,3,6803.959999999999,5931.72,2348.66,1.0,149,303,BLAa,BLA,7,left,0
150,151,3,6804.84,5930.58,2346.4400000000005,0.66796875,150,303,BLAa,BLA,7,left,0
151,152,3,6806.42,5929.539999999999,2344.5,0.91796875,151,303,BLAa,BLA,7,left,0
152,153,3,6809.6,5927.36,2341.2000000000007,0.91796875,152,303,BLAa,BLA,7,left,0
153,154,3,6811.459999999999,5926.7,2339.3600000000006,1.0,153,303,BLAa,BLA,7,left,0
154,155,3,6813.959999999999,5926.219999999999,2337.7000000000007,1.08203125,154,303,BLAa,BLA,7,left,0
155,156,3,6815.74,5925.92,2336.720000000001,0.5,155,303,BLAa,BLA,7,left,0
156,157,3,6817.98,5925.74,2336.22,0.91796875,156,303,BLAa,BLA,7,left,0
157,158,3,6819.44,5926.36,2335.040000000001,0.75,157,303,BLAa,BLA,7,left,0
158,159,3,6821.84,5927.4,2334.5,1.0,158,303,BLAa,BLA,7,left,0
159,160,3,6824.02,5928.339999999999,2334.220000000001,1.0,159,303,BLAa,BLA,7,left,0
160,161,3,6824.92,5928.8,2332.9400000000005,0.16796875,160,303,BLAa,BLA,7,left,0
161,162,3,6827.4400000000005,5928.719999999999,2332.039999999999,0.66796875,161,303,BLAa,BLA,7,left,0
162,163,3,6829.099999999999,5927.92,2331.16,1.25,162,303,BLAa,BLA,7,left,0
163,164,3,6785.54,5939.84,2365.0,0.5,1,303,BLAa,BLA,8,left,0
164,165,3,6786.34,5939.22,2364.379999999999,0.5,164,303,BLAa,BLA,8,left,0
165,166,3,6787.14,5938.6,2363.7800000000007,0.5,165,303,BLAa,BLA,8,left,0
166,167,3,6787.94,5937.960000000001,2363.1800000000003,0.5,166,303,BLAa,BLA,8,left,0
167,168,3,6788.76,5937.34,2362.5599999999995,0.5,167,303,BLAa,BLA,8,left,0
168,169,3,6789.56,5936.7,2361.960000000001,0.5,168,303,BLAa,BLA,8,left,0
169,170,3,6790.36,5936.08,2361.3600000000006,0.5,169,303,BLAa,BLA,8,left,0
170,171,3,6791.16,5935.460000000001,2360.74,0.5,170,303,BLAa,BLA,8,left,0
171,172,3,6791.96,5934.84,2360.1399999999994,0.5,171,303,BLAa,BLA,8,left,0
172,173,3,6792.759999999999,5934.22,2359.5200000000004,0.5,172,303,BLAa,BLA,8,left,0
173,174,3,6793.56,5933.58,2358.92,0.5,173,303,BLAa,BLA,8,left,0
174,175,3,6794.360000000001,5932.960000000001,2358.300000000001,0.5,174,303,BLAa,BLA,8,left,0
175,176,3,6795.16,5932.34,2357.7000000000007,0.5,175,303,BLAa,BLA,8,left,0
176,177,3,6795.96,5931.72,2357.1000000000004,0.5,176,303,BLAa,BLA,8,left,0
177,178,3,6796.78,5931.1,2356.48,0.5,177,303,BLAa,BLA,8,left,0
178,179,3,6797.58,5930.460000000001,2355.879999999999,0.5,178,303,BLAa,BLA,8,left,0
179,180,3,6798.379999999999,5929.84,2355.26,0.5,179,303,BLAa,BLA,8,left,0
180,181,3,6799.18,5929.22,2354.66,0.5,180,303,BLAa,BLA,8,left,0
181,182,3,6799.9800000000005,5928.6,2354.0599999999995,0.5,181,303,BLAa,BLA,8,left,0
182,183,3,6799.160000000001,5926.26,2354.0200000000004,0.02734375,182,303,BLAa,BLA,8,left,0
183,184,3,6799.78,5922.179999999999,2353.619999999999,1.0,183,303,BLAa,BLA,8,left,0
184,185,3,6800.599999999999,5917.68,2354.0200000000004,1.0,184,303,BLAa,BLA,8,left,0
185,186,3,6801.26,5914.06,2354.4399999999987,0.91796875,185,303,BLAa,BLA,8,left,0
186,187,3,6801.74,5911.639999999999,2355.48,0.58203125,186,303,BLAa,BLA,8,left,0
187,188,3,6802.4,5908.28,2356.720000000001,1.0,187,303,BLAa,BLA,8,left,0
188,189,3,6802.74,5906.599999999999,2357.619999999999,1.0,188,303,BLAa,BLA,8,left,0
189,190,3,6802.039999999999,5904.46,2358.0,0.11328125,189,303,BLAa,BLA,8,left,0
190,191,3,6802.36,5901.799999999999,2358.26,1.0,190,303,BLAa,BLA,8,left,0
191,192,3,6802.02,5899.02,2358.58,1.0,191,303,BLAa,BLA,8,left,0
192,193,3,6800.66,5897.200000000001,2359.040000000001,0.75,192,303,BLAa,BLA,8,left,0
193,194,3,6799.96,5895.14,2360.380000000001,1.0,193,303,BLAa,BLA,8,left,0
194,195,3,6800.08,5892.619999999999,2360.8600000000006,1.0,194,303,BLAa,BLA,8,left,0
195,196,3,6799.76,5890.14,2362.279999999999,1.0,195,303,BLAa,BLA,8,left,0
196,197,3,6799.9,5887.219999999999,2364.0,1.0,196,303,BLAa,BLA,8,left,0
197,198,3,6799.5,5885.639999999999,2365.220000000001,1.0,197,303,BLAa,BLA,8,left,0
198,199,3,6799.8,5883.52,2365.92,1.0,198,303,BLAa,BLA,8,left,0
199,200,3,6785.66,5940.280000000001,2364.9400000000005,0.5,1,303,BLAa,BLA,9,left,0
200,201,3,6786.58,5940.1,2364.3,0.5,200,303,BLAa,BLA,9,left,0
201,202,3,6787.5,5939.92,2363.6399999999994,0.5,201,303,BLAa,BLA,9,left,0
202,203,3,6788.42,5939.719999999999,2363.0,0.5,202,303,BLAa,BLA,9,left,0
203,204,3,6789.34,5939.539999999999,2362.34,0.5,203,303,BLAa,BLA,9,left,0
204,205,3,6790.24,5939.360000000001,2361.6800000000003,0.5,204,303,BLAa,BLA,9,left,0
205,206,3,6791.16,5939.18,2361.0200000000004,0.5,205,303,BLAa,BLA,9,left,0
206,207,3,6792.08,5938.9800000000005,2360.380000000001,0.5,206,303,BLAa,BLA,9,left,0
207,208,3,6793.0,5938.8,2359.72,0.5,207,303,BLAa,BLA,9,left,0
208,209,3,6793.92,5938.62,2359.0599999999995,0.5,208,303,BLAa,BLA,9,left,0
209,210,3,6794.84,5938.4400000000005,2358.42,0.5,209,303,BLAa,BLA,9,left,0
210,211,3,6795.76,5938.24,2357.76,0.5,210,303,BLAa,BLA,9,left,0
211,212,3,6796.68,5938.06,2357.1000000000004,0.5,211,303,BLAa,BLA,9,left,0
212,213,3,6797.6,5937.88,2356.459999999999,0.5,212,303,BLAa,BLA,9,left,0
213,214,3,6798.52,5937.7,2355.800000000001,0.5,213,303,BLAa,BLA,9,left,0
214,215,3,6799.44,5937.52,2355.16,0.5,214,303,BLAa,BLA,9,left,0
215,216,3,6800.36,5937.32,2354.5,0.5,215,303,BLAa,BLA,9,left,0
216,217,3,6801.280000000001,5937.14,2353.84,0.5,216,303,BLAa,BLA,9,left,0
217,218,3,6802.200000000001,5936.96,2353.1800000000003,0.5,217,303,BLAa,BLA,9,left,0
218,219,3,6803.12,5936.78,2352.540000000001,0.5,218,303,BLAa,BLA,9,left,0
219,220,3,6804.06,5936.599999999999,2351.879999999999,0.5,219,303,BLAa,BLA,9,left,0
220,221,3,6804.96,5936.4,2351.24,0.5,220,303,BLAa,BLA,9,left,0
221,222,3,6805.900000000001,5936.219999999999,2350.58,0.5,221,303,BLAa,BLA,9,left,0
222,223,3,6808.42,5936.92,2350.040000000001,0.03515625,222,303,BLAa,BLA,9,left,0
223,224,3,6810.700000000001,5937.58,2349.76,1.25,223,303,BLAa,BLA,9,left,0
224,225,3,6811.639999999999,5936.660000000001,2349.5200000000004,0.13671875,224,303,BLAa,BLA,9,left,0
225,226,3,6813.52,5936.4400000000005,2348.0600000000013,0.91796875,225,303,BLAa,BLA,9,left,0
226,227,3,6815.96,5937.08,2346.0599999999995,0.66796875,226,303,BLAa,BLA,9,left,0
227,228,3,6818.0,5936.52,2345.1000000000004,1.0,227,303,BLAa,BLA,9,left,0
228,229,3,6819.52,5935.66,2344.8,0.83203125,228,303,BLAa,BLA,9,left,0
229,230,3,6821.4800000000005,5936.34,2343.16,0.91796875,229,303,BLAa,BLA,9,left,0
230,231,3,6823.400000000001,5937.240000000001,2341.7800000000007,1.08203125,230,303,BLAa,BLA,9,left,0
231,232,3,6825.36,5938.379999999999,2340.2000000000007,0.91796875,231,303,BLAa,BLA,9,left,0
232,233,3,6826.98,5940.36,2338.8600000000006,1.08203125,232,303,BLAa,BLA,9,left,0
233,234,3,6828.540000000001,5942.26,2338.0200000000004,1.08203125,233,303,BLAa,BLA,9,left,0
234,235,3,6830.54,5943.9800000000005,2336.900000000001,0.91796875,234,303,BLAa,BLA,9,left,0
235,236,3,6831.860000000001,5945.639999999999,2335.7000000000007,0.83203125,235,303,BLAa,BLA,9,left,0
236,237,3,6833.200000000001,5947.32,2334.42,1.0,236,303,BLAa,BLA,9,left,0
237,238,3,6835.08,5949.84,2333.76,1.0,237,303,BLAa,BLA,9,left,0
238,239,3,6836.54,5951.56,2332.619999999999,0.83203125,238,303,BLAa,BLA,9,left,0
239,240,3,6838.06,5953.52,2331.92,1.0,239,303,BLAa,BLA,9,left,0
240,241,3,6840.280000000001,5955.54,2331.3600000000006,1.0,240,303,BLAa,BLA,9,left,0
241,242,3,6841.52,5956.98,2330.26,0.91796875,241,303,BLAa,BLA,9,left,0
242,243,3,6843.64,5959.24,2329.5,1.0,242,303,BLAa,BLA,9,left,0
243,244,3,6846.16,5960.460000000001,2328.619999999999,1.0,243,303,BLAa,BLA,9,left,0
244,245,3,6847.7,5961.32,2327.619999999999,0.91796875,244,303,BLAa,BLA,9,left,0
245,246,3,6849.42,5963.3,2327.22,1.0,245,303,BLAa,BLA,9,left,0
246,247,3,6851.040000000001,5964.42,2326.98,0.91796875,246,303,BLAa,BLA,9,left,0
247,248,3,6852.52,5966.2,2326.6800000000003,1.0,247,303,BLAa,BLA,9,left,0
248,249,3,6854.139999999999,5967.32,2326.42,0.91796875,248,303,BLAa,BLA,9,left,0
249,250,3,6855.62,5969.08,2326.1399999999994,1.0,249,303,BLAa,BLA,9,left,0
250,251,3,6857.5,5970.639999999999,2325.82,1.0,250,303,BLAa,BLA,9,left,0
251,252,3,6858.540000000001,5971.96,2325.5999999999985,1.0,251,303,BLAa,BLA,9,left,0
252,253,3,6861.599999999999,5973.92,2325.16,0.03515625,252,303,BLAa,BLA,9,left,0
253,254,3,6863.339999999999,5975.98,2324.82,1.0,253,303,BLAa,BLA,9,left,0
254,255,3,6864.44,5977.56,2324.34,0.1796875,254,303,BLAa,BLA,9,left,0
255,256,3,6864.38,5977.52,2323.1800000000003,1.08203125,255,303,BLAa,BLA,9,left,0
256,257,3,6866.72,5978.76,2322.8599999999988,1.33203125,256,311,BLAp,BLA,9,left,0
257,258,3,6868.9,5979.64,2322.6000000000004,1.58203125,257,311,BLAp,BLA,9,left,0
1097,1098,3,6781.14,5959.5,2357.0200000000004,0.00390625,41,303,BLAa,BLA,12,left,0
1098,1099,3,6779.38,5955.06,2358.459999999999,0.00390625,41,303,BLAa,BLA,13,left,0
1099,1100,3,6776.639999999999,5953.86,2359.3600000000006,1.08203125,1099,303,BLAa,BLA,13,left,0
1100,1101,3,6774.48,5952.94,2359.640000000001,1.0,1100,303,BLAa,BLA,13,left,0
1101,1102,3,6772.780000000001,5952.16,2360.5200000000004,1.25,1101,303,BLAa,BLA,13,left,0
1102,1103,3,6771.06,5951.32,2362.0200000000004,1.33203125,1102,303,BLAa,BLA,13,left,0
1103,1104,3,6767.86,5949.880000000001,2363.300000000001,1.0,1103,303,BLAa,BLA,13,left,0
1104,1105,3,6765.700000000001,5948.959999999999,2363.58,1.0,1104,303,BLAa,BLA,13,left,0
1105,1106,3,6764.04,5948.339999999999,2364.4399999999987,1.0,1105,303,BLAa,BLA,13,left,0
1106,1107,3,6762.34,5948.5,2365.6800000000003,0.5,1106,303,BLAa,BLA,13,left,0
1107,1108,3,6758.8,5947.42,2367.119999999999,1.0,1107,303,BLAa,BLA,13,left,0
1108,1109,3,6756.3,5947.0,2367.380000000001,1.0,1108,303,BLAa,BLA,13,left,0
1109,1110,3,6754.46,5947.12,2367.5200000000004,1.0,1109,303,BLAa,BLA,13,left,0
1110,1111,3,6752.72,5946.4400000000005,2367.74,0.11328125,1110,303,BLAa,BLA,13,left,0
1111,1112,3,6750.280000000001,5945.14,2368.08,1.66796875,1111,303,BLAa,BLA,13,left,0
1112,1113,3,6748.48,5942.98,2368.459999999999,1.0,1112,303,BLAa,BLA,13,left,0
1113,1114,3,6746.459999999999,5938.719999999999,2369.0599999999995,1.0,1113,303,BLAa,BLA,13,left,0
1114,1115,3,6745.16,5936.799999999999,2369.1399999999994,0.91796875,1114,303,BLAa,BLA,13,left,0
1115,1116,3,6743.86,5935.62,2368.3600000000006,1.0,1115,303,BLAa,BLA,13,left,0
1116,1117,3,6742.3,5933.5,2368.5599999999995,0.91796875,1116,303,BLAa,BLA,13,left,0
1117,1118,3,6740.14,5930.56,2369.040000000001,1.0,1117,303,BLAa,BLA,13,left,0
1118,1119,3,6738.6,5927.820000000001,2369.460000000001,1.0,1118,303,BLAa,BLA,13,left,0
1119,1120,3,6735.98,5925.98,2369.8600000000006,1.0,1119,303,BLAa,BLA,13,left,0
1120,1121,3,6733.379999999999,5924.84,2370.1000000000004,0.91796875,1120,303,BLAa,BLA,13,left,0
1121,1122,3,6732.240000000001,5924.400000000001,2369.32,1.41796875,1121,303,BLAa,BLA,13,left,0
1122,1123,3,6731.32,5922.759999999999,2370.5200000000004,0.1171875,1122,303,BLAa,BLA,13,left,0
1123,1124,3,6728.42,5920.320000000001,2371.1000000000004,1.0,1123,303,BLAa,BLA,13,left,0
1124,1125,3,6726.5,5918.48,2371.960000000001,1.0,1124,303,BLAa,BLA,13,left,0
1125,1126,3,6724.44,5916.84,2373.16,0.83203125,1125,303,BLAa,BLA,13,left,0
1126,1127,3,6722.86,5915.14,2373.6800000000003,0.66796875,1126,303,BLAa,BLA,13,left,0
1127,1128,3,6721.459999999999,5914.34,2374.880000000001,1.0,1127,303,BLAa,BLA,13,left,0
1128,1129,3,6719.099999999999,5913.28,2375.42,1.0,1128,303,BLAa,BLA,13,left,0
1129,1130,3,6716.860000000001,5911.620000000001,2375.84,1.0,1129,303,BLAa,BLA,13,left,0
1130,1131,3,6715.48,5910.04,2376.74,0.91796875,1130,303,BLAa,BLA,13,left,0
1131,1132,3,6712.7,5908.6,2378.42,1.0,1131,303,BLAa,BLA,13,left,0
1132,1133,3,6710.74,5907.68,2379.460000000001,0.91796875,1132,303,BLAa,BLA,13,left,0
1133,1134,3,6708.42,5906.620000000001,2379.84,1.0,1133,303,BLAa,BLA,13,left,0
1134,1135,3,6793.76,5958.7,2362.9400000000005,0.00390625,50,303,BLAa,BLA,14,left,0
1135,1136,3,6792.5,5957.0,2362.1000000000004,0.01171875,50,303,BLAa,BLA,15,left,0
1136,1137,3,6790.72,5956.219999999999,2363.08,1.5,1136,303,BLAa,BLA,15,left,0
1137,1138,3,6788.0,5955.0,2364.08,2.16796875,1137,303,BLAa,BLA,15,left,0
1138,1139,3,6787.08,5956.0,2365.0599999999995,1.83203125,1138,303,BLAa,BLA,15,left,0
1139,1140,3,6786.620000000001,5958.52,2365.0,1.0,1139,303,BLAa,BLA,15,left,0
1140,1141,3,6785.16,5959.32,2366.1000000000004,0.0546875,1140,303,BLAa,BLA,15,left,0
1141,1142,3,6783.28,5960.62,2366.82,0.83203125,1141,303,BLAa,BLA,15,left,0
1142,1143,3,6781.42,5960.96,2367.82,0.91796875,1142,303,BLAa,BLA,15,left,0
1143,1144,3,6778.4400000000005,5961.56,2368.1800000000003,1.0,1143,303,BLAa,BLA,15,left,0
1144,1145,3,6776.1,5961.42,2368.4,0.91796875,1144,303,BLAa,BLA,15,left,0
1145,1146,3,6774.46,5961.860000000001,2368.8600000000006,0.91796875,1145,303,BLAa,BLA,15,left,0
1146,1147,3,6772.799999999999,5961.280000000001,2369.92,1.0,1146,303,BLAa,BLA,15,left,0
1147,1148,3,6770.68,5961.1,2370.2800000000007,1.16796875,1147,303,BLAa,BLA,15,left,0
1148,1149,3,6768.719999999999,5961.74,2370.380000000001,0.91796875,1148,303,BLAa,BLA,15,left,0
1149,1150,3,6765.92,5962.820000000001,2370.5200000000004,1.0,1149,303,BLAa,BLA,15,left,0
1150,1151,3,6762.820000000001,5962.960000000001,2370.779999999999,1.0,1150,303,BLAa,BLA,15,left,0
1151,1152,3,6760.860000000001,5963.88,2370.84,0.83203125,1151,303,BLAa,BLA,15,left,0
1152,1153,3,6758.66,5963.84,2371.040000000001,0.08984375,1152,303,BLAa,BLA,15,left,0
1153,1154,3,6756.72,5964.28,2371.16,1.0,1153,303,BLAa,BLA,15,left,0
1154,1155,3,6754.52,5964.9,2371.2800000000007,1.08203125,1154,303,BLAa,BLA,15,left,0
1155,1156,3,6752.84,5965.280000000001,2371.4,1.16796875,1155,303,BLAa,BLA,15,left,0
1156,1157,3,6749.9800000000005,5964.700000000001,2371.699999999999,1.16796875,1156,303,BLAa,BLA,15,left,0
1157,1158,3,6747.960000000001,5964.120000000001,2371.9399999999987,2.0,1157,303,BLAa,BLA,15,left,0
1158,1159,3,6746.14,5964.62,2372.039999999999,1.0,1158,303,BLAa,BLA,15,left,0
1159,1160,3,6744.2,5965.02,2372.1800000000003,0.75,1159,303,BLAa,BLA,15,left,0
1160,1161,3,6741.660000000001,5965.52,2372.34,0.58203125,1160,303,BLAa,BLA,15,left,0
1161,1162,3,6739.32,5965.36,2372.5599999999995,1.0,1161,303,BLAa,BLA,15,left,0
1162,1163,3,6737.64,5965.860000000001,2372.279999999999,0.91796875,1162,303,BLAa,BLA,15,left,0
1163,1164,3,6735.38,5965.72,2371.58,0.91796875,1163,303,BLAa,BLA,15,left,0
1164,1165,3,6732.86,5965.700000000001,2371.2000000000007,1.0,1164,303,BLAa,BLA,15,left,0
1165,1166,3,6731.040000000001,5965.22,2370.58,1.16796875,1165,303,BLAa,BLA,15,left,0
1166,1167,3,6729.34,5965.700000000001,2370.5999999999985,0.66796875,1166,303,BLAa,BLA,15,left,0
1167,1168,3,6726.92,5964.9400000000005,2370.9,1.0,1167,303,BLAa,BLA,15,left,0
1168,1169,3,6724.78,5964.02,2371.1800000000003,1.0,1168,303,BLAa,BLA,15,left,0
1169,1170,3,6723.06,5964.0,2371.34,1.0,1169,303,BLAa,BLA,15,left,0
1170,1171,3,6721.36,5964.52,2371.42,0.83203125,1170,303,BLAa,BLA,15,left,0
1171,1172,3,6718.780000000001,5965.860000000001,2372.1800000000003,0.5,1171,303,BLAa,BLA,15,left,0
1172,1173,3,6717.02,5966.72,2372.92,0.66796875,1172,303,BLAa,BLA,15,left,0
1173,1174,3,6714.719999999999,5966.68,2373.1800000000003,0.0546875,1173,303,BLAa,BLA,15,left,0
1174,1175,3,6711.7,5968.42,2373.279999999999,1.25,1174,303,BLAa,BLA,15,left,0
1175,1176,3,6709.96,5970.320000000001,2372.66,0.91796875,1175,303,BLAa,BLA,15,left,0
1176,1177,3,6708.360000000001,5970.280000000001,2371.32,0.83203125,1176,303,BLAa,BLA,15,left,0
1177,1178,3,6705.5,5969.2,2369.84,0.91796875,1177,303,BLAa,BLA,15,left,0
1178,1179,3,6704.02,5968.719999999999,2367.880000000001,1.0,1178,303,BLAa,BLA,15,left,0
1179,1180,3,6700.98,5967.4800000000005,2367.3600000000006,1.0,1179,303,BLAa,BLA,15,left,0
1180,1181,3,6698.84,5966.56,2367.6399999999994,1.0,1180,303,BLAa,BLA,15,left,0
1181,1182,3,6697.58,5965.599999999999,2367.8599999999988,1.0,1181,303,BLAa,BLA,15,left,0
1182,1183,3,6695.900000000001,5963.74,2368.2000000000007,0.91796875,1182,303,BLAa,BLA,15,left,0
1183,1184,3,6693.780000000001,5962.72,2368.26,1.0,1183,303,BLAa,BLA,15,left,0
1184,1185,3,6692.3,5961.7,2367.48,1.0,1184,303,BLAa,BLA,15,left,0
1185,1186,3,6690.52,5959.9400000000005,2367.6000000000004,0.91796875,1185,303,BLAa,BLA,15,left,0
1186,1187,3,6688.18,5958.780000000001,2367.0599999999995,0.58203125,1186,303,BLAa,BLA,15,left,0
1187,1188,3,6686.06,5957.92,2366.6399999999994,1.0,1187,303,BLAa,BLA,15,left,0
1188,1189,3,6684.32,5957.240000000001,2365.8600000000006,0.91796875,1188,303,BLAa,BLA,15,left,0
1189,1190,3,6682.32,5956.72,2365.4,0.83203125,1189,303,BLAa,BLA,15,left,0
1190,1191,3,6681.52,5958.28,2364.539999999999,0.91796875,1190,303,BLAa,BLA,15,left,0
1191,1192,3,6797.960000000001,5935.0,2384.32,0.11328125,71,303,BLAa,BLA,16,left,0
1192,1193,3,6798.06,5935.82,2386.1000000000004,1.41796875,1192,303,BLAa,BLA,16,left,0
1193,1194,3,6798.56,5936.52,2388.300000000001,1.0,1193,303,BLAa,BLA,16,left,0
1194,1195,3,6799.96,5936.92,2390.82,1.0,1194,303,BLAa,BLA,16,left,0
1195,1196,3,6801.2,5937.619999999999,2392.2000000000007,1.0,1195,303,BLAa,BLA,16,left,0
1196,1197,3,6801.599999999999,5939.08,2393.48,1.0,1196,303,BLAa,BLA,16,left,0
1197,1198,3,6801.56,5940.119999999999,2395.48,0.75,1197,303,BLAa,BLA,16,left,0
1198,1199,3,6794.719999999999,5932.02,2384.08,0.02734375,71,303,BLAa,BLA,17,left,0
1199,1200,3,6793.24,5929.64,2385.539999999999,1.0,1199,303,BLAa,BLA,17,left,0
1200,1201,3,6791.900000000001,5927.16,2386.7800000000007,1.08203125,1200,303,BLAa,BLA,17,left,0
1201,1202,3,6791.76,5923.7,2387.84,0.83203125,1201,303,BLAa,BLA,17,left,0
1202,1203,3,6791.52,5921.02,2389.1800000000003,0.5,1202,303,BLAa,BLA,17,left,0
1203,1204,3,6790.299999999999,5918.959999999999,2390.539999999999,1.0,1203,303,BLAa,BLA,17,left,0
1204,1205,3,6789.48,5915.5,2391.6800000000003,1.16796875,1204,303,BLAa,BLA,17,left,0
1205,1206,3,6788.719999999999,5912.94,2392.98,0.83203125,1205,303,BLAa,BLA,17,left,0
1206,1207,3,6787.52,5911.72,2393.6399999999994,0.83203125,1206,303,BLAa,BLA,17,left,0
1207,1208,3,6787.26,5910.06,2394.84,0.91796875,1207,303,BLAa,BLA,17,left,0
1208,1209,3,6787.74,5907.5,2395.220000000001,1.0,1208,303,BLAa,BLA,17,left,0
1209,1210,3,6787.6,5905.259999999999,2395.66,0.91796875,1209,303,BLAa,BLA,17,left,0
1210,1211,3,6786.56,5903.22,2396.960000000001,0.5,1210,303,BLAa,BLA,17,left,0
1211,1212,3,6785.259999999999,5900.96,2398.120000000001,1.08203125,1211,303,BLAa,BLA,17,left,0
1212,1213,3,6783.24,5899.299999999999,2400.0200000000004,0.91796875,1212,303,BLAa,BLA,17,left,0
1213,1214,3,6781.58,5897.200000000001,2401.620000000001,0.5,1213,303,BLAa,BLA,17,left,0
1214,1215,3,6780.02,5895.18,2402.8,0.75,1214,303,BLAa,BLA,17,left,0
1215,1216,3,6777.799999999999,5892.92,2404.3,0.83203125,1215,303,BLAa,BLA,17,left,0
1216,1217,3,6776.34,5891.24,2405.0,0.66796875,1216,303,BLAa,BLA,17,left,0
1217,1218,3,6774.5,5889.9400000000005,2406.48,0.75,1217,303,BLAa,BLA,17,left,0
1218,1219,3,6773.08,5888.139999999999,2407.74,0.91796875,1218,303,BLAa,BLA,17,left,0
1219,1220,3,6771.52,5887.08,2409.08,0.05078125,1219,303,BLAa,BLA,17,left,0
1220,1221,3,6769.64,5885.56,2410.1800000000003,1.0,1220,303,BLAa,BLA,17,left,0
1221,1222,3,6768.16,5883.66,2411.7800000000007,0.75,1221,303,BLAa,BLA,17,left,0
1222,1223,3,6767.1,5882.039999999999,2413.4,0.66796875,1222,303,BLAa,BLA,17,left,0
1223,1224,3,6765.119999999999,5880.460000000001,2414.8,0.58203125,1223,303,BLAa,BLA,17,left,0
1224,1225,3,6762.960000000001,5879.42,2415.82,0.75,1224,303,BLAa,BLA,17,left,0
1225,1226,3,6761.36,5878.400000000001,2417.0599999999995,0.66796875,1225,303,BLAa,BLA,17,left,0
1226,1227,3,6759.9800000000005,5876.72,2417.66,1.0,1226,303,BLAa,BLA,17,left,0
1227,1228,3,6757.74,5875.16,2419.16,0.91796875,1227,303,BLAa,BLA,17,left,0
1228,1229,3,6755.66,5873.9,2419.5599999999995,0.75,1228,303,BLAa,BLA,17,left,0
1229,1230,3,6753.5,5871.639999999999,2419.98,0.91796875,1229,303,BLAa,BLA,17,left,0
1230,1231,3,6750.839999999999,5869.38,2420.380000000001,1.0,1230,303,BLAa,BLA,17,left,0
1231,1232,3,6749.539999999999,5867.94,2419.8600000000006,1.0,1231,303,BLAa,BLA,17,left,0
1232,1233,3,6748.16,5865.599999999999,2419.66,1.0,1232,303,BLAa,BLA,17,left,0
1233,1234,3,6746.3,5861.860000000001,2420.220000000001,0.83203125,1233,303,BLAa,BLA,17,left,0
1234,1235,3,6744.82,5859.82,2420.539999999999,1.0,1234,303,BLAa,BLA,17,left,0
1235,1236,3,6743.22,5857.820000000001,2420.9,1.5,1235,303,BLAa,BLA,17,left,0
1236,1237,3,6741.78,5854.56,2421.3600000000006,1.0,1236,303,BLAa,BLA,17,left,0
1237,1238,3,6740.78,5851.900000000001,2421.699999999999,1.0,1237,303,BLAa,BLA,17,left,0
1238,1239,3,6740.08,5848.42,2422.119999999999,1.08203125,1238,303,BLAa,BLA,17,left,0
1239,1240,3,6739.24,5845.22,2422.5200000000004,1.33203125,1239,303,BLAa,BLA,17,left,0
1240,1241,3,6739.400000000001,5842.1,2422.84,0.83203125,1240,303,BLAa,BLA,17,left,0
1241,1242,3,6739.160000000001,5839.8,2423.08,1.0,1241,303,BLAa,BLA,17,left,0
1242,1243,3,6738.12,5838.74,2423.279999999999,1.0,1242,303,BLAa,BLA,17,left,0
1243,1244,3,6737.960000000001,5835.92,2423.58,1.08203125,1243,303,BLAa,BLA,17,left,0
1244,1245,3,6738.400000000001,5833.099999999999,2423.84,1.0,1244,303,BLAa,BLA,17,left,0
1245,1246,3,6738.26,5830.700000000001,2424.1000000000004,1.0,1245,303,BLAa,BLA,17,left,0
1246,1247,3,6737.08,5828.62,2424.42,0.5,1246,303,BLAa,BLA,17,left,0
1247,1248,3,6735.299999999999,5826.34,2424.8,1.0,1247,303,BLAa,BLA,17,left,0
1248,1249,3,6733.0,5824.64,2425.16,1.16796875,1248,303,BLAa,BLA,17,left,0
1249,1250,3,6732.1,5824.120000000001,2426.459999999999,0.1953125,1249,303,BLAa,BLA,17,left,0
1250,1251,3,6729.64,5822.92,2427.0200000000004,1.0,1250,303,BLAa,BLA,17,left,0
1251,1252,3,6727.72,5821.72,2427.32,1.0,1251,303,BLAa,BLA,17,left,0
1252,1253,3,6725.58,5819.38,2427.74,0.91796875,1252,303,BLAa,BLA,17,left,0
1253,1254,3,6723.48,5818.22,2428.26,0.83203125,1253,303,BLAa,BLA,17,left,0
1254,1255,3,6722.94,5817.02,2429.3600000000006,1.16796875,1254,303,BLAa,BLA,17,left,0
1255,1256,3,6722.58,5814.06,2429.92,1.0,1255,303,BLAa,BLA,17,left,0
1256,1257,3,6721.58,5811.4800000000005,2430.26,1.0,1256,303,BLAa,BLA,17,left,0
1257,1258,3,6720.76,5808.379999999999,2430.66,1.0,1257,303,BLAa,BLA,17,left,0
1258,1259,3,6720.639999999999,5805.24,2430.98,0.83203125,1258,303,BLAa,BLA,17,left,0
1259,1260,3,6719.26,5801.88,2430.76,1.33203125,1259,303,BLAa,BLA,17,left,0
1260,1261,3,6717.98,5799.04,2430.32,0.83203125,1260,303,BLAa,BLA,17,left,0
1261,1262,3,6717.08,5798.0,2429.220000000001,1.0,1261,303,BLAa,BLA,17,left,1
1262,1263,3,6818.58,5955.04,2334.5200000000004,0.11328125,105,303,BLAa,BLA,18,left,0
1263,1264,3,6820.54,5954.9800000000005,2333.3600000000006,0.5,1263,303,BLAa,BLA,18,left,0
1264,1265,3,6822.98,5955.58,2331.74,0.91796875,1264,303,BLAa,BLA,18,left,0
1265,1266,3,6825.04,5956.4800000000005,2330.779999999999,1.16796875,1265,303,BLAa,BLA,18,left,0
1266,1267,3,6827.039999999999,5957.42,2329.220000000001,1.0,1266,303,BLAa,BLA,18,left,0
1267,1268,3,6828.9,5958.28,2327.76,1.0,1267,303,BLAa,BLA,18,left,0
1268,1269,3,6830.9400000000005,5958.32,2326.42,1.25,1268,303,BLAa,BLA,18,left,0
1269,1270,3,6832.28,5958.26,2325.5,1.0,1269,303,BLAa,BLA,18,left,0
1270,1271,3,6834.9,5957.780000000001,2323.84,0.83203125,1270,303,BLAa,BLA,18,left,0
1271,1272,3,6836.14,5957.02,2322.540000000001,0.58203125,1271,303,BLAa,BLA,18,left,0
1272,1273,3,6838.139999999999,5956.36,2321.879999999999,1.0,1272,303,BLAa,BLA,18,left,0
1273,1274,3,6839.58,5955.24,2321.32,1.08203125,1273,303,BLAa,BLA,18,left,0
1274,1275,3,6841.660000000001,5955.24,2320.0,0.75,1274,303,BLAa,BLA,18,left,0
1275,1276,3,6844.04,5954.34,2318.82,1.0,1275,303,BLAa,BLA,18,left,0
1276,1277,3,6845.280000000001,5953.06,2317.960000000001,0.91796875,1276,303,BLAa,BLA,18,left,0
1277,1278,3,6846.96,5952.64,2317.32,1.08203125,1277,303,BLAa,BLA,18,left,0
1278,1279,3,6848.099999999999,5950.320000000001,2317.459999999999,1.0,1278,303,BLAa,BLA,18,left,0
1279,1280,3,6849.34,5948.26,2317.0200000000004,1.25,1279,303,BLAa,BLA,18,left,0
1280,1281,3,6850.08,5946.38,2316.3600000000006,1.25,1280,303,BLAa,BLA,18,left,0
1281,1282,3,6851.639999999999,5945.879999999999,2315.98,1.0,1281,303,BLAa,BLA,18,left,0
1282,1283,3,6852.14,5946.18,2314.74,1.0,1282,303,BLAa,BLA,18,left,0
1283,1284,3,6854.719999999999,5945.06,2314.640000000001,0.0390625,1283,303,BLAa,BLA,18,left,0
1284,1285,3,6856.7,5942.6,2314.72,1.25,1284,303,BLAa,BLA,18,left,0
1285,1286,3,6858.26,5942.34,2313.6399999999994,1.08203125,1285,303,BLAa,BLA,18,left,0
1286,1287,3,6860.72,5942.9,2311.8600000000006,1.0,1286,303,BLAa,BLA,18,left,0
1287,1288,3,6862.619999999999,5942.780000000001,2311.26,0.91796875,1287,303,BLAa,BLA,18,left,0
1288,1289,3,6864.52,5943.56,2309.9400000000005,1.16796875,1288,303,BLAa,BLA,18,left,0
1289,1290,3,6866.58,5944.42,2309.460000000001,1.0,1289,311,BLAp,BLA,18,left,0
1290,1291,3,6868.56,5945.299999999999,2308.34,1.08203125,1290,311,BLAp,BLA,18,left,0
1291,1292,3,6871.1,5946.58,2306.98,1.08203125,1291,311,BLAp,BLA,18,left,0
1292,1293,3,6872.92,5948.339999999999,2305.779999999999,1.66796875,1292,311,BLAp,BLA,18,left,0
1293,1294,3,6875.320000000001,5949.92,2304.24,1.58203125,1293,311,BLAp,BLA,18,left,0
1294,1295,3,6877.0,5950.639999999999,2303.6399999999994,0.91796875,1294,311,BLAp,BLA,18,left,0
1295,1296,3,6878.66,5951.42,2302.24,1.0,1295,311,BLAp,BLA,18,left,0
1296,1297,3,6880.299999999999,5952.16,2301.0200000000004,1.0,1296,311,BLAp,BLA,18,left,0
1297,1298,3,6882.68,5953.200000000001,2299.84,0.03515625,1297,311,BLAp,BLA,18,left,0
1298,1299,3,6884.78,5954.38,2297.8,0.5,1298,311,BLAp,BLA,18,left,0
1299,1300,3,6886.32,5956.06,2296.3600000000006,1.25,1299,311,BLAp,BLA,18,left,0
1300,1301,3,6888.32,5957.42,2294.460000000001,1.0,1300,311,BLAp,BLA,18,left,0
1301,1302,3,6889.56,5958.02,2292.9400000000005,1.0,1301,311,BLAp,BLA,18,left,0
1302,1303,3,6891.26,5958.780000000001,2291.620000000001,1.0,1302,311,BLAp,BLA,18,left,0
1303,1304,3,6893.379999999999,5959.82,2288.7000000000007,0.83203125,1303,311,BLAp,BLA,18,left,0
1304,1305,3,6894.880000000001,5960.56,2286.699999999999,1.0,1304,311,BLAp,BLA,18,left,0
1305,1306,3,6896.7,5961.38,2285.3,1.0,1305,311,BLAp,BLA,18,left,0
1306,1307,3,6898.52,5962.219999999999,2283.74,1.0,1306,311,BLAp,BLA,18,left,0
1307,1308,3,6900.900000000001,5963.32,2281.34,0.91796875,1307,311,BLAp,BLA,18,left,0
1308,1309,3,6902.759999999999,5964.160000000001,2279.8600000000006,0.75,1308,311,BLAp,BLA,18,left,0
1309,1310,3,6904.44,5962.66,2278.0200000000004,0.01171875,1309,311,BLAp,BLA,18,left,0
1310,1311,3,6905.4,5961.2,2276.32,1.16796875,1310,311,BLAp,BLA,18,left,0
1311,1312,3,6907.74,5960.54,2274.619999999999,1.08203125,1311,311,BLAp,BLA,18,left,0
1312,1313,3,6908.86,5959.5,2273.92,1.0,1312,311,BLAp,BLA,18,left,0
1313,1314,3,6909.880000000001,5956.88,2271.84,0.01953125,1313,311,BLAp,BLA,18,left,0
1314,1315,3,6911.96,5957.06,2270.16,1.0,1314,311,BLAp,BLA,18,left,0
1315,1316,3,6913.379999999999,5956.06,2268.6399999999994,0.83203125,1315,311,BLAp,BLA,18,left,0
1316,1317,3,6915.5,5955.62,2266.380000000001,0.66796875,1316,311,BLAp,BLA,18,left,0
1317,1318,3,6917.9,5955.56,2264.5,0.66796875,1317,311,BLAp,BLA,18,left,0
1318,1319,3,6920.44,5956.3,2262.66,1.0,1318,311,BLAp,BLA,18,left,0
1319,1320,3,6922.5,5956.12,2261.6800000000003,1.0,1319,311,BLAp,BLA,18,left,0
1320,1321,3,6924.86,5955.14,2260.4400000000005,1.0,1320,311,BLAp,BLA,18,left,0
1321,1322,3,6926.84,5954.400000000001,2259.5200000000004,1.25,1321,311,BLAp,BLA,18,left,0
1322,1323,3,6928.540000000001,5954.06,2258.48,0.83203125,1322,311,BLAp,BLA,18,left,0
1323,1324,3,6930.02,5954.34,2257.3600000000006,1.0,1323,311,BLAp,BLA,18,left,1
1324,1325,3,6818.099999999999,5956.620000000001,2334.0200000000004,0.05078125,105,303,BLAa,BLA,19,left,0
1325,1326,3,6818.68,5959.400000000001,2332.48,0.75,1325,303,BLAa,BLA,19,left,0
1326,1327,3,6819.26,5962.28,2330.4,1.0,1326,303,BLAa,BLA,19,left,0
1327,1328,3,6819.24,5965.1,2328.039999999999,0.75,1327,303,BLAa,BLA,19,left,0
1328,1329,3,6819.44,5966.92,2326.76,0.5,1328,303,BLAa,BLA,19,left,0
1329,1330,3,6817.4,5966.54,2326.2800000000007,0.02734375,1329,303,BLAa,BLA,19,left,0
1330,1331,3,6814.700000000001,5967.74,2324.0599999999995,0.046875,1330,303,BLAa,BLA,19,left,0
1331,1332,3,6812.820000000001,5968.52,2321.98,1.66796875,1331,303,BLAa,BLA,19,left,0
1332,1333,3,6812.36,5970.78,2321.1800000000003,1.41796875,1332,303,BLAa,BLA,19,left,0
1333,1334,3,6813.12,5939.9400000000005,2360.460000000001,0.015625,128,303,BLAa,BLA,20,left,0
1334,1335,3,6808.7,5938.3,2361.0599999999995,0.02734375,128,303,BLAa,BLA,21,left,0
1335,1336,3,6808.82,5935.92,2362.08,1.16796875,1335,303,BLAa,BLA,21,left,0
1336,1337,3,6809.539999999999,5932.14,2362.960000000001,1.08203125,1336,303,BLAa,BLA,21,left,0
1337,1338,3,6810.36,5927.66,2363.34,1.25,1337,303,BLAa,BLA,21,left,0
1338,1339,3,6810.92,5924.66,2363.6000000000004,1.0,1338,303,BLAa,BLA,21,left,0
1339,1340,3,6811.32,5922.46,2363.7800000000007,1.0,1339,303,BLAa,BLA,21,left,0
1340,1341,3,6831.94,5928.68,2330.74,0.0703125,163,303,BLAa,BLA,22,left,0
1341,1342,3,6833.88,5929.120000000001,2329.58,1.08203125,1341,303,BLAa,BLA,22,left,0
1342,1343,3,6834.62,5928.18,2328.22,1.25,1342,303,BLAa,BLA,22,left,0
1343,1344,3,6835.82,5926.2,2327.32,1.5,1343,303,BLAa,BLA,22,left,0
1344,1345,3,6837.3,5926.1,2325.9,0.5,1344,303,BLAa,BLA,22,left,0
1345,1346,3,6839.42,5925.98,2324.040000000001,1.08203125,1345,303,BLAa,BLA,22,left,0
1346,1347,3,6841.58,5926.82,2322.279999999999,1.0,1346,303,BLAa,BLA,22,left,0
1347,1348,3,6843.400000000001,5927.66,2320.959999999999,0.58203125,1347,303,BLAa,BLA,22,left,0
1348,1349,3,6845.24,5928.540000000001,2319.379999999999,0.75,1348,303,BLAa,BLA,22,left,0
1349,1350,3,6847.240000000001,5929.28,2317.26,1.0,1349,303,BLAa,BLA,22,left,0
1350,1351,3,6849.0,5929.04,2316.6000000000004,0.58203125,1350,303,BLAa,BLA,22,left,0
1351,1352,3,6850.96,5929.58,2315.32,1.0,1351,303,BLAa,BLA,22,left,0
1352,1353,3,6853.360000000001,5930.62,2314.779999999999,1.0,1352,303,BLAa,BLA,22,left,0
1353,1354,3,6855.54,5931.54,2314.5200000000004,1.0,1353,303,BLAa,BLA,22,left,0
1354,1355,3,6857.820000000001,5932.52,2313.8600000000006,1.25,1354,303,BLAa,BLA,22,left,0
1355,1356,3,6859.6,5933.32,2312.76,1.0,1355,303,BLAa,BLA,22,left,0
1356,1357,3,6862.08,5934.44,2311.380000000001,0.02734375,1356,303,BLAa,BLA,22,left,0
1357,1358,3,6864.66,5935.599999999999,2310.0200000000004,1.0,1357,303,BLAa,BLA,22,left,0
1358,1359,3,6866.42,5936.42,2308.66,0.83203125,1358,311,BLAp,BLA,22,left,0
1359,1360,3,6868.76,5937.5,2306.76,1.25,1359,311,BLAp,BLA,22,left,0
1360,1361,3,6871.1,5938.6,2304.539999999999,0.5,1360,311,BLAp,BLA,22,left,0
1361,1362,3,6873.400000000001,5939.62,2303.300000000001,1.0,1361,311,BLAp,BLA,22,left,0
1362,1363,3,6875.54,5940.0,2302.3,0.75,1362,311,BLAp,BLA,22,left,0
1363,1364,3,6877.960000000001,5940.06,2301.540000000001,0.75,1363,311,BLAp,BLA,22,left,0
1364,1365,3,6880.280000000001,5940.460000000001,2300.460000000001,1.0,1364,311,BLAp,BLA,22,left,0
1365,1366,3,6882.4400000000005,5940.44,2299.8600000000006,0.83203125,1365,311,BLAp,BLA,22,left,0
1366,1367,3,6885.34,5941.68,2297.4400000000005,1.0,1366,311,BLAp,BLA,22,left,0
1367,1368,3,6887.200000000001,5943.18,2295.539999999999,1.0,1367,311,BLAp,BLA,22,left,0
1368,1369,3,6888.62,5944.700000000001,2294.7000000000007,0.91796875,1368,311,BLAp,BLA,22,left,0
1369,1370,3,6890.599999999999,5945.76,2292.039999999999,1.0,1369,311,BLAp,BLA,22,left,0
1370,1371,3,6892.02,5946.68,2290.66,0.5,1370,311,BLAp,BLA,22,left,0
1371,1372,3,6892.32,5948.16,2290.2800000000007,1.0,1371,311,BLAp,BLA,22,left,0
1372,1373,3,6892.92,5947.0,2289.460000000001,0.08203125,1372,311,BLAp,BLA,22,left,0
1373,1374,3,6894.880000000001,5947.58,2287.92,0.91796875,1373,311,BLAp,BLA,22,left,0
1374,1375,3,6896.4800000000005,5947.32,2286.459999999999,1.41796875,1374,311,BLAp,BLA,22,left,0
1375,1376,3,6898.5,5947.84,2284.779999999999,1.0,1375,311,BLAp,BLA,22,left,0
1376,1377,3,6900.320000000001,5948.66,2283.4400000000005,0.58203125,1376,311,BLAp,BLA,22,left,0
1377,1378,3,6902.16,5949.5,2281.879999999999,1.25,1377,311,BLAp,BLA,22,left,0
1378,1379,3,6903.9800000000005,5950.36,2279.92,1.0,1378,311,BLAp,BLA,22,left,0
1379,1380,3,6905.98,5951.280000000001,2278.24,1.0,1379,311,BLAp,BLA,22,left,0
1380,1381,3,6907.7,5952.1,2276.380000000001,0.91796875,1380,311,BLAp,BLA,22,left,0
1381,1382,3,6909.679999999999,5952.98,2274.92,1.16796875,1381,311,BLAp,BLA,22,left,0
1382,1383,3,6912.28,5954.099999999999,2273.5599999999995,0.58203125,1382,311,BLAp,BLA,22,left,0
1383,1384,3,6913.959999999999,5954.84,2272.58,1.0,1383,311,BLAp,BLA,22,left,0
1384,1385,3,6915.839999999999,5955.74,2270.119999999999,0.0234375,1384,311,BLAp,BLA,22,left,0
1385,1386,3,6917.380000000001,5956.219999999999,2268.22,1.16796875,1385,311,BLAp,BLA,22,left,0
1386,1387,3,6918.24,5955.259999999999,2267.92,1.0,1386,311,BLAp,BLA,22,left,1
1387,1388,3,6830.879999999999,5928.28,2330.879999999999,0.20703125,163,303,BLAa,BLA,23,left,0
1388,1389,3,6833.540000000001,5929.34,2330.5200000000004,1.0,1388,303,BLAa,BLA,23,left,0
1389,1390,3,6836.88,5930.76,2330.1000000000004,1.0,1389,303,BLAa,BLA,23,left,0
1390,1391,3,6839.6,5932.179999999999,2329.74,0.83203125,1390,303,BLAa,BLA,23,left,0
1391,1392,3,6841.14,5934.38,2329.379999999999,1.0,1391,303,BLAa,BLA,23,left,0
1392,1393,3,6842.98,5937.820000000001,2328.82,0.75,1392,303,BLAa,BLA,23,left,0
1393,1394,3,6844.84,5939.06,2327.7000000000007,1.0,1393,303,BLAa,BLA,23,left,0
1394,1395,3,6847.219999999999,5940.1,2326.92,1.0,1394,303,BLAa,BLA,23,left,0
1395,1396,3,6850.119999999999,5941.4,2325.32,0.02734375,1395,303,BLAa,BLA,23,left,0
1396,1397,3,6852.3,5941.38,2324.6000000000004,0.66796875,1396,303,BLAa,BLA,23,left,0
1397,1398,3,6853.540000000001,5940.639999999999,2323.72,0.58203125,1397,303,BLAa,BLA,23,left,0
1398,1399,3,6856.040000000001,5939.86,2323.039999999999,0.91796875,1398,303,BLAa,BLA,23,left,0
1399,1400,3,6857.4,5939.06,2322.16,1.0,1399,303,BLAa,BLA,23,left,0
1400,1401,3,6859.84,5937.98,2321.900000000001,1.0,1400,303,BLAa,BLA,23,left,0
1401,1402,3,6862.34,5938.0,2321.6800000000003,0.58203125,1401,303,BLAa,BLA,23,left,0
1402,1403,3,6864.08,5937.86,2321.4,0.91796875,1402,303,BLAa,BLA,23,left,0
1403,1404,3,6866.599999999999,5938.9,2319.959999999999,1.0,1403,303,BLAa,BLA,23,left,0
1404,1405,3,6869.160000000001,5940.0,2318.98,0.58203125,1404,303,BLAa,BLA,23,left,0
1405,1406,3,6870.78,5940.54,2318.0200000000004,1.0,1405,303,BLAa,BLA,23,left,0
1406,1407,3,6873.58,5940.42,2317.720000000001,0.91796875,1406,303,BLAa,BLA,23,left,0
1407,1408,3,6875.76,5941.219999999999,2317.24,1.0,1407,311,BLAp,BLA,23,left,0
1408,1409,3,6877.4400000000005,5941.98,2316.0200000000004,1.0,1408,311,BLAp,BLA,23,left,0
1409,1410,3,6879.32,5942.780000000001,2315.620000000001,1.0,1409,311,BLAp,BLA,23,left,0
1410,1411,3,6881.280000000001,5943.66,2314.48,0.11328125,1410,311,BLAp,BLA,23,left,0
1411,1412,3,6883.139999999999,5944.52,2312.9400000000005,1.0,1411,311,BLAp,BLA,23,left,0
1412,1413,3,6886.040000000001,5945.76,2311.98,1.0,1412,311,BLAp,BLA,23,left,0
1413,1414,3,6889.38,5947.14,2311.58,1.0,1413,311,BLAp,BLA,23,left,0
1414,1415,3,6892.780000000001,5948.540000000001,2311.16,1.0,1414,311,BLAp,BLA,23,left,0
1415,1416,3,6896.2,5949.9400000000005,2310.74,1.0,1415,311,BLAp,BLA,23,left,0
1416,1417,3,6898.9800000000005,5951.08,2310.4,1.0,1416,311,BLAp,BLA,23,left,0
1417,1418,3,6901.26,5951.88,2310.1399999999994,1.0,1417,311,BLAp,BLA,23,left,0
1418,1419,3,6903.12,5951.7,2310.0200000000004,0.58203125,1418,311,BLAp,BLA,23,left,0
1419,1420,3,6905.72,5952.240000000001,2309.199999999999,1.0,1419,311,BLAp,BLA,23,left,0
1420,1421,3,6907.219999999999,5952.219999999999,2308.32,0.91796875,1420,311,BLAp,BLA,23,left,0
1421,1422,3,6910.4,5952.64,2307.9400000000005,1.0,1421,311,BLAp,BLA,23,left,0
1422,1423,3,6912.380000000001,5953.46,2307.459999999999,0.75,1422,311,BLAp,BLA,23,left,0
1423,1424,3,6914.08,5954.04,2306.26,0.66796875,1423,311,BLAp,BLA,23,left,0
1424,1425,3,6915.96,5953.82,2305.98,0.83203125,1424,311,BLAp,BLA,23,left,0
1425,1426,3,6918.48,5954.38,2304.779999999999,0.03125,1425,311,BLAp,BLA,23,left,0
1426,1427,3,6921.94,5954.46,2304.040000000001,0.91796875,1426,311,BLAp,BLA,23,left,0
1427,1428,3,6924.120000000001,5955.22,2303.5599999999995,1.0,1427,311,BLAp,BLA,23,left,0
1428,1429,3,6926.4400000000005,5956.24,2302.22,0.75,1428,311,BLAp,BLA,23,left,0
1429,1430,3,6928.58,5957.12,2301.620000000001,1.0,1429,311,BLAp,BLA,23,left,0
1430,1431,3,6930.280000000001,5957.86,2300.4,1.0,1430,311,BLAp,BLA,23,left,0
1431,1432,3,6932.16,5958.64,2300.0200000000004,1.0,1431,311,BLAp,BLA,23,left,0
1432,1433,3,6934.06,5958.64,2299.8600000000006,1.0,1432,311,BLAp,BLA,23,left,0
1433,1434,3,6936.18,5958.04,2299.76,1.0,1433,311,BLAp,BLA,23,left,0
1434,1435,3,6938.56,5957.94,2299.08,1.0,1434,311,BLAp,BLA,23,left,0
1435,1436,3,6940.18,5957.66,2298.2000000000007,0.5,1435,311,BLAp,BLA,23,left,0
1436,1437,3,6943.540000000001,5957.92,2297.8,1.0,1436,311,BLAp,BLA,23,left,0
1437,1438,3,6945.82,5957.94,2297.119999999999,1.0,1437,311,BLAp,BLA,23,left,0
1438,1439,3,6947.58,5958.48,2296.1000000000004,1.0,1438,311,BLAp,BLA,23,left,0
1439,1440,3,6949.78,5958.12,2295.879999999999,0.91796875,1439,311,BLAp,BLA,23,left,0
1440,1441,3,6951.900000000001,5958.84,2295.1000000000004,1.0,1440,311,BLAp,BLA,23,left,0
1441,1442,3,6953.7,5959.62,2293.76,0.58203125,1441,311,BLAp,BLA,23,left,0
1442,1443,3,6955.82,5960.56,2292.119999999999,1.0,1442,311,BLAp,BLA,23,left,0
1443,1444,3,6957.240000000001,5960.92,2290.959999999999,1.0,1443,311,BLAp,BLA,23,left,0
1444,1445,3,6957.960000000001,5959.9,2290.879999999999,1.0,1444,311,BLAp,BLA,23,left,0
1445,1446,3,6960.0,5960.860000000001,2288.22,0.01953125,1445,311,BLAp,BLA,23,left,0
1446,1447,3,6962.5,5963.3,2287.4,0.91796875,1446,311,BLAp,BLA,23,left,0
1447,1448,3,6963.66,5965.280000000001,2286.6800000000003,0.66796875,1447,311,BLAp,BLA,23,left,0
1448,1449,3,6965.04,5966.16,2284.98,0.58203125,1448,311,BLAp,BLA,23,left,0
1449,1450,3,6967.26,5967.98,2283.619999999999,0.5,1449,311,BLAp,BLA,23,left,0
1450,1451,3,6969.04,5969.42,2282.22,0.91796875,1450,311,BLAp,BLA,23,left,0
1451,1452,3,6971.32,5971.32,2280.34,1.0,1451,311,BLAp,BLA,23,left,0
1452,1453,3,6972.42,5972.4800000000005,2279.3,1.0,1452,311,BLAp,BLA,23,left,0
1453,1454,3,6975.18,5973.64,2278.4400000000005,1.0,1453,311,BLAp,BLA,23,left,0
1454,1455,3,6977.16,5974.44,2277.98,0.75,1454,311,BLAp,BLA,23,left,0
1455,1456,3,6978.76,5975.119999999999,2276.699999999999,1.0,1455,311,BLAp,BLA,23,left,0
1456,1457,3,6980.78,5976.0,2275.34,1.0,1456,311,BLAp,BLA,23,left,0
1457,1458,3,6982.88,5976.860000000001,2274.3,0.75,1457,311,BLAp,BLA,23,left,0
1458,1459,3,6984.44,5977.56,2272.6000000000004,0.83203125,1458,311,BLAp,BLA,23,left,0
1459,1460,3,6986.08,5978.540000000001,2271.540000000001,0.75,1459,311,BLAp,BLA,23,left,0
1460,1461,3,6988.06,5980.5,2271.2000000000007,0.83203125,1460,311,BLAp,BLA,23,left,0
1461,1462,3,6990.44,5982.1,2270.8600000000006,0.5,1461,311,BLAp,BLA,23,left,0
1462,1463,3,6991.54,5983.400000000001,2270.66,1.0,1462,311,BLAp,BLA,23,left,0
1463,1464,3,6994.96,5985.700000000001,2270.0,0.0234375,1463,311,BLAp,BLA,23,left,0
1464,1465,3,6996.5,5987.06,2268.9,0.75,1464,311,BLAp,BLA,23,left,1
1465,1466,3,6799.06,5881.900000000001,2366.1399999999994,0.16796875,199,303,BLAa,BLA,24,left,0
1466,1467,3,6799.44,5878.4400000000005,2366.459999999999,1.0,1466,303,BLAa,BLA,24,left,0
1467,1468,3,6799.96,5875.48,2366.720000000001,1.0,1467,303,BLAa,BLA,24,left,0
1468,1469,3,6799.38,5872.92,2367.0200000000004,1.0,1468,303,BLAa,BLA,24,left,0
1469,1470,3,6798.46,5870.9400000000005,2367.8599999999988,0.91796875,1469,303,BLAa,BLA,24,left,0
1470,1471,3,6798.48,5868.360000000001,2368.880000000001,1.0,1470,303,BLAa,BLA,24,left,0
1471,1472,3,6797.72,5864.08,2369.460000000001,1.0,1471,303,BLAa,BLA,24,left,0
1472,1473,3,6796.84,5861.799999999999,2370.0,1.08203125,1472,303,BLAa,BLA,24,left,0
1473,1474,3,6796.620000000001,5859.92,2371.22,0.91796875,1473,303,BLAa,BLA,24,left,0
1474,1475,3,6797.16,5856.98,2372.1800000000003,1.25,1474,303,BLAa,BLA,24,left,0
1475,1476,3,6797.66,5853.66,2373.9400000000005,1.16796875,1475,303,BLAa,BLA,24,left,0
1476,1477,3,6797.46,5850.639999999999,2375.380000000001,0.75,1476,303,BLAa,BLA,24,left,0
1477,1478,3,6797.74,5847.64,2376.98,0.5,1477,303,BLAa,BLA,24,left,0
1478,1479,3,6798.26,5845.24,2379.24,0.5,1478,303,BLAa,BLA,24,left,0
1479,1480,3,6798.62,5843.74,2381.0,0.83203125,1479,303,BLAa,BLA,24,left,0
1480,1481,3,6797.86,5842.4800000000005,2382.0599999999995,0.13671875,1480,303,BLAa,BLA,24,left,0
1481,1482,3,6798.139999999999,5840.0,2383.6000000000004,1.16796875,1481,303,BLAa,BLA,24,left,0
1482,1483,3,6798.9400000000005,5835.44,2384.84,1.0,1482,303,BLAa,BLA,24,left,0
1483,1484,3,6799.700000000001,5830.860000000001,2385.24,1.0,1483,303,BLAa,BLA,24,left,0
1484,1485,3,6800.2,5827.12,2385.58,1.0,1484,303,BLAa,BLA,24,left,0
1485,1486,3,6799.9,5824.8,2385.84,1.0,1485,303,BLAa,BLA,24,left,0
1486,1487,3,6800.06,5820.879999999999,2386.22,1.0,1486,303,BLAa,BLA,24,left,0
1487,1488,3,6800.8,5816.280000000001,2386.620000000001,1.0,1487,303,BLAa,BLA,24,left,0
1488,1489,3,6801.54,5811.599999999999,2387.039999999999,1.0,1488,303,BLAa,BLA,24,left,0
1489,1490,3,6802.039999999999,5808.5,2387.3,1.16796875,1489,303,BLAa,BLA,24,left,0
1490,1491,3,6802.84,5806.599999999999,2387.42,1.0,1490,303,BLAa,BLA,24,left,0
1491,1492,3,6804.299999999999,5805.879999999999,2387.0200000000004,0.5,1491,303,BLAa,BLA,24,left,0
1492,1493,3,6806.2,5805.599999999999,2386.0,1.25,1492,303,BLAa,BLA,24,left,0
1493,1494,3,6809.139999999999,5804.96,2385.6399999999994,1.0,1493,303,BLAa,BLA,24,left,0
1494,1495,3,6810.52,5803.88,2386.3,0.0546875,1494,303,BLAa,BLA,24,left,0
1495,1496,3,6813.42,5804.700000000001,2387.24,1.0,1495,303,BLAa,BLA,24,left,0
1496,1497,3,6815.22,5805.48,2387.7800000000007,0.91796875,1496,303,BLAa,BLA,24,left,0
1497,1498,3,6817.06,5807.14,2387.540000000001,1.0,1497,303,BLAa,BLA,24,left,0
1498,1499,3,6817.960000000001,5809.120000000001,2387.26,1.0,1498,303,BLAa,BLA,24,left,0
1499,1500,3,6820.02,5812.08,2386.7800000000007,1.0,1499,303,BLAa,BLA,24,left,0
1500,1501,3,6821.56,5814.76,2386.380000000001,0.5,1500,303,BLAa,BLA,24,left,0
1501,1502,3,6823.099999999999,5816.88,2386.0200000000004,1.0,1501,303,BLAa,BLA,24,left,0
1502,1503,3,6824.719999999999,5818.28,2385.74,1.0,1502,303,BLAa,BLA,24,left,1
1503,1504,3,6797.219999999999,5881.32,2366.24,0.03515625,199,303,BLAa,BLA,25,left,0
1504,1505,3,6796.620000000001,5879.56,2365.7000000000007,1.0,1504,303,BLAa,BLA,25,left,0
1505,1506,3,6795.839999999999,5876.96,2365.460000000001,1.0,1505,303,BLAa,BLA,25,left,0
1506,1507,3,6794.96,5873.7,2364.880000000001,0.5,1506,303,BLAa,BLA,25,left,0
1507,1508,3,6793.379999999999,5871.38,2364.9,1.0,1507,303,BLAa,BLA,25,left,0
1508,1509,3,6791.72,5869.04,2365.2800000000007,0.58203125,1508,303,BLAa,BLA,25,left,0
1509,1510,3,6789.62,5865.8,2365.800000000001,0.5,1509,303,BLAa,BLA,25,left,0
1510,1511,3,6787.780000000001,5864.22,2366.1000000000004,0.75,1510,303,BLAa,BLA,25,left,0
1511,1512,3,6786.280000000001,5862.34,2366.4400000000005,1.0,1511,303,BLAa,BLA,25,left,0
1512,1513,3,6783.9800000000005,5860.2,2366.6800000000003,1.33203125,1512,303,BLAa,BLA,25,left,0
1513,1514,3,6782.46,5858.400000000001,2366.119999999999,0.75,1513,303,BLAa,BLA,25,left,0
1514,1515,3,6780.72,5855.62,2366.2000000000007,1.0,1514,303,BLAa,BLA,25,left,0
1515,1516,3,6778.200000000001,5852.88,2366.699999999999,1.0,1515,303,BLAa,BLA,25,left,0
1516,1517,3,6776.72,5850.44,2367.08,1.25,1516,303,BLAa,BLA,25,left,0
1517,1518,3,6773.62,5846.620000000001,2367.74,1.0,1517,303,BLAa,BLA,25,left,0
1518,1519,3,6772.34,5844.44,2368.0600000000013,0.83203125,1518,303,BLAa,BLA,25,left,0
1519,1520,3,6771.26,5842.219999999999,2368.379999999999,0.08984375,1519,303,BLAa,BLA,25,left,0
1520,1521,3,6769.58,5840.9400000000005,2368.66,0.83203125,1520,303,BLAa,BLA,25,left,0
1521,1522,3,6768.06,5839.02,2369.0,1.0,1521,303,BLAa,BLA,25,left,0
1522,1523,3,6766.32,5837.58,2369.3,1.0,1522,303,BLAa,BLA,25,left,0
1523,1524,3,6765.280000000001,5835.44,2369.6000000000004,1.66796875,1523,303,BLAa,BLA,25,left,0
1524,1525,3,6764.28,5832.200000000001,2370.0200000000004,1.0,1524,303,BLAa,BLA,25,left,0
1525,1526,3,6762.7,5829.26,2370.26,1.33203125,1525,303,BLAa,BLA,25,left,0
1526,1527,3,6762.08,5826.459999999999,2369.5599999999995,0.75,1526,303,BLAa,BLA,25,left,0
1527,1528,3,6761.3,5822.58,2368.6399999999994,0.5,1527,303,BLAa,BLA,25,left,0
1528,1529,3,6761.06,5819.400000000001,2368.32,1.0,1528,303,BLAa,BLA,25,left,0
1529,1530,3,6760.56,5817.66,2367.76,0.5,1529,303,BLAa,BLA,25,left,0
1530,1531,3,6758.400000000001,5816.1,2368.0,1.0,1530,303,BLAa,BLA,25,left,0
1531,1532,3,6757.219999999999,5814.04,2368.4,0.11328125,1531,303,BLAa,BLA,25,left,0
1532,1533,3,6755.44,5812.780000000001,2369.5,0.58203125,1532,303,BLAa,BLA,25,left,0
1533,1534,3,6753.0,5810.16,2371.1399999999994,1.0,1533,303,BLAa,BLA,25,left,0
1534,1535,3,6751.38,5808.02,2372.32,0.75,1534,303,BLAa,BLA,25,left,0
1535,1536,3,6749.18,5805.599999999999,2373.76,1.08203125,1535,303,BLAa,BLA,25,left,0
1536,1537,3,6747.86,5803.02,2374.460000000001,1.0,1536,303,BLAa,BLA,25,left,0
1537,1538,3,6746.799999999999,5801.620000000001,2375.3599999999988,1.0,1537,303,BLAa,BLA,25,left,0
1538,1539,3,6745.04,5800.66,2376.879999999999,1.0,1538,303,BLAa,BLA,25,left,0
1539,1540,3,6742.9,5799.539999999999,2378.039999999999,1.0,1539,303,BLAa,BLA,25,left,0
1540,1541,3,6741.7,5798.18,2378.5200000000004,0.5,1540,303,BLAa,BLA,25,left,0
1541,1542,3,6741.3,5796.98,2380.24,1.16796875,1541,303,BLAa,BLA,25,left,0
1542,1543,3,6739.24,5795.76,2381.879999999999,1.0,1542,303,BLAa,BLA,25,left,0
1543,1544,3,6737.86,5794.700000000001,2383.0600000000013,1.0,1543,303,BLAa,BLA,25,left,0
1544,1545,3,6736.219999999999,5792.56,2383.84,0.91796875,1544,303,BLAa,BLA,25,left,0
1545,1546,3,6734.86,5791.12,2384.98,0.83203125,1545,303,BLAa,BLA,25,left,0
1546,1547,3,6733.719999999999,5788.04,2385.959999999999,0.91796875,1546,303,BLAa,BLA,25,left,0
1547,1548,3,6732.179999999999,5786.74,2387.92,0.66796875,1547,303,BLAa,BLA,25,left,1
1548,1549,3,6873.4400000000005,5981.5,2322.0599999999995,0.01953125,258,311,BLAp,BLA,26,left,0
1549,1550,3,6875.68,5982.4,2321.7800000000007,1.0,1549,311,BLAp,BLA,26,left,0
1550,1551,3,6876.94,5983.32,2321.58,1.0,1550,311,BLAp,BLA,26,left,0
1551,1552,3,6878.66,5985.1,2321.2800000000007,0.83203125,1551,311,BLAp,BLA,26,left,0
1552,1553,3,6880.74,5986.34,2320.98,0.66796875,1552,311,BLAp,BLA,26,left,0
1553,1554,3,6881.84,5987.84,2320.74,1.0,1553,311,BLAp,BLA,26,left,0
1554,1555,3,6884.2,5989.06,2320.4400000000005,1.0,1554,311,BLAp,BLA,26,left,0
1555,1556,3,6887.52,5990.42,2320.040000000001,1.0,1555,311,BLAp,BLA,26,left,0
1556,1557,3,6890.92,5991.78,2319.619999999999,1.0,1556,311,BLAp,BLA,26,left,0
1557,1558,3,6894.299999999999,5993.139999999999,2319.220000000001,1.0,1557,311,BLAp,BLA,26,left,0
1558,1559,3,6896.78,5993.56,2318.98,1.0,1558,311,BLAp,BLA,26,left,0
1559,1560,3,6897.98,5993.139999999999,2319.16,0.91796875,1559,311,BLAp,BLA,26,left,0
1560,1561,3,6900.18,5993.82,2319.98,0.91796875,1560,311,BLAp,BLA,26,left,0
1561,1562,3,6902.799999999999,5994.84,2320.32,1.08203125,1561,311,BLAp,BLA,26,left,0
1562,1563,3,6904.58,5995.52,2320.879999999999,1.0,1562,311,BLAp,BLA,26,left,0
1563,1564,3,6906.52,5997.039999999999,2320.6399999999994,1.0,1563,311,BLAp,BLA,26,left,0
1564,1565,3,6908.06,5999.099999999999,2320.32,1.0,1564,311,BLAp,BLA,26,left,0
1565,1566,3,6910.599999999999,6001.24,2320.7000000000007,0.91796875,1565,311,BLAp,BLA,26,left,0
1566,1567,3,6912.36,6002.92,2320.98,1.0,1566,311,BLAp,BLA,26,left,0
1567,1568,3,6914.539999999999,6005.72,2320.5600000000013,0.02734375,1567,311,BLAp,BLA,26,left,0
1568,1569,3,6916.32,6008.06,2320.2000000000007,1.0,1568,311,BLAp,BLA,26,left,0
1569,1570,3,6917.66,6009.740000000001,2320.08,1.0,1569,311,BLAp,BLA,26,left,0
1570,1571,3,6919.44,6011.0,2320.9,0.83203125,1570,311,BLAp,BLA,26,left,0
1571,1572,3,6921.660000000001,6013.04,2321.76,0.66796875,1571,311,BLAp,BLA,26,left,0
1572,1573,3,6923.200000000001,6014.740000000001,2323.0,0.91796875,1572,311,BLAp,BLA,26,left,0
1573,1574,3,6925.02,6015.96,2323.76,1.0,1573,311,BLAp,BLA,26,left,0
1574,1575,3,6927.84,6017.02,2323.98,1.16796875,1574,311,BLAp,BLA,26,left,0
1575,1576,3,6930.66,6018.08,2323.66,1.0,1575,311,BLAp,BLA,26,left,0
1576,1577,3,6932.820000000001,6018.26,2323.48,0.66796875,1576,311,BLAp,BLA,26,left,0
1577,1578,3,6936.06,6018.66,2323.1800000000003,1.0,1577,311,BLAp,BLA,26,left,0
1578,1579,3,6938.68,6019.679999999999,2323.0,0.91796875,1578,311,BLAp,BLA,26,left,0
1579,1580,3,6940.5,6020.36,2323.619999999999,1.0,1579,311,BLAp,BLA,26,left,0
1580,1581,3,6942.94,6021.900000000001,2323.72,0.83203125,1580,311,BLAp,BLA,26,left,0
1581,1582,3,6944.360000000001,6023.32,2323.6399999999994,0.66796875,1581,311,BLAp,BLA,26,left,0
1582,1583,3,6946.36,6024.120000000001,2324.48,1.0,1582,311,BLAp,BLA,26,left,0
1583,1584,3,6948.26,6024.86,2324.42,1.0,1583,311,BLAp,BLA,26,left,0
1584,1585,3,6950.0,6024.78,2324.3,1.08203125,1584,311,BLAp,BLA,26,left,0
1585,1586,3,6951.799999999999,6023.9,2324.24,0.75,1585,311,BLAp,BLA,26,left,0
1586,1587,3,6954.400000000001,6023.82,2324.040000000001,0.91796875,1586,311,BLAp,BLA,26,left,0
1587,1588,3,6956.34,6023.4400000000005,2323.76,1.0,1587,311,BLAp,BLA,26,left,0
1588,1589,3,6958.02,6023.9800000000005,2322.74,0.75,1588,311,BLAp,BLA,26,left,0
1589,1590,3,6959.96,6024.700000000001,2322.82,0.04296875,1589,311,BLAp,BLA,26,left,0
1590,1591,3,6963.3,6025.74,2323.22,0.83203125,1590,311,BLAp,BLA,26,left,0
1591,1592,3,6964.86,6025.34,2323.72,1.0,1591,311,BLAp,BLA,26,left,0
1592,1593,3,6967.200000000001,6025.82,2324.26,1.0,1592,311,BLAp,BLA,26,left,0
1593,1594,3,6968.959999999999,6026.5,2324.0599999999995,1.0,1593,311,BLAp,BLA,26,left,0
1594,1595,3,6970.44,6027.820000000001,2323.82,1.0,1594,311,BLAp,BLA,26,left,0
1595,1596,3,6971.98,6029.84,2323.5200000000004,1.0,1595,311,BLAp,BLA,26,left,0
1596,1597,3,6974.2,6031.620000000001,2323.72,1.0,1596,311,BLAp,BLA,26,left,0
1597,1598,3,6975.78,6032.179999999999,2324.48,1.0,1597,311,BLAp,BLA,26,left,0
1598,1599,3,6978.26,6033.04,2325.74,0.91796875,1598,311,BLAp,BLA,26,left,0
1599,1600,3,6980.34,6033.780000000001,2326.66,1.0,1599,311,BLAp,BLA,26,left,0
1600,1601,3,6981.52,6034.880000000001,2327.6399999999994,0.91796875,1600,311,BLAp,BLA,26,left,0
1601,1602,3,6983.04,6036.219999999999,2328.120000000001,0.66796875,1601,311,BLAp,BLA,26,left,0
1602,1603,3,6984.96,6036.96,2328.72,1.0,1602,311,BLAp,BLA,26,left,0
1603,1604,3,6988.06,6037.32,2328.619999999999,0.0234375,1603,311,BLAp,BLA,26,left,0
1604,1605,3,6990.06,6037.34,2329.3,1.0,1604,311,BLAp,BLA,26,left,0
1605,1606,3,6992.92,6037.9,2330.26,0.83203125,1605,311,BLAp,BLA,26,left,0
1606,1607,3,6994.880000000001,6037.64,2331.1000000000004,0.5,1606,311,BLAp,BLA,26,left,0
1607,1608,3,6997.4800000000005,6038.360000000001,2332.380000000001,1.0,1607,311,BLAp,BLA,26,left,0
1608,1609,3,6999.719999999999,6038.88,2334.0200000000004,1.25,1608,311,BLAp,BLA,26,left,0
1609,1610,3,7001.5,6038.08,2334.400000000001,1.0,1609,311,BLAp,BLA,26,left,0
1610,1611,3,7005.2,6035.96,2335.4400000000005,0.83203125,1610,311,BLAp,BLA,26,left,0
1611,1612,3,7006.5,6034.24,2336.879999999999,1.16796875,1611,311,BLAp,BLA,26,left,1
1612,1613,3,6871.24,5980.599999999999,2322.32,0.1328125,258,311,BLAp,BLA,27,left,0
1613,1614,3,6872.9,5979.9400000000005,2322.1800000000003,1.0,1613,311,BLAp,BLA,27,left,0
1614,1615,3,6873.46,5977.66,2321.5200000000004,0.75,1614,311,BLAp,BLA,27,left,0
1615,1616,3,6874.06,5974.38,2320.800000000001,1.41796875,1615,311,BLAp,BLA,27,left,0
1616,1617,3,6874.26,5973.06,2319.92,1.16796875,1616,311,BLAp,BLA,27,left,0
1617,1618,3,6875.900000000001,5973.06,2318.6000000000004,0.83203125,1617,311,BLAp,BLA,27,left,0
1618,1619,3,6878.02,5973.04,2318.32,1.0,1618,311,BLAp,BLA,27,left,0
1619,1620,3,6880.06,5972.86,2317.279999999999,0.91796875,1619,311,BLAp,BLA,27,left,0
1620,1621,3,6881.3,5971.26,2315.58,0.58203125,1620,311,BLAp,BLA,27,left,0
1621,1622,3,6883.0,5969.0,2314.220000000001,0.5,1621,311,BLAp,BLA,27,left,0
1622,1623,3,6884.84,5969.120000000001,2312.8,1.0,1622,311,BLAp,BLA,27,left,0
1623,1624,3,6886.4400000000005,5968.24,2311.0200000000004,1.0,1623,311,BLAp,BLA,27,left,0
1624,1625,3,6888.22,5966.96,2309.9400000000005,0.83203125,1624,311,BLAp,BLA,27,left,0
1625,1626,3,6890.5,5966.900000000001,2308.5,0.75,1625,311,BLAp,BLA,27,left,0
1626,1627,3,6892.64,5967.86,2306.879999999999,0.75,1626,311,BLAp,BLA,27,left,0
1627,1628,3,6894.0,5967.9,2305.1399999999994,0.83203125,1627,311,BLAp,BLA,27,left,0
1628,1629,3,6895.74,5967.72,2304.8600000000006,1.0,1628,311,BLAp,BLA,27,left,0
1629,1630,3,6898.6,5967.28,2303.74,0.01953125,1629,311,BLAp,BLA,27,left,0
1630,1631,3,6900.48,5966.3,2302.58,1.0,1630,311,BLAp,BLA,27,left,0
1631,1632,3,6900.96,5963.719999999999,2301.92,1.25,1631,311,BLAp,BLA,27,left,0
1632,1633,3,6901.96,5961.459999999999,2300.879999999999,0.5,1632,311,BLAp,BLA,27,left,0
1633,1634,3,6903.5,5961.02,2299.8600000000006,0.5,1633,311,BLAp,BLA,27,left,0
1634,1635,3,6904.24,5958.68,2298.619999999999,1.08203125,1634,311,BLAp,BLA,27,left,0
1635,1636,3,6904.52,5957.02,2297.4,1.58203125,1635,311,BLAp,BLA,27,left,0
1636,1637,3,6905.42,5955.08,2296.92,1.5,1636,311,BLAp,BLA,27,left,0
1637,1638,3,6907.179999999999,5954.02,2296.900000000001,0.83203125,1637,311,BLAp,BLA,27,left,0
1638,1639,3,6908.04,5951.54,2297.0599999999995,0.91796875,1638,311,BLAp,BLA,27,left,0
1639,1640,3,6909.5,5949.82,2297.119999999999,1.0,1639,311,BLAp,BLA,27,left,0
1640,1641,3,6911.3,5949.38,2296.8600000000006,1.0,1640,311,BLAp,BLA,27,left,0
1641,1642,3,6913.18,5949.6,2295.5999999999985,0.91796875,1641,311,BLAp,BLA,27,left,0
1642,1643,3,6915.320000000001,5949.38,2294.74,0.66796875,1642,311,BLAp,BLA,27,left,0
1643,1644,3,6917.179999999999,5948.8,2293.2000000000007,0.91796875,1643,311,BLAp,BLA,27,left,0
1644,1645,3,6919.08,5948.5,2292.279999999999,0.75,1644,311,BLAp,BLA,27,left,0
1645,1646,3,6920.72,5947.12,2292.1000000000004,1.5,1645,311,BLAp,BLA,27,left,0
1646,1647,3,6922.64,5946.68,2291.1399999999994,1.0,1646,311,BLAp,BLA,27,left,0
1647,1648,3,6925.38,5945.900000000001,2290.620000000001,1.0,1647,311,BLAp,BLA,27,left,0
1648,1649,3,6926.88,5945.599999999999,2290.539999999999,0.08203125,1648,311,BLAp,BLA,27,left,0
1649,1650,3,6929.04,5943.12,2290.5999999999985,1.0,1649,311,BLAp,BLA,27,left,0
1650,1651,3,6930.72,5941.18,2290.66,1.0,1650,311,BLAp,BLA,27,left,0
1651,1652,3,6932.16,5940.280000000001,2290.620000000001,1.0,1651,311,BLAp,BLA,27,left,1
1689,1690,3,6779.34,5959.96,2357.08,1.0,1098,303,BLAa,BLA,30,left,0
1690,1691,3,6777.58,5961.34,2356.040000000001,0.75,1690,303,BLAa,BLA,30,left,0
1691,1692,3,6775.839999999999,5962.34,2355.040000000001,0.91796875,1691,303,BLAa,BLA,30,left,0
1692,1693,3,6773.8,5963.84,2354.42,1.0,1692,303,BLAa,BLA,30,left,0
1693,1694,3,6771.76,5964.880000000001,2354.400000000001,1.0,1693,303,BLAa,BLA,30,left,0
1694,1695,3,6771.14,5966.4,2353.379999999999,1.0,1694,303,BLAa,BLA,30,left,0
1695,1696,3,6782.200000000001,5961.639999999999,2354.9,0.5,1098,303,BLAa,BLA,31,left,0
1696,1697,3,6783.22,5963.4400000000005,2352.0200000000004,0.83203125,1696,303,BLAa,BLA,31,left,0
1697,1698,3,6784.18,5964.24,2349.08,1.0,1697,303,BLAa,BLA,31,left,0
1698,1699,3,6784.52,5965.18,2346.82,1.33203125,1698,303,BLAa,BLA,31,left,0
1699,1700,3,6785.24,5966.459999999999,2345.58,0.91796875,1699,303,BLAa,BLA,31,left,0
1700,1701,3,6787.42,5967.6,2343.6800000000003,1.0,1700,303,BLAa,BLA,31,left,0
1701,1702,3,6788.7,5968.379999999999,2341.98,0.58203125,1701,303,BLAa,BLA,31,left,0
1702,1703,3,6789.58,5969.9800000000005,2340.3599999999988,0.5,1702,303,BLAa,BLA,31,left,0
1703,1704,3,6790.700000000001,5971.660000000001,2338.22,0.75,1703,303,BLAa,BLA,31,left,0
1704,1705,3,6791.36,5973.02,2335.74,1.0,1704,303,BLAa,BLA,31,left,0
1705,1706,3,6792.7,5973.62,2335.1000000000004,1.0,1705,303,BLAa,BLA,31,left,0
1706,1707,3,6792.64,5975.24,2332.9400000000005,0.07421875,1706,303,BLAa,BLA,31,left,0
1707,1708,3,6792.34,5976.1,2329.6800000000003,1.91796875,1707,303,BLAa,BLA,31,left,0
1708,1709,3,6792.4400000000005,5977.4800000000005,2327.279999999999,1.25,1708,303,BLAa,BLA,31,left,0
1709,1710,3,6793.46,5979.22,2325.66,1.75,1709,303,BLAa,BLA,31,left,0
1710,1711,3,6794.2,5979.9,2323.4400000000005,1.83203125,1710,303,BLAa,BLA,31,left,0
1711,1712,3,6794.96,5980.36,2321.24,1.66796875,1711,303,BLAa,BLA,31,left,0
1712,1713,3,6796.040000000001,5980.9400000000005,2319.2800000000007,1.66796875,1712,303,BLAa,BLA,31,left,0
1713,1714,3,6797.7,5982.14,2317.720000000001,1.91796875,1713,303,BLAa,BLA,31,left,0
1714,1715,3,6798.62,5983.62,2316.32,1.16796875,1714,303,BLAa,BLA,31,left,0
1715,1716,3,6800.860000000001,5985.06,2314.34,1.5,1715,303,BLAa,BLA,31,left,0
1716,1717,3,6802.02,5986.68,2312.4400000000005,0.91796875,1716,303,BLAa,BLA,31,left,0
1717,1718,3,6803.82,5987.86,2309.6800000000003,1.0,1717,303,BLAa,BLA,31,left,0
1718,1719,3,6804.86,5987.240000000001,2309.040000000001,1.0,1718,303,BLAa,BLA,31,left,0
1719,1720,3,6805.0,5989.64,2308.5599999999995,0.0546875,1719,303,BLAa,BLA,31,left,0
1720,1721,3,6806.16,5990.72,2307.0200000000004,1.25,1720,303,BLAa,BLA,31,left,0
1721,1722,3,6807.86,5991.58,2304.6800000000003,1.75,1721,303,BLAa,BLA,31,left,0
1722,1723,3,6809.76,5992.46,2303.08,1.33203125,1722,303,BLAa,BLA,31,left,0
1723,1724,3,6811.0,5993.06,2301.5599999999995,1.41796875,1723,303,BLAa,BLA,31,left,0
1724,1725,3,6813.379999999999,5994.160000000001,2299.379999999999,1.08203125,1724,303,BLAa,BLA,31,left,0
1725,1726,3,6815.280000000001,5995.02,2297.84,1.25,1725,303,BLAa,BLA,31,left,0
1726,1727,3,6817.1,5995.92,2295.380000000001,1.0,1726,303,BLAa,BLA,31,left,0
1727,1728,3,6817.08,5996.74,2292.34,1.41796875,1727,303,BLAa,BLA,31,left,0
1728,1729,3,6818.099999999999,5998.139999999999,2291.0,1.25,1728,303,BLAa,BLA,31,left,0
1729,1730,3,6818.74,5998.66,2288.32,1.16796875,1729,303,BLAa,BLA,31,left,0
1730,1731,3,6819.160000000001,5999.0,2286.0,1.41796875,1730,303,BLAa,BLA,31,left,0
1731,1732,3,6820.460000000001,5999.539999999999,2285.5999999999985,1.0,1731,303,BLAa,BLA,31,left,0
1732,1733,3,6821.72,6000.14,2284.199999999999,0.11328125,1732,303,BLAa,BLA,31,left,0
1733,1734,3,6823.58,6000.9400000000005,2283.3600000000006,1.16796875,1733,303,BLAa,BLA,31,left,0
1734,1735,3,6825.06,6001.639999999999,2281.620000000001,1.0,1734,303,BLAa,BLA,31,left,0
1735,1736,3,6826.92,6002.4400000000005,2279.539999999999,0.91796875,1735,303,BLAa,BLA,31,left,0
1736,1737,3,6828.540000000001,6002.219999999999,2278.4400000000005,1.33203125,1736,303,BLAa,BLA,31,left,0
1737,1738,3,6829.740000000001,6002.32,2275.84,1.0,1737,303,BLAa,BLA,31,left,0
1738,1739,3,6831.599999999999,6001.639999999999,2272.82,1.25,1738,303,BLAa,BLA,31,left,0
1739,1740,3,6833.9800000000005,6000.74,2269.82,1.16796875,1739,303,BLAa,BLA,31,left,0
1740,1741,3,6835.320000000001,6000.42,2267.8599999999988,0.5,1740,303,BLAa,BLA,31,left,0
1741,1742,3,6705.02,5905.14,2380.8600000000006,0.01953125,1134,303,BLAa,BLA,32,left,0
1742,1743,3,6703.66,5905.280000000001,2382.16,1.08203125,1742,303,BLAa,BLA,32,left,0
1743,1744,3,6701.68,5905.08,2383.379999999999,1.0,1743,303,BLAa,BLA,32,left,0
1744,1745,3,6699.34,5903.9800000000005,2384.26,0.0546875,1744,303,BLAa,BLA,32,left,0
1745,1746,3,6697.92,5903.08,2385.24,0.91796875,1745,303,BLAa,BLA,32,left,0
1746,1747,3,6696.639999999999,5901.280000000001,2385.620000000001,1.16796875,1746,303,BLAa,BLA,32,left,0
1747,1748,3,6694.34,5899.740000000001,2387.6800000000003,0.66796875,1747,303,BLAa,BLA,32,left,0
1748,1749,3,6693.0,5898.099999999999,2389.120000000001,1.16796875,1748,303,BLAa,BLA,32,left,0
1749,1750,3,6691.58,5896.68,2390.8600000000006,1.0,1749,303,BLAa,BLA,32,left,0
1750,1751,3,6688.76,5895.2,2393.8,1.0,1750,303,BLAa,BLA,32,left,0
1751,1752,3,6687.619999999999,5894.02,2395.4400000000005,0.75,1751,303,BLAa,BLA,32,left,0
1752,1753,3,6687.52,5892.02,2397.1000000000004,1.5,1752,303,BLAa,BLA,32,left,0
1753,1754,3,6687.68,5890.900000000001,2399.34,1.0,1753,303,BLAa,BLA,32,left,0
1754,1755,3,6686.799999999999,5890.44,2400.16,1.0,1754,303,BLAa,BLA,32,left,0
1755,1756,3,6685.14,5889.56,2401.960000000001,0.0546875,1755,303,BLAa,BLA,32,left,0
1756,1757,3,6683.06,5888.32,2404.539999999999,0.91796875,1756,303,BLAa,BLA,32,left,0
1757,1758,3,6681.58,5886.68,2405.34,0.58203125,1757,303,BLAa,BLA,32,left,0
1758,1759,3,6680.2,5885.259999999999,2407.0200000000004,1.0,1758,303,BLAa,BLA,32,left,0
1759,1760,3,6678.56,5884.34,2409.379999999999,1.08203125,1759,303,BLAa,BLA,32,left,0
1760,1761,3,6676.72,5883.379999999999,2410.98,0.58203125,1760,303,BLAa,BLA,32,left,0
1761,1762,3,6675.54,5882.72,2412.5200000000004,1.0,1761,303,BLAa,BLA,32,left,0
1762,1763,3,6674.02,5880.900000000001,2413.76,0.75,1762,303,BLAa,BLA,32,left,0
1763,1764,3,6673.48,5878.780000000001,2414.880000000001,0.5,1763,303,BLAa,BLA,32,left,0
1764,1765,3,6671.96,5876.42,2415.460000000001,0.66796875,1764,303,BLAa,BLA,32,left,0
1765,1766,3,6670.44,5875.0,2416.3600000000006,1.0,1765,303,BLAa,BLA,32,left,0
1766,1767,3,6670.24,5874.5,2417.9,0.5,1766,303,BLAa,BLA,32,left,0
1767,1768,3,6669.48,5872.84,2419.0,0.91796875,1767,303,BLAa,BLA,32,left,0
1768,1769,3,6667.92,5871.84,2420.08,0.83203125,1768,303,BLAa,BLA,32,left,1
1769,1770,3,6705.06,5905.04,2380.84,0.01953125,1134,303,BLAa,BLA,33,left,0
1770,1771,3,6703.84,5903.7,2381.8600000000006,1.25,1770,303,BLAa,BLA,33,left,0
1771,1772,3,6701.02,5901.5,2382.42,1.0,1771,303,BLAa,BLA,33,left,0
1772,1773,3,6698.88,5900.54,2382.7000000000007,1.0,1772,303,BLAa,BLA,33,left,0
1773,1774,3,6697.58,5899.9400000000005,2383.24,1.0,1773,303,BLAa,BLA,33,left,0
1774,1775,3,6695.76,5899.04,2384.42,0.91796875,1774,303,BLAa,BLA,33,left,0
1775,1776,3,6693.339999999999,5897.28,2384.92,1.0,1775,303,BLAa,BLA,33,left,0
1776,1777,3,6691.900000000001,5895.68,2385.380000000001,0.83203125,1776,303,BLAa,BLA,33,left,0
1777,1778,3,6690.5,5894.880000000001,2386.58,1.0,1777,303,BLAa,BLA,33,left,0
1778,1779,3,6688.16,5893.8,2387.140000000001,1.0,1778,303,BLAa,BLA,33,left,0
1779,1780,3,6684.880000000001,5892.3,2387.58,1.0,1779,303,BLAa,BLA,33,left,0
1780,1781,3,6682.54,5891.16,2388.459999999999,1.0,1780,303,BLAa,BLA,33,left,0
1781,1782,3,6681.14,5889.700000000001,2389.5,1.16796875,1781,303,BLAa,BLA,33,left,0
1782,1783,3,6678.84,5887.46,2390.0200000000004,0.5,1782,303,BLAa,BLA,33,left,0
1783,1784,3,6676.74,5885.22,2390.4400000000005,0.91796875,1783,303,BLAa,BLA,33,left,0
1784,1785,3,6674.679999999999,5883.88,2390.76,0.75,1784,303,BLAa,BLA,33,left,0
1785,1786,3,6673.16,5881.94,2391.1000000000004,0.91796875,1785,303,BLAa,BLA,33,left,0
1786,1787,3,6671.4400000000005,5880.42,2391.4,1.0,1786,303,BLAa,BLA,33,left,0
1787,1788,3,6670.119999999999,5877.960000000001,2391.7800000000007,1.0,1787,303,BLAa,BLA,33,left,0
1788,1789,3,6668.379999999999,5875.5,2392.1800000000003,1.0,1788,303,BLAa,BLA,33,left,0
1789,1790,3,6667.4,5874.099999999999,2392.4,1.0,1789,303,BLAa,BLA,33,left,0
1790,1791,3,6665.52,5873.08,2392.92,0.08203125,1790,303,BLAa,BLA,33,left,0
1791,1792,3,6663.42,5872.02,2394.2800000000007,0.91796875,1791,303,BLAa,BLA,33,left,0
1792,1793,3,6660.9400000000005,5870.82,2395.26,1.0,1792,303,BLAa,BLA,33,left,0
1793,1794,3,6659.28,5869.9800000000005,2396.2800000000007,0.91796875,1793,303,BLAa,BLA,33,left,0
1794,1795,3,6657.380000000001,5868.28,2396.699999999999,0.91796875,1794,303,BLAa,BLA,33,left,0
1795,1796,3,6655.82,5866.0,2397.08,1.0,1795,303,BLAa,BLA,33,left,0
1796,1797,3,6654.02,5864.08,2397.66,1.0,1796,303,BLAa,BLA,33,left,0
1797,1798,3,6653.02,5863.26,2398.76,0.83203125,1797,303,BLAa,BLA,33,left,0
1798,1799,3,6652.0,5861.14,2399.3,1.0,1798,303,BLAa,BLA,33,left,0
1799,1800,3,6649.64,5857.4800000000005,2400.0599999999995,0.83203125,1799,303,BLAa,BLA,33,left,0
1800,1801,3,6648.28,5855.58,2401.26,0.75,1800,303,BLAa,BLA,33,left,0
1801,1802,3,6646.32,5852.64,2402.08,0.58203125,1801,303,BLAa,BLA,33,left,0
1802,1803,3,6644.719999999999,5849.400000000001,2402.5599999999995,1.5,1802,303,BLAa,BLA,33,left,0
1803,1804,3,6643.24,5846.639999999999,2402.960000000001,1.0,1803,303,BLAa,BLA,33,left,0
1804,1805,3,6641.58,5844.400000000001,2403.8,0.91796875,1804,303,BLAa,BLA,33,left,0
1805,1806,3,6640.48,5842.1,2404.98,1.08203125,1805,303,BLAa,BLA,33,left,0
1806,1807,3,6639.76,5839.139999999999,2405.4400000000005,1.0,1806,303,BLAa,BLA,33,left,0
1807,1808,3,6638.64,5837.380000000001,2405.7000000000007,1.0,1807,303,BLAa,BLA,33,left,0
1808,1809,3,6636.4400000000005,5834.719999999999,2407.0200000000004,0.02734375,1808,303,BLAa,BLA,33,left,0
1809,1810,3,6634.32,5833.139999999999,2408.9400000000005,0.66796875,1809,303,BLAa,BLA,33,left,0
1810,1811,3,6633.780000000001,5831.3,2409.539999999999,1.08203125,1810,303,BLAa,BLA,33,left,1
1811,1812,3,6794.139999999999,5961.96,2363.1800000000003,1.5,1135,303,BLAa,BLA,34,left,0
1812,1813,3,6794.48,5965.38,2365.26,1.0,1812,303,BLAa,BLA,34,left,0
1813,1814,3,6795.8,5968.64,2367.66,1.0,1813,303,BLAa,BLA,34,left,0
1814,1815,3,6796.58,5970.82,2368.42,0.91796875,1814,303,BLAa,BLA,34,left,0
1815,1816,3,6795.0,5961.860000000001,2362.42,0.83203125,1135,303,BLAa,BLA,35,left,0
1816,1817,3,6795.16,5963.88,2361.2000000000007,1.0,1816,303,BLAa,BLA,35,left,0
1817,1818,3,6794.539999999999,5967.14,2360.6800000000003,1.0,1817,303,BLAa,BLA,35,left,0
1818,1819,3,6794.0,5970.06,2360.4400000000005,1.0,1818,303,BLAa,BLA,35,left,0
1819,1820,3,6794.18,5972.219999999999,2360.2000000000007,1.0,1819,303,BLAa,BLA,35,left,0
1820,1821,3,6795.4,5974.299999999999,2359.880000000001,1.0,1820,303,BLAa,BLA,35,left,0
1821,1822,3,6795.96,5977.5,2359.5200000000004,1.0,1821,303,BLAa,BLA,35,left,0
1822,1823,3,6796.639999999999,5979.78,2359.220000000001,1.0,1822,303,BLAa,BLA,35,left,0
1823,1824,3,6796.82,5982.64,2358.92,0.08203125,1823,303,BLAa,BLA,35,left,0
1824,1825,3,6798.04,5984.8,2358.6000000000004,1.0,1824,303,BLAa,BLA,35,left,0
1825,1826,3,6798.200000000001,5987.780000000001,2358.300000000001,1.0,1825,303,BLAa,BLA,35,left,0
1826,1827,3,6798.66,5991.219999999999,2357.9,1.08203125,1826,303,BLAa,BLA,35,left,0
1827,1828,3,6799.96,5994.08,2357.5,1.0,1827,303,BLAa,BLA,35,left,0
1828,1829,3,6801.799999999999,5995.68,2357.2000000000007,1.0,1828,303,BLAa,BLA,35,left,0
1829,1830,3,6802.780000000001,5998.4400000000005,2356.84,1.0,1829,303,BLAa,BLA,35,left,0
1830,1831,3,6802.960000000001,6001.58,2356.3,1.33203125,1830,303,BLAa,BLA,35,left,0
1831,1832,3,6803.86,6002.960000000001,2355.24,0.83203125,1831,303,BLAa,BLA,35,left,0
1832,1833,3,6804.9400000000005,6005.839999999999,2354.5200000000004,1.0,1832,303,BLAa,BLA,35,left,0
1833,1834,3,6805.4,6008.46,2354.220000000001,1.0,1833,303,BLAa,BLA,35,left,0
1834,1835,3,6806.02,6011.860000000001,2353.82,0.91796875,1834,303,BLAa,BLA,35,left,0
1835,1836,3,6806.94,6014.22,2353.5,1.0,1835,303,BLAa,BLA,35,left,0
1836,1837,3,6808.06,6015.76,2353.26,1.0,1836,303,BLAa,BLA,35,left,0
1837,1838,3,6678.7,5956.639999999999,2364.400000000001,0.03515625,1191,303,BLAa,BLA,36,left,0
1838,1839,3,6676.860000000001,5955.92,2363.66,1.0,1838,303,BLAa,BLA,36,left,0
1839,1840,3,6674.42,5954.96,2362.42,1.0,1839,303,BLAa,BLA,36,left,0
1840,1841,3,6672.36,5954.160000000001,2361.5599999999995,1.0,1840,303,BLAa,BLA,36,left,0
1841,1842,3,6669.78,5953.16,2360.24,1.0,1841,303,BLAa,BLA,36,left,0
1842,1843,3,6667.74,5952.36,2359.379999999999,1.0,1842,303,BLAa,BLA,36,left,0
1843,1844,3,6666.16,5950.74,2358.300000000001,0.58203125,1843,303,BLAa,BLA,36,left,0
1844,1845,3,6664.700000000001,5948.84,2357.619999999999,1.41796875,1844,303,BLAa,BLA,36,left,0
1845,1846,3,6662.46,5946.799999999999,2357.32,1.0,1845,303,BLAa,BLA,36,left,0
1846,1847,3,6660.860000000001,5945.22,2356.32,0.66796875,1846,303,BLAa,BLA,36,left,0
1847,1848,3,6657.5,5943.28,2355.620000000001,1.08203125,1847,303,BLAa,BLA,36,left,0
1848,1849,3,6655.460000000001,5942.52,2355.5,1.0,1848,303,BLAa,BLA,36,left,0
1849,1850,3,6653.66,5943.18,2354.6800000000003,0.75,1849,303,BLAa,BLA,36,left,0
1850,1851,3,6651.74,5943.8,2354.5599999999995,0.91796875,1850,303,BLAa,BLA,36,left,0
1851,1852,3,6649.9,5943.52,2353.6000000000004,1.0,1851,303,BLAa,BLA,36,left,0
1852,1853,3,6647.780000000001,5942.7,2352.76,0.75,1852,303,BLAa,BLA,36,left,0
1853,1854,3,6645.700000000001,5942.28,2352.5599999999995,0.5,1853,303,BLAa,BLA,36,left,0
1854,1855,3,6643.9400000000005,5942.72,2351.540000000001,0.83203125,1854,303,BLAa,BLA,36,left,0
1855,1856,3,6641.639999999999,5942.5,2350.460000000001,1.0,1855,303,BLAa,BLA,36,left,0
1856,1857,3,6639.84,5942.759999999999,2350.2000000000007,0.66796875,1856,303,BLAa,BLA,36,left,0
1857,1858,3,6638.8,5942.5,2349.08,1.5,1857,303,BLAa,BLA,36,left,0
1858,1859,3,6638.099999999999,5943.22,2350.3,0.125,1858,303,BLAa,BLA,36,left,0
1859,1860,3,6636.16,5943.16,2349.8,0.91796875,1859,303,BLAa,BLA,36,left,0
1860,1861,3,6634.22,5944.0,2349.34,0.75,1860,303,BLAa,BLA,36,left,0
1861,1862,3,6631.32,5945.22,2349.120000000001,1.0,1861,303,BLAa,BLA,36,left,0
1862,1863,3,6629.44,5945.82,2348.16,0.5,1862,303,BLAa,BLA,36,left,0
1863,1864,3,6627.7,5946.78,2347.08,0.66796875,1863,303,BLAa,BLA,36,left,0
1864,1865,3,6626.280000000001,5948.46,2346.8600000000006,0.75,1864,303,BLAa,BLA,36,left,0
1865,1866,3,6624.299999999999,5948.200000000001,2346.66,0.66796875,1865,303,BLAa,BLA,36,left,0
1866,1867,3,6623.28,5948.18,2345.08,0.5,1866,303,BLAa,BLA,36,left,0
1867,1868,3,6621.98,5948.9,2344.24,0.91796875,1867,303,BLAa,BLA,36,left,0
1868,1869,3,6619.92,5948.26,2343.5200000000004,1.0,1868,303,BLAa,BLA,36,left,0
1869,1870,3,6617.4800000000005,5947.32,2342.3,1.0,1869,303,BLAa,BLA,36,left,0
1870,1871,3,6615.66,5946.599999999999,2341.58,1.0,1870,303,BLAa,BLA,36,left,0
1871,1872,3,6612.820000000001,5945.4,2341.3600000000006,0.91796875,1871,303,BLAa,BLA,36,left,0
1872,1873,3,6611.14,5945.02,2340.72,0.91796875,1872,303,BLAa,BLA,36,left,0
1873,1874,3,6609.02,5945.34,2340.2800000000007,0.66796875,1873,303,BLAa,BLA,36,left,0
1874,1875,3,6607.36,5944.880000000001,2339.5,1.0,1874,303,BLAa,BLA,36,left,0
1875,1876,3,6604.9800000000005,5943.86,2339.58,1.0,1875,303,BLAa,BLA,36,left,0
1876,1877,3,6602.86,5942.92,2339.880000000001,1.0,1876,303,BLAa,BLA,36,left,0
1877,1878,3,6601.02,5942.92,2340.0599999999995,1.0,1877,303,BLAa,BLA,36,left,0
1878,1879,3,6599.0,5943.58,2340.1800000000003,1.0,1878,303,BLAa,BLA,36,left,0
1879,1880,3,6596.7,5943.6,2340.4,1.0,1879,303,BLAa,BLA,36,left,0
1880,1881,3,6594.46,5945.8,2339.66,0.02734375,1880,303,BLAa,BLA,36,left,0
1881,1882,3,6592.06,5947.42,2339.0599999999995,0.58203125,1881,303,BLAa,BLA,36,left,0
1882,1883,3,6589.92,5948.26,2339.1800000000003,1.08203125,1882,303,BLAa,BLA,36,left,0
1883,1884,3,6588.400000000001,5949.82,2339.16,1.0,1883,303,BLAa,BLA,36,left,0
1884,1885,3,6586.040000000001,5950.54,2339.32,0.75,1884,303,BLAa,BLA,36,left,0
1885,1886,3,6584.120000000001,5951.08,2339.4399999999987,1.0,1885,303,BLAa,BLA,36,left,0
1886,1887,3,6581.98,5950.78,2339.8,0.91796875,1886,303,BLAa,BLA,36,left,0
1887,1888,3,6580.42,5950.04,2340.84,1.0,1887,303,BLAa,BLA,36,left,0
1888,1889,3,6578.4400000000005,5948.84,2341.620000000001,0.75,1888,303,BLAa,BLA,36,left,0
1889,1890,3,6576.96,5946.96,2342.119999999999,0.66796875,1889,303,BLAa,BLA,36,left,0
1890,1891,3,6575.44,5945.599999999999,2343.26,0.5,1890,303,BLAa,BLA,36,left,0
1891,1892,3,6574.44,5943.959999999999,2344.120000000001,0.58203125,1891,303,BLAa,BLA,36,left,0
1892,1893,3,6572.7,5942.94,2345.779999999999,0.83203125,1892,303,BLAa,BLA,36,left,0
1893,1894,3,6570.36,5941.78,2347.6399999999994,0.91796875,1893,303,BLAa,BLA,36,left,0
1894,1895,3,6568.52,5940.900000000001,2348.84,1.0,1894,303,BLAa,BLA,36,left,0
1895,1896,3,6566.860000000001,5940.16,2349.1399999999994,0.11328125,1895,303,BLAa,BLA,36,left,0
1896,1897,3,6564.38,5939.32,2349.48,1.0,1896,303,BLAa,BLA,36,left,0
1897,1898,3,6562.4,5940.08,2349.6000000000004,1.0,1897,303,BLAa,BLA,36,left,0
1898,1899,3,6559.719999999999,5941.78,2349.6800000000003,0.91796875,1898,303,BLAa,BLA,36,left,0
1899,1900,3,6557.34,5942.32,2349.9400000000005,0.66796875,1899,303,BLAa,BLA,36,left,0
1900,1901,3,6555.62,5942.12,2350.9,1.0,1900,303,BLAa,BLA,36,left,0
1901,1902,3,6553.82,5943.0,2351.5200000000004,1.0,1901,303,BLAa,BLA,36,left,0
1902,1903,3,6551.08,5944.58,2351.620000000001,0.75,1902,303,BLAa,BLA,36,left,0
1903,1904,3,6548.76,5944.34,2352.619999999999,1.33203125,1903,303,BLAa,BLA,36,left,0
1904,1905,3,6547.64,5944.84,2353.279999999999,0.58203125,1904,303,BLAa,BLA,36,left,1
1905,1906,3,6678.540000000001,5956.68,2364.9,0.03515625,1191,303,BLAa,BLA,37,left,0
1906,1907,3,6676.42,5956.72,2365.08,1.25,1906,303,BLAa,BLA,37,left,0
1907,1908,3,6674.06,5956.26,2365.34,1.0,1907,303,BLAa,BLA,37,left,0
1908,1909,3,6672.52,5956.42,2365.460000000001,1.75,1908,303,BLAa,BLA,37,left,0
1909,1910,3,6670.599999999999,5958.9400000000005,2365.380000000001,1.0,1909,303,BLAa,BLA,37,left,0
1910,1911,3,6668.74,5960.24,2365.66,1.08203125,1910,303,BLAa,BLA,37,left,0
1911,1912,3,6667.16,5959.86,2366.84,1.0,1911,303,BLAa,BLA,37,left,0
1912,1913,3,6665.460000000001,5959.38,2367.2000000000007,1.0,1912,303,BLAa,BLA,37,left,0
1913,1914,3,6663.6,5959.76,2367.5,0.91796875,1913,303,BLAa,BLA,37,left,0
1914,1915,3,6662.06,5959.42,2368.5200000000004,0.83203125,1914,303,BLAa,BLA,37,left,0
1915,1916,3,6660.119999999999,5959.84,2369.0200000000004,1.0,1915,303,BLAa,BLA,37,left,0
1916,1917,3,6657.86,5959.740000000001,2369.3600000000006,0.91796875,1916,303,BLAa,BLA,37,left,0
1917,1918,3,6655.860000000001,5960.22,2370.3,0.58203125,1917,303,BLAa,BLA,37,left,0
1918,1919,3,6652.72,5961.08,2370.959999999999,0.58203125,1918,303,BLAa,BLA,37,left,0
1919,1920,3,6651.18,5962.039999999999,2371.0,1.0,1919,303,BLAa,BLA,37,left,0
1920,1921,3,6648.379999999999,5961.52,2371.3,1.0,1920,303,BLAa,BLA,37,left,0
1921,1922,3,6646.38,5960.9400000000005,2371.540000000001,1.0,1921,303,BLAa,BLA,37,left,0
1922,1923,3,6644.539999999999,5961.34,2371.6800000000003,1.08203125,1922,303,BLAa,BLA,37,left,0
1923,1924,3,6642.68,5960.74,2371.900000000001,1.16796875,1923,303,BLAa,BLA,37,left,0
1924,1925,3,6641.14,5960.900000000001,2372.0200000000004,0.66796875,1924,303,BLAa,BLA,37,left,0
1925,1926,3,6640.14,5962.4400000000005,2371.960000000001,0.75,1925,303,BLAa,BLA,37,left,0
1926,1927,3,6638.719999999999,5962.36,2372.1000000000004,1.0,1926,303,BLAa,BLA,37,left,0
1927,1928,3,6637.200000000001,5963.64,2370.800000000001,0.0546875,1927,303,BLAa,BLA,37,left,0
1928,1929,3,6634.18,5963.92,2370.959999999999,1.0,1928,303,BLAa,BLA,37,left,0
1929,1930,3,6631.96,5963.7,2371.2000000000007,0.66796875,1929,303,BLAa,BLA,37,left,0
1930,1931,3,6629.24,5963.68,2371.4400000000005,0.5,1930,303,BLAa,BLA,37,left,0
1931,1932,3,6626.84,5964.0,2371.6399999999994,1.0,1931,303,BLAa,BLA,37,left,0
1932,1933,3,6624.82,5964.18,2371.879999999999,1.0,1932,303,BLAa,BLA,37,left,0
1933,1934,3,6623.5,5964.2,2372.8,1.0,1933,303,BLAa,BLA,37,left,0
1934,1935,3,6621.06,5963.56,2373.6000000000004,0.75,1934,303,BLAa,BLA,37,left,0
1935,1936,3,6619.099999999999,5963.719999999999,2373.92,0.66796875,1935,303,BLAa,BLA,37,left,0
1936,1937,3,6617.6,5963.200000000001,2375.1000000000004,1.0,1936,303,BLAa,BLA,37,left,0
1937,1938,3,6614.64,5961.88,2375.82,1.0,1937,303,BLAa,BLA,37,left,0
1938,1939,3,6612.619999999999,5960.9400000000005,2376.879999999999,1.0,1938,303,BLAa,BLA,37,left,0
1939,1940,3,6609.92,5959.719999999999,2377.7800000000007,1.0,1939,303,BLAa,BLA,37,left,0
1940,1941,3,6607.820000000001,5958.8,2378.08,1.0,1940,303,BLAa,BLA,37,left,1
1941,1942,3,6800.38,5939.9400000000005,2397.3,0.04296875,1198,303,BLAa,BLA,38,left,0
1942,1943,3,6799.360000000001,5940.38,2399.6000000000004,1.08203125,1942,303,BLAa,BLA,38,left,0
1943,1944,3,6799.26,5941.76,2401.9399999999987,1.16796875,1943,303,BLAa,BLA,38,left,0
1944,1945,3,6799.120000000001,5943.200000000001,2403.4400000000005,1.16796875,1944,303,BLAa,BLA,38,left,0
1945,1946,3,6799.06,5944.34,2405.5999999999985,1.25,1945,303,BLAa,BLA,38,left,0
1946,1947,3,6798.959999999999,5945.72,2407.82,0.5,1946,303,BLAa,BLA,38,left,0
1947,1948,3,6798.8,5947.52,2410.0,1.25,1947,303,BLAa,BLA,38,left,0
1948,1949,3,6798.64,5949.44,2412.82,1.0,1948,303,BLAa,BLA,38,left,0
1949,1950,3,6798.099999999999,5950.68,2414.6800000000003,0.5,1949,303,BLAa,BLA,38,left,0
1950,1951,3,6797.4400000000005,5951.24,2416.22,1.0,1950,303,BLAa,BLA,38,left,0
1951,1952,3,6797.0,5953.780000000001,2417.84,0.66796875,1951,303,BLAa,BLA,38,left,0
1952,1953,3,6796.860000000001,5955.42,2419.74,1.41796875,1952,303,BLAa,BLA,38,left,0
1953,1954,3,6796.68,5957.380000000001,2422.1000000000004,1.41796875,1953,303,BLAa,BLA,38,left,0
1954,1955,3,6796.620000000001,5958.9400000000005,2425.0,0.75,1954,303,BLAa,BLA,38,left,0
1955,1956,3,6796.38,5959.099999999999,2427.5,0.58203125,1955,303,BLAa,BLA,38,left,0
1956,1957,3,6794.9800000000005,5958.540000000001,2428.9400000000005,0.5,1956,303,BLAa,BLA,38,left,0
1957,1958,3,6794.400000000001,5960.299999999999,2430.9400000000005,1.08203125,1957,303,BLAa,BLA,38,left,0
1958,1959,3,6793.52,5962.7,2433.4400000000005,0.75,1958,303,BLAa,BLA,38,left,0
1959,1960,3,6792.3,5963.4400000000005,2435.32,1.0,1959,303,BLAa,BLA,38,left,0
1960,1961,3,6791.68,5964.8,2437.34,1.0,1960,303,BLAa,BLA,38,left,0
1961,1962,3,6791.7,5966.08,2440.6399999999994,1.58203125,1961,303,BLAa,BLA,38,left,0
1962,1963,3,6791.900000000001,5966.02,2442.8,1.0,1962,303,BLAa,BLA,38,left,0
1963,1964,3,6792.16,5966.18,2446.540000000001,0.02734375,1963,303,BLAa,BLA,38,left,0
1964,1965,3,6792.12,5967.14,2448.0,1.0,1964,303,BLAa,BLA,38,left,0
1965,1966,3,6792.32,5967.32,2450.9400000000005,1.0,1965,303,BLAa,BLA,38,left,0
1966,1967,3,6792.68,5967.200000000001,2455.040000000001,1.16796875,1966,303,BLAa,BLA,38,left,0
1967,1968,3,6793.02,5967.08,2459.199999999999,1.91796875,1967,303,BLAa,BLA,38,left,0
1968,1969,3,6793.26,5967.0,2461.9399999999987,1.33203125,1968,303,BLAa,BLA,38,left,0
1969,1970,3,6802.4,5942.32,2396.6000000000004,0.01953125,1198,303,BLAa,BLA,39,left,0
1970,1971,3,6803.360000000001,5945.92,2397.16,0.83203125,1970,303,BLAa,BLA,39,left,0
1971,1972,3,6804.24,5949.5,2397.82,1.0,1971,303,BLAa,BLA,39,left,0
1972,1973,3,6804.700000000001,5952.179999999999,2398.6399999999994,0.83203125,1972,303,BLAa,BLA,39,left,0
1973,1974,3,6806.02,5954.880000000001,2398.66,1.0,1973,303,BLAa,BLA,39,left,0
1974,1975,3,6807.219999999999,5956.280000000001,2399.199999999999,0.91796875,1974,303,BLAa,BLA,39,left,0
1975,1976,3,6806.799999999999,5959.84,2399.42,1.0,1975,303,BLAa,BLA,39,left,0
1976,1977,3,6806.639999999999,5962.759999999999,2399.120000000001,1.25,1976,303,BLAa,BLA,39,left,0
1977,1978,3,6808.22,5965.320000000001,2398.74,1.25,1977,303,BLAa,BLA,39,left,0
1978,1979,3,6809.24,5967.36,2398.4400000000005,1.25,1978,303,BLAa,BLA,39,left,0
1979,1980,3,6811.4,5970.700000000001,2397.92,1.0,1979,303,BLAa,BLA,39,left,0
1980,1981,3,6812.4,5973.400000000001,2397.32,0.83203125,1980,303,BLAa,BLA,39,left,0
1981,1982,3,6812.42,5974.38,2396.0599999999995,1.0,1981,303,BLAa,BLA,39,left,0
1982,1983,3,6813.16,5976.16,2395.6399999999994,0.11328125,1982,303,BLAa,BLA,39,left,0
1983,1984,3,6813.360000000001,5978.74,2394.4399999999987,0.83203125,1983,303,BLAa,BLA,39,left,0
1984,1985,3,6813.719999999999,5982.34,2392.720000000001,1.33203125,1984,303,BLAa,BLA,39,left,0
1985,1986,3,6814.66,5985.14,2391.8600000000006,0.91796875,1985,303,BLAa,BLA,39,left,0
1986,1987,3,6814.719999999999,5987.68,2390.6800000000003,1.83203125,1986,303,BLAa,BLA,39,left,0
1987,1988,3,6816.1,5990.56,2389.92,1.25,1987,303,BLAa,BLA,39,left,0
1988,1989,3,6816.56,5993.8,2389.5599999999995,1.08203125,1988,303,BLAa,BLA,39,left,0
1989,1990,3,6816.7,5996.74,2389.24,2.16796875,1989,303,BLAa,BLA,39,left,0
1990,1991,3,6818.099999999999,5998.86,2388.9,1.16796875,1990,303,BLAa,BLA,39,left,0
1991,1992,3,6819.719999999999,6001.08,2388.540000000001,1.5,1991,303,BLAa,BLA,39,left,0
1992,1993,3,6821.4800000000005,6004.32,2388.4400000000005,1.25,1992,303,BLAa,BLA,39,left,0
1993,1994,3,6821.96,6006.7,2389.0200000000004,1.33203125,1993,303,BLAa,BLA,39,left,0
1994,1995,3,6822.72,6009.22,2388.8600000000006,1.5,1994,303,BLAa,BLA,39,left,0
1995,1996,3,6824.2,6010.42,2388.619999999999,1.08203125,1995,303,BLAa,BLA,39,left,0
1996,1997,3,6826.0,6011.42,2388.3600000000006,1.41796875,1996,303,BLAa,BLA,39,left,0
1997,1998,3,6827.200000000001,6013.42,2388.0600000000013,1.41796875,1997,303,BLAa,BLA,39,left,0
1998,1999,3,6829.18,6015.72,2387.66,1.33203125,1998,303,BLAa,BLA,39,left,0
1999,2000,3,6830.78,6018.22,2387.279999999999,0.07421875,1999,303,BLAa,BLA,39,left,0
2000,2001,3,6831.639999999999,6023.959999999999,2386.620000000001,1.0,2000,303,BLAa,BLA,39,left,0
2001,2002,3,6833.12,6026.82,2385.66,1.08203125,2001,303,BLAa,BLA,39,left,0
2002,2003,3,6834.84,6028.46,2384.58,1.0,2002,303,BLAa,BLA,39,left,0
2003,2004,3,6836.84,6031.4,2384.040000000001,0.75,2003,303,BLAa,BLA,39,left,0
2004,2005,3,6838.7,6033.06,2383.72,1.0,2004,303,BLAa,BLA,39,left,0
2005,2006,3,6839.679999999999,6035.02,2383.4400000000005,1.0,2005,303,BLAa,BLA,39,left,0
2006,2007,3,6840.320000000001,6037.820000000001,2382.74,1.08203125,2006,303,BLAa,BLA,39,left,0
2007,2008,3,6841.660000000001,6039.9400000000005,2381.5200000000004,1.0,2007,303,BLAa,BLA,39,left,0
2008,2009,3,6843.68,6043.099999999999,2379.8600000000006,0.83203125,2008,303,BLAa,BLA,39,left,0
2009,2010,3,6844.740000000001,6045.9400000000005,2379.1399999999994,1.0,2009,303,BLAa,BLA,39,left,0
2010,2011,3,6845.320000000001,6048.52,2378.84,0.83203125,2010,303,BLAa,BLA,39,left,0
2011,2012,3,6846.72,6050.860000000001,2378.5,0.5,2011,303,BLAa,BLA,39,left,0
2012,2013,3,6847.86,6053.76,2378.0999999999985,0.66796875,2012,303,BLAa,BLA,39,left,0
2013,2014,3,6849.22,6055.66,2377.8,1.0,2013,303,BLAa,BLA,39,left,0
2014,2015,3,6850.76,6056.900000000001,2377.5599999999995,1.0,2014,303,BLAa,BLA,39,left,0
2015,2016,3,6852.58,6058.719999999999,2377.22,0.08203125,2015,303,BLAa,BLA,39,left,0
2016,2017,3,6854.96,6060.280000000001,2376.879999999999,0.83203125,2016,303,BLAa,BLA,39,left,0
2017,2018,3,6856.76,6061.98,2376.5599999999995,0.5,2017,303,BLAa,BLA,39,left,0
2018,2019,3,6858.719999999999,6063.540000000001,2376.24,0.91796875,2018,303,BLAa,BLA,39,left,0
2019,2020,3,6860.18,6065.299999999999,2376.119999999999,0.58203125,2019,303,BLAa,BLA,39,left,0
2020,2021,3,6861.42,6066.620000000001,2376.720000000001,0.91796875,2020,303,BLAa,BLA,39,left,0
2021,2022,3,6862.88,6068.76,2376.76,1.08203125,2021,303,BLAa,BLA,39,left,0
2022,2023,3,6863.56,6071.16,2376.84,1.0,2022,303,BLAa,BLA,39,left,0
2023,2024,3,6864.82,6072.64,2377.4400000000005,1.08203125,2023,303,BLAa,BLA,39,left,0
2024,2025,3,6867.72,6074.66,2377.16,1.0,2024,303,BLAa,BLA,39,left,0
2025,2026,3,6869.62,6075.9400000000005,2376.879999999999,0.5,2025,303,BLAa,BLA,39,left,0
2026,2027,3,6870.06,6077.98,2376.6399999999994,1.0,2026,303,BLAa,BLA,39,left,0
2027,2028,3,6871.7,6079.42,2376.380000000001,1.0,2027,303,BLAa,BLA,39,left,0
2028,2029,3,6873.8,6080.860000000001,2376.0599999999995,1.0,2028,303,BLAa,BLA,39,left,0
2029,2030,3,6875.2,6082.28,2375.959999999999,0.66796875,2029,311,BLAp,BLA,39,left,0
2030,2031,3,6876.74,6082.92,2376.76,0.75,2030,311,BLAp,BLA,39,left,0
2031,2032,3,6879.139999999999,6083.84,2376.720000000001,1.0,2031,311,BLAp,BLA,39,left,0
2032,2033,3,6881.82,6084.9,2376.4,1.0,2032,311,BLAp,BLA,39,left,0
2033,2034,3,6884.02,6085.879999999999,2376.119999999999,1.0,2033,311,BLAp,BLA,39,left,0
2034,2035,3,6885.48,6087.4,2375.8600000000006,0.66796875,2034,311,BLAp,BLA,39,left,0
2035,2036,3,6887.619999999999,6090.02,2375.4400000000005,1.0,2035,311,BLAp,BLA,39,left,0
2036,2037,3,6888.48,6092.780000000001,2375.08,1.0,2036,311,BLAp,BLA,39,left,0
2037,2038,3,6890.4,6095.52,2374.66,1.33203125,2037,311,BLAp,BLA,39,left,0
2038,2039,3,6891.799999999999,6097.92,2374.32,0.5,2038,311,BLAp,BLA,39,left,0
2039,2040,3,6893.26,6099.8,2374.0200000000004,1.0,2039,311,BLAp,BLA,39,left,0
2040,2041,3,6895.02,6102.16,2373.6399999999994,1.0,2040,311,BLAp,BLA,39,left,0
2041,2042,3,6895.8,6104.880000000001,2373.300000000001,0.83203125,2041,311,BLAp,BLA,39,left,0
2042,2043,3,6897.200000000001,6106.7,2373.0200000000004,0.91796875,2042,311,BLAp,BLA,39,left,0
2043,2044,3,6897.780000000001,6107.86,2374.120000000001,0.078125,2043,311,BLAp,BLA,39,left,0
2044,2045,3,6899.400000000001,6111.76,2373.5599999999995,0.75,2044,311,BLAp,BLA,39,left,0
2045,2046,3,6899.76,6114.5,2372.42,1.16796875,2045,311,BLAp,BLA,39,left,0
2046,2047,3,6901.16,6116.660000000001,2371.720000000001,1.0,2046,311,BLAp,BLA,39,left,0
2047,2048,3,6901.860000000001,6118.339999999999,2371.5200000000004,1.0,2047,311,BLAp,BLA,39,left,0
2048,2049,3,6902.42,6120.98,2370.8600000000006,0.5,2048,311,BLAp,BLA,39,left,0
2049,2050,3,6903.28,6122.219999999999,2369.84,0.58203125,2049,311,BLAp,BLA,39,left,0
2050,2051,3,6903.339999999999,6124.099999999999,2369.220000000001,1.0,2050,311,BLAp,BLA,39,left,0
2051,2052,3,6904.120000000001,6125.24,2368.0600000000013,1.0,2051,311,BLAp,BLA,39,left,0
2052,2053,3,6906.12,6126.08,2367.66,1.0,2052,311,BLAp,BLA,39,left,0
2053,2054,3,6907.92,6127.74,2367.3600000000006,1.0,2053,311,BLAp,BLA,39,left,0
2054,2055,3,6910.18,6129.719999999999,2367.0,1.08203125,2054,311,BLAp,BLA,39,left,0
2055,2056,3,6911.96,6131.84,2366.6399999999994,1.08203125,2055,311,BLAp,BLA,39,left,0
2056,2057,3,6913.58,6133.82,2366.34,1.0,2056,311,BLAp,BLA,39,left,0
2057,2058,3,6915.04,6135.58,2365.5,1.0,2057,311,BLAp,BLA,39,left,0
2058,2059,3,6916.36,6136.38,2364.5599999999995,0.75,2058,311,BLAp,BLA,39,left,0
2059,2060,3,6917.619999999999,6137.98,2364.24,1.0,2059,311,BLAp,BLA,39,left,0
2060,2061,3,6919.360000000001,6138.9,2364.0200000000004,1.0,2060,311,BLAp,BLA,39,left,0
2061,2062,3,6921.1,6139.539999999999,2363.82,1.0,2061,311,BLAp,BLA,39,left,0
2062,2063,3,6924.299999999999,6140.74,2363.459999999999,0.02734375,2062,311,BLAp,BLA,39,left,0
2063,2064,3,6926.639999999999,6140.54,2363.32,0.75,2063,311,BLAp,BLA,39,left,0
2064,2065,3,6928.88,6139.82,2363.3600000000006,0.91796875,2064,311,BLAp,BLA,39,left,0
2065,2066,3,6930.54,6139.880000000001,2364.220000000001,0.75,2065,311,BLAp,BLA,39,left,0
2066,2067,3,6932.94,6140.76,2364.199999999999,1.0,2066,311,BLAp,BLA,39,left,0
2067,2068,3,6934.9,6141.5,2363.74,1.0,2067,311,BLAp,BLA,39,left,0
2068,2069,3,6936.2,6142.46,2362.5599999999995,1.0,2068,311,BLAp,BLA,39,left,0
2069,2070,3,6937.64,6144.34,2362.119999999999,0.83203125,2069,311,BLAp,BLA,39,left,0
2070,2071,3,6939.44,6147.759999999999,2361.66,1.0,2070,311,BLAp,BLA,39,left,0
2071,2072,3,6940.700000000001,6149.82,2360.82,1.0,2071,311,BLAp,BLA,39,left,0
2072,2073,3,6942.14,6151.02,2359.84,0.5,2072,311,BLAp,BLA,39,left,0
2073,2074,3,6943.58,6154.26,2359.2800000000007,1.0,2073,311,BLAp,BLA,39,left,0
2074,2075,3,6944.86,6156.06,2358.1800000000003,1.0,2074,311,BLAp,BLA,39,left,0
2075,2076,3,6947.039999999999,6157.12,2357.4400000000005,1.0,2075,311,BLAp,BLA,39,left,0
2076,2077,3,6950.299999999999,6158.02,2355.1800000000003,0.0234375,2076,311,BLAp,BLA,39,left,0
2077,2078,3,6951.82,6157.66,2354.32,0.66796875,2077,311,BLAp,BLA,39,left,1
2078,2079,3,6812.46,5969.9400000000005,2320.0200000000004,0.16015625,1333,303,BLAa,BLA,40,left,0
2079,2080,3,6812.58,5969.18,2317.08,1.25,2079,303,BLAa,BLA,40,left,0
2080,2081,3,6813.32,5968.76,2315.2800000000007,0.83203125,2080,303,BLAa,BLA,40,left,0
2081,2082,3,6813.719999999999,5967.780000000001,2313.16,1.0,2081,303,BLAa,BLA,40,left,0
2082,2083,3,6813.62,5967.72,2310.8600000000006,1.16796875,2082,303,BLAa,BLA,40,left,0
2083,2084,3,6814.24,5968.139999999999,2308.5,1.0,2083,303,BLAa,BLA,40,left,0
2084,2085,3,6815.52,5968.8,2306.720000000001,1.0,2084,303,BLAa,BLA,40,left,0
2085,2086,3,6817.240000000001,5969.6,2305.32,1.0,2085,303,BLAa,BLA,40,left,0
2086,2087,3,6817.64,5970.14,2302.92,1.08203125,2086,303,BLAa,BLA,40,left,0
2087,2088,3,6817.380000000001,5971.24,2300.2000000000007,0.83203125,2087,303,BLAa,BLA,40,left,0
2088,2089,3,6817.88,5972.780000000001,2297.84,1.16796875,2088,303,BLAa,BLA,40,left,0
2089,2090,3,6817.72,5974.24,2295.84,0.66796875,2089,303,BLAa,BLA,40,left,0
2090,2091,3,6817.16,5976.620000000001,2293.880000000001,0.91796875,2090,303,BLAa,BLA,40,left,0
2091,2092,3,6815.860000000001,5980.0,2292.48,1.0,2091,303,BLAa,BLA,40,left,0
2092,2093,3,6814.82,5982.0,2291.0200000000004,1.0,2092,303,BLAa,BLA,40,left,0
2093,2094,3,6814.18,5984.76,2289.9400000000005,0.08203125,2093,303,BLAa,BLA,40,left,0
2094,2095,3,6813.86,5985.62,2286.6399999999994,1.41796875,2094,303,BLAa,BLA,40,left,0
2095,2096,3,6813.62,5985.82,2282.5200000000004,1.25,2095,303,BLAa,BLA,40,left,0
2096,2097,3,6813.339999999999,5984.9400000000005,2279.640000000001,0.5,2096,303,BLAa,BLA,40,left,0
2097,2098,3,6812.9,5982.54,2278.6800000000003,1.0,2097,303,BLAa,BLA,40,left,0
2098,2099,3,6813.06,5981.1,2277.5200000000004,1.08203125,2098,303,BLAa,BLA,40,left,0
2099,2100,3,6811.660000000001,5979.120000000001,2277.1800000000003,1.08203125,2099,303,BLAa,BLA,40,left,0
2100,2101,3,6809.38,5977.5,2277.42,0.91796875,2100,303,BLAa,BLA,40,left,0
2101,2102,3,6808.9400000000005,5975.76,2276.7800000000007,1.25,2101,303,BLAa,BLA,40,left,0
2102,2103,3,6807.64,5973.02,2275.84,0.75,2102,303,BLAa,BLA,40,left,0
2103,2104,3,6805.68,5971.4,2275.5,0.5,2103,303,BLAa,BLA,40,left,0
2104,2105,3,6804.56,5969.38,2274.5599999999995,0.75,2104,303,BLAa,BLA,40,left,0
2105,2106,3,6802.34,5966.84,2273.58,1.0,2105,303,BLAa,BLA,40,left,0
2106,2107,3,6800.62,5964.46,2273.619999999999,1.41796875,2106,303,BLAa,BLA,40,left,0
2107,2108,3,6798.9400000000005,5961.96,2272.74,1.0,2107,303,BLAa,BLA,40,left,0
2108,2109,3,6797.06,5960.44,2272.039999999999,0.91796875,2108,303,BLAa,BLA,40,left,0
2109,2110,3,6795.66,5958.719999999999,2271.9399999999987,0.5,2109,303,BLAa,BLA,40,left,0
2110,2111,3,6794.34,5958.0,2270.82,1.0,2110,303,BLAa,BLA,40,left,0
2111,2112,3,6791.799999999999,5957.64,2269.8,1.0,2111,303,BLAa,BLA,40,left,0
2112,2113,3,6790.62,5958.08,2269.400000000001,1.41796875,2112,303,BLAa,BLA,40,left,0
2113,2114,3,6789.160000000001,5957.780000000001,2267.459999999999,0.75,2113,303,BLAa,BLA,40,left,0
2114,2115,3,6787.56,5957.200000000001,2266.5599999999995,1.0,2114,303,BLAa,BLA,40,left,0
2115,2116,3,6784.76,5956.08,2266.3600000000006,1.0,2115,303,BLAa,BLA,40,left,0
2116,2117,3,6782.759999999999,5955.259999999999,2266.380000000001,0.5,2116,303,BLAa,BLA,40,left,0
2117,2118,3,6782.02,5955.04,2265.32,1.0,2117,303,BLAa,BLA,40,left,1
2118,2119,3,6810.119999999999,5971.599999999999,2321.3,0.078125,1333,303,BLAa,BLA,41,left,0
2119,2120,3,6808.0,5971.68,2321.459999999999,1.25,2119,303,BLAa,BLA,41,left,0
2120,2121,3,6806.88,5973.9800000000005,2321.22,0.91796875,2120,303,BLAa,BLA,41,left,0
2121,2122,3,6806.4,5976.24,2320.2000000000007,0.5,2121,303,BLAa,BLA,41,left,0
2122,2123,3,6805.460000000001,5980.0,2318.6399999999994,0.5,2122,303,BLAa,BLA,41,left,0
2123,2124,3,6804.28,5981.82,2317.22,0.66796875,2123,303,BLAa,BLA,41,left,0
2124,2125,3,6803.24,5985.2,2315.32,0.91796875,2124,303,BLAa,BLA,41,left,0
2125,2126,3,6802.32,5987.9,2314.76,1.58203125,2125,303,BLAa,BLA,41,left,0
2126,2127,3,6800.72,5989.22,2314.460000000001,1.41796875,2126,303,BLAa,BLA,41,left,0
2127,2128,3,6799.740000000001,5989.96,2312.34,0.66796875,2127,303,BLAa,BLA,41,left,0
2128,2129,3,6799.42,5991.36,2310.98,0.66796875,2128,303,BLAa,BLA,41,left,0
2129,2130,3,6798.66,5994.679999999999,2308.92,0.58203125,2129,303,BLAa,BLA,41,left,0
2130,2131,3,6798.08,5997.380000000001,2307.4,0.91796875,2130,303,BLAa,BLA,41,left,0
2131,2132,3,6797.4400000000005,6000.5,2306.84,1.0,2131,303,BLAa,BLA,41,left,0
2132,2133,3,6797.28,6002.56,2305.6800000000003,0.83203125,2132,303,BLAa,BLA,41,left,0
2133,2134,3,6797.799999999999,6004.76,2304.5,1.25,2133,303,BLAa,BLA,41,left,0
2134,2135,3,6798.8,6006.72,2303.4400000000005,1.08203125,2134,303,BLAa,BLA,41,left,0
2135,2136,3,6800.259999999999,6008.48,2302.2000000000007,0.66796875,2135,303,BLAa,BLA,41,left,0
2136,2137,3,6800.08,6010.299999999999,2300.5999999999985,0.83203125,2136,303,BLAa,BLA,41,left,0
2137,2138,3,6799.78,6011.78,2300.1399999999994,0.13671875,2137,303,BLAa,BLA,41,left,0
2138,2139,3,6799.120000000001,6015.1,2299.8,1.08203125,2138,303,BLAa,BLA,41,left,0
2139,2140,3,6798.24,6019.5,2299.460000000001,1.25,2139,303,BLAa,BLA,41,left,0
2140,2141,3,6797.34,6023.959999999999,2299.08,1.08203125,2140,303,BLAa,BLA,41,left,0
2141,2142,3,6796.76,6026.92,2298.8600000000006,1.08203125,2141,303,BLAa,BLA,41,left,0
2142,2143,3,6796.54,6028.92,2298.0600000000013,1.16796875,2142,303,BLAa,BLA,41,left,0
2143,2144,3,6797.68,6030.320000000001,2296.900000000001,0.75,2143,303,BLAa,BLA,41,left,0
2144,2145,3,6798.780000000001,6032.98,2295.4400000000005,0.83203125,2144,303,BLAa,BLA,41,left,0
2145,2146,3,6799.24,6035.54,2295.0200000000004,1.0,2145,303,BLAa,BLA,41,left,0
2146,2147,3,6799.92,6038.42,2294.32,1.0,2146,303,BLAa,BLA,41,left,0
2147,2148,3,6801.5,6039.84,2293.1800000000003,0.5,2147,303,BLAa,BLA,41,left,0
2148,2149,3,6802.74,6041.98,2292.720000000001,0.83203125,2148,303,BLAa,BLA,41,left,0
2149,2150,3,6802.58,6045.04,2292.42,1.0,2149,303,BLAa,BLA,41,left,0
2150,2151,3,6802.54,6047.780000000001,2292.16,1.0,2150,303,BLAa,BLA,41,left,0
2151,2152,3,6802.34,6052.06,2291.76,1.0,2151,303,BLAa,BLA,41,left,0
2152,2153,3,6801.58,6055.74,2291.5200000000004,1.0,2152,303,BLAa,BLA,41,left,0
2153,2154,3,6801.08,6058.379999999999,2291.900000000001,0.66796875,2153,303,BLAa,BLA,41,left,0
2154,2155,3,6800.299999999999,6062.380000000001,2292.34,1.0,2154,303,BLAa,BLA,41,left,0
2155,2156,3,6800.1,6065.8,2292.140000000001,0.91796875,2155,303,BLAa,BLA,41,left,0
2156,2157,3,6800.599999999999,6068.62,2292.6399999999994,0.66796875,2156,303,BLAa,BLA,41,left,0
2157,2158,3,6801.7,6073.86,2292.5,1.0,2157,303,BLAa,BLA,41,left,0
2158,2159,3,6802.84,6076.34,2291.9399999999987,0.58203125,2158,303,BLAa,BLA,41,left,0
2159,2160,3,6803.5,6078.88,2290.539999999999,1.0,2159,303,BLAa,BLA,41,left,0
2160,2161,3,6803.88,6081.54,2289.379999999999,0.5,2160,303,BLAa,BLA,41,left,0
2161,2162,3,6805.299999999999,6082.619999999999,2288.58,1.0,2161,303,BLAa,BLA,41,left,1
2162,2163,3,6816.08,5939.26,2360.3,1.0,1334,303,BLAa,BLA,42,left,0
2163,2164,3,6819.0,5937.64,2360.220000000001,1.0,2163,303,BLAa,BLA,42,left,0
2164,2165,3,6821.54,5937.16,2360.220000000001,1.0,2164,303,BLAa,BLA,42,left,0
2165,2166,3,6823.64,5936.76,2360.9400000000005,1.25,2165,303,BLAa,BLA,42,left,0
2166,2167,3,6826.4,5935.9400000000005,2361.16,1.0,2166,303,BLAa,BLA,42,left,0
2167,2168,3,6812.86,5942.56,2361.08,1.16796875,1334,303,BLAa,BLA,43,left,0
2168,2169,3,6814.700000000001,5944.48,2361.4400000000005,1.0,2168,303,BLAa,BLA,43,left,0
2169,2170,3,6816.12,5946.12,2362.039999999999,0.66796875,2169,303,BLAa,BLA,43,left,0
2170,2171,3,6818.04,5948.12,2362.82,0.83203125,2170,303,BLAa,BLA,43,left,0
2171,2172,3,6819.64,5949.700000000001,2363.5599999999995,1.5,2171,303,BLAa,BLA,43,left,0
2172,2173,3,6821.1,5950.860000000001,2365.1399999999994,1.0,2172,303,BLAa,BLA,43,left,0
2173,2174,3,6823.02,5951.52,2367.119999999999,1.0,2173,303,BLAa,BLA,43,left,0
2174,2175,3,6824.360000000001,5951.94,2369.08,1.0,2174,303,BLAa,BLA,43,left,0
2175,2176,3,6825.900000000001,5952.36,2372.540000000001,1.0,2175,303,BLAa,BLA,43,left,0
2176,2177,3,6827.4400000000005,5954.0,2375.3,0.66796875,2176,303,BLAa,BLA,43,left,0
2177,2178,3,6828.22,5955.5,2376.84,0.83203125,2177,303,BLAa,BLA,43,left,0
2178,2179,3,6829.139999999999,5956.639999999999,2376.960000000001,1.0,2178,303,BLAa,BLA,43,left,0
2179,2180,3,6830.96,5958.28,2378.279999999999,0.02734375,2179,303,BLAa,BLA,43,left,0
2180,2181,3,6830.98,5961.0,2380.3599999999988,1.0,2180,303,BLAa,BLA,43,left,0
2181,2182,3,6831.38,5963.22,2381.58,1.58203125,2181,303,BLAa,BLA,43,left,0
2182,2183,3,6833.86,5965.879999999999,2381.2000000000007,1.0,2182,303,BLAa,BLA,43,left,0
2183,2184,3,6835.1,5968.88,2380.5999999999985,0.83203125,2183,303,BLAa,BLA,43,left,0
2184,2185,3,6835.44,5971.06,2379.5,1.41796875,2184,303,BLAa,BLA,43,left,0
2185,2186,3,6836.639999999999,5972.820000000001,2378.880000000001,1.25,2185,303,BLAa,BLA,43,left,0
2186,2187,3,6836.72,5975.48,2378.6000000000004,1.58203125,2186,303,BLAa,BLA,43,left,0
2187,2188,3,6836.2,5978.139999999999,2378.379999999999,1.83203125,2187,303,BLAa,BLA,43,left,0
2188,2189,3,6836.82,5980.56,2378.08,1.0,2188,303,BLAa,BLA,43,left,0
2189,2190,3,6838.66,5981.52,2377.84,1.25,2189,303,BLAa,BLA,43,left,0
2190,2191,3,6811.92,5920.36,2366.119999999999,0.0546875,1340,303,BLAa,BLA,44,left,0
2191,2192,3,6813.16,5918.74,2368.4,1.0,2191,303,BLAa,BLA,44,left,0
2192,2193,3,6814.06,5917.0,2370.16,0.75,2192,303,BLAa,BLA,44,left,0
2193,2194,3,6815.24,5916.14,2371.42,0.91796875,2193,303,BLAa,BLA,44,left,0
2194,2195,3,6817.54,5915.599999999999,2372.540000000001,0.5,2194,303,BLAa,BLA,44,left,0
2195,2196,3,6818.46,5914.099999999999,2373.9400000000005,0.91796875,2195,303,BLAa,BLA,44,left,0
2196,2197,3,6820.74,5912.799999999999,2376.2000000000007,0.5,2196,303,BLAa,BLA,44,left,0
2197,2198,3,6823.08,5912.780000000001,2377.6800000000003,1.0,2197,303,BLAa,BLA,44,left,0
2198,2199,3,6824.22,5911.54,2378.8,0.83203125,2198,303,BLAa,BLA,44,left,0
2199,2200,3,6825.860000000001,5911.219999999999,2379.2800000000007,0.83203125,2199,303,BLAa,BLA,44,left,0
2200,2201,3,6826.5,5911.42,2380.380000000001,1.41796875,2200,303,BLAa,BLA,44,left,0
2201,2202,3,6811.219999999999,5917.94,2364.3600000000006,0.01953125,1340,303,BLAa,BLA,45,left,0
2202,2203,3,6811.5,5915.06,2365.6800000000003,1.0,2202,303,BLAa,BLA,45,left,0
2203,2204,3,6811.54,5912.4,2366.2800000000007,1.0,2203,303,BLAa,BLA,45,left,0
2204,2205,3,6810.5,5909.64,2367.4400000000005,1.41796875,2204,303,BLAa,BLA,45,left,0
2387,2388,3,6769.26,5966.68,2354.220000000001,0.0546875,1695,303,BLAa,BLA,50,left,0
2388,2389,3,6767.4800000000005,5968.82,2354.6000000000004,1.0,2388,303,BLAa,BLA,50,left,0
2389,2390,3,6766.799999999999,5971.06,2355.5200000000004,0.91796875,2389,303,BLAa,BLA,50,left,0
2390,2391,3,6766.0,5973.26,2355.5200000000004,1.0,2390,303,BLAa,BLA,50,left,0
2391,2392,3,6763.32,5974.52,2355.620000000001,1.0,2391,303,BLAa,BLA,50,left,0
2392,2393,3,6761.620000000001,5975.879999999999,2355.6399999999994,1.0,2392,303,BLAa,BLA,50,left,0
2393,2394,3,6759.92,5978.200000000001,2355.539999999999,0.83203125,2393,303,BLAa,BLA,50,left,0
2394,2395,3,6758.06,5980.18,2355.5,1.0,2394,303,BLAa,BLA,50,left,0
2395,2396,3,6756.36,5982.14,2355.460000000001,1.0,2395,303,BLAa,BLA,50,left,0
2396,2397,3,6754.24,5982.58,2356.1399999999994,1.33203125,2396,303,BLAa,BLA,50,left,0
2397,2398,3,6753.62,5984.08,2356.82,1.0,2397,303,BLAa,BLA,50,left,0
2398,2399,3,6752.72,5986.92,2356.6800000000003,0.0546875,2398,303,BLAa,BLA,50,left,0
2399,2400,3,6750.92,5987.92,2356.74,0.75,2399,303,BLAa,BLA,50,left,0
2400,2401,3,6749.139999999999,5988.959999999999,2356.8,1.0,2400,303,BLAa,BLA,50,left,0
2401,2402,3,6746.76,5989.82,2357.26,1.08203125,2401,303,BLAa,BLA,50,left,0
2402,2403,3,6745.74,5990.58,2358.120000000001,0.83203125,2402,303,BLAa,BLA,50,left,0
2403,2404,3,6744.66,5993.92,2358.08,1.0,2403,303,BLAa,BLA,50,left,0
2404,2405,3,6743.959999999999,5996.52,2357.880000000001,1.0,2404,303,BLAa,BLA,50,left,0
2405,2406,3,6742.74,5998.46,2357.7800000000007,1.0,2405,303,BLAa,BLA,50,left,0
2406,2407,3,6741.98,6000.599999999999,2357.6399999999994,1.0,2406,303,BLAa,BLA,50,left,0
2407,2408,3,6740.76,6002.56,2357.540000000001,1.0,2407,303,BLAa,BLA,50,left,0
2408,2409,3,6739.26,6004.78,2357.4400000000005,1.08203125,2408,303,BLAa,BLA,50,left,0
2409,2410,3,6737.219999999999,6005.08,2357.6000000000004,1.16796875,2409,303,BLAa,BLA,50,left,0
2410,2411,3,6735.72,6006.639999999999,2357.5599999999995,1.0,2410,303,BLAa,BLA,50,left,0
2411,2412,3,6734.0,6007.4400000000005,2357.98,1.16796875,2411,303,BLAa,BLA,50,left,0
2412,2413,3,6732.52,6009.26,2359.5599999999995,0.58203125,2412,303,BLAa,BLA,50,left,0
2413,2414,3,6731.18,6010.78,2360.620000000001,0.5,2413,303,BLAa,BLA,50,left,0
2414,2415,3,6729.62,6012.820000000001,2362.26,0.83203125,2414,303,BLAa,BLA,50,left,0
2415,2416,3,6728.24,6014.2,2363.32,0.5,2415,303,BLAa,BLA,50,left,0
2416,2417,3,6726.26,6015.460000000001,2364.74,0.75,2416,303,BLAa,BLA,50,left,0
2417,2418,3,6724.82,6016.58,2365.66,1.0,2417,303,BLAa,BLA,50,left,0
2418,2419,3,6722.759999999999,6018.22,2365.879999999999,1.0,2418,303,BLAa,BLA,50,left,0
2419,2420,3,6720.299999999999,6019.48,2365.959999999999,0.75,2419,303,BLAa,BLA,50,left,0
2420,2421,3,6718.08,6019.539999999999,2366.2800000000007,1.16796875,2420,303,BLAa,BLA,50,left,0
2421,2422,3,6716.96,6020.22,2367.119999999999,0.83203125,2421,303,BLAa,BLA,50,left,0
2422,2423,3,6714.32,6021.219999999999,2368.0600000000013,1.16796875,2422,303,BLAa,BLA,50,left,0
2423,2424,3,6712.58,6022.1,2369.0,1.16796875,2423,303,BLAa,BLA,50,left,0
2424,2425,3,6709.880000000001,6022.88,2369.48,1.08203125,2424,303,BLAa,BLA,50,left,0
2425,2426,3,6708.22,6023.719999999999,2370.42,0.5,2425,303,BLAa,BLA,50,left,0
2426,2427,3,6705.38,6024.5,2371.1000000000004,0.5,2426,303,BLAa,BLA,50,left,0
2427,2428,3,6703.6,6025.0,2372.08,0.66796875,2427,303,BLAa,BLA,50,left,0
2428,2429,3,6700.08,6027.820000000001,2372.459999999999,1.0,2428,303,BLAa,BLA,50,left,0
2429,2430,3,6698.400000000001,6029.32,2372.22,0.83203125,2429,303,BLAa,BLA,50,left,0
2430,2431,3,6697.98,6030.04,2371.0200000000004,1.33203125,2430,303,BLAa,BLA,50,left,0
2431,2432,3,6769.24,5966.3,2353.2000000000007,0.11328125,1695,303,BLAa,BLA,51,left,0
2432,2433,3,6767.219999999999,5966.599999999999,2352.960000000001,0.66796875,2432,303,BLAa,BLA,51,left,0
2433,2434,3,6765.68,5967.16,2352.1000000000004,0.83203125,2433,303,BLAa,BLA,51,left,0
2434,2435,3,6762.94,5968.46,2351.0599999999995,0.75,2434,303,BLAa,BLA,51,left,0
2435,2436,3,6761.56,5970.06,2349.640000000001,0.91796875,2435,303,BLAa,BLA,51,left,0
2436,2437,3,6759.64,5970.5,2348.880000000001,1.0,2436,303,BLAa,BLA,51,left,0
2437,2438,3,6758.88,5971.92,2347.140000000001,1.0,2437,303,BLAa,BLA,51,left,0
2438,2439,3,6757.86,5974.02,2345.040000000001,0.66796875,2438,303,BLAa,BLA,51,left,0
2439,2440,3,6756.219999999999,5974.82,2343.76,0.58203125,2439,303,BLAa,BLA,51,left,0
2440,2441,3,6754.46,5975.2,2342.380000000001,1.0,2440,303,BLAa,BLA,51,left,0
2441,2442,3,6752.72,5974.539999999999,2341.58,1.0,2441,303,BLAa,BLA,51,left,0
2442,2443,3,6750.66,5973.7,2341.5,0.0546875,2442,303,BLAa,BLA,51,left,0
2443,2444,3,6749.04,5972.619999999999,2341.720000000001,1.0,2443,303,BLAa,BLA,51,left,0
2444,2445,3,6747.34,5970.78,2342.0599999999995,0.91796875,2444,303,BLAa,BLA,51,left,0
2445,2446,3,6745.22,5969.78,2342.1000000000004,0.75,2445,303,BLAa,BLA,51,left,0
2446,2447,3,6742.820000000001,5968.82,2341.3600000000006,0.91796875,2446,303,BLAa,BLA,51,left,0
2447,2448,3,6740.14,5968.339999999999,2341.540000000001,1.0,2447,303,BLAa,BLA,51,left,0
2448,2449,3,6737.92,5968.32,2341.74,0.91796875,2448,303,BLAa,BLA,51,left,0
2449,2450,3,6735.14,5967.34,2342.08,1.0,2449,303,BLAa,BLA,51,left,0
2450,2451,3,6732.92,5967.42,2342.26,0.75,2450,303,BLAa,BLA,51,left,0
2451,2452,3,6729.56,5967.12,2342.540000000001,1.0,2451,303,BLAa,BLA,51,left,0
2452,2453,3,6727.68,5967.56,2341.960000000001,1.0,2452,303,BLAa,BLA,51,left,0
2453,2454,3,6725.280000000001,5967.88,2341.34,0.75,2453,303,BLAa,BLA,51,left,0
2454,2455,3,6724.139999999999,5967.68,2340.220000000001,1.0,2454,303,BLAa,BLA,51,left,0
2455,2456,3,6833.24,6002.240000000001,2267.540000000001,0.0078125,1741,303,BLAa,BLA,52,left,0
2456,2457,3,6831.84,6002.16,2266.960000000001,1.0,2456,303,BLAa,BLA,52,left,0
2457,2458,3,6831.4800000000005,6002.240000000001,2263.98,1.0,2457,303,BLAa,BLA,52,left,0
2458,2459,3,6831.34,6002.380000000001,2261.3,1.0,2458,303,BLAa,BLA,52,left,0
2459,2460,3,6831.24,6002.12,2258.5200000000004,1.0,2459,303,BLAa,BLA,52,left,0
2460,2461,3,6830.839999999999,6001.12,2256.7800000000007,0.91796875,2460,303,BLAa,BLA,52,left,0
2461,2462,3,6830.119999999999,6000.82,2254.400000000001,1.0,2461,303,BLAa,BLA,52,left,0
2462,2463,3,6829.9800000000005,6000.16,2252.84,0.5,2462,303,BLAa,BLA,52,left,0
2463,2464,3,6828.9800000000005,5998.9800000000005,2252.6399999999994,0.83203125,2463,303,BLAa,BLA,52,left,0
2464,2465,3,6827.92,5998.64,2250.4400000000005,1.0,2464,303,BLAa,BLA,52,left,0
2465,2466,3,6827.7,5999.18,2248.0,1.25,2465,303,BLAa,BLA,52,left,0
2466,2467,3,6826.96,6001.040000000001,2246.119999999999,0.5,2466,303,BLAa,BLA,52,left,0
2467,2468,3,6825.76,6003.06,2245.5200000000004,0.75,2467,303,BLAa,BLA,52,left,0
2468,2469,3,6825.259999999999,6004.46,2243.72,1.0,2468,303,BLAa,BLA,52,left,0
2469,2470,3,6824.740000000001,6004.42,2241.7800000000007,1.0,2469,303,BLAa,BLA,52,left,0
2470,2471,3,6823.139999999999,6005.5,2240.040000000001,0.66796875,2470,303,BLAa,BLA,52,left,0
2471,2472,3,6821.84,6007.240000000001,2238.959999999999,1.08203125,2471,303,BLAa,BLA,52,left,0
2472,2473,3,6819.84,6008.22,2238.66,1.0,2472,303,BLAa,BLA,52,left,0
2473,2474,3,6819.139999999999,6009.64,2238.34,1.16796875,2473,303,BLAa,BLA,52,left,0
2474,2475,3,6817.94,6010.04,2237.4,1.0,2474,303,BLAa,BLA,52,left,0
2475,2476,3,6816.24,6009.38,2237.22,0.5,2475,303,BLAa,BLA,52,left,0
2476,2477,3,6815.48,6009.18,2236.119999999999,1.0,2476,303,BLAa,BLA,52,left,1
2477,2478,3,6838.28,6001.58,2266.22,0.015625,1741,303,BLAa,BLA,53,left,0
2478,2479,3,6840.52,6002.58,2264.58,0.75,2478,303,BLAa,BLA,53,left,0
2479,2480,3,6842.68,6003.5,2263.58,0.75,2479,303,BLAa,BLA,53,left,0
2480,2481,3,6844.9400000000005,6004.48,2262.24,0.91796875,2480,303,BLAa,BLA,53,left,0
2481,2482,3,6847.08,6005.36,2261.6399999999994,1.0,2481,303,BLAa,BLA,53,left,0
2482,2483,3,6848.82,6005.9400000000005,2260.42,0.91796875,2482,303,BLAa,BLA,53,left,0
2483,2484,3,6850.76,6005.76,2259.76,1.16796875,2483,303,BLAa,BLA,53,left,0
2484,2485,3,6853.02,6006.38,2258.0,1.16796875,2484,303,BLAa,BLA,53,left,0
2485,2486,3,6855.299999999999,6007.4400000000005,2255.7000000000007,0.75,2485,311,BLAp,BLA,53,left,0
2486,2487,3,6856.96,6008.200000000001,2254.32,1.0,2486,311,BLAp,BLA,53,left,0
2487,2488,3,6859.18,6008.82,2253.4,0.5,2487,311,BLAp,BLA,53,left,0
2488,2489,3,6861.18,6008.52,2252.4400000000005,0.58203125,2488,311,BLAp,BLA,53,left,0
2489,2490,3,6863.88,6008.06,2251.6399999999994,0.66796875,2489,311,BLAp,BLA,53,left,0
2490,2491,3,6865.38,6007.84,2250.6800000000003,1.08203125,2490,311,BLAp,BLA,53,left,0
2491,2492,3,6867.98,6006.84,2249.5599999999995,1.33203125,2491,311,BLAp,BLA,53,left,0
2492,2493,3,6869.82,6005.62,2248.58,0.91796875,2492,311,BLAp,BLA,53,left,0
2493,2494,3,6872.06,6004.28,2247.24,1.0,2493,311,BLAp,BLA,53,left,0
2494,2495,3,6874.26,6003.76,2245.879999999999,1.0,2494,311,BLAp,BLA,53,left,0
2495,2496,3,6876.4800000000005,6003.86,2244.34,0.91796875,2495,311,BLAp,BLA,53,left,0
2496,2497,3,6878.16,6004.62,2242.7800000000007,1.0,2496,311,BLAp,BLA,53,left,0
2497,2498,3,6879.02,6004.28,2241.3600000000006,0.75,2497,311,BLAp,BLA,53,left,0
2498,2499,3,6880.119999999999,6002.72,2240.800000000001,0.91796875,2498,311,BLAp,BLA,53,left,0
2499,2500,3,6882.08,6002.58,2239.5599999999995,1.0,2499,311,BLAp,BLA,53,left,0
2500,2501,3,6883.92,6001.219999999999,2237.9400000000005,0.5,2500,311,BLAp,BLA,53,left,0
2501,2502,3,6885.18,6001.459999999999,2236.8600000000006,0.91796875,2501,311,BLAp,BLA,53,left,0
2502,2503,3,6885.900000000001,5999.32,2234.9400000000005,0.03515625,2502,311,BLAp,BLA,53,left,1
2503,2504,3,6799.66,5973.32,2369.6800000000003,0.01171875,1815,303,BLAa,BLA,54,left,0
2504,2505,3,6801.34,5975.14,2370.2800000000007,0.5,2504,303,BLAa,BLA,54,left,0
2505,2506,3,6803.22,5977.06,2370.24,0.66796875,2505,303,BLAa,BLA,54,left,0
2506,2507,3,6804.22,5977.5,2371.3600000000006,1.0,2506,303,BLAa,BLA,54,left,0
2507,2508,3,6806.26,5979.9800000000005,2370.9400000000005,0.02734375,2507,303,BLAa,BLA,54,left,0
2508,2509,3,6807.6,5981.900000000001,2370.620000000001,1.0,2508,303,BLAa,BLA,54,left,0
2509,2510,3,6809.52,5983.9800000000005,2371.66,0.91796875,2509,303,BLAa,BLA,54,left,0
2510,2511,3,6810.4,5985.78,2372.58,0.66796875,2510,303,BLAa,BLA,54,left,0
2511,2512,3,6812.380000000001,5988.400000000001,2373.0,1.0,2511,303,BLAa,BLA,54,left,0
2512,2513,3,6813.719999999999,5990.48,2373.3600000000006,0.66796875,2512,303,BLAa,BLA,54,left,0
2513,2514,3,6796.4800000000005,5972.64,2369.72,0.1015625,1815,303,BLAa,BLA,55,left,0
2514,2515,3,6796.06,5975.34,2370.6399999999994,0.91796875,2514,303,BLAa,BLA,55,left,0
2515,2516,3,6795.56,5978.48,2371.900000000001,1.0,2515,303,BLAa,BLA,55,left,0
2516,2517,3,6795.24,5980.460000000001,2372.66,1.25,2516,303,BLAa,BLA,55,left,0
2517,2518,3,6794.32,5983.74,2373.0,1.0,2517,303,BLAa,BLA,55,left,0
2518,2519,3,6793.06,5985.74,2373.6000000000004,1.5,2518,303,BLAa,BLA,55,left,0
2519,2520,3,6791.0,5986.459999999999,2374.34,1.0,2519,303,BLAa,BLA,55,left,0
2520,2521,3,6807.54,6018.06,2352.140000000001,0.08203125,1837,303,BLAa,BLA,56,left,0
2521,2522,3,6806.94,6020.900000000001,2351.22,0.75,2521,303,BLAa,BLA,56,left,0
2522,2523,3,6806.56,6022.6,2350.16,1.08203125,2522,303,BLAa,BLA,56,left,0
2523,2524,3,6806.76,6025.16,2349.640000000001,0.66796875,2523,303,BLAa,BLA,56,left,0
2524,2525,3,6807.820000000001,6027.1,2348.82,1.0,2524,303,BLAa,BLA,56,left,0
2525,2526,3,6809.08,6028.540000000001,2347.8,0.5,2525,303,BLAa,BLA,56,left,0
2526,2527,3,6811.54,6030.98,2347.16,0.66796875,2526,303,BLAa,BLA,56,left,0
2527,2528,3,6812.6,6032.6,2345.98,0.66796875,2527,303,BLAa,BLA,56,left,0
2528,2529,3,6814.26,6034.42,2344.959999999999,0.75,2528,303,BLAa,BLA,56,left,0
2529,2530,3,6816.36,6036.18,2342.98,0.5,2529,303,BLAa,BLA,56,left,0
2530,2531,3,6817.759999999999,6037.98,2341.9399999999987,1.0,2530,303,BLAa,BLA,56,left,0
2531,2532,3,6818.200000000001,6041.040000000001,2341.5599999999995,1.0,2531,303,BLAa,BLA,56,left,0
2532,2533,3,6817.36,6045.2,2341.22,1.0,2532,303,BLAa,BLA,56,left,0
2533,2534,3,6816.459999999999,6049.66,2340.84,1.0,2533,303,BLAa,BLA,56,left,0
2534,2535,3,6815.92,6052.36,2340.8600000000006,0.75,2534,303,BLAa,BLA,56,left,0
2535,2536,3,6815.639999999999,6053.959999999999,2341.6399999999994,0.5,2535,303,BLAa,BLA,56,left,0
2536,2537,3,6815.0,6057.12,2341.620000000001,1.0,2536,303,BLAa,BLA,56,left,0
2537,2538,3,6814.120000000001,6061.5,2341.26,1.0,2537,303,BLAa,BLA,56,left,0
2538,2539,3,6813.52,6064.44,2341.0200000000004,1.0,2538,303,BLAa,BLA,56,left,0
2539,2540,3,6813.08,6066.58,2340.84,1.0,2539,303,BLAa,BLA,56,left,0
2540,2541,3,6812.0,6066.96,2340.9,0.16796875,2540,303,BLAa,BLA,56,left,0
2541,2542,3,6811.16,6070.04,2340.66,1.25,2541,303,BLAa,BLA,56,left,0
2542,2543,3,6810.4,6073.74,2340.32,1.0,2542,303,BLAa,BLA,56,left,0
2543,2544,3,6809.8,6076.42,2339.5200000000004,1.41796875,2543,303,BLAa,BLA,56,left,0
2544,2545,3,6809.02,6079.700000000001,2337.58,0.83203125,2544,303,BLAa,BLA,56,left,0
2545,2546,3,6808.540000000001,6081.56,2335.84,0.75,2545,303,BLAa,BLA,56,left,0
2546,2547,3,6807.98,6083.92,2334.1800000000003,0.83203125,2546,303,BLAa,BLA,56,left,0
2547,2548,3,6807.4,6086.639999999999,2333.74,1.25,2547,303,BLAa,BLA,56,left,0
2548,2549,3,6806.799999999999,6089.32,2332.66,0.58203125,2548,303,BLAa,BLA,56,left,0
2549,2550,3,6806.040000000001,6092.68,2331.4,1.33203125,2549,303,BLAa,BLA,56,left,0
2550,2551,3,6805.92,6095.38,2330.3599999999988,1.0,2550,303,BLAa,BLA,56,left,0
2551,2552,3,6806.98,6096.7,2329.640000000001,0.83203125,2551,303,BLAa,BLA,56,left,0
2552,2553,3,6807.4400000000005,6098.06,2327.459999999999,0.5,2552,303,BLAa,BLA,56,left,0
2553,2554,3,6807.64,6100.599999999999,2326.900000000001,1.08203125,2553,303,BLAa,BLA,56,left,0
2554,2555,3,6807.16,6102.98,2324.779999999999,0.0390625,2554,303,BLAa,BLA,56,left,0
2555,2556,3,6806.56,6106.5,2323.6000000000004,1.0,2555,303,BLAa,BLA,56,left,0
2556,2557,3,6806.78,6108.68,2322.76,0.75,2556,303,BLAa,BLA,56,left,0
2557,2558,3,6806.36,6111.84,2321.540000000001,0.83203125,2557,303,BLAa,BLA,56,left,0
2558,2559,3,6806.68,6112.98,2320.48,0.5,2558,303,BLAa,BLA,56,left,0
2559,2560,3,6807.9,6114.740000000001,2319.98,1.0,2559,303,BLAa,BLA,56,left,0
2560,2561,3,6808.3,6117.92,2319.48,0.91796875,2560,303,BLAa,BLA,56,left,0
2561,2562,3,6808.74,6121.12,2317.98,0.5,2561,303,BLAa,BLA,56,left,0
2562,2563,3,6810.259999999999,6122.4800000000005,2316.48,1.0,2562,303,BLAa,BLA,56,left,0
2563,2564,3,6810.68,6124.139999999999,2314.8600000000006,1.83203125,2563,303,BLAa,BLA,56,left,0
2564,2565,3,6810.52,6127.06,2314.42,1.0,2564,303,BLAa,BLA,56,left,0
2565,2566,3,6810.68,6129.38,2314.040000000001,0.91796875,2565,303,BLAa,BLA,56,left,0
2566,2567,3,6811.4,6131.219999999999,2312.74,0.66796875,2566,303,BLAa,BLA,56,left,0
2567,2568,3,6812.86,6132.759999999999,2312.32,1.0,2567,303,BLAa,BLA,56,left,0
2568,2569,3,6812.86,6136.14,2311.26,0.0390625,2568,303,BLAa,BLA,56,left,0
2569,2570,3,6813.099999999999,6139.52,2310.26,0.91796875,2569,303,BLAa,BLA,56,left,0
2570,2571,3,6812.52,6142.66,2309.199999999999,1.5,2570,303,BLAa,BLA,56,left,0
2571,2572,3,6812.14,6144.0,2307.58,0.91796875,2571,303,BLAa,BLA,56,left,1
2572,2573,3,6808.780000000001,6017.5,2353.0200000000004,0.11328125,1837,303,BLAa,BLA,57,left,0
2573,2574,3,6810.5,6018.9,2352.74,1.0,2573,303,BLAa,BLA,57,left,0
2574,2575,3,6811.78,6021.18,2352.4,1.0,2574,303,BLAa,BLA,57,left,0
2575,2576,3,6814.06,6024.58,2351.879999999999,1.0,2575,303,BLAa,BLA,57,left,0
2576,2577,3,6815.599999999999,6026.72,2351.380000000001,1.0,2576,303,BLAa,BLA,57,left,0
2577,2578,3,6817.1,6027.619999999999,2350.16,0.83203125,2577,303,BLAa,BLA,57,left,0
2578,2579,3,6818.62,6029.22,2349.640000000001,1.0,2578,303,BLAa,BLA,57,left,0
2579,2580,3,6819.62,6031.219999999999,2349.3600000000006,1.0,2579,303,BLAa,BLA,57,left,0
2580,2581,3,6821.36,6033.56,2348.98,0.91796875,2580,303,BLAa,BLA,57,left,0
2581,2582,3,6822.88,6035.96,2348.619999999999,0.5,2581,303,BLAa,BLA,57,left,0
2582,2583,3,6824.66,6037.4,2348.34,0.66796875,2582,303,BLAa,BLA,57,left,0
2583,2584,3,6826.639999999999,6039.5,2347.960000000001,1.0,2583,303,BLAa,BLA,57,left,0
2584,2585,3,6828.32,6041.2,2347.58,1.0,2584,303,BLAa,BLA,57,left,0
2585,2586,3,6829.46,6042.34,2346.5599999999995,1.0,2585,303,BLAa,BLA,57,left,0
2586,2587,3,6831.24,6044.04,2345.74,1.25,2586,303,BLAa,BLA,57,left,0
2587,2588,3,6832.74,6046.639999999999,2345.3599999999988,0.58203125,2587,303,BLAa,BLA,57,left,0
2588,2589,3,6834.38,6048.74,2345.0200000000004,0.83203125,2588,303,BLAa,BLA,57,left,0
2589,2590,3,6835.08,6050.42,2344.8,0.0703125,2589,303,BLAa,BLA,57,left,0
2590,2591,3,6836.72,6052.66,2344.4399999999987,1.0,2590,303,BLAa,BLA,57,left,0
2591,2592,3,6837.72,6054.62,2344.16,1.0,2591,303,BLAa,BLA,57,left,0
2592,2593,3,6839.56,6056.92,2343.959999999999,1.0,2592,303,BLAa,BLA,57,left,0
2593,2594,3,6840.82,6058.22,2344.58,0.75,2593,303,BLAa,BLA,57,left,0
2594,2595,3,6842.36,6060.08,2344.640000000001,0.91796875,2594,303,BLAa,BLA,57,left,0
2595,2596,3,6844.28,6061.639999999999,2344.32,1.0,2595,303,BLAa,BLA,57,left,0
2596,2597,3,6845.8,6063.52,2344.0200000000004,0.5,2596,303,BLAa,BLA,57,left,0
2597,2598,3,6847.56,6066.92,2343.540000000001,1.0,2597,303,BLAa,BLA,57,left,0
2598,2599,3,6848.48,6069.08,2343.24,0.5,2598,303,BLAa,BLA,57,left,0
2599,2600,3,6849.740000000001,6070.98,2342.960000000001,0.83203125,2599,303,BLAa,BLA,57,left,0
2600,2601,3,6851.34,6072.06,2342.720000000001,0.75,2600,303,BLAa,BLA,57,left,0
2601,2602,3,6853.339999999999,6074.04,2342.4400000000005,0.66796875,2601,303,BLAa,BLA,57,left,0
2602,2603,3,6855.4,6075.2,2342.98,0.91796875,2602,303,BLAa,BLA,57,left,0
2603,2604,3,6857.42,6077.5,2343.08,0.75,2603,303,BLAa,BLA,57,left,0
2604,2605,3,6859.28,6079.9800000000005,2342.7000000000007,0.91796875,2604,303,BLAa,BLA,57,left,0
2605,2606,3,6860.5,6082.780000000001,2342.32,1.0,2605,303,BLAa,BLA,57,left,0
2606,2607,3,6862.380000000001,6084.0,2342.039999999999,1.0,2606,303,BLAa,BLA,57,left,0
2607,2608,3,6863.42,6084.34,2343.08,0.16796875,2607,303,BLAa,BLA,57,left,0
2608,2609,3,6865.04,6085.92,2343.039999999999,1.16796875,2608,311,BLAp,BLA,57,left,0
2609,2610,3,6866.54,6088.28,2342.6800000000003,0.75,2609,311,BLAp,BLA,57,left,0
2610,2611,3,6868.719999999999,6090.4,2342.66,1.08203125,2610,311,BLAp,BLA,57,left,0
2611,2612,3,6870.14,6092.28,2343.5200000000004,0.5,2611,311,BLAp,BLA,57,left,0
2612,2613,3,6870.58,6094.6,2344.959999999999,0.66796875,2612,311,BLAp,BLA,57,left,0
2613,2614,3,6870.879999999999,6096.26,2345.7000000000007,0.91796875,2613,311,BLAp,BLA,57,left,0
2614,2615,3,6872.46,6098.379999999999,2346.0200000000004,1.0,2614,311,BLAp,BLA,57,left,0
2615,2616,3,6873.62,6100.34,2346.76,1.0,2615,311,BLAp,BLA,57,left,0
2616,2617,3,6874.82,6102.36,2347.48,0.5,2616,311,BLAp,BLA,57,left,0
2617,2618,3,6876.42,6104.360000000001,2347.24,0.75,2617,311,BLAp,BLA,57,left,0
2618,2619,3,6878.379999999999,6106.639999999999,2346.8600000000006,0.58203125,2618,311,BLAp,BLA,57,left,0
2619,2620,3,6880.92,6109.120000000001,2346.42,0.58203125,2619,311,BLAp,BLA,57,left,0
2620,2621,3,6881.56,6111.1,2346.1800000000003,1.0,2620,311,BLAp,BLA,57,left,0
2621,2622,3,6882.4800000000005,6112.68,2344.640000000001,0.0546875,2621,311,BLAp,BLA,57,left,0
2622,2623,3,6885.259999999999,6114.64,2344.16,1.16796875,2622,311,BLAp,BLA,57,left,0
2623,2624,3,6887.179999999999,6115.639999999999,2343.92,1.16796875,2623,311,BLAp,BLA,57,left,0
2624,2625,3,6888.64,6117.34,2343.48,1.0,2624,311,BLAp,BLA,57,left,0
2625,2626,3,6890.52,6119.02,2342.1000000000004,0.5,2625,311,BLAp,BLA,57,left,0
2626,2627,3,6891.4400000000005,6120.22,2340.76,1.0,2626,311,BLAp,BLA,57,left,1
2627,2628,3,6794.099999999999,5967.799999999999,2463.82,0.1484375,1969,303,BLAa,BLA,58,left,0
2628,2629,3,6795.52,5969.46,2464.640000000001,0.83203125,2628,303,BLAa,BLA,58,left,0
2629,2630,3,6796.38,5971.34,2465.2800000000007,1.0,2629,303,BLAa,BLA,58,left,0
2630,2631,3,6796.2,5972.820000000001,2466.4400000000005,1.08203125,2630,303,BLAa,BLA,58,left,0
2631,2632,3,6795.76,5975.92,2467.82,0.58203125,2631,303,BLAa,BLA,58,left,0
2632,2633,3,6795.54,5977.66,2469.0200000000004,1.16796875,2632,303,BLAa,BLA,58,left,0
2633,2634,3,6795.18,5980.02,2469.880000000001,1.25,2633,303,BLAa,BLA,58,left,0
2634,2635,3,6794.9,5983.04,2472.140000000001,1.08203125,2634,303,BLAa,BLA,58,left,0
2635,2636,3,6795.320000000001,5984.92,2473.4,0.5,2635,303,BLAa,BLA,58,left,0
2636,2637,3,6795.74,5986.32,2475.76,0.66796875,2636,303,BLAa,BLA,58,left,0
2637,2638,3,6795.5,5988.52,2477.7800000000007,0.91796875,2637,303,BLAa,BLA,58,left,0
2638,2639,3,6795.4,5990.02,2479.880000000001,0.91796875,2638,303,BLAa,BLA,58,left,0
2639,2640,3,6795.58,5992.9,2481.879999999999,1.0,2639,303,BLAa,BLA,58,left,0
2640,2641,3,6796.06,5995.320000000001,2482.6000000000004,0.83203125,2640,303,BLAa,BLA,58,left,0
2641,2642,3,6797.54,5996.98,2482.66,1.0,2641,303,BLAa,BLA,58,left,0
2642,2643,3,6798.5,5999.78,2482.279999999999,1.0,2642,303,BLAa,BLA,58,left,0
2643,2644,3,6798.04,6002.7,2482.24,1.0,2643,303,BLAa,BLA,58,left,0
2644,2645,3,6798.48,6003.9,2483.0,1.0,2644,303,BLAa,BLA,58,left,0
2645,2646,3,6800.0,6005.52,2482.92,1.0,2645,303,BLAa,BLA,58,left,0
2646,2647,3,6801.5,6008.0,2482.540000000001,0.5,2646,303,BLAa,BLA,58,left,0
2647,2648,3,6803.24,6009.740000000001,2482.2000000000007,0.5,2647,303,BLAa,BLA,58,left,0
2648,2649,3,6803.68,6012.08,2482.459999999999,0.75,2648,303,BLAa,BLA,58,left,0
2649,2650,3,6804.86,6013.719999999999,2483.1800000000003,0.5,2649,303,BLAa,BLA,58,left,0
2650,2651,3,6806.2,6017.68,2483.82,1.0,2650,303,BLAa,BLA,58,left,0
2651,2652,3,6807.54,6020.299999999999,2483.48,0.5,2651,303,BLAa,BLA,58,left,1
2652,2653,3,6793.74,5965.62,2464.5200000000004,0.109375,1969,303,BLAa,BLA,59,left,0
2653,2654,3,6794.360000000001,5963.28,2466.8600000000006,1.16796875,2653,303,BLAa,BLA,59,left,0
2654,2655,3,6794.9,5961.280000000001,2468.959999999999,0.83203125,2654,303,BLAa,BLA,59,left,0
2655,2656,3,6795.2,5960.42,2470.76,0.5,2655,303,BLAa,BLA,59,left,0
2656,2657,3,6796.82,5959.78,2472.1000000000004,1.08203125,2656,303,BLAa,BLA,59,left,0
2657,2658,3,6798.9400000000005,5959.8,2473.76,1.25,2657,303,BLAa,BLA,59,left,0
2658,2659,3,6799.84,5959.139999999999,2475.779999999999,1.0,2658,303,BLAa,BLA,59,left,0
2659,2660,3,6802.0,5959.82,2478.1399999999994,1.0,2659,303,BLAa,BLA,59,left,0
2660,2661,3,6803.32,5959.6,2480.3599999999988,1.25,2660,303,BLAa,BLA,59,left,0
2661,2662,3,6804.32,5958.9800000000005,2482.42,0.5,2661,303,BLAa,BLA,59,left,0
2662,2663,3,6805.5,5959.22,2485.3,1.0,2662,303,BLAa,BLA,59,left,0
2663,2664,3,6807.12,5959.82,2486.6399999999994,1.0,2663,303,BLAa,BLA,59,left,0
2664,2665,3,6807.820000000001,5959.48,2489.08,1.33203125,2664,303,BLAa,BLA,59,left,0
2665,2666,3,6808.48,5957.06,2491.6000000000004,1.0,2665,303,BLAa,BLA,59,left,0
2666,2667,3,6809.120000000001,5954.78,2494.1399999999994,1.91796875,2666,303,BLAa,BLA,59,left,0
2667,2668,3,6809.6,5953.08,2496.119999999999,1.33203125,2667,303,BLAa,BLA,59,left,0
2668,2669,3,6810.06,5952.1,2499.1800000000003,1.0,2668,303,BLAa,BLA,59,left,0
2669,2670,3,6809.18,5950.42,2502.24,1.25,2669,303,BLAa,BLA,59,left,0
2670,2671,3,6808.76,5948.48,2503.5,0.91796875,2670,303,BLAa,BLA,59,left,0
2671,2672,3,6828.540000000001,5936.4400000000005,2360.92,0.0546875,2167,303,BLAa,BLA,60,left,0
2672,2673,3,6830.56,5937.240000000001,2361.3,1.25,2672,303,BLAa,BLA,60,left,0
2673,2674,3,6832.5,5937.58,2362.48,1.41796875,2673,303,BLAa,BLA,60,left,0
2674,2675,3,6834.02,5937.16,2363.16,1.0,2674,303,BLAa,BLA,60,left,0
2675,2676,3,6826.799999999999,5933.16,2361.380000000001,0.11328125,2167,303,BLAa,BLA,61,left,0
2676,2677,3,6827.780000000001,5931.4,2360.879999999999,1.33203125,2676,303,BLAa,BLA,61,left,0
2677,2678,3,6828.9400000000005,5927.780000000001,2360.380000000001,1.0,2677,303,BLAa,BLA,61,left,0
2678,2679,3,6830.42,5926.36,2360.24,0.83203125,2678,303,BLAa,BLA,61,left,0
2679,2680,3,6831.599999999999,5924.120000000001,2359.220000000001,1.0,2679,303,BLAa,BLA,61,left,0
2680,2681,3,6832.1,5921.24,2359.1399999999994,1.33203125,2680,303,BLAa,BLA,61,left,0
2681,2682,3,6833.24,5920.74,2358.0999999999985,0.91796875,2681,303,BLAa,BLA,61,left,0
2682,2683,3,6835.5,5920.860000000001,2357.380000000001,0.91796875,2682,303,BLAa,BLA,61,left,0
2683,2684,3,6836.7,5919.78,2356.540000000001,0.5,2683,303,BLAa,BLA,61,left,0
2684,2685,3,6837.799999999999,5917.28,2356.5,1.0,2684,303,BLAa,BLA,61,left,0
2685,2686,3,6839.04,5915.320000000001,2356.76,0.66796875,2685,303,BLAa,BLA,61,left,0
2686,2687,3,6840.320000000001,5912.66,2358.0,0.91796875,2686,303,BLAa,BLA,61,left,0
2687,2688,3,6841.4,5910.4,2359.199999999999,1.41796875,2687,303,BLAa,BLA,61,left,0
2688,2689,3,6842.9,5907.4400000000005,2359.9400000000005,0.5,2688,303,BLAa,BLA,61,left,0
2689,2690,3,6844.400000000001,5906.900000000001,2360.6399999999994,1.5,2689,303,BLAa,BLA,61,left,0
2690,2691,3,6845.259999999999,5903.46,2361.459999999999,1.0,2690,303,BLAa,BLA,61,left,0
2691,2692,3,6845.92,5899.82,2361.76,1.0,2691,303,BLAa,BLA,61,left,0
2692,2693,3,6846.52,5897.46,2361.4,1.25,2692,303,BLAa,BLA,61,left,0
2693,2694,3,6847.9,5897.1,2360.5600000000013,0.66796875,2693,303,BLAa,BLA,61,left,0
2694,2695,3,6849.099999999999,5895.38,2360.539999999999,1.0,2694,303,BLAa,BLA,61,left,0
2695,2696,3,6850.599999999999,5891.54,2360.800000000001,0.02734375,2695,303,BLAa,BLA,61,left,0
2696,2697,3,6851.94,5888.64,2360.98,1.0,2696,303,BLAa,BLA,61,left,0
2697,2698,3,6853.56,5887.02,2361.0200000000004,1.0,2697,303,BLAa,BLA,61,left,0
2698,2699,3,6855.72,5884.86,2361.0599999999995,1.0,2698,303,BLAa,BLA,61,left,0
2699,2700,3,6857.66,5883.9800000000005,2360.98,1.0,2699,303,BLAa,BLA,61,left,0
2700,2701,3,6859.099999999999,5880.900000000001,2361.2000000000007,1.0,2700,303,BLAa,BLA,61,left,0
2701,2702,3,6859.64,5878.0,2362.08,0.58203125,2701,303,BLAa,BLA,61,left,0
2702,2703,3,6860.34,5874.46,2363.34,1.0,2702,303,BLAa,BLA,61,left,0
2703,2704,3,6860.8,5872.14,2364.539999999999,1.0,2703,303,BLAa,BLA,61,left,0
2704,2705,3,6861.219999999999,5869.48,2365.42,0.83203125,2704,303,BLAa,BLA,61,left,0
2705,2706,3,6860.92,5867.06,2366.459999999999,0.5,2705,303,BLAa,BLA,61,left,0
2706,2707,3,6861.040000000001,5863.18,2366.960000000001,1.0,2706,303,BLAa,BLA,61,left,0
2707,2708,3,6860.58,5861.1,2367.2000000000007,0.75,2707,303,BLAa,BLA,61,left,0
2708,2709,3,6860.96,5857.759999999999,2367.5,1.0,2708,303,BLAa,BLA,61,left,0
2709,2710,3,6861.459999999999,5854.84,2367.76,1.0,2709,303,BLAa,BLA,61,left,0
2710,2711,3,6861.82,5852.240000000001,2367.98,1.0,2710,303,BLAa,BLA,61,left,0
2711,2712,3,6861.4800000000005,5850.0,2368.24,1.0,2711,303,BLAa,BLA,61,left,0
2712,2713,3,6861.42,5846.88,2368.5599999999995,1.0,2712,303,BLAa,BLA,61,left,0
2713,2714,3,6860.9400000000005,5844.86,2368.8,0.75,2713,303,BLAa,BLA,61,left,0
2714,2715,3,6861.3,5841.52,2369.1000000000004,1.0,2714,303,BLAa,BLA,61,left,0
2715,2716,3,6861.799999999999,5838.58,2369.34,1.0,2715,303,BLAa,BLA,61,left,0
2716,2717,3,6862.240000000001,5836.0,2369.460000000001,0.83203125,2716,303,BLAa,BLA,61,left,0
2717,2718,3,6862.52,5834.120000000001,2368.7800000000007,0.58203125,2717,303,BLAa,BLA,61,left,0
2718,2719,3,6863.02,5831.040000000001,2368.6000000000004,0.75,2718,303,BLAa,BLA,61,left,0
2719,2720,3,6863.400000000001,5828.9,2368.1399999999994,0.58203125,2719,303,BLAa,BLA,61,left,0
2720,2721,3,6864.299999999999,5827.28,2366.82,0.5,2720,303,BLAa,BLA,61,left,0
2721,2722,3,6865.299999999999,5824.539999999999,2365.220000000001,1.0,2721,303,BLAa,BLA,61,left,0
2722,2723,3,6866.4,5823.12,2364.9,0.75,2722,303,BLAa,BLA,61,left,0
2723,2724,3,6867.14,5819.9400000000005,2365.16,1.0,2723,303,BLAa,BLA,61,left,0
2724,2725,3,6868.4400000000005,5816.68,2365.3599999999988,1.0,2724,303,BLAa,BLA,61,left,0
2725,2726,3,6869.719999999999,5815.839999999999,2365.1000000000004,0.91796875,2725,303,BLAa,BLA,61,left,0
2726,2727,3,6870.22,5815.9400000000005,2363.9,1.41796875,2726,303,BLAa,BLA,61,left,0
2727,2728,3,6870.66,5813.379999999999,2364.1000000000004,0.1171875,2727,303,BLAa,BLA,61,left,0
2728,2729,3,6872.52,5811.78,2364.1000000000004,0.83203125,2728,303,BLAa,BLA,61,left,0
2729,2730,3,6875.4,5811.3,2363.9,0.66796875,2729,303,BLAa,BLA,61,left,0
2730,2731,3,6877.88,5810.62,2363.76,0.83203125,2730,303,BLAa,BLA,61,left,0
2731,2732,3,6879.2,5808.9800000000005,2364.400000000001,0.91796875,2731,303,BLAa,BLA,61,left,0
2732,2733,3,6881.36,5808.04,2365.7000000000007,1.08203125,2732,303,BLAa,BLA,61,left,0
2733,2734,3,6883.6,5808.7,2366.26,1.0,2733,303,BLAa,BLA,61,left,1
2734,2735,3,6838.82,5983.24,2378.42,0.20703125,2190,303,BLAa,BLA,62,left,0
2735,2736,3,6838.6,5985.36,2380.1399999999994,1.0,2735,303,BLAa,BLA,62,left,0
2736,2737,3,6837.960000000001,5989.700000000001,2382.58,1.0,2736,303,BLAa,BLA,62,left,0
2737,2738,3,6838.16,5991.84,2383.9400000000005,1.08203125,2737,303,BLAa,BLA,62,left,0
2738,2739,3,6838.88,5994.38,2385.8600000000006,0.91796875,2738,303,BLAa,BLA,62,left,0
2739,2740,3,6840.299999999999,5997.0,2387.5200000000004,1.41796875,2739,303,BLAa,BLA,62,left,0
2740,2741,3,6841.82,6000.0,2388.4,1.16796875,2740,303,BLAa,BLA,62,left,0
2741,2742,3,6842.92,6002.0,2389.619999999999,1.0,2741,303,BLAa,BLA,62,left,0
2742,2743,3,6843.88,6003.74,2390.9,1.0,2742,303,BLAa,BLA,62,left,0
2743,2744,3,6846.219999999999,6007.56,2391.92,1.0,2743,303,BLAa,BLA,62,left,0
2744,2745,3,6847.46,6009.8,2392.84,1.25,2744,303,BLAa,BLA,62,left,0
2745,2746,3,6840.76,5983.9400000000005,2376.48,0.046875,2190,303,BLAa,BLA,63,left,0
2746,2747,3,6843.42,5986.72,2375.4400000000005,1.0,2746,303,BLAa,BLA,63,left,0
2747,2748,3,6845.320000000001,5987.66,2374.42,1.0,2747,303,BLAa,BLA,63,left,0
2748,2749,3,6848.08,5988.84,2373.5200000000004,1.0,2748,303,BLAa,BLA,63,left,0
2749,2750,3,6850.320000000001,5990.42,2373.1399999999994,1.0,2749,303,BLAa,BLA,63,left,0
2750,2751,3,6851.52,5991.84,2372.32,1.0,2750,303,BLAa,BLA,63,left,0
2751,2752,3,6854.44,5993.16,2371.1800000000003,1.0,2751,303,BLAa,BLA,63,left,0
2752,2753,3,6857.74,5994.52,2370.779999999999,1.0,2752,303,BLAa,BLA,63,left,0
2753,2754,3,6860.4,5995.74,2370.4400000000005,0.83203125,2753,303,BLAa,BLA,63,left,0
2754,2755,3,6861.68,5997.179999999999,2370.1800000000003,1.0,2754,303,BLAa,BLA,63,left,0
2755,2756,3,6864.26,5998.8,2369.82,1.0,2755,303,BLAa,BLA,63,left,0
2756,2757,3,6866.42,5999.700000000001,2369.539999999999,1.0,2756,303,BLAa,BLA,63,left,0
2757,2758,3,6868.339999999999,6000.42,2370.2000000000007,0.08203125,2757,303,BLAa,BLA,63,left,0
2758,2759,3,6871.08,6001.52,2370.380000000001,1.08203125,2758,303,BLAa,BLA,63,left,0
2759,2760,3,6874.400000000001,6002.86,2369.98,1.0,2759,303,BLAa,BLA,63,left,0
2760,2761,3,6877.179999999999,6003.9800000000005,2369.84,1.0,2760,303,BLAa,BLA,63,left,0
2761,2762,3,6879.76,6005.5,2370.460000000001,0.5,2761,303,BLAa,BLA,63,left,0
2762,2763,3,6881.639999999999,6007.240000000001,2370.5,0.91796875,2762,303,BLAa,BLA,63,left,0
2763,2764,3,6883.18,6007.9,2371.3,0.75,2763,303,BLAa,BLA,63,left,0
2764,2765,3,6885.599999999999,6008.86,2371.24,1.0,2764,311,BLAp,BLA,63,left,0
2765,2766,3,6888.9,6010.2,2370.84,1.0,2765,311,BLAp,BLA,63,left,0
2766,2767,3,6892.28,6011.56,2370.4400000000005,1.0,2766,311,BLAp,BLA,63,left,0
2767,2768,3,6895.66,6012.92,2370.040000000001,1.08203125,2767,311,BLAp,BLA,63,left,0
2768,2769,3,6898.42,6014.02,2369.7000000000007,1.0,2768,311,BLAp,BLA,63,left,0
2769,2770,3,6900.700000000001,6014.8,2369.4399999999987,1.0,2769,311,BLAp,BLA,63,left,0
2770,2771,3,6902.54,6014.6,2369.32,0.91796875,2770,311,BLAp,BLA,63,left,0
2771,2772,3,6905.38,6015.22,2368.92,1.16796875,2771,311,BLAp,BLA,63,left,0
2772,2773,3,6906.799999999999,6015.82,2367.960000000001,1.0,2772,311,BLAp,BLA,63,left,0
2773,2774,3,6909.44,6016.92,2367.140000000001,1.0,2773,311,BLAp,BLA,63,left,0
2774,2775,3,6912.14,6018.0,2366.82,1.0,2774,311,BLAp,BLA,63,left,0
2775,2776,3,6914.44,6018.92,2366.3600000000006,1.08203125,2775,311,BLAp,BLA,63,left,0
2776,2777,3,6915.8,6019.86,2365.3,1.0,2776,311,BLAp,BLA,63,left,0
2777,2778,3,6916.02,6022.26,2364.7000000000007,1.41796875,2777,311,BLAp,BLA,63,left,0
2778,2779,3,6917.42,6023.26,2364.5,0.23828125,2778,311,BLAp,BLA,63,left,0
2779,2780,3,6920.0,6024.38,2364.1800000000003,1.0,2779,311,BLAp,BLA,63,left,0
2780,2781,3,6923.32,6025.68,2363.7800000000007,1.16796875,2780,311,BLAp,BLA,63,left,0
2781,2782,3,6926.08,6026.78,2363.459999999999,1.25,2781,311,BLAp,BLA,63,left,0
2782,2783,3,6928.3,6027.780000000001,2363.1800000000003,1.41796875,2782,311,BLAp,BLA,63,left,0
2783,2784,3,6929.8,6029.32,2362.92,1.25,2783,311,BLAp,BLA,63,left,0
2784,2785,3,6931.76,6030.860000000001,2362.619999999999,1.16796875,2784,311,BLAp,BLA,63,left,0
2785,2786,3,6932.799999999999,6032.34,2362.4,1.08203125,2785,311,BLAp,BLA,63,left,0
2786,2787,3,6935.82,6033.780000000001,2362.08,1.0,2786,311,BLAp,BLA,63,left,0
2787,2788,3,6938.02,6034.6,2362.6000000000004,1.25,2787,311,BLAp,BLA,63,left,0
2788,2789,3,6940.879999999999,6035.68,2362.82,1.0,2788,311,BLAp,BLA,63,left,0
2789,2790,3,6943.04,6036.52,2362.5599999999995,1.0,2789,311,BLAp,BLA,63,left,0
2790,2791,3,6945.34,6037.380000000001,2362.6800000000003,1.0,2790,311,BLAp,BLA,63,left,0
2791,2792,3,6947.02,6037.32,2363.4,0.75,2791,311,BLAp,BLA,63,left,0
2792,2793,3,6950.06,6037.54,2364.58,1.0,2792,311,BLAp,BLA,63,left,0
2793,2794,3,6951.72,6037.66,2365.74,0.83203125,2793,311,BLAp,BLA,63,left,0
2794,2795,3,6954.84,6036.58,2365.82,1.0,2794,311,BLAp,BLA,63,left,0
2795,2796,3,6956.88,6035.62,2365.98,0.91796875,2795,311,BLAp,BLA,63,left,0
2796,2797,3,6957.56,6035.58,2367.1000000000004,1.0,2796,311,BLAp,BLA,63,left,0
2797,2798,3,6959.32,6034.78,2367.3600000000006,0.07421875,2797,311,BLAp,BLA,63,left,0
2798,2799,3,6962.06,6035.119999999999,2368.0600000000013,0.75,2798,311,BLAp,BLA,63,left,0
2799,2800,3,6964.099999999999,6034.96,2368.2000000000007,0.83203125,2799,311,BLAp,BLA,63,left,0
2800,2801,3,6966.12,6035.62,2369.040000000001,1.0,2800,311,BLAp,BLA,63,left,0
2801,2802,3,6968.28,6036.42,2369.5,1.0,2801,311,BLAp,BLA,63,left,0
2802,2803,3,6970.04,6037.06,2370.08,1.0,2802,311,BLAp,BLA,63,left,0
2803,2804,3,6827.34,5910.38,2382.9,0.05078125,2201,303,BLAa,BLA,64,left,0
2804,2805,3,6829.099999999999,5909.0,2383.8,0.58203125,2804,303,BLAa,BLA,64,left,0
2805,2806,3,6830.2,5906.280000000001,2385.9400000000005,1.0,2805,303,BLAa,BLA,64,left,0
2806,2807,3,6830.62,5904.6,2388.120000000001,1.33203125,2806,303,BLAa,BLA,64,left,0
2807,2808,3,6831.3,5901.54,2390.5200000000004,1.33203125,2807,303,BLAa,BLA,64,left,0
2808,2809,3,6831.72,5899.84,2392.7000000000007,1.0,2808,303,BLAa,BLA,64,left,0
2809,2810,3,6832.4400000000005,5896.56,2394.8,1.0,2809,303,BLAa,BLA,64,left,0
2810,2811,3,6833.02,5893.92,2396.74,0.66796875,2810,303,BLAa,BLA,64,left,0
2811,2812,3,6833.56,5891.4400000000005,2398.3600000000006,1.0,2811,303,BLAa,BLA,64,left,0
2812,2813,3,6832.92,5889.719999999999,2401.3600000000006,0.91796875,2812,303,BLAa,BLA,64,left,0
2813,2814,3,6832.200000000001,5888.339999999999,2403.540000000001,1.08203125,2813,303,BLAa,BLA,64,left,0
2814,2815,3,6832.4800000000005,5886.660000000001,2406.1800000000003,1.0,2814,303,BLAa,BLA,64,left,0
2815,2816,3,6832.86,5885.08,2407.9400000000005,1.0,2815,303,BLAa,BLA,64,left,0
2816,2817,3,6833.22,5884.32,2411.4,1.0,2816,303,BLAa,BLA,64,left,0
2817,2818,3,6833.56,5883.32,2414.76,1.41796875,2817,303,BLAa,BLA,64,left,0
2818,2819,3,6833.02,5882.28,2416.1399999999994,1.0,2818,303,BLAa,BLA,64,left,0
2819,2820,3,6832.94,5882.02,2418.84,0.11328125,2819,303,BLAa,BLA,64,left,0
2820,2821,3,6833.099999999999,5881.900000000001,2421.34,1.08203125,2820,303,BLAa,BLA,64,left,0
2821,2822,3,6832.759999999999,5881.52,2423.42,0.83203125,2821,303,BLAa,BLA,64,left,0
2822,2823,3,6832.06,5880.08,2425.0200000000004,0.91796875,2822,303,BLAa,BLA,64,left,0
2823,2824,3,6832.14,5875.92,2427.82,1.0,2823,303,BLAa,BLA,64,left,0
2824,2825,3,6832.6,5873.9800000000005,2429.58,0.83203125,2824,303,BLAa,BLA,64,left,0
2825,2826,3,6833.5,5872.780000000001,2431.16,0.91796875,2825,303,BLAa,BLA,64,left,0
2826,2827,3,6834.8,5871.4400000000005,2432.459999999999,0.83203125,2826,303,BLAa,BLA,64,left,0
2827,2828,3,6836.280000000001,5869.880000000001,2435.58,1.41796875,2827,303,BLAa,BLA,64,left,0
2828,2829,3,6837.14,5869.46,2437.1800000000003,1.0,2828,303,BLAa,BLA,64,left,0
2829,2830,3,6838.0,5868.48,2439.880000000001,0.66796875,2829,303,BLAa,BLA,64,left,0
2830,2831,3,6839.5,5865.72,2442.880000000001,0.66796875,2830,303,BLAa,BLA,64,left,0
2831,2832,3,6841.14,5864.62,2443.9400000000005,1.16796875,2831,303,BLAa,BLA,64,left,1
2832,2833,3,6826.74,5910.320000000001,2383.4400000000005,0.0390625,2201,303,BLAa,BLA,65,left,0
2833,2834,3,6825.76,5909.139999999999,2384.9400000000005,1.0,2833,303,BLAa,BLA,65,left,0
2834,2835,3,6824.9800000000005,5908.62,2387.459999999999,1.0,2834,303,BLAa,BLA,65,left,0
2835,2836,3,6825.14,5908.52,2389.9400000000005,0.91796875,2835,303,BLAa,BLA,65,left,0
2836,2837,3,6824.8,5908.24,2391.900000000001,1.0,2836,303,BLAa,BLA,65,left,0
2837,2838,3,6823.400000000001,5907.54,2393.26,1.0,2837,303,BLAa,BLA,65,left,0
2838,2839,3,6821.4,5906.36,2394.460000000001,1.25,2838,303,BLAa,BLA,65,left,0
2839,2840,3,6820.96,5905.06,2396.0,0.5,2839,303,BLAa,BLA,65,left,0
2840,2841,3,6819.400000000001,5903.86,2397.6000000000004,1.0,2840,303,BLAa,BLA,65,left,0
2841,2842,3,6818.4400000000005,5902.36,2399.0200000000004,0.75,2841,303,BLAa,BLA,65,left,0
2842,2843,3,6817.759999999999,5900.08,2400.460000000001,0.75,2842,303,BLAa,BLA,65,left,0
2843,2844,3,6816.52,5898.3,2401.74,0.66796875,2843,303,BLAa,BLA,65,left,0
2844,2845,3,6815.0,5896.52,2402.92,1.08203125,2844,303,BLAa,BLA,65,left,0
2845,2846,3,6814.28,5894.52,2404.0200000000004,1.0,2845,303,BLAa,BLA,65,left,0
2846,2847,3,6813.32,5892.1,2405.3,0.83203125,2846,303,BLAa,BLA,65,left,0
2847,2848,3,6813.099999999999,5889.9,2407.26,0.58203125,2847,303,BLAa,BLA,65,left,0
2848,2849,3,6811.900000000001,5887.4,2409.460000000001,1.08203125,2848,303,BLAa,BLA,65,left,0
2849,2850,3,6809.9400000000005,5885.16,2411.76,1.5,2849,303,BLAa,BLA,65,left,0
2850,2851,3,6808.8,5883.56,2412.7800000000007,0.91796875,2850,303,BLAa,BLA,65,left,0
2851,2852,3,6808.0,5882.820000000001,2415.2800000000007,1.0,2851,303,BLAa,BLA,65,left,0
2852,2853,3,6808.24,5882.7,2418.4400000000005,1.0,2852,303,BLAa,BLA,65,left,0
2853,2854,3,6808.22,5882.54,2420.5,0.91796875,2853,303,BLAa,BLA,65,left,0
2854,2855,3,6807.34,5882.08,2421.32,1.0,2854,303,BLAa,BLA,65,left,0
2855,2856,3,6807.08,5880.42,2422.42,0.11328125,2855,303,BLAa,BLA,65,left,0
2856,2857,3,6805.839999999999,5879.58,2424.0599999999995,0.75,2856,303,BLAa,BLA,65,left,0
2857,2858,3,6806.06,5877.219999999999,2426.1000000000004,1.0,2857,303,BLAa,BLA,65,left,0
2858,2859,3,6806.599999999999,5874.5,2427.22,0.58203125,2858,303,BLAa,BLA,65,left,0
2859,2860,3,6807.3,5870.599999999999,2428.0999999999985,1.0,2859,303,BLAa,BLA,65,left,0
2860,2861,3,6807.960000000001,5866.900000000001,2428.4400000000005,1.0,2860,303,BLAa,BLA,65,left,0
2861,2862,3,6808.379999999999,5864.38,2428.66,1.0,2861,303,BLAa,BLA,65,left,0
2862,2863,3,6807.759999999999,5862.06,2429.0200000000004,0.91796875,2862,303,BLAa,BLA,65,left,0
2863,2864,3,6806.74,5861.32,2430.119999999999,1.0,2863,303,BLAa,BLA,65,left,0
2864,2865,3,6806.92,5859.8,2431.900000000001,0.91796875,2864,303,BLAa,BLA,65,left,0
2865,2866,3,6807.380000000001,5857.200000000001,2432.279999999999,1.0,2865,303,BLAa,BLA,65,left,1
2866,2867,3,6810.700000000001,5907.26,2368.7800000000007,0.078125,2205,303,BLAa,BLA,66,left,0
2867,2868,3,6811.88,5905.62,2370.26,0.5,2867,303,BLAa,BLA,66,left,0
2868,2869,3,6812.92,5902.72,2372.279999999999,0.83203125,2868,303,BLAa,BLA,66,left,0
2869,2870,3,6814.04,5900.92,2374.1399999999994,1.0,2869,303,BLAa,BLA,66,left,0
2870,2871,3,6815.18,5897.72,2376.66,0.5,2870,303,BLAa,BLA,66,left,0
2871,2872,3,6815.599999999999,5895.879999999999,2378.4400000000005,0.66796875,2871,303,BLAa,BLA,66,left,0
2872,2873,3,6810.700000000001,5906.26,2367.2000000000007,0.0546875,2205,303,BLAa,BLA,67,left,0
2873,2874,3,6811.18,5902.92,2365.8600000000006,1.0,2873,303,BLAa,BLA,67,left,0
2874,2875,3,6811.4800000000005,5900.9400000000005,2365.1000000000004,1.41796875,2874,303,BLAa,BLA,67,left,0
2875,2876,3,6811.82,5897.9,2364.84,1.0,2875,303,BLAa,BLA,67,left,0
2876,2877,3,6811.24,5894.24,2365.1399999999994,0.91796875,2876,303,BLAa,BLA,67,left,0
2877,2878,3,6810.62,5892.16,2364.619999999999,1.08203125,2877,303,BLAa,BLA,67,left,0
2878,2879,3,6810.22,5889.18,2364.460000000001,1.0,2878,303,BLAa,BLA,67,left,0
2879,2880,3,6808.8,5886.56,2364.84,0.91796875,2879,303,BLAa,BLA,67,left,0
2880,2881,3,6807.94,5882.34,2365.0,1.33203125,2880,303,BLAa,BLA,67,left,0
2881,2882,3,6807.759999999999,5879.62,2364.400000000001,0.91796875,2881,303,BLAa,BLA,67,left,0
2882,2883,3,6808.32,5876.02,2364.0599999999995,0.03515625,2882,303,BLAa,BLA,67,left,0
2883,2884,3,6808.76,5872.960000000001,2363.0,0.66796875,2883,303,BLAa,BLA,67,left,0
2884,2885,3,6809.139999999999,5870.4,2362.0,0.83203125,2884,303,BLAa,BLA,67,left,0
2885,2886,3,6809.5,5868.379999999999,2360.620000000001,0.58203125,2885,303,BLAa,BLA,67,left,0
2886,2887,3,6810.8,5867.56,2359.66,1.0,2886,303,BLAa,BLA,67,left,0
2887,2888,3,6812.66,5865.96,2358.5,1.0,2887,303,BLAa,BLA,67,left,0
2888,2889,3,6813.52,5864.18,2356.8600000000006,0.91796875,2888,303,BLAa,BLA,67,left,0
2889,2890,3,6814.0,5860.9400000000005,2354.76,1.0,2889,303,BLAa,BLA,67,left,0
2890,2891,3,6814.400000000001,5858.339999999999,2354.1800000000003,1.25,2890,303,BLAa,BLA,67,left,0
2891,2892,3,6814.08,5856.24,2352.0,0.75,2891,303,BLAa,BLA,67,left,0
2892,2893,3,6813.12,5853.64,2350.98,1.0,2892,303,BLAa,BLA,67,left,0
2893,2894,3,6812.4400000000005,5850.460000000001,2350.1000000000004,1.08203125,2893,303,BLAa,BLA,67,left,0
2894,2895,3,6811.599999999999,5847.4,2348.9400000000005,0.66796875,2894,303,BLAa,BLA,67,left,0
2895,2896,3,6810.5,5845.36,2348.120000000001,1.25,2895,303,BLAa,BLA,67,left,0
2896,2897,3,6810.16,5841.52,2348.22,0.91796875,2896,303,BLAa,BLA,67,left,0
2897,2898,3,6809.84,5838.46,2347.74,0.5,2897,303,BLAa,BLA,67,left,0
2898,2899,3,6808.18,5835.460000000001,2347.720000000001,1.0,2898,303,BLAa,BLA,67,left,0
2899,2900,3,6805.599999999999,5834.28,2348.0600000000013,1.0,2899,303,BLAa,BLA,67,left,0
2900,2901,3,6803.74,5833.42,2348.32,1.0,2900,303,BLAa,BLA,67,left,0
2901,2902,3,6802.88,5831.58,2347.6399999999994,0.08203125,2901,303,BLAa,BLA,67,left,0
2902,2903,3,6800.02,5830.34,2347.279999999999,0.5,2902,303,BLAa,BLA,67,left,0
2903,2904,3,6798.0,5830.5,2346.119999999999,0.58203125,2903,303,BLAa,BLA,67,left,0
2904,2905,3,6794.9800000000005,5829.76,2345.26,1.0,2904,303,BLAa,BLA,67,left,0
2905,2906,3,6793.200000000001,5828.9400000000005,2345.5,1.0,2905,303,BLAa,BLA,67,left,1
4067,4068,3,6696.52,6029.44,2372.5,0.09765625,2431,303,BLAa,BLA,74,left,0
4068,4069,3,6694.32,6029.48,2373.039999999999,0.75,4068,303,BLAa,BLA,74,left,0
4069,4070,3,6692.240000000001,6029.32,2374.220000000001,0.91796875,4069,303,BLAa,BLA,74,left,0
4070,4071,3,6690.02,6029.64,2374.72,0.91796875,4070,303,BLAa,BLA,74,left,0
4071,4072,3,6688.139999999999,6029.46,2375.76,0.91796875,4071,303,BLAa,BLA,74,left,0
4072,4073,3,6685.5,6030.14,2376.2800000000007,1.0,4072,303,BLAa,BLA,74,left,0
4073,4074,3,6682.799999999999,6030.02,2376.6399999999994,0.91796875,4073,303,BLAa,BLA,74,left,0
4074,4075,3,6681.219999999999,6029.299999999999,2377.6800000000003,1.0,4074,303,BLAa,BLA,74,left,0
4075,4076,3,6678.540000000001,6028.3,2378.459999999999,1.0,4075,303,BLAa,BLA,74,left,0
4076,4077,3,6676.96,6028.540000000001,2378.58,1.0,4076,303,BLAa,BLA,74,left,0
4077,4078,3,6674.24,6028.0,2378.880000000001,1.0,4077,303,BLAa,BLA,74,left,0
4078,4079,3,6671.660000000001,6026.96,2379.400000000001,1.0,4078,303,BLAa,BLA,74,left,0
4079,4080,3,6670.299999999999,6027.039999999999,2380.3599999999988,1.33203125,4079,303,BLAa,BLA,74,left,0
4080,4081,3,6667.46,6026.72,2381.0,1.0,4080,303,BLAa,BLA,74,left,0
4081,4082,3,6665.36,6025.839999999999,2381.2800000000007,1.0,4081,303,BLAa,BLA,74,left,0
4082,4083,3,6663.06,6025.320000000001,2381.540000000001,1.0,4082,303,BLAa,BLA,74,left,0
4083,4084,3,6661.2,6025.74,2381.66,1.0,4083,303,BLAa,BLA,74,left,0
4084,4085,3,6658.959999999999,6026.32,2381.960000000001,1.0,4084,303,BLAa,BLA,74,left,0
4085,4086,3,6657.34,6026.52,2382.9400000000005,0.5,4085,303,BLAa,BLA,74,left,0
4086,4087,3,6654.9400000000005,6026.34,2383.76,0.83203125,4086,303,BLAa,BLA,74,left,0
4087,4088,3,6654.360000000001,6026.02,2385.0,1.0,4087,303,BLAa,BLA,74,left,0
4088,4089,3,6696.94,6035.48,2370.5600000000013,0.015625,2431,303,BLAa,BLA,75,left,0
4089,4090,3,6696.06,6040.06,2370.1800000000003,1.0,4089,303,BLAa,BLA,75,left,0
4090,4091,3,6695.2,6044.62,2369.8,1.0,4090,303,BLAa,BLA,75,left,0
4091,4092,3,6694.56,6047.46,2369.1800000000003,0.5,4091,303,BLAa,BLA,75,left,0
4092,4093,3,6693.200000000001,6049.18,2368.2000000000007,1.0,4092,303,BLAa,BLA,75,left,0
4093,4094,3,6691.799999999999,6051.08,2367.9,0.66796875,4093,303,BLAa,BLA,75,left,0
4094,4095,3,6691.16,6052.42,2366.9399999999987,0.83203125,4094,303,BLAa,BLA,75,left,0
4095,4096,3,6689.38,6052.92,2366.699999999999,1.0,4095,303,BLAa,BLA,75,left,0
4096,4097,3,6687.28,6053.08,2366.879999999999,1.0,4096,303,BLAa,BLA,75,left,0
4097,4098,3,6684.8,6053.82,2367.0200000000004,0.75,4097,303,BLAa,BLA,75,left,0
4098,4099,3,6683.12,6055.0,2367.0599999999995,1.0,4098,303,BLAa,BLA,75,left,0
4099,4100,3,6681.1,6055.900000000001,2367.140000000001,1.0,4099,303,BLAa,BLA,75,left,0
4100,4101,3,6678.88,6055.82,2367.34,1.66796875,4100,303,BLAa,BLA,75,left,0
4101,4102,3,6676.58,6056.4,2367.5,1.0,4101,303,BLAa,BLA,75,left,0
4102,4103,3,6673.9,6057.12,2367.58,1.0,4102,303,BLAa,BLA,75,left,0
4103,4104,3,6672.380000000001,6057.98,2366.8600000000006,0.5,4103,303,BLAa,BLA,75,left,0
4104,4105,3,6670.92,6060.36,2366.22,1.0,4104,303,BLAa,BLA,75,left,0
4105,4106,3,6669.28,6061.7,2366.22,1.0,4105,303,BLAa,BLA,75,left,0
4106,4107,3,6667.619999999999,6063.5,2366.2000000000007,1.0,4106,303,BLAa,BLA,75,left,0
4107,4108,3,6666.16,6065.92,2365.92,0.5,4107,303,BLAa,BLA,75,left,0
4108,4109,3,6664.8,6067.84,2364.98,1.0,4108,303,BLAa,BLA,75,left,0
4109,4110,3,6662.28,6069.679999999999,2364.6800000000003,1.0,4109,303,BLAa,BLA,75,left,0
4110,4111,3,6660.48,6070.92,2364.16,0.75,4110,303,BLAa,BLA,75,left,0
4111,4112,3,6659.6,6072.4400000000005,2363.32,1.0,4111,303,BLAa,BLA,75,left,0
4112,4113,3,6657.98,6073.3,2363.039999999999,1.0,4112,303,BLAa,BLA,75,left,0
4113,4114,3,6656.3,6073.719999999999,2361.84,0.75,4113,303,BLAa,BLA,75,left,0
4114,4115,3,6653.88,6074.82,2360.72,1.0,4114,303,BLAa,BLA,75,left,0
4115,4116,3,6652.619999999999,6077.28,2359.58,0.75,4115,303,BLAa,BLA,75,left,0
4116,4117,3,6651.74,6079.76,2359.08,1.0,4116,303,BLAa,BLA,75,left,0
4117,4118,3,6649.28,6081.06,2358.540000000001,0.5,4117,303,BLAa,BLA,75,left,0
4118,4119,3,6647.56,6081.900000000001,2357.92,0.75,4118,303,BLAa,BLA,75,left,0
4119,4120,3,6645.58,6081.7,2358.08,0.04296875,4119,303,BLAa,BLA,75,left,0
4120,4121,3,6643.400000000001,6082.1,2358.0600000000013,1.0,4120,303,BLAa,BLA,75,left,0
4121,4122,3,6641.24,6082.039999999999,2357.3,0.91796875,4121,303,BLAa,BLA,75,left,0
4122,4123,3,6639.44,6082.32,2357.039999999999,0.66796875,4122,303,BLAa,BLA,75,left,0
4123,4124,3,6637.46,6081.660000000001,2356.22,1.0,4123,303,BLAa,BLA,75,left,0
4124,4125,3,6635.76,6081.26,2356.24,1.0,4124,303,BLAa,BLA,75,left,0
4125,4126,3,6633.9,6081.68,2356.380000000001,1.0,4125,303,BLAa,BLA,75,left,0
4126,4127,3,6631.72,6081.42,2355.92,0.91796875,4126,303,BLAa,BLA,75,left,0
4127,4128,3,6629.32,6082.039999999999,2354.76,1.41796875,4127,303,BLAa,BLA,75,left,0
4128,4129,3,6627.200000000001,6082.4,2353.8600000000006,1.0,4128,303,BLAa,BLA,75,left,0
4129,4130,3,6625.2,6082.86,2352.619999999999,0.83203125,4129,303,BLAa,BLA,75,left,0
4130,4131,3,6624.28,6084.160000000001,2351.6800000000003,0.91796875,4130,303,BLAa,BLA,75,left,0
4131,4132,3,6622.12,6084.96,2351.620000000001,1.0,4131,303,BLAa,BLA,75,left,0
4132,4133,3,6620.639999999999,6086.54,2351.040000000001,1.08203125,4132,303,BLAa,BLA,75,left,0
4133,4134,3,6619.32,6088.86,2350.0599999999995,1.0,4133,303,BLAa,BLA,75,left,0
4134,4135,3,6617.88,6092.619999999999,2348.6000000000004,0.58203125,4134,303,BLAa,BLA,75,left,0
4135,4136,3,6616.76,6094.38,2347.98,1.25,4135,303,BLAa,BLA,75,left,0
4136,4137,3,6615.839999999999,6094.86,2346.16,1.0,4136,303,BLAa,BLA,75,left,0
4137,4138,3,6614.46,6094.360000000001,2345.460000000001,1.0,4137,303,BLAa,BLA,75,left,0
4138,4139,3,6612.9,6093.82,2344.16,1.0,4138,303,BLAa,BLA,75,left,0
4139,4140,3,6611.0,6093.099999999999,2343.5599999999995,1.0,4139,303,BLAa,BLA,75,left,0
4140,4141,3,6609.26,6092.4,2343.6800000000003,0.91796875,4140,303,BLAa,BLA,75,left,0
4141,4142,3,6607.6,6091.78,2342.98,1.0,4141,303,BLAa,BLA,75,left,0
4142,4143,3,6605.56,6091.0,2342.459999999999,1.16796875,4142,303,BLAa,BLA,75,left,0
4143,4144,3,6603.88,6090.42,2341.1800000000003,1.0,4143,303,BLAa,BLA,75,left,0
4144,4145,3,6601.42,6089.719999999999,2339.880000000001,0.91796875,4144,303,BLAa,BLA,75,left,0
4145,4146,3,6599.740000000001,6090.08,2339.42,1.0,4145,303,BLAa,BLA,75,left,0
4146,4147,3,6598.4400000000005,6093.02,2337.8599999999988,0.02734375,4146,303,BLAa,BLA,75,left,0
4147,4148,3,6597.56,6095.639999999999,2336.540000000001,0.5,4147,303,BLAa,BLA,75,left,0
4148,4149,3,6595.78,6097.240000000001,2336.32,1.0,4148,303,BLAa,BLA,75,left,0
4149,4150,3,6592.86,6098.9800000000005,2336.5,0.83203125,4149,303,BLAa,BLA,75,left,0
4150,4151,3,6591.18,6098.82,2337.4400000000005,1.08203125,4150,303,BLAa,BLA,75,left,0
4151,4152,3,6589.32,6099.64,2338.08,0.91796875,4151,303,BLAa,BLA,75,left,0
4152,4153,3,6586.7,6100.04,2338.82,0.58203125,4152,303,BLAa,BLA,75,left,0
4153,4154,3,6584.719999999999,6099.76,2339.84,0.5,4153,303,BLAa,BLA,75,left,0
4154,4155,3,6582.4,6099.78,2340.58,1.0,4154,303,BLAa,BLA,75,left,0
4155,4156,3,6580.639999999999,6099.08,2341.6399999999994,1.0,4155,303,BLAa,BLA,75,left,1
4156,4157,3,6723.68,5968.4400000000005,2341.459999999999,0.08203125,2455,303,BLAa,BLA,76,left,0
4157,4158,3,6721.799999999999,5968.88,2341.699999999999,1.0,4157,303,BLAa,BLA,76,left,0
4158,4159,3,6719.66,5969.539999999999,2341.82,1.08203125,4158,303,BLAa,BLA,76,left,0
4159,4160,3,6716.860000000001,5970.62,2341.960000000001,0.75,4159,303,BLAa,BLA,76,left,0
4160,4161,3,6714.400000000001,5970.72,2342.16,1.25,4160,303,BLAa,BLA,76,left,0
4161,4162,3,6712.36,5971.620000000001,2342.26,0.58203125,4161,303,BLAa,BLA,76,left,0
4162,4163,3,6709.38,5971.900000000001,2342.5,1.0,4162,303,BLAa,BLA,76,left,0
4163,4164,3,6707.74,5972.820000000001,2342.5599999999995,1.0,4163,303,BLAa,BLA,76,left,0
4164,4165,3,6705.48,5973.4400000000005,2342.6800000000003,0.91796875,4164,303,BLAa,BLA,76,left,0
4165,4166,3,6704.26,5974.38,2342.7000000000007,1.0,4165,303,BLAa,BLA,76,left,0
4166,4167,3,6702.26,5977.02,2342.619999999999,1.0,4166,303,BLAa,BLA,76,left,0
4167,4168,3,6700.2,5978.200000000001,2342.6800000000003,1.0,4167,303,BLAa,BLA,76,left,0
4168,4169,3,6697.4,5978.32,2342.92,1.0,4168,303,BLAa,BLA,76,left,0
4169,4170,3,6695.66,5978.68,2343.039999999999,1.0,4169,303,BLAa,BLA,76,left,0
4170,4171,3,6693.959999999999,5979.24,2343.1399999999994,1.0,4170,303,BLAa,BLA,76,left,0
4171,4172,3,6692.12,5978.74,2343.3600000000006,1.0,4171,303,BLAa,BLA,76,left,0
4172,4173,3,6690.4,5978.0,2343.58,1.0,4172,303,BLAa,BLA,76,left,0
4173,4174,3,6688.66,5978.06,2343.74,1.08203125,4173,303,BLAa,BLA,76,left,0
4174,4175,3,6686.620000000001,5978.68,2343.8600000000006,1.0,4174,303,BLAa,BLA,76,left,0
4175,4176,3,6684.299999999999,5978.7,2344.0599999999995,1.0,4175,303,BLAa,BLA,76,left,0
4176,4177,3,6682.4,5978.959999999999,2344.199999999999,0.08203125,4176,303,BLAa,BLA,76,left,0
4177,4178,3,6679.62,5978.379999999999,2344.5200000000004,1.0,4177,303,BLAa,BLA,76,left,0
4178,4179,3,6677.219999999999,5977.380000000001,2344.2800000000007,1.0,4178,303,BLAa,BLA,76,left,0
4179,4180,3,6675.5,5976.7,2343.74,1.0,4179,303,BLAa,BLA,76,left,0
4180,4181,3,6672.9,5976.76,2343.9,0.75,4180,303,BLAa,BLA,76,left,0
4181,4182,3,6670.72,5977.4400000000005,2344.1800000000003,0.91796875,4181,303,BLAa,BLA,76,left,0
4182,4183,3,6669.2,5977.52,2345.32,0.91796875,4182,303,BLAa,BLA,76,left,0
4183,4184,3,6667.68,5978.400000000001,2345.5999999999985,1.0,4183,303,BLAa,BLA,76,left,0
4184,4185,3,6665.02,5979.700000000001,2345.7000000000007,1.0,4184,303,BLAa,BLA,76,left,0
4185,4186,3,6664.24,5981.94,2345.7000000000007,0.91796875,4185,303,BLAa,BLA,76,left,0
4186,4187,3,6662.98,5983.02,2346.7800000000007,0.58203125,4186,303,BLAa,BLA,76,left,0
4187,4188,3,6660.839999999999,5983.26,2347.119999999999,1.08203125,4187,303,BLAa,BLA,76,left,0
4188,4189,3,6658.719999999999,5986.58,2346.98,1.0,4188,303,BLAa,BLA,76,left,0
4189,4190,3,6657.34,5990.299999999999,2346.720000000001,1.0,4189,303,BLAa,BLA,76,left,0
4190,4191,3,6655.52,5992.1,2346.3600000000006,0.91796875,4190,303,BLAa,BLA,76,left,0
4191,4192,3,6654.360000000001,5992.4800000000005,2345.58,1.0,4191,303,BLAa,BLA,76,left,0
4192,4193,3,6653.84,5993.959999999999,2345.34,0.25,4192,303,BLAa,BLA,76,left,0
4193,4194,3,6651.900000000001,5994.679999999999,2345.4,1.0,4193,303,BLAa,BLA,76,left,0
4194,4195,3,6649.719999999999,5994.160000000001,2345.6399999999994,0.75,4194,303,BLAa,BLA,76,left,0
4195,4196,3,6647.820000000001,5994.539999999999,2345.779999999999,0.91796875,4195,303,BLAa,BLA,76,left,0
4196,4197,3,6645.9400000000005,5994.400000000001,2345.98,0.83203125,4196,303,BLAa,BLA,76,left,0
4197,4198,3,6644.42,5995.36,2346.0200000000004,1.08203125,4197,303,BLAa,BLA,76,left,0
4198,4199,3,6642.7,5997.26,2345.98,0.91796875,4198,303,BLAa,BLA,76,left,0
4199,4200,3,6640.42,5997.9,2346.119999999999,0.75,4199,303,BLAa,BLA,76,left,0
4200,4201,3,6637.94,5998.5,2346.3,0.75,4200,303,BLAa,BLA,76,left,0
4201,4202,3,6635.460000000001,5999.120000000001,2346.459999999999,0.75,4201,303,BLAa,BLA,76,left,0
4202,4203,3,6633.52,5999.64,2346.58,0.83203125,4202,303,BLAa,BLA,76,left,0
4203,4204,3,6631.459999999999,6000.08,2346.74,1.0,4203,303,BLAa,BLA,76,left,0
4204,4205,3,6629.6,6000.599999999999,2346.8600000000006,1.0,4204,303,BLAa,BLA,76,left,0
4205,4206,3,6627.74,6001.68,2346.8,1.5,4205,303,BLAa,BLA,76,left,0
4206,4207,3,6626.660000000001,6002.619999999999,2345.98,1.0,4206,303,BLAa,BLA,76,left,0
4207,4208,3,6624.32,6003.82,2345.620000000001,1.0,4207,303,BLAa,BLA,76,left,0
4208,4209,3,6621.1,6004.38,2345.5,0.5,4208,303,BLAa,BLA,76,left,0
4209,4210,3,6619.400000000001,6004.44,2344.8,1.0,4209,303,BLAa,BLA,76,left,0
4210,4211,3,6617.0,6003.48,2344.959999999999,0.07421875,4210,303,BLAa,BLA,76,left,0
4211,4212,3,6614.82,6002.56,2345.0200000000004,1.0,4211,303,BLAa,BLA,76,left,0
4212,4213,3,6612.759999999999,6001.4,2344.2800000000007,0.58203125,4212,303,BLAa,BLA,76,left,0
4213,4214,3,6611.42,5999.82,2344.0,1.16796875,4213,303,BLAa,BLA,76,left,0
4214,4215,3,6610.36,5999.26,2342.3,0.66796875,4214,303,BLAa,BLA,76,left,0
4215,4216,3,6608.76,5998.24,2341.3,1.33203125,4215,303,BLAa,BLA,76,left,0
4216,4217,3,6607.380000000001,5996.72,2340.24,0.91796875,4216,303,BLAa,BLA,76,left,0
4217,4218,3,6604.64,5995.48,2338.8600000000006,1.16796875,4217,303,BLAa,BLA,76,left,0
4218,4219,3,6602.86,5994.82,2337.98,1.08203125,4218,303,BLAa,BLA,76,left,0
4219,4220,3,6600.879999999999,5994.66,2337.6399999999994,1.0,4219,303,BLAa,BLA,76,left,0
4220,4221,3,6598.9400000000005,5995.2,2337.76,0.66796875,4220,303,BLAa,BLA,76,left,0
4221,4222,3,6596.3,5995.96,2337.9400000000005,0.83203125,4221,303,BLAa,BLA,76,left,0
4222,4223,3,6594.099999999999,5997.1,2338.0200000000004,1.0,4222,303,BLAa,BLA,76,left,0
4223,4224,3,6591.3,5998.16,2338.1800000000003,1.0,4223,303,BLAa,BLA,76,left,0
4224,4225,3,6589.24,5998.82,2338.48,0.66796875,4224,303,BLAa,BLA,76,left,0
4225,4226,3,6587.7,5998.32,2339.66,0.83203125,4225,303,BLAa,BLA,76,left,0
4226,4227,3,6585.4,5997.32,2340.220000000001,1.0,4226,303,BLAa,BLA,76,left,0
4227,4228,3,6583.28,5996.42,2340.5,1.0,4227,303,BLAa,BLA,76,left,0
4228,4229,3,6581.14,5995.06,2340.8600000000006,1.0,4228,303,BLAa,BLA,76,left,0
4229,4230,3,6579.0,5993.04,2341.380000000001,0.66796875,4229,303,BLAa,BLA,76,left,0
4230,4231,3,6577.4,5992.16,2342.380000000001,1.0,4230,303,BLAa,BLA,76,left,0
4231,4232,3,6574.84,5991.0,2343.24,1.0,4231,303,BLAa,BLA,76,left,0
4232,4233,3,6572.200000000001,5989.880000000001,2343.6000000000004,1.0,4232,303,BLAa,BLA,76,left,0
4233,4234,3,6570.42,5989.099999999999,2343.8600000000006,1.0,4233,303,BLAa,BLA,76,left,0
4234,4235,3,6569.66,5988.68,2345.119999999999,0.16796875,4234,303,BLAa,BLA,76,left,0
4235,4236,3,6567.3,5987.64,2345.7000000000007,1.0,4235,303,BLAa,BLA,76,left,0
4236,4237,3,6564.679999999999,5986.5,2346.26,1.0,4236,303,BLAa,BLA,76,left,0
4237,4238,3,6562.780000000001,5985.66,2347.619999999999,1.0,4237,303,BLAa,BLA,76,left,0
4238,4239,3,6560.599999999999,5986.4800000000005,2349.1800000000003,1.0,4238,303,BLAa,BLA,76,left,0
4239,4240,3,6558.62,5988.02,2349.460000000001,1.0,4239,303,BLAa,BLA,76,left,0
4240,4241,3,6557.039999999999,5988.959999999999,2350.380000000001,0.5,4240,303,BLAa,BLA,76,left,0
4241,4242,3,6554.880000000001,5989.76,2350.82,0.58203125,4241,303,BLAa,BLA,76,left,0
4242,4243,3,6552.84,5990.42,2351.3,1.0,4242,303,BLAa,BLA,76,left,0
4243,4244,3,6551.860000000001,5991.219999999999,2352.16,0.83203125,4243,303,BLAa,BLA,76,left,0
4244,4245,3,6550.900000000001,5994.360000000001,2352.5,0.75,4244,303,BLAa,BLA,76,left,0
4245,4246,3,6550.16,5996.94,2353.16,0.58203125,4245,303,BLAa,BLA,76,left,0
4246,4247,3,6548.16,5998.32,2353.74,0.75,4246,303,BLAa,BLA,76,left,0
4247,4248,3,6546.58,5999.22,2354.92,0.58203125,4247,303,BLAa,BLA,76,left,0
4248,4249,3,6544.5,5999.84,2356.2800000000007,1.0,4248,303,BLAa,BLA,76,left,0
4249,4250,3,6542.98,6000.700000000001,2357.42,0.66796875,4249,303,BLAa,BLA,76,left,0
4250,4251,3,6541.18,6000.860000000001,2357.9400000000005,1.0,4250,303,BLAa,BLA,76,left,1
4251,4252,3,6721.280000000001,5966.5,2340.1399999999994,0.02734375,2455,303,BLAa,BLA,77,left,0
4252,4253,3,6718.9400000000005,5965.62,2338.66,0.5,4252,303,BLAa,BLA,77,left,0
4253,4254,3,6716.84,5964.299999999999,2338.26,0.5,4253,303,BLAa,BLA,77,left,0
4254,4255,3,6716.38,5962.66,2336.84,0.58203125,4254,303,BLAa,BLA,77,left,0
4255,4256,3,6716.42,5960.18,2335.32,0.5,4255,303,BLAa,BLA,77,left,0
4256,4257,3,6715.96,5957.34,2333.540000000001,1.0,4256,303,BLAa,BLA,77,left,0
4257,4258,3,6715.76,5955.34,2331.76,0.75,4257,303,BLAa,BLA,77,left,0
4258,4259,3,6714.46,5954.48,2331.0200000000004,1.0,4258,303,BLAa,BLA,77,left,0
4259,4260,3,6713.76,5954.360000000001,2328.84,1.08203125,4259,303,BLAa,BLA,77,left,0
4260,4261,3,6713.58,5954.48,2326.380000000001,1.33203125,4260,303,BLAa,BLA,77,left,0
4261,4262,3,6713.26,5955.66,2324.0599999999995,0.75,4261,303,BLAa,BLA,77,left,0
4262,4263,3,6712.799999999999,5957.86,2322.7000000000007,1.91796875,4262,303,BLAa,BLA,77,left,0
4263,4264,3,6712.42,5959.360000000001,2320.72,1.0,4263,303,BLAa,BLA,77,left,0
4264,4265,3,6712.3,5959.46,2318.8600000000006,1.16796875,4264,303,BLAa,BLA,77,left,0
4265,4266,3,6711.2,5959.120000000001,2317.3,1.0,4265,303,BLAa,BLA,77,left,0
4266,4267,3,6709.44,5958.42,2316.900000000001,0.5,4266,303,BLAa,BLA,77,left,0
4267,4268,3,6708.66,5958.28,2314.5,1.0,4267,303,BLAa,BLA,77,left,0
4268,4269,3,6708.52,5958.400000000001,2312.34,1.0,4268,303,BLAa,BLA,77,left,0
4269,4270,3,6708.22,5959.740000000001,2311.1399999999994,0.16796875,4269,303,BLAa,BLA,77,left,0
4270,4271,3,6707.0,5959.700000000001,2308.6000000000004,1.0,4270,303,BLAa,BLA,77,left,0
4271,4272,3,6705.900000000001,5959.08,2307.16,0.66796875,4271,303,BLAa,BLA,77,left,0
4272,4273,3,6705.82,5958.06,2305.879999999999,0.83203125,4272,303,BLAa,BLA,77,left,0
4273,4274,3,6704.48,5956.98,2304.220000000001,1.0,4273,303,BLAa,BLA,77,left,0
4274,4275,3,6703.04,5955.42,2303.48,0.83203125,4274,303,BLAa,BLA,77,left,0
4275,4276,3,6702.4400000000005,5954.96,2300.2000000000007,1.0,4275,303,BLAa,BLA,77,left,0
4276,4277,3,6702.56,5953.8,2298.3600000000006,1.25,4276,303,BLAa,BLA,77,left,0
4277,4278,3,6702.94,5951.040000000001,2296.66,1.41796875,4277,303,BLAa,BLA,77,left,0
4278,4279,3,6703.04,5949.8,2294.16,1.0,4278,303,BLAa,BLA,77,left,0
4279,4280,3,6703.04,5949.06,2291.620000000001,0.66796875,4279,303,BLAa,BLA,77,left,0
4280,4281,3,6703.22,5947.52,2289.76,1.08203125,4280,303,BLAa,BLA,77,left,0
4281,4282,3,6703.360000000001,5946.84,2286.879999999999,1.08203125,4281,303,BLAa,BLA,77,left,0
4282,4283,3,6704.0,5946.88,2284.98,0.58203125,4282,303,BLAa,BLA,77,left,0
4283,4284,3,6704.880000000001,5943.360000000001,2284.42,1.0,4283,303,BLAa,BLA,77,left,0
4284,4285,3,6705.48,5940.42,2284.1399999999994,1.33203125,4284,303,BLAa,BLA,77,left,0
4285,4286,3,6706.3,5940.16,2283.32,0.83203125,4285,303,BLAa,BLA,77,left,1
4286,4287,3,6814.9,5991.34,2373.92,0.11328125,2513,303,BLAa,BLA,78,left,0
4287,4288,3,6815.34,5991.42,2376.8600000000006,1.0,4287,303,BLAa,BLA,78,left,0
4288,4289,3,6815.599999999999,5991.26,2380.959999999999,1.0,4288,303,BLAa,BLA,78,left,0
4289,4290,3,6815.900000000001,5991.12,2385.119999999999,1.16796875,4289,303,BLAa,BLA,78,left,0
4290,4291,3,6816.08,5991.02,2387.8599999999988,1.83203125,4290,303,BLAa,BLA,78,left,0
4291,4292,3,6816.06,5991.7,2389.58,1.0,4291,303,BLAa,BLA,78,left,0
4292,4293,3,6815.96,5993.28,2389.66,1.0,4292,303,BLAa,BLA,78,left,0
4293,4294,3,6817.4400000000005,5994.679999999999,2389.76,1.0,4293,303,BLAa,BLA,78,left,0
4294,4295,3,6820.36,5995.78,2391.1800000000003,1.0,4294,303,BLAa,BLA,78,left,0
4295,4296,3,6822.240000000001,5996.76,2392.279999999999,1.08203125,4295,303,BLAa,BLA,78,left,0
4296,4297,3,6822.4800000000005,5997.9,2394.0599999999995,0.91796875,4296,303,BLAa,BLA,78,left,0
4297,4298,3,6822.5,5998.540000000001,2396.48,0.75,4297,303,BLAa,BLA,78,left,0
4298,4299,3,6822.4400000000005,5999.32,2397.9,1.0,4298,303,BLAa,BLA,78,left,0
4299,4300,3,6824.28,6000.14,2398.8,0.08203125,4299,303,BLAa,BLA,78,left,0
4300,4301,3,6824.9400000000005,6000.24,2401.5,1.0,4300,303,BLAa,BLA,78,left,0
4301,4302,3,6825.22,5999.48,2403.5200000000004,1.25,4301,303,BLAa,BLA,78,left,0
4302,4303,3,6825.82,5998.139999999999,2404.7000000000007,0.83203125,4302,303,BLAa,BLA,78,left,0
4303,4304,3,6827.46,5997.820000000001,2405.1800000000003,1.0,4303,303,BLAa,BLA,78,left,0
4304,4305,3,6829.08,5998.4400000000005,2405.98,0.91796875,4304,303,BLAa,BLA,78,left,0
4305,4306,3,6830.82,5998.88,2405.9400000000005,1.0,4305,303,BLAa,BLA,78,left,0
4306,4307,3,6832.0,5998.099999999999,2406.620000000001,1.0,4306,303,BLAa,BLA,78,left,0
4307,4308,3,6833.62,5997.039999999999,2408.16,0.91796875,4307,303,BLAa,BLA,78,left,0
4308,4309,3,6836.72,5996.4800000000005,2409.880000000001,1.0,4308,303,BLAa,BLA,78,left,0
4309,4310,3,6838.08,5997.0,2410.4,1.0,4309,303,BLAa,BLA,78,left,0
4310,4311,3,6840.36,5996.02,2413.4,0.83203125,4310,303,BLAa,BLA,78,left,0
4311,4312,3,6842.16,5995.320000000001,2414.82,0.91796875,4311,303,BLAa,BLA,78,left,0
4312,4313,3,6841.82,5993.8,2416.620000000001,0.078125,4312,303,BLAa,BLA,78,left,0
4313,4314,3,6842.26,5992.619999999999,2420.58,0.58203125,4313,303,BLAa,BLA,78,left,0
4314,4315,3,6842.58,5991.72,2422.8,0.91796875,4314,303,BLAa,BLA,78,left,0
4315,4316,3,6842.200000000001,5991.34,2425.040000000001,1.0,4315,303,BLAa,BLA,78,left,0
4316,4317,3,6841.06,5990.14,2425.879999999999,1.0,4316,303,BLAa,BLA,78,left,0
4317,4318,3,6841.12,5988.48,2428.0600000000013,1.58203125,4317,303,BLAa,BLA,78,left,0
4318,4319,3,6841.5,5987.4800000000005,2430.84,1.0,4318,303,BLAa,BLA,78,left,0
4319,4320,3,6840.639999999999,5987.02,2432.66,0.91796875,4319,303,BLAa,BLA,78,left,0
4320,4321,3,6839.02,5986.040000000001,2433.039999999999,0.75,4320,303,BLAa,BLA,78,left,0
4321,4322,3,6837.54,5984.24,2433.5200000000004,0.83203125,4321,303,BLAa,BLA,78,left,0
4322,4323,3,6835.98,5983.339999999999,2434.6000000000004,0.75,4322,303,BLAa,BLA,78,left,1
4323,4324,3,6815.5,5991.900000000001,2374.0599999999995,0.0546875,2513,303,BLAa,BLA,79,left,0
4324,4325,3,6817.84,5994.9,2374.199999999999,0.91796875,4324,303,BLAa,BLA,79,left,0
4325,4326,3,6819.160000000001,5997.039999999999,2374.72,1.0,4325,303,BLAa,BLA,79,left,0
4326,4327,3,6820.8,5999.24,2374.74,1.0,4326,303,BLAa,BLA,79,left,0
4327,4328,3,6822.7,6001.78,2374.48,0.83203125,4327,303,BLAa,BLA,79,left,0
4328,4329,3,6824.46,6004.5,2375.08,0.5,4328,303,BLAa,BLA,79,left,0
4329,4330,3,6825.860000000001,6006.639999999999,2375.58,1.0,4329,303,BLAa,BLA,79,left,0
4330,4331,3,6827.88,6008.8,2376.119999999999,0.83203125,4330,303,BLAa,BLA,79,left,0
4331,4332,3,6829.18,6010.900000000001,2376.6800000000003,1.5,4331,303,BLAa,BLA,79,left,0
4332,4333,3,6831.54,6014.42,2377.22,1.08203125,4332,303,BLAa,BLA,79,left,0
4333,4334,3,6832.98,6016.74,2377.6399999999994,0.5,4333,303,BLAa,BLA,79,left,0
4334,4335,3,6833.46,6017.960000000001,2378.74,1.0,4334,303,BLAa,BLA,79,left,0
4335,4336,3,6834.96,6019.82,2378.7800000000007,0.0546875,4335,303,BLAa,BLA,79,left,0
4336,4337,3,6836.219999999999,6021.68,2380.32,0.5,4336,303,BLAa,BLA,79,left,0
4337,4338,3,6836.660000000001,6023.26,2381.879999999999,0.5,4337,303,BLAa,BLA,79,left,0
4338,4339,3,6838.22,6024.86,2382.58,1.0,4338,303,BLAa,BLA,79,left,0
4339,4340,3,6839.48,6026.4,2383.76,0.58203125,4339,303,BLAa,BLA,79,left,0
4340,4341,3,6840.9400000000005,6027.26,2385.16,0.83203125,4340,303,BLAa,BLA,79,left,0
4341,4342,3,6841.98,6029.02,2386.24,0.83203125,4341,303,BLAa,BLA,79,left,0
4342,4343,3,6844.38,6031.42,2388.22,1.0,4342,303,BLAa,BLA,79,left,0
4343,4344,3,6844.76,6032.0,2389.66,1.41796875,4343,303,BLAa,BLA,79,left,0
4344,4345,3,6844.400000000001,6033.9800000000005,2390.119999999999,1.25,4344,303,BLAa,BLA,79,left,0
4345,4346,3,6845.2,6034.679999999999,2391.58,0.13671875,4345,303,BLAa,BLA,79,left,0
4346,4347,3,6846.96,6035.38,2392.880000000001,1.0,4346,303,BLAa,BLA,79,left,0
4347,4348,3,6848.48,6036.06,2395.7000000000007,0.91796875,4347,303,BLAa,BLA,79,left,0
4348,4349,3,6849.84,6037.56,2396.879999999999,0.66796875,4348,303,BLAa,BLA,79,left,0
4349,4350,3,6851.900000000001,6039.82,2399.0599999999995,0.5,4349,303,BLAa,BLA,79,left,0
4350,4351,3,6853.32,6041.38,2400.5600000000013,1.08203125,4350,303,BLAa,BLA,79,left,0
4351,4352,3,6855.839999999999,6043.24,2401.0599999999995,0.75,4351,303,BLAa,BLA,79,left,0
4352,4353,3,6857.86,6045.18,2402.0,0.5,4352,303,BLAa,BLA,79,left,0
4353,4354,3,6858.360000000001,6046.900000000001,2402.720000000001,0.91796875,4353,303,BLAa,BLA,79,left,0
4354,4355,3,6790.06,5989.24,2373.5200000000004,0.0546875,2520,303,BLAa,BLA,80,left,0
4355,4356,3,6789.18,5993.360000000001,2372.4,1.0,4355,303,BLAa,BLA,80,left,0
4356,4357,3,6788.66,5996.02,2371.960000000001,1.0,4356,303,BLAa,BLA,80,left,0
4357,4358,3,6788.02,5998.92,2370.32,0.91796875,4357,303,BLAa,BLA,80,left,0
4358,4359,3,6787.42,6001.639999999999,2368.959999999999,1.0,4358,303,BLAa,BLA,80,left,0
4359,4360,3,6786.78,6003.76,2367.619999999999,0.91796875,4359,303,BLAa,BLA,80,left,0
4360,4361,3,6785.56,6004.78,2367.380000000001,0.66796875,4360,303,BLAa,BLA,80,left,0
4361,4362,3,6783.339999999999,6005.74,2367.48,1.0,4361,303,BLAa,BLA,80,left,0
4362,4363,3,6782.4800000000005,6008.12,2367.32,1.0,4362,303,BLAa,BLA,80,left,0
4363,4364,3,6781.459999999999,6010.320000000001,2367.1800000000003,1.0,4363,303,BLAa,BLA,80,left,0
4364,4365,3,6780.1,6010.02,2367.32,1.0,4364,303,BLAa,BLA,80,left,0
4365,4366,3,6780.42,6012.06,2366.42,0.0546875,4365,303,BLAa,BLA,80,left,0
4366,4367,3,6779.740000000001,6015.860000000001,2364.8600000000006,1.08203125,4366,303,BLAa,BLA,80,left,0
4367,4368,3,6780.1,6017.240000000001,2363.92,0.58203125,4367,303,BLAa,BLA,80,left,0
4368,4369,3,6779.82,6020.879999999999,2363.459999999999,1.0,4368,303,BLAa,BLA,80,left,0
4369,4370,3,6779.120000000001,6024.38,2363.0600000000013,0.91796875,4369,303,BLAa,BLA,80,left,0
4370,4371,3,6778.7,6026.36,2362.119999999999,1.08203125,4370,303,BLAa,BLA,80,left,0
4371,4372,3,6777.960000000001,6029.9800000000005,2361.32,1.16796875,4371,303,BLAa,BLA,80,left,0
4372,4373,3,6777.4,6032.86,2361.08,1.0,4372,303,BLAa,BLA,80,left,0
4373,4374,3,6776.72,6035.42,2360.879999999999,0.83203125,4373,303,BLAa,BLA,80,left,0
4374,4375,3,6775.460000000001,6036.68,2360.8600000000006,1.0,4374,303,BLAa,BLA,80,left,0
4375,4376,3,6773.200000000001,6037.34,2361.0,1.16796875,4375,303,BLAa,BLA,80,left,0
4376,4377,3,6771.96,6038.26,2361.0,1.0,4376,303,BLAa,BLA,80,left,0
4377,4378,3,6770.860000000001,6041.68,2360.76,1.25,4377,303,BLAa,BLA,80,left,0
4378,4379,3,6770.280000000001,6044.56,2360.5200000000004,1.0,4378,303,BLAa,BLA,80,left,0
4379,4380,3,6769.400000000001,6049.06,2360.1399999999994,0.02734375,4379,303,BLAa,BLA,80,left,0
4380,4381,3,6768.76,6050.76,2360.0200000000004,1.0,4380,303,BLAa,BLA,80,left,0
4381,4382,3,6767.5,6053.0,2359.92,1.0,4381,303,BLAa,BLA,80,left,0
4382,4383,3,6766.660000000001,6055.74,2359.7000000000007,0.83203125,4382,303,BLAa,BLA,80,left,0
4383,4384,3,6765.58,6057.16,2359.66,0.5,4383,303,BLAa,BLA,80,left,0
4384,4385,3,6764.28,6059.120000000001,2359.58,1.08203125,4384,303,BLAa,BLA,80,left,0
4385,4386,3,6762.84,6060.42,2359.5599999999995,1.0,4385,303,BLAa,BLA,80,left,0
4386,4387,3,6761.639999999999,6063.9,2359.32,1.25,4386,303,BLAa,BLA,80,left,0
4387,4388,3,6760.76,6068.32,2358.959999999999,1.0,4387,303,BLAa,BLA,80,left,0
4388,4389,3,6759.86,6072.799999999999,2358.58,1.0,4388,303,BLAa,BLA,80,left,0
4389,4390,3,6758.959999999999,6077.28,2358.22,1.16796875,4389,303,BLAa,BLA,80,left,0
4390,4391,3,6758.42,6079.9800000000005,2358.24,1.08203125,4390,303,BLAa,BLA,80,left,0
4391,4392,3,6758.16,6081.620000000001,2359.0200000000004,1.0,4391,303,BLAa,BLA,80,left,0
4392,4393,3,6757.52,6084.8,2358.98,1.0,4392,303,BLAa,BLA,80,left,0
4393,4394,3,6756.94,6087.68,2358.74,1.0,4393,303,BLAa,BLA,80,left,0
4394,4395,3,6756.4,6090.320000000001,2358.32,0.83203125,4394,303,BLAa,BLA,80,left,0
4395,4396,3,6755.900000000001,6092.32,2356.8600000000006,1.08203125,4395,303,BLAa,BLA,80,left,0
4396,4397,3,6754.9,6096.459999999999,2354.0200000000004,1.0,4396,303,BLAa,BLA,80,left,0
4397,4398,3,6754.42,6098.3,2352.140000000001,1.66796875,4397,303,BLAa,BLA,80,left,0
4398,4399,3,6754.52,6100.280000000001,2349.72,1.41796875,4398,303,BLAa,BLA,80,left,0
4399,4400,3,6755.42,6102.92,2348.92,0.58203125,4399,303,BLAa,BLA,80,left,0
4400,4401,3,6755.320000000001,6104.42,2347.5599999999995,1.0,4400,303,BLAa,BLA,80,left,1
4401,4402,3,6790.599999999999,5987.26,2376.4,0.08203125,2520,303,BLAa,BLA,81,left,0
4402,4403,3,6790.62,5987.88,2378.959999999999,0.5,4402,303,BLAa,BLA,81,left,0
4403,4404,3,6790.56,5988.9,2380.9400000000005,1.0,4403,303,BLAa,BLA,81,left,0
4404,4405,3,6790.48,5988.92,2383.039999999999,1.0,4404,303,BLAa,BLA,81,left,0
4405,4406,3,6789.82,5988.5,2385.220000000001,0.91796875,4405,303,BLAa,BLA,81,left,0
4406,4407,3,6789.32,5988.379999999999,2387.66,1.16796875,4406,303,BLAa,BLA,81,left,0
4407,4408,3,6787.7,5988.68,2388.42,1.0,4407,303,BLAa,BLA,81,left,0
4408,4409,3,6786.36,5988.5,2390.2000000000007,0.83203125,4408,303,BLAa,BLA,81,left,0
4409,4410,3,6786.32,5989.34,2391.879999999999,0.58203125,4409,303,BLAa,BLA,81,left,0
4410,4411,3,6786.4400000000005,5989.740000000001,2394.66,1.0,4410,303,BLAa,BLA,81,left,0
4411,4412,3,6786.42,5990.700000000001,2397.2000000000007,0.75,4411,303,BLAa,BLA,81,left,0
4412,4413,3,6786.18,5992.039999999999,2399.48,1.0,4412,303,BLAa,BLA,81,left,0
4413,4414,3,6785.34,5992.4,2402.380000000001,1.0,4413,303,BLAa,BLA,81,left,0
4414,4415,3,6784.84,5993.099999999999,2404.199999999999,0.75,4414,303,BLAa,BLA,81,left,0
4415,4416,3,6783.360000000001,5992.9,2405.58,0.5,4415,303,BLAa,BLA,81,left,0
4416,4417,3,6782.820000000001,5994.139999999999,2407.140000000001,1.0,4416,303,BLAa,BLA,81,left,0
4417,4418,3,6782.4800000000005,5996.34,2409.1399999999994,1.5,4417,303,BLAa,BLA,81,left,0
4418,4419,3,6781.84,5996.58,2410.6399999999994,1.0,4418,303,BLAa,BLA,81,left,0
4419,4420,3,6781.32,5997.1,2413.2000000000007,1.5,4419,303,BLAa,BLA,81,left,0
4420,4421,3,6780.54,5998.08,2415.380000000001,0.5,4420,303,BLAa,BLA,81,left,0
4421,4422,3,6780.06,6000.0,2417.5,0.75,4421,303,BLAa,BLA,81,left,0
4422,4423,3,6779.8,6001.76,2418.279999999999,1.0,4422,303,BLAa,BLA,81,left,0
4423,4424,3,6777.86,6001.58,2418.7000000000007,0.0546875,4423,303,BLAa,BLA,81,left,0
4424,4425,3,6777.12,6002.08,2420.24,0.66796875,4424,303,BLAa,BLA,81,left,0
4425,4426,3,6775.16,6001.96,2422.540000000001,1.0,4425,303,BLAa,BLA,81,left,0
4426,4427,3,6774.22,6002.759999999999,2424.5,0.91796875,4426,303,BLAa,BLA,81,left,0
4427,4428,3,6772.5,6005.42,2426.32,0.58203125,4427,303,BLAa,BLA,81,left,0
4428,4429,3,6771.32,6006.96,2427.619999999999,0.5,4428,303,BLAa,BLA,81,left,0
4429,4430,3,6770.460000000001,6008.52,2430.84,1.0,4429,303,BLAa,BLA,81,left,0
4430,4431,3,6769.84,6009.700000000001,2432.6399999999994,1.0,4430,303,BLAa,BLA,81,left,0
4431,4432,3,6769.099999999999,6012.34,2434.26,0.5,4431,303,BLAa,BLA,81,left,0
4432,4433,3,6768.12,6012.960000000001,2435.84,0.91796875,4432,303,BLAa,BLA,81,left,0
4433,4434,3,6766.24,6014.34,2437.9,0.58203125,4433,303,BLAa,BLA,81,left,0
4434,4435,3,6764.099999999999,6015.2,2440.34,1.0,4434,303,BLAa,BLA,81,left,0
4435,4436,3,6762.74,6015.74,2442.140000000001,0.91796875,4435,303,BLAa,BLA,81,left,0
4436,4437,3,6761.4400000000005,6016.2,2443.459999999999,0.5,4436,303,BLAa,BLA,81,left,0
4437,4438,3,6760.900000000001,6018.06,2445.72,1.0,4437,303,BLAa,BLA,81,left,0
4438,4439,3,6760.320000000001,6019.46,2446.699999999999,1.25,4438,303,BLAa,BLA,81,left,0
4439,4440,3,6758.86,6019.2,2447.880000000001,0.58203125,4439,303,BLAa,BLA,81,left,0
4440,4441,3,6758.360000000001,6020.5,2449.460000000001,1.0,4440,303,BLAa,BLA,81,left,0
4441,4442,3,6757.780000000001,6022.58,2450.98,0.5,4441,303,BLAa,BLA,81,left,0
4442,4443,3,6756.900000000001,6023.92,2452.039999999999,1.58203125,4442,303,BLAa,BLA,81,left,0
4443,4444,3,6756.4400000000005,6024.32,2454.8,0.91796875,4443,303,BLAa,BLA,81,left,0
4444,4445,3,6755.62,6025.52,2456.1399999999994,0.83203125,4444,303,BLAa,BLA,81,left,0
4445,4446,3,6755.06,6026.58,2457.6800000000003,0.75,4445,303,BLAa,BLA,81,left,0
4446,4447,3,6754.26,6027.98,2460.040000000001,1.0,4446,303,BLAa,BLA,81,left,0
4447,4448,3,6753.6,6029.96,2461.620000000001,0.91796875,4447,303,BLAa,BLA,81,left,0
4448,4449,3,6752.06,6030.1,2462.66,1.16796875,4448,303,BLAa,BLA,81,left,0
4449,4450,3,6751.660000000001,6031.26,2465.220000000001,1.0,4449,303,BLAa,BLA,81,left,0
4450,4451,3,6751.54,6032.64,2466.900000000001,0.75,4450,303,BLAa,BLA,81,left,0
4451,4452,3,6750.8,6033.959999999999,2468.120000000001,0.08203125,4451,303,BLAa,BLA,81,left,0
4452,4453,3,6749.58,6033.540000000001,2470.0599999999995,0.75,4452,303,BLAa,BLA,81,left,0
4453,4454,3,6748.82,6034.360000000001,2473.0999999999985,0.83203125,4453,303,BLAa,BLA,81,left,0
4454,4455,3,6748.06,6036.0,2474.92,0.75,4454,303,BLAa,BLA,81,left,0
4455,4456,3,6747.66,6038.92,2477.4,0.58203125,4455,303,BLAa,BLA,81,left,0
4456,4457,3,6747.42,6040.92,2479.0599999999995,1.0,4456,303,BLAa,BLA,81,left,0
4457,4458,3,6747.200000000001,6042.820000000001,2480.779999999999,1.0,4457,303,BLAa,BLA,81,left,0
4458,4459,3,6747.36,6043.48,2484.040000000001,0.91796875,4458,303,BLAa,BLA,81,left,0
4459,4460,3,6747.4,6044.38,2486.3600000000006,0.66796875,4459,303,BLAa,BLA,81,left,1
4460,4461,3,6809.099999999999,5947.6,2505.959999999999,0.1015625,2671,303,BLAa,BLA,82,left,0
4461,4462,3,6809.5,5946.56,2508.32,0.91796875,4461,303,BLAa,BLA,82,left,0
4462,4463,3,6810.299999999999,5946.58,2510.539999999999,1.0,4462,303,BLAa,BLA,82,left,0
4463,4464,3,6811.860000000001,5947.219999999999,2511.119999999999,1.0,4463,303,BLAa,BLA,82,left,0
4464,4465,3,6813.7,5947.94,2512.0200000000004,0.91796875,4464,303,BLAa,BLA,82,left,0
4465,4466,3,6815.98,5948.86,2513.120000000001,0.75,4465,303,BLAa,BLA,82,left,0
4466,4467,3,6817.68,5950.2,2513.880000000001,1.0,4466,303,BLAa,BLA,82,left,0
4467,4468,3,6819.08,5951.7,2513.6800000000003,0.91796875,4467,303,BLAa,BLA,82,left,0
4468,4469,3,6821.1,5952.6,2514.7000000000007,1.0,4468,303,BLAa,BLA,82,left,0
4469,4470,3,6822.32,5952.46,2517.0,1.33203125,4469,303,BLAa,BLA,82,left,0
4470,4471,3,6823.200000000001,5951.78,2518.42,0.5,4470,303,BLAa,BLA,82,left,0
4471,4472,3,6824.82,5952.28,2519.3600000000006,1.0,4471,303,BLAa,BLA,82,left,0
4472,4473,3,6826.219999999999,5952.799999999999,2520.9400000000005,1.0,4472,303,BLAa,BLA,82,left,0
4473,4474,3,6828.86,5953.86,2521.960000000001,1.0,4473,303,BLAa,BLA,82,left,0
4474,4475,3,6830.42,5954.46,2523.379999999999,1.0,4474,303,BLAa,BLA,82,left,0
4475,4476,3,6831.7,5955.9400000000005,2524.66,0.58203125,4475,303,BLAa,BLA,82,left,0
4476,4477,3,6832.94,5958.22,2525.5,0.5,4476,303,BLAa,BLA,82,left,0
4477,4478,3,6832.94,5959.9800000000005,2526.620000000001,0.75,4477,303,BLAa,BLA,82,left,1
4478,4479,3,6809.2,5947.28,2506.459999999999,0.05078125,2671,303,BLAa,BLA,83,left,0
4479,4480,3,6808.9800000000005,5945.639999999999,2509.32,0.58203125,4479,303,BLAa,BLA,83,left,0
4480,4481,3,6808.02,5943.64,2510.620000000001,1.08203125,4480,303,BLAa,BLA,83,left,0
4481,4482,3,6806.4,5941.26,2512.3,0.5,4481,303,BLAa,BLA,83,left,0
4482,4483,3,6806.32,5940.08,2514.3,0.75,4482,303,BLAa,BLA,83,left,0
4483,4484,3,6805.76,5939.24,2518.0999999999985,1.0,4483,303,BLAa,BLA,83,left,0
4484,4485,3,6805.34,5938.6,2520.82,0.83203125,4484,303,BLAa,BLA,83,left,0
4485,4486,3,6805.280000000001,5937.26,2523.5200000000004,0.83203125,4485,303,BLAa,BLA,83,left,0
4486,4487,3,6804.22,5936.12,2525.1399999999994,0.5,4486,303,BLAa,BLA,83,left,0
4487,4488,3,6803.6,5933.84,2526.459999999999,0.91796875,4487,303,BLAa,BLA,83,left,0
4488,4489,3,6803.48,5930.82,2529.34,1.08203125,4488,303,BLAa,BLA,83,left,0
4489,4490,3,6803.04,5928.92,2532.6800000000003,1.16796875,4489,303,BLAa,BLA,83,left,0
4490,4491,3,6801.24,5927.98,2535.119999999999,1.0,4490,303,BLAa,BLA,83,left,0
4491,4492,3,6799.76,5927.240000000001,2536.82,0.58203125,4491,303,BLAa,BLA,83,left,0
4492,4493,3,6797.179999999999,5926.0,2538.5,1.0,4492,303,BLAa,BLA,83,left,0
4493,4494,3,6795.879999999999,5925.320000000001,2540.380000000001,1.0,4493,303,BLAa,BLA,83,left,0
4494,4495,3,6794.26,5924.58,2543.619999999999,0.91796875,4494,303,BLAa,BLA,83,left,0
4495,4496,3,6792.86,5924.9,2544.66,0.58203125,4495,303,BLAa,BLA,83,left,0
4496,4497,3,6791.599999999999,5924.740000000001,2546.4,1.16796875,4496,303,BLAa,BLA,83,left,0
4497,4498,3,6789.700000000001,5924.02,2547.960000000001,1.08203125,4497,303,BLAa,BLA,83,left,0
4498,4499,3,6788.6,5924.48,2549.1399999999994,0.91796875,4498,303,BLAa,BLA,83,left,0
4499,4500,3,6787.799999999999,5924.44,2551.3,1.0,4499,303,BLAa,BLA,83,left,0
4500,4501,3,6787.820000000001,5924.28,2554.32,1.0,4500,303,BLAa,BLA,83,left,0
4501,4502,3,6787.179999999999,5923.84,2556.960000000001,1.0,4501,303,BLAa,BLA,83,left,0
4502,4503,3,6785.66,5923.04,2559.24,0.75,4502,303,BLAa,BLA,83,left,0
4503,4504,3,6784.48,5922.380000000001,2561.58,1.0,4503,303,BLAa,BLA,83,left,0
4504,4505,3,6783.04,5921.639999999999,2563.26,1.41796875,4504,303,BLAa,BLA,83,left,0
4505,4506,3,6782.039999999999,5921.040000000001,2565.84,1.16796875,4505,303,BLAa,BLA,83,left,0
4506,4507,3,6780.44,5920.24,2567.380000000001,1.16796875,4506,303,BLAa,BLA,83,left,0
4507,4508,3,6778.959999999999,5919.880000000001,2569.2800000000007,1.16796875,4507,303,BLAa,BLA,83,left,0
4508,4509,3,6777.4400000000005,5920.259999999999,2571.5200000000004,1.0,4508,303,BLAa,BLA,83,left,0
4509,4510,3,6776.040000000001,5920.76,2574.5599999999995,0.66796875,4509,303,BLAa,BLA,83,left,0
4510,4511,3,6775.34,5921.660000000001,2576.5200000000004,1.41796875,4510,303,BLAa,BLA,83,left,0
4511,4512,3,6774.539999999999,5921.98,2578.279999999999,1.0,4511,303,BLAa,BLA,83,left,0
4512,4513,3,6773.379999999999,5921.36,2580.0599999999995,1.0,4512,303,BLAa,BLA,83,left,0
4513,4514,3,6771.459999999999,5921.08,2581.4400000000005,0.5,4513,303,BLAa,BLA,83,left,0
4514,4515,3,6771.1,5921.76,2582.9400000000005,1.0,4514,303,BLAa,BLA,83,left,0
4515,4516,3,6834.86,5937.14,2365.42,0.08203125,2675,303,BLAa,BLA,84,left,0
4516,4517,3,6836.26,5937.6,2367.0599999999995,1.0,4516,303,BLAa,BLA,84,left,0
4517,4518,3,6838.18,5938.26,2369.08,1.16796875,4517,303,BLAa,BLA,84,left,0
4518,4519,3,6839.44,5938.66,2371.08,1.41796875,4518,303,BLAa,BLA,84,left,0
4519,4520,3,6841.54,5939.46,2372.1000000000004,2.0,4519,303,BLAa,BLA,84,left,0
4520,4521,3,6844.099999999999,5940.54,2371.7800000000007,1.75,4520,303,BLAa,BLA,84,left,0
4521,4522,3,6845.9400000000005,5941.34,2371.540000000001,1.08203125,4521,303,BLAa,BLA,84,left,0
4522,4523,3,6835.52,5936.16,2363.08,0.11328125,2675,303,BLAa,BLA,85,left,0
4523,4524,3,6837.34,5936.78,2362.039999999999,0.75,4523,303,BLAa,BLA,85,left,0
4524,4525,3,6840.04,5937.179999999999,2360.9400000000005,1.16796875,4524,303,BLAa,BLA,85,left,0
4525,4526,3,6841.860000000001,5936.860000000001,2359.8600000000006,0.58203125,4525,303,BLAa,BLA,85,left,0
4526,4527,3,6843.26,5936.36,2358.82,0.5,4526,303,BLAa,BLA,85,left,0
4527,4528,3,6844.9,5936.620000000001,2357.32,0.75,4527,303,BLAa,BLA,85,left,0
4528,4529,3,6845.599999999999,5936.02,2355.9400000000005,0.66796875,4528,303,BLAa,BLA,85,left,0
4529,4530,3,6847.08,5936.5,2354.58,1.0,4529,303,BLAa,BLA,85,left,0
4530,4531,3,6848.16,5937.08,2352.6000000000004,0.75,4530,303,BLAa,BLA,85,left,0
4531,4532,3,6850.2,5938.06,2350.879999999999,0.75,4531,303,BLAa,BLA,85,left,0
4532,4533,3,6852.4400000000005,5939.28,2349.26,0.5,4532,303,BLAa,BLA,85,left,0
4533,4534,3,6854.06,5941.0,2348.42,1.0,4533,303,BLAa,BLA,85,left,0
4534,4535,3,6854.679999999999,5941.78,2347.0599999999995,1.0,4534,303,BLAa,BLA,85,left,0
4535,4536,3,6857.380000000001,5942.98,2345.82,0.02734375,4535,303,BLAa,BLA,85,left,0
4536,4537,3,6859.56,5943.9400000000005,2344.82,1.0,4536,303,BLAa,BLA,85,left,0
4537,4538,3,6861.82,5944.44,2343.459999999999,0.58203125,4537,303,BLAa,BLA,85,left,0
4538,4539,3,6863.88,5944.42,2342.42,0.91796875,4538,303,BLAa,BLA,85,left,0
4539,4540,3,6866.0,5943.92,2341.6399999999994,1.0,4539,303,BLAa,BLA,85,left,0
4540,4541,3,6866.88,5942.66,2340.92,1.08203125,4540,303,BLAa,BLA,85,left,0
4541,4542,3,6869.5,5943.52,2340.08,1.0,4541,303,BLAa,BLA,85,left,0
4542,4543,3,6871.74,5943.959999999999,2339.8600000000006,1.0,4542,303,BLAa,BLA,85,left,0
4543,4544,3,6873.68,5943.02,2339.779999999999,0.66796875,4543,303,BLAa,BLA,85,left,0
4544,4545,3,6876.219999999999,5942.960000000001,2338.76,0.58203125,4544,303,BLAa,BLA,85,left,0
4545,4546,3,6877.52,5942.6,2337.5200000000004,1.0,4545,303,BLAa,BLA,85,left,0
4546,4547,3,6880.4,5943.42,2336.4,1.0,4546,303,BLAa,BLA,85,left,0
4547,4548,3,6882.36,5944.26,2335.92,1.0,4547,303,BLAa,BLA,85,left,0
4548,4549,3,6884.0,5945.0,2334.72,1.0,4548,311,BLAp,BLA,85,left,0
4549,4550,3,6886.12,5945.320000000001,2334.3600000000006,1.0,4549,311,BLAp,BLA,85,left,0
4550,4551,3,6887.5,5945.0,2334.2800000000007,1.0,4550,311,BLAp,BLA,85,left,0
4551,4552,3,6888.9,5943.56,2334.3,0.11328125,4551,311,BLAp,BLA,85,left,0
4552,4553,3,6890.639999999999,5942.42,2334.26,1.08203125,4552,311,BLAp,BLA,85,left,0
4553,4554,3,6893.16,5941.76,2334.1399999999994,1.0,4553,311,BLAp,BLA,85,left,0
4554,4555,3,6896.040000000001,5940.78,2334.0,1.0,4554,311,BLAp,BLA,85,left,0
4555,4556,3,6898.02,5939.84,2333.6800000000003,1.0,4555,311,BLAp,BLA,85,left,0
4556,4557,3,6899.58,5940.320000000001,2332.5200000000004,0.91796875,4556,311,BLAp,BLA,85,left,0
4557,4558,3,6901.26,5941.040000000001,2331.900000000001,0.5,4557,311,BLAp,BLA,85,left,0
4558,4559,3,6903.48,5941.94,2330.58,0.91796875,4558,311,BLAp,BLA,85,left,0
4559,4560,3,6905.76,5941.94,2330.040000000001,1.0,4559,311,BLAp,BLA,85,left,0
4560,4561,3,6908.3,5941.98,2328.6800000000003,0.58203125,4560,311,BLAp,BLA,85,left,0
4561,4562,3,6909.8,5941.72,2327.66,0.5,4561,311,BLAp,BLA,85,left,0
4562,4563,3,6911.82,5942.46,2326.720000000001,0.58203125,4562,311,BLAp,BLA,85,left,0
4563,4564,3,6912.960000000001,5941.88,2325.6800000000003,1.0,4563,311,BLAp,BLA,85,left,0
4564,4565,3,6914.04,5940.119999999999,2325.460000000001,0.66796875,4564,311,BLAp,BLA,85,left,0
4565,4566,3,6915.16,5939.22,2324.0,0.91796875,4565,311,BLAp,BLA,85,left,0
4566,4567,3,6916.7,5939.740000000001,2322.82,0.91796875,4566,311,BLAp,BLA,85,left,0
4567,4568,3,6918.32,5938.099999999999,2322.2000000000007,0.91796875,4567,311,BLAp,BLA,85,left,0
4568,4569,3,6919.679999999999,5935.879999999999,2321.0,0.91796875,4568,311,BLAp,BLA,85,left,0
4569,4570,3,6920.700000000001,5935.36,2320.08,0.75,4569,311,BLAp,BLA,85,left,0
4570,4571,3,6922.06,5933.92,2320.0,0.0625,4570,311,BLAp,BLA,85,left,0
4571,4572,3,6923.18,5930.58,2320.220000000001,1.0,4571,311,BLAp,BLA,85,left,0
4572,4573,3,6924.160000000001,5926.620000000001,2320.0599999999995,1.5,4572,311,BLAp,BLA,85,left,0
4573,4574,3,6925.320000000001,5925.16,2318.72,0.5,4573,311,BLAp,BLA,85,left,0
4574,4575,3,6926.56,5925.18,2317.6800000000003,1.0,4574,311,BLAp,BLA,85,left,1
4575,4576,3,6845.44,6009.06,2393.5200000000004,0.13671875,2745,303,BLAa,BLA,86,left,0
4576,4577,3,6843.780000000001,6008.32,2394.9,1.58203125,4576,303,BLAa,BLA,86,left,0
4577,4578,3,6842.26,6009.880000000001,2395.5999999999985,1.0,4577,303,BLAa,BLA,86,left,0
4578,4579,3,6841.7,6012.42,2396.16,1.91796875,4578,303,BLAa,BLA,86,left,0
4579,4580,3,6841.0,6016.14,2396.380000000001,1.33203125,4579,303,BLAa,BLA,86,left,0
4580,4581,3,6840.119999999999,6020.54,2396.0,2.75,4580,303,BLAa,BLA,86,left,0
4581,4582,3,6839.52,6023.5,2395.74,1.33203125,4581,303,BLAa,BLA,86,left,0
4582,4583,3,6839.08,6025.66,2395.5600000000013,1.41796875,4582,303,BLAa,BLA,86,left,0
4583,4584,3,6837.46,6030.22,2395.26,0.046875,4583,303,BLAa,BLA,86,left,0
4584,4585,3,6836.2,6032.799999999999,2396.1000000000004,0.83203125,4584,303,BLAa,BLA,86,left,0
4585,4586,3,6834.78,6034.34,2397.48,0.91796875,4585,303,BLAa,BLA,86,left,0
4586,4587,3,6833.64,6036.32,2397.8599999999988,0.91796875,4586,303,BLAa,BLA,86,left,0
4587,4588,3,6833.16,6038.360000000001,2398.6800000000003,1.16796875,4587,303,BLAa,BLA,86,left,0
4588,4589,3,6832.52,6041.52,2398.6399999999994,1.33203125,4588,303,BLAa,BLA,86,left,0
4589,4590,3,6831.68,6044.099999999999,2398.5200000000004,1.0,4589,303,BLAa,BLA,86,left,0
4590,4591,3,6830.62,6045.68,2399.5,0.83203125,4590,303,BLAa,BLA,86,left,0
4591,4592,3,6830.2,6047.780000000001,2400.4400000000005,1.58203125,4591,303,BLAa,BLA,86,left,0
4592,4593,3,6829.64,6050.66,2400.72,1.0,4592,303,BLAa,BLA,86,left,0
4593,4594,3,6829.06,6053.5,2400.5999999999985,0.91796875,4593,303,BLAa,BLA,86,left,0
4594,4595,3,6828.56,6056.24,2401.22,1.5,4594,303,BLAa,BLA,86,left,0
4595,4596,3,6827.86,6059.9,2401.540000000001,0.75,4595,303,BLAa,BLA,86,left,0
4596,4597,3,6827.46,6062.179999999999,2402.34,0.91796875,4596,303,BLAa,BLA,86,left,0
4597,4598,3,6827.200000000001,6064.48,2402.279999999999,1.0,4597,303,BLAa,BLA,86,left,0
4598,4599,3,6827.94,6065.76,2402.1000000000004,1.0,4598,303,BLAa,BLA,86,left,0
4599,4600,3,6825.72,6067.06,2402.140000000001,0.0390625,4599,303,BLAa,BLA,86,left,0
4600,4601,3,6823.84,6068.76,2402.119999999999,1.16796875,4600,303,BLAa,BLA,86,left,0
4601,4602,3,6822.7,6071.32,2401.960000000001,1.0,4601,303,BLAa,BLA,86,left,0
4602,4603,3,6821.0,6073.360000000001,2401.92,1.0,4602,303,BLAa,BLA,86,left,0
4603,4604,3,6819.44,6073.9400000000005,2402.58,0.5,4603,303,BLAa,BLA,86,left,0
4604,4605,3,6818.56,6076.599999999999,2403.1399999999994,1.0,4604,303,BLAa,BLA,86,left,0
4605,4606,3,6817.960000000001,6079.56,2403.08,0.91796875,4605,303,BLAa,BLA,86,left,0
4606,4607,3,6817.5,6082.179999999999,2403.959999999999,1.0,4606,303,BLAa,BLA,86,left,0
4607,4608,3,6817.34,6085.1,2405.92,0.5,4607,303,BLAa,BLA,86,left,0
4608,4609,3,6818.48,6086.94,2407.74,0.83203125,4608,303,BLAa,BLA,86,left,0
4609,4610,3,6819.46,6089.360000000001,2408.58,1.0,4609,303,BLAa,BLA,86,left,0
4610,4611,3,6820.44,6091.040000000001,2408.42,0.58203125,4610,303,BLAa,BLA,86,left,1
4611,4612,3,6848.5,6011.900000000001,2394.959999999999,1.0,2745,303,BLAa,BLA,87,left,0
4612,4613,3,6849.08,6013.200000000001,2396.5200000000004,0.66796875,4612,303,BLAa,BLA,87,left,0
4613,4614,3,6850.1,6014.96,2397.140000000001,0.91796875,4613,303,BLAa,BLA,87,left,0
4614,4615,3,6851.58,6016.14,2396.900000000001,1.0,4614,303,BLAa,BLA,87,left,0
4615,4616,3,6972.66,6037.4400000000005,2369.9,0.0546875,2803,311,BLAp,BLA,88,left,0
4616,4617,3,6975.5,6036.1,2369.34,1.16796875,4616,311,BLAp,BLA,88,left,0
4617,4618,3,6977.16,6035.36,2367.9,0.5,4617,311,BLAp,BLA,88,left,0
4618,4619,3,6979.160000000001,6034.52,2366.879999999999,1.0,4618,311,BLAp,BLA,88,left,0
4619,4620,3,6980.320000000001,6032.3,2365.9400000000005,0.83203125,4619,311,BLAp,BLA,88,left,0
4620,4621,3,6980.72,6030.16,2365.0,1.0,4620,311,BLAp,BLA,88,left,0
4621,4622,3,6981.3,6027.42,2363.74,0.66796875,4621,311,BLAp,BLA,88,left,0
4622,4623,3,6982.240000000001,6025.96,2362.0599999999995,0.5,4622,311,BLAp,BLA,88,left,0
4623,4624,3,6984.38,6024.76,2360.539999999999,0.91796875,4623,311,BLAp,BLA,88,left,0
4624,4625,3,6986.7,6024.139999999999,2360.4400000000005,1.16796875,4624,311,BLAp,BLA,88,left,0
4625,4626,3,6988.88,6023.139999999999,2360.3599999999988,1.0,4625,311,BLAp,BLA,88,left,0
4626,4627,3,6990.879999999999,6022.6,2360.26,1.0,4626,311,BLAp,BLA,88,left,0
4627,4628,3,6992.92,6022.200000000001,2360.16,0.66796875,4627,311,BLAp,BLA,88,left,0
4628,4629,3,6994.62,6021.02,2360.5,0.91796875,4628,311,BLAp,BLA,88,left,0
4629,4630,3,6996.08,6020.14,2361.380000000001,1.08203125,4629,311,BLAp,BLA,88,left,0
4630,4631,3,6998.48,6019.9,2362.4,0.91796875,4630,311,BLAp,BLA,88,left,0
4631,4632,3,7000.58,6019.719999999999,2362.58,0.83203125,4631,311,BLAp,BLA,88,left,0
4632,4633,3,7003.379999999999,6019.22,2362.42,0.03125,4632,311,BLAp,BLA,88,left,0
4633,4634,3,7006.34,6018.56,2362.26,0.91796875,4633,311,BLAp,BLA,88,left,0
4634,4635,3,7008.24,6019.139999999999,2361.66,0.75,4634,311,BLAp,BLA,88,left,0
4635,4636,3,7010.42,6020.04,2359.880000000001,1.0,4635,311,BLAp,BLA,88,left,0
4636,4637,3,7012.3,6020.860000000001,2357.6800000000003,0.91796875,4636,311,BLAp,BLA,88,left,0
4637,4638,3,7013.9800000000005,6021.58,2356.0200000000004,1.33203125,4637,311,BLAp,BLA,88,left,0
4638,4639,3,7015.96,6022.36,2355.1399999999994,0.91796875,4638,311,BLAp,BLA,88,left,0
4639,4640,3,7017.52,6021.620000000001,2353.540000000001,0.75,4639,311,BLAp,BLA,88,left,0
4640,4641,3,7018.24,6020.5,2352.1000000000004,1.58203125,4640,311,BLAp,BLA,88,left,0
4641,4642,3,7020.259999999999,6020.900000000001,2350.5200000000004,1.08203125,4641,311,BLAp,BLA,88,left,0
4642,4643,3,7022.200000000001,6020.56,2349.2800000000007,0.91796875,4642,311,BLAp,BLA,88,left,0
4643,4644,3,7024.06,6019.96,2347.74,1.25,4643,311,BLAp,BLA,88,left,0
4644,4645,3,7025.839999999999,6020.259999999999,2346.7800000000007,1.0,4644,311,BLAp,BLA,88,left,0
4645,4646,3,7027.74,6019.92,2346.66,0.91796875,4645,311,BLAp,BLA,88,left,0
4646,4647,3,7029.06,6018.88,2346.0200000000004,1.08203125,4646,311,BLAp,BLA,88,left,0
4647,4648,3,7030.42,6018.9800000000005,2344.3,0.91796875,4647,311,BLAp,BLA,88,left,0
4648,4649,3,7032.36,6019.78,2342.74,0.58203125,4648,311,BLAp,BLA,88,left,0
4649,4650,3,7033.6,6020.320000000001,2341.24,1.0,4649,311,BLAp,BLA,88,left,0
4650,4651,3,7035.56,6020.48,2340.5,1.0,4650,311,BLAp,BLA,88,left,0
4651,4652,3,7037.240000000001,6020.259999999999,2340.24,1.0,4651,311,BLAp,BLA,88,left,0
4652,4653,3,7039.160000000001,6020.9400000000005,2338.98,0.91796875,4652,311,BLAp,BLA,88,left,0
4653,4654,3,7041.459999999999,6021.860000000001,2337.720000000001,1.08203125,4653,311,BLAp,BLA,88,left,0
4654,4655,3,7043.08,6022.179999999999,2336.0599999999995,0.83203125,4654,311,BLAp,BLA,88,left,0
4655,4656,3,7044.96,6021.2,2335.1800000000003,0.5,4655,311,BLAp,BLA,88,left,0
4656,4657,3,7047.12,6020.78,2334.1000000000004,0.91796875,4656,311,BLAp,BLA,88,left,0
4657,4658,3,7048.959999999999,6020.34,2333.84,1.16796875,4657,311,BLAp,BLA,88,left,0
4658,4659,3,7050.76,6020.52,2332.82,1.16796875,4658,311,BLAp,BLA,88,left,0
4659,4660,3,7052.4400000000005,6020.119999999999,2332.380000000001,1.0,4659,311,BLAp,BLA,88,left,0
4660,4661,3,7054.0,6019.5,2332.7000000000007,0.11328125,4660,311,BLAp,BLA,88,left,0
4661,4662,3,7055.04,6018.18,2333.9,1.0,4661,311,BLAp,BLA,88,left,0
4662,4663,3,7056.36,6017.02,2335.72,1.0,4662,311,BLAp,BLA,88,left,0
4663,4664,3,7058.48,6016.56,2337.3,1.33203125,4663,311,BLAp,BLA,88,left,0
4664,4665,3,7059.9400000000005,6015.02,2338.72,1.33203125,4664,311,BLAp,BLA,88,left,0
4665,4666,3,7062.34,6014.44,2339.1399999999994,0.83203125,4665,311,BLAp,BLA,88,left,1
4666,4667,3,6972.4400000000005,6037.98,2369.880000000001,0.07421875,2803,311,BLAp,BLA,89,left,0
4667,4668,3,6974.64,6038.84,2369.400000000001,0.91796875,4667,311,BLAp,BLA,89,left,0
4668,4669,3,6976.32,6039.539999999999,2368.2000000000007,0.91796875,4668,311,BLAp,BLA,89,left,0
4669,4670,3,6978.68,6040.48,2367.380000000001,0.75,4669,311,BLAp,BLA,89,left,0
4670,4671,3,6980.2,6041.14,2365.5200000000004,0.66796875,4670,311,BLAp,BLA,89,left,0
4671,4672,3,6980.56,6040.0,2365.0200000000004,0.11328125,4671,311,BLAp,BLA,89,left,0
4672,4673,3,6982.0,6039.9400000000005,2363.959999999999,1.0,4672,311,BLAp,BLA,89,left,0
4673,4674,3,6983.26,6039.28,2362.34,0.66796875,4673,311,BLAp,BLA,89,left,0
4674,4675,3,6984.9400000000005,6038.86,2361.2800000000007,1.33203125,4674,311,BLAp,BLA,89,left,0
4675,4676,3,6987.820000000001,6039.6,2360.24,1.0,4675,311,BLAp,BLA,89,left,0
4676,4677,3,6991.16,6040.860000000001,2359.8600000000006,1.0,4676,311,BLAp,BLA,89,left,0
4677,4678,3,6993.200000000001,6041.660000000001,2359.400000000001,0.75,4677,311,BLAp,BLA,89,left,0
4678,4679,3,6994.28,6042.240000000001,2358.34,1.0,4678,311,BLAp,BLA,89,left,0
4679,4680,3,6995.52,6043.780000000001,2357.8599999999988,0.75,4679,311,BLAp,BLA,89,left,0
4680,4681,3,6997.4,6045.38,2357.58,1.0,4680,311,BLAp,BLA,89,left,0
4681,4682,3,6999.160000000001,6048.139999999999,2357.1800000000003,0.5,4681,311,BLAp,BLA,89,left,0
4682,4683,3,7000.76,6050.24,2356.8600000000006,1.08203125,4682,311,BLAp,BLA,89,left,0
4683,4684,3,7002.380000000001,6052.3,2356.879999999999,0.91796875,4683,311,BLAp,BLA,89,left,0
4684,4685,3,7003.28,6053.9800000000005,2357.5,0.75,4684,311,BLAp,BLA,89,left,0
4685,4686,3,7004.539999999999,6056.7,2357.34,1.0,4685,311,BLAp,BLA,89,left,0
4686,4687,3,7005.54,6059.24,2357.0200000000004,1.25,4686,311,BLAp,BLA,89,left,0
4687,4688,3,7006.0,6061.620000000001,2356.76,0.75,4687,311,BLAp,BLA,89,left,0
4688,4689,3,7007.06,6063.76,2356.48,1.25,4688,311,BLAp,BLA,89,left,0
4689,4690,3,7006.82,6066.4400000000005,2356.24,0.66796875,4689,311,BLAp,BLA,89,left,1
4690,4691,3,6817.54,5895.76,2378.5,0.0546875,2872,303,BLAa,BLA,90,left,0
4691,4692,3,6819.44,5893.9800000000005,2378.58,1.0,4691,303,BLAa,BLA,90,left,0
4692,4693,3,6821.14,5893.3,2379.1000000000004,1.25,4692,303,BLAa,BLA,90,left,0
4693,4694,3,6823.6,5892.9,2379.7000000000007,1.0,4693,303,BLAa,BLA,90,left,0
4694,4695,3,6825.18,5892.0,2379.66,1.08203125,4694,303,BLAa,BLA,90,left,0
4695,4696,3,6827.0,5892.06,2380.119999999999,0.83203125,4695,303,BLAa,BLA,90,left,0
4696,4697,3,6827.58,5891.660000000001,2381.66,1.16796875,4696,303,BLAa,BLA,90,left,0
4697,4698,3,6828.76,5889.34,2382.42,1.0,4697,303,BLAa,BLA,90,left,0
4698,4699,3,6830.2,5888.06,2382.4400000000005,1.0,4698,303,BLAa,BLA,90,left,0
4699,4700,3,6831.34,5884.9,2383.92,1.0,4699,303,BLAa,BLA,90,left,0
4700,4701,3,6831.92,5883.16,2385.3599999999988,1.0,4700,303,BLAa,BLA,90,left,0
4701,4702,3,6832.98,5882.72,2386.7800000000007,1.0,4701,303,BLAa,BLA,90,left,0
4702,4703,3,6833.46,5881.72,2389.76,1.33203125,4702,303,BLAa,BLA,90,left,0
4703,4704,3,6833.84,5880.0,2391.119999999999,0.91796875,4703,303,BLAa,BLA,90,left,0
4704,4705,3,6834.56,5878.64,2393.880000000001,0.03515625,4704,303,BLAa,BLA,90,left,0
4705,4706,3,6835.58,5877.240000000001,2394.7000000000007,0.58203125,4705,303,BLAa,BLA,90,left,0
4706,4707,3,6836.38,5874.48,2396.7800000000007,0.66796875,4706,303,BLAa,BLA,90,left,0
4707,4708,3,6836.94,5871.860000000001,2398.34,0.58203125,4707,303,BLAa,BLA,90,left,0
4708,4709,3,6836.900000000001,5869.28,2399.5599999999995,0.5,4708,303,BLAa,BLA,90,left,0
4709,4710,3,6836.02,5867.74,2401.66,0.5,4709,303,BLAa,BLA,90,left,0
4710,4711,3,6836.0,5864.96,2403.7000000000007,0.91796875,4710,303,BLAa,BLA,90,left,0
4711,4712,3,6836.52,5862.08,2404.66,0.5,4711,303,BLAa,BLA,90,left,0
4712,4713,3,6836.42,5859.9800000000005,2405.7000000000007,1.0,4712,303,BLAa,BLA,90,left,0
4713,4714,3,6836.34,5857.0,2407.1800000000003,0.83203125,4713,303,BLAa,BLA,90,left,0
4714,4715,3,6836.82,5854.64,2408.48,1.16796875,4714,303,BLAa,BLA,90,left,0
4715,4716,3,6837.52,5850.839999999999,2409.3600000000006,1.33203125,4715,303,BLAa,BLA,90,left,0
4716,4717,3,6838.16,5847.16,2409.6800000000003,1.0,4716,303,BLAa,BLA,90,left,0
4717,4718,3,6838.68,5844.08,2410.0599999999995,1.0,4717,303,BLAa,BLA,90,left,0
4718,4719,3,6839.120000000001,5841.76,2411.08,0.5,4718,303,BLAa,BLA,90,left,0
4719,4720,3,6839.66,5838.84,2412.0200000000004,1.41796875,4719,303,BLAa,BLA,90,left,0
4720,4721,3,6840.02,5837.1,2413.0999999999985,0.5,4720,303,BLAa,BLA,90,left,0
4721,4722,3,6840.599999999999,5833.8,2413.619999999999,1.0,4721,303,BLAa,BLA,90,left,0
4722,4723,3,6841.12,5830.18,2413.9400000000005,0.91796875,4722,303,BLAa,BLA,90,left,0
4723,4724,3,6840.58,5828.26,2414.7000000000007,1.0,4723,303,BLAa,BLA,90,left,0
4724,4725,3,6839.58,5827.64,2415.620000000001,1.0,4724,303,BLAa,BLA,90,left,0
4725,4726,3,6839.880000000001,5824.08,2416.0599999999995,0.0546875,4725,303,BLAa,BLA,90,left,0
4726,4727,3,6840.76,5821.799999999999,2416.32,1.0,4726,303,BLAa,BLA,90,left,0
4727,4728,3,6841.52,5821.26,2417.1000000000004,0.66796875,4727,303,BLAa,BLA,90,left,0
4728,4729,3,6842.14,5818.62,2418.66,0.75,4728,303,BLAa,BLA,90,left,0
4729,4730,3,6842.68,5816.08,2420.5200000000004,0.75,4729,303,BLAa,BLA,90,left,0
4730,4731,3,6843.22,5813.26,2421.98,0.66796875,4730,303,BLAa,BLA,90,left,0
4731,4732,3,6844.24,5809.62,2423.5,0.58203125,4731,303,BLAa,BLA,90,left,0
4732,4733,3,6845.34,5807.960000000001,2424.34,0.75,4732,303,BLAa,BLA,90,left,0
4733,4734,3,6845.900000000001,5805.839999999999,2425.539999999999,1.25,4733,303,BLAa,BLA,90,left,0
4734,4735,3,6846.459999999999,5802.54,2426.0599999999995,1.0,4734,303,BLAa,BLA,90,left,0
4735,4736,3,6847.200000000001,5797.98,2426.4400000000005,1.0,4735,303,BLAa,BLA,90,left,0
4736,4737,3,6847.68,5794.92,2426.699999999999,1.08203125,4736,303,BLAa,BLA,90,left,0
4737,4738,3,6848.099999999999,5792.88,2428.120000000001,0.12109375,4737,303,BLAa,BLA,90,left,0
4738,4739,3,6848.56,5790.22,2428.5,0.75,4738,303,BLAa,BLA,90,left,0
4739,4740,3,6849.719999999999,5788.12,2428.6399999999994,0.75,4739,303,BLAa,BLA,90,left,0
4740,4741,3,6851.26,5786.74,2429.34,1.5,4740,303,BLAa,BLA,90,left,0
4741,4742,3,6852.36,5783.88,2430.2000000000007,1.0,4741,303,BLAa,BLA,90,left,0
4742,4743,3,6853.46,5783.400000000001,2430.16,1.0,4742,303,BLAa,BLA,90,left,1
4743,4744,3,6813.9400000000005,5893.959999999999,2379.220000000001,0.03515625,2872,303,BLAa,BLA,91,left,0
4744,4745,3,6813.46,5891.660000000001,2381.0200000000004,0.66796875,4744,303,BLAa,BLA,91,left,0
4745,4746,3,6812.02,5889.06,2383.0999999999985,1.41796875,4745,303,BLAa,BLA,91,left,0
4746,4747,3,6810.5,5887.380000000001,2384.76,1.75,4746,303,BLAa,BLA,91,left,0
4747,4748,3,6810.599999999999,5884.9400000000005,2386.34,0.58203125,4747,303,BLAa,BLA,91,left,0
4748,4749,3,6810.320000000001,5881.24,2387.6000000000004,1.0,4748,303,BLAa,BLA,91,left,0
4749,4750,3,6809.400000000001,5879.06,2388.4400000000005,1.33203125,4749,303,BLAa,BLA,91,left,0
4750,4751,3,6809.539999999999,5876.92,2389.42,1.0,4750,303,BLAa,BLA,91,left,0
4751,4752,3,6808.139999999999,5874.880000000001,2390.2000000000007,1.33203125,4751,303,BLAa,BLA,91,left,0
4752,4753,3,6806.52,5873.9,2391.3,0.75,4752,303,BLAa,BLA,91,left,0
4753,4754,3,6805.9400000000005,5870.860000000001,2391.82,1.0,4753,303,BLAa,BLA,91,left,0
4754,4755,3,6806.68,5866.54,2392.2000000000007,1.16796875,4754,303,BLAa,BLA,91,left,0
4755,4756,3,6807.34,5862.74,2392.540000000001,1.25,4755,303,BLAa,BLA,91,left,0
4756,4757,3,6807.759999999999,5860.22,2392.76,1.0,4756,303,BLAa,BLA,91,left,0
4757,4758,3,6805.599999999999,5858.42,2394.34,0.02734375,4757,303,BLAa,BLA,91,left,0
4758,4759,3,6804.38,5856.459999999999,2395.92,0.66796875,4758,303,BLAa,BLA,91,left,0
4759,4760,3,6802.74,5855.4,2397.74,1.0,4759,303,BLAa,BLA,91,left,0
4760,4761,3,6801.94,5853.42,2399.379999999999,1.5,4760,303,BLAa,BLA,91,left,0
4761,4762,3,6802.380000000001,5850.839999999999,2399.76,1.0,4761,303,BLAa,BLA,91,left,0
4762,4763,3,6802.1,5848.3,2400.42,1.0,4762,303,BLAa,BLA,91,left,0
4763,4764,3,6801.0,5846.3,2402.3600000000006,0.75,4763,303,BLAa,BLA,91,left,0
4764,4765,3,6799.539999999999,5844.84,2404.3600000000006,0.75,4764,303,BLAa,BLA,91,left,0
4765,4766,3,6798.3,5841.76,2405.24,1.0,4765,303,BLAa,BLA,91,left,0
4766,4767,3,6797.68,5838.200000000001,2405.66,0.83203125,4766,303,BLAa,BLA,91,left,0
4767,4768,3,6797.16,5835.34,2405.98,1.0,4767,303,BLAa,BLA,91,left,0
4768,4769,3,6796.56,5832.14,2406.74,1.25,4768,303,BLAa,BLA,91,left,0
4769,4770,3,6796.06,5829.6,2407.9,1.0,4769,303,BLAa,BLA,91,left,0
4770,4771,3,6794.28,5827.4400000000005,2408.6000000000004,0.91796875,4770,303,BLAa,BLA,91,left,0
4771,4772,3,6793.400000000001,5826.54,2409.66,1.0,4771,303,BLAa,BLA,91,left,0
4772,4773,3,6793.7,5825.460000000001,2411.34,1.25,4772,303,BLAa,BLA,91,left,0
4773,4774,3,6794.26,5823.46,2415.1000000000004,0.91796875,4773,303,BLAa,BLA,91,left,0
4774,4775,3,6794.56,5821.12,2417.140000000001,0.83203125,4774,303,BLAa,BLA,91,left,0
4775,4776,3,6794.02,5819.84,2418.32,1.0,4775,303,BLAa,BLA,91,left,0
4776,4777,3,6794.0,5819.64,2420.5999999999985,1.33203125,4776,303,BLAa,BLA,91,left,0
4777,4778,3,6794.18,5819.539999999999,2422.7800000000007,1.0,4777,303,BLAa,BLA,91,left,0
4778,4779,3,6794.08,5821.24,2425.040000000001,0.0546875,4778,303,BLAa,BLA,91,left,0
4779,4780,3,6793.56,5825.16,2426.040000000001,1.0,4779,303,BLAa,BLA,91,left,0
4780,4781,3,6793.76,5826.799999999999,2426.620000000001,0.91796875,4780,303,BLAa,BLA,91,left,0
4781,4782,3,6795.44,5829.2,2426.34,0.75,4781,303,BLAa,BLA,91,left,0
4782,4783,3,6796.52,5831.36,2426.040000000001,1.0,4782,303,BLAa,BLA,91,left,0
4783,4784,3,6798.92,5833.16,2426.0,0.83203125,4783,303,BLAa,BLA,91,left,0
4784,4785,3,6800.259999999999,5834.0,2426.66,0.83203125,4784,303,BLAa,BLA,91,left,0
4785,4786,3,6800.599999999999,5835.54,2426.66,1.0,4785,303,BLAa,BLA,91,left,1
6747,6748,3,6652.820000000001,6026.42,2385.1000000000004,0.08203125,4088,303,BLAa,BLA,102,left,0
6748,6749,3,6650.1,6025.879999999999,2385.4,1.16796875,6748,303,BLAa,BLA,102,left,0
6749,6750,3,6647.54,6024.9400000000005,2385.72,1.0,6749,303,BLAa,BLA,102,left,0
6750,6751,3,6645.96,6025.2,2385.84,0.66796875,6750,303,BLAa,BLA,102,left,0
6751,6752,3,6643.26,6024.66,2386.1399999999994,1.0,6751,303,BLAa,BLA,102,left,0
6752,6753,3,6641.02,6024.32,2386.48,0.83203125,6752,303,BLAa,BLA,102,left,0
6753,6754,3,6639.42,6024.52,2387.459999999999,0.5,6753,303,BLAa,BLA,102,left,0
6754,6755,3,6636.4,6023.9400000000005,2388.2000000000007,1.0,6754,303,BLAa,BLA,102,left,0
6755,6756,3,6635.04,6024.299999999999,2388.300000000001,1.0,6755,303,BLAa,BLA,102,left,0
6756,6757,3,6633.9,6023.86,2389.66,0.11328125,6756,303,BLAa,BLA,102,left,0
6757,6758,3,6632.0,6023.58,2390.0200000000004,1.0,6757,303,BLAa,BLA,102,left,0
6758,6759,3,6630.14,6024.679999999999,2390.08,1.25,6758,303,BLAa,BLA,102,left,0
6759,6760,3,6627.86,6026.0,2390.1399999999994,0.91796875,6759,303,BLAa,BLA,102,left,0
6760,6761,3,6626.0,6026.54,2390.26,0.58203125,6760,303,BLAa,BLA,102,left,0
6761,6762,3,6623.9800000000005,6027.42,2390.72,1.0,6761,303,BLAa,BLA,102,left,0
6762,6763,3,6623.099999999999,6029.64,2391.42,0.5,6762,303,BLAa,BLA,102,left,0
6763,6764,3,6621.620000000001,6031.32,2391.5599999999995,0.83203125,6763,303,BLAa,BLA,102,left,0
6764,6765,3,6620.16,6031.3,2391.92,1.41796875,6764,303,BLAa,BLA,102,left,0
6765,6766,3,6619.299999999999,6032.4,2392.880000000001,1.0,6765,303,BLAa,BLA,102,left,0
6766,6767,3,6618.0,6034.2,2392.960000000001,1.16796875,6766,303,BLAa,BLA,102,left,0
6767,6768,3,6616.14,6034.5,2393.32,0.58203125,6767,303,BLAa,BLA,102,left,0
6768,6769,3,6614.120000000001,6033.58,2394.66,0.91796875,6768,303,BLAa,BLA,102,left,0
6769,6770,3,6612.08,6032.72,2395.26,1.0,6769,303,BLAa,BLA,102,left,0
6770,6771,3,6609.9,6031.72,2396.6000000000004,0.91796875,6770,303,BLAa,BLA,102,left,0
6771,6772,3,6607.56,6030.08,2397.119999999999,1.0,6771,303,BLAa,BLA,102,left,0
6772,6773,3,6606.26,6028.28,2398.1399999999994,1.0,6772,303,BLAa,BLA,102,left,0
6773,6774,3,6604.700000000001,6026.26,2399.74,0.91796875,6773,303,BLAa,BLA,102,left,0
6774,6775,3,6601.82,6024.8,2400.92,1.0,6774,303,BLAa,BLA,102,left,0
6775,6776,3,6599.139999999999,6024.56,2401.26,1.0,6775,303,BLAa,BLA,102,left,0
6776,6777,3,6598.139999999999,6024.8,2402.24,1.0,6776,303,BLAa,BLA,102,left,0
6777,6778,3,6595.44,6023.68,2402.960000000001,0.07421875,6777,303,BLAa,BLA,102,left,0
6778,6779,3,6592.799999999999,6023.22,2403.32,1.0,6778,303,BLAa,BLA,102,left,0
6779,6780,3,6591.32,6023.48,2404.0,1.25,6779,303,BLAa,BLA,102,left,0
6780,6781,3,6588.959999999999,6023.540000000001,2404.959999999999,0.58203125,6780,303,BLAa,BLA,102,left,0
6781,6782,3,6587.42,6024.52,2405.0,1.0,6781,303,BLAa,BLA,102,left,0
6782,6783,3,6585.56,6024.48,2404.6800000000003,1.16796875,6782,303,BLAa,BLA,102,left,0
6783,6784,3,6583.26,6025.320000000001,2403.959999999999,1.08203125,6783,303,BLAa,BLA,102,left,0
6784,6785,3,6581.5,6026.92,2403.7000000000007,1.5,6784,303,BLAa,BLA,102,left,0
6785,6786,3,6580.460000000001,6027.4800000000005,2402.82,0.5,6785,303,BLAa,BLA,102,left,0
6786,6787,3,6578.12,6026.5,2402.9,1.0,6786,303,BLAa,BLA,102,left,0
6787,6788,3,6576.280000000001,6025.44,2403.1800000000003,0.75,6787,303,BLAa,BLA,102,left,0
6788,6789,3,6574.86,6023.62,2403.5,0.91796875,6788,303,BLAa,BLA,102,left,0
6789,6790,3,6573.26,6022.64,2404.120000000001,0.5,6789,303,BLAa,BLA,102,left,0
6790,6791,3,6572.34,6020.9400000000005,2405.66,0.83203125,6790,303,BLAa,BLA,102,left,0
6791,6792,3,6571.32,6019.18,2407.3,1.0,6791,303,BLAa,BLA,102,left,0
6792,6793,3,6569.139999999999,6016.54,2409.880000000001,1.16796875,6792,303,BLAa,BLA,102,left,0
6793,6794,3,6567.5,6014.9400000000005,2411.380000000001,1.0,6793,303,BLAa,BLA,102,left,0
6794,6795,3,6564.76,6013.66,2412.34,1.16796875,6794,303,BLAa,BLA,102,left,0
6795,6796,3,6562.68,6012.780000000001,2412.619999999999,1.0,6795,303,BLAa,BLA,102,left,0
6796,6797,3,6560.38,6012.02,2413.4400000000005,0.0546875,6796,303,BLAa,BLA,102,left,0
6797,6798,3,6559.099999999999,6013.0,2414.220000000001,1.0,6797,303,BLAa,BLA,102,left,0
6798,6799,3,6555.72,6014.62,2414.460000000001,1.0,6798,303,BLAa,BLA,102,left,0
6799,6800,3,6554.22,6015.56,2414.72,0.83203125,6799,303,BLAa,BLA,102,left,0
6800,6801,3,6553.48,6016.94,2415.6399999999994,0.91796875,6800,303,BLAa,BLA,102,left,0
6801,6802,3,6553.02,6019.539999999999,2415.5600000000013,1.0,6801,303,BLAa,BLA,102,left,0
6802,6803,3,6551.4400000000005,6021.18,2416.1800000000003,1.0,6802,303,BLAa,BLA,102,left,0
6803,6804,3,6549.5,6021.3,2417.039999999999,1.08203125,6803,303,BLAa,BLA,102,left,0
6804,6805,3,6547.66,6023.8,2417.0,1.0,6804,303,BLAa,BLA,102,left,0
6805,6806,3,6546.42,6026.34,2417.16,0.91796875,6805,303,BLAa,BLA,102,left,0
6806,6807,3,6546.24,6027.200000000001,2420.4,1.0,6806,303,BLAa,BLA,102,left,0
6807,6808,3,6546.54,6027.12,2423.6800000000003,1.0,6807,303,BLAa,BLA,102,left,0
6808,6809,3,6547.039999999999,6026.54,2425.9400000000005,1.0,6808,303,BLAa,BLA,102,left,0
6809,6810,3,6548.339999999999,6026.1,2426.459999999999,0.75,6809,303,BLAa,BLA,102,left,0
6810,6811,3,6549.48,6026.36,2428.619999999999,1.16796875,6810,303,BLAa,BLA,102,left,0
6811,6812,3,6549.740000000001,6026.040000000001,2430.8600000000006,0.75,6811,303,BLAa,BLA,102,left,0
6812,6813,3,6550.14,6024.880000000001,2433.0,0.91796875,6812,303,BLAa,BLA,102,left,0
6813,6814,3,6550.38,6024.66,2435.2800000000007,1.33203125,6813,303,BLAa,BLA,102,left,0
6814,6815,3,6548.540000000001,6025.8,2436.5,0.05078125,6814,303,BLAa,BLA,102,left,0
6815,6816,3,6546.76,6027.68,2437.3600000000006,0.91796875,6815,303,BLAa,BLA,102,left,0
6816,6817,3,6545.56,6028.06,2438.1800000000003,0.83203125,6816,303,BLAa,BLA,102,left,0
6817,6818,3,6544.76,6031.58,2438.42,1.0,6817,303,BLAa,BLA,102,left,0
6818,6819,3,6544.2,6034.58,2438.16,1.0,6818,303,BLAa,BLA,102,left,0
6819,6820,3,6543.52,6037.28,2437.9400000000005,1.25,6819,303,BLAa,BLA,102,left,0
6820,6821,3,6542.179999999999,6039.28,2437.8599999999988,1.16796875,6820,303,BLAa,BLA,102,left,0
6821,6822,3,6540.0,6040.76,2437.9,0.75,6821,303,BLAa,BLA,102,left,0
6822,6823,3,6538.360000000001,6042.5,2437.8599999999988,1.41796875,6822,303,BLAa,BLA,102,left,0
6823,6824,3,6537.12,6045.280000000001,2437.6800000000003,0.83203125,6823,303,BLAa,BLA,102,left,0
6824,6825,3,6535.599999999999,6046.32,2437.720000000001,1.16796875,6824,303,BLAa,BLA,102,left,0
6825,6826,3,6533.32,6045.900000000001,2437.98,1.41796875,6825,303,BLAa,BLA,102,left,0
6826,6827,3,6531.38,6046.219999999999,2438.120000000001,1.33203125,6826,303,BLAa,BLA,102,left,0
6827,6828,3,6529.78,6047.619999999999,2438.120000000001,1.0,6827,303,BLAa,BLA,102,left,0
6828,6829,3,6528.4400000000005,6050.68,2438.1399999999994,1.0,6828,303,BLAa,BLA,102,left,0
6829,6830,3,6528.28,6052.219999999999,2439.379999999999,0.83203125,6829,303,BLAa,BLA,102,left,0
6830,6831,3,6527.7,6055.78,2440.1800000000003,1.0,6830,303,BLAa,BLA,102,left,0
6831,6832,3,6527.28,6058.9400000000005,2439.9,1.0,6831,303,BLAa,BLA,102,left,0
6832,6833,3,6527.98,6060.320000000001,2439.6800000000003,1.0,6832,303,BLAa,BLA,102,left,1
6833,6834,3,6651.84,6026.4,2385.34,0.02734375,4088,303,BLAa,BLA,103,left,0
6834,6835,3,6650.42,6025.900000000001,2386.92,0.66796875,6834,303,BLAa,BLA,103,left,0
6835,6836,3,6649.9400000000005,6025.54,2389.4399999999987,1.33203125,6835,303,BLAa,BLA,103,left,0
6836,6837,3,6649.06,6025.08,2391.119999999999,1.0,6836,303,BLAa,BLA,103,left,0
6837,6838,3,6647.759999999999,6024.46,2392.16,0.08203125,6837,303,BLAa,BLA,103,left,0
6838,6839,3,6645.639999999999,6024.740000000001,2393.459999999999,0.91796875,6838,303,BLAa,BLA,103,left,0
6839,6840,3,6644.6,6026.02,2394.74,1.08203125,6839,303,BLAa,BLA,103,left,0
6840,6841,3,6644.160000000001,6028.26,2396.5599999999995,0.66796875,6840,303,BLAa,BLA,103,left,0
6841,6842,3,6643.88,6030.76,2398.6399999999994,1.08203125,6841,303,BLAa,BLA,103,left,0
6842,6843,3,6643.68,6032.7,2400.34,1.08203125,6842,303,BLAa,BLA,103,left,0
6843,6844,3,6644.139999999999,6034.099999999999,2402.6000000000004,0.83203125,6843,303,BLAa,BLA,103,left,0
6844,6845,3,6645.44,6035.66,2402.880000000001,1.0,6844,303,BLAa,BLA,103,left,0
6845,6846,3,6646.56,6037.94,2403.84,1.0,6845,303,BLAa,BLA,103,left,0
6846,6847,3,6646.26,6040.04,2404.82,1.08203125,6846,303,BLAa,BLA,103,left,0
6847,6848,3,6646.72,6041.3,2406.0,1.0,6847,303,BLAa,BLA,103,left,0
6848,6849,3,6647.98,6043.5,2406.8,1.0,6848,303,BLAa,BLA,103,left,0
6849,6850,3,6648.22,6045.879999999999,2408.08,1.0,6849,303,BLAa,BLA,103,left,0
6850,6851,3,6650.04,6047.46,2408.279999999999,0.83203125,6850,303,BLAa,BLA,103,left,0
6851,6852,3,6651.82,6048.12,2409.34,1.0,6851,303,BLAa,BLA,103,left,0
6852,6853,3,6654.139999999999,6049.2,2410.8600000000006,1.41796875,6852,303,BLAa,BLA,103,left,0
6853,6854,3,6654.64,6050.4,2412.0599999999995,0.5,6853,303,BLAa,BLA,103,left,0
6854,6855,3,6655.900000000001,6052.4800000000005,2412.9,0.5,6854,303,BLAa,BLA,103,left,0
6855,6856,3,6657.28,6054.099999999999,2413.48,1.0,6855,303,BLAa,BLA,103,left,0
6856,6857,3,6659.56,6056.1,2414.0200000000004,0.91796875,6856,303,BLAa,BLA,103,left,0
6857,6858,3,6660.879999999999,6057.619999999999,2414.32,0.83203125,6857,303,BLAa,BLA,103,left,1
6858,6859,3,6860.1,6047.98,2403.120000000001,0.078125,4354,303,BLAa,BLA,104,left,0
6859,6860,3,6861.219999999999,6048.360000000001,2404.8600000000006,1.0,6859,303,BLAa,BLA,104,left,0
6860,6861,3,6862.619999999999,6048.88,2405.58,1.0,6860,303,BLAa,BLA,104,left,0
6861,6862,3,6864.2,6049.42,2406.900000000001,1.0,6861,303,BLAa,BLA,104,left,0
6862,6863,3,6866.280000000001,6050.18,2408.0,1.0,6862,303,BLAa,BLA,104,left,0
6863,6864,3,6867.36,6050.56,2409.1000000000004,1.0,6863,303,BLAa,BLA,104,left,0
6864,6865,3,6868.7,6050.9400000000005,2411.5200000000004,1.0,6864,303,BLAa,BLA,104,left,0
6865,6866,3,6870.839999999999,6051.280000000001,2413.6000000000004,0.83203125,6865,303,BLAa,BLA,104,left,0
6866,6867,3,6872.200000000001,6050.700000000001,2414.98,0.66796875,6866,303,BLAa,BLA,104,left,0
6867,6868,3,6875.599999999999,6051.7,2418.5200000000004,1.0,6867,303,BLAa,BLA,104,left,0
6868,6869,3,6877.960000000001,6052.7,2420.82,0.66796875,6868,303,BLAa,BLA,104,left,0
6869,6870,3,6879.360000000001,6054.22,2421.58,0.75,6869,303,BLAa,BLA,104,left,0
6870,6871,3,6881.18,6055.259999999999,2423.1800000000003,1.0,6870,303,BLAa,BLA,104,left,0
6871,6872,3,6882.88,6056.24,2424.640000000001,0.83203125,6871,303,BLAa,BLA,104,left,0
6872,6873,3,6884.160000000001,6057.68,2425.3,0.91796875,6872,303,BLAa,BLA,104,left,0
6873,6874,3,6886.0,6058.540000000001,2427.039999999999,1.0,6873,303,BLAa,BLA,104,left,0
6874,6875,3,6887.74,6059.52,2429.0,0.91796875,6874,303,BLAa,BLA,104,left,0
6875,6876,3,6888.82,6060.879999999999,2430.1000000000004,0.58203125,6875,303,BLAa,BLA,104,left,0
6876,6877,3,6890.98,6062.039999999999,2431.8,0.91796875,6876,303,BLAa,BLA,104,left,0
6877,6878,3,6891.7,6063.22,2433.0600000000013,0.5,6877,303,BLAa,BLA,104,left,0
6878,6879,3,6893.719999999999,6064.360000000001,2433.8,0.0546875,6878,303,BLAa,BLA,104,left,0
6879,6880,3,6896.3,6065.54,2435.0,0.5,6879,303,BLAa,BLA,104,left,0
6880,6881,3,6898.06,6067.16,2435.72,1.0,6880,303,BLAa,BLA,104,left,0
6881,6882,3,6900.320000000001,6068.719999999999,2436.1000000000004,0.75,6881,303,BLAa,BLA,104,left,0
6882,6883,3,6901.58,6070.34,2436.2000000000007,0.91796875,6882,303,BLAa,BLA,104,left,0
6883,6884,3,6903.92,6071.56,2437.4400000000005,1.0,6883,303,BLAa,BLA,104,left,0
6884,6885,3,6905.52,6073.12,2438.120000000001,1.0,6884,303,BLAa,BLA,104,left,0
6885,6886,3,6907.26,6074.18,2438.98,0.91796875,6885,303,BLAa,BLA,104,left,0
6886,6887,3,6909.400000000001,6074.9800000000005,2439.42,0.58203125,6886,303,BLAa,BLA,104,left,0
6887,6888,3,6911.14,6075.639999999999,2439.98,1.0,6887,303,BLAa,BLA,104,left,0
6888,6889,3,6860.62,6048.200000000001,2403.3600000000006,0.02734375,4354,303,BLAa,BLA,105,left,0
6889,6890,3,6861.38,6049.9,2403.76,2.0,6889,303,BLAa,BLA,105,left,0
6890,6891,3,6861.34,6052.54,2403.48,1.0,6890,303,BLAa,BLA,105,left,0
6891,6892,3,6862.240000000001,6056.0,2403.0600000000013,0.5,6891,303,BLAa,BLA,105,left,0
6892,6893,3,6862.780000000001,6059.719999999999,2402.6399999999994,0.66796875,6892,303,BLAa,BLA,105,left,0
6893,6894,3,6863.32,6063.099999999999,2402.24,0.75,6893,303,BLAa,BLA,105,left,0
6894,6895,3,6865.2,6065.68,2401.84,1.0,6894,303,BLAa,BLA,105,left,0
6895,6896,3,6866.36,6068.26,2401.48,1.0,6895,303,BLAa,BLA,105,left,0
6896,6897,3,6866.4800000000005,6072.34,2401.040000000001,1.0,6896,303,BLAa,BLA,105,left,0
6897,6898,3,6865.56,6076.7,2400.6800000000003,1.0,6897,303,BLAa,BLA,105,left,0
6898,6899,3,6864.92,6080.24,2400.3599999999988,1.0,6898,303,BLAa,BLA,105,left,0
6899,6900,3,6865.16,6082.86,2400.08,0.83203125,6899,303,BLAa,BLA,105,left,0
6900,6901,3,6865.68,6086.08,2399.72,1.0,6900,303,BLAa,BLA,105,left,0
6901,6902,3,6866.4800000000005,6089.740000000001,2399.2800000000007,0.02734375,6901,303,BLAa,BLA,105,left,0
6902,6903,3,6867.780000000001,6092.92,2398.84,0.66796875,6902,303,BLAa,BLA,105,left,0
6903,6904,3,6868.48,6094.880000000001,2398.6000000000004,0.83203125,6903,303,BLAa,BLA,105,left,0
6904,6905,3,6868.82,6097.4,2398.300000000001,0.91796875,6904,303,BLAa,BLA,105,left,0
6905,6906,3,6870.62,6101.96,2397.7000000000007,0.91796875,6905,303,BLAa,BLA,105,left,0
6906,6907,3,6872.3,6105.280000000001,2396.76,1.0,6906,303,BLAa,BLA,105,left,0
6907,6908,3,6873.64,6107.52,2395.620000000001,0.91796875,6907,303,BLAa,BLA,105,left,0
6908,6909,3,6874.160000000001,6111.599999999999,2394.0599999999995,0.75,6908,303,BLAa,BLA,105,left,0
6909,6910,3,6874.56,6114.04,2392.6000000000004,0.5,6909,303,BLAa,BLA,105,left,0
6910,6911,3,6875.82,6116.280000000001,2391.620000000001,1.0,6910,311,BLAp,BLA,105,left,0
6911,6912,3,6876.040000000001,6118.06,2390.66,1.16796875,6911,311,BLAp,BLA,105,left,0
6912,6913,3,6877.4400000000005,6118.88,2389.92,1.0,6912,311,BLAp,BLA,105,left,0
6913,6914,3,6877.3,6121.32,2390.0599999999995,0.11328125,6913,311,BLAp,BLA,105,left,0
6914,6915,3,6877.26,6123.9800000000005,2390.879999999999,1.08203125,6914,311,BLAp,BLA,105,left,0
6915,6916,3,6877.960000000001,6126.26,2391.699999999999,1.16796875,6915,311,BLAp,BLA,105,left,0
6916,6917,3,6880.44,6127.820000000001,2391.5599999999995,1.0,6916,311,BLAp,BLA,105,left,0
6917,6918,3,6883.400000000001,6129.360000000001,2391.16,0.66796875,6917,311,BLAp,BLA,105,left,0
6918,6919,3,6885.22,6131.02,2390.8600000000006,1.0,6918,311,BLAp,BLA,105,left,0
6919,6920,3,6887.16,6133.02,2390.5,1.16796875,6919,311,BLAp,BLA,105,left,0
6920,6921,3,6888.04,6135.280000000001,2390.220000000001,1.0,6920,311,BLAp,BLA,105,left,0
6921,6922,3,6887.9,6139.56,2389.8,2.5,6921,311,BLAp,BLA,105,left,0
6922,6923,3,6887.28,6142.36,2389.5599999999995,1.0,6922,311,BLAp,BLA,105,left,0
6923,6924,3,6889.52,6144.34,2389.199999999999,0.0546875,6923,311,BLAp,BLA,105,left,0
6924,6925,3,6890.78,6147.06,2388.82,1.25,6924,311,BLAp,BLA,105,left,0
6925,6926,3,6892.820000000001,6148.379999999999,2388.540000000001,0.83203125,6925,311,BLAp,BLA,105,left,0
6926,6927,3,6894.32,6149.86,2388.279999999999,1.16796875,6926,311,BLAp,BLA,105,left,0
6927,6928,3,6896.12,6151.14,2387.1800000000003,1.08203125,6927,311,BLAp,BLA,105,left,0
6928,6929,3,6897.32,6151.660000000001,2385.6800000000003,1.25,6928,311,BLAp,BLA,105,left,0
6929,6930,3,6898.9800000000005,6152.92,2384.8600000000006,0.58203125,6929,311,BLAp,BLA,105,left,0
6930,6931,3,6900.4,6154.32,2384.619999999999,1.0,6930,311,BLAp,BLA,105,left,1
6931,6932,3,6771.459999999999,5921.040000000001,2581.34,0.08203125,4515,303,BLAa,BLA,106,left,0
6932,6933,3,6773.4400000000005,5921.599999999999,2580.98,0.75,6932,303,BLAa,BLA,106,left,0
6933,6934,3,6774.82,5923.84,2580.620000000001,1.0,6933,303,BLAa,BLA,106,left,0
6934,6935,3,6776.18,5927.0,2580.1399999999994,1.16796875,6934,303,BLAa,BLA,106,left,0
6935,6936,3,6777.52,5928.9400000000005,2580.0200000000004,0.5,6935,303,BLAa,BLA,106,left,0
6936,6937,3,6777.58,5931.32,2580.8600000000006,1.0,6936,303,BLAa,BLA,106,left,0
6937,6938,3,6778.02,5935.62,2581.7800000000007,1.0,6937,303,BLAa,BLA,106,left,0
6938,6939,3,6778.7,5938.200000000001,2581.92,1.0,6938,303,BLAa,BLA,106,left,0
6939,6940,3,6778.46,5941.32,2583.08,1.25,6939,303,BLAa,BLA,106,left,0
6940,6941,3,6777.68,5945.8,2583.48,1.0,6940,303,BLAa,BLA,106,left,0
6941,6942,3,6777.12,5948.76,2583.1800000000003,1.0,6941,303,BLAa,BLA,106,left,0
6942,6943,3,6776.74,5951.219999999999,2583.9,0.83203125,6942,303,BLAa,BLA,106,left,0
6943,6944,3,6776.5,5952.799999999999,2586.0,0.83203125,6943,303,BLAa,BLA,106,left,0
6944,6945,3,6775.62,5954.099999999999,2587.76,1.0,6944,303,BLAa,BLA,106,left,0
6945,6946,3,6774.64,5955.92,2588.16,0.75,6945,303,BLAa,BLA,106,left,0
6946,6947,3,6773.22,5956.42,2588.22,1.0,6946,303,BLAa,BLA,106,left,0
6947,6948,3,6772.16,5959.44,2588.34,0.5,6947,303,BLAa,BLA,106,left,0
6948,6949,3,6771.459999999999,5962.039999999999,2589.0200000000004,1.0,6948,303,BLAa,BLA,106,left,0
6949,6950,3,6770.52,5963.379999999999,2590.0,0.58203125,6949,303,BLAa,BLA,106,left,0
6950,6951,3,6770.18,5965.460000000001,2591.3600000000006,1.0,6950,303,BLAa,BLA,106,left,0
6951,6952,3,6769.84,5967.759999999999,2592.22,1.0,6951,303,BLAa,BLA,106,left,0
6952,6953,3,6769.78,5970.36,2593.32,0.58203125,6952,303,BLAa,BLA,106,left,0
6953,6954,3,6770.42,5971.5,2594.5,1.75,6953,303,BLAa,BLA,106,left,0
6954,6955,3,6770.299999999999,5973.6,2595.460000000001,1.66796875,6954,303,BLAa,BLA,106,left,0
6955,6956,3,6770.4,5974.099999999999,2597.1000000000004,1.41796875,6955,303,BLAa,BLA,106,left,1
6956,6957,3,6770.1,5921.32,2584.959999999999,0.0546875,4515,303,BLAa,BLA,107,left,0
6957,6958,3,6769.18,5921.799999999999,2587.26,1.16796875,6957,303,BLAa,BLA,107,left,0
6958,6959,3,6769.46,5922.34,2590.5200000000004,1.08203125,6958,303,BLAa,BLA,107,left,0
6959,6960,3,6769.76,5922.32,2593.2000000000007,1.0,6959,303,BLAa,BLA,107,left,0
6960,6961,3,6769.880000000001,5923.06,2595.3,1.25,6960,303,BLAa,BLA,107,left,0
6961,6962,3,6769.86,5924.44,2597.42,1.16796875,6961,303,BLAa,BLA,107,left,0
6962,6963,3,6769.42,5925.280000000001,2600.72,0.91796875,6962,303,BLAa,BLA,107,left,0
6963,6964,3,6769.0,5926.3,2603.0600000000013,1.0,6963,303,BLAa,BLA,107,left,0
6964,6965,3,6768.400000000001,5927.799999999999,2606.16,1.0,6964,303,BLAa,BLA,107,left,0
6965,6966,3,6767.7,5928.46,2607.8599999999988,0.5,6965,303,BLAa,BLA,107,left,0
6966,6967,3,6766.2,5928.139999999999,2609.6800000000003,1.25,6966,303,BLAa,BLA,107,left,0
6967,6968,3,6765.98,5927.92,2611.92,1.08203125,6967,303,BLAa,BLA,107,left,0
6968,6969,3,6764.46,5927.6,2613.379999999999,0.75,6968,303,BLAa,BLA,107,left,0
6969,6970,3,6762.799999999999,5927.9,2614.379999999999,0.91796875,6969,303,BLAa,BLA,107,left,0
6970,6971,3,6761.54,5928.58,2616.84,0.5,6970,303,BLAa,BLA,107,left,0
6971,6972,3,6759.86,5928.18,2618.42,1.0,6971,303,BLAa,BLA,107,left,0
6972,6973,3,6758.18,5927.34,2620.0,0.83203125,6972,303,BLAa,BLA,107,left,0
6973,6974,3,6756.14,5926.280000000001,2622.3,0.91796875,6973,303,BLAa,BLA,107,left,0
6974,6975,3,6754.6,5925.52,2623.7000000000007,1.0,6974,303,BLAa,BLA,107,left,0
6975,6976,3,6753.0,5924.740000000001,2624.98,0.91796875,6975,303,BLAa,BLA,107,left,0
6976,6977,3,6752.14,5924.22,2627.0200000000004,0.83203125,6976,303,BLAa,BLA,107,left,0
6977,6978,3,6751.88,5923.959999999999,2629.58,0.83203125,6977,303,BLAa,BLA,107,left,0
6978,6979,3,6751.0,5923.46,2631.32,1.08203125,6978,303,BLAa,BLA,107,left,0
6979,6980,3,6749.6,5922.759999999999,2632.66,1.08203125,6979,303,BLAa,BLA,107,left,0
6980,6981,3,6748.62,5922.200000000001,2634.58,1.08203125,6980,303,BLAa,BLA,107,left,0
6981,6982,3,6746.94,5921.4,2635.460000000001,0.5,6981,303,BLAa,BLA,107,left,0
6982,6983,3,6746.42,5921.1,2636.720000000001,1.0,6982,303,BLAa,BLA,107,left,1
6983,6984,3,6847.0,5943.52,2373.300000000001,0.0390625,4522,303,BLAa,BLA,108,left,0
6984,6985,3,6848.780000000001,5945.9400000000005,2374.72,1.16796875,6984,303,BLAa,BLA,108,left,0
6985,6986,3,6850.2,5947.52,2375.3599999999988,1.25,6985,303,BLAa,BLA,108,left,0
6986,6987,3,6853.32,5948.9800000000005,2375.74,1.25,6986,303,BLAa,BLA,108,left,0
6987,6988,3,6855.259999999999,5950.06,2375.460000000001,1.0,6987,303,BLAa,BLA,108,left,0
6988,6989,3,6856.660000000001,5951.92,2375.16,1.0,6988,303,BLAa,BLA,108,left,0
6989,6990,3,6858.26,5953.719999999999,2374.84,1.0,6989,303,BLAa,BLA,108,left,0
6990,6991,3,6860.68,5955.9400000000005,2374.42,1.16796875,6990,303,BLAa,BLA,108,left,0
6991,6992,3,6862.06,5957.619999999999,2374.1399999999994,1.0,6991,303,BLAa,BLA,108,left,0
6992,6993,3,6863.339999999999,5959.400000000001,2373.8600000000006,1.25,6992,303,BLAa,BLA,108,left,0
6993,6994,3,6865.700000000001,5960.66,2373.540000000001,1.25,6993,303,BLAa,BLA,108,left,0
6994,6995,3,6869.02,5962.06,2373.120000000001,1.0,6994,303,BLAa,BLA,108,left,0
6995,6996,3,6872.42,5963.46,2372.7000000000007,1.0,6995,303,BLAa,BLA,108,left,0
6996,6997,3,6875.0,5963.9,2372.4400000000005,1.58203125,6996,303,BLAa,BLA,108,left,0
6997,6998,3,6877.200000000001,5963.9400000000005,2372.26,1.08203125,6997,303,BLAa,BLA,108,left,0
6998,6999,3,6879.58,5964.84,2371.98,1.0,6998,303,BLAa,BLA,108,left,0
6999,7000,3,6846.76,5940.1,2372.84,0.12109375,4522,303,BLAa,BLA,109,left,0
7000,7001,3,6848.139999999999,5937.74,2373.6000000000004,0.91796875,7000,303,BLAa,BLA,109,left,0
7001,7002,3,6849.160000000001,5935.38,2374.58,0.75,7001,303,BLAa,BLA,109,left,0
7002,7003,3,6850.9400000000005,5932.86,2375.0,0.83203125,7002,303,BLAa,BLA,109,left,0
7003,7004,3,6852.28,5931.4800000000005,2376.0,0.91796875,7003,303,BLAa,BLA,109,left,0
7004,7005,3,6853.52,5929.82,2376.26,1.0,7004,303,BLAa,BLA,109,left,0
7005,7006,3,6854.86,5926.98,2376.5200000000004,1.0,7005,303,BLAa,BLA,109,left,0
7006,7007,3,6855.860000000001,5925.38,2377.3600000000006,1.16796875,7006,303,BLAa,BLA,109,left,0
7007,7008,3,6857.4400000000005,5923.66,2377.960000000001,1.0,7007,303,BLAa,BLA,109,left,0
7008,7009,3,6859.06,5921.040000000001,2378.08,1.0,7008,303,BLAa,BLA,109,left,0
7009,7010,3,6859.700000000001,5918.62,2378.279999999999,1.0,7009,303,BLAa,BLA,109,left,0
7010,7011,3,6861.24,5916.799999999999,2378.32,1.0,7010,303,BLAa,BLA,109,left,0
7011,7012,3,6863.86,5912.42,2378.540000000001,1.0,7011,303,BLAa,BLA,109,left,0
7012,7013,3,6865.5,5910.700000000001,2378.58,0.66796875,7012,303,BLAa,BLA,109,left,0
7013,7014,3,6866.620000000001,5907.08,2380.08,0.01953125,7013,303,BLAa,BLA,109,left,0
7014,7015,3,6868.64,5904.719999999999,2380.32,0.91796875,7014,303,BLAa,BLA,109,left,0
7015,7016,3,6870.900000000001,5904.360000000001,2380.1800000000003,1.0,7015,303,BLAa,BLA,109,left,0
7016,7017,3,6873.18,5903.780000000001,2380.040000000001,1.0,7016,303,BLAa,BLA,109,left,0
7017,7018,3,6875.5,5903.5,2379.880000000001,0.83203125,7017,303,BLAa,BLA,109,left,0
7018,7019,3,6877.780000000001,5903.540000000001,2379.6800000000003,1.0,7018,303,BLAa,BLA,109,left,0
7019,7020,3,6879.719999999999,5902.619999999999,2379.619999999999,1.0,7019,303,BLAa,BLA,109,left,0
7020,7021,3,6882.4,5901.82,2379.48,1.0,7020,303,BLAa,BLA,109,left,0
7021,7022,3,6884.6,5900.96,2379.379999999999,0.58203125,7021,303,BLAa,BLA,109,left,0
7022,7023,3,6887.26,5900.78,2378.8,1.16796875,7022,303,BLAa,BLA,109,left,0
7023,7024,3,6889.02,5900.52,2377.82,0.5,7023,303,BLAa,BLA,109,left,0
7024,7025,3,6890.860000000001,5899.64,2377.6000000000004,0.66796875,7024,303,BLAa,BLA,109,left,0
7025,7026,3,6891.799999999999,5897.02,2377.7800000000007,1.08203125,7025,303,BLAa,BLA,109,left,0
7026,7027,3,6892.98,5894.82,2377.5200000000004,1.0,7026,303,BLAa,BLA,109,left,0
7027,7028,3,6894.719999999999,5894.26,2376.5599999999995,0.91796875,7027,303,BLAa,BLA,109,left,0
7028,7029,3,6896.34,5892.46,2375.5600000000013,1.08203125,7028,303,BLAa,BLA,109,left,0
7029,7030,3,6897.820000000001,5890.900000000001,2375.0599999999995,1.0,7029,303,BLAa,BLA,109,left,0
7030,7031,3,6899.539999999999,5889.6,2374.1800000000003,1.0,7030,303,BLAa,BLA,109,left,0
7031,7032,3,6901.639999999999,5889.42,2373.5200000000004,1.0,7031,303,BLAa,BLA,109,left,0
7032,7033,3,6903.84,5888.56,2373.42,1.0,7032,303,BLAa,BLA,109,left,0
7033,7034,3,6906.12,5888.86,2372.66,0.66796875,7033,303,BLAa,BLA,109,left,0
7034,7035,3,6906.84,5887.42,2371.98,0.91796875,7034,303,BLAa,BLA,109,left,0
7035,7036,3,6908.360000000001,5885.299999999999,2371.98,1.0,7035,303,BLAa,BLA,109,left,0
7036,7037,3,6910.18,5884.719999999999,2371.879999999999,1.0,7036,303,BLAa,BLA,109,left,0
7037,7038,3,6911.3,5883.339999999999,2371.9399999999987,1.0,7037,303,BLAa,BLA,109,left,0
7038,7039,3,6913.959999999999,5882.88,2371.76,0.02734375,7038,303,BLAa,BLA,109,left,0
7039,7040,3,6916.24,5882.32,2371.620000000001,1.0,7039,303,BLAa,BLA,109,left,0
7040,7041,3,6917.960000000001,5882.0,2371.5200000000004,1.08203125,7040,303,BLAa,BLA,109,left,0
7041,7042,3,6920.460000000001,5881.36,2371.3600000000006,1.08203125,7041,303,BLAa,BLA,109,left,0
7042,7043,3,6922.179999999999,5880.24,2371.34,0.83203125,7042,303,BLAa,BLA,109,left,0
7043,7044,3,6924.22,5879.32,2371.26,1.0,7043,303,BLAa,BLA,109,left,0
7044,7045,3,6926.26,5879.06,2371.119999999999,0.66796875,7044,303,BLAa,BLA,109,left,0
7045,7046,3,6929.139999999999,5879.099999999999,2370.879999999999,1.0,7045,303,BLAa,BLA,109,left,0
7046,7047,3,6931.72,5878.540000000001,2370.6399999999994,0.5,7046,303,BLAa,BLA,109,left,0
7047,7048,3,6933.5,5878.3,2369.74,1.0,7047,303,BLAa,BLA,109,left,0
7048,7049,3,6935.42,5877.54,2369.120000000001,1.0,7048,303,BLAa,BLA,109,left,0
7049,7050,3,6938.0,5877.179999999999,2368.9400000000005,0.83203125,7049,303,BLAa,BLA,109,left,0
7050,7051,3,6939.96,5877.0,2368.7800000000007,0.0703125,7050,303,BLAa,BLA,109,left,0
7051,7052,3,6942.780000000001,5876.16,2368.6399999999994,1.0,7051,303,BLAa,BLA,109,left,0
7052,7053,3,6944.52,5874.880000000001,2368.619999999999,1.0,7052,303,BLAa,BLA,109,left,0
7053,7054,3,6945.700000000001,5871.4400000000005,2368.8600000000006,1.0,7053,303,BLAa,BLA,109,left,0
7054,7055,3,6946.24,5868.6,2369.1000000000004,1.0,7054,303,BLAa,BLA,109,left,0
7055,7056,3,6947.179999999999,5866.94,2369.1800000000003,0.5,7055,303,BLAa,BLA,109,left,0
7056,7057,3,6948.42,5866.94,2369.08,1.0,7056,303,BLAa,BLA,109,left,0
7057,7058,3,6949.46,5864.8,2369.199999999999,1.83203125,7057,303,BLAa,BLA,109,left,0
7058,7059,3,6949.9400000000005,5862.16,2369.42,2.16796875,7058,303,BLAa,BLA,109,left,0
7059,7060,3,6950.879999999999,5860.52,2369.5,1.25,7059,303,BLAa,BLA,109,left,0
7060,7061,3,6952.28,5860.839999999999,2369.3600000000006,1.0,7060,303,BLAa,BLA,109,left,1
7061,7062,3,6854.32,6017.380000000001,2397.7800000000007,0.02734375,4615,303,BLAa,BLA,110,left,0
7062,7063,3,6856.040000000001,6019.42,2397.58,1.0,7062,303,BLAa,BLA,110,left,0
7063,7064,3,6857.619999999999,6021.2,2397.279999999999,0.83203125,7063,303,BLAa,BLA,110,left,0
7064,7065,3,6860.82,6023.08,2397.2000000000007,1.0,7064,303,BLAa,BLA,110,left,0
7065,7066,3,6862.4800000000005,6024.38,2397.7800000000007,0.91796875,7065,303,BLAa,BLA,110,left,0
7066,7067,3,6865.38,6026.4400000000005,2397.5,1.0,7066,303,BLAa,BLA,110,left,0
7067,7068,3,6868.68,6027.780000000001,2397.1000000000004,1.25,7067,303,BLAa,BLA,110,left,0
7068,7069,3,6871.42,6028.9,2396.76,1.25,7068,303,BLAa,BLA,110,left,0
7069,7070,3,6873.8,6029.62,2396.5,0.83203125,7069,303,BLAa,BLA,110,left,0
7070,7071,3,6876.02,6029.24,2396.3600000000006,1.0,7070,303,BLAa,BLA,110,left,0
7071,7072,3,6878.7,6027.7,2396.6399999999994,0.75,7071,303,BLAa,BLA,110,left,0
7072,7073,3,6879.64,6026.4,2397.540000000001,1.33203125,7072,303,BLAa,BLA,110,left,0
7073,7074,3,6882.380000000001,6026.82,2397.48,1.0,7073,303,BLAa,BLA,110,left,0
7074,7075,3,6884.52,6027.68,2397.22,1.0,7074,303,BLAa,BLA,110,left,0
7075,7076,3,6886.14,6028.339999999999,2397.0200000000004,1.0,7075,303,BLAa,BLA,110,left,0
7076,7077,3,6887.14,6029.52,2398.5599999999995,0.0546875,7076,303,BLAa,BLA,110,left,0
7077,7078,3,6889.24,6031.4,2400.0,1.0,7077,303,BLAa,BLA,110,left,0
7078,7079,3,6890.54,6033.52,2400.5,0.83203125,7078,303,BLAa,BLA,110,left,0
7079,7080,3,6891.38,6035.879999999999,2401.2000000000007,1.41796875,7079,303,BLAa,BLA,110,left,0
7080,7081,3,6893.04,6038.12,2401.2000000000007,1.0,7080,303,BLAa,BLA,110,left,0
7081,7082,3,6894.28,6040.119999999999,2401.76,1.25,7081,303,BLAa,BLA,110,left,0
7082,7083,3,6895.96,6042.46,2401.74,1.0,7082,303,BLAa,BLA,110,left,0
7083,7084,3,6898.6,6044.139999999999,2401.3600000000006,1.0,7083,303,BLAa,BLA,110,left,0
7084,7085,3,6901.18,6045.299999999999,2401.040000000001,1.25,7084,311,BLAp,BLA,110,left,0
7085,7086,3,6902.74,6046.88,2400.74,0.5,7085,311,BLAp,BLA,110,left,0
7086,7087,3,6904.740000000001,6048.18,2400.220000000001,0.75,7086,311,BLAp,BLA,110,left,0
7087,7088,3,6906.34,6048.88,2399.0200000000004,1.0,7087,311,BLAp,BLA,110,left,0
7088,7089,3,6907.960000000001,6049.8,2398.6399999999994,1.0,7088,311,BLAp,BLA,110,left,0
7089,7090,3,6909.9400000000005,6051.860000000001,2398.279999999999,1.0,7089,311,BLAp,BLA,110,left,0
7090,7091,3,6911.82,6053.68,2397.7000000000007,1.0,7090,311,BLAp,BLA,110,left,0
7091,7092,3,6913.64,6055.2,2396.4400000000005,0.66796875,7091,311,BLAp,BLA,110,left,0
7092,7093,3,6915.42,6057.12,2395.9400000000005,0.91796875,7092,311,BLAp,BLA,110,left,0
7093,7094,3,6917.02,6058.200000000001,2395.7000000000007,0.66796875,7093,311,BLAp,BLA,110,left,0
7094,7095,3,6918.48,6059.9,2395.42,0.83203125,7094,311,BLAp,BLA,110,left,0
7095,7096,3,6920.42,6061.459999999999,2395.1000000000004,0.5,7095,311,BLAp,BLA,110,left,0
7096,7097,3,6921.94,6062.94,2394.84,1.0,7096,311,BLAp,BLA,110,left,0
7097,7098,3,6924.66,6064.22,2394.5,0.03515625,7097,311,BLAp,BLA,110,left,0
7098,7099,3,6926.18,6065.700000000001,2394.220000000001,1.0,7098,311,BLAp,BLA,110,left,0
7099,7100,3,6928.719999999999,6067.26,2393.880000000001,1.0,7099,311,BLAp,BLA,110,left,0
7100,7101,3,6932.02,6068.540000000001,2393.48,1.0,7100,311,BLAp,BLA,110,left,0
7101,7102,3,6934.08,6069.32,2393.48,0.75,7101,311,BLAp,BLA,110,left,0
7102,7103,3,6935.38,6069.78,2394.26,1.0,7102,311,BLAp,BLA,110,left,0
7103,7104,3,6937.780000000001,6070.700000000001,2394.199999999999,1.0,7103,311,BLAp,BLA,110,left,0
7104,7105,3,6939.9400000000005,6071.54,2393.959999999999,1.0,7104,311,BLAp,BLA,110,left,0
7105,7106,3,6941.92,6072.08,2393.7800000000007,0.83203125,7105,311,BLAp,BLA,110,left,0
7106,7107,3,6943.139999999999,6071.56,2394.34,0.91796875,7106,311,BLAp,BLA,110,left,0
7107,7108,3,6945.259999999999,6071.32,2394.959999999999,1.0,7107,311,BLAp,BLA,110,left,0
7108,7109,3,6947.28,6070.82,2394.84,0.5,7108,311,BLAp,BLA,110,left,0
7109,7110,3,6949.76,6070.24,2394.72,0.5,7109,311,BLAp,BLA,110,left,0
7110,7111,3,6951.58,6069.24,2394.6800000000003,1.0,7110,311,BLAp,BLA,110,left,0
7111,7112,3,6952.56,6067.66,2394.76,0.5,7111,311,BLAp,BLA,110,left,0
7112,7113,3,6954.48,6067.6,2394.7000000000007,1.0,7112,311,BLAp,BLA,110,left,0
7113,7114,3,6956.16,6068.22,2395.2800000000007,1.16796875,7113,311,BLAp,BLA,110,left,0
7114,7115,3,6958.379999999999,6069.04,2395.5600000000013,1.0,7114,311,BLAp,BLA,110,left,0
7115,7116,3,6960.119999999999,6069.700000000001,2395.3599999999988,1.0,7115,311,BLAp,BLA,110,left,0
7116,7117,3,6961.599999999999,6068.46,2395.380000000001,0.11328125,7116,311,BLAp,BLA,110,left,0
7117,7118,3,6963.66,6067.64,2395.3,0.83203125,7117,311,BLAp,BLA,110,left,0
7118,7119,3,6965.92,6066.1,2395.2800000000007,0.91796875,7118,311,BLAp,BLA,110,left,0
7119,7120,3,6968.02,6066.4400000000005,2395.08,1.0,7119,311,BLAp,BLA,110,left,0
7120,7121,3,6851.68,6017.5,2397.4400000000005,0.16796875,4615,303,BLAa,BLA,111,left,0
7121,7122,3,6851.4800000000005,6019.5,2399.4399999999987,1.0,7121,303,BLAa,BLA,111,left,0
7122,7123,3,6850.700000000001,6021.599999999999,2400.4400000000005,0.83203125,7122,303,BLAa,BLA,111,left,0
7123,7124,3,6849.700000000001,6023.26,2401.34,1.0,7123,303,BLAa,BLA,111,left,0
7124,7125,3,6849.06,6025.2,2402.92,0.66796875,7124,303,BLAa,BLA,111,left,0
7125,7126,3,6848.16,6026.14,2404.199999999999,0.83203125,7125,303,BLAa,BLA,111,left,0
7126,7127,3,6847.759999999999,6028.339999999999,2406.22,1.0,7126,303,BLAa,BLA,111,left,0
7127,7128,3,6847.58,6029.700000000001,2407.9,0.5,7127,303,BLAa,BLA,111,left,0
7128,7129,3,6846.76,6030.1,2410.32,0.02734375,7128,303,BLAa,BLA,111,left,0
7129,7130,3,6845.92,6033.16,2411.34,1.0,7129,303,BLAa,BLA,111,left,0
7130,7131,3,6845.599999999999,6035.2,2412.720000000001,1.0,7130,303,BLAa,BLA,111,left,0
7131,7132,3,6845.34,6037.039999999999,2414.3,0.83203125,7131,303,BLAa,BLA,111,left,0
7132,7133,3,6845.119999999999,6038.58,2415.460000000001,0.83203125,7132,303,BLAa,BLA,111,left,0
7133,7134,3,6844.679999999999,6041.18,2416.5599999999995,1.08203125,7133,303,BLAa,BLA,111,left,0
7134,7135,3,6844.28,6043.62,2417.9,0.75,7134,303,BLAa,BLA,111,left,0
7135,7136,3,6844.139999999999,6046.38,2418.0200000000004,1.0,7135,303,BLAa,BLA,111,left,0
7136,7137,3,6846.2,6049.28,2418.0,1.0,7136,303,BLAa,BLA,111,left,0
7137,7138,3,6847.4400000000005,6051.06,2418.98,1.33203125,7137,303,BLAa,BLA,111,left,0
7138,7139,3,6847.7,6051.72,2420.8600000000006,1.58203125,7138,303,BLAa,BLA,111,left,0
10246,10247,3,6914.099999999999,6075.460000000001,2439.84,0.02734375,6888,303,BLAa,BLA,124,left,0
10247,10248,3,6917.1,6074.82,2439.66,1.0,10247,303,BLAa,BLA,124,left,0
10248,10249,3,6918.48,6073.74,2439.66,1.0,10248,303,BLAa,BLA,124,left,0
10249,10250,3,6909.9,6075.599999999999,2440.84,0.16796875,6888,303,BLAa,BLA,125,left,0
10250,10251,3,6909.28,6077.759999999999,2442.24,1.58203125,10250,303,BLAa,BLA,125,left,0
10251,10252,3,6909.02,6079.9400000000005,2445.08,1.58203125,10251,303,BLAa,BLA,125,left,0
10252,10253,3,6908.88,6081.3,2447.279999999999,0.75,10252,303,BLAa,BLA,125,left,0
10253,10254,3,6908.66,6083.26,2450.08,0.5,10253,303,BLAa,BLA,125,left,0
10254,10255,3,6908.64,6084.18,2452.8599999999988,1.0,10254,303,BLAa,BLA,125,left,0
10255,10256,3,6908.540000000001,6085.320000000001,2454.92,0.5,10255,303,BLAa,BLA,125,left,0
10256,10257,3,6908.0,6086.36,2456.76,1.0,10256,303,BLAa,BLA,125,left,0
10257,10258,3,6907.1,6087.08,2458.26,0.75,10257,303,BLAa,BLA,125,left,0
10258,10259,3,6906.4,6087.28,2460.3599999999988,0.75,10258,303,BLAa,BLA,125,left,0
10259,10260,3,6904.92,6087.88,2461.540000000001,1.0,10259,303,BLAa,BLA,125,left,0
10260,10261,3,6903.360000000001,6087.58,2462.540000000001,0.58203125,10260,303,BLAa,BLA,125,left,0
10261,10262,3,6902.34,6088.780000000001,2463.82,0.83203125,10261,303,BLAa,BLA,125,left,0
10262,10263,3,6901.900000000001,6089.700000000001,2466.34,0.58203125,10262,303,BLAa,BLA,125,left,0
10263,10264,3,6901.32,6089.9,2468.9,0.5,10263,303,BLAa,BLA,125,left,0
10264,10265,3,6901.14,6091.280000000001,2471.380000000001,0.83203125,10264,303,BLAa,BLA,125,left,0
10265,10266,3,6900.8,6093.46,2473.16,0.5,10265,303,BLAa,BLA,125,left,0
10266,10267,3,6900.700000000001,6094.86,2475.7000000000007,0.75,10266,303,BLAa,BLA,125,left,0
10267,10268,3,6900.82,6095.22,2478.26,1.0,10267,303,BLAa,BLA,125,left,0
10268,10269,3,6900.66,6096.4800000000005,2479.9,0.11328125,10268,303,BLAa,BLA,125,left,0
10269,10270,3,6900.82,6096.620000000001,2482.24,1.83203125,10269,303,BLAa,BLA,125,left,0
10270,10271,3,6900.78,6097.32,2483.9400000000005,0.5,10270,303,BLAa,BLA,125,left,0
10271,10272,3,6899.9800000000005,6098.86,2484.26,0.58203125,10271,303,BLAa,BLA,125,left,0
10272,10273,3,6898.88,6098.9,2485.48,1.25,10272,303,BLAa,BLA,125,left,0
10273,10274,3,6898.5,6098.58,2489.220000000001,1.0,10273,303,BLAa,BLA,125,left,0
10274,10275,3,6897.92,6098.22,2492.140000000001,0.83203125,10274,303,BLAa,BLA,125,left,0
10275,10276,3,6896.84,6097.7,2494.0200000000004,1.0,10275,303,BLAa,BLA,125,left,0
10276,10277,3,6896.599999999999,6098.360000000001,2496.9399999999987,0.5,10276,303,BLAa,BLA,125,left,0
10277,10278,3,6895.839999999999,6099.04,2498.8,0.5,10277,303,BLAa,BLA,125,left,0
10278,10279,3,6895.48,6099.9400000000005,2500.5,1.66796875,10278,303,BLAa,BLA,125,left,1
10279,10280,3,6882.02,5965.259999999999,2371.74,0.0546875,6999,303,BLAa,BLA,126,left,0
10280,10281,3,6883.3,5964.360000000001,2371.720000000001,1.0,10280,303,BLAa,BLA,126,left,0
10281,10282,3,6884.880000000001,5962.54,2371.4,0.91796875,10281,303,BLAa,BLA,126,left,0
10282,10283,3,6886.38,5962.179999999999,2370.42,1.0,10282,303,BLAa,BLA,126,left,0
10283,10284,3,6888.04,5962.039999999999,2369.3,1.08203125,10283,303,BLAa,BLA,126,left,0
10284,10285,3,6890.56,5962.68,2368.5200000000004,0.75,10284,303,BLAa,BLA,126,left,0
10285,10286,3,6892.6,5962.56,2368.2000000000007,1.0,10285,303,BLAa,BLA,126,left,0
10286,10287,3,6894.62,5963.26,2366.900000000001,1.0,10286,303,BLAa,BLA,126,left,0
10287,10288,3,6896.280000000001,5963.9800000000005,2366.3,0.75,10287,303,BLAa,BLA,126,left,0
10288,10289,3,6898.540000000001,5964.96,2364.959999999999,1.0,10288,311,BLAp,BLA,126,left,0
10289,10290,3,6901.0,5966.02,2364.040000000001,1.0,10289,311,BLAp,BLA,126,left,0
10290,10291,3,6902.06,5966.219999999999,2363.16,0.91796875,10290,311,BLAp,BLA,126,left,0
10291,10292,3,6904.38,5965.98,2362.880000000001,1.0,10291,311,BLAp,BLA,126,left,0
10292,10293,3,6906.96,5966.94,2362.039999999999,1.0,10292,311,BLAp,BLA,126,left,0
10293,10294,3,6909.0,5967.820000000001,2361.0200000000004,1.0,10293,311,BLAp,BLA,126,left,0
10294,10295,3,6911.76,5968.9800000000005,2360.48,0.91796875,10294,311,BLAp,BLA,126,left,0
10295,10296,3,6913.8,5969.86,2359.379999999999,1.0,10295,311,BLAp,BLA,126,left,0
10296,10297,3,6916.98,5971.219999999999,2358.0200000000004,1.0,10296,311,BLAp,BLA,126,left,0
10297,10298,3,6919.02,5972.08,2357.0,0.91796875,10297,311,BLAp,BLA,126,left,0
10298,10299,3,6921.38,5973.06,2356.6399999999994,1.0,10298,311,BLAp,BLA,126,left,0
10299,10300,3,6921.860000000001,5972.08,2356.34,0.25,10299,311,BLAp,BLA,126,left,0
10300,10301,3,6923.6,5972.4400000000005,2355.24,0.91796875,10300,311,BLAp,BLA,126,left,0
10301,10302,3,6925.74,5973.339999999999,2354.640000000001,1.0,10301,311,BLAp,BLA,126,left,0
10302,10303,3,6926.98,5973.88,2353.5599999999995,1.0,10302,311,BLAp,BLA,126,left,0
10303,10304,3,6929.400000000001,5974.880000000001,2353.039999999999,1.0,10303,311,BLAp,BLA,126,left,0
10304,10305,3,6932.74,5976.219999999999,2352.6399999999994,1.0,10304,311,BLAp,BLA,126,left,0
10305,10306,3,6936.14,5977.58,2352.24,1.0,10305,311,BLAp,BLA,126,left,0
10306,10307,3,6938.62,5978.02,2352.0,1.0,10306,311,BLAp,BLA,126,left,0
10307,10308,3,6940.0,5977.68,2351.92,1.0,10307,311,BLAp,BLA,126,left,0
10308,10309,3,6880.460000000001,5967.4,2373.84,0.03515625,6999,303,BLAa,BLA,127,left,0
10309,10310,3,6881.4400000000005,5969.8,2375.5200000000004,0.5,10309,303,BLAa,BLA,127,left,0
10310,10311,3,6882.9,5971.4800000000005,2376.4,1.08203125,10310,303,BLAa,BLA,127,left,0
10311,10312,3,6885.2,5973.4400000000005,2377.960000000001,0.5,10311,303,BLAa,BLA,127,left,0
10312,10313,3,6886.620000000001,5975.04,2379.08,0.66796875,10312,303,BLAa,BLA,127,left,0
10313,10314,3,6887.759999999999,5975.66,2380.32,0.58203125,10313,303,BLAa,BLA,127,left,0
10314,10315,3,6888.400000000001,5975.72,2383.58,1.0,10314,303,BLAa,BLA,127,left,0
10315,10316,3,6888.62,5975.599999999999,2386.92,1.25,10315,303,BLAa,BLA,127,left,0
10316,10317,3,6889.139999999999,5975.700000000001,2389.0,1.0,10316,303,BLAa,BLA,127,left,0
10317,10318,3,6890.639999999999,5977.34,2389.779999999999,0.5,10317,303,BLAa,BLA,127,left,0
10318,10319,3,6891.0,5979.34,2391.24,0.83203125,10318,303,BLAa,BLA,127,left,0
10319,10320,3,6891.54,5980.74,2392.5200000000004,1.08203125,10319,303,BLAa,BLA,127,left,0
10320,10321,3,6891.660000000001,5981.4400000000005,2394.9400000000005,1.0,10320,303,BLAa,BLA,127,left,0
10321,10322,3,6892.08,5982.619999999999,2395.6399999999994,0.5,10321,303,BLAa,BLA,127,left,0
10322,10323,3,6894.5,5985.879999999999,2397.2000000000007,1.0,10322,303,BLAa,BLA,127,left,0
10323,10324,3,6895.280000000001,5988.18,2398.4,0.66796875,10323,303,BLAa,BLA,127,left,0
10324,10325,3,6895.639999999999,5989.679999999999,2401.2800000000007,0.66796875,10324,303,BLAa,BLA,127,left,0
10325,10326,3,6896.24,5991.12,2402.48,1.08203125,10325,303,BLAa,BLA,127,left,0
10326,10327,3,6897.5,5992.52,2404.66,1.0,10326,303,BLAa,BLA,127,left,0
10327,10328,3,6899.46,5993.88,2406.2800000000007,0.75,10327,303,BLAa,BLA,127,left,0
10328,10329,3,6901.0,5995.34,2407.22,1.0,10328,303,BLAa,BLA,127,left,0
10329,10330,3,6903.139999999999,5997.240000000001,2408.6800000000003,0.91796875,10329,303,BLAa,BLA,127,left,0
10330,10331,3,6904.02,5998.82,2409.3600000000006,1.25,10330,303,BLAa,BLA,127,left,0
10331,10332,3,6905.58,6000.320000000001,2409.4399999999987,1.0,10331,303,BLAa,BLA,127,left,0
10332,10333,3,6906.08,6001.620000000001,2411.2000000000007,0.0546875,10332,303,BLAa,BLA,127,left,0
10333,10334,3,6908.16,6004.28,2411.6800000000003,0.91796875,10333,303,BLAa,BLA,127,left,0
10334,10335,3,6909.04,6006.08,2412.2000000000007,1.08203125,10334,303,BLAa,BLA,127,left,0
10335,10336,3,6910.879999999999,6007.98,2412.5599999999995,1.0,10335,303,BLAa,BLA,127,left,0
10336,10337,3,6911.860000000001,6009.679999999999,2413.16,0.91796875,10336,303,BLAa,BLA,127,left,0
10337,10338,3,6913.32,6011.74,2413.32,0.83203125,10337,303,BLAa,BLA,127,left,0
10338,10339,3,6914.06,6013.16,2413.9400000000005,0.58203125,10338,303,BLAa,BLA,127,left,0
10339,10340,3,6915.82,6015.68,2414.220000000001,0.5,10339,303,BLAa,BLA,127,left,0
10340,10341,3,6917.74,6019.24,2415.8600000000006,1.0,10340,303,BLAa,BLA,127,left,0
10341,10342,3,6919.26,6022.08,2417.24,0.66796875,10341,303,BLAa,BLA,127,left,0
10342,10343,3,6920.74,6024.48,2418.0200000000004,0.5,10342,303,BLAa,BLA,127,left,0
10343,10344,3,6921.88,6026.799999999999,2418.459999999999,1.0,10343,303,BLAa,BLA,127,left,0
10344,10345,3,6921.88,6029.08,2419.0,1.0,10344,303,BLAa,BLA,127,left,0
10345,10346,3,6922.6,6031.4400000000005,2418.7800000000007,1.0,10345,303,BLAa,BLA,127,left,0
10346,10347,3,6923.92,6032.54,2418.8,1.0,10346,303,BLAa,BLA,127,left,0
10347,10348,3,6924.52,6033.12,2420.620000000001,0.75,10347,303,BLAa,BLA,127,left,0
10348,10349,3,6924.539999999999,6034.719999999999,2422.0,0.83203125,10348,303,BLAa,BLA,127,left,0
10349,10350,3,6925.82,6036.26,2422.42,0.91796875,10349,303,BLAa,BLA,127,left,0
10350,10351,3,6926.26,6037.4400000000005,2423.66,1.0,10350,303,BLAa,BLA,127,left,0
10351,10352,3,6926.18,6039.8,2425.460000000001,1.08203125,10351,303,BLAa,BLA,127,left,0
10352,10353,3,6926.639999999999,6041.78,2427.0,1.0,10352,303,BLAa,BLA,127,left,0
10353,10354,3,6927.16,6043.06,2429.24,0.75,10353,303,BLAa,BLA,127,left,0
10354,10355,3,6927.46,6045.0,2429.82,0.75,10354,303,BLAa,BLA,127,left,0
10355,10356,3,6927.200000000001,6047.14,2431.6000000000004,0.5,10355,303,BLAa,BLA,127,left,0
10356,10357,3,6927.08,6048.28,2433.5599999999995,1.33203125,10356,303,BLAa,BLA,127,left,0
10357,10358,3,6927.179999999999,6049.44,2435.5200000000004,1.0,10357,303,BLAa,BLA,127,left,0
10358,10359,3,6928.28,6050.74,2435.76,1.0,10358,303,BLAa,BLA,127,left,0
10359,10360,3,6929.04,6051.14,2436.8,0.11328125,10359,303,BLAa,BLA,127,left,0
10360,10361,3,6929.08,6052.02,2438.92,0.66796875,10360,303,BLAa,BLA,127,left,0
10361,10362,3,6929.18,6052.46,2441.8,1.0,10361,303,BLAa,BLA,127,left,0
10362,10363,3,6931.54,6053.56,2442.1000000000004,0.0546875,10362,303,BLAa,BLA,127,left,0
10363,10364,3,6932.86,6055.2,2442.039999999999,0.83203125,10363,303,BLAa,BLA,127,left,0
10364,10365,3,6933.92,6055.839999999999,2443.039999999999,1.0,10364,303,BLAa,BLA,127,left,0
10365,10366,3,6935.36,6056.68,2445.34,0.83203125,10365,303,BLAa,BLA,127,left,0
10366,10367,3,6936.459999999999,6058.56,2446.2000000000007,1.16796875,10366,303,BLAa,BLA,127,left,0
10367,10368,3,6936.52,6059.86,2447.34,1.25,10367,303,BLAa,BLA,127,left,0
10368,10369,3,6937.28,6061.68,2447.74,1.0,10368,303,BLAa,BLA,127,left,0
10369,10370,3,6938.780000000001,6063.4400000000005,2447.7800000000007,1.0,10369,303,BLAa,BLA,127,left,0
10370,10371,3,6940.44,6064.96,2449.3600000000006,0.83203125,10370,303,BLAa,BLA,127,left,0
10371,10372,3,6941.18,6066.76,2450.879999999999,1.16796875,10371,303,BLAa,BLA,127,left,0
10372,10373,3,6941.4400000000005,6068.780000000001,2453.32,0.5,10372,303,BLAa,BLA,127,left,0
10373,10374,3,6942.619999999999,6071.0,2454.220000000001,0.5,10373,303,BLAa,BLA,127,left,0
10374,10375,3,6944.02,6072.4400000000005,2455.779999999999,0.58203125,10374,303,BLAa,BLA,127,left,0
10375,10376,3,6944.28,6073.3,2458.279999999999,1.0,10375,303,BLAa,BLA,127,left,0
10376,10377,3,6945.299999999999,6073.719999999999,2460.84,1.0,10376,303,BLAa,BLA,127,left,0
10377,10378,3,6945.48,6074.64,2462.960000000001,0.5,10377,303,BLAa,BLA,127,left,0
10378,10379,3,6946.3,6075.4,2465.539999999999,1.0,10378,303,BLAa,BLA,127,left,0
10379,10380,3,6946.58,6076.4400000000005,2468.5200000000004,0.0390625,10379,303,BLAa,BLA,127,left,0
10380,10381,3,6947.0,6076.96,2472.1800000000003,0.91796875,10380,303,BLAa,BLA,127,left,0
10381,10382,3,6948.540000000001,6077.52,2474.16,1.0,10381,303,BLAa,BLA,127,left,0
10382,10383,3,6950.34,6079.26,2475.9,0.83203125,10382,303,BLAa,BLA,127,left,0
10383,10384,3,6952.28,6081.06,2477.6800000000003,1.0,10383,303,BLAa,BLA,127,left,0
10384,10385,3,6953.12,6082.4800000000005,2479.42,0.5,10384,303,BLAa,BLA,127,left,0
10385,10386,3,6954.08,6083.959999999999,2480.5200000000004,0.58203125,10385,303,BLAa,BLA,127,left,0
10386,10387,3,6955.08,6085.82,2481.7800000000007,0.5,10386,303,BLAa,BLA,127,left,0
10387,10388,3,6955.700000000001,6087.58,2483.6800000000003,0.91796875,10387,303,BLAa,BLA,127,left,0
10388,10389,3,6956.98,6088.139999999999,2484.66,0.5,10388,303,BLAa,BLA,127,left,1
10389,10390,3,6969.06,6066.799999999999,2396.119999999999,0.16796875,7120,311,BLAp,BLA,128,left,0
10390,10391,3,6970.42,6068.24,2396.459999999999,1.0,10390,311,BLAp,BLA,128,left,0
10391,10392,3,6970.8,6069.880000000001,2397.1000000000004,1.16796875,10391,311,BLAp,BLA,128,left,0
10392,10393,3,6972.68,6071.24,2397.0200000000004,2.0,10392,311,BLAp,BLA,128,left,0
10393,10394,3,6974.86,6072.380000000001,2396.8600000000006,0.75,10393,311,BLAp,BLA,128,left,0
10394,10395,3,6976.3,6074.38,2397.3600000000006,0.5,10394,311,BLAp,BLA,128,left,0
10395,10396,3,6978.24,6077.0,2397.5200000000004,0.58203125,10395,311,BLAp,BLA,128,left,0
10396,10397,3,6979.160000000001,6078.18,2398.16,0.5,10396,311,BLAp,BLA,128,left,0
10397,10398,3,6981.12,6079.299999999999,2398.34,0.5,10397,311,BLAp,BLA,128,left,0
10398,10399,3,6982.16,6080.74,2398.34,0.83203125,10398,311,BLAp,BLA,128,left,0
10399,10400,3,6983.88,6081.58,2399.66,0.75,10399,311,BLAp,BLA,128,left,0
10400,10401,3,6986.459999999999,6082.4800000000005,2401.24,1.0,10400,311,BLAp,BLA,128,left,0
10401,10402,3,6987.94,6083.28,2401.58,0.91796875,10401,311,BLAp,BLA,128,left,0
10402,10403,3,6988.22,6084.679999999999,2401.42,1.25,10402,311,BLAp,BLA,128,left,1
10403,10404,3,6970.44,6065.48,2395.0,0.0546875,7120,311,BLAp,BLA,129,left,0
10404,10405,3,6972.74,6065.02,2394.8600000000006,1.0,10404,311,BLAp,BLA,129,left,0
10405,10406,3,6974.9,6064.44,2394.76,1.0,10405,311,BLAp,BLA,129,left,0
10406,10407,3,6976.92,6064.099999999999,2394.640000000001,0.75,10406,311,BLAp,BLA,129,left,0
10407,10408,3,6979.299999999999,6064.2,2394.460000000001,0.66796875,10407,311,BLAp,BLA,129,left,0
10408,10409,3,6981.219999999999,6063.8,2394.34,0.83203125,10408,311,BLAp,BLA,129,left,0
10409,10410,3,6983.48,6063.88,2394.1800000000003,1.0,10409,311,BLAp,BLA,129,left,0
10410,10411,3,6985.24,6063.68,2393.9,0.91796875,10410,311,BLAp,BLA,129,left,0
10411,10412,3,6987.74,6064.6,2392.5,0.91796875,10411,311,BLAp,BLA,129,left,0
10412,10413,3,6989.9400000000005,6065.18,2392.1800000000003,1.0,10412,311,BLAp,BLA,129,left,0
10413,10414,3,6992.4800000000005,6064.96,2391.92,0.66796875,10413,311,BLAp,BLA,129,left,0
10414,10415,3,6994.42,6065.62,2390.959999999999,1.0,10414,311,BLAp,BLA,129,left,0
10415,10416,3,6997.200000000001,6066.7,2390.1000000000004,1.0,10415,311,BLAp,BLA,129,left,0
10416,10417,3,6999.18,6067.4400000000005,2389.640000000001,1.0,10416,311,BLAp,BLA,129,left,0
10417,10418,3,7001.42,6068.339999999999,2388.34,0.91796875,10417,311,BLAp,BLA,129,left,0
10418,10419,3,7003.86,6069.880000000001,2387.92,0.75,10418,311,BLAp,BLA,129,left,0
10419,10420,3,7005.76,6071.52,2387.119999999999,1.0,10419,311,BLAp,BLA,129,left,0
10420,10421,3,7007.84,6072.94,2385.98,0.5,10420,311,BLAp,BLA,129,left,0
10421,10422,3,7009.52,6074.5,2385.66,1.0,10421,311,BLAp,BLA,129,left,0
10422,10423,3,7012.06,6075.52,2385.380000000001,0.0546875,10422,311,BLAp,BLA,129,left,0
10423,10424,3,7015.24,6077.14,2384.98,1.0,10423,311,BLAp,BLA,129,left,0
10424,10425,3,7017.02,6078.76,2384.7000000000007,1.0,10424,311,BLAp,BLA,129,left,0
10425,10426,3,6848.58,6053.139999999999,2421.4400000000005,0.17578125,7139,303,BLAa,BLA,130,left,0
10426,10427,3,6849.139999999999,6055.34,2422.6800000000003,0.75,10426,303,BLAa,BLA,130,left,0
10427,10428,3,6850.38,6058.28,2426.3600000000006,1.16796875,10427,303,BLAa,BLA,130,left,0
10428,10429,3,6850.44,6059.64,2428.22,1.0,10428,303,BLAa,BLA,130,left,0
10429,10430,3,6851.3,6060.639999999999,2430.4400000000005,0.66796875,10429,303,BLAa,BLA,130,left,0
10430,10431,3,6851.52,6060.860000000001,2433.039999999999,1.0,10430,303,BLAa,BLA,130,left,0
10431,10432,3,6851.459999999999,6061.88,2435.0599999999995,1.0,10431,303,BLAa,BLA,130,left,0
10432,10433,3,6851.36,6063.16,2437.34,0.66796875,10432,303,BLAa,BLA,130,left,0
10433,10434,3,6850.92,6065.599999999999,2438.0999999999985,0.75,10433,303,BLAa,BLA,130,left,0
10434,10435,3,6850.78,6066.96,2440.040000000001,1.0,10434,303,BLAa,BLA,130,left,0
10435,10436,3,6850.66,6068.18,2441.92,0.5,10435,303,BLAa,BLA,130,left,0
10436,10437,3,6850.02,6070.320000000001,2443.6399999999994,0.5,10436,303,BLAa,BLA,130,left,0
10437,10438,3,6849.26,6070.96,2445.380000000001,1.33203125,10437,303,BLAa,BLA,130,left,0
10438,10439,3,6848.52,6071.4400000000005,2447.84,1.0,10438,303,BLAa,BLA,130,left,0
10439,10440,3,6846.56,6070.58,2449.26,1.08203125,10439,303,BLAa,BLA,130,left,0
10440,10441,3,6845.68,6070.06,2451.76,1.0,10440,303,BLAa,BLA,130,left,0
10441,10442,3,6844.099999999999,6068.52,2453.32,1.08203125,10441,303,BLAa,BLA,130,left,0
10442,10443,3,6842.86,6067.179999999999,2455.6800000000003,0.66796875,10442,303,BLAa,BLA,130,left,0
10443,10444,3,6841.459999999999,6066.12,2457.140000000001,1.16796875,10443,303,BLAa,BLA,130,left,0
10444,10445,3,6840.599999999999,6064.719999999999,2458.540000000001,0.91796875,10444,303,BLAa,BLA,130,left,0
10445,10446,3,6838.3,6062.08,2459.82,1.0,10445,303,BLAa,BLA,130,left,0
10446,10447,3,6837.34,6060.16,2460.34,0.91796875,10446,303,BLAa,BLA,130,left,0
10447,10448,3,6836.94,6059.700000000001,2461.5599999999995,1.0,10447,303,BLAa,BLA,130,left,1
10448,10449,3,6850.74,6053.06,2420.92,0.05859375,7139,303,BLAa,BLA,131,left,0
10449,10450,3,6852.26,6054.56,2420.66,1.0,10449,303,BLAa,BLA,131,left,0
10450,10451,3,6855.44,6056.52,2420.2000000000007,1.0,10450,303,BLAa,BLA,131,left,0
10451,10452,3,6857.4,6058.200000000001,2419.8600000000006,1.0,10451,303,BLAa,BLA,131,left,0
10452,10453,3,6860.06,6059.9,2419.48,1.0,10452,303,BLAa,BLA,131,left,0
10453,10454,3,6861.96,6060.92,2419.220000000001,1.0,10453,303,BLAa,BLA,131,left,0
10454,10455,3,6863.76,6063.24,2418.82,1.0,10454,303,BLAa,BLA,131,left,0
10455,10456,3,6865.5,6065.24,2418.48,1.0,10455,303,BLAa,BLA,131,left,0
10456,10457,3,6867.26,6067.42,2417.9400000000005,0.83203125,10456,303,BLAa,BLA,131,left,0
10457,10458,3,6868.68,6068.379999999999,2416.879999999999,0.5,10457,303,BLAa,BLA,131,left,0
10458,10459,3,6870.52,6070.82,2416.119999999999,0.91796875,10458,303,BLAa,BLA,131,left,0
10459,10460,3,6872.240000000001,6072.799999999999,2415.76,1.0,10459,303,BLAa,BLA,131,left,0
10460,10461,3,6874.0,6074.9800000000005,2415.5600000000013,0.91796875,10460,303,BLAa,BLA,131,left,0
10461,10462,3,6875.259999999999,6076.3,2416.1800000000003,0.91796875,10461,303,BLAa,BLA,131,left,0
10462,10463,3,6877.12,6078.959999999999,2416.119999999999,1.0,10462,303,BLAa,BLA,131,left,0
10463,10464,3,6878.28,6081.74,2415.8600000000006,1.0,10463,303,BLAa,BLA,131,left,0
10464,10465,3,6878.7,6083.66,2416.4,0.83203125,10464,303,BLAa,BLA,131,left,0
10465,10466,3,6880.56,6086.72,2416.8600000000006,0.5,10465,303,BLAa,BLA,131,left,0
10466,10467,3,6881.84,6088.66,2417.4,0.5,10466,303,BLAa,BLA,131,left,0
10467,10468,3,6883.9400000000005,6090.58,2417.16,1.16796875,10467,303,BLAa,BLA,131,left,0
10468,10469,3,6885.0,6092.780000000001,2417.2000000000007,1.0,10468,303,BLAa,BLA,131,left,0
10469,10470,3,6886.38,6094.6,2418.0,0.66796875,10469,303,BLAa,BLA,131,left,0
10470,10471,3,6887.56,6096.54,2418.82,1.08203125,10470,303,BLAa,BLA,131,left,0
10471,10472,3,6888.06,6098.9,2418.74,1.08203125,10471,303,BLAa,BLA,131,left,0
10472,10473,3,6889.32,6099.92,2418.5200000000004,1.0,10472,303,BLAa,BLA,131,left,0
10473,10474,3,6890.24,6102.039999999999,2418.8600000000006,0.0546875,10473,303,BLAa,BLA,131,left,0
10474,10475,3,6890.98,6104.5,2419.640000000001,0.66796875,10474,303,BLAa,BLA,131,left,0
10475,10476,3,6891.42,6106.5,2420.539999999999,1.0,10475,303,BLAa,BLA,131,left,0
10476,10477,3,6891.94,6108.139999999999,2421.92,1.0,10476,303,BLAa,BLA,131,left,0
10477,10478,3,6892.64,6109.78,2423.120000000001,0.91796875,10477,303,BLAa,BLA,131,left,0
10478,10479,3,6893.88,6111.88,2423.84,1.0,10478,303,BLAa,BLA,131,left,0
10479,10480,3,6895.78,6113.16,2424.379999999999,1.0,10479,311,BLAp,BLA,131,left,0
10480,10481,3,6896.92,6114.160000000001,2425.6800000000003,0.91796875,10480,303,BLAa,BLA,131,left,0
10481,10482,3,6898.16,6116.08,2426.0599999999995,0.5,10481,303,BLAa,BLA,131,left,0
10482,10483,3,6899.52,6118.28,2426.76,1.0,10482,303,BLAa,BLA,131,left,0
10483,10484,3,6900.82,6119.76,2427.5,1.0,10483,303,BLAa,BLA,131,left,0
10484,10485,3,6902.26,6121.4800000000005,2427.7000000000007,0.66796875,10484,303,BLAa,BLA,131,left,0
10485,10486,3,6903.66,6123.28,2427.4,1.0,10485,303,BLAa,BLA,131,left,0
10486,10487,3,6905.04,6124.42,2427.42,1.0,10486,311,BLAp,BLA,131,left,0
10487,10488,3,6905.66,6124.6,2428.5,1.0,10487,311,BLAp,BLA,131,left,0
13024,13025,3,6921.4400000000005,6074.82,2441.08,0.01953125,10249,303,BLAa,BLA,146,left,0
13025,13026,3,6924.08,6076.639999999999,2443.039999999999,1.0,13025,303,BLAa,BLA,146,left,0
13026,13027,3,6926.2,6080.74,2445.5,0.83203125,13026,303,BLAa,BLA,146,left,0
13027,13028,3,6927.5,6082.92,2446.1800000000003,0.5,13027,303,BLAa,BLA,146,left,0
13028,13029,3,6920.22,6072.3,2439.6800000000003,0.0546875,10249,303,BLAa,BLA,147,left,0
13029,13030,3,6923.3,6069.66,2439.72,0.91796875,13029,303,BLAa,BLA,147,left,0
13030,13031,3,6925.68,6067.820000000001,2440.08,0.5,13030,303,BLAa,BLA,147,left,0
13031,13032,3,6927.4,6066.900000000001,2440.9,1.0,13031,303,BLAa,BLA,147,left,0
13032,13033,3,6930.42,6066.2,2440.9,0.66796875,13032,303,BLAa,BLA,147,left,0
13033,13034,3,6933.26,6066.14,2440.6800000000003,1.0,13033,303,BLAa,BLA,147,left,0
13034,13035,3,6935.02,6065.96,2440.72,0.66796875,13034,303,BLAa,BLA,147,left,0
13035,13036,3,6936.58,6066.4400000000005,2441.540000000001,0.5,13035,303,BLAa,BLA,147,left,0
13036,13037,3,6938.48,6066.24,2442.2000000000007,1.25,13036,303,BLAa,BLA,147,left,0
13037,13038,3,6940.38,6065.839999999999,2443.7800000000007,0.75,13037,303,BLAa,BLA,147,left,0
13038,13039,3,6941.98,6065.36,2444.460000000001,0.91796875,13038,303,BLAa,BLA,147,left,0
13039,13040,3,6943.58,6065.8,2445.4400000000005,1.0,13039,303,BLAa,BLA,147,left,0
13040,13041,3,6945.34,6066.42,2446.26,1.0,13040,303,BLAa,BLA,147,left,0
13041,13042,3,6942.5,5977.94,2351.699999999999,0.0546875,10308,311,BLAp,BLA,148,left,0
13042,13043,3,6944.2,5977.74,2351.74,1.0,13042,311,BLAp,BLA,148,left,0
13043,13044,3,6946.82,5978.540000000001,2352.58,0.66796875,13043,311,BLAp,BLA,148,left,0
13044,13045,3,6949.160000000001,5978.52,2352.76,0.83203125,13044,311,BLAp,BLA,148,left,0
13045,13046,3,6952.039999999999,5978.5,2353.5599999999995,1.0,13045,311,BLAp,BLA,148,left,0
13046,13047,3,6954.06,5978.339999999999,2353.6800000000003,0.66796875,13046,311,BLAp,BLA,148,left,0
13047,13048,3,6955.66,5978.84,2354.5200000000004,0.5,13047,311,BLAp,BLA,148,left,0
13048,13049,3,6958.08,5979.8,2354.460000000001,1.0,13048,311,BLAp,BLA,148,left,0
13049,13050,3,6960.280000000001,5980.639999999999,2354.640000000001,1.0,13049,311,BLAp,BLA,148,left,0
13050,13051,3,6962.0,5981.24,2355.959999999999,0.58203125,13050,311,BLAp,BLA,148,left,0
13051,13052,3,6965.08,5982.42,2356.4400000000005,1.0,13051,311,BLAp,BLA,148,left,0
13052,13053,3,6968.42,5983.76,2356.0599999999995,1.0,13052,311,BLAp,BLA,148,left,0
13053,13054,3,6971.82,5985.1,2355.66,1.0,13053,311,BLAp,BLA,148,left,0
13054,13055,3,6974.08,5986.0,2355.4,1.0,13054,311,BLAp,BLA,148,left,0
13055,13056,3,6976.459999999999,5986.52,2355.16,0.75,13055,311,BLAp,BLA,148,left,0
13056,13057,3,6978.339999999999,5986.3,2354.880000000001,1.0,13056,311,BLAp,BLA,148,left,0
13057,13058,3,6979.34,5986.58,2353.540000000001,1.0,13057,311,BLAp,BLA,148,left,0
13058,13059,3,6979.9800000000005,5986.76,2354.619999999999,0.16796875,13058,311,BLAp,BLA,148,left,0
13059,13060,3,6982.42,5987.72,2354.58,1.0,13059,311,BLAp,BLA,148,left,0
13060,13061,3,6985.04,5988.86,2354.26,1.0,13060,311,BLAp,BLA,148,left,0
13061,13062,3,6986.4800000000005,5990.36,2354.26,0.58203125,13061,311,BLAp,BLA,148,left,0
13062,13063,3,6988.66,5991.660000000001,2355.3,0.91796875,13062,311,BLAp,BLA,148,left,0
13063,13064,3,6991.280000000001,5992.6,2356.6800000000003,0.58203125,13063,311,BLAp,BLA,148,left,0
13064,13065,3,6993.3,5993.28,2358.1800000000003,1.0,13064,311,BLAp,BLA,148,left,0
13065,13066,3,6995.879999999999,5994.2,2359.74,1.0,13065,311,BLAp,BLA,148,left,0
13066,13067,3,6997.200000000001,5994.92,2360.8600000000006,1.0,13066,311,BLAp,BLA,148,left,0
13067,13068,3,6998.139999999999,5996.32,2360.879999999999,0.5,13067,311,BLAp,BLA,148,left,0
13068,13069,3,7000.24,5997.240000000001,2361.900000000001,0.83203125,13068,311,BLAp,BLA,148,left,0
13069,13070,3,7001.599999999999,5996.84,2363.120000000001,1.5,13069,311,BLAp,BLA,148,left,0
13070,13071,3,7003.76,5997.02,2364.0,1.0,13070,311,BLAp,BLA,148,left,0
13071,13072,3,7005.18,5997.5,2365.2000000000007,1.0,13071,311,BLAp,BLA,148,left,0
13072,13073,3,7007.12,5998.200000000001,2366.119999999999,1.0,13072,311,BLAp,BLA,148,left,0
13073,13074,3,7009.120000000001,5998.9,2367.22,0.75,13073,311,BLAp,BLA,148,left,0
13074,13075,3,7011.4800000000005,6000.259999999999,2369.16,1.0,13074,311,BLAp,BLA,148,left,0
13075,13076,3,7012.9,6001.599999999999,2370.7000000000007,0.66796875,13075,311,BLAp,BLA,148,left,0
13076,13077,3,7014.9800000000005,6002.6,2372.0,1.0,13076,311,BLAp,BLA,148,left,0
13077,13078,3,7015.900000000001,6003.84,2372.58,0.5,13077,311,BLAp,BLA,148,left,0
13078,13079,3,7018.02,6005.18,2372.4,1.0,13078,311,BLAp,BLA,148,left,0
13079,13080,3,7019.299999999999,6006.82,2373.5599999999995,0.0546875,13079,311,BLAp,BLA,148,left,0
13080,13081,3,7022.3,6008.26,2374.4399999999987,0.91796875,13080,311,BLAp,BLA,148,left,0
13081,13082,3,7024.9400000000005,6009.24,2374.8,1.0,13081,311,BLAp,BLA,148,left,0
13082,13083,3,7027.42,6009.9400000000005,2376.040000000001,1.25,13082,311,BLAp,BLA,148,left,0
13083,13084,3,7029.22,6009.6,2377.279999999999,0.5,13083,311,BLAp,BLA,148,left,0
13084,13085,3,7031.88,6009.38,2379.0200000000004,0.58203125,13084,311,BLAp,BLA,148,left,0
13085,13086,3,7033.9800000000005,6008.16,2380.539999999999,1.0,13085,311,BLAp,BLA,148,left,0
13086,13087,3,7035.299999999999,6006.08,2381.74,0.75,13086,311,BLAp,BLA,148,left,0
13087,13088,3,7037.4,6005.259999999999,2382.039999999999,0.83203125,13087,311,BLAp,BLA,148,left,0
13088,13089,3,7039.740000000001,6003.780000000001,2382.0,1.0,13088,311,BLAp,BLA,148,left,0
13089,13090,3,7041.96,6002.12,2382.3600000000006,0.83203125,13089,311,BLAp,BLA,148,left,0
13090,13091,3,7043.5,6001.219999999999,2383.1800000000003,1.0,13090,311,BLAp,BLA,148,left,0
13091,13092,3,7046.0,6000.839999999999,2383.959999999999,1.16796875,13091,311,BLAp,BLA,148,left,0
13092,13093,3,7047.240000000001,6000.34,2384.5,0.58203125,13092,311,BLAp,BLA,148,left,0
13093,13094,3,7050.119999999999,6001.219999999999,2384.24,0.03125,13093,311,BLAp,BLA,148,left,0
13094,13095,3,7052.32,6001.34,2384.08,1.0,13094,311,BLAp,BLA,148,left,0
13095,13096,3,7053.9400000000005,6001.18,2383.98,0.91796875,13095,311,BLAp,BLA,148,left,0
13096,13097,3,7055.879999999999,6002.219999999999,2384.539999999999,0.75,13096,311,BLAp,BLA,148,left,0
13097,13098,3,7057.0,6003.56,2385.0200000000004,1.08203125,13097,311,BLAp,BLA,148,left,0
13098,13099,3,7059.64,6004.62,2385.879999999999,0.66796875,13098,311,BLAp,BLA,148,left,0
13099,13100,3,7061.799999999999,6004.58,2385.84,1.0,13099,311,BLAp,BLA,148,left,0
13100,13101,3,7064.78,6005.1,2385.5600000000013,1.0,13100,311,BLAp,BLA,148,left,0
13101,13102,3,7067.1,6006.58,2385.26,1.0,13101,311,BLAp,BLA,148,left,0
13102,13103,3,7068.540000000001,6007.98,2385.1800000000003,1.0,13102,311,BLAp,BLA,148,left,0
13103,13104,3,7070.48,6008.76,2386.119999999999,1.0,13103,311,BLAp,BLA,148,left,0
13104,13105,3,7072.36,6009.42,2386.879999999999,0.66796875,13104,311,BLAp,BLA,148,left,0
13105,13106,3,7074.64,6010.24,2387.3600000000006,0.83203125,13105,311,BLAp,BLA,148,left,0
13106,13107,3,7076.4,6011.040000000001,2388.1399999999994,0.91796875,13106,311,BLAp,BLA,148,left,0
13107,13108,3,7078.139999999999,6012.66,2388.42,0.83203125,13107,311,BLAp,BLA,148,left,0
13108,13109,3,7080.58,6013.9,2389.640000000001,1.0,13108,311,BLAp,BLA,148,left,0
13109,13110,3,7083.26,6015.08,2390.220000000001,0.83203125,13109,311,BLAp,BLA,148,left,0
13110,13111,3,7084.719999999999,6016.56,2390.800000000001,0.5,13110,311,BLAp,BLA,148,left,0
13111,13112,3,7087.1,6018.24,2392.140000000001,0.83203125,13111,311,BLAp,BLA,148,left,0
13112,13113,3,7088.099999999999,6019.5,2392.6399999999994,0.91796875,13112,311,BLAp,BLA,148,left,0
13113,13114,3,7089.24,6019.96,2394.3600000000006,0.58203125,13113,311,BLAp,BLA,148,left,0
13114,13115,3,7091.16,6020.66,2394.619999999999,1.0,13114,311,BLAp,BLA,148,left,0
13115,13116,3,7094.42,6022.759999999999,2394.24,0.01171875,13115,311,BLAp,BLA,148,left,0
13116,13117,3,7096.040000000001,6024.46,2394.74,0.75,13116,311,BLAp,BLA,148,left,0
13117,13118,3,7097.08,6026.88,2395.0,1.0,13117,311,BLAp,BLA,148,left,0
13118,13119,3,7098.26,6031.52,2394.460000000001,1.0,13118,311,BLAp,BLA,148,left,0
13119,13120,3,7099.299999999999,6033.76,2394.1800000000003,1.0,13119,311,BLAp,BLA,148,left,0
13120,13121,3,7100.92,6035.639999999999,2393.9,1.0,13120,311,BLAp,BLA,148,left,0
13121,13122,3,7102.52,6037.7,2393.58,0.5,13121,311,BLAp,BLA,148,left,0
13122,13123,3,7104.539999999999,6040.56,2393.1800000000003,0.5,13122,311,BLAp,BLA,148,left,0
13123,13124,3,7106.68,6042.380000000001,2392.8599999999988,1.0,13123,311,BLAp,BLA,148,left,0
13124,13125,3,7108.08,6043.9,2392.619999999999,1.0,13124,311,BLAp,BLA,148,left,0
13125,13126,3,7110.1,6046.36,2392.24,0.91796875,13125,311,BLAp,BLA,148,left,0
13126,13127,3,7112.240000000001,6048.400000000001,2392.3600000000006,1.0,13126,311,BLAp,BLA,148,left,0
13127,13128,3,7113.4400000000005,6049.96,2392.9400000000005,0.5,13127,311,BLAp,BLA,148,left,0
13128,13129,3,7115.5,6052.34,2393.1800000000003,1.16796875,13128,311,BLAp,BLA,148,left,0
13129,13130,3,7117.3,6053.3,2394.120000000001,0.58203125,13129,311,BLAp,BLA,148,left,0
13130,13131,3,7118.82,6054.9,2394.9,0.75,13130,311,BLAp,BLA,148,left,0
13131,13132,3,7120.68,6056.06,2395.16,0.5,13131,311,BLAp,BLA,148,left,0
13132,13133,3,7121.799999999999,6057.780000000001,2396.34,0.83203125,13132,311,BLAp,BLA,148,left,0
13133,13134,3,7123.32,6059.9,2397.82,1.0,13133,311,BLAp,BLA,148,left,0
13134,13135,3,7123.92,6061.54,2398.959999999999,0.5,13134,311,BLAp,BLA,148,left,0
13135,13136,3,7123.74,6063.12,2401.08,1.0,13135,311,BLAp,BLA,148,left,0
13136,13137,3,7123.02,6067.28,2405.3599999999988,1.0,13136,311,BLAp,BLA,148,left,0
13137,13138,3,7123.04,6070.2,2407.960000000001,0.75,13137,311,BLAp,BLA,148,left,0
13138,13139,3,7123.42,6071.4800000000005,2409.199999999999,0.91796875,13138,311,BLAp,BLA,148,left,0
13139,13140,3,7125.78,6073.4400000000005,2412.140000000001,0.0078125,13139,311,BLAp,BLA,148,left,0
13140,13141,3,7126.52,6075.18,2413.619999999999,1.0,13140,311,BLAp,BLA,148,left,0
13141,13142,3,7127.66,6076.1,2414.379999999999,1.0,13141,311,BLAp,BLA,148,left,1
13142,13143,3,6942.3,5978.5,2351.66,0.11328125,10308,311,BLAp,BLA,149,left,0
13143,13144,3,6944.78,5979.48,2351.24,1.41796875,13143,311,BLAp,BLA,149,left,0
13144,13145,3,6946.5,5980.22,2350.220000000001,0.5,13144,311,BLAp,BLA,149,left,0
13145,13146,3,6948.6,5981.1,2349.2800000000007,1.0,13145,311,BLAp,BLA,149,left,0
13146,13147,3,6950.82,5981.96,2347.960000000001,0.66796875,13146,311,BLAp,BLA,149,left,0
13147,13148,3,6952.88,5981.92,2347.619999999999,1.0,13147,311,BLAp,BLA,149,left,0
13148,13149,3,6954.58,5982.02,2346.620000000001,0.5,13148,311,BLAp,BLA,149,left,0
13149,13150,3,6956.660000000001,5982.88,2345.6800000000003,0.91796875,13149,311,BLAp,BLA,149,left,0
13150,13151,3,6958.9400000000005,5983.84,2344.3600000000006,0.91796875,13150,311,BLAp,BLA,149,left,0
13151,13152,3,6961.14,5984.46,2344.0200000000004,0.75,13151,311,BLAp,BLA,149,left,0
13152,13153,3,6963.12,5984.120000000001,2343.74,0.66796875,13152,311,BLAp,BLA,149,left,0
13153,13154,3,6964.719999999999,5984.44,2342.720000000001,0.91796875,13153,311,BLAp,BLA,149,left,0
13154,13155,3,6967.380000000001,5984.24,2342.16,0.91796875,13154,311,BLAp,BLA,149,left,0
13155,13156,3,6969.56,5984.9800000000005,2341.699999999999,0.75,13155,311,BLAp,BLA,149,left,0
13156,13157,3,6971.18,5985.68,2340.42,1.0,13156,311,BLAp,BLA,149,left,0
13157,13158,3,6972.88,5986.42,2339.1800000000003,0.75,13157,311,BLAp,BLA,149,left,0
13158,13159,3,6975.1,5987.36,2337.58,1.0,13158,311,BLAp,BLA,149,left,0
13159,13160,3,6977.3,5988.28,2336.6000000000004,0.5,13159,311,BLAp,BLA,149,left,0
13160,13161,3,6978.8,5988.5,2335.460000000001,0.91796875,13160,311,BLAp,BLA,149,left,0
13161,13162,3,6980.78,5988.339999999999,2334.8,0.91796875,13161,311,BLAp,BLA,149,left,0
13162,13163,3,6982.88,5989.02,2333.48,1.0,13162,311,BLAp,BLA,149,left,0
13163,13164,3,6985.14,5989.62,2331.960000000001,0.75,13163,311,BLAp,BLA,149,left,0
13164,13165,3,6986.16,5989.099999999999,2330.9,1.0,13164,311,BLAp,BLA,149,left,0
13165,13166,3,6988.08,5989.679999999999,2329.9,0.08203125,13165,311,BLAp,BLA,149,left,0
13166,13167,3,6990.0,5990.14,2327.8599999999988,1.41796875,13166,311,BLAp,BLA,149,left,0
13167,13168,3,6992.5,5990.02,2326.2800000000007,1.0,13167,311,BLAp,BLA,149,left,0
13168,13169,3,6994.62,5989.9,2325.460000000001,0.91796875,13168,311,BLAp,BLA,149,left,0
13169,13170,3,6996.36,5990.02,2323.959999999999,0.66796875,13169,311,BLAp,BLA,149,left,0
13170,13171,3,6999.06,5991.02,2321.6000000000004,1.0,13170,311,BLAp,BLA,149,left,0
13171,13172,3,7000.599999999999,5990.68,2320.779999999999,0.83203125,13171,311,BLAp,BLA,149,left,0
13172,13173,3,7002.4,5991.02,2319.5,0.91796875,13172,311,BLAp,BLA,149,left,0
13173,13174,3,7004.099999999999,5991.7,2318.92,0.75,13173,311,BLAp,BLA,149,left,0
13174,13175,3,7006.38,5992.64,2317.619999999999,0.91796875,13174,311,BLAp,BLA,149,left,0
13175,13176,3,7008.52,5993.48,2317.039999999999,0.75,13175,311,BLAp,BLA,149,left,0
13176,13177,3,7010.860000000001,5994.44,2315.72,0.91796875,13176,311,BLAp,BLA,149,left,0
13177,13178,3,7013.76,5995.42,2314.48,0.91796875,13177,311,BLAp,BLA,149,left,0
13178,13179,3,7015.16,5995.06,2313.24,0.91796875,13178,311,BLAp,BLA,149,left,0
13179,13180,3,7017.3,5995.56,2311.4,1.0,13179,311,BLAp,BLA,149,left,0
13180,13181,3,7018.56,5996.1,2309.9,1.0,13180,311,BLAp,BLA,149,left,0
13181,13182,3,7021.459999999999,5997.14,2307.279999999999,0.5,13181,311,BLAp,BLA,149,left,0
13182,13183,3,7023.379999999999,5997.0,2305.84,0.83203125,13182,311,BLAp,BLA,149,left,0
13183,13184,3,7025.72,5997.58,2303.5599999999995,1.0,13183,311,BLAp,BLA,149,left,0
13184,13185,3,7027.56,5998.379999999999,2302.0200000000004,1.0,13184,311,BLAp,BLA,149,left,0
13185,13186,3,7029.24,5999.04,2301.2800000000007,1.0,13185,311,BLAp,BLA,149,left,0
13186,13187,3,7030.62,5998.18,2299.74,0.0546875,13186,311,BLAp,BLA,149,left,0
13187,13188,3,7032.84,5999.02,2298.22,1.0,13187,311,BLAp,BLA,149,left,0
13188,13189,3,7035.0,5999.86,2297.619999999999,1.0,13188,311,BLAp,BLA,149,left,0
13189,13190,3,7036.660000000001,6000.54,2296.42,1.0,13189,311,BLAp,BLA,149,left,0
13190,13191,3,7038.26,6000.98,2295.1000000000004,0.5,13190,311,BLAp,BLA,149,left,0
13191,13192,3,7039.82,6000.119999999999,2294.8,1.0,13191,311,BLAp,BLA,149,left,0
13192,13193,3,7041.94,5999.56,2293.84,1.0,13192,311,BLAp,BLA,149,left,0
13193,13194,3,7043.6,6000.24,2292.6399999999994,0.66796875,13193,311,BLAp,BLA,149,left,0
13194,13195,3,7045.700000000001,5999.66,2291.6800000000003,1.0,13194,311,BLAp,BLA,149,left,0
13195,13196,3,7047.54,5998.9400000000005,2291.1399999999994,0.91796875,13195,311,BLAp,BLA,149,left,0
13196,13197,3,7049.76,5999.62,2289.42,0.58203125,13196,311,BLAp,BLA,149,left,0
13197,13198,3,7052.6,5999.880000000001,2288.1800000000003,0.91796875,13197,311,BLAp,BLA,149,left,0
13198,13199,3,7054.42,5999.400000000001,2286.960000000001,0.5,13198,311,BLAp,BLA,149,left,0
13199,13200,3,7056.88,5998.0,2285.4,1.0,13199,311,BLAp,BLA,149,left,0
13200,13201,3,7058.540000000001,5996.799999999999,2284.5,0.83203125,13200,311,BLAp,BLA,149,left,0
13201,13202,3,7060.74,5995.38,2283.379999999999,0.5,13201,311,BLAp,BLA,149,left,0
13202,13203,3,7062.86,5994.880000000001,2282.5,1.0,13202,311,BLAp,BLA,149,left,0
13203,13204,3,7063.56,5993.52,2282.34,0.83203125,13203,311,BLAp,BLA,149,left,0
13204,13205,3,7064.76,5993.06,2281.2800000000007,0.91796875,13204,311,BLAp,BLA,149,left,0
13205,13206,3,7066.660000000001,5992.84,2281.0200000000004,0.75,13205,311,BLAp,BLA,149,left,0
13206,13207,3,7068.28,5991.900000000001,2280.6399999999994,0.04296875,13206,311,BLAp,BLA,149,left,0
13207,13208,3,7070.74,5991.78,2279.1800000000003,0.58203125,13207,311,BLAp,BLA,149,left,0
13208,13209,3,7072.88,5991.4800000000005,2278.0600000000013,0.91796875,13208,311,BLAp,BLA,149,left,0
13209,13210,3,7075.4,5990.58,2276.66,0.58203125,13209,311,BLAp,BLA,149,left,0
13210,13211,3,7077.12,5990.08,2275.2800000000007,0.5,13210,311,BLAp,BLA,149,left,0
13211,13212,3,7079.5,5989.52,2274.82,0.75,13211,311,BLAp,BLA,149,left,0
13212,13213,3,7081.78,5989.02,2273.880000000001,1.0,13212,311,BLAp,BLA,149,left,0
13213,13214,3,7083.099999999999,5988.58,2272.6399999999994,1.16796875,13213,311,BLAp,BLA,149,left,0
13214,13215,3,7085.119999999999,5988.400000000001,2271.720000000001,1.0,13214,311,BLAp,BLA,149,left,0
13215,13216,3,7087.14,5988.28,2270.32,0.91796875,13215,311,BLAp,BLA,149,left,0
13216,13217,3,7088.64,5988.400000000001,2268.9,1.33203125,13216,311,BLAp,BLA,149,left,0
13217,13218,3,7090.98,5987.28,2268.279999999999,1.0,13217,311,BLAp,BLA,149,left,0
13218,13219,3,7093.719999999999,5986.76,2267.0200000000004,0.66796875,13218,311,BLAp,BLA,149,left,0
13219,13220,3,7095.8,5986.36,2265.9400000000005,1.08203125,13219,311,BLAp,BLA,149,left,0
13220,13221,3,7098.42,5985.639999999999,2265.2800000000007,0.83203125,13220,311,BLAp,BLA,149,left,0
13221,13222,3,7101.08,5984.82,2264.16,0.83203125,13221,311,BLAp,BLA,149,left,0
13222,13223,3,7103.52,5984.02,2263.26,1.25,13222,311,BLAp,BLA,149,left,0
13223,13224,3,7105.4,5984.64,2261.7800000000007,0.66796875,13223,311,BLAp,BLA,149,left,0
13224,13225,3,7106.92,5984.48,2260.779999999999,1.0,13224,311,BLAp,BLA,149,left,0
13225,13226,3,7107.4400000000005,5983.139999999999,2260.620000000001,0.5,13225,311,BLAp,BLA,149,left,0
13226,13227,3,7108.64,5982.68,2259.58,0.91796875,13226,311,BLAp,BLA,149,left,0
13227,13228,3,7110.860000000001,5982.4400000000005,2258.7800000000007,1.0,13227,311,BLAp,BLA,149,left,0
13228,13229,3,7113.62,5982.0,2257.039999999999,0.75,13228,311,BLAp,BLA,149,left,0
13229,13230,3,7114.82,5982.02,2255.5200000000004,0.66796875,13229,311,BLAp,BLA,149,left,0
13230,13231,3,7115.22,5980.92,2254.9400000000005,1.0,13230,311,BLAp,BLA,149,left,0
13231,13232,3,7115.76,5978.540000000001,2255.119999999999,0.08203125,13231,311,BLAp,BLA,149,left,0
13232,13233,3,7117.58,5977.28,2254.8,0.83203125,13232,311,BLAp,BLA,149,left,0
13233,13234,3,7119.2,5977.32,2253.8,0.58203125,13233,311,BLAp,BLA,149,left,0
13234,13235,3,7120.460000000001,5975.08,2252.8,0.83203125,13234,311,BLAp,BLA,149,left,0
13235,13236,3,7121.799999999999,5973.74,2251.4400000000005,1.0,13235,311,BLAp,BLA,149,left,0
13236,13237,3,7124.139999999999,5973.3,2250.0200000000004,0.91796875,13236,311,BLAp,BLA,149,left,0
13237,13238,3,7126.24,5972.960000000001,2248.4400000000005,0.58203125,13237,311,BLAp,BLA,149,left,0
13238,13239,3,7128.48,5972.759999999999,2247.6000000000004,0.5,13238,311,BLAp,BLA,149,left,0
13239,13240,3,7130.36,5973.099999999999,2246.3600000000006,1.0,13239,311,BLAp,BLA,149,left,0
13240,13241,3,7132.58,5973.82,2245.4,1.0,13240,311,BLAp,BLA,149,left,0
13241,13242,3,7134.66,5973.76,2244.08,0.5,13241,311,BLAp,BLA,149,left,0
13242,13243,3,7137.74,5974.299999999999,2242.0200000000004,1.08203125,13242,311,BLAp,BLA,149,left,0
13243,13244,3,7139.5,5974.02,2240.98,0.91796875,13243,311,BLAp,BLA,149,left,0
13244,13245,3,7141.02,5974.24,2239.9,1.0,13244,311,BLAp,BLA,149,left,0
13245,13246,3,7143.6,5975.24,2238.6800000000003,0.03515625,13245,311,BLAp,BLA,149,left,0
13246,13247,3,7145.44,5975.5,2236.620000000001,1.41796875,13246,311,BLAp,BLA,149,left,0
13247,13248,3,7147.32,5975.2,2235.32,1.25,13247,311,BLAp,BLA,149,left,0
13248,13249,3,7148.719999999999,5974.24,2235.0599999999995,1.0,13248,311,BLAp,BLA,149,left,1
13249,13250,3,7018.9800000000005,6079.2,2383.74,0.03515625,10425,311,BLAp,BLA,150,left,0
13250,13251,3,7020.18,6078.08,2382.880000000001,0.91796875,13250,311,BLAp,BLA,150,left,0
13251,13252,3,7020.639999999999,6077.06,2381.16,1.33203125,13251,311,BLAp,BLA,150,left,0
13252,13253,3,7021.84,6076.42,2380.4400000000005,1.0,13252,311,BLAp,BLA,150,left,0
13253,13254,3,7024.24,6076.3,2379.9,0.91796875,13253,311,BLAp,BLA,150,left,0
13254,13255,3,7026.42,6075.76,2378.5599999999995,0.58203125,13254,311,BLAp,BLA,150,left,0
13255,13256,3,7028.52,6075.38,2377.459999999999,0.91796875,13255,311,BLAp,BLA,150,left,0
13256,13257,3,7030.700000000001,6074.06,2375.800000000001,1.0,13256,311,BLAp,BLA,150,left,0
13257,13258,3,7032.5,6072.64,2372.039999999999,0.75,13257,311,BLAp,BLA,150,left,0
13258,13259,3,7033.9800000000005,6072.240000000001,2370.16,0.91796875,13258,311,BLAp,BLA,150,left,0
13259,13260,3,7035.66,6072.54,2368.22,0.58203125,13259,311,BLAp,BLA,150,left,0
13260,13261,3,7038.6,6073.66,2367.08,1.0,13260,311,BLAp,BLA,150,left,0
13261,13262,3,7040.78,6074.46,2366.84,1.0,13261,311,BLAp,BLA,150,left,1
13262,13263,3,7018.42,6079.719999999999,2384.5,0.08203125,10425,311,BLAp,BLA,151,left,0
13263,13264,3,7020.08,6081.900000000001,2384.1800000000003,0.83203125,13263,311,BLAp,BLA,151,left,0
13264,13265,3,7021.82,6083.82,2383.8600000000006,1.0,13264,311,BLAp,BLA,151,left,0
13265,13266,3,7023.92,6086.4400000000005,2383.459999999999,0.75,13265,311,BLAp,BLA,151,left,0
13266,13267,3,7025.66,6088.360000000001,2383.1399999999994,1.0,13266,311,BLAp,BLA,151,left,0
13267,13268,3,7027.34,6090.48,2382.82,1.0,13267,311,BLAp,BLA,151,left,0
13268,13269,3,7028.64,6091.98,2382.58,1.0,13268,311,BLAp,BLA,151,left,0
13269,13270,3,7031.280000000001,6093.56,2382.24,1.0,13269,311,BLAp,BLA,151,left,0
13270,13271,3,7034.08,6094.64,2381.9399999999987,1.0,13270,311,BLAp,BLA,151,left,0
13271,13272,3,7035.96,6095.98,2381.6800000000003,1.0,13271,311,BLAp,BLA,151,left,0
13272,13273,3,7038.84,6097.9,2381.2800000000007,1.0,13272,311,BLAp,BLA,151,left,0
13273,13274,3,7042.16,6099.099999999999,2380.9400000000005,1.0,13273,311,BLAp,BLA,151,left,0
13274,13275,3,7045.56,6100.34,2380.58,1.0,13274,311,BLAp,BLA,151,left,0
13275,13276,3,7047.780000000001,6101.16,2380.34,1.0,13275,311,BLAp,BLA,151,left,0
13276,13277,3,7052.32,6102.799999999999,2379.880000000001,0.01171875,13276,311,BLAp,BLA,151,left,0
13277,13278,3,7055.06,6103.9400000000005,2379.3,0.83203125,13277,311,BLAp,BLA,151,left,0
13278,13279,3,7056.72,6105.5,2378.039999999999,1.0,13278,311,BLAp,BLA,151,left,0
13279,13280,3,7058.959999999999,6106.860000000001,2376.4400000000005,0.91796875,13279,311,BLAp,BLA,151,left,0
13280,13281,3,7060.839999999999,6108.32,2375.66,1.41796875,13280,311,BLAp,BLA,151,left,0
13281,13282,3,7062.14,6109.740000000001,2374.58,0.58203125,13281,311,BLAp,BLA,151,left,0
13282,13283,3,7063.4400000000005,6111.36,2374.16,0.5,13282,311,BLAp,BLA,151,left,0
13283,13284,3,7065.8,6112.4800000000005,2373.9,1.0,13283,311,BLAp,BLA,151,left,0
13284,13285,3,7069.120000000001,6113.66,2373.5599999999995,1.0,13284,311,BLAp,BLA,151,left,0
13285,13286,3,7071.58,6114.56,2373.84,1.0,13285,311,BLAp,BLA,151,left,0
13286,13287,3,7072.88,6115.66,2374.42,1.08203125,13286,311,BLAp,BLA,151,left,0
13287,13288,3,7075.700000000001,6117.5,2374.1399999999994,1.0,13287,311,BLAp,BLA,151,left,0
13288,13289,3,7079.04,6118.7,2373.8,1.0,13288,311,BLAp,BLA,151,left,0
13289,13290,3,7081.799999999999,6119.679999999999,2373.5200000000004,1.0,13289,311,BLAp,BLA,151,left,0
13290,13291,3,7083.66,6120.34,2373.32,1.0,13290,311,BLAp,BLA,151,left,0
13291,13292,3,7086.599999999999,6121.26,2372.039999999999,0.01953125,13291,311,BLAp,BLA,151,left,0
13292,13293,3,7088.6,6120.700000000001,2371.6000000000004,1.0,13292,311,BLAp,BLA,151,left,0
13293,13294,3,7090.639999999999,6120.34,2371.5,1.08203125,13293,311,BLAp,BLA,151,left,0
13294,13295,3,7093.52,6120.16,2371.32,0.58203125,13294,311,BLAp,BLA,151,left,0
13295,13296,3,7095.639999999999,6119.28,2371.26,1.0,13295,311,BLAp,BLA,151,left,0
13296,13297,3,7098.74,6118.9800000000005,2371.08,0.75,13296,311,BLAp,BLA,151,left,0
13297,13298,3,7100.56,6118.6,2371.0,1.0,13297,311,BLAp,BLA,151,left,0
13298,13299,3,7103.360000000001,6118.26,2370.76,0.83203125,13298,311,BLAp,BLA,151,left,0
13299,13300,3,7105.320000000001,6118.86,2369.82,1.0,13299,311,BLAp,BLA,151,left,0
13300,13301,3,7108.12,6119.86,2369.0200000000004,4.0,13300,311,BLAp,BLA,151,left,0
13301,13302,3,7110.299999999999,6120.639999999999,2368.8,1.0,13301,311,BLAp,BLA,151,left,0
13302,13303,3,7111.92,6121.2,2368.6399999999994,1.0,13302,311,BLAp,BLA,151,left,1
13303,13304,3,6906.639999999999,6124.9400000000005,2429.08,0.16796875,10488,311,BLAp,BLA,152,left,0
13304,13305,3,6907.02,6124.96,2431.98,1.0,13304,311,BLAp,BLA,152,left,0
13305,13306,3,6907.3,6124.9,2436.0200000000004,1.5,13305,303,BLAa,BLA,152,left,0
13306,13307,3,6907.4800000000005,6124.84,2438.74,1.0,13306,303,BLAa,BLA,152,left,0
13307,13308,3,6907.64,6125.02,2441.08,1.16796875,13307,303,BLAa,BLA,152,left,0
13308,13309,3,6908.139999999999,6126.14,2442.5,0.66796875,13308,303,BLAa,BLA,152,left,0
13309,13310,3,6909.38,6126.860000000001,2444.74,1.0,13309,303,BLAa,BLA,152,left,0
13310,13311,3,6909.84,6127.56,2446.92,1.08203125,13310,303,BLAa,BLA,152,left,0
13311,13312,3,6910.259999999999,6128.540000000001,2449.0,0.58203125,13311,303,BLAa,BLA,152,left,0
13312,13313,3,6911.4800000000005,6129.52,2449.7000000000007,1.0,13312,303,BLAa,BLA,152,left,0
13313,13314,3,6911.92,6131.36,2450.460000000001,1.25,13313,303,BLAa,BLA,152,left,0
13314,13315,3,6913.4400000000005,6133.18,2452.1800000000003,0.5,13314,303,BLAa,BLA,152,left,0
13315,13316,3,6914.66,6134.64,2453.48,0.5,13315,303,BLAa,BLA,152,left,0
13316,13317,3,6915.98,6136.26,2454.0200000000004,1.0,13316,311,BLAp,BLA,152,left,0
13317,13318,3,6917.64,6137.4400000000005,2454.3,1.0,13317,311,BLAp,BLA,152,left,0
13318,13319,3,6919.299999999999,6138.04,2454.8600000000006,1.0,13318,311,BLAp,BLA,152,left,1
13319,13320,3,6905.98,6126.5,2427.0,0.0546875,10488,311,BLAp,BLA,153,left,0
13320,13321,3,6907.4,6128.540000000001,2427.459999999999,1.0,13320,311,BLAp,BLA,153,left,0
13321,13322,3,6908.7,6129.9800000000005,2427.7000000000007,0.5,13321,311,BLAp,BLA,153,left,0
13322,13323,3,6910.62,6131.5,2427.4,0.91796875,13322,311,BLAp,BLA,153,left,0
13323,13324,3,6911.639999999999,6132.94,2427.1800000000003,0.83203125,13323,311,BLAp,BLA,153,left,0
13324,13325,3,6913.08,6134.700000000001,2426.879999999999,1.0,13324,311,BLAp,BLA,153,left,0
13325,13326,3,6914.06,6136.620000000001,2426.6000000000004,1.0,13325,311,BLAp,BLA,153,left,0
13326,13327,3,6915.68,6137.86,2426.8600000000006,1.0,13326,311,BLAp,BLA,153,left,0
13327,13328,3,6917.200000000001,6139.84,2427.459999999999,1.0,13327,311,BLAp,BLA,153,left,0
13328,13329,3,6917.960000000001,6141.72,2428.0,0.75,13328,311,BLAp,BLA,153,left,0
13329,13330,3,6919.400000000001,6143.88,2428.2000000000007,1.0,13329,311,BLAp,BLA,153,left,0
13330,13331,3,6921.12,6148.9800000000005,2427.720000000001,0.91796875,13330,311,BLAp,BLA,153,left,0
13331,13332,3,6921.7,6151.660000000001,2428.24,0.91796875,13331,311,BLAp,BLA,153,left,0
13332,13333,3,6922.619999999999,6154.400000000001,2428.26,1.0,13332,311,BLAp,BLA,153,left,0
13333,13334,3,6923.52,6156.799999999999,2427.9400000000005,0.91796875,13333,311,BLAp,BLA,153,left,0
13334,13335,3,6923.86,6159.139999999999,2427.8,1.0,13334,311,BLAp,BLA,153,left,0
13335,13336,3,6924.22,6161.02,2428.66,1.16796875,13335,311,BLAp,BLA,153,left,0
13336,13337,3,6923.86,6163.18,2429.8,1.33203125,13336,311,BLAp,BLA,153,left,0
13337,13338,3,6923.74,6164.160000000001,2431.3,1.08203125,13337,311,BLAp,BLA,153,left,0
13338,13339,3,6924.76,6165.34,2429.8,0.05859375,13338,311,BLAp,BLA,153,left,0
13339,13340,3,6927.36,6167.74,2429.2800000000007,0.58203125,13339,311,BLAp,BLA,153,left,0
13340,13341,3,6928.74,6169.6,2429.0,1.0,13340,311,BLAp,BLA,153,left,0
13341,13342,3,6929.46,6172.219999999999,2428.6800000000003,1.08203125,13341,311,BLAp,BLA,153,left,0
13342,13343,3,6930.599999999999,6175.2,2428.279999999999,1.0,13342,311,BLAp,BLA,153,left,0
13343,13344,3,6931.92,6178.06,2428.300000000001,0.66796875,13343,311,BLAp,BLA,153,left,0
13344,13345,3,6932.88,6179.92,2429.3600000000006,0.58203125,13344,311,BLAp,BLA,153,left,0
13345,13346,3,6933.66,6181.98,2430.0599999999995,1.0,13345,311,BLAp,BLA,153,left,0
13346,13347,3,6934.76,6184.24,2430.5600000000013,1.08203125,13346,311,BLAp,BLA,153,left,0
13347,13348,3,6935.38,6186.56,2431.32,0.83203125,13347,311,BLAp,BLA,153,left,0
13348,13349,3,6935.66,6188.200000000001,2431.960000000001,1.25,13348,311,BLAp,BLA,153,left,0
13349,13350,3,6937.0,6189.82,2431.8,0.58203125,13349,311,BLAp,BLA,153,left,0
13350,13351,3,6938.42,6192.3,2432.84,0.75,13350,311,BLAp,BLA,153,left,0
13351,13352,3,6939.22,6194.02,2433.74,0.83203125,13351,311,BLAp,BLA,153,left,0
13352,13353,3,6940.860000000001,6196.4400000000005,2433.7000000000007,0.83203125,13352,311,BLAp,BLA,153,left,0
13353,13354,3,6941.54,6199.06,2434.1800000000003,1.08203125,13353,311,BLAp,BLA,153,left,0
13354,13355,3,6942.4400000000005,6201.92,2434.3,1.0,13354,311,BLAp,BLA,153,left,0
13355,13356,3,6943.42,6204.740000000001,2434.2800000000007,0.75,13355,311,BLAp,BLA,153,left,0
13356,13357,3,6943.92,6206.88,2435.32,1.0,13356,311,BLAp,BLA,153,left,0
13357,13358,3,6944.700000000001,6209.34,2436.119999999999,1.0,13357,311,BLAp,BLA,153,left,0
13358,13359,3,6944.299999999999,6212.9,2435.800000000001,1.0,13358,311,BLAp,BLA,153,left,0
13359,13360,3,6943.5,6216.3,2435.7000000000007,0.91796875,13359,311,BLAp,BLA,153,left,0
13360,13361,3,6943.339999999999,6218.360000000001,2436.34,0.5,13360,311,BLAp,BLA,153,left,0
13361,13362,3,6945.0,6220.92,2436.32,1.0,13361,311,BLAp,BLA,153,left,0
13362,13363,3,6945.96,6223.06,2436.040000000001,1.0,13362,311,BLAp,BLA,153,left,0
13363,13364,3,6946.3,6225.0,2435.82,1.0,13363,311,BLAp,BLA,153,left,0
13364,13365,3,6946.14,6226.32,2437.619999999999,0.0546875,13364,311,BLAp,BLA,153,left,0
13365,13366,3,6946.4400000000005,6228.360000000001,2438.279999999999,0.58203125,13365,311,BLAp,BLA,153,left,0
13366,13367,3,6946.4,6230.58,2439.1000000000004,0.83203125,13366,311,BLAp,BLA,153,left,0
13367,13368,3,6946.219999999999,6233.04,2440.08,1.0,13367,311,BLAp,BLA,153,left,0
13368,13369,3,6947.26,6235.0,2440.380000000001,0.91796875,13368,311,BLAp,BLA,153,left,0
13369,13370,3,6947.34,6237.36,2441.2000000000007,1.08203125,13369,311,BLAp,BLA,153,left,0
13370,13371,3,6947.28,6240.62,2441.22,0.83203125,13370,311,BLAp,BLA,153,left,0
13371,13372,3,6948.200000000001,6242.84,2441.92,1.16796875,13371,311,BLAp,BLA,153,left,0
13372,13373,3,6950.0,6245.22,2442.82,1.33203125,13372,311,BLAp,BLA,153,left,0
13373,13374,3,6951.4800000000005,6248.42,2442.92,0.58203125,13373,311,BLAp,BLA,153,left,0
13374,13375,3,6951.860000000001,6250.4,2443.540000000001,1.08203125,13374,311,BLAp,BLA,153,left,0
13375,13376,3,6953.22,6252.36,2443.6000000000004,1.0,13375,311,BLAp,BLA,153,left,0
13376,13377,3,6953.86,6254.66,2443.34,1.0,13376,311,BLAp,BLA,153,left,0
13377,13378,3,6953.48,6257.34,2443.120000000001,0.91796875,13377,311,BLAp,BLA,153,left,0
13378,13379,3,6953.7,6259.880000000001,2442.880000000001,1.0,13378,311,BLAp,BLA,153,left,0
13379,13380,3,6955.0,6261.88,2442.6000000000004,1.0,13379,311,BLAp,BLA,153,left,0
13380,13381,3,6955.76,6264.28,2442.32,0.66796875,13380,311,BLAp,BLA,153,left,0
13381,13382,3,6956.88,6266.2,2442.0599999999995,0.75,13381,311,BLAp,BLA,153,left,0
13382,13383,3,6956.72,6268.52,2442.0200000000004,1.0,13382,311,BLAp,BLA,153,left,0
13383,13384,3,6956.5,6269.76,2443.120000000001,1.0,13383,311,BLAp,BLA,153,left,0
13384,13385,3,6955.599999999999,6273.360000000001,2442.8599999999988,0.02734375,13384,311,BLAp,BLA,153,left,0
13385,13386,3,6955.119999999999,6276.280000000001,2443.0999999999985,1.16796875,13385,311,BLAp,BLA,153,left,0
13386,13387,3,6955.38,6278.6,2443.8,0.75,13386,311,BLAp,BLA,153,left,0
13387,13388,3,6955.320000000001,6280.0,2444.98,1.0,13387,311,BLAp,BLA,153,left,1
16403,16404,3,6929.24,6083.86,2446.040000000001,0.08203125,13028,303,BLAa,BLA,170,left,0
16404,16405,3,6931.860000000001,6084.9400000000005,2445.74,1.0,16404,303,BLAa,BLA,170,left,0
16405,16406,3,6935.14,6086.219999999999,2445.3599999999988,1.0,16405,303,BLAa,BLA,170,left,0
16406,16407,3,6938.48,6087.5,2444.959999999999,1.0,16406,311,BLAp,BLA,170,left,0
16407,16408,3,6941.84,6088.8,2444.5599999999995,1.0,16407,311,BLAp,BLA,170,left,0
16408,16409,3,6945.18,6090.1,2444.16,1.0,16408,311,BLAp,BLA,170,left,0
16409,16410,3,6947.219999999999,6090.879999999999,2444.16,1.0,16409,311,BLAp,BLA,170,left,0
16410,16411,3,6949.04,6091.34,2444.959999999999,1.08203125,16410,311,BLAp,BLA,170,left,0
16411,16412,3,6950.8,6091.040000000001,2445.16,0.5,16411,303,BLAa,BLA,170,left,0
16412,16413,3,6953.3,6091.52,2446.119999999999,1.0,16412,303,BLAa,BLA,170,left,0
16413,16414,3,6955.299999999999,6092.26,2446.76,1.0,16413,311,BLAp,BLA,170,left,0
16414,16415,3,6958.12,6093.32,2446.960000000001,1.0,16414,311,BLAp,BLA,170,left,0
16415,16416,3,6960.8,6094.120000000001,2446.720000000001,0.83203125,16415,311,BLAp,BLA,170,left,0
16416,16417,3,6962.36,6093.74,2447.22,0.58203125,16416,311,BLAp,BLA,170,left,0
16417,16418,3,6965.259999999999,6094.42,2447.6800000000003,1.0,16417,311,BLAp,BLA,170,left,0
16418,16419,3,6967.94,6095.44,2447.380000000001,1.0,16418,311,BLAp,BLA,170,left,0
16419,16420,3,6969.76,6096.14,2447.16,1.0,16419,311,BLAp,BLA,170,left,0
16420,16421,3,6972.88,6097.32,2447.26,0.02734375,16420,311,BLAp,BLA,170,left,0
16421,16422,3,6974.26,6097.759999999999,2448.959999999999,0.91796875,16421,311,BLAp,BLA,170,left,0
16422,16423,3,6976.040000000001,6098.42,2449.3600000000006,0.91796875,16422,311,BLAp,BLA,170,left,0
16423,16424,3,6978.02,6099.2,2450.2000000000007,1.0,16423,311,BLAp,BLA,170,left,0
16424,16425,3,6979.34,6100.58,2450.1000000000004,0.58203125,16424,311,BLAp,BLA,170,left,0
16425,16426,3,6981.96,6102.179999999999,2449.74,1.0,16425,311,BLAp,BLA,170,left,0
16426,16427,3,6984.28,6103.7,2449.539999999999,1.0,16426,311,BLAp,BLA,170,left,0
16427,16428,3,6985.92,6105.62,2450.0200000000004,0.5,16427,311,BLAp,BLA,170,left,0
16428,16429,3,6988.46,6108.58,2450.1399999999994,1.0,16428,311,BLAp,BLA,170,left,0
16429,16430,3,6989.700000000001,6109.86,2450.76,0.58203125,16429,311,BLAp,BLA,170,left,0
16430,16431,3,6991.2,6111.84,2450.800000000001,1.0,16430,311,BLAp,BLA,170,left,0
16431,16432,3,6992.52,6113.48,2450.7000000000007,0.75,16431,311,BLAp,BLA,170,left,0
16432,16433,3,6994.26,6114.700000000001,2451.5,0.83203125,16432,311,BLAp,BLA,170,left,0
16433,16434,3,6995.639999999999,6116.16,2451.5599999999995,0.75,16433,311,BLAp,BLA,170,left,0
16434,16435,3,6998.06,6117.4400000000005,2452.5200000000004,1.0,16434,311,BLAp,BLA,170,left,0
16435,16436,3,7000.1,6118.339999999999,2453.22,1.0,16435,311,BLAp,BLA,170,left,0
16436,16437,3,7001.660000000001,6120.119999999999,2453.300000000001,1.0,16436,311,BLAp,BLA,170,left,0
16437,16438,3,7003.48,6120.96,2453.08,1.0,16437,311,BLAp,BLA,170,left,0
16438,16439,3,7007.26,6122.5,2452.6399999999994,0.01953125,16438,311,BLAp,BLA,170,left,0
16439,16440,3,7008.8,6124.0,2452.3600000000006,0.5,16439,311,BLAp,BLA,170,left,0
16440,16441,3,7010.879999999999,6125.839999999999,2451.92,0.5,16440,311,BLAp,BLA,170,left,0
16441,16442,3,7012.179999999999,6127.219999999999,2450.84,1.0,16441,311,BLAp,BLA,170,left,0
16442,16443,3,7015.18,6128.5,2449.539999999999,1.08203125,16442,311,BLAp,BLA,170,left,0
16443,16444,3,7016.7,6129.26,2448.58,0.75,16443,311,BLAp,BLA,170,left,0
16444,16445,3,7017.94,6130.839999999999,2448.26,0.75,16444,311,BLAp,BLA,170,left,0
16445,16446,3,7020.280000000001,6131.96,2447.98,1.0,16445,311,BLAp,BLA,170,left,0
16446,16447,3,7022.960000000001,6132.72,2447.74,0.83203125,16446,311,BLAp,BLA,170,left,0
16447,16448,3,7024.719999999999,6132.4,2448.26,1.33203125,16447,311,BLAp,BLA,170,left,0
16448,16449,3,7027.16,6132.86,2448.98,0.83203125,16448,311,BLAp,BLA,170,left,0
16449,16450,3,7028.46,6133.32,2449.76,0.5,16449,311,BLAp,BLA,170,left,0
16450,16451,3,7030.320000000001,6133.959999999999,2450.72,1.0,16450,311,BLAp,BLA,170,left,0
16451,16452,3,7032.06,6134.740000000001,2452.540000000001,0.58203125,16451,311,BLAp,BLA,170,left,0
16452,16453,3,7033.04,6136.0,2454.120000000001,0.5,16452,311,BLAp,BLA,170,left,0
16453,16454,3,7034.02,6136.620000000001,2456.84,1.08203125,16453,311,BLAp,BLA,170,left,0
16454,16455,3,7035.4,6137.06,2458.619999999999,1.0,16454,311,BLAp,BLA,170,left,0
16455,16456,3,7036.84,6137.54,2460.26,1.0,16455,311,BLAp,BLA,170,left,0
16456,16457,3,7037.46,6137.66,2463.459999999999,1.16796875,16456,311,BLAp,BLA,170,left,0
16457,16458,3,7037.820000000001,6137.7,2465.84,1.0,16457,311,BLAp,BLA,170,left,0
16458,16459,3,7038.8,6138.04,2466.5599999999995,1.0,16458,311,BLAp,BLA,170,left,1
16459,16460,3,6928.68,6083.86,2446.76,0.08203125,13028,303,BLAa,BLA,171,left,0
16460,16461,3,6928.88,6085.42,2447.98,1.41796875,16460,303,BLAa,BLA,171,left,0
16461,16462,3,6930.74,6089.34,2448.1399999999994,1.0,16461,303,BLAa,BLA,171,left,0
16462,16463,3,6931.599999999999,6092.12,2448.24,0.5,16462,303,BLAa,BLA,171,left,0
16463,16464,3,6932.619999999999,6092.92,2449.92,0.75,16463,303,BLAa,BLA,171,left,0
16464,16465,3,6934.120000000001,6093.84,2450.98,0.91796875,16464,303,BLAa,BLA,171,left,0
16465,16466,3,6934.62,6094.9400000000005,2452.1800000000003,1.08203125,16465,303,BLAa,BLA,171,left,0
16466,16467,3,6936.2,6096.599999999999,2452.84,1.25,16466,303,BLAa,BLA,171,left,0
16467,16468,3,6937.58,6098.400000000001,2453.619999999999,0.58203125,16467,303,BLAa,BLA,171,left,0
16468,16469,3,6938.42,6100.58,2454.4399999999987,0.58203125,16468,303,BLAa,BLA,171,left,0
16469,16470,3,6939.92,6102.200000000001,2455.24,1.0,16469,303,BLAa,BLA,171,left,0
16470,16471,3,6940.78,6103.48,2456.92,0.91796875,16470,303,BLAa,BLA,171,left,0
16471,16472,3,6942.32,6105.299999999999,2458.6000000000004,1.0,16471,303,BLAa,BLA,171,left,0
16472,16473,3,6944.539999999999,6106.78,2459.82,0.75,16472,303,BLAa,BLA,171,left,0
16473,16474,3,6945.9400000000005,6108.46,2460.6399999999994,1.0,16473,303,BLAa,BLA,171,left,0
16474,16475,3,6946.1,6110.16,2461.3,1.25,16474,303,BLAa,BLA,171,left,0
16475,16476,3,6946.92,6110.4,2462.9400000000005,0.10546875,16475,303,BLAa,BLA,171,left,0
16476,16477,3,6947.56,6110.5,2466.16,1.58203125,16476,303,BLAa,BLA,171,left,0
16477,16478,3,6947.68,6110.700000000001,2468.5599999999995,1.91796875,16477,303,BLAa,BLA,171,left,0
16478,16479,3,6948.06,6111.88,2469.24,0.5,16478,303,BLAa,BLA,171,left,0
16479,16480,3,6950.38,6113.02,2468.9400000000005,1.0,16479,303,BLAa,BLA,171,left,0
16480,16481,3,6952.3,6114.28,2468.66,0.75,16480,303,BLAa,BLA,171,left,0
16481,16482,3,6953.339999999999,6117.02,2468.42,0.91796875,16481,303,BLAa,BLA,171,left,0
16482,16483,3,6954.679999999999,6118.62,2469.220000000001,1.0,16482,303,BLAa,BLA,171,left,0
16483,16484,3,6956.219999999999,6120.24,2471.540000000001,0.91796875,16483,303,BLAa,BLA,171,left,0
16484,16485,3,6957.240000000001,6121.54,2472.4400000000005,0.83203125,16484,303,BLAa,BLA,171,left,0
16485,16486,3,6958.16,6122.0,2474.880000000001,0.83203125,16485,303,BLAa,BLA,171,left,0
16486,16487,3,6959.58,6123.08,2475.5200000000004,0.66796875,16486,303,BLAa,BLA,171,left,0
16487,16488,3,6960.92,6124.679999999999,2476.98,0.5,16487,303,BLAa,BLA,171,left,0
16488,16489,3,6962.3,6126.16,2477.9,0.91796875,16488,303,BLAa,BLA,171,left,0
16489,16490,3,6963.5,6126.96,2479.8600000000006,1.08203125,16489,303,BLAa,BLA,171,left,0
16490,16491,3,6964.62,6127.54,2481.08,1.0,16490,303,BLAa,BLA,171,left,0
16491,16492,3,6966.0,6129.099999999999,2482.2000000000007,0.5,16491,303,BLAa,BLA,171,left,0
16492,16493,3,6967.780000000001,6130.18,2483.279999999999,0.91796875,16492,303,BLAa,BLA,171,left,0
16493,16494,3,6968.9,6131.7,2483.4,0.75,16493,303,BLAa,BLA,171,left,0
16494,16495,3,6970.320000000001,6132.56,2484.3,1.0,16494,303,BLAa,BLA,171,left,0
16495,16496,3,6970.860000000001,6133.58,2485.58,1.0,16495,303,BLAa,BLA,171,left,0
16496,16497,3,6972.4400000000005,6134.76,2486.1000000000004,1.0,16496,303,BLAa,BLA,171,left,0
16497,16498,3,6974.2,6135.639999999999,2487.119999999999,0.5,16497,303,BLAa,BLA,171,left,0
16498,16499,3,6975.52,6137.179999999999,2488.2000000000007,0.58203125,16498,303,BLAa,BLA,171,left,0
16499,16500,3,6976.96,6137.88,2489.6000000000004,1.0,16499,303,BLAa,BLA,171,left,0
16500,16501,3,6979.08,6138.62,2491.16,1.0,16500,303,BLAa,BLA,171,left,0
16501,16502,3,6981.36,6139.44,2491.82,1.0,16501,303,BLAa,BLA,171,left,0
16502,16503,3,6982.84,6139.9400000000005,2493.0,0.75,16502,303,BLAa,BLA,171,left,0
16503,16504,3,6984.9,6140.68,2494.08,0.91796875,16503,303,BLAa,BLA,171,left,0
16504,16505,3,6986.280000000001,6140.74,2495.620000000001,0.58203125,16504,303,BLAa,BLA,171,left,0
16505,16506,3,6988.400000000001,6140.1,2498.6000000000004,1.0,16505,303,BLAa,BLA,171,left,0
16506,16507,3,6990.06,6139.66,2500.539999999999,0.66796875,16506,303,BLAa,BLA,171,left,0
16507,16508,3,6991.16,6139.539999999999,2503.3600000000006,1.0,16507,303,BLAa,BLA,171,left,0
16508,16509,3,6992.1,6139.82,2505.32,1.0,16508,303,BLAa,BLA,171,left,0
16509,16510,3,6992.52,6140.66,2507.74,0.91796875,16509,303,BLAa,BLA,171,left,0
16510,16511,3,6993.18,6141.599999999999,2509.619999999999,1.0,16510,303,BLAa,BLA,171,left,0
16511,16512,3,6993.66,6141.08,2512.720000000001,0.0546875,16511,303,BLAa,BLA,171,left,0
16512,16513,3,6994.22,6139.08,2515.92,0.5,16512,303,BLAa,BLA,171,left,0
16513,16514,3,6993.9400000000005,6137.759999999999,2518.279999999999,1.25,16513,303,BLAa,BLA,171,left,0
16514,16515,3,6994.120000000001,6136.24,2521.92,0.66796875,16514,303,BLAa,BLA,171,left,0
16515,16516,3,6993.92,6134.740000000001,2524.379999999999,0.5,16515,303,BLAa,BLA,171,left,0
16516,16517,3,6994.139999999999,6133.52,2528.8,1.08203125,16516,303,BLAa,BLA,171,left,0
16517,16518,3,6994.44,6133.48,2532.82,1.0,16517,303,BLAa,BLA,171,left,0
16518,16519,3,6994.66,6133.46,2535.5200000000004,1.16796875,16518,303,BLAa,BLA,171,left,0
16519,16520,3,6995.02,6133.52,2537.84,1.0,16519,303,BLAa,BLA,171,left,0
16520,16521,3,6996.219999999999,6133.9400000000005,2538.76,1.0,16520,303,BLAa,BLA,171,left,0
16521,16522,3,6997.32,6134.28,2541.0,1.0,16521,303,BLAa,BLA,171,left,0
16522,16523,3,6997.64,6134.26,2544.82,1.08203125,16522,303,BLAa,BLA,171,left,0
16523,16524,3,6997.9,6134.24,2548.16,1.5,16523,303,BLAa,BLA,171,left,0
16524,16525,3,6998.46,6134.62,2550.32,1.16796875,16524,303,BLAa,BLA,171,left,0
16525,16526,3,6998.76,6136.459999999999,2550.9400000000005,0.5,16525,303,BLAa,BLA,171,left,0
16526,16527,3,6998.62,6138.04,2552.76,1.0,16526,303,BLAa,BLA,171,left,0
16527,16528,3,6998.28,6140.22,2554.779999999999,1.0,16527,303,BLAa,BLA,171,left,0
16528,16529,3,6997.7,6141.459999999999,2556.3,0.5,16528,303,BLAa,BLA,171,left,0
16529,16530,3,6995.5,6142.02,2558.8,0.83203125,16529,303,BLAa,BLA,171,left,0
16530,16531,3,6994.56,6143.18,2560.5999999999985,1.16796875,16530,303,BLAa,BLA,171,left,0
16531,16532,3,6994.8,6144.679999999999,2562.4400000000005,0.06640625,16531,303,BLAa,BLA,171,left,0
16532,16533,3,6996.18,6145.54,2564.8,1.0,16532,303,BLAa,BLA,171,left,0
16533,16534,3,6997.68,6145.839999999999,2566.92,0.91796875,16533,303,BLAa,BLA,171,left,0
16534,16535,3,6998.82,6145.24,2568.84,0.66796875,16534,303,BLAa,BLA,171,left,0
16535,16536,3,6999.700000000001,6145.08,2570.92,1.0,16535,303,BLAa,BLA,171,left,0
16536,16537,3,7000.02,6144.38,2572.9400000000005,0.58203125,16536,303,BLAa,BLA,171,left,0
16537,16538,3,7000.52,6143.06,2575.26,0.58203125,16537,303,BLAa,BLA,171,left,0
16538,16539,3,7000.96,6142.16,2578.0,1.0,16538,303,BLAa,BLA,171,left,1
16539,16540,3,6946.4,6066.74,2448.4,0.0546875,13041,303,BLAa,BLA,172,left,0
16540,16541,3,6947.66,6067.1,2450.98,0.91796875,16540,303,BLAa,BLA,172,left,0
16541,16542,3,6948.959999999999,6067.54,2452.6399999999994,1.16796875,16541,303,BLAa,BLA,172,left,0
16542,16543,3,6950.42,6068.08,2453.2000000000007,1.0,16542,303,BLAa,BLA,172,left,0
16543,16544,3,6951.08,6068.26,2454.74,1.0,16543,303,BLAa,BLA,172,left,0
16544,16545,3,6951.42,6068.28,2457.16,1.58203125,16544,303,BLAa,BLA,172,left,0
16545,16546,3,6952.52,6068.6,2459.460000000001,1.25,16545,303,BLAa,BLA,172,left,0
16546,16547,3,6954.42,6069.26,2461.2800000000007,0.75,16546,303,BLAa,BLA,172,left,0
16547,16548,3,6955.54,6069.6,2463.0,1.66796875,16547,303,BLAa,BLA,172,left,0
16548,16549,3,6957.98,6070.48,2464.640000000001,1.16796875,16548,303,BLAa,BLA,172,left,0
16549,16550,3,6959.58,6070.74,2466.4,0.5,16549,303,BLAa,BLA,172,left,0
16550,16551,3,6960.5,6069.84,2468.1399999999994,1.0,16550,303,BLAa,BLA,172,left,0
16551,16552,3,6961.660000000001,6069.24,2469.9400000000005,1.08203125,16551,303,BLAa,BLA,172,left,0
16552,16553,3,6964.08,6069.34,2472.24,1.0,16552,303,BLAa,BLA,172,left,0
16553,16554,3,6965.700000000001,6069.9,2473.9,0.91796875,16553,303,BLAa,BLA,172,left,0
16554,16555,3,6967.54,6070.52,2475.92,1.0,16554,303,BLAa,BLA,172,left,0
16555,16556,3,6969.719999999999,6071.4,2477.0,0.5,16555,303,BLAa,BLA,172,left,0
16556,16557,3,6971.32,6072.86,2477.34,0.83203125,16556,303,BLAa,BLA,172,left,0
16557,16558,3,6972.72,6073.9400000000005,2479.24,1.0,16557,303,BLAa,BLA,172,left,0
16558,16559,3,6973.48,6074.700000000001,2481.900000000001,1.0,16558,303,BLAa,BLA,172,left,0
16559,16560,3,6974.02,6076.219999999999,2483.2000000000007,1.0,16559,303,BLAa,BLA,172,left,0
16560,16561,3,6975.119999999999,6078.12,2483.8600000000006,0.91796875,16560,303,BLAa,BLA,172,left,0
16561,16562,3,6977.36,6081.18,2484.2800000000007,0.83203125,16561,303,BLAa,BLA,172,left,0
16562,16563,3,6978.84,6083.139999999999,2485.24,0.75,16562,303,BLAa,BLA,172,left,0
16563,16564,3,6980.16,6084.299999999999,2487.4400000000005,1.0,16563,303,BLAa,BLA,172,left,0
16564,16565,3,6981.18,6084.400000000001,2490.3,0.83203125,16564,303,BLAa,BLA,172,left,0
16565,16566,3,6982.58,6083.88,2491.8,1.0,16565,303,BLAa,BLA,172,left,0
16566,16567,3,6984.08,6084.02,2492.720000000001,0.91796875,16566,303,BLAa,BLA,172,left,0
16567,16568,3,6985.66,6085.44,2493.82,0.05078125,16567,303,BLAa,BLA,172,left,0
16568,16569,3,6987.16,6086.639999999999,2496.0,0.58203125,16568,303,BLAa,BLA,172,left,0
16569,16570,3,6989.299999999999,6087.3,2496.66,0.58203125,16569,303,BLAa,BLA,172,left,0
16570,16571,3,6990.879999999999,6086.94,2497.4,0.58203125,16570,303,BLAa,BLA,172,left,0
16571,16572,3,6993.64,6086.900000000001,2498.34,1.0,16571,303,BLAa,BLA,172,left,0
16572,16573,3,6995.2,6086.52,2500.3,1.0,16572,303,BLAa,BLA,172,left,0
16573,16574,3,6997.780000000001,6087.34,2501.0599999999995,1.0,16573,303,BLAa,BLA,172,left,0
16574,16575,3,6999.52,6088.02,2500.8600000000006,1.0,16574,303,BLAa,BLA,172,left,1
16575,16576,3,6947.200000000001,6066.42,2446.459999999999,0.0546875,13041,303,BLAa,BLA,173,left,0
16576,16577,3,6949.78,6066.52,2447.1000000000004,1.25,16576,303,BLAa,BLA,173,left,0
16577,16578,3,6950.839999999999,6066.620000000001,2448.279999999999,0.91796875,16577,303,BLAa,BLA,173,left,0
16578,16579,3,6952.86,6066.1,2448.84,1.0,16578,303,BLAa,BLA,173,left,0
16579,16580,3,6955.18,6065.9400000000005,2448.9,0.83203125,16579,303,BLAa,BLA,173,left,0
16580,16581,3,6957.4400000000005,6066.02,2449.7000000000007,0.66796875,16580,303,BLAa,BLA,173,left,0
16581,16582,3,6959.28,6065.599999999999,2449.76,0.5,16581,303,BLAa,BLA,173,left,0
16582,16583,3,6961.72,6066.280000000001,2449.5,1.0,16582,303,BLAa,BLA,173,left,0
16583,16584,3,6964.400000000001,6067.32,2449.1800000000003,1.0,16583,303,BLAa,BLA,173,left,0
16584,16585,3,6966.660000000001,6068.08,2448.9400000000005,0.83203125,16584,303,BLAa,BLA,173,left,0
16585,16586,3,6968.52,6067.86,2448.82,1.0,16585,303,BLAa,BLA,173,left,0
16586,16587,3,6971.08,6068.32,2448.0200000000004,1.0,16586,303,BLAa,BLA,173,left,0
16587,16588,3,6972.56,6068.24,2447.16,1.08203125,16587,303,BLAa,BLA,173,left,0
16588,16589,3,6975.119999999999,6068.379999999999,2446.8600000000006,1.0,16588,311,BLAp,BLA,173,left,0
16589,16590,3,6976.860000000001,6069.06,2446.66,1.0,16589,311,BLAp,BLA,173,left,0
16590,16591,3,6978.4400000000005,6069.679999999999,2445.82,0.58203125,16590,311,BLAp,BLA,173,left,0
16591,16592,3,6980.16,6070.4,2444.3600000000006,0.58203125,16591,311,BLAp,BLA,173,left,0
16592,16593,3,6983.379999999999,6071.68,2443.1399999999994,1.0,16592,311,BLAp,BLA,173,left,0
16593,16594,3,6985.5,6072.52,2442.48,0.75,16593,311,BLAp,BLA,173,left,0
16594,16595,3,6987.6,6073.379999999999,2440.779999999999,0.58203125,16594,311,BLAp,BLA,173,left,0
16595,16596,3,6989.38,6074.139999999999,2438.8600000000006,1.16796875,16595,311,BLAp,BLA,173,left,0
16596,16597,3,6992.08,6075.2,2437.960000000001,1.25,16596,311,BLAp,BLA,173,left,0
16597,16598,3,6994.679999999999,6076.18,2437.5599999999995,1.25,16597,311,BLAp,BLA,173,left,0
16598,16599,3,6996.38,6076.860000000001,2436.540000000001,1.0,16598,311,BLAp,BLA,173,left,0
16599,16600,3,6998.4400000000005,6077.68,2435.620000000001,0.83203125,16599,311,BLAp,BLA,173,left,0
16600,16601,3,7000.1,6078.16,2434.42,0.91796875,16600,311,BLAp,BLA,173,left,0
16601,16602,3,7001.620000000001,6077.820000000001,2433.6000000000004,1.16796875,16601,311,BLAp,BLA,173,left,0
16602,16603,3,7003.400000000001,6078.099999999999,2432.6800000000003,1.0,16602,311,BLAp,BLA,173,left,0
16603,16604,3,7004.139999999999,6078.3,2431.459999999999,0.16796875,16603,311,BLAp,BLA,173,left,0
16604,16605,3,7005.62,6077.94,2431.1399999999994,0.5,16604,311,BLAp,BLA,173,left,0
16605,16606,3,7009.139999999999,6077.66,2430.58,1.25,16605,311,BLAp,BLA,173,left,0
16606,16607,3,7011.219999999999,6076.98,2429.619999999999,0.83203125,16606,311,BLAp,BLA,173,left,0
16607,16608,3,7013.66,6074.46,2429.16,0.83203125,16607,311,BLAp,BLA,173,left,0
16608,16609,3,7015.02,6072.799999999999,2428.1399999999994,0.58203125,16608,311,BLAp,BLA,173,left,0
16609,16610,3,7017.0,6071.82,2426.9399999999987,1.16796875,16609,311,BLAp,BLA,173,left,0
16610,16611,3,7019.24,6071.799999999999,2426.119999999999,1.41796875,16610,311,BLAp,BLA,173,left,0
16611,16612,3,7020.42,6071.82,2424.26,1.16796875,16611,311,BLAp,BLA,173,left,0
16612,16613,3,7021.36,6070.44,2422.58,1.25,16612,311,BLAp,BLA,173,left,0
16613,16614,3,7023.18,6069.34,2420.6800000000003,1.08203125,16613,311,BLAp,BLA,173,left,0
16614,16615,3,7024.42,6067.619999999999,2418.7800000000007,0.75,16614,311,BLAp,BLA,173,left,0
16615,16616,3,7026.08,6066.52,2417.42,0.58203125,16615,311,BLAp,BLA,173,left,0
16616,16617,3,7026.88,6065.08,2415.98,0.91796875,16616,311,BLAp,BLA,173,left,0
16617,16618,3,7028.04,6063.3,2413.8600000000006,1.0,16617,311,BLAp,BLA,173,left,0
16618,16619,3,7028.48,6062.06,2412.4,0.5,16618,311,BLAp,BLA,173,left,0
16619,16620,3,7029.42,6062.200000000001,2411.6399999999994,1.0,16619,311,BLAp,BLA,173,left,1
