,ID,type,AP,DV,ML,R,parent,area_ID,area_name,name_use,bratch_ID,side,terminal
0,1,1,6359.18,5995.02,2431.08,3.91796875,-1,303,BLAa,BLA,1,left,0
45,46,3,6362.88,5996.660000000001,2431.4400000000005,0.07421875,1,303,BLAa,BLA,2,left,0
46,47,3,6364.740000000001,5997.4800000000005,2431.6399999999994,2.75,46,303,BLAa,BLA,2,left,0
47,48,3,6365.599999999999,5999.22,2431.540000000001,2.83203125,47,303,BLAa,BLA,2,left,0
48,49,3,6364.76,6001.34,2431.119999999999,4.33203125,48,303,BLAa,BLA,2,left,0
49,50,3,6365.599999999999,6003.8,2430.92,4.58203125,49,303,BLAa,BLA,2,left,0
50,51,3,6367.799999999999,6004.86,2431.540000000001,3.41796875,50,303,BLAa,BLA,2,left,0
51,52,3,6368.52,6005.08,2434.539999999999,1.41796875,51,303,BLAa,BLA,2,left,0
52,53,3,6368.46,6005.02,2437.1000000000004,0.02734375,52,303,BLAa,BLA,2,left,0
53,54,3,6366.76,6005.259999999999,2439.0599999999995,0.83203125,53,303,BLAa,BLA,2,left,0
54,55,3,6363.5,5996.94,2431.5200000000004,0.05078125,1,303,BLAa,BLA,3,left,0
55,56,3,6366.92,5998.46,2431.8600000000006,3.66796875,55,303,BLAa,BLA,3,left,0
56,57,3,6370.34,5999.96,2432.2000000000007,4.08203125,56,303,BLAa,BLA,3,left,0
57,58,3,6372.86,6001.0,2432.960000000001,3.25,57,303,BLAa,BLA,3,left,0
58,59,3,6375.16,6000.92,2434.84,0.00390625,58,303,BLAa,BLA,3,left,0
59,60,3,6376.38,6000.0,2437.380000000001,0.04296875,59,303,BLAa,BLA,3,left,0
60,61,3,6377.219999999999,5998.360000000001,2440.3599999999988,1.0,60,303,BLAa,BLA,3,left,0
61,62,3,6377.98,5997.240000000001,2442.1000000000004,0.83203125,61,303,BLAa,BLA,3,left,0
62,63,3,6379.02,5997.4400000000005,2442.8599999999988,1.0,62,303,BLAa,BLA,3,left,0
63,64,3,6359.9400000000005,5995.4,2430.08,0.65234375,1,303,BLAa,BLA,4,left,0
64,65,3,6360.98,5996.7,2429.8600000000006,3.0,64,303,BLAa,BLA,4,left,0
65,66,3,6360.36,5998.9400000000005,2429.460000000001,2.16796875,65,303,BLAa,BLA,4,left,0
66,67,3,6359.9800000000005,6001.2,2429.1000000000004,2.75,66,303,BLAa,BLA,4,left,0
67,68,3,6362.32,6002.5,2429.3,3.33203125,67,303,BLAa,BLA,4,left,0
68,69,3,6365.68,6003.9800000000005,2429.619999999999,4.66796875,68,303,BLAa,BLA,4,left,0
69,70,3,6369.120000000001,6005.52,2429.98,4.33203125,69,303,BLAa,BLA,4,left,0
70,71,3,6372.54,6007.039999999999,2430.32,3.75,70,303,BLAa,BLA,4,left,0
71,72,3,6375.38,6008.3,2430.5600000000013,0.04296875,71,303,BLAa,BLA,4,left,0
72,73,3,6377.84,6009.64,2430.26,0.5,72,303,BLAa,BLA,4,left,0
73,74,3,6378.780000000001,6010.36,2430.220000000001,0.5,73,303,BLAa,BLA,4,left,0
74,75,3,6379.719999999999,6011.1,2430.1800000000003,0.5,74,303,BLAa,BLA,4,left,0
75,76,3,6380.66,6011.82,2430.1399999999994,0.5,75,303,BLAa,BLA,4,left,0
76,77,3,6359.360000000001,5995.2,2428.24,0.21875,1,303,BLAa,BLA,5,left,0
77,78,3,6359.9,5995.52,2426.24,8.16796875,77,303,BLAa,BLA,5,left,0
78,79,3,6362.34,5996.599999999999,2426.2800000000007,7.25,78,303,BLAa,BLA,5,left,0
79,80,3,6365.700000000001,5998.08,2426.6000000000004,7.25,79,303,BLAa,BLA,5,left,0
80,81,3,6369.120000000001,5999.6,2426.9399999999987,7.83203125,80,303,BLAa,BLA,5,left,0
81,82,3,6372.56,6001.12,2427.279999999999,6.91796875,81,303,BLAa,BLA,5,left,0
82,83,3,6375.98,6002.66,2427.619999999999,6.41796875,82,303,BLAa,BLA,5,left,0
83,84,3,6378.8,6003.9,2427.9,5.25,83,303,BLAa,BLA,5,left,0
84,85,3,6380.74,6004.26,2428.16,4.16796875,84,303,BLAa,BLA,5,left,0
85,86,3,6382.84,6002.06,2427.6399999999994,2.5,85,303,BLAa,BLA,5,left,0
86,87,3,6384.26,6000.74,2426.34,2.08203125,86,303,BLAa,BLA,5,left,0
87,88,3,6385.54,5999.740000000001,2425.7000000000007,1.5,87,303,BLAa,BLA,5,left,0
88,89,3,6387.3,5999.42,2426.0200000000004,1.0,88,303,BLAa,BLA,5,left,0
89,90,3,6388.68,5997.74,2426.48,0.0078125,89,303,BLAa,BLA,5,left,0
90,91,3,6390.08,5997.32,2426.8,0.0546875,90,303,BLAa,BLA,5,left,0
91,92,3,6392.1,5994.82,2427.279999999999,0.91796875,91,303,BLAa,BLA,5,left,0
92,93,3,6393.7,5993.9,2426.879999999999,1.16796875,92,303,BLAa,BLA,5,left,0
93,94,3,6395.42,5992.36,2426.5200000000004,1.0,93,303,BLAa,BLA,5,left,0
94,95,3,6397.36,5991.860000000001,2425.76,0.91796875,94,303,BLAa,BLA,5,left,0
95,96,3,6399.120000000001,5990.839999999999,2424.539999999999,0.58203125,95,303,BLAa,BLA,5,left,0
96,97,3,6401.18,5991.08,2423.5599999999995,1.16796875,96,303,BLAa,BLA,5,left,0
97,98,3,6403.58,5989.880000000001,2422.76,0.5,97,303,BLAa,BLA,5,left,0
98,99,3,6405.34,5989.22,2421.8600000000006,0.91796875,98,303,BLAa,BLA,5,left,0
99,100,3,6407.759999999999,5989.18,2421.74,1.0,99,303,BLAa,BLA,5,left,0
100,101,3,6410.4,5988.5,2422.26,1.0,100,303,BLAa,BLA,5,left,0
101,102,3,6413.099999999999,5988.099999999999,2422.32,0.91796875,101,303,BLAa,BLA,5,left,0
102,103,3,6414.400000000001,5987.52,2421.84,1.16796875,102,303,BLAa,BLA,5,left,0
103,104,3,6416.620000000001,5986.84,2422.1800000000003,0.75,103,303,BLAa,BLA,5,left,0
104,105,3,6418.8,5986.599999999999,2422.5599999999995,1.0,104,303,BLAa,BLA,5,left,0
105,106,3,6420.54,5986.799999999999,2422.6000000000004,0.83203125,105,303,BLAa,BLA,5,left,0
106,107,3,6421.12,5987.1,2421.58,1.0,106,303,BLAa,BLA,5,left,0
107,108,3,6359.360000000001,5995.16,2429.379999999999,0.65234375,1,303,BLAa,BLA,6,left,0
108,109,3,6359.34,5995.259999999999,2426.4400000000005,13.5,108,303,BLAa,BLA,6,left,0
109,110,3,6359.28,5995.34,2423.3600000000006,15.58203125,109,303,BLAa,BLA,6,left,0
110,111,3,6359.46,5994.9800000000005,2421.5,11.58203125,110,303,BLAa,BLA,6,left,0
111,112,3,6360.8,5992.12,2421.540000000001,10.58203125,111,303,BLAa,BLA,6,left,0
112,113,3,6362.54,5988.4400000000005,2422.32,10.33203125,112,303,BLAa,BLA,6,left,0
113,114,3,6364.0,5985.38,2422.960000000001,9.25,113,303,BLAa,BLA,6,left,0
114,115,3,6365.0,5983.26,2422.960000000001,8.08203125,114,303,BLAa,BLA,6,left,0
115,116,3,6366.14,5980.82,2421.0599999999995,9.33203125,115,303,BLAa,BLA,6,left,0
116,117,3,6367.08,5979.04,2419.66,6.66796875,116,303,BLAa,BLA,6,left,0
117,118,3,6368.3,5978.56,2419.040000000001,5.08203125,117,303,BLAa,BLA,6,left,0
118,119,3,6370.82,5977.960000000001,2417.76,0.01953125,118,303,BLAa,BLA,6,left,0
119,120,3,6373.08,5977.28,2417.1800000000003,0.5,119,303,BLAa,BLA,6,left,0
120,121,3,6373.68,5976.52,2416.58,0.5,120,303,BLAa,BLA,6,left,0
121,122,3,6374.52,5974.679999999999,2414.74,0.01953125,121,303,BLAa,BLA,6,left,0
122,123,3,6375.76,5972.0,2413.98,1.0,122,303,BLAa,BLA,6,left,0
123,124,3,6376.54,5970.34,2414.34,1.08203125,123,303,BLAa,BLA,6,left,0
124,125,3,6359.58,5994.06,2429.539999999999,0.328125,1,303,BLAa,BLA,7,left,0
125,126,3,6358.92,5992.219999999999,2427.8,5.75,125,303,BLAa,BLA,7,left,0
126,127,3,6358.66,5990.839999999999,2425.539999999999,9.58203125,126,303,BLAa,BLA,7,left,0
127,128,3,6358.959999999999,5990.18,2423.48,9.58203125,127,303,BLAa,BLA,7,left,0
128,129,3,6360.320000000001,5987.32,2423.379999999999,9.16796875,128,303,BLAa,BLA,7,left,0
129,130,3,6362.06,5983.66,2424.16,7.66796875,129,303,BLAa,BLA,7,left,0
130,131,3,6363.52,5980.599999999999,2424.82,7.16796875,130,303,BLAa,BLA,7,left,0
131,132,3,6364.8,5977.98,2425.4,0.00390625,131,303,BLAa,BLA,7,left,0
132,133,3,6366.599999999999,5975.460000000001,2426.1399999999994,0.04296875,132,303,BLAa,BLA,7,left,0
133,134,3,6366.639999999999,5973.82,2427.48,1.08203125,133,303,BLAa,BLA,7,left,0
134,135,3,6366.38,5971.92,2429.34,1.0,134,303,BLAa,BLA,7,left,0
135,136,3,6364.92,5969.58,2430.72,1.5,135,303,BLAa,BLA,7,left,0
136,137,3,6364.84,5967.94,2432.0,1.5,136,303,BLAa,BLA,7,left,0
137,138,3,6364.44,5967.200000000001,2434.040000000001,1.0,137,303,BLAa,BLA,7,left,0
138,139,3,6359.24,5995.14,2428.379999999999,0.21875,1,303,BLAa,BLA,8,left,0
139,140,3,6357.32,5994.34,2427.039999999999,5.33203125,139,303,BLAa,BLA,8,left,0
140,141,3,6355.42,5993.5,2426.42,5.5,140,303,BLAa,BLA,8,left,0
141,142,3,6355.08,5992.56,2424.8,8.41796875,141,303,BLAa,BLA,8,left,0
142,143,3,6356.06,5990.5,2424.82,7.5,142,303,BLAa,BLA,8,left,0
143,144,3,6357.0,5988.5,2424.6000000000004,8.0,143,303,BLAa,BLA,8,left,0
144,145,3,6357.179999999999,5988.12,2423.4,9.25,144,303,BLAa,BLA,8,left,0
145,146,3,6358.12,5986.14,2423.1800000000003,8.66796875,145,303,BLAa,BLA,8,left,0
146,147,3,6359.46,5983.32,2423.8,8.33203125,146,303,BLAa,BLA,8,left,0
147,148,3,6359.9800000000005,5981.26,2424.16,7.16796875,147,303,BLAa,BLA,8,left,0
148,149,3,6357.619999999999,5979.539999999999,2424.0200000000004,7.33203125,148,303,BLAa,BLA,8,left,0
149,150,3,6354.28,5978.06,2423.66,6.66796875,149,303,BLAa,BLA,8,left,0
150,151,3,6351.4800000000005,5976.799999999999,2423.379999999999,5.0,150,303,BLAa,BLA,8,left,0
151,152,3,6349.539999999999,5976.0,2423.2000000000007,0.08203125,151,303,BLAa,BLA,8,left,0
152,153,3,6347.58,5975.42,2423.0600000000013,0.5,152,303,BLAa,BLA,8,left,0
153,154,3,6345.56,5974.2,2422.7800000000007,0.02734375,153,303,BLAa,BLA,8,left,0
154,155,3,6343.32,5973.84,2422.459999999999,2.08203125,154,303,BLAa,BLA,8,left,0
155,156,3,6341.36,5974.099999999999,2422.1000000000004,1.25,155,303,BLAa,BLA,8,left,0
156,157,3,6338.9800000000005,5974.6,2420.9400000000005,1.5,156,303,BLAa,BLA,8,left,0
157,158,3,6337.6,5974.9800000000005,2420.119999999999,1.16796875,157,303,BLAa,BLA,8,left,0
158,159,3,6359.04,5995.879999999999,2428.82,0.21875,1,303,BLAa,BLA,9,left,0
159,160,3,6357.98,5998.139999999999,2427.92,7.08203125,159,303,BLAa,BLA,9,left,0
160,161,3,6356.52,6000.72,2427.32,2.41796875,160,303,BLAa,BLA,9,left,0
161,162,3,6354.76,6000.700000000001,2427.039999999999,2.0,161,303,BLAa,BLA,9,left,0
162,163,3,6352.219999999999,6000.36,2426.6800000000003,3.08203125,162,303,BLAa,BLA,9,left,0
163,164,3,6350.460000000001,6001.98,2426.1800000000003,1.25,163,303,BLAa,BLA,9,left,0
164,165,3,6349.120000000001,6002.72,2426.5,2.41796875,164,303,BLAa,BLA,9,left,0
165,166,3,6359.360000000001,5995.16,2429.24,0.65234375,1,303,BLAa,BLA,10,left,0
166,167,3,6359.360000000001,5995.24,2426.960000000001,12.25,166,303,BLAa,BLA,10,left,0
167,168,3,6360.24,5995.78,2424.92,8.91796875,167,303,BLAa,BLA,10,left,0
168,169,3,6361.54,5997.200000000001,2424.779999999999,7.91796875,168,303,BLAa,BLA,10,left,0
169,170,3,6363.88,5998.9400000000005,2424.92,9.16796875,169,303,BLAa,BLA,10,left,0
170,171,3,6364.719999999999,6001.4,2424.72,11.25,170,303,BLAa,BLA,10,left,0
171,172,3,6363.540000000001,6003.86,2424.199999999999,12.5,171,303,BLAa,BLA,10,left,0
172,173,3,6361.78,6007.6,2423.42,8.33203125,172,303,BLAa,BLA,10,left,0
173,174,3,6360.04,6011.280000000001,2422.66,4.25,173,303,BLAa,BLA,10,left,0
174,175,3,6358.7,6014.2,2422.0599999999995,0.08203125,174,303,BLAa,BLA,10,left,0
175,176,3,6358.04,6016.1,2421.7800000000007,0.5,175,303,BLAa,BLA,10,left,0
412,413,3,6364.9800000000005,6004.82,2439.6000000000004,1.0,54,303,BLAa,BLA,13,left,0
413,414,3,6364.2,6005.62,2441.0200000000004,0.11328125,413,303,BLAa,BLA,13,left,0
414,415,3,6363.08,6007.26,2442.3600000000006,0.91796875,414,303,BLAa,BLA,13,left,0
415,416,3,6361.1,6007.94,2443.5200000000004,1.08203125,415,303,BLAa,BLA,13,left,0
416,417,3,6359.38,6009.28,2444.92,1.16796875,416,303,BLAa,BLA,13,left,0
417,418,3,6357.42,6009.9800000000005,2445.5999999999985,1.25,417,303,BLAa,BLA,13,left,0
418,419,3,6356.2,6010.82,2447.0,0.66796875,418,303,BLAa,BLA,13,left,0
419,420,3,6355.66,6012.0,2449.1800000000003,0.66796875,419,303,BLAa,BLA,13,left,0
420,421,3,6366.42,6004.120000000001,2438.7800000000007,0.08984375,54,303,BLAa,BLA,14,left,0
421,422,3,6364.719999999999,6003.099999999999,2439.34,0.58203125,421,303,BLAa,BLA,14,left,0
422,423,3,6362.84,6001.0,2440.2000000000007,2.91796875,422,303,BLAa,BLA,14,left,0
423,424,3,6362.759999999999,5999.82,2441.5200000000004,2.08203125,423,303,BLAa,BLA,14,left,0
424,425,3,6362.86,5999.22,2443.98,1.5,424,303,BLAa,BLA,14,left,0
425,426,3,6362.0,5998.76,2446.1800000000003,1.33203125,425,303,BLAa,BLA,14,left,0
426,427,3,6360.56,5998.04,2448.279999999999,1.0,426,303,BLAa,BLA,14,left,0
427,428,3,6359.18,5996.860000000001,2448.7800000000007,0.91796875,427,303,BLAa,BLA,14,left,0
428,429,3,6359.139999999999,5995.98,2449.74,1.0,428,303,BLAa,BLA,14,left,0
429,430,3,6359.719999999999,5994.6,2452.119999999999,0.0546875,429,303,BLAa,BLA,14,left,0
430,431,3,6359.56,5992.5,2453.84,0.91796875,430,303,BLAa,BLA,14,left,0
431,432,3,6357.960000000001,5990.22,2455.16,0.75,431,303,BLAa,BLA,14,left,0
432,433,3,6356.82,5988.5,2456.2000000000007,0.5,432,303,BLAa,BLA,14,left,0
433,434,3,6355.02,5986.18,2458.279999999999,1.0,433,303,BLAa,BLA,14,left,0
434,435,3,6353.8,5984.78,2459.8600000000006,1.0,434,303,BLAa,BLA,14,left,0
435,436,3,6351.900000000001,5982.5,2461.8,1.16796875,435,303,BLAa,BLA,14,left,0
436,437,3,6351.459999999999,5981.26,2462.92,1.0,436,303,BLAa,BLA,14,left,0
437,438,3,6351.799999999999,5980.18,2464.84,0.91796875,437,303,BLAa,BLA,14,left,0
438,439,3,6352.02,5979.78,2466.84,0.5,438,303,BLAa,BLA,14,left,0
439,440,3,6351.82,5978.66,2468.0200000000004,0.75,439,303,BLAa,BLA,14,left,0
440,441,3,6350.4,5977.72,2469.5200000000004,1.0,440,303,BLAa,BLA,14,left,0
441,442,3,6348.68,5976.16,2472.7800000000007,1.5,441,303,BLAa,BLA,14,left,0
442,443,3,6347.66,5974.880000000001,2474.6000000000004,1.0,442,303,BLAa,BLA,14,left,0
443,444,3,6346.660000000001,5974.299999999999,2477.2000000000007,1.0,443,303,BLAa,BLA,14,left,0
444,445,3,6345.54,5973.400000000001,2478.8,0.66796875,444,303,BLAa,BLA,14,left,0
445,446,3,6344.58,5972.0,2479.92,0.75,445,303,BLAa,BLA,14,left,0
446,447,3,6342.74,5970.54,2481.98,0.5,446,303,BLAa,BLA,14,left,0
447,448,3,6341.38,5968.9400000000005,2483.08,0.91796875,447,303,BLAa,BLA,14,left,0
448,449,3,6339.400000000001,5966.72,2484.58,0.5,448,303,BLAa,BLA,14,left,0
449,450,3,6338.780000000001,5965.119999999999,2486.1000000000004,0.66796875,449,303,BLAa,BLA,14,left,0
450,451,3,6337.3,5963.12,2487.34,1.0,450,303,BLAa,BLA,14,left,0
451,452,3,6336.94,5961.26,2489.26,1.25,451,303,BLAa,BLA,14,left,0
452,453,3,6336.620000000001,5959.880000000001,2491.32,0.66796875,452,303,BLAa,BLA,14,left,0
453,454,3,6336.459999999999,5958.84,2492.7000000000007,0.5,453,303,BLAa,BLA,14,left,0
454,455,3,6335.280000000001,5957.6,2493.32,0.66796875,454,303,BLAa,BLA,14,left,0
455,456,3,6334.96,5956.32,2494.9400000000005,0.5,455,303,BLAa,BLA,14,left,0
456,457,3,6334.08,5954.76,2496.5,0.83203125,456,303,BLAa,BLA,14,left,0
457,458,3,6333.18,5954.08,2498.48,1.0,457,303,BLAa,BLA,14,left,0
458,459,3,6332.92,5953.66,2500.1800000000003,0.5,458,303,BLAa,BLA,14,left,0
459,460,3,6332.619999999999,5952.4,2501.26,0.66796875,459,303,BLAa,BLA,14,left,0
460,461,3,6330.9400000000005,5951.26,2502.42,0.5,460,303,BLAa,BLA,14,left,0
461,462,3,6330.44,5950.08,2503.880000000001,0.91796875,461,303,BLAa,BLA,14,left,0
462,463,3,6329.02,5948.32,2505.879999999999,1.16796875,462,303,BLAa,BLA,14,left,0
463,464,3,6328.64,5946.58,2508.459999999999,1.5,463,303,BLAa,BLA,14,left,0
464,465,3,6328.18,5945.52,2510.4400000000005,1.0,464,303,BLAa,BLA,14,left,0
465,466,3,6328.18,5944.299999999999,2511.8600000000006,0.0546875,465,303,BLAa,BLA,14,left,0
466,467,3,6326.72,5942.84,2513.22,0.91796875,466,303,BLAa,BLA,14,left,0
467,468,3,6326.040000000001,5941.54,2514.34,0.91796875,467,303,BLAa,BLA,14,left,0
468,469,3,6325.2,5939.8,2515.9,0.5,468,303,BLAa,BLA,14,left,0
469,470,3,6324.66,5938.360000000001,2517.5599999999995,1.0,469,303,BLAa,BLA,14,left,0
470,471,3,6324.5,5936.599999999999,2519.5599999999995,0.75,470,303,BLAa,BLA,14,left,0
471,472,3,6324.82,5935.48,2521.66,0.83203125,471,303,BLAa,BLA,14,left,0
472,473,3,6324.120000000001,5933.719999999999,2523.1800000000003,0.58203125,472,303,BLAa,BLA,14,left,0
473,474,3,6323.0,5931.24,2524.7000000000007,1.0,473,303,BLAa,BLA,14,left,0
474,475,3,6321.799999999999,5929.64,2524.6800000000003,1.0,474,303,BLAa,BLA,14,left,0
475,476,3,6321.1,5927.92,2525.48,1.08203125,475,303,BLAa,BLA,14,left,0
476,477,3,6320.82,5925.92,2526.6800000000003,0.5,476,303,BLAa,BLA,14,left,0
477,478,3,6320.68,5922.74,2528.7800000000007,0.83203125,477,303,BLAa,BLA,14,left,0
478,479,3,6320.460000000001,5920.72,2530.08,0.5,478,303,BLAa,BLA,14,left,0
479,480,3,6319.34,5919.24,2530.779999999999,1.16796875,479,303,BLAa,BLA,14,left,0
480,481,3,6319.400000000001,5917.759999999999,2531.82,0.58203125,480,303,BLAa,BLA,14,left,0
481,482,3,6318.56,5916.34,2533.300000000001,0.5,481,303,BLAa,BLA,14,left,0
482,483,3,6317.88,5914.58,2535.119999999999,0.75,482,303,BLAa,BLA,14,left,0
483,484,3,6316.42,5912.36,2536.699999999999,1.0,483,303,BLAa,BLA,14,left,0
484,485,3,6316.24,5912.039999999999,2538.66,1.16796875,484,303,BLAa,BLA,14,left,0
485,486,3,6316.2,5910.879999999999,2539.9400000000005,0.91796875,485,303,BLAa,BLA,14,left,0
486,487,3,6314.9,5909.56,2540.5600000000013,1.33203125,486,303,BLAa,BLA,14,left,0
487,488,3,6313.9800000000005,5907.66,2541.3,0.5,487,303,BLAa,BLA,14,left,0
488,489,3,6314.2,5905.900000000001,2542.5,0.91796875,488,303,BLAa,BLA,14,left,0
489,490,3,6314.400000000001,5903.0,2543.1800000000003,0.83203125,489,303,BLAa,BLA,14,left,0
490,491,3,6314.26,5900.52,2544.1000000000004,0.5,490,303,BLAa,BLA,14,left,0
491,492,3,6313.28,5898.08,2544.8,0.58203125,491,303,BLAa,BLA,14,left,0
492,493,3,6312.3,5896.54,2545.539999999999,0.91796875,492,303,BLAa,BLA,14,left,0
493,494,3,6311.2,5894.880000000001,2546.8600000000006,0.5,493,303,BLAa,BLA,14,left,0
494,495,3,6309.56,5893.4400000000005,2547.34,0.5,494,303,BLAa,BLA,14,left,0
495,496,3,6309.0,5891.58,2548.58,0.83203125,495,303,BLAa,BLA,14,left,0
496,497,3,6308.26,5889.24,2550.1000000000004,1.0,496,303,BLAa,BLA,14,left,0
497,498,3,6307.4,5888.3,2550.779999999999,1.0,497,303,BLAa,BLA,14,left,0
498,499,3,6305.56,5887.46,2551.7800000000007,1.0,498,303,BLAa,BLA,14,left,0
499,500,3,6303.92,5886.52,2553.0,0.5,499,303,BLAa,BLA,14,left,0
500,501,3,6302.4400000000005,5884.9,2553.6000000000004,0.5,500,303,BLAa,BLA,14,left,0
501,502,3,6300.52,5883.66,2554.779999999999,0.66796875,501,303,BLAa,BLA,14,left,0
502,503,3,6298.24,5883.12,2556.459999999999,0.91796875,502,303,BLAa,BLA,14,left,0
503,504,3,6296.38,5883.16,2557.32,0.91796875,503,303,BLAa,BLA,14,left,0
504,505,3,6295.4,5882.799999999999,2558.540000000001,1.0,504,303,BLAa,BLA,14,left,0
505,506,3,6293.66,5882.039999999999,2558.8600000000006,0.0546875,505,303,BLAa,BLA,14,left,0
506,507,3,6292.66,5881.54,2560.4,0.5,506,303,BLAa,BLA,14,left,0
507,508,3,6291.18,5880.879999999999,2561.2800000000007,0.91796875,507,303,BLAa,BLA,14,left,0
508,509,3,6289.76,5879.400000000001,2562.0200000000004,1.0,508,303,BLAa,BLA,14,left,0
509,510,3,6288.719999999999,5878.200000000001,2563.0600000000013,1.0,509,303,BLAa,BLA,14,left,0
510,511,3,6288.0,5876.92,2564.1000000000004,0.58203125,510,303,BLAa,BLA,14,left,0
511,512,3,6286.660000000001,5874.400000000001,2564.24,0.75,511,303,BLAa,BLA,14,left,0
512,513,3,6286.32,5871.92,2564.5,0.58203125,512,303,BLAa,BLA,14,left,0
513,514,3,6286.68,5868.56,2565.32,0.5,513,303,BLAa,BLA,14,left,0
514,515,3,6285.48,5867.14,2566.040000000001,1.0,514,303,BLAa,BLA,14,left,0
515,516,3,6285.08,5865.06,2566.380000000001,0.75,515,303,BLAa,BLA,14,left,0
516,517,3,6284.099999999999,5863.7,2566.92,0.5,516,303,BLAa,BLA,14,left,0
517,518,3,6284.32,5862.32,2568.5,1.75,517,303,BLAa,BLA,14,left,0
518,519,3,6283.7,5860.2,2570.26,0.75,518,303,BLAa,BLA,14,left,0
519,520,3,6283.0,5858.4400000000005,2571.3,0.83203125,519,303,BLAa,BLA,14,left,0
520,521,3,6281.98,5856.32,2572.9,0.75,520,303,BLAa,BLA,14,left,0
521,522,3,6280.76,5854.46,2573.2000000000007,0.75,521,303,BLAa,BLA,14,left,0
522,523,3,6279.62,5851.599999999999,2574.6000000000004,1.25,522,303,BLAa,BLA,14,left,0
523,524,3,6279.26,5849.18,2576.0599999999995,1.0,523,303,BLAa,BLA,14,left,0
524,525,3,6278.76,5847.219999999999,2576.92,0.75,524,303,BLAa,BLA,14,left,0
525,526,3,6277.34,5844.539999999999,2577.7000000000007,1.08203125,525,303,BLAa,BLA,14,left,0
526,527,3,6276.38,5843.099999999999,2578.5,0.5,526,303,BLAa,BLA,14,left,0
527,528,3,6275.700000000001,5841.2,2579.72,1.08203125,527,303,BLAa,BLA,14,left,0
528,529,3,6275.599999999999,5840.1,2581.4400000000005,1.0,528,303,BLAa,BLA,14,left,0
529,530,3,6274.700000000001,5839.44,2583.58,1.5,529,303,BLAa,BLA,14,left,0
530,531,3,6272.98,5838.719999999999,2583.76,1.08203125,530,303,BLAa,BLA,14,left,1
531,532,3,6381.12,5992.960000000001,2443.82,0.01171875,63,303,BLAa,BLA,15,left,0
532,533,3,6382.4400000000005,5989.96,2444.4399999999987,1.0,532,303,BLAa,BLA,15,left,0
533,534,3,6382.6,5987.74,2444.779999999999,1.0,533,303,BLAa,BLA,15,left,0
534,535,3,6382.7,5984.82,2445.1800000000003,1.0,534,303,BLAa,BLA,15,left,0
535,536,3,6383.540000000001,5981.98,2445.72,1.0,535,303,BLAa,BLA,15,left,0
536,537,3,6380.76,5998.18,2443.9,0.08203125,63,303,BLAa,BLA,16,left,0
537,538,3,6383.6,5999.28,2444.619999999999,0.91796875,537,303,BLAa,BLA,16,left,0
538,539,3,6385.72,5999.32,2444.959999999999,0.58203125,538,303,BLAa,BLA,16,left,0
539,540,3,6388.4400000000005,6000.04,2445.220000000001,1.0,539,303,BLAa,BLA,16,left,0
540,541,3,6390.460000000001,6000.96,2444.619999999999,0.58203125,540,303,BLAa,BLA,16,left,0
541,542,3,6393.02,6002.14,2443.959999999999,0.58203125,541,303,BLAa,BLA,16,left,0
542,543,3,6394.62,6002.88,2443.26,1.0,542,303,BLAa,BLA,16,left,0
543,544,3,6396.639999999999,6003.62,2442.380000000001,1.0,543,303,BLAa,BLA,16,left,0
544,545,3,6398.379999999999,6003.5,2441.98,1.16796875,544,303,BLAa,BLA,16,left,0
545,546,3,6400.839999999999,6004.06,2440.8600000000006,1.0,545,303,BLAa,BLA,16,left,0
546,547,3,6402.94,6003.92,2439.460000000001,0.91796875,546,303,BLAa,BLA,16,left,0
547,548,3,6404.84,6003.82,2438.1399999999994,1.25,547,303,BLAa,BLA,16,left,0
548,549,3,6407.4,6003.959999999999,2436.76,0.5,548,303,BLAa,BLA,16,left,0
549,550,3,6408.62,6003.64,2435.66,0.5,549,303,BLAa,BLA,16,left,0
550,551,3,6410.839999999999,6004.46,2434.619999999999,1.0,550,303,BLAa,BLA,16,left,0
551,552,3,6413.360000000001,6005.48,2433.959999999999,0.5,551,303,BLAa,BLA,16,left,0
552,553,3,6414.2,6004.880000000001,2433.459999999999,1.0,552,303,BLAa,BLA,16,left,0
553,554,3,6415.860000000001,6005.299999999999,2433.58,0.16796875,553,303,BLAa,BLA,16,left,0
554,555,3,6418.52,6006.42,2433.82,1.0,554,303,BLAa,BLA,16,left,0
555,556,3,6421.280000000001,6007.64,2434.08,1.0,555,303,BLAa,BLA,16,left,0
556,557,3,6423.16,6008.46,2434.26,1.0,556,303,BLAa,BLA,16,left,0
557,558,3,6382.34,6012.72,2431.0599999999995,0.02734375,76,303,BLAa,BLA,17,left,0
558,559,3,6385.299999999999,6012.9,2431.540000000001,0.91796875,558,303,BLAa,BLA,17,left,0
559,560,3,6387.380000000001,6012.08,2432.5599999999995,1.25,559,303,BLAa,BLA,17,left,0
560,561,3,6388.06,6010.58,2433.6399999999994,1.0,560,303,BLAa,BLA,17,left,0
561,562,3,6389.679999999999,6009.82,2435.0599999999995,1.08203125,561,303,BLAa,BLA,17,left,0
562,563,3,6391.76,6009.8,2435.539999999999,1.0,562,303,BLAa,BLA,17,left,0
563,564,3,6393.9400000000005,6010.22,2435.84,0.0546875,563,303,BLAa,BLA,17,left,0
564,565,3,6395.460000000001,6009.539999999999,2436.16,1.0,564,303,BLAa,BLA,17,left,0
565,566,3,6379.38,6015.34,2431.3600000000006,0.00390625,76,303,BLAa,BLA,18,left,0
566,567,3,6380.38,6017.86,2431.960000000001,0.58203125,566,303,BLAa,BLA,18,left,0
567,568,3,6380.78,6019.42,2432.4400000000005,1.0,567,303,BLAa,BLA,18,left,0
568,569,3,6381.06,6021.16,2433.279999999999,0.0546875,568,303,BLAa,BLA,18,left,0
569,570,3,6420.58,5986.3,2422.7800000000007,0.08203125,107,303,BLAa,BLA,19,left,0
570,571,3,6421.4800000000005,5983.24,2423.459999999999,1.25,570,303,BLAa,BLA,19,left,0
571,572,3,6422.86,5980.22,2424.120000000001,1.08203125,571,303,BLAa,BLA,19,left,0
572,573,3,6424.0,5977.74,2424.539999999999,0.83203125,572,303,BLAa,BLA,19,left,0
573,574,3,6424.84,5975.900000000001,2424.1800000000003,0.5,573,303,BLAa,BLA,19,left,0
574,575,3,6426.12,5973.16,2424.3,0.91796875,574,303,BLAa,BLA,19,left,0
575,576,3,6427.12,5970.9400000000005,2423.98,0.58203125,575,303,BLAa,BLA,19,left,0
576,577,3,6428.360000000001,5968.28,2423.6800000000003,0.91796875,576,303,BLAa,BLA,19,left,0
577,578,3,6430.320000000001,5966.34,2423.0600000000013,1.0,577,303,BLAa,BLA,19,left,0
578,579,3,6432.64,5964.56,2422.459999999999,0.5,578,303,BLAa,BLA,19,left,0
579,580,3,6433.74,5964.299999999999,2421.6399999999994,1.0,579,303,BLAa,BLA,19,left,0
580,581,3,6435.04,5962.759999999999,2420.98,1.0,580,303,BLAa,BLA,19,left,0
581,582,3,6436.42,5960.2,2421.0,1.16796875,581,303,BLAa,BLA,19,left,0
582,583,3,6438.42,5959.58,2420.26,1.0,582,303,BLAa,BLA,19,left,0
583,584,3,6440.16,5958.58,2419.040000000001,0.66796875,583,303,BLAa,BLA,19,left,0
584,585,3,6442.58,5957.88,2418.120000000001,1.0,584,303,BLAa,BLA,19,left,0
585,586,3,6443.92,5956.38,2417.119999999999,0.83203125,585,303,BLAa,BLA,19,left,0
586,587,3,6445.82,5956.5,2416.66,0.66796875,586,303,BLAa,BLA,19,left,0
587,588,3,6448.28,5956.040000000001,2415.3599999999988,1.0,587,303,BLAa,BLA,19,left,0
588,589,3,6449.82,5954.82,2414.16,0.58203125,588,303,BLAa,BLA,19,left,0
589,590,3,6451.900000000001,5954.299999999999,2412.4400000000005,1.41796875,589,303,BLAa,BLA,19,left,0
590,591,3,6453.7,5953.200000000001,2410.5200000000004,0.58203125,590,303,BLAa,BLA,19,left,0
591,592,3,6455.860000000001,5953.04,2409.92,0.91796875,591,303,BLAa,BLA,19,left,0
592,593,3,6457.54,5952.1,2409.400000000001,0.91796875,592,303,BLAa,BLA,19,left,0
593,594,3,6458.84,5951.02,2408.9400000000005,0.91796875,593,303,BLAa,BLA,19,left,0
594,595,3,6461.84,5951.18,2407.4400000000005,0.83203125,594,303,BLAa,BLA,19,left,0
595,596,3,6463.719999999999,5950.8,2406.58,1.0,595,303,BLAa,BLA,19,left,0
596,597,3,6464.24,5950.36,2405.539999999999,1.0,596,303,BLAa,BLA,19,left,0
597,598,3,6465.76,5947.5,2404.5599999999995,0.01953125,597,303,BLAa,BLA,19,left,0
598,599,3,6467.02,5946.56,2403.7800000000007,0.5,598,303,BLAa,BLA,19,left,0
599,600,3,6467.820000000001,5945.639999999999,2402.0,1.33203125,599,303,BLAa,BLA,19,left,0
600,601,3,6469.34,5942.36,2399.08,1.0,600,303,BLAa,BLA,19,left,0
601,602,3,6470.299999999999,5940.54,2397.4,0.66796875,601,303,BLAa,BLA,19,left,0
602,603,3,6471.639999999999,5939.700000000001,2396.380000000001,0.83203125,602,303,BLAa,BLA,19,left,0
603,604,3,6473.16,5938.4400000000005,2395.1800000000003,0.83203125,603,303,BLAa,BLA,19,left,0
604,605,3,6474.82,5936.76,2394.7000000000007,0.75,604,303,BLAa,BLA,19,left,0
605,606,3,6476.219999999999,5935.72,2394.1800000000003,1.08203125,605,303,BLAa,BLA,19,left,0
606,607,3,6477.74,5933.88,2393.82,0.5,606,303,BLAa,BLA,19,left,0
607,608,3,6480.1,5931.94,2394.16,0.58203125,607,303,BLAa,BLA,19,left,0
608,609,3,6482.46,5930.48,2394.74,0.58203125,608,303,BLAa,BLA,19,left,0
609,610,3,6483.84,5928.92,2394.74,1.08203125,609,303,BLAa,BLA,19,left,0
610,611,3,6485.48,5928.28,2394.32,1.0,610,303,BLAa,BLA,19,left,0
611,612,3,6487.179999999999,5927.219999999999,2394.199999999999,1.0,611,303,BLAa,BLA,19,left,0
612,613,3,6488.46,5926.219999999999,2393.459999999999,1.08203125,612,303,BLAa,BLA,19,left,0
613,614,3,6490.320000000001,5924.44,2392.5200000000004,1.16796875,613,303,BLAa,BLA,19,left,0
614,615,3,6492.380000000001,5924.18,2391.7800000000007,1.5,614,303,BLAa,BLA,19,left,0
615,616,3,6495.299999999999,5924.46,2390.539999999999,1.16796875,615,303,BLAa,BLA,19,left,0
616,617,3,6497.4400000000005,5924.24,2389.9,0.58203125,616,303,BLAa,BLA,19,left,0
617,618,3,6499.679999999999,5923.46,2389.400000000001,1.08203125,617,303,BLAa,BLA,19,left,0
618,619,3,6500.36,5922.799999999999,2388.4400000000005,1.0,618,303,BLAa,BLA,19,left,0
619,620,3,6503.780000000001,5923.62,2388.5,0.01953125,619,303,BLAa,BLA,19,left,0
620,621,3,6506.02,5923.540000000001,2388.039999999999,0.5,620,303,BLAa,BLA,19,left,0
621,622,3,6509.120000000001,5923.12,2388.379999999999,0.75,621,303,BLAa,BLA,19,left,0
622,623,3,6510.68,5921.98,2388.26,0.75,622,303,BLAa,BLA,19,left,0
623,624,3,6513.12,5921.34,2387.880000000001,0.91796875,623,303,BLAa,BLA,19,left,0
624,625,3,6514.28,5919.78,2387.5200000000004,1.0,624,303,BLAa,BLA,19,left,0
625,626,3,6516.4,5917.54,2387.84,1.0,625,303,BLAa,BLA,19,left,0
626,627,3,6518.7,5914.42,2388.7000000000007,1.0,626,303,BLAa,BLA,19,left,0
627,628,3,6520.56,5913.02,2388.98,0.83203125,627,303,BLAa,BLA,19,left,0
628,629,3,6521.76,5911.84,2388.4400000000005,0.91796875,628,303,BLAa,BLA,19,left,0
629,630,3,6522.58,5909.9800000000005,2388.5,0.66796875,629,303,BLAa,BLA,19,left,0
630,631,3,6524.099999999999,5909.539999999999,2387.76,0.91796875,630,303,BLAa,BLA,19,left,0
631,632,3,6526.4800000000005,5909.24,2387.26,0.5,631,303,BLAa,BLA,19,left,0
632,633,3,6529.160000000001,5909.18,2387.039999999999,1.0,632,303,BLAa,BLA,19,left,0
633,634,3,6529.740000000001,5909.48,2386.0,1.08203125,633,303,BLAa,BLA,19,left,1
634,635,3,6423.24,5987.02,2421.92,0.08203125,107,303,BLAa,BLA,20,left,0
635,636,3,6426.219999999999,5987.26,2422.34,1.0,635,303,BLAa,BLA,20,left,0
636,637,3,6428.66,5987.0,2422.66,0.5,636,303,BLAa,BLA,20,left,0
637,638,3,6430.42,5986.74,2422.2000000000007,0.5,637,303,BLAa,BLA,20,left,0
638,639,3,6433.28,5986.78,2422.24,0.91796875,638,303,BLAa,BLA,20,left,0
639,640,3,6435.900000000001,5986.4400000000005,2422.7000000000007,0.91796875,639,303,BLAa,BLA,20,left,0
640,641,3,6437.32,5986.82,2422.8599999999988,1.0,640,303,BLAa,BLA,20,left,0
641,642,3,6376.0,5969.64,2413.1800000000003,0.08984375,124,303,BLAa,BLA,21,left,0
642,643,3,6376.94,5966.58,2413.66,1.0,642,303,BLAa,BLA,21,left,0
643,644,3,6378.66,5962.92,2414.460000000001,1.0,643,303,BLAa,BLA,21,left,0
644,645,3,6380.42,5959.18,2415.26,1.0,644,303,BLAa,BLA,21,left,0
645,646,3,6381.799999999999,5956.219999999999,2415.800000000001,1.33203125,645,303,BLAa,BLA,21,left,0
646,647,3,6382.799999999999,5954.32,2415.48,0.5,646,303,BLAa,BLA,21,left,0
647,648,3,6384.84,5952.1,2415.3,0.83203125,647,303,BLAa,BLA,21,left,0
648,649,3,6386.0,5951.12,2414.880000000001,1.0,648,303,BLAa,BLA,21,left,0
649,650,3,6387.72,5951.34,2415.0200000000004,1.0,649,303,BLAa,BLA,21,left,0
650,651,3,6376.0,5970.18,2412.140000000001,0.05859375,124,303,BLAa,BLA,22,left,0
651,652,3,6374.719999999999,5969.64,2411.16,0.91796875,651,303,BLAa,BLA,22,left,0
652,653,3,6374.160000000001,5969.5,2408.16,1.16796875,652,303,BLAa,BLA,22,left,0
653,654,3,6374.099999999999,5969.6,2404.400000000001,1.0,653,303,BLAa,BLA,22,left,0
654,655,3,6374.06,5969.700000000001,2400.5600000000013,1.0,654,303,BLAa,BLA,22,left,0
655,656,3,6374.2,5969.86,2398.24,1.0,655,303,BLAa,BLA,22,left,0
656,657,3,6374.9,5970.34,2396.98,1.25,656,303,BLAa,BLA,22,left,0
657,658,3,6374.679999999999,5971.3,2395.16,0.75,657,303,BLAa,BLA,22,left,0
658,659,3,6374.700000000001,5971.76,2392.960000000001,1.0,658,303,BLAa,BLA,22,left,0
659,660,3,6375.639999999999,5972.200000000001,2392.279999999999,1.0,659,303,BLAa,BLA,22,left,0
660,661,3,6363.18,5965.42,2434.779999999999,0.0546875,138,303,BLAa,BLA,23,left,0
661,662,3,6361.98,5963.74,2435.84,1.33203125,661,303,BLAa,BLA,23,left,0
662,663,3,6361.16,5961.74,2438.3600000000006,0.66796875,662,303,BLAa,BLA,23,left,0
663,664,3,6360.34,5960.34,2439.5599999999995,0.66796875,663,303,BLAa,BLA,23,left,0
664,665,3,6359.48,5958.780000000001,2441.24,1.0,664,303,BLAa,BLA,23,left,0
665,666,3,6358.18,5957.26,2442.5,0.66796875,665,303,BLAa,BLA,23,left,0
666,667,3,6356.94,5955.54,2443.5,0.83203125,666,303,BLAa,BLA,23,left,0
667,668,3,6356.12,5953.9800000000005,2444.779999999999,0.83203125,667,303,BLAa,BLA,23,left,0
668,669,3,6355.82,5952.780000000001,2446.6000000000004,1.16796875,668,303,BLAa,BLA,23,left,0
669,670,3,6354.539999999999,5950.08,2450.0599999999995,0.83203125,669,303,BLAa,BLA,23,left,0
670,671,3,6353.76,5947.4800000000005,2452.22,1.08203125,670,303,BLAa,BLA,23,left,0
671,672,3,6353.0,5945.299999999999,2454.5599999999995,0.66796875,671,303,BLAa,BLA,23,left,0
672,673,3,6352.240000000001,5943.099999999999,2456.8,0.58203125,672,303,BLAa,BLA,23,left,0
673,674,3,6351.36,5941.56,2457.82,0.91796875,673,303,BLAa,BLA,23,left,0
674,675,3,6351.84,5940.2,2460.24,1.0,674,303,BLAa,BLA,23,left,0
675,676,3,6352.4400000000005,5939.02,2461.7800000000007,1.0,675,303,BLAa,BLA,23,left,0
676,677,3,6352.02,5938.06,2463.279999999999,0.66796875,676,303,BLAa,BLA,23,left,0
677,678,3,6350.700000000001,5937.42,2464.6000000000004,1.0,677,303,BLAa,BLA,23,left,0
678,679,3,6349.02,5936.0,2465.72,0.83203125,678,303,BLAa,BLA,23,left,0
679,680,3,6349.32,5934.52,2467.5200000000004,0.5,679,303,BLAa,BLA,23,left,0
680,681,3,6348.18,5934.58,2467.4,0.08203125,680,303,BLAa,BLA,23,left,0
681,682,3,6347.58,5934.400000000001,2468.82,1.0,681,303,BLAa,BLA,23,left,0
682,683,3,6344.66,5932.98,2472.119999999999,1.0,682,303,BLAa,BLA,23,left,0
683,684,3,6341.860000000001,5931.639999999999,2475.1399999999994,0.91796875,683,303,BLAa,BLA,23,left,0
684,685,3,6340.5,5931.0,2476.6000000000004,1.0,684,303,BLAa,BLA,23,left,0
685,686,3,6339.64,5930.58,2477.76,1.0,685,303,BLAa,BLA,23,left,0
686,687,3,6338.52,5930.0,2480.0,1.0,686,303,BLAa,BLA,23,left,0
687,688,3,6337.179999999999,5929.360000000001,2481.3600000000006,1.0,687,303,BLAa,BLA,23,left,0
688,689,3,6335.299999999999,5928.88,2482.4,0.5,688,303,BLAa,BLA,23,left,0
689,690,3,6333.7,5929.18,2484.32,1.08203125,689,303,BLAa,BLA,23,left,0
690,691,3,6332.7,5928.76,2485.84,1.0,690,303,BLAa,BLA,23,left,0
691,692,3,6363.6,5966.4400000000005,2431.16,0.0078125,138,303,BLAa,BLA,24,left,0
692,693,3,6364.78,5963.5,2431.2000000000007,1.58203125,692,303,BLAa,BLA,24,left,0
693,694,3,6366.54,5959.8,2431.8600000000006,1.08203125,693,303,BLAa,BLA,24,left,0
694,695,3,6367.6,5957.56,2431.5599999999995,1.75,694,303,BLAa,BLA,24,left,0
695,696,3,6367.58,5955.04,2431.4400000000005,0.046875,695,303,BLAa,BLA,24,left,0
696,697,3,6368.26,5953.26,2430.8600000000006,0.5,696,303,BLAa,BLA,24,left,0
697,698,3,6369.5,5950.599999999999,2431.24,1.0,697,303,BLAa,BLA,24,left,0
698,699,3,6370.36,5948.32,2431.699999999999,1.0,698,303,BLAa,BLA,24,left,0
699,700,3,6370.72,5945.38,2432.1800000000003,1.0,699,303,BLAa,BLA,24,left,0
700,701,3,6371.76,5942.960000000001,2432.9,0.75,700,303,BLAa,BLA,24,left,0
701,702,3,6372.46,5941.5,2434.0599999999995,0.75,701,303,BLAa,BLA,24,left,0
702,703,3,6373.719999999999,5938.84,2434.8600000000006,1.0,702,303,BLAa,BLA,24,left,0
703,704,3,6375.460000000001,5935.16,2435.6800000000003,1.33203125,703,303,BLAa,BLA,24,left,0
704,705,3,6376.900000000001,5932.1,2436.3600000000006,1.33203125,704,303,BLAa,BLA,24,left,0
705,706,3,6378.12,5929.52,2437.119999999999,0.91796875,705,303,BLAa,BLA,24,left,0
706,707,3,6379.06,5927.56,2438.74,1.0,706,303,BLAa,BLA,24,left,0
707,708,3,6380.34,5924.880000000001,2440.959999999999,1.58203125,707,303,BLAa,BLA,24,left,0
708,709,3,6381.84,5921.78,2444.6000000000004,1.0,708,303,BLAa,BLA,24,left,0
709,710,3,6382.88,5919.64,2447.119999999999,0.75,709,303,BLAa,BLA,24,left,0
710,711,3,6383.9,5917.5,2448.9400000000005,1.0,710,303,BLAa,BLA,24,left,0
711,712,3,6384.92,5915.36,2451.0,0.58203125,711,303,BLAa,BLA,24,left,0
712,713,3,6386.54,5913.5,2452.82,0.5,712,303,BLAa,BLA,24,left,0
713,714,3,6388.540000000001,5912.759999999999,2454.34,1.41796875,713,303,BLAa,BLA,24,left,0
714,715,3,6390.44,5909.46,2455.8600000000006,1.0,714,303,BLAa,BLA,24,left,0
715,716,3,6391.56,5907.039999999999,2456.4,1.0,715,303,BLAa,BLA,24,left,0
716,717,3,6392.64,5904.96,2456.879999999999,1.0,716,303,BLAa,BLA,24,left,0
717,718,3,6394.04,5903.68,2457.3,1.08203125,717,303,BLAa,BLA,24,left,0
718,719,3,6395.82,5900.78,2458.120000000001,0.91796875,718,303,BLAa,BLA,24,left,0
719,720,3,6396.74,5898.84,2459.3600000000006,0.75,719,303,BLAa,BLA,24,left,0
720,721,3,6397.92,5896.36,2461.119999999999,0.75,720,303,BLAa,BLA,24,left,0
721,722,3,6399.299999999999,5893.400000000001,2462.720000000001,0.58203125,721,303,BLAa,BLA,24,left,0
722,723,3,6400.2,5891.4800000000005,2463.8600000000006,1.0,722,303,BLAa,BLA,24,left,0
723,724,3,6400.56,5889.299999999999,2464.3,1.0,723,303,BLAa,BLA,24,left,0
724,725,3,6399.64,5888.379999999999,2464.2800000000007,0.75,724,303,BLAa,BLA,24,left,0
725,726,3,6399.92,5886.34,2464.9400000000005,1.08203125,725,303,BLAa,BLA,24,left,0
726,727,3,6400.900000000001,5884.299999999999,2466.1800000000003,0.91796875,726,303,BLAa,BLA,24,left,0
727,728,3,6402.219999999999,5881.459999999999,2467.8,0.02734375,727,303,BLAa,BLA,24,left,0
728,729,3,6403.48,5878.780000000001,2468.8600000000006,1.0,728,303,BLAa,BLA,24,left,0
729,730,3,6403.82,5876.76,2469.199999999999,1.0,729,303,BLAa,BLA,24,left,0
730,731,3,6403.74,5874.0,2469.74,0.91796875,730,303,BLAa,BLA,24,left,0
731,732,3,6403.48,5871.82,2470.779999999999,1.0,731,303,BLAa,BLA,24,left,0
732,733,3,6404.32,5868.400000000001,2471.76,1.0,732,303,BLAa,BLA,24,left,0
733,734,3,6405.16,5865.44,2472.4400000000005,0.91796875,733,303,BLAa,BLA,24,left,0
734,735,3,6405.52,5862.86,2473.619999999999,0.58203125,734,303,BLAa,BLA,24,left,0
735,736,3,6405.92,5859.58,2474.58,0.91796875,735,303,BLAa,BLA,24,left,0
736,737,3,6407.039999999999,5856.82,2475.3599999999988,0.91796875,736,303,BLAa,BLA,24,left,0
737,738,3,6408.02,5854.76,2477.0200000000004,0.83203125,737,303,BLAa,BLA,24,left,0
738,739,3,6410.1,5852.02,2478.9400000000005,1.0,738,303,BLAa,BLA,24,left,0
739,740,3,6412.4400000000005,5850.5,2479.5599999999995,1.16796875,739,303,BLAa,BLA,24,left,0
740,741,3,6414.6,5848.9800000000005,2480.16,1.0,740,303,BLAa,BLA,24,left,0
741,742,3,6417.14,5848.58,2480.6800000000003,0.58203125,741,303,BLAa,BLA,24,left,0
742,743,3,6418.62,5847.88,2481.040000000001,1.0,742,303,BLAa,BLA,24,left,0
743,744,3,6420.4,5845.06,2481.76,1.08203125,743,303,BLAa,BLA,24,left,0
744,745,3,6421.4800000000005,5842.66,2481.900000000001,1.16796875,744,303,BLAa,BLA,24,left,0
745,746,3,6422.240000000001,5840.96,2480.8600000000006,1.0,745,303,BLAa,BLA,24,left,0
746,747,3,6422.960000000001,5839.46,2479.6800000000003,0.66796875,746,303,BLAa,BLA,24,left,0
747,748,3,6424.38,5838.12,2479.6800000000003,1.0,747,303,BLAa,BLA,24,left,0
748,749,3,6426.0,5835.98,2480.26,1.25,748,303,BLAa,BLA,24,left,0
749,750,3,6427.26,5835.62,2480.539999999999,1.0,749,303,BLAa,BLA,24,left,1
750,751,3,6335.1,5974.66,2419.9400000000005,0.06640625,158,303,BLAa,BLA,25,left,0
751,752,3,6334.28,5975.1,2421.0,0.91796875,751,303,BLAa,BLA,25,left,0
752,753,3,6332.4400000000005,5974.740000000001,2421.8,0.75,752,303,BLAa,BLA,25,left,0
753,754,3,6329.82,5974.539999999999,2421.84,0.66796875,753,303,BLAa,BLA,25,left,0
754,755,3,6327.820000000001,5973.76,2422.380000000001,1.0,754,303,BLAa,BLA,25,left,0
755,756,3,6325.42,5972.16,2422.26,0.03515625,755,303,BLAa,BLA,25,left,0
756,757,3,6323.88,5970.36,2421.900000000001,0.58203125,756,303,BLAa,BLA,25,left,0
757,758,3,6322.960000000001,5968.06,2420.800000000001,0.5,757,303,BLAa,BLA,25,left,0
758,759,3,6322.039999999999,5965.76,2420.0200000000004,1.0,758,303,BLAa,BLA,25,left,0
759,760,3,6320.839999999999,5964.679999999999,2419.74,1.0,759,303,BLAa,BLA,25,left,0
760,761,3,6320.24,5964.44,2418.619999999999,1.0,760,303,BLAa,BLA,25,left,0
761,762,3,6336.32,5974.6,2419.3,0.1953125,158,303,BLAa,BLA,26,left,0
762,763,3,6336.0,5974.58,2416.540000000001,3.41796875,762,303,BLAa,BLA,26,left,0
763,764,3,6335.900000000001,5974.66,2412.7800000000007,2.75,763,303,BLAa,BLA,26,left,0
764,765,3,6335.839999999999,5974.719999999999,2409.640000000001,3.16796875,764,303,BLAa,BLA,26,left,0
765,766,3,6335.42,5974.46,2407.5200000000004,0.91796875,765,303,BLAa,BLA,26,left,0
766,767,3,6335.119999999999,5973.48,2406.4400000000005,0.5,766,303,BLAa,BLA,26,left,0
767,768,3,6335.16,5973.08,2404.0,1.0,767,884,amc,amc,26,left,0
768,769,3,6335.52,5972.26,2402.140000000001,0.66796875,768,884,amc,amc,26,left,0
769,770,3,6336.34,5970.54,2401.4400000000005,1.08203125,769,884,amc,amc,26,left,0
770,771,3,6336.82,5969.46,2398.66,1.0,770,884,amc,amc,26,left,0
771,772,3,6336.7,5968.84,2395.9400000000005,1.5,771,884,amc,amc,26,left,0
772,773,3,6335.860000000001,5967.039999999999,2395.220000000001,0.5,772,884,amc,amc,26,left,0
773,774,3,6335.58,5966.08,2392.24,1.0,773,884,amc,amc,26,left,0
774,775,3,6335.52,5966.12,2389.779999999999,1.0,774,884,amc,amc,26,left,0
775,776,3,6334.64,5965.36,2388.3600000000006,0.11328125,775,884,amc,amc,26,left,0
776,777,3,6334.34,5964.22,2385.8600000000006,1.0,776,884,amc,amc,26,left,0
777,778,3,6334.099999999999,5963.200000000001,2384.0599999999995,1.33203125,777,884,amc,amc,26,left,0
778,779,3,6334.24,5962.759999999999,2381.0599999999995,1.0,778,884,amc,amc,26,left,0
779,780,3,6334.18,5962.820000000001,2378.0,1.16796875,779,884,amc,amc,26,left,0
780,781,3,6334.46,5962.98,2376.0200000000004,1.25,780,884,amc,amc,26,left,0
781,782,3,6336.08,5963.76,2374.72,1.0,781,884,amc,amc,26,left,0
782,783,3,6338.139999999999,5964.9400000000005,2374.0599999999995,0.58203125,782,884,amc,amc,26,left,0
783,784,3,6338.48,5966.040000000001,2372.720000000001,0.75,783,884,amc,amc,26,left,0
784,785,3,6339.96,5967.12,2372.039999999999,0.83203125,784,884,amc,amc,26,left,0
785,786,3,6341.34,5967.780000000001,2371.040000000001,0.91796875,785,884,amc,amc,26,left,0
786,787,3,6341.76,5968.02,2369.040000000001,1.0,786,884,amc,amc,26,left,0
787,788,3,6343.400000000001,5968.8,2367.58,0.91796875,787,884,amc,amc,26,left,0
788,789,3,6345.700000000001,5969.86,2366.960000000001,0.58203125,788,884,amc,amc,26,left,0
789,790,3,6347.68,5970.82,2365.58,1.5,789,884,amc,amc,26,left,0
790,791,3,6349.6,5971.72,2364.539999999999,1.0,790,966,EPv,EP,26,left,0
791,792,3,6351.4,5972.34,2363.6800000000003,0.5,791,966,EPv,EP,26,left,0
792,793,3,6352.179999999999,5971.68,2362.2000000000007,0.83203125,792,966,EPv,EP,26,left,0
793,794,3,6353.3,5970.76,2360.959999999999,0.5,793,966,EPv,EP,26,left,0
794,795,3,6354.92,5971.26,2360.58,0.58203125,794,966,EPv,EP,26,left,0
795,796,3,6356.24,5971.900000000001,2358.92,1.0,795,884,amc,amc,26,left,0
796,797,3,6358.56,5973.04,2356.900000000001,1.0,796,884,amc,amc,26,left,0
797,798,3,6360.280000000001,5974.58,2354.98,0.5,797,966,EPv,EP,26,left,0
798,799,3,6361.02,5975.879999999999,2353.4400000000005,0.83203125,798,966,EPv,EP,26,left,0
799,800,3,6361.06,5977.06,2351.76,0.66796875,799,966,EPv,EP,26,left,0
800,801,3,6361.900000000001,5977.759999999999,2350.08,1.0,800,966,EPv,EP,26,left,0
801,802,3,6363.719999999999,5978.64,2348.3600000000006,1.08203125,801,966,EPv,EP,26,left,0
802,803,3,6364.740000000001,5979.139999999999,2346.74,1.25,802,966,EPv,EP,26,left,0
803,804,3,6366.14,5979.8,2346.459999999999,1.0,803,966,EPv,EP,26,left,0
804,805,3,6366.219999999999,5977.7,2345.220000000001,0.02734375,804,966,EPv,EP,26,left,0
805,806,3,6366.94,5976.1,2342.5,1.33203125,805,966,EPv,EP,26,left,0
806,807,3,6367.4,5975.119999999999,2340.74,1.16796875,806,966,EPv,EP,26,left,0
807,808,3,6367.42,5974.6,2339.120000000001,0.5,807,966,EPv,EP,26,left,0
808,809,3,6366.38,5973.16,2338.5200000000004,0.5,808,966,EPv,EP,26,left,0
809,810,3,6365.42,5970.92,2338.2000000000007,0.66796875,809,966,EPv,EP,26,left,0
810,811,3,6365.700000000001,5968.56,2337.880000000001,0.5,810,966,EPv,EP,26,left,0
811,812,3,6365.42,5965.16,2338.24,1.0,811,966,EPv,EP,26,left,0
812,813,3,6365.74,5962.64,2338.6399999999994,1.0,812,966,EPv,EP,26,left,0
813,814,3,6364.78,5960.18,2338.8600000000006,1.0,813,966,EPv,EP,26,left,0
814,815,3,6364.34,5958.42,2339.040000000001,1.0,814,966,EPv,EP,26,left,1
815,816,3,6348.959999999999,6002.58,2427.98,1.0,165,303,BLAa,BLA,27,left,0
816,817,3,6347.6,6001.92,2429.72,0.046875,816,303,BLAa,BLA,27,left,0
817,818,3,6346.08,6001.16,2430.08,0.5859375,817,303,BLAa,BLA,27,left,0
818,819,3,6348.0,6004.6,2425.0599999999995,0.203125,165,303,BLAa,BLA,28,left,0
819,820,3,6347.039999999999,6004.9,2423.120000000001,4.25,819,303,BLAa,BLA,28,left,0
820,821,3,6344.86,6004.34,2422.42,6.0,820,303,BLAa,BLA,28,left,0
821,822,3,6340.879999999999,6005.320000000001,2421.66,4.25,821,884,amc,amc,28,left,0
822,823,3,6338.8,6006.799999999999,2421.119999999999,4.25,822,884,amc,amc,28,left,0
823,824,3,6337.56,6008.9400000000005,2420.6399999999994,2.66796875,823,884,amc,amc,28,left,0
824,825,3,6336.4800000000005,6011.18,2420.1800000000003,0.00390625,824,884,amc,amc,28,left,0
825,826,3,6335.299999999999,6013.66,2419.66,0.02734375,825,884,amc,amc,28,left,0
826,827,3,6334.679999999999,6015.68,2419.3,1.0,826,884,amc,amc,28,left,0
827,828,3,6335.4,6016.38,2419.32,1.0,827,884,amc,amc,28,left,0
828,829,3,6357.1,6017.54,2422.619999999999,0.03515625,176,303,BLAa,BLA,29,left,0
829,830,3,6356.08,6019.679999999999,2422.960000000001,1.25,829,303,BLAa,BLA,29,left,0
830,831,3,6354.2,6023.5,2422.66,0.91796875,830,303,BLAa,BLA,29,left,0
831,832,3,6352.42,6025.599999999999,2422.1000000000004,1.0,831,884,amc,amc,29,left,0
832,833,3,6350.38,6028.8,2420.2000000000007,0.91796875,832,884,amc,amc,29,left,0
833,834,3,6348.959999999999,6030.78,2418.540000000001,0.5,833,884,amc,amc,29,left,0
834,835,3,6347.14,6030.700000000001,2418.0600000000013,1.0,834,884,amc,amc,29,left,0
835,836,3,6356.34,6015.860000000001,2422.42,0.02734375,176,303,BLAa,BLA,30,left,0
836,837,3,6353.76,6016.599999999999,2422.22,1.0,836,303,BLAa,BLA,30,left,0
837,838,3,6351.599999999999,6016.26,2421.92,1.0,837,303,BLAa,BLA,30,left,0
838,839,3,6350.4,6016.98,2421.6399999999994,1.0,838,303,BLAa,BLA,30,left,0
839,840,3,6348.379999999999,6016.34,2421.900000000001,0.0546875,839,303,BLAa,BLA,30,left,0
840,841,3,6347.039999999999,6017.4800000000005,2422.24,0.91796875,840,303,BLAa,BLA,30,left,0
841,842,3,6343.3,6019.48,2421.459999999999,1.0,841,884,amc,amc,30,left,0
842,843,3,6341.040000000001,6020.1,2421.0200000000004,0.5,842,884,amc,amc,30,left,0
843,844,3,6339.66,6022.12,2420.1800000000003,0.0546875,843,884,amc,amc,30,left,0
844,845,3,6338.7,6024.02,2418.8600000000006,1.0,844,884,amc,amc,30,left,0
845,846,3,6336.5,6025.22,2417.1800000000003,0.83203125,845,884,amc,amc,30,left,0
846,847,3,6334.04,6025.879999999999,2416.6000000000004,1.0,846,884,amc,amc,30,left,0
847,848,3,6332.9,6027.4,2416.24,1.08203125,847,884,amc,amc,30,left,0
848,849,3,6332.28,6028.32,2413.08,0.01953125,848,884,amc,amc,30,left,0
849,850,3,6331.1,6028.22,2412.0200000000004,1.0,849,884,amc,amc,30,left,0
1283,1284,3,6353.959999999999,6012.42,2449.74,0.0390625,420,303,BLAa,BLA,35,left,0
1284,1285,3,6351.36,6012.92,2450.72,0.91796875,1284,303,BLAa,BLA,35,left,0
1285,1286,3,6349.6,6014.360000000001,2451.620000000001,0.91796875,1285,303,BLAa,BLA,35,left,0
1286,1287,3,6348.04,6016.4400000000005,2452.6399999999994,1.41796875,1286,303,BLAa,BLA,35,left,0
1287,1288,3,6347.0,6017.200000000001,2452.9400000000005,1.0,1287,303,BLAa,BLA,35,left,0
1288,1289,3,6345.56,6016.84,2452.76,1.0,1288,303,BLAa,BLA,35,left,0
1289,1290,3,6354.58,6011.84,2449.220000000001,0.11328125,420,303,BLAa,BLA,36,left,0
1290,1291,3,6354.42,6011.74,2451.84,1.08203125,1290,303,BLAa,BLA,36,left,0
1291,1292,3,6354.48,6011.639999999999,2455.620000000001,1.0,1291,303,BLAa,BLA,36,left,0
1292,1293,3,6354.539999999999,6011.58,2458.16,1.0,1292,303,BLAa,BLA,36,left,0
1293,1294,3,6354.299999999999,6012.08,2459.9,1.5,1293,303,BLAa,BLA,36,left,0
1294,1295,3,6353.9,6012.98,2461.4,0.58203125,1294,303,BLAa,BLA,36,left,0
1295,1296,3,6352.94,6015.02,2463.6000000000004,1.25,1295,303,BLAa,BLA,36,left,0
1296,1297,3,6352.759999999999,6016.34,2464.9,0.5,1296,303,BLAa,BLA,36,left,0
1297,1298,3,6354.22,6017.179999999999,2466.16,0.83203125,1297,303,BLAa,BLA,36,left,0
1298,1299,3,6354.62,6017.3,2467.7800000000007,1.0,1298,303,BLAa,BLA,36,left,0
1299,1300,3,6353.58,6016.98,2469.220000000001,0.11328125,1299,303,BLAa,BLA,36,left,0
1300,1301,3,6353.08,6017.74,2471.3600000000006,0.91796875,1300,303,BLAa,BLA,36,left,0
1301,1302,3,6352.46,6019.06,2473.7800000000007,2.08203125,1301,303,BLAa,BLA,36,left,0
1302,1303,3,6352.08,6019.880000000001,2475.6399999999994,1.0,1302,303,BLAa,BLA,36,left,0
1303,1304,3,6351.82,6020.460000000001,2478.039999999999,1.25,1303,303,BLAa,BLA,36,left,0
1304,1305,3,6351.4,6021.4,2479.7000000000007,1.41796875,1304,303,BLAa,BLA,36,left,0
1305,1306,3,6351.02,6022.219999999999,2481.5599999999995,1.25,1305,303,BLAa,BLA,36,left,0
1306,1307,3,6350.860000000001,6022.58,2484.220000000001,1.08203125,1306,303,BLAa,BLA,36,left,0
1307,1308,3,6351.38,6024.139999999999,2485.92,1.0,1307,303,BLAa,BLA,36,left,0
1308,1309,3,6352.66,6026.040000000001,2486.74,0.5,1308,303,BLAa,BLA,36,left,0
1309,1310,3,6354.62,6027.380000000001,2487.34,0.91796875,1309,303,BLAa,BLA,36,left,0
1310,1311,3,6354.880000000001,6028.6,2487.76,0.58203125,1310,303,BLAa,BLA,36,left,0
1311,1312,3,6354.400000000001,6029.6,2489.220000000001,1.41796875,1311,303,BLAa,BLA,36,left,0
1312,1313,3,6354.06,6030.34,2491.6399999999994,1.16796875,1312,303,BLAa,BLA,36,left,0
1313,1314,3,6353.48,6031.58,2492.92,1.0,1313,303,BLAa,BLA,36,left,0
1314,1315,3,6352.74,6033.18,2494.880000000001,0.75,1314,303,BLAa,BLA,36,left,0
1315,1316,3,6352.54,6033.62,2496.92,1.08203125,1315,303,BLAa,BLA,36,left,0
1316,1317,3,6351.96,6034.84,2498.300000000001,0.91796875,1316,303,BLAa,BLA,36,left,0
1317,1318,3,6351.3,6036.24,2499.58,1.0,1317,303,BLAa,BLA,36,left,0
1318,1319,3,6350.599999999999,6037.74,2502.0,1.41796875,1318,303,BLAa,BLA,36,left,0
1319,1320,3,6349.9400000000005,6039.160000000001,2503.76,1.5,1319,303,BLAa,BLA,36,left,0
1320,1321,3,6349.48,6040.14,2505.539999999999,1.0,1320,303,BLAa,BLA,36,left,0
1321,1322,3,6349.06,6041.06,2507.48,1.0,1321,303,BLAa,BLA,36,left,0
1322,1323,3,6348.62,6042.0,2509.199999999999,0.58203125,1322,303,BLAa,BLA,36,left,0
1323,1324,3,6348.400000000001,6042.94,2510.66,0.66796875,1323,303,BLAa,BLA,36,left,0
1324,1325,3,6349.299999999999,6043.4400000000005,2511.2800000000007,1.0,1324,303,BLAa,BLA,36,left,0
1325,1326,3,6348.32,6043.12,2511.6800000000003,0.16796875,1325,303,BLAa,BLA,36,left,0
1326,1327,3,6347.759999999999,6043.84,2513.1800000000003,1.25,1326,303,BLAa,BLA,36,left,0
1327,1328,3,6347.4800000000005,6044.46,2515.380000000001,0.75,1327,303,BLAa,BLA,36,left,0
1328,1329,3,6346.84,6045.82,2516.879999999999,0.5,1328,303,BLAa,BLA,36,left,0
1329,1330,3,6346.040000000001,6047.4800000000005,2518.76,0.66796875,1329,303,BLAa,BLA,36,left,0
1330,1331,3,6345.599999999999,6048.400000000001,2520.5,1.41796875,1330,303,BLAa,BLA,36,left,0
1331,1332,3,6345.18,6049.32,2522.4400000000005,1.33203125,1331,303,BLAa,BLA,36,left,0
1332,1333,3,6344.740000000001,6050.259999999999,2524.16,0.66796875,1332,303,BLAa,BLA,36,left,0
1333,1334,3,6343.32,6053.26,2527.2000000000007,1.25,1333,303,BLAa,BLA,36,left,0
1334,1335,3,6342.56,6054.86,2528.58,1.0,1334,303,BLAa,BLA,36,left,0
1335,1336,3,6342.06,6055.92,2530.1399999999994,0.91796875,1335,303,BLAa,BLA,36,left,0
1336,1337,3,6341.860000000001,6056.34,2532.119999999999,0.5,1336,303,BLAa,BLA,36,left,0
1337,1338,3,6341.32,6057.52,2533.34,0.91796875,1337,303,BLAa,BLA,36,left,0
1338,1339,3,6340.48,6059.28,2534.0200000000004,1.16796875,1338,303,BLAa,BLA,36,left,0
1339,1340,3,6340.08,6060.08,2535.5200000000004,1.16796875,1339,303,BLAa,BLA,36,left,0
1340,1341,3,6339.84,6062.12,2537.1000000000004,0.91796875,1340,303,BLAa,BLA,36,left,0
1341,1342,3,6340.38,6063.76,2538.0999999999985,0.91796875,1341,303,BLAa,BLA,36,left,0
1342,1343,3,6340.44,6065.06,2539.3600000000006,1.0,1342,303,BLAa,BLA,36,left,0
1343,1344,3,6339.740000000001,6066.54,2540.539999999999,1.0,1343,303,BLAa,BLA,36,left,0
1344,1345,3,6338.64,6068.82,2541.42,1.16796875,1344,303,BLAa,BLA,36,left,0
1345,1346,3,6338.32,6070.22,2542.720000000001,0.5,1345,303,BLAa,BLA,36,left,0
1346,1347,3,6338.92,6070.700000000001,2544.220000000001,1.08203125,1346,303,BLAa,BLA,36,left,0
1347,1348,3,6338.26,6072.46,2545.5200000000004,0.05859375,1347,303,BLAa,BLA,36,left,0
1348,1349,3,6337.42,6074.28,2548.32,1.41796875,1348,303,BLAa,BLA,36,left,0
1349,1350,3,6336.900000000001,6075.36,2550.34,1.0,1349,303,BLAa,BLA,36,left,0
1350,1351,3,6336.459999999999,6076.3,2552.720000000001,0.75,1350,303,BLAa,BLA,36,left,0
1351,1352,3,6335.74,6077.780000000001,2553.9,1.25,1351,303,BLAa,BLA,36,left,0
1352,1353,3,6334.679999999999,6079.9800000000005,2554.34,1.0,1352,303,BLAa,BLA,36,left,0
1353,1354,3,6334.539999999999,6081.68,2554.1000000000004,1.0,1353,303,BLAa,BLA,36,left,0
1354,1355,3,6335.58,6082.36,2554.42,1.0,1354,303,BLAa,BLA,36,left,0
1355,1356,3,6336.2,6082.52,2556.5599999999995,1.16796875,1355,303,BLAa,BLA,36,left,0
1356,1357,3,6336.14,6082.66,2558.6000000000004,1.16796875,1356,303,BLAa,BLA,36,left,0
1357,1358,3,6336.660000000001,6083.92,2559.379999999999,0.91796875,1357,303,BLAa,BLA,36,left,0
1358,1359,3,6338.400000000001,6084.76,2560.380000000001,0.83203125,1358,303,BLAa,BLA,36,left,0
1359,1360,3,6340.74,6085.68,2561.879999999999,0.58203125,1359,303,BLAa,BLA,36,left,0
1360,1361,3,6343.18,6086.78,2563.08,0.91796875,1360,303,BLAa,BLA,36,left,0
1361,1362,3,6343.9800000000005,6087.98,2563.7800000000007,0.58203125,1361,303,BLAa,BLA,36,left,0
1362,1363,3,6346.040000000001,6089.42,2564.5200000000004,0.5,1362,303,BLAa,BLA,36,left,0
1363,1364,3,6346.1,6090.42,2565.119999999999,0.83203125,1363,303,BLAa,BLA,36,left,0
1364,1365,3,6346.639999999999,6091.7,2565.1399999999994,0.13671875,1364,303,BLAa,BLA,36,left,0
1365,1366,3,6345.839999999999,6093.8,2565.6399999999994,1.0,1365,303,BLAa,BLA,36,left,0
1366,1367,3,6345.14,6095.280000000001,2566.82,1.41796875,1366,303,BLAa,BLA,36,left,0
1367,1368,3,6344.0,6097.5,2568.08,0.91796875,1367,303,BLAa,BLA,36,left,0
1368,1369,3,6342.780000000001,6098.139999999999,2568.7000000000007,0.5,1368,303,BLAa,BLA,36,left,1
1369,1370,3,6383.379999999999,5979.740000000001,2446.0,0.11328125,536,303,BLAa,BLA,37,left,0
1370,1371,3,6382.7,5977.64,2446.1800000000003,1.0,1370,303,BLAa,BLA,37,left,0
1371,1372,3,6381.54,5975.34,2446.32,0.91796875,1371,303,BLAa,BLA,37,left,0
1372,1373,3,6379.92,5970.48,2446.720000000001,1.0,1372,303,BLAa,BLA,37,left,0
1373,1374,3,6378.7,5966.54,2447.08,1.0,1373,303,BLAa,BLA,37,left,0
1374,1375,3,6378.339999999999,5964.160000000001,2447.8599999999988,1.0,1374,303,BLAa,BLA,37,left,0
1375,1376,3,6378.24,5962.3,2449.2800000000007,0.66796875,1375,303,BLAa,BLA,37,left,0
1376,1377,3,6376.72,5959.52,2450.2800000000007,1.0,1376,303,BLAa,BLA,37,left,0
1377,1378,3,6376.0,5957.08,2451.08,1.08203125,1377,303,BLAa,BLA,37,left,0
1378,1379,3,6375.38,5955.02,2451.900000000001,1.0,1378,303,BLAa,BLA,37,left,0
1379,1380,3,6375.14,5952.28,2452.3,1.0,1379,303,BLAa,BLA,37,left,0
1380,1381,3,6374.2,5950.9400000000005,2452.32,0.75,1380,303,BLAa,BLA,37,left,0
1381,1382,3,6373.68,5948.6,2452.5599999999995,1.0,1381,303,BLAa,BLA,37,left,0
1382,1383,3,6373.66,5946.32,2452.880000000001,1.25,1382,303,BLAa,BLA,37,left,0
1383,1384,3,6373.780000000001,5943.86,2453.26,1.0,1383,303,BLAa,BLA,37,left,0
1384,1385,3,6373.76,5941.599999999999,2453.5599999999995,1.0,1384,303,BLAa,BLA,37,left,0
1385,1386,3,6372.4400000000005,5936.040000000001,2454.120000000001,1.0,1385,303,BLAa,BLA,37,left,0
1386,1387,3,6371.7,5933.64,2454.34,1.0,1386,303,BLAa,BLA,37,left,0
1387,1388,3,6370.72,5931.68,2454.4399999999987,1.0,1387,303,BLAa,BLA,37,left,0
1388,1389,3,6369.44,5929.62,2454.959999999999,1.0,1388,303,BLAa,BLA,37,left,0
1389,1390,3,6368.88,5927.66,2455.879999999999,1.0,1389,303,BLAa,BLA,37,left,0
1390,1391,3,6367.5,5924.48,2456.16,1.08203125,1390,303,BLAa,BLA,37,left,0
1391,1392,3,6367.56,5922.039999999999,2456.5200000000004,1.08203125,1391,303,BLAa,BLA,37,left,0
1392,1393,3,6368.16,5919.34,2457.0,1.0,1392,303,BLAa,BLA,37,left,0
1393,1394,3,6368.400000000001,5916.660000000001,2457.6800000000003,0.5,1393,303,BLAa,BLA,37,left,0
1394,1395,3,6368.780000000001,5914.78,2458.82,0.91796875,1394,303,BLAa,BLA,37,left,0
1395,1396,3,6367.84,5912.4800000000005,2459.16,1.0,1395,303,BLAa,BLA,37,left,0
1396,1397,3,6367.799999999999,5910.4,2459.4399999999987,0.91796875,1396,303,BLAa,BLA,37,left,0
1397,1398,3,6367.799999999999,5907.58,2459.84,1.0,1397,303,BLAa,BLA,37,left,0
1398,1399,3,6367.4,5905.639999999999,2460.040000000001,1.0,1398,303,BLAa,BLA,37,left,0
1399,1400,3,6368.26,5902.66,2460.26,0.5,1399,303,BLAa,BLA,37,left,0
1400,1401,3,6369.58,5899.82,2460.16,0.66796875,1400,303,BLAa,BLA,37,left,0
1401,1402,3,6370.5,5897.88,2461.2000000000007,1.25,1401,303,BLAa,BLA,37,left,0
1402,1403,3,6371.94,5894.9,2462.32,1.0,1402,303,BLAa,BLA,37,left,0
1403,1404,3,6373.68,5891.219999999999,2463.1399999999994,1.0,1403,303,BLAa,BLA,37,left,0
1404,1405,3,6375.44,5887.46,2463.98,1.0,1404,303,BLAa,BLA,37,left,0
1405,1406,3,6376.74,5884.32,2464.640000000001,1.0,1405,303,BLAa,BLA,37,left,0
1406,1407,3,6376.98,5881.78,2465.040000000001,1.0,1406,303,BLAa,BLA,37,left,0
1407,1408,3,6376.4400000000005,5879.700000000001,2465.24,1.0,1407,303,BLAa,BLA,37,left,0
1408,1409,3,6376.3,5878.540000000001,2466.5200000000004,0.11328125,1408,303,BLAa,BLA,37,left,0
1409,1410,3,6374.86,5876.12,2467.5200000000004,0.5,1409,303,BLAa,BLA,37,left,0
1410,1411,3,6373.52,5874.34,2468.1399999999994,0.58203125,1410,303,BLAa,BLA,37,left,0
1411,1412,3,6372.56,5873.0,2469.74,0.5,1411,303,BLAa,BLA,37,left,0
1412,1413,3,6371.7,5871.219999999999,2471.24,1.0,1412,303,BLAa,BLA,37,left,0
1413,1414,3,6372.08,5869.6,2473.0600000000013,1.0,1413,303,BLAa,BLA,37,left,0
1414,1415,3,6373.04,5867.66,2474.84,0.75,1414,303,BLAa,BLA,37,left,0
1415,1416,3,6374.64,5864.22,2477.140000000001,1.0,1415,303,BLAa,BLA,37,left,0
1416,1417,3,6375.02,5862.12,2479.0599999999995,0.83203125,1416,303,BLAa,BLA,37,left,0
1417,1418,3,6375.119999999999,5858.84,2480.539999999999,1.0,1417,303,BLAa,BLA,37,left,0
1418,1419,3,6374.139999999999,5856.96,2480.620000000001,1.0,1418,303,BLAa,BLA,37,left,0
1419,1420,3,6373.56,5855.16,2481.960000000001,0.91796875,1419,303,BLAa,BLA,37,left,0
1420,1421,3,6373.02,5853.8,2484.0200000000004,0.66796875,1420,303,BLAa,BLA,37,left,0
1421,1422,3,6371.459999999999,5852.4400000000005,2486.22,1.0,1421,303,BLAa,BLA,37,left,0
1422,1423,3,6370.34,5851.0,2487.08,0.58203125,1422,303,BLAa,BLA,37,left,0
1423,1424,3,6368.959999999999,5849.18,2487.7800000000007,1.25,1423,303,BLAa,BLA,37,left,0
1424,1425,3,6368.400000000001,5846.94,2488.540000000001,0.75,1424,303,BLAa,BLA,37,left,0
1425,1426,3,6368.02,5844.880000000001,2489.640000000001,0.5,1425,303,BLAa,BLA,37,left,0
1426,1427,3,6367.4,5843.360000000001,2491.34,0.75,1426,303,BLAa,BLA,37,left,0
1427,1428,3,6365.78,5839.86,2493.98,1.0,1427,303,BLAa,BLA,37,left,0
1428,1429,3,6365.4,5838.200000000001,2495.32,1.08203125,1428,303,BLAa,BLA,37,left,0
1429,1430,3,6364.700000000001,5835.599999999999,2495.76,0.75,1429,303,BLAa,BLA,37,left,0
1430,1431,3,6365.1,5832.92,2496.66,1.25,1430,303,BLAa,BLA,37,left,0
1431,1432,3,6365.14,5830.700000000001,2498.34,0.75,1431,303,BLAa,BLA,37,left,0
1432,1433,3,6364.78,5828.52,2499.76,0.83203125,1432,303,BLAa,BLA,37,left,0
1433,1434,3,6364.099999999999,5826.4800000000005,2501.84,0.83203125,1433,303,BLAa,BLA,37,left,0
1434,1435,3,6363.04,5825.299999999999,2503.279999999999,1.0,1434,303,BLAa,BLA,37,left,0
1435,1436,3,6361.040000000001,5824.26,2505.539999999999,1.0,1435,303,BLAa,BLA,37,left,0
1436,1437,3,6359.700000000001,5823.58,2507.0599999999995,0.66796875,1436,303,BLAa,BLA,37,left,0
1437,1438,3,6358.18,5822.4400000000005,2508.72,0.5,1437,303,BLAa,BLA,37,left,0
1438,1439,3,6357.12,5820.96,2509.58,1.0,1438,303,BLAa,BLA,37,left,0
1439,1440,3,6355.16,5819.120000000001,2511.2000000000007,0.83203125,1439,303,BLAa,BLA,37,left,0
1440,1441,3,6354.360000000001,5817.759999999999,2512.380000000001,1.0,1440,303,BLAa,BLA,37,left,0
1441,1442,3,6353.18,5815.98,2512.76,0.91796875,1441,303,BLAa,BLA,37,left,0
1442,1443,3,6351.459999999999,5814.46,2512.66,1.0,1442,303,BLAa,BLA,37,left,0
1443,1444,3,6350.0,5812.12,2512.720000000001,1.16796875,1443,303,BLAa,BLA,37,left,0
1444,1445,3,6349.539999999999,5810.06,2512.92,0.75,1444,303,BLAa,BLA,37,left,0
1445,1446,3,6347.380000000001,5808.5,2512.720000000001,0.04296875,1445,303,BLAa,BLA,37,left,0
1446,1447,3,6346.42,5806.94,2512.8599999999988,0.83203125,1446,303,BLAa,BLA,37,left,0
1447,1448,3,6345.4,5806.2,2513.5200000000004,0.66796875,1447,303,BLAa,BLA,37,left,0
1448,1449,3,6342.820000000001,5804.8,2513.6399999999994,0.91796875,1448,303,BLAa,BLA,37,left,0
1449,1450,3,6341.7,5802.820000000001,2513.7000000000007,1.0,1449,303,BLAa,BLA,37,left,0
1450,1451,3,6340.879999999999,5799.96,2514.1800000000003,0.5,1450,303,BLAa,BLA,37,left,0
1451,1452,3,6340.299999999999,5798.16,2515.460000000001,0.75,1451,303,BLAa,BLA,37,left,0
1452,1453,3,6338.76,5796.56,2517.34,0.5,1452,303,BLAa,BLA,37,left,0
1453,1454,3,6337.86,5794.62,2518.58,1.0,1453,303,BLAa,BLA,37,left,0
1454,1455,3,6336.82,5791.74,2519.379999999999,0.75,1454,303,BLAa,BLA,37,left,0
1455,1456,3,6335.259999999999,5789.48,2519.379999999999,0.91796875,1455,303,BLAa,BLA,37,left,0
1456,1457,3,6334.56,5787.14,2519.58,0.91796875,1456,303,BLAa,BLA,37,left,0
1457,1458,3,6334.2,5784.02,2519.959999999999,1.16796875,1457,303,BLAa,BLA,37,left,0
1458,1459,3,6333.86,5782.08,2520.16,1.0,1458,303,BLAa,BLA,37,left,0
1459,1460,3,6333.82,5779.78,2520.48,0.75,1459,303,BLAa,BLA,37,left,0
1460,1461,3,6332.54,5777.3,2520.58,0.75,1460,303,BLAa,BLA,37,left,0
1461,1462,3,6331.900000000001,5775.58,2520.92,0.58203125,1461,303,BLAa,BLA,37,left,0
1462,1463,3,6330.38,5774.28,2521.76,0.58203125,1462,303,BLAa,BLA,37,left,0
1463,1464,3,6329.38,5772.84,2522.279999999999,1.0,1463,303,BLAa,BLA,37,left,0
1464,1465,3,6328.46,5772.1,2524.42,1.0,1464,303,BLAa,BLA,37,left,0
1465,1466,3,6327.380000000001,5771.54,2525.82,0.91796875,1465,303,BLAa,BLA,37,left,0
1466,1467,3,6326.4,5771.02,2527.6800000000003,1.0,1466,303,BLAa,BLA,37,left,0
1467,1468,3,6326.639999999999,5770.36,2530.24,1.0,1467,303,BLAa,BLA,37,left,0
1468,1469,3,6326.68,5768.959999999999,2532.5200000000004,0.83203125,1468,303,BLAa,BLA,37,left,0
1469,1470,3,6326.5,5766.72,2534.98,0.5,1469,303,BLAa,BLA,37,left,0
1470,1471,3,6326.56,5764.740000000001,2536.5200000000004,0.91796875,1470,303,BLAa,BLA,37,left,0
1471,1472,3,6327.26,5762.179999999999,2538.039999999999,1.58203125,1471,303,BLAa,BLA,37,left,0
1472,1473,3,6325.52,5762.4,2537.66,0.0859375,1472,303,BLAa,BLA,37,left,0
1473,1474,3,6324.18,5761.08,2537.7800000000007,0.66796875,1473,303,BLAa,BLA,37,left,0
1474,1475,3,6324.740000000001,5759.539999999999,2539.2800000000007,1.16796875,1474,303,BLAa,BLA,37,left,0
1475,1476,3,6325.299999999999,5756.799999999999,2540.92,1.0,1475,303,BLAa,BLA,37,left,0
1476,1477,3,6325.879999999999,5753.7,2541.48,0.83203125,1476,303,BLAa,BLA,37,left,0
1477,1478,3,6325.38,5751.4400000000005,2542.140000000001,0.66796875,1477,303,BLAa,BLA,37,left,0
1478,1479,3,6324.34,5749.64,2543.279999999999,0.66796875,1478,303,BLAa,BLA,37,left,0
1479,1480,3,6323.719999999999,5748.9800000000005,2545.08,1.0,1479,303,BLAa,BLA,37,left,0
1480,1481,3,6321.599999999999,5747.94,2546.7800000000007,0.02734375,1480,303,BLAa,BLA,37,left,0
1481,1482,3,6320.56,5747.36,2549.379999999999,1.83203125,1481,303,BLAa,BLA,37,left,0
1482,1483,3,6319.58,5746.38,2550.26,0.75,1482,303,BLAa,BLA,37,left,0
1483,1484,3,6319.04,5744.58,2551.960000000001,1.5,1483,303,BLAa,BLA,37,left,0
1484,1485,3,6318.12,5742.6,2553.8,0.66796875,1484,303,BLAa,BLA,37,left,0
1485,1486,3,6318.08,5739.64,2554.6800000000003,0.83203125,1485,303,BLAa,BLA,37,left,0
1486,1487,3,6318.52,5737.72,2555.82,1.16796875,1486,303,BLAa,BLA,37,left,0
1487,1488,3,6318.86,5736.06,2556.4400000000005,0.09765625,1487,303,BLAa,BLA,37,left,0
1488,1489,3,6317.7,5734.9,2556.4,1.08203125,1488,303,BLAa,BLA,37,left,0
1489,1490,3,6317.619999999999,5733.02,2557.6000000000004,0.05859375,1489,303,BLAa,BLA,37,left,0
1490,1491,3,6316.860000000001,5730.72,2558.08,1.0,1490,303,BLAa,BLA,37,left,0
1491,1492,3,6315.56,5728.360000000001,2558.5,0.91796875,1491,303,BLAa,BLA,37,left,0
1492,1493,3,6314.6,5726.84,2559.3,0.83203125,1492,303,BLAa,BLA,37,left,0
1493,1494,3,6313.82,5724.880000000001,2559.58,1.0,1493,303,BLAa,BLA,37,left,0
1494,1495,3,6314.56,5722.3,2560.1000000000004,1.08203125,1494,303,BLAa,BLA,37,left,0
1495,1496,3,6315.2,5720.44,2560.5200000000004,1.0,1495,303,BLAa,BLA,37,left,0
1496,1497,3,6314.62,5719.400000000001,2560.539999999999,1.0,1496,303,BLAa,BLA,37,left,1
1497,1498,3,6384.64,5980.42,2445.34,0.11328125,536,303,BLAa,BLA,38,left,0
1498,1499,3,6386.06,5979.18,2444.5599999999995,1.0,1498,303,BLAa,BLA,38,left,0
1499,1500,3,6387.32,5976.82,2443.72,0.75,1499,303,BLAa,BLA,38,left,0
1500,1501,3,6388.9400000000005,5974.96,2443.4,0.5,1500,303,BLAa,BLA,38,left,0
1501,1502,3,6390.52,5973.68,2443.0600000000013,1.0,1501,303,BLAa,BLA,38,left,0
1502,1503,3,6392.799999999999,5972.9,2443.2000000000007,0.5,1502,303,BLAa,BLA,38,left,0
1503,1504,3,6394.44,5971.88,2442.42,0.5,1503,303,BLAa,BLA,38,left,0
1504,1505,3,6396.4800000000005,5971.56,2441.76,0.58203125,1504,303,BLAa,BLA,38,left,0
1505,1506,3,6398.8,5971.76,2441.960000000001,1.0,1505,303,BLAa,BLA,38,left,0
1506,1507,3,6400.900000000001,5971.68,2442.3,1.0,1506,303,BLAa,BLA,38,left,0
1507,1508,3,6402.92,5970.72,2442.76,1.0,1507,303,BLAa,BLA,38,left,0
1508,1509,3,6405.460000000001,5968.86,2443.0999999999985,1.16796875,1508,303,BLAa,BLA,38,left,0
1509,1510,3,6407.12,5967.619999999999,2442.76,0.58203125,1509,303,BLAa,BLA,38,left,0
1510,1511,3,6410.460000000001,5966.88,2443.24,1.0,1510,303,BLAa,BLA,38,left,0
1511,1512,3,6412.52,5965.58,2443.76,0.58203125,1511,303,BLAa,BLA,38,left,0
1512,1513,3,6414.400000000001,5962.68,2444.48,1.25,1512,303,BLAa,BLA,38,left,0
1513,1514,3,6415.78,5959.679999999999,2445.1399999999994,1.0,1513,303,BLAa,BLA,38,left,0
1514,1515,3,6417.039999999999,5957.94,2445.5999999999985,1.41796875,1514,303,BLAa,BLA,38,left,0
1515,1516,3,6419.9,5958.540000000001,2445.98,1.0,1515,303,BLAa,BLA,38,left,0
1516,1517,3,6422.14,5959.02,2446.26,0.5,1516,303,BLAa,BLA,38,left,0
1517,1518,3,6423.9800000000005,5957.7,2446.76,1.0,1517,303,BLAa,BLA,38,left,0
1518,1519,3,6427.28,5956.14,2447.5200000000004,1.0,1518,303,BLAa,BLA,38,left,0
1519,1520,3,6430.0,5954.539999999999,2448.0999999999985,0.75,1519,303,BLAa,BLA,38,left,0
1520,1521,3,6431.2,5952.780000000001,2447.8599999999988,1.0,1520,303,BLAa,BLA,38,left,0
1521,1522,3,6433.74,5950.38,2448.120000000001,1.0,1521,303,BLAa,BLA,38,left,0
1522,1523,3,6436.38,5949.26,2449.199999999999,0.91796875,1522,303,BLAa,BLA,38,left,0
1523,1524,3,6437.94,5948.02,2450.34,0.66796875,1523,303,BLAa,BLA,38,left,0
1524,1525,3,6440.4,5947.84,2450.84,1.0,1524,303,BLAa,BLA,38,left,0
1525,1526,3,6442.32,5946.280000000001,2451.3,1.0,1525,303,BLAa,BLA,38,left,0
1526,1527,3,6443.28,5944.160000000001,2451.0200000000004,0.83203125,1526,303,BLAa,BLA,38,left,0
1527,1528,3,6444.78,5941.040000000001,2450.58,1.16796875,1527,303,BLAa,BLA,38,left,0
1528,1529,3,6446.02,5940.280000000001,2450.34,1.0,1528,303,BLAa,BLA,38,left,0
1529,1530,3,6447.780000000001,5939.08,2450.72,0.08203125,1529,303,BLAa,BLA,38,left,0
1530,1531,3,6449.06,5937.46,2450.1800000000003,0.83203125,1530,303,BLAa,BLA,38,left,0
1531,1532,3,6450.14,5935.06,2449.460000000001,0.75,1531,303,BLAa,BLA,38,left,0
1532,1533,3,6451.02,5933.16,2448.84,1.25,1532,303,BLAa,BLA,38,left,0
1533,1534,3,6452.1,5930.78,2448.0200000000004,1.08203125,1533,303,BLAa,BLA,38,left,0
1534,1535,3,6452.759999999999,5929.32,2446.879999999999,0.91796875,1534,303,BLAa,BLA,38,left,0
1535,1536,3,6453.64,5927.42,2445.9400000000005,0.91796875,1535,303,BLAa,BLA,38,left,0
1536,1537,3,6454.56,5925.36,2445.8600000000006,0.5,1536,303,BLAa,BLA,38,left,0
1537,1538,3,6455.36,5923.62,2444.8600000000006,0.58203125,1537,303,BLAa,BLA,38,left,0
1538,1539,3,6456.2,5921.76,2444.3,0.5,1538,303,BLAa,BLA,38,left,0
1539,1540,3,6457.3,5919.360000000001,2443.8600000000006,0.75,1539,303,BLAa,BLA,38,left,0
1540,1541,3,6458.58,5916.5,2443.92,1.0,1540,303,BLAa,BLA,38,left,0
1541,1542,3,6459.38,5914.740000000001,2443.459999999999,1.0,1541,303,BLAa,BLA,38,left,0
1542,1543,3,6460.34,5912.64,2442.880000000001,0.91796875,1542,303,BLAa,BLA,38,left,0
1543,1544,3,6461.26,5910.58,2442.7800000000007,0.58203125,1543,303,BLAa,BLA,38,left,0
1544,1545,3,6462.039999999999,5908.86,2441.8,0.58203125,1544,303,BLAa,BLA,38,left,0
1545,1546,3,6462.9,5906.98,2441.24,0.91796875,1545,303,BLAa,BLA,38,left,0
1546,1547,3,6463.9800000000005,5904.58,2440.82,0.91796875,1546,303,BLAa,BLA,38,left,0
1547,1548,3,6465.38,5901.459999999999,2440.66,1.41796875,1547,303,BLAa,BLA,38,left,0
1548,1549,3,6466.26,5899.92,2439.619999999999,0.66796875,1548,303,BLAa,BLA,38,left,0
1549,1550,3,6468.08,5898.139999999999,2438.5599999999995,1.0,1549,303,BLAa,BLA,38,left,0
1550,1551,3,6469.400000000001,5896.56,2437.92,0.91796875,1550,303,BLAa,BLA,38,left,0
1551,1552,3,6471.459999999999,5895.98,2438.1399999999994,1.08203125,1551,303,BLAa,BLA,38,left,0
1552,1553,3,6472.820000000001,5894.26,2438.6399999999994,1.0,1552,303,BLAa,BLA,38,left,0
1553,1554,3,6475.119999999999,5891.799999999999,2438.959999999999,0.75,1553,303,BLAa,BLA,38,left,0
1554,1555,3,6476.88,5889.9400000000005,2438.92,0.75,1554,303,BLAa,BLA,38,left,0
1555,1556,3,6477.68,5889.06,2440.220000000001,2.41796875,1555,303,BLAa,BLA,38,left,0
1556,1557,3,6476.459999999999,5886.16,2440.48,0.08984375,1556,303,BLAa,BLA,38,left,0
1557,1558,3,6476.08,5883.52,2441.699999999999,1.0,1557,303,BLAa,BLA,38,left,0
1558,1559,3,6476.76,5881.96,2443.5599999999995,1.16796875,1558,303,BLAa,BLA,38,left,0
1559,1560,3,6477.4800000000005,5880.259999999999,2445.72,1.25,1559,303,BLAa,BLA,38,left,0
1560,1561,3,6477.92,5879.26,2447.8599999999988,1.41796875,1560,303,BLAa,BLA,38,left,0
1561,1562,3,6478.780000000001,5877.240000000001,2450.42,1.0,1561,303,BLAa,BLA,38,left,0
1562,1563,3,6479.52,5875.54,2452.3,0.58203125,1562,303,BLAa,BLA,38,left,0
1563,1564,3,6480.62,5873.08,2453.42,1.08203125,1563,303,BLAa,BLA,38,left,0
1564,1565,3,6481.4800000000005,5871.12,2453.880000000001,1.0,1564,303,BLAa,BLA,38,left,0
1565,1566,3,6482.799999999999,5870.14,2456.699999999999,0.03515625,1565,303,BLAa,BLA,38,left,0
1566,1567,3,6484.700000000001,5869.299999999999,2458.26,0.5,1566,303,BLAa,BLA,38,left,1
1567,1568,3,6425.280000000001,6008.3,2434.040000000001,0.0546875,557,303,BLAa,BLA,39,left,0
1568,1569,3,6427.58,6008.379999999999,2433.6800000000003,1.0,1568,303,BLAa,BLA,39,left,0
1569,1570,3,6430.460000000001,6008.08,2434.0200000000004,1.0,1569,303,BLAa,BLA,39,left,0
1570,1571,3,6432.66,6007.94,2433.6000000000004,0.66796875,1570,303,BLAa,BLA,39,left,0
1571,1572,3,6434.86,6006.72,2433.76,0.5,1571,303,BLAa,BLA,39,left,0
1572,1573,3,6436.900000000001,6006.94,2434.0599999999995,1.0,1572,303,BLAa,BLA,39,left,0
1573,1574,3,6438.92,6006.76,2434.400000000001,0.91796875,1573,303,BLAa,BLA,39,left,0
1574,1575,3,6440.62,6006.900000000001,2433.8600000000006,0.83203125,1574,303,BLAa,BLA,39,left,0
1575,1576,3,6442.200000000001,6006.5,2432.7000000000007,1.0,1575,303,BLAa,BLA,39,left,0
1576,1577,3,6444.84,6006.34,2431.960000000001,0.58203125,1576,303,BLAa,BLA,39,left,0
1577,1578,3,6447.0,6006.14,2431.3,1.0,1577,303,BLAa,BLA,39,left,0
1578,1579,3,6449.880000000001,6005.9400000000005,2430.959999999999,0.58203125,1578,303,BLAa,BLA,39,left,0
1579,1580,3,6451.94,6005.1,2430.66,0.91796875,1579,303,BLAa,BLA,39,left,0
1580,1581,3,6454.9400000000005,6004.9400000000005,2430.7000000000007,0.91796875,1580,303,BLAa,BLA,39,left,0
1581,1582,3,6458.26,6005.42,2431.0,0.91796875,1581,303,BLAa,BLA,39,left,0
1582,1583,3,6460.4,6004.96,2430.58,0.66796875,1582,303,BLAa,BLA,39,left,0
1583,1584,3,6463.26,6004.52,2430.4,0.5,1583,303,BLAa,BLA,39,left,0
1584,1585,3,6464.740000000001,6004.8,2429.0200000000004,0.66796875,1584,303,BLAa,BLA,39,left,0
1585,1586,3,6466.88,6004.44,2428.76,1.0,1585,303,BLAa,BLA,39,left,0
1586,1587,3,6468.24,6002.619999999999,2429.220000000001,1.0,1586,303,BLAa,BLA,39,left,0
1587,1588,3,6470.700000000001,6001.639999999999,2429.74,0.91796875,1587,303,BLAa,BLA,39,left,0
1588,1589,3,6473.48,6001.42,2430.66,1.33203125,1588,303,BLAa,BLA,39,left,0
1589,1590,3,6475.599999999999,6001.68,2431.699999999999,0.58203125,1589,303,BLAa,BLA,39,left,0
1590,1591,3,6477.66,6001.08,2432.1800000000003,1.0,1590,303,BLAa,BLA,39,left,0
1591,1592,3,6479.42,5998.28,2432.84,1.0,1591,303,BLAa,BLA,39,left,0
1592,1593,3,6480.48,5995.860000000001,2433.3600000000006,0.91796875,1592,303,BLAa,BLA,39,left,0
1593,1594,3,6482.26,5994.64,2433.8,0.91796875,1593,303,BLAa,BLA,39,left,0
1594,1595,3,6484.38,5995.38,2434.5,1.0,1594,303,BLAa,BLA,39,left,0
1595,1596,3,6485.62,5995.879999999999,2435.32,1.0,1595,303,BLAa,BLA,39,left,0
1596,1597,3,6487.28,5996.599999999999,2438.66,0.01953125,1596,303,BLAa,BLA,39,left,0
1597,1598,3,6487.759999999999,5997.58,2439.82,1.33203125,1597,303,BLAa,BLA,39,left,0
1598,1599,3,6487.64,5997.92,2442.7000000000007,1.0,1598,303,BLAa,BLA,39,left,0
1599,1600,3,6487.64,5997.780000000001,2445.82,1.0,1599,303,BLAa,BLA,39,left,0
1600,1601,3,6487.64,5997.68,2447.9400000000005,1.0,1600,303,BLAa,BLA,39,left,0
1601,1602,3,6488.68,5998.04,2449.619999999999,0.91796875,1601,303,BLAa,BLA,39,left,0
1602,1603,3,6490.4,5998.780000000001,2450.1399999999994,0.66796875,1602,303,BLAa,BLA,39,left,0
1603,1604,3,6492.06,5999.46,2451.3,1.0,1603,303,BLAa,BLA,39,left,0
1604,1605,3,6493.9,6000.22,2452.380000000001,1.08203125,1604,303,BLAa,BLA,39,left,0
1605,1606,3,6496.599999999999,6001.36,2453.6000000000004,1.0,1605,303,BLAa,BLA,39,left,0
1606,1607,3,6498.339999999999,6002.08,2454.460000000001,1.0,1606,303,BLAa,BLA,39,left,1
1607,1608,3,6425.08,6010.8,2434.24,0.0546875,557,303,BLAa,BLA,40,left,0
1608,1609,3,6426.24,6013.9800000000005,2433.98,0.5,1608,303,BLAa,BLA,40,left,0
1609,1610,3,6427.42,6015.8,2433.92,1.0,1609,303,BLAa,BLA,40,left,0
1610,1611,3,6429.0,6017.98,2433.8600000000006,1.0,1610,303,BLAa,BLA,40,left,0
1611,1612,3,6429.78,6019.8,2433.74,1.0,1611,303,BLAa,BLA,40,left,0
1612,1613,3,6431.14,6021.58,2433.7000000000007,0.83203125,1612,303,BLAa,BLA,40,left,0
1613,1614,3,6432.16,6024.32,2433.5,1.0,1613,303,BLAa,BLA,40,left,0
1614,1615,3,6433.28,6027.64,2434.24,0.5,1614,303,BLAa,BLA,40,left,0
1615,1616,3,6434.28,6029.539999999999,2435.5,0.5,1615,303,BLAa,BLA,40,left,0
1616,1617,3,6435.18,6031.0,2435.879999999999,0.08203125,1616,303,BLAa,BLA,40,left,0
1617,1618,3,6434.679999999999,6032.86,2437.1800000000003,1.0,1617,303,BLAa,BLA,40,left,0
1618,1619,3,6434.62,6035.1,2439.0200000000004,1.16796875,1618,303,BLAa,BLA,40,left,0
1619,1620,3,6434.139999999999,6036.96,2440.3,1.0,1619,303,BLAa,BLA,40,left,0
1620,1621,3,6434.299999999999,6038.86,2441.58,0.75,1620,303,BLAa,BLA,40,left,0
1621,1622,3,6434.66,6040.02,2443.1399999999994,1.0,1621,303,BLAa,BLA,40,left,0
1622,1623,3,6435.72,6041.74,2444.619999999999,0.58203125,1622,303,BLAa,BLA,40,left,0
1623,1624,3,6436.84,6043.18,2445.5,1.16796875,1623,303,BLAa,BLA,40,left,0
1624,1625,3,6438.48,6044.66,2446.98,1.0,1624,303,BLAa,BLA,40,left,0
1625,1626,3,6440.22,6045.54,2448.22,0.83203125,1625,303,BLAa,BLA,40,left,0
1626,1627,3,6441.660000000001,6047.3,2448.7000000000007,0.91796875,1626,303,BLAa,BLA,40,left,0
1627,1628,3,6443.540000000001,6048.959999999999,2449.76,0.91796875,1627,303,BLAa,BLA,40,left,0
1628,1629,3,6445.14,6050.5,2450.76,0.58203125,1628,303,BLAa,BLA,40,left,0
1629,1630,3,6447.3,6052.58,2451.2800000000007,0.91796875,1629,303,BLAa,BLA,40,left,0
1630,1631,3,6449.120000000001,6055.04,2451.22,1.0,1630,303,BLAa,BLA,40,left,0
1631,1632,3,6450.280000000001,6056.56,2451.1800000000003,0.5,1631,303,BLAa,BLA,40,left,0
1632,1633,3,6452.94,6058.3,2451.3600000000006,1.0,1632,303,BLAa,BLA,40,left,0
1633,1634,3,6454.880000000001,6059.400000000001,2451.5,0.66796875,1633,303,BLAa,BLA,40,left,0
1634,1635,3,6456.219999999999,6061.06,2451.48,0.83203125,1634,303,BLAa,BLA,40,left,0
1635,1636,3,6457.799999999999,6062.179999999999,2451.5599999999995,0.75,1635,303,BLAa,BLA,40,left,0
1636,1637,3,6459.700000000001,6064.139999999999,2451.66,0.75,1636,303,BLAa,BLA,40,left,0
1637,1638,3,6461.599999999999,6065.119999999999,2452.5200000000004,1.0,1637,303,BLAa,BLA,40,left,0
1638,1639,3,6463.12,6066.799999999999,2453.0200000000004,0.66796875,1638,303,BLAa,BLA,40,left,0
1639,1640,3,6465.14,6068.76,2454.24,1.0,1639,303,BLAa,BLA,40,left,0
1640,1641,3,6465.42,6070.460000000001,2455.26,0.5,1640,303,BLAa,BLA,40,left,0
1641,1642,3,6467.200000000001,6072.08,2455.5,0.66796875,1641,303,BLAa,BLA,40,left,0
1642,1643,3,6467.5,6073.24,2456.540000000001,0.91796875,1642,303,BLAa,BLA,40,left,0
1643,1644,3,6467.34,6073.48,2458.4,0.5,1643,303,BLAa,BLA,40,left,0
1644,1645,3,6466.860000000001,6074.5,2458.98,1.0,1644,303,BLAa,BLA,40,left,0
1645,1646,3,6466.459999999999,6076.1,2461.8,0.01953125,1645,303,BLAa,BLA,40,left,0
1646,1647,3,6467.380000000001,6077.780000000001,2463.0200000000004,1.41796875,1646,303,BLAa,BLA,40,left,0
1647,1648,3,6466.88,6080.36,2464.220000000001,1.25,1647,303,BLAa,BLA,40,left,0
1648,1649,3,6466.2,6081.82,2465.4,1.0,1648,303,BLAa,BLA,40,left,0
1649,1650,3,6466.860000000001,6083.06,2466.699999999999,0.91796875,1649,303,BLAa,BLA,40,left,0
1650,1651,3,6468.5,6084.02,2466.960000000001,1.0,1650,303,BLAa,BLA,40,left,0
1651,1652,3,6468.84,6085.119999999999,2467.5,1.0,1651,303,BLAa,BLA,40,left,0
1652,1653,3,6468.22,6086.38,2469.72,0.5,1652,303,BLAa,BLA,40,left,0
1653,1654,3,6467.619999999999,6087.58,2471.6000000000004,1.0,1653,303,BLAa,BLA,40,left,0
1654,1655,3,6468.18,6089.120000000001,2472.82,0.91796875,1654,303,BLAa,BLA,40,left,0
1655,1656,3,6469.76,6090.299999999999,2473.7000000000007,0.5,1655,303,BLAa,BLA,40,left,0
1656,1657,3,6471.02,6092.56,2474.880000000001,1.0,1656,303,BLAa,BLA,40,left,0
1657,1658,3,6471.4,6093.959999999999,2475.84,0.91796875,1657,303,BLAa,BLA,40,left,0
1658,1659,3,6471.68,6096.280000000001,2476.16,0.83203125,1658,303,BLAa,BLA,40,left,0
1659,1660,3,6472.58,6097.46,2476.84,1.33203125,1659,303,BLAa,BLA,40,left,0
1660,1661,3,6471.620000000001,6100.02,2478.039999999999,1.0,1660,303,BLAa,BLA,40,left,0
1661,1662,3,6471.26,6101.98,2479.040000000001,1.0,1661,303,BLAa,BLA,40,left,0
1662,1663,3,6471.26,6103.68,2479.48,0.5,1662,303,BLAa,BLA,40,left,0
1663,1664,3,6469.84,6107.02,2479.539999999999,1.0,1663,303,BLAa,BLA,40,left,0
1664,1665,3,6469.22,6109.48,2479.120000000001,1.0,1664,303,BLAa,BLA,40,left,0
1665,1666,3,6470.320000000001,6111.219999999999,2478.48,0.5,1665,303,BLAa,BLA,40,left,0
1666,1667,3,6469.96,6113.139999999999,2476.98,1.0,1666,303,BLAa,BLA,40,left,0
1667,1668,3,6470.299999999999,6116.06,2475.82,1.0,1667,303,BLAa,BLA,40,left,0
1668,1669,3,6471.42,6118.400000000001,2475.66,1.0,1668,303,BLAa,BLA,40,left,1
1669,1670,3,6396.52,6010.96,2436.1399999999994,0.08203125,565,303,BLAa,BLA,41,left,0
1670,1671,3,6399.04,6012.619999999999,2436.3,1.0,1670,303,BLAa,BLA,41,left,0
1671,1672,3,6401.5,6013.88,2436.0,0.66796875,1671,303,BLAa,BLA,41,left,0
1672,1673,3,6403.200000000001,6015.54,2435.24,0.5,1672,303,BLAa,BLA,41,left,0
1673,1674,3,6405.56,6017.12,2434.220000000001,1.0,1673,303,BLAa,BLA,41,left,0
1674,1675,3,6407.380000000001,6017.960000000001,2433.5,0.75,1674,303,BLAa,BLA,41,left,0
1675,1676,3,6410.76,6019.52,2433.039999999999,0.66796875,1675,303,BLAa,BLA,41,left,0
1676,1677,3,6412.26,6020.860000000001,2432.3,1.16796875,1676,303,BLAa,BLA,41,left,0
1677,1678,3,6414.86,6022.86,2431.9399999999987,0.5,1677,303,BLAa,BLA,41,left,0
1678,1679,3,6416.7,6023.88,2431.3,1.0,1678,303,BLAa,BLA,41,left,0
1679,1680,3,6417.92,6025.5,2430.9400000000005,0.5,1679,303,BLAa,BLA,41,left,0
1680,1681,3,6419.38,6026.4400000000005,2429.959999999999,1.0,1680,303,BLAa,BLA,41,left,0
1681,1682,3,6421.08,6027.28,2428.0999999999985,1.0,1681,303,BLAa,BLA,41,left,0
1682,1683,3,6423.84,6028.66,2426.2000000000007,0.75,1682,303,BLAa,BLA,41,left,0
1683,1684,3,6425.16,6030.119999999999,2425.1399999999994,1.0,1683,303,BLAa,BLA,41,left,0
1684,1685,3,6426.860000000001,6031.76,2423.66,0.58203125,1684,303,BLAa,BLA,41,left,0
1685,1686,3,6428.76,6033.76,2422.140000000001,0.75,1685,303,BLAa,BLA,41,left,0
1686,1687,3,6430.78,6035.700000000001,2421.1000000000004,1.25,1686,303,BLAa,BLA,41,left,0
1687,1688,3,6432.4800000000005,6037.14,2419.84,0.58203125,1687,303,BLAa,BLA,41,left,0
1688,1689,3,6434.8,6038.82,2419.08,1.0,1688,303,BLAa,BLA,41,left,0
1689,1690,3,6436.1,6040.599999999999,2419.040000000001,0.91796875,1689,303,BLAa,BLA,41,left,0
1690,1691,3,6437.14,6042.16,2418.7800000000007,0.5,1690,303,BLAa,BLA,41,left,0
1691,1692,3,6438.58,6043.139999999999,2417.9400000000005,0.83203125,1691,303,BLAa,BLA,41,left,0
1692,1693,3,6439.9800000000005,6044.679999999999,2417.8,0.75,1692,303,BLAa,BLA,41,left,0
1693,1694,3,6442.34,6046.26,2417.08,0.02734375,1693,303,BLAa,BLA,41,left,0
1694,1695,3,6444.120000000001,6048.22,2416.66,0.75,1694,303,BLAa,BLA,41,left,0
1695,1696,3,6445.900000000001,6049.28,2415.92,1.0,1695,303,BLAa,BLA,41,left,0
1696,1697,3,6447.32,6049.9800000000005,2414.5599999999995,0.75,1696,303,BLAa,BLA,41,left,0
1697,1698,3,6448.7,6050.639999999999,2413.379999999999,0.91796875,1697,303,BLAa,BLA,41,left,0
1698,1699,3,6450.48,6051.4800000000005,2412.540000000001,0.58203125,1698,303,BLAa,BLA,41,left,0
1699,1700,3,6452.36,6052.36,2411.2000000000007,0.5,1699,303,BLAa,BLA,41,left,0
1700,1701,3,6454.160000000001,6053.200000000001,2410.2800000000007,1.0,1700,303,BLAa,BLA,41,left,0
1701,1702,3,6455.639999999999,6054.120000000001,2409.880000000001,1.0,1701,303,BLAa,BLA,41,left,0
1702,1703,3,6457.42,6056.06,2409.8,0.66796875,1702,303,BLAa,BLA,41,left,0
1703,1704,3,6459.42,6057.08,2409.24,1.0,1703,303,BLAa,BLA,41,left,0
1704,1705,3,6461.52,6057.200000000001,2409.040000000001,1.08203125,1704,303,BLAa,BLA,41,left,0
1705,1706,3,6463.540000000001,6055.299999999999,2409.6000000000004,1.66796875,1705,303,BLAa,BLA,41,left,0
1706,1707,3,6466.639999999999,6054.62,2410.32,1.0,1706,303,BLAa,BLA,41,left,0
1707,1708,3,6468.8,6053.379999999999,2411.620000000001,0.5,1707,303,BLAa,BLA,41,left,0
1708,1709,3,6472.34,6053.66,2413.58,1.0,1708,303,BLAa,BLA,41,left,0
1709,1710,3,6473.780000000001,6053.9800000000005,2414.959999999999,0.5,1709,303,BLAa,BLA,41,left,0
1710,1711,3,6476.459999999999,6054.02,2415.5600000000013,1.16796875,1710,303,BLAa,BLA,41,left,0
1711,1712,3,6479.38,6054.6,2415.9,1.0,1711,303,BLAa,BLA,41,left,0
1712,1713,3,6481.36,6054.66,2416.040000000001,0.66796875,1712,303,BLAa,BLA,41,left,0
1713,1714,3,6484.06,6055.8,2415.24,0.91796875,1713,303,BLAa,BLA,41,left,0
1714,1715,3,6486.52,6057.4800000000005,2415.26,1.0,1714,303,BLAa,BLA,41,left,0
1715,1716,3,6488.02,6058.959999999999,2415.2800000000007,1.0,1715,303,BLAa,BLA,41,left,0
1716,1717,3,6490.839999999999,6060.4,2415.48,0.03515625,1716,303,BLAa,BLA,41,left,0
1717,1718,3,6492.58,6062.06,2415.5,0.5,1717,303,BLAa,BLA,41,left,0
1718,1719,3,6494.8,6063.52,2415.620000000001,1.0,1718,303,BLAa,BLA,41,left,0
1719,1720,3,6496.2,6064.32,2416.34,0.75,1719,303,BLAa,BLA,41,left,0
1720,1721,3,6496.32,6065.22,2417.42,0.66796875,1720,303,BLAa,BLA,41,left,0
1721,1722,3,6498.66,6066.54,2419.5200000000004,1.0,1721,303,BLAa,BLA,41,left,0
1722,1723,3,6500.18,6067.14,2420.8600000000006,1.0,1722,303,BLAa,BLA,41,left,1
1723,1724,3,6396.620000000001,6009.22,2437.880000000001,0.0546875,565,303,BLAa,BLA,42,left,0
1724,1725,3,6397.780000000001,6007.46,2439.880000000001,0.58203125,1724,303,BLAa,BLA,42,left,0
1725,1726,3,6398.76,6005.320000000001,2441.1000000000004,1.0,1725,303,BLAa,BLA,42,left,0
1726,1727,3,6400.5,6004.24,2441.5200000000004,0.83203125,1726,303,BLAa,BLA,42,left,0
1727,1728,3,6402.380000000001,6004.64,2441.76,1.25,1727,303,BLAa,BLA,42,left,0
1728,1729,3,6405.16,6004.719999999999,2442.2000000000007,0.91796875,1728,303,BLAa,BLA,42,left,0
1729,1730,3,6407.94,6005.299999999999,2442.5599999999995,0.83203125,1729,303,BLAa,BLA,42,left,0
1730,1731,3,6409.52,6005.16,2442.82,1.0,1730,303,BLAa,BLA,42,left,0
1731,1732,3,6412.619999999999,6004.6,2442.720000000001,0.02734375,1731,303,BLAa,BLA,42,left,0
1732,1733,3,6415.08,6003.56,2442.6399999999994,1.0,1732,303,BLAa,BLA,42,left,0
1733,1734,3,6418.16,6003.0,2443.279999999999,1.0,1733,303,BLAa,BLA,42,left,0
1734,1735,3,6420.08,6002.14,2444.460000000001,0.66796875,1734,303,BLAa,BLA,42,left,0
1735,1736,3,6423.099999999999,6001.4800000000005,2445.48,0.75,1735,303,BLAa,BLA,42,left,0
1736,1737,3,6424.46,6000.320000000001,2446.0599999999995,1.0,1736,303,BLAa,BLA,42,left,0
1737,1738,3,6425.92,5999.96,2447.26,0.66796875,1737,303,BLAa,BLA,42,left,0
1738,1739,3,6428.360000000001,5999.9800000000005,2447.8,0.91796875,1738,303,BLAa,BLA,42,left,0
1739,1740,3,6430.4,5999.34,2448.8600000000006,0.91796875,1739,303,BLAa,BLA,42,left,0
1740,1741,3,6430.92,5998.22,2451.42,1.25,1740,303,BLAa,BLA,42,left,0
1741,1742,3,6431.96,5997.039999999999,2453.74,1.0,1741,303,BLAa,BLA,42,left,0
1742,1743,3,6434.48,5997.6,2455.42,0.91796875,1742,303,BLAa,BLA,42,left,0
1743,1744,3,6436.88,5998.24,2455.879999999999,0.58203125,1743,303,BLAa,BLA,42,left,0
1744,1745,3,6438.400000000001,5996.68,2457.24,0.75,1744,303,BLAa,BLA,42,left,0
1745,1746,3,6439.38,5994.48,2458.4400000000005,1.33203125,1745,303,BLAa,BLA,42,left,0
1746,1747,3,6439.9,5993.82,2460.119999999999,0.91796875,1746,303,BLAa,BLA,42,left,0
1747,1748,3,6441.2,5994.22,2460.9,1.0,1747,303,BLAa,BLA,42,left,0
1748,1749,3,6443.24,5994.02,2461.26,1.0,1748,303,BLAa,BLA,42,left,0
1749,1750,3,6445.72,5993.86,2461.66,1.0,1749,303,BLAa,BLA,42,left,0
1750,1751,3,6448.84,5994.58,2462.0599999999995,0.83203125,1750,303,BLAa,BLA,42,left,0
1751,1752,3,6450.639999999999,5994.539999999999,2462.34,1.0,1751,303,BLAa,BLA,42,left,0
1752,1753,3,6453.58,5995.280000000001,2462.7000000000007,1.0,1752,303,BLAa,BLA,42,left,0
1753,1754,3,6455.92,5995.839999999999,2463.0,0.66796875,1753,303,BLAa,BLA,42,left,0
1754,1755,3,6458.16,5995.119999999999,2463.459999999999,1.0,1754,303,BLAa,BLA,42,left,0
1755,1756,3,6460.92,5994.26,2464.0,0.5,1755,303,BLAa,BLA,42,left,0
1756,1757,3,6463.76,5994.120000000001,2464.640000000001,0.91796875,1756,303,BLAa,BLA,42,left,0
1757,1758,3,6465.82,5994.400000000001,2465.7000000000007,1.0,1757,303,BLAa,BLA,42,left,0
1758,1759,3,6468.06,5994.22,2466.42,0.91796875,1758,303,BLAa,BLA,42,left,0
1759,1760,3,6470.04,5994.9,2466.6399999999994,1.0,1759,303,BLAa,BLA,42,left,0
1760,1761,3,6471.78,5994.92,2466.900000000001,1.0,1760,303,BLAa,BLA,42,left,0
1761,1762,3,6473.26,5993.82,2467.3,0.5,1761,303,BLAa,BLA,42,left,0
1762,1763,3,6475.36,5994.24,2467.5599999999995,1.0,1762,303,BLAa,BLA,42,left,0
1763,1764,3,6478.06,5993.92,2468.039999999999,0.02734375,1763,303,BLAa,BLA,42,left,0
1764,1765,3,6481.219999999999,5993.540000000001,2468.58,1.0,1764,303,BLAa,BLA,42,left,0
1765,1766,3,6483.7,5993.400000000001,2468.98,1.0,1765,303,BLAa,BLA,42,left,0
1766,1767,3,6486.32,5993.18,2469.42,1.0,1766,303,BLAa,BLA,42,left,0
1767,1768,3,6488.379999999999,5993.780000000001,2470.1399999999994,1.0,1767,303,BLAa,BLA,42,left,0
1768,1769,3,6489.86,5993.48,2471.119999999999,0.5,1768,303,BLAa,BLA,42,left,0
1769,1770,3,6492.200000000001,5993.76,2471.5599999999995,0.5,1769,303,BLAa,BLA,42,left,0
1770,1771,3,6494.92,5993.8,2472.039999999999,1.16796875,1770,303,BLAa,BLA,42,left,0
1771,1772,3,6496.96,5994.539999999999,2472.98,1.0,1771,303,BLAa,BLA,42,left,0
1772,1773,3,6499.32,5995.320000000001,2473.72,0.91796875,1772,303,BLAa,BLA,42,left,0
1773,1774,3,6502.240000000001,5995.1,2474.120000000001,0.66796875,1773,303,BLAa,BLA,42,left,0
1774,1775,3,6504.299999999999,5994.880000000001,2473.7000000000007,0.5,1774,303,BLAa,BLA,42,left,0
1775,1776,3,6506.74,5995.38,2473.58,1.0,1775,303,BLAa,BLA,42,left,0
1776,1777,3,6509.0,5994.740000000001,2474.0200000000004,1.0,1776,303,BLAa,BLA,42,left,0
1777,1778,3,6512.820000000001,5993.92,2474.74,1.0,1777,303,BLAa,BLA,42,left,0
1778,1779,3,6515.4,5992.66,2474.82,1.5,1778,303,BLAa,BLA,42,left,0
1779,1780,3,6517.240000000001,5992.200000000001,2474.4399999999987,1.0,1779,303,BLAa,BLA,42,left,0
1780,1781,3,6520.5,5991.82,2474.9400000000005,1.0,1780,303,BLAa,BLA,42,left,0
1781,1782,3,6523.56,5991.639999999999,2475.4400000000005,0.0390625,1781,303,BLAa,BLA,42,left,0
1782,1783,3,6525.8,5990.839999999999,2477.039999999999,1.0,1782,303,BLAa,BLA,42,left,0
1783,1784,3,6526.040000000001,5990.16,2479.199999999999,0.5,1783,303,BLAa,BLA,42,left,0
1784,1785,3,6527.200000000001,5987.58,2481.66,1.0,1784,303,BLAa,BLA,42,left,0
1785,1786,3,6528.32,5987.039999999999,2483.120000000001,0.66796875,1785,303,BLAa,BLA,42,left,1
1786,1787,3,6381.02,6022.46,2434.0,0.01171875,569,303,BLAa,BLA,43,left,0
1787,1788,3,6380.879999999999,6022.58,2436.0599999999995,0.91796875,1787,303,BLAa,BLA,43,left,0
1788,1789,3,6380.08,6022.4800000000005,2437.7000000000007,0.5,1788,303,BLAa,BLA,43,left,0
1789,1790,3,6378.959999999999,6024.08,2439.880000000001,1.5,1789,303,BLAa,BLA,43,left,0
1790,1791,3,6378.4400000000005,6025.2,2441.82,1.0,1790,303,BLAa,BLA,43,left,0
1791,1792,3,6378.24,6025.639999999999,2443.6399999999994,1.0,1791,303,BLAa,BLA,43,left,0
1792,1793,3,6377.86,6026.42,2445.42,0.83203125,1792,303,BLAa,BLA,43,left,0
1793,1794,3,6377.179999999999,6027.86,2446.6399999999994,1.0,1793,303,BLAa,BLA,43,left,0
1794,1795,3,6376.4,6029.539999999999,2447.92,0.83203125,1794,303,BLAa,BLA,43,left,0
1795,1796,3,6375.36,6031.74,2448.7000000000007,1.0,1795,303,BLAa,BLA,43,left,0
1796,1797,3,6374.44,6033.7,2449.8,0.5,1796,303,BLAa,BLA,43,left,0
1797,1798,3,6373.3,6036.14,2450.5999999999985,0.5,1797,303,BLAa,BLA,43,left,0
1798,1799,3,6372.5,6037.84,2451.22,1.0,1798,303,BLAa,BLA,43,left,0
1799,1800,3,6370.96,6038.5,2451.459999999999,0.91796875,1799,303,BLAa,BLA,43,left,0
1800,1801,3,6368.68,6038.339999999999,2451.32,0.5,1800,303,BLAa,BLA,43,left,0
1801,1802,3,6367.34,6039.9400000000005,2451.92,1.0,1801,303,BLAa,BLA,43,left,0
1802,1803,3,6365.96,6042.92,2452.9,0.5,1802,303,BLAa,BLA,43,left,0
1803,1804,3,6364.56,6045.879999999999,2454.959999999999,0.91796875,1803,303,BLAa,BLA,43,left,0
1804,1805,3,6363.84,6047.4,2456.24,0.58203125,1804,303,BLAa,BLA,43,left,0
1805,1806,3,6363.32,6048.52,2457.7000000000007,1.0,1805,303,BLAa,BLA,43,left,0
1806,1807,3,6362.92,6049.34,2459.58,1.25,1806,303,BLAa,BLA,43,left,0
1807,1808,3,6362.66,6049.9,2461.98,0.58203125,1807,303,BLAa,BLA,43,left,0
1808,1809,3,6362.28,6050.700000000001,2463.24,0.75,1808,303,BLAa,BLA,43,left,0
1809,1810,3,6362.219999999999,6050.82,2465.9400000000005,1.0,1809,303,BLAa,BLA,43,left,0
1810,1811,3,6362.200000000001,6050.82,2468.9,0.83203125,1810,303,BLAa,BLA,43,left,0
1811,1812,3,6361.88,6051.5,2470.76,0.58203125,1811,303,BLAa,BLA,43,left,0
1812,1813,3,6361.72,6051.84,2473.300000000001,0.75,1812,303,BLAa,BLA,43,left,0
1813,1814,3,6360.42,6051.18,2475.58,0.58203125,1813,303,BLAa,BLA,43,left,0
1814,1815,3,6358.5,6050.74,2476.900000000001,0.66796875,1814,303,BLAa,BLA,43,left,0
1815,1816,3,6357.66,6051.660000000001,2478.84,0.5,1815,303,BLAa,BLA,43,left,0
1816,1817,3,6357.1,6052.799999999999,2481.1000000000004,0.5,1816,303,BLAa,BLA,43,left,0
1817,1818,3,6356.24,6053.5,2482.8599999999988,1.0,1817,303,BLAa,BLA,43,left,0
1818,1819,3,6355.280000000001,6053.68,2484.82,1.5,1818,303,BLAa,BLA,43,left,0
1819,1820,3,6353.68,6054.9,2486.66,1.16796875,1819,303,BLAa,BLA,43,left,0
1820,1821,3,6352.26,6056.08,2488.24,1.0,1820,303,BLAa,BLA,43,left,0
1821,1822,3,6351.16,6056.78,2489.779999999999,0.75,1821,303,BLAa,BLA,43,left,0
1822,1823,3,6350.42,6058.200000000001,2492.58,1.0,1822,303,BLAa,BLA,43,left,0
1823,1824,3,6349.52,6058.82,2495.42,0.0234375,1823,303,BLAa,BLA,43,left,0
1824,1825,3,6348.4400000000005,6059.64,2496.900000000001,0.66796875,1824,303,BLAa,BLA,43,left,0
1825,1826,3,6347.98,6060.460000000001,2499.7000000000007,1.0,1825,303,BLAa,BLA,43,left,0
1826,1827,3,6347.54,6061.4,2501.5200000000004,0.83203125,1826,303,BLAa,BLA,43,left,0
1827,1828,3,6346.94,6062.179999999999,2502.92,0.5,1827,303,BLAa,BLA,43,left,0
1828,1829,3,6346.16,6061.92,2504.0,0.83203125,1828,303,BLAa,BLA,43,left,0
1829,1830,3,6345.460000000001,6062.88,2506.74,1.0,1829,303,BLAa,BLA,43,left,0
1830,1831,3,6344.58,6063.82,2508.6399999999994,0.5,1830,303,BLAa,BLA,43,left,0
1831,1832,3,6342.94,6063.379999999999,2509.76,1.0,1831,303,BLAa,BLA,43,left,0
1832,1833,3,6342.12,6063.719999999999,2511.48,1.08203125,1832,303,BLAa,BLA,43,left,0
1833,1834,3,6339.9,6064.02,2512.5,1.0,1833,303,BLAa,BLA,43,left,0
1834,1835,3,6338.9400000000005,6065.06,2513.279999999999,0.66796875,1834,303,BLAa,BLA,43,left,0
1835,1836,3,6338.62,6065.74,2515.3,1.0,1835,303,BLAa,BLA,43,left,0
1836,1837,3,6379.56,6021.08,2433.34,0.00390625,569,303,BLAa,BLA,44,left,0
1837,1838,3,6377.759999999999,6023.76,2432.74,1.0,1837,303,BLAa,BLA,44,left,0
1838,1839,3,6376.639999999999,6026.18,2432.24,1.0,1838,303,BLAa,BLA,44,left,0
1839,1840,3,6375.44,6028.68,2432.0599999999995,0.91796875,1839,303,BLAa,BLA,44,left,0
1840,1841,3,6374.18,6030.1,2432.459999999999,0.91796875,1840,303,BLAa,BLA,44,left,0
1841,1842,3,6371.94,6033.24,2431.8600000000006,1.0,1841,303,BLAa,BLA,44,left,0
1842,1843,3,6370.22,6036.92,2431.1000000000004,1.0,1842,303,BLAa,BLA,44,left,0
1843,1844,3,6368.48,6040.68,2430.34,1.0,1843,303,BLAa,BLA,44,left,0
1844,1845,3,6367.32,6043.16,2429.84,1.0,1844,303,BLAa,BLA,44,left,0
1845,1846,3,6366.34,6044.539999999999,2429.5200000000004,1.0,1845,303,BLAa,BLA,44,left,0
1846,1847,3,6364.56,6046.32,2429.0200000000004,0.66796875,1846,303,BLAa,BLA,44,left,0
1847,1848,3,6363.360000000001,6048.66,2428.74,0.75,1847,303,BLAa,BLA,44,left,0
1848,1849,3,6362.240000000001,6051.2,2429.199999999999,0.83203125,1848,303,BLAa,BLA,44,left,0
1849,1850,3,6361.88,6053.66,2428.9400000000005,1.0,1849,303,BLAa,BLA,44,left,0
1850,1851,3,6360.879999999999,6057.0,2428.3600000000006,1.25,1850,303,BLAa,BLA,44,left,0
1851,1852,3,6359.160000000001,6060.700000000001,2427.619999999999,1.0,1851,303,BLAa,BLA,44,left,0
1852,1853,3,6358.099999999999,6062.98,2426.960000000001,0.91796875,1852,303,BLAa,BLA,44,left,0
1853,1854,3,6357.46,6064.38,2425.84,1.0,1853,303,BLAa,BLA,44,left,0
1854,1855,3,6356.219999999999,6067.06,2425.1000000000004,1.08203125,1854,884,amc,amc,44,left,0
1855,1856,3,6354.5,6070.76,2424.379999999999,1.16796875,1855,884,amc,amc,44,left,0
1856,1857,3,6352.780000000001,6074.52,2423.6399999999994,1.33203125,1856,884,amc,amc,44,left,0
1857,1858,3,6351.34,6077.5,2423.24,0.83203125,1857,884,amc,amc,44,left,0
1858,1859,3,6350.16,6078.76,2423.6800000000003,1.41796875,1858,884,amc,amc,44,left,0
1859,1860,3,6348.099999999999,6081.56,2423.34,1.08203125,1859,884,amc,amc,44,left,0
1860,1861,3,6346.98,6083.959999999999,2422.8599999999988,1.0,1860,884,amc,amc,44,left,0
1861,1862,3,6345.62,6086.4,2422.8,0.5,1861,884,amc,amc,44,left,0
1862,1863,3,6344.0,6087.9,2423.24,1.0,1862,966,EPv,EP,44,left,0
1863,1864,3,6342.960000000001,6089.58,2423.9,0.58203125,1863,966,EPv,EP,44,left,0
1864,1865,3,6342.02,6091.599999999999,2423.72,1.0,1864,966,EPv,EP,44,left,0
1865,1866,3,6341.12,6093.540000000001,2423.3600000000006,1.0,1865,966,EPv,EP,44,left,0
1866,1867,3,6339.740000000001,6093.9800000000005,2423.2000000000007,0.16796875,1866,966,EPv,EP,44,left,0
1867,1868,3,6338.88,6095.320000000001,2423.66,0.66796875,1867,966,EPv,EP,44,left,0
1868,1869,3,6337.3,6098.379999999999,2424.199999999999,1.0,1868,966,EPv,EP,44,left,0
1869,1870,3,6335.639999999999,6099.76,2424.98,1.33203125,1869,966,EPv,EP,44,left,0
1870,1871,3,6333.16,6102.039999999999,2425.380000000001,0.66796875,1870,966,EPv,EP,44,left,0
1871,1872,3,6331.52,6103.9,2425.9400000000005,0.91796875,1871,966,EPv,EP,44,left,0
1872,1873,3,6329.139999999999,6104.9,2427.42,0.5,1872,966,EPv,EP,44,left,0
1873,1874,3,6327.179999999999,6104.26,2428.66,0.66796875,1873,966,EPv,EP,44,left,0
1874,1875,3,6326.08,6104.46,2429.9,1.0,1874,966,EPv,EP,44,left,0
1875,1876,3,6325.4,6105.879999999999,2431.5599999999995,0.58203125,1875,966,EPv,EP,44,left,0
1876,1877,3,6324.86,6107.02,2433.5,1.0,1876,966,EPv,EP,44,left,0
1877,1878,3,6323.82,6107.5,2435.460000000001,0.83203125,1877,966,EPv,EP,44,left,0
1878,1879,3,6322.4800000000005,6107.780000000001,2436.5599999999995,0.5,1878,966,EPv,EP,44,left,0
1879,1880,3,6321.040000000001,6109.06,2438.92,1.08203125,1879,966,EPv,EP,44,left,0
1880,1881,3,6319.139999999999,6111.02,2440.1800000000003,0.91796875,1880,966,EPv,EP,44,left,0
1881,1882,3,6317.46,6111.4800000000005,2441.5200000000004,0.58203125,1881,966,EPv,EP,44,left,0
1882,1883,3,6316.1,6111.0,2442.6000000000004,1.0,1882,966,EPv,EP,44,left,0
1883,1884,3,6315.16,6112.46,2444.120000000001,0.91796875,1883,966,EPv,EP,44,left,0
1884,1885,3,6313.9800000000005,6114.62,2444.58,0.66796875,1884,966,EPv,EP,44,left,0
1885,1886,3,6312.6,6115.42,2445.08,0.5,1885,966,EPv,EP,44,left,0
1886,1887,3,6311.56,6115.4,2446.699999999999,1.0,1886,966,EPv,EP,44,left,0
1887,1888,3,6310.2,6116.34,2447.459999999999,0.91796875,1887,966,EPv,EP,44,left,0
1888,1889,3,6308.02,6116.56,2447.960000000001,1.08203125,1888,966,EPv,EP,44,left,0
1889,1890,3,6307.16,6117.380000000001,2448.98,0.66796875,1889,966,EPv,EP,44,left,0
1890,1891,3,6305.639999999999,6119.26,2449.3,0.66796875,1890,966,EPv,EP,44,left,0
1891,1892,3,6303.32,6119.700000000001,2449.34,1.0,1891,966,EPv,EP,44,left,0
1892,1893,3,6301.58,6120.78,2450.24,1.5,1892,966,EPv,EP,44,left,0
1893,1894,3,6300.259999999999,6123.0,2451.0599999999995,1.41796875,1893,966,EPv,EP,44,left,0
1894,1895,3,6298.24,6124.679999999999,2452.84,0.83203125,1894,966,EPv,EP,44,left,0
1895,1896,3,6296.3,6125.72,2453.9,1.08203125,1895,966,EPv,EP,44,left,0
1896,1897,3,6295.599999999999,6126.88,2454.4399999999987,1.0,1896,966,EPv,EP,44,left,0
1897,1898,3,6293.18,6126.58,2455.0200000000004,0.03515625,1897,966,EPv,EP,44,left,0
1898,1899,3,6292.039999999999,6126.96,2456.620000000001,0.5,1898,966,EPv,EP,44,left,0
1899,1900,3,6291.36,6126.78,2459.7000000000007,1.83203125,1899,966,EPv,EP,44,left,0
1900,1901,3,6291.08,6127.36,2461.22,1.41796875,1900,966,EPv,EP,44,left,0
1901,1902,3,6290.4,6128.82,2461.16,1.33203125,1901,966,EPv,EP,44,left,0
1902,1903,3,6289.539999999999,6130.62,2462.380000000001,0.75,1902,966,EPv,EP,44,left,0
1903,1904,3,6288.74,6131.3,2463.880000000001,1.0,1903,966,EPv,EP,44,left,0
1904,1905,3,6286.84,6131.32,2464.34,0.5,1904,966,EPv,EP,44,left,0
1905,1906,3,6285.879999999999,6132.34,2465.1399999999994,1.58203125,1905,966,EPv,EP,44,left,0
1906,1907,3,6285.14,6133.88,2467.5599999999995,0.75,1906,966,EPv,EP,44,left,0
1907,1908,3,6284.48,6135.280000000001,2468.880000000001,0.83203125,1907,966,EPv,EP,44,left,0
1908,1909,3,6283.88,6136.5,2470.1399999999994,0.91796875,1908,966,EPv,EP,44,left,0
1909,1910,3,6283.099999999999,6137.200000000001,2471.720000000001,0.83203125,1909,966,EPv,EP,44,left,0
1910,1911,3,6281.5,6137.46,2472.5200000000004,1.0,1910,966,EPv,EP,44,left,0
1911,1912,3,6279.84,6139.04,2472.880000000001,1.16796875,1911,966,EPv,EP,44,left,0
1912,1913,3,6278.88,6141.040000000001,2474.460000000001,0.58203125,1912,966,EPv,EP,44,left,0
1913,1914,3,6277.960000000001,6142.54,2475.98,0.83203125,1913,966,EPv,EP,44,left,0
1914,1915,3,6276.94,6142.88,2477.16,0.5,1914,966,EPv,EP,44,left,0
1915,1916,3,6275.56,6145.0,2478.32,1.0,1915,966,EPv,EP,44,left,0
1916,1917,3,6274.86,6146.459999999999,2480.0200000000004,0.58203125,1916,966,EPv,EP,44,left,0
1917,1918,3,6273.68,6148.959999999999,2480.9,0.75,1917,966,EPv,EP,44,left,0
1918,1919,3,6272.4400000000005,6151.54,2482.5200000000004,0.58203125,1918,966,EPv,EP,44,left,0
1919,1920,3,6271.74,6152.960000000001,2483.9,1.25,1919,966,EPv,EP,44,left,0
1920,1921,3,6271.24,6154.02,2485.620000000001,1.16796875,1920,966,EPv,EP,44,left,0
1921,1922,3,6270.52,6155.5,2486.1800000000003,1.41796875,1921,966,EPv,EP,44,left,0
1922,1923,3,6269.46,6157.74,2487.48,0.58203125,1922,966,EPv,EP,44,left,0
1923,1924,3,6268.139999999999,6160.34,2488.379999999999,0.5,1923,966,EPv,EP,44,left,0
1924,1925,3,6266.56,6162.0,2488.42,0.91796875,1924,966,EPv,EP,44,left,0
1925,1926,3,6265.24,6163.62,2489.3,1.0,1925,966,EPv,EP,44,left,0
1926,1927,3,6263.719999999999,6166.1,2490.5,1.08203125,1926,966,EPv,EP,44,left,0
1927,1928,3,6261.7,6166.599999999999,2491.22,1.0,1927,966,EPv,EP,44,left,0
1928,1929,3,6258.959999999999,6165.900000000001,2491.82,1.0,1928,966,EPv,EP,44,left,0
1929,1930,3,6258.6,6165.66,2494.619999999999,0.0546875,1929,966,EPv,EP,44,left,0
1930,1931,3,6258.0,6165.36,2496.620000000001,1.0,1930,966,EPv,EP,44,left,0
1931,1932,3,6256.74,6165.06,2496.66,0.5,1931,966,EPv,EP,44,left,0
1932,1933,3,6255.68,6165.8,2498.2000000000007,1.41796875,1932,966,EPv,EP,44,left,0
1933,1934,3,6255.320000000001,6166.52,2500.2800000000007,1.16796875,1933,966,EPv,EP,44,left,0
1934,1935,3,6254.58,6166.74,2502.1000000000004,0.75,1934,966,EPv,EP,44,left,0
1935,1936,3,6252.380000000001,6166.459999999999,2503.24,1.0,1935,966,EPv,EP,44,left,0
1936,1937,3,6251.12,6166.799999999999,2504.6800000000003,0.91796875,1936,966,EPv,EP,44,left,0
1937,1938,3,6249.66,6167.380000000001,2505.879999999999,0.66796875,1937,966,EPv,EP,44,left,0
1938,1939,3,6247.84,6166.76,2506.4400000000005,0.91796875,1938,966,EPv,EP,44,left,1
1939,1940,3,6439.18,5986.3,2423.22,0.11328125,641,303,BLAa,BLA,45,left,0
1940,1941,3,6441.2,5983.339999999999,2423.0200000000004,0.75,1940,303,BLAa,BLA,45,left,0
1941,1942,3,6442.68,5981.84,2422.4400000000005,0.66796875,1941,303,BLAa,BLA,45,left,0
1942,1943,3,6445.0,5981.42,2422.26,1.0,1942,303,BLAa,BLA,45,left,0
1943,1944,3,6447.7,5981.900000000001,2422.4400000000005,0.5,1943,303,BLAa,BLA,45,left,0
1944,1945,3,6449.0,5980.900000000001,2421.48,0.75,1944,303,BLAa,BLA,45,left,0
1945,1946,3,6450.36,5980.119999999999,2419.619999999999,1.0,1945,303,BLAa,BLA,45,left,0
1946,1947,3,6452.06,5979.02,2418.58,1.0,1946,303,BLAa,BLA,45,left,0
1947,1948,3,6453.64,5979.400000000001,2418.0600000000013,1.0,1947,303,BLAa,BLA,45,left,0
1948,1949,3,6455.16,5978.76,2417.82,0.91796875,1948,303,BLAa,BLA,45,left,0
1949,1950,3,6456.24,5976.72,2418.279999999999,1.0,1949,303,BLAa,BLA,45,left,0
1950,1951,3,6457.52,5975.38,2418.6800000000003,0.5,1950,303,BLAa,BLA,45,left,0
1951,1952,3,6459.28,5975.08,2419.0,1.0,1951,303,BLAa,BLA,45,left,0
1952,1953,3,6460.66,5973.339999999999,2419.460000000001,1.25,1952,303,BLAa,BLA,45,left,0
1953,1954,3,6462.820000000001,5971.06,2419.84,1.41796875,1953,303,BLAa,BLA,45,left,0
1954,1955,3,6464.02,5968.959999999999,2419.5200000000004,1.25,1954,303,BLAa,BLA,45,left,0
1955,1956,3,6465.98,5967.16,2419.92,1.0,1955,303,BLAa,BLA,45,left,0
1956,1957,3,6467.68,5965.52,2420.4400000000005,0.75,1956,303,BLAa,BLA,45,left,0
1957,1958,3,6469.28,5963.04,2421.0599999999995,1.33203125,1957,303,BLAa,BLA,45,left,0
1958,1959,3,6470.06,5961.280000000001,2420.84,1.25,1958,303,BLAa,BLA,45,left,0
1959,1960,3,6470.900000000001,5959.46,2419.72,1.41796875,1959,303,BLAa,BLA,45,left,0
1960,1961,3,6472.36,5956.280000000001,2418.6399999999994,1.08203125,1960,303,BLAa,BLA,45,left,0
1961,1962,3,6473.56,5954.66,2418.039999999999,0.83203125,1961,303,BLAa,BLA,45,left,0
1962,1963,3,6475.58,5954.24,2418.039999999999,0.5,1962,303,BLAa,BLA,45,left,0
1963,1964,3,6476.620000000001,5952.98,2417.16,0.66796875,1963,303,BLAa,BLA,45,left,0
1964,1965,3,6477.68,5950.68,2415.24,0.58203125,1964,303,BLAa,BLA,45,left,0
1965,1966,3,6478.66,5948.719999999999,2414.26,1.0,1965,303,BLAa,BLA,45,left,0
1966,1967,3,6479.9400000000005,5947.7,2413.5200000000004,0.83203125,1966,303,BLAa,BLA,45,left,0
1967,1968,3,6481.12,5946.2,2412.8599999999988,0.5,1967,303,BLAa,BLA,45,left,0
1968,1969,3,6481.96,5944.360000000001,2412.24,1.16796875,1968,303,BLAa,BLA,45,left,0
1969,1970,3,6483.139999999999,5942.54,2411.4400000000005,0.5,1969,303,BLAa,BLA,45,left,0
1970,1971,3,6484.139999999999,5942.219999999999,2410.4,0.83203125,1970,303,BLAa,BLA,45,left,0
1971,1972,3,6485.14,5940.460000000001,2409.779999999999,1.33203125,1971,303,BLAa,BLA,45,left,0
1972,1973,3,6485.98,5938.62,2409.1800000000003,0.83203125,1972,303,BLAa,BLA,45,left,0
1973,1974,3,6487.92,5936.74,2407.8599999999988,0.91796875,1973,303,BLAa,BLA,45,left,0
1974,1975,3,6489.56,5935.900000000001,2406.6399999999994,0.91796875,1974,303,BLAa,BLA,45,left,0
1975,1976,3,6490.299999999999,5935.280000000001,2405.460000000001,1.0,1975,303,BLAa,BLA,45,left,0
1976,1977,3,6492.0,5936.06,2405.380000000001,0.08203125,1976,303,BLAa,BLA,45,left,0
1977,1978,3,6492.72,5936.08,2403.6800000000003,0.83203125,1977,303,BLAa,BLA,45,left,0
1978,1979,3,6493.06,5935.4,2401.76,0.91796875,1978,303,BLAa,BLA,45,left,0
1979,1980,3,6494.160000000001,5935.82,2399.7000000000007,1.0,1979,303,BLAa,BLA,45,left,0
1980,1981,3,6496.2,5936.54,2399.1800000000003,0.5,1980,303,BLAa,BLA,45,left,0
1981,1982,3,6497.219999999999,5935.66,2397.9400000000005,1.0,1981,303,BLAa,BLA,45,left,0
1982,1983,3,6498.66,5934.719999999999,2396.040000000001,0.5,1982,303,BLAa,BLA,45,left,0
1983,1984,3,6499.740000000001,5933.099999999999,2395.119999999999,1.08203125,1983,303,BLAa,BLA,45,left,0
1984,1985,3,6500.44,5931.68,2393.0,1.0,1984,303,BLAa,BLA,45,left,0
1985,1986,3,6501.34,5930.76,2391.720000000001,0.66796875,1985,303,BLAa,BLA,45,left,0
1986,1987,3,6503.7,5930.879999999999,2390.620000000001,0.5,1986,303,BLAa,BLA,45,left,0
1987,1988,3,6505.2,5929.9800000000005,2389.84,0.66796875,1987,303,BLAa,BLA,45,left,0
1988,1989,3,6505.82,5929.2,2387.26,1.08203125,1988,303,BLAa,BLA,45,left,0
1989,1990,3,6506.18,5928.46,2385.620000000001,1.0,1989,303,BLAa,BLA,45,left,0
1990,1991,3,6507.7,5927.960000000001,2384.7000000000007,0.75,1990,303,BLAa,BLA,45,left,0
1991,1992,3,6509.42,5928.42,2384.1000000000004,1.0,1991,303,BLAa,BLA,45,left,0
1992,1993,3,6510.82,5927.52,2383.24,1.0,1992,303,BLAa,BLA,45,left,0
1993,1994,3,6511.4400000000005,5926.16,2382.0,0.75,1993,303,BLAa,BLA,45,left,0
1994,1995,3,6512.16,5924.28,2379.98,0.58203125,1994,303,BLAa,BLA,45,left,0
1995,1996,3,6512.240000000001,5922.200000000001,2379.9,0.66796875,1995,303,BLAa,BLA,45,left,0
1996,1997,3,6511.3,5920.78,2379.0,1.0,1996,303,BLAa,BLA,45,left,0
1997,1998,3,6508.5,5919.6,2377.459999999999,1.0,1997,303,BLAa,BLA,45,left,0
1998,1999,3,6507.28,5918.6,2376.22,0.75,1998,303,BLAa,BLA,45,left,0
1999,2000,3,6507.200000000001,5916.02,2375.48,0.75,1999,303,BLAa,BLA,45,left,0
2000,2001,3,6506.24,5914.22,2374.32,1.0,2000,303,BLAa,BLA,45,left,0
2001,2002,3,6505.320000000001,5912.799999999999,2373.42,1.33203125,2001,303,BLAa,BLA,45,left,1
2002,2003,3,6437.7,5987.9,2423.9400000000005,0.08203125,641,303,BLAa,BLA,46,left,0
2003,2004,3,6439.34,5990.54,2423.92,1.0,2003,303,BLAa,BLA,46,left,0
2004,2005,3,6440.44,5992.58,2424.3,1.0,2004,303,BLAa,BLA,46,left,0
2005,2006,3,6441.82,5994.28,2424.98,0.5,2005,303,BLAa,BLA,46,left,0
2006,2007,3,6443.06,5998.06,2424.379999999999,1.0,2006,303,BLAa,BLA,46,left,0
2007,2008,3,6443.5,5999.46,2423.459999999999,1.08203125,2007,303,BLAa,BLA,46,left,0
2008,2009,3,6444.8,6001.459999999999,2422.8599999999988,1.08203125,2008,303,BLAa,BLA,46,left,0
2009,2010,3,6446.0,6003.24,2421.8,0.58203125,2009,303,BLAa,BLA,46,left,0
2010,2011,3,6447.820000000001,6006.96,2420.220000000001,0.58203125,2010,303,BLAa,BLA,46,left,0
2011,2012,3,6449.099999999999,6008.9800000000005,2419.3,0.91796875,2011,303,BLAa,BLA,46,left,0
2012,2013,3,6450.16,6011.36,2418.8,0.75,2012,303,BLAa,BLA,46,left,0
2013,2014,3,6451.38,6013.959999999999,2418.619999999999,1.0,2013,303,BLAa,BLA,46,left,0
2014,2015,3,6452.88,6015.9400000000005,2418.5599999999995,1.0,2014,303,BLAa,BLA,46,left,0
2015,2016,3,6454.700000000001,6018.200000000001,2418.540000000001,1.0,2015,303,BLAa,BLA,46,left,0
2016,2017,3,6457.0,6020.320000000001,2418.58,0.5,2016,303,BLAa,BLA,46,left,0
2017,2018,3,6458.26,6021.88,2418.5599999999995,1.0,2017,303,BLAa,BLA,46,left,0
2018,2019,3,6459.719999999999,6023.780000000001,2418.459999999999,1.0,2018,303,BLAa,BLA,46,left,0
2019,2020,3,6461.2,6024.64,2417.84,1.0,2019,303,BLAa,BLA,46,left,0
2020,2021,3,6464.08,6025.92,2417.6000000000004,1.08203125,2020,303,BLAa,BLA,46,left,0
2021,2022,3,6467.5,6027.4400000000005,2417.9,1.0,2021,303,BLAa,BLA,46,left,0
2022,2023,3,6469.78,6028.4400000000005,2418.0999999999985,1.0,2022,303,BLAa,BLA,46,left,0
2023,2024,3,6471.92,6029.400000000001,2418.0,0.5,2023,303,BLAa,BLA,46,left,0
2024,2025,3,6473.719999999999,6030.299999999999,2416.540000000001,1.0,2024,303,BLAa,BLA,46,left,0
2025,2026,3,6475.0,6031.860000000001,2414.66,1.0,2025,303,BLAa,BLA,46,left,0
2026,2027,3,6476.56,6033.12,2414.1000000000004,0.58203125,2026,303,BLAa,BLA,46,left,0
2027,2028,3,6478.52,6034.04,2413.039999999999,0.58203125,2027,303,BLAa,BLA,46,left,0
2028,2029,3,6480.5,6034.9800000000005,2411.6000000000004,1.0,2028,303,BLAa,BLA,46,left,0
2029,2030,3,6481.92,6035.900000000001,2411.16,0.75,2029,303,BLAa,BLA,46,left,0
2030,2031,3,6483.780000000001,6037.84,2411.16,1.0,2030,303,BLAa,BLA,46,left,0
2031,2032,3,6486.3,6039.099999999999,2410.879999999999,1.0,2031,303,BLAa,BLA,46,left,0
2032,2033,3,6487.6,6039.700000000001,2410.2800000000007,1.0,2032,303,BLAa,BLA,46,left,0
2033,2034,3,6489.539999999999,6040.5,2411.540000000001,0.07421875,2033,303,BLAa,BLA,46,left,0
2034,2035,3,6491.78,6041.4800000000005,2412.039999999999,0.75,2034,303,BLAa,BLA,46,left,0
2035,2036,3,6493.12,6042.02,2413.0200000000004,0.75,2035,303,BLAa,BLA,46,left,0
2036,2037,3,6495.599999999999,6043.12,2413.459999999999,1.0,2036,303,BLAa,BLA,46,left,0
2037,2038,3,6499.04,6044.62,2413.74,1.0,2037,303,BLAa,BLA,46,left,0
2038,2039,3,6502.56,6046.16,2414.040000000001,1.0,2038,303,BLAa,BLA,46,left,0
2039,2040,3,6504.86,6047.179999999999,2414.24,1.0,2039,303,BLAa,BLA,46,left,0
2040,2041,3,6506.84,6048.04,2414.5,0.91796875,2040,303,BLAa,BLA,46,left,0
2041,2042,3,6508.32,6048.66,2415.4,0.5,2041,303,BLAa,BLA,46,left,0
2042,2043,3,6511.219999999999,6049.8,2416.7800000000007,0.91796875,2042,303,BLAa,BLA,46,left,0
2043,2044,3,6513.26,6049.76,2417.6399999999994,0.75,2043,303,BLAa,BLA,46,left,0
2044,2045,3,6516.32,6050.72,2417.98,0.91796875,2044,303,BLAa,BLA,46,left,0
2045,2046,3,6517.54,6052.08,2417.960000000001,1.0,2045,303,BLAa,BLA,46,left,0
2046,2047,3,6520.14,6053.76,2418.0999999999985,1.0,2046,303,BLAa,BLA,46,left,0
2047,2048,3,6522.86,6054.96,2418.22,0.91796875,2047,303,BLAa,BLA,46,left,0
2048,2049,3,6524.34,6055.56,2417.619999999999,1.0,2048,303,BLAa,BLA,46,left,0
2049,2050,3,6526.5,6055.38,2417.5,0.5,2049,303,BLAa,BLA,46,left,0
2050,2051,3,6529.28,6055.22,2417.84,0.75,2050,303,BLAa,BLA,46,left,0
2051,2052,3,6531.24,6055.72,2417.34,1.0,2051,303,BLAa,BLA,46,left,0
2052,2053,3,6534.139999999999,6057.02,2417.0599999999995,1.0,2052,303,BLAa,BLA,46,left,0
2053,2054,3,6537.380000000001,6058.46,2416.98,0.75,2053,303,BLAa,BLA,46,left,0
2054,2055,3,6539.52,6059.42,2416.34,0.91796875,2054,303,BLAa,BLA,46,left,0
2055,2056,3,6541.5,6061.02,2416.24,1.16796875,2055,303,BLAa,BLA,46,left,0
2056,2057,3,6542.9,6063.0,2416.16,1.0,2056,303,BLAa,BLA,46,left,0
2057,2058,3,6545.14,6065.52,2417.140000000001,1.25,2057,303,BLAa,BLA,46,left,0
2058,2059,3,6546.52,6066.78,2418.74,0.91796875,2058,303,BLAa,BLA,46,left,0
2059,2060,3,6548.68,6067.98,2420.1399999999994,1.0,2059,303,BLAa,BLA,46,left,0
2060,2061,3,6548.8,6069.28,2419.959999999999,1.0,2060,303,BLAa,BLA,46,left,1
2061,2062,3,6387.240000000001,5950.599999999999,2415.8600000000006,0.08203125,650,303,BLAa,BLA,47,left,0
2062,2063,3,6388.52,5947.68,2416.9399999999987,1.0,2062,303,BLAa,BLA,47,left,0
2063,2064,3,6389.9800000000005,5944.58,2417.66,1.0,2063,303,BLAa,BLA,47,left,0
2064,2065,3,6391.040000000001,5942.32,2418.7000000000007,1.5,2064,303,BLAa,BLA,47,left,0
2065,2066,3,6392.619999999999,5938.92,2420.16,1.0,2065,303,BLAa,BLA,47,left,0
2066,2067,3,6394.160000000001,5935.96,2421.58,0.58203125,2066,303,BLAa,BLA,47,left,0
2067,2068,3,6395.62,5934.64,2423.120000000001,0.5,2067,303,BLAa,BLA,47,left,0
2068,2069,3,6397.4,5931.76,2424.5200000000004,1.0,2068,303,BLAa,BLA,47,left,0
2069,2070,3,6399.139999999999,5929.84,2425.1000000000004,1.25,2069,303,BLAa,BLA,47,left,0
2070,2071,3,6400.78,5927.74,2425.66,1.0,2070,303,BLAa,BLA,47,left,0
2071,2072,3,6402.84,5925.56,2426.32,0.91796875,2071,303,BLAa,BLA,47,left,0
2072,2073,3,6404.679999999999,5922.94,2427.0200000000004,1.0,2072,303,BLAa,BLA,47,left,0
2073,2074,3,6406.2,5921.280000000001,2427.5,1.25,2073,303,BLAa,BLA,47,left,0
2074,2075,3,6407.42,5918.8,2427.08,1.0,2074,303,BLAa,BLA,47,left,0
2075,2076,3,6408.5,5916.799999999999,2426.26,0.75,2075,303,BLAa,BLA,47,left,0
2076,2077,3,6410.460000000001,5914.82,2426.620000000001,0.91796875,2076,303,BLAa,BLA,47,left,0
2077,2078,3,6411.799999999999,5912.219999999999,2427.039999999999,1.41796875,2077,303,BLAa,BLA,47,left,0
2078,2079,3,6412.72,5910.24,2426.2800000000007,0.83203125,2078,303,BLAa,BLA,47,left,0
2079,2080,3,6414.740000000001,5905.8,2426.0599999999995,1.0,2079,303,BLAa,BLA,47,left,0
2080,2081,3,6415.82,5903.4400000000005,2425.879999999999,0.91796875,2080,303,BLAa,BLA,47,left,0
2081,2082,3,6417.26,5900.320000000001,2426.08,1.33203125,2081,303,BLAa,BLA,47,left,0
2082,2083,3,6418.360000000001,5897.92,2426.620000000001,1.0,2082,303,BLAa,BLA,47,left,0
2083,2084,3,6420.06,5896.68,2427.16,0.83203125,2083,303,BLAa,BLA,47,left,0
2084,2085,3,6421.4400000000005,5896.599999999999,2428.120000000001,1.41796875,2084,303,BLAa,BLA,47,left,0
2085,2086,3,6422.52,5894.76,2429.5599999999995,1.25,2085,303,BLAa,BLA,47,left,0
2086,2087,3,6423.5,5892.6,2431.26,0.5,2086,303,BLAa,BLA,47,left,0
2087,2088,3,6424.740000000001,5889.9,2433.7000000000007,0.5,2087,303,BLAa,BLA,47,left,0
2088,2089,3,6425.900000000001,5887.36,2435.58,1.0,2088,303,BLAa,BLA,47,left,0
2089,2090,3,6426.82,5885.38,2437.0599999999995,1.08203125,2089,303,BLAa,BLA,47,left,0
2090,2091,3,6427.68,5883.48,2437.98,1.0,2090,303,BLAa,BLA,47,left,0
2091,2092,3,6428.88,5883.339999999999,2438.84,0.16796875,2091,303,BLAa,BLA,47,left,0
2092,2093,3,6429.679999999999,5882.1,2440.58,1.0,2092,303,BLAa,BLA,47,left,0
2093,2094,3,6430.9400000000005,5880.280000000001,2442.74,1.08203125,2093,303,BLAa,BLA,47,left,0
2094,2095,3,6432.74,5880.280000000001,2443.7000000000007,0.91796875,2094,303,BLAa,BLA,47,left,0
2095,2096,3,6433.68,5879.22,2445.539999999999,1.0,2095,303,BLAa,BLA,47,left,0
2096,2097,3,6434.28,5877.92,2449.640000000001,1.08203125,2096,303,BLAa,BLA,47,left,0
2097,2098,3,6434.04,5877.68,2452.0200000000004,0.83203125,2097,303,BLAa,BLA,47,left,0
2098,2099,3,6432.98,5877.14,2453.3600000000006,1.0,2098,303,BLAa,BLA,47,left,0
2099,2100,3,6430.56,5876.040000000001,2454.82,0.91796875,2099,303,BLAa,BLA,47,left,0
2100,2101,3,6428.719999999999,5875.900000000001,2456.1000000000004,1.0,2100,303,BLAa,BLA,47,left,0
2101,2102,3,6425.78,5875.16,2457.880000000001,1.0,2101,303,BLAa,BLA,47,left,0
2102,2103,3,6424.42,5873.88,2459.1399999999994,1.0,2102,303,BLAa,BLA,47,left,0
2103,2104,3,6423.68,5872.1,2460.1800000000003,0.83203125,2103,303,BLAa,BLA,47,left,0
2104,2105,3,6423.3,5869.880000000001,2462.4,1.0,2104,303,BLAa,BLA,47,left,0
2105,2106,3,6423.08,5868.68,2463.459999999999,1.0,2105,303,BLAa,BLA,47,left,0
2106,2107,3,6424.0,5865.62,2464.1800000000003,1.0,2106,303,BLAa,BLA,47,left,0
2107,2108,3,6425.119999999999,5863.200000000001,2464.72,1.0,2107,303,BLAa,BLA,47,left,1
2108,2109,3,6389.2,5950.42,2413.24,0.02734375,650,303,BLAa,BLA,48,left,0
2109,2110,3,6390.82,5948.58,2412.8599999999988,1.08203125,2109,303,BLAa,BLA,48,left,0
2110,2111,3,6391.72,5947.0,2412.540000000001,1.0,2110,303,BLAa,BLA,48,left,0
2111,2112,3,6393.56,5946.58,2412.6399999999994,1.0,2111,303,BLAa,BLA,48,left,0
2112,2113,3,6394.9400000000005,5946.94,2412.039999999999,0.91796875,2112,303,BLAa,BLA,48,left,0
2113,2114,3,6397.34,5945.8,2412.279999999999,1.0,2113,303,BLAa,BLA,48,left,0
2114,2115,3,6399.32,5944.04,2412.8599999999988,1.0,2114,303,BLAa,BLA,48,left,0
2115,2116,3,6401.42,5941.68,2413.3600000000006,1.08203125,2115,303,BLAa,BLA,48,left,0
2116,2117,3,6403.379999999999,5941.06,2412.8,0.66796875,2116,303,BLAa,BLA,48,left,0
2117,2118,3,6405.14,5940.839999999999,2412.2000000000007,1.5,2117,303,BLAa,BLA,48,left,0
2118,2119,3,6406.1,5939.299999999999,2411.5200000000004,0.75,2118,303,BLAa,BLA,48,left,0
2119,2120,3,6406.94,5938.0,2410.1399999999994,1.0,2119,303,BLAa,BLA,48,left,0
2120,2121,3,6408.780000000001,5936.58,2409.539999999999,0.75,2120,303,BLAa,BLA,48,left,0
2121,2122,3,6411.56,5936.040000000001,2409.2800000000007,1.33203125,2121,303,BLAa,BLA,48,left,0
2122,2123,3,6413.24,5936.02,2408.7800000000007,0.83203125,2122,303,BLAa,BLA,48,left,0
2123,2124,3,6414.92,5935.0,2408.82,1.0,2123,303,BLAa,BLA,48,left,0
2124,2125,3,6415.460000000001,5933.84,2407.66,0.91796875,2124,303,BLAa,BLA,48,left,0
2125,2126,3,6416.54,5932.36,2407.0200000000004,1.41796875,2125,303,BLAa,BLA,48,left,0
2126,2127,3,6418.62,5931.74,2406.4400000000005,0.91796875,2126,303,BLAa,BLA,48,left,0
2127,2128,3,6420.44,5931.620000000001,2405.82,0.75,2127,303,BLAa,BLA,48,left,0
2128,2129,3,6422.240000000001,5930.280000000001,2405.82,0.75,2128,303,BLAa,BLA,48,left,0
2129,2130,3,6423.780000000001,5928.18,2405.879999999999,0.58203125,2129,303,BLAa,BLA,48,left,0
2130,2131,3,6425.56,5927.799999999999,2405.32,0.5,2130,303,BLAa,BLA,48,left,0
2131,2132,3,6427.86,5926.900000000001,2404.72,0.75,2131,303,BLAa,BLA,48,left,0
2132,2133,3,6429.46,5926.72,2404.1800000000003,1.25,2132,303,BLAa,BLA,48,left,0
2133,2134,3,6431.7,5925.52,2404.220000000001,0.91796875,2133,303,BLAa,BLA,48,left,0
2134,2135,3,6434.06,5925.24,2404.640000000001,1.0,2134,303,BLAa,BLA,48,left,0
2135,2136,3,6435.52,5923.86,2404.220000000001,0.66796875,2135,303,BLAa,BLA,48,left,0
2136,2137,3,6437.240000000001,5922.86,2403.22,0.5,2136,303,BLAa,BLA,48,left,0
2137,2138,3,6438.8,5921.799999999999,2401.24,0.83203125,2137,303,BLAa,BLA,48,left,0
2138,2139,3,6439.8,5919.6,2400.98,0.75,2138,303,BLAa,BLA,48,left,0
2139,2140,3,6440.839999999999,5917.34,2400.460000000001,1.0,2139,303,BLAa,BLA,48,left,0
2140,2141,3,6442.3,5916.799999999999,2399.72,1.0,2140,303,BLAa,BLA,48,left,0
2141,2142,3,6444.24,5917.219999999999,2399.7000000000007,0.58203125,2141,303,BLAa,BLA,48,left,0
2142,2143,3,6445.56,5916.2,2398.98,1.0,2142,303,BLAa,BLA,48,left,0
2143,2144,3,6446.900000000001,5915.320000000001,2397.76,0.5,2143,303,BLAa,BLA,48,left,0
2144,2145,3,6447.820000000001,5914.120000000001,2395.72,1.25,2144,303,BLAa,BLA,48,left,0
2145,2146,3,6448.42,5912.780000000001,2394.959999999999,0.5,2145,303,BLAa,BLA,48,left,0
2146,2147,3,6451.599999999999,5912.84,2394.98,0.01953125,2146,303,BLAa,BLA,48,left,0
2147,2148,3,6453.780000000001,5913.3,2394.2800000000007,1.0,2147,303,BLAa,BLA,48,left,0
2148,2149,3,6455.1,5913.200000000001,2393.42,0.91796875,2148,303,BLAa,BLA,48,left,0
2149,2150,3,6456.52,5911.76,2393.24,1.0,2149,303,BLAa,BLA,48,left,0
2150,2151,3,6458.66,5910.700000000001,2392.0599999999995,0.66796875,2150,303,BLAa,BLA,48,left,0
2151,2152,3,6461.14,5909.160000000001,2391.5200000000004,1.0,2151,303,BLAa,BLA,48,left,0
2152,2153,3,6462.86,5907.68,2391.0599999999995,0.66796875,2152,303,BLAa,BLA,48,left,0
2153,2154,3,6464.0,5906.72,2390.620000000001,0.91796875,2153,303,BLAa,BLA,48,left,0
2154,2155,3,6466.38,5906.32,2390.5,0.91796875,2154,303,BLAa,BLA,48,left,0
2155,2156,3,6468.06,5905.280000000001,2389.640000000001,0.66796875,2155,303,BLAa,BLA,48,left,0
2156,2157,3,6470.98,5903.26,2389.539999999999,1.0,2156,303,BLAa,BLA,48,left,0
2157,2158,3,6473.379999999999,5902.759999999999,2389.34,0.91796875,2157,303,BLAa,BLA,48,left,0
2158,2159,3,6476.36,5902.94,2389.0,0.83203125,2158,303,BLAa,BLA,48,left,0
2159,2160,3,6478.139999999999,5903.74,2387.960000000001,1.0,2159,303,BLAa,BLA,48,left,0
2160,2161,3,6480.96,5903.5,2387.24,1.0,2160,303,BLAa,BLA,48,left,0
2161,2162,3,6483.84,5903.400000000001,2386.76,0.5,2161,303,BLAa,BLA,48,left,0
2162,2163,3,6486.18,5903.56,2386.6800000000003,1.0,2162,303,BLAa,BLA,48,left,0
2163,2164,3,6488.540000000001,5903.48,2386.22,0.5,2163,303,BLAa,BLA,48,left,0
2164,2165,3,6491.72,5904.120000000001,2386.26,1.0,2164,303,BLAa,BLA,48,left,0
2165,2166,3,6493.92,5905.1,2386.4400000000005,1.0,2165,303,BLAa,BLA,48,left,0
2166,2167,3,6496.38,5905.82,2386.699999999999,1.0,2166,303,BLAa,BLA,48,left,0
2167,2168,3,6498.4400000000005,5905.82,2387.16,0.91796875,2167,303,BLAa,BLA,48,left,0
2168,2169,3,6501.2,5906.82,2388.459999999999,0.91796875,2168,303,BLAa,BLA,48,left,0
2169,2170,3,6503.52,5908.42,2388.66,0.83203125,2169,303,BLAa,BLA,48,left,0
2170,2171,3,6504.44,5910.879999999999,2387.82,0.91796875,2170,303,BLAa,BLA,48,left,0
2171,2172,3,6504.76,5912.54,2386.960000000001,0.83203125,2171,303,BLAa,BLA,48,left,1
2172,2173,3,6375.68,5972.12,2388.0200000000004,0.0078125,660,303,BLAa,BLA,49,left,0
2173,2174,3,6376.3,5971.4400000000005,2386.699999999999,0.91796875,2173,303,BLAa,BLA,49,left,0
2174,2175,3,6378.06,5972.039999999999,2385.1800000000003,0.75,2174,303,BLAa,BLA,49,left,0
2175,2176,3,6379.82,5972.94,2382.22,1.0,2175,884,amc,amc,49,left,0
2176,2177,3,6380.700000000001,5973.42,2379.959999999999,1.0,2176,884,amc,amc,49,left,0
2177,2178,3,6382.16,5974.099999999999,2379.0200000000004,1.0,2177,884,amc,amc,49,left,0
2178,2179,3,6383.48,5975.62,2378.7000000000007,0.91796875,2178,884,amc,amc,49,left,0
2179,2180,3,6383.82,5977.32,2377.74,0.75,2179,884,amc,amc,49,left,0
2180,2181,3,6385.82,5979.679999999999,2377.2000000000007,0.91796875,2180,303,BLAa,BLA,49,left,0
2181,2182,3,6386.599999999999,5981.34,2376.3,1.08203125,2181,303,BLAa,BLA,49,left,0
2182,2183,3,6388.719999999999,5983.400000000001,2375.460000000001,1.16796875,2182,303,BLAa,BLA,49,left,0
2183,2184,3,6390.299999999999,5985.08,2374.9400000000005,0.75,2183,884,amc,amc,49,left,0
2184,2185,3,6392.68,5986.56,2373.9,1.0,2184,884,amc,amc,49,left,0
2185,2186,3,6393.8,5986.639999999999,2371.879999999999,0.75,2185,884,amc,amc,49,left,0
2186,2187,3,6395.04,5986.32,2370.34,0.5,2186,884,amc,amc,49,left,0
2187,2188,3,6396.76,5987.08,2369.26,1.0,2187,884,amc,amc,49,left,0
2188,2189,3,6398.0,5987.3,2367.380000000001,0.91796875,2188,884,amc,amc,49,left,0
2189,2190,3,6399.0,5986.68,2365.74,1.0,2189,884,amc,amc,49,left,0
2190,2191,3,6400.34,5985.24,2363.76,1.0,2190,884,amc,amc,49,left,0
2191,2192,3,6401.42,5983.959999999999,2362.8599999999988,0.58203125,2191,884,amc,amc,49,left,0
2192,2193,3,6404.32,5983.76,2361.92,1.16796875,2192,884,amc,amc,49,left,0
2193,2194,3,6406.56,5983.18,2361.0599999999995,0.75,2193,884,amc,amc,49,left,0
2194,2195,3,6409.18,5983.08,2360.380000000001,0.5,2194,884,amc,amc,49,left,0
2195,2196,3,6411.219999999999,5983.5,2359.7000000000007,1.08203125,2195,884,amc,amc,49,left,0
2196,2197,3,6414.08,5984.8,2359.4399999999987,1.0,2196,884,amc,amc,49,left,0
2197,2198,3,6417.4800000000005,5986.34,2359.74,1.08203125,2197,303,BLAa,BLA,49,left,0
2198,2199,3,6419.76,5987.380000000001,2359.92,1.0,2198,303,BLAa,BLA,49,left,0
2199,2200,3,6422.26,5988.099999999999,2360.2000000000007,1.0,2199,303,BLAa,BLA,49,left,0
2200,2201,3,6424.34,5988.12,2360.66,0.83203125,2200,303,BLAa,BLA,49,left,0
2201,2202,3,6425.76,5988.540000000001,2361.620000000001,0.75,2201,303,BLAa,BLA,49,left,0
2202,2203,3,6427.0,5987.759999999999,2362.24,1.0,2202,303,BLAa,BLA,49,left,0
2203,2204,3,6429.02,5985.52,2362.880000000001,1.0,2203,303,BLAa,BLA,49,left,0
2204,2205,3,6430.98,5985.0,2363.74,1.08203125,2204,303,BLAa,BLA,49,left,0
2205,2206,3,6432.68,5985.599999999999,2364.619999999999,1.0,2205,303,BLAa,BLA,49,left,0
2206,2207,3,6435.04,5985.320000000001,2365.08,1.08203125,2206,303,BLAa,BLA,49,left,0
2207,2208,3,6436.4,5983.52,2365.5600000000013,1.0,2207,303,BLAa,BLA,49,left,0
2208,2209,3,6438.16,5982.6,2365.959999999999,1.0,2208,303,BLAa,BLA,49,left,0
2209,2210,3,6440.900000000001,5983.28,2366.620000000001,0.58203125,2209,303,BLAa,BLA,49,left,0
2210,2211,3,6442.86,5983.959999999999,2367.6000000000004,0.66796875,2210,303,BLAa,BLA,49,left,0
2211,2212,3,6445.42,5983.9400000000005,2368.300000000001,0.75,2211,303,BLAa,BLA,49,left,0
2212,2213,3,6447.219999999999,5984.539999999999,2369.26,0.75,2212,303,BLAa,BLA,49,left,0
2213,2214,3,6450.259999999999,5984.539999999999,2371.380000000001,0.0078125,2213,303,BLAa,BLA,49,left,0
2214,2215,3,6452.7,5985.36,2373.4400000000005,0.58203125,2214,303,BLAa,BLA,49,left,0
2215,2216,3,6453.08,5985.460000000001,2375.040000000001,1.0,2215,303,BLAa,BLA,49,left,0
2216,2217,3,6452.58,5983.7,2375.5999999999985,0.11328125,2216,303,BLAa,BLA,49,left,0
2217,2218,3,6451.040000000001,5981.74,2376.22,0.91796875,2217,303,BLAa,BLA,49,left,0
2218,2219,3,6449.84,5979.8,2377.66,1.0,2218,303,BLAa,BLA,49,left,0
2219,2220,3,6448.42,5976.860000000001,2378.619999999999,1.0,2219,303,BLAa,BLA,49,left,0
2220,2221,3,6448.540000000001,5974.2,2378.880000000001,0.66796875,2220,303,BLAa,BLA,49,left,0
2221,2222,3,6448.9800000000005,5972.36,2378.300000000001,0.58203125,2221,303,BLAa,BLA,49,left,0
2222,2223,3,6448.18,5971.08,2378.16,0.91796875,2222,303,BLAa,BLA,49,left,0
2223,2224,3,6448.18,5968.5,2378.540000000001,1.0,2223,303,BLAa,BLA,49,left,0
2224,2225,3,6449.76,5965.0,2379.3,1.08203125,2224,303,BLAa,BLA,49,left,0
2225,2226,3,6450.879999999999,5962.54,2379.8600000000006,1.0,2225,303,BLAa,BLA,49,left,1
2226,2227,3,6373.04,5971.08,2390.5999999999985,0.02734375,660,303,BLAa,BLA,50,left,0
2227,2228,3,6371.06,5970.66,2388.42,0.5,2227,303,BLAa,BLA,50,left,0
2228,2229,3,6370.119999999999,5971.219999999999,2386.2000000000007,0.5,2228,303,BLAa,BLA,50,left,0
2229,2230,3,6368.360000000001,5970.900000000001,2384.379999999999,0.58203125,2229,884,amc,amc,50,left,0
2230,2231,3,6367.28,5971.860000000001,2382.7000000000007,1.0,2230,884,amc,amc,50,left,0
2231,2232,3,6365.44,5972.46,2380.9,1.0,2231,884,amc,amc,50,left,0
2232,2233,3,6363.719999999999,5971.7,2379.82,1.0,2232,884,amc,amc,50,left,0
2233,2234,3,6362.54,5970.280000000001,2379.0599999999995,1.0,2233,884,amc,amc,50,left,0
2234,2235,3,6362.02,5968.4400000000005,2378.7000000000007,1.0,2234,884,amc,amc,50,left,0
2235,2236,3,6360.82,5967.200000000001,2377.459999999999,0.5,2235,884,amc,amc,50,left,0
2236,2237,3,6360.460000000001,5966.040000000001,2375.8600000000006,0.5,2236,884,amc,amc,50,left,0
2237,2238,3,6359.32,5964.22,2375.0599999999995,0.02734375,2237,884,amc,amc,50,left,0
2238,2239,3,6358.16,5962.72,2371.699999999999,0.58203125,2238,884,amc,amc,50,left,0
2239,2240,3,6356.98,5959.46,2370.380000000001,0.5,2239,884,amc,amc,50,left,0
2240,2241,3,6356.52,5957.200000000001,2369.84,0.5,2240,884,amc,amc,50,left,0
2241,2242,3,6354.02,5956.219999999999,2370.72,0.015625,2241,884,amc,amc,50,left,0
2242,2243,3,6351.4,5955.839999999999,2372.24,1.0,2242,884,amc,amc,50,left,0
2243,2244,3,6349.48,5955.839999999999,2373.76,0.5,2243,884,amc,amc,50,left,0
2244,2245,3,6346.92,5956.06,2373.58,1.33203125,2244,884,amc,amc,50,left,0
2245,2246,3,6345.22,5956.06,2374.08,0.5,2245,884,amc,amc,50,left,0
2246,2247,3,6342.5,5956.06,2374.2800000000007,0.5,2246,884,amc,amc,50,left,0
2247,2248,3,6340.320000000001,5955.16,2374.8600000000006,0.91796875,2247,884,amc,amc,50,left,0
2248,2249,3,6338.04,5954.099999999999,2375.6399999999994,0.75,2248,884,amc,amc,50,left,0
2249,2250,3,6336.74,5953.48,2377.08,0.91796875,2249,884,amc,amc,50,left,0
2250,2251,3,6335.54,5952.5,2379.48,0.75,2250,884,amc,amc,50,left,0
2251,2252,3,6335.06,5951.32,2380.539999999999,0.5,2251,884,amc,amc,50,left,0
2252,2253,3,6333.64,5949.86,2381.0,0.58203125,2252,884,amc,amc,50,left,0
2253,2254,3,6332.42,5947.4,2381.1399999999994,1.25,2253,884,amc,amc,50,left,0
2254,2255,3,6332.0,5945.42,2381.540000000001,1.0,2254,884,amc,amc,50,left,0
2255,2256,3,6332.14,5943.88,2382.7000000000007,1.16796875,2255,884,amc,amc,50,left,0
2256,2257,3,6332.799999999999,5941.34,2383.300000000001,1.08203125,2256,884,amc,amc,50,left,0
2257,2258,3,6333.08,5939.18,2383.6399999999994,1.0,2257,884,amc,amc,50,left,0
2258,2259,3,6333.56,5936.14,2384.1399999999994,0.02734375,2258,884,amc,amc,50,left,0
2259,2260,3,6334.120000000001,5933.4400000000005,2384.619999999999,1.0,2259,884,amc,amc,50,left,0
2260,2261,3,6334.2,5931.219999999999,2384.9400000000005,0.91796875,2260,884,amc,amc,50,left,0
2261,2262,3,6334.9,5928.9800000000005,2384.84,1.33203125,2261,884,amc,amc,50,left,0
2262,2263,3,6334.56,5927.9,2383.7000000000007,0.83203125,2262,884,amc,amc,50,left,0
2263,2264,3,6335.2,5925.78,2382.84,0.66796875,2263,884,amc,amc,50,left,0
2264,2265,3,6336.24,5923.400000000001,2382.0200000000004,1.0,2264,884,amc,amc,50,left,0
2265,2266,3,6336.42,5921.34,2381.5200000000004,1.0,2265,884,amc,amc,50,left,0
2266,2267,3,6336.799999999999,5919.38,2380.5600000000013,1.0,2266,884,amc,amc,50,left,0
2267,2268,3,6337.98,5916.799999999999,2379.040000000001,0.91796875,2267,884,amc,amc,50,left,0
2268,2269,3,6339.06,5914.539999999999,2379.24,1.0,2268,884,amc,amc,50,left,0
2269,2270,3,6340.92,5912.66,2379.1800000000003,0.91796875,2269,884,amc,amc,50,left,0
2270,2271,3,6341.98,5911.18,2378.0999999999985,0.75,2270,884,amc,amc,50,left,0
2271,2272,3,6344.099999999999,5911.24,2378.0600000000013,0.0625,2271,884,amc,amc,50,left,0
2272,2273,3,6346.42,5909.9800000000005,2378.58,0.83203125,2272,303,BLAa,BLA,50,left,0
2273,2274,3,6348.04,5909.58,2378.5,1.41796875,2273,303,BLAa,BLA,50,left,0
2274,2275,3,6349.04,5907.88,2377.039999999999,0.91796875,2274,303,BLAa,BLA,50,left,0
2275,2276,3,6350.44,5905.8,2376.58,0.58203125,2275,303,BLAa,BLA,50,left,0
2276,2277,3,6352.72,5904.099999999999,2376.699999999999,1.0,2276,303,BLAa,BLA,50,left,0
2277,2278,3,6354.56,5902.0,2377.3,1.33203125,2277,303,BLAa,BLA,50,left,0
2278,2279,3,6355.38,5900.4,2380.58,0.03515625,2278,303,BLAa,BLA,50,left,0
2279,2280,3,6356.4400000000005,5898.200000000001,2381.98,1.0,2279,303,BLAa,BLA,50,left,0
2280,2281,3,6357.820000000001,5895.22,2382.0,1.5,2280,303,BLAa,BLA,50,left,0
2281,2282,3,6358.74,5893.24,2380.98,0.5,2281,303,BLAa,BLA,50,left,0
2282,2283,3,6359.719999999999,5891.2,2379.8600000000006,0.02734375,2282,303,BLAa,BLA,50,left,0
2283,2284,3,6360.92,5890.34,2378.9,0.75,2283,303,BLAa,BLA,50,left,0
2284,2285,3,6362.88,5888.540000000001,2378.379999999999,0.83203125,2284,303,BLAa,BLA,50,left,0
2285,2286,3,6364.160000000001,5887.240000000001,2377.619999999999,0.5,2285,303,BLAa,BLA,50,left,1
2286,2287,3,6331.02,5928.08,2487.24,0.0546875,691,303,BLAa,BLA,51,left,0
2287,2288,3,6329.24,5928.379999999999,2489.040000000001,0.5,2287,303,BLAa,BLA,51,left,0
2288,2289,3,6327.6,5928.46,2490.2800000000007,1.0,2288,303,BLAa,BLA,51,left,0
2289,2290,3,6326.82,5928.92,2492.3,1.0,2289,303,BLAa,BLA,51,left,0
2290,2291,3,6326.040000000001,5928.92,2494.26,0.75,2290,303,BLAa,BLA,51,left,0
2291,2292,3,6323.9800000000005,5929.08,2496.119999999999,1.0,2291,303,BLAa,BLA,51,left,0
2292,2293,3,6322.68,5928.48,2497.92,0.83203125,2292,303,BLAa,BLA,51,left,0
2293,2294,3,6332.619999999999,5927.9,2485.24,0.16796875,691,303,BLAa,BLA,52,left,0
2294,2295,3,6332.08,5925.54,2485.3,1.0,2294,303,BLAa,BLA,52,left,0
2295,2296,3,6331.040000000001,5921.98,2485.58,1.0,2295,303,BLAa,BLA,52,left,0
2296,2297,3,6330.320000000001,5919.700000000001,2485.74,1.0,2296,303,BLAa,BLA,52,left,0
2297,2298,3,6329.120000000001,5917.32,2485.84,1.25,2297,303,BLAa,BLA,52,left,0
2298,2299,3,6329.44,5914.9400000000005,2486.2000000000007,1.08203125,2298,303,BLAa,BLA,52,left,0
2299,2300,3,6328.379999999999,5912.06,2486.98,1.0,2299,303,BLAa,BLA,52,left,0
2300,2301,3,6327.52,5909.64,2488.379999999999,1.08203125,2300,303,BLAa,BLA,52,left,0
2301,2302,3,6327.219999999999,5907.54,2489.26,0.83203125,2301,303,BLAa,BLA,52,left,0
2302,2303,3,6326.4800000000005,5905.72,2489.379999999999,0.046875,2302,303,BLAa,BLA,52,left,0
2303,2304,3,6325.24,5903.099999999999,2489.5,1.0,2303,303,BLAa,BLA,52,left,0
2304,2305,3,6324.9,5901.4,2489.66,1.0,2304,303,BLAa,BLA,52,left,0
2305,2306,3,6317.16,5962.98,2417.34,0.01953125,761,303,BLAa,BLA,53,left,0
2306,2307,3,6316.040000000001,5961.26,2415.9400000000005,0.75,2306,303,BLAa,BLA,53,left,0
2307,2308,3,6315.639999999999,5960.299999999999,2414.460000000001,0.5,2307,884,amc,amc,53,left,0
2308,2309,3,6314.66,5959.099999999999,2412.2000000000007,1.0,2308,884,amc,amc,53,left,0
2309,2310,3,6313.02,5958.400000000001,2410.34,1.0,2309,884,amc,amc,53,left,0
2310,2311,3,6310.639999999999,5957.380000000001,2408.7800000000007,0.5,2310,884,amc,amc,53,left,0
2311,2312,3,6308.18,5956.32,2406.4400000000005,1.0,2311,884,amc,amc,53,left,0
2312,2313,3,6306.860000000001,5955.78,2404.8600000000006,1.0,2312,884,amc,amc,53,left,0
2313,2314,3,6304.58,5954.78,2403.300000000001,1.0,2313,884,amc,amc,53,left,0
2314,2315,3,6302.42,5954.0,2402.16,1.0,2314,884,amc,amc,53,left,0
2315,2316,3,6299.46,5953.9,2401.34,1.0,2315,884,amc,amc,53,left,0
2316,2317,3,6297.14,5953.24,2401.040000000001,1.25,2316,884,amc,amc,53,left,0
2317,2318,3,6294.92,5953.32,2400.800000000001,0.66796875,2317,884,amc,amc,53,left,0
2318,2319,3,6293.24,5952.88,2401.34,1.0,2318,884,amc,amc,53,left,0
2319,2320,3,6290.92,5953.0,2401.4400000000005,0.75,2319,884,amc,amc,53,left,0
2320,2321,3,6288.86,5952.240000000001,2402.08,0.91796875,2320,884,amc,amc,53,left,0
2321,2322,3,6286.42,5951.12,2403.1399999999994,0.91796875,2321,884,amc,amc,53,left,0
2322,2323,3,6284.06,5950.639999999999,2402.9400000000005,1.16796875,2322,966,EPv,EP,53,left,0
2323,2324,3,6282.12,5950.599999999999,2402.76,1.08203125,2323,966,EPv,EP,53,left,0
2324,2325,3,6280.16,5949.8,2403.5,0.91796875,2324,966,EPv,EP,53,left,0
2325,2326,3,6278.360000000001,5949.24,2403.4,1.0,2325,966,EPv,EP,53,left,0
2326,2327,3,6276.42,5949.46,2402.7000000000007,0.5,2326,966,EPv,EP,53,left,0
2327,2328,3,6273.8,5949.52,2401.42,0.5,2327,966,EPv,EP,53,left,0
2328,2329,3,6271.74,5950.299999999999,2400.879999999999,1.0,2328,966,EPv,EP,53,left,0
2329,2330,3,6268.540000000001,5950.599999999999,2400.84,0.02734375,2329,966,EPv,EP,53,left,0
2330,2331,3,6265.299999999999,5951.4,2400.879999999999,1.0,2330,966,EPv,EP,53,left,0
2331,2332,3,6262.28,5952.74,2400.2000000000007,1.0,2331,966,EPv,EP,53,left,0
2332,2333,3,6260.72,5954.84,2399.66,1.0,2332,966,EPv,EP,53,left,0
2333,2334,3,6259.56,5956.68,2398.72,0.66796875,2333,966,EPv,EP,53,left,0
2334,2335,3,6258.0,5956.5,2397.140000000001,0.58203125,2334,966,EPv,EP,53,left,0
2335,2336,3,6255.119999999999,5955.22,2395.119999999999,1.0,2335,966,EPv,EP,53,left,0
2336,2337,3,6253.66,5954.6,2393.0200000000004,0.66796875,2336,966,EPv,EP,53,left,0
2337,2338,3,6251.76,5954.0,2391.9399999999987,1.0,2337,966,EPv,EP,53,left,0
2338,2339,3,6249.8,5956.459999999999,2391.3,1.0,2338,966,EPv,EP,53,left,0
2339,2340,3,6247.5,5959.34,2390.5600000000013,1.0,2339,966,EPv,EP,53,left,0
2340,2341,3,6245.68,5959.880000000001,2390.1800000000003,1.0,2340,966,EPv,EP,53,left,0
2341,2342,3,6245.599999999999,5962.039999999999,2391.34,0.02734375,2341,966,EPv,EP,53,left,0
2342,2343,3,6244.400000000001,5964.6,2392.140000000001,0.5,2342,966,EPv,EP,53,left,0
2343,2344,3,6243.22,5967.0,2392.9,0.83203125,2343,966,EPv,EP,53,left,0
2344,2345,3,6242.84,5969.42,2393.92,0.58203125,2344,966,EPv,EP,53,left,0
2345,2346,3,6242.36,5971.660000000001,2394.9,2.25,2345,966,EPv,EP,53,left,0
2346,2347,3,6241.459999999999,5974.0,2395.2800000000007,1.0,2346,966,EPv,EP,53,left,0
2347,2348,3,6243.0,5975.44,2395.380000000001,2.25,2347,966,EPv,EP,53,left,0
2348,2349,3,6245.04,5976.36,2395.620000000001,1.0,2348,966,EPv,EP,53,left,0
2349,2350,3,6246.7,5977.1,2395.800000000001,1.0,2349,966,EPv,EP,53,left,0
2350,2351,3,6242.6,5975.259999999999,2395.34,0.01171875,2350,966,EPv,EP,53,left,0
2351,2352,3,6240.42,5974.299999999999,2394.66,0.66796875,2351,966,EPv,EP,53,left,0
2352,2353,3,6239.64,5974.2,2393.0600000000013,0.75,2352,966,EPv,EP,53,left,0
2353,2354,3,6238.6,5976.18,2392.0200000000004,1.5,2353,966,EPv,EP,53,left,0
2354,2355,3,6237.4800000000005,5978.360000000001,2391.58,1.0,2354,966,EPv,EP,53,left,0
2355,2356,3,6235.700000000001,5978.22,2389.640000000001,0.0546875,2355,966,EPv,EP,53,left,0
2356,2357,3,6234.64,5977.780000000001,2387.26,1.0,2356,966,EPv,EP,53,left,0
2357,2358,3,6232.68,5976.92,2385.9,1.0,2357,966,EPv,EP,53,left,0
2358,2359,3,6230.62,5975.4,2385.74,1.0,2358,966,EPv,EP,53,left,0
2359,2360,3,6229.22,5973.92,2385.6800000000003,1.0,2359,966,EPv,EP,53,left,1
2360,2361,3,6318.4400000000005,5963.9,2418.4,0.08203125,761,303,BLAa,BLA,54,left,0
2361,2362,3,6317.46,5964.52,2419.2800000000007,2.25,2361,303,BLAa,BLA,54,left,0
2362,2363,3,6316.96,5964.400000000001,2421.459999999999,0.75,2362,303,BLAa,BLA,54,left,0
2363,2364,3,6315.02,5963.48,2423.4400000000005,1.0,2363,303,BLAa,BLA,54,left,0
2364,2365,3,6311.82,5962.200000000001,2424.58,1.0,2364,884,amc,amc,54,left,0
2365,2366,3,6310.02,5962.34,2425.7000000000007,0.5,2365,303,BLAa,BLA,54,left,0
2366,2367,3,6308.26,5962.06,2427.4400000000005,0.66796875,2366,303,BLAa,BLA,54,left,0
2367,2368,3,6307.08,5962.4400000000005,2428.279999999999,1.33203125,2367,303,BLAa,BLA,54,left,0
2368,2369,3,6305.9400000000005,5962.26,2430.220000000001,0.75,2368,303,BLAa,BLA,54,left,0
2369,2370,3,6305.04,5961.799999999999,2431.960000000001,0.91796875,2369,303,BLAa,BLA,54,left,0
2370,2371,3,6303.339999999999,5961.02,2433.24,1.0,2370,303,BLAa,BLA,54,left,0
2371,2372,3,6301.660000000001,5960.24,2434.9,1.0,2371,303,BLAa,BLA,54,left,0
2372,2373,3,6300.06,5959.46,2437.22,1.0,2372,303,BLAa,BLA,54,left,0
2373,2374,3,6298.4400000000005,5958.719999999999,2438.3600000000006,1.0,2373,303,BLAa,BLA,54,left,0
2374,2375,3,6297.799999999999,5958.24,2440.98,0.91796875,2374,303,BLAa,BLA,54,left,0
2375,2376,3,6297.64,5957.02,2442.6000000000004,0.83203125,2375,303,BLAa,BLA,54,left,0
2376,2377,3,6296.54,5956.24,2443.32,0.91796875,2376,303,BLAa,BLA,54,left,0
2377,2378,3,6295.14,5953.8,2444.5200000000004,0.03515625,2377,303,BLAa,BLA,54,left,0
2378,2379,3,6294.08,5950.639999999999,2446.66,1.0,2378,303,BLAa,BLA,54,left,0
2379,2380,3,6292.960000000001,5948.5,2448.459999999999,0.91796875,2379,303,BLAa,BLA,54,left,0
2380,2381,3,6291.660000000001,5947.28,2449.0200000000004,1.25,2380,303,BLAa,BLA,54,left,0
2381,2382,3,6291.72,5945.8,2450.040000000001,0.58203125,2381,303,BLAa,BLA,54,left,0
2382,2383,3,6290.76,5944.06,2451.3,0.5,2382,303,BLAa,BLA,54,left,0
2383,2384,3,6289.34,5942.4800000000005,2451.9399999999987,0.91796875,2383,303,BLAa,BLA,54,left,0
2384,2385,3,6288.200000000001,5941.76,2453.42,1.0,2384,303,BLAa,BLA,54,left,0
2385,2386,3,6286.58,5941.02,2454.779999999999,1.0,2385,303,BLAa,BLA,54,left,0
2386,2387,3,6285.8,5940.62,2456.42,1.0,2386,303,BLAa,BLA,54,left,0
2387,2388,3,6284.46,5939.9800000000005,2459.0200000000004,1.0,2387,303,BLAa,BLA,54,left,0
2388,2389,3,6283.099999999999,5939.360000000001,2460.380000000001,1.0,2388,303,BLAa,BLA,54,left,0
2389,2390,3,6281.38,5937.7,2460.98,0.83203125,2389,303,BLAa,BLA,54,left,0
2390,2391,3,6280.76,5936.14,2461.84,1.0,2390,303,BLAa,BLA,54,left,0
2391,2392,3,6279.44,5934.679999999999,2462.6800000000003,1.0,2391,303,BLAa,BLA,54,left,0
2392,2393,3,6278.76,5934.360000000001,2463.98,1.16796875,2392,303,BLAa,BLA,54,left,0
2393,2394,3,6276.900000000001,5933.52,2465.82,1.0,2393,303,BLAa,BLA,54,left,0
2394,2395,3,6276.12,5933.12,2467.58,0.58203125,2394,303,BLAa,BLA,54,left,0
2395,2396,3,6274.2,5932.28,2468.0600000000013,0.046875,2395,303,BLAa,BLA,54,left,0
2396,2397,3,6272.820000000001,5932.02,2469.48,0.58203125,2396,303,BLAa,BLA,54,left,0
2397,2398,3,6272.26,5932.68,2471.380000000001,0.91796875,2397,303,BLAa,BLA,54,left,0
2398,2399,3,6271.54,5932.54,2473.74,1.0,2398,303,BLAa,BLA,54,left,0
2399,2400,3,6269.9800000000005,5932.6,2474.74,1.41796875,2399,303,BLAa,BLA,54,left,0
2400,2401,3,6267.74,5932.32,2476.08,1.08203125,2400,303,BLAa,BLA,54,left,0
2401,2402,3,6267.4,5932.3,2477.98,0.91796875,2401,303,BLAa,BLA,54,left,0
2402,2403,3,6266.4400000000005,5932.960000000001,2478.84,1.0,2402,303,BLAa,BLA,54,left,0
2403,2404,3,6264.6,5932.88,2479.220000000001,0.91796875,2403,303,BLAa,BLA,54,left,0
2404,2405,3,6263.06,5933.76,2479.640000000001,0.66796875,2404,303,BLAa,BLA,54,left,0
2405,2406,3,6262.52,5934.44,2482.5,1.83203125,2405,303,BLAa,BLA,54,left,0
2406,2407,3,6262.64,5934.46,2484.9400000000005,1.0,2406,303,BLAa,BLA,54,left,0
2407,2408,3,6262.92,5934.46,2490.0599999999995,0.01171875,2407,303,BLAa,BLA,54,left,0
2408,2409,3,6263.12,5934.46,2493.880000000001,1.83203125,2408,303,BLAa,BLA,54,left,0
2409,2410,3,6263.32,5934.46,2497.6800000000003,1.41796875,2409,303,BLAa,BLA,54,left,0
2410,2411,3,6263.08,5934.32,2500.0200000000004,1.08203125,2410,303,BLAa,BLA,54,left,0
2411,2412,3,6261.56,5933.64,2500.959999999999,2.0,2411,303,BLAa,BLA,54,left,0
2412,2413,3,6260.54,5933.18,2502.540000000001,1.83203125,2412,303,BLAa,BLA,54,left,0
2413,2414,3,6260.02,5932.9,2504.640000000001,1.08203125,2413,303,BLAa,BLA,54,left,0
2414,2415,3,6257.820000000001,5931.92,2506.22,0.66796875,2414,303,BLAa,BLA,54,left,0
2415,2416,3,6256.06,5931.16,2507.3,1.0,2415,303,BLAa,BLA,54,left,0
2416,2417,3,6255.1,5930.72,2508.459999999999,1.0,2416,303,BLAa,BLA,54,left,1
2417,2418,3,6342.98,5999.82,2431.42,0.01953125,818,303,BLAa,BLA,55,left,0
2418,2419,3,6341.94,6000.02,2432.6800000000003,1.58203125,2418,303,BLAa,BLA,55,left,0
2419,2420,3,6341.4,6001.14,2433.72,0.58203125,2419,303,BLAa,BLA,55,left,0
2420,2421,3,6340.2,6002.06,2435.959999999999,1.83203125,2420,303,BLAa,BLA,55,left,0
2421,2422,3,6338.22,6003.12,2437.5,0.5,2421,303,BLAa,BLA,55,left,0
2422,2423,3,6336.54,6003.22,2438.66,0.58203125,2422,303,BLAa,BLA,55,left,0
2423,2424,3,6335.700000000001,6004.5,2439.9400000000005,2.25,2423,303,BLAa,BLA,55,left,0
2424,2425,3,6335.02,6005.96,2441.3,1.33203125,2424,303,BLAa,BLA,55,left,0
2425,2426,3,6334.08,6006.42,2443.1800000000003,0.83203125,2425,303,BLAa,BLA,55,left,0
2426,2427,3,6332.84,6006.74,2444.619999999999,0.5,2426,303,BLAa,BLA,55,left,0
2427,2428,3,6329.66,6006.18,2446.42,1.25,2427,303,BLAa,BLA,55,left,0
2428,2429,3,6328.339999999999,6006.459999999999,2447.8599999999988,1.0,2428,303,BLAa,BLA,55,left,0
2429,2430,3,6327.5,6007.46,2448.459999999999,1.0,2429,303,BLAa,BLA,55,left,0
2430,2431,3,6326.36,6007.32,2449.1800000000003,0.11328125,2430,303,BLAa,BLA,55,left,0
2431,2432,3,6325.48,6008.360000000001,2450.959999999999,0.5,2431,303,BLAa,BLA,55,left,0
2432,2433,3,6324.02,6009.32,2452.48,1.16796875,2432,303,BLAa,BLA,55,left,0
2433,2434,3,6322.619999999999,6009.76,2453.459999999999,0.75,2433,303,BLAa,BLA,55,left,0
2434,2435,3,6320.72,6009.92,2453.98,0.91796875,2434,303,BLAa,BLA,55,left,0
2435,2436,3,6319.0,6009.539999999999,2454.66,0.83203125,2435,303,BLAa,BLA,55,left,0
2436,2437,3,6318.32,6009.6,2456.34,0.75,2436,303,BLAa,BLA,55,left,0
2437,2438,3,6317.72,6010.2,2458.279999999999,0.5,2437,303,BLAa,BLA,55,left,0
2438,2439,3,6315.860000000001,6009.48,2460.76,1.0,2438,303,BLAa,BLA,55,left,0
2439,2440,3,6314.44,6008.82,2462.119999999999,1.0,2439,303,BLAa,BLA,55,left,0
2440,2441,3,6312.960000000001,6008.139999999999,2462.720000000001,1.0,2440,303,BLAa,BLA,55,left,0
2441,2442,3,6312.4400000000005,6007.86,2464.72,1.0,2441,303,BLAa,BLA,55,left,0
2442,2443,3,6312.4,6008.02,2466.74,0.75,2442,303,BLAa,BLA,55,left,0
2443,2444,3,6312.02,6008.9,2468.48,1.5,2443,303,BLAa,BLA,55,left,0
2444,2445,3,6311.82,6009.400000000001,2470.48,0.66796875,2444,303,BLAa,BLA,55,left,0
2445,2446,3,6311.2,6010.700000000001,2472.039999999999,0.5,2445,303,BLAa,BLA,55,left,0
2446,2447,3,6310.68,6011.88,2474.0599999999995,0.83203125,2446,303,BLAa,BLA,55,left,0
2447,2448,3,6309.58,6014.2,2476.1399999999994,0.66796875,2447,303,BLAa,BLA,55,left,0
2448,2449,3,6308.84,6015.78,2477.619999999999,1.16796875,2448,303,BLAa,BLA,55,left,0
2449,2450,3,6308.400000000001,6016.76,2479.4399999999987,1.08203125,2449,303,BLAa,BLA,55,left,0
2450,2451,3,6306.82,6020.119999999999,2482.4,1.0,2450,303,BLAa,BLA,55,left,0
2451,2452,3,6305.299999999999,6023.339999999999,2485.1000000000004,0.91796875,2451,303,BLAa,BLA,55,left,0
2452,2453,3,6304.400000000001,6025.22,2486.74,0.66796875,2452,303,BLAa,BLA,55,left,0
2453,2454,3,6303.9,6026.32,2488.4400000000005,0.75,2453,303,BLAa,BLA,55,left,0
2454,2455,3,6304.099999999999,6027.820000000001,2490.5999999999985,0.91796875,2454,303,BLAa,BLA,55,left,0
2455,2456,3,6304.58,6029.679999999999,2491.699999999999,0.5,2455,303,BLAa,BLA,55,left,0
2456,2457,3,6304.2,6031.52,2492.84,1.0,2456,303,BLAa,BLA,55,left,0
2457,2458,3,6303.8,6032.380000000001,2494.58,0.83203125,2457,303,BLAa,BLA,55,left,0
2458,2459,3,6303.42,6034.48,2495.76,1.0,2458,303,BLAa,BLA,55,left,0
2459,2460,3,6303.42,6035.900000000001,2496.6000000000004,0.58203125,2459,303,BLAa,BLA,55,left,0
2460,2461,3,6301.599999999999,6035.4,2497.039999999999,0.046875,2460,303,BLAa,BLA,55,left,0
2461,2462,3,6300.76,6035.900000000001,2498.0999999999985,1.0,2461,303,BLAa,BLA,55,left,0
2462,2463,3,6300.119999999999,6036.94,2500.24,1.33203125,2462,303,BLAa,BLA,55,left,0
2463,2464,3,6299.04,6037.4800000000005,2501.900000000001,0.58203125,2463,303,BLAa,BLA,55,left,0
2464,2465,3,6298.16,6038.68,2504.16,1.33203125,2464,303,BLAa,BLA,55,left,0
2465,2466,3,6297.240000000001,6039.22,2505.5,1.0,2465,303,BLAa,BLA,55,left,0
2466,2467,3,6295.9400000000005,6038.62,2506.2800000000007,1.25,2466,303,BLAa,BLA,55,left,0
2467,2468,3,6295.2,6038.82,2508.42,1.41796875,2467,303,BLAa,BLA,55,left,0
2468,2469,3,6293.82,6039.740000000001,2510.08,0.75,2468,303,BLAa,BLA,55,left,0
2469,2470,3,6293.02,6041.1,2512.459999999999,1.16796875,2469,303,BLAa,BLA,55,left,0
2470,2471,3,6292.36,6042.54,2514.220000000001,0.66796875,2470,303,BLAa,BLA,55,left,0
2471,2472,3,6291.900000000001,6043.540000000001,2515.98,1.33203125,2471,303,BLAa,BLA,55,left,0
2472,2473,3,6291.18,6045.119999999999,2518.48,1.0,2472,303,BLAa,BLA,55,left,0
2473,2474,3,6290.18,6047.200000000001,2519.84,0.5,2473,303,BLAa,BLA,55,left,0
2474,2475,3,6289.82,6048.86,2520.6800000000003,0.5,2474,303,BLAa,BLA,55,left,0
2475,2476,3,6291.459999999999,6051.18,2521.1800000000003,1.0,2475,303,BLAa,BLA,55,left,0
2476,2477,3,6292.36,6052.960000000001,2521.119999999999,0.91796875,2476,303,BLAa,BLA,55,left,0
2477,2478,3,6293.24,6054.28,2521.3,0.15234375,2477,303,BLAa,BLA,55,left,0
2478,2479,3,6292.780000000001,6055.82,2522.24,0.75,2478,303,BLAa,BLA,55,left,0
2479,2480,3,6291.4800000000005,6058.52,2523.880000000001,1.33203125,2479,303,BLAa,BLA,55,left,0
2480,2481,3,6290.96,6059.679999999999,2525.98,0.5,2480,303,BLAa,BLA,55,left,0
2481,2482,3,6290.42,6060.860000000001,2528.300000000001,0.5,2481,303,BLAa,BLA,55,left,0
2482,2483,3,6289.96,6061.84,2530.1000000000004,0.5,2482,303,BLAa,BLA,55,left,0
2483,2484,3,6289.78,6062.3,2531.92,1.0,2483,303,BLAa,BLA,55,left,0
2484,2485,3,6288.84,6061.94,2533.3600000000006,0.91796875,2484,303,BLAa,BLA,55,left,0
2485,2486,3,6286.68,6061.900000000001,2533.16,1.16796875,2485,303,BLAa,BLA,55,left,0
2486,2487,3,6283.82,6061.219999999999,2533.26,0.58203125,2486,303,BLAa,BLA,55,left,0
2487,2488,3,6282.179999999999,6060.68,2533.74,1.0,2487,303,BLAa,BLA,55,left,0
2488,2489,3,6280.82,6061.16,2534.16,0.91796875,2488,303,BLAa,BLA,55,left,0
2489,2490,3,6280.8,6061.32,2536.8600000000006,1.08203125,2489,303,BLAa,BLA,55,left,0
2490,2491,3,6280.58,6061.599999999999,2539.120000000001,0.91796875,2490,303,BLAa,BLA,55,left,0
2491,2492,3,6279.34,6062.34,2540.1000000000004,0.91796875,2491,303,BLAa,BLA,55,left,0
2492,2493,3,6277.92,6064.539999999999,2541.1399999999994,1.25,2492,303,BLAa,BLA,55,left,0
2493,2494,3,6277.3,6065.839999999999,2542.92,0.83203125,2493,303,BLAa,BLA,55,left,0
2494,2495,3,6275.82,6068.959999999999,2546.0599999999995,0.75,2494,303,BLAa,BLA,55,left,0
2495,2496,3,6274.86,6070.92,2547.7800000000007,1.41796875,2495,303,BLAa,BLA,55,left,0
2496,2497,3,6274.360000000001,6072.02,2549.48,1.25,2496,303,BLAa,BLA,55,left,0
2497,2498,3,6273.74,6073.3,2550.9,1.16796875,2497,303,BLAa,BLA,55,left,0
2498,2499,3,6272.58,6075.62,2550.92,2.25,2498,303,BLAa,BLA,55,left,0
2499,2500,3,6272.1,6077.759999999999,2550.800000000001,1.08203125,2499,303,BLAa,BLA,55,left,0
2500,2501,3,6273.24,6078.74,2552.08,0.91796875,2500,303,BLAa,BLA,55,left,0
2501,2502,3,6275.02,6080.42,2553.34,0.5,2501,303,BLAa,BLA,55,left,0
2502,2503,3,6277.14,6081.78,2553.540000000001,1.0,2502,303,BLAa,BLA,55,left,1
2503,2504,3,6345.299999999999,5999.9,2429.5200000000004,0.08984375,818,303,BLAa,BLA,56,left,0
2504,2505,3,6343.540000000001,5998.360000000001,2429.379999999999,1.16796875,2504,303,BLAa,BLA,56,left,0
2505,2506,3,6342.26,5996.72,2429.379999999999,0.91796875,2505,303,BLAa,BLA,56,left,0
2506,2507,3,6340.639999999999,5995.34,2429.3,1.0,2506,303,BLAa,BLA,56,left,0
2507,2508,3,6339.64,5993.28,2429.42,0.58203125,2507,303,BLAa,BLA,56,left,0
2508,2509,3,6338.28,5991.76,2429.6000000000004,1.41796875,2508,303,BLAa,BLA,56,left,0
2509,2510,3,6336.7,5991.02,2430.3599999999988,0.91796875,2509,303,BLAa,BLA,56,left,0
2510,2511,3,6335.0,5990.259999999999,2430.539999999999,0.75,2510,303,BLAa,BLA,56,left,0
2511,2512,3,6333.32,5989.5,2431.2800000000007,0.91796875,2511,303,BLAa,BLA,56,left,0
2512,2513,3,6331.620000000001,5988.719999999999,2431.459999999999,0.5,2512,303,BLAa,BLA,56,left,0
2513,2514,3,6329.9400000000005,5987.960000000001,2432.2000000000007,1.0,2513,303,BLAa,BLA,56,left,0
2514,2515,3,6328.139999999999,5987.4,2432.119999999999,0.5,2514,303,BLAa,BLA,56,left,0
2515,2516,3,6325.98,5987.58,2431.900000000001,0.66796875,2515,303,BLAa,BLA,56,left,0
2516,2517,3,6323.9,5987.56,2432.459999999999,1.25,2516,303,BLAa,BLA,56,left,0
2517,2518,3,6321.2,5987.4,2433.2000000000007,1.0,2517,303,BLAa,BLA,56,left,0
2518,2519,3,6319.52,5987.66,2433.42,1.0,2518,303,BLAa,BLA,56,left,0
2519,2520,3,6317.56,5986.900000000001,2434.460000000001,0.83203125,2519,303,BLAa,BLA,56,left,0
2520,2521,3,6315.58,5986.0,2435.2800000000007,1.16796875,2520,303,BLAa,BLA,56,left,0
2521,2522,3,6313.18,5984.400000000001,2436.32,1.0,2521,303,BLAa,BLA,56,left,0
2522,2523,3,6311.599999999999,5982.799999999999,2437.08,0.91796875,2522,303,BLAa,BLA,56,left,0
2523,2524,3,6309.299999999999,5982.4800000000005,2437.66,1.33203125,2523,303,BLAa,BLA,56,left,0
2524,2525,3,6308.0,5982.84,2438.7000000000007,0.91796875,2524,303,BLAa,BLA,56,left,0
2525,2526,3,6306.4,5985.259999999999,2440.1000000000004,0.91796875,2525,303,BLAa,BLA,56,left,0
2526,2527,3,6305.259999999999,5985.96,2441.58,0.83203125,2526,303,BLAa,BLA,56,left,0
2527,2528,3,6303.52,5986.84,2443.22,0.75,2527,303,BLAa,BLA,56,left,0
2528,2529,3,6300.639999999999,5986.639999999999,2444.619999999999,1.0,2528,303,BLAa,BLA,56,left,0
2529,2530,3,6299.02,5985.92,2445.16,1.0,2529,303,BLAa,BLA,56,left,0
2530,2531,3,6296.94,5985.06,2445.74,0.02734375,2530,303,BLAa,BLA,56,left,0
2531,2532,3,6294.92,5985.22,2446.2000000000007,1.0,2531,303,BLAa,BLA,56,left,0
2532,2533,3,6292.780000000001,5984.9800000000005,2446.74,0.58203125,2532,303,BLAa,BLA,56,left,0
2533,2534,3,6291.1,5985.259999999999,2447.3,0.58203125,2533,303,BLAa,BLA,56,left,0
2534,2535,3,6288.88,5985.22,2447.92,0.83203125,2534,303,BLAa,BLA,56,left,0
2535,2536,3,6286.68,5985.36,2449.199999999999,0.58203125,2535,303,BLAa,BLA,56,left,0
2536,2537,3,6284.9800000000005,5985.5,2450.0,1.0,2536,884,amc,amc,56,left,0
2537,2538,3,6283.6,5985.460000000001,2452.32,0.75,2537,884,amc,amc,56,left,0
2538,2539,3,6282.7,5985.9400000000005,2453.379999999999,1.0,2538,884,amc,amc,56,left,0
2539,2540,3,6281.18,5985.36,2454.220000000001,0.83203125,2539,884,amc,amc,56,left,0
2540,2541,3,6280.36,5984.9800000000005,2455.82,1.0,2540,303,BLAa,BLA,56,left,0
2541,2542,3,6278.200000000001,5983.9800000000005,2457.880000000001,1.0,2541,303,BLAa,BLA,56,left,0
2542,2543,3,6276.68,5983.28,2459.1000000000004,1.0,2542,303,BLAa,BLA,56,left,0
2543,2544,3,6275.14,5982.58,2460.0599999999995,0.08203125,2543,303,BLAa,BLA,56,left,0
2544,2545,3,6273.04,5981.82,2461.0200000000004,1.0,2544,884,amc,amc,56,left,0
2545,2546,3,6271.5,5982.06,2461.7800000000007,0.5,2545,884,amc,amc,56,left,0
2546,2547,3,6269.160000000001,5981.56,2462.16,0.91796875,2546,884,amc,amc,56,left,0
2547,2548,3,6267.66,5981.660000000001,2461.879999999999,1.08203125,2547,884,amc,amc,56,left,0
2548,2549,3,6331.280000000001,6014.539999999999,2418.9,0.01171875,828,884,amc,amc,57,left,0
2549,2550,3,6327.84,6013.02,2418.5599999999995,1.0,2549,884,amc,amc,57,left,0
2550,2551,3,6325.58,6012.039999999999,2417.92,1.08203125,2550,884,amc,amc,57,left,0
2551,2552,3,6323.959999999999,6011.34,2416.32,1.33203125,2551,884,amc,amc,57,left,0
2552,2553,3,6321.88,6010.460000000001,2414.42,1.75,2552,884,amc,amc,57,left,0
2553,2554,3,6319.78,6009.539999999999,2413.9,1.25,2553,884,amc,amc,57,left,0
2554,2555,3,6318.3,6008.9,2413.0999999999985,1.25,2554,884,amc,amc,57,left,0
2555,2556,3,6317.4800000000005,6008.540000000001,2411.540000000001,0.75,2555,884,amc,amc,57,left,0
2556,2557,3,6316.18,6007.32,2411.0200000000004,1.33203125,2556,884,amc,amc,57,left,0
2557,2558,3,6314.66,6005.839999999999,2410.1000000000004,0.66796875,2557,884,amc,amc,57,left,0
2558,2559,3,6312.4,6004.86,2408.6800000000003,0.75,2558,884,amc,amc,57,left,0
2559,2560,3,6309.52,6003.379999999999,2407.960000000001,0.91796875,2559,884,amc,amc,57,left,0
2560,2561,3,6308.24,6001.900000000001,2407.720000000001,0.5,2560,884,amc,amc,57,left,0
2561,2562,3,6306.98,6001.0,2406.2800000000007,1.08203125,2561,884,amc,amc,57,left,0
2562,2563,3,6305.639999999999,6000.299999999999,2404.1800000000003,1.33203125,2562,966,EPv,EP,57,left,0
2563,2564,3,6304.28,5998.76,2403.2000000000007,0.5,2563,966,EPv,EP,57,left,0
2564,2565,3,6302.3,5997.4800000000005,2401.699999999999,0.58203125,2564,966,EPv,EP,57,left,0
2565,2566,3,6299.46,5996.24,2400.92,1.08203125,2565,966,EPv,EP,57,left,0
2566,2567,3,6296.08,5994.719999999999,2400.5600000000013,1.0,2566,966,EPv,EP,57,left,0
2567,2568,3,6293.3,5993.6,2400.24,0.91796875,2567,966,EPv,EP,57,left,0
2568,2569,3,6291.72,5994.0,2399.48,1.08203125,2568,966,EPv,EP,57,left,0
2569,2570,3,6291.06,5995.14,2398.5200000000004,1.0,2569,966,EPv,EP,57,left,0
2570,2571,3,6291.4400000000005,5994.299999999999,2396.76,0.07421875,2570,966,EPv,EP,57,left,0
2571,2572,3,6291.02,5994.08,2394.24,0.91796875,2571,966,EPv,EP,57,left,0
2572,2573,3,6289.539999999999,5992.68,2392.26,0.91796875,2572,966,EPv,EP,57,left,0
2573,2574,3,6289.34,5990.96,2391.26,0.75,2573,966,EPv,EP,57,left,0
2574,2575,3,6287.4,5988.9400000000005,2391.0200000000004,1.0,2574,966,EPv,EP,57,left,0
2575,2576,3,6286.14,5987.3,2390.32,0.91796875,2575,966,EPv,EP,57,left,0
2576,2577,3,6285.119999999999,5985.879999999999,2389.5,0.75,2576,966,EPv,EP,57,left,0
2577,2578,3,6284.46,5984.360000000001,2387.459999999999,1.0,2577,966,EPv,EP,57,left,0
2578,2579,3,6283.62,5982.200000000001,2385.82,1.0,2578,966,EPv,EP,57,left,0
2579,2580,3,6283.4400000000005,5980.52,2384.400000000001,0.5,2579,966,EPv,EP,57,left,0
2580,2581,3,6281.92,5978.540000000001,2383.16,0.5,2580,966,EPv,EP,57,left,0
2581,2582,3,6281.56,5976.96,2381.48,1.08203125,2581,966,EPv,EP,57,left,0
2582,2583,3,6282.780000000001,5974.0,2380.040000000001,0.83203125,2582,966,EPv,EP,57,left,0
2583,2584,3,6283.46,5972.56,2379.08,1.0,2583,966,EPv,EP,57,left,0
2584,2585,3,6284.539999999999,5970.299999999999,2378.279999999999,0.58203125,2584,966,EPv,EP,57,left,0
2585,2586,3,6285.22,5968.86,2377.34,1.25,2585,966,EPv,EP,57,left,0
2586,2587,3,6286.08,5967.039999999999,2376.620000000001,1.58203125,2586,966,EPv,EP,57,left,0
2587,2588,3,6286.32,5965.76,2375.1399999999994,0.58203125,2587,966,EPv,EP,57,left,0
2588,2589,3,6286.280000000001,5964.099999999999,2375.0599999999995,0.66796875,2588,966,EPv,EP,57,left,0
2589,2590,3,6283.9400000000005,5962.4400000000005,2373.7800000000007,0.01953125,2589,966,EPv,EP,57,left,0
2590,2591,3,6283.360000000001,5960.9400000000005,2373.2000000000007,0.58203125,2590,966,EPv,EP,57,left,0
2591,2592,3,6283.86,5959.84,2371.84,0.5,2591,966,EPv,EP,57,left,0
2592,2593,3,6284.28,5958.86,2370.16,1.0,2592,966,EPv,EP,57,left,0
2593,2594,3,6284.82,5957.66,2368.0600000000013,1.0,2593,966,EPv,EP,57,left,0
2594,2595,3,6285.44,5956.3,2367.279999999999,0.5,2594,966,EPv,EP,57,left,1
2595,2596,3,6334.400000000001,6015.900000000001,2420.3599999999988,0.11328125,828,884,amc,amc,58,left,0
2596,2597,3,6334.08,6016.24,2422.540000000001,1.83203125,2596,884,amc,amc,58,left,0
2597,2598,3,6332.5,6019.58,2425.5999999999985,0.58203125,2597,884,amc,amc,58,left,0
2598,2599,3,6331.280000000001,6021.36,2427.32,1.08203125,2598,884,amc,amc,58,left,0
2599,2600,3,6329.46,6021.639999999999,2428.0999999999985,0.5,2599,884,amc,amc,58,left,0
2600,2601,3,6328.04,6023.139999999999,2429.880000000001,1.08203125,2600,884,amc,amc,58,left,0
2601,2602,3,6327.200000000001,6024.9,2430.72,0.83203125,2601,884,amc,amc,58,left,0
2602,2603,3,6326.24,6025.48,2431.74,0.91796875,2602,884,amc,amc,58,left,0
2603,2604,3,6325.0,6025.18,2431.8,0.91796875,2603,884,amc,amc,58,left,0
2604,2605,3,6323.74,6026.38,2431.6399999999994,0.58203125,2604,884,amc,amc,58,left,0
2605,2606,3,6322.84,6028.26,2432.5200000000004,1.0,2605,884,amc,amc,58,left,0
2606,2607,3,6321.34,6031.4,2433.1800000000003,1.41796875,2606,884,amc,amc,58,left,0
2607,2608,3,6320.68,6032.759999999999,2433.76,0.83203125,2607,884,amc,amc,58,left,0
2608,2609,3,6319.78,6034.64,2434.34,0.58203125,2608,884,amc,amc,58,left,0
2609,2610,3,6318.28,6036.4800000000005,2435.76,0.91796875,2609,884,amc,amc,58,left,0
2610,2611,3,6317.12,6037.46,2436.4400000000005,0.5,2610,884,amc,amc,58,left,0
2611,2612,3,6316.0,6039.46,2437.4,0.02734375,2611,884,amc,amc,58,left,0
2612,2613,3,6314.64,6040.34,2438.959999999999,0.5,2612,884,amc,amc,58,left,0
2613,2614,3,6313.18,6042.68,2439.379999999999,0.5,2613,884,amc,amc,58,left,0
2614,2615,3,6312.52,6044.06,2439.959999999999,0.5,2614,884,amc,amc,58,left,0
2615,2616,3,6311.34,6046.52,2441.0200000000004,1.0,2615,884,amc,amc,58,left,0
2616,2617,3,6310.42,6048.0,2442.459999999999,0.91796875,2616,884,amc,amc,58,left,0
2617,2618,3,6308.9,6049.08,2442.960000000001,1.08203125,2617,884,amc,amc,58,left,0
2618,2619,3,6307.7,6051.219999999999,2443.4,0.91796875,2618,884,amc,amc,58,left,0
2619,2620,3,6306.42,6053.9,2444.199999999999,0.91796875,2619,884,amc,amc,58,left,0
2620,2621,3,6305.16,6055.700000000001,2444.0,1.0,2620,884,amc,amc,58,left,0
2621,2622,3,6303.6,6057.0,2444.48,1.16796875,2621,884,amc,amc,58,left,0
2622,2623,3,6301.78,6059.160000000001,2444.5599999999995,0.5,2622,884,amc,amc,58,left,0
2623,2624,3,6300.36,6060.76,2444.9400000000005,0.91796875,2623,884,amc,amc,58,left,0
2624,2625,3,6299.46,6062.46,2446.1399999999994,0.05078125,2624,884,amc,amc,58,left,0
2625,2626,3,6297.74,6063.9800000000005,2447.42,0.5,2625,884,amc,amc,58,left,0
2626,2627,3,6296.34,6066.16,2448.4,1.08203125,2626,884,amc,amc,58,left,0
2627,2628,3,6295.4,6068.12,2449.5200000000004,0.66796875,2627,884,amc,amc,58,left,0
2628,2629,3,6294.48,6070.02,2450.2000000000007,1.08203125,2628,966,EPv,EP,58,left,0
2629,2630,3,6293.0,6073.099999999999,2450.1000000000004,1.0,2629,966,EPv,EP,58,left,0
2630,2631,3,6291.219999999999,6076.78,2449.379999999999,1.0,2630,966,EPv,EP,58,left,0
2631,2632,3,6289.86,6080.38,2448.7800000000007,0.66796875,2631,966,EPv,EP,58,left,0
2632,2633,3,6289.66,6082.6,2449.040000000001,1.0,2632,966,EPv,EP,58,left,0
2633,2634,3,6288.18,6086.06,2449.1000000000004,1.0,2633,966,EPv,EP,58,left,0
2634,2635,3,6286.82,6088.42,2449.1800000000003,1.25,2634,966,EPv,EP,58,left,0
2635,2636,3,6285.42,6088.62,2450.2800000000007,0.5,2635,966,EPv,EP,58,left,0
2636,2637,3,6283.200000000001,6090.56,2451.2000000000007,1.25,2636,966,EPv,EP,58,left,0
2637,2638,3,6282.5,6092.06,2452.380000000001,0.75,2637,966,EPv,EP,58,left,0
2638,2639,3,6281.620000000001,6093.92,2453.459999999999,1.0,2638,966,EPv,EP,58,left,0
2639,2640,3,6280.68,6095.879999999999,2453.98,1.33203125,2639,966,EPv,EP,58,left,0
2640,2641,3,6279.120000000001,6099.120000000001,2454.0200000000004,0.91796875,2640,966,EPv,EP,58,left,0
2641,2642,3,6277.759999999999,6101.74,2454.779999999999,0.91796875,2641,966,EPv,EP,58,left,0
2642,2643,3,6276.42,6102.88,2455.42,0.5,2642,966,EPv,EP,58,left,0
2643,2644,3,6274.62,6105.56,2454.9400000000005,1.0,2643,966,EPv,EP,58,left,0
2644,2645,3,6273.26,6107.92,2454.959999999999,1.16796875,2644,966,EPv,EP,58,left,0
2645,2646,3,6271.72,6107.84,2455.4400000000005,1.0,2645,966,EPv,EP,58,left,0
2646,2647,3,6269.2,6109.82,2455.92,0.01953125,2646,966,EPv,EP,58,left,0
2647,2648,3,6267.0,6112.64,2455.5,1.0,2647,966,EPv,EP,58,left,0
2648,2649,3,6266.08,6114.56,2455.76,1.25,2648,966,EPv,EP,58,left,0
2649,2650,3,6265.14,6116.56,2456.540000000001,1.5,2649,966,EPv,EP,58,left,0
2650,2651,3,6263.5,6118.88,2456.82,1.08203125,2650,966,EPv,EP,58,left,0
2651,2652,3,6261.92,6119.539999999999,2456.5,0.91796875,2651,966,EPv,EP,58,left,0
2652,2653,3,6259.26,6119.84,2456.040000000001,1.0,2652,966,EPv,EP,58,left,0
2653,2654,3,6257.4800000000005,6120.96,2455.16,1.25,2653,966,EPv,EP,58,left,0
2654,2655,3,6256.5,6122.7,2454.1000000000004,1.0,2654,966,EPv,EP,58,left,0
2655,2656,3,6253.86,6124.120000000001,2453.48,1.0,2655,966,EPv,EP,58,left,0
2656,2657,3,6251.860000000001,6124.120000000001,2453.379999999999,1.0,2656,966,EPv,EP,58,left,0
2657,2658,3,6250.82,6125.66,2453.959999999999,0.91796875,2657,966,EPv,EP,58,left,0
2658,2659,3,6249.539999999999,6128.339999999999,2453.8,0.83203125,2658,966,EPv,EP,58,left,0
2659,2660,3,6248.48,6130.58,2454.460000000001,1.0,2659,966,EPv,EP,58,left,0
2660,2661,3,6247.619999999999,6132.380000000001,2456.26,0.66796875,2660,966,EPv,EP,58,left,0
2661,2662,3,6246.96,6133.76,2457.6399999999994,0.58203125,2661,966,EPv,EP,58,left,0
2662,2663,3,6246.16,6135.44,2459.539999999999,0.91796875,2662,966,EPv,EP,58,left,0
2663,2664,3,6245.68,6136.4400000000005,2461.6000000000004,1.58203125,2663,966,EPv,EP,58,left,0
2664,2665,3,6245.4,6137.039999999999,2463.98,0.91796875,2664,966,EPv,EP,58,left,0
2665,2666,3,6245.0,6137.9,2465.74,0.91796875,2665,966,EPv,EP,58,left,0
2666,2667,3,6244.84,6138.22,2467.58,0.5,2666,966,EPv,EP,58,left,0
2667,2668,3,6244.44,6139.08,2469.34,0.91796875,2667,966,EPv,EP,58,left,0
2668,2669,3,6244.139999999999,6139.700000000001,2471.58,1.25,2668,966,EPv,EP,58,left,0
2669,2670,3,6243.52,6141.0,2473.32,0.5,2669,966,EPv,EP,58,left,0
2670,2671,3,6242.88,6142.34,2476.82,1.08203125,2670,966,EPv,EP,58,left,0
2671,2672,3,6242.26,6143.64,2478.48,1.25,2671,966,EPv,EP,58,left,0
2672,2673,3,6240.76,6145.78,2478.3600000000006,0.10546875,2672,966,EPv,EP,58,left,0
2673,2674,3,6238.58,6146.38,2477.98,1.0,2673,966,EPv,EP,58,left,0
2674,2675,3,6237.179999999999,6148.3,2477.5599999999995,1.0,2674,966,EPv,EP,58,left,0
2675,2676,3,6236.24,6150.280000000001,2477.8599999999988,1.0,2675,966,EPv,EP,58,left,0
2676,2677,3,6236.16,6150.460000000001,2480.539999999999,1.0,2676,966,EPv,EP,58,left,0
2677,2678,3,6236.14,6150.5,2483.48,0.91796875,2677,966,EPv,EP,58,left,0
2678,2679,3,6235.82,6151.16,2485.0200000000004,1.0,2678,966,EPv,EP,58,left,0
2679,2680,3,6235.639999999999,6151.56,2487.98,1.16796875,2679,966,EPv,EP,58,left,0
2680,2681,3,6235.860000000001,6151.599999999999,2490.24,1.0,2680,966,EPv,EP,58,left,0
2681,2682,3,6236.860000000001,6152.0,2491.1399999999994,1.0,2681,966,EPv,EP,58,left,1
2682,2683,3,6345.16,6032.240000000001,2417.540000000001,0.08203125,835,884,amc,amc,59,left,0
2683,2684,3,6342.28,6032.179999999999,2417.3,0.66796875,2683,884,amc,amc,59,left,0
2684,2685,3,6340.58,6032.780000000001,2418.0200000000004,0.75,2684,884,amc,amc,59,left,0
2685,2686,3,6337.46,6032.960000000001,2418.7800000000007,1.0,2685,884,amc,amc,59,left,0
2686,2687,3,6335.299999999999,6033.08,2418.9400000000005,0.5,2686,884,amc,amc,59,left,0
2687,2688,3,6333.12,6033.46,2420.2800000000007,1.08203125,2687,884,amc,amc,59,left,0
2688,2689,3,6330.96,6033.58,2421.16,0.5,2688,884,amc,amc,59,left,0
2689,2690,3,6328.5,6034.160000000001,2422.9,0.91796875,2689,884,amc,amc,59,left,0
2690,2691,3,6326.799999999999,6035.02,2424.1399999999994,0.75,2690,884,amc,amc,59,left,0
2691,2692,3,6324.66,6035.14,2424.72,1.25,2691,884,amc,amc,59,left,0
2692,2693,3,6321.7,6034.42,2425.539999999999,1.25,2692,884,amc,amc,59,left,0
2693,2694,3,6320.04,6034.92,2426.380000000001,1.0,2693,884,amc,amc,59,left,0
2694,2695,3,6316.38,6035.72,2426.540000000001,0.66796875,2694,884,amc,amc,59,left,0
2695,2696,3,6314.44,6036.34,2426.16,1.0,2695,884,amc,amc,59,left,0
2696,2697,3,6312.34,6036.280000000001,2426.34,1.0,2696,884,amc,amc,59,left,0
2697,2698,3,6310.66,6036.92,2426.6800000000003,1.0,2697,884,amc,amc,59,left,0
2698,2699,3,6307.52,6037.7,2426.1800000000003,1.25,2698,884,amc,amc,59,left,0
2699,2700,3,6306.0,6039.400000000001,2426.4,0.5,2699,884,amc,amc,59,left,0
2700,2701,3,6304.0,6040.879999999999,2427.0200000000004,1.16796875,2700,884,amc,amc,59,left,0
2701,2702,3,6301.54,6040.38,2427.4,1.08203125,2701,884,amc,amc,59,left,0
2702,2703,3,6299.679999999999,6041.5,2428.120000000001,1.0,2702,884,amc,amc,59,left,0
2703,2704,3,6298.9,6043.08,2429.0,0.5,2703,884,amc,amc,59,left,0
2704,2705,3,6296.68,6042.54,2428.880000000001,0.0546875,2704,884,amc,amc,59,left,0
2705,2706,3,6294.120000000001,6042.06,2428.5599999999995,1.0,2705,966,EPv,EP,59,left,0
2706,2707,3,6291.74,6042.16,2428.6399999999994,0.58203125,2706,966,EPv,EP,59,left,0
2707,2708,3,6288.66,6043.339999999999,2429.5599999999995,1.0,2707,966,EPv,EP,59,left,0
2708,2709,3,6286.94,6044.52,2430.4,1.41796875,2708,966,EPv,EP,59,left,0
2709,2710,3,6285.14,6045.58,2430.5,1.0,2709,966,EPv,EP,59,left,0
2710,2711,3,6283.02,6045.54,2430.380000000001,0.83203125,2710,966,EPv,EP,59,left,0
2711,2712,3,6281.42,6044.82,2431.119999999999,0.91796875,2711,966,EPv,EP,59,left,0
2712,2713,3,6279.42,6044.06,2431.48,0.66796875,2712,966,EPv,EP,59,left,0
2713,2714,3,6278.24,6044.360000000001,2431.960000000001,0.5,2713,966,EPv,EP,59,left,0
2714,2715,3,6275.76,6044.48,2432.6000000000004,0.91796875,2714,966,EPv,EP,59,left,0
2715,2716,3,6274.120000000001,6045.42,2433.880000000001,1.0,2715,966,EPv,EP,59,left,0
2716,2717,3,6272.36,6047.12,2435.72,0.83203125,2716,966,EPv,EP,59,left,0
2717,2718,3,6270.119999999999,6048.12,2436.960000000001,0.91796875,2717,966,EPv,EP,59,left,0
2718,2719,3,6267.6,6049.0,2437.380000000001,0.91796875,2718,966,EPv,EP,59,left,0
2719,2720,3,6265.52,6049.52,2437.0200000000004,0.91796875,2719,966,EPv,EP,59,left,0
2720,2721,3,6264.02,6049.02,2436.84,0.23046875,2720,966,EPv,EP,59,left,0
2721,2722,3,6261.94,6050.36,2436.34,0.91796875,2721,966,EPv,EP,59,left,0
2722,2723,3,6260.66,6052.759999999999,2436.2800000000007,1.91796875,2722,966,EPv,EP,59,left,0
2723,2724,3,6259.78,6054.6,2438.5,1.0,2723,966,EPv,EP,59,left,0
2724,2725,3,6259.04,6056.16,2439.72,1.0,2724,966,EPv,EP,59,left,0
2725,2726,3,6258.139999999999,6058.0,2440.48,1.33203125,2725,966,EPv,EP,59,left,0
2726,2727,3,6257.759999999999,6058.86,2441.98,1.08203125,2726,966,EPv,EP,59,left,0
2727,2728,3,6256.599999999999,6060.08,2443.24,0.5,2727,966,EPv,EP,59,left,0
2728,2729,3,6254.880000000001,6060.280000000001,2444.5599999999995,0.75,2728,966,EPv,EP,59,left,0
2729,2730,3,6253.52,6061.92,2446.08,0.91796875,2729,966,EPv,EP,59,left,0
2730,2731,3,6252.619999999999,6063.780000000001,2446.74,0.75,2730,966,EPv,EP,59,left,0
2731,2732,3,6251.7,6065.639999999999,2446.879999999999,1.0,2731,966,EPv,EP,59,left,0
2732,2733,3,6249.9800000000005,6066.58,2446.5599999999995,0.11328125,2732,966,EPv,EP,59,left,0
2733,2734,3,6249.02,6068.22,2446.92,0.75,2733,966,EPv,EP,59,left,0
2734,2735,3,6247.58,6069.86,2447.0200000000004,0.75,2734,966,EPv,EP,59,left,0
2735,2736,3,6245.900000000001,6070.119999999999,2446.699999999999,1.0,2735,966,EPv,EP,59,left,0
2736,2737,3,6243.959999999999,6072.759999999999,2446.1000000000004,1.0,2736,966,EPv,EP,59,left,0
2737,2738,3,6242.12,6076.4,2445.4,1.0,2737,966,EPv,EP,59,left,0
2738,2739,3,6240.599999999999,6079.46,2444.82,1.08203125,2738,966,EPv,EP,59,left,0
2739,2740,3,6239.6,6081.4800000000005,2444.4399999999987,1.0,2739,966,EPv,EP,59,left,0
2740,2741,3,6237.64,6083.32,2443.92,0.0546875,2740,966,EPv,EP,59,left,1
2741,2742,3,6345.52,6033.18,2417.34,0.0546875,835,884,amc,amc,60,left,0
2742,2743,3,6345.16,6035.38,2416.0200000000004,0.58203125,2742,884,amc,amc,60,left,0
2743,2744,3,6345.879999999999,6037.46,2415.1399999999994,0.83203125,2743,884,amc,amc,60,left,0
2744,2745,3,6345.34,6039.58,2412.98,0.66796875,2744,884,amc,amc,60,left,0
2745,2746,3,6345.44,6041.900000000001,2411.32,1.0,2745,884,amc,amc,60,left,0
2746,2747,3,6345.54,6044.22,2410.84,0.66796875,2746,884,amc,amc,60,left,0
2747,2748,3,6346.02,6045.5,2409.84,0.5,2747,884,amc,amc,60,left,0
2748,2749,3,6347.46,6047.4,2409.0,1.16796875,2748,884,amc,amc,60,left,0
2749,2750,3,6348.52,6049.82,2407.619999999999,1.5,2749,884,amc,amc,60,left,0
2750,2751,3,6349.679999999999,6051.56,2406.76,0.75,2750,884,amc,amc,60,left,0
2751,2752,3,6350.14,6053.24,2405.5200000000004,1.0,2751,884,amc,amc,60,left,0
2752,2753,3,6349.360000000001,6054.9400000000005,2404.34,1.16796875,2752,966,EPv,EP,60,left,0
2753,2754,3,6348.48,6056.82,2403.48,1.08203125,2753,966,EPv,EP,60,left,0
2754,2755,3,6348.82,6058.82,2403.279999999999,0.91796875,2754,966,EPv,EP,60,left,0
2755,2756,3,6350.700000000001,6059.82,2403.4400000000005,1.16796875,2755,966,EPv,EP,60,left,0
2756,2757,3,6352.16,6061.52,2403.459999999999,1.0,2756,966,EPv,EP,60,left,0
2757,2758,3,6352.219999999999,6063.62,2403.34,0.91796875,2757,966,EPv,EP,60,left,0
2758,2759,3,6351.54,6065.44,2403.9400000000005,1.0,2758,966,EPv,EP,60,left,0
2759,2760,3,6350.299999999999,6068.099999999999,2403.619999999999,1.0,2759,966,EPv,EP,60,left,0
2760,2761,3,6349.06,6071.06,2403.08,1.0,2760,966,EPv,EP,60,left,0
2761,2762,3,6349.28,6072.6,2402.92,1.0,2761,966,EPv,EP,60,left,0
2762,2763,3,6348.3,6075.460000000001,2401.8,0.0546875,2762,966,EPv,EP,60,left,0
2763,2764,3,6347.36,6079.120000000001,2399.8,0.5,2763,966,EPv,EP,60,left,0
2764,2765,3,6348.26,6080.96,2398.82,1.0,2764,966,EPv,EP,60,left,0
2765,2766,3,6347.54,6083.42,2397.039999999999,0.66796875,2765,966,EPv,EP,60,left,0
2766,2767,3,6346.68,6085.78,2394.880000000001,1.08203125,2766,966,EPv,EP,60,left,0
2767,2768,3,6346.900000000001,6087.200000000001,2393.7800000000007,0.5,2767,966,EPv,EP,60,left,0
2768,2769,3,6346.54,6089.6,2392.039999999999,1.08203125,2768,966,EPv,EP,60,left,0
2769,2770,3,6346.799999999999,6090.92,2390.9400000000005,0.75,2769,966,EPv,EP,60,left,0
2770,2771,3,6347.54,6091.900000000001,2388.72,0.66796875,2770,966,EPv,EP,60,left,0
2771,2772,3,6349.139999999999,6092.820000000001,2387.7800000000007,0.75,2771,966,EPv,EP,60,left,0
2772,2773,3,6349.719999999999,6094.46,2386.34,1.0,2772,966,EPv,EP,60,left,0
2773,2774,3,6349.679999999999,6095.879999999999,2384.1800000000003,1.0,2773,966,EPv,EP,60,left,0
2774,2775,3,6350.56,6098.339999999999,2382.459999999999,1.25,2774,966,EPv,EP,60,left,0
2775,2776,3,6350.34,6100.52,2380.1000000000004,0.75,2775,966,EPv,EP,60,left,0
2776,2777,3,6351.040000000001,6102.36,2378.8,1.0,2776,966,EPv,EP,60,left,0
2777,2778,3,6351.76,6103.76,2376.879999999999,1.08203125,2777,966,EPv,EP,60,left,0
2778,2779,3,6353.339999999999,6105.74,2376.2000000000007,0.5,2778,966,EPv,EP,60,left,0
2779,2780,3,6354.120000000001,6107.86,2374.379999999999,1.0,2779,966,EPv,EP,60,left,0
2780,2781,3,6355.22,6109.9800000000005,2373.6399999999994,0.66796875,2780,966,EPv,EP,60,left,0
2781,2782,3,6354.92,6111.68,2373.379999999999,1.0,2781,966,EPv,EP,60,left,0
2782,2783,3,6357.12,6114.360000000001,2373.6800000000003,0.01953125,2782,966,EPv,EP,60,left,0
2783,2784,3,6356.7,6117.06,2375.8600000000006,1.33203125,2783,966,EPv,EP,60,left,0
2784,2785,3,6356.08,6118.360000000001,2377.4,0.5,2784,966,EPv,EP,60,left,0
2785,2786,3,6358.46,6119.66,2377.380000000001,0.02734375,2785,966,EPv,EP,60,left,0
2786,2787,3,6361.4800000000005,6120.92,2376.5599999999995,0.75,2786,966,EPv,EP,60,left,0
2787,2788,3,6363.46,6120.879999999999,2376.1399999999994,0.75,2787,966,EPv,EP,60,left,0
2788,2789,3,6367.02,6121.4800000000005,2376.48,1.0,2788,966,EPv,EP,60,left,0
2789,2790,3,6369.58,6120.72,2376.0,0.58203125,2789,966,EPv,EP,60,left,0
2790,2791,3,6371.76,6120.02,2375.2800000000007,0.58203125,2790,966,EPv,EP,60,left,0
2791,2792,3,6374.32,6120.98,2374.58,0.5,2791,966,EPv,EP,60,left,0
2792,2793,3,6375.18,6122.28,2373.82,0.5,2792,966,EPv,EP,60,left,0
2793,2794,3,6377.32,6123.719999999999,2373.8600000000006,1.0,2793,966,EPv,EP,60,left,1
2794,2795,3,6330.98,6028.46,2410.0599999999995,0.08203125,850,884,amc,amc,61,left,0
2795,2796,3,6330.0,6030.48,2409.0200000000004,1.66796875,2795,884,amc,amc,61,left,0
2796,2797,3,6328.9400000000005,6032.7,2408.5599999999995,1.0,2796,884,amc,amc,61,left,0
2797,2798,3,6328.08,6034.5,2408.2000000000007,1.08203125,2797,884,amc,amc,61,left,0
2798,2799,3,6326.74,6035.259999999999,2407.5599999999995,0.91796875,2798,884,amc,amc,61,left,0
2799,2800,3,6325.0,6034.84,2406.5599999999995,1.0,2799,884,amc,amc,61,left,0
2800,2801,3,6322.94,6036.4400000000005,2405.8600000000006,1.0,2800,966,EPv,EP,61,left,0
2801,2802,3,6321.26,6039.9400000000005,2405.16,1.0,2801,966,EPv,EP,61,left,0
2802,2803,3,6320.1,6042.4,2404.6800000000003,1.33203125,2802,966,EPv,EP,61,left,0
2803,2804,3,6319.08,6044.52,2404.1399999999994,0.91796875,2803,966,EPv,EP,61,left,0
2804,2805,3,6318.339999999999,6046.12,2403.08,0.5,2804,966,EPv,EP,61,left,0
2805,2806,3,6317.12,6048.68,2402.16,1.0,2805,966,EPv,EP,61,left,0
2806,2807,3,6315.280000000001,6049.880000000001,2401.720000000001,1.0,2806,966,EPv,EP,61,left,0
2807,2808,3,6312.26,6050.18,2401.8,1.16796875,2807,966,EPv,EP,61,left,0
2808,2809,3,6309.96,6051.98,2402.5200000000004,1.08203125,2808,966,EPv,EP,61,left,0
2809,2810,3,6308.46,6052.84,2403.48,1.5,2809,966,EPv,EP,61,left,0
2810,2811,3,6307.0,6055.18,2404.120000000001,0.08203125,2810,966,EPv,EP,61,left,0
2811,2812,3,6305.0,6059.299999999999,2403.98,0.91796875,2811,966,EPv,EP,61,left,0
2812,2813,3,6303.88,6061.68,2402.8,1.08203125,2812,966,EPv,EP,61,left,0
2813,2814,3,6303.58,6065.52,2400.0599999999995,0.66796875,2813,966,EPv,EP,61,left,0
2814,2815,3,6303.9,6067.32,2398.24,0.58203125,2814,966,EPv,EP,61,left,0
2815,2816,3,6305.2,6069.880000000001,2397.1000000000004,0.015625,2815,966,EPv,EP,61,left,0
2816,2817,3,6304.78,6071.78,2394.959999999999,0.58203125,2816,966,EPv,EP,61,left,0
2817,2818,3,6304.04,6073.379999999999,2393.0600000000013,1.75,2817,966,EPv,EP,61,left,0
2818,2819,3,6303.46,6074.58,2391.48,1.5,2818,966,EPv,EP,61,left,0
2819,2820,3,6302.7,6076.219999999999,2388.5,0.75,2819,966,EPv,EP,61,left,0
2820,2821,3,6301.96,6077.820000000001,2386.66,1.5,2820,966,EPv,EP,61,left,0
2821,2822,3,6301.620000000001,6079.9400000000005,2385.800000000001,0.75,2821,966,EPv,EP,61,left,0
2822,2823,3,6302.54,6081.34,2385.779999999999,1.0,2822,966,EPv,EP,61,left,0
2823,2824,3,6302.08,6083.7,2385.32,1.25,2823,966,EPv,EP,61,left,0
2824,2825,3,6301.219999999999,6085.58,2384.220000000001,1.16796875,2824,966,EPv,EP,61,left,0
2825,2826,3,6300.02,6088.139999999999,2383.32,0.83203125,2825,966,EPv,EP,61,left,0
2826,2827,3,6298.719999999999,6090.96,2382.279999999999,0.046875,2826,966,EPv,EP,61,left,0
2827,2828,3,6297.72,6093.12,2380.66,0.66796875,2827,966,EPv,EP,61,left,0
2828,2829,3,6296.76,6095.24,2378.7000000000007,1.0,2828,966,EPv,EP,61,left,0
2829,2830,3,6295.5,6097.58,2377.0,1.0,2829,966,EPv,EP,61,left,0
2830,2831,3,6293.9400000000005,6099.06,2375.72,1.0,2830,966,EPv,EP,61,left,0
2831,2832,3,6292.6,6101.2,2374.0599999999995,1.0,2831,966,EPv,EP,61,left,0
2832,2833,3,6291.7,6103.18,2371.699999999999,0.75,2832,966,EPv,EP,61,left,0
2833,2834,3,6291.08,6104.56,2369.42,1.0,2833,966,EPv,EP,61,left,0
2834,2835,3,6290.1,6106.72,2368.1800000000003,0.91796875,2834,966,EPv,EP,61,left,0
2835,2836,3,6287.92,6107.64,2368.039999999999,0.66796875,2835,966,EPv,EP,61,left,0
2836,2837,3,6286.1,6107.42,2368.6000000000004,0.91796875,2836,966,EPv,EP,61,left,0
2837,2838,3,6283.06,6109.34,2368.0999999999985,0.58203125,2837,966,EPv,EP,61,left,0
2838,2839,3,6280.68,6110.2,2367.4400000000005,1.08203125,2838,966,EPv,EP,61,left,0
2839,2840,3,6279.9,6110.2,2366.26,1.0,2839,966,EPv,EP,61,left,0
2840,2841,3,6276.7,6108.780000000001,2365.0200000000004,0.01953125,2840,966,EPv,EP,61,left,0
2841,2842,3,6275.42,6108.719999999999,2363.300000000001,1.33203125,2841,966,EPv,EP,61,left,0
2842,2843,3,6274.08,6110.44,2361.58,1.08203125,2842,966,EPv,EP,61,left,0
2843,2844,3,6273.379999999999,6112.799999999999,2358.92,0.5,2843,966,EPv,EP,61,left,0
2844,2845,3,6273.48,6114.5,2358.459999999999,0.91796875,2844,966,EPv,EP,61,left,1
2845,2846,3,6331.3,6027.780000000001,2409.779999999999,0.0546875,850,884,amc,amc,62,left,0
2846,2847,3,6331.78,6026.76,2408.16,0.5,2846,884,amc,amc,62,left,0
2847,2848,3,6332.66,6024.9,2406.6800000000003,0.75,2847,884,amc,amc,62,left,0
2848,2849,3,6333.139999999999,6023.88,2405.0599999999995,1.08203125,2848,884,amc,amc,62,left,0
2849,2850,3,6333.6,6022.88,2403.34,1.08203125,2849,966,EPv,EP,62,left,0
2850,2851,3,6334.52,6021.4800000000005,2402.76,0.83203125,2850,966,EPv,EP,62,left,0
2851,2852,3,6336.18,6021.42,2401.76,0.5,2851,884,amc,amc,62,left,0
2852,2853,3,6337.64,6020.280000000001,2400.4400000000005,1.0,2852,884,amc,amc,62,left,0
2853,2854,3,6338.6,6018.24,2398.9,0.02734375,2853,884,amc,amc,62,left,0
2854,2855,3,6340.08,6015.14,2395.84,1.16796875,2854,884,amc,amc,62,left,0
2855,2856,3,6341.0,6013.18,2394.1399999999994,0.75,2855,966,EPv,EP,62,left,0
2856,2857,3,6341.72,6012.54,2392.5,0.5,2856,966,EPv,EP,62,left,0
2857,2858,3,6343.42,6013.28,2390.82,0.91796875,2857,966,EPv,EP,62,left,0
2858,2859,3,6344.38,6013.76,2389.08,1.16796875,2858,966,EPv,EP,62,left,0
2859,2860,3,6344.8,6014.04,2385.959999999999,1.08203125,2859,966,EPv,EP,62,left,0
2860,2861,3,6345.16,6014.26,2383.6800000000003,0.83203125,2860,966,EPv,EP,62,left,0
2861,2862,3,6346.5,6014.9,2382.9,1.0,2861,966,EPv,EP,62,left,0
2862,2863,3,6347.06,6015.2,2380.9,1.0,2862,966,EPv,EP,62,left,0
2863,2864,3,6347.14,6015.04,2378.880000000001,0.5,2863,966,EPv,EP,62,left,0
2864,2865,3,6347.54,6014.2,2377.140000000001,0.91796875,2864,966,EPv,EP,62,left,0
2865,2866,3,6347.820000000001,6013.66,2374.98,1.0,2865,966,EPv,EP,62,left,0
2866,2867,3,6349.08,6013.400000000001,2373.6800000000003,0.75,2866,966,EPv,EP,62,left,0
2867,2868,3,6350.879999999999,6014.160000000001,2372.5,1.0,2867,966,EPv,EP,62,left,0
2868,2869,3,6352.08,6014.76,2370.2000000000007,1.16796875,2868,966,EPv,EP,62,left,0
2869,2870,3,6353.62,6015.54,2367.540000000001,1.0,2869,966,EPv,EP,62,left,0
2870,2871,3,6354.9800000000005,6015.96,2365.82,0.91796875,2870,966,EPv,EP,62,left,0
2871,2872,3,6355.58,6015.2,2364.24,0.91796875,2871,966,EPv,EP,62,left,0
2872,2873,3,6355.82,6015.2,2362.380000000001,1.0,2872,966,EPv,EP,62,left,0
2873,2874,3,6357.08,6015.08,2360.2800000000007,1.0,2873,966,EPv,EP,62,left,0
2874,2875,3,6358.360000000001,6014.400000000001,2358.48,0.83203125,2874,966,EPv,EP,62,left,0
2875,2876,3,6359.6,6012.7,2357.5599999999995,0.91796875,2875,966,EPv,EP,62,left,0
2876,2877,3,6360.639999999999,6010.5,2357.42,1.0,2876,966,EPv,EP,62,left,0
2877,2878,3,6361.26,6009.18,2356.98,1.0,2877,966,EPv,EP,62,left,0
2878,2879,3,6363.400000000001,6009.299999999999,2357.2000000000007,0.08203125,2878,966,EPv,EP,62,left,0
2879,2880,3,6365.259999999999,6006.639999999999,2357.84,1.0,2879,966,EPv,EP,62,left,0
2880,2881,3,6366.4800000000005,6003.9800000000005,2358.9,0.58203125,2880,966,EPv,EP,62,left,0
2881,2882,3,6367.72,6002.240000000001,2360.040000000001,1.25,2881,966,EPv,EP,62,left,0
2882,2883,3,6369.78,6001.58,2360.5200000000004,0.58203125,2882,966,EPv,EP,62,left,0
2883,2884,3,6371.620000000001,5998.9400000000005,2361.16,1.0,2883,966,EPv,EP,62,left,0
2884,2885,3,6372.74,5996.56,2362.0599999999995,0.75,2884,966,EPv,EP,62,left,0
2885,2886,3,6373.56,5994.740000000001,2363.82,1.58203125,2885,884,amc,amc,62,left,0
2886,2887,3,6375.119999999999,5991.4,2365.3,1.0,2886,884,amc,amc,62,left,0
2887,2888,3,6376.219999999999,5989.0,2365.800000000001,0.75,2887,884,amc,amc,62,left,0
2888,2889,3,6377.74,5987.52,2365.9,1.08203125,2888,884,amc,amc,62,left,0
2889,2890,3,6379.120000000001,5986.219999999999,2364.98,0.5,2889,884,amc,amc,62,left,0
2890,2891,3,6380.860000000001,5985.36,2363.619999999999,0.91796875,2890,884,amc,amc,62,left,0
2891,2892,3,6383.0,5985.5,2363.5200000000004,1.0,2891,884,amc,amc,62,left,1
4440,4441,3,6343.22,6016.12,2454.2800000000007,0.03515625,1289,303,BLAa,BLA,69,left,0
4441,4442,3,6340.66,6015.96,2455.48,0.83203125,4441,303,BLAa,BLA,69,left,0
4442,4443,3,6339.299999999999,6015.44,2456.8,1.0,4442,303,BLAa,BLA,69,left,0
4443,4444,3,6345.700000000001,6018.24,2452.58,0.11328125,1289,303,BLAa,BLA,70,left,0
4444,4445,3,6344.52,6020.92,2451.8600000000006,1.0,4444,303,BLAa,BLA,70,left,0
4445,4446,3,6343.92,6022.799999999999,2450.76,0.75,4445,303,BLAa,BLA,70,left,0
4446,4447,3,6344.92,6024.42,2450.4,1.0,4446,303,BLAa,BLA,70,left,0
4447,4448,3,6344.539999999999,6026.68,2450.040000000001,1.0,4447,303,BLAa,BLA,70,left,0
4448,4449,3,6343.76,6028.780000000001,2449.640000000001,0.5,4448,303,BLAa,BLA,70,left,0
4449,4450,3,6344.34,6029.96,2449.6000000000004,1.0,4449,303,BLAa,BLA,70,left,0
4450,4451,3,6338.12,6066.799999999999,2516.6000000000004,0.11328125,1836,303,BLAa,BLA,71,left,0
4451,4452,3,6337.98,6067.1,2518.5200000000004,0.75,4451,303,BLAa,BLA,71,left,0
4452,4453,3,6337.6,6067.94,2520.2800000000007,0.91796875,4452,303,BLAa,BLA,71,left,0
4453,4454,3,6337.4800000000005,6068.18,2522.960000000001,1.0,4453,303,BLAa,BLA,71,left,0
4454,4455,3,6336.96,6069.299999999999,2524.8,1.0,4454,303,BLAa,BLA,71,left,0
4455,4456,3,6336.0,6070.98,2527.6000000000004,1.08203125,4455,303,BLAa,BLA,71,left,0
4456,4457,3,6334.92,6071.4400000000005,2529.120000000001,0.5,4456,303,BLAa,BLA,71,left,0
4457,4458,3,6332.960000000001,6074.82,2532.4,1.25,4457,303,BLAa,BLA,71,left,0
4458,4459,3,6331.639999999999,6076.68,2534.5200000000004,0.5,4458,303,BLAa,BLA,71,left,0
4459,4460,3,6329.56,6077.219999999999,2536.26,1.16796875,4459,303,BLAa,BLA,71,left,0
4460,4461,3,6328.56,6078.339999999999,2537.74,0.5,4460,303,BLAa,BLA,71,left,0
4461,4462,3,6325.879999999999,6077.380000000001,2539.0,0.015625,4461,303,BLAa,BLA,71,left,0
4462,4463,3,6324.84,6077.52,2541.0599999999995,1.58203125,4462,303,BLAa,BLA,71,left,0
4463,4464,3,6324.099999999999,6079.06,2542.1800000000003,0.75,4463,303,BLAa,BLA,71,left,0
4464,4465,3,6323.540000000001,6079.76,2544.32,0.83203125,4464,303,BLAa,BLA,71,left,0
4465,4466,3,6321.799999999999,6080.259999999999,2544.619999999999,1.0,4465,303,BLAa,BLA,71,left,0
4466,4467,3,6320.280000000001,6081.36,2545.3599999999988,0.58203125,4466,303,BLAa,BLA,71,left,0
4467,4468,3,6319.9800000000005,6082.0,2548.6399999999994,1.0,4467,303,BLAa,BLA,71,left,0
4468,4469,3,6320.04,6081.92,2551.119999999999,0.91796875,4468,303,BLAa,BLA,71,left,0
4469,4470,3,6319.120000000001,6082.4,2552.66,1.25,4469,303,BLAa,BLA,71,left,0
4470,4471,3,6317.34,6082.64,2553.32,0.83203125,4470,303,BLAa,BLA,71,left,0
4471,4472,3,6316.36,6083.9,2554.619999999999,1.0,4471,303,BLAa,BLA,71,left,0
4472,4473,3,6315.42,6085.82,2556.26,1.0,4472,303,BLAa,BLA,71,left,0
4473,4474,3,6314.46,6087.3,2557.459999999999,0.75,4473,303,BLAa,BLA,71,left,0
4474,4475,3,6312.86,6087.619999999999,2558.34,0.91796875,4474,303,BLAa,BLA,71,left,0
4475,4476,3,6311.34,6087.219999999999,2558.6000000000004,0.5,4475,303,BLAa,BLA,71,left,0
4476,4477,3,6310.18,6088.18,2559.1800000000003,1.0,4476,303,BLAa,BLA,71,left,0
4477,4478,3,6309.64,6089.34,2560.959999999999,1.41796875,4477,303,BLAa,BLA,71,left,0
4478,4479,3,6309.0,6090.700000000001,2562.459999999999,0.91796875,4478,303,BLAa,BLA,71,left,0
4479,4480,3,6307.4400000000005,6092.58,2563.74,0.58203125,4479,303,BLAa,BLA,71,left,0
4480,4481,3,6305.700000000001,6093.42,2565.48,0.91796875,4480,303,BLAa,BLA,71,left,0
4481,4482,3,6304.139999999999,6093.9,2566.6800000000003,0.5,4481,303,BLAa,BLA,71,left,0
4482,4483,3,6302.42,6093.32,2568.3600000000006,0.75,4482,303,BLAa,BLA,71,left,0
4483,4484,3,6300.259999999999,6092.380000000001,2569.48,1.0,4483,303,BLAa,BLA,71,left,0
4484,4485,3,6298.68,6091.88,2569.98,1.0,4484,303,BLAa,BLA,71,left,0
4485,4486,3,6296.98,6092.3,2570.92,1.0,4485,303,BLAa,BLA,71,left,0
4486,4487,3,6295.58,6091.799999999999,2572.6399999999994,0.58203125,4486,303,BLAa,BLA,71,left,0
4487,4488,3,6294.52,6091.38,2572.0599999999995,0.09765625,4487,303,BLAa,BLA,71,left,0
4488,4489,3,6292.86,6090.66,2572.9,1.33203125,4488,303,BLAa,BLA,71,left,0
4489,4490,3,6291.18,6090.22,2574.9400000000005,0.75,4489,303,BLAa,BLA,71,left,0
4490,4491,3,6290.06,6090.66,2576.08,0.66796875,4490,303,BLAa,BLA,71,left,1
4491,4492,3,6336.5,6065.42,2515.620000000001,0.08203125,1836,303,BLAa,BLA,72,left,0
4492,4493,3,6334.58,6066.16,2516.4400000000005,0.83203125,4492,303,BLAa,BLA,72,left,0
4493,4494,3,6332.039999999999,6067.219999999999,2517.82,0.5,4493,303,BLAa,BLA,72,left,0
4494,4495,3,6328.56,6067.5,2519.5,0.5,4494,303,BLAa,BLA,72,left,0
4495,4496,3,6327.02,6068.06,2520.380000000001,0.66796875,4495,303,BLAa,BLA,72,left,0
4496,4497,3,6324.04,6068.26,2521.84,1.0,4496,303,BLAa,BLA,72,left,0
4497,4498,3,6321.84,6067.759999999999,2522.84,1.0,4497,303,BLAa,BLA,72,left,0
4498,4499,3,6320.639999999999,6068.099999999999,2523.6800000000003,0.58203125,4498,303,BLAa,BLA,72,left,0
4499,4500,3,6318.6,6067.26,2526.2000000000007,1.0,4499,303,BLAa,BLA,72,left,0
4500,4501,3,6316.620000000001,6066.96,2527.4,0.58203125,4500,303,BLAa,BLA,72,left,0
4501,4502,3,6315.599999999999,6067.3,2528.74,0.66796875,4501,303,BLAa,BLA,72,left,0
4502,4503,3,6314.160000000001,6066.74,2529.92,0.83203125,4502,303,BLAa,BLA,72,left,0
4503,4504,3,6313.099999999999,6067.58,2532.16,0.66796875,4503,303,BLAa,BLA,72,left,0
4504,4505,3,6311.92,6068.4400000000005,2533.120000000001,1.0,4504,303,BLAa,BLA,72,left,0
4505,4506,3,6311.02,6068.22,2534.8600000000006,1.0,4505,303,BLAa,BLA,72,left,0
4506,4507,3,6309.34,6067.4400000000005,2536.76,1.0,4506,303,BLAa,BLA,72,left,0
4507,4508,3,6308.3,6066.94,2538.300000000001,0.91796875,4507,303,BLAa,BLA,72,left,0
4508,4509,3,6306.34,6066.08,2538.82,0.078125,4508,303,BLAa,BLA,72,left,0
4509,4510,3,6305.08,6065.48,2540.5600000000013,1.08203125,4509,303,BLAa,BLA,72,left,0
4510,4511,3,6304.44,6065.1,2543.0999999999985,1.0,4510,303,BLAa,BLA,72,left,0
4511,4512,3,6303.58,6064.679999999999,2545.0200000000004,1.0,4511,303,BLAa,BLA,72,left,0
4512,4513,3,6302.4400000000005,6064.120000000001,2546.5599999999995,0.91796875,4512,303,BLAa,BLA,72,left,0
4513,4514,3,6300.8,6063.0,2547.6000000000004,1.16796875,4513,303,BLAa,BLA,72,left,0
4514,4515,3,6300.02,6061.7,2548.7000000000007,0.5,4514,303,BLAa,BLA,72,left,0
4515,4516,3,6297.759999999999,6060.34,2549.220000000001,1.0,4515,303,BLAa,BLA,72,left,0
4516,4517,3,6296.78,6058.7,2549.34,0.5,4516,303,BLAa,BLA,72,left,0
4517,4518,3,6296.5,6055.56,2552.08,1.16796875,4517,303,BLAa,BLA,72,left,0
4518,4519,3,6296.56,6054.06,2554.2800000000007,0.75,4518,303,BLAa,BLA,72,left,0
4519,4520,3,6295.2,6053.22,2555.3,0.58203125,4519,303,BLAa,BLA,72,left,0
4520,4521,3,6294.52,6052.88,2556.76,0.66796875,4520,303,BLAa,BLA,72,left,0
4521,4522,3,6293.360000000001,6052.34,2558.32,1.0,4521,303,BLAa,BLA,72,left,0
4522,4523,3,6292.619999999999,6052.32,2561.32,1.5,4522,303,BLAa,BLA,72,left,0
4523,4524,3,6292.039999999999,6052.92,2563.48,0.83203125,4523,303,BLAa,BLA,72,left,0
4524,4525,3,6290.38,6052.32,2565.1800000000003,1.0,4524,303,BLAa,BLA,72,left,0
4525,4526,3,6288.32,6051.459999999999,2565.24,1.0,4525,303,BLAa,BLA,72,left,0
4526,4527,3,6286.92,6050.860000000001,2565.72,0.66796875,4526,303,BLAa,BLA,72,left,0
4527,4528,3,6286.82,6050.72,2568.4400000000005,1.0,4527,303,BLAa,BLA,72,left,0
4528,4529,3,6286.78,6050.98,2571.900000000001,0.66796875,4528,303,BLAa,BLA,72,left,0
4529,4530,3,6286.459999999999,6051.7,2574.08,0.83203125,4529,303,BLAa,BLA,72,left,1
4530,4531,3,6324.24,5928.28,2499.8600000000006,0.046875,2293,303,BLAa,BLA,73,left,0
4531,4532,3,6325.42,5928.02,2502.34,1.0,4531,303,BLAa,BLA,73,left,0
4532,4533,3,6325.78,5927.4,2504.1399999999994,1.33203125,4532,303,BLAa,BLA,73,left,0
4533,4534,3,6326.599999999999,5925.900000000001,2506.380000000001,0.75,4533,303,BLAa,BLA,73,left,0
4534,4535,3,6326.88,5924.139999999999,2509.199999999999,0.91796875,4534,303,BLAa,BLA,73,left,0
4535,4536,3,6326.08,5922.56,2510.620000000001,1.25,4535,303,BLAa,BLA,73,left,0
4536,4537,3,6326.34,5921.4800000000005,2513.48,0.75,4536,303,BLAa,BLA,73,left,0
4537,4538,3,6328.22,5917.98,2517.98,0.58203125,4537,303,BLAa,BLA,73,left,0
4538,4539,3,6329.160000000001,5916.219999999999,2520.119999999999,1.0,4538,303,BLAa,BLA,73,left,0
4539,4540,3,6329.34,5914.56,2521.540000000001,0.58203125,4539,303,BLAa,BLA,73,left,0
4540,4541,3,6328.46,5913.16,2522.48,1.0,4540,303,BLAa,BLA,73,left,0
4541,4542,3,6328.82,5911.78,2523.959999999999,1.16796875,4541,303,BLAa,BLA,73,left,0
4542,4543,3,6329.84,5909.52,2524.9,1.0,4542,303,BLAa,BLA,73,left,0
4543,4544,3,6330.119999999999,5907.380000000001,2525.220000000001,0.91796875,4543,303,BLAa,BLA,73,left,0
4544,4545,3,6330.5,5903.28,2525.82,1.0,4544,303,BLAa,BLA,73,left,0
4545,4546,3,6330.34,5901.040000000001,2526.540000000001,1.08203125,4545,303,BLAa,BLA,73,left,0
4546,4547,3,6330.18,5899.539999999999,2527.4,1.25,4546,303,BLAa,BLA,73,left,0
4547,4548,3,6328.540000000001,5898.08,2527.380000000001,0.5,4547,303,BLAa,BLA,73,left,0
4548,4549,3,6328.379999999999,5896.88,2528.6399999999994,1.33203125,4548,303,BLAa,BLA,73,left,0
4549,4550,3,6328.56,5896.72,2530.800000000001,1.0,4549,303,BLAa,BLA,73,left,0
4550,4551,3,6327.66,5896.26,2532.459999999999,0.11328125,4550,303,BLAa,BLA,73,left,0
4551,4552,3,6326.18,5895.58,2533.540000000001,0.83203125,4551,303,BLAa,BLA,73,left,0
4552,4553,3,6325.66,5895.22,2536.879999999999,1.0,4552,303,BLAa,BLA,73,left,0
4553,4554,3,6325.96,5894.82,2539.34,1.33203125,4553,303,BLAa,BLA,73,left,0
4554,4555,3,6326.92,5893.04,2541.42,0.5,4554,303,BLAa,BLA,73,left,0
4555,4556,3,6327.799999999999,5891.36,2542.74,1.08203125,4555,303,BLAa,BLA,73,left,0
4556,4557,3,6328.4400000000005,5890.22,2544.7000000000007,0.83203125,4556,303,BLAa,BLA,73,left,0
4557,4558,3,6328.719999999999,5889.84,2546.699999999999,1.66796875,4557,303,BLAa,BLA,73,left,0
4558,4559,3,6329.28,5888.780000000001,2547.720000000001,1.0,4558,303,BLAa,BLA,73,left,0
4559,4560,3,6329.08,5889.42,2550.119999999999,0.02734375,4559,303,BLAa,BLA,73,left,0
4560,4561,3,6327.92,5889.56,2551.0200000000004,0.91796875,4560,303,BLAa,BLA,73,left,0
4561,4562,3,6325.98,5888.9400000000005,2551.380000000001,0.66796875,4561,303,BLAa,BLA,73,left,0
4562,4563,3,6324.360000000001,5889.539999999999,2552.26,0.91796875,4562,303,BLAa,BLA,73,left,0
4563,4564,3,6322.179999999999,5890.839999999999,2555.0200000000004,0.66796875,4563,303,BLAa,BLA,73,left,0
4564,4565,3,6321.58,5892.28,2556.76,0.75,4564,303,BLAa,BLA,73,left,0
4565,4566,3,6321.16,5893.339999999999,2558.82,0.58203125,4565,303,BLAa,BLA,73,left,0
4566,4567,3,6321.08,5893.82,2561.960000000001,1.41796875,4566,303,BLAa,BLA,73,left,0
4567,4568,3,6320.82,5894.52,2563.8,0.5,4567,303,BLAa,BLA,73,left,0
4568,4569,3,6321.0,5894.52,2567.48,0.75,4568,303,BLAa,BLA,73,left,0
4569,4570,3,6321.54,5893.719999999999,2569.98,1.0,4569,303,BLAa,BLA,73,left,1
4570,4571,3,6321.42,5927.88,2499.3600000000006,0.08984375,2293,303,BLAa,BLA,74,left,0
4571,4572,3,6320.42,5927.4,2501.1000000000004,1.0,4571,303,BLAa,BLA,74,left,0
4572,4573,3,6318.5,5926.52,2502.16,1.08203125,4572,303,BLAa,BLA,74,left,0
4573,4574,3,6317.46,5926.02,2503.76,0.75,4573,303,BLAa,BLA,74,left,0
4574,4575,3,6317.3,5925.879999999999,2506.0599999999995,0.75,4574,303,BLAa,BLA,74,left,0
4575,4576,3,6316.82,5925.62,2507.619999999999,1.0,4575,303,BLAa,BLA,74,left,0
4576,4577,3,6315.62,5924.700000000001,2508.48,1.16796875,4576,303,BLAa,BLA,74,left,0
4577,4578,3,6315.44,5923.66,2509.82,0.91796875,4577,303,BLAa,BLA,74,left,0
4578,4579,3,6314.120000000001,5921.72,2510.92,0.91796875,4578,303,BLAa,BLA,74,left,0
4579,4580,3,6314.06,5919.679999999999,2512.6000000000004,1.0,4579,303,BLAa,BLA,74,left,0
4580,4581,3,6314.2,5918.46,2514.040000000001,0.5,4580,303,BLAa,BLA,74,left,0
4581,4582,3,6313.08,5917.200000000001,2514.640000000001,1.08203125,4581,303,BLAa,BLA,74,left,0
4582,4583,3,6313.339999999999,5915.860000000001,2515.76,1.0,4582,303,BLAa,BLA,74,left,0
4583,4584,3,6313.24,5914.02,2517.7000000000007,0.5,4583,303,BLAa,BLA,74,left,0
4584,4585,3,6312.619999999999,5912.1,2519.640000000001,1.33203125,4584,303,BLAa,BLA,74,left,0
4585,4586,3,6312.52,5910.320000000001,2521.1000000000004,0.66796875,4585,303,BLAa,BLA,74,left,0
4586,4587,3,6312.799999999999,5909.18,2523.82,0.91796875,4586,303,BLAa,BLA,74,left,0
4587,4588,3,6311.94,5907.619999999999,2524.84,0.5,4587,303,BLAa,BLA,74,left,0
4588,4589,3,6311.16,5904.539999999999,2526.720000000001,1.0,4588,303,BLAa,BLA,74,left,0
4589,4590,3,6311.1,5902.32,2528.32,1.0,4589,303,BLAa,BLA,74,left,0
4590,4591,3,6310.02,5900.02,2529.08,0.91796875,4590,303,BLAa,BLA,74,left,0
4591,4592,3,6309.08,5897.74,2530.5999999999985,0.58203125,4591,303,BLAa,BLA,74,left,0
4592,4593,3,6308.9800000000005,5896.0,2532.3,0.5,4592,303,BLAa,BLA,74,left,0
4593,4594,3,6307.799999999999,5894.360000000001,2533.24,1.0,4593,303,BLAa,BLA,74,left,0
4594,4595,3,6307.240000000001,5893.42,2534.66,0.83203125,4594,303,BLAa,BLA,74,left,0
4595,4596,3,6307.1,5892.34,2536.5599999999995,0.0234375,4595,303,BLAa,BLA,74,left,0
4596,4597,3,6305.82,5890.460000000001,2537.7000000000007,0.91796875,4596,303,BLAa,BLA,74,left,0
4597,4598,3,6305.76,5888.540000000001,2539.66,1.0,4597,303,BLAa,BLA,74,left,0
4598,4599,3,6306.599999999999,5886.54,2541.92,1.0,4598,303,BLAa,BLA,74,left,0
4599,4600,3,6306.660000000001,5884.9800000000005,2543.24,0.75,4599,303,BLAa,BLA,74,left,0
4600,4601,3,6306.34,5881.900000000001,2544.2800000000007,1.0,4600,303,BLAa,BLA,74,left,0
4601,4602,3,6305.320000000001,5879.64,2545.08,1.08203125,4601,303,BLAa,BLA,74,left,0
4602,4603,3,6305.320000000001,5877.4800000000005,2546.4,0.58203125,4602,303,BLAa,BLA,74,left,0
4603,4604,3,6306.040000000001,5874.880000000001,2548.8,0.5,4603,303,BLAa,BLA,74,left,0
4604,4605,3,6305.44,5873.22,2550.1800000000003,0.5,4604,303,BLAa,BLA,74,left,0
4605,4606,3,6305.44,5871.2,2551.620000000001,0.5,4605,303,BLAa,BLA,74,left,0
4606,4607,3,6305.06,5869.099999999999,2552.0,1.16796875,4606,303,BLAa,BLA,74,left,0
4607,4608,3,6325.599999999999,5899.2,2489.220000000001,0.08203125,2305,303,BLAa,BLA,75,left,0
4608,4609,3,6326.7,5896.84,2489.1000000000004,0.91796875,4608,303,BLAa,BLA,75,left,0
4609,4610,3,6327.34,5895.460000000001,2488.5599999999995,0.5,4609,303,BLAa,BLA,75,left,0
4610,4611,3,6328.62,5892.799999999999,2488.92,1.0,4610,303,BLAa,BLA,75,left,0
4611,4612,3,6330.42,5889.139999999999,2489.74,1.0,4611,303,BLAa,BLA,75,left,0
4612,4613,3,6331.639999999999,5886.660000000001,2490.2800000000007,1.0,4612,303,BLAa,BLA,75,left,0
4613,4614,3,6332.88,5884.120000000001,2491.1800000000003,0.83203125,4613,303,BLAa,BLA,75,left,0
4614,4615,3,6333.84,5882.240000000001,2492.5200000000004,1.0,4614,303,BLAa,BLA,75,left,0
4615,4616,3,6334.880000000001,5879.86,2494.1399999999994,0.66796875,4615,303,BLAa,BLA,75,left,0
4616,4617,3,6335.06,5877.84,2494.74,0.91796875,4616,303,BLAa,BLA,75,left,0
4617,4618,3,6336.14,5875.02,2496.32,0.91796875,4617,303,BLAa,BLA,75,left,0
4618,4619,3,6337.32,5872.219999999999,2497.5200000000004,1.33203125,4618,303,BLAa,BLA,75,left,0
4619,4620,3,6337.12,5870.48,2498.880000000001,0.83203125,4619,303,BLAa,BLA,75,left,0
4620,4621,3,6337.3,5867.4800000000005,2500.72,1.41796875,4620,303,BLAa,BLA,75,left,0
4621,4622,3,6337.98,5866.1,2502.619999999999,1.0,4621,303,BLAa,BLA,75,left,0
4622,4623,3,6338.28,5864.02,2503.34,1.0,4622,303,BLAa,BLA,75,left,0
4623,4624,3,6339.360000000001,5860.74,2503.98,1.0,4623,303,BLAa,BLA,75,left,0
4624,4625,3,6340.68,5858.06,2505.08,1.08203125,4624,303,BLAa,BLA,75,left,0
4625,4626,3,6341.639999999999,5856.14,2506.22,0.91796875,4625,303,BLAa,BLA,75,left,0
4626,4627,3,6342.06,5853.9400000000005,2506.66,1.0,4626,303,BLAa,BLA,75,left,0
4627,4628,3,6341.219999999999,5852.4800000000005,2506.699999999999,1.0,4627,303,BLAa,BLA,75,left,0
4628,4629,3,6341.7,5850.320000000001,2507.08,0.91796875,4628,303,BLAa,BLA,75,left,0
4629,4630,3,6341.98,5847.619999999999,2507.6800000000003,0.91796875,4629,303,BLAa,BLA,75,left,0
4630,4631,3,6343.0,5845.320000000001,2509.08,0.91796875,4630,303,BLAa,BLA,75,left,0
4631,4632,3,6344.360000000001,5842.64,2511.1000000000004,1.0,4631,303,BLAa,BLA,75,left,0
4632,4633,3,6345.24,5840.9400000000005,2512.34,1.08203125,4632,303,BLAa,BLA,75,left,0
4633,4634,3,6346.18,5839.04,2513.26,1.0,4633,303,BLAa,BLA,75,left,0
4634,4635,3,6347.52,5836.42,2515.6399999999994,0.0390625,4634,303,BLAa,BLA,75,left,0
4635,4636,3,6349.34,5832.72,2517.26,1.0,4635,303,BLAa,BLA,75,left,0
4636,4637,3,6350.5,5830.280000000001,2517.82,1.0,4636,303,BLAa,BLA,75,left,0
4637,4638,3,6350.74,5828.42,2518.1399999999994,1.0,4637,303,BLAa,BLA,75,left,0
4638,4639,3,6349.880000000001,5827.52,2518.0999999999985,1.0,4638,303,BLAa,BLA,75,left,0
4639,4640,3,6350.320000000001,5825.259999999999,2518.5,1.0,4639,303,BLAa,BLA,75,left,0
4640,4641,3,6352.0,5821.7,2519.32,1.0,4640,303,BLAa,BLA,75,left,0
4641,4642,3,6353.82,5817.9,2520.1800000000003,1.08203125,4641,303,BLAa,BLA,75,left,0
4642,4643,3,6355.16,5814.160000000001,2520.98,1.0,4642,303,BLAa,BLA,75,left,0
4643,4644,3,6354.76,5811.98,2521.2000000000007,0.75,4643,303,BLAa,BLA,75,left,0
4644,4645,3,6356.1,5810.14,2521.720000000001,0.125,4644,303,BLAa,BLA,75,left,0
4645,4646,3,6357.58,5807.200000000001,2522.42,1.16796875,4645,303,BLAa,BLA,75,left,0
4646,4647,3,6359.34,5803.46,2523.279999999999,1.33203125,4646,303,BLAa,BLA,75,left,0
4647,4648,3,6361.14,5799.64,2524.16,1.5,4647,303,BLAa,BLA,75,left,0
4648,4649,3,6362.32,5797.12,2524.74,1.08203125,4648,303,BLAa,BLA,75,left,0
4649,4650,3,6363.16,5795.280000000001,2525.16,1.0,4649,303,BLAa,BLA,75,left,1
4650,4651,3,6322.820000000001,5898.92,2489.6000000000004,0.02734375,2305,303,BLAa,BLA,76,left,0
4651,4652,3,6321.16,5897.86,2489.959999999999,1.0,4651,303,BLAa,BLA,76,left,0
4652,4653,3,6321.0,5896.58,2490.72,1.0,4652,303,BLAa,BLA,76,left,0
4653,4654,3,6320.36,5894.04,2491.0200000000004,1.0,4653,303,BLAa,BLA,76,left,0
4654,4655,3,6319.56,5891.18,2491.24,1.0,4654,303,BLAa,BLA,76,left,0
4655,4656,3,6318.88,5888.92,2491.459999999999,1.0,4655,303,BLAa,BLA,76,left,0
4656,4657,3,6317.92,5887.36,2492.24,1.0,4656,303,BLAa,BLA,76,left,0
4657,4658,3,6316.900000000001,5885.860000000001,2492.7000000000007,0.75,4657,303,BLAa,BLA,76,left,0
4658,4659,3,6315.44,5883.74,2492.7000000000007,0.75,4658,303,BLAa,BLA,76,left,0
4659,4660,3,6314.6,5883.02,2491.84,0.0625,4659,303,BLAa,BLA,76,left,0
4660,4661,3,6312.0,5881.88,2491.040000000001,1.08203125,4660,303,BLAa,BLA,76,left,0
4661,4662,3,6309.719999999999,5881.34,2490.6800000000003,1.0,4661,303,BLAa,BLA,76,left,0
4662,4663,3,6306.82,5881.74,2490.1000000000004,0.58203125,4662,303,BLAa,BLA,76,left,0
4663,4664,3,6303.379999999999,5882.92,2489.3,1.0,4663,303,BLAa,BLA,76,left,0
4664,4665,3,6300.98,5883.52,2488.7800000000007,0.5,4664,303,BLAa,BLA,76,left,0
4665,4666,3,6299.02,5884.64,2488.279999999999,0.58203125,4665,303,BLAa,BLA,76,left,0
4666,4667,3,6297.08,5884.92,2488.4,0.58203125,4666,303,BLAa,BLA,76,left,0
4667,4668,3,6295.36,5886.280000000001,2488.98,0.58203125,4667,303,BLAa,BLA,76,left,0
4668,4669,3,6293.22,5888.42,2489.220000000001,1.0,4668,303,BLAa,BLA,76,left,0
4669,4670,3,6290.98,5889.160000000001,2488.72,0.91796875,4669,303,BLAa,BLA,76,left,0
4670,4671,3,6288.74,5889.48,2488.4,1.08203125,4670,303,BLAa,BLA,76,left,0
4671,4672,3,6287.3,5890.599999999999,2488.959999999999,1.08203125,4671,303,BLAa,BLA,76,left,0
4672,4673,3,6285.96,5892.36,2488.6399999999994,1.0,4672,303,BLAa,BLA,76,left,0
4673,4674,3,6284.139999999999,5892.42,2488.279999999999,1.0,4673,303,BLAa,BLA,76,left,0
4674,4675,3,6281.3,5892.4800000000005,2487.76,0.0546875,4674,303,BLAa,BLA,76,left,0
4675,4676,3,6278.7,5894.18,2487.0599999999995,1.0,4675,303,BLAa,BLA,76,left,0
4676,4677,3,6276.94,5896.06,2486.380000000001,0.5,4676,303,BLAa,BLA,76,left,0
4677,4678,3,6275.08,5898.7,2484.779999999999,0.83203125,4677,303,BLAa,BLA,76,left,0
4678,4679,3,6273.379999999999,5901.860000000001,2482.4,0.91796875,4678,303,BLAa,BLA,76,left,0
4679,4680,3,6272.200000000001,5904.06,2480.9,1.0,4679,303,BLAa,BLA,76,left,0
4680,4681,3,6271.040000000001,5905.02,2479.2800000000007,1.0,4680,303,BLAa,BLA,76,left,0
4681,4682,3,6269.84,5904.76,2477.279999999999,0.83203125,4681,303,BLAa,BLA,76,left,0
4682,4683,3,6267.92,5905.0,2475.3,1.33203125,4682,303,BLAa,BLA,76,left,0
4683,4684,3,6266.92,5905.36,2472.880000000001,0.5,4683,303,BLAa,BLA,76,left,0
4684,4685,3,6265.02,5906.36,2471.5599999999995,0.91796875,4684,303,BLAa,BLA,76,left,0
4685,4686,3,6263.0,5907.58,2469.0200000000004,1.0,4685,303,BLAa,BLA,76,left,0
4686,4687,3,6261.88,5908.42,2466.98,0.5,4686,303,BLAa,BLA,76,left,0
4687,4688,3,6260.92,5908.48,2463.619999999999,1.0,4687,303,BLAa,BLA,76,left,0
4688,4689,3,6260.74,5908.4400000000005,2460.58,1.0,4688,303,BLAa,BLA,76,left,0
4689,4690,3,6260.639999999999,5908.4400000000005,2458.5200000000004,1.0,4689,303,BLAa,BLA,76,left,0
4690,4691,3,6261.52,5908.84,2457.66,0.16796875,4690,303,BLAa,BLA,76,left,0
4691,4692,3,6261.56,5908.9,2454.92,1.0,4691,303,BLAa,BLA,76,left,0
4692,4693,3,6261.42,5908.88,2452.48,1.25,4692,303,BLAa,BLA,76,left,0
4693,4694,3,6261.900000000001,5907.7,2450.72,1.25,4693,303,BLAa,BLA,76,left,0
4694,4695,3,6262.94,5906.06,2449.4399999999987,1.41796875,4694,303,BLAa,BLA,76,left,0
4695,4696,3,6265.08,5906.040000000001,2448.1800000000003,1.08203125,4695,303,BLAa,BLA,76,left,0
4696,4697,3,6265.860000000001,5906.42,2446.5599999999995,1.16796875,4696,303,BLAa,BLA,76,left,0
4697,4698,3,6266.2,5906.599999999999,2444.72,1.16796875,4697,303,BLAa,BLA,76,left,1
4698,4699,3,6266.54,5981.78,2462.8,1.16796875,2548,884,amc,amc,77,left,0
4699,4700,3,6266.08,5981.54,2465.0,0.58203125,4699,884,amc,amc,77,left,0
4700,4701,3,6264.880000000001,5981.94,2466.620000000001,0.83203125,4700,884,amc,amc,77,left,0
4701,4702,3,6263.32,5982.759999999999,2467.82,0.83203125,4701,884,amc,amc,77,left,0
4702,4703,3,6261.280000000001,5982.46,2469.220000000001,1.0,4702,884,amc,amc,77,left,0
4703,4704,3,6259.42,5982.54,2469.779999999999,0.83203125,4703,884,amc,amc,77,left,0
4704,4705,3,6258.04,5982.42,2471.8,1.0,4704,884,amc,amc,77,left,0
4705,4706,3,6256.84,5981.88,2473.4,1.0,4705,884,amc,amc,77,left,0
4706,4707,3,6255.460000000001,5981.280000000001,2473.9,1.0,4706,884,amc,amc,77,left,0
4707,4708,3,6255.16,5980.700000000001,2475.7000000000007,0.66796875,4707,303,BLAa,BLA,77,left,0
4708,4709,3,6255.639999999999,5979.9400000000005,2477.9,0.91796875,4708,303,BLAa,BLA,77,left,0
4709,4710,3,6255.280000000001,5979.56,2480.119999999999,1.0,4709,303,BLAa,BLA,77,left,0
4710,4711,3,6254.299999999999,5979.120000000001,2481.26,1.0,4710,884,amc,amc,77,left,0
4711,4712,3,6253.719999999999,5978.82,2483.34,1.0,4711,884,amc,amc,77,left,0
4712,4713,3,6253.64,5978.76,2485.4,1.0,4712,303,BLAa,BLA,77,left,0
4713,4714,3,6252.759999999999,5978.4400000000005,2486.66,0.91796875,4713,303,BLAa,BLA,77,left,0
4714,4715,3,6251.02,5978.7,2487.6399999999994,1.0,4714,303,BLAa,BLA,77,left,0
4715,4716,3,6249.400000000001,5978.379999999999,2488.300000000001,1.0,4715,303,BLAa,BLA,77,left,0
4716,4717,3,6248.92,5978.139999999999,2490.26,1.0,4716,303,BLAa,BLA,77,left,0
4717,4718,3,6249.04,5978.139999999999,2492.5200000000004,1.0,4717,303,BLAa,BLA,77,left,0
4718,4719,3,6249.02,5978.08,2496.08,0.02734375,4718,303,BLAa,BLA,77,left,0
4719,4720,3,6248.3,5977.74,2497.9,1.0,4719,303,BLAa,BLA,77,left,0
4720,4721,3,6248.08,5977.6,2499.779999999999,1.0,4720,303,BLAa,BLA,77,left,0
4721,4722,3,6247.36,5977.26,2501.58,0.83203125,4721,303,BLAa,BLA,77,left,0
4722,4723,3,6247.14,5977.12,2503.4400000000005,1.0,4722,303,BLAa,BLA,77,left,0
4723,4724,3,6246.42,5976.78,2505.26,0.83203125,4723,303,BLAa,BLA,77,left,0
4724,4725,3,6246.02,5976.58,2507.16,1.0,4724,303,BLAa,BLA,77,left,0
4725,4726,3,6244.76,5976.02,2507.9,1.0,4725,303,BLAa,BLA,77,left,0
4726,4727,3,6244.18,5976.08,2510.3,0.75,4726,303,BLAa,BLA,77,left,0
4727,4728,3,6243.360000000001,5976.639999999999,2512.140000000001,0.91796875,4727,303,BLAa,BLA,77,left,0
4728,4729,3,6241.42,5976.02,2513.619999999999,0.83203125,4728,303,BLAa,BLA,77,left,0
4729,4730,3,6240.299999999999,5975.5,2515.2800000000007,0.58203125,4729,303,BLAa,BLA,77,left,0
4730,4731,3,6238.74,5974.84,2516.5200000000004,0.66796875,4730,303,BLAa,BLA,77,left,0
4731,4732,3,6236.860000000001,5974.04,2516.98,0.5,4731,303,BLAa,BLA,77,left,0
4732,4733,3,6236.38,5973.780000000001,2519.84,1.0,4732,303,BLAa,BLA,77,left,0
4733,4734,3,6236.58,5973.780000000001,2523.58,1.0,4733,303,BLAa,BLA,77,left,0
4734,4735,3,6236.52,5973.719999999999,2525.879999999999,0.83203125,4734,303,BLAa,BLA,77,left,0
4735,4736,3,6235.860000000001,5973.42,2527.1800000000003,0.5,4735,303,BLAa,BLA,77,left,0
4736,4737,3,6235.280000000001,5973.9800000000005,2529.040000000001,0.5,4736,303,BLAa,BLA,77,left,0
4737,4738,3,6234.22,5974.56,2530.6800000000003,0.75,4737,303,BLAa,BLA,77,left,0
4738,4739,3,6232.94,5975.9400000000005,2533.379999999999,1.25,4738,303,BLAa,BLA,77,left,0
4739,4740,3,6231.24,5976.18,2534.72,0.5,4739,303,BLAa,BLA,77,left,0
4740,4741,3,6229.78,5977.74,2535.0599999999995,1.0,4740,303,BLAa,BLA,77,left,0
4741,4742,3,6228.5,5978.88,2534.7000000000007,0.16796875,4741,303,BLAa,BLA,77,left,0
4742,4743,3,6227.039999999999,5978.62,2534.460000000001,1.0,4742,303,BLAa,BLA,77,left,1
4743,4744,3,6264.96,5981.1,2461.1000000000004,0.05859375,2548,884,amc,amc,78,left,0
4744,4745,3,6263.12,5980.38,2459.1000000000004,0.83203125,4744,884,amc,amc,78,left,0
4745,4746,3,6260.92,5979.44,2457.540000000001,1.58203125,4745,884,amc,amc,78,left,0
4746,4747,3,6259.8,5978.9800000000005,2455.58,1.0,4746,884,amc,amc,78,left,0
4747,4748,3,6259.18,5979.0,2453.7800000000007,1.0,4747,884,amc,amc,78,left,0
4748,4749,3,6258.360000000001,5979.82,2451.380000000001,1.0,4748,884,amc,amc,78,left,0
4749,4750,3,6257.32,5980.02,2449.48,0.66796875,4749,884,amc,amc,78,left,0
4750,4751,3,6256.38,5981.38,2448.4,1.0,4750,884,amc,amc,78,left,0
4751,4752,3,6255.98,5982.0,2446.22,1.0,4751,884,amc,amc,78,left,0
4752,4753,3,6255.76,5982.200000000001,2443.32,1.08203125,4752,884,amc,amc,78,left,0
4753,4754,3,6255.1,5983.360000000001,2441.040000000001,1.33203125,4753,884,amc,amc,78,left,0
4754,4755,3,6254.32,5984.679999999999,2438.4,0.91796875,4754,966,EPv,EP,78,left,0
4755,4756,3,6253.719999999999,5985.68,2435.779999999999,1.33203125,4755,966,EPv,EP,78,left,0
4756,4757,3,6253.24,5986.459999999999,2433.42,1.16796875,4756,966,EPv,EP,78,left,0
4757,4758,3,6252.52,5987.68,2430.76,1.33203125,4757,966,EPv,EP,78,left,0
4758,4759,3,6251.7,5989.120000000001,2428.42,0.5,4758,966,EPv,EP,78,left,0
4759,4760,3,6250.72,5990.119999999999,2426.0200000000004,1.08203125,4759,966,EPv,EP,78,left,0
4760,4761,3,6249.08,5989.880000000001,2424.32,1.08203125,4760,966,EPv,EP,78,left,0
4761,4762,3,6247.4400000000005,5989.160000000001,2423.7800000000007,0.08984375,4761,966,EPv,EP,78,left,0
4762,4763,3,6243.64,5987.4800000000005,2422.24,0.83203125,4762,966,EPv,EP,78,left,0
4763,4764,3,6241.860000000001,5986.72,2420.66,0.91796875,4763,966,EPv,EP,78,left,1
7053,7054,3,6338.9800000000005,6014.02,2457.1000000000004,0.16796875,4443,303,BLAa,BLA,87,left,0
7054,7055,3,6337.3,6012.72,2457.8599999999988,0.5,7054,303,BLAa,BLA,87,left,0
7055,7056,3,6336.16,6010.58,2459.3600000000006,0.5,7055,303,BLAa,BLA,87,left,0
7056,7057,3,6334.9,6008.58,2459.72,0.5,7056,303,BLAa,BLA,87,left,0
7057,7058,3,6333.42,6006.56,2460.4400000000005,0.91796875,7057,303,BLAa,BLA,87,left,0
7058,7059,3,6332.32,6005.04,2461.3,0.5,7058,303,BLAa,BLA,87,left,0
7059,7060,3,6331.08,6002.84,2462.9400000000005,1.0,7059,303,BLAa,BLA,87,left,0
7060,7061,3,6330.259999999999,6000.76,2464.199999999999,0.66796875,7060,303,BLAa,BLA,87,left,0
7061,7062,3,6329.26,5998.76,2465.6399999999994,1.0,7061,303,BLAa,BLA,87,left,0
7062,7063,3,6327.84,5997.42,2466.459999999999,0.5,7062,303,BLAa,BLA,87,left,0
7063,7064,3,6327.68,5996.38,2467.74,1.0,7063,303,BLAa,BLA,87,left,0
7064,7065,3,6338.46,6016.4800000000005,2458.5,0.07421875,4443,303,BLAa,BLA,88,left,0
7065,7066,3,6338.0,6017.16,2460.539999999999,1.0,7065,303,BLAa,BLA,88,left,0
7066,7067,3,6336.799999999999,6017.16,2461.98,1.0,7066,303,BLAa,BLA,88,left,0
7067,7068,3,6334.299999999999,6017.16,2462.8599999999988,1.25,7067,303,BLAa,BLA,88,left,0
7068,7069,3,6332.98,6018.12,2464.32,0.83203125,7068,303,BLAa,BLA,88,left,0
7069,7070,3,6332.240000000001,6018.12,2467.0200000000004,1.0,7069,303,BLAa,BLA,88,left,0
7070,7071,3,6331.94,6018.780000000001,2468.4400000000005,1.0,7070,303,BLAa,BLA,88,left,0
7071,7072,3,6331.78,6019.160000000001,2471.4,1.0,7071,303,BLAa,BLA,88,left,0
7072,7073,3,6331.84,6019.120000000001,2473.8600000000006,1.0,7072,303,BLAa,BLA,88,left,0
7073,7074,3,6329.86,6018.200000000001,2475.26,0.08203125,7073,303,BLAa,BLA,88,left,0
7074,7075,3,6328.46,6018.0,2478.5200000000004,1.16796875,7074,303,BLAa,BLA,88,left,0
7075,7076,3,6327.92,6018.6,2480.4400000000005,0.75,7075,303,BLAa,BLA,88,left,0
7076,7077,3,6327.08,6018.24,2482.540000000001,0.91796875,7076,303,BLAa,BLA,88,left,0
7077,7078,3,6326.18,6017.780000000001,2484.74,0.5,7077,303,BLAa,BLA,88,left,0
7078,7079,3,6324.86,6017.42,2485.6800000000003,0.5,7078,303,BLAa,BLA,88,left,0
7079,7080,3,6324.299999999999,6018.139999999999,2486.699999999999,1.16796875,7079,303,BLAa,BLA,88,left,0
7080,7081,3,6323.3,6017.9,2488.300000000001,1.0,7080,303,BLAa,BLA,88,left,0
7081,7082,3,6321.68,6017.16,2489.48,0.66796875,7081,303,BLAa,BLA,88,left,0
7082,7083,3,6320.98,6016.74,2492.8599999999988,1.0,7082,303,BLAa,BLA,88,left,0
7083,7084,3,6320.700000000001,6016.54,2495.26,1.0,7083,303,BLAa,BLA,88,left,0
7084,7085,3,6319.52,6015.96,2496.960000000001,1.0,7084,303,BLAa,BLA,88,left,0
7085,7086,3,6318.92,6015.639999999999,2499.0599999999995,1.0,7085,303,BLAa,BLA,88,left,0
7086,7087,3,6317.94,6015.14,2500.66,1.0,7086,303,BLAa,BLA,88,left,0
7087,7088,3,6316.459999999999,6014.32,2501.4400000000005,0.66796875,7087,303,BLAa,BLA,88,left,0
7088,7089,3,6316.14,6012.960000000001,2502.960000000001,1.08203125,7088,303,BLAa,BLA,88,left,0
7089,7090,3,6315.639999999999,6012.52,2504.619999999999,1.0,7089,303,BLAa,BLA,88,left,0
7090,7091,3,6314.52,6011.94,2506.960000000001,1.0,7090,303,BLAa,BLA,88,left,0
7091,7092,3,6313.28,6011.36,2508.379999999999,1.0,7091,303,BLAa,BLA,88,left,0
7092,7093,3,6312.0,6010.78,2509.1000000000004,1.0,7092,303,BLAa,BLA,88,left,0
7093,7094,3,6344.34,6032.16,2449.58,0.0546875,4450,303,BLAa,BLA,89,left,0
7094,7095,3,6343.76,6034.099999999999,2450.800000000001,1.0,7094,303,BLAa,BLA,89,left,0
7095,7096,3,6342.759999999999,6036.219999999999,2452.119999999999,0.91796875,7095,303,BLAa,BLA,89,left,0
7096,7097,3,6342.12,6038.379999999999,2452.880000000001,0.91796875,7096,303,BLAa,BLA,89,left,0
7097,7098,3,6342.92,6040.280000000001,2453.300000000001,0.58203125,7097,303,BLAa,BLA,89,left,0
7098,7099,3,6342.58,6042.4400000000005,2453.959999999999,0.91796875,7098,303,BLAa,BLA,89,left,0
7099,7100,3,6341.4800000000005,6044.76,2454.1399999999994,1.33203125,7099,303,BLAa,BLA,89,left,0
7100,7101,3,6340.66,6046.5,2454.640000000001,1.0,7100,303,BLAa,BLA,89,left,0
7101,7102,3,6339.42,6049.120000000001,2455.5200000000004,0.91796875,7101,303,BLAa,BLA,89,left,0
7102,7103,3,6338.379999999999,6051.3,2456.119999999999,1.0,7102,303,BLAa,BLA,89,left,0
7103,7104,3,6337.3,6053.58,2456.82,1.25,7103,303,BLAa,BLA,89,left,0
7104,7105,3,6336.38,6055.5,2457.0,1.08203125,7104,303,BLAa,BLA,89,left,0
7105,7106,3,6336.040000000001,6056.96,2458.7000000000007,1.16796875,7105,303,BLAa,BLA,89,left,0
7106,7107,3,6336.32,6058.18,2459.58,1.41796875,7106,303,BLAa,BLA,89,left,0
7107,7108,3,6335.58,6060.14,2460.220000000001,0.75,7107,303,BLAa,BLA,89,left,0
7108,7109,3,6334.6,6062.219999999999,2461.0200000000004,1.5,7108,303,BLAa,BLA,89,left,0
7109,7110,3,6333.48,6064.32,2462.3,0.83203125,7109,303,BLAa,BLA,89,left,0
7110,7111,3,6332.32,6065.04,2463.0200000000004,1.0,7110,303,BLAa,BLA,89,left,0
7111,7112,3,6331.38,6066.1,2465.0200000000004,1.0,7111,303,BLAa,BLA,89,left,0
7112,7113,3,6329.64,6069.719999999999,2468.6000000000004,1.0,7112,303,BLAa,BLA,89,left,0
7113,7114,3,6328.540000000001,6072.06,2470.58,1.0,7113,303,BLAa,BLA,89,left,0
7114,7115,3,6327.960000000001,6073.7,2471.84,0.83203125,7114,303,BLAa,BLA,89,left,0
7115,7116,3,6328.32,6075.24,2472.74,0.58203125,7115,303,BLAa,BLA,89,left,0
7116,7117,3,6329.9800000000005,6077.52,2474.040000000001,1.16796875,7116,303,BLAa,BLA,89,left,0
7117,7118,3,6330.22,6079.58,2474.880000000001,0.66796875,7117,303,BLAa,BLA,89,left,0
7118,7119,3,6329.700000000001,6081.799999999999,2476.22,1.08203125,7118,303,BLAa,BLA,89,left,0
7119,7120,3,6329.9,6083.16,2477.039999999999,0.91796875,7119,303,BLAa,BLA,89,left,0
7120,7121,3,6329.06,6085.66,2478.1800000000003,1.25,7120,303,BLAa,BLA,89,left,0
7121,7122,3,6328.339999999999,6087.14,2479.34,1.0,7121,303,BLAa,BLA,89,left,0
7122,7123,3,6327.960000000001,6087.94,2480.7000000000007,1.0,7122,303,BLAa,BLA,89,left,0
7123,7124,3,6326.36,6088.540000000001,2481.4,0.0546875,7123,303,BLAa,BLA,89,left,0
7124,7125,3,6325.68,6089.82,2483.0999999999985,0.75,7124,303,BLAa,BLA,89,left,0
7125,7126,3,6324.64,6092.02,2483.98,1.5,7125,303,BLAa,BLA,89,left,0
7126,7127,3,6323.22,6094.9800000000005,2486.3600000000006,1.0,7126,303,BLAa,BLA,89,left,0
7127,7128,3,6321.98,6096.82,2488.379999999999,0.5,7127,303,BLAa,BLA,89,left,0
7128,7129,3,6320.700000000001,6097.64,2490.1000000000004,1.0,7128,303,BLAa,BLA,89,left,0
7129,7130,3,6319.099999999999,6098.82,2492.3,1.0,7129,303,BLAa,BLA,89,left,0
7130,7131,3,6318.339999999999,6099.38,2493.8,1.16796875,7130,303,BLAa,BLA,89,left,0
7131,7132,3,6318.08,6099.92,2496.1000000000004,1.25,7131,303,BLAa,BLA,89,left,0
7132,7133,3,6317.36,6100.639999999999,2497.5599999999995,0.83203125,7132,303,BLAa,BLA,89,left,0
7133,7134,3,6316.459999999999,6100.72,2499.400000000001,0.5,7133,303,BLAa,BLA,89,left,0
7134,7135,3,6315.74,6101.38,2500.92,0.5,7134,303,BLAa,BLA,89,left,0
7135,7136,3,6314.9,6101.08,2502.48,0.91796875,7135,303,BLAa,BLA,89,left,0
7136,7137,3,6314.400000000001,6100.8,2504.42,1.16796875,7136,303,BLAa,BLA,89,left,0
7137,7138,3,6312.960000000001,6100.42,2504.9400000000005,0.83203125,7137,303,BLAa,BLA,89,left,0
7138,7139,3,6311.799999999999,6101.38,2505.539999999999,1.0,7138,303,BLAa,BLA,89,left,0
7139,7140,3,6311.26,6102.54,2507.3,0.83203125,7139,303,BLAa,BLA,89,left,0
7140,7141,3,6310.599999999999,6103.9,2508.8,0.5,7140,303,BLAa,BLA,89,left,0
7141,7142,3,6309.86,6105.44,2509.1800000000003,1.08203125,7141,303,BLAa,BLA,89,left,0
7142,7143,3,6309.58,6106.040000000001,2510.5600000000013,1.0,7142,303,BLAa,BLA,89,left,0
7143,7144,3,6309.26,6106.72,2512.6000000000004,0.5,7143,303,BLAa,BLA,89,left,0
7144,7145,3,6308.7,6107.9,2513.880000000001,0.83203125,7144,303,BLAa,BLA,89,left,0
7145,7146,3,6307.4800000000005,6108.26,2516.34,0.5,7145,303,BLAa,BLA,89,left,0
7146,7147,3,6305.879999999999,6108.48,2517.459999999999,0.66796875,7146,303,BLAa,BLA,89,left,0
7147,7148,3,6304.08,6107.88,2519.1399999999994,1.0,7147,303,BLAa,BLA,89,left,0
7148,7149,3,6303.099999999999,6107.98,2521.4400000000005,1.25,7148,303,BLAa,BLA,89,left,0
7149,7150,3,6302.66,6108.9400000000005,2523.24,0.75,7149,303,BLAa,BLA,89,left,0
7150,7151,3,6301.78,6110.76,2526.2800000000007,1.16796875,7150,303,BLAa,BLA,89,left,0
7151,7152,3,6300.9400000000005,6112.0,2527.9,0.58203125,7151,303,BLAa,BLA,89,left,0
7152,7153,3,6299.9,6111.78,2528.379999999999,1.0,7152,303,BLAa,BLA,89,left,0
7153,7154,3,6299.28,6112.88,2529.959999999999,0.0546875,7153,303,BLAa,BLA,89,left,0
7154,7155,3,6297.780000000001,6114.04,2530.92,0.66796875,7154,303,BLAa,BLA,89,left,0
7155,7156,3,6296.38,6116.2,2531.92,0.66796875,7155,303,BLAa,BLA,89,left,0
7156,7157,3,6295.24,6117.86,2533.1399999999994,0.83203125,7156,303,BLAa,BLA,89,left,0
7157,7158,3,6293.8,6118.86,2534.34,1.0,7157,303,BLAa,BLA,89,left,0
7158,7159,3,6292.74,6120.0,2535.72,1.41796875,7158,303,BLAa,BLA,89,left,0
7159,7160,3,6290.76,6119.700000000001,2536.879999999999,1.0,7159,303,BLAa,BLA,89,left,0
7160,7161,3,6288.780000000001,6120.48,2537.98,1.0,7160,303,BLAa,BLA,89,left,0
7161,7162,3,6288.06,6121.860000000001,2539.24,1.16796875,7161,303,BLAa,BLA,89,left,0
7162,7163,3,6286.98,6122.36,2540.779999999999,1.0,7162,303,BLAa,BLA,89,left,0
7163,7164,3,6286.2,6122.98,2542.960000000001,0.66796875,7163,303,BLAa,BLA,89,left,0
7164,7165,3,6285.52,6124.360000000001,2544.26,0.66796875,7164,303,BLAa,BLA,89,left,0
7165,7166,3,6283.92,6125.259999999999,2544.84,1.0,7165,303,BLAa,BLA,89,left,0
7166,7167,3,6282.32,6124.740000000001,2545.34,1.0,7166,303,BLAa,BLA,89,left,0
7167,7168,3,6280.119999999999,6124.700000000001,2545.800000000001,0.83203125,7167,303,BLAa,BLA,89,left,0
7168,7169,3,6278.9,6125.78,2546.879999999999,0.5,7168,303,BLAa,BLA,89,left,0
7169,7170,3,6277.26,6125.700000000001,2547.92,0.5,7169,303,BLAa,BLA,89,left,0
7170,7171,3,6276.26,6126.32,2549.16,0.91796875,7170,303,BLAa,BLA,89,left,0
7171,7172,3,6276.040000000001,6126.4,2551.1800000000003,1.0,7171,303,BLAa,BLA,89,left,0
7172,7173,3,6275.119999999999,6125.9400000000005,2553.300000000001,1.0,7172,303,BLAa,BLA,89,left,0
7173,7174,3,6273.339999999999,6125.14,2555.0,0.75,7173,303,BLAa,BLA,89,left,0
7174,7175,3,6272.5,6125.62,2556.98,0.66796875,7174,303,BLAa,BLA,89,left,0
7175,7176,3,6271.860000000001,6126.96,2557.8,0.5,7175,303,BLAa,BLA,89,left,0
7176,7177,3,6270.9400000000005,6128.18,2558.379999999999,0.08203125,7176,303,BLAa,BLA,89,left,0
7177,7178,3,6269.48,6128.02,2560.0,0.91796875,7177,303,BLAa,BLA,89,left,0
7178,7179,3,6267.780000000001,6129.66,2561.82,0.66796875,7178,303,BLAa,BLA,89,left,0
7179,7180,3,6266.4800000000005,6131.900000000001,2562.24,0.91796875,7179,303,BLAa,BLA,89,left,0
7180,7181,3,6265.16,6132.380000000001,2563.34,0.91796875,7180,303,BLAa,BLA,89,left,0
7181,7182,3,6262.74,6132.4,2563.58,1.0,7181,884,amc,amc,89,left,1
7182,7183,3,6343.540000000001,6031.639999999999,2447.619999999999,0.0546875,4450,303,BLAa,BLA,90,left,0
7183,7184,3,6342.4400000000005,6033.92,2446.08,1.08203125,7183,303,BLAa,BLA,90,left,0
7184,7185,3,6341.32,6034.8,2444.880000000001,0.66796875,7184,303,BLAa,BLA,90,left,0
7185,7186,3,6339.740000000001,6034.6,2443.92,0.5,7185,303,BLAa,BLA,90,left,0
7186,7187,3,6337.799999999999,6036.24,2442.48,1.0,7186,303,BLAa,BLA,90,left,0
7187,7188,3,6335.42,6038.08,2440.48,0.91796875,7187,303,BLAa,BLA,90,left,0
7188,7189,3,6333.9800000000005,6038.26,2439.400000000001,1.41796875,7188,303,BLAa,BLA,90,left,0
7189,7190,3,6332.12,6040.92,2438.6000000000004,1.08203125,7189,303,BLAa,BLA,90,left,0
7190,7191,3,6330.98,6043.32,2438.120000000001,1.0,7190,303,BLAa,BLA,90,left,0
7191,7192,3,6329.46,6045.72,2437.58,0.75,7191,884,amc,amc,90,left,0
7192,7193,3,6327.780000000001,6047.4400000000005,2437.1000000000004,0.83203125,7192,884,amc,amc,90,left,0
7193,7194,3,6325.68,6049.5,2436.5,0.66796875,7193,884,amc,amc,90,left,0
7194,7195,3,6323.58,6050.320000000001,2436.0599999999995,1.0,7194,884,amc,amc,90,left,0
7195,7196,3,6320.54,6051.2,2435.4,1.0,7195,884,amc,amc,90,left,0
7196,7197,3,6319.26,6052.219999999999,2434.3600000000006,0.66796875,7196,884,amc,amc,90,left,0
7197,7198,3,6317.6,6051.76,2433.66,1.0,7197,884,amc,amc,90,left,0
7198,7199,3,6316.24,6053.68,2431.82,0.0546875,7198,884,amc,amc,90,left,0
7199,7200,3,6314.76,6056.7,2429.3,0.58203125,7199,884,amc,amc,90,left,0
7200,7201,3,6313.6,6058.780000000001,2427.4400000000005,0.75,7200,884,amc,amc,90,left,0
7201,7202,3,6311.92,6060.5,2426.32,0.5,7201,884,amc,amc,90,left,0
7202,7203,3,6310.639999999999,6062.380000000001,2423.1800000000003,1.0,7202,966,EPv,EP,90,left,0
7203,7204,3,6309.719999999999,6064.32,2421.22,0.5,7203,966,EPv,EP,90,left,0
7204,7205,3,6308.32,6067.240000000001,2419.640000000001,1.08203125,7204,966,EPv,EP,90,left,0
7205,7206,3,6307.42,6069.160000000001,2418.58,1.33203125,7205,966,EPv,EP,90,left,0
7206,7207,3,6305.460000000001,6070.8,2418.0,1.0,7206,966,EPv,EP,90,left,0
7207,7208,3,6303.92,6071.06,2417.5200000000004,1.0,7207,966,EPv,EP,90,left,0
7208,7209,3,6302.92,6072.66,2416.26,0.91796875,7208,966,EPv,EP,90,left,0
7209,7210,3,6301.1,6074.82,2415.16,0.66796875,7209,966,EPv,EP,90,left,0
7210,7211,3,6300.08,6075.74,2413.48,0.83203125,7210,966,EPv,EP,90,left,0
7211,7212,3,6300.74,6077.1,2412.7000000000007,0.046875,7211,966,EPv,EP,90,left,0
7212,7213,3,6300.54,6077.94,2409.98,1.16796875,7212,966,EPv,EP,90,left,0
7213,7214,3,6301.18,6078.26,2408.5,1.25,7213,966,EPv,EP,90,left,0
7214,7215,3,6301.599999999999,6078.5,2405.5,1.58203125,7214,966,EPv,EP,90,left,0
7215,7216,3,6301.58,6078.540000000001,2403.0600000000013,1.08203125,7215,966,EPv,EP,90,left,0
7216,7217,3,6301.56,6078.58,2401.2000000000007,1.41796875,7216,966,EPv,EP,90,left,0
7217,7218,3,6302.08,6078.84,2399.1399999999994,0.078125,7217,966,EPv,EP,90,left,0
7218,7219,3,6303.7,6079.6,2398.379999999999,1.0,7218,966,EPv,EP,90,left,0
7219,7220,3,6305.74,6080.54,2396.960000000001,1.0,7219,966,EPv,EP,90,left,0
7220,7221,3,6307.1,6081.2,2394.539999999999,1.0,7220,966,EPv,EP,90,left,0
7221,7222,3,6307.380000000001,6081.38,2392.16,1.08203125,7221,966,EPv,EP,90,left,0
7222,7223,3,6306.54,6080.36,2390.380000000001,0.05859375,7222,966,EPv,EP,90,left,0
7223,7224,3,6306.78,6079.700000000001,2387.08,1.0,7223,966,EPv,EP,90,left,0
7224,7225,3,6306.78,6079.76,2384.640000000001,1.0,7224,966,EPv,EP,90,left,0
7225,7226,3,6306.040000000001,6081.34,2383.0,0.08203125,7225,966,EPv,EP,90,left,0
7226,7227,3,6304.299999999999,6083.26,2382.0,0.58203125,7226,966,EPv,EP,90,left,0
7227,7228,3,6302.02,6084.740000000001,2381.48,1.0,7227,966,EPv,EP,90,left,0
7228,7229,3,6299.679999999999,6086.72,2380.879999999999,0.75,7228,966,EPv,EP,90,left,0
7229,7230,3,6297.759999999999,6087.42,2380.5200000000004,1.16796875,7229,966,EPv,EP,90,left,0
7230,7231,3,6297.380000000001,6088.5,2382.48,0.06640625,7230,966,EPv,EP,90,left,0
7231,7232,3,6297.16,6090.839999999999,2382.5599999999995,0.91796875,7231,966,EPv,EP,90,left,0
7232,7233,3,6296.26,6093.139999999999,2382.720000000001,2.0,7232,966,EPv,EP,90,left,0
7233,7234,3,6295.38,6095.02,2383.5,1.33203125,7233,966,EPv,EP,90,left,0
7234,7235,3,6294.400000000001,6097.1,2384.6800000000003,1.0,7234,966,EPv,EP,90,left,0
7235,7236,3,6293.56,6098.92,2384.880000000001,1.0,7235,966,EPv,EP,90,left,0
7236,7237,3,6292.68,6100.8,2385.380000000001,1.25,7236,966,EPv,EP,90,left,0
7237,7238,3,6291.98,6102.26,2386.620000000001,1.0,7237,966,EPv,EP,90,left,0
7238,7239,3,6291.02,6104.28,2388.3600000000006,1.0,7238,966,EPv,EP,90,left,0
7239,7240,3,6290.280000000001,6105.879999999999,2389.8,0.66796875,7239,966,EPv,EP,90,left,0
7240,7241,3,6289.880000000001,6106.68,2391.900000000001,1.0,7240,966,EPv,EP,90,left,0
7241,7242,3,6289.719999999999,6106.96,2394.2800000000007,0.75,7241,966,EPv,EP,90,left,0
7242,7243,3,6289.24,6107.98,2396.2000000000007,0.91796875,7242,966,EPv,EP,90,left,0
7243,7244,3,6288.58,6109.360000000001,2397.7000000000007,1.08203125,7243,966,EPv,EP,90,left,0
7244,7245,3,6287.759999999999,6111.12,2397.84,1.0,7244,966,EPv,EP,90,left,0
7245,7246,3,6284.46,6110.92,2398.279999999999,0.02734375,7245,966,EPv,EP,90,left,0
7246,7247,3,6281.78,6110.460000000001,2398.5,0.5,7246,966,EPv,EP,90,left,0
7247,7248,3,6280.78,6110.76,2399.16,0.5,7247,966,EPv,EP,90,left,0
7248,7249,3,6279.539999999999,6113.42,2398.880000000001,1.0,7248,966,EPv,EP,90,left,0
7249,7250,3,6278.06,6115.72,2398.9400000000005,1.41796875,7249,966,EPv,EP,90,left,0
7250,7251,3,6276.26,6115.839999999999,2399.8600000000006,0.5,7250,966,EPv,EP,90,left,0
7251,7252,3,6274.82,6117.380000000001,2400.26,1.0,7251,966,EPv,EP,90,left,1
7252,7253,3,6304.78,5866.24,2552.32,1.0,4607,303,BLAa,BLA,91,left,0
7253,7254,3,6305.320000000001,5863.62,2552.66,0.66796875,7253,303,BLAa,BLA,91,left,0
7254,7255,3,6305.38,5861.860000000001,2552.039999999999,0.75,7254,303,BLAa,BLA,91,left,0
7255,7256,3,6306.0,5859.6,2552.140000000001,1.0,7255,303,BLAa,BLA,91,left,0
7256,7257,3,6305.0,5857.72,2552.2000000000007,1.0,7256,303,BLAa,BLA,91,left,0
7257,7258,3,6303.56,5855.48,2552.3600000000006,0.91796875,7257,303,BLAa,BLA,91,left,0
7258,7259,3,6302.42,5853.959999999999,2553.120000000001,1.0,7258,303,BLAa,BLA,91,left,0
7259,7260,3,6301.280000000001,5852.240000000001,2553.459999999999,0.91796875,7259,303,BLAa,BLA,91,left,0
7260,7261,3,6299.34,5850.1,2553.959999999999,1.0,7260,303,BLAa,BLA,91,left,0
7261,7262,3,6298.4400000000005,5848.360000000001,2555.040000000001,1.41796875,7261,303,BLAa,BLA,91,left,0
7262,7263,3,6298.200000000001,5846.52,2557.619999999999,1.0,7262,303,BLAa,BLA,91,left,0
7263,7264,3,6297.960000000001,5844.66,2558.74,0.5,7263,303,BLAa,BLA,91,left,0
7264,7265,3,6296.900000000001,5843.8,2560.5200000000004,0.02734375,7264,303,BLAa,BLA,91,left,0
7265,7266,3,6295.299999999999,5842.08,2561.6399999999994,1.25,7265,303,BLAa,BLA,91,left,0
7266,7267,3,6295.259999999999,5840.1,2563.16,0.66796875,7266,303,BLAa,BLA,91,left,0
7267,7268,3,6295.9400000000005,5837.4800000000005,2564.4399999999987,1.0,7267,303,BLAa,BLA,91,left,0
7268,7269,3,6295.56,5835.82,2564.7000000000007,0.58203125,7268,303,BLAa,BLA,91,left,0
7269,7270,3,6294.66,5834.400000000001,2565.58,1.25,7269,303,BLAa,BLA,91,left,0
7270,7271,3,6294.02,5832.219999999999,2566.5599999999995,1.16796875,7270,303,BLAa,BLA,91,left,0
7271,7272,3,6291.56,5830.52,2567.0200000000004,1.0,7271,303,BLAa,BLA,91,left,0
7272,7273,3,6289.679999999999,5829.700000000001,2567.16,0.58203125,7272,303,BLAa,BLA,91,left,0
7273,7274,3,6289.28,5829.44,2569.3600000000006,1.16796875,7273,303,BLAa,BLA,91,left,0
7274,7275,3,6289.44,5829.42,2571.3600000000006,1.16796875,7274,303,BLAa,BLA,91,left,0
7275,7276,3,6288.64,5829.02,2572.76,0.12890625,7275,303,BLAa,BLA,91,left,0
7276,7277,3,6288.18,5829.0,2574.8600000000006,0.5,7276,303,BLAa,BLA,91,left,0
7277,7278,3,6286.92,5830.22,2575.2800000000007,2.33203125,7277,303,BLAa,BLA,91,left,0
7278,7279,3,6285.78,5831.96,2576.5,0.75,7278,303,BLAa,BLA,91,left,0
7279,7280,3,6284.86,5832.34,2577.7800000000007,1.0,7279,303,BLAa,BLA,91,left,0
7280,7281,3,6283.58,5832.66,2579.539999999999,1.0,7280,303,BLAa,BLA,91,left,0
7281,7282,3,6282.72,5832.26,2581.0599999999995,0.75,7281,303,BLAa,BLA,91,left,1
7282,7283,3,6304.82,5868.0,2553.48,0.06640625,4607,303,BLAa,BLA,92,left,0
7283,7284,3,6304.38,5866.98,2556.74,1.0,7283,303,BLAa,BLA,92,left,0
7284,7285,3,6304.66,5866.92,2560.539999999999,1.0,7284,303,BLAa,BLA,92,left,0
7285,7286,3,6304.719999999999,5866.82,2563.6800000000003,1.0,7285,303,BLAa,BLA,92,left,0
7286,7287,3,6304.120000000001,5866.459999999999,2565.82,0.75,7286,303,BLAa,BLA,92,left,0
7287,7288,3,6302.200000000001,5866.1,2567.26,0.58203125,7287,303,BLAa,BLA,92,left,0
7288,7289,3,6300.320000000001,5866.14,2567.8599999999988,0.91796875,7288,303,BLAa,BLA,92,left,0
7289,7290,3,6299.34,5865.900000000001,2569.379999999999,0.91796875,7289,303,BLAa,BLA,92,left,0
7290,7291,3,6298.92,5866.68,2571.1000000000004,0.75,7290,303,BLAa,BLA,92,left,0
7291,7292,3,6298.18,5866.82,2572.9,0.66796875,7291,303,BLAa,BLA,92,left,0
7292,7293,3,6297.4,5867.820000000001,2573.5,1.0,7292,303,BLAa,BLA,92,left,0
7293,7294,3,6295.58,5867.02,2573.72,0.0546875,7293,303,BLAa,BLA,92,left,0
7294,7295,3,6294.04,5867.200000000001,2574.5599999999995,0.91796875,7294,303,BLAa,BLA,92,left,0
7295,7296,3,6292.4,5868.26,2576.34,1.0,7295,303,BLAa,BLA,92,left,0
7296,7297,3,6291.06,5869.28,2577.5200000000004,1.0,7296,303,BLAa,BLA,92,left,0
7297,7298,3,6290.24,5869.92,2579.58,0.5,7297,303,BLAa,BLA,92,left,0
7298,7299,3,6289.139999999999,5870.700000000001,2581.2800000000007,0.75,7298,303,BLAa,BLA,92,left,0
7299,7300,3,6288.139999999999,5872.34,2582.960000000001,1.0,7299,303,BLAa,BLA,92,left,0
7300,7301,3,6287.02,5873.379999999999,2583.459999999999,0.91796875,7300,303,BLAa,BLA,92,left,0
7301,7302,3,6285.72,5873.06,2583.82,1.0,7301,303,BLAa,BLA,92,left,0
7302,7303,3,6285.259999999999,5873.3,2585.220000000001,0.66796875,7302,303,BLAa,BLA,92,left,0
7303,7304,3,6283.9800000000005,5874.700000000001,2586.6000000000004,1.16796875,7303,303,BLAa,BLA,92,left,0
7304,7305,3,6281.92,5875.16,2587.3600000000006,1.0,7304,303,BLAa,BLA,92,left,0
7305,7306,3,6280.44,5875.860000000001,2589.0599999999995,0.83203125,7305,303,BLAa,BLA,92,left,0
7306,7307,3,6279.78,5877.240000000001,2589.6000000000004,1.33203125,7306,303,BLAa,BLA,92,left,0
7307,7308,3,6279.62,5877.799999999999,2591.2000000000007,1.16796875,7307,303,BLAa,BLA,92,left,1
9200,9201,3,6325.82,5994.34,2468.26,0.0234375,7064,303,BLAa,BLA,101,left,0
9201,9202,3,6325.5,5992.02,2469.1399999999994,0.83203125,9201,303,BLAa,BLA,101,left,0
9202,9203,3,6324.34,5989.740000000001,2469.3,1.0,9202,303,BLAa,BLA,101,left,0
9203,9204,3,6323.12,5987.16,2469.42,1.08203125,9203,303,BLAa,BLA,101,left,0
9204,9205,3,6322.52,5984.2,2469.82,0.5,9204,303,BLAa,BLA,101,left,0
9205,9206,3,6321.3,5982.94,2470.5200000000004,0.75,9205,303,BLAa,BLA,101,left,0
9206,9207,3,6318.56,5981.7,2471.380000000001,1.0,9206,303,BLAa,BLA,101,left,0
9207,9208,3,6317.72,5981.040000000001,2472.5,0.5,9207,303,BLAa,BLA,101,left,0
9208,9209,3,6316.4800000000005,5979.34,2473.1800000000003,0.75,9208,303,BLAa,BLA,101,left,0
9209,9210,3,6314.700000000001,5978.360000000001,2473.7000000000007,1.0,9209,303,BLAa,BLA,101,left,0
9210,9211,3,6313.48,5976.88,2474.1800000000003,1.0,9210,303,BLAa,BLA,101,left,0
9211,9212,3,6310.9400000000005,5975.280000000001,2474.0599999999995,0.91796875,9211,303,BLAa,BLA,101,left,0
9212,9213,3,6309.26,5974.400000000001,2474.619999999999,0.5,9212,303,BLAa,BLA,101,left,0
9213,9214,3,6307.68,5972.72,2475.119999999999,0.83203125,9213,303,BLAa,BLA,101,left,0
9214,9215,3,6306.54,5971.78,2475.959999999999,1.0,9214,303,BLAa,BLA,101,left,0
9215,9216,3,6305.02,5969.76,2476.16,1.0,9215,303,BLAa,BLA,101,left,0
9216,9217,3,6304.099999999999,5967.84,2476.699999999999,0.83203125,9216,303,BLAa,BLA,101,left,0
9217,9218,3,6303.06,5967.219999999999,2477.3,1.0,9217,303,BLAa,BLA,101,left,0
9218,9219,3,6300.14,5965.82,2477.880000000001,0.02734375,9218,303,BLAa,BLA,101,left,0
9219,9220,3,6298.5,5964.099999999999,2478.4,0.5,9219,303,BLAa,BLA,101,left,0
9220,9221,3,6297.0,5963.02,2479.32,1.0,9220,303,BLAa,BLA,101,left,0
9221,9222,3,6295.24,5962.240000000001,2480.0,0.58203125,9221,303,BLAa,BLA,101,left,0
9222,9223,3,6292.66,5961.1,2480.6399999999994,0.58203125,9222,303,BLAa,BLA,101,left,0
9223,9224,3,6291.0,5960.36,2481.119999999999,1.0,9223,303,BLAa,BLA,101,left,0
9224,9225,3,6289.02,5958.46,2481.08,1.0,9224,303,BLAa,BLA,101,left,0
9225,9226,3,6287.3,5956.06,2481.5200000000004,0.5,9225,303,BLAa,BLA,101,left,0
9226,9227,3,6285.639999999999,5954.6,2482.140000000001,0.75,9226,303,BLAa,BLA,101,left,0
9227,9228,3,6284.06,5952.52,2482.1800000000003,0.75,9227,303,BLAa,BLA,101,left,0
9228,9229,3,6282.64,5950.54,2482.880000000001,0.91796875,9228,303,BLAa,BLA,101,left,0
9229,9230,3,6281.72,5949.139999999999,2483.7000000000007,1.16796875,9229,303,BLAa,BLA,101,left,0
9230,9231,3,6279.9400000000005,5947.92,2485.879999999999,1.0,9230,303,BLAa,BLA,101,left,0
9231,9232,3,6278.4400000000005,5946.660000000001,2486.84,0.66796875,9231,303,BLAa,BLA,101,left,0
9232,9233,3,6277.32,5945.34,2487.5,1.25,9232,303,BLAa,BLA,101,left,0
9233,9234,3,6274.719999999999,5944.120000000001,2487.82,1.08203125,9233,303,BLAa,BLA,101,left,0
9234,9235,3,6274.679999999999,5942.820000000001,2488.58,0.1796875,9234,303,BLAa,BLA,101,left,0
9235,9236,3,6273.74,5942.14,2489.9400000000005,1.0,9235,303,BLAa,BLA,101,left,0
9236,9237,3,6272.4400000000005,5941.52,2492.4400000000005,0.91796875,9236,303,BLAa,BLA,101,left,0
9237,9238,3,6269.58,5940.2,2495.6800000000003,1.0,9237,303,BLAa,BLA,101,left,0
9238,9239,3,6268.12,5939.56,2497.24,1.0,9238,303,BLAa,BLA,101,left,0
9239,9240,3,6266.660000000001,5938.7,2498.2000000000007,0.91796875,9239,303,BLAa,BLA,101,left,0
9240,9241,3,6265.14,5937.0,2498.26,1.0,9240,303,BLAa,BLA,101,left,0
9241,9242,3,6264.38,5935.16,2498.959999999999,0.58203125,9241,303,BLAa,BLA,101,left,0
9242,9243,3,6264.18,5933.719999999999,2501.24,1.25,9242,303,BLAa,BLA,101,left,0
9243,9244,3,6264.099999999999,5931.639999999999,2502.92,1.0,9243,303,BLAa,BLA,101,left,0
9244,9245,3,6264.5,5929.18,2504.1000000000004,0.91796875,9244,303,BLAa,BLA,101,left,0
9245,9246,3,6264.28,5927.4400000000005,2505.0599999999995,0.91796875,9245,303,BLAa,BLA,101,left,0
9246,9247,3,6264.04,5926.38,2506.720000000001,0.58203125,9246,303,BLAa,BLA,101,left,0
9247,9248,3,6265.02,5924.5,2510.24,1.16796875,9247,303,BLAa,BLA,101,left,0
9248,9249,3,6265.36,5923.18,2511.98,1.0,9248,303,BLAa,BLA,101,left,0
9249,9250,3,6264.26,5921.900000000001,2512.58,0.66796875,9249,303,BLAa,BLA,101,left,0
9250,9251,3,6264.5,5920.66,2513.48,1.33203125,9250,303,BLAa,BLA,101,left,0
9251,9252,3,6265.299999999999,5918.06,2515.4,0.91796875,9251,303,BLAa,BLA,101,left,0
9252,9253,3,6265.280000000001,5915.74,2517.26,1.0,9252,303,BLAa,BLA,101,left,0
9253,9254,3,6264.66,5913.62,2518.459999999999,0.58203125,9253,303,BLAa,BLA,101,left,0
9254,9255,3,6263.48,5911.4400000000005,2519.1000000000004,1.0,9254,303,BLAa,BLA,101,left,0
9255,9256,3,6263.62,5909.700000000001,2520.800000000001,1.08203125,9255,303,BLAa,BLA,101,left,0
9256,9257,3,6263.52,5907.34,2522.82,0.58203125,9256,303,BLAa,BLA,101,left,0
9257,9258,3,6264.160000000001,5904.44,2525.1800000000003,1.66796875,9257,303,BLAa,BLA,101,left,0
9258,9259,3,6264.5,5902.9,2527.5,0.83203125,9258,303,BLAa,BLA,101,left,0
9259,9260,3,6264.66,5901.459999999999,2528.6800000000003,0.75,9259,303,BLAa,BLA,101,left,0
9260,9261,3,6264.42,5900.74,2529.92,0.125,9260,303,BLAa,BLA,101,left,0
9261,9262,3,6263.9800000000005,5899.24,2530.34,1.0,9261,303,BLAa,BLA,101,left,0
9262,9263,3,6263.66,5897.3,2531.4400000000005,0.5,9262,303,BLAa,BLA,101,left,0
9263,9264,3,6263.88,5895.639999999999,2532.74,0.91796875,9263,303,BLAa,BLA,101,left,0
9264,9265,3,6264.22,5892.58,2534.5,1.0,9264,303,BLAa,BLA,101,left,0
9265,9266,3,6264.160000000001,5890.599999999999,2536.459999999999,0.5,9265,303,BLAa,BLA,101,left,0
9266,9267,3,6264.24,5887.74,2539.0,0.83203125,9266,303,BLAa,BLA,101,left,0
9267,9268,3,6263.86,5884.9400000000005,2540.9400000000005,0.91796875,9267,303,BLAa,BLA,101,left,0
9268,9269,3,6263.6,5882.960000000001,2542.2000000000007,1.0,9268,303,BLAa,BLA,101,left,0
9269,9270,3,6263.86,5881.32,2543.58,1.0,9269,303,BLAa,BLA,101,left,0
9270,9271,3,6263.200000000001,5879.62,2544.1000000000004,0.5,9270,303,BLAa,BLA,101,left,0
9271,9272,3,6263.16,5876.860000000001,2545.9,0.58203125,9271,303,BLAa,BLA,101,left,0
9272,9273,3,6264.04,5874.34,2547.9,1.0,9272,303,BLAa,BLA,101,left,0
9273,9274,3,6263.7,5872.820000000001,2548.6000000000004,0.91796875,9273,303,BLAa,BLA,101,left,0
9274,9275,3,6262.3,5871.280000000001,2548.8,0.75,9274,303,BLAa,BLA,101,left,0
9275,9276,3,6262.759999999999,5869.24,2550.539999999999,1.0,9275,303,BLAa,BLA,101,left,0
9276,9277,3,6261.88,5867.219999999999,2551.4400000000005,1.0,9276,303,BLAa,BLA,101,left,0
9277,9278,3,6260.74,5865.68,2551.42,0.08203125,9277,303,BLAa,BLA,101,left,0
9278,9279,3,6260.66,5864.06,2552.3,1.41796875,9278,303,BLAa,BLA,101,left,0
9279,9280,3,6261.4,5862.799999999999,2554.9,1.0,9279,303,BLAa,BLA,101,left,0
9280,9281,3,6262.240000000001,5861.599999999999,2557.8,0.75,9280,303,BLAa,BLA,101,left,0
9281,9282,3,6262.64,5861.12,2561.1399999999994,1.0,9281,303,BLAa,BLA,101,left,0
9282,9283,3,6262.02,5860.82,2562.26,0.66796875,9282,303,BLAa,BLA,101,left,0
9283,9284,3,6260.92,5858.7,2562.9,0.0234375,9283,303,BLAa,BLA,101,left,0
9284,9285,3,6261.02,5857.34,2565.74,0.83203125,9284,303,BLAa,BLA,101,left,0
9285,9286,3,6260.76,5856.7,2568.08,0.5,9285,303,BLAa,BLA,101,left,0
9286,9287,3,6260.900000000001,5854.52,2569.24,1.0,9286,303,BLAa,BLA,101,left,0
9287,9288,3,6259.48,5852.84,2569.379999999999,0.5,9287,303,BLAa,BLA,101,left,0
9288,9289,3,6258.7,5851.08,2570.3,1.16796875,9288,303,BLAa,BLA,101,left,0
9289,9290,3,6258.12,5849.139999999999,2570.66,1.0,9289,303,BLAa,BLA,101,left,0
9290,9291,3,6257.200000000001,5847.799999999999,2571.380000000001,1.0,9290,303,BLAa,BLA,101,left,0
9291,9292,3,6255.96,5846.459999999999,2572.9,1.33203125,9291,303,BLAa,BLA,101,left,0
9292,9293,3,6255.98,5844.740000000001,2574.400000000001,1.08203125,9292,303,BLAa,BLA,101,left,0
9293,9294,3,6254.62,5843.339999999999,2575.34,0.66796875,9293,303,BLAa,BLA,101,left,0
9294,9295,3,6254.52,5842.06,2576.9399999999987,1.0,9294,303,BLAa,BLA,101,left,0
9295,9296,3,6254.6,5841.84,2578.880000000001,1.0,9295,303,BLAa,BLA,101,left,0
9296,9297,3,6253.780000000001,5841.4800000000005,2579.539999999999,1.0,9296,303,BLAa,BLA,101,left,1
9297,9298,3,6324.52,5995.48,2467.32,0.02734375,7064,303,BLAa,BLA,102,left,0
9298,9299,3,6321.5,5995.78,2466.7800000000007,1.0,9298,303,BLAa,BLA,102,left,0
9299,9300,3,6318.46,5995.42,2466.1399999999994,0.75,9299,303,BLAa,BLA,102,left,0
9300,9301,3,6316.92,5995.42,2465.1000000000004,1.08203125,9300,303,BLAa,BLA,102,left,0
9301,9302,3,6314.46,5995.78,2464.32,1.0,9301,303,BLAa,BLA,102,left,0
9302,9303,3,6311.96,5996.14,2463.8600000000006,0.58203125,9302,303,BLAa,BLA,102,left,0
9303,9304,3,6308.7,5996.88,2463.22,0.5,9303,303,BLAa,BLA,102,left,0
9304,9305,3,6306.76,5997.46,2462.82,1.0,9304,303,BLAa,BLA,102,left,0
9305,9306,3,6304.28,5997.92,2462.34,0.0546875,9305,303,BLAa,BLA,102,left,0
9306,9307,3,6311.4800000000005,6010.42,2511.1800000000003,0.0546875,7093,303,BLAa,BLA,103,left,0
9307,9308,3,6310.14,6009.06,2511.720000000001,1.16796875,9307,303,BLAa,BLA,103,left,0
9308,9309,3,6309.400000000001,6008.0,2513.66,1.0,9308,303,BLAa,BLA,103,left,0
9309,9310,3,6308.7,6007.64,2515.5,1.0,9309,303,BLAa,BLA,103,left,0
9310,9311,3,6307.380000000001,6007.039999999999,2516.82,0.91796875,9310,303,BLAa,BLA,103,left,0
9311,9312,3,6305.72,6006.040000000001,2517.5,1.08203125,9311,303,BLAa,BLA,103,left,0
9312,9313,3,6305.599999999999,6004.96,2518.24,1.0,9312,303,BLAa,BLA,103,left,0
9313,9314,3,6304.78,6004.28,2520.5600000000013,0.91796875,9313,303,BLAa,BLA,103,left,0
9314,9315,3,6303.42,6003.66,2521.92,0.58203125,9314,303,BLAa,BLA,103,left,0
9315,9316,3,6301.78,6002.92,2522.8599999999988,1.0,9315,303,BLAa,BLA,103,left,0
9316,9317,3,6300.68,6002.4,2524.400000000001,0.83203125,9316,303,BLAa,BLA,103,left,0
9317,9318,3,6298.76,6000.82,2526.040000000001,1.5,9317,303,BLAa,BLA,103,left,0
9318,9319,3,6298.12,5999.56,2527.540000000001,0.91796875,9318,303,BLAa,BLA,103,left,0
9319,9320,3,6298.099999999999,5998.379999999999,2529.26,0.5,9319,303,BLAa,BLA,103,left,0
9320,9321,3,6296.900000000001,5997.52,2530.9,1.0,9320,303,BLAa,BLA,103,left,0
9321,9322,3,6295.74,5995.860000000001,2533.16,0.75,9321,303,BLAa,BLA,103,left,0
9322,9323,3,6295.5,5994.539999999999,2534.959999999999,1.25,9322,303,BLAa,BLA,103,left,0
9323,9324,3,6295.48,5991.78,2536.76,0.66796875,9323,303,BLAa,BLA,103,left,0
9324,9325,3,6294.719999999999,5989.44,2537.9,0.75,9324,303,BLAa,BLA,103,left,0
9325,9326,3,6293.360000000001,5987.4,2537.9,0.58203125,9325,303,BLAa,BLA,103,left,0
9326,9327,3,6292.68,5985.639999999999,2537.98,1.0,9326,303,BLAa,BLA,103,left,0
9327,9328,3,6291.32,5983.200000000001,2538.619999999999,1.0,9327,303,BLAa,BLA,103,left,0
9328,9329,3,6290.48,5981.4,2539.619999999999,1.33203125,9328,303,BLAa,BLA,103,left,0
9329,9330,3,6289.26,5980.48,2540.4,1.0,9329,303,BLAa,BLA,103,left,0
9330,9331,3,6311.459999999999,6011.96,2510.6399999999994,0.0546875,7093,303,BLAa,BLA,104,left,0
9331,9332,3,6310.04,6014.9,2511.960000000001,0.66796875,9331,303,BLAa,BLA,104,left,0
9332,9333,3,6309.34,6016.38,2513.279999999999,1.0,9332,303,BLAa,BLA,104,left,0
9333,9334,3,6309.02,6017.1,2514.82,1.25,9333,303,BLAa,BLA,104,left,0
9334,9335,3,6308.32,6018.540000000001,2515.16,0.91796875,9334,303,BLAa,BLA,104,left,0
9335,9336,3,6306.76,6020.48,2515.620000000001,1.08203125,9335,303,BLAa,BLA,104,left,0
9336,9337,3,6305.38,6021.040000000001,2516.4,0.5,9336,303,BLAa,BLA,104,left,0
9337,9338,3,6303.22,6021.32,2516.92,1.0,9337,303,BLAa,BLA,104,left,0
9338,9339,3,6302.36,6022.5,2518.039999999999,0.75,9338,303,BLAa,BLA,104,left,0
9339,9340,3,6301.42,6024.46,2519.5200000000004,0.01953125,9339,303,BLAa,BLA,104,left,0
9340,9341,3,6300.839999999999,6025.74,2521.720000000001,1.5,9340,303,BLAa,BLA,104,left,0
9341,9342,3,6300.24,6026.82,2523.7000000000007,0.66796875,9341,303,BLAa,BLA,104,left,0
9342,9343,3,6298.6,6028.200000000001,2526.5,0.75,9342,303,BLAa,BLA,104,left,0
9343,9344,3,6297.32,6029.38,2528.34,1.0,9343,303,BLAa,BLA,104,left,0
9344,9345,3,6296.24,6030.119999999999,2529.880000000001,1.0,9344,303,BLAa,BLA,104,left,0
9345,9346,3,6295.52,6031.56,2532.66,1.0,9345,303,BLAa,BLA,104,left,0
9346,9347,3,6295.280000000001,6031.4,2534.74,1.0,9346,303,BLAa,BLA,104,left,0
9347,9348,3,6293.88,6030.9400000000005,2535.8600000000006,0.5,9347,303,BLAa,BLA,104,left,0
9348,9349,3,6292.9,6031.660000000001,2538.279999999999,1.0,9348,303,BLAa,BLA,104,left,0
9349,9350,3,6292.0,6032.179999999999,2541.0599999999995,0.58203125,9349,303,BLAa,BLA,104,left,0
9350,9351,3,6290.16,6032.619999999999,2542.119999999999,1.16796875,9350,303,BLAa,BLA,104,left,0
9351,9352,3,6289.06,6034.299999999999,2544.8600000000006,1.0,9351,303,BLAa,BLA,104,left,0
9352,9353,3,6288.04,6036.38,2546.22,1.33203125,9352,303,BLAa,BLA,104,left,0
9353,9354,3,6287.32,6037.88,2547.140000000001,1.0,9353,303,BLAa,BLA,104,left,0
9354,9355,3,6285.280000000001,6041.1,2547.8599999999988,0.0078125,9354,303,BLAa,BLA,104,left,0
9355,9356,3,6283.379999999999,6041.3,2548.3600000000006,0.66796875,9355,303,BLAa,BLA,104,left,0
9356,9357,3,6282.3,6042.66,2549.880000000001,1.0,9356,303,BLAa,BLA,104,left,0
9357,9358,3,6281.280000000001,6044.76,2551.66,1.58203125,9357,303,BLAa,BLA,104,left,0
9358,9359,3,6280.4,6046.58,2552.720000000001,1.0,9358,303,BLAa,BLA,104,left,0
9359,9360,3,6279.22,6048.9800000000005,2553.5,0.75,9359,303,BLAa,BLA,104,left,0
9360,9361,3,6277.960000000001,6051.52,2554.199999999999,0.58203125,9360,303,BLAa,BLA,104,left,0
9361,9362,3,6276.799999999999,6053.84,2554.48,1.75,9361,303,BLAa,BLA,104,left,0
9362,9363,3,6275.9400000000005,6055.599999999999,2555.5200000000004,1.25,9362,303,BLAa,BLA,104,left,0
9363,9364,3,6274.719999999999,6058.3,2556.720000000001,1.33203125,9363,303,BLAa,BLA,104,left,0
9364,9365,3,6274.6,6060.22,2558.1800000000003,1.08203125,9364,303,BLAa,BLA,104,left,0
9365,9366,3,6273.84,6062.7,2560.08,0.58203125,9365,303,BLAa,BLA,104,left,0
9366,9367,3,6272.4400000000005,6064.34,2562.1800000000003,1.0,9366,303,BLAa,BLA,104,left,0
9367,9368,3,6271.4,6065.1,2563.1800000000003,0.91796875,9367,303,BLAa,BLA,104,left,1
10137,10138,3,6302.4400000000005,5998.959999999999,2461.900000000001,0.00390625,9306,303,BLAa,BLA,115,left,0
10138,10139,3,6300.460000000001,6001.36,2461.2800000000007,1.0,10138,303,BLAa,BLA,115,left,0
10139,10140,3,6299.58,6003.139999999999,2461.32,0.58203125,10139,303,BLAa,BLA,115,left,0
10140,10141,3,6299.139999999999,6004.120000000001,2462.92,0.75,10140,303,BLAa,BLA,115,left,0
10141,10142,3,6298.099999999999,6006.280000000001,2464.1399999999994,1.0,10141,303,BLAa,BLA,115,left,0
10142,10143,3,6296.860000000001,6007.88,2464.74,0.5,10142,303,BLAa,BLA,115,left,0
10143,10144,3,6294.9,6007.820000000001,2465.66,0.91796875,10143,303,BLAa,BLA,115,left,0
10144,10145,3,6293.780000000001,6008.200000000001,2467.0,0.5,10144,303,BLAa,BLA,115,left,0
10145,10146,3,6292.0,6007.88,2468.42,0.5,10145,303,BLAa,BLA,115,left,0
10146,10147,3,6290.320000000001,6008.58,2469.58,1.0,10146,303,BLAa,BLA,115,left,0
10147,10148,3,6289.58,6009.9800000000005,2471.32,1.75,10147,303,BLAa,BLA,115,left,0
10148,10149,3,6288.719999999999,6011.799999999999,2472.380000000001,1.25,10148,303,BLAa,BLA,115,left,0
10149,10150,3,6287.960000000001,6013.379999999999,2473.48,1.41796875,10149,303,BLAa,BLA,115,left,0
10150,10151,3,6287.200000000001,6015.0,2474.6800000000003,1.08203125,10150,303,BLAa,BLA,115,left,0
10151,10152,3,6286.24,6016.459999999999,2474.8,1.75,10151,303,BLAa,BLA,115,left,0
10152,10153,3,6284.64,6016.54,2474.7000000000007,0.83203125,10152,884,amc,amc,115,left,0
10153,10154,3,6283.4400000000005,6015.98,2475.620000000001,1.25,10153,303,BLAa,BLA,115,left,0
10154,10155,3,6282.84,6015.66,2477.7000000000007,1.16796875,10154,303,BLAa,BLA,115,left,0
10155,10156,3,6282.56,6016.26,2479.0599999999995,1.16796875,10155,303,BLAa,BLA,115,left,0
10156,10157,3,6281.799999999999,6017.820000000001,2479.42,1.33203125,10156,303,BLAa,BLA,115,left,0
10157,10158,3,6280.860000000001,6019.82,2480.959999999999,0.5,10157,303,BLAa,BLA,115,left,0
10158,10159,3,6280.18,6021.26,2482.32,0.58203125,10158,303,BLAa,BLA,115,left,0
10159,10160,3,6279.299999999999,6022.42,2484.0599999999995,0.66796875,10159,303,BLAa,BLA,115,left,0
10160,10161,3,6277.94,6023.48,2483.98,1.0,10160,303,BLAa,BLA,115,left,0
10161,10162,3,6277.14,6024.78,2484.9,0.11328125,10161,303,BLAa,BLA,115,left,0
10162,10163,3,6276.14,6026.78,2485.380000000001,0.91796875,10162,303,BLAa,BLA,115,left,0
10163,10164,3,6275.0,6029.539999999999,2485.82,1.41796875,10163,303,BLAa,BLA,115,left,0
10164,10165,3,6275.860000000001,6030.9400000000005,2486.620000000001,0.91796875,10164,303,BLAa,BLA,115,left,0
10165,10166,3,6275.900000000001,6032.94,2487.76,1.0,10165,303,BLAa,BLA,115,left,0
10166,10167,3,6274.9400000000005,6034.9400000000005,2489.3,0.66796875,10166,303,BLAa,BLA,115,left,0
10167,10168,3,6273.959999999999,6036.98,2490.460000000001,1.0,10167,884,amc,amc,115,left,0
10168,10169,3,6273.42,6038.139999999999,2492.0599999999995,1.0,10168,884,amc,amc,115,left,0
10169,10170,3,6273.400000000001,6039.6,2492.76,0.91796875,10169,884,amc,amc,115,left,0
10170,10171,3,6274.26,6041.06,2492.74,1.16796875,10170,884,amc,amc,115,left,0
10171,10172,3,6273.9400000000005,6043.46,2492.4,1.16796875,10171,884,amc,amc,115,left,0
10172,10173,3,6274.76,6045.58,2492.08,0.5,10172,884,amc,amc,115,left,0
10173,10174,3,6274.719999999999,6047.12,2490.4,1.41796875,10173,884,amc,amc,115,left,0
10174,10175,3,6275.259999999999,6049.360000000001,2489.400000000001,0.75,10174,303,BLAa,BLA,115,left,0
10175,10176,3,6276.0,6051.4,2489.3,0.01953125,10175,303,BLAa,BLA,115,left,1
10176,10177,3,6302.759999999999,5999.56,2461.879999999999,0.00390625,9306,303,BLAa,BLA,116,left,0
10177,10178,3,6301.7,6001.58,2460.32,1.58203125,10177,303,BLAa,BLA,116,left,0
10178,10179,3,6301.56,6001.76,2458.16,0.66796875,10178,303,BLAa,BLA,116,left,0
10179,10180,3,6300.42,6001.5,2456.2800000000007,0.91796875,10179,303,BLAa,BLA,116,left,0
10180,10181,3,6298.64,6001.660000000001,2455.2800000000007,1.16796875,10180,303,BLAa,BLA,116,left,0
10181,10182,3,6296.68,6001.219999999999,2454.32,1.0,10181,303,BLAa,BLA,116,left,0
10182,10183,3,6295.2,6000.62,2452.3,0.66796875,10182,303,BLAa,BLA,116,left,0
10183,10184,3,6295.1,6000.2,2449.8600000000006,0.5,10183,303,BLAa,BLA,116,left,0
10184,10185,3,6294.32,5998.28,2449.0,0.5,10184,884,amc,amc,116,left,0
10185,10186,3,6293.9400000000005,5996.280000000001,2448.32,1.08203125,10185,884,amc,amc,116,left,0
10186,10187,3,6292.68,5995.1,2448.0600000000013,1.0,10186,884,amc,amc,116,left,0
10187,10188,3,6290.08,5992.200000000001,2447.4,0.01953125,10187,303,BLAa,BLA,116,left,0
10188,10189,3,6288.76,5990.58,2446.6000000000004,0.75,10188,303,BLAa,BLA,116,left,0
10189,10190,3,6287.219999999999,5989.740000000001,2445.5,0.66796875,10189,303,BLAa,BLA,116,left,0
10190,10191,3,6285.879999999999,5988.04,2444.7000000000007,0.91796875,10190,884,amc,amc,116,left,0
10191,10192,3,6285.460000000001,5986.660000000001,2443.9400000000005,1.16796875,10191,884,amc,amc,116,left,0
10192,10193,3,6286.06,5985.02,2443.22,1.58203125,10192,884,amc,amc,116,left,0
10193,10194,3,6287.02,5983.04,2442.74,0.75,10193,884,amc,amc,116,left,0
10194,10195,3,6288.46,5979.740000000001,2442.9400000000005,1.08203125,10194,884,amc,amc,116,left,0
10195,10196,3,6288.64,5977.08,2443.300000000001,1.0,10195,884,amc,amc,116,left,0
10196,10197,3,6287.780000000001,5974.46,2443.48,0.83203125,10196,303,BLAa,BLA,116,left,0
10197,10198,3,6288.18,5972.380000000001,2443.32,0.58203125,10197,303,BLAa,BLA,116,left,0
10198,10199,3,6289.24,5970.16,2442.08,0.5,10198,303,BLAa,BLA,116,left,0
10199,10200,3,6289.92,5968.68,2440.4,0.91796875,10199,303,BLAa,BLA,116,left,0
10200,10201,3,6289.9400000000005,5967.219999999999,2439.72,0.91796875,10200,303,BLAa,BLA,116,left,0
10201,10202,3,6289.0,5966.3,2439.66,0.5,10201,303,BLAa,BLA,116,left,0
10202,10203,3,6289.18,5964.539999999999,2439.1000000000004,0.91796875,10202,303,BLAa,BLA,116,left,0
10203,10204,3,6289.9400000000005,5962.9,2438.1399999999994,0.5,10203,303,BLAa,BLA,116,left,1
10204,10205,3,6289.120000000001,5979.719999999999,2539.5,0.16796875,9330,303,BLAa,BLA,117,left,0
10205,10206,3,6288.780000000001,5977.34,2539.5200000000004,1.0,10205,303,BLAa,BLA,117,left,0
10206,10207,3,6288.82,5973.379999999999,2539.92,1.0,10206,303,BLAa,BLA,117,left,0
10207,10208,3,6289.34,5971.2,2539.58,0.91796875,10207,303,BLAa,BLA,117,left,0
10208,10209,3,6288.9400000000005,5968.4400000000005,2539.34,1.0,10208,303,BLAa,BLA,117,left,0
10209,10210,3,6287.28,5965.54,2539.379999999999,1.0,10209,303,BLAa,BLA,117,left,0
10210,10211,3,6286.219999999999,5964.099999999999,2539.3600000000006,1.0,10210,303,BLAa,BLA,117,left,0
10211,10212,3,6286.12,5962.12,2539.5599999999995,1.0,10211,303,BLAa,BLA,117,left,0
10212,10213,3,6286.96,5960.460000000001,2539.92,1.0,10212,303,BLAa,BLA,117,left,0
10213,10214,3,6286.76,5958.540000000001,2540.1000000000004,1.0,10213,303,BLAa,BLA,117,left,0
10214,10215,3,6285.320000000001,5957.26,2540.0,0.66796875,10214,303,BLAa,BLA,117,left,0
10215,10216,3,6286.18,5954.139999999999,2540.5200000000004,1.0,10215,303,BLAa,BLA,117,left,0
10216,10217,3,6287.54,5951.1,2541.1399999999994,1.0,10216,303,BLAa,BLA,117,left,0
10217,10218,3,6287.54,5948.66,2541.42,1.0,10217,303,BLAa,BLA,117,left,0
10218,10219,3,6287.06,5945.14,2541.74,1.0,10218,303,BLAa,BLA,117,left,0
10219,10220,3,6286.4,5943.780000000001,2542.0,1.0,10219,303,BLAa,BLA,117,left,0
10220,10221,3,6287.1,5942.02,2543.24,0.91796875,10220,303,BLAa,BLA,117,left,0
10221,10222,3,6288.3,5939.34,2543.98,1.0,10221,303,BLAa,BLA,117,left,0
10222,10223,3,6288.32,5937.36,2544.8600000000006,0.66796875,10222,303,BLAa,BLA,117,left,0
10223,10224,3,6287.74,5934.6,2545.66,1.0,10223,303,BLAa,BLA,117,left,0
10224,10225,3,6287.26,5932.42,2545.84,1.0,10224,303,BLAa,BLA,117,left,0
10225,10226,3,6288.400000000001,5929.28,2546.42,1.0,10225,303,BLAa,BLA,117,left,0
10226,10227,3,6289.62,5926.900000000001,2546.9399999999987,0.91796875,10226,303,BLAa,BLA,117,left,0
10227,10228,3,6290.06,5924.880000000001,2547.26,1.0,10227,303,BLAa,BLA,117,left,0
10228,10229,3,6290.119999999999,5922.799999999999,2547.5200000000004,1.0,10228,303,BLAa,BLA,117,left,0
10229,10230,3,6290.299999999999,5919.92,2547.9,1.0,10229,303,BLAa,BLA,117,left,0
10230,10231,3,6289.6,5917.4800000000005,2548.1399999999994,1.0,10230,303,BLAa,BLA,117,left,0
10231,10232,3,6288.28,5916.36,2548.74,0.91796875,10231,303,BLAa,BLA,117,left,0
10232,10233,3,6287.88,5914.18,2549.640000000001,1.0,10232,303,BLAa,BLA,117,left,0
10233,10234,3,6287.72,5911.78,2550.779999999999,0.83203125,10233,303,BLAa,BLA,117,left,0
10234,10235,3,6287.759999999999,5908.48,2551.3600000000006,0.91796875,10234,303,BLAa,BLA,117,left,0
10235,10236,3,6287.179999999999,5905.8,2551.58,1.0,10235,303,BLAa,BLA,117,left,0
10236,10237,3,6286.96,5903.32,2551.84,1.08203125,10236,303,BLAa,BLA,117,left,0
10237,10238,3,6285.56,5901.4400000000005,2551.8,0.91796875,10237,303,BLAa,BLA,117,left,0
10238,10239,3,6285.14,5899.8,2552.5200000000004,1.0,10238,303,BLAa,BLA,117,left,0
10239,10240,3,6285.460000000001,5897.6,2553.9400000000005,1.08203125,10239,303,BLAa,BLA,117,left,0
10240,10241,3,6284.46,5893.76,2555.66,1.16796875,10240,303,BLAa,BLA,117,left,0
10241,10242,3,6283.9400000000005,5891.78,2556.42,1.08203125,10241,303,BLAa,BLA,117,left,0
10242,10243,3,6284.34,5889.28,2556.879999999999,1.0,10242,303,BLAa,BLA,117,left,0
10243,10244,3,6285.299999999999,5886.4,2557.42,0.0546875,10243,303,BLAa,BLA,117,left,0
10244,10245,3,6285.44,5884.139999999999,2557.720000000001,1.0,10244,303,BLAa,BLA,117,left,0
10245,10246,3,6285.14,5882.02,2557.9400000000005,1.0,10245,303,BLAa,BLA,117,left,0
10246,10247,3,6284.2,5880.22,2557.98,1.0,10246,303,BLAa,BLA,117,left,0
10247,10248,3,6284.740000000001,5878.08,2558.3600000000006,1.0,10247,303,BLAa,BLA,117,left,0
10248,10249,3,6284.86,5876.0,2558.6399999999994,0.5,10248,303,BLAa,BLA,117,left,0
10249,10250,3,6286.06,5873.26,2559.220000000001,1.0,10249,303,BLAa,BLA,117,left,0
10250,10251,3,6287.46,5870.299999999999,2559.8600000000006,0.91796875,10250,303,BLAa,BLA,117,left,0
10251,10252,3,6287.7,5868.42,2560.1399999999994,1.0,10251,303,BLAa,BLA,117,left,0
10252,10253,3,6288.86,5865.259999999999,2560.76,1.0,10252,303,BLAa,BLA,117,left,0
10253,10254,3,6290.1,5862.84,2561.32,1.0,10253,303,BLAa,BLA,117,left,0
10254,10255,3,6290.38,5861.0,2561.6000000000004,1.0,10254,303,BLAa,BLA,117,left,0
10255,10256,3,6289.539999999999,5859.400000000001,2561.98,1.16796875,10255,303,BLAa,BLA,117,left,0
10256,10257,3,6289.719999999999,5857.52,2563.0200000000004,0.66796875,10256,303,BLAa,BLA,117,left,0
10257,10258,3,6290.42,5854.82,2564.16,1.0,10257,303,BLAa,BLA,117,left,0
10258,10259,3,6291.4,5852.46,2566.0,0.5,10258,303,BLAa,BLA,117,left,0
10259,10260,3,6291.660000000001,5850.5,2567.5200000000004,0.91796875,10259,303,BLAa,BLA,117,left,0
10260,10261,3,6291.7,5847.200000000001,2568.6800000000003,0.91796875,10260,303,BLAa,BLA,117,left,0
10261,10262,3,6290.839999999999,5845.62,2568.92,0.75,10261,303,BLAa,BLA,117,left,0
10262,10263,3,6290.639999999999,5844.22,2569.98,0.83203125,10262,303,BLAa,BLA,117,left,0
10263,10264,3,6290.700000000001,5841.32,2570.879999999999,0.75,10263,303,BLAa,BLA,117,left,0
10264,10265,3,6290.299999999999,5839.18,2572.76,0.5,10264,303,BLAa,BLA,117,left,0
10265,10266,3,6289.26,5838.42,2574.040000000001,1.0,10265,303,BLAa,BLA,117,left,0
10266,10267,3,6288.339999999999,5837.02,2574.34,0.11328125,10266,303,BLAa,BLA,117,left,0
10267,10268,3,6287.64,5834.5,2575.1399999999994,0.91796875,10267,303,BLAa,BLA,117,left,0
10268,10269,3,6287.14,5833.06,2575.8600000000006,0.5,10268,303,BLAa,BLA,117,left,1
10269,10270,3,6287.240000000001,5979.9,2540.2000000000007,0.08203125,9330,303,BLAa,BLA,118,left,0
10270,10271,3,6286.26,5980.54,2541.1000000000004,1.16796875,10270,303,BLAa,BLA,118,left,0
10271,10272,3,6286.06,5981.12,2543.3600000000006,1.0,10271,303,BLAa,BLA,118,left,0
10272,10273,3,6285.58,5982.240000000001,2545.5,0.66796875,10272,303,BLAa,BLA,118,left,0
10273,10274,3,6284.9400000000005,5982.86,2547.42,1.0,10273,303,BLAa,BLA,118,left,0
10274,10275,3,6283.58,5982.34,2548.58,0.91796875,10274,303,BLAa,BLA,118,left,0
10275,10276,3,6283.22,5982.1,2551.459999999999,1.33203125,10275,303,BLAa,BLA,118,left,0
10276,10277,3,6283.22,5982.36,2554.8600000000006,0.66796875,10276,303,BLAa,BLA,118,left,0
10277,10278,3,6282.9,5983.099999999999,2556.459999999999,0.75,10277,303,BLAa,BLA,118,left,0
10278,10279,3,6280.839999999999,5982.42,2557.459999999999,0.01953125,10278,303,BLAa,BLA,118,left,1
