,ID,type,AP,DV,ML,R,parent,area_ID,area_name,name_use,bratch_ID,side,terminal
0,1,1,6454.62,5418.400000000001,2393.6000000000004,11.33203125,-1,579,ec,ec,1,left,0
56,57,3,6459.26,5422.92,2392.0599999999995,0.140625,1,579,ec,ec,2,left,0
57,58,3,6462.960000000001,5426.54,2390.8600000000006,7.25,57,579,ec,ec,2,left,0
58,59,3,6465.4,5428.92,2390.0599999999995,5.83203125,58,131,LA,LA,2,left,0
59,60,3,6467.0,5431.639999999999,2389.34,5.16796875,59,131,LA,LA,2,left,0
60,61,3,6467.26,5436.92,2388.379999999999,7.5,60,131,LA,LA,2,left,0
61,62,3,6467.34,5443.9800000000005,2387.119999999999,9.08203125,61,131,LA,LA,2,left,0
62,63,3,6467.4400000000005,5451.2,2385.800000000001,7.33203125,62,131,LA,LA,2,left,0
63,64,3,6467.4800000000005,5455.96,2384.9400000000005,7.08203125,63,131,LA,LA,2,left,0
64,65,3,6467.56,5459.28,2383.76,7.5,64,131,LA,LA,2,left,0
65,66,3,6467.74,5460.82,2380.879999999999,9.5,65,131,LA,LA,2,left,0
66,67,3,6468.0,5462.4400000000005,2376.960000000001,13.83203125,66,131,LA,LA,2,left,0
67,68,3,6468.16,5463.5,2374.34,10.33203125,67,131,LA,LA,2,left,0
68,69,3,6469.9800000000005,5465.860000000001,2372.0,6.58203125,68,303,BLAa,BLA,2,left,0
69,70,3,6472.1,5469.02,2371.08,5.58203125,69,303,BLAa,BLA,2,left,0
70,71,3,6475.16,5472.54,2370.08,4.66796875,70,303,BLAa,BLA,2,left,0
71,72,3,6478.08,5475.04,2369.26,4.0,71,303,BLAa,BLA,2,left,0
72,73,3,6479.92,5477.36,2368.619999999999,3.5,72,303,BLAa,BLA,2,left,0
73,74,3,6480.460000000001,5483.06,2367.6000000000004,1.33203125,73,303,BLAa,BLA,2,left,0
74,75,3,6480.460000000001,5487.46,2366.879999999999,1.66796875,74,303,BLAa,BLA,2,left,0
75,76,3,6480.44,5490.78,2366.32,1.83203125,75,303,BLAa,BLA,2,left,0
76,77,3,6480.42,5497.68,2365.2000000000007,0.03515625,76,303,BLAa,BLA,2,left,0
77,78,3,6480.36,5501.280000000001,2364.66,1.58203125,77,303,BLAa,BLA,2,left,0
78,79,3,6454.86,5421.76,2392.960000000001,1.88671875,1,579,ec,ec,3,left,0
79,80,3,6454.9800000000005,5427.42,2391.92,9.58203125,79,579,ec,ec,3,left,0
80,81,3,6455.06,5434.64,2390.5999999999985,10.41796875,80,579,ec,ec,3,left,0
81,82,3,6455.16,5442.039999999999,2389.24,10.41796875,81,131,LA,LA,3,left,0
82,83,3,6455.24,5449.46,2387.8599999999988,9.08203125,82,131,LA,LA,3,left,0
83,84,3,6455.299999999999,5455.5,2386.7800000000007,8.75,83,131,LA,LA,3,left,0
84,85,3,6455.24,5460.280000000001,2385.959999999999,6.75,84,131,LA,LA,3,left,0
85,86,3,6454.539999999999,5464.139999999999,2385.4,6.33203125,85,131,LA,LA,3,left,0
86,87,3,6453.200000000001,5470.54,2385.08,2.75,86,131,LA,LA,3,left,0
87,88,3,6451.88,5472.1,2386.6800000000003,1.83203125,87,131,LA,LA,3,left,0
88,89,3,6451.620000000001,5474.5,2387.5,1.0,88,131,LA,LA,3,left,0
89,90,3,6449.76,5473.379999999999,2388.300000000001,0.08203125,89,131,LA,LA,3,left,0
90,91,3,6449.099999999999,5474.78,2389.34,1.25,90,131,LA,LA,3,left,0
91,92,3,6449.06,5477.88,2390.42,0.5,91,303,BLAa,BLA,3,left,0
92,93,3,6447.16,5476.16,2390.5200000000004,0.04296875,92,303,BLAa,BLA,3,left,0
93,94,3,6446.4400000000005,5477.799999999999,2391.32,0.75,93,303,BLAa,BLA,3,left,0
94,95,3,6444.400000000001,5476.900000000001,2393.459999999999,1.16796875,94,303,BLAa,BLA,3,left,0
95,96,3,6441.06,5475.04,2396.22,0.91796875,95,131,LA,LA,3,left,0
96,97,3,6439.42,5475.78,2397.74,0.91796875,96,131,LA,LA,3,left,0
97,98,3,6438.0,5475.56,2398.8,1.0,97,131,LA,LA,3,left,0
98,99,3,6436.06,5476.56,2400.2000000000007,0.5,98,131,LA,LA,3,left,0
99,100,3,6434.880000000001,5477.4400000000005,2401.24,0.5,99,131,LA,LA,3,left,0
100,101,3,6433.0,5477.240000000001,2402.5200000000004,1.08203125,100,131,LA,LA,3,left,0
101,102,3,6432.46,5479.06,2404.040000000001,1.08203125,101,131,LA,LA,3,left,0
102,103,3,6431.5,5480.82,2405.4,1.41796875,102,131,LA,LA,3,left,0
103,104,3,6431.32,5484.78,2407.16,1.25,103,131,LA,LA,3,left,0
104,105,3,6431.26,5486.84,2408.58,0.83203125,104,303,BLAa,BLA,3,left,0
105,106,3,6430.66,5488.66,2408.7000000000007,0.13671875,105,303,BLAa,BLA,3,left,0
106,107,3,6428.7,5488.32,2409.98,1.33203125,106,303,BLAa,BLA,3,left,0
107,108,3,6427.68,5490.259999999999,2411.0599999999995,0.91796875,107,303,BLAa,BLA,3,left,0
108,109,3,6427.56,5493.68,2411.5200000000004,1.0,108,303,BLAa,BLA,3,left,0
109,110,3,6427.26,5497.5,2412.119999999999,0.58203125,109,303,BLAa,BLA,3,left,0
110,111,3,6426.52,5499.32,2412.960000000001,0.58203125,110,303,BLAa,BLA,3,left,0
111,112,3,6426.38,5503.22,2413.16,1.0,111,303,BLAa,BLA,3,left,0
112,113,3,6425.4,5505.38,2413.0600000000013,0.75,112,303,BLAa,BLA,3,left,0
113,114,3,6423.780000000001,5504.48,2414.040000000001,1.0,113,303,BLAa,BLA,3,left,0
114,115,3,6422.36,5506.26,2414.66,0.91796875,114,303,BLAa,BLA,3,left,0
115,116,3,6421.14,5508.02,2415.42,1.25,115,303,BLAa,BLA,3,left,0
116,117,3,6419.28,5509.2,2416.0599999999995,1.16796875,116,303,BLAa,BLA,3,left,0
117,118,3,6418.02,5511.639999999999,2416.58,1.0,117,303,BLAa,BLA,3,left,0
118,119,3,6415.04,5512.4800000000005,2418.16,1.0,118,303,BLAa,BLA,3,left,0
119,120,3,6412.88,5513.52,2419.7000000000007,0.83203125,119,303,BLAa,BLA,3,left,0
120,121,3,6411.06,5514.66,2420.66,0.91796875,120,303,BLAa,BLA,3,left,0
121,122,3,6409.06,5515.280000000001,2421.720000000001,1.0,121,303,BLAa,BLA,3,left,0
122,123,3,6407.240000000001,5513.9800000000005,2423.039999999999,0.83203125,122,303,BLAa,BLA,3,left,0
123,124,3,6406.08,5515.259999999999,2423.72,1.0,123,303,BLAa,BLA,3,left,0
124,125,3,6404.160000000001,5515.860000000001,2424.6800000000003,1.0,124,303,BLAa,BLA,3,left,0
125,126,3,6400.5,5512.86,2426.040000000001,1.0,125,303,BLAa,BLA,3,left,0
126,127,3,6398.099999999999,5510.78,2427.279999999999,1.0,126,303,BLAa,BLA,3,left,0
127,128,3,6395.0,5508.24,2428.48,1.0,127,303,BLAa,BLA,3,left,0
128,129,3,6391.34,5505.48,2429.32,1.0,128,303,BLAa,BLA,3,left,0
129,130,3,6387.619999999999,5502.619999999999,2430.1800000000003,1.0,129,579,ec,ec,3,left,0
130,131,3,6383.88,5499.76,2431.0599999999995,1.0,130,579,ec,ec,3,left,0
131,132,3,6380.860000000001,5497.32,2432.459999999999,0.91796875,131,579,ec,ec,3,left,0
132,133,3,6379.78,5498.099999999999,2433.0,1.0,132,579,ec,ec,3,left,0
133,134,3,6377.98,5497.240000000001,2433.5599999999995,0.16796875,133,579,ec,ec,3,left,0
134,135,3,6376.26,5495.700000000001,2435.1399999999994,0.91796875,134,579,ec,ec,3,left,0
135,136,3,6374.2,5495.5,2436.5200000000004,1.0,135,579,ec,ec,3,left,0
136,137,3,6372.46,5495.16,2436.8,2.5,136,579,ec,ec,3,left,1
137,138,3,6458.6,5422.26,2392.279999999999,0.15625,1,579,ec,ec,4,left,0
138,139,3,6460.48,5424.9,2391.5200000000004,6.75,138,579,ec,ec,4,left,0
139,140,3,6461.02,5428.42,2391.34,7.75,139,579,ec,ec,4,left,0
140,141,3,6460.9400000000005,5429.400000000001,2392.5,6.33203125,140,579,ec,ec,4,left,0
141,142,3,6460.96,5434.719999999999,2392.08,7.83203125,141,579,ec,ec,4,left,0
142,143,3,6461.42,5439.5,2391.16,6.83203125,142,131,LA,LA,4,left,0
143,144,3,6464.28,5443.540000000001,2390.040000000001,5.83203125,143,131,LA,LA,4,left,0
144,145,3,6467.92,5446.98,2388.9,3.91796875,144,131,LA,LA,4,left,0
145,146,3,6471.639999999999,5450.42,2387.76,1.83203125,145,131,LA,LA,4,left,0
146,147,3,6474.08,5452.68,2387.0200000000004,1.41796875,146,131,LA,LA,4,left,0
147,148,3,6475.48,5454.44,2389.460000000001,0.015625,147,131,LA,LA,4,left,0
148,149,3,6454.9400000000005,5423.74,2392.459999999999,0.62890625,1,579,ec,ec,5,left,0
149,150,3,6455.1,5426.639999999999,2390.48,14.0,149,579,ec,ec,5,left,0
150,151,3,6455.900000000001,5428.08,2388.5200000000004,11.58203125,150,579,ec,ec,5,left,0
151,152,3,6457.84,5430.18,2387.32,10.83203125,151,579,ec,ec,5,left,0
152,153,3,6459.06,5433.48,2385.26,13.16796875,152,579,ec,ec,5,left,0
153,154,3,6459.2,5437.06,2383.1800000000003,13.25,153,131,LA,LA,5,left,0
154,155,3,6459.38,5441.06,2380.82,12.25,154,131,LA,LA,5,left,0
155,156,3,6459.52,5445.4,2378.7000000000007,11.5,155,131,LA,LA,5,left,0
156,157,3,6459.9800000000005,5450.14,2377.4400000000005,10.91796875,156,131,LA,LA,5,left,0
157,158,3,6462.820000000001,5454.120000000001,2376.26,9.0,157,131,LA,LA,5,left,0
158,159,3,6466.4400000000005,5457.42,2375.1399999999994,8.16796875,158,131,LA,LA,5,left,0
159,160,3,6470.119999999999,5460.76,2374.0,7.83203125,159,131,LA,LA,5,left,0
160,161,3,6473.8,5464.0,2372.9,7.0,160,131,LA,LA,5,left,0
161,162,3,6477.4400000000005,5467.179999999999,2371.8600000000006,5.91796875,161,303,BLAa,BLA,5,left,0
162,163,3,6481.1,5470.320000000001,2370.84,4.25,162,303,BLAa,BLA,5,left,0
163,164,3,6483.52,5472.36,2370.1800000000003,3.83203125,163,303,BLAa,BLA,5,left,0
164,165,3,6487.179999999999,5475.42,2369.199999999999,0.10546875,164,303,BLAa,BLA,5,left,0
165,166,3,6488.74,5477.86,2368.6000000000004,2.58203125,165,303,BLAa,BLA,5,left,0
166,167,3,6488.9800000000005,5480.860000000001,2367.540000000001,3.5,166,303,BLAa,BLA,5,left,0
167,168,3,6489.46,5482.4800000000005,2365.84,2.16796875,167,303,BLAa,BLA,5,left,0
168,169,3,6492.28,5484.9800000000005,2364.5,2.08203125,168,303,BLAa,BLA,5,left,0
169,170,3,6494.62,5486.88,2363.9,2.0,169,303,BLAa,BLA,5,left,0
170,171,3,6496.38,5488.32,2363.4400000000005,1.58203125,170,303,BLAa,BLA,5,left,0
171,172,3,6497.52,5494.42,2362.32,0.03125,171,303,BLAa,BLA,5,left,0
172,173,3,6500.14,5497.98,2361.42,1.16796875,172,303,BLAa,BLA,5,left,0
173,174,3,6502.02,5499.46,2360.9400000000005,1.0,173,303,BLAa,BLA,5,left,0
174,175,3,6460.5,5424.139999999999,2391.66,0.0546875,1,579,ec,ec,6,left,0
175,176,3,6462.94,5426.52,2390.8600000000006,7.33203125,175,579,ec,ec,6,left,0
176,177,3,6464.56,5428.32,2389.7000000000007,6.66796875,176,579,ec,ec,6,left,0
177,178,3,6464.96,5429.700000000001,2386.879999999999,10.75,177,579,ec,ec,6,left,0
178,179,3,6465.16,5430.74,2384.400000000001,11.66796875,178,131,LA,LA,6,left,0
179,180,3,6466.06,5431.040000000001,2382.6399999999994,8.08203125,179,131,LA,LA,6,left,0
180,181,3,6467.3,5429.400000000001,2382.6000000000004,7.33203125,180,131,LA,LA,6,left,0
181,182,3,6468.86,5430.639999999999,2381.08,7.83203125,181,131,LA,LA,6,left,0
182,183,3,6469.160000000001,5431.660000000001,2378.880000000001,9.33203125,182,131,LA,LA,6,left,0
183,184,3,6469.24,5436.1,2377.6000000000004,1.03515625,183,131,LA,LA,6,left,0
184,185,3,6469.28,5440.36,2376.74,8.5,184,131,LA,LA,6,left,0
185,186,3,6469.84,5443.9400000000005,2375.9,8.33203125,185,131,LA,LA,6,left,0
186,187,3,6470.92,5445.58,2374.76,7.33203125,186,131,LA,LA,6,left,0
187,188,3,6473.86,5448.46,2373.3600000000006,6.83203125,187,131,LA,LA,6,left,0
188,189,3,6477.4800000000005,5451.76,2372.2000000000007,6.58203125,188,131,LA,LA,6,left,0
189,190,3,6481.18,5455.08,2371.08,5.91796875,189,131,LA,LA,6,left,0
190,191,3,6484.880000000001,5458.360000000001,2369.959999999999,5.08203125,190,131,LA,LA,6,left,0
191,192,3,6487.3,5460.5,2369.24,4.83203125,191,131,LA,LA,6,left,0
192,193,3,6489.08,5462.039999999999,2368.72,4.33203125,192,131,LA,LA,6,left,0
193,194,3,6488.099999999999,5459.58,2373.0600000000013,0.0390625,193,131,LA,LA,6,left,0
194,195,3,6487.5,5456.24,2374.9,1.83203125,194,131,LA,LA,6,left,0
195,196,3,6487.36,5453.4400000000005,2377.48,1.0,195,131,LA,LA,6,left,0
196,197,3,6487.200000000001,5451.84,2379.92,0.66796875,196,131,LA,LA,6,left,0
197,198,3,6487.06,5448.62,2382.22,0.58203125,197,131,LA,LA,6,left,0
198,199,3,6487.1,5445.66,2384.779999999999,1.16796875,198,131,LA,LA,6,left,0
199,200,3,6488.4400000000005,5445.460000000001,2385.0200000000004,1.0,199,131,LA,LA,6,left,0
200,201,3,6487.98,5443.66,2387.279999999999,0.11328125,200,131,LA,LA,6,left,0
201,202,3,6487.28,5441.06,2389.42,1.0,201,131,LA,LA,6,left,0
202,203,3,6486.4400000000005,5437.86,2392.5599999999995,1.08203125,202,131,LA,LA,6,left,0
203,204,3,6486.18,5434.42,2395.1000000000004,0.66796875,203,579,ec,ec,6,left,0
204,205,3,6485.299999999999,5431.4,2397.5599999999995,0.5,204,579,ec,ec,6,left,0
205,206,3,6484.66,5427.32,2401.48,0.5,205,579,ec,ec,6,left,0
206,207,3,6483.8,5423.84,2403.8,0.66796875,206,579,ec,ec,6,left,0
207,208,3,6483.26,5420.259999999999,2406.58,0.5,207,579,ec,ec,6,left,0
208,209,3,6482.14,5418.4400000000005,2407.82,1.0,208,579,ec,ec,6,left,0
209,210,3,6454.86,5421.76,2392.960000000001,1.88671875,1,579,ec,ec,7,left,0
210,211,3,6454.9800000000005,5427.42,2391.92,9.58203125,210,579,ec,ec,7,left,0
211,212,3,6455.06,5434.64,2390.5999999999985,10.41796875,211,579,ec,ec,7,left,0
212,213,3,6455.24,5440.58,2389.48,11.0,212,131,LA,LA,7,left,0
213,214,3,6455.98,5443.82,2388.379999999999,12.41796875,213,131,LA,LA,7,left,0
214,215,3,6456.639999999999,5445.78,2385.1800000000003,15.33203125,214,131,LA,LA,7,left,0
215,216,3,6456.94,5447.46,2381.2800000000007,15.58203125,215,131,LA,LA,7,left,0
216,217,3,6457.219999999999,5449.2,2377.34,15.16796875,216,131,LA,LA,7,left,0
217,218,3,6457.52,5450.92,2373.379999999999,3.75,217,131,LA,LA,7,left,0
218,219,3,6457.72,5452.06,2370.779999999999,1.33203125,218,131,LA,LA,7,left,0
219,220,3,6457.88,5452.98,2368.7800000000007,1.0,219,131,LA,LA,7,left,0
220,221,3,6453.56,5448.9800000000005,2370.24,0.01171875,220,131,LA,LA,7,left,0
221,222,3,6449.9400000000005,5445.599999999999,2371.459999999999,1.0,221,131,LA,LA,7,left,0
222,223,3,6447.56,5443.339999999999,2372.3,1.08203125,222,131,LA,LA,7,left,0
223,224,3,6446.040000000001,5440.8,2372.880000000001,1.5,223,131,LA,LA,7,left,0
224,225,3,6445.639999999999,5438.4400000000005,2372.6800000000003,1.0,224,131,LA,LA,7,left,0
225,226,3,6443.379999999999,5434.9400000000005,2373.459999999999,1.0,225,131,LA,LA,7,left,0
226,227,3,6441.52,5433.139999999999,2374.120000000001,1.16796875,226,131,LA,LA,7,left,0
227,228,3,6437.88,5428.64,2375.6399999999994,0.01953125,227,131,LA,LA,7,left,0
228,229,3,6436.08,5425.54,2376.58,1.33203125,228,131,LA,LA,7,left,0
229,230,3,6456.900000000001,5420.599999999999,2392.84,0.9453125,1,579,ec,ec,8,left,0
230,231,3,6458.4400000000005,5424.24,2391.960000000001,9.16796875,230,579,ec,ec,8,left,0
231,232,3,6458.7,5429.139999999999,2390.1800000000003,11.0,231,579,ec,ec,8,left,0
232,233,3,6459.24,5432.4,2388.2000000000007,10.33203125,232,579,ec,ec,8,left,0
233,234,3,6462.1,5436.16,2386.900000000001,10.25,233,131,LA,LA,8,left,0
234,235,3,6464.360000000001,5438.48,2385.74,10.5,234,131,LA,LA,8,left,0
235,236,3,6465.259999999999,5440.4,2382.5200000000004,13.33203125,235,131,LA,LA,8,left,0
236,237,3,6465.54,5442.0,2378.6800000000003,15.83203125,236,131,LA,LA,8,left,0
237,238,3,6465.82,5443.66,2374.779999999999,12.41796875,237,131,LA,LA,8,left,0
238,239,3,6466.1,5445.299999999999,2370.8600000000006,2.08203125,238,131,LA,LA,8,left,0
239,240,3,6466.32,5446.54,2368.1399999999994,1.0,239,131,LA,LA,8,left,0
240,241,3,6464.42,5443.9800000000005,2368.2000000000007,0.08203125,240,131,LA,LA,8,left,0
241,242,3,6463.22,5438.959999999999,2367.6800000000003,1.5,241,131,LA,LA,8,left,0
242,243,3,6462.58,5436.16,2366.74,0.75,242,131,LA,LA,8,left,0
243,244,3,6460.98,5433.8,2367.26,1.0,243,131,LA,LA,8,left,0
260,261,3,6480.280000000001,5507.179999999999,2363.959999999999,0.04296875,78,303,BLAa,BLA,11,left,0
261,262,3,6480.2,5510.2,2364.400000000001,1.25,261,303,BLAa,BLA,11,left,0
262,263,3,6480.14,5514.2,2364.0,0.91796875,262,303,BLAa,BLA,11,left,0
263,264,3,6480.06,5517.9,2364.220000000001,0.5,263,303,BLAa,BLA,11,left,0
264,265,3,6480.0,5521.88,2364.24,0.5,264,303,BLAa,BLA,11,left,0
265,266,3,6479.92,5524.880000000001,2364.72,0.91796875,265,303,BLAa,BLA,11,left,0
266,267,3,6479.84,5528.0,2364.619999999999,0.66796875,266,303,BLAa,BLA,11,left,0
267,268,3,6479.160000000001,5529.9800000000005,2365.34,0.5,267,303,BLAa,BLA,11,left,0
268,269,3,6477.66,5530.66,2365.779999999999,0.83203125,268,303,BLAa,BLA,11,left,0
269,270,3,6477.240000000001,5533.099999999999,2366.4,0.91796875,269,303,BLAa,BLA,11,left,0
270,271,3,6477.179999999999,5536.7,2366.0200000000004,1.0,270,303,BLAa,BLA,11,left,0
271,272,3,6476.58,5541.2,2365.4400000000005,0.0546875,271,303,BLAa,BLA,11,left,0
272,273,3,6475.08,5543.9400000000005,2365.3599999999988,0.83203125,272,303,BLAa,BLA,11,left,0
273,274,3,6474.0,5546.4400000000005,2365.9,1.33203125,273,303,BLAa,BLA,11,left,0
274,275,3,6473.26,5551.38,2365.620000000001,1.0,274,303,BLAa,BLA,11,left,0
275,276,3,6473.139999999999,5556.52,2364.92,1.0,275,303,BLAa,BLA,11,left,0
276,277,3,6473.139999999999,5560.839999999999,2364.32,1.0,276,303,BLAa,BLA,11,left,0
277,278,3,6473.76,5564.5,2363.74,1.0,277,303,BLAa,BLA,11,left,0
278,279,3,6474.04,5569.139999999999,2363.0600000000013,1.0,278,303,BLAa,BLA,11,left,0
279,280,3,6479.9,5502.4800000000005,2361.900000000001,0.0859375,78,303,BLAa,BLA,12,left,0
280,281,3,6479.299999999999,5503.32,2358.120000000001,1.0,280,303,BLAa,BLA,12,left,0
281,282,3,6478.6,5503.82,2356.34,0.5,281,303,BLAa,BLA,12,left,0
282,283,3,6477.46,5506.36,2354.98,0.83203125,282,303,BLAa,BLA,12,left,0
283,284,3,6476.7,5510.56,2353.540000000001,0.66796875,283,303,BLAa,BLA,12,left,0
284,285,3,6475.9400000000005,5513.84,2353.0,1.0,284,303,BLAa,BLA,12,left,0
285,286,3,6474.8,5513.82,2352.34,0.11328125,285,303,BLAa,BLA,12,left,0
286,287,3,6473.9,5517.3,2351.4,1.0,286,303,BLAa,BLA,12,left,0
287,288,3,6473.360000000001,5521.94,2350.6800000000003,1.0,287,303,BLAa,BLA,12,left,0
288,289,3,6475.320000000001,5452.6,2392.5,0.58203125,148,131,LA,LA,13,left,0
289,290,3,6473.6,5447.3,2396.24,0.66796875,289,131,LA,LA,13,left,0
290,291,3,6472.88,5444.139999999999,2397.7800000000007,0.58203125,290,131,LA,LA,13,left,0
291,292,3,6470.74,5439.48,2399.959999999999,0.01953125,291,131,LA,LA,13,left,0
292,293,3,6469.160000000001,5437.200000000001,2401.7800000000007,1.0,292,131,LA,LA,13,left,0
293,294,3,6474.28,5454.02,2391.0,1.08203125,148,131,LA,LA,14,left,0
294,295,3,6473.16,5457.36,2391.380000000001,1.0,294,131,LA,LA,14,left,0
295,296,3,6473.139999999999,5460.54,2392.0,1.25,295,131,LA,LA,14,left,0
296,297,3,6473.099999999999,5464.42,2392.7000000000007,1.0,296,131,LA,LA,14,left,0
297,298,3,6473.06,5465.22,2393.58,1.0,297,303,BLAa,BLA,14,left,0
298,299,3,6473.04,5470.52,2394.26,0.01953125,298,303,BLAa,BLA,14,left,0
299,300,3,6472.02,5473.16,2395.42,0.58203125,299,131,LA,LA,14,left,0
300,301,3,6470.76,5475.16,2396.32,0.66796875,300,303,BLAa,BLA,14,left,0
301,302,3,6470.119999999999,5476.74,2396.900000000001,0.75,301,303,BLAa,BLA,14,left,0
302,303,3,6468.68,5476.26,2397.459999999999,0.58203125,302,303,BLAa,BLA,14,left,0
303,304,3,6468.04,5478.24,2398.42,0.91796875,303,303,BLAa,BLA,14,left,0
304,305,3,6467.619999999999,5480.8,2398.9400000000005,0.5,304,303,BLAa,BLA,14,left,0
305,306,3,6465.96,5480.42,2399.82,0.83203125,305,303,BLAa,BLA,14,left,0
306,307,3,6464.84,5481.620000000001,2400.6800000000003,1.0,306,303,BLAa,BLA,14,left,0
307,308,3,6464.06,5483.52,2401.3600000000006,0.5,307,303,BLAa,BLA,14,left,0
308,309,3,6462.68,5483.5,2402.6000000000004,1.25,308,303,BLAa,BLA,14,left,0
309,310,3,6460.62,5481.98,2404.199999999999,1.33203125,309,303,BLAa,BLA,14,left,0
310,311,3,6458.959999999999,5481.84,2404.959999999999,0.83203125,310,303,BLAa,BLA,14,left,0
311,312,3,6502.619999999999,5496.34,2360.8600000000006,0.0546875,174,303,BLAa,BLA,15,left,0
312,313,3,6503.9400000000005,5495.78,2359.880000000001,0.91796875,312,303,BLAa,BLA,15,left,0
313,314,3,6506.12,5495.839999999999,2358.6399999999994,1.0,313,303,BLAa,BLA,15,left,0
314,315,3,6508.58,5495.460000000001,2357.9,0.91796875,314,303,BLAa,BLA,15,left,0
315,316,3,6509.92,5494.92,2357.039999999999,0.83203125,315,303,BLAa,BLA,15,left,0
316,317,3,6512.06,5495.36,2356.540000000001,1.0,316,303,BLAa,BLA,15,left,0
317,318,3,6504.04,5502.46,2360.220000000001,0.11328125,174,303,BLAa,BLA,16,left,0
318,319,3,6506.08,5505.98,2359.460000000001,1.0,318,303,BLAa,BLA,16,left,0
319,320,3,6508.099999999999,5509.62,2358.98,1.0,319,303,BLAa,BLA,16,left,0
320,321,3,6509.02,5512.26,2359.26,1.33203125,320,303,BLAa,BLA,16,left,0
321,322,3,6511.16,5514.9800000000005,2358.76,1.58203125,321,303,BLAa,BLA,16,left,0
322,323,3,6511.88,5517.3,2358.34,1.0,322,303,BLAa,BLA,16,left,0
323,324,3,6515.639999999999,5520.08,2357.5200000000004,0.01953125,323,303,BLAa,BLA,16,left,0
324,325,3,6517.74,5521.54,2357.6000000000004,1.16796875,324,303,BLAa,BLA,16,left,0
325,326,3,6519.86,5524.539999999999,2357.6000000000004,1.08203125,325,303,BLAa,BLA,16,left,0
326,327,3,6522.26,5528.22,2356.9399999999987,1.0,326,303,BLAa,BLA,16,left,0
327,328,3,6524.18,5530.16,2357.22,1.0,327,303,BLAa,BLA,16,left,0
328,329,3,6526.040000000001,5533.04,2356.9399999999987,1.16796875,328,303,BLAa,BLA,16,left,0
329,330,3,6527.88,5535.259999999999,2356.42,1.16796875,329,303,BLAa,BLA,16,left,0
330,331,3,6528.46,5538.4400000000005,2355.92,1.08203125,330,303,BLAa,BLA,16,left,0
331,332,3,6481.639999999999,5416.18,2409.460000000001,0.11328125,209,579,ec,ec,17,left,0
332,333,3,6480.299999999999,5411.900000000001,2411.5200000000004,0.75,332,579,ec,ec,17,left,0
333,334,3,6479.6,5405.44,2413.5599999999995,1.0,333,579,ec,ec,17,left,0
334,335,3,6479.6,5402.58,2414.539999999999,0.91796875,334,579,ec,ec,17,left,0
335,336,3,6479.56,5401.56,2417.1000000000004,1.16796875,335,477,STR,STR,17,left,0
336,337,3,6479.56,5401.08,2419.3,1.0,336,477,STR,STR,17,left,0
337,338,3,6479.539999999999,5400.460000000001,2421.2800000000007,0.91796875,337,477,STR,STR,17,left,0
338,339,3,6479.400000000001,5398.56,2423.22,1.0,338,477,STR,STR,17,left,0
339,340,3,6478.68,5396.78,2425.3,0.91796875,339,477,STR,STR,17,left,0
340,341,3,6478.18,5394.56,2426.98,0.91796875,340,477,STR,STR,17,left,0
341,342,3,6477.06,5392.960000000001,2428.619999999999,1.33203125,341,477,STR,STR,17,left,0
342,343,3,6475.98,5391.280000000001,2431.82,1.0,342,477,STR,STR,17,left,0
343,344,3,6475.860000000001,5389.679999999999,2434.040000000001,0.5,343,477,STR,STR,17,left,0
344,345,3,6474.64,5386.34,2435.7000000000007,0.58203125,344,477,STR,STR,17,left,0
345,346,3,6473.06,5384.42,2436.1399999999994,1.0,345,477,STR,STR,17,left,0
346,347,3,6472.94,5381.799999999999,2437.74,0.07421875,346,477,STR,STR,17,left,0
347,348,3,6472.72,5377.759999999999,2439.120000000001,1.0,347,477,STR,STR,17,left,0
348,349,3,6471.3,5374.8,2440.4,0.91796875,348,477,STR,STR,17,left,0
349,350,3,6469.880000000001,5372.34,2443.2000000000007,1.0,349,477,STR,STR,17,left,0
350,351,3,6469.22,5371.660000000001,2444.8,1.0,350,477,STR,STR,17,left,0
351,352,3,6468.360000000001,5369.06,2446.66,0.91796875,351,477,STR,STR,17,left,0
352,353,3,6467.86,5366.3,2448.4400000000005,0.91796875,352,477,STR,STR,17,left,0
353,354,3,6467.74,5364.82,2451.0,0.91796875,353,477,STR,STR,17,left,0
354,355,3,6466.82,5363.9800000000005,2452.82,1.0,354,477,STR,STR,17,left,0
355,356,3,6465.299999999999,5362.619999999999,2454.82,0.91796875,355,477,STR,STR,17,left,0
356,357,3,6465.08,5361.4,2456.08,1.08203125,356,477,STR,STR,17,left,0
357,358,3,6465.02,5360.54,2458.48,1.0,357,477,STR,STR,17,left,0
358,359,3,6464.6,5359.539999999999,2460.1800000000003,1.25,358,477,STR,STR,17,left,0
359,360,3,6464.84,5358.719999999999,2463.0999999999985,1.0,359,477,STR,STR,17,left,0
360,361,3,6464.92,5358.62,2465.5600000000013,0.91796875,360,477,STR,STR,17,left,0
361,362,3,6464.46,5358.16,2466.960000000001,1.0,361,477,STR,STR,17,left,0
362,363,3,6464.400000000001,5357.12,2468.82,0.75,362,477,STR,STR,17,left,0
363,364,3,6464.8,5356.219999999999,2471.8600000000006,1.16796875,363,477,STR,STR,17,left,0
364,365,3,6464.78,5355.34,2473.5599999999995,0.91796875,364,477,STR,STR,17,left,0
365,366,3,6463.06,5353.18,2475.74,0.91796875,365,477,STR,STR,17,left,0
366,367,3,6462.42,5351.5,2476.8,0.5,366,477,STR,STR,17,left,0
367,368,3,6461.12,5350.119999999999,2477.58,1.0,367,477,STR,STR,17,left,0
368,369,3,6459.46,5347.4,2478.74,0.83203125,368,477,STR,STR,17,left,0
369,370,3,6458.32,5345.16,2479.6800000000003,0.91796875,369,477,STR,STR,17,left,0
370,371,3,6458.3,5342.08,2480.6399999999994,1.41796875,370,672,CP,CP,17,left,0
371,372,3,6457.759999999999,5340.639999999999,2482.26,1.25,371,672,CP,CP,17,left,0
372,373,3,6456.52,5338.719999999999,2484.640000000001,1.16796875,372,672,CP,CP,17,left,0
373,374,3,6456.16,5337.28,2486.6000000000004,0.91796875,373,672,CP,CP,17,left,0
374,375,3,6455.44,5336.14,2487.880000000001,1.0,374,672,CP,CP,17,left,0
375,376,3,6455.72,5335.22,2489.5200000000004,0.11328125,375,672,CP,CP,17,left,0
376,377,3,6456.54,5333.84,2490.92,1.0,376,672,CP,CP,17,left,0
377,378,3,6458.22,5333.76,2491.1800000000003,1.0,377,672,CP,CP,17,left,0
378,379,3,6459.700000000001,5334.04,2491.720000000001,0.91796875,378,672,CP,CP,17,left,0
379,380,3,6460.74,5333.66,2493.08,1.0,379,672,CP,CP,17,left,0
380,381,3,6461.34,5332.820000000001,2495.0,1.08203125,380,672,CP,CP,17,left,0
381,382,3,6461.54,5332.5,2496.58,1.33203125,381,672,CP,CP,17,left,0
382,383,3,6462.780000000001,5332.06,2497.3,0.83203125,382,672,CP,CP,17,left,0
383,384,3,6464.400000000001,5331.98,2498.0600000000013,0.5,383,672,CP,CP,17,left,0
384,385,3,6465.66,5332.039999999999,2499.640000000001,0.83203125,384,672,CP,CP,17,left,0
385,386,3,6466.92,5332.58,2500.6399999999994,1.25,385,672,CP,CP,17,left,0
386,387,3,6467.46,5332.7,2502.279999999999,0.91796875,386,672,CP,CP,17,left,0
387,388,3,6468.24,5332.960000000001,2503.7800000000007,1.25,387,672,CP,CP,17,left,0
388,389,3,6468.6,5332.54,2505.6399999999994,0.83203125,388,672,CP,CP,17,left,0
389,390,3,6469.2,5330.839999999999,2507.5,1.16796875,389,672,CP,CP,17,left,0
390,391,3,6469.62,5329.18,2508.92,0.66796875,390,672,CP,CP,17,left,0
391,392,3,6469.5,5327.32,2510.16,1.5,391,672,CP,CP,17,left,0
392,393,3,6469.84,5325.98,2511.879999999999,1.16796875,392,672,CP,CP,17,left,0
393,394,3,6469.78,5324.719999999999,2512.7000000000007,0.91796875,393,672,CP,CP,17,left,0
394,395,3,6468.9400000000005,5324.120000000001,2513.0,0.5,394,672,CP,CP,17,left,0
395,396,3,6468.84,5322.960000000001,2513.84,1.41796875,395,672,CP,CP,17,left,0
396,397,3,6469.400000000001,5321.38,2514.1800000000003,0.91796875,396,672,CP,CP,17,left,0
397,398,3,6469.66,5320.700000000001,2515.08,2.41796875,397,672,CP,CP,17,left,1
398,399,3,6482.56,5417.9,2410.92,0.02734375,209,579,ec,ec,18,left,0
399,400,3,6484.48,5419.139999999999,2412.0,1.0,399,579,ec,ec,18,left,0
400,401,3,6485.56,5419.96,2413.26,0.58203125,400,579,ec,ec,18,left,0
401,402,3,6485.52,5421.26,2414.3600000000006,1.0,401,579,ec,ec,18,left,0
402,403,3,6486.38,5423.82,2415.4400000000005,0.5,402,579,ec,ec,18,left,0
403,404,3,6488.099999999999,5425.24,2416.0599999999995,1.0,403,579,ec,ec,18,left,0
404,405,3,6489.539999999999,5426.06,2417.540000000001,1.16796875,404,579,ec,ec,18,left,0
405,406,3,6492.26,5428.099999999999,2418.540000000001,1.0,405,579,ec,ec,18,left,0
406,407,3,6493.7,5429.04,2419.539999999999,0.91796875,406,579,ec,ec,18,left,0
407,408,3,6434.099999999999,5419.84,2378.0999999999985,0.07421875,229,579,ec,ec,19,left,0
408,409,3,6431.34,5411.2,2380.32,1.0,408,579,ec,ec,19,left,0
409,410,3,6429.9,5406.639999999999,2381.5,1.0,409,579,ec,ec,19,left,0
410,411,3,6427.84,5401.08,2382.960000000001,1.0,410,579,ec,ec,19,left,0
411,412,3,6425.9400000000005,5397.06,2383.72,0.66796875,411,579,ec,ec,19,left,0
412,413,3,6424.48,5394.160000000001,2383.84,0.5,412,579,ec,ec,19,left,0
413,414,3,6421.860000000001,5390.68,2384.880000000001,0.91796875,413,579,ec,ec,19,left,0
414,415,3,6420.320000000001,5387.5,2385.76,1.0,414,477,STR,STR,19,left,0
415,416,3,6418.780000000001,5384.880000000001,2386.459999999999,0.91796875,415,477,STR,STR,19,left,0
416,417,3,6416.84,5382.4,2387.1800000000003,0.91796875,416,477,STR,STR,19,left,0
417,418,3,6415.599999999999,5380.0,2388.08,1.0,417,477,STR,STR,19,left,0
418,419,3,6413.7,5377.42,2389.5200000000004,0.5,418,477,STR,STR,19,left,0
419,420,3,6411.92,5374.92,2390.58,0.66796875,419,477,STR,STR,19,left,0
420,421,3,6409.880000000001,5373.08,2392.1800000000003,0.83203125,420,477,STR,STR,19,left,0
421,422,3,6408.62,5371.7,2393.34,0.91796875,421,477,STR,STR,19,left,0
422,423,3,6406.98,5369.18,2394.040000000001,1.0,422,477,STR,STR,19,left,0
423,424,3,6405.4,5367.06,2394.5599999999995,1.0,423,477,STR,STR,19,left,0
424,425,3,6403.52,5365.259999999999,2395.0599999999995,1.0,424,477,STR,STR,19,left,0
425,426,3,6402.0,5364.360000000001,2395.380000000001,1.0,425,477,STR,STR,19,left,0
426,427,3,6399.139999999999,5362.84,2395.959999999999,0.02734375,426,477,STR,STR,19,left,0
427,428,3,6397.06,5362.34,2396.24,0.83203125,427,477,STR,STR,19,left,0
428,429,3,6395.4,5362.64,2396.5,0.91796875,428,477,STR,STR,19,left,0
429,430,3,6393.88,5362.200000000001,2397.48,0.83203125,429,477,STR,STR,19,left,0
430,431,3,6391.72,5363.52,2397.720000000001,0.83203125,430,477,STR,STR,19,left,0
431,432,3,6390.08,5365.08,2397.8599999999988,0.75,431,477,STR,STR,19,left,0
432,433,3,6388.12,5364.22,2399.0,0.91796875,432,477,STR,STR,19,left,0
433,434,3,6386.18,5363.6,2399.379999999999,1.0,433,477,STR,STR,19,left,0
434,435,3,6384.42,5364.02,2399.640000000001,0.66796875,434,477,STR,STR,19,left,0
435,436,3,6382.94,5363.56,2400.5200000000004,1.0,435,477,STR,STR,19,left,0
436,437,3,6381.08,5364.099999999999,2400.9400000000005,0.91796875,436,477,STR,STR,19,left,0
437,438,3,6379.299999999999,5364.18,2401.1000000000004,1.0,437,477,STR,STR,19,left,0
438,439,3,6377.5,5365.36,2401.16,1.25,438,477,STR,STR,19,left,0
439,440,3,6375.2,5365.42,2401.98,0.75,439,477,STR,STR,19,left,0
440,441,3,6373.8,5365.700000000001,2402.5599999999995,0.91796875,440,477,STR,STR,19,left,0
441,442,3,6371.24,5365.42,2402.880000000001,1.0,441,477,STR,STR,19,left,0
442,443,3,6368.9,5364.719999999999,2403.2000000000007,0.91796875,442,477,STR,STR,19,left,0
443,444,3,6367.16,5365.14,2403.34,0.75,443,477,STR,STR,19,left,0
444,445,3,6364.9,5366.040000000001,2403.48,0.75,444,477,STR,STR,19,left,0
445,446,3,6362.4800000000005,5366.92,2403.6399999999994,1.08203125,445,477,STR,STR,19,left,0
446,447,3,6359.96,5367.36,2404.0200000000004,0.66796875,446,477,STR,STR,19,left,0
447,448,3,6358.4400000000005,5367.619999999999,2405.26,1.0,447,477,STR,STR,19,left,0
448,449,3,6355.9400000000005,5367.820000000001,2406.92,1.0,448,477,STR,STR,19,left,0
449,450,3,6354.2,5368.28,2407.6800000000003,1.0,449,477,STR,STR,19,left,0
450,451,3,6351.660000000001,5368.139999999999,2407.960000000001,1.0,450,477,STR,STR,19,left,0
451,452,3,6349.539999999999,5367.7,2407.8,1.0,451,477,STR,STR,19,left,0
452,453,3,6348.04,5367.54,2407.34,1.0,452,477,STR,STR,19,left,0
453,454,3,6346.92,5367.3,2407.4400000000005,0.16796875,453,477,STR,STR,19,left,0
454,455,3,6344.62,5366.78,2407.7000000000007,1.0,454,477,STR,STR,19,left,0
455,456,3,6341.620000000001,5366.1,2408.0600000000013,1.0,455,477,STR,STR,19,left,0
456,457,3,6338.6,5365.58,2408.3600000000006,1.0,456,477,STR,STR,19,left,0
457,458,3,6336.620000000001,5365.280000000001,2408.5200000000004,1.0,457,477,STR,STR,19,left,0
458,459,3,6334.9800000000005,5365.639999999999,2408.6399999999994,1.08203125,458,477,STR,STR,19,left,0
459,460,3,6333.32,5366.36,2408.7800000000007,0.83203125,459,477,STR,STR,19,left,0
460,461,3,6331.2,5366.88,2409.640000000001,0.66796875,460,477,STR,STR,19,left,0
461,462,3,6330.14,5366.5,2410.76,1.0,461,477,STR,STR,19,left,0
462,463,3,6328.86,5367.4,2411.4,1.0,462,477,STR,STR,19,left,0
463,464,3,6327.4,5370.02,2411.6399999999994,1.33203125,463,477,STR,STR,19,left,0
464,465,3,6325.18,5371.94,2412.7000000000007,1.0,464,477,STR,STR,19,left,0
465,466,3,6322.84,5373.86,2413.9400000000005,1.0,465,477,STR,STR,19,left,0
466,467,3,6321.7,5375.22,2415.48,0.5,466,477,STR,STR,19,left,0
467,468,3,6320.259999999999,5377.1,2416.5,0.91796875,467,477,STR,STR,19,left,0
468,469,3,6318.48,5377.74,2417.9,1.0,468,477,STR,STR,19,left,0
469,470,3,6316.799999999999,5379.139999999999,2419.26,1.0,469,477,STR,STR,19,left,0
470,471,3,6315.72,5381.040000000001,2419.66,0.75,470,477,STR,STR,19,left,0
471,472,3,6313.28,5382.58,2419.8,1.0,471,477,STR,STR,19,left,0
472,473,3,6311.4400000000005,5384.0,2419.4399999999987,0.91796875,472,477,STR,STR,19,left,0
473,474,3,6310.1,5384.44,2418.880000000001,0.91796875,473,477,STR,STR,19,left,0
474,475,3,6308.540000000001,5385.460000000001,2418.8600000000006,1.0,474,477,STR,STR,19,left,0
475,476,3,6307.039999999999,5385.860000000001,2418.24,1.33203125,475,477,STR,STR,19,left,0
476,477,3,6306.040000000001,5386.24,2417.1000000000004,1.0,476,477,STR,STR,19,left,0
477,478,3,6304.360000000001,5386.92,2416.66,0.58203125,477,477,STR,STR,19,left,0
478,479,3,6302.86,5387.74,2416.5599999999995,0.66796875,478,477,STR,STR,19,left,0
479,480,3,6301.26,5388.139999999999,2415.539999999999,1.0,479,477,STR,STR,19,left,0
480,481,3,6299.9,5388.379999999999,2414.74,0.75,480,477,STR,STR,19,left,0
481,482,3,6298.16,5388.379999999999,2414.5200000000004,0.04296875,481,477,STR,STR,19,left,0
482,483,3,6296.68,5388.52,2413.959999999999,0.66796875,482,477,STR,STR,19,left,0
483,484,3,6296.4800000000005,5388.9400000000005,2412.76,0.5,483,477,STR,STR,19,left,0
484,485,3,6294.539999999999,5389.299999999999,2412.08,1.0,484,477,STR,STR,19,left,0
485,486,3,6292.759999999999,5389.52,2411.7800000000007,1.0,485,477,STR,STR,19,left,0
486,487,3,6291.84,5390.02,2410.92,0.58203125,486,477,STR,STR,19,left,0
487,488,3,6290.4,5391.219999999999,2410.74,0.5,487,477,STR,STR,19,left,0
488,489,3,6288.62,5391.84,2411.380000000001,0.91796875,488,477,STR,STR,19,left,0
489,490,3,6285.76,5395.1,2411.42,1.16796875,489,477,STR,STR,19,left,0
490,491,3,6284.18,5397.16,2411.2800000000007,1.0,490,477,STR,STR,19,left,0
491,492,3,6282.780000000001,5397.820000000001,2412.140000000001,0.83203125,491,477,STR,STR,19,left,0
492,493,3,6281.2,5398.26,2413.7000000000007,0.5,492,477,STR,STR,19,left,0
493,494,3,6278.74,5399.48,2414.9,1.33203125,493,477,STR,STR,19,left,0
494,495,3,6277.34,5400.16,2415.800000000001,0.58203125,494,477,STR,STR,19,left,0
495,496,3,6276.14,5401.02,2417.140000000001,0.75,495,477,STR,STR,19,left,0
496,497,3,6274.700000000001,5402.56,2417.6399999999994,1.0,496,672,CP,CP,19,left,0
497,498,3,6272.72,5404.42,2417.34,1.0,497,672,CP,CP,19,left,0
498,499,3,6270.900000000001,5405.66,2417.0599999999995,1.0,498,477,STR,STR,19,left,0
499,500,3,6269.400000000001,5407.1,2416.84,1.0,499,477,STR,STR,19,left,0
500,501,3,6267.960000000001,5407.6,2416.6399999999994,1.0,500,477,STR,STR,19,left,0
501,502,3,6264.62,5408.42,2416.1399999999994,0.01171875,501,672,CP,CP,19,left,0
502,503,3,6263.099999999999,5409.04,2415.879999999999,1.0,502,672,CP,CP,19,left,0
503,504,3,6262.219999999999,5410.56,2416.540000000001,1.91796875,503,672,CP,CP,19,left,0
504,505,3,6261.76,5412.0,2417.9,1.25,504,672,CP,CP,19,left,0
505,506,3,6261.12,5413.46,2420.4400000000005,1.5,505,672,CP,CP,19,left,0
506,507,3,6260.66,5414.9400000000005,2421.7800000000007,1.0,506,672,CP,CP,19,left,0
507,508,3,6259.76,5416.660000000001,2422.66,0.75,507,477,STR,STR,19,left,0
508,509,3,6258.08,5417.58,2423.1800000000003,0.5,508,477,STR,STR,19,left,0
509,510,3,6256.599999999999,5418.84,2423.16,1.0,509,477,STR,STR,19,left,0
510,511,3,6255.320000000001,5420.299999999999,2423.82,1.16796875,510,477,STR,STR,19,left,0
511,512,3,6253.76,5422.54,2423.6399999999994,1.0,511,672,CP,CP,19,left,0
512,513,3,6252.4800000000005,5426.040000000001,2423.24,1.0,512,477,STR,STR,19,left,0
513,514,3,6251.78,5431.02,2422.82,1.0,513,477,STR,STR,19,left,0
514,515,3,6251.040000000001,5436.38,2422.380000000001,1.33203125,514,477,STR,STR,19,left,0
515,516,3,6250.44,5440.76,2422.0,1.0,515,477,STR,STR,19,left,0
516,517,3,6250.08,5443.780000000001,2421.699999999999,1.0,516,477,STR,STR,19,left,1
517,518,3,6434.880000000001,5428.22,2376.2000000000007,0.07421875,229,579,ec,ec,20,left,0
518,519,3,6432.54,5428.9,2376.540000000001,0.66796875,518,579,ec,ec,20,left,0
519,520,3,6431.06,5428.4400000000005,2377.74,1.33203125,519,579,ec,ec,20,left,0
520,521,3,6429.9800000000005,5431.02,2377.5599999999995,1.0,520,579,ec,ec,20,left,0
521,522,3,6428.46,5435.68,2376.7800000000007,1.0,521,131,LA,LA,20,left,0
522,523,3,6426.68,5437.780000000001,2376.7800000000007,0.66796875,522,131,LA,LA,20,left,0
523,524,3,6425.58,5439.539999999999,2377.34,1.33203125,523,131,LA,LA,20,left,0
524,525,3,6424.38,5441.280000000001,2377.4,1.0,524,131,LA,LA,20,left,0
525,526,3,6423.92,5441.96,2378.4400000000005,0.08203125,525,131,LA,LA,20,left,0
526,527,3,6422.14,5440.839999999999,2379.8600000000006,0.83203125,526,131,LA,LA,20,left,0
527,528,3,6420.16,5439.360000000001,2380.74,1.0,527,131,LA,LA,20,left,0
528,529,3,6417.960000000001,5440.0,2380.92,1.0,528,131,LA,LA,20,left,0
529,530,3,6415.879999999999,5440.259999999999,2381.16,1.08203125,529,131,LA,LA,20,left,0
530,531,3,6414.24,5441.4400000000005,2381.1399999999994,0.91796875,530,131,LA,LA,20,left,0
531,532,3,6413.28,5443.9400000000005,2380.76,0.91796875,531,131,LA,LA,20,left,0
532,533,3,6411.639999999999,5445.1,2380.74,1.25,532,131,LA,LA,20,left,0
533,534,3,6410.259999999999,5447.66,2380.4,1.16796875,533,131,LA,LA,20,left,0
534,535,3,6409.22,5453.02,2379.220000000001,0.83203125,534,131,LA,LA,20,left,0
535,536,3,6458.9400000000005,5430.24,2368.0600000000013,0.0546875,244,131,LA,LA,21,left,0
536,537,3,6458.139999999999,5429.6,2366.7800000000007,1.0,536,131,LA,LA,21,left,0
537,538,3,6456.82,5428.62,2366.6000000000004,1.0,537,131,LA,LA,21,left,0
538,539,3,6454.9400000000005,5424.78,2367.16,1.5,538,131,LA,LA,21,left,0
539,540,3,6454.120000000001,5420.9400000000005,2367.24,0.66796875,539,131,LA,LA,21,left,0
540,541,3,6453.26,5417.4400000000005,2366.960000000001,0.91796875,540,131,LA,LA,21,left,0
541,542,3,6452.0,5415.320000000001,2366.82,1.08203125,541,131,LA,LA,21,left,0
542,543,3,6450.700000000001,5411.4800000000005,2367.42,1.25,542,579,ec,ec,21,left,0
543,544,3,6449.880000000001,5408.379999999999,2367.0,1.75,543,579,ec,ec,21,left,0
544,545,3,6449.740000000001,5404.9800000000005,2365.74,1.25,544,579,ec,ec,21,left,0
545,546,3,6449.099999999999,5403.74,2365.220000000001,1.0,545,579,ec,ec,21,left,0
546,547,3,6446.599999999999,5399.740000000001,2366.26,0.02734375,546,579,ec,ec,21,left,0
547,548,3,6445.74,5398.02,2365.9400000000005,1.08203125,547,579,ec,ec,21,left,0
548,549,3,6445.259999999999,5395.16,2366.42,0.5,548,579,ec,ec,21,left,0
549,550,3,6443.16,5392.380000000001,2367.3600000000006,0.91796875,549,579,ec,ec,21,left,0
550,551,3,6441.02,5388.68,2367.880000000001,1.08203125,550,579,ec,ec,21,left,0
551,552,3,6440.860000000001,5387.36,2366.4400000000005,1.0,551,579,ec,ec,21,left,0
552,553,3,6440.1,5385.24,2366.0,1.0,552,579,ec,ec,21,left,0
553,554,3,6438.4400000000005,5383.4400000000005,2366.119999999999,0.83203125,553,579,ec,ec,21,left,0
554,555,3,6437.68,5382.08,2364.82,0.83203125,554,131,LA,LA,21,left,0
555,556,3,6436.72,5382.219999999999,2362.4400000000005,1.16796875,555,131,LA,LA,21,left,0
556,557,3,6435.82,5382.12,2361.24,1.0,556,131,LA,LA,21,left,0
557,558,3,6435.54,5384.44,2358.6000000000004,1.25,557,131,LA,LA,21,left,0
558,559,3,6435.52,5388.18,2356.6399999999994,1.0,558,131,LA,LA,21,left,0
559,560,3,6435.74,5391.96,2353.0,1.0,559,131,LA,LA,21,left,0
560,561,3,6435.92,5394.48,2350.24,1.08203125,560,131,LA,LA,21,left,0
561,562,3,6436.219999999999,5397.14,2346.6000000000004,1.0,561,131,LA,LA,21,left,0
562,563,3,6436.620000000001,5399.34,2342.5,1.41796875,562,131,LA,LA,21,left,0
563,564,3,6437.08,5401.06,2339.6800000000003,1.0,563,131,LA,LA,21,left,0
564,565,3,6438.06,5402.32,2338.4400000000005,1.0,564,131,LA,LA,21,left,0
565,566,3,6437.66,5402.58,2337.380000000001,0.16796875,565,131,LA,LA,21,left,0
566,567,3,6435.4,5400.900000000001,2337.9400000000005,2.08203125,566,131,LA,LA,21,left,0
567,568,3,6432.92,5399.120000000001,2338.74,1.0,567,131,LA,LA,21,left,0
568,569,3,6431.12,5399.96,2338.8,1.0,568,131,LA,LA,21,left,0
569,570,3,6429.64,5402.28,2338.0999999999985,1.0,569,131,LA,LA,21,left,0
570,571,3,6428.76,5403.16,2337.22,0.91796875,570,131,LA,LA,21,left,1
571,572,3,6459.160000000001,5430.62,2368.1399999999994,0.08203125,244,131,LA,LA,22,left,0
572,573,3,6458.360000000001,5427.08,2368.24,2.5,572,131,LA,LA,22,left,0
573,574,3,6458.32,5421.7,2368.82,1.08203125,573,131,LA,LA,22,left,0
574,575,3,6458.42,5418.56,2368.619999999999,0.91796875,574,131,LA,LA,22,left,0
575,576,3,6457.780000000001,5413.0,2369.640000000001,0.91796875,575,579,ec,ec,22,left,0
576,577,3,6456.74,5408.16,2370.0,0.83203125,576,579,ec,ec,22,left,0
577,578,3,6455.34,5404.52,2370.82,1.0,577,579,ec,ec,22,left,0
578,579,3,6454.32,5400.44,2371.8600000000006,0.08203125,578,579,ec,ec,22,left,0
579,580,3,6454.18,5396.26,2371.66,0.75,579,579,ec,ec,22,left,0
580,581,3,6453.84,5392.799999999999,2371.119999999999,1.0,580,579,ec,ec,22,left,0
581,582,3,6453.32,5389.82,2371.040000000001,0.58203125,581,579,ec,ec,22,left,0
582,583,3,6452.039999999999,5384.58,2372.0200000000004,1.16796875,582,579,ec,ec,22,left,0
583,584,3,6450.280000000001,5380.4,2373.1800000000003,1.0,583,579,ec,ec,22,left,0
584,585,3,6448.26,5376.82,2374.8600000000006,1.41796875,584,579,ec,ec,22,left,0
585,586,3,6446.72,5373.12,2376.4400000000005,0.58203125,585,477,STR,STR,22,left,0
586,587,3,6445.320000000001,5370.44,2378.0,0.91796875,586,477,STR,STR,22,left,0
587,588,3,6443.56,5368.56,2379.16,0.58203125,587,477,STR,STR,22,left,0
588,589,3,6443.360000000001,5366.24,2380.1800000000003,1.0,588,477,STR,STR,22,left,0
589,590,3,6442.219999999999,5367.3,2380.34,0.11328125,589,477,STR,STR,22,left,0
590,591,3,6440.5,5365.96,2381.5,1.0,590,477,STR,STR,22,left,0
591,592,3,6438.3,5364.18,2382.540000000001,0.75,591,477,STR,STR,22,left,0
592,593,3,6436.56,5361.78,2383.16,1.0,592,477,STR,STR,22,left,0
593,594,3,6434.66,5358.4400000000005,2384.34,0.5,593,477,STR,STR,22,left,0
594,595,3,6433.0,5356.68,2385.5200000000004,0.91796875,594,477,STR,STR,22,left,0
595,596,3,6431.08,5354.42,2386.119999999999,1.0,595,477,STR,STR,22,left,0
596,597,3,6429.679999999999,5352.0,2386.74,1.0,596,477,STR,STR,22,left,0
597,598,3,6427.6,5349.92,2388.1800000000003,0.66796875,597,477,STR,STR,22,left,0
598,599,3,6426.14,5348.22,2388.7000000000007,1.0,598,477,STR,STR,22,left,0
599,600,3,6424.880000000001,5346.280000000001,2389.880000000001,0.75,599,477,STR,STR,22,left,0
600,601,3,6423.959999999999,5344.34,2390.9400000000005,0.75,600,672,CP,CP,22,left,0
601,602,3,6422.74,5341.639999999999,2391.84,1.0,601,672,CP,CP,22,left,0
602,603,3,6421.38,5339.92,2392.84,0.5,602,672,CP,CP,22,left,0
603,604,3,6419.719999999999,5338.16,2394.040000000001,0.66796875,603,672,CP,CP,22,left,0
604,605,3,6418.24,5336.219999999999,2394.5,1.0,604,672,CP,CP,22,left,0
605,606,3,6416.82,5333.959999999999,2394.6800000000003,0.75,605,672,CP,CP,22,left,0
606,607,3,6416.06,5332.6,2394.76,0.91796875,606,672,CP,CP,22,left,0
607,608,3,6414.66,5331.54,2394.880000000001,0.1015625,607,672,CP,CP,22,left,0
608,609,3,6413.22,5329.9,2394.98,1.25,608,672,CP,CP,22,left,0
609,610,3,6412.06,5328.8,2394.959999999999,1.0,609,672,CP,CP,22,left,0
610,611,3,6411.26,5327.619999999999,2394.92,0.58203125,610,672,CP,CP,22,left,0
611,612,3,6410.78,5325.8,2394.82,0.5,611,672,CP,CP,22,left,0
612,613,3,6410.2,5324.139999999999,2394.72,1.0,612,672,CP,CP,22,left,0
613,614,3,6409.38,5323.0,2394.76,1.0,613,672,CP,CP,22,left,0
614,615,3,6408.04,5322.54,2395.539999999999,0.75,614,672,CP,CP,22,left,0
615,616,3,6406.3,5321.94,2396.699999999999,0.91796875,615,672,CP,CP,22,left,0
616,617,3,6405.24,5321.36,2398.8600000000006,1.0,616,672,CP,CP,22,left,0
617,618,3,6403.86,5321.26,2400.0200000000004,1.16796875,617,672,CP,CP,22,left,0
618,619,3,6401.88,5321.2,2401.08,0.91796875,618,672,CP,CP,22,left,0
619,620,3,6400.38,5320.74,2402.32,0.66796875,619,672,CP,CP,22,left,0
620,621,3,6398.76,5320.900000000001,2402.84,1.0,620,672,CP,CP,22,left,0
621,622,3,6397.219999999999,5320.78,2403.98,1.0,621,672,CP,CP,22,left,0
622,623,3,6395.44,5320.42,2405.040000000001,0.75,622,672,CP,CP,22,left,0
623,624,3,6394.26,5320.82,2405.1399999999994,1.08203125,623,672,CP,CP,22,left,0
624,625,3,6392.219999999999,5320.56,2405.220000000001,1.08203125,624,672,CP,CP,22,left,0
625,626,3,6390.460000000001,5320.2,2405.2800000000007,1.0,625,672,CP,CP,22,left,0
626,627,3,6389.740000000001,5319.120000000001,2405.2000000000007,0.11328125,626,672,CP,CP,22,left,0
627,628,3,6388.52,5318.18,2405.16,0.75,627,672,CP,CP,22,left,0
628,629,3,6386.72,5317.179999999999,2405.040000000001,1.0,628,672,CP,CP,22,left,0
629,630,3,6385.42,5316.16,2404.9,1.0,629,672,CP,CP,22,left,0
630,631,3,6384.18,5315.18,2404.74,1.0,630,672,CP,CP,22,left,0
631,632,3,6382.780000000001,5314.08,2404.58,0.91796875,631,672,CP,CP,22,left,0
632,633,3,6381.4400000000005,5312.98,2404.400000000001,0.91796875,632,672,CP,CP,22,left,0
633,634,3,6380.72,5311.900000000001,2404.220000000001,1.0,633,672,CP,CP,22,left,0
634,635,3,6381.0,5310.66,2403.98,1.0,634,672,CP,CP,22,left,1
1602,1603,3,6474.299999999999,5575.56,2362.140000000001,0.02734375,279,303,BLAa,BLA,27,left,0
1603,1604,3,6475.839999999999,5578.64,2360.9400000000005,0.91796875,1603,303,BLAa,BLA,27,left,0
1604,1605,3,6476.5,5582.36,2359.0,0.83203125,1604,303,BLAa,BLA,27,left,0
1605,1606,3,6477.08,5589.04,2357.380000000001,1.16796875,1605,303,BLAa,BLA,27,left,0
1606,1607,3,6476.94,5592.960000000001,2356.879999999999,1.0,1606,303,BLAa,BLA,27,left,0
1607,1608,3,6477.200000000001,5595.96,2355.84,1.5,1607,303,BLAa,BLA,27,left,0
1608,1609,3,6479.06,5598.12,2354.6800000000003,1.16796875,1608,303,BLAa,BLA,27,left,0
1609,1610,3,6480.48,5602.46,2353.0999999999985,0.66796875,1609,303,BLAa,BLA,27,left,0
1610,1611,3,6481.12,5604.880000000001,2351.34,1.16796875,1610,303,BLAa,BLA,27,left,0
1611,1612,3,6481.34,5608.84,2350.2800000000007,1.0,1611,303,BLAa,BLA,27,left,0
1612,1613,3,6482.02,5612.32,2349.76,0.83203125,1612,303,BLAa,BLA,27,left,0
1613,1614,3,6482.0,5615.68,2349.32,1.0,1613,303,BLAa,BLA,27,left,0
1614,1615,3,6482.46,5618.56,2348.9,0.5,1614,303,BLAa,BLA,27,left,0
1615,1616,3,6483.74,5620.8,2348.48,1.0,1615,303,BLAa,BLA,27,left,0
1616,1617,3,6483.9800000000005,5624.06,2348.1800000000003,1.0,1616,303,BLAa,BLA,27,left,0
1617,1618,3,6483.9,5625.58,2349.16,1.0,1617,303,BLAa,BLA,27,left,0
1618,1619,3,6471.58,5570.460000000001,2363.84,0.02734375,279,303,BLAa,BLA,28,left,0
1619,1620,3,6469.700000000001,5572.619999999999,2364.400000000001,0.66796875,1619,303,BLAa,BLA,28,left,0
1620,1621,3,6468.08,5572.179999999999,2365.2000000000007,1.0,1620,303,BLAa,BLA,28,left,0
1621,1622,3,6466.12,5572.06,2366.16,0.58203125,1621,303,BLAa,BLA,28,left,0
1622,1623,3,6463.42,5571.78,2366.48,1.0,1622,303,BLAa,BLA,28,left,0
1623,1624,3,6461.72,5572.1,2366.620000000001,1.0,1623,303,BLAa,BLA,28,left,0
1624,1625,3,6460.1,5572.72,2366.720000000001,1.0,1624,303,BLAa,BLA,28,left,0
1625,1626,3,6457.58,5571.38,2367.1800000000003,1.0,1625,303,BLAa,BLA,28,left,0
1626,1627,3,6455.42,5570.66,2367.5200000000004,0.75,1626,303,BLAa,BLA,28,left,0
1627,1628,3,6453.28,5573.099999999999,2367.42,1.0,1627,303,BLAa,BLA,28,left,0
1628,1629,3,6451.0,5574.28,2368.48,0.91796875,1628,303,BLAa,BLA,28,left,0
1629,1630,3,6449.66,5574.5,2369.7000000000007,1.0,1629,303,BLAa,BLA,28,left,0
1630,1631,3,6447.86,5575.4,2370.32,1.0,1630,303,BLAa,BLA,28,left,0
1631,1632,3,6445.62,5575.839999999999,2370.72,1.0,1631,303,BLAa,BLA,28,left,0
1632,1633,3,6444.740000000001,5576.219999999999,2371.6399999999994,1.58203125,1632,303,BLAa,BLA,28,left,0
1633,1634,3,6443.200000000001,5578.12,2371.82,1.0,1633,303,BLAa,BLA,28,left,0
1634,1635,3,6441.08,5580.1,2372.76,0.83203125,1634,303,BLAa,BLA,28,left,0
1635,1636,3,6440.2,5582.619999999999,2372.98,1.33203125,1635,303,BLAa,BLA,28,left,0
1636,1637,3,6440.0,5584.2,2373.959999999999,1.0,1636,303,BLAa,BLA,28,left,0
1637,1638,3,6438.5,5584.62,2374.08,0.08203125,1637,303,BLAa,BLA,28,left,0
1638,1639,3,6435.42,5586.1,2374.379999999999,0.83203125,1638,303,BLAa,BLA,28,left,0
1639,1640,3,6433.52,5586.72,2375.3,1.0,1639,303,BLAa,BLA,28,left,0
1640,1641,3,6431.660000000001,5588.22,2375.66,1.0,1640,303,BLAa,BLA,28,left,0
1641,1642,3,6430.1,5589.86,2375.72,0.66796875,1641,303,BLAa,BLA,28,left,0
1642,1643,3,6428.959999999999,5590.66,2376.6000000000004,0.91796875,1642,303,BLAa,BLA,28,left,0
1643,1644,3,6426.660000000001,5590.38,2377.9400000000005,0.91796875,1643,303,BLAa,BLA,28,left,0
1644,1645,3,6424.92,5590.900000000001,2379.08,0.83203125,1644,303,BLAa,BLA,28,left,0
1645,1646,3,6423.200000000001,5593.92,2380.380000000001,1.0,1645,303,BLAa,BLA,28,left,0
1646,1647,3,6422.039999999999,5596.02,2380.82,1.0,1646,303,BLAa,BLA,28,left,0
1647,1648,3,6419.9800000000005,5596.3,2381.5200000000004,1.25,1647,303,BLAa,BLA,28,left,0
1648,1649,3,6418.400000000001,5597.84,2382.4400000000005,0.91796875,1648,303,BLAa,BLA,28,left,0
1649,1650,3,6416.78,5598.46,2383.379999999999,0.75,1649,303,BLAa,BLA,28,left,0
1650,1651,3,6415.9400000000005,5601.24,2383.98,1.58203125,1650,303,BLAa,BLA,28,left,0
1651,1652,3,6415.879999999999,5604.28,2384.7000000000007,1.25,1651,303,BLAa,BLA,28,left,0
1652,1653,3,6415.639999999999,5608.9,2385.84,1.0,1652,303,BLAa,BLA,28,left,0
1653,1654,3,6414.880000000001,5610.900000000001,2387.0,0.58203125,1653,303,BLAa,BLA,28,left,0
1654,1655,3,6414.52,5613.68,2388.48,1.66796875,1654,303,BLAa,BLA,28,left,0
1655,1656,3,6414.46,5617.68,2389.220000000001,1.08203125,1655,303,BLAa,BLA,28,left,0
1656,1657,3,6414.2,5621.16,2389.1800000000003,1.08203125,1656,303,BLAa,BLA,28,left,0
1657,1658,3,6413.22,5621.900000000001,2389.199999999999,1.25,1657,303,BLAa,BLA,28,left,0
1658,1659,3,6413.16,5624.52,2390.2000000000007,0.08984375,1658,303,BLAa,BLA,28,left,0
1659,1660,3,6413.08,5627.92,2390.66,0.91796875,1659,303,BLAa,BLA,28,left,0
1660,1661,3,6412.94,5633.0,2390.620000000001,1.58203125,1660,303,BLAa,BLA,28,left,0
1661,1662,3,6412.84,5636.96,2390.1800000000003,1.0,1661,303,BLAa,BLA,28,left,0
1662,1663,3,6412.780000000001,5639.76,2390.5,1.91796875,1662,303,BLAa,BLA,28,left,0
1663,1664,3,6412.74,5642.58,2391.76,1.16796875,1663,303,BLAa,BLA,28,left,0
1664,1665,3,6412.68,5645.82,2392.66,1.0,1664,303,BLAa,BLA,28,left,0
1665,1666,3,6412.6,5650.0,2393.9400000000005,1.0,1665,303,BLAa,BLA,28,left,0
1666,1667,3,6412.56,5652.12,2395.4,1.0,1666,303,BLAa,BLA,28,left,0
1667,1668,3,6412.58,5653.04,2397.0599999999995,0.5,1667,303,BLAa,BLA,28,left,0
1668,1669,3,6412.4800000000005,5656.18,2397.380000000001,1.0,1668,303,BLAa,BLA,28,left,0
1669,1670,3,6412.36,5659.76,2397.0,1.0,1669,303,BLAa,BLA,28,left,1
1670,1671,3,6472.4800000000005,5524.04,2350.779999999999,0.11328125,288,303,BLAa,BLA,29,left,0
1671,1672,3,6470.78,5523.099999999999,2351.9399999999987,1.0,1671,303,BLAa,BLA,29,left,0
1672,1673,3,6469.62,5525.96,2351.76,1.0,1672,303,BLAa,BLA,29,left,0
1673,1674,3,6469.46,5532.02,2350.84,1.0,1673,303,BLAa,BLA,29,left,0
1674,1675,3,6469.34,5537.34,2350.0200000000004,1.25,1674,303,BLAa,BLA,29,left,0
1675,1676,3,6469.139999999999,5541.58,2349.400000000001,0.91796875,1675,303,BLAa,BLA,29,left,0
1676,1677,3,6468.360000000001,5544.299999999999,2349.0599999999995,0.5,1676,303,BLAa,BLA,29,left,0
1677,1678,3,6467.66,5549.360000000001,2348.34,1.0,1677,303,BLAa,BLA,29,left,0
1678,1679,3,6466.459999999999,5552.1,2348.0600000000013,1.0,1678,303,BLAa,BLA,29,left,0
1679,1680,3,6465.16,5558.9800000000005,2347.24,0.91796875,1679,303,BLAa,BLA,29,left,0
1680,1681,3,6465.02,5562.759999999999,2347.42,0.5,1680,303,BLAa,BLA,29,left,0
1681,1682,3,6464.84,5567.88,2347.22,1.0,1681,303,BLAa,BLA,29,left,0
1682,1683,3,6464.719999999999,5571.94,2346.6399999999994,1.0,1682,303,BLAa,BLA,29,left,0
1683,1684,3,6464.6,5575.72,2345.879999999999,0.83203125,1683,303,BLAa,BLA,29,left,0
1684,1685,3,6464.5,5579.32,2344.0599999999995,0.91796875,1684,303,BLAa,BLA,29,left,0
1685,1686,3,6464.0,5585.700000000001,2341.32,0.5,1685,303,BLAa,BLA,29,left,0
1686,1687,3,6463.200000000001,5587.3,2340.620000000001,1.0,1686,303,BLAa,BLA,29,left,0
1687,1688,3,6462.5,5592.9,2338.880000000001,0.01953125,1687,303,BLAa,BLA,29,left,0
1688,1689,3,6461.06,5596.280000000001,2338.22,0.58203125,1688,303,BLAa,BLA,29,left,0
1689,1690,3,6459.34,5599.24,2337.6800000000003,1.08203125,1689,303,BLAa,BLA,29,left,0
1690,1691,3,6458.66,5602.380000000001,2335.82,1.0,1690,303,BLAa,BLA,29,left,0
1691,1692,3,6456.76,5604.8,2334.82,1.0,1691,303,BLAa,BLA,29,left,0
1692,1693,3,6456.219999999999,5607.94,2334.42,1.0,1692,303,BLAa,BLA,29,left,0
1693,1694,3,6455.0,5610.900000000001,2334.1399999999994,1.0,1693,303,BLAa,BLA,29,left,0
1694,1695,3,6453.200000000001,5611.3,2334.2800000000007,0.75,1694,303,BLAa,BLA,29,left,0
1695,1696,3,6473.88,5525.18,2349.72,0.16796875,288,303,BLAa,BLA,30,left,0
1696,1697,3,6474.539999999999,5527.74,2347.34,0.75,1696,303,BLAa,BLA,30,left,0
1697,1698,3,6474.679999999999,5530.16,2343.82,1.25,1697,303,BLAa,BLA,30,left,0
1698,1699,3,6474.96,5531.219999999999,2341.0200000000004,1.0,1698,303,BLAa,BLA,30,left,0
1699,1700,3,6476.02,5532.74,2338.379999999999,1.0,1699,303,BLAa,BLA,30,left,0
1700,1701,3,6478.08,5535.02,2335.82,0.58203125,1700,303,BLAa,BLA,30,left,0
1701,1702,3,6478.76,5537.42,2334.0599999999995,0.66796875,1701,303,BLAa,BLA,30,left,0
1702,1703,3,6480.06,5541.280000000001,2331.34,0.91796875,1702,303,BLAa,BLA,30,left,0
1703,1704,3,6481.54,5545.5,2328.32,1.0,1703,303,BLAa,BLA,30,left,0
1704,1705,3,6482.42,5548.7,2326.08,1.16796875,1704,303,BLAa,BLA,30,left,0
1705,1706,3,6482.98,5552.52,2324.120000000001,0.66796875,1705,303,BLAa,BLA,30,left,0
1706,1707,3,6483.099999999999,5557.74,2322.119999999999,0.83203125,1706,303,BLAa,BLA,30,left,0
1707,1708,3,6483.9,5562.02,2319.539999999999,1.25,1707,303,BLAa,BLA,30,left,0
1708,1709,3,6484.700000000001,5564.24,2317.84,1.0,1708,303,BLAa,BLA,30,left,0
1709,1710,3,6485.839999999999,5566.96,2315.08,0.0546875,1709,303,BLAa,BLA,30,left,0
1710,1711,3,6486.06,5570.860000000001,2311.040000000001,1.0,1710,303,BLAa,BLA,30,left,0
1711,1712,3,6486.0,5573.360000000001,2308.22,1.08203125,1711,303,BLAa,BLA,30,left,0
1712,1713,3,6485.639999999999,5573.9400000000005,2306.1000000000004,1.0,1712,303,BLAa,BLA,30,left,0
1713,1714,3,6483.88,5573.360000000001,2304.5200000000004,1.0,1713,303,BLAa,BLA,30,left,0
1714,1715,3,6482.7,5573.18,2302.7000000000007,1.0,1714,303,BLAa,BLA,30,left,0
1715,1716,3,6480.879999999999,5572.66,2302.039999999999,0.5,1715,303,BLAa,BLA,30,left,0
1716,1717,3,6480.16,5574.9400000000005,2300.879999999999,0.83203125,1716,303,BLAa,BLA,30,left,0
1717,1718,3,6480.0,5578.52,2298.9400000000005,0.75,1717,303,BLAa,BLA,30,left,0
1718,1719,3,6479.82,5582.66,2295.6800000000003,0.5,1718,303,BLAa,BLA,30,left,0
1719,1720,3,6479.64,5586.14,2293.5200000000004,1.0,1719,303,BLAa,BLA,30,left,0
1720,1721,3,6480.42,5589.24,2291.540000000001,0.75,1720,303,BLAa,BLA,30,left,0
1721,1722,3,6482.28,5593.3,2289.66,1.33203125,1721,303,BLAa,BLA,30,left,0
1722,1723,3,6483.62,5595.06,2287.6399999999994,1.0,1722,303,BLAa,BLA,30,left,0
1723,1724,3,6484.58,5597.58,2286.58,0.11328125,1723,303,BLAa,BLA,30,left,0
1724,1725,3,6486.68,5599.92,2284.4399999999987,0.5,1724,303,BLAa,BLA,30,left,0
1725,1726,3,6487.94,5602.240000000001,2282.74,0.75,1725,303,BLAa,BLA,30,left,0
1726,1727,3,6489.38,5603.74,2280.84,1.33203125,1726,303,BLAa,BLA,30,left,0
1727,1728,3,6491.660000000001,5606.58,2279.3600000000006,1.0,1727,303,BLAa,BLA,30,left,0
1728,1729,3,6492.42,5609.84,2278.6399999999994,1.0,1728,303,BLAa,BLA,30,left,0
1729,1730,3,6493.4400000000005,5612.5,2277.08,0.83203125,1729,303,BLAa,BLA,30,left,0
1730,1731,3,6495.4,5615.08,2276.34,1.0,1730,303,BLAa,BLA,30,left,0
1731,1732,3,6496.280000000001,5617.88,2275.3599999999988,0.91796875,1731,303,BLAa,BLA,30,left,0
1732,1733,3,6496.56,5620.82,2272.119999999999,1.0,1732,303,BLAa,BLA,30,left,0
1733,1734,3,6496.860000000001,5623.46,2269.7000000000007,1.0,1733,303,BLAa,BLA,30,left,0
1734,1735,3,6497.42,5625.2,2267.8,1.41796875,1734,303,BLAa,BLA,30,left,0
1735,1736,3,6497.380000000001,5627.12,2263.8600000000006,1.16796875,1735,303,BLAa,BLA,30,left,0
1736,1737,3,6497.36,5628.099999999999,2259.66,1.58203125,1736,303,BLAa,BLA,30,left,0
1737,1738,3,6497.72,5628.92,2256.9399999999987,1.0,1737,303,BLAa,BLA,30,left,0
1738,1739,3,6499.24,5630.1,2255.220000000001,1.0,1738,303,BLAa,BLA,30,left,0
1739,1740,3,6500.06,5631.02,2253.0999999999985,1.08203125,1739,303,BLAa,BLA,30,left,0
1740,1741,3,6501.5,5632.380000000001,2250.3599999999988,0.75,1740,303,BLAa,BLA,30,left,0
1741,1742,3,6503.62,5634.46,2248.120000000001,0.5,1741,303,BLAa,BLA,30,left,0
1742,1743,3,6505.02,5636.599999999999,2246.8,0.75,1742,303,BLAa,BLA,30,left,0
1743,1744,3,6507.64,5640.16,2245.26,0.91796875,1743,303,BLAa,BLA,30,left,0
1744,1745,3,6508.9800000000005,5642.66,2244.76,0.5,1744,303,BLAa,BLA,30,left,1
1745,1746,3,6466.24,5432.86,2403.32,0.02734375,293,579,ec,ec,31,left,0
1746,1747,3,6464.34,5429.740000000001,2405.24,1.0,1746,579,ec,ec,31,left,0
1747,1748,3,6461.280000000001,5426.219999999999,2407.98,1.0,1747,579,ec,ec,31,left,0
1748,1749,3,6459.78,5424.400000000001,2409.6000000000004,1.0,1748,579,ec,ec,31,left,0
1749,1750,3,6457.72,5421.3,2410.8600000000006,1.0,1749,579,ec,ec,31,left,0
1750,1751,3,6456.06,5418.32,2411.699999999999,0.91796875,1750,579,ec,ec,31,left,0
1751,1752,3,6453.9,5415.74,2413.300000000001,1.0,1751,579,ec,ec,31,left,0
1752,1753,3,6451.7,5412.619999999999,2414.24,1.0,1752,579,ec,ec,31,left,0
1753,1754,3,6450.4,5410.04,2414.82,1.0,1753,579,ec,ec,31,left,0
1754,1755,3,6470.58,5437.94,2400.66,0.0546875,293,131,LA,LA,32,left,0
1755,1756,3,6472.06,5433.9400000000005,2401.040000000001,0.91796875,1755,579,ec,ec,32,left,0
1756,1757,3,6473.48,5432.64,2401.040000000001,1.0,1756,579,ec,ec,32,left,0
1757,1758,3,6475.280000000001,5433.32,2399.58,0.0546875,1757,579,ec,ec,32,left,0
1758,1759,3,6478.780000000001,5435.320000000001,2398.8,0.91796875,1758,131,LA,LA,32,left,0
1759,1760,3,6480.36,5436.56,2399.0200000000004,1.16796875,1759,131,LA,LA,32,left,0
1760,1761,3,6483.3,5439.08,2398.6399999999994,1.0,1760,131,LA,LA,32,left,0
1761,1762,3,6485.68,5441.24,2397.98,1.0,1761,131,LA,LA,32,left,0
1762,1763,3,6487.780000000001,5442.960000000001,2397.42,1.0,1762,131,LA,LA,32,left,0
1763,1764,3,6489.34,5443.0,2397.2000000000007,1.0,1763,131,LA,LA,32,left,0
1764,1765,3,6492.36,5444.96,2396.58,0.91796875,1764,131,LA,LA,32,left,0
1765,1766,3,6494.26,5446.42,2396.8,0.5,1765,131,LA,LA,32,left,0
1766,1767,3,6496.58,5448.74,2396.5200000000004,0.75,1766,131,LA,LA,32,left,0
1767,1768,3,6497.98,5451.42,2395.92,1.0,1767,131,LA,LA,32,left,0
1768,1769,3,6500.639999999999,5454.08,2395.1800000000003,1.0,1768,131,LA,LA,32,left,0
1769,1770,3,6503.04,5456.1,2394.5599999999995,1.0,1769,303,BLAa,BLA,32,left,0
1770,1771,3,6504.84,5457.64,2394.1000000000004,1.0,1770,303,BLAa,BLA,32,left,0
1771,1772,3,6505.700000000001,5458.339999999999,2395.76,0.0546875,1771,303,BLAa,BLA,32,left,0
1772,1773,3,6505.92,5459.6,2397.4,1.0,1772,303,BLAa,BLA,32,left,0
1773,1774,3,6507.06,5462.12,2398.1800000000003,0.75,1773,303,BLAa,BLA,32,left,0
1774,1775,3,6509.22,5463.92,2398.5200000000004,1.08203125,1774,303,BLAa,BLA,32,left,0
1775,1776,3,6511.860000000001,5465.700000000001,2399.24,0.91796875,1775,303,BLAa,BLA,32,left,0
1776,1777,3,6513.76,5467.12,2399.3600000000006,1.25,1776,303,BLAa,BLA,32,left,0
1777,1778,3,6514.6,5467.36,2400.66,1.0,1777,303,BLAa,BLA,32,left,0
1778,1779,3,6516.3,5469.18,2400.8600000000006,1.0,1778,303,BLAa,BLA,32,left,0
1779,1780,3,6517.86,5472.26,2400.9,1.0,1779,303,BLAa,BLA,32,left,0
1780,1781,3,6520.52,5475.78,2401.4400000000005,1.0,1780,303,BLAa,BLA,32,left,0
1781,1782,3,6522.02,5476.76,2402.48,0.58203125,1781,303,BLAa,BLA,32,left,0
1782,1783,3,6522.86,5479.26,2403.1800000000003,1.0,1782,303,BLAa,BLA,32,left,0
1783,1784,3,6523.26,5481.92,2404.1800000000003,0.66796875,1783,303,BLAa,BLA,32,left,0
1784,1785,3,6524.9800000000005,5485.08,2404.58,0.75,1784,303,BLAa,BLA,32,left,0
1785,1786,3,6527.54,5489.78,2404.9400000000005,0.5,1785,303,BLAa,BLA,32,left,0
1786,1787,3,6527.780000000001,5492.56,2406.22,1.0,1786,303,BLAa,BLA,32,left,0
1787,1788,3,6528.86,5495.0,2407.08,1.0,1787,303,BLAa,BLA,32,left,0
1788,1789,3,6530.879999999999,5496.42,2407.22,0.75,1788,303,BLAa,BLA,32,left,0
1789,1790,3,6532.619999999999,5497.380000000001,2408.26,0.66796875,1789,303,BLAa,BLA,32,left,0
1790,1791,3,6535.879999999999,5499.679999999999,2408.4,1.41796875,1790,303,BLAa,BLA,32,left,0
1791,1792,3,6539.52,5502.4400000000005,2407.6800000000003,1.0,1791,303,BLAa,BLA,32,left,0
1792,1793,3,6541.78,5504.2,2407.0200000000004,0.83203125,1792,303,BLAa,BLA,32,left,0
1793,1794,3,6543.099999999999,5506.040000000001,2405.84,1.25,1793,303,BLAa,BLA,32,left,0
1794,1795,3,6543.719999999999,5509.9800000000005,2404.959999999999,1.0,1794,303,BLAa,BLA,32,left,0
1795,1796,3,6543.780000000001,5512.66,2403.540000000001,1.0,1795,303,BLAa,BLA,32,left,0
1796,1797,3,6547.219999999999,5515.320000000001,2402.380000000001,0.01953125,1796,303,BLAa,BLA,32,left,0
1797,1798,3,6549.160000000001,5517.46,2401.22,1.0,1797,303,BLAa,BLA,32,left,0
1798,1799,3,6551.7,5522.780000000001,2400.26,0.66796875,1798,303,BLAa,BLA,32,left,0
1799,1800,3,6553.48,5526.32,2399.1800000000003,0.91796875,1799,303,BLAa,BLA,32,left,0
1800,1801,3,6555.119999999999,5528.139999999999,2398.08,0.91796875,1800,303,BLAa,BLA,32,left,0
1801,1802,3,6557.84,5531.88,2397.3,0.75,1801,303,BLAa,BLA,32,left,0
1802,1803,3,6559.9400000000005,5534.679999999999,2396.76,1.0,1802,303,BLAa,BLA,32,left,0
1803,1804,3,6563.0,5537.66,2396.1000000000004,1.0,1803,303,BLAa,BLA,32,left,0
1804,1805,3,6565.36,5539.32,2395.66,1.0,1804,303,BLAa,BLA,32,left,1
1805,1806,3,6458.9400000000005,5483.360000000001,2406.5,0.046875,311,303,BLAa,BLA,33,left,0
1806,1807,3,6457.26,5483.9400000000005,2407.6800000000003,0.66796875,1806,303,BLAa,BLA,33,left,0
1807,1808,3,6455.42,5483.959999999999,2408.84,1.08203125,1807,303,BLAa,BLA,33,left,0
1808,1809,3,6454.04,5485.839999999999,2410.539999999999,1.08203125,1808,303,BLAa,BLA,33,left,0
1809,1810,3,6452.4800000000005,5486.82,2412.119999999999,0.58203125,1809,303,BLAa,BLA,33,left,0
1810,1811,3,6450.54,5487.54,2413.9,1.08203125,1810,303,BLAa,BLA,33,left,0
1811,1812,3,6447.42,5485.66,2416.32,0.66796875,1811,303,BLAa,BLA,33,left,0
1812,1813,3,6444.42,5483.02,2417.960000000001,0.58203125,1812,131,LA,LA,33,left,0
1813,1814,3,6442.200000000001,5482.3,2419.1000000000004,0.5,1813,131,LA,LA,33,left,0
1814,1815,3,6439.84,5480.76,2420.5600000000013,1.0,1814,131,LA,LA,33,left,0
1815,1816,3,6437.200000000001,5478.360000000001,2421.4,1.0,1815,131,LA,LA,33,left,0
1816,1817,3,6435.02,5476.5,2421.74,0.91796875,1816,131,LA,LA,33,left,0
1817,1818,3,6434.32,5476.18,2420.879999999999,1.0,1817,131,LA,LA,33,left,0
1818,1819,3,6432.3,5474.08,2422.98,0.0546875,1818,579,ec,ec,33,left,0
1819,1820,3,6429.86,5473.22,2424.5,0.75,1819,579,ec,ec,33,left,0
1820,1821,3,6427.5,5471.36,2426.2000000000007,0.75,1820,579,ec,ec,33,left,0
1821,1822,3,6425.02,5468.76,2428.039999999999,0.5,1821,579,ec,ec,33,left,0
1822,1823,3,6423.16,5467.74,2429.32,1.0,1822,579,ec,ec,33,left,0
1823,1824,3,6421.4400000000005,5467.94,2430.3599999999988,0.5,1823,579,ec,ec,33,left,0
1824,1825,3,6419.8,5467.92,2432.119999999999,1.0,1824,579,ec,ec,33,left,0
1825,1826,3,6419.099999999999,5468.9800000000005,2433.5599999999995,0.91796875,1825,579,ec,ec,33,left,0
1826,1827,3,6417.98,5468.360000000001,2434.539999999999,0.91796875,1826,579,ec,ec,33,left,0
1827,1828,3,6416.08,5466.16,2435.2000000000007,0.75,1827,579,ec,ec,33,left,0
1828,1829,3,6414.160000000001,5462.5,2435.9400000000005,1.0,1828,579,ec,ec,33,left,0
1829,1830,3,6412.26,5460.4,2436.66,0.75,1829,579,ec,ec,33,left,0
1830,1831,3,6410.36,5458.360000000001,2438.0,1.0,1830,579,ec,ec,33,left,0
1831,1832,3,6407.98,5455.98,2439.1800000000003,0.58203125,1831,579,ec,ec,33,left,0
1832,1833,3,6405.96,5453.9400000000005,2440.6399999999994,0.75,1832,477,STR,STR,33,left,0
1833,1834,3,6404.34,5451.799999999999,2441.960000000001,0.66796875,1833,477,STR,STR,33,left,0
1834,1835,3,6401.96,5447.42,2442.9400000000005,1.0,1834,477,STR,STR,33,left,0
1835,1836,3,6399.719999999999,5443.66,2443.880000000001,0.91796875,1835,477,STR,STR,33,left,0
1836,1837,3,6397.0,5440.38,2445.58,1.0,1836,477,STR,STR,33,left,0
1837,1838,3,6394.64,5438.780000000001,2446.1800000000003,0.91796875,1837,477,STR,STR,33,left,0
1838,1839,3,6393.82,5440.24,2446.1000000000004,1.0,1838,477,STR,STR,33,left,0
1839,1840,3,6393.64,5436.18,2446.66,0.08203125,1839,477,STR,STR,33,left,0
1840,1841,3,6391.900000000001,5433.32,2447.5599999999995,0.75,1840,477,STR,STR,33,left,0
1841,1842,3,6389.880000000001,5431.42,2448.74,1.33203125,1841,477,STR,STR,33,left,0
1842,1843,3,6388.7,5429.8,2451.3,0.05078125,1842,477,STR,STR,33,left,0
1843,1844,3,6387.7,5430.0,2452.880000000001,1.16796875,1843,477,STR,STR,33,left,0
1844,1845,3,6387.219999999999,5432.780000000001,2453.8600000000006,0.91796875,1844,477,STR,STR,33,left,0
1845,1846,3,6385.700000000001,5433.88,2455.32,0.66796875,1845,477,STR,STR,33,left,0
1846,1847,3,6383.62,5432.7,2456.7800000000007,1.0,1846,477,STR,STR,33,left,0
1847,1848,3,6381.54,5432.4800000000005,2458.300000000001,1.0,1847,477,STR,STR,33,left,0
1848,1849,3,6379.76,5431.02,2459.880000000001,0.75,1848,477,STR,STR,33,left,0
1849,1850,3,6376.639999999999,5428.12,2461.74,0.015625,1849,477,STR,STR,33,left,0
1850,1851,3,6375.78,5425.460000000001,2463.0,1.0,1850,477,STR,STR,33,left,0
1851,1852,3,6375.8,5423.74,2464.619999999999,1.25,1851,477,STR,STR,33,left,0
1852,1853,3,6375.839999999999,5421.26,2466.42,0.5,1852,477,STR,STR,33,left,0
1853,1854,3,6375.860000000001,5417.3,2468.379999999999,0.5,1853,477,STR,STR,33,left,0
1854,1855,3,6375.16,5415.72,2470.1800000000003,1.0,1854,477,STR,STR,33,left,0
1855,1856,3,6374.719999999999,5413.04,2472.279999999999,0.91796875,1855,477,STR,STR,33,left,0
1856,1857,3,6374.86,5409.58,2473.4400000000005,1.0,1856,477,STR,STR,33,left,0
1857,1858,3,6375.34,5405.02,2474.92,1.25,1857,477,STR,STR,33,left,0
1858,1859,3,6376.88,5403.06,2475.9400000000005,1.5,1858,477,STR,STR,33,left,0
1859,1860,3,6380.54,5402.46,2475.9,1.0,1859,477,STR,STR,33,left,0
1860,1861,3,6382.68,5400.52,2475.9400000000005,0.91796875,1860,477,STR,STR,33,left,0
1861,1862,3,6383.76,5398.52,2476.620000000001,0.75,1861,477,STR,STR,33,left,0
1862,1863,3,6385.72,5397.42,2476.74,0.91796875,1862,477,STR,STR,33,left,0
1863,1864,3,6386.4800000000005,5394.700000000001,2477.0200000000004,1.16796875,1863,477,STR,STR,33,left,0
1864,1865,3,6387.5,5393.32,2478.0999999999985,1.0,1864,477,STR,STR,33,left,0
1865,1866,3,6389.24,5394.38,2478.5599999999995,1.0,1865,477,STR,STR,33,left,0
1866,1867,3,6390.48,5392.3,2478.72,0.0546875,1866,477,STR,STR,33,left,0
1867,1868,3,6392.380000000001,5392.34,2478.66,0.83203125,1867,477,STR,STR,33,left,0
1868,1869,3,6392.960000000001,5392.56,2479.4399999999987,1.0,1868,477,STR,STR,33,left,1
1869,1870,3,6460.08,5482.9,2405.0,0.20703125,311,303,BLAa,BLA,34,left,0
1870,1871,3,6460.44,5486.4,2405.3,0.66796875,1870,303,BLAa,BLA,34,left,0
1871,1872,3,6460.9400000000005,5492.0,2404.5599999999995,1.0,1871,303,BLAa,BLA,34,left,0
1872,1873,3,6461.639999999999,5495.18,2404.0200000000004,1.0,1872,303,BLAa,BLA,34,left,0
1873,1874,3,6459.9,5495.74,2405.5999999999985,0.0390625,1873,303,BLAa,BLA,34,left,0
1874,1875,3,6459.22,5498.12,2407.140000000001,1.08203125,1874,303,BLAa,BLA,34,left,0
1875,1876,3,6459.04,5500.82,2407.22,1.0,1875,303,BLAa,BLA,34,left,0
1876,1877,3,6458.02,5501.3,2408.42,0.83203125,1876,303,BLAa,BLA,34,left,0
1877,1878,3,6457.16,5502.14,2410.2000000000007,0.58203125,1877,303,BLAa,BLA,34,left,0
1878,1879,3,6456.72,5504.6,2411.7800000000007,1.0,1878,303,BLAa,BLA,34,left,0
1879,1880,3,6456.7,5506.88,2413.0999999999985,1.0,1879,303,BLAa,BLA,34,left,0
1880,1881,3,6456.620000000001,5506.82,2416.040000000001,1.0,1880,303,BLAa,BLA,34,left,0
1881,1882,3,6456.56,5506.08,2418.5200000000004,1.0,1881,303,BLAa,BLA,34,left,0
1882,1883,3,6456.52,5505.54,2420.3599999999988,1.25,1882,303,BLAa,BLA,34,left,0
1883,1884,3,6457.34,5505.259999999999,2421.4,1.33203125,1883,303,BLAa,BLA,34,left,0
1884,1885,3,6459.04,5505.1,2421.5,1.0,1884,303,BLAa,BLA,34,left,0
1885,1886,3,6460.14,5505.4,2422.4400000000005,1.0,1885,303,BLAa,BLA,34,left,0
1886,1887,3,6458.9800000000005,5507.34,2422.7000000000007,0.0546875,1886,303,BLAa,BLA,34,left,0
1887,1888,3,6458.9,5510.119999999999,2424.199999999999,0.75,1887,303,BLAa,BLA,34,left,0
1888,1889,3,6458.9,5513.200000000001,2424.880000000001,0.58203125,1888,303,BLAa,BLA,34,left,0
1889,1890,3,6458.92,5516.58,2424.959999999999,1.0,1889,303,BLAa,BLA,34,left,0
1890,1891,3,6459.299999999999,5521.36,2424.379999999999,1.0,1890,303,BLAa,BLA,34,left,0
1891,1892,3,6460.56,5526.58,2423.8,0.91796875,1891,303,BLAa,BLA,34,left,0
1892,1893,3,6461.660000000001,5529.82,2424.040000000001,0.58203125,1892,303,BLAa,BLA,34,left,0
1893,1894,3,6463.200000000001,5534.22,2423.7000000000007,1.0,1893,303,BLAa,BLA,34,left,0
1894,1895,3,6463.9400000000005,5538.139999999999,2423.4,0.83203125,1894,303,BLAa,BLA,34,left,0
1895,1896,3,6463.9400000000005,5540.92,2424.0599999999995,1.0,1895,303,BLAa,BLA,34,left,0
1896,1897,3,6463.959999999999,5544.32,2424.5599999999995,0.58203125,1896,303,BLAa,BLA,34,left,0
1897,1898,3,6464.299999999999,5549.76,2425.0599999999995,0.58203125,1897,303,BLAa,BLA,34,left,0
1898,1899,3,6465.06,5553.02,2425.3,1.0,1898,303,BLAa,BLA,34,left,0
1899,1900,3,6466.32,5555.98,2425.84,0.75,1899,303,BLAa,BLA,34,left,0
1900,1901,3,6468.02,5558.52,2425.6800000000003,1.0,1900,303,BLAa,BLA,34,left,0
1901,1902,3,6470.0,5560.58,2426.24,0.91796875,1901,303,BLAa,BLA,34,left,0
1902,1903,3,6471.68,5563.02,2426.08,0.66796875,1902,303,BLAa,BLA,34,left,0
1903,1904,3,6473.6,5564.719999999999,2426.699999999999,1.41796875,1903,303,BLAa,BLA,34,left,0
1904,1905,3,6475.76,5566.98,2426.380000000001,1.0,1904,303,BLAa,BLA,34,left,0
1905,1906,3,6477.820000000001,5571.08,2427.140000000001,1.0,1905,303,BLAa,BLA,34,left,0
1906,1907,3,6478.82,5573.58,2428.379999999999,1.16796875,1906,303,BLAa,BLA,34,left,0
1907,1908,3,6481.36,5577.08,2428.6000000000004,0.91796875,1907,303,BLAa,BLA,34,left,0
1908,1909,3,6483.099999999999,5580.62,2428.0600000000013,0.5,1908,303,BLAa,BLA,34,left,1
1909,1910,3,6512.56,5493.360000000001,2355.26,0.0546875,317,303,BLAa,BLA,35,left,0
1910,1911,3,6513.959999999999,5490.74,2353.6000000000004,0.83203125,1910,303,BLAa,BLA,35,left,0
1911,1912,3,6515.38,5489.84,2351.720000000001,1.0,1911,303,BLAa,BLA,35,left,0
1912,1913,3,6516.5,5488.66,2349.42,0.58203125,1912,303,BLAa,BLA,35,left,0
1913,1914,3,6517.26,5487.88,2347.34,0.75,1913,303,BLAa,BLA,35,left,0
1914,1915,3,6518.959999999999,5489.26,2345.76,0.58203125,1914,303,BLAa,BLA,35,left,0
1915,1916,3,6519.44,5490.16,2344.0,1.0,1915,303,BLAa,BLA,35,left,0
1916,1917,3,6519.52,5491.7,2342.119999999999,0.16796875,1916,303,BLAa,BLA,35,left,0
1917,1918,3,6519.58,5494.539999999999,2339.8,0.5,1917,303,BLAa,BLA,35,left,0
1918,1919,3,6519.56,5499.18,2337.459999999999,1.25,1918,303,BLAa,BLA,35,left,0
1919,1920,3,6519.5,5504.9400000000005,2335.32,0.75,1919,303,BLAa,BLA,35,left,0
1920,1921,3,6519.92,5507.52,2333.58,0.66796875,1920,303,BLAa,BLA,35,left,0
1921,1922,3,6521.52,5510.1,2332.42,0.58203125,1921,303,BLAa,BLA,35,left,0
1922,1923,3,6521.88,5512.86,2331.48,1.75,1922,303,BLAa,BLA,35,left,0
1923,1924,3,6522.94,5515.34,2329.0599999999995,0.83203125,1923,303,BLAa,BLA,35,left,0
1924,1925,3,6524.76,5518.52,2327.5200000000004,0.5,1924,303,BLAa,BLA,35,left,0
1925,1926,3,6525.98,5522.3,2325.040000000001,0.91796875,1925,303,BLAa,BLA,35,left,0
1926,1927,3,6526.620000000001,5526.459999999999,2322.9400000000005,1.16796875,1926,303,BLAa,BLA,35,left,0
1927,1928,3,6527.16,5530.0,2322.0,0.58203125,1927,303,BLAa,BLA,35,left,0
1928,1929,3,6527.5,5533.6,2320.92,1.0,1928,303,BLAa,BLA,35,left,0
1929,1930,3,6527.42,5536.7,2318.8600000000006,1.0,1929,303,BLAa,BLA,35,left,0
1930,1931,3,6528.28,5541.5,2315.7000000000007,0.66796875,1930,303,BLAa,BLA,35,left,0
1931,1932,3,6529.48,5544.82,2313.26,0.75,1931,303,BLAa,BLA,35,left,0
1932,1933,3,6530.16,5548.82,2310.879999999999,0.04296875,1932,303,BLAa,BLA,35,left,0
1933,1934,3,6531.3,5553.22,2308.32,1.0,1933,303,BLAa,BLA,35,left,0
1934,1935,3,6533.379999999999,5557.039999999999,2306.2800000000007,0.91796875,1934,303,BLAa,BLA,35,left,0
1935,1936,3,6533.88,5559.38,2304.92,0.91796875,1935,303,BLAa,BLA,35,left,0
1936,1937,3,6533.88,5562.960000000001,2303.72,1.16796875,1936,303,BLAa,BLA,35,left,0
1937,1938,3,6535.22,5566.14,2301.900000000001,0.75,1937,303,BLAa,BLA,35,left,0
1938,1939,3,6536.7,5570.119999999999,2299.220000000001,0.91796875,1938,303,BLAa,BLA,35,left,0
1939,1940,3,6538.64,5572.619999999999,2297.98,0.66796875,1939,303,BLAa,BLA,35,left,0
1940,1941,3,6539.22,5576.98,2295.82,0.75,1940,303,BLAa,BLA,35,left,0
1941,1942,3,6540.24,5580.98,2293.32,0.5,1941,303,BLAa,BLA,35,left,0
1942,1943,3,6541.38,5583.780000000001,2291.16,1.0,1942,303,BLAa,BLA,35,left,0
1943,1944,3,6542.820000000001,5587.039999999999,2289.8,1.33203125,1943,303,BLAa,BLA,35,left,0
1944,1945,3,6543.92,5588.9400000000005,2288.6000000000004,1.0,1944,303,BLAa,BLA,35,left,0
1945,1946,3,6544.679999999999,5592.0,2287.960000000001,0.83203125,1945,303,BLAa,BLA,35,left,0
1946,1947,3,6546.06,5593.48,2287.6000000000004,1.0,1946,303,BLAa,BLA,35,left,0
1947,1948,3,6546.32,5594.880000000001,2286.24,0.16796875,1947,303,BLAa,BLA,35,left,0
1948,1949,3,6546.1,5598.9400000000005,2285.4400000000005,1.16796875,1948,303,BLAa,BLA,35,left,0
1949,1950,3,6545.700000000001,5604.400000000001,2284.7000000000007,1.0,1949,303,BLAa,BLA,35,left,0
1950,1951,3,6545.42,5608.02,2284.220000000001,1.0,1950,303,BLAa,BLA,35,left,0
1951,1952,3,6545.44,5611.94,2283.6800000000003,1.0,1951,303,BLAa,BLA,35,left,0
1952,1953,3,6545.92,5615.320000000001,2283.1399999999994,0.83203125,1952,303,BLAa,BLA,35,left,0
1953,1954,3,6546.84,5619.099999999999,2282.5200000000004,1.0,1953,303,BLAa,BLA,35,left,0
1954,1955,3,6548.9,5621.860000000001,2281.540000000001,1.33203125,1954,303,BLAa,BLA,35,left,0
1955,1956,3,6549.82,5625.5,2280.1000000000004,0.58203125,1955,303,BLAa,BLA,35,left,0
1956,1957,3,6551.3,5631.280000000001,2278.98,1.0,1956,303,BLAa,BLA,35,left,0
1957,1958,3,6552.179999999999,5633.48,2278.6000000000004,0.83203125,1957,303,BLAa,BLA,35,left,0
1958,1959,3,6553.959999999999,5635.82,2277.32,0.5,1958,303,BLAa,BLA,35,left,0
1959,1960,3,6555.06,5637.86,2275.779999999999,0.5,1959,303,BLAa,BLA,35,left,0
1960,1961,3,6556.82,5639.58,2274.5599999999995,0.91796875,1960,303,BLAa,BLA,35,left,0
1961,1962,3,6557.88,5641.42,2274.199999999999,0.66796875,1961,303,BLAa,BLA,35,left,0
1962,1963,3,6560.320000000001,5643.12,2273.72,1.0,1962,303,BLAa,BLA,35,left,0
1963,1964,3,6563.06,5644.700000000001,2273.039999999999,1.0,1963,303,BLAa,BLA,35,left,0
1964,1965,3,6564.679999999999,5645.36,2271.9399999999987,0.5,1964,303,BLAa,BLA,35,left,0
1965,1966,3,6565.58,5643.56,2271.5200000000004,0.5,1965,303,BLAa,BLA,35,left,0
1966,1967,3,6566.68,5643.24,2270.42,0.75,1966,303,BLAa,BLA,35,left,0
1967,1968,3,6568.56,5643.12,2269.400000000001,1.16796875,1967,303,BLAa,BLA,35,left,0
1968,1969,3,6571.040000000001,5642.98,2268.2000000000007,0.83203125,1968,303,BLAa,BLA,35,left,0
1969,1970,3,6572.56,5643.540000000001,2267.039999999999,1.0,1969,303,BLAa,BLA,35,left,0
1970,1971,3,6574.679999999999,5645.14,2265.0,0.0546875,1970,303,BLAa,BLA,35,left,0
1971,1972,3,6577.1,5649.0,2262.76,1.0,1971,303,BLAa,BLA,35,left,0
1972,1973,3,6579.2,5652.619999999999,2260.98,1.0,1972,303,BLAa,BLA,35,left,0
1973,1974,3,6580.879999999999,5655.2,2259.34,0.5,1973,303,BLAa,BLA,35,left,0
1974,1975,3,6582.960000000001,5659.08,2258.279999999999,0.58203125,1974,303,BLAa,BLA,35,left,0
1975,1976,3,6585.24,5662.3,2257.540000000001,0.75,1975,303,BLAa,BLA,35,left,0
1976,1977,3,6586.94,5664.02,2256.380000000001,0.91796875,1976,303,BLAa,BLA,35,left,0
1977,1978,3,6588.7,5666.74,2255.32,1.0,1977,303,BLAa,BLA,35,left,0
1978,1979,3,6590.38,5672.240000000001,2254.4399999999987,0.58203125,1978,303,BLAa,BLA,35,left,0
1979,1980,3,6591.4800000000005,5674.9800000000005,2253.98,1.08203125,1979,303,BLAa,BLA,35,left,1
1980,1981,3,6514.34,5494.66,2356.58,0.0546875,317,303,BLAa,BLA,36,left,0
1981,1982,3,6516.040000000001,5492.86,2357.540000000001,1.0,1981,303,BLAa,BLA,36,left,0
1982,1983,3,6518.42,5492.4800000000005,2358.1399999999994,1.0,1982,303,BLAa,BLA,36,left,0
1983,1984,3,6519.539999999999,5490.259999999999,2359.2800000000007,1.41796875,1983,303,BLAa,BLA,36,left,0
1984,1985,3,6520.62,5488.42,2360.2800000000007,1.0,1984,303,BLAa,BLA,36,left,0
1985,1986,3,6521.94,5488.64,2361.0,1.0,1985,303,BLAa,BLA,36,left,0
1986,1987,3,6523.52,5488.48,2362.08,0.0546875,1986,303,BLAa,BLA,36,left,0
1987,1988,3,6525.5,5487.36,2362.66,0.75,1987,303,BLAa,BLA,36,left,0
1988,1989,3,6526.16,5485.56,2363.6000000000004,0.66796875,1988,303,BLAa,BLA,36,left,0
1989,1990,3,6528.3,5484.86,2363.6000000000004,1.0,1989,303,BLAa,BLA,36,left,0
1990,1991,3,6530.259999999999,5482.56,2363.76,1.0,1990,303,BLAa,BLA,36,left,0
1991,1992,3,6531.94,5481.72,2364.3600000000006,1.08203125,1991,303,BLAa,BLA,36,left,0
1992,1993,3,6533.8,5479.719999999999,2364.9,1.0,1992,303,BLAa,BLA,36,left,0
1993,1994,3,6536.620000000001,5478.92,2364.640000000001,1.0,1993,303,BLAa,BLA,36,left,0
1994,1995,3,6539.64,5476.38,2364.640000000001,0.66796875,1994,303,BLAa,BLA,36,left,0
1995,1996,3,6541.3,5474.86,2364.66,1.0,1995,303,BLAa,BLA,36,left,0
1996,1997,3,6542.960000000001,5474.160000000001,2364.5599999999995,1.0,1996,303,BLAa,BLA,36,left,0
1997,1998,3,6544.9400000000005,5474.24,2364.3,1.0,1997,303,BLAa,BLA,36,left,0
1998,1999,3,6548.200000000001,5475.700000000001,2363.6800000000003,0.83203125,1998,303,BLAa,BLA,36,left,0
1999,2000,3,6550.38,5475.900000000001,2363.3600000000006,1.0,1999,303,BLAa,BLA,36,left,0
2000,2001,3,6551.92,5473.099999999999,2363.5599999999995,1.0,2000,303,BLAa,BLA,36,left,0
2001,2002,3,6551.94,5469.44,2364.08,0.91796875,2001,303,BLAa,BLA,36,left,0
2002,2003,3,6552.84,5467.5,2363.9,1.0,2002,303,BLAa,BLA,36,left,0
2003,2004,3,6554.96,5468.42,2362.5200000000004,1.0,2003,303,BLAa,BLA,36,left,0
2004,2005,3,6557.039999999999,5468.200000000001,2361.26,0.83203125,2004,303,BLAa,BLA,36,left,0
2005,2006,3,6559.24,5467.58,2360.92,1.0,2005,303,BLAa,BLA,36,left,0
2006,2007,3,6559.84,5464.86,2361.22,1.0,2006,303,BLAa,BLA,36,left,0
2007,2008,3,6561.72,5464.58,2360.6800000000003,0.75,2007,303,BLAa,BLA,36,left,0
2008,2009,3,6563.8,5466.38,2359.400000000001,0.91796875,2008,303,BLAa,BLA,36,left,0
2009,2010,3,6564.9400000000005,5466.16,2359.16,0.15234375,2009,303,BLAa,BLA,36,left,0
2010,2011,3,6566.7,5464.64,2359.120000000001,1.0,2010,303,BLAa,BLA,36,left,0
2011,2012,3,6569.0,5463.02,2359.0599999999995,1.0,2011,303,BLAa,BLA,36,left,0
2012,2013,3,6571.68,5462.4800000000005,2358.7800000000007,1.0,2012,303,BLAa,BLA,36,left,0
2013,2014,3,6573.22,5461.08,2358.8,1.0,2013,303,BLAa,BLA,36,left,0
2014,2015,3,6573.8,5457.619999999999,2359.220000000001,1.0,2014,303,BLAa,BLA,36,left,0
2015,2016,3,6573.82,5454.52,2359.66,1.0,2015,303,BLAa,BLA,36,left,0
2016,2017,3,6574.740000000001,5452.219999999999,2359.8600000000006,0.91796875,2016,303,BLAa,BLA,36,left,0
2017,2018,3,6576.72,5451.799999999999,2359.6800000000003,1.0,2017,303,BLAa,BLA,36,left,0
2018,2019,3,6579.06,5450.68,2359.539999999999,0.58203125,2018,303,BLAa,BLA,36,left,0
2019,2020,3,6580.700000000001,5449.62,2359.6800000000003,0.5,2019,303,BLAa,BLA,36,left,0
2020,2021,3,6582.28,5449.82,2360.620000000001,0.91796875,2020,303,BLAa,BLA,36,left,0
2021,2022,3,6586.0,5452.26,2360.959999999999,1.0,2021,303,BLAa,BLA,36,left,0
2022,2023,3,6588.9400000000005,5454.299999999999,2360.32,0.83203125,2022,303,BLAa,BLA,36,left,0
2023,2024,3,6590.96,5454.6,2360.040000000001,0.58203125,2023,303,BLAa,BLA,36,left,0
2024,2025,3,6593.339999999999,5455.639999999999,2359.84,0.5,2024,303,BLAa,BLA,36,left,0
2025,2026,3,6595.66,5456.94,2360.6399999999994,1.0,2025,303,BLAa,BLA,36,left,0
2026,2027,3,6597.86,5458.24,2361.26,1.0,2026,303,BLAa,BLA,36,left,0
2027,2028,3,6600.04,5459.38,2362.0,0.66796875,2027,303,BLAa,BLA,36,left,0
2028,2029,3,6602.08,5459.66,2361.8600000000006,1.0,2028,303,BLAa,BLA,36,left,0
2029,2030,3,6604.679999999999,5460.2,2361.5,0.66796875,2029,303,BLAa,BLA,36,left,0
2030,2031,3,6606.0,5458.56,2361.5599999999995,1.0,2030,303,BLAa,BLA,36,left,0
2031,2032,3,6607.46,5458.9,2360.9400000000005,0.5,2031,303,BLAa,BLA,36,left,0
2032,2033,3,6608.379999999999,5458.68,2359.4399999999987,0.66796875,2032,303,BLAa,BLA,36,left,0
2033,2034,3,6609.84,5459.679999999999,2357.619999999999,1.0,2033,303,BLAa,BLA,36,left,0
2034,2035,3,6612.16,5461.660000000001,2355.879999999999,1.0,2034,303,BLAa,BLA,36,left,0
2035,2036,3,6613.7,5463.099999999999,2354.2800000000007,1.0,2035,303,BLAa,BLA,36,left,0
2036,2037,3,6616.12,5465.18,2352.3600000000006,1.0,2036,303,BLAa,BLA,36,left,0
2037,2038,3,6617.4,5466.58,2350.220000000001,1.0,2037,303,BLAa,BLA,36,left,0
2038,2039,3,6618.74,5467.820000000001,2348.72,1.0,2038,303,BLAa,BLA,36,left,1
2039,2040,3,6530.04,5540.1,2355.5,0.1796875,331,303,BLAa,BLA,37,left,0
2040,2041,3,6532.06,5541.42,2355.879999999999,0.58203125,2040,303,BLAa,BLA,37,left,0
2041,2042,3,6533.4400000000005,5542.02,2356.900000000001,1.0,2041,303,BLAa,BLA,37,left,0
2042,2043,3,6535.74,5543.46,2356.98,1.08203125,2042,303,BLAa,BLA,37,left,0
2043,2044,3,6537.6,5544.76,2356.6000000000004,1.0,2043,303,BLAa,BLA,37,left,0
2044,2045,3,6530.92,5540.599999999999,2355.98,0.08203125,331,303,BLAa,BLA,38,left,0
2045,2046,3,6532.820000000001,5542.3,2356.900000000001,0.58203125,2045,303,BLAa,BLA,38,left,0
2046,2047,3,6533.02,5547.039999999999,2356.8,1.0,2046,303,BLAa,BLA,38,left,0
2047,2048,3,6533.26,5550.96,2356.380000000001,0.91796875,2047,303,BLAa,BLA,38,left,0
2048,2049,3,6534.22,5553.4400000000005,2356.7800000000007,1.0,2048,303,BLAa,BLA,38,left,0
2049,2050,3,6536.06,5556.5,2356.48,0.83203125,2049,303,BLAa,BLA,38,left,0
2050,2051,3,6537.380000000001,5560.38,2356.4,1.25,2050,303,BLAa,BLA,38,left,0
2051,2052,3,6538.24,5562.74,2356.66,0.58203125,2051,303,BLAa,BLA,38,left,0
2052,2053,3,6540.14,5566.2,2356.1399999999994,0.03125,2052,303,BLAa,BLA,38,left,0
2053,2054,3,6541.02,5569.52,2356.5200000000004,0.91796875,2053,303,BLAa,BLA,38,left,0
2054,2055,3,6542.759999999999,5572.54,2356.26,1.0,2054,303,BLAa,BLA,38,left,0
2055,2056,3,6544.28,5575.460000000001,2356.720000000001,1.0,2055,303,BLAa,BLA,38,left,0
2056,2057,3,6545.18,5577.56,2357.7000000000007,0.91796875,2056,303,BLAa,BLA,38,left,0
2057,2058,3,6545.18,5580.22,2359.48,1.16796875,2057,303,BLAa,BLA,38,left,0
2058,2059,3,6545.1,5582.12,2360.74,1.0,2058,303,BLAa,BLA,38,left,0
2059,2060,3,6546.1,5584.42,2360.98,0.91796875,2059,303,BLAa,BLA,38,left,0
2060,2061,3,6548.339999999999,5587.16,2360.76,0.91796875,2060,303,BLAa,BLA,38,left,0
2061,2062,3,6549.6,5589.46,2361.16,0.83203125,2061,303,BLAa,BLA,38,left,0
2062,2063,3,6551.599999999999,5591.88,2360.800000000001,1.0,2062,303,BLAa,BLA,38,left,0
2063,2064,3,6493.9800000000005,5428.540000000001,2422.32,0.05078125,407,579,ec,ec,39,left,0
2064,2065,3,6494.8,5428.16,2424.199999999999,1.0,2064,579,ec,ec,39,left,0
2065,2066,3,6496.5,5428.200000000001,2424.26,0.91796875,2065,579,ec,ec,39,left,0
2066,2067,3,6497.6,5428.339999999999,2426.040000000001,1.0,2066,579,ec,ec,39,left,0
2067,2068,3,6497.66,5427.200000000001,2428.16,1.08203125,2067,579,ec,ec,39,left,0
2068,2069,3,6498.719999999999,5425.52,2429.619999999999,0.91796875,2068,579,ec,ec,39,left,0
2069,2070,3,6500.62,5425.1,2431.74,0.5,2069,579,ec,ec,39,left,0
2070,2071,3,6503.139999999999,5427.02,2432.48,0.91796875,2070,579,ec,ec,39,left,0
2071,2072,3,6503.64,5428.18,2433.7000000000007,0.5,2071,579,ec,ec,39,left,0
2072,2073,3,6505.2,5430.119999999999,2434.640000000001,0.91796875,2072,579,ec,ec,39,left,0
2073,2074,3,6507.4,5431.4800000000005,2435.040000000001,0.91796875,2073,579,ec,ec,39,left,0
2074,2075,3,6509.700000000001,5431.660000000001,2435.040000000001,0.83203125,2074,579,ec,ec,39,left,0
2075,2076,3,6511.88,5433.02,2435.460000000001,1.0,2075,579,ec,ec,39,left,0
2076,2077,3,6514.48,5434.96,2436.16,0.91796875,2076,579,ec,ec,39,left,0
2077,2078,3,6515.72,5437.36,2435.9,1.33203125,2077,579,ec,ec,39,left,0
2078,2079,3,6518.92,5441.3,2435.2800000000007,0.05078125,2078,579,ec,ec,39,left,0
2079,2080,3,6520.06,5444.64,2435.539999999999,0.66796875,2079,579,ec,ec,39,left,0
2080,2081,3,6521.34,5449.400000000001,2436.2000000000007,0.5,2080,579,ec,ec,39,left,0
2081,2082,3,6522.64,5453.04,2436.8,1.0,2081,579,ec,ec,39,left,0
2082,2083,3,6523.4400000000005,5457.14,2437.74,0.91796875,2082,579,ec,ec,39,left,0
2083,2084,3,6523.48,5461.88,2439.0599999999995,1.0,2083,579,ec,ec,39,left,0
2084,2085,3,6523.5,5465.18,2440.220000000001,0.66796875,2084,303,BLAa,BLA,39,left,0
2085,2086,3,6523.66,5468.5,2440.9400000000005,0.66796875,2085,303,BLAa,BLA,39,left,0
2086,2087,3,6524.64,5472.64,2440.74,1.0,2086,303,BLAa,BLA,39,left,0
2087,2088,3,6524.82,5476.4,2440.3599999999988,1.0,2087,303,BLAa,BLA,39,left,1
2088,2089,3,6493.9800000000005,5429.139999999999,2421.4,0.078125,407,579,ec,ec,40,left,0
2089,2090,3,6492.56,5429.299999999999,2422.7000000000007,1.0,2089,579,ec,ec,40,left,0
2090,2091,3,6490.66,5428.719999999999,2423.98,1.0,2090,579,ec,ec,40,left,0
2091,2092,3,6490.22,5428.5,2426.7800000000007,1.5,2091,579,ec,ec,40,left,0
2092,2093,3,6490.18,5427.86,2429.08,0.83203125,2092,579,ec,ec,40,left,0
2093,2094,3,6489.04,5426.459999999999,2430.9400000000005,1.0,2093,579,ec,ec,40,left,0
2094,2095,3,6487.12,5424.62,2431.92,0.5,2094,579,ec,ec,40,left,0
2095,2096,3,6486.4400000000005,5423.46,2434.76,2.5,2095,579,ec,ec,40,left,0
2096,2097,3,6486.12,5422.56,2437.619999999999,0.83203125,2096,579,ec,ec,40,left,0
2097,2098,3,6484.62,5420.900000000001,2439.619999999999,1.08203125,2097,477,STR,STR,40,left,0
2098,2099,3,6482.72,5420.24,2440.5600000000013,0.03125,2098,477,STR,STR,40,left,0
2099,2100,3,6480.66,5419.02,2442.880000000001,1.0,2099,477,STR,STR,40,left,0
2100,2101,3,6479.96,5418.0,2445.0200000000004,1.5,2100,477,STR,STR,40,left,0
2101,2102,3,6478.540000000001,5416.58,2446.16,5.66796875,2101,477,STR,STR,40,left,0
2102,2103,3,6477.94,5415.68,2448.1399999999994,1.0,2102,477,STR,STR,40,left,0
2103,2104,3,6477.46,5415.119999999999,2450.3,1.16796875,2103,477,STR,STR,40,left,0
2104,2105,3,6476.26,5415.259999999999,2451.1399999999994,0.5,2104,477,STR,STR,40,left,0
2105,2106,3,6474.56,5414.08,2453.24,1.0,2105,477,STR,STR,40,left,0
2106,2107,3,6473.08,5413.92,2454.199999999999,0.91796875,2106,477,STR,STR,40,left,0
2107,2108,3,6471.660000000001,5413.02,2455.74,0.83203125,2107,477,STR,STR,40,left,0
2108,2109,3,6469.84,5411.72,2457.16,0.91796875,2108,477,STR,STR,40,left,0
2109,2110,3,6469.2,5412.26,2458.279999999999,1.0,2109,477,STR,STR,40,left,0
2110,2111,3,6467.42,5410.72,2460.0,1.16796875,2110,477,STR,STR,40,left,0
2111,2112,3,6466.52,5409.6,2462.0200000000004,0.66796875,2111,477,STR,STR,40,left,0
2112,2113,3,6465.74,5408.66,2464.6000000000004,0.66796875,2112,477,STR,STR,40,left,0
2113,2114,3,6464.66,5408.8,2465.16,1.0,2113,477,STR,STR,40,left,0
2114,2115,3,6408.4400000000005,5447.94,2380.58,0.0703125,535,131,LA,LA,41,left,0
2115,2116,3,6406.94,5445.72,2380.6399999999994,3.41796875,2115,131,LA,LA,41,left,0
2116,2117,3,6406.620000000001,5446.4,2378.72,2.83203125,2116,131,LA,LA,41,left,0
2117,2118,3,6405.08,5445.02,2378.1399999999994,0.75,2117,131,LA,LA,41,left,0
2118,2119,3,6403.9400000000005,5442.02,2378.24,1.41796875,2118,579,ec,ec,41,left,0
2119,2120,3,6403.88,5438.74,2376.8,1.33203125,2119,579,ec,ec,41,left,0
2120,2121,3,6404.120000000001,5436.12,2375.779999999999,1.0,2120,579,ec,ec,41,left,0
2121,2122,3,6403.56,5431.94,2375.5999999999985,0.5,2121,579,ec,ec,41,left,0
2122,2123,3,6402.46,5429.44,2375.040000000001,0.5,2122,579,ec,ec,41,left,0
2123,2124,3,6399.64,5426.06,2375.74,0.01953125,2123,579,ec,ec,41,left,0
2124,2125,3,6398.58,5423.56,2375.74,0.5,2124,579,ec,ec,41,left,0
2125,2126,3,6396.2,5418.56,2376.6399999999994,1.0,2125,579,ec,ec,41,left,0
2126,2127,3,6394.740000000001,5415.44,2376.7800000000007,0.66796875,2126,579,ec,ec,41,left,0
2127,2128,3,6392.46,5411.78,2377.380000000001,1.16796875,2127,579,ec,ec,41,left,0
2128,2129,3,6392.02,5409.56,2377.1800000000003,1.0,2128,579,ec,ec,41,left,0
2129,2130,3,6390.52,5407.0,2376.98,1.0,2129,579,ec,ec,41,left,0
2130,2131,3,6389.76,5405.52,2376.540000000001,1.08203125,2130,579,ec,ec,41,left,0
2131,2132,3,6388.28,5404.8,2375.76,1.08203125,2131,477,STR,STR,41,left,0
2132,2133,3,6387.34,5405.06,2374.2800000000007,0.83203125,2132,579,ec,ec,41,left,0
2133,2134,3,6385.860000000001,5403.400000000001,2374.32,1.0,2133,579,ec,ec,41,left,0
2134,2135,3,6384.539999999999,5400.98,2375.0,1.0,2134,477,STR,STR,41,left,0
2135,2136,3,6383.22,5398.32,2375.72,1.0,2135,477,STR,STR,41,left,0
2136,2137,3,6380.98,5396.56,2376.380000000001,1.33203125,2136,477,STR,STR,41,left,0
2137,2138,3,6377.84,5394.700000000001,2377.140000000001,1.0,2137,477,STR,STR,41,left,0
2138,2139,3,6375.8,5394.28,2377.48,1.0,2138,477,STR,STR,41,left,0
2139,2140,3,6374.42,5396.620000000001,2377.1800000000003,1.16796875,2139,477,STR,STR,41,left,0
2140,2141,3,6372.64,5396.040000000001,2378.0200000000004,1.0,2140,477,STR,STR,41,left,0
2141,2142,3,6370.08,5394.08,2379.539999999999,1.0,2141,477,STR,STR,41,left,0
2142,2143,3,6368.400000000001,5392.7,2380.8600000000006,0.91796875,2142,477,STR,STR,41,left,0
2143,2144,3,6366.68,5391.92,2381.3,1.0,2143,477,STR,STR,41,left,0
2144,2145,3,6365.2,5390.44,2381.699999999999,0.58203125,2144,477,STR,STR,41,left,0
2145,2146,3,6363.8,5388.200000000001,2382.2000000000007,0.91796875,2145,477,STR,STR,41,left,0
2146,2147,3,6361.620000000001,5386.3,2382.619999999999,0.91796875,2146,477,STR,STR,41,left,0
2147,2148,3,6360.78,5386.42,2381.900000000001,0.75,2147,477,STR,STR,41,left,0
2148,2149,3,6358.719999999999,5384.9,2382.0599999999995,0.04296875,2148,477,STR,STR,41,left,0
2149,2150,3,6356.26,5382.3,2382.7000000000007,1.41796875,2149,477,STR,STR,41,left,0
2150,2151,3,6354.880000000001,5380.299999999999,2383.1399999999994,0.91796875,2150,477,STR,STR,41,left,0
2151,2152,3,6353.7,5377.56,2383.34,0.91796875,2151,477,STR,STR,41,left,0
2152,2153,3,6352.6,5376.2,2382.9400000000005,0.91796875,2152,477,STR,STR,41,left,0
2153,2154,3,6350.879999999999,5374.6,2382.140000000001,0.75,2153,477,STR,STR,41,left,0
2154,2155,3,6350.259999999999,5374.08,2381.1000000000004,0.66796875,2154,477,STR,STR,41,left,0
2155,2156,3,6349.02,5373.32,2381.0599999999995,1.0,2155,477,STR,STR,41,left,1
2156,2157,3,6408.12,5456.26,2377.6399999999994,1.0,535,131,LA,LA,42,left,0
2157,2158,3,6407.94,5462.26,2374.199999999999,1.0,2157,131,LA,LA,42,left,0
2158,2159,3,6407.820000000001,5467.0,2371.22,0.91796875,2158,131,LA,LA,42,left,0
2159,2160,3,6407.200000000001,5469.740000000001,2369.5200000000004,0.75,2159,131,LA,LA,42,left,0
2160,2161,3,6407.16,5474.52,2366.6399999999994,1.0,2160,131,LA,LA,42,left,0
2161,2162,3,6406.84,5477.1,2363.9,0.75,2161,131,LA,LA,42,left,0
2162,2163,3,6405.62,5476.54,2363.34,1.0,2162,131,LA,LA,42,left,0
2163,2164,3,6405.36,5477.759999999999,2360.220000000001,1.0,2163,131,LA,LA,42,left,0
2164,2165,3,6405.38,5478.84,2357.7800000000007,1.0,2164,131,LA,LA,42,left,0
2165,2166,3,6404.48,5478.52,2357.2000000000007,1.0,2165,131,LA,LA,42,left,0
2166,2167,3,6403.02,5479.02,2357.279999999999,0.08203125,2166,131,LA,LA,42,left,0
2167,2168,3,6400.839999999999,5480.0,2357.34,0.75,2167,131,LA,LA,42,left,0
2168,2169,3,6399.38,5481.799999999999,2357.119999999999,0.91796875,2168,131,LA,LA,42,left,0
2169,2170,3,6397.039999999999,5482.68,2357.5200000000004,0.5,2169,131,LA,LA,42,left,0
2170,2171,3,6394.78,5480.72,2359.040000000001,0.91796875,2170,131,LA,LA,42,left,0
2171,2172,3,6392.66,5480.22,2359.58,1.08203125,2171,131,LA,LA,42,left,0
2172,2173,3,6390.76,5481.68,2359.66,1.25,2172,131,LA,LA,42,left,0
2173,2174,3,6388.66,5481.1,2360.82,0.75,2173,131,LA,LA,42,left,0
2174,2175,3,6386.82,5481.56,2361.3600000000006,0.83203125,2174,131,LA,LA,42,left,0
2175,2176,3,6385.22,5480.58,2362.48,1.0,2175,131,LA,LA,42,left,0
2176,2177,3,6383.4400000000005,5481.68,2362.9400000000005,1.0,2176,131,LA,LA,42,left,0
2177,2178,3,6381.0,5484.299999999999,2362.66,0.91796875,2177,131,LA,LA,42,left,0
2178,2179,3,6378.9400000000005,5484.96,2362.76,0.66796875,2178,131,LA,LA,42,left,0
2179,2180,3,6375.9400000000005,5485.06,2363.1800000000003,1.25,2179,131,LA,LA,42,left,0
2180,2181,3,6374.400000000001,5485.14,2364.08,0.75,2180,131,LA,LA,42,left,0
2181,2182,3,6372.32,5487.039999999999,2364.42,0.83203125,2181,131,LA,LA,42,left,0
2182,2183,3,6371.02,5491.12,2363.98,0.83203125,2182,131,LA,LA,42,left,0
2183,2184,3,6370.92,5493.16,2364.4399999999987,1.16796875,2183,131,LA,LA,42,left,0
2184,2185,3,6370.18,5496.459999999999,2364.24,0.83203125,2184,131,LA,LA,42,left,0
2185,2186,3,6369.099999999999,5498.02,2364.8600000000006,1.08203125,2185,131,LA,LA,42,left,0
2186,2187,3,6367.960000000001,5500.9400000000005,2364.8600000000006,0.83203125,2186,131,LA,LA,42,left,0
2187,2188,3,6366.7,5501.040000000001,2365.779999999999,0.5,2187,131,LA,LA,42,left,0
2188,2189,3,6364.66,5501.18,2366.58,0.66796875,2188,131,LA,LA,42,left,0
2189,2190,3,6362.92,5500.66,2367.84,0.66796875,2189,131,LA,LA,42,left,0
2190,2191,3,6361.7,5503.88,2367.7800000000007,0.83203125,2190,131,LA,LA,42,left,0
2191,2192,3,6360.879999999999,5508.68,2368.26,0.5,2191,131,LA,LA,42,left,0
2192,2193,3,6359.740000000001,5510.72,2369.460000000001,0.91796875,2192,131,LA,LA,42,left,0
2193,2194,3,6358.4400000000005,5513.28,2370.779999999999,1.0,2193,131,LA,LA,42,left,0
2194,2195,3,6357.88,5516.3,2370.72,1.0,2194,303,BLAa,BLA,42,left,0
2195,2196,3,6356.4800000000005,5516.24,2370.92,1.0,2195,303,BLAa,BLA,42,left,0
2196,2197,3,6355.04,5516.0,2372.32,0.08203125,2196,303,BLAa,BLA,42,left,0
2197,2198,3,6353.48,5519.24,2372.0200000000004,1.08203125,2197,303,BLAa,BLA,42,left,0
2198,2199,3,6351.72,5522.039999999999,2371.720000000001,1.33203125,2198,303,BLAa,BLA,42,left,0
2199,2200,3,6351.4,5526.219999999999,2370.98,0.66796875,2199,303,BLAa,BLA,42,left,0
2200,2201,3,6349.9800000000005,5528.6,2371.0,0.66796875,2200,303,BLAa,BLA,42,left,0
2201,2202,3,6348.379999999999,5528.3,2372.0599999999995,1.16796875,2201,303,BLAa,BLA,42,left,0
2202,2203,3,6347.799999999999,5531.74,2372.4400000000005,1.5,2202,303,BLAa,BLA,42,left,0
2203,2204,3,6347.7,5535.24,2373.4,1.0,2203,303,BLAa,BLA,42,left,0
2204,2205,3,6347.52,5538.62,2373.9400000000005,1.0,2204,303,BLAa,BLA,42,left,0
2205,2206,3,6346.5,5539.6,2374.220000000001,1.0,2205,303,BLAa,BLA,42,left,0
4567,4568,3,6484.360000000001,5627.58,2350.26,0.0546875,1618,303,BLAa,BLA,51,left,0
4568,4569,3,6484.86,5631.4800000000005,2351.6000000000004,1.08203125,4568,303,BLAa,BLA,51,left,0
4569,4570,3,6484.84,5634.400000000001,2353.58,1.16796875,4569,303,BLAa,BLA,51,left,0
4570,4571,3,6485.54,5636.26,2354.539999999999,0.5,4570,303,BLAa,BLA,51,left,0
4571,4572,3,6485.72,5638.9400000000005,2355.8600000000006,1.5,4571,303,BLAa,BLA,51,left,0
4572,4573,3,6485.52,5642.94,2356.2000000000007,1.0,4572,303,BLAa,BLA,51,left,0
4573,4574,3,6485.860000000001,5646.5,2355.72,1.0,4573,303,BLAa,BLA,51,left,0
4574,4575,3,6487.32,5650.52,2355.08,1.0,4574,303,BLAa,BLA,51,left,0
4575,4576,3,6489.120000000001,5654.42,2354.08,0.5,4575,303,BLAa,BLA,51,left,0
4576,4577,3,6491.06,5656.76,2352.74,0.66796875,4576,303,BLAa,BLA,51,left,0
4577,4578,3,6493.74,5660.76,2351.8,0.91796875,4577,303,BLAa,BLA,51,left,0
4578,4579,3,6494.880000000001,5663.780000000001,2351.32,1.0,4578,303,BLAa,BLA,51,left,0
4579,4580,3,6496.78,5665.52,2350.5600000000013,0.11328125,4579,303,BLAa,BLA,51,left,0
4580,4581,3,6498.24,5667.4,2349.3600000000006,0.66796875,4580,303,BLAa,BLA,51,left,0
4581,4582,3,6500.54,5671.14,2348.5,1.0,4581,303,BLAa,BLA,51,left,0
4582,4583,3,6501.4400000000005,5674.719999999999,2347.6399999999994,0.75,4582,303,BLAa,BLA,51,left,0
4583,4584,3,6502.820000000001,5677.68,2345.66,0.5,4583,303,BLAa,BLA,51,left,0
4584,4585,3,6503.86,5680.34,2343.42,0.83203125,4584,303,BLAa,BLA,51,left,0
4585,4586,3,6505.2,5684.120000000001,2340.9400000000005,0.83203125,4585,303,BLAa,BLA,51,left,0
4586,4587,3,6507.0,5688.88,2338.9400000000005,1.0,4586,303,BLAa,BLA,51,left,0
4587,4588,3,6507.16,5692.54,2338.5,1.0,4587,303,BLAa,BLA,51,left,0
4588,4589,3,6507.34,5695.78,2338.0999999999985,1.0,4588,303,BLAa,BLA,51,left,0
4589,4590,3,6510.06,5702.780000000001,2337.0,1.0,4589,303,BLAa,BLA,51,left,0
4590,4591,3,6511.82,5707.960000000001,2336.84,1.16796875,4590,303,BLAa,BLA,51,left,0
4591,4592,3,6512.64,5710.18,2337.1800000000003,1.0,4591,303,BLAa,BLA,51,left,0
4592,4593,3,6512.64,5713.8,2336.84,0.11328125,4592,303,BLAa,BLA,51,left,0
4593,4594,3,6512.380000000001,5717.06,2336.5,0.75,4593,303,BLAa,BLA,51,left,0
4594,4595,3,6512.759999999999,5719.679999999999,2336.16,0.58203125,4594,303,BLAa,BLA,51,left,0
4595,4596,3,6513.959999999999,5721.7,2335.82,1.0,4595,303,BLAa,BLA,51,left,0
4596,4597,3,6514.120000000001,5724.700000000001,2335.620000000001,0.91796875,4596,303,BLAa,BLA,51,left,0
4597,4598,3,6513.8,5728.780000000001,2336.3,0.91796875,4597,303,BLAa,BLA,51,left,0
4598,4599,3,6513.7,5732.32,2336.0200000000004,1.0,4598,303,BLAa,BLA,51,left,0
4599,4600,3,6514.22,5736.52,2335.5,1.08203125,4599,303,BLAa,BLA,51,left,0
4600,4601,3,6514.139999999999,5740.02,2335.119999999999,1.0,4600,303,BLAa,BLA,51,left,0
4601,4602,3,6514.679999999999,5743.16,2334.72,0.91796875,4601,303,BLAa,BLA,51,left,0
4602,4603,3,6515.299999999999,5746.82,2334.26,0.75,4602,303,BLAa,BLA,51,left,0
4603,4604,3,6516.42,5748.959999999999,2334.1399999999994,1.0,4603,303,BLAa,BLA,51,left,0
4604,4605,3,6516.5,5750.639999999999,2334.880000000001,0.75,4604,303,BLAa,BLA,51,left,0
4605,4606,3,6516.14,5754.38,2334.74,1.16796875,4605,303,BLAa,BLA,51,left,0
4606,4607,3,6515.8,5757.780000000001,2334.400000000001,0.75,4606,303,BLAa,BLA,51,left,0
4607,4608,3,6516.3,5760.700000000001,2334.5,1.0,4607,303,BLAa,BLA,51,left,0
4608,4609,3,6517.7,5762.9,2334.92,1.0,4608,303,BLAa,BLA,51,left,0
4609,4610,3,6518.400000000001,5766.599999999999,2334.5599999999995,1.5,4609,303,BLAa,BLA,51,left,0
4610,4611,3,6517.86,5771.4400000000005,2334.1000000000004,1.0,4610,303,BLAa,BLA,51,left,0
4611,4612,3,6517.380000000001,5775.68,2333.7000000000007,1.0,4611,303,BLAa,BLA,51,left,0
4612,4613,3,6517.06,5778.5,2333.42,1.0,4612,303,BLAa,BLA,51,left,0
4613,4614,3,6515.900000000001,5779.700000000001,2333.7800000000007,0.11328125,4613,303,BLAa,BLA,51,left,0
4614,4615,3,6515.259999999999,5782.039999999999,2334.5200000000004,0.91796875,4614,303,BLAa,BLA,51,left,0
4615,4616,3,6514.34,5783.52,2335.42,1.0,4615,303,BLAa,BLA,51,left,0
4616,4617,3,6513.8,5787.34,2335.58,1.0,4616,303,BLAa,BLA,51,left,0
4617,4618,3,6513.46,5790.320000000001,2335.539999999999,0.66796875,4617,303,BLAa,BLA,51,left,0
4618,4619,3,6513.48,5792.12,2336.26,1.0,4618,303,BLAa,BLA,51,left,0
4619,4620,3,6514.48,5793.68,2336.22,1.0,4619,303,BLAa,BLA,51,left,0
4620,4621,3,6515.06,5797.1,2335.98,0.91796875,4620,303,BLAa,BLA,51,left,0
4621,4622,3,6514.92,5799.64,2336.5599999999995,0.91796875,4621,303,BLAa,BLA,51,left,0
4622,4623,3,6515.4,5803.58,2336.380000000001,0.83203125,4622,303,BLAa,BLA,51,left,0
4623,4624,3,6515.18,5806.599999999999,2335.34,1.0,4623,303,BLAa,BLA,51,left,0
4624,4625,3,6516.1,5808.82,2334.460000000001,0.91796875,4624,303,BLAa,BLA,51,left,0
4625,4626,3,6516.620000000001,5812.14,2334.0599999999995,1.0,4625,303,BLAa,BLA,51,left,0
4626,4627,3,6516.12,5815.92,2333.72,1.0,4626,303,BLAa,BLA,51,left,0
4627,4628,3,6515.82,5818.74,2332.9400000000005,0.66796875,4627,303,BLAa,BLA,51,left,0
4628,4629,3,6516.2,5820.66,2331.9399999999987,0.5,4628,303,BLAa,BLA,51,left,0
4629,4630,3,6516.0,5824.880000000001,2331.22,0.91796875,4629,303,BLAa,BLA,51,left,0
4630,4631,3,6515.860000000001,5827.36,2330.119999999999,1.41796875,4630,303,BLAa,BLA,51,left,0
4631,4632,3,6517.42,5829.24,2328.880000000001,0.75,4631,303,BLAa,BLA,51,left,0
4632,4633,3,6519.2,5830.280000000001,2326.84,1.0,4632,303,BLAa,BLA,51,left,0
4633,4634,3,6520.280000000001,5831.5,2324.0200000000004,0.83203125,4633,303,BLAa,BLA,51,left,0
4634,4635,3,6521.58,5834.8,2321.1800000000003,0.5,4634,303,BLAa,BLA,51,left,0
4635,4636,3,6522.74,5837.3,2319.8600000000006,0.75,4635,303,BLAa,BLA,51,left,0
4636,4637,3,6523.76,5839.099999999999,2319.1399999999994,0.125,4636,303,BLAa,BLA,51,left,0
4637,4638,3,6524.46,5841.08,2317.26,0.83203125,4637,303,BLAa,BLA,51,left,0
4638,4639,3,6525.76,5843.16,2315.1399999999994,1.0,4638,303,BLAa,BLA,51,left,0
4639,4640,3,6528.06,5846.4800000000005,2313.74,0.83203125,4639,303,BLAa,BLA,51,left,0
4640,4641,3,6529.48,5849.02,2312.4400000000005,0.83203125,4640,303,BLAa,BLA,51,left,0
4641,4642,3,6530.78,5852.28,2311.8,0.5,4641,303,BLAa,BLA,51,left,0
4642,4643,3,6532.16,5854.400000000001,2311.42,1.0,4642,303,BLAa,BLA,51,left,0
4643,4644,3,6533.76,5857.36,2310.959999999999,1.0,4643,303,BLAa,BLA,51,left,0
4644,4645,3,6534.82,5860.74,2310.2800000000007,1.0,4644,303,BLAa,BLA,51,left,0
4645,4646,3,6536.4,5862.72,2309.040000000001,0.5,4645,303,BLAa,BLA,51,left,0
4646,4647,3,6538.26,5867.619999999999,2308.039999999999,1.0,4646,303,BLAa,BLA,51,left,0
4647,4648,3,6540.24,5871.5,2306.4,0.91796875,4647,303,BLAa,BLA,51,left,0
4648,4649,3,6540.72,5873.06,2304.84,0.91796875,4648,303,BLAa,BLA,51,left,0
4649,4650,3,6541.040000000001,5874.9,2304.2800000000007,0.15234375,4649,303,BLAa,BLA,51,left,0
4650,4651,3,6542.780000000001,5876.02,2303.92,1.0,4650,303,BLAa,BLA,51,left,0
4651,4652,3,6544.5,5876.82,2303.66,1.0,4651,303,BLAa,BLA,51,left,0
4652,4653,3,6545.72,5878.8,2303.34,1.16796875,4652,303,BLAa,BLA,51,left,0
4653,4654,3,6546.26,5881.280000000001,2303.0200000000004,1.0,4653,303,BLAa,BLA,51,left,0
4654,4655,3,6547.92,5884.679999999999,2302.5,1.25,4654,303,BLAa,BLA,51,left,0
4655,4656,3,6548.7,5887.1,2301.9399999999987,1.0,4655,303,BLAa,BLA,51,left,0
4656,4657,3,6550.08,5888.099999999999,2300.7000000000007,0.91796875,4656,303,BLAa,BLA,51,left,0
4657,4658,3,6551.860000000001,5889.64,2300.4,0.83203125,4657,303,BLAa,BLA,51,left,0
4658,4659,3,6552.36,5891.4800000000005,2301.0,1.25,4658,303,BLAa,BLA,51,left,0
4659,4660,3,6554.08,5894.28,2300.9,1.0,4659,303,BLAa,BLA,51,left,0
4660,4661,3,6555.639999999999,5896.900000000001,2300.460000000001,0.66796875,4660,303,BLAa,BLA,51,left,0
4661,4662,3,6557.619999999999,5898.28,2300.119999999999,1.0,4661,303,BLAa,BLA,51,left,1
4662,4663,3,6483.74,5628.58,2346.720000000001,0.0546875,1618,303,BLAa,BLA,52,left,0
4663,4664,3,6483.86,5633.58,2344.24,0.83203125,4663,303,BLAa,BLA,52,left,0
4664,4665,3,6484.42,5636.2,2342.76,0.5,4664,303,BLAa,BLA,52,left,0
4665,4666,3,6484.28,5640.1,2341.0200000000004,0.66796875,4665,303,BLAa,BLA,52,left,0
4666,4667,3,6483.9800000000005,5644.8,2339.4399999999987,1.0,4666,303,BLAa,BLA,52,left,0
4667,4668,3,6484.04,5649.04,2337.380000000001,0.5,4667,303,BLAa,BLA,52,left,0
4668,4669,3,6484.539999999999,5652.34,2335.6399999999994,1.25,4668,303,BLAa,BLA,52,left,0
4669,4670,3,6484.38,5657.28,2334.2800000000007,1.0,4669,303,BLAa,BLA,52,left,0
4670,4671,3,6484.02,5663.0,2333.58,0.02734375,4670,303,BLAa,BLA,52,left,0
4671,4672,3,6484.42,5665.74,2333.2000000000007,1.0,4671,303,BLAa,BLA,52,left,0
4672,4673,3,6486.12,5667.179999999999,2332.0200000000004,1.16796875,4672,303,BLAa,BLA,52,left,0
4673,4674,3,6487.7,5669.06,2329.84,1.0,4673,303,BLAa,BLA,52,left,0
4674,4675,3,6488.339999999999,5671.660000000001,2328.34,1.25,4674,303,BLAa,BLA,52,left,0
4675,4676,3,6490.52,5675.98,2327.140000000001,1.0,4675,303,BLAa,BLA,52,left,0
4676,4677,3,6491.4800000000005,5678.5,2325.98,1.08203125,4676,303,BLAa,BLA,52,left,0
4677,4678,3,6493.4400000000005,5681.3,2324.880000000001,1.0,4677,303,BLAa,BLA,52,left,0
4678,4679,3,6494.9400000000005,5685.08,2324.0599999999995,0.83203125,4678,303,BLAa,BLA,52,left,0
4679,4680,3,6496.0,5687.94,2322.74,0.5,4679,303,BLAa,BLA,52,left,0
4680,4681,3,6498.4400000000005,5691.92,2321.699999999999,1.0,4680,303,BLAa,BLA,52,left,0
4681,4682,3,6499.44,5694.24,2321.32,1.0,4681,303,BLAa,BLA,52,left,0
4682,4683,3,6500.18,5698.3,2320.76,1.0,4682,303,BLAa,BLA,52,left,0
4683,4684,3,6500.259999999999,5702.58,2319.6800000000003,0.75,4683,303,BLAa,BLA,52,left,0
4684,4685,3,6501.660000000001,5705.299999999999,2318.0200000000004,0.5,4684,303,BLAa,BLA,52,left,0
4685,4686,3,6504.42,5709.58,2316.24,1.0,4685,303,BLAa,BLA,52,left,0
4686,4687,3,6505.78,5712.1,2315.800000000001,1.0,4686,303,BLAa,BLA,52,left,0
4687,4688,3,6506.14,5714.32,2313.58,0.0546875,4687,303,BLAa,BLA,52,left,0
4688,4689,3,6507.74,5717.039999999999,2311.900000000001,0.83203125,4688,303,BLAa,BLA,52,left,0
4689,4690,3,6508.200000000001,5720.1,2310.66,1.0,4689,303,BLAa,BLA,52,left,0
4690,4691,3,6508.3,5725.56,2309.74,0.91796875,4690,303,BLAa,BLA,52,left,0
4691,4692,3,6507.94,5728.6,2308.08,0.5,4691,303,BLAa,BLA,52,left,0
4692,4693,3,6507.7,5730.48,2306.5599999999995,0.5,4692,303,BLAa,BLA,52,left,0
4693,4694,3,6508.5,5731.98,2305.040000000001,1.0,4693,303,BLAa,BLA,52,left,0
4694,4695,3,6510.24,5733.02,2303.76,1.0,4694,303,BLAa,BLA,52,left,0
4695,4696,3,6512.619999999999,5734.56,2302.3600000000006,0.5,4695,303,BLAa,BLA,52,left,0
4696,4697,3,6513.24,5736.24,2301.34,1.08203125,4696,303,BLAa,BLA,52,left,0
4697,4698,3,6514.880000000001,5741.040000000001,2300.5,1.0,4697,303,BLAa,BLA,52,left,0
4698,4699,3,6516.58,5743.8,2299.48,1.0,4698,303,BLAa,BLA,52,left,0
4699,4700,3,6518.0,5745.0,2298.4400000000005,1.0,4699,303,BLAa,BLA,52,left,0
4700,4701,3,6518.68,5747.4400000000005,2297.9,0.91796875,4700,303,BLAa,BLA,52,left,0
4701,4702,3,6518.4400000000005,5749.24,2296.960000000001,1.0,4701,303,BLAa,BLA,52,left,0
4702,4703,3,6518.76,5753.64,2295.48,1.25,4702,303,BLAa,BLA,52,left,0
4703,4704,3,6519.48,5756.4800000000005,2293.84,0.83203125,4703,303,BLAa,BLA,52,left,0
4704,4705,3,6521.16,5758.400000000001,2291.540000000001,1.41796875,4704,303,BLAa,BLA,52,left,0
4705,4706,3,6522.68,5760.5,2290.0200000000004,1.16796875,4705,303,BLAa,BLA,52,left,0
4706,4707,3,6524.5,5762.52,2288.82,1.0,4706,303,BLAa,BLA,52,left,0
4707,4708,3,6524.62,5764.62,2288.120000000001,1.33203125,4707,303,BLAa,BLA,52,left,0
4708,4709,3,6524.42,5765.58,2286.1800000000003,1.16796875,4708,303,BLAa,BLA,52,left,0
4709,4710,3,6525.2,5767.6,2285.48,0.12890625,4709,303,BLAa,BLA,52,left,0
4710,4711,3,6526.799999999999,5768.88,2285.119999999999,0.66796875,4710,303,BLAa,BLA,52,left,0
4711,4712,3,6528.16,5771.040000000001,2284.3,1.0,4711,303,BLAa,BLA,52,left,0
4712,4713,3,6529.62,5773.379999999999,2282.6399999999994,0.5,4712,303,BLAa,BLA,52,left,0
4713,4714,3,6530.72,5776.660000000001,2281.08,1.0,4713,303,BLAa,BLA,52,left,0
4714,4715,3,6530.62,5780.839999999999,2280.620000000001,1.0,4714,303,BLAa,BLA,52,left,0
4715,4716,3,6530.1,5784.880000000001,2280.24,1.16796875,4715,303,BLAa,BLA,52,left,0
4716,4717,3,6529.740000000001,5787.6,2279.959999999999,1.0,4716,303,BLAa,BLA,52,left,0
4717,4718,3,6530.16,5790.320000000001,2279.1399999999994,1.0,4717,303,BLAa,BLA,52,left,0
4718,4719,3,6531.4800000000005,5792.4,2277.84,0.75,4718,303,BLAa,BLA,52,left,0
4719,4720,3,6532.92,5793.82,2276.4,0.66796875,4719,303,BLAa,BLA,52,left,0
4720,4721,3,6533.76,5795.74,2275.879999999999,1.0,4720,303,BLAa,BLA,52,left,0
4721,4722,3,6533.959999999999,5799.6,2275.42,1.0,4721,303,BLAa,BLA,52,left,0
4722,4723,3,6534.02,5802.179999999999,2275.1399999999994,1.08203125,4722,303,BLAa,BLA,52,left,0
4723,4724,3,6535.42,5803.64,2274.84,1.0,4723,303,BLAa,BLA,52,left,0
4724,4725,3,6451.14,5612.4400000000005,2334.199999999999,0.01953125,1695,303,BLAa,BLA,53,left,0
4725,4726,3,6450.08,5612.619999999999,2332.0599999999995,1.83203125,4725,303,BLAa,BLA,53,left,0
4726,4727,3,6450.08,5613.200000000001,2329.58,1.58203125,4726,303,BLAa,BLA,53,left,0
4727,4728,3,6449.740000000001,5618.12,2327.140000000001,0.04296875,4727,303,BLAa,BLA,53,left,0
4728,4729,3,6448.82,5620.44,2325.220000000001,0.75,4728,303,BLAa,BLA,53,left,0
4729,4730,3,6448.28,5624.6,2322.66,1.5,4729,303,BLAa,BLA,53,left,0
4730,4731,3,6448.099999999999,5627.88,2321.0,1.0,4730,303,BLAa,BLA,53,left,0
4731,4732,3,6448.0,5630.04,2318.9,0.91796875,4731,303,BLAa,BLA,53,left,0
4732,4733,3,6447.94,5631.06,2316.720000000001,0.5,4732,303,BLAa,BLA,53,left,0
4733,4734,3,6447.84,5632.88,2315.6399999999994,1.0,4733,303,BLAa,BLA,53,left,0
4734,4735,3,6447.72,5635.0,2313.08,0.0546875,4734,303,BLAa,BLA,53,left,0
4735,4736,3,6447.58,5637.179999999999,2310.4,0.66796875,4735,303,BLAa,BLA,53,left,0
4736,4737,3,6447.52,5638.48,2306.7800000000007,0.91796875,4736,303,BLAa,BLA,53,left,0
4737,4738,3,6447.56,5637.820000000001,2304.74,1.5,4737,303,BLAa,BLA,53,left,0
4738,4739,3,6447.58,5637.84,2301.960000000001,1.0,4738,303,BLAa,BLA,53,left,0
4739,4740,3,6446.98,5637.92,2300.26,1.0,4739,303,BLAa,BLA,53,left,0
4740,4741,3,6445.299999999999,5635.68,2299.92,0.91796875,4740,303,BLAa,BLA,53,left,0
4741,4742,3,6444.52,5633.82,2298.7800000000007,0.58203125,4741,303,BLAa,BLA,53,left,0
4742,4743,3,6444.400000000001,5633.32,2296.32,0.5,4742,303,BLAa,BLA,53,left,0
4743,4744,3,6444.62,5632.52,2294.32,0.91796875,4743,303,BLAa,BLA,53,left,0
4744,4745,3,6445.299999999999,5633.18,2292.1000000000004,0.66796875,4744,303,BLAa,BLA,53,left,1
4745,4746,3,6451.02,5612.74,2335.42,0.015625,1695,303,BLAa,BLA,54,left,0
4746,4747,3,6449.56,5614.56,2335.58,1.0,4746,303,BLAa,BLA,54,left,0
4747,4748,3,6447.92,5615.62,2335.620000000001,1.33203125,4747,303,BLAa,BLA,54,left,0
4748,4749,3,6447.02,5618.5,2335.32,1.08203125,4748,303,BLAa,BLA,54,left,0
4749,4750,3,6445.54,5619.56,2335.34,0.5,4749,303,BLAa,BLA,54,left,0
4750,4751,3,6444.880000000001,5621.280000000001,2333.300000000001,1.0,4750,303,BLAa,BLA,54,left,0
4751,4752,3,6444.78,5623.08,2330.72,1.25,4751,303,BLAa,BLA,54,left,0
4752,4753,3,6443.540000000001,5624.700000000001,2328.1399999999994,0.58203125,4752,303,BLAa,BLA,54,left,0
4753,4754,3,6441.900000000001,5625.460000000001,2327.2000000000007,0.91796875,4753,303,BLAa,BLA,54,left,0
4754,4755,3,6440.299999999999,5627.94,2326.32,0.5,4754,303,BLAa,BLA,54,left,0
4755,4756,3,6439.02,5627.84,2325.66,0.91796875,4755,303,BLAa,BLA,54,left,0
4756,4757,3,6436.280000000001,5626.82,2324.72,0.02734375,4756,303,BLAa,BLA,54,left,0
4757,4758,3,6435.14,5627.84,2323.8600000000006,0.91796875,4757,303,BLAa,BLA,54,left,0
4758,4759,3,6434.6,5628.26,2322.26,0.58203125,4758,303,BLAa,BLA,54,left,0
4759,4760,3,6433.26,5627.68,2321.66,1.25,4759,303,BLAa,BLA,54,left,0
4760,4761,3,6431.94,5627.4,2319.880000000001,1.08203125,4760,303,BLAa,BLA,54,left,0
4761,4762,3,6430.839999999999,5627.42,2317.32,0.75,4761,303,BLAa,BLA,54,left,0
4762,4763,3,6429.18,5626.78,2316.32,0.58203125,4762,303,BLAa,BLA,54,left,0
4763,4764,3,6427.46,5626.219999999999,2315.5600000000013,1.16796875,4763,303,BLAa,BLA,54,left,0
4764,4765,3,6426.1,5627.06,2314.640000000001,0.75,4764,303,BLAa,BLA,54,left,0
4765,4766,3,6424.04,5627.5,2313.379999999999,1.08203125,4765,303,BLAa,BLA,54,left,0
4766,4767,3,6423.0,5628.84,2311.4,0.83203125,4766,303,BLAa,BLA,54,left,0
4767,4768,3,6420.639999999999,5629.42,2310.82,0.75,4767,303,BLAa,BLA,54,left,0
4768,4769,3,6418.66,5628.66,2310.380000000001,0.58203125,4768,303,BLAa,BLA,54,left,0
4769,4770,3,6416.72,5629.02,2309.66,0.5,4769,303,BLAa,BLA,54,left,0
4770,4771,3,6415.98,5630.8,2308.66,0.91796875,4770,303,BLAa,BLA,54,left,0
4771,4772,3,6414.099999999999,5632.34,2308.459999999999,1.0,4771,303,BLAa,BLA,54,left,0
4772,4773,3,6412.72,5634.539999999999,2308.279999999999,1.0,4772,303,BLAa,BLA,54,left,0
4773,4774,3,6410.44,5635.48,2308.4,1.08203125,4773,303,BLAa,BLA,54,left,0
4774,4775,3,6408.4400000000005,5636.34,2308.48,1.5,4774,303,BLAa,BLA,54,left,0
4775,4776,3,6406.06,5638.18,2308.1399999999994,0.91796875,4775,303,BLAa,BLA,54,left,0
4776,4777,3,6404.34,5639.120000000001,2307.34,0.5,4776,303,BLAa,BLA,54,left,0
4777,4778,3,6401.12,5638.88,2307.540000000001,1.0,4777,303,BLAa,BLA,54,left,0
4778,4779,3,6399.18,5639.48,2307.66,0.75,4778,303,BLAa,BLA,54,left,0
4779,4780,3,6396.660000000001,5640.44,2307.7800000000007,1.0,4779,303,BLAa,BLA,54,left,0
4780,4781,3,6394.64,5641.860000000001,2307.8,1.0,4780,303,BLAa,BLA,54,left,0
4781,4782,3,6392.88,5642.64,2307.6800000000003,0.5,4781,303,BLAa,BLA,54,left,0
4782,4783,3,6392.179999999999,5644.5,2306.66,0.75,4782,303,BLAa,BLA,54,left,0
4783,4784,3,6390.24,5646.4800000000005,2306.26,1.0,4783,303,BLAa,BLA,54,left,0
4784,4785,3,6388.339999999999,5647.619999999999,2306.3,1.0,4784,303,BLAa,BLA,54,left,0
4785,4786,3,6387.34,5651.4,2305.9,1.0,4785,303,BLAa,BLA,54,left,0
4786,4787,3,6386.76,5655.06,2305.460000000001,1.0,4786,303,BLAa,BLA,54,left,0
4787,4788,3,6385.259999999999,5656.74,2305.539999999999,0.5,4787,303,BLAa,BLA,54,left,0
4788,4789,3,6384.52,5659.18,2306.3600000000006,0.91796875,4788,303,BLAa,BLA,54,left,0
4789,4790,3,6383.16,5662.380000000001,2306.8600000000006,1.0,4789,303,BLAa,BLA,54,left,0
4790,4791,3,6381.4400000000005,5662.86,2308.0,1.0,4790,303,BLAa,BLA,54,left,0
4791,4792,3,6380.0,5662.4,2309.199999999999,1.0,4791,303,BLAa,BLA,54,left,0
4792,4793,3,6376.72,5660.5,2309.9,0.03515625,4792,303,BLAa,BLA,54,left,0
4793,4794,3,6374.84,5658.360000000001,2310.4,0.58203125,4793,303,BLAa,BLA,54,left,0
4794,4795,3,6372.42,5656.56,2310.3599999999988,1.0,4794,303,BLAa,BLA,54,left,0
4795,4796,3,6371.1,5655.22,2309.92,1.25,4795,303,BLAa,BLA,54,left,0
4796,4797,3,6368.26,5652.7,2310.48,1.0,4796,303,BLAa,BLA,54,left,0
4797,4798,3,6365.700000000001,5651.4400000000005,2310.82,1.16796875,4797,303,BLAa,BLA,54,left,0
4798,4799,3,6364.32,5651.040000000001,2310.26,0.91796875,4798,884,amc,amc,54,left,0
4799,4800,3,6362.54,5651.660000000001,2309.8600000000006,0.75,4799,884,amc,amc,54,left,0
4800,4801,3,6360.48,5651.72,2310.0599999999995,1.0,4800,884,amc,amc,54,left,0
4801,4802,3,6358.76,5653.0,2310.08,1.25,4801,884,amc,amc,54,left,0
4802,4803,3,6356.84,5653.24,2310.24,1.08203125,4802,884,amc,amc,54,left,0
4803,4804,3,6354.719999999999,5652.74,2310.539999999999,1.0,4803,884,amc,amc,54,left,0
4804,4805,3,6352.98,5653.32,2310.6399999999994,1.0,4804,884,amc,amc,54,left,0
4805,4806,3,6351.860000000001,5654.56,2311.24,0.58203125,4805,884,amc,amc,54,left,0
4806,4807,3,6351.54,5655.639999999999,2312.42,0.75,4806,884,amc,amc,54,left,0
4807,4808,3,6348.88,5654.64,2313.66,1.16796875,4807,884,amc,amc,54,left,0
4808,4809,3,6345.68,5653.06,2314.199999999999,1.41796875,4808,884,amc,amc,54,left,0
4809,4810,3,6343.52,5652.0,2314.5599999999995,1.0,4809,884,amc,amc,54,left,0
4810,4811,3,6341.94,5651.24,2314.84,1.0,4810,884,amc,amc,54,left,1
4811,4812,3,6448.4400000000005,5409.400000000001,2415.220000000001,0.11328125,1754,477,STR,STR,55,left,0
4812,4813,3,6445.68,5409.06,2415.82,0.5,4812,477,STR,STR,55,left,0
4813,4814,3,6443.6,5407.66,2417.0200000000004,0.83203125,4813,477,STR,STR,55,left,0
4814,4815,3,6441.58,5407.32,2417.8,0.66796875,4814,477,STR,STR,55,left,0
4815,4816,3,6439.38,5405.06,2419.26,1.0,4815,477,STR,STR,55,left,0
4816,4817,3,6436.82,5402.36,2421.22,0.91796875,4816,477,STR,STR,55,left,0
4817,4818,3,6435.22,5402.02,2421.620000000001,0.58203125,4817,477,STR,STR,55,left,0
4818,4819,3,6432.960000000001,5400.9400000000005,2422.74,0.5,4818,477,STR,STR,55,left,0
4819,4820,3,6431.3,5400.700000000001,2424.0200000000004,0.58203125,4819,477,STR,STR,55,left,0
4820,4821,3,6428.719999999999,5400.16,2425.3,1.08203125,4820,477,STR,STR,55,left,0
4821,4822,3,6426.36,5398.3,2427.039999999999,1.0,4821,477,STR,STR,55,left,0
4822,4823,3,6424.880000000001,5397.88,2428.0200000000004,0.58203125,4822,477,STR,STR,55,left,0
4823,4824,3,6424.26,5399.92,2428.279999999999,1.5,4823,477,STR,STR,55,left,0
4824,4825,3,6422.42,5398.86,2429.82,0.91796875,4824,477,STR,STR,55,left,0
4825,4826,3,6420.76,5398.8,2431.2000000000007,0.5,4825,477,STR,STR,55,left,0
4826,4827,3,6419.28,5397.4400000000005,2433.0999999999985,1.0,4826,477,STR,STR,55,left,0
4827,4828,3,6417.200000000001,5395.18,2435.5,1.0,4827,477,STR,STR,55,left,0
4828,4829,3,6415.18,5393.28,2437.0599999999995,1.0,4828,477,STR,STR,55,left,0
4829,4830,3,6413.42,5391.76,2438.74,0.75,4829,477,STR,STR,55,left,0
4830,4831,3,6411.219999999999,5390.1,2440.26,0.5,4830,477,STR,STR,55,left,0
4831,4832,3,6409.08,5389.62,2440.959999999999,0.91796875,4831,477,STR,STR,55,left,0
4832,4833,3,6406.74,5388.9400000000005,2442.08,1.0,4832,477,STR,STR,55,left,0
4833,4834,3,6405.16,5389.04,2442.540000000001,1.0,4833,477,STR,STR,55,left,0
4834,4835,3,6402.5,5388.0,2443.959999999999,0.02734375,4834,477,STR,STR,55,left,0
4835,4836,3,6399.66,5387.06,2444.58,1.0,4835,477,STR,STR,55,left,0
4836,4837,3,6398.0,5386.42,2445.5,1.08203125,4836,477,STR,STR,55,left,0
4837,4838,3,6396.42,5386.4800000000005,2446.3600000000006,0.75,4837,477,STR,STR,55,left,0
4838,4839,3,6393.82,5386.68,2447.48,0.91796875,4838,477,STR,STR,55,left,0
4839,4840,3,6392.16,5387.34,2448.0,1.0,4839,477,STR,STR,55,left,0
4840,4841,3,6390.68,5386.54,2449.42,1.0,4840,477,STR,STR,55,left,0
4841,4842,3,6388.18,5385.9400000000005,2450.5600000000013,1.0,4841,477,STR,STR,55,left,0
4842,4843,3,6386.68,5385.900000000001,2451.4,0.5,4842,477,STR,STR,55,left,0
4843,4844,3,6384.740000000001,5386.12,2451.92,1.0,4843,477,STR,STR,55,left,0
4844,4845,3,6383.06,5385.320000000001,2452.4,1.0,4844,477,STR,STR,55,left,0
4845,4846,3,6381.42,5384.299999999999,2453.459999999999,0.91796875,4845,477,STR,STR,55,left,0
4846,4847,3,6379.78,5383.48,2454.0599999999995,1.0,4846,477,STR,STR,55,left,0
4847,4848,3,6378.12,5382.56,2455.1000000000004,0.91796875,4847,477,STR,STR,55,left,0
4848,4849,3,6376.42,5382.039999999999,2455.5,0.91796875,4848,477,STR,STR,55,left,0
4849,4850,3,6375.48,5383.06,2455.5200000000004,1.0,4849,477,STR,STR,55,left,0
4850,4851,3,6372.820000000001,5381.7,2457.279999999999,0.01953125,4850,477,STR,STR,55,left,0
4851,4852,3,6371.56,5381.96,2458.120000000001,1.0,4851,477,STR,STR,55,left,0
4852,4853,3,6369.58,5381.52,2459.1399999999994,1.0,4852,477,STR,STR,55,left,0
4853,4854,3,6367.799999999999,5380.460000000001,2460.66,0.5,4853,477,STR,STR,55,left,0
4854,4855,3,6365.82,5379.38,2461.92,1.0,4854,477,STR,STR,55,left,0
4855,4856,3,6363.68,5378.3,2462.82,0.75,4855,477,STR,STR,55,left,0
4856,4857,3,6361.459999999999,5377.46,2463.9400000000005,0.91796875,4856,477,STR,STR,55,left,0
4857,4858,3,6359.34,5377.68,2464.26,1.0,4857,477,STR,STR,55,left,0
4858,4859,3,6356.4800000000005,5377.36,2464.66,1.0,4858,477,STR,STR,55,left,0
4859,4860,3,6353.9800000000005,5376.52,2465.119999999999,0.91796875,4859,477,STR,STR,55,left,0
4860,4861,3,6352.56,5375.9400000000005,2465.9,1.0,4860,477,STR,STR,55,left,0
4861,4862,3,6349.9800000000005,5375.02,2466.66,1.0,4861,477,STR,STR,55,left,0
4862,4863,3,6347.32,5374.160000000001,2467.08,1.16796875,4862,477,STR,STR,55,left,0
4863,4864,3,6345.38,5373.4400000000005,2467.8,1.58203125,4863,477,STR,STR,55,left,0
4864,4865,3,6343.06,5372.84,2468.6800000000003,1.33203125,4864,477,STR,STR,55,left,0
4865,4866,3,6341.42,5372.4800000000005,2468.880000000001,1.0,4865,477,STR,STR,55,left,1
4866,4867,3,6448.76,5406.5,2416.119999999999,0.0546875,1754,477,STR,STR,56,left,0
4867,4868,3,6446.94,5403.52,2417.9400000000005,0.66796875,4867,477,STR,STR,56,left,0
4868,4869,3,6446.58,5400.74,2419.76,1.0,4868,477,STR,STR,56,left,0
4869,4870,3,6446.4400000000005,5398.16,2422.1800000000003,1.0,4869,477,STR,STR,56,left,0
4870,4871,3,6445.66,5397.200000000001,2423.5,0.5,4870,477,STR,STR,56,left,0
4871,4872,3,6445.460000000001,5396.52,2425.9400000000005,1.0,4871,477,STR,STR,56,left,0
4872,4873,3,6445.460000000001,5395.82,2429.24,1.0,4872,477,STR,STR,56,left,0
4873,4874,3,6445.02,5394.880000000001,2431.7800000000007,1.0,4873,477,STR,STR,56,left,0
4874,4875,3,6444.38,5393.76,2433.540000000001,0.83203125,4874,477,STR,STR,56,left,0
4875,4876,3,6444.44,5391.799999999999,2434.7000000000007,1.0,4875,477,STR,STR,56,left,0
4876,4877,3,6443.76,5392.88,2434.640000000001,0.16796875,4876,477,STR,STR,56,left,0
4877,4878,3,6442.28,5391.219999999999,2435.779999999999,0.58203125,4877,477,STR,STR,56,left,0
4878,4879,3,6441.42,5388.86,2437.66,0.91796875,4878,477,STR,STR,56,left,0
4879,4880,3,6440.1,5385.98,2439.619999999999,1.0,4879,477,STR,STR,56,left,0
4880,4881,3,6440.22,5383.48,2441.5200000000004,0.91796875,4880,477,STR,STR,56,left,0
4881,4882,3,6440.56,5379.9,2443.0,0.66796875,4881,477,STR,STR,56,left,0
4882,4883,3,6440.72,5376.76,2444.3,1.16796875,4882,477,STR,STR,56,left,0
4883,4884,3,6440.22,5373.48,2445.0200000000004,1.0,4883,477,STR,STR,56,left,0
4884,4885,3,6440.52,5371.280000000001,2445.380000000001,1.0,4884,477,STR,STR,56,left,0
4885,4886,3,6440.96,5369.120000000001,2446.3,0.83203125,4885,477,STR,STR,56,left,0
4886,4887,3,6441.660000000001,5365.599999999999,2447.6399999999994,0.83203125,4886,477,STR,STR,56,left,0
4887,4888,3,6442.380000000001,5364.04,2448.6800000000003,0.58203125,4887,477,STR,STR,56,left,0
4888,4889,3,6444.46,5363.200000000001,2449.16,1.16796875,4888,477,STR,STR,56,left,0
4889,4890,3,6446.0,5361.68,2449.640000000001,1.0,4889,477,STR,STR,56,left,0
4890,4891,3,6447.52,5359.26,2449.76,1.0,4890,477,STR,STR,56,left,0
4891,4892,3,6447.84,5357.54,2450.42,1.08203125,4891,477,STR,STR,56,left,0
4892,4893,3,6448.06,5356.620000000001,2451.720000000001,1.83203125,4892,477,STR,STR,56,left,0
4893,4894,3,6448.48,5355.18,2452.119999999999,1.0,4893,477,STR,STR,56,left,0
4894,4895,3,6446.900000000001,5353.400000000001,2453.1399999999994,0.02734375,4894,477,STR,STR,56,left,0
4895,4896,3,6447.3,5351.620000000001,2454.3600000000006,0.75,4895,477,STR,STR,56,left,0
4896,4897,3,6447.98,5349.38,2455.08,1.41796875,4896,477,STR,STR,56,left,0
4897,4898,3,6448.32,5348.06,2456.58,0.66796875,4897,477,STR,STR,56,left,0
4898,4899,3,6447.960000000001,5347.08,2458.5200000000004,0.75,4898,477,STR,STR,56,left,0
4899,4900,3,6448.139999999999,5345.860000000001,2460.48,0.5,4899,477,STR,STR,56,left,0
4900,4901,3,6448.42,5344.18,2462.16,0.75,4900,672,CP,CP,56,left,0
4901,4902,3,6448.200000000001,5342.02,2463.880000000001,1.0,4901,672,CP,CP,56,left,0
4902,4903,3,6448.08,5340.02,2464.9,0.5,4902,672,CP,CP,56,left,0
4903,4904,3,6448.719999999999,5337.88,2466.48,0.66796875,4903,672,CP,CP,56,left,0
4904,4905,3,6449.44,5336.24,2467.459999999999,1.0,4904,672,CP,CP,56,left,0
4905,4906,3,6450.22,5334.42,2468.48,1.0,4905,672,CP,CP,56,left,0
4906,4907,3,6450.900000000001,5332.84,2469.72,0.66796875,4906,672,CP,CP,56,left,0
4907,4908,3,6451.54,5331.32,2470.58,1.41796875,4907,672,CP,CP,56,left,0
4908,4909,3,6452.4800000000005,5328.9,2471.0,1.0,4908,672,CP,CP,56,left,0
4909,4910,3,6453.400000000001,5326.54,2471.0,1.16796875,4909,672,CP,CP,56,left,0
4910,4911,3,6454.04,5325.0,2470.98,1.0,4910,672,CP,CP,56,left,0
4911,4912,3,6455.259999999999,5323.84,2470.879999999999,1.0,4911,672,CP,CP,56,left,0
4912,4913,3,6456.84,5323.24,2470.72,1.0,4912,672,CP,CP,56,left,0
4913,4914,3,6458.9,5322.9,2470.5200000000004,1.0,4913,672,CP,CP,56,left,0
4914,4915,3,6459.679999999999,5321.84,2470.460000000001,1.0,4914,672,CP,CP,56,left,0
4915,4916,3,6461.18,5317.98,2470.42,0.01171875,4915,672,CP,CP,56,left,0
4916,4917,3,6462.32,5315.0,2470.4,1.08203125,4916,672,CP,CP,56,left,0
4917,4918,3,6463.26,5312.64,2470.460000000001,1.0,4917,672,CP,CP,56,left,0
4918,4919,3,6463.8,5311.34,2471.040000000001,0.58203125,4918,672,CP,CP,56,left,0
4919,4920,3,6464.740000000001,5308.959999999999,2471.380000000001,1.0,4919,672,CP,CP,56,left,0
4920,4921,3,6465.16,5307.02,2471.4,1.0,4920,672,CP,CP,56,left,0
4921,4922,3,6464.400000000001,5305.900000000001,2471.5,1.0,4921,672,CP,CP,56,left,0
4922,4923,3,6464.58,5304.120000000001,2471.540000000001,1.33203125,4922,672,CP,CP,56,left,0
4923,4924,3,6465.68,5301.280000000001,2471.5,1.33203125,4923,672,CP,CP,56,left,0
4924,4925,3,6466.660000000001,5298.8,2471.48,1.5,4924,672,CP,CP,56,left,0
4925,4926,3,6467.46,5296.78,2471.3600000000006,1.0,4925,672,CP,CP,56,left,0
4926,4927,3,6538.200000000001,5543.62,2355.16,0.0546875,2044,303,BLAa,BLA,57,left,0
4927,4928,3,6540.24,5545.2,2353.6399999999994,1.0,4927,303,BLAa,BLA,57,left,0
4928,4929,3,6542.26,5546.040000000001,2353.22,1.0,4928,303,BLAa,BLA,57,left,0
4929,4930,3,6543.379999999999,5545.68,2352.380000000001,0.5,4929,303,BLAa,BLA,57,left,0
4930,4931,3,6546.14,5547.52,2351.34,1.0,4930,303,BLAa,BLA,57,left,0
4931,4932,3,6548.4400000000005,5549.08,2350.8600000000006,1.0,4931,303,BLAa,BLA,57,left,0
4932,4933,3,6550.48,5550.48,2350.34,0.91796875,4932,303,BLAa,BLA,57,left,0
4933,4934,3,6552.0,5551.7,2349.24,0.5,4933,303,BLAa,BLA,57,left,0
4934,4935,3,6554.58,5553.66,2347.7800000000007,1.0,4934,303,BLAa,BLA,57,left,0
4935,4936,3,6555.879999999999,5554.700000000001,2346.7800000000007,1.0,4935,303,BLAa,BLA,57,left,0
4936,4937,3,6557.66,5556.12,2345.4400000000005,0.08203125,4936,303,BLAa,BLA,57,left,0
4937,4938,3,6560.54,5558.139999999999,2344.3600000000006,1.0,4937,303,BLAa,BLA,57,left,0
4938,4939,3,6562.7,5559.56,2343.5599999999995,0.91796875,4938,303,BLAa,BLA,57,left,0
4939,4940,3,6564.400000000001,5559.52,2342.34,0.58203125,4939,303,BLAa,BLA,57,left,0
4940,4941,3,6566.219999999999,5560.22,2341.1399999999994,0.75,4940,303,BLAa,BLA,57,left,0
4941,4942,3,6568.18,5560.06,2340.5999999999985,0.91796875,4941,303,BLAa,BLA,57,left,0
4942,4943,3,6570.4,5561.16,2340.2000000000007,1.0,4942,303,BLAa,BLA,57,left,0
4943,4944,3,6572.58,5561.36,2339.9400000000005,0.5,4943,303,BLAa,BLA,57,left,0
4944,4945,3,6575.34,5561.74,2339.58,1.0,4944,303,BLAa,BLA,57,left,0
4945,4946,3,6577.3,5561.4400000000005,2339.42,1.0,4945,303,BLAa,BLA,57,left,0
4946,4947,3,6578.86,5561.06,2339.0599999999995,0.66796875,4946,303,BLAa,BLA,57,left,0
4947,4948,3,6581.1,5562.58,2337.619999999999,0.91796875,4947,303,BLAa,BLA,57,left,0
4948,4949,3,6583.84,5564.5,2336.4400000000005,1.0,4948,303,BLAa,BLA,57,left,0
4949,4950,3,6585.900000000001,5565.9400000000005,2334.84,0.5,4949,303,BLAa,BLA,57,left,0
4950,4951,3,6587.0,5565.76,2333.9,0.66796875,4950,303,BLAa,BLA,57,left,0
4951,4952,3,6589.8,5566.860000000001,2333.34,1.0,4951,303,BLAa,BLA,57,left,0
4952,4953,3,6592.1,5568.339999999999,2332.9,1.0,4952,303,BLAa,BLA,57,left,0
4953,4954,3,6593.64,5569.58,2331.4,0.11328125,4953,303,BLAa,BLA,57,left,0
4954,4955,3,6595.5,5570.839999999999,2330.66,0.75,4954,303,BLAa,BLA,57,left,0
4955,4956,3,6597.28,5572.200000000001,2329.34,1.0,4955,303,BLAa,BLA,57,left,0
4956,4957,3,6599.08,5573.42,2328.6000000000004,0.5,4956,303,BLAa,BLA,57,left,0
4957,4958,3,6600.92,5574.539999999999,2327.3,0.66796875,4957,303,BLAa,BLA,57,left,0
4958,4959,3,6603.12,5574.700000000001,2326.42,0.58203125,4958,303,BLAa,BLA,57,left,0
4959,4960,3,6605.22,5575.18,2325.119999999999,0.5,4959,303,BLAa,BLA,57,left,0
4960,4961,3,6607.14,5574.6,2323.98,1.0,4960,303,BLAa,BLA,57,left,0
4961,4962,3,6609.32,5574.679999999999,2323.0,0.5,4961,303,BLAa,BLA,57,left,0
4962,4963,3,6609.96,5573.58,2321.6399999999994,1.0,4962,303,BLAa,BLA,57,left,0
4963,4964,3,6611.78,5572.86,2319.8600000000006,1.0,4963,303,BLAa,BLA,57,left,0
4964,4965,3,6613.48,5572.9,2318.8,0.91796875,4964,303,BLAa,BLA,57,left,0
4965,4966,3,6616.76,5574.86,2317.4400000000005,1.0,4965,303,BLAa,BLA,57,left,0
4966,4967,3,6620.280000000001,5577.039999999999,2316.7800000000007,1.0,4966,303,BLAa,BLA,57,left,0
4967,4968,3,6623.86,5579.24,2316.119999999999,1.0,4967,303,BLAa,BLA,57,left,0
4968,4969,3,6627.219999999999,5581.38,2315.1399999999994,0.75,4968,303,BLAa,BLA,57,left,0
4969,4970,3,6629.38,5582.84,2313.92,0.91796875,4969,303,BLAa,BLA,57,left,0
4970,4971,3,6631.52,5585.8,2313.32,0.02734375,4970,303,BLAa,BLA,57,left,0
4971,4972,3,6633.18,5586.84,2313.959999999999,1.0,4971,303,BLAa,BLA,57,left,0
4972,4973,3,6635.74,5588.339999999999,2313.74,1.0,4972,303,BLAa,BLA,57,left,0
4973,4974,3,6639.24,5590.44,2313.120000000001,1.16796875,4973,303,BLAa,BLA,57,left,0
4974,4975,3,6642.820000000001,5592.6,2312.48,1.0,4974,303,BLAa,BLA,57,left,0
4975,4976,3,6645.639999999999,5594.299999999999,2311.8600000000006,1.0,4975,303,BLAa,BLA,57,left,0
4976,4977,3,6647.5,5596.06,2310.539999999999,0.5,4976,303,BLAa,BLA,57,left,0
4977,4978,3,6649.38,5598.400000000001,2309.74,0.91796875,4977,303,BLAa,BLA,57,left,0
4978,4979,3,6651.56,5600.2,2308.66,1.16796875,4978,303,BLAa,BLA,57,left,0
4979,4980,3,6653.18,5602.46,2307.140000000001,0.5,4979,303,BLAa,BLA,57,left,0
4980,4981,3,6656.24,5604.96,2304.76,0.66796875,4980,303,BLAa,BLA,57,left,0
4981,4982,3,6657.759999999999,5604.86,2303.9,1.0,4981,303,BLAa,BLA,57,left,0
4982,4983,3,6659.6,5605.52,2302.540000000001,0.83203125,4982,303,BLAa,BLA,57,left,0
4983,4984,3,6661.26,5605.5,2302.22,1.0,4983,303,BLAa,BLA,57,left,0
4984,4985,3,6664.96,5606.96,2301.6000000000004,0.91796875,4984,303,BLAa,BLA,57,left,0
4985,4986,3,6667.219999999999,5608.400000000001,2300.4400000000005,1.0,4985,303,BLAa,BLA,57,left,0
4986,4987,3,6670.2,5610.22,2299.379999999999,1.0,4986,303,BLAa,BLA,57,left,0
4987,4988,3,6673.7,5612.240000000001,2298.7800000000007,1.0,4987,303,BLAa,BLA,57,left,0
4988,4989,3,6676.620000000001,5613.92,2298.300000000001,1.33203125,4988,303,BLAa,BLA,57,left,0
4989,4990,3,6679.06,5614.34,2297.92,0.5,4989,303,BLAa,BLA,57,left,0
4990,4991,3,6680.52,5614.32,2297.0200000000004,1.0,4990,303,BLAa,BLA,57,left,0
4991,4992,3,6682.4,5613.66,2296.380000000001,1.0,4991,303,BLAa,BLA,57,left,0
4992,4993,3,6684.96,5613.46,2296.1399999999994,1.0,4992,303,BLAa,BLA,57,left,1
4993,4994,3,6540.460000000001,5546.660000000001,2357.16,0.02734375,2044,303,BLAa,BLA,58,left,0
4994,4995,3,6542.12,5549.24,2356.7800000000007,0.75,4994,303,BLAa,BLA,58,left,0
4995,4996,3,6544.679999999999,5551.32,2356.22,1.0,4995,303,BLAa,BLA,58,left,0
4996,4997,3,6548.200000000001,5553.719999999999,2355.5,1.0,4996,303,BLAa,BLA,58,left,0
4997,4998,3,6550.58,5555.320000000001,2355.0200000000004,1.0,4997,303,BLAa,BLA,58,left,0
4998,4999,3,6553.56,5558.360000000001,2354.2800000000007,1.0,4998,303,BLAa,BLA,58,left,0
4999,5000,3,6555.42,5561.96,2353.6000000000004,1.16796875,4999,303,BLAa,BLA,58,left,0
5000,5001,3,6558.26,5564.5,2352.8,0.06640625,5000,303,BLAa,BLA,58,left,0
5001,5002,3,6560.4,5566.18,2351.34,1.0,5001,303,BLAa,BLA,58,left,0
5002,5003,3,6562.179999999999,5567.72,2350.800000000001,0.75,5002,303,BLAa,BLA,58,left,0
5003,5004,3,6563.9,5570.259999999999,2350.2800000000007,1.0,5003,303,BLAa,BLA,58,left,0
5004,5005,3,6565.68,5571.7,2349.7000000000007,0.75,5004,303,BLAa,BLA,58,left,0
5005,5006,3,6568.04,5573.48,2348.1399999999994,1.0,5005,303,BLAa,BLA,58,left,0
5006,5007,3,6570.119999999999,5575.0,2346.879999999999,1.0,5006,303,BLAa,BLA,58,left,0
5007,5008,3,6573.099999999999,5577.039999999999,2345.800000000001,1.0,5007,303,BLAa,BLA,58,left,0
5008,5009,3,6576.620000000001,5579.28,2345.1399999999994,1.0,5008,303,BLAa,BLA,58,left,0
5009,5010,3,6578.9800000000005,5580.78,2344.7000000000007,1.0,5009,303,BLAa,BLA,58,left,0
5010,5011,3,6552.92,5594.52,2360.5,0.11328125,2063,303,BLAa,BLA,59,left,0
5011,5012,3,6553.28,5597.74,2360.92,0.83203125,5011,303,BLAa,BLA,59,left,0
5012,5013,3,6554.24,5602.02,2360.620000000001,0.75,5012,303,BLAa,BLA,59,left,0
5013,5014,3,6555.299999999999,5606.4800000000005,2359.98,1.0,5013,303,BLAa,BLA,59,left,0
5014,5015,3,6556.76,5609.5,2359.460000000001,1.0,5014,303,BLAa,BLA,59,left,0
5015,5016,3,6557.12,5613.26,2358.959999999999,1.0,5015,303,BLAa,BLA,59,left,0
5016,5017,3,6557.08,5617.16,2358.5200000000004,0.91796875,5016,303,BLAa,BLA,59,left,0
5017,5018,3,6557.84,5621.1,2357.98,1.0,5017,303,BLAa,BLA,59,left,0
5018,5019,3,6559.2,5625.36,2357.34,0.83203125,5018,303,BLAa,BLA,59,left,0
5019,5020,3,6561.02,5628.339999999999,2356.4400000000005,1.25,5019,303,BLAa,BLA,59,left,0
5020,5021,3,6562.52,5630.24,2355.24,0.83203125,5020,303,BLAa,BLA,59,left,0
5021,5022,3,6564.76,5633.0,2354.5200000000004,0.75,5021,303,BLAa,BLA,59,left,0
5022,5023,3,6565.98,5636.12,2354.040000000001,1.0,5022,303,BLAa,BLA,59,left,0
5023,5024,3,6566.72,5640.76,2353.42,1.0,5023,303,BLAa,BLA,59,left,0
5024,5025,3,6567.86,5643.86,2352.9400000000005,0.83203125,5024,303,BLAa,BLA,59,left,0
5025,5026,3,6568.5,5647.68,2352.6000000000004,0.91796875,5025,303,BLAa,BLA,59,left,0
5026,5027,3,6568.82,5650.900000000001,2353.24,0.75,5026,303,BLAa,BLA,59,left,0
5027,5028,3,6570.52,5654.06,2352.8599999999988,1.0,5027,303,BLAa,BLA,59,left,0
5028,5029,3,6571.58,5656.78,2352.4400000000005,1.0,5028,303,BLAa,BLA,59,left,0
5029,5030,3,6572.52,5659.02,2352.1000000000004,0.11328125,5029,303,BLAa,BLA,59,left,0
5030,5031,3,6574.44,5661.860000000001,2351.58,0.66796875,5030,303,BLAa,BLA,59,left,0
5031,5032,3,6574.880000000001,5665.42,2351.66,1.33203125,5031,303,BLAa,BLA,59,left,0
5032,5033,3,6576.1,5668.540000000001,2351.98,1.0,5032,303,BLAa,BLA,59,left,0
5033,5034,3,6577.4800000000005,5672.799999999999,2351.4,1.0,5033,303,BLAa,BLA,59,left,0
5034,5035,3,6577.72,5676.12,2351.0200000000004,0.91796875,5034,303,BLAa,BLA,59,left,0
5035,5036,3,6578.52,5678.62,2350.66,1.0,5035,303,BLAa,BLA,59,left,0
5036,5037,3,6580.1,5681.78,2350.1399999999994,0.5,5036,303,BLAa,BLA,59,left,0
5037,5038,3,6581.94,5684.62,2349.640000000001,0.5,5037,303,BLAa,BLA,59,left,0
5038,5039,3,6584.04,5687.84,2349.08,0.66796875,5038,303,BLAa,BLA,59,left,0
5039,5040,3,6585.280000000001,5690.700000000001,2348.6399999999994,0.83203125,5039,303,BLAa,BLA,59,left,0
5040,5041,3,6586.5,5693.26,2348.24,0.75,5040,303,BLAa,BLA,59,left,0
5041,5042,3,6587.9,5695.82,2347.84,0.91796875,5041,303,BLAa,BLA,59,left,0
5042,5043,3,6588.64,5699.740000000001,2347.32,0.5,5042,303,BLAa,BLA,59,left,0
5043,5044,3,6589.56,5704.139999999999,2346.76,1.0,5043,303,BLAa,BLA,59,left,0
5044,5045,3,6591.14,5707.26,2346.26,1.0,5044,303,BLAa,BLA,59,left,0
5045,5046,3,6592.86,5711.68,2345.620000000001,0.83203125,5045,303,BLAa,BLA,59,left,0
5046,5047,3,6594.8,5714.08,2345.16,1.0,5046,303,BLAa,BLA,59,left,0
5047,5048,3,6595.74,5717.039999999999,2344.76,1.08203125,5047,303,BLAa,BLA,59,left,0
5048,5049,3,6595.78,5719.82,2344.4399999999987,0.91796875,5048,303,BLAa,BLA,59,left,0
5049,5050,3,6596.620000000001,5721.4,2344.199999999999,1.0,5049,303,BLAa,BLA,59,left,0
5050,5051,3,6597.6,5725.299999999999,2343.6800000000003,0.0546875,5050,303,BLAa,BLA,59,left,0
5051,5052,3,6598.68,5731.72,2342.720000000001,0.5,5051,303,BLAa,BLA,59,left,0
5052,5053,3,6599.44,5734.2,2341.540000000001,1.0,5052,303,BLAa,BLA,59,left,0
5053,5054,3,6600.54,5736.94,2340.76,0.91796875,5053,303,BLAa,BLA,59,left,0
5054,5055,3,6601.34,5740.700000000001,2340.2800000000007,1.0,5054,303,BLAa,BLA,59,left,0
5055,5056,3,6602.7,5744.299999999999,2339.76,0.91796875,5055,303,BLAa,BLA,59,left,0
5056,5057,3,6603.62,5747.58,2339.32,1.25,5056,303,BLAa,BLA,59,left,0
5057,5058,3,6605.0,5750.16,2338.92,0.75,5057,303,BLAa,BLA,59,left,0
5058,5059,3,6606.24,5752.820000000001,2338.5200000000004,0.58203125,5058,303,BLAa,BLA,59,left,0
5059,5060,3,6607.4800000000005,5755.62,2338.0999999999985,1.25,5059,303,BLAa,BLA,59,left,0
5060,5061,3,6609.04,5757.7,2337.720000000001,1.0,5060,303,BLAa,BLA,59,left,0
5061,5062,3,6611.7,5763.959999999999,2336.8,1.0,5061,303,BLAa,BLA,59,left,0
5062,5063,3,6612.74,5767.26,2336.34,1.0,5062,303,BLAa,BLA,59,left,0
5063,5064,3,6615.259999999999,5769.66,2334.619999999999,0.02734375,5063,303,BLAa,BLA,59,left,0
5064,5065,3,6616.599999999999,5772.16,2334.0599999999995,0.91796875,5064,303,BLAa,BLA,59,left,0
5065,5066,3,6616.72,5774.740000000001,2333.7800000000007,1.0,5065,303,BLAa,BLA,59,left,0
5066,5067,3,6616.54,5777.58,2333.48,1.41796875,5066,303,BLAa,BLA,59,left,0
5067,5068,3,6617.3,5780.280000000001,2333.08,1.0,5067,303,BLAa,BLA,59,left,0
5068,5069,3,6618.360000000001,5783.200000000001,2331.82,1.25,5068,303,BLAa,BLA,59,left,0
5069,5070,3,6619.84,5785.52,2330.9400000000005,1.0,5069,303,BLAa,BLA,59,left,0
5070,5071,3,6620.38,5788.66,2330.539999999999,0.66796875,5070,303,BLAa,BLA,59,left,0
5071,5072,3,6620.52,5792.179999999999,2330.16,1.0,5071,303,BLAa,BLA,59,left,0
5072,5073,3,6620.92,5795.98,2329.7000000000007,0.66796875,5072,303,BLAa,BLA,59,left,0
5073,5074,3,6620.76,5799.26,2329.3600000000006,0.91796875,5073,303,BLAa,BLA,59,left,0
5074,5075,3,6621.24,5801.5,2329.08,1.66796875,5074,303,BLAa,BLA,59,left,0
5075,5076,3,6621.84,5804.6,2328.6800000000003,1.16796875,5075,303,BLAa,BLA,59,left,0
5076,5077,3,6622.84,5807.219999999999,2328.32,0.91796875,5076,303,BLAa,BLA,59,left,0
5077,5078,3,6623.7,5809.679999999999,2327.98,0.66796875,5077,303,BLAa,BLA,59,left,0
5078,5079,3,6623.400000000001,5813.26,2327.619999999999,1.0,5078,303,BLAa,BLA,59,left,0
5079,5080,3,6623.360000000001,5816.38,2327.3,1.25,5079,303,BLAa,BLA,59,left,0
5080,5081,3,6624.719999999999,5818.64,2326.92,1.08203125,5080,303,BLAa,BLA,59,left,0
5081,5082,3,6625.54,5821.4,2326.5599999999995,1.25,5081,303,BLAa,BLA,59,left,0
5082,5083,3,6625.4,5824.52,2326.24,0.75,5082,303,BLAa,BLA,59,left,0
5083,5084,3,6625.34,5827.32,2325.119999999999,1.16796875,5083,303,BLAa,BLA,59,left,0
5084,5085,3,6626.459999999999,5830.56,2323.6399999999994,0.66796875,5084,303,BLAa,BLA,59,left,0
5085,5086,3,6628.02,5832.42,2322.380000000001,0.75,5085,303,BLAa,BLA,59,left,0
5086,5087,3,6628.9800000000005,5834.139999999999,2321.22,1.0,5086,303,BLAa,BLA,59,left,0
5087,5088,3,6630.900000000001,5836.82,2320.1800000000003,0.66796875,5087,303,BLAa,BLA,59,left,0
5088,5089,3,6631.74,5838.88,2319.1000000000004,1.0,5088,303,BLAa,BLA,59,left,0
5089,5090,3,6633.719999999999,5840.14,2318.24,1.0,5089,303,BLAa,BLA,59,left,0
5090,5091,3,6635.460000000001,5840.96,2318.0,1.0,5090,303,BLAa,BLA,59,left,0
5091,5092,3,6639.86,5843.02,2317.380000000001,0.01171875,5091,303,BLAa,BLA,59,left,0
5092,5093,3,6642.619999999999,5844.299999999999,2316.98,1.0,5092,303,BLAa,BLA,59,left,0
5093,5094,3,6644.84,5845.48,2316.66,0.83203125,5093,303,BLAa,BLA,59,left,0
5094,5095,3,6646.36,5847.200000000001,2316.32,0.5,5094,303,BLAa,BLA,59,left,0
5095,5096,3,6648.62,5849.44,2315.879999999999,1.0,5095,303,BLAa,BLA,59,left,0
5096,5097,3,6649.96,5852.380000000001,2316.08,0.91796875,5096,303,BLAa,BLA,59,left,0
5097,5098,3,6651.040000000001,5854.78,2316.42,1.0,5097,303,BLAa,BLA,59,left,0
5098,5099,3,6651.42,5858.12,2317.22,0.83203125,5098,303,BLAa,BLA,59,left,0
5099,5100,3,6651.68,5859.42,2318.5,0.5,5099,303,BLAa,BLA,59,left,0
5100,5101,3,6653.76,5862.039999999999,2319.6800000000003,0.91796875,5100,303,BLAa,BLA,59,left,0
5101,5102,3,6654.679999999999,5863.92,2320.5600000000013,0.83203125,5101,303,BLAa,BLA,59,left,0
5102,5103,3,6656.3,5866.24,2320.84,1.0,5102,303,BLAa,BLA,59,left,0
5103,5104,3,6657.68,5868.48,2322.619999999999,0.75,5103,303,BLAa,BLA,59,left,0
5104,5105,3,6658.7,5870.48,2323.7000000000007,0.5,5104,303,BLAa,BLA,59,left,0
5105,5106,3,6660.08,5872.380000000001,2323.7000000000007,1.08203125,5105,303,BLAa,BLA,59,left,0
5106,5107,3,6661.24,5874.120000000001,2324.460000000001,0.58203125,5106,303,BLAa,BLA,59,left,0
5107,5108,3,6662.92,5875.96,2325.26,1.0,5107,303,BLAa,BLA,59,left,0
5108,5109,3,6665.259999999999,5877.84,2325.32,0.03515625,5108,303,BLAa,BLA,59,left,0
5109,5110,3,6667.5,5880.700000000001,2325.0,1.0,5109,303,BLAa,BLA,59,left,0
5110,5111,3,6669.26,5882.780000000001,2325.5,0.75,5110,303,BLAa,BLA,59,left,0
5111,5112,3,6671.36,5885.700000000001,2325.779999999999,0.75,5111,303,BLAa,BLA,59,left,0
5112,5113,3,6672.68,5887.74,2327.1000000000004,0.5,5112,303,BLAa,BLA,59,left,0
5113,5114,3,6673.48,5890.02,2327.98,1.5,5113,303,BLAa,BLA,59,left,0
5114,5115,3,6673.8,5891.76,2329.82,0.75,5114,303,BLAa,BLA,59,left,0
5115,5116,3,6674.46,5893.8,2330.4400000000005,1.16796875,5115,303,BLAa,BLA,59,left,0
5116,5117,3,6676.02,5896.280000000001,2330.82,0.58203125,5116,303,BLAa,BLA,59,left,0
5117,5118,3,6678.02,5898.9400000000005,2330.380000000001,0.58203125,5117,303,BLAa,BLA,59,left,0
5118,5119,3,6679.58,5901.4800000000005,2329.98,1.0,5118,303,BLAa,BLA,59,left,0
5119,5120,3,6679.76,5905.2,2329.58,1.0,5119,303,BLAa,BLA,59,left,0
5120,5121,3,6679.360000000001,5907.64,2329.379999999999,5.83203125,5120,303,BLAa,BLA,59,left,0
5121,5122,3,6680.06,5907.02,2329.379999999999,0.97265625,5121,303,BLAa,BLA,59,left,0
5122,5123,3,6682.4800000000005,5907.9,2329.0599999999995,4.0,5122,303,BLAa,BLA,59,left,0
5123,5124,3,6684.64,5908.86,2328.76,1.66796875,5123,303,BLAa,BLA,59,left,0
5124,5125,3,6686.5,5909.84,2328.5,1.58203125,5124,303,BLAa,BLA,59,left,0
5125,5126,3,6687.9,5911.68,2328.1800000000003,0.5,5125,303,BLAa,BLA,59,left,0
5126,5127,3,6689.64,5913.86,2327.8,1.0,5126,303,BLAa,BLA,59,left,0
5127,5128,3,6691.94,5915.44,2327.4400000000005,1.0,5127,303,BLAa,BLA,59,left,1
5128,5129,3,6553.46,5592.88,2361.34,0.08203125,2063,303,BLAa,BLA,60,left,0
5129,5130,3,6556.02,5594.160000000001,2362.6000000000004,0.83203125,5129,303,BLAa,BLA,60,left,0
5130,5131,3,6557.66,5594.82,2364.619999999999,1.0,5130,303,BLAa,BLA,60,left,0
5131,5132,3,6558.0,5595.700000000001,2366.5200000000004,0.58203125,5131,303,BLAa,BLA,60,left,0
5132,5133,3,6558.0,5595.9400000000005,2369.0599999999995,1.0,5132,303,BLAa,BLA,60,left,0
5133,5134,3,6558.04,5595.54,2371.16,1.83203125,5133,303,BLAa,BLA,60,left,0
5134,5135,3,6559.139999999999,5595.900000000001,2372.619999999999,1.0,5134,303,BLAa,BLA,60,left,0
5135,5136,3,6561.32,5597.619999999999,2373.1399999999994,1.08203125,5135,303,BLAa,BLA,60,left,0
5136,5137,3,6562.34,5599.2,2374.199999999999,0.5,5136,303,BLAa,BLA,60,left,0
5137,5138,3,6564.679999999999,5600.879999999999,2374.2800000000007,1.0,5137,303,BLAa,BLA,60,left,0
5138,5139,3,6565.74,5601.34,2375.220000000001,0.16796875,5138,303,BLAa,BLA,60,left,0
5139,5140,3,6568.379999999999,5602.98,2374.98,1.0,5139,303,BLAa,BLA,60,left,0
5140,5141,3,6570.68,5604.44,2374.58,1.0,5140,303,BLAa,BLA,60,left,0
5141,5142,3,6572.16,5606.2,2374.32,1.0,5141,303,BLAa,BLA,60,left,0
5142,5143,3,6573.06,5607.58,2375.3,0.5,5142,303,BLAa,BLA,60,left,0
5143,5144,3,6575.0,5608.74,2376.459999999999,0.91796875,5143,303,BLAa,BLA,60,left,0
5144,5145,3,6576.280000000001,5610.48,2377.26,0.83203125,5144,303,BLAa,BLA,60,left,0
5145,5146,3,6577.92,5612.02,2378.0600000000013,0.83203125,5145,303,BLAa,BLA,60,left,0
5146,5147,3,6579.740000000001,5612.94,2378.84,1.0,5146,303,BLAa,BLA,60,left,0
5147,5148,3,6582.1,5614.02,2379.0,0.91796875,5147,303,BLAa,BLA,60,left,0
5148,5149,3,6584.139999999999,5613.9400000000005,2378.82,0.75,5148,303,BLAa,BLA,60,left,0
5149,5150,3,6585.78,5612.4800000000005,2380.0,1.0,5149,303,BLAa,BLA,60,left,0
5150,5151,3,6586.36,5611.14,2381.5599999999995,0.75,5150,303,BLAa,BLA,60,left,0
5151,5152,3,6588.12,5611.4800000000005,2382.619999999999,1.0,5151,303,BLAa,BLA,60,left,0
5152,5153,3,6590.04,5612.52,2383.24,0.75,5152,303,BLAa,BLA,60,left,0
5153,5154,3,6592.6,5614.02,2383.300000000001,1.0,5153,303,BLAa,BLA,60,left,0
5154,5155,3,6594.539999999999,5615.06,2383.92,1.0,5154,303,BLAa,BLA,60,left,0
5155,5156,3,6595.48,5615.280000000001,2385.800000000001,0.91796875,5155,303,BLAa,BLA,60,left,0
5156,5157,3,6595.639999999999,5615.98,2387.9,1.33203125,5156,303,BLAa,BLA,60,left,0
5157,5158,3,6595.56,5618.22,2388.379999999999,1.91796875,5157,303,BLAa,BLA,60,left,0
5158,5159,3,6595.52,5619.86,2390.0200000000004,1.0,5158,303,BLAa,BLA,60,left,0
5159,5160,3,6595.56,5620.58,2392.24,1.08203125,5159,303,BLAa,BLA,60,left,0
5160,5161,3,6595.38,5624.84,2392.5599999999995,1.0,5160,303,BLAa,BLA,60,left,0
5161,5162,3,6595.2,5628.64,2392.6800000000003,1.0,5161,303,BLAa,BLA,60,left,0
5162,5163,3,6595.14,5630.58,2393.22,9.08203125,5162,303,BLAa,BLA,60,left,1
5163,5164,3,6466.52,5409.06,2465.779999999999,0.0546875,2114,477,STR,STR,61,left,0
5164,5165,3,6469.299999999999,5412.64,2466.48,0.66796875,5164,477,STR,STR,61,left,0
5165,5166,3,6472.06,5417.6,2466.26,1.0,5165,477,STR,STR,61,left,0
5166,5167,3,6472.94,5420.119999999999,2467.2000000000007,0.5,5166,477,STR,STR,61,left,0
5167,5168,3,6474.9400000000005,5421.98,2467.9,1.83203125,5167,477,STR,STR,61,left,0
5168,5169,3,6477.94,5424.539999999999,2467.76,2.08203125,5168,477,STR,STR,61,left,0
5169,5170,3,6480.76,5426.72,2467.26,0.83203125,5169,477,STR,STR,61,left,0
5170,5171,3,6482.98,5426.900000000001,2467.0200000000004,1.0,5170,477,STR,STR,61,left,0
5171,5172,3,6485.78,5426.860000000001,2466.720000000001,1.0,5171,477,STR,STR,61,left,0
5172,5173,3,6487.56,5426.54,2466.5599999999995,1.0,5172,477,STR,STR,61,left,0
5173,5174,3,6489.52,5427.799999999999,2466.24,2.5,5173,477,STR,STR,61,left,0
5174,5175,3,6491.4,5429.34,2465.9,1.0,5174,477,STR,STR,61,left,0
5175,5176,3,6492.36,5428.400000000001,2465.879999999999,0.16796875,5175,477,STR,STR,61,left,0
5176,5177,3,6493.84,5429.360000000001,2465.119999999999,1.33203125,5176,477,STR,STR,61,left,0
5177,5178,3,6494.62,5430.259999999999,2463.6800000000003,1.41796875,5177,477,STR,STR,61,left,0
5178,5179,3,6496.4400000000005,5431.040000000001,2462.92,0.66796875,5178,477,STR,STR,61,left,0
5179,5180,3,6498.26,5430.82,2462.74,2.33203125,5179,477,STR,STR,61,left,0
5180,5181,3,6499.78,5430.5,2462.42,0.58203125,5180,477,STR,STR,61,left,0
5181,5182,3,6501.38,5431.5,2461.34,0.91796875,5181,477,STR,STR,61,left,0
5182,5183,3,6503.24,5431.72,2460.72,1.0,5182,477,STR,STR,61,left,0
5183,5184,3,6504.96,5431.88,2459.72,0.75,5183,477,STR,STR,61,left,0
5184,5185,3,6506.78,5431.900000000001,2459.040000000001,0.5,5184,477,STR,STR,61,left,0
5185,5186,3,6508.24,5431.7,2457.82,0.66796875,5185,477,STR,STR,61,left,0
5186,5187,3,6508.88,5432.200000000001,2456.34,1.25,5186,477,STR,STR,61,left,0
5187,5188,3,6510.299999999999,5433.4400000000005,2455.5,1.0,5187,477,STR,STR,61,left,0
5188,5189,3,6512.42,5433.92,2455.08,0.91796875,5188,477,STR,STR,61,left,0
5189,5190,3,6513.9,5432.86,2454.2800000000007,1.41796875,5189,579,ec,ec,61,left,0
5190,5191,3,6515.74,5431.94,2453.459999999999,0.66796875,5190,579,ec,ec,61,left,0
5191,5192,3,6517.34,5432.88,2452.5599999999995,1.16796875,5191,579,ec,ec,61,left,0
5192,5193,3,6519.42,5432.84,2452.16,1.16796875,5192,579,ec,ec,61,left,0
5193,5194,3,6521.06,5433.02,2451.26,1.33203125,5193,579,ec,ec,61,left,0
5194,5195,3,6523.379999999999,5432.52,2450.76,1.33203125,5194,579,ec,ec,61,left,0
5195,5196,3,6525.4,5433.48,2449.539999999999,2.5,5195,579,ec,ec,61,left,0
5196,5197,3,6526.32,5433.780000000001,2448.22,0.75,5196,579,ec,ec,61,left,0
5197,5198,3,6527.4400000000005,5431.84,2448.0999999999985,1.25,5197,579,ec,ec,61,left,0
5198,5199,3,6529.32,5432.36,2447.8599999999988,1.33203125,5198,579,ec,ec,61,left,0
5199,5200,3,6530.38,5431.42,2447.32,1.08203125,5199,579,ec,ec,61,left,0
5200,5201,3,6530.700000000001,5428.82,2446.48,0.5,5200,579,ec,ec,61,left,0
5201,5202,3,6532.42,5428.68,2445.0,0.5,5201,579,ec,ec,61,left,0
5202,5203,3,6535.639999999999,5427.960000000001,2444.1399999999994,1.0,5202,579,ec,ec,61,left,0
5203,5204,3,6537.5,5427.28,2443.5200000000004,1.25,5203,579,ec,ec,61,left,0
5204,5205,3,6539.44,5427.56,2442.3,0.66796875,5204,579,ec,ec,61,left,0
5205,5206,3,6541.92,5427.7,2441.16,0.75,5205,579,ec,ec,61,left,0
5206,5207,3,6544.679999999999,5428.360000000001,2440.800000000001,1.0,5206,579,ec,ec,61,left,0
5207,5208,3,6546.52,5428.64,2440.58,1.0,5207,579,ec,ec,61,left,0
5208,5209,3,6548.12,5427.5,2440.5200000000004,0.0546875,5208,579,ec,ec,61,left,0
5209,5210,3,6550.1,5427.34,2439.6000000000004,1.0,5209,579,ec,ec,61,left,0
5210,5211,3,6551.98,5428.200000000001,2438.880000000001,0.58203125,5210,579,ec,ec,61,left,0
5211,5212,3,6553.06,5426.660000000001,2438.959999999999,0.5,5211,579,ec,ec,61,left,0
5212,5213,3,6553.8,5422.54,2439.34,1.0,5212,579,ec,ec,61,left,0
5213,5214,3,6554.400000000001,5420.119999999999,2439.42,1.0,5213,579,ec,ec,61,left,0
5214,5215,3,6555.280000000001,5418.8,2438.5599999999995,0.58203125,5214,579,ec,ec,61,left,0
5215,5216,3,6557.179999999999,5418.56,2438.26,2.41796875,5215,579,ec,ec,61,left,0
5216,5217,3,6559.04,5418.12,2437.66,1.08203125,5216,579,ec,ec,61,left,0
5217,5218,3,6560.24,5416.860000000001,2437.0200000000004,0.75,5217,579,ec,ec,61,left,0
5218,5219,3,6561.620000000001,5413.360000000001,2437.0,2.25,5218,579,ec,ec,61,left,0
5219,5220,3,6561.58,5411.459999999999,2436.4400000000005,1.0,5219,579,ec,ec,61,left,0
5220,5221,3,6561.4,5406.98,2436.7800000000007,1.08203125,5220,579,ec,ec,61,left,0
5221,5222,3,6561.08,5400.839999999999,2437.5599999999995,2.25,5221,579,ec,ec,61,left,0
5222,5223,3,6560.879999999999,5397.1,2437.84,3.75,5222,579,ec,ec,61,left,0
5223,5224,3,6560.78,5395.04,2437.34,1.16796875,5223,579,ec,ec,61,left,0
5224,5225,3,6560.58,5390.66,2437.7000000000007,2.08203125,5224,477,STR,STR,61,left,0
5225,5226,3,6560.38,5386.660000000001,2438.22,10.5,5225,477,STR,STR,61,left,0
5226,5227,3,6560.259999999999,5383.6,2437.8,1.0,5226,477,STR,STR,61,left,0
5227,5228,3,6560.259999999999,5382.039999999999,2436.2800000000007,0.66796875,5227,477,STR,STR,61,left,0
5228,5229,3,6560.280000000001,5379.0,2434.959999999999,0.75,5228,477,STR,STR,61,left,0
5229,5230,3,6559.740000000001,5376.900000000001,2433.9,0.83203125,5229,477,STR,STR,61,left,0
5230,5231,3,6559.2,5374.9800000000005,2432.1800000000003,0.75,5230,477,STR,STR,61,left,0
5231,5232,3,6558.52,5373.379999999999,2431.5599999999995,0.75,5231,477,STR,STR,61,left,0
5232,5233,3,6558.0,5371.3,2429.539999999999,1.08203125,5232,477,STR,STR,61,left,0
5233,5234,3,6557.36,5369.360000000001,2428.34,1.0,5233,477,STR,STR,61,left,0
5234,5235,3,6557.34,5367.12,2426.900000000001,0.83203125,5234,477,STR,STR,61,left,0
5235,5236,3,6557.42,5364.120000000001,2426.5200000000004,2.0,5235,477,STR,STR,61,left,0
5236,5237,3,6558.3,5361.98,2426.699999999999,1.0,5236,477,STR,STR,61,left,0
5237,5238,3,6560.860000000001,5361.4,2426.040000000001,0.58203125,5237,477,STR,STR,61,left,0
5238,5239,3,6562.4,5360.639999999999,2425.32,0.5,5238,477,STR,STR,61,left,0
5239,5240,3,6562.64,5358.139999999999,2425.539999999999,0.08203125,5239,477,STR,STR,61,left,0
5240,5241,3,6562.799999999999,5355.860000000001,2425.380000000001,1.41796875,5240,477,STR,STR,61,left,0
5241,5242,3,6563.339999999999,5354.62,2424.1399999999994,0.91796875,5241,477,STR,STR,61,left,0
5242,5243,3,6564.24,5353.76,2423.1399999999994,0.91796875,5242,477,STR,STR,61,left,0
5243,5244,3,6564.6,5349.48,2422.98,1.33203125,5243,477,STR,STR,61,left,0
5244,5245,3,6564.679999999999,5346.16,2423.4,1.0,5244,477,STR,STR,61,left,0
5245,5246,3,6565.14,5344.38,2423.0600000000013,0.91796875,5245,477,STR,STR,61,left,0
5246,5247,3,6567.179999999999,5345.18,2422.1800000000003,0.75,5246,477,STR,STR,61,left,0
5247,5248,3,6568.56,5341.88,2422.4400000000005,1.33203125,5247,477,STR,STR,61,left,0
5248,5249,3,6568.9400000000005,5339.299999999999,2422.6800000000003,1.0,5248,477,STR,STR,61,left,0
5249,5250,3,6569.9,5338.28,2422.5,4.83203125,5249,477,STR,STR,61,left,0
5250,5251,3,6570.460000000001,5338.139999999999,2421.32,15.66796875,5250,477,STR,STR,61,left,0
5251,5252,3,6572.08,5339.360000000001,2420.0599999999995,1.0,5251,477,STR,STR,61,left,0
5252,5253,3,6573.780000000001,5339.740000000001,2419.82,20.33203125,5252,477,STR,STR,61,left,0
5253,5254,3,6575.879999999999,5337.86,2419.0599999999995,0.75,5253,477,STR,STR,61,left,0
5254,5255,3,6578.08,5337.34,2417.720000000001,0.5,5254,477,STR,STR,61,left,0
5255,5256,3,6579.679999999999,5337.4,2416.8600000000006,1.33203125,5255,477,STR,STR,61,left,0
5256,5257,3,6580.22,5336.219999999999,2415.26,8.83203125,5256,477,STR,STR,61,left,0
5257,5258,3,6580.52,5333.52,2414.58,0.5,5257,477,STR,STR,61,left,0
5258,5259,3,6580.74,5330.82,2414.26,1.0,5258,477,STR,STR,61,left,0
5259,5260,3,6581.860000000001,5330.599999999999,2412.5,0.83203125,5259,477,STR,STR,61,left,0
5260,5261,3,6583.68,5330.76,2411.42,1.0,5260,477,STR,STR,61,left,0
5261,5262,3,6585.22,5330.04,2410.119999999999,1.0,5261,477,STR,STR,61,left,0
5262,5263,3,6586.1,5328.959999999999,2409.640000000001,0.83203125,5262,477,STR,STR,61,left,0
5263,5264,3,6586.94,5327.64,2408.540000000001,1.0,5263,477,STR,STR,61,left,0
5264,5265,3,6588.52,5326.52,2406.82,0.91796875,5264,477,STR,STR,61,left,0
5265,5266,3,6591.0,5326.900000000001,2405.5200000000004,0.5,5265,477,STR,STR,61,left,0
5266,5267,3,6592.16,5325.72,2404.32,0.5,5266,477,STR,STR,61,left,0
5267,5268,3,6593.76,5324.9800000000005,2402.9,1.08203125,5267,477,STR,STR,61,left,0
5268,5269,3,6595.4,5325.639999999999,2402.1800000000003,1.0,5268,477,STR,STR,61,left,0
5269,5270,3,6596.24,5323.88,2402.039999999999,0.83203125,5269,477,STR,STR,61,left,0
5270,5271,3,6596.660000000001,5321.82,2401.6000000000004,1.0,5270,477,STR,STR,61,left,0
5271,5272,3,6597.98,5321.280000000001,2400.9,0.91796875,5271,477,STR,STR,61,left,0
5272,5273,3,6599.700000000001,5322.54,2399.959999999999,1.0,5272,477,STR,STR,61,left,0
5273,5274,3,6601.92,5322.12,2399.120000000001,0.02734375,5273,477,STR,STR,61,left,0
5274,5275,3,6604.38,5322.46,2398.279999999999,1.0,5274,477,STR,STR,61,left,1
5275,5276,3,6462.16,5407.14,2466.620000000001,1.08203125,2114,477,STR,STR,62,left,0
5276,5277,3,6460.44,5406.24,2468.0200000000004,1.0,5276,477,STR,STR,62,left,0
5277,5278,3,6459.08,5406.16,2468.76,0.5,5277,477,STR,STR,62,left,0
5278,5279,3,6456.98,5405.9400000000005,2469.619999999999,0.75,5278,477,STR,STR,62,left,0
5279,5280,3,6454.6,5405.68,2469.98,0.5,5279,477,STR,STR,62,left,0
5280,5281,3,6452.4400000000005,5404.139999999999,2471.040000000001,0.66796875,5280,477,STR,STR,62,left,0
5281,5282,3,6449.9400000000005,5401.72,2472.279999999999,0.75,5281,477,STR,STR,62,left,0
5282,5283,3,6447.7,5399.42,2474.199999999999,1.0,5282,477,STR,STR,62,left,0
5283,5284,3,6446.16,5397.799999999999,2475.7000000000007,1.0,5283,477,STR,STR,62,left,0
5284,5285,3,6444.120000000001,5395.700000000001,2477.58,0.0546875,5284,477,STR,STR,62,left,0
5285,5286,3,6441.82,5393.360000000001,2479.6000000000004,0.91796875,5285,477,STR,STR,62,left,0
5286,5287,3,6441.639999999999,5392.240000000001,2481.22,1.08203125,5286,477,STR,STR,62,left,0
5287,5288,3,6441.0,5390.48,2483.48,2.08203125,5287,477,STR,STR,62,left,0
5288,5289,3,6439.92,5389.22,2484.48,0.5,5288,477,STR,STR,62,left,0
5289,5290,3,6438.400000000001,5386.52,2485.34,1.0,5289,477,STR,STR,62,left,0
5290,5291,3,6436.639999999999,5384.08,2485.84,1.0,5290,477,STR,STR,62,left,0
5291,5292,3,6435.119999999999,5382.14,2487.2000000000007,1.0,5291,477,STR,STR,62,left,0
5292,5293,3,6432.88,5379.32,2488.92,0.91796875,5292,477,STR,STR,62,left,0
5293,5294,3,6431.98,5377.1,2489.82,1.0,5293,477,STR,STR,62,left,0
5294,5295,3,6430.22,5374.78,2490.32,14.08203125,5294,477,STR,STR,62,left,0
5295,5296,3,6429.02,5373.58,2491.040000000001,1.0,5295,477,STR,STR,62,left,0
5296,5297,3,6428.82,5372.28,2492.140000000001,1.0,5296,477,STR,STR,62,left,0
5297,5298,3,6426.94,5370.1,2493.7000000000007,0.91796875,5297,477,STR,STR,62,left,0
5298,5299,3,6425.82,5368.16,2494.5200000000004,1.0,5298,477,STR,STR,62,left,0
5299,5300,3,6424.24,5366.459999999999,2495.6399999999994,0.91796875,5299,477,STR,STR,62,left,0
5300,5301,3,6422.0,5364.539999999999,2496.720000000001,1.16796875,5300,477,STR,STR,62,left,0
5301,5302,3,6420.78,5362.820000000001,2497.4,0.83203125,5301,477,STR,STR,62,left,0
5302,5303,3,6419.539999999999,5361.599999999999,2498.42,0.046875,5302,477,STR,STR,62,left,0
5303,5304,3,6417.46,5360.280000000001,2499.040000000001,1.0,5303,477,STR,STR,62,left,0
5304,5305,3,6415.700000000001,5358.780000000001,2500.0599999999995,0.75,5304,477,STR,STR,62,left,0
5305,5306,3,6414.26,5356.96,2501.1399999999994,0.91796875,5305,477,STR,STR,62,left,0
5306,5307,3,6412.28,5355.48,2502.540000000001,1.08203125,5306,477,STR,STR,62,left,0
5307,5308,3,6410.599999999999,5353.62,2503.22,1.0,5307,477,STR,STR,62,left,0
5308,5309,3,6409.78,5351.82,2503.42,0.58203125,5308,477,STR,STR,62,left,0
5309,5310,3,6408.200000000001,5349.58,2503.8600000000006,1.08203125,5309,477,STR,STR,62,left,0
5310,5311,3,6407.200000000001,5348.200000000001,2504.6800000000003,0.75,5310,477,STR,STR,62,left,0
5311,5312,3,6405.98,5346.42,2505.24,0.75,5311,477,STR,STR,62,left,0
5312,5313,3,6404.46,5345.24,2506.08,0.83203125,5312,477,STR,STR,62,left,0
5313,5314,3,6402.86,5343.52,2506.82,0.58203125,5313,672,CP,CP,62,left,0
5314,5315,3,6401.4,5342.54,2507.960000000001,1.0,5314,672,CP,CP,62,left,0
5315,5316,3,6400.1,5341.799999999999,2508.880000000001,0.5,5315,672,CP,CP,62,left,0
5316,5317,3,6399.9800000000005,5340.52,2509.959999999999,0.91796875,5316,672,CP,CP,62,left,0
5317,5318,3,6400.44,5339.78,2511.5200000000004,0.91796875,5317,672,CP,CP,62,left,0
5318,5319,3,6399.9400000000005,5339.24,2513.6399999999994,1.0,5318,672,CP,CP,62,left,0
5319,5320,3,6398.6,5337.74,2515.119999999999,0.91796875,5319,672,CP,CP,62,left,0
5320,5321,3,6398.12,5336.3,2516.540000000001,0.5,5320,672,CP,CP,62,left,0
5321,5322,3,6396.4400000000005,5335.04,2517.279999999999,18.75,5321,672,CP,CP,62,left,0
5322,5323,3,6395.76,5334.139999999999,2518.0200000000004,0.5,5322,672,CP,CP,62,left,0
5323,5324,3,6393.8,5333.24,2518.98,1.0,5323,672,CP,CP,62,left,0
5324,5325,3,6392.780000000001,5332.799999999999,2519.6800000000003,1.0,5324,672,CP,CP,62,left,0
5325,5326,3,6390.14,5331.76,2520.42,0.03515625,5325,672,CP,CP,62,left,0
5326,5327,3,6389.2,5331.18,2521.1800000000003,0.91796875,5326,672,CP,CP,62,left,0
5327,5328,3,6389.26,5330.4,2522.24,1.25,5327,672,CP,CP,62,left,0
5328,5329,3,6389.46,5330.18,2523.959999999999,1.0,5328,672,CP,CP,62,left,0
5329,5330,3,6389.84,5329.679999999999,2525.3,10.91796875,5329,672,CP,CP,62,left,0
5330,5331,3,6390.22,5328.780000000001,2525.5,6.0,5330,672,CP,CP,62,left,0
5331,5332,3,6389.42,5328.099999999999,2525.82,0.58203125,5331,672,CP,CP,62,left,0
5332,5333,3,6388.5,5327.780000000001,2527.08,1.0,5332,672,CP,CP,62,left,0
5333,5334,3,6386.54,5326.96,2528.6000000000004,0.5,5333,672,CP,CP,62,left,0
5334,5335,3,6385.639999999999,5326.08,2529.72,1.58203125,5334,672,CP,CP,62,left,0
5335,5336,3,6383.74,5325.320000000001,2530.58,15.25,5335,672,CP,CP,62,left,0
5336,5337,3,6382.820000000001,5324.52,2530.959999999999,0.91796875,5336,672,CP,CP,62,left,0
5337,5338,3,6382.54,5324.04,2533.0200000000004,9.16796875,5337,672,CP,CP,62,left,0
5338,5339,3,6382.68,5323.9400000000005,2534.640000000001,7.91796875,5338,672,CP,CP,62,left,0
5339,5340,3,6383.28,5323.16,2535.9400000000005,5.91796875,5339,672,CP,CP,62,left,0
5340,5341,3,6384.160000000001,5321.88,2536.459999999999,12.91796875,5340,672,CP,CP,62,left,0
5341,5342,3,6384.6,5321.36,2537.880000000001,1.16796875,5341,672,CP,CP,62,left,0
5342,5343,3,6383.84,5321.08,2539.379999999999,1.25,5342,672,CP,CP,62,left,0
5343,5344,3,6382.56,5320.700000000001,2540.5200000000004,0.58203125,5343,672,CP,CP,62,left,0
5344,5345,3,6382.200000000001,5320.44,2543.4,5.66796875,5344,672,CP,CP,62,left,0
5345,5346,3,6382.06,5320.299999999999,2545.34,11.08203125,5345,672,CP,CP,62,left,0
5346,5347,3,6380.700000000001,5319.92,2546.5,4.91796875,5346,672,CP,CP,62,left,0
5347,5348,3,6379.299999999999,5319.539999999999,2547.540000000001,2.16796875,5347,672,CP,CP,62,left,0
5348,5349,3,6377.52,5319.06,2548.7800000000007,3.75,5348,672,CP,CP,62,left,0
5349,5350,3,6376.4,5318.6,2550.460000000001,1.0,5349,672,CP,CP,62,left,0
5350,5351,3,6376.599999999999,5318.0,2552.0599999999995,0.75,5350,672,CP,CP,62,left,0
5351,5352,3,6375.96,5317.759999999999,2553.6000000000004,0.83203125,5351,672,CP,CP,62,left,0
5352,5353,3,6374.740000000001,5317.54,2554.82,1.91796875,5352,672,CP,CP,62,left,0
5353,5354,3,6373.74,5317.32,2556.74,1.0,5353,672,CP,CP,62,left,0
5354,5355,3,6373.780000000001,5316.900000000001,2558.379999999999,1.41796875,5354,672,CP,CP,62,left,0
5355,5356,3,6374.44,5315.92,2559.26,1.16796875,5355,672,CP,CP,62,left,0
5356,5357,3,6373.959999999999,5315.56,2560.4,1.91796875,5356,672,CP,CP,62,left,0
5357,5358,3,6371.5,5315.22,2561.32,2.75,5357,672,CP,CP,62,left,0
5358,5359,3,6369.78,5315.0,2561.84,1.91796875,5358,672,CP,CP,62,left,0
5359,5360,3,6368.76,5314.82,2563.5,1.58203125,5359,672,CP,CP,62,left,0
5360,5361,3,6368.540000000001,5314.740000000001,2565.3,1.0,5360,672,CP,CP,62,left,0
5361,5362,3,6367.820000000001,5314.64,2566.040000000001,1.0,5361,672,CP,CP,62,left,0
5362,5363,3,6366.96,5314.48,2567.8599999999988,0.0546875,5362,672,CP,CP,62,left,0
5363,5364,3,6365.66,5314.24,2569.7000000000007,0.91796875,5363,672,CP,CP,62,left,0
5364,5365,3,6365.18,5313.64,2570.620000000001,7.41796875,5364,672,CP,CP,62,left,0
5365,5366,3,6366.42,5311.36,2571.960000000001,1.0,5365,672,CP,CP,62,left,0
5366,5367,3,6366.88,5310.2,2573.540000000001,0.91796875,5366,672,CP,CP,62,left,0
5367,5368,3,6366.76,5309.2,2574.5599999999995,0.91796875,5367,672,CP,CP,62,left,0
5368,5369,3,6365.320000000001,5309.0,2574.779999999999,1.0,5368,672,CP,CP,62,left,0
5369,5370,3,6364.22,5308.88,2575.879999999999,1.0,5369,672,CP,CP,62,left,0
5370,5371,3,6364.5,5308.200000000001,2578.0200000000004,0.66796875,5370,672,CP,CP,62,left,0
5371,5372,3,6365.04,5306.96,2579.400000000001,1.0,5371,672,CP,CP,62,left,0
5372,5373,3,6365.74,5306.2,2581.22,1.0,5372,672,CP,CP,62,left,0
5373,5374,3,6365.66,5305.56,2582.1800000000003,0.58203125,5373,672,CP,CP,62,left,0
5374,5375,3,6364.58,5305.320000000001,2583.1399999999994,1.0,5374,672,CP,CP,62,left,0
5375,5376,3,6363.9800000000005,5305.22,2585.1800000000003,5.58203125,5375,672,CP,CP,62,left,0
5376,5377,3,6364.48,5304.880000000001,2587.34,0.58203125,5376,672,CP,CP,62,left,0
5377,5378,3,6364.84,5304.360000000001,2589.040000000001,2.0,5377,672,CP,CP,62,left,0
5378,5379,3,6364.400000000001,5303.68,2590.24,0.83203125,5378,672,CP,CP,62,left,0
5379,5380,3,6363.8,5302.9,2591.4400000000005,1.0,5379,672,CP,CP,62,left,0
5380,5381,3,6363.48,5302.32,2593.2000000000007,0.66796875,5380,672,CP,CP,62,left,0
5381,5382,3,6363.16,5302.219999999999,2595.72,1.0,5381,672,CP,CP,62,left,0
5382,5383,3,6362.88,5302.12,2597.42,1.0,5382,672,CP,CP,62,left,0
5383,5384,3,6363.360000000001,5301.7,2599.1399999999994,1.75,5383,672,CP,CP,62,left,0
5384,5385,3,6364.24,5300.68,2599.8600000000006,1.08203125,5384,672,CP,CP,62,left,0
5385,5386,3,6365.119999999999,5299.8,2601.380000000001,0.66796875,5385,672,CP,CP,62,left,0
5386,5387,3,6365.839999999999,5299.120000000001,2603.0999999999985,1.08203125,5386,672,CP,CP,62,left,0
5387,5388,3,6366.3,5298.780000000001,2604.76,1.0,5387,672,CP,CP,62,left,0
5388,5389,3,6365.54,5297.780000000001,2605.72,0.0546875,5388,672,CP,CP,62,left,0
5389,5390,3,6364.84,5296.82,2606.92,1.16796875,5389,672,CP,CP,62,left,0
5390,5391,3,6364.66,5296.18,2609.9400000000005,4.75,5390,672,CP,CP,62,left,0
5391,5392,3,6364.9400000000005,5296.14,2612.0200000000004,0.75,5391,672,CP,CP,62,left,0
5392,5393,3,6365.700000000001,5295.280000000001,2613.619999999999,1.41796875,5392,672,CP,CP,62,left,0
5393,5394,3,6366.96,5293.58,2614.82,1.25,5393,672,CP,CP,62,left,0
5394,5395,3,6367.84,5292.36,2616.26,1.5,5394,672,CP,CP,62,left,0
5395,5396,3,6368.04,5290.82,2616.92,1.0,5395,672,CP,CP,62,left,0
5396,5397,3,6367.200000000001,5289.9,2618.4,1.0,5396,672,CP,CP,62,left,0
5397,5398,3,6366.68,5289.06,2620.0599999999995,0.66796875,5397,672,CP,CP,62,left,0
5398,5399,3,6367.52,5288.099999999999,2622.08,1.0,5398,672,CP,CP,62,left,0
5399,5400,3,6368.360000000001,5287.14,2623.540000000001,1.33203125,5399,672,CP,CP,62,left,0
5400,5401,3,6369.44,5285.900000000001,2625.5999999999985,1.0,5400,672,CP,CP,62,left,0
5401,5402,3,6370.54,5284.46,2627.0599999999995,1.08203125,5401,672,CP,CP,62,left,0
5402,5403,3,6371.459999999999,5283.16,2629.4399999999987,0.66796875,5402,672,CP,CP,62,left,0
5403,5404,3,6371.799999999999,5281.88,2630.84,0.66796875,5403,672,CP,CP,62,left,0
5404,5405,3,6372.3,5280.68,2632.039999999999,0.75,5404,672,CP,CP,62,left,0
5405,5406,3,6370.52,5280.02,2632.9,1.0,5405,672,CP,CP,62,left,0
5406,5407,3,6368.9,5279.64,2633.22,1.83203125,5406,672,CP,CP,62,left,0
5407,5408,3,6368.04,5279.18,2633.48,1.33203125,5407,672,CP,CP,62,left,0
5408,5409,3,6368.400000000001,5278.5,2634.640000000001,0.91796875,5408,672,CP,CP,62,left,0
5409,5410,3,6369.299999999999,5277.58,2636.76,0.91796875,5409,672,CP,CP,62,left,0
5410,5411,3,6370.5,5275.92,2637.9,0.5,5410,672,CP,CP,62,left,0
5411,5412,3,6371.18,5275.18,2639.3600000000006,1.0,5411,672,CP,CP,62,left,0
5412,5413,3,6370.98,5274.32,2640.220000000001,0.91796875,5412,672,CP,CP,62,left,0
5413,5414,3,6369.9400000000005,5273.4400000000005,2640.82,1.33203125,5413,672,CP,CP,62,left,0
5414,5415,3,6370.599999999999,5272.02,2641.98,1.08203125,5414,672,CP,CP,62,left,0
5415,5416,3,6371.68,5270.8,2643.92,1.25,5415,672,CP,CP,62,left,0
5416,5417,3,6371.96,5270.78,2645.4,1.75,5416,672,CP,CP,62,left,0
5417,5418,3,6372.780000000001,5269.880000000001,2646.98,1.0,5417,672,CP,CP,62,left,0
5418,5419,3,6374.160000000001,5268.0,2648.42,0.66796875,5418,672,CP,CP,62,left,0
5419,5420,3,6375.34,5266.58,2650.26,0.83203125,5419,672,CP,CP,62,left,0
5420,5421,3,6376.4800000000005,5265.320000000001,2652.32,0.91796875,5420,672,CP,CP,62,left,0
5421,5422,3,6377.179999999999,5264.04,2653.5200000000004,1.25,5421,672,CP,CP,62,left,0
5422,5423,3,6376.620000000001,5263.46,2655.0200000000004,0.5,5422,672,CP,CP,62,left,0
5423,5424,3,6375.839999999999,5263.3,2655.0599999999995,0.08203125,5423,672,CP,CP,62,left,0
5424,5425,3,6375.320000000001,5263.099999999999,2656.66,0.83203125,5424,672,CP,CP,62,left,0
5425,5426,3,6375.4,5262.5,2658.4400000000005,1.08203125,5425,672,CP,CP,62,left,0
5426,5427,3,6376.2,5261.56,2659.8,1.33203125,5426,672,CP,CP,62,left,0
5427,5428,3,6377.42,5260.320000000001,2662.459999999999,0.66796875,5427,672,CP,CP,62,left,0
5428,5429,3,6377.759999999999,5259.04,2663.9400000000005,1.25,5428,672,CP,CP,62,left,0
5429,5430,3,6377.68,5257.74,2665.5,1.91796875,5429,672,CP,CP,62,left,0
5430,5431,3,6378.76,5256.38,2667.3600000000006,1.33203125,5430,672,CP,CP,62,left,0
5431,5432,3,6380.22,5254.34,2668.84,1.0,5431,672,CP,CP,62,left,0
5432,5433,3,6381.219999999999,5252.759999999999,2669.26,1.16796875,5432,672,CP,CP,62,left,0
5433,5434,3,6382.4800000000005,5251.26,2671.1399999999994,0.91796875,5433,672,CP,CP,62,left,0
5434,5435,3,6383.42,5250.44,2673.379999999999,1.0,5434,672,CP,CP,62,left,0
5435,5436,3,6383.719999999999,5249.38,2675.16,0.91796875,5435,672,CP,CP,62,left,0
5436,5437,3,6382.9,5248.86,2676.22,1.08203125,5436,672,CP,CP,62,left,0
5437,5438,3,6383.0,5247.4400000000005,2677.22,0.83203125,5437,672,CP,CP,62,left,0
5438,5439,3,6383.959999999999,5246.54,2679.34,0.91796875,5438,672,CP,CP,62,left,0
5439,5440,3,6384.92,5244.86,2681.459999999999,0.75,5439,672,CP,CP,62,left,0
5440,5441,3,6385.320000000001,5243.88,2683.619999999999,1.0,5440,672,CP,CP,62,left,0
5441,5442,3,6385.76,5242.34,2685.58,3.83203125,5441,672,CP,CP,62,left,0
5442,5443,3,6386.82,5240.68,2686.76,0.66796875,5442,672,CP,CP,62,left,0
5443,5444,3,6388.26,5238.46,2687.82,1.0,5443,672,CP,CP,62,left,0
5444,5445,3,6389.32,5237.08,2689.24,6.08203125,5444,672,CP,CP,62,left,0
5445,5446,3,6390.0,5236.7,2691.22,0.66796875,5445,672,CP,CP,62,left,0
5446,5447,3,6390.92,5235.700000000001,2692.82,4.91796875,5446,672,CP,CP,62,left,0
5447,5448,3,6391.620000000001,5234.099999999999,2694.120000000001,0.5,5447,672,CP,CP,62,left,0
5448,5449,3,6391.52,5233.22,2696.08,0.66796875,5448,672,CP,CP,62,left,0
5449,5450,3,6392.4400000000005,5231.4,2698.16,1.58203125,5449,672,CP,CP,62,left,0
5450,5451,3,6394.24,5228.82,2700.119999999999,1.0,5450,672,CP,CP,62,left,0
5451,5452,3,6395.08,5227.52,2701.620000000001,0.5,5451,672,CP,CP,62,left,0
5452,5453,3,6394.76,5226.799999999999,2702.16,1.0,5452,672,CP,CP,62,left,0
5453,5454,3,6395.74,5226.84,2706.32,0.01171875,5453,672,CP,CP,62,left,0
5454,5455,3,6396.26,5226.84,2708.6399999999994,1.0,5454,672,CP,CP,62,left,0
5455,5456,3,6396.78,5226.78,2710.6399999999994,1.0,5455,672,CP,CP,62,left,0
5456,5457,3,6397.5,5226.16,2712.3,0.5,5456,672,CP,CP,62,left,0
5457,5458,3,6398.32,5225.82,2715.24,1.0,5457,672,CP,CP,62,left,0
5458,5459,3,6398.24,5225.72,2716.8600000000006,1.0,5458,672,CP,CP,62,left,0
5459,5460,3,6398.62,5225.66,2719.7000000000007,2.58203125,5459,672,CP,CP,62,left,0
5460,5461,3,6399.44,5225.72,2723.0999999999985,2.75,5460,672,CP,CP,62,left,0
5461,5462,3,6399.76,5226.1,2725.1399999999994,0.5,5461,672,CP,CP,62,left,0
5462,5463,3,6399.22,5227.34,2725.5600000000013,1.0,5462,672,CP,CP,62,left,0
5463,5464,3,6399.360000000001,5227.9,2727.24,1.0,5463,672,CP,CP,62,left,0
5464,5465,3,6400.14,5227.960000000001,2730.460000000001,1.0,5464,672,CP,CP,62,left,0
5465,5466,3,6401.0,5228.02,2733.880000000001,1.08203125,5465,672,CP,CP,62,left,0
5466,5467,3,6401.58,5228.08,2736.119999999999,1.0,5466,672,CP,CP,62,left,0
5467,5468,3,6402.179999999999,5227.94,2738.2000000000007,0.83203125,5467,672,CP,CP,62,left,0
5468,5469,3,6403.18,5226.96,2740.0200000000004,1.0,5468,672,CP,CP,62,left,0
5469,5470,3,6404.9400000000005,5224.96,2742.880000000001,0.5,5469,672,CP,CP,62,left,0
5470,5471,3,6406.16,5223.6,2744.9400000000005,0.83203125,5470,672,CP,CP,62,left,0
5471,5472,3,6408.099999999999,5222.780000000001,2748.22,0.5,5471,672,CP,CP,62,left,0
5472,5473,3,6409.679999999999,5222.46,2749.460000000001,0.91796875,5472,672,CP,CP,62,left,1
5473,5474,3,6345.52,5541.219999999999,2374.040000000001,0.11328125,2206,303,BLAa,BLA,63,left,0
5474,5475,3,6343.400000000001,5541.24,2374.3,2.25,5474,303,BLAa,BLA,63,left,0
5475,5476,3,6341.14,5542.64,2374.1399999999994,1.25,5475,303,BLAa,BLA,63,left,0
5476,5477,3,6339.22,5544.880000000001,2373.0200000000004,0.5,5476,303,BLAa,BLA,63,left,0
5477,5478,3,6337.86,5546.72,2372.619999999999,0.75,5477,303,BLAa,BLA,63,left,1
5478,5479,3,6346.040000000001,5540.08,2376.540000000001,0.03515625,2206,303,BLAa,BLA,64,left,0
5479,5480,3,6345.2,5542.6,2377.16,1.0,5479,303,BLAa,BLA,64,left,0
5480,5481,3,6343.22,5543.28,2378.9,0.5,5480,303,BLAa,BLA,64,left,0
5481,5482,3,6341.4400000000005,5541.84,2380.4400000000005,0.58203125,5481,303,BLAa,BLA,64,left,0
5482,5483,3,6339.62,5540.72,2381.879999999999,1.16796875,5482,303,BLAa,BLA,64,left,0
5483,5484,3,6338.74,5542.02,2382.48,1.08203125,5483,303,BLAa,BLA,64,left,0
5484,5485,3,6338.18,5548.04,2381.620000000001,1.0,5484,303,BLAa,BLA,64,left,0
5485,5486,3,6338.26,5554.06,2380.5600000000013,1.0,5485,303,BLAa,BLA,64,left,0
5486,5487,3,6338.32,5558.6,2379.24,1.33203125,5486,303,BLAa,BLA,64,left,0
5487,5488,3,6338.4400000000005,5565.38,2377.3600000000006,1.0,5487,303,BLAa,BLA,64,left,0
5488,5489,3,6338.5,5572.4400000000005,2376.16,1.08203125,5488,303,BLAa,BLA,64,left,0
5489,5490,3,6338.48,5578.04,2375.3,1.0,5489,303,BLAa,BLA,64,left,0
5490,5491,3,6338.4400000000005,5582.4400000000005,2374.779999999999,0.91796875,5490,303,BLAa,BLA,64,left,0
5491,5492,3,6338.400000000001,5585.5,2375.1399999999994,0.5,5491,303,BLAa,BLA,64,left,0
5492,5493,3,6338.540000000001,5589.66,2374.959999999999,1.0,5492,303,BLAa,BLA,64,left,0
5493,5494,3,6339.46,5591.52,2374.58,1.0,5493,303,BLAa,BLA,64,left,0
5494,5495,3,6337.780000000001,5591.0,2374.84,0.08203125,5494,303,BLAa,BLA,64,left,0
5495,5496,3,6337.200000000001,5593.9400000000005,2374.120000000001,1.0,5495,303,BLAa,BLA,64,left,0
5496,5497,3,6337.06,5597.4400000000005,2372.82,0.66796875,5496,303,BLAa,BLA,64,left,0
5497,5498,3,6336.24,5600.22,2372.3600000000006,0.75,5497,303,BLAa,BLA,64,left,0
5498,5499,3,6336.0,5604.78,2371.74,1.0,5498,303,BLAa,BLA,64,left,0
5499,5500,3,6335.76,5609.52,2371.1800000000003,1.0,5499,303,BLAa,BLA,64,left,0
5500,5501,3,6334.9800000000005,5612.32,2370.92,0.5,5500,303,BLAa,BLA,64,left,0
5501,5502,3,6333.84,5615.839999999999,2370.5999999999985,1.0,5501,303,BLAa,BLA,64,left,0
5502,5503,3,6333.3,5620.02,2370.1399999999994,0.66796875,5502,303,BLAa,BLA,64,left,0
5503,5504,3,6332.46,5622.86,2369.42,1.0,5503,303,BLAa,BLA,64,left,0
5504,5505,3,6330.78,5623.780000000001,2368.72,0.58203125,5504,303,BLAa,BLA,64,left,1
10315,10316,3,6534.32,5806.799999999999,2274.4399999999987,0.02734375,4724,303,BLAa,BLA,77,left,0
10316,10317,3,6533.82,5809.2,2273.22,1.25,10316,303,BLAa,BLA,77,left,0
10317,10318,3,6533.32,5812.72,2272.66,1.0,10317,303,BLAa,BLA,77,left,0
10318,10319,3,6532.780000000001,5816.68,2272.279999999999,1.0,10318,303,BLAa,BLA,77,left,0
10319,10320,3,6532.32,5819.96,2271.8600000000006,0.91796875,10319,303,BLAa,BLA,77,left,0
10320,10321,3,6531.860000000001,5823.099999999999,2270.7000000000007,0.75,10320,303,BLAa,BLA,77,left,0
10321,10322,3,6531.14,5827.88,2269.2800000000007,0.58203125,10321,303,BLAa,BLA,77,left,0
10322,10323,3,6530.66,5831.1,2267.7000000000007,1.5,10322,303,BLAa,BLA,77,left,0
10323,10324,3,6530.119999999999,5833.66,2266.6000000000004,1.0,10323,303,BLAa,BLA,77,left,0
10324,10325,3,6528.06,5834.160000000001,2266.6800000000003,1.0,10324,303,BLAa,BLA,77,left,0
10325,10326,3,6525.860000000001,5833.92,2266.9399999999987,1.25,10325,303,BLAa,BLA,77,left,0
10326,10327,3,6523.68,5835.42,2267.0,1.08203125,10326,303,BLAa,BLA,77,left,0
10327,10328,3,6522.36,5837.6,2266.900000000001,1.0,10327,303,BLAa,BLA,77,left,0
10328,10329,3,6521.38,5838.88,2266.8600000000006,0.83203125,10328,303,BLAa,BLA,77,left,0
10329,10330,3,6520.700000000001,5842.28,2266.5599999999995,1.25,10329,303,BLAa,BLA,77,left,0
10330,10331,3,6520.24,5845.42,2266.2800000000007,1.0,10330,303,BLAa,BLA,77,left,0
10331,10332,3,6519.9,5847.780000000001,2266.0599999999995,1.0,10331,303,BLAa,BLA,77,left,1
10332,10333,3,6536.88,5806.94,2274.32,0.0546875,4724,303,BLAa,BLA,78,left,0
10333,10334,3,6539.099999999999,5809.22,2273.84,0.83203125,10333,303,BLAa,BLA,78,left,0
10334,10335,3,6540.52,5811.26,2273.459999999999,1.0,10334,303,BLAa,BLA,78,left,0
10335,10336,3,6542.14,5813.26,2273.08,1.0,10335,303,BLAa,BLA,78,left,0
10336,10337,3,6544.9400000000005,5815.24,2272.3600000000006,1.0,10336,303,BLAa,BLA,78,left,0
10337,10338,3,6546.68,5816.219999999999,2270.779999999999,0.91796875,10337,303,BLAa,BLA,78,left,0
10338,10339,3,6549.96,5817.92,2268.98,1.0,10338,303,BLAa,BLA,78,left,0
10339,10340,3,6551.88,5819.120000000001,2268.66,1.0,10339,303,BLAa,BLA,78,left,0
10340,10341,3,6553.16,5821.02,2267.9400000000005,0.91796875,10340,303,BLAa,BLA,78,left,0
10341,10342,3,6554.9,5822.74,2266.5599999999995,0.58203125,10341,303,BLAa,BLA,78,left,0
10342,10343,3,6556.06,5824.44,2265.32,0.5,10342,303,BLAa,BLA,78,left,0
10343,10344,3,6558.02,5825.599999999999,2264.3,0.75,10343,303,BLAa,BLA,78,left,0
10344,10345,3,6559.2,5826.26,2263.1800000000003,1.0,10344,303,BLAa,BLA,78,left,0
10345,10346,3,6560.9400000000005,5827.219999999999,2261.74,1.0,10345,303,BLAa,BLA,78,left,0
10346,10347,3,6562.219999999999,5828.02,2259.92,0.91796875,10346,303,BLAa,BLA,78,left,0
10347,10348,3,6563.84,5828.9800000000005,2258.08,1.0,10347,303,BLAa,BLA,78,left,0
10348,10349,3,6565.280000000001,5829.76,2256.92,1.0,10348,303,BLAa,BLA,78,left,0
10349,10350,3,6567.42,5830.839999999999,2256.040000000001,1.0,10349,303,BLAa,BLA,78,left,0
10350,10351,3,6569.160000000001,5831.639999999999,2255.779999999999,1.0,10350,303,BLAa,BLA,78,left,0
10351,10352,3,6572.92,5833.400000000001,2255.220000000001,0.01953125,10351,303,BLAa,BLA,78,left,0
10352,10353,3,6574.719999999999,5834.44,2254.42,1.08203125,10352,303,BLAa,BLA,78,left,0
10353,10354,3,6575.98,5836.18,2253.34,0.5,10353,303,BLAa,BLA,78,left,0
10354,10355,3,6578.959999999999,5838.16,2252.16,1.0,10354,303,BLAa,BLA,78,left,0
10355,10356,3,6580.72,5838.64,2251.08,0.75,10355,303,BLAa,BLA,78,left,0
10356,10357,3,6581.94,5838.16,2250.040000000001,0.75,10356,303,BLAa,BLA,78,left,0
10357,10358,3,6583.4400000000005,5838.9,2248.26,0.66796875,10357,303,BLAa,BLA,78,left,0
10358,10359,3,6585.34,5839.92,2246.8,0.58203125,10358,303,BLAa,BLA,78,left,0
10359,10360,3,6588.139999999999,5841.280000000001,2245.76,0.91796875,10359,303,BLAa,BLA,78,left,0
10360,10361,3,6589.880000000001,5842.039999999999,2244.6800000000003,0.58203125,10360,303,BLAa,BLA,78,left,0
10361,10362,3,6592.0,5841.98,2243.8600000000006,0.75,10361,303,BLAa,BLA,78,left,0
10362,10363,3,6593.86,5842.3,2242.58,0.66796875,10362,303,BLAa,BLA,78,left,0
10363,10364,3,6595.700000000001,5842.12,2241.92,0.66796875,10363,303,BLAa,BLA,78,left,0
10364,10365,3,6597.179999999999,5842.4800000000005,2240.779999999999,1.0,10364,303,BLAa,BLA,78,left,1
10365,10366,3,6468.02,5295.299999999999,2470.7000000000007,0.58203125,4926,672,CP,CP,79,left,0
10366,10367,3,6468.92,5292.799999999999,2470.32,0.91796875,10366,672,CP,CP,79,left,0
10367,10368,3,6468.9400000000005,5291.3,2470.3599999999988,1.0,10367,672,CP,CP,79,left,0
10368,10369,3,6469.58,5288.74,2470.380000000001,1.0,10368,672,CP,CP,79,left,0
10369,10370,3,6470.96,5285.24,2470.34,0.01953125,10369,672,CP,CP,79,left,0
10370,10371,3,6471.84,5283.68,2470.32,1.5,10370,672,CP,CP,79,left,0
10371,10372,3,6473.56,5282.9,2470.1800000000003,1.0,10371,672,CP,CP,79,left,0
10372,10373,3,6475.16,5282.94,2470.0200000000004,0.75,10372,672,CP,CP,79,left,0
10373,10374,3,6477.16,5282.68,2469.92,1.0,10373,672,CP,CP,79,left,0
10374,10375,3,6478.86,5282.9,2470.4,0.5,10374,672,CP,CP,79,left,0
10375,10376,3,6481.280000000001,5282.64,2471.08,0.83203125,10375,672,CP,CP,79,left,0
10376,10377,3,6482.54,5282.240000000001,2471.879999999999,1.08203125,10376,672,CP,CP,79,left,0
10377,10378,3,6482.9,5281.7,2474.42,1.0,10377,672,CP,CP,79,left,0
10378,10379,3,6483.08,5281.2,2476.4,0.5,10378,672,CP,CP,79,left,0
10379,10380,3,6483.64,5279.700000000001,2477.5200000000004,1.5,10379,672,CP,CP,79,left,0
10380,10381,3,6483.82,5279.24,2478.8600000000006,1.0,10380,672,CP,CP,79,left,1
10381,10382,3,6468.200000000001,5297.12,2470.4,0.11328125,4926,672,CP,CP,80,left,0
10382,10383,3,6469.679999999999,5297.3,2470.1399999999994,0.75,10382,672,CP,CP,80,left,0
10383,10384,3,6471.08,5295.119999999999,2470.0599999999995,1.0,10383,672,CP,CP,80,left,0
10384,10385,3,6472.12,5292.380000000001,2469.040000000001,1.08203125,10384,672,CP,CP,80,left,0
10385,10386,3,6472.68,5291.26,2468.0,0.66796875,10385,672,CP,CP,80,left,0
10386,10387,3,6473.6,5291.02,2467.76,1.0,10386,672,CP,CP,80,left,0
10387,10388,3,6473.540000000001,5289.52,2467.8,0.08203125,10387,672,CP,CP,80,left,0
10388,10389,3,6474.160000000001,5286.94,2467.8,1.0,10388,672,CP,CP,80,left,0
10389,10390,3,6475.04,5283.9800000000005,2467.82,2.16796875,10389,672,CP,CP,80,left,0
10390,10391,3,6475.24,5281.92,2467.8599999999988,0.91796875,10390,672,CP,CP,80,left,0
10391,10392,3,6475.72,5280.06,2468.3600000000006,1.25,10391,672,CP,CP,80,left,0
10392,10393,3,6475.36,5279.08,2469.32,1.0,10392,672,CP,CP,80,left,0
10393,10394,3,6473.92,5277.36,2470.460000000001,1.0,10393,672,CP,CP,80,left,0
10394,10395,3,6472.66,5276.4,2471.32,0.66796875,10394,672,CP,CP,80,left,0
10395,10396,3,6471.74,5274.64,2472.1800000000003,0.0234375,10395,672,CP,CP,80,left,0
10396,10397,3,6471.94,5272.92,2472.880000000001,0.83203125,10396,672,CP,CP,80,left,0
10397,10398,3,6471.7,5270.76,2473.0,0.83203125,10397,672,CP,CP,80,left,0
10398,10399,3,6470.839999999999,5269.22,2473.32,0.83203125,10398,672,CP,CP,80,left,0
10399,10400,3,6471.2,5267.619999999999,2474.16,1.25,10399,672,CP,CP,80,left,0
10400,10401,3,6471.599999999999,5265.72,2474.4399999999987,0.66796875,10400,672,CP,CP,80,left,0
10401,10402,3,6471.599999999999,5263.540000000001,2476.3600000000006,1.58203125,10401,672,CP,CP,80,left,0
10402,10403,3,6471.72,5261.860000000001,2477.66,0.91796875,10402,672,CP,CP,80,left,1
10403,10404,3,6581.24,5582.4400000000005,2343.34,0.08203125,5010,303,BLAa,BLA,81,left,0
10404,10405,3,6584.2,5584.24,2342.380000000001,0.91796875,10404,303,BLAa,BLA,81,left,0
10405,10406,3,6585.8,5584.160000000001,2342.22,1.0,10405,303,BLAa,BLA,81,left,0
10406,10407,3,6588.68,5585.280000000001,2341.76,1.0,10406,303,BLAa,BLA,81,left,0
10407,10408,3,6592.200000000001,5587.4800000000005,2341.119999999999,1.0,10407,303,BLAa,BLA,81,left,0
10408,10409,3,6594.6,5589.06,2341.16,0.5,10408,303,BLAa,BLA,81,left,0
10409,10410,3,6595.74,5590.78,2341.5599999999995,0.5,10409,303,BLAa,BLA,81,left,0
10410,10411,3,6597.84,5593.02,2341.1800000000003,0.5,10410,303,BLAa,BLA,81,left,0
10411,10412,3,6599.58,5595.48,2340.8600000000006,0.66796875,10411,303,BLAa,BLA,81,left,0
10412,10413,3,6601.219999999999,5596.78,2341.34,1.0,10412,303,BLAa,BLA,81,left,0
10413,10414,3,6603.02,5599.299999999999,2341.22,1.0,10413,303,BLAa,BLA,81,left,0
10414,10415,3,6605.52,5600.879999999999,2341.58,1.0,10414,303,BLAa,BLA,81,left,0
10415,10416,3,6606.56,5601.599999999999,2342.619999999999,0.75,10415,303,BLAa,BLA,81,left,0
10416,10417,3,6606.639999999999,5603.12,2343.0600000000013,1.0,10416,303,BLAa,BLA,81,left,0
10417,10418,3,6611.14,5605.119999999999,2342.3600000000006,0.00390625,10417,303,BLAa,BLA,81,left,0
10418,10419,3,6612.9,5605.18,2342.0200000000004,0.91796875,10418,303,BLAa,BLA,81,left,0
10419,10420,3,6615.0,5606.78,2340.5999999999985,0.66796875,10419,303,BLAa,BLA,81,left,0
10420,10421,3,6617.02,5609.38,2339.9400000000005,0.91796875,10420,303,BLAa,BLA,81,left,0
10421,10422,3,6619.02,5612.5,2339.3600000000006,0.5,10421,303,BLAa,BLA,81,left,0
10422,10423,3,6621.54,5614.34,2338.9,1.0,10422,303,BLAa,BLA,81,left,0
10423,10424,3,6625.04,5616.4400000000005,2338.300000000001,1.0,10423,303,BLAa,BLA,81,left,0
10424,10425,3,6628.62,5618.58,2337.7000000000007,1.0,10424,303,BLAa,BLA,81,left,0
10425,10426,3,6631.54,5620.320000000001,2337.2000000000007,1.0,10425,303,BLAa,BLA,81,left,0
10426,10427,3,6633.9,5621.76,2336.6800000000003,1.0,10426,303,BLAa,BLA,81,left,0
10427,10428,3,6635.66,5622.94,2335.58,0.5,10427,303,BLAa,BLA,81,left,0
10428,10429,3,6637.86,5624.64,2334.74,0.75,10428,303,BLAa,BLA,81,left,0
10429,10430,3,6639.46,5627.02,2334.3,1.0,10429,303,BLAa,BLA,81,left,0
10430,10431,3,6641.26,5629.38,2333.8600000000006,1.0,10430,303,BLAa,BLA,81,left,0
10431,10432,3,6643.719999999999,5631.4800000000005,2333.379999999999,1.0,10431,303,BLAa,BLA,81,left,0
10432,10433,3,6646.0,5632.64,2333.959999999999,1.0,10432,303,BLAa,BLA,81,left,0
10433,10434,3,6648.06,5633.84,2334.9400000000005,1.0,10433,303,BLAa,BLA,81,left,0
10434,10435,3,6650.02,5636.32,2334.92,0.91796875,10434,303,BLAa,BLA,81,left,0
10435,10436,3,6652.14,5638.16,2335.16,0.5,10435,303,BLAa,BLA,81,left,0
10436,10437,3,6653.4400000000005,5640.76,2335.4,1.0,10436,303,BLAa,BLA,81,left,0
10437,10438,3,6656.16,5644.6,2336.119999999999,0.75,10437,303,BLAa,BLA,81,left,0
10438,10439,3,6657.200000000001,5646.72,2336.92,0.5,10438,303,BLAa,BLA,81,left,0
10439,10440,3,6659.28,5651.14,2337.34,0.5,10439,303,BLAa,BLA,81,left,0
10440,10441,3,6659.9,5654.06,2338.120000000001,1.08203125,10440,303,BLAa,BLA,81,left,0
10441,10442,3,6660.9400000000005,5656.5,2338.4,1.0,10441,303,BLAa,BLA,81,left,0
10442,10443,3,6662.58,5658.76,2338.0,0.66796875,10442,303,BLAa,BLA,81,left,0
10443,10444,3,6663.9800000000005,5660.58,2337.66,0.0546875,10443,303,BLAa,BLA,81,left,0
10444,10445,3,6665.879999999999,5664.139999999999,2337.08,0.5,10444,303,BLAa,BLA,81,left,0
10445,10446,3,6668.200000000001,5667.52,2336.5,0.5,10445,303,BLAa,BLA,81,left,0
10446,10447,3,6669.9,5669.9400000000005,2336.0599999999995,1.0,10446,303,BLAa,BLA,81,left,0
10447,10448,3,6671.7,5671.58,2336.22,1.0,10447,303,BLAa,BLA,81,left,0
10448,10449,3,6673.46,5674.08,2336.6800000000003,0.75,10448,303,BLAa,BLA,81,left,0
10449,10450,3,6674.56,5676.56,2337.16,0.66796875,10449,303,BLAa,BLA,81,left,0
10450,10451,3,6676.5,5679.160000000001,2337.5,0.58203125,10450,303,BLAa,BLA,81,left,0
10451,10452,3,6677.759999999999,5680.96,2338.120000000001,0.5,10451,303,BLAa,BLA,81,left,0
10452,10453,3,6679.66,5683.62,2337.9400000000005,1.0,10452,303,BLAa,BLA,81,left,0
10453,10454,3,6681.58,5686.12,2338.540000000001,1.08203125,10453,303,BLAa,BLA,81,left,0
10454,10455,3,6683.099999999999,5687.759999999999,2339.199999999999,1.0,10454,303,BLAa,BLA,81,left,0
10455,10456,3,6685.96,5689.26,2339.32,1.0,10455,303,BLAa,BLA,81,left,0
10456,10457,3,6688.08,5690.44,2339.3600000000006,0.5,10456,303,BLAa,BLA,81,left,0
10457,10458,3,6688.959999999999,5691.96,2340.0,0.75,10457,303,BLAa,BLA,81,left,0
10458,10459,3,6690.460000000001,5694.66,2339.6800000000003,0.75,10458,303,BLAa,BLA,81,left,0
10459,10460,3,6693.02,5697.4400000000005,2339.32,1.08203125,10459,303,BLAa,BLA,81,left,0
10460,10461,3,6694.44,5699.02,2339.8600000000006,0.5,10460,303,BLAa,BLA,81,left,0
10461,10462,3,6696.1,5701.26,2339.82,0.91796875,10461,303,BLAa,BLA,81,left,0
10462,10463,3,6697.780000000001,5702.64,2339.5200000000004,1.0,10462,303,BLAa,BLA,81,left,0
10463,10464,3,6699.400000000001,5704.8,2338.98,0.66796875,10463,303,BLAa,BLA,81,left,0
10464,10465,3,6700.900000000001,5706.1,2337.8599999999988,0.91796875,10464,303,BLAa,BLA,81,left,0
10465,10466,3,6703.139999999999,5708.76,2336.92,0.75,10465,303,BLAa,BLA,81,left,0
10466,10467,3,6705.2,5710.38,2335.74,0.58203125,10466,303,BLAa,BLA,81,left,0
10467,10468,3,6707.54,5712.9,2334.6800000000003,0.75,10467,303,BLAa,BLA,81,left,0
10468,10469,3,6709.9,5714.299999999999,2333.459999999999,0.5,10468,303,BLAa,BLA,81,left,0
10469,10470,3,6712.28,5714.46,2332.4,0.83203125,10469,303,BLAa,BLA,81,left,0
10470,10471,3,6714.18,5715.14,2331.0599999999995,1.0,10470,303,BLAa,BLA,81,left,0
10471,10472,3,6715.06,5715.76,2329.6000000000004,1.08203125,10471,303,BLAa,BLA,81,left,0
10472,10473,3,6718.32,5717.36,2328.5599999999995,0.01953125,10472,303,BLAa,BLA,81,left,0
10473,10474,3,6720.299999999999,5717.5,2327.1800000000003,0.5,10473,303,BLAa,BLA,81,left,0
10474,10475,3,6723.200000000001,5718.64,2324.9400000000005,1.0,10474,303,BLAa,BLA,81,left,0
10475,10476,3,6724.48,5719.46,2323.3600000000006,1.0,10475,303,BLAa,BLA,81,left,0
10476,10477,3,6726.639999999999,5720.92,2322.4400000000005,0.91796875,10476,303,BLAa,BLA,81,left,0
10477,10478,3,6728.22,5723.360000000001,2322.0200000000004,1.0,10477,303,BLAa,BLA,81,left,0
10478,10479,3,6730.34,5726.219999999999,2321.0,1.08203125,10478,303,BLAa,BLA,81,left,0
10479,10480,3,6731.660000000001,5728.04,2319.92,0.5,10479,303,BLAa,BLA,81,left,0
10480,10481,3,6734.700000000001,5730.8,2319.220000000001,1.0,10480,303,BLAa,BLA,81,left,0
10481,10482,3,6736.219999999999,5732.7,2318.880000000001,1.0,10481,303,BLAa,BLA,81,left,0
10482,10483,3,6737.960000000001,5735.119999999999,2318.459999999999,1.0,10482,303,BLAa,BLA,81,left,0
10483,10484,3,6739.360000000001,5736.98,2318.120000000001,0.5,10483,303,BLAa,BLA,81,left,0
10484,10485,3,6742.14,5739.04,2317.66,1.0,10484,303,BLAa,BLA,81,left,0
10485,10486,3,6744.360000000001,5740.14,2317.32,1.0,10485,303,BLAa,BLA,81,left,0
10486,10487,3,6746.68,5741.36,2316.620000000001,1.0,10486,303,BLAa,BLA,81,left,0
10487,10488,3,6748.52,5742.36,2315.48,0.91796875,10487,303,BLAa,BLA,81,left,0
10488,10489,3,6750.879999999999,5742.52,2314.66,1.08203125,10488,303,BLAa,BLA,81,left,0
10489,10490,3,6752.94,5742.12,2313.5599999999995,1.0,10489,303,BLAa,BLA,81,left,0
10490,10491,3,6755.460000000001,5742.46,2312.039999999999,0.91796875,10490,303,BLAa,BLA,81,left,0
10491,10492,3,6757.34,5742.380000000001,2311.380000000001,0.5,10491,303,BLAa,BLA,81,left,0
10492,10493,3,6759.099999999999,5742.039999999999,2309.92,1.0,10492,303,BLAa,BLA,81,left,0
10493,10494,3,6761.2,5741.219999999999,2308.32,0.91796875,10493,303,BLAa,BLA,81,left,0
10494,10495,3,6763.200000000001,5740.839999999999,2307.32,0.91796875,10494,303,BLAa,BLA,81,left,0
10495,10496,3,6765.08,5741.08,2306.98,1.0,10495,303,BLAa,BLA,81,left,0
10496,10497,3,6769.62,5743.3,2306.34,0.01171875,10496,303,BLAa,BLA,81,left,0
10497,10498,3,6771.900000000001,5744.44,2306.0,1.75,10497,303,BLAa,BLA,81,left,0
10498,10499,3,6773.339999999999,5744.719999999999,2305.84,1.0,10498,303,BLAa,BLA,81,left,0
10499,10500,3,6775.460000000001,5744.6,2305.66,0.83203125,10499,303,BLAa,BLA,81,left,0
10500,10501,3,6777.74,5745.299999999999,2305.380000000001,0.66796875,10500,303,BLAa,BLA,81,left,0
10501,10502,3,6779.22,5744.9,2305.2800000000007,1.0,10501,303,BLAa,BLA,81,left,0
10502,10503,3,6781.72,5745.839999999999,2304.959999999999,1.0,10502,303,BLAa,BLA,81,left,0
10503,10504,3,6785.14,5747.5,2304.460000000001,1.0,10503,303,BLAa,BLA,81,left,0
10504,10505,3,6788.62,5749.2,2303.959999999999,1.0,10504,303,BLAa,BLA,81,left,0
10505,10506,3,6790.92,5750.320000000001,2303.6399999999994,1.0,10505,303,BLAa,BLA,81,left,0
10506,10507,3,6793.200000000001,5751.88,2303.279999999999,1.0,10506,303,BLAa,BLA,81,left,0
10507,10508,3,6795.06,5754.5,2303.0200000000004,0.91796875,10507,303,BLAa,BLA,81,left,0
10508,10509,3,6795.82,5756.620000000001,2303.58,0.75,10508,303,BLAa,BLA,81,left,0
10509,10510,3,6798.5,5758.88,2303.459999999999,1.0,10509,303,BLAa,BLA,81,left,0
10510,10511,3,6800.62,5760.44,2303.0999999999985,0.66796875,10510,303,BLAa,BLA,81,left,0
10511,10512,3,6801.98,5762.960000000001,2302.7000000000007,0.66796875,10511,303,BLAa,BLA,81,left,0
10512,10513,3,6803.5,5765.98,2301.900000000001,0.66796875,10512,303,BLAa,BLA,81,left,0
10513,10514,3,6804.9,5767.84,2300.72,0.83203125,10513,303,BLAa,BLA,81,left,0
10514,10515,3,6807.08,5770.839999999999,2300.040000000001,1.0,10514,303,BLAa,BLA,81,left,0
10515,10516,3,6808.139999999999,5773.22,2299.1000000000004,0.83203125,10515,303,BLAa,BLA,81,left,0
10516,10517,3,6809.5,5774.539999999999,2297.4,0.5,10516,303,BLAa,BLA,81,left,1
10517,10518,3,6580.860000000001,5584.52,2344.92,0.0546875,5010,303,BLAa,BLA,82,left,0
10518,10519,3,6583.719999999999,5587.9,2345.72,0.58203125,10518,303,BLAa,BLA,82,left,0
10519,10520,3,6585.9400000000005,5590.38,2345.879999999999,1.0,10519,303,BLAa,BLA,82,left,0
10520,10521,3,6587.960000000001,5592.039999999999,2346.24,1.0,10520,303,BLAa,BLA,82,left,0
10521,10522,3,6589.6,5595.54,2346.040000000001,0.91796875,10521,303,BLAa,BLA,82,left,0
10522,10523,3,6590.42,5597.94,2346.48,0.5,10522,303,BLAa,BLA,82,left,0
10523,10524,3,6592.72,5600.74,2346.22,0.5,10523,303,BLAa,BLA,82,left,0
10524,10525,3,6593.88,5602.36,2346.699999999999,0.5,10524,303,BLAa,BLA,82,left,0
10525,10526,3,6596.24,5604.32,2347.22,0.5,10525,303,BLAa,BLA,82,left,0
10526,10527,3,6596.620000000001,5606.639999999999,2348.300000000001,0.58203125,10526,303,BLAa,BLA,82,left,0
10527,10528,3,6598.66,5608.9,2347.4400000000005,0.06640625,10527,303,BLAa,BLA,82,left,0
10528,10529,3,6600.42,5610.8,2347.7800000000007,1.16796875,10528,303,BLAa,BLA,82,left,0
10529,10530,3,6603.26,5613.6,2347.5200000000004,1.0,10529,303,BLAa,BLA,82,left,0
10530,10531,3,6605.320000000001,5616.040000000001,2347.0200000000004,0.5,10530,303,BLAa,BLA,82,left,0
10531,10532,3,6607.92,5618.339999999999,2346.5,0.83203125,10531,303,BLAa,BLA,82,left,0
10532,10533,3,6609.96,5620.78,2346.0,0.5,10532,303,BLAa,BLA,82,left,0
10533,10534,3,6612.820000000001,5624.18,2345.5,0.5,10533,303,BLAa,BLA,82,left,0
10534,10535,3,6614.06,5626.38,2345.959999999999,0.91796875,10534,303,BLAa,BLA,82,left,0
10535,10536,3,6616.42,5630.38,2346.2800000000007,1.33203125,10535,303,BLAa,BLA,82,left,0
10536,10537,3,6617.86,5633.6,2346.58,0.58203125,10536,303,BLAa,BLA,82,left,0
10537,10538,3,6619.34,5635.76,2347.26,0.91796875,10537,303,BLAa,BLA,82,left,0
10538,10539,3,6621.74,5638.3,2346.900000000001,0.58203125,10538,303,BLAa,BLA,82,left,0
10539,10540,3,6623.400000000001,5641.56,2346.720000000001,0.83203125,10539,303,BLAa,BLA,82,left,0
10540,10541,3,6624.6,5643.66,2347.1800000000003,0.5,10540,303,BLAa,BLA,82,left,0
10541,10542,3,6627.380000000001,5647.16,2346.76,0.66796875,10541,303,BLAa,BLA,82,left,0
10542,10543,3,6628.56,5649.679999999999,2346.9399999999987,1.41796875,10542,303,BLAa,BLA,82,left,0
10543,10544,3,6630.36,5651.14,2347.34,1.0,10543,303,BLAa,BLA,82,left,0
10544,10545,3,6632.1,5653.540000000001,2347.0200000000004,0.5,10544,303,BLAa,BLA,82,left,0
10545,10546,3,6633.52,5656.72,2347.34,1.0,10545,303,BLAa,BLA,82,left,0
10546,10547,3,6636.02,5660.48,2347.119999999999,1.0,10546,303,BLAa,BLA,82,left,0
10547,10548,3,6637.86,5663.32,2346.6399999999994,0.5,10547,303,BLAa,BLA,82,left,0
10548,10549,3,6639.66,5666.639999999999,2346.1000000000004,1.0,10548,303,BLAa,BLA,82,left,0
10549,10550,3,6642.16,5670.8,2345.42,1.0,10549,303,BLAa,BLA,82,left,0
10550,10551,3,6643.4400000000005,5674.02,2345.1800000000003,0.58203125,10550,303,BLAa,BLA,82,left,0
10551,10552,3,6643.92,5676.02,2345.82,0.75,10551,303,BLAa,BLA,82,left,0
10552,10553,3,6645.72,5678.32,2345.620000000001,1.0,10552,303,BLAa,BLA,82,left,0
10553,10554,3,6646.74,5681.599999999999,2345.1800000000003,1.0,10553,303,BLAa,BLA,82,left,0
10554,10555,3,6647.28,5682.5,2346.16,0.16796875,10554,303,BLAa,BLA,82,left,0
10555,10556,3,6648.540000000001,5685.299999999999,2346.3,0.5,10555,303,BLAa,BLA,82,left,0
10556,10557,3,6650.4,5688.74,2346.6800000000003,0.58203125,10556,303,BLAa,BLA,82,left,0
10557,10558,3,6651.900000000001,5691.14,2346.620000000001,0.83203125,10557,303,BLAa,BLA,82,left,0
10558,10559,3,6651.92,5693.48,2347.3600000000006,0.91796875,10558,303,BLAa,BLA,82,left,0
10559,10560,3,6651.74,5696.38,2347.720000000001,1.0,10559,303,BLAa,BLA,82,left,0
10560,10561,3,6652.3,5697.9,2348.26,1.0,10560,303,BLAa,BLA,82,left,0
10561,10562,3,6652.3,5702.06,2347.9400000000005,1.33203125,10561,303,BLAa,BLA,82,left,0
10562,10563,3,6651.78,5707.12,2347.4400000000005,1.0,10562,303,BLAa,BLA,82,left,0
10563,10564,3,6651.24,5712.26,2346.9399999999987,1.08203125,10563,303,BLAa,BLA,82,left,0
10564,10565,3,6650.879999999999,5715.68,2346.6000000000004,1.0,10564,303,BLAa,BLA,82,left,0
10565,10566,3,6650.8,5719.26,2346.24,1.0,10565,303,BLAa,BLA,82,left,0
10566,10567,3,6651.219999999999,5722.16,2346.040000000001,0.66796875,10566,303,BLAa,BLA,82,left,0
10567,10568,3,6651.7,5724.08,2346.7800000000007,0.83203125,10567,303,BLAa,BLA,82,left,0
10568,10569,3,6653.08,5725.98,2346.6800000000003,1.0,10568,303,BLAa,BLA,82,left,0
10569,10570,3,6654.9400000000005,5727.98,2346.3,0.5,10569,303,BLAa,BLA,82,left,0
10570,10571,3,6655.34,5731.34,2346.16,1.0,10570,303,BLAa,BLA,82,left,0
10571,10572,3,6655.76,5734.360000000001,2346.8,1.16796875,10571,303,BLAa,BLA,82,left,0
10572,10573,3,6655.9400000000005,5738.139999999999,2347.76,1.25,10572,303,BLAa,BLA,82,left,0
10573,10574,3,6656.4400000000005,5740.48,2348.22,0.75,10573,303,BLAa,BLA,82,left,0
10574,10575,3,6657.74,5744.539999999999,2348.42,1.0,10574,303,BLAa,BLA,82,left,0
10575,10576,3,6659.24,5747.0,2348.5599999999995,0.58203125,10575,303,BLAa,BLA,82,left,0
10576,10577,3,6659.42,5749.160000000001,2349.08,0.91796875,10576,303,BLAa,BLA,82,left,0
10577,10578,3,6660.92,5749.9800000000005,2348.92,0.15234375,10577,303,BLAa,BLA,82,left,0
10578,10579,3,6661.82,5752.72,2348.5599999999995,0.75,10578,303,BLAa,BLA,82,left,0
10579,10580,3,6663.32,5755.74,2348.0999999999985,1.0,10579,303,BLAa,BLA,82,left,0
10580,10581,3,6664.96,5757.08,2347.8,0.75,10580,303,BLAa,BLA,82,left,0
10581,10582,3,6666.4400000000005,5759.099999999999,2347.380000000001,1.0,10581,303,BLAa,BLA,82,left,0
10582,10583,3,6668.18,5760.42,2346.26,0.91796875,10582,303,BLAa,BLA,82,left,0
10583,10584,3,6670.119999999999,5762.6,2345.2000000000007,0.91796875,10583,303,BLAa,BLA,82,left,0
10584,10585,3,6671.799999999999,5764.24,2343.8,1.0,10584,303,BLAa,BLA,82,left,0
10585,10586,3,6673.360000000001,5766.12,2343.300000000001,0.75,10585,303,BLAa,BLA,82,left,1
