,ID,type,AP,DV,ML,R,parent,area_ID,area_name,name_use,bratch_ID,side,terminal
0,1,1,6272.759999999999,5782.28,2503.0,1.2734375,-1,303,BLAa,BLA,1,left,0
1,2,3,6271.599999999999,5785.02,2503.0600000000013,0.06640625,1,303,BLAa,BLA,1,left,0
2,3,3,6271.36,5785.9400000000005,2504.8600000000006,8.5,2,303,BLAa,BLA,1,left,0
3,4,3,6270.4,5788.06,2505.5,8.33203125,3,303,BLAa,BLA,1,left,0
4,5,3,6268.64,5791.599999999999,2504.66,7.08203125,4,303,BLAa,BLA,1,left,0
5,6,3,6267.820000000001,5794.32,2504.34,2.75,5,303,BLAa,BLA,1,left,0
6,7,3,6268.68,5795.280000000001,2505.779999999999,4.0,6,303,BLAa,BLA,1,left,0
7,8,3,6270.98,5796.26,2507.34,2.91796875,7,303,BLAa,BLA,1,left,0
8,9,3,6273.3,5797.240000000001,2508.8600000000006,1.58203125,8,303,BLAa,BLA,1,left,0
9,10,3,6275.52,5798.16,2510.42,1.25,9,303,BLAa,BLA,1,left,0
10,11,3,6277.06,5798.780000000001,2511.960000000001,2.41796875,10,303,BLAa,BLA,1,left,0
11,12,3,6277.619999999999,5798.959999999999,2513.84,1.08203125,11,303,BLAa,BLA,1,left,0
12,13,3,6277.960000000001,5799.04,2515.9400000000005,2.91796875,12,303,BLAa,BLA,1,left,0
13,14,3,6278.9800000000005,5799.44,2517.459999999999,3.33203125,13,303,BLAa,BLA,1,left,0
14,15,3,6281.36,5800.44,2518.5599999999995,3.83203125,14,303,BLAa,BLA,1,left,0
15,16,3,6283.52,5801.38,2519.0599999999995,3.5,15,303,BLAa,BLA,1,left,0
16,17,3,6285.38,5802.16,2520.2000000000007,3.5,16,303,BLAa,BLA,1,left,0
17,18,3,6286.82,5802.72,2521.8600000000006,3.41796875,17,303,BLAa,BLA,1,left,0
18,19,3,6286.94,5802.72,2523.1399999999994,3.5,18,303,BLAa,BLA,1,left,0
19,20,3,6276.4800000000005,5781.96,2503.8,0.08203125,1,303,BLAa,BLA,2,left,0
20,21,3,6279.719999999999,5783.379999999999,2504.26,8.08203125,20,303,BLAa,BLA,2,left,0
21,22,3,6282.98,5784.8,2504.72,8.25,21,303,BLAa,BLA,2,left,0
22,23,3,6286.2,5786.219999999999,2505.1800000000003,7.83203125,22,303,BLAa,BLA,2,left,0
23,24,3,6289.44,5787.64,2505.620000000001,6.83203125,23,303,BLAa,BLA,2,left,0
24,25,3,6292.52,5788.719999999999,2505.6800000000003,4.0,24,303,BLAa,BLA,2,left,0
25,26,3,6294.52,5787.98,2504.9,1.58203125,25,303,BLAa,BLA,2,left,0
26,27,3,6295.860000000001,5787.56,2502.619999999999,1.66796875,26,303,BLAa,BLA,2,left,0
27,28,3,6272.28,5783.52,2502.74,0.1875,1,303,BLAa,BLA,3,left,0
28,29,3,6271.82,5785.8,2502.34,7.0,28,303,BLAa,BLA,3,left,0
29,30,3,6274.02,5787.039999999999,2502.619999999999,6.08203125,29,303,BLAa,BLA,3,left,0
30,31,3,6276.620000000001,5788.18,2502.98,5.75,30,303,BLAa,BLA,3,left,0
31,32,3,6278.400000000001,5788.959999999999,2503.24,6.08203125,31,303,BLAa,BLA,3,left,0
32,33,3,6279.62,5789.539999999999,2502.279999999999,6.16796875,32,303,BLAa,BLA,3,left,0
33,34,3,6279.539999999999,5789.58,2500.1800000000003,4.83203125,33,303,BLAa,BLA,3,left,0
34,35,3,6280.36,5789.9800000000005,2498.619999999999,2.58203125,34,303,BLAa,BLA,3,left,0
35,36,3,6282.0,5790.72,2498.300000000001,1.08203125,35,303,BLAa,BLA,3,left,0
36,37,3,6282.32,5790.96,2495.4400000000005,1.25,36,303,BLAa,BLA,3,left,0
37,38,3,6282.02,5791.16,2493.16,0.58203125,37,303,BLAa,BLA,3,left,0
38,39,3,6281.4400000000005,5792.219999999999,2492.140000000001,1.0,38,303,BLAa,BLA,3,left,0
39,40,3,6281.219999999999,5793.06,2489.6000000000004,0.03515625,39,303,BLAa,BLA,3,left,0
40,41,3,6281.84,5794.360000000001,2488.5,0.66796875,40,303,BLAa,BLA,3,left,0
41,42,3,6281.7,5796.84,2487.1000000000004,0.83203125,41,303,BLAa,BLA,3,left,0
42,43,3,6281.68,5798.360000000001,2485.4400000000005,0.83203125,42,303,BLAa,BLA,3,left,0
43,44,3,6281.1,5799.400000000001,2483.3600000000006,1.08203125,43,303,BLAa,BLA,3,left,0
44,45,3,6280.56,5800.38,2481.24,0.91796875,44,303,BLAa,BLA,3,left,0
45,46,3,6280.56,5801.76,2480.620000000001,1.0,45,303,BLAa,BLA,3,left,0
46,47,3,6279.46,5804.9400000000005,2479.98,1.75,46,303,BLAa,BLA,3,left,0
47,48,3,6278.099999999999,5807.88,2479.3,0.83203125,47,303,BLAa,BLA,3,left,0
48,49,3,6278.22,5809.42,2479.120000000001,1.0,48,303,BLAa,BLA,3,left,0
49,50,3,6275.700000000001,5811.38,2479.220000000001,0.01953125,49,303,BLAa,BLA,3,left,0
50,51,3,6273.200000000001,5812.98,2478.9,1.08203125,50,303,BLAa,BLA,3,left,0
51,52,3,6271.2,5815.18,2478.22,0.58203125,51,303,BLAa,BLA,3,left,0
52,53,3,6269.34,5816.26,2477.720000000001,1.08203125,52,303,BLAa,BLA,3,left,0
53,54,3,6267.26,5818.62,2476.1399999999994,1.0,53,303,BLAa,BLA,3,left,0
54,55,3,6266.36,5820.119999999999,2474.32,1.25,54,303,BLAa,BLA,3,left,0
55,56,3,6265.280000000001,5822.66,2472.4,0.91796875,55,303,BLAa,BLA,3,left,0
56,57,3,6264.76,5825.320000000001,2471.8600000000006,1.0,56,303,BLAa,BLA,3,left,0
57,58,3,6263.719999999999,5827.64,2470.76,1.5,57,303,BLAa,BLA,3,left,0
58,59,3,6262.98,5828.86,2469.3,1.58203125,58,303,BLAa,BLA,3,left,0
59,60,3,6261.799999999999,5830.96,2467.48,0.66796875,59,303,BLAa,BLA,3,left,0
60,61,3,6261.4800000000005,5831.36,2465.84,1.83203125,60,303,BLAa,BLA,3,left,0
61,62,3,6259.64,5832.240000000001,2464.1000000000004,0.1015625,61,303,BLAa,BLA,3,left,0
62,63,3,6258.8,5833.3,2461.32,1.16796875,62,303,BLAa,BLA,3,left,0
63,64,3,6258.8,5833.360000000001,2459.24,1.0,63,303,BLAa,BLA,3,left,0
64,65,3,6259.700000000001,5833.780000000001,2457.720000000001,1.0,64,303,BLAa,BLA,3,left,0
65,66,3,6260.42,5834.2,2454.0599999999995,1.0,65,303,BLAa,BLA,3,left,0
66,67,3,6260.14,5834.360000000001,2451.7800000000007,0.5,66,303,BLAa,BLA,3,left,0
67,68,3,6259.56,5835.24,2449.7000000000007,0.83203125,67,303,BLAa,BLA,3,left,0
68,69,3,6259.24,5835.56,2447.720000000001,1.0,68,303,BLAa,BLA,3,left,0
69,70,3,6259.299999999999,5837.14,2446.76,0.75,69,303,BLAa,BLA,3,left,0
70,71,3,6259.9400000000005,5839.160000000001,2446.540000000001,1.0,70,303,BLAa,BLA,3,left,0
71,72,3,6261.0,5841.02,2445.6399999999994,0.66796875,71,303,BLAa,BLA,3,left,0
72,73,3,6260.66,5843.22,2444.5200000000004,1.08203125,72,303,BLAa,BLA,3,left,0
73,74,3,6260.42,5845.280000000001,2443.24,0.91796875,73,303,BLAa,BLA,3,left,0
74,75,3,6260.68,5847.32,2441.900000000001,0.83203125,74,303,BLAa,BLA,3,left,0
75,76,3,6259.9800000000005,5849.400000000001,2439.8,1.5,75,303,BLAa,BLA,3,left,0
76,77,3,6258.26,5851.219999999999,2438.5,1.0,76,303,BLAa,BLA,3,left,0
77,78,3,6256.18,5850.8,2438.16,1.0,77,303,BLAa,BLA,3,left,0
78,79,3,6254.06,5850.599999999999,2437.7800000000007,1.0,78,303,BLAa,BLA,3,left,0
79,80,3,6253.139999999999,5851.98,2437.42,1.0,79,303,BLAa,BLA,3,left,0
80,81,3,6251.1,5854.44,2436.32,0.03515625,80,303,BLAa,BLA,3,left,0
81,82,3,6249.9400000000005,5855.4,2434.74,0.91796875,81,303,BLAa,BLA,3,left,0
82,83,3,6248.22,5856.24,2433.0600000000013,0.91796875,82,303,BLAa,BLA,3,left,0
83,84,3,6246.14,5855.48,2431.5200000000004,1.0,83,303,BLAa,BLA,3,left,0
84,85,3,6244.28,5855.299999999999,2430.32,1.0,84,884,amc,amc,3,left,0
85,86,3,6242.52,5856.5,2429.84,1.25,85,884,amc,amc,3,left,0
86,87,3,6240.18,5858.339999999999,2429.16,0.58203125,86,884,amc,amc,3,left,0
87,88,3,6237.86,5858.360000000001,2428.72,1.25,87,884,amc,amc,3,left,0
88,89,3,6235.860000000001,5860.700000000001,2427.66,0.66796875,88,884,amc,amc,3,left,0
89,90,3,6234.9800000000005,5862.240000000001,2425.92,0.75,89,884,amc,amc,3,left,0
90,91,3,6234.18,5861.599999999999,2424.9,0.04296875,90,884,amc,amc,3,left,0
91,92,3,6234.04,5860.76,2421.9399999999987,1.0,91,884,amc,amc,3,left,0
92,93,3,6233.92,5860.5,2418.959999999999,0.83203125,92,884,amc,amc,3,left,0
93,94,3,6234.22,5859.6,2416.960000000001,0.91796875,93,884,amc,amc,3,left,0
94,95,3,6234.9,5857.799999999999,2415.779999999999,1.0,94,884,amc,amc,3,left,0
95,96,3,6234.66,5856.68,2415.460000000001,1.0,95,884,amc,amc,3,left,0
96,97,3,6234.099999999999,5856.32,2412.540000000001,1.25,96,884,amc,amc,3,left,0
97,98,3,6233.86,5856.26,2408.84,1.0,97,884,amc,amc,3,left,0
98,99,3,6233.62,5856.16,2405.08,1.0,98,884,amc,amc,3,left,0
99,100,3,6233.379999999999,5856.08,2401.3,1.33203125,99,966,EPv,EP,3,left,0
100,101,3,6233.22,5856.040000000001,2398.82,1.0,100,966,EPv,EP,3,left,0
101,102,3,6233.84,5857.08,2398.34,0.16796875,101,966,EPv,EP,3,left,0
102,103,3,6233.16,5858.8,2397.42,0.58203125,102,966,EPv,EP,3,left,0
103,104,3,6232.16,5860.62,2396.0200000000004,0.83203125,103,966,EPv,EP,3,left,0
104,105,3,6231.14,5862.06,2394.72,0.58203125,104,966,EPv,EP,3,left,0
105,106,3,6229.9800000000005,5862.179999999999,2393.279999999999,1.16796875,105,966,EPv,EP,3,left,0
106,107,3,6229.92,5861.68,2391.2800000000007,1.08203125,106,966,EPv,EP,3,left,0
107,108,3,6230.48,5860.299999999999,2389.779999999999,1.0,107,966,EPv,EP,3,left,0
108,109,3,6230.72,5859.52,2387.82,1.25,108,966,EPv,EP,3,left,0
109,110,3,6233.379999999999,5856.660000000001,2387.619999999999,0.0234375,109,966,EPv,EP,3,left,0
110,111,3,6234.48,5855.4,2386.66,0.58203125,110,966,EPv,EP,3,left,0
111,112,3,6236.4800000000005,5856.24,2385.48,0.91796875,111,966,EPv,EP,3,left,0
112,113,3,6237.52,5857.6,2383.92,1.16796875,112,966,EPv,EP,3,left,0
113,114,3,6238.9800000000005,5858.8,2382.32,0.58203125,113,966,EPv,EP,3,left,0
114,115,3,6241.98,5860.18,2381.960000000001,1.0,114,966,EPv,EP,3,left,0
115,116,3,6245.36,5861.72,2382.380000000001,1.0,115,966,EPv,EP,3,left,0
116,117,3,6247.619999999999,5862.759999999999,2382.66,1.0,116,966,EPv,EP,3,left,1
117,118,3,6275.04,5781.4400000000005,2503.58,0.40625,1,303,BLAa,BLA,4,left,0
118,119,3,6277.06,5782.200000000001,2503.880000000001,8.08203125,118,303,BLAa,BLA,4,left,0
119,120,3,6278.74,5782.94,2504.120000000001,8.75,119,303,BLAa,BLA,4,left,0
120,121,3,6280.0,5784.24,2504.199999999999,9.0,120,303,BLAa,BLA,4,left,0
121,122,3,6281.18,5786.16,2504.1800000000003,8.25,121,303,BLAa,BLA,4,left,0
122,123,3,6283.379999999999,5788.06,2504.3600000000006,7.41796875,122,303,BLAa,BLA,4,left,0
123,124,3,6285.06,5788.8,2504.58,7.33203125,123,303,BLAa,BLA,4,left,0
124,125,3,6285.5,5791.219999999999,2504.34,6.16796875,124,303,BLAa,BLA,4,left,0
125,126,3,6284.58,5793.76,2503.82,4.58203125,125,303,BLAa,BLA,4,left,0
126,127,3,6284.08,5796.76,2503.300000000001,2.0,126,303,BLAa,BLA,4,left,0
127,128,3,6283.139999999999,5799.26,2502.7800000000007,1.08203125,127,303,BLAa,BLA,4,left,0
128,129,3,6283.62,5800.48,2502.7000000000007,1.0,128,303,BLAa,BLA,4,left,0
129,130,3,6283.0,5803.08,2503.34,0.02734375,129,303,BLAa,BLA,4,left,0
130,131,3,6282.240000000001,5806.14,2502.92,1.0,130,303,BLAa,BLA,4,left,0
131,132,3,6281.02,5808.56,2502.24,0.83203125,131,303,BLAa,BLA,4,left,0
132,133,3,6279.78,5810.879999999999,2500.9,1.25,132,303,BLAa,BLA,4,left,0
133,134,3,6277.46,5815.2,2498.3600000000006,1.08203125,133,303,BLAa,BLA,4,left,0
134,135,3,6277.240000000001,5817.4800000000005,2496.720000000001,0.91796875,134,303,BLAa,BLA,4,left,0
135,136,3,6278.04,5819.44,2495.82,1.0,135,303,BLAa,BLA,4,left,0
136,137,3,6278.02,5822.0,2493.959999999999,0.5,136,303,BLAa,BLA,4,left,0
137,138,3,6277.759999999999,5824.02,2492.8,1.16796875,137,303,BLAa,BLA,4,left,0
138,139,3,6276.1,5827.5,2491.32,1.0,138,303,BLAa,BLA,4,left,0
139,140,3,6275.02,5829.700000000001,2491.0200000000004,1.0,139,303,BLAa,BLA,4,left,0
140,141,3,6274.719999999999,5830.460000000001,2491.900000000001,1.41796875,140,303,BLAa,BLA,4,left,0
141,142,3,6272.08,5783.9400000000005,2502.6399999999994,0.13671875,1,303,BLAa,BLA,5,left,0
142,143,3,6270.48,5787.200000000001,2502.08,4.91796875,142,303,BLAa,BLA,5,left,0
143,144,3,6269.44,5789.48,2502.540000000001,6.83203125,143,303,BLAa,BLA,5,left,0
144,145,3,6268.06,5792.54,2503.4,5.08203125,144,303,BLAa,BLA,5,left,0
145,146,3,6267.72,5794.5,2504.24,2.41796875,145,303,BLAa,BLA,5,left,0
146,147,3,6268.88,5795.36,2505.9400000000005,3.66796875,146,303,BLAa,BLA,5,left,0
147,148,3,6270.839999999999,5796.18,2507.76,4.5,147,303,BLAa,BLA,5,left,0
148,149,3,6272.34,5796.82,2508.6800000000003,3.83203125,148,303,BLAa,BLA,5,left,0
149,150,3,6273.08,5797.06,2510.800000000001,4.5,149,303,BLAa,BLA,5,left,0
150,151,3,6273.28,5797.08,2513.08,5.91796875,150,303,BLAa,BLA,5,left,0
151,152,3,6273.12,5797.72,2514.5599999999995,5.58203125,151,303,BLAa,BLA,5,left,0
152,153,3,6271.78,5800.42,2514.1399999999994,5.25,152,303,BLAa,BLA,5,left,0
153,154,3,6270.56,5802.84,2513.5599999999995,1.0,153,303,BLAa,BLA,5,left,0
154,155,3,6269.64,5804.66,2513.1399999999994,1.16796875,154,303,BLAa,BLA,5,left,0
155,156,3,6268.540000000001,5806.2,2514.82,0.03125,155,303,BLAa,BLA,5,left,0
156,157,3,6265.54,5806.54,2514.76,1.66796875,156,303,BLAa,BLA,5,left,0
157,158,3,6264.44,5807.84,2515.539999999999,1.0,157,303,BLAa,BLA,5,left,0
158,159,3,6262.86,5809.62,2516.26,1.0,158,303,BLAa,BLA,5,left,0
159,160,3,6261.660000000001,5811.18,2517.0599999999995,1.0,159,303,BLAa,BLA,5,left,0
160,161,3,6260.06,5812.960000000001,2517.6399999999994,1.0,160,303,BLAa,BLA,5,left,0
161,162,3,6258.68,5814.78,2517.619999999999,1.41796875,161,303,BLAa,BLA,5,left,0
162,163,3,6257.64,5817.02,2518.279999999999,0.91796875,162,303,BLAa,BLA,5,left,0
163,164,3,6256.639999999999,5819.120000000001,2518.6000000000004,1.0,163,303,BLAa,BLA,5,left,0
164,165,3,6273.22,5781.94,2504.82,0.29296875,1,303,BLAa,BLA,6,left,0
165,166,3,6273.5,5782.02,2507.74,13.08203125,165,303,BLAa,BLA,6,left,0
166,167,3,6273.84,5782.06,2511.5,13.16796875,166,303,BLAa,BLA,6,left,0
167,168,3,6274.2,5782.08,2515.32,13.75,167,303,BLAa,BLA,6,left,0
168,169,3,6274.56,5782.1,2519.1399999999994,12.75,168,303,BLAa,BLA,6,left,0
169,170,3,6275.14,5782.28,2521.5599999999995,6.5,169,303,BLAa,BLA,6,left,0
170,171,3,6277.68,5783.360000000001,2522.6399999999994,4.91796875,170,303,BLAa,BLA,6,left,0
171,172,3,6280.839999999999,5784.740000000001,2523.0999999999985,4.75,171,303,BLAa,BLA,6,left,0
172,173,3,6284.08,5786.14,2523.5599999999995,4.58203125,172,303,BLAa,BLA,6,left,0
173,174,3,6286.78,5787.08,2523.959999999999,3.83203125,173,303,BLAa,BLA,6,left,0
174,175,3,6288.780000000001,5786.68,2524.42,2.41796875,174,303,BLAa,BLA,6,left,0
175,176,3,6290.52,5784.8,2525.5999999999985,1.75,175,303,BLAa,BLA,6,left,0
176,177,3,6290.879999999999,5784.38,2527.26,1.0,176,303,BLAa,BLA,6,left,0
177,178,3,6291.2,5784.38,2530.9400000000005,0.02734375,177,303,BLAa,BLA,6,left,0
178,179,3,6291.36,5784.360000000001,2532.8,1.0,178,303,BLAa,BLA,6,left,0
240,241,3,6285.02,5801.860000000001,2523.92,0.12890625,19,303,BLAa,BLA,8,left,0
241,242,3,6284.06,5801.36,2525.6399999999994,1.5,241,303,BLAa,BLA,8,left,0
242,243,3,6281.74,5801.32,2526.4,1.75,242,303,BLAa,BLA,8,left,0
243,244,3,6280.299999999999,5802.4800000000005,2527.16,1.75,243,303,BLAa,BLA,8,left,0
244,245,3,6278.9800000000005,5804.299999999999,2528.8,1.33203125,244,303,BLAa,BLA,8,left,0
245,246,3,6278.32,5805.879999999999,2530.0200000000004,1.83203125,245,303,BLAa,BLA,8,left,0
246,247,3,6277.84,5807.08,2531.1000000000004,1.75,246,303,BLAa,BLA,8,left,0
247,248,3,6277.32,5808.719999999999,2533.3600000000006,1.0,247,303,BLAa,BLA,8,left,0
248,249,3,6277.52,5810.22,2534.0,1.0,248,303,BLAa,BLA,8,left,0
249,250,3,6276.76,5810.76,2535.3,0.0546875,249,303,BLAa,BLA,8,left,0
250,251,3,6275.82,5812.52,2537.6399999999994,1.0,250,303,BLAa,BLA,8,left,0
251,252,3,6275.14,5814.120000000001,2538.82,1.25,251,303,BLAa,BLA,8,left,0
252,253,3,6274.22,5816.0,2538.9400000000005,1.0,252,303,BLAa,BLA,8,left,0
253,254,3,6285.320000000001,5805.96,2522.380000000001,0.09765625,19,303,BLAa,BLA,9,left,0
254,255,3,6285.06,5808.32,2522.0200000000004,2.58203125,254,303,BLAa,BLA,9,left,0
255,256,3,6286.219999999999,5809.92,2522.0200000000004,2.25,255,303,BLAa,BLA,9,left,0
256,257,3,6295.259999999999,5789.64,2499.82,0.03125,27,303,BLAa,BLA,10,left,0
257,258,3,6296.4400000000005,5791.96,2498.9,1.0,257,303,BLAa,BLA,10,left,0
258,259,3,6296.74,5793.52,2498.5200000000004,0.91796875,258,303,BLAa,BLA,10,left,0
259,260,3,6295.96,5795.299999999999,2497.22,1.83203125,259,303,BLAa,BLA,10,left,0
260,261,3,6295.259999999999,5797.46,2496.6399999999994,1.83203125,260,303,BLAa,BLA,10,left,0
261,262,3,6296.040000000001,5799.740000000001,2496.48,1.75,261,303,BLAa,BLA,10,left,0
262,263,3,6297.86,5800.92,2496.6800000000003,1.33203125,262,303,BLAa,BLA,10,left,0
263,264,3,6296.42,5787.039999999999,2500.6800000000003,0.0625,27,303,BLAa,BLA,11,left,0
264,265,3,6297.380000000001,5786.5,2499.24,0.5,264,303,BLAa,BLA,11,left,0
265,266,3,6299.02,5785.460000000001,2497.6800000000003,0.5,265,303,BLAa,BLA,11,left,0
266,267,3,6300.4,5784.78,2497.1000000000004,0.66796875,266,303,BLAa,BLA,11,left,0
267,268,3,6301.799999999999,5782.759999999999,2496.720000000001,0.66796875,267,303,BLAa,BLA,11,left,0
268,269,3,6302.4,5781.799999999999,2495.82,1.0,268,303,BLAa,BLA,11,left,0
269,270,3,6303.9400000000005,5781.24,2495.5999999999985,1.0,269,303,BLAa,BLA,11,left,0
270,271,3,6305.92,5780.24,2496.1399999999994,0.75,270,303,BLAa,BLA,11,left,0
271,272,3,6308.139999999999,5777.42,2496.6399999999994,0.58203125,271,303,BLAa,BLA,11,left,0
272,273,3,6308.88,5775.76,2496.26,0.75,272,303,BLAa,BLA,11,left,0
273,274,3,6310.74,5775.1,2495.5,0.04296875,273,303,BLAa,BLA,11,left,0
274,275,3,6312.759999999999,5772.6,2494.199999999999,0.5,274,303,BLAa,BLA,11,left,0
275,276,3,6313.9800000000005,5770.639999999999,2492.9,1.0,275,303,BLAa,BLA,11,left,0
276,277,3,6316.26,5770.460000000001,2492.34,0.91796875,276,303,BLAa,BLA,11,left,0
277,278,3,6317.84,5769.2,2491.4400000000005,1.0,277,303,BLAa,BLA,11,left,0
278,279,3,6319.120000000001,5767.240000000001,2490.84,0.75,278,303,BLAa,BLA,11,left,0
279,280,3,6320.900000000001,5765.98,2490.3,0.5,279,303,BLAa,BLA,11,left,0
280,281,3,6321.799999999999,5765.66,2489.3,1.41796875,280,303,BLAa,BLA,11,left,0
281,282,3,6322.72,5763.9400000000005,2488.74,0.91796875,281,303,BLAa,BLA,11,left,0
282,283,3,6323.9400000000005,5762.36,2487.42,1.0,282,303,BLAa,BLA,11,left,0
283,284,3,6325.320000000001,5761.219999999999,2486.6800000000003,1.08203125,283,303,BLAa,BLA,11,left,0
284,285,3,6328.08,5760.48,2486.98,1.0,284,303,BLAa,BLA,11,left,0
285,286,3,6329.880000000001,5758.92,2487.540000000001,1.08203125,285,303,BLAa,BLA,11,left,0
286,287,3,6274.24,5831.58,2492.7800000000007,0.16015625,141,303,BLAa,BLA,12,left,0
287,288,3,6274.5,5831.82,2494.6800000000003,0.91796875,287,303,BLAa,BLA,12,left,0
288,289,3,6274.78,5833.28,2495.32,1.41796875,288,303,BLAa,BLA,12,left,0
289,290,3,6273.64,5835.98,2494.92,1.41796875,289,303,BLAa,BLA,12,left,0
290,291,3,6273.4400000000005,5837.86,2495.5999999999985,1.0,290,303,BLAa,BLA,12,left,0
291,292,3,6273.02,5840.18,2497.08,0.58203125,291,303,BLAa,BLA,12,left,0
292,293,3,6272.0,5842.32,2497.3600000000006,1.0,292,303,BLAa,BLA,12,left,0
293,294,3,6271.14,5843.9800000000005,2496.98,1.0,293,303,BLAa,BLA,12,left,0
294,295,3,6270.36,5845.72,2497.84,0.07421875,294,303,BLAa,BLA,12,left,0
295,296,3,6269.32,5847.9,2498.16,1.25,295,303,BLAa,BLA,12,left,0
296,297,3,6268.92,5851.12,2498.16,0.75,296,303,BLAa,BLA,12,left,0
297,298,3,6269.160000000001,5853.46,2498.4,1.0,297,303,BLAa,BLA,12,left,0
298,299,3,6269.08,5855.320000000001,2499.0200000000004,0.66796875,298,303,BLAa,BLA,12,left,0
299,300,3,6268.780000000001,5857.380000000001,2500.6800000000003,1.66796875,299,303,BLAa,BLA,12,left,0
300,301,3,6267.84,5859.32,2500.82,1.0,300,303,BLAa,BLA,12,left,0
301,302,3,6267.380000000001,5860.44,2502.119999999999,1.0,301,303,BLAa,BLA,12,left,0
302,303,3,6267.68,5860.52,2503.6399999999994,0.91796875,302,303,BLAa,BLA,12,left,0
303,304,3,6267.64,5862.7,2503.98,1.0,303,303,BLAa,BLA,12,left,0
304,305,3,6266.16,5865.879999999999,2504.0599999999995,1.33203125,304,303,BLAa,BLA,12,left,0
305,306,3,6265.68,5867.0,2505.2000000000007,1.0,305,303,BLAa,BLA,12,left,0
306,307,3,6265.66,5868.92,2505.3,0.11328125,306,303,BLAa,BLA,12,left,0
307,308,3,6266.620000000001,5870.639999999999,2505.3,1.0,307,303,BLAa,BLA,12,left,0
308,309,3,6266.76,5872.759999999999,2505.0599999999995,1.0,308,303,BLAa,BLA,12,left,0
309,310,3,6265.78,5875.04,2504.6000000000004,1.0,309,303,BLAa,BLA,12,left,0
310,311,3,6265.62,5877.619999999999,2504.24,1.0,310,303,BLAa,BLA,12,left,0
311,312,3,6267.200000000001,5881.12,2504.120000000001,0.75,311,303,BLAa,BLA,12,left,0
312,313,3,6267.36,5884.22,2503.76,1.25,312,303,BLAa,BLA,12,left,0
313,314,3,6267.3,5886.639999999999,2503.6000000000004,0.91796875,313,303,BLAa,BLA,12,left,0
314,315,3,6266.3,5889.44,2504.08,1.08203125,314,303,BLAa,BLA,12,left,0
315,316,3,6265.259999999999,5891.900000000001,2503.6800000000003,1.58203125,315,303,BLAa,BLA,12,left,0
316,317,3,6265.06,5894.139999999999,2503.3600000000006,1.16796875,316,303,BLAa,BLA,12,left,0
317,318,3,6264.120000000001,5896.26,2502.92,1.0,317,303,BLAa,BLA,12,left,0
318,319,3,6265.24,5898.56,2502.8599999999988,0.0546875,318,303,BLAa,BLA,12,left,0
319,320,3,6264.46,5900.8,2502.0200000000004,0.66796875,319,303,BLAa,BLA,12,left,0
320,321,3,6263.84,5901.98,2500.08,1.41796875,320,303,BLAa,BLA,12,left,0
321,322,3,6264.28,5904.48,2499.460000000001,1.0,321,303,BLAa,BLA,12,left,0
322,323,3,6264.84,5907.14,2498.92,0.5,322,303,BLAa,BLA,12,left,0
323,324,3,6265.66,5909.9,2497.84,0.5,323,303,BLAa,BLA,12,left,0
324,325,3,6266.38,5913.099999999999,2496.84,1.16796875,324,303,BLAa,BLA,12,left,0
325,326,3,6267.08,5915.34,2496.16,0.91796875,325,303,BLAa,BLA,12,left,0
326,327,3,6267.820000000001,5916.860000000001,2495.0,1.41796875,326,303,BLAa,BLA,12,left,0
327,328,3,6268.200000000001,5917.08,2493.08,1.16796875,327,303,BLAa,BLA,12,left,0
328,329,3,6270.72,5918.16,2492.720000000001,1.5,328,303,BLAa,BLA,12,left,0
329,330,3,6273.379999999999,5919.299999999999,2493.08,1.25,329,303,BLAa,BLA,12,left,0
330,331,3,6275.04,5920.04,2492.880000000001,1.5,330,303,BLAa,BLA,12,left,0
331,332,3,6275.38,5920.24,2490.0200000000004,2.33203125,331,303,BLAa,BLA,12,left,0
332,333,3,6275.639999999999,5920.42,2487.459999999999,1.0,332,303,BLAa,BLA,12,left,0
333,334,3,6276.18,5920.700000000001,2486.1800000000003,1.0,333,303,BLAa,BLA,12,left,0
334,335,3,6277.799999999999,5921.4400000000005,2484.48,0.0546875,334,303,BLAa,BLA,12,left,0
335,336,3,6278.6,5921.96,2481.6399999999994,0.58203125,335,303,BLAa,BLA,12,left,0
336,337,3,6278.76,5923.06,2481.0200000000004,1.16796875,336,303,BLAa,BLA,12,left,0
337,338,3,6278.24,5925.259999999999,2479.26,0.06640625,337,303,BLAa,BLA,12,left,0
338,339,3,6279.24,5927.84,2477.98,1.0,338,303,BLAa,BLA,12,left,0
339,340,3,6279.86,5930.119999999999,2476.98,1.0,339,303,BLAa,BLA,12,left,0
340,341,3,6280.72,5931.799999999999,2476.540000000001,0.83203125,340,303,BLAa,BLA,12,left,0
341,342,3,6282.7,5933.6,2477.0200000000004,0.03125,341,303,BLAa,BLA,12,left,0
342,343,3,6283.74,5935.62,2478.08,0.83203125,342,303,BLAa,BLA,12,left,0
343,344,3,6285.4,5937.08,2479.120000000001,0.58203125,343,303,BLAa,BLA,12,left,0
344,345,3,6285.879999999999,5938.62,2479.16,1.0,344,303,BLAa,BLA,12,left,0
345,346,3,6286.02,5939.28,2481.22,0.0546875,345,303,BLAa,BLA,12,left,0
346,347,3,6286.76,5941.14,2481.540000000001,0.58203125,346,303,BLAa,BLA,12,left,1
347,348,3,6272.64,5833.3,2490.040000000001,0.0390625,141,303,BLAa,BLA,13,left,0
348,349,3,6270.22,5834.9400000000005,2489.199999999999,1.0,348,303,BLAa,BLA,13,left,0
349,350,3,6268.22,5837.780000000001,2488.4400000000005,1.0,349,303,BLAa,BLA,13,left,0
350,351,3,6266.660000000001,5840.700000000001,2487.0,0.5,350,303,BLAa,BLA,13,left,0
351,352,3,6265.98,5841.799999999999,2485.3599999999988,0.91796875,351,303,BLAa,BLA,13,left,0
352,353,3,6264.82,5843.959999999999,2484.1399999999994,0.078125,352,303,BLAa,BLA,13,left,0
353,354,3,6263.9400000000005,5845.4,2481.960000000001,0.75,353,303,BLAa,BLA,13,left,0
354,355,3,6263.32,5846.18,2479.199999999999,1.16796875,354,303,BLAa,BLA,13,left,0
355,356,3,6262.52,5847.7,2476.5599999999995,0.5,355,303,BLAa,BLA,13,left,0
356,357,3,6262.759999999999,5848.46,2474.199999999999,1.0,356,303,BLAa,BLA,13,left,0
357,358,3,6260.700000000001,5848.339999999999,2473.6000000000004,0.03515625,357,303,BLAa,BLA,13,left,0
358,359,3,6259.0,5849.46,2472.22,1.16796875,358,303,BLAa,BLA,13,left,0
359,360,3,6258.16,5849.8,2470.5200000000004,1.0,359,303,BLAa,BLA,13,left,0
360,361,3,6257.08,5851.799999999999,2469.4399999999987,1.0,360,303,BLAa,BLA,13,left,0
361,362,3,6255.48,5853.9800000000005,2468.8600000000006,0.83203125,361,303,BLAa,BLA,13,left,0
362,363,3,6252.98,5854.719999999999,2467.66,0.91796875,362,303,BLAa,BLA,13,left,0
363,364,3,6251.52,5854.8,2466.040000000001,0.66796875,363,303,BLAa,BLA,13,left,0
364,365,3,6250.460000000001,5856.38,2465.1000000000004,1.0,364,303,BLAa,BLA,13,left,0
365,366,3,6248.74,5857.88,2464.58,1.0,365,303,BLAa,BLA,13,left,0
366,367,3,6246.68,5858.24,2464.1399999999994,1.0,366,303,BLAa,BLA,13,left,0
367,368,3,6244.62,5859.76,2463.22,1.25,367,303,BLAa,BLA,13,left,0
368,369,3,6243.48,5861.54,2462.0,0.75,368,303,BLAa,BLA,13,left,0
369,370,3,6241.4,5862.039999999999,2460.58,0.75,369,303,BLAa,BLA,13,left,0
370,371,3,6239.82,5861.36,2459.08,1.58203125,370,303,BLAa,BLA,13,left,0
371,372,3,6238.9400000000005,5862.26,2457.84,0.26171875,371,303,BLAa,BLA,13,left,0
372,373,3,6238.58,5862.4,2455.0200000000004,1.33203125,372,303,BLAa,BLA,13,left,0
373,374,3,6238.3,5862.34,2451.3,1.08203125,373,303,BLAa,BLA,13,left,0
374,375,3,6238.360000000001,5861.799999999999,2448.6399999999994,1.66796875,374,303,BLAa,BLA,13,left,0
375,376,3,6238.16,5860.900000000001,2446.84,0.91796875,375,303,BLAa,BLA,13,left,0
376,377,3,6235.98,5859.6,2445.220000000001,0.75,376,303,BLAa,BLA,13,left,0
377,378,3,6234.92,5858.08,2444.040000000001,0.91796875,377,884,amc,amc,13,left,0
378,379,3,6234.34,5857.66,2441.08,1.0,378,884,amc,amc,13,left,0
379,380,3,6234.139999999999,5857.6,2438.039999999999,1.16796875,379,884,amc,amc,13,left,0
380,381,3,6233.9800000000005,5857.56,2435.98,1.0,380,884,amc,amc,13,left,0
381,382,3,6233.339999999999,5857.3,2433.22,0.0546875,381,884,amc,amc,13,left,0
382,383,3,6232.66,5856.84,2431.459999999999,0.91796875,382,884,amc,amc,13,left,0
383,384,3,6232.94,5855.900000000001,2429.98,0.66796875,383,884,amc,amc,13,left,0
384,385,3,6232.86,5855.62,2427.34,1.0,384,884,amc,amc,13,left,0
385,386,3,6232.6,5855.54,2423.619999999999,1.91796875,385,884,amc,amc,13,left,0
386,387,3,6232.66,5855.08,2421.380000000001,1.41796875,386,884,amc,amc,13,left,0
387,388,3,6233.400000000001,5853.400000000001,2420.34,0.58203125,387,884,amc,amc,13,left,0
388,389,3,6233.540000000001,5852.799999999999,2418.5200000000004,0.91796875,388,884,amc,amc,13,left,0
389,390,3,6233.86,5851.74,2415.800000000001,0.83203125,389,884,amc,amc,13,left,0
390,391,3,6233.9400000000005,5851.14,2413.1399999999994,1.0,390,884,amc,amc,13,left,0
391,392,3,6234.2,5850.44,2411.92,1.0,391,884,amc,amc,13,left,0
392,393,3,6235.0,5850.52,2409.58,0.0546875,392,884,amc,amc,13,left,0
393,394,3,6235.96,5849.9,2407.4,0.75,393,884,amc,amc,13,left,0
394,395,3,6236.799999999999,5849.58,2405.6399999999994,1.83203125,394,884,amc,amc,13,left,0
395,396,3,6237.960000000001,5847.88,2404.42,0.5,395,884,amc,amc,13,left,0
396,397,3,6238.959999999999,5847.32,2403.1800000000003,0.75,396,884,amc,amc,13,left,0
397,398,3,6239.9,5845.58,2401.699999999999,1.08203125,397,884,amc,amc,13,left,0
398,399,3,6240.900000000001,5843.360000000001,2400.6399999999994,1.66796875,398,884,amc,amc,13,left,0
399,400,3,6241.040000000001,5842.759999999999,2398.82,0.91796875,399,884,amc,amc,13,left,0
400,401,3,6241.98,5842.12,2397.98,0.75,400,884,amc,amc,13,left,0
401,402,3,6243.42,5842.52,2398.2000000000007,1.0,401,884,amc,amc,13,left,0
402,403,3,6240.96,5841.4,2397.0599999999995,0.02734375,402,884,amc,amc,13,left,0
403,404,3,6238.62,5840.34,2395.92,0.5,403,884,amc,amc,13,left,0
404,405,3,6236.96,5839.6,2393.82,1.91796875,404,884,amc,amc,13,left,0
405,406,3,6235.700000000001,5839.02,2392.5599999999995,1.25,405,884,amc,amc,13,left,0
406,407,3,6235.280000000001,5839.719999999999,2394.0599999999995,0.10546875,406,884,amc,amc,13,left,0
407,408,3,6234.08,5842.14,2393.98,1.0,407,966,EPv,EP,13,left,0
408,409,3,6233.139999999999,5843.92,2393.039999999999,1.5,408,966,EPv,EP,13,left,0
409,410,3,6232.26,5845.54,2391.74,0.91796875,409,966,EPv,EP,13,left,0
410,411,3,6231.36,5847.12,2390.040000000001,1.0,410,966,EPv,EP,13,left,0
411,412,3,6230.96,5847.5,2386.960000000001,1.0,411,966,EPv,EP,13,left,0
412,413,3,6230.92,5847.240000000001,2384.8,1.25,412,966,EPv,EP,13,left,0
413,414,3,6231.26,5846.32,2383.0999999999985,0.91796875,413,966,EPv,EP,13,left,0
414,415,3,6231.2,5846.12,2381.0599999999995,1.0,414,966,EPv,EP,13,left,0
415,416,3,6231.4,5845.48,2379.6000000000004,1.08203125,415,966,EPv,EP,13,left,0
416,417,3,6232.12,5843.92,2379.2800000000007,1.0,416,966,EPv,EP,13,left,0
417,418,3,6232.72,5842.4800000000005,2377.84,0.83203125,417,966,EPv,EP,13,left,0
418,419,3,6233.099999999999,5841.38,2376.0,0.83203125,418,966,EPv,EP,13,left,0
419,420,3,6233.16,5841.040000000001,2374.460000000001,0.0703125,419,966,EPv,EP,13,left,1
420,421,3,6254.6,5821.3,2518.58,0.01953125,164,303,BLAa,BLA,14,left,0
421,422,3,6253.04,5823.82,2518.8,0.83203125,421,303,BLAa,BLA,14,left,0
422,423,3,6252.12,5825.62,2519.3,0.91796875,422,303,BLAa,BLA,14,left,0
423,424,3,6250.460000000001,5827.36,2518.98,0.5,423,303,BLAa,BLA,14,left,0
424,425,3,6248.58,5829.62,2519.16,0.58203125,424,303,BLAa,BLA,14,left,0
425,426,3,6247.16,5830.72,2519.26,0.91796875,425,303,BLAa,BLA,14,left,0
426,427,3,6245.9400000000005,5833.08,2519.82,1.0,426,303,BLAa,BLA,14,left,0
427,428,3,6244.719999999999,5835.280000000001,2520.1800000000003,0.91796875,427,303,BLAa,BLA,14,left,0
428,429,3,6243.32,5835.76,2520.16,1.0,428,303,BLAa,BLA,14,left,0
429,430,3,6243.0,5836.639999999999,2521.48,0.11328125,429,303,BLAa,BLA,14,left,0
430,431,3,6242.34,5838.18,2522.6000000000004,0.66796875,430,303,BLAa,BLA,14,left,0
431,432,3,6240.879999999999,5840.24,2523.0,1.0,431,303,BLAa,BLA,14,left,0
432,433,3,6239.539999999999,5841.54,2524.199999999999,1.0,432,303,BLAa,BLA,14,left,0
433,434,3,6238.42,5842.88,2525.539999999999,0.83203125,433,303,BLAa,BLA,14,left,0
434,435,3,6236.68,5844.139999999999,2526.4400000000005,1.0,434,303,BLAa,BLA,14,left,0
435,436,3,6233.9400000000005,5846.58,2527.32,0.75,435,303,BLAa,BLA,14,left,0
436,437,3,6232.960000000001,5847.5,2527.7800000000007,1.66796875,436,303,BLAa,BLA,14,left,0
437,438,3,6254.700000000001,5818.02,2516.1000000000004,0.01953125,164,303,BLAa,BLA,15,left,0
438,439,3,6253.719999999999,5818.719999999999,2513.459999999999,0.83203125,438,303,BLAa,BLA,15,left,0
439,440,3,6253.16,5819.42,2511.1000000000004,0.5,439,303,BLAa,BLA,15,left,0
440,441,3,6252.16,5821.06,2509.3,0.91796875,440,303,BLAa,BLA,15,left,0
441,442,3,6252.06,5821.860000000001,2507.0,0.83203125,441,303,BLAa,BLA,15,left,0
442,443,3,6252.58,5823.92,2505.58,0.5,442,303,BLAa,BLA,15,left,0
443,444,3,6252.1,5825.5,2503.34,1.0,443,303,BLAa,BLA,15,left,0
444,445,3,6252.64,5826.56,2501.8600000000006,1.0,444,303,BLAa,BLA,15,left,0
445,446,3,6251.860000000001,5828.08,2500.72,0.08203125,445,303,BLAa,BLA,15,left,0
446,447,3,6251.94,5829.26,2498.92,0.5,446,303,BLAa,BLA,15,left,0
447,448,3,6252.14,5829.539999999999,2495.92,1.0,447,303,BLAa,BLA,15,left,0
448,449,3,6252.4,5830.54,2494.76,0.58203125,448,303,BLAa,BLA,15,left,0
449,450,3,6251.54,5832.32,2492.7800000000007,0.5,449,303,BLAa,BLA,15,left,0
450,451,3,6250.2,5834.34,2489.08,0.58203125,450,303,BLAa,BLA,15,left,0
451,452,3,6249.44,5835.54,2487.32,1.5,451,303,BLAa,BLA,15,left,0
452,453,3,6248.9,5836.02,2484.1000000000004,1.0,452,303,BLAa,BLA,15,left,0
453,454,3,6248.66,5836.58,2481.4,0.66796875,453,303,BLAa,BLA,15,left,0
454,455,3,6249.32,5837.94,2479.72,1.0,454,303,BLAa,BLA,15,left,0
455,456,3,6249.120000000001,5839.679999999999,2477.4,1.16796875,455,303,BLAa,BLA,15,left,0
456,457,3,6247.88,5842.0,2476.42,1.16796875,456,303,BLAa,BLA,15,left,0
457,458,3,6247.4400000000005,5845.24,2475.92,0.83203125,457,303,BLAa,BLA,15,left,0
458,459,3,6247.619999999999,5847.32,2475.7000000000007,1.0,458,303,BLAa,BLA,15,left,0
459,460,3,6249.18,5848.84,2475.800000000001,0.11328125,459,303,BLAa,BLA,15,left,0
460,461,3,6250.700000000001,5851.1,2475.82,0.75,460,303,BLAa,BLA,15,left,0
461,462,3,6251.98,5852.86,2475.84,1.0,461,303,BLAa,BLA,15,left,0
462,463,3,6251.84,5855.42,2475.6399999999994,1.0,462,303,BLAa,BLA,15,left,0
463,464,3,6251.52,5857.3,2476.119999999999,0.75,463,303,BLAa,BLA,15,left,0
464,465,3,6250.54,5860.700000000001,2475.82,1.0,464,303,BLAa,BLA,15,left,0
465,466,3,6249.160000000001,5863.76,2475.1800000000003,1.0,465,303,BLAa,BLA,15,left,0
466,467,3,6248.74,5866.24,2474.7000000000007,0.5,466,303,BLAa,BLA,15,left,0
467,468,3,6248.28,5868.84,2473.24,0.5,467,303,BLAa,BLA,15,left,0
468,469,3,6249.139999999999,5870.299999999999,2472.380000000001,1.08203125,468,303,BLAa,BLA,15,left,0
469,470,3,6248.26,5872.56,2470.6800000000003,0.58203125,469,303,BLAa,BLA,15,left,0
470,471,3,6247.42,5873.9800000000005,2469.1000000000004,1.5,470,303,BLAa,BLA,15,left,0
471,472,3,6246.92,5876.02,2468.039999999999,1.08203125,471,303,BLAa,BLA,15,left,0
472,473,3,6247.960000000001,5877.0,2466.9399999999987,1.0,472,303,BLAa,BLA,15,left,0
473,474,3,6249.86,5878.099999999999,2466.040000000001,0.91796875,473,303,BLAa,BLA,15,left,0
474,475,3,6249.880000000001,5879.38,2465.879999999999,1.0,474,303,BLAa,BLA,15,left,0
475,476,3,6250.96,5877.4800000000005,2463.5200000000004,0.01953125,475,303,BLAa,BLA,15,left,0
476,477,3,6253.04,5877.12,2463.0,1.0,476,303,BLAa,BLA,15,left,0
477,478,3,6255.02,5876.06,2463.4400000000005,0.66796875,477,303,BLAa,BLA,15,left,0
478,479,3,6256.78,5876.4,2463.039999999999,1.0,478,303,BLAa,BLA,15,left,0
479,480,3,6259.48,5877.6,2462.9,1.0,479,303,BLAa,BLA,15,left,0
480,481,3,6261.42,5878.46,2462.960000000001,1.0,480,303,BLAa,BLA,15,left,0
481,482,3,6263.099999999999,5879.04,2462.26,1.0,481,303,BLAa,BLA,15,left,0
482,483,3,6265.0,5878.959999999999,2461.9399999999987,0.5,482,303,BLAa,BLA,15,left,0
483,484,3,6268.16,5879.96,2461.540000000001,0.91796875,483,303,BLAa,BLA,15,left,0
484,485,3,6269.9,5880.74,2460.5999999999985,1.0,484,303,BLAa,BLA,15,left,0
485,486,3,6272.52,5881.94,2458.959999999999,1.0,485,303,BLAa,BLA,15,left,0
486,487,3,6273.8,5882.52,2457.6800000000003,1.33203125,486,303,BLAa,BLA,15,left,0
487,488,3,6275.460000000001,5883.28,2456.58,0.91796875,487,303,BLAa,BLA,15,left,0
488,489,3,6277.799999999999,5884.44,2456.960000000001,0.5,488,303,BLAa,BLA,15,left,0
489,490,3,6279.32,5886.1,2457.8599999999988,0.5,489,303,BLAa,BLA,15,left,0
490,491,3,6279.58,5889.0,2457.4,0.75,490,303,BLAa,BLA,15,left,0
491,492,3,6278.780000000001,5891.18,2456.2000000000007,1.16796875,491,303,BLAa,BLA,15,left,0
492,493,3,6279.099999999999,5893.56,2455.460000000001,1.08203125,492,303,BLAa,BLA,15,left,0
493,494,3,6279.86,5894.52,2453.959999999999,0.83203125,493,303,BLAa,BLA,15,left,0
494,495,3,6280.0,5895.9400000000005,2453.1800000000003,1.0,494,303,BLAa,BLA,15,left,1
495,496,3,6287.200000000001,5782.34,2532.9400000000005,0.00390625,179,303,BLAa,BLA,16,left,0
496,497,3,6285.58,5780.460000000001,2534.379999999999,0.66796875,496,303,BLAa,BLA,16,left,0
497,498,3,6284.06,5778.64,2535.9400000000005,0.83203125,497,303,BLAa,BLA,16,left,0
498,499,3,6283.099999999999,5777.16,2536.82,0.75,498,303,BLAa,BLA,16,left,0
499,500,3,6282.3,5775.119999999999,2537.9400000000005,0.91796875,499,303,BLAa,BLA,16,left,0
500,501,3,6282.08,5772.42,2539.6800000000003,1.0,500,303,BLAa,BLA,16,left,0
501,502,3,6282.380000000001,5770.18,2541.380000000001,0.83203125,501,303,BLAa,BLA,16,left,0
502,503,3,6281.4400000000005,5768.64,2542.22,0.046875,502,303,BLAa,BLA,16,left,0
503,504,3,6281.0,5767.26,2543.82,0.66796875,503,303,BLAa,BLA,16,left,0
504,505,3,6279.679999999999,5766.4400000000005,2544.66,1.0,504,303,BLAa,BLA,16,left,0
505,506,3,6279.04,5765.1,2545.800000000001,1.16796875,505,303,BLAa,BLA,16,left,0
506,507,3,6279.2,5763.26,2547.3,1.0,506,303,BLAa,BLA,16,left,0
507,508,3,6279.5,5759.86,2548.9,1.0,507,303,BLAa,BLA,16,left,0
508,509,3,6279.0,5757.84,2549.72,1.0,508,303,BLAa,BLA,16,left,0
509,510,3,6277.72,5754.76,2551.0599999999995,1.41796875,509,303,BLAa,BLA,16,left,0
510,511,3,6276.94,5751.660000000001,2552.84,0.75,510,303,BLAa,BLA,16,left,0
511,512,3,6276.599999999999,5749.52,2554.24,0.5,511,303,BLAa,BLA,16,left,0
512,513,3,6275.48,5748.099999999999,2555.58,1.25,512,303,BLAa,BLA,16,left,0
513,514,3,6275.82,5745.96,2557.7800000000007,1.0,513,303,BLAa,BLA,16,left,0
514,515,3,6275.860000000001,5744.34,2559.58,0.66796875,514,303,BLAa,BLA,16,left,0
515,516,3,6274.539999999999,5743.3,2560.72,1.0,515,303,BLAa,BLA,16,left,0
516,517,3,6273.88,5742.12,2562.6800000000003,1.41796875,516,303,BLAa,BLA,16,left,0
517,518,3,6274.62,5740.54,2564.26,1.08203125,517,303,BLAa,BLA,16,left,0
518,519,3,6272.619999999999,5739.18,2564.379999999999,0.05859375,518,303,BLAa,BLA,16,left,0
519,520,3,6271.84,5738.76,2565.42,1.0,519,303,BLAa,BLA,16,left,0
520,521,3,6272.52,5737.6,2566.84,1.25,520,303,BLAa,BLA,16,left,0
521,522,3,6273.26,5735.119999999999,2567.5,1.0,521,303,BLAa,BLA,16,left,0
522,523,3,6272.86,5732.780000000001,2567.76,1.0,522,303,BLAa,BLA,16,left,0
523,524,3,6272.4800000000005,5730.06,2567.6399999999994,1.66796875,523,303,BLAa,BLA,16,left,0
524,525,3,6272.28,5727.58,2567.24,1.33203125,524,303,BLAa,BLA,16,left,0
525,526,3,6271.14,5725.62,2567.1800000000003,1.0,525,303,BLAa,BLA,16,left,0
526,527,3,6271.32,5723.88,2567.48,1.08203125,526,303,BLAa,BLA,16,left,0
527,528,3,6271.72,5721.4,2567.9400000000005,1.0,527,303,BLAa,BLA,16,left,0
528,529,3,6271.36,5719.66,2568.120000000001,1.0,528,303,BLAa,BLA,16,left,0
529,530,3,6271.660000000001,5717.98,2569.3,1.08203125,529,303,BLAa,BLA,16,left,0
530,531,3,6272.380000000001,5716.88,2571.3600000000006,1.25,530,303,BLAa,BLA,16,left,0
531,532,3,6273.6,5714.539999999999,2573.120000000001,1.66796875,531,579,ec,ec,16,left,0
532,533,3,6274.9800000000005,5711.599999999999,2573.84,1.08203125,532,579,ec,ec,16,left,0
533,534,3,6275.98,5709.48,2574.3600000000006,1.0,533,303,BLAa,BLA,16,left,0
534,535,3,6275.860000000001,5707.26,2574.6800000000003,1.5,534,303,BLAa,BLA,16,left,0
535,536,3,6275.0,5704.92,2574.8600000000006,1.83203125,535,579,ec,ec,16,left,0
536,537,3,6273.42,5702.84,2574.84,1.58203125,536,579,ec,ec,16,left,0
537,538,3,6272.26,5701.18,2574.8600000000006,1.5,537,579,ec,ec,16,left,0
538,539,3,6270.599999999999,5699.64,2574.74,1.66796875,538,579,ec,ec,16,left,0
539,540,3,6269.5,5698.099999999999,2574.74,1.58203125,539,579,ec,ec,16,left,0
540,541,3,6268.56,5696.459999999999,2574.8,1.5,540,579,ec,ec,16,left,0
541,542,3,6266.4,5695.24,2574.539999999999,3.41796875,541,579,ec,ec,16,left,0
542,543,3,6263.86,5694.099999999999,2574.199999999999,3.83203125,542,579,ec,ec,16,left,0
543,544,3,6262.12,5693.32,2573.959999999999,4.0,543,579,ec,ec,16,left,1
544,545,3,6292.34,5784.700000000001,2535.26,0.02734375,179,303,BLAa,BLA,17,left,0
558,559,3,6274.24,5815.56,2541.380000000001,0.03515625,253,303,BLAa,BLA,20,left,0
559,560,3,6273.200000000001,5813.6,2542.7800000000007,1.5,559,303,BLAa,BLA,20,left,0
560,561,3,6272.179999999999,5812.42,2543.92,1.16796875,560,303,BLAa,BLA,20,left,0
561,562,3,6271.72,5812.08,2546.6399999999994,1.0,561,303,BLAa,BLA,20,left,0
562,563,3,6271.900000000001,5812.08,2548.619999999999,1.08203125,562,303,BLAa,BLA,20,left,0
563,564,3,6271.34,5811.78,2550.42,1.08203125,563,303,BLAa,BLA,20,left,0
564,565,3,6270.02,5811.0,2551.16,1.0,564,303,BLAa,BLA,20,left,0
565,566,3,6269.66,5809.6,2552.5599999999995,1.08203125,565,303,BLAa,BLA,20,left,0
566,567,3,6269.9400000000005,5809.48,2554.72,1.08203125,566,303,BLAa,BLA,20,left,0
567,568,3,6270.860000000001,5808.339999999999,2558.58,0.02734375,567,303,BLAa,BLA,20,left,0
568,569,3,6271.24,5807.0,2560.3599999999988,0.91796875,568,303,BLAa,BLA,20,left,0
569,570,3,6270.18,5806.26,2561.0,1.0,569,303,BLAa,BLA,20,left,0
570,571,3,6269.84,5806.040000000001,2563.0,1.0,570,303,BLAa,BLA,20,left,0
571,572,3,6269.92,5806.24,2565.0200000000004,0.75,571,303,BLAa,BLA,20,left,0
572,573,3,6269.64,5807.16,2566.74,0.91796875,572,303,BLAa,BLA,20,left,0
573,574,3,6269.539999999999,5807.799999999999,2569.0,1.0,573,303,BLAa,BLA,20,left,0
574,575,3,6269.160000000001,5808.9800000000005,2571.119999999999,0.75,574,303,BLAa,BLA,20,left,0
575,576,3,6268.64,5810.38,2573.5200000000004,0.91796875,575,303,BLAa,BLA,20,left,0
576,577,3,6267.820000000001,5810.9400000000005,2575.1000000000004,1.0,576,303,BLAa,BLA,20,left,0
577,578,3,6266.900000000001,5812.1,2576.5599999999995,1.33203125,577,303,BLAa,BLA,20,left,0
578,579,3,6266.06,5814.099999999999,2578.120000000001,1.75,578,303,BLAa,BLA,20,left,0
579,580,3,6265.56,5815.280000000001,2579.220000000001,1.58203125,579,303,BLAa,BLA,20,left,0
580,581,3,6264.92,5816.94,2581.6800000000003,1.0,580,303,BLAa,BLA,20,left,0
581,582,3,6263.88,5818.08,2583.32,1.0,581,303,BLAa,BLA,20,left,0
582,583,3,6262.58,5819.719999999999,2584.26,1.66796875,582,303,BLAa,BLA,20,left,0
583,584,3,6262.4,5820.36,2585.620000000001,1.41796875,583,303,BLAa,BLA,20,left,0
584,585,3,6262.200000000001,5821.12,2587.6399999999994,1.16796875,584,303,BLAa,BLA,20,left,0
585,586,3,6261.7,5822.36,2588.8600000000006,1.0,585,303,BLAa,BLA,20,left,0
586,587,3,6260.96,5822.6,2591.0200000000004,1.16796875,586,303,BLAa,BLA,20,left,0
587,588,3,6259.6,5821.98,2592.0200000000004,1.33203125,587,303,BLAa,BLA,20,left,0
588,589,3,6258.76,5821.58,2593.1800000000003,1.5,588,303,BLAa,BLA,20,left,0
589,590,3,6256.74,5825.42,2592.279999999999,0.02734375,589,303,BLAa,BLA,20,left,0
590,591,3,6255.52,5828.0,2591.699999999999,1.75,590,303,BLAa,BLA,20,left,0
591,592,3,6255.14,5830.14,2591.3600000000006,1.41796875,591,303,BLAa,BLA,20,left,0
592,593,3,6253.88,5833.360000000001,2590.800000000001,2.41796875,592,303,BLAa,BLA,20,left,0
593,594,3,6253.66,5834.719999999999,2591.2800000000007,2.66796875,593,303,BLAa,BLA,20,left,0
594,595,3,6256.06,5835.839999999999,2592.1000000000004,2.66796875,594,303,BLAa,BLA,20,left,0
595,596,3,6258.66,5836.96,2592.48,1.66796875,595,303,BLAa,BLA,20,left,0
596,597,3,6260.259999999999,5838.28,2592.6399999999994,2.0,596,303,BLAa,BLA,20,left,0
597,598,3,6262.759999999999,5840.16,2592.92,1.83203125,597,303,BLAa,BLA,20,left,0
598,599,3,6264.8,5841.0,2593.22,1.25,598,303,BLAa,BLA,20,left,0
599,600,3,6265.98,5842.219999999999,2593.300000000001,1.25,599,303,BLAa,BLA,20,left,0
600,601,3,6266.18,5843.8,2593.42,1.33203125,600,303,BLAa,BLA,20,left,0
601,602,3,6265.599999999999,5845.78,2594.6000000000004,1.25,601,303,BLAa,BLA,20,left,0
602,603,3,6264.86,5847.42,2595.779999999999,2.33203125,602,303,BLAa,BLA,20,left,0
603,604,3,6263.32,5850.42,2595.5600000000013,2.58203125,603,303,BLAa,BLA,20,left,0
604,605,3,6261.74,5853.46,2594.8600000000006,2.41796875,604,303,BLAa,BLA,20,left,0
605,606,3,6260.66,5855.52,2594.400000000001,1.25,605,303,BLAa,BLA,20,left,1
606,607,3,6273.84,5817.14,2540.72,0.08203125,253,303,BLAa,BLA,21,left,0
607,608,3,6272.32,5820.24,2540.72,0.83203125,607,303,BLAa,BLA,21,left,0
608,609,3,6271.38,5822.28,2541.4400000000005,1.0,608,303,BLAa,BLA,21,left,0
609,610,3,6270.18,5824.9400000000005,2542.459999999999,1.08203125,609,303,BLAa,BLA,21,left,0
610,611,3,6269.46,5826.599999999999,2543.619999999999,0.58203125,610,303,BLAa,BLA,21,left,0
611,612,3,6268.26,5828.42,2544.6800000000003,0.83203125,611,303,BLAa,BLA,21,left,0
612,613,3,6266.36,5829.299999999999,2544.76,1.0,612,303,BLAa,BLA,21,left,0
613,614,3,6264.880000000001,5829.06,2545.34,1.08203125,613,303,BLAa,BLA,21,left,0
614,615,3,6288.32,5811.02,2522.3,0.125,256,303,BLAa,BLA,22,left,0
615,616,3,6289.64,5813.379999999999,2522.1800000000003,2.0,615,303,BLAa,BLA,22,left,0
616,617,3,6289.82,5814.700000000001,2521.2000000000007,1.58203125,616,303,BLAa,BLA,22,left,0
617,618,3,6288.22,5810.96,2522.42,0.125,256,303,BLAa,BLA,23,left,0
618,619,3,6289.539999999999,5810.74,2523.619999999999,2.33203125,618,303,BLAa,BLA,23,left,0
619,620,3,6290.36,5809.28,2524.76,1.66796875,619,303,BLAa,BLA,23,left,0
620,621,3,6291.5,5809.120000000001,2526.58,1.0,620,303,BLAa,BLA,23,left,0
621,622,3,6293.099999999999,5808.92,2527.720000000001,1.16796875,621,303,BLAa,BLA,23,left,0
622,623,3,6293.68,5808.5,2529.58,1.0,622,303,BLAa,BLA,23,left,0
623,624,3,6293.88,5808.5,2532.1000000000004,0.08203125,623,303,BLAa,BLA,23,left,0
624,625,3,6294.8,5808.8,2534.1399999999994,1.0,624,303,BLAa,BLA,23,left,0
625,626,3,6296.56,5809.52,2535.620000000001,1.0,625,303,BLAa,BLA,23,left,0
626,627,3,6298.32,5810.2,2537.880000000001,1.0,626,303,BLAa,BLA,23,left,0
627,628,3,6298.780000000001,5810.299999999999,2540.26,1.16796875,627,303,BLAa,BLA,23,left,0
628,629,3,6297.3,5803.08,2495.8600000000006,0.109375,263,303,BLAa,BLA,24,left,0
629,630,3,6296.7,5804.120000000001,2493.82,1.33203125,629,303,BLAa,BLA,24,left,0
630,631,3,6295.98,5807.02,2491.4,0.75,630,303,BLAa,BLA,24,left,0
631,632,3,6296.18,5809.22,2490.3,1.0,631,303,BLAa,BLA,24,left,0
632,633,3,6299.8,5800.42,2497.119999999999,0.1484375,263,303,BLAa,BLA,25,left,0
633,634,3,6302.039999999999,5801.2,2496.720000000001,1.0,633,303,BLAa,BLA,25,left,0
634,635,3,6303.66,5801.219999999999,2495.460000000001,0.58203125,634,303,BLAa,BLA,25,left,0
635,636,3,6305.66,5801.4,2493.8600000000006,1.0,635,303,BLAa,BLA,25,left,0
636,637,3,6307.7,5801.36,2493.5200000000004,0.5,636,303,BLAa,BLA,25,left,0
637,638,3,6310.9400000000005,5801.36,2494.1399999999994,1.0,637,303,BLAa,BLA,25,left,0
638,639,3,6312.58,5800.42,2494.6000000000004,1.25,638,303,BLAa,BLA,25,left,0
639,640,3,6315.900000000001,5800.839999999999,2495.1800000000003,0.046875,639,303,BLAa,BLA,25,left,0
640,641,3,6318.339999999999,5800.02,2495.76,1.0,640,303,BLAa,BLA,25,left,0
641,642,3,6321.56,5798.48,2496.6000000000004,1.0,641,303,BLAa,BLA,25,left,0
642,643,3,6323.540000000001,5797.02,2497.2000000000007,1.0,642,303,BLAa,BLA,25,left,0
643,644,3,6326.040000000001,5796.7,2497.720000000001,1.0,643,303,BLAa,BLA,25,left,0
644,645,3,6327.780000000001,5797.4800000000005,2498.16,0.58203125,644,303,BLAa,BLA,25,left,0
645,646,3,6328.52,5797.759999999999,2499.3,1.58203125,645,303,BLAa,BLA,25,left,0
646,647,3,6330.900000000001,5761.08,2487.42,0.08203125,286,303,BLAa,BLA,26,left,0
647,648,3,6332.960000000001,5763.06,2487.8599999999988,0.58203125,647,303,BLAa,BLA,26,left,0
648,649,3,6333.099999999999,5764.9400000000005,2488.379999999999,0.91796875,648,303,BLAa,BLA,26,left,0
649,650,3,6333.7,5767.6,2488.279999999999,0.75,649,303,BLAa,BLA,26,left,0
650,651,3,6334.34,5769.9400000000005,2488.0600000000013,1.0,650,303,BLAa,BLA,26,left,0
651,652,3,6334.92,5771.639999999999,2487.9400000000005,1.16796875,651,303,BLAa,BLA,26,left,0
652,653,3,6336.26,5773.719999999999,2487.880000000001,1.0,652,303,BLAa,BLA,26,left,0
653,654,3,6336.5,5775.5,2487.6800000000003,1.0,653,303,BLAa,BLA,26,left,0
654,655,3,6337.68,5775.1,2486.6000000000004,0.0546875,654,303,BLAa,BLA,26,left,0
655,656,3,6340.22,5776.06,2485.0599999999995,0.91796875,655,303,BLAa,BLA,26,left,0
656,657,3,6341.96,5775.9400000000005,2484.24,1.33203125,656,303,BLAa,BLA,26,left,0
657,658,3,6344.22,5776.620000000001,2483.540000000001,0.5,657,303,BLAa,BLA,26,left,0
658,659,3,6345.62,5777.36,2481.16,1.0,658,303,BLAa,BLA,26,left,0
659,660,3,6347.34,5778.22,2479.6000000000004,0.58203125,659,303,BLAa,BLA,26,left,0
660,661,3,6348.9400000000005,5779.0,2478.74,1.08203125,660,303,BLAa,BLA,26,left,0
661,662,3,6351.58,5780.2,2478.5599999999995,1.0,661,303,BLAa,BLA,26,left,0
662,663,3,6354.76,5781.639999999999,2478.959999999999,1.33203125,662,303,BLAa,BLA,26,left,0
663,664,3,6356.900000000001,5782.6,2479.199999999999,1.0,663,303,BLAa,BLA,26,left,0
664,665,3,6359.08,5783.6,2479.1399999999994,1.0,664,303,BLAa,BLA,26,left,0
665,666,3,6360.599999999999,5784.78,2478.48,1.25,665,303,BLAa,BLA,26,left,0
666,667,3,6361.08,5786.92,2478.0999999999985,1.58203125,666,303,BLAa,BLA,26,left,0
667,668,3,6362.0,5788.7,2478.0200000000004,1.08203125,667,303,BLAa,BLA,26,left,0
668,669,3,6362.28,5790.879999999999,2478.0999999999985,0.91796875,668,303,BLAa,BLA,26,left,0
669,670,3,6363.32,5792.28,2478.8600000000006,0.83203125,669,303,BLAa,BLA,26,left,0
670,671,3,6364.9400000000005,5794.78,2478.9400000000005,1.0,670,303,BLAa,BLA,26,left,0
671,672,3,6365.639999999999,5796.599999999999,2478.82,1.0,671,303,BLAa,BLA,26,left,0
672,673,3,6367.380000000001,5798.02,2478.82,0.91796875,672,303,BLAa,BLA,26,left,0
673,674,3,6368.66,5798.62,2478.279999999999,1.0,673,303,BLAa,BLA,26,left,0
674,675,3,6371.219999999999,5799.8,2478.120000000001,1.0,674,303,BLAa,BLA,26,left,0
675,676,3,6373.12,5801.58,2477.9,1.08203125,675,303,BLAa,BLA,26,left,0
676,677,3,6372.72,5803.12,2476.84,0.83203125,676,303,BLAa,BLA,26,left,0
677,678,3,6372.0,5805.599999999999,2476.1800000000003,0.0703125,677,303,BLAa,BLA,26,left,0
678,679,3,6372.820000000001,5807.9,2475.92,0.91796875,678,303,BLAa,BLA,26,left,0
679,680,3,6372.780000000001,5809.48,2474.98,0.58203125,679,303,BLAa,BLA,26,left,0
680,681,3,6374.160000000001,5810.42,2474.16,1.0,680,303,BLAa,BLA,26,left,0
681,682,3,6375.82,5810.54,2472.74,1.33203125,681,303,BLAa,BLA,26,left,0
682,683,3,6377.28,5810.34,2471.92,0.58203125,682,303,BLAa,BLA,26,left,0
683,684,3,6379.46,5809.76,2471.900000000001,1.0,683,303,BLAa,BLA,26,left,0
684,685,3,6382.94,5809.02,2472.66,0.83203125,684,303,BLAa,BLA,26,left,0
685,686,3,6384.78,5808.339999999999,2473.08,0.5,685,303,BLAa,BLA,26,left,0
686,687,3,6387.66,5809.0,2473.5200000000004,1.16796875,686,303,BLAa,BLA,26,left,0
687,688,3,6390.879999999999,5810.44,2473.9,1.08203125,687,303,BLAa,BLA,26,left,0
688,689,3,6393.18,5811.56,2473.6399999999994,1.0,688,303,BLAa,BLA,26,left,0
689,690,3,6394.099999999999,5812.799999999999,2472.5200000000004,0.91796875,689,303,BLAa,BLA,26,left,0
690,691,3,6395.74,5814.32,2470.74,1.08203125,690,303,BLAa,BLA,26,left,0
691,692,3,6397.92,5815.34,2470.1800000000003,1.0,691,303,BLAa,BLA,26,left,0
692,693,3,6399.539999999999,5816.1,2469.66,1.0,692,303,BLAa,BLA,26,left,0
693,694,3,6401.3,5816.94,2468.74,1.16796875,693,303,BLAa,BLA,26,left,0
694,695,3,6401.96,5817.32,2467.119999999999,1.0,694,303,BLAa,BLA,26,left,0
695,696,3,6402.759999999999,5816.58,2465.26,1.08203125,695,303,BLAa,BLA,26,left,0
696,697,3,6403.68,5815.460000000001,2464.619999999999,0.5,696,303,BLAa,BLA,26,left,0
697,698,3,6405.5,5815.5,2464.4399999999987,1.0,697,303,BLAa,BLA,26,left,0
698,699,3,6407.34,5814.679999999999,2463.74,0.91796875,698,303,BLAa,BLA,26,left,0
699,700,3,6408.400000000001,5813.58,2462.92,0.5,699,303,BLAa,BLA,26,left,0
700,701,3,6410.1,5813.7,2463.0200000000004,1.0,700,303,BLAa,BLA,26,left,0
701,702,3,6408.8,5811.860000000001,2462.140000000001,0.0078125,701,303,BLAa,BLA,26,left,1
702,703,3,6331.660000000001,5757.88,2486.9399999999987,0.03125,286,303,BLAa,BLA,27,left,0
703,704,3,6334.64,5757.5,2487.26,0.83203125,703,303,BLAa,BLA,27,left,0
704,705,3,6336.459999999999,5757.34,2486.8600000000006,0.75,704,303,BLAa,BLA,27,left,0
705,706,3,6338.400000000001,5756.74,2486.24,0.75,705,303,BLAa,BLA,27,left,0
706,707,3,6339.24,5756.18,2485.26,0.75,706,303,BLAa,BLA,27,left,0
707,708,3,6341.26,5756.040000000001,2484.8,0.66796875,707,303,BLAa,BLA,27,left,0
708,709,3,6342.820000000001,5755.5,2484.42,1.08203125,708,303,BLAa,BLA,27,left,0
709,710,3,6345.0,5755.599999999999,2484.1000000000004,1.08203125,709,303,BLAa,BLA,27,left,0
710,711,3,6345.56,5755.42,2482.84,0.66796875,710,303,BLAa,BLA,27,left,0
711,712,3,6347.34,5754.26,2482.74,1.0,711,303,BLAa,BLA,27,left,0
712,713,3,6349.52,5752.58,2482.5200000000004,1.0,712,303,BLAa,BLA,27,left,0
713,714,3,6351.72,5751.82,2482.74,1.08203125,713,303,BLAa,BLA,27,left,0
714,715,3,6353.360000000001,5749.92,2483.32,1.41796875,714,303,BLAa,BLA,27,left,0
715,716,3,6355.1,5748.52,2483.379999999999,1.33203125,715,303,BLAa,BLA,27,left,0
716,717,3,6356.76,5748.26,2482.82,0.5,716,303,BLAa,BLA,27,left,0
717,718,3,6358.139999999999,5746.96,2482.34,1.33203125,717,303,BLAa,BLA,27,left,0
718,719,3,6359.46,5746.42,2482.5200000000004,0.22265625,718,303,BLAa,BLA,27,left,0
719,720,3,6361.860000000001,5745.02,2483.1399999999994,1.08203125,719,303,BLAa,BLA,27,left,0
720,721,3,6364.62,5744.96,2482.5200000000004,1.25,720,303,BLAa,BLA,27,left,0
721,722,3,6366.040000000001,5745.1,2481.6000000000004,0.5,721,303,BLAa,BLA,27,left,0
722,723,3,6367.960000000001,5743.62,2481.66,1.0,722,303,BLAa,BLA,27,left,0
723,724,3,6369.64,5742.28,2481.1800000000003,0.83203125,723,303,BLAa,BLA,27,left,0
724,725,3,6372.1,5741.799999999999,2480.6800000000003,1.41796875,724,303,BLAa,BLA,27,left,0
725,726,3,6374.86,5739.42,2481.24,0.5,725,303,BLAa,BLA,27,left,0
726,727,3,6376.78,5738.18,2481.0,0.5,726,303,BLAa,BLA,27,left,0
727,728,3,6379.58,5737.64,2481.1399999999994,0.58203125,727,303,BLAa,BLA,27,left,0
728,729,3,6382.1,5736.900000000001,2480.6800000000003,1.0,728,303,BLAa,BLA,27,left,0
729,730,3,6383.92,5737.26,2479.779999999999,1.08203125,729,303,BLAa,BLA,27,left,0
730,731,3,6385.700000000001,5738.08,2479.84,1.0,730,303,BLAa,BLA,27,left,0
731,732,3,6388.42,5737.4400000000005,2479.6000000000004,0.0390625,731,303,BLAa,BLA,27,left,0
732,733,3,6391.38,5737.34,2479.0,0.5,732,303,BLAa,BLA,27,left,0
733,734,3,6392.26,5736.88,2478.0,1.16796875,733,303,BLAa,BLA,27,left,0
734,735,3,6394.26,5736.5,2477.4,1.16796875,734,303,BLAa,BLA,27,left,0
735,736,3,6395.48,5735.48,2476.040000000001,1.5,735,303,BLAa,BLA,27,left,0
736,737,3,6397.36,5735.02,2475.0,0.58203125,736,303,BLAa,BLA,27,left,0
737,738,3,6399.48,5735.119999999999,2475.3,0.75,737,303,BLAa,BLA,27,left,0
738,739,3,6401.3,5733.9,2475.82,0.75,738,303,BLAa,BLA,27,left,0
739,740,3,6403.28,5733.48,2475.92,1.33203125,739,303,BLAa,BLA,27,left,0
740,741,3,6405.119999999999,5732.780000000001,2475.5,0.75,740,303,BLAa,BLA,27,left,0
741,742,3,6406.72,5731.88,2475.4,1.08203125,741,303,BLAa,BLA,27,left,0
742,743,3,6408.88,5731.040000000001,2475.16,1.0,742,303,BLAa,BLA,27,left,0
743,744,3,6410.879999999999,5730.48,2475.119999999999,0.83203125,743,303,BLAa,BLA,27,left,0
744,745,3,6411.96,5730.860000000001,2474.5599999999995,1.0,744,303,BLAa,BLA,27,left,0
745,746,3,6413.56,5728.84,2474.3,0.02734375,745,303,BLAa,BLA,27,left,0
746,747,3,6416.18,5727.98,2474.400000000001,1.0,746,303,BLAa,BLA,27,left,0
747,748,3,6417.74,5726.72,2474.6800000000003,1.0,747,303,BLAa,BLA,27,left,0
748,749,3,6418.400000000001,5725.54,2474.1399999999994,0.5,748,303,BLAa,BLA,27,left,0
749,750,3,6419.58,5722.84,2474.5599999999995,1.25,749,303,BLAa,BLA,27,left,0
750,751,3,6420.639999999999,5720.4,2475.119999999999,1.33203125,750,303,BLAa,BLA,27,left,0
751,752,3,6421.56,5718.24,2475.5200000000004,0.91796875,751,303,BLAa,BLA,27,left,0
752,753,3,6422.219999999999,5716.660000000001,2475.119999999999,0.58203125,752,303,BLAa,BLA,27,left,0
753,754,3,6423.719999999999,5713.6,2475.42,1.16796875,753,303,BLAa,BLA,27,left,0
754,755,3,6425.08,5712.200000000001,2475.32,0.58203125,754,303,BLAa,BLA,27,left,0
755,756,3,6426.72,5709.02,2474.7000000000007,0.58203125,755,303,BLAa,BLA,27,left,0
756,757,3,6427.74,5707.28,2473.6000000000004,1.0,756,303,BLAa,BLA,27,left,0
757,758,3,6429.02,5706.280000000001,2472.459999999999,0.83203125,757,303,BLAa,BLA,27,left,0
758,759,3,6429.9400000000005,5705.259999999999,2471.7800000000007,0.5,758,303,BLAa,BLA,27,left,0
759,760,3,6431.900000000001,5704.679999999999,2472.039999999999,0.58203125,759,303,BLAa,BLA,27,left,0
760,761,3,6433.16,5702.72,2472.58,1.0,760,303,BLAa,BLA,27,left,0
761,762,3,6435.14,5700.98,2472.960000000001,1.0,761,303,BLAa,BLA,27,left,0
762,763,3,6232.7,5848.42,2530.0,0.140625,437,303,BLAa,BLA,28,left,0
763,764,3,6231.92,5850.24,2531.6399999999994,0.91796875,763,303,BLAa,BLA,28,left,0
764,765,3,6230.839999999999,5852.58,2532.9,0.83203125,764,303,BLAa,BLA,28,left,0
765,766,3,6229.58,5855.1,2533.16,1.16796875,765,303,BLAa,BLA,28,left,0
766,767,3,6228.86,5856.660000000001,2534.08,1.0,766,303,BLAa,BLA,28,left,0
767,768,3,6227.64,5859.24,2535.0200000000004,0.75,767,303,BLAa,BLA,28,left,0
768,769,3,6227.200000000001,5860.299999999999,2536.2000000000007,0.91796875,768,303,BLAa,BLA,28,left,0
769,770,3,6231.32,5847.4,2526.4400000000005,0.09375,437,303,BLAa,BLA,29,left,0
770,771,3,6229.58,5848.540000000001,2525.879999999999,1.0,770,303,BLAa,BLA,29,left,0
771,772,3,6228.12,5851.06,2524.16,1.0,771,303,BLAa,BLA,29,left,0
772,773,3,6227.06,5852.380000000001,2522.6000000000004,0.5,772,303,BLAa,BLA,29,left,0
773,774,3,6224.96,5854.38,2521.6800000000003,1.0,773,303,BLAa,BLA,29,left,0
774,775,3,6223.56,5856.42,2520.460000000001,1.08203125,774,303,BLAa,BLA,29,left,0
775,776,3,6221.7,5857.6,2519.460000000001,1.0,775,303,BLAa,BLA,29,left,0
776,777,3,6219.44,5857.56,2519.0200000000004,1.0,776,303,BLAa,BLA,29,left,0
777,778,3,6218.0,5859.04,2516.5200000000004,0.0390625,777,303,BLAa,BLA,29,left,0
778,779,3,6216.06,5859.26,2513.84,1.0,778,303,BLAa,BLA,29,left,0
779,780,3,6214.02,5858.88,2511.92,0.66796875,779,303,BLAa,BLA,29,left,0
780,781,3,6212.619999999999,5859.34,2509.1399999999994,0.83203125,780,303,BLAa,BLA,29,left,0
781,782,3,6211.68,5859.2,2507.0200000000004,0.83203125,781,303,BLAa,BLA,29,left,0
782,783,3,6210.98,5860.02,2505.119999999999,0.5,782,303,BLAa,BLA,29,left,0
783,784,3,6210.04,5861.280000000001,2502.459999999999,1.0,783,303,BLAa,BLA,29,left,0
784,785,3,6209.06,5862.820000000001,2500.58,0.91796875,784,303,BLAa,BLA,29,left,0
785,786,3,6207.54,5865.14,2499.460000000001,1.0,785,303,BLAa,BLA,29,left,0
786,787,3,6205.639999999999,5866.860000000001,2498.8600000000006,1.0,786,303,BLAa,BLA,29,left,0
787,788,3,6203.56,5868.099999999999,2497.76,0.5,787,303,BLAa,BLA,29,left,0
788,789,3,6202.52,5869.44,2496.459999999999,0.75,788,303,BLAa,BLA,29,left,0
789,790,3,6201.36,5871.2,2494.1800000000003,0.58203125,789,303,BLAa,BLA,29,left,0
790,791,3,6200.639999999999,5872.14,2492.0599999999995,0.58203125,790,303,BLAa,BLA,29,left,0
791,792,3,6198.82,5871.98,2489.34,0.91796875,791,303,BLAa,BLA,29,left,0
792,793,3,6197.1,5871.24,2488.0999999999985,1.08203125,792,303,BLAa,BLA,29,left,0
793,794,3,6196.620000000001,5871.06,2486.2000000000007,0.1796875,793,303,BLAa,BLA,29,left,0
794,795,3,6195.96,5871.7,2483.8600000000006,0.58203125,794,884,amc,amc,29,left,0
795,796,3,6195.02,5873.02,2481.4400000000005,0.75,795,884,amc,amc,29,left,0
796,797,3,6194.46,5873.64,2479.0,0.66796875,796,884,amc,amc,29,left,0
797,798,3,6193.68,5874.78,2477.3,0.66796875,797,884,amc,amc,29,left,0
798,799,3,6191.639999999999,5876.4,2476.26,1.0,798,884,amc,amc,29,left,0
799,800,3,6189.160000000001,5877.36,2475.6800000000003,1.0,799,884,amc,amc,29,left,0
800,801,3,6186.4400000000005,5877.54,2475.119999999999,0.91796875,800,884,amc,amc,29,left,0
801,802,3,6183.82,5877.759999999999,2474.58,1.25,801,884,amc,amc,29,left,0
802,803,3,6181.620000000001,5877.92,2474.120000000001,1.66796875,802,884,amc,amc,29,left,0
803,804,3,6181.84,5878.88,2476.0,0.140625,803,884,amc,amc,29,left,0
804,805,3,6180.36,5881.78,2475.9400000000005,2.08203125,804,884,amc,amc,29,left,0
805,806,3,6179.18,5884.02,2475.8600000000006,1.83203125,805,884,amc,amc,29,left,0
806,807,3,6178.06,5884.8,2477.380000000001,0.83203125,806,884,amc,amc,29,left,0
807,808,3,6176.3,5885.02,2477.82,1.33203125,807,884,amc,amc,29,left,0
808,809,3,6174.64,5885.56,2478.5200000000004,1.66796875,808,884,amc,amc,29,left,0
809,810,3,6173.52,5887.74,2479.74,0.75,809,884,amc,amc,29,left,0
810,811,3,6172.4800000000005,5889.86,2480.5,0.5,810,884,amc,amc,29,left,0
811,812,3,6171.639999999999,5891.52,2480.84,0.91796875,811,884,amc,amc,29,left,0
812,813,3,6170.78,5893.26,2481.380000000001,0.91796875,812,884,amc,amc,29,left,0
813,814,3,6170.0,5896.36,2482.140000000001,1.0,813,703,CTXsp,CTXsp,29,left,0
814,815,3,6170.5,5898.84,2483.619999999999,0.66796875,814,703,CTXsp,CTXsp,29,left,0
815,816,3,6170.1,5900.36,2484.2800000000007,0.91796875,815,703,CTXsp,CTXsp,29,left,1
816,817,3,6291.82,5782.02,2536.3,1.5,545,303,BLAa,BLA,30,left,0
817,818,3,6291.52,5779.9400000000005,2538.0999999999985,0.5,817,303,BLAa,BLA,30,left,0
818,819,3,6292.12,5777.619999999999,2538.9,1.41796875,818,303,BLAa,BLA,30,left,0
819,820,3,6291.34,5776.16,2538.9400000000005,0.58203125,819,303,BLAa,BLA,30,left,0
820,821,3,6292.179999999999,5773.12,2539.539999999999,1.33203125,820,303,BLAa,BLA,30,left,0
821,822,3,6293.780000000001,5769.84,2539.640000000001,1.66796875,821,303,BLAa,BLA,30,left,0
822,823,3,6295.0,5769.0,2539.460000000001,1.0,822,303,BLAa,BLA,30,left,0
823,824,3,6295.1,5767.88,2538.48,0.11328125,823,303,BLAa,BLA,30,left,0
824,825,3,6294.44,5766.0,2538.0999999999985,0.58203125,824,303,BLAa,BLA,30,left,0
825,826,3,6295.16,5763.52,2537.279999999999,1.0,825,303,BLAa,BLA,30,left,0
826,827,3,6296.040000000001,5761.4,2536.2000000000007,1.16796875,826,303,BLAa,BLA,30,left,0
827,828,3,6297.5,5758.28,2536.4,1.0,827,303,BLAa,BLA,30,left,0
828,829,3,6299.299999999999,5754.5,2537.3,1.0,828,303,BLAa,BLA,30,left,0
829,830,3,6300.8,5751.36,2538.0600000000013,1.0,829,303,BLAa,BLA,30,left,0
830,831,3,6301.78,5749.26,2538.540000000001,1.0,830,303,BLAa,BLA,30,left,0
831,832,3,6301.639999999999,5747.12,2538.82,1.0,831,303,BLAa,BLA,30,left,0
832,833,3,6300.5,5745.48,2538.82,1.0,832,303,BLAa,BLA,30,left,0
833,834,3,6301.040000000001,5742.960000000001,2539.8,0.0546875,833,303,BLAa,BLA,30,left,0
834,835,3,6302.5,5740.119999999999,2542.32,0.66796875,834,303,BLAa,BLA,30,left,0
835,836,3,6303.099999999999,5737.84,2543.880000000001,1.08203125,835,303,BLAa,BLA,30,left,0
836,837,3,6303.88,5734.880000000001,2545.0200000000004,0.83203125,836,303,BLAa,BLA,30,left,0
837,838,3,6303.8,5733.86,2545.98,0.83203125,837,303,BLAa,BLA,30,left,0
838,839,3,6303.08,5731.860000000001,2546.34,1.0,838,303,BLAa,BLA,30,left,0
839,840,3,6303.139999999999,5729.120000000001,2547.24,0.83203125,839,303,BLAa,BLA,30,left,0
840,841,3,6302.16,5727.5,2547.98,0.5,840,303,BLAa,BLA,30,left,0
841,842,3,6300.78,5725.280000000001,2548.08,1.0,841,303,BLAa,BLA,30,left,0
842,843,3,6299.64,5724.160000000001,2548.22,1.0,842,303,BLAa,BLA,30,left,0
843,844,3,6299.740000000001,5722.759999999999,2549.34,1.33203125,843,303,BLAa,BLA,30,left,0
844,845,3,6300.460000000001,5720.16,2550.0200000000004,1.08203125,844,303,BLAa,BLA,30,left,0
845,846,3,6300.8,5717.94,2550.42,1.33203125,845,303,BLAa,BLA,30,left,0
846,847,3,6301.72,5715.48,2550.959999999999,0.07421875,846,303,BLAa,BLA,30,left,0
847,848,3,6302.240000000001,5712.16,2551.620000000001,1.0,847,303,BLAa,BLA,30,left,0
848,849,3,6303.139999999999,5709.880000000001,2552.84,0.58203125,848,303,BLAa,BLA,30,left,0
849,850,3,6302.66,5708.139999999999,2553.48,1.0,849,303,BLAa,BLA,30,left,0
850,851,3,6302.799999999999,5705.52,2553.9,1.0,850,303,BLAa,BLA,30,left,0
851,852,3,6304.46,5701.88,2554.779999999999,1.0,851,303,BLAa,BLA,30,left,0
852,853,3,6305.639999999999,5699.32,2555.4,0.75,852,303,BLAa,BLA,30,left,0
853,854,3,6305.48,5697.179999999999,2555.7000000000007,1.0,853,303,BLAa,BLA,30,left,0
854,855,3,6304.24,5695.52,2555.6800000000003,1.0,854,303,BLAa,BLA,30,left,0
855,856,3,6304.42,5691.799999999999,2556.32,1.0,855,303,BLAa,BLA,30,left,0
856,857,3,6303.92,5689.44,2557.2000000000007,1.0,856,303,BLAa,BLA,30,left,0
857,858,3,6303.32,5686.5,2558.66,0.91796875,857,303,BLAa,BLA,30,left,0
858,859,3,6303.18,5683.56,2559.8,1.0,858,579,ec,ec,30,left,0
859,860,3,6301.84,5681.459999999999,2559.84,0.58203125,859,579,ec,ec,30,left,0
860,861,3,6300.68,5679.66,2559.880000000001,0.58203125,860,579,ec,ec,30,left,0
861,862,3,6299.6,5677.9,2560.1000000000004,0.5,861,579,ec,ec,30,left,0
862,863,3,6299.9400000000005,5676.4400000000005,2561.4400000000005,1.5,862,579,ec,ec,30,left,0
863,864,3,6300.06,5675.42,2563.76,1.08203125,863,579,ec,ec,30,left,0
864,865,3,6298.9400000000005,5674.44,2564.8600000000006,0.83203125,864,579,ec,ec,30,left,0
865,866,3,6299.2,5673.52,2566.4400000000005,0.91796875,865,579,ec,ec,30,left,0
866,867,3,6300.72,5670.299999999999,2568.74,0.02734375,866,579,ec,ec,30,left,0
867,868,3,6300.68,5669.06,2570.6399999999994,1.0,867,579,ec,ec,30,left,0
868,869,3,6300.98,5667.799999999999,2572.880000000001,0.83203125,868,579,ec,ec,30,left,0
869,870,3,6301.860000000001,5665.98,2574.32,0.83203125,869,579,ec,ec,30,left,0
870,871,3,6302.3,5663.8,2575.24,1.0,870,544,CEAc,CEA,30,left,0
871,872,3,6301.5,5662.4,2575.3,0.91796875,871,544,CEAc,CEA,30,left,0
872,873,3,6302.36,5659.18,2575.959999999999,1.25,872,544,CEAc,CEA,30,left,0
873,874,3,6303.719999999999,5656.02,2576.720000000001,1.0,873,544,CEAc,CEA,30,left,0
874,875,3,6304.86,5653.32,2577.1800000000003,0.91796875,874,544,CEAc,CEA,30,left,0
875,876,3,6305.74,5651.72,2576.84,0.5,875,544,CEAc,CEA,30,left,0
876,877,3,6308.719999999999,5650.62,2576.42,0.66796875,876,544,CEAc,CEA,30,left,0
877,878,3,6310.08,5650.0,2575.6399999999994,0.5,877,544,CEAc,CEA,30,left,0
878,879,3,6312.380000000001,5650.18,2574.640000000001,1.25,878,579,ec,ec,30,left,0
879,880,3,6314.2,5649.8,2573.98,1.33203125,879,579,ec,ec,30,left,0
880,881,3,6316.16,5648.3,2574.08,1.0,880,579,ec,ec,30,left,0
881,882,3,6317.619999999999,5647.86,2574.220000000001,0.5,881,579,ec,ec,30,left,0
882,883,3,6318.76,5645.48,2573.8600000000006,0.91796875,882,579,ec,ec,30,left,0
883,884,3,6319.8,5642.98,2574.1399999999994,1.0,883,544,CEAc,CEA,30,left,0
884,885,3,6320.06,5642.16,2573.279999999999,1.0,884,544,CEAc,CEA,30,left,0
885,886,3,6320.72,5641.040000000001,2575.879999999999,0.03515625,885,544,CEAc,CEA,30,left,0
886,887,3,6321.860000000001,5638.62,2577.7000000000007,0.75,886,544,CEAc,CEA,30,left,0
887,888,3,6322.820000000001,5636.56,2579.24,0.58203125,887,544,CEAc,CEA,30,left,0
888,889,3,6323.7,5634.56,2580.2000000000007,1.0,888,544,CEAc,CEA,30,left,0
889,890,3,6323.379999999999,5632.5,2580.620000000001,0.58203125,889,544,CEAc,CEA,30,left,0
890,891,3,6321.660000000001,5631.459999999999,2581.34,1.0,890,544,CEAc,CEA,30,left,0
891,892,3,6320.62,5630.62,2583.74,0.91796875,891,544,CEAc,CEA,30,left,0
892,893,3,6321.02,5629.700000000001,2585.8600000000006,0.83203125,892,544,CEAc,CEA,30,left,0
893,894,3,6320.92,5627.780000000001,2587.0200000000004,0.91796875,893,544,CEAc,CEA,30,left,0
894,895,3,6321.0,5624.9800000000005,2587.459999999999,0.58203125,894,544,CEAc,CEA,30,left,0
895,896,3,6320.4,5623.08,2587.6399999999994,1.0,895,544,CEAc,CEA,30,left,1
896,897,3,6293.4400000000005,5783.3,2536.699999999999,0.00390625,545,303,BLAa,BLA,31,left,0
897,898,3,6294.32,5781.860000000001,2538.6399999999994,1.0,897,303,BLAa,BLA,31,left,0
898,899,3,6295.08,5781.02,2541.58,1.0,898,303,BLAa,BLA,31,left,0
899,900,3,6295.8,5781.280000000001,2543.22,1.0,899,303,BLAa,BLA,31,left,0
900,901,3,6297.02,5780.24,2546.34,1.0,900,303,BLAa,BLA,31,left,0
901,902,3,6297.86,5778.88,2548.7800000000007,1.0,901,303,BLAa,BLA,31,left,0
902,903,3,6298.6,5777.56,2550.2800000000007,1.0,902,303,BLAa,BLA,31,left,0
2391,2392,3,6263.02,5832.179999999999,2545.119999999999,0.0390625,614,303,BLAa,BLA,36,left,0
2392,2393,3,6262.039999999999,5834.18,2545.5600000000013,1.33203125,2392,303,BLAa,BLA,36,left,0
2393,2394,3,6261.0,5836.36,2546.1399999999994,0.91796875,2393,303,BLAa,BLA,36,left,0
2394,2395,3,6259.86,5838.16,2545.82,1.33203125,2394,303,BLAa,BLA,36,left,0
2395,2396,3,6257.74,5840.34,2545.2000000000007,1.25,2395,303,BLAa,BLA,36,left,0
2396,2397,3,6256.5,5842.4,2545.380000000001,1.0,2396,303,BLAa,BLA,36,left,0
2397,2398,3,6254.400000000001,5843.400000000001,2545.539999999999,0.5,2397,303,BLAa,BLA,36,left,0
2398,2399,3,6252.12,5844.52,2545.9400000000005,1.0,2398,303,BLAa,BLA,36,left,0
2399,2400,3,6250.58,5844.78,2546.42,0.91796875,2399,303,BLAa,BLA,36,left,0
2400,2401,3,6249.58,5846.38,2546.5200000000004,1.08203125,2400,303,BLAa,BLA,36,left,0
2401,2402,3,6264.299999999999,5832.32,2545.380000000001,0.03125,614,303,BLAa,BLA,37,left,0
2402,2403,3,6264.38,5834.400000000001,2546.26,0.58203125,2402,303,BLAa,BLA,37,left,0
2403,2404,3,6264.120000000001,5835.900000000001,2547.9,1.33203125,2403,303,BLAa,BLA,37,left,0
2404,2405,3,6264.66,5836.799999999999,2550.040000000001,0.75,2404,303,BLAa,BLA,37,left,0
2405,2406,3,6264.64,5837.780000000001,2551.540000000001,1.0,2405,303,BLAa,BLA,37,left,0
2406,2407,3,6264.719999999999,5837.86,2553.0600000000013,0.25,2406,303,BLAa,BLA,37,left,0
2407,2408,3,6264.24,5839.02,2554.0,1.16796875,2407,303,BLAa,BLA,37,left,0
2408,2409,3,6263.360000000001,5841.24,2554.1800000000003,0.83203125,2408,303,BLAa,BLA,37,left,0
2409,2410,3,6264.18,5842.619999999999,2555.0,0.66796875,2409,303,BLAa,BLA,37,left,0
2410,2411,3,6264.18,5844.64,2556.0599999999995,1.0,2410,303,BLAa,BLA,37,left,0
2411,2412,3,6262.960000000001,5847.179999999999,2556.66,1.25,2411,303,BLAa,BLA,37,left,0
2412,2413,3,6262.26,5848.66,2556.960000000001,1.33203125,2412,303,BLAa,BLA,37,left,0
2413,2414,3,6262.06,5849.66,2558.8,0.5,2413,303,BLAa,BLA,37,left,0
2414,2415,3,6262.179999999999,5851.219999999999,2560.0200000000004,0.58203125,2414,303,BLAa,BLA,37,left,0
2415,2416,3,6261.52,5853.3,2560.74,1.08203125,2415,303,BLAa,BLA,37,left,0
2416,2417,3,6261.08,5854.34,2561.720000000001,1.0,2416,303,BLAa,BLA,37,left,0
2417,2418,3,6261.38,5855.58,2565.5600000000013,0.0078125,2417,303,BLAa,BLA,37,left,0
2418,2419,3,6261.459999999999,5856.94,2567.08,0.75,2418,303,BLAa,BLA,37,left,0
2419,2420,3,6260.58,5858.9,2568.0,0.04296875,2419,303,BLAa,BLA,37,left,0
2420,2421,3,6259.06,5862.0,2568.48,1.0,2420,303,BLAa,BLA,37,left,0
2421,2422,3,6258.04,5864.2,2569.58,0.5,2421,303,BLAa,BLA,37,left,0
2422,2423,3,6257.02,5866.3,2570.32,0.58203125,2422,303,BLAa,BLA,37,left,0
2423,2424,3,6256.2,5867.98,2570.66,1.25,2423,303,BLAa,BLA,37,left,0
2424,2425,3,6255.04,5870.36,2571.1800000000003,1.25,2424,303,BLAa,BLA,37,left,0
2425,2426,3,6254.099999999999,5872.54,2571.5200000000004,0.75,2425,303,BLAa,BLA,37,left,0
2426,2427,3,6254.56,5875.24,2571.9399999999987,0.83203125,2426,303,BLAa,BLA,37,left,0
2427,2428,3,6254.04,5877.54,2572.34,0.75,2427,303,BLAa,BLA,37,left,0
2428,2429,3,6253.099999999999,5879.44,2572.82,0.04296875,2428,303,BLAa,BLA,37,left,0
2429,2430,3,6251.660000000001,5882.26,2572.9400000000005,1.0,2429,303,BLAa,BLA,37,left,0
2430,2431,3,6250.56,5884.42,2573.0,1.41796875,2430,303,BLAa,BLA,37,left,0
2431,2432,3,6248.8,5887.820000000001,2572.9400000000005,1.5,2431,303,BLAa,BLA,37,left,0
2432,2433,3,6247.72,5890.74,2573.0999999999985,0.66796875,2432,303,BLAa,BLA,37,left,0
2433,2434,3,6248.26,5892.28,2573.7000000000007,1.0,2433,303,BLAa,BLA,37,left,0
2434,2435,3,6247.94,5894.719999999999,2574.400000000001,1.0,2434,303,BLAa,BLA,37,left,0
2435,2436,3,6246.32,5897.86,2574.58,1.0,2435,303,BLAa,BLA,37,left,0
2436,2437,3,6245.82,5900.42,2576.1800000000003,0.58203125,2436,303,BLAa,BLA,37,left,0
2437,2438,3,6246.4400000000005,5902.14,2577.0200000000004,0.66796875,2437,303,BLAa,BLA,37,left,0
2438,2439,3,6245.74,5904.139999999999,2576.74,0.11328125,2438,303,BLAa,BLA,37,left,0
2439,2440,3,6244.24,5907.08,2576.119999999999,1.0,2439,303,BLAa,BLA,37,left,0
2440,2441,3,6242.94,5909.48,2575.5999999999985,1.0,2440,303,BLAa,BLA,37,left,0
2441,2442,3,6243.28,5911.78,2575.6800000000003,1.0,2441,303,BLAa,BLA,37,left,0
2442,2443,3,6244.08,5913.400000000001,2576.4400000000005,1.0,2442,303,BLAa,BLA,37,left,0
2443,2444,3,6244.719999999999,5915.900000000001,2576.459999999999,1.0,2443,303,BLAa,BLA,37,left,0
2444,2445,3,6245.900000000001,5917.68,2576.48,0.91796875,2444,303,BLAa,BLA,37,left,0
2445,2446,3,6245.68,5919.34,2576.459999999999,0.58203125,2445,303,BLAa,BLA,37,left,0
2446,2447,3,6244.66,5921.4,2577.42,1.08203125,2446,303,BLAa,BLA,37,left,0
2447,2448,3,6243.32,5924.120000000001,2578.5599999999995,1.16796875,2447,303,BLAa,BLA,37,left,0
2448,2449,3,6242.56,5926.32,2579.34,0.5,2448,303,BLAa,BLA,37,left,0
2449,2450,3,6242.7,5927.66,2580.16,1.33203125,2449,303,BLAa,BLA,37,left,0
2450,2451,3,6241.78,5929.9400000000005,2581.459999999999,0.58203125,2450,303,BLAa,BLA,37,left,0
2451,2452,3,6240.460000000001,5932.6,2582.34,0.75,2451,303,BLAa,BLA,37,left,0
2452,2453,3,6239.58,5934.32,2582.9400000000005,0.58203125,2452,303,BLAa,BLA,37,left,0
2453,2454,3,6239.6,5936.06,2583.32,0.75,2453,303,BLAa,BLA,37,left,0
2454,2455,3,6240.900000000001,5937.94,2583.8,1.0,2454,303,BLAa,BLA,37,left,0
2455,2456,3,6241.4400000000005,5939.8,2584.66,0.91796875,2455,303,BLAa,BLA,37,left,0
2456,2457,3,6241.32,5942.36,2585.32,0.91796875,2456,303,BLAa,BLA,37,left,0
2457,2458,3,6240.860000000001,5944.6,2585.34,1.16796875,2457,303,BLAa,BLA,37,left,0
2458,2459,3,6240.599999999999,5945.22,2586.2800000000007,1.0,2458,303,BLAa,BLA,37,left,0
2459,2460,3,6239.160000000001,5949.38,2585.539999999999,0.0078125,2459,303,BLAa,BLA,37,left,0
2460,2461,3,6238.26,5952.02,2585.08,1.25,2460,303,BLAa,BLA,37,left,0
2461,2462,3,6237.200000000001,5953.959999999999,2584.66,1.0,2461,303,BLAa,BLA,37,left,0
2462,2463,3,6236.96,5956.12,2584.3600000000006,1.08203125,2462,303,BLAa,BLA,37,left,0
2463,2464,3,6237.92,5957.780000000001,2584.3600000000006,1.0,2463,303,BLAa,BLA,37,left,0
2464,2465,3,6238.02,5959.84,2584.16,1.0,2464,303,BLAa,BLA,37,left,0
2465,2466,3,6236.7,5962.4400000000005,2584.8,0.91796875,2465,303,BLAa,BLA,37,left,0
2466,2467,3,6235.68,5964.48,2585.7000000000007,1.0,2466,303,BLAa,BLA,37,left,0
2467,2468,3,6235.14,5965.62,2586.7800000000007,1.0,2467,303,BLAa,BLA,37,left,0
2468,2469,3,6233.64,5968.86,2590.1000000000004,0.0078125,2468,303,BLAa,BLA,37,left,0
2469,2470,3,6232.820000000001,5970.58,2591.5200000000004,0.5,2469,303,BLAa,BLA,37,left,0
2470,2471,3,6232.179999999999,5971.82,2591.92,1.0,2470,303,BLAa,BLA,37,left,1
2471,2472,3,6290.42,5816.4,2522.5200000000004,0.04296875,617,303,BLAa,BLA,38,left,0
2472,2473,3,6288.9,5819.880000000001,2522.48,1.16796875,2472,303,BLAa,BLA,38,left,0
2473,2474,3,6287.68,5822.3,2521.92,1.0,2473,303,BLAa,BLA,38,left,0
2474,2475,3,6286.78,5824.120000000001,2521.5,1.0,2474,303,BLAa,BLA,38,left,0
2475,2476,3,6289.299999999999,5826.16,2521.42,0.01171875,2475,303,BLAa,BLA,38,left,0
2476,2477,3,6289.46,5827.88,2520.4400000000005,2.08203125,2476,303,BLAa,BLA,38,left,0
2477,2478,3,6290.58,5829.82,2520.24,1.91796875,2477,303,BLAa,BLA,38,left,0
2478,2479,3,6292.42,5831.219999999999,2520.42,2.16796875,2478,303,BLAa,BLA,38,left,0
2479,2480,3,6294.099999999999,5831.94,2520.6399999999994,1.25,2479,303,BLAa,BLA,38,left,0
2480,2481,3,6291.4,5816.459999999999,2522.140000000001,0.05859375,617,303,BLAa,BLA,39,left,0
2481,2482,3,6294.06,5817.72,2522.48,0.00390625,2481,303,BLAa,BLA,39,left,0
2482,2483,3,6295.98,5817.52,2521.5200000000004,1.0,2482,303,BLAa,BLA,39,left,0
2483,2484,3,6297.4,5818.379999999999,2519.9,0.91796875,2483,303,BLAa,BLA,39,left,0
2484,2485,3,6298.3,5819.740000000001,2519.0599999999995,0.91796875,2484,303,BLAa,BLA,39,left,0
2485,2486,3,6299.6,5820.76,2517.6399999999994,1.0,2485,303,BLAa,BLA,39,left,0
2486,2487,3,6301.32,5821.58,2516.119999999999,0.91796875,2486,303,BLAa,BLA,39,left,0
2487,2488,3,6302.86,5822.28,2515.32,1.0,2487,303,BLAa,BLA,39,left,0
2488,2489,3,6304.880000000001,5823.02,2514.379999999999,0.91796875,2488,303,BLAa,BLA,39,left,0
2489,2490,3,6306.5,5822.799999999999,2513.300000000001,0.58203125,2489,303,BLAa,BLA,39,left,0
2490,2491,3,6308.04,5823.16,2512.119999999999,1.0,2490,303,BLAa,BLA,39,left,0
2491,2492,3,6309.08,5824.539999999999,2510.620000000001,0.0546875,2491,303,BLAa,BLA,39,left,0
2492,2493,3,6310.44,5825.900000000001,2508.619999999999,0.75,2492,303,BLAa,BLA,39,left,0
2493,2494,3,6310.52,5826.040000000001,2506.3,1.0,2493,303,BLAa,BLA,39,left,0
2494,2495,3,6299.64,5808.959999999999,2543.0200000000004,0.0859375,628,303,BLAa,BLA,40,left,0
2495,2496,3,6300.38,5808.12,2545.58,0.83203125,2495,303,BLAa,BLA,40,left,0
2496,2497,3,6301.56,5808.18,2546.720000000001,1.0,2496,303,BLAa,BLA,40,left,0
2497,2498,3,6299.56,5811.06,2541.42,0.1953125,628,303,BLAa,BLA,41,left,0
2498,2499,3,6298.9,5813.08,2542.459999999999,1.0,2498,303,BLAa,BLA,41,left,0
2499,2500,3,6298.82,5814.76,2543.82,0.91796875,2499,303,BLAa,BLA,41,left,0
2500,2501,3,6300.52,5815.72,2545.0599999999995,0.75,2500,303,BLAa,BLA,41,left,0
2501,2502,3,6301.4,5817.380000000001,2546.26,1.25,2501,303,BLAa,BLA,41,left,0
2502,2503,3,6301.219999999999,5819.5,2546.6000000000004,1.08203125,2502,303,BLAa,BLA,41,left,0
2503,2504,3,6300.98,5820.14,2547.5200000000004,1.0,2503,303,BLAa,BLA,41,left,0
2504,2505,3,6303.42,5821.4400000000005,2547.84,0.02734375,2504,303,BLAa,BLA,41,left,0
2505,2506,3,6304.24,5823.04,2548.120000000001,1.0,2505,303,BLAa,BLA,41,left,0
2506,2507,3,6304.8,5824.679999999999,2549.26,1.0,2506,303,BLAa,BLA,41,left,0
2507,2508,3,6307.12,5827.72,2551.1800000000003,0.91796875,2507,303,BLAa,BLA,41,left,0
2508,2509,3,6308.540000000001,5829.18,2552.34,0.91796875,2508,303,BLAa,BLA,41,left,0
2509,2510,3,6309.9,5830.56,2552.9400000000005,1.0,2509,303,BLAa,BLA,41,left,0
2510,2511,3,6310.280000000001,5832.66,2552.74,1.08203125,2510,303,BLAa,BLA,41,left,0
2511,2512,3,6311.7,5834.0,2552.84,0.75,2511,303,BLAa,BLA,41,left,0
2512,2513,3,6313.16,5835.74,2553.540000000001,0.91796875,2512,303,BLAa,BLA,41,left,0
2513,2514,3,6314.740000000001,5836.74,2554.959999999999,0.91796875,2513,303,BLAa,BLA,41,left,0
2514,2515,3,6315.639999999999,5838.200000000001,2555.74,0.75,2514,303,BLAa,BLA,41,left,0
2515,2516,3,6317.14,5839.56,2557.08,0.58203125,2515,303,BLAa,BLA,41,left,0
2516,2517,3,6317.36,5841.1,2558.7000000000007,0.5,2516,303,BLAa,BLA,41,left,0
2517,2518,3,6318.28,5843.08,2559.24,1.0,2517,303,BLAa,BLA,41,left,0
2518,2519,3,6318.08,5844.78,2559.379999999999,0.91796875,2518,303,BLAa,BLA,41,left,0
2519,2520,3,6318.76,5846.96,2560.5200000000004,0.5,2519,303,BLAa,BLA,41,left,0
2520,2521,3,6320.08,5849.160000000001,2562.119999999999,1.08203125,2520,303,BLAa,BLA,41,left,0
2521,2522,3,6322.64,5850.22,2562.92,1.0,2521,303,BLAa,BLA,41,left,0
2522,2523,3,6324.679999999999,5851.08,2563.6000000000004,0.75,2522,303,BLAa,BLA,41,left,0
2523,2524,3,6326.3,5851.7,2565.2000000000007,0.75,2523,303,BLAa,BLA,41,left,0
2524,2525,3,6328.200000000001,5852.4400000000005,2566.8,0.75,2524,303,BLAa,BLA,41,left,0
2525,2526,3,6329.46,5852.820000000001,2568.6000000000004,0.66796875,2525,303,BLAa,BLA,41,left,0
2526,2527,3,6331.68,5852.84,2569.5,0.91796875,2526,303,BLAa,BLA,41,left,0
2527,2528,3,6334.24,5852.98,2570.82,0.75,2527,303,BLAa,BLA,41,left,0
2528,2529,3,6335.879999999999,5852.619999999999,2571.720000000001,1.08203125,2528,303,BLAa,BLA,41,left,0
2529,2530,3,6337.960000000001,5853.32,2572.98,1.0,2529,303,BLAa,BLA,41,left,0
2530,2531,3,6340.0,5854.18,2573.5599999999995,0.75,2530,303,BLAa,BLA,41,left,0
2531,2532,3,6341.68,5854.86,2574.7000000000007,0.91796875,2531,303,BLAa,BLA,41,left,0
2532,2533,3,6343.46,5855.599999999999,2575.1000000000004,1.0,2532,303,BLAa,BLA,41,left,0
2533,2534,3,6344.880000000001,5856.16,2576.42,0.11328125,2533,303,BLAa,BLA,41,left,0
2534,2535,3,6346.620000000001,5856.860000000001,2577.22,0.58203125,2534,303,BLAa,BLA,41,left,0
2535,2536,3,6347.4800000000005,5857.16,2578.82,1.0,2535,303,BLAa,BLA,41,left,0
2536,2537,3,6349.2,5858.06,2579.66,0.91796875,2536,303,BLAa,BLA,41,left,0
2537,2538,3,6350.82,5859.719999999999,2579.84,0.75,2537,303,BLAa,BLA,41,left,0
2538,2539,3,6352.6,5860.78,2581.0,0.75,2538,303,BLAa,BLA,41,left,0
2539,2540,3,6354.880000000001,5861.74,2581.5200000000004,1.0,2539,303,BLAa,BLA,41,left,0
2540,2541,3,6358.0,5863.08,2581.9399999999987,1.0,2540,303,BLAa,BLA,41,left,0
2541,2542,3,6360.34,5864.04,2582.74,1.0,2541,303,BLAa,BLA,41,left,0
2542,2543,3,6362.12,5865.299999999999,2583.6399999999994,1.0,2542,303,BLAa,BLA,41,left,0
2543,2544,3,6363.42,5866.76,2583.880000000001,0.91796875,2543,303,BLAa,BLA,41,left,0
2544,2545,3,6365.18,5867.6,2585.08,0.91796875,2544,303,BLAa,BLA,41,left,0
2545,2546,3,6366.54,5869.08,2585.4,0.5,2545,303,BLAa,BLA,41,left,0
2546,2547,3,6368.26,5870.48,2586.3600000000006,1.0,2546,303,BLAa,BLA,41,left,0
2547,2548,3,6369.46,5872.34,2586.6800000000003,1.0,2547,303,BLAa,BLA,41,left,0
2548,2549,3,6370.48,5873.88,2586.8,0.83203125,2548,303,BLAa,BLA,41,left,0
2549,2550,3,6371.639999999999,5874.719999999999,2587.82,0.5,2549,303,BLAa,BLA,41,left,0
2550,2551,3,6373.92,5875.68,2588.34,1.0,2550,303,BLAa,BLA,41,left,0
2551,2552,3,6376.4800000000005,5876.78,2588.6800000000003,1.0,2551,303,BLAa,BLA,41,left,0
2552,2553,3,6378.12,5877.4400000000005,2589.32,0.75,2552,303,BLAa,BLA,41,left,0
2553,2554,3,6379.46,5878.02,2591.74,0.91796875,2553,303,BLAa,BLA,41,left,0
2554,2555,3,6380.8,5879.38,2593.120000000001,0.75,2554,303,BLAa,BLA,41,left,0
2555,2556,3,6382.26,5880.42,2595.2800000000007,1.0,2555,303,BLAa,BLA,41,left,0
2556,2557,3,6382.58,5881.0,2597.66,1.08203125,2556,303,BLAa,BLA,41,left,0
2557,2558,3,6383.46,5882.42,2598.7000000000007,0.5,2557,303,BLAa,BLA,41,left,0
2558,2559,3,6384.099999999999,5883.719999999999,2600.9,0.91796875,2558,303,BLAa,BLA,41,left,0
2559,2560,3,6385.900000000001,5885.56,2603.300000000001,1.0,2559,303,BLAa,BLA,41,left,0
2560,2561,3,6385.98,5887.12,2604.1800000000003,1.0,2560,303,BLAa,BLA,41,left,0
2561,2562,3,6387.66,5888.58,2605.24,0.03515625,2561,303,BLAa,BLA,41,left,0
2562,2563,3,6388.22,5889.679999999999,2606.5,1.25,2562,303,BLAa,BLA,41,left,0
2563,2564,3,6390.04,5891.660000000001,2607.48,0.91796875,2563,303,BLAa,BLA,41,left,0
2564,2565,3,6390.299999999999,5894.02,2608.98,0.58203125,2564,303,BLAa,BLA,41,left,0
2565,2566,3,6390.68,5896.14,2609.959999999999,0.75,2565,303,BLAa,BLA,41,left,0
2566,2567,3,6389.700000000001,5898.66,2610.24,0.5,2566,303,BLAa,BLA,41,left,0
2567,2568,3,6389.08,5900.06,2611.1800000000003,1.41796875,2567,303,BLAa,BLA,41,left,0
2568,2569,3,6388.719999999999,5900.900000000001,2612.92,1.25,2568,303,BLAa,BLA,41,left,0
2569,2570,3,6388.08,5902.36,2614.2800000000007,0.66796875,2569,303,BLAa,BLA,41,left,0
2570,2571,3,6387.68,5904.22,2615.92,0.58203125,2570,303,BLAa,BLA,41,left,0
2571,2572,3,6388.18,5905.62,2617.84,1.16796875,2571,303,BLAa,BLA,41,left,0
2572,2573,3,6389.82,5906.459999999999,2620.0200000000004,1.0,2572,303,BLAa,BLA,41,left,0
2573,2574,3,6390.860000000001,5907.0,2622.119999999999,0.66796875,2573,303,BLAa,BLA,41,left,0
2574,2575,3,6391.3,5908.04,2623.2000000000007,0.75,2574,303,BLAa,BLA,41,left,0
2575,2576,3,6392.68,5908.88,2625.48,1.0,2575,303,BLAa,BLA,41,left,0
2576,2577,3,6394.18,5909.44,2626.6800000000003,1.08203125,2576,303,BLAa,BLA,41,left,0
2577,2578,3,6395.8,5910.1,2627.4,1.0,2577,303,BLAa,BLA,41,left,0
2578,2579,3,6397.7,5909.28,2628.84,0.0546875,2578,303,BLAa,BLA,41,left,0
2579,2580,3,6400.44,5909.08,2629.66,0.91796875,2579,303,BLAa,BLA,41,left,0
2580,2581,3,6402.4800000000005,5909.8,2629.4399999999987,1.0,2580,303,BLAa,BLA,41,left,0
2581,2582,3,6404.02,5910.34,2628.9400000000005,1.0,2581,303,BLAa,BLA,41,left,0
2582,2583,3,6406.3,5910.02,2629.32,1.0,2582,303,BLAa,BLA,41,left,0
2583,2584,3,6408.42,5909.86,2629.74,1.25,2583,303,BLAa,BLA,41,left,0
2584,2585,3,6410.92,5910.36,2630.119999999999,1.0,2584,303,BLAa,BLA,41,left,0
2585,2586,3,6413.9800000000005,5910.22,2630.7000000000007,1.0,2585,303,BLAa,BLA,41,left,0
2586,2587,3,6416.280000000001,5909.8,2631.620000000001,0.91796875,2586,303,BLAa,BLA,41,left,0
2587,2588,3,6417.5,5910.02,2633.5200000000004,1.0,2587,303,BLAa,BLA,41,left,0
2588,2589,3,6418.66,5911.219999999999,2634.379999999999,0.66796875,2588,303,BLAa,BLA,41,left,0
2589,2590,3,6420.34,5912.6,2636.1000000000004,0.91796875,2589,303,BLAa,BLA,41,left,0
2590,2591,3,6420.599999999999,5913.400000000001,2637.9400000000005,0.58203125,2590,303,BLAa,BLA,41,left,0
2591,2592,3,6421.219999999999,5915.2,2639.1800000000003,1.0,2591,303,BLAa,BLA,41,left,0
2592,2593,3,6422.54,5916.219999999999,2640.539999999999,0.75,2592,303,BLAa,BLA,41,left,0
2593,2594,3,6424.58,5917.0,2642.1800000000003,0.91796875,2593,303,BLAa,BLA,41,left,0
2594,2595,3,6426.1,5917.58,2643.300000000001,1.0,2594,303,BLAa,BLA,41,left,0
2595,2596,3,6428.139999999999,5918.400000000001,2644.199999999999,0.58203125,2595,303,BLAa,BLA,41,left,0
2596,2597,3,6430.16,5919.18,2645.6399999999994,0.75,2596,303,BLAa,BLA,41,left,0
2597,2598,3,6432.039999999999,5919.9,2647.0,1.0,2597,303,BLAa,BLA,41,left,0
2598,2599,3,6433.7,5921.38,2648.26,1.0,2598,303,BLAa,BLA,41,left,0
2599,2600,3,6434.679999999999,5922.56,2649.1000000000004,0.75,2599,303,BLAa,BLA,41,left,0
2600,2601,3,6435.9400000000005,5924.26,2649.6000000000004,0.66796875,2600,303,BLAa,BLA,41,left,0
2601,2602,3,6437.32,5925.14,2650.5,0.83203125,2601,303,BLAa,BLA,41,left,0
2602,2603,3,6438.58,5926.84,2650.84,0.91796875,2602,303,BLAa,BLA,41,left,0
2603,2604,3,6440.299999999999,5927.74,2651.0200000000004,1.0,2603,303,BLAa,BLA,41,left,0
2604,2605,3,6443.52,5929.700000000001,2651.32,0.01953125,2604,303,BLAa,BLA,41,left,0
2605,2606,3,6444.84,5931.1,2651.380000000001,0.91796875,2605,303,BLAa,BLA,41,left,0
2606,2607,3,6446.76,5932.039999999999,2650.959999999999,1.0,2606,303,BLAa,BLA,41,left,0
2607,2608,3,6448.48,5932.84,2650.0,1.0,2607,303,BLAa,BLA,41,left,0
2608,2609,3,6451.599999999999,5934.22,2649.58,1.0,2608,303,BLAa,BLA,41,left,0
2609,2610,3,6453.52,5935.92,2650.0,1.0,2609,303,BLAa,BLA,41,left,0
2610,2611,3,6453.3,5937.179999999999,2650.779999999999,1.0,2610,303,BLAa,BLA,41,left,0
2611,2612,3,6454.56,5938.360000000001,2652.08,1.0,2611,303,BLAa,BLA,41,left,0
2612,2613,3,6456.4400000000005,5939.0,2653.120000000001,1.0,2612,303,BLAa,BLA,41,left,0
2613,2614,3,6458.66,5938.84,2654.040000000001,0.75,2613,303,BLAa,BLA,41,left,0
2614,2615,3,6460.879999999999,5938.9,2654.42,0.91796875,2614,303,BLAa,BLA,41,left,0
2615,2616,3,6462.16,5937.66,2655.040000000001,0.83203125,2615,303,BLAa,BLA,41,left,0
2616,2617,3,6463.4400000000005,5937.36,2656.24,0.91796875,2616,303,BLAa,BLA,41,left,0
2617,2618,3,6465.16,5938.06,2657.0200000000004,0.5,2617,303,BLAa,BLA,41,left,0
2618,2619,3,6466.32,5938.8,2658.98,1.0,2618,303,BLAa,BLA,41,left,0
2619,2620,3,6467.32,5940.14,2660.2800000000007,0.75,2619,303,BLAa,BLA,41,left,0
2620,2621,3,6468.52,5940.639999999999,2662.4,1.0,2620,303,BLAa,BLA,41,left,0
2621,2622,3,6470.14,5941.94,2663.3600000000006,1.0,2621,303,BLAa,BLA,41,left,0
2622,2623,3,6469.880000000001,5943.5,2663.5200000000004,0.66796875,2622,303,BLAa,BLA,41,left,0
2623,2624,3,6469.66,5943.959999999999,2665.119999999999,1.0,2623,303,BLAa,BLA,41,left,1
2624,2625,3,6295.98,5810.74,2488.0200000000004,0.0546875,632,303,BLAa,BLA,42,left,0
2625,2626,3,6296.4,5812.179999999999,2486.2800000000007,0.5,2625,303,BLAa,BLA,42,left,0
2626,2627,3,6296.56,5814.02,2484.3,1.25,2626,303,BLAa,BLA,42,left,0
2627,2628,3,6296.78,5815.700000000001,2482.74,0.83203125,2627,303,BLAa,BLA,42,left,0
2628,2629,3,6296.5,5818.8,2480.9400000000005,1.0,2628,303,BLAa,BLA,42,left,0
2629,2630,3,6296.52,5820.259999999999,2480.0599999999995,0.5,2629,303,BLAa,BLA,42,left,0
2630,2631,3,6298.22,5822.5,2479.640000000001,1.0,2630,303,BLAa,BLA,42,left,0
2631,2632,3,6298.139999999999,5824.42,2478.58,0.91796875,2631,303,BLAa,BLA,42,left,0
2632,2633,3,6297.56,5827.0,2477.5200000000004,1.08203125,2632,303,BLAa,BLA,42,left,0
2633,2634,3,6296.900000000001,5828.26,2476.5200000000004,1.0,2633,303,BLAa,BLA,42,left,0
2634,2635,3,6296.08,5809.86,2489.16,0.25,632,303,BLAa,BLA,43,left,0
2635,2636,3,6294.139999999999,5810.5,2488.3600000000006,0.83203125,2635,303,BLAa,BLA,43,left,0
2636,2637,3,6291.72,5810.68,2487.8599999999988,2.25,2636,303,BLAa,BLA,43,left,0
2637,2638,3,6289.56,5812.4800000000005,2487.2000000000007,1.25,2637,303,BLAa,BLA,43,left,0
2638,2639,3,6288.139999999999,5814.400000000001,2486.66,1.0,2638,303,BLAa,BLA,43,left,0
2639,2640,3,6286.42,5814.76,2486.26,0.5,2639,303,BLAa,BLA,43,left,0
2640,2641,3,6284.86,5816.54,2485.72,1.91796875,2640,303,BLAa,BLA,43,left,0
2641,2642,3,6283.84,5818.56,2485.040000000001,1.0,2641,303,BLAa,BLA,43,left,0
2642,2643,3,6282.42,5819.880000000001,2483.6800000000003,0.5,2642,303,BLAa,BLA,43,left,0
2643,2644,3,6280.42,5820.599999999999,2483.0600000000013,1.41796875,2643,303,BLAa,BLA,43,left,0
2644,2645,3,6279.160000000001,5822.4800000000005,2482.5599999999995,0.23828125,2644,303,BLAa,BLA,43,left,0
2645,2646,3,6277.64,5825.4,2481.8600000000006,1.58203125,2645,303,BLAa,BLA,43,left,0
2646,2647,3,6275.78,5829.08,2481.0200000000004,1.25,2646,303,BLAa,BLA,43,left,0
2647,2648,3,6274.26,5832.06,2480.220000000001,0.91796875,2647,303,BLAa,BLA,43,left,0
2648,2649,3,6273.400000000001,5833.68,2479.1399999999994,1.25,2648,303,BLAa,BLA,43,left,0
2649,2650,3,6271.860000000001,5836.639999999999,2478.0,1.0,2649,303,BLAa,BLA,43,left,0
2650,2651,3,6270.639999999999,5839.04,2477.459999999999,1.0,2650,303,BLAa,BLA,43,left,0
2651,2652,3,6269.56,5841.040000000001,2476.119999999999,0.75,2651,303,BLAa,BLA,43,left,0
2652,2653,3,6269.08,5841.98,2474.16,1.25,2652,303,BLAa,BLA,43,left,0
2653,2654,3,6269.400000000001,5843.099999999999,2472.92,1.0,2653,303,BLAa,BLA,43,left,0
2654,2655,3,6268.84,5844.64,2472.619999999999,1.0,2654,303,BLAa,BLA,43,left,0
2655,2656,3,6267.619999999999,5846.02,2473.379999999999,0.0546875,2655,303,BLAa,BLA,43,left,0
2656,2657,3,6264.9800000000005,5849.82,2472.540000000001,1.0,2656,303,BLAa,BLA,43,left,0
2657,2658,3,6263.82,5852.219999999999,2472.7000000000007,0.75,2657,303,BLAa,BLA,43,left,0
2658,2659,3,6262.28,5855.34,2472.5,1.08203125,2658,303,BLAa,BLA,43,left,0
2659,2660,3,6260.74,5858.32,2471.6399999999994,0.91796875,2659,303,BLAa,BLA,43,left,0
2660,2661,3,6259.66,5860.52,2470.3599999999988,1.33203125,2660,303,BLAa,BLA,43,left,0
2661,2662,3,6259.2,5863.540000000001,2469.619999999999,0.91796875,2661,303,BLAa,BLA,43,left,0
2662,2663,3,6258.62,5866.02,2468.92,0.66796875,2662,303,BLAa,BLA,43,left,0
2663,2664,3,6258.76,5867.799999999999,2467.3,1.25,2663,303,BLAa,BLA,43,left,0
2664,2665,3,6258.379999999999,5870.259999999999,2465.2800000000007,0.58203125,2664,303,BLAa,BLA,43,left,0
2665,2666,3,6257.06,5872.799999999999,2464.3,1.0,2665,303,BLAa,BLA,43,left,0
2666,2667,3,6254.92,5877.0,2463.279999999999,0.01953125,2666,303,BLAa,BLA,43,left,0
2667,2668,3,6253.88,5878.9400000000005,2462.1000000000004,0.5,2667,303,BLAa,BLA,43,left,0
2668,2669,3,6252.380000000001,5881.72,2460.58,1.0,2668,303,BLAa,BLA,43,left,0
2669,2670,3,6251.040000000001,5883.4400000000005,2459.199999999999,1.0,2669,303,BLAa,BLA,43,left,0
2670,2671,3,6249.22,5883.9400000000005,2457.08,0.5,2670,303,BLAa,BLA,43,left,0
2671,2672,3,6247.88,5884.56,2455.0,1.25,2671,303,BLAa,BLA,43,left,0
2672,2673,3,6247.4400000000005,5885.119999999999,2452.619999999999,1.25,2672,303,BLAa,BLA,43,left,0
2673,2674,3,6246.34,5886.96,2450.040000000001,1.0,2673,303,BLAa,BLA,43,left,0
2674,2675,3,6245.2,5888.099999999999,2448.22,0.58203125,2674,303,BLAa,BLA,43,left,0
2675,2676,3,6242.960000000001,5888.86,2447.16,0.75,2675,303,BLAa,BLA,43,left,0
2676,2677,3,6240.1,5888.9800000000005,2446.620000000001,1.0,2676,303,BLAa,BLA,43,left,0
2677,2678,3,6238.48,5889.02,2446.3,1.08203125,2677,303,BLAa,BLA,43,left,0
2678,2679,3,6236.94,5891.58,2445.7000000000007,1.0,2678,303,BLAa,BLA,43,left,0
2679,2680,3,6235.42,5894.539999999999,2445.0599999999995,1.0,2679,303,BLAa,BLA,43,left,0
2680,2681,3,6233.9400000000005,5896.639999999999,2443.8600000000006,0.5,2680,884,amc,amc,43,left,0
2681,2682,3,6232.32,5897.759999999999,2442.119999999999,0.58203125,2681,884,amc,amc,43,left,0
2682,2683,3,6230.76,5898.48,2440.32,1.16796875,2682,884,amc,amc,43,left,0
2683,2684,3,6229.02,5898.86,2439.6000000000004,1.66796875,2683,884,amc,amc,43,left,0
2684,2685,3,6231.040000000001,5900.14,2439.7000000000007,0.09375,2684,884,amc,amc,43,left,0
2685,2686,3,6231.660000000001,5901.2,2438.7800000000007,0.91796875,2685,884,amc,amc,43,left,0
2686,2687,3,6230.860000000001,5902.820000000001,2437.22,0.75,2686,884,amc,amc,43,left,0
2687,2688,3,6231.0,5904.0,2435.16,1.5,2687,884,amc,amc,43,left,0
2688,2689,3,6230.08,5906.08,2431.48,1.5,2688,966,EPv,EP,43,left,0
2689,2690,3,6229.5,5907.960000000001,2430.0599999999995,0.5,2689,966,EPv,EP,43,left,0
2690,2691,3,6230.4,5910.9400000000005,2429.7000000000007,1.08203125,2690,966,EPv,EP,43,left,0
2691,2692,3,6230.14,5913.56,2429.199999999999,0.83203125,2691,966,EPv,EP,43,left,0
2692,2693,3,6230.56,5915.36,2428.0600000000013,0.91796875,2692,966,EPv,EP,43,left,0
2693,2694,3,6231.4,5916.660000000001,2427.4400000000005,1.16796875,2693,966,EPv,EP,43,left,0
2694,2695,3,6232.26,5917.4800000000005,2425.620000000001,1.0,2694,966,EPv,EP,43,left,0
2695,2696,3,6232.98,5917.799999999999,2423.84,0.75,2695,966,EPv,EP,43,left,0
2696,2697,3,6232.9,5918.7,2421.5200000000004,0.01953125,2696,966,EPv,EP,43,left,0
2697,2698,3,6233.68,5919.66,2419.7000000000007,1.0,2697,966,EPv,EP,43,left,0
2698,2699,3,6234.78,5920.16,2417.5200000000004,0.91796875,2698,966,EPv,EP,43,left,0
2699,2700,3,6235.5,5920.52,2415.1800000000003,0.83203125,2699,966,EPv,EP,43,left,0
2700,2701,3,6235.52,5921.18,2412.4,0.58203125,2700,966,EPv,EP,43,left,0
2701,2702,3,6236.52,5922.92,2411.22,0.66796875,2701,966,EPv,EP,43,left,0
2702,2703,3,6238.04,5925.259999999999,2410.5200000000004,0.5,2702,966,EPv,EP,43,left,0
2703,2704,3,6237.94,5926.56,2409.640000000001,1.0,2703,966,EPv,EP,43,left,0
2704,2705,3,6238.200000000001,5929.78,2408.84,1.0,2704,966,EPv,EP,43,left,0
2705,2706,3,6238.84,5932.219999999999,2408.66,0.83203125,2705,966,EPv,EP,43,left,1
2706,2707,3,6329.9800000000005,5795.72,2499.880000000001,0.08984375,646,303,BLAa,BLA,44,left,0
2707,2708,3,6332.06,5794.62,2500.42,1.0,2707,303,BLAa,BLA,44,left,0
2708,2709,3,6334.04,5793.56,2501.1399999999994,0.5,2708,303,BLAa,BLA,44,left,0
2709,2710,3,6335.320000000001,5792.4400000000005,2502.3,1.16796875,2709,303,BLAa,BLA,44,left,0
2710,2711,3,6337.26,5792.36,2503.0,1.0,2710,303,BLAa,BLA,44,left,0
2711,2712,3,6339.24,5790.299999999999,2503.6800000000003,0.0546875,2711,303,BLAa,BLA,44,left,0
2712,2713,3,6342.28,5787.9,2504.6000000000004,1.0,2712,303,BLAa,BLA,44,left,0
2713,2714,3,6344.360000000001,5786.98,2505.119999999999,1.0,2713,303,BLAa,BLA,44,left,0
2714,2715,3,6346.219999999999,5787.14,2505.460000000001,1.0,2714,303,BLAa,BLA,44,left,0
2715,2716,3,6330.16,5800.0,2499.3,0.04296875,646,303,BLAa,BLA,45,left,0
2716,2717,3,6330.5,5801.900000000001,2499.98,1.0,2716,303,BLAa,BLA,45,left,0
2717,2718,3,6330.2,5802.799999999999,2501.6800000000003,0.83203125,2717,303,BLAa,BLA,45,left,0
2718,2719,3,6330.54,5804.5,2501.2800000000007,0.08984375,2718,303,BLAa,BLA,45,left,0
2719,2720,3,6331.94,5805.82,2501.34,0.91796875,2719,303,BLAa,BLA,45,left,0
2720,2721,3,6332.06,5808.04,2501.040000000001,0.91796875,2720,303,BLAa,BLA,45,left,0
2721,2722,3,6332.88,5811.4800000000005,2500.72,0.83203125,2721,303,BLAa,BLA,45,left,0
2722,2723,3,6333.42,5813.88,2500.48,1.0,2722,303,BLAa,BLA,45,left,0
2723,2724,3,6333.74,5816.58,2500.16,0.75,2723,303,BLAa,BLA,45,left,0
2724,2725,3,6335.2,5818.62,2500.16,0.66796875,2724,303,BLAa,BLA,45,left,0
2725,2726,3,6336.88,5820.24,2500.24,1.0,2725,303,BLAa,BLA,45,left,0
2726,2727,3,6337.7,5822.32,2500.119999999999,0.58203125,2726,303,BLAa,BLA,45,left,0
2727,2728,3,6338.780000000001,5825.0,2499.9400000000005,0.83203125,2727,303,BLAa,BLA,45,left,0
2728,2729,3,6340.0,5827.380000000001,2500.34,0.83203125,2728,303,BLAa,BLA,45,left,0
2729,2730,3,6339.9,5829.5,2501.2800000000007,0.83203125,2729,303,BLAa,BLA,45,left,0
2730,2731,3,6340.700000000001,5831.660000000001,2502.22,0.5,2730,303,BLAa,BLA,45,left,0
2731,2732,3,6342.200000000001,5832.820000000001,2503.120000000001,0.75,2731,303,BLAa,BLA,45,left,0
2732,2733,3,6342.66,5834.38,2503.16,1.0,2732,303,BLAa,BLA,45,left,0
2733,2734,3,6346.4400000000005,5836.2,2503.16,0.00390625,2733,303,BLAa,BLA,45,left,0
2734,2735,3,6347.54,5837.64,2502.459999999999,0.5,2734,303,BLAa,BLA,45,left,0
2735,2736,3,6349.92,5839.719999999999,2502.42,1.0,2735,303,BLAa,BLA,45,left,0
2736,2737,3,6350.66,5840.92,2501.6399999999994,0.5,2736,303,BLAa,BLA,45,left,0
2737,2738,3,6352.68,5841.98,2501.0599999999995,1.0,2737,303,BLAa,BLA,45,left,0
2738,2739,3,6354.160000000001,5842.68,2499.8600000000006,0.58203125,2738,303,BLAa,BLA,45,left,0
2739,2740,3,6356.3,5843.68,2498.619999999999,1.0,2739,303,BLAa,BLA,45,left,0
2740,2741,3,6358.02,5844.5,2497.42,0.5,2740,303,BLAa,BLA,45,left,0
2741,2742,3,6360.0,5845.4,2496.900000000001,1.0,2741,303,BLAa,BLA,45,left,0
2742,2743,3,6361.4400000000005,5846.1,2495.66,1.0,2742,303,BLAa,BLA,45,left,0
2743,2744,3,6362.72,5846.74,2494.220000000001,1.0,2743,303,BLAa,BLA,45,left,0
2744,2745,3,6364.28,5847.66,2493.039999999999,0.5,2744,303,BLAa,BLA,45,left,0
2745,2746,3,6365.58,5849.18,2492.619999999999,1.0,2745,303,BLAa,BLA,45,left,0
2746,2747,3,6366.58,5850.299999999999,2491.74,0.58203125,2746,303,BLAa,BLA,45,left,0
2747,2748,3,6367.219999999999,5852.06,2491.4,1.0,2747,303,BLAa,BLA,45,left,0
2748,2749,3,6368.540000000001,5855.119999999999,2491.22,0.83203125,2748,303,BLAa,BLA,45,left,0
2749,2750,3,6370.299999999999,5856.82,2491.32,0.5,2749,303,BLAa,BLA,45,left,0
2750,2751,3,6371.14,5858.04,2491.3,1.0,2750,303,BLAa,BLA,45,left,0
2751,2752,3,6372.74,5860.18,2491.3,0.0546875,2751,303,BLAa,BLA,45,left,0
2752,2753,3,6373.9400000000005,5862.02,2491.119999999999,1.0,2752,303,BLAa,BLA,45,left,0
2753,2754,3,6375.8,5863.780000000001,2490.1399999999994,1.0,2753,303,BLAa,BLA,45,left,0
2754,2755,3,6377.3,5865.38,2489.379999999999,0.5,2754,303,BLAa,BLA,45,left,0
2755,2756,3,6379.42,5866.459999999999,2489.1000000000004,1.0,2755,303,BLAa,BLA,45,left,0
2756,2757,3,6381.7,5867.240000000001,2489.400000000001,0.83203125,2756,303,BLAa,BLA,45,left,0
2757,2758,3,6384.099999999999,5867.1,2489.8600000000006,1.16796875,2757,303,BLAa,BLA,45,left,0
2758,2759,3,6386.78,5866.78,2489.92,1.0,2758,303,BLAa,BLA,45,left,0
2759,2760,3,6388.360000000001,5866.799999999999,2489.48,1.0,2759,303,BLAa,BLA,45,left,0
2760,2761,3,6391.32,5866.76,2489.84,0.5,2760,303,BLAa,BLA,45,left,0
2761,2762,3,6393.52,5866.82,2489.4399999999987,0.91796875,2761,303,BLAa,BLA,45,left,0
2762,2763,3,6396.799999999999,5867.799999999999,2488.82,1.33203125,2762,303,BLAa,BLA,45,left,0
2763,2764,3,6398.719999999999,5867.759999999999,2488.32,0.75,2763,303,BLAa,BLA,45,left,0
2764,2765,3,6400.8,5867.9,2486.5599999999995,1.0,2764,303,BLAa,BLA,45,left,0
2765,2766,3,6401.92,5867.7,2485.5600000000013,1.0,2765,303,BLAa,BLA,45,left,0
2766,2767,3,6403.82,5868.56,2483.880000000001,0.0546875,2766,303,BLAa,BLA,45,left,0
2767,2768,3,6406.16,5869.679999999999,2482.380000000001,0.5,2767,303,BLAa,BLA,45,left,0
2768,2769,3,6408.400000000001,5870.72,2481.7800000000007,1.0,2768,303,BLAa,BLA,45,left,0
2769,2770,3,6409.880000000001,5871.84,2481.1800000000003,0.58203125,2769,303,BLAa,BLA,45,left,0
2770,2771,3,6410.62,5874.38,2480.8600000000006,0.75,2770,303,BLAa,BLA,45,left,0
2771,2772,3,6411.7,5876.16,2480.800000000001,0.5,2771,303,BLAa,BLA,45,left,0
2772,2773,3,6414.2,5877.86,2481.0,1.0,2772,303,BLAa,BLA,45,left,0
2773,2774,3,6416.280000000001,5878.8,2480.82,0.75,2773,303,BLAa,BLA,45,left,0
2774,2775,3,6417.820000000001,5879.539999999999,2479.6000000000004,1.0,2774,303,BLAa,BLA,45,left,0
2775,2776,3,6419.740000000001,5880.460000000001,2478.58,1.0,2775,303,BLAa,BLA,45,left,0
2776,2777,3,6421.900000000001,5881.52,2476.4,0.91796875,2776,303,BLAa,BLA,45,left,0
2777,2778,3,6423.540000000001,5882.219999999999,2474.779999999999,0.75,2777,303,BLAa,BLA,45,left,0
2778,2779,3,6424.8,5881.900000000001,2474.040000000001,0.91796875,2778,303,BLAa,BLA,45,left,0
2779,2780,3,6426.4800000000005,5881.459999999999,2472.619999999999,1.16796875,2779,303,BLAa,BLA,45,left,0
2780,2781,3,6428.58,5881.799999999999,2470.92,1.0,2780,303,BLAa,BLA,45,left,0
2781,2782,3,6430.460000000001,5882.72,2469.34,0.91796875,2781,303,BLAa,BLA,45,left,0
2782,2783,3,6431.72,5883.339999999999,2468.32,1.08203125,2782,303,BLAa,BLA,45,left,0
2783,2784,3,6432.9,5882.619999999999,2468.32,0.1796875,2783,303,BLAa,BLA,45,left,0
2784,2785,3,6435.38,5883.46,2468.5599999999995,1.0,2784,303,BLAa,BLA,45,left,0
2785,2786,3,6437.52,5884.42,2468.7800000000007,1.0,2785,303,BLAa,BLA,45,left,0
2786,2787,3,6439.120000000001,5885.119999999999,2468.959999999999,1.0,2786,303,BLAa,BLA,45,left,1
2787,2788,3,6437.219999999999,5700.9400000000005,2472.16,0.5,762,303,BLAa,BLA,46,left,0
2788,2789,3,6439.6,5701.620000000001,2471.380000000001,1.0,2788,303,BLAa,BLA,46,left,1
2789,2790,3,6435.639999999999,5699.880000000001,2472.32,0.11328125,762,303,BLAa,BLA,47,left,0
2790,2791,3,6436.280000000001,5697.88,2472.619999999999,0.91796875,2790,303,BLAa,BLA,47,left,0
2791,2792,3,6435.700000000001,5696.7,2472.7000000000007,1.0,2791,303,BLAa,BLA,47,left,0
2792,2793,3,6436.459999999999,5694.46,2473.6800000000003,0.0546875,2792,303,BLAa,BLA,47,left,0
2793,2794,3,6435.4,5692.619999999999,2475.0200000000004,0.5,2793,303,BLAa,BLA,47,left,0
2794,2795,3,6434.32,5690.34,2476.92,0.5,2794,303,BLAa,BLA,47,left,0
2795,2796,3,6433.04,5689.099999999999,2477.16,1.0,2795,303,BLAa,BLA,47,left,1
2796,2797,3,6225.96,5860.639999999999,2536.4400000000005,0.15234375,769,303,BLAa,BLA,48,left,0
2797,2798,3,6225.36,5861.599999999999,2537.66,0.83203125,2797,303,BLAa,BLA,48,left,0
2798,2799,3,6224.46,5863.58,2538.6800000000003,1.33203125,2798,303,BLAa,BLA,48,left,0
2799,2800,3,6223.58,5865.44,2539.619999999999,0.83203125,2799,303,BLAa,BLA,48,left,0
2800,2801,3,6222.02,5868.540000000001,2540.1000000000004,0.83203125,2800,303,BLAa,BLA,48,left,0
2801,2802,3,6221.08,5870.44,2540.380000000001,1.0,2801,303,BLAa,BLA,48,left,0
2802,2803,3,6220.280000000001,5872.179999999999,2541.459999999999,0.0546875,2802,303,BLAa,BLA,48,left,0
2803,2804,3,6219.08,5874.719999999999,2542.619999999999,1.41796875,2803,303,BLAa,BLA,48,left,0
2804,2805,3,6218.8,5875.5,2543.959999999999,1.41796875,2804,303,BLAa,BLA,48,left,0
2805,2806,3,6217.6,5878.02,2545.040000000001,1.0,2805,303,BLAa,BLA,48,left,0
2806,2807,3,6216.42,5880.34,2545.4400000000005,1.41796875,2806,303,BLAa,BLA,48,left,0
2807,2808,3,6214.76,5883.48,2545.24,1.0,2807,303,BLAa,BLA,48,left,0
2808,2809,3,6213.46,5885.860000000001,2544.7000000000007,1.0,2808,303,BLAa,BLA,48,left,0
2809,2810,3,6212.1,5887.92,2544.199999999999,1.0,2809,303,BLAa,BLA,48,left,0
2810,2811,3,6210.48,5888.4400000000005,2543.82,1.0,2810,303,BLAa,BLA,48,left,0
2811,2812,3,6208.379999999999,5890.2,2543.2000000000007,1.0,2811,303,BLAa,BLA,48,left,0
2812,2813,3,6206.76,5892.28,2542.74,0.66796875,2812,303,BLAa,BLA,48,left,0
2813,2814,3,6205.9400000000005,5892.54,2543.4,1.0,2813,303,BLAa,BLA,48,left,0
2814,2815,3,6203.959999999999,5892.219999999999,2543.32,0.08203125,2814,303,BLAa,BLA,48,left,0
2815,2816,3,6201.88,5894.880000000001,2542.6399999999994,1.0,2815,303,BLAa,BLA,48,left,0
2816,2817,3,6200.04,5898.3,2542.22,1.0,2816,303,BLAa,BLA,48,left,0
2817,2818,3,6198.86,5900.56,2542.5200000000004,0.91796875,2817,303,BLAa,BLA,48,left,0
2818,2819,3,6197.200000000001,5902.36,2542.140000000001,1.0,2818,303,BLAa,BLA,48,left,0
2819,2820,3,6195.22,5902.64,2542.039999999999,0.91796875,2819,303,BLAa,BLA,48,left,0
2820,2821,3,6193.16,5903.24,2542.34,0.91796875,2820,303,BLAa,BLA,48,left,0
2821,2822,3,6189.5,5903.76,2541.720000000001,1.0,2821,303,BLAa,BLA,48,left,0
2822,2823,3,6187.039999999999,5904.24,2541.1800000000003,1.0,2822,303,BLAa,BLA,48,left,0
2823,2824,3,6185.52,5905.36,2541.32,1.5,2823,303,BLAa,BLA,48,left,0
2824,2825,3,6184.42,5907.56,2542.1800000000003,0.83203125,2824,303,BLAa,BLA,48,left,0
2825,2826,3,6183.8,5908.959999999999,2543.42,1.08203125,2825,303,BLAa,BLA,48,left,0
2826,2827,3,6180.68,5908.139999999999,2543.959999999999,0.01953125,2826,303,BLAa,BLA,48,left,0
2827,2828,3,6179.86,5909.28,2545.8600000000006,0.75,2827,303,BLAa,BLA,48,left,0
2828,2829,3,6179.5,5910.34,2547.92,1.0,2828,303,BLAa,BLA,48,left,0
2829,2830,3,6179.08,5911.52,2550.0200000000004,0.91796875,2829,303,BLAa,BLA,48,left,0
2830,2831,3,6178.42,5913.06,2552.3600000000006,0.91796875,2830,303,BLAa,BLA,48,left,0
2831,2832,3,6176.860000000001,5914.6,2553.0,1.41796875,2831,303,BLAa,BLA,48,left,0
2832,2833,3,6174.66,5917.5,2553.1399999999994,1.33203125,2832,303,BLAa,BLA,48,left,0
2833,2834,3,6173.139999999999,5918.86,2553.5,0.5,2833,303,BLAa,BLA,48,left,0
2834,2835,3,6172.02,5920.74,2555.800000000001,1.0,2834,303,BLAa,BLA,48,left,0
2835,2836,3,6171.26,5922.34,2557.0,1.58203125,2835,303,BLAa,BLA,48,left,0
2836,2837,3,6170.04,5924.9,2558.76,0.5,2836,303,BLAa,BLA,48,left,0
2837,2838,3,6169.22,5926.660000000001,2560.220000000001,1.33203125,2837,303,BLAa,BLA,48,left,0
2838,2839,3,6167.02,5929.02,2560.16,0.05078125,2838,303,BLAa,BLA,48,left,0
2839,2840,3,6164.96,5929.099999999999,2560.5200000000004,0.58203125,2839,303,BLAa,BLA,48,left,0
2840,2841,3,6161.76,5931.1,2559.8600000000006,0.5,2840,303,BLAa,BLA,48,left,0
2841,2842,3,6159.38,5931.76,2559.32,1.0,2841,303,BLAa,BLA,48,left,0
2842,2843,3,6157.039999999999,5932.240000000001,2558.8,1.25,2842,303,BLAa,BLA,48,left,0
2843,2844,3,6155.0,5934.5,2558.7800000000007,0.75,2843,303,BLAa,BLA,48,left,0
2844,2845,3,6153.22,5936.24,2558.880000000001,1.0,2844,884,amc,amc,48,left,0
2845,2846,3,6151.599999999999,5938.9400000000005,2559.199999999999,0.83203125,2845,884,amc,amc,48,left,0
2846,2847,3,6150.36,5941.02,2560.0,1.08203125,2846,884,amc,amc,48,left,0
2847,2848,3,6148.66,5942.36,2559.959999999999,1.0,2847,884,amc,amc,48,left,0
2848,2849,3,6146.96,5944.880000000001,2559.379999999999,1.0,2848,884,amc,amc,48,left,0
2849,2850,3,6145.259999999999,5947.820000000001,2558.7800000000007,1.0,2849,884,amc,amc,48,left,0
2850,2851,3,6143.92,5950.280000000001,2559.040000000001,1.0,2850,884,amc,amc,48,left,0
2851,2852,3,6143.82,5951.4800000000005,2560.1399999999994,0.5,2851,884,amc,amc,48,left,0
2852,2853,3,6144.9400000000005,5952.9,2561.040000000001,0.58203125,2852,884,amc,amc,48,left,0
2853,2854,3,6144.42,5954.86,2562.34,1.0,2853,884,amc,amc,48,left,0
2854,2855,3,6144.82,5956.58,2565.220000000001,0.75,2854,884,amc,amc,48,left,0
2855,2856,3,6145.9400000000005,5957.28,2566.2800000000007,1.25,2855,884,amc,amc,48,left,0
2856,2857,3,6145.58,5958.379999999999,2566.66,1.0,2856,884,amc,amc,48,left,0
2857,2858,3,6144.56,5960.4,2567.6800000000003,0.0546875,2857,884,amc,amc,48,left,0
2858,2859,3,6143.62,5962.380000000001,2569.32,1.0,2858,884,amc,amc,48,left,0
2859,2860,3,6142.5,5963.9400000000005,2570.32,0.83203125,2859,884,amc,amc,48,left,0
2860,2861,3,6140.2,5965.259999999999,2570.8600000000006,0.83203125,2860,884,amc,amc,48,left,0
2861,2862,3,6138.099999999999,5966.16,2571.58,0.5,2861,884,amc,amc,48,left,0
2862,2863,3,6136.68,5968.099999999999,2573.32,1.0,2862,884,amc,amc,48,left,0
2863,2864,3,6134.86,5969.84,2573.66,1.08203125,2863,703,CTXsp,CTXsp,48,left,0
2864,2865,3,6133.04,5972.179999999999,2573.0999999999985,0.66796875,2864,703,CTXsp,CTXsp,48,left,1
2865,2866,3,6225.92,5860.0,2534.58,0.05078125,769,303,BLAa,BLA,49,left,0
2866,2867,3,6223.76,5859.679999999999,2533.34,0.75,2866,303,BLAa,BLA,49,left,0
2867,2868,3,6222.08,5859.880000000001,2532.140000000001,1.0,2867,303,BLAa,BLA,49,left,0
2868,2869,3,6219.9400000000005,5859.48,2531.4400000000005,0.5,2868,303,BLAa,BLA,49,left,0
2869,2870,3,6217.6,5860.72,2530.84,1.25,2869,303,BLAa,BLA,49,left,0
2870,2871,3,6215.62,5862.86,2530.1800000000003,0.66796875,2870,303,BLAa,BLA,49,left,0
2871,2872,3,6213.62,5863.66,2529.6800000000003,0.91796875,2871,303,BLAa,BLA,49,left,0
2872,2873,3,6210.860000000001,5864.02,2529.08,0.75,2872,303,BLAa,BLA,49,left,0
2873,2874,3,6209.64,5863.84,2528.8600000000006,0.125,2873,303,BLAa,BLA,49,left,0
2874,2875,3,6207.16,5862.86,2528.48,1.0,2874,303,BLAa,BLA,49,left,0
2875,2876,3,6205.04,5861.96,2528.16,1.0,2875,303,BLAa,BLA,49,left,0
2876,2877,3,6203.26,5861.860000000001,2527.8,1.25,2876,303,BLAa,BLA,49,left,0
2877,2878,3,6201.4400000000005,5863.0,2527.3,1.41796875,2877,303,BLAa,BLA,49,left,0
2878,2879,3,6199.539999999999,5864.5,2526.74,1.16796875,2878,303,BLAa,BLA,49,left,0
2879,2880,3,6197.4400000000005,5867.380000000001,2526.0,1.25,2879,303,BLAa,BLA,49,left,0
2880,2881,3,6195.56,5869.8,2525.3,1.0,2880,303,BLAa,BLA,49,left,0
2881,2882,3,6193.959999999999,5870.68,2524.34,0.75,2881,303,BLAa,BLA,49,left,0
2882,2883,3,6191.98,5870.259999999999,2522.619999999999,1.0,2882,303,BLAa,BLA,49,left,0
2883,2884,3,6191.34,5870.18,2520.539999999999,1.25,2883,303,BLAa,BLA,49,left,0
2884,2885,3,6190.18,5870.8,2519.120000000001,1.0,2884,303,BLAa,BLA,49,left,0
2885,2886,3,6188.9400000000005,5870.54,2518.7000000000007,0.75,2885,303,BLAa,BLA,49,left,0
2886,2887,3,6187.780000000001,5871.12,2517.16,1.0,2886,303,BLAa,BLA,49,left,0
2887,2888,3,6186.620000000001,5872.759999999999,2515.84,1.25,2887,303,BLAa,BLA,49,left,0
2888,2889,3,6184.86,5873.719999999999,2513.959999999999,0.75,2888,303,BLAa,BLA,49,left,0
2889,2890,3,6183.7,5874.82,2511.6399999999994,1.0,2889,303,BLAa,BLA,49,left,0
2890,2891,3,6182.14,5875.34,2510.74,1.0,2890,884,amc,amc,49,left,0
2891,2892,3,6181.24,5879.34,2510.6800000000003,0.0078125,2891,884,amc,amc,49,left,0
2892,2893,3,6181.900000000001,5880.639999999999,2511.5200000000004,0.83203125,2892,884,amc,amc,49,left,0
2893,2894,3,6180.860000000001,5883.099999999999,2512.039999999999,0.91796875,2893,884,amc,amc,49,left,0
2894,2895,3,6179.58,5885.460000000001,2511.82,1.0,2894,884,amc,amc,49,left,0
2895,2896,3,6178.62,5887.380000000001,2512.32,0.91796875,2895,884,amc,amc,49,left,0
2896,2897,3,6177.92,5890.18,2512.540000000001,0.5,2896,884,amc,amc,49,left,0
2897,2898,3,6177.86,5892.179999999999,2513.8,1.33203125,2897,884,amc,amc,49,left,0
2898,2899,3,6179.04,5893.8,2514.3600000000006,1.0,2898,884,amc,amc,49,left,1
2899,2900,3,6300.599999999999,5779.56,2550.5600000000013,0.01953125,903,303,BLAa,BLA,50,left,0
2900,2901,3,6300.98,5780.78,2551.58,0.5,2900,303,BLAa,BLA,50,left,0
2901,2902,3,6300.68,5781.7,2553.08,0.83203125,2901,303,BLAa,BLA,50,left,0
2902,2903,3,6299.46,5784.86,2555.98,1.0,2902,303,BLAa,BLA,50,left,0
2903,2904,3,6298.64,5786.900000000001,2557.619999999999,1.0,2903,303,BLAa,BLA,50,left,0
2904,2905,3,6298.379999999999,5787.74,2559.2800000000007,1.0,2904,303,BLAa,BLA,50,left,0
2905,2906,3,6297.28,5790.280000000001,2560.24,0.0390625,2905,303,BLAa,BLA,50,left,0
2906,2907,3,6296.42,5792.799999999999,2563.26,0.58203125,2906,303,BLAa,BLA,50,left,0
2907,2908,3,6296.52,5794.22,2564.34,0.91796875,2907,303,BLAa,BLA,50,left,0
2908,2909,3,6296.42,5795.92,2566.900000000001,1.33203125,2908,303,BLAa,BLA,50,left,0
2909,2910,3,6295.900000000001,5798.26,2568.22,0.75,2909,303,BLAa,BLA,50,left,0
2910,2911,3,6296.16,5800.280000000001,2569.0,0.75,2910,303,BLAa,BLA,50,left,0
2911,2912,3,6296.4,5802.98,2570.5200000000004,0.91796875,2911,303,BLAa,BLA,50,left,0
2912,2913,3,6296.16,5805.42,2572.4400000000005,1.0,2912,303,BLAa,BLA,50,left,0
2913,2914,3,6295.96,5808.3,2573.34,1.0,2913,303,BLAa,BLA,50,left,0
2914,2915,3,6296.219999999999,5810.48,2574.0200000000004,1.5,2914,303,BLAa,BLA,50,left,0
2915,2916,3,6296.24,5811.660000000001,2575.2800000000007,0.91796875,2915,303,BLAa,BLA,50,left,0
2916,2917,3,6297.54,5813.400000000001,2576.22,0.75,2916,303,BLAa,BLA,50,left,0
2917,2918,3,6298.16,5815.460000000001,2576.76,0.66796875,2917,303,BLAa,BLA,50,left,0
2918,2919,3,6298.8,5816.3,2577.92,1.33203125,2918,303,BLAa,BLA,50,left,0
2919,2920,3,6298.24,5818.84,2578.1800000000003,0.05078125,2919,303,BLAa,BLA,50,left,0
2920,2921,3,6299.04,5820.48,2579.040000000001,0.83203125,2920,303,BLAa,BLA,50,left,0
2921,2922,3,6298.64,5822.240000000001,2580.119999999999,1.08203125,2921,303,BLAa,BLA,50,left,0
2922,2923,3,6298.12,5824.84,2580.76,1.16796875,2922,303,BLAa,BLA,50,left,0
2923,2924,3,6298.5,5826.82,2581.4400000000005,1.0,2923,303,BLAa,BLA,50,left,0
2924,2925,3,6299.08,5828.56,2581.9399999999987,0.75,2924,303,BLAa,BLA,50,left,0
2925,2926,3,6298.92,5829.86,2583.0,1.41796875,2925,303,BLAa,BLA,50,left,0
2926,2927,3,6298.42,5832.219999999999,2583.540000000001,0.91796875,2926,303,BLAa,BLA,50,left,0
2927,2928,3,6300.2,5833.42,2584.640000000001,1.0,2927,303,BLAa,BLA,50,left,0
2928,2929,3,6301.76,5834.8,2586.0,0.5,2928,303,BLAa,BLA,50,left,0
2929,2930,3,6301.36,5836.54,2585.9,1.0,2929,303,BLAa,BLA,50,left,0
2930,2931,3,6302.0,5838.9800000000005,2586.3,1.5,2930,303,BLAa,BLA,50,left,0
2931,2932,3,6302.32,5840.82,2586.900000000001,0.58203125,2931,303,BLAa,BLA,50,left,0
2932,2933,3,6301.68,5842.92,2587.540000000001,0.91796875,2932,303,BLAa,BLA,50,left,0
2933,2934,3,6300.8,5845.16,2587.7800000000007,0.66796875,2933,303,BLAa,BLA,50,left,0
2934,2935,3,6301.26,5846.38,2589.040000000001,0.5,2934,303,BLAa,BLA,50,left,0
2935,2936,3,6302.56,5847.92,2589.959999999999,0.91796875,2935,303,BLAa,BLA,50,left,0
2936,2937,3,6302.4,5849.679999999999,2590.9400000000005,0.75,2936,303,BLAa,BLA,50,left,0
2937,2938,3,6302.240000000001,5851.94,2591.58,1.0,2937,303,BLAa,BLA,50,left,0
2938,2939,3,6302.799999999999,5853.64,2591.6000000000004,1.0,2938,303,BLAa,BLA,50,left,0
2939,2940,3,6301.82,5856.24,2592.6399999999994,0.0546875,2939,303,BLAa,BLA,50,left,0
2940,2941,3,6301.06,5858.74,2594.3600000000006,1.0,2940,303,BLAa,BLA,50,left,0
2941,2942,3,6302.08,5860.06,2595.4,0.5,2941,303,BLAa,BLA,50,left,0
2942,2943,3,6303.32,5861.52,2595.9,0.66796875,2942,303,BLAa,BLA,50,left,0
2943,2944,3,6304.8,5862.28,2597.0200000000004,0.83203125,2943,303,BLAa,BLA,50,left,0
2944,2945,3,6306.78,5865.14,2599.48,0.58203125,2944,303,BLAa,BLA,50,left,0
2945,2946,3,6307.380000000001,5867.12,2600.72,0.91796875,2945,303,BLAa,BLA,50,left,0
2946,2947,3,6308.46,5868.64,2601.5200000000004,0.83203125,2946,303,BLAa,BLA,50,left,0
2947,2948,3,6307.98,5870.74,2602.48,0.5,2947,303,BLAa,BLA,50,left,0
2948,2949,3,6308.4400000000005,5872.64,2603.5599999999995,1.08203125,2948,303,BLAa,BLA,50,left,0
2949,2950,3,6310.36,5873.400000000001,2604.619999999999,1.0,2949,303,BLAa,BLA,50,left,0
2950,2951,3,6311.599999999999,5873.86,2605.98,1.08203125,2950,303,BLAa,BLA,50,left,0
2951,2952,3,6309.44,5875.34,2606.26,0.0390625,2951,303,BLAa,BLA,50,left,0
2952,2953,3,6307.3,5877.58,2606.98,1.0,2952,303,BLAa,BLA,50,left,0
2953,2954,3,6306.280000000001,5878.88,2607.6399999999994,0.5,2953,303,BLAa,BLA,50,left,0
2954,2955,3,6304.8,5878.5,2607.9,1.0,2954,303,BLAa,BLA,50,left,0
2955,2956,3,6302.94,5879.099999999999,2607.459999999999,1.0,2955,303,BLAa,BLA,50,left,0
2956,2957,3,6301.639999999999,5881.36,2607.0,1.0,2956,303,BLAa,BLA,50,left,0
2957,2958,3,6300.54,5883.6,2607.3,0.5,2957,303,BLAa,BLA,50,left,0
2958,2959,3,6299.38,5885.96,2607.4,0.91796875,2958,303,BLAa,BLA,50,left,0
2959,2960,3,6298.719999999999,5887.34,2607.9400000000005,0.83203125,2959,303,BLAa,BLA,50,left,0
2960,2961,3,6297.36,5890.04,2607.5599999999995,1.0,2960,303,BLAa,BLA,50,left,0
2961,2962,3,6296.24,5892.240000000001,2607.279999999999,1.08203125,2961,303,BLAa,BLA,50,left,0
2962,2963,3,6295.320000000001,5894.120000000001,2607.7800000000007,1.41796875,2962,303,BLAa,BLA,50,left,0
2963,2964,3,6294.160000000001,5896.4400000000005,2607.960000000001,1.41796875,2963,303,BLAa,BLA,50,left,0
2964,2965,3,6293.24,5898.360000000001,2608.880000000001,1.0,2964,303,BLAa,BLA,50,left,0
2965,2966,3,6291.639999999999,5901.18,2609.400000000001,1.75,2965,303,BLAa,BLA,50,left,0
2966,2967,3,6290.24,5901.2,2609.84,1.0,2966,303,BLAa,BLA,50,left,0
2967,2968,3,6289.160000000001,5903.959999999999,2609.5,0.0546875,2967,303,BLAa,BLA,50,left,0
2968,2969,3,6287.7,5904.66,2610.26,1.0,2968,303,BLAa,BLA,50,left,0
2969,2970,3,6286.3,5904.04,2611.1399999999994,1.0,2969,303,BLAa,BLA,50,left,0
2970,2971,3,6285.24,5904.56,2612.58,1.25,2970,303,BLAa,BLA,50,left,0
2971,2972,3,6284.56,5906.02,2613.7800000000007,1.0,2971,303,BLAa,BLA,50,left,0
2972,2973,3,6283.76,5907.74,2615.040000000001,1.0,2972,303,BLAa,BLA,50,left,0
2973,2974,3,6282.98,5909.299999999999,2615.380000000001,0.66796875,2973,303,BLAa,BLA,50,left,0
2974,2975,3,6283.46,5910.2,2616.620000000001,1.0,2974,303,BLAa,BLA,50,left,0
2975,2976,3,6284.92,5910.9400000000005,2617.74,1.0,2975,303,BLAa,BLA,50,left,0
2976,2977,3,6284.42,5914.160000000001,2617.4,1.0,2976,303,BLAa,BLA,50,left,0
2977,2978,3,6282.9,5917.14,2617.26,1.33203125,2977,303,BLAa,BLA,50,left,0
2978,2979,3,6282.12,5918.959999999999,2617.6000000000004,1.0,2978,303,BLAa,BLA,50,left,0
2979,2980,3,6282.52,5920.4,2617.5599999999995,1.0,2979,303,BLAa,BLA,50,left,0
2980,2981,3,6282.759999999999,5921.76,2619.48,0.03515625,2980,303,BLAa,BLA,50,left,0
2981,2982,3,6283.9,5923.3,2620.1800000000003,1.0,2981,303,BLAa,BLA,50,left,0
2982,2983,3,6284.82,5924.28,2621.720000000001,0.5,2982,303,BLAa,BLA,50,left,0
2983,2984,3,6285.58,5925.44,2622.720000000001,0.58203125,2983,303,BLAa,BLA,50,left,0
2984,2985,3,6286.98,5926.52,2623.82,0.83203125,2984,303,BLAa,BLA,50,left,0
2985,2986,3,6289.120000000001,5927.34,2625.4,0.75,2985,303,BLAa,BLA,50,left,0
2986,2987,3,6291.32,5928.18,2626.98,0.5,2986,303,BLAa,BLA,50,left,0
2987,2988,3,6293.04,5928.82,2628.279999999999,1.0,2987,303,BLAa,BLA,50,left,0
2988,2989,3,6295.0,5929.18,2629.8600000000006,0.83203125,2988,303,BLAa,BLA,50,left,0
2989,2990,3,6296.34,5928.74,2631.48,0.91796875,2989,303,BLAa,BLA,50,left,0
2990,2991,3,6298.66,5929.299999999999,2632.8,1.25,2990,303,BLAa,BLA,50,left,0
2991,2992,3,6299.76,5928.74,2634.3600000000006,0.5,2991,303,BLAa,BLA,50,left,0
2992,2993,3,6301.52,5928.02,2636.6800000000003,0.58203125,2992,303,BLAa,BLA,50,left,0
2993,2994,3,6303.46,5926.92,2639.220000000001,0.83203125,2993,303,BLAa,BLA,50,left,0
2994,2995,3,6304.84,5927.02,2641.0,1.0,2994,303,BLAa,BLA,50,left,0
2995,2996,3,6306.4800000000005,5927.64,2642.16,1.08203125,2995,303,BLAa,BLA,50,left,0
2996,2997,3,6307.66,5928.02,2644.08,1.08203125,2996,303,BLAa,BLA,50,left,0
2997,2998,3,6308.400000000001,5928.22,2646.4,0.83203125,2997,303,BLAa,BLA,50,left,0
2998,2999,3,6310.839999999999,5928.76,2647.5,0.75,2998,303,BLAa,BLA,50,left,0
2999,3000,3,6312.98,5928.7,2648.0600000000013,0.91796875,2999,303,BLAa,BLA,50,left,0
3000,3001,3,6314.2,5928.86,2651.16,1.0,3000,303,BLAa,BLA,50,left,0
3001,3002,3,6314.24,5928.9800000000005,2653.7000000000007,0.83203125,3001,303,BLAa,BLA,50,left,0
3002,3003,3,6313.74,5930.0,2654.3,1.0,3002,303,BLAa,BLA,50,left,0
3003,3004,3,6315.259999999999,5929.02,2656.5599999999995,0.01953125,3003,303,BLAa,BLA,50,left,1
3004,3005,3,6299.76,5775.460000000001,2552.1800000000003,0.0546875,903,303,BLAa,BLA,51,left,0
3005,3006,3,6301.12,5772.86,2553.959999999999,1.0,3005,303,BLAa,BLA,51,left,0
3006,3007,3,6301.3,5770.62,2554.32,1.0,3006,303,BLAa,BLA,51,left,0
3007,3008,3,6300.36,5768.92,2554.3600000000006,1.0,3007,303,BLAa,BLA,51,left,0
3008,3009,3,6300.5,5766.18,2554.619999999999,1.0,3008,303,BLAa,BLA,51,left,0
3009,3010,3,6301.18,5763.9,2554.3,0.75,3009,303,BLAa,BLA,51,left,0
3010,3011,3,6301.0,5761.040000000001,2554.34,1.0,3010,303,BLAa,BLA,51,left,0
3011,3012,3,6301.4800000000005,5757.68,2554.8,0.66796875,3011,303,BLAa,BLA,51,left,0
3012,3013,3,6301.52,5755.900000000001,2554.220000000001,1.41796875,3012,303,BLAa,BLA,51,left,0
3013,3014,3,6302.219999999999,5753.360000000001,2554.42,0.91796875,3013,303,BLAa,BLA,51,left,0
3014,3015,3,6302.380000000001,5750.16,2554.9,1.0,3014,303,BLAa,BLA,51,left,0
3015,3016,3,6302.94,5747.380000000001,2555.4,1.0,3015,303,BLAa,BLA,51,left,0
3016,3017,3,6301.58,5746.3,2555.5,0.08203125,3016,303,BLAa,BLA,51,left,0
3017,3018,3,6301.7,5744.880000000001,2556.6399999999994,2.0,3017,303,BLAa,BLA,51,left,0
3018,3019,3,6302.74,5742.74,2557.3,1.0,3018,303,BLAa,BLA,51,left,0
3019,3020,3,6302.4400000000005,5740.4,2558.16,1.16796875,3019,303,BLAa,BLA,51,left,0
3020,3021,3,6301.32,5738.86,2559.199999999999,1.5,3020,303,BLAa,BLA,51,left,0
3021,3022,3,6301.5,5737.960000000001,2560.879999999999,1.0,3021,303,BLAa,BLA,51,left,0
3022,3023,3,6302.54,5735.879999999999,2562.0200000000004,1.0,3022,303,BLAa,BLA,51,left,0
3023,3024,3,6303.62,5733.58,2562.58,1.0,3023,303,BLAa,BLA,51,left,0
3024,3025,3,6304.5,5731.7,2563.0200000000004,1.0,3024,303,BLAa,BLA,51,left,0
3025,3026,3,6304.06,5729.9,2561.380000000001,0.02734375,3025,303,BLAa,BLA,51,left,0
3026,3027,3,6305.8,5726.12,2561.58,1.16796875,3026,303,BLAa,BLA,51,left,0
3027,3028,3,6307.4800000000005,5724.160000000001,2562.1000000000004,0.58203125,3027,303,BLAa,BLA,51,left,0
3028,3029,3,6308.66,5722.06,2561.699999999999,1.41796875,3028,303,BLAa,BLA,51,left,0
3029,3030,3,6309.32,5720.54,2561.84,1.0,3029,303,BLAa,BLA,51,left,0
3030,3031,3,6310.22,5718.12,2562.380000000001,0.08203125,3030,303,BLAa,BLA,51,left,0
3031,3032,3,6309.880000000001,5716.1,2562.6000000000004,1.0,3031,303,BLAa,BLA,51,left,0
3032,3033,3,6309.42,5713.9800000000005,2562.82,1.0,3032,303,BLAa,BLA,51,left,0
3033,3034,3,6309.78,5711.38,2563.279999999999,1.0,3033,303,BLAa,BLA,51,left,0
3034,3035,3,6310.879999999999,5708.9,2563.540000000001,1.0,3034,303,BLAa,BLA,51,left,0
3035,3036,3,6311.76,5706.82,2563.24,1.16796875,3035,303,BLAa,BLA,51,left,0
3036,3037,3,6311.82,5704.22,2563.48,1.0,3036,303,BLAa,BLA,51,left,0
3037,3038,3,6310.460000000001,5702.92,2563.4,0.58203125,3037,303,BLAa,BLA,51,left,0
3038,3039,3,6311.219999999999,5699.66,2564.040000000001,1.0,3038,303,BLAa,BLA,51,left,0
3039,3040,3,6312.36,5697.179999999999,2564.640000000001,1.58203125,3039,303,BLAa,BLA,51,left,0
3040,3041,3,6313.200000000001,5694.38,2565.4400000000005,0.5,3040,579,ec,ec,51,left,0
3041,3042,3,6313.4400000000005,5692.12,2566.6399999999994,0.83203125,3041,579,ec,ec,51,left,0
3042,3043,3,6312.66,5690.280000000001,2567.0,1.0,3042,579,ec,ec,51,left,0
3043,3044,3,6311.38,5689.28,2567.6399999999994,0.75,3043,579,ec,ec,51,left,0
3044,3045,3,6311.02,5688.08,2569.040000000001,0.5,3044,579,ec,ec,51,left,0
3045,3046,3,6309.139999999999,5686.74,2569.84,0.91796875,3045,579,ec,ec,51,left,0
3046,3047,3,6308.76,5685.280000000001,2571.0599999999995,0.75,3046,579,ec,ec,51,left,0
3047,3048,3,6308.82,5682.52,2572.4400000000005,1.0,3047,579,ec,ec,51,left,0
3048,3049,3,6307.32,5681.280000000001,2572.8,0.66796875,3048,579,ec,ec,51,left,0
3049,3050,3,6306.280000000001,5680.639999999999,2575.6399999999994,0.91796875,3049,579,ec,ec,51,left,0
3050,3051,3,6305.22,5680.06,2576.960000000001,0.75,3050,579,ec,ec,51,left,0
3051,3052,3,6305.22,5677.619999999999,2578.880000000001,0.02734375,3051,579,ec,ec,51,left,0
3052,3053,3,6305.72,5675.82,2580.3,1.16796875,3052,579,ec,ec,51,left,0
3053,3054,3,6306.26,5674.38,2579.58,0.12890625,3053,579,ec,ec,51,left,0
3054,3055,3,6306.599999999999,5673.08,2576.82,0.02734375,3054,579,ec,ec,51,left,0
3055,3056,3,6308.06,5672.12,2575.82,0.5,3055,579,ec,ec,51,left,0
3056,3057,3,6308.82,5670.1,2575.08,0.66796875,3056,579,ec,ec,51,left,0
3057,3058,3,6309.64,5667.820000000001,2573.7800000000007,1.25,3057,579,ec,ec,51,left,0
3058,3059,3,6310.76,5666.94,2572.8,0.58203125,3058,579,ec,ec,51,left,0
3059,3060,3,6312.66,5666.78,2572.76,1.0,3059,579,ec,ec,51,left,0
3060,3061,3,6314.700000000001,5666.459999999999,2572.32,0.58203125,3060,579,ec,ec,51,left,0
3061,3062,3,6316.52,5666.94,2572.140000000001,0.5,3061,579,ec,ec,51,left,0
3062,3063,3,6317.52,5667.54,2570.1000000000004,0.83203125,3062,579,ec,ec,51,left,0
3063,3064,3,6318.28,5668.22,2569.1000000000004,0.5,3063,579,ec,ec,51,left,0
3064,3065,3,6319.28,5669.82,2568.72,0.66796875,3064,579,ec,ec,51,left,0
3065,3066,3,6320.68,5670.68,2568.0999999999985,1.0,3065,579,ec,ec,51,left,0
3066,3067,3,6321.72,5669.52,2566.540000000001,0.02734375,3066,579,ec,ec,51,left,0
3067,3068,3,6322.759999999999,5668.32,2564.84,0.91796875,3067,579,ec,ec,51,left,0
3068,3069,3,6323.9400000000005,5667.240000000001,2564.220000000001,0.83203125,3068,579,ec,ec,51,left,0
3069,3070,3,6325.8,5667.1,2564.2800000000007,1.0,3069,579,ec,ec,51,left,1
4053,4054,3,6248.48,5846.36,2548.0600000000013,0.05859375,2401,303,BLAa,BLA,60,left,0
4054,4055,3,6246.4,5845.460000000001,2549.26,0.58203125,4054,303,BLAa,BLA,60,left,0
4055,4056,3,6245.259999999999,5844.9400000000005,2550.34,1.0,4055,303,BLAa,BLA,60,left,0
4056,4057,3,6242.68,5843.84,2550.48,1.0,4056,303,BLAa,BLA,60,left,0
4057,4058,3,6240.599999999999,5842.98,2550.16,1.0,4057,303,BLAa,BLA,60,left,0
4058,4059,3,6238.56,5842.42,2549.9400000000005,0.5,4058,303,BLAa,BLA,60,left,0
4059,4060,3,6236.620000000001,5843.04,2550.2000000000007,1.0,4059,303,BLAa,BLA,60,left,0
4060,4061,3,6233.9400000000005,5843.46,2550.0200000000004,0.5,4060,303,BLAa,BLA,60,left,0
4061,4062,3,6232.619999999999,5844.700000000001,2549.6000000000004,1.0,4061,303,BLAa,BLA,60,left,0
4062,4063,3,6231.3,5847.4400000000005,2550.32,1.0,4062,303,BLAa,BLA,60,left,0
4063,4064,3,6230.44,5848.9800000000005,2551.720000000001,1.25,4063,303,BLAa,BLA,60,left,0
4064,4065,3,6229.44,5848.88,2552.22,1.0,4064,303,BLAa,BLA,60,left,0
4065,4066,3,6229.18,5849.700000000001,2553.66,0.08203125,4065,303,BLAa,BLA,60,left,0
4066,4067,3,6228.74,5850.9400000000005,2555.66,1.0,4066,303,BLAa,BLA,60,left,0
4067,4068,3,6228.22,5852.179999999999,2556.879999999999,1.0,4067,303,BLAa,BLA,60,left,0
4068,4069,3,6227.88,5853.18,2558.66,1.0,4068,303,BLAa,BLA,60,left,0
4069,4070,3,6226.84,5855.58,2560.7000000000007,0.66796875,4069,303,BLAa,BLA,60,left,0
4070,4071,3,6226.16,5857.16,2561.9399999999987,1.0,4070,303,BLAa,BLA,60,left,0
4071,4072,3,6225.38,5858.84,2562.7800000000007,1.0,4071,303,BLAa,BLA,60,left,0
4072,4073,3,6224.38,5860.839999999999,2563.22,0.58203125,4072,303,BLAa,BLA,60,left,0
4073,4074,3,6222.619999999999,5863.66,2563.8,0.5,4073,303,BLAa,BLA,60,left,0
4074,4075,3,6221.459999999999,5864.360000000001,2565.2000000000007,0.91796875,4074,303,BLAa,BLA,60,left,0
4075,4076,3,6218.88,5865.119999999999,2565.84,1.0,4075,303,BLAa,BLA,60,left,0
4076,4077,3,6216.82,5864.76,2565.8600000000006,0.58203125,4076,303,BLAa,BLA,60,left,0
4077,4078,3,6215.76,5865.639999999999,2566.900000000001,0.58203125,4077,303,BLAa,BLA,60,left,0
4078,4079,3,6214.5,5868.22,2567.8599999999988,1.0,4078,303,BLAa,BLA,60,left,0
4079,4080,3,6214.06,5869.28,2569.040000000001,0.91796875,4079,303,BLAa,BLA,60,left,0
4080,4081,3,6211.72,5871.06,2569.3,0.02734375,4080,303,BLAa,BLA,60,left,0
4081,4082,3,6209.740000000001,5870.72,2570.1399999999994,1.0,4081,303,BLAa,BLA,60,left,0
4082,4083,3,6208.02,5870.0,2571.08,1.08203125,4082,303,BLAa,BLA,60,left,0
4083,4084,3,6206.36,5869.28,2572.4,0.58203125,4083,303,BLAa,BLA,60,left,0
4084,4085,3,6204.5,5868.48,2573.4,0.58203125,4084,303,BLAa,BLA,60,left,0
4085,4086,3,6203.16,5868.12,2574.5599999999995,0.58203125,4085,303,BLAa,BLA,60,left,0
4086,4087,3,6201.36,5868.42,2575.4,0.5,4086,303,BLAa,BLA,60,left,0
4087,4088,3,6199.84,5868.04,2576.24,1.0,4087,303,BLAa,BLA,60,left,0
4088,4089,3,6199.06,5867.66,2577.8,0.91796875,4088,303,BLAa,BLA,60,left,0
4089,4090,3,6198.74,5867.4800000000005,2580.119999999999,1.91796875,4089,303,BLAa,BLA,60,left,0
4090,4091,3,6198.200000000001,5867.219999999999,2581.82,1.66796875,4090,303,BLAa,BLA,60,left,0
4091,4092,3,6197.52,5866.900000000001,2583.9,1.08203125,4091,303,BLAa,BLA,60,left,0
4092,4093,3,6197.240000000001,5866.74,2585.82,1.0,4092,303,BLAa,BLA,60,left,0
4093,4094,3,6195.92,5866.4400000000005,2586.3,0.91796875,4093,303,BLAa,BLA,60,left,0
4094,4095,3,6194.8,5867.28,2585.98,1.25,4094,303,BLAa,BLA,60,left,0
4095,4096,3,6195.460000000001,5866.24,2586.8600000000006,0.20703125,4095,303,BLAa,BLA,60,left,0
4096,4097,3,6194.84,5865.66,2589.16,1.0,4096,303,BLAa,BLA,60,left,0
4097,4098,3,6193.64,5865.119999999999,2590.5,1.0,4097,303,BLAa,BLA,60,left,0
4098,4099,3,6191.7,5864.299999999999,2591.620000000001,1.0,4098,303,BLAa,BLA,60,left,0
4099,4100,3,6190.52,5863.780000000001,2592.9,1.0,4099,303,BLAa,BLA,60,left,0
4100,4101,3,6188.959999999999,5863.12,2594.0200000000004,0.91796875,4100,303,BLAa,BLA,60,left,0
4101,4102,3,6187.4800000000005,5862.240000000001,2593.959999999999,0.5,4101,303,BLAa,BLA,60,left,0
4102,4103,3,6185.879999999999,5860.34,2593.84,1.0,4102,303,BLAa,BLA,60,left,0
4103,4104,3,6184.52,5858.82,2593.82,1.16796875,4103,303,BLAa,BLA,60,left,0
4104,4105,3,6183.6,5857.820000000001,2594.48,1.0,4104,303,BLAa,BLA,60,left,0
4105,4106,3,6181.08,5856.78,2594.539999999999,1.0,4105,303,BLAa,BLA,60,left,0
4106,4107,3,6179.0,5855.9400000000005,2594.220000000001,1.0,4106,303,BLAa,BLA,60,left,0
4107,4108,3,6177.54,5855.320000000001,2594.6000000000004,1.16796875,4107,303,BLAa,BLA,60,left,0
4108,4109,3,6176.0,5855.02,2595.76,0.5,4108,303,BLAa,BLA,60,left,0
4109,4110,3,6173.76,5855.08,2595.9400000000005,0.66796875,4109,303,BLAa,BLA,60,left,0
4110,4111,3,6172.240000000001,5854.62,2596.6000000000004,1.0,4110,303,BLAa,BLA,60,left,0
4111,4112,3,6170.5,5853.9,2596.5599999999995,1.0,4111,303,BLAa,BLA,60,left,0
4112,4113,3,6168.82,5853.22,2596.2800000000007,1.0,4112,303,BLAa,BLA,60,left,0
4113,4114,3,6167.28,5850.68,2595.5999999999985,0.02734375,4113,303,BLAa,BLA,60,left,0
4114,4115,3,6166.78,5847.179999999999,2595.0200000000004,0.5,4114,303,BLAa,BLA,60,left,0
4115,4116,3,6167.36,5844.78,2594.6000000000004,0.91796875,4115,303,BLAa,BLA,60,left,0
4116,4117,3,6166.36,5842.960000000001,2594.120000000001,0.75,4116,303,BLAa,BLA,60,left,0
4117,4118,3,6164.62,5842.28,2592.92,1.0,4117,303,BLAa,BLA,60,left,0
4118,4119,3,6162.36,5841.58,2591.4,0.66796875,4118,303,BLAa,BLA,60,left,0
4119,4120,3,6159.880000000001,5841.660000000001,2590.72,0.91796875,4119,303,BLAa,BLA,60,left,0
4120,4121,3,6157.219999999999,5842.1,2590.119999999999,0.75,4120,303,BLAa,BLA,60,left,0
4121,4122,3,6154.740000000001,5841.36,2589.7000000000007,1.0,4121,303,BLAa,BLA,60,left,0
4122,4123,3,6152.5,5840.860000000001,2589.3,0.5,4122,303,BLAa,BLA,60,left,0
4123,4124,3,6150.08,5842.1,2588.66,1.08203125,4123,303,BLAa,BLA,60,left,0
4124,4125,3,6148.0,5844.299999999999,2587.960000000001,1.0,4124,303,BLAa,BLA,60,left,0
4125,4126,3,6146.599999999999,5845.38,2587.5599999999995,1.0,4125,303,BLAa,BLA,60,left,0
4126,4127,3,6143.5,5845.44,2586.7800000000007,0.02734375,4126,303,BLAa,BLA,60,left,0
4127,4128,3,6141.42,5845.24,2585.1000000000004,1.0,4127,303,BLAa,BLA,60,left,0
4128,4129,3,6138.099999999999,5843.92,2582.26,1.0,4128,303,BLAa,BLA,60,left,0
4129,4130,3,6136.18,5842.219999999999,2580.66,0.91796875,4129,303,BLAa,BLA,60,left,0
4130,4131,3,6134.82,5840.38,2579.74,1.25,4130,303,BLAa,BLA,60,left,0
4131,4132,3,6132.820000000001,5838.66,2579.1399999999994,1.0,4131,303,BLAa,BLA,60,left,0
4132,4133,3,6131.08,5837.94,2578.8600000000006,1.0,4132,303,BLAa,BLA,60,left,0
4133,4134,3,6129.6,5838.780000000001,2577.6399999999994,0.08203125,4133,303,BLAa,BLA,60,left,0
4134,4135,3,6127.960000000001,5838.24,2576.900000000001,1.0,4134,303,BLAa,BLA,60,left,0
4135,4136,3,6125.8,5838.42,2576.4400000000005,1.0,4135,303,BLAa,BLA,60,left,0
4136,4137,3,6123.86,5839.78,2575.879999999999,1.0,4136,303,BLAa,BLA,60,left,0
4137,4138,3,6121.18,5840.1,2575.2800000000007,1.0,4137,303,BLAa,BLA,60,left,0
4138,4139,3,6118.959999999999,5839.679999999999,2574.8600000000006,0.91796875,4138,303,BLAa,BLA,60,left,0
4139,4140,3,6116.56,5840.36,2574.2800000000007,1.0,4139,303,BLAa,BLA,60,left,0
4140,4141,3,6114.360000000001,5840.4,2573.619999999999,0.91796875,4140,303,BLAa,BLA,60,left,0
4141,4142,3,6113.66,5840.119999999999,2572.4400000000005,1.0,4141,303,BLAa,BLA,60,left,0
4142,4143,3,6112.02,5841.74,2573.5200000000004,0.0390625,4142,303,BLAa,BLA,60,left,0
4143,4144,3,6109.46,5845.58,2573.48,1.33203125,4143,303,BLAa,BLA,60,left,0
4144,4145,3,6107.74,5848.46,2572.7000000000007,1.08203125,4144,303,BLAa,BLA,60,left,0
4145,4146,3,6106.900000000001,5849.62,2571.540000000001,0.66796875,4145,303,BLAa,BLA,60,left,1
4146,4147,3,6248.360000000001,5847.179999999999,2548.120000000001,0.05859375,2401,303,BLAa,BLA,61,left,0
4147,4148,3,6246.599999999999,5850.22,2549.199999999999,1.0,4147,303,BLAa,BLA,61,left,0
4148,4149,3,6245.5,5852.56,2550.0,1.0,4148,303,BLAa,BLA,61,left,0
4149,4150,3,6244.58,5854.44,2550.5,0.75,4149,303,BLAa,BLA,61,left,0
4150,4151,3,6242.28,5855.68,2551.24,0.015625,4150,303,BLAa,BLA,61,left,0
4151,4152,3,6240.36,5857.84,2551.34,1.16796875,4151,303,BLAa,BLA,61,left,0
4152,4153,3,6239.400000000001,5859.78,2551.9399999999987,0.5,4152,303,BLAa,BLA,61,left,0
4153,4154,3,6238.12,5862.46,2552.8,1.16796875,4153,303,BLAa,BLA,61,left,0
4154,4155,3,6237.14,5864.58,2553.9,1.33203125,4154,303,BLAa,BLA,61,left,0
4155,4156,3,6235.839999999999,5867.08,2553.92,1.0,4155,303,BLAa,BLA,61,left,0
4156,4157,3,6234.740000000001,5869.24,2553.98,1.08203125,4156,303,BLAa,BLA,61,left,0
4157,4158,3,6232.98,5872.619999999999,2553.92,1.33203125,4157,303,BLAa,BLA,61,left,0
4158,4159,3,6231.68,5875.02,2553.379999999999,1.58203125,4158,303,BLAa,BLA,61,left,0
4159,4160,3,6231.38,5876.84,2553.0999999999985,0.83203125,4159,303,BLAa,BLA,61,left,0
4160,4161,3,6232.52,5877.58,2553.24,1.0,4160,303,BLAa,BLA,61,left,0
4161,4162,3,6232.58,5878.339999999999,2554.220000000001,0.16796875,4161,303,BLAa,BLA,61,left,0
4162,4163,3,6231.24,5881.02,2553.84,1.0,4162,303,BLAa,BLA,61,left,0
4163,4164,3,6229.9400000000005,5883.42,2553.300000000001,1.0,4163,303,BLAa,BLA,61,left,0
4164,4165,3,6228.7,5885.5,2552.82,1.0,4164,303,BLAa,BLA,61,left,0
4165,4166,3,6227.219999999999,5886.799999999999,2552.3600000000006,1.0,4165,303,BLAa,BLA,61,left,0
4166,4167,3,6225.14,5889.8,2551.42,0.83203125,4166,303,BLAa,BLA,61,left,0
4167,4168,3,6223.28,5892.32,2549.779999999999,0.83203125,4167,303,BLAa,BLA,61,left,0
4168,4169,3,6221.56,5893.780000000001,2548.34,1.41796875,4168,303,BLAa,BLA,61,left,0
4169,4170,3,6220.119999999999,5896.18,2547.3600000000006,0.75,4169,303,BLAa,BLA,61,left,0
4170,4171,3,6218.719999999999,5897.54,2546.92,1.0,4170,303,BLAa,BLA,61,left,0
4171,4172,3,6217.4,5897.52,2546.66,0.58203125,4171,303,BLAa,BLA,61,left,0
4172,4173,3,6215.860000000001,5899.04,2545.8600000000006,0.75,4172,303,BLAa,BLA,61,left,0
4173,4174,3,6214.700000000001,5901.040000000001,2544.640000000001,0.91796875,4173,303,BLAa,BLA,61,left,0
4174,4175,3,6213.200000000001,5903.74,2543.9,0.06640625,4174,303,BLAa,BLA,61,left,0
4175,4176,3,6211.860000000001,5906.18,2543.1399999999994,0.75,4175,303,BLAa,BLA,61,left,0
4176,4177,3,6210.839999999999,5908.02,2541.82,0.91796875,4176,303,BLAa,BLA,61,left,0
4177,4178,3,6210.58,5909.700000000001,2541.4400000000005,1.0,4177,303,BLAa,BLA,61,left,0
4178,4179,3,6210.56,5911.02,2542.4,0.91796875,4178,303,BLAa,BLA,61,left,0
4179,4180,3,6210.42,5911.599999999999,2544.2800000000007,1.33203125,4179,303,BLAa,BLA,61,left,0
4180,4181,3,6209.62,5913.28,2545.2000000000007,0.75,4180,303,BLAa,BLA,61,left,0
4181,4182,3,6209.44,5914.5,2546.7800000000007,0.5,4181,303,BLAa,BLA,61,left,0
4182,4183,3,6209.5,5916.040000000001,2547.6399999999994,0.5,4182,303,BLAa,BLA,61,left,0
4183,4184,3,6208.46,5918.379999999999,2547.84,0.83203125,4183,303,BLAa,BLA,61,left,0
4184,4185,3,6207.780000000001,5919.76,2548.4,1.16796875,4184,303,BLAa,BLA,61,left,0
4185,4186,3,6206.34,5922.4,2548.039999999999,1.0,4185,303,BLAa,BLA,61,left,0
4186,4187,3,6204.34,5926.06,2547.26,1.08203125,4186,303,BLAa,BLA,61,left,0
4187,4188,3,6202.66,5929.099999999999,2546.6000000000004,1.08203125,4187,303,BLAa,BLA,61,left,0
4188,4189,3,6201.54,5931.12,2546.16,1.0,4188,303,BLAa,BLA,61,left,0
4189,4190,3,6201.94,5932.46,2546.08,0.16796875,4189,303,BLAa,BLA,61,left,0
4190,4191,3,6200.639999999999,5935.22,2545.539999999999,1.25,4190,303,BLAa,BLA,61,left,0
4191,4192,3,6199.06,5938.099999999999,2545.040000000001,0.91796875,4191,303,BLAa,BLA,61,left,0
4192,4193,3,6198.06,5940.02,2545.380000000001,0.5,4192,303,BLAa,BLA,61,left,0
4193,4194,3,6196.82,5942.36,2545.5200000000004,0.5,4193,303,BLAa,BLA,61,left,0
4194,4195,3,6195.48,5944.9,2545.9400000000005,0.91796875,4194,303,BLAa,BLA,61,left,0
4195,4196,3,6193.9800000000005,5947.5,2545.9400000000005,0.83203125,4195,303,BLAa,BLA,61,left,0
4196,4197,3,6191.68,5948.7,2546.3,0.91796875,4196,303,BLAa,BLA,61,left,0
4197,4198,3,6189.880000000001,5950.0,2546.620000000001,1.08203125,4197,303,BLAa,BLA,61,left,0
4198,4199,3,6187.88,5950.42,2546.5200000000004,1.0,4198,303,BLAa,BLA,61,left,0
4199,4200,3,6186.38,5951.94,2546.42,0.83203125,4199,303,BLAa,BLA,61,left,0
4200,4201,3,6185.119999999999,5954.38,2547.2000000000007,0.75,4200,303,BLAa,BLA,61,left,0
4201,4202,3,6184.02,5956.52,2547.619999999999,1.0,4201,303,BLAa,BLA,61,left,0
4202,4203,3,6182.1,5958.959999999999,2547.0599999999995,0.03515625,4202,303,BLAa,BLA,61,left,0
4203,4204,3,6180.48,5959.18,2546.5200000000004,0.83203125,4203,303,BLAa,BLA,61,left,0
4204,4205,3,6178.9,5960.639999999999,2545.0599999999995,1.0,4204,303,BLAa,BLA,61,left,0
4205,4206,3,6177.64,5962.759999999999,2543.8,1.25,4205,884,amc,amc,61,left,0
4206,4207,3,6175.900000000001,5965.839999999999,2542.6800000000003,1.0,4206,884,amc,amc,61,left,0
4207,4208,3,6174.56,5968.18,2541.7800000000007,1.16796875,4207,884,amc,amc,61,left,0
4208,4209,3,6173.48,5969.9,2540.040000000001,1.41796875,4208,884,amc,amc,61,left,0
4209,4210,3,6171.620000000001,5973.16,2538.619999999999,1.08203125,4209,884,amc,amc,61,left,0
4210,4211,3,6170.299999999999,5975.52,2538.1399999999994,1.0,4210,703,CTXsp,CTXsp,61,left,0
4211,4212,3,6170.0,5977.32,2537.9,0.91796875,4211,703,CTXsp,CTXsp,61,left,0
4212,4213,3,6171.02,5977.98,2538.24,1.33203125,4212,703,CTXsp,CTXsp,61,left,0
4213,4214,3,6171.040000000001,5979.32,2539.0,1.41796875,4213,703,CTXsp,CTXsp,61,left,0
4214,4215,3,6170.36,5981.38,2538.82,0.5,4214,703,CTXsp,CTXsp,61,left,0
4215,4216,3,6171.4800000000005,5983.8,2539.3600000000006,1.16796875,4215,703,CTXsp,CTXsp,61,left,0
4216,4217,3,6171.74,5985.36,2539.880000000001,1.08203125,4216,703,CTXsp,CTXsp,61,left,1
4217,4218,3,6293.56,5833.76,2520.3,0.20703125,2480,303,BLAa,BLA,62,left,0
4218,4219,3,6292.16,5836.68,2519.640000000001,1.83203125,4218,303,BLAa,BLA,62,left,0
4219,4220,3,6290.280000000001,5840.38,2518.7800000000007,2.25,4219,303,BLAa,BLA,62,left,0
4220,4221,3,6288.9,5843.540000000001,2518.0999999999985,2.0,4220,303,BLAa,BLA,62,left,0
4221,4222,3,6288.88,5846.0,2517.7800000000007,2.0,4221,303,BLAa,BLA,62,left,0
4222,4223,3,6289.360000000001,5849.6,2517.4,1.83203125,4222,303,BLAa,BLA,62,left,0
4223,4224,3,6290.259999999999,5851.620000000001,2517.32,2.0,4223,303,BLAa,BLA,62,left,0
4224,4225,3,6289.64,5854.700000000001,2516.98,2.08203125,4224,303,BLAa,BLA,62,left,0
4225,4226,3,6288.6,5856.92,2517.48,2.08203125,4225,303,BLAa,BLA,62,left,0
4226,4227,3,6288.66,5860.299999999999,2519.220000000001,2.08203125,4226,303,BLAa,BLA,62,left,0
4227,4228,3,6289.08,5861.52,2520.48,1.58203125,4227,303,BLAa,BLA,62,left,0
4228,4229,3,6288.64,5864.02,2520.42,0.1328125,4228,303,BLAa,BLA,62,left,0
4229,4230,3,6290.22,5866.4,2520.4400000000005,1.5,4229,303,BLAa,BLA,62,left,0
4230,4231,3,6291.68,5868.62,2520.4400000000005,1.25,4230,303,BLAa,BLA,62,left,0
4231,4232,3,6291.3,5871.16,2520.040000000001,1.75,4231,303,BLAa,BLA,62,left,0
4232,4233,3,6291.639999999999,5873.42,2519.8,1.83203125,4232,303,BLAa,BLA,62,left,0
4233,4234,3,6292.1,5875.639999999999,2519.619999999999,1.66796875,4233,303,BLAa,BLA,62,left,0
4234,4235,3,6292.02,5878.3,2519.26,1.58203125,4234,303,BLAa,BLA,62,left,0
4235,4236,3,6292.28,5880.860000000001,2519.0,1.0,4235,303,BLAa,BLA,62,left,0
4236,4237,3,6292.219999999999,5883.16,2518.6800000000003,2.08203125,4236,303,BLAa,BLA,62,left,0
4237,4238,3,6291.459999999999,5885.68,2518.120000000001,2.0,4237,303,BLAa,BLA,62,left,0
4238,4239,3,6290.48,5887.54,2516.960000000001,2.33203125,4238,303,BLAa,BLA,62,left,0
4239,4240,3,6288.84,5890.62,2515.08,2.16796875,4239,303,BLAa,BLA,62,left,0
4240,4241,3,6288.56,5891.88,2513.6399999999994,2.08203125,4240,303,BLAa,BLA,62,left,0
4241,4242,3,6289.52,5893.74,2513.0,1.58203125,4241,303,BLAa,BLA,62,left,0
4242,4243,3,6289.04,5895.14,2511.879999999999,1.16796875,4242,303,BLAa,BLA,62,left,0
4243,4244,3,6289.700000000001,5896.36,2511.58,0.1953125,4243,303,BLAa,BLA,62,left,0
4244,4245,3,6290.599999999999,5898.58,2511.4,1.83203125,4244,303,BLAa,BLA,62,left,0
4245,4246,3,6292.26,5901.1,2511.4,1.33203125,4245,303,BLAa,BLA,62,left,0
4246,4247,3,6293.379999999999,5903.24,2511.34,1.16796875,4246,303,BLAa,BLA,62,left,0
4247,4248,3,6292.68,5906.36,2510.800000000001,1.16796875,4247,303,BLAa,BLA,62,left,0
4248,4249,3,6291.58,5908.5,2509.779999999999,1.66796875,4248,303,BLAa,BLA,62,left,0
4249,4250,3,6289.82,5911.88,2508.3600000000006,1.0,4249,303,BLAa,BLA,62,left,0
4250,4251,3,6288.3,5914.880000000001,2507.720000000001,1.0,4250,303,BLAa,BLA,62,left,0
4251,4252,3,6287.32,5916.76,2506.879999999999,1.83203125,4251,303,BLAa,BLA,62,left,0
4252,4253,3,6286.34,5918.46,2503.9400000000005,1.25,4252,303,BLAa,BLA,62,left,0
4253,4254,3,6285.66,5919.62,2502.0200000000004,1.58203125,4253,303,BLAa,BLA,62,left,0
4254,4255,3,6291.24,5831.12,2519.5,0.015625,2480,303,BLAa,BLA,63,left,0
4255,4256,3,6289.82,5831.4800000000005,2517.9,1.08203125,4255,303,BLAa,BLA,63,left,0
4256,4257,3,6289.139999999999,5831.5,2515.26,1.16796875,4256,303,BLAa,BLA,63,left,0
4257,4258,3,6289.08,5832.780000000001,2514.26,0.1953125,4257,303,BLAa,BLA,63,left,0
4258,4259,3,6289.8,5833.400000000001,2512.4,1.0,4258,303,BLAa,BLA,63,left,0
4259,4260,3,6290.0,5834.46,2509.32,0.58203125,4259,303,BLAa,BLA,63,left,0
4260,4261,3,6290.119999999999,5835.56,2507.619999999999,1.25,4260,303,BLAa,BLA,63,left,0
4261,4262,3,6289.82,5837.7,2506.3600000000006,1.0,4261,303,BLAa,BLA,63,left,0
4262,4263,3,6290.52,5838.8,2505.58,0.91796875,4262,303,BLAa,BLA,63,left,0
4263,4264,3,6291.7,5840.62,2504.48,1.0,4263,303,BLAa,BLA,63,left,0
4264,4265,3,6291.599999999999,5843.18,2502.540000000001,0.83203125,4264,303,BLAa,BLA,63,left,0
4265,4266,3,6290.36,5845.78,2500.800000000001,0.75,4265,303,BLAa,BLA,63,left,0
4266,4267,3,6289.92,5848.24,2500.0599999999995,0.83203125,4266,303,BLAa,BLA,63,left,0
4267,4268,3,6288.8,5851.08,2499.0200000000004,0.03125,4267,303,BLAa,BLA,63,left,0
4268,4269,3,6287.759999999999,5853.06,2497.6800000000003,1.25,4268,303,BLAa,BLA,63,left,0
4269,4270,3,6287.7,5854.34,2496.540000000001,1.0,4269,303,BLAa,BLA,63,left,0
4270,4271,3,6288.56,5855.9400000000005,2496.2000000000007,1.16796875,4270,303,BLAa,BLA,63,left,0
4271,4272,3,6288.42,5857.72,2495.24,0.75,4271,303,BLAa,BLA,63,left,0
4272,4273,3,6289.139999999999,5860.34,2494.5599999999995,0.66796875,4272,303,BLAa,BLA,63,left,0
4273,4274,3,6289.34,5864.719999999999,2493.74,0.5,4273,303,BLAa,BLA,63,left,0
4274,4275,3,6289.78,5866.620000000001,2492.8,0.83203125,4274,303,BLAa,BLA,63,left,0
4275,4276,3,6290.54,5869.160000000001,2492.42,1.0,4275,303,BLAa,BLA,63,left,0
4276,4277,3,6291.06,5871.5,2492.22,1.0,4276,303,BLAa,BLA,63,left,0
4277,4278,3,6290.44,5873.66,2491.34,1.16796875,4277,303,BLAa,BLA,63,left,0
4278,4279,3,6289.539999999999,5875.320000000001,2490.119999999999,1.0,4278,303,BLAa,BLA,63,left,0
4279,4280,3,6288.400000000001,5877.4800000000005,2488.6000000000004,0.91796875,4279,303,BLAa,BLA,63,left,0
4280,4281,3,6287.68,5879.86,2488.0200000000004,1.16796875,4280,303,BLAa,BLA,63,left,0
4281,4282,3,6288.58,5882.28,2487.279999999999,1.0,4281,303,BLAa,BLA,63,left,0
4282,4283,3,6289.679999999999,5883.9,2486.66,0.91796875,4282,303,BLAa,BLA,63,left,0
4283,4284,3,6290.299999999999,5886.92,2486.3600000000006,0.02734375,4283,303,BLAa,BLA,63,left,0
4284,4285,3,6290.36,5889.9,2486.0,0.91796875,4284,303,BLAa,BLA,63,left,0
4285,4286,3,6290.280000000001,5892.02,2485.8600000000006,0.66796875,4285,303,BLAa,BLA,63,left,0
4286,4287,3,6289.58,5893.780000000001,2486.42,0.83203125,4286,303,BLAa,BLA,63,left,0
4287,4288,3,6289.76,5894.880000000001,2487.5599999999995,0.91796875,4287,303,BLAa,BLA,63,left,0
4288,4289,3,6290.78,5895.58,2487.880000000001,1.0,4288,303,BLAa,BLA,63,left,0
4289,4290,3,6290.62,5897.26,2487.84,0.58203125,4289,303,BLAa,BLA,63,left,0
4290,4291,3,6289.740000000001,5899.139999999999,2488.6800000000003,0.91796875,4290,303,BLAa,BLA,63,left,0
4291,4292,3,6288.32,5903.379999999999,2489.98,0.83203125,4291,303,BLAa,BLA,63,left,0
4292,4293,3,6288.06,5905.4,2491.26,1.0,4292,303,BLAa,BLA,63,left,0
4293,4294,3,6287.179999999999,5907.5,2492.9,0.91796875,4293,303,BLAa,BLA,63,left,0
4294,4295,3,6286.599999999999,5908.8,2493.82,1.0,4294,303,BLAa,BLA,63,left,0
4295,4296,3,6285.119999999999,5911.76,2493.6399999999994,1.0,4295,303,BLAa,BLA,63,left,0
4296,4297,3,6283.74,5914.700000000001,2493.72,1.0,4296,303,BLAa,BLA,63,left,0
4297,4298,3,6283.959999999999,5916.1,2494.120000000001,0.75,4297,303,BLAa,BLA,63,left,0
4298,4299,3,6283.3,5918.3,2495.5200000000004,0.04296875,4298,303,BLAa,BLA,63,left,0
4299,4300,3,6282.5,5920.119999999999,2497.279999999999,1.5,4299,303,BLAa,BLA,63,left,0
4300,4301,3,6282.4800000000005,5921.56,2498.26,1.33203125,4300,303,BLAa,BLA,63,left,0
4301,4302,3,6282.94,5923.200000000001,2498.1399999999994,0.91796875,4301,303,BLAa,BLA,63,left,0
4302,4303,3,6283.4400000000005,5925.4,2497.960000000001,1.66796875,4302,303,BLAa,BLA,63,left,0
4303,4304,3,6282.66,5927.9,2497.5200000000004,2.16796875,4303,303,BLAa,BLA,63,left,0
4304,4305,3,6281.68,5929.82,2497.119999999999,1.08203125,4304,303,BLAa,BLA,63,left,0
4305,4306,3,6280.599999999999,5932.02,2497.5200000000004,1.33203125,4305,303,BLAa,BLA,63,left,0
4306,4307,3,6279.700000000001,5934.2,2498.34,1.08203125,4306,303,BLAa,BLA,63,left,0
4307,4308,3,6279.5,5936.72,2498.4,1.0,4307,303,BLAa,BLA,63,left,0
4308,4309,3,6279.28,5939.34,2498.0600000000013,0.5,4308,303,BLAa,BLA,63,left,0
4309,4310,3,6279.86,5941.16,2497.9400000000005,1.0,4309,303,BLAa,BLA,63,left,0
4310,4311,3,6278.959999999999,5943.42,2498.3600000000006,0.08203125,4310,303,BLAa,BLA,63,left,0
4311,4312,3,6277.58,5946.24,2498.6800000000003,1.25,4311,303,BLAa,BLA,63,left,0
4312,4313,3,6276.660000000001,5948.12,2498.98,1.0,4312,303,BLAa,BLA,63,left,0
4313,4314,3,6276.24,5950.280000000001,2498.72,1.08203125,4313,303,BLAa,BLA,63,left,0
4314,4315,3,6277.14,5951.16,2498.7800000000007,1.0,4314,303,BLAa,BLA,63,left,0
4315,4316,3,6276.3,5954.139999999999,2498.26,1.16796875,4315,303,BLAa,BLA,63,left,0
4316,4317,3,6275.04,5956.599999999999,2497.540000000001,1.0,4316,303,BLAa,BLA,63,left,0
4317,4318,3,6274.28,5958.02,2496.380000000001,0.75,4317,303,BLAa,BLA,63,left,0
4318,4319,3,6272.54,5961.4,2495.4,0.91796875,4318,303,BLAa,BLA,63,left,0
4319,4320,3,6271.3,5963.76,2494.199999999999,1.08203125,4319,303,BLAa,BLA,63,left,0
4320,4321,3,6269.679999999999,5966.860000000001,2493.039999999999,1.0,4320,303,BLAa,BLA,63,left,0
4321,4322,3,6267.820000000001,5970.52,2492.279999999999,1.0,4321,303,BLAa,BLA,63,left,0
4322,4323,3,6265.900000000001,5974.22,2491.5,1.0,4322,303,BLAa,BLA,63,left,0
4323,4324,3,6264.04,5977.88,2490.6800000000003,1.0,4323,303,BLAa,BLA,63,left,0
4324,4325,3,6263.06,5979.700000000001,2489.66,0.5,4324,303,BLAa,BLA,63,left,0
4325,4326,3,6263.48,5981.219999999999,2489.0,1.0,4325,303,BLAa,BLA,63,left,0
4326,4327,3,6265.280000000001,5982.16,2489.199999999999,1.0,4326,303,BLAa,BLA,63,left,0
4327,4328,3,6262.86,5983.5,2489.42,0.01953125,4327,303,BLAa,BLA,63,left,0
4328,4329,3,6261.2,5986.06,2489.779999999999,1.0,4328,303,BLAa,BLA,63,left,0
4329,4330,3,6260.259999999999,5988.0,2490.4,1.08203125,4329,303,BLAa,BLA,63,left,0
4330,4331,3,6259.48,5989.62,2491.42,1.41796875,4330,303,BLAa,BLA,63,left,0
4331,4332,3,6259.2,5990.280000000001,2492.880000000001,1.5,4331,303,BLAa,BLA,63,left,0
4332,4333,3,6258.200000000001,5992.26,2493.0999999999985,1.0,4332,303,BLAa,BLA,63,left,0
4333,4334,3,6257.1,5994.299999999999,2493.0200000000004,0.66796875,4333,303,BLAa,BLA,63,left,0
4334,4335,3,6255.82,5994.9400000000005,2494.32,0.83203125,4334,303,BLAa,BLA,63,left,0
4335,4336,3,6254.46,5995.74,2495.6399999999994,1.0,4335,303,BLAa,BLA,63,left,0
4336,4337,3,6253.28,5996.96,2497.7000000000007,1.41796875,4336,303,BLAa,BLA,63,left,0
4337,4338,3,6252.179999999999,5999.299999999999,2499.779999999999,0.91796875,4337,303,BLAa,BLA,63,left,0
4338,4339,3,6251.040000000001,6000.9400000000005,2501.34,0.66796875,4338,303,BLAa,BLA,63,left,0
4339,4340,3,6249.24,6001.26,2502.1000000000004,0.5,4339,303,BLAa,BLA,63,left,0
4340,4341,3,6248.099999999999,6002.28,2503.66,1.25,4340,303,BLAa,BLA,63,left,0
4341,4342,3,6247.14,6004.24,2504.460000000001,0.58203125,4341,303,BLAa,BLA,63,left,0
4342,4343,3,6246.040000000001,6005.72,2505.460000000001,0.58203125,4342,303,BLAa,BLA,63,left,0
4343,4344,3,6243.959999999999,6006.54,2505.42,0.5,4343,303,BLAa,BLA,63,left,0
4344,4345,3,6245.599999999999,6007.06,2506.4400000000005,0.04296875,4344,303,BLAa,BLA,63,left,0
4345,4346,3,6244.32,6009.92,2506.3600000000006,1.0,4345,303,BLAa,BLA,63,left,0
4346,4347,3,6243.16,6012.16,2506.32,1.5,4346,303,BLAa,BLA,63,left,0
4347,4348,3,6242.380000000001,6013.84,2507.9,1.0,4347,303,BLAa,BLA,63,left,0
4348,4349,3,6241.54,6015.54,2508.5599999999995,1.33203125,4348,884,amc,amc,63,left,0
4349,4350,3,6240.18,6018.139999999999,2509.6800000000003,0.58203125,4349,884,amc,amc,63,left,0
4350,4351,3,6239.06,6018.64,2510.5999999999985,1.0,4350,884,amc,amc,63,left,0
4351,4352,3,6238.28,6019.6,2511.16,0.16796875,4351,884,amc,amc,63,left,0
4352,4353,3,6237.619999999999,6020.92,2513.279999999999,1.0,4352,884,amc,amc,63,left,0
4353,4354,3,6236.88,6022.4800000000005,2514.5200000000004,1.0,4353,884,amc,amc,63,left,0
4354,4355,3,6236.4400000000005,6024.539999999999,2514.76,0.75,4354,884,amc,amc,63,left,0
4355,4356,3,6237.5,6025.48,2515.26,0.75,4355,303,BLAa,BLA,63,left,0
4356,4357,3,6237.780000000001,6026.24,2516.92,0.5,4356,303,BLAa,BLA,63,left,0
4357,4358,3,6237.32,6027.619999999999,2517.119999999999,0.58203125,4357,303,BLAa,BLA,63,left,0
4358,4359,3,6237.86,6028.58,2518.24,1.0,4358,303,BLAa,BLA,63,left,0
4359,4360,3,6238.26,6028.7,2520.2000000000007,0.83203125,4359,303,BLAa,BLA,63,left,0
4360,4361,3,6239.24,6029.099999999999,2521.1000000000004,1.0,4360,303,BLAa,BLA,63,left,1
4361,4362,3,6312.4,5826.88,2506.0599999999995,0.11328125,2494,303,BLAa,BLA,64,left,0
4362,4363,3,6314.120000000001,5827.64,2506.0,0.83203125,4362,303,BLAa,BLA,64,left,0
4363,4364,3,6314.700000000001,5827.94,2505.0200000000004,1.41796875,4363,303,BLAa,BLA,64,left,0
4364,4365,3,6312.84,5826.88,2506.1000000000004,0.0546875,2494,303,BLAa,BLA,65,left,0
4365,4366,3,6314.18,5826.34,2505.2800000000007,1.08203125,4365,303,BLAa,BLA,65,left,0
4366,4367,3,6314.539999999999,5825.320000000001,2503.22,1.58203125,4366,303,BLAa,BLA,65,left,0
4367,4368,3,6315.14,5823.9400000000005,2502.22,1.0,4367,303,BLAa,BLA,65,left,0
4368,4369,3,6315.04,5823.76,2499.6800000000003,0.11328125,4368,303,BLAa,BLA,65,left,0
4369,4370,3,6314.8,5823.86,2496.84,2.0,4369,303,BLAa,BLA,65,left,0
4370,4371,3,6314.299999999999,5824.62,2494.6800000000003,1.41796875,4370,303,BLAa,BLA,65,left,0
4371,4372,3,6314.04,5825.119999999999,2491.4,1.0,4371,303,BLAa,BLA,65,left,0
4372,4373,3,6314.9,5825.58,2489.48,1.0,4372,303,BLAa,BLA,65,left,0
4373,4374,3,6315.68,5826.040000000001,2486.459999999999,1.0,4373,303,BLAa,BLA,65,left,0
4374,4375,3,6315.92,5826.219999999999,2484.66,1.0,4374,303,BLAa,BLA,65,left,0
4375,4376,3,6317.240000000001,5827.240000000001,2483.459999999999,1.08203125,4375,303,BLAa,BLA,65,left,0
4376,4377,3,6317.6,5828.52,2481.540000000001,1.0,4376,303,BLAa,BLA,65,left,0
4377,4378,3,6318.540000000001,5829.62,2480.48,1.16796875,4377,303,BLAa,BLA,65,left,0
4378,4379,3,6319.52,5831.0,2479.6000000000004,1.08203125,4378,303,BLAa,BLA,65,left,0
4379,4380,3,6320.280000000001,5831.4400000000005,2478.32,1.25,4379,303,BLAa,BLA,65,left,0
4380,4381,3,6321.7,5832.14,2476.48,0.0703125,4380,303,BLAa,BLA,65,left,0
4381,4382,3,6322.34,5832.52,2474.1399999999994,1.0,4381,303,BLAa,BLA,65,left,0
4382,4383,3,6323.18,5832.960000000001,2472.140000000001,1.0,4382,303,BLAa,BLA,65,left,0
4383,4384,3,6324.92,5833.76,2471.8600000000006,0.75,4383,303,BLAa,BLA,65,left,0
4384,4385,3,6326.24,5834.400000000001,2470.2800000000007,0.91796875,4384,303,BLAa,BLA,65,left,0
4385,4386,3,6327.0,5834.82,2468.48,1.0,4385,303,BLAa,BLA,65,left,0
4386,4387,3,6327.74,5835.22,2466.459999999999,1.0,4386,303,BLAa,BLA,65,left,0
4387,4388,3,6328.66,5835.700000000001,2464.460000000001,1.0,4387,303,BLAa,BLA,65,left,0
4388,4389,3,6329.9,5836.32,2462.5,1.0,4388,303,BLAa,BLA,65,left,0
4389,4390,3,6331.1,5836.94,2460.58,0.66796875,4389,303,BLAa,BLA,65,left,0
4390,4391,3,6332.56,5837.64,2459.779999999999,1.25,4390,303,BLAa,BLA,65,left,0
4391,4392,3,6334.42,5838.12,2458.8,0.66796875,4391,303,BLAa,BLA,65,left,0
4392,4393,3,6334.96,5837.4800000000005,2457.619999999999,0.58203125,4392,303,BLAa,BLA,65,left,0
4393,4394,3,6336.280000000001,5838.9,2457.32,0.046875,4393,303,BLAa,BLA,65,left,0
4394,4395,3,6338.32,5840.299999999999,2457.48,1.0,4394,303,BLAa,BLA,65,left,0
4395,4396,3,6340.06,5841.1,2456.84,1.0,4395,303,BLAa,BLA,65,left,0
4396,4397,3,6341.32,5841.72,2455.0599999999995,1.0,4396,303,BLAa,BLA,65,left,0
4397,4398,3,6342.219999999999,5842.240000000001,2452.0599999999995,1.25,4397,303,BLAa,BLA,65,left,0
4398,4399,3,6343.66,5842.94,2450.72,1.0,4398,303,BLAa,BLA,65,left,0
4399,4400,3,6345.58,5843.46,2449.84,0.75,4399,303,BLAa,BLA,65,left,0
4400,4401,3,6347.54,5840.76,2447.6000000000004,1.0,4400,303,BLAa,BLA,65,left,0
4401,4402,3,6348.339999999999,5839.42,2446.26,0.5,4401,303,BLAa,BLA,65,left,0
4402,4403,3,6349.139999999999,5839.62,2443.9400000000005,0.66796875,4402,303,BLAa,BLA,65,left,0
4403,4404,3,6349.64,5839.34,2441.380000000001,1.41796875,4403,303,BLAa,BLA,65,left,0
4404,4405,3,6351.34,5839.120000000001,2440.72,0.75,4404,303,BLAa,BLA,65,left,0
4405,4406,3,6352.3,5838.379999999999,2439.1000000000004,0.91796875,4405,303,BLAa,BLA,65,left,0
4406,4407,3,6351.900000000001,5838.0,2436.960000000001,0.5,4406,303,BLAa,BLA,65,left,0
4407,4408,3,6351.660000000001,5836.88,2436.5599999999995,1.58203125,4407,303,BLAa,BLA,65,left,0
4408,4409,3,6353.92,5837.06,2435.98,0.05859375,4408,303,BLAa,BLA,65,left,0
4409,4410,3,6355.34,5836.88,2434.42,0.58203125,4409,303,BLAa,BLA,65,left,0
4410,4411,3,6357.780000000001,5837.039999999999,2433.24,1.41796875,4410,303,BLAa,BLA,65,left,0
4411,4412,3,6358.92,5837.0,2431.92,1.08203125,4411,303,BLAa,BLA,65,left,0
4412,4413,3,6361.0,5836.16,2431.7800000000007,1.0,4412,303,BLAa,BLA,65,left,0
4413,4414,3,6362.759999999999,5834.34,2431.58,0.58203125,4413,303,BLAa,BLA,65,left,0
4414,4415,3,6364.740000000001,5831.54,2432.140000000001,1.08203125,4414,303,BLAa,BLA,65,left,0
4415,4416,3,6366.0,5831.18,2431.2800000000007,1.0,4415,303,BLAa,BLA,65,left,0
4416,4417,3,6366.78,5831.4400000000005,2429.640000000001,0.58203125,4416,303,BLAa,BLA,65,left,0
4417,4418,3,6368.540000000001,5831.1,2428.959999999999,0.75,4417,303,BLAa,BLA,65,left,0
4418,4419,3,6370.54,5831.860000000001,2428.34,0.91796875,4418,303,BLAa,BLA,65,left,0
4419,4420,3,6371.88,5832.52,2427.0,1.0,4419,303,BLAa,BLA,65,left,0
4420,4421,3,6374.26,5832.46,2427.6000000000004,0.0546875,4420,303,BLAa,BLA,65,left,0
4421,4422,3,6376.219999999999,5832.780000000001,2428.66,1.0,4421,303,BLAa,BLA,65,left,0
4422,4423,3,6379.08,5832.820000000001,2429.5,0.91796875,4422,303,BLAa,BLA,65,left,0
4423,4424,3,6382.219999999999,5833.3,2430.0599999999995,0.5,4423,303,BLAa,BLA,65,left,0
4424,4425,3,6384.120000000001,5833.48,2431.16,0.58203125,4424,303,BLAa,BLA,65,left,0
4425,4426,3,6386.4,5834.42,2432.6399999999994,0.75,4425,303,BLAa,BLA,65,left,0
4426,4427,3,6389.02,5835.56,2433.880000000001,1.0,4426,303,BLAa,BLA,65,left,0
4427,4428,3,6391.3,5836.02,2434.9400000000005,1.0,4427,303,BLAa,BLA,65,left,0
4428,4429,3,6393.48,5836.1,2435.34,0.91796875,4428,303,BLAa,BLA,65,left,0
4429,4430,3,6395.320000000001,5836.900000000001,2434.5,0.91796875,4429,303,BLAa,BLA,65,left,0
4430,4431,3,6396.040000000001,5837.039999999999,2433.3600000000006,0.91796875,4430,303,BLAa,BLA,65,left,0
4431,4432,3,6397.92,5836.799999999999,2433.5,1.0,4431,303,BLAa,BLA,65,left,0
4432,4433,3,6399.82,5837.5,2433.74,1.0,4432,303,BLAa,BLA,65,left,0
4433,4434,3,6401.02,5838.04,2433.5599999999995,0.25,4433,303,BLAa,BLA,65,left,0
4434,4435,3,6401.38,5838.26,2432.6399999999994,1.0,4434,303,BLAa,BLA,65,left,1
4435,4436,3,6300.78,5807.9,2549.220000000001,0.02734375,2497,303,BLAa,BLA,66,left,0
4436,4437,3,6300.22,5808.76,2551.3,0.66796875,4436,303,BLAa,BLA,66,left,0
4437,4438,3,6299.58,5808.74,2552.92,0.75,4437,303,BLAa,BLA,66,left,0
4438,4439,3,6298.9800000000005,5809.6,2554.7000000000007,0.91796875,4438,303,BLAa,BLA,66,left,0
4439,4440,3,6298.7,5809.56,2556.900000000001,0.83203125,4439,303,BLAa,BLA,66,left,0
4440,4441,3,6297.72,5808.7,2558.24,0.83203125,4440,303,BLAa,BLA,66,left,0
4441,4442,3,6297.08,5807.4400000000005,2559.26,1.25,4441,303,BLAa,BLA,66,left,0
4442,4443,3,6296.4,5806.88,2562.22,0.91796875,4442,303,BLAa,BLA,66,left,0
4443,4444,3,6295.62,5807.34,2563.5200000000004,0.58203125,4443,303,BLAa,BLA,66,left,0
4444,4445,3,6294.46,5807.36,2565.119999999999,1.0,4444,303,BLAa,BLA,66,left,0
4445,4446,3,6293.62,5807.14,2567.34,0.5,4445,303,BLAa,BLA,66,left,0
4446,4447,3,6293.139999999999,5808.200000000001,2567.720000000001,1.0,4446,303,BLAa,BLA,66,left,0
4447,4448,3,6291.76,5807.6,2568.72,0.0546875,4447,303,BLAa,BLA,66,left,0
4448,4449,3,6290.76,5808.08,2570.08,0.91796875,4448,303,BLAa,BLA,66,left,0
4449,4450,3,6289.32,5808.9400000000005,2571.08,0.91796875,4449,303,BLAa,BLA,66,left,0
4450,4451,3,6287.3,5810.42,2572.16,0.91796875,4450,303,BLAa,BLA,66,left,0
4451,4452,3,6285.879999999999,5811.36,2572.880000000001,0.83203125,4451,303,BLAa,BLA,66,left,0
4452,4453,3,6284.160000000001,5811.74,2573.9,0.91796875,4452,303,BLAa,BLA,66,left,0
4453,4454,3,6283.32,5811.799999999999,2575.040000000001,1.41796875,4453,303,BLAa,BLA,66,left,0
4454,4455,3,6282.64,5813.200000000001,2576.24,1.0,4454,303,BLAa,BLA,66,left,0
4455,4456,3,6281.92,5814.700000000001,2577.5200000000004,1.08203125,4455,303,BLAa,BLA,66,left,0
4456,4457,3,6280.74,5815.38,2578.379999999999,0.91796875,4456,303,BLAa,BLA,66,left,0
4457,4458,3,6279.04,5816.54,2579.8600000000006,0.83203125,4457,303,BLAa,BLA,66,left,0
4458,4459,3,6277.960000000001,5818.46,2580.82,1.25,4458,303,BLAa,BLA,66,left,0
4459,4460,3,6277.66,5819.32,2582.1000000000004,1.25,4459,303,BLAa,BLA,66,left,0
4460,4461,3,6276.42,5821.96,2582.7800000000007,0.03515625,4460,303,BLAa,BLA,66,left,0
4461,4462,3,6275.599999999999,5823.76,2583.4400000000005,0.91796875,4461,303,BLAa,BLA,66,left,0
4462,4463,3,6274.8,5825.460000000001,2583.76,1.58203125,4462,303,BLAa,BLA,66,left,0
4463,4464,3,6273.9,5827.36,2584.34,1.5,4463,303,BLAa,BLA,66,left,0
4464,4465,3,6273.18,5829.0,2585.34,1.91796875,4464,303,BLAa,BLA,66,left,0
4465,4466,3,6272.74,5830.14,2586.900000000001,1.5,4465,303,BLAa,BLA,66,left,0
4466,4467,3,6271.660000000001,5832.4,2587.16,1.0,4466,303,BLAa,BLA,66,left,0
4467,4468,3,6270.4,5835.06,2587.960000000001,0.5,4467,303,BLAa,BLA,66,left,0
4468,4469,3,6270.18,5835.76,2589.48,1.0,4468,303,BLAa,BLA,66,left,1
4469,4470,3,6302.02,5808.42,2545.72,0.16796875,2497,303,BLAa,BLA,67,left,0
4470,4471,3,6304.26,5809.400000000001,2545.84,1.0,4470,303,BLAa,BLA,67,left,0
4471,4472,3,6306.24,5810.259999999999,2545.7000000000007,1.0,4471,303,BLAa,BLA,67,left,0
4472,4473,3,6308.200000000001,5810.82,2544.400000000001,0.75,4472,303,BLAa,BLA,67,left,0
4473,4474,3,6310.5,5810.839999999999,2544.34,0.91796875,4473,303,BLAa,BLA,67,left,0
4474,4475,3,6311.26,5811.08,2542.7000000000007,0.05078125,4474,303,BLAa,BLA,67,left,0
4475,4476,3,6313.64,5812.179999999999,2541.119999999999,1.0,4475,303,BLAa,BLA,67,left,0
4476,4477,3,6315.320000000001,5812.380000000001,2540.1399999999994,1.0,4476,303,BLAa,BLA,67,left,0
4477,4478,3,6317.14,5812.08,2539.74,1.0,4477,303,BLAa,BLA,67,left,0
4478,4479,3,6319.5,5811.5,2539.0599999999995,1.16796875,4478,303,BLAa,BLA,67,left,0
4479,4480,3,6322.759999999999,5810.299999999999,2539.16,1.0,4479,303,BLAa,BLA,67,left,0
4480,4481,3,6324.740000000001,5808.9800000000005,2539.0,1.0,4480,303,BLAa,BLA,67,left,0
4481,4482,3,6327.28,5808.200000000001,2538.540000000001,0.5,4481,303,BLAa,BLA,67,left,0
4482,4483,3,6328.64,5807.32,2537.380000000001,0.5,4482,303,BLAa,BLA,67,left,0
4483,4484,3,6331.24,5807.52,2536.900000000001,0.66796875,4483,303,BLAa,BLA,67,left,0
4484,4485,3,6333.32,5807.039999999999,2536.6399999999994,0.83203125,4484,303,BLAa,BLA,67,left,0
4485,4486,3,6335.4,5805.16,2536.0,1.16796875,4485,303,BLAa,BLA,67,left,0
4486,4487,3,6337.54,5803.379999999999,2534.779999999999,1.08203125,4486,303,BLAa,BLA,67,left,0
4487,4488,3,6339.04,5803.84,2534.5,1.0,4487,303,BLAa,BLA,67,left,0
4488,4489,3,6340.599999999999,5801.620000000001,2533.42,0.0390625,4488,303,BLAa,BLA,67,left,0
4489,4490,3,6343.3,5800.4,2532.960000000001,1.08203125,4489,303,BLAa,BLA,67,left,0
4490,4491,3,6344.9400000000005,5799.299999999999,2532.4400000000005,1.0,4490,303,BLAa,BLA,67,left,0
4491,4492,3,6346.54,5797.7,2532.08,1.0,4491,303,BLAa,BLA,67,left,0
4492,4493,3,6348.339999999999,5795.280000000001,2532.22,1.83203125,4492,303,BLAa,BLA,67,left,0
4493,4494,3,6350.06,5793.9400000000005,2531.540000000001,1.0,4493,303,BLAa,BLA,67,left,0
4494,4495,3,6352.16,5793.32,2531.119999999999,0.58203125,4494,303,BLAa,BLA,67,left,0
4495,4496,3,6355.22,5792.02,2531.4,1.08203125,4495,303,BLAa,BLA,67,left,0
4496,4497,3,6357.36,5791.639999999999,2530.959999999999,1.0,4496,303,BLAa,BLA,67,left,0
4497,4498,3,6359.539999999999,5790.839999999999,2530.1800000000003,1.0,4497,303,BLAa,BLA,67,left,0
4498,4499,3,6361.78,5789.46,2529.5200000000004,1.0,4498,303,BLAa,BLA,67,left,0
4499,4500,3,6363.04,5787.619999999999,2529.0200000000004,1.0,4499,303,BLAa,BLA,67,left,0
4500,4501,3,6363.48,5786.52,2527.9400000000005,1.0,4500,303,BLAa,BLA,67,left,0
4501,4502,3,6365.92,5787.039999999999,2528.1399999999994,0.0546875,4501,303,BLAa,BLA,67,left,0
4502,4503,3,6368.139999999999,5786.54,2528.22,0.66796875,4502,303,BLAa,BLA,67,left,0
4503,4504,3,6369.9800000000005,5785.54,2527.58,0.5,4503,303,BLAa,BLA,67,left,0
4504,4505,3,6372.759999999999,5784.86,2526.900000000001,1.0,4504,303,BLAa,BLA,67,left,0
4505,4506,3,6374.56,5783.84,2526.620000000001,0.83203125,4505,303,BLAa,BLA,67,left,0
4506,4507,3,6377.58,5783.400000000001,2527.0599999999995,1.0,4506,303,BLAa,BLA,67,left,0
4507,4508,3,6379.539999999999,5781.96,2527.3,0.66796875,4507,303,BLAa,BLA,67,left,0
4508,4509,3,6380.92,5781.2,2526.900000000001,1.0,4508,303,BLAa,BLA,67,left,0
4509,4510,3,6384.120000000001,5781.74,2527.279999999999,1.0,4509,303,BLAa,BLA,67,left,0
4510,4511,3,6386.1,5782.36,2527.5599999999995,1.0,4510,303,BLAa,BLA,67,left,0
4511,4512,3,6388.099999999999,5782.16,2527.960000000001,0.83203125,4511,303,BLAa,BLA,67,left,0
4512,4513,3,6390.38,5782.4,2528.3600000000006,1.16796875,4512,303,BLAa,BLA,67,left,0
4513,4514,3,6393.82,5782.0,2528.6399999999994,0.75,4513,303,BLAa,BLA,67,left,0
4514,4515,3,6395.92,5781.38,2528.379999999999,1.33203125,4514,303,BLAa,BLA,67,left,0
4515,4516,3,6398.379999999999,5780.14,2528.9,0.07421875,4515,303,BLAa,BLA,67,left,0
4516,4517,3,6400.320000000001,5778.82,2529.460000000001,0.75,4516,303,BLAa,BLA,67,left,0
4517,4518,3,6402.26,5777.7,2529.98,1.0,4517,303,BLAa,BLA,67,left,0
4518,4519,3,6404.28,5776.599999999999,2530.5200000000004,0.91796875,4518,303,BLAa,BLA,67,left,0
4519,4520,3,6405.98,5774.9400000000005,2531.08,1.08203125,4519,303,BLAa,BLA,67,left,0
4520,4521,3,6407.72,5773.48,2531.620000000001,1.16796875,4520,303,BLAa,BLA,67,left,0
4521,4522,3,6409.740000000001,5772.86,2532.08,1.16796875,4521,303,BLAa,BLA,67,left,0
4522,4523,3,6411.38,5772.1,2532.5,1.0,4522,303,BLAa,BLA,67,left,0
4523,4524,3,6413.16,5770.72,2533.0200000000004,0.5,4523,303,BLAa,BLA,67,left,0
4524,4525,3,6415.08,5770.900000000001,2533.3600000000006,1.0,4524,303,BLAa,BLA,67,left,0
4525,4526,3,6417.0,5769.28,2533.9400000000005,1.0,4525,303,BLAa,BLA,67,left,0
4526,4527,3,6418.400000000001,5767.7,2534.4399999999987,1.0,4526,303,BLAa,BLA,67,left,0
4527,4528,3,6419.66,5765.96,2534.92,1.0,4527,303,BLAa,BLA,67,left,0
4528,4529,3,6420.78,5763.4400000000005,2535.5,0.08203125,4528,303,BLAa,BLA,67,left,0
4529,4530,3,6422.380000000001,5761.82,2536.040000000001,1.0,4529,303,BLAa,BLA,67,left,0
4530,4531,3,6424.56,5761.24,2536.5200000000004,0.91796875,4530,303,BLAa,BLA,67,left,0
4531,4532,3,6426.14,5759.92,2536.8,1.0,4531,303,BLAa,BLA,67,left,0
4532,4533,3,6427.32,5759.740000000001,2536.119999999999,0.91796875,4532,303,BLAa,BLA,67,left,0
4533,4534,3,6429.08,5760.54,2536.1800000000003,1.0,4533,303,BLAa,BLA,67,left,0
4534,4535,3,6430.900000000001,5760.5,2536.1800000000003,1.0,4534,303,BLAa,BLA,67,left,0
4535,4536,3,6432.06,5760.5,2535.08,1.0,4535,303,BLAa,BLA,67,left,0
4536,4537,3,6433.959999999999,5761.4,2533.959999999999,1.08203125,4536,303,BLAa,BLA,67,left,0
4537,4538,3,6436.2,5761.0,2533.5,0.91796875,4537,303,BLAa,BLA,67,left,0
4538,4539,3,6438.22,5760.42,2533.120000000001,0.75,4538,303,BLAa,BLA,67,left,0
4539,4540,3,6440.5,5758.88,2533.08,0.58203125,4539,303,BLAa,BLA,67,left,0
4540,4541,3,6442.14,5757.200000000001,2532.459999999999,0.5,4540,303,BLAa,BLA,67,left,0
4541,4542,3,6444.96,5756.54,2530.76,1.0,4541,303,BLAa,BLA,67,left,0
4542,4543,3,6446.0,5755.44,2529.2800000000007,0.75,4542,303,BLAa,BLA,67,left,0
4543,4544,3,6448.339999999999,5756.2,2527.74,1.0,4543,303,BLAa,BLA,67,left,0
4544,4545,3,6450.259999999999,5756.38,2526.699999999999,1.0,4544,303,BLAa,BLA,67,left,0
4545,4546,3,6451.900000000001,5755.24,2524.220000000001,1.0,4545,303,BLAa,BLA,67,left,0
4546,4547,3,6452.72,5754.28,2523.0,0.66796875,4546,303,BLAa,BLA,67,left,0
4547,4548,3,6454.42,5754.52,2521.9399999999987,0.91796875,4547,303,BLAa,BLA,67,left,0
4548,4549,3,6454.9400000000005,5753.92,2520.74,1.0,4548,303,BLAa,BLA,67,left,0
4549,4550,3,6456.72,5754.44,2520.26,0.08203125,4549,303,BLAa,BLA,67,left,0
4550,4551,3,6458.200000000001,5754.08,2518.82,0.83203125,4550,303,BLAa,BLA,67,left,0
4551,4552,3,6458.780000000001,5753.719999999999,2516.720000000001,0.5,4551,303,BLAa,BLA,67,left,0
4552,4553,3,6459.96,5752.26,2516.459999999999,0.83203125,4552,303,BLAa,BLA,67,left,0
4553,4554,3,6461.459999999999,5752.4400000000005,2516.699999999999,1.0,4553,303,BLAa,BLA,67,left,1
4554,4555,3,6297.16,5830.08,2476.24,0.11328125,2634,303,BLAa,BLA,68,left,0
4555,4556,3,6298.540000000001,5832.0,2476.16,0.66796875,4555,303,BLAa,BLA,68,left,0
4556,4557,3,6298.6,5834.02,2475.16,1.16796875,4556,303,BLAa,BLA,68,left,0
4557,4558,3,6299.740000000001,5836.3,2474.5,0.5,4557,303,BLAa,BLA,68,left,0
4558,4559,3,6300.22,5838.76,2473.039999999999,0.5,4558,303,BLAa,BLA,68,left,0
4559,4560,3,6300.879999999999,5840.36,2471.66,0.91796875,4559,303,BLAa,BLA,68,left,0
4560,4561,3,6301.12,5841.5,2469.58,0.91796875,4560,303,BLAa,BLA,68,left,0
4561,4562,3,6301.799999999999,5842.74,2468.92,1.0,4561,303,BLAa,BLA,68,left,0
4562,4563,3,6302.7,5844.32,2467.7000000000007,1.16796875,4562,303,BLAa,BLA,68,left,0
4563,4564,3,6302.58,5845.18,2465.5999999999985,1.0,4563,303,BLAa,BLA,68,left,0
4564,4565,3,6303.0,5846.74,2465.1000000000004,0.11328125,4564,303,BLAa,BLA,68,left,0
4565,4566,3,6304.66,5847.92,2464.72,0.91796875,4565,303,BLAa,BLA,68,left,0
4566,4567,3,6304.62,5849.679999999999,2463.7800000000007,0.91796875,4566,303,BLAa,BLA,68,left,0
4567,4568,3,6304.96,5852.759999999999,2462.4,0.91796875,4567,303,BLAa,BLA,68,left,0
4568,4569,3,6305.700000000001,5854.84,2461.119999999999,0.58203125,4568,303,BLAa,BLA,68,left,0
4569,4570,3,6307.1,5856.4400000000005,2460.76,0.91796875,4569,303,BLAa,BLA,68,left,0
4570,4571,3,6308.08,5857.64,2460.779999999999,0.5,4570,303,BLAa,BLA,68,left,0
4571,4572,3,6307.960000000001,5860.8,2458.74,0.91796875,4571,303,BLAa,BLA,68,left,0
4572,4573,3,6308.22,5862.56,2457.380000000001,0.83203125,4572,303,BLAa,BLA,68,left,0
4573,4574,3,6307.72,5863.88,2455.82,1.33203125,4573,303,BLAa,BLA,68,left,0
4574,4575,3,6306.799999999999,5865.56,2452.6800000000003,1.0,4574,303,BLAa,BLA,68,left,0
4575,4576,3,6306.5,5867.36,2450.5999999999985,0.75,4575,303,BLAa,BLA,68,left,0
4576,4577,3,6306.34,5868.58,2446.960000000001,1.16796875,4576,303,BLAa,BLA,68,left,0
4577,4578,3,6306.18,5868.58,2443.92,1.0,4577,303,BLAa,BLA,68,left,0
4578,4579,3,6306.280000000001,5868.66,2442.08,1.0,4578,303,BLAa,BLA,68,left,0
4579,4580,3,6307.16,5869.08,2441.5599999999995,1.0,4579,303,BLAa,BLA,68,left,0
4580,4581,3,6308.9400000000005,5870.02,2439.4399999999987,0.01953125,4580,303,BLAa,BLA,68,left,0
4581,4582,3,6308.76,5870.9400000000005,2437.2000000000007,0.58203125,4581,303,BLAa,BLA,68,left,0
4582,4583,3,6308.18,5871.84,2434.16,1.16796875,4582,303,BLAa,BLA,68,left,0
4583,4584,3,6307.7,5872.66,2432.2000000000007,1.0,4583,303,BLAa,BLA,68,left,0
4584,4585,3,6307.1,5873.7,2429.779999999999,1.0,4584,303,BLAa,BLA,68,left,0
4585,4586,3,6307.12,5873.92,2427.880000000001,1.0,4585,303,BLAa,BLA,68,left,0
4586,4587,3,6307.34,5875.4,2426.960000000001,0.91796875,4586,303,BLAa,BLA,68,left,0
4587,4588,3,6306.56,5877.32,2426.3600000000006,1.0,4587,303,BLAa,BLA,68,left,0
4588,4589,3,6305.36,5879.66,2424.58,0.91796875,4588,303,BLAa,BLA,68,left,0
4589,4590,3,6304.160000000001,5882.36,2422.5599999999995,0.5,4589,303,BLAa,BLA,68,left,0
4590,4591,3,6304.28,5883.9400000000005,2420.58,1.08203125,4590,303,BLAa,BLA,68,left,0
4591,4592,3,6305.879999999999,5885.66,2418.120000000001,0.5,4591,303,BLAa,BLA,68,left,0
4592,4593,3,6307.86,5886.799999999999,2417.459999999999,0.75,4592,303,BLAa,BLA,68,left,0
4593,4594,3,6308.139999999999,5888.099999999999,2415.98,1.0,4593,303,BLAa,BLA,68,left,0
4594,4595,3,6308.02,5890.119999999999,2414.2800000000007,1.5,4594,303,BLAa,BLA,68,left,0
4595,4596,3,6307.4400000000005,5891.76,2413.5,1.0,4595,303,BLAa,BLA,68,left,0
4596,4597,3,6308.400000000001,5892.960000000001,2413.34,0.91796875,4596,303,BLAa,BLA,68,left,0
4597,4598,3,6309.64,5893.92,2411.879999999999,0.5,4597,303,BLAa,BLA,68,left,0
4598,4599,3,6309.6,5894.92,2409.4399999999987,0.91796875,4598,303,BLAa,BLA,68,left,0
4599,4600,3,6309.86,5895.280000000001,2406.58,0.05078125,4599,303,BLAa,BLA,68,left,0
4600,4601,3,6311.1,5895.900000000001,2404.539999999999,1.0,4600,884,amc,amc,68,left,0
4601,4602,3,6311.4400000000005,5896.14,2401.5,1.0,4601,884,amc,amc,68,left,0
4602,4603,3,6311.06,5896.860000000001,2398.379999999999,0.58203125,4602,884,amc,amc,68,left,0
4603,4604,3,6311.26,5897.86,2396.699999999999,1.0,4603,884,amc,amc,68,left,0
4604,4605,3,6310.8,5899.740000000001,2394.1800000000003,1.0,4604,884,amc,amc,68,left,0
4605,4606,3,6309.76,5902.4400000000005,2391.34,0.5,4605,884,amc,amc,68,left,0
4606,4607,3,6309.6,5904.46,2390.2000000000007,0.5,4606,884,amc,amc,68,left,0
4607,4608,3,6309.44,5907.34,2389.08,0.83203125,4607,884,amc,amc,68,left,0
4608,4609,3,6310.18,5908.76,2388.8,0.91796875,4608,884,amc,amc,68,left,0
4609,4610,3,6309.539999999999,5910.5,2387.540000000001,1.0,4609,884,amc,amc,68,left,0
4610,4611,3,6308.68,5912.92,2386.16,0.66796875,4610,884,amc,amc,68,left,0
4611,4612,3,6309.160000000001,5913.58,2384.779999999999,1.0,4611,884,amc,amc,68,left,0
4612,4613,3,6295.92,5830.18,2476.0,0.16796875,2634,303,BLAa,BLA,69,left,0
4613,4614,3,6294.8,5832.36,2474.72,1.41796875,4613,303,BLAa,BLA,69,left,0
4614,4615,3,6293.9800000000005,5833.82,2473.1399999999994,1.25,4614,303,BLAa,BLA,69,left,0
4615,4616,3,6292.98,5835.66,2471.48,1.41796875,4615,303,BLAa,BLA,69,left,0
4616,4617,3,6292.4800000000005,5836.36,2469.120000000001,0.58203125,4616,303,BLAa,BLA,69,left,0
4617,4618,3,6291.24,5837.9,2466.76,0.66796875,4617,303,BLAa,BLA,69,left,0
4618,4619,3,6289.9,5838.86,2465.72,0.58203125,4618,303,BLAa,BLA,69,left,0
4619,4620,3,6289.360000000001,5839.32,2463.880000000001,1.0,4619,303,BLAa,BLA,69,left,0
4620,4621,3,6290.22,5839.719999999999,2463.0200000000004,0.16796875,4620,303,BLAa,BLA,69,left,0
4621,4622,3,6289.84,5840.639999999999,2460.74,1.0,4621,303,BLAa,BLA,69,left,0
4622,4623,3,6289.02,5842.08,2458.8600000000006,0.75,4622,303,BLAa,BLA,69,left,0
4623,4624,3,6288.200000000001,5843.46,2456.6399999999994,1.0,4623,303,BLAa,BLA,69,left,0
4624,4625,3,6287.68,5844.299999999999,2454.76,1.16796875,4624,303,BLAa,BLA,69,left,0
4625,4626,3,6287.240000000001,5844.76,2451.5200000000004,1.0,4625,303,BLAa,BLA,69,left,0
4626,4627,3,6287.0,5844.84,2448.5599999999995,1.16796875,4626,303,BLAa,BLA,69,left,0
4627,4628,3,6286.54,5845.54,2446.7800000000007,1.08203125,4627,303,BLAa,BLA,69,left,0
4628,4629,3,6286.92,5847.0,2444.58,0.91796875,4628,303,BLAa,BLA,69,left,0
4629,4630,3,6287.3,5848.64,2443.26,0.58203125,4629,303,BLAa,BLA,69,left,0
4630,4631,3,6286.459999999999,5850.52,2440.959999999999,1.0,4630,303,BLAa,BLA,69,left,0
4631,4632,3,6285.320000000001,5852.58,2438.379999999999,1.0,4631,303,BLAa,BLA,69,left,0
4632,4633,3,6284.38,5854.28,2436.3600000000006,1.0,4632,303,BLAa,BLA,69,left,0
4633,4634,3,6283.16,5856.58,2434.5200000000004,0.5,4633,303,BLAa,BLA,69,left,0
4634,4635,3,6282.4,5857.9,2432.58,0.5,4634,303,BLAa,BLA,69,left,0
4635,4636,3,6281.76,5858.92,2430.1399999999994,0.66796875,4635,303,BLAa,BLA,69,left,0
4636,4637,3,6281.4,5859.34,2427.34,0.83203125,4636,303,BLAa,BLA,69,left,0
4637,4638,3,6281.84,5860.1,2425.460000000001,0.75,4637,303,BLAa,BLA,69,left,0
4638,4639,3,6283.099999999999,5861.54,2424.5599999999995,0.58203125,4638,303,BLAa,BLA,69,left,0
4639,4640,3,6282.54,5862.68,2423.5599999999995,0.09765625,4639,303,BLAa,BLA,69,left,0
4640,4641,3,6283.58,5863.4400000000005,2422.5200000000004,0.75,4640,303,BLAa,BLA,69,left,0
4641,4642,3,6284.400000000001,5863.84,2420.380000000001,1.33203125,4641,303,BLAa,BLA,69,left,0
4642,4643,3,6285.119999999999,5864.2,2418.72,0.75,4642,303,BLAa,BLA,69,left,0
4643,4644,3,6285.16,5864.28,2416.0599999999995,1.08203125,4643,303,BLAa,BLA,69,left,0
4644,4645,3,6285.16,5864.48,2413.039999999999,1.0,4644,303,BLAa,BLA,69,left,0
4645,4646,3,6285.52,5865.56,2410.82,0.5,4645,303,BLAa,BLA,69,left,0
4646,4647,3,6286.24,5866.42,2408.6399999999994,1.0,4646,303,BLAa,BLA,69,left,0
4647,4648,3,6285.839999999999,5867.5,2406.699999999999,1.91796875,4647,303,BLAa,BLA,69,left,0
4648,4649,3,6284.9,5869.24,2404.619999999999,1.41796875,4648,884,amc,amc,69,left,0
4649,4650,3,6283.62,5871.7,2403.0999999999985,1.0,4649,884,amc,amc,69,left,0
4650,4651,3,6283.780000000001,5870.22,2403.22,0.16796875,4650,884,amc,amc,69,left,0
4651,4652,3,6282.619999999999,5869.42,2402.380000000001,0.66796875,4651,884,amc,amc,69,left,0
4652,4653,3,6280.460000000001,5868.4400000000005,2401.48,0.75,4652,884,amc,amc,69,left,0
4653,4654,3,6278.8,5867.52,2400.3599999999988,0.75,4653,884,amc,amc,69,left,0
4654,4655,3,6277.56,5866.040000000001,2399.640000000001,1.0,4654,884,amc,amc,69,left,0
4655,4656,3,6275.1,5864.42,2398.279999999999,0.83203125,4655,884,amc,amc,69,left,0
4656,4657,3,6274.84,5863.42,2396.92,0.83203125,4656,884,amc,amc,69,left,0
4657,4658,3,6274.299999999999,5862.34,2394.48,1.5,4657,884,amc,amc,69,left,0
4658,4659,3,6274.740000000001,5860.76,2391.92,1.16796875,4658,884,amc,amc,69,left,0
4659,4660,3,6275.9400000000005,5859.880000000001,2390.5999999999985,1.41796875,4659,884,amc,amc,69,left,0
4660,4661,3,6276.42,5859.28,2387.6399999999994,1.0,4660,884,amc,amc,69,left,0
4661,4662,3,6276.3,5859.26,2385.220000000001,0.83203125,4661,884,amc,amc,69,left,0
4662,4663,3,6276.599999999999,5859.78,2383.5,0.83203125,4662,884,amc,amc,69,left,0
4663,4664,3,6276.7,5861.860000000001,2382.1800000000003,0.5,4663,884,amc,amc,69,left,0
4664,4665,3,6276.459999999999,5863.959999999999,2379.48,1.0,4664,884,amc,amc,69,left,0
4665,4666,3,6278.12,5865.14,2379.24,0.08203125,4665,884,amc,amc,69,left,0
4666,4667,3,6278.62,5867.4800000000005,2378.98,1.0,4666,884,amc,amc,69,left,0
4667,4668,3,6278.5,5870.08,2378.619999999999,1.0,4667,884,amc,amc,69,left,0
4668,4669,3,6277.6,5872.9,2378.08,1.0,4668,884,amc,amc,69,left,0
4669,4670,3,6276.860000000001,5874.360000000001,2377.42,0.75,4669,884,amc,amc,69,left,0
4670,4671,3,6275.78,5876.459999999999,2376.1000000000004,0.91796875,4670,884,amc,amc,69,left,0
4671,4672,3,6274.84,5879.360000000001,2375.460000000001,0.58203125,4671,966,EPv,EP,69,left,0
4672,4673,3,6274.8,5881.0,2375.24,1.75,4672,966,EPv,EP,69,left,1
4673,4674,3,6347.56,5785.639999999999,2504.98,0.0546875,2715,303,BLAa,BLA,70,left,0
4674,4675,3,6349.76,5785.14,2505.16,1.0,4674,303,BLAa,BLA,70,left,0
4675,4676,3,6354.46,5783.02,2506.3600000000006,1.0,4675,303,BLAa,BLA,70,left,0
4676,4677,3,6357.64,5781.5,2507.1800000000003,1.0,4676,303,BLAa,BLA,70,left,0
4677,4678,3,6359.48,5781.02,2508.0,0.91796875,4677,303,BLAa,BLA,70,left,0
4678,4679,3,6361.74,5781.74,2509.66,0.58203125,4678,303,BLAa,BLA,70,left,0
4679,4680,3,6364.099999999999,5782.179999999999,2510.92,1.08203125,4679,303,BLAa,BLA,70,left,0
4680,4681,3,6365.18,5781.78,2511.879999999999,1.0,4680,303,BLAa,BLA,70,left,0
4681,4682,3,6367.72,5782.759999999999,2512.6800000000003,1.0,4681,303,BLAa,BLA,70,left,0
4682,4683,3,6369.78,5783.68,2512.9400000000005,1.0,4682,303,BLAa,BLA,70,left,0
4683,4684,3,6371.06,5784.92,2513.0,1.08203125,4683,303,BLAa,BLA,70,left,0
4684,4685,3,6372.14,5786.78,2512.9400000000005,0.5,4684,303,BLAa,BLA,70,left,0
4685,4686,3,6373.06,5789.02,2512.7800000000007,1.08203125,4685,303,BLAa,BLA,70,left,0
4686,4687,3,6373.86,5790.06,2513.34,1.0,4686,303,BLAa,BLA,70,left,0
4687,4688,3,6375.48,5791.06,2514.74,0.5,4687,303,BLAa,BLA,70,left,0
4688,4689,3,6376.38,5792.4,2515.4,0.66796875,4688,303,BLAa,BLA,70,left,0
4689,4690,3,6377.54,5794.08,2515.4,0.0546875,4689,303,BLAa,BLA,70,left,0
4690,4691,3,6379.34,5795.460000000001,2515.5600000000013,1.0,4690,303,BLAa,BLA,70,left,0
4691,4692,3,6381.58,5796.18,2515.76,0.5,4691,303,BLAa,BLA,70,left,0
4692,4693,3,6383.7,5796.040000000001,2515.42,0.5,4692,303,BLAa,BLA,70,left,0
4693,4694,3,6386.1,5795.74,2515.5200000000004,0.5,4693,303,BLAa,BLA,70,left,0
4694,4695,3,6389.099999999999,5796.82,2515.84,0.91796875,4694,303,BLAa,BLA,70,left,0
4695,4696,3,6391.1,5797.759999999999,2515.380000000001,1.0,4695,303,BLAa,BLA,70,left,0
4696,4697,3,6393.76,5798.959999999999,2515.2000000000007,1.0,4696,303,BLAa,BLA,70,left,0
4697,4698,3,6395.900000000001,5799.740000000001,2514.959999999999,0.5,4697,303,BLAa,BLA,70,left,0
4698,4699,3,6396.88,5799.299999999999,2513.959999999999,1.16796875,4698,303,BLAa,BLA,70,left,0
4699,4700,3,6399.56,5800.16,2513.5599999999995,1.25,4699,303,BLAa,BLA,70,left,0
4700,4701,3,6402.72,5801.56,2513.959999999999,1.0,4700,303,BLAa,BLA,70,left,0
4701,4702,3,6404.84,5802.5,2514.199999999999,1.0,4701,303,BLAa,BLA,70,left,0
4702,4703,3,6407.84,5803.86,2514.34,0.02734375,4702,303,BLAa,BLA,70,left,0
4703,4704,3,6409.96,5804.86,2513.5599999999995,1.0,4703,303,BLAa,BLA,70,left,0
4704,4705,3,6411.78,5805.72,2512.98,1.0,4704,303,BLAa,BLA,70,left,0
4705,4706,3,6413.780000000001,5806.68,2511.9399999999987,1.0,4705,303,BLAa,BLA,70,left,0
4706,4707,3,6415.44,5807.68,2510.6800000000003,0.75,4706,303,BLAa,BLA,70,left,0
4707,4708,3,6416.78,5809.24,2510.2000000000007,0.83203125,4707,303,BLAa,BLA,70,left,0
4708,4709,3,6418.3,5810.38,2509.34,0.91796875,4708,303,BLAa,BLA,70,left,0
4709,4710,3,6419.9,5811.12,2509.16,0.91796875,4709,303,BLAa,BLA,70,left,0
4710,4711,3,6421.4800000000005,5811.860000000001,2508.4400000000005,0.91796875,4710,303,BLAa,BLA,70,left,0
4711,4712,3,6423.08,5812.6,2508.26,0.75,4711,303,BLAa,BLA,70,left,0
4712,4713,3,6424.66,5813.360000000001,2507.5200000000004,0.91796875,4712,303,BLAa,BLA,70,left,0
4713,4714,3,6426.36,5814.880000000001,2507.140000000001,1.0,4713,303,BLAa,BLA,70,left,0
4714,4715,3,6427.46,5816.32,2506.34,0.91796875,4714,303,BLAa,BLA,70,left,0
4715,4716,3,6429.46,5818.68,2506.2000000000007,1.0,4715,303,BLAa,BLA,70,left,0
4716,4717,3,6431.0,5820.42,2506.08,1.0,4716,303,BLAa,BLA,70,left,0
4717,4718,3,6432.56,5821.58,2505.220000000001,0.91796875,4717,303,BLAa,BLA,70,left,0
4718,4719,3,6435.06,5822.74,2504.58,1.0,4718,303,BLAa,BLA,70,left,0
4719,4720,3,6436.620000000001,5823.52,2503.379999999999,1.0,4719,303,BLAa,BLA,70,left,0
4720,4721,3,6438.42,5824.740000000001,2503.1399999999994,0.11328125,4720,303,BLAa,BLA,70,left,0
4721,4722,3,6439.539999999999,5826.2,2502.540000000001,0.91796875,4721,303,BLAa,BLA,70,left,0
4722,4723,3,6441.7,5827.6,2501.98,1.0,4722,303,BLAa,BLA,70,left,0
4723,4724,3,6442.820000000001,5829.22,2501.3,0.58203125,4723,303,BLAa,BLA,70,left,0
4724,4725,3,6444.42,5831.36,2500.380000000001,0.5,4724,303,BLAa,BLA,70,left,0
4725,4726,3,6445.58,5832.9,2499.460000000001,1.0,4725,303,BLAa,BLA,70,left,0
4726,4727,3,6446.660000000001,5834.22,2499.24,0.66796875,4726,303,BLAa,BLA,70,left,0
4727,4728,3,6449.02,5835.42,2498.379999999999,1.0,4727,303,BLAa,BLA,70,left,0
4728,4729,3,6450.879999999999,5836.3,2497.7800000000007,1.0,4728,303,BLAa,BLA,70,left,0
4729,4730,3,6452.92,5837.28,2496.720000000001,1.0,4729,303,BLAa,BLA,70,left,0
4730,4731,3,6454.62,5838.12,2495.4,0.75,4730,303,BLAa,BLA,70,left,0
4731,4732,3,6456.72,5839.22,2494.379999999999,0.58203125,4731,303,BLAa,BLA,70,left,0
4732,4733,3,6457.759999999999,5840.460000000001,2493.84,1.16796875,4732,303,BLAa,BLA,70,left,0
4733,4734,3,6459.06,5841.799999999999,2492.58,0.91796875,4733,303,BLAa,BLA,70,left,0
4734,4735,3,6461.219999999999,5843.06,2491.34,0.5,4734,303,BLAa,BLA,70,left,0
4735,4736,3,6461.96,5844.400000000001,2489.84,0.5,4735,303,BLAa,BLA,70,left,0
4736,4737,3,6464.62,5846.900000000001,2489.08,0.5,4736,303,BLAa,BLA,70,left,0
4737,4738,3,6465.98,5848.82,2488.2000000000007,1.41796875,4737,303,BLAa,BLA,70,left,0
4738,4739,3,6468.0,5850.68,2486.58,1.0,4738,303,BLAa,BLA,70,left,0
4739,4740,3,6469.46,5851.82,2485.6399999999994,0.5,4739,303,BLAa,BLA,70,left,0
4740,4741,3,6469.9,5854.22,2485.16,1.41796875,4740,303,BLAa,BLA,70,left,0
4741,4742,3,6469.58,5856.68,2484.74,1.25,4741,303,BLAa,BLA,70,left,0
4742,4743,3,6470.74,5858.04,2484.72,1.16796875,4742,303,BLAa,BLA,70,left,0
4743,4744,3,6470.9400000000005,5860.74,2484.3600000000006,0.06640625,4743,303,BLAa,BLA,70,left,0
4744,4745,3,6470.2,5863.18,2483.8600000000006,1.5,4744,303,BLAa,BLA,70,left,0
4745,4746,3,6469.96,5865.0,2483.66,0.83203125,4745,303,BLAa,BLA,70,left,0
4746,4747,3,6471.08,5865.700000000001,2484.5,0.5,4746,303,BLAa,BLA,70,left,0
4747,4748,3,6474.120000000001,5867.4400000000005,2485.16,0.75,4747,303,BLAa,BLA,70,left,0
4748,4749,3,6475.78,5869.099999999999,2485.1800000000003,0.91796875,4748,303,BLAa,BLA,70,left,0
4749,4750,3,6477.56,5870.14,2484.1800000000003,1.0,4749,303,BLAa,BLA,70,left,0
4750,4751,3,6478.02,5870.460000000001,2482.22,0.83203125,4750,303,BLAa,BLA,70,left,0
4751,4752,3,6479.880000000001,5871.36,2480.92,1.0,4751,303,BLAa,BLA,70,left,0
4752,4753,3,6481.7,5872.26,2479.66,0.58203125,4752,303,BLAa,BLA,70,left,0
4753,4754,3,6483.46,5873.58,2479.26,0.83203125,4753,303,BLAa,BLA,70,left,0
4754,4755,3,6483.32,5875.56,2477.66,0.66796875,4754,303,BLAa,BLA,70,left,0
4755,4756,3,6481.860000000001,5879.08,2474.5599999999995,0.83203125,4755,303,BLAa,BLA,70,left,0
4756,4757,3,6481.92,5880.639999999999,2473.120000000001,0.66796875,4756,303,BLAa,BLA,70,left,0
4757,4758,3,6481.58,5882.619999999999,2471.8600000000006,0.5,4757,303,BLAa,BLA,70,left,0
4758,4759,3,6481.4800000000005,5883.200000000001,2469.76,1.16796875,4758,303,BLAa,BLA,70,left,0
4759,4760,3,6482.0,5884.24,2468.540000000001,0.91796875,4759,303,BLAa,BLA,70,left,0
4760,4761,3,6482.16,5886.08,2468.279999999999,0.66796875,4760,303,BLAa,BLA,70,left,0
4761,4762,3,6483.7,5887.28,2468.22,0.91796875,4761,303,BLAa,BLA,70,left,0
4762,4763,3,6484.679999999999,5887.799999999999,2466.720000000001,0.91796875,4762,303,BLAa,BLA,70,left,0
4763,4764,3,6484.539999999999,5888.379999999999,2464.9,0.83203125,4763,303,BLAa,BLA,70,left,0
4764,4765,3,6484.9800000000005,5889.44,2464.379999999999,1.0,4764,303,BLAa,BLA,70,left,0
4765,4766,3,6486.52,5891.26,2464.3600000000006,0.08203125,4765,303,BLAa,BLA,70,left,0
4766,4767,3,6488.58,5893.22,2464.379999999999,0.83203125,4766,303,BLAa,BLA,70,left,0
4767,4768,3,6489.2,5895.02,2463.84,0.5,4767,303,BLAa,BLA,70,left,0
4768,4769,3,6488.88,5896.620000000001,2461.98,1.5,4768,303,BLAa,BLA,70,left,1
4769,4770,3,6347.4,5788.22,2507.92,0.02734375,2715,303,BLAa,BLA,71,left,0
4770,4771,3,6347.4,5790.299999999999,2510.5600000000013,1.0,4770,303,BLAa,BLA,71,left,0
4771,4772,3,6347.380000000001,5792.240000000001,2511.98,0.91796875,4771,303,BLAa,BLA,71,left,0
4772,4773,3,6347.799999999999,5793.719999999999,2513.540000000001,1.0,4772,303,BLAa,BLA,71,left,0
4773,4774,3,6347.799999999999,5794.58,2515.16,0.66796875,4773,303,BLAa,BLA,71,left,0
4774,4775,3,6348.64,5795.320000000001,2516.1000000000004,1.0,4774,303,BLAa,BLA,71,left,0
4775,4776,3,6348.22,5797.32,2517.74,0.0546875,4775,303,BLAa,BLA,71,left,0
4776,4777,3,6348.26,5799.299999999999,2519.640000000001,1.0,4776,303,BLAa,BLA,71,left,0
4777,4778,3,6348.58,5801.1,2520.3,1.0,4777,303,BLAa,BLA,71,left,0
4778,4779,3,6349.46,5802.42,2520.2800000000007,0.58203125,4778,303,BLAa,BLA,71,left,0
4779,4780,3,6350.14,5803.68,2521.7800000000007,0.83203125,4779,303,BLAa,BLA,71,left,0
4780,4781,3,6350.54,5804.78,2523.42,0.5,4780,303,BLAa,BLA,71,left,0
4781,4782,3,6351.860000000001,5806.4400000000005,2523.959999999999,1.0,4781,303,BLAa,BLA,71,left,0
4782,4783,3,6353.24,5808.0,2524.76,0.75,4782,303,BLAa,BLA,71,left,0
4783,4784,3,6353.540000000001,5809.0,2525.92,0.5,4783,303,BLAa,BLA,71,left,0
4784,4785,3,6354.92,5810.16,2527.3,0.91796875,4784,303,BLAa,BLA,71,left,0
4785,4786,3,6355.5,5811.280000000001,2528.540000000001,0.5,4785,303,BLAa,BLA,71,left,0
4786,4787,3,6357.46,5812.3,2529.66,1.0,4786,303,BLAa,BLA,71,left,0
4787,4788,3,6357.88,5813.08,2531.34,1.58203125,4787,303,BLAa,BLA,71,left,0
4788,4789,3,6357.179999999999,5814.64,2531.4,1.41796875,4788,303,BLAa,BLA,71,left,0
4789,4790,3,6358.7,5815.74,2531.8600000000006,0.16015625,4789,303,BLAa,BLA,71,left,0
4790,4791,3,6360.34,5816.459999999999,2533.0,1.0,4790,303,BLAa,BLA,71,left,0
4791,4792,3,6362.380000000001,5816.54,2534.5,0.5,4791,303,BLAa,BLA,71,left,0
4792,4793,3,6364.46,5815.56,2535.1800000000003,0.91796875,4792,303,BLAa,BLA,71,left,0
4793,4794,3,6367.240000000001,5815.44,2535.72,1.5,4793,303,BLAa,BLA,71,left,0
4794,4795,3,6369.08,5814.719999999999,2536.16,0.58203125,4794,303,BLAa,BLA,71,left,0
4795,4796,3,6371.040000000001,5814.9800000000005,2536.0,1.0,4795,303,BLAa,BLA,71,left,0
4796,4797,3,6372.4,5815.62,2535.32,1.0,4796,303,BLAa,BLA,71,left,0
4797,4798,3,6374.740000000001,5816.639999999999,2534.5200000000004,1.0,4797,303,BLAa,BLA,71,left,0
4798,4799,3,6376.92,5816.74,2534.82,1.08203125,4798,303,BLAa,BLA,71,left,0
4799,4800,3,6379.24,5817.02,2534.48,0.91796875,4799,303,BLAa,BLA,71,left,0
4800,4801,3,6380.68,5816.78,2533.7000000000007,0.91796875,4800,303,BLAa,BLA,71,left,0
4801,4802,3,6382.92,5816.58,2533.120000000001,0.91796875,4801,303,BLAa,BLA,71,left,0
4802,4803,3,6383.88,5816.4,2532.34,1.0,4802,303,BLAa,BLA,71,left,0
4803,4804,3,6385.16,5814.78,2531.6800000000003,0.91796875,4803,303,BLAa,BLA,71,left,0
4804,4805,3,6386.4800000000005,5811.88,2531.74,1.0,4804,303,BLAa,BLA,71,left,0
4805,4806,3,6387.36,5809.9400000000005,2531.48,1.0,4805,303,BLAa,BLA,71,left,0
4806,4807,3,6389.06,5809.48,2531.8,0.0546875,4806,303,BLAa,BLA,71,left,0
4807,4808,3,6391.98,5809.46,2532.34,1.0,4807,303,BLAa,BLA,71,left,0
4808,4809,3,6394.5,5809.9,2532.6399999999994,0.5,4808,303,BLAa,BLA,71,left,0
4809,4810,3,6395.700000000001,5808.9400000000005,2532.24,0.83203125,4809,303,BLAa,BLA,71,left,0
4810,4811,3,6397.4,5807.74,2531.76,1.0,4810,303,BLAa,BLA,71,left,0
4811,4812,3,6400.0,5807.6,2531.4,0.5,4811,303,BLAa,BLA,71,left,0
4812,4813,3,6401.82,5807.42,2530.98,1.41796875,4812,303,BLAa,BLA,71,left,0
4813,4814,3,6403.7,5807.200000000001,2530.539999999999,1.0,4813,303,BLAa,BLA,71,left,0
4814,4815,3,6405.36,5807.4400000000005,2530.119999999999,0.5,4814,303,BLAa,BLA,71,left,0
4815,4816,3,6407.200000000001,5806.34,2530.539999999999,0.75,4815,303,BLAa,BLA,71,left,0
4816,4817,3,6409.04,5806.38,2529.84,0.75,4816,303,BLAa,BLA,71,left,0
4817,4818,3,6410.18,5805.8,2528.4400000000005,1.0,4817,303,BLAa,BLA,71,left,0
4818,4819,3,6412.14,5803.9800000000005,2528.0,1.0,4818,303,BLAa,BLA,71,left,0
4819,4820,3,6413.9400000000005,5803.719999999999,2528.3600000000006,1.08203125,4819,303,BLAa,BLA,71,left,0
4820,4821,3,6416.040000000001,5802.820000000001,2528.880000000001,0.58203125,4820,303,BLAa,BLA,71,left,0
4821,4822,3,6418.02,5802.0,2529.1800000000003,0.75,4821,303,BLAa,BLA,71,left,0
4822,4823,3,6419.44,5801.860000000001,2528.6000000000004,0.5,4822,303,BLAa,BLA,71,left,0
4823,4824,3,6420.9400000000005,5800.78,2527.8599999999988,0.83203125,4823,303,BLAa,BLA,71,left,0
4824,4825,3,6424.08,5799.78,2527.4,1.0,4824,303,BLAa,BLA,71,left,0
4825,4826,3,6425.96,5799.360000000001,2526.4,0.5,4825,303,BLAa,BLA,71,left,0
4826,4827,3,6427.4,5799.38,2525.620000000001,1.25,4826,303,BLAa,BLA,71,left,0
4827,4828,3,6428.32,5797.780000000001,2525.5200000000004,1.0,4827,303,BLAa,BLA,71,left,0
4828,4829,3,6431.4400000000005,5798.099999999999,2526.040000000001,0.03515625,4828,303,BLAa,BLA,71,left,0
4829,4830,3,6433.56,5797.4800000000005,2526.5200000000004,1.0,4829,303,BLAa,BLA,71,left,0
4830,4831,3,6435.72,5797.52,2526.900000000001,1.0,4830,303,BLAa,BLA,71,left,0
4831,4832,3,6437.92,5798.08,2527.22,1.0,4831,303,BLAa,BLA,71,left,0
4832,4833,3,6440.58,5797.74,2527.720000000001,1.0,4832,303,BLAa,BLA,71,left,0
4833,4834,3,6442.4800000000005,5797.58,2527.540000000001,0.75,4833,303,BLAa,BLA,71,left,0
4834,4835,3,6445.34,5798.82,2527.1800000000003,1.0,4834,303,BLAa,BLA,71,left,0
4835,4836,3,6447.4,5799.740000000001,2527.42,1.0,4835,303,BLAa,BLA,71,left,0
4836,4837,3,6449.46,5800.9400000000005,2527.1800000000003,0.5,4836,303,BLAa,BLA,71,left,0
4837,4838,3,6450.599999999999,5802.94,2526.3600000000006,1.0,4837,303,BLAa,BLA,71,left,0
4838,4839,3,6451.1,5805.860000000001,2525.58,1.0,4838,303,BLAa,BLA,71,left,0
4839,4840,3,6451.34,5808.3,2524.1399999999994,0.83203125,4839,303,BLAa,BLA,71,left,0
4840,4841,3,6450.74,5810.74,2522.619999999999,1.0,4840,303,BLAa,BLA,71,left,0
4841,4842,3,6450.72,5812.200000000001,2521.32,1.0,4841,303,BLAa,BLA,71,left,0
4842,4843,3,6452.26,5814.299999999999,2521.08,1.0,4842,303,BLAa,BLA,71,left,0
4843,4844,3,6453.62,5816.34,2521.0200000000004,1.0,4843,303,BLAa,BLA,71,left,0
4844,4845,3,6455.36,5817.380000000001,2520.040000000001,1.0,4844,303,BLAa,BLA,71,left,0
4845,4846,3,6455.76,5817.7,2518.0999999999985,1.08203125,4845,303,BLAa,BLA,71,left,0
4846,4847,3,6458.24,5818.84,2517.66,1.41796875,4846,303,BLAa,BLA,71,left,0
4847,4848,3,6460.320000000001,5819.76,2517.9,1.0,4847,303,BLAa,BLA,71,left,0
4848,4849,3,6461.219999999999,5820.24,2516.92,0.16796875,4848,303,BLAa,BLA,71,left,0
4849,4850,3,6463.6,5821.3,2516.98,1.0,4849,303,BLAa,BLA,71,left,0
4850,4851,3,6465.42,5822.36,2517.140000000001,0.66796875,4850,303,BLAa,BLA,71,left,0
4851,4852,3,6466.639999999999,5824.0,2517.119999999999,1.0,4851,303,BLAa,BLA,71,left,0
4852,4853,3,6468.56,5825.04,2517.22,0.91796875,4852,303,BLAa,BLA,71,left,0
4853,4854,3,6470.48,5825.9400000000005,2516.6399999999994,0.5,4853,303,BLAa,BLA,71,left,0
4854,4855,3,6472.88,5827.02,2516.0,1.0,4854,303,BLAa,BLA,71,left,0
4855,4856,3,6474.44,5827.12,2515.539999999999,0.91796875,4855,303,BLAa,BLA,71,left,0
4856,4857,3,6477.64,5827.7,2515.9400000000005,1.33203125,4856,303,BLAa,BLA,71,left,0
4857,4858,3,6479.740000000001,5828.64,2516.16,1.0,4857,303,BLAa,BLA,71,left,0
4858,4859,3,6481.96,5829.6,2516.74,1.0,4858,303,BLAa,BLA,71,left,0
4859,4860,3,6483.66,5830.839999999999,2517.8599999999988,0.58203125,4859,303,BLAa,BLA,71,left,0
4860,4861,3,6484.679999999999,5832.64,2518.8,0.5,4860,303,BLAa,BLA,71,left,0
4861,4862,3,6485.460000000001,5834.66,2518.82,1.0,4861,303,BLAa,BLA,71,left,0
4862,4863,3,6486.94,5836.32,2519.2800000000007,0.58203125,4862,303,BLAa,BLA,71,left,0
4863,4864,3,6487.34,5838.04,2520.0200000000004,1.0,4863,303,BLAa,BLA,71,left,0
4864,4865,3,6487.34,5840.02,2520.5600000000013,0.75,4864,303,BLAa,BLA,71,left,0
4865,4866,3,6487.380000000001,5841.96,2520.5999999999985,1.0,4865,303,BLAa,BLA,71,left,1
6191,6192,3,6284.099999999999,5922.84,2500.5200000000004,0.05859375,4254,303,BLAa,BLA,82,left,0
6192,6193,3,6283.959999999999,5924.6,2499.5200000000004,1.5,6192,303,BLAa,BLA,82,left,0
6193,6194,3,6283.08,5927.200000000001,2498.9400000000005,1.33203125,6193,303,BLAa,BLA,82,left,0
6194,6195,3,6282.54,5928.06,2496.720000000001,0.109375,6194,303,BLAa,BLA,82,left,0
6195,6196,3,6281.54,5929.9,2494.8600000000006,2.08203125,6195,303,BLAa,BLA,82,left,0
6196,6197,3,6280.259999999999,5932.32,2493.58,1.83203125,6196,303,BLAa,BLA,82,left,0
6197,6198,3,6280.08,5934.06,2491.9399999999987,2.16796875,6197,303,BLAa,BLA,82,left,0
6198,6199,3,6280.280000000001,5935.38,2490.24,2.0,6198,303,BLAa,BLA,82,left,0
6199,6200,3,6281.18,5937.46,2489.8,1.75,6199,303,BLAa,BLA,82,left,0
6200,6201,3,6283.08,5938.64,2490.0,1.75,6200,303,BLAa,BLA,82,left,0
6201,6202,3,6284.22,5922.42,2501.16,0.0859375,4254,303,BLAa,BLA,83,left,0
6202,6203,3,6283.76,5923.540000000001,2503.0200000000004,1.08203125,6202,303,BLAa,BLA,83,left,0
6203,6204,3,6283.88,5923.540000000001,2505.2800000000007,0.75,6203,303,BLAa,BLA,83,left,0
6204,6205,3,6283.400000000001,5924.66,2506.879999999999,1.0,6204,303,BLAa,BLA,83,left,0
6205,6206,3,6282.56,5926.42,2507.7000000000007,1.0,6205,303,BLAa,BLA,83,left,0
6206,6207,3,6282.16,5928.099999999999,2509.74,0.5,6206,303,BLAa,BLA,83,left,0
6207,6208,3,6282.26,5929.6,2510.2800000000007,0.75,6207,303,BLAa,BLA,83,left,0
6208,6209,3,6281.74,5931.16,2511.900000000001,0.66796875,6208,303,BLAa,BLA,83,left,0
6209,6210,3,6280.92,5932.86,2512.5200000000004,1.33203125,6209,303,BLAa,BLA,83,left,0
6210,6211,3,6279.9800000000005,5934.82,2513.0600000000013,1.25,6210,303,BLAa,BLA,83,left,0
6211,6212,3,6279.38,5936.14,2514.4399999999987,1.5,6211,303,BLAa,BLA,83,left,0
6212,6213,3,6278.9,5937.26,2516.0599999999995,1.0,6212,303,BLAa,BLA,83,left,0
6213,6214,3,6278.0,5939.18,2517.0599999999995,0.75,6213,303,BLAa,BLA,83,left,0
6214,6215,3,6277.179999999999,5940.96,2518.619999999999,0.75,6214,303,BLAa,BLA,83,left,0
6215,6216,3,6276.14,5943.08,2519.3,0.58203125,6215,303,BLAa,BLA,83,left,0
6216,6217,3,6274.96,5945.82,2519.74,0.91796875,6216,303,BLAa,BLA,83,left,0
6217,6218,3,6275.299999999999,5946.88,2520.9,0.5,6217,303,BLAa,BLA,83,left,0
6218,6219,3,6274.5,5949.24,2522.0,1.25,6218,303,BLAa,BLA,83,left,0
6219,6220,3,6273.82,5950.68,2522.9400000000005,1.0,6219,303,BLAa,BLA,83,left,0
6220,6221,3,6272.820000000001,5952.780000000001,2524.16,1.0,6220,303,BLAa,BLA,83,left,0
6221,6222,3,6272.32,5953.9400000000005,2525.74,1.08203125,6221,303,BLAa,BLA,83,left,0
6222,6223,3,6272.68,5955.639999999999,2526.48,0.91796875,6222,303,BLAa,BLA,83,left,0
6223,6224,3,6274.160000000001,5956.7,2526.620000000001,0.91796875,6223,303,BLAa,BLA,83,left,0
6224,6225,3,6274.42,5957.86,2527.66,1.0,6224,303,BLAa,BLA,83,left,0
6225,6226,3,6274.08,5958.719999999999,2529.5,1.66796875,6225,303,BLAa,BLA,83,left,0
6226,6227,3,6272.42,5962.1,2530.620000000001,1.41796875,6226,303,BLAa,BLA,83,left,0
6227,6228,3,6271.620000000001,5963.780000000001,2531.459999999999,0.5,6227,303,BLAa,BLA,83,left,0
6228,6229,3,6270.599999999999,5965.76,2531.22,0.08203125,6228,303,BLAa,BLA,83,left,0
6229,6230,3,6269.08,5968.68,2530.6399999999994,1.33203125,6229,303,BLAa,BLA,83,left,0
6230,6231,3,6267.86,5971.06,2530.1399999999994,1.16796875,6230,303,BLAa,BLA,83,left,0
6231,6232,3,6267.1,5972.54,2530.1399999999994,0.66796875,6231,303,BLAa,BLA,83,left,0
6232,6233,3,6267.98,5973.26,2531.0200000000004,0.91796875,6232,303,BLAa,BLA,83,left,0
6233,6234,3,6269.82,5974.04,2531.42,0.75,6233,303,BLAa,BLA,83,left,0
6234,6235,3,6270.700000000001,5975.839999999999,2531.540000000001,1.25,6234,303,BLAa,BLA,83,left,0
6235,6236,3,6269.740000000001,5978.08,2531.98,0.91796875,6235,303,BLAa,BLA,83,left,0
6236,6237,3,6268.66,5980.280000000001,2532.82,0.5,6236,303,BLAa,BLA,83,left,0
6237,6238,3,6267.64,5982.28,2532.619999999999,1.0,6237,303,BLAa,BLA,83,left,0
6238,6239,3,6266.639999999999,5984.22,2532.22,2.83203125,6238,303,BLAa,BLA,83,left,0
6239,6240,3,6265.92,5985.72,2533.039999999999,2.08203125,6239,303,BLAa,BLA,83,left,0
6240,6241,3,6265.76,5986.18,2535.0,1.0,6240,303,BLAa,BLA,83,left,0
6241,6242,3,6264.9,5987.98,2536.22,1.0,6241,303,BLAa,BLA,83,left,0
6242,6243,3,6263.52,5990.76,2536.74,1.5,6242,303,BLAa,BLA,83,left,0
6243,6244,3,6262.58,5991.82,2537.6800000000003,0.91796875,6243,303,BLAa,BLA,83,left,0
6244,6245,3,6260.76,5992.58,2537.8,0.91796875,6244,303,BLAa,BLA,83,left,0
6245,6246,3,6258.360000000001,5995.599999999999,2537.039999999999,1.0,6245,303,BLAa,BLA,83,left,0
6246,6247,3,6257.14,5997.98,2536.540000000001,1.0,6246,303,BLAa,BLA,83,left,1
6247,6248,3,6315.02,5828.0,2506.960000000001,0.1171875,4364,303,BLAa,BLA,84,left,0
6248,6249,3,6315.82,5829.04,2507.6000000000004,0.58203125,6248,303,BLAa,BLA,84,left,0
6249,6250,3,6317.36,5830.76,2507.6800000000003,0.83203125,6249,303,BLAa,BLA,84,left,0
6250,6251,3,6318.5,5832.94,2507.58,0.91796875,6250,303,BLAa,BLA,84,left,0
6251,6252,3,6318.48,5835.119999999999,2507.279999999999,1.16796875,6251,303,BLAa,BLA,84,left,0
6252,6253,3,6319.38,5836.5,2507.26,0.75,6252,303,BLAa,BLA,84,left,0
6253,6254,3,6320.54,5839.06,2507.140000000001,1.08203125,6253,303,BLAa,BLA,84,left,0
6254,6255,3,6321.78,5841.06,2507.1000000000004,0.66796875,6254,303,BLAa,BLA,84,left,0
6255,6256,3,6322.88,5842.820000000001,2507.08,1.0,6255,303,BLAa,BLA,84,left,0
6256,6257,3,6322.68,5844.42,2507.22,1.5,6256,303,BLAa,BLA,84,left,0
6257,6258,3,6323.400000000001,5845.460000000001,2508.58,0.5,6257,303,BLAa,BLA,84,left,0
6258,6259,3,6324.62,5847.52,2509.3,0.75,6258,303,BLAa,BLA,84,left,0
6259,6260,3,6326.12,5850.119999999999,2509.220000000001,0.5,6259,303,BLAa,BLA,84,left,0
6260,6261,3,6326.860000000001,5851.3,2509.199999999999,1.0,6260,303,BLAa,BLA,84,left,0
6261,6262,3,6326.92,5853.9800000000005,2508.8600000000006,0.0546875,6261,303,BLAa,BLA,84,left,0
6262,6263,3,6326.7,5856.96,2508.42,1.41796875,6262,303,BLAa,BLA,84,left,0
6263,6264,3,6326.52,5859.96,2507.98,0.5,6263,303,BLAa,BLA,84,left,0
6264,6265,3,6327.380000000001,5861.639999999999,2507.92,1.0,6264,303,BLAa,BLA,84,left,0
6265,6266,3,6327.52,5863.74,2507.66,0.83203125,6265,303,BLAa,BLA,84,left,0
6266,6267,3,6326.900000000001,5866.32,2507.2000000000007,1.0,6266,303,BLAa,BLA,84,left,0
6267,6268,3,6326.799999999999,5868.68,2506.879999999999,1.0,6267,303,BLAa,BLA,84,left,0
6268,6269,3,6326.7,5872.02,2507.4,0.5,6268,303,BLAa,BLA,84,left,0
6269,6270,3,6326.54,5874.38,2508.2000000000007,1.0,6269,303,BLAa,BLA,84,left,0
6270,6271,3,6327.179999999999,5875.9400000000005,2509.1000000000004,0.91796875,6270,303,BLAa,BLA,84,left,0
6271,6272,3,6328.4400000000005,5877.34,2510.16,0.5,6271,303,BLAa,BLA,84,left,0
6272,6273,3,6330.52,5879.26,2511.22,1.0,6272,303,BLAa,BLA,84,left,0
6273,6274,3,6331.280000000001,5880.42,2511.22,1.0,6273,303,BLAa,BLA,84,left,0
6274,6275,3,6332.219999999999,5881.660000000001,2511.24,0.16796875,6274,303,BLAa,BLA,84,left,0
6275,6276,3,6333.18,5883.88,2511.119999999999,1.0,6275,303,BLAa,BLA,84,left,0
6276,6277,3,6334.880000000001,5886.3,2510.959999999999,0.5,6276,303,BLAa,BLA,84,left,0
6277,6278,3,6336.18,5887.960000000001,2510.2000000000007,0.5,6277,303,BLAa,BLA,84,left,0
6278,6279,3,6338.66,5891.459999999999,2509.880000000001,1.0,6278,303,BLAa,BLA,84,left,0
6279,6280,3,6339.22,5893.8,2509.460000000001,0.75,6279,303,BLAa,BLA,84,left,0
6280,6281,3,6339.64,5894.86,2508.5599999999995,0.5,6280,303,BLAa,BLA,84,left,0
6281,6282,3,6341.1,5896.88,2508.3600000000006,1.0,6281,303,BLAa,BLA,84,left,0
6282,6283,3,6341.799999999999,5898.58,2508.48,0.66796875,6282,303,BLAa,BLA,84,left,0
6283,6284,3,6342.3,5898.9800000000005,2509.5599999999995,1.0,6283,303,BLAa,BLA,84,left,0
6284,6285,3,6315.18,5826.900000000001,2504.619999999999,0.23828125,4364,303,BLAa,BLA,85,left,0
6285,6286,3,6315.860000000001,5827.02,2502.720000000001,1.0,6285,303,BLAa,BLA,85,left,0
6286,6287,3,6317.0,5827.58,2501.32,1.0,6286,303,BLAa,BLA,85,left,0
6287,6288,3,6318.200000000001,5828.16,2500.620000000001,1.0,6287,303,BLAa,BLA,85,left,0
6288,6289,3,6319.18,5826.06,2500.4,0.0546875,6288,303,BLAa,BLA,85,left,0
6289,6290,3,6319.38,5825.72,2498.540000000001,0.91796875,6289,303,BLAa,BLA,85,left,0
6290,6291,3,6320.119999999999,5826.12,2496.459999999999,1.0,6290,303,BLAa,BLA,85,left,0
6291,6292,3,6320.74,5826.4800000000005,2494.5200000000004,1.0,6291,303,BLAa,BLA,85,left,0
6292,6293,3,6321.14,5826.74,2492.08,0.75,6292,303,BLAa,BLA,85,left,0
6293,6294,3,6321.88,5826.96,2490.2800000000007,0.91796875,6293,303,BLAa,BLA,85,left,0
6294,6295,3,6322.52,5826.36,2488.48,0.5,6294,303,BLAa,BLA,85,left,0
6295,6296,3,6323.74,5826.620000000001,2486.1000000000004,0.58203125,6295,303,BLAa,BLA,85,left,0
6296,6297,3,6325.16,5827.34,2484.040000000001,1.0,6296,303,BLAa,BLA,85,left,0
6297,6298,3,6326.3,5827.92,2482.1800000000003,1.0,6297,303,BLAa,BLA,85,left,0
6298,6299,3,6327.1,5828.339999999999,2480.5200000000004,1.0,6298,303,BLAa,BLA,85,left,0
6299,6300,3,6328.3,5828.92,2479.8,1.0,6299,303,BLAa,BLA,85,left,0
6300,6301,3,6330.04,5829.44,2480.0599999999995,0.08203125,6300,303,BLAa,BLA,85,left,0
6301,6302,3,6331.26,5828.9,2479.48,0.75,6301,303,BLAa,BLA,85,left,0
6302,6303,3,6331.96,5828.9400000000005,2477.8599999999988,0.91796875,6302,303,BLAa,BLA,85,left,0
6303,6304,3,6332.42,5828.04,2475.800000000001,0.91796875,6303,303,BLAa,BLA,85,left,0
6304,6305,3,6332.58,5827.4400000000005,2473.58,1.25,6304,303,BLAa,BLA,85,left,0
6305,6306,3,6333.18,5826.36,2471.66,0.58203125,6305,303,BLAa,BLA,85,left,0
6306,6307,3,6334.34,5825.52,2470.48,1.16796875,6306,303,BLAa,BLA,85,left,0
6307,6308,3,6335.52,5825.02,2467.84,0.58203125,6307,303,BLAa,BLA,85,left,0
6308,6309,3,6337.06,5825.16,2467.0200000000004,1.0,6308,303,BLAa,BLA,85,left,0
6309,6310,3,6339.120000000001,5824.9800000000005,2466.76,0.5,6309,303,BLAa,BLA,85,left,0
6310,6311,3,6340.78,5824.299999999999,2465.5999999999985,0.91796875,6310,303,BLAa,BLA,85,left,0
6311,6312,3,6342.64,5822.54,2465.1000000000004,1.0,6311,303,BLAa,BLA,85,left,0
6312,6313,3,6343.719999999999,5821.88,2464.4399999999987,1.08203125,6312,303,BLAa,BLA,85,left,0
6313,6314,3,6344.0,5821.4800000000005,2462.84,1.16796875,6313,303,BLAa,BLA,85,left,0
6314,6315,3,6345.72,5819.5,2462.619999999999,0.03125,6314,303,BLAa,BLA,85,left,0
6315,6316,3,6346.08,5819.52,2459.779999999999,1.0,6315,303,BLAa,BLA,85,left,0
6316,6317,3,6346.32,5819.700000000001,2457.5200000000004,1.5,6316,303,BLAa,BLA,85,left,0
6317,6318,3,6348.8,5820.839999999999,2457.119999999999,1.0,6317,303,BLAa,BLA,85,left,0
6318,6319,3,6350.8,5821.68,2457.039999999999,0.75,6318,303,BLAa,BLA,85,left,0
6319,6320,3,6351.7,5821.24,2456.040000000001,0.58203125,6319,303,BLAa,BLA,85,left,0
6320,6321,3,6352.039999999999,5820.98,2453.42,1.0,6320,303,BLAa,BLA,85,left,0
6321,6322,3,6352.34,5821.88,2451.26,1.08203125,6321,303,BLAa,BLA,85,left,0
6322,6323,3,6352.0,5822.66,2447.98,1.0,6322,303,BLAa,BLA,85,left,0
6323,6324,3,6352.380000000001,5822.88,2446.3,1.16796875,6323,303,BLAa,BLA,85,left,0
6324,6325,3,6353.7,5823.52,2445.34,1.08203125,6324,303,BLAa,BLA,85,left,0
6325,6326,3,6355.299999999999,5824.28,2444.5200000000004,1.0,6325,303,BLAa,BLA,85,left,0
6326,6327,3,6358.200000000001,5824.120000000001,2443.74,0.66796875,6326,303,BLAa,BLA,85,left,0
6327,6328,3,6359.679999999999,5823.56,2442.92,0.5,6327,303,BLAa,BLA,85,left,0
6328,6329,3,6361.08,5823.9800000000005,2442.4,0.91796875,6328,303,BLAa,BLA,85,left,0
6329,6330,3,6362.06,5823.200000000001,2441.720000000001,1.0,6329,303,BLAa,BLA,85,left,0
6330,6331,3,6362.960000000001,5821.219999999999,2441.2800000000007,0.75,6330,303,BLAa,BLA,85,left,0
6331,6332,3,6364.2,5818.56,2441.4400000000005,1.0,6331,303,BLAa,BLA,85,left,0
6332,6333,3,6365.1,5816.56,2441.0599999999995,1.08203125,6332,303,BLAa,BLA,85,left,0
6333,6334,3,6365.92,5815.22,2440.08,0.66796875,6333,303,BLAa,BLA,85,left,0
6334,6335,3,6367.72,5815.08,2439.1399999999994,0.75,6334,303,BLAa,BLA,85,left,0
6335,6336,3,6369.76,5816.040000000001,2438.1399999999994,1.0,6335,303,BLAa,BLA,85,left,0
6336,6337,3,6371.639999999999,5816.0,2437.74,0.02734375,6336,303,BLAa,BLA,85,left,0
6337,6338,3,6372.179999999999,5815.18,2436.1800000000003,0.75,6337,303,BLAa,BLA,85,left,0
6338,6339,3,6372.799999999999,5813.7,2434.84,1.0,6338,303,BLAa,BLA,85,left,0
6339,6340,3,6373.48,5812.380000000001,2433.6399999999994,0.83203125,6339,303,BLAa,BLA,85,left,0
6340,6341,3,6374.56,5811.88,2432.22,1.25,6340,303,BLAa,BLA,85,left,0
6341,6342,3,6375.92,5810.74,2430.879999999999,0.5,6341,303,BLAa,BLA,85,left,0
6342,6343,3,6376.900000000001,5810.06,2428.880000000001,1.16796875,6342,303,BLAa,BLA,85,left,0
6343,6344,3,6377.64,5809.08,2427.1000000000004,0.5,6343,303,BLAa,BLA,85,left,0
6344,6345,3,6379.38,5808.780000000001,2426.3,1.0,6344,303,BLAa,BLA,85,left,0
6345,6346,3,6380.299999999999,5808.04,2423.98,1.25,6345,303,BLAa,BLA,85,left,0
6346,6347,3,6380.34,5807.780000000001,2421.6399999999994,0.75,6346,303,BLAa,BLA,85,left,0
6347,6348,3,6380.860000000001,5807.06,2420.460000000001,0.75,6347,303,BLAa,BLA,85,left,0
6348,6349,3,6382.14,5807.4400000000005,2419.539999999999,0.75,6348,303,BLAa,BLA,85,left,0
6349,6350,3,6383.28,5808.08,2417.039999999999,0.75,6349,303,BLAa,BLA,85,left,0
6350,6351,3,6384.679999999999,5808.28,2416.380000000001,0.75,6350,303,BLAa,BLA,85,left,0
6351,6352,3,6385.76,5807.179999999999,2415.6399999999994,1.33203125,6351,303,BLAa,BLA,85,left,0
6352,6353,3,6386.02,5806.4800000000005,2413.66,1.0,6352,303,BLAa,BLA,85,left,0
6353,6354,3,6386.26,5806.68,2411.620000000001,1.16796875,6353,303,BLAa,BLA,85,left,0
6354,6355,3,6388.02,5807.54,2410.7000000000007,1.0,6354,303,BLAa,BLA,85,left,0
6355,6356,3,6389.24,5807.92,2409.199999999999,0.83203125,6355,303,BLAa,BLA,85,left,0
6356,6357,3,6389.700000000001,5806.900000000001,2408.82,1.0,6356,303,BLAa,BLA,85,left,0
6357,6358,3,6389.02,5808.24,2406.620000000001,0.07421875,6357,303,BLAa,BLA,85,left,0
6358,6359,3,6388.68,5809.22,2404.16,1.25,6358,303,BLAa,BLA,85,left,0
6359,6360,3,6389.0,5810.56,2403.120000000001,1.0,6359,303,BLAa,BLA,85,left,0
6360,6361,3,6388.28,5812.58,2401.92,0.58203125,6360,303,BLAa,BLA,85,left,0
6361,6362,3,6387.56,5814.06,2400.34,0.58203125,6361,303,BLAa,BLA,85,left,0
6362,6363,3,6386.639999999999,5816.4800000000005,2399.26,0.91796875,6362,303,BLAa,BLA,85,left,0
6363,6364,3,6386.660000000001,5818.18,2398.48,0.58203125,6363,303,BLAa,BLA,85,left,0
6364,6365,3,6386.56,5821.02,2397.34,1.0,6364,303,BLAa,BLA,85,left,0
6365,6366,3,6387.72,5823.16,2397.22,0.83203125,6365,303,BLAa,BLA,85,left,0
6366,6367,3,6388.62,5825.280000000001,2397.0599999999995,0.91796875,6366,303,BLAa,BLA,85,left,0
6367,6368,3,6388.780000000001,5828.139999999999,2396.08,0.75,6367,303,BLAa,BLA,85,left,0
6368,6369,3,6389.38,5829.64,2394.959999999999,1.0,6368,303,BLAa,BLA,85,left,0
6369,6370,3,6391.0,5830.66,2393.82,0.83203125,6369,303,BLAa,BLA,85,left,0
6370,6371,3,6392.619999999999,5831.459999999999,2392.140000000001,0.75,6370,303,BLAa,BLA,85,left,0
6371,6372,3,6394.6,5833.06,2391.76,0.91796875,6371,303,BLAa,BLA,85,left,0
6372,6373,3,6395.52,5835.06,2390.72,1.0,6372,303,BLAa,BLA,85,left,0
6373,6374,3,6396.98,5836.660000000001,2388.3600000000006,0.91796875,6373,303,BLAa,BLA,85,left,0
6374,6375,3,6397.960000000001,5837.16,2386.98,0.75,6374,303,BLAa,BLA,85,left,0
6375,6376,3,6398.46,5838.88,2384.34,0.015625,6375,303,BLAa,BLA,85,left,1
6376,6377,3,6309.2,5913.66,2381.6000000000004,0.0546875,4612,884,amc,amc,86,left,0
6377,6378,3,6309.880000000001,5914.02,2379.199999999999,0.75,6377,884,amc,amc,86,left,0
6378,6379,3,6311.219999999999,5914.679999999999,2377.880000000001,0.83203125,6378,884,amc,amc,86,left,0
6379,6380,3,6313.18,5915.599999999999,2376.6800000000003,0.58203125,6379,884,amc,amc,86,left,0
6380,6381,3,6313.86,5915.9400000000005,2375.220000000001,1.0,6380,884,amc,amc,86,left,0
6381,6382,3,6315.04,5916.52,2373.6800000000003,1.0,6381,884,amc,amc,86,left,0
6382,6383,3,6315.96,5917.0,2371.08,0.83203125,6382,884,amc,amc,86,left,0
6383,6384,3,6317.3,5917.619999999999,2369.3600000000006,0.5,6383,884,amc,amc,86,left,0
6384,6385,3,6318.360000000001,5917.08,2366.8600000000006,0.5,6384,884,amc,amc,86,left,0
6385,6386,3,6319.299999999999,5916.82,2364.9,0.58203125,6385,966,EPv,EP,86,left,0
6386,6387,3,6321.52,5915.74,2363.039999999999,0.83203125,6386,966,EPv,EP,86,left,0
6387,6388,3,6323.0,5915.04,2362.2000000000007,1.5,6387,966,EPv,EP,86,left,0
6388,6389,3,6323.8,5914.84,2360.4,1.0,6388,884,amc,amc,86,left,0
6389,6390,3,6325.280000000001,5915.58,2358.26,0.66796875,6389,884,amc,amc,86,left,0
6390,6391,3,6327.02,5916.4,2356.92,1.0,6390,884,amc,amc,86,left,0
6391,6392,3,6327.780000000001,5916.799999999999,2355.5200000000004,1.0,6391,884,amc,amc,86,left,0
6392,6393,3,6327.66,5916.84,2350.98,0.01171875,6392,966,EPv,EP,86,left,0
6393,6394,3,6327.960000000001,5917.039999999999,2348.6399999999994,0.91796875,6393,966,EPv,EP,86,left,0
6394,6395,3,6330.2,5917.42,2347.3,0.91796875,6394,966,EPv,EP,86,left,0
6395,6396,3,6331.84,5916.34,2346.42,0.5,6395,966,EPv,EP,86,left,0
6396,6397,3,6332.98,5915.16,2345.74,0.5,6396,966,EPv,EP,86,left,0
6397,6398,3,6336.34,5916.56,2345.5999999999985,1.91796875,6397,966,EPv,EP,86,left,0
6398,6399,3,6338.200000000001,5918.26,2345.66,1.0,6398,966,EPv,EP,86,left,0
6399,6400,3,6340.860000000001,5920.08,2345.84,1.0,6399,966,EPv,EP,86,left,0
6400,6401,3,6343.06,5921.08,2346.459999999999,0.75,6400,966,EPv,EP,86,left,0
6401,6402,3,6344.66,5921.84,2347.98,1.0,6401,966,EPv,EP,86,left,0
6402,6403,3,6346.1,5923.46,2348.74,0.5,6402,884,amc,amc,86,left,0
6403,6404,3,6348.26,5924.9400000000005,2348.880000000001,1.0,6403,884,amc,amc,86,left,1
6404,6405,3,6308.22,5915.839999999999,2383.98,0.11328125,4612,884,amc,amc,87,left,0
6405,6406,3,6307.240000000001,5917.84,2383.279999999999,1.16796875,6405,884,amc,amc,87,left,0
6406,6407,3,6307.039999999999,5919.62,2382.039999999999,0.58203125,6406,884,amc,amc,87,left,0
6407,6408,3,6308.099999999999,5921.16,2381.1800000000003,1.41796875,6407,884,amc,amc,87,left,0
6408,6409,3,6308.74,5923.12,2380.5,1.08203125,6408,884,amc,amc,87,left,0
6409,6410,3,6310.119999999999,5924.66,2380.32,1.0,6409,884,amc,amc,87,left,0
6410,6411,3,6310.36,5925.54,2379.400000000001,0.83203125,6410,884,amc,amc,87,left,0
6411,6412,3,6310.1,5927.9,2378.58,0.83203125,6411,884,amc,amc,87,left,0
6412,6413,3,6310.48,5929.9,2377.42,0.75,6412,884,amc,amc,87,left,0
6413,6414,3,6310.44,5930.9400000000005,2375.9400000000005,1.33203125,6413,884,amc,amc,87,left,0
6414,6415,3,6308.64,5935.76,2374.98,0.0078125,6414,966,EPv,EP,87,left,0
6415,6416,3,6308.42,5937.820000000001,2374.8,0.66796875,6415,966,EPv,EP,87,left,0
6416,6417,3,6307.4800000000005,5939.9800000000005,2375.34,0.91796875,6416,884,amc,amc,87,left,0
6417,6418,3,6306.799999999999,5942.5,2375.0200000000004,1.0,6417,884,amc,amc,87,left,0
6418,6419,3,6306.54,5944.66,2374.7000000000007,1.0,6418,966,EPv,EP,87,left,0
6419,6420,3,6305.44,5947.039999999999,2373.34,1.66796875,6419,966,EPv,EP,87,left,0
6420,6421,3,6304.64,5948.58,2371.0599999999995,0.91796875,6420,966,EPv,EP,87,left,0
6421,6422,3,6303.959999999999,5949.84,2367.5599999999995,0.5,6421,966,EPv,EP,87,left,0
6422,6423,3,6303.56,5950.54,2365.1000000000004,1.66796875,6422,966,EPv,EP,87,left,0
6423,6424,3,6303.46,5950.62,2362.42,1.0,6423,966,EPv,EP,87,left,1
7524,7525,3,6282.14,5941.599999999999,2489.48,0.09765625,6201,303,BLAa,BLA,100,left,0
7525,7526,3,6281.7,5944.34,2489.0599999999995,1.5,7525,303,BLAa,BLA,100,left,0
7526,7527,3,6282.28,5946.38,2488.92,1.66796875,7526,303,BLAa,BLA,100,left,0
7527,7528,3,6283.379999999999,5949.04,2488.8,1.16796875,7527,303,BLAa,BLA,100,left,0
7528,7529,3,6284.42,5950.879999999999,2488.76,1.41796875,7528,303,BLAa,BLA,100,left,0
7529,7530,3,6285.02,5954.02,2488.48,1.5,7529,303,BLAa,BLA,100,left,0
7530,7531,3,6286.06,5956.76,2488.24,1.0,7530,303,BLAa,BLA,100,left,0
7531,7532,3,6285.860000000001,5958.339999999999,2487.3,1.16796875,7531,303,BLAa,BLA,100,left,0
7532,7533,3,6284.82,5960.599999999999,2486.4,1.0,7532,303,BLAa,BLA,100,left,0
7533,7534,3,6284.34,5963.200000000001,2486.0,0.83203125,7533,303,BLAa,BLA,100,left,0
7534,7535,3,6283.339999999999,5966.94,2485.3599999999988,1.0,7534,303,BLAa,BLA,100,left,0
7535,7536,3,6283.8,5968.76,2485.4,1.16796875,7535,303,BLAa,BLA,100,left,0
7536,7537,3,6284.700000000001,5969.82,2486.24,0.83203125,7536,303,BLAa,BLA,100,left,0
7537,7538,3,6284.58,5972.1,2487.1800000000003,1.08203125,7537,303,BLAa,BLA,100,left,0
7538,7539,3,6284.22,5974.46,2487.140000000001,0.83203125,7538,303,BLAa,BLA,100,left,0
7539,7540,3,6283.62,5978.099999999999,2485.48,0.0078125,7539,303,BLAa,BLA,100,left,0
7540,7541,3,6284.9800000000005,5980.78,2485.1399999999994,1.25,7540,303,BLAa,BLA,100,left,0
7541,7542,3,6284.6,5982.36,2484.120000000001,0.91796875,7541,303,BLAa,BLA,100,left,0
7542,7543,3,6283.3,5984.9,2483.1800000000003,1.0,7542,303,BLAa,BLA,100,left,0
7543,7544,3,6283.08,5987.4400000000005,2482.82,0.75,7543,303,BLAa,BLA,100,left,0
7544,7545,3,6283.64,5989.66,2482.1000000000004,1.25,7544,303,BLAa,BLA,100,left,0
7545,7546,3,6284.84,5991.98,2480.800000000001,1.0,7545,303,BLAa,BLA,100,left,0
7546,7547,3,6284.22,5995.1,2478.379999999999,1.0,7546,303,BLAa,BLA,100,left,0
7547,7548,3,6284.08,5997.16,2477.1000000000004,0.75,7547,303,BLAa,BLA,100,left,0
7548,7549,3,6284.9400000000005,5999.719999999999,2476.540000000001,1.0,7548,303,BLAa,BLA,100,left,0
7549,7550,3,6284.84,6001.4800000000005,2475.5999999999985,1.08203125,7549,303,BLAa,BLA,100,left,0
7550,7551,3,6285.66,6004.139999999999,2474.92,1.0,7550,303,BLAa,BLA,100,left,0
7551,7552,3,6285.22,6007.9,2474.379999999999,1.16796875,7551,303,BLAa,BLA,100,left,0
7552,7553,3,6284.700000000001,6009.86,2474.0599999999995,1.0,7552,303,BLAa,BLA,100,left,0
7553,7554,3,6285.9400000000005,6011.06,2474.120000000001,1.66796875,7553,303,BLAa,BLA,100,left,0
7554,7555,3,6286.34,6013.0,2473.959999999999,0.18359375,7554,303,BLAa,BLA,100,left,0
7555,7556,3,6287.4400000000005,6015.02,2473.9,0.83203125,7555,303,BLAa,BLA,100,left,0
7556,7557,3,6288.18,6017.74,2473.7000000000007,1.16796875,7556,303,BLAa,BLA,100,left,0
7557,7558,3,6289.18,6019.62,2473.6399999999994,1.0,7557,303,BLAa,BLA,100,left,0
7558,7559,3,6289.679999999999,6022.36,2473.4,1.0,7558,303,BLAa,BLA,100,left,0
7559,7560,3,6290.839999999999,6024.719999999999,2473.300000000001,1.0,7559,303,BLAa,BLA,100,left,0
7560,7561,3,6292.039999999999,6026.74,2472.9400000000005,0.66796875,7560,303,BLAa,BLA,100,left,0
7561,7562,3,6292.039999999999,6028.26,2471.98,0.66796875,7561,303,BLAa,BLA,100,left,0
7562,7563,3,6293.6,6031.040000000001,2471.6800000000003,1.0,7562,303,BLAa,BLA,100,left,0
7563,7564,3,6294.44,6033.3,2470.9,0.83203125,7563,303,BLAa,BLA,100,left,0
7564,7565,3,6295.700000000001,6035.74,2470.0599999999995,0.91796875,7564,303,BLAa,BLA,100,left,0
7565,7566,3,6295.22,6037.68,2468.74,1.0,7565,303,BLAa,BLA,100,left,0
7566,7567,3,6295.0,6039.62,2467.22,0.91796875,7566,303,BLAa,BLA,100,left,0
7567,7568,3,6296.06,6041.16,2467.1000000000004,1.0,7567,303,BLAa,BLA,100,left,0
7568,7569,3,6297.9,6042.14,2467.3,1.0,7568,303,BLAa,BLA,100,left,0
7569,7570,3,6282.9,5939.92,2488.7000000000007,0.1953125,6201,303,BLAa,BLA,101,left,0
7570,7571,3,6282.58,5940.5,2486.48,0.75,7570,303,BLAa,BLA,101,left,0
7571,7572,3,6281.82,5941.84,2484.379999999999,1.83203125,7571,303,BLAa,BLA,101,left,0
7572,7573,3,6280.72,5943.74,2480.9400000000005,1.0,7572,303,BLAa,BLA,101,left,0
7573,7574,3,6280.44,5945.06,2479.220000000001,0.75,7573,303,BLAa,BLA,101,left,0
7574,7575,3,6281.52,5946.02,2478.74,1.0,7574,303,BLAa,BLA,101,left,0
7575,7576,3,6280.9400000000005,5948.400000000001,2477.16,1.0,7575,303,BLAa,BLA,101,left,0
7576,7577,3,6280.24,5950.58,2475.6399999999994,0.91796875,7576,303,BLAa,BLA,101,left,0
7577,7578,3,6281.3,5952.02,2474.9,0.83203125,7577,303,BLAa,BLA,101,left,0
7578,7579,3,6281.0,5953.379999999999,2473.1800000000003,1.25,7578,303,BLAa,BLA,101,left,0
7579,7580,3,6279.86,5955.42,2470.08,0.75,7579,303,BLAa,BLA,101,left,0
7580,7581,3,6279.38,5956.18,2467.4400000000005,1.0,7580,303,BLAa,BLA,101,left,0
7581,7582,3,6278.959999999999,5956.88,2465.92,1.0,7581,303,BLAa,BLA,101,left,0
7582,7583,3,6277.960000000001,5960.04,2464.120000000001,0.01953125,7582,303,BLAa,BLA,101,left,0
7583,7584,3,6277.200000000001,5962.92,2463.08,0.66796875,7583,303,BLAa,BLA,101,left,0
7584,7585,3,6276.660000000001,5964.360000000001,2461.98,1.08203125,7584,303,BLAa,BLA,101,left,0
7585,7586,3,6276.98,5966.24,2461.58,0.91796875,7585,303,BLAa,BLA,101,left,0
7586,7587,3,6276.12,5970.38,2460.9400000000005,1.0,7586,303,BLAa,BLA,101,left,0
7587,7588,3,6274.26,5974.04,2460.16,1.0,7587,303,BLAa,BLA,101,left,0
7588,7589,3,6273.02,5976.4800000000005,2459.66,1.0,7588,884,amc,amc,101,left,0
7589,7590,3,6271.24,5979.9800000000005,2458.7000000000007,0.02734375,7589,884,amc,amc,101,left,0
7590,7591,3,6270.5,5981.36,2457.58,0.75,7590,884,amc,amc,101,left,0
7591,7592,3,6269.139999999999,5984.0,2456.8,1.0,7591,884,amc,amc,101,left,0
7592,7593,3,6267.94,5986.38,2456.32,1.0,7592,884,amc,amc,101,left,0
7593,7594,3,6266.639999999999,5988.9,2455.460000000001,0.75,7593,884,amc,amc,101,left,0
7594,7595,3,6264.9800000000005,5991.16,2454.0599999999995,0.58203125,7594,884,amc,amc,101,left,0
7595,7596,3,6263.28,5992.86,2453.32,0.75,7595,884,amc,amc,101,left,0
7596,7597,3,6262.34,5994.48,2452.0599999999995,0.66796875,7596,884,amc,amc,101,left,0
7597,7598,3,6260.98,5997.12,2451.3,1.0,7597,966,EPv,EP,101,left,0
7598,7599,3,6259.42,6000.2,2450.6399999999994,1.0,7598,966,EPv,EP,101,left,0
7599,7600,3,6258.26,6002.42,2449.640000000001,1.08203125,7599,966,EPv,EP,101,left,0
7600,7601,3,6256.52,6005.78,2448.26,1.0,7600,966,EPv,EP,101,left,0
7601,7602,3,6255.299999999999,6008.16,2447.7800000000007,1.0,7601,966,EPv,EP,101,left,0
7602,7603,3,6255.82,6009.400000000001,2447.140000000001,0.16796875,7602,966,EPv,EP,101,left,0
7603,7604,3,6254.9400000000005,6011.78,2445.74,0.58203125,7603,966,EPv,EP,101,left,0
7604,7605,3,6254.76,6013.86,2444.2800000000007,0.66796875,7604,966,EPv,EP,101,left,0
7605,7606,3,6254.42,6015.56,2441.540000000001,1.0,7605,966,EPv,EP,101,left,0
7606,7607,3,6254.42,6017.26,2439.82,0.66796875,7606,966,EPv,EP,101,left,0
7607,7608,3,6255.4,6019.56,2438.8600000000006,1.08203125,7607,966,EPv,EP,101,left,0
7608,7609,3,6257.0,6021.2,2438.9400000000005,1.0,7608,966,EPv,EP,101,left,0
7609,7610,3,6258.74,6023.9400000000005,2438.9,1.0,7609,966,EPv,EP,101,left,0
7610,7611,3,6259.34,6026.1,2438.74,1.0,7610,966,EPv,EP,101,left,0
7611,7612,3,6259.2,6028.76,2439.120000000001,0.66796875,7611,966,EPv,EP,101,left,0
7612,7613,3,6259.740000000001,6031.1,2439.779999999999,0.83203125,7612,966,EPv,EP,101,left,0
7613,7614,3,6260.2,6033.56,2440.48,1.0,7613,966,EPv,EP,101,left,0
7614,7615,3,6261.32,6035.5,2440.5,1.0,7614,966,EPv,EP,101,left,0
7615,7616,3,6261.4,6037.28,2440.3,1.0,7615,966,EPv,EP,101,left,0
7616,7617,3,6342.219999999999,5901.799999999999,2509.74,0.02734375,6284,303,BLAa,BLA,102,left,0
7617,7618,3,6342.4400000000005,5904.48,2510.16,1.0,7617,303,BLAa,BLA,102,left,0
7618,7619,3,6343.52,5906.92,2510.98,0.66796875,7618,303,BLAa,BLA,102,left,0
7619,7620,3,6345.2,5908.32,2511.620000000001,0.75,7619,303,BLAa,BLA,102,left,0
7620,7621,3,6346.14,5910.22,2512.4400000000005,0.91796875,7620,303,BLAa,BLA,102,left,0
7621,7622,3,6347.4800000000005,5912.56,2512.84,1.0,7621,303,BLAa,BLA,102,left,0
7622,7623,3,6347.4400000000005,5914.139999999999,2513.4,0.58203125,7622,303,BLAa,BLA,102,left,0
7623,7624,3,6347.72,5917.1,2513.4,0.5,7623,303,BLAa,BLA,102,left,0
7624,7625,3,6347.06,5919.6,2513.74,1.0,7624,303,BLAa,BLA,102,left,0
7625,7626,3,6346.2,5922.06,2513.58,0.0546875,7625,303,BLAa,BLA,102,left,0
7626,7627,3,6346.5,5924.2,2513.379999999999,1.0,7626,303,BLAa,BLA,102,left,0
7627,7628,3,6347.54,5925.460000000001,2513.4,1.0,7627,303,BLAa,BLA,102,left,0
7628,7629,3,6347.1,5927.820000000001,2514.199999999999,1.0,7628,303,BLAa,BLA,102,left,0
7629,7630,3,6346.52,5929.9800000000005,2514.959999999999,1.41796875,7629,303,BLAa,BLA,102,left,0
7630,7631,3,6347.34,5932.26,2515.08,1.0,7630,303,BLAa,BLA,102,left,0
7631,7632,3,6347.380000000001,5934.08,2515.5999999999985,1.0,7631,303,BLAa,BLA,102,left,0
7632,7633,3,6348.76,5936.040000000001,2516.34,0.66796875,7632,303,BLAa,BLA,102,left,0
7633,7634,3,6349.56,5937.66,2517.1800000000003,0.91796875,7633,303,BLAa,BLA,102,left,0
7634,7635,3,6349.48,5939.9,2518.2000000000007,0.66796875,7634,303,BLAa,BLA,102,left,0
7635,7636,3,6349.719999999999,5941.219999999999,2519.8,0.91796875,7635,303,BLAa,BLA,102,left,0
7636,7637,3,6349.160000000001,5943.16,2520.26,1.0,7636,303,BLAa,BLA,102,left,0
7637,7638,3,6349.04,5944.8,2520.040000000001,0.16796875,7637,303,BLAa,BLA,102,left,0
7638,7639,3,6350.0,5945.54,2520.32,1.0,7638,303,BLAa,BLA,102,left,0
7639,7640,3,6350.06,5946.860000000001,2521.0599999999995,1.41796875,7639,303,BLAa,BLA,102,left,0
7640,7641,3,6349.48,5948.959999999999,2520.84,0.58203125,7640,303,BLAa,BLA,102,left,0
7641,7642,3,6350.38,5951.14,2521.0599999999995,1.0,7641,303,BLAa,BLA,102,left,0
7642,7643,3,6350.38,5952.960000000001,2521.6399999999994,1.0,7642,303,BLAa,BLA,102,left,0
7643,7644,3,6350.18,5954.9400000000005,2522.279999999999,1.0,7643,303,BLAa,BLA,102,left,0
7644,7645,3,6349.78,5957.42,2522.34,1.0,7644,303,BLAa,BLA,102,left,0
7645,7646,3,6350.14,5960.119999999999,2522.0599999999995,1.0,7645,303,BLAa,BLA,102,left,0
7646,7647,3,6350.08,5962.960000000001,2522.1000000000004,0.91796875,7646,303,BLAa,BLA,102,left,0
7647,7648,3,6350.04,5964.46,2522.66,1.16796875,7647,303,BLAa,BLA,102,left,0
7648,7649,3,6351.040000000001,5966.68,2522.6399999999994,1.0,7648,303,BLAa,BLA,102,left,0
7649,7650,3,6351.32,5969.02,2522.4,0.83203125,7649,303,BLAa,BLA,102,left,0
7650,7651,3,6352.56,5971.280000000001,2522.32,0.66796875,7650,303,BLAa,BLA,102,left,0
7651,7652,3,6352.54,5973.24,2522.0599999999995,0.83203125,7651,303,BLAa,BLA,102,left,0
7652,7653,3,6353.86,5978.139999999999,2521.66,1.08203125,7652,303,BLAa,BLA,102,left,0
7653,7654,3,6354.86,5980.42,2521.540000000001,0.5,7653,303,BLAa,BLA,102,left,0
7654,7655,3,6356.0,5982.14,2521.5,0.0546875,7654,303,BLAa,BLA,102,left,0
7655,7656,3,6356.56,5984.28,2521.32,1.0,7655,303,BLAa,BLA,102,left,0
7656,7657,3,6356.24,5986.82,2520.9400000000005,1.0,7656,303,BLAa,BLA,102,left,0
7657,7658,3,6355.36,5988.68,2521.42,1.0,7657,303,BLAa,BLA,102,left,0
7658,7659,3,6354.9400000000005,5990.2,2522.42,1.08203125,7658,303,BLAa,BLA,102,left,0
7659,7660,3,6356.32,5993.28,2523.540000000001,0.66796875,7659,303,BLAa,BLA,102,left,0
7660,7661,3,6356.54,5994.58,2524.72,0.91796875,7660,303,BLAa,BLA,102,left,0
7661,7662,3,6343.18,5899.099999999999,2507.9400000000005,0.0546875,6284,303,BLAa,BLA,103,left,0
7662,7663,3,6344.78,5897.64,2507.66,1.0,7662,303,BLAa,BLA,103,left,0
7663,7664,3,6346.18,5897.74,2507.48,1.0,7663,303,BLAa,BLA,103,left,0
7664,7665,3,6346.7,5897.780000000001,2506.1000000000004,1.08203125,7664,303,BLAa,BLA,103,left,0
7665,7666,3,6348.08,5897.32,2505.779999999999,0.91796875,7665,303,BLAa,BLA,103,left,0
7666,7667,3,6350.34,5897.759999999999,2505.4400000000005,0.91796875,7666,303,BLAa,BLA,103,left,0
7667,7668,3,6351.72,5897.46,2505.2000000000007,1.0,7667,303,BLAa,BLA,103,left,0
7668,7669,3,6352.28,5897.619999999999,2502.4400000000005,0.0546875,7668,303,BLAa,BLA,103,left,0
7669,7670,3,6353.86,5898.360000000001,2501.0599999999995,0.66796875,7669,303,BLAa,BLA,103,left,0
7670,7671,3,6355.52,5899.139999999999,2499.460000000001,1.0,7670,303,BLAa,BLA,103,left,0
7671,7672,3,6356.84,5899.8,2497.8599999999988,0.91796875,7671,303,BLAa,BLA,103,left,0
7672,7673,3,6358.0,5900.460000000001,2496.0599999999995,0.5,7672,303,BLAa,BLA,103,left,0
7673,7674,3,6358.780000000001,5901.660000000001,2495.32,1.16796875,7673,303,BLAa,BLA,103,left,0
7674,7675,3,6359.06,5902.4400000000005,2493.48,1.08203125,7674,303,BLAa,BLA,103,left,0
7675,7676,3,6360.639999999999,5903.22,2491.6000000000004,1.0,7675,303,BLAa,BLA,103,left,0
7676,7677,3,6362.56,5904.120000000001,2490.1399999999994,1.0,7676,303,BLAa,BLA,103,left,0
7677,7678,3,6364.48,5904.9800000000005,2489.58,0.75,7677,303,BLAa,BLA,103,left,0
7678,7679,3,6365.02,5905.299999999999,2487.9400000000005,1.0,7678,303,BLAa,BLA,103,left,0
7679,7680,3,6365.700000000001,5905.66,2486.1000000000004,1.0,7679,303,BLAa,BLA,103,left,0
7680,7681,3,6367.0,5906.280000000001,2484.8,0.66796875,7680,303,BLAa,BLA,103,left,0
7681,7682,3,6369.120000000001,5906.7,2484.1399999999994,0.91796875,7681,303,BLAa,BLA,103,left,0
7682,7683,3,6370.2,5906.34,2483.48,0.91796875,7682,303,BLAa,BLA,103,left,0
7683,7684,3,6371.84,5907.06,2481.66,1.0,7683,303,BLAa,BLA,103,left,0
7684,7685,3,6372.86,5907.56,2480.1399999999994,0.91796875,7684,303,BLAa,BLA,103,left,0
7685,7686,3,6375.639999999999,5908.82,2479.539999999999,0.03515625,7685,303,BLAa,BLA,103,left,0
7686,7687,3,6377.039999999999,5909.139999999999,2478.0600000000013,0.75,7686,303,BLAa,BLA,103,left,0
7687,7688,3,6378.84,5909.02,2477.48,0.91796875,7687,303,BLAa,BLA,103,left,0
7688,7689,3,6381.3,5909.9800000000005,2476.2000000000007,1.0,7688,303,BLAa,BLA,103,left,0
7689,7690,3,6382.6,5910.62,2474.880000000001,0.91796875,7689,303,BLAa,BLA,103,left,0
7690,7691,3,6384.32,5911.4400000000005,2473.5599999999995,1.0,7690,303,BLAa,BLA,103,left,0
7691,7692,3,6386.4800000000005,5911.900000000001,2472.84,1.0,7691,303,BLAa,BLA,103,left,0
7692,7693,3,6388.74,5911.78,2472.5,0.5,7692,303,BLAa,BLA,103,left,0
7693,7694,3,6390.22,5911.36,2471.32,0.66796875,7693,303,BLAa,BLA,103,left,0
7694,7695,3,6392.02,5911.620000000001,2470.3,0.83203125,7694,303,BLAa,BLA,103,left,0
7695,7696,3,6392.960000000001,5911.16,2469.2800000000007,0.83203125,7695,303,BLAa,BLA,103,left,0
7696,7697,3,6394.679999999999,5911.74,2468.459999999999,1.0,7696,303,BLAa,BLA,103,left,0
7697,7698,3,6396.24,5912.5,2467.540000000001,0.5,7697,303,BLAa,BLA,103,left,0
7698,7699,3,6397.32,5913.04,2465.9,0.75,7698,303,BLAa,BLA,103,left,0
7699,7700,3,6398.360000000001,5913.56,2464.7000000000007,0.58203125,7699,303,BLAa,BLA,103,left,0
7700,7701,3,6400.08,5914.38,2463.4,1.08203125,7700,303,BLAa,BLA,103,left,0
7701,7702,3,6401.42,5914.46,2462.24,0.83203125,7701,303,BLAa,BLA,103,left,0
7702,7703,3,6403.32,5914.46,2462.4,1.0,7702,303,BLAa,BLA,103,left,0
7703,7704,3,6404.84,5915.119999999999,2461.1800000000003,0.0546875,7703,303,BLAa,BLA,103,left,0
7704,7705,3,6407.219999999999,5916.26,2459.76,1.0,7704,303,BLAa,BLA,103,left,0
7705,7706,3,6408.7,5916.94,2459.0599999999995,1.0,7705,303,BLAa,BLA,103,left,0
7706,7707,3,6411.18,5918.02,2458.22,0.66796875,7706,303,BLAa,BLA,103,left,0
7707,7708,3,6413.4400000000005,5918.18,2458.48,1.0,7707,303,BLAa,BLA,103,left,0
7708,7709,3,6415.56,5918.56,2458.279999999999,1.0,7708,303,BLAa,BLA,103,left,0
7709,7710,3,6417.219999999999,5919.34,2457.42,1.0,7709,303,BLAa,BLA,103,left,0
7710,7711,3,6418.64,5920.04,2456.2000000000007,0.91796875,7710,303,BLAa,BLA,103,left,0
7711,7712,3,6419.120000000001,5920.06,2454.6800000000003,0.83203125,7711,303,BLAa,BLA,103,left,0
7712,7713,3,6420.52,5919.64,2454.34,0.91796875,7712,303,BLAa,BLA,103,left,0
7713,7714,3,6422.780000000001,5920.119999999999,2454.0200000000004,0.5,7713,303,BLAa,BLA,103,left,0
7714,7715,3,6424.8,5920.1,2453.74,0.83203125,7714,303,BLAa,BLA,103,left,0
7715,7716,3,6427.4400000000005,5920.06,2454.1399999999994,1.0,7715,303,BLAa,BLA,103,left,0
7716,7717,3,6429.42,5919.099999999999,2454.619999999999,1.0,7716,303,BLAa,BLA,103,left,0
7717,7718,3,6431.2,5917.219999999999,2455.1800000000003,1.0,7717,303,BLAa,BLA,103,left,0
7718,7719,3,6432.380000000001,5915.66,2454.76,0.66796875,7718,303,BLAa,BLA,103,left,0
7719,7720,3,6433.66,5914.52,2453.6000000000004,0.91796875,7719,303,BLAa,BLA,103,left,0
7720,7721,3,6433.959999999999,5913.64,2451.699999999999,0.91796875,7720,303,BLAa,BLA,103,left,0
7721,7722,3,6433.02,5913.24,2450.98,1.5,7721,303,BLAa,BLA,103,left,0
7722,7723,3,6435.78,5914.099999999999,2452.24,0.02734375,7722,303,BLAa,BLA,103,left,0
7723,7724,3,6437.34,5912.619999999999,2452.48,0.58203125,7723,303,BLAa,BLA,103,left,0
7724,7725,3,6437.66,5911.92,2451.16,0.58203125,7724,303,BLAa,BLA,103,left,0
7725,7726,3,6438.42,5910.22,2450.0,0.91796875,7725,303,BLAa,BLA,103,left,0
7726,7727,3,6439.26,5908.379999999999,2449.400000000001,0.83203125,7726,303,BLAa,BLA,103,left,0
7727,7728,3,6440.2,5906.58,2448.8600000000006,0.75,7727,303,BLAa,BLA,103,left,0
7728,7729,3,6441.12,5906.54,2448.32,0.91796875,7728,303,BLAa,BLA,103,left,0
7729,7730,3,6442.759999999999,5906.26,2448.1800000000003,0.1015625,7729,303,BLAa,BLA,103,left,0
7730,7731,3,6444.24,5905.259999999999,2446.92,0.5,7730,303,BLAa,BLA,103,left,0
7731,7732,3,6445.4,5904.6,2445.58,1.16796875,7731,303,BLAa,BLA,103,left,0
7732,7733,3,6447.74,5903.84,2445.879999999999,1.0,7732,303,BLAa,BLA,103,left,0
7733,7734,3,6450.1,5903.6,2446.3,0.75,7733,303,BLAa,BLA,103,left,1
9837,9838,3,6297.92,6045.08,2465.34,0.02734375,7569,303,BLAa,BLA,124,left,0
9838,9839,3,6299.44,6048.3,2463.92,0.91796875,9838,884,amc,amc,124,left,0
9839,9840,3,6300.119999999999,6049.9,2463.0600000000013,1.08203125,9839,884,amc,amc,124,left,0
9840,9841,3,6301.620000000001,6051.98,2462.9,1.0,9840,884,amc,amc,124,left,0
9841,9842,3,6302.58,6054.06,2461.76,0.83203125,9841,884,amc,amc,124,left,0
9842,9843,3,6303.540000000001,6055.879999999999,2460.2800000000007,0.75,9842,884,amc,amc,124,left,0
9843,9844,3,6304.6,6058.360000000001,2458.6399999999994,0.5,9843,884,amc,amc,124,left,0
9844,9845,3,6305.34,6060.24,2457.48,1.16796875,9844,884,amc,amc,124,left,0
9845,9846,3,6306.4400000000005,6061.280000000001,2456.4,1.0,9845,884,amc,amc,124,left,0
9846,9847,3,6307.759999999999,6062.26,2455.5200000000004,1.0,9846,884,amc,amc,124,left,0
9847,9848,3,6307.619999999999,6063.16,2454.0,0.58203125,9847,884,amc,amc,124,left,0
9848,9849,3,6308.42,6064.880000000001,2452.98,0.03125,9848,884,amc,amc,124,left,0
9849,9850,3,6310.119999999999,6067.16,2451.42,0.5,9849,884,amc,amc,124,left,0
9850,9851,3,6311.26,6069.38,2449.82,0.58203125,9850,884,amc,amc,124,left,0
9851,9852,3,6312.42,6071.56,2449.5599999999995,1.0,9851,884,amc,amc,124,left,0
9852,9853,3,6312.56,6074.880000000001,2449.0200000000004,0.83203125,9852,884,amc,amc,124,left,0
9853,9854,3,6312.5,6076.94,2447.98,1.0,9853,884,amc,amc,124,left,0
9854,9855,3,6312.5,6079.099999999999,2446.900000000001,1.0,9854,884,amc,amc,124,left,0
9855,9856,3,6311.92,6080.8,2445.9,0.91796875,9855,884,amc,amc,124,left,0
9856,9857,3,6311.799999999999,6083.339999999999,2445.5200000000004,1.0,9856,884,amc,amc,124,left,0
9857,9858,3,6311.040000000001,6085.280000000001,2444.959999999999,0.83203125,9857,966,EPv,EP,124,left,0
9858,9859,3,6311.26,6086.32,2444.0200000000004,1.0,9858,966,EPv,EP,124,left,0
9859,9860,3,6312.34,6088.0,2443.7800000000007,1.0,9859,966,EPv,EP,124,left,0
9860,9861,3,6312.4400000000005,6090.1,2443.540000000001,1.0,9860,966,EPv,EP,124,left,0
9861,9862,3,6311.76,6092.7,2442.960000000001,0.91796875,9861,966,EPv,EP,124,left,0
9862,9863,3,6311.24,6094.48,2441.900000000001,0.91796875,9862,966,EPv,EP,124,left,0
9863,9864,3,6312.380000000001,6095.900000000001,2441.380000000001,0.83203125,9863,966,EPv,EP,124,left,0
9864,9865,3,6312.54,6097.240000000001,2440.32,0.91796875,9864,966,EPv,EP,124,left,0
9865,9866,3,6312.28,6099.539999999999,2439.880000000001,1.0,9865,966,EPv,EP,124,left,0
9866,9867,3,6311.7,6103.08,2438.66,0.75,9866,966,EPv,EP,124,left,0
9867,9868,3,6312.26,6105.460000000001,2437.92,0.75,9867,966,EPv,EP,124,left,0
9868,9869,3,6313.02,6107.56,2437.1000000000004,0.04296875,9868,966,EPv,EP,124,left,0
9869,9870,3,6313.16,6110.8,2435.7000000000007,0.91796875,9869,966,EPv,EP,124,left,0
9870,9871,3,6313.959999999999,6112.960000000001,2434.8,0.75,9870,966,EPv,EP,124,left,0
9871,9872,3,6315.82,6116.599999999999,2434.9400000000005,0.91796875,9871,966,EPv,EP,124,left,0
9872,9873,3,6315.48,6118.74,2435.48,1.0,9872,966,EPv,EP,124,left,0
9873,9874,3,6315.62,6120.48,2436.2000000000007,0.91796875,9873,966,EPv,EP,124,left,0
9874,9875,3,6315.56,6122.46,2436.48,1.0,9874,966,EPv,EP,124,left,0
9875,9876,3,6316.76,6123.92,2437.140000000001,0.91796875,9875,966,EPv,EP,124,left,0
9876,9877,3,6318.18,6125.82,2437.7000000000007,1.0,9876,966,EPv,EP,124,left,0
9877,9878,3,6317.94,6127.84,2437.7800000000007,0.83203125,9877,966,EPv,EP,124,left,0
9878,9879,3,6317.200000000001,6129.76,2438.22,1.25,9878,966,EPv,EP,124,left,0
9879,9880,3,6317.46,6131.92,2438.16,1.0,9879,966,EPv,EP,124,left,0
9880,9881,3,6318.5,6133.56,2438.1399999999994,1.0,9880,966,EPv,EP,124,left,0
9881,9882,3,6318.959999999999,6136.84,2438.459999999999,1.5,9881,966,EPv,EP,124,left,0
9882,9883,3,6319.139999999999,6139.04,2439.619999999999,0.5,9882,966,EPv,EP,124,left,0
9883,9884,3,6320.54,6140.9400000000005,2440.1399999999994,1.0,9883,966,EPv,EP,124,left,0
9884,9885,3,6322.200000000001,6143.28,2440.1000000000004,1.0,9884,966,EPv,EP,124,left,0
9885,9886,3,6322.98,6145.34,2439.98,0.91796875,9885,966,EPv,EP,124,left,0
9886,9887,3,6324.2,6147.5,2440.0599999999995,1.0,9886,966,EPv,EP,124,left,0
9887,9888,3,6325.259999999999,6148.82,2440.8600000000006,0.66796875,9887,966,EPv,EP,124,left,0
9888,9889,3,6326.4800000000005,6151.24,2441.1000000000004,0.66796875,9888,966,EPv,EP,124,left,0
9889,9890,3,6328.9400000000005,6153.58,2441.1800000000003,0.5,9889,966,EPv,EP,124,left,0
9890,9891,3,6330.08,6155.700000000001,2441.1000000000004,0.5,9890,966,EPv,EP,124,left,0
9891,9892,3,6331.68,6157.02,2441.2000000000007,0.08203125,9891,966,EPv,EP,124,left,0
9892,9893,3,6332.72,6158.959999999999,2441.119999999999,1.0,9892,966,EPv,EP,124,left,0
9893,9894,3,6334.26,6161.82,2441.0,1.41796875,9893,966,EPv,EP,124,left,0
9894,9895,3,6333.64,6164.22,2440.959999999999,0.75,9894,966,EPv,EP,124,left,0
9895,9896,3,6332.4800000000005,6166.7,2441.699999999999,1.25,9895,966,EPv,EP,124,left,0
9896,9897,3,6331.3,6169.2,2443.4,0.66796875,9896,966,EPv,EP,124,left,0
9897,9898,3,6331.0,6170.8,2444.400000000001,0.5,9897,966,EPv,EP,124,left,0
9898,9899,3,6332.32,6172.02,2444.640000000001,1.0,9898,966,EPv,EP,124,left,0
9899,9900,3,6331.18,6172.52,2445.82,0.0546875,9899,966,EPv,EP,124,left,0
9900,9901,3,6330.42,6175.119999999999,2446.66,1.0,9900,966,EPv,EP,124,left,0
9901,9902,3,6330.700000000001,6176.26,2447.5,0.75,9901,966,EPv,EP,124,left,0
9902,9903,3,6329.880000000001,6178.12,2449.1800000000003,1.0,9902,966,EPv,EP,124,left,0
9903,9904,3,6329.38,6180.02,2450.539999999999,0.5,9903,966,EPv,EP,124,left,0
9904,9905,3,6330.16,6182.06,2450.84,0.58203125,9904,966,EPv,EP,124,left,0
9905,9906,3,6298.400000000001,6043.540000000001,2465.72,0.0546875,7569,303,BLAa,BLA,125,left,0
9906,9907,3,6298.82,6044.18,2462.58,1.0,9906,884,amc,amc,125,left,0
9907,9908,3,6298.74,6044.24,2458.8,1.0,9907,884,amc,amc,125,left,0
9908,9909,3,6298.68,6044.299999999999,2456.2800000000007,1.0,9908,884,amc,amc,125,left,0
9909,9910,3,6300.52,6045.320000000001,2454.880000000001,0.0546875,9909,884,amc,amc,125,left,0
9910,9911,3,6300.58,6046.32,2452.84,1.0,9910,884,amc,amc,125,left,0
9911,9912,3,6301.1,6047.240000000001,2451.3,0.5,9911,884,amc,amc,125,left,0
9912,9913,3,6300.700000000001,6048.52,2449.619999999999,1.0,9912,884,amc,amc,125,left,0
9913,9914,3,6300.04,6049.78,2445.6399999999994,1.33203125,9913,884,amc,amc,125,left,0
9914,9915,3,6299.700000000001,6050.44,2443.7000000000007,1.33203125,9914,884,amc,amc,125,left,0
9915,9916,3,6301.08,6051.74,2442.58,0.91796875,9915,884,amc,amc,125,left,0
9916,9917,3,6303.18,6052.92,2442.6800000000003,0.5,9916,884,amc,amc,125,left,0
9917,9918,3,6303.5,6054.099999999999,2441.9399999999987,1.08203125,9917,884,amc,amc,125,left,0
9918,9919,3,6303.360000000001,6054.360000000001,2439.1800000000003,1.08203125,9918,884,amc,amc,125,left,0
9919,9920,3,6303.28,6054.42,2435.42,1.0,9919,884,amc,amc,125,left,0
9920,9921,3,6303.24,6054.46,2432.880000000001,1.0,9920,966,EPv,EP,125,left,0
9921,9922,3,6303.139999999999,6055.14,2431.16,1.0,9921,966,EPv,EP,125,left,0
9922,9923,3,6304.120000000001,6056.34,2430.959999999999,1.0,9922,966,EPv,EP,125,left,0
9923,9924,3,6306.0,6057.28,2429.24,0.0390625,9923,884,amc,amc,125,left,0
9924,9925,3,6307.16,6057.9,2425.3599999999988,1.0,9924,884,amc,amc,125,left,0
9925,9926,3,6307.219999999999,6058.0,2422.4,0.91796875,9925,966,EPv,EP,125,left,0
9926,9927,3,6307.88,6058.339999999999,2420.48,1.25,9926,966,EPv,EP,125,left,0
9927,9928,3,6308.42,6058.64,2418.1399999999994,0.91796875,9927,966,EPv,EP,125,left,0
9928,9929,3,6309.160000000001,6059.0,2416.8,1.0,9928,966,EPv,EP,125,left,0
9929,9930,3,6309.32,6059.139999999999,2414.1000000000004,1.0,9929,966,EPv,EP,125,left,0
9930,9931,3,6309.719999999999,6059.76,2411.4,0.91796875,9930,966,EPv,EP,125,left,0
9931,9932,3,6309.9,6060.839999999999,2409.42,1.08203125,9931,966,EPv,EP,125,left,0
9932,9933,3,6310.18,6061.2,2406.8600000000006,0.05859375,9932,966,EPv,EP,125,left,0
9933,9934,3,6311.7,6061.92,2405.7000000000007,0.75,9933,966,EPv,EP,125,left,0
9934,9935,3,6313.08,6062.56,2404.0599999999995,0.91796875,9934,966,EPv,EP,125,left,0
9935,9936,3,6314.0,6063.02,2402.24,1.0,9935,966,EPv,EP,125,left,0
9936,9937,3,6315.06,6063.719999999999,2399.9,1.33203125,9936,966,EPv,EP,125,left,0
9937,9938,3,6315.68,6064.96,2398.5,1.08203125,9937,966,EPv,EP,125,left,0
9938,9939,3,6316.16,6065.639999999999,2396.540000000001,1.0,9938,966,EPv,EP,125,left,0
9939,9940,3,6315.96,6066.620000000001,2394.400000000001,0.91796875,9939,966,EPv,EP,125,left,0
9940,9941,3,6315.900000000001,6068.68,2393.120000000001,2.08203125,9940,966,EPv,EP,125,left,0
9941,9942,3,6315.66,6070.04,2391.3600000000006,1.83203125,9941,966,EPv,EP,125,left,0
9942,9943,3,6316.32,6070.76,2389.74,0.58203125,9942,966,EPv,EP,125,left,0
9943,9944,3,6316.74,6072.5,2387.8599999999988,1.0,9943,966,EPv,EP,125,left,0
9944,9945,3,6318.68,6074.539999999999,2385.800000000001,1.0,9944,966,EPv,EP,125,left,0
9945,9946,3,6319.880000000001,6075.14,2383.4,0.5,9945,966,EPv,EP,125,left,0
9946,9947,3,6321.32,6075.54,2382.279999999999,0.83203125,9946,966,EPv,EP,125,left,0
9947,9948,3,6322.0,6074.6,2381.92,1.08203125,9947,966,EPv,EP,125,left,0
9948,9949,3,6323.959999999999,6075.68,2379.6800000000003,0.01953125,9948,966,EPv,EP,125,left,0
9949,9950,3,6323.780000000001,6076.98,2377.58,1.16796875,9949,966,EPv,EP,125,left,0
9950,9951,3,6323.099999999999,6078.9800000000005,2376.459999999999,0.58203125,9950,966,EPv,EP,125,left,0
9951,9952,3,6323.8,6080.06,2376.4400000000005,1.0,9951,966,EPv,EP,125,left,0
9952,9953,3,6325.56,6080.839999999999,2376.4,0.08203125,9952,966,EPv,EP,125,left,0
9953,9954,3,6326.14,6081.16,2374.400000000001,1.16796875,9953,966,EPv,EP,125,left,0
9954,9955,3,6326.14,6081.219999999999,2372.119999999999,1.0,9954,966,EPv,EP,125,left,0
9955,9956,3,6327.619999999999,6082.12,2371.76,0.16796875,9955,966,EPv,EP,125,left,0
9956,9957,3,6328.64,6084.0,2371.6000000000004,1.0,9956,966,EPv,EP,125,left,0
9957,9958,3,6331.32,6086.599999999999,2370.5200000000004,1.0,9957,966,EPv,EP,125,left,0
9958,9959,3,6332.780000000001,6087.02,2369.5,0.75,9958,966,EPv,EP,125,left,0
9959,9960,3,6333.84,6086.26,2369.5599999999995,1.08203125,9959,966,EPv,EP,125,left,0
9960,9961,3,6336.06,6087.179999999999,2367.880000000001,0.0390625,9960,966,EPv,EP,125,left,0
9961,9962,3,6337.9,6086.82,2366.4,2.0,9961,966,EPv,EP,125,left,0
9962,9963,3,6338.7,6087.08,2363.84,0.58203125,9962,966,EPv,EP,125,left,0
9963,9964,3,6340.0,6087.68,2362.82,1.0,9963,966,EPv,EP,125,left,0
9964,9965,3,6341.639999999999,6088.48,2360.7000000000007,0.0546875,9964,966,EPv,EP,125,left,0
9965,9966,3,6343.26,6089.28,2358.26,0.75,9965,966,EPv,EP,125,left,0
9966,9967,3,6344.76,6089.48,2357.9,0.66796875,9966,966,EPv,EP,125,left,0
9967,9968,3,6345.900000000001,6088.400000000001,2357.1000000000004,0.58203125,9967,966,EPv,EP,125,left,0
9968,9969,3,6347.54,6088.28,2355.0,1.0,9968,966,EPv,EP,125,left,0
9969,9970,3,6349.56,6088.959999999999,2354.2800000000007,0.83203125,9969,966,EPv,EP,125,left,0
9970,9971,3,6350.34,6088.26,2352.76,0.91796875,9970,966,EPv,EP,125,left,0
9971,9972,3,6350.4,6088.18,2350.66,1.08203125,9971,966,EPv,EP,125,left,0
9972,9973,3,6353.0,6087.4,2350.5999999999985,0.05859375,9972,966,EPv,EP,125,left,0
9973,9974,3,6355.58,6085.38,2351.2000000000007,0.91796875,9973,966,EPv,EP,125,left,1
9974,9975,3,6259.8,6040.460000000001,2439.6800000000003,0.02734375,7616,966,EPv,EP,126,left,0
9975,9976,3,6259.48,6042.26,2439.32,1.0,9975,966,EPv,EP,126,left,0
9976,9977,3,6259.9800000000005,6043.76,2438.34,0.66796875,9976,966,EPv,EP,126,left,0
9977,9978,3,6260.58,6046.08,2437.32,0.5,9977,966,EPv,EP,126,left,0
9978,9979,3,6260.54,6048.56,2436.32,0.75,9978,966,EPv,EP,126,left,0
9979,9980,3,6261.4,6049.96,2436.3,1.0,9979,966,EPv,EP,126,left,0
9980,9981,3,6260.5,6053.04,2435.800000000001,1.75,9980,966,EPv,EP,126,left,0
9981,9982,3,6258.68,6056.7,2435.08,1.0,9981,966,EPv,EP,126,left,0
9982,9983,3,6257.46,6059.160000000001,2434.6000000000004,1.0,9982,966,EPv,EP,126,left,0
9983,9984,3,6256.58,6060.9400000000005,2434.26,1.33203125,9983,966,EPv,EP,126,left,0
9984,9985,3,6255.92,6063.3,2433.880000000001,0.07421875,9984,966,EPv,EP,126,left,0
9985,9986,3,6256.88,6065.259999999999,2433.82,0.58203125,9985,966,EPv,EP,126,left,0
9986,9987,3,6258.52,6066.860000000001,2433.9,1.0,9986,966,EPv,EP,126,left,0
9987,9988,3,6257.960000000001,6069.56,2432.720000000001,1.08203125,9987,966,EPv,EP,126,left,0
9988,9989,3,6257.06,6071.38,2431.0,0.83203125,9988,966,EPv,EP,126,left,1
9989,9990,3,6259.679999999999,6036.54,2440.32,0.08203125,7616,966,EPv,EP,127,left,0
9990,9991,3,6258.719999999999,6037.1,2441.380000000001,1.5,9990,966,EPv,EP,127,left,0
9991,9992,3,6257.799999999999,6039.0,2442.5599999999995,1.0,9991,966,EPv,EP,127,left,0
9992,9993,3,6255.96,6042.74,2443.3600000000006,0.58203125,9992,966,EPv,EP,127,left,0
9993,9994,3,6254.86,6044.5,2444.120000000001,0.5,9993,966,EPv,EP,127,left,0
9994,9995,3,6253.76,6044.42,2444.5599999999995,1.0,9994,966,EPv,EP,127,left,0
9995,9996,3,6251.14,6044.9400000000005,2444.640000000001,0.02734375,9995,966,EPv,EP,127,left,0
9996,9997,3,6249.539999999999,6047.26,2444.82,1.0,9996,966,EPv,EP,127,left,0
9997,9998,3,6247.98,6049.58,2444.3,1.0,9997,966,EPv,EP,127,left,0
9998,9999,3,6245.8,6050.52,2443.98,0.5,9998,966,EPv,EP,127,left,0
9999,10000,3,6243.9800000000005,6052.799999999999,2444.5200000000004,1.08203125,9999,966,EPv,EP,127,left,0
10000,10001,3,6242.88,6054.84,2444.9,1.25,10000,966,EPv,EP,127,left,0
10001,10002,3,6241.5,6056.02,2445.040000000001,1.0,10001,966,EPv,EP,127,left,0
10002,10003,3,6239.58,6058.780000000001,2444.42,1.16796875,10002,966,EPv,EP,127,left,0
10003,10004,3,6237.74,6062.4400000000005,2443.72,1.41796875,10003,966,EPv,EP,127,left,0
10004,10005,3,6235.879999999999,6066.16,2443.0,1.25,10004,966,EPv,EP,127,left,0
10005,10006,3,6234.66,6068.6,2442.540000000001,1.0,10005,966,EPv,EP,127,left,0
10006,10007,3,6234.26,6069.28,2439.74,0.0546875,10006,966,EPv,EP,127,left,0
10007,10008,3,6233.46,6070.82,2438.300000000001,1.41796875,10007,966,EPv,EP,127,left,0
10008,10009,3,6233.06,6072.66,2437.9400000000005,1.0,10008,966,EPv,EP,127,left,0
10009,10010,3,6232.86,6074.700000000001,2435.84,1.0,10009,966,EPv,EP,127,left,0
10010,10011,3,6232.36,6076.68,2433.959999999999,0.66796875,10010,966,EPv,EP,127,left,0
10011,10012,3,6233.58,6077.98,2433.74,1.0,10011,966,EPv,EP,127,left,0
10012,10013,3,6233.02,6079.62,2431.4,0.0390625,10012,966,EPv,EP,127,left,0
10013,10014,3,6231.52,6080.14,2430.6399999999994,1.0,10013,966,EPv,EP,127,left,1
10014,10015,3,6354.139999999999,5995.54,2525.1000000000004,0.03515625,7661,303,BLAa,BLA,128,left,0
10015,10016,3,6352.5,5997.58,2526.08,0.58203125,10015,303,BLAa,BLA,128,left,0
10016,10017,3,6351.54,5999.6,2527.08,0.75,10016,303,BLAa,BLA,128,left,0
10017,10018,3,6350.5,6001.799999999999,2527.4,1.25,10017,303,BLAa,BLA,128,left,0
10018,10019,3,6349.9400000000005,6003.0,2528.8600000000006,0.66796875,10018,303,BLAa,BLA,128,left,0
10019,10020,3,6349.18,6004.6,2529.42,0.91796875,10019,303,BLAa,BLA,128,left,0
10020,10021,3,6347.780000000001,6007.56,2531.76,0.75,10020,303,BLAa,BLA,128,left,0
10021,10022,3,6346.2,6009.66,2533.8,1.08203125,10021,303,BLAa,BLA,128,left,0
10022,10023,3,6345.2,6010.36,2534.84,0.83203125,10022,303,BLAa,BLA,128,left,0
10023,10024,3,6359.0,5995.839999999999,2525.34,0.05078125,7661,303,BLAa,BLA,129,left,0
10024,10025,3,6361.06,5996.92,2525.5600000000013,0.00390625,10024,303,BLAa,BLA,129,left,0
10025,10026,3,6362.16,5998.48,2525.539999999999,1.25,10025,303,BLAa,BLA,129,left,0
10026,10027,3,6364.44,5999.700000000001,2525.779999999999,1.0,10026,303,BLAa,BLA,129,left,0
10027,10028,3,6367.74,6001.12,2526.1399999999994,1.0,10027,303,BLAa,BLA,129,left,0
10028,10029,3,6371.1,6002.56,2526.5200000000004,1.33203125,10028,303,BLAa,BLA,129,left,0
10029,10030,3,6373.32,6003.52,2526.7800000000007,1.0,10029,303,BLAa,BLA,129,left,0
10030,10031,3,6375.42,6004.82,2526.960000000001,1.0,10030,303,BLAa,BLA,129,left,0
10031,10032,3,6376.74,6006.32,2527.119999999999,0.91796875,10031,303,BLAa,BLA,129,left,0
10032,10033,3,6377.759999999999,6007.619999999999,2528.039999999999,0.5,10032,303,BLAa,BLA,129,left,0
10033,10034,3,6378.84,6009.44,2528.2000000000007,0.58203125,10033,303,BLAa,BLA,129,left,0
10034,10035,3,6380.66,6011.16,2528.279999999999,1.0,10034,303,BLAa,BLA,129,left,0
10035,10036,3,6379.679999999999,6014.099999999999,2527.720000000001,0.0546875,10035,303,BLAa,BLA,129,left,0
10036,10037,3,6379.08,6016.26,2527.9400000000005,1.25,10036,303,BLAa,BLA,129,left,0
10037,10038,3,6380.78,6017.52,2528.7000000000007,1.08203125,10037,303,BLAa,BLA,129,left,0
10038,10039,3,6382.32,6019.9800000000005,2528.6800000000003,1.0,10038,303,BLAa,BLA,129,left,0
10039,10040,3,6383.62,6022.68,2528.540000000001,1.0,10039,303,BLAa,BLA,129,left,0
10040,10041,3,6384.32,6024.719999999999,2528.4,1.0,10040,303,BLAa,BLA,129,left,0
10041,10042,3,6384.24,6027.46,2528.1800000000003,1.0,10041,303,BLAa,BLA,129,left,0
10042,10043,3,6383.58,6029.46,2528.6000000000004,0.91796875,10042,303,BLAa,BLA,129,left,0
10043,10044,3,6384.880000000001,6031.900000000001,2528.82,0.58203125,10043,303,BLAa,BLA,129,left,0
10044,10045,3,6385.8,6034.18,2528.3600000000006,0.58203125,10044,303,BLAa,BLA,129,left,0
10045,10046,3,6386.16,6035.700000000001,2527.4400000000005,0.5,10045,303,BLAa,BLA,129,left,0
10046,10047,3,6386.34,6038.139999999999,2526.98,1.0,10046,303,BLAa,BLA,129,left,0
10047,10048,3,6387.200000000001,6040.1,2526.879999999999,0.83203125,10047,303,BLAa,BLA,129,left,0
10048,10049,3,6386.92,6042.0,2526.58,1.0,10048,303,BLAa,BLA,129,left,0
10049,10050,3,6386.1,6044.120000000001,2526.1800000000003,1.0,10049,303,BLAa,BLA,129,left,0
10050,10051,3,6386.4,6045.900000000001,2526.0,1.0,10050,303,BLAa,BLA,129,left,0
10051,10052,3,6387.98,6047.4800000000005,2526.040000000001,1.0,10051,303,BLAa,BLA,129,left,0
10052,10053,3,6387.240000000001,6051.040000000001,2525.48,0.03515625,10052,303,BLAa,BLA,129,left,0
10053,10054,3,6387.16,6053.66,2525.1399999999994,1.0,10053,303,BLAa,BLA,129,left,0
10054,10055,3,6387.619999999999,6055.96,2525.0200000000004,0.83203125,10054,303,BLAa,BLA,129,left,0
10055,10056,3,6388.540000000001,6056.72,2525.779999999999,1.0,10055,303,BLAa,BLA,129,left,0
10056,10057,3,6391.280000000001,6057.86,2526.540000000001,1.0,10056,303,BLAa,BLA,129,left,0
10057,10058,3,6393.92,6059.22,2526.8,0.83203125,10057,303,BLAa,BLA,129,left,0
10058,10059,3,6395.22,6061.18,2526.76,0.66796875,10058,303,BLAa,BLA,129,left,0
10059,10060,3,6397.52,6063.52,2526.82,1.0,10059,303,BLAa,BLA,129,left,0
10060,10061,3,6399.02,6064.42,2526.960000000001,0.83203125,10060,303,BLAa,BLA,129,left,0
10061,10062,3,6399.099999999999,6065.700000000001,2526.8,1.0,10061,303,BLAa,BLA,129,left,0
10062,10063,3,6402.02,6066.94,2527.119999999999,0.02734375,10062,303,BLAa,BLA,129,left,0
10063,10064,3,6403.68,6067.66,2527.3,1.0,10063,303,BLAa,BLA,129,left,1
11732,11733,3,6331.74,6182.02,2453.0200000000004,0.046875,9905,966,EPv,EP,142,left,0
11733,11734,3,6332.6,6182.46,2455.76,1.25,11733,966,EPv,EP,142,left,0
11734,11735,3,6333.400000000001,6183.92,2456.6800000000003,0.5,11734,966,EPv,EP,142,left,0
11735,11736,3,6333.28,6186.36,2458.9400000000005,1.16796875,11735,966,EPv,EP,142,left,0
11736,11737,3,6333.92,6187.92,2460.76,0.91796875,11736,966,EPv,EP,142,left,0
11737,11738,3,6335.700000000001,6189.32,2462.84,1.0,11737,966,EPv,EP,142,left,0
11738,11739,3,6337.780000000001,6191.08,2463.72,1.0,11738,966,EPv,EP,142,left,0
11739,11740,3,6338.6,6192.9,2463.619999999999,1.0,11739,966,EPv,EP,142,left,0
11740,11741,3,6340.22,6195.24,2463.58,1.0,11740,966,EPv,EP,142,left,0
11741,11742,3,6341.280000000001,6197.94,2463.42,0.66796875,11741,966,EPv,EP,142,left,0
11742,11743,3,6342.6,6200.04,2463.379999999999,0.83203125,11742,966,EPv,EP,142,left,0
11743,11744,3,6344.299999999999,6203.88,2463.16,0.91796875,11743,966,EPv,EP,142,left,0
11744,11745,3,6345.22,6206.24,2463.0200000000004,1.0,11744,966,EPv,EP,142,left,0
11745,11746,3,6346.84,6207.619999999999,2462.6399999999994,1.0,11745,966,EPv,EP,142,left,0
11746,11747,3,6349.24,6208.76,2460.42,1.25,11746,966,EPv,EP,142,left,0
11747,11748,3,6351.16,6210.06,2458.4400000000005,1.0,11747,966,EPv,EP,142,left,0
11748,11749,3,6351.54,6211.2,2456.8,0.91796875,11748,966,EPv,EP,142,left,0
11749,11750,3,6353.12,6212.52,2455.72,0.75,11749,966,EPv,EP,142,left,0
11750,11751,3,6354.48,6214.2,2455.72,1.0,11750,966,EPv,EP,142,left,0
11751,11752,3,6355.320000000001,6215.98,2455.0200000000004,1.16796875,11751,966,EPv,EP,142,left,0
11752,11753,3,6356.24,6217.86,2453.82,1.16796875,11752,966,EPv,EP,142,left,0
11753,11754,3,6358.24,6220.44,2452.9400000000005,1.0,11753,966,EPv,EP,142,left,0
11754,11755,3,6359.46,6221.68,2452.960000000001,0.16796875,11754,966,EPv,EP,142,left,0
11755,11756,3,6360.66,6223.9800000000005,2452.8599999999988,0.5,11755,966,EPv,EP,142,left,0
11756,11757,3,6362.6,6226.620000000001,2452.84,1.0,11756,966,EPv,EP,142,left,0
11757,11758,3,6364.02,6228.540000000001,2452.960000000001,0.58203125,11757,966,EPv,EP,142,left,0
11758,11759,3,6365.280000000001,6229.44,2453.9400000000005,0.66796875,11758,966,EPv,EP,142,left,0
11759,11760,3,6366.82,6230.96,2454.3600000000006,0.5,11759,966,EPv,EP,142,left,0
11760,11761,3,6367.64,6232.98,2455.0599999999995,0.5,11760,966,EPv,EP,142,left,0
11761,11762,3,6368.42,6235.02,2455.4400000000005,0.91796875,11761,966,EPv,EP,142,left,0
11762,11763,3,6369.58,6236.08,2456.4,0.91796875,11762,966,EPv,EP,142,left,0
11763,11764,3,6370.82,6237.7,2456.540000000001,1.0,11763,966,EPv,EP,142,left,0
11764,11765,3,6371.219999999999,6239.62,2457.24,1.0,11764,966,EPv,EP,142,left,0
11765,11766,3,6370.839999999999,6241.12,2458.279999999999,0.75,11765,966,EPv,EP,142,left,0
11766,11767,3,6372.06,6243.200000000001,2458.6399999999994,0.58203125,11766,966,EPv,EP,142,left,0
11767,11768,3,6372.5,6245.42,2458.4400000000005,1.16796875,11767,966,EPv,EP,142,left,0
11768,11769,3,6372.219999999999,6247.9,2458.0999999999985,2.0,11768,966,EPv,EP,142,left,0
11769,11770,3,6373.3,6249.18,2458.32,1.08203125,11769,966,EPv,EP,142,left,0
11770,11771,3,6373.88,6249.38,2459.4399999999987,1.08203125,11770,966,EPv,EP,142,left,0
11771,11772,3,6374.9400000000005,6248.58,2459.7000000000007,0.1796875,11771,966,EPv,EP,142,left,0
11772,11773,3,6377.58,6249.46,2459.959999999999,1.0,11772,966,EPv,EP,142,left,0
11773,11774,3,6379.58,6250.56,2460.1000000000004,0.5,11773,966,EPv,EP,142,left,0
11774,11775,3,6380.96,6252.219999999999,2460.1000000000004,1.16796875,11774,966,EPv,EP,142,left,0
11775,11776,3,6383.360000000001,6253.66,2460.26,0.83203125,11775,966,EPv,EP,142,left,0
11776,11777,3,6384.76,6255.66,2460.220000000001,0.75,11776,966,EPv,EP,142,left,0
11777,11778,3,6387.12,6258.06,2459.5,1.0,11777,966,EPv,EP,142,left,0
11778,11779,3,6389.139999999999,6259.0,2458.22,0.75,11778,966,EPv,EP,142,left,0
11779,11780,3,6391.36,6259.96,2458.039999999999,1.0,11779,966,EPv,EP,142,left,1
11780,11781,3,6329.18,6180.98,2451.040000000001,0.046875,9905,966,EPv,EP,143,left,0
11781,11782,3,6328.139999999999,6181.78,2451.720000000001,1.0,11781,966,EPv,EP,143,left,0
11782,11783,3,6327.08,6184.08,2451.5,1.0,11782,966,EPv,EP,143,left,0
11783,11784,3,6326.06,6186.3,2451.900000000001,0.5,11783,966,EPv,EP,143,left,0
11784,11785,3,6324.96,6188.64,2452.1000000000004,0.75,11784,966,EPv,EP,143,left,0
11785,11786,3,6323.780000000001,6191.2,2452.6000000000004,0.66796875,11785,966,EPv,EP,143,left,0
11786,11787,3,6321.58,6194.26,2452.279999999999,0.75,11786,966,EPv,EP,143,left,0
11787,11788,3,6320.08,6195.78,2453.1800000000003,0.58203125,11787,966,EPv,EP,143,left,0
11788,11789,3,6318.780000000001,6195.8,2454.0,1.0,11788,966,EPv,EP,143,left,0
11789,11790,3,6317.58,6195.66,2454.72,0.11328125,11789,966,EPv,EP,143,left,0
11790,11791,3,6316.56,6196.12,2456.6800000000003,0.91796875,11790,966,EPv,EP,143,left,0
11791,11792,3,6314.9800000000005,6195.98,2457.4,0.75,11791,966,EPv,EP,143,left,0
11792,11793,3,6313.86,6196.98,2458.619999999999,0.83203125,11792,966,EPv,EP,143,left,0
11793,11794,3,6312.820000000001,6199.2,2459.2800000000007,0.83203125,11793,966,EPv,EP,143,left,0
11794,11795,3,6311.78,6201.4,2459.880000000001,0.91796875,11794,966,EPv,EP,143,left,0
11795,11796,3,6310.72,6203.200000000001,2459.66,1.0,11795,966,EPv,EP,143,left,0
11796,11797,3,6309.0,6204.719999999999,2459.24,1.25,11796,966,EPv,EP,143,left,0
11797,11798,3,6307.92,6206.76,2458.84,1.0,11797,966,EPv,EP,143,left,0
11798,11799,3,6306.16,6208.02,2458.379999999999,0.83203125,11798,966,EPv,EP,143,left,0
11799,11800,3,6304.719999999999,6208.099999999999,2457.459999999999,0.66796875,11799,966,EPv,EP,143,left,0
11800,11801,3,6303.24,6209.5,2456.58,1.0,11800,966,EPv,EP,143,left,0
11801,11802,3,6301.36,6209.84,2456.0599999999995,0.5,11801,966,EPv,EP,143,left,0
11802,11803,3,6300.280000000001,6211.24,2454.5599999999995,1.0,11802,966,EPv,EP,143,left,0
11803,11804,3,6299.120000000001,6213.84,2452.9400000000005,0.83203125,11803,966,EPv,EP,143,left,0
11804,11805,3,6298.46,6215.320000000001,2452.039999999999,1.41796875,11804,966,EPv,EP,143,left,0
11805,11806,3,6298.64,6216.58,2450.24,0.5,11805,966,EPv,EP,143,left,0
11806,11807,3,6299.539999999999,6218.5,2449.120000000001,0.5,11806,966,EPv,EP,143,left,0
11807,11808,3,6298.84,6220.96,2448.039999999999,0.83203125,11807,966,EPv,EP,143,left,0
11808,11809,3,6297.98,6222.88,2446.7800000000007,0.91796875,11808,966,EPv,EP,143,left,0
11809,11810,3,6297.32,6224.86,2446.32,1.0,11809,966,EPv,EP,143,left,0
11810,11811,3,6297.98,6226.06,2446.2800000000007,1.0,11810,966,EPv,EP,143,left,0
11811,11812,3,6295.98,6225.2,2446.1000000000004,0.08203125,11811,966,EPv,EP,143,left,0
11812,11813,3,6294.02,6225.700000000001,2445.76,1.16796875,11812,966,EPv,EP,143,left,0
11813,11814,3,6292.5,6227.619999999999,2445.220000000001,0.66796875,11813,966,EPv,EP,143,left,0
11814,11815,3,6291.280000000001,6228.62,2444.1800000000003,0.66796875,11814,966,EPv,EP,143,left,0
11815,11816,3,6290.08,6231.06,2442.92,1.33203125,11815,966,EPv,EP,143,left,0
11816,11817,3,6289.299999999999,6232.88,2441.16,0.58203125,11816,966,EPv,EP,143,left,0
11817,11818,3,6288.56,6234.6,2439.34,0.66796875,11817,966,EPv,EP,143,left,0
11818,11819,3,6287.66,6236.900000000001,2438.5,1.0,11818,966,EPv,EP,143,left,0
11819,11820,3,6287.619999999999,6238.719999999999,2438.279999999999,0.5,11819,966,EPv,EP,143,left,0
11820,11821,3,6286.7,6241.92,2437.8,1.0,11820,966,EPv,EP,143,left,0
11821,11822,3,6285.48,6244.9,2437.3,0.91796875,11821,966,EPv,EP,143,left,0
11822,11823,3,6285.74,6246.459999999999,2437.16,1.0,11822,966,EPv,EP,143,left,0
11823,11824,3,6285.16,6248.56,2435.9400000000005,0.08203125,11823,966,EPv,EP,143,left,0
11824,11825,3,6284.099999999999,6251.1,2434.3,0.58203125,11824,966,EPv,EP,143,left,0
11825,11826,3,6282.9,6253.82,2433.4,1.25,11825,966,EPv,EP,143,left,0
11826,11827,3,6282.28,6255.5,2432.58,1.0,11826,966,EPv,EP,143,left,0
11827,11828,3,6282.7,6257.16,2431.7800000000007,1.0,11827,966,EPv,EP,143,left,0
11828,11829,3,6283.06,6259.9400000000005,2431.0200000000004,1.0,11828,966,EPv,EP,143,left,0
11829,11830,3,6284.2,6261.58,2430.1000000000004,0.58203125,11829,966,EPv,EP,143,left,0
11830,11831,3,6284.96,6263.9800000000005,2428.6399999999994,0.5,11830,966,EPv,EP,143,left,0
11831,11832,3,6285.900000000001,6265.68,2427.26,0.5,11831,966,EPv,EP,143,left,0
11832,11833,3,6286.94,6267.12,2425.1000000000004,0.83203125,11832,966,EPv,EP,143,left,0
11833,11834,3,6287.86,6268.46,2424.42,0.58203125,11833,966,EPv,EP,143,left,0
11834,11835,3,6287.4800000000005,6270.0,2422.3600000000006,0.75,11834,966,EPv,EP,143,left,0
11835,11836,3,6287.200000000001,6270.879999999999,2419.72,1.33203125,11835,966,EPv,EP,143,left,0
11836,11837,3,6286.2,6273.379999999999,2416.6399999999994,1.08203125,11836,966,EPv,EP,143,left,0
11837,11838,3,6285.599999999999,6275.36,2414.379999999999,0.5,11837,966,EPv,EP,143,left,0
11838,11839,3,6285.92,6277.06,2412.540000000001,0.5,11838,966,EPv,EP,143,left,0
11839,11840,3,6285.879999999999,6278.400000000001,2410.800000000001,0.91796875,11839,966,EPv,EP,143,left,0
11840,11841,3,6286.16,6279.9400000000005,2410.460000000001,1.0,11840,966,EPv,EP,143,left,0
11841,11842,3,6285.18,6282.74,2410.0200000000004,1.25,11841,966,EPv,EP,143,left,0
11842,11843,3,6284.42,6285.06,2409.66,1.0,11842,966,EPv,EP,143,left,0
11843,11844,3,6285.08,6286.26,2409.619999999999,1.0,11843,966,EPv,EP,143,left,1
11844,11845,3,6343.62,6011.040000000001,2535.34,0.08984375,10023,303,BLAa,BLA,144,left,0
11845,11846,3,6342.4,6012.68,2536.459999999999,1.33203125,11845,303,BLAa,BLA,144,left,0
11846,11847,3,6340.24,6013.099999999999,2537.140000000001,0.5,11846,303,BLAa,BLA,144,left,0
11847,11848,3,6339.32,6014.06,2538.3600000000006,1.0,11847,303,BLAa,BLA,144,left,0
11848,11849,3,6337.960000000001,6015.22,2539.72,0.83203125,11848,303,BLAa,BLA,144,left,0
11849,11850,3,6336.68,6016.860000000001,2540.460000000001,0.75,11849,303,BLAa,BLA,144,left,0
11850,11851,3,6335.78,6018.780000000001,2541.2800000000007,1.0,11850,303,BLAa,BLA,144,left,0
11851,11852,3,6334.82,6019.38,2542.32,0.91796875,11851,303,BLAa,BLA,144,left,0
11852,11853,3,6333.26,6019.38,2542.26,1.08203125,11852,303,BLAa,BLA,144,left,0
11853,11854,3,6332.1,6020.839999999999,2542.3600000000006,1.0,11853,303,BLAa,BLA,144,left,0
11854,11855,3,6331.34,6022.4400000000005,2543.5599999999995,0.66796875,11854,303,BLAa,BLA,144,left,0
11855,11856,3,6330.2,6024.120000000001,2544.72,0.5,11855,303,BLAa,BLA,144,left,0
11856,11857,3,6328.719999999999,6025.34,2545.0599999999995,0.83203125,11856,303,BLAa,BLA,144,left,0
11857,11858,3,6327.46,6027.72,2546.98,1.16796875,11857,303,BLAa,BLA,144,left,0
11858,11859,3,6327.039999999999,6029.099999999999,2548.32,0.5,11858,303,BLAa,BLA,144,left,0
11859,11860,3,6327.88,6029.679999999999,2549.040000000001,1.0,11859,303,BLAa,BLA,144,left,0
11860,11861,3,6327.98,6031.58,2549.6000000000004,0.0546875,11860,303,BLAa,BLA,144,left,0
11861,11862,3,6327.32,6033.66,2551.48,1.25,11861,303,BLAa,BLA,144,left,0
11862,11863,3,6326.56,6035.280000000001,2552.84,1.33203125,11862,303,BLAa,BLA,144,left,0
11863,11864,3,6325.9400000000005,6036.56,2553.7800000000007,1.41796875,11863,303,BLAa,BLA,144,left,0
11864,11865,3,6324.740000000001,6038.82,2554.74,1.08203125,11864,303,BLAa,BLA,144,left,0
11865,11866,3,6323.5,6039.82,2556.3,0.5,11865,303,BLAa,BLA,144,left,0
11866,11867,3,6322.179999999999,6041.599999999999,2557.3,1.16796875,11866,303,BLAa,BLA,144,left,0
11867,11868,3,6320.5,6045.08,2560.119999999999,0.5,11867,303,BLAa,BLA,144,left,0
11868,11869,3,6319.38,6047.42,2562.1000000000004,0.58203125,11868,303,BLAa,BLA,144,left,0
11869,11870,3,6318.780000000001,6048.7,2563.34,1.0,11869,303,BLAa,BLA,144,left,0
11870,11871,3,6317.960000000001,6049.719999999999,2565.1800000000003,0.5,11870,303,BLAa,BLA,144,left,0
11871,11872,3,6316.58,6050.66,2566.380000000001,1.0,11871,303,BLAa,BLA,144,left,0
11872,11873,3,6316.02,6052.08,2567.720000000001,0.91796875,11872,303,BLAa,BLA,144,left,0
11873,11874,3,6316.42,6053.4400000000005,2568.84,1.0,11873,303,BLAa,BLA,144,left,0
11874,11875,3,6318.12,6054.78,2569.92,1.0,11874,303,BLAa,BLA,144,left,0
11875,11876,3,6319.42,6055.460000000001,2569.0,1.0,11875,303,BLAa,BLA,144,left,0
11876,11877,3,6319.099999999999,6056.38,2567.5599999999995,0.75,11876,303,BLAa,BLA,144,left,0
11877,11878,3,6318.64,6057.4,2569.199999999999,0.0625,11877,303,BLAa,BLA,144,left,0
11878,11879,3,6317.42,6059.86,2569.199999999999,0.75,11878,303,BLAa,BLA,144,left,0
11879,11880,3,6317.179999999999,6061.7,2568.9400000000005,1.0,11879,303,BLAa,BLA,144,left,0
11880,11881,3,6318.099999999999,6063.339999999999,2569.32,1.33203125,11880,303,BLAa,BLA,144,left,0
11881,11882,3,6317.68,6064.84,2570.3599999999988,1.08203125,11881,303,BLAa,BLA,144,left,0
11882,11883,3,6318.0,6066.74,2571.040000000001,1.0,11882,303,BLAa,BLA,144,left,0
11883,11884,3,6319.120000000001,6068.28,2571.2000000000007,0.75,11883,303,BLAa,BLA,144,left,0
11884,11885,3,6319.46,6069.539999999999,2572.0200000000004,0.83203125,11884,303,BLAa,BLA,144,left,0
11885,11886,3,6318.540000000001,6071.42,2572.6399999999994,0.5,11885,303,BLAa,BLA,144,left,0
11886,11887,3,6317.84,6072.86,2573.6000000000004,1.16796875,11886,303,BLAa,BLA,144,left,0
11887,11888,3,6316.98,6074.66,2574.5,1.75,11887,303,BLAa,BLA,144,left,0
11888,11889,3,6316.599999999999,6075.460000000001,2576.48,0.58203125,11888,303,BLAa,BLA,144,left,0
11889,11890,3,6315.44,6077.820000000001,2577.32,1.0,11889,303,BLAa,BLA,144,left,0
11890,11891,3,6314.539999999999,6079.679999999999,2578.7800000000007,0.58203125,11890,303,BLAa,BLA,144,left,0
11891,11892,3,6314.120000000001,6080.54,2580.32,1.0,11891,303,BLAa,BLA,144,left,0
11892,11893,3,6314.880000000001,6081.4800000000005,2581.459999999999,0.91796875,11892,303,BLAa,BLA,144,left,0
11893,11894,3,6316.4400000000005,6082.619999999999,2581.74,0.75,11893,303,BLAa,BLA,144,left,0
11894,11895,3,6315.639999999999,6085.76,2581.24,1.0,11894,303,BLAa,BLA,144,left,0
11895,11896,3,6314.56,6087.960000000001,2581.0200000000004,1.0,11895,303,BLAa,BLA,144,left,0
11896,11897,3,6314.400000000001,6089.679999999999,2581.7800000000007,1.0,11896,303,BLAa,BLA,144,left,0
11897,11898,3,6315.38,6091.12,2582.619999999999,0.5,11897,303,BLAa,BLA,144,left,0
11898,11899,3,6314.679999999999,6093.339999999999,2583.540000000001,1.08203125,11898,303,BLAa,BLA,144,left,0
11899,11900,3,6313.66,6095.4,2584.74,0.66796875,11899,303,BLAa,BLA,144,left,0
11900,11901,3,6312.72,6097.34,2585.6399999999994,0.91796875,11900,303,BLAa,BLA,144,left,0
11901,11902,3,6312.74,6098.48,2586.7800000000007,1.16796875,11901,303,BLAa,BLA,144,left,0
11902,11903,3,6313.62,6099.84,2587.3,1.33203125,11902,303,BLAa,BLA,144,left,0
11903,11904,3,6315.16,6100.96,2588.24,0.58203125,11903,303,BLAa,BLA,144,left,0
11904,11905,3,6315.68,6102.5,2588.300000000001,1.0,11904,303,BLAa,BLA,144,left,0
11905,11906,3,6317.58,6103.28,2588.540000000001,0.08203125,11905,303,BLAa,BLA,144,left,0
11906,11907,3,6318.42,6104.96,2588.48,1.0,11906,303,BLAa,BLA,144,left,0
11907,11908,3,6317.54,6107.1,2588.0999999999985,0.83203125,11907,303,BLAa,BLA,144,left,0
11908,11909,3,6317.66,6109.34,2587.82,1.0,11908,303,BLAa,BLA,144,left,0
11909,11910,3,6319.139999999999,6111.2,2587.08,0.5,11909,303,BLAa,BLA,144,left,0
11910,11911,3,6320.92,6112.64,2586.82,0.5,11910,303,BLAa,BLA,144,left,0
11911,11912,3,6321.1,6114.539999999999,2587.5599999999995,0.83203125,11911,303,BLAa,BLA,144,left,0
11912,11913,3,6321.0,6116.54,2588.16,0.83203125,11912,303,BLAa,BLA,144,left,0
11913,11914,3,6319.86,6119.2,2589.16,1.41796875,11913,303,BLAa,BLA,144,left,0
11914,11915,3,6318.88,6121.24,2590.220000000001,0.75,11914,303,BLAa,BLA,144,left,0
11915,11916,3,6318.200000000001,6123.56,2590.34,0.5,11915,303,BLAa,BLA,144,left,0
11916,11917,3,6319.400000000001,6124.84,2591.66,1.0,11916,303,BLAa,BLA,144,left,0
11917,11918,3,6321.52,6126.54,2593.619999999999,0.91796875,11917,303,BLAa,BLA,144,left,0
11918,11919,3,6321.88,6128.099999999999,2595.0599999999995,0.5,11918,303,BLAa,BLA,144,left,0
11919,11920,3,6323.6,6129.64,2595.539999999999,0.66796875,11919,303,BLAa,BLA,144,left,0
11920,11921,3,6323.74,6131.08,2596.0,0.5,11920,303,BLAa,BLA,144,left,0
11921,11922,3,6322.780000000001,6133.06,2596.8,1.0,11921,303,BLAa,BLA,144,left,0
11922,11923,3,6321.38,6135.96,2597.9,1.0,11922,303,BLAa,BLA,144,left,0
11923,11924,3,6320.66,6137.4400000000005,2599.1000000000004,1.16796875,11923,303,BLAa,BLA,144,left,0
11924,11925,3,6319.9800000000005,6138.86,2600.119999999999,0.5,11924,303,BLAa,BLA,144,left,0
11925,11926,3,6318.28,6140.08,2600.0,1.0,11925,303,BLAa,BLA,144,left,0
11926,11927,3,6316.78,6140.259999999999,2600.4400000000005,0.91796875,11926,303,BLAa,BLA,144,left,0
11927,11928,3,6315.66,6141.92,2601.620000000001,1.41796875,11927,303,BLAa,BLA,144,left,0
11928,11929,3,6314.78,6141.82,2602.82,1.0,11928,303,BLAa,BLA,144,left,1
11929,11930,3,6343.92,6012.88,2535.24,0.046875,10023,303,BLAa,BLA,145,left,0
11930,11931,3,6342.759999999999,6015.700000000001,2535.4,1.83203125,11930,303,BLAa,BLA,145,left,0
11931,11932,3,6342.52,6018.12,2535.0599999999995,1.0,11931,303,BLAa,BLA,145,left,0
11932,11933,3,6343.06,6020.24,2535.4400000000005,1.0,11932,303,BLAa,BLA,145,left,0
11933,11934,3,6344.04,6021.74,2536.0599999999995,1.0,11933,303,BLAa,BLA,145,left,0
11934,11935,3,6346.0,6024.42,2536.1399999999994,1.0,11934,303,BLAa,BLA,145,left,0
11935,11936,3,6347.5,6025.06,2536.3,1.0,11935,303,BLAa,BLA,145,left,0
11936,11937,3,6347.6,6026.4400000000005,2537.76,0.0546875,11936,303,BLAa,BLA,145,left,0
11937,11938,3,6346.98,6029.0,2538.7800000000007,1.0,11937,303,BLAa,BLA,145,left,0
11938,11939,3,6346.18,6030.66,2539.2800000000007,1.0,11938,303,BLAa,BLA,145,left,0
11939,11940,3,6345.4,6032.3,2539.9400000000005,1.08203125,11939,303,BLAa,BLA,145,left,0
11940,11941,3,6345.52,6034.26,2540.0,0.58203125,11940,303,BLAa,BLA,145,left,0
11941,11942,3,6346.38,6035.44,2540.7000000000007,0.91796875,11941,303,BLAa,BLA,145,left,0
11942,11943,3,6345.66,6037.759999999999,2541.5200000000004,0.5,11942,303,BLAa,BLA,145,left,0
11943,11944,3,6345.62,6039.56,2541.960000000001,0.66796875,11943,303,BLAa,BLA,145,left,0
11944,11945,3,6345.02,6041.54,2542.720000000001,1.0,11944,303,BLAa,BLA,145,left,0
11945,11946,3,6344.08,6043.5,2543.22,0.5,11945,303,BLAa,BLA,145,left,0
11946,11947,3,6342.68,6046.4,2543.5599999999995,1.0,11946,303,BLAa,BLA,145,left,0
11947,11948,3,6341.76,6048.28,2543.9,1.33203125,11947,303,BLAa,BLA,145,left,0
11948,11949,3,6341.68,6050.78,2543.6399999999994,0.91796875,11948,303,BLAa,BLA,145,left,0
11949,11950,3,6342.42,6052.08,2544.040000000001,1.08203125,11949,303,BLAa,BLA,145,left,0
11950,11951,3,6342.32,6052.799999999999,2545.42,1.16796875,11950,303,BLAa,BLA,145,left,0
11951,11952,3,6341.34,6054.8,2545.66,1.0,11951,303,BLAa,BLA,145,left,0
11952,11953,3,6340.56,6056.900000000001,2545.2800000000007,1.0,11952,303,BLAa,BLA,145,left,0
11953,11954,3,6340.44,6059.18,2545.32,0.75,11953,303,BLAa,BLA,145,left,0
11954,11955,3,6340.0,6061.06,2546.58,0.91796875,11954,303,BLAa,BLA,145,left,0
11955,11956,3,6340.96,6063.62,2547.08,1.0,11955,303,BLAa,BLA,145,left,0
11956,11957,3,6341.14,6065.259999999999,2547.119999999999,0.91796875,11956,303,BLAa,BLA,145,left,0
11957,11958,3,6341.58,6065.639999999999,2548.22,1.16796875,11957,303,BLAa,BLA,145,left,0
11958,11959,3,6339.400000000001,6070.14,2547.32,0.01171875,11958,303,BLAa,BLA,145,left,0
11959,11960,3,6338.68,6073.16,2547.6000000000004,0.5,11959,303,BLAa,BLA,145,left,0
11960,11961,3,6339.42,6075.1,2548.5599999999995,1.16796875,11960,303,BLAa,BLA,145,left,0
11961,11962,3,6338.379999999999,6077.94,2548.7800000000007,1.0,11961,303,BLAa,BLA,145,left,0
11962,11963,3,6337.219999999999,6080.34,2548.42,0.91796875,11962,303,BLAa,BLA,145,left,0
11963,11964,3,6336.12,6082.64,2548.74,0.75,11963,303,BLAa,BLA,145,left,0
11964,11965,3,6334.400000000001,6086.18,2548.9400000000005,1.08203125,11964,303,BLAa,BLA,145,left,0
11965,11966,3,6333.32,6088.46,2549.199999999999,0.91796875,11965,303,BLAa,BLA,145,left,0
11966,11967,3,6332.039999999999,6091.1,2548.76,1.0,11966,303,BLAa,BLA,145,left,0
11967,11968,3,6332.6,6093.58,2548.5599999999995,1.0,11967,303,BLAa,BLA,145,left,0
11968,11969,3,6334.160000000001,6095.460000000001,2548.58,1.0,11968,303,BLAa,BLA,145,left,0
11969,11970,3,6334.44,6097.66,2549.16,0.83203125,11969,303,BLAa,BLA,145,left,0
11970,11971,3,6334.08,6099.9800000000005,2549.4399999999987,1.0,11970,303,BLAa,BLA,145,left,0
11971,11972,3,6333.62,6102.14,2550.4,1.0,11971,303,BLAa,BLA,145,left,0
11972,11973,3,6332.42,6104.64,2551.08,1.08203125,11972,303,BLAa,BLA,145,left,0
11973,11974,3,6331.72,6106.08,2551.9399999999987,0.12109375,11973,303,BLAa,BLA,145,left,0
11974,11975,3,6331.08,6108.200000000001,2551.8,1.25,11974,303,BLAa,BLA,145,left,0
11975,11976,3,6332.179999999999,6109.46,2552.619999999999,0.75,11975,303,BLAa,BLA,145,left,0
11976,11977,3,6334.539999999999,6110.52,2553.76,0.5,11976,303,BLAa,BLA,145,left,0
11977,11978,3,6335.54,6112.08,2554.460000000001,0.66796875,11977,303,BLAa,BLA,145,left,0
11978,11979,3,6337.46,6114.38,2554.74,0.91796875,11978,303,BLAa,BLA,145,left,0
11979,11980,3,6338.22,6115.52,2556.040000000001,1.0,11979,303,BLAa,BLA,145,left,0
11980,11981,3,6337.960000000001,6116.06,2558.34,1.75,11980,303,BLAa,BLA,145,left,0
11981,11982,3,6338.5,6116.68,2561.08,0.66796875,11981,303,BLAa,BLA,145,left,0
11982,11983,3,6338.959999999999,6117.88,2562.720000000001,0.91796875,11982,303,BLAa,BLA,145,left,0
11983,11984,3,6340.2,6119.66,2563.4,0.91796875,11983,303,BLAa,BLA,145,left,0
11984,11985,3,6342.06,6121.18,2563.5200000000004,1.0,11984,303,BLAa,BLA,145,left,0
11985,11986,3,6343.360000000001,6122.54,2563.72,0.83203125,11985,303,BLAa,BLA,145,left,0
11986,11987,3,6344.0,6123.6,2564.619999999999,0.83203125,11986,303,BLAa,BLA,145,left,0
11987,11988,3,6343.04,6125.58,2565.32,1.0,11987,303,BLAa,BLA,145,left,0
11988,11989,3,6342.1,6127.52,2566.8600000000006,0.75,11988,303,BLAa,BLA,145,left,0
11989,11990,3,6341.26,6129.299999999999,2567.66,1.0,11989,303,BLAa,BLA,145,left,0
11990,11991,3,6340.78,6130.280000000001,2569.120000000001,0.91796875,11990,303,BLAa,BLA,145,left,0
11991,11992,3,6340.4,6131.040000000001,2571.24,0.75,11991,303,BLAa,BLA,145,left,0
11992,11993,3,6339.740000000001,6132.42,2572.540000000001,0.75,11992,303,BLAa,BLA,145,left,0
11993,11994,3,6339.160000000001,6133.62,2573.82,1.08203125,11993,303,BLAa,BLA,145,left,0
11994,11995,3,6338.719999999999,6134.5,2575.620000000001,1.16796875,11994,303,BLAa,BLA,145,left,0
11995,11996,3,6338.08,6135.82,2577.5,0.66796875,11995,303,BLAa,BLA,145,left,0
11996,11997,3,6337.960000000001,6136.06,2579.84,1.0,11996,303,BLAa,BLA,145,left,0
11997,11998,3,6338.62,6136.660000000001,2581.6000000000004,0.58203125,11997,303,BLAa,BLA,145,left,0
11998,11999,3,6340.0,6138.139999999999,2581.7800000000007,0.91796875,11998,303,BLAa,BLA,145,left,0
11999,12000,3,6342.34,6139.92,2583.4400000000005,0.01953125,11999,303,BLAa,BLA,145,left,0
12000,12001,3,6343.4400000000005,6141.08,2584.379999999999,0.5,12000,303,BLAa,BLA,145,left,1
